origin_id;destination_id;mode;departure_at;status;duration_seconds;duration_minutes;distance_m;provider_status;request_sha256;response_sha256;fetched_at;cache_hit
LOC-0002;LOC-0002;BICYCLE;2026-08-17T07:00:00+03:00;OK;0;0;0;LOCAL_VALHALLA_MATRIX;17175870adf11db1526d77e72dcea16a91d66f4d68d26e5acc6ed07d3e3664a0;3d5812abc84c11768aa73a732c85d75dbed439188f5bb3239e9b762ea31d9862;2026-09-28T19:47:05.797752+00:00;false
LOC-0002;LOC-0008;BICYCLE;2026-08-17T07:00:00+03:00;OK;1688;29;8043;LOCAL_VALHALLA_MATRIX;cd5baf0311ccb92b596a57fb355dfdd03e93f1b0cb27ddd4206e27f9fd3003ac;19d854b4b79753021b81f2baf603643051a89e34c29ac0be197b2ddccde6654f;2026-09-28T19:47:05.797752+00:00;false
LOC-0002;LOC-0009;BICYCLE;2026-08-17T07:00:00+03:00;OK;2833;48;13595;LOCAL_VALHALLA_MATRIX;75657e18cbc5a0b964223a8d5d6f897c328943c2bf0ccc843bd807a8be770194;e28325ab013fc25137988544cd59a56c7f84c93be26de1ac3c8b7a5b0993aa36;2026-09-28T19:47:05.797752+00:00;false
LOC-0002;LOC-0010;BICYCLE;2026-08-17T07:00:00+03:00;OK;1727;29;8178;LOCAL_VALHALLA_MATRIX;571c8617b24cb07e44c5ae475b768cc5eac63b6dd6e2f9a94e56d300b1f75bd8;ee9045c8f5a794ec27afe188c562aedd8053e5fdd7af927c7d33724cb5d36c86;2026-09-28T19:47:05.797752+00:00;false
LOC-0002;LOC-0011;BICYCLE;2026-08-17T07:00:00+03:00;OK;1644;28;7863;LOCAL_VALHALLA_MATRIX;cf49cff466b309726666ec7a200de29bd97d86697c391466196138549ac17294;2ade4264b3de6418cb73b74d5f83e9db4ed01cb7f9c1975e7d4a2c0b5fea6567;2026-09-28T19:47:05.797752+00:00;false
LOC-0002;LOC-0012;BICYCLE;2026-08-17T07:00:00+03:00;OK;1388;24;6600;LOCAL_VALHALLA_MATRIX;edb0e371886e7d6f23fe8029ee162da8ce3bad5f3a5d65359f70535c7163363a;0fc4750fec3bcddfb96dc74952c62b6f441451a661c99d18f8d0f4060bb7a28e;2026-09-28T19:47:05.797752+00:00;false
LOC-0002;LOC-0013;BICYCLE;2026-08-17T07:00:00+03:00;OK;323;6;1486;LOCAL_VALHALLA_MATRIX;347ae287f2e37d677d88ef9113e6bce4fdfdbcd2201b2acfcced84b6d5d9733a;377f33c732f76468e49810719ea998540184fb9ae5034acfe35391126e555825;2026-09-28T19:47:05.797752+00:00;false
LOC-0002;LOC-0016;BICYCLE;2026-08-17T07:00:00+03:00;OK;1187;20;5678;LOCAL_VALHALLA_MATRIX;2affac7b631d4fc65ebf31ad80b422c8fd38fbc0082e85445c059506cd255470;e16032d5d86e8ccb1e01d07d3c439999b1a334894c0685919e29481622f61115;2026-09-28T19:47:05.797752+00:00;false
LOC-0002;LOC-0017;BICYCLE;2026-08-17T07:00:00+03:00;OK;2361;40;11390;LOCAL_VALHALLA_MATRIX;0e4f4d23d2a590d0c84030106d7651019151ee6e0511c12164b1876c14f0b3ee;7329803fbe4c0352b1c38b265699e67deffc83abb0a04ecb424825c68c0a7d8a;2026-09-28T19:47:05.797752+00:00;false
LOC-0002;LOC-0018;BICYCLE;2026-08-17T07:00:00+03:00;OK;2161;37;10299;LOCAL_VALHALLA_MATRIX;afca8b45fd7750944f62e5776a1dc51268553908219de856a694522122c90e86;280737dbda1f8783f343b5440506b7203cbdc0c6bb4e00f6365708cddaaa92c4;2026-09-28T19:47:05.797752+00:00;false
LOC-0002;LOC-0019;BICYCLE;2026-08-17T07:00:00+03:00;OK;1768;30;8438;LOCAL_VALHALLA_MATRIX;113b33c7c59a3e918dbaf21bc5f43691c15804bde03bbbe4e2db0832d4ba0be9;98170f59c1ccf09242fb57f83b2246bf80e5fb7b5343f10f0c7b902d4c4f6d31;2026-09-28T19:47:05.797752+00:00;false
LOC-0002;LOC-0020;BICYCLE;2026-08-17T07:00:00+03:00;OK;2025;34;9625;LOCAL_VALHALLA_MATRIX;077751053664a4c008950bc3949be402faa4593fd58b9db87bd96df458bd9dd9;719394ee347951edf7b5be56c7810d85f93b43c8b7bdd2c2138cb3c7beb4df95;2026-09-28T19:47:05.797752+00:00;false
LOC-0002;LOC-0023;BICYCLE;2026-08-17T07:00:00+03:00;OK;1956;33;9350;LOCAL_VALHALLA_MATRIX;b5657759523c04450789f2ed2899f7a089041de212c52b836cd67f5219f50842;561a4e845abaa32e681c9c4b7a67dac833ed3f3cb4be9761095cd8f99f8d2bc0;2026-09-28T19:47:05.797752+00:00;false
LOC-0002;LOC-0027;BICYCLE;2026-08-17T07:00:00+03:00;OK;1689;29;7715;LOCAL_VALHALLA_MATRIX;058078aafe004f5b847128c8ff147e8a268b579970692dd9e2aa85692f4d65c1;88a811e989e09f2adfd4d50df1d6b1d96838c8b776a2a9a5943096c97c8335ed;2026-09-28T19:47:05.797752+00:00;false
LOC-0002;LOC-0028;BICYCLE;2026-08-17T07:00:00+03:00;OK;1478;25;7209;LOCAL_VALHALLA_MATRIX;8a1929c3a8a2caf2e34ed38142bd5fd325bb472c365750d5a693812a827a8f6c;515d187c4b5f4c27ea36cf421a582c2b0ca9102c3cb1b86b5f6e8aaf7999dab0;2026-09-28T19:47:05.797752+00:00;false
LOC-0002;LOC-0029;BICYCLE;2026-08-17T07:00:00+03:00;OK;1403;24;6832;LOCAL_VALHALLA_MATRIX;03f37d793f995229a0b7efe897198b89abc8f8340ed2cb125d12d2075c8f2ab0;a19b9bc2f814bb0dd9b7a7f386092c9062be883fd5dd65bd90d36bde900b1069;2026-09-28T19:47:05.797752+00:00;false
LOC-0002;LOC-0037;BICYCLE;2026-08-17T07:00:00+03:00;OK;516;9;2333;LOCAL_VALHALLA_MATRIX;74d0a4823f00aea4aa0c2aebb391b7bda3bb724496bf54dd339b25b86c2a2fea;11d3cc6e6533c0757d942d8c4279a50142d87bfb3283eb3ef729c040dfdb1083;2026-09-28T19:47:05.797752+00:00;false
LOC-0002;LOC-0045;BICYCLE;2026-08-17T07:00:00+03:00;OK;1720;29;8336;LOCAL_VALHALLA_MATRIX;26fa33d6c17e32238b4c91b868a938d610d437f1c2ded25b603fd531d36b58d6;cf8e1001409591ea0e23f564edcf98a39fd4c67007941d05e11ab83e056c2d15;2026-09-28T19:47:05.797752+00:00;false
LOC-0002;LOC-0053;BICYCLE;2026-08-17T07:00:00+03:00;OK;1156;20;5565;LOCAL_VALHALLA_MATRIX;ae3b510d74c9251163d4fc9800b08dce2deeab9cce8157c607dc4496fabe923b;875422f843109a1cb1169658fee92b9e4c010a7225858b5291c11899e11d8746;2026-09-28T19:47:05.797752+00:00;false
LOC-0002;LOC-0054;BICYCLE;2026-08-17T07:00:00+03:00;OK;857;15;4111;LOCAL_VALHALLA_MATRIX;018512d41346f1aa5d035697a52119bc3b04be711931f6cd59f71f2d7d65dbd9;eda72b4f96256f3a2e9bde76131ca0a685113dcc7b9bfb4a056422d066390271;2026-09-28T19:47:05.797752+00:00;false
LOC-0002;LOC-0061;BICYCLE;2026-08-17T07:00:00+03:00;OK;1425;24;6606;LOCAL_VALHALLA_MATRIX;55ad651fd41f67f6b6b802d0169df9d015f3bf0851355d8ee14d5217e6175fbf;aa85f305920debe7d58ee1234057cf1d5afedf1bfcd5b2406e424ee5c1e26e9b;2026-09-28T19:47:05.797752+00:00;false
LOC-0002;LOC-0063;BICYCLE;2026-08-17T07:00:00+03:00;OK;2067;35;10055;LOCAL_VALHALLA_MATRIX;33d3af25e78f3ec766d598a52cdfdf2cc630711dedee9356d0851cd07fadac7e;d1d6ac30d9497922f7d9d19f7db2aa9be326ff3874697b8a05ee30f1fdc5173f;2026-09-28T19:47:05.797752+00:00;false
LOC-0002;LOC-0064;BICYCLE;2026-08-17T07:00:00+03:00;OK;1705;29;8252;LOCAL_VALHALLA_MATRIX;b679799ac894c51c3405667ae5a633c2ba8a9e3bf12351ca80429b1070fa3f61;6e0dadfc574a99b584daf67d94e5aa28bba654eb4d8bcddfda8f35fce8c6786f;2026-09-28T19:47:05.797752+00:00;false
LOC-0002;LOC-0074;BICYCLE;2026-08-17T07:00:00+03:00;OK;1878;32;8906;LOCAL_VALHALLA_MATRIX;4344d4ca9c816fb525cc5fbf4efd85fd720bdc9b9dfb1dbc940a9728e23a6502;ea3a22adbb90e2a8a3648a82420da140734c214e9e8b93750892a42a2d73b861;2026-09-28T19:47:05.797752+00:00;false
LOC-0002;LOC-0075;BICYCLE;2026-08-17T07:00:00+03:00;OK;2094;35;10059;LOCAL_VALHALLA_MATRIX;6a5c48bf2be3fe422bb756e181e1e8ea5ab8ba53a6503451c64179b44207c72a;e4072fc46cf50afe2283e25f7c31a0ba2a305292a83d0c59f0b69c5865cc4da6;2026-09-28T19:47:05.797752+00:00;false
LOC-0002;LOC-0076;BICYCLE;2026-08-17T07:00:00+03:00;OK;1214;21;5711;LOCAL_VALHALLA_MATRIX;be2cfaa19fc050ea3ae177f6d87b283e147364682a2de7bf9cb434ee217e6756;075e30bd4398af7ec5bbc6ccc9b6648e38a36be7f03b288717e0888a9ea1251c;2026-09-28T19:47:05.797752+00:00;false
LOC-0002;LOC-0078;BICYCLE;2026-08-17T07:00:00+03:00;OK;1508;26;7271;LOCAL_VALHALLA_MATRIX;9b0906583bdccd9ff4f98499a7732f77e98d88ad675d2e8d55f2c8346405ff63;c5a80f4d5ecc369796cf3e0121272bf3781427a91e57fa22449ed8b67ab3bda7;2026-09-28T19:47:05.797752+00:00;false
LOC-0002;LOC-0080;BICYCLE;2026-08-17T07:00:00+03:00;OK;1912;32;9076;LOCAL_VALHALLA_MATRIX;a6ef2bb49e993502e5bf962badcf4b3b9e716c8e491fdb7ed9b16a2519324f80;4cef704285f0c542668a7276f09ca91f53f115397f38ffef93d794c24206b9e6;2026-09-28T19:47:05.797752+00:00;false
LOC-0002;LOC-0082;BICYCLE;2026-08-17T07:00:00+03:00;OK;1705;29;8293;LOCAL_VALHALLA_MATRIX;cfa4cd2f78043d91a6be90093ed7290fc50c65a6abed2a1c5966d7d4478cec61;d354b2512e9570058cab7626f2856dd43c5a81803cb824b8cbf95b4d6191f71d;2026-09-28T19:47:05.797752+00:00;false
LOC-0002;LOC-0085;BICYCLE;2026-08-17T07:00:00+03:00;OK;324;6;1491;LOCAL_VALHALLA_MATRIX;12faac5e9d0fd033284ccc3f352b7db36031f28ae711b2e4bc63081906073395;fd1d3ff0d06c7469a06fa5fd1b27817146417185b281b6ad030da26c0a849b52;2026-09-28T19:47:05.797752+00:00;false
LOC-0002;LOC-0086;BICYCLE;2026-08-17T07:00:00+03:00;OK;370;7;1555;LOCAL_VALHALLA_MATRIX;4449a096eae6a65cd5ca1f77ae71b150898243a24cd8ff9af8506bbb82652fc4;2028880960ed0cca0a2352293ab3a3d0f6efa07703e7241012ec358b7b9a302e;2026-09-28T19:47:05.797752+00:00;false
LOC-0002;LOC-0091;BICYCLE;2026-08-17T07:00:00+03:00;OK;1680;28;7984;LOCAL_VALHALLA_MATRIX;6e58fd118c33823d5c3b90a4659d80362f4b7ca27c9978d0eba3ba160f938fac;ecc386f73708632615c0512c92dbd3b1e9cd9de69d9854a855c4be6829b937a2;2026-09-28T19:47:05.797752+00:00;false
LOC-0002;LOC-0092;BICYCLE;2026-08-17T07:00:00+03:00;OK;1713;29;8135;LOCAL_VALHALLA_MATRIX;5ea729dfbe6cd55fb3b78aa162838d0d790737b8563420214ff510d1dce34b6a;a5c1948a37f05085be301a1c4f4e7229f8a7679047b2b26df91c0b681fbbdf78;2026-09-28T19:47:05.797752+00:00;false
LOC-0002;LOC-0093;BICYCLE;2026-08-17T07:00:00+03:00;OK;1747;30;8136;LOCAL_VALHALLA_MATRIX;97cb0616720d4b7525649401836b60760d04226dabb1cd68df948d80afa76bb7;cee74dd24fd9a70440292b118cefbf3e42eadf50278eeceba44ade2fcadcac39;2026-09-28T19:47:05.797752+00:00;false
LOC-0002;LOC-0094;BICYCLE;2026-08-17T07:00:00+03:00;OK;482;9;2241;LOCAL_VALHALLA_MATRIX;8999c7e629afa8083f8b41a1647aac5c97846012eba0ec024eaf4898afcc36b3;575e1db6a38d3ae9c07a578849c478464e3326876ced186941d68b2eb1239730;2026-09-28T19:47:05.797752+00:00;false
LOC-0002;LOC-0095;BICYCLE;2026-08-17T07:00:00+03:00;OK;661;12;3059;LOCAL_VALHALLA_MATRIX;a9836bdebf3fed773a2d7ec156cc13a36104bd209f3cdbf3959ebdd8862db504;55fad2c1f58e6ba78406ef6662c1c1b3412328cbfe1c823ded5f59d1491117e2;2026-09-28T19:47:05.797752+00:00;false
LOC-0002;LOC-0102;BICYCLE;2026-08-17T07:00:00+03:00;OK;1866;32;9070;LOCAL_VALHALLA_MATRIX;67ea40507365a15c3fdc941bcba7a4e9e00efcdad630bc97ae98f5213d46ef7b;df642dc5687ae0e71fed06da36d5dc60db93613dccad1e20fa6e491bb4b8edff;2026-09-28T19:47:05.797752+00:00;false
LOC-0002;LOC-0112;BICYCLE;2026-08-17T07:00:00+03:00;OK;1570;27;7513;LOCAL_VALHALLA_MATRIX;0a66f047b44942d416beebb3ffdbe4e448b15011070dac76acf226dc2dd81d56;ece5577ffc1422d904dfb90cbe8af0a6182ce2f5277d89927f595da84e176c8d;2026-09-28T19:47:05.797752+00:00;false
LOC-0002;LOC-0124;BICYCLE;2026-08-17T07:00:00+03:00;OK;2697;45;12936;LOCAL_VALHALLA_MATRIX;9c0f5c0c5e171b966c80c3ea09eafc1cef3a231a8a30204fd5fc14fd3ed89e2c;1fb7299cb013b09cdd07e125fbc7be18ed1ddc2a5942e07a3bb5f5b6a4a216c4;2026-09-28T19:47:05.797752+00:00;false
LOC-0002;LOC-0125;BICYCLE;2026-08-17T07:00:00+03:00;OK;2162;37;10245;LOCAL_VALHALLA_MATRIX;1e2f4d0e152126ca91a0fc2ce012f8251f7631783b2bd4923b2028d69b5b7546;cd10caf8d2565ac4fa1b056cccfb146d0b5874d1ffd1469a79090b5e364bb21a;2026-09-28T19:47:05.797752+00:00;false
LOC-0002;LOC-0126;BICYCLE;2026-08-17T07:00:00+03:00;OK;1526;26;7242;LOCAL_VALHALLA_MATRIX;8c5d666f66697d5060db2899fc15230577fc6f682dc564f79ed5730ff3c7d090;21eef49edbaed4e812a6747213979a2fd21cc6dc47a61bf161e8171972d912ab;2026-09-28T19:47:05.797752+00:00;false
LOC-0002;LOC-0128;BICYCLE;2026-08-17T07:00:00+03:00;OK;562;10;2520;LOCAL_VALHALLA_MATRIX;4d9be54b7b52831e48fcf98dba7e868969ccf7abdaa4de4a9f9abcbc2725dca5;568e62ab6d35c1b4cf8ac263949d80002e34cedb017ae01f94246b61642197c7;2026-09-28T19:47:05.797752+00:00;false
LOC-0002;LOC-0134;BICYCLE;2026-08-17T07:00:00+03:00;OK;137;3;617;LOCAL_VALHALLA_MATRIX;7a3f78d50075fd82a194aa8730bafc2f9081a19e1452f9a8b21f5c88210ff8bf;5caf2ed8c255e18c9b099813b1bd4c8a32d3b6304c00612fd5cb2394f54a943f;2026-09-28T19:47:05.797752+00:00;false
LOC-0002;LOC-0135;BICYCLE;2026-08-17T07:00:00+03:00;OK;190;4;869;LOCAL_VALHALLA_MATRIX;9d1370e31e8e12f6df7cf5e4678e60f8c4ce5a3d080a5b4f58ececec486b6011;3518689e0523537e449a979ea05a58c97f94e66d28dce318c1cfef9f01d0ccb3;2026-09-28T19:47:05.797752+00:00;false
LOC-0002;LOC-0136;BICYCLE;2026-08-17T07:00:00+03:00;OK;258;5;1181;LOCAL_VALHALLA_MATRIX;edc87ad485cde693a1773e4d6a1d0d8581b19fcc93e5ef860f651e49641402b6;6b93752e717fe385f5582cc90911003c4dc5d2577a0570ce0f63c080379ee358;2026-09-28T19:47:05.797752+00:00;false
LOC-0002;LOC-0140;BICYCLE;2026-08-17T07:00:00+03:00;OK;887;15;4241;LOCAL_VALHALLA_MATRIX;0c93e2315e92a3f3c8e5d7f78b3490bc53333028e17c121cf84865c7cb360d66;cda5d741d04fc2ee0dbec31ddee124e6d9e4a7036dccd735a7988c22cb1a4edb;2026-09-28T19:47:05.797752+00:00;false
LOC-0002;LOC-0141;BICYCLE;2026-08-17T07:00:00+03:00;OK;2888;49;13727;LOCAL_VALHALLA_MATRIX;bbcdd18e53dc4e2c4f736e799547e10f0b2d202563c813c33f25163275557d65;2139f3cca4dd3907a23fa519f5946936417f523562d633ced49723a7a0ac2c5c;2026-09-28T19:47:05.797752+00:00;false
LOC-0002;LOC-0142;BICYCLE;2026-08-17T07:00:00+03:00;OK;2980;50;14164;LOCAL_VALHALLA_MATRIX;d75a921037e36f7a09bd9232b066391335f0fbc5c6f01c010866b725e83c38b7;401a58fb241d430457c08cf4d3b773b97e5e04c8f9f556d8c37bf50aca98fbb8;2026-09-28T19:47:05.797752+00:00;false
LOC-0002;LOC-0145;BICYCLE;2026-08-17T07:00:00+03:00;OK;2005;34;9517;LOCAL_VALHALLA_MATRIX;55624654b807a28ff69994d97d530aff992dc3654a6f905ecd5bc17234f74588;b530213a761f5b999b4e176fcbc07e0f1de7f8888cbea979e6e699454c0bb4fd;2026-09-28T19:47:05.797752+00:00;false
LOC-0002;LOC-0148;BICYCLE;2026-08-17T07:00:00+03:00;OK;2127;36;10283;LOCAL_VALHALLA_MATRIX;86fd567a5c301f1ad10a2b511276e91b965fceef368ff3faae5eddbbe3f923cc;01717e1e58c40235c558faec857cb23271e14058fefdb7402ec83dd434639315;2026-09-28T19:47:05.797752+00:00;false
LOC-0002;LOC-0149;BICYCLE;2026-08-17T07:00:00+03:00;OK;2035;34;9824;LOCAL_VALHALLA_MATRIX;8c2082666f987bc82de44a97671ce86293f137b3f5d76bc83b1541b97dddadd2;63d9c55b6d1b3a072206b85b49f3c6391600280a420fd03bff3150aff6d2401c;2026-09-28T19:47:05.797752+00:00;false
LOC-0002;LOC-0150;BICYCLE;2026-08-17T07:00:00+03:00;OK;2000;34;9639;LOCAL_VALHALLA_MATRIX;15682fcfdade8e4b6f2ddabbff108a32993cc016ef27fbbd3ab52d6045fd1c64;c1fa67e11e34f907e9b74d88913573b603dd0c08925b576c68b44e6d41c4e53b;2026-09-28T19:47:05.797752+00:00;false
LOC-0002;LOC-0151;BICYCLE;2026-08-17T07:00:00+03:00;OK;2215;37;10688;LOCAL_VALHALLA_MATRIX;c9950e117aaad8fc7cd7135611642ae41564b279b1665d82ee647f0539a13db4;3233e670705683c4b7bbe14d0c371cb942ab0e9c937c7639a8efa1950e3c028d;2026-09-28T19:47:05.797752+00:00;false
LOC-0002;LOC-0152;BICYCLE;2026-08-17T07:00:00+03:00;OK;2216;37;10680;LOCAL_VALHALLA_MATRIX;2a1b7ccaedc0fe135f194e8381de933de46f98e99d099b849b95a82d22108699;2af658a2e0d797e3785e1267078ab0417b08640ca599fd7ceededf839112e5d0;2026-09-28T19:47:05.797752+00:00;false
LOC-0002;LOC-0190;BICYCLE;2026-08-17T07:00:00+03:00;OK;1304;22;6257;LOCAL_VALHALLA_MATRIX;584fea81385db8d8d05f75ca22f874522486ebd5f7565ff9f67dc0671bb19509;c7020c0cba944588b23e3f57423d1f545fb6a01a4459e10acd32ca0ab6b7bf3d;2026-09-28T19:47:05.797752+00:00;false
LOC-0002;LOC-0196;BICYCLE;2026-08-17T07:00:00+03:00;OK;2626;44;12434;LOCAL_VALHALLA_MATRIX;f0846dd5c185293cd10bcace7361deb60b8d522aa1ce52ffe019a67fe0aea6d8;4e638e0b9d4f5fc004c7c8722adf6d0e7edfa94fd3c23db9abfdd9d81e4b0dfe;2026-09-28T19:47:05.797752+00:00;false
LOC-0008;LOC-0002;BICYCLE;2026-08-17T07:00:00+03:00;OK;1533;26;7328;LOCAL_VALHALLA_MATRIX;dd07c805b53fcf149d153fbf7a5f5a6dd46d63471705ab3352b1823e84751e90;e1ab6fefd09531cd3d54e1bdd741b618c1cdd35e431d25fd35f460c98412f258;2026-09-28T19:47:05.797752+00:00;false
LOC-0008;LOC-0008;BICYCLE;2026-08-17T07:00:00+03:00;OK;0;0;0;LOCAL_VALHALLA_MATRIX;4816bc7e0904e98ddcb9ff8a255b7994d71b7af24f6e6197c8088264feed840a;3d5812abc84c11768aa73a732c85d75dbed439188f5bb3239e9b762ea31d9862;2026-09-28T19:47:05.797752+00:00;false
LOC-0008;LOC-0009;BICYCLE;2026-08-17T07:00:00+03:00;OK;3198;54;15046;LOCAL_VALHALLA_MATRIX;a71f6e3dc45138fef60f5927e3b10168c5aceb7acce38a37476f429fa4d41828;f89338c44011518a3e4b9051c827d2f55202bac88a8082289c63475e3a931d30;2026-09-28T19:47:05.797752+00:00;false
LOC-0008;LOC-0010;BICYCLE;2026-08-17T07:00:00+03:00;OK;337;6;1532;LOCAL_VALHALLA_MATRIX;93a83671be41d8c3ff79c6b0bb1a99815f40ec6b7366e00590312b60978ce107;4f41586b55fbdcdbcabdbefa73fa6f59957f3e2f4f03b6002c9c11b7abaff933;2026-09-28T19:47:05.797752+00:00;false
LOC-0008;LOC-0011;BICYCLE;2026-08-17T07:00:00+03:00;OK;233;4;1077;LOCAL_VALHALLA_MATRIX;ad2b86714c46e8a1f2d1b804e06ae277f8dc81b6da936d935357262238a036df;59c38fd9f1377a952762254bc82a63dd42979d49016084dcc4329b8a812f0e8b;2026-09-28T19:47:05.797752+00:00;false
LOC-0008;LOC-0012;BICYCLE;2026-08-17T07:00:00+03:00;OK;205;4;929;LOCAL_VALHALLA_MATRIX;16aa40c1a73f2bfb9d681f3afc2434dc75555ac79af86e92b6f8875162c1fef7;4852fce5f665f340349443246aaf9a819656c2a4275e963a6051758ae2423dce;2026-09-28T19:47:05.797752+00:00;false
LOC-0008;LOC-0013;BICYCLE;2026-08-17T07:00:00+03:00;OK;1837;31;8848;LOCAL_VALHALLA_MATRIX;c10f5c81c0788bea9529616bf35803bdffacbb9ed34a68db27dde940cc1ea5d4;a4c12accde8b589499c7be4054a2162e8eb115632838ddaeed32444f2ebbab39;2026-09-28T19:47:05.797752+00:00;false
LOC-0008;LOC-0016;BICYCLE;2026-08-17T07:00:00+03:00;OK;2513;42;12138;LOCAL_VALHALLA_MATRIX;2751899bea12e91fd54cb5f2029a82eff920e82924556b0ddd18999c547315aa;5e91f8d0a32896fc816b07bd82eca685d6ac7a34e22f64862ec8fc9b00bb9b30;2026-09-28T19:47:05.797752+00:00;false
LOC-0008;LOC-0017;BICYCLE;2026-08-17T07:00:00+03:00;OK;1483;25;7044;LOCAL_VALHALLA_MATRIX;50b4f4ab30a91a58ce844eb0e739be7e0f2216ced87806eec1903722f13ea663;dd4b63c0d76efb370a258c792dae82b8f3eecbf143395b69e3b7773c4e95948e;2026-09-28T19:47:05.797752+00:00;false
LOC-0008;LOC-0018;BICYCLE;2026-08-17T07:00:00+03:00;OK;1444;25;6852;LOCAL_VALHALLA_MATRIX;fe6312f5dc72ed3d668ee32d5a890822a248c9c661d4297349b886026b1c0d44;31da2b7df613895e7633c07507a269b1b2e02b30b20c966e9842d090e4256f75;2026-09-28T19:47:05.797752+00:00;false
LOC-0008;LOC-0019;BICYCLE;2026-08-17T07:00:00+03:00;OK;331;6;1548;LOCAL_VALHALLA_MATRIX;36dee24e1ebc1227bf5194f1c40cca1d8a1b5c318bd05104966502772a920dbf;3e97e47483432fa6c223af2cbd9a47f58bb5fafdd340ce8190fd2a47c4d8ee70;2026-09-28T19:47:05.797752+00:00;false
LOC-0008;LOC-0020;BICYCLE;2026-08-17T07:00:00+03:00;OK;741;13;3482;LOCAL_VALHALLA_MATRIX;e02fe20c55bdff6982290b0b5656e0667d13f509704efc8e0c957015100e8b8d;5c115f53150743e91681d5c250d0f7afc860d5f4b8a93c808ad564e230098e95;2026-09-28T19:47:05.797752+00:00;false
LOC-0008;LOC-0023;BICYCLE;2026-08-17T07:00:00+03:00;OK;1205;21;5656;LOCAL_VALHALLA_MATRIX;cae2dfea9d273139ff248294d3703c941928f2a32e456ec27d10c5ce8f82f73f;51ee444f0b85ee97b1ed1402c6512f8f0bbda3ba7e9bab8cf369feefec3c2623;2026-09-28T19:47:05.797752+00:00;false
LOC-0008;LOC-0027;BICYCLE;2026-08-17T07:00:00+03:00;OK;1325;23;6297;LOCAL_VALHALLA_MATRIX;a82efe3e95852a6c5040126689385b77a0f95f612040636f0e1633a2e2e7c25d;1cdd2c0ca168cb38c1a5850aced9bac085e9d6ecb4a7f0af52d864898d4f5aaf;2026-09-28T19:47:05.797752+00:00;false
LOC-0008;LOC-0028;BICYCLE;2026-08-17T07:00:00+03:00;OK;2026;34;9768;LOCAL_VALHALLA_MATRIX;62a00a9223efa33e369c060e80eb4bad2220281a8a7c15c998e29d0f21a972cd;d54cd7acd0bff2a55c083ba43ad4056a1cc76acc353d35090ae595b30ce5c549;2026-09-28T19:47:05.797752+00:00;false
LOC-0008;LOC-0029;BICYCLE;2026-08-17T07:00:00+03:00;OK;1951;33;9391;LOCAL_VALHALLA_MATRIX;22a871c4d15efdc383c8a8fb99f2fce6aad35ea33f0816047287a1699988e75a;275e297b903b7b2ea70ba8d8f8a8c166e69e85c2be05e10ead7ab9492557e376;2026-09-28T19:47:05.797752+00:00;false
LOC-0008;LOC-0037;BICYCLE;2026-08-17T07:00:00+03:00;OK;1075;18;5153;LOCAL_VALHALLA_MATRIX;0ae9be5241ecf08159795e5d4a4ef1bb8da44bafae30458304baf985d615febb;89ded97835c5d567ff5129f53c00ff440b39860d9464ea818def78dd2a95df65;2026-09-28T19:47:05.797752+00:00;false
LOC-0008;LOC-0045;BICYCLE;2026-08-17T07:00:00+03:00;OK;1750;30;8373;LOCAL_VALHALLA_MATRIX;157b4cb3fe2bbf93b2172296b2a37419781c4d40b6d3304483902be7bd154a2a;e9203a002930018b587d65d58cc11e5c7daf64844957861ce9d515338b899ab8;2026-09-28T19:47:05.797752+00:00;false
LOC-0008;LOC-0053;BICYCLE;2026-08-17T07:00:00+03:00;OK;2232;38;10863;LOCAL_VALHALLA_MATRIX;653b118e40fe0873ec31014ce3f31cd5f9ea2d27a901e49fae61de7f4a028e51;c78bd01b2bc0b7903ec90d836fb5f0deda0d7de0beb8c666276180b98e97e559;2026-09-28T19:47:05.797752+00:00;false
LOC-0008;LOC-0054;BICYCLE;2026-08-17T07:00:00+03:00;OK;982;17;4713;LOCAL_VALHALLA_MATRIX;245cd32c50cacbde7ef131b1ef92eee2eb3766a18e8763fea4f78b8191ba5fc7;5d4e4706bb583516dab0058c85226a8f3af87e59697c2ad737f0dc54cf856b16;2026-09-28T19:47:05.797752+00:00;false
LOC-0008;LOC-0061;BICYCLE;2026-08-17T07:00:00+03:00;OK;337;6;1389;LOCAL_VALHALLA_MATRIX;380c6571083f20ab15bf38117982463801b8c24e402534c4d51fdf2c68ba31bf;7d5b29097561c72dfdf4a7d113562025f0c5168282ede150bf9580288f62d66a;2026-09-28T19:47:05.797752+00:00;false
LOC-0008;LOC-0063;BICYCLE;2026-08-17T07:00:00+03:00;OK;2244;38;10641;LOCAL_VALHALLA_MATRIX;35651023cced1482f9ce46c48038e52f8e1e51ecaab034b4402510c72e421f7c;5671e6a070d3e527e2db3b01898aceb86aab21d476c9c5bdac9d79439c9a35d8;2026-09-28T19:47:05.797752+00:00;false
LOC-0008;LOC-0064;BICYCLE;2026-08-17T07:00:00+03:00;OK;2085;35;9944;LOCAL_VALHALLA_MATRIX;8570df0aeb89ec8f546cc65f4566d4ca52841f417d8826c605b4dd6d2339e986;3b1c494eb128d0722f6fafcc002c569ddee22ede3a5091f61024d0ad25c6a633;2026-09-28T19:47:05.797752+00:00;false
LOC-0008;LOC-0074;BICYCLE;2026-08-17T07:00:00+03:00;OK;1161;20;5459;LOCAL_VALHALLA_MATRIX;b6ea1ad9273302a8314510eca2a7d4749c672307abc3fdd9c107594b39beb3aa;beaef3b6593ca97dc2664e448a0aa683c51075f26605075c02ae00936eb5d721;2026-09-28T19:47:05.797752+00:00;false
LOC-0008;LOC-0075;BICYCLE;2026-08-17T07:00:00+03:00;OK;1326;23;6213;LOCAL_VALHALLA_MATRIX;a94c35dd8e4d0facb4af930630b5aa07012f441d4984f52c4443e618b2572c77;52a27ee38b0c8305998070b3f35c972c08750520159d01a69501c6d3c4b17837;2026-09-28T19:47:05.797752+00:00;false
LOC-0008;LOC-0076;BICYCLE;2026-08-17T07:00:00+03:00;OK;2289;39;11009;LOCAL_VALHALLA_MATRIX;e9390a4549d27d73ee183622bd672398419bcefa1c493197a6c6d6bcbd11fc03;803df7b30bda7da41765c4db6a0e8ba7d39d85b9c57f2c41339e5edda9dbc807;2026-09-28T19:47:05.797752+00:00;false
LOC-0008;LOC-0078;BICYCLE;2026-08-17T07:00:00+03:00;OK;1866;32;8913;LOCAL_VALHALLA_MATRIX;64073ee639fce7001388def5c929a4af49f60300ff705482c0d0555e8fd70564;f110f6d2f25239ef196fb98650767fc36d061ae02a7762a003064f4cfa2ca098;2026-09-28T19:47:05.797752+00:00;false
LOC-0008;LOC-0080;BICYCLE;2026-08-17T07:00:00+03:00;OK;1196;20;5629;LOCAL_VALHALLA_MATRIX;54820b878e123ef96d76c9f9829daf0f55c3df1386f2d2d02d3efe9c338d47d3;baf3f01fea91df8446b9979dc7992028a13ef12d17aa91e7ef3293a2fc6c798e;2026-09-28T19:47:05.797752+00:00;false
LOC-0008;LOC-0082;BICYCLE;2026-08-17T07:00:00+03:00;OK;2086;35;9994;LOCAL_VALHALLA_MATRIX;7dea8476c01e95e502c3a51e9cd92020a5e8cf330a868fa73169e0d185535cee;59bb0eac25251bd5d8d99679c6fe9c3d3cde30696b5b4088e69ba44b58293cdf;2026-09-28T19:47:05.797752+00:00;false
LOC-0008;LOC-0085;BICYCLE;2026-08-17T07:00:00+03:00;OK;1706;29;8165;LOCAL_VALHALLA_MATRIX;8f02f3035fa3ebf7157a34ea9f017144017e898ce54c0ec0ab0f647862d1c925;8d27d52a6aee966ca1cedf676cf32c40deab67f937e2ae13147d7749a16aad9e;2026-09-28T19:47:05.797752+00:00;false
LOC-0008;LOC-0086;BICYCLE;2026-08-17T07:00:00+03:00;OK;1752;30;8229;LOCAL_VALHALLA_MATRIX;5ca474aa29bf67b9c88e1542613fb6c421722eb31cea5634d11ee13b0d7d0d7d;91babeaedf80627518911ce4ce79cc96fd701f83a26c62142ccf7e1b03b7e285;2026-09-28T19:47:05.797752+00:00;false
LOC-0008;LOC-0091;BICYCLE;2026-08-17T07:00:00+03:00;OK;417;7;1963;LOCAL_VALHALLA_MATRIX;013ff2b9f5ed570d1c6e48b6aaabc29b4d620730fbb6dfa079a88f4536068812;97ec8a3d350e262fc0aff82a9c9cb39ee69545b0d8bb9427584a6ed0c97f7841;2026-09-28T19:47:05.797752+00:00;false
LOC-0008;LOC-0092;BICYCLE;2026-08-17T07:00:00+03:00;OK;571;10;2710;LOCAL_VALHALLA_MATRIX;849d84818794890d8a400210d2bf8f843d8c7e9f29b968fee3269844f76d699b;9e289b6dac82c3a2fb41d2482534c8736ad74f2daa95b6d127c4bbc3d2db617b;2026-09-28T19:47:05.797752+00:00;false
LOC-0008;LOC-0093;BICYCLE;2026-08-17T07:00:00+03:00;OK;636;11;2861;LOCAL_VALHALLA_MATRIX;c91c94b134b829421d7341686130266b65ce36db60b1f92556b028d508a5e95f;9bfc8ec168d7b751e1257a165bc82a8906e87a6eb98b80a5e947b458944a5fef;2026-09-28T19:47:05.797752+00:00;false
LOC-0008;LOC-0094;BICYCLE;2026-08-17T07:00:00+03:00;OK;1865;32;8915;LOCAL_VALHALLA_MATRIX;18c3bfb9172e03d3528285f123e5ba476db7cc5c1eeb055ddb6630cc94c3cf31;ab0a6e3ff274dff8ed7a70bf5333e40a6aaa07e7a933fa49307e6918f2c5d8e2;2026-09-28T19:47:05.797752+00:00;false
LOC-0008;LOC-0095;BICYCLE;2026-08-17T07:00:00+03:00;OK;2044;35;9733;LOCAL_VALHALLA_MATRIX;6a6ffba1e88dd4cb831a29132721b7546612dee94da2354c0e755b52ef49d6a1;78af40c48d191f50eb83972327fe2738a8ab1f11cd08483fdcf0bca3670523f8;2026-09-28T19:47:05.797752+00:00;false
LOC-0008;LOC-0102;BICYCLE;2026-08-17T07:00:00+03:00;OK;2246;38;10762;LOCAL_VALHALLA_MATRIX;27f785934f9b5ae51668492e94b4ad50d5b3c811860a84559712822e23acee40;07befb64e527877ffc1898162fa93d2d64c380163845618763e7407586b306a9;2026-09-28T19:47:05.797752+00:00;false
LOC-0008;LOC-0112;BICYCLE;2026-08-17T07:00:00+03:00;OK;820;14;3819;LOCAL_VALHALLA_MATRIX;bbe92ea0258ea15c49a4e5b68b9d0a82be73e0ce37f206988f712ac95dfa3b05;4ad765f34061bb53891aa8c90aa4ae730e81569ef5d31e5be6bc328dbb65d3af;2026-09-28T19:47:05.797752+00:00;false
LOC-0008;LOC-0124;BICYCLE;2026-08-17T07:00:00+03:00;OK;3019;51;14381;LOCAL_VALHALLA_MATRIX;8fb26307e37779cfbb432c1491db8959ce4e265b01db9830ed4afa5e39b49359;8e375076097c1c6979eb7ca3d052a0a1384699b96edf40f772306423ff415236;2026-09-28T19:47:05.797752+00:00;false
LOC-0008;LOC-0125;BICYCLE;2026-08-17T07:00:00+03:00;OK;1402;24;6539;LOCAL_VALHALLA_MATRIX;788aa87c7e451535fd30b5d003b02339b495019af399945d84705dcac5d09ea5;f48685335f3d42f26f3c5817f01d725735e6529a62b55920079bec393636a50f;2026-09-28T19:47:05.797752+00:00;false
LOC-0008;LOC-0126;BICYCLE;2026-08-17T07:00:00+03:00;OK;809;14;3795;LOCAL_VALHALLA_MATRIX;2b0fabcbbea30fc68346e7938ab7e94028f1fbab6da0c0da78fb7ee551d0cb33;6d304581229e1346150cb798374468068c78509e2a550635cf66b34d3edff09b;2026-09-28T19:47:05.797752+00:00;false
LOC-0008;LOC-0128;BICYCLE;2026-08-17T07:00:00+03:00;OK;1150;20;5479;LOCAL_VALHALLA_MATRIX;fe2955bf5a2cd9a1948895bf678608e1bd71ad346238bc2a02c6b87c9d117cfc;17636fcb35dfe609f9ad584827910ef5d8d70dcb4b8816d4c9744cdb0c123a7b;2026-09-28T19:47:05.797752+00:00;false
LOC-0008;LOC-0134;BICYCLE;2026-08-17T07:00:00+03:00;OK;1563;27;7473;LOCAL_VALHALLA_MATRIX;5fd18f5bf7cd8e951d58b273f0d9dc1be064ffe4ec86b74b105f83a51a48e8be;8b68313668bdbb0c041d04bb6fee900128254daeae04457802a93fd6f788f770;2026-09-28T19:47:05.797752+00:00;false
LOC-0008;LOC-0135;BICYCLE;2026-08-17T07:00:00+03:00;OK;1756;30;8454;LOCAL_VALHALLA_MATRIX;059d7f794fdb2fbf645b21450dbb3a1bf94481aab30496114c4c0951eb9ae239;4c3fc4e9ddf9c8833c19c1ac014f3c38c0de9fd4ddc5e0f341e2ef32a5f2eb6b;2026-09-28T19:47:05.797752+00:00;false
LOC-0008;LOC-0136;BICYCLE;2026-08-17T07:00:00+03:00;OK;1640;28;7855;LOCAL_VALHALLA_MATRIX;45ea7516eede198c209c6fa0c7545810da386cbd8c53fb7ec70670b04596ddcf;e79b89079b6553bb2fb562b9b794751a386beb19b8b9f00a3952ba6ef6ac73c9;2026-09-28T19:47:05.797752+00:00;false
LOC-0008;LOC-0140;BICYCLE;2026-08-17T07:00:00+03:00;OK;1963;33;9539;LOCAL_VALHALLA_MATRIX;89f0dd0bedf3ea202a823c139a26f243305c2e5668ae4b464061e594334e010f;0f5f9401df94e67d988e71a7e52dd6584edae80dd64a879c7f93828ad73bf797;2026-09-28T19:47:05.797752+00:00;false
LOC-0008;LOC-0141;BICYCLE;2026-08-17T07:00:00+03:00;OK;2593;44;12209;LOCAL_VALHALLA_MATRIX;9ea2e913d6a552d0c758ff4e28f38b8a10515f0d840237f4dec1dba9df22271b;36a8b5ec209bfd6a5c910f45e67f40e716f4ba4341ac62cc22d10774b507620e;2026-09-28T19:47:05.797752+00:00;false
LOC-0008;LOC-0142;BICYCLE;2026-08-17T07:00:00+03:00;OK;2544;43;11984;LOCAL_VALHALLA_MATRIX;fc306b3f34a6ec756c4462aac5fc7381a40e1fe456d0bef3bc013499e6392788;15ea9a86c639865b1c8236938c960135ecad52836369b1d99ae6a7a294d2741f;2026-09-28T19:47:05.797752+00:00;false
LOC-0008;LOC-0145;BICYCLE;2026-08-17T07:00:00+03:00;OK;740;13;3496;LOCAL_VALHALLA_MATRIX;b5e653f95bb116f3d6e17cc5abdcd9d74b82a093ec8842926c8c59df2bee7517;709cec210ef54442e4634126078492cb3954a1e395b2e9e5e773bd3e9e488991;2026-09-28T19:47:05.797752+00:00;false
LOC-0008;LOC-0148;BICYCLE;2026-08-17T07:00:00+03:00;OK;1360;23;6458;LOCAL_VALHALLA_MATRIX;be197a6e586937bf043c7cabbf145db0fac73cf868eb92b01732164c81bbed9b;fa40daf12e11eaac7adc9c93e1c92a4691b9fcca366dfbde34b661b1727ff8c0;2026-09-28T19:47:05.797752+00:00;false
LOC-0008;LOC-0149;BICYCLE;2026-08-17T07:00:00+03:00;OK;1270;22;5977;LOCAL_VALHALLA_MATRIX;4239f9c2764bbf8d005b352a98e35e7b53d704cf3bfb688465aac9bf32e15e5d;45618862454a892e44176673cda0ef9f8b2be36f96aab2c6acb022a3fa8dbcff;2026-09-28T19:47:05.797752+00:00;false
LOC-0008;LOC-0150;BICYCLE;2026-08-17T07:00:00+03:00;OK;1231;21;5809;LOCAL_VALHALLA_MATRIX;f4361da8e02d906be5f4c3b162afbfff6e105bc4a5b6e490eb73ab1ab52b1932;75e5943ce464e2ded4c9316b6b19d6c2eb9d1f849d449b48bea20139ebd15b42;2026-09-28T19:47:05.797752+00:00;false
LOC-0008;LOC-0151;BICYCLE;2026-08-17T07:00:00+03:00;OK;1447;25;6863;LOCAL_VALHALLA_MATRIX;953f4c407af0bfef61df4e4f0cb41a1839445310ae57a9bc5abdfd950de34980;47c74afbcfb803721afdf11a149d1bb09bdfc8b1a89dc361d978282adb8bcc9c;2026-09-28T19:47:05.797752+00:00;false
LOC-0008;LOC-0152;BICYCLE;2026-08-17T07:00:00+03:00;OK;1449;25;6855;LOCAL_VALHALLA_MATRIX;dc94dd38e1eafeff5ad5a51f432194a081cfcb3837a3485a7e98f67d9123893a;2fbe4396d7c579bfd0bf05be35c5dd46007a31d139be1e0877fdf9bcdb364ed3;2026-09-28T19:47:05.797752+00:00;false
LOC-0008;LOC-0190;BICYCLE;2026-08-17T07:00:00+03:00;OK;575;10;2714;LOCAL_VALHALLA_MATRIX;7de950eeb173a38745779474b823a74c9f1b6ba4b91a47e82d8532729d355ba2;2884201c25d3da02ac90868ebfb9bd194dc72e9bdf3da6aa6be960acca19c5b4;2026-09-28T19:47:05.797752+00:00;false
LOC-0008;LOC-0196;BICYCLE;2026-08-17T07:00:00+03:00;OK;1562;27;7324;LOCAL_VALHALLA_MATRIX;5b07057a3c797bed2ba79193b3147f1580dc3a5a731886c2a361972c48cbf728;3d6b4e9a3b16c8b6e544f4471bb1bfe05b6dbd739dd26bdf903f46e034a9fc17;2026-09-28T19:47:05.797752+00:00;false
LOC-0009;LOC-0002;BICYCLE;2026-08-17T07:00:00+03:00;OK;2944;50;14230;LOCAL_VALHALLA_MATRIX;a239317b126827af494c6d57b59aa50323b15c6d9c50eb14930e2465210b1114;8375a76f48b29349c1d79b6a8e1f532402910d850a5cb694b3585e6d65fa800a;2026-09-28T19:47:05.797752+00:00;false
LOC-0009;LOC-0008;BICYCLE;2026-08-17T07:00:00+03:00;OK;3096;52;14771;LOCAL_VALHALLA_MATRIX;0b2aa9111758ac8fe3a3e2907ecf6ebe4f35208650de0ec1df394f55d1d9bba0;9d56fab2b39c6b63cb36b90fd0f85c3db5f8f0c2410ec6bc6e20e1d9615ac0d1;2026-09-28T19:47:05.797752+00:00;false
LOC-0009;LOC-0009;BICYCLE;2026-08-17T07:00:00+03:00;OK;0;0;0;LOCAL_VALHALLA_MATRIX;b8b4891058bba33a764d37561f1ee2c85378eb867384e9d1599e9ea32f5bccd0;3d5812abc84c11768aa73a732c85d75dbed439188f5bb3239e9b762ea31d9862;2026-09-28T19:47:05.797752+00:00;false
LOC-0009;LOC-0010;BICYCLE;2026-08-17T07:00:00+03:00;OK;3133;53;14776;LOCAL_VALHALLA_MATRIX;0048d5a3f4075504280b611bd3e899ff9018c7125af4cf2509182da5fd50dda5;093ef6f5a9b8c4f9cb906b1f69097206466cd5cbd9738fdf2405c58b6d844160;2026-09-28T19:47:05.797752+00:00;false
LOC-0009;LOC-0011;BICYCLE;2026-08-17T07:00:00+03:00;OK;2798;47;13467;LOCAL_VALHALLA_MATRIX;2e6b12e366418d60fac70d7b6f4c844a6648eec009e84d22d4d080e59413503a;dcba0648ef90199da5b0a4e2e87de6272ab9912ae6401a74274dd547cb35b0d5;2026-09-28T19:47:05.797752+00:00;false
LOC-0009;LOC-0012;BICYCLE;2026-08-17T07:00:00+03:00;OK;2795;47;13328;LOCAL_VALHALLA_MATRIX;596e30c9de336e8b91a08ec3ef9e51efd4ee483a7f7f3bc090b523e66be741bd;542c195002065ee93daf557df13e81e3c3550de1579e9bdfda88844e12255fa0;2026-09-28T19:47:05.797752+00:00;false
LOC-0009;LOC-0013;BICYCLE;2026-08-17T07:00:00+03:00;OK;3049;51;14763;LOCAL_VALHALLA_MATRIX;a0c7460cbd8f0e89b7ef09e2e20924d71b82fc2d5f9e65b5d838bf55570b0b26;1da9c93fbd241e072951f5283ea21bda0eb8fe5b3502aba34a7d55b0442b2ae0;2026-09-28T19:47:05.797752+00:00;false
LOC-0009;LOC-0016;BICYCLE;2026-08-17T07:00:00+03:00;OK;1787;30;8513;LOCAL_VALHALLA_MATRIX;8a9e458c9677ab6d960ccac5642c7eeefb9f0ffb5b8f3a3bf7782475d61d2378;364472293c34163339027aace3157c4b7e047cceb65638a38f0ab7029bfc63ef;2026-09-28T19:47:05.797752+00:00;false
LOC-0009;LOC-0017;BICYCLE;2026-08-17T07:00:00+03:00;OK;1617;27;7799;LOCAL_VALHALLA_MATRIX;36115bc592db1029274771adbab44d4d2dc99288578dd0e3460aefe2bd387421;738e57e88dd0c82f87a51899cd3e4d87be4fd8307f28a50298c20c121954c338;2026-09-28T19:47:05.797752+00:00;false
LOC-0009;LOC-0018;BICYCLE;2026-08-17T07:00:00+03:00;OK;1653;28;7994;LOCAL_VALHALLA_MATRIX;0dfd36dc5e46840de1735b111302662e4f0b3b30024ad03e44ec2c403194785c;1453c214f5ac3bb4568ce01441efaa191c6c93cd373b915bd24df5444b0c86d3;2026-09-28T19:47:05.797752+00:00;false
LOC-0009;LOC-0019;BICYCLE;2026-08-17T07:00:00+03:00;OK;3175;53;15166;LOCAL_VALHALLA_MATRIX;b6985a754ef2bd6eeea250dc5605f485fe11064b7f3e96fb703bcc988b2a4800;2f1f71f0968022d6f6fed62b0512c8fe2efa222697fb088713587eebc7f4d1f0;2026-09-28T19:47:05.797752+00:00;false
LOC-0009;LOC-0020;BICYCLE;2026-08-17T07:00:00+03:00;OK;3129;53;14783;LOCAL_VALHALLA_MATRIX;cd471781bfd54eef671792f2f7eb49375f7c7571430c0add8175f845cf956c2f;ff52412dcacebe9ec8a90cd34c4834647af0bb0b465e6ec29d13d67787de2565;2026-09-28T19:47:05.797752+00:00;false
LOC-0009;LOC-0023;BICYCLE;2026-08-17T07:00:00+03:00;OK;1893;32;8943;LOCAL_VALHALLA_MATRIX;9e668f3145ea7573a7f5fad29bb589654fb8919f8b2914f7497b982e2afc0696;7508844c54e80a1869796599ce0fedb42a132fec5b04ee7f58029b25e2778e51;2026-09-28T19:47:05.797752+00:00;false
LOC-0009;LOC-0027;BICYCLE;2026-08-17T07:00:00+03:00;OK;1801;31;8556;LOCAL_VALHALLA_MATRIX;64aacc0d492ed3289dcc6af4f6c7a40574f2f786fee012da658913fe32ba737d;63b6b9b5c5a5b724c31a3e7623133ff20d3723d7705b0a858e2548120ed97de9;2026-09-28T19:47:05.797752+00:00;false
LOC-0009;LOC-0028;BICYCLE;2026-08-17T07:00:00+03:00;OK;1538;26;7241;LOCAL_VALHALLA_MATRIX;351755fff1a4c6af5d0ba722c19ef9609714929f4515a49800a5b96e356760ad;2075640c7d25e89f5901e5ecc80c06017b305c9620a919d2c15834c67bc247b8;2026-09-28T19:47:05.797752+00:00;false
LOC-0009;LOC-0029;BICYCLE;2026-08-17T07:00:00+03:00;OK;1500;25;7112;LOCAL_VALHALLA_MATRIX;434ea473eb7d66b17ced89989856b5608753fd6f35ddec12327627d5cbf1cb73;e9bcb42d25f57c918ef1c0a8b6683dda8880825ee42125d86fd26c2a4a731f95;2026-09-28T19:47:05.797752+00:00;false
LOC-0009;LOC-0037;BICYCLE;2026-08-17T07:00:00+03:00;OK;2945;50;14146;LOCAL_VALHALLA_MATRIX;565f8b623044451000bebb4e83e762325a5517db3d5f56919248b7b9786aba5c;908aa11c00b4a36732ed9b057b5a0a50276f27cbf698c7989485322bcc9d6746;2026-09-28T19:47:05.797752+00:00;false
LOC-0009;LOC-0045;BICYCLE;2026-08-17T07:00:00+03:00;OK;1247;21;5853;LOCAL_VALHALLA_MATRIX;1a09cf89351cf7722d5ae8ba88b47b1a5c99057c1ffb8da033a6e59cdbeac0d4;5bc932375b95565bc1bda7c72273841a3cb9bf7858dd0fca2143c3a1aad9a14b;2026-09-28T19:47:05.797752+00:00;false
LOC-0009;LOC-0053;BICYCLE;2026-08-17T07:00:00+03:00;OK;1898;32;9090;LOCAL_VALHALLA_MATRIX;f20ba688038875c7c50136bff5e59cbed0235382dc7f92a3fc90066684636c14;12975108ba61aaf7f73752f92afd716259df38b1bc3a6d99f7142ce765534bef;2026-09-28T19:47:05.797752+00:00;false
LOC-0009;LOC-0054;BICYCLE;2026-08-17T07:00:00+03:00;OK;2923;49;14092;LOCAL_VALHALLA_MATRIX;c175adf4287053e293b091637554affd58cb81dd39fba43b69ef9a094e673f08;d6c35ba2beeafa369856dd2e2531a9ff5c2aec73df4ef0ba6a3f4edcc378983d;2026-09-28T19:47:05.797752+00:00;false
LOC-0009;LOC-0061;BICYCLE;2026-08-17T07:00:00+03:00;OK;2833;48;13334;LOCAL_VALHALLA_MATRIX;6f202fe8f5ff5aad553279fab8b78184d797b7dc823122fc1e96cdf7e5cdf4c4;d5bc49b7c7a778f82319e7cf0b18987be2e477b67bc94ee2053f6088cce95d9c;2026-09-28T19:47:05.797752+00:00;false
LOC-0009;LOC-0063;BICYCLE;2026-08-17T07:00:00+03:00;OK;996;17;4705;LOCAL_VALHALLA_MATRIX;284b2e0e5688971733a1a854e6c683a5e04574125ca9c0b9ff9c97bf41bcfba0;8ca8e89ae64f1cc22a5009e19eee361d3ed1ed792b47748f4d27b34cd254b412;2026-09-28T19:47:05.797752+00:00;false
LOC-0009;LOC-0064;BICYCLE;2026-08-17T07:00:00+03:00;OK;1018;17;4727;LOCAL_VALHALLA_MATRIX;64706de27b58d87ea5f97769169ad0c2e38df992c1a39e8353f55879d897cbbb;7f60a6c54ccc1d6f769054d46711bccf5f8bee18af7dfec08d19cfa23f925747;2026-09-28T19:47:05.797752+00:00;false
LOC-0009;LOC-0074;BICYCLE;2026-08-17T07:00:00+03:00;OK;2079;35;9876;LOCAL_VALHALLA_MATRIX;062b228d833cff748a4682ba3d5d89554486eb4c297b4376af1d0d224c6becec;46e2a43be800035b5954980596c3c0e31404ae4f8e48e8854be432aef4adf983;2026-09-28T19:47:05.797752+00:00;false
LOC-0009;LOC-0075;BICYCLE;2026-08-17T07:00:00+03:00;OK;1829;31;8794;LOCAL_VALHALLA_MATRIX;f19d6ae3eeb4f6e4fc9e71930653b67d5b5c9e81e3aa28faee66d19dd6c80e28;395fcd34235a416e2fee6acfea934d8193f0da7ec29ffb251275511b956a8c8a;2026-09-28T19:47:05.797752+00:00;false
LOC-0009;LOC-0076;BICYCLE;2026-08-17T07:00:00+03:00;OK;1622;28;7608;LOCAL_VALHALLA_MATRIX;90bc04c98cc946c5f16b810e9da845c9dcb3ebf2ac7f02fb63af2e4402a8d0a9;042b0d6bd7c13bac52ddda17bd70ae7be38aede70956a2f42f25d3d8ec33c05b;2026-09-28T19:47:05.797752+00:00;false
LOC-0009;LOC-0078;BICYCLE;2026-08-17T07:00:00+03:00;OK;1163;20;5446;LOCAL_VALHALLA_MATRIX;8a963d547fa64932a4941d6ff1439e2f50325ab0d62e3bc6c4616ea6c8483a4e;ac3ba487e5907b6810ce3eefa5953b90b29b7e77fc8a0dea54934f46178f23ce;2026-09-28T19:47:05.797752+00:00;false
LOC-0009;LOC-0080;BICYCLE;2026-08-17T07:00:00+03:00;OK;1943;33;9171;LOCAL_VALHALLA_MATRIX;4ee16ebe403ffb46c7ad42e503d99cc585186f66dab91e5bf46ab4867e40d31e;a0314b9bbf68745ca897cb6b3554bb964d2270366eaee089805bcdb5c73c383f;2026-09-28T19:47:05.797752+00:00;false
LOC-0009;LOC-0082;BICYCLE;2026-08-17T07:00:00+03:00;OK;1124;19;5355;LOCAL_VALHALLA_MATRIX;4e3b7b9fc5a5bb9b7aade7ea5086821fb052ea2f49ad8efcf9a9c1ee80e0f0f8;8590e2044f60588bd945707df73b047967ebf351c04e4009f75b7a0129342a2b;2026-09-28T19:47:05.797752+00:00;false
LOC-0009;LOC-0085;BICYCLE;2026-08-17T07:00:00+03:00;OK;3174;53;15343;LOCAL_VALHALLA_MATRIX;13598f95fb6ec60322d765720b94e291507730d54f74e3e70756b038c99a58d2;b891db63eb636697b0f5397e0771508b17a448056624b7bd8b33e7e001fd5a2a;2026-09-28T19:47:05.797752+00:00;false
LOC-0009;LOC-0086;BICYCLE;2026-08-17T07:00:00+03:00;OK;3220;54;15407;LOCAL_VALHALLA_MATRIX;61ba0a123d5510b129492c3a514bf48023c9859d601d2314178230f917dc1e25;bd704147b326c2ba62b753c9e80209535dc309f0a4f67537b5158b7837082581;2026-09-28T19:47:05.797752+00:00;false
LOC-0009;LOC-0091;BICYCLE;2026-08-17T07:00:00+03:00;OK;2903;49;13821;LOCAL_VALHALLA_MATRIX;663bc6d45270bd43c78c05592bbc54bd401b552db21e794351170e6f556cbaf3;e4156c3849689d6c40df1051763dcada47e1366cf6650938d11150a826cd7c15;2026-09-28T19:47:05.797752+00:00;false
LOC-0009;LOC-0092;BICYCLE;2026-08-17T07:00:00+03:00;OK;2822;48;13331;LOCAL_VALHALLA_MATRIX;367ec284f95b95402760b9f2aec23a451a9484ecd34dbaf0d7ca6b414168d782;494b49d7f60609435a5803c5a9c66dca5789d9bbca403361c9459c1272bdc068;2026-09-28T19:47:05.797752+00:00;false
LOC-0009;LOC-0093;BICYCLE;2026-08-17T07:00:00+03:00;OK;2815;47;13141;LOCAL_VALHALLA_MATRIX;3508247388b0210ab7b34407b0551ff2ec912d7e1f2ce6ce0d25905a7d7202c0;ecc5e924b47b76e14ab0f463f65114e9be2bffd6c9ac9e82549b8c9d0cc655c8;2026-09-28T19:47:05.797752+00:00;false
LOC-0009;LOC-0094;BICYCLE;2026-08-17T07:00:00+03:00;OK;3333;56;16093;LOCAL_VALHALLA_MATRIX;50c3da6018bbe96702cf57a90c309b2f9a8e765ac895ff1e992c4b4e7f1ec6bc;ba1563ec5adc3f560e9407eed3f796aba33da69557e039327131f14a27693a03;2026-09-28T19:47:05.797752+00:00;false
LOC-0009;LOC-0095;BICYCLE;2026-08-17T07:00:00+03:00;OK;3512;59;16911;LOCAL_VALHALLA_MATRIX;f6aac01bbf7f0d81cc5c70d2820d2de3037e2eacd805f4551dea43e61d486d4f;065a505843bdd882b04dc003f5a6df7e9bfdb386f3e2e433880bd7385169853c;2026-09-28T19:47:05.797752+00:00;false
LOC-0009;LOC-0102;BICYCLE;2026-08-17T07:00:00+03:00;OK;755;13;3520;LOCAL_VALHALLA_MATRIX;100a5e888a64b2a237dab95d9e3e956696b80a119147759af36f3e93fdcf37c5;fd3b56f8a44138a2cfa95e07f8a214eee44aaff7b2ea5f4ee0e6a67d2e3673a8;2026-09-28T19:47:05.797752+00:00;false
LOC-0009;LOC-0112;BICYCLE;2026-08-17T07:00:00+03:00;OK;2414;41;11423;LOCAL_VALHALLA_MATRIX;269157b27c0fb11d27323dece32933a9e1c93f7a2e7b91a2e34cb1d1ea5fee05;20af1a46d43d8ec09e64f5a698f984865eee3ff9cff664268b500adf763bc044;2026-09-28T19:47:05.797752+00:00;false
LOC-0009;LOC-0124;BICYCLE;2026-08-17T07:00:00+03:00;OK;401;7;1706;LOCAL_VALHALLA_MATRIX;db60fcbb21b4ca9801f8ee1c345658c0bc3df0453a331e179b9fccf49b57740a;ab41c88afb62e82cfd8fcd67c2e0ff3403d9147c463bb6c808549cec71d5ac1c;2026-09-28T19:47:05.797752+00:00;false
LOC-0009;LOC-0125;BICYCLE;2026-08-17T07:00:00+03:00;OK;1781;30;8395;LOCAL_VALHALLA_MATRIX;066d10e1d33a4288af5cafcefd9631002773be2aa5ce731051f394a38638da3b;e20334186a427630ff6421cae8480bd6834c6b6ee7b52d2a125c33ec576a90b9;2026-09-28T19:47:05.797752+00:00;false
LOC-0009;LOC-0126;BICYCLE;2026-08-17T07:00:00+03:00;OK;2228;38;10603;LOCAL_VALHALLA_MATRIX;4d53027f7fac088be90bd7d47d21ddeed44ab455fe9614b6ccd9b2ecc9100f5a;b8d0aa5113c753f9db06a60703b726f3ca5d7b2a4ee6ac53ca649e52ec56a0ef;2026-09-28T19:47:05.797752+00:00;false
LOC-0009;LOC-0128;BICYCLE;2026-08-17T07:00:00+03:00;OK;2870;48;13789;LOCAL_VALHALLA_MATRIX;d45be67f1dd7b982894dfdc6ed95afd025f1512449c3c2c0672864cffc1c37ac;7bc9b26d887b9106e0b1fdc0b7c949ae5d3c48a514009cfbb86040d9c99c1ca6;2026-09-28T19:47:05.797752+00:00;false
LOC-0009;LOC-0134;BICYCLE;2026-08-17T07:00:00+03:00;OK;2970;50;14385;LOCAL_VALHALLA_MATRIX;e1e1d3f816352355eb40e996ad1bed6d38a6564dd8c47ad5b6a2e7059170549e;65ceda5f87aa65a0a245b2916dee226b96829486f11b70ee38ff4a448bc90bcc;2026-09-28T19:47:05.797752+00:00;false
LOC-0009;LOC-0135;BICYCLE;2026-08-17T07:00:00+03:00;OK;2968;50;14369;LOCAL_VALHALLA_MATRIX;b88875b26fdd5879fdc17e5e04ea83f740c2eb7f5967b1b55a197630c62c1f12;ae2d2faafcd7edaddd5ae70955bb91893b62820a1c07a7dc083e8591ee8a18b0;2026-09-28T19:47:05.797752+00:00;false
LOC-0009;LOC-0136;BICYCLE;2026-08-17T07:00:00+03:00;OK;3109;52;15015;LOCAL_VALHALLA_MATRIX;b231284b05b46eb4526e2c7743fc47712159c2f43ec0386fe9a91f4897e52057;a7ef3388aabfeba2af52c14107a5b91d53769ae0a8c2847e263c7acb1bbe6b3f;2026-09-28T19:47:05.797752+00:00;false
LOC-0009;LOC-0140;BICYCLE;2026-08-17T07:00:00+03:00;OK;1975;33;9458;LOCAL_VALHALLA_MATRIX;bcdfb1eca499b89ff3782610aaa384b9125845fd79737bc45984ccb79a3e1b6f;c50034dd7b077eeb7c1e0109dcf1778a040d6e668a0001fed76c18a323a271c2;2026-09-28T19:47:05.797752+00:00;false
LOC-0009;LOC-0141;BICYCLE;2026-08-17T07:00:00+03:00;OK;756;13;3251;LOCAL_VALHALLA_MATRIX;b698d495e8dad505ec1fca3af569853da5b5f643428398bd6da040230821152b;3e3db9d4780a93cafe259b26c531bd40cded0be8373a1da07cabb1f0d1af8eff;2026-09-28T19:47:05.797752+00:00;false
LOC-0009;LOC-0142;BICYCLE;2026-08-17T07:00:00+03:00;OK;798;14;3497;LOCAL_VALHALLA_MATRIX;2788d2370858fddb9b3b88e5dbf79bba7ebbb478f1d52d806a389ec47383cb4e;0f059ebb51ad3ee5a6c5d9149cdf1b32a5e715638d685e59bf8c2198554d1412;2026-09-28T19:47:05.797752+00:00;false
LOC-0009;LOC-0145;BICYCLE;2026-08-17T07:00:00+03:00;OK;2831;48;13361;LOCAL_VALHALLA_MATRIX;604b93722e9158177e08f882e8fc59efec9bd1e9c7d441fa1d901d53b3cc2fac;8fc7fa72bb429d130d6daf644b53aeefc274991263bf5b3aaf3fa6bdac784ab6;2026-09-28T19:47:05.797752+00:00;false
LOC-0009;LOC-0148;BICYCLE;2026-08-17T07:00:00+03:00;OK;1780;30;8581;LOCAL_VALHALLA_MATRIX;19809cbb8c36ae96c4cc23be10abf33e6c40fcf94678552ec90b0b7646986817;ab6b7eedb0ca1eb07d9bb6e3eed7390d829410c0943556d2fb787e4b8edec2dc;2026-09-28T19:47:05.797752+00:00;false
LOC-0009;LOC-0149;BICYCLE;2026-08-17T07:00:00+03:00;OK;1844;31;8890;LOCAL_VALHALLA_MATRIX;16ed72dc1a9feb86881c7622351f376d70eba8d4ba1cb9a0fd949a2e4304bd32;90566196709007b8f6679024fb2a6cfec923c3f54a25c48fe49bdcf3c80af187;2026-09-28T19:47:05.797752+00:00;false
LOC-0009;LOC-0150;BICYCLE;2026-08-17T07:00:00+03:00;OK;1928;33;9168;LOCAL_VALHALLA_MATRIX;35ca77f4ec716a5311545fbc9ed268b55686f613d893d5fb7ba37a0ab46ca85d;f291076667a4731bd790b801b5477b245b47269a166c8d71d30ebae98fb5c492;2026-09-28T19:47:05.797752+00:00;false
LOC-0009;LOC-0151;BICYCLE;2026-08-17T07:00:00+03:00;OK;1706;29;8209;LOCAL_VALHALLA_MATRIX;b69c58c005669b55425acbf53de7813ad7a853b06da37f61c0b0f3a7e4b134d8;64fc27427b76dcef5b254eb8f4d0f714c0b21d3e3dc8b4ac5e5db477c57e3ef0;2026-09-28T19:47:05.797752+00:00;false
LOC-0009;LOC-0152;BICYCLE;2026-08-17T07:00:00+03:00;OK;1725;29;8301;LOCAL_VALHALLA_MATRIX;2e2f4ef9a1be5aa7a1971cac634958f5050a708838e27d63d837c355eb4b4ff1;5bacb2a88e9baeebbc8aee14fcb94f608e8c8d8dde5c5f2a73f2ad65b035e45b;2026-09-28T19:47:05.797752+00:00;false
LOC-0009;LOC-0190;BICYCLE;2026-08-17T07:00:00+03:00;OK;2458;41;11861;LOCAL_VALHALLA_MATRIX;a2d3f0b6edd44b3cb0992f6b2f5df1a1ae9233b5643ad5438a5b395c41cc6b6b;d9f49e041d47854bc09b515c7c8612dcf2da687674134ff5b069d4d3a9159152;2026-09-28T19:47:05.797752+00:00;false
LOC-0009;LOC-0196;BICYCLE;2026-08-17T07:00:00+03:00;OK;1733;29;8189;LOCAL_VALHALLA_MATRIX;37b91bab139e1df90950f84881e308711b4f1c59aa1401b64250a82e7fde80cc;f5a1b144fb737e3d1ad6483d3a890bf8aba0555194369a4a146f903837a5ad00;2026-09-28T19:47:05.797752+00:00;false
LOC-0010;LOC-0002;BICYCLE;2026-08-17T07:00:00+03:00;OK;1703;29;8156;LOCAL_VALHALLA_MATRIX;825435638062eca79273fe7ccbd3e826f17b6bec7be59089cc23bd2e9f4798a4;30599050a02dedde66621af05e1930c650cef9d1713aa623493a7e6d6c2c9bdd;2026-09-28T19:47:05.797752+00:00;false
LOC-0010;LOC-0008;BICYCLE;2026-08-17T07:00:00+03:00;OK;226;4;1042;LOCAL_VALHALLA_MATRIX;382df6adb69e600d95925b00242ef779612584bc41340640adee881bed81ca73;28b8320bed8d538e342e649282648f48c9bde9244b010f2cf4c9c7aeee81c177;2026-09-28T19:47:05.797752+00:00;false
LOC-0010;LOC-0009;BICYCLE;2026-08-17T07:00:00+03:00;OK;3369;57;15874;LOCAL_VALHALLA_MATRIX;adc74bf7948cb59177f0ae82aecbe3884c0e24c15ac44e33c943ee1d1b909e10;ebae0d73fc295e4961740df2c86e230fe1ad1c5f6b26901052ab7ea21f77bf47;2026-09-28T19:47:05.797752+00:00;false
LOC-0010;LOC-0010;BICYCLE;2026-08-17T07:00:00+03:00;OK;0;0;0;LOCAL_VALHALLA_MATRIX;673b731d8989023a0d1b10808c1824d08a444f4775cd8b58fa5e3e5cad95019f;3d5812abc84c11768aa73a732c85d75dbed439188f5bb3239e9b762ea31d9862;2026-09-28T19:47:05.797752+00:00;false
LOC-0010;LOC-0011;BICYCLE;2026-08-17T07:00:00+03:00;OK;434;8;2003;LOCAL_VALHALLA_MATRIX;bd6ee634d08a1f1c21b37114f39054266e2d419e82312e1a027bd0038e2cf89f;ea7e6ccadea32ac34c35d32e0c0444643631bea491218f96e7ce020658026e0b;2026-09-28T19:47:05.797752+00:00;false
LOC-0010;LOC-0012;BICYCLE;2026-08-17T07:00:00+03:00;OK;375;7;1757;LOCAL_VALHALLA_MATRIX;2feeda68aa1933110ad06a842d048ffd6deb006caa9a1bb1f820e8a3fcdb6b80;df69084a5c06d264bcc083b9232dd1a55c00a31ed17dffb21856be4301bc3513;2026-09-28T19:47:05.797752+00:00;false
LOC-0010;LOC-0013;BICYCLE;2026-08-17T07:00:00+03:00;OK;2037;34;9840;LOCAL_VALHALLA_MATRIX;87507a17ad40f58270d5fb6179db4810a52b98bd58dff62f75fc1bd5bc9c2a62;6e8663bf2602eabcfaa2da59823a77ed66f21ba244175d02c3ce3313d0c6b1f2;2026-09-28T19:47:05.797752+00:00;false
LOC-0010;LOC-0016;BICYCLE;2026-08-17T07:00:00+03:00;OK;2433;41;11804;LOCAL_VALHALLA_MATRIX;5cc41a3e85c0e8c1ea0f181af0d9bcef3ed9702819a051f95b8e6f0b7bf3630e;557212797604cece7370a8164d365f301d06c73dcc5ae27af9f971173a49fbe7;2026-09-28T19:47:05.797752+00:00;false
LOC-0010;LOC-0017;BICYCLE;2026-08-17T07:00:00+03:00;OK;1653;28;7872;LOCAL_VALHALLA_MATRIX;4127f28dab80b0430d5b74af855524da4f39974929836635b329231612773c72;14e00b6ae56b563299236d67a20a468d93937f0531e66ef060e0802773f14fe5;2026-09-28T19:47:05.797752+00:00;false
LOC-0010;LOC-0018;BICYCLE;2026-08-17T07:00:00+03:00;OK;1614;27;7680;LOCAL_VALHALLA_MATRIX;15322196b583eee89c41e7cd68771c32be4f012c71868ffe2f9b872f1dfdec36;c545d0767bc2d15dc59e46ca4c9f0f68348fbea5d0769ff3ae15ff8d694e4abe;2026-09-28T19:47:05.797752+00:00;false
LOC-0010;LOC-0019;BICYCLE;2026-08-17T07:00:00+03:00;OK;308;6;1437;LOCAL_VALHALLA_MATRIX;3d72a4e46ee66a68c33ee5cf55997afe7a0828ae19ca0a98b6dbd236be4e7af7;406516daae7388fbc1b28d51903a2484b722b540d189492af82387e2bdd2081f;2026-09-28T19:47:05.797752+00:00;false
LOC-0010;LOC-0020;BICYCLE;2026-08-17T07:00:00+03:00;OK;685;12;3248;LOCAL_VALHALLA_MATRIX;3a10ab2d378dea11f3456a16c61f0bf459faf46b4b5810387bc4f89c49030ea3;5a2d17416b3760a83f4b7d7b3535219f08b3fee82b26883e8d29b17e764665bc;2026-09-28T19:47:05.797752+00:00;false
LOC-0010;LOC-0023;BICYCLE;2026-08-17T07:00:00+03:00;OK;1344;23;6295;LOCAL_VALHALLA_MATRIX;b653e090262c6243dc4dec11ba1a2dc36721c5402945f1a5511ed0700d3762f3;897107f90b9bd0f9293d938ff19bcd71a95d77a123c6c9b7e7daf3beccf7c2e7;2026-09-28T19:47:05.797752+00:00;false
LOC-0010;LOC-0027;BICYCLE;2026-08-17T07:00:00+03:00;OK;1495;25;7125;LOCAL_VALHALLA_MATRIX;ad48cbad1fd50a1f56b50396a08c27c9bea2b027c820d205b477e0c0581e694a;b9fb90728a3bbd08d60ab70edebb174b650c5a38e8514e57c53679b4b78875fa;2026-09-28T19:47:05.797752+00:00;false
LOC-0010;LOC-0028;BICYCLE;2026-08-17T07:00:00+03:00;OK;2239;38;10640;LOCAL_VALHALLA_MATRIX;ec6928ce2fbe4317a2735f834ba15111c5d3243d8621ee4c8a1662fe655fb57f;63d19bf52ea364cbe2673043d57b395bd5594bd1ef02ec01fdfe93248102da57;2026-09-28T19:47:05.797752+00:00;false
LOC-0010;LOC-0029;BICYCLE;2026-08-17T07:00:00+03:00;OK;2165;37;10263;LOCAL_VALHALLA_MATRIX;69b6840751605c1477966767f0322110cdb6b01cc23fd7babe902cec943e29a2;8fc64cd72b5dfccab618fb0df7b0ac8d579a085c9fc1f988497f8f78d5a4a805;2026-09-28T19:47:05.797752+00:00;false
LOC-0010;LOC-0037;BICYCLE;2026-08-17T07:00:00+03:00;OK;1245;21;5981;LOCAL_VALHALLA_MATRIX;14c3d4fcc53a5ae593ec083e2c9feca23a9a7ede144f684ec19604429a20bd67;c3de401c3b40b88dd9f23ec29da44485b03a83e64d0e797f7d7b2a1d18f31693;2026-09-28T19:47:05.797752+00:00;false
LOC-0010;LOC-0045;BICYCLE;2026-08-17T07:00:00+03:00;OK;1920;32;9201;LOCAL_VALHALLA_MATRIX;d10b973c17e6463892ea9d0e530f64aeab8cccb974ee8a2b48ef95bace39f172;7a426f9a53f84ddc1ca3f150bf993182668b7b3af439d8acaae036c95ab38d6b;2026-09-28T19:47:05.797752+00:00;false
LOC-0010;LOC-0053;BICYCLE;2026-08-17T07:00:00+03:00;OK;2402;41;11691;LOCAL_VALHALLA_MATRIX;ad361932c251a9360171e349d6a84f1fd6389ab0f560dd64fcc43f9e1b851168;616abf79c957b8c1c34b0f744e8d2336c6b1061708ae7948341eeec5f63ccc98;2026-09-28T19:47:05.797752+00:00;false
LOC-0010;LOC-0054;BICYCLE;2026-08-17T07:00:00+03:00;OK;1152;20;5541;LOCAL_VALHALLA_MATRIX;ae5417fbfcbe918783fe512263fbfb5880bde2e6e0ab3a189b056c5a654baaac;be0ce59a607edc2ddf646f1f7cf5384651cd530f3f491177a06f3bbedb70a593;2026-09-28T19:47:05.797752+00:00;false
LOC-0010;LOC-0061;BICYCLE;2026-08-17T07:00:00+03:00;OK;507;9;2217;LOCAL_VALHALLA_MATRIX;dbf36605921674b5ec8f2a3d8813b93c44e7086c5b30f35d07c5f4ec80d78a83;52443d0891b3843f04cb1be7ae81b9b666a7ba37dc5b8b74ad408c9ef8311eba;2026-09-28T19:47:05.797752+00:00;false
LOC-0010;LOC-0063;BICYCLE;2026-08-17T07:00:00+03:00;OK;2414;41;11469;LOCAL_VALHALLA_MATRIX;9e270fe0da2b353075e7c45303749b5073f70062b66e38dfc624cb75f3b814d1;976cc2668032a046608eb166de5065cddff53688d70fd5fc711e5eb51003d006;2026-09-28T19:47:05.797752+00:00;false
LOC-0010;LOC-0064;BICYCLE;2026-08-17T07:00:00+03:00;OK;2255;38;10772;LOCAL_VALHALLA_MATRIX;d557312c15f39a914cf170c2a0c89d009c22dde8c701f156053fb949735e20d2;a98a73f0598ab57fa481bc40be57f9a7e5ae91a5be494a520d643ebfede4e861;2026-09-28T19:47:05.797752+00:00;false
LOC-0010;LOC-0074;BICYCLE;2026-08-17T07:00:00+03:00;OK;1331;23;6287;LOCAL_VALHALLA_MATRIX;dbca3068f246c3067eade7dc90f800a27caefbab4ff7a1fa1399eab4878bc285;39da6b772ace060f8be2483c0b38f85706d3c4593b3aabe5e4c32f1117af709c;2026-09-28T19:47:05.797752+00:00;false
LOC-0010;LOC-0075;BICYCLE;2026-08-17T07:00:00+03:00;OK;1496;25;7041;LOCAL_VALHALLA_MATRIX;2d9c1f68e5d3c0c8179c8d7905d2822b6ef0a8c351116d7c6c056ff6211008f6;486828eb0ce87f5ab67beeb4b7891806bc068aee9679514a7aa4c7f2b2b0cdd6;2026-09-28T19:47:05.797752+00:00;false
LOC-0010;LOC-0076;BICYCLE;2026-08-17T07:00:00+03:00;OK;2460;41;11837;LOCAL_VALHALLA_MATRIX;e604e47a952611e18f62cbcb72edf33f4e364e60dcdba78b32318581b290d700;993989ee1641098c2274ae6bd5f79d04d0d4b296763aa19207b5d3f498033b93;2026-09-28T19:47:05.797752+00:00;false
LOC-0010;LOC-0078;BICYCLE;2026-08-17T07:00:00+03:00;OK;2036;34;9741;LOCAL_VALHALLA_MATRIX;035b483f1f19b2b64ad0869495102b55b97946803a0450d8045d91d2d49282e4;bf4f3e9c9b0a8e9158a4a55f257b9694c41655f67deee11138b8c34f21084579;2026-09-28T19:47:05.797752+00:00;false
LOC-0010;LOC-0080;BICYCLE;2026-08-17T07:00:00+03:00;OK;1366;23;6457;LOCAL_VALHALLA_MATRIX;3d20345fe4af26c75eaa0b0228a5d49276d52a52556c197c2b08fb8e86fce0b6;bbb9b48e910a05e1481f868c8a5d7a45cdb590d4c60625658bc8f88327408807;2026-09-28T19:47:05.797752+00:00;false
LOC-0010;LOC-0082;BICYCLE;2026-08-17T07:00:00+03:00;OK;2256;38;10822;LOCAL_VALHALLA_MATRIX;fa4328f10d433cf5a1eeac6b8af29ef792fba86cae409e18c124f49658180a26;7c4c88b9967265d87e9bd02ef60d1139d80f193f373500ed5a03d70ce783b18e;2026-09-28T19:47:05.797752+00:00;false
LOC-0010;LOC-0085;BICYCLE;2026-08-17T07:00:00+03:00;OK;1876;32;8993;LOCAL_VALHALLA_MATRIX;d5b2f9982da81fd03cb733218c2e013b7d73cbf2516aa2bc3e11c498c967c879;acac4dbaf268ecdc4feec1e37861da2a8924acd64eebd1acf07df820cee559c6;2026-09-28T19:47:05.797752+00:00;false
LOC-0010;LOC-0086;BICYCLE;2026-08-17T07:00:00+03:00;OK;1922;33;9057;LOCAL_VALHALLA_MATRIX;211ac7660fa503c244621e61a93cae8b81bd075bc144fd62f01a879e52781caa;031b6ebff5ece8dfa4e19d211561fe45e216acf74497bdca619d892384e6a336;2026-09-28T19:47:05.797752+00:00;false
LOC-0010;LOC-0091;BICYCLE;2026-08-17T07:00:00+03:00;OK;494;9;2343;LOCAL_VALHALLA_MATRIX;33affa6f2a41daa1ab5b38ec7d36725493652b970182d9da35b888bf25efe1d8;6689b5823864ca8854a5f3ae1b7c53cb48b1fcf3f5e1b14b44105562e18cf257;2026-09-28T19:47:05.797752+00:00;false
LOC-0010;LOC-0092;BICYCLE;2026-08-17T07:00:00+03:00;OK;648;11;3090;LOCAL_VALHALLA_MATRIX;86687eb54a957af68db9fb8d8ac34ef7f8f45d7c89a9f6d768517461bebf609c;181073e177726aff86786a137776a74107a44586de460e110a5986cd8c0f39ae;2026-09-28T19:47:05.797752+00:00;false
LOC-0010;LOC-0093;BICYCLE;2026-08-17T07:00:00+03:00;OK;713;12;3241;LOCAL_VALHALLA_MATRIX;aabd546543215a63c06c9501963a4dce0a18c1d90d39a3fae085463fdfbd972d;45c5d5432adf2ba51b3665cd94265c8d6988de2ec220a677bb46825208419dc7;2026-09-28T19:47:05.797752+00:00;false
LOC-0010;LOC-0094;BICYCLE;2026-08-17T07:00:00+03:00;OK;2035;34;9743;LOCAL_VALHALLA_MATRIX;dcbefb07425957cd9bbfb492a7349e6129825ab09c5d74f2d4d556b83913001a;b8f14b65f7d0aebba8b2c82790efda32f9a9e6a4c27ce3a34cef24cbd8d7ce3f;2026-09-28T19:47:05.797752+00:00;false
LOC-0010;LOC-0095;BICYCLE;2026-08-17T07:00:00+03:00;OK;2214;37;10561;LOCAL_VALHALLA_MATRIX;e95b5d2ae0cc9556ce53223afdd02ede50cd35953c837cb7ab9ebaae71c8fe0c;68eaacb8973498590fe09f6774b595bafa8aa8b49e05d9d27725cb7308289edc;2026-09-28T19:47:05.797752+00:00;false
LOC-0010;LOC-0102;BICYCLE;2026-08-17T07:00:00+03:00;OK;2416;41;11590;LOCAL_VALHALLA_MATRIX;a2aaca22c63f0593afb45e534f16e82919dd14093b0412ed6eaf7754e7ad1756;a247892ec5c351aeb1aa1ef5c598d01745f28c1e7cbffd3442dcc775fbd0e249;2026-09-28T19:47:05.797752+00:00;false
LOC-0010;LOC-0112;BICYCLE;2026-08-17T07:00:00+03:00;OK;955;16;4512;LOCAL_VALHALLA_MATRIX;c61a6bef7f40cc512c6b90572473f4fd05c0ff3a6fdfbe0f3b505f6db4b911d7;45ef7a66460efef581f8a7b34b20b66f0133dbbb08b8da16d4d40f52b57673d8;2026-09-28T19:47:05.797752+00:00;false
LOC-0010;LOC-0124;BICYCLE;2026-08-17T07:00:00+03:00;OK;3189;54;15209;LOCAL_VALHALLA_MATRIX;f4d9588e08e8aa1410f2b14b5beb0a4844b9079860dda62b32f1fb06236ff32a;9f8b9c44be45ee580e504a28b686c33ea1f742683b036de672b36f46377cfe4e;2026-09-28T19:47:05.797752+00:00;false
LOC-0010;LOC-0125;BICYCLE;2026-08-17T07:00:00+03:00;OK;1540;26;7178;LOCAL_VALHALLA_MATRIX;98277da3f28c765dac598a598c0183e1c3730630dc89c3d907aaf2b266001db4;a0777de724c722da6e084d108e2eabdbe01bc8a36a506b97f2bcf460c448bf2b;2026-09-28T19:47:05.797752+00:00;false
LOC-0010;LOC-0126;BICYCLE;2026-08-17T07:00:00+03:00;OK;980;17;4623;LOCAL_VALHALLA_MATRIX;4fed26cfcc71bd9c047d0c0b6ca9763c94a662447231931d5d8d31e44fa589a5;0bbb836a7679f0224b648ac4f91839c64f02e8c4bc3e9ce5fc7986774f05a351;2026-09-28T19:47:05.797752+00:00;false
LOC-0010;LOC-0128;BICYCLE;2026-08-17T07:00:00+03:00;OK;1321;23;6307;LOCAL_VALHALLA_MATRIX;519b7f03ee9b6b5a7bb486436d4a37ec7b23ad1b42ece74a9646335331fc8c42;88e54f5b94da34d8b2f06397803db667b03d367d311724d89fb257c0c877f2ef;2026-09-28T19:47:05.797752+00:00;false
LOC-0010;LOC-0134;BICYCLE;2026-08-17T07:00:00+03:00;OK;1734;29;8301;LOCAL_VALHALLA_MATRIX;c11ddfdbac18cf76f7d891d9cbd8cfda39f9cee9ec702600fe33b7fd30a8d9ab;1cf43467b1b2f564b6b20a31bc731d8f6e97b9929678c367da88531905a91465;2026-09-28T19:47:05.797752+00:00;false
LOC-0010;LOC-0135;BICYCLE;2026-08-17T07:00:00+03:00;OK;1806;31;8647;LOCAL_VALHALLA_MATRIX;668ce4dd6b8a20a6d2e8fca71e990822142e31a54fe26e51ef958a60e396eefc;15661a0044a89aa8e3f43d16a06b73f5d35535fd156557ab64f10f9b14c79130;2026-09-28T19:47:05.797752+00:00;false
LOC-0010;LOC-0136;BICYCLE;2026-08-17T07:00:00+03:00;OK;1810;31;8683;LOCAL_VALHALLA_MATRIX;3c5b6406dfb7752cdf4cfb5efe525dba00c72b3f9e41b0d07fbec6b53ccb7405;407bb79e6490ae87e3472e90b7ba35530bac34d13bd06e322ff3ede9d4465057;2026-09-28T19:47:05.797752+00:00;false
LOC-0010;LOC-0140;BICYCLE;2026-08-17T07:00:00+03:00;OK;2133;36;10367;LOCAL_VALHALLA_MATRIX;4fea369368544701ca7e85267408d0d711f1626dac596688464b70245a65fc44;0d3ee7796f000effa684ae905eaaad8fa37219ba129277accd3957cf42d5708b;2026-09-28T19:47:05.797752+00:00;false
LOC-0010;LOC-0141;BICYCLE;2026-08-17T07:00:00+03:00;OK;2764;47;13037;LOCAL_VALHALLA_MATRIX;242bf3ab25014b816167f7f0bf42d1e52713b4b890c819de8f48b8d08eb66252;650a7afb55a640d7dee856b85b1c7b3aaf16d4b4b2c18064484a6e0c3315e93b;2026-09-28T19:47:05.797752+00:00;false
LOC-0010;LOC-0142;BICYCLE;2026-08-17T07:00:00+03:00;OK;2715;46;12812;LOCAL_VALHALLA_MATRIX;cde228255bda571bd20abd48912d76b7698e9ee45a36414a58f51f70d8261963;99f2d7691c66dfc17d03c1a693308c000fdee6ee53cfbaad29f296ab67823ba2;2026-09-28T19:47:05.797752+00:00;false
LOC-0010;LOC-0145;BICYCLE;2026-08-17T07:00:00+03:00;OK;817;14;3876;LOCAL_VALHALLA_MATRIX;80d1aad77eb1bb124e54ca96ec169a0ec8cd718052a8866f04cc2c4a5cae4089;2f07f2920cd6cdede4b6f88bd3619c1d4f42dc9b94497ce3e5a59e2f40524b88;2026-09-28T19:47:05.797752+00:00;false
LOC-0010;LOC-0148;BICYCLE;2026-08-17T07:00:00+03:00;OK;1530;26;7286;LOCAL_VALHALLA_MATRIX;47f0a7e1506c020d355bb3990524851789f40c17a55c9a806a0a2175ea4c00cd;8d39d5cf36afe24c4caf796a6bb0b653896b22d1672c04d0496db03eca2906b9;2026-09-28T19:47:05.797752+00:00;false
LOC-0010;LOC-0149;BICYCLE;2026-08-17T07:00:00+03:00;OK;1441;25;6805;LOCAL_VALHALLA_MATRIX;d7da5f05b9bdf54c724a326e203ac596f0313912b0c3718f031ed812046c6ab9;67feb3fa41e1630acc784643296269ce00d90f9503ce919893f8519c5c03bac1;2026-09-28T19:47:05.797752+00:00;false
LOC-0010;LOC-0150;BICYCLE;2026-08-17T07:00:00+03:00;OK;1401;24;6637;LOCAL_VALHALLA_MATRIX;c0a9efeff74804658546f65a555363107428d4774b415a1e1a9359cff1641b2d;273447095a7f1a0b24fb49f01f2f785064d7de5bf9fd3b0656580647fbe20630;2026-09-28T19:47:05.797752+00:00;false
LOC-0010;LOC-0151;BICYCLE;2026-08-17T07:00:00+03:00;OK;1618;27;7691;LOCAL_VALHALLA_MATRIX;0e8a7d398f8b6a50545821dc64321b5c3e90a49326f461887800701bfbf2291a;90e8ec04b028507c568c4e557315294babd33a209e01acc8aaac5adc4a51307a;2026-09-28T19:47:05.797752+00:00;false
LOC-0010;LOC-0152;BICYCLE;2026-08-17T07:00:00+03:00;OK;1619;27;7683;LOCAL_VALHALLA_MATRIX;dbb80c6a40be3c833ba6d51f530165d4c82bb5846d5a4e9f15f311ea1e4f7556;297207fcbe7691d2da9d19dc06a4ddfd8af618e24cff98cc4b6474697f5b786a;2026-09-28T19:47:05.797752+00:00;false
LOC-0010;LOC-0190;BICYCLE;2026-08-17T07:00:00+03:00;OK;745;13;3542;LOCAL_VALHALLA_MATRIX;c7ded88cea3e8f7c4c87d8ff1ea080545238aa20c725cfa3c94f9cd6053280eb;0192dd2b0bc1767becf357f8b7ddcc6de6f1bf6796c7f7a500244f42d58222b3;2026-09-28T19:47:05.797752+00:00;false
LOC-0010;LOC-0196;BICYCLE;2026-08-17T07:00:00+03:00;OK;1700;29;7963;LOCAL_VALHALLA_MATRIX;71cab3f660922cad275ab592db537865b90687d5a0108935a72a85b51eb02b22;a97c1131f1b26237860d80b6f36fb086d27ff96be705c43967c8b080594713c5;2026-09-28T19:47:05.797752+00:00;false
LOC-0011;LOC-0002;BICYCLE;2026-08-17T07:00:00+03:00;OK;1345;23;6440;LOCAL_VALHALLA_MATRIX;bb8f25a8268929528354e818a58dac95f583fcc888f8d6644810c9262f33368c;ee63e92e972872ee12aab1c9ff9f9faf9f8d6fb9ac2771b64d8f280a1f594726;2026-09-28T19:47:05.797752+00:00;false
LOC-0011;LOC-0008;BICYCLE;2026-08-17T07:00:00+03:00;OK;358;6;1627;LOCAL_VALHALLA_MATRIX;9d2078f99554744a68ec634baa7bc9a91310d814797fd9c155f215208f7b2e02;9a34d8e2c196ffce1d0d66c2f703aa10262cd6600ff07668ce6f7a47a73dbefe;2026-09-28T19:47:05.797752+00:00;false
LOC-0011;LOC-0009;BICYCLE;2026-08-17T07:00:00+03:00;OK;2905;49;14030;LOCAL_VALHALLA_MATRIX;49dcbc0c6a5a3137aefd5fe19bf9256219b4a56eb7ba957c70cae3497ca1e3ee;cbfffeb018461b821f86b36e38926b68630d15fbed1a395badcbf9c875853025;2026-09-28T19:47:05.797752+00:00;false
LOC-0011;LOC-0010;BICYCLE;2026-08-17T07:00:00+03:00;OK;496;9;2300;LOCAL_VALHALLA_MATRIX;5be53b1463fc3a10ac0d8ec2f5a581f8bf59ce757ff7a1b81ccc2bf37df8fe95;f8bcf2731d21fbda0d2f9cfd2e96f78006ca8e81b1e4a19f74a5849ead46c02b;2026-09-28T19:47:05.797752+00:00;false
LOC-0011;LOC-0011;BICYCLE;2026-08-17T07:00:00+03:00;OK;0;0;0;LOCAL_VALHALLA_MATRIX;2e913217e16433ab53319d1e9edb34129f6a7bae722bf41b3a4215697d76a9d7;3d5812abc84c11768aa73a732c85d75dbed439188f5bb3239e9b762ea31d9862;2026-09-28T19:47:05.797752+00:00;false
LOC-0011;LOC-0012;BICYCLE;2026-08-17T07:00:00+03:00;OK;288;5;1344;LOCAL_VALHALLA_MATRIX;4ba066d432ec67006dec2fc13d40b1f38736c499e591c5ad7c78c235ce183f34;6cf7fae55f7ab809697fd54c018e9f6dc7901078ab0d8d0966f05b57ef4a0fe7;2026-09-28T19:47:05.797752+00:00;false
LOC-0011;LOC-0013;BICYCLE;2026-08-17T07:00:00+03:00;OK;1633;28;7882;LOCAL_VALHALLA_MATRIX;ddb1aff716473d16daac5bdc1689b9c217b6ad9db7d9c04e0cecfa672860b00b;214bde1bb5e8c6af6c1a565cd10eb7ddf454a64c9528295bdea4774e1be8c298;2026-09-28T19:47:05.797752+00:00;false
LOC-0011;LOC-0016;BICYCLE;2026-08-17T07:00:00+03:00;OK;2075;35;10088;LOCAL_VALHALLA_MATRIX;d5e6d557be58a89ba08a110b1aa9aa81c16705a70e602d9e891701ee1f6cc484;3282740aeeef2517a76acb1cd0c845be0a4d0bc9377430d54eb4cb1d076c32e0;2026-09-28T19:47:05.797752+00:00;false
LOC-0011;LOC-0017;BICYCLE;2026-08-17T07:00:00+03:00;OK;1505;26;7200;LOCAL_VALHALLA_MATRIX;a3de1a0133d2d98a3a80fb705a3ae50fa070a3f80adc55fdcf8fe7471eb41ac7;15a431b88ee02f8f105a2ca257ef4c6f1a9d3933f0d4099a3f452e002e38d467;2026-09-28T19:47:05.797752+00:00;false
LOC-0011;LOC-0018;BICYCLE;2026-08-17T07:00:00+03:00;OK;1467;25;7008;LOCAL_VALHALLA_MATRIX;994c6bf453e6763ccaac2f490f315d551aa9c714ea4300997f199da23ecf6c22;14229e6509aee1ab9f67ee3cf59cd4303435c00c40b03b34530d3718e37fc0a5;2026-09-28T19:47:05.797752+00:00;false
LOC-0011;LOC-0019;BICYCLE;2026-08-17T07:00:00+03:00;OK;491;9;2316;LOCAL_VALHALLA_MATRIX;2050f124c8152645425a7eccc4abe4229a0bf17940ee532a7d27c3a7a18e4c36;7e111bca62783b9a850c430f1f572fef3f733261f82b063fcb112d572715c91e;2026-09-28T19:47:05.797752+00:00;false
LOC-0011;LOC-0020;BICYCLE;2026-08-17T07:00:00+03:00;OK;843;15;4019;LOCAL_VALHALLA_MATRIX;b939a54979c5275cc912da5cdb79dc40b9a630d6cd28e22e9ebe785bc1876ef2;95f41aa214f5e8c3ea96cf7469b5b0e18f3608d37fac7b6450c71680a8c0335e;2026-09-28T19:47:05.797752+00:00;false
LOC-0011;LOC-0023;BICYCLE;2026-08-17T07:00:00+03:00;OK;1288;22;6071;LOCAL_VALHALLA_MATRIX;ef4d5d1a7ca095f594db58eb0adf1fcf9f0fb9824e66df671295119199033800;6962d372a5c5bc577390fc48969a2b700473283032e6b5b481e7db5ce959c76e;2026-09-28T19:47:05.797752+00:00;false
LOC-0011;LOC-0027;BICYCLE;2026-08-17T07:00:00+03:00;OK;1348;23;6453;LOCAL_VALHALLA_MATRIX;317c0e560a0833c4c4b3d7e22bf2497d56a075d7848a960e8d44802f1896ddaa;b79b64c97d3f0c7035634a44a77aefc50a2aff1dd0eb7692e7e50e0c3d05c5ed;2026-09-28T19:47:05.797752+00:00;false
LOC-0011;LOC-0028;BICYCLE;2026-08-17T07:00:00+03:00;OK;1822;31;8802;LOCAL_VALHALLA_MATRIX;d9f5de005b94689bdc910130ba61202f9a51007012fea305bc546224cbc57fb7;653220f8b4a77b2bab2df2095f991229c859b64786bc3fc593ce9c35fa9796cb;2026-09-28T19:47:05.797752+00:00;false
LOC-0011;LOC-0029;BICYCLE;2026-08-17T07:00:00+03:00;OK;1748;30;8425;LOCAL_VALHALLA_MATRIX;5944a44820a24717de395f8c7aaa7974ae4fb59e1b28a626611d018eeffee923;df6d200110c6f15e0a73d2312846076064752f54292eb678bf911c27fd986fbd;2026-09-28T19:47:05.797752+00:00;false
LOC-0011;LOC-0037;BICYCLE;2026-08-17T07:00:00+03:00;OK;886;15;4265;LOCAL_VALHALLA_MATRIX;67069bdf622398dc1e1cd4a591d77910aaa25351f7696ba40c777d5e8a04fbaa;c3211636f786561377b7702d223d7e552ac410f712aa827cea4bb0edad060b46;2026-09-28T19:47:05.797752+00:00;false
LOC-0011;LOC-0045;BICYCLE;2026-08-17T07:00:00+03:00;OK;1773;30;8529;LOCAL_VALHALLA_MATRIX;fb0b9c4d0ed7f80d79a73f26b8c224a8f6cb789641e713f0a40579a128aeece6;680b17394a26e1bfdf3f7975f4ca290ad13182380fc38c8f5b36044a89ed3618;2026-09-28T19:47:05.797752+00:00;false
LOC-0011;LOC-0053;BICYCLE;2026-08-17T07:00:00+03:00;OK;2044;35;9975;LOCAL_VALHALLA_MATRIX;d43e4e2728950d0c2468017e2a5cca1d994dbc0e9540303a716d12c8d4420187;c9976bb1fd24e541a6291b0830a27825b9d55e60dad77c419076eafe401833c7;2026-09-28T19:47:05.797752+00:00;false
LOC-0011;LOC-0054;BICYCLE;2026-08-17T07:00:00+03:00;OK;794;14;3825;LOCAL_VALHALLA_MATRIX;5830edaeb32edc7c4cb4a0e26ec49fa8516b4e7919a7090f886304464c3dc000;46e407635705688a7f9b1bf0919b868bceba6ef0eb478c0b33752e156518a87d;2026-09-28T19:47:05.797752+00:00;false
LOC-0011;LOC-0061;BICYCLE;2026-08-17T07:00:00+03:00;OK;334;6;1346;LOCAL_VALHALLA_MATRIX;97b6eed68caa5d0cb9d3b82823ca70104fe0b55cdcd5d6d320ebac7b3830130d;6546d528241a5d4cdc8e23063fab5db9f398b0d9ee4fca0619369fcf2ab92f4a;2026-09-28T19:47:05.797752+00:00;false
LOC-0011;LOC-0063;BICYCLE;2026-08-17T07:00:00+03:00;OK;1937;33;9384;LOCAL_VALHALLA_MATRIX;de6d6c5b1460a4701fea903b6a777f4f48f56af012e734a43e31cade391f8f34;8154bb2824f0ca45d439e9ef3c92875d619cd4fca83fef128f545495cb6357fb;2026-09-28T19:47:05.797752+00:00;false
LOC-0011;LOC-0064;BICYCLE;2026-08-17T07:00:00+03:00;OK;1777;30;8687;LOCAL_VALHALLA_MATRIX;909548f516e529831962ef23ace3453946de47deecaad12a79a298265e6680b1;9d2c6fb3add71c17c2952b1448b1a0752c56e05e39d300f2a946ff318cf5bdc9;2026-09-28T19:47:05.797752+00:00;false
LOC-0011;LOC-0074;BICYCLE;2026-08-17T07:00:00+03:00;OK;1184;20;5615;LOCAL_VALHALLA_MATRIX;aab3e6183eae758755027869807fd06c2747b01fa586fc1e0fdf1ab5c3800bca;5c776a322d35bdc329c44c84c7ae2972b2c04e959f6f43611d499e93193a9a58;2026-09-28T19:47:05.797752+00:00;false
LOC-0011;LOC-0075;BICYCLE;2026-08-17T07:00:00+03:00;OK;1348;23;6369;LOCAL_VALHALLA_MATRIX;02783da762e07fb8443dd2ed46ebc7187016763426aad9ae25d28f6fefb91927;bca14f07c8bdb3941d8a5399791c0baa34377d0fd44e046b29dec66718f24314;2026-09-28T19:47:05.797752+00:00;false
LOC-0011;LOC-0076;BICYCLE;2026-08-17T07:00:00+03:00;OK;2101;36;10121;LOCAL_VALHALLA_MATRIX;d1528c5e7e0eda7ed73564ba9ac58e4b6a48601fa29709734f57d0622bebd9e1;ccda428d6418ed224243d0393b3054cc507fa92137e0087e3ba54a28adc29c07;2026-09-28T19:47:05.797752+00:00;false
LOC-0011;LOC-0078;BICYCLE;2026-08-17T07:00:00+03:00;OK;1581;27;7706;LOCAL_VALHALLA_MATRIX;1585f6ca9b6f29ece37dbc8456770a5c2b8f2483d92658cd7d6d3ff805d2eca2;7d14ee91bc70ed7c20e7b1e87eb05c4e0ac8db9ca04abdc3170b92ce3b4f97c8;2026-09-28T19:47:05.797752+00:00;false
LOC-0011;LOC-0080;BICYCLE;2026-08-17T07:00:00+03:00;OK;1218;21;5785;LOCAL_VALHALLA_MATRIX;58c85b48481b571b702827542c10d1d9e1e49f87b1535a2ee079f8b481d67457;273ecd0e7d1244154cef5157cadb67b964c496e6ab8a44236e56ceed1ae3abf7;2026-09-28T19:47:05.797752+00:00;false
LOC-0011;LOC-0082;BICYCLE;2026-08-17T07:00:00+03:00;OK;1777;30;8728;LOCAL_VALHALLA_MATRIX;9c812929841f73704cc6ce8e23dcba3cf85f96e654fa215134c6d97953043390;d78a4f0a8f41cb05207366eec94ba1cf6e5fe46915f4fcd4a468cc755067ac29;2026-09-28T19:47:05.797752+00:00;false
LOC-0011;LOC-0085;BICYCLE;2026-08-17T07:00:00+03:00;OK;1518;26;7277;LOCAL_VALHALLA_MATRIX;9beb788bac7376d701c11540afaa224e560b823c045eeb6659c387e86be5f552;aa64a6ccfbc619d9cb23e48866d2f2d5f84b94c5dfbcab4f96447fc92dd4d86b;2026-09-28T19:47:05.797752+00:00;false
LOC-0011;LOC-0086;BICYCLE;2026-08-17T07:00:00+03:00;OK;1564;27;7341;LOCAL_VALHALLA_MATRIX;21b6d117783a3c0f3e32f4b8d2d645ea00000377f513964caa86e53727472a94;c5eec85b7198f6a03442184cdbaa76bec25041f1d1eedee4ffcc17dd1cc39b29;2026-09-28T19:47:05.797752+00:00;false
LOC-0011;LOC-0091;BICYCLE;2026-08-17T07:00:00+03:00;OK;500;9;2378;LOCAL_VALHALLA_MATRIX;393536d64f2b0839534bfdce8f418692bbc4075d42170a1357628570fa639a1a;317050328840ef3ee8e325bd6d915e61a3b200e82b20ca0d7d2ebd0647a3dbe7;2026-09-28T19:47:05.797752+00:00;false
LOC-0011;LOC-0092;BICYCLE;2026-08-17T07:00:00+03:00;OK;654;11;3125;LOCAL_VALHALLA_MATRIX;9d2ee0be5c803cb0da3218a79d6cd71774187f59467602bb2295626cad659211;bf97af2677f741ce9a52eb83840b4f95e9fec02a15e9594e1029f24322828be8;2026-09-28T19:47:05.797752+00:00;false
LOC-0011;LOC-0093;BICYCLE;2026-08-17T07:00:00+03:00;OK;719;12;3276;LOCAL_VALHALLA_MATRIX;c037ca4f8e67e47c342b248a975b3f00664f4481c72952cc104b90edccf81645;acd238068369233054282c3fb67c3b3d8351c039a4f3f420770743f1e8a9cb8b;2026-09-28T19:47:05.797752+00:00;false
LOC-0011;LOC-0094;BICYCLE;2026-08-17T07:00:00+03:00;OK;1676;28;8027;LOCAL_VALHALLA_MATRIX;868eb489aa0c7e8036f25575c8f4339997187b1d1e366b0978869f39a28a6e29;436f937c9d54730acb51fcbd90e311fa7b5f714111176a0ebe807ae6a56985ab;2026-09-28T19:47:05.797752+00:00;false
LOC-0011;LOC-0095;BICYCLE;2026-08-17T07:00:00+03:00;OK;1855;31;8845;LOCAL_VALHALLA_MATRIX;9a458b5c28cc3b94e7a8400e731fba60bb78e99abbf45def82eb3308251d9d27;0cae4852d1b1cf446de9655f3a7d6e18f79a1d801ecd8cc64be433e76839d6cc;2026-09-28T19:47:05.797752+00:00;false
LOC-0011;LOC-0102;BICYCLE;2026-08-17T07:00:00+03:00;OK;1938;33;9505;LOCAL_VALHALLA_MATRIX;4dfba8cdb34a111013d80fbd1029f4f3e493873f6bd9c72320f01521c9b89ab4;16b68106d4146486ee429ccb1f806c645a166facb6382353d35568ac0c586855;2026-09-28T19:47:05.797752+00:00;false
LOC-0011;LOC-0112;BICYCLE;2026-08-17T07:00:00+03:00;OK;902;16;4234;LOCAL_VALHALLA_MATRIX;4aa58d622ad197779551f0ba4136049c3081359ea166ba80ee1fa9025cd463b5;dec391f8d346f648346921468b2d0dbab14f88c06a1dd6d341862f569f91a141;2026-09-28T19:47:05.797752+00:00;false
LOC-0011;LOC-0124;BICYCLE;2026-08-17T07:00:00+03:00;OK;2769;47;13371;LOCAL_VALHALLA_MATRIX;c70ba2ebeaab035fcec7761d610d0fce026d4536f10795e1b19c04a48de3b77b;4cf371a131fa5c6c4c0b93708da6c75da50fe6c63e31da79a7939eb656b535de;2026-09-28T19:47:05.797752+00:00;false
LOC-0011;LOC-0125;BICYCLE;2026-08-17T07:00:00+03:00;OK;1484;25;6954;LOCAL_VALHALLA_MATRIX;71a219219be9e00788aa9dc4d1f7f87fbd3fcdab7a6701d5e98442360d9ad2b4;d63d981d82c1f1cac73dba6a6c6e767fa33ac229ae205a5ded0813d5790d554e;2026-09-28T19:47:05.797752+00:00;false
LOC-0011;LOC-0126;BICYCLE;2026-08-17T07:00:00+03:00;OK;832;14;3951;LOCAL_VALHALLA_MATRIX;cbba59ec0718f25e5679c95ecbe157385c198da20bd6145046ab61b1709343cb;d37845d959e1c9f56394da956e662e75c3816307306cefc9686fce02e69927a9;2026-09-28T19:47:05.797752+00:00;false
LOC-0011;LOC-0128;BICYCLE;2026-08-17T07:00:00+03:00;OK;962;17;4591;LOCAL_VALHALLA_MATRIX;1bb436d26e897980d92d2d718d388aaf324b48bb3cbd32f1a825976930280ee0;48449ed18bc51132306e42d0dbf5dd7d3ebe63e5fce1a6c6525d9780bc26252b;2026-09-28T19:47:05.797752+00:00;false
LOC-0011;LOC-0134;BICYCLE;2026-08-17T07:00:00+03:00;OK;1554;26;7504;LOCAL_VALHALLA_MATRIX;c7caff0b223e42599a31ff22e4921a1115331b9206120299a084ff7c0e3afd9f;3abd4ff1bc308da3a61b26fa42db47bbf3eb4ee49be0db25f01c94e9d0a463eb;2026-09-28T19:47:05.797752+00:00;false
LOC-0011;LOC-0135;BICYCLE;2026-08-17T07:00:00+03:00;OK;1552;26;7488;LOCAL_VALHALLA_MATRIX;a6a11318b53e1565998a40e905d907156913ceeeca5fee9e4252ff48253901f8;093f0e5b3679c7c077a51a7f2925a77dfab76337046d01f1143a21639517ceae;2026-09-28T19:47:05.797752+00:00;false
LOC-0011;LOC-0136;BICYCLE;2026-08-17T07:00:00+03:00;OK;1452;25;6967;LOCAL_VALHALLA_MATRIX;63577f7e591ff8bb278272586b8622126d4d908fe8c4f47e2c03f872bc153010;82e95e2c678beefb6a52f9bd8b9d6dbc088cde4b7cc02bdf47b228f6bf889db8;2026-09-28T19:47:05.797752+00:00;false
LOC-0011;LOC-0140;BICYCLE;2026-08-17T07:00:00+03:00;OK;2010;34;9735;LOCAL_VALHALLA_MATRIX;b2bef1e23d2d5a6d383165928eb18c16b9fe661639cb6ab539088b0caa2224ab;7d13614fbe08f193d59ecbf518ecac058d52d53e27025168b7fd3241521e5e02;2026-09-28T19:47:05.797752+00:00;false
LOC-0011;LOC-0141;BICYCLE;2026-08-17T07:00:00+03:00;OK;2616;44;12365;LOCAL_VALHALLA_MATRIX;6cf0b296760af6c2fe74517586a4f8df46bbab1ff9ff55e51cd5bbc8db534b5d;2822f0f2e9a1423e96b6339558012e09cff170b976fb58ece49e419249f17d73;2026-09-28T19:47:05.797752+00:00;false
LOC-0011;LOC-0142;BICYCLE;2026-08-17T07:00:00+03:00;OK;2567;43;12140;LOCAL_VALHALLA_MATRIX;3560d8ffc6782f6da7971508ec183c2a2307370f7dff706954234ad370e85c4d;ff7e6d95dc245c91e89100f650d58ffd4c955fca98a3181f8bc015e4cdbdd1f7;2026-09-28T19:47:05.797752+00:00;false
LOC-0011;LOC-0145;BICYCLE;2026-08-17T07:00:00+03:00;OK;823;14;3911;LOCAL_VALHALLA_MATRIX;9c28a47768ebc561d04adbba196601619c80c06e3c229f3f9732d017be8e5bd2;a72476510ae664de7f0db325cb475a9ac1ba6d5d1622a8c7cfadb83c555bde78;2026-09-28T19:47:05.797752+00:00;false
LOC-0011;LOC-0148;BICYCLE;2026-08-17T07:00:00+03:00;OK;1383;24;6614;LOCAL_VALHALLA_MATRIX;0e596d768f6a622436a7a7a3f490a0c8a65fa372635580dba0bda133064d23b7;fca88d7726b850f1887e37b63de0070e4e471b6d73f4f8033c7f61a55c328c50;2026-09-28T19:47:05.797752+00:00;false
LOC-0011;LOC-0149;BICYCLE;2026-08-17T07:00:00+03:00;OK;1293;22;6133;LOCAL_VALHALLA_MATRIX;4acab25ed59caa94fe9276827e8b6e84000769dec087b5069d45536f3957c54a;9922a9ee9ca993a0c7a8dced2246d61f7b64e4dea0af18ba83fb01e6c9b56adc;2026-09-28T19:47:05.797752+00:00;false
LOC-0011;LOC-0150;BICYCLE;2026-08-17T07:00:00+03:00;OK;1254;21;5965;LOCAL_VALHALLA_MATRIX;30f790af4658a3000420e55806e93e1b17c862dfcfe0b30397e6fc64cb7bb6c4;3d50283340b97c2fc6d1d1bf5ec69e8cf3314b32d454daec1c90812321d53f27;2026-09-28T19:47:05.797752+00:00;false
LOC-0011;LOC-0151;BICYCLE;2026-08-17T07:00:00+03:00;OK;1470;25;7019;LOCAL_VALHALLA_MATRIX;5a1f30e164d0066b7b9e9838c9122ab5e0b36c93d47b46e665b061b18be66262;7cd4da60585d15e4b0dda396db3343c4a2f47aa32a912eca835270a34a86b31a;2026-09-28T19:47:05.797752+00:00;false
LOC-0011;LOC-0152;BICYCLE;2026-08-17T07:00:00+03:00;OK;1472;25;7011;LOCAL_VALHALLA_MATRIX;8d2e6ba58348f71916d4550be2fd15d90e1a7ac851d729dce958d52dfd6b58a4;d54497178fb9245d3400a3a667cb601f57becb3bbe73f53bac7a3e2dcc54ac5c;2026-09-28T19:47:05.797752+00:00;false
LOC-0011;LOC-0190;BICYCLE;2026-08-17T07:00:00+03:00;OK;502;9;2186;LOCAL_VALHALLA_MATRIX;933ad466f9df6cdd2c3539fba00e2884d53a4f1a5dc20aa0597396f74ed2ff74;b4d4bea75d9661f2b6f6940e72fb4660d2475cb0d01bb34d7932aed701fa2f0a;2026-09-28T19:47:05.797752+00:00;false
LOC-0011;LOC-0196;BICYCLE;2026-08-17T07:00:00+03:00;OK;1645;28;7739;LOCAL_VALHALLA_MATRIX;ed67340ecd505a2ad397b92e30d4bde97800999d4265345a7d214166582d6dfe;dbde998450cd2559e24827490d1ceb8bffb726c0336b51f43652903858126a16;2026-09-28T19:47:05.797752+00:00;false
LOC-0012;LOC-0002;BICYCLE;2026-08-17T07:00:00+03:00;OK;1489;25;7104;LOCAL_VALHALLA_MATRIX;455af30729c7af6c101aba704c6a1850a02587d7cffc3b322d98a7b830f11c86;ee01bd2c0a16564a21da2b4f15f36a72ca515a5e032d9776969d9295f775fa05;2026-09-28T19:47:05.797752+00:00;false
LOC-0012;LOC-0008;BICYCLE;2026-08-17T07:00:00+03:00;OK;393;7;1833;LOCAL_VALHALLA_MATRIX;0baa3b0e9a94bab046df59dfb12df9a6830e0a026906b455eaae64ec77d661a9;086e4685d154628724302004ff58cc60df02f6bf687d0b9522b3be09fd4bf024;2026-09-28T19:47:05.797752+00:00;false
LOC-0012;LOC-0009;BICYCLE;2026-08-17T07:00:00+03:00;OK;3154;53;14822;LOCAL_VALHALLA_MATRIX;3825f48892bf01862e7260feb3218613bb237bf7cbc79787f78b663cc9cc0589;85b1b03b5f54cbd765ceb609f7656469f2db6cb962a2381fdaab7761aef491c0;2026-09-28T19:47:05.797752+00:00;false
LOC-0012;LOC-0010;BICYCLE;2026-08-17T07:00:00+03:00;OK;408;7;1893;LOCAL_VALHALLA_MATRIX;8a97e52817dba28424560f44c761a08e56aeab78404321504a7ce11af81b8eb4;9252f776b856d7679aa7949f49af771cf8ff04034f9e8b81985fcb621959e2e2;2026-09-28T19:47:05.797752+00:00;false
LOC-0012;LOC-0011;BICYCLE;2026-08-17T07:00:00+03:00;OK;263;5;1192;LOCAL_VALHALLA_MATRIX;a5e88d898ed2242f4e58cb82ed030dd3dda2af4db3a171347e23fa5e0f54cdc8;de85071b6e1d2a329345b02f45d98de48f16442b58691bbe4b1e636f71c61357;2026-09-28T19:47:05.797752+00:00;false
LOC-0012;LOC-0012;BICYCLE;2026-08-17T07:00:00+03:00;OK;0;0;0;LOCAL_VALHALLA_MATRIX;817d728c1a495981c07c6af3c2e4ce1a96bd8617e15ced501ba0f924b678a791;3d5812abc84c11768aa73a732c85d75dbed439188f5bb3239e9b762ea31d9862;2026-09-28T19:47:05.797752+00:00;false
LOC-0012;LOC-0013;BICYCLE;2026-08-17T07:00:00+03:00;OK;1823;31;8788;LOCAL_VALHALLA_MATRIX;07f819bfad7834b92643264dcd8987c9caa608ddf4b0bf851277022ddac5abfe;ee1bf21d90c68044f540879ab9602cd20beeef3ac38869f5ef3853678bddb767;2026-09-28T19:47:05.797752+00:00;false
LOC-0012;LOC-0016;BICYCLE;2026-08-17T07:00:00+03:00;OK;2219;37;10752;LOCAL_VALHALLA_MATRIX;fd23eca4fd687a3f794573f4431b19c0fc71243b317d0ca57a55607774807a93;ec160350d63f0b1b4d88fa1bf45b074124b080b5c0819ea2f4e30162202d9773;2026-09-28T19:47:05.797752+00:00;false
LOC-0012;LOC-0017;BICYCLE;2026-08-17T07:00:00+03:00;OK;1438;24;6820;LOCAL_VALHALLA_MATRIX;2495f5981bba8b9326fd58890293690d4c786cc4f162ae4f791ed2eea5fc48d6;70030b5d12a4d0d158c8c20723d9b0f0e4912d7d07e686fdd4a4e7630fcc6f21;2026-09-28T19:47:05.797752+00:00;false
LOC-0012;LOC-0018;BICYCLE;2026-08-17T07:00:00+03:00;OK;1400;24;6628;LOCAL_VALHALLA_MATRIX;3d871d890d38388a876b20484f5fc1d349f0feab32bb3d177fac28ff2d28b696;09bcac1c6df1864fd4b84c6b892b30690bf9484e2f8995491bbc9920d10623c7;2026-09-28T19:47:05.797752+00:00;false
LOC-0012;LOC-0019;BICYCLE;2026-08-17T07:00:00+03:00;OK;473;8;2228;LOCAL_VALHALLA_MATRIX;d4d01f3f564d65ca44a3a52918497540daac9e73c379869db53b1545d6efc808;6456fe29a77281d5cd1b9eacd1cf5a639487e9bddac5ccda18df84dc956ba639;2026-09-28T19:47:05.797752+00:00;false
LOC-0012;LOC-0020;BICYCLE;2026-08-17T07:00:00+03:00;OK;606;11;2887;LOCAL_VALHALLA_MATRIX;e82c4de84eab9840403e5ac50d901053f89af941d4fe783b99dbecda141b2485;0c38e38c2a212903d9fd27e26a3a43fbaf3e34242884b926b3affa7fa1decd5c;2026-09-28T19:47:05.797752+00:00;false
LOC-0012;LOC-0023;BICYCLE;2026-08-17T07:00:00+03:00;OK;1107;19;5172;LOCAL_VALHALLA_MATRIX;8f4b53a82366a095621a8bf7367533c2db59a737b1cd163900c62248a83eb6d4;4fc9c25506f27dc9294dcf584825494951b8cd0083d2e654757d40be795363fd;2026-09-28T19:47:05.797752+00:00;false
LOC-0012;LOC-0027;BICYCLE;2026-08-17T07:00:00+03:00;OK;1281;22;6073;LOCAL_VALHALLA_MATRIX;e47cc4d2703cead6ea4a51317a4231e5ed82f6a3fd2a70900fc8559c6c1e1b47;79499492e4dbb5e58ca2e5d6f8668fa19cdf31645827b9b083db4bca7c1ecb95;2026-09-28T19:47:05.797752+00:00;false
LOC-0012;LOC-0028;BICYCLE;2026-08-17T07:00:00+03:00;OK;2025;34;9588;LOCAL_VALHALLA_MATRIX;e785676f15bdd6dbb5613b9813bf05c59cf8170f8caf37c2967a0b78cc3cb5d8;f98c0c28e5a0f01d469e9c1cb2320715f14afdb6a9681e55bcfaa7923cc5e5e0;2026-09-28T19:47:05.797752+00:00;false
LOC-0012;LOC-0029;BICYCLE;2026-08-17T07:00:00+03:00;OK;1950;33;9211;LOCAL_VALHALLA_MATRIX;8177c4bfb357f29c91f71327856a3bc0ad4309b3e12d3a763662366a481ed559;84c3f36ac2c617c951045615ea2b2abf1063b299f6ae33b43dbed09eba3fef5c;2026-09-28T19:47:05.797752+00:00;false
LOC-0012;LOC-0037;BICYCLE;2026-08-17T07:00:00+03:00;OK;1030;18;4929;LOCAL_VALHALLA_MATRIX;3646f280893955b71133a55b89db6bc6e040d5d4187b561ee4ce77c7bab37d61;c993a7d4f1feeedc6fbadb50adca027b4edb33ca349f39fb9356ef73813c0b6d;2026-09-28T19:47:05.797752+00:00;false
LOC-0012;LOC-0045;BICYCLE;2026-08-17T07:00:00+03:00;OK;1706;29;8149;LOCAL_VALHALLA_MATRIX;90f593404e2a308d9bb0e590bd393ed069379a347161eeced0c51848fffece0d;987f59ea7e9bbcef1bb0dcdf6ac0403689e85383ff22fd3df769e4c58c0832b4;2026-09-28T19:47:05.797752+00:00;false
LOC-0012;LOC-0053;BICYCLE;2026-08-17T07:00:00+03:00;OK;2188;37;10639;LOCAL_VALHALLA_MATRIX;b0482de63147056676efd64193d8f170d853213e090b4c5e68eac561bec59114;0de8dfd10d2140d48f68e8100eda333b8aaccdfe293a50db26c250e718e33c24;2026-09-28T19:47:05.797752+00:00;false
LOC-0012;LOC-0054;BICYCLE;2026-08-17T07:00:00+03:00;OK;937;16;4489;LOCAL_VALHALLA_MATRIX;49e0baa10d2a8492a46d9ec33fe9397c49e69b1514ac1f792c61479182cc3234;681e372ce7a98904c66a5f8cdc578bd6461e3df228746af34da1883a3f93b42e;2026-09-28T19:47:05.797752+00:00;false
LOC-0012;LOC-0061;BICYCLE;2026-08-17T07:00:00+03:00;OK;293;5;1165;LOCAL_VALHALLA_MATRIX;2c5ffea03f90f0d145c7c2a1cef79565ba2ba4a2f01526d3709d97c99cba0db0;98b34ecae1721b55dad2bb2bbde2c77839b1ee76994c861bdff44c2f50b6f633;2026-09-28T19:47:05.797752+00:00;false
LOC-0012;LOC-0063;BICYCLE;2026-08-17T07:00:00+03:00;OK;2200;37;10417;LOCAL_VALHALLA_MATRIX;558dd88562e14e8c1c820318f8349547b688a671cd0fc24b5115d5713f8ce441;e98615bac15a6e95b5a76dc06e5dc56358889f321c7a4a3346f7589ca426d2a2;2026-09-28T19:47:05.797752+00:00;false
LOC-0012;LOC-0064;BICYCLE;2026-08-17T07:00:00+03:00;OK;2041;35;9720;LOCAL_VALHALLA_MATRIX;c13844ea1cb6c7676f5059c3e2809766a24c9acc16c116aaa48f6b31e7786eb0;bdea11a476aac87365de34030bac83da98d41e0a848071be7a7c7fc1b8545dcf;2026-09-28T19:47:05.797752+00:00;false
LOC-0012;LOC-0074;BICYCLE;2026-08-17T07:00:00+03:00;OK;1117;19;5235;LOCAL_VALHALLA_MATRIX;3055086f3bbf948367f9728f322c70001aa049da4bf0928412753cc9ad919e43;d383748c2910630be644cac41a6c98733cf0fe6bbba507890740cc72659176e8;2026-09-28T19:47:05.797752+00:00;false
LOC-0012;LOC-0075;BICYCLE;2026-08-17T07:00:00+03:00;OK;1281;22;5989;LOCAL_VALHALLA_MATRIX;4870070bb315ccde5d9a30ab56c53cdd7901f2230db7132e2718c88f27d48a42;a35c6d59baa117dff33677fba120796f57df876559143491ce64ab6431ff2d78;2026-09-28T19:47:05.797752+00:00;false
LOC-0012;LOC-0076;BICYCLE;2026-08-17T07:00:00+03:00;OK;2245;38;10785;LOCAL_VALHALLA_MATRIX;614f6901a8a3121ba4e5000765ec5673c1c35f4327026ac60cb3d213ab9b903f;3d6acb51b399db7d7013810592f1db53f0bf0bb942dbe13028524b5bf71fa228;2026-09-28T19:47:05.797752+00:00;false
LOC-0012;LOC-0078;BICYCLE;2026-08-17T07:00:00+03:00;OK;1822;31;8689;LOCAL_VALHALLA_MATRIX;d7a4d674ba9d854fe56306decd0c5a4ad9eee0137b19d898a257405b84db5e50;7f48d8f71616e2171e49235a4105dd90b7cc2cca499f1a11c86d22d9082dce3c;2026-09-28T19:47:05.797752+00:00;false
LOC-0012;LOC-0080;BICYCLE;2026-08-17T07:00:00+03:00;OK;1151;20;5405;LOCAL_VALHALLA_MATRIX;317d012a5f9b03a70d116726b9fd7fa627b98a6ea9049dbefe59e4696b145045;ec9aa10ab9f49efd48e77d95a9b4340bc35541b90e743d2edddc32496efb0358;2026-09-28T19:47:05.797752+00:00;false
LOC-0012;LOC-0082;BICYCLE;2026-08-17T07:00:00+03:00;OK;2042;35;9770;LOCAL_VALHALLA_MATRIX;6288a4de8bf2cbcbc112fa8c83385f94526b451c23d16e656b2bce35785accb2;5c4067929561a1de9bd4ae144263090662258e5d75ccff6ddc0bd1ad2656d485;2026-09-28T19:47:05.797752+00:00;false
LOC-0012;LOC-0085;BICYCLE;2026-08-17T07:00:00+03:00;OK;1661;28;7941;LOCAL_VALHALLA_MATRIX;19b7fd08aec6863837efe35973067666722ef27e211dc1e1d59c90b8ba48e933;4ab498aa09add2e3c4b211e81465837cd16b0d27f81b098b4d4ec49717bc0a4c;2026-09-28T19:47:05.797752+00:00;false
LOC-0012;LOC-0086;BICYCLE;2026-08-17T07:00:00+03:00;OK;1707;29;8005;LOCAL_VALHALLA_MATRIX;10e71fdd63d32fb1076385d2c8c0899326159a6259f836acd1bfb0b5aa64fc4a;0b4378188c3f0a3f182cde8cd7cccbc383681873390cc6ef91724d4318ec176b;2026-09-28T19:47:05.797752+00:00;false
LOC-0012;LOC-0091;BICYCLE;2026-08-17T07:00:00+03:00;OK;263;5;1246;LOCAL_VALHALLA_MATRIX;2ad35e745814b91dd58382360adaf7a2c59874d974e451d4e2517e80e3b05b2a;4a4b85fb1c2dba174a27059f21d75b4698d09171dbe34cb213d388e0ed74828d;2026-09-28T19:47:05.797752+00:00;false
LOC-0012;LOC-0092;BICYCLE;2026-08-17T07:00:00+03:00;OK;417;7;1993;LOCAL_VALHALLA_MATRIX;970220ee917bcb6e6edabd3fb8fb4da83affe7717f9b9fa23e7d37d36d0d08df;1178993e34c386e566bf0c806d347b2aee11ff0e07f28f7b3d3149080c84caef;2026-09-28T19:47:05.797752+00:00;false
LOC-0012;LOC-0093;BICYCLE;2026-08-17T07:00:00+03:00;OK;482;9;2144;LOCAL_VALHALLA_MATRIX;e868af3c7151bc977bfa6ac4be03a793200e0f5c0cbb53b5df7c971ab32f7ace;55f14f72b4fbd4cc048770d53a628c700ac9955973b9fedb90cc212649a225b1;2026-09-28T19:47:05.797752+00:00;false
LOC-0012;LOC-0094;BICYCLE;2026-08-17T07:00:00+03:00;OK;1820;31;8691;LOCAL_VALHALLA_MATRIX;e5a28a3918766278f2830418a18823c61546dd89ae78bb42049f925c49847934;d3a08e86ed036e8a11100a3c5d42eaf77ac26726ac10879b7cab2ec12cdd7c30;2026-09-28T19:47:05.797752+00:00;false
LOC-0012;LOC-0095;BICYCLE;2026-08-17T07:00:00+03:00;OK;1999;34;9509;LOCAL_VALHALLA_MATRIX;09e57184166e89257bda5406a90cc38a04c0f58ccc58724f6bca76cf1792d2a5;b61b09e3e99ef85ab4d8a8ee72b44f9a8b2899c28d565f886826cb171ff2c860;2026-09-28T19:47:05.797752+00:00;false
LOC-0012;LOC-0102;BICYCLE;2026-08-17T07:00:00+03:00;OK;2202;37;10538;LOCAL_VALHALLA_MATRIX;2a7c0f2181b71a204e78f958d849b0607332d146dbb91e1fb2e97f134310c219;ada6d9491f7f6912004e7acd34d8077f4f27719525d5da8e6d5e8a7bae8570de;2026-09-28T19:47:05.797752+00:00;false
LOC-0012;LOC-0112;BICYCLE;2026-08-17T07:00:00+03:00;OK;718;12;3389;LOCAL_VALHALLA_MATRIX;afa371727448e1d8ab3157ec60cc75abaabe64e6da951b04c8f4338515f30e77;d72aa39d7ac26f79746b9af5319fb68b5059048f2e3925b6a3475b81f616d963;2026-09-28T19:47:05.797752+00:00;false
LOC-0012;LOC-0124;BICYCLE;2026-08-17T07:00:00+03:00;OK;2975;50;14157;LOCAL_VALHALLA_MATRIX;c3dc0cf048a274b5fade38a713cfa642edf40338dcb2b2a8e71fbc363351a24b;70eed2f826989301502672db047e3420246a2b9995e443457d12a1de62b24ed8;2026-09-28T19:47:05.797752+00:00;false
LOC-0012;LOC-0125;BICYCLE;2026-08-17T07:00:00+03:00;OK;1303;22;6055;LOCAL_VALHALLA_MATRIX;5e6f22273f7ba4f2c50f110d5bae31b1d5c0fbb4e633a143f7faa12715d02bef;5259a1bb010b0e24d5e9afd46a09904b3fb405e9361a1a3ca73655884e3ad485;2026-09-28T19:47:05.797752+00:00;false
LOC-0012;LOC-0126;BICYCLE;2026-08-17T07:00:00+03:00;OK;765;13;3571;LOCAL_VALHALLA_MATRIX;ee818c367222d62c51db8cee1c158d5bfd4e1874140ed9f284289b797ba63788;588f29564e2913a4b3580a14a6b0a5bcad1b86e735e67aaf2b3347f0ef4e13c1;2026-09-28T19:47:05.797752+00:00;false
LOC-0012;LOC-0128;BICYCLE;2026-08-17T07:00:00+03:00;OK;1106;19;5255;LOCAL_VALHALLA_MATRIX;87881f9228b53181bcf2b755275fefe55d94f2e11cd37be2b30e51df88f70a77;769afc7317a95425db4c6a5aa6c4680bbb335200bfa535a4845e20a0eaf0279d;2026-09-28T19:47:05.797752+00:00;false
LOC-0012;LOC-0134;BICYCLE;2026-08-17T07:00:00+03:00;OK;1519;26;7249;LOCAL_VALHALLA_MATRIX;661942463489dc29de2f39ed177ca97eadb386f47c376e98a9fc86497fe575bc;26714f871a9b598f010ebb7c99dc71ea12ecc48ba249eb9330a6b49bec55258b;2026-09-28T19:47:05.797752+00:00;false
LOC-0012;LOC-0135;BICYCLE;2026-08-17T07:00:00+03:00;OK;1742;30;8394;LOCAL_VALHALLA_MATRIX;259cacde707df23a441ff15b49ed9ebc13b9d18c02d670e164817427f64e910f;cc249f0cf9003f869aa1fb5f8f6ef6536e2b114c76e8789b9e16438c96084d82;2026-09-28T19:47:05.797752+00:00;false
LOC-0012;LOC-0136;BICYCLE;2026-08-17T07:00:00+03:00;OK;1596;27;7631;LOCAL_VALHALLA_MATRIX;4be62b183a64040a83a1867677d781922b3a59110e050d6d7fd6bc0ad0e5813b;56660086d64c0a61dff40692d89de3cefb452b62ed148ee7d9744d4d92f0321f;2026-09-28T19:47:05.797752+00:00;false
LOC-0012;LOC-0140;BICYCLE;2026-08-17T07:00:00+03:00;OK;1918;32;9315;LOCAL_VALHALLA_MATRIX;9ec473471ed465f8b07b0dc799ab39201e4e2606d56358c69de4fad7123751fd;97f0bbc7526a35100815a72cba3f612e9f6737595b7678bec4853ab251baef04;2026-09-28T19:47:05.797752+00:00;false
LOC-0012;LOC-0141;BICYCLE;2026-08-17T07:00:00+03:00;OK;2549;43;11985;LOCAL_VALHALLA_MATRIX;d954533f927c2239ebdd06a8222ec1c7c31893a3e9ce73a6a3a39174fc58742c;fd057a57713eea96dae1a338534e73d8a58c7c4169f6477e93829d29e00c4a43;2026-09-28T19:47:05.797752+00:00;false
LOC-0012;LOC-0142;BICYCLE;2026-08-17T07:00:00+03:00;OK;2500;42;11760;LOCAL_VALHALLA_MATRIX;7cc5ee61a2e1a57cab521f664529f6584dd4ecbdbe0cb6a97340fc227f899c8c;1429f2ba1afe82b57f709595737163490dbd373cedc6c30924226333a28a3f94;2026-09-28T19:47:05.797752+00:00;false
LOC-0012;LOC-0145;BICYCLE;2026-08-17T07:00:00+03:00;OK;586;10;2779;LOCAL_VALHALLA_MATRIX;703717e491bc95e3133e16b50de641260abc8edb73d1576d36eff4158b1c604a;775f9e08c196f744f067447b676a3bfdbed48ebb35003d5c8dce54e86a1f2c91;2026-09-28T19:47:05.797752+00:00;false
LOC-0012;LOC-0148;BICYCLE;2026-08-17T07:00:00+03:00;OK;1315;22;6234;LOCAL_VALHALLA_MATRIX;97ee4358b2ca1e2b850f610c8b6d0d0a223048484c960dc5263b4efdc8f0e4be;74b0153a6f5acbc40c3a4efdb958794f3cfecab36bcf9882c57bde232729f0fc;2026-09-28T19:47:05.797752+00:00;false
LOC-0012;LOC-0149;BICYCLE;2026-08-17T07:00:00+03:00;OK;1226;21;5753;LOCAL_VALHALLA_MATRIX;748d70dcb62dcd9e424686e67ef1fa738e8792b1371f088d340469f27abd645b;e2fec18dc26deb6ab163d28c6c12e12b5e1b95fb854bff4ee91b120859e6c347;2026-09-28T19:47:05.797752+00:00;false
LOC-0012;LOC-0150;BICYCLE;2026-08-17T07:00:00+03:00;OK;1187;20;5585;LOCAL_VALHALLA_MATRIX;5c075ad70a3545092ec1d42e91aa23d7a8d73fab097620ff16d8927ef80d5b23;d59c9d2677926178948dca381784349aa6d2af7f0c1a5d1cd044628f5290d8a6;2026-09-28T19:47:05.797752+00:00;false
LOC-0012;LOC-0151;BICYCLE;2026-08-17T07:00:00+03:00;OK;1403;24;6639;LOCAL_VALHALLA_MATRIX;1b44c3c2e9112990a6c63a969826d024ac414d9c8e1c6f6f130dbd7d2a54bf65;d54a486c93becb46aa2d8a6fa134978bbf9bee20cb2f5f2dbf71694fb589a197;2026-09-28T19:47:05.797752+00:00;false
LOC-0012;LOC-0152;BICYCLE;2026-08-17T07:00:00+03:00;OK;1405;24;6631;LOCAL_VALHALLA_MATRIX;ca8615ebbc8550d880b61914faf04517b3f20ee59acf494cee03e53ba9054ed1;f73a30f0772bc9175fe142415ddaaabc48d21e524f49261f784e35a0c2a3478b;2026-09-28T19:47:05.797752+00:00;false
LOC-0012;LOC-0190;BICYCLE;2026-08-17T07:00:00+03:00;OK;531;9;2490;LOCAL_VALHALLA_MATRIX;f4350eef4f543147ca3e06d87da26f98f6a3ee2b9460f0ffe925a52e46350807;345e13e1f1e1e51aad70ff9fbd96e7b87d53cc0045f5574cc57312e160eae7cb;2026-09-28T19:47:05.797752+00:00;false
LOC-0012;LOC-0196;BICYCLE;2026-08-17T07:00:00+03:00;OK;1463;25;6840;LOCAL_VALHALLA_MATRIX;772ef6bccf334b73a922e36363f5e4258f641b7aa172a292849bf429f4ebeb6b;82761c0c5d4df629cff1715ab33061151a677f5561aa64af23dfd09fb39a7684;2026-09-28T19:47:05.797752+00:00;false
LOC-0013;LOC-0002;BICYCLE;2026-08-17T07:00:00+03:00;OK;325;6;1486;LOCAL_VALHALLA_MATRIX;b214e6362a01c9d389f4d115aa5aace8fa02e8c3a69c5265e86e265c67fc5a4d;5307f31583cf3b968a5098b106bdec5b4bc96b9ef3a310b6a4e19cff245fc739;2026-09-28T19:47:05.797752+00:00;false
LOC-0013;LOC-0008;BICYCLE;2026-08-17T07:00:00+03:00;OK;2021;34;9702;LOCAL_VALHALLA_MATRIX;162409b1739c6996b50415e970eaf63f53a0b5c1dfa2e500094808576d3f7bfc;32089e6c2e9d3b65e283f54b43c17c3d71fffb83df8b152603de27ce6d92b23e;2026-09-28T19:47:05.797752+00:00;false
LOC-0013;LOC-0009;BICYCLE;2026-08-17T07:00:00+03:00;OK;2978;50;14305;LOCAL_VALHALLA_MATRIX;a1349c921bb1e8658ccc4a8ea90f256106fe1f1899366568920657f1b03f715a;c4f05fa09fc1dc6473a5b0550f09fde3bf49bf05b9c21ebd8728621ae7b6aaaa;2026-09-28T19:47:05.797752+00:00;false
LOC-0013;LOC-0010;BICYCLE;2026-08-17T07:00:00+03:00;OK;2059;35;9837;LOCAL_VALHALLA_MATRIX;c71ca4fbeff5dadc9e60adab97962bf959c0207f3f5ddda16d207fd1edbc36d9;c6fbfb7025f164b4b93b860170137c2ae1170b4c54119be5aaf4c727d8c7255a;2026-09-28T19:47:05.797752+00:00;false
LOC-0013;LOC-0011;BICYCLE;2026-08-17T07:00:00+03:00;OK;1790;30;8573;LOCAL_VALHALLA_MATRIX;cc80bbd0581173664eab01a48a525131967bfec7260d9c4aa1756ea5b7304ecc;0ca19af0cbde13b59bae9e56c27186de4a091d5cec235ca6db105c0cce85058a;2026-09-28T19:47:05.797752+00:00;false
LOC-0013;LOC-0012;BICYCLE;2026-08-17T07:00:00+03:00;OK;1720;29;8259;LOCAL_VALHALLA_MATRIX;36b19a70bf947d3330e7951ef5d0d2212cda9d099dde2b477787c61d8593670f;464ccb68b9069235b8bad439533d32a335f50cf20488f1c3ef06daa1c5a79180;2026-09-28T19:47:05.797752+00:00;false
LOC-0013;LOC-0013;BICYCLE;2026-08-17T07:00:00+03:00;OK;0;0;0;LOCAL_VALHALLA_MATRIX;c233c704d7b37c48bcd07c6dd83bc083e99faf666c4d2c2bf637f6f91af07553;3d5812abc84c11768aa73a732c85d75dbed439188f5bb3239e9b762ea31d9862;2026-09-28T19:47:05.797752+00:00;false
LOC-0013;LOC-0016;BICYCLE;2026-08-17T07:00:00+03:00;OK;1381;24;6640;LOCAL_VALHALLA_MATRIX;17e9616e5da78811411de39b6459974f2dd3d588d7ad700c039e43abe2617758;8c35b02ce71f67c47a8f3e1c6477fa4f783e0f596b22d1c3e41219c881241cdd;2026-09-28T19:47:05.797752+00:00;false
LOC-0013;LOC-0017;BICYCLE;2026-08-17T07:00:00+03:00;OK;2507;42;12100;LOCAL_VALHALLA_MATRIX;c590f2079d438e875cb101a6537d74eb35a4b88c4b731b6635391c9852b7feb1;17d691cd2a5c41d589863a1b79436e4b5764bfe050fe7a0e628b51f6d912928b;2026-09-28T19:47:05.797752+00:00;false
LOC-0013;LOC-0018;BICYCLE;2026-08-17T07:00:00+03:00;OK;2306;39;11009;LOCAL_VALHALLA_MATRIX;4d0e24addd3e0e5a5f13e97bf6d5893638e6cf6f81de466aeebb9d5671c20763;a753c0857dea4428372f0139eb2ea8b494c0f1153126c2acab193ecb224db798;2026-09-28T19:47:05.797752+00:00;false
LOC-0013;LOC-0019;BICYCLE;2026-08-17T07:00:00+03:00;OK;2100;35;10097;LOCAL_VALHALLA_MATRIX;d6ef72d113b87d44e53f15a14bd1039de76b04455d8b1f6db8055453787f127c;76018d74b6ace2edd2afa0095648d750d3712099a6dabe69916083138c70ac66;2026-09-28T19:47:05.797752+00:00;false
LOC-0013;LOC-0020;BICYCLE;2026-08-17T07:00:00+03:00;OK;2358;40;11284;LOCAL_VALHALLA_MATRIX;4e833d2b0936ea671896f04686cd8e15741f2988beedcb82b12c1f37f5b3812a;1bc05c9259e3daee36e666d8e570855a5ce2908dc91beb439609c9d9c048ca04;2026-09-28T19:47:05.797752+00:00;false
LOC-0013;LOC-0023;BICYCLE;2026-08-17T07:00:00+03:00;OK;2288;39;11009;LOCAL_VALHALLA_MATRIX;b6fadec7f71ef69cf24d6b777cef401a1d590761c55a820c8ee339f9a61f9758;82dc3e63648afc768d24d77152b208208497744840bc5a3848ab0357d11cc2f0;2026-09-28T19:47:05.797752+00:00;false
LOC-0013;LOC-0027;BICYCLE;2026-08-17T07:00:00+03:00;OK;1834;31;8425;LOCAL_VALHALLA_MATRIX;ffd433b85cecac9de19d4063e448396125126fc22e404f656191a69ceeacd86b;39258e5e987e6ac8813565227878083409c8f108548a4ed0c7f60012e584cb82;2026-09-28T19:47:05.797752+00:00;false
LOC-0013;LOC-0028;BICYCLE;2026-08-17T07:00:00+03:00;OK;1623;28;7919;LOCAL_VALHALLA_MATRIX;db19032fc07c166b04cc27bdeca5bb86d335961154a8302ea94cba16ed78b8da;e5cd1acbdfa93a0aacb5e38c1c2984826326e5e35cc45aee9bc01d3486f4c3dc;2026-09-28T19:47:05.797752+00:00;false
LOC-0013;LOC-0029;BICYCLE;2026-08-17T07:00:00+03:00;OK;1548;26;7542;LOCAL_VALHALLA_MATRIX;9adeedea0804a9c84b7d0e2418354bda796fec202dbe7c01a4979720b98804d4;b75bedda83e460f65496fd271430167ce0f321f2debff0e670c52ea943fa0195;2026-09-28T19:47:05.797752+00:00;false
LOC-0013;LOC-0037;BICYCLE;2026-08-17T07:00:00+03:00;OK;803;14;3848;LOCAL_VALHALLA_MATRIX;25e21069d3b63f1f945a184310ead5191214a4a5d37cd5ab613919ac83c889df;3386aefaf0b6062dfe79f363af19107cc78f23dff8c30be3dab2f49dfac040d0;2026-09-28T19:47:05.797752+00:00;false
LOC-0013;LOC-0045;BICYCLE;2026-08-17T07:00:00+03:00;OK;1866;32;9046;LOCAL_VALHALLA_MATRIX;089104dd6af441f1101c645fa7bf602e12efb9985ca2bd9766931a18957d2bef;aa1a0fbdf21a0ac775edf5863d8c1a1810ce30652be32ca12eb70185f7d2c826;2026-09-28T19:47:05.797752+00:00;false
LOC-0013;LOC-0053;BICYCLE;2026-08-17T07:00:00+03:00;OK;1350;23;6527;LOCAL_VALHALLA_MATRIX;18989a7489deec70eb4f6c738c3c9e4d7fc12f6b36139d8d87b2d137d5f224f8;bc5f3a3624aaf552904821d92453301a6434877efcca9a13506035cac2ec1bf5;2026-09-28T19:47:05.797752+00:00;false
LOC-0013;LOC-0054;BICYCLE;2026-08-17T07:00:00+03:00;OK;1002;17;4821;LOCAL_VALHALLA_MATRIX;76916a4ba308e072f2c2c54962944f84902666ca80801d8cf9680d534c471994;c7921ed62b0104d5fb6cdf71f57478589d71286b5b727c56775e6003c64eaa9d;2026-09-28T19:47:05.797752+00:00;false
LOC-0013;LOC-0061;BICYCLE;2026-08-17T07:00:00+03:00;OK;1758;30;8265;LOCAL_VALHALLA_MATRIX;fb80b55bdf921c9ed86fbdf4c4989079b79616d9dc33ac2934321f41aa7d171a;b1aeccf24ed7d37c89c1d11ea49930a94d2387096c7c2c874fc3f1340053aa72;2026-09-28T19:47:05.797752+00:00;false
LOC-0013;LOC-0063;BICYCLE;2026-08-17T07:00:00+03:00;OK;2213;37;10765;LOCAL_VALHALLA_MATRIX;350172961a50b096f0a6a9c614547524daeb25736cf5c172ffc527e714b0c68f;9bd1e47384634d7342ba24523e134202fc039c7f8d0a31fcb9472796fbd5f98b;2026-09-28T19:47:05.797752+00:00;false
LOC-0013;LOC-0064;BICYCLE;2026-08-17T07:00:00+03:00;OK;1850;31;8962;LOCAL_VALHALLA_MATRIX;b4358dbbea7bae89c691a16295ed7c06ed2882c61094b8be7c241a0c0f9108ee;f9ad6b68714a2a24de8f1dfd26ced67a6b61f6a98331cdf8ba49d7f84f040adb;2026-09-28T19:47:05.797752+00:00;false
LOC-0013;LOC-0074;BICYCLE;2026-08-17T07:00:00+03:00;OK;2023;34;9616;LOCAL_VALHALLA_MATRIX;3fd3c155eeea69b82475ac9183146c1c7cb3d5a4f6b422910a567b19b1b985a5;c0ea4b3ba3f35113d5cf6be3e65d0e02773d011044d1ab815e984c65517b893e;2026-09-28T19:47:05.797752+00:00;false
LOC-0013;LOC-0075;BICYCLE;2026-08-17T07:00:00+03:00;OK;2240;38;10769;LOCAL_VALHALLA_MATRIX;56da06439ce5f19174661afb01aabde7e9539a85a6da75de4f5a2d317c0077d3;f92eca1720f3395d314554150e9239d81381bea262ea40e725c1b20e162cac3d;2026-09-28T19:47:05.797752+00:00;false
LOC-0013;LOC-0076;BICYCLE;2026-08-17T07:00:00+03:00;OK;1408;24;6673;LOCAL_VALHALLA_MATRIX;7a1c154d203a9d720a68a55645c500a895d00e088631b849db84a7450d072488;068723930d80e6fc4a2dfd05e4e30790329cf50465dc7ebad9716de550ef2bd8;2026-09-28T19:47:05.797752+00:00;false
LOC-0013;LOC-0078;BICYCLE;2026-08-17T07:00:00+03:00;OK;1653;28;7981;LOCAL_VALHALLA_MATRIX;9570ce4dd32c03801e4732ab6272d4aabfaea01689ab53803bcb38daa74316ee;2bb55f4e9f42eb9278617cc2c74b13dfdd63337ef5394c7cff65f49452d201cd;2026-09-28T19:47:05.797752+00:00;false
LOC-0013;LOC-0080;BICYCLE;2026-08-17T07:00:00+03:00;OK;2058;35;9786;LOCAL_VALHALLA_MATRIX;71f292f92d2c89d436a0b58cb3c771a9c81ab3ac68cad8c039398464faa0afda;2c57be70d02b1b25de49b4103537ce62485dc1382cd36e8fae407f182c712a15;2026-09-28T19:47:05.797752+00:00;false
LOC-0013;LOC-0082;BICYCLE;2026-08-17T07:00:00+03:00;OK;1850;31;9003;LOCAL_VALHALLA_MATRIX;34be5a5259bd1b76b2f3e25d2db4e5b2e56d9ccf6e14e896aca846565778702a;84e01d333b96a338552468c3b374341510cfdaf3e84f35cf02c931e4b5a33121;2026-09-28T19:47:05.797752+00:00;false
LOC-0013;LOC-0085;BICYCLE;2026-08-17T07:00:00+03:00;OK;381;7;1733;LOCAL_VALHALLA_MATRIX;1c27a5b382155d5ca0eb8be52e576c5e4e6f68ab31ba2b17868705cf59d5f425;dd691ff3d9eceb560eae75aeef7c3695cafc8ffc8b387ce367795f33a286506f;2026-09-28T19:47:05.797752+00:00;false
LOC-0013;LOC-0086;BICYCLE;2026-08-17T07:00:00+03:00;OK;431;8;1844;LOCAL_VALHALLA_MATRIX;92f79e9cfd9d9dbd6e7546b32f68dba92f11f923f34e414877f27a924dc26236;798540fceda85926a7093adf4a228888c2b4a247ce841da19b08921434cdb0ec;2026-09-28T19:47:05.797752+00:00;false
LOC-0013;LOC-0091;BICYCLE;2026-08-17T07:00:00+03:00;OK;2012;34;9643;LOCAL_VALHALLA_MATRIX;df7da13c2af5da47178de9137898786630370a462011193be141004859312d44;89c3714430c25d56b4fa2d13561ec48054c1e07bb2639fed7e66ee7230275790;2026-09-28T19:47:05.797752+00:00;false
LOC-0013;LOC-0092;BICYCLE;2026-08-17T07:00:00+03:00;OK;2045;35;9794;LOCAL_VALHALLA_MATRIX;56a7e6b5ddc58cad4fa6025f7f2b8272e8b7c354a684af13c088f9a57d645d7c;33edaf8b18bd413e7a9dc396a9c50a1b6f709c6e57567f24dee5a154f3471824;2026-09-28T19:47:05.797752+00:00;false
LOC-0013;LOC-0093;BICYCLE;2026-08-17T07:00:00+03:00;OK;2080;35;9795;LOCAL_VALHALLA_MATRIX;7e92752c56d4c20a40cd1fb0844e26e87e98464170c0df7680485c85cc0470f0;6592307aee466308ca99f4188e00ea7bf4cb31a6ddcb2ec4bdc9c9b1264993ed;2026-09-28T19:47:05.797752+00:00;false
LOC-0013;LOC-0094;BICYCLE;2026-08-17T07:00:00+03:00;OK;544;10;2530;LOCAL_VALHALLA_MATRIX;53f521ea4a51a57f2b319e89e08b3c783b6e09559af6e7e19dc0adf7e1abce84;d879ed2ac92c4d3d74c8cac45d26d756e4bae65eac406d3159620475a894f70b;2026-09-28T19:47:05.797752+00:00;false
LOC-0013;LOC-0095;BICYCLE;2026-08-17T07:00:00+03:00;OK;688;12;3225;LOCAL_VALHALLA_MATRIX;8af5ea63b6e6abd748a535130fcf8d31af6aebb8f0ffd7a927a1f9a764863cc1;f74162beac3101ce2dca23ca17225a2249cd5afeae704cb9f783d9e0f61c1448;2026-09-28T19:47:05.797752+00:00;false
LOC-0013;LOC-0102;BICYCLE;2026-08-17T07:00:00+03:00;OK;2011;34;9780;LOCAL_VALHALLA_MATRIX;038a298a1c594487aefc721182c646708f1c21d149371c0a8d6738a539d03077;40f09eb7d1d67f9fec7d91da9dad91e2bec1b6b951203baf2e47c2fd04bd398e;2026-09-28T19:47:05.797752+00:00;false
LOC-0013;LOC-0112;BICYCLE;2026-08-17T07:00:00+03:00;OK;1903;32;9172;LOCAL_VALHALLA_MATRIX;c60db8f735900fb3860a85dfc025a716d42933f57cc42fcf25bbe2e51b5157b4;a8fd76607b624e2c972ecaecc2d667b8139a14568a11df77af28bb427ced6800;2026-09-28T19:47:05.797752+00:00;false
LOC-0013;LOC-0124;BICYCLE;2026-08-17T07:00:00+03:00;OK;2842;48;13646;LOCAL_VALHALLA_MATRIX;5815615ae285d348c0e867c8eb2d64b5df9bfd452bb92ed0927a233af051304f;0807f7dcc57d5b5e444f101df54023a1c47816c6c7b6079fc2a0794c15c84b06;2026-09-28T19:47:05.797752+00:00;false
LOC-0013;LOC-0125;BICYCLE;2026-08-17T07:00:00+03:00;OK;2308;39;10955;LOCAL_VALHALLA_MATRIX;a6e5807aa18064e81abb18dc42e6c1d6895f491c72813b51373840fce9dfd577;7238bd845a4a69602611dd88327a40138274ee448bcfef6262c4e3cf72577b02;2026-09-28T19:47:05.797752+00:00;false
LOC-0013;LOC-0126;BICYCLE;2026-08-17T07:00:00+03:00;OK;1671;28;7952;LOCAL_VALHALLA_MATRIX;78365631425684281301cfad55d5824fc77b1cba8a8787ffd93612399a8f5b16;a77898fac1d62fe8ae727db7c81c80251bdd5554396913bc07358ce947cd00ec;2026-09-28T19:47:05.797752+00:00;false
LOC-0013;LOC-0128;BICYCLE;2026-08-17T07:00:00+03:00;OK;949;16;4518;LOCAL_VALHALLA_MATRIX;e8f3ab5912fe80a83632af47c55db276474520bdfa36591e3e512841fe119c0c;f804e7cb80700a2d62380d4d3bb68ec2d4c5d331ddcc5dc2c149703a6b6bdecc;2026-09-28T19:47:05.797752+00:00;false
LOC-0013;LOC-0134;BICYCLE;2026-08-17T07:00:00+03:00;OK;268;5;1218;LOCAL_VALHALLA_MATRIX;663369fe38710ca9d8bc289bafd634610662f04a17b39c742d48c63a0c76071f;0ae60d7e5b56575ece6675f3e497e5dcc99276e504fdd115823fc8da65a74206;2026-09-28T19:47:05.797752+00:00;false
LOC-0013;LOC-0135;BICYCLE;2026-08-17T07:00:00+03:00;OK;170;3;805;LOCAL_VALHALLA_MATRIX;7efd61f427834b00dd6cadec018dbd216031e8980afd3399aa386f2ee9a7518f;61f7adcb97a057bf56b6fb7f58694d38b601ad8dd94375fd7ebecf93c56a9bd1;2026-09-28T19:47:05.797752+00:00;false
LOC-0013;LOC-0136;BICYCLE;2026-08-17T07:00:00+03:00;OK;215;4;986;LOCAL_VALHALLA_MATRIX;e64a608c0fd5e2868f75482128b531c0eb87ad917e5b6721dcd7f174adb5ad7a;3195988db3a2341c9014613afa77e8a8b89975cb6eefbd41b25a0678682afe65;2026-09-28T19:47:05.797752+00:00;false
LOC-0013;LOC-0140;BICYCLE;2026-08-17T07:00:00+03:00;OK;1081;19;5203;LOCAL_VALHALLA_MATRIX;659127e393576132fe19eb9ef0997701fe0357f1f0b7b25de135274489f7ff41;5dc83c4f7dd5e19c5e50e2c198628cf779d67e9cf985a3a1689f364cb60063d7;2026-09-28T19:47:05.797752+00:00;false
LOC-0013;LOC-0141;BICYCLE;2026-08-17T07:00:00+03:00;OK;3034;51;14437;LOCAL_VALHALLA_MATRIX;aad689803a8b2bc3131a9302571e811d5098ae4624534e32525f5dd76767bbbd;4ca4fed69cb60d5ee0e960324f3381948308e5ceb8b4d696e560d2d477307df7;2026-09-28T19:47:05.797752+00:00;false
LOC-0013;LOC-0142;BICYCLE;2026-08-17T07:00:00+03:00;OK;3125;53;14874;LOCAL_VALHALLA_MATRIX;bed5a3228a051bc4b09d2278fdec4f7615768449cb5c34d1d5241dac1a1c83b9;82d38d773000258ef7d1885dd77f0bf3d4b016e2472c94764371fbae134b768c;2026-09-28T19:47:05.797752+00:00;false
LOC-0013;LOC-0145;BICYCLE;2026-08-17T07:00:00+03:00;OK;2337;39;11176;LOCAL_VALHALLA_MATRIX;f047b75569cc41202f0fd742bb2d421eb86d7cbb4b66b5a2702da70902c71f42;f31db4f5b2cbf9b98ff8a9e0ad83ca8d193a9c99b9745906a7bb3f94aa362dfa;2026-09-28T19:47:05.797752+00:00;false
LOC-0013;LOC-0148;BICYCLE;2026-08-17T07:00:00+03:00;OK;2273;38;10993;LOCAL_VALHALLA_MATRIX;1f93ef96d9d25ff551eedd6ea7623c21d00bc3c9660a66a5965aef4e884d1012;b6bfa32e94c45b999594be01d2cfac4c9b8e6acdb1df3f2075a22ad1e27a0992;2026-09-28T19:47:05.797752+00:00;false
LOC-0013;LOC-0149;BICYCLE;2026-08-17T07:00:00+03:00;OK;2181;37;10534;LOCAL_VALHALLA_MATRIX;7f81f12f9182def024af36cb3b47928c8b2fdadfd67997e3be40bbde6608a071;09ed564649109d8323c1fd4a89da1a3b345ba2099df07392e1e27879105920f8;2026-09-28T19:47:05.797752+00:00;false
LOC-0013;LOC-0150;BICYCLE;2026-08-17T07:00:00+03:00;OK;2145;36;10349;LOCAL_VALHALLA_MATRIX;e700dbf9c27e67381d20db608f5ba3f833f7f5b9ab054d47be406c8b04aa44f5;34103604d40e3c00b2954ca76989625a1252e8343d197d51f55dac0df338b680;2026-09-28T19:47:05.797752+00:00;false
LOC-0013;LOC-0151;BICYCLE;2026-08-17T07:00:00+03:00;OK;2360;40;11398;LOCAL_VALHALLA_MATRIX;222889ef53d452a4bae6892545e2c31eb3fdf2e2f1515cc7a3342553464a01b9;11adbb031fb7c2405010410f75ff6cffc44e76367ae9ce1ac7a2127e1160be5a;2026-09-28T19:47:05.797752+00:00;false
LOC-0013;LOC-0152;BICYCLE;2026-08-17T07:00:00+03:00;OK;2362;40;11390;LOCAL_VALHALLA_MATRIX;17c2cce800ce1424d48131ce0bde104fba81692701d40d495f1349ebf6581799;1883baf0fbf0ac7766914e274a8d5754a5154e3a9ef02b53760c50034b994807;2026-09-28T19:47:05.797752+00:00;false
LOC-0013;LOC-0190;BICYCLE;2026-08-17T07:00:00+03:00;OK;1449;25;6967;LOCAL_VALHALLA_MATRIX;68583d4815ed1e1d31996a64dc0afcea4699b13fbb20f6e3f73e7d53e5e693f1;690e59167d27dcc0434bb4166464ce59f5bd70ea3e0de534b2a4521bbeeef8ed;2026-09-28T19:47:05.797752+00:00;false
LOC-0013;LOC-0196;BICYCLE;2026-08-17T07:00:00+03:00;OK;2772;47;13144;LOCAL_VALHALLA_MATRIX;4022b09eda71f2c2537520622626fa47c2ac9c2fdfc125f19287bf42dd11c187;87ee39448c50273c6b0d90b4264cabc97a3d1484264a2e8e8129a563c328cf9e;2026-09-28T19:47:05.797752+00:00;false
LOC-0016;LOC-0002;BICYCLE;2026-08-17T07:00:00+03:00;OK;1232;21;5908;LOCAL_VALHALLA_MATRIX;0de254b701ad8db3ec21100e9ca7f070561e96a7b17cc924e12e52eb0882fb69;5a5b3d1426b193f19fd0489a1a963fa6c440a16faa546f30031b86f3a3b7c284;2026-09-28T19:47:05.797752+00:00;false
LOC-0016;LOC-0008;BICYCLE;2026-08-17T07:00:00+03:00;OK;2478;42;11934;LOCAL_VALHALLA_MATRIX;6ba8c33750bd09a66677b9bc06e7bad479842f44c87064c602a902de1fabf782;42a785b96e7d81ff73d6b0781a57fb18314ce606bfa84bf3c2ef87056bdf2aae;2026-09-28T19:47:05.797752+00:00;false
LOC-0016;LOC-0009;BICYCLE;2026-08-17T07:00:00+03:00;OK;2257;38;10769;LOCAL_VALHALLA_MATRIX;71d0e4c9b3dc1bf58de7c605970deb93843b69317992608cda02be2cf3f586f1;f45c8db0bd1b387afc79339b15b3aa91bccb8c9ef3e1c52da2a2184b4f4a2e5d;2026-09-28T19:47:05.797752+00:00;false
LOC-0016;LOC-0010;BICYCLE;2026-08-17T07:00:00+03:00;OK;2516;42;12069;LOCAL_VALHALLA_MATRIX;5759fd7ef8369d0820c34bd2d689954868b639c94e4714a52f196cc50b178097;a6071d957a9818d24aef157a744da14601c6d3284856d0680ae331918b18ff54;2026-09-28T19:47:05.797752+00:00;false
LOC-0016;LOC-0011;BICYCLE;2026-08-17T07:00:00+03:00;OK;2247;38;10805;LOCAL_VALHALLA_MATRIX;c553282c8705d81bb2a33a2beb5b778c5e05e303104f35de186aac2dfd1ec5f5;601582fc6b8e1d9e410b9d644fcaf1505764b9dd8b1bf2fec34e9db33614c264;2026-09-28T19:47:05.797752+00:00;false
LOC-0016;LOC-0012;BICYCLE;2026-08-17T07:00:00+03:00;OK;2177;37;10491;LOCAL_VALHALLA_MATRIX;e532380e7f6d348df6e27588417e2000826ca55d47937c6a64ae5c36cde50eb1;d091de1865a5ffb787fd1a54fb6b38d578a09fddbaeac4dc3c7bbd98119c4975;2026-09-28T19:47:05.797752+00:00;false
LOC-0016;LOC-0013;BICYCLE;2026-08-17T07:00:00+03:00;OK;1342;23;6460;LOCAL_VALHALLA_MATRIX;53b4a3b1ebe025e2d4b1cada839bcf163579a8eec25a3d4e465b08b812b9b362;797b2cd9c1324bdaa916ea100f6875879eeffc466baea84831656131f8527e95;2026-09-28T19:47:05.797752+00:00;false
LOC-0016;LOC-0016;BICYCLE;2026-08-17T07:00:00+03:00;OK;0;0;0;LOCAL_VALHALLA_MATRIX;e4f506559866597d4dbf4cff502bada87dac218b6959fdf1d79ce433c7fa8032;3d5812abc84c11768aa73a732c85d75dbed439188f5bb3239e9b762ea31d9862;2026-09-28T19:47:05.797752+00:00;false
LOC-0016;LOC-0017;BICYCLE;2026-08-17T07:00:00+03:00;OK;2427;41;11437;LOCAL_VALHALLA_MATRIX;ca5f13b9466ac7d92857b125b66f5c8561f12dd4dd8b83add33508cc0c79f2af;abe7cfc7b7ff8d5d69bd9ffd922ce1bd7ac3e4c497def3ec1d5fd2b14542087e;2026-09-28T19:47:05.797752+00:00;false
LOC-0016;LOC-0018;BICYCLE;2026-08-17T07:00:00+03:00;OK;2463;42;11632;LOCAL_VALHALLA_MATRIX;f64ae4b7dc454e13dca913df695a22e63d2f71ae03f495461dcc9dca70b46d70;9db34bc4d3773a188c3d27c134a6644624a8d20aa631346ab891de21f7d45572;2026-09-28T19:47:05.797752+00:00;false
LOC-0016;LOC-0019;BICYCLE;2026-08-17T07:00:00+03:00;OK;2557;43;12329;LOCAL_VALHALLA_MATRIX;ce6e0a906962bb06abe2048338ba532c932ed73553902c7a6da1d1e4206a7e7a;32ef8f7be3d8d62335c9d30942a97b3daf6ad46b54c512b57852f43faf0dd353;2026-09-28T19:47:05.797752+00:00;false
LOC-0016;LOC-0020;BICYCLE;2026-08-17T07:00:00+03:00;OK;2815;47;13516;LOCAL_VALHALLA_MATRIX;8e3f848f732ca7d6659cda2f19750bf00d2f116cff8bf6589cbf36e7094f9c04;ac0543220ab29dc5e85cd33899ef392aa44a52319cf098b65d000729edcab3ee;2026-09-28T19:47:05.797752+00:00;false
LOC-0016;LOC-0023;BICYCLE;2026-08-17T07:00:00+03:00;OK;2745;46;13241;LOCAL_VALHALLA_MATRIX;f81d1656d03100288695c86a21526558c7830294e486263b10a02c6dbf42bc3c;a20cb74373ccafd5e6a923214b18b6aed492d42f193190de03cdb7d83bbc29fe;2026-09-28T19:47:05.797752+00:00;false
LOC-0016;LOC-0027;BICYCLE;2026-08-17T07:00:00+03:00;OK;2280;38;10365;LOCAL_VALHALLA_MATRIX;6cb6f9ced475b4b06a8eab50f3e0f3fda3655d4a7c1a1468af0ab754bc853a50;97f1ef9b168f5c0a129fe93ce3972e7d0c919c1e26c2cb8b0aa5acfc1414310e;2026-09-28T19:47:05.797752+00:00;false
LOC-0016;LOC-0028;BICYCLE;2026-08-17T07:00:00+03:00;OK;1297;22;6041;LOCAL_VALHALLA_MATRIX;8408b1f9024cea41980a7cfe48f0966df276fe7604f0a2e6222d6d5a3624d5a0;af13dbda80120bfe8d8d8968914e2153811fb3cd23e701e849be211c240606c2;2026-09-28T19:47:05.797752+00:00;false
LOC-0016;LOC-0029;BICYCLE;2026-08-17T07:00:00+03:00;OK;1259;21;5912;LOCAL_VALHALLA_MATRIX;16fbdc8612978fd57378243ced3d97565af12fb12fa50548810faf88d6802ba6;64c40ed1fc2feb80b244fa8233f68f3102d4317beae0ba8402f5aba276042268;2026-09-28T19:47:05.797752+00:00;false
LOC-0016;LOC-0037;BICYCLE;2026-08-17T07:00:00+03:00;OK;1207;21;5874;LOCAL_VALHALLA_MATRIX;a01ac2eb29638ec2d1b417a347af73846887045b79390931e7f99898ef8e19a0;c223afda279667bb67c7ea2de63fff70ee509ab50c4cf5c1f6e3097909b04859;2026-09-28T19:47:05.797752+00:00;false
LOC-0016;LOC-0045;BICYCLE;2026-08-17T07:00:00+03:00;OK;1872;32;8867;LOCAL_VALHALLA_MATRIX;978f9aba01534deea4f9bcb13061dc546003bceea201ec5e6cab165fa0e25166;2c19411b06cbabe00e394e50e84ccc37b6947b63b5d9e3ec983bc32c48884105;2026-09-28T19:47:05.797752+00:00;false
LOC-0016;LOC-0053;BICYCLE;2026-08-17T07:00:00+03:00;OK;391;7;1783;LOCAL_VALHALLA_MATRIX;0dbce2d83e6a8ba91972b21b839496f809a9e5117c35ea06e1f03d238f1efbba;5c1582017e22a5138cab07223cc6e867bfe2ca27f01638fed889d6688411fe42;2026-09-28T19:47:05.797752+00:00;false
LOC-0016;LOC-0054;BICYCLE;2026-08-17T07:00:00+03:00;OK;1459;25;7053;LOCAL_VALHALLA_MATRIX;245963b45038f2a5d9c7ffebd0152cd511e76e9b0bd6a30367ba770e3f6a1dc3;e30010fde852d74a509554e6963fccdbbe9c6ec69df325303a4c9fbfdba0d5f3;2026-09-28T19:47:05.797752+00:00;false
LOC-0016;LOC-0061;BICYCLE;2026-08-17T07:00:00+03:00;OK;2215;37;10497;LOCAL_VALHALLA_MATRIX;97d69af279e3150b72a34514dab495855b29c95db14617b815ccc3d548733a96;4591b2601a9e476594595605e84537ce752704c24e3393583fa68da2e25117a0;2026-09-28T19:47:05.797752+00:00;false
LOC-0016;LOC-0063;BICYCLE;2026-08-17T07:00:00+03:00;OK;1221;21;5709;LOCAL_VALHALLA_MATRIX;026173085341eb6d73a278e816ca37b30fc18276b06d05f3a4e17618aa262827;02dda5bf2884cd9af8059e931abce736ef3d9a3c4af49e28684ef5107bfe40ae;2026-09-28T19:47:05.797752+00:00;false
LOC-0016;LOC-0064;BICYCLE;2026-08-17T07:00:00+03:00;OK;1363;23;6353;LOCAL_VALHALLA_MATRIX;21694d7e427bb74a1ae4bc2d4f9f43dedec828abaf2f92f028a7f7f0cbfe30f8;3fc6851794dac1167893b52cd30afbfea25d1d87c375eaba7d3a4a068aecc91b;2026-09-28T19:47:05.797752+00:00;false
LOC-0016;LOC-0074;BICYCLE;2026-08-17T07:00:00+03:00;OK;2626;44;12475;LOCAL_VALHALLA_MATRIX;bb0356058749069c6c816d579daaa2da980de6a701d084b7cbc3f17b645ddf47;4e309751918600d506e305ad5abe612bdf88da7094db2d386f6e7c5abf84a669;2026-09-28T19:47:05.797752+00:00;false
LOC-0016;LOC-0075;BICYCLE;2026-08-17T07:00:00+03:00;OK;2686;45;12709;LOCAL_VALHALLA_MATRIX;dddf690d68c5f85d9baa70d49869082c041f7013ffb20192e4c0ad32cc8afbc1;074e3480951fea75cd74fd399ff7a6b83e16f95f82a1de6fb1e83d0aaf1c7a99;2026-09-28T19:47:05.797752+00:00;false
LOC-0016;LOC-0076;BICYCLE;2026-08-17T07:00:00+03:00;OK;284;5;1161;LOCAL_VALHALLA_MATRIX;8a78ec91e904d2adb069b458850530aa2955722fd045a90af39e612304f0ac98;f652c69ecb0fc99e7d0380305bc914c686e079963f3020570ca41200fa9318a2;2026-09-28T19:47:05.797752+00:00;false
LOC-0016;LOC-0078;BICYCLE;2026-08-17T07:00:00+03:00;OK;1644;28;7672;LOCAL_VALHALLA_MATRIX;243c658ac72060a45049fbd68e4edb19efcf24d614909c2d41f8a9c89d941f24;5792161a4e15443eecf35cfd668bbdbc3d0a73e91e77fe875939209b8f23bf4a;2026-09-28T19:47:05.797752+00:00;false
LOC-0016;LOC-0080;BICYCLE;2026-08-17T07:00:00+03:00;OK;2724;46;12920;LOCAL_VALHALLA_MATRIX;47134199e72407bd5e8af1eb8c57e9053f49942980cd2d69438f5d6b48bc4b9c;7d6439ac5a74b66d0d7264506a4862811c1cf0e3202f7c2d63ad1e61f5df59eb;2026-09-28T19:47:05.797752+00:00;false
LOC-0016;LOC-0082;BICYCLE;2026-08-17T07:00:00+03:00;OK;1218;21;5737;LOCAL_VALHALLA_MATRIX;759bc4310bcc4d6b81fd09872287c7ae71c61bb54b2ba8d6c9a62c6dae4372f3;0ca179999dd90392f98726e3a30792f244342c1271de0f03e5ce8d008a4b72a7;2026-09-28T19:47:05.797752+00:00;false
LOC-0016;LOC-0085;BICYCLE;2026-08-17T07:00:00+03:00;OK;1461;25;7021;LOCAL_VALHALLA_MATRIX;06f83d0c093797b66e769e36850b9064282ce37027d394267d9b9493875ab367;474368e7c2432f81023ef5bbae7049a5cfb0f1faf81a0a3b2a2fb8122f205d6c;2026-09-28T19:47:05.797752+00:00;false
LOC-0016;LOC-0086;BICYCLE;2026-08-17T07:00:00+03:00;OK;1507;26;7085;LOCAL_VALHALLA_MATRIX;54e6f919fbe6137269b5cec939d0f3bf4fbe0fc3f5e2ba84c883ee697b9ba097;57fabb5da62f814924cf033127e2fe59833cafdbb953fb167b3f628944349326;2026-09-28T19:47:05.797752+00:00;false
LOC-0016;LOC-0091;BICYCLE;2026-08-17T07:00:00+03:00;OK;2469;42;11875;LOCAL_VALHALLA_MATRIX;98293ad192fecaad9d2c823bdb6d48866e554272ed7045cbe7b9a2a1a04aa8ad;3cfae785b525e0c2a9eb4d31743d118a1edb175ae4dfa5e0b4448b379686af47;2026-09-28T19:47:05.797752+00:00;false
LOC-0016;LOC-0092;BICYCLE;2026-08-17T07:00:00+03:00;OK;2502;42;12026;LOCAL_VALHALLA_MATRIX;1fccea07954780864ca762590563435da136f53337ebff7215f6ff3a6517b2ee;7e7640196922931007a2eb72851e988d1d8f5f8196f282bd46433234cc6811c2;2026-09-28T19:47:05.797752+00:00;false
LOC-0016;LOC-0093;BICYCLE;2026-08-17T07:00:00+03:00;OK;2537;43;12027;LOCAL_VALHALLA_MATRIX;871e329d39945251f9b8315a54ed12d39bd46967a826cd20aa1661f04ce595a2;c8bd137bfc6582a1dadd60caa622c64242c10a79652bc92f9e6f2d892a02d8b7;2026-09-28T19:47:05.797752+00:00;false
LOC-0016;LOC-0094;BICYCLE;2026-08-17T07:00:00+03:00;OK;1620;27;7771;LOCAL_VALHALLA_MATRIX;d4a9db05010b109e75a12143f3cde53acd18c73a7b9eaa65a879f98ae31328b1;4c68f8fe48ac3faa1be66345105caf86ea32827b7cee395ae9013adf39be27cf;2026-09-28T19:47:05.797752+00:00;false
LOC-0016;LOC-0095;BICYCLE;2026-08-17T07:00:00+03:00;OK;1799;30;8589;LOCAL_VALHALLA_MATRIX;e685938101da72a046a5204b391078fa96438f93b4f91231f79015dcbe020aaf;a789c44896f597eaa7187901ae95270e920ad9d2831c1ef99728ce4f5f21957c;2026-09-28T19:47:05.797752+00:00;false
LOC-0016;LOC-0102;BICYCLE;2026-08-17T07:00:00+03:00;OK;1347;23;6416;LOCAL_VALHALLA_MATRIX;ad0267997d3fbab5d8e5ad90f8b815ec98a43a653548855937f59059e641f5c8;dd67ba8284fb147f570c801b762d02f141e518dad730ff2069887e5525a5b7a1;2026-09-28T19:47:05.797752+00:00;false
LOC-0016;LOC-0112;BICYCLE;2026-08-17T07:00:00+03:00;OK;2360;40;11404;LOCAL_VALHALLA_MATRIX;fe7c9f5c28df16ddb43c911f184bb26b6213eb774f4ed3e7547c20fae4c57ac5;27c34d22b166d3b4edea0fff3d16fcd8f1469e6643031005d371bd3f7eda6a6e;2026-09-28T19:47:05.797752+00:00;false
LOC-0016;LOC-0124;BICYCLE;2026-08-17T07:00:00+03:00;OK;2121;36;10110;LOCAL_VALHALLA_MATRIX;3617f497c05984bea534655cad0c3fb6f04ca73c86e9316b9f301bba832703c6;f009a30709c28db80c96a95f4e56bef9cef945d80f6fa51d38e13063d3d1825b;2026-09-28T19:47:05.797752+00:00;false
LOC-0016;LOC-0125;BICYCLE;2026-08-17T07:00:00+03:00;OK;2640;44;12475;LOCAL_VALHALLA_MATRIX;fe6da884ab93e7cd26f96f9cfbb55c168edf61d8173cb3116e864cd974560854;2e73fecce6d92b0a468a991b3f2318dfe074851bfc618f99bcbf9f418707afa6;2026-09-28T19:47:05.797752+00:00;false
LOC-0016;LOC-0126;BICYCLE;2026-08-17T07:00:00+03:00;OK;2154;36;10331;LOCAL_VALHALLA_MATRIX;fd7acdab309ad8824bc5566147900a5ffddb35e129f9a3d97c9e9e497f1b74a7;8b14cd2ed3f8ac10f4bca0cc2b78dba8d1dce893f6f9209e351c4417f3addecd;2026-09-28T19:47:05.797752+00:00;false
LOC-0016;LOC-0128;BICYCLE;2026-08-17T07:00:00+03:00;OK;1253;21;6061;LOCAL_VALHALLA_MATRIX;fadeddc1e3c422eee7f8bce0a429462a4bac4802655031bea54e29f9065065b4;d7e8cd2138105f0168cb08788bdbe211d3ac6c8e1fa25de0d8abc0534e19948e;2026-09-28T19:47:05.797752+00:00;false
LOC-0016;LOC-0134;BICYCLE;2026-08-17T07:00:00+03:00;OK;1257;21;6063;LOCAL_VALHALLA_MATRIX;ce69807f0b5661693115ed4bf2a10f6d396f026124544d36489d991b308a2985;12da40caf640259bc919530bb11ee00a0232d44e9a7e77addcdda8fab44c5113;2026-09-28T19:47:05.797752+00:00;false
LOC-0016;LOC-0135;BICYCLE;2026-08-17T07:00:00+03:00;OK;1256;21;6047;LOCAL_VALHALLA_MATRIX;14f71ce6973fb3b863423873dd75fb7cd008f639c14022d2136fe7c53f2a3781;19d0a3ffc12a072251589531678f0333cdf51ccf8531304ce95ff504afb118b2;2026-09-28T19:47:05.797752+00:00;false
LOC-0016;LOC-0136;BICYCLE;2026-08-17T07:00:00+03:00;OK;1402;24;6712;LOCAL_VALHALLA_MATRIX;409237b0d7a96502c1a767488fc3c3601519b30386ce11e6806e7ff2282ed96d;06c2aa445bce9bc3d69921631dbc874651c8e4ae0fca398dda9ebc8ebf1792d7;2026-09-28T19:47:05.797752+00:00;false
LOC-0016;LOC-0140;BICYCLE;2026-08-17T07:00:00+03:00;OK;510;9;2382;LOCAL_VALHALLA_MATRIX;b8024513384c84c20e8c4a2fc9d4af285616817c15b38ed7f513b5a8a4f39e73;aa1a9a84f9c2864ae035c0fdbeb3f29a8ff874315d012e7b845a3ac2b0f104d6;2026-09-28T19:47:05.797752+00:00;false
LOC-0016;LOC-0141;BICYCLE;2026-08-17T07:00:00+03:00;OK;2312;39;10901;LOCAL_VALHALLA_MATRIX;b35e2c6df8548b771546f61ccf481cf7f35f10d75c739519a0e86408f74cf239;1fe376a5f2857d1072e823ed8442bdaee7cb64541e1f2f034f66b7f20a81f7c5;2026-09-28T19:47:05.797752+00:00;false
LOC-0016;LOC-0142;BICYCLE;2026-08-17T07:00:00+03:00;OK;2404;41;11338;LOCAL_VALHALLA_MATRIX;89eef5ab2ea0e2dad917a834e92550cf8372b52e03a6e63fb404fcf640b077b6;1d7b14daa935962baecb8be91246b54638569cdb8bede02fdeb5c5ecda4ed4fa;2026-09-28T19:47:05.797752+00:00;false
LOC-0016;LOC-0145;BICYCLE;2026-08-17T07:00:00+03:00;OK;2794;47;13408;LOCAL_VALHALLA_MATRIX;9d66e3bbfbd101c83cee57c34173623b6636031810eb20750a1c59fdf315dac3;e7a411e4eb7e918bd8bab225e02c191d8b15aa539d1e3c35b26cc5ce06b7074b;2026-09-28T19:47:05.797752+00:00;false
LOC-0016;LOC-0148;BICYCLE;2026-08-17T07:00:00+03:00;OK;2719;46;12933;LOCAL_VALHALLA_MATRIX;c0b24d0ffbf682d9645b9b7e818954e212a5c4315933ef1d1ca202fe6309cb97;26e2d0cec6413a2073a05b46b7360dd19d74705890fd383b559ebb5af6302579;2026-09-28T19:47:05.797752+00:00;false
LOC-0016;LOC-0149;BICYCLE;2026-08-17T07:00:00+03:00;OK;2627;44;12474;LOCAL_VALHALLA_MATRIX;0dc11c2cc053649e1034bdddd1a448538bcf683f01aaaffd91bb56701702ec90;13560bc2a6daafc8ace7062fa9e137728351ab7a46aa7ca1ea728df9fe64fb5e;2026-09-28T19:47:05.797752+00:00;false
LOC-0016;LOC-0150;BICYCLE;2026-08-17T07:00:00+03:00;OK;2591;44;12289;LOCAL_VALHALLA_MATRIX;9e1cd379af590e9f0af6f59f0a0c9acc085e0d9f4ae1b382f59177efc4a259ef;04fd33d59a702aa630101951483ac09cf275a36cfab18021b14acc1554fc7e7f;2026-09-28T19:47:05.797752+00:00;false
LOC-0016;LOC-0151;BICYCLE;2026-08-17T07:00:00+03:00;OK;2516;42;11847;LOCAL_VALHALLA_MATRIX;0a7679882e7cca55028261af65354c9ea51485f5eeac0ab76e61d4c27af4d4cb;2a5b8cae974b73e8f864dcb2406c367919532ce1b696dcbb8f0c9ac21a97b5eb;2026-09-28T19:47:05.797752+00:00;false
LOC-0016;LOC-0152;BICYCLE;2026-08-17T07:00:00+03:00;OK;2535;43;11939;LOCAL_VALHALLA_MATRIX;e4ec409264a37c78b4860a6593e277d39f1b7dd3af7e47af3edee908f1e6007c;c35de5dd49adcb257d6f0607863c0a2228a3fbe715c49bf777e63274f91732fa;2026-09-28T19:47:05.797752+00:00;false
LOC-0016;LOC-0190;BICYCLE;2026-08-17T07:00:00+03:00;OK;1906;32;9199;LOCAL_VALHALLA_MATRIX;7a3282f687701f7fbcebd1cfda9dd3d529fe6c53f67cfe80a341482779f514af;711f2b2f8a30bbfaf0d91ad8135adbe56a5e84e689a512f8372c8a3876add6de;2026-09-28T19:47:05.797752+00:00;false
LOC-0016;LOC-0196;BICYCLE;2026-08-17T07:00:00+03:00;OK;2921;49;13719;LOCAL_VALHALLA_MATRIX;2342eeb853cc2dca85ba60d076129719eedefb8c02151861b619bb7854593b95;d4eea970cc3c400874f10c5d3e026ab410a67dd878bac275927981795ed5debc;2026-09-28T19:47:05.797752+00:00;false
LOC-0017;LOC-0002;BICYCLE;2026-08-17T07:00:00+03:00;OK;2188;37;10403;LOCAL_VALHALLA_MATRIX;117ba33fe8aa8f62ffa48b00555ba2948459a772add294ca30f1a3dac7384aba;3ecdf230522d69f2bdb8bc7c6167d7c76b45b2144041910d1c71b98f5eba04d6;2026-09-28T19:47:05.797752+00:00;false
LOC-0017;LOC-0008;BICYCLE;2026-08-17T07:00:00+03:00;OK;1810;31;8598;LOCAL_VALHALLA_MATRIX;fa3c5c0ed470387970f004a596a379aa98ed693b455217070f2f6c294f94bc21;1998cf40b8089987c177d55a97511454d3f239253c6c7bf4a8942e68c340a248;2026-09-28T19:47:05.797752+00:00;false
LOC-0017;LOC-0009;BICYCLE;2026-08-17T07:00:00+03:00;OK;2035;34;9616;LOCAL_VALHALLA_MATRIX;d98c1dfef20aed7dd69fae7b79cce9811a79375245a3b40b48a3c5e1176afd5b;edfa8bedfce1b30882970148feba7207d1a86128e457ab18cf3e9d3677f527fd;2026-09-28T19:47:05.797752+00:00;false
LOC-0017;LOC-0010;BICYCLE;2026-08-17T07:00:00+03:00;OK;1801;31;8443;LOCAL_VALHALLA_MATRIX;f1dcd1174415078b08f292ab36f150faa5d2d89f19d4ed7ef8e49be53b3f798e;eda5b6123471325af992b699781e6c699b64e9917d64dc8332599b0622f5e93e;2026-09-28T19:47:05.797752+00:00;false
LOC-0017;LOC-0011;BICYCLE;2026-08-17T07:00:00+03:00;OK;1680;28;7957;LOCAL_VALHALLA_MATRIX;c98aaac0a46b316d3c94197c339511ed73bc8baf16e27b935c7e94b474999099;458943d986daf49656dd0b6c5e6d02fe32d9882d32114163eeb3850c33f7cf4e;2026-09-28T19:47:05.797752+00:00;false
LOC-0017;LOC-0012;BICYCLE;2026-08-17T07:00:00+03:00;OK;1510;26;7155;LOCAL_VALHALLA_MATRIX;7513b61bd3e4422ebd3828f4695f04fbc5134738f1d59f3efea738ab85c49d87;16984bf15ccbd134a3e7e6e4365e9cc9dc4bf12cffd19772a4b88903ed7e39cd;2026-09-28T19:47:05.797752+00:00;false
LOC-0017;LOC-0013;BICYCLE;2026-08-17T07:00:00+03:00;OK;2293;39;10936;LOCAL_VALHALLA_MATRIX;4e3e978de65dc5ee4b276b6e5053247753ec04e37b35274eecba1400f21ead5b;683fbb9b3c67a81f4dbc7db3f5aafb21e54c6e52fe73e3fd4b03287c0aa2ef0c;2026-09-28T19:47:05.797752+00:00;false
LOC-0017;LOC-0016;BICYCLE;2026-08-17T07:00:00+03:00;OK;2350;40;10989;LOCAL_VALHALLA_MATRIX;d0f79e7570b5ab4add68f3059881a9046ca9474f9d7cf46fbacf6efb30a1bafa;50d9bc291b5df0b7733d0740c9510b6ff14b398064d62cb66082d80addb34027;2026-09-28T19:47:05.797752+00:00;false
LOC-0017;LOC-0017;BICYCLE;2026-08-17T07:00:00+03:00;OK;0;0;0;LOCAL_VALHALLA_MATRIX;6a7c9360d7a371f471e0ce0c7ae23c55e98bcf828949b4c947055c83a0c72ba4;3d5812abc84c11768aa73a732c85d75dbed439188f5bb3239e9b762ea31d9862;2026-09-28T19:47:05.797752+00:00;false
LOC-0017;LOC-0018;BICYCLE;2026-08-17T07:00:00+03:00;OK;330;6;1548;LOCAL_VALHALLA_MATRIX;9ad461883bb789e040009ec8fb65046da7fac6196c6c92c131e95bd673a7d2f9;688faadfb4a3c47a56a7843dd81e2dc86735c74b7701ba87c3d11e8dc7e21aad;2026-09-28T19:47:05.797752+00:00;false
LOC-0017;LOC-0019;BICYCLE;2026-08-17T07:00:00+03:00;OK;1890;32;8993;LOCAL_VALHALLA_MATRIX;809f1cb0d359d52b7a6ba5b077228082ac6e103a03657f06de0960b0be1729d8;b1001919c08edc52e1cdfe6064ac25c8a609be59bc6751a3f39e5795b48b9094;2026-09-28T19:47:05.797752+00:00;false
LOC-0017;LOC-0020;BICYCLE;2026-08-17T07:00:00+03:00;OK;1797;30;8450;LOCAL_VALHALLA_MATRIX;fe3eaad3bf319c348834de07c0ece5357d84435c8e79b7cabf113f4ee27d11a8;ca890374dd42177494f09d52ada9632ef43584e2c475a1549199f45fa65352f6;2026-09-28T19:47:05.797752+00:00;false
LOC-0017;LOC-0023;BICYCLE;2026-08-17T07:00:00+03:00;OK;689;12;3266;LOCAL_VALHALLA_MATRIX;bcb96a30e9c066c625e315e502764ce5f32f6ce7879bcb0425ab2121aa390631;5eec5dbb051cb1e23c9a4d6feb332d3897e3ec63cabcfe6be0817076df6d471c;2026-09-28T19:47:05.797752+00:00;false
LOC-0017;LOC-0027;BICYCLE;2026-08-17T07:00:00+03:00;OK;811;14;3840;LOCAL_VALHALLA_MATRIX;940d6626e4861d5833e1f6032b3db2a085977d69678d16a67a7f596c42ff2e62;dbc911c30aa18be15e6c494568fabab74e326c045f9740106f228173c761d2ea;2026-09-28T19:47:05.797752+00:00;false
LOC-0017;LOC-0028;BICYCLE;2026-08-17T07:00:00+03:00;OK;1811;31;8467;LOCAL_VALHALLA_MATRIX;d9517966bfdfbaf952a61b0a033b1b43db409750c6609061b8df3dc3d7e818db;bfd71abd3222adc690aa2b07c6b24cce57c5b85ee7e0b3999d93bea1a9b64603;2026-09-28T19:47:05.797752+00:00;false
LOC-0017;LOC-0029;BICYCLE;2026-08-17T07:00:00+03:00;OK;1773;30;8338;LOCAL_VALHALLA_MATRIX;8a3aee2c64a4aac8d21d0f6bf92c0e0b10b4cbd1e361d53bddf056b662330fa9;03b0a811aa651bf7db616befa8076a62e034e2c5dcf3a59b4c9f10ef22623a9d;2026-09-28T19:47:05.797752+00:00;false
LOC-0017;LOC-0037;BICYCLE;2026-08-17T07:00:00+03:00;OK;1904;32;9080;LOCAL_VALHALLA_MATRIX;b348f4823f94ce95639ad14db7f69566b10bd889173080a763c34e753bb4e47c;1accc1366778c5d8ca025401819dbd9881d784147b165db7c6672d1365a0e29d;2026-09-28T19:47:05.797752+00:00;false
LOC-0017;LOC-0045;BICYCLE;2026-08-17T07:00:00+03:00;OK;816;14;3865;LOCAL_VALHALLA_MATRIX;c574fd49470d7a71fd858e5f84328c4b821ec8fbf6910c5951a49b5773ef3e2f;4a81b47c20c81a808649862e112ff92934d8fdbab535d344e8e1b8302fe50f50;2026-09-28T19:47:05.797752+00:00;false
LOC-0017;LOC-0053;BICYCLE;2026-08-17T07:00:00+03:00;OK;2461;42;11566;LOCAL_VALHALLA_MATRIX;20d24f9a0b5b4004e5c897c038c1373000f9382d41ccf292e4a908c944f0703c;745b22770582d6b8cfc314f7eade9ba463eaca91afce357e2a79cc9a907db85b;2026-09-28T19:47:05.797752+00:00;false
LOC-0017;LOC-0054;BICYCLE;2026-08-17T07:00:00+03:00;OK;1811;31;8640;LOCAL_VALHALLA_MATRIX;fe6395318d29bf892bef626cdf3da26fba449d925dd05dbb08b53dc1e2f220d9;55c993cd9c12435d71653d9b07cf5722a2499373d6557cb951a2d5cf632ef41d;2026-09-28T19:47:05.797752+00:00;false
LOC-0017;LOC-0061;BICYCLE;2026-08-17T07:00:00+03:00;OK;1547;26;7161;LOCAL_VALHALLA_MATRIX;63be7c2ebe13f8bd8d5a331c17a1ac0f7a97e2e33ddd0f461150a733c2b5b214;1d7b007b1db719722ece862bb91855ad5a7c98f8bc7c07245905e4e8a30de3f6;2026-09-28T19:47:05.797752+00:00;false
LOC-0017;LOC-0063;BICYCLE;2026-08-17T07:00:00+03:00;OK;1377;23;6417;LOCAL_VALHALLA_MATRIX;54a1bce61cb9d97c97229fcee5626965a1e3ba55bd917864d9acbbaa89d73080;c4bc56417bf94b7e228496b2f9cfb5bf21b5451b9bf5eb5152e9be35432e5f13;2026-09-28T19:47:05.797752+00:00;false
LOC-0017;LOC-0064;BICYCLE;2026-08-17T07:00:00+03:00;OK;1218;21;5720;LOCAL_VALHALLA_MATRIX;e70ef7257f08fbe9de2ab5ef840f6e2a1c52e619020691538db5dd1eb80aa4ca;ae5e4c6fe3c1586a55048e583e96f33dbf92d52d75c78df0927d891a4f65f269;2026-09-28T19:47:05.797752+00:00;false
LOC-0017;LOC-0074;BICYCLE;2026-08-17T07:00:00+03:00;OK;669;12;3089;LOCAL_VALHALLA_MATRIX;bfc47e10b8de80089675c400e710759e52ce60587e88262bdeb5ec3eb3ad2d5b;a453bbfc8dbb8da10fecdbf9cff856da211d79e923e2e0000bde93a2c35d2ecd;2026-09-28T19:47:05.797752+00:00;false
LOC-0017;LOC-0075;BICYCLE;2026-08-17T07:00:00+03:00;OK;506;9;2348;LOCAL_VALHALLA_MATRIX;5cba9d4a64d6b53cf8b2fc4c3344ba92e7d8fdc8041610beb0c7bdb18fea6145;4c6fa065e99a66fd253b62dd41a5564c306f40f6af46ac5e285431960d46f286;2026-09-28T19:47:05.797752+00:00;false
LOC-0017;LOC-0076;BICYCLE;2026-08-17T07:00:00+03:00;OK;2185;37;10084;LOCAL_VALHALLA_MATRIX;e302f90b854de2d3c0259d6bdd8bc3fd0fb115467c26269a86455530c3664e35;9bf89430a612f4486990848ed3a35a8844d0046087a8cfebb5edc63ab8842cac;2026-09-28T19:47:05.797752+00:00;false
LOC-0017;LOC-0078;BICYCLE;2026-08-17T07:00:00+03:00;OK;894;15;4221;LOCAL_VALHALLA_MATRIX;dceb1462d175326ffe42657eaf12dea4e57cc4db78ed43b551ccbb1c0400d82a;a7a522b57ab9de27db4df5282847ac3d90ccd4ba238438341ac79ccdb085dcce;2026-09-28T19:47:05.797752+00:00;false
LOC-0017;LOC-0080;BICYCLE;2026-08-17T07:00:00+03:00;OK;519;9;2334;LOCAL_VALHALLA_MATRIX;8aae231ad588f06d6abfdf9325c1db6fab81da351e4302768a08fee3a4e5ae1f;fc0db6da19ad5dfbb12894c8f62ae85e3b67e8eb8dcd91c849b301acbec9e623;2026-09-28T19:47:05.797752+00:00;false
LOC-0017;LOC-0082;BICYCLE;2026-08-17T07:00:00+03:00;OK;1223;21;5840;LOCAL_VALHALLA_MATRIX;9039f33374e5a4c34bb9ca88623d4d0d9dd0115ea7792c5f05ae5a87580542d1;dfffd7c417dd6eb9581a7a9c849995fed595b30dd51dc775b636a086e5aaaf4d;2026-09-28T19:47:05.797752+00:00;false
LOC-0017;LOC-0085;BICYCLE;2026-08-17T07:00:00+03:00;OK;2418;41;11516;LOCAL_VALHALLA_MATRIX;8a6a6b27241e14cc84e4e48d710935ccd1ac27ec8df0d6dc285cea18ed16711c;51f0dae35eeaebd26fd77e8269fecac6a87f6ef8b8145851e9e7359b9a06ed0b;2026-09-28T19:47:05.797752+00:00;false
LOC-0017;LOC-0086;BICYCLE;2026-08-17T07:00:00+03:00;OK;2464;42;11580;LOCAL_VALHALLA_MATRIX;928c0357f43c251ac471bbda7f68c72a7556ccc9031172a52bd804ec08ac6158;83a41c6598a2c71056ec8cb80cc1c9d77f9e621949465cd84c9d39493236959b;2026-09-28T19:47:05.797752+00:00;false
LOC-0017;LOC-0091;BICYCLE;2026-08-17T07:00:00+03:00;OK;1637;28;7738;LOCAL_VALHALLA_MATRIX;eb3f4789aa3e19b08aa5ea9f79602d8bcc4aeab553ce31478e0262685a67c412;e225c15f8d16cacf7ab6ec081d829082c10d13b95a80829056f03cf2088cbb37;2026-09-28T19:47:05.797752+00:00;false
LOC-0017;LOC-0092;BICYCLE;2026-08-17T07:00:00+03:00;OK;1490;25;6998;LOCAL_VALHALLA_MATRIX;ed2c31f24dd8e86ff2f0b3cf417c0a773325381a320a022ccd7fbf356f9fd54a;43596c6ab754a909c90e3c224ee11f11d8ffa4c7535c4ddfd3be72d1c3bec594;2026-09-28T19:47:05.797752+00:00;false
LOC-0017;LOC-0093;BICYCLE;2026-08-17T07:00:00+03:00;OK;1483;25;6808;LOCAL_VALHALLA_MATRIX;5a445162a1346c875324805d58ba3c3af742fb8790aa96fb0152323a7a174818;b165c9f2f9dd18ce2dca0e63ff36d681d0c4f0d80f19e0b87e3e2496c4d6277d;2026-09-28T19:47:05.797752+00:00;false
LOC-0017;LOC-0094;BICYCLE;2026-08-17T07:00:00+03:00;OK;2576;43;12266;LOCAL_VALHALLA_MATRIX;aed6daf2cb205c65994ca8cda8ee268018cac96e75f3efd317cab0cda5a34170;fd739d8c29dc19cf0e51c4e57d16f6d54bdfd0dfe08c4414bc9de2ad96a4e21e;2026-09-28T19:47:05.797752+00:00;false
LOC-0017;LOC-0095;BICYCLE;2026-08-17T07:00:00+03:00;OK;2755;46;13084;LOCAL_VALHALLA_MATRIX;45c077025bc09600d1806430092599ab89fe7e0277b1dba7a14db5626726f5ab;fea2d9def83cb38db3310e7a8cfbba9453071f26cfefb19fba042f1d464abe90;2026-09-28T19:47:05.797752+00:00;false
LOC-0017;LOC-0102;BICYCLE;2026-08-17T07:00:00+03:00;OK;1340;23;6311;LOCAL_VALHALLA_MATRIX;9b0a402637dca7315beb81b31ac150893f51227ef41eadda2bb7d28a429a243c;d7246198e699d030e6b2c510d013f3de78864f5666383934111538f5b8cc7094;2026-09-28T19:47:05.797752+00:00;false
LOC-0017;LOC-0112;BICYCLE;2026-08-17T07:00:00+03:00;OK;1082;19;5090;LOCAL_VALHALLA_MATRIX;c52b26033786cb6c9aa5f60ac86acfd39baf359bd76bc90a83d4fdcf075abeb6;bf5963a70fbb6f4bfd6aaf2b07c889562d781af10ed240585d5afe2a73f21d21;2026-09-28T19:47:05.797752+00:00;false
LOC-0017;LOC-0124;BICYCLE;2026-08-17T07:00:00+03:00;OK;1900;32;8957;LOCAL_VALHALLA_MATRIX;fd19c61e7a9b3e827808d321011604baa53f66b0b7c1d078660810cf82589284;0a34e7899d68a4ecc6821521d7ca6b3ba83ddfe658e90afd48337849449d7299;2026-09-28T19:47:05.797752+00:00;false
LOC-0017;LOC-0125;BICYCLE;2026-08-17T07:00:00+03:00;OK;507;9;2391;LOCAL_VALHALLA_MATRIX;16152714e97fd2af0cb564d6072c6e5f4e3ab21f563a9a221636a10ed88f0875;d6bf75bed194c7229a62959d3afca8b5b03d23d9810a7a0c8a1a36d6c32b359f;2026-09-28T19:47:05.797752+00:00;false
LOC-0017;LOC-0126;BICYCLE;2026-08-17T07:00:00+03:00;OK;943;16;4430;LOCAL_VALHALLA_MATRIX;08a713c45339218f5c64fdaf8edd57b2ad8f806a90fadea99d46303ff7c01808;67ec0971a8dccee8e7a745b7dd7c176b8da656ce728b243c415d13717cd842e4;2026-09-28T19:47:05.797752+00:00;false
LOC-0017;LOC-0128;BICYCLE;2026-08-17T07:00:00+03:00;OK;1980;33;9406;LOCAL_VALHALLA_MATRIX;005da20d4621adefedd161585b3fff927dc8f0c3a7f7a3724e7f6861cf299732;2edfd9bb355bad82b1f12e3390965a8bddd6ba572a51d275da9f13dabe4f83f3;2026-09-28T19:47:05.797752+00:00;false
LOC-0017;LOC-0134;BICYCLE;2026-08-17T07:00:00+03:00;OK;2214;37;10558;LOCAL_VALHALLA_MATRIX;6ba98bce650af12440cca29e454030960902b26d90b6b4193237d482bf5a9949;1dd748beadf9785daad8322381e22e2849d9b2a1be4e94cad979307a66e778a6;2026-09-28T19:47:05.797752+00:00;false
LOC-0017;LOC-0135;BICYCLE;2026-08-17T07:00:00+03:00;OK;2212;37;10542;LOCAL_VALHALLA_MATRIX;d88b762cb0420053d08d56ea57696ca1205d4eeee4369125088cd292d1ea129c;7a98e17f5668bdcdd34b8617edf4f1df792df0ac207a47188290cb300f605b65;2026-09-28T19:47:05.797752+00:00;false
LOC-0017;LOC-0136;BICYCLE;2026-08-17T07:00:00+03:00;OK;2353;40;11188;LOCAL_VALHALLA_MATRIX;b20f761501e895077a0fb9c14011633b82d3fb94c40262f6cce14a4f15b7a01a;a5a543cfaef700cd27b918325c7afc5d05cb1f3b4abb3a79828f51027ef4c010;2026-09-28T19:47:05.797752+00:00;false
LOC-0017;LOC-0140;BICYCLE;2026-08-17T07:00:00+03:00;OK;2669;45;12789;LOCAL_VALHALLA_MATRIX;17574a3d4f9e5c3101b6379e0f977271aefae6ecc382f04f3c61baf9efff0d1f;d366c8c20d9f78f23340a6f744895e61291e8e84ad791603370b02e3d54c8efa;2026-09-28T19:47:05.797752+00:00;false
LOC-0017;LOC-0141;BICYCLE;2026-08-17T07:00:00+03:00;OK;1663;28;7795;LOCAL_VALHALLA_MATRIX;e8834de825e3af8d22229e68d5c27958b3722745ffddef26972dfd5a5f7eb0ba;63201c571af1ae871ddd63aaeefab78748b79c1af2b3866d36acd2324d498aa6;2026-09-28T19:47:05.797752+00:00;false
LOC-0017;LOC-0142;BICYCLE;2026-08-17T07:00:00+03:00;OK;1614;27;7570;LOCAL_VALHALLA_MATRIX;f958dfbbd83720d37269a1b091bd393577bf7395fc269544d9e6c066a25aa39e;24d210821a364c8e1e1e09716675ad785560e92e747f07adcea089456e70da14;2026-09-28T19:47:05.797752+00:00;false
LOC-0017;LOC-0145;BICYCLE;2026-08-17T07:00:00+03:00;OK;1500;25;7028;LOCAL_VALHALLA_MATRIX;40ec261cf14a5fb0b69050904498e03a677685e61680d46217ad2f0ab5d84377;31ac4b41b5e0d7342f8f92382c253f3a9821a88c16a2c5960d91d7730a84e9b7;2026-09-28T19:47:05.797752+00:00;false
LOC-0017;LOC-0148;BICYCLE;2026-08-17T07:00:00+03:00;OK;457;8;2135;LOCAL_VALHALLA_MATRIX;e95f411bc40eaaab7296b5c78284f07b902b1431bd0eeb388f1303fa277b1ee9;d37079517094c74f4bc9493f286746c88db8c564785360e7f14ad30575c2acdb;2026-09-28T19:47:05.797752+00:00;false
LOC-0017;LOC-0149;BICYCLE;2026-08-17T07:00:00+03:00;OK;521;9;2444;LOCAL_VALHALLA_MATRIX;05190279caffdc4b95ce92a139a4fbc17e4cd9ad7e787a14874d58e76abbd9ef;2c93d4ee3b758935ef30e2689db1ad3b68f0ef3beadeae5dc38c65a1fc2e0414;2026-09-28T19:47:05.797752+00:00;false
LOC-0017;LOC-0150;BICYCLE;2026-08-17T07:00:00+03:00;OK;560;10;2635;LOCAL_VALHALLA_MATRIX;c74df07bb6918f4625eb24332a1be6fa458c11f01239f4dd59e0215e678bf10a;76f9d9ab1ddbd675694af9def9690e1a1b6cd184c774c71a0d992d7e13867d20;2026-09-28T19:47:05.797752+00:00;false
LOC-0017;LOC-0151;BICYCLE;2026-08-17T07:00:00+03:00;OK;227;4;716;LOCAL_VALHALLA_MATRIX;aabef90087885d3b74f9046092267a00810ab4aeb369b9d33aa167d3d2411f05;1b057a81cff060244e27d5d4397354b6e879025789fba649d819c36488ce1a7f;2026-09-28T19:47:05.797752+00:00;false
LOC-0017;LOC-0152;BICYCLE;2026-08-17T07:00:00+03:00;OK;247;5;808;LOCAL_VALHALLA_MATRIX;bff4cd22137ccf4782416eb8f07d22575e656465f112102256e0317ce90a4b6b;3ccfd746080fff123aa5b2eccdafe0d9cbe38ae8ff4fe9072ddb870c6773270e;2026-09-28T19:47:05.797752+00:00;false
LOC-0017;LOC-0190;BICYCLE;2026-08-17T07:00:00+03:00;OK;1399;24;6637;LOCAL_VALHALLA_MATRIX;8c91ecfe0edcd9d8ee8a741ed55947137eb148053d383e3ce080fc6d43a98460;a24da5a7e58665e4838deccfc215c1109fa8fca9dd3aeb7180b186aa4107c43c;2026-09-28T19:47:05.797752+00:00;false
LOC-0017;LOC-0196;BICYCLE;2026-08-17T07:00:00+03:00;OK;971;17;4531;LOCAL_VALHALLA_MATRIX;f6788565073037af900be5febe0c20ce4099fe911726c33755919afd4ef05a7e;a0026bfe8ac0ad797ffbb0eabcf03eceeceaf6f52156f64847b703311255ca79;2026-09-28T19:47:05.797752+00:00;false
LOC-0018;LOC-0002;BICYCLE;2026-08-17T07:00:00+03:00;OK;1937;33;9181;LOCAL_VALHALLA_MATRIX;6cc5a9a9c7a86b69b44e98b2fffec4ed8062f689074d9d459780e7a18a9ccba7;88f76c8860d515ad89b29782ce0421756fa2e8a0ea7dd327aa8745c43347d94c;2026-09-28T19:47:05.797752+00:00;false
LOC-0018;LOC-0008;BICYCLE;2026-08-17T07:00:00+03:00;OK;1559;26;7376;LOCAL_VALHALLA_MATRIX;ad0c8563194e63b99bb5bcfff4d189f284ce798fc6f7cc78a569b9810c098f5a;b56220198e2d7d363ee01fb8ddce39cc9a684385b02693dd5e1e57e4679e2b8c;2026-09-28T19:47:05.797752+00:00;false
LOC-0018;LOC-0009;BICYCLE;2026-08-17T07:00:00+03:00;OK;2017;34;9410;LOCAL_VALHALLA_MATRIX;76ff071a224ebc5a2b7a50e90dc26e2881639a9aaced532966f04df282177dd0;92885ec8abda73bb4798f39d987942fcaafbbcfe1f58a723eddd6d7e4eb6c96b;2026-09-28T19:47:05.797752+00:00;false
LOC-0018;LOC-0010;BICYCLE;2026-08-17T07:00:00+03:00;OK;1549;26;7221;LOCAL_VALHALLA_MATRIX;ad1e2013a9ea62f3e1e385260522d6073e89a165ac0e2c61652ea8899b476843;274831e95814679b25734a9e0069ee66d0714f35c7fb1e4e08bd9e44bb6a9547;2026-09-28T19:47:05.797752+00:00;false
LOC-0018;LOC-0011;BICYCLE;2026-08-17T07:00:00+03:00;OK;1429;24;6735;LOCAL_VALHALLA_MATRIX;f2adb3153b997d52c70190ab262dff8782923ccd5038121d3de25b4ff979a19d;10568ae237015797c4f1b05111ebcae021add544f98090353e98ef34467b6a33;2026-09-28T19:47:05.797752+00:00;false
LOC-0018;LOC-0012;BICYCLE;2026-08-17T07:00:00+03:00;OK;1258;21;5933;LOCAL_VALHALLA_MATRIX;3024a8bd14c5794f5bab467aa339ce626f829b1b559ea26b4ec95eb0c0d1dc60;21159af489ae0b9020d45e16a248f49277272a888f082cfaea0cea5a3fdf33c5;2026-09-28T19:47:05.797752+00:00;false
LOC-0018;LOC-0013;BICYCLE;2026-08-17T07:00:00+03:00;OK;2042;35;9714;LOCAL_VALHALLA_MATRIX;4f71cea87322f9f3da1c258268a824d6ce68c3bab6da6ee49a606392dae35416;5c5b446fd9d7e2b30cd00cc771245aaa0515a961ef4f8aa0adbbf1bf27e6b28d;2026-09-28T19:47:05.797752+00:00;false
LOC-0018;LOC-0016;BICYCLE;2026-08-17T07:00:00+03:00;OK;2718;46;13004;LOCAL_VALHALLA_MATRIX;5080ad9605d9fef15d03a41ea5f0cca00b6f6ab65ea2084ed5dd50e0d68e6e88;f42fcc3698c0bc1b7b8feae92237e61d01df02edfeaab947410369d6f0e45166;2026-09-28T19:47:05.797752+00:00;false
LOC-0018;LOC-0017;BICYCLE;2026-08-17T07:00:00+03:00;OK;250;5;1172;LOCAL_VALHALLA_MATRIX;45d0f2c15491f517597e6c0d411f989b18f00bc38ea92d4e109d5dd3662f1f4c;3c85f24cd31df53b267595151fd71d2f9f0087018cd50eeb3092a4108784c7ec;2026-09-28T19:47:05.797752+00:00;false
LOC-0018;LOC-0018;BICYCLE;2026-08-17T07:00:00+03:00;OK;0;0;0;LOCAL_VALHALLA_MATRIX;19f15f32da55488fb638ebb4ca7cd6cc1b8d82f87ae4ca96afbb17f5ab234228;3d5812abc84c11768aa73a732c85d75dbed439188f5bb3239e9b762ea31d9862;2026-09-28T19:47:05.797752+00:00;false
LOC-0018;LOC-0019;BICYCLE;2026-08-17T07:00:00+03:00;OK;1639;28;7771;LOCAL_VALHALLA_MATRIX;96cf5cd2a548884896bdb8d9068dedd9bf5712642acfe9b5e266ec592bca4771;012d6d8cd80febf398b54651bb281917468098606879a963167f3b5e871c7856;2026-09-28T19:47:05.797752+00:00;false
LOC-0018;LOC-0020;BICYCLE;2026-08-17T07:00:00+03:00;OK;1546;26;7228;LOCAL_VALHALLA_MATRIX;7a999f05a55996bdf0ad556fa70de04272d85d7a69178a6958ac2a205904ea60;232e62d6e3146d0ebd8bdeb7f9e0626c8e26a0e8fb9cc349b7d19e19ce4740a8;2026-09-28T19:47:05.797752+00:00;false
LOC-0018;LOC-0023;BICYCLE;2026-08-17T07:00:00+03:00;OK;437;8;2044;LOCAL_VALHALLA_MATRIX;2c9f1aa59f6669784add0479a2a44ce5df13915b9b3558c6629287907caa8b85;77bb470955b0799e708d8a1a59b4a7fcce4365bfd359a0cfad2244862b9e55fe;2026-09-28T19:47:05.797752+00:00;false
LOC-0018;LOC-0027;BICYCLE;2026-08-17T07:00:00+03:00;OK;688;12;3261;LOCAL_VALHALLA_MATRIX;495aea3ea345eb0cda0f9bab82eef0ebc85b88460cbe09d02a5e1828c60d154d;846f6ff0d54e8df7a2de226544b7eb991c388cbf0c4360eb187d661763b914b6;2026-09-28T19:47:05.797752+00:00;false
LOC-0018;LOC-0028;BICYCLE;2026-08-17T07:00:00+03:00;OK;1785;30;8420;LOCAL_VALHALLA_MATRIX;2a270a2f68360ac0195e75cdc4e294eefad257c0f1f20c20e0be551a1a9dfd25;91e9c67aac8b364b74d74dfd9f0c1dbb0280431d898b7eb548f0d0fb02ad31e1;2026-09-28T19:47:05.797752+00:00;false
LOC-0018;LOC-0029;BICYCLE;2026-08-17T07:00:00+03:00;OK;1710;29;8043;LOCAL_VALHALLA_MATRIX;bf36b19b556406e08bcca882ccc6a52e51bc001c652821c18a89bf735ba299a1;01420ec3c41adbc4bcde692c624a9ac54d2f9065e254e906dd0b71517c6a1efa;2026-09-28T19:47:05.797752+00:00;false
LOC-0018;LOC-0037;BICYCLE;2026-08-17T07:00:00+03:00;OK;1652;28;7858;LOCAL_VALHALLA_MATRIX;093c3cc3df381f46715b0f753673bd52bfe60f8331a583cb8bb693a20fe1eb62;388c66b284d9c3d5d4cc92ff6a0f9f7af2d5cb97690b6d9621c81551297eab47;2026-09-28T19:47:05.797752+00:00;false
LOC-0018;LOC-0045;BICYCLE;2026-08-17T07:00:00+03:00;OK;949;16;4550;LOCAL_VALHALLA_MATRIX;bf816c4f8f5b5f9cc3af0eff53cdf8be93287203768701bb80ebfb6a51ba2807;3e9b54cbb5d5e246f7fc182c435ecd80bf55f639efd27c91f82cf5dbdc698a5b;2026-09-28T19:47:05.797752+00:00;false
LOC-0018;LOC-0053;BICYCLE;2026-08-17T07:00:00+03:00;OK;2687;45;12891;LOCAL_VALHALLA_MATRIX;a092a69d410ca24b2969864a3dcc73982363d8c66ce10a0390524096785f6f4b;5277d8e564555e96094039bd2758295927b53d3a520c772c0cd8c0d348284763;2026-09-28T19:47:05.797752+00:00;false
LOC-0018;LOC-0054;BICYCLE;2026-08-17T07:00:00+03:00;OK;1559;26;7418;LOCAL_VALHALLA_MATRIX;5d29ba4b9506d4f4f14e9721601781e45b8df854b72d4b1723d39af5beca5613;2fe5f1e66cf47f7c145acde00bde0835b103bde3a1eea804d4e0f8598ea97ded;2026-09-28T19:47:05.797752+00:00;false
LOC-0018;LOC-0061;BICYCLE;2026-08-17T07:00:00+03:00;OK;1296;22;5939;LOCAL_VALHALLA_MATRIX;fd3bb3b836017d3d60561bc88b239d190ddad69cc4d2c4d96e3ec0986360b124;b253df427ec7d5b735a078f981c0a73f0ca136db4f6ad57d37c4f04a6c9e2116;2026-09-28T19:47:05.797752+00:00;false
LOC-0018;LOC-0063;BICYCLE;2026-08-17T07:00:00+03:00;OK;1510;26;7102;LOCAL_VALHALLA_MATRIX;1fce803819b1193bc09e5961f6dd3fc59297a7308a87acc81b6db86b0a813594;8ddb3eb7717b13234460ddec1b030c01ad67bcd584dce1f024c27baccf748bab;2026-09-28T19:47:05.797752+00:00;false
LOC-0018;LOC-0064;BICYCLE;2026-08-17T07:00:00+03:00;OK;1351;23;6405;LOCAL_VALHALLA_MATRIX;83ba0cf52dbeca5d1a9a6ddb39e0e779e8bf96ed76388599d5363801ed136e38;fd9577e502d16bacffc33cc04262c4abe8e930139eeab65264ae326f879b7654;2026-09-28T19:47:05.797752+00:00;false
LOC-0018;LOC-0074;BICYCLE;2026-08-17T07:00:00+03:00;OK;433;8;1959;LOCAL_VALHALLA_MATRIX;475f04380172bb0e70fc3e503158c94615936b9168e9d2d5de21e80e9d24e583;5123f311810e1968820553fc811d4ef5a0a4de10ae5db1f4055b3387f08b22bc;2026-09-28T19:47:05.797752+00:00;false
LOC-0018;LOC-0075;BICYCLE;2026-08-17T07:00:00+03:00;OK;303;6;1358;LOCAL_VALHALLA_MATRIX;a466bf4ca35ecd13e613a90c95db2f84df2d7d2178ff4c5bfac8b53c2cea20ab;cd42b41acebea6f05aadba25a866ed504bcdf0a6faa9d53c63acdca625d85576;2026-09-28T19:47:05.797752+00:00;false
LOC-0018;LOC-0076;BICYCLE;2026-08-17T07:00:00+03:00;OK;2318;39;10769;LOCAL_VALHALLA_MATRIX;171d7441c0d503407c743753b2e75f6e8092f09c7878bf0466fc91d0d89c0189;1bb845d3b513424d7f271266ba2f24c1be4992283151e2b490c16cd9d5de6fc9;2026-09-28T19:47:05.797752+00:00;false
LOC-0018;LOC-0078;BICYCLE;2026-08-17T07:00:00+03:00;OK;1027;18;4906;LOCAL_VALHALLA_MATRIX;c02fac3af487147111dbe350ed4e7daf02a338d8ae0ae1fea019e21ebbacf3f7;c6ab08e15479319f2f0ff482a76d112436217b408d5cb250a965c2b0115c4b42;2026-09-28T19:47:05.797752+00:00;false
LOC-0018;LOC-0080;BICYCLE;2026-08-17T07:00:00+03:00;OK;289;5;1235;LOCAL_VALHALLA_MATRIX;68b1641f02193fb01e12efac81903cbfe26e8ea4ff83493a0f2422360fdff730;f40168d9115044c925991457037a99299ce1fcef29e2369e509a5925fb60c111;2026-09-28T19:47:05.797752+00:00;false
LOC-0018;LOC-0082;BICYCLE;2026-08-17T07:00:00+03:00;OK;1356;23;6525;LOCAL_VALHALLA_MATRIX;eabf426ee5e8242df622624883a521e32c21fa2346ce884718d4c124e31559cb;f17815b9fc1d74970bf73474fefe634953253851dcbe168a7c52cf32ba5f804f;2026-09-28T19:47:05.797752+00:00;false
LOC-0018;LOC-0085;BICYCLE;2026-08-17T07:00:00+03:00;OK;2166;37;10294;LOCAL_VALHALLA_MATRIX;d423378a14156d19579facf87fed29161c9f826c5d92e3b028db6e09b906cec0;c0d0356724c6f93d880d17c5c17b89d5445cf72a41bdb9166b5110dfb16e9093;2026-09-28T19:47:05.797752+00:00;false
LOC-0018;LOC-0086;BICYCLE;2026-08-17T07:00:00+03:00;OK;2212;37;10358;LOCAL_VALHALLA_MATRIX;4fa8850ef55af2df6961bd5635f54914112d12c8fa080476027c164f7ce8cfdd;22b827d9f295258c86ce278fafe2c8583e38b3234f806cbdf1f2d7fd74b8128a;2026-09-28T19:47:05.797752+00:00;false
LOC-0018;LOC-0091;BICYCLE;2026-08-17T07:00:00+03:00;OK;1385;24;6516;LOCAL_VALHALLA_MATRIX;7e43f75e69d2eee8be1c1ef1153b845a1494d9f5a3b166e303ba8e90829e6c2f;bc630b4b44c21580f623f55850094d862a094418db262eafd51b4153a69c4a5c;2026-09-28T19:47:05.797752+00:00;false
LOC-0018;LOC-0092;BICYCLE;2026-08-17T07:00:00+03:00;OK;1239;21;5776;LOCAL_VALHALLA_MATRIX;a7584516f78905713e540f3d0795cf2f8aff9e002defd18594cfe1aa6f7c8245;07da9799945b827fd7a910734d97faf00ee24957d3a8f9aa6ebb17f13ad44990;2026-09-28T19:47:05.797752+00:00;false
LOC-0018;LOC-0093;BICYCLE;2026-08-17T07:00:00+03:00;OK;1232;21;5586;LOCAL_VALHALLA_MATRIX;65be2ae3c08782221f63c5714594d2729cd1c11d01397889317b73f9025698dc;69de74f757eb0cffe7b8e85a99af2875424ba93cf27d4abc2c2d246632661440;2026-09-28T19:47:05.797752+00:00;false
LOC-0018;LOC-0094;BICYCLE;2026-08-17T07:00:00+03:00;OK;2325;39;11044;LOCAL_VALHALLA_MATRIX;34e221f96cc3a6b2ac65008f587be034d754e2ff2a784a94d1b55bedfe71eb25;2d9a273fe8266f6c0df96f11bf6144ec8187c73ebaf6c9826d9859fd4afaac40;2026-09-28T19:47:05.797752+00:00;false
LOC-0018;LOC-0095;BICYCLE;2026-08-17T07:00:00+03:00;OK;2504;42;11862;LOCAL_VALHALLA_MATRIX;a9bc900f5be43176ecc0de75592da9ece00f951dcf1293d2321d4f2e67b029d8;e3d9abbac54801e3996d2d72a6f5e420eed54cd38734b502a20598c09a0894b5;2026-09-28T19:47:05.797752+00:00;false
LOC-0018;LOC-0102;BICYCLE;2026-08-17T07:00:00+03:00;OK;1473;25;6996;LOCAL_VALHALLA_MATRIX;9c27743d692fd0e02ad80841051f55a94a7172bb22377976719a896f97145b6f;3a71ba18b5d17e16251cc2fb22b2f7b54917f584ffc73e0296727a14d7325b2e;2026-09-28T19:47:05.797752+00:00;false
LOC-0018;LOC-0112;BICYCLE;2026-08-17T07:00:00+03:00;OK;831;14;3868;LOCAL_VALHALLA_MATRIX;042607a1b90d43420b5a779eeccb975a5bf1c047a4f75ddb7bcd0e8e4ad541b0;daee4bb7fba1d2515909dbdfd544daf19606597ad08a01495f1a3c6a665b598e;2026-09-28T19:47:05.797752+00:00;false
LOC-0018;LOC-0124;BICYCLE;2026-08-17T07:00:00+03:00;OK;1837;31;8745;LOCAL_VALHALLA_MATRIX;29266e80b6301d05d61082b9f7ffb5b2ad4e1346bf25ff9b2911044361dea54d;390a2fb3c71c5003b7de8dd6b87a3bf0d46f556056810bc67fde0e5f27aad589;2026-09-28T19:47:05.797752+00:00;false
LOC-0018;LOC-0125;BICYCLE;2026-08-17T07:00:00+03:00;OK;255;5;1169;LOCAL_VALHALLA_MATRIX;0f40ed5f0e8ed5acdc2b794309bd18f3a61bdcb7a2770f43cdc1615daa31e12d;3a2dbe2c7812c265c3664fdf18de7e3ffb72c009db9b1cb20ee3b24749162f19;2026-09-28T19:47:05.797752+00:00;false
LOC-0018;LOC-0126;BICYCLE;2026-08-17T07:00:00+03:00;OK;691;12;3208;LOCAL_VALHALLA_MATRIX;0f8b39b40c548ad7515c657874cb16feca68acd7dbda7d9fc3eb734ef47c22d8;edb3faf7385d4684d1f67c1fc36f62ef6c345f25ab1d3322280e274e606477a8;2026-09-28T19:47:05.797752+00:00;false
LOC-0018;LOC-0128;BICYCLE;2026-08-17T07:00:00+03:00;OK;1728;29;8184;LOCAL_VALHALLA_MATRIX;778bb1a226a2fbc12466a29dfd4fdb2f027b6b504abb89d8f532d6e07dd2cdfe;64796f3493a52d918782c1637eba3e993d0370c0005dc88b78f754a860815b78;2026-09-28T19:47:05.797752+00:00;false
LOC-0018;LOC-0134;BICYCLE;2026-08-17T07:00:00+03:00;OK;1962;33;9336;LOCAL_VALHALLA_MATRIX;f3cea119158f967c4c9b08a4c19bf2a5e2bc0bb5d9627f712991a959efd2888f;edb9dbcfe167c283e7795288049278c0231142252bd40fb7540b316f64cfc276;2026-09-28T19:47:05.797752+00:00;false
LOC-0018;LOC-0135;BICYCLE;2026-08-17T07:00:00+03:00;OK;1960;33;9320;LOCAL_VALHALLA_MATRIX;e3c41da5b7311f0003bb7f2def60858b334854823a1371c9d4098d13a49bcbe5;56db319410778e95ef6728d32ce1f1fbabda21c1571487e65a98dd22247dbd66;2026-09-28T19:47:05.797752+00:00;false
LOC-0018;LOC-0136;BICYCLE;2026-08-17T07:00:00+03:00;OK;2101;36;9966;LOCAL_VALHALLA_MATRIX;22c161f92b700271fc3d96c8cb6455c12043b8d0e90caab65442197921c64ccd;5442568a45dff620f12ac2a09148cdcc8e4d2e99698d77761faa691376c57e6c;2026-09-28T19:47:05.797752+00:00;false
LOC-0018;LOC-0140;BICYCLE;2026-08-17T07:00:00+03:00;OK;2418;41;11567;LOCAL_VALHALLA_MATRIX;7bb204a85ed91e1c6b0d39350a3639958af1914d0d222546baa6847fc775ae9e;92f0a1004728e62d879f97b7383b0fb80a3a029161487c1c6c5a13adb173737e;2026-09-28T19:47:05.797752+00:00;false
LOC-0018;LOC-0141;BICYCLE;2026-08-17T07:00:00+03:00;OK;1411;24;6573;LOCAL_VALHALLA_MATRIX;70a6ca82416b04e6cd5bde8c5493b9ca82357c4735fc7d71486156c127a5198c;88bec92b4f9bc0adec0dc68d4017e76457baee6b200825ca3dfca85ae179abdd;2026-09-28T19:47:05.797752+00:00;false
LOC-0018;LOC-0142;BICYCLE;2026-08-17T07:00:00+03:00;OK;1362;23;6348;LOCAL_VALHALLA_MATRIX;5553401fc6c0bae6b6cc52b1f23aa4e17162370a02b1160377b33821789c773b;88f68c8b7f851c50cdb649080876098671455ccd6b1f5fc84791e68e0a7d6d47;2026-09-28T19:47:05.797752+00:00;false
LOC-0018;LOC-0145;BICYCLE;2026-08-17T07:00:00+03:00;OK;1249;21;5806;LOCAL_VALHALLA_MATRIX;0f361af8ade813f502bfdddb297a4cd499a49f1ce3cc485a5c429af43f74ad1b;9e8f1a2dfd5f2fa5208c053352df557072c2fda0913484d15518b81db9205f97;2026-09-28T19:47:05.797752+00:00;false
LOC-0018;LOC-0148;BICYCLE;2026-08-17T07:00:00+03:00;OK;334;6;1556;LOCAL_VALHALLA_MATRIX;f06896577e1f428188e07a61f1735b2d9dff6b760064d9ec7487eb2025aafa6b;103389d74025eac67bcfa4d1d78540b84f33d849937548eac40d2dc94012179f;2026-09-28T19:47:05.797752+00:00;false
LOC-0018;LOC-0149;BICYCLE;2026-08-17T07:00:00+03:00;OK;398;7;1865;LOCAL_VALHALLA_MATRIX;13e4b1011cc55b7c09fb19d0b5722cea5d158daaaae0f920a75a2b4607de67a7;82293711b2371d4ffbf281e7d963c09b3bf61610f6310ab913748274339ce942;2026-09-28T19:47:05.797752+00:00;false
LOC-0018;LOC-0150;BICYCLE;2026-08-17T07:00:00+03:00;OK;437;8;2056;LOCAL_VALHALLA_MATRIX;a8608961d237b1813fed08f5919336fecce4f77d18e4099d5a44f5a658ada72f;42bce2bd10a9cea26f46a596149a7961e6d9c0de82cd705e85c4eb743e57c376;2026-09-28T19:47:05.797752+00:00;false
LOC-0018;LOC-0151;BICYCLE;2026-08-17T07:00:00+03:00;OK;260;5;1184;LOCAL_VALHALLA_MATRIX;6e42c03d3554ddeb09929e12f4c9a0802a824e1d9d9a78d00ab0b7f4a8f9f7ef;ae8300515dd4a0b2f269ca62345923ce05ea2a1cc28d8153835aaa7e3d110931;2026-09-28T19:47:05.797752+00:00;false
LOC-0018;LOC-0152;BICYCLE;2026-08-17T07:00:00+03:00;OK;279;5;1276;LOCAL_VALHALLA_MATRIX;4afa22a04d4a361a0cef9663cf580f5d3d4e1d034ff84cde571a60ac1bb84b0e;ac78f6b762dbc4895404bdd8bc60a4ca214563d7cefec838c5cf1491aedab4ed;2026-09-28T19:47:05.797752+00:00;false
LOC-0018;LOC-0190;BICYCLE;2026-08-17T07:00:00+03:00;OK;1148;20;5415;LOCAL_VALHALLA_MATRIX;258f951b03a1df6d0d35a8b437ec7869bbfc352cd1a02143e994a8d4b7c2ed02;5fcd36644eceeaff6cc0d9356e0f81529d64a48f71d56d38a001a212e0c7c4c4;2026-09-28T19:47:05.797752+00:00;false
LOC-0018;LOC-0196;BICYCLE;2026-08-17T07:00:00+03:00;OK;719;12;3309;LOCAL_VALHALLA_MATRIX;91b63fea77a5a87fd9dc4c99f10f196e4aceef8375f5ea5035a251a63fda7fb0;03b2e71a922c918dcf9e2bbeef21a10fd41d3887942c2323642a39e510db2252;2026-09-28T19:47:05.797752+00:00;false
LOC-0019;LOC-0002;BICYCLE;2026-08-17T07:00:00+03:00;OK;1789;30;8529;LOCAL_VALHALLA_MATRIX;368649f0ce66abdce612dddd78919d9ae9596baae004c91b6a0568d22bdb00dc;145ef9f4d200b6ae0746b53baba419e7acf8612065a9c34ad3b7f34e938f97a9;2026-09-28T19:47:05.797752+00:00;false
LOC-0019;LOC-0008;BICYCLE;2026-08-17T07:00:00+03:00;OK;316;6;1470;LOCAL_VALHALLA_MATRIX;7a52bc72aef780a5a022838818e70455db7cf9c44c1c9b38e32236502dfa180b;9d1d8184659b7701f6ac2b3569dab2dc39258d21516a04e229ada2c8cf1d57ad;2026-09-28T19:47:05.797752+00:00;false
LOC-0019;LOC-0009;BICYCLE;2026-08-17T07:00:00+03:00;OK;3433;58;16062;LOCAL_VALHALLA_MATRIX;1caf739794c54556bd0306ae155328befe6b3ec7ae186d6c39bf4fd159b3fb48;25fb997a417b9a4e55f857bb46dca5563039abe03e8946b341fcdd472c700efd;2026-09-28T19:47:05.797752+00:00;false
LOC-0019;LOC-0010;BICYCLE;2026-08-17T07:00:00+03:00;OK;178;3;810;LOCAL_VALHALLA_MATRIX;5a1e327583017cbc0045dcd36d457dc6e64eff1f266e5a28a3a53eef9f980f5b;0085636eb70d5eb56e3b53fa9599194f6da12ece16e3c4eaf07519c461bcb0b5;2026-09-28T19:47:05.797752+00:00;false
LOC-0019;LOC-0011;BICYCLE;2026-08-17T07:00:00+03:00;OK;524;9;2431;LOCAL_VALHALLA_MATRIX;609f1f11599a4ea6319cafe0400171cb52ac4aba7e36151485050b2e03449c1d;f208d9f0ba8eb8e2ed69c2b7ca69faddba32a96af41917131e18819b45f7f748;2026-09-28T19:47:05.797752+00:00;false
LOC-0019;LOC-0012;BICYCLE;2026-08-17T07:00:00+03:00;OK;465;8;2185;LOCAL_VALHALLA_MATRIX;300a09877df2ff24b608e282b0725b96ef9bfdb78262dd7e8fac312e13eb41f4;141169abed44634178cd5d0604529e8c247f69d6e68efad03ab3a6aa90361407;2026-09-28T19:47:05.797752+00:00;false
LOC-0019;LOC-0013;BICYCLE;2026-08-17T07:00:00+03:00;OK;2107;36;10164;LOCAL_VALHALLA_MATRIX;be85df7ffa47650dfcf134ec1eff74d494700ca070ba3bc2fc80f76db46912c8;598c1095c7aeaa63724a8492677131ee7ee2ebcf3d1dcb4855d1eb640bb01dfb;2026-09-28T19:47:05.797752+00:00;false
LOC-0019;LOC-0016;BICYCLE;2026-08-17T07:00:00+03:00;OK;2519;42;12177;LOCAL_VALHALLA_MATRIX;a643bb36d34cddc31f9c101a8f64e114ffcd9779fac7544675da710227a034ec;fe8f259a6221ae0a003ec7c293f94b3a6f566c6312437a9bd175bdcc2f177943;2026-09-28T19:47:05.797752+00:00;false
LOC-0019;LOC-0017;BICYCLE;2026-08-17T07:00:00+03:00;OK;1679;28;7998;LOCAL_VALHALLA_MATRIX;d06753922447b4cd1e80f0cbe032c72fa1b5e973ed9eba53cff37913082349d4;89d0d7720f5c9d2254145b1c021c169c55e537781977bde2ba87fec073477290;2026-09-28T19:47:05.797752+00:00;false
LOC-0019;LOC-0018;BICYCLE;2026-08-17T07:00:00+03:00;OK;1640;28;7806;LOCAL_VALHALLA_MATRIX;8510551c1c57f0b2b71529066c6a68d168c5592edcb6c601ef783fd25343ba03;16244fed2f1c447e7c9e52aa47b90f8d7e121df0f73a4bb5e2ab58018b27a5dc;2026-09-28T19:47:05.797752+00:00;false
LOC-0019;LOC-0019;BICYCLE;2026-08-17T07:00:00+03:00;OK;0;0;0;LOCAL_VALHALLA_MATRIX;804581b3f5bea03bd97edf60b5b06d743405d34011b80a6448d5c2b688bb2bd4;3d5812abc84c11768aa73a732c85d75dbed439188f5bb3239e9b762ea31d9862;2026-09-28T19:47:05.797752+00:00;false
LOC-0019;LOC-0020;BICYCLE;2026-08-17T07:00:00+03:00;OK;420;7;1997;LOCAL_VALHALLA_MATRIX;aa0d92bddcb0bd0fa398d5802c3700fe8b03bef2c20beb78943c9349675124eb;dfad9ec82412b994d887be558b886ab7102ff47f41341a72c76051784ee8a739;2026-09-28T19:47:05.797752+00:00;false
LOC-0019;LOC-0023;BICYCLE;2026-08-17T07:00:00+03:00;OK;1311;22;6148;LOCAL_VALHALLA_MATRIX;d4ed8f344573b02f4dbdbc1befa8be31881be2871973122b045a955dbe5e7ec6;b838309fd8d0d93f97deb3fa1f4793a6dd884d6096380d59831e732f23714fa1;2026-09-28T19:47:05.797752+00:00;false
LOC-0019;LOC-0027;BICYCLE;2026-08-17T07:00:00+03:00;OK;1516;26;7254;LOCAL_VALHALLA_MATRIX;53181dd05fb236557ecf714037387f79c899df2f85de5d9a667c9e1163ca6c26;aa57478a99e7ef988e286dfdc0521a6a56713f7960a27e0f00601ab4d686ab2f;2026-09-28T19:47:05.797752+00:00;false
LOC-0019;LOC-0028;BICYCLE;2026-08-17T07:00:00+03:00;OK;2266;38;10766;LOCAL_VALHALLA_MATRIX;1a25e78e7748a114a16df61dd77493fcf380176098f57bcc6358f177e91ed515;cbe00bf870c92fbe489cb274442a62c5a81b220fd85e6d6d5eac79b5ad8f36a4;2026-09-28T19:47:05.797752+00:00;false
LOC-0019;LOC-0029;BICYCLE;2026-08-17T07:00:00+03:00;OK;2191;37;10389;LOCAL_VALHALLA_MATRIX;bea7510828ff19075dd9700c4470ca2e00d1a2cc8b1b1670377123c704c826f1;dcdf31f4a3fa9c7b7e266a0bb080e704901cd360bb5ed2cd9cfda7bd8c42f218;2026-09-28T19:47:05.797752+00:00;false
LOC-0019;LOC-0037;BICYCLE;2026-08-17T07:00:00+03:00;OK;1330;23;6354;LOCAL_VALHALLA_MATRIX;de35694644546d4864689c3f5ad59da213aaa569de131281a8a169c1390f42eb;5336d2b7ebd28e0e16d112f4168d38d5d9ea4672d6d97110b18ae4a82c5b9920;2026-09-28T19:47:05.797752+00:00;false
LOC-0019;LOC-0045;BICYCLE;2026-08-17T07:00:00+03:00;OK;1941;33;9330;LOCAL_VALHALLA_MATRIX;88c6e046b84704d3d146e9cb54d20d1f1e0a89dfcff0e13d3cc348cd53f4cbab;4a10916728c240a29aa5154d3df62a7d7ff9ac56e74680f832edba656dbc2494;2026-09-28T19:47:05.797752+00:00;false
LOC-0019;LOC-0053;BICYCLE;2026-08-17T07:00:00+03:00;OK;2488;42;12064;LOCAL_VALHALLA_MATRIX;24c9a5a59bb3f04d5444702d18b52535a155d826d5b47df7c755f8d221f5674a;78f9fd436d6db8e2748932a207775ed2261eb8d7eb0f49135197c3ee86338e81;2026-09-28T19:47:05.797752+00:00;false
LOC-0019;LOC-0054;BICYCLE;2026-08-17T07:00:00+03:00;OK;1237;21;5914;LOCAL_VALHALLA_MATRIX;74d53d671a7493f43c67a2539c11c34b8907aeeb3b3a7ee3c539c6d7e60b1b63;4cd4353451ff24e54f4b7bf6b61d3908d50407882d9da946ef815d83e7e149b2;2026-09-28T19:47:05.797752+00:00;false
LOC-0019;LOC-0061;BICYCLE;2026-08-17T07:00:00+03:00;OK;584;10;2569;LOCAL_VALHALLA_MATRIX;5c9b4d463efe94b86a3c49875a641dcbb66217441a44c2c632b619e2cf5e8cf0;c6efd9b06be347ec2326790804968fc155eef248750eb127ec0f79d4cfb870ab;2026-09-28T19:47:05.797752+00:00;false
LOC-0019;LOC-0063;BICYCLE;2026-08-17T07:00:00+03:00;OK;2435;41;11598;LOCAL_VALHALLA_MATRIX;9e7c3ec7541f165379ccce4497d3d91cce114d1710276e2f27f2075a47441c5d;55b61c640c0c6a1175e2344f1ac14638c7a5327eb788eada0295ef40224604b7;2026-09-28T19:47:05.797752+00:00;false
LOC-0019;LOC-0064;BICYCLE;2026-08-17T07:00:00+03:00;OK;2276;38;10901;LOCAL_VALHALLA_MATRIX;6aec16deceb3aae22990f6751d1abc5565e030fc37b0e07be2ae7b4121e2f191;edd970dd657848b179497b1dba793fd45948105faab44b342febc8bf1245bd05;2026-09-28T19:47:05.797752+00:00;false
LOC-0019;LOC-0074;BICYCLE;2026-08-17T07:00:00+03:00;OK;1357;23;6413;LOCAL_VALHALLA_MATRIX;eb25d36467a3a6080c3bb64cd2cc006c9bdb6e791d8ea1d8ca31390c73fc1002;1eca8512fd131f1fa13f66079fe60991eb1d43dcec583787a2e10d64a83a5724;2026-09-28T19:47:05.797752+00:00;false
LOC-0019;LOC-0075;BICYCLE;2026-08-17T07:00:00+03:00;OK;1554;26;7229;LOCAL_VALHALLA_MATRIX;fa1127719bc970acde378389826c318379f564e637801b954112fe0c13993eb5;551624ddc013b8165dd3c2312b491fcebda7ff9c71d472b471bfdcdc2ef7ee56;2026-09-28T19:47:05.797752+00:00;false
LOC-0019;LOC-0076;BICYCLE;2026-08-17T07:00:00+03:00;OK;2545;43;12210;LOCAL_VALHALLA_MATRIX;c5d3259f8c90c5f0fb6886359f0a791a8bd3c457404faf919cd43bbf04efa0a4;d71d0aed8d21c7b4040ff41b67d57504cf66a6e6bb934d13f7c7395f7c04f8bd;2026-09-28T19:47:05.797752+00:00;false
LOC-0019;LOC-0078;BICYCLE;2026-08-17T07:00:00+03:00;OK;2057;35;9870;LOCAL_VALHALLA_MATRIX;86a93e8a2348198af3a23a5029a6400d74d2c7293cc68f5a6966bc3632695925;e73ac51612b52e9125a224efc56adad719e27595100455956e9d20b0ca41b94f;2026-09-28T19:47:05.797752+00:00;false
LOC-0019;LOC-0080;BICYCLE;2026-08-17T07:00:00+03:00;OK;1392;24;6583;LOCAL_VALHALLA_MATRIX;405a9502abbd7a11ba215d593738900fdd67c79c23399e085a7423e7c765e0c7;e7bbf3d6206ea8cdcaded97a2f469ea48ff236230ffc619bb114d5228b102b3d;2026-09-28T19:47:05.797752+00:00;false
LOC-0019;LOC-0082;BICYCLE;2026-08-17T07:00:00+03:00;OK;2277;38;10951;LOCAL_VALHALLA_MATRIX;5b42c6ee259921c109f597db49e21464a4570378d20465258f32707ddbdbb66e;9cea01654125ee83738d3db8b43d5339432eabbe1f2f53f9d39197d97b335e9f;2026-09-28T19:47:05.797752+00:00;false
LOC-0019;LOC-0085;BICYCLE;2026-08-17T07:00:00+03:00;OK;1962;33;9366;LOCAL_VALHALLA_MATRIX;7f2c0fd5d95125a41d9fbf3775057225f25b9b1686154ac912989ef65b75849b;f4e1f32abbc3035cd35b2f29c8371c03b489af400d55c1cfb4fbb9946cb22eac;2026-09-28T19:47:05.797752+00:00;false
LOC-0019;LOC-0086;BICYCLE;2026-08-17T07:00:00+03:00;OK;2007;34;9430;LOCAL_VALHALLA_MATRIX;da942097d53896fb59256eba6a9c3b9067bd18da5d829120bac4abbb4d254367;e46bff0d8dcdfec4b268e795f554a0dd3256e7bc864593da00518c31cd542dff;2026-09-28T19:47:05.797752+00:00;false
LOC-0019;LOC-0091;BICYCLE;2026-08-17T07:00:00+03:00;OK;462;8;2196;LOCAL_VALHALLA_MATRIX;c9da29ee2e24dc68f4bed237eaa5dcd7ea36f2cfd1fad54681eb1ce0957c2c69;14f26f3efc358c3c01b952a6bb88971b058078ff2ebe79a1fb47a18f1cc1a47a;2026-09-28T19:47:05.797752+00:00;false
LOC-0019;LOC-0092;BICYCLE;2026-08-17T07:00:00+03:00;OK;559;10;2641;LOCAL_VALHALLA_MATRIX;032919c937b281bee23610d99ae9c386803c4edda41dbfad1383caf826a79733;0abbbe1611f25bb90b2456552cea4cdebe4623302c1dfc4fdaae7bbee13b6be3;2026-09-28T19:47:05.797752+00:00;false
LOC-0019;LOC-0093;BICYCLE;2026-08-17T07:00:00+03:00;OK;624;11;2792;LOCAL_VALHALLA_MATRIX;b190176ba187825a305dfc988b009a068c5a28643c992cfc016d8fc9a496c25f;4e29c89bbe9a2e6b61821cfe161d7e5adaa0351eee81c65ef4257aeab359b65f;2026-09-28T19:47:05.797752+00:00;false
LOC-0019;LOC-0094;BICYCLE;2026-08-17T07:00:00+03:00;OK;2120;36;10116;LOCAL_VALHALLA_MATRIX;12a02053e57cd0e2a3b1f5fe0cd50d37ba2188604c3a5cdd048d95260e433433;020902400bf0d19d57d182e26ca092d8d20f5277105fdc6c5443916e1859889b;2026-09-28T19:47:05.797752+00:00;false
LOC-0019;LOC-0095;BICYCLE;2026-08-17T07:00:00+03:00;OK;2299;39;10934;LOCAL_VALHALLA_MATRIX;f6fef7b50ec52cc20680280d2f0331d175cacb10f8f405121d3eb7b89fa088c2;c8c7acda1c6e1ebb91218c2d54f68bf25f505b4f31f6a8e41cddd2f50259af02;2026-09-28T19:47:05.797752+00:00;false
LOC-0019;LOC-0102;BICYCLE;2026-08-17T07:00:00+03:00;OK;2437;41;11719;LOCAL_VALHALLA_MATRIX;1d3eecb735b4dbfa28087ecb12cfbc2408f2007d75bba91c2fd8bce5e139a1a9;686996dea4059f04ffee6f1ac5717c41b03a2b10532a8db7218c997b21c7d2a1;2026-09-28T19:47:05.797752+00:00;false
LOC-0019;LOC-0112;BICYCLE;2026-08-17T07:00:00+03:00;OK;923;16;4365;LOCAL_VALHALLA_MATRIX;5e04a24823ec2686e406519f30ad8002a5d119dde4e80eb993aab48e3d9a6a56;2491d8ed89ce2ae9e193ab284b06f52b74f71d7b45e4e11899908e5e123fbdf3;2026-09-28T19:47:05.797752+00:00;false
LOC-0019;LOC-0124;BICYCLE;2026-08-17T07:00:00+03:00;OK;3254;55;15397;LOCAL_VALHALLA_MATRIX;fd0430d81dfc12f3b468d12769a67b14af0628723d305c560b7cf4a243c54bd1;1ade6edcc417f709bdc0de913932de08244c6cedcb3eae2c7d4ec977c2b4d7b6;2026-09-28T19:47:05.797752+00:00;false
LOC-0019;LOC-0125;BICYCLE;2026-08-17T07:00:00+03:00;OK;1507;26;7031;LOCAL_VALHALLA_MATRIX;45bbe6699d6c6b0ebae0b19011b74cb2dc16a7999ca5f899891fb5afac71f5f9;dc05b4b143dd0c3e5df3c926cb5878a0660358b6d14eb40ba09d3ccaf3cd8b22;2026-09-28T19:47:05.797752+00:00;false
LOC-0019;LOC-0126;BICYCLE;2026-08-17T07:00:00+03:00;OK;1057;18;4975;LOCAL_VALHALLA_MATRIX;a1f3d91be37e342b95d9e7f7c733990e4cc757cbc4c4ba2ff1e3f5a8d8d72a2c;71740f1230fb4d83ab38e6bff96cd975b99260d1b7893203a174208b3fac9047;2026-09-28T19:47:05.797752+00:00;false
LOC-0019;LOC-0128;BICYCLE;2026-08-17T07:00:00+03:00;OK;1406;24;6680;LOCAL_VALHALLA_MATRIX;2f71ffb2d8c07612862957d57564fa83be93fe56b5f113cc18dfa60e55dab837;d63a75eb9db1f0b9a2c71ae83ba7c02fabd31e94f1d24232f4f1f03fb35fc878;2026-09-28T19:47:05.797752+00:00;false
LOC-0019;LOC-0134;BICYCLE;2026-08-17T07:00:00+03:00;OK;1819;31;8674;LOCAL_VALHALLA_MATRIX;7529497a080e78bbf73c1f01a2a1c24b76f259c6e60e3f62eec2d3a346a0c583;ea3bd3ab5adc7fbe646ed799a6e736967c719d03269d5b16049c9a32f5027740;2026-09-28T19:47:05.797752+00:00;false
LOC-0019;LOC-0135;BICYCLE;2026-08-17T07:00:00+03:00;OK;1891;32;9020;LOCAL_VALHALLA_MATRIX;f07f2d27f3e55d220697d5e2838b57235626d7845e80254dcf09763a3b835c6f;46041bbde8aa409238d623ee02a2dc1aa7946d0a7c78f994701a4e48a352982a;2026-09-28T19:47:05.797752+00:00;false
LOC-0019;LOC-0136;BICYCLE;2026-08-17T07:00:00+03:00;OK;1896;32;9056;LOCAL_VALHALLA_MATRIX;9e5bc049ba7d740f511df0a6d4452643e03b136c4275d03a074714f7c39aa43e;bfab48a1a913711ba47d7bc14eb5a2dab9e09eccc0a8c36948f072d6f027c6aa;2026-09-28T19:47:05.797752+00:00;false
LOC-0019;LOC-0140;BICYCLE;2026-08-17T07:00:00+03:00;OK;2218;37;10740;LOCAL_VALHALLA_MATRIX;3d9a8f545b76e94b95dcfb5ad7d3bdcf33f6c7b3d687940dcf9bd62944899dab;e574ee56f7be86b6d3c32e9612848bc23e1e7036915c4eb97213175d7ff8b709;2026-09-28T19:47:05.797752+00:00;false
LOC-0019;LOC-0141;BICYCLE;2026-08-17T07:00:00+03:00;OK;2828;48;13225;LOCAL_VALHALLA_MATRIX;ed3f8d49585c6cde91841788561dff4c089de8e136ca5a74cb12acbc4f1362d3;27a1c5a0ef9634855ae0ffa43d5b9b52f659d0ec990c4443078b92d3bfb1548a;2026-09-28T19:47:05.797752+00:00;false
LOC-0019;LOC-0142;BICYCLE;2026-08-17T07:00:00+03:00;OK;2779;47;13000;LOCAL_VALHALLA_MATRIX;9e51a0fd6663e5ed6393492420391bb31d21ae1d33e422fa274e1c810ab35a3a;8e67598e856e8858d854d225f99e2dcf889f0c6e9b2e72e7ee24312827b3f957;2026-09-28T19:47:05.797752+00:00;false
LOC-0019;LOC-0145;BICYCLE;2026-08-17T07:00:00+03:00;OK;539;9;2561;LOCAL_VALHALLA_MATRIX;abf726f9a83910b35c8b66c6eb3b3cd0c707dd13f003a99cba2a8bf0574fff97;790d98ca1299905d3146b9061c1898aea5adec826adfee473d5af8966097f0be;2026-09-28T19:47:05.797752+00:00;false
LOC-0019;LOC-0148;BICYCLE;2026-08-17T07:00:00+03:00;OK;1590;27;7449;LOCAL_VALHALLA_MATRIX;3157f8dac68e8c34a27c89d629567c1fc31b5e6a33eb748ca7227070ee34a3b2;43c0811050ba1ba3964906c858ab0358d2dc01f073b158fdf729f5cdab5d78b6;2026-09-28T19:47:05.797752+00:00;false
LOC-0019;LOC-0149;BICYCLE;2026-08-17T07:00:00+03:00;OK;1461;25;6934;LOCAL_VALHALLA_MATRIX;1b6b4577869457a25cc324d76bf7ed4cbbe5c596eb5c46abe2e2aa593e4794da;bbd9a6b9e9e1b33c4a555290084f94b10aa25187547b885bc99cb16cdc8f8081;2026-09-28T19:47:05.797752+00:00;false
LOC-0019;LOC-0150;BICYCLE;2026-08-17T07:00:00+03:00;OK;1427;24;6763;LOCAL_VALHALLA_MATRIX;d7e4b03338f2b665b7c01f013429e7784befc93fac19b8a3fe72c279dfa2c970;9668a62f824b0718851d9201a71144ce01efdf04f84206f9946317ce41a35068;2026-09-28T19:47:05.797752+00:00;false
LOC-0019;LOC-0151;BICYCLE;2026-08-17T07:00:00+03:00;OK;1677;28;7854;LOCAL_VALHALLA_MATRIX;6af3eaac2da4e24f22c3a4c235817973f394aa2cd1d70a4c162bf152ecc8655b;bb8540d2d67cea43f071798c8f8f88821a6b9b7eb130a58cf8eb9fa2a02d847b;2026-09-28T19:47:05.797752+00:00;false
LOC-0019;LOC-0152;BICYCLE;2026-08-17T07:00:00+03:00;OK;1679;28;7846;LOCAL_VALHALLA_MATRIX;15b99ff8a554e78c19b2ce22140913eed36b4355d49bbcbc70bef7cbbf61ce59;80ae6f5a517e2753e39576ec3dd8f43bf15b143757b4cc915604139e87d4eb81;2026-09-28T19:47:05.797752+00:00;false
LOC-0019;LOC-0190;BICYCLE;2026-08-17T07:00:00+03:00;OK;823;14;3894;LOCAL_VALHALLA_MATRIX;43c6d2925686e0fb83ebfa5ec0b05c5e09f97cb54bd0ccfd14c7799e73619ada;a25b82c8f39dedd2dd15523d664c087935f2bb3137dd6df5d8e0f89c60c30d0e;2026-09-28T19:47:05.797752+00:00;false
LOC-0019;LOC-0196;BICYCLE;2026-08-17T07:00:00+03:00;OK;1668;28;7816;LOCAL_VALHALLA_MATRIX;777b23881173b07e5da8353ff72892914676a6f9452c5eb8d71432f32969e149;b96b2fa5566d95d8024b08e27cfe33c32cb1346e547ff9f67c83542fae27edb9;2026-09-28T19:47:05.797752+00:00;false
LOC-0020;LOC-0002;BICYCLE;2026-08-17T07:00:00+03:00;OK;2024;34;9661;LOCAL_VALHALLA_MATRIX;7fbde7c4095672f88acda36e27dde6c2ab961d5211be9f0023a471e95ca954ac;fe695ab09942dddf55e8e52499f0f32a8f8982e83b09a53c95e431214ca71d6c;2026-09-28T19:47:05.797752+00:00;false
LOC-0020;LOC-0008;BICYCLE;2026-08-17T07:00:00+03:00;OK;724;13;3420;LOCAL_VALHALLA_MATRIX;95cd8c2ec64fcbcbfd3a22b0a0501a40a4e201cefae8126d749caf89239e98ea;70391d0852b5d77e626cb4e6141a4c71bfcaa0e3ec28d27c9ecd388e01c13609;2026-09-28T19:47:05.797752+00:00;false
LOC-0020;LOC-0009;BICYCLE;2026-08-17T07:00:00+03:00;OK;3241;55;15190;LOCAL_VALHALLA_MATRIX;5ce06ecb081c18fcf20046569ef3f6406bcfc297713e618b73ff3063e8cd1090;ebf8867381b0bd6b6e7e73a85b7bf27c272c96b6102b8fbf0fa18eb03201de25;2026-09-28T19:47:05.797752+00:00;false
LOC-0020;LOC-0010;BICYCLE;2026-08-17T07:00:00+03:00;OK;555;10;2626;LOCAL_VALHALLA_MATRIX;d06befbb8be9587427a5fbd92611960536814230cbdfde6c40255b52d705ab6b;5d107fd418b6d7051d6c2fde579baf246e43ba7b080e4830ac652c759b20310e;2026-09-28T19:47:05.797752+00:00;false
LOC-0020;LOC-0011;BICYCLE;2026-08-17T07:00:00+03:00;OK;769;13;3671;LOCAL_VALHALLA_MATRIX;0d9a44d7678a0b5ab978c597e879f387153efea4bf4f5e5f1ac92d7f01ddf3e5;86cb3391feafc0fd1c660dca1e08163fa6df8cc93f75a1872c11bd59e14bd64e;2026-09-28T19:47:05.797752+00:00;false
LOC-0020;LOC-0012;BICYCLE;2026-08-17T07:00:00+03:00;OK;667;12;3184;LOCAL_VALHALLA_MATRIX;c7a7936b76c11bb7abf6939c5334773dca34767772596c3bc8be1e2da80b3bdc;9c63ea9c46438cd53a6feb103291d4fe3690f34e2c8ffb0a27ab01fccb1ecf84;2026-09-28T19:47:05.797752+00:00;false
LOC-0020;LOC-0013;BICYCLE;2026-08-17T07:00:00+03:00;OK;2330;39;11267;LOCAL_VALHALLA_MATRIX;0f6f041d0012ab27ed7b74c76941ce60c579cc9cf1282799f96d5abf129bd843;a25630877fd6a4f0ad410d0e0be3f592979c9cd8e7daa92d860bb4e8a71eb6aa;2026-09-28T19:47:05.797752+00:00;false
LOC-0020;LOC-0016;BICYCLE;2026-08-17T07:00:00+03:00;OK;2753;46;13309;LOCAL_VALHALLA_MATRIX;80f2eb2b5a2646a58aea083b6e39f3945a8ad04828083b572f6de662c4e75655;486b10f9f03d862a940821c90e86999925474ba8273147a8af0719c2b7a2e56c;2026-09-28T19:47:05.797752+00:00;false
LOC-0020;LOC-0017;BICYCLE;2026-08-17T07:00:00+03:00;OK;1520;26;7188;LOCAL_VALHALLA_MATRIX;bf268cd8fb0d53b0f140d0b9d437a5c4d1e1bdc714c31f8242e8b5a00a291252;e0a020535e577c88bc410a728900e3a3144636b8a6a4ea3ea5281a1d75cece2d;2026-09-28T19:47:05.797752+00:00;false
LOC-0020;LOC-0018;BICYCLE;2026-08-17T07:00:00+03:00;OK;1481;25;6996;LOCAL_VALHALLA_MATRIX;3d6102d66ed8eb51efd8b59136d5a7627f5216d427e2d194b40971e67601b30a;37eecc3ac67bb0a1b5f86c0b740638adbe700c0421f1c889ae6cf0b03333fcbf;2026-09-28T19:47:05.797752+00:00;false
LOC-0020;LOC-0019;BICYCLE;2026-08-17T07:00:00+03:00;OK;563;10;2661;LOCAL_VALHALLA_MATRIX;94dd96178926c5a41f724c6b181a728d193b1d0a708e28c9b99e8f9f43fbdb9c;ff0c7bfc3484db2a3b60f87d4ecfb72d9ba8e1b8ff4d4b9fd4775d62d1712c69;2026-09-28T19:47:05.797752+00:00;false
LOC-0020;LOC-0020;BICYCLE;2026-08-17T07:00:00+03:00;OK;0;0;0;LOCAL_VALHALLA_MATRIX;47d71424eed48601015a20c3eb85ce9a445ccb26a62383ff6ced0b03d3498ce2;3d5812abc84c11768aa73a732c85d75dbed439188f5bb3239e9b762ea31d9862;2026-09-28T19:47:05.797752+00:00;false
LOC-0020;LOC-0023;BICYCLE;2026-08-17T07:00:00+03:00;OK;1119;19;5276;LOCAL_VALHALLA_MATRIX;85f1fd9e61f181ffd7366a3bbf3d7a671c5992284c5b2514071b7e3079a6164a;5f1adeb51ce6e93bd2f3b5fed2d32ccf67ad19e8224c89e0742e5feb9fbb8197;2026-09-28T19:47:05.797752+00:00;false
LOC-0020;LOC-0027;BICYCLE;2026-08-17T07:00:00+03:00;OK;1324;23;6382;LOCAL_VALHALLA_MATRIX;408dd7107164b4571143842393e8337a92b2d6026ed45b754b8d7fad2711afae;e68ec7a3ed779d265074288615c428c7c1ad63ceba88da408dc61166e93db7b5;2026-09-28T19:47:05.797752+00:00;false
LOC-0020;LOC-0028;BICYCLE;2026-08-17T07:00:00+03:00;OK;2204;37;10506;LOCAL_VALHALLA_MATRIX;fb28572476734559d27865ed0d194127a8f30b909149cbc00bcbc0b4372c8380;286758ea9aee5cbc472e28e7a68a7a83db9463106dd16961fc2cfeacc24600c0;2026-09-28T19:47:05.797752+00:00;false
LOC-0020;LOC-0029;BICYCLE;2026-08-17T07:00:00+03:00;OK;2130;36;10129;LOCAL_VALHALLA_MATRIX;f575c85c70359299e9e7a563dc81c25895645bd56768eabe51074a6e1a18f731;0cc56e5c0e35b75a0bb8b34548ddd627856ce29003241ed7a801b05b07724e01;2026-09-28T19:47:05.797752+00:00;false
LOC-0020;LOC-0037;BICYCLE;2026-08-17T07:00:00+03:00;OK;1565;27;7486;LOCAL_VALHALLA_MATRIX;a1fa5ec4ef4870759f01359c01dbe8a9df055d76782eecf63b3ca1f9cdfb8544;c31d476a84c35601145625f75e3c85b5e59cb63c35ce8ad070c014430ecb9bc6;2026-09-28T19:47:05.797752+00:00;false
LOC-0020;LOC-0045;BICYCLE;2026-08-17T07:00:00+03:00;OK;1748;30;8458;LOCAL_VALHALLA_MATRIX;70286df629be597fe94c15a2358461d65f99eb600f6cd2fbbda05390fdd34672;9611c26ef78045b93b0a7615d59871105caec7f850408d7a83d411db14da2ff3;2026-09-28T19:47:05.797752+00:00;false
LOC-0020;LOC-0053;BICYCLE;2026-08-17T07:00:00+03:00;OK;2722;46;13196;LOCAL_VALHALLA_MATRIX;0b3e0d0f0c1e715aed387eaff3ad91f0bd7501593384ebd45d53fa43d367e2de;248ae9a88ccd4e6dba56305f987b39a792931ba556ae9aacede7569bb0ac6096;2026-09-28T19:47:05.797752+00:00;false
LOC-0020;LOC-0054;BICYCLE;2026-08-17T07:00:00+03:00;OK;1472;25;7046;LOCAL_VALHALLA_MATRIX;32f1117f3e8f295ae6ed7b476204826f6a8b674f0c18d55578eeb13b295287e4;9e75beb48c229b4356e10aed09aba2236f47b161f1f2d2036c0df2b400baaf23;2026-09-28T19:47:05.797752+00:00;false
LOC-0020;LOC-0061;BICYCLE;2026-08-17T07:00:00+03:00;OK;844;15;3824;LOCAL_VALHALLA_MATRIX;333db4828f62fed9d080cbab4930e7a5b15147e5217b394afc2d4c80a03337d9;95b0a1851747ca768f55863966153887e00b354e77be9c2fea52e15c31c2deee;2026-09-28T19:47:05.797752+00:00;false
LOC-0020;LOC-0063;BICYCLE;2026-08-17T07:00:00+03:00;OK;2243;38;10726;LOCAL_VALHALLA_MATRIX;435f48dbd3d935724f523ba336ea4fc3547510136a624a7b8ac172ee7f36c759;22d744d1d271efcb5e37899e9cce015554e070d62b5fc3af6b6e5603d9a974f9;2026-09-28T19:47:05.797752+00:00;false
LOC-0020;LOC-0064;BICYCLE;2026-08-17T07:00:00+03:00;OK;2084;35;10029;LOCAL_VALHALLA_MATRIX;42884cc04771296f2b59f305f56a57c3947e02270961da966624c7cf15cc9b6a;716fbf03c71a7b251db2e740de8602c2803dd94a08e2d865735491eb81de0c4d;2026-09-28T19:47:05.797752+00:00;false
LOC-0020;LOC-0074;BICYCLE;2026-08-17T07:00:00+03:00;OK;1162;20;5544;LOCAL_VALHALLA_MATRIX;ae60bd80a51c30772af3f9ddf7b7d7dcbf7db0cd64de1f19bea1e7ca62734313;9417e4a8ee13d6d45d56986a9a1aefb6862d5ebf82204dc1df61f543d2a72092;2026-09-28T19:47:05.797752+00:00;false
LOC-0020;LOC-0075;BICYCLE;2026-08-17T07:00:00+03:00;OK;1362;23;6357;LOCAL_VALHALLA_MATRIX;0e23bd6c9e686c9c48915c7011a7e146832f9f7c3e2e17d54221467cb2231ad1;0c9ed60cfa93551227682b1a2412fe74701d48c14d3923e99b5965a6eaa68bc1;2026-09-28T19:47:05.797752+00:00;false
LOC-0020;LOC-0076;BICYCLE;2026-08-17T07:00:00+03:00;OK;2780;47;13342;LOCAL_VALHALLA_MATRIX;70e30245f6e40d37dabec8f566b8647c5e552a4487c0e058866d4aabcfe7a8f5;6eb0f5d05516783891fe6811bed58c998da678fd7724a3d197afac6f1042426f;2026-09-28T19:47:05.797752+00:00;false
LOC-0020;LOC-0078;BICYCLE;2026-08-17T07:00:00+03:00;OK;1865;32;8998;LOCAL_VALHALLA_MATRIX;c3f38a45bb9cbddc435b6d820ed2a5e7efed2e1df0a4cddbdb3de00c66a4f07a;a8b22a4ea80fdb8316ac6c2e51421800beb290e6c9ebe455d7442a3e987fce74;2026-09-28T19:47:05.797752+00:00;false
LOC-0020;LOC-0080;BICYCLE;2026-08-17T07:00:00+03:00;OK;1233;21;5773;LOCAL_VALHALLA_MATRIX;6ea8f249fa2d2e49fc68b682d0fb83c3506c7c4d42cf514d6042446d9e6e592f;28ccba8b59687c740df2484ec375339f6312d597ffd58fe2253d172af4bb38d9;2026-09-28T19:47:05.797752+00:00;false
LOC-0020;LOC-0082;BICYCLE;2026-08-17T07:00:00+03:00;OK;2085;35;10079;LOCAL_VALHALLA_MATRIX;ae1c3b6925d611d08649430e3a43586aeb982e87c3c5b3c72c5e4f885b8cab77;69c4ad58762b24f012e8aa9f63403172b995d6d636a500bfedb300f5c398b9ea;2026-09-28T19:47:05.797752+00:00;false
LOC-0020;LOC-0085;BICYCLE;2026-08-17T07:00:00+03:00;OK;2196;37;10498;LOCAL_VALHALLA_MATRIX;af427238457fe6d656e8e055e0ecfbd9430039a0ddd157c2c8a0acbad4ebee03;3e5a2206dd1d8620d670a0bda6617f92c3fb5c45bc496050093e7fc641082267;2026-09-28T19:47:05.797752+00:00;false
LOC-0020;LOC-0086;BICYCLE;2026-08-17T07:00:00+03:00;OK;2242;38;10562;LOCAL_VALHALLA_MATRIX;8ac275a5d4d145454b63f409a51591717c6b1533fe417017ef5e631e093fed1e;1dfc3fbfa5e897274327f2ed0ab6a0b3d8dfc12fa9ffd7b7e7f982c46e521a1c;2026-09-28T19:47:05.797752+00:00;false
LOC-0020;LOC-0091;BICYCLE;2026-08-17T07:00:00+03:00;OK;413;7;1970;LOCAL_VALHALLA_MATRIX;b978f033ae0f105984ee525ef0e8715a50d8e77ee6087e6fea336f103efce33d;e869b520d57fe5888b12bc66cd0bb5c417488dd12efaa50648172775f99256da;2026-09-28T19:47:05.797752+00:00;false
LOC-0020;LOC-0092;BICYCLE;2026-08-17T07:00:00+03:00;OK;369;7;1750;LOCAL_VALHALLA_MATRIX;aaf543d8f8e1b3d0afccf50818f7166d0c4ce2265f653f2a97b5bd4cacadb233;867edb09207a6b9f723ed13e67acd64827c5579605693e73a0a00acfb8055714;2026-09-28T19:47:05.797752+00:00;false
LOC-0020;LOC-0093;BICYCLE;2026-08-17T07:00:00+03:00;OK;435;8;1901;LOCAL_VALHALLA_MATRIX;bb7328dd3569c1f5c786da1afa4a8dd60f1c677e2bffd2f64806020c218dcff9;92a18c913e5cb1270034efe2565b9e4ee097b329dee22b8a6145e1e82f11702c;2026-09-28T19:47:05.797752+00:00;false
LOC-0020;LOC-0094;BICYCLE;2026-08-17T07:00:00+03:00;OK;2355;40;11248;LOCAL_VALHALLA_MATRIX;01778b17e09ef1ebe886626c63c808969dd0a6b83438c5b6b1c345f37c16261f;25d5b12f33e42c7f0873745081578f50c48b8a89eb1ae3e64d2e74ece1bb78c5;2026-09-28T19:47:05.797752+00:00;false
LOC-0020;LOC-0095;BICYCLE;2026-08-17T07:00:00+03:00;OK;2534;43;12066;LOCAL_VALHALLA_MATRIX;7cd36b3f0dccce3fc721e88896aec80d12ed9d467526b16594122ebcc02a3b7a;364c25cbbf075f5bdd4a07df1f71b72f75223e02fbf0f393204f7c7d5cf0e4c5;2026-09-28T19:47:05.797752+00:00;false
LOC-0020;LOC-0102;BICYCLE;2026-08-17T07:00:00+03:00;OK;2245;38;10847;LOCAL_VALHALLA_MATRIX;543ab2640aa04a81fba5df73e378186c6facca71e18d96da5b6ccdbca92572bb;9efda02f75f8cf53d5fea56904ab8c36376f59b2e4c2b09c9ac1f5cc7e47ff85;2026-09-28T19:47:05.797752+00:00;false
LOC-0020;LOC-0112;BICYCLE;2026-08-17T07:00:00+03:00;OK;730;13;3493;LOCAL_VALHALLA_MATRIX;efc08bd6396c271a8c90bbdbb2f1b2ab08e1d4c4e0877bc48e946b33f4ec4039;22e0676b62caf202e9a4f1b5472d092084730fc3e78f8ed29ef0cdd5dc7f1245;2026-09-28T19:47:05.797752+00:00;false
LOC-0020;LOC-0124;BICYCLE;2026-08-17T07:00:00+03:00;OK;3062;52;14525;LOCAL_VALHALLA_MATRIX;3852531ac5cb8a03fe2e9e586583b86f69c187bf09ec854f1100abdd7298d090;5a23966157a7790524ca6850529d5455246d4ca49f9045eeea387e9781aac0b9;2026-09-28T19:47:05.797752+00:00;false
LOC-0020;LOC-0125;BICYCLE;2026-08-17T07:00:00+03:00;OK;1315;22;6159;LOCAL_VALHALLA_MATRIX;6ae6cc52ba3de19b66fcd29ed96402eec309279afa7269b4d7bcaa10722d24db;6d63e69d37bf9fbd9e38159fc0dbc7a6b770b9aaaed5e5bd87db1d19303f4a77;2026-09-28T19:47:05.797752+00:00;false
LOC-0020;LOC-0126;BICYCLE;2026-08-17T07:00:00+03:00;OK;1077;18;5128;LOCAL_VALHALLA_MATRIX;3a00cbbfa66fd30157f541bf71dd980f43f356be955e9914c81ee546b6ba46b6;b9749b74b43756cdadb5cf69879291a1ac768445221f64ef2e55528e88bbed44;2026-09-28T19:47:05.797752+00:00;false
LOC-0020;LOC-0128;BICYCLE;2026-08-17T07:00:00+03:00;OK;1641;28;7812;LOCAL_VALHALLA_MATRIX;05ff5dc375720d14e64b30d75b6c6570ff2a0849192b56e49081e0496cce593b;c95a135316a0aa0ca62518a74fd393f2db03316412bff8b5f7c85ffb2e4e4945;2026-09-28T19:47:05.797752+00:00;false
LOC-0020;LOC-0134;BICYCLE;2026-08-17T07:00:00+03:00;OK;2054;35;9806;LOCAL_VALHALLA_MATRIX;bc2dc4f138d394f206c410abdab3a66fc8347cb9f750a0ee8900b45c879dc3d2;9bd74999f89fc06fc742e86383ae040a0d78adf2c55877f4025916b0c80208b4;2026-09-28T19:47:05.797752+00:00;false
LOC-0020;LOC-0135;BICYCLE;2026-08-17T07:00:00+03:00;OK;2126;36;10152;LOCAL_VALHALLA_MATRIX;96a0be0e42b2cbfa3424ef5619f16e697ec7d5665aa7126ea6e7bd7402aa5d9e;eee9b0cef230dcc2a5c856faeda0766a1d24e994d1d6925fafcf12d3c66a12f4;2026-09-28T19:47:05.797752+00:00;false
LOC-0020;LOC-0136;BICYCLE;2026-08-17T07:00:00+03:00;OK;2131;36;10188;LOCAL_VALHALLA_MATRIX;54a12aa5b9babc0b5096a975837799ed9ceaf6a5812ee004d6f12e791ec270b8;df878c41e46cee0b59951325e8473d7b4e6a0ec3b8e2c589ed761f2e01f1ae93;2026-09-28T19:47:05.797752+00:00;false
LOC-0020;LOC-0140;BICYCLE;2026-08-17T07:00:00+03:00;OK;2453;41;11872;LOCAL_VALHALLA_MATRIX;c601cc3cfd9667261cd37be066484f052eb90cea9a99cb62afaaccba15686abd;b2e6079980cf849a291eac8ab107e3204874dd74942b6741dba6a82f1083c70d;2026-09-28T19:47:05.797752+00:00;false
LOC-0020;LOC-0141;BICYCLE;2026-08-17T07:00:00+03:00;OK;2636;44;12353;LOCAL_VALHALLA_MATRIX;7b570491230929b81846ef35ca30df2a3a92b3774ce061392153e39fd5901169;f9b65b30840125bb86550c777eb91ddc43e296a540050c47d697d410254369b8;2026-09-28T19:47:05.797752+00:00;false
LOC-0020;LOC-0142;BICYCLE;2026-08-17T07:00:00+03:00;OK;2587;44;12128;LOCAL_VALHALLA_MATRIX;a1131fb660574a46ce86370b14450e553fce1ee5ed315f5c41befaa49dd0bfbf;7d02e432f97008a3714cbadda4c66f0075063713587e830fa09ad97a2b8fdc61;2026-09-28T19:47:05.797752+00:00;false
LOC-0020;LOC-0145;BICYCLE;2026-08-17T07:00:00+03:00;OK;207;4;931;LOCAL_VALHALLA_MATRIX;4481294330d87178d72bac4173b87c7e409550b6218d706f0d01bb119755529e;ae46ac4bf48864d450c0afa7f6771044fdd200f529c805a5d020ca65e50abdaa;2026-09-28T19:47:05.797752+00:00;false
LOC-0020;LOC-0148;BICYCLE;2026-08-17T07:00:00+03:00;OK;1397;24;6577;LOCAL_VALHALLA_MATRIX;1d710eea7918127983fb7c8bfe8164b33df4d2c581e8366c178f8550bdd8d765;f86e1be1e5ff33d899e4fc1aae04eba5bc84fdac280d3a82d54dece7c4eee6e8;2026-09-28T19:47:05.797752+00:00;false
LOC-0020;LOC-0149;BICYCLE;2026-08-17T07:00:00+03:00;OK;1269;22;6062;LOCAL_VALHALLA_MATRIX;2965c6073a9389fd4ccc914deba88cb266bf6b8f776d7d34fdaf7d2b5c3ec567;8eb4dee7b33eaead34b74b21aa19643baf2a5204195cd3cb0b56fb38e5cd4bda;2026-09-28T19:47:05.797752+00:00;false
LOC-0020;LOC-0150;BICYCLE;2026-08-17T07:00:00+03:00;OK;1234;21;5877;LOCAL_VALHALLA_MATRIX;c28c6df575af96f51db931192cbf386f4e0aadc08dd4189378cb6fda50b5ed8e;e6c6748d5b83f33535026c541c0ac88a412cc06f8d8a6527990f05a8be329ca8;2026-09-28T19:47:05.797752+00:00;false
LOC-0020;LOC-0151;BICYCLE;2026-08-17T07:00:00+03:00;OK;1485;25;6982;LOCAL_VALHALLA_MATRIX;9cfb4e823ef7a74cb6547dc288a97b2f9218592733df4fc1937d787450807752;7ba60362caa64ed5772689cda67eb1cbacf9cf1f98541daf80f146927db11894;2026-09-28T19:47:05.797752+00:00;false
LOC-0020;LOC-0152;BICYCLE;2026-08-17T07:00:00+03:00;OK;1487;25;6974;LOCAL_VALHALLA_MATRIX;cba10cfc084c7ce464cecc772d1d34bd642ce9da1d630ea850657d2e22ad3c95;028332716a328b097320aab7d487bc6f4e110c2d2b2792ff4aa431772d2d5baa;2026-09-28T19:47:05.797752+00:00;false
LOC-0020;LOC-0190;BICYCLE;2026-08-17T07:00:00+03:00;OK;1072;18;5059;LOCAL_VALHALLA_MATRIX;ba4cedd4a5e6b231b5d75d30b781c5a04e35a2683e994ae7bfdd0946c821d805;b9214486a6c8c29637aee29bb21dd617be03c7a35f06b846a83b4a7f5ac50905;2026-09-28T19:47:05.797752+00:00;false
LOC-0020;LOC-0196;BICYCLE;2026-08-17T07:00:00+03:00;OK;1474;25;6855;LOCAL_VALHALLA_MATRIX;99de525d90262aab3797ab3cdc44a6ec4829d0a5b1e7de46dcb8fe10c1ad7515;5915c8bcd74be72e854d064b2132c358a155e10190cc71c8c40363b73c4c5b82;2026-09-28T19:47:05.797752+00:00;false
LOC-0023;LOC-0002;BICYCLE;2026-08-17T07:00:00+03:00;OK;2111;36;9980;LOCAL_VALHALLA_MATRIX;be19ecc1f2ca37565b89b75e2d21f3cdea4520867807ecd609c03f033f1833c0;ea4f6186458745d3d461ecd615f1930aea7b3ddca0d286bece1beaa30b9d312f;2026-09-28T19:47:05.797752+00:00;false
LOC-0023;LOC-0008;BICYCLE;2026-08-17T07:00:00+03:00;OK;1539;26;7209;LOCAL_VALHALLA_MATRIX;0d2508153910931ededb13f0fbdd0d9264a7976244b3fea55bdd7b4aedd83179;224597dc74d51c0e128c5181dca83d3198f20e5f894817dce3d568e25564a46d;2026-09-28T19:47:05.797752+00:00;false
LOC-0023;LOC-0009;BICYCLE;2026-08-17T07:00:00+03:00;OK;2102;36;9804;LOCAL_VALHALLA_MATRIX;08855ff579c4d32958f2480c19abbb63c32117b28063facbace617dc8915bf36;7a89f1fb710c8a9a253ee2c370682d4ea0a0ed2b2b9162a60da1a89849bc8835;2026-09-28T19:47:05.797752+00:00;false
LOC-0023;LOC-0010;BICYCLE;2026-08-17T07:00:00+03:00;OK;1390;24;6469;LOCAL_VALHALLA_MATRIX;9bb920a99aefbc30f28574f46836ddbc61d1161f725522ec8c259563ead33aed;5d3d93209a0ff92cefd84299ae134769ce113cde9635cfcd9c57cc16717941a9;2026-09-28T19:47:05.797752+00:00;false
LOC-0023;LOC-0011;BICYCLE;2026-08-17T07:00:00+03:00;OK;1408;24;6568;LOCAL_VALHALLA_MATRIX;fa2706b1c3fb9516aac786eb4b6498789123622db68c7758a79d8cddd6afddca;e71a4033191a8c0ec9a5a430e120840fb794db07e6316fca990497502b04301d;2026-09-28T19:47:05.797752+00:00;false
LOC-0023;LOC-0012;BICYCLE;2026-08-17T07:00:00+03:00;OK;1238;21;5766;LOCAL_VALHALLA_MATRIX;70473a50a63c2df8139c6bc2229518be29c5eb6623ac2529b9ae3d4976ada9e7;221e69e5de2401da38ae662a5f1b678df931adfcc98b31327a8ff9da06525187;2026-09-28T19:47:05.797752+00:00;false
LOC-0023;LOC-0013;BICYCLE;2026-08-17T07:00:00+03:00;OK;2216;37;10513;LOCAL_VALHALLA_MATRIX;138a6e956862b23b0bdad87ee7ea161dc43486d0789f5cac510e4c7637d0cb3c;9da16f8e36d038bf9b457d08d40a441963c9de8abf58495cbb41727d3a37cbf4;2026-09-28T19:47:05.797752+00:00;false
LOC-0023;LOC-0016;BICYCLE;2026-08-17T07:00:00+03:00;OK;2893;49;13803;LOCAL_VALHALLA_MATRIX;828f0e143f074572df0e8e3b02303120a1ffcba79b742f3fc5695ce307827ac7;e49d05422948c65b501ed5d7cf480d0915226ead2e7d5d9d81c033d960a5aa06;2026-09-28T19:47:05.797752+00:00;false
LOC-0023;LOC-0017;BICYCLE;2026-08-17T07:00:00+03:00;OK;601;11;2826;LOCAL_VALHALLA_MATRIX;5e6e26ed4cb34e5a22b3e072fabd209504f330c302cfe4c914474abdb183952c;598932db773706dc57cae6da03f4f16b0157b3b26f7a5ca81686e2eebd22b930;2026-09-28T19:47:05.797752+00:00;false
LOC-0023;LOC-0018;BICYCLE;2026-08-17T07:00:00+03:00;OK;562;10;2634;LOCAL_VALHALLA_MATRIX;d60e5264968cb3cd692fa5d78a7dc4b19f2c3171cfd24f9cec6ba8e2b96b346f;01989332e7d59e06e452c99fdf75fa1ea987409ebbc61f1bd92429a9b1385fd8;2026-09-28T19:47:05.797752+00:00;false
LOC-0023;LOC-0019;BICYCLE;2026-08-17T07:00:00+03:00;OK;1567;27;7326;LOCAL_VALHALLA_MATRIX;a64c58b4f8615b10912e92c958f57aac732061cc7d05ba4cb51270eea6921bc7;cb9c8253e9fb016f18800569984c4b5b1be10dd31d8daf0eed7c5c97042afdbd;2026-09-28T19:47:05.797752+00:00;false
LOC-0023;LOC-0020;BICYCLE;2026-08-17T07:00:00+03:00;OK;1386;24;6476;LOCAL_VALHALLA_MATRIX;2830dffc4c0eeb52777adf6bff4b9ccfc72f5ccc8a9dff35dbed17f4b755f297;8d8657980cff5b03349d93971e9d53b959a41dae3d7bdc0c022a31048cc7faea;2026-09-28T19:47:05.797752+00:00;false
LOC-0023;LOC-0023;BICYCLE;2026-08-17T07:00:00+03:00;OK;0;0;0;LOCAL_VALHALLA_MATRIX;263838790ab80386bf5ae964a77dd920dddeff08c12f43b03b7ee602a379218d;3d5812abc84c11768aa73a732c85d75dbed439188f5bb3239e9b762ea31d9862;2026-09-28T19:47:05.797752+00:00;false
LOC-0023;LOC-0027;BICYCLE;2026-08-17T07:00:00+03:00;OK;963;17;4523;LOCAL_VALHALLA_MATRIX;c428f1db0d788f41144e1fd1122b49594cd1b0beed01da63f1b6c2648cfa509c;bf65e619a2c00a476f6c9bf7e9e53ecfdb288b446891d9b0ef10ad04d532da67;2026-09-28T19:47:05.797752+00:00;false
LOC-0023;LOC-0028;BICYCLE;2026-08-17T07:00:00+03:00;OK;1959;33;9219;LOCAL_VALHALLA_MATRIX;ed799327fc3d81e0c4791adc76e572eb05be118860c7de0df847422fda163c83;5843701584ae6585ad7e7b67080e142793bfa0f04187b3fe1d5dc103d87347ca;2026-09-28T19:47:05.797752+00:00;false
LOC-0023;LOC-0029;BICYCLE;2026-08-17T07:00:00+03:00;OK;1885;32;8842;LOCAL_VALHALLA_MATRIX;afa6abb3a2cbc22c09ed70694b0009a7b5a998e8421592ed21aeac4a491174a1;8a1bf6a874d3c474763a268f752a56884e4097f093befd6c98ad610a51f7a7de;2026-09-28T19:47:05.797752+00:00;false
LOC-0023;LOC-0037;BICYCLE;2026-08-17T07:00:00+03:00;OK;1652;28;7891;LOCAL_VALHALLA_MATRIX;7055a571ed55426814f51a5d0f3b8f2fff8d6a0d6decc465f5946b671bb5b8e5;434d592e048c0d685740aa0ddf78fb212616cce10003acac83f4c7c7a396864d;2026-09-28T19:47:05.797752+00:00;false
LOC-0023;LOC-0045;BICYCLE;2026-08-17T07:00:00+03:00;OK;1262;22;5997;LOCAL_VALHALLA_MATRIX;e6fe71df6797d3d69d5302c51b5dd407cddecfa294a67a64e2295ee6c3a61b28;c5bfb1302dbb080a17024c8971453dfb1e6f49fc37807ca9c681d3b8024292f9;2026-09-28T19:47:05.797752+00:00;false
LOC-0023;LOC-0053;BICYCLE;2026-08-17T07:00:00+03:00;OK;2862;48;13690;LOCAL_VALHALLA_MATRIX;b871f4553ed7127d6230296952e761e90d86964178842cb942bcca9872d604b8;bceafb5f1cd84b896da555e498db82fe1cb8e0a6c29fe78894dddbc4d08a7ee9;2026-09-28T19:47:05.797752+00:00;false
LOC-0023;LOC-0054;BICYCLE;2026-08-17T07:00:00+03:00;OK;1559;26;7451;LOCAL_VALHALLA_MATRIX;026ec0f29c36e9b13e8b6e322cb7fd59632db4edaa495be2f7ff1d6afe86a918;b0e880ad17a5e5b9cc9ea422f7642715261f5b379159de1e5d755a1427b83012;2026-09-28T19:47:05.797752+00:00;false
LOC-0023;LOC-0061;BICYCLE;2026-08-17T07:00:00+03:00;OK;1273;22;5772;LOCAL_VALHALLA_MATRIX;e71042edc01a94e085402b5daddaeef8e587658e11b208bc8632d869b8bff6ee;fd8b006516dbd23e89cae30dc9dc71121e9a3b290292fc324b8600e4babd60ec;2026-09-28T19:47:05.797752+00:00;false
LOC-0023;LOC-0063;BICYCLE;2026-08-17T07:00:00+03:00;OK;1824;31;8549;LOCAL_VALHALLA_MATRIX;95720d9c995221ccc9ba90336b1ba3169fb776cdedb021e5becc64ddb6a4eaeb;ef853b0c87bc9979c5c775b6a2baaa2297d1dbb39f716c01073d613fcd4799ea;2026-09-28T19:47:05.797752+00:00;false
LOC-0023;LOC-0064;BICYCLE;2026-08-17T07:00:00+03:00;OK;1665;28;7852;LOCAL_VALHALLA_MATRIX;c2cc1a73f01daeaf8c6aa380ec0c42f64a49b038d9ea3516133ce3cb8b872eab;2a0d4f2e6498d888ce1f1cf133e05d19a1a785e8a9644bd394b3d82f9d79fa09;2026-09-28T19:47:05.797752+00:00;false
LOC-0023;LOC-0074;BICYCLE;2026-08-17T07:00:00+03:00;OK;651;11;2989;LOCAL_VALHALLA_MATRIX;c1fbf2f541bbd19670551cfa96a986f534af8847d5b7e852b83752a1d74a0ea1;faa1c841612c4095660e0d185ad27f60ad33712c9849bb905ceb602440ae5754;2026-09-28T19:47:05.797752+00:00;false
LOC-0023;LOC-0075;BICYCLE;2026-08-17T07:00:00+03:00;OK;700;12;3198;LOCAL_VALHALLA_MATRIX;3e38ce6fa57515bfc95bd659645711f3e3274fb529da51f626cc738bcabe273c;41df6846224fe8cc8f47273b392a9cefdcf174db8e2b1f338f9a9683c2a3f850;2026-09-28T19:47:05.797752+00:00;false
LOC-0023;LOC-0076;BICYCLE;2026-08-17T07:00:00+03:00;OK;2942;50;13838;LOCAL_VALHALLA_MATRIX;594e09bf97b276cd34b10d18858186349ad62a26867102fd30446622931a09ba;df5712feb41693ec0072a836f32b196e7463e96356737f2c5429fe0b958416a0;2026-09-28T19:47:05.797752+00:00;false
LOC-0023;LOC-0078;BICYCLE;2026-08-17T07:00:00+03:00;OK;1341;23;6353;LOCAL_VALHALLA_MATRIX;fd0fd65a42d47770e4be9c4642405c9661a70eff76c1445753628daead18d5f7;0d0c5f4c8d6d99ccc627c0ea2f40d81ec6e900b38ddabaa03723ae7c9b1708fa;2026-09-28T19:47:05.797752+00:00;false
LOC-0023;LOC-0080;BICYCLE;2026-08-17T07:00:00+03:00;OK;571;10;2614;LOCAL_VALHALLA_MATRIX;d7ce417088f645a8d32f4a2099209c5afd07b3a5096e3ef50ba8a34da9624d1f;3e25b87c67d11b6a63b1ba66a9442e40f20e0b1c5cbfcdc5acb4e24f50907747;2026-09-28T19:47:05.797752+00:00;false
LOC-0023;LOC-0082;BICYCLE;2026-08-17T07:00:00+03:00;OK;1670;28;7972;LOCAL_VALHALLA_MATRIX;09adf2fbf53b8a157ffa2b4f46f814f090d5541f68f026676c6231d5f8b346ce;364d96ed3ba301d2bbb6af9673e209161c1fb50758fe743e098fd9742c688041;2026-09-28T19:47:05.797752+00:00;false
LOC-0023;LOC-0085;BICYCLE;2026-08-17T07:00:00+03:00;OK;2341;40;11093;LOCAL_VALHALLA_MATRIX;29fb1e63017f256e709396076fd770ce4ac1f32e46458f4c0ad44cc126cab645;fa00ee238c7f3f6f700f7601809dab23d124a53bfdf2a45264bc14d0bf5ec451;2026-09-28T19:47:05.797752+00:00;false
LOC-0023;LOC-0086;BICYCLE;2026-08-17T07:00:00+03:00;OK;2387;40;11157;LOCAL_VALHALLA_MATRIX;9b75b6dd2506db457e90bd963614b887c527919ea019d7860b62b298e5aa3338;930d6949b751b49a0290974035e405984ce2e3a35a08027b329f5218ab4bd1f1;2026-09-28T19:47:05.797752+00:00;false
LOC-0023;LOC-0091;BICYCLE;2026-08-17T07:00:00+03:00;OK;1226;21;5764;LOCAL_VALHALLA_MATRIX;47cc8409763ed1102e78229b1a2986fad90c731888f9c50c26e7cd076b1835e7;241205ff926de4e5a3de9c06932ebbba30d130a7c7a69d8578605fb72cdae0e0;2026-09-28T19:47:05.797752+00:00;false
LOC-0023;LOC-0092;BICYCLE;2026-08-17T07:00:00+03:00;OK;1080;18;5024;LOCAL_VALHALLA_MATRIX;4f39a8608706b12b015ae9ae5391a9ade4c5a223a6dc2f1a621e39eede42daf4;f382bf487e18de1de56ae7e9b9b048933ca24e58fe3c0e6f8b674bf8cf156885;2026-09-28T19:47:05.797752+00:00;false
LOC-0023;LOC-0093;BICYCLE;2026-08-17T07:00:00+03:00;OK;1073;18;4834;LOCAL_VALHALLA_MATRIX;f3d01bbd5a09ae7e12280e2502264fb7f9920e0801696f8b046872976d15eb54;b3f70c96e52cfaf84704e31bdd0a9dc90410a62991db976cfb1d9a9f64bc2741;2026-09-28T19:47:05.797752+00:00;false
LOC-0023;LOC-0094;BICYCLE;2026-08-17T07:00:00+03:00;OK;2500;42;11843;LOCAL_VALHALLA_MATRIX;0bf29f39036e76df66688d227f76d6a1490db2d885b55b98f45fee7232fdc07b;10efff55739278d7e3f4c7d5c95c0c835ac5b7ebc597540cf22969d9b175262e;2026-09-28T19:47:05.797752+00:00;false
LOC-0023;LOC-0095;BICYCLE;2026-08-17T07:00:00+03:00;OK;2679;45;12661;LOCAL_VALHALLA_MATRIX;98c5aee065822edff6b39049c55c18e83fcd9b9531da4bc33049eb32951f395c;2e4dc05f493008a18a7a552b97c25fa89aa980c7e1a78b5e70939ea0f07565c8;2026-09-28T19:47:05.797752+00:00;false
LOC-0023;LOC-0102;BICYCLE;2026-08-17T07:00:00+03:00;OK;1787;30;8443;LOCAL_VALHALLA_MATRIX;5eea4b0ff86009d102d38cd59f75cb92b63005169140249388ec0772983ba6cc;196cef5741b114205ef68e6b7d8a78ddfae2b3980a24f266573e8f69533d4770;2026-09-28T19:47:05.797752+00:00;false
LOC-0023;LOC-0112;BICYCLE;2026-08-17T07:00:00+03:00;OK;671;12;3116;LOCAL_VALHALLA_MATRIX;c5bc25b05192fb5a692acc19b824dd492320d3ea1160fdebbfb1ec81f567815c;f582b8edcd42c851f316418836e7cacf7adf76dd913a7af9032e11481bbf661a;2026-09-28T19:47:05.797752+00:00;false
LOC-0023;LOC-0124;BICYCLE;2026-08-17T07:00:00+03:00;OK;1923;33;9139;LOCAL_VALHALLA_MATRIX;28e3e261a2b821669b5186fee4f97964ca39fd9d9fa009ae64d9aa188ff2ba0d;5f61c19dd9bafc201afb3b603f297f68ef9bf68af97b5fa8c93084649d571f7d;2026-09-28T19:47:05.797752+00:00;false
LOC-0023;LOC-0125;BICYCLE;2026-08-17T07:00:00+03:00;OK;299;5;1378;LOCAL_VALHALLA_MATRIX;2cde30703aa9688c4917656631c778e91ebe5fa458c34348f6b5b6b52c34861f;48afb4dc36c4f13f1d5f6aa9f5f370c09fe32245b8320697924f91951883a4ea;2026-09-28T19:47:05.797752+00:00;false
LOC-0023;LOC-0126;BICYCLE;2026-08-17T07:00:00+03:00;OK;866;15;4007;LOCAL_VALHALLA_MATRIX;e06fb100bed7e53842edf353e5c24cb0abe90f03278d4b64a31a78e0114416db;5b9d0fcd895427e0af10382d756fef4e63e7d80870892bc07075e5c136540bbf;2026-09-28T19:47:05.797752+00:00;false
LOC-0023;LOC-0128;BICYCLE;2026-08-17T07:00:00+03:00;OK;1728;29;8217;LOCAL_VALHALLA_MATRIX;a2a2395768271d679052ef0b106717c72e5ea074cf8d3af5a9802100a0a57211;851023d6d13803269b62209cdf916399df665469951a05e46a2e0d14e78610e9;2026-09-28T19:47:05.797752+00:00;false
LOC-0023;LOC-0134;BICYCLE;2026-08-17T07:00:00+03:00;OK;2137;36;10135;LOCAL_VALHALLA_MATRIX;6cda34c5160009f23a96386e9ab448e68034dd7d889e599d5ffe0dd6ff44e348;979097bdc0762a087c8426582e9e341d74ef9c8f73b560ee83f389e67c679fa7;2026-09-28T19:47:05.797752+00:00;false
LOC-0023;LOC-0135;BICYCLE;2026-08-17T07:00:00+03:00;OK;2135;36;10119;LOCAL_VALHALLA_MATRIX;0c5476579d6273f77f755c31121236bc9fa4cfa25a36c620f4841f973a06f7f5;5195a65be6b75f35b386ccfac710627c9fec2a2e54af2377966406ebcb840adb;2026-09-28T19:47:05.797752+00:00;false
LOC-0023;LOC-0136;BICYCLE;2026-08-17T07:00:00+03:00;OK;2276;38;10765;LOCAL_VALHALLA_MATRIX;7ae1fd975228d88e1df58f344ced00727ba0c3e897bcb628b168e510e5a0c347;f40a5526d3f8b25e2853b10dd2e5975ec885fc2aed18f55df5e85a5d33487f52;2026-09-28T19:47:05.797752+00:00;false
LOC-0023;LOC-0140;BICYCLE;2026-08-17T07:00:00+03:00;OK;2592;44;12366;LOCAL_VALHALLA_MATRIX;8240bee88ff994c950627484dd228b42d66d5ec46b27ad0609a97ccb1d76a42f;ea253f5126487485ebf41ce075f3360966512cd56224defc637958581842029a;2026-09-28T19:47:05.797752+00:00;false
LOC-0023;LOC-0141;BICYCLE;2026-08-17T07:00:00+03:00;OK;1497;25;6967;LOCAL_VALHALLA_MATRIX;f29786502c70163431d322a67d0c10750d4e431aedee899d7c8586ac5bf051a4;0d6020c296760e3b19e3f2e0e0fc7c4fa900519d37fb7b81d495bdab17e8d29d;2026-09-28T19:47:05.797752+00:00;false
LOC-0023;LOC-0142;BICYCLE;2026-08-17T07:00:00+03:00;OK;1448;25;6742;LOCAL_VALHALLA_MATRIX;58ab586659c016a2b0d629741563aa40204a6a22ab7d03949674bdb03964771d;f301ac4694bb956dca2654340678d88df1ac2385ce59a1be8d6c8afc2b68ac3d;2026-09-28T19:47:05.797752+00:00;false
LOC-0023;LOC-0145;BICYCLE;2026-08-17T07:00:00+03:00;OK;971;17;4550;LOCAL_VALHALLA_MATRIX;c94cb5a9e15fde65ff307d3067618c851002ea5d23c336d2c1103b2cf8616e6d;430d266d5ef73831ec6ff7b8597288f6bd7dfc6ef9d724d8e5ddc6e1ffc1d1ec;2026-09-28T19:47:05.797752+00:00;false
LOC-0023;LOC-0148;BICYCLE;2026-08-17T07:00:00+03:00;OK;736;13;3418;LOCAL_VALHALLA_MATRIX;28e7ef06d860338a3a77d6c41bebdaab82119ad45f45634094b2ca6e56c59496;1a0a176f2bb5e1c4359fa5a0f340a840e105420b9940a431a5c66f9ceedef06a;2026-09-28T19:47:05.797752+00:00;false
LOC-0023;LOC-0149;BICYCLE;2026-08-17T07:00:00+03:00;OK;691;12;3193;LOCAL_VALHALLA_MATRIX;11df33ff154ec41489b80decb9e36c6d592524d59174f53cab758bec56e72110;be360a02ebb6b06c624c8ff7e1ba7a6fc573f4de16293e08c2538654bb65a32d;2026-09-28T19:47:05.797752+00:00;false
LOC-0023;LOC-0150;BICYCLE;2026-08-17T07:00:00+03:00;OK;729;13;3366;LOCAL_VALHALLA_MATRIX;ec2543684807c3fa2fcd11640dd2e0b6a492a57daf74df42388646563a3f6c11;61f148c7ef2db82306d07ea0c72dc7ce6abeb6dc8f9c4c1a274eec55d47369b6;2026-09-28T19:47:05.797752+00:00;false
LOC-0023;LOC-0151;BICYCLE;2026-08-17T07:00:00+03:00;OK;610;11;2838;LOCAL_VALHALLA_MATRIX;317aa9ebeb73114aaae42e7a77f4309cbbc3aa063954f41c26bc982ee9a685d7;2c9f429a14056d441da482fbec7823277435bd9a492a62059cbeee98fca43ce7;2026-09-28T19:47:05.797752+00:00;false
LOC-0023;LOC-0152;BICYCLE;2026-08-17T07:00:00+03:00;OK;629;11;2930;LOCAL_VALHALLA_MATRIX;f695537246c888f904f2788bf67d1b8163a137f3ddd3f61fb2c92cd9a7cec59d;25172b777ab1852fe120c466efbf948c2b9002ea80763f4f2bf6c804df039945;2026-09-28T19:47:05.797752+00:00;false
LOC-0023;LOC-0190;BICYCLE;2026-08-17T07:00:00+03:00;OK;1159;20;5464;LOCAL_VALHALLA_MATRIX;0ada74969b3f6fbca43325b9c31673b8d11bfc6b03af57c53faf3ac27c8fab37;9aebb0a616de0efafc74919cd104c3b5ce57fce85e3e3b7ba89b4615f209ee10;2026-09-28T19:47:05.797752+00:00;false
LOC-0023;LOC-0196;BICYCLE;2026-08-17T07:00:00+03:00;OK;395;7;1804;LOCAL_VALHALLA_MATRIX;f8cda33a112a2e018762b080fb696e8793fff613a1889f4100430cec3ee5aafb;a22c3347716641f3f365baf0782fe6b8329cff4512ba9855c04378bfb09569de;2026-09-28T19:47:05.797752+00:00;false
LOC-0027;LOC-0002;BICYCLE;2026-08-17T07:00:00+03:00;OK;1665;28;7983;LOCAL_VALHALLA_MATRIX;375dd2d75a953a9b86b6d7ad07009fe9e284a0410f57e06f91e7732373410f08;7930c5e33b30fec424627e6131baf1d3090660abd2165b23c73289f681543fb4;2026-09-28T19:47:05.797752+00:00;false
LOC-0027;LOC-0008;BICYCLE;2026-08-17T07:00:00+03:00;OK;1935;33;9292;LOCAL_VALHALLA_MATRIX;cf38f98bfd7c1916ed7237d1fc8fbc264ab8eac3e176a850ae7b11edfecceb74;d6edbb61c381b2ba824cc3f669ed485b1795d439f504818561cb379e6118a576;2026-09-28T19:47:05.797752+00:00;false
LOC-0027;LOC-0009;BICYCLE;2026-08-17T07:00:00+03:00;OK;1988;34;9478;LOCAL_VALHALLA_MATRIX;9c183ce8f62c1bbd107cff786cb5d56b4fcd677ec7e49a7b504f9fab3f07573a;b78aa9898e4d353fefd992935437c66833ac35076e77808445f62e824980975f;2026-09-28T19:47:05.797752+00:00;false
LOC-0027;LOC-0010;BICYCLE;2026-08-17T07:00:00+03:00;OK;1917;32;9202;LOCAL_VALHALLA_MATRIX;87a944faf4b36746f23a68b6a45fb0b92a077f305b13324a0263a58384161803;b591b070edac36958193f24512e2a84a622143d66b948197b160da1a2082eef7;2026-09-28T19:47:05.797752+00:00;false
LOC-0027;LOC-0011;BICYCLE;2026-08-17T07:00:00+03:00;OK;1804;31;8651;LOCAL_VALHALLA_MATRIX;c7bec5f2d06793267341c269078012556d256059a113d3f05eb57ba17df757bd;f337e70a331f81071d15548343ba6c32a761ff31c87fe8a904291688dfe74c08;2026-09-28T19:47:05.797752+00:00;false
LOC-0027;LOC-0012;BICYCLE;2026-08-17T07:00:00+03:00;OK;1634;28;7849;LOCAL_VALHALLA_MATRIX;dabb3cbe6a677a1dc4ed2b9400f0f3ac0c217a09d822f90785b9e4008d6dbb10;ce6e4c8404a5df8ae0b1883acb15ce2e4f4805888dec40fc897a7108051b6e70;2026-09-28T19:47:05.797752+00:00;false
LOC-0027;LOC-0013;BICYCLE;2026-08-17T07:00:00+03:00;OK;1770;30;8516;LOCAL_VALHALLA_MATRIX;da766df0f1c3dc140928c9c5192d0fe307d80de116c2ce5864e35c1cb4785e6a;82a684bbdc425c6241a84c9e3c555a2d2b8660389b56ee1352cf1158e8d44429;2026-09-28T19:47:05.797752+00:00;false
LOC-0027;LOC-0016;BICYCLE;2026-08-17T07:00:00+03:00;OK;2020;34;9544;LOCAL_VALHALLA_MATRIX;922fef1fd0ebe5d118c52699bc07a3282fb122a9267a87e2661507d84c849dbe;9526997b4fae4e2700d97285d08b27b8f1a5a533928eddaaf5eaf1b282016128;2026-09-28T19:47:05.797752+00:00;false
LOC-0027;LOC-0017;BICYCLE;2026-08-17T07:00:00+03:00;OK;1093;19;5236;LOCAL_VALHALLA_MATRIX;d3920115367bb5c91793e5c8138bc7778b8f2351982529ec5f0744801db66e9a;cb671188433291c62d1a4ee22a2b73575df205564f7a57753895df5a1de129a0;2026-09-28T19:47:05.797752+00:00;false
LOC-0027;LOC-0018;BICYCLE;2026-08-17T07:00:00+03:00;OK;1136;19;5449;LOCAL_VALHALLA_MATRIX;15125605c156da29c1f87a4834cf89be210ac287d060cd7245a9d007f4555f0a;33fca26604a6c11092640b31b37b76ec525bb40198daddb29adcc8d26a41cca1;2026-09-28T19:47:05.797752+00:00;false
LOC-0027;LOC-0019;BICYCLE;2026-08-17T07:00:00+03:00;OK;2015;34;9687;LOCAL_VALHALLA_MATRIX;05cf89c7962ebaf19a775bdbf6b840d6ee1cda3e41f6bb1fddee08bdee586984;d6e240b54748ecbeef62df2a63be8920eed6c5e92c0a2de2f68dcf1361e080e6;2026-09-28T19:47:05.797752+00:00;false
LOC-0027;LOC-0020;BICYCLE;2026-08-17T07:00:00+03:00;OK;1913;32;9209;LOCAL_VALHALLA_MATRIX;ce931489c36a395e4fe2cf875b0d1bf554472e4c86406f1375119643ff109fb0;12ed39fda676e4ba75da3cab6c776ebadb7e5ad4cdef9dfe9948601e8af85a45;2026-09-28T19:47:05.797752+00:00;false
LOC-0027;LOC-0023;BICYCLE;2026-08-17T07:00:00+03:00;OK;1464;25;6998;LOCAL_VALHALLA_MATRIX;66473be44ec300d3cae5b790f6568f78e83e066b8a715b4018fe3aa1bd760e07;7b46a49624c07084ab06fe2a830dfa0ca7f417f4426ec825d056e1c7bc2f5ce7;2026-09-28T19:47:05.797752+00:00;false
LOC-0027;LOC-0027;BICYCLE;2026-08-17T07:00:00+03:00;OK;0;0;0;LOCAL_VALHALLA_MATRIX;5b90c4678a1bb064135678ae381899506ddd0062845533a29851b7520b6e8a04;3d5812abc84c11768aa73a732c85d75dbed439188f5bb3239e9b762ea31d9862;2026-09-28T19:47:05.797752+00:00;false
LOC-0027;LOC-0028;BICYCLE;2026-08-17T07:00:00+03:00;OK;1297;22;5967;LOCAL_VALHALLA_MATRIX;7d715a2a4dd82695ca99dcee3b93aa3ac5ce8618be7e7ada7ea7cb3f75879902;bd91e902c353c9eda5f4f9ebd520a8da02decb094db0924cc5a212a42c1f9524;2026-09-28T19:47:05.797752+00:00;false
LOC-0027;LOC-0029;BICYCLE;2026-08-17T07:00:00+03:00;OK;1215;21;5576;LOCAL_VALHALLA_MATRIX;3dcb493effb089f47ecd940b653e14d58eb6e3ba151ad0d22350901e7a258b09;6e74e43bfd7a21b5c4fc35c94680a18a43d2c09cdd10055b546303d657032dba;2026-09-28T19:47:05.797752+00:00;false
LOC-0027;LOC-0037;BICYCLE;2026-08-17T07:00:00+03:00;OK;1666;28;7899;LOCAL_VALHALLA_MATRIX;1408f56e1449be9a63558b6c893ab7a801d8921f77ac53061c2b59738eac72a1;540cc42c7f8d67f47c6c9dded722a6f8b76fd6bbf7284ba0da115d14da39a7a2;2026-09-28T19:47:05.797752+00:00;false
LOC-0027;LOC-0045;BICYCLE;2026-08-17T07:00:00+03:00;OK;547;10;2614;LOCAL_VALHALLA_MATRIX;d7db081d2a5d56e6b96c420f2ed4a5d1d766f112758db3de5befd0b3107499bd;e7b4a795eb0a1d6ad7f201012c14ee5ccc59f91550ab8830ed1b2ed9873293e1;2026-09-28T19:47:05.797752+00:00;false
LOC-0027;LOC-0053;BICYCLE;2026-08-17T07:00:00+03:00;OK;2131;36;10121;LOCAL_VALHALLA_MATRIX;950c6d32c95f512b020bed7d758d613c672fb9af627637e7bc8b83fa39498227;a7e277fb12e32f5a4e16fad820b8ee7f25d76c59478c14e619237573cf8c2c33;2026-09-28T19:47:05.797752+00:00;false
LOC-0027;LOC-0054;BICYCLE;2026-08-17T07:00:00+03:00;OK;1644;28;7845;LOCAL_VALHALLA_MATRIX;e6890b2d32e5a96b276d3bf865b85feae84ba6cc5d7584b115bc4227809adffd;537810053ee3137b2a57244f4babdf21fb72978b96fb473bb7d0209ffa2f5c9d;2026-09-28T19:47:05.797752+00:00;false
LOC-0027;LOC-0061;BICYCLE;2026-08-17T07:00:00+03:00;OK;1672;28;7855;LOCAL_VALHALLA_MATRIX;9ae3f504431bbb951c574656e1c072e7f1af7a1794d413792a39fcb6358738ba;39674c538ec8b4695a7bb57f0900c3401a9db5436da33febcf861b817c122175;2026-09-28T19:47:05.797752+00:00;false
LOC-0027;LOC-0063;BICYCLE;2026-08-17T07:00:00+03:00;OK;1041;18;4882;LOCAL_VALHALLA_MATRIX;592da9066888a2a5dd852fdbc39a7fed6c3464e5d802453a3cb135fea13bd777;2a5139d70d0313789a9bdc81ce66044d21e97afa0bc2593f7bb90b96b6afdc23;2026-09-28T19:47:05.797752+00:00;false
LOC-0027;LOC-0064;BICYCLE;2026-08-17T07:00:00+03:00;OK;882;15;4185;LOCAL_VALHALLA_MATRIX;92862a9301d274ea81fa830861b2424680624d2a4cbba7b2a5a39ac8a1d32fdc;c1160be8206944fcf9218d2bc910921991c54006715d6b60d78f67d79672e5d2;2026-09-28T19:47:05.797752+00:00;false
LOC-0027;LOC-0074;BICYCLE;2026-08-17T07:00:00+03:00;OK;918;16;4397;LOCAL_VALHALLA_MATRIX;4da26d8868135ed9337af98a66d5bfff02cc6cdc4d4e6c7fe2d59e2d92059aa2;a6e605a8b04fc9e74b88dcf6bb096efbd5252ffde01239d0d1aef93008fb6cae;2026-09-28T19:47:05.797752+00:00;false
LOC-0027;LOC-0075;BICYCLE;2026-08-17T07:00:00+03:00;OK;899;15;4304;LOCAL_VALHALLA_MATRIX;26a15ada0133840401c19c54e2ee08292e4ae060b21b9148db025de08783d898;63c96edaf2acda140e5bf29a39d37ef35ca96722cd172cd5a724941c3b5c21be;2026-09-28T19:47:05.797752+00:00;false
LOC-0027;LOC-0076;BICYCLE;2026-08-17T07:00:00+03:00;OK;1855;31;8639;LOCAL_VALHALLA_MATRIX;b62c844498e8e3057f02019f984abd55d0967c68e120ab09674eb52c16e5c568;0549e6c2d5fb05d8263c19ce867338544899e4b6069994188628e7d739e8ac46;2026-09-28T19:47:05.797752+00:00;false
LOC-0027;LOC-0078;BICYCLE;2026-08-17T07:00:00+03:00;OK;664;12;3154;LOCAL_VALHALLA_MATRIX;ef80f350815baff1a158a5f7e70ad66d3624052ab36a54db3b47fab334153824;74386e8e203be659298845cdf11a2a3ea3aaf350c6e09ab4cd54ca3d1948979c;2026-09-28T19:47:05.797752+00:00;false
LOC-0027;LOC-0080;BICYCLE;2026-08-17T07:00:00+03:00;OK;1011;17;4835;LOCAL_VALHALLA_MATRIX;a06365bd59172b86f91d7040cf595c053aff379ee2bbc1db16c6e5603bf80f75;d6dd4b20cc73c358f4dab6bd0fc123c52c2f1a603b5fad24aa9cc2faa0b206a0;2026-09-28T19:47:05.797752+00:00;false
LOC-0027;LOC-0082;BICYCLE;2026-08-17T07:00:00+03:00;OK;883;15;4235;LOCAL_VALHALLA_MATRIX;aaa1e665d4b38e68fcde91467c10f491c9e0bf6d8cf83a18c3a85d900f46cbc2;c7d5185e865886b3a302b151229c49340a12f8625029d0fada80679dd5411b49;2026-09-28T19:47:05.797752+00:00;false
LOC-0027;LOC-0085;BICYCLE;2026-08-17T07:00:00+03:00;OK;1895;32;9096;LOCAL_VALHALLA_MATRIX;743a00d28af68dbca38091d66860ebe74b5161360148e23f331dbeed2639175f;f3f6a3c4aaf8b1ea0ade66ea24306e0b42a7def6a25e7c52be5a5aa66240655a;2026-09-28T19:47:05.797752+00:00;false
LOC-0027;LOC-0086;BICYCLE;2026-08-17T07:00:00+03:00;OK;1941;33;9160;LOCAL_VALHALLA_MATRIX;8dc0b48a654cea9d85211936a056e5b96678216bdbe648b5ac8507bc5e766ce9;ca45652bb06429492ff49357cb82eb031e237f09698acdd623aec5f9ae87ad34;2026-09-28T19:47:05.797752+00:00;false
LOC-0027;LOC-0091;BICYCLE;2026-08-17T07:00:00+03:00;OK;1742;30;8342;LOCAL_VALHALLA_MATRIX;babce0ac588cd602ca97cec39c1e6c493c5d142e8b2bd43daecdf21292a481b1;73fb4d91c22c5cf9b637cdd6b20eea282e27c022086addd0ecb170b183149589;2026-09-28T19:47:05.797752+00:00;false
LOC-0027;LOC-0092;BICYCLE;2026-08-17T07:00:00+03:00;OK;1607;27;7757;LOCAL_VALHALLA_MATRIX;9ea17768980b8454b98fdee49ad4d45f59d80b67f5d8065d827bde8e0fd48471;f108b9888c733939700d9c03cc4d05708e2b7e46c91780303a883ce32d174898;2026-09-28T19:47:05.797752+00:00;false
LOC-0027;LOC-0093;BICYCLE;2026-08-17T07:00:00+03:00;OK;1600;27;7567;LOCAL_VALHALLA_MATRIX;55205c5e8d0f0dc162748e831287ee43694282cec4e3658e26ff0d5dd8ad3686;7e066475bc570be4fc785b1d4182dd877207601db4bd87405d8c8a6ce9036536;2026-09-28T19:47:05.797752+00:00;false
LOC-0027;LOC-0094;BICYCLE;2026-08-17T07:00:00+03:00;OK;2054;35;9846;LOCAL_VALHALLA_MATRIX;e5c99b0dd4e3784596d4e55a0ea44fd54c01f3ea48b867bc9da298d6d605c2c4;2541bdec40166434cd2a31627e80bb91a69d5a2fed4fa1830421c312576d1b07;2026-09-28T19:47:05.797752+00:00;false
LOC-0027;LOC-0095;BICYCLE;2026-08-17T07:00:00+03:00;OK;2233;38;10664;LOCAL_VALHALLA_MATRIX;11ccc8bd7c089ebb7bb6a768a1e41212f151ea14b11c275c8df9a8e5f8737e26;1ffea6205ddae7f34da7f1a72b1bbc0e3831b84138916b5847f4e3c4aa5cf36e;2026-09-28T19:47:05.797752+00:00;false
LOC-0027;LOC-0102;BICYCLE;2026-08-17T07:00:00+03:00;OK;1043;18;5003;LOCAL_VALHALLA_MATRIX;41e9ff280717570b12dc3ed8fe9dc8f73613336de63b59c753819ca03b3d5dc2;0f97c1ec1b7c2e09226f02e161bce20ada0fb0c1b0fda7beb13b056ac934696d;2026-09-28T19:47:05.797752+00:00;false
LOC-0027;LOC-0112;BICYCLE;2026-08-17T07:00:00+03:00;OK;1225;21;5931;LOCAL_VALHALLA_MATRIX;397804be548f1493b1432287e10b29ca5ad909e677aa6ea05800bc1037f388a7;8b5ef586ff22e7f4c548527d3fab8980bebeb4320cb177cc93d3af7bff03ff22;2026-09-28T19:47:05.797752+00:00;false
LOC-0027;LOC-0124;BICYCLE;2026-08-17T07:00:00+03:00;OK;1852;31;8819;LOCAL_VALHALLA_MATRIX;eeaf5e03291bc27d47aac0ed8cf25b16bba8edb5c8449ee42dc3e509e3ae51e4;a05f441846b6e9b8ec1abc8b4cd6cbdce9319b8542cfe81fd57cd0f875591f80;2026-09-28T19:47:05.797752+00:00;false
LOC-0027;LOC-0125;BICYCLE;2026-08-17T07:00:00+03:00;OK;1295;22;6142;LOCAL_VALHALLA_MATRIX;d4255da6c34fb294ca7fb0642a17fe835b1ce1ac86438d4e319d2736ce139cf4;9fdf95840f5234a0c4a48437b8f9bfa8b052ae274e3bf0279dd7dad7413a00bb;2026-09-28T19:47:05.797752+00:00;false
LOC-0027;LOC-0126;BICYCLE;2026-08-17T07:00:00+03:00;OK;1067;18;5124;LOCAL_VALHALLA_MATRIX;ced07f0dd7714d8328e107fc428a83ddb7f10ca59ce7df622f71c2fce8ff2e83;3bc7aa3d9719923b15f9beb75527333c023dc5acebd5097e35a8c6e717b143ed;2026-09-28T19:47:05.797752+00:00;false
LOC-0027;LOC-0128;BICYCLE;2026-08-17T07:00:00+03:00;OK;1591;27;7542;LOCAL_VALHALLA_MATRIX;46eb21ace6f0a68b81dfc1768aae485c9739ef7d32223cf31a7f0d058a498f9e;be6eedf4e8ef60665b25616a16f5b2c1a01888c8e15992ec34edec095619939e;2026-09-28T19:47:05.797752+00:00;false
LOC-0027;LOC-0134;BICYCLE;2026-08-17T07:00:00+03:00;OK;1691;29;8138;LOCAL_VALHALLA_MATRIX;48cf44dd4f28e7e49e16378227fabaeb236a6e45f15d0314244bbc794e49d571;9285dc4eefce71c7ff3184ade1bec94fb5a680085b1b951e48e2d7cbe2b9b015;2026-09-28T19:47:05.797752+00:00;false
LOC-0027;LOC-0135;BICYCLE;2026-08-17T07:00:00+03:00;OK;1689;29;8122;LOCAL_VALHALLA_MATRIX;6deafbadde1b947c71f2eb2aff53a4d05dcb54ca64acb944bccf38d25a6d9be4;ce44cd78733593093c740cdf39144c84a4c60f7e1f8e583461514433ae444bf6;2026-09-28T19:47:05.797752+00:00;false
LOC-0027;LOC-0136;BICYCLE;2026-08-17T07:00:00+03:00;OK;1830;31;8768;LOCAL_VALHALLA_MATRIX;257fd6c1ca74745687ca2f588eae74c0b7a542ce528d75f3513d0102498ebd10;67ef1c2167dfc47d85124b38b82033f2a1660ce44ce5fabb7e58ba1b46a24cf0;2026-09-28T19:47:05.797752+00:00;false
LOC-0027;LOC-0140;BICYCLE;2026-08-17T07:00:00+03:00;OK;2146;36;10369;LOCAL_VALHALLA_MATRIX;7363bca2b896b0ca0cfbc77fe49bf81830926e6df1806fecdab97ccf16579093;a2a00313912bb5db7397a83fee192e470537b0ec79e19bc2c29e1ecadaceb8f7;2026-09-28T19:47:05.797752+00:00;false
LOC-0027;LOC-0141;BICYCLE;2026-08-17T07:00:00+03:00;OK;2044;35;9610;LOCAL_VALHALLA_MATRIX;d9801985bd1cc410eddd15de8959c5733bc41b12cfdeedfa6cf36670dcb73aa8;dd18df87c184adb0f959cd9aa9504f278b8ac98517c95847ab4a2460bb0740b1;2026-09-28T19:47:05.797752+00:00;false
LOC-0027;LOC-0142;BICYCLE;2026-08-17T07:00:00+03:00;OK;2135;36;10047;LOCAL_VALHALLA_MATRIX;da16b35302309e0606d6dcffcf4485569593523a5359d0c7ce26755c9f94de8a;90d34718597aa9e2aff935e5b7997608ffaeafc8814bd1b17cc147bccfaa5bfa;2026-09-28T19:47:05.797752+00:00;false
LOC-0027;LOC-0145;BICYCLE;2026-08-17T07:00:00+03:00;OK;1622;28;7871;LOCAL_VALHALLA_MATRIX;1e4091f375e16c08ff4b7aa19e98064ce959b7f3648e544a727513529e61ec5c;14395050c82659da6905a2296f0f8f65a4eb1037f108eae804677934ed455774;2026-09-28T19:47:05.797752+00:00;false
LOC-0027;LOC-0148;BICYCLE;2026-08-17T07:00:00+03:00;OK;859;15;4129;LOCAL_VALHALLA_MATRIX;990e8922cf1b090d5eb80a44f6fb2420d87707cdbf874053e4bacbdf7d7575d8;ef90cffd55c7e39e04ddd58f6d021a003d19dd8b3ff86aa6cd14955f2d301745;2026-09-28T19:47:05.797752+00:00;false
LOC-0027;LOC-0149;BICYCLE;2026-08-17T07:00:00+03:00;OK;804;14;3870;LOCAL_VALHALLA_MATRIX;83cb9cca3c1e7fb99fc11de51f4356ab3d8000279fa3c8b35d29c9664eb2a3ef;3f8f1b75dd0a04a999e1440e96dd0ac05294574baae78e441dc49d4018a760aa;2026-09-28T19:47:05.797752+00:00;false
LOC-0027;LOC-0150;BICYCLE;2026-08-17T07:00:00+03:00;OK;767;13;3689;LOCAL_VALHALLA_MATRIX;d6646884ea31a9d500b4825b83b096af7aa8d19644f50e3a5997a972d5a41ddd;476b23c06553a0c24c117474b9233e7f48f74afd3537d8708dda4cf89e8bc8b4;2026-09-28T19:47:05.797752+00:00;false
LOC-0027;LOC-0151;BICYCLE;2026-08-17T07:00:00+03:00;OK;946;16;4534;LOCAL_VALHALLA_MATRIX;0e9458213bb6fa5a4d1ed42c0f74e71c9332ea09c91e5a24098e070ec5203b30;e0a4f6f7d2646c33c46145f6a535dfaa22fc50921a66df496fc82a0fa24829c0;2026-09-28T19:47:05.797752+00:00;false
LOC-0027;LOC-0152;BICYCLE;2026-08-17T07:00:00+03:00;OK;948;16;4526;LOCAL_VALHALLA_MATRIX;cf9b5831f1facf5bc1a2a9c05e4ad7dcf0c9947aebc4a27513abb4d630c73596;d5d8db4b9d4bcafa826f978f08323211a7c31cc840e4bd670cba2ab09fe00624;2026-09-28T19:47:05.797752+00:00;false
LOC-0027;LOC-0190;BICYCLE;2026-08-17T07:00:00+03:00;OK;1372;23;6724;LOCAL_VALHALLA_MATRIX;98ae29f87e3a589478865e831ba177e998fc44f78642e9a94fe634a3bc3ee1f4;7a2fa0a80ff2ae5bfebaff7862e271aa50207bf1e41c42118e78b34dc3d1d7b0;2026-09-28T19:47:05.797752+00:00;false
LOC-0027;LOC-0196;BICYCLE;2026-08-17T07:00:00+03:00;OK;1754;30;8348;LOCAL_VALHALLA_MATRIX;2b6128554181e3bbda8e6d1d2def7844deb70a13537682c69e9d2267c07de7e4;0acedfcce5d578bba4ca76fac8fb4bf3825e51b2a5b0e574f03298064158b432;2026-09-28T19:47:05.797752+00:00;false
LOC-0028;LOC-0002;BICYCLE;2026-08-17T07:00:00+03:00;OK;1486;25;7209;LOCAL_VALHALLA_MATRIX;80b520409bd247aa01e0216c1a4c0f739d4be0e3f019a2382ed4cde8f1777e5b;085aee78cd809cbf245dad6398ee21516a8292de73afe6c775a3cc006b8fab87;2026-09-28T19:47:05.797752+00:00;false
LOC-0028;LOC-0008;BICYCLE;2026-08-17T07:00:00+03:00;OK;2260;38;10806;LOCAL_VALHALLA_MATRIX;b10d4ca367c53d4450a4ed2c27fb0fe0daa69a70b01abf5c67756043668aca4c;4aa07da07dc0307b82324e62b6294e128954765be66cd358a38fe210ddd987de;2026-09-28T19:47:05.797752+00:00;false
LOC-0028;LOC-0009;BICYCLE;2026-08-17T07:00:00+03:00;OK;1997;34;9350;LOCAL_VALHALLA_MATRIX;6ca0f3a0f55a13295c797865db1a0e7f021b1b3206174516cdee3d4c247b8759;2f685c534c9c9526404946238356f363aa4f59fb6287df8ea9e03f4119d90568;2026-09-28T19:47:05.797752+00:00;false
LOC-0028;LOC-0010;BICYCLE;2026-08-17T07:00:00+03:00;OK;2299;39;10941;LOCAL_VALHALLA_MATRIX;b7a58b962ec7da98bcdc279b4f2ece79033b78da5b7816a76952e34c1ff0a279;07c519d08c35af6c79d331a024f8df6be777c768fcd58c52aafd73993222649b;2026-09-28T19:47:05.797752+00:00;false
LOC-0028;LOC-0011;BICYCLE;2026-08-17T07:00:00+03:00;OK;1795;30;8644;LOCAL_VALHALLA_MATRIX;e773dced4d701c1fa1d97c232d7d35a0d12ce7082a535147118e40aa924108b6;4dbf2dc159c829e4c296587ab6e19b560419d8ea6e469513122c3c612794820d;2026-09-28T19:47:05.797752+00:00;false
LOC-0028;LOC-0012;BICYCLE;2026-08-17T07:00:00+03:00;OK;1960;33;9363;LOCAL_VALHALLA_MATRIX;8480bfa01a7b0fa9521600a240f07170eba46c7e2ba82ba51cd1538243ccb923;bde0a25cda800b70fb2d285391094887b8bc4b18983505e087b63fdc1f07ebd4;2026-09-28T19:47:05.797752+00:00;false
LOC-0028;LOC-0013;BICYCLE;2026-08-17T07:00:00+03:00;OK;1591;27;7742;LOCAL_VALHALLA_MATRIX;9c5e5d4fd0349212f0280294c713d7a58cb97715f408a28fb0020d51b57d50b4;e560505097eb8fbeeca580e45b3d2c91bec6b2fab0896cb1d47720ff591adc5b;2026-09-28T19:47:05.797752+00:00;false
LOC-0028;LOC-0016;BICYCLE;2026-08-17T07:00:00+03:00;OK;1245;21;5796;LOCAL_VALHALLA_MATRIX;0387dde2bff2710006c6d1faf38d65a9fa4efc40c1730d0f978cf0688fa22025;0eb1c3847c841d0dfb6d1e00e648e0d0d3cb7866fafc4a6e5e98d06175a26f2b;2026-09-28T19:47:05.797752+00:00;false
LOC-0028;LOC-0017;BICYCLE;2026-08-17T07:00:00+03:00;OK;1735;29;8219;LOCAL_VALHALLA_MATRIX;0b7b522c195eae6e48a227750b1869290aa869cd9385ece9496cf0e6aaf85e82;21ab2aa09457c58cf615ee30f93dfa8a5d9d51f82c251195385865d206dca965;2026-09-28T19:47:05.797752+00:00;false
LOC-0028;LOC-0018;BICYCLE;2026-08-17T07:00:00+03:00;OK;1693;29;8088;LOCAL_VALHALLA_MATRIX;f6496bc043294a9781506abcf137af9dfb013dad8c2a91b3b641d507ac231c9d;a1c7cbace43649439b143f604a7b71b1da492a5ea21d3c081761e838880890bc;2026-09-28T19:47:05.797752+00:00;false
LOC-0028;LOC-0019;BICYCLE;2026-08-17T07:00:00+03:00;OK;2340;39;11201;LOCAL_VALHALLA_MATRIX;b5e6df9aef4c35c10c71a6bdac81bae0ed7fbc73fc8b3b11d0456998f8feba27;34f05b35bc165a1c117a93124734fa3649405fbfd24cd00b74fbd795c42a93bb;2026-09-28T19:47:05.797752+00:00;false
LOC-0028;LOC-0020;BICYCLE;2026-08-17T07:00:00+03:00;OK;2369;40;11247;LOCAL_VALHALLA_MATRIX;47132ea3278969c5dbc85d72ab151ce5ea69754e2a8689245c6b201dcf16d7d6;4cce0b26b22f543503e50c38f1906fb399f5539f65d9cff1289ff5a7f66dfca7;2026-09-28T19:47:05.797752+00:00;false
LOC-0028;LOC-0023;BICYCLE;2026-08-17T07:00:00+03:00;OK;1957;33;9255;LOCAL_VALHALLA_MATRIX;51139e6d64df9a87b1f333476d947a963d3ec3d90b08c6dae3fc5bf3ef6e775e;a31a64081bd118cabcb0a49aa6b8ad84630a5ed19de2538e8f4c83b479213963;2026-09-28T19:47:05.797752+00:00;false
LOC-0028;LOC-0027;BICYCLE;2026-08-17T07:00:00+03:00;OK;1063;18;4544;LOCAL_VALHALLA_MATRIX;9718f37c1592970e11c31e7534d002c3adb5f9ab47bfc9b45e152833ed1cddda;5cdcf32bfbef41770b0e2b4ff93bda420055ec1e2d756df6b37d57cbe7cb2120;2026-09-28T19:47:05.797752+00:00;false
LOC-0028;LOC-0028;BICYCLE;2026-08-17T07:00:00+03:00;OK;0;0;0;LOCAL_VALHALLA_MATRIX;0aa4ec1ea02057d28b867dace16afeede1f3421e78ab7e3b6375f5ce30b356ef;3d5812abc84c11768aa73a732c85d75dbed439188f5bb3239e9b762ea31d9862;2026-09-28T19:47:05.797752+00:00;false
LOC-0028;LOC-0029;BICYCLE;2026-08-17T07:00:00+03:00;OK;116;2;509;LOCAL_VALHALLA_MATRIX;71aee1652e01b75882058d0502de0724f0820a018ba0d5320f5a5b6a0c9a69b3;2d7231a57e38ce2e2b06b4638b624296730856c18b2a51aa60794252b9131058;2026-09-28T19:47:05.797752+00:00;false
LOC-0028;LOC-0037;BICYCLE;2026-08-17T07:00:00+03:00;OK;1487;25;7125;LOCAL_VALHALLA_MATRIX;15cba2eb47b530df8ce932c5e8f2aff36b399f90763832b612a1baecb0ffeade;cd3d3bb89992f8dd129a58882e1677f41a0afef525bf10f4062ac0f49584096c;2026-09-28T19:47:05.797752+00:00;false
LOC-0028;LOC-0045;BICYCLE;2026-08-17T07:00:00+03:00;OK;1094;19;5165;LOCAL_VALHALLA_MATRIX;c37cd2bc0fa91c29038e0b5600e02d0bd5bb12bdcec38194b7ca349075453768;c5a58390970c130498656f660d42dad4a9eb437ab6a685103047d8d64bae48dc;2026-09-28T19:47:05.797752+00:00;false
LOC-0028;LOC-0053;BICYCLE;2026-08-17T07:00:00+03:00;OK;1356;23;6373;LOCAL_VALHALLA_MATRIX;df38365c488ab6d99cbe588c1c16bbba1b5f4f1984039702899c53f3fc63e47e;53efbdf73b380108852b80175109fe6905939c830071ff338060ff9fb727a778;2026-09-28T19:47:05.797752+00:00;false
LOC-0028;LOC-0054;BICYCLE;2026-08-17T07:00:00+03:00;OK;1465;25;7071;LOCAL_VALHALLA_MATRIX;79f4f5952a0f71f102a52e0ab4760f183a80e8174c7f64a2e784b10fafe1ffd8;68f3f90d06ef55040096e34d6862c0ae40a041d4b5f5adeb462612d1a589b2af;2026-09-28T19:47:05.797752+00:00;false
LOC-0028;LOC-0061;BICYCLE;2026-08-17T07:00:00+03:00;OK;1997;34;9369;LOCAL_VALHALLA_MATRIX;781aa54253648c9a5dc76d0067efb2cfdd15b0ae07b457c82410542914525f8f;3a14efd0b21c3a31ac1f598b77132d3c926bdbcd89ae26222f172de84ae32d47;2026-09-28T19:47:05.797752+00:00;false
LOC-0028;LOC-0063;BICYCLE;2026-08-17T07:00:00+03:00;OK;686;12;3118;LOCAL_VALHALLA_MATRIX;9e2b6471b85dbe4d94f48ea3302401240a20f813dd8fc03d39d42e0531dfff6b;b803befbe34ed7b6cb8c43217135a68204a97e9132456678931e63e0a186b794;2026-09-28T19:47:05.797752+00:00;false
LOC-0028;LOC-0064;BICYCLE;2026-08-17T07:00:00+03:00;OK;828;14;3762;LOCAL_VALHALLA_MATRIX;b7dd72e728d5a8b7377b161eb5e2e9b903b1e591cc993615c88e2e939f088e94;ad262e25c1b88ebb4ec7200c5ffd52066a36d8faca8847834d8c5a2af0165d65;2026-09-28T19:47:05.797752+00:00;false
LOC-0028;LOC-0074;BICYCLE;2026-08-17T07:00:00+03:00;OK;1409;24;6654;LOCAL_VALHALLA_MATRIX;004a39f9ea1ed7a79b17bbe0dbb2dfb4caed6dd4342f95c07c2b7760994a727c;dcffb16d98046ecdc1a076bb089d0f34cc896bf5e4d64c0b184931687a04bfdb;2026-09-28T19:47:05.797752+00:00;false
LOC-0028;LOC-0075;BICYCLE;2026-08-17T07:00:00+03:00;OK;1468;25;6888;LOCAL_VALHALLA_MATRIX;ea547df5b8345bae63a1a796628dc6f187117405aa0337764cf1e8fbb4257746;8bbfd1cf557ef6d94aed1aa3b31dc884e520512eca20d990b3346b3145698013;2026-09-28T19:47:05.797752+00:00;false
LOC-0028;LOC-0076;BICYCLE;2026-08-17T07:00:00+03:00;OK;1080;18;4891;LOCAL_VALHALLA_MATRIX;8fc8c92843652e67a87fd2d9f70f536dbc653efa76441a985f5104ff11792fe2;ffc9d7736cd9ff729e3e6d9a03893bfa78d1fe0b974a32cad64197a7a4c1ee7a;2026-09-28T19:47:05.797752+00:00;false
LOC-0028;LOC-0078;BICYCLE;2026-08-17T07:00:00+03:00;OK;882;15;4100;LOCAL_VALHALLA_MATRIX;e4a4a8442a503b4350cf36406c84d8d3b5088421f8ec8580734fdf4dd1a136c2;4129b3d16eca22b1f5198628867337d6b2fafc4bad763f078cd8affd2c7f55bf;2026-09-28T19:47:05.797752+00:00;false
LOC-0028;LOC-0080;BICYCLE;2026-08-17T07:00:00+03:00;OK;1507;26;7099;LOCAL_VALHALLA_MATRIX;5f472cda748641a56aa93eaa21e2bdd85b285461ea5f3a2ee86ba23dbb7ff3cb;b271523afd463d5ee8cb6e472160af3fbf5146db3255a237c31328ec1c2d5401;2026-09-28T19:47:05.797752+00:00;false
LOC-0028;LOC-0082;BICYCLE;2026-08-17T07:00:00+03:00;OK;683;12;3146;LOCAL_VALHALLA_MATRIX;b05c5eeed7028fb6a9618c25cc0d8e54117a33aada0cc1983910652539996ed7;bcab4b1c88d05458bc24de4a743b7c9814696ac6a776bcfbf587a2573e8e449f;2026-09-28T19:47:05.797752+00:00;false
LOC-0028;LOC-0085;BICYCLE;2026-08-17T07:00:00+03:00;OK;1716;29;8322;LOCAL_VALHALLA_MATRIX;dc6f90d8cd3275386a33ead00d3c085d692ee93758d6a40d305440d8baac11be;88d729c51e59091938d74cf3b8ee46b9d4b07b1ee25b0dbc5aed17215726fc13;2026-09-28T19:47:05.797752+00:00;false
LOC-0028;LOC-0086;BICYCLE;2026-08-17T07:00:00+03:00;OK;1761;30;8386;LOCAL_VALHALLA_MATRIX;968b30639e762dea75560856f0ac8747ff4586eb965f7006bb828db2e3af43c1;af49163bf2a8542a9dce3adeff3dddba704e509ff378f9132115f1d7650ec801;2026-09-28T19:47:05.797752+00:00;false
LOC-0028;LOC-0091;BICYCLE;2026-08-17T07:00:00+03:00;OK;2024;34;9606;LOCAL_VALHALLA_MATRIX;40ba8470029fb9d8363e6e749eb3f70a20cf0dfd4e3962df4c11f1a2b3ec34fd;f2719518892d19004beb932fa2a2af4e39e1861986520260dcbf55ef4613c18d;2026-09-28T19:47:05.797752+00:00;false
LOC-0028;LOC-0092;BICYCLE;2026-08-17T07:00:00+03:00;OK;2021;34;9634;LOCAL_VALHALLA_MATRIX;67003df868a5f922fbd99719e309f04afa41fe4c9fa8ac2df4b64f0a420d45e1;7d4c4952928c366b665a0084776e511fd38896cff6ced50d54472453aeb97bea;2026-09-28T19:47:05.797752+00:00;false
LOC-0028;LOC-0093;BICYCLE;2026-08-17T07:00:00+03:00;OK;2014;34;9444;LOCAL_VALHALLA_MATRIX;17b5ce72acd8e983e73aa14547e7dbd99f934726be5275d7dd91b6ee4f293c27;fe290a3f70059e6e0aad4c30d9554bc3d3db7000175dff6447b22d22f7b833d4;2026-09-28T19:47:05.797752+00:00;false
LOC-0028;LOC-0094;BICYCLE;2026-08-17T07:00:00+03:00;OK;1874;32;9072;LOCAL_VALHALLA_MATRIX;c84f92a8c90e96b3ce6e656b6ceccb2b4b1955028b8afe73c6b5b886b8d8bce6;5b9fd6e118687248843c540d1aa1819b9eafaab0f9d7f52980648a975ed6e772;2026-09-28T19:47:05.797752+00:00;false
LOC-0028;LOC-0095;BICYCLE;2026-08-17T07:00:00+03:00;OK;2053;35;9890;LOCAL_VALHALLA_MATRIX;0b780d3cf4736f7d7ffeaf762648adabfc9b7035380f89bd4d66a115d69f9fd7;00460deebcd0f4ed78684f18a1db95af4688d0698ba31def97d674a9b6da8834;2026-09-28T19:47:05.797752+00:00;false
LOC-0028;LOC-0102;BICYCLE;2026-08-17T07:00:00+03:00;OK;933;16;4261;LOCAL_VALHALLA_MATRIX;420b8dc057680306910b5bd318ff6babf8da5bc47f29825e05bf33fb190336fa;8232271fa0a3f9f1b73cc0af7d93c3cf51dfb4de5e0a6bb720dbe9d17ecdcf59;2026-09-28T19:47:05.797752+00:00;false
LOC-0028;LOC-0112;BICYCLE;2026-08-17T07:00:00+03:00;OK;1599;27;7579;LOCAL_VALHALLA_MATRIX;087e1bc30afec32a0a22da5cf4e24bcad9a6046eae1fda63e1a5a325c03297a7;55b8ac955a246e88da4b2f87b1c62540a17688187d66eb9435f69d626f61d67b;2026-09-28T19:47:05.797752+00:00;false
LOC-0028;LOC-0124;BICYCLE;2026-08-17T07:00:00+03:00;OK;1861;32;8691;LOCAL_VALHALLA_MATRIX;51387eee0b6ff9217de22bc5fa4004ccf77d57cee2db18882f1f2c678c0fb58b;175e46557e7ea6384191253abc58aeaa82025e3de5e0da13e5764e22d07193b3;2026-09-28T19:47:05.797752+00:00;false
LOC-0028;LOC-0125;BICYCLE;2026-08-17T07:00:00+03:00;OK;1791;30;8406;LOCAL_VALHALLA_MATRIX;03ed175b143bc0fb1aaf9262ddb4c409d5e3ba1934a0a51ea3e9dc3074ebe5fd;5b53f9bed04af092d26dd7918bd13baed3458302b36ad95bd5e4bc611fa17a7f;2026-09-28T19:47:05.797752+00:00;false
LOC-0028;LOC-0126;BICYCLE;2026-08-17T07:00:00+03:00;OK;1268;22;5998;LOCAL_VALHALLA_MATRIX;c607ec1e9c56cde61af1f2d4a220a7c7bdb30efed8687384a0a58a3577f91891;b4e27ef6684a213c02cf0e0447bb028998d0e0e2e16d2bff48f53544761ad40f;2026-09-28T19:47:05.797752+00:00;false
LOC-0028;LOC-0128;BICYCLE;2026-08-17T07:00:00+03:00;OK;1412;24;6768;LOCAL_VALHALLA_MATRIX;6bcfa774a883bf586d3cd138006f0361125d3b86ed3cc755a300731561ee56ff;142925dcdeadcfaea644e437a4eb9a5acbb66c57fa5ce494747eb2ffe7a98392;2026-09-28T19:47:05.797752+00:00;false
LOC-0028;LOC-0134;BICYCLE;2026-08-17T07:00:00+03:00;OK;1512;26;7364;LOCAL_VALHALLA_MATRIX;37356c78265f19bd52d6e105c08f541537899565fbd5fb743a99073b91947147;045b174ac541a235e6d7cfa5f9091fd06cca51c33f92dfcfaa1842ebe46564dd;2026-09-28T19:47:05.797752+00:00;false
LOC-0028;LOC-0135;BICYCLE;2026-08-17T07:00:00+03:00;OK;1510;26;7348;LOCAL_VALHALLA_MATRIX;ffe29ea7259b7e4fafdd989a4a55c21c43e92e48d5f0b4b11b4bca7dc645e1ba;f8f312bb3662393afbfc4c5e2bdb631ed1bee909053a8caac655c53f6666482c;2026-09-28T19:47:05.797752+00:00;false
LOC-0028;LOC-0136;BICYCLE;2026-08-17T07:00:00+03:00;OK;1650;28;7994;LOCAL_VALHALLA_MATRIX;3a784c26c4de4330eaf7a674916ede711dd21e6c4ec3ff56cfbe7a9218512eae;9916b17ae0ad748d43cdbdbadcf0dcc4cf8c3e57ab285d5f18a5a811cbe59b06;2026-09-28T19:47:05.797752+00:00;false
LOC-0028;LOC-0140;BICYCLE;2026-08-17T07:00:00+03:00;OK;1433;24;6741;LOCAL_VALHALLA_MATRIX;13b268477e5daf231473ae808589a963150d07a8242bdc2663635e9f98e69432;758f910cf0a8a8f78361c40ba7cea5e491aa706ae7be5386656be488ebf6c5a4;2026-09-28T19:47:05.797752+00:00;false
LOC-0028;LOC-0141;BICYCLE;2026-08-17T07:00:00+03:00;OK;2053;35;9482;LOCAL_VALHALLA_MATRIX;47715caf8d14e8402228013dd86ae01b864b1d1fcedf614fd64d85ab4fd0cdb7;59a80a2b8867f94e5b21e93808be8d806a7bfce7c0197bf4cbe197f590c2cf37;2026-09-28T19:47:05.797752+00:00;false
LOC-0028;LOC-0142;BICYCLE;2026-08-17T07:00:00+03:00;OK;2144;36;9919;LOCAL_VALHALLA_MATRIX;f54a16773de7fdcba983f88c817c7406b8dbae0b871f54ab50a5dd60c35d19f2;849f45ac82729f010e2894a279671dae610b648071937eb7608c5fb42205980d;2026-09-28T19:47:05.797752+00:00;false
LOC-0028;LOC-0145;BICYCLE;2026-08-17T07:00:00+03:00;OK;2036;34;9748;LOCAL_VALHALLA_MATRIX;673a77611e3b1de102b3fe0d4acd91ae0e2ce74909af7b1bdaf4cbeffd807f6e;2f150681efbcfc99c40ee1ddce48149fde14785fdda15ef2882e5c6d02c93722;2026-09-28T19:47:05.797752+00:00;false
LOC-0028;LOC-0148;BICYCLE;2026-08-17T07:00:00+03:00;OK;1501;26;7112;LOCAL_VALHALLA_MATRIX;30cf1a7276d5ff28facf22e41a3b32b0aab6ac6ef398575b3d7286cb4bf27feb;a0b0487250c99ffe16cbae4c635750aa7ba3cf09289323dfcf4cd5a0dd7bbfe7;2026-09-28T19:47:05.797752+00:00;false
LOC-0028;LOC-0149;BICYCLE;2026-08-17T07:00:00+03:00;OK;1409;24;6653;LOCAL_VALHALLA_MATRIX;5377cf3879fc06b87dca33c0284b6a2dedd91ba493af49a68276e2b688777e26;58923c53906e6350ba26136c417a8b6b0204eac2d26a9d1084b32a32ba181c78;2026-09-28T19:47:05.797752+00:00;false
LOC-0028;LOC-0150;BICYCLE;2026-08-17T07:00:00+03:00;OK;1374;23;6468;LOCAL_VALHALLA_MATRIX;eca79a86907e7ebdc98984860ed1b96431cd8a82f4b487ca05d3ed72c01fe7da;cb15f50b573c4c5a20f9681fb3bed3f818e048ba2704dc14917c41a1e8a17dca;2026-09-28T19:47:05.797752+00:00;false
LOC-0028;LOC-0151;BICYCLE;2026-08-17T07:00:00+03:00;OK;1589;27;7517;LOCAL_VALHALLA_MATRIX;c26576507983398e5e7ebbe4a68682ee38326441f13969d8fef48e5cdc78aeed;23c271af88c73a6b5b4746e445276e09a8f6a0ceba25586c724e88fa35dadeaa;2026-09-28T19:47:05.797752+00:00;false
LOC-0028;LOC-0152;BICYCLE;2026-08-17T07:00:00+03:00;OK;1590;27;7509;LOCAL_VALHALLA_MATRIX;accc52153a72852c581b6f1b92e2d9712bd741c03c4ee5ee5334d1a57a249363;e7c3cd60384a49e9afd26d23fc0d32fd0948aa25460dc1a93fbc65a5e5197228;2026-09-28T19:47:05.797752+00:00;false
LOC-0028;LOC-0190;BICYCLE;2026-08-17T07:00:00+03:00;OK;1455;25;7038;LOCAL_VALHALLA_MATRIX;c3f9b06c648f56b2a54b5b116a2965c649c977ee1f8692ed0d679d2c1ccd846b;6352fc4e5c834405e1bbb0f553ba4ce12e00c4442b907710fc74a2471456e024;2026-09-28T19:47:05.797752+00:00;false
LOC-0028;LOC-0196;BICYCLE;2026-08-17T07:00:00+03:00;OK;2247;38;10605;LOCAL_VALHALLA_MATRIX;9380a990265d23a9b9d148e0331182e81ea8a8ca33e5ca3ee51f4629c63f6068;e6357932e254e9bd5d69993e151d3d6a0eff140b4cf913ef54fb5d5dde578f64;2026-09-28T19:47:05.797752+00:00;false
LOC-0029;LOC-0002;BICYCLE;2026-08-17T07:00:00+03:00;OK;1406;24;6837;LOCAL_VALHALLA_MATRIX;66aa362a7fcfd997e22db00a8e623df027df9368a420622ba2d745fcc710040e;bc5c97c5f900040046b4beb79bb3c0e621e80ac0327b33085d0a91d4b5d241fd;2026-09-28T19:47:05.797752+00:00;false
LOC-0029;LOC-0008;BICYCLE;2026-08-17T07:00:00+03:00;OK;2181;37;10434;LOCAL_VALHALLA_MATRIX;12a7370a622cbdbb4dfbcbcb000de83b76e13855c8c45e1906f9f227c8f96761;5fda54f9b90cdefb064948b0ffc7a4ca267e9b1abe5893501b6e8fb1900acf01;2026-09-28T19:47:05.797752+00:00;false
LOC-0029;LOC-0009;BICYCLE;2026-08-17T07:00:00+03:00;OK;1965;33;9221;LOCAL_VALHALLA_MATRIX;ce2d9c097055b93c27811e2eac390b66c12e8fabf6029786beb228bca80a1a6b;eada3d9d24566251ab117ea11b1d547004fcf5bab6421401287715cb098d5aa6;2026-09-28T19:47:05.797752+00:00;false
LOC-0029;LOC-0010;BICYCLE;2026-08-17T07:00:00+03:00;OK;2220;37;10569;LOCAL_VALHALLA_MATRIX;992b657211b010b246338f7c5a35cc38309f79d12925676d46922e7ff1b7ed89;6716d7642c8672d79dda007f395b91e6d0586997217019dbabe612a26066eef6;2026-09-28T19:47:05.797752+00:00;false
LOC-0029;LOC-0011;BICYCLE;2026-08-17T07:00:00+03:00;OK;1702;29;8244;LOCAL_VALHALLA_MATRIX;81a602f825c9d32dca5a3104f678f1b2ebb7f883d364c2de74430b6ae68ccde1;721815cd78b8c580db4975021f8dfd4a11b1c24812fc4e6b94c751186e7da055;2026-09-28T19:47:05.797752+00:00;false
LOC-0029;LOC-0012;BICYCLE;2026-08-17T07:00:00+03:00;OK;1880;32;8991;LOCAL_VALHALLA_MATRIX;1bd30a3cb85f7e38841c41cf52003c73072c90cec4dfb03e9a135fe9830badfc;efcba229540ce862aa26de8d8b00e553e7b304379ee6bc245a9a66b57f6e221a;2026-09-28T19:47:05.797752+00:00;false
LOC-0029;LOC-0013;BICYCLE;2026-08-17T07:00:00+03:00;OK;1511;26;7370;LOCAL_VALHALLA_MATRIX;70fd889fd30e9fc9d54723d5537ce1e663865846f30fadde3327d9f4ea9ebb6e;ed2b8f9d23868ed754bbb0a07dd093ab80f2858d460b4b1f1f84fec253f3855c;2026-09-28T19:47:05.797752+00:00;false
LOC-0029;LOC-0016;BICYCLE;2026-08-17T07:00:00+03:00;OK;1213;21;5667;LOCAL_VALHALLA_MATRIX;37c80c2ae3d5115a13bf027452ee3969c0be2c8fffec03c8db1c5813e2a899b8;3e20c903ebd6655960227a7f5a1edc5336030c3b338ce3423c30912b2feb961e;2026-09-28T19:47:05.797752+00:00;false
LOC-0029;LOC-0017;BICYCLE;2026-08-17T07:00:00+03:00;OK;1642;28;7819;LOCAL_VALHALLA_MATRIX;ec551a17ad92975af500b65ea3724ee20a7615459428d557839f77b647fe6a6d;6a49fb5897324a26ad3dca8e3ae8e8dc803ef2777f5fae863a19e6b30aff00bc;2026-09-28T19:47:05.797752+00:00;false
LOC-0029;LOC-0018;BICYCLE;2026-08-17T07:00:00+03:00;OK;1600;27;7688;LOCAL_VALHALLA_MATRIX;23bfe39c722ecd5923e7a1b70e45f19aebc2a8006734856a18baf50ce81a5ea2;a4718e0dca7bb06752f80d17d3deabbd5e809beffec7c1091db5db8ed9c3c14e;2026-09-28T19:47:05.797752+00:00;false
LOC-0029;LOC-0019;BICYCLE;2026-08-17T07:00:00+03:00;OK;2261;38;10829;LOCAL_VALHALLA_MATRIX;ef6a270d26efedd4de35badcce5b0f01433709ad90fdb006a0003ea36f1e9f03;5b13bda4bd774a589f7fd41ccb0b9c6f2a8acb7f346d87a43957b41b78c270c9;2026-09-28T19:47:05.797752+00:00;false
LOC-0029;LOC-0020;BICYCLE;2026-08-17T07:00:00+03:00;OK;2276;38;10847;LOCAL_VALHALLA_MATRIX;ce625faead5425fd9020b99e2ff9985b16d474dbf4a38b9fbe9505d889cbb234;1671f0aee2a5ee26ca7ebbd35391cc8251db34d1e703ce799a2f250659b1d1b1;2026-09-28T19:47:05.797752+00:00;false
LOC-0029;LOC-0023;BICYCLE;2026-08-17T07:00:00+03:00;OK;1863;32;8855;LOCAL_VALHALLA_MATRIX;55c190a97c5355e34d4548413dc62fab556b4287d7c97ab595082e627c050273;13c50fc5a096a7d1f08ed9111b329594b479ad7d6a3d595bf7330eec68914633;2026-09-28T19:47:05.797752+00:00;false
LOC-0029;LOC-0027;BICYCLE;2026-08-17T07:00:00+03:00;OK;969;17;4144;LOCAL_VALHALLA_MATRIX;6a0eb45406b65faecaaefae72705a64fa29456b024ba7dca6304f07ddebfe5a5;9abc6b16291a77474f7195c41351d4d44a9fec50475e7113963f6c843b46a074;2026-09-28T19:47:05.797752+00:00;false
LOC-0029;LOC-0028;BICYCLE;2026-08-17T07:00:00+03:00;OK;126;3;509;LOCAL_VALHALLA_MATRIX;3372e58288f27b71a397fb23b4204c0aa156d9cf0c4500b59903588ec056aefd;59962a8e560cc9286a1dbbc4005b4411d49bd521750f1e46e0020da2806dcdfb;2026-09-28T19:47:05.797752+00:00;false
LOC-0029;LOC-0029;BICYCLE;2026-08-17T07:00:00+03:00;OK;0;0;0;LOCAL_VALHALLA_MATRIX;b71fe738792c9417c88c456b2ec7a6fec9920bc67dae2a3e70c2be00f50b3460;3d5812abc84c11768aa73a732c85d75dbed439188f5bb3239e9b762ea31d9862;2026-09-28T19:47:05.797752+00:00;false
LOC-0029;LOC-0037;BICYCLE;2026-08-17T07:00:00+03:00;OK;1407;24;6753;LOCAL_VALHALLA_MATRIX;7e5de88d0bcd14c6917eff01cee6538c0b5930ce6568f054e7ac6d9b1940b1d3;d7b6950452cb90c4df0bf8a0b81e6a18c1cb89d548e2a5bb0f43dfa9f0d35a71;2026-09-28T19:47:05.797752+00:00;false
LOC-0029;LOC-0045;BICYCLE;2026-08-17T07:00:00+03:00;OK;1001;17;4765;LOCAL_VALHALLA_MATRIX;246ac0890d9ce207968eba12bde4913402e53d06741d00506fb9d500fa6580d0;f266612cc0275ad3c4a7527470d36219ca51f0f11c85034e0e12fdb1114961c5;2026-09-28T19:47:05.797752+00:00;false
LOC-0029;LOC-0053;BICYCLE;2026-08-17T07:00:00+03:00;OK;1324;23;6244;LOCAL_VALHALLA_MATRIX;36a3d4671e0f322577520b537da3ad9be2b369860eb42f82469740c29bb14ffd;db09c84694f7fde3c62b355742038fb9eecf54a52687238aabe32b8e25f684a0;2026-09-28T19:47:05.797752+00:00;false
LOC-0029;LOC-0054;BICYCLE;2026-08-17T07:00:00+03:00;OK;1385;24;6699;LOCAL_VALHALLA_MATRIX;2a2fdcccda682a37087284d7a532fb9b050192ba1ddaf7d2e0a7f79c2776d29d;fa4f03aa72b5980cd335e398f5ca39ffd83203d3150206a6a517834ac1e7481d;2026-09-28T19:47:05.797752+00:00;false
LOC-0029;LOC-0061;BICYCLE;2026-08-17T07:00:00+03:00;OK;1918;32;8997;LOCAL_VALHALLA_MATRIX;712f3e66e20db00ffb0c64d2b6a15dc88c03a7b4a9516a007e8f7e6002c895b9;a914ba8f2b255a623a72d36821f501cfa0d170fb0a16adc916755d45f3db85d3;2026-09-28T19:47:05.797752+00:00;false
LOC-0029;LOC-0063;BICYCLE;2026-08-17T07:00:00+03:00;OK;655;11;2989;LOCAL_VALHALLA_MATRIX;c859e95a193865f82a3e531919b178aad543be488c5c3ed2a07f8a10839bf896;1639a15f91a15343f429c18b8357341538b8929d7466782404cf902938e72c23;2026-09-28T19:47:05.797752+00:00;false
LOC-0029;LOC-0064;BICYCLE;2026-08-17T07:00:00+03:00;OK;797;14;3633;LOCAL_VALHALLA_MATRIX;d98d7e06537abcf20912064d174c113847b379d1dd097f72757a39a0640a6219;f3e95322d592b60d45543dcd4874681726344d73709a5b2ace45df3abb795a30;2026-09-28T19:47:05.797752+00:00;false
LOC-0029;LOC-0074;BICYCLE;2026-08-17T07:00:00+03:00;OK;1315;22;6254;LOCAL_VALHALLA_MATRIX;ea82370d0c2705b16badf1d007a119daf54a49514b2be4e3c212b8f394c18b55;c7a580418dd68a6e3242e834fd16372e2f061d38ed86d6b286b2cfff0e8659cc;2026-09-28T19:47:05.797752+00:00;false
LOC-0029;LOC-0075;BICYCLE;2026-08-17T07:00:00+03:00;OK;1375;23;6488;LOCAL_VALHALLA_MATRIX;3398a329b5dcdf9c8af1a6d66d3e4e5f462347abb91bcdd033e266092499fb7f;ee72bdce0d2b60d93ae73290ab969c7d0cfdf49f704303fd1af713874092af92;2026-09-28T19:47:05.797752+00:00;false
LOC-0029;LOC-0076;BICYCLE;2026-08-17T07:00:00+03:00;OK;1048;18;4762;LOCAL_VALHALLA_MATRIX;56a101b39911f5f1bdc71aed5dce47c00e02bbdb48cc074083a88f1971cb175c;75097eeb6602e1ba09197fa001769db2926beadb7118939a938a3375338cf576;2026-09-28T19:47:05.797752+00:00;false
LOC-0029;LOC-0078;BICYCLE;2026-08-17T07:00:00+03:00;OK;789;14;3700;LOCAL_VALHALLA_MATRIX;df78cde02553c26a3ee025ee742a8f73a138f86cbe5f69e38842d51984b22bf8;58db0038532bf597851a72f4eb8b0b1186358d149bfb5cb4b49962682a01d74a;2026-09-28T19:47:05.797752+00:00;false
LOC-0029;LOC-0080;BICYCLE;2026-08-17T07:00:00+03:00;OK;1414;24;6699;LOCAL_VALHALLA_MATRIX;016c15c5a658d94c8bca3373d895a78fed3c3ec0abf71195b46de5956d27b1db;288ba8a6ab974d9145cced07fb5fdf25cba4168c0dad5eb3b2a1bb6b7d9f711f;2026-09-28T19:47:05.797752+00:00;false
LOC-0029;LOC-0082;BICYCLE;2026-08-17T07:00:00+03:00;OK;652;11;3017;LOCAL_VALHALLA_MATRIX;19a446149ad584c0be67ec459a2a1a4d76ea57cf42f08e80fbd9c8ac27946354;1e593cd7536df99866057934ee2866b847cdf0a98db4f8586d421c1097dae001;2026-09-28T19:47:05.797752+00:00;false
LOC-0029;LOC-0085;BICYCLE;2026-08-17T07:00:00+03:00;OK;1636;28;7950;LOCAL_VALHALLA_MATRIX;fd61affc71f918c82338018556efd04f1cb60d8ad3c24b6ab3e2aa80ac230ca7;3c31f0cbfbdd87540f6401c9b100f1c7c71a4c61a53fb554df11cb034aff6c2b;2026-09-28T19:47:05.797752+00:00;false
LOC-0029;LOC-0086;BICYCLE;2026-08-17T07:00:00+03:00;OK;1682;29;8014;LOCAL_VALHALLA_MATRIX;cf2ae7b62df4743b990319a0ab118aad7cbeee2c3b8a65b037f5c2f22d05ea00;1534f44d4b8fd1d6a49e0b04809987fae3e44ac03a5ef9d2e324b36399512f7f;2026-09-28T19:47:05.797752+00:00;false
LOC-0029;LOC-0091;BICYCLE;2026-08-17T07:00:00+03:00;OK;1931;33;9206;LOCAL_VALHALLA_MATRIX;28c7d104d6a58fe956cdfe2df7a6a5af1c4fec651e6fd6111240f97dba34c47f;3a4a26a94439fd58d06b1428f397fba2f16cfc7cbacd914f1a37c3a0c9f7d657;2026-09-28T19:47:05.797752+00:00;false
LOC-0029;LOC-0092;BICYCLE;2026-08-17T07:00:00+03:00;OK;1927;33;9234;LOCAL_VALHALLA_MATRIX;c72ed92f91042f10177dadd3a6c168ec8ec0f4a54eb317cb401f01a8991e2339;c51401cc730f197b03cc499cf06ed5e636c3441594e0e4998197cef9dcca2271;2026-09-28T19:47:05.797752+00:00;false
LOC-0029;LOC-0093;BICYCLE;2026-08-17T07:00:00+03:00;OK;1920;32;9044;LOCAL_VALHALLA_MATRIX;288f35f276922da8b73ca0358716246c3bfb2a1ec993bb4f02d26a201a499d2c;19f0e5526876445141a585b471d95e294b04c925b532e4dee41a5a380e57a722;2026-09-28T19:47:05.797752+00:00;false
LOC-0029;LOC-0094;BICYCLE;2026-08-17T07:00:00+03:00;OK;1795;30;8700;LOCAL_VALHALLA_MATRIX;1c63ea89f596cab67ff5c44f0c383475d18eb036384c46dce4f55cbc47e27774;d995a46d15a20cfdb21557374d93ce56ea45619382a3913632d8d3b37e743c84;2026-09-28T19:47:05.797752+00:00;false
LOC-0029;LOC-0095;BICYCLE;2026-08-17T07:00:00+03:00;OK;1974;33;9518;LOCAL_VALHALLA_MATRIX;963f77a18bc989e00f2dc92c15eea0156d12f3f244fec1b905ed16e332ac57f4;d8cb9be34211437359c138b187b65c61fbaa5c33b0d4b2db39d0c5acbad09fdf;2026-09-28T19:47:05.797752+00:00;false
LOC-0029;LOC-0102;BICYCLE;2026-08-17T07:00:00+03:00;OK;901;16;4132;LOCAL_VALHALLA_MATRIX;8780956ecfe9d7c3676062fe9ba748b32384e50ac3ac2d47de9794681de8e001;65068e55082cd11761a6d9a9261e3dca77f33615156b3cb442e33393926e5f77;2026-09-28T19:47:05.797752+00:00;false
LOC-0029;LOC-0112;BICYCLE;2026-08-17T07:00:00+03:00;OK;1506;26;7179;LOCAL_VALHALLA_MATRIX;b3ee3a30cbb1796f5656c84e52146663d1af2d2f15aa3d11f029babdcd018070;0930a62040a575edfbc16b607955f6611fb9264baf244fd742a284aee2818025;2026-09-28T19:47:05.797752+00:00;false
LOC-0029;LOC-0124;BICYCLE;2026-08-17T07:00:00+03:00;OK;1830;31;8562;LOCAL_VALHALLA_MATRIX;c36516bf74d32f9295fa43967e115746644e25866c827a1483a73017105b6f3d;a65c02ae58a7c1c43c2ad943f63c81b1d66b76e3297778fb09e4375a24b85531;2026-09-28T19:47:05.797752+00:00;false
LOC-0029;LOC-0125;BICYCLE;2026-08-17T07:00:00+03:00;OK;1697;29;8006;LOCAL_VALHALLA_MATRIX;79167b32293c5e3fe938c46bc80583926ca0c598000f2d937f9d8c5a9c013c81;aff5d5e6a96bda74a842aa86c11ec58f5444457fba58ccc723d06f084a06b728;2026-09-28T19:47:05.797752+00:00;false
LOC-0029;LOC-0126;BICYCLE;2026-08-17T07:00:00+03:00;OK;1174;20;5598;LOCAL_VALHALLA_MATRIX;e7955bf99dde33707d986f5b3dcec5ccd8e376e6aacecea72ffd6f1db6f34c61;dc545c657aa26dd17bb58b8b37f7235b0253106080106609d909f128b0d675c0;2026-09-28T19:47:05.797752+00:00;false
LOC-0029;LOC-0128;BICYCLE;2026-08-17T07:00:00+03:00;OK;1332;23;6396;LOCAL_VALHALLA_MATRIX;83e7e702cd85e2bf21d6995563b8a52c61ba93b2b91fa3645f243533a7ae3eab;aa2b310a4935040154e2e1928bcc1d8d4dc571e6a53bc1ec49105f131cb8579f;2026-09-28T19:47:05.797752+00:00;false
LOC-0029;LOC-0134;BICYCLE;2026-08-17T07:00:00+03:00;OK;1432;24;6992;LOCAL_VALHALLA_MATRIX;1324b91622e115b783549b43e0be3dd38192bd0b3f6a0a125bb597d65d9f6daf;017cdaee41cd58cfba9ef4aad0eb5ae8b06886cf793dcedbb801e86e902536e9;2026-09-28T19:47:05.797752+00:00;false
LOC-0029;LOC-0135;BICYCLE;2026-08-17T07:00:00+03:00;OK;1430;24;6976;LOCAL_VALHALLA_MATRIX;2f8169288bf920218c6189df536d06cf8a9261a4d642e9e72e965601271119f8;df9afc41cd174ce72c8b5d7ee54b40fc943759a73be9ed7907e9824e6a08164a;2026-09-28T19:47:05.797752+00:00;false
LOC-0029;LOC-0136;BICYCLE;2026-08-17T07:00:00+03:00;OK;1571;27;7622;LOCAL_VALHALLA_MATRIX;7879d1dd0403bc473e80d76613b3430089a21434d576035a96952ad1856c7604;9fdc57121a4d2668e8ba27b2a59d0dcdd7016a44729dbaba88da9328aaec95fa;2026-09-28T19:47:05.797752+00:00;false
LOC-0029;LOC-0140;BICYCLE;2026-08-17T07:00:00+03:00;OK;1401;24;6612;LOCAL_VALHALLA_MATRIX;6d97ec05ec353ea76977a221fe4b2e5cee79930fd19e482b4e5ec93ff9df7cf3;dea5addbe518fbd45d1b15e55868015cb1557af6c4db39d35a4c05acecb0077a;2026-09-28T19:47:05.797752+00:00;false
LOC-0029;LOC-0141;BICYCLE;2026-08-17T07:00:00+03:00;OK;2021;34;9353;LOCAL_VALHALLA_MATRIX;b9f51d032ee70086c45ce59f380a0da7aaf69496676b8a9ddb9b8e36445d14f3;4f8d613ea8ed316aec4939208105486a7737beca29c405805b9d3b6765e39471;2026-09-28T19:47:05.797752+00:00;false
LOC-0029;LOC-0142;BICYCLE;2026-08-17T07:00:00+03:00;OK;2113;36;9790;LOCAL_VALHALLA_MATRIX;2af15aaa84ff319ae6f4dd7526ff60cf6fd1bbf5ca3759fb784ea7c819508a47;c266ca908504e2b8dd89e4c51e880ec9ad3b7703f0ff5dbfe2b456db07c2c23b;2026-09-28T19:47:05.797752+00:00;false
LOC-0029;LOC-0145;BICYCLE;2026-08-17T07:00:00+03:00;OK;1942;33;9348;LOCAL_VALHALLA_MATRIX;abc302d158ff795198c6547cd624c2e427c339718d846c0eccdd972761cb5acf;451376ec32bcc3948cf1b1ddb6fa59e0987971e62ca699114a69749a5bee14f6;2026-09-28T19:47:05.797752+00:00;false
LOC-0029;LOC-0148;BICYCLE;2026-08-17T07:00:00+03:00;OK;1408;24;6712;LOCAL_VALHALLA_MATRIX;e8f29505a5e16dcf76782c7cc494f37d6766e1f9153843106eefb99de7d3113d;f3c68cfc875ccd0738547cc901a0e2e8818da45c645095dc4e0a17f7dc8a4395;2026-09-28T19:47:05.797752+00:00;false
LOC-0029;LOC-0149;BICYCLE;2026-08-17T07:00:00+03:00;OK;1316;22;6253;LOCAL_VALHALLA_MATRIX;dbc2a2ba87014841f01c8b0163179c9e215106bf3d12082bc903eff75c651f54;b2d10ef50c2af6f32294f4f09bc347439ba26cb2e73d07b2dc4c06aac4199637;2026-09-28T19:47:05.797752+00:00;false
LOC-0029;LOC-0150;BICYCLE;2026-08-17T07:00:00+03:00;OK;1280;22;6068;LOCAL_VALHALLA_MATRIX;06307efb578d358b89f8680e75157ccf57e7f9254f592745a42ac7104ae8f023;d5a4fe0ace798da60c234d212f5447637bed21a9ca95788f60c6918e8d2d0362;2026-09-28T19:47:05.797752+00:00;false
LOC-0029;LOC-0151;BICYCLE;2026-08-17T07:00:00+03:00;OK;1495;25;7117;LOCAL_VALHALLA_MATRIX;5c1bc4a5485bbedbf488cda588fd01dd18e252798966d4143935101a733d4505;6b3244af2eeab3b40207f6662224dd7222d971f6989b59535d9f3b6cadf41402;2026-09-28T19:47:05.797752+00:00;false
LOC-0029;LOC-0152;BICYCLE;2026-08-17T07:00:00+03:00;OK;1497;25;7109;LOCAL_VALHALLA_MATRIX;393e5992a6a83b110db7a058f574bc431c046f5de70e24cc4d131053034168c2;26806e81dffa356746d12fb9c408b84b61666ae38d1b865e710f4dfac134ba08;2026-09-28T19:47:05.797752+00:00;false
LOC-0029;LOC-0190;BICYCLE;2026-08-17T07:00:00+03:00;OK;1362;23;6638;LOCAL_VALHALLA_MATRIX;79467406e8615dfddfd7236f6f400ce2eddfc9185f80b90ae48126b4c916c289;a1a4b2c4440d08856659881ac0399e78ac2d832c72c1939591b84c5fb38b6b34;2026-09-28T19:47:05.797752+00:00;false
LOC-0029;LOC-0196;BICYCLE;2026-08-17T07:00:00+03:00;OK;2153;36;10205;LOCAL_VALHALLA_MATRIX;5eed6354bc7633c65beda28d5a67ab016601080f908de2a7f118e60f431d6961;1e2fc3a442f0312b7053769c2f4d8ca39c16b5729335c5628e37e295c9a4dcd4;2026-09-28T19:47:05.797752+00:00;false
LOC-0037;LOC-0002;BICYCLE;2026-08-17T07:00:00+03:00;OK;571;10;2592;LOCAL_VALHALLA_MATRIX;24462bfdd3a00187ac6016372c836e5958f9b848bb618fe48ce07dc6b2fe15ad;0d0bbde9109cb4d0b8a4c2331312a99bf8577ae0ec144fa349bab9cb462567f3;2026-09-28T19:47:05.797752+00:00;false
LOC-0037;LOC-0008;BICYCLE;2026-08-17T07:00:00+03:00;OK;1207;21;5796;LOCAL_VALHALLA_MATRIX;36d2bcf9700c8dfa529c4afb6877d35b9fe5205c95ea742a2dc5912c8a13448e;9924ade755e2787aa67b737ba94884062250ef783ac4307b46ad1491f996015f;2026-09-28T19:47:05.797752+00:00;false
LOC-0037;LOC-0009;BICYCLE;2026-08-17T07:00:00+03:00;OK;2931;49;13926;LOCAL_VALHALLA_MATRIX;84c443047a194bc86b784add8252ec529fd6e532e27c479a29da69f02c995e0f;05585e79380eee07a0f8e6f8a69464d822641d2f8e591a152878373fa6431580;2026-09-28T19:47:05.797752+00:00;false
LOC-0037;LOC-0010;BICYCLE;2026-08-17T07:00:00+03:00;OK;1245;21;5931;LOCAL_VALHALLA_MATRIX;3ac5b3b4843219af9a4bc129e94109d46b6d169272af864b78576372fcaac1d4;278e7c5dcb78983f8f8388fcc10e015a7500fbc1a3e24f6b3d5771678c315180;2026-09-28T19:47:05.797752+00:00;false
LOC-0037;LOC-0011;BICYCLE;2026-08-17T07:00:00+03:00;OK;1068;18;5116;LOCAL_VALHALLA_MATRIX;51b87ed6470099b2192f1dff5afb377bfa6de007026c2482eeb1f1faa5b77f1a;a8144cfdac8d1050543c7dd3a56a13d6ebb533492ad86f737019fe2d9dfc4f35;2026-09-28T19:47:05.797752+00:00;false
LOC-0037;LOC-0012;BICYCLE;2026-08-17T07:00:00+03:00;OK;906;16;4353;LOCAL_VALHALLA_MATRIX;904b1bd9da7028aae6efcbf9b155a85744cc27cd1192ca01e7cf967c2c825a92;c9f30587458655e3b069ce1f8a419a13d89e2316f531384a9a466b10aef252ad;2026-09-28T19:47:05.797752+00:00;false
LOC-0037;LOC-0013;BICYCLE;2026-08-17T07:00:00+03:00;OK;816;14;3850;LOCAL_VALHALLA_MATRIX;d915cb39f356c0c16cf2fd9e437f90291912f21f1c951c567b854e04d67a669d;9213058e5851f962f38018a31ba3b446bb4265259b3085ce034ae3fa68226d6e;2026-09-28T19:47:05.797752+00:00;false
LOC-0037;LOC-0016;BICYCLE;2026-08-17T07:00:00+03:00;OK;1300;22;6240;LOCAL_VALHALLA_MATRIX;380c72b02c36c9bf3480557af5bb7f979f7a95389182b9940a39cd1c0920300b;a36cb1e97129fa38a7aa06dc7a7f10c3296e4e47328618982a267fc0d295e3e6;2026-09-28T19:47:05.797752+00:00;false
LOC-0037;LOC-0017;BICYCLE;2026-08-17T07:00:00+03:00;OK;1674;28;8028;LOCAL_VALHALLA_MATRIX;16962ac0d5e0b9af941726f5973ee3ea54a77bd585e40d5be1163c1cdd789678;908ea962e823de1f03aefe508aca6f12fd2c527dc4a0c08253650bae84ddd183;2026-09-28T19:47:05.797752+00:00;false
LOC-0037;LOC-0018;BICYCLE;2026-08-17T07:00:00+03:00;OK;1636;28;7836;LOCAL_VALHALLA_MATRIX;65dcf21159cd68e8f17c945ea710a4bb3f1716b2df9a2fdd20dc458606e084d8;a9b59722512df63938aceed626956745e30dd7bb663ee18b292b006f37f7b8fb;2026-09-28T19:47:05.797752+00:00;false
LOC-0037;LOC-0019;BICYCLE;2026-08-17T07:00:00+03:00;OK;1286;22;6191;LOCAL_VALHALLA_MATRIX;1023e0c769ad505d949c67548236acee824743e2f354f0fc0053c18aede39b4a;5f64514ab5807bf0d3e5ddce22d44ac436de5abdbf007e2ae750941c060e6a07;2026-09-28T19:47:05.797752+00:00;false
LOC-0037;LOC-0020;BICYCLE;2026-08-17T07:00:00+03:00;OK;1544;26;7378;LOCAL_VALHALLA_MATRIX;c5598ca069500f39365b21689eeea16e2215e42934e4ede173c0ae16acc23eed;d8693dd9c0335b02fc3b185f0284928ec6ecdb89fccbaa49cd8e70fec5519b9e;2026-09-28T19:47:05.797752+00:00;false
LOC-0037;LOC-0023;BICYCLE;2026-08-17T07:00:00+03:00;OK;1474;25;7103;LOCAL_VALHALLA_MATRIX;877c1a29c12fd9b9920030685860cd640c949d5890ffd2f19a241bbb5265aee4;f1cec5c0ca0f9df9598f5617898b69abd0e22fc004de7dcbc1578b69f1203d77;2026-09-28T19:47:05.797752+00:00;false
LOC-0037;LOC-0027;BICYCLE;2026-08-17T07:00:00+03:00;OK;1517;26;7281;LOCAL_VALHALLA_MATRIX;90b63a716b6e174acd210c24e7c919ed33fc5720cda5ba7f8648b7126bb10129;cbe2063f3cc70aad73e6083520bf51e00da11e654626f25397336aa2ba81c4b6;2026-09-28T19:47:05.797752+00:00;false
LOC-0037;LOC-0028;BICYCLE;2026-08-17T07:00:00+03:00;OK;1567;27;7492;LOCAL_VALHALLA_MATRIX;532b4b46565b2266d743343205a21070d23f277703304a59b073af3b07932828;e2a7b3d03c37404e861b2433471285e806e272a6a76e5918f844cb77902792e0;2026-09-28T19:47:05.797752+00:00;false
LOC-0037;LOC-0029;BICYCLE;2026-08-17T07:00:00+03:00;OK;1492;25;7115;LOCAL_VALHALLA_MATRIX;850d5b6bba8ec78f9faef8261d31cfe3cc8dd6cf0b0c9a6c8eb7080da5e01f86;c51af8d74058cfafe4e5d82af2dd6c57cff604e68e9af7fcd594553c4ddb21e2;2026-09-28T19:47:05.797752+00:00;false
LOC-0037;LOC-0037;BICYCLE;2026-08-17T07:00:00+03:00;OK;0;0;0;LOCAL_VALHALLA_MATRIX;8d120938d5e717807adfa138a63169f5b324b69b6979033b07bfd7c215009198;3d5812abc84c11768aa73a732c85d75dbed439188f5bb3239e9b762ea31d9862;2026-09-28T19:47:05.797752+00:00;false
LOC-0037;LOC-0045;BICYCLE;2026-08-17T07:00:00+03:00;OK;1810;31;8619;LOCAL_VALHALLA_MATRIX;a41ee699ca73e69c28fb1b7c2655e5ee449c4886e5eb8ec4eeb6a21cac5d54f4;e0cea0b01c988269dfe575b3302968807219a17bc31b58bd770bd182c3d00c32;2026-09-28T19:47:05.797752+00:00;false
LOC-0037;LOC-0053;BICYCLE;2026-08-17T07:00:00+03:00;OK;1270;22;6127;LOCAL_VALHALLA_MATRIX;b6c3c3b37f9a91d9d1a2aad1e2168dab1b169a278079972f77030fb18b28634e;a6705af7d798e50b684c6c5b457484203ce23fb5b4c7e4ad9a5880d16e40eace;2026-09-28T19:47:05.797752+00:00;false
LOC-0037;LOC-0054;BICYCLE;2026-08-17T07:00:00+03:00;OK;263;5;1155;LOCAL_VALHALLA_MATRIX;140944d0fe5e37e9f96443c4dc04c656d3b8f296faaff235ae5937d880ab559d;6f6e280904e776b6b4c4df0149525082c92efa7693d51534293dbf707651dbab;2026-09-28T19:47:05.797752+00:00;false
LOC-0037;LOC-0061;BICYCLE;2026-08-17T07:00:00+03:00;OK;944;16;4359;LOCAL_VALHALLA_MATRIX;ce633d72d490282e9798ddeb2b161d61fe51b37f303484a955497323e275b251;478c15eeaad10ba42910f4f878ee0f0195a15d3c64497a8f0b715d2227b395d5;2026-09-28T19:47:05.797752+00:00;false
LOC-0037;LOC-0063;BICYCLE;2026-08-17T07:00:00+03:00;OK;2157;36;10338;LOCAL_VALHALLA_MATRIX;a53b48363aaea5e0df735e7dc2b187a76ec8c9033b701ab99694281f311cd196;fbfc0d99a5f0ef236494a3fcd83702eb1826e204971dedbf00aad2534bee12c2;2026-09-28T19:47:05.797752+00:00;false
LOC-0037;LOC-0064;BICYCLE;2026-08-17T07:00:00+03:00;OK;1794;30;8535;LOCAL_VALHALLA_MATRIX;6568fa97bfefe10dde08c2903557d9906a66c762c51d674202fdf9bc64c5b7da;fb966f9e0c879c1578d4ae465e3a3457bf8bb186482b20f0953ca123e4acea94;2026-09-28T19:47:05.797752+00:00;false
LOC-0037;LOC-0074;BICYCLE;2026-08-17T07:00:00+03:00;OK;1353;23;6443;LOCAL_VALHALLA_MATRIX;dd1e6c90ca531fa38e2dc3a4f81af25dfa8937a99268be4eb9f839e9342a405e;f8dd58345c57cebfadfff92a506da8c93cd6c8159f00c4220768ae9dbd36867f;2026-09-28T19:47:05.797752+00:00;false
LOC-0037;LOC-0075;BICYCLE;2026-08-17T07:00:00+03:00;OK;1517;26;7197;LOCAL_VALHALLA_MATRIX;332162e169abbc5dedc4a0a63c225828266459ae6c3d45d0ea41906c9a2ce5a8;c55e45ed11b9fe76065511f72624e84bb35cd7fa509eecbe35afcf81227539b7;2026-09-28T19:47:05.797752+00:00;false
LOC-0037;LOC-0076;BICYCLE;2026-08-17T07:00:00+03:00;OK;1327;23;6273;LOCAL_VALHALLA_MATRIX;ceaefa28a7901f267bc290610680c6a749a739db9d8a9647045367dc9beee844;5409ad27470c8b97092a91115929ac2c66684884fcf68c8061ac8a3f85ea5b3d;2026-09-28T19:47:05.797752+00:00;false
LOC-0037;LOC-0078;BICYCLE;2026-08-17T07:00:00+03:00;OK;1597;27;7554;LOCAL_VALHALLA_MATRIX;38c5f53a0a779e5334b86f5e699ab72d7100a0c18e94658e8fd96d42691ed8ac;d3833c8fdf3e522a12bd2371a0b1131aa0e5880a3cd6902a8ba71322aac55f0a;2026-09-28T19:47:05.797752+00:00;false
LOC-0037;LOC-0080;BICYCLE;2026-08-17T07:00:00+03:00;OK;1387;24;6613;LOCAL_VALHALLA_MATRIX;0852e216c5d966305152c6d08f0c7416320c09a72de2c36bb6e1cb0f930118bf;24eb3e9f7bac6bebe6728eea63ba560e9631873517c1e886a019225bc98a3ce2;2026-09-28T19:47:05.797752+00:00;false
LOC-0037;LOC-0082;BICYCLE;2026-08-17T07:00:00+03:00;OK;1794;30;8576;LOCAL_VALHALLA_MATRIX;d135418c1e57b19aa848b3bd12845a7723d5e1288bee2a6a96bca6176610b384;6e72afcb0e68b9dce7d1754ea160b4ff422c3e5025a309e8cdd1786b484e1763;2026-09-28T19:47:05.797752+00:00;false
LOC-0037;LOC-0085;BICYCLE;2026-08-17T07:00:00+03:00;OK;743;13;3429;LOCAL_VALHALLA_MATRIX;70a0f514373bb55578c743f5787946ae6b7a678767e778a8c50374ad5f5a327a;6675eebbf2fbbbd1f286f1638bf0c2f6a292839f0c5f804f6c147721330de61f;2026-09-28T19:47:05.797752+00:00;false
LOC-0037;LOC-0086;BICYCLE;2026-08-17T07:00:00+03:00;OK;789;14;3493;LOCAL_VALHALLA_MATRIX;8cd97ced0fdf4a530670ed3ffb65938f9967f1e7c106a6dde77af158a54ede93;c06ea9eb8e18463e041986c036eb0dc5fb2879a3cf7504cd69fc81c319157a76;2026-09-28T19:47:05.797752+00:00;false
LOC-0037;LOC-0091;BICYCLE;2026-08-17T07:00:00+03:00;OK;1198;20;5737;LOCAL_VALHALLA_MATRIX;7c977614152a91065bafae4157c1bbcf3e184cdceebb5d1dab90af459d5429a2;392512e6ccd9852c56ac73ed4042ba0f6b4ddb3e7012f25a89b67a20025a882c;2026-09-28T19:47:05.797752+00:00;false
LOC-0037;LOC-0092;BICYCLE;2026-08-17T07:00:00+03:00;OK;1231;21;5888;LOCAL_VALHALLA_MATRIX;a20cc13e82f907f513b9abc2d550174f7ba75f24aba7ff84cac14578a4acd432;95cf26b9930e00ec62d09cb3958a83d5d9ecfed017cce7368ce7e9384c053e7a;2026-09-28T19:47:05.797752+00:00;false
LOC-0037;LOC-0093;BICYCLE;2026-08-17T07:00:00+03:00;OK;1266;22;5889;LOCAL_VALHALLA_MATRIX;9f0bc00173239397c5b6e3142b8d705b627ea453f5c613820d1b75c65ecebd47;bb8b5464f3b610447f40b36a45c28c0faced488a018872747f6c43ca891bec9e;2026-09-28T19:47:05.797752+00:00;false
LOC-0037;LOC-0094;BICYCLE;2026-08-17T07:00:00+03:00;OK;902;16;4179;LOCAL_VALHALLA_MATRIX;db1437732ff2f9e6652e6203931996752acff6ad9b32af5a0345061a1da4bbfc;18d6c229aa1ad955580db442b3c93592408b8347f8dfb3987ae009e167f62b6f;2026-09-28T19:47:05.797752+00:00;false
LOC-0037;LOC-0095;BICYCLE;2026-08-17T07:00:00+03:00;OK;1081;19;4997;LOCAL_VALHALLA_MATRIX;a28efbdfa29e06015374f0d556d8a9e09ba4fc5458a3ee95ceddc0a2c1183461;69115ee1e57ed2f929e4f53c82081aab4af57444a3ef9071dea8766902815697;2026-09-28T19:47:05.797752+00:00;false
LOC-0037;LOC-0102;BICYCLE;2026-08-17T07:00:00+03:00;OK;1955;33;9353;LOCAL_VALHALLA_MATRIX;477201355dc11e221d4dafc47029da2ac1c94f5e185b27b464419ef7e1823801;45eb8c318098eebdcab62d1935c50e7baa940b96e7176ddc5833ee80ee13dc46;2026-09-28T19:47:05.797752+00:00;false
LOC-0037;LOC-0112;BICYCLE;2026-08-17T07:00:00+03:00;OK;1089;19;5266;LOCAL_VALHALLA_MATRIX;539ea59eccb717ec12cd75ec81e8dc12f4c5fc5b7ca432f34b5f025d6cfff81b;4254348177ad2499ae397af1d28d7b59744f2325848d85e114443bf03110110c;2026-09-28T19:47:05.797752+00:00;false
LOC-0037;LOC-0124;BICYCLE;2026-08-17T07:00:00+03:00;OK;2786;47;13219;LOCAL_VALHALLA_MATRIX;f2a35a59395c2ce45f0d03b775697d48be4ff373d4471709cb859b9eab82695d;fd0896eb9ba78af85d3b1c46b70100c7ec1dea4d8fb74ab105f118acc9f5c9af;2026-09-28T19:47:05.797752+00:00;false
LOC-0037;LOC-0125;BICYCLE;2026-08-17T07:00:00+03:00;OK;1637;28;7782;LOCAL_VALHALLA_MATRIX;38f6c50bb8ef726df9b6e71335a5c50142762766bf20a9e6f96f613340422b8a;b2333ec2789ade4e1ea27c9eb36058bbd7eb75b9d4c3599e31ddd9e8050d13f5;2026-09-28T19:47:05.797752+00:00;false
LOC-0037;LOC-0126;BICYCLE;2026-08-17T07:00:00+03:00;OK;1001;17;4779;LOCAL_VALHALLA_MATRIX;85ac221a9d7e82cf70827d4374a1400d1f0ea8f3df4e8333e0ac1ea5ed67afcf;d4f492c03d4592bc2a46850202f29f2da5283649b41a6ce86295fbeb1a163e43;2026-09-28T19:47:05.797752+00:00;false
LOC-0037;LOC-0128;BICYCLE;2026-08-17T07:00:00+03:00;OK;161;3;767;LOCAL_VALHALLA_MATRIX;d13ec40bb1fcb3932fb4697a11ec06b0b1aff7b058202ade8506f461def1a15b;3845a4217f342f832ba17e569d5b25ec6897087adde93bcb1e481c45e2038756;2026-09-28T19:47:05.797752+00:00;false
LOC-0037;LOC-0134;BICYCLE;2026-08-17T07:00:00+03:00;OK;601;11;2737;LOCAL_VALHALLA_MATRIX;5fce8caa362a50b4190acd474eddbe49abd03fc0e220e4dcd165e262fabfdeb3;e89376781a5c8c1e747b8541a19528cc1af22467c62667697d8a449cb142bdeb;2026-09-28T19:47:05.797752+00:00;false
LOC-0037;LOC-0135;BICYCLE;2026-08-17T07:00:00+03:00;OK;673;12;3083;LOCAL_VALHALLA_MATRIX;bab3d4fc968545698bad5d04b1665405416cc4efa375ec93d91e40ff5a55f179;449f950b03b750e49ae0b829f0b3dbd69d0038104fbb95a38ab09c692e8a01ff;2026-09-28T19:47:05.797752+00:00;false
LOC-0037;LOC-0136;BICYCLE;2026-08-17T07:00:00+03:00;OK;678;12;3119;LOCAL_VALHALLA_MATRIX;2a5fb064fbd5c7c36788912ce7dd3acd212f2294418a365989a6ef8479214571;d6195bcb1a245fa91ad1d2b89520420b99dfe893219ca71a0b981777affd06bc;2026-09-28T19:47:05.797752+00:00;false
LOC-0037;LOC-0140;BICYCLE;2026-08-17T07:00:00+03:00;OK;1000;17;4803;LOCAL_VALHALLA_MATRIX;d9ffd34059048b62cdb8757ca103ed10ec059f3a19b2677e82589f8adbfc5c51;86f96002f405b2049bad4afc51e5ddbb1f1b50f6b6ca4dac07e3cb064fa90bc4;2026-09-28T19:47:05.797752+00:00;false
LOC-0037;LOC-0141;BICYCLE;2026-08-17T07:00:00+03:00;OK;2785;47;13193;LOCAL_VALHALLA_MATRIX;d45bf0e797ef65c78713a7bfaa1fa0d24d14defeb65f668eb99309bafde54cfb;26afe3400b874361054e32d2157c9913e5546844bb2a79109a6b3d4bc5ce3c52;2026-09-28T19:47:05.797752+00:00;false
LOC-0037;LOC-0142;BICYCLE;2026-08-17T07:00:00+03:00;OK;2736;46;12968;LOCAL_VALHALLA_MATRIX;b9c856f65119183c03e21a58d42bfd4a8c6b2aa53da4ad5531ef184d450a2b51;aa9eddd6f45a83aeac5acebe1dea791189db74337d8951d9111f434d955ef4ef;2026-09-28T19:47:05.797752+00:00;false
LOC-0037;LOC-0145;BICYCLE;2026-08-17T07:00:00+03:00;OK;1523;26;7270;LOCAL_VALHALLA_MATRIX;67e66b1b26230ff129602c02b76fc4118c4baf01aee1bdde42372d9f39b78e9d;ec59ca016b10e5fb30dddb5a3ecffd0edd1298f8bedce6facf2866b814966bd3;2026-09-28T19:47:05.797752+00:00;false
LOC-0037;LOC-0148;BICYCLE;2026-08-17T07:00:00+03:00;OK;1552;26;7442;LOCAL_VALHALLA_MATRIX;b2acd438e83abd88dc373ea8d7f914869df9de0e8f422b64cd24ae9d70779b86;d9907d0c56e26066bb18eeb4fc9ec02769e8af529bca3f243e1a3d8c58dba50b;2026-09-28T19:47:05.797752+00:00;false
LOC-0037;LOC-0149;BICYCLE;2026-08-17T07:00:00+03:00;OK;1462;25;6961;LOCAL_VALHALLA_MATRIX;313103acaeadb925e51b8b011d9849ed63091c7fa941cee28f6777a1ea83850a;af9d60edc74d6d337f84fb2cffd57ad17c3a5d338f2c766f27bf87a0edbba6bf;2026-09-28T19:47:05.797752+00:00;false
LOC-0037;LOC-0150;BICYCLE;2026-08-17T07:00:00+03:00;OK;1423;24;6793;LOCAL_VALHALLA_MATRIX;2d627dffc05385c203ac4a8db52793ed4f8131f4ce0dde3454ebc49631bccb3e;02907daad67b3bfcbc7c1b5081091c85ae0858bac2af8179416e3a30eb720111;2026-09-28T19:47:05.797752+00:00;false
LOC-0037;LOC-0151;BICYCLE;2026-08-17T07:00:00+03:00;OK;1639;28;7847;LOCAL_VALHALLA_MATRIX;639293006a972691d675b9b2b32f973e0f63412787d57ec5a11a85db6ec174bb;c30cd3222ab0b02e98757874cc01cba19a71f185a4a671ba82a19fc67e782912;2026-09-28T19:47:05.797752+00:00;false
LOC-0037;LOC-0152;BICYCLE;2026-08-17T07:00:00+03:00;OK;1641;28;7839;LOCAL_VALHALLA_MATRIX;428a56796b133ae44b3501cb54fe848b14d434f434ac2caf78544e5d6bec5493;5da5f34b9ecd1cc26b724331decbbc68aeb3e38306a3b613a47332a4239b71bf;2026-09-28T19:47:05.797752+00:00;false
LOC-0037;LOC-0190;BICYCLE;2026-08-17T07:00:00+03:00;OK;810;14;3860;LOCAL_VALHALLA_MATRIX;6816a793c8e95d68597f65a8d5c0359faf6ff163c343f9f6b0b8cda2a256da29;e8878d28141e240bf92715fae1cc3dabcf219b852450b3be713da06b6103a2b7;2026-09-28T19:47:05.797752+00:00;false
LOC-0037;LOC-0196;BICYCLE;2026-08-17T07:00:00+03:00;OK;1831;31;8771;LOCAL_VALHALLA_MATRIX;220e78bce776413fe8a1eea658704595d43ad44335fd3174b28d7b640e45adb8;c38a0df82201b84bcbd7f9e4e04a170300d5110c7821f5cc2445ac70aca26787;2026-09-28T19:47:05.797752+00:00;false
LOC-0045;LOC-0002;BICYCLE;2026-08-17T07:00:00+03:00;OK;1714;29;8226;LOCAL_VALHALLA_MATRIX;2e06a650ca481943c9e10867c4c94d718874d3cb563a68dfa14699befd634ec2;0ef25138a513e96cbc3fe8fb90b56b48c0ae200f8cd611f73a5367d111cab02d;2026-09-28T19:47:05.797752+00:00;false
LOC-0045;LOC-0008;BICYCLE;2026-08-17T07:00:00+03:00;OK;1940;33;9333;LOCAL_VALHALLA_MATRIX;1306ebadf7d8dda30f9b73e157ae5b65d7f1259133fb304e9c95dfe156d91734;95dad7fb8b51b7ef533bee3290ad286026ca9639869e14e7f189ce01b5ebe269;2026-09-28T19:47:05.797752+00:00;false
LOC-0045;LOC-0009;BICYCLE;2026-08-17T07:00:00+03:00;OK;1591;27;7506;LOCAL_VALHALLA_MATRIX;fdd5a7bb4dc58c03cdf8cdafc4605c026d996971bd193426671e40331cf39ed2;3b27af82f77e7c576a210c5cf1c65e8d5b7403e9e809186916b099dd6e6c45da;2026-09-28T19:47:05.797752+00:00;false
LOC-0045;LOC-0010;BICYCLE;2026-08-17T07:00:00+03:00;OK;1922;33;9243;LOCAL_VALHALLA_MATRIX;775755adc7fac62a6389565466f5322e25590a3a4dd36925c37c033aa286e0d5;6a502a9b0a1db21d64eb68b22daaf1a6292e1107fc8e1bff2a138a30fb6128a1;2026-09-28T19:47:05.797752+00:00;false
LOC-0045;LOC-0011;BICYCLE;2026-08-17T07:00:00+03:00;OK;1809;31;8692;LOCAL_VALHALLA_MATRIX;441c9f9b5440b458d0c0f9859adf31c69154790b7119d9f109a18be374e2ecb7;74ef5c40b0a2adebc5f71c725d7a475565fa35f514f33fb24d3bbcc09fea5efe;2026-09-28T19:47:05.797752+00:00;false
LOC-0045;LOC-0012;BICYCLE;2026-08-17T07:00:00+03:00;OK;1639;28;7890;LOCAL_VALHALLA_MATRIX;cc3fec5e7cf91b3a1102a8fe114e54a5b684bae35a85c954614ea790ac0a6475;e786b1016b645f651211f0b13eef3f5c8f1a189f6f35ca01b7e71827fcc3082d;2026-09-28T19:47:05.797752+00:00;false
LOC-0045;LOC-0013;BICYCLE;2026-08-17T07:00:00+03:00;OK;1819;31;8759;LOCAL_VALHALLA_MATRIX;043edd45b9200285bad6ad5df1b91324b18c60c8b425e8cfe335ebad1ddbecd4;bfc0ee517b7e22c06c095a8f7f486b78434a08064c9061a46a86e1c01b126415;2026-09-28T19:47:05.797752+00:00;false
LOC-0045;LOC-0016;BICYCLE;2026-08-17T07:00:00+03:00;OK;1720;29;8065;LOCAL_VALHALLA_MATRIX;f5b8cf8fe0006e570051d0e7d9de7227e91a6cd4fe601112f00a86761b2f1bbd;3ddcb31588ccb5f9332f3c8ae5a47d10e537deb7ab5f32ddb007b4836bb2f179;2026-09-28T19:47:05.797752+00:00;false
LOC-0045;LOC-0017;BICYCLE;2026-08-17T07:00:00+03:00;OK;840;14;3992;LOCAL_VALHALLA_MATRIX;2bff35e7b7c0ad7f8d6ff35b413b9ee9850c4aec04c7dabb87eebcda85146568;fa29c0b97b88328d85d2bd1e3aa708a2ba04b83ba064a57850ed04f9714067b2;2026-09-28T19:47:05.797752+00:00;false
LOC-0045;LOC-0018;BICYCLE;2026-08-17T07:00:00+03:00;OK;875;15;4187;LOCAL_VALHALLA_MATRIX;1567a8b02564a811e73defeeda7cb080a7dc13b00ed4bf877ef2a26c24664758;978896b007b7d50d32c1208c2516c99bdf3708ad88756ac094da353063de38f7;2026-09-28T19:47:05.797752+00:00;false
LOC-0045;LOC-0019;BICYCLE;2026-08-17T07:00:00+03:00;OK;2019;34;9728;LOCAL_VALHALLA_MATRIX;c168e51b833587e96d9ab3ed985876276b6459553c806a3b7cba9b8d3626dc06;d38c49f6d25051a3117fce754301d1ac15360fdd5e5e66cc0e4ca19bf094fae7;2026-09-28T19:47:05.797752+00:00;false
LOC-0045;LOC-0020;BICYCLE;2026-08-17T07:00:00+03:00;OK;1918;32;9250;LOCAL_VALHALLA_MATRIX;65cce3a340045fba2df1e547634f62614507f5a327efc5af17381476db929b5f;6f5e3a184ec293feab299f857738368b4b74c1b66a3e7be76a53a4862de8e433;2026-09-28T19:47:05.797752+00:00;false
LOC-0045;LOC-0023;BICYCLE;2026-08-17T07:00:00+03:00;OK;1248;21;5921;LOCAL_VALHALLA_MATRIX;c920aae2b373a5c66cdff54c0520b38cd05b5b89f92fb026aabe59792feda931;5744f31b05ab0517c2581a19d299d412716f412aa5211c4a0a636829b422aff3;2026-09-28T19:47:05.797752+00:00;false
LOC-0045;LOC-0027;BICYCLE;2026-08-17T07:00:00+03:00;OK;645;11;3118;LOCAL_VALHALLA_MATRIX;21f9b0f15b436aa21f68e187f6be49ce1e4635ada76f9df9370bae913316ce78;bf02ec621354783bf8269bdd7e184b4e68d7b26a50991c5efc53f0562d44150d;2026-09-28T19:47:05.797752+00:00;false
LOC-0045;LOC-0028;BICYCLE;2026-08-17T07:00:00+03:00;OK;997;17;4488;LOCAL_VALHALLA_MATRIX;6fb35593a80c82e42607f9e43c7d8ebd6dcabe0038c9443a10929a8955fbebf9;5502cd7ff35c1b06f341b8d78624abb907c481b3803eb4a1f3192f36d6b3cac8;2026-09-28T19:47:05.797752+00:00;false
LOC-0045;LOC-0029;BICYCLE;2026-08-17T07:00:00+03:00;OK;915;16;4097;LOCAL_VALHALLA_MATRIX;519f4a0d2c7fd7025ce1512d9a9af23f643dd68ba0295e71e612529a6d82b27f;3895280ef83d03a3721fbf3d1352118435e7468661f4c632e3f48b10980f881f;2026-09-28T19:47:05.797752+00:00;false
LOC-0045;LOC-0037;BICYCLE;2026-08-17T07:00:00+03:00;OK;1715;29;8142;LOCAL_VALHALLA_MATRIX;a41dfe79327ef63107cc3415b166e0279960b652346acb5820e2508077964775;ed6e77556349093b112c576437541a8ebae5e9d8d38f5b9c3ac55d317f708bb6;2026-09-28T19:47:05.797752+00:00;false
LOC-0045;LOC-0045;BICYCLE;2026-08-17T07:00:00+03:00;OK;0;0;0;LOCAL_VALHALLA_MATRIX;472b5f5a2d9b0b0ac08d77ace0931891e89edd7ec08f8693b90fb85d09d40693;3d5812abc84c11768aa73a732c85d75dbed439188f5bb3239e9b762ea31d9862;2026-09-28T19:47:05.797752+00:00;false
LOC-0045;LOC-0053;BICYCLE;2026-08-17T07:00:00+03:00;OK;1831;31;8642;LOCAL_VALHALLA_MATRIX;7c5efddbf4fab549da40e77ca9a5652ece71b17b8361a5f2362c007bef48f4ed;d8add4d2556f73ab4821a8b6901d4dbee74d8391c36835c2918d095ed05acdb1;2026-09-28T19:47:05.797752+00:00;false
LOC-0045;LOC-0054;BICYCLE;2026-08-17T07:00:00+03:00;OK;1693;29;8088;LOCAL_VALHALLA_MATRIX;de05d0cbd6e59f7cf973ed31a589137a8f838b31fd4a8c1779d7e7daf658264d;a1c7cbace43649439b143f604a7b71b1da492a5ea21d3c081761e838880890bc;2026-09-28T19:47:05.797752+00:00;false
LOC-0045;LOC-0061;BICYCLE;2026-08-17T07:00:00+03:00;OK;1677;28;7896;LOCAL_VALHALLA_MATRIX;faf7ae99efe618ff900d5e44d998e3a67aed2f89671cfab7c61d1658ad39fadf;efbf08c235ed178f21aead35c9f0f5cf47af0359fa3b46eb86d5cda589944fd4;2026-09-28T19:47:05.797752+00:00;false
LOC-0045;LOC-0063;BICYCLE;2026-08-17T07:00:00+03:00;OK;741;13;3403;LOCAL_VALHALLA_MATRIX;821e256334531f010f8441796ab06516eb12d4403773009ef7846ac23b189d5c;2e685f65f7c97d0786bb2222e7c07775e47e9e25a6bf8e0be7875f50f3e63d4e;2026-09-28T19:47:05.797752+00:00;false
LOC-0045;LOC-0064;BICYCLE;2026-08-17T07:00:00+03:00;OK;582;10;2706;LOCAL_VALHALLA_MATRIX;54c77226f1c524dace37826f81dcb052a6c8206ec29cf2d67220ddd1a20af397;390653b5535f8d39912980e704865c2518bb52013edf538e915fedf0b3fb0eac;2026-09-28T19:47:05.797752+00:00;false
LOC-0045;LOC-0074;BICYCLE;2026-08-17T07:00:00+03:00;OK;922;16;4438;LOCAL_VALHALLA_MATRIX;3b459c3b356fc197ba2de56ec80a716c277cc9ad90193568d6c211cb113e794e;ae4c2bd1c61d275b165d0e1942c4a0e7cec4b7bc6e4758ccc3da9d237bba7913;2026-09-28T19:47:05.797752+00:00;false
LOC-0045;LOC-0075;BICYCLE;2026-08-17T07:00:00+03:00;OK;903;16;4345;LOCAL_VALHALLA_MATRIX;34a6ff233e0d44d284a3ec61f6120bee0ab44cdc1a8ef0b712e436e8db90020f;df3f0babf7032a1f938b50eb51a3b5979cc7915c88f61732c33cf6e3a2324b7d;2026-09-28T19:47:05.797752+00:00;false
LOC-0045;LOC-0076;BICYCLE;2026-08-17T07:00:00+03:00;OK;1555;26;7160;LOCAL_VALHALLA_MATRIX;938b7665cc9f8190c368695adf780e846f20bbc7b1a3ff69b6f881c8a5e9c7e6;82ffd55d3017f1318de5e5491d96704bce66952968a3b5428768836cbf75eeed;2026-09-28T19:47:05.797752+00:00;false
LOC-0045;LOC-0078;BICYCLE;2026-08-17T07:00:00+03:00;OK;366;7;1677;LOCAL_VALHALLA_MATRIX;fecc3f69fe4d6254b10c18d5395f8fd85e93a36f406f243181d1e8071155efc5;56bee0f1496454e261e828de28aaef5c2e5fc501a1cf4945f830345562726ddd;2026-09-28T19:47:05.797752+00:00;false
LOC-0045;LOC-0080;BICYCLE;2026-08-17T07:00:00+03:00;OK;1016;17;4876;LOCAL_VALHALLA_MATRIX;b069b44c3b3beb09d6174724a7c9b51760cb7d0c3a1374aa8143343312e2e3a6;be0576a7b1c8537cb33a26e9dff015acf455bb3936b8b26e4e0a50f3d620f2f2;2026-09-28T19:47:05.797752+00:00;false
LOC-0045;LOC-0082;BICYCLE;2026-08-17T07:00:00+03:00;OK;583;10;2756;LOCAL_VALHALLA_MATRIX;c8ca09129241a7f6498b972f2dbf3e4d79d9386a3cc7d1e17259cafc046c1a29;d13fb16ed35075f65d3e949cb6bf1fc7514c5dcec479ff4eb95129890060ca9f;2026-09-28T19:47:05.797752+00:00;false
LOC-0045;LOC-0085;BICYCLE;2026-08-17T07:00:00+03:00;OK;1944;33;9339;LOCAL_VALHALLA_MATRIX;683c637d0cf9e391389d5cc3a425100a7b2a1b6aa288bcf6572d79e2bad25726;823bff9c149511f4cbc4405cc2f065d77589f2643291bdda1ced8dd25b9a05ce;2026-09-28T19:47:05.797752+00:00;false
LOC-0045;LOC-0086;BICYCLE;2026-08-17T07:00:00+03:00;OK;1990;34;9403;LOCAL_VALHALLA_MATRIX;d8e98c317ef1d37139263158bad8932ba99f57fd11d39255c8957d59fb1cfe82;4a43371568966697dfa37e8cc7851cf686b177fd25641df289196e0082c5ec76;2026-09-28T19:47:05.797752+00:00;false
LOC-0045;LOC-0091;BICYCLE;2026-08-17T07:00:00+03:00;OK;1747;30;8383;LOCAL_VALHALLA_MATRIX;06d87f2db9ea51d6d22b1fe9e7f4c259642a65017d6c2b98824584485e07ad1b;ccd2aa16cb6310f9de575a7ec0c42aaf71d141bd32526cd21930cb28d5831681;2026-09-28T19:47:05.797752+00:00;false
LOC-0045;LOC-0092;BICYCLE;2026-08-17T07:00:00+03:00;OK;1612;27;7798;LOCAL_VALHALLA_MATRIX;2089b074fe8e8eac5e66551d2500047b78bb0046c1fcbd478d9b2e58ae0de33a;0e8dd1bb9154ffd55c6ba035a801c6c65b3112454d19ec069e554e8e9f55c70c;2026-09-28T19:47:05.797752+00:00;false
LOC-0045;LOC-0093;BICYCLE;2026-08-17T07:00:00+03:00;OK;1604;27;7608;LOCAL_VALHALLA_MATRIX;3c87d3e06b4dddef189d579ff9ebfdeefd30f7f162e3c9b61c8c8685f129bc3c;c133852fdee191539d67c14bfb3519dc97ffff44d0dd2238b04aab74eebeb636;2026-09-28T19:47:05.797752+00:00;false
LOC-0045;LOC-0094;BICYCLE;2026-08-17T07:00:00+03:00;OK;2102;36;10089;LOCAL_VALHALLA_MATRIX;88b8ca89022f34362f49d13ba35146c8468871b1aabf8e35820e29034af55c8b;43e7b245889ceb7bf78bc37d3d5a7f051317b78c8f77f22befbb6be173a7c518;2026-09-28T19:47:05.797752+00:00;false
LOC-0045;LOC-0095;BICYCLE;2026-08-17T07:00:00+03:00;OK;2281;39;10907;LOCAL_VALHALLA_MATRIX;85e3e1e123d4069af0aa641c39cb2eb1e166832e71776846f92d048dfc32ac84;4b9a16b764a59c409f324742135f5882cc73963675b2dc6616596c3d1a4cbe86;2026-09-28T19:47:05.797752+00:00;false
LOC-0045;LOC-0102;BICYCLE;2026-08-17T07:00:00+03:00;OK;743;13;3524;LOCAL_VALHALLA_MATRIX;c07b1af18eaee5212117110a27e1ef69f4411e176d3760bd4536bdbc01ab7660;dfb882456baaf69daecc2ac3b7eb7d08d2415e30a8ea57e3914fccd64e90328b;2026-09-28T19:47:05.797752+00:00;false
LOC-0045;LOC-0112;BICYCLE;2026-08-17T07:00:00+03:00;OK;1230;21;5972;LOCAL_VALHALLA_MATRIX;fba1c1ed341dcaeff852ecd9e71483ed7e431e585d9f443798ebb2e894d4b362;a7c774337d33542eb972108adbc8cb42bcc708846c90ca05cc090ebcabfe92f0;2026-09-28T19:47:05.797752+00:00;false
LOC-0045;LOC-0124;BICYCLE;2026-08-17T07:00:00+03:00;OK;1455;25;6847;LOCAL_VALHALLA_MATRIX;20f251facdc86187abe476792339f7274e6cc94aca03c7013063150fdb43c371;eae54580334123a9cc7b6b28afc3fcf4de386089bdc2b71706ee36c7a19026ea;2026-09-28T19:47:05.797752+00:00;false
LOC-0045;LOC-0125;BICYCLE;2026-08-17T07:00:00+03:00;OK;1052;18;5030;LOCAL_VALHALLA_MATRIX;3d0e16803464a4f26bdb4bf97b8b0775a344e69e178154a9f713f27ab859206a;59e63f4572925b26ba3ffde5219b564550742b6c82132b7af2cbeec6d11a8c88;2026-09-28T19:47:05.797752+00:00;false
LOC-0045;LOC-0126;BICYCLE;2026-08-17T07:00:00+03:00;OK;1072;18;5165;LOCAL_VALHALLA_MATRIX;dc80ab04a4a26df6812fdc300b339adf5125da4f09f0ee1c65b0372f67c068f0;d76e7f040b403f3956d9a08d1d93f6df6514cb43eb28528292b63687976f428e;2026-09-28T19:47:05.797752+00:00;false
LOC-0045;LOC-0128;BICYCLE;2026-08-17T07:00:00+03:00;OK;1640;28;7785;LOCAL_VALHALLA_MATRIX;cbd933e37d822b836d020d290cdc2a6ba980d067b95bb217188b90ce6c20b960;3b23f9c5d7412ba89c143c385caecac6a8d75243d09b46d1187522da686efce7;2026-09-28T19:47:05.797752+00:00;false
LOC-0045;LOC-0134;BICYCLE;2026-08-17T07:00:00+03:00;OK;1740;29;8381;LOCAL_VALHALLA_MATRIX;b2667c102202c08fc043a15f71e5ad9c264328647fe86cf53bf30f4a4bac0812;2bbed0bbdb53b099bedb816ce70312655e498e6ddfd1402ba3937c8d108743d3;2026-09-28T19:47:05.797752+00:00;false
LOC-0045;LOC-0135;BICYCLE;2026-08-17T07:00:00+03:00;OK;1738;29;8365;LOCAL_VALHALLA_MATRIX;6937448ce5ad8ab8f9c6dd4bc0671c05140ec4986e54f1e1c02c442396781b8d;f1f424112671733effff50db7fd9ca9d6b07c0a48c53b1921a78ded51a3535e6;2026-09-28T19:47:05.797752+00:00;false
LOC-0045;LOC-0136;BICYCLE;2026-08-17T07:00:00+03:00;OK;1879;32;9011;LOCAL_VALHALLA_MATRIX;ab121a11be7027adb61a3e77228e7451406378f8623beb008f5f2e6591c063cc;1183abd2ea3ceecba858f62c5852a5b2c1e12da576b833979a4cf78d2de73bb5;2026-09-28T19:47:05.797752+00:00;false
LOC-0045;LOC-0140;BICYCLE;2026-08-17T07:00:00+03:00;OK;1908;32;9010;LOCAL_VALHALLA_MATRIX;4d463d30d97c323996fcd69bf490c17d168fae37b56eda2f59055dccd0396595;880c88d3698fe5cff11fbb56df4a30357963b8e0610bbb910abaaef05f07687c;2026-09-28T19:47:05.797752+00:00;false
LOC-0045;LOC-0141;BICYCLE;2026-08-17T07:00:00+03:00;OK;1646;28;7638;LOCAL_VALHALLA_MATRIX;0b27bca357e274c2f354826a5db9cb0eae092b9c086c78bd6de94816de206f30;9e8eb64f9d9930da073bdd67b08f27c9f688307fe7a3a86eab127c9c3cb8aeff;2026-09-28T19:47:05.797752+00:00;false
LOC-0045;LOC-0142;BICYCLE;2026-08-17T07:00:00+03:00;OK;1738;29;8075;LOCAL_VALHALLA_MATRIX;d64cacebbfec2683189705a690e9728876ac337730e962687a6d10026af33ab3;7d26b67e74f8e9a3c997007c8a3776867ee7c821dfb2cb78a6bd47c302fae7c6;2026-09-28T19:47:05.797752+00:00;false
LOC-0045;LOC-0145;BICYCLE;2026-08-17T07:00:00+03:00;OK;1626;28;7912;LOCAL_VALHALLA_MATRIX;6d51072e608709cf2a4437d24a9bd793e48ae3de88c834d3c49a400c27c10dd5;bbb36067cde51f9257256118b0a28dc07a148e619672940dc77400100d0a12e3;2026-09-28T19:47:05.797752+00:00;false
LOC-0045;LOC-0148;BICYCLE;2026-08-17T07:00:00+03:00;OK;863;15;4170;LOCAL_VALHALLA_MATRIX;cc6f2a1b1ce5b86e663d3c1f96b063985c6c0471a0e818e0e91f108e41559dc4;f8528c1275b9a4014b3fa54823cb071af44f3c745c6d3c1be4d8d2a39a267387;2026-09-28T19:47:05.797752+00:00;false
LOC-0045;LOC-0149;BICYCLE;2026-08-17T07:00:00+03:00;OK;809;14;3911;LOCAL_VALHALLA_MATRIX;a25cc3ccc7a937227c80b8ec3ec9e2b9b9c04fc03871f04e73509eac088a711e;2e5c4f177026edce0cbb01da38db9eeccb3213aa7b2130691df0b31469811148;2026-09-28T19:47:05.797752+00:00;false
LOC-0045;LOC-0150;BICYCLE;2026-08-17T07:00:00+03:00;OK;772;13;3730;LOCAL_VALHALLA_MATRIX;11f0de424c83575ddbad3fb73e28d53a06bd93523e06338780cf2b3e676398f2;696d98aa259536ee10b462c6ed66503f4044ebe7b13a01e9b158e302dff11cf5;2026-09-28T19:47:05.797752+00:00;false
LOC-0045;LOC-0151;BICYCLE;2026-08-17T07:00:00+03:00;OK;951;16;4575;LOCAL_VALHALLA_MATRIX;ffd80ba2b99a4a5cf4d766dbea8ec3342d70a1b34cd77b248a8e49c1845b345a;0fe4024a46c59d71ce997c1c43bbdc0a8b8e2e6c0dd14a96252362dcf98ad58d;2026-09-28T19:47:05.797752+00:00;false
LOC-0045;LOC-0152;BICYCLE;2026-08-17T07:00:00+03:00;OK;953;16;4567;LOCAL_VALHALLA_MATRIX;32c515b273b0948e49529a220bc7d4334575121b3c12e665d51449e2d2257459;affdd4d425654e6a0a3c957aea8749fb7776e80fd2a291df3289c1b892846415;2026-09-28T19:47:05.797752+00:00;false
LOC-0045;LOC-0190;BICYCLE;2026-08-17T07:00:00+03:00;OK;1529;26;7372;LOCAL_VALHALLA_MATRIX;2111dea0e5fddc73d465ca706e6d3c70dbf332ee699e6e1c49dbc6383e584943;9647e9dbbeb3f2cb67a66b3f71f80f28fbd2c270a0992e65260ee6439cf71b98;2026-09-28T19:47:05.797752+00:00;false
LOC-0045;LOC-0196;BICYCLE;2026-08-17T07:00:00+03:00;OK;1334;23;6274;LOCAL_VALHALLA_MATRIX;5e731d4d98578f1b454554fb36675938ab26112abac6ab8be94c092d2cbb4523;7c09f1e7ca45c580c58639d82c273e48fee54f8505d9606e86c7c2712f7deda6;2026-09-28T19:47:05.797752+00:00;false
LOC-0053;LOC-0002;BICYCLE;2026-08-17T07:00:00+03:00;OK;1181;20;5679;LOCAL_VALHALLA_MATRIX;6af5330d53ec59eaa699d3599a6a5c968af3d1d1a7a423afd166e42e3f6cd596;e713777382965194cc3c0c61707c9c20839f481b700549a2b23753a32eea99fa;2026-09-28T19:47:05.797752+00:00;false
LOC-0053;LOC-0008;BICYCLE;2026-08-17T07:00:00+03:00;OK;2427;41;11705;LOCAL_VALHALLA_MATRIX;b55ef78c871302ac4dbd504bd2404f1263aa2c522735d2464d84bf8ab17b1b09;6bcee648614f34fe501c43d6139a90b895b3906ce004e5040fd5b44fa56e5141;2026-09-28T19:47:05.797752+00:00;false
LOC-0053;LOC-0009;BICYCLE;2026-08-17T07:00:00+03:00;OK;2383;40;11395;LOCAL_VALHALLA_MATRIX;b8f89e4d474283ad0cd6f6fa8f9d872535fcf0a3c98bf86202b729015b8566af;8464fa194ada254bcf9a5057a142bba935234697655c798a83e735ab5c17d776;2026-09-28T19:47:05.797752+00:00;false
LOC-0053;LOC-0010;BICYCLE;2026-08-17T07:00:00+03:00;OK;2466;42;11840;LOCAL_VALHALLA_MATRIX;7011b7f6fe6412540720715a3129b2face9532d808b2b81ef995451427801453;8fd2a8258453671369c4ff36efae2d02c47e931bf7b8ae4828dd4eab24ba4506;2026-09-28T19:47:05.797752+00:00;false
LOC-0053;LOC-0011;BICYCLE;2026-08-17T07:00:00+03:00;OK;2196;37;10576;LOCAL_VALHALLA_MATRIX;5ca4a54fa237b1ba4bd8bc8f0a3b13eff48744adfca853369cd3e0528e1a9a99;4ace692e3c4f064e480806d7d291cb07da1b9227bdeb54a8ede0a2e269bae490;2026-09-28T19:47:05.797752+00:00;false
LOC-0053;LOC-0012;BICYCLE;2026-08-17T07:00:00+03:00;OK;2126;36;10262;LOCAL_VALHALLA_MATRIX;c44b2c67827549ddf66191f7245cd800d75bcdc421398b7c0e3cc27dd4e03435;9e9e561f520ee9fe282972e8418d559de5ff176164b97f21275d9854fcd37a47;2026-09-28T19:47:05.797752+00:00;false
LOC-0053;LOC-0013;BICYCLE;2026-08-17T07:00:00+03:00;OK;1292;22;6231;LOCAL_VALHALLA_MATRIX;fd4bbbee7e7cb7d6edba31e0b1fc292b0a46d43cf312266c06ef9c808650087d;8a1c6c0367c6ceb3bf83322984b5b751aa0a702bf85ca28853ae443147b5fb15;2026-09-28T19:47:05.797752+00:00;false
LOC-0053;LOC-0016;BICYCLE;2026-08-17T07:00:00+03:00;OK;387;7;1736;LOCAL_VALHALLA_MATRIX;aaff1124bd1eeb26fb00b1f3cfac8206bcfbd992838ebc6030543098039a0c60;39c3bf034866b3fd1e6aa076b4ef955b5b7f632c2c6d5973d3fca654d8153049;2026-09-28T19:47:05.797752+00:00;false
LOC-0053;LOC-0017;BICYCLE;2026-08-17T07:00:00+03:00;OK;2553;43;12063;LOCAL_VALHALLA_MATRIX;6530994d9c252002ea737f0b52887398861ecae1b9b2e15d8b9210fc1b110b21;0a608cd9e6be68d67db42a6bfa4d6ea6ce890790533d991b9c2a25791e4a617e;2026-09-28T19:47:05.797752+00:00;false
LOC-0053;LOC-0018;BICYCLE;2026-08-17T07:00:00+03:00;OK;2589;44;12258;LOCAL_VALHALLA_MATRIX;4e3cdc63264541ef3f1fdd4db0c936cb6bb4a24f09efa4977c6dd6e64f157323;c658f9c109bab2a0d0e2ce6fb06e2de150ddd348096d1a46821b057bb6fdbff4;2026-09-28T19:47:05.797752+00:00;false
LOC-0053;LOC-0019;BICYCLE;2026-08-17T07:00:00+03:00;OK;2507;42;12100;LOCAL_VALHALLA_MATRIX;8c617a49f0bfb9adb8ea35974e816bc19e75a377be32fd570884b2c762e16807;17d691cd2a5c41d589863a1b79436e4b5764bfe050fe7a0e628b51f6d912928b;2026-09-28T19:47:05.797752+00:00;false
LOC-0053;LOC-0020;BICYCLE;2026-08-17T07:00:00+03:00;OK;2764;47;13287;LOCAL_VALHALLA_MATRIX;6ca561667036cc82b889ce6ff7f25c9fb9405b0c2f1cbf6e3378a0543edf6810;68b8eea0c69d0b6f7bedeff44fa8227ad95cf9fe9d77bd4d64d2ff08639efdb0;2026-09-28T19:47:05.797752+00:00;false
LOC-0053;LOC-0023;BICYCLE;2026-08-17T07:00:00+03:00;OK;2695;45;13012;LOCAL_VALHALLA_MATRIX;b385b094b33af4d04c90b0c37fd2069ca86ce98dc9761fd5e06e6e3ae8ea0b4c;799144be143c024265a9b5bd0c5be33295d1548753ba792280ddf8f331d54049;2026-09-28T19:47:05.797752+00:00;false
LOC-0053;LOC-0027;BICYCLE;2026-08-17T07:00:00+03:00;OK;2389;40;11144;LOCAL_VALHALLA_MATRIX;bb49d11614aa149fe854c7b3b59f67bda50accbf76bc571758b4abae3f0415ae;dbf8473483c8c8b51d7561ade5a87bcb543775fb6ca35184806b1922c1c6fdc5;2026-09-28T19:47:05.797752+00:00;false
LOC-0053;LOC-0028;BICYCLE;2026-08-17T07:00:00+03:00;OK;1423;24;6667;LOCAL_VALHALLA_MATRIX;aa37cc902135326576218ed845f7c49a17c40bbf9dbfb0ad06237fcf190d2ebd;97ffc8a06e480c86831f260a603cde2717b3e3ead7d5de5a99fb90314834d999;2026-09-28T19:47:05.797752+00:00;false
LOC-0053;LOC-0029;BICYCLE;2026-08-17T07:00:00+03:00;OK;1385;24;6538;LOCAL_VALHALLA_MATRIX;99659f0d8a21580b04da2c9228194f6709992fc1aa4fab4e7b38554c4a60f36b;c5e42fc1eb086d2e55f44ae0929b79a06663bf0338498f718ed0853aa9f483d4;2026-09-28T19:47:05.797752+00:00;false
LOC-0053;LOC-0037;BICYCLE;2026-08-17T07:00:00+03:00;OK;1157;20;5645;LOCAL_VALHALLA_MATRIX;371799882df727214aa805d00483ea96cfeb34ac858e46f7bbb3883775e8c8e2;6306c763115554a624af758d630b260634b5f38fd19618923033a004bc305614;2026-09-28T19:47:05.797752+00:00;false
LOC-0053;LOC-0045;BICYCLE;2026-08-17T07:00:00+03:00;OK;1998;34;9493;LOCAL_VALHALLA_MATRIX;3a7786c134bb19c9bda81215422ec129d0ca830419e0d764995dcb7e916dcf6c;72d2e59df30acd731eed91ee237a88fdc1bd169036b4dce9754aa408fda7e91a;2026-09-28T19:47:05.797752+00:00;false
LOC-0053;LOC-0053;BICYCLE;2026-08-17T07:00:00+03:00;OK;0;0;0;LOCAL_VALHALLA_MATRIX;f23f1348dd378f130c9db705203f5d527f1b3906e7e2b7c25e5d8b81b60dbd89;3d5812abc84c11768aa73a732c85d75dbed439188f5bb3239e9b762ea31d9862;2026-09-28T19:47:05.797752+00:00;false
LOC-0053;LOC-0054;BICYCLE;2026-08-17T07:00:00+03:00;OK;1408;24;6824;LOCAL_VALHALLA_MATRIX;c8ee1ff019cfad166f338ed20b422a442798d27f6ccdff0a0bc66fcddb2daaf8;7a99c4f3fa16765b13421ecaba118bb86c7bb3ae2e9d5a7114872557d0d1a3a7;2026-09-28T19:47:05.797752+00:00;false
LOC-0053;LOC-0061;BICYCLE;2026-08-17T07:00:00+03:00;OK;2164;37;10268;LOCAL_VALHALLA_MATRIX;408fb45a085d031fbb18db525c101dc454a93b85e282a34e2a4cf8290de0461a;93e2b32bfd2f8f20213f749062086c833f67e82aba286a82000a7f47d0a2a067;2026-09-28T19:47:05.797752+00:00;false
LOC-0053;LOC-0063;BICYCLE;2026-08-17T07:00:00+03:00;OK;1347;23;6335;LOCAL_VALHALLA_MATRIX;26458d9dc3d7446e233c9f0b8cdb18ac8b6d4b322c16495e4fccb8f624b82ee8;c2a05084148e2969fbfe9f7cecb9e76ed1591060e5810cfc724f8d1f4b3ee825;2026-09-28T19:47:05.797752+00:00;false
LOC-0053;LOC-0064;BICYCLE;2026-08-17T07:00:00+03:00;OK;1489;25;6979;LOCAL_VALHALLA_MATRIX;16193c1a310ad5729a2ce4f08034b5a4cc0f9e26e3cc9e8c7e56929b68ac0243;5517d648e07f37d7a9d108d277b6bb73b6e81c6e0662336585f5b3f2a0afc921;2026-09-28T19:47:05.797752+00:00;false
LOC-0053;LOC-0074;BICYCLE;2026-08-17T07:00:00+03:00;OK;2437;41;11667;LOCAL_VALHALLA_MATRIX;e2c67dadb145148bd917ccb872f360aa7a5e642e6548b9c06409ab143354fff6;04c764e5815407c69fe99f7f35b5d7ba54b217c8f9b540549cdad13cee4fd19f;2026-09-28T19:47:05.797752+00:00;false
LOC-0053;LOC-0075;BICYCLE;2026-08-17T07:00:00+03:00;OK;2791;47;13464;LOCAL_VALHALLA_MATRIX;e2a41746a9329f3d51cedb18f3a1e97379664a0f41f827d6e39afede99a7bbef;bd3c9675ab0732fd0466f94c5bec9531f384e6771771174bfad3334a2dc4e090;2026-09-28T19:47:05.797752+00:00;false
LOC-0053;LOC-0076;BICYCLE;2026-08-17T07:00:00+03:00;OK;403;7;1727;LOCAL_VALHALLA_MATRIX;4aad0abff4529abf483e94644022a5b5903b0e85ffa2ad709243ff6503d8bb6a;2078f99e5eaed71ca97d3cc5e51bb4d58f3d3a635399e0fe0383b34477dcadd7;2026-09-28T19:47:05.797752+00:00;false
LOC-0053;LOC-0078;BICYCLE;2026-08-17T07:00:00+03:00;OK;1769;30;8298;LOCAL_VALHALLA_MATRIX;cbd8c34c1f5eb05314dbb692ae5d9833ed9de9843a09d98adb721c9255523a76;2769d9ffa2c688b562fc65806b8c0f938db6e3e8bd08bac46fad0dd56054ce62;2026-09-28T19:47:05.797752+00:00;false
LOC-0053;LOC-0080;BICYCLE;2026-08-17T07:00:00+03:00;OK;2472;42;11837;LOCAL_VALHALLA_MATRIX;377eb823c4a4bf1e5cbf7a1858a0a9dd9854dd813febd5e9a37dbbb9ee02545f;4dab27bda6ebe7eb5cb8644d1f49b7fdbd2f3b223e963326751649555c9151f3;2026-09-28T19:47:05.797752+00:00;false
LOC-0053;LOC-0082;BICYCLE;2026-08-17T07:00:00+03:00;OK;1344;23;6363;LOCAL_VALHALLA_MATRIX;3b9b9756ea7e248a471fc7d22fd0bfc55f14ec5d2865273de06ee98108ddc806;d9e6577c0362c65645272c717a0e44009d73e92f9c3b01cc0cab8d1600a52c75;2026-09-28T19:47:05.797752+00:00;false
LOC-0053;LOC-0085;BICYCLE;2026-08-17T07:00:00+03:00;OK;1411;24;6792;LOCAL_VALHALLA_MATRIX;02605501f089513356d49fcc294842487f88bcc6e33fa23fbeed12acbfb818f2;5ecbff46af351e8a4135cfae33fad19ad10ad0cb34709ee2575b8c1937518b53;2026-09-28T19:47:05.797752+00:00;false
LOC-0053;LOC-0086;BICYCLE;2026-08-17T07:00:00+03:00;OK;1457;25;6856;LOCAL_VALHALLA_MATRIX;092e745d46eeecadba87b17fd7c6e8791050fff56e824edde667a520fcb57ba9;d6ac3de88210c1d83bbad6c6a08872601e9d1cf1b85c8ae259d4d634b53e40b6;2026-09-28T19:47:05.797752+00:00;false
LOC-0053;LOC-0091;BICYCLE;2026-08-17T07:00:00+03:00;OK;2419;41;11646;LOCAL_VALHALLA_MATRIX;9772f22f0a1c471b969891ea9f654bd055754de3540285373145685ef17dfe91;aaf4588b4db9e3b86810fd92a3600eecde17352d686e341591dcc6373361fee5;2026-09-28T19:47:05.797752+00:00;false
LOC-0053;LOC-0092;BICYCLE;2026-08-17T07:00:00+03:00;OK;2452;41;11797;LOCAL_VALHALLA_MATRIX;0813a094483bd34bd9201ade0bdc3fcf7d880fcbd6426852b3e4cdd6813c9c86;7a7f4cdf884110bf98726272304a1bff94e572fc7364b2570a754cbcb4991e76;2026-09-28T19:47:05.797752+00:00;false
LOC-0053;LOC-0093;BICYCLE;2026-08-17T07:00:00+03:00;OK;2486;42;11798;LOCAL_VALHALLA_MATRIX;415fbccfaad7824366c23ce50d84161903169e855f3a09acfcf596220e3d39b9;6cdcd413a8ebc310f6fb087d9f4ab093c3d89517ea723faba1874d2b65884262;2026-09-28T19:47:05.797752+00:00;false
LOC-0053;LOC-0094;BICYCLE;2026-08-17T07:00:00+03:00;OK;1570;27;7542;LOCAL_VALHALLA_MATRIX;5f3713793157fbd095aa00e05dedd1ad605b41635dc73729fb7b10f02505a897;08bb1c7f8d814c8eacef443aa7c5a39150ac392c676fa430623e1bbbfe62523f;2026-09-28T19:47:05.797752+00:00;false
LOC-0053;LOC-0095;BICYCLE;2026-08-17T07:00:00+03:00;OK;1749;30;8360;LOCAL_VALHALLA_MATRIX;f886ae8aea3980692bf23702e32da77bc4f281af55f9d2c40243d3a5d9a13a8e;a4c06b1baaa6f8b90ecdf9c2f80fe042ae8a99e0b3c5463053c07743c899e376;2026-09-28T19:47:05.797752+00:00;false
LOC-0053;LOC-0102;BICYCLE;2026-08-17T07:00:00+03:00;OK;1473;25;7042;LOCAL_VALHALLA_MATRIX;5ae4d8d4f0dbb4cc2d88915b12c1d836d0dd937a08875733e5057827dd396013;131c835a02729a2a087aee84b80e90601521606ceb522dbab67941e267da1413;2026-09-28T19:47:05.797752+00:00;false
LOC-0053;LOC-0112;BICYCLE;2026-08-17T07:00:00+03:00;OK;2309;39;11175;LOCAL_VALHALLA_MATRIX;a3e144d0e76e5d3140874ed2aef2ba301b95f64477af23380e50d1c39db6fc56;ad760f9ea5894255640a53b08d0ffdfd00f97ccb19da75cea720fa2a694ff755;2026-09-28T19:47:05.797752+00:00;false
LOC-0053;LOC-0124;BICYCLE;2026-08-17T07:00:00+03:00;OK;2247;38;10736;LOCAL_VALHALLA_MATRIX;c06df11987fc5048bf195c1b945174d1b2c7e330411b38867a450539e0c7e470;4c1897fb5ee1c64575bffa4b8de40cc1bab5c6ab201da0e4110eb917751815a2;2026-09-28T19:47:05.797752+00:00;false
LOC-0053;LOC-0125;BICYCLE;2026-08-17T07:00:00+03:00;OK;2721;46;13006;LOCAL_VALHALLA_MATRIX;65aa142fe0f6b073e705d93a740dd4379dc420344702b0086c1a653ca549617f;7b3f5932155d8f43d3f801e44ba97e26466491382392c26503ec0a2f9c042cc1;2026-09-28T19:47:05.797752+00:00;false
LOC-0053;LOC-0126;BICYCLE;2026-08-17T07:00:00+03:00;OK;2085;35;10003;LOCAL_VALHALLA_MATRIX;e870d54da36e2c577228ce835ac8e3243aaf3fe6d9739bc412dfdbb1596bdf06;f164e391f21411d00711d34efc713f8c3116312d390fe7b5bab50b1ab421316c;2026-09-28T19:47:05.797752+00:00;false
LOC-0053;LOC-0128;BICYCLE;2026-08-17T07:00:00+03:00;OK;1203;21;5832;LOCAL_VALHALLA_MATRIX;515a000f4fb7ba91c3f56da069db922286b0278ab085fddb62ebd0c991a74989;433fd6dd211417270292b3ae822b28c63ebf1d67064f496c1899d327555bb152;2026-09-28T19:47:05.797752+00:00;false
LOC-0053;LOC-0134;BICYCLE;2026-08-17T07:00:00+03:00;OK;1207;21;5834;LOCAL_VALHALLA_MATRIX;ac280ea47ef30b6c1020f53a3b93f2350bc02690c1190f659ee4741ca1007718;0687d345a339848eb40fa185a61e50632efaab864f2ce0e5210f57a063b577da;2026-09-28T19:47:05.797752+00:00;false
LOC-0053;LOC-0135;BICYCLE;2026-08-17T07:00:00+03:00;OK;1205;21;5818;LOCAL_VALHALLA_MATRIX;b6b0e9caf14c917ff2d911ea173349de253fe50844cc0b73dbd52eaad42eb3b1;b0a47659f2e30830fa1317c083f73426134fdd54ed1e8fbb534993a7f3c59a43;2026-09-28T19:47:05.797752+00:00;false
LOC-0053;LOC-0136;BICYCLE;2026-08-17T07:00:00+03:00;OK;1351;23;6483;LOCAL_VALHALLA_MATRIX;856f241dccbccbf6749b29d4ac3bc1557446d641c306d15544e28121f6e93137;5b325b4e32e3acee18c40b29410f7f8a0a1393fc20984e7efc387e6c0ec0dd3e;2026-09-28T19:47:05.797752+00:00;false
LOC-0053;LOC-0140;BICYCLE;2026-08-17T07:00:00+03:00;OK;460;8;2153;LOCAL_VALHALLA_MATRIX;1de84b6624173d2559623d3b5bd4557164b7aac05117fa76bfc9c4586fbe8a4e;908972ac99a72d3454cf0fd49d17f4c776e8c00d258a77e315f75a4eec5dda2e;2026-09-28T19:47:05.797752+00:00;false
LOC-0053;LOC-0141;BICYCLE;2026-08-17T07:00:00+03:00;OK;2438;41;11527;LOCAL_VALHALLA_MATRIX;684d1a94bd42aa4a05ae73320a13a717b8b1219a2b308f37e0d77fef979df877;934e4aa65833fdc969bc17c0f6d91499e2c4c00825ec5ea6d834006d83d8173d;2026-09-28T19:47:05.797752+00:00;false
LOC-0053;LOC-0142;BICYCLE;2026-08-17T07:00:00+03:00;OK;2530;43;11964;LOCAL_VALHALLA_MATRIX;f04d516917f9df1bdfaf08de81969622eb39d9dc738353898da3bc3cfcebe447;eb9801ba2954e11e2f3555807a3ebce1e4c0c935d9cc60137863ab2684ec78c6;2026-09-28T19:47:05.797752+00:00;false
LOC-0053;LOC-0145;BICYCLE;2026-08-17T07:00:00+03:00;OK;2744;46;13179;LOCAL_VALHALLA_MATRIX;05be92b1f447ceec7e275052207219a3b4900a32efab853e2d266cf022cc967a;d22632b32d99a09b0575891d878e14666fe4b7becd6f3a4439e4db576692355e;2026-09-28T19:47:05.797752+00:00;false
LOC-0053;LOC-0148;BICYCLE;2026-08-17T07:00:00+03:00;OK;2823;48;13688;LOCAL_VALHALLA_MATRIX;c5785638348aaf9f157481977f0b67877d3ceafa2adc9c442c15550e2bb12dda;c64bd29c6f31589a8bd3fd6c73ac47bb80aca8c1bdbccfa248071d9595906103;2026-09-28T19:47:05.797752+00:00;false
LOC-0053;LOC-0149;BICYCLE;2026-08-17T07:00:00+03:00;OK;2731;46;13229;LOCAL_VALHALLA_MATRIX;0b7a0f375841416cd74527729b17ae87ddc219a6dda7eb79f14cbbe91a109690;971a5a7a01bdf6c69f3937e1fcfb2ff55c32802e816cae385e42ef6e0ad0123a;2026-09-28T19:47:05.797752+00:00;false
LOC-0053;LOC-0150;BICYCLE;2026-08-17T07:00:00+03:00;OK;2700;45;13068;LOCAL_VALHALLA_MATRIX;8c9712c395061f3f774d4e204a86965fac7c7f4f4799b9bcd4f6b953dd39a6ca;7ea8a7d9646b4b30dc837df0c8dcee60e08fb84cce7095b3bd89d042de1f9797;2026-09-28T19:47:05.797752+00:00;false
LOC-0053;LOC-0151;BICYCLE;2026-08-17T07:00:00+03:00;OK;2649;45;12631;LOCAL_VALHALLA_MATRIX;bbaa3435768d95a0001b07dee2456788ce7331e62f04b9bff9be4fb72a2484fa;e7f9c92e32724adf1d4d70b2eae76c674341ec91dbacde07a6d35d97f2501403;2026-09-28T19:47:05.797752+00:00;false
LOC-0053;LOC-0152;BICYCLE;2026-08-17T07:00:00+03:00;OK;2668;45;12723;LOCAL_VALHALLA_MATRIX;90d69027e858d7f5348993b4254e5a100cbff8d2d8050f53ff9f9e9d2db47f4e;9701e19dc4eb06e97b884b2c0f9c74b07e195ea0a1f4b60ada67ce9fe507a444;2026-09-28T19:47:05.797752+00:00;false
LOC-0053;LOC-0190;BICYCLE;2026-08-17T07:00:00+03:00;OK;1856;31;8970;LOCAL_VALHALLA_MATRIX;219e6ea91c5f13ae1b910539bcb54528159b5765c553876235635ea2e6c651d7;07fe5e20cbf9e7019017b5ede567df14c665fc76a2626f117563d0e88f5cf530;2026-09-28T19:47:05.797752+00:00;false
LOC-0053;LOC-0196;BICYCLE;2026-08-17T07:00:00+03:00;OK;3047;51;14345;LOCAL_VALHALLA_MATRIX;8ab4836b8fba0aba2ca6d2b1dfb06e34a311da19fac3c5699f58160962458151;6bf25b336f7f3eeb850339b4f0cfd1d79c3a12dc373c8690b548982cffa6b367;2026-09-28T19:47:05.797752+00:00;false
LOC-0054;LOC-0002;BICYCLE;2026-08-17T07:00:00+03:00;OK;813;14;3732;LOCAL_VALHALLA_MATRIX;5347d28ec0598b7a3139897e9ef3bac3eb31a186b933bb68378b1f518a75bd36;4db51d6f0e676bedd66c3dfefd2a07415abc29942ab278aed7ded47ab2cd5baa;2026-09-28T19:47:05.797752+00:00;false
LOC-0054;LOC-0008;BICYCLE;2026-08-17T07:00:00+03:00;OK;1147;20;5498;LOCAL_VALHALLA_MATRIX;7531eb803560d15a6e8751ab852be719b59c324d9d07c0a3373f55d681e017fa;de605c8976dc3798d38aaaf61707fbab50a7bcf93bcf08c91a918adab8fe49d6;2026-09-28T19:47:05.797752+00:00;false
LOC-0054;LOC-0009;BICYCLE;2026-08-17T07:00:00+03:00;OK;2906;49;13820;LOCAL_VALHALLA_MATRIX;d4fe458379c0aae9553623c89157e391db8832b53c5de4b98b9702a007937cdd;02c8f6cf1a9f1464149502b76e17136c4e4bdd2d218268cc491766a32df8f905;2026-09-28T19:47:05.797752+00:00;false
LOC-0054;LOC-0010;BICYCLE;2026-08-17T07:00:00+03:00;OK;1185;20;5633;LOCAL_VALHALLA_MATRIX;05f7b43ef9c0dda41b52664e2afd52ffa1be39ce285c74bc804671c3248462b9;9b805f9438e9106efb38b66db199cdb4ede85800132edbbb35c8b71b8e7b2d82;2026-09-28T19:47:05.797752+00:00;false
LOC-0054;LOC-0011;BICYCLE;2026-08-17T07:00:00+03:00;OK;1008;17;4818;LOCAL_VALHALLA_MATRIX;119942a3097921822cbf2190c30bab935dd16f2c04abfb312e990a31146602da;96e05abc9b77f67992df86677b6796f5aa155b6b2be26fdb841bec08b464c766;2026-09-28T19:47:05.797752+00:00;false
LOC-0054;LOC-0012;BICYCLE;2026-08-17T07:00:00+03:00;OK;846;15;4055;LOCAL_VALHALLA_MATRIX;8307cfb29318a2b4165c7268b079efedbf996ccf849e799a1530e86470d6d58c;f1d0d6fe7a5c722f8ef0520fe554c32c71a52ea3c8a21ea9404149a0967a51bd;2026-09-28T19:47:05.797752+00:00;false
LOC-0054;LOC-0013;BICYCLE;2026-08-17T07:00:00+03:00;OK;976;17;4653;LOCAL_VALHALLA_MATRIX;351b7264da79b6aacb41191dd2091cfc160f1981f431012d0439a275f9b4ac3a;23001196f899091b47ecf25b3f72eda30d569db1280c5ca75f9d3f176cc4bcf1;2026-09-28T19:47:05.797752+00:00;false
LOC-0054;LOC-0016;BICYCLE;2026-08-17T07:00:00+03:00;OK;1542;26;7380;LOCAL_VALHALLA_MATRIX;edbde32e0ab68fe31aaac885f530ada39b56a3e721d06779154fd61ceef7df5f;daff0bc1a5da0eb56d478084c4738ad6f4504df5f42f1b8996433f79a181621f;2026-09-28T19:47:05.797752+00:00;false
LOC-0054;LOC-0017;BICYCLE;2026-08-17T07:00:00+03:00;OK;1615;27;7730;LOCAL_VALHALLA_MATRIX;6acf80532a28487b13f011dd4bf82d1dae0cb0be92b6423f1181a20926756030;b380a1b57207ef16bccb55ceff127ae20e832bfe603065785285d0c13ed9164e;2026-09-28T19:47:05.797752+00:00;false
LOC-0054;LOC-0018;BICYCLE;2026-08-17T07:00:00+03:00;OK;1576;27;7538;LOCAL_VALHALLA_MATRIX;e43ffebc921c0932f00aabcb1a7c3887ca3b70a59cfd929760043fc0df798900;71377d881149b52fa7931fc92e1ba851f5800d7d72c98c13feec8fecc07ef5ed;2026-09-28T19:47:05.797752+00:00;false
LOC-0054;LOC-0019;BICYCLE;2026-08-17T07:00:00+03:00;OK;1226;21;5893;LOCAL_VALHALLA_MATRIX;a208ce6259e861f3e4135fe95b6718b3beccc220c5a0c0e10cd313c92df1a04e;f3fc5a3f6179296cc4f7893a8bdeda9eeffa4dc92768fc76aa932883db1a6989;2026-09-28T19:47:05.797752+00:00;false
LOC-0054;LOC-0020;BICYCLE;2026-08-17T07:00:00+03:00;OK;1484;25;7080;LOCAL_VALHALLA_MATRIX;97ebf6b253346bb6f9b63e7b02dfe6c691c1bbf7ca9c4468273bcc5a5c8d33e5;9d2094aab80aebdbdc182e35284ce6cb6097a91759479b92c063ee50ef428897;2026-09-28T19:47:05.797752+00:00;false
LOC-0054;LOC-0023;BICYCLE;2026-08-17T07:00:00+03:00;OK;1414;24;6805;LOCAL_VALHALLA_MATRIX;d628d7ed399da5b2dd1d6e19478162e3b1fee174176e2cd369a3af2b66f70f0d;6e3991893840bcc20fb2cb284f6b2d5f4d15ff04f13a5394e384f40ab6a615ec;2026-09-28T19:47:05.797752+00:00;false
LOC-0054;LOC-0027;BICYCLE;2026-08-17T07:00:00+03:00;OK;1457;25;6983;LOCAL_VALHALLA_MATRIX;2644d890e27d1606b836ed20d32782e2496b3715625bb0149581862629113b66;d093e0821736a2dc4fd7fed481879c5bf6aa1ed5aee377a2043f275ed3868201;2026-09-28T19:47:05.797752+00:00;false
LOC-0054;LOC-0028;BICYCLE;2026-08-17T07:00:00+03:00;OK;1551;26;7434;LOCAL_VALHALLA_MATRIX;b575239f4e3f3a498ca28a83e149e46bcfadcffd1c349e0a18e6bca8cc9961a7;317262d5988b27710b865dd3addbd784814c250aa0a8ce31bf86603226a37a4b;2026-09-28T19:47:05.797752+00:00;false
LOC-0054;LOC-0029;BICYCLE;2026-08-17T07:00:00+03:00;OK;1476;25;7057;LOCAL_VALHALLA_MATRIX;9ec0857234f538e9a4d491206cefea2712108ae4fbd43bbb8c0d9e941e4d0da3;614c8cc663cd90b631dde04dd6bcc8033221fbef442b2a8246dc8c976a9712dc;2026-09-28T19:47:05.797752+00:00;false
LOC-0054;LOC-0037;BICYCLE;2026-08-17T07:00:00+03:00;OK;263;5;1155;LOCAL_VALHALLA_MATRIX;e6471b7aa834e20e6558047caf3a1bc6ef89d8854b926a37e0087f40a8e22c1c;6f6e280904e776b6b4c4df0149525082c92efa7693d51534293dbf707651dbab;2026-09-28T19:47:05.797752+00:00;false
LOC-0054;LOC-0045;BICYCLE;2026-08-17T07:00:00+03:00;OK;1794;30;8561;LOCAL_VALHALLA_MATRIX;69f119685c22620738a68100dda1997cb97d00aa2a96d786136eb04fb8c1f88a;b7a536436419f25280ba5e68bc746a5a7880aba343879aa8a9fbdbd6b02a4eb4;2026-09-28T19:47:05.797752+00:00;false
LOC-0054;LOC-0053;BICYCLE;2026-08-17T07:00:00+03:00;OK;1511;26;7267;LOCAL_VALHALLA_MATRIX;93e3074a1db545c4a914fe845dce8410474061973e34b4a921aaf7f78186a68b;66bc6857ebf23938d75778af303e8e2f8e692de6c8d078e79f850024b1f09456;2026-09-28T19:47:05.797752+00:00;false
LOC-0054;LOC-0054;BICYCLE;2026-08-17T07:00:00+03:00;OK;0;0;0;LOCAL_VALHALLA_MATRIX;c4f4e4de487d80135ec09cd3d5629916b60f1262dd564ffd9a68c278b503f2fd;3d5812abc84c11768aa73a732c85d75dbed439188f5bb3239e9b762ea31d9862;2026-09-28T19:47:05.797752+00:00;false
LOC-0054;LOC-0061;BICYCLE;2026-08-17T07:00:00+03:00;OK;884;15;4061;LOCAL_VALHALLA_MATRIX;cba11a731d48ce88ea88b8eb4b2ce8ccd41d96dce35ec7ea5e342580e0ad103b;e0da2a81fb802d9c6da225a2baae14733a17bdc1e99fe665e366a8dbd0ca959c;2026-09-28T19:47:05.797752+00:00;false
LOC-0054;LOC-0063;BICYCLE;2026-08-17T07:00:00+03:00;OK;2141;36;10280;LOCAL_VALHALLA_MATRIX;3f2e43cef2ea0e6b97105a563c54873af86301fc72720fefffe88b6bd150353a;3be489f64ae01763df73490632bd373735e7d1de3ee043d196527e3dfbe91cdc;2026-09-28T19:47:05.797752+00:00;false
LOC-0054;LOC-0064;BICYCLE;2026-08-17T07:00:00+03:00;OK;1778;30;8477;LOCAL_VALHALLA_MATRIX;badaec123f0ead5549fb8e8714b0eeac1655afe93e8506dfbc78e28072fc62ac;05f29c77ae9c0ae6f6d03657c20ee18e2cc0e70519e7f55bd8ac8a122e08c963;2026-09-28T19:47:05.797752+00:00;false
LOC-0054;LOC-0074;BICYCLE;2026-08-17T07:00:00+03:00;OK;1293;22;6145;LOCAL_VALHALLA_MATRIX;71123167d673bfbf01e3c6b3c896cee38302b289ace29fa1f53b3308a645b580;122f8ca88a614c2c3347c0db288ea0c11070f6bcd0dbd338c234600ef20419d5;2026-09-28T19:47:05.797752+00:00;false
LOC-0054;LOC-0075;BICYCLE;2026-08-17T07:00:00+03:00;OK;1458;25;6899;LOCAL_VALHALLA_MATRIX;26331cfc4b68ba52fccc2367bac7c5fb7b85dbd32cebb13aa28f17d9471c187a;276aca9d34e4d8eb859d7398ffaee4d4f8b9791beb3de7252e72f99b29995556;2026-09-28T19:47:05.797752+00:00;false
LOC-0054;LOC-0076;BICYCLE;2026-08-17T07:00:00+03:00;OK;1569;27;7413;LOCAL_VALHALLA_MATRIX;48c859f1fac022348c16625758b56aae36d2542fac71dac76a948fcf7480407c;18d98e8a3c7b52c6fe98aa22f3039e7ca59794ab7dc888fcbeab86912fef5035;2026-09-28T19:47:05.797752+00:00;false
LOC-0054;LOC-0078;BICYCLE;2026-08-17T07:00:00+03:00;OK;1582;27;7496;LOCAL_VALHALLA_MATRIX;e9aac9f5c455987c9e4bbae3c31cd75e7e702f3b6ed036a3e93aa96404a17f51;06df3aad9be2aebe737914f82ea54ff4a5567f9a6dd32aaf5f11957905ce478b;2026-09-28T19:47:05.797752+00:00;false
LOC-0054;LOC-0080;BICYCLE;2026-08-17T07:00:00+03:00;OK;1328;23;6315;LOCAL_VALHALLA_MATRIX;551bd345b498ed76d6390bed970067b0dc938b7da992ca18b3f4a5e76d695f18;f268c7afc76588e84fd2f3cbd8fa996a54da7d6b6bca2e9460f59e776171e067;2026-09-28T19:47:05.797752+00:00;false
LOC-0054;LOC-0082;BICYCLE;2026-08-17T07:00:00+03:00;OK;1778;30;8518;LOCAL_VALHALLA_MATRIX;ffde1c0174148f3787d33b1f205ebff67cd92d40cce1b573942f74196da8ce4b;adbca63c55641ceda30010452e955be41e17049ea900c2349bfbde28c086e1c0;2026-09-28T19:47:05.797752+00:00;false
LOC-0054;LOC-0085;BICYCLE;2026-08-17T07:00:00+03:00;OK;986;17;4569;LOCAL_VALHALLA_MATRIX;da8202f52ea0a0ad13b8f61eece6dcc955ef954716de0fa6ab6bcd20b8bce9b7;d029efb5f7ed26cd3e95222c108376c89cd82f74dea6c453e536c4ca76b0b508;2026-09-28T19:47:05.797752+00:00;false
LOC-0054;LOC-0086;BICYCLE;2026-08-17T07:00:00+03:00;OK;1032;18;4633;LOCAL_VALHALLA_MATRIX;6737c26e737313e0fb996589495da844a1ab8778db094ddb9548f98422f293b9;4251f6889e8a4dea14035ed7f033a57d7b624e76c3e05f6e943061674711ee78;2026-09-28T19:47:05.797752+00:00;false
LOC-0054;LOC-0091;BICYCLE;2026-08-17T07:00:00+03:00;OK;1139;19;5439;LOCAL_VALHALLA_MATRIX;1f251b65fce22187bbb69f20f4dc9737ed931cdebe6e8ae29694861d1646b3f4;7e62123fe585e1e02720055cd6b73f90bbb3fa3081102e56ff98f98f49c9fa08;2026-09-28T19:47:05.797752+00:00;false
LOC-0054;LOC-0092;BICYCLE;2026-08-17T07:00:00+03:00;OK;1171;20;5590;LOCAL_VALHALLA_MATRIX;398e643b9dd822f187b909bf157ac3f75aac8697291ab3c65db2a74a1bfdec9b;a356fb95aa78c41a991b8fd016686ed07e961854ec325a4ef01364d0f3159057;2026-09-28T19:47:05.797752+00:00;false
LOC-0054;LOC-0093;BICYCLE;2026-08-17T07:00:00+03:00;OK;1206;21;5591;LOCAL_VALHALLA_MATRIX;e7bd2259db9b03aae3fbcfadcddecb087840843419e1823ae4dc6e9440dd6ccf;bca446e42df1e1615ecc3555139f8a2d4337e18f42b2108aac9fce0e6e4174cf;2026-09-28T19:47:05.797752+00:00;false
LOC-0054;LOC-0094;BICYCLE;2026-08-17T07:00:00+03:00;OK;1145;20;5319;LOCAL_VALHALLA_MATRIX;13cf04175f7945aa3d62b999c2030576801c81538bf39b6d0fa855abd54ba9b8;15d025df83981f9f0cea3d9cec0d95a8acbc871bdfc31f60ebc07d6820cde2af;2026-09-28T19:47:05.797752+00:00;false
LOC-0054;LOC-0095;BICYCLE;2026-08-17T07:00:00+03:00;OK;1324;23;6137;LOCAL_VALHALLA_MATRIX;bf80a527e7d5e64c9fda736e41bfb7826aacad370f8123c912f6195f259094d1;276250f9bb7cd146168b4a3871d6dac5624fe674fc948594f5388ca14c2c0460;2026-09-28T19:47:05.797752+00:00;false
LOC-0054;LOC-0102;BICYCLE;2026-08-17T07:00:00+03:00;OK;1939;33;9295;LOCAL_VALHALLA_MATRIX;9ca61ce9bebbbfec98efcc263b98e1f295275e135fc8c9ecd793135843de060a;144ab5db0acd87ae80e6a57d0fd8658dca66ffede730f723419fd5cd2e4ab7d4;2026-09-28T19:47:05.797752+00:00;false
LOC-0054;LOC-0112;BICYCLE;2026-08-17T07:00:00+03:00;OK;1029;18;4968;LOCAL_VALHALLA_MATRIX;bd7528dcdef364448e1900a08899b5b3941707e698f83368aa1031f9a3f65990;cdc04926b1759390cc372f049403ddf014679ef3cca5ffaf8265bfab4f6d65ba;2026-09-28T19:47:05.797752+00:00;false
LOC-0054;LOC-0124;BICYCLE;2026-08-17T07:00:00+03:00;OK;2770;47;13161;LOCAL_VALHALLA_MATRIX;ff4ae610f757328e3638cbfb73685b96b83bc50b527e9340b3651b0a6d7be43c;18fc9fc976a9276a6b7f87e420804074d57de094651a672841630f8160d5f06e;2026-09-28T19:47:05.797752+00:00;false
LOC-0054;LOC-0125;BICYCLE;2026-08-17T07:00:00+03:00;OK;1577;27;7484;LOCAL_VALHALLA_MATRIX;9405f6bcc2e82d4d6ae0509487e348a573bc0c97d2be2db92860139db3eba536;e2a5c119bc435bfb99a4cd255019d68d7f8d5ccc88df029947b0bc14c435ebac;2026-09-28T19:47:05.797752+00:00;false
LOC-0054;LOC-0126;BICYCLE;2026-08-17T07:00:00+03:00;OK;941;16;4481;LOCAL_VALHALLA_MATRIX;86c2ac108126f243537215fafc3a5ea61590f265ef8a5d05db13385986bf4c95;8d866ec3365a9d55c4a0f29c41a46cd0314af6c6ca3e68541a1764cf2e10599d;2026-09-28T19:47:05.797752+00:00;false
LOC-0054;LOC-0128;BICYCLE;2026-08-17T07:00:00+03:00;OK;314;6;1446;LOCAL_VALHALLA_MATRIX;bbf6bf2b08df137a44fd2dc0b55c28ef329754d0378ee15e3c50735a7d04eb53;6778e197898a8cce2257c1159ccfdfed579da46a6ae2e91fe87393bcff6f4f3e;2026-09-28T19:47:05.797752+00:00;false
LOC-0054;LOC-0134;BICYCLE;2026-08-17T07:00:00+03:00;OK;844;15;3877;LOCAL_VALHALLA_MATRIX;503a56c4bc85301fbe6aa05e44186d80648ec02be7d3b7217d35426544ce7dd4;5a3083b4e909ef7dc4a2504332f747f51f8ecf85a3f36670e7a87c4fa7d48b3b;2026-09-28T19:47:05.797752+00:00;false
LOC-0054;LOC-0135;BICYCLE;2026-08-17T07:00:00+03:00;OK;895;15;4259;LOCAL_VALHALLA_MATRIX;986153d07051c44e4eb9035e6208aa81ecafc418e94439b44385f08cc44941c3;eaf5fc8ff787d6b50047fb2e773e83fe2983782b2ea6bb2b6cf2fe9fbdcdf6a0;2026-09-28T19:47:05.797752+00:00;false
LOC-0054;LOC-0136;BICYCLE;2026-08-17T07:00:00+03:00;OK;920;16;4259;LOCAL_VALHALLA_MATRIX;7fa6e894d79e3c04416786b07362681226969f72a3c7802bd67a44c76021bd4f;0ac4a29a699a8851320558fb8adc4ea4af1b9916d7152010bcb66f581ff99afd;2026-09-28T19:47:05.797752+00:00;false
LOC-0054;LOC-0140;BICYCLE;2026-08-17T07:00:00+03:00;OK;1242;21;5943;LOCAL_VALHALLA_MATRIX;730f83c4db9e9bfbac245dc312fff0f7810112c64bd78bf91534a3681efd4774;02beb24dc13ade29ef1c74ec8940c46894558fad7b79c4ff74077094216c4763;2026-09-28T19:47:05.797752+00:00;false
LOC-0054;LOC-0141;BICYCLE;2026-08-17T07:00:00+03:00;OK;2725;46;12895;LOCAL_VALHALLA_MATRIX;e3adb99eb73cca319f09c66758c6247a06b29d5fa38179d7edaa8c1b3ec915c1;985faf328da076bf56ed7e530c792028c96933654334c0e6a54b589698accf3d;2026-09-28T19:47:05.797752+00:00;false
LOC-0054;LOC-0142;BICYCLE;2026-08-17T07:00:00+03:00;OK;2676;45;12670;LOCAL_VALHALLA_MATRIX;ef3fa3aff091f56390b73c3fde91894eda1dcb519dbcf92ff6b040eef1ed7a47;ee827a637f983145be8bf47eaceb89a49816a99d58d59293df5643ae3a6e5336;2026-09-28T19:47:05.797752+00:00;false
LOC-0054;LOC-0145;BICYCLE;2026-08-17T07:00:00+03:00;OK;1464;25;6972;LOCAL_VALHALLA_MATRIX;308d060c10b55ec582041ab6b296336e7c8d841520b9ea39888d9949ea1e97f9;bb111ed729c03f29203d166daff7041e39dadba0882883ba0bf018c6df4b0d02;2026-09-28T19:47:05.797752+00:00;false
LOC-0054;LOC-0148;BICYCLE;2026-08-17T07:00:00+03:00;OK;1492;25;7144;LOCAL_VALHALLA_MATRIX;6d6879f59c84122c9576635f86b3d7536bb2bd21acdcc3f5aae3e5de38445cdb;6c74e0f1451b665c81e9bdcff73c06c677a674728851d8274bb08c8a1c7172fb;2026-09-28T19:47:05.797752+00:00;false
LOC-0054;LOC-0149;BICYCLE;2026-08-17T07:00:00+03:00;OK;1402;24;6663;LOCAL_VALHALLA_MATRIX;fdf1857a5d714570864aa86b8a6a79bfec5e2bc5c507ed06829a9d898ae9b663;bcd2e20b5410f47ceb159b449a67ae888de542eb0235e005c55f7621d07fb9c3;2026-09-28T19:47:05.797752+00:00;false
LOC-0054;LOC-0150;BICYCLE;2026-08-17T07:00:00+03:00;OK;1363;23;6495;LOCAL_VALHALLA_MATRIX;d206ded8378858b282eca2b131bb449789e2554343fe8e210531e59fc24c18a8;da25612ebd061be92b74b7ac028772e6457114314ae574d5b3a876a67ed16096;2026-09-28T19:47:05.797752+00:00;false
LOC-0054;LOC-0151;BICYCLE;2026-08-17T07:00:00+03:00;OK;1579;27;7549;LOCAL_VALHALLA_MATRIX;b95a7e2e8e6225cb662a539653c6203652ac67a7014fa4a27bf5b63cc91784d0;7647f7e6d52bb91119e5f4aa3bbd300cd4f6fdbfad36e0e8b36f447247baa625;2026-09-28T19:47:05.797752+00:00;false
LOC-0054;LOC-0152;BICYCLE;2026-08-17T07:00:00+03:00;OK;1581;27;7541;LOCAL_VALHALLA_MATRIX;26c219e6de45573417b6c69e3ef24e7a0c5a80c3211b174327fbbc6fc49dd0b0;4d98a1ec01fae6cbe2a28ab5e6392cad18cd7e8e300b9d06f5ccb823cde60eca;2026-09-28T19:47:05.797752+00:00;false
LOC-0054;LOC-0190;BICYCLE;2026-08-17T07:00:00+03:00;OK;750;13;3562;LOCAL_VALHALLA_MATRIX;a74d874d518eb9c8a80a6636d2db24b58225aab5d1210339119a569be4021183;baacaecb57b1424d22d9b4866a8abbe20bb84f6c76ebc6969b7a5ab2454bd757;2026-09-28T19:47:05.797752+00:00;false
LOC-0054;LOC-0196;BICYCLE;2026-08-17T07:00:00+03:00;OK;1771;30;8473;LOCAL_VALHALLA_MATRIX;b4a3313fa1ed468e81eb28130774ff5a23668cfaacaaac0bfc518aa18023e13a;e296233946cdc78804f5131d100c66910c92405798a97fa92cb475f8da1091d5;2026-09-28T19:47:05.797752+00:00;false
LOC-0061;LOC-0002;BICYCLE;2026-08-17T07:00:00+03:00;OK;1384;24;6430;LOCAL_VALHALLA_MATRIX;3fe7bd38192db6fb2d90f4e51894035ce889477c4b767dcd88f40c3ce6b768a5;f0f0db4b821aa23db85ca96a843b5ac22ca57d7a0f4cc11db2640d0af75b485e;2026-09-28T19:47:05.797752+00:00;false
LOC-0061;LOC-0008;BICYCLE;2026-08-17T07:00:00+03:00;OK;493;9;2177;LOCAL_VALHALLA_MATRIX;cb5d07ea55eb7c797435aaf4ab6e756418be8a27a4959c65ea5e62a5b5f22e34;205beb703a69b75078f32c679bdac79f0a7dd40a694b1d1fcc71bd517dcbad1d;2026-09-28T19:47:05.797752+00:00;false
LOC-0061;LOC-0009;BICYCLE;2026-08-17T07:00:00+03:00;OK;3049;51;14148;LOCAL_VALHALLA_MATRIX;1efebc22ef4781d6c6aca109e3a070e859d23eb0f1bc7783d7ccd561f3d98df8;add2dfb3026fd23beb6fe7d4f6e3e46eda7776c2e7f59aad3c6e5afc97baa424;2026-09-28T19:47:05.797752+00:00;false
LOC-0061;LOC-0010;BICYCLE;2026-08-17T07:00:00+03:00;OK;526;9;2293;LOCAL_VALHALLA_MATRIX;8701049195f5431085e9534415142d1dfbf9cfbe1cef94942d1c390f67d32e86;5e03c12c2bfb0b01cb2485bdaf19523912cc7baf09b6ad9ed6d4aae23b0a7b6a;2026-09-28T19:47:05.797752+00:00;false
LOC-0061;LOC-0011;BICYCLE;2026-08-17T07:00:00+03:00;OK;296;5;1159;LOCAL_VALHALLA_MATRIX;608824447c5616fb3f3aa60d1042dd25b85038f76876c0f108531bcc1363fdbf;216641fbeee07c61cdb177d541536e038cb45f42d754f9103b10d8231108d5dc;2026-09-28T19:47:05.797752+00:00;false
LOC-0061;LOC-0012;BICYCLE;2026-08-17T07:00:00+03:00;OK;192;4;734;LOCAL_VALHALLA_MATRIX;09910a753d68c8e617b6c12d8b9a278c7bd5b04afe0ec58b4bd5600519c481a6;7449c3a2bf5a0d28db72914d1c4424e1069531e1296d0f51a41217d20784d998;2026-09-28T19:47:05.797752+00:00;false
LOC-0061;LOC-0013;BICYCLE;2026-08-17T07:00:00+03:00;OK;1721;29;8090;LOCAL_VALHALLA_MATRIX;23c29df64e2a099dc7516c1b6965e2d5bed7da42ac89eb11d33a31a5a7e0ddfc;732a193e8453cd29f28f90b3e6f9e23f504f9362682b66ce4f50ca7694a8c674;2026-09-28T19:47:05.797752+00:00;false
LOC-0061;LOC-0016;BICYCLE;2026-08-17T07:00:00+03:00;OK;2113;36;10078;LOCAL_VALHALLA_MATRIX;6d4eec1e9f5450aa67f4967286eae3dd1a0ae85d7f1a2be0a57749ae1a4d0a61;8bdf1304842b3f497558c1e8c1a8052b7589648b7dbb220c9d170fa08e7a010f;2026-09-28T19:47:05.797752+00:00;false
LOC-0061;LOC-0017;BICYCLE;2026-08-17T07:00:00+03:00;OK;1333;23;6146;LOCAL_VALHALLA_MATRIX;20d419d016179067dc8e4ee19ed5ef93619d6e08c5dad3effb7ec60bca8dd6f0;3cc66c78a62ff370bea499b5e6802172a15c18aea0177669860b4dc9821128bd;2026-09-28T19:47:05.797752+00:00;false
LOC-0061;LOC-0018;BICYCLE;2026-08-17T07:00:00+03:00;OK;1294;22;5954;LOCAL_VALHALLA_MATRIX;9bb418c4beb3faf76373c1a2bcd9d966d8f5b2782bbcbc502aef7b4687ffa361;78aad66dabc493bc3b173ba92890b12199c00875406cc55b6954afc9f4af4e20;2026-09-28T19:47:05.797752+00:00;false
LOC-0061;LOC-0019;BICYCLE;2026-08-17T07:00:00+03:00;OK;572;10;2572;LOCAL_VALHALLA_MATRIX;446108e1ef877d46730e25116a28ea98d1e2635fee052680cefa4dbf86b4474e;7ef75e3ff885f3970162d2dfe57ec1cae2d89c89b559616ece9ead52e43e6671;2026-09-28T19:47:05.797752+00:00;false
LOC-0061;LOC-0020;BICYCLE;2026-08-17T07:00:00+03:00;OK;790;14;3621;LOCAL_VALHALLA_MATRIX;7a2c8e7fed4ba689c000ee370b0cad35e9540deba47889571fd0d12614f68b13;b2a507f83868430000102ab9a4fa2b2b7840c093eb2c1f1642a02c4900812928;2026-09-28T19:47:05.797752+00:00;false
LOC-0061;LOC-0023;BICYCLE;2026-08-17T07:00:00+03:00;OK;1093;19;4973;LOCAL_VALHALLA_MATRIX;8b0771664a92ef99e783868e0259b7f7f7fa9e2d746b2993cf8cd9a5ac233dc8;76285fa7a5ab36f18da049890095c916b71c49ea7bd39d225bc655c8d710fbe6;2026-09-28T19:47:05.797752+00:00;false
LOC-0061;LOC-0027;BICYCLE;2026-08-17T07:00:00+03:00;OK;1176;20;5399;LOCAL_VALHALLA_MATRIX;af3e113d1482b13b8a8a1bde2acf671665f3f00f24bcea022c22f230c86685d6;e6240af6f6d92460306e1bcf7101cda01f3b852b9f4eb3e5bbf648935edae8e2;2026-09-28T19:47:05.797752+00:00;false
LOC-0061;LOC-0028;BICYCLE;2026-08-17T07:00:00+03:00;OK;1919;32;8914;LOCAL_VALHALLA_MATRIX;80fa71975a05bd971d7797b462c504659cbf8af03ee488bde11250ffcd7f5406;bedf257aa3b39cae9f13d2d88b7e2fb6368988aadfb4dacd560944985096861a;2026-09-28T19:47:05.797752+00:00;false
LOC-0061;LOC-0029;BICYCLE;2026-08-17T07:00:00+03:00;OK;1845;31;8537;LOCAL_VALHALLA_MATRIX;2143b443071ee58694a2252668f5c3587c85fa6df7010f5cb659f072777eb81f;42b0e5014cb740e8e21a1bf493c2f891eaeffcbfc52dbbcd88cdab1a3cc57f4e;2026-09-28T19:47:05.797752+00:00;false
LOC-0061;LOC-0037;BICYCLE;2026-08-17T07:00:00+03:00;OK;925;16;4255;LOCAL_VALHALLA_MATRIX;a3b33a1564dc2191aa03aa006b7d770c91a0906a5497c5aec7b25879c2545198;719b3fbe569f0af26f40f12d39d2283a09fb65b7c5ec1d8078df082814a41ff9;2026-09-28T19:47:05.797752+00:00;false
LOC-0061;LOC-0045;BICYCLE;2026-08-17T07:00:00+03:00;OK;1600;27;7475;LOCAL_VALHALLA_MATRIX;2c3ac129ba5a8cbab7df3ceafea7cda53d41d014b935b7c2c7e51ebb8fac3fc6;6395443ebfa2641ae6ef3f5936c23051cd8df0101fbeb96179528c31550e39b4;2026-09-28T19:47:05.797752+00:00;false
LOC-0061;LOC-0053;BICYCLE;2026-08-17T07:00:00+03:00;OK;2082;35;9965;LOCAL_VALHALLA_MATRIX;f6925e9dc97c19e70ae070dd640ff22edfa3596f9fdcd5bfb1edda2ecb2374c6;97aa72b2ee2dd2e3734bb44546b1210b0a7e40b31cb681347d26d3f3e31eb429;2026-09-28T19:47:05.797752+00:00;false
LOC-0061;LOC-0054;BICYCLE;2026-08-17T07:00:00+03:00;OK;832;14;3815;LOCAL_VALHALLA_MATRIX;4bb64007a061413ba98dbc05f4cc798a578be3b13e09d52bde1414ac6793bb10;72c37d0ef1ec0eed84f5adef2054148b39b7d42bb5175d2243df7e045a353338;2026-09-28T19:47:05.797752+00:00;false
LOC-0061;LOC-0061;BICYCLE;2026-08-17T07:00:00+03:00;OK;0;0;0;LOCAL_VALHALLA_MATRIX;06e86c384a4ced35668bcdee1833a71083e3f5cd3acb2fe742b57de8803ac16c;3d5812abc84c11768aa73a732c85d75dbed439188f5bb3239e9b762ea31d9862;2026-09-28T19:47:05.797752+00:00;false
LOC-0061;LOC-0063;BICYCLE;2026-08-17T07:00:00+03:00;OK;2095;35;9743;LOCAL_VALHALLA_MATRIX;20440f48f891dd27473cd8c136efef40687920124bcb17a0b33fc078af74361d;8a60720052a06dd03c79db5873da27572325b41b9f05334af1dacf1a3060b72d;2026-09-28T19:47:05.797752+00:00;false
LOC-0061;LOC-0064;BICYCLE;2026-08-17T07:00:00+03:00;OK;1935;33;9046;LOCAL_VALHALLA_MATRIX;7782ef9ab35dde9e3558c0488a2b02b991d703d36f481fc4f5bdd4689ee7df7e;bf59a95ddd85b4946568b6a6756b5c3d3dd4de5712bc16f9ba236d9c719c1d68;2026-09-28T19:47:05.797752+00:00;false
LOC-0061;LOC-0074;BICYCLE;2026-08-17T07:00:00+03:00;OK;1011;17;4561;LOCAL_VALHALLA_MATRIX;7786bd8732c4339cb6148ef996d82b2e7776a577fc2a9fcde33f6792dff31b0c;f4c6e987ce564b2bbe3109059028cb49605d5ba513d92cae32c05134eef191e6;2026-09-28T19:47:05.797752+00:00;false
LOC-0061;LOC-0075;BICYCLE;2026-08-17T07:00:00+03:00;OK;1176;20;5315;LOCAL_VALHALLA_MATRIX;43c704de6f62618a93169f8728202adfc862fd3f8c4265fc66e8f65ce47e8901;9c0c734822cd0eaf1468bc78d14b3e30f3e2029f4aeb1dd11337391056908e27;2026-09-28T19:47:05.797752+00:00;false
LOC-0061;LOC-0076;BICYCLE;2026-08-17T07:00:00+03:00;OK;2140;36;10111;LOCAL_VALHALLA_MATRIX;9706eb4385c3b6f600be0a1768aaec7fbc0a575dbf7db31db2eaa29bd854e08a;9c0b1bd75eb10eb1b082326f867a4d8416105eee88ac8196634546830261b9af;2026-09-28T19:47:05.797752+00:00;false
LOC-0061;LOC-0078;BICYCLE;2026-08-17T07:00:00+03:00;OK;1717;29;8015;LOCAL_VALHALLA_MATRIX;e659846db52133f84119f9cc8bbbfb1af8e592313ee1487127cb8b8b0bc45231;eb5aae97d6ca8ece1c8eb5805e304bacaf9648c5bcd28cbcf4cb02f6716a9443;2026-09-28T19:47:05.797752+00:00;false
LOC-0061;LOC-0080;BICYCLE;2026-08-17T07:00:00+03:00;OK;1046;18;4731;LOCAL_VALHALLA_MATRIX;1a90b52e5b1a25cf172a42ab63d9112baa354b544275af55853189854d7ef358;9908540691ecf8e2c47aa3b8c2bcd29fcd33c70357f1797885e755c5e460bfaa;2026-09-28T19:47:05.797752+00:00;false
LOC-0061;LOC-0082;BICYCLE;2026-08-17T07:00:00+03:00;OK;1936;33;9096;LOCAL_VALHALLA_MATRIX;5b3987b828875eb1d71a743ec591dd4f04f3dcea534543a48e3b554a575835ed;5025d4f71dc8ff729f23b3213dea8559f072e1b3db2f6750bdb61d02fa28f2d6;2026-09-28T19:47:05.797752+00:00;false
LOC-0061;LOC-0085;BICYCLE;2026-08-17T07:00:00+03:00;OK;1556;26;7267;LOCAL_VALHALLA_MATRIX;5200bece37e18c2b839019cd1d00a49712e846239b17275d595cd0a9341d299c;ee156a4bda0b17d890d080ea70658a67d41177206b1b02661bdb8493203dfc10;2026-09-28T19:47:05.797752+00:00;false
LOC-0061;LOC-0086;BICYCLE;2026-08-17T07:00:00+03:00;OK;1602;27;7331;LOCAL_VALHALLA_MATRIX;122d912c922be4200861db4cabead9ebe0aefea87a56bbdd19c417fddcb36b97;77b10a091719892c2d468d8c552ee591fc821d83edc46fc464d58cef47993200;2026-09-28T19:47:05.797752+00:00;false
LOC-0061;LOC-0091;BICYCLE;2026-08-17T07:00:00+03:00;OK;505;9;2221;LOCAL_VALHALLA_MATRIX;edd1e0d0d3af70bf5d21590ab85f9a1f9139d5b73c619da41830e0b477472465;85cb11233bcd445564d2a0d1c82eb1d3cc584fe7e4fc6954fec0f6373c477cf5;2026-09-28T19:47:05.797752+00:00;false
LOC-0061;LOC-0092;BICYCLE;2026-08-17T07:00:00+03:00;OK;536;9;2372;LOCAL_VALHALLA_MATRIX;803fc3fbe604d403efde6eb714809b641f0b68e9927fefe83d190efb298a09aa;1b0b99756b44db93ea843763e048371b29184b17966923a42ee7766e1b976a06;2026-09-28T19:47:05.797752+00:00;false
LOC-0061;LOC-0093;BICYCLE;2026-08-17T07:00:00+03:00;OK;570;10;2373;LOCAL_VALHALLA_MATRIX;504de019fde5ff1e8a6c2baa4bdfe08607d08041cb53d85d8c32a852aa4b4904;fd0c701f9e893d4b25b4d6042d4ba2654ee1e14cd9c4caaf167a6b114af314da;2026-09-28T19:47:05.797752+00:00;false
LOC-0061;LOC-0094;BICYCLE;2026-08-17T07:00:00+03:00;OK;1715;29;8017;LOCAL_VALHALLA_MATRIX;909957833a31cfe0e2533684e2ed03e73b6930ec5452098c3ff61706cd5fbd07;83929c71e982c54d83e9d3e0bc1ed52c5efd5529a38c064832b051a3a72bc548;2026-09-28T19:47:05.797752+00:00;false
LOC-0061;LOC-0095;BICYCLE;2026-08-17T07:00:00+03:00;OK;1894;32;8835;LOCAL_VALHALLA_MATRIX;b0e833a40a4a4897fca527ac3bd04643881f68f6bb1d00a3a2eb40af14a3f255;5f648dc0bba7a7a9993a99e14ed04006b64a3fa4f8d04bde8d7e2fece1aeabe8;2026-09-28T19:47:05.797752+00:00;false
LOC-0061;LOC-0102;BICYCLE;2026-08-17T07:00:00+03:00;OK;2096;35;9864;LOCAL_VALHALLA_MATRIX;51cd8ecb39f3e47a35f838389fb8830f1899eefa98291615d33e5de2b4c82db7;83bac99f2573bfa5bdd6f8ce2bde1bcf54a908c250e787f77ffe283df6a14824;2026-09-28T19:47:05.797752+00:00;false
LOC-0061;LOC-0112;BICYCLE;2026-08-17T07:00:00+03:00;OK;708;12;3136;LOCAL_VALHALLA_MATRIX;a788632698a65116ed79e1ff803377c8f5120b781d93bfc5f32e12c65acabb04;25c121d4da2662e6992b606c21ff327c213f8a60807657537295af768742a8df;2026-09-28T19:47:05.797752+00:00;false
LOC-0061;LOC-0124;BICYCLE;2026-08-17T07:00:00+03:00;OK;2870;48;13483;LOCAL_VALHALLA_MATRIX;82727a19cb8fb1fea1d46e66e8265723cde3d2a1da9311de3e7278f8e916a94d;f2ce4263105f9098f4fa582557d121d47b0bc9f030f759d1f7505a0d37b389d3;2026-09-28T19:47:05.797752+00:00;false
LOC-0061;LOC-0125;BICYCLE;2026-08-17T07:00:00+03:00;OK;1290;22;5856;LOCAL_VALHALLA_MATRIX;17c4ba18b99730f9b88ec21ed642d038526b0c1a9ad23a799f42efc19bda9488;f38060d701627c6fea2dfa0b87acd35fe1212160494a9a2529919cfab44392fc;2026-09-28T19:47:05.797752+00:00;false
LOC-0061;LOC-0126;BICYCLE;2026-08-17T07:00:00+03:00;OK;660;11;2897;LOCAL_VALHALLA_MATRIX;43fe90dad3e478ace9759354185acfb4d9ef158b21364f39f219e0e1db833e91;fa854cbef62d8d3fbbbbef57642d4cac49c7b17b87494cde8dc6b0413da0e758;2026-09-28T19:47:05.797752+00:00;false
LOC-0061;LOC-0128;BICYCLE;2026-08-17T07:00:00+03:00;OK;1001;17;4581;LOCAL_VALHALLA_MATRIX;975eadd880458b2306ea57cb12e0d175e9f9c25fff8e5b435dc3b1cf6a2d8d40;53fcf9ab2b7178d7f000fea39550bb73347ae3da6402f0352472fb3a13cd733c;2026-09-28T19:47:05.797752+00:00;false
LOC-0061;LOC-0134;BICYCLE;2026-08-17T07:00:00+03:00;OK;1414;24;6575;LOCAL_VALHALLA_MATRIX;02dfd1b14ede12ad3128d84998a6e0a23a21c3596af8fd24cb109b8363f69aed;a131a307b5b4f3dab8d32ad3b04e7fdc64e6090167d738ef9380bd6bc2424083;2026-09-28T19:47:05.797752+00:00;false
LOC-0061;LOC-0135;BICYCLE;2026-08-17T07:00:00+03:00;OK;1486;25;6921;LOCAL_VALHALLA_MATRIX;7a2135a5f37b35b9543697c38fedc689e6e8bd1d6ce16ffaede3f0667dfaf13a;65289e087b6d3acd1c1fbcf4ff90e2dbb78f86c0bfc2c973e997ce1782f0c1ab;2026-09-28T19:47:05.797752+00:00;false
LOC-0061;LOC-0136;BICYCLE;2026-08-17T07:00:00+03:00;OK;1490;25;6957;LOCAL_VALHALLA_MATRIX;01a67884ea5be7a7440d2b07d06afd69fddb545679f334b958dded05ab61c995;a8fe281aa395283ec81d34bff36ac0c1d671534e0488f7128bf3cbcc2c6a1d25;2026-09-28T19:47:05.797752+00:00;false
LOC-0061;LOC-0140;BICYCLE;2026-08-17T07:00:00+03:00;OK;1813;31;8641;LOCAL_VALHALLA_MATRIX;cc0fe00ab562f7960a13aa58700c94f7fdfaceebf22bc7eccbfb648d5938445e;8d8d98f2310199007f2c2ba11fa201332164ba891dccaecc53f647382ce6ae11;2026-09-28T19:47:05.797752+00:00;false
LOC-0061;LOC-0141;BICYCLE;2026-08-17T07:00:00+03:00;OK;2444;41;11311;LOCAL_VALHALLA_MATRIX;c6ed1517b849cf07490cca27e12bf4280a7758c1342b1884986087e41c12de0d;d9b3c3fe25ae4446fd969ee1d56167a2bc77e098fae42c25244ca2e83273db4d;2026-09-28T19:47:05.797752+00:00;false
LOC-0061;LOC-0142;BICYCLE;2026-08-17T07:00:00+03:00;OK;2395;40;11086;LOCAL_VALHALLA_MATRIX;a0eaac49551180fee898f98e10ec78a5a03ac0e2ed0981c555799652ea8d9979;f4b72015ade249928d569a30ff4f286ae4fd5847cbc1933f7be94049d6acb889;2026-09-28T19:47:05.797752+00:00;false
LOC-0061;LOC-0145;BICYCLE;2026-08-17T07:00:00+03:00;OK;770;13;3513;LOCAL_VALHALLA_MATRIX;0a93c5ead216a3f604023bdad9e0712717e43dcc48615a915f61457cd8368acb;bfae6e7e5d9dda30a4076de2844a291a9f354643fa6cc6965e903c4fd1df3b65;2026-09-28T19:47:05.797752+00:00;false
LOC-0061;LOC-0148;BICYCLE;2026-08-17T07:00:00+03:00;OK;1210;21;5560;LOCAL_VALHALLA_MATRIX;abc7423d89a33ce721ce67c00e2cbb3b9dcfa21381e4df16f9924d446514551e;51da217648bf21eeabeb744c4121ffbe344fcc777a7668b3d65e6f2f9420d529;2026-09-28T19:47:05.797752+00:00;false
LOC-0061;LOC-0149;BICYCLE;2026-08-17T07:00:00+03:00;OK;1121;19;5079;LOCAL_VALHALLA_MATRIX;00a7a18844421f7d567a5a6db67ac8c066b6faa9e5bb4dc17bd270728b0d8246;c267fab9bc290cf87d443b092cbf2295dc1562b548d332ebe7d857b58811a752;2026-09-28T19:47:05.797752+00:00;false
LOC-0061;LOC-0150;BICYCLE;2026-08-17T07:00:00+03:00;OK;1081;19;4911;LOCAL_VALHALLA_MATRIX;90aad18a4f3fc0052d990a7e7d284070b9a9e90930dcc906e9067ddae476ce1d;54104471a0733753566c0874624d1c2e48d7e75be4ad95b1b9d9b58fb8cdd7bd;2026-09-28T19:47:05.797752+00:00;false
LOC-0061;LOC-0151;BICYCLE;2026-08-17T07:00:00+03:00;OK;1298;22;5965;LOCAL_VALHALLA_MATRIX;83728be8a5f66476079af99616720c9f9e45b01f6873fda6afc5ed9316fd4a56;ec96ed23756a226081b559e3ccf303790a57d6e1b168ecab9e11582246a0ffd3;2026-09-28T19:47:05.797752+00:00;false
LOC-0061;LOC-0152;BICYCLE;2026-08-17T07:00:00+03:00;OK;1299;22;5957;LOCAL_VALHALLA_MATRIX;846652877d240b4cb0e6ffd3d632190449ec1261d54547a60ac8192fca72cff2;6a7a14bee9ce007a0a068aef4ffe9ed5a4a6c09f3e7a395177f7204b290b38f5;2026-09-28T19:47:05.797752+00:00;false
LOC-0061;LOC-0190;BICYCLE;2026-08-17T07:00:00+03:00;OK;426;8;1816;LOCAL_VALHALLA_MATRIX;b33a2bd095128d034a5ec4189b41b61e6ab3967e6de04ed71935473685d3e0e0;65c7eb1d178912e1ef78999d5e55ad8cf7487b25ce1d07d89bc78455f1dc3888;2026-09-28T19:47:05.797752+00:00;false
LOC-0061;LOC-0196;BICYCLE;2026-08-17T07:00:00+03:00;OK;1450;25;6641;LOCAL_VALHALLA_MATRIX;61cf6189d4242abf891eb7605beabd41bb3539da6d398a1e5023205e3040ea28;a03a670a75cb7075b902f5b34f962f6aaacdbe74e5487a05f67b24e6015706b3;2026-09-28T19:47:05.797752+00:00;false
LOC-0063;LOC-0002;BICYCLE;2026-08-17T07:00:00+03:00;OK;2114;36;10234;LOCAL_VALHALLA_MATRIX;e5dfa4acd54182ca5f4867eef67b263ff3d521e78a31681ea918af2a7f8c92f4;85b6989bb7d773356260aaf0d30d85ba99f1af2441f372be2a4d38816136c64e;2026-09-28T19:47:05.797752+00:00;false
LOC-0063;LOC-0008;BICYCLE;2026-08-17T07:00:00+03:00;OK;2889;49;13831;LOCAL_VALHALLA_MATRIX;e3652af188232ecbafcc40441d57c458158979513dd4ec06a71479348b1abcba;4afbedc69cfe4a4db5baf169489f07ab4fdc52e4699a6d4591ab9e3c154bb0b1;2026-09-28T19:47:05.797752+00:00;false
LOC-0063;LOC-0009;BICYCLE;2026-08-17T07:00:00+03:00;OK;1408;24;6695;LOCAL_VALHALLA_MATRIX;ceb85edc40812e2db73f1338a57308f9e5c0ab39cf4618ed3b6e96d5eb2fd624;0e62b9152a09375ad22fa984ea43f0a5031e9f2250d6a6a67fa1a37be4ad87bc;2026-09-28T19:47:05.797752+00:00;false
LOC-0063;LOC-0010;BICYCLE;2026-08-17T07:00:00+03:00;OK;2928;49;13966;LOCAL_VALHALLA_MATRIX;9d66ed64c2997b451e2cbdb1be717ab060732c1e8197168873816eef4c3ce0d2;204edd2f7a0541892f2bd43b94d6ea432cb1ae3362db8b678421fbba636fb32d;2026-09-28T19:47:05.797752+00:00;false
LOC-0063;LOC-0011;BICYCLE;2026-08-17T07:00:00+03:00;OK;2424;41;11669;LOCAL_VALHALLA_MATRIX;9887771f22fd26df913f69d8e3541f055aa2454c36c58f03ad062b02a593048c;aaf2db08e6df39a75824cbc77f5ed28df789e92c70a89ba284fa4c8fce699f49;2026-09-28T19:47:05.797752+00:00;false
LOC-0063;LOC-0012;BICYCLE;2026-08-17T07:00:00+03:00;OK;2588;44;12388;LOCAL_VALHALLA_MATRIX;cb6058cad2d1a6097f4fdddb3c4c76ed757df5e6634dbc56f4d2a2f3a70b5249;cc1811b0a5185bf7b3c5d49a48c9ef4d66fd433be0e66099a017e8922573b557;2026-09-28T19:47:05.797752+00:00;false
LOC-0063;LOC-0013;BICYCLE;2026-08-17T07:00:00+03:00;OK;2219;37;10767;LOCAL_VALHALLA_MATRIX;8b1f7c7bc28a088e4da3c1752ffe5c5bb69b8e72609617549837d5c264447a42;4a04061e72632724aed005b3e8c702ecf57f310663f756f37d50b8abbe0fc368;2026-09-28T19:47:05.797752+00:00;false
LOC-0063;LOC-0016;BICYCLE;2026-08-17T07:00:00+03:00;OK;1236;21;5870;LOCAL_VALHALLA_MATRIX;11d75b80c5dbd69c68fa95c480aaebbd8c7cdb71929fbc39f8b4f1986cfb4063;47c88736616d99f2bcec6f4b956e6538a57369dd2a390dfef8cc7905d17873c8;2026-09-28T19:47:05.797752+00:00;false
LOC-0063;LOC-0017;BICYCLE;2026-08-17T07:00:00+03:00;OK;1446;25;6771;LOCAL_VALHALLA_MATRIX;0d9d5ca88b9d26e7bc94f923e1610ec0815d4b1eea3afb4c04fdce9dfdbadc03;ed2b154e08ffe986129cb5e707e93df200f81c490e56116f27af17d3d83c03c3;2026-09-28T19:47:05.797752+00:00;false
LOC-0063;LOC-0018;BICYCLE;2026-08-17T07:00:00+03:00;OK;1481;25;6966;LOCAL_VALHALLA_MATRIX;854a86e1c57d20e9ea6172f41e1c98baeb5f08ec495d49bdbd97044d905299ae;eec60022de7dcb7d58d7569f60b037e6300052db2bf4fc5b341c7172be81c70d;2026-09-28T19:47:05.797752+00:00;false
LOC-0063;LOC-0019;BICYCLE;2026-08-17T07:00:00+03:00;OK;2969;50;14226;LOCAL_VALHALLA_MATRIX;0a866380d38097cff891d9ccfddaec6f9c5ef04c1e125dee46e48e58cea89aff;c9be17f580a70a882ebf06fa26b88a86adee53e417995cd3c5e38361cfb9ef9f;2026-09-28T19:47:05.797752+00:00;false
LOC-0063;LOC-0020;BICYCLE;2026-08-17T07:00:00+03:00;OK;2432;41;11650;LOCAL_VALHALLA_MATRIX;81f690500724957072ef0be8766eddd7c4b9f8cd40fd1e69dc46181a1c8c5b77;25db1d0352e4da3af371d96aed42d1f7bf2771edb0b6c4cd96e782900a0c3259;2026-09-28T19:47:05.797752+00:00;false
LOC-0063;LOC-0023;BICYCLE;2026-08-17T07:00:00+03:00;OK;1854;31;8700;LOCAL_VALHALLA_MATRIX;7242880f1dbc9bd06dc590df2ffbc6ade8b4baea91554cb8b8321ad9fbd5a773;63149d5ff10c971484c1a585e88432d0a06b1050009238bee935319f843c79a8;2026-09-28T19:47:05.797752+00:00;false
LOC-0063;LOC-0027;BICYCLE;2026-08-17T07:00:00+03:00;OK;1158;20;5518;LOCAL_VALHALLA_MATRIX;9a0e82dbb66b66eba91722fca33a91d836d5885fef4ec55fc142955f420aae63;c107686c2c6bd04b0117c5542a48e8a8b844bf64670b36fb4ca75ba648d65c00;2026-09-28T19:47:05.797752+00:00;false
LOC-0063;LOC-0028;BICYCLE;2026-08-17T07:00:00+03:00;OK;708;12;3245;LOCAL_VALHALLA_MATRIX;f4bfe60744b708c22ac8da8872ba0e7b96288f51fd8e3f451f54eb98c5348f15;eb9915914da260b4a87b0ce9dfd2bc071384610245ded2809a91a6943a873f44;2026-09-28T19:47:05.797752+00:00;false
LOC-0063;LOC-0029;BICYCLE;2026-08-17T07:00:00+03:00;OK;670;12;3116;LOCAL_VALHALLA_MATRIX;4a2f2d9c14bb2e13648d66b513efe3c55ac50f1d67ed2914055bbcba9b5cdc78;bb49ed6366a6f0c026916ddacc544f3044aefc37408fc4dd7b148382e66492a4;2026-09-28T19:47:05.797752+00:00;false
LOC-0063;LOC-0037;BICYCLE;2026-08-17T07:00:00+03:00;OK;2115;36;10150;LOCAL_VALHALLA_MATRIX;7783ad3cecdd78db03454b64d6259c1979e86f7efc73b80ffa46e56b01ab0745;aa5008ffc2b0e31a1c78afd85542ef1220dd2278986e1ad31f82d2d7fc9a6ae7;2026-09-28T19:47:05.797752+00:00;false
LOC-0063;LOC-0045;BICYCLE;2026-08-17T07:00:00+03:00;OK;911;16;4144;LOCAL_VALHALLA_MATRIX;e6554ea167cfb07422482763f8032bc916f53629a2c07ddb78a364f283e197a5;5a031f3d74ee74c9b66fddfb4be84a5da332317917ba746543af23e2024998da;2026-09-28T19:47:05.797752+00:00;false
LOC-0063;LOC-0053;BICYCLE;2026-08-17T07:00:00+03:00;OK;1347;23;6447;LOCAL_VALHALLA_MATRIX;2d2543aaa12af604f3d36b8314dacbfe98519e15071ab9a569dd1c1d227f13f2;d9a14c6fc4339eff18643e8f6ce88273605bf4d8aaf10cd0231b6c6b42e07e01;2026-09-28T19:47:05.797752+00:00;false
LOC-0063;LOC-0054;BICYCLE;2026-08-17T07:00:00+03:00;OK;2093;35;10096;LOCAL_VALHALLA_MATRIX;6f1ec625e6e92e91b565aa947e71046e0018fe30214b67760112c6e0763b3ec2;f5a84c1e65789afefdbc060f17df13e22e544ed65d4de34e7ab2d24af890f06b;2026-09-28T19:47:05.797752+00:00;false
LOC-0063;LOC-0061;BICYCLE;2026-08-17T07:00:00+03:00;OK;2626;44;12394;LOCAL_VALHALLA_MATRIX;caa2c4a7f006d0329ab6e9a7133bc7f30ac9a1736694a3a033e53980c06ac724;bfe373567ef5d0d26ef5c87b13730caa87a61eadf7928ecba0939abd86a981e7;2026-09-28T19:47:05.797752+00:00;false
LOC-0063;LOC-0063;BICYCLE;2026-08-17T07:00:00+03:00;OK;0;0;0;LOCAL_VALHALLA_MATRIX;bccfc5aa80a3bf1f74787efcea7b3611b9796bc21274fcd4da3cffed37cda6cf;3d5812abc84c11768aa73a732c85d75dbed439188f5bb3239e9b762ea31d9862;2026-09-28T19:47:05.797752+00:00;false
LOC-0063;LOC-0064;BICYCLE;2026-08-17T07:00:00+03:00;OK;382;7;1687;LOCAL_VALHALLA_MATRIX;b9df9d415de4a6f1ae6c2e926bb31cb9109ad881b9ee917bec60e0bf9898e080;cb747d3fb0493767d584ca351b4ad29fe1dda70b5eca620d5fa49d65266575bd;2026-09-28T19:47:05.797752+00:00;false
LOC-0063;LOC-0074;BICYCLE;2026-08-17T07:00:00+03:00;OK;1436;24;6838;LOCAL_VALHALLA_MATRIX;5bc37ee427a2b67ee16c14540398cbc7139dfa5c40aa00deb252688b846b589e;44b12f36eb4585930cba3af789cb18ff46d01f99d51b52886b83a774ff2b81ae;2026-09-28T19:47:05.797752+00:00;false
LOC-0063;LOC-0075;BICYCLE;2026-08-17T07:00:00+03:00;OK;1417;24;6745;LOCAL_VALHALLA_MATRIX;4b7ab812f4964cbfcca52dca4cc537e12e42f0754388c75b87d5ff6bc16d1430;052a94fb8f17519e91d45e867bb12637d19daa80a6c45ca7ebb9c6e39df10670;2026-09-28T19:47:05.797752+00:00;false
LOC-0063;LOC-0076;BICYCLE;2026-08-17T07:00:00+03:00;OK;1071;18;4965;LOCAL_VALHALLA_MATRIX;46d9c61e0e719031fd1ee3696aee80bf4ae92fb5c439d53802c15a58f51f53cc;5f7cd395d23963de6e772b757881dfecda6d2f561499c0b4c99def6687d6192f;2026-09-28T19:47:05.797752+00:00;false
LOC-0063;LOC-0078;BICYCLE;2026-08-17T07:00:00+03:00;OK;662;12;3006;LOCAL_VALHALLA_MATRIX;6624aa4c14ca25d95bf82417743a638f48e83bdad9f97991738b56718be8b2eb;d49d8ba8248cc064dd4b86a2ca75a33f47b48152f41c1f51b91103a409e02494;2026-09-28T19:47:05.797752+00:00;false
LOC-0063;LOC-0080;BICYCLE;2026-08-17T07:00:00+03:00;OK;1530;26;7276;LOCAL_VALHALLA_MATRIX;a1e9f5d49cec76d6f5bec79fb3e4a8bc0141453fd4402318dd97e0e8795779ba;f256a268a1627f9444468109727d7371e7c5ec3c857279bf21ea953e3b6e09b2;2026-09-28T19:47:05.797752+00:00;false
LOC-0063;LOC-0082;BICYCLE;2026-08-17T07:00:00+03:00;OK;295;5;1359;LOCAL_VALHALLA_MATRIX;b6ae551efbe81aeb543bf6753c71e45fcf056f55ba9a37168f4d0f71fdec7012;8de12b35ff7e5439d14f792852fe30c0b68016440ecd430f7ef734b43b57e157;2026-09-28T19:47:05.797752+00:00;false
LOC-0063;LOC-0085;BICYCLE;2026-08-17T07:00:00+03:00;OK;2344;40;11347;LOCAL_VALHALLA_MATRIX;fc959a0a1f2b8e9478464a528f05cf8a17fb960b3fe1452f8d37cf2894286d3b;fd3f0e556cc64888ac1e8fd885a2ab7eda7324aa1855dccc7d32c71dbb33e26e;2026-09-28T19:47:05.797752+00:00;false
LOC-0063;LOC-0086;BICYCLE;2026-08-17T07:00:00+03:00;OK;2390;40;11411;LOCAL_VALHALLA_MATRIX;3d6ef62c7e92df8e8381188177c2d064d83620adffab7966f91998946ee68457;a7b329f322dfc992878875aa1724e3d608dfe7042c5dfe7c1d83d2b91140aae3;2026-09-28T19:47:05.797752+00:00;false
LOC-0063;LOC-0091;BICYCLE;2026-08-17T07:00:00+03:00;OK;2653;45;12631;LOCAL_VALHALLA_MATRIX;6deb00eeb10a20760fa53ccc3b203aa927fb9232e5318888991bb735a6741d62;76095bba90defcf02743a89e4621a4d42fc68b276ec906e62e9cd0d117dbfa16;2026-09-28T19:47:05.797752+00:00;false
LOC-0063;LOC-0092;BICYCLE;2026-08-17T07:00:00+03:00;OK;2125;36;10198;LOCAL_VALHALLA_MATRIX;e039e135cae6297e6b5fe3c91ab1492e79e90a0c962b86b728754ee280814b32;732ec90b458924b54501bbe7e2206e93bf40cabd7249f2dc28279ebd6c507142;2026-09-28T19:47:05.797752+00:00;false
LOC-0063;LOC-0093;BICYCLE;2026-08-17T07:00:00+03:00;OK;2118;36;10008;LOCAL_VALHALLA_MATRIX;7d8654c232ff41141b9cace9012d1d50b26db0b1a0db3b3e45488ded6a581020;149179d3fed6944b36c0c96be9563402d079126e377a5c76e2d9ea8829ea7991;2026-09-28T19:47:05.797752+00:00;false
LOC-0063;LOC-0094;BICYCLE;2026-08-17T07:00:00+03:00;OK;2503;42;12097;LOCAL_VALHALLA_MATRIX;98b7c961f73ba3a32d87f1c5a3497cc026a269eea558e683a7c72315effde3fb;b0834fe397ee253d9d1700443bc90ab92c02f4c605ff5cf8c435d683dbff2969;2026-09-28T19:47:05.797752+00:00;false
LOC-0063;LOC-0095;BICYCLE;2026-08-17T07:00:00+03:00;OK;2682;45;12915;LOCAL_VALHALLA_MATRIX;57943aac98c070d8c1301e9a9e35d64445bfc93679e8aefec22f3a29e4c33e65;192c15c14dcd7a8b96c19a252a89539aeaced99658aef3f30469ae020069db65;2026-09-28T19:47:05.797752+00:00;false
LOC-0063;LOC-0102;BICYCLE;2026-08-17T07:00:00+03:00;OK;344;6;1606;LOCAL_VALHALLA_MATRIX;2d01107d38a71fe841608006f85c09de152d860bad970d3416eb7bcd047ccf82;55800c15c5fe4be5c46327ab5776fa5598b69cd4e2e36981d2c90e593ff02f37;2026-09-28T19:47:05.797752+00:00;false
LOC-0063;LOC-0112;BICYCLE;2026-08-17T07:00:00+03:00;OK;1744;30;8372;LOCAL_VALHALLA_MATRIX;fa6134053142ba1c0f26079423407f891742828e53da347fa3f9e739092a0d5e;eb2d136f3d6a78f88f12bffc062f65db2fdfbb4f12949c5019496633e3de93e4;2026-09-28T19:47:05.797752+00:00;false
LOC-0063;LOC-0124;BICYCLE;2026-08-17T07:00:00+03:00;OK;1272;22;6036;LOCAL_VALHALLA_MATRIX;14227d3c0fe45bec230a294113def7dfc2fd10a68974030b1e56940e7a526def;1879e41b75fdc9f29e5fa55df024ca9edb47cf3c3e2195a410ff8c599e9bb59f;2026-09-28T19:47:05.797752+00:00;false
LOC-0063;LOC-0125;BICYCLE;2026-08-17T07:00:00+03:00;OK;1658;28;7809;LOCAL_VALHALLA_MATRIX;f086deae7d1ebfde50ac78729a216aea63dfc781d180c8c8a017a7b127f62d20;61ad030901a44eb5eb73c5697d71069a9a9bd401ecdef32c3d431d3cd1400237;2026-09-28T19:47:05.797752+00:00;false
LOC-0063;LOC-0126;BICYCLE;2026-08-17T07:00:00+03:00;OK;1584;27;7550;LOCAL_VALHALLA_MATRIX;fd9d7e7eaa85639dbea92f5c9cb357b6d2f8f5d79091206317ec87d0af0bfcdb;f408e576720f8e07602bdc3d59a2e2e959504c61ae42ffc00c0acc6e04a5134d;2026-09-28T19:47:05.797752+00:00;false
LOC-0063;LOC-0128;BICYCLE;2026-08-17T07:00:00+03:00;OK;2040;34;9793;LOCAL_VALHALLA_MATRIX;bf4d359895be019d38b96b7d73e10c35ecb46ad8ca7ba8aee110ad0316c0ddd2;db657d462a6a622dd44f25f5f9b9587aac9aa609ad684e24f8f9e3de7d164f93;2026-09-28T19:47:05.797752+00:00;false
LOC-0063;LOC-0134;BICYCLE;2026-08-17T07:00:00+03:00;OK;2140;36;10389;LOCAL_VALHALLA_MATRIX;eddc87b67c3e3a081596d6309f9ad6239d62e911b4cc7d4175157bfbf4aaeb2a;b313090876817a676c3483c3969aaba056f643a117b38fe092b630d87d358fd2;2026-09-28T19:47:05.797752+00:00;false
LOC-0063;LOC-0135;BICYCLE;2026-08-17T07:00:00+03:00;OK;2138;36;10373;LOCAL_VALHALLA_MATRIX;975d789d49928ff6195d9599d01f8690ffa99fde4342dea547b7d02127b94b66;bc081061202c7adc2d3675e3779aa820e9e1250ece596eae8e324b0906a90821;2026-09-28T19:47:05.797752+00:00;false
LOC-0063;LOC-0136;BICYCLE;2026-08-17T07:00:00+03:00;OK;2279;38;11019;LOCAL_VALHALLA_MATRIX;c0163ffe4b508989a488db6b60af002c830188f453d94506cf1efc98e35bc46c;59f65000cae501b5aec91c027ae472250348b0c62e6c227696589b6b68d56fe1;2026-09-28T19:47:05.797752+00:00;false
LOC-0063;LOC-0140;BICYCLE;2026-08-17T07:00:00+03:00;OK;1424;24;6815;LOCAL_VALHALLA_MATRIX;bf6d5dbb7c36c72ac8e9ccec1abab39bb4b5a1b67e7854c7ac1ac68f57781a83;61055247025b5dff8481bba767762567b457629eb6e32bef1d686d4ff74a02f7;2026-09-28T19:47:05.797752+00:00;false
LOC-0063;LOC-0141;BICYCLE;2026-08-17T07:00:00+03:00;OK;1464;25;6827;LOCAL_VALHALLA_MATRIX;3e50460dc5f314f9c8bcbf959966c9869bb6f90c575d7e0ad5757882037cae0e;411f0caab384626055fa1a9cca892d54c47b66cadd810d14abbfa1310a87520d;2026-09-28T19:47:05.797752+00:00;false
LOC-0063;LOC-0142;BICYCLE;2026-08-17T07:00:00+03:00;OK;1556;26;7264;LOCAL_VALHALLA_MATRIX;4661d5c439cfdc04b562090ad625d43d136fed08c75b54bc18dd4c04165e927b;63b07d3bc3fc6ba710eb3e8a31a432210040d76444b0a9eeca64208f7502a596;2026-09-28T19:47:05.797752+00:00;false
LOC-0063;LOC-0145;BICYCLE;2026-08-17T07:00:00+03:00;OK;2140;36;10312;LOCAL_VALHALLA_MATRIX;1b969e4e42e8ddd2792aae761b894273ddc2cf5d504bddfcf387d29b585017ef;256df9227f71ee8e829e2195a35a925905a5d06ef9f182c6f295c507cd0dc8a0;2026-09-28T19:47:05.797752+00:00;false
LOC-0063;LOC-0148;BICYCLE;2026-08-17T07:00:00+03:00;OK;1377;23;6570;LOCAL_VALHALLA_MATRIX;7b0d14006748e92d1597a932cb2971556a3dbe677a08a5b2abc7d023b583d312;67837fa1caab0a6fd2e25abd75c9577834ab54a33a9226eba3631501fad88dc2;2026-09-28T19:47:05.797752+00:00;false
LOC-0063;LOC-0149;BICYCLE;2026-08-17T07:00:00+03:00;OK;1322;23;6311;LOCAL_VALHALLA_MATRIX;5e5fddbcbf862f1bd33a5bcfb2201033a87a8770072d5be1cb0049f863ccedda;cc72dd5bbdea4989b7a9f70dc7fdf3e31c188802e977db6d2ff44598834e1328;2026-09-28T19:47:05.797752+00:00;false
LOC-0063;LOC-0150;BICYCLE;2026-08-17T07:00:00+03:00;OK;1285;22;6130;LOCAL_VALHALLA_MATRIX;044e966e1fa98c163882406f23bd35c1f252c26adc00496cf977227f07f609a2;3eadd304a2bfc8b73f05a6f35a7b2d8e4ded3de7becab6a77301f7deb26f1ee4;2026-09-28T19:47:05.797752+00:00;false
LOC-0063;LOC-0151;BICYCLE;2026-08-17T07:00:00+03:00;OK;1534;26;7181;LOCAL_VALHALLA_MATRIX;444d8b30c473ab9fbb8dd3b8de9a7654fd0a2a38c175108cd694d7172825b6e5;48e1305929b30918d7dcd4764bf35832c547fb62381237d38270662640897e04;2026-09-28T19:47:05.797752+00:00;false
LOC-0063;LOC-0152;BICYCLE;2026-08-17T07:00:00+03:00;OK;1553;26;7273;LOCAL_VALHALLA_MATRIX;984140a7d67746b4570bba4b020b9ed60b7e1b8ab66a298edd2900ed6c02f3b3;15993f2eb4a35ce3ab23b5e068b2d1efc5820f6c09fb34f1f46f25a372cb4051;2026-09-28T19:47:05.797752+00:00;false
LOC-0063;LOC-0190;BICYCLE;2026-08-17T07:00:00+03:00;OK;2084;35;10063;LOCAL_VALHALLA_MATRIX;6e31ad744db8974f0e6eecf59ea557778493c9bfa52429018a4066bdf4a40979;425e2e303ed5b439b17f2bb641eaedecdd0dd10bdc485fc82228cd31f3535f8d;2026-09-28T19:47:05.797752+00:00;false
LOC-0063;LOC-0196;BICYCLE;2026-08-17T07:00:00+03:00;OK;1940;33;9053;LOCAL_VALHALLA_MATRIX;225bbcac16813edbb7d7faccb030a2810241104cece8eb4cdefb09ba5deb9fec;22df45321a45c9a50c7579938bb099b4258bbdb27940e3fdf3aa287b675f4410;2026-09-28T19:47:05.797752+00:00;false
LOC-0064;LOC-0002;BICYCLE;2026-08-17T07:00:00+03:00;OK;2143;36;10185;LOCAL_VALHALLA_MATRIX;b8f759cbcf2e18492cda688c86002264f24fef8bd6d8c51c8134eff9e51717e7;a001d01326d4606dba41aa2473a6707adf285fd8db03ac386fbed510e10dc963;2026-09-28T19:47:05.797752+00:00;false
LOC-0064;LOC-0008;BICYCLE;2026-08-17T07:00:00+03:00;OK;2197;37;10499;LOCAL_VALHALLA_MATRIX;dcf897ac645bf775332528a42210424232a35de9400bda99c2a9bf382ed2ce9c;52e4148b76ab164adae27bd865cfa934c1ed15a06f189e757c6c53e752a4beff;2026-09-28T19:47:05.797752+00:00;false
LOC-0064;LOC-0009;BICYCLE;2026-08-17T07:00:00+03:00;OK;1330;23;6302;LOCAL_VALHALLA_MATRIX;38ddab8f2317e53c58daa376e199f2988e6c1cd610512adedab0fc8f1b6db2b6;cf135e1c1b922ab97778e76721c303508afce3ff1604fc7e4b0e82339b276b6e;2026-09-28T19:47:05.797752+00:00;false
LOC-0064;LOC-0010;BICYCLE;2026-08-17T07:00:00+03:00;OK;2312;39;10924;LOCAL_VALHALLA_MATRIX;ef4e66c5541b9c5f32bca28f9b77fb08c04c08012c3acc018cf25cf267244197;59d2dee12d8834f40b2b9a827101c62183ba4e0474f9518782130a00ad71ad80;2026-09-28T19:47:05.797752+00:00;false
LOC-0064;LOC-0011;BICYCLE;2026-08-17T07:00:00+03:00;OK;1941;33;9261;LOCAL_VALHALLA_MATRIX;c8fba808b1ef8b2707a40186cc4caedfd39c72d95fa8a26ae9a8e39264d51b01;62133d8242892d987ff68c5b8ed2a323fef78a6700fc9a3c822db7c07dc04e18;2026-09-28T19:47:05.797752+00:00;false
LOC-0064;LOC-0012;BICYCLE;2026-08-17T07:00:00+03:00;OK;1896;32;9056;LOCAL_VALHALLA_MATRIX;34b5b83eb57baaace58105b40262d2b4d56ab69fd67fa5477fee63d2a5581bc8;bfab48a1a913711ba47d7bc14eb5a2dab9e09eccc0a8c36948f072d6f027c6aa;2026-09-28T19:47:05.797752+00:00;false
LOC-0064;LOC-0013;BICYCLE;2026-08-17T07:00:00+03:00;OK;2248;38;10718;LOCAL_VALHALLA_MATRIX;79dfa919664456d29d0e97c2e80280cb6ea203d0db036abc8b560ef3279f3781;7cd2b3acd29716537e834fc573137ff680fcb68a747aba2ea68b7018b94df597;2026-09-28T19:47:05.797752+00:00;false
LOC-0064;LOC-0016;BICYCLE;2026-08-17T07:00:00+03:00;OK;1291;22;6149;LOCAL_VALHALLA_MATRIX;f17b3ff4ec897572d0f1ac2679c8b7fb415cf96e4958ea5aba2e2abf8c1abf23;8f598d43d9e332cf90dd537d6278b2f2e43a07d499981adcc0342d20e15e53c6;2026-09-28T19:47:05.797752+00:00;false
LOC-0064;LOC-0017;BICYCLE;2026-08-17T07:00:00+03:00;OK;1322;23;6052;LOCAL_VALHALLA_MATRIX;d1829723001a88bd39c40e764e02f7254b5bfd4a17242cd1c82d10eb5a441a60;cb4f63cb049afab37f422f4cc19d28d39a28028af0c644e0f313e5691c9d5729;2026-09-28T19:47:05.797752+00:00;false
LOC-0064;LOC-0018;BICYCLE;2026-08-17T07:00:00+03:00;OK;1357;23;6247;LOCAL_VALHALLA_MATRIX;b8f294b9dbf093a6a6dee04c24cf0b060bfdb9469f1eb4881e169e0fa248a0c8;caed8a85829640158fdcad23ca35b6915f0c6367fb0b7dca258fe77a84502fa4;2026-09-28T19:47:05.797752+00:00;false
LOC-0064;LOC-0019;BICYCLE;2026-08-17T07:00:00+03:00;OK;2277;38;10894;LOCAL_VALHALLA_MATRIX;0c672a262e3f8ea3a73ed0ecacface12700bbb71a4ec4c943ead5d44dfc70335;04da47bee49048a7827a41215b114975b955b9195acc21a47cd0608a618fc1b9;2026-09-28T19:47:05.797752+00:00;false
LOC-0064;LOC-0020;BICYCLE;2026-08-17T07:00:00+03:00;OK;2308;39;10931;LOCAL_VALHALLA_MATRIX;9c2e9394b8b460b33aa74cd55cc29440a6d8b98c2399f2e62261f57be5208bd7;03f780a5d34903d90e7e6cac752dbba7a5472fc9b25c52c81daf8b1b9eff1ecc;2026-09-28T19:47:05.797752+00:00;false
LOC-0064;LOC-0023;BICYCLE;2026-08-17T07:00:00+03:00;OK;1730;29;7981;LOCAL_VALHALLA_MATRIX;888b9cb59ef93e73b40c488595196855482947fa2ae06aa440e7861cc2ded887;9d71e7008061ceb30d2ea8d8f9246ea049daa26dea4ed5dc2871607e64c6cc29;2026-09-28T19:47:05.797752+00:00;false
LOC-0064;LOC-0027;BICYCLE;2026-08-17T07:00:00+03:00;OK;1035;18;4799;LOCAL_VALHALLA_MATRIX;fdb64ea7a89e79f53aeb7f819eb123ff9b76ce5afceabf6f43305002725ba3e2;0eb8dce295e56d8c0822f9b714dea0132d1ce3fb740726578e25578ad673e668;2026-09-28T19:47:05.797752+00:00;false
LOC-0064;LOC-0028;BICYCLE;2026-08-17T07:00:00+03:00;OK;736;13;3196;LOCAL_VALHALLA_MATRIX;297f947505a3c73a80419e5ed1621540e83ffc5de1a55e642559bd6441f762a2;5fe698d2caf84d2a8eda1a65e49d7e3b1cd2d6b6f523bec3cb8472f362b5b62b;2026-09-28T19:47:05.797752+00:00;false
LOC-0064;LOC-0029;BICYCLE;2026-08-17T07:00:00+03:00;OK;699;12;3067;LOCAL_VALHALLA_MATRIX;f4cda95e83be4ec2727d91169ebd3066116b2b92a25fa925ba1ca7430fd58441;3e7311b9683f41e0db6e72f4b18cb94c77217a220612de317c314b3808840804;2026-09-28T19:47:05.797752+00:00;false
LOC-0064;LOC-0037;BICYCLE;2026-08-17T07:00:00+03:00;OK;2144;36;10101;LOCAL_VALHALLA_MATRIX;ace8b0bf1a65598718a6e191051045cd59ec97fc7f2511f9592cc6afcb7b613f;8828a45ec41837c17ec1a5e335c5593a62a0037525435d656c6e360515382447;2026-09-28T19:47:05.797752+00:00;false
LOC-0064;LOC-0045;BICYCLE;2026-08-17T07:00:00+03:00;OK;787;14;3425;LOCAL_VALHALLA_MATRIX;b8488ca65bc37c402705ff3ef9cb2be9cac9b71360f923862a8c47eb2315d8cb;9422c86127eda35af8046087141b114e2bae6b2170b397aeb96014e65c6bbb4a;2026-09-28T19:47:05.797752+00:00;false
LOC-0064;LOC-0053;BICYCLE;2026-08-17T07:00:00+03:00;OK;1402;24;6726;LOCAL_VALHALLA_MATRIX;afdab205a220052900cdc878de6b96945dc62b48d21521d0e42b75f47a6153e5;498cf766c783d52e1d06cfdd572593f0aa2051fe2688a9d1b050c65c32e3527d;2026-09-28T19:47:05.797752+00:00;false
LOC-0064;LOC-0054;BICYCLE;2026-08-17T07:00:00+03:00;OK;2121;36;10047;LOCAL_VALHALLA_MATRIX;ac86726a7e6ca7f187c92c299fced6b15ecbe1d6fa75880d5b1ac72de23c3b40;54fb061e22fd98729556bccee52027c146cbc7ffbac8522a6ee82415eb068575;2026-09-28T19:47:05.797752+00:00;false
LOC-0064;LOC-0061;BICYCLE;2026-08-17T07:00:00+03:00;OK;1900;32;8923;LOCAL_VALHALLA_MATRIX;171e958aa31a6ca32cf98965fbc0c7932e01c06fc34545dc445b1d4a9182aee9;9d4444ff6b79995dcfe6477613bf14b69b8eeb7df516c4250d4e5ab641638894;2026-09-28T19:47:05.797752+00:00;false
LOC-0064;LOC-0063;BICYCLE;2026-08-17T07:00:00+03:00;OK;241;5;901;LOCAL_VALHALLA_MATRIX;2d79a1f7f40991b5dbdeaa4542d188d40401be1555313ff888edb71161118937;86959e490db85beb24b6874611bdafbeaf456545acbae9512954304cd52cfa1d;2026-09-28T19:47:05.797752+00:00;false
LOC-0064;LOC-0064;BICYCLE;2026-08-17T07:00:00+03:00;OK;0;0;0;LOCAL_VALHALLA_MATRIX;7129d02ff4ae52c2753ab5aaee3b5931c72ee198e809261858c94c54224f8ef2;3d5812abc84c11768aa73a732c85d75dbed439188f5bb3239e9b762ea31d9862;2026-09-28T19:47:05.797752+00:00;false
LOC-0064;LOC-0074;BICYCLE;2026-08-17T07:00:00+03:00;OK;1312;22;6119;LOCAL_VALHALLA_MATRIX;f96da50872a3dab53a3e4abf3f000ce8b88e1ba290df59190a41165bc4b27d2a;ccff30a7c1782d67121440c39e9ec6d819b38009b6ea73c28e5e56960a6cf760;2026-09-28T19:47:05.797752+00:00;false
LOC-0064;LOC-0075;BICYCLE;2026-08-17T07:00:00+03:00;OK;1293;22;6026;LOCAL_VALHALLA_MATRIX;94dbf44fa1de496d80d7852ec1584f77e2e975672c96ae12c4463ca6dc52477e;f11978f6d9cddc3d341356f2b1bae64e683700664e45b4e3bd069900a38fb085;2026-09-28T19:47:05.797752+00:00;false
LOC-0064;LOC-0076;BICYCLE;2026-08-17T07:00:00+03:00;OK;1126;19;5244;LOCAL_VALHALLA_MATRIX;840328e7122ed20b7e6cb5b9d317d331d533d8eaacf501cec5f4914890661d1b;de2ae0cae8eb52541a43500a1bc400c35b8e6b8918989b1e04482c0dd5c6f2fe;2026-09-28T19:47:05.797752+00:00;false
LOC-0064;LOC-0078;BICYCLE;2026-08-17T07:00:00+03:00;OK;538;9;2287;LOCAL_VALHALLA_MATRIX;7102ec39702a698a8893ea10ff0f0bc39528b0478f90ed3132cd3003b986584c;fcd33ed4deeaebce4f3dd645b26a80a42f7025030f4f567060e0787d0b1a1f17;2026-09-28T19:47:05.797752+00:00;false
LOC-0064;LOC-0080;BICYCLE;2026-08-17T07:00:00+03:00;OK;1406;24;6557;LOCAL_VALHALLA_MATRIX;c67da5ca0157a469fd0acde846ea6e3eac4784112974e14a1a23583317a87526;af9cc45cdcf816222e6fa200950919def7e12a87f651c579ab14a1159ba8543c;2026-09-28T19:47:05.797752+00:00;false
LOC-0064;LOC-0082;BICYCLE;2026-08-17T07:00:00+03:00;OK;292;5;1174;LOCAL_VALHALLA_MATRIX;0f3f8bb41002dee9a2d397c63716fbc36d9676cd997d300b4ee58c07c2174a0e;bad7c378f9ba5bf748773ce38b8f68ba1c44e2686a8840336c68b408dc1b8806;2026-09-28T19:47:05.797752+00:00;false
LOC-0064;LOC-0085;BICYCLE;2026-08-17T07:00:00+03:00;OK;2372;40;11298;LOCAL_VALHALLA_MATRIX;c8477036aa7624777ea8e42165c1e352a9b506f38adb1e93415198bd263e366c;422adb48f1dd618db351f3229c9bc63f84f5a4c3ed4d220b7c21040f164aaf0a;2026-09-28T19:47:05.797752+00:00;false
LOC-0064;LOC-0086;BICYCLE;2026-08-17T07:00:00+03:00;OK;2418;41;11362;LOCAL_VALHALLA_MATRIX;fa6b47052ac4c4929b525b3331536e29e6e6243f4fcc5da0a5582952f596bcd0;82890dd4b00e8405d96a44989cc47988836bd98c8bf6fa4405a03d07e1008660;2026-09-28T19:47:05.797752+00:00;false
LOC-0064;LOC-0091;BICYCLE;2026-08-17T07:00:00+03:00;OK;2137;36;10064;LOCAL_VALHALLA_MATRIX;a06574fa25942be459894f6bec78480e202a106e05b9c70a8e80bfdbc3251c87;d9c36e9ec71d533c2548e786f9758aa9dccef8e268397d1647b571849b5dde6c;2026-09-28T19:47:05.797752+00:00;false
LOC-0064;LOC-0092;BICYCLE;2026-08-17T07:00:00+03:00;OK;2001;34;9479;LOCAL_VALHALLA_MATRIX;13ba6effb8a7d51e7fdf5558abbbe9f537bd770754ce55171a1ecef3ccd00d0b;c44f5044f1eb54abe6a683223a3e135474fcacc7a2c00ad9f79f18afeaebd3d9;2026-09-28T19:47:05.797752+00:00;false
LOC-0064;LOC-0093;BICYCLE;2026-08-17T07:00:00+03:00;OK;1994;34;9289;LOCAL_VALHALLA_MATRIX;509ba49372f09c2c65f7f037afc734fcd014f3c3e3ec7cb011ce7b9edcb81bf9;07712396240320e057dfb104d7ea52d57b9b0ddd37edbaeafeba636dbcd69176;2026-09-28T19:47:05.797752+00:00;false
LOC-0064;LOC-0094;BICYCLE;2026-08-17T07:00:00+03:00;OK;2531;43;12048;LOCAL_VALHALLA_MATRIX;7c9756db1fac512c966612e1bfef1ec221270e68ceae073da16c8bfedfb4555b;d0258d9da88135877020e70f324b68c5b0564830f4e1195732043dce6b31a79c;2026-09-28T19:47:05.797752+00:00;false
LOC-0064;LOC-0095;BICYCLE;2026-08-17T07:00:00+03:00;OK;2710;46;12866;LOCAL_VALHALLA_MATRIX;963e25496f44acaa31276854dfb7b36ede71b1354be58e15dc609ad0e54a1dbf;16983a1c1e682756f669154be49e17f9468efdeed0b55a0d564f34a73579e346;2026-09-28T19:47:05.797752+00:00;false
LOC-0064;LOC-0102;BICYCLE;2026-08-17T07:00:00+03:00;OK;266;5;1213;LOCAL_VALHALLA_MATRIX;541c4c5a79bc91ed725ffae56b1df7f0495a9295390bc2753c6f0535603e9103;ac26028481145d7c5e2f39b3999039fa66e898f452b22ab88c857155cf32563b;2026-09-28T19:47:05.797752+00:00;false
LOC-0064;LOC-0112;BICYCLE;2026-08-17T07:00:00+03:00;OK;1620;27;7653;LOCAL_VALHALLA_MATRIX;7d6a3fd7d031c37fc93f728aa88f4adc423c04fbdab0a2fe64deb2b5b8b739b5;b03356d9d1347362a8af4b8421d69399725fef0ca3571e2585cb01990497cd5d;2026-09-28T19:47:05.797752+00:00;false
LOC-0064;LOC-0124;BICYCLE;2026-08-17T07:00:00+03:00;OK;1194;20;5643;LOCAL_VALHALLA_MATRIX;d6f296ce8f6f2bb06194b37b8107fa88b9106b1118bc8d00f96c108f096111a9;81a2c1e7bed8326610af021112a77fdf26017837cf81357520b2a51c77747442;2026-09-28T19:47:05.797752+00:00;false
LOC-0064;LOC-0125;BICYCLE;2026-08-17T07:00:00+03:00;OK;1534;26;7090;LOCAL_VALHALLA_MATRIX;a49e815434b7d3da3f08eda582f39a45eacf0d84b104c7e0592fc72d25fb7dfa;d568403d462c64dc1c41f24b37b997208c98b471577c95c314545968cd0e937c;2026-09-28T19:47:05.797752+00:00;false
LOC-0064;LOC-0126;BICYCLE;2026-08-17T07:00:00+03:00;OK;1581;27;7365;LOCAL_VALHALLA_MATRIX;9e673e27d0e687da266784e9a5ff565d93b642fa2b89c75d516b5f94122f155f;18da14a3a3dca65362841b8aac0b80a9e8e74abce7eb4f0056fa453c13c9ab2d;2026-09-28T19:47:05.797752+00:00;false
LOC-0064;LOC-0128;BICYCLE;2026-08-17T07:00:00+03:00;OK;2068;35;9744;LOCAL_VALHALLA_MATRIX;a5c34cf4f243b98691656c9bf6399bf078ede3f1ff9318f22bb45e4c742eb928;9837e62ffd87c12f27649d2a0a88f76c984f6fe7e9dd92be542e72ef61545e25;2026-09-28T19:47:05.797752+00:00;false
LOC-0064;LOC-0134;BICYCLE;2026-08-17T07:00:00+03:00;OK;2168;37;10340;LOCAL_VALHALLA_MATRIX;2da9f972972f00c639e2e390e2723fb48f56f93ccba2aad21d253cd2735996bc;bfad37f44b0a5821fd9f68076b69551df4972afc8d641fa4a8ea82194f75f864;2026-09-28T19:47:05.797752+00:00;false
LOC-0064;LOC-0135;BICYCLE;2026-08-17T07:00:00+03:00;OK;2166;37;10324;LOCAL_VALHALLA_MATRIX;fe68baa4847623e7b207f8d62d4b888b065972d3f47711a8a124997c57685763;da2dd2efba783cadd77878b71f63614214335a8af73c3a7b40c314b5b4262dd7;2026-09-28T19:47:05.797752+00:00;false
LOC-0064;LOC-0136;BICYCLE;2026-08-17T07:00:00+03:00;OK;2307;39;10970;LOCAL_VALHALLA_MATRIX;0181d2605f427823b29923b52f0524230afe206b6d84c32e17f9c06ba700af50;fa2041d3393102ec42e5338fb9c86febf6fdac533e618efb2e24c5ac5adbfc20;2026-09-28T19:47:05.797752+00:00;false
LOC-0064;LOC-0140;BICYCLE;2026-08-17T07:00:00+03:00;OK;1479;25;7094;LOCAL_VALHALLA_MATRIX;ff19f581224c34be9939c86bc1a62162d835f4e50c14bc2433c5c9d0925e3480;11541a4cb89ed65d5c8eb5a48f828f8ff5b867fff528e6ec3a5ac9972aacf318;2026-09-28T19:47:05.797752+00:00;false
LOC-0064;LOC-0141;BICYCLE;2026-08-17T07:00:00+03:00;OK;1386;24;6434;LOCAL_VALHALLA_MATRIX;384e6c43a99d2d6b3d6b3879738b6ac486ffd962e04b3d2ccaa74ebc99dbf247;51addf1d8c5e4e7e5381751543037dd4ef92e24dd7eb5de5d863126ec1c21584;2026-09-28T19:47:05.797752+00:00;false
LOC-0064;LOC-0142;BICYCLE;2026-08-17T07:00:00+03:00;OK;1477;25;6871;LOCAL_VALHALLA_MATRIX;4cc210874e83b86f3c6b996ebe5824cf6fc088432e69f1f0bc609ab3c35ff161;fe6a04cc3cfc30c0106c96cd240ac1f99edeee516c1de91c1f872f566e392675;2026-09-28T19:47:05.797752+00:00;false
LOC-0064;LOC-0145;BICYCLE;2026-08-17T07:00:00+03:00;OK;2016;34;9593;LOCAL_VALHALLA_MATRIX;3d3c4e17bcb857150a6ca0382a984e649b7c042770fad52ca18e1dee627db66c;2b3a3aeaf4ad5637c52afa60f5f064a7c4cb391828e6b20a2326f98b5e1f4aff;2026-09-28T19:47:05.797752+00:00;false
LOC-0064;LOC-0148;BICYCLE;2026-08-17T07:00:00+03:00;OK;1253;21;5851;LOCAL_VALHALLA_MATRIX;8f4df5d188f4571497386f7e823387d15c575bcf1fb3713296ceae3ffa536e3b;25d6ce3aca6d7b4779ff4af02b9fd5a34b4efce915876ce1001fa568026590bc;2026-09-28T19:47:05.797752+00:00;false
LOC-0064;LOC-0149;BICYCLE;2026-08-17T07:00:00+03:00;OK;1198;20;5592;LOCAL_VALHALLA_MATRIX;fa16b49f1434c4407821734db3f68611b85bc18f79780246cf35983396695543;0d03bb26810146eeffd684669e8ae2809fcb5012559001c0dd9d074cbe482691;2026-09-28T19:47:05.797752+00:00;false
LOC-0064;LOC-0150;BICYCLE;2026-08-17T07:00:00+03:00;OK;1161;20;5411;LOCAL_VALHALLA_MATRIX;84f7b4e61a48d41778c612099e799ea9c153657f3c59bc24cb2a0a235ad6f862;9aae9830fe6dcf6f65a2999089422c572dccc237d390547b22ba8a2662a3db3e;2026-09-28T19:47:05.797752+00:00;false
LOC-0064;LOC-0151;BICYCLE;2026-08-17T07:00:00+03:00;OK;1410;24;6462;LOCAL_VALHALLA_MATRIX;5e820674db1b947c2b9d56baa547694284cf20c98a7cc5ef49348d34182d4252;1a870dd6f6d4a83d6f735b30fa521c34e7a5bd78f46f4482113c44374009280d;2026-09-28T19:47:05.797752+00:00;false
LOC-0064;LOC-0152;BICYCLE;2026-08-17T07:00:00+03:00;OK;1429;24;6554;LOCAL_VALHALLA_MATRIX;4aef925303e9fbeced55664e4fb4f6b3ac20706e3e407416819fa01916a22966;915f912b6e8dd8dcfd6e3f080ff8b4fe17e5b7fd78c7d780ef607199449882e2;2026-09-28T19:47:05.797752+00:00;false
LOC-0064;LOC-0190;BICYCLE;2026-08-17T07:00:00+03:00;OK;1601;27;7655;LOCAL_VALHALLA_MATRIX;db4bed505e433d7104e13ce2f30598d3dcc510aa44e2b0a5b54ad46579bceb92;ae38ed7c58a22d8270344f7327ec506ca921e8b8f37b0d2a81570efef78cb04e;2026-09-28T19:47:05.797752+00:00;false
LOC-0064;LOC-0196;BICYCLE;2026-08-17T07:00:00+03:00;OK;1816;31;8334;LOCAL_VALHALLA_MATRIX;9b432080f2aea1eaf4de2c4d0b5536d87cc84592b85f8ffeb7997e4204e9de16;47c133bb5cf52641fbbce5b8e484694f14cb670f182dbf2ae5feaf99fc713311;2026-09-28T19:47:05.797752+00:00;false
LOC-0074;LOC-0002;BICYCLE;2026-08-17T07:00:00+03:00;OK;1727;29;8147;LOCAL_VALHALLA_MATRIX;6f25cdb99884fac21949aea72b78b453edde256ace6d393304e67be700b8a5d2;4123e7b2843548f8528f484233287a7da7b02b85e0ae6a7046efe5a2db6e0b6c;2026-09-28T19:47:05.797752+00:00;false
LOC-0074;LOC-0008;BICYCLE;2026-08-17T07:00:00+03:00;OK;1350;23;6342;LOCAL_VALHALLA_MATRIX;d23520b8821e0c76d30e2555fe62851ba0ca4156011fe58ae4297aec93291205;58091a1abd3f692deb8b8d2cc8ba9be2e47a7257fe86fdbb2ceb1b86f4ee357b;2026-09-28T19:47:05.797752+00:00;false
LOC-0074;LOC-0009;BICYCLE;2026-08-17T07:00:00+03:00;OK;2216;37;10360;LOCAL_VALHALLA_MATRIX;6367fc21bb345c276a22a6699f672586825bc376603e6c38e4aa30c7bed963b7;3e1354a549e17c4b428230796cb6056762f02de18d5d76dd8be2da1d95706e25;2026-09-28T19:47:05.797752+00:00;false
LOC-0074;LOC-0010;BICYCLE;2026-08-17T07:00:00+03:00;OK;1366;23;6319;LOCAL_VALHALLA_MATRIX;519017890a011969af51178fab8563cd6bdbe1ef6362d8a99f14ab406485b809;18961c3a0a92a25bff87a2563fd13d98db8ac342f52f1584c68ee49b9e71f4e1;2026-09-28T19:47:05.797752+00:00;false
LOC-0074;LOC-0011;BICYCLE;2026-08-17T07:00:00+03:00;OK;1219;21;5701;LOCAL_VALHALLA_MATRIX;72d1e6fc776700a7a4c21f233ec0d4f451ba05916c8d4acc08880173ef469d8c;7a76198c4930576d52b06b023e5d497ad6ab2ffe60af2eda4c49c31e0353cd28;2026-09-28T19:47:05.797752+00:00;false
LOC-0074;LOC-0012;BICYCLE;2026-08-17T07:00:00+03:00;OK;1049;18;4899;LOCAL_VALHALLA_MATRIX;d7bc56f6850462211ee06af1682b4d0e6c0cc7c705ba3986341bfb323af2d8e2;994c37eda6efaed541f68b0b3509b51dc8a5b3e2011bf3e05be2ad14ec9d1e2f;2026-09-28T19:47:05.797752+00:00;false
LOC-0074;LOC-0013;BICYCLE;2026-08-17T07:00:00+03:00;OK;1832;31;8680;LOCAL_VALHALLA_MATRIX;80df8dbc448481573e6ffa46415f8d6c3ed482dd8579119107c19594a15b8519;9176652bb69e16410e7846c67f5fad82449070f6c13f7fa170ce0258f7611b31;2026-09-28T19:47:05.797752+00:00;false
LOC-0074;LOC-0016;BICYCLE;2026-08-17T07:00:00+03:00;OK;2509;42;11970;LOCAL_VALHALLA_MATRIX;b2f779cde6dfd2f432a908908aede005f906d876805ea392fa8324538500dec3;269d06e1678f250d0df4531faf7531d5ff4a191824eccccc8def54ea4a8bfeab;2026-09-28T19:47:05.797752+00:00;false
LOC-0074;LOC-0017;BICYCLE;2026-08-17T07:00:00+03:00;OK;470;8;2200;LOCAL_VALHALLA_MATRIX;54245113084ebeb79daa7884ccc798e1ab3d776c5f68d0c8fd3664b2d38b62de;f98559b46c8ee70771c7e0269ce7e82da0c2d3b6fde1321553d816a95b0b1707;2026-09-28T19:47:05.797752+00:00;false
LOC-0074;LOC-0018;BICYCLE;2026-08-17T07:00:00+03:00;OK;512;9;2413;LOCAL_VALHALLA_MATRIX;d2712a21b407736a0624f7bfcbb955d1b6595db0b2a7c95103cceb79b919bf01;2f28ac8a46d761cfcf8147a3d48c49130a8175c8dbbc41829bee7e418cfc901d;2026-09-28T19:47:05.797752+00:00;false
LOC-0074;LOC-0019;BICYCLE;2026-08-17T07:00:00+03:00;OK;1429;24;6737;LOCAL_VALHALLA_MATRIX;4b4f2c6ecc2f1a648edca38cfee757376aa3b352c150d765c28f4e45b0b8c9b3;71690698cb8c2e949ada0424e6f1be83e10153b3b50ec2b649fefea2ce90253c;2026-09-28T19:47:05.797752+00:00;false
LOC-0074;LOC-0020;BICYCLE;2026-08-17T07:00:00+03:00;OK;1362;23;6326;LOCAL_VALHALLA_MATRIX;3c53930025f6d878764fdfa6faf3383e62f1fc445364ff0b58a8a081c96b0970;b7ea19b34e5c70f3022bc0ab6ff4822ecc46add70a5db09da688c4c43770bd06;2026-09-28T19:47:05.797752+00:00;false
LOC-0074;LOC-0023;BICYCLE;2026-08-17T07:00:00+03:00;OK;677;12;3123;LOCAL_VALHALLA_MATRIX;d0c9e064f044e9e8ce1eabf0150f90bdf21d3cecf12f11a4ebee65e3bb96143c;07ba0d6f04fbab7e1938694db79530ed2c492dfba1d63df9c35348c1440704bc;2026-09-28T19:47:05.797752+00:00;false
LOC-0074;LOC-0027;BICYCLE;2026-08-17T07:00:00+03:00;OK;453;8;2119;LOCAL_VALHALLA_MATRIX;36bce067a03cc898434a6a7d2c290351ad49b5bffabb0474d9c8decc9dfaa739;bf7a0bbc287afc0bb8feee71f259adc2576a5f60b2ae962970769f2ad3a7d33b;2026-09-28T19:47:05.797752+00:00;false
LOC-0074;LOC-0028;BICYCLE;2026-08-17T07:00:00+03:00;OK;1575;27;7386;LOCAL_VALHALLA_MATRIX;6fbbec207117018584b3228e845da57cbc79e6ee0076455b0e7175a96dffdd2e;8e27d9e853733f56ab89f6406ca62725724983c8eecd7a9022649aea504e73bf;2026-09-28T19:47:05.797752+00:00;false
LOC-0074;LOC-0029;BICYCLE;2026-08-17T07:00:00+03:00;OK;1501;26;7009;LOCAL_VALHALLA_MATRIX;b2fa67a9b4d88be21c5afead1923eff0ef0214477760371e5d049bb20c2a0ae2;de4ab2bf76e73bd4d58d3f22b5dbafd7efa6d221f2ac62e1f8a92885c57f896d;2026-09-28T19:47:05.797752+00:00;false
LOC-0074;LOC-0037;BICYCLE;2026-08-17T07:00:00+03:00;OK;1443;25;6824;LOCAL_VALHALLA_MATRIX;044e08be1cc3276db179a0f393d501ff15f2bd5180ac4182f94fc07d80e9a45f;844df72e45cc38b28a293e5abecc12d6f08e95521a632e99fe9c75db6056f597;2026-09-28T19:47:05.797752+00:00;false
LOC-0074;LOC-0045;BICYCLE;2026-08-17T07:00:00+03:00;OK;956;16;4568;LOCAL_VALHALLA_MATRIX;496f369bdc099ff40a31e0936b91b68a0738ee2c797f1b9bac9451a01d41d18e;18c3185550516c52e2a067896a0f313b09aa75a63e7836c85e2f4bd6daeaff87;2026-09-28T19:47:05.797752+00:00;false
LOC-0074;LOC-0053;BICYCLE;2026-08-17T07:00:00+03:00;OK;2478;42;11857;LOCAL_VALHALLA_MATRIX;1b38da735206a5d68a8e44e571c44aa4f91edca1bfa7c58d58a2430ebbf00a80;7b8044428fc89de37ebb72ec851798987889e2557fb45189919a9e9b10d687f7;2026-09-28T19:47:05.797752+00:00;false
LOC-0074;LOC-0054;BICYCLE;2026-08-17T07:00:00+03:00;OK;1350;23;6384;LOCAL_VALHALLA_MATRIX;03825f0a754bb6ff1f04e6625d4324a0e83f719b4cacfcf55d633be87b7112d1;635519d036a5c5a5f52acf24c33261d524d18726f3f3bf9f080388ad7e8bb54b;2026-09-28T19:47:05.797752+00:00;false
LOC-0074;LOC-0061;BICYCLE;2026-08-17T07:00:00+03:00;OK;1087;19;4905;LOCAL_VALHALLA_MATRIX;c07610f8b9bb3dce427b4f9e010e8542afed21928b29a14464f8f972b589d917;27de6b48e6006ef0b7a8c6083d43ad5aa89e8c5f24c28c8835b55d8217cf2002;2026-09-28T19:47:05.797752+00:00;false
LOC-0074;LOC-0063;BICYCLE;2026-08-17T07:00:00+03:00;OK;1450;25;6836;LOCAL_VALHALLA_MATRIX;6da3844eb73fac9c3e9e66fd191db29c435a19695be8acd04631eef8ea676322;9bf02c4cbb89b19e5ba7e1237d3ec4d0a3fc014bb6dffce94a664455ad359c4c;2026-09-28T19:47:05.797752+00:00;false
LOC-0074;LOC-0064;BICYCLE;2026-08-17T07:00:00+03:00;OK;1291;22;6139;LOCAL_VALHALLA_MATRIX;f831d6089dbd9c8fd542054bb0f944b7a5eda58909dde4758b2a7d3fcb198bca;4b994935775b421d0016a9a88678a3b67f0b10391df6f70b547f9c19b4ee94b7;2026-09-28T19:47:05.797752+00:00;false
LOC-0074;LOC-0074;BICYCLE;2026-08-17T07:00:00+03:00;OK;0;0;0;LOCAL_VALHALLA_MATRIX;67b7352b939a4e28e7c947ec6be199348546e491616dea877c7d7d1ddcb49a1f;3d5812abc84c11768aa73a732c85d75dbed439188f5bb3239e9b762ea31d9862;2026-09-28T19:47:05.797752+00:00;false
LOC-0074;LOC-0075;BICYCLE;2026-08-17T07:00:00+03:00;OK;200;4;873;LOCAL_VALHALLA_MATRIX;80f32a4e13e4321db0cc76719bd0477f9fbc44474b7882704062062823b4142a;9b279f694b932b1903225b9f8277dee7fa0e5180732b7bfd1062f17831502527;2026-09-28T19:47:05.797752+00:00;false
LOC-0074;LOC-0076;BICYCLE;2026-08-17T07:00:00+03:00;OK;2264;38;10593;LOCAL_VALHALLA_MATRIX;565a7c6c05111c7a29debd43455067e6decf9bb31198a08a542dcfdde8dfe783;15272d65732b6fd30130c35384be113482c135e46ac86762937071e14370fdf0;2026-09-28T19:47:05.797752+00:00;false
LOC-0074;LOC-0078;BICYCLE;2026-08-17T07:00:00+03:00;OK;1072;18;5108;LOCAL_VALHALLA_MATRIX;e44d884e1f253da124d4f4d0e3b40ad7bc8c4ada1608b094329877aedfee99e9;fe2b4036c77c8c0ae9ad9bc4b0d54b452f9e9d71b50c1a432f7dc6c0c163ca8e;2026-09-28T19:47:05.797752+00:00;false
LOC-0074;LOC-0080;BICYCLE;2026-08-17T07:00:00+03:00;OK;179;3;793;LOCAL_VALHALLA_MATRIX;21cc507e2cff7300ce03fd7263c4bbbc468d4f73f9b8722cd96d7ee87fe850b1;b818c4552aca4bb0adb5e93ab30d7cc0d74d995912d528f59ddfc3575bce4347;2026-09-28T19:47:05.797752+00:00;false
LOC-0074;LOC-0082;BICYCLE;2026-08-17T07:00:00+03:00;OK;1292;22;6189;LOCAL_VALHALLA_MATRIX;4f72477c17f1849bf1f3090858b919978e1cff8dcd2ddc4450fef7140dbf44a6;075107209ab0dc7a1fb3a49967f984e9f642cfc441dafd33d4cdbe957f4c2012;2026-09-28T19:47:05.797752+00:00;false
LOC-0074;LOC-0085;BICYCLE;2026-08-17T07:00:00+03:00;OK;1957;33;9260;LOCAL_VALHALLA_MATRIX;cf347fb06e6d5be96d8a1d71de0e449b7fd4158e2213108027313a1ddad621b5;2d7a89496cb9cb5dbff3c5f5762a0b729eda23e0d51add401262955e054027da;2026-09-28T19:47:05.797752+00:00;false
LOC-0074;LOC-0086;BICYCLE;2026-08-17T07:00:00+03:00;OK;2003;34;9324;LOCAL_VALHALLA_MATRIX;ed7ab327c01e92da95aabf03ed2373bf9fb528700cd2018fec22a1de11e9be9f;d38f9e2540bb2c08fbc8fd7b9d4a9591148324782c8356a77acd9149e5a65aa3;2026-09-28T19:47:05.797752+00:00;false
LOC-0074;LOC-0091;BICYCLE;2026-08-17T07:00:00+03:00;OK;1157;20;5392;LOCAL_VALHALLA_MATRIX;6c779e8e4b9edb1c0f6e583d5d79e5c2b53271e0cbc6c5a0737c42ae3cccd882;e2747a3be7c760a9ab203c10f22d44dfb6f4ce068877ff0cfc43f073a43c635a;2026-09-28T19:47:05.797752+00:00;false
LOC-0074;LOC-0092;BICYCLE;2026-08-17T07:00:00+03:00;OK;1055;18;4874;LOCAL_VALHALLA_MATRIX;31c23d1cf78d835cc4aae5cf071c51b0c3cd5492e268b3dc9586e38b646b85ee;3165d8fb7d3fc8194094ddea528bcb6e5c4ac52e05710c9ea1f9cc79894fa093;2026-09-28T19:47:05.797752+00:00;false
LOC-0074;LOC-0093;BICYCLE;2026-08-17T07:00:00+03:00;OK;1048;18;4684;LOCAL_VALHALLA_MATRIX;6928be7ee94184a7f18210480571a4c0a0ea39654004bf288973bb7d2e6862f6;9d6a1908c00ee7d0d2d03343de9efb8816bbbf4d75b40a42365336ba086f5876;2026-09-28T19:47:05.797752+00:00;false
LOC-0074;LOC-0094;BICYCLE;2026-08-17T07:00:00+03:00;OK;2116;36;10010;LOCAL_VALHALLA_MATRIX;1d7b32b2964daceace78e77d1c38d4244bbf6cdd3c73007b2f69ffed7d28091f;895d93c049b637bdeba7702510158a1b58038939de72d678c389fd7a3891c37d;2026-09-28T19:47:05.797752+00:00;false
LOC-0074;LOC-0095;BICYCLE;2026-08-17T07:00:00+03:00;OK;2295;39;10828;LOCAL_VALHALLA_MATRIX;30f970e8ed0b46bbd02ceefdd0e2f494c84313e8d3599b523683b3d664d421f2;3a8066044ae216483910013106f50b3ce1478e0e3664c924ffdb7d250713fb29;2026-09-28T19:47:05.797752+00:00;false
LOC-0074;LOC-0102;BICYCLE;2026-08-17T07:00:00+03:00;OK;1452;25;6957;LOCAL_VALHALLA_MATRIX;1aadfc81c60fa085eabe13413758ea2108bff34561ce27f4e50c3be10d1c4716;aee07f853850c8d0ba157ecb3d2365144795fdf64baf205ded3fb74a5ed19c02;2026-09-28T19:47:05.797752+00:00;false
LOC-0074;LOC-0112;BICYCLE;2026-08-17T07:00:00+03:00;OK;647;11;2966;LOCAL_VALHALLA_MATRIX;89e17d5d80ac4ce915e4deb5f0acbe792660ee73785cb4c6a09da10d324b2729;6fe4ddbaf8a2b596a582b78c8afd447dfff5e7238625b729f76cc0dc14852727;2026-09-28T19:47:05.797752+00:00;false
LOC-0074;LOC-0124;BICYCLE;2026-08-17T07:00:00+03:00;OK;2037;34;9695;LOCAL_VALHALLA_MATRIX;a3e7a08f940f0ca646beb24b2639c62fb6b86a5b2f1eee8ed0f50401949a64fb;15058b24d3851b85cb4824cf2b359535c0b48b26a9587d5681e76abd796a478a;2026-09-28T19:47:05.797752+00:00;false
LOC-0074;LOC-0125;BICYCLE;2026-08-17T07:00:00+03:00;OK;462;8;2100;LOCAL_VALHALLA_MATRIX;d82a99f9aa4bcdfbf28b2bcacde20ed364c82ae2ec97b291cd6156c06da544ad;db39d37bc95004a3f75d49cb02b770f0bd9fd1dc4d8fe414ef88867531bc43ed;2026-09-28T19:47:05.797752+00:00;false
LOC-0074;LOC-0126;BICYCLE;2026-08-17T07:00:00+03:00;OK;482;9;2174;LOCAL_VALHALLA_MATRIX;f0cf3a3a1ae620824b5628053e59e403ef7e6082b2bf36b2e1aa3c7c97dd391b;05236087d9fc0156e55fee3a3b7e0c701ab20010794c09eb2e1d3daf18c0f4f6;2026-09-28T19:47:05.797752+00:00;false
LOC-0074;LOC-0128;BICYCLE;2026-08-17T07:00:00+03:00;OK;1519;26;7150;LOCAL_VALHALLA_MATRIX;e174b8acacbb867406d9e4fc41380dab9419317d97a4610b920488f105fff7e5;75a6acbb3cffb0f0b6caeb3a65efe4f7887e8dc3225f331c37e9b47801fc0103;2026-09-28T19:47:05.797752+00:00;false
LOC-0074;LOC-0134;BICYCLE;2026-08-17T07:00:00+03:00;OK;1753;30;8302;LOCAL_VALHALLA_MATRIX;03762658b1c1bb51b6852f080c39eca890ffbdc2af5ae2793772bd57d5938114;f6e466ef63d596fc810757dd3be88ef4b1b8c1c01cedd2120046b933dc015a5c;2026-09-28T19:47:05.797752+00:00;false
LOC-0074;LOC-0135;BICYCLE;2026-08-17T07:00:00+03:00;OK;1751;30;8286;LOCAL_VALHALLA_MATRIX;af28156cf0d57c906913b61a2096820c2fa79fdc8857215aeeef4f7f1be71762;c77add5f004b757792460a7d64908b515947dc3389a80b33b50f50249d5d6095;2026-09-28T19:47:05.797752+00:00;false
LOC-0074;LOC-0136;BICYCLE;2026-08-17T07:00:00+03:00;OK;1892;32;8932;LOCAL_VALHALLA_MATRIX;82c39e3c44741f57a73d0d677031802ddec79b96c66f13918a5e09f4160b6aba;565613d6306fabc630b1a90f93d9ba4067e0e1f14a4402d125cea80d6ed475a0;2026-09-28T19:47:05.797752+00:00;false
LOC-0074;LOC-0140;BICYCLE;2026-08-17T07:00:00+03:00;OK;2208;37;10533;LOCAL_VALHALLA_MATRIX;14f5c407226a5bd8d6d729098ddd332c0e28244291f2b07d7012badb1436ed2c;278c81f69a75b6d4e42b18a8d9cc99a1fe65d6e8d5d7266f3d8cca8bd3cbc187;2026-09-28T19:47:05.797752+00:00;false
LOC-0074;LOC-0141;BICYCLE;2026-08-17T07:00:00+03:00;OK;1611;27;7523;LOCAL_VALHALLA_MATRIX;b84919ae42f0c052d1bdd93c566fa1000380e159401d2afe1e4e47ab771b5dd7;62522ed485b16eb883e354d471649412b756ad4b2d5256318a447c97bd1efe4c;2026-09-28T19:47:05.797752+00:00;false
LOC-0074;LOC-0142;BICYCLE;2026-08-17T07:00:00+03:00;OK;1562;27;7298;LOCAL_VALHALLA_MATRIX;f1e726f3afd7378978fd1f883662a8c15c013753ad5bce849e5567610e56307f;10a43ca444b7a69db6f63baee248dd175df08f73fab31906205cfd4163b6f57f;2026-09-28T19:47:05.797752+00:00;false
LOC-0074;LOC-0145;BICYCLE;2026-08-17T07:00:00+03:00;OK;1070;18;4988;LOCAL_VALHALLA_MATRIX;784a327c125ed6cda221bb974c2c359cc12c02c35ff7461aed1854c2241c4272;119729282bccae74d87b6b8cbbd383d708ba11d341c35bd85eb891d8326a2c2d;2026-09-28T19:47:05.797752+00:00;false
LOC-0074;LOC-0148;BICYCLE;2026-08-17T07:00:00+03:00;OK;236;4;1093;LOCAL_VALHALLA_MATRIX;1b19ebccc6e78c5ff3eab87889d8ae5ee869a492c01147d4cde05d8f607d8971;8795232d4c142d3d08436c4523af4108752de788b7242e89b0e93fada421e93b;2026-09-28T19:47:05.797752+00:00;false
LOC-0074;LOC-0149;BICYCLE;2026-08-17T07:00:00+03:00;OK;157;3;698;LOCAL_VALHALLA_MATRIX;5a36302413ec9b017bca84a018ceaab5ddafedd43c2b6ac24b01436e70064e13;2d6a211471aefb449b3d27ea48b53810ad7849126fea9e511463b661f746eb21;2026-09-28T19:47:05.797752+00:00;false
LOC-0074;LOC-0150;BICYCLE;2026-08-17T07:00:00+03:00;OK;164;3;720;LOCAL_VALHALLA_MATRIX;209cac44c4f91d92baad0e3ea92e27d7f54cb842d6d0d352f76c4118fbf7faf3;dd10993a05d37da0cd41ae9fede87d7211da93aef3dd022a3467a126deb44db8;2026-09-28T19:47:05.797752+00:00;false
LOC-0074;LOC-0151;BICYCLE;2026-08-17T07:00:00+03:00;OK;323;6;1498;LOCAL_VALHALLA_MATRIX;a1d5174aa48b049e86f73d665656e28e7eae6612a100b3c5578264aa39464b93;937f6061b47c155b8f7f168e22cbfa1a73b8180a36970371141b3930ad78b847;2026-09-28T19:47:05.797752+00:00;false
LOC-0074;LOC-0152;BICYCLE;2026-08-17T07:00:00+03:00;OK;325;6;1490;LOCAL_VALHALLA_MATRIX;b7ef6449c53a769e3227c6446f8ec8abaa0791ab09835a4548d0069620171c32;03bb7929e7878583e67010c11fbd204344ca18a1ac67b5028d431b2a5029a865;2026-09-28T19:47:05.797752+00:00;false
LOC-0074;LOC-0190;BICYCLE;2026-08-17T07:00:00+03:00;OK;939;16;4381;LOCAL_VALHALLA_MATRIX;56a684259194943075493d67cc8d46d1c64e1e4032f71edbb9441534b596d24f;4703c6a55214c42a669c015f1ab72ff055dbecd176e4738290954466cc9dee89;2026-09-28T19:47:05.797752+00:00;false
LOC-0074;LOC-0196;BICYCLE;2026-08-17T07:00:00+03:00;OK;967;17;4473;LOCAL_VALHALLA_MATRIX;0b6fc7a58112735b52f5f5b3602c85bfbfbc8379101788d2406031050e4396dd;87ec54785b0bd7e49fa34c8bf1f02eae3e31a65c692af9e58a839a4532b86e5b;2026-09-28T19:47:05.797752+00:00;false
LOC-0075;LOC-0002;BICYCLE;2026-08-17T07:00:00+03:00;OK;1828;31;8680;LOCAL_VALHALLA_MATRIX;325965e923ccc53240d89a76c272e2b2d8e0b28aec63a2f6c146d5c09e4dd23f;57a4d6af606704eece53d2e2cb10baa43e8e817fbc418378ffb5f91d9042b110;2026-09-28T19:47:05.797752+00:00;false
LOC-0075;LOC-0008;BICYCLE;2026-08-17T07:00:00+03:00;OK;1450;25;6875;LOCAL_VALHALLA_MATRIX;b697b08a79f59869ccff30c9fe9775b2c128240a2a2bd9f453a9a5118c236baa;61e48ad886390b9d45d2f2fb9f11c752bf1eaed957321ac9e81f914ca00a64e4;2026-09-28T19:47:05.797752+00:00;false
LOC-0075;LOC-0009;BICYCLE;2026-08-17T07:00:00+03:00;OK;2171;37;10151;LOCAL_VALHALLA_MATRIX;7d5e431457bb4c5c0bdfc9c459b969cb54347732ae24a5d23fb935596de8f476;b5bbdc53461733cc5a944eadf88e940a433f88a6188ae12259d6caedce88cdc9;2026-09-28T19:47:05.797752+00:00;false
LOC-0075;LOC-0010;BICYCLE;2026-08-17T07:00:00+03:00;OK;1440;24;6720;LOCAL_VALHALLA_MATRIX;dc0ec6f77801159ff7d5d63317146be0af06cc663aa267aee341de160a1d4a54;d63c30988086182237ebfe04849f82028989e96a919bf52c86d8ddf3e8118f36;2026-09-28T19:47:05.797752+00:00;false
LOC-0075;LOC-0011;BICYCLE;2026-08-17T07:00:00+03:00;OK;1320;22;6234;LOCAL_VALHALLA_MATRIX;6472d7d93ccd3f0c6518ff98f50473f3bb46a47ec992776f55fc234e6c32d89b;c6753cf7bee1265253262f04ac8ae5bc1d8251160ccc259905dd30b70e0c187a;2026-09-28T19:47:05.797752+00:00;false
LOC-0075;LOC-0012;BICYCLE;2026-08-17T07:00:00+03:00;OK;1149;20;5432;LOCAL_VALHALLA_MATRIX;eff04eaa45f8343b9118dba7f7cca606ec2c4ffdb84b498a2531b7e8fe4546da;6e5abd6cd8985905aa9f245c4204d5433a1e6fc28e3c0b48cc1a1559ee19a360;2026-09-28T19:47:05.797752+00:00;false
LOC-0075;LOC-0013;BICYCLE;2026-08-17T07:00:00+03:00;OK;1932;33;9213;LOCAL_VALHALLA_MATRIX;67ceab2414cc5d5c2044ae4d1c896016642b83135d335d4c09b78ecc444d3a98;4ed3a5e7c70481313f007cae0d4de38aa51174e0ccecd58e69c0e076af9016e7;2026-09-28T19:47:05.797752+00:00;false
LOC-0075;LOC-0016;BICYCLE;2026-08-17T07:00:00+03:00;OK;2609;44;12503;LOCAL_VALHALLA_MATRIX;996afd48717909ebaaf06acf5eae75e28cd3377ec6ca36c8440ca4f9c635da4a;488c4ec89cdcadfd560e00aeb4e3848dde4706109ef347079687316382f8b7b2;2026-09-28T19:47:05.797752+00:00;false
LOC-0075;LOC-0017;BICYCLE;2026-08-17T07:00:00+03:00;OK;315;6;1466;LOCAL_VALHALLA_MATRIX;544ae62afcbcb5b5c9aa10bf9173dec253d59c109cdecf6313985a0d32278bf8;654b01885159cbd1e1a461204fe1a848a71614d4991363ab618670d56fce3778;2026-09-28T19:47:05.797752+00:00;false
LOC-0075;LOC-0018;BICYCLE;2026-08-17T07:00:00+03:00;OK;358;6;1679;LOCAL_VALHALLA_MATRIX;f225515d863a52ee8e583d466a7ce6557f4b93abe6f9af7cbdaf139d2fe3bc92;16a7cdc4d72dcbf0bd7090476f72b4064cd9f4145a55d5eb5b84baed883d59de;2026-09-28T19:47:05.797752+00:00;false
LOC-0075;LOC-0019;BICYCLE;2026-08-17T07:00:00+03:00;OK;1616;27;7577;LOCAL_VALHALLA_MATRIX;3cc2b4f9bb2d7e1ece610b7f3d1df8a3c27fc101439693a7718662327ecdd833;d8fe4d5ba7299c2b46e2fe6ad49a01601f78d3d86fcee9daeb8428940da08ea4;2026-09-28T19:47:05.797752+00:00;false
LOC-0075;LOC-0020;BICYCLE;2026-08-17T07:00:00+03:00;OK;1436;24;6727;LOCAL_VALHALLA_MATRIX;ffb9aa1cac38a24c0236eabb3433558c328ea43c9a53a4cee7086674880791f7;cb3e5fdef129bca8edc1cbc6a6f9cc36e86805abdd43342bd551fe6619a6f4d6;2026-09-28T19:47:05.797752+00:00;false
LOC-0075;LOC-0023;BICYCLE;2026-08-17T07:00:00+03:00;OK;665;12;3082;LOCAL_VALHALLA_MATRIX;2b65c3bca7ea61f34175963455d47d1b6f904d31e9c3e7df1d17092375f12051;efe42cef44bc6a6b0c87250023d322a6aefabb4d5926a1e97f3819e38da332e4;2026-09-28T19:47:05.797752+00:00;false
LOC-0075;LOC-0027;BICYCLE;2026-08-17T07:00:00+03:00;OK;440;8;2064;LOCAL_VALHALLA_MATRIX;8fa8ea0aba25194d75669fd5af570a1b811432d8ff9e8ccd1d79388f062873e2;f02deb5e0cbd5a5b859b4964a1bd7ef3dc5767c9e7f32e037330a22eeaa43ee5;2026-09-28T19:47:05.797752+00:00;false
LOC-0075;LOC-0028;BICYCLE;2026-08-17T07:00:00+03:00;OK;1676;28;7919;LOCAL_VALHALLA_MATRIX;dcae2292714560e5aa960e4781bc925bd5169deec82f8781d16712c7f3f869f8;9ff66da2250ef329353a0daa6ef9a6cb9de5d1bd1b4d7f5564caeaf823f445c1;2026-09-28T19:47:05.797752+00:00;false
LOC-0075;LOC-0029;BICYCLE;2026-08-17T07:00:00+03:00;OK;1601;27;7542;LOCAL_VALHALLA_MATRIX;cad162713096babad6613602808726516de92bba2879d7a59eb3d08fa5f69a25;2a865d35bbe367eae82d241d43a237ae2b7a08c0b5a22d00991e7f1ec5ce3355;2026-09-28T19:47:05.797752+00:00;false
LOC-0075;LOC-0037;BICYCLE;2026-08-17T07:00:00+03:00;OK;1543;26;7357;LOCAL_VALHALLA_MATRIX;74e9a0af622d88f5935445e166e3a993bbe7e5827a6a2ee99cea244d4fb1b203;730663b3802bd1bd7cc72408c8b21f73ac0ee20cd8c1e1fcf1239a029d5d7cd1;2026-09-28T19:47:05.797752+00:00;false
LOC-0075;LOC-0045;BICYCLE;2026-08-17T07:00:00+03:00;OK;943;16;4513;LOCAL_VALHALLA_MATRIX;62883bee639f4567fb8114204035183cce76d53afb0c55cd0e8eaabd4cd103f5;00cf14a730fdaf762cdfc08eb695308d86a4dc15d249b64e28fdfeb04b84a10f;2026-09-28T19:47:05.797752+00:00;false
LOC-0075;LOC-0053;BICYCLE;2026-08-17T07:00:00+03:00;OK;2578;43;12390;LOCAL_VALHALLA_MATRIX;4fa72e8e5283f8f47c3de691dd0cd251ec479c71c216b2b34a891f54371df4b3;ad7e372ffd5ebf90232c0f048dff5d4a24885210450cd47d2ae323cfad9d2fdb;2026-09-28T19:47:05.797752+00:00;false
LOC-0075;LOC-0054;BICYCLE;2026-08-17T07:00:00+03:00;OK;1450;25;6917;LOCAL_VALHALLA_MATRIX;bf97ee169a681c47aaf0300bd6cae8c36a3788efeb2456ea7c9528b322df2ead;45e604863e4b80ec4fffe7a0443f663f4f9ddc752e890acf0d4d106ac8adbf8d;2026-09-28T19:47:05.797752+00:00;false
LOC-0075;LOC-0061;BICYCLE;2026-08-17T07:00:00+03:00;OK;1187;20;5438;LOCAL_VALHALLA_MATRIX;9149ac479dadab565e81289e23205958548d63c6d41abf81c0db2fc590ef0705;ba96f386d4c7628b4f6f61fd71645a842865b7802a2f04447ba1baa5a34872a9;2026-09-28T19:47:05.797752+00:00;false
LOC-0075;LOC-0063;BICYCLE;2026-08-17T07:00:00+03:00;OK;1437;24;6781;LOCAL_VALHALLA_MATRIX;a21ab3ac5cd097faf05b8caf345c5a50ea939d731f95d056801b4f57b04673dd;59ad846c05cba9e39d21cdfa1a15fbb365c514cd93fede1982d91521893feb8e;2026-09-28T19:47:05.797752+00:00;false
LOC-0075;LOC-0064;BICYCLE;2026-08-17T07:00:00+03:00;OK;1278;22;6084;LOCAL_VALHALLA_MATRIX;af308ff29fada137be9377a78dec64ad41e4de55cd9557ba0b3b71b7dbf5fc62;3ddd04f0a70cb609844feaa83838719539073bb3c58b64a809870269ae608b53;2026-09-28T19:47:05.797752+00:00;false
LOC-0075;LOC-0074;BICYCLE;2026-08-17T07:00:00+03:00;OK;172;3;734;LOCAL_VALHALLA_MATRIX;4007cf7ca61bf09fdb8fa00283196be51a4d2fa66bc7d4859baf2c4e76d100ca;109f737969ee17af931c410e9cafefd58a812c1310e5f3eb73f6342f7b70266d;2026-09-28T19:47:05.797752+00:00;false
LOC-0075;LOC-0075;BICYCLE;2026-08-17T07:00:00+03:00;OK;0;0;0;LOCAL_VALHALLA_MATRIX;076dd2eaea025f0429a6c7dae81a33cf757a9788dbc76a1023a93a41cf972dc0;3d5812abc84c11768aa73a732c85d75dbed439188f5bb3239e9b762ea31d9862;2026-09-28T19:47:05.797752+00:00;false
LOC-0075;LOC-0076;BICYCLE;2026-08-17T07:00:00+03:00;OK;2251;38;10538;LOCAL_VALHALLA_MATRIX;216bd2340d3109946e247cc5eedf089f714d395527ec3c641f9c76fce3c91453;f8a80b08863e53b9d14941318ab9ab0da4a41acf543c58f9b57600fa9d312408;2026-09-28T19:47:05.797752+00:00;false
LOC-0075;LOC-0078;BICYCLE;2026-08-17T07:00:00+03:00;OK;1059;18;5053;LOCAL_VALHALLA_MATRIX;0b60456c83e4fc60bf71f811abe27a5147a8c5c1d93cb7da9436bf2283294e47;2a6a395015fea9f3dd1aecd778f14b4273f28cea442e3acad4633b9c08fb44df;2026-09-28T19:47:05.797752+00:00;false
LOC-0075;LOC-0080;BICYCLE;2026-08-17T07:00:00+03:00;OK;167;3;752;LOCAL_VALHALLA_MATRIX;9702289bc5c8f6ae5c0a75d3750e4ec4c94456931bfac47e14b5e8a0b8286c60;a32d52b54999b7689006190082de7e17ba1549adbfc831e0d274d3aab72ad690;2026-09-28T19:47:05.797752+00:00;false
LOC-0075;LOC-0082;BICYCLE;2026-08-17T07:00:00+03:00;OK;1279;22;6134;LOCAL_VALHALLA_MATRIX;ef99a4d0355d49ea0124788f981a37d5671b97e47a6d8ab714a4d6ea946b4d96;ce3165f08105018664478566f07ed1ac7a6c3fbc97155b86643ec054cd09da35;2026-09-28T19:47:05.797752+00:00;false
LOC-0075;LOC-0085;BICYCLE;2026-08-17T07:00:00+03:00;OK;2057;35;9793;LOCAL_VALHALLA_MATRIX;cf041b423c274277bfb0c911d689b2140c801f7c8ee9f14972d01b0a559df392;ce2c486a8f945f92190ca817be005da801004f281a90afc54901c94f60b86d68;2026-09-28T19:47:05.797752+00:00;false
LOC-0075;LOC-0086;BICYCLE;2026-08-17T07:00:00+03:00;OK;2103;36;9857;LOCAL_VALHALLA_MATRIX;db4838b8b09eb5d137c73a4133fd2720023aa2bb4748a66e3a87105ccc16dfd8;da741aa6f0b44306ccbee6bbb31ea765783919b46d3ea87efd3486b1b5030ab1;2026-09-28T19:47:05.797752+00:00;false
LOC-0075;LOC-0091;BICYCLE;2026-08-17T07:00:00+03:00;OK;1276;22;6015;LOCAL_VALHALLA_MATRIX;67736a14f9b63b1308d70b569f02fd41f5e6519f7a687f240ff082f06fef027f;be4f4f16647f46c66ddeb54ad031190560bf5b2bb90bd7712139c088daedfc5a;2026-09-28T19:47:05.797752+00:00;false
LOC-0075;LOC-0092;BICYCLE;2026-08-17T07:00:00+03:00;OK;1129;19;5275;LOCAL_VALHALLA_MATRIX;59705ee7b0bbec5582a4f7a60bff85f3db7ab24e4fa10b7ba629410ca1116a82;366a8fba5e4389e515645beaa122d48891258b0902f7350ae724b109908c0bbd;2026-09-28T19:47:05.797752+00:00;false
LOC-0075;LOC-0093;BICYCLE;2026-08-17T07:00:00+03:00;OK;1122;19;5085;LOCAL_VALHALLA_MATRIX;cd16d0ec22145e513aaf6458598101edb29e0d791023cb1d5e7d62dc5050c71b;cf589c4890d9ab32a4e0e057850089af71231314bd7c94d46ee5370433a2dea1;2026-09-28T19:47:05.797752+00:00;false
LOC-0075;LOC-0094;BICYCLE;2026-08-17T07:00:00+03:00;OK;2216;37;10543;LOCAL_VALHALLA_MATRIX;a28a171ec695586a259af1aec2eacbd47b8429b53946098c8656a0076c289732;f1a2ab5fbe11129af79cdca9c5e71862965ecf259edc99e45891907b140ae8c8;2026-09-28T19:47:05.797752+00:00;false
LOC-0075;LOC-0095;BICYCLE;2026-08-17T07:00:00+03:00;OK;2395;40;11361;LOCAL_VALHALLA_MATRIX;60497be85d616b9afe763347e4f04936183ba886fd01592a73de9d81039b11a3;852c282b2928424007fb8253833c8a7287da017b9d40f9676303ef2c054efca4;2026-09-28T19:47:05.797752+00:00;false
LOC-0075;LOC-0102;BICYCLE;2026-08-17T07:00:00+03:00;OK;1439;24;6902;LOCAL_VALHALLA_MATRIX;748d4edc0123a757da0321ccc82471993d8591fda6244696ffde2e8cad1f4b40;a12b77d7ff8cd921113dfae8f3fe02a7fdf2c5f33d3ce696b0f39ed53a8a041e;2026-09-28T19:47:05.797752+00:00;false
LOC-0075;LOC-0112;BICYCLE;2026-08-17T07:00:00+03:00;OK;721;13;3367;LOCAL_VALHALLA_MATRIX;f1a33a852b32c221c7ab841ed1602372099e4152b0fd3d2e387002b784f85cc8;0f58b485462d7e7129bcc0e8a6b99619b2ae026326699dab15aadb58e19b2a79;2026-09-28T19:47:05.797752+00:00;false
LOC-0075;LOC-0124;BICYCLE;2026-08-17T07:00:00+03:00;OK;1992;34;9486;LOCAL_VALHALLA_MATRIX;73510316bbf0fe11c60d5139bda4660c6c5f482669c72f5dd852c7ad3d27d38c;6cd34563ea771ec6f4e912156edf09096090f30f32a3a226e5a00f4a276399a7;2026-09-28T19:47:05.797752+00:00;false
LOC-0075;LOC-0125;BICYCLE;2026-08-17T07:00:00+03:00;OK;451;8;2059;LOCAL_VALHALLA_MATRIX;bef001bb3fc83a3be2ccb10eefaa8683fdd1b81433c7f18aaca001779f570944;d4e64c7d5fa7d55c2bdb706c974492cae4e80d30e002efbd96f8b90707eb2d12;2026-09-28T19:47:05.797752+00:00;false
LOC-0075;LOC-0126;BICYCLE;2026-08-17T07:00:00+03:00;OK;582;10;2707;LOCAL_VALHALLA_MATRIX;e751eb5a3b27782dac64e4250d5ea702b50f6fd011caa7aca24255dd22afb616;77e32cb60eb2838280d2289c239812e41247bc9eac0467273be57f699b37f9cf;2026-09-28T19:47:05.797752+00:00;false
LOC-0075;LOC-0128;BICYCLE;2026-08-17T07:00:00+03:00;OK;1619;27;7683;LOCAL_VALHALLA_MATRIX;97c3c1f3ea0be02eb25f487e0d15bde36daed228e85b3a0d50711405a74f5aec;297207fcbe7691d2da9d19dc06a4ddfd8af618e24cff98cc4b6474697f5b786a;2026-09-28T19:47:05.797752+00:00;false
LOC-0075;LOC-0134;BICYCLE;2026-08-17T07:00:00+03:00;OK;1853;31;8835;LOCAL_VALHALLA_MATRIX;910d8e124a0242e61c8ff939beb9e8f257295a3b665d21c52cbb438a02f9dbee;c186208fdf256bf2c002131a52f8bdab1ca05acce31691e05f1f017a8ab7eef7;2026-09-28T19:47:05.797752+00:00;false
LOC-0075;LOC-0135;BICYCLE;2026-08-17T07:00:00+03:00;OK;1851;31;8819;LOCAL_VALHALLA_MATRIX;2dd20148344bb661e3aa69e18b51ff65e5ad8cd4e438e9d2ccc6de82750d89ba;d98632d00ad79c68a0b2d977c810d5f76f025daa35863204fc59f0a8bac86a3b;2026-09-28T19:47:05.797752+00:00;false
LOC-0075;LOC-0136;BICYCLE;2026-08-17T07:00:00+03:00;OK;1992;34;9465;LOCAL_VALHALLA_MATRIX;13ab66b156576cf018301b52b4bc7ce385f2ad4c57c797d1bc71ab080092203e;4af21206dd5e91fe3dbb73742ea3c64d217ffee483275cf92002bd43c59aa2aa;2026-09-28T19:47:05.797752+00:00;false
LOC-0075;LOC-0140;BICYCLE;2026-08-17T07:00:00+03:00;OK;2309;39;11066;LOCAL_VALHALLA_MATRIX;431fd027fe19d04471fcd6da0089f812a1f07802c5f33f5a1021674c847a07ad;66970b7d45b2f633b23bbc77c2aca90201294498b023d5b8f08b0654fe26d7c1;2026-09-28T19:47:05.797752+00:00;false
LOC-0075;LOC-0141;BICYCLE;2026-08-17T07:00:00+03:00;OK;1566;27;7314;LOCAL_VALHALLA_MATRIX;2f85e7dea72318783a791f93351ac5d78a85ee7016c0c0de162705d8fb933604;c74f06cb251179dfb31f7c59283b8a960e336e4aa0111f957cddc39ee99933aa;2026-09-28T19:47:05.797752+00:00;false
LOC-0075;LOC-0142;BICYCLE;2026-08-17T07:00:00+03:00;OK;1517;26;7089;LOCAL_VALHALLA_MATRIX;74e33ada1ee3eff95b187227332cd18a3b080074f9c5ccd270d6d46528160835;b833cacab2f94cd57927e9d9e99c18175fab5b7958a688469fc2359396e36bf9;2026-09-28T19:47:05.797752+00:00;false
LOC-0075;LOC-0145;BICYCLE;2026-08-17T07:00:00+03:00;OK;1139;19;5305;LOCAL_VALHALLA_MATRIX;5b0a0f2a62663d83ff8c9ca277f3ebd17f645a20cffdfc047311b3775054121a;e15155d8b2e54f8e0271f6a5c6e90693be8ced5a65eb696b13ceb06b7648ea13;2026-09-28T19:47:05.797752+00:00;false
LOC-0075;LOC-0148;BICYCLE;2026-08-17T07:00:00+03:00;OK;49;1;213;LOCAL_VALHALLA_MATRIX;7e78f414df9b930ecfad9fa60c904788881b6d3cd6fd17c22d0d11e8dd7a8f97;6fb7c29b64469f23777e2929e3134b7b7da5b4e300dcc89334fd8172da7bef45;2026-09-28T19:47:05.797752+00:00;false
LOC-0075;LOC-0149;BICYCLE;2026-08-17T07:00:00+03:00;OK;150;3;668;LOCAL_VALHALLA_MATRIX;08b131f1b7cb703ffbe4d6ca8042e795e4d177fb0b46dbf69dc9fe4b28de898d;77f13ff24ec02e5425e55b2317d5ec2325d4f47998c588b4d205a836f967bc40;2026-09-28T19:47:05.797752+00:00;false
LOC-0075;LOC-0150;BICYCLE;2026-08-17T07:00:00+03:00;OK;190;4;859;LOCAL_VALHALLA_MATRIX;dce5861d7b61a3da78a9b33016dfb8e3d25cb1290d8595fec798ea23390e54ae;45ceb60510e9b2dc47d105f8626357c98a756e7de8b561d1eea63c87672a1087;2026-09-28T19:47:05.797752+00:00;false
LOC-0075;LOC-0151;BICYCLE;2026-08-17T07:00:00+03:00;OK;168;3;764;LOCAL_VALHALLA_MATRIX;19c1585aef50de07b0bbc484d94ae85f54f6ac44a2726ec20758ba438dc41e68;fcdb8025656955528276fda1203abe643c59adfde0457aa18cc2d64ee5b785e9;2026-09-28T19:47:05.797752+00:00;false
LOC-0075;LOC-0152;BICYCLE;2026-08-17T07:00:00+03:00;OK;170;3;756;LOCAL_VALHALLA_MATRIX;ff5053c2dbf8498d0e619307fd34356172c983111391ff018df5b4ce15d59a3d;c5f95d57ab2d9a765f9d5fa72413e6e2470b144cff77ba3b408f90ee70708056;2026-09-28T19:47:05.797752+00:00;false
LOC-0075;LOC-0190;BICYCLE;2026-08-17T07:00:00+03:00;OK;1039;18;4914;LOCAL_VALHALLA_MATRIX;53a6ffc61e6c8d128b2c478818164dcbf94997e30de9023e070dc4d015dbf934;2b4e7308ed8ed29149f674287d5c14df3536f44ad53b9e9bed94147db4053efd;2026-09-28T19:47:05.797752+00:00;false
LOC-0075;LOC-0196;BICYCLE;2026-08-17T07:00:00+03:00;OK;955;16;4432;LOCAL_VALHALLA_MATRIX;cdf0f84b3ab3ca5f23db8f63c82cc58e99054d0e526071a05924cb3ce6359048;40a61d6d30f33835b5640afc96dcc428a65f108386a5a9134858823af88fd006;2026-09-28T19:47:05.797752+00:00;false
LOC-0076;LOC-0002;BICYCLE;2026-08-17T07:00:00+03:00;OK;1310;22;6129;LOCAL_VALHALLA_MATRIX;bc53f3ec55492c9dba23c2268473ca6c90f972edab495f09dc4c338a2433bf71;887ec96ad56acf3961370096f610576a3c44c0fe14af7ab0968ab2850b0fde3d;2026-09-28T19:47:05.797752+00:00;false
LOC-0076;LOC-0008;BICYCLE;2026-08-17T07:00:00+03:00;OK;2556;43;12155;LOCAL_VALHALLA_MATRIX;a1800b3b53d1be2e48ea2214fa540428f669d4b65e3bb6b5ae40be2065b9f6a0;a7ab22a5174404454dbeb291101448d8f95034295f1a28c5e03518314099c9dc;2026-09-28T19:47:05.797752+00:00;false
LOC-0076;LOC-0009;BICYCLE;2026-08-17T07:00:00+03:00;OK;2110;36;9978;LOCAL_VALHALLA_MATRIX;96cca685212bbe82835c59d7ea0c949757133e590090128433e64500699dee7d;b7e0963e3525df54c9ec2305de0b099a0fb00d23340285490955aed4dd6458cb;2026-09-28T19:47:05.797752+00:00;false
LOC-0076;LOC-0010;BICYCLE;2026-08-17T07:00:00+03:00;OK;2594;44;12290;LOCAL_VALHALLA_MATRIX;984a511520990ad1e2acb95c01d710e1b14bec3083aa08fed254d02708061310;35c8f2c3ee20158ed8804661c141e891b18b5551dcc98fdfe97a226dfd5684c3;2026-09-28T19:47:05.797752+00:00;false
LOC-0076;LOC-0011;BICYCLE;2026-08-17T07:00:00+03:00;OK;2324;39;11026;LOCAL_VALHALLA_MATRIX;94eb7f4deb3ced5d02516e6f5e31e9c803707447759ff0d7d629efb50c3fbfb6;31efba46378875a17e9e5f5ba83549c3c17cf63ef32fe7c64a53d816140ee250;2026-09-28T19:47:05.797752+00:00;false
LOC-0076;LOC-0012;BICYCLE;2026-08-17T07:00:00+03:00;OK;2255;38;10712;LOCAL_VALHALLA_MATRIX;94ffb17608739ac141c9e444e2b4c888afca2073679f9cad6dfc94d0c18faf33;0263de6d4b5583412621af906798e6dc1d58e601d10d137d18adc792871ea34e;2026-09-28T19:47:05.797752+00:00;false
LOC-0076;LOC-0013;BICYCLE;2026-08-17T07:00:00+03:00;OK;1420;24;6681;LOCAL_VALHALLA_MATRIX;6f09c4897941cddf802ae79d6d835d1521071858bd430fe2fcb43701c5d7d69c;da0d53e28b2f4ed04ae3ca5c3294b168748f9702e9d5b6e0f806881ef7bb7873;2026-09-28T19:47:05.797752+00:00;false
LOC-0076;LOC-0016;BICYCLE;2026-08-17T07:00:00+03:00;OK;290;5;1155;LOCAL_VALHALLA_MATRIX;a604849692c5207b08b7c8ee2b5de9c47377b1eda61e0a925779a7dd34b82451;65d2b17cbe7a6bca9a012fa4a8becc8b7ca0d295321bbecacc903ffd5b3312d8;2026-09-28T19:47:05.797752+00:00;false
LOC-0076;LOC-0017;BICYCLE;2026-08-17T07:00:00+03:00;OK;2281;39;10646;LOCAL_VALHALLA_MATRIX;e8d8b83655867ca86801480876a94b5840e9c95cde6eddba168951f5d7c64772;56e2dfbeb5d03757662bda878014e715ea7502cd26f24d85a803ec51c9f6f564;2026-09-28T19:47:05.797752+00:00;false
LOC-0076;LOC-0018;BICYCLE;2026-08-17T07:00:00+03:00;OK;2316;39;10841;LOCAL_VALHALLA_MATRIX;b4f3204a42c237b4a5eb979f3976da3990a3a9b5e80e97a3b98c1c2e4b034613;9030503a7f09e809f063ebb7faaffe095f68ca17194557ba538e3581bf2ec989;2026-09-28T19:47:05.797752+00:00;false
LOC-0076;LOC-0019;BICYCLE;2026-08-17T07:00:00+03:00;OK;2635;44;12550;LOCAL_VALHALLA_MATRIX;71dd64b9fd1368d167fa4683bfb0eea12a6e9bee0f09d738cf95ab3da421932a;edcd3508d6b4e1ee275add8ddd9964ae82f89eb5cd531bda692948f5183b5145;2026-09-28T19:47:05.797752+00:00;false
LOC-0076;LOC-0020;BICYCLE;2026-08-17T07:00:00+03:00;OK;2893;49;13737;LOCAL_VALHALLA_MATRIX;9c21d59002aa1bc74e5f418814290f3efe0232f7c69647846efc59e6c38caa1b;6041bae6df02d42e6a739fc739d27e02eca52a8c31855264e469685309032a9f;2026-09-28T19:47:05.797752+00:00;false
LOC-0076;LOC-0023;BICYCLE;2026-08-17T07:00:00+03:00;OK;2689;45;12575;LOCAL_VALHALLA_MATRIX;8f11acf566d9775f9799df934597c492d42d285277ee9e9aa1206509b52c78a3;068ea37c93af250fe577e5cf845e0308af1d1494528b9e86b47c8cae390daa45;2026-09-28T19:47:05.797752+00:00;false
LOC-0076;LOC-0027;BICYCLE;2026-08-17T07:00:00+03:00;OK;2133;36;9574;LOCAL_VALHALLA_MATRIX;97b0acaa0a75204185b2246dfc1ca7234ecdefc72774c0a3930f5dca91119b4f;8fb4a3f655ca4f94845ea5261f8b3adaa08678b789788e0f8f76da0c901343b4;2026-09-28T19:47:05.797752+00:00;false
LOC-0076;LOC-0028;BICYCLE;2026-08-17T07:00:00+03:00;OK;1150;20;5250;LOCAL_VALHALLA_MATRIX;416e7ddcc57cc00b0c7a66245b29bb04d938da9dc9a012e2232023772b828c67;f80e620bab7695825dd80f08f1f618b6332b56cd6e67d2da935d277970853b8d;2026-09-28T19:47:05.797752+00:00;false
LOC-0076;LOC-0029;BICYCLE;2026-08-17T07:00:00+03:00;OK;1113;19;5121;LOCAL_VALHALLA_MATRIX;d3db1004a5318a746af662930a92a2ef6c1638f153d3779064cd9df843b931a7;0a38629a04ec35e796c9f083697bf449bcbd3371dac023acf549ebec1cf892cb;2026-09-28T19:47:05.797752+00:00;false
LOC-0076;LOC-0037;BICYCLE;2026-08-17T07:00:00+03:00;OK;1285;22;6095;LOCAL_VALHALLA_MATRIX;a0cdf5423671372675a23223983b35ec7b9d3b66e1262738f43c2f0913a7ac0e;630189657e734321a485c86a818526f987317bd64f617d82567789ec51e9d181;2026-09-28T19:47:05.797752+00:00;false
LOC-0076;LOC-0045;BICYCLE;2026-08-17T07:00:00+03:00;OK;1725;29;8076;LOCAL_VALHALLA_MATRIX;e89b85aa330ece5bef73aea72abd7c4bc037ebd77cf19fbe0a66995f59a0599b;a701db78fa9f4be217d4699eae02d91ecf1b7c78f8dbccf66766a76798c6aa78;2026-09-28T19:47:05.797752+00:00;false
LOC-0076;LOC-0053;BICYCLE;2026-08-17T07:00:00+03:00;OK;411;7;1768;LOCAL_VALHALLA_MATRIX;ba9c104917e7055d8022fa0f393501f4e08d4204f31a293cbebdc724ab7e2564;f68f8b950957737ecfce9eb9f61d50aeab22fe52d72eac7e32144002d5047a79;2026-09-28T19:47:05.797752+00:00;false
LOC-0076;LOC-0054;BICYCLE;2026-08-17T07:00:00+03:00;OK;1537;26;7274;LOCAL_VALHALLA_MATRIX;909f2ccad689fd6579fe2d2605fad56b235c72763b88b497e323958f0eb66fcf;4ce8f0bf3c59c160a8d6446842400909f686511307599f5ee1d4e47295dd6f82;2026-09-28T19:47:05.797752+00:00;false
LOC-0076;LOC-0061;BICYCLE;2026-08-17T07:00:00+03:00;OK;2292;39;10718;LOCAL_VALHALLA_MATRIX;7f5a28a7dddcd62fa82beeb4c22ac5aed57356b4d0fe9236409c0b48648e3d6b;6337d28e4daae0e05892cff9c81663acadf8a2ba2aff59afdf75213b22b035f6;2026-09-28T19:47:05.797752+00:00;false
LOC-0076;LOC-0063;BICYCLE;2026-08-17T07:00:00+03:00;OK;1075;18;4918;LOCAL_VALHALLA_MATRIX;8f47db5727ceceed7c73d122c3608e8afa671d534f3d0ab062e5f3d449a46087;8f11ad24ffb15cf796e97cd4d0461f9415bd7a25243c8fad175da11a2ef63328;2026-09-28T19:47:05.797752+00:00;false
LOC-0076;LOC-0064;BICYCLE;2026-08-17T07:00:00+03:00;OK;1216;21;5562;LOCAL_VALHALLA_MATRIX;22d778d391a149519381e0f61e65d25dd5de0f101a349c8789e1deb9f468c00f;43e466529547c68ff259d861bc5cc51e4128ff68729e6e5587e9460ba62a68ff;2026-09-28T19:47:05.797752+00:00;false
LOC-0076;LOC-0074;BICYCLE;2026-08-17T07:00:00+03:00;OK;2479;42;11684;LOCAL_VALHALLA_MATRIX;881b5b3348ecd2eee4cd8c2faf16760e9db72af7ac0c0284a9db0135ecec040c;931cf13d8ecfc4c8cfa64f29fd66e9b2d9c38dcccfe4c8e0e973e3f3dbf341ba;2026-09-28T19:47:05.797752+00:00;false
LOC-0076;LOC-0075;BICYCLE;2026-08-17T07:00:00+03:00;OK;2539;43;11918;LOCAL_VALHALLA_MATRIX;03d303caafc9d798d1ffeda193ad884e6b1e3f5d378360650b7fc9908c5f073b;1d31c81cf1f98e612d25996af0c5a1d1323d5184dba058c06b5993cd262aa5cf;2026-09-28T19:47:05.797752+00:00;false
LOC-0076;LOC-0076;BICYCLE;2026-08-17T07:00:00+03:00;OK;0;0;0;LOCAL_VALHALLA_MATRIX;6689536b912e8e457defd9a66ae3c2df6759401b483f9602ea51707e6152dafd;3d5812abc84c11768aa73a732c85d75dbed439188f5bb3239e9b762ea31d9862;2026-09-28T19:47:05.797752+00:00;false
LOC-0076;LOC-0078;BICYCLE;2026-08-17T07:00:00+03:00;OK;1497;25;6881;LOCAL_VALHALLA_MATRIX;56456278bdb5ccafbc98d0815265520f1dd50ed26161cb91e166323ec37f040d;4e038e449c245e14fd354ea68aaa430c88b19b104f0700f25b5a958a249d6d70;2026-09-28T19:47:05.797752+00:00;false
LOC-0076;LOC-0080;BICYCLE;2026-08-17T07:00:00+03:00;OK;2578;43;12129;LOCAL_VALHALLA_MATRIX;b98eedad00096edad02a02f59a3583473f05a37d7f80860491f9817954ff4d80;bb266a27e58ac0226e2ae9e78c20130753b88fa66e53e66d47932303294b0fc0;2026-09-28T19:47:05.797752+00:00;false
LOC-0076;LOC-0082;BICYCLE;2026-08-17T07:00:00+03:00;OK;1071;18;4946;LOCAL_VALHALLA_MATRIX;8085849c95e256a54f0e696de9b95b72c50e0396abe65df3268ec229d5b07038;128650a5a0e5c9736d297e650f7489315a65b5ab0c64171725aab8acf6cdde2a;2026-09-28T19:47:05.797752+00:00;false
LOC-0076;LOC-0085;BICYCLE;2026-08-17T07:00:00+03:00;OK;1539;26;7242;LOCAL_VALHALLA_MATRIX;e07519d538710846a4dfc266d4e0baeebff15b8709e81bf5f4beb386ffb0664c;345dc2204333ff3b76ab0ae6140213a3c4175dfa3504cf30c3a37af305c27567;2026-09-28T19:47:05.797752+00:00;false
LOC-0076;LOC-0086;BICYCLE;2026-08-17T07:00:00+03:00;OK;1585;27;7306;LOCAL_VALHALLA_MATRIX;813dc2874a1f9d6d5594ca6e4e86dabd7554eab80bd09009ac3315383e055976;eb21c2b405e5498bd45a5816317217e10dd6af2cea61d69ba9342be9d884cd48;2026-09-28T19:47:05.797752+00:00;false
LOC-0076;LOC-0091;BICYCLE;2026-08-17T07:00:00+03:00;OK;2547;43;12096;LOCAL_VALHALLA_MATRIX;e4ac51a64c9d183d17fb78e25fadd25ea67d4433298f8e7bb6070dad9ae85632;06bb2fbd369c4528d9931b1c11a0a1ef9f5ad7219c3e48dfe90f237a42057a58;2026-09-28T19:47:05.797752+00:00;false
LOC-0076;LOC-0092;BICYCLE;2026-08-17T07:00:00+03:00;OK;2580;43;12247;LOCAL_VALHALLA_MATRIX;1c1d0190602e02f8976db33b4a9159ed1ff297d60ff46588ddec055a5ef17e81;3cab8c6184b1f6333d3e5651a0b7f117afe84607904a0baa0aabadd4435d5985;2026-09-28T19:47:05.797752+00:00;false
LOC-0076;LOC-0093;BICYCLE;2026-08-17T07:00:00+03:00;OK;2615;44;12248;LOCAL_VALHALLA_MATRIX;891fd64f71603a8c7d74c1a1d5a76fa0be7a436335cbe586063c3b4ae233b423;86028958fea13e63e8bbdbe84eabd892ab43ddd19d9dda3db539d8fd78fa1dfc;2026-09-28T19:47:05.797752+00:00;false
LOC-0076;LOC-0094;BICYCLE;2026-08-17T07:00:00+03:00;OK;1698;29;7992;LOCAL_VALHALLA_MATRIX;6f93fffb8b568d8ea9578f8497871c13a43b48d42980784ebd0eaa037a32fc8f;2276f549abf23e55a34c894d78fe854c22216cce3ec107e3c1c78fe5803eeac7;2026-09-28T19:47:05.797752+00:00;false
LOC-0076;LOC-0095;BICYCLE;2026-08-17T07:00:00+03:00;OK;1877;32;8810;LOCAL_VALHALLA_MATRIX;1988eed0a6f36473de3c2e03a637c6d66147baa6fdaf03df4356393561ed14ab;45e9aebc07ca16046e2b85cf6fae805cd16b987e5fb7a2a0d208a8a71a6f32e0;2026-09-28T19:47:05.797752+00:00;false
LOC-0076;LOC-0102;BICYCLE;2026-08-17T07:00:00+03:00;OK;1201;21;5625;LOCAL_VALHALLA_MATRIX;972fbf3c194b6b89ff266aba6ba1f5f8b71efadf12d542ab13856364103d8a89;70e60ffe140ed9b5fa434807379fae880f45c77a548ee8465908ad08aa69fb2d;2026-09-28T19:47:05.797752+00:00;false
LOC-0076;LOC-0112;BICYCLE;2026-08-17T07:00:00+03:00;OK;2438;41;11625;LOCAL_VALHALLA_MATRIX;897f7692e2dc21c7d7bd5735bc08d2b2b57c2302b3ad381b43b67c5b42dfbadb;73f7f1e96b6f43b311a48f5c42c0a7c21238eadfa0d8f9980ab0db14081b1175;2026-09-28T19:47:05.797752+00:00;false
LOC-0076;LOC-0124;BICYCLE;2026-08-17T07:00:00+03:00;OK;1974;33;9319;LOCAL_VALHALLA_MATRIX;508dbf6ba7fb00a1e4300549a637e9c0864b0d7c52ea2fe738d61874157ae01f;7343a9a06cbea17b5d4cf54222b8d0575a7e4632d91d3ea6b74cb1eb5b3c0c8b;2026-09-28T19:47:05.797752+00:00;false
LOC-0076;LOC-0125;BICYCLE;2026-08-17T07:00:00+03:00;OK;2493;42;11684;LOCAL_VALHALLA_MATRIX;98cf9e762bf8db29a3c27d8043067b60ad5512e093127b7b437508487f628bf2;a4806460b08349764904b71b242b1ebc6b45344585b24d6f29e0c69732262bbf;2026-09-28T19:47:05.797752+00:00;false
LOC-0076;LOC-0126;BICYCLE;2026-08-17T07:00:00+03:00;OK;2338;39;11028;LOCAL_VALHALLA_MATRIX;c1d085548817bb69352b3b2ca2cc89f84424a9ae90180e2bcccf1583fd95f6b1;dcf7972650828a77afe0a06aa7633751678c90b3132be8e8da486bb3cb84737d;2026-09-28T19:47:05.797752+00:00;false
LOC-0076;LOC-0128;BICYCLE;2026-08-17T07:00:00+03:00;OK;1331;23;6282;LOCAL_VALHALLA_MATRIX;24dcebbbec4b9fe59b4833c260edd99149d8c5abc647707f0e6c86d0ffb77cc0;9919a14d559c9e6ef70378300e13783c91d8edeb6648c794593a2c37fdfb4fe1;2026-09-28T19:47:05.797752+00:00;false
LOC-0076;LOC-0134;BICYCLE;2026-08-17T07:00:00+03:00;OK;1335;23;6284;LOCAL_VALHALLA_MATRIX;775497ce487fa0ca68cb8893bac06b89b0b661e0b963dfee9161942d92393520;dc1f1ce20db37e116b080a16c340aa0e8b356b9e43d978e57f855f79d919cc04;2026-09-28T19:47:05.797752+00:00;false
LOC-0076;LOC-0135;BICYCLE;2026-08-17T07:00:00+03:00;OK;1333;23;6268;LOCAL_VALHALLA_MATRIX;06192259574804bc500c1b2ee6e0c1b2dfb71a9caaa741b220a6d7f47fe59411;4952cc6c98f9b713e4934c9e637d48f8252cbfc7db8530f420bf98b5d7e1a3ee;2026-09-28T19:47:05.797752+00:00;false
LOC-0076;LOC-0136;BICYCLE;2026-08-17T07:00:00+03:00;OK;1480;25;6933;LOCAL_VALHALLA_MATRIX;232da1d223597f627d55b60fdb656474358403b0691f82a23f72a95188652230;4a0720b64e8c816f415120ceb49fc37a671d4395a75a93ccf82d027306c0f245;2026-09-28T19:47:05.797752+00:00;false
LOC-0076;LOC-0140;BICYCLE;2026-08-17T07:00:00+03:00;OK;588;10;2603;LOCAL_VALHALLA_MATRIX;ee975847079496a30b782776bc66a937edabe9a6e67984ecd2e5f40ca056e54a;fd788744d693b93cbd0e3eeb91c70df195e4b857a580f4aa923e65ade86b06c2;2026-09-28T19:47:05.797752+00:00;false
LOC-0076;LOC-0141;BICYCLE;2026-08-17T07:00:00+03:00;OK;2166;37;10110;LOCAL_VALHALLA_MATRIX;351a6f91c0455fbaf410f6679da9b942318a08c1a4c00899a06b91b2c1e1622a;a805a2e73ab0128579d59f7922366df9e456d293ef957e7a5a0dc8e421f83e64;2026-09-28T19:47:05.797752+00:00;false
LOC-0076;LOC-0142;BICYCLE;2026-08-17T07:00:00+03:00;OK;2257;38;10547;LOCAL_VALHALLA_MATRIX;a2583218e230db14c0840ab697a442e4851741a2abe01238fbe9ea7b9320fc09;9e47f3c9e88c3ddc26fbb4443310df117606afd2349eaa8760f99733f9c95c39;2026-09-28T19:47:05.797752+00:00;false
LOC-0076;LOC-0145;BICYCLE;2026-08-17T07:00:00+03:00;OK;2866;48;13591;LOCAL_VALHALLA_MATRIX;ad44c563e9a264e0969179053bf15088919d66babd70067cfe70864618b284d1;baf3eb8cbbe97209dfd121f94af720e962206c2d7c3dac1c8a0d28d99aabe0a6;2026-09-28T19:47:05.797752+00:00;false
LOC-0076;LOC-0148;BICYCLE;2026-08-17T07:00:00+03:00;OK;2212;37;10445;LOCAL_VALHALLA_MATRIX;9f507890d71bf4e3243b060dde09e5f95b354fdf3de6e430be37c9c01850a8e0;ed40f150fe0e94c3767f867cd93b233f2ca935beee1965519eacfc6d3c417576;2026-09-28T19:47:05.797752+00:00;false
LOC-0076;LOC-0149;BICYCLE;2026-08-17T07:00:00+03:00;OK;2480;42;11683;LOCAL_VALHALLA_MATRIX;df4376edc9ad5616a4da765dac3acaa51b0a101dbc8a7b50d447bdc874c9ac07;245318168b4e4acf738baa88288d0cc7f93d9a190a0af8c5185dc57e5336a787;2026-09-28T19:47:05.797752+00:00;false
LOC-0076;LOC-0150;BICYCLE;2026-08-17T07:00:00+03:00;OK;2445;41;11494;LOCAL_VALHALLA_MATRIX;e24cd86c7eded6de6b7c650f73d6ea03877f5739590d5c93e6113d966fdb3f01;4e424cd29da750266e15c97940b1783f3dfa326f39d97791c761102bd69c8a44;2026-09-28T19:47:05.797752+00:00;false
LOC-0076;LOC-0151;BICYCLE;2026-08-17T07:00:00+03:00;OK;2369;40;11056;LOCAL_VALHALLA_MATRIX;2d0302f30f5826fc554f66ba7d6448c51b2afbfa059ca6b3c5a624f5b1620d05;057ad0e7ff7c94c2ed24f3978b1de35835873d8364a52db343573d1db32492d9;2026-09-28T19:47:05.797752+00:00;false
LOC-0076;LOC-0152;BICYCLE;2026-08-17T07:00:00+03:00;OK;2388;40;11148;LOCAL_VALHALLA_MATRIX;745cfc039743c609d0df3a17182dd25798a3a5d6f7c2d1b7d57d8b7721c68217;d5f987f6a66308841bed47724fe8dc791662a66eede65ad893de008fc44be587;2026-09-28T19:47:05.797752+00:00;false
LOC-0076;LOC-0190;BICYCLE;2026-08-17T07:00:00+03:00;OK;1984;34;9420;LOCAL_VALHALLA_MATRIX;680c0b899bb092215bdeac676e6f586d56ed97e2bf347492b02ad600c67d1b69;30c43c8823a9c44abc31cf3c4dcb9bf13ce532196f1f354c78faf2956f4fabe5;2026-09-28T19:47:05.797752+00:00;false
LOC-0076;LOC-0196;BICYCLE;2026-08-17T07:00:00+03:00;OK;2775;47;12928;LOCAL_VALHALLA_MATRIX;86128b8a83be99d184b9ecf6646407865472354f674fbeb05d675b641245a3cb;81f565a76e6100becd759065dc71ada3c8eb7f015901c7a9b2d58898d215d821;2026-09-28T19:47:05.797752+00:00;false
LOC-0078;LOC-0002;BICYCLE;2026-08-17T07:00:00+03:00;OK;1611;27;7722;LOCAL_VALHALLA_MATRIX;c3c05b91dfa7a163a0d1f9f29c2670c39f942eabaa144ea12b421180c55bb58e;00aab874ef1cafbbe0108a85649d89fde5e47ef8b01072df9ed5e42c829b5727;2026-09-28T19:47:05.797752+00:00;false
LOC-0078;LOC-0008;BICYCLE;2026-08-17T07:00:00+03:00;OK;1914;32;9307;LOCAL_VALHALLA_MATRIX;fc8d55d37b9c7e2ac110d4f614b675be4c18ff726a58efec7f22c949365c3bd3;af2b81ce11782325ac9e13bb0913beecc44423d6ab6699f154561815bff9854f;2026-09-28T19:47:05.797752+00:00;false
LOC-0078;LOC-0009;BICYCLE;2026-08-17T07:00:00+03:00;OK;1417;24;6728;LOCAL_VALHALLA_MATRIX;a7ef83d36581a6bc25b4aae094bc3415f9e9cecf21aab068903d65da955b7e98;d03fc6a077a4184afa02ebe3c82043458a3c21aa6b567cbd8c48de2c8ebfcf0b;2026-09-28T19:47:05.797752+00:00;false
LOC-0078;LOC-0010;BICYCLE;2026-08-17T07:00:00+03:00;OK;2029;34;9732;LOCAL_VALHALLA_MATRIX;858f68929d8e443b29e9e3d0558b3ef3cdc7fb1b43082498aa999799967a001c;4f90fd125f074bf9bf01090974eb6ba5f5615c2589f7478a01ddedeb81bdf818;2026-09-28T19:47:05.797752+00:00;false
LOC-0078;LOC-0011;BICYCLE;2026-08-17T07:00:00+03:00;OK;1658;28;8069;LOCAL_VALHALLA_MATRIX;090927e97a0a5de2bfe98145f5d374260df5d8e1637914a1faa4fff5832ec3be;9546e44970f725f57dd49d66057ba0400b18dbcb33e550efea28ff5eab47bf42;2026-09-28T19:47:05.797752+00:00;false
LOC-0078;LOC-0012;BICYCLE;2026-08-17T07:00:00+03:00;OK;1614;27;7864;LOCAL_VALHALLA_MATRIX;36a2ad8a15cd0d7c8161667f3af1344c1c4dce6e19ba1656f51190071257c25c;70288f2362c438c9ae278828d64b44348ba654f1ccd668580cf420c52fb241ba;2026-09-28T19:47:05.797752+00:00;false
LOC-0078;LOC-0013;BICYCLE;2026-08-17T07:00:00+03:00;OK;1716;29;8255;LOCAL_VALHALLA_MATRIX;2bdff175a9438cd27238b2b597f563bae52e208e2ebf518ad20fe71058ef6089;73a02a235cb822732dccd2ca63c2fa8c4a7ef8e7d1548cf6fb4dff114e8c78cb;2026-09-28T19:47:05.797752+00:00;false
LOC-0078;LOC-0016;BICYCLE;2026-08-17T07:00:00+03:00;OK;1476;25;6862;LOCAL_VALHALLA_MATRIX;6c4fe8092c6e4ff5388be48cfdd18995d84665fb57d139ad042b0dc448bac81b;a41d5e1b1504a7e93874a10f37d2473de9655605944f01d2c9eedd1934035fa1;2026-09-28T19:47:05.797752+00:00;false
LOC-0078;LOC-0017;BICYCLE;2026-08-17T07:00:00+03:00;OK;1017;17;4844;LOCAL_VALHALLA_MATRIX;99cb3de537116855c02dc9ba3032e718c0b4b552208a1aed79b9edfde72b37e4;a4e4e44f44f9fcf90bda4ab01c684ff39c326e4864176cc546368293c76f9444;2026-09-28T19:47:05.797752+00:00;false
LOC-0078;LOC-0018;BICYCLE;2026-08-17T07:00:00+03:00;OK;1053;18;5039;LOCAL_VALHALLA_MATRIX;62640945f418de3b6741545832ba1c535c44ddd4e29d96bc3979e6bf014129d9;bbf6cdadc19c82b5f79a5db368c7bfa517e093d7eaf8388ae3fc73d7ef6aae98;2026-09-28T19:47:05.797752+00:00;false
LOC-0078;LOC-0019;BICYCLE;2026-08-17T07:00:00+03:00;OK;1994;34;9702;LOCAL_VALHALLA_MATRIX;48e08b762ca288794838656d6ae0392be4a94fd21a65ce372da79047177f78d4;54b3a23c7298b52bba784f1694f5a811f24b282223ddd6c9db07c396dfc4a7f6;2026-09-28T19:47:05.797752+00:00;false
LOC-0078;LOC-0020;BICYCLE;2026-08-17T07:00:00+03:00;OK;2025;34;9739;LOCAL_VALHALLA_MATRIX;e282bc38835391c74250093383b9fa53a2f1d0e50045713c3ed9213d7221a9d1;58427642056a3449ab51375c980272f1e516c567cb5297a917ed8d9be8e6ef68;2026-09-28T19:47:05.797752+00:00;false
LOC-0078;LOC-0023;BICYCLE;2026-08-17T07:00:00+03:00;OK;1426;24;6773;LOCAL_VALHALLA_MATRIX;15878d8c9ac1094a4f871e3c8769765781722e8fe2a5f20a0661410a40f11abe;04412f7dc584d1532c02fd6e9ca88f3774fa9aadb9fa202636917132c5a3686d;2026-09-28T19:47:05.797752+00:00;false
LOC-0078;LOC-0027;BICYCLE;2026-08-17T07:00:00+03:00;OK;752;13;3607;LOCAL_VALHALLA_MATRIX;d7ca4e20da988e26abb30316bede8cd24537b19fbc344be84a9afb2b3f39597a;c7c906c101d34a7d6fd25b0c54cd7ef13cfb89a70329cb651a298eff72d73c4a;2026-09-28T19:47:05.797752+00:00;false
LOC-0078;LOC-0028;BICYCLE;2026-08-17T07:00:00+03:00;OK;936;16;4340;LOCAL_VALHALLA_MATRIX;2bc918ca039c897e90d8dedb16a661ce63921feaf24c904f40acf69f2c014d92;20c31d932e3559ea0e1b8054e86176aab86d96e58aa4fece4c09f2792375739b;2026-09-28T19:47:05.797752+00:00;false
LOC-0078;LOC-0029;BICYCLE;2026-08-17T07:00:00+03:00;OK;898;15;4211;LOCAL_VALHALLA_MATRIX;fd9cb0063e9bd1c0525b44506318c0d48261f6223ac35464dfe38412b9d5d2a4;121c4e0d7aefafa6d6bda100faec56f774085b4df1796b96eb6affe8395eabc0;2026-09-28T19:47:05.797752+00:00;false
LOC-0078;LOC-0037;BICYCLE;2026-08-17T07:00:00+03:00;OK;1612;27;7638;LOCAL_VALHALLA_MATRIX;1146d8601fb4345ad6a29324b13f88c69813738b5e0d049adc3b4fcff9d7e706;0f8be957bea2db0a84a2b7e4a7d7e7722344b57d432ea53f64b1bc4431704d42;2026-09-28T19:47:05.797752+00:00;false
LOC-0078;LOC-0045;BICYCLE;2026-08-17T07:00:00+03:00;OK;482;9;2217;LOCAL_VALHALLA_MATRIX;d46633040752a93c75bfe71c281cb91d8acf5e124bed14d24e9a0933fbe565e0;991c972ff18c76a7bf401c0941e5b8501be2e693cc962b5722a5dd669783440c;2026-09-28T19:47:05.797752+00:00;false
LOC-0078;LOC-0053;BICYCLE;2026-08-17T07:00:00+03:00;OK;1587;27;7439;LOCAL_VALHALLA_MATRIX;88d1ced51bdd92913894e5780c8caedaeaa26e4b652683cd831c40203a471fa1;034f9f9f833971189964aaa3a25d394aee5ee862a5665d538bf479201d41f304;2026-09-28T19:47:05.797752+00:00;false
LOC-0078;LOC-0054;BICYCLE;2026-08-17T07:00:00+03:00;OK;1590;27;7584;LOCAL_VALHALLA_MATRIX;99ea5f52a14289e1c643bb77575bb3f0fc86334502fd70f087665da322f96a88;70b02a260599fe135e5ada7f237ccc5af0de062c4293c7ee0df43f6d607750bc;2026-09-28T19:47:05.797752+00:00;false
LOC-0078;LOC-0061;BICYCLE;2026-08-17T07:00:00+03:00;OK;1617;27;7731;LOCAL_VALHALLA_MATRIX;0a6dff2a46496fa492f2b492797f4298cc283b649d0d81d81bed28e9a6e6b433;515f8dc30432d4908ee0b9c93ebd1cc2d3e27c37d5234c83d49a4bf077266e4d;2026-09-28T19:47:05.797752+00:00;false
LOC-0078;LOC-0063;BICYCLE;2026-08-17T07:00:00+03:00;OK;503;9;2290;LOCAL_VALHALLA_MATRIX;d4d195ada3dc385539420880a383dab7d51ca542a7a2d2421907733de8f57d4b;68b8a56e8c783ad39d2e50a20de72496ce822f720a5d5f01ab132dd8e93c6f57;2026-09-28T19:47:05.797752+00:00;false
LOC-0078;LOC-0064;BICYCLE;2026-08-17T07:00:00+03:00;OK;344;6;1593;LOCAL_VALHALLA_MATRIX;0382e1164bfd47c31bf0688ab70d0ca745eb34f8811558b6178ad9d36e00fb8b;98f19d87a2b6dee626ce9c944bd07fe794e23240e0632c50fa306a9399e6f35c;2026-09-28T19:47:05.797752+00:00;false
LOC-0078;LOC-0074;BICYCLE;2026-08-17T07:00:00+03:00;OK;1029;18;4927;LOCAL_VALHALLA_MATRIX;ece98cd4d0e4efb97f3e8b9427025d33ab5f52515ef35a64aae62b2836fe2f8b;5495c15ba1bf9689f6fc4e321b4cafc42d4dea3fcbf0c90c80cb9fdea2529621;2026-09-28T19:47:05.797752+00:00;false
LOC-0078;LOC-0075;BICYCLE;2026-08-17T07:00:00+03:00;OK;1010;17;4834;LOCAL_VALHALLA_MATRIX;a7dd2a46c545b09e5a7b3646464998737b01ceb9fc3ad1bd12a05f6f7815df22;540cd23f14b30e7cf960eb1b42559d4f4575ce7d636844e371b5528d58bda37e;2026-09-28T19:47:05.797752+00:00;false
LOC-0078;LOC-0076;BICYCLE;2026-08-17T07:00:00+03:00;OK;1311;22;5957;LOCAL_VALHALLA_MATRIX;086885429f7004b26f3dfce6aee03cf681dbc5aa37ea56dd847e91eaa4c04501;42a7e69769db78bd47c055d52ca6c95b5aec86d7174d766245d998474af51b45;2026-09-28T19:47:05.797752+00:00;false
LOC-0078;LOC-0078;BICYCLE;2026-08-17T07:00:00+03:00;OK;0;0;0;LOCAL_VALHALLA_MATRIX;ccbef54d65b9d1a55fc0cb24b6f499f414069bb5ea6511e571370b435176871b;3d5812abc84c11768aa73a732c85d75dbed439188f5bb3239e9b762ea31d9862;2026-09-28T19:47:05.797752+00:00;false
LOC-0078;LOC-0080;BICYCLE;2026-08-17T07:00:00+03:00;OK;1123;19;5365;LOCAL_VALHALLA_MATRIX;54d8cc0d1e1ace34dd2494e8b048de915ecd5cb01cf9a9f561b9abff81ac3323;ba45607663c3ed767403ed793c0cc9c5d0bf5ad46ff98788211ab057eefb988d;2026-09-28T19:47:05.797752+00:00;false
LOC-0078;LOC-0082;BICYCLE;2026-08-17T07:00:00+03:00;OK;375;7;1726;LOCAL_VALHALLA_MATRIX;ac731296652e8705e8fdb1186a31b5bd0affd7eafa87c95081316c0cd58698c1;145923ade794b3155f89f9b8cd2cc1ad967f9b7323a531d289d865c61b8cfc89;2026-09-28T19:47:05.797752+00:00;false
LOC-0078;LOC-0085;BICYCLE;2026-08-17T07:00:00+03:00;OK;1841;31;8835;LOCAL_VALHALLA_MATRIX;4b7ca12c7e1d1ceb280a0f22ee287dfa5f839d9ec35acae90498683e270f2c40;457ef3d1a380f50eaa0b54c6089d48ff8b7c79ef3bf7eb5ff8dd33f10e6d12b1;2026-09-28T19:47:05.797752+00:00;false
LOC-0078;LOC-0086;BICYCLE;2026-08-17T07:00:00+03:00;OK;1887;32;8899;LOCAL_VALHALLA_MATRIX;25fc873c1dce20b9d0378d54309a518c181da7e97d4a5bcffa59ad0a25bbab05;d0d1f3aea9d95823f46037310f92ab30dc5610d04913cda55b277273ec62efc0;2026-09-28T19:47:05.797752+00:00;false
LOC-0078;LOC-0091;BICYCLE;2026-08-17T07:00:00+03:00;OK;1854;31;8872;LOCAL_VALHALLA_MATRIX;3f63529a3c57fb412aacc66792b8df0d3fbb1d618fa3c7fff8504976a4131237;70e5cbfe06603ca192ce1e472a35bd2cbf9ed157440076d2b14adc4d4a9d429b;2026-09-28T19:47:05.797752+00:00;false
LOC-0078;LOC-0092;BICYCLE;2026-08-17T07:00:00+03:00;OK;1718;29;8287;LOCAL_VALHALLA_MATRIX;9d0b1c551e0673b7500a2673c6c3c33dc1cf3e15fdd86614de0dd6cc54a76336;7f590efe4bb888fd62dbf709dfef31f345a6d6532eb86e91ebddf47b20eb7ab3;2026-09-28T19:47:05.797752+00:00;false
LOC-0078;LOC-0093;BICYCLE;2026-08-17T07:00:00+03:00;OK;1711;29;8097;LOCAL_VALHALLA_MATRIX;358e49c020bffd67064dcd5bc5c64fb9207fba2135b2d1acb74518192c7da711;06c4440cb8970b474cfd4faaf6a3b998fa4ba1405109c10c27fa9f9cfb222931;2026-09-28T19:47:05.797752+00:00;false
LOC-0078;LOC-0094;BICYCLE;2026-08-17T07:00:00+03:00;OK;2000;34;9585;LOCAL_VALHALLA_MATRIX;f487930644ee86497169854b2459636d779516f4a60d5f9a179be790d0716889;a8553252c6234a93b36db6abfe678e37f46141460fd0d4fc223bea96e23ab8cf;2026-09-28T19:47:05.797752+00:00;false
LOC-0078;LOC-0095;BICYCLE;2026-08-17T07:00:00+03:00;OK;2179;37;10403;LOCAL_VALHALLA_MATRIX;0da7b00b3d25ca7ddaf9b98efd8cf0c3f2f47e5ef3b131f289c69c466698cad8;1571a11f80112e8538aa2036a4db08c0754f17a3f454ffd4f93419180a55019a;2026-09-28T19:47:05.797752+00:00;false
LOC-0078;LOC-0102;BICYCLE;2026-08-17T07:00:00+03:00;OK;505;9;2411;LOCAL_VALHALLA_MATRIX;cb6c3be7790530c7f84211c369d4f89ab9779c81e06625dbe5e383c4d85130ac;24c017e3871f061cf6bb18559a3aefab619004fe51fb1e3a9d17fc7580c29175;2026-09-28T19:47:05.797752+00:00;false
LOC-0078;LOC-0112;BICYCLE;2026-08-17T07:00:00+03:00;OK;1337;23;6461;LOCAL_VALHALLA_MATRIX;a11bd700ed2fd4722de96047049517e530cf755bfe7d4e02b2e8839a701a7c8a;f0ff26e32d9463831669d7d47eddbf1cb222eee928123f67aa46dbe28d0ede48;2026-09-28T19:47:05.797752+00:00;false
LOC-0078;LOC-0124;BICYCLE;2026-08-17T07:00:00+03:00;OK;1281;22;6069;LOCAL_VALHALLA_MATRIX;f9eeaf2ebce3005bc6e05198a11e010059b9d53ef8a3667d9de2200fbae8285e;9244f44e7eb618ced5c4f66f40a74f82a795ef85c56ba9aa2a278c5d7b99a998;2026-09-28T19:47:05.797752+00:00;false
LOC-0078;LOC-0125;BICYCLE;2026-08-17T07:00:00+03:00;OK;1230;21;5882;LOCAL_VALHALLA_MATRIX;3ccacb564b951f7ae3f6f4bab0d1086b82369f822a1578ff1d0deb2d67553cf2;61b619c8395d566a9e301d88b65f57b7585505dfedb399333b12126ea44afddf;2026-09-28T19:47:05.797752+00:00;false
LOC-0078;LOC-0126;BICYCLE;2026-08-17T07:00:00+03:00;OK;1130;19;5423;LOCAL_VALHALLA_MATRIX;3cafdd0957e6b32af45624d0f17f40b79b02302464c9eada7aad4e36d0e8f7ba;0f495c598590347875a26433dfa9ad8a0192df9c1000b8af1c27cecb163f0b0a;2026-09-28T19:47:05.797752+00:00;false
LOC-0078;LOC-0128;BICYCLE;2026-08-17T07:00:00+03:00;OK;1537;26;7281;LOCAL_VALHALLA_MATRIX;097c2ee372cc03b6eaa37b2272bf1ce6994b21a40fae51560f78f631529f62ba;7d3d10c2b485b657de7c950cbced9671fb375276ba711445b8cdc86dbd05c04b;2026-09-28T19:47:05.797752+00:00;false
LOC-0078;LOC-0134;BICYCLE;2026-08-17T07:00:00+03:00;OK;1637;28;7877;LOCAL_VALHALLA_MATRIX;9f7f6cae232cd0c64051aacea0224025a3e65980c53593828fb6e495ee72d9ae;d582c8b7bc3c92c6a6f4d50aa461526b53ce8ca950c16a49afc618606da0eb82;2026-09-28T19:47:05.797752+00:00;false
LOC-0078;LOC-0135;BICYCLE;2026-08-17T07:00:00+03:00;OK;1635;28;7861;LOCAL_VALHALLA_MATRIX;425540a0f0a0e3208e2496276deb80bf67233ff55cbb4d66dff43e4aee1d2919;e3cc3452da8dc40bc781cbf2d91ec2be9ea9fa0f599884fd84f046b5b1c3f716;2026-09-28T19:47:05.797752+00:00;false
LOC-0078;LOC-0136;BICYCLE;2026-08-17T07:00:00+03:00;OK;1776;30;8507;LOCAL_VALHALLA_MATRIX;b8b57424b167d7cb021e03385bfd9560389666975e28bb6b4b823102ee9dd4c8;956940aeb902ae151b97c26eb1a27ed1cccb237bfab18dc838e2d52b7a195379;2026-09-28T19:47:05.797752+00:00;false
LOC-0078;LOC-0140;BICYCLE;2026-08-17T07:00:00+03:00;OK;1664;28;7807;LOCAL_VALHALLA_MATRIX;54088ea7382d8eb37bdc2bd9b1f9be2a6aff3448c874e917fa67adc0fe28c4b3;e797bde68d0682ebdd79c766b16892fe0e0a7584c41be5624699bb9b7be0e789;2026-09-28T19:47:05.797752+00:00;false
LOC-0078;LOC-0141;BICYCLE;2026-08-17T07:00:00+03:00;OK;1472;25;6860;LOCAL_VALHALLA_MATRIX;647a881714acc6d9dabf2f7933f4bf534f50183fd66e5bf71a51d4ca8784343d;2d8a70200bd5915aef4ce5a4a30c14d0a974c5a4fce521d9b5f8f9604a097fb1;2026-09-28T19:47:05.797752+00:00;false
LOC-0078;LOC-0142;BICYCLE;2026-08-17T07:00:00+03:00;OK;1564;27;7297;LOCAL_VALHALLA_MATRIX;85afde3e776e1f58e7725272dd24d06555d21863cc16e9b7e3b20f40177ee7de;82755e770f8efd0331c205a55617ffa11373a2b82f8642cc30c7b47cb1b0cd39;2026-09-28T19:47:05.797752+00:00;false
LOC-0078;LOC-0145;BICYCLE;2026-08-17T07:00:00+03:00;OK;1733;29;8401;LOCAL_VALHALLA_MATRIX;eb836738754135d44e955c6956a5c752012882a709fd7e57c03011d91dbdb0f0;afb366099ea8b340cb3a04ffc48a8f8b05c5916f5de73537cdbc0d6cb0ae7ebf;2026-09-28T19:47:05.797752+00:00;false
LOC-0078;LOC-0148;BICYCLE;2026-08-17T07:00:00+03:00;OK;970;17;4659;LOCAL_VALHALLA_MATRIX;e70a987ab6cfe9f72db79645f3c174708ea635b9c5384dd690ed62d6e5a9ccb4;7cfebcb944b5819f75ce900d20c3781a63a3832f4244c057b0c654bbc3fbca66;2026-09-28T19:47:05.797752+00:00;false
LOC-0078;LOC-0149;BICYCLE;2026-08-17T07:00:00+03:00;OK;915;16;4400;LOCAL_VALHALLA_MATRIX;2168d684bc8aa3b03ee4d53371ff609c1229ccfe5f5b118d3be5cad81efed2fa;119aa2ca1d3ad06cb06c69088ebee50dae27f43fdf5cf10730314a76a3ce99b6;2026-09-28T19:47:05.797752+00:00;false
LOC-0078;LOC-0150;BICYCLE;2026-08-17T07:00:00+03:00;OK;878;15;4219;LOCAL_VALHALLA_MATRIX;fe92c2d08e318c8297dfd6ebcd0c9f93108511f68ebea39f39f6f51ce51be8d6;44be992251a94fdb8cd1e035116d89feca63d1b4187da25f8888edd73de569a4;2026-09-28T19:47:05.797752+00:00;false
LOC-0078;LOC-0151;BICYCLE;2026-08-17T07:00:00+03:00;OK;1058;18;5064;LOCAL_VALHALLA_MATRIX;0ed87a897c7c1e6b338142d4e29609e49a9d6388cbcf39738e31a0e49b5db58f;99fbfad058e36a184e3aba60aca31892ce14bad37f03129f1574832993c4a80b;2026-09-28T19:47:05.797752+00:00;false
LOC-0078;LOC-0152;BICYCLE;2026-08-17T07:00:00+03:00;OK;1059;18;5056;LOCAL_VALHALLA_MATRIX;a562173295bc3b3a41e6332586d37bbff4af28e3606f0660f6926c43faa219d6;528fcd288da06a6e0df21036d3b829e6bcb7a173f638c459ef71b23b2303cb81;2026-09-28T19:47:05.797752+00:00;false
LOC-0078;LOC-0190;BICYCLE;2026-08-17T07:00:00+03:00;OK;1318;22;6463;LOCAL_VALHALLA_MATRIX;3ba7aa837e35dcbd451b1a2852531501e370ed09b6332d12783e02910c8fa107;bbcc64abda2a0fcd11cd00886d803dc70058c7710f0a3a7f76b6a713e04a2ae2;2026-09-28T19:47:05.797752+00:00;false
LOC-0078;LOC-0196;BICYCLE;2026-08-17T07:00:00+03:00;OK;1511;26;7126;LOCAL_VALHALLA_MATRIX;30624d7e183f9553a4e4a4a64dfd84f3778ff240c82363231673ed47261332b5;198adaf0379c063cafe3900780a3d9995ab41a6ba1233a10b3679e5757cf5a47;2026-09-28T19:47:05.797752+00:00;false
LOC-0080;LOC-0002;BICYCLE;2026-08-17T07:00:00+03:00;OK;1754;30;8331;LOCAL_VALHALLA_MATRIX;a698fc8eab8118ba4df80499db08affdf32bb424bf6e421a8edda41c68c737c1;8fff67dc57ae45ed5966132b25751c77a60feaf9e83978fd33eafb48b4ef30f3;2026-09-28T19:47:05.797752+00:00;false
LOC-0080;LOC-0008;BICYCLE;2026-08-17T07:00:00+03:00;OK;1377;23;6526;LOCAL_VALHALLA_MATRIX;9e9090fa113aa144a1b17281e8755d635b6c8635452e8a9114bc5ef6efa0753f;c15dfa47942d11bad9694065c3b6acff0df3295468be5f8555cbc7a7e977d0d5;2026-09-28T19:47:05.797752+00:00;false
LOC-0080;LOC-0009;BICYCLE;2026-08-17T07:00:00+03:00;OK;2050;35;9577;LOCAL_VALHALLA_MATRIX;8ab8fa8e442eb167f411f6eb906b56d98b3a59a51079a680d010c1de25eedeb0;8e65328c5b6252b3b3c10e20f7e289f2cddff97dcd3d1b710adfb5a38f90eb0d;2026-09-28T19:47:05.797752+00:00;false
LOC-0080;LOC-0010;BICYCLE;2026-08-17T07:00:00+03:00;OK;1366;23;6371;LOCAL_VALHALLA_MATRIX;a1d68a28f387196f7f8640ae874f284ea2bee8a740713c1c9de7d6a43cfe1397;60e5831750ae9d4c6245761b0928056f53bc2b4e3502d1b8f02846c5aceedc9f;2026-09-28T19:47:05.797752+00:00;false
LOC-0080;LOC-0011;BICYCLE;2026-08-17T07:00:00+03:00;OK;1246;21;5885;LOCAL_VALHALLA_MATRIX;6728a132f8af5b1e03c34c9aaeddcb4d74986a50ea951e87035658cf6d512ab6;e94fd4227c61e1c2db8cf3e45718e3cb50a3c843cdf168bf71f1ed52aa74df06;2026-09-28T19:47:05.797752+00:00;false
LOC-0080;LOC-0012;BICYCLE;2026-08-17T07:00:00+03:00;OK;1076;18;5083;LOCAL_VALHALLA_MATRIX;a448089466a44e05668462c71c0706d4ae460d1b80354768ba37d2d0af0e61ea;8a34d8852aa15143c9ec991f7dd54584eca518fc8bbcfbe34d9e0862545e1879;2026-09-28T19:47:05.797752+00:00;false
LOC-0080;LOC-0013;BICYCLE;2026-08-17T07:00:00+03:00;OK;1859;31;8864;LOCAL_VALHALLA_MATRIX;ac3b0831a5aab8028ee97f35980823740c6467e5deb253f2794b5035067a74f0;907a3eec740249009ec63a26e12692048e81f12ef45b6eb1acfa8706daad5f9f;2026-09-28T19:47:05.797752+00:00;false
LOC-0080;LOC-0016;BICYCLE;2026-08-17T07:00:00+03:00;OK;2536;43;12154;LOCAL_VALHALLA_MATRIX;6cda4401246b95c4b5b3e24e23effeb2ee50a35f0c769893771f4c318a51b2df;9e82fdf3aa5fcd00e45d6d3b28eef70b9d12200eddffb52ed3358b5d6046e6d1;2026-09-28T19:47:05.797752+00:00;false
LOC-0080;LOC-0017;BICYCLE;2026-08-17T07:00:00+03:00;OK;334;6;1575;LOCAL_VALHALLA_MATRIX;f6e9bf1f6b78ede07cc51c781c564a9a4678c72f3fca7c7f11640592cc0d1093;b89ebb82f349e2f66cf36b1f9642f693ccc6999023f725bcf99122473190238d;2026-09-28T19:47:05.797752+00:00;false
LOC-0080;LOC-0018;BICYCLE;2026-08-17T07:00:00+03:00;OK;295;5;1383;LOCAL_VALHALLA_MATRIX;58cd74fd01f8c8e3e1705f003c5db46869901103b03c25f91eb12ba68cf7f5dd;c66bde065044870a4fc6de7d6b79d5b79080bc360399813d7f55d2ae721af7f5;2026-09-28T19:47:05.797752+00:00;false
LOC-0080;LOC-0019;BICYCLE;2026-08-17T07:00:00+03:00;OK;1543;26;7228;LOCAL_VALHALLA_MATRIX;80b4567e48f80a3d4f663ba47867cc9aed7ec7c4963e37b3d9f1e4414a9d5946;6e9da108353f7ec166b023d9ff4441bc1adb2f33ec8a45a100d974d6c0fdc2ec;2026-09-28T19:47:05.797752+00:00;false
LOC-0080;LOC-0020;BICYCLE;2026-08-17T07:00:00+03:00;OK;1362;23;6378;LOCAL_VALHALLA_MATRIX;0abfc542cffc6bcb98c7623f1a9b04f8a5a0b0696162087706b66fdf4d7ceeb5;406b05512a63711762f82190f1ca351935eb02dbe2ef256919e0e0ac0d0410b4;2026-09-28T19:47:05.797752+00:00;false
LOC-0080;LOC-0023;BICYCLE;2026-08-17T07:00:00+03:00;OK;592;10;2733;LOCAL_VALHALLA_MATRIX;d385b1fed1ce4c764f57331022e38f0ad438adaa038fc2818f80951c9cefcf98;fbf5bc04592d6397496402803fcbba3c96c097beb69fa1867a8e97cb762715c2;2026-09-28T19:47:05.797752+00:00;false
LOC-0080;LOC-0027;BICYCLE;2026-08-17T07:00:00+03:00;OK;559;10;2613;LOCAL_VALHALLA_MATRIX;f02c42f6527f30d76a36a33e65e6b16ded6c632f92f39c3f149659fc97cf11b3;227cfc5b74cc5fd1ec86217ac2fc2739ae0f940ae560825eade70e14f909efa1;2026-09-28T19:47:05.797752+00:00;false
LOC-0080;LOC-0028;BICYCLE;2026-08-17T07:00:00+03:00;OK;1602;27;7570;LOCAL_VALHALLA_MATRIX;9f09c22254e59c7314773ab295a5d4ac81f7c8036658b135ef3b01331e06e369;12c02471d6aa4319d158e9d682176eaf0bf5a12f8cc115872de52dc2fcb301bc;2026-09-28T19:47:05.797752+00:00;false
LOC-0080;LOC-0029;BICYCLE;2026-08-17T07:00:00+03:00;OK;1528;26;7193;LOCAL_VALHALLA_MATRIX;5fb1077fd27f50fd4b5cf9bea597a7e31ff356f372030be72cde331d4ccd52c1;a6822e173c12f7d12ad03c4b2b5ee648c6c81632501dc27b342792e2a0f08e5d;2026-09-28T19:47:05.797752+00:00;false
LOC-0080;LOC-0037;BICYCLE;2026-08-17T07:00:00+03:00;OK;1470;25;7008;LOCAL_VALHALLA_MATRIX;b3d99bf53130cade157e9dff1ab0da9326748c276d516f7f8cb3ea442787c6f0;884c82908fd25193ad71dee2223007a54ed6ccf531f98b108e74ac415c733e39;2026-09-28T19:47:05.797752+00:00;false
LOC-0080;LOC-0045;BICYCLE;2026-08-17T07:00:00+03:00;OK;1062;18;5062;LOCAL_VALHALLA_MATRIX;f7088b93c2dca2b2775dd22fb8c1aaf3bb7b520c36c6078e63a858b7091d41f5;ed695454ea4b590cd0bad5f0db88d129f4a6c21efcd094e28f3ab54784ab09a0;2026-09-28T19:47:05.797752+00:00;false
LOC-0080;LOC-0053;BICYCLE;2026-08-17T07:00:00+03:00;OK;2505;42;12041;LOCAL_VALHALLA_MATRIX;de650a68a35ac025bc44f914d74248328bdacfced2fdfe291dda9b79c7a68798;b894075fc0dac74eb4247a5d343ae344fdc4dd6fad0085c3c21e8fde6cfae424;2026-09-28T19:47:05.797752+00:00;false
LOC-0080;LOC-0054;BICYCLE;2026-08-17T07:00:00+03:00;OK;1377;23;6568;LOCAL_VALHALLA_MATRIX;3cd9f42c035f9f63ca4a31b13b991979aebde3e48f17fb6fd05202428ca60bc6;fea12dc3c162bed52b86463e85a07a874cf89087fd061c463b49bbd33fe094e8;2026-09-28T19:47:05.797752+00:00;false
LOC-0080;LOC-0061;BICYCLE;2026-08-17T07:00:00+03:00;OK;1114;19;5089;LOCAL_VALHALLA_MATRIX;e6b68991a6be79ffc889886472acea18e579c5c5ac91e8fa85d80265b6b1d7e9;ac1997668c6b607a6561f03cc4fd32549f198a706676fae0d14764bdfd0a9783;2026-09-28T19:47:05.797752+00:00;false
LOC-0080;LOC-0063;BICYCLE;2026-08-17T07:00:00+03:00;OK;1556;26;7330;LOCAL_VALHALLA_MATRIX;e58cd8aa8cd122c1f3a4ae169227e4cea451447a6716a1bc3598bbafd309075b;c9a3eabb71ac72d60c31c4158324b9d6752f1de8479bc7c664c26e8f9d0daa49;2026-09-28T19:47:05.797752+00:00;false
LOC-0080;LOC-0064;BICYCLE;2026-08-17T07:00:00+03:00;OK;1397;24;6633;LOCAL_VALHALLA_MATRIX;d8ef917592fef946bedb73967d476ec14ef315eb0bf45429068b875b782639a8;8b08b4b9e88733479d6df70e74679fcbbe0ea1d1dcb4da6e7606bd348c0155da;2026-09-28T19:47:05.797752+00:00;false
LOC-0080;LOC-0074;BICYCLE;2026-08-17T07:00:00+03:00;OK;243;5;1092;LOCAL_VALHALLA_MATRIX;6818939c5d32331a6a9b219b39b9140311909920273d1bf92eaf1f0866194f5e;6c2123f22a8d080bb63f128c6915474e98187fdd4d5f71d7865c66470cb2091f;2026-09-28T19:47:05.797752+00:00;false
LOC-0080;LOC-0075;BICYCLE;2026-08-17T07:00:00+03:00;OK;156;3;701;LOCAL_VALHALLA_MATRIX;6fd8f2b26a94bf5b28d9e1b1d9d870c198ea9db011eba8be31165e2c3c197f32;fe90ab41ccbabb8cccdccd9d6b7ddfbfa15471783ba7387733180d0420e694d3;2026-09-28T19:47:05.797752+00:00;false
LOC-0080;LOC-0076;BICYCLE;2026-08-17T07:00:00+03:00;OK;2586;44;12189;LOCAL_VALHALLA_MATRIX;8aa18bc41183a1a7a88b0f1b92f94b6bb4735888f5ccd80e9cec715e3666e830;466ca247ba71821c59946d6ab031fa0a90b920c4762fc020b810d7456307963c;2026-09-28T19:47:05.797752+00:00;false
LOC-0080;LOC-0078;BICYCLE;2026-08-17T07:00:00+03:00;OK;1110;19;5309;LOCAL_VALHALLA_MATRIX;862764d29105e6387ad9367307045972a1f54fe455ff20adaa7afe9e16debf33;27a1ccf70d991e11af88c20c2c1ad697886d60c8d666c6dd2be7f15889d92640;2026-09-28T19:47:05.797752+00:00;false
LOC-0080;LOC-0080;BICYCLE;2026-08-17T07:00:00+03:00;OK;0;0;0;LOCAL_VALHALLA_MATRIX;710732df54886f4699f88d2b225c3cfa72febb148264cfe1fb6aa656a1f57cb3;3d5812abc84c11768aa73a732c85d75dbed439188f5bb3239e9b762ea31d9862;2026-09-28T19:47:05.797752+00:00;false
LOC-0080;LOC-0082;BICYCLE;2026-08-17T07:00:00+03:00;OK;1398;24;6683;LOCAL_VALHALLA_MATRIX;67afa5ca1b882903a9a69d17a1321a4acc64bebca1281b2be98d26233a565732;6934af0cedbc08cf98e5aaf5c092c7aae7e8cd9702003b61aa921cf26df0221a;2026-09-28T19:47:05.797752+00:00;false
LOC-0080;LOC-0085;BICYCLE;2026-08-17T07:00:00+03:00;OK;1984;34;9444;LOCAL_VALHALLA_MATRIX;a964597cc5b7a6228929b773434aaf1bb9c8d257085835509a8d53cff1f945f8;88128642804933f2ae9753c1bf48db5178872abbc572d35c52fb7f0cb141bf61;2026-09-28T19:47:05.797752+00:00;false
LOC-0080;LOC-0086;BICYCLE;2026-08-17T07:00:00+03:00;OK;2030;34;9508;LOCAL_VALHALLA_MATRIX;7f97fbf84f2531494314bfd590af51c6e81fd0745c933fd7aa546e37537253b5;66f40b55c523a2ccf17f4061b98daddda103700fdfbff2f1f61bc841e59763bc;2026-09-28T19:47:05.797752+00:00;false
LOC-0080;LOC-0091;BICYCLE;2026-08-17T07:00:00+03:00;OK;1202;21;5666;LOCAL_VALHALLA_MATRIX;dea10c866dfe98e1f521dfd3321fed7da0ad7520247d09b8768db3a822024a78;693c1c4bbf06c4da3c0478cad91d946f05af4d26c36774ef90e7ac098c8afe09;2026-09-28T19:47:05.797752+00:00;false
LOC-0080;LOC-0092;BICYCLE;2026-08-17T07:00:00+03:00;OK;1056;18;4926;LOCAL_VALHALLA_MATRIX;3dfcc56292d410df83d1650fe35bf62945fee2673745c875861e1d5b991914e8;bbbe4952534aa10cec29d1f8cb83315f77523204f4d0d38a732278f7723e3782;2026-09-28T19:47:05.797752+00:00;false
LOC-0080;LOC-0093;BICYCLE;2026-08-17T07:00:00+03:00;OK;1049;18;4736;LOCAL_VALHALLA_MATRIX;d4477bcc3c4b1be7b8cd1de06554a524812aca33c7297407fbc2ae3cc8bf8f2f;867275cf97ad43de996915e15679c2346e50318e2c855132ad09dc5d8d8bb1b3;2026-09-28T19:47:05.797752+00:00;false
LOC-0080;LOC-0094;BICYCLE;2026-08-17T07:00:00+03:00;OK;2143;36;10194;LOCAL_VALHALLA_MATRIX;6f7abc140d43d31ef3b47ba3324183ca959ed9ca4358ad0d4ae83e4cdc252c0a;e142e4d8cdf557e49e66f710cd154dbcfad14cfe9495f6e7c40ae488de2e6ea3;2026-09-28T19:47:05.797752+00:00;false
LOC-0080;LOC-0095;BICYCLE;2026-08-17T07:00:00+03:00;OK;2322;39;11012;LOCAL_VALHALLA_MATRIX;5192221dd8804e8d98644ef97d4e52861e595c38f5c6df989b3b4f0016dab511;262d2bbe30f19be9ef37995673b6043a1f94ef1e6e382e40c19bdb2f86db706e;2026-09-28T19:47:05.797752+00:00;false
LOC-0080;LOC-0102;BICYCLE;2026-08-17T07:00:00+03:00;OK;1558;26;7451;LOCAL_VALHALLA_MATRIX;03aee49b0c9a31ad50a85606349c9b55dd53b691a9a61d7c979342eb20aa3825;1fd693ce331dd66db8a697756d811018d806d16edca300132648da040e9b0fc1;2026-09-28T19:47:05.797752+00:00;false
LOC-0080;LOC-0112;BICYCLE;2026-08-17T07:00:00+03:00;OK;648;11;3018;LOCAL_VALHALLA_MATRIX;b25c6185844adad7e22e7784f1060e616c6600c5ca4fd4e2893e221d2220fb9f;2b028f8782dea7342d2deda616725a42b5400c30cc4e0b1c9918ce1131290f17;2026-09-28T19:47:05.797752+00:00;false
LOC-0080;LOC-0124;BICYCLE;2026-08-17T07:00:00+03:00;OK;1870;32;8912;LOCAL_VALHALLA_MATRIX;f183ee4b25e3c8eb6a18562ea51ee27fb70dc2b87f9a27b396713425f52a1c5d;9415e4f1e57e1ed91fc400c793a0f68832fcdc6eb3c12c42180221a6d856fc9d;2026-09-28T19:47:05.797752+00:00;false
LOC-0080;LOC-0125;BICYCLE;2026-08-17T07:00:00+03:00;OK;289;5;1336;LOCAL_VALHALLA_MATRIX;546dc62275df5203dc8c21178a1bbe11503faf649147b04e24ac5d2b905878d2;82a807eb7654ecd551752c5b7dc91cb571be4a9ea2fe443d422922bd36b6d611;2026-09-28T19:47:05.797752+00:00;false
LOC-0080;LOC-0126;BICYCLE;2026-08-17T07:00:00+03:00;OK;509;9;2358;LOCAL_VALHALLA_MATRIX;60cb1cea094c1ba3e6c411b296d8052fb60bc956117f1279f84c97411d36c04b;2a92681e68847963b0f51168c428ab9c985229b628d2599c2fbba5e0f52a36ca;2026-09-28T19:47:05.797752+00:00;false
LOC-0080;LOC-0128;BICYCLE;2026-08-17T07:00:00+03:00;OK;1546;26;7334;LOCAL_VALHALLA_MATRIX;d10aabfb80839e5be0e538156ad84cc5f519b5f962159b273e5d101c4a180bed;ca709ae290eda9a79a8f3796dd558a2eb67101810332db4517cc94ca980d1214;2026-09-28T19:47:05.797752+00:00;false
LOC-0080;LOC-0134;BICYCLE;2026-08-17T07:00:00+03:00;OK;1780;30;8486;LOCAL_VALHALLA_MATRIX;4a2147495fc8ea33e45b032cd35e9acd40b5e34154fc1d307029e2a4813dfb85;2d3ca5ccfde68c2a9440a52edd860af7ce37b0f5400bc8113a77dc4ced79976b;2026-09-28T19:47:05.797752+00:00;false
LOC-0080;LOC-0135;BICYCLE;2026-08-17T07:00:00+03:00;OK;1778;30;8470;LOCAL_VALHALLA_MATRIX;7649a1ab517963612aa4e669723460ca2ebcdff12739bf63f1e20abe9f55a813;7b18593dd9fd5bfd616d372a031d37cec30e35e8bb458ffb60367acaa40c8118;2026-09-28T19:47:05.797752+00:00;false
LOC-0080;LOC-0136;BICYCLE;2026-08-17T07:00:00+03:00;OK;1919;32;9116;LOCAL_VALHALLA_MATRIX;dee3798718a2665d75f032cd8909f1a61435992e9324a181a4e72f8144fbceeb;6ec16c6e5019695d4c3df3d0f04434fa5c71f1f5bd4a85e774663d6bb4cb7dc7;2026-09-28T19:47:05.797752+00:00;false
LOC-0080;LOC-0140;BICYCLE;2026-08-17T07:00:00+03:00;OK;2236;38;10717;LOCAL_VALHALLA_MATRIX;f9e89d9041374bf3f910aff2b9121a2fcbab12035eb13326047a71cb64d61258;b0470dd6641f755670920bc076b58fb5fe52664d0c697cdc099ff6fc63fcc0a3;2026-09-28T19:47:05.797752+00:00;false
LOC-0080;LOC-0141;BICYCLE;2026-08-17T07:00:00+03:00;OK;1444;25;6740;LOCAL_VALHALLA_MATRIX;53659a9a8ea24145787398ba779b3b60996a5dba01bdd7752de8202f44620ca0;7fb735cb95cff49fb453da93ed4d00a66aa8bcaa41363cdfeffeaf551909bdd9;2026-09-28T19:47:05.797752+00:00;false
LOC-0080;LOC-0142;BICYCLE;2026-08-17T07:00:00+03:00;OK;1395;24;6515;LOCAL_VALHALLA_MATRIX;a9cefdc8dd9102d74e743e469b0a4b5c3c7dc27bf663fc6c35c6f7f29c7cef6b;04043c029fb33d2beea2738d3681c8c00769a440a70a12b893f0c554935e103e;2026-09-28T19:47:05.797752+00:00;false
LOC-0080;LOC-0145;BICYCLE;2026-08-17T07:00:00+03:00;OK;1066;18;4956;LOCAL_VALHALLA_MATRIX;451edd95edd209c5b7cf862f9f182fe2227e675d68932e7216f3868a75300aa9;e8aecfc4aff72690489492c60c6e294e189a184cfa57b98c051d050b70331b49;2026-09-28T19:47:05.797752+00:00;false
LOC-0080;LOC-0148;BICYCLE;2026-08-17T07:00:00+03:00;OK;179;3;816;LOCAL_VALHALLA_MATRIX;f80256764c1391ef7eb0fd0ea62bb3ccc7a8ebe9d34403f8edc7ff9be308527c;ecad18f4b9a055748d7b6452123ebb86fa51e882b5a31b4597fe5804542ddc59;2026-09-28T19:47:05.797752+00:00;false
LOC-0080;LOC-0149;BICYCLE;2026-08-17T07:00:00+03:00;OK;232;4;1045;LOCAL_VALHALLA_MATRIX;73c4c285a6f387a428402292a4931d32d4230b469911130f469595d396b87326;26f01fdb13ad0aa9e19b3f56caaae839e3a0a9812e2df080441e3cdb88d9cc50;2026-09-28T19:47:05.797752+00:00;false
LOC-0080;LOC-0150;BICYCLE;2026-08-17T07:00:00+03:00;OK;270;5;1218;LOCAL_VALHALLA_MATRIX;28ae9d9e804f85ab8a362659e63768885f38b69e9b7804ec177340214b0a7ea5;c627a3277f5cc742a29561841b4e867beb33f97db96a33286c89ba8d6ad2349e;2026-09-28T19:47:05.797752+00:00;false
LOC-0080;LOC-0151;BICYCLE;2026-08-17T07:00:00+03:00;OK;294;5;1369;LOCAL_VALHALLA_MATRIX;ce0522f2bb73271c2325087cebf14616ade08c2e2c2c1b216dc90aac70aef3ea;17587672979fe9a1e0a16b10b585ef4d18f11751ae1fc20a8c711e2726cc039d;2026-09-28T19:47:05.797752+00:00;false
LOC-0080;LOC-0152;BICYCLE;2026-08-17T07:00:00+03:00;OK;296;5;1361;LOCAL_VALHALLA_MATRIX;48b6de8688237ea887a7e735702edb4d347ce9d198b485a450c8bfe235ab6057;a49d48a6553eee73acc19d1192d73f22b40944e712d334bdf862e6a23e0ca1c9;2026-09-28T19:47:05.797752+00:00;false
LOC-0080;LOC-0190;BICYCLE;2026-08-17T07:00:00+03:00;OK;966;17;4565;LOCAL_VALHALLA_MATRIX;a120c26082b172ab43b8f5450d4262751b97e31a168a373be3aab5b2b593dd8a;117e097f8e50b12ba339a2cd2504f3f1335080b9e59bf48f38abb2287bab9b14;2026-09-28T19:47:05.797752+00:00;false
LOC-0080;LOC-0196;BICYCLE;2026-08-17T07:00:00+03:00;OK;752;13;3476;LOCAL_VALHALLA_MATRIX;e1da82b2e3a725a537279f88e8ac63b3c17dd07b482e769f9bed3e0e38664295;01e4fee5259c1573c49a54f8fa2ba0ac6e09789362e8442e8a6ef2713add2ff7;2026-09-28T19:47:05.797752+00:00;false
LOC-0082;LOC-0002;BICYCLE;2026-08-17T07:00:00+03:00;OK;2075;35;10074;LOCAL_VALHALLA_MATRIX;1fc87a712cb301eabd82557797cf41bbe1ef56d06aaf22961ba4a50bfbfd6b43;60c0400aeb16562f9fbd1b5c24c50b7976a490cf6a5490dc7ec124378b259a5b;2026-09-28T19:47:05.797752+00:00;false
LOC-0082;LOC-0008;BICYCLE;2026-08-17T07:00:00+03:00;OK;2850;48;13671;LOCAL_VALHALLA_MATRIX;25094e5f9a753c3a1cdacdc2d2803b5b1d10eca800909a105b62fa1ae76e8134;ef76a4282fe4e7a1f2f9475f46911981a18e94fdbf826c57b7297855050dc4fb;2026-09-28T19:47:05.797752+00:00;false
LOC-0082;LOC-0009;BICYCLE;2026-08-17T07:00:00+03:00;OK;1556;26;7313;LOCAL_VALHALLA_MATRIX;bc090e1e55faca2b4077f2a264fd4b9b4c8bd94b5cd3b61c3689a4793291b02a;d9887af13ea588e97c73b67d58ffafccea76cec2ba7ba93ca27db958c9896e9e;2026-09-28T19:47:05.797752+00:00;false
LOC-0082;LOC-0010;BICYCLE;2026-08-17T07:00:00+03:00;OK;2570;43;12342;LOCAL_VALHALLA_MATRIX;86b9b04add113d082c95447380e124801c900f01af583c624d8e551d1bc12c5a;024484a0172b5b5741fa3ecbb35b188dd8a1fc366ced87e0b689262e7829ecd3;2026-09-28T19:47:05.797752+00:00;false
LOC-0082;LOC-0011;BICYCLE;2026-08-17T07:00:00+03:00;OK;1895;32;9170;LOCAL_VALHALLA_MATRIX;4cd56d2480b602d71b71fe3476f9b9b59ccd5ea415543cbdea49975f25acd164;854190d6555da92e244f8ddc6b2eac0769a3f36d1373cbcb20907a4d7a27e57b;2026-09-28T19:47:05.797752+00:00;false
LOC-0082;LOC-0012;BICYCLE;2026-08-17T07:00:00+03:00;OK;2549;43;12228;LOCAL_VALHALLA_MATRIX;ad86c6792f9ec9af808988b973597d9ac383fd68ce253c065059153be08e58b1;d443ef943c80b23c4923b2b3a60c536864ffcd2783096af78da3300a2b8a98be;2026-09-28T19:47:05.797752+00:00;false
LOC-0082;LOC-0013;BICYCLE;2026-08-17T07:00:00+03:00;OK;2180;37;10607;LOCAL_VALHALLA_MATRIX;3945001c3f31084171a6341f673e54fdc7cb9b0aa31e97781816fd2a1e1ab19b;185010efb0ccf870b0dd632c536c2e342c411b32128d38ef4ed62dfc2b2a1131;2026-09-28T19:47:05.797752+00:00;false
LOC-0082;LOC-0016;BICYCLE;2026-08-17T07:00:00+03:00;OK;1209;21;5607;LOCAL_VALHALLA_MATRIX;65d7efd9d4c382a4d8ffd8d2e4e35d4e12e36b9469981b5722e254a485135fb8;8c30878db364504699b052fcd292f5f7b2ebb7b52e8e6a036f6858e52522e8f8;2026-09-28T19:47:05.797752+00:00;false
LOC-0082;LOC-0017;BICYCLE;2026-08-17T07:00:00+03:00;OK;1281;22;6156;LOCAL_VALHALLA_MATRIX;c13b0d518972a9ca33b14ad7280669903e8a8000a9d118e0ca06739dc67e0398;29ddcfb811f7378f86de26cab3f9d883a587fbbafd3865437f87095c88ebe25f;2026-09-28T19:47:05.797752+00:00;false
LOC-0082;LOC-0018;BICYCLE;2026-08-17T07:00:00+03:00;OK;1317;22;6351;LOCAL_VALHALLA_MATRIX;cc70cbfa875d4515f8ec1363dd69983b4976bb1be3763283ea951ea1b754ee83;ab3107b8cb24e975a59423327ca594f02f286dedc1589872884bd765d83b34bc;2026-09-28T19:47:05.797752+00:00;false
LOC-0082;LOC-0019;BICYCLE;2026-08-17T07:00:00+03:00;OK;2929;49;14066;LOCAL_VALHALLA_MATRIX;c65788f10a1d0899d718a1974d85a48aa6f50d2bc96dab9b2b835d82558377da;52e966677a198ab46e7e4d16f471da64aa02f316c9fc662d9bb9f8968763ba2a;2026-09-28T19:47:05.797752+00:00;false
LOC-0082;LOC-0020;BICYCLE;2026-08-17T07:00:00+03:00;OK;2566;43;12349;LOCAL_VALHALLA_MATRIX;7bc5460754771e4af5bd22e7cd0ae4adcba34840fe97a5e01b913a5b37ee5b11;4e5fe1ee499d3ff6344de629db5a815ed624e05eb8ed8ec0d8a1b9f994b34da0;2026-09-28T19:47:05.797752+00:00;false
LOC-0082;LOC-0023;BICYCLE;2026-08-17T07:00:00+03:00;OK;1690;29;8085;LOCAL_VALHALLA_MATRIX;7df90e756cf53fefd21d68683702c6a3f56ec6b2336851f0e9370e07c831d71b;106fc8ca6b8f6207410a808f5712dd20d2c460e54f277ed9b960d09bbf513d7f;2026-09-28T19:47:05.797752+00:00;false
LOC-0082;LOC-0027;BICYCLE;2026-08-17T07:00:00+03:00;OK;1293;22;6217;LOCAL_VALHALLA_MATRIX;c3bd381033848e36b4cd088995815fb3349d5a73b4f4063cdd5fd116428f4005;cd1fb1f6fff90023544baa7a4c6b6b7d50e399b6bb64e54d0004f2840bb3d042;2026-09-28T19:47:05.797752+00:00;false
LOC-0082;LOC-0028;BICYCLE;2026-08-17T07:00:00+03:00;OK;669;12;3085;LOCAL_VALHALLA_MATRIX;5b5dccab6caae454018ffeab9bd2d2614e214350d0077a0868cd7964f2222fde;91a4d9a1b0959cb6b9e6add1e28dd79a9c9564c6255c58bc3c208d486cf895ee;2026-09-28T19:47:05.797752+00:00;false
LOC-0082;LOC-0029;BICYCLE;2026-08-17T07:00:00+03:00;OK;631;11;2956;LOCAL_VALHALLA_MATRIX;44f7699cc3c0964d7db5deff49baea2d4e20bd81c9b2a6593d911a16bcae2da5;c4a380faf992672b1e5f658e26caf3dfad56a815c68643aba8ec65116585b406;2026-09-28T19:47:05.797752+00:00;false
LOC-0082;LOC-0037;BICYCLE;2026-08-17T07:00:00+03:00;OK;2076;35;9990;LOCAL_VALHALLA_MATRIX;59e97d5c85ea36f88cb5c8d7c339ed24f4e34539595ceeb18ae9e299e4640559;fa7582b55a022e608b7c0637837e99ae29542035f4c49e12b4d19cd96e7c54e6;2026-09-28T19:47:05.797752+00:00;false
LOC-0082;LOC-0045;BICYCLE;2026-08-17T07:00:00+03:00;OK;718;12;3428;LOCAL_VALHALLA_MATRIX;e07c486fef4a536d844005efca239b2dc6b26a78ebb2d22dfd88ca94ca78e731;f8f94203745b79451364888b241e8ba8ffd3ad3454e434333fe463b533024ac9;2026-09-28T19:47:05.797752+00:00;false
LOC-0082;LOC-0053;BICYCLE;2026-08-17T07:00:00+03:00;OK;1320;22;6184;LOCAL_VALHALLA_MATRIX;2974eb6c3127b67f53802a7b7459ee8810edc34ad4063d630bf52b93e74eea3d;8059205cd4b8b807b36c896402cbb0268fe30f28d2a58bc24709693805bbd3df;2026-09-28T19:47:05.797752+00:00;false
LOC-0082;LOC-0054;BICYCLE;2026-08-17T07:00:00+03:00;OK;2054;35;9936;LOCAL_VALHALLA_MATRIX;d0572c5d0c70bc17ab5ed9bde9fd3820c8ca9d5acd608154bc5f02aa02110132;1a216f610c6373644730853b0b8c8fa9b8f66ee2118ab694cc73dbd575e37c65;2026-09-28T19:47:05.797752+00:00;false
LOC-0082;LOC-0061;BICYCLE;2026-08-17T07:00:00+03:00;OK;2587;44;12234;LOCAL_VALHALLA_MATRIX;5e51d49b63c0e84e797cce0da0b6556e72ce6bd95244a17d9eaa38835825e078;a5966412b2cf160675bcd47c554b20f4248e75536e266c6c45bce1f9d44136dc;2026-09-28T19:47:05.797752+00:00;false
LOC-0082;LOC-0063;BICYCLE;2026-08-17T07:00:00+03:00;OK;264;5;1195;LOCAL_VALHALLA_MATRIX;76ad8f94f947ef0e3c9f63165a7129f2b617f11303255d24c5eba00f13cbbc94;40da7d7cab7dd37d8d813fc03a78ae75c2f2245edfc692f884a470653115678c;2026-09-28T19:47:05.797752+00:00;false
LOC-0082;LOC-0064;BICYCLE;2026-08-17T07:00:00+03:00;OK;327;6;1480;LOCAL_VALHALLA_MATRIX;04094e9e964e1e9285c7533bbf8dfcbe48c9444cfb64e14e7894732d694f8095;20d672fe6001332367727dbea441a62c36b6624c923d2b99213bd3b9c9496bc1;2026-09-28T19:47:05.797752+00:00;false
LOC-0082;LOC-0074;BICYCLE;2026-08-17T07:00:00+03:00;OK;1571;27;7537;LOCAL_VALHALLA_MATRIX;ba41c7545c5ce0bbc8ca674d2cef98fbc8319ca438d5ad4cba9da02af9d91776;c352f1aa8bf818525d9c16f0600bebf8e08b105ec604fad8522fa31cbba831fe;2026-09-28T19:47:05.797752+00:00;false
LOC-0082;LOC-0075;BICYCLE;2026-08-17T07:00:00+03:00;OK;1552;26;7444;LOCAL_VALHALLA_MATRIX;e761cec82676c809409e91a01b33d7bb4577355f44e69f9da869e56bcb97c3fe;f682931ea52f46b93e6571fab70c39f7d8be94ec049c4291d835a26e52f8a4cb;2026-09-28T19:47:05.797752+00:00;false
LOC-0082;LOC-0076;BICYCLE;2026-08-17T07:00:00+03:00;OK;1044;18;4702;LOCAL_VALHALLA_MATRIX;f38b0383ee5da32eb1fa086af470e1c5caf36e90de618741b6d6143afc65322e;13451808a8036fc8b9975db3a26c28eb255ea82aa0f6222c50e1f316c8d7c4e8;2026-09-28T19:47:05.797752+00:00;false
LOC-0082;LOC-0078;BICYCLE;2026-08-17T07:00:00+03:00;OK;518;9;2406;LOCAL_VALHALLA_MATRIX;11d3b63e5723fb0e181979d2426538ca6b4b4e0e91e5dc469fe644278d68fef9;74d9226b34d5bf7add45a1daafe30636e8183761541fc1189085fc84a9c5221d;2026-09-28T19:47:05.797752+00:00;false
LOC-0082;LOC-0080;BICYCLE;2026-08-17T07:00:00+03:00;OK;1506;26;7137;LOCAL_VALHALLA_MATRIX;8dde0061e68f203246a9522ec199716789351e129adbdd6395e48620d0fdd45f;d52e4255e8bb461450d37c7efdf318dd7ceea5506f63116e3072c16f415acc9e;2026-09-28T19:47:05.797752+00:00;false
LOC-0082;LOC-0082;BICYCLE;2026-08-17T07:00:00+03:00;OK;0;0;0;LOCAL_VALHALLA_MATRIX;c2fcea9d3c9693aa0c9434b91434b92d293ce9c16d9eef59b073cd984e83003e;3d5812abc84c11768aa73a732c85d75dbed439188f5bb3239e9b762ea31d9862;2026-09-28T19:47:05.797752+00:00;false
LOC-0082;LOC-0085;BICYCLE;2026-08-17T07:00:00+03:00;OK;2305;39;11187;LOCAL_VALHALLA_MATRIX;103ce1055e603bdc44a77330a3b4c1dded7975c7b4e7592cbb915319d56650b9;aeb7ab7d2506d13506ed518655daa8a038d04f1baec6c5f0727d192b27398e82;2026-09-28T19:47:05.797752+00:00;false
LOC-0082;LOC-0086;BICYCLE;2026-08-17T07:00:00+03:00;OK;2351;40;11251;LOCAL_VALHALLA_MATRIX;d7d1a87567dd33b5d7e83789ac314b577dd1a43cfa8d876acf6e28dfb2b9c955;011845b49d19556aaf3b04dea7156f8e537b03857271ea7da1e528e8b4866ad5;2026-09-28T19:47:05.797752+00:00;false
LOC-0082;LOC-0091;BICYCLE;2026-08-17T07:00:00+03:00;OK;2395;40;11482;LOCAL_VALHALLA_MATRIX;b17b014488e316eddba1fbc61c8c23d6f839278456468c3ec1758a13fb24ad01;f87d06cf74e9c0fa97615cd0c92f4a5da208fb2eb0afdfc8391ef7baa8d5ad91;2026-09-28T19:47:05.797752+00:00;false
LOC-0082;LOC-0092;BICYCLE;2026-08-17T07:00:00+03:00;OK;2260;38;10897;LOCAL_VALHALLA_MATRIX;b14e8e605df7d1873af3b45580bb06077c14128083803c6e32b9adf6b174ff8b;866d5d581fe96d64e2382a5adfff227990d2f954c5589773a79ac0ca0b668000;2026-09-28T19:47:05.797752+00:00;false
LOC-0082;LOC-0093;BICYCLE;2026-08-17T07:00:00+03:00;OK;2253;38;10707;LOCAL_VALHALLA_MATRIX;c0dfef54f53592da7a566c7692b1531114d77a0fe53848e8498b8f98d109ef65;a7dd7d753efd0cd057bdb84b4d4e9fad9ed411ff02354da896aae84c5f030cc5;2026-09-28T19:47:05.797752+00:00;false
LOC-0082;LOC-0094;BICYCLE;2026-08-17T07:00:00+03:00;OK;2463;42;11937;LOCAL_VALHALLA_MATRIX;70391e73ea8c40550d383fc2481af6cd348b8bb8f0cd09d0123bfa68b1a9762a;306ad2ab2af64b6af317b006d296eb8cfd0f33bb941b4786157724dc33946f5e;2026-09-28T19:47:05.797752+00:00;false
LOC-0082;LOC-0095;BICYCLE;2026-08-17T07:00:00+03:00;OK;2642;45;12755;LOCAL_VALHALLA_MATRIX;2339b1eaac3f5dc212b1301d2e2f44e62d8e68654942999648e369c494d98523;a806b28b6b336da7dc8847902f28511ec67cc0c86e2b4c82bdf8d3b408357722;2026-09-28T19:47:05.797752+00:00;false
LOC-0082;LOC-0102;BICYCLE;2026-08-17T07:00:00+03:00;OK;492;9;2224;LOCAL_VALHALLA_MATRIX;9e5b1225f526b047f2110d001ccc877a407586ce7763a089946fd68cdb99aa8d;2468aabf97a653f62ed136a61296ad30159b308b7be94677752704af85be659b;2026-09-28T19:47:05.797752+00:00;false
LOC-0082;LOC-0112;BICYCLE;2026-08-17T07:00:00+03:00;OK;1878;32;9071;LOCAL_VALHALLA_MATRIX;8f12d9dd989f5642f7738ab03baf6688e249863abe39bb3a446fdae6619078b3;c23c17fac1ea11ede3acb78d0285a21275edd190a8e8ec9b4ef427d614f5bd42;2026-09-28T19:47:05.797752+00:00;false
LOC-0082;LOC-0124;BICYCLE;2026-08-17T07:00:00+03:00;OK;1420;24;6654;LOCAL_VALHALLA_MATRIX;b415731d120b8f8c502cfb279b772e454b6d9ac1e835d771473036aa83a8bc46;987b1e6b8c48986e1bfa3bfc770229bcdc8caf8d96d0dc43857135bf19174f70;2026-09-28T19:47:05.797752+00:00;false
LOC-0082;LOC-0125;BICYCLE;2026-08-17T07:00:00+03:00;OK;1494;25;7194;LOCAL_VALHALLA_MATRIX;9b472c28bb1d433b1e074e755260264170dc2f990c59a00630769ee430429e60;a3a603f4fe5446067a6b9b671e17f3da6c170649285e33c1da4872f91d44a1ee;2026-09-28T19:47:05.797752+00:00;false
LOC-0082;LOC-0126;BICYCLE;2026-08-17T07:00:00+03:00;OK;1353;23;6489;LOCAL_VALHALLA_MATRIX;dc71773f9d10e932dbf76394fc4eb7a9c1e0b641ccd0d33c98e10ab422807c3d;ed3663ed0057aa87a0f67db62522800690a9993644962ecfade451a87c741022;2026-09-28T19:47:05.797752+00:00;false
LOC-0082;LOC-0128;BICYCLE;2026-08-17T07:00:00+03:00;OK;2001;34;9633;LOCAL_VALHALLA_MATRIX;3e59167cfc515f23f63292fcb9e95b261ea6428b8861f6a873f18b931b7eafc6;d08e7cfb14f0286dca546b9b188d6236b0225371e82d9599737d5dda3e346eb0;2026-09-28T19:47:05.797752+00:00;false
LOC-0082;LOC-0134;BICYCLE;2026-08-17T07:00:00+03:00;OK;2101;36;10229;LOCAL_VALHALLA_MATRIX;9f90e0052f168ea85e7b31cb7bd14c6026037deddcbe2aa9fb9598f667b3691e;7d38ac22d25de5cb824177be6a97f945cd97fa33e60df63f8de195a6baa3dc2f;2026-09-28T19:47:05.797752+00:00;false
LOC-0082;LOC-0135;BICYCLE;2026-08-17T07:00:00+03:00;OK;2099;35;10213;LOCAL_VALHALLA_MATRIX;6f2b5c9c136db56faa43bfe674b82544ca721a5a7090d58f1aaac384a48a76b5;2b320a677016592d277267c8d9038e1c6aca00366351587530d3e351f750cf48;2026-09-28T19:47:05.797752+00:00;false
LOC-0082;LOC-0136;BICYCLE;2026-08-17T07:00:00+03:00;OK;2240;38;10859;LOCAL_VALHALLA_MATRIX;e03c9171e27d5ab7d03155d7e20647f30d7f25ee1f106aeab2fa9b25a8960463;0a675f49896cbcbf37bb1ca688a2733e2f0912f4ba8b8d2d0bacbdfec7f1cca2;2026-09-28T19:47:05.797752+00:00;false
LOC-0082;LOC-0140;BICYCLE;2026-08-17T07:00:00+03:00;OK;1396;24;6552;LOCAL_VALHALLA_MATRIX;2f6d82ec0a0cc3a49d76e53eecb5970f51fc5b01c58ea96b277bf2eae9c77b9b;a5f609529291fad767bf275f79aa5e03d996d4674834135807ca0ad0ba11f1e8;2026-09-28T19:47:05.797752+00:00;false
LOC-0082;LOC-0141;BICYCLE;2026-08-17T07:00:00+03:00;OK;1612;27;7445;LOCAL_VALHALLA_MATRIX;ad533ff39dbc01c270fb2aeef09d501bab713eb3f63d2ede74db73d82ad2ee00;693fd5bc6c66d164ce6c89130ac1c7ee321a507455d5fbc5038bbc928f8abf66;2026-09-28T19:47:05.797752+00:00;false
LOC-0082;LOC-0142;BICYCLE;2026-08-17T07:00:00+03:00;OK;1703;29;7882;LOCAL_VALHALLA_MATRIX;16fe2f96e96a4420ab773a60e63d7793b2e0abe5fc1e7fbabc1b516320f5e6e5;7149f9f11692f7ce1ff16d0b08b2a9c497e64c9e50471b17245e61c54f5a75c1;2026-09-28T19:47:05.797752+00:00;false
LOC-0082;LOC-0145;BICYCLE;2026-08-17T07:00:00+03:00;OK;2275;38;11011;LOCAL_VALHALLA_MATRIX;701b2df139325ffbb404443a5d81ef807a3521a2d51aadbb98d113c44eda86be;5924d386192711758ffaaa9e16ff72cdb5503277e7511f85ae272d7b5941454d;2026-09-28T19:47:05.797752+00:00;false
LOC-0082;LOC-0148;BICYCLE;2026-08-17T07:00:00+03:00;OK;1444;25;6938;LOCAL_VALHALLA_MATRIX;7a108262210e5a1d4018cf0384757708cc3bff29276bc24922b44d84b583b613;a6e0d2c99b8a8108fae24ac580d45043432c65094fa4ac6001e6aa831ed81ed8;2026-09-28T19:47:05.797752+00:00;false
LOC-0082;LOC-0149;BICYCLE;2026-08-17T07:00:00+03:00;OK;1457;25;7010;LOCAL_VALHALLA_MATRIX;10a1cd550d3b1cb7b21f28ca104a7efe08ddd854a9bb77eb421f9546ed8aae46;3b34f1b8ee59d37bc4e74b91b05f927241d01597d8fdd43b430283fa12e42e27;2026-09-28T19:47:05.797752+00:00;false
LOC-0082;LOC-0150;BICYCLE;2026-08-17T07:00:00+03:00;OK;1420;24;6829;LOCAL_VALHALLA_MATRIX;0913605c2f96ff59307630a6e0ef2a22af6f0963d9ddd0c7b1e8d7b5b40e7b79;21ac667b81a410887e469d9950bd35feea83c2846797d2dbceb19ff8000d40f3;2026-09-28T19:47:05.797752+00:00;false
LOC-0082;LOC-0151;BICYCLE;2026-08-17T07:00:00+03:00;OK;1370;23;6566;LOCAL_VALHALLA_MATRIX;34a33710ec0726a3d64f13c7930ad4d26e897c793a811df3e2a7f0eecf182d46;3070ef960eeca41a2f6f1738966a5e78609310c802ed9c8fb1327e6f616f16b5;2026-09-28T19:47:05.797752+00:00;false
LOC-0082;LOC-0152;BICYCLE;2026-08-17T07:00:00+03:00;OK;1389;24;6658;LOCAL_VALHALLA_MATRIX;38c84a34bcc1e4f8f58dc96d7d5a99547d9f9f64f293a7a2bba486dfdac0211a;5adfc9709b9b6eb36997545824f06daab6998addb8c215b2e6bb872af65721d4;2026-09-28T19:47:05.797752+00:00;false
LOC-0082;LOC-0190;BICYCLE;2026-08-17T07:00:00+03:00;OK;1541;26;7529;LOCAL_VALHALLA_MATRIX;e6f22520a0b4d148bade9699e5ed2a3758af199f750faba3f48a7b224357d7b5;ea5fd9aaabdfae7d774e01caa27858cccf1dc58f7efdbbc35ffd2d174c15a5af;2026-09-28T19:47:05.797752+00:00;false
LOC-0082;LOC-0196;BICYCLE;2026-08-17T07:00:00+03:00;OK;1776;30;8438;LOCAL_VALHALLA_MATRIX;f7aa00230ad4fa8072e057566a1655a868a421f94b3ae133fa23563386a46d7c;336db1d3aa8d8621a43f4229c02bacc4575df99fe766b798da4cec25c00fe3a9;2026-09-28T19:47:05.797752+00:00;false
LOC-0085;LOC-0002;BICYCLE;2026-08-17T07:00:00+03:00;OK;327;6;1492;LOCAL_VALHALLA_MATRIX;103bddcd6f887dbc4215be934651f515307d948149912338628c70ea58618ad1;ae9f963da852ca5ca54468116c156e8e3723e3715c3017ca8531d115b322447b;2026-09-28T19:47:05.797752+00:00;false
LOC-0085;LOC-0008;BICYCLE;2026-08-17T07:00:00+03:00;OK;1894;32;9048;LOCAL_VALHALLA_MATRIX;d3b37104923191e58ae71e0f05c666c06f4ca034fb873056173b916974650f06;924f7b1d5ba16118a50af301c8e0d127e08f9bfa51b638872016f57d3418f5e8;2026-09-28T19:47:05.797752+00:00;false
LOC-0085;LOC-0009;BICYCLE;2026-08-17T07:00:00+03:00;OK;3071;52;14709;LOCAL_VALHALLA_MATRIX;f05425a3f457d68f54abe3de8dd635dee5659a4628f8f59f321f4840dda788a9;eb7e8d546351e3aac182af0d4348777026cb0347a6e849bc4c8f1895e6e25d4e;2026-09-28T19:47:05.797752+00:00;false
LOC-0085;LOC-0010;BICYCLE;2026-08-17T07:00:00+03:00;OK;1933;33;9183;LOCAL_VALHALLA_MATRIX;002ad5c479455b297965af6bec6b30e2330f61e3dd9e63bb472e423b6a3cbf6c;8facea2a49a7e703e69a095f872788bfb869d97a1d4db51b8e939f337c7b3f43;2026-09-28T19:47:05.797752+00:00;false
LOC-0085;LOC-0011;BICYCLE;2026-08-17T07:00:00+03:00;OK;1755;30;8368;LOCAL_VALHALLA_MATRIX;183dfcfd809d4cb951f9dbf2c58ff4f422604a7464b40bb010d8ca771c0dbdf0;904b2c46b8770a53ce0c4e79f310eecd5e9aba6bafcda055d3370ade62c906cf;2026-09-28T19:47:05.797752+00:00;false
LOC-0085;LOC-0012;BICYCLE;2026-08-17T07:00:00+03:00;OK;1594;27;7605;LOCAL_VALHALLA_MATRIX;2eaf76f9b28da69db689e8539a2bdb8705c72bb2191c09609a3a722629f88025;0c120a37ed9f4f1fc526d659fe84269bb11ec1ac0d226d671806ed9dbcffe3cd;2026-09-28T19:47:05.797752+00:00;false
LOC-0085;LOC-0013;BICYCLE;2026-08-17T07:00:00+03:00;OK;387;7;1733;LOCAL_VALHALLA_MATRIX;4376e1dd1cd25ab07bdbae2ffaa427691da68d33052382a93469650ea554051e;fe3f9e26b526f1d976742571e1b2e28073c9eef0c5179668c1cbde0327828545;2026-09-28T19:47:05.797752+00:00;false
LOC-0085;LOC-0016;BICYCLE;2026-08-17T07:00:00+03:00;OK;1402;24;6664;LOCAL_VALHALLA_MATRIX;4aca0764ee542e2154f5923ba2de2ef890e320566eab9aaa1f404149bf08413e;bdbde65d79ea0b0cd681bee14f2c5de012b347cc2e99d731423631e969eb746c;2026-09-28T19:47:05.797752+00:00;false
LOC-0085;LOC-0017;BICYCLE;2026-08-17T07:00:00+03:00;OK;2600;44;12504;LOCAL_VALHALLA_MATRIX;0b5f87d07da100d7f1223986598b868f57e528186839e7f2d9e5e18857dac307;2d4388d88a631b3ecf1a0ac1c8333e01e5eafb8f5fce936bd9be38e316ccbe6f;2026-09-28T19:47:05.797752+00:00;false
LOC-0085;LOC-0018;BICYCLE;2026-08-17T07:00:00+03:00;OK;2399;40;11413;LOCAL_VALHALLA_MATRIX;98c8e361857c7f083c6311be56cf0918618fca7d737250afdc2cb5db5511f9a7;bcca68d96cef2fab8e38527685b7c0b0169e2dcbe1801e0b38aaa830d8f78498;2026-09-28T19:47:05.797752+00:00;false
LOC-0085;LOC-0019;BICYCLE;2026-08-17T07:00:00+03:00;OK;1974;33;9443;LOCAL_VALHALLA_MATRIX;8d2cf7ec6e65b827c9238ffb4829cfd0397603a1c6c6dc3568a645897dfe1594;0fd5514078b4b807a72c0676cf8d9e5ea0c1b8ccf2fd1cd4700a7a653d9bf890;2026-09-28T19:47:05.797752+00:00;false
LOC-0085;LOC-0020;BICYCLE;2026-08-17T07:00:00+03:00;OK;2231;38;10630;LOCAL_VALHALLA_MATRIX;6e7873419ca114117f353061da69a1da77446e78822ca270f82359f163288e16;1c4970d78a22e9ccf201c810f773ef97e4155c2284dc9aeb82ccbcd548f9ac14;2026-09-28T19:47:05.797752+00:00;false
LOC-0085;LOC-0023;BICYCLE;2026-08-17T07:00:00+03:00;OK;2162;37;10355;LOCAL_VALHALLA_MATRIX;66f48054de688f34254c9bbe669bdad382820524c8e2de5e94436f37c1e43e35;28a19981ded934f0451b864459a503c4da0e8fffa9d8bd695cc98e148e512cdf;2026-09-28T19:47:05.797752+00:00;false
LOC-0085;LOC-0027;BICYCLE;2026-08-17T07:00:00+03:00;OK;1927;33;8829;LOCAL_VALHALLA_MATRIX;33ad61ffcc7c7436e232008b7df0995eabe664d711a7d32c907b705e068fa5e7;bef9866bae679fc4017cfdd8c1111d451537b6f4276eb4b2c30c0dfce9f0b1f8;2026-09-28T19:47:05.797752+00:00;false
LOC-0085;LOC-0028;BICYCLE;2026-08-17T07:00:00+03:00;OK;1716;29;8323;LOCAL_VALHALLA_MATRIX;be98e2ac9754bbce7623dd865e4851d9b8fa2dc1b0478c75f9ad80e613d447b3;6f4b0a55fe315f05de45fe5d2b5a6e3adba095965dc8d18d76fbadbf45a14e82;2026-09-28T19:47:05.797752+00:00;false
LOC-0085;LOC-0029;BICYCLE;2026-08-17T07:00:00+03:00;OK;1641;28;7946;LOCAL_VALHALLA_MATRIX;25671b9caef008be6b01cbec7c9742a8d52c3852c6b8b80d7b0ced3928a3240e;3884b77200f1f40d9cee00b883e0fe8c1b6702924ed42f17a68682a8c1ca3938;2026-09-28T19:47:05.797752+00:00;false
LOC-0085;LOC-0037;BICYCLE;2026-08-17T07:00:00+03:00;OK;722;13;3338;LOCAL_VALHALLA_MATRIX;068242e35c3af49c2f49ad83b91aa802f79e5ed8be442bc579c9b1717c1c3f1d;7593397390e1c4d0bbbb972d1d43a0211c6a12ac998d92710dd9157d35c02db3;2026-09-28T19:47:05.797752+00:00;false
LOC-0085;LOC-0045;BICYCLE;2026-08-17T07:00:00+03:00;OK;1959;33;9450;LOCAL_VALHALLA_MATRIX;8a5390e72a474814f87184b2e402b2615c911f32546de99bdfe1559e6ed1db99;87cffdede9707bba4bceda4fe04b3479b2c0e0c7561e50c83ae1033d85cf8a6a;2026-09-28T19:47:05.797752+00:00;false
LOC-0085;LOC-0053;BICYCLE;2026-08-17T07:00:00+03:00;OK;1371;23;6551;LOCAL_VALHALLA_MATRIX;4b0467ed8a1134a012d42bae82454f02545ade1d5f64e841e00ab55d42b57395;96304e606597985b5b04dcb791f61cda7be3e814d26cb0c6a61f265c55917c88;2026-09-28T19:47:05.797752+00:00;false
LOC-0085;LOC-0054;BICYCLE;2026-08-17T07:00:00+03:00;OK;933;16;4342;LOCAL_VALHALLA_MATRIX;93ff6937e9b625c33c12536c23e7faa1bf5dda825695c7ace6b42c9c540f5ecf;060173792b8a5246b09bdc36228518792a9d63f96d900ae20f450bd54d4567fa;2026-09-28T19:47:05.797752+00:00;false
LOC-0085;LOC-0061;BICYCLE;2026-08-17T07:00:00+03:00;OK;1631;28;7611;LOCAL_VALHALLA_MATRIX;59aa839db0d7d6a7846eab39f9bf3778469a5aaae0a4b7b890b23eda26780ccf;c7b45fa7963c3fd4621524423556eb6605d2b84372ce5405a1e02dd3367d77ff;2026-09-28T19:47:05.797752+00:00;false
LOC-0085;LOC-0063;BICYCLE;2026-08-17T07:00:00+03:00;OK;2306;39;11169;LOCAL_VALHALLA_MATRIX;56c91a7d4a970eb06f9076df3e168ac17128e0dd3e463f106e5d98eec2339467;f0cd2d67c5ba2ccca277e07f2b20f01049c3a3481a5b17484c9d29d4288e53e1;2026-09-28T19:47:05.797752+00:00;false
LOC-0085;LOC-0064;BICYCLE;2026-08-17T07:00:00+03:00;OK;1943;33;9366;LOCAL_VALHALLA_MATRIX;30bc1503d5d4a52cae219152e55a67647bec8492185bb3d05cc3e9f952dc15a1;4dea5c60f514feb2df715a78f95aa02dbb68629ff664ad7982cbd1b070d2e779;2026-09-28T19:47:05.797752+00:00;false
LOC-0085;LOC-0074;BICYCLE;2026-08-17T07:00:00+03:00;OK;2116;36;10020;LOCAL_VALHALLA_MATRIX;ef9ab20a0208b1a38a833811bf0bbec080c2beeaa7ba8c79a868350f42629741;e5165e0c3ce84ce73c7a187e815cf45f0a2d977e81aadb25b9e137a350923514;2026-09-28T19:47:05.797752+00:00;false
LOC-0085;LOC-0075;BICYCLE;2026-08-17T07:00:00+03:00;OK;2333;39;11173;LOCAL_VALHALLA_MATRIX;1ea6ae49b4a53818d632ab9d2aeaf2bcb8a402c6c4a59577590bd61fdbca54e9;7be1aac5261571a62c976b8a25dc24d4fb26c7f5d393c997aa5a7f0920fcca04;2026-09-28T19:47:05.797752+00:00;false
LOC-0085;LOC-0076;BICYCLE;2026-08-17T07:00:00+03:00;OK;1429;24;6697;LOCAL_VALHALLA_MATRIX;88b8047ffc26592e40e7493a0f31de1c7edca657d345f42258c102124d91fc03;6796fadfbe80af18403b2d4fb1ca3ad5551db4793e8db53085c8f0ab50cc65fe;2026-09-28T19:47:05.797752+00:00;false
LOC-0085;LOC-0078;BICYCLE;2026-08-17T07:00:00+03:00;OK;1747;30;8385;LOCAL_VALHALLA_MATRIX;5c0e9af7764a5ee2f8c1584698a8b4aa4fd0d4f67af7401d98895db4331de249;1e15a309fa7476339f788ee0f09498c298a6e1269984df11d9107379e4f7dbca;2026-09-28T19:47:05.797752+00:00;false
LOC-0085;LOC-0080;BICYCLE;2026-08-17T07:00:00+03:00;OK;2151;36;10190;LOCAL_VALHALLA_MATRIX;d7ab008ef935207dda4792b14a1ae39743a5b0f35538ed8490d433f01d099d1e;1d768f2bd6a98752bfab5f7578e364d497d7ddf1d032af87de8f172dc19658dc;2026-09-28T19:47:05.797752+00:00;false
LOC-0085;LOC-0082;BICYCLE;2026-08-17T07:00:00+03:00;OK;1943;33;9407;LOCAL_VALHALLA_MATRIX;5d742a6d1c2d2de718a0b454a3fba0c8c811c88f3fdf339c45ebe685bfa726bc;ebd6729a57163ae74c7ff125f3938193a319993acbed4368e9afc582fc4eb6c9;2026-09-28T19:47:05.797752+00:00;false
LOC-0085;LOC-0085;BICYCLE;2026-08-17T07:00:00+03:00;OK;0;0;0;LOCAL_VALHALLA_MATRIX;b53d8bec2db5a1ddda1f96375409a1019ac5b635edd9e2cad69ea4d8a7be900f;3d5812abc84c11768aa73a732c85d75dbed439188f5bb3239e9b762ea31d9862;2026-09-28T19:47:05.797752+00:00;false
LOC-0085;LOC-0086;BICYCLE;2026-08-17T07:00:00+03:00;OK;152;3;542;LOCAL_VALHALLA_MATRIX;741a9e97b858f0336c5dbbc842f6bad2adb82c37aa059939c60f4ad7c5bb131a;96385042044072c5f62221d695b56af169dfe6f0de778bc763e3bd8494b0a5b4;2026-09-28T19:47:05.797752+00:00;false
LOC-0085;LOC-0091;BICYCLE;2026-08-17T07:00:00+03:00;OK;1886;32;8989;LOCAL_VALHALLA_MATRIX;14459f919c895db05a6e1f48a071de896472dd4811ce141d2b25a606a5d3b2f7;57347daf79db2af7e44426c1569deaf5fd821863a0b939a35befabe528b8b289;2026-09-28T19:47:05.797752+00:00;false
LOC-0085;LOC-0092;BICYCLE;2026-08-17T07:00:00+03:00;OK;1919;32;9140;LOCAL_VALHALLA_MATRIX;5bf8eda51273fbfa54cdd5ab0563974a3cc082dda93ebc3f840f2bbd58ce09d6;d7ce4ef0c452a82aefd35ad9bd2e86ce1d02a92d80a12083ca27e25fc5626887;2026-09-28T19:47:05.797752+00:00;false
LOC-0085;LOC-0093;BICYCLE;2026-08-17T07:00:00+03:00;OK;1954;33;9141;LOCAL_VALHALLA_MATRIX;ce320f1b0948dc14b81b6e51a2df37d85ad8e5fa19f4bc72da02d002a7005565;3cee7a666feb78813e60a9ccd7ca2444d429ddf34eae843fbf51f6b62566b468;2026-09-28T19:47:05.797752+00:00;false
LOC-0085;LOC-0094;BICYCLE;2026-08-17T07:00:00+03:00;OK;223;4;993;LOCAL_VALHALLA_MATRIX;bcd994f1a8db6eb4f7d64c35760c760f00816ffa383229a3fc775662b123cbfc;556bb5c41ab6a5748339e8f48a5118b1fe8804f903684d6b169d71fca3a8ad1c;2026-09-28T19:47:05.797752+00:00;false
LOC-0085;LOC-0095;BICYCLE;2026-08-17T07:00:00+03:00;OK;402;7;1811;LOCAL_VALHALLA_MATRIX;539bd27463dcbd83ff7e1782540cdefe47ac85052041e66b5a29193fa2417da9;b4832eb7ab48f355974d63337cf2aa73ac76d525ee06e0a903cce423f17d37aa;2026-09-28T19:47:05.797752+00:00;false
LOC-0085;LOC-0102;BICYCLE;2026-08-17T07:00:00+03:00;OK;2104;36;10184;LOCAL_VALHALLA_MATRIX;bfb052005d2eb986d62a1231c553e0cf69cd6304dfc844a491cc521009c00ae5;a29e30259891865a7bfdd1f0ec916033049f4c16efcd2d58c8784af3de3906e8;2026-09-28T19:47:05.797752+00:00;false
LOC-0085;LOC-0112;BICYCLE;2026-08-17T07:00:00+03:00;OK;1776;30;8518;LOCAL_VALHALLA_MATRIX;f44e2f48fe8ba2f74cbb7df2190876a0a8efc3202c89739f3bc484ff476d97a1;d04ff9cf58558544c7cfb86670ab86c66c85a487382509bb984becf9640d578e;2026-09-28T19:47:05.797752+00:00;false
LOC-0085;LOC-0124;BICYCLE;2026-08-17T07:00:00+03:00;OK;2935;49;14050;LOCAL_VALHALLA_MATRIX;afd6b336f28eae3a620707d30701df597a489234813743b3856e09839328782f;9226e0b8be1283c7d80c15923f86483b63018920d74d1be0c8a0876ec7fb300f;2026-09-28T19:47:05.797752+00:00;false
LOC-0085;LOC-0125;BICYCLE;2026-08-17T07:00:00+03:00;OK;2401;41;11359;LOCAL_VALHALLA_MATRIX;b19188c619c678a8125dcc512df99b203f6c4f461f355708a95790fac13c1b93;c6deb0cb77e109554ab503f35a96f373461bbd7815c49a55ea30ea7945c4e01d;2026-09-28T19:47:05.797752+00:00;false
LOC-0085;LOC-0126;BICYCLE;2026-08-17T07:00:00+03:00;OK;1764;30;8356;LOCAL_VALHALLA_MATRIX;21776f5233f054bd8c46682f11a49a6225bad1c24b4cce9ba2d4d52043b9b43c;8c463f7f8de15facf68bb63fd392353675f06df77bc6c39c33726ef02bec46d4;2026-09-28T19:47:05.797752+00:00;false
LOC-0085;LOC-0128;BICYCLE;2026-08-17T07:00:00+03:00;OK;769;13;3525;LOCAL_VALHALLA_MATRIX;8944f76d4e233601488c2cd8711867d5d1b01a2ddfc6ff494dde72e5b7b11d9c;5d204ac07221fb87255a32673b410a14c3212531b9ff4577d4c14e7a5a088487;2026-09-28T19:47:05.797752+00:00;false
LOC-0085;LOC-0134;BICYCLE;2026-08-17T07:00:00+03:00;OK;211;4;958;LOCAL_VALHALLA_MATRIX;9757db9edf50019a27e103ef0ea339188197d6fabdaf74e9b7928762349a627f;424963bc25573cd5699c26e58efc10b5a17edb2f31cce9c965c8dd213574f885;2026-09-28T19:47:05.797752+00:00;false
LOC-0085;LOC-0135;BICYCLE;2026-08-17T07:00:00+03:00;OK;277;5;1259;LOCAL_VALHALLA_MATRIX;82d45c8e14ec0657369be26dc3b253a841fb9bb230ce35468b7504dd0e0c42ef;35bbb78ffd4b078a9e540aa94d44e34e388d7f28de463fb89f00cb4465891cfc;2026-09-28T19:47:05.797752+00:00;false
LOC-0085;LOC-0136;BICYCLE;2026-08-17T07:00:00+03:00;OK;240;4;1088;LOCAL_VALHALLA_MATRIX;89b3ddb62d7c929ea4ffc8729f8061cd9a69f5b75f8ead00da2037e69676bc6b;6dc3da8fe42f3ed15250e150eff9420a2e8d6511520a424a044641bea70879b5;2026-09-28T19:47:05.797752+00:00;false
LOC-0085;LOC-0140;BICYCLE;2026-08-17T07:00:00+03:00;OK;1102;19;5227;LOCAL_VALHALLA_MATRIX;02c581ad92465c72964b3656d5233d0405abcda69a66a2f80c4981f35d999ca2;1d73c8910030b83d3a4dafede5701f47b4931d7d27408ecc162bc25509de16a4;2026-09-28T19:47:05.797752+00:00;false
LOC-0085;LOC-0141;BICYCLE;2026-08-17T07:00:00+03:00;OK;3127;53;14841;LOCAL_VALHALLA_MATRIX;9a99d2466981f5babf49672545be20de204b2d6c3a29c2aabf1853959e63e889;1ffdd224a45cbcfe280a811f6e810a0bcb10b35a25a876db2404bc5d9f61ac2c;2026-09-28T19:47:05.797752+00:00;false
LOC-0085;LOC-0142;BICYCLE;2026-08-17T07:00:00+03:00;OK;3218;54;15278;LOCAL_VALHALLA_MATRIX;fb5efee925308ac6ddcb742c6b8095392f09a8500ebe6f3ebb73c435af4d865a;7266fa8fc498c22b28c287505940729fbf72a6965814aa03e88673ae502656eb;2026-09-28T19:47:05.797752+00:00;false
LOC-0085;LOC-0145;BICYCLE;2026-08-17T07:00:00+03:00;OK;2205;37;10484;LOCAL_VALHALLA_MATRIX;879a98de4a3247a8f36554697bce9b023a67ad868d2639e85067cb1ec7144de5;ffaaa426516449170f5b61057af3c867686434c8233d1ae291741c05dc8300c1;2026-09-28T19:47:05.797752+00:00;false
LOC-0085;LOC-0148;BICYCLE;2026-08-17T07:00:00+03:00;OK;2366;40;11397;LOCAL_VALHALLA_MATRIX;b67987d564e24c6544a7ad3c8189fc6819514af78927f447347b4b1e6161beba;e9cb2c8d9f56517e6c075caa2c80b91afe7ab11f66c757329f329f57af437267;2026-09-28T19:47:05.797752+00:00;false
LOC-0085;LOC-0149;BICYCLE;2026-08-17T07:00:00+03:00;OK;2274;38;10938;LOCAL_VALHALLA_MATRIX;a984df63108472df8b19623dfb2d127c9ae6f688dbd523d1c1dd58072eb26272;ebe1d119d1c661b02b3b12b2a21f8c84f1da9ee731671c99f19abd37fd9349bf;2026-09-28T19:47:05.797752+00:00;false
LOC-0085;LOC-0150;BICYCLE;2026-08-17T07:00:00+03:00;OK;2238;38;10753;LOCAL_VALHALLA_MATRIX;6b4a1276537657bccb8b24f207873da86d710bdae965b65f9b3774ccfc2e77f2;628f787abed4a229d6d64154608aa312f597c023387cc94ef9d4695e2fb0b471;2026-09-28T19:47:05.797752+00:00;false
LOC-0085;LOC-0151;BICYCLE;2026-08-17T07:00:00+03:00;OK;2453;41;11802;LOCAL_VALHALLA_MATRIX;8de3389706782db991ac8393de3ffe27569badd6ec400a40c29a6a621d31900b;7f6970a90141467c9cd7ffc6da488ed47bdc17512493c1827a38c808eb375be3;2026-09-28T19:47:05.797752+00:00;false
LOC-0085;LOC-0152;BICYCLE;2026-08-17T07:00:00+03:00;OK;2455;41;11794;LOCAL_VALHALLA_MATRIX;99a97089e36f0f4994f9bd666ea2842026180b188439bf33412c365cdcf79f5a;a530ba8d84ba93ccc86489e6367f36ee7427337bc0d1c067e340b6297b5eea73;2026-09-28T19:47:05.797752+00:00;false
LOC-0085;LOC-0190;BICYCLE;2026-08-17T07:00:00+03:00;OK;1480;25;6967;LOCAL_VALHALLA_MATRIX;67498f2cabb839029711c851ec0a8327facbbf8f97ac623214f3bb74c0781fe3;6c0c213e8b48234f00706f8a7b2e0b10a7094bb226f75ed09089f8d27b9f7b81;2026-09-28T19:47:05.797752+00:00;false
LOC-0085;LOC-0196;BICYCLE;2026-08-17T07:00:00+03:00;OK;2519;42;12023;LOCAL_VALHALLA_MATRIX;12bd364f55fce3cee225d97c9c9e1012e00e7e681b1011d6fbc964a5caf87030;ec8ab2703cdde5f6369a51ac11578e68a0704c6733e6728acff2a1f8fc005465;2026-09-28T19:47:05.797752+00:00;false
LOC-0086;LOC-0002;BICYCLE;2026-08-17T07:00:00+03:00;OK;367;7;1556;LOCAL_VALHALLA_MATRIX;6f5e4baa5c0f28dac5f268322f6b516ca60cfc93cf53c6389cb112dd3aeac167;a08ad1ca26f07884ad03b61c3dbb891f29408cda9524a9a66db4c8935e204ee0;2026-09-28T19:47:05.797752+00:00;false
LOC-0086;LOC-0008;BICYCLE;2026-08-17T07:00:00+03:00;OK;1934;33;9112;LOCAL_VALHALLA_MATRIX;000b4b61f7b0305f592323110432fff60909f93280ecf10a1c3bfb9710cb22d9;cc8037d20b6352898fae85c14d37d844767e9601796b376f75bda717af9d3fc9;2026-09-28T19:47:05.797752+00:00;false
LOC-0086;LOC-0009;BICYCLE;2026-08-17T07:00:00+03:00;OK;3111;52;14773;LOCAL_VALHALLA_MATRIX;2caf97236cd4e6bccac46c574280586b74cb565204475b1c080a54941881b50f;2a73af99eb3c3b6a543e4f53b79e5240d84c11282a9a0ad766b9b0b815b600b0;2026-09-28T19:47:05.797752+00:00;false
LOC-0086;LOC-0010;BICYCLE;2026-08-17T07:00:00+03:00;OK;1973;33;9247;LOCAL_VALHALLA_MATRIX;ffd6798dafff65b6f2b1dd7f24bc527ed016f9276578fb732ca905c1acc9c890;8105fd93fe47c675b5f0d0c2af09b28584e498c6fe35daa284c6ddabcac6f49c;2026-09-28T19:47:05.797752+00:00;false
LOC-0086;LOC-0011;BICYCLE;2026-08-17T07:00:00+03:00;OK;1795;30;8432;LOCAL_VALHALLA_MATRIX;4f0c4678c82bd2f48263d52a096d5dbca6ddfc2363fc2adba4e9c4d0f1ebfa17;4e09907c17fa75caae377d5061ad50058e4874094ed7118e0062498a5da5d21a;2026-09-28T19:47:05.797752+00:00;false
LOC-0086;LOC-0012;BICYCLE;2026-08-17T07:00:00+03:00;OK;1634;28;7669;LOCAL_VALHALLA_MATRIX;68fa27e2f43dbd9a38aa7123adcf0cc1bde1ba99a89ffd0eacd9b90a2b7eeed5;fbce5abe662b0b7d0fd0db7a3f1002083c8dd5a94e296c55a0fcce90aac7edc8;2026-09-28T19:47:05.797752+00:00;false
LOC-0086;LOC-0013;BICYCLE;2026-08-17T07:00:00+03:00;OK;435;8;1876;LOCAL_VALHALLA_MATRIX;638e62206490725ea5556f03a599349eb474cbeaebd67eedf576e9696bc39813;d86c048f88514289c3f0569da4665bb4da2e860c8a3e9c2e24862490991b339a;2026-09-28T19:47:05.797752+00:00;false
LOC-0086;LOC-0016;BICYCLE;2026-08-17T07:00:00+03:00;OK;1443;25;6728;LOCAL_VALHALLA_MATRIX;5e2da402d48ec5762fe58ea7d8b6217ad487e6f7647788ebf55e2192f6bb5a62;1feb830bcfc182147c176179e640e520150b42bc441cc2b6e36df07a72a44514;2026-09-28T19:47:05.797752+00:00;false
LOC-0086;LOC-0017;BICYCLE;2026-08-17T07:00:00+03:00;OK;2640;44;12568;LOCAL_VALHALLA_MATRIX;50ec4dfdb45fa05892459de0c49e4ec076d33ef38ad672c98994e14756d0e11a;52ff78f57e506bf253aa866207fc11a48f3c6cb1cd20cb1ec742aaf447b5d311;2026-09-28T19:47:05.797752+00:00;false
LOC-0086;LOC-0018;BICYCLE;2026-08-17T07:00:00+03:00;OK;2439;41;11477;LOCAL_VALHALLA_MATRIX;68ead146a1ef2f63308c5a0146e679a283a449e35da7b086c4007fa677096372;d642de39f8684722d8f959ed46216ab13840e9deabe365a3754cb52fdd7f4d2e;2026-09-28T19:47:05.797752+00:00;false
LOC-0086;LOC-0019;BICYCLE;2026-08-17T07:00:00+03:00;OK;2014;34;9507;LOCAL_VALHALLA_MATRIX;25a92559ff178b335ad3c45275be24b7299086dc68b689c7410523435768f924;20c0c2674243ea4d2e6af078e4f7f23c7ac33531e7b9e4fd4dfe5fc6b7ee5eae;2026-09-28T19:47:05.797752+00:00;false
LOC-0086;LOC-0020;BICYCLE;2026-08-17T07:00:00+03:00;OK;2272;38;10694;LOCAL_VALHALLA_MATRIX;629bf997fd12f7d5d801a3ea48619bd943fa8f44ec6e92b4d379ff464c084770;cc04f7aa5189109be788c8974b9dbe154cb2c6a01b792c58c60e27b9a12cfc40;2026-09-28T19:47:05.797752+00:00;false
LOC-0086;LOC-0023;BICYCLE;2026-08-17T07:00:00+03:00;OK;2202;37;10419;LOCAL_VALHALLA_MATRIX;e2480187e338acfc81d6a4d28920853352ae78e9fcf1a965c42f41f233afee77;3eb0250d5bfa8ceaf3e129943b95953a5605c280afa8b592dba77e6ff6088c51;2026-09-28T19:47:05.797752+00:00;false
LOC-0086;LOC-0027;BICYCLE;2026-08-17T07:00:00+03:00;OK;1967;33;8893;LOCAL_VALHALLA_MATRIX;d0479bc4470f6fc1f0912185ad08c34dac8c4a52c74f0b599f09a933fa018fcc;eabcfdaff223ff8ccf38a5149cc163bb6b8ad4faff9e1e1a28acbb7ae0ca3df7;2026-09-28T19:47:05.797752+00:00;false
LOC-0086;LOC-0028;BICYCLE;2026-08-17T07:00:00+03:00;OK;1756;30;8387;LOCAL_VALHALLA_MATRIX;e386a2918003041c120a9334411cea5eef992b8d45ba9496f9470fb604a81101;b1d3c7b23f1b0c7f167b77dffe4850952af365f7bb1fbc4ab927ebf6a97d7a59;2026-09-28T19:47:05.797752+00:00;false
LOC-0086;LOC-0029;BICYCLE;2026-08-17T07:00:00+03:00;OK;1682;29;8010;LOCAL_VALHALLA_MATRIX;a0803cf8ad16e59bbfa9a6f65bf0f8eb42a1dc66637bb0f720361b4ec6471d50;5f30070863576125624e17aff83b9bb4317ab1b2315961e98608494a4cdda482;2026-09-28T19:47:05.797752+00:00;false
LOC-0086;LOC-0037;BICYCLE;2026-08-17T07:00:00+03:00;OK;763;13;3402;LOCAL_VALHALLA_MATRIX;8d215b2121a47c79c7b6b132c8ccd0afc5df3aabf46437f8236bed4384e5fcdf;db22931d8292af63ab1203bd8dea1621ced81e8d85f109f3ae34b973f76c3dc4;2026-09-28T19:47:05.797752+00:00;false
LOC-0086;LOC-0045;BICYCLE;2026-08-17T07:00:00+03:00;OK;1999;34;9514;LOCAL_VALHALLA_MATRIX;fa9a7357e8e7678848ea06e50bdd9d6c15f8ba5b9c87fe3e5b24b04cb846350a;0d7665774a7f6edd58ac93f19863501d6275c561de48399ce0f70b58a1efa6d2;2026-09-28T19:47:05.797752+00:00;false
LOC-0086;LOC-0053;BICYCLE;2026-08-17T07:00:00+03:00;OK;1412;24;6615;LOCAL_VALHALLA_MATRIX;b399875610c47e5cb7d7640cb8d7c63bea8f1a026eff5a21501073b6ee319197;d314447aefdbc04b1c2185f0df4e95ba24825731d6d53ae7d95fc2bf32a53fb0;2026-09-28T19:47:05.797752+00:00;false
LOC-0086;LOC-0054;BICYCLE;2026-08-17T07:00:00+03:00;OK;973;17;4406;LOCAL_VALHALLA_MATRIX;e662e3857d2fa89c11f8002fb4ae31b3b880155e93a7267d43c4ebd1b69d7b9c;2d3791515d789cf0391d0ff53c63020f644466b42f6e697f8b0d766a0a20eb7b;2026-09-28T19:47:05.797752+00:00;false
LOC-0086;LOC-0061;BICYCLE;2026-08-17T07:00:00+03:00;OK;1671;28;7675;LOCAL_VALHALLA_MATRIX;ff6ebaa15b1560ce16f7bc30db3c91650a97f3211616b75efd5577962bd56350;4c41de95ddc441b5447f720006766fd0d97f257439ccdf67b7fb7afb8ae418fb;2026-09-28T19:47:05.797752+00:00;false
LOC-0086;LOC-0063;BICYCLE;2026-08-17T07:00:00+03:00;OK;2346;40;11233;LOCAL_VALHALLA_MATRIX;b239314e9a7caf541f5bc127129e73d34b9deffa9297dc3e85a0df2b2acab253;9debc34cc24cd57c9628ca1d774e56f6357c9be205a84eb4d604eed53980008e;2026-09-28T19:47:05.797752+00:00;false
LOC-0086;LOC-0064;BICYCLE;2026-08-17T07:00:00+03:00;OK;1983;34;9430;LOCAL_VALHALLA_MATRIX;e722b6ea6d89a4acf6d380771f04db4ae5e08939aaf1123a57e8a923eabcf909;08886fc1e2de085c1a58b737930e674b1f9ee5263d9553450c1d210f9b23f963;2026-09-28T19:47:05.797752+00:00;false
LOC-0086;LOC-0074;BICYCLE;2026-08-17T07:00:00+03:00;OK;2156;36;10084;LOCAL_VALHALLA_MATRIX;ca889989f634a63937e1b7b7e4ea76665e64b7b38884c8487f41ba420a4059c3;6662890f154205f7c1aeaa774bc537eb59fab53ca04045e83a983eabbabc9597;2026-09-28T19:47:05.797752+00:00;false
LOC-0086;LOC-0075;BICYCLE;2026-08-17T07:00:00+03:00;OK;2373;40;11237;LOCAL_VALHALLA_MATRIX;678e02262dbdfc5bc9072a2a716e2d7a3ccbc3faae4adbf3f27f3989ff18131d;7c6e63bde2217301ac07e5234223f14316d0b8e53101122b13f7504253cce96d;2026-09-28T19:47:05.797752+00:00;false
LOC-0086;LOC-0076;BICYCLE;2026-08-17T07:00:00+03:00;OK;1469;25;6761;LOCAL_VALHALLA_MATRIX;61749a1b07aad387e5b5558b70ac976373d3a56f39bbd1b0f5e7208c935e8177;9f7d8d8da0f90c8b28bb6eecb69872c6d22fba0da43137f5faf68be5dd1aa0e4;2026-09-28T19:47:05.797752+00:00;false
LOC-0086;LOC-0078;BICYCLE;2026-08-17T07:00:00+03:00;OK;1787;30;8449;LOCAL_VALHALLA_MATRIX;22d2cfe462835303f9d44593597f2f337bb2e1340283460dc52dde457c2f8576;7813e3be344eec2ed62163174f7857fc8f123e3efa62a7b4f7a9d5deedf898ef;2026-09-28T19:47:05.797752+00:00;false
LOC-0086;LOC-0080;BICYCLE;2026-08-17T07:00:00+03:00;OK;2191;37;10254;LOCAL_VALHALLA_MATRIX;824eb5fd7a151b4d7d851c230f25eeeebd911d6252d16f8912b72a8f0a974be1;8bb860431734f68c513e0d1ae97fa2f07396559357847d699f494a96f43c2b61;2026-09-28T19:47:05.797752+00:00;false
LOC-0086;LOC-0082;BICYCLE;2026-08-17T07:00:00+03:00;OK;1983;34;9471;LOCAL_VALHALLA_MATRIX;6b8d10384951a2ab18c9480ab1fcd89e2a9e077ff17a57f04f5f4d8be59afd80;45e726944d67686680b00a8036c388556aa4fc9553fe954f952f16ed0822aa52;2026-09-28T19:47:05.797752+00:00;false
LOC-0086;LOC-0085;BICYCLE;2026-08-17T07:00:00+03:00;OK;152;3;542;LOCAL_VALHALLA_MATRIX;4ce956663a4f94b82d0ac28279e890b424a75b1c80365daa58df397a720c0e99;96385042044072c5f62221d695b56af169dfe6f0de778bc763e3bd8494b0a5b4;2026-09-28T19:47:05.797752+00:00;false
LOC-0086;LOC-0086;BICYCLE;2026-08-17T07:00:00+03:00;OK;0;0;0;LOCAL_VALHALLA_MATRIX;0cc3ab574790a2f5fb57a5673986a00a38c412f86ead0ad8d417bd6f4b4ba588;3d5812abc84c11768aa73a732c85d75dbed439188f5bb3239e9b762ea31d9862;2026-09-28T19:47:05.797752+00:00;false
LOC-0086;LOC-0091;BICYCLE;2026-08-17T07:00:00+03:00;OK;1926;33;9053;LOCAL_VALHALLA_MATRIX;341c3fe4ddd6ebe1de75567c807dece0633ab96a8fa587c851350598c5c8f5eb;5415d6112f3f5db758ef53270a13e079006e18539757e401def44a92892c19c3;2026-09-28T19:47:05.797752+00:00;false
LOC-0086;LOC-0092;BICYCLE;2026-08-17T07:00:00+03:00;OK;1959;33;9204;LOCAL_VALHALLA_MATRIX;dc3fca5adfba55b70328d94b3984d3bcf81703628cd05e7b323b552a001f67b3;841fdca1033a6c08b4d74a8b3e077333883a6dae3c31d2263bb4aaaa06f55361;2026-09-28T19:47:05.797752+00:00;false
LOC-0086;LOC-0093;BICYCLE;2026-08-17T07:00:00+03:00;OK;1994;34;9205;LOCAL_VALHALLA_MATRIX;02ab2a5736eda99936d1c43878cd12eed40e2f72b6140ec5494f017e85d13ef5;30afe0f33c061015497cdf4915a41f4720864671a43de1090520f1a93e43e546;2026-09-28T19:47:05.797752+00:00;false
LOC-0086;LOC-0094;BICYCLE;2026-08-17T07:00:00+03:00;OK;222;4;852;LOCAL_VALHALLA_MATRIX;eb5ab9ebed45d6a6baef8a340d04fac5f0d1198488b41b5d71e8df75adff9897;8ae71d44bd0420c7cf913dc44d8eed5779d28ba3dc449d857418d24ee73e7bd3;2026-09-28T19:47:05.797752+00:00;false
LOC-0086;LOC-0095;BICYCLE;2026-08-17T07:00:00+03:00;OK;401;7;1670;LOCAL_VALHALLA_MATRIX;7944d737bd72731761cd8fd2cec95bfb6ea2cd0acb15231bc0fe07028cda2ab8;1e89e4d8281563dbab8d6370f380e166c5e0acbec13e8b9be05de9755aa3dcc4;2026-09-28T19:47:05.797752+00:00;false
LOC-0086;LOC-0102;BICYCLE;2026-08-17T07:00:00+03:00;OK;2144;36;10248;LOCAL_VALHALLA_MATRIX;df1cefe2f09ba18684b1673bfdb8d437075b3c57b5d8ba5404bd2b24aeddee1b;7aa1dd230c92fe98fb53b9c7956ef5513520c47a6060758fe8035ed96773e61a;2026-09-28T19:47:05.797752+00:00;false
LOC-0086;LOC-0112;BICYCLE;2026-08-17T07:00:00+03:00;OK;1817;31;8582;LOCAL_VALHALLA_MATRIX;e1b12eb92f88ee6c4f039eb48c37f9351f149b0547906ba16c1e6cd69fab6fd0;d25adc59595d05435a6b02f61d33922c8425ebb46079d0de311305252fadeff8;2026-09-28T19:47:05.797752+00:00;false
LOC-0086;LOC-0124;BICYCLE;2026-08-17T07:00:00+03:00;OK;2975;50;14114;LOCAL_VALHALLA_MATRIX;e34637d2fa4147fee8377e130eed93ba607bcab810f3248158c473af6d9a93d8;f79a91f5ca0faf421602513914faccd694caa20d2b26dc8dcaf2fcd6af3290d0;2026-09-28T19:47:05.797752+00:00;false
LOC-0086;LOC-0125;BICYCLE;2026-08-17T07:00:00+03:00;OK;2441;41;11423;LOCAL_VALHALLA_MATRIX;d5933882011de595af4af69d8e9236331d5ee3f0b3b5c39f03efd72f6a6bd3d1;91ea20465249f18d164a61750de6f35e20918501aa39f57490d263dd1ff417ae;2026-09-28T19:47:05.797752+00:00;false
LOC-0086;LOC-0126;BICYCLE;2026-08-17T07:00:00+03:00;OK;1805;31;8420;LOCAL_VALHALLA_MATRIX;7c7cf75f5b98e4c2ac9012f2c81d7c7b1f8954e91b6c0c6255e9f6dbf29522a1;c8d3ba00101c0e3b3fc9a83cab7d8e3762e5d2dfc3b2eee6f25530994bf33eda;2026-09-28T19:47:05.797752+00:00;false
LOC-0086;LOC-0128;BICYCLE;2026-08-17T07:00:00+03:00;OK;809;14;3589;LOCAL_VALHALLA_MATRIX;e4c177307403623d16894ac26820287a5e17bb4756fee97d234348eae9ba2113;36728dd42e983ad110ddd9488647a406b31804fe76c7accdf4e06589ddca183f;2026-09-28T19:47:05.797752+00:00;false
LOC-0086;LOC-0134;BICYCLE;2026-08-17T07:00:00+03:00;OK;251;5;1022;LOCAL_VALHALLA_MATRIX;34a9f11d75acfa02a8290489291dcbb523d7ae1cda3a85153082a3d8a54572c8;24939a8f5341dcacff87286425e86119c469b75a8abf6549f529b4206eaef215;2026-09-28T19:47:05.797752+00:00;false
LOC-0086;LOC-0135;BICYCLE;2026-08-17T07:00:00+03:00;OK;317;6;1323;LOCAL_VALHALLA_MATRIX;7cd3dcdcb40eb90218442b95886dffce44149ec24df08cf5901394e7e24bce7f;352a66dc97e46b8ab4436b28e3e6d1222940a9db95e15cd1731e4024aaae8173;2026-09-28T19:47:05.797752+00:00;false
LOC-0086;LOC-0136;BICYCLE;2026-08-17T07:00:00+03:00;OK;297;5;1254;LOCAL_VALHALLA_MATRIX;4f73ae66dfab611d8df8ce68595e4560da872bfa628669aaea4ec13aeba5a9e5;584af4f5320308cf4a4b701a62da6ff2d1be1fd52ffde8a944eb40e935154b70;2026-09-28T19:47:05.797752+00:00;false
LOC-0086;LOC-0140;BICYCLE;2026-08-17T07:00:00+03:00;OK;1142;20;5291;LOCAL_VALHALLA_MATRIX;91c0aedb43ac50be6602861df30ea9ae1d7c6f49888365d09974fdc8030a3b05;d2e19890d0852e856ebc498d61cb95c2645e176c573308716cbbd016758fb95e;2026-09-28T19:47:05.797752+00:00;false
LOC-0086;LOC-0141;BICYCLE;2026-08-17T07:00:00+03:00;OK;3167;53;14905;LOCAL_VALHALLA_MATRIX;1fa15da171ee68aba7c82dfd4cfb28e47bf67446c6caec699795e37e4eeb3746;040ca9bf740b05b41de84efe28f3458f42a3624e1385fb131ea0a04c3d39f352;2026-09-28T19:47:05.797752+00:00;false
LOC-0086;LOC-0142;BICYCLE;2026-08-17T07:00:00+03:00;OK;3258;55;15342;LOCAL_VALHALLA_MATRIX;5b501e4b857ed657fe93b7a3e8c515083acd358bccefc6383e9f7a8c3c0025ce;b24b7ffb5ae460e16dc605b6eb733da27c79a8f9a6a3fe44dd963eb686c483c4;2026-09-28T19:47:05.797752+00:00;false
LOC-0086;LOC-0145;BICYCLE;2026-08-17T07:00:00+03:00;OK;2245;38;10548;LOCAL_VALHALLA_MATRIX;3f9b1042fcf3425a9358edc7f899ccc5612ca3584c55ed8737317a287811d8b8;a13e0f845a53ccd8619bab48ba19d99de8743482cfea40646c13ee3f4517383f;2026-09-28T19:47:05.797752+00:00;false
LOC-0086;LOC-0148;BICYCLE;2026-08-17T07:00:00+03:00;OK;2406;41;11461;LOCAL_VALHALLA_MATRIX;a357b9ea3f869c2e9cefba017a499b2f86c2f5f1ee014103f52b984a036c0e12;522df852f669f95b96325a16a5a98c14990e1a9385295cf7744a7dd1c54cf2ed;2026-09-28T19:47:05.797752+00:00;false
LOC-0086;LOC-0149;BICYCLE;2026-08-17T07:00:00+03:00;OK;2314;39;11002;LOCAL_VALHALLA_MATRIX;94391568e85371b3e4061ff642683ac76355bb5a5b282f126abb16403d5fe694;7d6beed94c173d064b6ac3920d65c88cfd758dd72aa1363102e57d68c40ccec7;2026-09-28T19:47:05.797752+00:00;false
LOC-0086;LOC-0150;BICYCLE;2026-08-17T07:00:00+03:00;OK;2278;38;10817;LOCAL_VALHALLA_MATRIX;90ca347aea0d7da04ece2ee0cdd0a7d7fb2d02cee0e4cca5efade7fd0ae0399c;4e5d06865a488f5d9fd61dea426707f556da333ce8658c4ed1447c4990f7f7d7;2026-09-28T19:47:05.797752+00:00;false
LOC-0086;LOC-0151;BICYCLE;2026-08-17T07:00:00+03:00;OK;2493;42;11866;LOCAL_VALHALLA_MATRIX;e7e117507e46cf935c88f2f167c0e8521352fb3307efebf0a54878363cd820ea;6375f4c1266eb21b205daad3c493e20520a9e55332a1e258a011e1058a0f0f01;2026-09-28T19:47:05.797752+00:00;false
LOC-0086;LOC-0152;BICYCLE;2026-08-17T07:00:00+03:00;OK;2495;42;11858;LOCAL_VALHALLA_MATRIX;3a8b4c84f99e60f4fe6d86e215d36c5e056be781f2968563a03c0c6fc9176a45;6485ab56c3f0bb06ce26e3d0c83f4bdfd619d488af2f4910ff82b1ce19babb86;2026-09-28T19:47:05.797752+00:00;false
LOC-0086;LOC-0190;BICYCLE;2026-08-17T07:00:00+03:00;OK;1520;26;7031;LOCAL_VALHALLA_MATRIX;2048584338e9d808d560c095a7ba5a40edc708e64d319d1a9df1f81aa03c47e1;3c1b99fa5afd9a01dc3f55fa37920f59471f41a0c0937132ba5c47bed2b09a81;2026-09-28T19:47:05.797752+00:00;false
LOC-0086;LOC-0196;BICYCLE;2026-08-17T07:00:00+03:00;OK;2559;43;12087;LOCAL_VALHALLA_MATRIX;1ff82fdb51416e4fde18bd9edc109e1e7f0ad238a317f666e257aecf4cc20f9c;b708e38224a1967e5e5dc4f905cb579543f8006a733453249adec83488d72117;2026-09-28T19:47:05.797752+00:00;false
LOC-0091;LOC-0002;BICYCLE;2026-08-17T07:00:00+03:00;OK;1615;27;7739;LOCAL_VALHALLA_MATRIX;d85d2b97b197236e2cdf3dd1d1d39483b6ae00c99f94afd217745474d3249c0d;923db5c960554c7b8fb90dfffc7cd4cb198de500f9a4944c2d846b5d4cdfbe76;2026-09-28T19:47:05.797752+00:00;false
LOC-0091;LOC-0008;BICYCLE;2026-08-17T07:00:00+03:00;OK;518;9;2468;LOCAL_VALHALLA_MATRIX;e0ce5018fdf247cdf26e5cf818f684fcd9c3f1dfb6e4ac2de0ab86dcdcc22bef;9ee71b1a6e740c848726c9ffe0c29011b6ceb60ae33f791997c9fc582c3f1a61;2026-09-28T19:47:05.797752+00:00;false
LOC-0091;LOC-0009;BICYCLE;2026-08-17T07:00:00+03:00;OK;3291;55;15433;LOCAL_VALHALLA_MATRIX;66c23016a46b844be8b65fb7dc7d0fe3ca6dce5179c04171df6334a3501467c6;19cbbd615a86b6cb9868385dba67c8139d8765d5315f50ddd9eeb1b2bd15ccb4;2026-09-28T19:47:05.797752+00:00;false
LOC-0091;LOC-0010;BICYCLE;2026-08-17T07:00:00+03:00;OK;365;7;1693;LOCAL_VALHALLA_MATRIX;b69a6f0f05516781e8231293172f47d0a37aeefe473dc099eb6a804689a3b325;a2d024c0a18c40595589b9da3440a4cefdb4491631592424a5e5f8133f95246b;2026-09-28T19:47:05.797752+00:00;false
LOC-0091;LOC-0011;BICYCLE;2026-08-17T07:00:00+03:00;OK;389;7;1827;LOCAL_VALHALLA_MATRIX;6a455783034ab5da97648928c257403b389d0d4ced5f71f1ca5fdb5d0d779fce;98ed5c084094940a2c38d54b35c5d73da79bb93b265c30035944e129fc0f3be7;2026-09-28T19:47:05.797752+00:00;false
LOC-0091;LOC-0012;BICYCLE;2026-08-17T07:00:00+03:00;OK;286;5;1340;LOCAL_VALHALLA_MATRIX;0ef4eef7efd186280006f3aeb9bf15caa1439f3acf1a3e9a9f747a77184568eb;3ed6c403c615329c1c67af6e62a0454c001ea7334abe2b3fd371a914dd4d681d;2026-09-28T19:47:05.797752+00:00;false
LOC-0091;LOC-0013;BICYCLE;2026-08-17T07:00:00+03:00;OK;1949;33;9423;LOCAL_VALHALLA_MATRIX;7f8343d1123f4c76f6b1eab950a7c2a498eb683ef76cdc117e93d4fd26e18a9a;baaaf3d3b468b59026aac62f6003d3cd1823162b4639d88c1ade9a6daf2e9c61;2026-09-28T19:47:05.797752+00:00;false
LOC-0091;LOC-0016;BICYCLE;2026-08-17T07:00:00+03:00;OK;2625;44;12713;LOCAL_VALHALLA_MATRIX;c6733190c970124dfdbd040e9dcf5afbfe0f69749c250fbb5e20c2af1989d280;16a7fe4ab5dcc0b1a1c79b551c7f0449f5da2c334b3c12c966d95ef36ce0435d;2026-09-28T19:47:05.797752+00:00;false
LOC-0091;LOC-0017;BICYCLE;2026-08-17T07:00:00+03:00;OK;1525;26;7251;LOCAL_VALHALLA_MATRIX;d362922e2e692f4e96bcdb2e45346e15da3bca4eb956fc64ab3a81aae3a75b9b;b56c627235a7204ccb847f63bba98b83835a5e8c4ad2dc7d41ffe8a2ae859424;2026-09-28T19:47:05.797752+00:00;false
LOC-0091;LOC-0018;BICYCLE;2026-08-17T07:00:00+03:00;OK;1486;25;7059;LOCAL_VALHALLA_MATRIX;ca15fe965900499fc4357680e1d6ac5641f0429e41771ba6f4bc02dc987a8b40;a424e3db35f9993b2a8380f8404d1b6b076e6e50984ffbdee4713d852bff9959;2026-09-28T19:47:05.797752+00:00;false
LOC-0091;LOC-0019;BICYCLE;2026-08-17T07:00:00+03:00;OK;542;10;2550;LOCAL_VALHALLA_MATRIX;52e744cd73a134b60558446df806e0c713aa6f2e4a3a74dde0aad652d1c06d98;c298658f0c78f688b5a456b2c9f324c4e5e312a5dcc278799f210c261bb0e2e7;2026-09-28T19:47:05.797752+00:00;false
LOC-0091;LOC-0020;BICYCLE;2026-08-17T07:00:00+03:00;OK;570;10;2717;LOCAL_VALHALLA_MATRIX;c37d808ddd5fd0bb9a8688f780021f2f338369afc22035cecac757c1d029de71;fcebcdfda73c7048f94aef46fb4b00cd7cc5d476a6c8539a4f382c5240a3a309;2026-09-28T19:47:05.797752+00:00;false
LOC-0091;LOC-0023;BICYCLE;2026-08-17T07:00:00+03:00;OK;1169;20;5519;LOCAL_VALHALLA_MATRIX;2eb46b9579bea0296f0521d8e4dbe8b265cf0f455873dd15e5f2484567c96dbc;2d77edf1c1b8abb32b9802494db444b1d5e8990cb357b9c47874ab03e9a00ad3;2026-09-28T19:47:05.797752+00:00;false
LOC-0091;LOC-0027;BICYCLE;2026-08-17T07:00:00+03:00;OK;1367;23;6504;LOCAL_VALHALLA_MATRIX;b387097259b466205401023d0996170086c7ec4af6f61055c9d50ae0c3f58a2b;93b5d324323b300a528c0addcf3459d6b8662d2e0c8cf56eb6aad0c5221a5177;2026-09-28T19:47:05.797752+00:00;false
LOC-0091;LOC-0028;BICYCLE;2026-08-17T07:00:00+03:00;OK;2112;36;10019;LOCAL_VALHALLA_MATRIX;7acfa90c08cedb8961ac1b65a490de060ec0802f45aea1ab730004dcb51b47f0;fbd7863af7c95c614be3f5c6ad6bbe2a184a3e923c0982d913d277d95e6e9fdd;2026-09-28T19:47:05.797752+00:00;false
LOC-0091;LOC-0029;BICYCLE;2026-08-17T07:00:00+03:00;OK;2037;34;9642;LOCAL_VALHALLA_MATRIX;3085d19538edf4e76c108e5f3d747630a7e61582c0b56687eeeec1c37b92d4de;d99aa846bbb1df34fcf7f7ca0cfc57e58696b4fa282db5201bb5aead87245abf;2026-09-28T19:47:05.797752+00:00;false
LOC-0091;LOC-0037;BICYCLE;2026-08-17T07:00:00+03:00;OK;1156;20;5564;LOCAL_VALHALLA_MATRIX;0a534ec754b250d8413e896bacc428d8658955f6fca0d2cb07fd06d230cbb0ba;114178415be7ed27b492b1bf72a341154438b8898ea1be3f41dd447b4d72a7a2;2026-09-28T19:47:05.797752+00:00;false
LOC-0091;LOC-0045;BICYCLE;2026-08-17T07:00:00+03:00;OK;1792;30;8580;LOCAL_VALHALLA_MATRIX;4e69d6abc2fadf530764c1a60ced3346510cded24acb530a02ead513616cb616;70ba582acd75228c16aeae3f31bde58697f8b003cf297ea6e2e96456587f1610;2026-09-28T19:47:05.797752+00:00;false
LOC-0091;LOC-0053;BICYCLE;2026-08-17T07:00:00+03:00;OK;2313;39;11274;LOCAL_VALHALLA_MATRIX;b11ff84b558b8249887df992d2d775d848952491f3b0b361473ba194b377a0a8;c44fd43f8417208ccc7ea9441d3c80f493c243c3eb9b1df48de883c9c8539421;2026-09-28T19:47:05.797752+00:00;false
LOC-0091;LOC-0054;BICYCLE;2026-08-17T07:00:00+03:00;OK;1063;18;5124;LOCAL_VALHALLA_MATRIX;79895d99c8b84acfe484390970c4ffd199687f5d4b1f928fb81dbb553e503d5c;f1b8a2e584273a7dc92bec1977e604b676326d607f9d996c13fadadc03ca25bd;2026-09-28T19:47:05.797752+00:00;false
LOC-0091;LOC-0061;BICYCLE;2026-08-17T07:00:00+03:00;OK;428;8;1828;LOCAL_VALHALLA_MATRIX;841825ad047d05d6899da820b695e9f50c74846bcac1fd94251c396727144dce;48678aa6d31c74ae10794c22fe0dc069b6b7aed98fd5dc2fec74cd3d6fb9be13;2026-09-28T19:47:05.797752+00:00;false
LOC-0091;LOC-0063;BICYCLE;2026-08-17T07:00:00+03:00;OK;2287;39;10848;LOCAL_VALHALLA_MATRIX;df574db4d2748151d2493183e30b3f4d5f4459550187b0fd6923d2149358cdfb;d9dea86de700a0b886f167fedcfb97aabf6ab7a04cf584e9c96e3b087ade561e;2026-09-28T19:47:05.797752+00:00;false
LOC-0091;LOC-0064;BICYCLE;2026-08-17T07:00:00+03:00;OK;2127;36;10151;LOCAL_VALHALLA_MATRIX;03698cd451bf94fbe45bf9309bbbce8e53513bd24a7c5456a2d102a92e29931d;e44c40ef7f3d5399670dc9165a73a5a0d21f160df5b8e20123d22a1a8b0813a5;2026-09-28T19:47:05.797752+00:00;false
LOC-0091;LOC-0074;BICYCLE;2026-08-17T07:00:00+03:00;OK;1203;21;5666;LOCAL_VALHALLA_MATRIX;01c3fd5e5886ccd96593e9a118129773b086d282258eeea8c3e9697a0171853c;2a11a922696fc95bdc28af4662b02be52eafba637ac41c636d5344e92e1b55dc;2026-09-28T19:47:05.797752+00:00;false
LOC-0091;LOC-0075;BICYCLE;2026-08-17T07:00:00+03:00;OK;1368;23;6420;LOCAL_VALHALLA_MATRIX;5960a4a383f8dcbb32e94048972a658b27303cae69faeb8ba7c5fbf2e192f7d8;d31764acf4bb111e50c4c62c760f252358e71a462d7eeaf5a8d99f1dc52f5e7a;2026-09-28T19:47:05.797752+00:00;false
LOC-0091;LOC-0076;BICYCLE;2026-08-17T07:00:00+03:00;OK;2371;40;11420;LOCAL_VALHALLA_MATRIX;336c8837b72a3e916bc72f6016621dcea10815720b0c7f824e6edf5192172b82;66e42368f63298c93fe7f4f0856b9a91d6f1400c7b22d70fedeb1a6e4d65c108;2026-09-28T19:47:05.797752+00:00;false
LOC-0091;LOC-0078;BICYCLE;2026-08-17T07:00:00+03:00;OK;1909;32;9120;LOCAL_VALHALLA_MATRIX;a73103d5b530826761309487493026a739570d151efb2df7d600f6eca7738ecb;36777a2645e0e3990e3980d7a3442443a8a30af809ec30a0b8bbfecd6d7d1073;2026-09-28T19:47:05.797752+00:00;false
LOC-0091;LOC-0080;BICYCLE;2026-08-17T07:00:00+03:00;OK;1238;21;5836;LOCAL_VALHALLA_MATRIX;15538b61750ff3240cb0cd994c1754d61375bc1342a639f0c60f8f7eb073fdef;fb40cacfdc2efa176e3dc322446fa07d6622dcbdbebfe3fdede76661c196ac4b;2026-09-28T19:47:05.797752+00:00;false
LOC-0091;LOC-0082;BICYCLE;2026-08-17T07:00:00+03:00;OK;2128;36;10201;LOCAL_VALHALLA_MATRIX;8b372b7ae29bb0f51236b94aa5af39698ffd3935f1fc02af5674ca69493e4152;2b735106db9d2a0d5c48691ebc35a263abe45fc6e66c92189bbe5ae23d3150c2;2026-09-28T19:47:05.797752+00:00;false
LOC-0091;LOC-0085;BICYCLE;2026-08-17T07:00:00+03:00;OK;1787;30;8576;LOCAL_VALHALLA_MATRIX;8b60173042de109060ed10b001f559b9ea806712072b7b21820d9410c5b673a4;70ab23f8a0572ea11742315b3cc96c5457bfb5ef17e163a554a9090fa3f9da1a;2026-09-28T19:47:05.797752+00:00;false
LOC-0091;LOC-0086;BICYCLE;2026-08-17T07:00:00+03:00;OK;1833;31;8640;LOCAL_VALHALLA_MATRIX;a21269cfcc5e30e69d523a744e834ac940483f48fb9faf1a69a5583914f3f014;e4587c98a66cb3c147dabb96da8e9211697fbf9b16c69c6fd613ab1ac2b25b27;2026-09-28T19:47:05.797752+00:00;false
LOC-0091;LOC-0091;BICYCLE;2026-08-17T07:00:00+03:00;OK;0;0;0;LOCAL_VALHALLA_MATRIX;c524a1730339fc0b82547a33f74e7a91eaf943b2c5c32b661d0609ac8fb29ed8;3d5812abc84c11768aa73a732c85d75dbed439188f5bb3239e9b762ea31d9862;2026-09-28T19:47:05.797752+00:00;false
LOC-0091;LOC-0092;BICYCLE;2026-08-17T07:00:00+03:00;OK;381;7;1823;LOCAL_VALHALLA_MATRIX;40f4469ae779dc34374d8af43d25866a8a59d355ed332cda39013ef7e183a7a3;584df02202d07b2073a8fcb8a8fc95b4258cf5e36329742200e2acf6b6ce962d;2026-09-28T19:47:05.797752+00:00;false
LOC-0091;LOC-0093;BICYCLE;2026-08-17T07:00:00+03:00;OK;446;8;1974;LOCAL_VALHALLA_MATRIX;a995e92b59ee2872c33db1243a4038aca625520fce897aee2df28ebff827edf1;b7b70934a0d5656e6db0bfd7f527cd8c5d96781816db00277c65d677c5d9b801;2026-09-28T19:47:05.797752+00:00;false
LOC-0091;LOC-0094;BICYCLE;2026-08-17T07:00:00+03:00;OK;1946;33;9326;LOCAL_VALHALLA_MATRIX;9ad197cd8b0a14b15ff2a343ba106f758ec5ba7e75e0566dd3b53d3cc5a9cef9;b523c5509a37fabdb19da6159c0372dda9694fa632f2d77e54a74cf379f4192b;2026-09-28T19:47:05.797752+00:00;false
LOC-0091;LOC-0095;BICYCLE;2026-08-17T07:00:00+03:00;OK;2125;36;10144;LOCAL_VALHALLA_MATRIX;33453554f1fe35141f1e2ac8969e1da590902ddf359d76e4ec869bae3ff3ef2c;3fa6a053c0de55774b418d973ff74e53323fd677568d32d2324561d2a10850fa;2026-09-28T19:47:05.797752+00:00;false
LOC-0091;LOC-0102;BICYCLE;2026-08-17T07:00:00+03:00;OK;2288;39;10969;LOCAL_VALHALLA_MATRIX;16f9484ddb9534d9a23f63164427f4d9d792bffa62e186cbbc983c873fbda2e0;f2f0c825b3f625143c8325f5bed429bdf80a1c6a942d1d6a7cc3a49c7ac9c171;2026-09-28T19:47:05.797752+00:00;false
LOC-0091;LOC-0112;BICYCLE;2026-08-17T07:00:00+03:00;OK;783;14;3682;LOCAL_VALHALLA_MATRIX;19130f21ad5b0d2b3a8cdf029a0cd3ad87b7db6a3517e38623d739b8bc562359;8b5e0837263c4dec7d892cf0f9d5c89f65964a03367996d46e301ff01b139a60;2026-09-28T19:47:05.797752+00:00;false
LOC-0091;LOC-0124;BICYCLE;2026-08-17T07:00:00+03:00;OK;3098;52;14656;LOCAL_VALHALLA_MATRIX;18329b2e533190c91921c5b6840f82d78f4d067bea4fdd2d5e49aab3f5bf0af1;e90d20391c0215b575840974da45c30dd9b56d456dd30b82de722cb001478323;2026-09-28T19:47:05.797752+00:00;false
LOC-0091;LOC-0125;BICYCLE;2026-08-17T07:00:00+03:00;OK;1352;23;6290;LOCAL_VALHALLA_MATRIX;5c71d69df3e998ce7747762f290e050f86af44cf89b5127c99097cf3c9cb2c98;1a44481862be93ac1d0d65dadadb65ccbf3fbfc8f9fb8c19867b1eb921cfeedf;2026-09-28T19:47:05.797752+00:00;false
LOC-0091;LOC-0126;BICYCLE;2026-08-17T07:00:00+03:00;OK;891;15;4206;LOCAL_VALHALLA_MATRIX;3aa52db707aa880ffee1ae1e922218d061e094f43cd16eccdfd04977aaa80880;e97bd73cb9cd80769d9b21d6eabeb96e7315d10b3b1deae688b67c02468bbbd7;2026-09-28T19:47:05.797752+00:00;false
LOC-0091;LOC-0128;BICYCLE;2026-08-17T07:00:00+03:00;OK;1232;21;5890;LOCAL_VALHALLA_MATRIX;b24c26835f6ebef881eed0e5cb994f14ae0899c4a4c02ac492acd3ddd67b4792;7aad88af7f078573a6f332469f8e6406f7eb3f966658a0e6559e5bb3f79a4ec1;2026-09-28T19:47:05.797752+00:00;false
LOC-0091;LOC-0134;BICYCLE;2026-08-17T07:00:00+03:00;OK;1645;28;7884;LOCAL_VALHALLA_MATRIX;0a9bf7db701a05b985c7ab5768547d43f2a39bbc9ab6cb279afe31f8db2489cf;88ec519634a56eebfedbc9a82c3e34b56392a84696f9ca927512e5fd00a3692b;2026-09-28T19:47:05.797752+00:00;false
LOC-0091;LOC-0135;BICYCLE;2026-08-17T07:00:00+03:00;OK;1868;32;9029;LOCAL_VALHALLA_MATRIX;2a90b39f8a8b0324f6d7260bac3068a37049f8a574074a4b8b3f3fe56bf23e82;0a50b8d0e10a7c22345d5ce3ff5e7e3161d88078fdda2735bc74cbfecf379645;2026-09-28T19:47:05.797752+00:00;false
LOC-0091;LOC-0136;BICYCLE;2026-08-17T07:00:00+03:00;OK;1721;29;8266;LOCAL_VALHALLA_MATRIX;478ec9e6abc96e540745c58d40a1011f9ae8149f4ea91fcfb38c716db1897b26;06beafc4dc58ca1041b53c02bd33738885ee553378b6d9818fa08a0d51632af3;2026-09-28T19:47:05.797752+00:00;false
LOC-0091;LOC-0140;BICYCLE;2026-08-17T07:00:00+03:00;OK;2044;35;9950;LOCAL_VALHALLA_MATRIX;ed4d3fa9631d2b49b6bd5750bcdb820f284b72f9b97453e9d8d72239fcf73890;bdab366de9082b002669da8dc5baac75383e42b8fb6e740bf22a1f619b2ff92c;2026-09-28T19:47:05.797752+00:00;false
LOC-0091;LOC-0141;BICYCLE;2026-08-17T07:00:00+03:00;OK;2672;45;12484;LOCAL_VALHALLA_MATRIX;1f4dcba375778966f7392e3ebc4118c21352965a50df340dde55c8c04b81c2d5;d270a2fe93ba205988d75c8a59ee10b6ba60113ec7435df846e6bf8e88bf0fc0;2026-09-28T19:47:05.797752+00:00;false
LOC-0091;LOC-0142;BICYCLE;2026-08-17T07:00:00+03:00;OK;2623;44;12259;LOCAL_VALHALLA_MATRIX;e09ed764d881c2db93b358f34dfea3d11f8b28be34296b3895f7dd9b1091a5f0;d501ff5538b4adfbb96d5516745c4219a3cec09153b5024dce847284794221ab;2026-09-28T19:47:05.797752+00:00;false
LOC-0091;LOC-0145;BICYCLE;2026-08-17T07:00:00+03:00;OK;549;10;2609;LOCAL_VALHALLA_MATRIX;7f4302ad72a2bf80d7c94903b76774b2feb01001e8cbbacea129835ac362c0e1;16f8bd17b36b56403d6d0dc4c332c54c61b9cbfc636e391738329674bbb65a3f;2026-09-28T19:47:05.797752+00:00;false
LOC-0091;LOC-0148;BICYCLE;2026-08-17T07:00:00+03:00;OK;1402;24;6665;LOCAL_VALHALLA_MATRIX;dfa8ffcdbfd99fe4bad028838678d358a65e76325a3c5644157aaafbcb73bede;5660e1152aaa9d027e7b630d0d8125dc225b3f49f09751c2e17b57a9ef0cc622;2026-09-28T19:47:05.797752+00:00;false
LOC-0091;LOC-0149;BICYCLE;2026-08-17T07:00:00+03:00;OK;1313;22;6184;LOCAL_VALHALLA_MATRIX;50f27a29665895c8be0d805c5f9ae1f22ced3a677d11a13b53feb6be87988d4d;5cc4236e7172c4207c47ae40f6eab678fe76e54feed3bd8e517ce61927a07b92;2026-09-28T19:47:05.797752+00:00;false
LOC-0091;LOC-0150;BICYCLE;2026-08-17T07:00:00+03:00;OK;1273;22;6016;LOCAL_VALHALLA_MATRIX;7b1b75bfa40b59ad1ae1953c208450819938b821d334a9cb233ce37528cecb2a;5658198bb824418a464ffd71982e3dc18cb1dc012f46f26afe0d6a8f7bea49c6;2026-09-28T19:47:05.797752+00:00;false
LOC-0091;LOC-0151;BICYCLE;2026-08-17T07:00:00+03:00;OK;1490;25;7070;LOCAL_VALHALLA_MATRIX;90e61eb1a97c8ecbe6bc79e80195a8a2a24b6b0408da9b7e2c12dc6227c256fc;35ad1055fb1c852770a4b680e1d0e9aba2eb52eb323b61487b17092e5bdb6ca2;2026-09-28T19:47:05.797752+00:00;false
LOC-0091;LOC-0152;BICYCLE;2026-08-17T07:00:00+03:00;OK;1491;25;7062;LOCAL_VALHALLA_MATRIX;113fe9427fa0a43b36835963e5c9373ba3e7fc07d470bd145f944dd0990b239b;12216fd9c3fb0efe1f288414f4f79b4de4aca986b62549eff62cd7f47e348ef3;2026-09-28T19:47:05.797752+00:00;false
LOC-0091;LOC-0190;BICYCLE;2026-08-17T07:00:00+03:00;OK;656;11;3125;LOCAL_VALHALLA_MATRIX;bce809ce6398505d3ad27b2954c25ecb8bd6d5733b71398740e9c5a5fb7fa366;26b00cccaa5d1921692107aaac410fe689f03f8445b1d693ef20ab86414b4074;2026-09-28T19:47:05.797752+00:00;false
LOC-0091;LOC-0196;BICYCLE;2026-08-17T07:00:00+03:00;OK;1512;26;7075;LOCAL_VALHALLA_MATRIX;59e6208e59f2f5ace562118e619deb92c7c5ec56ea77466b5835031a650d36a4;bce679ff095b3ed62e630645486c6c71bc0e8d3a9c9e9aabe38f35ee1c2c34ad;2026-09-28T19:47:05.797752+00:00;false
LOC-0092;LOC-0002;BICYCLE;2026-08-17T07:00:00+03:00;OK;1717;29;8209;LOCAL_VALHALLA_MATRIX;0858ee0f6c529b0951e095bd7950043993fed5d7706e154c941af7fcd03a8131;e0131c7d66796e1192d20ea059b87ed4d2dc2ff277b0b0ea6aaabc709a1ee701;2026-09-28T19:47:05.797752+00:00;false
LOC-0092;LOC-0008;BICYCLE;2026-08-17T07:00:00+03:00;OK;719;12;3442;LOCAL_VALHALLA_MATRIX;9a1c8a8ad109bc8af3f6827c3f89091b40f83480ab0c32e94d70e802c34a1505;693c99bbeb8c5412b566b179b604c8c7ac404a4073a96a5ec9da75e75dcaacce;2026-09-28T19:47:05.797752+00:00;false
LOC-0092;LOC-0009;BICYCLE;2026-08-17T07:00:00+03:00;OK;3067;52;14341;LOCAL_VALHALLA_MATRIX;793700dc1f03c1f58daea80676142f3637b3e9ad940e1150666d4f1323937dc3;8f7d17604f831840740d12a0154f8576a9961fccc7aa997ed70a61027134c2cb;2026-09-28T19:47:05.797752+00:00;false
LOC-0092;LOC-0010;BICYCLE;2026-08-17T07:00:00+03:00;OK;565;10;2667;LOCAL_VALHALLA_MATRIX;aec2e65092408600eae987ddf8f243abb327ae05916f6c0d00d2a4ba8cb2b72d;e5a0fd32c709b3b3cecc784e6775e8bff8ec3c969fda594c65b19ceb7933632e;2026-09-28T19:47:05.797752+00:00;false
LOC-0092;LOC-0011;BICYCLE;2026-08-17T07:00:00+03:00;OK;589;10;2801;LOCAL_VALHALLA_MATRIX;be88547ec9241ce9116a04ca555625512ba671b38b39c8d2bf900cfa1f94f7c8;5f6b9e98a199819dbe0d432305f2b8062224a08f97d96df5e0e6a829ff6429ed;2026-09-28T19:47:05.797752+00:00;false
LOC-0092;LOC-0012;BICYCLE;2026-08-17T07:00:00+03:00;OK;502;9;2366;LOCAL_VALHALLA_MATRIX;d10496d918e411476da11c14173b5a5c4eb5a451728db7b56abce7b28b2d5c5e;b0e5a76a1ef64bc0d9f3aba918ede5014da7d8a1c575b3539192595ebc27ef5c;2026-09-28T19:47:05.797752+00:00;false
LOC-0092;LOC-0013;BICYCLE;2026-08-17T07:00:00+03:00;OK;2054;35;9869;LOCAL_VALHALLA_MATRIX;73f98a70634915162339ad1cfb976ea33b7aaebd5dd0caa32a1c31df644a4d32;6c59011da7795f3744c27371061a9420d985b60598bc00ed2676260b0dbc5c28;2026-09-28T19:47:05.797752+00:00;false
LOC-0092;LOC-0016;BICYCLE;2026-08-17T07:00:00+03:00;OK;2447;41;11857;LOCAL_VALHALLA_MATRIX;5fe40f903ffccc96f45c46a9e0f2fcea83ac3cc568b4f2e1225ffdf3b067f398;46c0e9a2d4891196276526bda4292af847ecc305008802d20040e1d497c73e2e;2026-09-28T19:47:05.797752+00:00;false
LOC-0092;LOC-0017;BICYCLE;2026-08-17T07:00:00+03:00;OK;1346;23;6339;LOCAL_VALHALLA_MATRIX;d197f5cd6e61a3ad089e757bd3ecef6d31466a88acc682e3e46bbcd370cdf0ab;e8d5602392a398d482470ede86ba0131b88a8420a63d53b4a064a2dcc0554273;2026-09-28T19:47:05.797752+00:00;false
LOC-0092;LOC-0018;BICYCLE;2026-08-17T07:00:00+03:00;OK;1307;22;6147;LOCAL_VALHALLA_MATRIX;85e7e510a7e1ebd8097343490708c22616e5e75248a24cc1e9d6a598b23beb1e;c42dc6e642c9dbd841bae2c2aa7311226e25a9c950595f12ac9954336803a67a;2026-09-28T19:47:05.797752+00:00;false
LOC-0092;LOC-0019;BICYCLE;2026-08-17T07:00:00+03:00;OK;702;12;3305;LOCAL_VALHALLA_MATRIX;8d930d6c300b59e4dea93bf69aa58991c1c0f062d20a0c077e5c4082439cacac;ed0531d6421c5c68710bb9ec9fa72db2c3a816877a7177c39beca75cb21ae451;2026-09-28T19:47:05.797752+00:00;false
LOC-0092;LOC-0020;BICYCLE;2026-08-17T07:00:00+03:00;OK;375;7;1750;LOCAL_VALHALLA_MATRIX;6b8c9991e557170c0c749a6bd21071cea2ecc4f9a6ffd94df0068afef860b18a;36673718f6d59a4614c82652d063e185f99829c89913ced2c292d8cbaf6789aa;2026-09-28T19:47:05.797752+00:00;false
LOC-0092;LOC-0023;BICYCLE;2026-08-17T07:00:00+03:00;OK;945;16;4427;LOCAL_VALHALLA_MATRIX;1ffe17bae1873ed75ab160c1951ce72b6a602931be615b4a292b15ea83f20b06;bccdfa9853f0edc5c5994db605d51fb7b673b87a54a3cf923d712b35b8f17cb7;2026-09-28T19:47:05.797752+00:00;false
LOC-0092;LOC-0027;BICYCLE;2026-08-17T07:00:00+03:00;OK;1150;20;5533;LOCAL_VALHALLA_MATRIX;e3c68d54a0d8784861e9a98f488841010459cc4edfed6a3541b9a822650bbf0d;8887ddcc1c9ccc88284c9d715f05d2ddb23d8ae3b73ce0744234245995efd288;2026-09-28T19:47:05.797752+00:00;false
LOC-0092;LOC-0028;BICYCLE;2026-08-17T07:00:00+03:00;OK;2030;34;9657;LOCAL_VALHALLA_MATRIX;27b449ff3df7c6bfb02a284d3389f2d93289ff07cb8b0372dcb4ed44fc134cc2;4e2161869796a21d4bc80eee3b708cc7c457b4ae458f3cba99c6be8186214710;2026-09-28T19:47:05.797752+00:00;false
LOC-0092;LOC-0029;BICYCLE;2026-08-17T07:00:00+03:00;OK;1956;33;9280;LOCAL_VALHALLA_MATRIX;5106a63896777217e8317b8998d1c5c1e409f523858ae3777cd43fc7a8c8fafe;66130e3ab7a9316f7272fb31bc49de0f2d20a6382e351d5984e6c8cf1770f87e;2026-09-28T19:47:05.797752+00:00;false
LOC-0092;LOC-0037;BICYCLE;2026-08-17T07:00:00+03:00;OK;1259;21;6034;LOCAL_VALHALLA_MATRIX;a320a44aa691b464f76a6fbf6e82557520c94620c2a708ac76833a8f87fcd631;02eeee2968027def2931d82affe3aa7048400e389077ff012b37baf32b72072b;2026-09-28T19:47:05.797752+00:00;false
LOC-0092;LOC-0045;BICYCLE;2026-08-17T07:00:00+03:00;OK;1574;27;7609;LOCAL_VALHALLA_MATRIX;0c95bf19c9ed34fe110c1fb561590700d61ebe6bf6675182a7ea01de41a9d47b;8811aa8d6915898f18a933918ed80f38e512e87dc862d1489aad799f17889426;2026-09-28T19:47:05.797752+00:00;false
LOC-0092;LOC-0053;BICYCLE;2026-08-17T07:00:00+03:00;OK;2416;41;11744;LOCAL_VALHALLA_MATRIX;dfb9398bd66b500cea0a2cfb7e343e7f569ae708f7019385f20f47e76c763de0;40edf1ee08620fa7b09b8fdea5e247a43ed3a3c0de578f82d21ee3c3568b4aff;2026-09-28T19:47:05.797752+00:00;false
LOC-0092;LOC-0054;BICYCLE;2026-08-17T07:00:00+03:00;OK;1166;20;5594;LOCAL_VALHALLA_MATRIX;c52426e3b40180792917ab3de78cea6026cf727a6a3d0762232f5c7401518642;821a79557fb8dbce31d1feb36a5c55ecfde4dae7c94814212312602ca80179da;2026-09-28T19:47:05.797752+00:00;false
LOC-0092;LOC-0061;BICYCLE;2026-08-17T07:00:00+03:00;OK;538;9;2372;LOCAL_VALHALLA_MATRIX;114c369a47cbd1453cc5478a85919f009b30a2cdde3ccdc9f039a1dd34fb2999;4ece42b6fb7923ec9d1774efb521baff3db8c6f25884baa8d0b1f0fa8afb88f4;2026-09-28T19:47:05.797752+00:00;false
LOC-0092;LOC-0063;BICYCLE;2026-08-17T07:00:00+03:00;OK;2069;35;9877;LOCAL_VALHALLA_MATRIX;c393b374c9bdd17d9dc5cc3febf5785911c871b4e4f3393a737c4e208d0ecaf7;da6bae773907ff454419fcda7bb52ae0bf3eb7525afb2eaf854ffee893e0131e;2026-09-28T19:47:05.797752+00:00;false
LOC-0092;LOC-0064;BICYCLE;2026-08-17T07:00:00+03:00;OK;1910;32;9180;LOCAL_VALHALLA_MATRIX;3c96b2be36955594068cabb240e1ea0043ab5a439a3cbd98a146afa9292390c6;b75974b0538690d4250954cf9885eade445feb956c20a2a77c549e69692380e6;2026-09-28T19:47:05.797752+00:00;false
LOC-0092;LOC-0074;BICYCLE;2026-08-17T07:00:00+03:00;OK;988;17;4695;LOCAL_VALHALLA_MATRIX;964156ccc5bf227a1426154a5b53edbaef82cce786e07c5c5aac78edf8250db7;ece258ba53e5602a4ab2ada08d5a394a7a9d7fe1ea2d6292d431f41a78ee1599;2026-09-28T19:47:05.797752+00:00;false
LOC-0092;LOC-0075;BICYCLE;2026-08-17T07:00:00+03:00;OK;1188;20;5508;LOCAL_VALHALLA_MATRIX;66821c76e33b4da12996b8e04744e0e81ce3cdba4b182967774b128ce6016aca;f24952f611ea07c527ab42736c1c2a021ba10128d2a8bfb718e14ecdcf10b659;2026-09-28T19:47:05.797752+00:00;false
LOC-0092;LOC-0076;BICYCLE;2026-08-17T07:00:00+03:00;OK;2474;42;11890;LOCAL_VALHALLA_MATRIX;4c7f306362a6c5ee107c12903227911f63dffbb612eeb0947fd899a0e52b8f4f;47dd5e92bb76ff398091d8d94c556c9bd3cc351cdded19cf74998c93d73b2414;2026-09-28T19:47:05.797752+00:00;false
LOC-0092;LOC-0078;BICYCLE;2026-08-17T07:00:00+03:00;OK;1691;29;8149;LOCAL_VALHALLA_MATRIX;42238dd6dbd090f7e9d858deab7dd4f6949b24a4ea080e5845a81994ae3c60a8;f5656f334b34001f588f1c928643d446d254a7297c5d30715ab57dd1326406ce;2026-09-28T19:47:05.797752+00:00;false
LOC-0092;LOC-0080;BICYCLE;2026-08-17T07:00:00+03:00;OK;1059;18;4924;LOCAL_VALHALLA_MATRIX;4a3f8e38cce681343dbc73a24c6bf4a963f135dfc31292f022445ca74b3d91eb;eed56a576631a7a615355c54068b9e1bc824075c96c1a3afb0139f7318a0e8bc;2026-09-28T19:47:05.797752+00:00;false
LOC-0092;LOC-0082;BICYCLE;2026-08-17T07:00:00+03:00;OK;1911;32;9230;LOCAL_VALHALLA_MATRIX;cbf4aa343f68c07280445ac67d2e26359c4c831c9e2859d540a881396b9829c8;d12790976ba864829d656d4cf07ff5beea0a34c3f5e3ade6ae9df4f58de22ad9;2026-09-28T19:47:05.797752+00:00;false
LOC-0092;LOC-0085;BICYCLE;2026-08-17T07:00:00+03:00;OK;1890;32;9046;LOCAL_VALHALLA_MATRIX;9b1abffa3299970b8aaa4ea0a030ea03eb2f2ae337c27ddbae5c25e5a7f17e0c;14bacc3801c663076b385dc54a03b1b11f6cbcac15e7223f5cd87d590066bc66;2026-09-28T19:47:05.797752+00:00;false
LOC-0092;LOC-0086;BICYCLE;2026-08-17T07:00:00+03:00;OK;1936;33;9110;LOCAL_VALHALLA_MATRIX;9704df93a5eece594179307e112698251d7770d8751790064b4ec701695bbcc2;db47d5e194cbf8b4be5b71fc95afeeea64a0a5f428ae9f7d880eee2608da88cb;2026-09-28T19:47:05.797752+00:00;false
LOC-0092;LOC-0091;BICYCLE;2026-08-17T07:00:00+03:00;OK;233;4;1100;LOCAL_VALHALLA_MATRIX;03fa76a50ebca5f69e83302e7147500df8950e0392b143ac516193e8c485dca4;1d56c7ad0ef5f480fec6d37a1bd7865c4057bf5c42334d528a43c78f9e6f9d20;2026-09-28T19:47:05.797752+00:00;false
LOC-0092;LOC-0092;BICYCLE;2026-08-17T07:00:00+03:00;OK;0;0;0;LOCAL_VALHALLA_MATRIX;36f6a9703ccd34feb2a941406f790ea66f4dbf794ec370d220a01fb404ae6f1e;3d5812abc84c11768aa73a732c85d75dbed439188f5bb3239e9b762ea31d9862;2026-09-28T19:47:05.797752+00:00;false
LOC-0092;LOC-0093;BICYCLE;2026-08-17T07:00:00+03:00;OK;104;2;337;LOCAL_VALHALLA_MATRIX;5ee2d60f383a9603e97b4fb13aff3ef9537f60cd541d66c4582b059e6c5c791f;78296d868b45e87679cf2c79b5dcd39142ff851310a2cc48896dadb1da2f9c8b;2026-09-28T19:47:05.797752+00:00;false
LOC-0092;LOC-0094;BICYCLE;2026-08-17T07:00:00+03:00;OK;2049;35;9796;LOCAL_VALHALLA_MATRIX;f71e4dd920c818d077b90b8683b1e682d485fbebfcaeab25a3c43521a0ae6178;49985d5bc6b3c1c6dc9a04bc8af947c38c9327c65171e4438fa9987cd49400ca;2026-09-28T19:47:05.797752+00:00;false
LOC-0092;LOC-0095;BICYCLE;2026-08-17T07:00:00+03:00;OK;2228;38;10614;LOCAL_VALHALLA_MATRIX;6ff5fe631b0f99201d33bb69f9a5f7f8b6acbd7781802ba4e24bc8275dee220f;2b777b9ea9d84d080c88a8912e95700905103fd4866db15108b10b8adf4fb0bd;2026-09-28T19:47:05.797752+00:00;false
LOC-0092;LOC-0102;BICYCLE;2026-08-17T07:00:00+03:00;OK;2070;35;9998;LOCAL_VALHALLA_MATRIX;ce624415805a174f56c52810d61c4cb1110b3083fd9e1b63d1f42c6b28a7669d;c99a31dbb4b615e704d4462367c8b00603127787b00bdf47adaf62e31f98cd75;2026-09-28T19:47:05.797752+00:00;false
LOC-0092;LOC-0112;BICYCLE;2026-08-17T07:00:00+03:00;OK;556;10;2644;LOCAL_VALHALLA_MATRIX;35c47cc7eb8992340e179184e1eeb14555af84fe5535a415089f507c6a5e3e4f;1fb9d17a1ff4a629676e6a6f6ea8a5fdd4fa8e724259eee28b7b44f4d03361ce;2026-09-28T19:47:05.797752+00:00;false
LOC-0092;LOC-0124;BICYCLE;2026-08-17T07:00:00+03:00;OK;2888;49;13676;LOCAL_VALHALLA_MATRIX;c89ed847315e77e919239e31d7e38142330b754b7a3fba4a9038ba49f12fc24b;f38c3fcb1b5fd1c3978166519a76ceba591dbb3fd243b3ccf0eb64c5a8da3553;2026-09-28T19:47:05.797752+00:00;false
LOC-0092;LOC-0125;BICYCLE;2026-08-17T07:00:00+03:00;OK;1141;20;5310;LOCAL_VALHALLA_MATRIX;020e4c4dd797aee6ac69f4a5343c8604257f1fff598e62b15fc1018fc6f100b4;18a2aa09c89253e2dc1ac45f5a7930e1be5b621e21582a1ed4f43b752d84b712;2026-09-28T19:47:05.797752+00:00;false
LOC-0092;LOC-0126;BICYCLE;2026-08-17T07:00:00+03:00;OK;903;16;4279;LOCAL_VALHALLA_MATRIX;1984d132336d2257f8886c7f2ee059a7ca68d909701e62e89c859b14019be964;0c0170134c5f37d88ece7d18963229e5235ff0451c5431906c70544b2095c4ce;2026-09-28T19:47:05.797752+00:00;false
LOC-0092;LOC-0128;BICYCLE;2026-08-17T07:00:00+03:00;OK;1334;23;6360;LOCAL_VALHALLA_MATRIX;7806b973ec2a5f0438a53d30bcdb30b518d9792af9871e285e66a9b66188f59e;493fb441db3eb3a22042e6daf6ff0b46b9776ed86fcbf41aa2bd816d69c74f6c;2026-09-28T19:47:05.797752+00:00;false
LOC-0092;LOC-0134;BICYCLE;2026-08-17T07:00:00+03:00;OK;1747;30;8354;LOCAL_VALHALLA_MATRIX;195c0f68c0f49b1d6729803278ae611a2175bf1e703f5778f2379d3f49f11857;850727d99026d1ceae0cbcb49758f9b6d9508ebb0ae89f92d920bffcb8f6b8e6;2026-09-28T19:47:05.797752+00:00;false
LOC-0092;LOC-0135;BICYCLE;2026-08-17T07:00:00+03:00;OK;1819;31;8700;LOCAL_VALHALLA_MATRIX;cabee044a741e21a9d04aab33a0e5efc2f0fe5c954dba164c9c0e4ae5395b0f2;b9a8b4c69750a7f9acbd99c58b6d3b05c048578f898fe5b2e2bd7ca48ad4d2fa;2026-09-28T19:47:05.797752+00:00;false
LOC-0092;LOC-0136;BICYCLE;2026-08-17T07:00:00+03:00;OK;1824;31;8736;LOCAL_VALHALLA_MATRIX;e8dac67c289ba54f83b21dde18e4b9a33fc758f5d4d916f6d5adc03b47d50682;4187afb1faf4031c264fcd5e08c209b74a3869020dfa634e786d7730a7929876;2026-09-28T19:47:05.797752+00:00;false
LOC-0092;LOC-0140;BICYCLE;2026-08-17T07:00:00+03:00;OK;2147;36;10420;LOCAL_VALHALLA_MATRIX;181a15d6d155b431461f45e9b98050c0c46b30b4143b69908f7fd5bc8a6b37e0;166256fbda766a40b3140a4467d241926042ca49b72a73ff06f4d7324192e17f;2026-09-28T19:47:05.797752+00:00;false
LOC-0092;LOC-0141;BICYCLE;2026-08-17T07:00:00+03:00;OK;2462;42;11504;LOCAL_VALHALLA_MATRIX;663240fb74921b49711ee9a97090abd5f2638586d34e21b9a0eb02431f5925d2;6995d0b57bab8b042098c543cb02c0a883ba9512e570ced00145aebbd13c8b78;2026-09-28T19:47:05.797752+00:00;false
LOC-0092;LOC-0142;BICYCLE;2026-08-17T07:00:00+03:00;OK;2413;41;11279;LOCAL_VALHALLA_MATRIX;75a734f32aebb2cd6c30fe5891ae4240f3324568e34bdce457df6ef517dced45;d38b397198d609c31754df9d13595bd270f064cfc75f619f284d2069c92be8c2;2026-09-28T19:47:05.797752+00:00;false
LOC-0092;LOC-0145;BICYCLE;2026-08-17T07:00:00+03:00;OK;355;6;1642;LOCAL_VALHALLA_MATRIX;79c3112f741bf48381716285dae2fb524ea4a6239ce9d1c05c709d6f9fa40124;bc791a92c50090a5ebef96b4243cda28da797f509d688b1d8346a9193354eb55;2026-09-28T19:47:05.797752+00:00;false
LOC-0092;LOC-0148;BICYCLE;2026-08-17T07:00:00+03:00;OK;1223;21;5728;LOCAL_VALHALLA_MATRIX;9628167f8229556c90c26ce491ec273cf463176b90db3896a122da732b0d8958;b25919ecdaf48b98ca8349f750ca5fdcc4dcc0fbfc7d44b27ea3992de673adfd;2026-09-28T19:47:05.797752+00:00;false
LOC-0092;LOC-0149;BICYCLE;2026-08-17T07:00:00+03:00;OK;1095;19;5213;LOCAL_VALHALLA_MATRIX;db4da97b3656fdff86da0259824f128bed588aca3bad7ac3c51994e485a5a747;f62a15b01a3f2a237e90eedf3ca78a6f9fb4282214ee17c8a1300400f396a8a4;2026-09-28T19:47:05.797752+00:00;false
LOC-0092;LOC-0150;BICYCLE;2026-08-17T07:00:00+03:00;OK;1059;18;5028;LOCAL_VALHALLA_MATRIX;eca4100d7b6d653c3f6bc08cf3aee3d7a6f6395e7c8c43bc5acfa56c739330d9;ae9fabca231ae7c8b02dd682178802bbce4895a09588f845e469703b7e4ec70b;2026-09-28T19:47:05.797752+00:00;false
LOC-0092;LOC-0151;BICYCLE;2026-08-17T07:00:00+03:00;OK;1311;22;6133;LOCAL_VALHALLA_MATRIX;55a99cfaf2ba679b3cc96e840d043e7a59592fc17baf5e741975492517ebf987;c6d5bfe5baea1851d4214e39d769c8efc0074bc0ed31278fd3843f00fa35ca14;2026-09-28T19:47:05.797752+00:00;false
LOC-0092;LOC-0152;BICYCLE;2026-08-17T07:00:00+03:00;OK;1313;22;6125;LOCAL_VALHALLA_MATRIX;08486a3a6f34af2cdaba37ca9e3c06668427a9f5d8f3788d76dac2d5c4bd1232;4ee0deb772961e5f67b2afddca6c2f713be21da70f073597b732a07e21be9f7e;2026-09-28T19:47:05.797752+00:00;false
LOC-0092;LOC-0190;BICYCLE;2026-08-17T07:00:00+03:00;OK;766;13;3607;LOCAL_VALHALLA_MATRIX;87715a7af94294da0c7e3d9b4af42b32436e83c08839080538126ae8ec218f5c;62f239f22644abbe0d4abf822d7c6f43c19b05b38cdde2a1988b3ba9ea4d40f1;2026-09-28T19:47:05.797752+00:00;false
LOC-0092;LOC-0196;BICYCLE;2026-08-17T07:00:00+03:00;OK;1301;22;6095;LOCAL_VALHALLA_MATRIX;6aad16093838c99304749cadca6f35a50d53f040e7e107e06a3884c9b55396e7;639aa317fafe8ca1534b1d093b5b5ab7e9227cb44c50c8004075cd43c6db2f26;2026-09-28T19:47:05.797752+00:00;false
LOC-0093;LOC-0002;BICYCLE;2026-08-17T07:00:00+03:00;OK;1744;30;8194;LOCAL_VALHALLA_MATRIX;1434152196baf73a7b88455a9e57393d2e091ce360ac2d016c1a617d7de58871;54c005583265e598e96095bff919179c238024dcdb06f9d42486c1fa63c05e73;2026-09-28T19:47:05.797752+00:00;false
LOC-0093;LOC-0008;BICYCLE;2026-08-17T07:00:00+03:00;OK;782;14;3593;LOCAL_VALHALLA_MATRIX;430190a50d3fe722e66e61317ba4eaf6c7c55f002d14e2b98c0f9fd12ca10bd1;b4fdd79cfe43281420da8db166ddf10256e737a152a0430700c45affef4369c7;2026-09-28T19:47:05.797752+00:00;false
LOC-0093;LOC-0009;BICYCLE;2026-08-17T07:00:00+03:00;OK;3093;52;14326;LOCAL_VALHALLA_MATRIX;33a62c64da0b2314b5cabc0dac4d898d34b5e69dbba771d91618777222bdbdfe;a74cb062a8bb0d2574111919c032a2c125ebad8eb2b196f9cda93fe0316aeedc;2026-09-28T19:47:05.797752+00:00;false
LOC-0093;LOC-0010;BICYCLE;2026-08-17T07:00:00+03:00;OK;629;11;2818;LOCAL_VALHALLA_MATRIX;045902040877e881941e0f958b3bbca93224ab79f3029c865d301bd9f9fa0033;7b6f9d3bc0a7fa6d77aebe1dd98cbce15bd96cc6ef4083c38441694c5ff4de16;2026-09-28T19:47:05.797752+00:00;false
LOC-0093;LOC-0011;BICYCLE;2026-08-17T07:00:00+03:00;OK;652;11;2952;LOCAL_VALHALLA_MATRIX;937ec8231c4c74601c43153982949ef7ac2104e8686807f7629cb857effee3ec;1dda249d4bc84cdeac5b97a13a12bafafae058fd60280bda0b9989b5b8f147e7;2026-09-28T19:47:05.797752+00:00;false
LOC-0093;LOC-0012;BICYCLE;2026-08-17T07:00:00+03:00;OK;529;9;2351;LOCAL_VALHALLA_MATRIX;56af629db0de4f143d24cf9c3bed3f63cc1282df62aa0e668fed7a4db94d6846;a3ca2727d401cc6685d83b776fa8497804a0f8b53b13cb3b2d47b4cb6a6b6420;2026-09-28T19:47:05.797752+00:00;false
LOC-0093;LOC-0013;BICYCLE;2026-08-17T07:00:00+03:00;OK;2081;35;9854;LOCAL_VALHALLA_MATRIX;ac2da7ae1492b877f70573f547668a512e29be56919fe3cc28490f8e1dd92480;71886673f5914f8c141cb10ac7b10bede475817b4856784dc5416b073ed76065;2026-09-28T19:47:05.797752+00:00;false
LOC-0093;LOC-0016;BICYCLE;2026-08-17T07:00:00+03:00;OK;2473;42;11842;LOCAL_VALHALLA_MATRIX;534bdbb768dfec1cc56ddbfd0f2872eb34280601ffa43c1486582c1cf2031f01;093316d64e834d3762e27f6217e75b0b3509b63940ee1ee1f4e9a53fec03873d;2026-09-28T19:47:05.797752+00:00;false
LOC-0093;LOC-0017;BICYCLE;2026-08-17T07:00:00+03:00;OK;1372;23;6324;LOCAL_VALHALLA_MATRIX;31702076ec7072dc6fba5f7c5bd9a7b0a85de8f422ed466d4fe06b256ad10e2b;18a2a121b4f9c0c3cc8146f9123f42f84f2d47c21ca869606f71eeb19d75ef6b;2026-09-28T19:47:05.797752+00:00;false
LOC-0093;LOC-0018;BICYCLE;2026-08-17T07:00:00+03:00;OK;1333;23;6132;LOCAL_VALHALLA_MATRIX;138fe54c411f53724e5191b50be6ab6e4dcf5b02cd49b3d73d9a937d353cf0e5;03e0e8b682b79ad97e82da686cec097fc30a7bb53f309032e9999a4a935e286a;2026-09-28T19:47:05.797752+00:00;false
LOC-0093;LOC-0019;BICYCLE;2026-08-17T07:00:00+03:00;OK;765;13;3456;LOCAL_VALHALLA_MATRIX;22788bc63a65ff7185316b2b0203cde1d5bb734495e012a5dfaa3d75e2e33f7f;6f520166242e8717d8765ae95704d16ce0e2dbf035ecda82c91cdc6c886a6acd;2026-09-28T19:47:05.797752+00:00;false
LOC-0093;LOC-0020;BICYCLE;2026-08-17T07:00:00+03:00;OK;438;8;1901;LOCAL_VALHALLA_MATRIX;850bcc76c70f224cb5caf077b5b102e5d9269f86819c82b6122074423f1e851a;81555af5010dafe249cee515a7e9462ecb09525a4373f05907421d4846b9d591;2026-09-28T19:47:05.797752+00:00;false
LOC-0093;LOC-0023;BICYCLE;2026-08-17T07:00:00+03:00;OK;971;17;4412;LOCAL_VALHALLA_MATRIX;971bff364ede5fe639c89757ff8772bb21fa8219c025b72ba9470180f78a556b;de1c60529f75a16b92efae43539538f2946b7724403e155ecb941a6df751a051;2026-09-28T19:47:05.797752+00:00;false
LOC-0093;LOC-0027;BICYCLE;2026-08-17T07:00:00+03:00;OK;1176;20;5518;LOCAL_VALHALLA_MATRIX;4bd9f351567f4c6cfde93ffe3228bc3aebe5025ccfd701f8589fece453634d1a;d398eeb46f5baa4b2539613cf8c77c2471f4b3d414242ab4af819c955f5b5e01;2026-09-28T19:47:05.797752+00:00;false
LOC-0093;LOC-0028;BICYCLE;2026-08-17T07:00:00+03:00;OK;2057;35;9642;LOCAL_VALHALLA_MATRIX;c0a03896c382087ece29d29fd066c0492ac0c404b5305c0c29e1564a64bafcce;c458118e75291702b83c2e753869bf406c1e7499be55c0c827f0d7dee630f612;2026-09-28T19:47:05.797752+00:00;false
LOC-0093;LOC-0029;BICYCLE;2026-08-17T07:00:00+03:00;OK;1982;34;9265;LOCAL_VALHALLA_MATRIX;4b2f5f5a89557e778ea718524e4ecef21bb1c00193fdbcb0548991d07420057e;c529c0cbe7c6ade3c6e91803a865e57222941afe076f7a600e985afb769c8dc2;2026-09-28T19:47:05.797752+00:00;false
LOC-0093;LOC-0037;BICYCLE;2026-08-17T07:00:00+03:00;OK;1285;22;6019;LOCAL_VALHALLA_MATRIX;f6e035abdb219bf621139034f548913bdd98952c4c7c81be4ed720d40648beaf;1ebaf562658c5594a7c9defacf02a9f10f71324ce20b663a64ffe5976dd5ae2e;2026-09-28T19:47:05.797752+00:00;false
LOC-0093;LOC-0045;BICYCLE;2026-08-17T07:00:00+03:00;OK;1601;27;7594;LOCAL_VALHALLA_MATRIX;05e96c2ff8d955346e5354201cc465c7b5ede746479af7330b2ff32254cc115d;9b4288a7bccd55279de28d65297355a70dddfd8e4a1efff282872e0eee6bd713;2026-09-28T19:47:05.797752+00:00;false
LOC-0093;LOC-0053;BICYCLE;2026-08-17T07:00:00+03:00;OK;2443;41;11729;LOCAL_VALHALLA_MATRIX;e83448f2003428b8abc660e3e4a38f919973b2c5b0596913d269fad1b51459b8;953cb45aff2ae2fd5fd06ffc041aff7072f9c47619c3fccaf73149c60d5bfe97;2026-09-28T19:47:05.797752+00:00;false
LOC-0093;LOC-0054;BICYCLE;2026-08-17T07:00:00+03:00;OK;1192;20;5579;LOCAL_VALHALLA_MATRIX;fe2a7b189b25e684b485c46749ce1a83457013231919448d86e103b4d3089c52;ffa1659121d5a172e3063dcce1ca451100d674c71515aab74434fa56f6630fd6;2026-09-28T19:47:05.797752+00:00;false
LOC-0093;LOC-0061;BICYCLE;2026-08-17T07:00:00+03:00;OK;564;10;2357;LOCAL_VALHALLA_MATRIX;0ebf852f1b25b071f76b19051beee48aa4a2fdd1c6281ea695b20102f4ed352e;81b0130a9755f3dea9b5ba17d4a599957bb07e76915a7aff2bee6a492c68948f;2026-09-28T19:47:05.797752+00:00;false
LOC-0093;LOC-0063;BICYCLE;2026-08-17T07:00:00+03:00;OK;2095;35;9862;LOCAL_VALHALLA_MATRIX;6c5f12ae0ae3758d45d685def50fb6ca6c40d0bf52999dc4c0514fcd0b2c1cd3;3707f7b9d79222e9504c6b4d67afcbb1b2e805d63f5ddd5603e504c048bc885a;2026-09-28T19:47:05.797752+00:00;false
LOC-0093;LOC-0064;BICYCLE;2026-08-17T07:00:00+03:00;OK;1936;33;9165;LOCAL_VALHALLA_MATRIX;d6138e5ec428455c3bc2d719c4749222d52de0d11ce0861de841f3486219db3f;a63c39084bf50b0fd2cb471a25348b03764f16fdfbd150bfa7c0965188a0ebc8;2026-09-28T19:47:05.797752+00:00;false
LOC-0093;LOC-0074;BICYCLE;2026-08-17T07:00:00+03:00;OK;1014;17;4680;LOCAL_VALHALLA_MATRIX;91fcff7525fec8943b424b449e90a9f623f51bf5eeaa94c89e84ca1fb1587aab;0ea9a9a34d96073d3ec28fac559757021c2ca98b93cea925617e0a18ed2db8dc;2026-09-28T19:47:05.797752+00:00;false
LOC-0093;LOC-0075;BICYCLE;2026-08-17T07:00:00+03:00;OK;1214;21;5493;LOCAL_VALHALLA_MATRIX;00e316397e5cadf1fc59ca48e54a2950cb27c488dd6db5efa8f5cb54de1e815b;01782e60f60969a633d1a976ccf7b6bcb62ce5deb161023f87fd169983a55983;2026-09-28T19:47:05.797752+00:00;false
LOC-0093;LOC-0076;BICYCLE;2026-08-17T07:00:00+03:00;OK;2500;42;11875;LOCAL_VALHALLA_MATRIX;d32bbf4d738c147ebe0cbe5748488e464e043bd751c48d7a14c22ce441a17bad;1f062838cbedb978bcbc24797523c2a9806c52c2656b34a0fdcbd1e265daf683;2026-09-28T19:47:05.797752+00:00;false
LOC-0093;LOC-0078;BICYCLE;2026-08-17T07:00:00+03:00;OK;1717;29;8134;LOCAL_VALHALLA_MATRIX;36c4d7638f796bf07d5ea5273ce119ef2195ffba87f3dfc38f96250d9f7fc060;db6c138ddc61b670f144ad523bf58e9ebb2c64993ac3778efaec1d9ea06da7a2;2026-09-28T19:47:05.797752+00:00;false
LOC-0093;LOC-0080;BICYCLE;2026-08-17T07:00:00+03:00;OK;1085;19;4909;LOCAL_VALHALLA_MATRIX;cef9f6901030b3c746b36f60bc12d95a3149f5a758549d3d3fe82bbf482b1e8e;eab1e322c9c7a22f13d437dfd340c3c165190e126767d4a7b3e79a72e5cd809c;2026-09-28T19:47:05.797752+00:00;false
LOC-0093;LOC-0082;BICYCLE;2026-08-17T07:00:00+03:00;OK;1937;33;9215;LOCAL_VALHALLA_MATRIX;316d9e561a4aef80a4af9a4718a6527871d2e158617d19465bf9ae9edcd10e27;81ec7c9387e66842c7a9c37ebf991f5b28e4a4a7c6beef4087822f4f440929b3;2026-09-28T19:47:05.797752+00:00;false
LOC-0093;LOC-0085;BICYCLE;2026-08-17T07:00:00+03:00;OK;1916;32;9031;LOCAL_VALHALLA_MATRIX;7b7bfab053ca1b4fceb91f197a3a2d6fefc1afdccded301c1f9ca83d0326f514;b84bee01c4b44c6a47d66b39fb04439cdca36b34c68e93c1d7473d651db3e4c3;2026-09-28T19:47:05.797752+00:00;false
LOC-0093;LOC-0086;BICYCLE;2026-08-17T07:00:00+03:00;OK;1962;33;9095;LOCAL_VALHALLA_MATRIX;19c6654b5785bc2bf9b374701eacd70605640ace1e58a5f6039b8ac19702f37e;368f60682f876ee535cfc66906140166fd9b7eb0a3a525a514bbb727a5eab977;2026-09-28T19:47:05.797752+00:00;false
LOC-0093;LOC-0091;BICYCLE;2026-08-17T07:00:00+03:00;OK;296;5;1251;LOCAL_VALHALLA_MATRIX;d5c3ef1196b185b4bba73e5d991b35461bc4f3b4c51f590849c06b967c407f50;33a52f3a94a319660b14ab438bc77fcd262e57b7762a69e86a87130f7837bb72;2026-09-28T19:47:05.797752+00:00;false
LOC-0093;LOC-0092;BICYCLE;2026-08-17T07:00:00+03:00;OK;108;2;337;LOCAL_VALHALLA_MATRIX;b3bc8abcad45687b3a8e521f1b3a9d6d8267a6f5ee246a77a04d4b5e9ce0c0f5;475db5cc9de8178957ac3c4a5c02784990c01b41e04d422c6122e561e00d5d78;2026-09-28T19:47:05.797752+00:00;false
LOC-0093;LOC-0093;BICYCLE;2026-08-17T07:00:00+03:00;OK;0;0;0;LOCAL_VALHALLA_MATRIX;8ca6805a581d0d2eec835fa8760caec8502678795b5fab99d6c4fdd438d67c27;3d5812abc84c11768aa73a732c85d75dbed439188f5bb3239e9b762ea31d9862;2026-09-28T19:47:05.797752+00:00;false
LOC-0093;LOC-0094;BICYCLE;2026-08-17T07:00:00+03:00;OK;2075;35;9781;LOCAL_VALHALLA_MATRIX;85bba228b89133040855979dd867340c8c32d3b8c99ce42b97849f1cd3c8a676;d479c1add2781fdf75df74cf6d2a2a39bd37af96f5f047746fd0d952a9545d38;2026-09-28T19:47:05.797752+00:00;false
LOC-0093;LOC-0095;BICYCLE;2026-08-17T07:00:00+03:00;OK;2254;38;10599;LOCAL_VALHALLA_MATRIX;4a4e8d0505019c67eefced0d845fbb830cca50417fd80d81b423f5f88ef900ca;da32cf244a3821fda47d2bb05f81af6a428429c2726b0364d7465bd8372fa1a6;2026-09-28T19:47:05.797752+00:00;false
LOC-0093;LOC-0102;BICYCLE;2026-08-17T07:00:00+03:00;OK;2097;35;9983;LOCAL_VALHALLA_MATRIX;a03934632bfe20b5258b8e5eb6c27a22e4f42ec59f99713c19e1753cfa900e83;8975d8e482c1ed4537298e2f411eb296b63a5f900fed713be34a75cf64f59069;2026-09-28T19:47:05.797752+00:00;false
LOC-0093;LOC-0112;BICYCLE;2026-08-17T07:00:00+03:00;OK;583;10;2629;LOCAL_VALHALLA_MATRIX;b93bbe8d907fcb381e2b4e3be1fbb26f847dda0354b5334083bea3e14a743f55;7e3d2a92cf1572a236bc076da6a6421e10a868298f88e0fe875dc4ac19b2479c;2026-09-28T19:47:05.797752+00:00;false
LOC-0093;LOC-0124;BICYCLE;2026-08-17T07:00:00+03:00;OK;2914;49;13661;LOCAL_VALHALLA_MATRIX;2b67ee48686c5c03b7350ec1e467c0dad18895bf94049ab54041f17cf33d08ae;3f446f0f7ed1d4f7021eef0ca71ec9ebcd11d143293097579012e270f4f50f07;2026-09-28T19:47:05.797752+00:00;false
LOC-0093;LOC-0125;BICYCLE;2026-08-17T07:00:00+03:00;OK;1168;20;5295;LOCAL_VALHALLA_MATRIX;403114f0ef4fd8187ff3585b67f4cd9873342df017cdb415e72d53539fbf7091;81aa90ffba7eade4885ea03e1745b5c49376c8bb12ef6c0469bbcd51b184b94c;2026-09-28T19:47:05.797752+00:00;false
LOC-0093;LOC-0126;BICYCLE;2026-08-17T07:00:00+03:00;OK;929;16;4264;LOCAL_VALHALLA_MATRIX;07da10ed043933b7683fce762e66a9e6dacd0bea9ba7f5b2253844e67e73038f;b28b3f14675c590949578001f8d1914501f5c5887dea49bc71713dd6d87cf65a;2026-09-28T19:47:05.797752+00:00;false
LOC-0093;LOC-0128;BICYCLE;2026-08-17T07:00:00+03:00;OK;1361;23;6345;LOCAL_VALHALLA_MATRIX;a9b2d659962dbb7469f0010cb6c8e4710a8976e73ad53aae786a09ad27e5dde2;7d9e18a16b49697593f0180939788cc3950dedb568c5561231dacdd527e9aeca;2026-09-28T19:47:05.797752+00:00;false
LOC-0093;LOC-0134;BICYCLE;2026-08-17T07:00:00+03:00;OK;1774;30;8339;LOCAL_VALHALLA_MATRIX;906aa87e18fc59d23dfd9119fbf92e892654692e19feaab88ca5b117a3564b92;29097d1bc9f91ff7d118095b54c50d5d79207a553adf5b688ef41cf8fa6daf8a;2026-09-28T19:47:05.797752+00:00;false
LOC-0093;LOC-0135;BICYCLE;2026-08-17T07:00:00+03:00;OK;1846;31;8685;LOCAL_VALHALLA_MATRIX;6a4fdc7d671a52fedce48021a84e380dd8a680eede3dc584bc2621dfd1b43251;2353666606d41957cc7d7940d12638c0a8b6780baa11da5a61fed30da3004cb1;2026-09-28T19:47:05.797752+00:00;false
LOC-0093;LOC-0136;BICYCLE;2026-08-17T07:00:00+03:00;OK;1851;31;8721;LOCAL_VALHALLA_MATRIX;79cae4ccc326173ae8ee92169c70c2455a3637f9fb15bbc782a6fda2240d598c;998277150912f01bb92af9a9088d610f2ee6bae27cdee8650cf6d43f3dbc9ad0;2026-09-28T19:47:05.797752+00:00;false
LOC-0093;LOC-0140;BICYCLE;2026-08-17T07:00:00+03:00;OK;2173;37;10405;LOCAL_VALHALLA_MATRIX;3c8be77fdc0716c42cc19cc056b388c2bccf68024987f332c8f5efc4aa569791;90e38b931d38193b924d9b05cb8413617bf1909751d9a318de3976c806a4fbbf;2026-09-28T19:47:05.797752+00:00;false
LOC-0093;LOC-0141;BICYCLE;2026-08-17T07:00:00+03:00;OK;2488;42;11489;LOCAL_VALHALLA_MATRIX;dec013924159c6ba6706cd977b0b0a05181ec9d6e1110b1f212a190e620af946;c4d8a5a9e6576e2cf9ba131e0afde539b83e491484d00a69745534a0d589d75c;2026-09-28T19:47:05.797752+00:00;false
LOC-0093;LOC-0142;BICYCLE;2026-08-17T07:00:00+03:00;OK;2439;41;11264;LOCAL_VALHALLA_MATRIX;db2d63d6239b1f1d6bba3014e15210323ff0bb9b1d865c2d5001039e6d1bc69a;7d42d05281ecc29edd87e40164ff93270ba07269051a8c8998d3664e15b95f52;2026-09-28T19:47:05.797752+00:00;false
LOC-0093;LOC-0145;BICYCLE;2026-08-17T07:00:00+03:00;OK;418;7;1793;LOCAL_VALHALLA_MATRIX;1fb30303b65f032f04aaaf6ba82896fe6d9ef9177ae3d510baf23ab4bd3fdfeb;bd601e4812e85f9e122c79994a4695ae0135485dc749c5855a3636a44cfe06cd;2026-09-28T19:47:05.797752+00:00;false
LOC-0093;LOC-0148;BICYCLE;2026-08-17T07:00:00+03:00;OK;1250;21;5713;LOCAL_VALHALLA_MATRIX;ec38bf5145e96bcdc947be65a6fe3143173ebc529794abedfedcc0c4eb919023;6df8f102d77f7415db16e384abaf7c532f5d39a3aa807e36448b5f47d90b45f4;2026-09-28T19:47:05.797752+00:00;false
LOC-0093;LOC-0149;BICYCLE;2026-08-17T07:00:00+03:00;OK;1122;19;5198;LOCAL_VALHALLA_MATRIX;0740e5e387e83b95b6e36e69d0bf5ecb0c07213cc0335656fd02a339d541b06b;ef057bdafc95179393d5f2d7cc7748dc86a03226f379bc8c0f17d1256bf3874a;2026-09-28T19:47:05.797752+00:00;false
LOC-0093;LOC-0150;BICYCLE;2026-08-17T07:00:00+03:00;OK;1086;19;5013;LOCAL_VALHALLA_MATRIX;fabb4806045d4ddaa6c7c6d79030aa3acd49610fb632e74d85e615567afe900b;67b42bab984077033e775b91e0f82d9ff4a63ebffccc086a8ffbf2bd9d658b90;2026-09-28T19:47:05.797752+00:00;false
LOC-0093;LOC-0151;BICYCLE;2026-08-17T07:00:00+03:00;OK;1338;23;6118;LOCAL_VALHALLA_MATRIX;65fc08cb1ff0febe208f6d8a56a2cb70fc9cb53ec6baacd6ffb5483166f9de62;085994e3c3f5e7bc7e76677888736ef0740e33862eac3bdeb99577776dd48db7;2026-09-28T19:47:05.797752+00:00;false
LOC-0093;LOC-0152;BICYCLE;2026-08-17T07:00:00+03:00;OK;1339;23;6110;LOCAL_VALHALLA_MATRIX;06b8eeb68d014bf5e7d94fce7262d269fb05dfea8d37bb4a48ba7e8b0c1baa2e;b53e5fb33e07d28353147da283b980821a207c1f13e22d9c20c4dcdfdc9553a0;2026-09-28T19:47:05.797752+00:00;false
LOC-0093;LOC-0190;BICYCLE;2026-08-17T07:00:00+03:00;OK;792;14;3592;LOCAL_VALHALLA_MATRIX;49144eba4ec2d11945cceb8a475259bb02941b71de2fcffa7057e22e39730052;2b7815e9c4da4acd61bf2beaec863be267ac0f6e748d8f8fb4c7eb353c4bf2c9;2026-09-28T19:47:05.797752+00:00;false
LOC-0093;LOC-0196;BICYCLE;2026-08-17T07:00:00+03:00;OK;1328;23;6080;LOCAL_VALHALLA_MATRIX;d7e746b3d3d4d47450aa16532b22f400b76e089910f39a75f585c05528bfcca6;b556ebd0520f2c529853610b1131dfd3064c4fab859404a0885a79c748eb9929;2026-09-28T19:47:05.797752+00:00;false
LOC-0094;LOC-0002;BICYCLE;2026-08-17T07:00:00+03:00;OK;496;9;2279;LOCAL_VALHALLA_MATRIX;f9365f8dfad4a30ae61a11a27a3f786e46500ec471f2e8d5e78eddf824592c1f;80aa690cafe9830211ee89071a053a1b4bc7f12037da6fb0867f42fac23b92b1;2026-09-28T19:47:05.797752+00:00;false
LOC-0094;LOC-0008;BICYCLE;2026-08-17T07:00:00+03:00;OK;2064;35;9835;LOCAL_VALHALLA_MATRIX;10c8274b5b065e211605ad49a5e5df66ab4cf5125051b71ffad1f79d73c3380b;b6b4b08d2404a006900a5a7fc48ca62326e406245fe5b000b77ab7029b88a8c5;2026-09-28T19:47:05.797752+00:00;false
LOC-0094;LOC-0009;BICYCLE;2026-08-17T07:00:00+03:00;OK;3241;55;15496;LOCAL_VALHALLA_MATRIX;4a890e9430042adbb3ba107796132938b9857d6a83f60cf73073e2491092c101;a96e02af7f9a82521206f821e4cc1bbd18860b5c00d1f221f6437bcf1a4fca1a;2026-09-28T19:47:05.797752+00:00;false
LOC-0094;LOC-0010;BICYCLE;2026-08-17T07:00:00+03:00;OK;2102;36;9970;LOCAL_VALHALLA_MATRIX;609cb9e271275db81f32112203972f696c4a8dcac487a498e0889c4e785979cb;b2f100acd2c5b718f094bf0de03f1a50e11b56d213bb6216d0996c8d7405abdb;2026-09-28T19:47:05.797752+00:00;false
LOC-0094;LOC-0011;BICYCLE;2026-08-17T07:00:00+03:00;OK;1925;33;9155;LOCAL_VALHALLA_MATRIX;6b6f53a0ccd684e0d6b1cc471792cab6d57c00ca5f6a4c1fccf8ff8daff4dc3d;2389061f0ad060695a2b10339ced71bc5c44f40500a7df3e50f14f8c9d99dc49;2026-09-28T19:47:05.797752+00:00;false
LOC-0094;LOC-0012;BICYCLE;2026-08-17T07:00:00+03:00;OK;1763;30;8392;LOCAL_VALHALLA_MATRIX;f2db647d9ec0cb856be5a75e529bb0109ab95768a7586d59ad12ffe85f2b19ea;8c9d45f45887b9ac52945aa7f46e41792b54884b1e8777c723834fbcb6df0e59;2026-09-28T19:47:05.797752+00:00;false
LOC-0094;LOC-0013;BICYCLE;2026-08-17T07:00:00+03:00;OK;565;10;2599;LOCAL_VALHALLA_MATRIX;2142543b4523f295c80ce311ad1d28666435eca848c1ecccdc4ac00f1f40f8ca;1dd58b400217656b52459b2936560f803f141acb9067b0fe26690add78b7962f;2026-09-28T19:47:05.797752+00:00;false
LOC-0094;LOC-0016;BICYCLE;2026-08-17T07:00:00+03:00;OK;1572;27;7451;LOCAL_VALHALLA_MATRIX;aa0809b4253d6c5e077ce90d36a452cfd3432308cc255b5f691d6a4e94ece638;a058eff9ed13ae617c394eb6b15c53995d4b6b07d29a1b9d3be7035d3bce7d7a;2026-09-28T19:47:05.797752+00:00;false
LOC-0094;LOC-0017;BICYCLE;2026-08-17T07:00:00+03:00;OK;2769;47;13291;LOCAL_VALHALLA_MATRIX;73728958e2686fddbd8c49ad8bef982df893af0de5e3d3bae754acae398039a3;2662a9371d0c61cdc2629ce6e80a67fdc3d666bfa94f17bde199c72192177331;2026-09-28T19:47:05.797752+00:00;false
LOC-0094;LOC-0018;BICYCLE;2026-08-17T07:00:00+03:00;OK;2568;43;12200;LOCAL_VALHALLA_MATRIX;ffa420e7ba79fd7b1fb5cac8d428474a8b361ad84bdc0e1e4f03edac6e370a37;67bbae4be7de03e5d2bfd641988c0c1c7db48b4d87f3b0aaea0f5e1cf68a8a55;2026-09-28T19:47:05.797752+00:00;false
LOC-0094;LOC-0019;BICYCLE;2026-08-17T07:00:00+03:00;OK;2143;36;10230;LOCAL_VALHALLA_MATRIX;6f833c2eddbb05bb6098e4bb8b25f117ccc279550bad75876c824393b403a2d3;62f6522ba6b679e2fb64e7d90bfc0d25847423e78e7e33f7db42fa7f7add21e1;2026-09-28T19:47:05.797752+00:00;false
LOC-0094;LOC-0020;BICYCLE;2026-08-17T07:00:00+03:00;OK;2401;41;11417;LOCAL_VALHALLA_MATRIX;58ff246ff86a15b95220ddaaafee07533b17166237430d9dd5e23b2266277aaa;2c38fd9a88d9b4375e2f950ffdf09cffa77dc791b77c928e04c7d20c7947ce61;2026-09-28T19:47:05.797752+00:00;false
LOC-0094;LOC-0023;BICYCLE;2026-08-17T07:00:00+03:00;OK;2331;39;11142;LOCAL_VALHALLA_MATRIX;d3dafbd536b6d8d121bcfc29d0bb0c6f049848dca0f7bb8d82171a7132ec371d;e8b833b360720882585c083cb9c78e5be8bbb697685d3821bb1769c984ea9fd2;2026-09-28T19:47:05.797752+00:00;false
LOC-0094;LOC-0027;BICYCLE;2026-08-17T07:00:00+03:00;OK;2096;35;9616;LOCAL_VALHALLA_MATRIX;07c94fd69728b37b6bed1eb51b92da96adf88f993f4937e36ad5e1897697a4bb;fcb5665e18235fb91456a973928c2be1332a8a61b7aaba2fb04e8ce3a18c8a83;2026-09-28T19:47:05.797752+00:00;false
LOC-0094;LOC-0028;BICYCLE;2026-08-17T07:00:00+03:00;OK;1885;32;9110;LOCAL_VALHALLA_MATRIX;11f48ef05ba37351aa69c3174f5524ed816be51471796a86b5672a895a87c458;4d70a3143fe672a02f7584ccd6bc92e61f9eacc51016d6f03060029a3c45ddd8;2026-09-28T19:47:05.797752+00:00;false
LOC-0094;LOC-0029;BICYCLE;2026-08-17T07:00:00+03:00;OK;1811;31;8733;LOCAL_VALHALLA_MATRIX;bc0cfab16adae276bed2468a21d186e63599b5c24b3ba8712de58236b9d727ac;5f654906d557d010f35fb992ed6401ba420ebdf0e4318d434994b8ca3a25bc70;2026-09-28T19:47:05.797752+00:00;false
LOC-0094;LOC-0037;BICYCLE;2026-08-17T07:00:00+03:00;OK;892;15;4125;LOCAL_VALHALLA_MATRIX;a58e4e1d7fab0aea8e8d135e814e05415b1a2a05891424e021106d1d14e41392;579bdea72d2bd9cf1bfe2b302abd773eff4614c804314caf40084ccba60c56a2;2026-09-28T19:47:05.797752+00:00;false
LOC-0094;LOC-0045;BICYCLE;2026-08-17T07:00:00+03:00;OK;2128;36;10237;LOCAL_VALHALLA_MATRIX;bf528a92289714341a15378bbd510e11ef07cb9345e8d0f50a42652c5d4d82b9;99fc5c2c743660a388378c95012036b6bdbbe3d110cffdebb82adf427a9df47e;2026-09-28T19:47:05.797752+00:00;false
LOC-0094;LOC-0053;BICYCLE;2026-08-17T07:00:00+03:00;OK;1541;26;7338;LOCAL_VALHALLA_MATRIX;48f3d4594284d7f7dc82aac489cbfe9eaa53c75f5ffde557f5bdbd139befb310;3361a88591f5306ca9a3989d9f67663ee19ac75d4337e0306e96a4c645fa0b94;2026-09-28T19:47:05.797752+00:00;false
LOC-0094;LOC-0054;BICYCLE;2026-08-17T07:00:00+03:00;OK;1102;19;5129;LOCAL_VALHALLA_MATRIX;ce352545d4d32814e4cdcd4bfa902e18eef49f1ace9b66dee098276047c5b32f;6e9d555d4a8da4ceee23e625120b5b723c4ee0486b1f8633adf4b868b07224a1;2026-09-28T19:47:05.797752+00:00;false
LOC-0094;LOC-0061;BICYCLE;2026-08-17T07:00:00+03:00;OK;1801;31;8398;LOCAL_VALHALLA_MATRIX;85ff0752a8cf34d9e6cb7ac4259ffe6b8bd775241eca2c02dbfcc7a87971f2ba;89c6e2e9f7d535896f9793ca16832ed7f60c628e3555e82579bcd28456baf118;2026-09-28T19:47:05.797752+00:00;false
LOC-0094;LOC-0063;BICYCLE;2026-08-17T07:00:00+03:00;OK;2475;42;11956;LOCAL_VALHALLA_MATRIX;6fb0449aa2bb805ee8455a45835e318418a61a3d3eba5210c6939493307581fe;c340bfbc17d529b69fcc1d914988b2d080fe35eee6ff239c3baf2f3f47c3b8ab;2026-09-28T19:47:05.797752+00:00;false
LOC-0094;LOC-0064;BICYCLE;2026-08-17T07:00:00+03:00;OK;2113;36;10153;LOCAL_VALHALLA_MATRIX;c79b02146821263db18c1f0bdeae050ac797c12d18a68c016bf6b867efb51593;77cf63d09ed7b42caeb032acbbb796eb5086d77982f31ba1425b9dcf0a251107;2026-09-28T19:47:05.797752+00:00;false
LOC-0094;LOC-0074;BICYCLE;2026-08-17T07:00:00+03:00;OK;2285;39;10807;LOCAL_VALHALLA_MATRIX;8d9a15db3ccac580160620e802a9be8be6456670408d87ca913c208c6cd119e6;304e6016d5a24bd1d6b665c8f1b9cdb6cbce759df02020ac81f04b8780718762;2026-09-28T19:47:05.797752+00:00;false
LOC-0094;LOC-0075;BICYCLE;2026-08-17T07:00:00+03:00;OK;2502;42;11960;LOCAL_VALHALLA_MATRIX;b948c57a830dfd6af9769c5f5d45c6cc1040426f62a1bc65ac838f8f4f9362f6;e9c3a88825308391e0328e5fbcab419109f36540865c62edf4aba4e821420f34;2026-09-28T19:47:05.797752+00:00;false
LOC-0094;LOC-0076;BICYCLE;2026-08-17T07:00:00+03:00;OK;1599;27;7484;LOCAL_VALHALLA_MATRIX;a32a4d311a7a3e49e1568e0402f005e06832391cda10a257af964da4ec48801b;ae61473d21fe96ec3f70a9ac32fb82436ce5894d2771d05681809b80336e73ed;2026-09-28T19:47:05.797752+00:00;false
LOC-0094;LOC-0078;BICYCLE;2026-08-17T07:00:00+03:00;OK;1916;32;9172;LOCAL_VALHALLA_MATRIX;a18d8e7270e5f9de196f0ad577bf74464bc3d1841f044b018e5dfdac066c01b7;cb7c452cea2ac052c59f7e2a616e3b7ffeaf1055cef20335bdab121af6317838;2026-09-28T19:47:05.797752+00:00;false
LOC-0094;LOC-0080;BICYCLE;2026-08-17T07:00:00+03:00;OK;2320;39;10977;LOCAL_VALHALLA_MATRIX;fffc1fdceb9b3bdfda4f5782abd35d8136785daf89f104b9332c8568019cc8cc;7b2b3367b1ff70458bef375415b175dad9aedca93ba5df136890dac2b7bd4f33;2026-09-28T19:47:05.797752+00:00;false
LOC-0094;LOC-0082;BICYCLE;2026-08-17T07:00:00+03:00;OK;2112;36;10194;LOCAL_VALHALLA_MATRIX;bc84b14584d582b5c348f98b993393d092caa84e13282904c57361babb9b2db0;d040d67a583f31b37f8029d43055d0dfaf85bae535b19e3b695947971331922b;2026-09-28T19:47:05.797752+00:00;false
LOC-0094;LOC-0085;BICYCLE;2026-08-17T07:00:00+03:00;OK;223;4;993;LOCAL_VALHALLA_MATRIX;e6163e26a87ed3dc644ecb6996dbcd119162a1db994c3e13610faafbe233b014;556bb5c41ab6a5748339e8f48a5118b1fe8804f903684d6b169d71fca3a8ad1c;2026-09-28T19:47:05.797752+00:00;false
LOC-0094;LOC-0086;BICYCLE;2026-08-17T07:00:00+03:00;OK;223;4;852;LOCAL_VALHALLA_MATRIX;7775c9a3fd7de8b920ddaa29fcdfe837c9aef108c6458c8895f53fd6e2cc1db1;77fcff0790e64f74b24c1a528e2ea12f4d71e2b6e4ec855ad91e34b072db6ae3;2026-09-28T19:47:05.797752+00:00;false
LOC-0094;LOC-0091;BICYCLE;2026-08-17T07:00:00+03:00;OK;2056;35;9776;LOCAL_VALHALLA_MATRIX;a17b102d59f6d70483d40ce53602c8bba8efecec082707eae92abc0e89b7c7c6;155c9a2ae77f11c29a9e1deec699b0c1c9e4cdf23959367b3d0ec7c64f25bc27;2026-09-28T19:47:05.797752+00:00;false
LOC-0094;LOC-0092;BICYCLE;2026-08-17T07:00:00+03:00;OK;2088;35;9927;LOCAL_VALHALLA_MATRIX;47eafaac9f50e5df4fac00544953ad96afdcd766ba729e2b4114d5b59c675ac0;3e0b2eaadc4dddabce31f017d2300cf2cb63a3db8cadbbdfcc0a4c6cb0795d44;2026-09-28T19:47:05.797752+00:00;false
LOC-0094;LOC-0093;BICYCLE;2026-08-17T07:00:00+03:00;OK;2123;36;9928;LOCAL_VALHALLA_MATRIX;4f93dfb28e414a14692cb76bdbc3d4780ef470ea8e7d96130e1fb2898cea114e;1549611fcffcd2533a6baec5f2dd91bfde6a5a9c45ffef690d6b41ec269c2f68;2026-09-28T19:47:05.797752+00:00;false
LOC-0094;LOC-0094;BICYCLE;2026-08-17T07:00:00+03:00;OK;0;0;0;LOCAL_VALHALLA_MATRIX;f169c24b0d606f2c9dd2ad0a94fd339503d269623611252d8ac5f69acb714830;3d5812abc84c11768aa73a732c85d75dbed439188f5bb3239e9b762ea31d9862;2026-09-28T19:47:05.797752+00:00;false
LOC-0094;LOC-0095;BICYCLE;2026-08-17T07:00:00+03:00;OK;254;5;1180;LOCAL_VALHALLA_MATRIX;322b0ff97fc1f46b6cce1a76f832133300eca01d3a3ec865849f6bba03724a54;0eee062537c07d5dda0b23ef1259ecdf815455c1a53c716ef14933731e9d135c;2026-09-28T19:47:05.797752+00:00;false
LOC-0094;LOC-0102;BICYCLE;2026-08-17T07:00:00+03:00;OK;2274;38;10971;LOCAL_VALHALLA_MATRIX;07a2a93723b5b54954079b2c2bfc37bd0f08dc1fa886ce16fa77d16c3daf050f;efaeef2e4c06ea899607adb4b9b9531488e2b39bf92c4f9ab7be94be25a446c1;2026-09-28T19:47:05.797752+00:00;false
LOC-0094;LOC-0112;BICYCLE;2026-08-17T07:00:00+03:00;OK;1946;33;9305;LOCAL_VALHALLA_MATRIX;4f455bf67c35ca7c95a51151bd68a4adcefcca7b1ccbf27a292ad530304bc1ad;827a4ab1ea4ebbc46daf9b356e95fdc99ce549465d0df4a8fa6711eef3c088d8;2026-09-28T19:47:05.797752+00:00;false
LOC-0094;LOC-0124;BICYCLE;2026-08-17T07:00:00+03:00;OK;3105;52;14837;LOCAL_VALHALLA_MATRIX;44d2ef60a92ff55d8e7379ea2bdfe13560b5bd05ad4c4034a8ce6e267bab62ae;d78bca9a4bf68c8599ea8e422f97e8828f05c14ae5588454a54d7b8e894580b7;2026-09-28T19:47:05.797752+00:00;false
LOC-0094;LOC-0125;BICYCLE;2026-08-17T07:00:00+03:00;OK;2570;43;12146;LOCAL_VALHALLA_MATRIX;0bb3d821816dfe782fd7fd19636e1e8d209281f8042f1a42139ff027e7c7896b;e1f36116527d2097093fe3cdfe33995061eb4b7995f7692fe5b0c5df29efba81;2026-09-28T19:47:05.797752+00:00;false
LOC-0094;LOC-0126;BICYCLE;2026-08-17T07:00:00+03:00;OK;1934;33;9143;LOCAL_VALHALLA_MATRIX;ad701341dfd3242512ea979389f4e379227516f387b57690b68a26149e888e1f;6e592ac9c0d213337fc4a7731673d747a1b205a9ca92ab07b78ba4573b9d360a;2026-09-28T19:47:05.797752+00:00;false
LOC-0094;LOC-0128;BICYCLE;2026-08-17T07:00:00+03:00;OK;938;16;4312;LOCAL_VALHALLA_MATRIX;a7703f6273b3df739679aaec223be9f57b235b2b5a5e6d7964785a0a49ca7a96;90686a713472b6c4d12887ed7163b60587a4168e1787bfdc3fde9013af164174;2026-09-28T19:47:05.797752+00:00;false
LOC-0094;LOC-0134;BICYCLE;2026-08-17T07:00:00+03:00;OK;380;7;1745;LOCAL_VALHALLA_MATRIX;073550412651ef79530f799d6601d45bd826565c0c37675e8b0e76ac6f091c87;b4a5f54c5528ce245e2b0ef4193c3ffc82b71344de744e92561441cf7fab9f94;2026-09-28T19:47:05.797752+00:00;false
LOC-0094;LOC-0135;BICYCLE;2026-08-17T07:00:00+03:00;OK;446;8;2046;LOCAL_VALHALLA_MATRIX;28b6017d24b2a5d05b9a23f646dffc518717df14e7eaf15d2c141c496f26843b;3f73240e280a0d78ef1fdb11e4d0acb65913995db75bf17e698c2c6d409d28f8;2026-09-28T19:47:05.797752+00:00;false
LOC-0094;LOC-0136;BICYCLE;2026-08-17T07:00:00+03:00;OK;426;8;1977;LOCAL_VALHALLA_MATRIX;998bbe83be10aa2da163c99274a4cb1c8f1f0c94f18ba4c3338d4c92a0bcd04e;8d875f3965de191ed0e2428f3aae0842aa4114ccd3a3cc18a5bc42d0a7fe7e6a;2026-09-28T19:47:05.797752+00:00;false
LOC-0094;LOC-0140;BICYCLE;2026-08-17T07:00:00+03:00;OK;1272;22;6014;LOCAL_VALHALLA_MATRIX;d274380b9d187fc05bfda9619951ff0c4bbea36ceb6d34d41bbb4bc99dee29aa;2a0a36d0a9e0f61eff843a243a884bafef1a38a24db487e52716557fa45f61a9;2026-09-28T19:47:05.797752+00:00;false
LOC-0094;LOC-0141;BICYCLE;2026-08-17T07:00:00+03:00;OK;3296;55;15628;LOCAL_VALHALLA_MATRIX;87c62e8c5e67e9a83f323f58d7c20d246d2e812d6a7cef500fdc23fadfd89423;cc110409a632a35f5853ec4a535e81a0a7b34e8135c315710ab079a146edb5f6;2026-09-28T19:47:05.797752+00:00;false
LOC-0094;LOC-0142;BICYCLE;2026-08-17T07:00:00+03:00;OK;3388;57;16065;LOCAL_VALHALLA_MATRIX;c6f355cd148cfbfe17f87e4d02368171c3ecdf55771b7cbce440a2e6a64d2dba;fea78b6a96c8fb73080e494ed4d64375edb8579e80094090bdf98479e5da95d6;2026-09-28T19:47:05.797752+00:00;false
LOC-0094;LOC-0145;BICYCLE;2026-08-17T07:00:00+03:00;OK;2374;40;11271;LOCAL_VALHALLA_MATRIX;dc2235d46bce6afa5c4e75df135670c6209f8ad82d3ec3d94a7b291238fe1ab9;685c844ab5634c2d9e1ca7575e19a165a2d11b01d6b14d01411e856e1304c483;2026-09-28T19:47:05.797752+00:00;false
LOC-0094;LOC-0148;BICYCLE;2026-08-17T07:00:00+03:00;OK;2535;43;12184;LOCAL_VALHALLA_MATRIX;139f9ce32b906231877fe7e161444ca94c147955d75cedfc95e44ca80d71d239;3b2730e13f6ea011b6e3da2505a7673d95f0d539f5725a613cadc595c9c4a361;2026-09-28T19:47:05.797752+00:00;false
LOC-0094;LOC-0149;BICYCLE;2026-08-17T07:00:00+03:00;OK;2443;41;11725;LOCAL_VALHALLA_MATRIX;f34e2cd92b09caec349d786e27abe6e2942d24cc22f628e1a723bcdd87c60545;c63f9b9178496566b51423e402f8c63b8d7869c3ef02688a6a80e5ef3d60644e;2026-09-28T19:47:05.797752+00:00;false
LOC-0094;LOC-0150;BICYCLE;2026-08-17T07:00:00+03:00;OK;2408;41;11540;LOCAL_VALHALLA_MATRIX;47b67fc15bd680a080015fedefd8591285d6ef1d0275c65fe1169c593aa3286d;4be60d9a39ddf39d6637cb8a75fdcdaaf6db28e2c49c6396f34fb5d92c107dcf;2026-09-28T19:47:05.797752+00:00;false
LOC-0094;LOC-0151;BICYCLE;2026-08-17T07:00:00+03:00;OK;2623;44;12589;LOCAL_VALHALLA_MATRIX;38f4bb961ec6195c3e9ae2949e83c427607fcef9ee04ce8b07ba91b97551f039;1addd4e7ccddf7a196ece081be0cacde96da9c53b6cdef6bcc2449464f70ce37;2026-09-28T19:47:05.797752+00:00;false
LOC-0094;LOC-0152;BICYCLE;2026-08-17T07:00:00+03:00;OK;2624;44;12581;LOCAL_VALHALLA_MATRIX;ea73ec63ae04f8e90dbaed35090dfde89f4c7ca5c8920a510121d06791fe0d87;19bef4cfcd411aca5ee79ceab2d3355b1ab9aeaf9f208a297ba2582670676b3d;2026-09-28T19:47:05.797752+00:00;false
LOC-0094;LOC-0190;BICYCLE;2026-08-17T07:00:00+03:00;OK;1649;28;7754;LOCAL_VALHALLA_MATRIX;06590d109ffb02962e19915f2b6a7b6665d4903ff3f3ecb605e35cbf8ce2013b;46d64a028d50e5cb82f139d56fa2578375ba7542de3d3f3ca0e7e2d81219491c;2026-09-28T19:47:05.797752+00:00;false
LOC-0094;LOC-0196;BICYCLE;2026-08-17T07:00:00+03:00;OK;2688;45;12810;LOCAL_VALHALLA_MATRIX;50873e6ef70a4e4cc53e3421a7114c3109f35f2e7e41c64b30672fc6e702799b;daced4501c1a220dbea07144b13f3c77e1148b9beb64d89450f8379ec6691fa3;2026-09-28T19:47:05.797752+00:00;false
LOC-0095;LOC-0002;BICYCLE;2026-08-17T07:00:00+03:00;OK;627;11;2946;LOCAL_VALHALLA_MATRIX;eea13effac209f57cffbd2e0de9dfa2aa54b9af537ddeb5de89e8ff3680e6571;c2ff4680e510891b41cb26689c0eb35d7fb5f5ad55de983d946918d87b8dd307;2026-09-28T19:47:05.797752+00:00;false
LOC-0095;LOC-0008;BICYCLE;2026-08-17T07:00:00+03:00;OK;2194;37;10502;LOCAL_VALHALLA_MATRIX;1c3862e8fcb1bb5b276127baa3e277c74b1ba487108727eaf43e05539f31bb71;d39591460d3a709a89f249b4f83c114db80739cc057d09e76725db517bb2ceee;2026-09-28T19:47:05.797752+00:00;false
LOC-0095;LOC-0009;BICYCLE;2026-08-17T07:00:00+03:00;OK;3371;57;16163;LOCAL_VALHALLA_MATRIX;4192fc8afa183b22580062291977362870f36b1b0165507fe386d0c21fca3a2c;55decfc998192c7306ae834e0e9763f54c0aa7d9c949b28138cfcb13b5a51b1f;2026-09-28T19:47:05.797752+00:00;false
LOC-0095;LOC-0010;BICYCLE;2026-08-17T07:00:00+03:00;OK;2233;38;10637;LOCAL_VALHALLA_MATRIX;0c7ee290b0142dd5d20263572c4a195635085aacd0f339a573b5e57e6db1152b;20bee4f74c947819f0e51a09a79a22d6d28263050771da9a60d9ca9841559f30;2026-09-28T19:47:05.797752+00:00;false
LOC-0095;LOC-0011;BICYCLE;2026-08-17T07:00:00+03:00;OK;2055;35;9822;LOCAL_VALHALLA_MATRIX;bcb2e76f0620ebaa359aa393334fca2b564f3b1b4feba82e6b3365315799349d;397921a84a350adc2dd4b9cd624a10df8b8663fbd3611316d921d6edfb0f8d30;2026-09-28T19:47:05.797752+00:00;false
LOC-0095;LOC-0012;BICYCLE;2026-08-17T07:00:00+03:00;OK;1894;32;9059;LOCAL_VALHALLA_MATRIX;9c2b2007c12f2e1751e10e628643bca23abf8e9478433e3ece836814d4a9398b;ffb7c596b039517295728d76ca48d422777da824297f076d115a1a2fe01a2f26;2026-09-28T19:47:05.797752+00:00;false
LOC-0095;LOC-0013;BICYCLE;2026-08-17T07:00:00+03:00;OK;638;11;2993;LOCAL_VALHALLA_MATRIX;510a72066795675530ce3a18817996bd5c9bb8abb272983e9a4f1b8522b46d10;4bbe83a8ddc7161e5be821e909862cab7f85fcd8fd801cbf928098c6dd2172a7;2026-09-28T19:47:05.797752+00:00;false
LOC-0095;LOC-0016;BICYCLE;2026-08-17T07:00:00+03:00;OK;1703;29;8118;LOCAL_VALHALLA_MATRIX;954d9d1a36c99d795ed91b58558ea1f818b87b849b01451f56f59ce8543ccadc;7d405b8f461a6939c8f262a10a4d98645a2f5cf7a8fe8ce79dcafb3fa47a802a;2026-09-28T19:47:05.797752+00:00;false
LOC-0095;LOC-0017;BICYCLE;2026-08-17T07:00:00+03:00;OK;2900;49;13958;LOCAL_VALHALLA_MATRIX;b7ac860b14356f249e5461c1a1108d60aa212e7be117bad97c24458d1dba3765;8514161882eb9d28d379fd124fc1e0dda26004e6e5dee418b7c4cab6a3e066dd;2026-09-28T19:47:05.797752+00:00;false
LOC-0095;LOC-0018;BICYCLE;2026-08-17T07:00:00+03:00;OK;2699;45;12867;LOCAL_VALHALLA_MATRIX;756806509ffaecd6e55543805dd040174512f93f1dfb3e8968af06b33e1e3edc;32bba25fbaa254d92e8a52da433961a3010c4ee62bd7f7af8f4f505d83439517;2026-09-28T19:47:05.797752+00:00;false
LOC-0095;LOC-0019;BICYCLE;2026-08-17T07:00:00+03:00;OK;2274;38;10897;LOCAL_VALHALLA_MATRIX;4976387f276cf2ee5764cbfbae3b86724950ddd2b046771fac04cfbbe23eb02c;158ea98fe93ee1c15dfe042f87956f17c55d4eef88f9f0379aa9ea611203f1e8;2026-09-28T19:47:05.797752+00:00;false
LOC-0095;LOC-0020;BICYCLE;2026-08-17T07:00:00+03:00;OK;2531;43;12084;LOCAL_VALHALLA_MATRIX;e5a722a1a7eb7813624c05076a4de97448584340d50d132e4926e01da79a516b;e202d7b008e1ba3fedc65013253d33d40a38684e8312b61f92fc305fb85984ff;2026-09-28T19:47:05.797752+00:00;false
LOC-0095;LOC-0023;BICYCLE;2026-08-17T07:00:00+03:00;OK;2462;42;11809;LOCAL_VALHALLA_MATRIX;5b9fd700c6b81db20b5e0b1fe56e6ac84b42c31e71dd9089e8104cd80a02a159;8ce901f92607dceb0680d7ba2a3680039f854b340dfb8525e25b9678443c886c;2026-09-28T19:47:05.797752+00:00;false
LOC-0095;LOC-0027;BICYCLE;2026-08-17T07:00:00+03:00;OK;2227;38;10283;LOCAL_VALHALLA_MATRIX;4c13558226ac6dbafa318785b362a5d9c549c1d2254e344a7a09ca45a1b9d1f1;c7b863e19a075326f659baa4973efa19e7d2fd6cfc1802cd1afc5d401717b48a;2026-09-28T19:47:05.797752+00:00;false
LOC-0095;LOC-0028;BICYCLE;2026-08-17T07:00:00+03:00;OK;2016;34;9777;LOCAL_VALHALLA_MATRIX;84a97454d75cce45942382dafe0bb2b666e993bebf29898afe8453a7dbcb0f14;2080ea42e8361950c9239a0e96155004ced35b652fe5745b4ed57a95e9a48e7e;2026-09-28T19:47:05.797752+00:00;false
LOC-0095;LOC-0029;BICYCLE;2026-08-17T07:00:00+03:00;OK;1942;33;9400;LOCAL_VALHALLA_MATRIX;9fffe09f505d07ac4b2d71f7d5586c36e4682923c516f319d2cee0661190cfd3;2aa094a220a0ac9b8143720207d6929b510b04f49d8bdec9dde50025273a2916;2026-09-28T19:47:05.797752+00:00;false
LOC-0095;LOC-0037;BICYCLE;2026-08-17T07:00:00+03:00;OK;1023;18;4792;LOCAL_VALHALLA_MATRIX;44c8fe079580cf508c5c88263962920d27261ed16762837ebbc449a3d248873f;f8a07b48de3937f0e09519e70185cb6636e86972bf1ea64b10f4b11592a1b0b7;2026-09-28T19:47:05.797752+00:00;false
LOC-0095;LOC-0045;BICYCLE;2026-08-17T07:00:00+03:00;OK;2259;38;10904;LOCAL_VALHALLA_MATRIX;e4b11051e4c0fc7186a393be29ef2395dea709d8417ce9aea67672ed17dd1f86;315fd80114ffcf7aa847b6270ce1e1d4651fc661021e1df6d5fdc6c4ca59d265;2026-09-28T19:47:05.797752+00:00;false
LOC-0095;LOC-0053;BICYCLE;2026-08-17T07:00:00+03:00;OK;1672;28;8005;LOCAL_VALHALLA_MATRIX;a1c4643e8f0f9864057547ab0bba70f77817ddcc208fc66fe60eaa695e173a13;e43a4998b8e0e501f25edef4475a0c7e00626e491291c2215a15fa87ba8871dc;2026-09-28T19:47:05.797752+00:00;false
LOC-0095;LOC-0054;BICYCLE;2026-08-17T07:00:00+03:00;OK;1233;21;5796;LOCAL_VALHALLA_MATRIX;f6115d95dd7933404e9144d4f689d303dafe74e86d79f950a88d7a07da7b3d81;0f2de0237c5fb80eb2d2297ddc555641dc7e2bc65a4f890a081ea71c65d78714;2026-09-28T19:47:05.797752+00:00;false
LOC-0095;LOC-0061;BICYCLE;2026-08-17T07:00:00+03:00;OK;1931;33;9065;LOCAL_VALHALLA_MATRIX;7836c36ca10756f7caab35d3f44ead4ed4cd86cc20aadcb0f49f7d2ec1fb9451;d1d9accd419c07fc3096308a4ce534f0415f7c04c0cb4ea42195c31db798a673;2026-09-28T19:47:05.797752+00:00;false
LOC-0095;LOC-0063;BICYCLE;2026-08-17T07:00:00+03:00;OK;2606;44;12623;LOCAL_VALHALLA_MATRIX;c71bb50a4b4ddf4e866762c254810ba2fbdc1646284b208e23b34dd824263712;5379ff179bc2d9a2961cf488092896472f17df55f1f95fe19a0102df31e03838;2026-09-28T19:47:05.797752+00:00;false
LOC-0095;LOC-0064;BICYCLE;2026-08-17T07:00:00+03:00;OK;2243;38;10820;LOCAL_VALHALLA_MATRIX;83413600eb5e22b5e9c9748d7735475af2fcb3895be4c2a06dcdc06aa6628261;87e5151ca49b839091efee76e39f361eaced81278ebdbc0861d3c5dc9061de87;2026-09-28T19:47:05.797752+00:00;false
LOC-0095;LOC-0074;BICYCLE;2026-08-17T07:00:00+03:00;OK;2416;41;11474;LOCAL_VALHALLA_MATRIX;6559c0c236761c6f2a601196d711e63cc8064881e3738f0051c973352ce66712;d61a1cf93d506dd7dde19be8a4ceff81e6979dbc06ec1b54b60a613517539b45;2026-09-28T19:47:05.797752+00:00;false
LOC-0095;LOC-0075;BICYCLE;2026-08-17T07:00:00+03:00;OK;2633;44;12627;LOCAL_VALHALLA_MATRIX;3f578ffc7639a17e4c1cc0e225e7aa63dc6f2bb9177805b596534924bddd09ac;c7c003108c4fafa0df22337091eda717db9413eba2f8ba90643192c69b450ced;2026-09-28T19:47:05.797752+00:00;false
LOC-0095;LOC-0076;BICYCLE;2026-08-17T07:00:00+03:00;OK;1729;29;8151;LOCAL_VALHALLA_MATRIX;24af70e6f9d88590da27978cf7ff17ca67977c6ee3b697f5f45f2e95437596c9;6bf1e833f8f20be7d2f3a0936aeb1987609397dbf290666531e1b8c592d71f99;2026-09-28T19:47:05.797752+00:00;false
LOC-0095;LOC-0078;BICYCLE;2026-08-17T07:00:00+03:00;OK;2047;35;9839;LOCAL_VALHALLA_MATRIX;173619f773549f6badbb23b30b09006f945676eb7f2901b81d9bd9f42f0a7b8f;867e62e2c99a15c3e242ff5febbe60d497816022dabaa141fb5a34132c3f0fbf;2026-09-28T19:47:05.797752+00:00;false
LOC-0095;LOC-0080;BICYCLE;2026-08-17T07:00:00+03:00;OK;2451;41;11644;LOCAL_VALHALLA_MATRIX;3580b0a85f7b01cd6ef87d643e32316ef90f8a2b19735f1059d8d0363edf6c00;77b9a6d79afd8d9edf4c8c716bfaee0e634f2bb06517967a50a0649b22cfbfc8;2026-09-28T19:47:05.797752+00:00;false
LOC-0095;LOC-0082;BICYCLE;2026-08-17T07:00:00+03:00;OK;2243;38;10861;LOCAL_VALHALLA_MATRIX;b9b8e5d7c2e3c69654c3a85376640542e0db9782fe8e78d3ed210ae590fccab5;82611b183ccb8af82d622fe735e99dbdb0ab0cacee3af9a2c88712b87f62348a;2026-09-28T19:47:05.797752+00:00;false
LOC-0095;LOC-0085;BICYCLE;2026-08-17T07:00:00+03:00;OK;405;7;1811;LOCAL_VALHALLA_MATRIX;d9a137e05459a6b3c31bf20dfa9badead3f7e31a599a198ed3f90ad33e61f2a5;ce3a706f5a90bf2139b4ce881c46fd939d357ba6e777535ea74188b8c818b203;2026-09-28T19:47:05.797752+00:00;false
LOC-0095;LOC-0086;BICYCLE;2026-08-17T07:00:00+03:00;OK;405;7;1670;LOCAL_VALHALLA_MATRIX;8b802bbcaa68ecd346b5470a8064f2d29c3afb31fb14939ec675e5717ebacb12;3191438b80aa8920f7a2080e6410e71a6d517ffd8a449d1b96e6ef1f9a2d84f3;2026-09-28T19:47:05.797752+00:00;false
LOC-0095;LOC-0091;BICYCLE;2026-08-17T07:00:00+03:00;OK;2186;37;10443;LOCAL_VALHALLA_MATRIX;8d9a7220f22c34653d11a0700839648824cc57de1343cbf20bece630227b9f4f;4faa5b4c83cf6868bf57054bd9fb6ffc30df8b5ae38bfef31089173f1bdd7c20;2026-09-28T19:47:05.797752+00:00;false
LOC-0095;LOC-0092;BICYCLE;2026-08-17T07:00:00+03:00;OK;2219;37;10594;LOCAL_VALHALLA_MATRIX;ed72a4317ef07013c69f93de7f915f8e1ddcf1dc0c1a383b891cd3eaf3cf9a5d;73ece0ebd37e1ed278107965cbdca73d0c5884bf7706715bc865a5af8b34f754;2026-09-28T19:47:05.797752+00:00;false
LOC-0095;LOC-0093;BICYCLE;2026-08-17T07:00:00+03:00;OK;2254;38;10595;LOCAL_VALHALLA_MATRIX;21262dd9941faed5489bfff61a927ef41730590d2793daff0a814efec6c2c13e;60ac5a9bac79ced43fd6179ce8f1eb418577bcb5f414b2c185d589d02ae311da;2026-09-28T19:47:05.797752+00:00;false
LOC-0095;LOC-0094;BICYCLE;2026-08-17T07:00:00+03:00;OK;257;5;1180;LOCAL_VALHALLA_MATRIX;4f318fc37771a6bae113ac87768be866bd554acdcfe7e17f3e148b633cdaebc4;ae2d543240bce017e06bd2c450b06c65ce285c8359dab7c482d6f3a3827e7a80;2026-09-28T19:47:05.797752+00:00;false
LOC-0095;LOC-0095;BICYCLE;2026-08-17T07:00:00+03:00;OK;0;0;0;LOCAL_VALHALLA_MATRIX;49df6633694d72cdd4d7945edbc9faec551d1c6367ef2ae8e90af0b83e261348;3d5812abc84c11768aa73a732c85d75dbed439188f5bb3239e9b762ea31d9862;2026-09-28T19:47:05.797752+00:00;false
LOC-0095;LOC-0102;BICYCLE;2026-08-17T07:00:00+03:00;OK;2404;41;11638;LOCAL_VALHALLA_MATRIX;452048f6f38429cc97f6cbd217ac9de2ba748ab0befd1b09b5806dac3f3c44c9;d8edd376c23d9b240b1ab9332d5f45b35d2dc14b717003189d690a3ec27e8463;2026-09-28T19:47:05.797752+00:00;false
LOC-0095;LOC-0112;BICYCLE;2026-08-17T07:00:00+03:00;OK;2077;35;9972;LOCAL_VALHALLA_MATRIX;9d82ffa89123fe9191ca0b0cc8811ff2f5b5a569a3ee29634d5494809f755fbb;07544c80da3a18e3bf55b3a17550728eee9f3e37d2db737f455af53bed42e8ec;2026-09-28T19:47:05.797752+00:00;false
LOC-0095;LOC-0124;BICYCLE;2026-08-17T07:00:00+03:00;OK;3235;54;15504;LOCAL_VALHALLA_MATRIX;74b832d7b6ac97766d22656c2dbd99d8ec7a58165ddef2cc41f41e383da6f22c;daed0c6ae385e85bcd574963d3135319febb02113b8af4ce653ef86c432ecb5f;2026-09-28T19:47:05.797752+00:00;false
LOC-0095;LOC-0125;BICYCLE;2026-08-17T07:00:00+03:00;OK;2701;46;12813;LOCAL_VALHALLA_MATRIX;35f86662012f7fc03bdfac8c0454bdce30f41f6cbb8730f2b0a044043cb4f6c5;66b5fe52f375cadce0ee8f632559e10eb89a65be6eeba58799548cb4780ca9f0;2026-09-28T19:47:05.797752+00:00;false
LOC-0095;LOC-0126;BICYCLE;2026-08-17T07:00:00+03:00;OK;2065;35;9810;LOCAL_VALHALLA_MATRIX;41026c335e388bf7ce56b327aec44429878440a47d8a8540aa82c9d04e0cd4be;5afd3fabbe753c51b072aedce27335a19302cf9da9dc036faf17d4d38517606c;2026-09-28T19:47:05.797752+00:00;false
LOC-0095;LOC-0128;BICYCLE;2026-08-17T07:00:00+03:00;OK;1069;18;4979;LOCAL_VALHALLA_MATRIX;ed1720292b60ea890bae09b74bd68c60d699b9c18714c12e40983f58ed2d1cef;4a5245fc32f580ccb7694d2ed4db2d2e6f5009da96a33255deebfffb399d41f2;2026-09-28T19:47:05.797752+00:00;false
LOC-0095;LOC-0134;BICYCLE;2026-08-17T07:00:00+03:00;OK;511;9;2412;LOCAL_VALHALLA_MATRIX;e8543a482fdf55331f85fc3837d15ab7113e4ddb731f757eeff081a08471d05f;32cabb8409eb91bc38ebeab8c43d1c31155801de1b2ca8f8c05578b2b39152cf;2026-09-28T19:47:05.797752+00:00;false
LOC-0095;LOC-0135;BICYCLE;2026-08-17T07:00:00+03:00;OK;577;10;2713;LOCAL_VALHALLA_MATRIX;eb0b042bc74ad913971484943ed984a0e002c7d8464fd1fcb52df584337747d0;db35684d102caaa37ddd7ef5529f63c59b447f6ef0ce47104a30d86f3387b48d;2026-09-28T19:47:05.797752+00:00;false
LOC-0095;LOC-0136;BICYCLE;2026-08-17T07:00:00+03:00;OK;517;9;2403;LOCAL_VALHALLA_MATRIX;b0eed3bf497e96a9af4429dd7e842d12460f26c3c3932e85a5102b1d11eaf3e3;bef5026aa72921d6f64d750184481063afbf47e69a0c34c22186c07f9ddf9fe3;2026-09-28T19:47:05.797752+00:00;false
LOC-0095;LOC-0140;BICYCLE;2026-08-17T07:00:00+03:00;OK;1402;24;6681;LOCAL_VALHALLA_MATRIX;940fe9cafa53ecaaaf11d0456b6dac7da2c98a38d9663341a0c86e50a2e31a30;380ae7f13144d2c55354a3029f25404928c82e4945a8e11c0b6990168731813d;2026-09-28T19:47:05.797752+00:00;false
LOC-0095;LOC-0141;BICYCLE;2026-08-17T07:00:00+03:00;OK;3427;58;16295;LOCAL_VALHALLA_MATRIX;99239028cf7bae3ddccb7e5425dd0d91e40169e6d402d0165da836abf4e579e7;718439987c451383ebfa78493c81645b0649dc0853209515c9676b9db9347f26;2026-09-28T19:47:05.797752+00:00;false
LOC-0095;LOC-0142;BICYCLE;2026-08-17T07:00:00+03:00;OK;3518;59;16732;LOCAL_VALHALLA_MATRIX;c95a210b8b2e29162b230d300f85e54eda0140756cf6b2478e7a9cd549bacf4b;1e39541ead27e6ce55b5f6a1f25bf808641abcb010f32cebd44a909f5226f653;2026-09-28T19:47:05.797752+00:00;false
LOC-0095;LOC-0145;BICYCLE;2026-08-17T07:00:00+03:00;OK;2505;42;11938;LOCAL_VALHALLA_MATRIX;82ad8283046992e3e0224af098fd122047ebce7d92ab396dbc94a02bad5f846d;aa7c68befa543027ac457fbc11bdd5a5fcb5bc0c17194628d1d564d46aebed3b;2026-09-28T19:47:05.797752+00:00;false
LOC-0095;LOC-0148;BICYCLE;2026-08-17T07:00:00+03:00;OK;2666;45;12851;LOCAL_VALHALLA_MATRIX;c48e48ae8050b9abf20cbc6841f4137f39f74ce89bdc1697c848ff15d63aaae3;916ec577324d4ea3774fddf30f2582f589af436edff2df21633b080531a39c1f;2026-09-28T19:47:05.797752+00:00;false
LOC-0095;LOC-0149;BICYCLE;2026-08-17T07:00:00+03:00;OK;2574;43;12392;LOCAL_VALHALLA_MATRIX;6d561f3880e3346b7696888d3aa75f2bc82de4182394f265df68f94e6f18cf43;9f92ed5bb139afb18af942e3682ee08fdea9463e85eb15d7c80f3db243ca94bf;2026-09-28T19:47:05.797752+00:00;false
LOC-0095;LOC-0150;BICYCLE;2026-08-17T07:00:00+03:00;OK;2538;43;12207;LOCAL_VALHALLA_MATRIX;75a9c361dddce4969dc0f2c309b9477896f579431341ebebbfc9b2db3e44ddc6;48817d9185d82da2c539e72a871d303e8b2128048e8f27ee5d514373ae396ab1;2026-09-28T19:47:05.797752+00:00;false
LOC-0095;LOC-0151;BICYCLE;2026-08-17T07:00:00+03:00;OK;2753;46;13256;LOCAL_VALHALLA_MATRIX;a0698f177433a167bd001d6c54e454085546cbea2c26b6c2b8ec290f211c52c8;2bf2300cb0874d0a63cb4a4a5402b3a42dd8e861fa0d737cf8b0afa773535777;2026-09-28T19:47:05.797752+00:00;false
LOC-0095;LOC-0152;BICYCLE;2026-08-17T07:00:00+03:00;OK;2755;46;13248;LOCAL_VALHALLA_MATRIX;d43906a7214905f7812e97090a7c0dc7fdce961f9a22ce78f5289a4257740db0;a6df4d3d52542a6e2fc73d7f2c51945fd2781cf4d67628d421363907e618548e;2026-09-28T19:47:05.797752+00:00;false
LOC-0095;LOC-0190;BICYCLE;2026-08-17T07:00:00+03:00;OK;1780;30;8421;LOCAL_VALHALLA_MATRIX;66a6b17d1f00547992d9948aa80ce65fe231e1b8a20ee10d4342e31a19ddcfb7;08789f715b21d03d5829c48f7b8263ce7b8db991624c856ec99a527910344e3f;2026-09-28T19:47:05.797752+00:00;false
LOC-0095;LOC-0196;BICYCLE;2026-08-17T07:00:00+03:00;OK;2819;47;13477;LOCAL_VALHALLA_MATRIX;dbaf07678df8a999ee06d12fb9aab3150bd9d02925bde2c06c8460b45c233b65;7d253051219673206f0f8c43d779ca9f3e73714449841a4310d073578286a2a1;2026-09-28T19:47:05.797752+00:00;false
LOC-0102;LOC-0002;BICYCLE;2026-08-17T07:00:00+03:00;OK;2376;40;11436;LOCAL_VALHALLA_MATRIX;c368cc387d7a2c39189a915d324bddbeb241b64d091b3cdbc97e255b0dc2f23c;f9a437b0e5734a4014a3d15e8b09f0259e708495cd66a3b9af2c4cadecc79b97;2026-09-28T19:47:05.797752+00:00;false
LOC-0102;LOC-0008;BICYCLE;2026-08-17T07:00:00+03:00;OK;2143;36;10463;LOCAL_VALHALLA_MATRIX;b5c0b2afdffaf58ec573decc04cd3e6f1994fb60a31c8ecb8e1d0363b5d5cd48;54a1419ed8f50e04e9bf5bfb78c36cbadd2ab0c9e290e213abec3f9d65e30a4a;2026-09-28T19:47:05.797752+00:00;false
LOC-0102;LOC-0009;BICYCLE;2026-08-17T07:00:00+03:00;OK;1305;22;6204;LOCAL_VALHALLA_MATRIX;0464e79e6d553fe23d7f53e9aa6b848c7d2bf44faa03e47320ede9c4d3e87f59;7824080b7c720eb6af5e1e05bf967bc3b12b18d6316839fac606b9953b4a9fd6;2026-09-28T19:47:05.797752+00:00;false
LOC-0102;LOC-0010;BICYCLE;2026-08-17T07:00:00+03:00;OK;2257;38;10888;LOCAL_VALHALLA_MATRIX;dd443976ded5d02480232c1e2f40d7eb1fb6effdbfc3f8aa4e53ecfe08eb71da;4ee74da0bcac63b93e856bfa85217ad63b201342bcc1b1931f8bcbed4ea93d54;2026-09-28T19:47:05.797752+00:00;false
LOC-0102;LOC-0011;BICYCLE;2026-08-17T07:00:00+03:00;OK;1886;32;9225;LOCAL_VALHALLA_MATRIX;2d6107c64fba534582f519aa18fd0b5d805e70c6edabbc82c76424ef707a1683;1061b8af2dbd96e37f40d917c5f23b1820646a6f57ab5a9bea781eac6de98d68;2026-09-28T19:47:05.797752+00:00;false
LOC-0102;LOC-0012;BICYCLE;2026-08-17T07:00:00+03:00;OK;1842;31;9020;LOCAL_VALHALLA_MATRIX;5b2774c86b2b7e4ec373626ce2c9ada537c9d4875cfe9f649333cd51e3a9942a;2d718e2c76c27af21a2f76213d3bbe8e4ee4d86f1056a4ae587fc808dc72e954;2026-09-28T19:47:05.797752+00:00;false
LOC-0102;LOC-0013;BICYCLE;2026-08-17T07:00:00+03:00;OK;2481;42;11969;LOCAL_VALHALLA_MATRIX;015a1a6b4887c0aca74c74b50040ab134616051b153ed9ede27f60f2e6a0c6cf;78485267d27efdf05e5e4e71f55295786ab9838f3c53037e00e02b061e2236f6;2026-09-28T19:47:05.797752+00:00;false
LOC-0102;LOC-0016;BICYCLE;2026-08-17T07:00:00+03:00;OK;1266;22;6051;LOCAL_VALHALLA_MATRIX;04c06af4118304c8d804ddcdc075609a6995701bcc7d03217636fa218aeb31ef;f1f53fc56944b7d62c02146f548bbb14619f121c459664dfd6a06b7e06650862;2026-09-28T19:47:05.797752+00:00;false
LOC-0102;LOC-0017;BICYCLE;2026-08-17T07:00:00+03:00;OK;1268;22;6016;LOCAL_VALHALLA_MATRIX;fda3eddbb85a7c14959b96125c8c510376494ad41127e5cb794b7c252b046e8d;7f06f3c9b58ca3396a6e4b7542cf0b9248b3a0b7b054c40ba7f280f6da0be34c;2026-09-28T19:47:05.797752+00:00;false
LOC-0102;LOC-0018;BICYCLE;2026-08-17T07:00:00+03:00;OK;1303;22;6211;LOCAL_VALHALLA_MATRIX;192042510e1741d5cdeefeabe529c51575dc1614fb716c1a78220f11e42c5c6f;f1d444fa582e4a60e02300a2cdb0a4ea8065c95b6e193505d563eacc94a95562;2026-09-28T19:47:05.797752+00:00;false
LOC-0102;LOC-0019;BICYCLE;2026-08-17T07:00:00+03:00;OK;2222;38;10858;LOCAL_VALHALLA_MATRIX;89e0901d6e9e8d77f5635d5d4b57134506002a7875b5c9360570583b573fd691;a031aaecba7ae11ce35d9371fe3f4c368e0b6515f1956a91566bf54c2ea424ff;2026-09-28T19:47:05.797752+00:00;false
LOC-0102;LOC-0020;BICYCLE;2026-08-17T07:00:00+03:00;OK;2253;38;10895;LOCAL_VALHALLA_MATRIX;8a5869277c9a29e919fdeb1292024914a3820c10f7488cf5cf7c7a0d8d64ca65;f6ee8151d4563b94e2896b013d7c81d90adb656f01300097f1a9cb8642f9f856;2026-09-28T19:47:05.797752+00:00;false
LOC-0102;LOC-0023;BICYCLE;2026-08-17T07:00:00+03:00;OK;1676;28;7945;LOCAL_VALHALLA_MATRIX;14531db003744cfafa07bf1204f718450f35d7ac279a943aed4bc75920058a94;969c441774cd757888bb90d0288f90bef8671cc1c1d41d331822b504870de9e2;2026-09-28T19:47:05.797752+00:00;false
LOC-0102;LOC-0027;BICYCLE;2026-08-17T07:00:00+03:00;OK;980;17;4763;LOCAL_VALHALLA_MATRIX;7517678f055057d851fd53e146345a344c3aba7479c30265832745310a8ac0dd;fa6cb19883da0b10b719d09195f57b46539897fb685af160e293994a1e19ac7f;2026-09-28T19:47:05.797752+00:00;false
LOC-0102;LOC-0028;BICYCLE;2026-08-17T07:00:00+03:00;OK;970;17;4447;LOCAL_VALHALLA_MATRIX;37a8bb848baebc3f13d38379dc06dde8a8f2221a63a3e0b03cfe37de93665d56;8e25f87d931b8fdee1a7fa8dc959b22eb9ebd38f1c1f64164fcc9c89f30ba24a;2026-09-28T19:47:05.797752+00:00;false
LOC-0102;LOC-0029;BICYCLE;2026-08-17T07:00:00+03:00;OK;932;16;4318;LOCAL_VALHALLA_MATRIX;8ac1c71cab9ff4212c618b88f05c06671dd904e155cb944869ec6610ffbe99ac;54c86717009ce4251055ac57026e64528616fc5507b19c6b7f2afc36df29f760;2026-09-28T19:47:05.797752+00:00;false
LOC-0102;LOC-0037;BICYCLE;2026-08-17T07:00:00+03:00;OK;2377;40;11352;LOCAL_VALHALLA_MATRIX;442fc8082f4df540db930626546ea4adf9adf159808e521c9db41f8a8a1de9be;773f2091cbb1468b4df16ba6c06953bea34b7b5f23f8fdb74520d3584cba57f1;2026-09-28T19:47:05.797752+00:00;false
LOC-0102;LOC-0045;BICYCLE;2026-08-17T07:00:00+03:00;OK;732;13;3389;LOCAL_VALHALLA_MATRIX;890f44d98f015db9abe97b167d1a91fef4ed1c6c7e57e95cf5f9ddf0627966a6;225b522f2af84239bdf641d64a56c7c4f66168a3de1ef1a2fe025d9cb8fd16c7;2026-09-28T19:47:05.797752+00:00;false
LOC-0102;LOC-0053;BICYCLE;2026-08-17T07:00:00+03:00;OK;1377;23;6628;LOCAL_VALHALLA_MATRIX;eb48a28156a2d41057e7700333c1e19622f315eda977cf7137aa454f50532567;3a8b5d2a6e3438fff1afc045a7e2618668bcfc1e289c0016ba8ab6c95700c664;2026-09-28T19:47:05.797752+00:00;false
LOC-0102;LOC-0054;BICYCLE;2026-08-17T07:00:00+03:00;OK;2355;40;11298;LOCAL_VALHALLA_MATRIX;cd4e650012be3916027edb6f7aa6f0a925ac3e46c4ffb3864a66c22452ad4a82;6a872b2ee365ec7b2e5f03af978d4fd92240c49236709f81e8cdd1deb3461feb;2026-09-28T19:47:05.797752+00:00;false
LOC-0102;LOC-0061;BICYCLE;2026-08-17T07:00:00+03:00;OK;1845;31;8887;LOCAL_VALHALLA_MATRIX;41a8f68a226f2c8d07378eb1cc72f3a3267a8d04960153e12459191653203064;ccc34165657e4b3581da422c9eac228290562b9f8a22bd45436a27414fca14c4;2026-09-28T19:47:05.797752+00:00;false
LOC-0102;LOC-0063;BICYCLE;2026-08-17T07:00:00+03:00;OK;412;7;1909;LOCAL_VALHALLA_MATRIX;a2302de99160f1b074ffda0da67bf4097099d2d135027202b40c6652cc4ad92a;00ff06a3b6dba37811d4a4ccb46ead708c82b5d7b18371c00c01a694c719526c;2026-09-28T19:47:05.797752+00:00;false
LOC-0102;LOC-0064;BICYCLE;2026-08-17T07:00:00+03:00;OK;332;6;1560;LOCAL_VALHALLA_MATRIX;e184ec584e697aa2e1c28ffb3c1304b92371a09ed25b1cc2de12fceaa9a1e40b;3b322bf513a738ad9162c40166b1b649a24fe2e071293c6ec5c93f2746ee83b2;2026-09-28T19:47:05.797752+00:00;false
LOC-0102;LOC-0074;BICYCLE;2026-08-17T07:00:00+03:00;OK;1258;21;6083;LOCAL_VALHALLA_MATRIX;e8b4501b2216501de5c49d79b7a0bc77113c4827dde38ace9910b02bce30723f;d5062db4eb879b72b5ec2fb0c81499a1c55556d5e96d5923c6b4fe4a352717ab;2026-09-28T19:47:05.797752+00:00;false
LOC-0102;LOC-0075;BICYCLE;2026-08-17T07:00:00+03:00;OK;1238;21;5990;LOCAL_VALHALLA_MATRIX;5819098290cdd737178807257739ef0f45d1e588d7a8af1446093adbcaf6528c;b235cbc2cb6a8c470464f1f223f168752a2de729b1f430ff9d388156d07cff3b;2026-09-28T19:47:05.797752+00:00;false
LOC-0102;LOC-0076;BICYCLE;2026-08-17T07:00:00+03:00;OK;1102;19;5146;LOCAL_VALHALLA_MATRIX;887600a5635c0e0634cb817d4b0f2f738dc27a430667da990c1a5b98fdb886c3;016ae4c48d850c07563504103b6860555a338c7d7d84a6cd6bbeaf655549cd57;2026-09-28T19:47:05.797752+00:00;false
LOC-0102;LOC-0078;BICYCLE;2026-08-17T07:00:00+03:00;OK;484;9;2251;LOCAL_VALHALLA_MATRIX;8acc14e951d290e05ca0ec04e8698b99469937d39088c978b52a60fe23c818fb;bad6e28bbadfeff13b76b8c12fea01131d84ed95befcc4f50bed01ba6dc5d7c4;2026-09-28T19:47:05.797752+00:00;false
LOC-0102;LOC-0080;BICYCLE;2026-08-17T07:00:00+03:00;OK;1351;23;6521;LOCAL_VALHALLA_MATRIX;14c658b7e1128d04f4ebca4ed4d43ba0c11e783e54e97a2f060ef7e648e00690;79ad09549caa96f31d4503a324e8efc36d2ec50e2acda9d2657eb4d38f342607;2026-09-28T19:47:05.797752+00:00;false
LOC-0102;LOC-0082;BICYCLE;2026-08-17T07:00:00+03:00;OK;446;8;2086;LOCAL_VALHALLA_MATRIX;f18389031500faceb08ea20bc89f2e935efc15c0277ebc752069b30d97bf8a87;e5fcf05a395db3e1b4b7c048445ee2693e35a51d60eae6be8373fa72b9537af9;2026-09-28T19:47:05.797752+00:00;false
LOC-0102;LOC-0085;BICYCLE;2026-08-17T07:00:00+03:00;OK;2606;44;12549;LOCAL_VALHALLA_MATRIX;871ea232da211fa212e80009fe26e692174e2374c31c63cf2d99be475e462722;feb745a498f577518b0def14d176b74b1663f1e9fa7d9b9f53a4905ab5c7ec15;2026-09-28T19:47:05.797752+00:00;false
LOC-0102;LOC-0086;BICYCLE;2026-08-17T07:00:00+03:00;OK;2652;45;12613;LOCAL_VALHALLA_MATRIX;c2b7788f712950224a642a074ffdff73a4982fc5d0d7a26b8f8ab3b0a7f9ab61;e2600245a5c1722d89c75bf515eaef9522ab98cb4baade69b52a907fe824c182;2026-09-28T19:47:05.797752+00:00;false
LOC-0102;LOC-0091;BICYCLE;2026-08-17T07:00:00+03:00;OK;2082;35;10028;LOCAL_VALHALLA_MATRIX;dea1c4ea734e38e4d2932bbd18c990246191ee79ce3ab154e27cf1ef36b3ac92;7aaaa0e3f4f08fe4823ec8469737739d504ab3edd16ccac8299a8e9604173de5;2026-09-28T19:47:05.797752+00:00;false
LOC-0102;LOC-0092;BICYCLE;2026-08-17T07:00:00+03:00;OK;1947;33;9443;LOCAL_VALHALLA_MATRIX;270462313adaadc1862666af5df36fd0a70aa78ffb35fbcb76b4bcf56e7db11f;35fd81c2ccfd78dc63355e764b8c5e09d4b8b5fe14921255efdfdf74008f18b5;2026-09-28T19:47:05.797752+00:00;false
LOC-0102;LOC-0093;BICYCLE;2026-08-17T07:00:00+03:00;OK;1940;33;9253;LOCAL_VALHALLA_MATRIX;1105fbf9bef020c8524802f41023c9a53a54ccadcf38224ee38b56746fda867f;9a1c3b89738874bd7c81a0e66f453f28192c1604917a6a8b7d32ca435dd2dce1;2026-09-28T19:47:05.797752+00:00;false
LOC-0102;LOC-0094;BICYCLE;2026-08-17T07:00:00+03:00;OK;2764;47;13299;LOCAL_VALHALLA_MATRIX;25515b4f8b492757449ed528d2aeb4c9e6b484e55b96cc436503b19362f780a8;3b0a5bfacb6900547d911a861c00ebba36c58546234e137baf190ed4693c544b;2026-09-28T19:47:05.797752+00:00;false
LOC-0102;LOC-0095;BICYCLE;2026-08-17T07:00:00+03:00;OK;2943;50;14117;LOCAL_VALHALLA_MATRIX;38740a2ed1f84533d653770c486280492763e8bca73b9660107a82d551c8340d;1abf60d122f4938fb133f11bbb8b394f6d16d60cf562058dbf0be05cc504a882;2026-09-28T19:47:05.797752+00:00;false
LOC-0102;LOC-0102;BICYCLE;2026-08-17T07:00:00+03:00;OK;0;0;0;LOCAL_VALHALLA_MATRIX;8943e604f6eae992edc725312623372df8a7be8e9e5421c0c769620c89e014e7;3d5812abc84c11768aa73a732c85d75dbed439188f5bb3239e9b762ea31d9862;2026-09-28T19:47:05.797752+00:00;false
LOC-0102;LOC-0112;BICYCLE;2026-08-17T07:00:00+03:00;OK;1565;27;7617;LOCAL_VALHALLA_MATRIX;053d2dcf0c38bc308e56e121ea9ed1ecc3f6b9b7559f1977d15d7c59dfb0e80b;3d248184c48c0ee810e21b05060f93e899cfc6274e462028ddf6065736a50505;2026-09-28T19:47:05.797752+00:00;false
LOC-0102;LOC-0124;BICYCLE;2026-08-17T07:00:00+03:00;OK;1169;20;5545;LOCAL_VALHALLA_MATRIX;d579862adf479160ef1ee7d8d433ec12b9640830764a49ff32e67bc852b6f08d;a8a5cd85b8c916de28331c43cffae20ee79daffde47cad8bc46224aee711a9ab;2026-09-28T19:47:05.797752+00:00;false
LOC-0102;LOC-0125;BICYCLE;2026-08-17T07:00:00+03:00;OK;1480;25;7054;LOCAL_VALHALLA_MATRIX;deb3485ba769734e86f8b94fd37d8c6439d18b06a71d7b95d9b3fc7a28e34298;11dc551568d26450f1c2cb6dde88f57f3b28cc0e284fee207f2c8a6bccb36a61;2026-09-28T19:47:05.797752+00:00;false
LOC-0102;LOC-0126;BICYCLE;2026-08-17T07:00:00+03:00;OK;1359;23;6579;LOCAL_VALHALLA_MATRIX;f6cc22978f770ed3634ca3590441a10db107f35cbd5857de89fa7971447d1cac;555633ed14fa7f8c0defd67911d11eeddbf7aa896baeb424f06d369efde7c088;2026-09-28T19:47:05.797752+00:00;false
LOC-0102;LOC-0128;BICYCLE;2026-08-17T07:00:00+03:00;OK;2302;39;10995;LOCAL_VALHALLA_MATRIX;e3eb2593df9ef5e4ad0391d2bde7f9de6379db21a4fd892d6cba1f7179dca45a;0e31042edbbb53af22d17847698d384a94eeaf9f88c0418a4a41ffd928925ee5;2026-09-28T19:47:05.797752+00:00;false
LOC-0102;LOC-0134;BICYCLE;2026-08-17T07:00:00+03:00;OK;2402;41;11591;LOCAL_VALHALLA_MATRIX;8d7a01b21bf45c1bd1d9bc4dca9df39a5fef4356b47bcc1b427a230c33f45f17;2c5f0a9977c1508a13b803b5c16f26f9fbcdb45691a948fa3176a527767d986a;2026-09-28T19:47:05.797752+00:00;false
LOC-0102;LOC-0135;BICYCLE;2026-08-17T07:00:00+03:00;OK;2400;40;11575;LOCAL_VALHALLA_MATRIX;0551c015110e4c15ec4f6d69079a2d4f06dfbd543333197641cfc8459c792f0a;462b9d87e2c8651174721bb20a4708677101ccb432fc0fed6df52b71c2629ead;2026-09-28T19:47:05.797752+00:00;false
LOC-0102;LOC-0136;BICYCLE;2026-08-17T07:00:00+03:00;OK;2540;43;12221;LOCAL_VALHALLA_MATRIX;f99cd71e95fdbbee20b31dd930d7d7de076738affb6e2e74dc70349b260c4365;25b6d59144f8c11a1d0520600569f71d83634d7b39968f41bb7eb84b8006deff;2026-09-28T19:47:05.797752+00:00;false
LOC-0102;LOC-0140;BICYCLE;2026-08-17T07:00:00+03:00;OK;1454;25;6996;LOCAL_VALHALLA_MATRIX;e0e4f5ede72017d8bb115a9197a34a317feb40a4b4de249dcfe7de683230e813;3901ac70837cd673f88ae5ed80f81942b00e76b5d9e720c2ada60d1b08960e94;2026-09-28T19:47:05.797752+00:00;false
LOC-0102;LOC-0141;BICYCLE;2026-08-17T07:00:00+03:00;OK;1361;23;6336;LOCAL_VALHALLA_MATRIX;71bcf52f15c767b22060449dcca368613a1a3cd34092fbaa4ad3c81844917239;d8c652d1f085aad6027409456548ee6bf5c2029c66c01e12ebb8fdbb0eb3bfa1;2026-09-28T19:47:05.797752+00:00;false
LOC-0102;LOC-0142;BICYCLE;2026-08-17T07:00:00+03:00;OK;1452;25;6773;LOCAL_VALHALLA_MATRIX;27cef85ecc18950d80175c89724d389f1205dccd5ab3900222d81821d9ceefc8;0bfa55a555fa762eed2c2f7256481c694329db8a90605767b5808ba06abd9957;2026-09-28T19:47:05.797752+00:00;false
LOC-0102;LOC-0145;BICYCLE;2026-08-17T07:00:00+03:00;OK;1961;33;9557;LOCAL_VALHALLA_MATRIX;f687808dc2cc987141b30a26b106b27c2e79dce1b10f55d041db38f3bd3c2482;995371d2156e31315b87f468c7b616f88e36ccd13d68b2ba6cbb92c45bb97f5e;2026-09-28T19:47:05.797752+00:00;false
LOC-0102;LOC-0148;BICYCLE;2026-08-17T07:00:00+03:00;OK;1199;20;5815;LOCAL_VALHALLA_MATRIX;549ee1950794a5da554480c27da928ad473a5a90df279715f30ff09e54523047;d900d45f34cfff69a478a91f8363767d22bf360496cf83110a28b5c8eea4e946;2026-09-28T19:47:05.797752+00:00;false
LOC-0102;LOC-0149;BICYCLE;2026-08-17T07:00:00+03:00;OK;1144;20;5556;LOCAL_VALHALLA_MATRIX;17144d908fb376ee43131a961df1438d36add2108a7e66643edd3b88c6889668;97cacb11961f959873ca5f51d00dec66616ef4e26a77880c6d43df68b816b900;2026-09-28T19:47:05.797752+00:00;false
LOC-0102;LOC-0150;BICYCLE;2026-08-17T07:00:00+03:00;OK;1107;19;5375;LOCAL_VALHALLA_MATRIX;e092a6d65dfdd869678d023b35f18dee3a5e3884ef9fba4875baf5a6042ebf21;ab0c42042fbab905b30849e8309ce039585f1bb1c98f2ed22e46507e1dfa033c;2026-09-28T19:47:05.797752+00:00;false
LOC-0102;LOC-0151;BICYCLE;2026-08-17T07:00:00+03:00;OK;1356;23;6426;LOCAL_VALHALLA_MATRIX;d790cf5dfc38b1a9ffecc8b24fbf85ce2e52ea603e73dd999f742696de372330;89ff35d4bf44e5d8b9fe0647eb4e408a7409f49d2f72ce43b21935f938175f43;2026-09-28T19:47:05.797752+00:00;false
LOC-0102;LOC-0152;BICYCLE;2026-08-17T07:00:00+03:00;OK;1375;23;6518;LOCAL_VALHALLA_MATRIX;8b2b527f91caa3d414910ef3012c2989262540bc513dded2bdb3a8fb27bf8f25;2a1ba108cfee106382a424f565832907ea5399296a74394c855fe9e69389f657;2026-09-28T19:47:05.797752+00:00;false
LOC-0102;LOC-0190;BICYCLE;2026-08-17T07:00:00+03:00;OK;1546;26;7619;LOCAL_VALHALLA_MATRIX;cb5c5a537a97b7a846f4b97eee0c5f6166ad589a73868d8c4b7c0e40392e568e;b7bd0a509aea61cc82a3c3b5e46c08ee28988e6ff3d8c854df1b42296a43f7fa;2026-09-28T19:47:05.797752+00:00;false
LOC-0102;LOC-0196;BICYCLE;2026-08-17T07:00:00+03:00;OK;1688;29;8111;LOCAL_VALHALLA_MATRIX;b28a08bedfa4e15aa8510065ccbeafee09aa458aa6608af62aa431a6d47f178b;c67d093bc0bd99fc5b4fd70adb460a068ca2bafbc7763460c3f7a6e214acb383;2026-09-28T19:47:05.797752+00:00;false
LOC-0112;LOC-0002;BICYCLE;2026-08-17T07:00:00+03:00;OK;1711;29;8142;LOCAL_VALHALLA_MATRIX;68757ffbc3aad42b56e49978b36eaefe96410bf636f2c3fb52f8aea341444463;e72bf74a2f66661b9ba7d9811e5a8aeee943c7da011cb590bfdba5d0e844a2e6;2026-09-28T19:47:05.797752+00:00;false
LOC-0112;LOC-0008;BICYCLE;2026-08-17T07:00:00+03:00;OK;963;17;4421;LOCAL_VALHALLA_MATRIX;330ce63195f55f865bd624fa6dd6a876141fc877b40d24c2a76390e7ab7f947b;a9cf3166ce0ce9954239915d8c063c3a2cdbdeafb77e0f4783fe0fedd04004fa;2026-09-28T19:47:05.797752+00:00;false
LOC-0112;LOC-0009;BICYCLE;2026-08-17T07:00:00+03:00;OK;2549;43;11994;LOCAL_VALHALLA_MATRIX;dcf72a83275a2e6a6500b9732a62f01872569d419ee72645295d7c1bbc833ce5;3f3529f7ee1243f9c86aaf929c8f89be8c34491117a6782bd6fe3620c1c4c422;2026-09-28T19:47:05.797752+00:00;false
LOC-0112;LOC-0010;BICYCLE;2026-08-17T07:00:00+03:00;OK;842;15;3801;LOCAL_VALHALLA_MATRIX;22984aee5820a646b6bec2aeec78f0db5dc9bf6b7879c36804bd6270d8594e53;78ed713dea8a5580bf0d65d150e9263a5c263a682154114a2a3571b6b4612a10;2026-09-28T19:47:05.797752+00:00;false
LOC-0112;LOC-0011;BICYCLE;2026-08-17T07:00:00+03:00;OK;797;14;3502;LOCAL_VALHALLA_MATRIX;85bf5137776a695c29b9814414f613bb35ba085ce7deceabaf2a5855594829f5;89a01c694ccceb493c9fc3834282b862c982e8e8100773400b59c6e88647c0a4;2026-09-28T19:47:05.797752+00:00;false
LOC-0112;LOC-0012;BICYCLE;2026-08-17T07:00:00+03:00;OK;663;12;2978;LOCAL_VALHALLA_MATRIX;52c63034d615572bf89cbc4b6857bd2897f695065eb2a4f85c9d3d37eba2d2b8;a52118703908aacfdab6331252c62085d6dd3073f010771f43e249c57f8b634e;2026-09-28T19:47:05.797752+00:00;false
LOC-0112;LOC-0013;BICYCLE;2026-08-17T07:00:00+03:00;OK;1816;31;8675;LOCAL_VALHALLA_MATRIX;e0ffd39092998a16e576dc03ea09da4bf04effc7f53119aa13eefe4042ef5d47;afd9c903f6355d8a049f36669d8b374930146e26b7c018c8559500b3a466540f;2026-09-28T19:47:05.797752+00:00;false
LOC-0112;LOC-0016;BICYCLE;2026-08-17T07:00:00+03:00;OK;2493;42;11965;LOCAL_VALHALLA_MATRIX;f220e08791c44d12ac137bd6c444b85b45bfd6f894d46992ebd901e1f0bcfa18;2e73b5ec52c00dd258c9df5acf80a65e313f7688153f903eefe8e94b4c34f6fa;2026-09-28T19:47:05.797752+00:00;false
LOC-0112;LOC-0017;BICYCLE;2026-08-17T07:00:00+03:00;OK;833;14;3992;LOCAL_VALHALLA_MATRIX;ee045628d10eb1cfd157772530881b1291a1904747d9def83a2b84ff0debbd45;ec728852fb2a0cbf7a8b76d44f994b63ac6b13e74482ddd5dfda15afbf7acc2d;2026-09-28T19:47:05.797752+00:00;false
LOC-0112;LOC-0018;BICYCLE;2026-08-17T07:00:00+03:00;OK;794;14;3800;LOCAL_VALHALLA_MATRIX;c3ec4d7eb1ecd5a2d75d2e0fadf787c6b5f66ab75446292436bf9434f46bc154;8ae345ff58705d9be5646484bfac75646532f7e11c50a6089a7c81823d5c05fd;2026-09-28T19:47:05.797752+00:00;false
LOC-0112;LOC-0019;BICYCLE;2026-08-17T07:00:00+03:00;OK;1019;17;4658;LOCAL_VALHALLA_MATRIX;a31b68a7c99532a2eab6a44f977c35ffd5c261d53605edff21cf9fdf84d6a8fa;4b901c81988c9ce6752db3b52adf467908a6939c6351e83e8a47a94ecc52068c;2026-09-28T19:47:05.797752+00:00;false
LOC-0112;LOC-0020;BICYCLE;2026-08-17T07:00:00+03:00;OK;1109;19;5224;LOCAL_VALHALLA_MATRIX;ae46e9e5c9667fafd412fbf3e016215dbffb2758290e6edae44195b2401d54e7;b91b71ca17f82a45738c18810791e1f5821f52f56d2515e2ad3d7d4dd3347fa5;2026-09-28T19:47:05.797752+00:00;false
LOC-0112;LOC-0023;BICYCLE;2026-08-17T07:00:00+03:00;OK;748;13;3530;LOCAL_VALHALLA_MATRIX;9bd32ce216fb3a12c94daf5efdec42416af6e08e7ef1107fa4727aaae2c5a01b;c7252b9472854442ba7c8e30a6fc31b8134b5c00ef96f56fed690d7de71bbdc3;2026-09-28T19:47:05.797752+00:00;false
LOC-0112;LOC-0027;BICYCLE;2026-08-17T07:00:00+03:00;OK;674;12;3245;LOCAL_VALHALLA_MATRIX;5b9d170661afcd2eec1bfe89d5be0fc9236871a20643f40348b0ec513c932880;3b5d250eb42c07f43294a387a01d0b98d3605237471d8ae59724641bbefdb163;2026-09-28T19:47:05.797752+00:00;false
LOC-0112;LOC-0028;BICYCLE;2026-08-17T07:00:00+03:00;OK;1559;26;7381;LOCAL_VALHALLA_MATRIX;f5c048569298cf6fd0715bc6bcffae3a8a4b2fc7e9437d4f3731a2047d20cca8;c482aa24b87ce2bc17ad0dc0844f359f80a9d927f2484c291a12cefc8731273e;2026-09-28T19:47:05.797752+00:00;false
LOC-0112;LOC-0029;BICYCLE;2026-08-17T07:00:00+03:00;OK;1485;25;7004;LOCAL_VALHALLA_MATRIX;4587243a74932a11f599a8a04710ee1fd27950fc77d322e86896b2a5cb4ad4a5;798b5b61d113b30ddf98063336abc2e65e32a4a387d25f7275ca437995abab8b;2026-09-28T19:47:05.797752+00:00;false
LOC-0112;LOC-0037;BICYCLE;2026-08-17T07:00:00+03:00;OK;1088;19;5088;LOCAL_VALHALLA_MATRIX;4637d9e8abd6816a8d9d92cbeffdcc890115e78605c33def8f24d07da57e36fc;f5d67dae9b721c039e1850ad6df1e4fa54c560b4a87da687d71aa3eef83f17c8;2026-09-28T19:47:05.797752+00:00;false
LOC-0112;LOC-0045;BICYCLE;2026-08-17T07:00:00+03:00;OK;1098;19;5321;LOCAL_VALHALLA_MATRIX;8dcb8259428fce5925df8f2036e4114e26ae0f2a71c67f38ad4dc94550476bde;1f4cb4d1eaafaa804a2e20259b9e8647a78e08edade2bf876baeefb03bd57fbf;2026-09-28T19:47:05.797752+00:00;false
LOC-0112;LOC-0053;BICYCLE;2026-08-17T07:00:00+03:00;OK;2462;42;11852;LOCAL_VALHALLA_MATRIX;5c82f17bdbca22a2b8d96e365fd59ffca917e329fb883cff4f75246f970e25b6;01d260554204fdf47841dc8ffe06ad62444e146874a6f73efc0b57ed6cdce37e;2026-09-28T19:47:05.797752+00:00;false
LOC-0112;LOC-0054;BICYCLE;2026-08-17T07:00:00+03:00;OK;995;17;4648;LOCAL_VALHALLA_MATRIX;e875d88829429af53f8b763fd5bb97f9c5a6f61fc916727f46fdcbaccff2f44f;f4d5c0c7d0ba10f22d1668ad02a2a4c1c11ea821b2d871099ad26f45a8390d56;2026-09-28T19:47:05.797752+00:00;false
LOC-0112;LOC-0061;BICYCLE;2026-08-17T07:00:00+03:00;OK;725;13;3104;LOCAL_VALHALLA_MATRIX;acdae66528284b4caf5ba7896b5948d75119bf02e1cfa0a6bb6fe5075132d43f;b6c7d9750733d5ba07a2aa78ae4308001cc5b8581574041b8a9c66f3410b9907;2026-09-28T19:47:05.797752+00:00;false
LOC-0112;LOC-0063;BICYCLE;2026-08-17T07:00:00+03:00;OK;1593;27;7589;LOCAL_VALHALLA_MATRIX;549a24fb039c427521a0374865ade0ddec1e8d8099a46b72c964ad5c0e0071fd;4c85bbed695f93710a69d9860d1be871aa2a0ddd7372083de13c97309f5b7064;2026-09-28T19:47:05.797752+00:00;false
LOC-0112;LOC-0064;BICYCLE;2026-08-17T07:00:00+03:00;OK;1433;24;6892;LOCAL_VALHALLA_MATRIX;455fdaff554308bb6f5dea19f258b3283884337458ca2f4da5557666af3dca7b;afc83628b5fdd5e8410048c203c2370ecfdaa2b479a49f728b683ce658fad149;2026-09-28T19:47:05.797752+00:00;false
LOC-0112;LOC-0074;BICYCLE;2026-08-17T07:00:00+03:00;OK;512;9;2407;LOCAL_VALHALLA_MATRIX;a51c30481a24b09c5b764d59bebde4bafa85e0f3ae2ef1b56782e04bf7df5594;b70fd31d75ad28ff20902ee23a83d1b60523333d8ce57730eae16edbd73bf58c;2026-09-28T19:47:05.797752+00:00;false
LOC-0112;LOC-0075;BICYCLE;2026-08-17T07:00:00+03:00;OK;678;12;3160;LOCAL_VALHALLA_MATRIX;d7a237914aaaf0b428f076feda7cd97260fa2734e4a2459e64e345daa96787d0;32e353106d3c357720c6b29f86c6bf37aa6ec4b290e96e433bdb3bd2efef2c4e;2026-09-28T19:47:05.797752+00:00;false
LOC-0112;LOC-0076;BICYCLE;2026-08-17T07:00:00+03:00;OK;2543;43;12000;LOCAL_VALHALLA_MATRIX;1fd9806e7a1638cab3d90841e9bc38a87e8a1f7dbf8d6b64314057d02dd34b6f;5a3bdee57d55e5371c6e821232d21f27d0054bb384ae0b24f66013b52a68d7d6;2026-09-28T19:47:05.797752+00:00;false
LOC-0112;LOC-0078;BICYCLE;2026-08-17T07:00:00+03:00;OK;1215;21;5861;LOCAL_VALHALLA_MATRIX;65ee5f55b96ce7183d40d4ba77a36a33e34208fbc086dd1b73003faac63078f5;b9623d26c5da4009df6c139c75a33f327aefe99ad55302bc3655066805712643;2026-09-28T19:47:05.797752+00:00;false
LOC-0112;LOC-0080;BICYCLE;2026-08-17T07:00:00+03:00;OK;546;10;2577;LOCAL_VALHALLA_MATRIX;54be3fc541affe6e8a0cbce0e7b10e9595d7783b476160dd32bb39737f77746d;ddb34387610b346eacaf1d628873b18d6238fa33e1807d9d79d90b3406a2265c;2026-09-28T19:47:05.797752+00:00;false
LOC-0112;LOC-0082;BICYCLE;2026-08-17T07:00:00+03:00;OK;1434;24;6942;LOCAL_VALHALLA_MATRIX;06f3bc250946c1cb955f35589de3864afa9c16cb041293b8da889fedba83160f;a48724eaf5e078783d0551d7f4e268f6806c36c2542a986d28254d9786eaf009;2026-09-28T19:47:05.797752+00:00;false
LOC-0112;LOC-0085;BICYCLE;2026-08-17T07:00:00+03:00;OK;1941;33;9255;LOCAL_VALHALLA_MATRIX;b3010f4270c950d8e3902869377e623534fadeb83d96a43ec0befdaeab604150;ee8faafb9076a98393e0e46bd579d9f7939f650d53dd6b795223e63e97653612;2026-09-28T19:47:05.797752+00:00;false
LOC-0112;LOC-0086;BICYCLE;2026-08-17T07:00:00+03:00;OK;1987;34;9319;LOCAL_VALHALLA_MATRIX;0906e99fd3702a3dd1c72f01db72807bf3ced3edf0e2c5d2f16e418c1d33953b;5013284e4d2f84adcf9de8b7c189f0cf65a8caf38059f33d8317cde584b0269d;2026-09-28T19:47:05.797752+00:00;false
LOC-0112;LOC-0091;BICYCLE;2026-08-17T07:00:00+03:00;OK;662;12;2961;LOCAL_VALHALLA_MATRIX;3cf6a1d9f53a770e2e7fec81a45c0c2c2de7d6b83310684e714fbabfcf4d6e70;b8e45b77b4cda386c574c82ebb8248d603351d1e11711f137bbd2597cfb3b65a;2026-09-28T19:47:05.797752+00:00;false
LOC-0112;LOC-0092;BICYCLE;2026-08-17T07:00:00+03:00;OK;802;14;3772;LOCAL_VALHALLA_MATRIX;012c6742a9a7bb402844cc2aaad1dff4bb1046a088c12d02b7627c712aefc1f8;bf030c2fd9878a28c6f53c8b4d6d903f45f6153b42df99816aefc9dc02da8dda;2026-09-28T19:47:05.797752+00:00;false
LOC-0112;LOC-0093;BICYCLE;2026-08-17T07:00:00+03:00;OK;795;14;3582;LOCAL_VALHALLA_MATRIX;0817bbcbb5e743729a5aa8146f86d024a2e6f3896f07e3f953918797eed63892;9b5e3737e80195308bec01097c4b45d5e79ff2b6c94bb26db4011da09d83d8af;2026-09-28T19:47:05.797752+00:00;false
LOC-0112;LOC-0094;BICYCLE;2026-08-17T07:00:00+03:00;OK;2100;35;10005;LOCAL_VALHALLA_MATRIX;1e775b787245bc8ed1791650bc0d89a723ada0116e8cb6e0ee9d102ac7f5b548;f90d013c099d679748ef76b06ae3b0bdc3334e22249609d5a8c8f4e0fbc00d0e;2026-09-28T19:47:05.797752+00:00;false
LOC-0112;LOC-0095;BICYCLE;2026-08-17T07:00:00+03:00;OK;2279;38;10823;LOCAL_VALHALLA_MATRIX;abf428d199d6c5d856d5e2791b7d9771d856a9a5a357c159721bfb869f27031d;5995e0679613a88b5da3006812d8b79121b77382cb639ef70c6e8250b114adb5;2026-09-28T19:47:05.797752+00:00;false
LOC-0112;LOC-0102;BICYCLE;2026-08-17T07:00:00+03:00;OK;1594;27;7710;LOCAL_VALHALLA_MATRIX;37e408455d859d6c462c272f05e02b312f7feba640ac05199beab537bd3cd11a;bfb723bba1a335484a494cb79b45d7e8af4cc1ff299a8a6e167b3d8e7362371b;2026-09-28T19:47:05.797752+00:00;false
LOC-0112;LOC-0112;BICYCLE;2026-08-17T07:00:00+03:00;OK;0;0;0;LOCAL_VALHALLA_MATRIX;34a61359e54e298eaec287532a75219b3288ff875b489c3f9dad8db4c9947b62;3d5812abc84c11768aa73a732c85d75dbed439188f5bb3239e9b762ea31d9862;2026-09-28T19:47:05.797752+00:00;false
LOC-0112;LOC-0124;BICYCLE;2026-08-17T07:00:00+03:00;OK;2370;40;11329;LOCAL_VALHALLA_MATRIX;d3d8592851110c908b6d12e329d3566abfb4d778a9feb5bb4d7a9fc6039e327c;2e47fb11573960c1c3decd1b5fdf4eec3cb878939e2511286d1b5224f2e23465;2026-09-28T19:47:05.797752+00:00;false
LOC-0112;LOC-0125;BICYCLE;2026-08-17T07:00:00+03:00;OK;796;14;3746;LOCAL_VALHALLA_MATRIX;c4afdc6df68c395a78910fe824f6cccd0069ad976fdc2a69046182db4736e9d2;fbe0464978ea16d351b2a33386a350737a985d4a5509e82418c95ffb473a22af;2026-09-28T19:47:05.797752+00:00;false
LOC-0112;LOC-0126;BICYCLE;2026-08-17T07:00:00+03:00;OK;432;8;2003;LOCAL_VALHALLA_MATRIX;af04859ca4ff1fd730d53106b60258ea2fd237c634fd06cf31190232ee4bb869;43c876a398680939199562866e15b7fd99f101ceef299d5e2dea89eac015fc73;2026-09-28T19:47:05.797752+00:00;false
LOC-0112;LOC-0128;BICYCLE;2026-08-17T07:00:00+03:00;OK;1163;20;5414;LOCAL_VALHALLA_MATRIX;ceee0829a2f004279d6e7bd964e05e5f58d8ec8a35b37e21b93165d94cd091fb;a2e8f215704a19b2431f6259291909822eb52ee3750d171bbe48cdb3a5f815bf;2026-09-28T19:47:05.797752+00:00;false
LOC-0112;LOC-0134;BICYCLE;2026-08-17T07:00:00+03:00;OK;1737;29;8297;LOCAL_VALHALLA_MATRIX;1c1ad7bb582a55b19955458e88a857e4c3f35decc26c2c2f8a7b71617cbe7d45;b6ae25340316f5588cad8e9c2af21fdb691db45b16d3db2f20055dd94c8087b5;2026-09-28T19:47:05.797752+00:00;false
LOC-0112;LOC-0135;BICYCLE;2026-08-17T07:00:00+03:00;OK;1735;29;8281;LOCAL_VALHALLA_MATRIX;1c01cc00dd51fb12720827f469d31dc47423c831cd7169b30a3ef7568c0053be;c5e21b4c3f0244ee6b8257867768ec1d6b15075a033f9ccc1aa210bf14d28561;2026-09-28T19:47:05.797752+00:00;false
LOC-0112;LOC-0136;BICYCLE;2026-08-17T07:00:00+03:00;OK;1876;32;8927;LOCAL_VALHALLA_MATRIX;c1700fc174115d605908d0551d8cb71864ac92b64fc3caca40f1e34d1969442e;45526e2be82ca7bf78e3c1e053720d8f762c769520639786033e8993562f9161;2026-09-28T19:47:05.797752+00:00;false
LOC-0112;LOC-0140;BICYCLE;2026-08-17T07:00:00+03:00;OK;2193;37;10528;LOCAL_VALHALLA_MATRIX;274b8be755b0542ee0fd43c1cb2e5e4a74a6b6af1103ca375a7ba50ebfd2e69c;5d0d208b48d23764bb7da912151c03d83dd68d17118eecee366b70abaedd3e82;2026-09-28T19:47:05.797752+00:00;false
LOC-0112;LOC-0141;BICYCLE;2026-08-17T07:00:00+03:00;OK;1944;33;9157;LOCAL_VALHALLA_MATRIX;48c9b253bf7e7e51c2baf573db1bb320574f9394e28fb24359348c56883fa72c;c22f8291f177d46918173cc7ac107d37bab269bd343bb8c3f5ed7067c0f9c7c4;2026-09-28T19:47:05.797752+00:00;false
LOC-0112;LOC-0142;BICYCLE;2026-08-17T07:00:00+03:00;OK;1895;32;8932;LOCAL_VALHALLA_MATRIX;1b88a04285a2e923b70432f6e0c4c12289ee4c0c6374b07365ff9f43786e2a2a;012e417c2a33e5fb5a37def0610e2cf18e4a2387a06d3638ce87666732ecdf2b;2026-09-28T19:47:05.797752+00:00;false
LOC-0112;LOC-0145;BICYCLE;2026-08-17T07:00:00+03:00;OK;817;14;3886;LOCAL_VALHALLA_MATRIX;78eef90b48ba8c08e65268f24ed2ac52697baf8f7a6648fbc0b36c20d8f2cc6d;954b012ecd2a486825cefdf5b6b69530add7d84e5de02209fa58ba5e97f5d848;2026-09-28T19:47:05.797752+00:00;false
LOC-0112;LOC-0148;BICYCLE;2026-08-17T07:00:00+03:00;OK;710;12;3406;LOCAL_VALHALLA_MATRIX;8a29e6f7f42433e21146f6d4a15966f74fe6f82a8102731c89f49c4195814122;1a2130f225c232e397de75df8d4c2f335448ea3c576a5e90842eb0bf31ebce51;2026-09-28T19:47:05.797752+00:00;false
LOC-0112;LOC-0149;BICYCLE;2026-08-17T07:00:00+03:00;OK;619;11;2925;LOCAL_VALHALLA_MATRIX;f834ee1226a4425e549f3f9bd3eea7dd80992a43a5b1132249da19ffc630f3cd;03c78cf97e5f905b6221c93cfa6b075d55130e57ca6f4cf297cfa885fc51d634;2026-09-28T19:47:05.797752+00:00;false
LOC-0112;LOC-0150;BICYCLE;2026-08-17T07:00:00+03:00;OK;583;10;2740;LOCAL_VALHALLA_MATRIX;21706782649b05d392f8c74b93e405c0633ee058bf48947195ebf62f10b50a2f;acd8c511d4f3d84f268b32031687170c1fd30be68e71c0b4a1b26c5ae7483f2c;2026-09-28T19:47:05.797752+00:00;false
LOC-0112;LOC-0151;BICYCLE;2026-08-17T07:00:00+03:00;OK;798;14;3811;LOCAL_VALHALLA_MATRIX;8645de652380d5046634fc3fbbc0f20ad2bedd07ba24f6f00c8ece25cadbe49e;6cdc41a418d4debd6608f25da40a4bc131430694c64aafad07624059b60c0c30;2026-09-28T19:47:05.797752+00:00;false
LOC-0112;LOC-0152;BICYCLE;2026-08-17T07:00:00+03:00;OK;800;14;3803;LOCAL_VALHALLA_MATRIX;5e31d1a3a772c6fd797f0066dcacd8b67ff66715b388a499332ca860528bf018;89d08f50a2fab6c6df21c82fa1978061562b16dc071651e98bfa818cb907d37d;2026-09-28T19:47:05.797752+00:00;false
LOC-0112;LOC-0190;BICYCLE;2026-08-17T07:00:00+03:00;OK;595;10;2661;LOCAL_VALHALLA_MATRIX;eb795b37302e369ee834ab53bbbf782e137556fb2d0aa35e913852205695feac;5f3eae1bcbee5e81911ccd1a79d784f08bc636ba3496d5403bfa9224bc10ea3e;2026-09-28T19:47:05.797752+00:00;false
LOC-0112;LOC-0196;BICYCLE;2026-08-17T07:00:00+03:00;OK;1105;19;5198;LOCAL_VALHALLA_MATRIX;1556505b82edbb570083cc0acc3d708761fb54a444dd9abf8b349d83c7081fc4;db8d002238a73a3e6b6082271dca273695fa0739f7e35273ca923b5f5a664bd6;2026-09-28T19:47:05.797752+00:00;false
LOC-0124;LOC-0002;BICYCLE;2026-08-17T07:00:00+03:00;OK;3070;52;14917;LOCAL_VALHALLA_MATRIX;0cf4dea249c18ea579d4a5811104308f50a08426252568ba18f074c83982e74a;de1c91dfe0d7791127bae2da58a09d9580686b6740f7a0e7215a3cc871f29bdc;2026-09-28T19:47:05.797752+00:00;false
LOC-0124;LOC-0008;BICYCLE;2026-08-17T07:00:00+03:00;OK;3145;53;15031;LOCAL_VALHALLA_MATRIX;f09c88ad96a28a1a4451a44c79006a809300c760b3fca749bf022236693457ee;cfb1181d15fdee8601e555329210d4ada0cefe016a1414001c8b0edea25256c8;2026-09-28T19:47:05.797752+00:00;false
LOC-0124;LOC-0009;BICYCLE;2026-08-17T07:00:00+03:00;OK;306;6;1245;LOCAL_VALHALLA_MATRIX;afb9bc42de4888ba9f7c0f6fdf2d79d5eb74167d3560c00c6c2fb4a717f2b633;518d3d493ca05c6cdfd3cb3cfe942169d9d549a180bac4ff3b8e6bdd21f42569;2026-09-28T19:47:05.797752+00:00;false
LOC-0124;LOC-0010;BICYCLE;2026-08-17T07:00:00+03:00;OK;3128;53;14844;LOCAL_VALHALLA_MATRIX;83bce38d3d4a399fccea7139fa821f07e24a4cbdac67668b066f608c6addd465;bd04f7dfeb90d072ba1220a14d7e612a4307053f12a911502b1ebcde8faa4116;2026-09-28T19:47:05.797752+00:00;false
LOC-0124;LOC-0011;BICYCLE;2026-08-17T07:00:00+03:00;OK;3015;51;14390;LOCAL_VALHALLA_MATRIX;9d55bb4e90ab91f02c7db38524e4f00e2f8f015cab28fad29583b1290f76b83d;4409616b9b6024f9bfebd339ac697279d73a6cc1da3f975149f24b8f4e74a3d2;2026-09-28T19:47:05.797752+00:00;false
LOC-0124;LOC-0012;BICYCLE;2026-08-17T07:00:00+03:00;OK;2844;48;13588;LOCAL_VALHALLA_MATRIX;54498f033892b96026c8e48e5442f68ad7806f4c9f955c4bbc54abfc003b1112;75a23177eb3f4bd7253e3b1d042d5f18e40be3e1ae816e2e489edfdab1430777;2026-09-28T19:47:05.797752+00:00;false
LOC-0124;LOC-0013;BICYCLE;2026-08-17T07:00:00+03:00;OK;3174;53;15450;LOCAL_VALHALLA_MATRIX;9a35a9ad4fbbf8268505ef4d95ccbf946a0231b6597a1440cc7d0fde4536d54d;3204f82e6c514d83fac12e6b946d7937b0260dfaaf224c94ebb2f6a8cf0b33cb;2026-09-28T19:47:05.797752+00:00;false
LOC-0124;LOC-0016;BICYCLE;2026-08-17T07:00:00+03:00;OK;1913;32;9200;LOCAL_VALHALLA_MATRIX;29ca849d789e86a21aaab224a7dae3689aed38f2a8ae2820f15522bb051fc703;cb7db1869a4198bbc364bbbe58cf74cfb2dbcaff258bfe81f635827619d9899d;2026-09-28T19:47:05.797752+00:00;false
LOC-0124;LOC-0017;BICYCLE;2026-08-17T07:00:00+03:00;OK;1743;30;8486;LOCAL_VALHALLA_MATRIX;e41c834edb6355c076abd02b5615466dd48d1325899e9fdc8e9293d7718a1638;183688ba401fe4f81fc37b0a9eae8f2851eafc546ed812f662dd863b3608f4f0;2026-09-28T19:47:05.797752+00:00;false
LOC-0124;LOC-0018;BICYCLE;2026-08-17T07:00:00+03:00;OK;1778;30;8681;LOCAL_VALHALLA_MATRIX;3389c27db83a9a016f04f733aa64eeaecbb7835fc70061faeab0ba94982acf18;b4ac0bdb6d9e7e76288daf11e86f4ffc1b43d88101221dff9a14b4cbf80ab23d;2026-09-28T19:47:05.797752+00:00;false
LOC-0124;LOC-0019;BICYCLE;2026-08-17T07:00:00+03:00;OK;3305;56;15701;LOCAL_VALHALLA_MATRIX;3817e7f3197b91d2907ed0e87498c8eb2372247aabb83aa06da479ff2178d364;b58014080187a16bd55311eb8c011012864063f19d3e6144adadbe7f465bd27c;2026-09-28T19:47:05.797752+00:00;false
LOC-0124;LOC-0020;BICYCLE;2026-08-17T07:00:00+03:00;OK;3124;53;14851;LOCAL_VALHALLA_MATRIX;5afa5fa1b68bb75c16f2ef332ef144529cc4d0e2fceb56465d51fcb72a6fa93c;52a07549cd9dbf5201fa1a49503781649f3b270a82dd55f847513a0dd37c1385;2026-09-28T19:47:05.797752+00:00;false
LOC-0124;LOC-0023;BICYCLE;2026-08-17T07:00:00+03:00;OK;1888;32;9011;LOCAL_VALHALLA_MATRIX;1e6b94b3fbcc974b055da9960e7bd91818bce6edb347374ad25fe9fe85d4e134;3d8b490a22b5343a31f8b24925ece7eae82f562fd3180819f4b07daddfdc354e;2026-09-28T19:47:05.797752+00:00;false
LOC-0124;LOC-0027;BICYCLE;2026-08-17T07:00:00+03:00;OK;1927;33;9243;LOCAL_VALHALLA_MATRIX;a6b7cab5146bb59b12464052122adc3019a90b04777e93403fe08795c9ee072e;3c27226eb51be7bffc9e86319b3f5bf21ea418b3f7531d730b8d4d1aadab2d00;2026-09-28T19:47:05.797752+00:00;false
LOC-0124;LOC-0028;BICYCLE;2026-08-17T07:00:00+03:00;OK;1663;28;7928;LOCAL_VALHALLA_MATRIX;7cd73e804d3519d2d0f16f7157027bf983cf5ece8c165a17d6aca35237da1ecb;aae6cc7340ea45495e9ed47c53218c22229ee02ec727ec73932b86aae4c3591e;2026-09-28T19:47:05.797752+00:00;false
LOC-0124;LOC-0029;BICYCLE;2026-08-17T07:00:00+03:00;OK;1626;28;7799;LOCAL_VALHALLA_MATRIX;de9610c2ec8428ab01f8ffa56ccbaee3ea8339f24bd140ea10ad7c85b5317a2d;e86c67cfac1ee79840fbf0e7f22c72a91d17f5c9a1f840ae193647cc716e10ee;2026-09-28T19:47:05.797752+00:00;false
LOC-0124;LOC-0037;BICYCLE;2026-08-17T07:00:00+03:00;OK;3071;52;14833;LOCAL_VALHALLA_MATRIX;5376d540e2ba1201d9ceb4dba873639b92d1d1858d9131e77f24c1065ae7b2e8;b157e493f7cc3654d043274a6ecf790d551eab30c77ac058b6e60a536c8a9092;2026-09-28T19:47:05.797752+00:00;false
LOC-0124;LOC-0045;BICYCLE;2026-08-17T07:00:00+03:00;OK;1372;23;6540;LOCAL_VALHALLA_MATRIX;de43c9912c20bc5f957f5c561592bc1bacdb921ceab6af5992b420263c8401ca;424e13ae8e93e1bc8183bcab9c73914c04e9f07b4e46afbf860f86bfa053d68e;2026-09-28T19:47:05.797752+00:00;false
LOC-0124;LOC-0053;BICYCLE;2026-08-17T07:00:00+03:00;OK;2024;34;9777;LOCAL_VALHALLA_MATRIX;e2f48fa7d07d47300fe099a5fe2251d4cbb26eaeb63b02f90879afa0a3c47616;e8b158156e97b476c51f7e0822b65907182a6844d0c110ec10b046ce7e228677;2026-09-28T19:47:05.797752+00:00;false
LOC-0124;LOC-0054;BICYCLE;2026-08-17T07:00:00+03:00;OK;3048;51;14779;LOCAL_VALHALLA_MATRIX;c31766f7628b62daaf3eac151f4509b3fbef4af3c91d6c70c0d8af06fc76b280;cc0b14731857c81de96d0b907b6dada82282ca5418426a91fd99ab4226caa192;2026-09-28T19:47:05.797752+00:00;false
LOC-0124;LOC-0061;BICYCLE;2026-08-17T07:00:00+03:00;OK;2882;49;13594;LOCAL_VALHALLA_MATRIX;7396c7ca1e5057da2d452a6079a2cf7c348100c3e9badc64a77dd08c221bd219;c4cc797d1c971a58b19a8dd293e2de4c03e72338379a62f896d44e86a3201bf4;2026-09-28T19:47:05.797752+00:00;false
LOC-0124;LOC-0063;BICYCLE;2026-08-17T07:00:00+03:00;OK;1121;19;5392;LOCAL_VALHALLA_MATRIX;2983d1822e2286c8c98d2d8a2bcc591e5f0391d26563eb01221366194c9e8c7d;7921b97863acc1790cbc97d1a4f734d066acdc9cb4d7a073dc868271b1f2512e;2026-09-28T19:47:05.797752+00:00;false
LOC-0124;LOC-0064;BICYCLE;2026-08-17T07:00:00+03:00;OK;1143;20;5414;LOCAL_VALHALLA_MATRIX;7e8a879aaf76db5efd0ad0d2e698fea67ab603a1a6ff0da32f1158dcfaa19274;1121c0ecd60a00835864a95d6ab12d7db3a5cd4c5b5bcb32127af8f8b41cb25a;2026-09-28T19:47:05.797752+00:00;false
LOC-0124;LOC-0074;BICYCLE;2026-08-17T07:00:00+03:00;OK;2019;34;9614;LOCAL_VALHALLA_MATRIX;91d51051f39d72173dca71e57f2db2fcd1f1fad860c5691623361bd5df7a89ef;57f5e22ce1d06b5c7ba7d26ea3366723602775ac2d87bfef030b955614946ce0;2026-09-28T19:47:05.797752+00:00;false
LOC-0124;LOC-0075;BICYCLE;2026-08-17T07:00:00+03:00;OK;1955;33;9481;LOCAL_VALHALLA_MATRIX;7c1f502ea3f4ae45c3ccdbd9b90ea95c3e51ac1ec4927a5b088d0df0945cd686;182c8a2c4bdac52c3b2d760d97fb508f1516f9b243aef48f6640350d0eb51d43;2026-09-28T19:47:05.797752+00:00;false
LOC-0124;LOC-0076;BICYCLE;2026-08-17T07:00:00+03:00;OK;1748;30;8295;LOCAL_VALHALLA_MATRIX;8d2238585cea94008caadbc3368ab9470626db569fc5e63593bdbcfd2c85bdf7;c4b81d7c588845d2a54d3027d41b0c07dd1f8cbc4ae6eee08d131dc3852ea5d3;2026-09-28T19:47:05.797752+00:00;false
LOC-0124;LOC-0078;BICYCLE;2026-08-17T07:00:00+03:00;OK;1289;22;6133;LOCAL_VALHALLA_MATRIX;f65b6294df7c2717787a08f6d8bd8936353f45dad5edff38f59346119bb9096d;9600fab907811cf8266d3dc846a5b379481738641865c8545e356fc9bff806b9;2026-09-28T19:47:05.797752+00:00;false
LOC-0124;LOC-0080;BICYCLE;2026-08-17T07:00:00+03:00;OK;1938;33;9239;LOCAL_VALHALLA_MATRIX;051f5c94e23b04e898ce3ba4e688882ef9b64e8bff5f82a5d4d7092d392af0fc;604dc6e4b1dceae1e8732c58ec7f96420f6fe40cb22676215b2e5835bc94d970;2026-09-28T19:47:05.797752+00:00;false
LOC-0124;LOC-0082;BICYCLE;2026-08-17T07:00:00+03:00;OK;1249;21;6042;LOCAL_VALHALLA_MATRIX;aeb55ea6c04b73a384f85822fd5c2d46801b2d17c2f0c64c1aa126d5ef216c22;84b468025563190f20865b577b5481dff246b8f422b708bcdba0284ad7fcce50;2026-09-28T19:47:05.797752+00:00;false
LOC-0124;LOC-0085;BICYCLE;2026-08-17T07:00:00+03:00;OK;3299;55;16030;LOCAL_VALHALLA_MATRIX;a1b013954f3bd75f2f6a785df1c78b2fa029e01f206e6cd28877ab8f8a8cbc08;6b6839bd4a0c2ad0b3a65351081c45b383e0b9c084414a15179d4727a8f49d94;2026-09-28T19:47:05.797752+00:00;false
LOC-0124;LOC-0086;BICYCLE;2026-08-17T07:00:00+03:00;OK;3345;56;16094;LOCAL_VALHALLA_MATRIX;08237e7da97f5d969a01183f2648fdb0cd7f2108ea38ec27e1ad6fa0d0222490;5e32866afaa71b46b73849aed81bef45933349e5c317fe29c0441607b3f4b495;2026-09-28T19:47:05.797752+00:00;false
LOC-0124;LOC-0091;BICYCLE;2026-08-17T07:00:00+03:00;OK;2964;50;14139;LOCAL_VALHALLA_MATRIX;43a484efa580ffeec93cd0f54c0a9626b11b6b5adbe052b80262d906400ff390;fc8d3aee7382d4a798f42781444eb426066c1bf6883df3e3e341d9a489bdf644;2026-09-28T19:47:05.797752+00:00;false
LOC-0124;LOC-0092;BICYCLE;2026-08-17T07:00:00+03:00;OK;2818;47;13399;LOCAL_VALHALLA_MATRIX;e5b7f659026b99bfd4fb4973a04ffb15a2f8029945a6ac8d4ac55833ba4f90a3;5f49409147e493629b68d7993cb96f6f623650db5dc404bbd28a9a03e61300a9;2026-09-28T19:47:05.797752+00:00;false
LOC-0124;LOC-0093;BICYCLE;2026-08-17T07:00:00+03:00;OK;2811;47;13209;LOCAL_VALHALLA_MATRIX;45382cdd71914a95d34abc9b9ce4cebd82cf863b9a96470d1a309e911c1465f7;6eaf73665fdd363b3dc935a2a108e7fd45cc02c84174a3af52d75b29e927a707;2026-09-28T19:47:05.797752+00:00;false
LOC-0124;LOC-0094;BICYCLE;2026-08-17T07:00:00+03:00;OK;3458;58;16780;LOCAL_VALHALLA_MATRIX;426c53e04d4c809565dad716f24c589eb0af0d819d0ecde3eb806c4f8f1bcd6f;8808714542d14cc7148eaa52cd4ab01eba3554134e1b1a3acdecf2fd3116c4f5;2026-09-28T19:47:05.797752+00:00;false
LOC-0124;LOC-0095;BICYCLE;2026-08-17T07:00:00+03:00;OK;3637;61;17598;LOCAL_VALHALLA_MATRIX;f485b94397b4a36d7519de8616351a688647bab37697ac94e7e6803ddd8cfa0a;4ab936c5a5239f94958772729f99df468d0445438c14f4bb9f6524c1790f61b5;2026-09-28T19:47:05.797752+00:00;false
LOC-0124;LOC-0102;BICYCLE;2026-08-17T07:00:00+03:00;OK;881;15;4207;LOCAL_VALHALLA_MATRIX;2abfdb4d831f7ab2341c47040bc9fb853ea480dc25c5e65d84a073fd694a5e9d;28f0934495e2dfb8bbd70c6346012ec1662e101e7d3f1c8b3d94a11bd4b4147e;2026-09-28T19:47:05.797752+00:00;false
LOC-0124;LOC-0112;BICYCLE;2026-08-17T07:00:00+03:00;OK;2410;41;11491;LOCAL_VALHALLA_MATRIX;630269e72969e0399b50939e25e161e8dae2d0b9d454c492f30fb12e3d33262c;e4ed3d5c9cb8804122d78325ec9c78a97a4b7938eb2293321e773e03bddb43f9;2026-09-28T19:47:05.797752+00:00;false
LOC-0124;LOC-0124;BICYCLE;2026-08-17T07:00:00+03:00;OK;0;0;0;LOCAL_VALHALLA_MATRIX;906d2c8640195ce1cf16aca17621e61049266098d2c778541268d68889d6c3ad;3d5812abc84c11768aa73a732c85d75dbed439188f5bb3239e9b762ea31d9862;2026-09-28T19:47:05.797752+00:00;false
LOC-0124;LOC-0125;BICYCLE;2026-08-17T07:00:00+03:00;OK;1777;30;8463;LOCAL_VALHALLA_MATRIX;8adbd10b6d42bff4d65be8bc25b1b6f346838dfa89a3dd6f100685c7c082cfbb;c76b5f32f48f187ba069d4208b3da675ed8b2d2697ec57e2366ea4d91dae49e9;2026-09-28T19:47:05.797752+00:00;false
LOC-0124;LOC-0126;BICYCLE;2026-08-17T07:00:00+03:00;OK;2354;40;11290;LOCAL_VALHALLA_MATRIX;aaee41df1102d8a2707a1301cda758891b36c9004f7e09faa2545f01fe856997;973a50b96910b2a37a8639218d9646b25310331bdd4a2136de7a35ab954bf216;2026-09-28T19:47:05.797752+00:00;false
LOC-0124;LOC-0128;BICYCLE;2026-08-17T07:00:00+03:00;OK;2995;50;14476;LOCAL_VALHALLA_MATRIX;a5a4ed236abef81ab1e49056293f5f4465350cfd12ddbd8de40d6e1f7dc3e04f;a7bde5f232a1108bbc26853456159258c8bb146b184778f3c5d5aa6754edc65e;2026-09-28T19:47:05.797752+00:00;false
LOC-0124;LOC-0134;BICYCLE;2026-08-17T07:00:00+03:00;OK;3095;52;15072;LOCAL_VALHALLA_MATRIX;4cbbd21f958b79aaafc00568d15310fce730e3318d8f9f2fee44358ff0957038;8367669860bf8de85b0dfe7201fe0935b4239f15952f1e453d75b72c6f50128b;2026-09-28T19:47:05.797752+00:00;false
LOC-0124;LOC-0135;BICYCLE;2026-08-17T07:00:00+03:00;OK;3093;52;15056;LOCAL_VALHALLA_MATRIX;0e638f0067150ba8f9e536e3836e63a868e966e45c68778db6a32fb8ea1c343c;81208dc546c8104d780a64f1eda8efcf7b97d8eef263b4cdf5d09cd3eafca0ca;2026-09-28T19:47:05.797752+00:00;false
LOC-0124;LOC-0136;BICYCLE;2026-08-17T07:00:00+03:00;OK;3234;54;15702;LOCAL_VALHALLA_MATRIX;472e3bc8cf80810aa987d3764d5062ad8c4f5244ebe273751eb07abea2814cd5;da311f2de87bed93aee5a4e2a4a2fe4daeab721a22dc8f4a88c7d4d63c28dd5d;2026-09-28T19:47:05.797752+00:00;false
LOC-0124;LOC-0140;BICYCLE;2026-08-17T07:00:00+03:00;OK;2101;36;10145;LOCAL_VALHALLA_MATRIX;31c041d76bd160d564ca49dbd56619ff3141ff3d1ced2210c85603c8aad7cde1;77e1ec5f2563fe3db5b997eb9b5d3924c9ce6bcc79cad7191ab5b1066925a6ac;2026-09-28T19:47:05.797752+00:00;false
LOC-0124;LOC-0141;BICYCLE;2026-08-17T07:00:00+03:00;OK;628;11;2775;LOCAL_VALHALLA_MATRIX;3bdc1f798be43e679f2c77707abe9bdb2b327f9f77509ded7369045dc76477d7;1feb9e4abc1e04dabb6a8a05002999eeab63d86a33f7868156d863458ecf14be;2026-09-28T19:47:05.797752+00:00;false
LOC-0124;LOC-0142;BICYCLE;2026-08-17T07:00:00+03:00;OK;670;12;3021;LOCAL_VALHALLA_MATRIX;4f866728c9268b967c9fa96b5ea6803c96edcf30d903d31db8407f899e821496;e64d1eb7f6327aceae18a717aadf3d86cfbcfa901504c192396c20a7bd57c1ac;2026-09-28T19:47:05.797752+00:00;false
LOC-0124;LOC-0145;BICYCLE;2026-08-17T07:00:00+03:00;OK;2827;48;13429;LOCAL_VALHALLA_MATRIX;0687bff5183448b116ee1c3d78c1d54caeca63de92b8a6bbf24cf8a750734f31;6f51732350b15168031c194e4432a31a4dd72b54ab13933af5c016a27e513fb4;2026-09-28T19:47:05.797752+00:00;false
LOC-0124;LOC-0148;BICYCLE;2026-08-17T07:00:00+03:00;OK;1905;32;9268;LOCAL_VALHALLA_MATRIX;ac31429c3251395e293663f7a7bdb72fe10df4dba846cbd3ded4fa44beab1519;784a5856ee99f0a5bfdba93f10a51bbc08d674d8ab2e705a1e65b18bb7f4b2e1;2026-09-28T19:47:05.797752+00:00;false
LOC-0124;LOC-0149;BICYCLE;2026-08-17T07:00:00+03:00;OK;1969;33;9577;LOCAL_VALHALLA_MATRIX;2e7fc734f77dc9d4d8c802771f5bccec2ffcda37102db3f9fdb583a3d3cd6dcd;3eed7f6982592dea31bd84c89a0496ccaa49ec0325727113756ee2ceea096c4a;2026-09-28T19:47:05.797752+00:00;false
LOC-0124;LOC-0150;BICYCLE;2026-08-17T07:00:00+03:00;OK;2053;35;9855;LOCAL_VALHALLA_MATRIX;12b1245922f17ee5bf7cbff15a984586e25c04e6cfcdcdea397717e03edd5725;df12c37201f842e71e4b6b037dc9a3d1d0408d0990fd4780179d617bd04c4661;2026-09-28T19:47:05.797752+00:00;false
LOC-0124;LOC-0151;BICYCLE;2026-08-17T07:00:00+03:00;OK;1831;31;8896;LOCAL_VALHALLA_MATRIX;ad2a8098c5d158c573bbf011001e0c953cae852742d60c32b64a9f76a8752e14;1e3942f1395a283c73abe31219e92648bae0f8dc92e676c8abf3dd871ca525ca;2026-09-28T19:47:05.797752+00:00;false
LOC-0124;LOC-0152;BICYCLE;2026-08-17T07:00:00+03:00;OK;1850;31;8988;LOCAL_VALHALLA_MATRIX;360edde31f38cd65374230a8c64ecee8771a650a62f4033090b0b3cef7cba5f0;b8106626ef657d5077ff035748c7ddb8da04c356915589574f796d82b17ca446;2026-09-28T19:47:05.797752+00:00;false
LOC-0124;LOC-0190;BICYCLE;2026-08-17T07:00:00+03:00;OK;2583;44;12548;LOCAL_VALHALLA_MATRIX;c4953726c57f7875ed2a54fc3257b6f34c5f52e5f917b610d5b97b666364771b;15926d27fd31677d334c8df8bb24f59c583fed82204cb99e0bf1cd6f9f07b1ce;2026-09-28T19:47:05.797752+00:00;false
LOC-0124;LOC-0196;BICYCLE;2026-08-17T07:00:00+03:00;OK;1728;29;8257;LOCAL_VALHALLA_MATRIX;f1ebfd4387d48b91be214e57064296488663fc49cfdf6279e11dada02cc2e070;1e057e3a9ad52330a8eb33b45347949824ad8ccdc4c63137d5ada93b8f041c79;2026-09-28T19:47:05.797752+00:00;false
LOC-0125;LOC-0002;BICYCLE;2026-08-17T07:00:00+03:00;OK;1962;33;9308;LOCAL_VALHALLA_MATRIX;bbb47132358a07dd62bc47d4e13b8e813899081ed9d52a9f08f70d9a59e413ed;1f9dd936ac8a674a079c8b2c7a05fe8bd23395db0d0b8cd258189b6151ace4b6;2026-09-28T19:47:05.797752+00:00;false
LOC-0125;LOC-0008;BICYCLE;2026-08-17T07:00:00+03:00;OK;1553;26;7301;LOCAL_VALHALLA_MATRIX;809d602581ae693366aaffb69644368947238e210b89fc43cab840e6b4696c3d;71e765080169ca06c7d9d44e615c47d6e74018a1d185d75f690ef6d6e6b30df9;2026-09-28T19:47:05.797752+00:00;false
LOC-0125;LOC-0009;BICYCLE;2026-08-17T07:00:00+03:00;OK;2000;34;9293;LOCAL_VALHALLA_MATRIX;c4f38e1852b1f5f8612b74af24e73ca0506b0c24fa56459d41a59537ae0f05d3;c12c26fbe086cab4e560cedd46b32ac361702a75763d1c507b88fafaa109ffb8;2026-09-28T19:47:05.797752+00:00;false
LOC-0125;LOC-0010;BICYCLE;2026-08-17T07:00:00+03:00;OK;1404;24;6561;LOCAL_VALHALLA_MATRIX;041690ced1becb93105dde62b812dfda8fb9b5e5bcd4fa6024c8345ff7b5fdaa;ac44ca750cdd8ba12190be17113e87c71a60cf4fa6f178a97aa939d53589b706;2026-09-28T19:47:05.797752+00:00;false
LOC-0125;LOC-0011;BICYCLE;2026-08-17T07:00:00+03:00;OK;1422;24;6660;LOCAL_VALHALLA_MATRIX;ee83bab4b6bd780bb02ecfa30ed3169860eb782f08edaaca2bd0be1d9188e08f;4bb126aff179e56d799593ce3ed93facbbe5a58d1b54fdbd18ef47d2d132dd46;2026-09-28T19:47:05.797752+00:00;false
LOC-0125;LOC-0012;BICYCLE;2026-08-17T07:00:00+03:00;OK;1252;21;5858;LOCAL_VALHALLA_MATRIX;b9c6bac0d32bcc29bea11a75853b2c08e4e81ac35f6a8b561f46d20f5dcfe0cc;64dc4dd2c56b8783cf2df9fe6c5fe4bb4d4df11025003ead287d5d652350e95d;2026-09-28T19:47:05.797752+00:00;false
LOC-0125;LOC-0013;BICYCLE;2026-08-17T07:00:00+03:00;OK;2067;35;9841;LOCAL_VALHALLA_MATRIX;9cb36eb29897e05b93993832e68abdcef174cb48e9a5881dcdc259067bbd9e0a;936cc37d1b4777fee7eb85d9a1f4ff058a10d58b04afcf2e612167bcb6fae4c7;2026-09-28T19:47:05.797752+00:00;false
LOC-0125;LOC-0016;BICYCLE;2026-08-17T07:00:00+03:00;OK;2743;46;13131;LOCAL_VALHALLA_MATRIX;e155fc1af8c17ddf5fab94a08ec580947bcc49e720e7c41667ae3ca38ee24408;f3d71102401588db39b3bba21ff886269a8dc3aad42ba53a6abd6a0c315ed2f7;2026-09-28T19:47:05.797752+00:00;false
LOC-0125;LOC-0017;BICYCLE;2026-08-17T07:00:00+03:00;OK;354;6;1621;LOCAL_VALHALLA_MATRIX;897498d54a791a4fe9bb9b44d79c3059858cbe2383ec9658348915d4587196ee;42b651dfc66e8bfd8cf2cc7e916a6552d041d44918b79eefe63bda534a137c39;2026-09-28T19:47:05.797752+00:00;false
LOC-0125;LOC-0018;BICYCLE;2026-08-17T07:00:00+03:00;OK;315;6;1429;LOCAL_VALHALLA_MATRIX;a80f665570af10fe8be897ec482a17f804174c4d77c3fe22bd148cd6f31ea167;2db86b393d150134ef00dc6a88f9c2b0fc79ddec3209f0888470b08518aead32;2026-09-28T19:47:05.797752+00:00;false
LOC-0125;LOC-0019;BICYCLE;2026-08-17T07:00:00+03:00;OK;1581;27;7418;LOCAL_VALHALLA_MATRIX;29f222d476d3cd2faef6a1b062c8989609c727a113e7c90579dfff8e39028027;d8bc20d805e712b9bd3110f115ca8a8ee75f36be8e40d77b39b4ad099588fdf9;2026-09-28T19:47:05.797752+00:00;false
LOC-0125;LOC-0020;BICYCLE;2026-08-17T07:00:00+03:00;OK;1400;24;6568;LOCAL_VALHALLA_MATRIX;d7b92e6d4907ec152114464510ff9f7597e4f966e51b43d51068e2b4f83440c5;99d7047a23bebd3a573f4fe2e88371e40a46f3c147ce938a7be18426ed279f3e;2026-09-28T19:47:05.797752+00:00;false
LOC-0125;LOC-0023;BICYCLE;2026-08-17T07:00:00+03:00;OK;300;5;1351;LOCAL_VALHALLA_MATRIX;cb0e51cc902cbb13c38644ade87abbab20d1a19693b8f8ade2183872d20399f7;71b04249a62b09f17ce40fc7afacbd68f91393054d27673e31b31e0bb3c11788;2026-09-28T19:47:05.797752+00:00;false
LOC-0125;LOC-0027;BICYCLE;2026-08-17T07:00:00+03:00;OK;824;14;3858;LOCAL_VALHALLA_MATRIX;31b6cc2d8a3e43ee93242878bed1c713f5560d90e7fad2c54ea89917b68b2bc1;9da0a9c35d2da5a61516e5718a96b71c91966bb47507de9fcfb5b8f813127034;2026-09-28T19:47:05.797752+00:00;false
LOC-0125;LOC-0028;BICYCLE;2026-08-17T07:00:00+03:00;OK;1810;31;8547;LOCAL_VALHALLA_MATRIX;47ba0bfc3518088e45e385db13a5a89a6705cc1e76cd0db2cfb0781936fbc1f9;447f3292acf5a37d1f95c65228a7a22deb7bb21cfa541b5aa4382f1bb26c3acf;2026-09-28T19:47:05.797752+00:00;false
LOC-0125;LOC-0029;BICYCLE;2026-08-17T07:00:00+03:00;OK;1736;29;8170;LOCAL_VALHALLA_MATRIX;7b65e8cc1d585f21c6c28315ca2c0b8313500264c75ef08301ac262759ed6e01;6ce909bdf240214a9087c8b94d8ca1638b3f7edb8f41f19a72f8f8a522f91bbc;2026-09-28T19:47:05.797752+00:00;false
LOC-0125;LOC-0037;BICYCLE;2026-08-17T07:00:00+03:00;OK;1666;28;7983;LOCAL_VALHALLA_MATRIX;38affce0aeab40a5021a6bdbcfb6c8fa4bfbf5d0a7995bd10d67f2a036522e3f;b307d5ff3f2ac24fb1390a8dce1fc94bb40937ccb6301ef492c2d6a9a131f34e;2026-09-28T19:47:05.797752+00:00;false
LOC-0125;LOC-0045;BICYCLE;2026-08-17T07:00:00+03:00;OK;1052;18;4999;LOCAL_VALHALLA_MATRIX;3c0060324d647ce92e7c0eb287a2e2d9af6a02e6fcce44e69c980f551d773c72;8bca79b059474c3c649593bb8dcdd64def169bd65b16f173c1ab4fe3f893e1fd;2026-09-28T19:47:05.797752+00:00;false
LOC-0125;LOC-0053;BICYCLE;2026-08-17T07:00:00+03:00;OK;2712;46;13018;LOCAL_VALHALLA_MATRIX;13d5efb0a9157cfa93c8235c013cdfecac3f555e3c988478d399f8a9fad23330;06753cd681e7cca08d89614420eace6f1cc9501328575e152b2eae01fb1b5dc5;2026-09-28T19:47:05.797752+00:00;false
LOC-0125;LOC-0054;BICYCLE;2026-08-17T07:00:00+03:00;OK;1573;27;7543;LOCAL_VALHALLA_MATRIX;5363415bd5cc3a8bebd68d42fcabbddddbb7dbf63556f59c68c75cef4bbc23f2;4df2dbf98c4539950f8961f8a7661a68f977a6262ced7b0ed2df0f7a6eede436;2026-09-28T19:47:05.797752+00:00;false
LOC-0125;LOC-0061;BICYCLE;2026-08-17T07:00:00+03:00;OK;1287;22;5864;LOCAL_VALHALLA_MATRIX;d0b179c09aa45d3eb77fcf4f57ef325a4e9ec8a68ce2badc228fabba76f2e532;7142a0438aeaa1bf6ca15883316287546ac2aab1b36d55d9a9f75fd1e15280f3;2026-09-28T19:47:05.797752+00:00;false
LOC-0125;LOC-0063;BICYCLE;2026-08-17T07:00:00+03:00;OK;1614;27;7551;LOCAL_VALHALLA_MATRIX;6f4a28d7630a36c6da07efb7d6bfbffbd96815b5b59c159aecd197613bc976ae;570514ff0da6d9c1c61ac5642581851d08bdd06fc93519b09d7fd8b61e2ecb2b;2026-09-28T19:47:05.797752+00:00;false
LOC-0125;LOC-0064;BICYCLE;2026-08-17T07:00:00+03:00;OK;1455;25;6854;LOCAL_VALHALLA_MATRIX;3ec65d4d6a4ab7701276cb202d337d0672493acd030dbdf6990c032a1506ee6f;0c9eb9c056cc30c099a95f669393256e60bd74571b68bec96a5e20d5cb3ccbdc;2026-09-28T19:47:05.797752+00:00;false
LOC-0125;LOC-0074;BICYCLE;2026-08-17T07:00:00+03:00;OK;456;8;2086;LOCAL_VALHALLA_MATRIX;f1b26ba0a043941a962b454e75cc099474d023c6783f9550f97d2a86e9f8fb7e;1a78f9b967fcdf767140aeae26b8dd7aaf0123fa1ea5eba886a8001636898322;2026-09-28T19:47:05.797752+00:00;false
LOC-0125;LOC-0075;BICYCLE;2026-08-17T07:00:00+03:00;OK;505;9;2295;LOCAL_VALHALLA_MATRIX;adc66f1fa320af941babb75d3ac5dc15323660530b727a0491f93f9e9c36df04;ac235fe46fae411cc6241e46965470cd3fde2ad4fb96c6f4da265a97a996ede7;2026-09-28T19:47:05.797752+00:00;false
LOC-0125;LOC-0076;BICYCLE;2026-08-17T07:00:00+03:00;OK;2793;47;13166;LOCAL_VALHALLA_MATRIX;36a00f290f3c07454f2bfbc0a09c7bb4ef3dc7790cdb18439a8112525d537265;c21d54e6370adb97858da234d249fd56fb9a5922fe6cfe3aa0de8fdbe57e2cc7;2026-09-28T19:47:05.797752+00:00;false
LOC-0125;LOC-0078;BICYCLE;2026-08-17T07:00:00+03:00;OK;1131;19;5355;LOCAL_VALHALLA_MATRIX;3824f974a4eac72423685d087baa9b4c8aa21499873382b1b35857f3ead8d066;2e525229f19d34d162cabaa1e4e1ebb68036e4ee392a067575a5fc5fc999eaed;2026-09-28T19:47:05.797752+00:00;false
LOC-0125;LOC-0080;BICYCLE;2026-08-17T07:00:00+03:00;OK;375;7;1711;LOCAL_VALHALLA_MATRIX;e81811315d5b9c5ef3e751cb35c755a4cb7c1b4dd47fca6a2b8c27fd012f975a;dec7745560d25c8c8b226385445ad3351e2b3d343c67ba342afe782835875abe;2026-09-28T19:47:05.797752+00:00;false
LOC-0125;LOC-0082;BICYCLE;2026-08-17T07:00:00+03:00;OK;1460;25;6974;LOCAL_VALHALLA_MATRIX;215cbe3484064ede73cdcef5db01b33f353c6d080048b1bbcc569ce250959089;e71910573251c4d51730cb9d1b86c16bbc17048a9306f978db49d18e973024f7;2026-09-28T19:47:05.797752+00:00;false
LOC-0125;LOC-0085;BICYCLE;2026-08-17T07:00:00+03:00;OK;2192;37;10421;LOCAL_VALHALLA_MATRIX;7c011e65e87fbe3f5103b3e7fee3b23ffa29caab1ec6854f2c078ec824902b28;32dcd5c1df966198b1597b10c0aba2243a89537122ddcdf94f9e39003d860391;2026-09-28T19:47:05.797752+00:00;false
LOC-0125;LOC-0086;BICYCLE;2026-08-17T07:00:00+03:00;OK;2238;38;10485;LOCAL_VALHALLA_MATRIX;c739b7f355cc71561347171982e0793d2ac5a3097063fa723bb563b64fa26d99;da40fc124b9f3c1b47fc09cd2c0e9f55f6c255d74481aa9b6457ef9bd6ac5689;2026-09-28T19:47:05.797752+00:00;false
LOC-0125;LOC-0091;BICYCLE;2026-08-17T07:00:00+03:00;OK;1240;21;5856;LOCAL_VALHALLA_MATRIX;e1106b98e4730e17fbde4841c520e5f242cd1b4bbcca1b745242f574ecbd8bda;28f893c092f3698b56375687fad5c008378c822d27f1c7b0500a1f13ddd6c820;2026-09-28T19:47:05.797752+00:00;false
LOC-0125;LOC-0092;BICYCLE;2026-08-17T07:00:00+03:00;OK;1094;19;5116;LOCAL_VALHALLA_MATRIX;16b61daf4b616efa47cad483459e81158fde619f0c011fb36b563bdba03c249c;36eaa302a771a85f8bcb80b8e20836de87e88f0a3138bbd98e24c26af8d0bdba;2026-09-28T19:47:05.797752+00:00;false
LOC-0125;LOC-0093;BICYCLE;2026-08-17T07:00:00+03:00;OK;1087;19;4926;LOCAL_VALHALLA_MATRIX;7d70e088c452f7bcba304f864b041ed1ecee45518cb6a5e20a90aeef98d38c30;40ae9aa31db383be52bc46553cf7294f76d9ba4e54b40cc73754d656080883bd;2026-09-28T19:47:05.797752+00:00;false
LOC-0125;LOC-0094;BICYCLE;2026-08-17T07:00:00+03:00;OK;2351;40;11171;LOCAL_VALHALLA_MATRIX;e9bdfc4b9a00004dc0e65026bad68ef268a7083a69937378c306562500cbc37f;d7c3f21c87ff94929838708ddec926b2a14125c3feae3d749e1b9b184d5f2dda;2026-09-28T19:47:05.797752+00:00;false
LOC-0125;LOC-0095;BICYCLE;2026-08-17T07:00:00+03:00;OK;2530;43;11989;LOCAL_VALHALLA_MATRIX;6f09e035f43ef068f06b90fbbf15083e222d48cfb029367a5363a320a12df79f;3c0338cea6391cb2bfa8033f87e14c6a9a9fc3387d129a8ac5af44204c948b49;2026-09-28T19:47:05.797752+00:00;false
LOC-0125;LOC-0102;BICYCLE;2026-08-17T07:00:00+03:00;OK;1577;27;7445;LOCAL_VALHALLA_MATRIX;0f950ce5de32b0462bf2b7b7b72ecbe4ef4e749680a49e3cb57486ef35ca47e1;94932df936ada6d42a8bf331541edb8e095549d423713bda4f0a35a2f134f6fc;2026-09-28T19:47:05.797752+00:00;false
LOC-0125;LOC-0112;BICYCLE;2026-08-17T07:00:00+03:00;OK;685;12;3208;LOCAL_VALHALLA_MATRIX;e761e9cc1b1dffca9507b0c3d0ad34fd3ebec75f5082b5fb06d537b24a0ed1e8;874e96cb78cf33c65bbceae30a48420bd77948f5e0c7bb4ce0d7e17b0e36a8a9;2026-09-28T19:47:05.797752+00:00;false
LOC-0125;LOC-0124;BICYCLE;2026-08-17T07:00:00+03:00;OK;1821;31;8628;LOCAL_VALHALLA_MATRIX;982181cf20876ace54237f0a3726b9e143cdc4220acb99503c47f1f627e83711;e60ae1aeb54b2ffd7d500f3be498423b0d9d59f6e601ba27cc5882c21bbec081;2026-09-28T19:47:05.797752+00:00;false
LOC-0125;LOC-0125;BICYCLE;2026-08-17T07:00:00+03:00;OK;0;0;0;LOCAL_VALHALLA_MATRIX;93f7228579c677369e0e769a57282d3e60bf265b3b4d699ca144a0828d722071;3d5812abc84c11768aa73a732c85d75dbed439188f5bb3239e9b762ea31d9862;2026-09-28T19:47:05.797752+00:00;false
LOC-0125;LOC-0126;BICYCLE;2026-08-17T07:00:00+03:00;OK;717;12;3335;LOCAL_VALHALLA_MATRIX;2e4564ab84ff2973cf81e5100560b9df01bce849b0d4aa0881fa36795ce3b5ba;6ee09f5f5d4834a64a3647e4527686d4953b1b4ef250b6aff2e0a4eba3de4378;2026-09-28T19:47:05.797752+00:00;false
LOC-0125;LOC-0128;BICYCLE;2026-08-17T07:00:00+03:00;OK;1742;30;8309;LOCAL_VALHALLA_MATRIX;92d9678af76689bf161b3e02d43f4fa8b11380eb417e6166057d042c2fbf26fe;c117443a01e152483fd1ed02e81368a7818181e29e93947f010c48cf26ad8733;2026-09-28T19:47:05.797752+00:00;false
LOC-0125;LOC-0134;BICYCLE;2026-08-17T07:00:00+03:00;OK;1988;34;9463;LOCAL_VALHALLA_MATRIX;d64a8806c84944bc20b66b83305ba374d2b1238bf891d112eb10161a7cd1cc58;6801c76884e18c0735fb61c115f5c5b5ec66b88e1bc9f53f60aadc60f87862bf;2026-09-28T19:47:05.797752+00:00;false
LOC-0125;LOC-0135;BICYCLE;2026-08-17T07:00:00+03:00;OK;1986;34;9447;LOCAL_VALHALLA_MATRIX;5bca77fde94b1e67d80cd87d82b3f0dbc80a556b9bdfdece5f5a144c44b78d10;e4c93a7faac4c1305b2745c7fc24828605210e15a3c52e098d5f5d581f8f3490;2026-09-28T19:47:05.797752+00:00;false
LOC-0125;LOC-0136;BICYCLE;2026-08-17T07:00:00+03:00;OK;2127;36;10093;LOCAL_VALHALLA_MATRIX;f28dde5163701d8fe614a52c83490f99b14109f9fb7d16e665051364b0b4acaa;24b70a1745258a5d69139d4863622dd74219282c43809eb86426f124afc16985;2026-09-28T19:47:05.797752+00:00;false
LOC-0125;LOC-0140;BICYCLE;2026-08-17T07:00:00+03:00;OK;2443;41;11694;LOCAL_VALHALLA_MATRIX;7143a7130e77b1a35b2334a62eb42386103149d3d0c2c0be647b5c0c2807a8e1;e7e29c3e147072cbf2522d5c6d83a358779205f1930da4e9b4e6dc61f9307076;2026-09-28T19:47:05.797752+00:00;false
LOC-0125;LOC-0141;BICYCLE;2026-08-17T07:00:00+03:00;OK;1395;24;6456;LOCAL_VALHALLA_MATRIX;f1b7fddfe27ef614e08d9884db7c481021dd190f5e7a58d50f49e16b675819ec;6b3a9d4fd92f68fa23228ba32a72b44393b11be65bab7a86f0f59690175a9085;2026-09-28T19:47:05.797752+00:00;false
LOC-0125;LOC-0142;BICYCLE;2026-08-17T07:00:00+03:00;OK;1346;23;6231;LOCAL_VALHALLA_MATRIX;b631da8e876a521aedaa77ae8e01b5a66b5984b66f1dd30a7433cc2088333ca4;e8f5754c246166b6b9ad9dc44751c4d9eb9fd7306632004abf23eccac8434218;2026-09-28T19:47:05.797752+00:00;false
LOC-0125;LOC-0145;BICYCLE;2026-08-17T07:00:00+03:00;OK;1103;19;5146;LOCAL_VALHALLA_MATRIX;1d08599388ab3e7af02b59c878e29443f4730d75259531f8c30e5d47e95919ce;0edf726d55b3de0607af3a6ee4f8ce7ad39cc097f09e2bb0bff10e9a66279df9;2026-09-28T19:47:05.797752+00:00;false
LOC-0125;LOC-0148;BICYCLE;2026-08-17T07:00:00+03:00;OK;438;8;2005;LOCAL_VALHALLA_MATRIX;4324a7e65f48d3fc22b2b9c8f488dfb0e201cf6a7a86886f14a38869a7c67eff;217607b9a03e2d0b0db08386e6ca6bef271f7a5b5048f6478ca9fc40df263c6e;2026-09-28T19:47:05.797752+00:00;false
LOC-0125;LOC-0149;BICYCLE;2026-08-17T07:00:00+03:00;OK;496;9;2290;LOCAL_VALHALLA_MATRIX;1ff74e8589b28c8ec1e3849f27fbec4a66c4562b80e89639f940e116cf5c9cc2;2599955c702ac33609a6cce7a795a5459fb306a1a2af6f406d4cfa9e2ae93c91;2026-09-28T19:47:05.797752+00:00;false
LOC-0125;LOC-0150;BICYCLE;2026-08-17T07:00:00+03:00;OK;534;9;2463;LOCAL_VALHALLA_MATRIX;d6ab0d18541b3d0f01c5b956bafa47ac4c09285f6a19a4449140f379a1f8f825;fdf526c584202a4c372a0eae829d32ca4cdcad375200313994b4e8fa549868d2;2026-09-28T19:47:05.797752+00:00;false
LOC-0125;LOC-0151;BICYCLE;2026-08-17T07:00:00+03:00;OK;363;7;1633;LOCAL_VALHALLA_MATRIX;31f332cfd713865877bfdcf1ba3ebde2cbde3a737f3d4a2728173a726430621e;a001493dd68996a0b492973b1bc2cee6b7a1bb5c95005b3d85a21d04aaac9e41;2026-09-28T19:47:05.797752+00:00;false
LOC-0125;LOC-0152;BICYCLE;2026-08-17T07:00:00+03:00;OK;382;7;1725;LOCAL_VALHALLA_MATRIX;378a18bc5211b18d13e778c51109508ccf73ec6f9e23c2b7a83910dc96098e2c;98eebbb867476c113d62abf8b40a747f7c5dbb04488b01e747ebfec041c3a518;2026-09-28T19:47:05.797752+00:00;false
LOC-0125;LOC-0190;BICYCLE;2026-08-17T07:00:00+03:00;OK;1173;20;5556;LOCAL_VALHALLA_MATRIX;f7f74fa9a98e8915d9d7fe23f115cdd2ee2013366ae8f44bcae8bb591dfebd1d;943d2c6edf23e88ba2d4b3376ee72578a26efbf16c418fe1dd7346493a115f22;2026-09-28T19:47:05.797752+00:00;false
LOC-0125;LOC-0196;BICYCLE;2026-08-17T07:00:00+03:00;OK;590;10;2701;LOCAL_VALHALLA_MATRIX;b6ffd51dbbb6f8569c64728887442383029b0f41593187e2f8ac180dd40e38b5;311c56018e22915e981726782bad7e40652b6e79fbf761a2d99547f4f3a2d82b;2026-09-28T19:47:05.797752+00:00;false
LOC-0126;LOC-0002;BICYCLE;2026-08-17T07:00:00+03:00;OK;1434;24;6807;LOCAL_VALHALLA_MATRIX;47ef2d1f3857085a3709c58dfc351d719c9dd9ee68bb507c9e76c042616d45e5;923a0039ea3814ba1fe3192855c4e8f0727f2b87afe4c0ace4e28f9b96a62236;2026-09-28T19:47:05.797752+00:00;false
LOC-0126;LOC-0008;BICYCLE;2026-08-17T07:00:00+03:00;OK;1066;18;5079;LOCAL_VALHALLA_MATRIX;47306ddcc5bdb72aa84d28c35cd92548a13f6c14e77a14cf595a926ec0d59e7a;af51104cf230428084110eccfb0eed5e617182b955fb5c38a6453b3d94b2970e;2026-09-28T19:47:05.797752+00:00;false
LOC-0126;LOC-0009;BICYCLE;2026-08-17T07:00:00+03:00;OK;2447;41;11485;LOCAL_VALHALLA_MATRIX;7d84dd451a1fbd2b6b8c3e25030308ad5fe93968a34c1f4daa7057e693acafce;0a3d86a841443601a701d47be8c8e65f6ae8974178adb70850adb721cad85039;2026-09-28T19:47:05.797752+00:00;false
LOC-0126;LOC-0010;BICYCLE;2026-08-17T07:00:00+03:00;OK;1054;18;4969;LOCAL_VALHALLA_MATRIX;2ce122abc77e245dedfa762ec0b0233cb747b14dac9a9950c48116c1f13e9686;4813e18ccdcaebc147ba60cbb0008771293c54a12973e633ed88637edc4f94e5;2026-09-28T19:47:05.797752+00:00;false
LOC-0126;LOC-0011;BICYCLE;2026-08-17T07:00:00+03:00;OK;935;16;4438;LOCAL_VALHALLA_MATRIX;55bf857227a011b4e4bc452433282cfd83904c9923ee9e2517d692566476c517;08a0fabcf090c0cc98f7d49bf6073fedd5877a4ce89081001779dbd7da976900;2026-09-28T19:47:05.797752+00:00;false
LOC-0126;LOC-0012;BICYCLE;2026-08-17T07:00:00+03:00;OK;765;13;3636;LOCAL_VALHALLA_MATRIX;517e40cb82353ac30d3e107444de1e802dfec0f8fadce780d35c8dfc54f11ed2;e6b75a925f070b5fd846d667d19529d319a72cffa1433f102444e8869d4961ce;2026-09-28T19:47:05.797752+00:00;false
LOC-0126;LOC-0013;BICYCLE;2026-08-17T07:00:00+03:00;OK;1539;26;7340;LOCAL_VALHALLA_MATRIX;36aca9b46dd7122cee816ee5cfaf465ea5cea13124afb9513b931fdf65a9ccb0;2064dce5716ec40872258f75a1c28d9580ec639e1c1096e841d7b0ca3c6bad80;2026-09-28T19:47:05.797752+00:00;false
LOC-0126;LOC-0016;BICYCLE;2026-08-17T07:00:00+03:00;OK;2215;37;10630;LOCAL_VALHALLA_MATRIX;de9ce229fb700330659122ac1c1cf90bdf4ed9b6811fc4af128cf4a04451fb76;cce2b78145343a812c822f821667886538b496ae9ed4bdb7022954e446113f1b;2026-09-28T19:47:05.797752+00:00;false
LOC-0126;LOC-0017;BICYCLE;2026-08-17T07:00:00+03:00;OK;731;13;3483;LOCAL_VALHALLA_MATRIX;0eb7d0d873c8c9b69a271a90d51e69378ee1f9261625bf7fc693ee980439ee49;591f6ed48aaae49c2b2231d2828b7dc811a0cf93c273b361405cf32d84e596bf;2026-09-28T19:47:05.797752+00:00;false
LOC-0126;LOC-0018;BICYCLE;2026-08-17T07:00:00+03:00;OK;692;12;3291;LOCAL_VALHALLA_MATRIX;05e98b966bac6c216b4a6b0d25c480ab3b2c1bc2942577d494ce24397208235b;2e696ffbf4cba9379c37568243db7fe6083f778a20853e0fb8e079709a4b3295;2026-09-28T19:47:05.797752+00:00;false
LOC-0126;LOC-0019;BICYCLE;2026-08-17T07:00:00+03:00;OK;1145;20;5474;LOCAL_VALHALLA_MATRIX;f06ddded9582a7de50f15ad0eb90dd433b3b3fd1785ca76ae56501ff681a442d;5de11abbe6a5af87f58045dc227652f103f62f7b1c3291f6897f2aa4a922db9f;2026-09-28T19:47:05.797752+00:00;false
LOC-0126;LOC-0020;BICYCLE;2026-08-17T07:00:00+03:00;OK;1219;21;5770;LOCAL_VALHALLA_MATRIX;01780be2aa5f65c13c580d4be1a24ec7315fb5266e3370d77eb6fb4677294277;c21f330e1707b162fc045fe3e146e094cbc96877b1d481f7fcc8fee8b45cc525;2026-09-28T19:47:05.797752+00:00;false
LOC-0126;LOC-0023;BICYCLE;2026-08-17T07:00:00+03:00;OK;868;15;4076;LOCAL_VALHALLA_MATRIX;88eb870d238ae69e0971b25a341438ef52e4a4b000db6d65bedcbca48f029f03;8584ed7ac1ac7fefffe41c134c25c36b899c22b208a95445ddfc0c32b8f36409;2026-09-28T19:47:05.797752+00:00;false
LOC-0126;LOC-0027;BICYCLE;2026-08-17T07:00:00+03:00;OK;574;10;2736;LOCAL_VALHALLA_MATRIX;187062b3a9b40fc32f6c08fa608de4aa92e949c5acb3b6120589c9519689c0c0;d4a9bbc4ccbe3c28d14303260f63ae8ac84cc7dab61e3cf697ece8aaf141ed90;2026-09-28T19:47:05.797752+00:00;false
LOC-0126;LOC-0028;BICYCLE;2026-08-17T07:00:00+03:00;OK;1282;22;6046;LOCAL_VALHALLA_MATRIX;7df4dcdccc608478b6e1da85d672eb7bd0a0af69b3ac03817837dc28250432d0;e49bb9c8e6a7df681edb368f6b6c3c37dd658fcf0ee4f589bff823646791213e;2026-09-28T19:47:05.797752+00:00;false
LOC-0126;LOC-0029;BICYCLE;2026-08-17T07:00:00+03:00;OK;1207;21;5669;LOCAL_VALHALLA_MATRIX;4fdcdaf89267b40c88554880f302372f8970717eb50e69167d6c6d6c5aabb0b8;83d692e3cb4f409a4385ef7d40392cf7d9dea7833343d9c66ae07268edb2dca5;2026-09-28T19:47:05.797752+00:00;false
LOC-0126;LOC-0037;BICYCLE;2026-08-17T07:00:00+03:00;OK;1159;20;5561;LOCAL_VALHALLA_MATRIX;6263ac139ad7af045b647925a1755a2bb82a03efcac88be731c9c9be09b6efd3;c5f4ef6ebbdab095aa20f30b188f807ca47905c6d9fb61ab2473fbd67cb8587b;2026-09-28T19:47:05.797752+00:00;false
LOC-0126;LOC-0045;BICYCLE;2026-08-17T07:00:00+03:00;OK;998;17;4812;LOCAL_VALHALLA_MATRIX;b73f3e87954af1d1fbdceee6408931fa66dfadd7ac359d83e85cb0fe40507b2c;bc57fb1ba97643152bfd72f9edfc9772cb956df15ec6b26185e04607221f0a4c;2026-09-28T19:47:05.797752+00:00;false
LOC-0126;LOC-0053;BICYCLE;2026-08-17T07:00:00+03:00;OK;2184;37;10517;LOCAL_VALHALLA_MATRIX;d70eaf0ac4597177dd0aca1694b72cce9b1ff7f702d6e076f24a8335d0e41445;ad958e860b656772eab9168572679b8424d0f3f264ba288daad3f74cfb10b63a;2026-09-28T19:47:05.797752+00:00;false
LOC-0126;LOC-0054;BICYCLE;2026-08-17T07:00:00+03:00;OK;1066;18;5121;LOCAL_VALHALLA_MATRIX;b775226164c8762ca9a124b208b83a59a1429316c65227533298ac12077c9566;848e43e398334bfc1166ff52e17c668c92890f0efc2e09e3d3a9f327e87d5f95;2026-09-28T19:47:05.797752+00:00;false
LOC-0126;LOC-0061;BICYCLE;2026-08-17T07:00:00+03:00;OK;803;14;3642;LOCAL_VALHALLA_MATRIX;6c509119935aa62132af33f02c621b1f40838d2eebdd3bfdc59a8a8a384b6a2e;880764760580ca59bc2afb599e73e9a4041c2151b5e319a500b4efdb5d06c002;2026-09-28T19:47:05.797752+00:00;false
LOC-0126;LOC-0063;BICYCLE;2026-08-17T07:00:00+03:00;OK;1493;25;7080;LOCAL_VALHALLA_MATRIX;d63d6b32e6427ef96d6a1c4c797438de66394f203552245f9d4654338a51025c;ba5b988e6bfa593afe777577e595be329fd9a91f0783ca5049653f2002a3a9a6;2026-09-28T19:47:05.797752+00:00;false
LOC-0126;LOC-0064;BICYCLE;2026-08-17T07:00:00+03:00;OK;1333;23;6383;LOCAL_VALHALLA_MATRIX;72c5a547db0bb55eec53951e08af20299fc464d2c4a7f55c483ba4c4573fffce;3acc833b1af0b5da0c4ebcb40d8b5a12387d2be7f702cde428bb1a00ecedb3b1;2026-09-28T19:47:05.797752+00:00;false
LOC-0126;LOC-0074;BICYCLE;2026-08-17T07:00:00+03:00;OK;409;7;1898;LOCAL_VALHALLA_MATRIX;43d63a73c6e8b2b1d35c0070eb9994750a0fab18ee187afd66b1202ffb585ac6;9c612c445d0d853fcbe1806612cf49dc6151f0e8ee999ccf3de19fdc7f1587eb;2026-09-28T19:47:05.797752+00:00;false
LOC-0126;LOC-0075;BICYCLE;2026-08-17T07:00:00+03:00;OK;574;10;2652;LOCAL_VALHALLA_MATRIX;e2991da7994094b357fc85c0346976a7f3f83ac0533589b98c1c8f26fbf6afd8;3ba1a38452e066e3e41c98851b671905b52540d5c416fbd14ee5d805de5fb87d;2026-09-28T19:47:05.797752+00:00;false
LOC-0126;LOC-0076;BICYCLE;2026-08-17T07:00:00+03:00;OK;2265;38;10665;LOCAL_VALHALLA_MATRIX;107eaa468531bd933b63818fe9956c152aca4feca225267e05b1de753d7b769f;32b6de51f9770d0ea02417a100439ade722f54896d5b8c7d5ea4c312eed70f63;2026-09-28T19:47:05.797752+00:00;false
LOC-0126;LOC-0078;BICYCLE;2026-08-17T07:00:00+03:00;OK;1115;19;5352;LOCAL_VALHALLA_MATRIX;9717d734e28b71105d384cf790f186beb86d11dd0be80ac1a99be92d265ea7bc;5b70ab659a4dcd8f4aad6d96f3af9d0588e555f966e76e17a19f5dae2f5fa830;2026-09-28T19:47:05.797752+00:00;false
LOC-0126;LOC-0080;BICYCLE;2026-08-17T07:00:00+03:00;OK;444;8;2068;LOCAL_VALHALLA_MATRIX;2cfc758fc1a95f4b531288a8f66d85aa8cac21f9a49afda82b52fba48a1e7807;8c1f0ffa1ea199edd547f0c69b1f718267f562a5b1556e27f44c98301d005aa8;2026-09-28T19:47:05.797752+00:00;false
LOC-0126;LOC-0082;BICYCLE;2026-08-17T07:00:00+03:00;OK;1334;23;6433;LOCAL_VALHALLA_MATRIX;cd709aa950d5ef4d1693a47d51e7a28620f8d2abaeb7c3990cd508af98b6a1e1;306f998f723740a1f73dc7c84cdbdb18194f9ba282494fd726a194793109263e;2026-09-28T19:47:05.797752+00:00;false
LOC-0126;LOC-0085;BICYCLE;2026-08-17T07:00:00+03:00;OK;1663;28;7920;LOCAL_VALHALLA_MATRIX;82dd8b110f44574fda34b8866646eae1371660f4475e20dbdb31ce8008a08314;6113b0efd40a9cebb020f3a6ac1f256a0daaa555eb5b8a24b6d4027224454010;2026-09-28T19:47:05.797752+00:00;false
LOC-0126;LOC-0086;BICYCLE;2026-08-17T07:00:00+03:00;OK;1709;29;7984;LOCAL_VALHALLA_MATRIX;82f8ed9ec2da8d216a3393481fb3d79da2304715a0e25a0d008a7b576a9c4a9b;277060e4af14f875bbccaba37521fd057831cd605a76c16ad9e4cace7e28bcf2;2026-09-28T19:47:05.797752+00:00;false
LOC-0126;LOC-0091;BICYCLE;2026-08-17T07:00:00+03:00;OK;874;15;4129;LOCAL_VALHALLA_MATRIX;dcfae8dc139ed37dceef80f1bc711b5a6d4c629b6b2ab4a3acb8ce097815a7cd;d5b4a8328be4556538179f9f8a9815a7ba4be66d1a0f73e7363b20aee1cd4251;2026-09-28T19:47:05.797752+00:00;false
LOC-0126;LOC-0092;BICYCLE;2026-08-17T07:00:00+03:00;OK;906;16;4280;LOCAL_VALHALLA_MATRIX;3bb103a657c6fa6b6fd8d2c525e5b58ba97c0abe0fd42e282ccf5ea3ee9ae60b;75c80ffd27a3fcf3fb372a55aa25f293f632cbf099ccaafb29e16025145345d3;2026-09-28T19:47:05.797752+00:00;false
LOC-0126;LOC-0093;BICYCLE;2026-08-17T07:00:00+03:00;OK;881;15;3991;LOCAL_VALHALLA_MATRIX;0295603caabddbed709fe2b457f6f304880e8f6b6192cc3b89cae0d55e16ac0c;38d7ea2602b00ccaa48e9ff8af49077aaa12e68e97a6bc9bc1bbc42fc9dd2457;2026-09-28T19:47:05.797752+00:00;false
LOC-0126;LOC-0094;BICYCLE;2026-08-17T07:00:00+03:00;OK;1822;31;8670;LOCAL_VALHALLA_MATRIX;6a085112f53e613d58061c742a7d60fdd17d744fa64f44a4df74058f437445eb;7328bd701ad1740a84257edd29369ad8fc70a0cff31143c94f33e8136f8a8679;2026-09-28T19:47:05.797752+00:00;false
LOC-0126;LOC-0095;BICYCLE;2026-08-17T07:00:00+03:00;OK;2001;34;9488;LOCAL_VALHALLA_MATRIX;ed008fa0eb622c2aac937290003633fdc704209cd61129e55ea7066a1f8f28c7;1e62d129a6ad8d4838aad7472ec48b360070ded9ad4a750f8e5a70433d4f1fd4;2026-09-28T19:47:05.797752+00:00;false
LOC-0126;LOC-0102;BICYCLE;2026-08-17T07:00:00+03:00;OK;1494;25;7201;LOCAL_VALHALLA_MATRIX;b53b40bcb73fc7f719ebe7aa91a235ef8a8afb1e1cfb09d5435cfe4ec5a2ef2d;3ead8ae340cf1428501975110f07ca824d251feab7697f335058a2bf5cf61a78;2026-09-28T19:47:05.797752+00:00;false
LOC-0126;LOC-0112;BICYCLE;2026-08-17T07:00:00+03:00;OK;449;8;2102;LOCAL_VALHALLA_MATRIX;09e19a9978c38fb864332f250861580a2fdb3a89ebb9f94fc939aa2e42109ed9;ea2da9d640f6733fb4fe3004765a8dfe0caca0d369504cd301720d05d74e8ca4;2026-09-28T19:47:05.797752+00:00;false
LOC-0126;LOC-0124;BICYCLE;2026-08-17T07:00:00+03:00;OK;2268;38;10820;LOCAL_VALHALLA_MATRIX;b7983e5277c03bae03731225be5dfdcbed0b13b45f91d9a027c7bf65cf58d81b;c0f32a85faf79786fb0af59a9079e4b29a0b53d7cae1a70f56a5270ef77dcb8b;2026-09-28T19:47:05.797752+00:00;false
LOC-0126;LOC-0125;BICYCLE;2026-08-17T07:00:00+03:00;OK;694;12;3237;LOCAL_VALHALLA_MATRIX;48f4a38b26cf28a3cd0538ae6c529ac0ff3f4ad56eb47b481a3da207bb0fe9ec;19eba59600b20d76c72bc3efc78b637e788e187f2d3a4a4f3379496ddde38e21;2026-09-28T19:47:05.797752+00:00;false
LOC-0126;LOC-0126;BICYCLE;2026-08-17T07:00:00+03:00;OK;0;0;0;LOCAL_VALHALLA_MATRIX;684b8c52373566a74d8f94b4ca5a5a957777372882c0861488bcc135dad15014;3d5812abc84c11768aa73a732c85d75dbed439188f5bb3239e9b762ea31d9862;2026-09-28T19:47:05.797752+00:00;false
LOC-0126;LOC-0128;BICYCLE;2026-08-17T07:00:00+03:00;OK;1235;21;5887;LOCAL_VALHALLA_MATRIX;5c513e820822732aa61d45e08b91f867bd0f854eb162e504ae6950865543144d;23a6117f67eed10c6787da4c59c24767711043a6e8bde86cd78031c77cdc0348;2026-09-28T19:47:05.797752+00:00;false
LOC-0126;LOC-0134;BICYCLE;2026-08-17T07:00:00+03:00;OK;1460;25;6962;LOCAL_VALHALLA_MATRIX;c5e8f85ad527bfec486a14862cd6c262f9628634f0aa13ab237c4a8998245d4d;cfa5b3e0f787bdb178ca6ff580dce4c6a48e3d5441f476cd4b4c5c78ef084bdc;2026-09-28T19:47:05.797752+00:00;false
LOC-0126;LOC-0135;BICYCLE;2026-08-17T07:00:00+03:00;OK;1458;25;6946;LOCAL_VALHALLA_MATRIX;0f0a8f8489f7b07b52e47193af47dd1561c1939d4768bff067a26c4e2a83bdc5;2688628b1dc137252d06caee5d49476f7ab3c30ac875d4603d987d5520485137;2026-09-28T19:47:05.797752+00:00;false
LOC-0126;LOC-0136;BICYCLE;2026-08-17T07:00:00+03:00;OK;1598;27;7592;LOCAL_VALHALLA_MATRIX;d9b2bf6dbdcccf8a04585edbc8e74e6819b5302e5596c963b8ace27d03be3564;8fba14f2bf910493bc787c06ac1bd7abc0f82e59fc401033b8f2aa3c38e6a17c;2026-09-28T19:47:05.797752+00:00;false
LOC-0126;LOC-0140;BICYCLE;2026-08-17T07:00:00+03:00;OK;1915;32;9193;LOCAL_VALHALLA_MATRIX;8081f863b2607a05fa0bdc611c2f0fabbca91988fe324caaddd2535afacfe10a;15738adcd5036e539521d798f1500020f6776fcf7e32de6dbbb0444c0c474eb6;2026-09-28T19:47:05.797752+00:00;false
LOC-0126;LOC-0141;BICYCLE;2026-08-17T07:00:00+03:00;OK;1842;31;8648;LOCAL_VALHALLA_MATRIX;3f2a1398447e958158fbae4a12c62c903594041279d580d4a0dcd49eb14ccb22;5119a0f1e568aa06b34e233f2b8dbd9d2042d3363d8012af61e15a42aef37cab;2026-09-28T19:47:05.797752+00:00;false
LOC-0126;LOC-0142;BICYCLE;2026-08-17T07:00:00+03:00;OK;1793;30;8423;LOCAL_VALHALLA_MATRIX;c7f1e4015ce96f652fd6f9a99725b226fd54b207d62ce9a2769f6200426062cf;3be4f4110faa102d13959cfb971a8094e6c9db4360fa824da51a2e057c55bc7a;2026-09-28T19:47:05.797752+00:00;false
LOC-0126;LOC-0145;BICYCLE;2026-08-17T07:00:00+03:00;OK;903;16;4295;LOCAL_VALHALLA_MATRIX;3d51de856c59da2473fff4b576b624857e002d9f33eceb88901c97b73818bb15;b63da3019390a28cc3c11595c617d41eeb0675e788f6061dc3d14e826fdb9e62;2026-09-28T19:47:05.797752+00:00;false
LOC-0126;LOC-0148;BICYCLE;2026-08-17T07:00:00+03:00;OK;608;11;2897;LOCAL_VALHALLA_MATRIX;b10954ac37393c28ac869081d9ba180dd08eb7a82930753c3e74bff095ab85c5;6c7178082da94c311d93d553d7e48a965ef879eec35b8868c95e58b9a7993926;2026-09-28T19:47:05.797752+00:00;false
LOC-0126;LOC-0149;BICYCLE;2026-08-17T07:00:00+03:00;OK;519;9;2416;LOCAL_VALHALLA_MATRIX;c3a735e420eb82cdec980f9e00d248c03759d73479bb7d690d4c108a33cc8548;9e58349882dff72adc81d5de676f3525ae619340aae2a0ea710eaca3126f5d78;2026-09-28T19:47:05.797752+00:00;false
LOC-0126;LOC-0150;BICYCLE;2026-08-17T07:00:00+03:00;OK;479;8;2248;LOCAL_VALHALLA_MATRIX;66785194dd05abdaee215c741eab26b686e4eada04a752436a35a3bf1140e2a1;da2a1fff3c7bbe6a5b2a4013838dca9bf723840e7c56177b0f6cf4acf69a00e0;2026-09-28T19:47:05.797752+00:00;false
LOC-0126;LOC-0151;BICYCLE;2026-08-17T07:00:00+03:00;OK;696;12;3302;LOCAL_VALHALLA_MATRIX;fa987bf279708f929f2c51c371283e354f43cb1490da96ce262b52168bc2803a;e950527fc925741892a3eedabdbcc889229b01cd1e754fd7d35315c47ba42420;2026-09-28T19:47:05.797752+00:00;false
LOC-0126;LOC-0152;BICYCLE;2026-08-17T07:00:00+03:00;OK;697;12;3294;LOCAL_VALHALLA_MATRIX;a7d60d0c755696f9f548ddeb8a20c0d4ce10d4e25f428f871f9257a7fb80ff6d;e89ec0f5ecc0e9c6fc131584a84bb89352842e41da77c3b1aef9e6ecbfeafa20;2026-09-28T19:47:05.797752+00:00;false
LOC-0126;LOC-0190;BICYCLE;2026-08-17T07:00:00+03:00;OK;655;11;3118;LOCAL_VALHALLA_MATRIX;13a780e0d57c2399d121efd01d7b1697835aa4e44111f46fec217e6619d1f77b;8de4f8009f06ff6bad4eaa3593ce7d70e92026d3a90f62fd7c62649d09cf4975;2026-09-28T19:47:05.797752+00:00;false
LOC-0126;LOC-0196;BICYCLE;2026-08-17T07:00:00+03:00;OK;1158;20;5426;LOCAL_VALHALLA_MATRIX;aee69d36863cc196aea08bf5dbff90e375cc1da253286b1288a0a1728f799cee;f03a579fd47d5f63d861128769fb52536088f5cddf8eb3825b01d6b72461a641;2026-09-28T19:47:05.797752+00:00;false
LOC-0128;LOC-0002;BICYCLE;2026-08-17T07:00:00+03:00;OK;647;11;2993;LOCAL_VALHALLA_MATRIX;985432dca1942938201f710e45bdbba212497695c4d69be42896d8c4861a19c4;c8bf521a6243d14008079580e979e2d73c75f3b30996dae5eeea43d2892e2f7b;2026-09-28T19:47:05.797752+00:00;false
LOC-0128;LOC-0008;BICYCLE;2026-08-17T07:00:00+03:00;OK;1280;22;6163;LOCAL_VALHALLA_MATRIX;c1e251c7abba8e0aa629fa7576a35ddead9637ba2e72c91be2e1d0254e573792;ab2d4332737bdfaeee5de5e893a12353a432adeb2aed298f077a5a567bf45b72;2026-09-28T19:47:05.797752+00:00;false
LOC-0128;LOC-0009;BICYCLE;2026-08-17T07:00:00+03:00;OK;2845;48;13521;LOCAL_VALHALLA_MATRIX;17feeb29aba43aa92f6eef918edb8ed334a723d6b46d6829d163fa7aee5fe953;96dfafc83089cf21fe3af3e98af43d557743ffd78518e0ba82e432ae7a17f2ef;2026-09-28T19:47:05.797752+00:00;false
LOC-0128;LOC-0010;BICYCLE;2026-08-17T07:00:00+03:00;OK;1319;22;6298;LOCAL_VALHALLA_MATRIX;552064bf3da024b8dd1a504d71bc945437aae3bc2437ab76f93c06599700b03e;ee467d34c5ae44678fe359ba261b7de72d3cb5a42ef6ae4e114bdbd8a95b13f8;2026-09-28T19:47:05.797752+00:00;false
LOC-0128;LOC-0011;BICYCLE;2026-08-17T07:00:00+03:00;OK;1141;20;5483;LOCAL_VALHALLA_MATRIX;869ab16f52059e61d601f20f2b0e3ad5a30abaa36c13fa61760148a3af355e8d;02398419a0b5a78c29d066e13d6cd4c983979d608e316ed2fefe4d9dc258650f;2026-09-28T19:47:05.797752+00:00;false
LOC-0128;LOC-0012;BICYCLE;2026-08-17T07:00:00+03:00;OK;979;17;4720;LOCAL_VALHALLA_MATRIX;623647147b9a04628d5ebc8a6874b9436d5ae34cf329d9533c87ef3a97f270b8;adad1a72822f45dd639aa11f285f7dbe6d63a4fda105b5020a9bf1f60df9880f;2026-09-28T19:47:05.797752+00:00;false
LOC-0128;LOC-0013;BICYCLE;2026-08-17T07:00:00+03:00;OK;915;16;4354;LOCAL_VALHALLA_MATRIX;9cf73b3afce969e6e583db82bbe48ea8c44dfde92acb218f13a33f63dab98c95;91d09854687522ad9246ca8ae717c0e49982066456a3810f45c566519dfb435f;2026-09-28T19:47:05.797752+00:00;false
LOC-0128;LOC-0016;BICYCLE;2026-08-17T07:00:00+03:00;OK;1376;23;6641;LOCAL_VALHALLA_MATRIX;19d347326d4ee3b58ac1870189a40bba9bbffc24f7f43e9aee70172a225747be;3ebaa7ca25b6fdfb13b3da0809c702c26207efe8eacde31c8745564fdae20cd8;2026-09-28T19:47:05.797752+00:00;false
LOC-0128;LOC-0017;BICYCLE;2026-08-17T07:00:00+03:00;OK;1748;30;8395;LOCAL_VALHALLA_MATRIX;588abbb50c7161a67ad429a0afcf3e1f8b0a60c0d61181718ab4d648117dcb6d;ac71aa281e0e3d52be604464810744a2b12edea27bdfe2ace4ffe8ea185f3158;2026-09-28T19:47:05.797752+00:00;false
LOC-0128;LOC-0018;BICYCLE;2026-08-17T07:00:00+03:00;OK;1709;29;8203;LOCAL_VALHALLA_MATRIX;0358173b500f69dd949ea543ff032834c5f19a53cd9d28a6f8175a6a8ce70aeb;b1548918f739385cc3e48466b6fa374710a0de5ce868cccc1f06c7c90bd5fa5e;2026-09-28T19:47:05.797752+00:00;false
LOC-0128;LOC-0019;BICYCLE;2026-08-17T07:00:00+03:00;OK;1360;23;6558;LOCAL_VALHALLA_MATRIX;41eaf5edafc0ac2a1760525ca46a5482f95eda58ceb0dd9b7db2599f7b38fff1;441450d6e29977bad480a124113ed5ceb85c2dcd2657f29378ebe57591e114b8;2026-09-28T19:47:05.797752+00:00;false
LOC-0128;LOC-0020;BICYCLE;2026-08-17T07:00:00+03:00;OK;1617;27;7745;LOCAL_VALHALLA_MATRIX;6bbee9c6278218d567b1a726fb95b72f2b08ac03b3976eaedf89de174e26edd1;37c639a40ab9b9f4337e6f5b558f11fccbf054a01283ad2f6603d1f6faf46402;2026-09-28T19:47:05.797752+00:00;false
LOC-0128;LOC-0023;BICYCLE;2026-08-17T07:00:00+03:00;OK;1548;26;7470;LOCAL_VALHALLA_MATRIX;f44c692386568aca49fc910a14577f62780500c590f1772e5633a906475c3f31;1236196d690a4a2a79f6408d277c69c0eaa2f95b02af8493ace613aaa2c95fe0;2026-09-28T19:47:05.797752+00:00;false
LOC-0128;LOC-0027;BICYCLE;2026-08-17T07:00:00+03:00;OK;1590;27;7648;LOCAL_VALHALLA_MATRIX;8d097b6f01f92fcca24b58ded9d3111ccb9d55cfe4e67545170dc421822571d7;bb7712fa35947f7f978ef73041c761d4c1cf82ee43517b745502f6e916743cb5;2026-09-28T19:47:05.797752+00:00;false
LOC-0128;LOC-0028;BICYCLE;2026-08-17T07:00:00+03:00;OK;1489;25;7135;LOCAL_VALHALLA_MATRIX;49963d5e625d4bb38fe0852edb39af6688f6c709bea2204b3bc4131413999a3d;13fae25b84a554863b8455f5c472b8f872fe52f4c44c1046f776585c0931850d;2026-09-28T19:47:05.797752+00:00;false
LOC-0128;LOC-0029;BICYCLE;2026-08-17T07:00:00+03:00;OK;1415;24;6758;LOCAL_VALHALLA_MATRIX;f18e64c483df05006a7a714fd76617b6cd5bb768f4164fd9cea0c9b4d427361e;a0ed4a7cd2ff7a6b12a370eb6dd3e0cd94a0ead2bc662f1bd47196fce206e55c;2026-09-28T19:47:05.797752+00:00;false
LOC-0128;LOC-0037;BICYCLE;2026-08-17T07:00:00+03:00;OK;164;3;767;LOCAL_VALHALLA_MATRIX;922eabb4d00eaf809d28dd0c259037cc4578f78e9abe4a207d21023c473116ee;154163306852fffa4f9d4f9295ab13718ad844babbc2885508f520ce95bcf826;2026-09-28T19:47:05.797752+00:00;false
LOC-0128;LOC-0045;BICYCLE;2026-08-17T07:00:00+03:00;OK;1732;29;8262;LOCAL_VALHALLA_MATRIX;dcb06a25fe29d654ecdcb9c437b8867f425bf633d812ccb81662783438970d62;f2d9f5886e25766bb4a03d486086cd6b7eb9c83482cebcbdefcd16e943bbeea9;2026-09-28T19:47:05.797752+00:00;false
LOC-0128;LOC-0053;BICYCLE;2026-08-17T07:00:00+03:00;OK;1345;23;6528;LOCAL_VALHALLA_MATRIX;394493a40cff1f068d26aec3c4edf171dcb69865ecde49e35d073ec913946f41;a5526e6dd0b26c52f22e179b784f13c8c3999410971a5fc940dad43dac9b7ac0;2026-09-28T19:47:05.797752+00:00;false
LOC-0128;LOC-0054;BICYCLE;2026-08-17T07:00:00+03:00;OK;322;6;1446;LOCAL_VALHALLA_MATRIX;47446369b9a86593e180398c6c2a1efd61ad5760e82fbf090a24fa8eaae30dfb;846851f5ae5c12027636036f39218850407b169386cdf4e2c2678d58532e29e6;2026-09-28T19:47:05.797752+00:00;false
LOC-0128;LOC-0061;BICYCLE;2026-08-17T07:00:00+03:00;OK;1017;17;4726;LOCAL_VALHALLA_MATRIX;01b2c1143520c2ed49b05018010516282d70fb1fc4ceb2c9085d65b11678b8be;b6686d88e1c689aa0ec618693434d84e18a7c0544ca8d7f72bb846e465564b02;2026-09-28T19:47:05.797752+00:00;false
LOC-0128;LOC-0063;BICYCLE;2026-08-17T07:00:00+03:00;OK;2079;35;9981;LOCAL_VALHALLA_MATRIX;c75eb3f177289df59ecf41a57b8d41a0fbaf89eb8e4586923a885d8700a9b8c6;a1fde1d04370aa1dcb1ff7594db880174eec574b7670ef5fb5ecbb1c6e319715;2026-09-28T19:47:05.797752+00:00;false
LOC-0128;LOC-0064;BICYCLE;2026-08-17T07:00:00+03:00;OK;1717;29;8178;LOCAL_VALHALLA_MATRIX;47e22b92168f8535bc2f88141c51ac8256654a7585a8f93efdad12cddc08a4f6;7a3512884403bd14435f2552ed8f389de98fc878037ea1d69ed962b2a6293057;2026-09-28T19:47:05.797752+00:00;false
LOC-0128;LOC-0074;BICYCLE;2026-08-17T07:00:00+03:00;OK;1426;24;6810;LOCAL_VALHALLA_MATRIX;fd676237aea2ffbeaa1d6778ef7ba8be4da0b446dfa37c67d2e6ae1484ce50fa;fdf2be089cba08dc862fc6099324f72670085b28832cbbbbce0d1f2b654976ff;2026-09-28T19:47:05.797752+00:00;false
LOC-0128;LOC-0075;BICYCLE;2026-08-17T07:00:00+03:00;OK;1591;27;7564;LOCAL_VALHALLA_MATRIX;849772fd6552b2ecc4fbc3442161a02d1bc699009940df50b843641fdaf35666;5da4d24962c4f5a9b15d9e6e548be5c7af66fedf9e331b1cd5695b17f1dfdacc;2026-09-28T19:47:05.797752+00:00;false
LOC-0128;LOC-0076;BICYCLE;2026-08-17T07:00:00+03:00;OK;1403;24;6674;LOCAL_VALHALLA_MATRIX;2353752590746dccb233198e62133e3c0e6bed37749b76aa3e70297a160a9f39;afcff05d4f7d0ff5ff9a74380ed5b876e89117c60ee6bfef9d61ced1bd9b8630;2026-09-28T19:47:05.797752+00:00;false
LOC-0128;LOC-0078;BICYCLE;2026-08-17T07:00:00+03:00;OK;1520;26;7197;LOCAL_VALHALLA_MATRIX;95326a084fc0d0f03205cd2b0332460724c9388312e0763ca50ed300fb17f138;9e4d72e3bc1b19e5e9c355f92c2de4f7cc5b5263545f87c9b802afb5405a8199;2026-09-28T19:47:05.797752+00:00;false
LOC-0128;LOC-0080;BICYCLE;2026-08-17T07:00:00+03:00;OK;1461;25;6980;LOCAL_VALHALLA_MATRIX;a91d29d3595f2ca9b405a9c48ad380f6e4fd542e44448e1551df055e473347fa;66d3e634c6eb06cae82699c67bda053bc0db32f8f5f3b69f65ee00c48d794005;2026-09-28T19:47:05.797752+00:00;false
LOC-0128;LOC-0082;BICYCLE;2026-08-17T07:00:00+03:00;OK;1716;29;8219;LOCAL_VALHALLA_MATRIX;3f159afb37a235fb58e4e07e0d2856288ee0518801e908acb262f858fe5953b1;0a77ebeff9d26b192287d62683c46db049b180850d93c5b04a7097e053824d61;2026-09-28T19:47:05.797752+00:00;false
LOC-0128;LOC-0085;BICYCLE;2026-08-17T07:00:00+03:00;OK;819;14;3830;LOCAL_VALHALLA_MATRIX;9b146efb8b6c38c3b817832adb8f9a6c44b5fe89321ab5827105de3f69df746d;decec05b60404a76df060f43f45a2354d7780a9822526defaed9d9d6448cee60;2026-09-28T19:47:05.797752+00:00;false
LOC-0128;LOC-0086;BICYCLE;2026-08-17T07:00:00+03:00;OK;865;15;3894;LOCAL_VALHALLA_MATRIX;13dca9a9e7df4b86a9e57cfc6377dc860b184d64c48511d80a5712ec79ef680e;944b2e3dc9f94c5f66fb378345812e839cc9b2b1d70417ff413d646ab78d1370;2026-09-28T19:47:05.797752+00:00;false
LOC-0128;LOC-0091;BICYCLE;2026-08-17T07:00:00+03:00;OK;1272;22;6104;LOCAL_VALHALLA_MATRIX;0e9abbe12f01cff8982de5b3cde1c5ab8b686681290a9e63e4d81bdd5d4b8af7;c5436b56828f6435686af5ac21ebeb91f9157e01bbbf7d16bd37996876f90809;2026-09-28T19:47:05.797752+00:00;false
LOC-0128;LOC-0092;BICYCLE;2026-08-17T07:00:00+03:00;OK;1304;22;6255;LOCAL_VALHALLA_MATRIX;3588dadf55737f9a0d04b11f26236138fff0bf4764c0c9f23592a8dcc691a444;9ec3306e20b7e57b3b7f93515136922d7a77dbcf322423413f4d34ac6ee38fb7;2026-09-28T19:47:05.797752+00:00;false
LOC-0128;LOC-0093;BICYCLE;2026-08-17T07:00:00+03:00;OK;1339;23;6256;LOCAL_VALHALLA_MATRIX;c8ca898000415944ddd224a2c906bbb75b19569d1d9096e69567c4d6e45f5808;4d0dfcda440c11b2810813721f94affa1a7fe55b7a8c1349b2f4b6d99f7fde59;2026-09-28T19:47:05.797752+00:00;false
LOC-0128;LOC-0094;BICYCLE;2026-08-17T07:00:00+03:00;OK;978;17;4580;LOCAL_VALHALLA_MATRIX;a56b0190ef040e7e69c96de437cf01001cee53bee86deebf9e70aa809f58001b;5eb1fb8ac9907c82623f4b671770f8fdd79b2350596ba9f18151a0f40161b7bf;2026-09-28T19:47:05.797752+00:00;false
LOC-0128;LOC-0095;BICYCLE;2026-08-17T07:00:00+03:00;OK;1157;20;5398;LOCAL_VALHALLA_MATRIX;cbadd6cb0fb112b6dc26d7d2bb2be7f249dae05e9961471edb104b576983c9e9;8a9687e30b696844e94bea9347fdb125ef9fec5c00093765b2746b1a5bc214ed;2026-09-28T19:47:05.797752+00:00;false
LOC-0128;LOC-0102;BICYCLE;2026-08-17T07:00:00+03:00;OK;1878;32;8996;LOCAL_VALHALLA_MATRIX;3b4bc4805d79c6c36e0464577a556aa5b6118a032a0fbbbb3f6c48ec356b91d9;7670399aa3c74a10630283088ab290448ad6fc6651c5890a0f2ee4deec5f7b82;2026-09-28T19:47:05.797752+00:00;false
LOC-0128;LOC-0112;BICYCLE;2026-08-17T07:00:00+03:00;OK;1162;20;5633;LOCAL_VALHALLA_MATRIX;fbf1566df2e22b072f838611cb67a5acdf46dc842121c77f6c76b9b27bb5feca;7a78804f364f8a126ec29e6ed76e249c15577254537477428a18ddfac2840c3b;2026-09-28T19:47:05.797752+00:00;false
LOC-0128;LOC-0124;BICYCLE;2026-08-17T07:00:00+03:00;OK;2709;46;12862;LOCAL_VALHALLA_MATRIX;24f4705090d9e81dde193997680a6c4847fd87cc6ff40b0c9b0824f76a43dcfa;7fd9d5c8018079b28e41642e9af4a04d733f765f02f1885469d62f7dfaab9309;2026-09-28T19:47:05.797752+00:00;false
LOC-0128;LOC-0125;BICYCLE;2026-08-17T07:00:00+03:00;OK;1711;29;8149;LOCAL_VALHALLA_MATRIX;f4f28ed22d34c55c7e96246d7579668faffe507c8af62cb855ade6ae760e9435;6e1ad2cb913a59704eab3f13c62681d1e1a520f6d3688bbf73294e45fb1b88a7;2026-09-28T19:47:05.797752+00:00;false
LOC-0128;LOC-0126;BICYCLE;2026-08-17T07:00:00+03:00;OK;1074;18;5146;LOCAL_VALHALLA_MATRIX;9b7a97d81480679ee34dfb789830a3d3c9469497e2b40377b1958eef1823de11;f1ab189403ac95fd12b90f27d54f96305165441aeb6503d171117b4d2801ad54;2026-09-28T19:47:05.797752+00:00;false
LOC-0128;LOC-0128;BICYCLE;2026-08-17T07:00:00+03:00;OK;0;0;0;LOCAL_VALHALLA_MATRIX;46dac5e81cd91b5d23930369fb8fcdc259d5c9d33a6cae025e2f7c3d9a0548e4;3d5812abc84c11768aa73a732c85d75dbed439188f5bb3239e9b762ea31d9862;2026-09-28T19:47:05.797752+00:00;false
LOC-0128;LOC-0134;BICYCLE;2026-08-17T07:00:00+03:00;OK;677;12;3138;LOCAL_VALHALLA_MATRIX;7b7b04df5d5e05065e1d71e3357f49425318ac42b7e824c7f6b9a48d2a7c20b3;b682de91fd496354fb366c9f52912bffe3ed450e57176acc6978ab0533233a4b;2026-09-28T19:47:05.797752+00:00;false
LOC-0128;LOC-0135;BICYCLE;2026-08-17T07:00:00+03:00;OK;833;14;3960;LOCAL_VALHALLA_MATRIX;608587d40c969f1f9a8cc1a0af94b8bc8ed624844524e579705283194137f5b6;16f5dbb3d5db427c4ea7261180d738d393eded6cfcca99d59c7927c5f9d7af1e;2026-09-28T19:47:05.797752+00:00;false
LOC-0128;LOC-0136;BICYCLE;2026-08-17T07:00:00+03:00;OK;753;13;3520;LOCAL_VALHALLA_MATRIX;ac220aa9f3eaec79df1df966df99dc88e35940052464238812bd6ce990bdc708;cb77f331233920afd5e02b28810cf5da4342f20e51e3a41c14483e7de8941553;2026-09-28T19:47:05.797752+00:00;false
LOC-0128;LOC-0140;BICYCLE;2026-08-17T07:00:00+03:00;OK;1076;18;5204;LOCAL_VALHALLA_MATRIX;70c11c62f974594d15987eb10f3e79f7211385ecfd2eb701e15148046e2dd2f2;164ea973dc2ac31fb85d853803364a2752fd50532e043f1a10a65bc251a09809;2026-09-28T19:47:05.797752+00:00;false
LOC-0128;LOC-0141;BICYCLE;2026-08-17T07:00:00+03:00;OK;2858;48;13560;LOCAL_VALHALLA_MATRIX;ea9b33a392f2b613cd438ae19f6a26ce872314a26f375f37d476a782020244ce;32bf1f3342da2aabebb5d6096f6e6078eb346ae8eee83f0da932a2a9192d9c47;2026-09-28T19:47:05.797752+00:00;false
LOC-0128;LOC-0142;BICYCLE;2026-08-17T07:00:00+03:00;OK;2809;47;13335;LOCAL_VALHALLA_MATRIX;e169764829006a2cdfca5800a392d716a5901dfb28c9d39769fa1dd35551730e;fa0595eafd41156fa413d8a316212aec8dc969f1e12c9e88ac3f48bc5b6dd709;2026-09-28T19:47:05.797752+00:00;false
LOC-0128;LOC-0145;BICYCLE;2026-08-17T07:00:00+03:00;OK;1591;27;7599;LOCAL_VALHALLA_MATRIX;5df9f02c764fb4103ab93c446dd63473d3f947e3e25fd597d51a730e60519875;b176ebf8da6088d7dbee076d8cbee8d9b2b13d01d66fce2c7131800e4d835366;2026-09-28T19:47:05.797752+00:00;false
LOC-0128;LOC-0148;BICYCLE;2026-08-17T07:00:00+03:00;OK;1625;28;7809;LOCAL_VALHALLA_MATRIX;ffb19f03fc19a94995ec4b08d040b9900b7c47f8c685225b30f571b763c43876;80b4eada42a41e963c99e3a87b756929fd99ff53e17d9cdd61c6783116d8a68f;2026-09-28T19:47:05.797752+00:00;false
LOC-0128;LOC-0149;BICYCLE;2026-08-17T07:00:00+03:00;OK;1535;26;7328;LOCAL_VALHALLA_MATRIX;5afe37cf2a3e9cfef51bf7066ce39b7b5d095b11b03816ffb3fd85a454aa2c04;4aa5b1635bafe07af24559033cfe909a283d1b7cec0a70e5b2c25bc22960c4eb;2026-09-28T19:47:05.797752+00:00;false
LOC-0128;LOC-0150;BICYCLE;2026-08-17T07:00:00+03:00;OK;1496;25;7160;LOCAL_VALHALLA_MATRIX;6e9c1b0fe4f204fef31638fa57cb2cfd8a908d9316e91daf1a8069ec70db384f;a0deb2a072a334e9d07d917f954e30e9f5c72a71318bb320488f1e50d5239c96;2026-09-28T19:47:05.797752+00:00;false
LOC-0128;LOC-0151;BICYCLE;2026-08-17T07:00:00+03:00;OK;1713;29;8214;LOCAL_VALHALLA_MATRIX;2a221dfab2d834d9a99bbe905ab66de6600683ea69bc42dfe18bf7928f760d28;4241f394a26e239429b8d015d5ef5753f016105e3c1e0ddc616585bca7ec3241;2026-09-28T19:47:05.797752+00:00;false
LOC-0128;LOC-0152;BICYCLE;2026-08-17T07:00:00+03:00;OK;1714;29;8206;LOCAL_VALHALLA_MATRIX;ef74e244fe507ea08cef49329ac25f1d374b4e06e99c3b70309dd5aea3be6a8a;b88fc9b03496fabc8d31b79bc6ed83fb022e73505167690f8ed0187c0356029b;2026-09-28T19:47:05.797752+00:00;false
LOC-0128;LOC-0190;BICYCLE;2026-08-17T07:00:00+03:00;OK;883;15;4227;LOCAL_VALHALLA_MATRIX;b46a15669963943912523b34d4d6e5ba6db87e2456bb3306844329ac01598fa7;6b8e0bee9573a3947de98ff355a4944b2d3d31f41adb9443a6684248821a8559;2026-09-28T19:47:05.797752+00:00;false
LOC-0128;LOC-0196;BICYCLE;2026-08-17T07:00:00+03:00;OK;1904;32;9138;LOCAL_VALHALLA_MATRIX;0de97d85e3fbd427f3aba56b1899b7e4c9b850d7f31bc23b84d12e1a0c6b6be6;1b4f34ef216c55bd40be94d32c3fe0e1cb2d6252c0dc4654a9c51dc40aed6502;2026-09-28T19:47:05.797752+00:00;false
LOC-0134;LOC-0002;BICYCLE;2026-08-17T07:00:00+03:00;OK;140;3;617;LOCAL_VALHALLA_MATRIX;52e2a0b1504be5ca6b0aae97e2c086efd89e2703c0c72339b384331cca9ea693;92d91cac09b7098ee425345630d9b77b2bddc18459ca423efde3a214b842702f;2026-09-28T19:47:05.797752+00:00;false
LOC-0134;LOC-0008;BICYCLE;2026-08-17T07:00:00+03:00;OK;1909;32;9147;LOCAL_VALHALLA_MATRIX;a6d03683228e64867034a21238b597c47654d32898215cd355db7486ca2feabe;46870bbcf44a6b932baf8d01e3f64d36b7027908625f6e9c12f3deb326d9274d;2026-09-28T19:47:05.797752+00:00;false
LOC-0134;LOC-0009;BICYCLE;2026-08-17T07:00:00+03:00;OK;2867;48;13750;LOCAL_VALHALLA_MATRIX;a31ac459ea897e1dcb6ab2de3ddb6c237c83716975feeb1186e800acd2e6d802;3f058950ad13a531ca25853bc950962f659d46d714fe5deee01117cddb564ce8;2026-09-28T19:47:05.797752+00:00;false
LOC-0134;LOC-0010;BICYCLE;2026-08-17T07:00:00+03:00;OK;1948;33;9282;LOCAL_VALHALLA_MATRIX;fd86c361cb9cfd5aa633a7d383e5c34f6b18d0b376208a1567fe825098afca3f;6b081f3bd7328bd5e93df0f6bbfab789641df391a95353accf64aa5a455bff8a;2026-09-28T19:47:05.797752+00:00;false
LOC-0134;LOC-0011;BICYCLE;2026-08-17T07:00:00+03:00;OK;1678;28;8018;LOCAL_VALHALLA_MATRIX;66532b302efea951436abf7d37fa22e072b6d484e7d12dc5e74a402e79409980;0ac0dd6a86e2c923063d80244bed36adedbe9f9e676bd0d32db198877d315731;2026-09-28T19:47:05.797752+00:00;false
LOC-0134;LOC-0012;BICYCLE;2026-08-17T07:00:00+03:00;OK;1609;27;7704;LOCAL_VALHALLA_MATRIX;ac9952840888209cd41ef94483adfa6238769fda3a609b3948044d0845d548e1;bba2a9788d305df8abe70c3a8998abd58b95e853bf5a7b1527c382c46318403e;2026-09-28T19:47:05.797752+00:00;false
LOC-0134;LOC-0013;BICYCLE;2026-08-17T07:00:00+03:00;OK;320;6;1435;LOCAL_VALHALLA_MATRIX;c2dfb7f9ff09177e8799fb40b375c668b347a6ed6f1ce862ef3809f2930d5bda;72eeb73a476499ca9eacd576741c9248cc34ddd4ce28eca0c1bbe656436cb73e;2026-09-28T19:47:05.797752+00:00;false
LOC-0134;LOC-0016;BICYCLE;2026-08-17T07:00:00+03:00;OK;1221;21;5833;LOCAL_VALHALLA_MATRIX;20000c748b31eb797f52316a835697fac4fb83ed93521f0e43d0ff73ba4ff4af;d12379ddfd28af88e5d1b8eacfeba868b76d6a8974fab94320530d0cf2298035;2026-09-28T19:47:05.797752+00:00;false
LOC-0134;LOC-0017;BICYCLE;2026-08-17T07:00:00+03:00;OK;2395;40;11545;LOCAL_VALHALLA_MATRIX;ad997c12f1698ba59f3b8becbd52a3a9c2024f85b3c123868bbde44d650c05ab;383b4b3df85a31a31fc6d6acfd8cd4a8d821479b8f35089168af8c8c547c6bab;2026-09-28T19:47:05.797752+00:00;false
LOC-0134;LOC-0018;BICYCLE;2026-08-17T07:00:00+03:00;OK;2195;37;10454;LOCAL_VALHALLA_MATRIX;f6d08645cf4de6c30e25283455eaa4bdac1cb8626186669bf5e1b2acee533739;30116aa8006858061c475c514c6f76e741745cb910dc1a4c33de1fa7455da6f2;2026-09-28T19:47:05.797752+00:00;false
LOC-0134;LOC-0019;BICYCLE;2026-08-17T07:00:00+03:00;OK;1989;34;9542;LOCAL_VALHALLA_MATRIX;ead06195d7016454ccde96de79e6ad848f774545373e97f4cb6342c59afb9300;6728e76edb3f6a5b15e2056b26a0903fe4fca246a50f93237a472955fec1b652;2026-09-28T19:47:05.797752+00:00;false
LOC-0134;LOC-0020;BICYCLE;2026-08-17T07:00:00+03:00;OK;2246;38;10729;LOCAL_VALHALLA_MATRIX;55c916c52b12ba8be8b0bae9f80be2cb8716afc3a24ac3576e68bf230e7d82bb;dc43b4cd1920968d3bedf529206338b7767ac721ecd6f677941651ea72781759;2026-09-28T19:47:05.797752+00:00;false
LOC-0134;LOC-0023;BICYCLE;2026-08-17T07:00:00+03:00;OK;2177;37;10454;LOCAL_VALHALLA_MATRIX;ada917ca79caa25890c7dc7d2f314dded8c585a3f7cbe8ee8e3af2647b9fda60;0795737b8f025daf9a2e9665bdd147920010bd0e616648bd60279a1ee7a13ef6;2026-09-28T19:47:05.797752+00:00;false
LOC-0134;LOC-0027;BICYCLE;2026-08-17T07:00:00+03:00;OK;1723;29;7870;LOCAL_VALHALLA_MATRIX;9be7c8a613c82652f1c019c5a6c622df7c994514fe50ff5f889c38bbe1d14373;fbc052c58acb13fb7b11939529b565add70247ef1bbf46cfd00918a8fed5530b;2026-09-28T19:47:05.797752+00:00;false
LOC-0134;LOC-0028;BICYCLE;2026-08-17T07:00:00+03:00;OK;1512;26;7364;LOCAL_VALHALLA_MATRIX;b80dac60fa6cbe72f16f0e3b3a8c021fa5f8448af5682af88e7759fdecba3998;045b174ac541a235e6d7cfa5f9091fd06cca51c33f92dfcfaa1842ebe46564dd;2026-09-28T19:47:05.797752+00:00;false
LOC-0134;LOC-0029;BICYCLE;2026-08-17T07:00:00+03:00;OK;1437;24;6987;LOCAL_VALHALLA_MATRIX;5dfe9db7f21255bc22add56204b56d116c94cb6208c11ad84dc7a71b6563582c;9b6581b5d0ab2b00b7aa7bf9878d676a6b2ea5df1935b63c5ccb3188ca384124;2026-09-28T19:47:05.797752+00:00;false
LOC-0134;LOC-0037;BICYCLE;2026-08-17T07:00:00+03:00;OK;574;10;2625;LOCAL_VALHALLA_MATRIX;9649e81be01ce7ddf5943383232bd26d207e96c83a3a13d52b10d9c268605651;da6063be1f9c748ff829a9e126bd1778451113fd9f2513f10153fd2b07212419;2026-09-28T19:47:05.797752+00:00;false
LOC-0134;LOC-0045;BICYCLE;2026-08-17T07:00:00+03:00;OK;1755;30;8491;LOCAL_VALHALLA_MATRIX;09670bf5e812f7e3288e93153b0cbc9fb3a92291f010274289ff1a18a95242a3;a58383cdc153c54a2cda4a055916d43c5dbe08f56e3e3cbd0f7411ced2d89680;2026-09-28T19:47:05.797752+00:00;false
LOC-0134;LOC-0053;BICYCLE;2026-08-17T07:00:00+03:00;OK;1190;20;5720;LOCAL_VALHALLA_MATRIX;1898186948a8fcf022220b0cd7b5c36043638135a679043af38e20d18a7af432;afb72d5f4b9433521449114a439111c22375c98b57bb83dd953191c497f2f5e3;2026-09-28T19:47:05.797752+00:00;false
LOC-0134;LOC-0054;BICYCLE;2026-08-17T07:00:00+03:00;OK;891;15;4266;LOCAL_VALHALLA_MATRIX;ef544d84e0e606ef63aa1a7898e2c70f2c4fa9f11f2c8418fe858080870b4f5b;930dad4d2cd1bafebd322f96340c93402588aacde96558b82aab0ad0b7de21d9;2026-09-28T19:47:05.797752+00:00;false
LOC-0134;LOC-0061;BICYCLE;2026-08-17T07:00:00+03:00;OK;1646;28;7710;LOCAL_VALHALLA_MATRIX;41e83991fb4d613ddd78b5138c70a91b74a45b984f8436c6570817b0f115d958;62fecbd8fa9bcc5f8208660c3a336dee1ec67c9525a286bff475088aa49bc36c;2026-09-28T19:47:05.797752+00:00;false
LOC-0134;LOC-0063;BICYCLE;2026-08-17T07:00:00+03:00;OK;2102;36;10210;LOCAL_VALHALLA_MATRIX;b4e5a88506c02d3a18b3a22428a59ca47b318ffc33eb79e88dd8197d95ecf35c;864c02c2a6650a31556d73604e68efcd72da83840c0bd5c3caa5810df97d07c7;2026-09-28T19:47:05.797752+00:00;false
LOC-0134;LOC-0064;BICYCLE;2026-08-17T07:00:00+03:00;OK;1739;29;8407;LOCAL_VALHALLA_MATRIX;094b9f069e6089b47751e7b011f0e506962673fd52d931f75ba07ea16b8bb368;2b733b782c54abb7cfc4f2a3b7b0156ebcab25c33d0a2612e325ae6daffed5f3;2026-09-28T19:47:05.797752+00:00;false
LOC-0134;LOC-0074;BICYCLE;2026-08-17T07:00:00+03:00;OK;1912;32;9061;LOCAL_VALHALLA_MATRIX;76c5d8dc9194d6291728d8a3734b5d69d2252a56c79f448c93e7fc58c94e7d16;0435bb6f4134a38d65a6fe7218a9e6ab78873e797b8a80ce998c5c34f4a90756;2026-09-28T19:47:05.797752+00:00;false
LOC-0134;LOC-0075;BICYCLE;2026-08-17T07:00:00+03:00;OK;2128;36;10214;LOCAL_VALHALLA_MATRIX;860402bb785b085f98bbbca0ed209bb86b2852a8987274a4dfd0d670df5b76cf;6862d02b337cb7ea23d2010c0c6a04332cc5a5e9dffe4ecfde25ea2a396770c4;2026-09-28T19:47:05.797752+00:00;false
LOC-0134;LOC-0076;BICYCLE;2026-08-17T07:00:00+03:00;OK;1248;21;5866;LOCAL_VALHALLA_MATRIX;b93c33232ca37186f8dc5e573dc4a29048fd165541d4a9ea965366a04124c5e3;ef0dcaeb4a3ab8497689eb76fa13c4981b5d52e2a52726f20a325730be38984c;2026-09-28T19:47:05.797752+00:00;false
LOC-0134;LOC-0078;BICYCLE;2026-08-17T07:00:00+03:00;OK;1542;26;7426;LOCAL_VALHALLA_MATRIX;bc5a487ff638599a1064abb61642024d8075d690b8e65e3cc62398552292c6c7;eb1315437520ff0ab115d4675d50ac29720d809589cf14e632e95a220fcaf7ad;2026-09-28T19:47:05.797752+00:00;false
LOC-0134;LOC-0080;BICYCLE;2026-08-17T07:00:00+03:00;OK;1946;33;9231;LOCAL_VALHALLA_MATRIX;7e432a3c0114d2f80c5e232bc8d9d41d5c9c6f58d118586e6ff575e8acec4c25;54b62b3d16843267daaa51f8b0772692a40c67525ea96135019a3da057c3e2c7;2026-09-28T19:47:05.797752+00:00;false
LOC-0134;LOC-0082;BICYCLE;2026-08-17T07:00:00+03:00;OK;1739;29;8448;LOCAL_VALHALLA_MATRIX;f8b9322bcfeda36a6b2e8a61e68979724460f48739011d5313d099003a867eb0;4d2ace70105df16acd74551c68a1ecd4e068308a2e35f2e8e9ad53862adfd407;2026-09-28T19:47:05.797752+00:00;false
LOC-0134;LOC-0085;BICYCLE;2026-08-17T07:00:00+03:00;OK;247;5;1123;LOCAL_VALHALLA_MATRIX;dee83d9393c2853775159dba78b26e62cd7077b7447fa6e378f386ca354c36f1;025ebb3f039a079eaa2ce92a561f973b1e701c99b84111c6b20dbbdc45997c3a;2026-09-28T19:47:05.797752+00:00;false
LOC-0134;LOC-0086;BICYCLE;2026-08-17T07:00:00+03:00;OK;293;5;1187;LOCAL_VALHALLA_MATRIX;8bde726e71d3c3d1fd1d82101fadd1cca4d23ec2ff15cd6273238a3128b70eea;42555f1ed9957909a55f32042f97c6c08c30ee7d66ce78e55fb64801f431f281;2026-09-28T19:47:05.797752+00:00;false
LOC-0134;LOC-0091;BICYCLE;2026-08-17T07:00:00+03:00;OK;1901;32;9088;LOCAL_VALHALLA_MATRIX;650a72ca04eace60ccaa0f1770457f84f040c7a959e83fcd601141c424067a74;4976ad7dd338387b9d7ba74f96a4000c57102b6e48725660b6836882f9b1b961;2026-09-28T19:47:05.797752+00:00;false
LOC-0134;LOC-0092;BICYCLE;2026-08-17T07:00:00+03:00;OK;1934;33;9239;LOCAL_VALHALLA_MATRIX;4ba253f591caca14fa985fc9c48684e1342a1298fd7ca914da08b6f41c16caac;ac87b41a7245146d3fd68f810cc8f8b6e10522960ce9c5c0a94e80d2d0c74e2c;2026-09-28T19:47:05.797752+00:00;false
LOC-0134;LOC-0093;BICYCLE;2026-08-17T07:00:00+03:00;OK;1969;33;9240;LOCAL_VALHALLA_MATRIX;fe8f2306966f6cfeb2492ba1e8f7ac4574e8a811a6cb077da5b56e7e70da556b;748b9800b883128c50e461df215b52232b2e64e62c0c2f94fff218f2d5ab0d45;2026-09-28T19:47:05.797752+00:00;false
LOC-0134;LOC-0094;BICYCLE;2026-08-17T07:00:00+03:00;OK;406;7;1873;LOCAL_VALHALLA_MATRIX;dd847c5a119734797f83cf9fa5834a1918161dd6d0c80beb95e33148ad9495d6;942d80416099df410c96273618464de48c5546b66f4c9e7d89b983cd27a2bd11;2026-09-28T19:47:05.797752+00:00;false
LOC-0134;LOC-0095;BICYCLE;2026-08-17T07:00:00+03:00;OK;585;10;2691;LOCAL_VALHALLA_MATRIX;cac2bb56f6d39c627cd4cd3fb1f4cfd94757613892b0b464c230992da64f2279;bdd191ca437482f39e374f6801d7f8b0d9d6bbb68a80fe616f3062789bcbfb00;2026-09-28T19:47:05.797752+00:00;false
LOC-0134;LOC-0102;BICYCLE;2026-08-17T07:00:00+03:00;OK;1900;32;9225;LOCAL_VALHALLA_MATRIX;b48014369e58f906d0ea893defc7da02491c1b8bcacde930bab607c43b9e9dbf;4e5db6fb0913318faf12bec795dc690a18b916549f7dd19803804c2e01e45b7a;2026-09-28T19:47:05.797752+00:00;false
LOC-0134;LOC-0112;BICYCLE;2026-08-17T07:00:00+03:00;OK;1792;30;8617;LOCAL_VALHALLA_MATRIX;a76b48e7a6e07943cdb201f9bf580e1a0ee980f3a669a88598b55157f077d08d;ea6dd6a1acd40d8d7d7bcb2ab2af3eec8d14561f91277489326366114bcecd36;2026-09-28T19:47:05.797752+00:00;false
LOC-0134;LOC-0124;BICYCLE;2026-08-17T07:00:00+03:00;OK;2731;46;13091;LOCAL_VALHALLA_MATRIX;26234e24ced8ed98887e3c5f856e387ea500c5a2d93a80fdef149fb07892b4a4;74c0ba425e29f8442a3ec04cc23d8931880a0b14820c9364b3fe75b2bfe953fa;2026-09-28T19:47:05.797752+00:00;false
LOC-0134;LOC-0125;BICYCLE;2026-08-17T07:00:00+03:00;OK;2196;37;10400;LOCAL_VALHALLA_MATRIX;9860b513d95cce0fb89b7ba7b7921ac3b0c39d6b7546ce41a009587da53d7813;e8160079032221a124e03a5a9fa26706f394ea65c95f602c0f4051ebb08b0b0f;2026-09-28T19:47:05.797752+00:00;false
LOC-0134;LOC-0126;BICYCLE;2026-08-17T07:00:00+03:00;OK;1560;26;7397;LOCAL_VALHALLA_MATRIX;59f47f1b8121aed81777111d457dcd7137ce77a50c3178cbcb7695c0b429b5cd;d88eaf2d4cff2de061207198317e7046559853b7e727a9c5670badc9911c9c67;2026-09-28T19:47:05.797752+00:00;false
LOC-0134;LOC-0128;BICYCLE;2026-08-17T07:00:00+03:00;OK;620;11;2812;LOCAL_VALHALLA_MATRIX;17e7e88fc729796392b59be34963cc268434aef01cdf3806f2f822d97d5b5ac7;1c2343a1ff05ad619acb2ebd09f9e27b0a032d2476ee2d8e3010e258534fdf8c;2026-09-28T19:47:05.797752+00:00;false
LOC-0134;LOC-0134;BICYCLE;2026-08-17T07:00:00+03:00;OK;0;0;0;LOCAL_VALHALLA_MATRIX;08373a57d3ebcb20a837872db2c9ca351e135c203885e28b962705929836c655;3d5812abc84c11768aa73a732c85d75dbed439188f5bb3239e9b762ea31d9862;2026-09-28T19:47:05.797752+00:00;false
LOC-0134;LOC-0135;BICYCLE;2026-08-17T07:00:00+03:00;OK;201;4;882;LOCAL_VALHALLA_MATRIX;c338a362b71a6e094e51984d6f926743fd86585295d33e26b11b21527431e645;bd96169ababfab28f00410b6e6c3b50a9df9deb3abb7becb98bd40c95a2a621b;2026-09-28T19:47:05.797752+00:00;false
LOC-0134;LOC-0136;BICYCLE;2026-08-17T07:00:00+03:00;OK;181;4;813;LOCAL_VALHALLA_MATRIX;030e515abb738c700421968b541dcb9137c332bd9afd71288a4907e648ed313a;91cf6608c2914b4336f687f37e76363ee8bb899f34b6ec29bc566f3063c297a4;2026-09-28T19:47:05.797752+00:00;false
LOC-0134;LOC-0140;BICYCLE;2026-08-17T07:00:00+03:00;OK;921;16;4396;LOCAL_VALHALLA_MATRIX;3d47725303ffc61aa8d73c27b9a8bb7d23284b6b4708ec5567fd289d48110668;b3ae91af88d0ce29f964113c1ac6e241760b4a8ad2f2940afc31bc0c28be4f97;2026-09-28T19:47:05.797752+00:00;false
LOC-0134;LOC-0141;BICYCLE;2026-08-17T07:00:00+03:00;OK;2922;49;13882;LOCAL_VALHALLA_MATRIX;30e7da361d61243e5a700481db819cde2a7a0df710bf9a63d48e7cd64a2ee05e;915f1ce72b0305582d4e7c9beb48b1f01fe8547c15694b0071f857d6fff48b54;2026-09-28T19:47:05.797752+00:00;false
LOC-0134;LOC-0142;BICYCLE;2026-08-17T07:00:00+03:00;OK;3014;51;14319;LOCAL_VALHALLA_MATRIX;63e2537d301a1dcca6e90f0450e045fcd670c66865b0ca8b3bcf28185eafe14e;e1a64095deb001072769114ff5f435948dedee91cc36c3dacc2bfb2e63fdf719;2026-09-28T19:47:05.797752+00:00;false
LOC-0134;LOC-0145;BICYCLE;2026-08-17T07:00:00+03:00;OK;2220;37;10583;LOCAL_VALHALLA_MATRIX;9135935a16547592eee8ed9935e94119d3413e46dd986d235eda08a773a5ceb4;dc50d916fe04533519c5d72cd029610dc2d0e2ff9a0a1cd544c4db400e821e14;2026-09-28T19:47:05.797752+00:00;false
LOC-0134;LOC-0148;BICYCLE;2026-08-17T07:00:00+03:00;OK;2161;37;10438;LOCAL_VALHALLA_MATRIX;5a4be7304426036ffbcca787d6e93399c407885e10f976b4cdd6ef8637a686b2;8b2001ccd32d2f31f397f59f151635ec2b7b47a82ed605bf447bfaf5d373396a;2026-09-28T19:47:05.797752+00:00;false
LOC-0134;LOC-0149;BICYCLE;2026-08-17T07:00:00+03:00;OK;2070;35;9979;LOCAL_VALHALLA_MATRIX;5d2147f2eac10bb33c574e8da2119a39b2569d0ece14b71cd1bf623960ecb4b3;fe8ca9dbb0a1681b69ff3956544973bcc8ebb2cab498a941f839cc97eebd6a17;2026-09-28T19:47:05.797752+00:00;false
LOC-0134;LOC-0150;BICYCLE;2026-08-17T07:00:00+03:00;OK;2034;34;9794;LOCAL_VALHALLA_MATRIX;49c044a07e0cacc7fb55d537f3e5d84f7255fdb532b22b20f4790ac70112fb48;4e9f6b7a3a7c26f7770c775e2868a3fc5bbc63ffa2fcf2d46080afabc0de646e;2026-09-28T19:47:05.797752+00:00;false
LOC-0134;LOC-0151;BICYCLE;2026-08-17T07:00:00+03:00;OK;2249;38;10843;LOCAL_VALHALLA_MATRIX;2d4884c047763c7cbd98e508ab999356802eb2c10eea4becb30dfa4fd47b9db9;674667d3ad2de233acfb037aa3a80b8d211d48c49319b73607fbc38a8a064306;2026-09-28T19:47:05.797752+00:00;false
LOC-0134;LOC-0152;BICYCLE;2026-08-17T07:00:00+03:00;OK;2251;38;10835;LOCAL_VALHALLA_MATRIX;ac92a5fa42a4563801925e2e38f28ffb8a6de2e772d4bd8bc54457ecf8b16528;2677f0b09171bb16ce74137a01eabf7035fe300901e2c7bdc4fbf43560539636;2026-09-28T19:47:05.797752+00:00;false
LOC-0134;LOC-0190;BICYCLE;2026-08-17T07:00:00+03:00;OK;1338;23;6412;LOCAL_VALHALLA_MATRIX;9516e84d5fdc77d24890e19f2cfd1bdaba717af997f730f46ffe736e1d79dc0a;1e58ddbe161ab5b6c986f805b550f66f66e5daa33bc12194f8532ca98c4514fb;2026-09-28T19:47:05.797752+00:00;false
LOC-0134;LOC-0196;BICYCLE;2026-08-17T07:00:00+03:00;OK;2660;45;12589;LOCAL_VALHALLA_MATRIX;c958829868a26e9eb3c27aeae5b76cccb08f990bdd0e3e93c48ba1468e2bac94;378e88c403c8fc439400edfb4ffd425081bb434f987e34d6bddea177b1c39201;2026-09-28T19:47:05.797752+00:00;false
LOC-0135;LOC-0002;BICYCLE;2026-08-17T07:00:00+03:00;OK;190;4;869;LOCAL_VALHALLA_MATRIX;9f8cc01359255a468520fc864f206391507ab78ed3f4b243aea0ca9b71744354;3518689e0523537e449a979ea05a58c97f94e66d28dce318c1cfef9f01d0ccb3;2026-09-28T19:47:05.797752+00:00;false
LOC-0135;LOC-0008;BICYCLE;2026-08-17T07:00:00+03:00;OK;1905;32;9131;LOCAL_VALHALLA_MATRIX;802e9191c35c6e94c19531eee345c5f83eabddf7a9380697538515eb0ea163a6;af069a9ba545caebd77a39856eb13a01b69f2f7c9de91ebd58d21f4c271f25e9;2026-09-28T19:47:05.797752+00:00;false
LOC-0135;LOC-0009;BICYCLE;2026-08-17T07:00:00+03:00;OK;2862;48;13734;LOCAL_VALHALLA_MATRIX;a1ea46cd5fca3841fd2d6dedb1b179a264769fa2e381001f29b0bc83c4e254cb;7ead264ffdc09fab7468fd7f44527bba10ff091521ed639982da8f317e671f17;2026-09-28T19:47:05.797752+00:00;false
LOC-0135;LOC-0010;BICYCLE;2026-08-17T07:00:00+03:00;OK;1944;33;9266;LOCAL_VALHALLA_MATRIX;7494194bb8094e85d47bb69b1ec08e7f5d9b1f218cfe2ee88a49f2e49d895007;2582bd8cd5e0b861030d2777649f550b48ed4bf43a8be005880eeefd02307201;2026-09-28T19:47:05.797752+00:00;false
LOC-0135;LOC-0011;BICYCLE;2026-08-17T07:00:00+03:00;OK;1674;28;8002;LOCAL_VALHALLA_MATRIX;e691d4f89cbe4977febc4a052324465e991a0a0d9fd8e2193ec1c9fb80af8f3b;4e928cd3a84a3110c4735f0f4193ba054428914211d3c3d12517f7e9ba0f0ee8;2026-09-28T19:47:05.797752+00:00;false
LOC-0135;LOC-0012;BICYCLE;2026-08-17T07:00:00+03:00;OK;1604;27;7688;LOCAL_VALHALLA_MATRIX;b09d7d4741cbbc88cbb87a4fc24019ae4782bf1af391ece854f62009159b9db2;c4c1d9aea96f6969845e57967907276d30c17bd4ded4fd7f0e85c59561b13a8d;2026-09-28T19:47:05.797752+00:00;false
LOC-0135;LOC-0013;BICYCLE;2026-08-17T07:00:00+03:00;OK;182;4;825;LOCAL_VALHALLA_MATRIX;23632ea2bcc7c56819ee1ec08ec39c0db532b6c2e1346893ac5e50e5b2833419;fe293e714ec2678b32378de03cbc940494803094c9a77f2241cb8d54fe8b60fd;2026-09-28T19:47:05.797752+00:00;false
LOC-0135;LOC-0016;BICYCLE;2026-08-17T07:00:00+03:00;OK;1254;21;6050;LOCAL_VALHALLA_MATRIX;ce1d9203dceb605a0c5e7b9baec8e764468f68903011f5f1cb59840422d1b1db;3923edda9419f584d906de1d936097789e1cf37e11de432f0c153a25abc6b9c9;2026-09-28T19:47:05.797752+00:00;false
LOC-0135;LOC-0017;BICYCLE;2026-08-17T07:00:00+03:00;OK;2391;40;11529;LOCAL_VALHALLA_MATRIX;ea0c9247c10e744efae14f68c165c7053494da9763fe322a1e9605d2af1c2f0c;462563c7cd43f8e68b30e1d472b8173a3ac8fe4eecd3e39f9346d69aec771ca0;2026-09-28T19:47:05.797752+00:00;false
LOC-0135;LOC-0018;BICYCLE;2026-08-17T07:00:00+03:00;OK;2190;37;10438;LOCAL_VALHALLA_MATRIX;bf695a35f9149f235469205d57c7ecae24b7ffd0f60d44ba252fff2228d7e131;4bdc7d6b74d48d1b10671ce5b55022a9a1967f12c115608900abe8a83535cbef;2026-09-28T19:47:05.797752+00:00;false
LOC-0135;LOC-0019;BICYCLE;2026-08-17T07:00:00+03:00;OK;1985;34;9526;LOCAL_VALHALLA_MATRIX;190da9eacdd680e2192f4f456af94090c8df6deb6bc1c69d311df239032c965d;b4b36e5f0181ad04af58ff315eed6ac846330a3e882ce2b4c7a491c1802b0ce4;2026-09-28T19:47:05.797752+00:00;false
LOC-0135;LOC-0020;BICYCLE;2026-08-17T07:00:00+03:00;OK;2242;38;10713;LOCAL_VALHALLA_MATRIX;8aa7557bca624f6f0fd4fd329c07265c844c2cefd2efbf13a4138da22c84a4fd;23118e93e36c8873706f62067f74fdabd71b14930872ba21b04769272a3a0735;2026-09-28T19:47:05.797752+00:00;false
LOC-0135;LOC-0023;BICYCLE;2026-08-17T07:00:00+03:00;OK;2173;37;10438;LOCAL_VALHALLA_MATRIX;4d758cfb28736d3f7253be54bef75240a1a86c538e73ea93bf40328e2ffe4b93;b777026fd1edfbb51bf0c3b3acd9d0707c6bcf8aa48f06d9af0da41fbe6b20b6;2026-09-28T19:47:05.797752+00:00;false
LOC-0135;LOC-0027;BICYCLE;2026-08-17T07:00:00+03:00;OK;1718;29;7854;LOCAL_VALHALLA_MATRIX;13c5a28e30df4fdb19ec6f7cf6eba5970dc03b21e291c7ef949661660a0600a5;cb0d0f1a930dd9c99bd240ce89a95b1a5411aae3d4c3a52037e2827f0e91ee5b;2026-09-28T19:47:05.797752+00:00;false
LOC-0135;LOC-0028;BICYCLE;2026-08-17T07:00:00+03:00;OK;1507;26;7348;LOCAL_VALHALLA_MATRIX;e7e333774133fc278824e30b7dae2effc92ff29aa961971580ac4eeb767872fc;7aeb603da1d4a472f68ff3d118cbf6cda6e3cc302ddc37a057b46a27711b8cf9;2026-09-28T19:47:05.797752+00:00;false
LOC-0135;LOC-0029;BICYCLE;2026-08-17T07:00:00+03:00;OK;1433;24;6971;LOCAL_VALHALLA_MATRIX;4d13d26da8dd3f0c3406c2d27cad6a2b234219795a1f57b12c5199550ea2818c;331cfe1db46a0484ca031aeff6fe002bfcb36e6864a75dca4be8dc8a53c52d9e;2026-09-28T19:47:05.797752+00:00;false
LOC-0135;LOC-0037;BICYCLE;2026-08-17T07:00:00+03:00;OK;612;11;2807;LOCAL_VALHALLA_MATRIX;4a0579251a1670e762eee6ba600ec21a214a2f048fd8f4b7dce1835ded9886cd;76496648047b2c0b666b1a615a8678b562b0313723efa8cab758a4603fe7e38f;2026-09-28T19:47:05.797752+00:00;false
LOC-0135;LOC-0045;BICYCLE;2026-08-17T07:00:00+03:00;OK;1750;30;8475;LOCAL_VALHALLA_MATRIX;0c11d83e93b75aabb491eb1e1fcd924be7be4f0a5843e03caff0673b34de540e;04473bf665b277db004746bacef72b0e8aa3bf69b2c0de53d438a4ebbfc7ad78;2026-09-28T19:47:05.797752+00:00;false
LOC-0135;LOC-0053;BICYCLE;2026-08-17T07:00:00+03:00;OK;1223;21;5937;LOCAL_VALHALLA_MATRIX;1834e61bf8d35d8ebf44a16bafe32b49054b9625f27a3adead42cd0cf16454bf;90235c74308f1022b7d615bb33891e04107eb8781627bc1a276d2749ac375e4b;2026-09-28T19:47:05.797752+00:00;false
LOC-0135;LOC-0054;BICYCLE;2026-08-17T07:00:00+03:00;OK;886;15;4250;LOCAL_VALHALLA_MATRIX;20714f45c7287914fe30ae5a350c37f5e99426c7ac05f9c12edd496c93d5933b;6684c4c0489bee202f0efff576d53d62a877d718b2daa09982d0f69b3f8e823a;2026-09-28T19:47:05.797752+00:00;false
LOC-0135;LOC-0061;BICYCLE;2026-08-17T07:00:00+03:00;OK;1642;28;7694;LOCAL_VALHALLA_MATRIX;e2796057cba186bbfb0c18a69c2cac1f6ecf778331fe97dbde4313b86dd6caa5;c9720e2304cf92c8ccd872a8af8443404d031a21e64d6ba1befc9c8203f668c0;2026-09-28T19:47:05.797752+00:00;false
LOC-0135;LOC-0063;BICYCLE;2026-08-17T07:00:00+03:00;OK;2097;35;10194;LOCAL_VALHALLA_MATRIX;353d14cf0661c3870934776c32c4555e47eb4c6178f912d7b8cd9b1ce897f0ab;0534decf51426b28c9d64841342ae4a434a5b24cc77e526f76acfb2a404b602d;2026-09-28T19:47:05.797752+00:00;false
LOC-0135;LOC-0064;BICYCLE;2026-08-17T07:00:00+03:00;OK;1735;29;8391;LOCAL_VALHALLA_MATRIX;77efc1b223fd33d913bc2eae11a202a4f379b6cc001086f720ddfdebce302757;af7b5fe643fbc5452cb37f32d50f0cab22734159d2427380ccee4acce381bfdf;2026-09-28T19:47:05.797752+00:00;false
LOC-0135;LOC-0074;BICYCLE;2026-08-17T07:00:00+03:00;OK;1907;32;9045;LOCAL_VALHALLA_MATRIX;947d3772bd166e62807a8f39ff1cba05a0c7a011eb408afe33f9e7b72d2ceabd;3dce6b67254debd4e225251027584e0432aec486629fb351c1b8662161fd8110;2026-09-28T19:47:05.797752+00:00;false
LOC-0135;LOC-0075;BICYCLE;2026-08-17T07:00:00+03:00;OK;2124;36;10198;LOCAL_VALHALLA_MATRIX;031ce5677711c6df91aed51c904ceea3f6caf4e4de61852d058e07d4b8f54ff3;a6c634ae77e10fc76da59ec46fbd9a0411df8b6b17e536992053ce92d9600cfb;2026-09-28T19:47:05.797752+00:00;false
LOC-0135;LOC-0076;BICYCLE;2026-08-17T07:00:00+03:00;OK;1281;22;6083;LOCAL_VALHALLA_MATRIX;c7d17d94c4a52f52cca61b16cea2fce12cddacd2e3507763ba16ff032194ae38;bcd48d3812a516f91c27056774ac454ebcca0bc5491c5c3e366f2923b88d4e11;2026-09-28T19:47:05.797752+00:00;false
LOC-0135;LOC-0078;BICYCLE;2026-08-17T07:00:00+03:00;OK;1538;26;7410;LOCAL_VALHALLA_MATRIX;44074d04a55ce947e4d7470fb9a7c37a2aa9b529e4a4b17fea4f825aa2ec9eb2;17bbe334e28f33e7a38553390cdf243f9971a3a1047b299b2f4902e7fa9998ac;2026-09-28T19:47:05.797752+00:00;false
LOC-0135;LOC-0080;BICYCLE;2026-08-17T07:00:00+03:00;OK;1942;33;9215;LOCAL_VALHALLA_MATRIX;33e2f161eb265651200f5168f2ebeea59ca82dd24cc23085365a83e7b174bf5a;39a80aec981a34af316f46bd7123e9f17615e594f4545377f8bb0cd31fdb2dfa;2026-09-28T19:47:05.797752+00:00;false
LOC-0135;LOC-0082;BICYCLE;2026-08-17T07:00:00+03:00;OK;1734;29;8432;LOCAL_VALHALLA_MATRIX;5b8b6408fa6807adc38396ab527b5b0ae604972ccc9b89d15fd90c87e887367c;85eec3e95964e907b04d6d692895fb55aafd431e9377815779338cf360df5986;2026-09-28T19:47:05.797752+00:00;false
LOC-0135;LOC-0085;BICYCLE;2026-08-17T07:00:00+03:00;OK;218;4;989;LOCAL_VALHALLA_MATRIX;5914a9974afbbbc4c549737145d79e6bcc9f5c17815b8a312c8b9f399a46e6bb;83403197ff694db5792d6d9f38ff958472aa05bbef6e835986f17ff4262a09c6;2026-09-28T19:47:05.797752+00:00;false
LOC-0135;LOC-0086;BICYCLE;2026-08-17T07:00:00+03:00;OK;264;5;1053;LOCAL_VALHALLA_MATRIX;b96c9a8c069ea59d04c22008de998cb63f86fb27b5e61a26e8ed2bdbe619e7c0;90996f70e3bc614788c288153b944f40068803115ad49abf1914cb69078b1ad8;2026-09-28T19:47:05.797752+00:00;false
LOC-0135;LOC-0091;BICYCLE;2026-08-17T07:00:00+03:00;OK;1897;32;9072;LOCAL_VALHALLA_MATRIX;47c198ad18fde6ceae9e09e305407a9af483f64932a86417c2bab1b105821018;0a82889f9320c92b5f1d3fb83445760a5d61e5d85bd69d2a87354e307357cade;2026-09-28T19:47:05.797752+00:00;false
LOC-0135;LOC-0092;BICYCLE;2026-08-17T07:00:00+03:00;OK;1929;33;9223;LOCAL_VALHALLA_MATRIX;4317e356f64b62366842bd99461584e964cae9347590c16bc409c932ec3001bc;df84495a2f68d354cd53b62d321d7433f1f6fb3f1fde7d993feddcdbb68d9d10;2026-09-28T19:47:05.797752+00:00;false
LOC-0135;LOC-0093;BICYCLE;2026-08-17T07:00:00+03:00;OK;1964;33;9224;LOCAL_VALHALLA_MATRIX;4819dc0bf1ba0bcded8f82938aacdb777002056562ef355053c5033ecef60d8f;0b9a8179f70df5d790f8c1ef9c13bfedc3e8de6243428f7624a06927879bc07c;2026-09-28T19:47:05.797752+00:00;false
LOC-0135;LOC-0094;BICYCLE;2026-08-17T07:00:00+03:00;OK;377;7;1739;LOCAL_VALHALLA_MATRIX;8539e0e7f69ec5013276594837b097e0b44d015491a7345522ee941381592241;684234b41a6a8902b87ac4771e798d2660da3aa001272067db39a0f5d11935aa;2026-09-28T19:47:05.797752+00:00;false
LOC-0135;LOC-0095;BICYCLE;2026-08-17T07:00:00+03:00;OK;556;10;2557;LOCAL_VALHALLA_MATRIX;458566b7d96476b7191d899410479c702658badc0a84a2bde58133d9fe3e0fab;fa95dc2aa9b9609f8e0ea0b8148a02b61fc3ae5197bac1b67824957e94af7fc3;2026-09-28T19:47:05.797752+00:00;false
LOC-0135;LOC-0102;BICYCLE;2026-08-17T07:00:00+03:00;OK;1895;32;9209;LOCAL_VALHALLA_MATRIX;7fde81552863d2c53e4e283bcdb6eb5392547704062ab0d1c1a3afa760a274e3;f78437e1d86e5824e54a4130bfc1c421856642f482cc6f351c316dca5c7dd9d0;2026-09-28T19:47:05.797752+00:00;false
LOC-0135;LOC-0112;BICYCLE;2026-08-17T07:00:00+03:00;OK;1787;30;8601;LOCAL_VALHALLA_MATRIX;00dd5968e8726930c78672df213246f9b8922bbc8a441e24a2d7d304eeb9c3c3;8206061a65c0186bcdf942cdd1cdacff85d5e0f8211d885c613cb98876bfa439;2026-09-28T19:47:05.797752+00:00;false
LOC-0135;LOC-0124;BICYCLE;2026-08-17T07:00:00+03:00;OK;2727;46;13075;LOCAL_VALHALLA_MATRIX;cefb06e2d592456abea5d2131625a552f82671bd421972b6093c8b7fa3399a2d;1aa347d751eccad45e60eb63bfbe6ac107d4f34e07611c53657eb0102e1b138b;2026-09-28T19:47:05.797752+00:00;false
LOC-0135;LOC-0125;BICYCLE;2026-08-17T07:00:00+03:00;OK;2192;37;10384;LOCAL_VALHALLA_MATRIX;a8017f8ffd095f85eb5b4d91ebb5e9bb36359b5635e9f242195aeb2489241e02;7b2e5ed7ecdb7a7f5bd0b303edb201c9e2924f4a618000d47a45c6b4574bd401;2026-09-28T19:47:05.797752+00:00;false
LOC-0135;LOC-0126;BICYCLE;2026-08-17T07:00:00+03:00;OK;1556;26;7381;LOCAL_VALHALLA_MATRIX;cfece2785b96273bb4e3bd87737296c080f50148cef7ed8aefb23797ac9f6e53;6f61b13dafb4443e3c5c1d0b171010300f220ec98e746386bc813309932e65c6;2026-09-28T19:47:05.797752+00:00;false
LOC-0135;LOC-0128;BICYCLE;2026-08-17T07:00:00+03:00;OK;658;11;2994;LOCAL_VALHALLA_MATRIX;a177122f827fb608748a1ef0d5313ebc7d4ce900fdb47544f1a6f897ecbc649d;fadb1ca99bb4a5af58b59a86c6540745ad63019d11753614b385ee84b0043eca;2026-09-28T19:47:05.797752+00:00;false
LOC-0135;LOC-0134;BICYCLE;2026-08-17T07:00:00+03:00;OK;101;2;427;LOCAL_VALHALLA_MATRIX;1f687e002e1c48b16f26d16ea83c82ff969ecff5ff7974422dda12be211ffec0;eab12198574338b92b343d252205e89d617c68956aefc6277adc3a2c79d76d55;2026-09-28T19:47:05.797752+00:00;false
LOC-0135;LOC-0135;BICYCLE;2026-08-17T07:00:00+03:00;OK;0;0;0;LOCAL_VALHALLA_MATRIX;0d601b66eb9bc44d904e01f2479824630230491748ad6bc9f792307dc8d1b86f;3d5812abc84c11768aa73a732c85d75dbed439188f5bb3239e9b762ea31d9862;2026-09-28T19:47:05.797752+00:00;false
LOC-0135;LOC-0136;BICYCLE;2026-08-17T07:00:00+03:00;OK;152;3;664;LOCAL_VALHALLA_MATRIX;f01b9b32f7d7592df20eadf144ba171e39bceee5b5cf89e14bab56235ec56c18;d6d4f0ff3b393f6639d5ec0a6ebc5ed740e31f5aa8804458c7e2df5e911b64c4;2026-09-28T19:47:05.797752+00:00;false
LOC-0135;LOC-0140;BICYCLE;2026-08-17T07:00:00+03:00;OK;954;16;4613;LOCAL_VALHALLA_MATRIX;a9cfda0822c283ed5b2c7501045fece42f2aefadf9065562fe65df2e096d4e09;cce8640823c1c22f96d5dcab1014d372e1c645f6194b038ba96d975e9a538d54;2026-09-28T19:47:05.797752+00:00;false
LOC-0135;LOC-0141;BICYCLE;2026-08-17T07:00:00+03:00;OK;2918;49;13866;LOCAL_VALHALLA_MATRIX;181c446a16b9880eda7608f888cd2f553f9284c44ce730e9f7f9c856aa68671f;325c77657e1e7c7ff5c1f767ebaa969401b85df6675df7b7284b6fa9b48c25be;2026-09-28T19:47:05.797752+00:00;false
LOC-0135;LOC-0142;BICYCLE;2026-08-17T07:00:00+03:00;OK;3010;51;14303;LOCAL_VALHALLA_MATRIX;9ff1de7063338c32fb4b8fde36bb5fb9943a59a41b17bd1cb0bccaabad91313f;e466ee48f52432a3c2eb872d9d22c226174640c7295f3bef547df8b6b41ceee7;2026-09-28T19:47:05.797752+00:00;false
LOC-0135;LOC-0145;BICYCLE;2026-08-17T07:00:00+03:00;OK;2216;37;10567;LOCAL_VALHALLA_MATRIX;a1627b0095e89d021d82d071ee62e637d7b0d2fc26e86753ae7f464b89f6f6d0;89838a76868efc1de5b3de24a068dfeaa93a7c5cf6a297ca2b0bffefa9dce30e;2026-09-28T19:47:05.797752+00:00;false
LOC-0135;LOC-0148;BICYCLE;2026-08-17T07:00:00+03:00;OK;2157;36;10422;LOCAL_VALHALLA_MATRIX;7487a2b308d1a34071412abe2ad7891392bfacdc89ab5f6751db30de7e5ec87d;98ebbbc6107ade8aa80f52341e8524b872180fcac5edb8259d730fdeec6c2b7d;2026-09-28T19:47:05.797752+00:00;false
LOC-0135;LOC-0149;BICYCLE;2026-08-17T07:00:00+03:00;OK;2065;35;9963;LOCAL_VALHALLA_MATRIX;9ec401fff75bed115637a4667e5c2add88ed4b8d080bbe1bb7dcca02c0c38653;35f0ea1c6b29ad7f59b4cfc5b6b88393a825e6e4ae9d8df32744e3e5fa525e0e;2026-09-28T19:47:05.797752+00:00;false
LOC-0135;LOC-0150;BICYCLE;2026-08-17T07:00:00+03:00;OK;2030;34;9778;LOCAL_VALHALLA_MATRIX;2509b696f69085c3a3d143ef4f10059fd48fe4bd8af0b6318f6f57084a3cc548;2ba216c6456d21969e36e943c49e8e09e3cd9f4ef8da0d46dbe9a5660b2f3acc;2026-09-28T19:47:05.797752+00:00;false
LOC-0135;LOC-0151;BICYCLE;2026-08-17T07:00:00+03:00;OK;2245;38;10827;LOCAL_VALHALLA_MATRIX;5e4b35aab51a464a19c8410f5936180ffb4872544e7206f2bb263a583f70765e;791b2888db68c7f18f7ca9293540a99c5517f5501b133afc0f855a25a02df923;2026-09-28T19:47:05.797752+00:00;false
LOC-0135;LOC-0152;BICYCLE;2026-08-17T07:00:00+03:00;OK;2246;38;10819;LOCAL_VALHALLA_MATRIX;cf77a45675a41df1e66b2090626e64305b96cc9d3e182948d74826c4496d2164;977f45e7e3c7d1760a178bfbad9899223cfeb9dcdd2cafa0455d35d73cc64a7d;2026-09-28T19:47:05.797752+00:00;false
LOC-0135;LOC-0190;BICYCLE;2026-08-17T07:00:00+03:00;OK;1334;23;6396;LOCAL_VALHALLA_MATRIX;d41c6a67081a34b58159633ac7ca60b1a568932d092b668f615f06dd91d00204;b803a50e4ea7331418a42e08d2b1035e7194d2b6fdb6741ee0a2113c68f1dacf;2026-09-28T19:47:05.797752+00:00;false
LOC-0135;LOC-0196;BICYCLE;2026-08-17T07:00:00+03:00;OK;2656;45;12573;LOCAL_VALHALLA_MATRIX;1b49e30728c82058cf3938280cfa737bc801eaefb8a30ed74e4add3a6cfaa5a7;08232f7cbdb91504c82a6219562cc364bbf558fc0f894aea0756a83fe083848c;2026-09-28T19:47:05.797752+00:00;false
LOC-0136;LOC-0002;BICYCLE;2026-08-17T07:00:00+03:00;OK;265;5;1180;LOCAL_VALHALLA_MATRIX;10a21a1baf35b19327e6af26ed7c72c790a5636f829ed5eda0b7645dc38b7f87;d7d6f2f1af6c6eb429673fea613d24e06542092b7d4832ceb213a9d4a2867ad4;2026-09-28T19:47:05.797752+00:00;false
LOC-0136;LOC-0008;BICYCLE;2026-08-17T07:00:00+03:00;OK;1833;31;8736;LOCAL_VALHALLA_MATRIX;2569f00bb50748084eebdeff4a0c681183baae0d1a25e1c6feb91c2bdcc81f01;5829fe1af56c45bf55f1bff3d6dca9d5000726eb93fa9c3e5233022439db797b;2026-09-28T19:47:05.797752+00:00;false
LOC-0136;LOC-0009;BICYCLE;2026-08-17T07:00:00+03:00;OK;3044;51;14556;LOCAL_VALHALLA_MATRIX;9beb9f4516d42cb1c573f3070fdaab7a4dac3a8336edf2a42d4455d40bfa822e;d696999faadaafe82cfc90a551441d94da54fc8073d8cd2460cbde2d0a7f95c2;2026-09-28T19:47:05.797752+00:00;false
LOC-0136;LOC-0010;BICYCLE;2026-08-17T07:00:00+03:00;OK;1871;32;8871;LOCAL_VALHALLA_MATRIX;f77dd081d344801c0b38166b49795ecfe245ffe6ccd4d255b82d7e47164ec638;f775bd22effc6ccdac2263ec97ea25f08fbe3626b462abb1bc07fba615549a0a;2026-09-28T19:47:05.797752+00:00;false
LOC-0136;LOC-0011;BICYCLE;2026-08-17T07:00:00+03:00;OK;1855;31;8824;LOCAL_VALHALLA_MATRIX;8d5639e09e9609f30a21015b27cd29a506421827b9766ffe15089016c8199d97;3a11851e91cfe57d47ca251cfb695e5bd230f182ea8c0582914b6a04ef24fb58;2026-09-28T19:47:05.797752+00:00;false
LOC-0136;LOC-0012;BICYCLE;2026-08-17T07:00:00+03:00;OK;1532;26;7293;LOCAL_VALHALLA_MATRIX;2a4ffe63b57840355885af66cdc329e3d96d568787ae6ab90ca173340cf7b2d4;56d81d947e24fc4760614b902798d080dfd7d3509b1bc09ec8ab2ef00c459acd;2026-09-28T19:47:05.797752+00:00;false
LOC-0136;LOC-0013;BICYCLE;2026-08-17T07:00:00+03:00;OK;226;4;985;LOCAL_VALHALLA_MATRIX;2075fd86071963e62e2672fcc2c7e2c258a8a92214f1320231301e2f11c2fd48;1f54f3b0338c83f999859a80c23b30ae97b549952bdf408f398027afdfccb1ab;2026-09-28T19:47:05.797752+00:00;false
LOC-0136;LOC-0016;BICYCLE;2026-08-17T07:00:00+03:00;OK;1341;23;6352;LOCAL_VALHALLA_MATRIX;cba46ac69cd3bdd4ab25917f5078d2a3342aa94ec6bfb7948178ab71375b053a;b864da454b28c62f12fb7b5419ce2b7b0556f65072d1b570e420b0e3bb4a90e2;2026-09-28T19:47:05.797752+00:00;false
LOC-0136;LOC-0017;BICYCLE;2026-08-17T07:00:00+03:00;OK;2572;43;12351;LOCAL_VALHALLA_MATRIX;6e04d55c04d76f1778bc2eb9fbe39cbf99d7beef20190639f620b67d443c2fbf;1551210fdf3f076a96eb56fd9d4b3f1c897697f6e437ba374d8a5a38b7cca084;2026-09-28T19:47:05.797752+00:00;false
LOC-0136;LOC-0018;BICYCLE;2026-08-17T07:00:00+03:00;OK;2372;40;11260;LOCAL_VALHALLA_MATRIX;a9f9791a9eb6ed42154a51b76ffd488e3ab89c89ce142b986158531520bde15d;36714f8bb6590eb52fae43fdbd7a285aaa18f63324af0e9557f7770a491dcb57;2026-09-28T19:47:05.797752+00:00;false
LOC-0136;LOC-0019;BICYCLE;2026-08-17T07:00:00+03:00;OK;1913;32;9131;LOCAL_VALHALLA_MATRIX;94614c105520ecb56596e630073cc3fd26e1134761a62d55371cfe3fb45de92e;e04309602dd3fca0afbe02523c5fb349ee11f9187faf3f9022fcd986b5c45cf9;2026-09-28T19:47:05.797752+00:00;false
LOC-0136;LOC-0020;BICYCLE;2026-08-17T07:00:00+03:00;OK;2170;37;10318;LOCAL_VALHALLA_MATRIX;80a750112fefd2d8a687052adbdf90bc4628a304817da017bae8eade0ad091b4;e78d1c038f75c72a082ad8c8edfd66c04dce5059204d90dc271ae493f74859b1;2026-09-28T19:47:05.797752+00:00;false
LOC-0136;LOC-0023;BICYCLE;2026-08-17T07:00:00+03:00;OK;2100;35;10043;LOCAL_VALHALLA_MATRIX;da696ba561cb72c81c1b3c87d8a98a20b581e5c03bc56693165398d4a5e9b3a7;f830bbe6aefdb4856fc32c97fa992ba142233a575cd0f46dcff91eba29cf9400;2026-09-28T19:47:05.797752+00:00;false
LOC-0136;LOC-0027;BICYCLE;2026-08-17T07:00:00+03:00;OK;1900;32;8676;LOCAL_VALHALLA_MATRIX;6e2d17d6abb0976fff57c25a8e4623f7e0055d44ee534a0b69ea1ac61f99d2dd;d2b04273c0446988da2ee076057ac0cb63a21b2105b1379c66528c91daaea23f;2026-09-28T19:47:05.797752+00:00;false
LOC-0136;LOC-0028;BICYCLE;2026-08-17T07:00:00+03:00;OK;1689;29;8170;LOCAL_VALHALLA_MATRIX;0f75d74cb7909648a2a5d0c135dd642193b4586534cae0d099b574a6d70856b6;5468a70538e9b291e5c649e4dee61597ea7fa4d5fb38f1d6caf910e30ea45b47;2026-09-28T19:47:05.797752+00:00;false
LOC-0136;LOC-0029;BICYCLE;2026-08-17T07:00:00+03:00;OK;1614;27;7793;LOCAL_VALHALLA_MATRIX;024c269a070c2f0b832d66248aa8a4a43f58ccdda5aff57a36da2a3ecd5f1223;0058d4d9a4d2edf46f61be7dbe1236ba817e2931e77fbccdca35042652926f23;2026-09-28T19:47:05.797752+00:00;false
LOC-0136;LOC-0037;BICYCLE;2026-08-17T07:00:00+03:00;OK;661;12;3026;LOCAL_VALHALLA_MATRIX;96a9fb1995b4913ae7868e5740817a2ea2ae6cf8b6ddcc99475cda18c940cca2;c3f8aee86887e2fd517fcc366963d64f36762d00f4ab985ba1967955c3784d67;2026-09-28T19:47:05.797752+00:00;false
LOC-0136;LOC-0045;BICYCLE;2026-08-17T07:00:00+03:00;OK;1931;33;9297;LOCAL_VALHALLA_MATRIX;28ffb84a39ca3ce48924483ab2949aaa942ce7d1d68ad6db52cc52a97eddb586;a43cc9e859c7084792f59cb737e6bc2fd30c5b978eb4929fccbb12adaaa9d2d4;2026-09-28T19:47:05.797752+00:00;false
LOC-0136;LOC-0053;BICYCLE;2026-08-17T07:00:00+03:00;OK;1310;22;6239;LOCAL_VALHALLA_MATRIX;0eb6b45b505e01964ccc06920ef53b708ad728326a3e226a0c067a046026da6e;0d48afb7c99df28cd46ae93db006efabe92ee71ffb77047eeba3a346f931dfd3;2026-09-28T19:47:05.797752+00:00;false
LOC-0136;LOC-0054;BICYCLE;2026-08-17T07:00:00+03:00;OK;871;15;4030;LOCAL_VALHALLA_MATRIX;525e3e00c9973dfc71d309fef12df20dc080eb98a5048c27a14c5ad922903573;571a3c48f443196a445b8080c0a9c55cca4d5ec5cf52552be47e6ef4a559f131;2026-09-28T19:47:05.797752+00:00;false
LOC-0136;LOC-0061;BICYCLE;2026-08-17T07:00:00+03:00;OK;1570;27;7299;LOCAL_VALHALLA_MATRIX;ecfd5381e70c9c767268c25f6f34da62100d9e982b92033e03d6a39144e48a25;4181bb06da308e8e636911f8fa35ae8cf0632d75c3b04ba58e0dea02e5103c24;2026-09-28T19:47:05.797752+00:00;false
LOC-0136;LOC-0063;BICYCLE;2026-08-17T07:00:00+03:00;OK;2279;38;11016;LOCAL_VALHALLA_MATRIX;11c92e9a0d32be3024b59b249069508973438214a236d53f29238e4ef0f63b84;8848d7a241d6a4036380ccb1c6b2e2d7c049db26d66d9261c8c8a8684a67559b;2026-09-28T19:47:05.797752+00:00;false
LOC-0136;LOC-0064;BICYCLE;2026-08-17T07:00:00+03:00;OK;1916;32;9213;LOCAL_VALHALLA_MATRIX;81a75fc50668d71fa6d8e059c05f81606e9d3e3f2bc82bfaabf40ddb821b59fc;720a649f8ef7e40c9e91d2902b270fb886842e10a33c9a5b52456a0fc54200c2;2026-09-28T19:47:05.797752+00:00;false
LOC-0136;LOC-0074;BICYCLE;2026-08-17T07:00:00+03:00;OK;2089;35;9867;LOCAL_VALHALLA_MATRIX;845456ea0893b6a7b05e559d0544aedf1abbc34038f8eba9ab19e42296ef9637;10c18c93d8db92426a16ce10b0bdffb854d82e2176d5b12ec5f6a8928f451e82;2026-09-28T19:47:05.797752+00:00;false
LOC-0136;LOC-0075;BICYCLE;2026-08-17T07:00:00+03:00;OK;2305;39;11020;LOCAL_VALHALLA_MATRIX;cbd68f4fd0184b40bfe6d086fa5821107e354289eb76de8b44178fbe50efb810;72928beb51770f19f0015983a10cf136583855f295d441f987d4711e3d7c24cd;2026-09-28T19:47:05.797752+00:00;false
LOC-0136;LOC-0076;BICYCLE;2026-08-17T07:00:00+03:00;OK;1368;23;6385;LOCAL_VALHALLA_MATRIX;d336e99765ec1ac4773b8d623f7e6d1b3bd6db2c03a0647ec131f9477d9b8c02;f4c02f7792a41e82aa9fe554e9e9bd7c30a2c7c1a71fe3ca8ddf50e58d7bb90a;2026-09-28T19:47:05.797752+00:00;false
LOC-0136;LOC-0078;BICYCLE;2026-08-17T07:00:00+03:00;OK;1719;29;8232;LOCAL_VALHALLA_MATRIX;0bb486d4dbf9be72a4c4e47db720ec94bfc71dd11b9f9a99e6d66fcdd148e201;047ba5db0d7b1b7758973bcfbf4cebb6433cb3d874b6bb852e662a1647a2ee42;2026-09-28T19:47:05.797752+00:00;false
LOC-0136;LOC-0080;BICYCLE;2026-08-17T07:00:00+03:00;OK;2123;36;10037;LOCAL_VALHALLA_MATRIX;ec528b45cd9aad6fcc620e585f6e998ce5512b282d4b1cf5e0659c61c73ea667;5664a16e8a6b369292d2680b2caa330568117fb9e7fed8776ff9cdade1da49a1;2026-09-28T19:47:05.797752+00:00;false
LOC-0136;LOC-0082;BICYCLE;2026-08-17T07:00:00+03:00;OK;1916;32;9254;LOCAL_VALHALLA_MATRIX;89832d75d859a71fd5bfdbad2f8c4279e32a5c45f8b1ce9b8a8374643421d16b;b7e998e6d700b745de9a84b78021acf890c229c99631c104f20c08b5890759ef;2026-09-28T19:47:05.797752+00:00;false
LOC-0136;LOC-0085;BICYCLE;2026-08-17T07:00:00+03:00;OK;244;5;1088;LOCAL_VALHALLA_MATRIX;334960bc9a4400a1384cf9e83e719f7602220855eea876cc85991eb15d2dc09c;2fb3aac1f620756ecc48534fa1f7cf6040dabf4f8e6854d350587133fd77633b;2026-09-28T19:47:05.797752+00:00;false
LOC-0136;LOC-0086;BICYCLE;2026-08-17T07:00:00+03:00;OK;313;6;1272;LOCAL_VALHALLA_MATRIX;80a7fb931e0bbbcdc37fd6c8c3444e0cdf5ef48babc041373304382cbedfa5b9;4481e84ac73476ff3ed3cc71de593f66b00aa8cafd5f1c6cb101fc69831e7eba;2026-09-28T19:47:05.797752+00:00;false
LOC-0136;LOC-0091;BICYCLE;2026-08-17T07:00:00+03:00;OK;1825;31;8677;LOCAL_VALHALLA_MATRIX;3c28f7f057bf12db75f98a77a617f56d5228cfd55ef708b1cc96eed47383f5fb;90b8b2016acded00bc216c48c693804ca65cbb8a2e6a714b0fc9b5b2e59669c6;2026-09-28T19:47:05.797752+00:00;false
LOC-0136;LOC-0092;BICYCLE;2026-08-17T07:00:00+03:00;OK;1857;31;8828;LOCAL_VALHALLA_MATRIX;5899e33e004cce74a2dd742b264080d559facc916898471f2c3667516e21dd15;3ff052a786b29b595b8abc0a64971ddb3d3e42b624381c55f3d0500013d44759;2026-09-28T19:47:05.797752+00:00;false
LOC-0136;LOC-0093;BICYCLE;2026-08-17T07:00:00+03:00;OK;1892;32;8829;LOCAL_VALHALLA_MATRIX;57251395af3a77552ee2ecb463f00655c98c018e6be06cd2dd859bdbf9a0a0fe;ba35314c5b0ffb7a19acfa8d920a21fa1efd0dac39f1f96ad98f7ae13fc3136a;2026-09-28T19:47:05.797752+00:00;false
LOC-0136;LOC-0094;BICYCLE;2026-08-17T07:00:00+03:00;OK;426;8;1958;LOCAL_VALHALLA_MATRIX;166cae0f9dda8315c4346fdbdb348e345b560a18dcb4a154c3c69b83510fb6fa;4a63efd78109313d0967d42c890c30d80fa6706924c5a36747d41939ccf48380;2026-09-28T19:47:05.797752+00:00;false
LOC-0136;LOC-0095;BICYCLE;2026-08-17T07:00:00+03:00;OK;496;9;2326;LOCAL_VALHALLA_MATRIX;237abb5600c644b8600e67d039d1249d2598d66cee19ab4ce64c1003449ca70b;52d266bac30998023130f3dac0fbe84e9854fa75b4f134fc4683640e5f49b919;2026-09-28T19:47:05.797752+00:00;false
LOC-0136;LOC-0102;BICYCLE;2026-08-17T07:00:00+03:00;OK;2077;35;10031;LOCAL_VALHALLA_MATRIX;509e77b67f31969fea300d7d1c369600c88ad808631cce55ac0c64d09fe711f5;42561f9cc7928ddb070fca805aaa4145bd6d6bdfa972b5db6493c1d235e40aab;2026-09-28T19:47:05.797752+00:00;false
LOC-0136;LOC-0112;BICYCLE;2026-08-17T07:00:00+03:00;OK;1715;29;8206;LOCAL_VALHALLA_MATRIX;b399c3e608937577ac1454e6c5fae39c192048e8b98cc4d57e4cf0b27cec7bab;ef5c378ccaf76697dfb7cf7bb382a6fc614dc47c88ed1db99d0de6dcb1c59f3d;2026-09-28T19:47:05.797752+00:00;false
LOC-0136;LOC-0124;BICYCLE;2026-08-17T07:00:00+03:00;OK;2908;49;13897;LOCAL_VALHALLA_MATRIX;6530d0d5b981c6aa916a1b1c06ea2365214be7699387a3fe9457a8ce58ec0a89;3559697d7bb0d8f6034c9d2c9d4c08751f5ad94279bf7e4cd13137a45a1826f0;2026-09-28T19:47:05.797752+00:00;false
LOC-0136;LOC-0125;BICYCLE;2026-08-17T07:00:00+03:00;OK;2373;40;11206;LOCAL_VALHALLA_MATRIX;dca12280c5ec17ae22355efb3ba73175ec0907e3196dcd342d806c10f93ea2e7;f8d7f719291e6c0719fa393e05236bcfd05833227bc515268f760df085406ab4;2026-09-28T19:47:05.797752+00:00;false
LOC-0136;LOC-0126;BICYCLE;2026-08-17T07:00:00+03:00;OK;1737;29;8203;LOCAL_VALHALLA_MATRIX;05f58f4e3fa887ef1340287d8ac9128c2a7260f5a8c2f4b243e0a466f1568a09;75f7cf9f90146026888b77fb8a64f20c3ae82182aa59d9c3cc3e19efa00e7453;2026-09-28T19:47:05.797752+00:00;false
LOC-0136;LOC-0128;BICYCLE;2026-08-17T07:00:00+03:00;OK;707;12;3213;LOCAL_VALHALLA_MATRIX;8d71f184281481e648746334b7ed340d9cfb9b05ac3b0a612684df757af2f9ec;b40275067203a0659ca0f7a65aa4717a8d66591a096f163daa375ebbad2dd8a3;2026-09-28T19:47:05.797752+00:00;false
LOC-0136;LOC-0134;BICYCLE;2026-08-17T07:00:00+03:00;OK;150;3;646;LOCAL_VALHALLA_MATRIX;d323df9285813f09bc460ecc5527b7f9d5159f50cefde7276b435eb4e4354d6c;4e65766df704b54e72f073b6208e5dabbaf08c46c98fa490f531657551275fd6;2026-09-28T19:47:05.797752+00:00;false
LOC-0136;LOC-0135;BICYCLE;2026-08-17T07:00:00+03:00;OK;152;3;663;LOCAL_VALHALLA_MATRIX;1546678e3ca31d41063ae39f6a75cd918b345603f0bd223d644d654140f0a754;f37cfcbd50698bb987b144245d0d59b160485f535f82b3f3808c008a508ed01f;2026-09-28T19:47:05.797752+00:00;false
LOC-0136;LOC-0136;BICYCLE;2026-08-17T07:00:00+03:00;OK;0;0;0;LOCAL_VALHALLA_MATRIX;60735954f140f176080019afefc630a7525d0aec33bc68dd821fac7416d6df71;3d5812abc84c11768aa73a732c85d75dbed439188f5bb3239e9b762ea31d9862;2026-09-28T19:47:05.797752+00:00;false
LOC-0136;LOC-0140;BICYCLE;2026-08-17T07:00:00+03:00;OK;1041;18;4915;LOCAL_VALHALLA_MATRIX;2e4f8a22163597e89f46f771734ffddb7a1f6e16e1cc8088ddbe57ecdd5c9f8e;2c4a9840385bd34e4ef82ae2ae101cef3fdb10372f2a52cc534ad3cfd4a5fd85;2026-09-28T19:47:05.797752+00:00;false
LOC-0136;LOC-0141;BICYCLE;2026-08-17T07:00:00+03:00;OK;3099;52;14688;LOCAL_VALHALLA_MATRIX;bd534fb20655e4904dff0d3c1df421cb0540f074843888cefaf1bce6b828a5e8;b4d0c01686b1ec5ab8620994715da2ac3db8737a15c3e679fbf08faa3c0bd316;2026-09-28T19:47:05.797752+00:00;false
LOC-0136;LOC-0142;BICYCLE;2026-08-17T07:00:00+03:00;OK;3191;54;15125;LOCAL_VALHALLA_MATRIX;4f7527850480df168dfec8746388a440aba7a77960b3497f918aa13a4cc7bf0b;468a61174880ad3c5bd6b533aca532327cb4b7a5e4d78b6ccc21728b0e8159f3;2026-09-28T19:47:05.797752+00:00;false
LOC-0136;LOC-0145;BICYCLE;2026-08-17T07:00:00+03:00;OK;2144;36;10172;LOCAL_VALHALLA_MATRIX;df1a22c93bb0e0b46ff07f8abd863348efd9aad05955a71003dc9ec63300a063;994954455b042bbfe2ac5a056451ede9372aec00701840dfd8a7cf30b91e56e1;2026-09-28T19:47:05.797752+00:00;false
LOC-0136;LOC-0148;BICYCLE;2026-08-17T07:00:00+03:00;OK;2338;39;11244;LOCAL_VALHALLA_MATRIX;b2902b51c1513fa53fd3130d62cc536fb933b7c834ffc357bff36e5775e4a36c;c7b5692579a290da0d741314387b324baeeebc514962797eec4320a8bfef2961;2026-09-28T19:47:05.797752+00:00;false
LOC-0136;LOC-0149;BICYCLE;2026-08-17T07:00:00+03:00;OK;2246;38;10785;LOCAL_VALHALLA_MATRIX;dcac3f37840bf1f6c0a8288e6a2a447c6a204df65f76c6904b15b3b5c6463c02;f7f5a12c76f09ee621a63e27941bf5797507172b54772fd41451d141328cebf1;2026-09-28T19:47:05.797752+00:00;false
LOC-0136;LOC-0150;BICYCLE;2026-08-17T07:00:00+03:00;OK;2211;37;10600;LOCAL_VALHALLA_MATRIX;0430e0e68d0f7bbac47d72033dfd0abf9f7c61764fe92cebbd83e9dc7c913e86;02910271de24d2fe11c572ff8c9257331efce1dde52f3029eab582f60db824da;2026-09-28T19:47:05.797752+00:00;false
LOC-0136;LOC-0151;BICYCLE;2026-08-17T07:00:00+03:00;OK;2426;41;11649;LOCAL_VALHALLA_MATRIX;1fb7ef5729ee7d606e164740c54dd0081fb97dcb85e6b1df1786c64c939e3cc8;debffee4ba7b03b2e0b51a96f5c9aef31d10cec10319782d502ef923fc678d95;2026-09-28T19:47:05.797752+00:00;false
LOC-0136;LOC-0152;BICYCLE;2026-08-17T07:00:00+03:00;OK;2427;41;11641;LOCAL_VALHALLA_MATRIX;0650fcec97499891e2d864e3f1ae01b5537f3063c116a592b5395bdf9911ec5d;a2cccd2ea2a24044535dafc37a28f6ec62362e72184f0cbf232096568befc176;2026-09-28T19:47:05.797752+00:00;false
LOC-0136;LOC-0190;BICYCLE;2026-08-17T07:00:00+03:00;OK;1515;26;7218;LOCAL_VALHALLA_MATRIX;49cd0d1352ad641aefc74348e7dd01c29b0e53801e8c60ee460d460dbd796f2a;caaaddcf55c79e72d99fde81557ec8fb4bb2547460225d01c7fc07512f09546a;2026-09-28T19:47:05.797752+00:00;false
LOC-0136;LOC-0196;BICYCLE;2026-08-17T07:00:00+03:00;OK;2457;41;11711;LOCAL_VALHALLA_MATRIX;fbaa6357e5adc145beedc8458c514d2c7e51f3cca7e1c55e0fe50621e1aa36ee;74df75b2df860646bc2c34e615c2ba2048691d7d0b4bdc8d5b5c6a0c2ed132d4;2026-09-28T19:47:05.797752+00:00;false
LOC-0140;LOC-0002;BICYCLE;2026-08-17T07:00:00+03:00;OK;943;16;4493;LOCAL_VALHALLA_MATRIX;0772453e4646e4fed51a0539a137ca3c99460e1173ba9463333fa85d9bffc23f;ba2dac25a54e37fa242bd77d4283c9e806e84b86119b1ff3e64b5188e8cad234;2026-09-28T19:47:05.797752+00:00;false
LOC-0140;LOC-0008;BICYCLE;2026-08-17T07:00:00+03:00;OK;2189;37;10519;LOCAL_VALHALLA_MATRIX;707390559793df50bf109367ce54ca8a4cf8b369868a9a60c1eecd4cb8f000bb;ad63075ad38825a7c87f9659b5c14da95273be1c495a2ae7782c6c297bd65a91;2026-09-28T19:47:05.797752+00:00;false
LOC-0140;LOC-0009;BICYCLE;2026-08-17T07:00:00+03:00;OK;2461;42;11836;LOCAL_VALHALLA_MATRIX;d5d168523f27847e5c2b416a7f3a42af4b6a85296d6283ff2858ccc3b90927ae;bfbe8140348dbddc39b2ed6af6ceef71f37551cf843f2d51ae96948ce04f03aa;2026-09-28T19:47:05.797752+00:00;false
LOC-0140;LOC-0010;BICYCLE;2026-08-17T07:00:00+03:00;OK;2228;38;10654;LOCAL_VALHALLA_MATRIX;dadd5a2094da2f8d84514751ecf7ebc48faeeb9c6dbdeb80217b16e89a39878f;80d335548de2d040358c26259fc8d873eb52010cefd70717da2f5f9d5e261f19;2026-09-28T19:47:05.797752+00:00;false
LOC-0140;LOC-0011;BICYCLE;2026-08-17T07:00:00+03:00;OK;1958;33;9390;LOCAL_VALHALLA_MATRIX;da46053596baa8f198e392e2770cb82e6fe2e8f3a5a854164c7ac89ad9e0f941;9ce2ff0684a23d2ea7ba2e89c5fe0175d65f8d7056f8e16f1f2d974670ab347f;2026-09-28T19:47:05.797752+00:00;false
LOC-0140;LOC-0012;BICYCLE;2026-08-17T07:00:00+03:00;OK;1888;32;9076;LOCAL_VALHALLA_MATRIX;aaa806ec3f5b677158f88e7cb0aa77ae064688681eac5ce7fcd62d0f1c601e84;84b353d745336f46c1c4b0b30a2e1d7dca150b7f604ca6981f2687714a6fd64d;2026-09-28T19:47:05.797752+00:00;false
LOC-0140;LOC-0013;BICYCLE;2026-08-17T07:00:00+03:00;OK;1054;18;5045;LOCAL_VALHALLA_MATRIX;58d94126d5bd9a2c313af1611c48abf6ac94e0af086fd2cc13cf1ee50b6521b7;c0d25c85fc3a536bdced5e2358fa310e720c97b0196d6286f59b92d4125cadcb;2026-09-28T19:47:05.797752+00:00;false
LOC-0140;LOC-0016;BICYCLE;2026-08-17T07:00:00+03:00;OK;542;10;2531;LOCAL_VALHALLA_MATRIX;017b94208523a3a47e8bd2624ddb2b8f670b81f26fab45206e7ece721d784fb0;e42ca84ff52579039c2784b18d2924c48305d197262ba2287d513149fb25e6e6;2026-09-28T19:47:05.797752+00:00;false
LOC-0140;LOC-0017;BICYCLE;2026-08-17T07:00:00+03:00;OK;2520;42;12066;LOCAL_VALHALLA_MATRIX;95787ee9e1e081261fd526617b1315a96fda9725302982bf5cd793391703ff82;86da8d01f8c1814b92596282c987c81c0dcb3868fb932f7797229bbbf22dde0a;2026-09-28T19:47:05.797752+00:00;false
LOC-0140;LOC-0018;BICYCLE;2026-08-17T07:00:00+03:00;OK;2482;42;11874;LOCAL_VALHALLA_MATRIX;c05423ce4dfd5ef04f4f5c8b68bb046eafab9ee7b834fad268dd441b07717f08;9f747a41f558c1ddadf0e01fa1e24e593f326a12bd8cd3ab0460fd341a68cbcf;2026-09-28T19:47:05.797752+00:00;false
LOC-0140;LOC-0019;BICYCLE;2026-08-17T07:00:00+03:00;OK;2269;38;10914;LOCAL_VALHALLA_MATRIX;575602a5223773a2d8d8b45b60edee7a2e8dad66d066dd87b654c45f8fef46cf;22889fa12bcb47a18562ee61dc5b1bfb56e4ea4cd84947d8a2c2e7db4bf799e8;2026-09-28T19:47:05.797752+00:00;false
LOC-0140;LOC-0020;BICYCLE;2026-08-17T07:00:00+03:00;OK;2526;43;12101;LOCAL_VALHALLA_MATRIX;678ecb3b6071efecfd76fb5bea6a137b5c915491851014f8ec6c0ca776a8bbce;64cae4152bb6bdd0a31f0cc18500731394dc1003e282651ddaf4d005ffa0d5d3;2026-09-28T19:47:05.797752+00:00;false
LOC-0140;LOC-0023;BICYCLE;2026-08-17T07:00:00+03:00;OK;2457;41;11826;LOCAL_VALHALLA_MATRIX;ce6e496a3c07d0a6cf5227a98f847056fe055c6e978d27c719187e998245b35a;1af4c2006f17b6f0a7ceea37b9c2bea8b69423170c8a206fb932dd5db19a7d8c;2026-09-28T19:47:05.797752+00:00;false
LOC-0140;LOC-0027;BICYCLE;2026-08-17T07:00:00+03:00;OK;2151;36;9958;LOCAL_VALHALLA_MATRIX;24715b55a24b2157a85ec0fc9afbb8c23e265dc317f959be999a636b92ebcd0f;8ee301c1da1f73b2a600d101efc6988663515939254437210dc68caf0c79490d;2026-09-28T19:47:05.797752+00:00;false
LOC-0140;LOC-0028;BICYCLE;2026-08-17T07:00:00+03:00;OK;1501;26;7108;LOCAL_VALHALLA_MATRIX;0f0c08acd954c2a983becdd7eccc0ac77c31b460d59cdd753f83a3c96a054837;953ad2eded2c3b3d3db226b34d721182fa7f224f523fb20f0df3da7e74f890d0;2026-09-28T19:47:05.797752+00:00;false
LOC-0140;LOC-0029;BICYCLE;2026-08-17T07:00:00+03:00;OK;1463;25;6979;LOCAL_VALHALLA_MATRIX;5c1fee6a5d004d0cea27fe28a94de888b7a6acdece15db6ea1fd4177e58027f0;9cd67c4be25685b9b3b77e959e4cb375aa0a8ded77e7058c7882166a4e8a5dab;2026-09-28T19:47:05.797752+00:00;false
LOC-0140;LOC-0037;BICYCLE;2026-08-17T07:00:00+03:00;OK;919;16;4459;LOCAL_VALHALLA_MATRIX;b89a3f45edfdab28b2abbfbfff49fc2d4c34b1124c33c0960f034443f09f749e;3dea1951eaea2382303be2bf186cafd27d6bd69583680da82b25e3dc0377dff0;2026-09-28T19:47:05.797752+00:00;false
LOC-0140;LOC-0045;BICYCLE;2026-08-17T07:00:00+03:00;OK;2183;37;10579;LOCAL_VALHALLA_MATRIX;1c96b47fae53f2accdeb4eb05cc59d434f3e5fac514faad56059dddfb8827583;3a1e4da879f17e90fd17c4da6ab7ec34200e87e6721b023fcee7d6e2e55bb1c7;2026-09-28T19:47:05.797752+00:00;false
LOC-0140;LOC-0053;BICYCLE;2026-08-17T07:00:00+03:00;OK;512;9;2418;LOCAL_VALHALLA_MATRIX;30e27de1a37b6f001b41e9f8d4d33abeb41b4d7e2289a4a2cb3d08444704e958;627ca46b428e72fc02a4f9c016bc69d635ac6aea740086fcefcd8cd24bfd9446;2026-09-28T19:47:05.797752+00:00;false
LOC-0140;LOC-0054;BICYCLE;2026-08-17T07:00:00+03:00;OK;1170;20;5638;LOCAL_VALHALLA_MATRIX;aefbce1fd32050fae58d944639f9a1cd301b5854072af96bb295c1b9281ae963;cdfe1d03819eaa50acd70c8c3aa7ea77203fbd09050fbbd664019cbb5307dfdf;2026-09-28T19:47:05.797752+00:00;false
LOC-0140;LOC-0061;BICYCLE;2026-08-17T07:00:00+03:00;OK;1926;33;9082;LOCAL_VALHALLA_MATRIX;2d888079efcacc435943f4243b132b2137efadff74371f1489a561636348cca0;103c706976362f97800ad23b42733dc74d1c2f078fbb619f02d7b2cd29d1e78b;2026-09-28T19:47:05.797752+00:00;false
LOC-0140;LOC-0063;BICYCLE;2026-08-17T07:00:00+03:00;OK;1425;24;6776;LOCAL_VALHALLA_MATRIX;9a373f8838ee0902265b38f797d523f1e85f7c75a823f61b41cb245a4166a86a;560077bb626e7ddbcef65e6e1765be91b6487613b60f16097cfa57d16eba77c1;2026-09-28T19:47:05.797752+00:00;false
LOC-0140;LOC-0064;BICYCLE;2026-08-17T07:00:00+03:00;OK;1567;27;7420;LOCAL_VALHALLA_MATRIX;692ae752dee69a770a25d3af44c17b5bbfee17a383343ea57184baa8e6940674;088b61b391b80add208eca7ee104cee2d21341ee5ab168739170d4c18c0c985f;2026-09-28T19:47:05.797752+00:00;false
LOC-0140;LOC-0074;BICYCLE;2026-08-17T07:00:00+03:00;OK;2199;37;10481;LOCAL_VALHALLA_MATRIX;f997d994b203871b7599c478571870ec374f852eb84d1aed1db8dc3d8bc95af8;831d1dc341d2310fd61bfe409e5c8e44c9fb856c842ff09db208c45b34326865;2026-09-28T19:47:05.797752+00:00;false
LOC-0140;LOC-0075;BICYCLE;2026-08-17T07:00:00+03:00;OK;2556;43;12302;LOCAL_VALHALLA_MATRIX;77721ea0896b72aeffd98a89841ccae9288607685f2ac5dbec4b9ec567263d31;d6af464d57c6331262bb611f7bdc6e76ba37fe6593c01851596e9a46ae4f8281;2026-09-28T19:47:05.797752+00:00;false
LOC-0140;LOC-0076;BICYCLE;2026-08-17T07:00:00+03:00;OK;569;10;2564;LOCAL_VALHALLA_MATRIX;fd4784598edc15576cf5ec4a0a64e338de0aa5941b4f751ae87b482ae0bfe2e2;6e22aa267e221aacb746ed5924dc21350241747f88692db3ca269c3865407478;2026-09-28T19:47:05.797752+00:00;false
LOC-0140;LOC-0078;BICYCLE;2026-08-17T07:00:00+03:00;OK;1970;33;9514;LOCAL_VALHALLA_MATRIX;0752cddaa55e8bbd47923bc069df669e1c61a3d90f3c7952fbe26f997829f3f4;5b063191e279d1f04d229cc1aca1d1014197cef29cee174922d9b53d978f4e2b;2026-09-28T19:47:05.797752+00:00;false
LOC-0140;LOC-0080;BICYCLE;2026-08-17T07:00:00+03:00;OK;2234;38;10651;LOCAL_VALHALLA_MATRIX;d44fa08c34e3d06bd256c355af31adcc2c8908a091a7663aa10ec46d8b0b52f5;dcd8c4b6a2a183f9bb249797a8775f4bceba996d53635712c0c0a8ed9f441a31;2026-09-28T19:47:05.797752+00:00;false
LOC-0140;LOC-0082;BICYCLE;2026-08-17T07:00:00+03:00;OK;1422;24;6804;LOCAL_VALHALLA_MATRIX;0466dafc50f2848a0a1e15784467114c4932b7e73cc1d45059dd745f0f8d09a7;ca81f7ac2d24d38c792166c7c1e92b19764ed20a90cf8f087633e6c8439f51e0;2026-09-28T19:47:05.797752+00:00;false
LOC-0140;LOC-0085;BICYCLE;2026-08-17T07:00:00+03:00;OK;1173;20;5606;LOCAL_VALHALLA_MATRIX;c67489df5e43a54c98cbf1458a6b7f7aa75eac67eda3e6439bbf344a9cab329a;464018138ce69f1d8692e3ce7833619efd526ff7249affb87a824f6efe4b0a3d;2026-09-28T19:47:05.797752+00:00;false
LOC-0140;LOC-0086;BICYCLE;2026-08-17T07:00:00+03:00;OK;1219;21;5670;LOCAL_VALHALLA_MATRIX;4a2462e598d26ba5fa9f5d843a397fc5199f6d55868460d5343a881c60421a15;27238a58362b25c999a3cab8c8c9421483295440a61d1cca666d085d57454b1d;2026-09-28T19:47:05.797752+00:00;false
LOC-0140;LOC-0091;BICYCLE;2026-08-17T07:00:00+03:00;OK;2181;37;10460;LOCAL_VALHALLA_MATRIX;871ac4c4bdb4d396ab70c021ba9eaf59b2e617813c023c4d556c36637793b2e6;a676a65dbb761aa22372ad7ac8e997df5c8cd46714137b863911ed9acb235ff6;2026-09-28T19:47:05.797752+00:00;false
LOC-0140;LOC-0092;BICYCLE;2026-08-17T07:00:00+03:00;OK;2213;37;10611;LOCAL_VALHALLA_MATRIX;0ffa1ba292db489b02b447957b240cbaf4657f9d52169d03ecc6f35a4089ecc0;00c05d8a1506575300f966480ee96935d58bd2f25d7fe6879fdd89f2d0e81b60;2026-09-28T19:47:05.797752+00:00;false
LOC-0140;LOC-0093;BICYCLE;2026-08-17T07:00:00+03:00;OK;2248;38;10612;LOCAL_VALHALLA_MATRIX;a6ac5036231e5724fc0090e5ab0d7e5f96f83e08f2cc0bb45488a25b9db92714;ef34247fef53030eef5aa5f661dfd6517bc636a6d68c0109ac22d8ef6f16b856;2026-09-28T19:47:05.797752+00:00;false
LOC-0140;LOC-0094;BICYCLE;2026-08-17T07:00:00+03:00;OK;1332;23;6356;LOCAL_VALHALLA_MATRIX;c2643e424237b404bcd1d0c24d50465778cfce9d817db713565c8f880fdec9bc;e8d6b970e59e9f63e7984bf381201ddceba328169d40de23d4691ed0acc17993;2026-09-28T19:47:05.797752+00:00;false
LOC-0140;LOC-0095;BICYCLE;2026-08-17T07:00:00+03:00;OK;1511;26;7174;LOCAL_VALHALLA_MATRIX;e8ce761ade5e433ed65a7b25c1c71f076f1c36616697cbb34e0daec3c554ee6e;03340c130dc305b5fb7ac65c4d48af7ea22d12a14323cd912715334c38c179c5;2026-09-28T19:47:05.797752+00:00;false
LOC-0140;LOC-0102;BICYCLE;2026-08-17T07:00:00+03:00;OK;1551;26;7483;LOCAL_VALHALLA_MATRIX;953aeb21d1e3e61ccb08e69cff9643c2cefe92487743ba8c8b1b41c0d96b7016;31b5f348182753069d5dad5db4e0ad603b57ffba3d07a82c215d21828e6f7a13;2026-09-28T19:47:05.797752+00:00;false
LOC-0140;LOC-0112;BICYCLE;2026-08-17T07:00:00+03:00;OK;2071;35;9989;LOCAL_VALHALLA_MATRIX;dadf69821ef5ec7e93e793dc90adca94ced5035ff3598c1bbbf5256019176ed4;06e3fe7f63d042b8c1dd73ef31f56f70d6750229a822f7d0e3a06b2d1bc91f62;2026-09-28T19:47:05.797752+00:00;false
LOC-0140;LOC-0124;BICYCLE;2026-08-17T07:00:00+03:00;OK;2325;39;11177;LOCAL_VALHALLA_MATRIX;07a5ace74406453c3b8e258d4d6295555731fdd2aa897e1406e09eeaf5da64c2;840f4c61649b75826de93aa3bef6a021cb16bf18629885a2d5ee22023c394c29;2026-09-28T19:47:05.797752+00:00;false
LOC-0140;LOC-0125;BICYCLE;2026-08-17T07:00:00+03:00;OK;2501;42;11919;LOCAL_VALHALLA_MATRIX;e450ca047581af4f9210e61940715f97b5abe6802ce7606ee48cb5d326f41746;ca58d1509fe1cdd2af7a7f75cf6868b2f6804e887272b40705b6bf637c54f330;2026-09-28T19:47:05.797752+00:00;false
LOC-0140;LOC-0126;BICYCLE;2026-08-17T07:00:00+03:00;OK;1865;32;8916;LOCAL_VALHALLA_MATRIX;a9a3a8603abe13bb143d1420834a2def5d7808973834e8920d10cbccd8dc6364;30c9b7f84ccdb28eafba20b473db71871e2a9b9cbdfbe2ce6fa7ebd4bcd6b006;2026-09-28T19:47:05.797752+00:00;false
LOC-0140;LOC-0128;BICYCLE;2026-08-17T07:00:00+03:00;OK;965;17;4646;LOCAL_VALHALLA_MATRIX;91aa32460c4d1c98f941b2da2bb8f592f37ff0683c66650309301e66fddb0270;3e82984bffb60ad8de8c3e6dbfcf62abd73ecd51bbe9fe85ac55fcd8345b008f;2026-09-28T19:47:05.797752+00:00;false
LOC-0140;LOC-0134;BICYCLE;2026-08-17T07:00:00+03:00;OK;969;17;4648;LOCAL_VALHALLA_MATRIX;e1fc7fa0e770c731459275f62c94150757653b73ce3c7d012044402943ef54d7;965ee012098f97f8de88b222d605e9fd5aadbacba7f10a4eee49fed346d024cf;2026-09-28T19:47:05.797752+00:00;false
LOC-0140;LOC-0135;BICYCLE;2026-08-17T07:00:00+03:00;OK;967;17;4632;LOCAL_VALHALLA_MATRIX;abed4f3ce9275f3690326cc9e0c0159474d013648f9f7da551049ed2d3ab1c92;85fa15b32284400f7582453b3eae0715c190c717bf1013a80b4fd6f45c03d4aa;2026-09-28T19:47:05.797752+00:00;false
LOC-0140;LOC-0136;BICYCLE;2026-08-17T07:00:00+03:00;OK;1113;19;5297;LOCAL_VALHALLA_MATRIX;739130594606dc5d746982e0ada1b752c729d283b2ebd0b4125a48c990360758;ecaa1cd3c5de8cc68d8dfd1dd64b5ad4db428f219762e591dd044d7d4290373c;2026-09-28T19:47:05.797752+00:00;false
LOC-0140;LOC-0140;BICYCLE;2026-08-17T07:00:00+03:00;OK;0;0;0;LOCAL_VALHALLA_MATRIX;a6e7c6e50430a2d1caa3664ba548e5bd1e86c784cfc763c4fe43a9da5f7872d8;3d5812abc84c11768aa73a732c85d75dbed439188f5bb3239e9b762ea31d9862;2026-09-28T19:47:05.797752+00:00;false
LOC-0140;LOC-0141;BICYCLE;2026-08-17T07:00:00+03:00;OK;2516;42;11968;LOCAL_VALHALLA_MATRIX;032715da03ed57fe6401e95bba4f25caac947d476bc0ec875bffd906f238ed87;ccdd8a50ea32fce4df8349f25d2092ff9a41a50df4777dfac5b657f72203a4f7;2026-09-28T19:47:05.797752+00:00;false
LOC-0140;LOC-0142;BICYCLE;2026-08-17T07:00:00+03:00;OK;2608;44;12405;LOCAL_VALHALLA_MATRIX;cffe665530b650dd6471f01cd963e8519c8d9a67a43b8304474b7404b8c8607d;ff7eb1c28e2fe14b392a37ca5a82e789c8179de39d87b4d915282f4e737f5baf;2026-09-28T19:47:05.797752+00:00;false
LOC-0140;LOC-0145;BICYCLE;2026-08-17T07:00:00+03:00;OK;2500;42;11955;LOCAL_VALHALLA_MATRIX;00dfa09977359b8eae04712f9461476d0311bea2b995cbf5a00933c7c1ae75a4;9708baa4e8f517a445ab4c9418f927c5e089c2fc1f79178bd7cb1c7fea6de315;2026-09-28T19:47:05.797752+00:00;false
LOC-0140;LOC-0148;BICYCLE;2026-08-17T07:00:00+03:00;OK;2589;44;12526;LOCAL_VALHALLA_MATRIX;c3ab0834c1209656371d17e3816392f51d7be59133ead2b42f1ea6862892201d;ca3869f79d68cd18f4e450505c4284dd5a289d90bbef55c920a914b4382395f7;2026-09-28T19:47:05.797752+00:00;false
LOC-0140;LOC-0149;BICYCLE;2026-08-17T07:00:00+03:00;OK;2498;42;12067;LOCAL_VALHALLA_MATRIX;35fd7be4da6bd73b27dade2606a657b0540e86b4ab57d0177221e0a9720359c3;7ba410d1f9210161eacc20b4b92a4ec346967c2925242bf2f3d0c1c2e6f68e29;2026-09-28T19:47:05.797752+00:00;false
LOC-0140;LOC-0150;BICYCLE;2026-08-17T07:00:00+03:00;OK;2462;42;11882;LOCAL_VALHALLA_MATRIX;2bb87cc45d512987b5dd7d74434fba9791d7e5fddb0162bdeb01ca83b2207199;d95b2feb71e22a07a759c678497affa5e31ac13cc62e410932b9a84bf96fb564;2026-09-28T19:47:05.797752+00:00;false
LOC-0140;LOC-0151;BICYCLE;2026-08-17T07:00:00+03:00;OK;2677;45;12931;LOCAL_VALHALLA_MATRIX;511fff616474eb61f09a2c0f1bf3fe2c861a3325b97e77dd5410c0f36a1f516f;d889bbd6d16b7798605290d2e54a7ce5db07aa5e523bb2e25c4e3fd6daf5c9bf;2026-09-28T19:47:05.797752+00:00;false
LOC-0140;LOC-0152;BICYCLE;2026-08-17T07:00:00+03:00;OK;2679;45;12923;LOCAL_VALHALLA_MATRIX;f822c83affdff2c1e9680902da618d4b57149c3ad048f9ef0171eec1ec104942;4cfc81f818de3f48e622ff0659875f187e1e5423644e6a10b5c9f57926c6fa33;2026-09-28T19:47:05.797752+00:00;false
LOC-0140;LOC-0190;BICYCLE;2026-08-17T07:00:00+03:00;OK;1618;27;7784;LOCAL_VALHALLA_MATRIX;9391ae8610613b37321e4a6691911c597d6ae6892bb8b8a5a4f4808e13d5f2b1;e4681ce418d9c3ea08c3e8c51c6c97dfa8079953653a21f103acf8fb404ac77d;2026-09-28T19:47:05.797752+00:00;false
LOC-0140;LOC-0196;BICYCLE;2026-08-17T07:00:00+03:00;OK;2965;50;14108;LOCAL_VALHALLA_MATRIX;c19145b9fe2af9806a3714e3a5110c67b582878f4fec7a29c7ae7076e55bed7d;58fc86f5a6182fb7284f259fc44536b3480c6aadf1d715090e0e5276ef5f23f8;2026-09-28T19:47:05.797752+00:00;false
LOC-0141;LOC-0002;BICYCLE;2026-08-17T07:00:00+03:00;OK;3115;52;14723;LOCAL_VALHALLA_MATRIX;7ae06b3667ebab06711def00e31a64ee66bef04059a2e3975eac47eb16b69681;0ebac87be34dd2a311b1663adf5f42c6ed23cc164f15f166293544ff0ede0826;2026-09-28T19:47:05.797752+00:00;false
LOC-0141;LOC-0008;BICYCLE;2026-08-17T07:00:00+03:00;OK;2737;46;12918;LOCAL_VALHALLA_MATRIX;af8eac87dc4af0eb33650ca174d93a157faf1babd91f3c54e410f424db78aeab;4b34bb1ed70f11699181c900bb59ecf56ee0af458cab7cbde4ef2e7b75eaae59;2026-09-28T19:47:05.797752+00:00;false
LOC-0141;LOC-0009;BICYCLE;2026-08-17T07:00:00+03:00;OK;782;14;3315;LOCAL_VALHALLA_MATRIX;702ca8b8738ec5f3b09c96ef35b2a30b15be5c93843364b816f08ca2ea938209;c1120007de220a572eb808504492fa6c9c3a5a2076fe586657fc684b642be63b;2026-09-28T19:47:05.797752+00:00;false
LOC-0141;LOC-0010;BICYCLE;2026-08-17T07:00:00+03:00;OK;2721;46;12731;LOCAL_VALHALLA_MATRIX;0597f653f02a9925c2791dac27ed861dc7c48ed85f794e375e9953a27cdb7427;48f27cbdaf8cd0281c24490badc807de9ce013e7a76ff45b3f5aad4d2f10a2be;2026-09-28T19:47:05.797752+00:00;false
LOC-0141;LOC-0011;BICYCLE;2026-08-17T07:00:00+03:00;OK;2607;44;12277;LOCAL_VALHALLA_MATRIX;a75ea6eb156e9e54dfddc6d4a0554c400bada96fc5c64928e52c65e32b99171b;6c410f952b41b76270408e32004de2f836d05da1411e0499b8a15f1420b6500a;2026-09-28T19:47:05.797752+00:00;false
LOC-0141;LOC-0012;BICYCLE;2026-08-17T07:00:00+03:00;OK;2437;41;11475;LOCAL_VALHALLA_MATRIX;eae4a97dc9ad8af15b49c0ae84951c268cf8132c37c50e638e89538513601efe;aab77b9f80fb3c5e89ed59aa7b052d07cd387f6c62352cf0e75cb6b675ed068e;2026-09-28T19:47:05.797752+00:00;false
LOC-0141;LOC-0013;BICYCLE;2026-08-17T07:00:00+03:00;OK;3220;54;15256;LOCAL_VALHALLA_MATRIX;bd1d2c184c16510981811e98453af79a9f248a24e890cdc1f2fcb18005036987;62f29818c666c88062c3f0ce78830fb64a5531b3b3bf61eea26d5d48ab98f32b;2026-09-28T19:47:05.797752+00:00;false
LOC-0141;LOC-0016;BICYCLE;2026-08-17T07:00:00+03:00;OK;2173;37;10242;LOCAL_VALHALLA_MATRIX;9d66b564a5a6726585fc195daabf96a8498657a03ced16fc184c7b8628fc5b43;5c62814102274c9d0e44661cca7c55e07a76799582a1bbd5b385ea2fe0e899de;2026-09-28T19:47:05.797752+00:00;false
LOC-0141;LOC-0017;BICYCLE;2026-08-17T07:00:00+03:00;OK;1539;26;7217;LOCAL_VALHALLA_MATRIX;9d0796af8e5220497a583e48b334666125c189ef47e87d7eb9792b0081047858;efc248bc7e872f73958043d404a08f12dc08c57438d9c1f5c655f014cf13aaf4;2026-09-28T19:47:05.797752+00:00;false
LOC-0141;LOC-0018;BICYCLE;2026-08-17T07:00:00+03:00;OK;1500;25;7025;LOCAL_VALHALLA_MATRIX;296d660a3afa7c77c206ca211769b247211df8a4f8b365614fa733a9a32ffebc;93d0e759ae2fd26d70cdb2b036a9312bf8ff6c011163a3cedeb6fe84a734e688;2026-09-28T19:47:05.797752+00:00;false
LOC-0141;LOC-0019;BICYCLE;2026-08-17T07:00:00+03:00;OK;2897;49;13588;LOCAL_VALHALLA_MATRIX;70c6f1fdafea6349553a94f83c06067c1f078564a8ef91f7c82812437127ad16;0ef0a086e1257d73b46c9d7aaa5cb4d7ca3e2ed89a6f74618ecd8c02edc242ec;2026-09-28T19:47:05.797752+00:00;false
LOC-0141;LOC-0020;BICYCLE;2026-08-17T07:00:00+03:00;OK;2717;46;12738;LOCAL_VALHALLA_MATRIX;6d329a06561d87e619ff6a079b842a21528a20814c039818d7a2b7e03fa3a9c3;3390062c7d837cb142ee7612aa2cfd621b221e4242bc25ae7fa022df3dcefab4;2026-09-28T19:47:05.797752+00:00;false
LOC-0141;LOC-0023;BICYCLE;2026-08-17T07:00:00+03:00;OK;1480;25;6898;LOCAL_VALHALLA_MATRIX;d049f0c4d28a69371f3e4d35a598cd5895ed3e145b383bbf558aa2c7a43f2368;aa6411ab63d07778ecf72ce2f892a688c5b5dab4ea3341fa75fdb530f7cb1a35;2026-09-28T19:47:05.797752+00:00;false
LOC-0141;LOC-0027;BICYCLE;2026-08-17T07:00:00+03:00;OK;1979;33;9273;LOCAL_VALHALLA_MATRIX;a33b12b90422c69f361dacf772f4117e433f254132c39c129f776fd14e7096c0;7998d6a1dd46c938552baddc2dd015c41311b63bb94236520c8c9c3622a67cde;2026-09-28T19:47:05.797752+00:00;false
LOC-0141;LOC-0028;BICYCLE;2026-08-17T07:00:00+03:00;OK;1923;33;8970;LOCAL_VALHALLA_MATRIX;454a376faa54adbe712aa2956e6a8fbdde7ea1ff8e86910cbce88a9d224fb076;d0715b6a292c7509fa072021a4f3701d0d3e71b9e32e7d1bb5bf6b35ee1184ef;2026-09-28T19:47:05.797752+00:00;false
LOC-0141;LOC-0029;BICYCLE;2026-08-17T07:00:00+03:00;OK;1885;32;8841;LOCAL_VALHALLA_MATRIX;cfba3fd96710a57a1924dfd3bb76a127885abdfff994ba9c0ae525f68ac582fa;350a149f0de2fcc73a9d71613bea1bd04523ad3a3bba29dd3ca475be426ea099;2026-09-28T19:47:05.797752+00:00;false
LOC-0141;LOC-0037;BICYCLE;2026-08-17T07:00:00+03:00;OK;2831;48;13400;LOCAL_VALHALLA_MATRIX;890352b534149068fff0017bbf942c586ed2311f49da47ea5d034e791ea19111;686eecc8b9f937817bb32792bf800005d2a97c0de1372ae25d5dec329684c674;2026-09-28T19:47:05.797752+00:00;false
LOC-0141;LOC-0045;BICYCLE;2026-08-17T07:00:00+03:00;OK;1632;28;7582;LOCAL_VALHALLA_MATRIX;efe902b678b947be95ad7e9e4e2133dd69014993d760db6882f06f2483bcff3a;39688f43ac8a0745a277a8a9a84056eddff0a9dadf943fafcb02706092da5d6f;2026-09-28T19:47:05.797752+00:00;false
LOC-0141;LOC-0053;BICYCLE;2026-08-17T07:00:00+03:00;OK;2284;39;10819;LOCAL_VALHALLA_MATRIX;5b08c2f97275bc23a11162d8dbc27f8a98169e57e16199f530169e42459a8036;6960e95f58e57a3a6231111a84d28167ef9887fe141e9ff7cf273ebeb9b8d846;2026-09-28T19:47:05.797752+00:00;false
LOC-0141;LOC-0054;BICYCLE;2026-08-17T07:00:00+03:00;OK;2738;46;12960;LOCAL_VALHALLA_MATRIX;7e376728a0c3e9ab184fd5344d1d66577a76a381d9694ef255656414588d8b73;3f6c271c43711341d2ee1705df37045d589821b0fc443a740c008f4654043fa8;2026-09-28T19:47:05.797752+00:00;false
LOC-0141;LOC-0061;BICYCLE;2026-08-17T07:00:00+03:00;OK;2474;42;11481;LOCAL_VALHALLA_MATRIX;2b230366a3aa7cc80fc98dd16ec6ae19b4c6700d27bf3256bf9489930df7788e;3fe606646bb73dff656637ea244af195baa87e2e70ac4fce0d1d1ff9235ada25;2026-09-28T19:47:05.797752+00:00;false
LOC-0141;LOC-0063;BICYCLE;2026-08-17T07:00:00+03:00;OK;1381;24;6434;LOCAL_VALHALLA_MATRIX;8edf65767f596b5a86c20a20487434813d8cbe4ff8a363c5cdbf26f4403a85a2;3fcfe4007b5a561dc12eb4c33261feb2ad00f39f35417f3e2316766b32bc148b;2026-09-28T19:47:05.797752+00:00;false
LOC-0141;LOC-0064;BICYCLE;2026-08-17T07:00:00+03:00;OK;1403;24;6456;LOCAL_VALHALLA_MATRIX;1fe340ea0863352ff185d2b3ccb1dce7a80ad0bbb646098cb42b8f300bd3acd5;f88e896c0c53590e151818e0bfa89ab366432564b433880b37e1f01cd4933016;2026-09-28T19:47:05.797752+00:00;false
LOC-0141;LOC-0074;BICYCLE;2026-08-17T07:00:00+03:00;OK;1611;27;7501;LOCAL_VALHALLA_MATRIX;d3fb77d05323f1ea384340b7e985d9ec1af2a03f47ad56d7339158fc5ac5a3ff;a4de52355a051934568faff5c63b27030dff045470274854d8063bc471c3e1c3;2026-09-28T19:47:05.797752+00:00;false
LOC-0141;LOC-0075;BICYCLE;2026-08-17T07:00:00+03:00;OK;1590;27;7401;LOCAL_VALHALLA_MATRIX;61d7f7061d0163658bb29244f2ea990165c7c3c0e957f4a0e73a05b07e83a5f6;6bbe47bc87d55b17e92249de694116f441168aa46145fadea68013749a3e0ce1;2026-09-28T19:47:05.797752+00:00;false
LOC-0141;LOC-0076;BICYCLE;2026-08-17T07:00:00+03:00;OK;2008;34;9337;LOCAL_VALHALLA_MATRIX;7e8350bc3e63bb17c9a689e9c2e124c94d9dd9e383379f16e37750ba8928e54f;fdc152547887f20df1b2bf34c2e3690e67b156252aeac672aef6c1b60a46733f;2026-09-28T19:47:05.797752+00:00;false
LOC-0141;LOC-0078;BICYCLE;2026-08-17T07:00:00+03:00;OK;1548;26;7175;LOCAL_VALHALLA_MATRIX;37d6e447c970dbf9d2f85c45506a54b72a15fa113b185a0298ad5726976dbe03;28a3cbbaa7ede0b498bd6d71e9bd4aebc5a66101b20a221ec5a96f07445fc516;2026-09-28T19:47:05.797752+00:00;false
LOC-0141;LOC-0080;BICYCLE;2026-08-17T07:00:00+03:00;OK;1530;26;7126;LOCAL_VALHALLA_MATRIX;d17e69f6a7956944e57695db85e1bba002c0262cea22359a75add2c9e081de71;4004ee1663f9939fdc7b5ad1a4863b7b880a14a170eca9a11adc7ba311df71d4;2026-09-28T19:47:05.797752+00:00;false
LOC-0141;LOC-0082;BICYCLE;2026-08-17T07:00:00+03:00;OK;1509;26;7084;LOCAL_VALHALLA_MATRIX;45a4ff0428a44086d9e4a87f4ad5d42cd3e88e7e9ee36d00eb7aa4cc5508b89d;3010eeb42beae18b0c813a4ef3872f248059a1846ef0f2a974b04f23c35aa263;2026-09-28T19:47:05.797752+00:00;false
LOC-0141;LOC-0085;BICYCLE;2026-08-17T07:00:00+03:00;OK;3559;60;17072;LOCAL_VALHALLA_MATRIX;4109050cbf015911e4be919a0069606d929dd38f3f32b6ced025d230cfff7a26;8060e5cadcead52f1b7ab0facced45d6285403e64db70406978c1e957bd545d8;2026-09-28T19:47:05.797752+00:00;false
LOC-0141;LOC-0086;BICYCLE;2026-08-17T07:00:00+03:00;OK;3605;61;17136;LOCAL_VALHALLA_MATRIX;56455df91a9fcc7fc7e275728455466f4c170086593ab0029c9dae9e43b21813;7323d4f09f1025f6d36c5020fc6f895639b71050ebf10f8720d15d9698d35dc4;2026-09-28T19:47:05.797752+00:00;false
LOC-0141;LOC-0091;BICYCLE;2026-08-17T07:00:00+03:00;OK;2556;43;12026;LOCAL_VALHALLA_MATRIX;d1436ee6aa5c378c18d66c63999d48a02107304769a2d1d993a4e36bb6a54984;2259f11b9176d37296d34de478f0b99e5a581bd0f24f4ed58a5ea7b440cb31f4;2026-09-28T19:47:05.797752+00:00;false
LOC-0141;LOC-0092;BICYCLE;2026-08-17T07:00:00+03:00;OK;2410;41;11286;LOCAL_VALHALLA_MATRIX;6abb95c15cb7cd2172cca591db5383dc8eea04c1dfedfa352a0b4536e4a36fdd;f5a70a06e14e4ce71cb194c980bfe5754f7fa18425e8421a94d7c009198079f1;2026-09-28T19:47:05.797752+00:00;false
LOC-0141;LOC-0093;BICYCLE;2026-08-17T07:00:00+03:00;OK;2403;41;11096;LOCAL_VALHALLA_MATRIX;10a637b418695304cdda108fe734ece4393bd98a7a674d9b08556d7a6e099852;ca34d9e667c2ee4d93734cf838d4d8ae89f90253d4482c0e8012e58d70d9d9e8;2026-09-28T19:47:05.797752+00:00;false
LOC-0141;LOC-0094;BICYCLE;2026-08-17T07:00:00+03:00;OK;3718;62;17822;LOCAL_VALHALLA_MATRIX;a69e7c8d338b6b65d4e90d866c0b05ba9e7235a316c4cb64b07dfc254959decf;d11b932038185fff716c97ec22bfe88169711275fac0f1ccbceb4cd292959c5d;2026-09-28T19:47:05.797752+00:00;false
LOC-0141;LOC-0095;BICYCLE;2026-08-17T07:00:00+03:00;OK;3897;65;18640;LOCAL_VALHALLA_MATRIX;6f585309311113db8beb48c783df6e7a44392a1eb99e95a78faa2e201a3557c5;9b481b71af93c4912b4fe3864950cc1fca565d98b553f0c05c797fd1ded7215e;2026-09-28T19:47:05.797752+00:00;false
LOC-0141;LOC-0102;BICYCLE;2026-08-17T07:00:00+03:00;OK;1140;19;5249;LOCAL_VALHALLA_MATRIX;f3b73a73f34f01d76777b4e244fdabe55febfdaf56f986f84ad08c612b621a4c;f775db32939ef9bea3ba4af815c35123aba62bcf34b5a0f42c512636c31945b9;2026-09-28T19:47:05.797752+00:00;false
LOC-0141;LOC-0112;BICYCLE;2026-08-17T07:00:00+03:00;OK;2002;34;9378;LOCAL_VALHALLA_MATRIX;c2a90e1260738c8fc46b18b332449916e04f6bcb0ef913888d756ed6c9f8523f;971f76bdf3d5c2ccdd4019a38a6e2b0445d2bd27ee4de2c281e42e25ebb5395c;2026-09-28T19:47:05.797752+00:00;false
LOC-0141;LOC-0124;BICYCLE;2026-08-17T07:00:00+03:00;OK;603;11;2650;LOCAL_VALHALLA_MATRIX;08a30d46be3c49cbb0fcff352d77e7a20f24c60990b5011ab451a22d62fb3730;e87226958eb9d3c1ad9fbf8a9fe2e2cd053cdb30ef5ddb29dde6f3091a7c3d83;2026-09-28T19:47:05.797752+00:00;false
LOC-0141;LOC-0125;BICYCLE;2026-08-17T07:00:00+03:00;OK;1369;23;6350;LOCAL_VALHALLA_MATRIX;9f3d827448932de365290403fe28f3daa65a7c74fa421294de5509614346356f;9b1aae5e0c46e73f8e57c490a6db328d0a4376f3ef2df79f4de0f8cb2d61a66c;2026-09-28T19:47:05.797752+00:00;false
LOC-0141;LOC-0126;BICYCLE;2026-08-17T07:00:00+03:00;OK;1870;32;8750;LOCAL_VALHALLA_MATRIX;0d1e7dff8ef79e2ebeee7b2640dc5ab11a24e020adfd404d2332d4a9f9dd0987;d611daa401b7cb50717a7415bf50df12983c9754ec6c478f895d3450a0c36bbf;2026-09-28T19:47:05.797752+00:00;false
LOC-0141;LOC-0128;BICYCLE;2026-08-17T07:00:00+03:00;OK;2906;49;13726;LOCAL_VALHALLA_MATRIX;61eab8c21d318085ef473ee9f96ff24be817a2d38738bb3d8093f55f7cfc4401;08eaecb64461101ed12298f547e061bba7da6ad752a140d35fec4852525fd36e;2026-09-28T19:47:05.797752+00:00;false
LOC-0141;LOC-0134;BICYCLE;2026-08-17T07:00:00+03:00;OK;3355;56;16114;LOCAL_VALHALLA_MATRIX;9736054e79113476c62a1738597c719fd48ed776254c6c955bd9b7338a58bc27;4861d78db0d7169a51c9b2acf8111c443ef948636681a292c2c05e630c274161;2026-09-28T19:47:05.797752+00:00;false
LOC-0141;LOC-0135;BICYCLE;2026-08-17T07:00:00+03:00;OK;3353;56;16098;LOCAL_VALHALLA_MATRIX;24ced761721d7e96136476d5031dbd8b4755d1b626b06b3b3c20cf529b896a6e;3f2d1d28469b10100f10cca867da4ce7a6417e1b8dd973f84f7a98ea77ff35bc;2026-09-28T19:47:05.797752+00:00;false
LOC-0141;LOC-0136;BICYCLE;2026-08-17T07:00:00+03:00;OK;3494;59;16744;LOCAL_VALHALLA_MATRIX;5a9d15e5f92a9c639273948c0cc5481d6b53c6c29c1362117867b7db9ca612e5;bf797079318b4c07fb3cf8d06f9ae48b690fabf5a05e0c94fb6cf7b938567991;2026-09-28T19:47:05.797752+00:00;false
LOC-0141;LOC-0140;BICYCLE;2026-08-17T07:00:00+03:00;OK;2360;40;11187;LOCAL_VALHALLA_MATRIX;aceceb6e07dca8e786682bc4b683253a791015e5356b50e0722623114390527f;fdb1a7f258a942a50b60e304ef61a2d64a2b778ccaa8452a7872381ed4db7f1a;2026-09-28T19:47:05.797752+00:00;false
LOC-0141;LOC-0141;BICYCLE;2026-08-17T07:00:00+03:00;OK;0;0;0;LOCAL_VALHALLA_MATRIX;b59a9c981fe007b56256ea8924f0b5648097f1e812a2b43e07ec4fa95bcf0535;3d5812abc84c11768aa73a732c85d75dbed439188f5bb3239e9b762ea31d9862;2026-09-28T19:47:05.797752+00:00;false
LOC-0141;LOC-0142;BICYCLE;2026-08-17T07:00:00+03:00;OK;321;6;1126;LOCAL_VALHALLA_MATRIX;b83f9761723266bfae0239017a92a1a18a74147b8d4f12fdff60eb57a6960bdf;36e5629474a40ae8761226f65089b8d3fd480409152fd995c05a35b94835014d;2026-09-28T19:47:05.797752+00:00;false
LOC-0141;LOC-0145;BICYCLE;2026-08-17T07:00:00+03:00;OK;2419;41;11316;LOCAL_VALHALLA_MATRIX;f5312ac2cd47f4fceb350b6545a9ca0213afa00bd2137a559ae17dcc8f74dc8c;3ef3111a490ebf2061439b3f2770bc0dd6344ff51ac429d522ffc62bdd8984a2;2026-09-28T19:47:05.797752+00:00;false
LOC-0141;LOC-0148;BICYCLE;2026-08-17T07:00:00+03:00;OK;1623;28;7601;LOCAL_VALHALLA_MATRIX;07e658f74495cdad73a98d53524820eb1ff68d80dd290b7633d2fe69071e2642;76e3a9bcc70e925fed2137d81e4883c68d6f22d96a476166788d30661b760ccd;2026-09-28T19:47:05.797752+00:00;false
LOC-0141;LOC-0149;BICYCLE;2026-08-17T07:00:00+03:00;OK;1650;28;7705;LOCAL_VALHALLA_MATRIX;11c2e7c6b748b1e9a4d50c8075c78688df1a2e322cded9912acc14e1e27ccfa1;cf9d4465956b8efc458434f87b62213e0fd68979c7f48af88b6932ddaef933f7;2026-09-28T19:47:05.797752+00:00;false
LOC-0141;LOC-0150;BICYCLE;2026-08-17T07:00:00+03:00;OK;1689;29;7878;LOCAL_VALHALLA_MATRIX;ea95305ac7fce76fd4eb21c73713b05167e6920c5bd610f71f546e682289daab;307078dbf8e865e45829fe764641ed03c5bc17fd877b287d9f54d7f2c6c65d6d;2026-09-28T19:47:05.797752+00:00;false
LOC-0141;LOC-0151;BICYCLE;2026-08-17T07:00:00+03:00;OK;1548;26;7229;LOCAL_VALHALLA_MATRIX;2b13bc01453dec7b7e33863d3ac11486732eaeccef3f0676f6b81177411111c0;2ec347e010bd10bce307d2ddf4c498ba972e9d5caba8d0758253233149d23f95;2026-09-28T19:47:05.797752+00:00;false
LOC-0141;LOC-0152;BICYCLE;2026-08-17T07:00:00+03:00;OK;1567;27;7321;LOCAL_VALHALLA_MATRIX;4280eccbe554c8fb06757b9c2bb208be4275afa40043472777c5ce740b232bd5;d406a5e2ec8198ae933ac7214b752c672b188941d9663ea2dfc2f7ec3ccd9510;2026-09-28T19:47:05.797752+00:00;false
LOC-0141;LOC-0190;BICYCLE;2026-08-17T07:00:00+03:00;OK;2326;39;10957;LOCAL_VALHALLA_MATRIX;2ee8d776dbf7a73b4e41a0b06edfb9d9dfcdef08fba638f99f75827a71b17ed3;c17030ee28b946aa5a0a3eee9e0047091dd63f89e79545f781776c477762177f;2026-09-28T19:47:05.797752+00:00;false
LOC-0141;LOC-0196;BICYCLE;2026-08-17T07:00:00+03:00;OK;1321;23;6144;LOCAL_VALHALLA_MATRIX;21f24677c16a462a3130b3cee826231668a0a9de45b5ba3348480ac6c685dc76;9db350d44169340dc0cb2adcc425dac807a57cc043d653fcac9bb8a36904182e;2026-09-28T19:47:05.797752+00:00;false
LOC-0142;LOC-0002;BICYCLE;2026-08-17T07:00:00+03:00;OK;3064;52;14487;LOCAL_VALHALLA_MATRIX;550842c5663b0a5fd672940cda0e7fe700fa6698dc49bea023c4f7805092af35;fa2dbe6302718c35bc96e20d80735ad1cc4a4033b8d0762d6c74ee74cc402a99;2026-09-28T19:47:05.797752+00:00;false
LOC-0142;LOC-0008;BICYCLE;2026-08-17T07:00:00+03:00;OK;2686;45;12682;LOCAL_VALHALLA_MATRIX;879f54ead66356661cb12491020a97045b6af05c606a012c0e022044dbe00768;ac062c4dffb78400dc0c54d7ec95931d1b5e770fe097b52fa65a18a2b9cc5946;2026-09-28T19:47:05.797752+00:00;false
LOC-0142;LOC-0009;BICYCLE;2026-08-17T07:00:00+03:00;OK;931;16;4021;LOCAL_VALHALLA_MATRIX;865de8214228d1cbf6977908f859b410ac7e4eb3e775e65d13602f3667b9f4f6;27d46e89d9e828f213248929ca23b877a83fa17dea4652a58fbec448229c842b;2026-09-28T19:47:05.797752+00:00;false
LOC-0142;LOC-0010;BICYCLE;2026-08-17T07:00:00+03:00;OK;2669;45;12495;LOCAL_VALHALLA_MATRIX;72edd9d012278cc2358dc851da4f6824f747dd03503cc82bd3bfc5e1922a59d9;da1b063ef570fa92299c7237ec54ca723d1709a16b0024ac419705e6c769c862;2026-09-28T19:47:05.797752+00:00;false
LOC-0142;LOC-0011;BICYCLE;2026-08-17T07:00:00+03:00;OK;2556;43;12041;LOCAL_VALHALLA_MATRIX;9751d9bb3fc6a779b00b87df3683efc8afd8cdf51fbd473fb5f04dd1f3a0ce9b;77a740736d3a9d64bc1f53768e37a2c0b88d8800af8c9fa6c4f6ae2059d2404c;2026-09-28T19:47:05.797752+00:00;false
LOC-0142;LOC-0012;BICYCLE;2026-08-17T07:00:00+03:00;OK;2385;40;11239;LOCAL_VALHALLA_MATRIX;95c8d47f495000b673e886fbc84edda5933a5ba9e13202deb16343860307f8be;f1737717b3783443adb6f4bf81529b008229912a882f825da67dfaaca03d9259;2026-09-28T19:47:05.797752+00:00;false
LOC-0142;LOC-0013;BICYCLE;2026-08-17T07:00:00+03:00;OK;3168;53;15020;LOCAL_VALHALLA_MATRIX;8382fc025c3c8399c626a72d92ed2898d4c7d7f92c10eb116025c9b726023c69;024f98e6bccc73c0a81d965858f905baa1db7739bbfc5aaf8baef605d62afa7c;2026-09-28T19:47:05.797752+00:00;false
LOC-0142;LOC-0016;BICYCLE;2026-08-17T07:00:00+03:00;OK;2321;39;10948;LOCAL_VALHALLA_MATRIX;a88ed8f30e29acb3188959d676d5fd8da64465ba862e90aae90f457ac24df8cb;83b7a45842d7e03902e0c6d61333dc369f54bfcb533f467127b0e6507b8677c8;2026-09-28T19:47:05.797752+00:00;false
LOC-0142;LOC-0017;BICYCLE;2026-08-17T07:00:00+03:00;OK;1488;25;6981;LOCAL_VALHALLA_MATRIX;43d3388974e05566be57721511f21b75f96f0428886815b8f4c0586dc6b83706;b0f2084fd276d277cdc996d2c7554bca8215c3b9562f40af2a9ffeb677f383dd;2026-09-28T19:47:05.797752+00:00;false
LOC-0142;LOC-0018;BICYCLE;2026-08-17T07:00:00+03:00;OK;1449;25;6789;LOCAL_VALHALLA_MATRIX;ffdac2add53e0200764dde9daa53e39592ea3ebe3ce75902db9b9ca53a22e9a9;3f0d23424255a4c2ee8c9ed4ed7e853d587dfea380f52306eca244101aa94bc7;2026-09-28T19:47:05.797752+00:00;false
LOC-0142;LOC-0019;BICYCLE;2026-08-17T07:00:00+03:00;OK;2846;48;13352;LOCAL_VALHALLA_MATRIX;84893291919069af5ecc40f16f2e62307044e4a950f404a4190cacf2dfdeb3f7;ce1757f009663389350eb9bf49194d5044e42149c42dcd13c763c2771bb688d4;2026-09-28T19:47:05.797752+00:00;false
LOC-0142;LOC-0020;BICYCLE;2026-08-17T07:00:00+03:00;OK;2665;45;12502;LOCAL_VALHALLA_MATRIX;91625f972e3db1cf0d4dd6ccd65fdb210df7c798a06ef04f631a2c6a4e1a3799;fed4d49913e6b73a73ff67f73fe9bbd6197fb8e98258bcf39e02f3d791d1c780;2026-09-28T19:47:05.797752+00:00;false
LOC-0142;LOC-0023;BICYCLE;2026-08-17T07:00:00+03:00;OK;1429;24;6662;LOCAL_VALHALLA_MATRIX;22a8646ffa4b8a82b83f6bcc048223351b3bc768e3e90aefc7f0a4b82d0d9735;da697e32386ddcdbed5447711f2b97bc8ad51ca623878725d922138f5625942c;2026-09-28T19:47:05.797752+00:00;false
LOC-0142;LOC-0027;BICYCLE;2026-08-17T07:00:00+03:00;OK;1927;33;9037;LOCAL_VALHALLA_MATRIX;8182dacd072cc85cbddeeb06e5e42d8ffff4ed239171893f259673e46c36275a;f19147cadf7d8299d982fcbc01ee74001508c795bbff42f9b59595962dc9f719;2026-09-28T19:47:05.797752+00:00;false
LOC-0142;LOC-0028;BICYCLE;2026-08-17T07:00:00+03:00;OK;2072;35;9676;LOCAL_VALHALLA_MATRIX;3acc34d0edeb568bdf88b2a9c119bd1e58557283b29d41aa36461fac907264ee;e7f4592da5a17eb7e32870071133fe3d0c3c6d8d8745e2c27cb3d132dfc9f459;2026-09-28T19:47:05.797752+00:00;false
LOC-0142;LOC-0029;BICYCLE;2026-08-17T07:00:00+03:00;OK;2034;34;9547;LOCAL_VALHALLA_MATRIX;40d4bc542c95cb8d37a1f4eb0761fec4f9f039bf5d1e25307530009fa3314cf4;a7432809659f1ddd99f2f0582dfc534f29f84947bf89ceba846d4564f2786841;2026-09-28T19:47:05.797752+00:00;false
LOC-0142;LOC-0037;BICYCLE;2026-08-17T07:00:00+03:00;OK;2779;47;13164;LOCAL_VALHALLA_MATRIX;022ae5bff3b887222e638f2d546277ffd329caaeb288591185961b7d852ae4a3;12304f0edaa8107e367a01f20be2b55f58f32062c27d930cfea5255e94e565e7;2026-09-28T19:47:05.797752+00:00;false
LOC-0142;LOC-0045;BICYCLE;2026-08-17T07:00:00+03:00;OK;1781;30;8288;LOCAL_VALHALLA_MATRIX;fbe7536ef3dd74065beeb5d7975a38ddfd19c6baeb986a614b4917c1db21c0f0;9e058b2c99a3e00482de3765e5ade3830cff0db9f3bf6d7f07d48d27722010f0;2026-09-28T19:47:05.797752+00:00;false
LOC-0142;LOC-0053;BICYCLE;2026-08-17T07:00:00+03:00;OK;2432;41;11525;LOCAL_VALHALLA_MATRIX;cb3a67b4c820c88681c58b8ad97ed7841e513d9df4d1359d0db257554bb0a87e;6bc56fd8eeffa77d498dcc014213f6b1aa2f6153f1f57d9b20ec3d2fc5552080;2026-09-28T19:47:05.797752+00:00;false
LOC-0142;LOC-0054;BICYCLE;2026-08-17T07:00:00+03:00;OK;2686;45;12724;LOCAL_VALHALLA_MATRIX;c3942ddcee9ef3aa16c53296a025bafaf0e939350d5f3baa450d69a70ae1934a;f5dfd5be5bfda2830d323c9193a433ebab7e20880ed00f552d01af46059a499c;2026-09-28T19:47:05.797752+00:00;false
LOC-0142;LOC-0061;BICYCLE;2026-08-17T07:00:00+03:00;OK;2423;41;11245;LOCAL_VALHALLA_MATRIX;03ab48db25326555b4a02a8e8bae61c964c28f53964a64aad9ea40d4a729c18e;effde4027bee785a09a18349e8e3380d2b2b8b1f1e1475b34cff10d3db042d4d;2026-09-28T19:47:05.797752+00:00;false
LOC-0142;LOC-0063;BICYCLE;2026-08-17T07:00:00+03:00;OK;1529;26;7140;LOCAL_VALHALLA_MATRIX;be92fc6bccbb8e8d7252c215665b608faddbc8f467f27d51304ce4e6844b49d1;7409f5162b70420fd37250875fc38bdb9a778ca7bb512041b99d34fadc570acd;2026-09-28T19:47:05.797752+00:00;false
LOC-0142;LOC-0064;BICYCLE;2026-08-17T07:00:00+03:00;OK;1552;26;7162;LOCAL_VALHALLA_MATRIX;46f4f654af17cc65cc22c6410b70f37e28d1bf75e6d1de55ed816870dc84fbde;d612d273184eca0b621a9bb39951c4fc9dafe73121ac9950cc16803a41393d36;2026-09-28T19:47:05.797752+00:00;false
LOC-0142;LOC-0074;BICYCLE;2026-08-17T07:00:00+03:00;OK;1560;26;7265;LOCAL_VALHALLA_MATRIX;5bb870afd5e99bb30c4d0d3a6e56d664415b89e995a51825b42048e4549b67cf;22dc1773fbdba5bdc2e7f2954c64c7257e909ea4f4db37133ae3c32a7b238487;2026-09-28T19:47:05.797752+00:00;false
LOC-0142;LOC-0075;BICYCLE;2026-08-17T07:00:00+03:00;OK;1539;26;7165;LOCAL_VALHALLA_MATRIX;f67544d5ae6c08e90bf8c1f566642686d304547b1750825811c3dda9ba4232b0;5a1692e7a35cad432cca8ffc9055ff8934d357371e12739b4ae8798c57e3ab1a;2026-09-28T19:47:05.797752+00:00;false
LOC-0142;LOC-0076;BICYCLE;2026-08-17T07:00:00+03:00;OK;2156;36;10043;LOCAL_VALHALLA_MATRIX;dc13ca1a98b385dd40b82f650570159c019a3db42868820fd7beaba1c9cf0439;7ac4658c0139d97b887ce104718b1df7635e0432dcce21d79ff72afcac3cb5ad;2026-09-28T19:47:05.797752+00:00;false
LOC-0142;LOC-0078;BICYCLE;2026-08-17T07:00:00+03:00;OK;1697;29;7881;LOCAL_VALHALLA_MATRIX;57d970e7ba578e193fffffd93cb5c408448036faebda90083c428bfd8017e084;44c6ec8cd9775d886fd12379a51698d9e375d4ffe98196965324636dfc0c408f;2026-09-28T19:47:05.797752+00:00;false
LOC-0142;LOC-0080;BICYCLE;2026-08-17T07:00:00+03:00;OK;1479;25;6890;LOCAL_VALHALLA_MATRIX;da97a2a7e1fd62d8dc53c0981c3e61a08126d454e0def6695421859eb85e03ef;c0dc8964c93614ba590be426cc59b1900091bc16f5b4db988d2e28756764619e;2026-09-28T19:47:05.797752+00:00;false
LOC-0142;LOC-0082;BICYCLE;2026-08-17T07:00:00+03:00;OK;1657;28;7790;LOCAL_VALHALLA_MATRIX;a38b7b511aed176d2163aaf482a95ff5f49ddd4b039f0a9d5ecd8686ecee9375;06f49b0f54781a961670fce83e013434f967887fb498877922503fc919ecaa3c;2026-09-28T19:47:05.797752+00:00;false
LOC-0142;LOC-0085;BICYCLE;2026-08-17T07:00:00+03:00;OK;3293;55;15600;LOCAL_VALHALLA_MATRIX;c45c8c94944a93e61cd96cc03e705f30c191785f450ec656e96bbd2d4635b185;b41336abed17893f32c89dd9c201d56c7d5a4896e21b270f03c61deb93fa5994;2026-09-28T19:47:05.797752+00:00;false
LOC-0142;LOC-0086;BICYCLE;2026-08-17T07:00:00+03:00;OK;3339;56;15664;LOCAL_VALHALLA_MATRIX;bb9e6831f548b7cc644f7bbe59c6ebc437e33c44b54a1fd8e45ed1be898964ea;8cf2b01fea5d1e15654a3663979b0c104cecca1a883b91c6f371a43fbef242c4;2026-09-28T19:47:05.797752+00:00;false
LOC-0142;LOC-0091;BICYCLE;2026-08-17T07:00:00+03:00;OK;2505;42;11790;LOCAL_VALHALLA_MATRIX;2dde4e3c4f4cab30593c92624f05563756c50b3f1d63ecac1ca41733b60020a2;5f675bb7c9951af91717e7f6abb2a9a17e9cefcce8231767be058133efaeb3f9;2026-09-28T19:47:05.797752+00:00;false
LOC-0142;LOC-0092;BICYCLE;2026-08-17T07:00:00+03:00;OK;2359;40;11050;LOCAL_VALHALLA_MATRIX;e7bf5fecd54484ed7002197c1b890030fa55f400a01593e3ea2831af8e193c77;27348e0c3782adf26bf37b6acb5cf8b0ad9184b8e6be61420f27a023705cb179;2026-09-28T19:47:05.797752+00:00;false
LOC-0142;LOC-0093;BICYCLE;2026-08-17T07:00:00+03:00;OK;2352;40;10860;LOCAL_VALHALLA_MATRIX;fc0bd4efd3dd2768ebc7b5d69d4d9f21c1487268dde971aee489428a04f4e4b8;8885aa531f15e95eaeb5d55b033812c8c1bb4c336a6b79efa45372725b50dcf4;2026-09-28T19:47:05.797752+00:00;false
LOC-0142;LOC-0094;BICYCLE;2026-08-17T07:00:00+03:00;OK;3452;58;16350;LOCAL_VALHALLA_MATRIX;5da445442152469f1cfe3c78153c4f115da96abb43a86e2b029775df6c9c1228;aad4c8eb62cc62845fc3ca972446bd281dc087d46e2a8550e033a5cfbcfe1d04;2026-09-28T19:47:05.797752+00:00;false
LOC-0142;LOC-0095;BICYCLE;2026-08-17T07:00:00+03:00;OK;3631;61;17168;LOCAL_VALHALLA_MATRIX;b42919a5496099894062f7b6629d912a3e4be8823d145759ca43b900554244c0;3bffd417d313aa076b24343fa21cf7e473d29acc2988dd96a35387b207b3d5f9;2026-09-28T19:47:05.797752+00:00;false
LOC-0142;LOC-0102;BICYCLE;2026-08-17T07:00:00+03:00;OK;1289;22;5955;LOCAL_VALHALLA_MATRIX;5a06a33ae852abfa252a03748477555b34a08689d78d713eaefc56df077315d8;2e0e3bc3acb3c6bc8d22ca671e443545b22d74b95dc6020d4f32b5c5d0d4978d;2026-09-28T19:47:05.797752+00:00;false
LOC-0142;LOC-0112;BICYCLE;2026-08-17T07:00:00+03:00;OK;1950;33;9142;LOCAL_VALHALLA_MATRIX;5f5b90211a17126e8b48ae58ad862fd1350e739da64d8815aca6790708875ef8;bf407507cf7737551deb19088fda2494dae37e02f155f6a3edd919a5d508854b;2026-09-28T19:47:05.797752+00:00;false
LOC-0142;LOC-0124;BICYCLE;2026-08-17T07:00:00+03:00;OK;751;13;3356;LOCAL_VALHALLA_MATRIX;f3f0a61703cdcf04f3ed502c8a2dd8386a16c153bccb0d1816dc601f8511454e;cfd11fdf39dc5a9b9578c11224ddaec9fe5737057f403aa2d32d6f94bc0b8788;2026-09-28T19:47:05.797752+00:00;false
LOC-0142;LOC-0125;BICYCLE;2026-08-17T07:00:00+03:00;OK;1318;22;6114;LOCAL_VALHALLA_MATRIX;e91733306815b8145e4596190ea4212973a2290fcd45a5ca05c05ca0e2ebe086;d8f63498ed7cc63f3f72611afe53a7dafd8eec10a16a350fbd4a777c95cf9cc5;2026-09-28T19:47:05.797752+00:00;false
LOC-0142;LOC-0126;BICYCLE;2026-08-17T07:00:00+03:00;OK;1818;31;8514;LOCAL_VALHALLA_MATRIX;0de3efdb351ba76babf033ba0c2f9a0d7144e304cbb70db444e8a58cf2407aa3;513497838d38dc2b34ed5c5f6199b34eb90bd8bfa96b7087679b7c59550bf92c;2026-09-28T19:47:05.797752+00:00;false
LOC-0142;LOC-0128;BICYCLE;2026-08-17T07:00:00+03:00;OK;2855;48;13490;LOCAL_VALHALLA_MATRIX;c64fd6dd6f1710799ab83792d3648040ea1dc97e9d870b98a299b33e221b9de7;5c339a00b9689fef8d0bb4206c53772bb44c4ef2df04e3eff8fc71365459cab9;2026-09-28T19:47:05.797752+00:00;false
LOC-0142;LOC-0134;BICYCLE;2026-08-17T07:00:00+03:00;OK;3089;52;14642;LOCAL_VALHALLA_MATRIX;aacb380bc00275ed3b299c729e0c97c70c5a47b63c3b69f22d03eecf5ce680b7;735b6eb71a22396cc9f5407504308214d847b930a41d7ec73efcff28e2c4ffbb;2026-09-28T19:47:05.797752+00:00;false
LOC-0142;LOC-0135;BICYCLE;2026-08-17T07:00:00+03:00;OK;3087;52;14626;LOCAL_VALHALLA_MATRIX;7b129c9c2ef354fe88346cb5ac44a58ef36a8f61a8dc08db7cb76733f5b24aa3;36f0cd295ebd77f71d919af2191553621594380a95ec7f43503db8e2e4fa2be9;2026-09-28T19:47:05.797752+00:00;false
LOC-0142;LOC-0136;BICYCLE;2026-08-17T07:00:00+03:00;OK;3228;54;15272;LOCAL_VALHALLA_MATRIX;699a2971968ed6eb54c7bdb81a760661c5a01ea94fc9594506b9bed356cfd4f4;3387057a6b70201766c28819367bc4ed3f19e71215fbbc78b49145051b9a6436;2026-09-28T19:47:05.797752+00:00;false
LOC-0142;LOC-0140;BICYCLE;2026-08-17T07:00:00+03:00;OK;2509;42;11893;LOCAL_VALHALLA_MATRIX;33960c1742f9b4557c458d46de79982c077ac61b242fb1ce1fd98e187bfdf279;ea8d34fd2544700d2333b038bb2c6285777525adcb36c6ea2503422bd33effff;2026-09-28T19:47:05.797752+00:00;false
LOC-0142;LOC-0141;BICYCLE;2026-08-17T07:00:00+03:00;OK;294;5;1024;LOCAL_VALHALLA_MATRIX;4b0a352fd2eef9dfef31b5b6923438fd94f40f8f2818a667eccf708d0e474392;656d35797d9d2a875eb0facdc30db321aa9772d231164718a16ee9ccb4b14766;2026-09-28T19:47:05.797752+00:00;false
LOC-0142;LOC-0142;BICYCLE;2026-08-17T07:00:00+03:00;OK;0;0;0;LOCAL_VALHALLA_MATRIX;8f77318fc0a510d86675dbd766c5dc6461ad99d7305eddc54c67e85f7668f9c8;3d5812abc84c11768aa73a732c85d75dbed439188f5bb3239e9b762ea31d9862;2026-09-28T19:47:05.797752+00:00;false
LOC-0142;LOC-0145;BICYCLE;2026-08-17T07:00:00+03:00;OK;2368;40;11080;LOCAL_VALHALLA_MATRIX;9a9d61298b07e0399ebf89a0914f6d2b312ca61806f773f79fe3a20f83d2ce3a;a91857e624cc35d7b974db847e1c91c6e0083bfa9d2456d16514bdb3bd4edfa0;2026-09-28T19:47:05.797752+00:00;false
LOC-0142;LOC-0148;BICYCLE;2026-08-17T07:00:00+03:00;OK;1571;27;7365;LOCAL_VALHALLA_MATRIX;093dc73b56b6acb2096403e2f5cfdd2410eb0089e85ac3b20cefe7451623b49a;e08d83cc4fd3961d07c624c7966591c1e133df4e3e95159110cd80831fd25536;2026-09-28T19:47:05.797752+00:00;false
LOC-0142;LOC-0149;BICYCLE;2026-08-17T07:00:00+03:00;OK;1599;27;7469;LOCAL_VALHALLA_MATRIX;ffd0108bcf49584c82dd2f616d6bd874873b4e12aeedbff09d970a6d078e9bdf;70afa8ced119428e86cf9a85a07eceafa43a96e19e4ff7511693319566466c67;2026-09-28T19:47:05.797752+00:00;false
LOC-0142;LOC-0150;BICYCLE;2026-08-17T07:00:00+03:00;OK;1638;28;7642;LOCAL_VALHALLA_MATRIX;80d85666613277b41f8319acb66df6ccaf11ca6c0bc141a61791ebfd654d9461;56b7234294e7080b15e900a1f036f218a6fee2bfb64d99e5176161a061cb90a5;2026-09-28T19:47:05.797752+00:00;false
LOC-0142;LOC-0151;BICYCLE;2026-08-17T07:00:00+03:00;OK;1497;25;6993;LOCAL_VALHALLA_MATRIX;a7ee5746a541929cd88d6b9fe467e1f7f3f0b7f9ebea5ad2897add6983bf37c0;bc3c65a760a7526a62bf2f4d6e12ccde13e034255fdae18f7f9b0fe2f7c3c9ef;2026-09-28T19:47:05.797752+00:00;false
LOC-0142;LOC-0152;BICYCLE;2026-08-17T07:00:00+03:00;OK;1516;26;7085;LOCAL_VALHALLA_MATRIX;117fa31a2d2ae70106922d9d4f67134316e3a7fb6f099e17d637eba75cd27376;ce8c572ca01c8e886390970be1e6b483fbf6dfb60f381d2eda3d72acefedceed;2026-09-28T19:47:05.797752+00:00;false
LOC-0142;LOC-0190;BICYCLE;2026-08-17T07:00:00+03:00;OK;2275;38;10721;LOCAL_VALHALLA_MATRIX;88e3a5a1403bb981ee7bef168f6f796736846ff74f3a5623119ef8f174cb7a22;63969fdadfc38038c254a983a61f1bdd11d216e12639195001c48342ad39d3a2;2026-09-28T19:47:05.797752+00:00;false
LOC-0142;LOC-0196;BICYCLE;2026-08-17T07:00:00+03:00;OK;1269;22;5908;LOCAL_VALHALLA_MATRIX;944b55ab869e239914ae23fbc237ef7999f825855e294fcb31605448707d6f32;3e1c8107d3db3a625bb36b07158038e6aa36743f2a8769a275d571f6ead8360c;2026-09-28T19:47:05.797752+00:00;false
LOC-0145;LOC-0002;BICYCLE;2026-08-17T07:00:00+03:00;OK;2203;37;10526;LOCAL_VALHALLA_MATRIX;d107478820eaefc56c2d2edd871cfa8d61768fff6ff71e911e1a9558295641ab;7c12fd1a0cdfb3165273d7e2be8229a6a908abb0915517d4aae2adcdae4e00d5;2026-09-28T19:47:05.797752+00:00;false
LOC-0145;LOC-0008;BICYCLE;2026-08-17T07:00:00+03:00;OK;839;14;3984;LOCAL_VALHALLA_MATRIX;d7213b2b7bd6dd299232b31c9b7398dec281bc3963a5f7d23ce2c6377c3066db;de8b293dc97bd02c64700cc40a55b4b8024e665b5390ec64c99df8879b372e01;2026-09-28T19:47:05.797752+00:00;false
LOC-0145;LOC-0009;BICYCLE;2026-08-17T07:00:00+03:00;OK;3161;53;14797;LOCAL_VALHALLA_MATRIX;98d22e63c100f8ce853019703c141777fd2641793e96dfce76c544f596872d9d;16d67cb1493dcee9afe5630e832a0d9bf0261f6e16ba4cee80438199a93b12fa;2026-09-28T19:47:05.797752+00:00;false
LOC-0145;LOC-0010;BICYCLE;2026-08-17T07:00:00+03:00;OK;670;12;3190;LOCAL_VALHALLA_MATRIX;0589230f36a418c7601555f6513591d4367c25cbb3e24fb617351fea029ef9bb;a5f6d7b18b20937758a03277c146d179bb24aef39763618ababf92f16918e58b;2026-09-28T19:47:05.797752+00:00;false
LOC-0145;LOC-0011;BICYCLE;2026-08-17T07:00:00+03:00;OK;747;13;3563;LOCAL_VALHALLA_MATRIX;907d5ce24bf55a10d2889d27f2177008ad81b1cc529ce79432ace4ecc0a8bba4;0d3afe94f37633fd12aa91b549c1eef7460e960c50f6fee9bf874404eaa4ff2d;2026-09-28T19:47:05.797752+00:00;false
LOC-0145;LOC-0012;BICYCLE;2026-08-17T07:00:00+03:00;OK;645;11;3076;LOCAL_VALHALLA_MATRIX;d2b6a7d4c82ff680c58182ff1de725581359e622fa910e3274f9a07209bf1a5d;d845d61bc3f79591c398e784dabab54381c131d34f03e70a0243432b715723bf;2026-09-28T19:47:05.797752+00:00;false
LOC-0145;LOC-0013;BICYCLE;2026-08-17T07:00:00+03:00;OK;2308;39;11059;LOCAL_VALHALLA_MATRIX;c80c563890a98c427e9ae030ff14e1cc0d382dd6400eb0a24e6a611d3cce61a0;b7f7369cea7ea4a0742932e1a1142162b18d5f5fa4907d4ef67badb7eeacedb2;2026-09-28T19:47:05.797752+00:00;false
LOC-0145;LOC-0016;BICYCLE;2026-08-17T07:00:00+03:00;OK;2985;50;14349;LOCAL_VALHALLA_MATRIX;989dbe9d4bc6af86dfcb4e30b512ec9f9b7636ad991daa6ace6fa4bc0c62e1ab;11c5f41df3a893f94fcccf6274d0c67dcff1774b06f970a2ba7bfa36a1f2bba6;2026-09-28T19:47:05.797752+00:00;false
LOC-0145;LOC-0017;BICYCLE;2026-08-17T07:00:00+03:00;OK;1439;24;6795;LOCAL_VALHALLA_MATRIX;27d72f326beedba2cf3a9112918e02141ae1ebb77b392e106045ea0cadda3f93;b7eb2d059d0708663f08184c8e33edd593c7c62497c664b2c3b908f3214ad306;2026-09-28T19:47:05.797752+00:00;false
LOC-0145;LOC-0018;BICYCLE;2026-08-17T07:00:00+03:00;OK;1401;24;6603;LOCAL_VALHALLA_MATRIX;0a3af8eed403f13d0052b8d3823cdb2127811883be479b196a35333f483e4c4f;b50a1d65e0e8b962b164255f2dee8e28af512e4026eb3891bf041b5982d56a75;2026-09-28T19:47:05.797752+00:00;false
LOC-0145;LOC-0019;BICYCLE;2026-08-17T07:00:00+03:00;OK;678;12;3225;LOCAL_VALHALLA_MATRIX;da7ab1184af9d3f5efb92c56cf47353c5f25bbb1bd683465374ef1e7ba8c0f6b;f955b256fe7219abdfde4df2a5a24dcac256413963220827e955ab2baab9c97a;2026-09-28T19:47:05.797752+00:00;false
LOC-0145;LOC-0020;BICYCLE;2026-08-17T07:00:00+03:00;OK;351;6;1670;LOCAL_VALHALLA_MATRIX;31c9f1e85b685cbfb61b58f42fe83cf10810ae0a3509edf958a7a118a466775d;4ad709134112b28aadd8c095c8bc3fe925e0f1abb424ce34a611dd058ef148c9;2026-09-28T19:47:05.797752+00:00;false
LOC-0145;LOC-0023;BICYCLE;2026-08-17T07:00:00+03:00;OK;966;17;4535;LOCAL_VALHALLA_MATRIX;111c5026d539a70240b9895fbb8a2b07bdeb79c2c8d49d700eb2f2606ebafd57;282546a8a609ba67e0a34295586cb9a06f4acf6c13cec6177f0e88026562be0a;2026-09-28T19:47:05.797752+00:00;false
LOC-0145;LOC-0027;BICYCLE;2026-08-17T07:00:00+03:00;OK;1171;20;5641;LOCAL_VALHALLA_MATRIX;c4af2506792fee892f0b2e8426d4ccc378eab4f4d19ca584b89198ebb064cc51;1fa81e7ffac939d6cca71a08251b20606bc602e2934372d65926b9995aaebaf7;2026-09-28T19:47:05.797752+00:00;false
LOC-0145;LOC-0028;BICYCLE;2026-08-17T07:00:00+03:00;OK;2051;35;9765;LOCAL_VALHALLA_MATRIX;b4fdcd12182f6d4e514acebaa68c43c68e0ff8844e37273cd0d6a64f21e46148;61028a7f9b9e2b2b95d85c1aaca0e8cd63530cc43fce2bfe4e4ed3287e133042;2026-09-28T19:47:05.797752+00:00;false
LOC-0145;LOC-0029;BICYCLE;2026-08-17T07:00:00+03:00;OK;1977;33;9388;LOCAL_VALHALLA_MATRIX;f563e4f76b14847061c232c7ae5696eb11b78bb3655104459cd9305ad4bb13c9;58c1abb0a0a7e074bd557eb20a3b6f91766038d7609bf1444dfe39a0afd894bc;2026-09-28T19:47:05.797752+00:00;false
LOC-0145;LOC-0037;BICYCLE;2026-08-17T07:00:00+03:00;OK;1543;26;7378;LOCAL_VALHALLA_MATRIX;3a7369f2471d5ac9396ed7a931ce01574a13a8fd4b7bbfd4ed79c6f82a3e8351;ed88214b6e369f43190b485de44067f35ae974730f23a5ed24f99b1198a24d04;2026-09-28T19:47:05.797752+00:00;false
LOC-0145;LOC-0045;BICYCLE;2026-08-17T07:00:00+03:00;OK;1596;27;7717;LOCAL_VALHALLA_MATRIX;e9e33ad5bae582008f3026846e1ebc93174470af29ab26ef555fe1efb5c81578;5651b5cbd06f8e813b0dad75eb533fd5e61e2948fd0ff52252521d92f72edac8;2026-09-28T19:47:05.797752+00:00;false
LOC-0145;LOC-0053;BICYCLE;2026-08-17T07:00:00+03:00;OK;2700;45;13088;LOCAL_VALHALLA_MATRIX;bd3fefa161d5fc1e1da0cc172e326911d20c6d3d9626b33993d7feb0f8886e91;b7b862774c56cf2ba730658ab2cb2089266362c98be32654bc596f21b44d295e;2026-09-28T19:47:05.797752+00:00;false
LOC-0145;LOC-0054;BICYCLE;2026-08-17T07:00:00+03:00;OK;1450;25;6938;LOCAL_VALHALLA_MATRIX;36da5997e5e7e2ff1a61c92306248f6552837f634da8c55021badf806f9c9685;fe3b6aa1a0465586df984b1003386bef205eb84b1dc741fbf30c33904b9b296a;2026-09-28T19:47:05.797752+00:00;false
LOC-0145;LOC-0061;BICYCLE;2026-08-17T07:00:00+03:00;OK;822;14;3716;LOCAL_VALHALLA_MATRIX;a2c4b71628f8753e94c2a803467731a2b9a6a10d549c43c130ef34dbba853268;087bf0c30a995d7dfd003bf21147c2ef6b3a68d651ba74e287e2689c11d33076;2026-09-28T19:47:05.797752+00:00;false
LOC-0145;LOC-0063;BICYCLE;2026-08-17T07:00:00+03:00;OK;2090;35;9985;LOCAL_VALHALLA_MATRIX;0c0e3dc4e0548030f671c0d5bdfc21e54d66f94ba968e768a011daf3ec08f1bb;73e0f31f486120a1346a90c17187e1f5fe6c49eef691bb7d3761c3a64866c824;2026-09-28T19:47:05.797752+00:00;false
LOC-0145;LOC-0064;BICYCLE;2026-08-17T07:00:00+03:00;OK;1931;33;9288;LOCAL_VALHALLA_MATRIX;662c6e2fc352710be6d4a7026f96e720d8be40b68660bfd2fb6d772a9af9f9f5;9caf3e033543ec4b86ed0aa32c5a8a1129e93f5241726fd143ed3f16b8531c79;2026-09-28T19:47:05.797752+00:00;false
LOC-0145;LOC-0074;BICYCLE;2026-08-17T07:00:00+03:00;OK;1009;17;4803;LOCAL_VALHALLA_MATRIX;a7371a5f9b9f2d9b8aa5694c6f448c8b9b9cb1b9b921febb2f31217361959656;1dc81917e7ebba80e0a161be523262c5674f8d169a4a6aa33c67e1c963fa1206;2026-09-28T19:47:05.797752+00:00;false
LOC-0145;LOC-0075;BICYCLE;2026-08-17T07:00:00+03:00;OK;1282;22;5964;LOCAL_VALHALLA_MATRIX;b63ce8c1d41c112f72fdbdb2809365966d9772de669298fd4959e85aebbd77fb;3b6e0466ad55704fb1dd2b062c5c479e73e6c806dfd8b81b8b5ea683804a72d5;2026-09-28T19:47:05.797752+00:00;false
LOC-0145;LOC-0076;BICYCLE;2026-08-17T07:00:00+03:00;OK;3034;51;14384;LOCAL_VALHALLA_MATRIX;b7897604e8925bba73608c974dd58f74115dd18439b75fe3620d3997ce09b7d0;d6ca75a0277c461b8431953449a9b315289a4a606416d93af3a81a74584c9d44;2026-09-28T19:47:05.797752+00:00;false
LOC-0145;LOC-0078;BICYCLE;2026-08-17T07:00:00+03:00;OK;1712;29;8257;LOCAL_VALHALLA_MATRIX;4a06ce8355e1cd56d584ee7105bdf4fb90018e5b28831f110b995fa5ab03bf34;f14f8a6e881996dde6a64bcc5aabdc5587fbcaa9953443697121913030be3226;2026-09-28T19:47:05.797752+00:00;false
LOC-0145;LOC-0080;BICYCLE;2026-08-17T07:00:00+03:00;OK;1152;20;5380;LOCAL_VALHALLA_MATRIX;a5a5965c6d119578efde0e9c5f0fa7d79bdb434a0e1b6cb9b5369a5c6a41a4a6;e70e25ae17bf7c77717582493ce72e367ae637a654af8cadf8c3ea87ee818986;2026-09-28T19:47:05.797752+00:00;false
LOC-0145;LOC-0082;BICYCLE;2026-08-17T07:00:00+03:00;OK;1932;33;9338;LOCAL_VALHALLA_MATRIX;f9058499df9ccba7be2db1b080545343e9248a03ee8a198324c33b85a48ca512;a663ae3f3558c6ca5a556270bdc85480d50b9cf96686239f429e011634f2bde6;2026-09-28T19:47:05.797752+00:00;false
LOC-0145;LOC-0085;BICYCLE;2026-08-17T07:00:00+03:00;OK;2174;37;10390;LOCAL_VALHALLA_MATRIX;27755fb0735f0c2df49f73f0f73f90e4e3db72928a82b3304ec9ec59b84b5345;7fe0c54fa323af71bc1b70dc4f27c003b45b11d65af88fcb254dc3c8be4c9a1f;2026-09-28T19:47:05.797752+00:00;false
LOC-0145;LOC-0086;BICYCLE;2026-08-17T07:00:00+03:00;OK;2220;37;10454;LOCAL_VALHALLA_MATRIX;c55bd54e47183e3857e90f62f91ecbe3ff33585c127ba3b00d082f409301b589;e6b2af2987d9db24e67b3cb72e5695fe1e78e70d2d7b195a3d01f1b61a7ee290;2026-09-28T19:47:05.797752+00:00;false
LOC-0145;LOC-0091;BICYCLE;2026-08-17T07:00:00+03:00;OK;391;7;1862;LOCAL_VALHALLA_MATRIX;48c6ec0064e10e3725e64417bf80b33014f0ed1a31c6923f1178f1fab17d7b52;2a21e0fb1e72056bcb238f89131a4369c50ac5d8a7d0fb98a7b005bad93c6c77;2026-09-28T19:47:05.797752+00:00;false
LOC-0145;LOC-0092;BICYCLE;2026-08-17T07:00:00+03:00;OK;347;6;1642;LOCAL_VALHALLA_MATRIX;3647bcfeae11398be40f0ecbf3bda385ada4b813bc7c1e53c4e5e5411d746713;e183fb747205200d2bcddb825c1dca6ba0a614b9cd8637b6ec5bf8ca57714523;2026-09-28T19:47:05.797752+00:00;false
LOC-0145;LOC-0093;BICYCLE;2026-08-17T07:00:00+03:00;OK;412;7;1793;LOCAL_VALHALLA_MATRIX;46829e2352fac03831eebaffa2ef68399f1ed5dc0eaecb6e2a3b73a9e2ec869d;c3ca1f17ab2cf7a9f38d542fd597095b6d57a738fc6b51ff149f1827cdf4e6d4;2026-09-28T19:47:05.797752+00:00;false
LOC-0145;LOC-0094;BICYCLE;2026-08-17T07:00:00+03:00;OK;2333;39;11140;LOCAL_VALHALLA_MATRIX;09b5bb42f521415d178765a8da9b45bce94994e731a4dec4bdc5ffc5f51c3eb3;bc666af7c47c21cad762f0b7e01c4a2fdb52384ade15ecc3617b52600c8e9d50;2026-09-28T19:47:05.797752+00:00;false
LOC-0145;LOC-0095;BICYCLE;2026-08-17T07:00:00+03:00;OK;2512;42;11958;LOCAL_VALHALLA_MATRIX;2e4c2f735063bee5ac8ab9ff729124e2c882b2ff981c5e55c28cab90469822ea;7a7fd2a4d5f19dd5f6ba1830429698c850313184b2ab193a0a1e34cda976ea80;2026-09-28T19:47:05.797752+00:00;false
LOC-0145;LOC-0102;BICYCLE;2026-08-17T07:00:00+03:00;OK;2092;35;10106;LOCAL_VALHALLA_MATRIX;e2e85142517b34062398465cb9f59df861d73fa14448369280e50c56bb0c5583;ee532c517d2c151b5cf20ccb8401c62f484eaf59b0539778e6b8665973df0ab9;2026-09-28T19:47:05.797752+00:00;false
LOC-0145;LOC-0112;BICYCLE;2026-08-17T07:00:00+03:00;OK;577;10;2752;LOCAL_VALHALLA_MATRIX;2ebe594695508f89578bf9166693ef66ae247e59942e6bc24c3507fb89966889;514ca54e7173d7d28bd7fc022b03db8d5a92d06f279eff3c9cf6925c952a35f8;2026-09-28T19:47:05.797752+00:00;false
LOC-0145;LOC-0124;BICYCLE;2026-08-17T07:00:00+03:00;OK;2981;50;14132;LOCAL_VALHALLA_MATRIX;5c24a4cc787ad7307de3e3128170f5e68bd66f96eac6d9bf1d0a3638989d9eac;622d4fbdfd5248a58e9544315e7937ffbb786a566d94d3896060020ecfe110b3;2026-09-28T19:47:05.797752+00:00;false
LOC-0145;LOC-0125;BICYCLE;2026-08-17T07:00:00+03:00;OK;1235;21;5766;LOCAL_VALHALLA_MATRIX;a823660a72319ecda2cdb47afea4e9aba632bbd0a835ee2089d29602a453d431;328bd54a7c57c35a74da1c1c3e8520f3dd33ba80d39ec908e5b48d5bb6aa4c93;2026-09-28T19:47:05.797752+00:00;false
LOC-0145;LOC-0126;BICYCLE;2026-08-17T07:00:00+03:00;OK;924;16;4387;LOCAL_VALHALLA_MATRIX;81959517129cd87f1dcc5b956a3d74e291b8d14e04cd75e92b6d9c60589e6e22;787428a24720504c0f18137533d53a579365458e64cc6dd4ba4440a634a63ae0;2026-09-28T19:47:05.797752+00:00;false
LOC-0145;LOC-0128;BICYCLE;2026-08-17T07:00:00+03:00;OK;1619;27;7704;LOCAL_VALHALLA_MATRIX;4e707c7fd5d61a8318bdf2bcfae44d287241ddb5e4f62a0d4cc2770344661091;ff9479197fd2cfd231c8782b8f0a9139f85909c4eb6f61438b70112dce246269;2026-09-28T19:47:05.797752+00:00;false
LOC-0145;LOC-0134;BICYCLE;2026-08-17T07:00:00+03:00;OK;2229;38;10681;LOCAL_VALHALLA_MATRIX;339b1c96e7a63a8a8ef0390a346bbc931184ce7db0912cfbb4280c9690e0a234;ed36c07dd799b1fd5a931f778ceacdfbba98274a26be2608e9e2638a72a49573;2026-09-28T19:47:05.797752+00:00;false
LOC-0145;LOC-0135;BICYCLE;2026-08-17T07:00:00+03:00;OK;2227;38;10665;LOCAL_VALHALLA_MATRIX;1d17b33568f0845e3a1b590962e8460fe05807c118188127d7233ef7a9496542;4599069e81b798aa41b2b6d2b3fe2893a4779ac0f072a5204cb723a9185619f1;2026-09-28T19:47:05.797752+00:00;false
LOC-0145;LOC-0136;BICYCLE;2026-08-17T07:00:00+03:00;OK;2368;40;11311;LOCAL_VALHALLA_MATRIX;f7eee89c88d8b977664af6e12163a4c9fbb38ab19f801acdb0b55d21e232a008;5ea4ca55053f2c17d554b01c3c59a6c7219828a1ef5faf79889bcfbbad2be1aa;2026-09-28T19:47:05.797752+00:00;false
LOC-0145;LOC-0140;BICYCLE;2026-08-17T07:00:00+03:00;OK;2431;41;11764;LOCAL_VALHALLA_MATRIX;32f69b0b9d693d13d1d19cf7b2757615e5c7ce4b4874e8be5f021341a9d6d603;faf889fde1cab17d24748388159694595bc792d89d12b209a84e307ddf9a56a8;2026-09-28T19:47:05.797752+00:00;false
LOC-0145;LOC-0141;BICYCLE;2026-08-17T07:00:00+03:00;OK;2556;43;11960;LOCAL_VALHALLA_MATRIX;8b593a86f1c7f004f5e3434d0a0c15481963dba6c542175bebdba52d767ca013;858eecc2064b3a67dac8b62f329844d2f3122d78d0266c0c0ecf30c74291295a;2026-09-28T19:47:05.797752+00:00;false
LOC-0145;LOC-0142;BICYCLE;2026-08-17T07:00:00+03:00;OK;2507;42;11735;LOCAL_VALHALLA_MATRIX;5685e770cfb55f09fbfbc957cf23a817efed54fa42849100c2e8288e1673561f;364d4506593ad02deb3e91f59d252074f029c383be4f84bc263ca5b29d19845b;2026-09-28T19:47:05.797752+00:00;false
LOC-0145;LOC-0145;BICYCLE;2026-08-17T07:00:00+03:00;OK;0;0;0;LOCAL_VALHALLA_MATRIX;82e3171a39ec3092fa52dcc0dffa08437b6279847bf17ef83864da7b037ca5e7;3d5812abc84c11768aa73a732c85d75dbed439188f5bb3239e9b762ea31d9862;2026-09-28T19:47:05.797752+00:00;false
LOC-0145;LOC-0148;BICYCLE;2026-08-17T07:00:00+03:00;OK;1317;22;6184;LOCAL_VALHALLA_MATRIX;a67c19bff1fcd615b4440a088aa06d744c80061950a21b5181217e25bbbbccde;3aeffa4155442146caa33ae0c1bedf55b1aa031afc4f06c776bf9fdc6380be96;2026-09-28T19:47:05.797752+00:00;false
LOC-0145;LOC-0149;BICYCLE;2026-08-17T07:00:00+03:00;OK;1116;19;5321;LOCAL_VALHALLA_MATRIX;d79fd1595b0ef3cada22a7489d33ee02ea969ebb36cd737c9379ff5e9d27832c;5a8368a99aa927d310ec773c8818338e2f432e25c78e38ff5e0ec71a8fb1d8ae;2026-09-28T19:47:05.797752+00:00;false
LOC-0145;LOC-0150;BICYCLE;2026-08-17T07:00:00+03:00;OK;1081;19;5136;LOCAL_VALHALLA_MATRIX;cb4ddd08fc86350ed2d50142974b5419a026e5f36eaa9582aa18b175c9919d0e;e0b3b24c25f00e7091d05b795f232fc5c51af1d53ffc8b2635a0916a85aee4b5;2026-09-28T19:47:05.797752+00:00;false
LOC-0145;LOC-0151;BICYCLE;2026-08-17T07:00:00+03:00;OK;1405;24;6589;LOCAL_VALHALLA_MATRIX;0e553cd64f92c0a3444ce6aa7c3f77dc402dadd781c8baaae7396336bf5160a1;f2a678d8ec5aab45185b25e8a5cdbe7664a535c0a1fbcaa16d4b9cfcd093b86c;2026-09-28T19:47:05.797752+00:00;false
LOC-0145;LOC-0152;BICYCLE;2026-08-17T07:00:00+03:00;OK;1406;24;6581;LOCAL_VALHALLA_MATRIX;cd88af37ea712238b69e189c43730ef529d97a5dcd64368232667e58a358128c;9c5fda93e04282667d64b1f8ad8b7b997f8cfde85bb82cecca351754e78d2ad4;2026-09-28T19:47:05.797752+00:00;false
LOC-0145;LOC-0190;BICYCLE;2026-08-17T07:00:00+03:00;OK;1050;18;4951;LOCAL_VALHALLA_MATRIX;35f02e315c9844d436d9e16f5830a5cd7795185dfe18bca7f6427314dbeacc86;fb360278109fc443bdf8c223bd04b99848af7044dcd333b21189a718df2806bf;2026-09-28T19:47:05.797752+00:00;false
LOC-0145;LOC-0196;BICYCLE;2026-08-17T07:00:00+03:00;OK;1319;22;6114;LOCAL_VALHALLA_MATRIX;13cc5d08a180c0e565692a0b0bc8c3ecd7501b8133fc2789b4f48a50872fc17b;b95d53464dbf418435a2331ea8f654e84315b4a9e83759ea0a9db3f313f3c489;2026-09-28T19:47:05.797752+00:00;false
LOC-0148;LOC-0002;BICYCLE;2026-08-17T07:00:00+03:00;OK;1901;32;9014;LOCAL_VALHALLA_MATRIX;175e0efe3dc0d614eac4de22faddc1df0cdb569ef2aa22bf87a7d5aa186adf60;860404632889cb0d893514b41cfd4b907356c77019ffcf1eeab2e993ec9fad64;2026-09-28T19:47:05.797752+00:00;false
LOC-0148;LOC-0008;BICYCLE;2026-08-17T07:00:00+03:00;OK;1523;26;7209;LOCAL_VALHALLA_MATRIX;5528786358d5a7ee117930fbf7f12bdf29a4749afd1eccd2d32740b7458c8dc3;413c4e7ac29f0087924960af9b919bad86c38de611252ee28fd9893f1ac4e98a;2026-09-28T19:47:05.797752+00:00;false
LOC-0148;LOC-0009;BICYCLE;2026-08-17T07:00:00+03:00;OK;2183;37;10382;LOCAL_VALHALLA_MATRIX;1f40ea07e7663a496e1637d770f7fb66e11f8ea05cd2c72fd4d4d977e52e294d;d695c8e92dbe91358d03f126c23a2bc37a3294436eb5ac8b2e1edde2b7c68ef6;2026-09-28T19:47:05.797752+00:00;false
LOC-0148;LOC-0010;BICYCLE;2026-08-17T07:00:00+03:00;OK;1489;25;6933;LOCAL_VALHALLA_MATRIX;76837910bed5a8841d3805d076c4466d8cb68e7068f69f07f627b8fc0c1572de;392b50e9e9f9984b149fe5542fd4533116093556ce1dcc7c0a8bf9bbe19a062c;2026-09-28T19:47:05.797752+00:00;false
LOC-0148;LOC-0011;BICYCLE;2026-08-17T07:00:00+03:00;OK;1393;24;6568;LOCAL_VALHALLA_MATRIX;e28306a2da2506f7253b966d1c7e6c25ba23daf6305def163a2b11bc74942605;6489990aa8b46cfb7011729b643deba585f830e983a94b1ee792f6cfbce09e1e;2026-09-28T19:47:05.797752+00:00;false
LOC-0148;LOC-0012;BICYCLE;2026-08-17T07:00:00+03:00;OK;1223;21;5766;LOCAL_VALHALLA_MATRIX;2a47f708d165796431329590af4c16040c17cd989084db6ad6a6a44bd3d497fd;d47acf69223e1e7df368b17d743e63492b522ad511c55b3f8691d3206e714e14;2026-09-28T19:47:05.797752+00:00;false
LOC-0148;LOC-0013;BICYCLE;2026-08-17T07:00:00+03:00;OK;2006;34;9547;LOCAL_VALHALLA_MATRIX;42fccd6dfcf968ad5f08ee265a25ec465275ac8cf22fdd15d634af7e1c3b9007;450c53dc7fe8ad4b61e736e2c6ba6c223dffc835c739fa212e0b04b42c0e2cbc;2026-09-28T19:47:05.797752+00:00;false
LOC-0148;LOC-0016;BICYCLE;2026-08-17T07:00:00+03:00;OK;2367;40;11230;LOCAL_VALHALLA_MATRIX;1545f460315c5c47a9f380a3920cbe2059f7b7bfd29eed244bc39e2c2614a64b;d4e5036c251e3266bd0417fbaa2b7d5cfd72f7ca3395b9f10fd5101d9a0e6c5a;2026-09-28T19:47:05.797752+00:00;false
LOC-0148;LOC-0017;BICYCLE;2026-08-17T07:00:00+03:00;OK;266;5;1253;LOCAL_VALHALLA_MATRIX;4cacd04f72b406b2c7bfc69af9ecf6f99f4611a0762b4a6cc79ac1c7bc835aec;eace5e174b2367812f98c0a9f0c633f5e2ae066279e9f9953cac1fe5360504cc;2026-09-28T19:47:05.797752+00:00;false
LOC-0148;LOC-0018;BICYCLE;2026-08-17T07:00:00+03:00;OK;308;6;1466;LOCAL_VALHALLA_MATRIX;adbc9fb44e056e6d90d3dcaef3a10005b4a2a82bc0f219fb7a95ab3934dd5cee;c4cd88c57b32b9b14b2e3b8b858e89fcc5f9192621a1f3b9d1ee78a154d94c95;2026-09-28T19:47:05.797752+00:00;false
LOC-0148;LOC-0019;BICYCLE;2026-08-17T07:00:00+03:00;OK;1603;27;7604;LOCAL_VALHALLA_MATRIX;9b522a4d215ca0185f8faaf402f15896355ed46862a3c8800a584e5dbcb27dad;b69c721c4fb2ce07feb8b1d3baa5cbe7e719ccc7a227c7158309e5b09a5ccda4;2026-09-28T19:47:05.797752+00:00;false
LOC-0148;LOC-0020;BICYCLE;2026-08-17T07:00:00+03:00;OK;1485;25;6940;LOCAL_VALHALLA_MATRIX;7f2d6cfb62720a1344cb3be4849d5e113ad28bad7be8ef9333e2b1b21c06c383;e8f988ea8658a3ad4ff70855c8ba37ea890d9e39dfb79d15a462c45a48218322;2026-09-28T19:47:05.797752+00:00;false
LOC-0148;LOC-0023;BICYCLE;2026-08-17T07:00:00+03:00;OK;714;12;3295;LOCAL_VALHALLA_MATRIX;80c605d0b6711ae1002a4e02460f775aa3537948572ec6a4416973c920e7da45;17148a19d86ced4d346648b2b8ef4d1263e7558a68c2ee2eceb7dfbe419ec228;2026-09-28T19:47:05.797752+00:00;false
LOC-0148;LOC-0027;BICYCLE;2026-08-17T07:00:00+03:00;OK;391;7;1851;LOCAL_VALHALLA_MATRIX;573fa56a025fa827f17cd500e7ec8254b3572acfa20a16d609309ca64853b7b3;6b57bba5a467393fcab98aac71ed9fd0df77dffda211470cda942e1a3b13a840;2026-09-28T19:47:05.797752+00:00;false
LOC-0148;LOC-0028;BICYCLE;2026-08-17T07:00:00+03:00;OK;1749;30;8253;LOCAL_VALHALLA_MATRIX;336b47c7ae04dcacd402d9c16be965f63c08b0f3402c71e2fc14cd704e62faa9;4e0504bfe4084df2cd6b7ab083b04d3b0a899f4918da174cbcdcf5537087d874;2026-09-28T19:47:05.797752+00:00;false
LOC-0148;LOC-0029;BICYCLE;2026-08-17T07:00:00+03:00;OK;1674;28;7876;LOCAL_VALHALLA_MATRIX;d9296d88a1640c3f72efc1af656617716fe8c2514476b3a7aa8b159175d7f31f;04c72718a0b52c1b0f521e8ad40791ad25cf4ebaabb79aa36611b211224d30e9;2026-09-28T19:47:05.797752+00:00;false
LOC-0148;LOC-0037;BICYCLE;2026-08-17T07:00:00+03:00;OK;1617;27;7691;LOCAL_VALHALLA_MATRIX;c6787a4f2e64548b9ae86204378daa956eaad3e8e607f3600590965179c675b5;aa0623b648bf0edae8cdbb6962b541d560e48abc31269555a77c72dff58d13c3;2026-09-28T19:47:05.797752+00:00;false
LOC-0148;LOC-0045;BICYCLE;2026-08-17T07:00:00+03:00;OK;894;15;4300;LOCAL_VALHALLA_MATRIX;bbeaabb56cb0de5314da14485a37578598aa81e9a7ebbac598e698e515bcd736;27de9cda6cb2641549e0230654d82a7a7c51db30938c30bed22fcb268b327df6;2026-09-28T19:47:05.797752+00:00;false
LOC-0148;LOC-0053;BICYCLE;2026-08-17T07:00:00+03:00;OK;2651;45;12724;LOCAL_VALHALLA_MATRIX;32222bfa177bb4126095d6d97f320bf21726f3eca9b91bb06c565c00ad4e8e2f;89c07521e6429ebc1c84bfb0f506c521bc7d6a69ca1dc75573f5b54b54c386a1;2026-09-28T19:47:05.797752+00:00;false
LOC-0148;LOC-0054;BICYCLE;2026-08-17T07:00:00+03:00;OK;1524;26;7251;LOCAL_VALHALLA_MATRIX;7d3965e6b9ff36223e755620493a94dd2fe74fd5e896c7bdcd2be177de7d96b6;1745bfb1f9eda3c768939e7ef93f805f72575ad0d631abf757b83ff921c339fa;2026-09-28T19:47:05.797752+00:00;false
LOC-0148;LOC-0061;BICYCLE;2026-08-17T07:00:00+03:00;OK;1260;21;5772;LOCAL_VALHALLA_MATRIX;2a0057363c7a25db39649b4d2ae5af13ec708631bce79685b7a42605adf49834;198edede55537b9da45d7f005c67d2150c4ff5d0ef16dd44384d1490c5bf8aef;2026-09-28T19:47:05.797752+00:00;false
LOC-0148;LOC-0063;BICYCLE;2026-08-17T07:00:00+03:00;OK;1388;24;6568;LOCAL_VALHALLA_MATRIX;eba864ee6e36a8db58e9ae25540ed5c63bcc92ff0ea87cee20550c6c11d55086;032b60bc9fd55a1ce449ae85e916071bfd4ad00ecb8b2b697db90e793c87fac1;2026-09-28T19:47:05.797752+00:00;false
LOC-0148;LOC-0064;BICYCLE;2026-08-17T07:00:00+03:00;OK;1229;21;5871;LOCAL_VALHALLA_MATRIX;ab7085e6125596bd6c3260f4db41e7af1449fe6bf0f18bbb4c61e02467fe5eb1;5036fba2a32b105339c716a04729112fe169601ad27f94d1df4546f14382f761;2026-09-28T19:47:05.797752+00:00;false
LOC-0148;LOC-0074;BICYCLE;2026-08-17T07:00:00+03:00;OK;221;4;947;LOCAL_VALHALLA_MATRIX;e70a06bf93c6158e2b69af92efc21fe110b22300892da9e3693d64887ceeb583;359a70b8615b631edf0b24ba48718386d73af03849810b0ff74e0c60c38f3a3d;2026-09-28T19:47:05.797752+00:00;false
LOC-0148;LOC-0075;BICYCLE;2026-08-17T07:00:00+03:00;OK;49;1;213;LOCAL_VALHALLA_MATRIX;34b71021532389a5e143e76e40e49e2b13e1b7da173637c6c16c8eef4a8fce58;6fb7c29b64469f23777e2929e3134b7b7da5b4e300dcc89334fd8172da7bef45;2026-09-28T19:47:05.797752+00:00;false
LOC-0148;LOC-0076;BICYCLE;2026-08-17T07:00:00+03:00;OK;2202;37;10325;LOCAL_VALHALLA_MATRIX;4fa8e77afc6f3d6ababaf7d3b48162368bb925da97a2f779ac13fde8d8ef57ae;262c207dbe2baaf1696e540b6ffe07385c67ddf5d2c6a2518b37b4161b9d6da3;2026-09-28T19:47:05.797752+00:00;false
LOC-0148;LOC-0078;BICYCLE;2026-08-17T07:00:00+03:00;OK;1010;17;4840;LOCAL_VALHALLA_MATRIX;1655efc41914f0652164a560a4e27ead05d19d9a3d3b22d14f227175689f4434;54fd81661f3aa294e8342fbc4f868a6e6693a7c3bd42d7922393f38b3adc881a;2026-09-28T19:47:05.797752+00:00;false
LOC-0148;LOC-0080;BICYCLE;2026-08-17T07:00:00+03:00;OK;216;4;965;LOCAL_VALHALLA_MATRIX;53dd1c6e6847484e275ad7153a3dbc74868201ac62c7793b850e9f175dcda9f0;24adbaf2c3c354263f2c4be2930fabc234a8fb7526f4c477554876e47ff028b0;2026-09-28T19:47:05.797752+00:00;false
LOC-0148;LOC-0082;BICYCLE;2026-08-17T07:00:00+03:00;OK;1230;21;5921;LOCAL_VALHALLA_MATRIX;0183b00648f0797ccd99525ed323611b9c3013202f172ad786b0889f5a5af143;973aa65980dd9804360d91a7ba7b678e1174cf679e2626d47d510e7e6828cb9b;2026-09-28T19:47:05.797752+00:00;false
LOC-0148;LOC-0085;BICYCLE;2026-08-17T07:00:00+03:00;OK;2131;36;10127;LOCAL_VALHALLA_MATRIX;7005f41ea8e441e3937823215b8535260b7df62c826aafc61bb312de4138bb16;d2ac045a3a1cd92ef0d488a13335c6e10d765486c341e19611d86bc8db94283b;2026-09-28T19:47:05.797752+00:00;false
LOC-0148;LOC-0086;BICYCLE;2026-08-17T07:00:00+03:00;OK;2177;37;10191;LOCAL_VALHALLA_MATRIX;4c2894669518408d7c153728d4cd2123041d5ffc985a75c8fb4b2635ad10bf00;166d6b3f2c81a7a8dbc51e30440cbdc932ea3e3ecd99b1cb0d6cb2dcd65766fa;2026-09-28T19:47:05.797752+00:00;false
LOC-0148;LOC-0091;BICYCLE;2026-08-17T07:00:00+03:00;OK;1325;23;6228;LOCAL_VALHALLA_MATRIX;0b697dfbf77b17e8e58a73afa01d2e51593269a4308adefd45664c266f31d4b1;5b4f31a8bf2a11fe05689df862c98a62d975126062d06b1aadb5afb4561bf763;2026-09-28T19:47:05.797752+00:00;false
LOC-0148;LOC-0092;BICYCLE;2026-08-17T07:00:00+03:00;OK;1178;20;5488;LOCAL_VALHALLA_MATRIX;c526148ea60c4417ccd14f2a9e96c13edaeea24e7f5c38470119d29200eb7af9;37f678e279166e106499ec446d45164abf6e91ff9f2e48ce350e52babbc51927;2026-09-28T19:47:05.797752+00:00;false
LOC-0148;LOC-0093;BICYCLE;2026-08-17T07:00:00+03:00;OK;1171;20;5298;LOCAL_VALHALLA_MATRIX;1e2bf147188dc4526c1e1ef4888d774bfef21af780cf6d65bdcebe98fc2e3873;f2a346514d2684cafdefce4604c6a63343b8169059ba185d2b8881e777c2eedd;2026-09-28T19:47:05.797752+00:00;false
LOC-0148;LOC-0094;BICYCLE;2026-08-17T07:00:00+03:00;OK;2289;39;10877;LOCAL_VALHALLA_MATRIX;3d597c9e57ba45d2df28166081b422ae533f30daf77a7c67606050e8a28e504e;c6d6cc04cb72c8710906bdebb4471c0dc1e6b3960e48a617e5c309c134184ee7;2026-09-28T19:47:05.797752+00:00;false
LOC-0148;LOC-0095;BICYCLE;2026-08-17T07:00:00+03:00;OK;2468;42;11695;LOCAL_VALHALLA_MATRIX;32ab2f04882911d63e7a6fece7914a108fc32c590e774d0db0e4820c4cca0a52;801ee7bf32fbba8c800088c837508f9c85aac9e3a51afd2c8b3cd0d30fd8de27;2026-09-28T19:47:05.797752+00:00;false
LOC-0148;LOC-0102;BICYCLE;2026-08-17T07:00:00+03:00;OK;1390;24;6689;LOCAL_VALHALLA_MATRIX;fa52c26346c3b176d8fb615e4a515d43af9a8cf48c651bab3edd2b2559339ca4;3bd81405347708600acf37c01388be9edd04ec476c71340d749517dcec882f54;2026-09-28T19:47:05.797752+00:00;false
LOC-0148;LOC-0112;BICYCLE;2026-08-17T07:00:00+03:00;OK;770;13;3580;LOCAL_VALHALLA_MATRIX;d21085924c997ca2433024c9918e627e9396e9cdcad4f60121f431164d2d36a8;110557f16c4b470d4a0a9b8c2149751bfb3196cacb35eae9ec1ceeb1f5706b79;2026-09-28T19:47:05.797752+00:00;false
LOC-0148;LOC-0124;BICYCLE;2026-08-17T07:00:00+03:00;OK;2040;34;9731;LOCAL_VALHALLA_MATRIX;77668eaecdfb10ab8540499e0947f9b199bd522d273782fb672e84dcdc92dd7c;c9b954456bf3239cc1904faa6f0b2c2af0f51c5eefba98a10f05a04a51596999;2026-09-28T19:47:05.797752+00:00;false
LOC-0148;LOC-0125;BICYCLE;2026-08-17T07:00:00+03:00;OK;458;8;2155;LOCAL_VALHALLA_MATRIX;9542b90a165115a91127307819c0a6dfc0df65b520ed4aca4c1e95ccb39702c7;5e45155cd212579b51bc5d59192748e602d47379464b25192db049a252853730;2026-09-28T19:47:05.797752+00:00;false
LOC-0148;LOC-0126;BICYCLE;2026-08-17T07:00:00+03:00;OK;656;11;3041;LOCAL_VALHALLA_MATRIX;92822624e53820d37eede4849587634ba6a0cda4e9120373f56a90f13c8ad971;eee4d4828e5d19dbe31076230b9f333be65719968a2e90f3ee75fbfbd7486a62;2026-09-28T19:47:05.797752+00:00;false
LOC-0148;LOC-0128;BICYCLE;2026-08-17T07:00:00+03:00;OK;1692;29;8017;LOCAL_VALHALLA_MATRIX;7785b1c95586d0733b0d975c2faaac8400ca80e17c903cdc9cf01ba440247d7d;f9bbcc3b7d47789746da2516d7fa7b6c04eea4dfee6f6fc17543656a5c076aff;2026-09-28T19:47:05.797752+00:00;false
LOC-0148;LOC-0134;BICYCLE;2026-08-17T07:00:00+03:00;OK;1927;33;9169;LOCAL_VALHALLA_MATRIX;5f95cd360d249873e1c16e6386cc275e79ca22f458a78a556cf40fb6e85aab00;fe94dd7220ea24899897fe5418d35a9f9fb7bc282255275b7ebe303b5c4430ac;2026-09-28T19:47:05.797752+00:00;false
LOC-0148;LOC-0135;BICYCLE;2026-08-17T07:00:00+03:00;OK;1925;33;9153;LOCAL_VALHALLA_MATRIX;29501e3d9097d79cd00f8e31dbefd19fbc56183e3a95e0f2e472677815977103;ee0e3481358226de7cad44a9c453377f654e0862b4f19f5f425a201d2c6f9e27;2026-09-28T19:47:05.797752+00:00;false
LOC-0148;LOC-0136;BICYCLE;2026-08-17T07:00:00+03:00;OK;2066;35;9799;LOCAL_VALHALLA_MATRIX;4d8fc8c25ebdd0c977648fb300928b96d007f58f4a147a12adf6b5ec562e2c0b;655e962ec729cb0b2e291a6239869cbfa6d1a7b16382eebbd99afe2ae3f6c54e;2026-09-28T19:47:05.797752+00:00;false
LOC-0148;LOC-0140;BICYCLE;2026-08-17T07:00:00+03:00;OK;2382;40;11400;LOCAL_VALHALLA_MATRIX;adf3f4f125f746b6074c7cd2eaa0ee8f873a20ec2700b3c01da51ce4f18955a5;e35d625daaac0fd247ae2803ec3c85b2e9042283f090a89beff4c363cfcd8c9c;2026-09-28T19:47:05.797752+00:00;false
LOC-0148;LOC-0141;BICYCLE;2026-08-17T07:00:00+03:00;OK;1614;27;7559;LOCAL_VALHALLA_MATRIX;c461aea2909d3b4631cb3d94069b5390921d8386ad54afccbd8bf8c41706a561;4a0455fedfcfeb25b04d657d7ca997938d34bdd8943411e9917db84b2bb1cb75;2026-09-28T19:47:05.797752+00:00;false
LOC-0148;LOC-0142;BICYCLE;2026-08-17T07:00:00+03:00;OK;1565;27;7334;LOCAL_VALHALLA_MATRIX;bafbe8caf277374e7c06d40f648f70f7d75ea859b7145264364a4ea33e6790d9;09726a0ad88422ff49b57b080070f3e2ca706572b7a56f52221b58fda3b8f013;2026-09-28T19:47:05.797752+00:00;false
LOC-0148;LOC-0145;BICYCLE;2026-08-17T07:00:00+03:00;OK;1188;20;5518;LOCAL_VALHALLA_MATRIX;21e370282ddd83c45a550367ffc3288a972766f02b9bb1c3a49829f28239b87d;85284be3b4829f6cbd5caada459845a7af985a65d5edf7cc52abfa463999a128;2026-09-28T19:47:05.797752+00:00;false
LOC-0148;LOC-0148;BICYCLE;2026-08-17T07:00:00+03:00;OK;0;0;0;LOCAL_VALHALLA_MATRIX;2654af116e39ff020c004eb9f27e2ea387d7a5c5c25d3aae2fbecd8814fbc62b;3d5812abc84c11768aa73a732c85d75dbed439188f5bb3239e9b762ea31d9862;2026-09-28T19:47:05.797752+00:00;false
LOC-0148;LOC-0149;BICYCLE;2026-08-17T07:00:00+03:00;OK;101;2;455;LOCAL_VALHALLA_MATRIX;8cf26e1daf6488ea1593c5396a1ef68a6fd3c46d3424ea716afa1c7bc69e9686;0929f5843abdcbb756b9eee5180e1ae3f3db2082ccdf933e1d89330dc113853e;2026-09-28T19:47:05.797752+00:00;false
LOC-0148;LOC-0150;BICYCLE;2026-08-17T07:00:00+03:00;OK;140;3;646;LOCAL_VALHALLA_MATRIX;f0ae5316cb0781b95bca6bb3390603753d4ca3094a9f9e6a4d9baed02c355c6f;86eb01d49d786000e18d43a1e461feb748c51a2f4f87a30151472b5ebd10c7d3;2026-09-28T19:47:05.797752+00:00;false
LOC-0148;LOC-0151;BICYCLE;2026-08-17T07:00:00+03:00;OK;119;2;551;LOCAL_VALHALLA_MATRIX;35309960714cbdd68863785b53abc88db4255735fd864e0e1ca91abc127275f4;513564242fa0f6d8c332b531db271da9721f13c4ca5e5687ec1b90e8b1fe294d;2026-09-28T19:47:05.797752+00:00;false
LOC-0148;LOC-0152;BICYCLE;2026-08-17T07:00:00+03:00;OK;121;3;543;LOCAL_VALHALLA_MATRIX;b829777a967beac6b8c84d8226893e5c8b1ce60ad786361f3f430bb2ad6ab274;6106b787527db76d4c168d02df81da6fb3cea7fff538957e2d92e6c0f905fe37;2026-09-28T19:47:05.797752+00:00;false
LOC-0148;LOC-0190;BICYCLE;2026-08-17T07:00:00+03:00;OK;1112;19;5248;LOCAL_VALHALLA_MATRIX;4ce8014a718693f9cdf8ba182586850e50d195ca83fa06fd857c1f3d43973710;de7f4941565d9759eaf6dbabcd9e2f82ceb288ae382b7131e7cdbf544b68922c;2026-09-28T19:47:05.797752+00:00;false
LOC-0148;LOC-0196;BICYCLE;2026-08-17T07:00:00+03:00;OK;1004;17;4645;LOCAL_VALHALLA_MATRIX;225ac90ac7871820241ffd304c17a20e92d2cf0026d6ceb56711e9aaf22b15ad;4c2921693ffa3381fc363295df4e49db446e966348d826dbc2770d66862d739c;2026-09-28T19:47:05.797752+00:00;false
LOC-0149;LOC-0002;BICYCLE;2026-08-17T07:00:00+03:00;OK;1803;31;8555;LOCAL_VALHALLA_MATRIX;44327f898c87fbd7b4cb08426723756e2d2e0730c4af48149f2df955741b332f;c2fb3a15e45fbe84651a158da36c5cb9e12ad8b89ef5a78b29ef91d3277fc610;2026-09-28T19:47:05.797752+00:00;false
LOC-0149;LOC-0008;BICYCLE;2026-08-17T07:00:00+03:00;OK;1426;24;6750;LOCAL_VALHALLA_MATRIX;8cae848f1cfda98d9593e7959ca1a6bbdae4928f0dc1a98a5c985d90cb4c2bac;3c019a7f17c764d6f2e725a1e3be389084c8043c1469aaa94c4e697bfce33491;2026-09-28T19:47:05.797752+00:00;false
LOC-0149;LOC-0009;BICYCLE;2026-08-17T07:00:00+03:00;OK;2283;39;10705;LOCAL_VALHALLA_MATRIX;2d005396d901d58ba3b217148e1de357950377f0544486628743b0fe030a6f24;6964858e7d048f28617bb3e73d4e23dd84cb3e88674ec7666ff796683f3b7145;2026-09-28T19:47:05.797752+00:00;false
LOC-0149;LOC-0010;BICYCLE;2026-08-17T07:00:00+03:00;OK;1408;24;6660;LOCAL_VALHALLA_MATRIX;de8dda0dbc5cfb1a57129061fb1cb313ee2cf5b454b69795b2293bdce00a3551;6ce1505855dbb16b89da9e900fb98a97641198c05986cc3b8eb7ee4034a9daaf;2026-09-28T19:47:05.797752+00:00;false
LOC-0149;LOC-0011;BICYCLE;2026-08-17T07:00:00+03:00;OK;1295;22;6109;LOCAL_VALHALLA_MATRIX;d48ed4a180a93b3f7be5b4b3d7b9ef094d8526b6b4e457f33dccdf2d406fa34b;a59cf551fcea697a6c404e4ef5369f3cc4d0f6b15ba074d974b3e4d1a79563a9;2026-09-28T19:47:05.797752+00:00;false
LOC-0149;LOC-0012;BICYCLE;2026-08-17T07:00:00+03:00;OK;1125;19;5307;LOCAL_VALHALLA_MATRIX;b65128c38c03bfcf78c7322c51bcfb6aea25f889d9ac905846387ccbbe86e0d9;10651ff701e4787c362f6f8a8130038f2ec8d32951485712aabbcbb1984c94ab;2026-09-28T19:47:05.797752+00:00;false
LOC-0149;LOC-0013;BICYCLE;2026-08-17T07:00:00+03:00;OK;1908;32;9088;LOCAL_VALHALLA_MATRIX;26d2780a7cb4f6602a2283891b51693e47ca8721a64ec982e8c758b5a4d0251b;161a19ca113363bc1210752e20d64868b682e7a480bb863388d07c8ab5bf55ed;2026-09-28T19:47:05.797752+00:00;false
LOC-0149;LOC-0016;BICYCLE;2026-08-17T07:00:00+03:00;OK;2312;39;10971;LOCAL_VALHALLA_MATRIX;f5b40b40df491ee4e37bbfd22c1b64c3155182bdb840801b5788498951c7c6fa;57ee8aa9a7e7d72829a385e5b7773dadb9a7ef92c7c75328ac994e30173fc97f;2026-09-28T19:47:05.797752+00:00;false
LOC-0149;LOC-0017;BICYCLE;2026-08-17T07:00:00+03:00;OK;330;6;1562;LOCAL_VALHALLA_MATRIX;60580c151e21db5b2cc53eb49dfe3198fb1f750466c40ad6e2da5f19026558d4;90c67aa4773c2e685c8b94c8596014b6861e251939c21eff3c04e8aee37e7760;2026-09-28T19:47:05.797752+00:00;false
LOC-0149;LOC-0018;BICYCLE;2026-08-17T07:00:00+03:00;OK;372;7;1775;LOCAL_VALHALLA_MATRIX;da571fefa1b09c8361db5c47e172afc34dcfc3b6712079c5a0829aaf90e722f3;d393a325419ef34913bcc3eee821b5f490266ca0247b3fc06aee25cb1837c050;2026-09-28T19:47:05.797752+00:00;false
LOC-0149;LOC-0019;BICYCLE;2026-08-17T07:00:00+03:00;OK;1505;26;7145;LOCAL_VALHALLA_MATRIX;d04c319478d43953a4fca787071bfe5ca26c3819dcda809bc476ef894ec604ae;59cc473482c97ab7aac9fb0df36e77e090b409acd0b82faeaa88a1cf3072b10f;2026-09-28T19:47:05.797752+00:00;false
LOC-0149;LOC-0020;BICYCLE;2026-08-17T07:00:00+03:00;OK;1404;24;6667;LOCAL_VALHALLA_MATRIX;f7faf4c9fc30f1cb9f405b7ecad06220a664c3b0ce0ec436951cac6e47ad3f40;d6b2d3706223e712fc29538a266d7559523a03dc99c4bb04bf60f7f5faeb5bda;2026-09-28T19:47:05.797752+00:00;false
LOC-0149;LOC-0023;BICYCLE;2026-08-17T07:00:00+03:00;OK;718;12;3322;LOCAL_VALHALLA_MATRIX;30ed87685f57abc5b53ad841826380994d8258468feb7e3e9cb9ad5a7b096dcb;aefdd437ea442cdb5644b41632ab59df33f82528ff1ccc5b54f7820570b2b084;2026-09-28T19:47:05.797752+00:00;false
LOC-0149;LOC-0027;BICYCLE;2026-08-17T07:00:00+03:00;OK;336;6;1592;LOCAL_VALHALLA_MATRIX;540db6eda7115f4cf4d2fd59be67dc112410c55dccb2720ed25aa2c53c0eecd4;031827f7e2e38c02be4f85cf1ef7d17dc9552df5399ceeac714cdfc9c18a2140;2026-09-28T19:47:05.797752+00:00;false
LOC-0149;LOC-0028;BICYCLE;2026-08-17T07:00:00+03:00;OK;1651;28;7794;LOCAL_VALHALLA_MATRIX;ecd86339d6049f5ad207912f8df4d555c36857e2285b20e76a0d45a04866fa69;29fcf6460bb87704b067ff830398e6cd8594ff569ccb67c9cb21a87c7266c462;2026-09-28T19:47:05.797752+00:00;false
LOC-0149;LOC-0029;BICYCLE;2026-08-17T07:00:00+03:00;OK;1577;27;7417;LOCAL_VALHALLA_MATRIX;c15bcd98857008cd65e795a643541db95c8b54181513a8059f9af90940a66c50;37be11fe8429e26c38fd8ad89a132324790819282aad6711acb93595448f0ff2;2026-09-28T19:47:05.797752+00:00;false
LOC-0149;LOC-0037;BICYCLE;2026-08-17T07:00:00+03:00;OK;1519;26;7232;LOCAL_VALHALLA_MATRIX;93d2b3e056c4c87e4930baf31da2e6bd0e4b893b02e4126bdda8e6387c1b1492;36dc64e2618de706d63b038b409e13a27546fbe9a7f1f3ed6144a9f6d078a1f1;2026-09-28T19:47:05.797752+00:00;false
LOC-0149;LOC-0045;BICYCLE;2026-08-17T07:00:00+03:00;OK;839;14;4041;LOCAL_VALHALLA_MATRIX;b9b14f8bbb3c554cf4094d4309047d89e4fc2037587a89dee07bd64356e55330;a4ef6b8892f3b44541ea6e5050a5675d9a8d1525bc282d86a0ea0d4b7f57cc8d;2026-09-28T19:47:05.797752+00:00;false
LOC-0149;LOC-0053;BICYCLE;2026-08-17T07:00:00+03:00;OK;2554;43;12265;LOCAL_VALHALLA_MATRIX;ea130f435b059f12e1c2153201dded282a81071af66473ffa9729962ae485fe5;b928480079d81fcabc221ed49273c28d11f252ef43f9867e4f47e0aae40a3196;2026-09-28T19:47:05.797752+00:00;false
LOC-0149;LOC-0054;BICYCLE;2026-08-17T07:00:00+03:00;OK;1426;24;6792;LOCAL_VALHALLA_MATRIX;929429a9b583ae6c37fdeec36b804c07c991c6968db6f58926263f5c39326124;88d95f839adcaacf1356a01c90e8f7e4e501d0032ed861c4b2f88fa65e839ca8;2026-09-28T19:47:05.797752+00:00;false
LOC-0149;LOC-0061;BICYCLE;2026-08-17T07:00:00+03:00;OK;1163;20;5313;LOCAL_VALHALLA_MATRIX;181249a1cccea342388d31289ab4d6243cbd3e5fa95849b8bf180711748206ea;e6364daa6e011b68ce8805ba790e60a22195ad82539bc1b0348d52b6a601cb09;2026-09-28T19:47:05.797752+00:00;false
LOC-0149;LOC-0063;BICYCLE;2026-08-17T07:00:00+03:00;OK;1333;23;6309;LOCAL_VALHALLA_MATRIX;f82d28059db9f2a27e21018b495e88790a9ee64e449f6542dfdd1f50ffa42bd3;90279c51420cd703c4337ccfa577322fbbba912d088c3ab302b3edcb9ae30fc8;2026-09-28T19:47:05.797752+00:00;false
LOC-0149;LOC-0064;BICYCLE;2026-08-17T07:00:00+03:00;OK;1174;20;5612;LOCAL_VALHALLA_MATRIX;3ddae2cf49f1faafbc6b38216b907543b782286f9da03bdb76cf3a11a0ff5f10;be569ed48002ac1f1e7d7fb1260b4aebdb010166f08dd6f9e08c2f10471b8270;2026-09-28T19:47:05.797752+00:00;false
LOC-0149;LOC-0074;BICYCLE;2026-08-17T07:00:00+03:00;OK;152;3;689;LOCAL_VALHALLA_MATRIX;fd2b17b4baeec26833097a5ced2744f368192d4fb46e46235d9f924f252c73e2;0fe07f99d723fc4d79941360d37a372acbdafeae8a375b5183a291efe98f30d0;2026-09-28T19:47:05.797752+00:00;false
LOC-0149;LOC-0075;BICYCLE;2026-08-17T07:00:00+03:00;OK;135;3;630;LOCAL_VALHALLA_MATRIX;13ede5a688cff19fc5f682c5184b56bea83a9ffe9b3a3dad1d47701a9ffdae2c;5ee5ca987834592df00827ae4707e6ac623e4b460db5422c21db106823f6eea7;2026-09-28T19:47:05.797752+00:00;false
LOC-0149;LOC-0076;BICYCLE;2026-08-17T07:00:00+03:00;OK;2147;36;10066;LOCAL_VALHALLA_MATRIX;756e9b398882f642988197917c378571650cbfbce9b30e4fa453a6c24a5380fe;a2032d43be3c06870e847792f4311f68949d22c7528506f81700c66db9c7dfdd;2026-09-28T19:47:05.797752+00:00;false
LOC-0149;LOC-0078;BICYCLE;2026-08-17T07:00:00+03:00;OK;955;16;4581;LOCAL_VALHALLA_MATRIX;b9a8ad4b5b64d7fe4088c7903fdf06b3376e42086ceb453b6948ae72f48d72cd;1a5c307a6553cfcc0a05d77f07d6727b9611bf202068a514abd574d6f98c605c;2026-09-28T19:47:05.797752+00:00;false
LOC-0149;LOC-0080;BICYCLE;2026-08-17T07:00:00+03:00;OK;220;4;992;LOCAL_VALHALLA_MATRIX;56fa5b4a3d2e7107ee08d1b4c0202df62594a2250cde112a75ba73e5bdb4ffe1;cb1967687588c4075139ebd7dcdcf78e83bfbd119bbdde2c79117955fda04264;2026-09-28T19:47:05.797752+00:00;false
LOC-0149;LOC-0082;BICYCLE;2026-08-17T07:00:00+03:00;OK;1175;20;5662;LOCAL_VALHALLA_MATRIX;843fdb26755f3eb2f3cd364002ee2f01bec31f402ea84b8c95357b08c7ade248;fa23b880f965a68fc15050edc852788d50761ca32facb5dbd66b0fa309e048f5;2026-09-28T19:47:05.797752+00:00;false
LOC-0149;LOC-0085;BICYCLE;2026-08-17T07:00:00+03:00;OK;2033;34;9668;LOCAL_VALHALLA_MATRIX;ecc19c23238f7e9c80a997bfa7fe200160f24785341704c13684927c8f0d0ecd;37aa9ecb72320e515398a0107e1ff3847828b78716b2f9530116a77a54df2aac;2026-09-28T19:47:05.797752+00:00;false
LOC-0149;LOC-0086;BICYCLE;2026-08-17T07:00:00+03:00;OK;2079;35;9732;LOCAL_VALHALLA_MATRIX;e28e29bdcaaccd276cbe771dd288bcd648dbd6c10164701c9283a995ed52506f;6e637aa1e0c9c41e22cc86c0c89237cbf9fec6bf33dd499ad25c4268a020547a;2026-09-28T19:47:05.797752+00:00;false
LOC-0149;LOC-0091;BICYCLE;2026-08-17T07:00:00+03:00;OK;1233;21;5800;LOCAL_VALHALLA_MATRIX;9a4b38cb5c490fb7b11476ff9c6395b09d3ecff90f31e2d35f31ba4b88fa4daa;7a6849f2c176d760b3a15c0388e06070578c6f9d67f63292248bf4d5576d9ecc;2026-09-28T19:47:05.797752+00:00;false
LOC-0149;LOC-0092;BICYCLE;2026-08-17T07:00:00+03:00;OK;1098;19;5215;LOCAL_VALHALLA_MATRIX;739491eeac821c0146424661bef6c3a915f30e2964b40b4132a8e0a6953a83db;d2d7931af681b7e78fe04711795b0ce840180594f26b7d64e7107fd410efd460;2026-09-28T19:47:05.797752+00:00;false
LOC-0149;LOC-0093;BICYCLE;2026-08-17T07:00:00+03:00;OK;1090;19;5025;LOCAL_VALHALLA_MATRIX;1ac640870b6f7ef7adfc7e2564dc0b614dd63eb412197a33df784955543149b4;4a75563fc9d6106f16d0345b182f6ac912781152acbccf0811e71ad3b7bfa093;2026-09-28T19:47:05.797752+00:00;false
LOC-0149;LOC-0094;BICYCLE;2026-08-17T07:00:00+03:00;OK;2192;37;10418;LOCAL_VALHALLA_MATRIX;e3bc62b5139243c5f17f5f799aed29ca099b2e00c6c62da591d5608ad6306ca7;5e41149b564f3a4eabdd1ffd9dda4e805f782513773c49c6298cbf4674f1b09a;2026-09-28T19:47:05.797752+00:00;false
LOC-0149;LOC-0095;BICYCLE;2026-08-17T07:00:00+03:00;OK;2371;40;11236;LOCAL_VALHALLA_MATRIX;26fa908d50d1a1a5826d9a659cd274a7db18df5bb2d78c1a1e35c5a65d1aeb02;22f6c09dd4ecb8c958d9c1494c027fa00b86232342c5a389f73127650332ae69;2026-09-28T19:47:05.797752+00:00;false
LOC-0149;LOC-0102;BICYCLE;2026-08-17T07:00:00+03:00;OK;1335;23;6430;LOCAL_VALHALLA_MATRIX;6dbf49ca6b513d59bff5cbcc1d563431c7c481212f976f20982ca5b1ae19fcd7;d605ff04aab700fb2274174b24ed7b13f4636cbc1f9356e2c9f5a72a3eba2709;2026-09-28T19:47:05.797752+00:00;false
LOC-0149;LOC-0112;BICYCLE;2026-08-17T07:00:00+03:00;OK;716;12;3389;LOCAL_VALHALLA_MATRIX;37c1aa36544610b10f7a8af52b4a1bafea59ab43eb773bc553b8991f9a589005;9315263119715f4479caa8d0bef19d96ce234619bb5f0c4cec25a762bbe91f37;2026-09-28T19:47:05.797752+00:00;false
LOC-0149;LOC-0124;BICYCLE;2026-08-17T07:00:00+03:00;OK;2103;36;10040;LOCAL_VALHALLA_MATRIX;7e4531a0f85a4048d4a0fb5245b995eb68d60dcf7555eed331e189951923b3ed;d5b38e79d29dceb41a7143b5c4032af6fc575647705feb3192b86fd978f2a252;2026-09-28T19:47:05.797752+00:00;false
LOC-0149;LOC-0125;BICYCLE;2026-08-17T07:00:00+03:00;OK;504;9;2299;LOCAL_VALHALLA_MATRIX;baf3ed3c5368484b34319d47eeb190792a75ccfbaa2aaffb4f31b8d7575fd7c4;75b812591c3e588a97cc2a5013fffbaf3209b4e5be9dca183f8a5ca1dcb87b8e;2026-09-28T19:47:05.797752+00:00;false
LOC-0149;LOC-0126;BICYCLE;2026-08-17T07:00:00+03:00;OK;558;10;2582;LOCAL_VALHALLA_MATRIX;1e19824ceef4029268255ff73f0abe865df6094b3f995db9ef6f5eca6704f1df;4268f8fdb66b2038fd5da778eb3a4f43b5ca5fdd24a5b8937faaf70ec5b32dca;2026-09-28T19:47:05.797752+00:00;false
LOC-0149;LOC-0128;BICYCLE;2026-08-17T07:00:00+03:00;OK;1595;27;7558;LOCAL_VALHALLA_MATRIX;a8098c125c03038608aeac7641bf7d330f45259e1504b00ce007ebbe10c8ceb0;87aa254316e757c8e00c9a2803700e3b61a8a47412ce6e6c4d1a17f7b743a4df;2026-09-28T19:47:05.797752+00:00;false
LOC-0149;LOC-0134;BICYCLE;2026-08-17T07:00:00+03:00;OK;1829;31;8710;LOCAL_VALHALLA_MATRIX;546f4089add8a71a4266f597943a4ea8d12ee160c460f3e016761d441674f8dc;e0cab85838a604776fd4a4a749a0bc1fa19d37dad7814de92a6fd3cfaea57af5;2026-09-28T19:47:05.797752+00:00;false
LOC-0149;LOC-0135;BICYCLE;2026-08-17T07:00:00+03:00;OK;1827;31;8694;LOCAL_VALHALLA_MATRIX;210449a40771392d5dd6d42a213c26b5b2de126ddfaf2a18444b120872f00bef;c883bb3239027a4592e63f859f43752006e638b9ae6a7b93c7c03c643c95ffa5;2026-09-28T19:47:05.797752+00:00;false
LOC-0149;LOC-0136;BICYCLE;2026-08-17T07:00:00+03:00;OK;1968;33;9340;LOCAL_VALHALLA_MATRIX;de497303a18b5bbf701a6491350eb533bc71881109e4f8424625e128f3c1471e;269c03dcecf4e4ff9d986d796b2a199be186c81529e12c4ad0457b7c777577e4;2026-09-28T19:47:05.797752+00:00;false
LOC-0149;LOC-0140;BICYCLE;2026-08-17T07:00:00+03:00;OK;2285;39;10941;LOCAL_VALHALLA_MATRIX;edfebb738c5978c49d5afcf4357d289db89fb557c3a52f927dd1714d78c4323f;20637b3b733839ec1ae5ea30aa7de5d6b44296b392f35e1794ea2006d40d4d64;2026-09-28T19:47:05.797752+00:00;false
LOC-0149;LOC-0141;BICYCLE;2026-08-17T07:00:00+03:00;OK;1678;28;7868;LOCAL_VALHALLA_MATRIX;3bbbc647864e07c132634cd6ad46c44c6a5a3a0744cbea9fa311a8abf85290d2;c4b2ce1bfe87225470c85a3ab2c40d3f2372b6255173e42fac717b74be753e97;2026-09-28T19:47:05.797752+00:00;false
LOC-0149;LOC-0142;BICYCLE;2026-08-17T07:00:00+03:00;OK;1629;28;7643;LOCAL_VALHALLA_MATRIX;b8d1126a9b2dd9ee2eba357873e63bfe5b78422568f7fab17f4a6d1e3523760c;df784ee010ade53d7c6a1aae600f572b11ce6b61154095d438747bd2e147c1c6;2026-09-28T19:47:05.797752+00:00;false
LOC-0149;LOC-0145;BICYCLE;2026-08-17T07:00:00+03:00;OK;1112;19;5329;LOCAL_VALHALLA_MATRIX;ed6bbad1939fe3dfaa4a2e91288faf6d65c9ec88f1c1f379deee3607d502b10d;aefb05c790c5780635370f69993f5df68b0c34dc4f3a31a900307f24027bcd51;2026-09-28T19:47:05.797752+00:00;false
LOC-0149;LOC-0148;BICYCLE;2026-08-17T07:00:00+03:00;OK;95;2;455;LOCAL_VALHALLA_MATRIX;026ff140e3c4542c88990fdffc82b9c99042b3076c87052ed77a027e221245b1;00269eaafad514d9fc9ddc1a60d8f9d7cd427fcbfc91dade0d1041fa41fbfa3b;2026-09-28T19:47:05.797752+00:00;false
LOC-0149;LOC-0149;BICYCLE;2026-08-17T07:00:00+03:00;OK;0;0;0;LOCAL_VALHALLA_MATRIX;540f58d6ee2ea01e7b8de0a0d5bb6ea2bc7076be04a7bf9380300ed65ac252f4;3d5812abc84c11768aa73a732c85d75dbed439188f5bb3239e9b762ea31d9862;2026-09-28T19:47:05.797752+00:00;false
LOC-0149;LOC-0150;BICYCLE;2026-08-17T07:00:00+03:00;OK;96;2;448;LOCAL_VALHALLA_MATRIX;0710c8c78db42a381aab0b8a66a3a6f871bec78f999e4e55b70b3ef0ffa57c14;6993aa59283a9be37f3fa920a6a4512b2a5d9d4462e61b154b6ea84d9e1066c8;2026-09-28T19:47:05.797752+00:00;false
LOC-0149;LOC-0151;BICYCLE;2026-08-17T07:00:00+03:00;OK;183;4;860;LOCAL_VALHALLA_MATRIX;0b42caabce95848b03a5e83721b95cc4829e5d933694c75ac0761fb69d73ee28;8dfc9922348ba7cec7289164e350d62a2dad6b0c228916598042fc8d63d40d85;2026-09-28T19:47:05.797752+00:00;false
LOC-0149;LOC-0152;BICYCLE;2026-08-17T07:00:00+03:00;OK;185;4;852;LOCAL_VALHALLA_MATRIX;8659b4e8d71df6931d09ecc948882f4c95d488e3e5ad214097ea73169596bf21;1529e5b160676defee3ca2330615d55b0a9ecec78e9c1ab4a5787cb06e803b61;2026-09-28T19:47:05.797752+00:00;false
LOC-0149;LOC-0190;BICYCLE;2026-08-17T07:00:00+03:00;OK;1015;17;4789;LOCAL_VALHALLA_MATRIX;9480d459166cafda97444792f7defec7197662b2442286e7cafb97f3aec8c088;a21894aee8d267b07e2377f93f20c1307a9e76476aaca4becc65d54b48fefdab;2026-09-28T19:47:05.797752+00:00;false
LOC-0149;LOC-0196;BICYCLE;2026-08-17T07:00:00+03:00;OK;1009;17;4672;LOCAL_VALHALLA_MATRIX;a93f2fad17d7be44c796a17677eaf653771470f7e2f9d5066a623b7f4f16b797;ba810899b7063cd9f73b6bd0b32b0a85735343c14ad0f763fdd9beb73dda4232;2026-09-28T19:47:05.797752+00:00;false
LOC-0150;LOC-0002;BICYCLE;2026-08-17T07:00:00+03:00;OK;1766;30;8364;LOCAL_VALHALLA_MATRIX;1e2bac2139c1c030696fb32aa61d76028b44c23218b68ed60912286c955eacd4;36b9f08936c80b38d68ac7782e00096f7904abc2ad49d9367b6fee37cff5ab85;2026-09-28T19:47:05.797752+00:00;false
LOC-0150;LOC-0008;BICYCLE;2026-08-17T07:00:00+03:00;OK;1388;24;6559;LOCAL_VALHALLA_MATRIX;97200996a1489ef861febf7b153ac7faf07908104766d91d34166a1b4761369e;e17e119082019e46b7f02e51f680842d68d9dd802495b98c22dcb1cccdbff89b;2026-09-28T19:47:05.797752+00:00;false
LOC-0150;LOC-0009;BICYCLE;2026-08-17T07:00:00+03:00;OK;2221;38;10521;LOCAL_VALHALLA_MATRIX;23852fd7c92c628ea8c653a2643580c1214b2d4c620b7a19025d11df6b775961;6c6eb9e1252ea1277cdaf5dc04168af3ccf2bcf8d18c154f3575de2f46958e0c;2026-09-28T19:47:05.797752+00:00;false
LOC-0150;LOC-0010;BICYCLE;2026-08-17T07:00:00+03:00;OK;1371;23;6469;LOCAL_VALHALLA_MATRIX;4e3260d235f9a03f6c314541b192394eda7065835c8391ece912c114973a5c13;a7f0a98c60d293f29d90671c1e3f4127e31ed801d78a9cdbe56c39e398f38f27;2026-09-28T19:47:05.797752+00:00;false
LOC-0150;LOC-0011;BICYCLE;2026-08-17T07:00:00+03:00;OK;1258;21;5918;LOCAL_VALHALLA_MATRIX;a97d475cbe8df63c2ccfe817366f9d1c08790536dbd6c368bf59b8874a8aadd9;68526b922e4e7805837f345439ee003b88d44d0c150b8327e3d3a4318e9c255e;2026-09-28T19:47:05.797752+00:00;false
LOC-0150;LOC-0012;BICYCLE;2026-08-17T07:00:00+03:00;OK;1088;19;5116;LOCAL_VALHALLA_MATRIX;24c1afc56b47bd8df7a71190d74ca80548cdca8c9f5c4ed95490424c83f802f8;801d2a28c35f6b4bd08168911cce6317cc5c22fc1f9d269a856dbd5d44dd95c8;2026-09-28T19:47:05.797752+00:00;false
LOC-0150;LOC-0013;BICYCLE;2026-08-17T07:00:00+03:00;OK;1871;32;8897;LOCAL_VALHALLA_MATRIX;97e129a3e4e3b3db56533ddeea619abc936695f365f90ba2c03708064e572991;011975bc8843b63e8aedb73ae9617ec0179e21e3123a08c0fb53a5cf62615f2a;2026-09-28T19:47:05.797752+00:00;false
LOC-0150;LOC-0016;BICYCLE;2026-08-17T07:00:00+03:00;OK;2275;38;10790;LOCAL_VALHALLA_MATRIX;ba55a85c38bb96e7c00fbc8a3385e526a85989d92ced75048687dcfe19db0d0c;d2241ecddf169accdd46bc68f850be6cab77b779d0654db744c3d39968ef06bf;2026-09-28T19:47:05.797752+00:00;false
LOC-0150;LOC-0017;BICYCLE;2026-08-17T07:00:00+03:00;OK;369;7;1753;LOCAL_VALHALLA_MATRIX;3ac658aecfa8731dc916f6adf5d22496b30de5f19b74615094e38200f69e4d27;c20e36fa934068a472024e89c469b4a00f237487f0c818ff52f49c85e407447a;2026-09-28T19:47:05.797752+00:00;false
LOC-0150;LOC-0018;BICYCLE;2026-08-17T07:00:00+03:00;OK;411;7;1966;LOCAL_VALHALLA_MATRIX;f0f08f00f6b5dc0571b71ccd15e404137399f461d5187d2c7f4e0a155effb1ed;fcaa887abd5540974d40794c0ebd4014d6b96ca2b86127838499cbd36b20e140;2026-09-28T19:47:05.797752+00:00;false
LOC-0150;LOC-0019;BICYCLE;2026-08-17T07:00:00+03:00;OK;1468;25;6954;LOCAL_VALHALLA_MATRIX;f5e8a2a4e1169ec5d3cd09b436688e9b974f12f4cf5955363e0ec7be93728015;6be80b77e7dbb76b7a397a3ffef658219e5e218fbbc2ea6cebe7d560da251f49;2026-09-28T19:47:05.797752+00:00;false
LOC-0150;LOC-0020;BICYCLE;2026-08-17T07:00:00+03:00;OK;1367;23;6476;LOCAL_VALHALLA_MATRIX;ee400028a784ba48562c4fb44dc09b8eeb8e25cd8a76c2b17d7d9c1098758af6;b0e4354e3cd945ab1f3d2c66e11a5f71cad46ca3c6c85ee88d834d8aacb52527;2026-09-28T19:47:05.797752+00:00;false
LOC-0150;LOC-0023;BICYCLE;2026-08-17T07:00:00+03:00;OK;785;14;3682;LOCAL_VALHALLA_MATRIX;8883b6255071c3cc582e39bda15e42be20275edd85205a4eea5dc383a41550ea;1c80fe0b23a0961514cfa77f9114c5ffb9554cf321095c9dc64d96e0dbd5010b;2026-09-28T19:47:05.797752+00:00;false
LOC-0150;LOC-0027;BICYCLE;2026-08-17T07:00:00+03:00;OK;299;5;1411;LOCAL_VALHALLA_MATRIX;4d492013291323b9f130a290a663b17714450aac558143b91f0fce7f0a8ccb35;61c73646b7a7a264fddac09514062d39cb0b1179d4827f89b1c161adfca38809;2026-09-28T19:47:05.797752+00:00;false
LOC-0150;LOC-0028;BICYCLE;2026-08-17T07:00:00+03:00;OK;1614;27;7603;LOCAL_VALHALLA_MATRIX;96fe147b5a0c44312665e7bb97f36aeeb35d0969b643bd4b1f03835a78f21a10;9b0dcd11ea42eabbd678d154f701916026198c886251270939960b21cc4f59bc;2026-09-28T19:47:05.797752+00:00;false
LOC-0150;LOC-0029;BICYCLE;2026-08-17T07:00:00+03:00;OK;1540;26;7226;LOCAL_VALHALLA_MATRIX;5bcf1181ca24ed207c1a87d669ab194896a2e504bab7d8a1979530fab12db4fa;238c063140a82c1ec8750b390f011ff2cd161fd3ed0532d64b580d90bb71ef13;2026-09-28T19:47:05.797752+00:00;false
LOC-0150;LOC-0037;BICYCLE;2026-08-17T07:00:00+03:00;OK;1482;25;7041;LOCAL_VALHALLA_MATRIX;cef2ba2c3a9524b73d4d3a3f6d764196c8eeeec08bfe1139b7f0e2ebb2f41082;954092c260091a36351d3295390ef2a8c0c5f33c6aaf00e6769f7de758aefcea;2026-09-28T19:47:05.797752+00:00;false
LOC-0150;LOC-0045;BICYCLE;2026-08-17T07:00:00+03:00;OK;802;14;3860;LOCAL_VALHALLA_MATRIX;95f33701f6f03760ad5063ad1664d5f550010f45a01054d5ff9b106d75461fac;49c1e06307991f09085a6f1b53174722579ea9750c509062b4ea8b3e163c1814;2026-09-28T19:47:05.797752+00:00;false
LOC-0150;LOC-0053;BICYCLE;2026-08-17T07:00:00+03:00;OK;2516;42;12074;LOCAL_VALHALLA_MATRIX;ff1dbcefef1f51a7d9e17ee5328a863d657225ed7746f542b3c32d4218be8d0e;5ccded70ceb1b2605900e76b1b0e01cab67b5389e9ca775584e0a933b9a68da0;2026-09-28T19:47:05.797752+00:00;false
LOC-0150;LOC-0054;BICYCLE;2026-08-17T07:00:00+03:00;OK;1389;24;6601;LOCAL_VALHALLA_MATRIX;d31838e2ed764c4e1fd5690b923760785e382012907199cb5d9fc493a746017e;867501eb6d02faee516a31ed3620b9d35fb57c5d8cb1839958f850ddc7ee779e;2026-09-28T19:47:05.797752+00:00;false
LOC-0150;LOC-0061;BICYCLE;2026-08-17T07:00:00+03:00;OK;1125;19;5122;LOCAL_VALHALLA_MATRIX;3be9bb277b09dc1c355129ae948a0526aeb147a4d9e9d4c6234fac8ce7e62ec3;bfc054682cc4295a65058991cf01e881e2c2af83be14f11fd3ea18262c2f0882;2026-09-28T19:47:05.797752+00:00;false
LOC-0150;LOC-0063;BICYCLE;2026-08-17T07:00:00+03:00;OK;1296;22;6128;LOCAL_VALHALLA_MATRIX;7332ac35990264bee1d17fdd8b37fe3957ac2b4de8de813e77fe9577d71eb220;f26732b7bfff74142f146d9f9cd2cffdaca0a82ba33ac2dcceef3202fd6fc994;2026-09-28T19:47:05.797752+00:00;false
LOC-0150;LOC-0064;BICYCLE;2026-08-17T07:00:00+03:00;OK;1137;19;5431;LOCAL_VALHALLA_MATRIX;d1b158a7e6f7333d862fd943ccc6a67dc821fd287fc4973de43203e676c04874;5690388b175f8e98675c5a14bfc602f013cd7981a4284cb412dd8a5682e3beed;2026-09-28T19:47:05.797752+00:00;false
LOC-0150;LOC-0074;BICYCLE;2026-08-17T07:00:00+03:00;OK;160;3;720;LOCAL_VALHALLA_MATRIX;524e3f78ca9266dbc8fcd7be0a4021267b0ff7391c35e054d0b4621a11b8ce60;7b48371c0decea1f8668515c7a8ae9b24b5870df83cf23c10d9dcc9ae66a4a55;2026-09-28T19:47:05.797752+00:00;false
LOC-0150;LOC-0075;BICYCLE;2026-08-17T07:00:00+03:00;OK;174;3;821;LOCAL_VALHALLA_MATRIX;f2853c7d42cd5c0be6cac2da0b2655bd3882551847cb1f3372ddbb8fe109cf1b;ffcd323b8a701b283e851b3bac9792012536507cb361e45fe52058a1940dc94d;2026-09-28T19:47:05.797752+00:00;false
LOC-0150;LOC-0076;BICYCLE;2026-08-17T07:00:00+03:00;OK;2110;36;9885;LOCAL_VALHALLA_MATRIX;9fa5890b9da2391d644142600fd563c1c79848c7c6310e3dab210e1df904de68;1ec6a45e2edaea003266e71a8c5936ee823657e9b5276ea557a6ac12af15559d;2026-09-28T19:47:05.797752+00:00;false
LOC-0150;LOC-0078;BICYCLE;2026-08-17T07:00:00+03:00;OK;918;16;4400;LOCAL_VALHALLA_MATRIX;0920c79a4b08702902e01a9e665aef7ebc026db6f5f023a7d870835c8a3cd446;092c841408ef73e698b15d380e0b310ecda220288ae8676be18fac93e46a4cca;2026-09-28T19:47:05.797752+00:00;false
LOC-0150;LOC-0080;BICYCLE;2026-08-17T07:00:00+03:00;OK;287;5;1352;LOCAL_VALHALLA_MATRIX;0ab813cfa2b2d97e4d8c1f7a6a79c1648ebe7c2d32e50d6780b678e8e38eac89;98dde4ed40f3df75f0ededf25bcbacd68732b84b6977493848b176f38bddd61c;2026-09-28T19:47:05.797752+00:00;false
LOC-0150;LOC-0082;BICYCLE;2026-08-17T07:00:00+03:00;OK;1138;19;5481;LOCAL_VALHALLA_MATRIX;a83faf1cc0da25896d7cc53ab6e0dc1095cac82d6dcf3ea11a39d877300bb771;850f7a42d94c07baffa5db14cb7dee99a5fac4353eb26d0043ffbc79a161269b;2026-09-28T19:47:05.797752+00:00;false
LOC-0150;LOC-0085;BICYCLE;2026-08-17T07:00:00+03:00;OK;1996;34;9477;LOCAL_VALHALLA_MATRIX;106e4a7fa72808d6e53187c43e9959b4abb1f2966052be6927633166bf079611;2e9560ab9a34b2e9191811667feb70bc2060e6cb2be748218904fcb3123852a0;2026-09-28T19:47:05.797752+00:00;false
LOC-0150;LOC-0086;BICYCLE;2026-08-17T07:00:00+03:00;OK;2042;35;9541;LOCAL_VALHALLA_MATRIX;d0ffb13addb5e57570d52a8eb2aae87a4591e21f7f844d15c302d2313437b6d5;f09a1191966fdc43cc9c34c3008cff9fbfab6a82898c2c86f9a9d38dbe312332;2026-09-28T19:47:05.797752+00:00;false
LOC-0150;LOC-0091;BICYCLE;2026-08-17T07:00:00+03:00;OK;1196;20;5609;LOCAL_VALHALLA_MATRIX;dfde5e7707be9225020bfcf4848f3bee709bb05c6eddb330b0bf1a5b2d1cc47e;ac7c6c0d59219967fef9a639d1ce9c44fc7f7966963d2d85ba240ab4aaa16e3c;2026-09-28T19:47:05.797752+00:00;false
LOC-0150;LOC-0092;BICYCLE;2026-08-17T07:00:00+03:00;OK;1060;18;5024;LOCAL_VALHALLA_MATRIX;355bef5c049a6fe8715e97cf9b0ee5ce6bd2b3685d1cef5baeb04ece332f683b;c1c7dfe9b28a13f5318a257f5bd2777d48a20b00c3260f5de3b492f599ede099;2026-09-28T19:47:05.797752+00:00;false
LOC-0150;LOC-0093;BICYCLE;2026-08-17T07:00:00+03:00;OK;1053;18;4834;LOCAL_VALHALLA_MATRIX;723bb87d069c5e5a55fafe19dac5dd7e57710a1d8a387522aeaaf0417e8192e1;3080762a1d91b02e3b60deedf2fd81e8af2c294ba34b93d266375e2cf3f7ca2d;2026-09-28T19:47:05.797752+00:00;false
LOC-0150;LOC-0094;BICYCLE;2026-08-17T07:00:00+03:00;OK;2155;36;10227;LOCAL_VALHALLA_MATRIX;6a9e50664ec6cc4f7d74b10467d191eeaed8fe8f2f4acf47e80faea5c720b479;de944b99c2c479582a1be25fa07b486c5020c70b20aaf1339f1f1a8076b2dee0;2026-09-28T19:47:05.797752+00:00;false
LOC-0150;LOC-0095;BICYCLE;2026-08-17T07:00:00+03:00;OK;2333;39;11045;LOCAL_VALHALLA_MATRIX;9779866fa5891f23fd68e34430c5e61a305d18202fa814bcfe5ffb87710cbfd2;9a7e80af5f2268ad006a2cb4d964153f035ac3f0fa309d3394a7b28b2a541e7a;2026-09-28T19:47:05.797752+00:00;false
LOC-0150;LOC-0102;BICYCLE;2026-08-17T07:00:00+03:00;OK;1298;22;6249;LOCAL_VALHALLA_MATRIX;a1ba86d65523c3df815e1b2ffe0610ad02722cfa6c643624228b0420c6fb5bda;997108035fa7c14af56e45ba0aed81083b63a6e33d37daf076bedf7f21ebbe51;2026-09-28T19:47:05.797752+00:00;false
LOC-0150;LOC-0112;BICYCLE;2026-08-17T07:00:00+03:00;OK;679;12;3198;LOCAL_VALHALLA_MATRIX;49f3b885c7c0d95371308d38137abc07557495c91e72b7aa797ad22deac5e53a;38cc99eb659c37f7dd1cd2c5db8b9e4f9d44d4a872c92946d3aae4c3c5e32c13;2026-09-28T19:47:05.797752+00:00;false
LOC-0150;LOC-0124;BICYCLE;2026-08-17T07:00:00+03:00;OK;2143;36;10231;LOCAL_VALHALLA_MATRIX;e101f0a7cc38bdf938553a4b906c2dd8e33bcd579133b8f85175272e8dc6fefd;4a1a31518078c16390d9eb9ee3413dd24faff22b0ffbd87d7b3820a8998e734a;2026-09-28T19:47:05.797752+00:00;false
LOC-0150;LOC-0125;BICYCLE;2026-08-17T07:00:00+03:00;OK;571;10;2659;LOCAL_VALHALLA_MATRIX;739c4f14315301a2af7241d4c326c3393c40c81b470ff3e83b1b302898ec55b0;8b9e10edb97293c4ef570a2a45bbc334e5c0d0f80d0b60c05a1d58a2e5233899;2026-09-28T19:47:05.797752+00:00;false
LOC-0150;LOC-0126;BICYCLE;2026-08-17T07:00:00+03:00;OK;521;9;2391;LOCAL_VALHALLA_MATRIX;fd75a934d8adf0fddbd5900cf884452a3f4792646d4433ff9420db892700ffa7;3b924060fb67b151819058a573e6006f49209ff6dfd2c51c1cfe5397afcf5b5f;2026-09-28T19:47:05.797752+00:00;false
LOC-0150;LOC-0128;BICYCLE;2026-08-17T07:00:00+03:00;OK;1558;26;7367;LOCAL_VALHALLA_MATRIX;cf3747f5b0a30c001096735d5350a3969b05180d8148fa2e766b0f70500e7089;d7f8167a9288c98855ce8f438dfcc223dbd27dd5ecf3defa0b41fbca3832b57a;2026-09-28T19:47:05.797752+00:00;false
LOC-0150;LOC-0134;BICYCLE;2026-08-17T07:00:00+03:00;OK;1792;30;8519;LOCAL_VALHALLA_MATRIX;1e55850889ea2b21dcf1c3ae826aa85f087dc0b94e83fa5a6ff8e67f376eeae6;71254c6e3c36cc2aedf659c7ace202d94faf07e4a945f6670b09f681629be635;2026-09-28T19:47:05.797752+00:00;false
LOC-0150;LOC-0135;BICYCLE;2026-08-17T07:00:00+03:00;OK;1790;30;8503;LOCAL_VALHALLA_MATRIX;15f6daa1da6d22c02396ed9ab331d14329d58ac3f1d57efe30e64acf287bac59;bd8332f5f0fc34b160e7ba22cdce58331998cb666d7d85fc1d679afd29631341;2026-09-28T19:47:05.797752+00:00;false
LOC-0150;LOC-0136;BICYCLE;2026-08-17T07:00:00+03:00;OK;1931;33;9149;LOCAL_VALHALLA_MATRIX;2d2d46c70e4621bc13b61a1741f0ea7f5beeecc27eebe85a451b2ceaed9f0d8d;0e8511fe9b9bccc86932f16534c320cf9b23c89f5cc4cad77d7e61c21d6ea1e1;2026-09-28T19:47:05.797752+00:00;false
LOC-0150;LOC-0140;BICYCLE;2026-08-17T07:00:00+03:00;OK;2247;38;10750;LOCAL_VALHALLA_MATRIX;1f640cdce1495dc1ed0691b12b61dfd0d25c4c565b42cd82b19cead81b2d92f7;982ae81696fe07d4fb4b90cb4207bd09be00a3f3229e951179dca0830661fc1b;2026-09-28T19:47:05.797752+00:00;false
LOC-0150;LOC-0141;BICYCLE;2026-08-17T07:00:00+03:00;OK;1717;29;8059;LOCAL_VALHALLA_MATRIX;5e99126a7623ee57a9de9abcedb0c656f959e2bb5d4389d3f1183e9a882b8702;9388f000903f4fc0013eac9b1ee4e03afe1cc7f42bd2c941b73a396446325db2;2026-09-28T19:47:05.797752+00:00;false
LOC-0150;LOC-0142;BICYCLE;2026-08-17T07:00:00+03:00;OK;1668;28;7834;LOCAL_VALHALLA_MATRIX;57d024f4acd3e51c40a6bcad519d9fd8c06383604d775a9e4438ad4a194c8b9e;e80c132cf282253628f63ef93646718a24cfcfed2beb52c5cd034346369c8780;2026-09-28T19:47:05.797752+00:00;false
LOC-0150;LOC-0145;BICYCLE;2026-08-17T07:00:00+03:00;OK;1075;18;5138;LOCAL_VALHALLA_MATRIX;b150c727b9a076c59c16b6efa9774cf4b61b1e76ac03052278e99a70e085ec65;25608b6af9ed9ad29f7a2d224b430ee10ed559e8c1c2351319bf6951ffaf7a5e;2026-09-28T19:47:05.797752+00:00;false
LOC-0150;LOC-0148;BICYCLE;2026-08-17T07:00:00+03:00;OK;134;3;646;LOCAL_VALHALLA_MATRIX;1cc360b6ef490f899e808bcb0c6352a53e31951f48c718f76218b9c0498310aa;b2f462fcc9c984b5ead16d9a534fa5f07f19738354e9d3253306d8160ebd79fb;2026-09-28T19:47:05.797752+00:00;false
LOC-0150;LOC-0149;BICYCLE;2026-08-17T07:00:00+03:00;OK;80;2;387;LOCAL_VALHALLA_MATRIX;1f842a08e83167296f3a0600162df72b0eff7bc1230eb12efa5f12fbd0979e37;b6f2266214b6e1dd660a57af01c14f631870ca2a9c40ef3cb1ebc7c3e73ec7dd;2026-09-28T19:47:05.797752+00:00;false
LOC-0150;LOC-0150;BICYCLE;2026-08-17T07:00:00+03:00;OK;0;0;0;LOCAL_VALHALLA_MATRIX;e3ab7013404da037328643c56c3d383b6832aefc2da02fe93a26c52440e40075;3d5812abc84c11768aa73a732c85d75dbed439188f5bb3239e9b762ea31d9862;2026-09-28T19:47:05.797752+00:00;false
LOC-0150;LOC-0151;BICYCLE;2026-08-17T07:00:00+03:00;OK;222;4;1051;LOCAL_VALHALLA_MATRIX;bbeea235f840c900e5601ed8fd64dbb582dddb1a738e890e14f928ae56532a91;36f5a3ed2efe0098c4748c84feeaac1de81908ad14d99f813da38b1b6af45307;2026-09-28T19:47:05.797752+00:00;false
LOC-0150;LOC-0152;BICYCLE;2026-08-17T07:00:00+03:00;OK;224;4;1043;LOCAL_VALHALLA_MATRIX;3f8698cce0d3e949652450aba9b22d87b9252e3e5dbfdddc17218bb07fa4b1fe;4a6daa26e128529f9b95f2adaba528a3bf5e5a4523ef1293f7a4d536589172ff;2026-09-28T19:47:05.797752+00:00;false
LOC-0150;LOC-0190;BICYCLE;2026-08-17T07:00:00+03:00;OK;977;17;4598;LOCAL_VALHALLA_MATRIX;973b986988366c398b82aeba9e10314327213d1317615a5789ed3ec9fcd5fe2d;f72b65de646301f4d2ea5e3123f0f6cef61b95123fba3926549d316e58401c91;2026-09-28T19:47:05.797752+00:00;false
LOC-0150;LOC-0196;BICYCLE;2026-08-17T07:00:00+03:00;OK;1075;18;5032;LOCAL_VALHALLA_MATRIX;0e70a3fd4518772af4029336c7d1d4d29ff1c132b7d59f214b3754ef94e2bdf6;0197c4dbab04bbd5d67b7637ad756db42a8e6bca23ae4fff3da1fbc4c27d7652;2026-09-28T19:47:05.797752+00:00;false
LOC-0151;LOC-0002;BICYCLE;2026-08-17T07:00:00+03:00;OK;2000;34;9494;LOCAL_VALHALLA_MATRIX;76e8fe55e8cf8834b2a9420a284b0371453cfe7d82c8cea8ae9a38beb2eb9f8e;22ae2e6c0918d0a2ae229fbacf8ece4c2c25c7cad42046237eaaf83ccb650394;2026-09-28T19:47:05.797752+00:00;false
LOC-0151;LOC-0008;BICYCLE;2026-08-17T07:00:00+03:00;OK;1622;28;7689;LOCAL_VALHALLA_MATRIX;295a0a90778b435295478e94dda61bfe8fcbfa54cc0200b5f192461e675cdf92;309240ab7b0a20e76d60db61f80685c6741070968b45aa7e9c19ddd440aaf09d;2026-09-28T19:47:05.797752+00:00;false
LOC-0151;LOC-0009;BICYCLE;2026-08-17T07:00:00+03:00;OK;2111;36;10010;LOCAL_VALHALLA_MATRIX;c9e1e1cf2f3a5e547fe1f5642d3b5220f345ffe34a5885ccb5c9c0133a77451e;b16eafc63c5eefa956870b5a4591638cdedb0af966315243ba332b6afe6f1825;2026-09-28T19:47:05.797752+00:00;false
LOC-0151;LOC-0010;BICYCLE;2026-08-17T07:00:00+03:00;OK;1616;27;7566;LOCAL_VALHALLA_MATRIX;cc04461c608c5a94bca09bbd37be075b0fa6aed4933e51e07cba98505549be44;4c73a5591bde5486f136347e1749da0c5703f1161c795a148e46144af1e2bfd2;2026-09-28T19:47:05.797752+00:00;false
LOC-0151;LOC-0011;BICYCLE;2026-08-17T07:00:00+03:00;OK;1492;25;7048;LOCAL_VALHALLA_MATRIX;7d5e276d7714da8a8e7e95b22bcdd908e99f49f62b003969ccd2c9e7d5838e14;d22a06150fb55bc661891da9b1c9150054ad5e73b173abd2492fa75e30da42be;2026-09-28T19:47:05.797752+00:00;false
LOC-0151;LOC-0012;BICYCLE;2026-08-17T07:00:00+03:00;OK;1322;23;6246;LOCAL_VALHALLA_MATRIX;ac8b0af6aa90aec9bcde70d49603a3b796e9c2b1b5cd9d35b55d9559bc37b4ef;589a586c0379d36eb8a2d7641c36bdf65e6c7ec00fa9b571b0a1e819d2a558c8;2026-09-28T19:47:05.797752+00:00;false
LOC-0151;LOC-0013;BICYCLE;2026-08-17T07:00:00+03:00;OK;2105;36;10027;LOCAL_VALHALLA_MATRIX;8affb978a1cb606084dc70d427df7222c97883958b2ec1fdd8a6966b64c65bca;5f9844ac892cfa2b62adb8b50c12eb774704af560e5c0f1b74e7ac10b6eeb2e6;2026-09-28T19:47:05.797752+00:00;false
LOC-0151;LOC-0016;BICYCLE;2026-08-17T07:00:00+03:00;OK;2466;42;11710;LOCAL_VALHALLA_MATRIX;06bb8a9060ee6b81e0ff9b6ece45be753eb1da4a61effe8e24b346a4c561cedb;3aa3dd69883ba107f49cb173b580446cf4dfec7b08885147c0c45ccffd140fe2;2026-09-28T19:47:05.797752+00:00;false
LOC-0151;LOC-0017;BICYCLE;2026-08-17T07:00:00+03:00;OK;193;4;881;LOCAL_VALHALLA_MATRIX;fdadac688de7478bef225907f867a9d7caf244d52fc30de1ef49aa00bb02b383;b013c2b630f19a247a65c3ee3ae1de30260cdc4fb4a8a2ea7d358b29e53e433a;2026-09-28T19:47:05.797752+00:00;false
LOC-0151;LOC-0018;BICYCLE;2026-08-17T07:00:00+03:00;OK;236;4;1094;LOCAL_VALHALLA_MATRIX;0488849a0e3fe753bf4e7e637b63002177fc5e730ed765f46973152b786b37d1;ae3939ad99313743607dc6d294dc507cab299a1f6652c2a3b56cca939f74dadc;2026-09-28T19:47:05.797752+00:00;false
LOC-0151;LOC-0019;BICYCLE;2026-08-17T07:00:00+03:00;OK;1702;29;8084;LOCAL_VALHALLA_MATRIX;753b1b298444d11b570bf11812c22a4c24e0f54eaf248aad4a76efe62b75af08;72c66c43c48b7cb031bf38d9ec1e1ec9a32b1654451af78ceb2f432f4795a0ab;2026-09-28T19:47:05.797752+00:00;false
LOC-0151;LOC-0020;BICYCLE;2026-08-17T07:00:00+03:00;OK;1612;27;7573;LOCAL_VALHALLA_MATRIX;fbb2243bad7438cc9370e9e9c0a207a923fe29204ff6a69b8386e959b5b59c36;3132b32bbb6c48085e80126f404b6c8a720e2a0d18ae544f7584308fc86fd97c;2026-09-28T19:47:05.797752+00:00;false
LOC-0151;LOC-0023;BICYCLE;2026-08-17T07:00:00+03:00;OK;595;10;2812;LOCAL_VALHALLA_MATRIX;77eedaad058ff1fd9f99899647a502f1056134d1dc4dd222e9fc8d5cef49e9a4;f7afbe4dfe09525bb015fc39e5b11366a6305371f93112868ee56c985767c8b5;2026-09-28T19:47:05.797752+00:00;false
LOC-0151;LOC-0027;BICYCLE;2026-08-17T07:00:00+03:00;OK;490;9;2331;LOCAL_VALHALLA_MATRIX;090eb13e364113a4ed3a92832d5478f8f483cd73a61f58cb4307a16a25f9a7d0;711041f99a1229bf57b8e5d6b1a1f93eee1d19ef7eceb551e54c79d8cee0abed;2026-09-28T19:47:05.797752+00:00;false
LOC-0151;LOC-0028;BICYCLE;2026-08-17T07:00:00+03:00;OK;1848;31;8733;LOCAL_VALHALLA_MATRIX;7fa64ea093717a69c87ffd43cfd306f1331f9684445bac0ada5c5cd9f410868b;1e429cbc78f6888738eb236dbd1b6b17c65f4c2eb92be86c2f1dd9275e6e869e;2026-09-28T19:47:05.797752+00:00;false
LOC-0151;LOC-0029;BICYCLE;2026-08-17T07:00:00+03:00;OK;1773;30;8356;LOCAL_VALHALLA_MATRIX;c8e4f61b833c00b3e51d495204f3dc83995376c85ec982a9bda791c5f5f9bcd8;8ab1e43160995825147880fd1ad096b56d8cfc9ac422f0f3bf1a936fa27401d1;2026-09-28T19:47:05.797752+00:00;false
LOC-0151;LOC-0037;BICYCLE;2026-08-17T07:00:00+03:00;OK;1716;29;8171;LOCAL_VALHALLA_MATRIX;c24cc0b98e4d51cd55401a55540d4ba1037fd9e87e6b9b091f68b788df155250;5d027c8af6e31051d0e11d8fc4da98ac0ae1e86edceae8bdd474326069883c1e;2026-09-28T19:47:05.797752+00:00;false
LOC-0151;LOC-0045;BICYCLE;2026-08-17T07:00:00+03:00;OK;891;15;4259;LOCAL_VALHALLA_MATRIX;f49aa97eaa3448fb7955d2054bfa5e6ec99fbaa40163102d2ec4db796ff3b7aa;22eae980a4e3ad83cfda9ebf566f5dc29edf511c274da15430de707a42522141;2026-09-28T19:47:05.797752+00:00;false
LOC-0151;LOC-0053;BICYCLE;2026-08-17T07:00:00+03:00;OK;2750;46;13204;LOCAL_VALHALLA_MATRIX;9e0b4640228f66d96a67d40370440281d42be44c78572900ecf65363a0c98f5b;a6d1dfa4902bab0e5ef085593960381b43edd52148920fc1a854a6709b11506b;2026-09-28T19:47:05.797752+00:00;false
LOC-0151;LOC-0054;BICYCLE;2026-08-17T07:00:00+03:00;OK;1623;28;7731;LOCAL_VALHALLA_MATRIX;81044c89ff8e32a52e0d7478b65861099ac036fefe37956b9725624c009e5a20;04114e92cb6178631199bf0c3cd8aeb3910494326658dfa2762ae59eeb283da7;2026-09-28T19:47:05.797752+00:00;false
LOC-0151;LOC-0061;BICYCLE;2026-08-17T07:00:00+03:00;OK;1359;23;6252;LOCAL_VALHALLA_MATRIX;7811ed9b7cc33390e3d1d18c73c61e03beaeb480464043a58c7a21548dfdde8b;99b039c8403029a862a78beafed76409c9ffc7cee86525bbdffd9294cb1d70dd;2026-09-28T19:47:05.797752+00:00;false
LOC-0151;LOC-0063;BICYCLE;2026-08-17T07:00:00+03:00;OK;1487;25;7048;LOCAL_VALHALLA_MATRIX;5ab3c5099dff5bd5433dfe9175f7b22cb62c2d9affe26f01a910ffbf0c3a8fbc;42dca9441e7b320605d727e3c5462143f9dc8c0c0452777deebcb32792a645b3;2026-09-28T19:47:05.797752+00:00;false
LOC-0151;LOC-0064;BICYCLE;2026-08-17T07:00:00+03:00;OK;1328;23;6351;LOCAL_VALHALLA_MATRIX;99d6b3a492e7f78be18715af960cebb82065805aed83628fefb206fdac0deb76;58d5f73617075fe49b5bc0c36aa28584f62df3e01d88704f2067eca8b9a8c075;2026-09-28T19:47:05.797752+00:00;false
LOC-0151;LOC-0074;BICYCLE;2026-08-17T07:00:00+03:00;OK;348;6;1580;LOCAL_VALHALLA_MATRIX;00882569b0a3d8232a178100f372f25822d85798b8034bd029c07827f4852901;906619de028086ebd4df62bcbf435b942dd61959b508c1387c561583b9126c57;2026-09-28T19:47:05.797752+00:00;false
LOC-0151;LOC-0075;BICYCLE;2026-08-17T07:00:00+03:00;OK;185;4;839;LOCAL_VALHALLA_MATRIX;5179de10d21b1b260c0393f9516fe4528c62ffcaab8b660d3524c4b82e62fdc2;2e1646530b735d84c2b46d33c45b0a51d9bbb250703b79142801353c9c718c15;2026-09-28T19:47:05.797752+00:00;false
LOC-0151;LOC-0076;BICYCLE;2026-08-17T07:00:00+03:00;OK;2301;39;10805;LOCAL_VALHALLA_MATRIX;ee2d1b9df92046feed7e56f79c58e84f69ed8d49f739247c4fae2d5e8c744f9a;996df7531a0f9760bd5d09eced7880513051d9a9bc2bd1aee3d9f086e6bac20c;2026-09-28T19:47:05.797752+00:00;false
LOC-0151;LOC-0078;BICYCLE;2026-08-17T07:00:00+03:00;OK;970;17;4615;LOCAL_VALHALLA_MATRIX;46db022b68b5668349b0eb2b4efba29c950bdac79bc8dce9e1a6c85612b8c3e7;6c0effa2b4f8e6bbfa1e0b12ffa4a6f29b3ac9671ecc0cc5db8d6cdc73cbf85a;2026-09-28T19:47:05.797752+00:00;false
LOC-0151;LOC-0080;BICYCLE;2026-08-17T07:00:00+03:00;OK;303;6;1387;LOCAL_VALHALLA_MATRIX;0356851fcd233edf3abf160ab4e4ca47d42891a6567a95bfdc6fbb798f166265;175049e2a1c18d1d79094b2a35016dacb0bbcafb94c394c6496165a750b8778f;2026-09-28T19:47:05.797752+00:00;false
LOC-0151;LOC-0082;BICYCLE;2026-08-17T07:00:00+03:00;OK;1329;23;6401;LOCAL_VALHALLA_MATRIX;4baf68fd6bff464a42b5e7f1955709832757325c7a555aa61ea30baac38cee56;f12159018f35e9bf5de9f40509c2ac8db9528abaf8aafda4cdf0cbd4dd50e970;2026-09-28T19:47:05.797752+00:00;false
LOC-0151;LOC-0085;BICYCLE;2026-08-17T07:00:00+03:00;OK;2229;38;10607;LOCAL_VALHALLA_MATRIX;57f116044d5dad1dc722f2d310ea87dab98c6e0669388bdf366e1e5fbb91b3e3;50e36860e651310431ee505aaba674549e9d25754afcad8219bdf9902542f0a3;2026-09-28T19:47:05.797752+00:00;false
LOC-0151;LOC-0086;BICYCLE;2026-08-17T07:00:00+03:00;OK;2275;38;10671;LOCAL_VALHALLA_MATRIX;e23c1dd28ea6b7eb08e1fa74ded00ebf4f0c082289f65f58285519937520adf5;fe3c26a213b126b5616dd50343989b2dd873430eef207d8cacea80a5c115f8ea;2026-09-28T19:47:05.797752+00:00;false
LOC-0151;LOC-0091;BICYCLE;2026-08-17T07:00:00+03:00;OK;1451;25;6861;LOCAL_VALHALLA_MATRIX;f1f42d181bd29dbd66a8376d03ee1d3487349df8c5090a56d3f7c926366e67fa;2897ac62832bd782eb2efb84427ed6f0b4d9d17dff571344a659d01109f81010;2026-09-28T19:47:05.797752+00:00;false
LOC-0151;LOC-0092;BICYCLE;2026-08-17T07:00:00+03:00;OK;1305;22;6121;LOCAL_VALHALLA_MATRIX;fe4992051e0877eed7b242c202075ca79dbb8af1aab542589b2680fd7453e590;2b340d18f439b60d9fc651f3062dd86d534cdd798d70edd9d83527e6b442fde7;2026-09-28T19:47:05.797752+00:00;false
LOC-0151;LOC-0093;BICYCLE;2026-08-17T07:00:00+03:00;OK;1298;22;5931;LOCAL_VALHALLA_MATRIX;35ca5104a6bf2874d888abd175a47433a51a0953ae81d42b92d7c17102b4d1fe;8b27711240f7f35fc9158d241eab158a18672e5a93f6f3922840ee886b294504;2026-09-28T19:47:05.797752+00:00;false
LOC-0151;LOC-0094;BICYCLE;2026-08-17T07:00:00+03:00;OK;2388;40;11357;LOCAL_VALHALLA_MATRIX;a23bef3182e52b3f3ac348a45d3569bce4dcb9f0fe8c2a4a23ecb447137571a0;88eafc50bbd7324d9d5d5cc8126814c0647c777c7d7fec864df2fd131b1c707f;2026-09-28T19:47:05.797752+00:00;false
LOC-0151;LOC-0095;BICYCLE;2026-08-17T07:00:00+03:00;OK;2567;43;12175;LOCAL_VALHALLA_MATRIX;4957aaa85726377c24bb6a4ccdf765a7af025f803f546b80188b0e788c57c3b8;e7bcaa0c9cbeb11d41b71a00ee607aa04cee07bd7479613dfad5df7997b2532b;2026-09-28T19:47:05.797752+00:00;false
LOC-0151;LOC-0102;BICYCLE;2026-08-17T07:00:00+03:00;OK;1416;24;6705;LOCAL_VALHALLA_MATRIX;8d43e8e84ba3538944d53d6998242832c8f65fdc528935b76cf3fcc543ca30cf;bbe24b51fe657f725761bce302e249e49b9dc55504d3608a8e088f1b88acb623;2026-09-28T19:47:05.797752+00:00;false
LOC-0151;LOC-0112;BICYCLE;2026-08-17T07:00:00+03:00;OK;897;15;4213;LOCAL_VALHALLA_MATRIX;8a18f2ecb85a7689e6abfc89b9bb8e686a649a4084de6e79f2e6fca7aab3c9ca;f90e112774a5aa771185fe5f848e3bd32a549ef001592977d4d1779b524768a0;2026-09-28T19:47:05.797752+00:00;false
LOC-0151;LOC-0124;BICYCLE;2026-08-17T07:00:00+03:00;OK;2028;34;9647;LOCAL_VALHALLA_MATRIX;adce64e0b6799dc364c9906ec58a21061247632dbfef9fa8b77365f60865c712;01ec0aebe18ccf72fb2126cf95020b2e4e9c2a078548919fd06e1fb686328796;2026-09-28T19:47:05.797752+00:00;false
LOC-0151;LOC-0125;BICYCLE;2026-08-17T07:00:00+03:00;OK;413;7;1937;LOCAL_VALHALLA_MATRIX;36573bcd83ee6ab6f11ae205750df1be2781210421621447404a022bbffdfe78;a8af5f87620374dbb5ea37791f8527a6785abd96d744affa6b6dc5c580020989;2026-09-28T19:47:05.797752+00:00;false
LOC-0151;LOC-0126;BICYCLE;2026-08-17T07:00:00+03:00;OK;755;13;3521;LOCAL_VALHALLA_MATRIX;51a383622ff8e750c1bcfeadb257f33323ff39d14ac826195d74f7e5fcd0142a;f0aa708f79f7147c6c75c39cc0c9ba76459eb523bede12471df28a0db07b85dc;2026-09-28T19:47:05.797752+00:00;false
LOC-0151;LOC-0128;BICYCLE;2026-08-17T07:00:00+03:00;OK;1791;30;8497;LOCAL_VALHALLA_MATRIX;34c4ff9c1429bbc21eae73753d5a7f4981eae99dd17d95469a40b3073df88b0d;ae3bd16e2453395d90f3513e26ce73397c09136112166f39401e40fa88a3f469;2026-09-28T19:47:05.797752+00:00;false
LOC-0151;LOC-0134;BICYCLE;2026-08-17T07:00:00+03:00;OK;2026;34;9649;LOCAL_VALHALLA_MATRIX;16b6767ce14f416c6dcaef37b894a95003ce85b25acf92e464981e651cba9e2b;fa639f21d279eb5c9a2f2bd39ed3d32199dd2d1b8bd11ecc6216c0f6155a1610;2026-09-28T19:47:05.797752+00:00;false
LOC-0151;LOC-0135;BICYCLE;2026-08-17T07:00:00+03:00;OK;2024;34;9633;LOCAL_VALHALLA_MATRIX;4dd98ff1be20eeff86787800b74d14257cda29c3b6f5862177af2fa8c7c07c69;cca711635f1be894a8701c0e651c8f3345cf22fb3ebfb28cbde502d0f6e5b0d4;2026-09-28T19:47:05.797752+00:00;false
LOC-0151;LOC-0136;BICYCLE;2026-08-17T07:00:00+03:00;OK;2164;37;10279;LOCAL_VALHALLA_MATRIX;e2f710439346349435ded5d42cce8476f757e25d4cb700ae273ac08ed5bbed84;d3381376600705770e9b5e062ae4fb4faaa7e8ba7c313a47a9c8148372121bef;2026-09-28T19:47:05.797752+00:00;false
LOC-0151;LOC-0140;BICYCLE;2026-08-17T07:00:00+03:00;OK;2481;42;11880;LOCAL_VALHALLA_MATRIX;332cec78438b40d23e102d6dcfb3be8823e34190f7c7fa69b5972e55c71ebdec;ecfafb799cae46c7cc529276584638f90488c7098598936beb2a03065509d7a8;2026-09-28T19:47:05.797752+00:00;false
LOC-0151;LOC-0141;BICYCLE;2026-08-17T07:00:00+03:00;OK;1602;27;7475;LOCAL_VALHALLA_MATRIX;2d8b4b931f5eecffdc2e3f037be18a642fb4f0f32d1a3ecd3c0b432e9e8687a4;9cbc58ee7b63241e45548a2be146afcf46e3fa76893ef22d20eb3f851d9a9ae3;2026-09-28T19:47:05.797752+00:00;false
LOC-0151;LOC-0142;BICYCLE;2026-08-17T07:00:00+03:00;OK;1553;26;7250;LOCAL_VALHALLA_MATRIX;23f972d8f2b38609e78b0a0df3ddf5d447527cfa3ee14ef4b2248553e0933674;3057a41b130d5e9db2e2ee1b460aa477f42215c8e177edced1cf945b150501ae;2026-09-28T19:47:05.797752+00:00;false
LOC-0151;LOC-0145;BICYCLE;2026-08-17T07:00:00+03:00;OK;1315;22;6151;LOCAL_VALHALLA_MATRIX;9ddae04fc03a622681d6072f96ffdddb9f40e8673b1c45bb7d38b9f593f9c622;68cb76d9cf93981007ae6586007987a43f2e722dedaa4eb44f16ad1893ad1d04;2026-09-28T19:47:05.797752+00:00;false
LOC-0151;LOC-0148;BICYCLE;2026-08-17T07:00:00+03:00;OK;136;3;626;LOCAL_VALHALLA_MATRIX;e7107a2e6299b4292c90b64b2d28663b1351bf9f9c1c7810b5b6f6290c939907;aee22a2e03e8fe840fc1b128d9bf84d591e2aad499e889a69b52360c31f415fb;2026-09-28T19:47:05.797752+00:00;false
LOC-0151;LOC-0149;BICYCLE;2026-08-17T07:00:00+03:00;OK;200;4;935;LOCAL_VALHALLA_MATRIX;353714112f60f452f2ec6196a79858e616c87085e05ce4f4f2fa1db38c1bb89f;6fcd87dfa27e1bed71dfdf916014467017867b1b1d7dea5ce43af77fe87ba0b9;2026-09-28T19:47:05.797752+00:00;false
LOC-0151;LOC-0150;BICYCLE;2026-08-17T07:00:00+03:00;OK;239;4;1126;LOCAL_VALHALLA_MATRIX;b2e1d832bb77946cc3d3ec55f86944f1c59d75c19c0514b3ec9265e4cf89634a;94c5a71df0c1c77af4497f1be1fbf50cd870ee2d2083ce2403b2aa7df03905d8;2026-09-28T19:47:05.797752+00:00;false
LOC-0151;LOC-0151;BICYCLE;2026-08-17T07:00:00+03:00;OK;0;0;0;LOCAL_VALHALLA_MATRIX;cc14dcaf7aa21fa7bc856f817dcf084a4f853fdf78373f9e023bb958c37fd220;3d5812abc84c11768aa73a732c85d75dbed439188f5bb3239e9b762ea31d9862;2026-09-28T19:47:05.797752+00:00;false
LOC-0151;LOC-0152;BICYCLE;2026-08-17T07:00:00+03:00;OK;19;1;92;LOCAL_VALHALLA_MATRIX;96d324b35e3b5e7f440282ac23f901b90f4469007e7a305c50230909c3e32b59;1d8e88557e28bbb42dbee7d9e54574148e4b86a28fe6a37485be0cd0c5e9482a;2026-09-28T19:47:05.797752+00:00;false
LOC-0151;LOC-0190;BICYCLE;2026-08-17T07:00:00+03:00;OK;1211;21;5728;LOCAL_VALHALLA_MATRIX;5cf53ee93eaca8a4ca4d4de58644d719e45afa02fe3d86b6ddf136c125f62ac0;9bab05d33c45ca0bbfed1e4dec3659809372b4c9b5530606be34fd42ec4398f0;2026-09-28T19:47:05.797752+00:00;false
LOC-0151;LOC-0196;BICYCLE;2026-08-17T07:00:00+03:00;OK;910;16;4211;LOCAL_VALHALLA_MATRIX;c506572354579fae5f7ea66fb80eb5c90b6f13789df6631a92adf90d4535bf52;0d877b5b1035f94b77afc6fe85c434d7d6af1ae096e27694dd97153d04168045;2026-09-28T19:47:05.797752+00:00;false
LOC-0152;LOC-0002;BICYCLE;2026-08-17T07:00:00+03:00;OK;1984;34;9411;LOCAL_VALHALLA_MATRIX;bcd06618b77dbd6ba253cb33a9ae4957110569c7ee4ef8c175db2bf6500ae683;c4057831cded88bbc362b1a6f4e607a2b8cdb6b745021ff113805d40aac2a38d;2026-09-28T19:47:05.797752+00:00;false
LOC-0152;LOC-0008;BICYCLE;2026-08-17T07:00:00+03:00;OK;1607;27;7606;LOCAL_VALHALLA_MATRIX;54a874f255c680dbc6b2fd277b4f9c0611f86067ae76b1154ba7c6ebceaa558e;142861dd62ee9ef8fa4a36ca76be048b8ec83eaf279ba292b9fa6406f8efcce8;2026-09-28T19:47:05.797752+00:00;false
LOC-0152;LOC-0009;BICYCLE;2026-08-17T07:00:00+03:00;OK;2131;36;10102;LOCAL_VALHALLA_MATRIX;f0e049dac29c5b4eabde298c24e907934bbed49199ecb2b4bef6844b7b6c0bce;b862433b30b2714c3c4e1ca01e2f1d02f32d3e1474ae13c70b63fa8f0499303c;2026-09-28T19:47:05.797752+00:00;false
LOC-0152;LOC-0010;BICYCLE;2026-08-17T07:00:00+03:00;OK;1600;27;7483;LOCAL_VALHALLA_MATRIX;ad8a64a4ac679716a763abc4af18f962db05182122cb163f0c77f34eec174797;93a4ea29230a11d41c7891c8b59e9a45a3ad1b93fd8edc89ab73981bc5c1972b;2026-09-28T19:47:05.797752+00:00;false
LOC-0152;LOC-0011;BICYCLE;2026-08-17T07:00:00+03:00;OK;1476;25;6965;LOCAL_VALHALLA_MATRIX;ff8ad387b07d166713b51052581ab1f584e85173f0ff987dc49eec3d69044210;091f2fa74c58d3fb2686c3acddec42870ea49c59f1e16fa1a3771fc05a0da6c7;2026-09-28T19:47:05.797752+00:00;false
LOC-0152;LOC-0012;BICYCLE;2026-08-17T07:00:00+03:00;OK;1306;22;6163;LOCAL_VALHALLA_MATRIX;05133fa83e5897842137aa919b1c64b3dfcf6aeec4bf5401775f251430436395;a662bc7397386ef7ef7e841b690a5e023b65bc88409d9f879c4c072acc0fa379;2026-09-28T19:47:05.797752+00:00;false
LOC-0152;LOC-0013;BICYCLE;2026-08-17T07:00:00+03:00;OK;2089;35;9944;LOCAL_VALHALLA_MATRIX;12a689560b67c7c35779ae18e255ead41c76913b427819c0501288c0bae60920;6696c9290a12c3909e54e7182218dc3125ac83dccb1c2805148ffb43eae3a1df;2026-09-28T19:47:05.797752+00:00;false
LOC-0152;LOC-0016;BICYCLE;2026-08-17T07:00:00+03:00;OK;2450;41;11627;LOCAL_VALHALLA_MATRIX;5bb5e2c2cf4fb377ef8ad43464d3910ab3b3ad2b9259006ced9cdbf876ff0f84;e2c1ab112d23392663c61a36f93c843ef1d2ca9e920f0cd9f9e7e7b25a721789;2026-09-28T19:47:05.797752+00:00;false
LOC-0152;LOC-0017;BICYCLE;2026-08-17T07:00:00+03:00;OK;213;4;973;LOCAL_VALHALLA_MATRIX;473b461fa62a2ac5e8e48b3732adbcd807743d1b7c422e68c145de1f2527795b;d786d5e7ca627514eb440a510dfe72a8e6fdb6f2c183b9efb357d9e26dd22fe2;2026-09-28T19:47:05.797752+00:00;false
LOC-0152;LOC-0018;BICYCLE;2026-08-17T07:00:00+03:00;OK;256;5;1186;LOCAL_VALHALLA_MATRIX;27ef9388791f2220fae623668e2e236f596080b22e969a817e8eb2166e61f119;c2bad58a3143bcb3ef183ede8310ecdf3ff0f13b7a7385c39816aee1fd8d13ab;2026-09-28T19:47:05.797752+00:00;false
LOC-0152;LOC-0019;BICYCLE;2026-08-17T07:00:00+03:00;OK;1686;29;8001;LOCAL_VALHALLA_MATRIX;43b29e8bd312eaa204e72cf52f011243d942ba791d958da6478edc0432ecf448;9058d7be42a83944154c1140dfa1c56cde9d9dd62af3f11a2753e9a84920fb6d;2026-09-28T19:47:05.797752+00:00;false
LOC-0152;LOC-0020;BICYCLE;2026-08-17T07:00:00+03:00;OK;1596;27;7490;LOCAL_VALHALLA_MATRIX;9c652d7d6e2741bf28ac8a738feeaa838d9e1f81c37700b3c20895839c1937a7;d321dce7d855c850f51b7ece1880274cdac9fbaa3e8cd4756327dbbad5124bfe;2026-09-28T19:47:05.797752+00:00;false
LOC-0152;LOC-0023;BICYCLE;2026-08-17T07:00:00+03:00;OK;651;11;2997;LOCAL_VALHALLA_MATRIX;8339bfcd501a0c4de947eb55f716132d4f4e2bf52888c7129dae4e5a2b76c55c;3946ef459b2a28da0c76afbcda6078cf2e0166f24fecb3d1b0b53988a2d74d9d;2026-09-28T19:47:05.797752+00:00;false
LOC-0152;LOC-0027;BICYCLE;2026-08-17T07:00:00+03:00;OK;474;8;2248;LOCAL_VALHALLA_MATRIX;298329520bcb9a6f709ff0cd56acd7d3e7a455a622947d54adc3a75614bea088;20710da2a70b27efc7387d757ccb446b80ecdc3af78119ca75054c27441a8a2b;2026-09-28T19:47:05.797752+00:00;false
LOC-0152;LOC-0028;BICYCLE;2026-08-17T07:00:00+03:00;OK;1832;31;8650;LOCAL_VALHALLA_MATRIX;6baaac14bb04f5d6cb6fc39cfa75cd98e80ba9a64125cebb99c3654912b63c59;c01599ac347cdc47edd519ab80c3469d993458a70030c4f1072bdaa053bb498d;2026-09-28T19:47:05.797752+00:00;false
LOC-0152;LOC-0029;BICYCLE;2026-08-17T07:00:00+03:00;OK;1758;30;8273;LOCAL_VALHALLA_MATRIX;852448507260f017d0a7c9c1f54d01a1f1f985ad5919387c267b62f88255b0ed;7de499ded958557b4b8e5f195b9de2d280cf71781a7b75c8bb1374732e8ee0f5;2026-09-28T19:47:05.797752+00:00;false
LOC-0152;LOC-0037;BICYCLE;2026-08-17T07:00:00+03:00;OK;1700;29;8088;LOCAL_VALHALLA_MATRIX;bd22040dd94221c770c0ce870253d78c7eaf3e476f01bf99b6d14a4726d95760;8f8bac0c0284398b116be5e9a1463d4e860fb5c16037e5ede3436aefae3a8fc1;2026-09-28T19:47:05.797752+00:00;false
LOC-0152;LOC-0045;BICYCLE;2026-08-17T07:00:00+03:00;OK;977;17;4697;LOCAL_VALHALLA_MATRIX;5b33aca76e9a9bec16ba1d538b217b4ab4f2d73fb110ea62330f87b86f10eb20;3fee95a3c178e41f4424618f83428399de15c3e1dad3d10434fa2a5ddb8d8c29;2026-09-28T19:47:05.797752+00:00;false
LOC-0152;LOC-0053;BICYCLE;2026-08-17T07:00:00+03:00;OK;2735;46;13121;LOCAL_VALHALLA_MATRIX;8d81927785369665fca706fad969254fc3614934daca47d14c588b9afd379fd2;60d04c9ccd0d0ca861550133d1feca7ed881881b9a2685913b62ef38856125d1;2026-09-28T19:47:05.797752+00:00;false
LOC-0152;LOC-0054;BICYCLE;2026-08-17T07:00:00+03:00;OK;1607;27;7648;LOCAL_VALHALLA_MATRIX;b33b8c382cab8bf2040f109ba0fa6ee725c4a9e7ac6342b61362d5b928dbb973;14748c17b48dd87ddd6d28c80aeb38dc5470961774cbc5ed6ad21126f1fef9f8;2026-09-28T19:47:05.797752+00:00;false
LOC-0152;LOC-0061;BICYCLE;2026-08-17T07:00:00+03:00;OK;1343;23;6169;LOCAL_VALHALLA_MATRIX;b319ef06ada7c211882e866fea0fca71b8aea407691cfeffc07e8f31726f47e2;8f886d63c7ab4cea86d933194911fa24ea86278d3451d5885e63932d44b19fd0;2026-09-28T19:47:05.797752+00:00;false
LOC-0152;LOC-0063;BICYCLE;2026-08-17T07:00:00+03:00;OK;1471;25;6965;LOCAL_VALHALLA_MATRIX;18edb32049e2e33b2eeaea83365a96c7c5eea94f5c0aeaf1eef1e28e9d07d7e1;9bd7c72dca1f081f9d363d84aadd2de1d262729eac1cabccb6e536866f63900f;2026-09-28T19:47:05.797752+00:00;false
LOC-0152;LOC-0064;BICYCLE;2026-08-17T07:00:00+03:00;OK;1312;22;6268;LOCAL_VALHALLA_MATRIX;07151529879c80e9bb629846db550719de8a005de04b33e8757b554464141a7f;e61c7b68742bcb8e84e7e6a78aef54e6ab2512e0fa78cd3616fd322e93125442;2026-09-28T19:47:05.797752+00:00;false
LOC-0152;LOC-0074;BICYCLE;2026-08-17T07:00:00+03:00;OK;332;6;1497;LOCAL_VALHALLA_MATRIX;4c0758f9106f9cdbd64a0d4b14422ce80b1527d518fbc16c13251f68fd913cc1;280711e56237589714453ce05a3507c8150f25dfb7529b8a706023aab78426de;2026-09-28T19:47:05.797752+00:00;false
LOC-0152;LOC-0075;BICYCLE;2026-08-17T07:00:00+03:00;OK;170;3;756;LOCAL_VALHALLA_MATRIX;0aa6102efe5682be85041f35574acc97aa2e3abf0367d23865af69a87cafa505;c5f95d57ab2d9a765f9d5fa72413e6e2470b144cff77ba3b408f90ee70708056;2026-09-28T19:47:05.797752+00:00;false
LOC-0152;LOC-0076;BICYCLE;2026-08-17T07:00:00+03:00;OK;2285;39;10722;LOCAL_VALHALLA_MATRIX;2d0a39736b7c70783e6c27cc60ff01286c0f1dbe796d7980505c34ad929367fd;8b44b8966c45c5cc40b3d9912ac43663ec62f25ae1460f18cb7c7945e6b8efdb;2026-09-28T19:47:05.797752+00:00;false
LOC-0152;LOC-0078;BICYCLE;2026-08-17T07:00:00+03:00;OK;990;17;4707;LOCAL_VALHALLA_MATRIX;32c950e96707d13317aae1f55ce6abe5ffea142e22278df1ad722e375002958b;1111ef2ca878cf6b90884e197ef0fd0b3fb4a19689db215fd67e7c74367a9d25;2026-09-28T19:47:05.797752+00:00;false
LOC-0152;LOC-0080;BICYCLE;2026-08-17T07:00:00+03:00;OK;287;5;1304;LOCAL_VALHALLA_MATRIX;d53f1e24c99c13ce47ffb8229c95fa5c8140c32cf3976d39fd9bad06fc4f534e;4f22b446206c0549445864388d419a06289dac41404d2e8b96c9e58ab4cbc5da;2026-09-28T19:47:05.797752+00:00;false
LOC-0152;LOC-0082;BICYCLE;2026-08-17T07:00:00+03:00;OK;1313;22;6318;LOCAL_VALHALLA_MATRIX;07187d7a6fb569e1f523accc798170cc3fe4738d08996ba98ebf9c76aee77058;5d7ef08359ea8dd2f25b736fe841db96a3c05cc90b67b92cea57827c60b53557;2026-09-28T19:47:05.797752+00:00;false
LOC-0152;LOC-0085;BICYCLE;2026-08-17T07:00:00+03:00;OK;2214;37;10524;LOCAL_VALHALLA_MATRIX;7da5bf43114410e5b0543e1007df696d73ddf87526f88be1e66f7f45ec2bb1e5;aad7383c1397a457d95343e90f3473d8474abd4418bf030a6359257788374e10;2026-09-28T19:47:05.797752+00:00;false
LOC-0152;LOC-0086;BICYCLE;2026-08-17T07:00:00+03:00;OK;2260;38;10588;LOCAL_VALHALLA_MATRIX;5e9c7cbb2fd3f02f36f9e0bba527223259b34d6cf4c89a0f4c2edd6cbce3db7b;60043ef95b687ab10815decb4833f9f36c7e38754054763b259ee35eebd4495f;2026-09-28T19:47:05.797752+00:00;false
LOC-0152;LOC-0091;BICYCLE;2026-08-17T07:00:00+03:00;OK;1436;24;6778;LOCAL_VALHALLA_MATRIX;1e21929b7b0b0cc87df64ebe8732380621617195f7570b3fd880a4e1776a3c7e;08cda534141d8bc821ae5f5df0b9296f993688d47a259ab5f88f8499514ae047;2026-09-28T19:47:05.797752+00:00;false
LOC-0152;LOC-0092;BICYCLE;2026-08-17T07:00:00+03:00;OK;1289;22;6038;LOCAL_VALHALLA_MATRIX;40337d1a5a02e2e156ef8e5e415546e298ec12ad6d061529f5f4d6a460d9a252;fb33d59de0a1d5d671a634b71e303d3b51ed61549b6e2516363710a946bcda26;2026-09-28T19:47:05.797752+00:00;false
LOC-0152;LOC-0093;BICYCLE;2026-08-17T07:00:00+03:00;OK;1282;22;5848;LOCAL_VALHALLA_MATRIX;5cdadb5af9747f46b81074f955fa72824985b406cf52721fd808c8a2cdb59154;e7251c2b77ec55adb59cc4842473f4886228d3ed03470adf795d9a4b6c647bf8;2026-09-28T19:47:05.797752+00:00;false
LOC-0152;LOC-0094;BICYCLE;2026-08-17T07:00:00+03:00;OK;2373;40;11274;LOCAL_VALHALLA_MATRIX;19d239dc5b42d6270c08c1026e9c7e66e6a3666ae90ee342222a1ce357f68029;c47b0e42c4e312b7d93ee471a9338b94a0d70cc6a9d26fd715dc699790051857;2026-09-28T19:47:05.797752+00:00;false
LOC-0152;LOC-0095;BICYCLE;2026-08-17T07:00:00+03:00;OK;2552;43;12092;LOCAL_VALHALLA_MATRIX;aaa8b5000da789b2703613462b5fe91f43ab556656057f7584cff1f44873d5e5;6ce53e0a1aba58a97e862fcc805daa7b7b2e36c95dd158d79c9d281abb952b14;2026-09-28T19:47:05.797752+00:00;false
LOC-0152;LOC-0102;BICYCLE;2026-08-17T07:00:00+03:00;OK;1436;24;6797;LOCAL_VALHALLA_MATRIX;6d9e86ffb6531f6bb5733dc821f874508dac313c1cb4730f2b29cdf666ef7eaa;2775b4fb601703af64cde9d2e49bd9b2ab28b5ce39f9ae93683312e0143120c6;2026-09-28T19:47:05.797752+00:00;false
LOC-0152;LOC-0112;BICYCLE;2026-08-17T07:00:00+03:00;OK;881;15;4130;LOCAL_VALHALLA_MATRIX;103446162097e70cab41cda7915cd51c7011e3beef6a3cb849dbee3cb950857a;23af75ea52fe91504c071433dc1fc060c2b133d3c0b64bd5633383c464202481;2026-09-28T19:47:05.797752+00:00;false
LOC-0152;LOC-0124;BICYCLE;2026-08-17T07:00:00+03:00;OK;2012;34;9564;LOCAL_VALHALLA_MATRIX;9f5aca5e454f30f00f6becbf4c3dada8377d589f4cca860f652c19b72dc9519a;da05d2a0ac66b6f9bc455f4b10bca1602392b70e6da7202bc68c33541eefd012;2026-09-28T19:47:05.797752+00:00;false
LOC-0152;LOC-0125;BICYCLE;2026-08-17T07:00:00+03:00;OK;431;8;1988;LOCAL_VALHALLA_MATRIX;e4cf59ed1af927cccc22c6d4f541765ceb71874fa6d8af0f47b7989036a46cf9;51b4d1035f5d39a51917fefab19674f13999fcd14b02f06075d2cc504aa745c4;2026-09-28T19:47:05.797752+00:00;false
LOC-0152;LOC-0126;BICYCLE;2026-08-17T07:00:00+03:00;OK;739;13;3438;LOCAL_VALHALLA_MATRIX;c7995872848aeb52777564a7674e0a0f0176597fe20345b3bf810d7938ec8602;55083b4b94ee8c303c28ca5df7785f4a59ce982f247717f3510c03f94f1ecb73;2026-09-28T19:47:05.797752+00:00;false
LOC-0152;LOC-0128;BICYCLE;2026-08-17T07:00:00+03:00;OK;1776;30;8414;LOCAL_VALHALLA_MATRIX;525f401d823bc679b69db4bf0b6c4b1824dfcd76401a423e97d1edb8dde808f6;fe5a01aeade44497d50f6eedff0ea10c78540443b238ac89a4e7c0d95c5f6439;2026-09-28T19:47:05.797752+00:00;false
LOC-0152;LOC-0134;BICYCLE;2026-08-17T07:00:00+03:00;OK;2010;34;9566;LOCAL_VALHALLA_MATRIX;53a02987646a2662a08468f3c01a4380bd42343603a0b29da59225a8815d22ab;7e3948908d126c2a03d76486f2a71c246872a770e4602ee1b864736be9d6e28a;2026-09-28T19:47:05.797752+00:00;false
LOC-0152;LOC-0135;BICYCLE;2026-08-17T07:00:00+03:00;OK;2008;34;9550;LOCAL_VALHALLA_MATRIX;f4ff7170c5099a62b32d95a07bc1d1fd1de43a7a49540902e97cc7a89941c6bf;a5ad691991e9727e10c6d2c22233dd17a4ae73ec4ecb2ae2e5dd5bfded3b9d0d;2026-09-28T19:47:05.797752+00:00;false
LOC-0152;LOC-0136;BICYCLE;2026-08-17T07:00:00+03:00;OK;2149;36;10196;LOCAL_VALHALLA_MATRIX;e874eb3c6f712f9c7cdb6acc4a4eaf311998e188008b88352405306637e90d2b;f443a0b3d8affff351d822ab9b9bedf36a40d745c146c638fcf742ac5b6f3e47;2026-09-28T19:47:05.797752+00:00;false
LOC-0152;LOC-0140;BICYCLE;2026-08-17T07:00:00+03:00;OK;2465;42;11797;LOCAL_VALHALLA_MATRIX;882ff5777d02dfb5cef25be98e99df5a1aedd0b9528b50881b57948d89a22cd4;abb0c561bed095e7c0b65393c5a403f4e01183b2a2bbd0fd87419e7215a907d8;2026-09-28T19:47:05.797752+00:00;false
LOC-0152;LOC-0141;BICYCLE;2026-08-17T07:00:00+03:00;OK;1586;27;7392;LOCAL_VALHALLA_MATRIX;f1486b0aea69ad57000a5aaca7780f11ea18edd7c063d0636299af29fe874c8a;f593a7bfb80a1ec9c0469f60ab102cbad221d4305a4de0b67bf877206fd7df83;2026-09-28T19:47:05.797752+00:00;false
LOC-0152;LOC-0142;BICYCLE;2026-08-17T07:00:00+03:00;OK;1537;26;7167;LOCAL_VALHALLA_MATRIX;524a30b1c48db19dfbef533876a1cecef3fe2f915f6e1fd51779c73bd9297db8;4d8c750b6fcbdcd689307b4e37bdea1e9317e3a36aa19f28bac626157a0f4603;2026-09-28T19:47:05.797752+00:00;false
LOC-0152;LOC-0145;BICYCLE;2026-08-17T07:00:00+03:00;OK;1299;22;6068;LOCAL_VALHALLA_MATRIX;8736258c8e160ca3b37c4c494fa3f6daf08fd92c7be8d1f04eb860e14dd565af;f462c08530dd3309e00a8fef87dfe5625ed383cfc3aa79eae9c1a4b12897ae08;2026-09-28T19:47:05.797752+00:00;false
LOC-0152;LOC-0148;BICYCLE;2026-08-17T07:00:00+03:00;OK;121;3;543;LOCAL_VALHALLA_MATRIX;2d4cc39b51ab063bb48f2b2f82a041f656ed0f8ad39400b4c0f2c4f7dc9f85f8;6106b787527db76d4c168d02df81da6fb3cea7fff538957e2d92e6c0f905fe37;2026-09-28T19:47:05.797752+00:00;false
LOC-0152;LOC-0149;BICYCLE;2026-08-17T07:00:00+03:00;OK;184;4;852;LOCAL_VALHALLA_MATRIX;b34cc8522f5fe0125be14f770357114e39db7d69eb2d041190548490ca698363;72be54f4377fdbbd5d1a953bca24769cbed91153be37e0924dc835b69d821d9d;2026-09-28T19:47:05.797752+00:00;false
LOC-0152;LOC-0150;BICYCLE;2026-08-17T07:00:00+03:00;OK;224;4;1043;LOCAL_VALHALLA_MATRIX;58f561cbe111d5dffd074786a2a1b09f6f1d48b080911b0ff6988c9bc622e66b;4a6daa26e128529f9b95f2adaba528a3bf5e5a4523ef1293f7a4d536589172ff;2026-09-28T19:47:05.797752+00:00;false
LOC-0152;LOC-0151;BICYCLE;2026-08-17T07:00:00+03:00;OK;19;1;92;LOCAL_VALHALLA_MATRIX;abe02d9f759c99adb35190e7feb4bf3b8cfab1bb25918ff7dba9beb97956861d;1d8e88557e28bbb42dbee7d9e54574148e4b86a28fe6a37485be0cd0c5e9482a;2026-09-28T19:47:05.797752+00:00;false
LOC-0152;LOC-0152;BICYCLE;2026-08-17T07:00:00+03:00;OK;0;0;0;LOCAL_VALHALLA_MATRIX;2bfe6c7af5c7b860d1609df59b9f4273e0091f5206270382085b8945d7042a15;3d5812abc84c11768aa73a732c85d75dbed439188f5bb3239e9b762ea31d9862;2026-09-28T19:47:05.797752+00:00;false
LOC-0152;LOC-0190;BICYCLE;2026-08-17T07:00:00+03:00;OK;1196;20;5645;LOCAL_VALHALLA_MATRIX;35734c2c1589856741310e0128881bab9e4199a0c5aef1fdcf0e3c1486d1d22c;b19563819acfd6c369a8dda5d01ed91008ad145bcf2df399e0eeb213389bdf66;2026-09-28T19:47:05.797752+00:00;false
LOC-0152;LOC-0196;BICYCLE;2026-08-17T07:00:00+03:00;OK;894;15;4128;LOCAL_VALHALLA_MATRIX;824f1e1e5b96b273869f776f88b1e25748032b0b7ab659d09c42b6693dc8a4ab;d7b3ccdc042017a850b4143d571556627f2dc99623f1e8cd81f16d991bab84f3;2026-09-28T19:47:05.797752+00:00;false
LOC-0190;LOC-0002;BICYCLE;2026-08-17T07:00:00+03:00;OK;1185;20;5651;LOCAL_VALHALLA_MATRIX;3c8bb953e67d4b0a27cef23eebb5eade591e9eb828228352aa007a55d36296c7;52aa9125fd0247bf58d8ece9a0e4be5096de84e4dd56ac5cf9d6f4d9d6b438f4;2026-09-28T19:47:05.797752+00:00;false
LOC-0190;LOC-0008;BICYCLE;2026-08-17T07:00:00+03:00;OK;633;11;2994;LOCAL_VALHALLA_MATRIX;b5e4ce1422832ab2bd9c81fd09198841662bf8fd73dfa55a5bf7593166335362;fe7014ff302c13c0f704f2a09179a0ce1fb80cf8e065481cac9cf151ff5ca2fa;2026-09-28T19:47:05.797752+00:00;false
LOC-0190;LOC-0009;BICYCLE;2026-08-17T07:00:00+03:00;OK;2790;47;13336;LOCAL_VALHALLA_MATRIX;568d6f7a820bd9fc7a21d7400dda4d7b94bf6d29404ed411de424563288e55c9;fec53f47f6ab2f64df372c12846446989a0278389046b09eb396fabb93402388;2026-09-28T19:47:05.797752+00:00;false
LOC-0190;LOC-0010;BICYCLE;2026-08-17T07:00:00+03:00;OK;671;12;3129;LOCAL_VALHALLA_MATRIX;541261175fa1ae35846589f158b110ea8a16e94fce7774a42728d0335b787ce8;f6edb6346bd5a1a5b6fe0b976601024ac3db896d117c69f7ef80547dc4b50ddc;2026-09-28T19:47:05.797752+00:00;false
LOC-0190;LOC-0011;BICYCLE;2026-08-17T07:00:00+03:00;OK;503;9;2353;LOCAL_VALHALLA_MATRIX;db80f79b6eb72136cda914a6c7ffe22d95ef6521fc426a8a42d1212d37464b21;1c506e50f6355cc12f231cb6f6d2f0bf6e8111b3a2bc2c83158b8979b5a7d92c;2026-09-28T19:47:05.797752+00:00;false
LOC-0190;LOC-0012;BICYCLE;2026-08-17T07:00:00+03:00;OK;333;6;1551;LOCAL_VALHALLA_MATRIX;f483ed2cf534c836a07ff35ca43dd611fc1e5c9e0daec08f8f05dbaeabda3d60;43ef9ecf1e36750b37788ddb407170b32f644f8994c198a037afb59eec9f7b77;2026-09-28T19:47:05.797752+00:00;false
LOC-0190;LOC-0013;BICYCLE;2026-08-17T07:00:00+03:00;OK;1583;27;7538;LOCAL_VALHALLA_MATRIX;937900baaacb1e9eae499cc5a797262a50acc175153f49c9310aa1db0096431a;0feb078e22f8933914e5692a0add5746fcff064d5ebadb21de4ea4f637bbe314;2026-09-28T19:47:05.797752+00:00;false
LOC-0190;LOC-0016;BICYCLE;2026-08-17T07:00:00+03:00;OK;1915;32;9299;LOCAL_VALHALLA_MATRIX;58f7bb3e3ae475018391ab09e6cbd6c2918cd50e4d595b5d9ba2d99a1ec00659;9f1bbddfcb7d15e1296e8961cea1cd05fe40c801cc825b9d0bc0e84395869c51;2026-09-28T19:47:05.797752+00:00;false
LOC-0190;LOC-0017;BICYCLE;2026-08-17T07:00:00+03:00;OK;1082;19;5143;LOCAL_VALHALLA_MATRIX;ef6c25d781f6e8392412b3747464fd47475596dceff0b7b5985a03882532ec20;0afecccca59f14e646bb247c54515c5a7acf1cb64e183d8603504ec168a4f469;2026-09-28T19:47:05.797752+00:00;false
LOC-0190;LOC-0018;BICYCLE;2026-08-17T07:00:00+03:00;OK;1043;18;4951;LOCAL_VALHALLA_MATRIX;1c84c4a8121c29ae582bdeb213d74eae773de6142765d0613578e74d9bf96845;64b91685db6c428f8edbdeeccc9cf6027bfa25a9f6aa054e32417a81fb89b17e;2026-09-28T19:47:05.797752+00:00;false
LOC-0190;LOC-0019;BICYCLE;2026-08-17T07:00:00+03:00;OK;713;12;3389;LOCAL_VALHALLA_MATRIX;b73f94ef78ffdd0da52ef39b95fba71103a245ba8e9a43eb47f3d09e79fc736a;8dc8c9541fc9caebd20db9a99c5006fb85c09a2a62c9db6da14f7047493a221a;2026-09-28T19:47:05.797752+00:00;false
LOC-0190;LOC-0020;BICYCLE;2026-08-17T07:00:00+03:00;OK;970;17;4576;LOCAL_VALHALLA_MATRIX;4c3070f5c8b46ce2f3c880d6b6253e54d9e17ccd8847355c607d3719e3b40d67;48368bbcfb8564435f2d47c43cd0741268635c8280709d7756baf36618718eea;2026-09-28T19:47:05.797752+00:00;false
LOC-0190;LOC-0023;BICYCLE;2026-08-17T07:00:00+03:00;OK;900;15;4301;LOCAL_VALHALLA_MATRIX;b89b2d6cadaffb700861626f9b203b8d179fe8fa7caf154f0a3a850598530e0c;1778d03a739fd2e0c624016c9a08b88efde344bd808e72e9dd15b1540b9bd5ef;2026-09-28T19:47:05.797752+00:00;false
LOC-0190;LOC-0027;BICYCLE;2026-08-17T07:00:00+03:00;OK;924;16;4396;LOCAL_VALHALLA_MATRIX;5d8f524acb8b642200755ff5f147266b3b84d2e145e45545d82d95b352d92ded;976662e81cd040eb1c4c8c92b55f787a18cb2666a87863d03d5ea9c525b298ff;2026-09-28T19:47:05.797752+00:00;false
LOC-0190;LOC-0028;BICYCLE;2026-08-17T07:00:00+03:00;OK;1668;28;7911;LOCAL_VALHALLA_MATRIX;e48683eb83060da925c5283cdffc5bf99b28a96810b02bf965725f04cc4e03dd;590f3080d323279cfadb44030ac3898f62b5d8d160ed394ad8f70a70de3a1578;2026-09-28T19:47:05.797752+00:00;false
LOC-0190;LOC-0029;BICYCLE;2026-08-17T07:00:00+03:00;OK;1594;27;7534;LOCAL_VALHALLA_MATRIX;be6734b7ff26fd6f187b9dfdb6f1235aeca961d2dfebaa0f58684aba337f6f81;3c919ff82e5c54b29e7679922b5b77c4ae0318af18ab5f0dbf37d235a3a40114;2026-09-28T19:47:05.797752+00:00;false
LOC-0190;LOC-0037;BICYCLE;2026-08-17T07:00:00+03:00;OK;727;13;3476;LOCAL_VALHALLA_MATRIX;3562d1286507ffbb875f42addc8541dbf5b19be92fe343c5f5ddbe0150229521;bab18ecffee48e53c4988707bfb9b0b4e97a337ae1a821311eddbcb3f6e117c8;2026-09-28T19:47:05.797752+00:00;false
LOC-0190;LOC-0045;BICYCLE;2026-08-17T07:00:00+03:00;OK;1349;23;6472;LOCAL_VALHALLA_MATRIX;66666b5d5b2bb512de319c1dc93b0ead9c96e0e5ef9bc1e2afe217f82077417f;33418592137b21a3033fe524fa0be12c3fb857a65975869f778868c2064cd7af;2026-09-28T19:47:05.797752+00:00;false
LOC-0190;LOC-0053;BICYCLE;2026-08-17T07:00:00+03:00;OK;1884;32;9186;LOCAL_VALHALLA_MATRIX;e06bdf5dda434278b91b43c0d64e269770244d9a1ab47712ac9f91916e711c8d;0be79e9025df4015d61aa613edf5e392abd43e6c7420c552163f2d9469ac1339;2026-09-28T19:47:05.797752+00:00;false
LOC-0190;LOC-0054;BICYCLE;2026-08-17T07:00:00+03:00;OK;634;11;3036;LOCAL_VALHALLA_MATRIX;0387f8c85fb22b47673619f587ac21b64f73f10a8f5d0bb2d605fd5a2e496f0c;c88f37c3ce7b32cc679c1fcf921605841874b2f1004430e6eaa10cfbbd209aa8;2026-09-28T19:47:05.797752+00:00;false
LOC-0190;LOC-0061;BICYCLE;2026-08-17T07:00:00+03:00;OK;370;7;1557;LOCAL_VALHALLA_MATRIX;7341effd7f7f24624430985077dfa56f1e92290c0a7059bc6464b41e3355e500;87fb114fc629b0381352ec597b082da8cac2254ec990724a312c6b19cfd87c70;2026-09-28T19:47:05.797752+00:00;false
LOC-0190;LOC-0063;BICYCLE;2026-08-17T07:00:00+03:00;OK;1843;31;8740;LOCAL_VALHALLA_MATRIX;8e98b72230f0ce7a01dc4ce27e3ebf5beda0d1ce659a4ad305831672f1321e37;fc256ddc8e592ccb4e5b983c4ef93b3e4a3947657bc7becad66bff1adf44ce33;2026-09-28T19:47:05.797752+00:00;false
LOC-0190;LOC-0064;BICYCLE;2026-08-17T07:00:00+03:00;OK;1684;29;8043;LOCAL_VALHALLA_MATRIX;48375d19698e99c61f0dd333bf93e1a1f75f536f742a4041aa6c456272cb9e42;b5591fd120e0250db1cdd4feb21a2faa2b755bf99fc344f9ebb7f354618bb7da;2026-09-28T19:47:05.797752+00:00;false
LOC-0190;LOC-0074;BICYCLE;2026-08-17T07:00:00+03:00;OK;760;13;3558;LOCAL_VALHALLA_MATRIX;f4014d0e0ca7a3adc78e9de4e19f29c95867058bf1a2815dd5651c0f0b00a2cb;2b37ce823f3b623254d6590ae6a66d768024fb0ef8f29c6b3ba778fa1407f234;2026-09-28T19:47:05.797752+00:00;false
LOC-0190;LOC-0075;BICYCLE;2026-08-17T07:00:00+03:00;OK;925;16;4312;LOCAL_VALHALLA_MATRIX;f63ecdc692079c38ae7c2b1cca1ba189cbd13fde61d255bf7de63377cdc7aaa3;53e8e3dfbe6cb686655a01dbfb246cc7204af018762c3a80e23f23be9da0b8ee;2026-09-28T19:47:05.797752+00:00;false
LOC-0190;LOC-0076;BICYCLE;2026-08-17T07:00:00+03:00;OK;1942;33;9332;LOCAL_VALHALLA_MATRIX;83d946b72f988b10412def94fed96e392ec906d906e4d8359691c8d560be48f4;92637e62a33eada927fcf47dfbecb4c3e170c624c4698065d28dc7db15f9a6c0;2026-09-28T19:47:05.797752+00:00;false
LOC-0190;LOC-0078;BICYCLE;2026-08-17T07:00:00+03:00;OK;1466;25;7012;LOCAL_VALHALLA_MATRIX;2d561d935ff7284754add081161c80f05d7f755bd580a4a95f0b8c67c0ba2427;e633c20915e93002db5b899c1e4abf068e033d2e6e70bc586c918e863211e78c;2026-09-28T19:47:05.797752+00:00;false
LOC-0190;LOC-0080;BICYCLE;2026-08-17T07:00:00+03:00;OK;795;14;3728;LOCAL_VALHALLA_MATRIX;738377a3bf5483b43b90b7eb91a3980beb93acc6d6de2773a33f815a2b5da6e8;3ac615af74f91c55a14f9dccf9a6e44419a3b086bc037d2b25b0fb8b2d0f3531;2026-09-28T19:47:05.797752+00:00;false
LOC-0190;LOC-0082;BICYCLE;2026-08-17T07:00:00+03:00;OK;1685;29;8093;LOCAL_VALHALLA_MATRIX;50f1c0c03130776353213c66b3314bd497390f59028f7b32102f8f7393f66821;18171493e8da8433a9cc94a97d5eb4dba9d5ce9d8118fb1d86cbc6f7c65c7b27;2026-09-28T19:47:05.797752+00:00;false
LOC-0190;LOC-0085;BICYCLE;2026-08-17T07:00:00+03:00;OK;1358;23;6488;LOCAL_VALHALLA_MATRIX;ea38d6814a2194292a054bfb73adc972c2f8961c623a2635c899c9182c6d33ce;364327bbf4b84ef1b8629b8dd44499cc831f2e42baee74e1f05eff5d4cd897fa;2026-09-28T19:47:05.797752+00:00;false
LOC-0190;LOC-0086;BICYCLE;2026-08-17T07:00:00+03:00;OK;1404;24;6552;LOCAL_VALHALLA_MATRIX;b545163c6c26a7796fca103cc9044bd61aa9b8d64d3a0f875a88f5e7aa43b03f;f6dfc53f5a572c245a2f715fb60bf1aaec04a4aaed136b439a965824374d61d2;2026-09-28T19:47:05.797752+00:00;false
LOC-0190;LOC-0091;BICYCLE;2026-08-17T07:00:00+03:00;OK;625;11;2935;LOCAL_VALHALLA_MATRIX;975bc701196b0645cc729ac2dacee6b43061e8808a9e9001c33064f1bd04de00;3fc5e3f2b8fb4863bd15925358187c5805cf5edb177e1316811dbd5b92cd62e0;2026-09-28T19:47:05.797752+00:00;false
LOC-0190;LOC-0092;BICYCLE;2026-08-17T07:00:00+03:00;OK;657;11;3086;LOCAL_VALHALLA_MATRIX;6abf5ed44d79e9ff85fd07f93e10d03d26d6f47b96bb7cb103f6a34990085b83;7b27986e3a1acac523cddadbdbe653528830479fcef7e71e4fc14576459e6ff8;2026-09-28T19:47:05.797752+00:00;false
LOC-0190;LOC-0093;BICYCLE;2026-08-17T07:00:00+03:00;OK;692;12;3087;LOCAL_VALHALLA_MATRIX;cc1a7ac24ac1813203775a216f33b0e5c8d272938b6f5da0fadd487b3a0dea55;ce8619e415f5bd6e63f3e0161ed99ae21b6843787e87d42190f5a0662e1121e5;2026-09-28T19:47:05.797752+00:00;false
LOC-0190;LOC-0094;BICYCLE;2026-08-17T07:00:00+03:00;OK;1517;26;7238;LOCAL_VALHALLA_MATRIX;1d7daea28a8b3ed5b3b4ca343646031d37e68ec7c16f095a54e3bc9f1dc4f318;e029c5bf5329a303fb4deb5c28d7abb65923c1e92dbf4da6b3cac9d8182bee11;2026-09-28T19:47:05.797752+00:00;false
LOC-0190;LOC-0095;BICYCLE;2026-08-17T07:00:00+03:00;OK;1696;29;8056;LOCAL_VALHALLA_MATRIX;4c55ba0ae4134246061a6ecbeb5897a5d5ba42bc05cae04759bd3589b2836293;f798b0c9498faa88480d591ce5d5298f7ba512d36eb807b2e62668c431c8a158;2026-09-28T19:47:05.797752+00:00;false
LOC-0190;LOC-0102;BICYCLE;2026-08-17T07:00:00+03:00;OK;1845;31;8861;LOCAL_VALHALLA_MATRIX;62399ecd1abfd17413e5759daac49cb852ba9d9b8ca86a58c71e8174c794aa16;e74f9b48f96dc75159740ee67353f58a69937a83ce5dbc279fbec8a1a67020e3;2026-09-28T19:47:05.797752+00:00;false
LOC-0190;LOC-0112;BICYCLE;2026-08-17T07:00:00+03:00;OK;515;9;2464;LOCAL_VALHALLA_MATRIX;44a17d56eeda7f04e3fdf9908825e0b2be2e4fdb75a2281001c93eae9f309e97;1370555ab14c914fb4be39d26a987303dbd92f5a7f18e878cc6369f326024ca0;2026-09-28T19:47:05.797752+00:00;false
LOC-0190;LOC-0124;BICYCLE;2026-08-17T07:00:00+03:00;OK;2619;44;12480;LOCAL_VALHALLA_MATRIX;d0d58339a82864f20a5bf4d8ec42d98bc25a12fe8ded6335e9c7d41f4602cdba;40d6ab81987f2afd41187a10f51b1af8758e305af95e0f5b6076920b6a648c4c;2026-09-28T19:47:05.797752+00:00;false
LOC-0190;LOC-0125;BICYCLE;2026-08-17T07:00:00+03:00;OK;1045;18;4897;LOCAL_VALHALLA_MATRIX;9460ccf73ef60e712c5cd727a0d72b7f582ea217d0a3f7008bfd2aceb886706e;03d7d00867f37d4ca79335ac1d21545496e1a5a319c3fc5644db96fd910b846e;2026-09-28T19:47:05.797752+00:00;false
LOC-0190;LOC-0126;BICYCLE;2026-08-17T07:00:00+03:00;OK;409;7;1894;LOCAL_VALHALLA_MATRIX;a1d0472e0dc0a6ad8124b26fe5f373604a1aadb6ae4bb757be59b8bdf619821d;56240b3ab55dd0614b8c6826768029d4d39398e6b0fe4f40d5e2015fcf03de8a;2026-09-28T19:47:05.797752+00:00;false
LOC-0190;LOC-0128;BICYCLE;2026-08-17T07:00:00+03:00;OK;803;14;3802;LOCAL_VALHALLA_MATRIX;2c8adb56c8957f1b121180dfac39fa184763f15225653262752b117ebdcf18e0;fb320eaac63d1ad2dcb011118d089adb3a9227071dbe0684d92bef7a50931556;2026-09-28T19:47:05.797752+00:00;false
LOC-0190;LOC-0134;BICYCLE;2026-08-17T07:00:00+03:00;OK;1216;21;5796;LOCAL_VALHALLA_MATRIX;50042b8149286fac095ac609153815f976038d0ec8cd4fa8c6b9e310faff2953;f920a789b8ac29b3f22d93e23b268f23b6729d2b7c9e035480ed16ac36ecd1ef;2026-09-28T19:47:05.797752+00:00;false
LOC-0190;LOC-0135;BICYCLE;2026-08-17T07:00:00+03:00;OK;1288;22;6142;LOCAL_VALHALLA_MATRIX;0965b1c049fb6008173cb349c3ca6bd97e5fa00b1509cd704f7d172e534059fa;7441522c504d23be95de30d8d718437917f662c5627c0c0873cd9627f8b6701f;2026-09-28T19:47:05.797752+00:00;false
LOC-0190;LOC-0136;BICYCLE;2026-08-17T07:00:00+03:00;OK;1292;22;6178;LOCAL_VALHALLA_MATRIX;5bc527f7db409aa6f94015027ab975333d6512d5dc6ca1b54c736bb1d55e1586;efa980ed6f0d56189a89977b7ac6cf16a1846a756371c9018720b5bdc9157437;2026-09-28T19:47:05.797752+00:00;false
LOC-0190;LOC-0140;BICYCLE;2026-08-17T07:00:00+03:00;OK;1615;27;7862;LOCAL_VALHALLA_MATRIX;6d36ab989387e422ea19770b41c19dd1e44b18c7ed3c0e42100ad5f7becdb1c8;4b1daa167a23dea0219a6dd15745c734c676028a403a16bf22219a0175b28214;2026-09-28T19:47:05.797752+00:00;false
LOC-0190;LOC-0141;BICYCLE;2026-08-17T07:00:00+03:00;OK;2193;37;10308;LOCAL_VALHALLA_MATRIX;c1988c1d17551ad8f09ae058ac454a12bcf9fd84aa5028f0a5e7fd2a1d90fbce;d74e1a561a7168639502204c3e39616f46825646171868eb106f52441a1f2e15;2026-09-28T19:47:05.797752+00:00;false
LOC-0190;LOC-0142;BICYCLE;2026-08-17T07:00:00+03:00;OK;2144;36;10083;LOCAL_VALHALLA_MATRIX;4c9e753c880b7e40e6f6f7fa3e1a8ac87b465831b74e1d983d599d2fcc9c4f97;1b2e10e874e10d2fe1b68517cd599492cf8204c50d6354e8df3342077fe8b8a4;2026-09-28T19:47:05.797752+00:00;false
LOC-0190;LOC-0145;BICYCLE;2026-08-17T07:00:00+03:00;OK;950;16;4468;LOCAL_VALHALLA_MATRIX;36dc918a91824bda36f923c9bf4171472f268814da3e5369c31b987b2ba83ba7;de5199143ec4c50c481ecf7a7f155eb83eec3caa949b2ce7ffbf3db011659312;2026-09-28T19:47:05.797752+00:00;false
LOC-0190;LOC-0148;BICYCLE;2026-08-17T07:00:00+03:00;OK;959;16;4557;LOCAL_VALHALLA_MATRIX;9a3a07c441472ccaff53e5388070e917e76e7a227676a3d5614f1ab5ed64f8e8;87147c8a3e4c30d860c74167c0d2d15d0585157d7229bb9f422d6ac26559c72b;2026-09-28T19:47:05.797752+00:00;false
LOC-0190;LOC-0149;BICYCLE;2026-08-17T07:00:00+03:00;OK;870;15;4076;LOCAL_VALHALLA_MATRIX;16e15486155f42a2a8c3e74afaadaf5ea7f0185d9379d7cd7a69999655f6f870;4f2fe52fdd5cbe12a9e2ddd1846137af17b4e67f2bb8528b91ab6f5dffee7d16;2026-09-28T19:47:05.797752+00:00;false
LOC-0190;LOC-0150;BICYCLE;2026-08-17T07:00:00+03:00;OK;830;14;3908;LOCAL_VALHALLA_MATRIX;17c7e6d963d3864e295e51f37d374a4150cc04938f53fb09b406d75d36e35a89;730ca965e76d77c881a796ab83452a0f01fba91b37850ad8b001b7c30ec097bd;2026-09-28T19:47:05.797752+00:00;false
LOC-0190;LOC-0151;BICYCLE;2026-08-17T07:00:00+03:00;OK;1047;18;4962;LOCAL_VALHALLA_MATRIX;3be99cebfcb33bd21f94ad862a4d22ca5a69afa9dfb8655894acac783e30f767;275db33318eea7f738aa3f78c87b963a5007f06192f147a6709c3ef203e39827;2026-09-28T19:47:05.797752+00:00;false
LOC-0190;LOC-0152;BICYCLE;2026-08-17T07:00:00+03:00;OK;1048;18;4954;LOCAL_VALHALLA_MATRIX;f87a442b2354c5a8874301dc54984cecddda16321901a176959f17f57bf52cb1;1c7409b9ba06ae634c83a6556b247b60879ec4c340488700857e7f4513f2a828;2026-09-28T19:47:05.797752+00:00;false
LOC-0190;LOC-0190;BICYCLE;2026-08-17T07:00:00+03:00;OK;0;0;0;LOCAL_VALHALLA_MATRIX;a1549b43917d5f9cf7630b9fa72c53148ea9cd52df8ee25e30d4244a1441bd6d;3d5812abc84c11768aa73a732c85d75dbed439188f5bb3239e9b762ea31d9862;2026-09-28T19:47:05.797752+00:00;false
LOC-0190;LOC-0196;BICYCLE;2026-08-17T07:00:00+03:00;OK;1257;21;5969;LOCAL_VALHALLA_MATRIX;0133d5c48e6c10b9bf1a18701f4c97cac2c49d1137043854e9f3d3b88a0efd7f;27622fb9a71d5cfe226447a2e1543ff393681c9e339a59833500089b70a9fbc5;2026-09-28T19:47:05.797752+00:00;false
LOC-0196;LOC-0002;BICYCLE;2026-08-17T07:00:00+03:00;OK;2402;41;11315;LOCAL_VALHALLA_MATRIX;9fa3c319b0473ae505e06160c520a6b61571012321ede07e6011e4b29637fd02;ff77f82a1e8877d23b0ad1c3e996a2af0f31d2e27d2cd3e562e6872c58548ca1;2026-09-28T19:47:05.797752+00:00;false
LOC-0196;LOC-0008;BICYCLE;2026-08-17T07:00:00+03:00;OK;1716;29;8061;LOCAL_VALHALLA_MATRIX;691595d3a6183b25df73f4f6ef410a7d8987aabcb0e4582eb319b0a57267d2c9;44064a01074d6efde8c202908a9b832ee8505bc8a1db832077cf9f4511705f25;2026-09-28T19:47:05.797752+00:00;false
LOC-0196;LOC-0009;BICYCLE;2026-08-17T07:00:00+03:00;OK;1909;32;8882;LOCAL_VALHALLA_MATRIX;041d64e929c12b52e241a972116474cb1c2e4976c5d955c4ba4ebe83adeac4ef;79301a5de1d7ea54e0d7ee88ecd9db7103f2ee2005fef663a267f8d2eba65ade;2026-09-28T19:47:05.797752+00:00;false
LOC-0196;LOC-0010;BICYCLE;2026-08-17T07:00:00+03:00;OK;1567;27;7321;LOCAL_VALHALLA_MATRIX;cdb17c2cf35db211f0b4fa91f3c006e770fa33b68f1e54609e519a22b0768290;d406a5e2ec8198ae933ac7214b752c672b188941d9663ea2dfc2f7ec3ccd9510;2026-09-28T19:47:05.797752+00:00;false
LOC-0196;LOC-0011;BICYCLE;2026-08-17T07:00:00+03:00;OK;1585;27;7420;LOCAL_VALHALLA_MATRIX;96538731196099c111a8790b651de2c39babf7e3f193d80767dfab5b6df4724f;17db999f1b4ea1a8de48a3def149b3b8d78116c3f6c3f85cbfae8534b42a1dcf;2026-09-28T19:47:05.797752+00:00;false
LOC-0196;LOC-0012;BICYCLE;2026-08-17T07:00:00+03:00;OK;1415;24;6618;LOCAL_VALHALLA_MATRIX;5ef3c3e3b5baa664810682b80dd6d6daa141878032ef1e7f83edd52077aade8b;dc9051604612035eba40876dfb02eebac9872aa1b757307e7f170549a84ade0e;2026-09-28T19:47:05.797752+00:00;false
LOC-0196;LOC-0013;BICYCLE;2026-08-17T07:00:00+03:00;OK;2507;42;11848;LOCAL_VALHALLA_MATRIX;31cd50ad5557383bb25ea7448a25907dc7ac9730435c9ce042855cf4d2d245d5;110de9384024ada3bbe75c61ceebb30e39aa71a7418f0aebaff18ee3ffd4ba32;2026-09-28T19:47:05.797752+00:00;false
LOC-0196;LOC-0016;BICYCLE;2026-08-17T07:00:00+03:00;OK;2804;47;13365;LOCAL_VALHALLA_MATRIX;0695e48eae7c42ad2ee70c029e16f2d50939f10273837bbd52689631dcc224cb;44f873055c14f43430e25fa3ec6c331ef88f08c9cfbcd38e77934eedeba8db16;2026-09-28T19:47:05.797752+00:00;false
LOC-0196;LOC-0017;BICYCLE;2026-08-17T07:00:00+03:00;OK;837;14;3927;LOCAL_VALHALLA_MATRIX;10dc36b407f846cc5e2476c978e966d12a053a352e6ff970ea8f323bb96e4274;ea21872b02b36af9bc91f6a9ea3106e2e7bfde81b63181d753117d8f17382521;2026-09-28T19:47:05.797752+00:00;false
LOC-0196;LOC-0018;BICYCLE;2026-08-17T07:00:00+03:00;OK;798;14;3735;LOCAL_VALHALLA_MATRIX;f3c2f543695cc92d7315530f2ec6553b0711ad15a244d4d0d984db0fe2a6d242;8b3bf68b52ae9061345672049680ebda3db4c6a09771747520d07019eb575075;2026-09-28T19:47:05.797752+00:00;false
LOC-0196;LOC-0019;BICYCLE;2026-08-17T07:00:00+03:00;OK;1744;30;8178;LOCAL_VALHALLA_MATRIX;6b8e8c1405997de73f2c23dce3e1a5bad890e56bd70c062d3e7f49421b60e7d1;d89d64ef906e221ad83cbc4865a24ae9fd7791a3a3aa1ae0ffaefa61d0893ca0;2026-09-28T19:47:05.797752+00:00;false
LOC-0196;LOC-0020;BICYCLE;2026-08-17T07:00:00+03:00;OK;1563;27;7328;LOCAL_VALHALLA_MATRIX;0d66b0533fd0157ddf22c5bdf498ed312d00d77c09d0bdb3b2550323d69eafba;104fe5068105d66b88e10dd541d0a0deb9246bb4de288d15d38a986a70bc8931;2026-09-28T19:47:05.797752+00:00;false
LOC-0196;LOC-0023;BICYCLE;2026-08-17T07:00:00+03:00;OK;440;8;1971;LOCAL_VALHALLA_MATRIX;8ba5a8b07b264d3f84d3c151fbda77ff69fd45f00a532d306bf09ebfd32ce154;2d6ec537c9e75680f8af99d2369ac263fd37ce2709ee17760d83aed8210774b0;2026-09-28T19:47:05.797752+00:00;false
LOC-0196;LOC-0027;BICYCLE;2026-08-17T07:00:00+03:00;OK;1253;21;5858;LOCAL_VALHALLA_MATRIX;3473042408261516f7b1aee3b2c7fa5ca0a0c5f647d37ff62dca61f473ebdda3;df6339015ab39da7bfdd757db1d359b610f0194a12fea7d4c0f18e0c1430ca2a;2026-09-28T19:47:05.797752+00:00;false
LOC-0196;LOC-0028;BICYCLE;2026-08-17T07:00:00+03:00;OK;2250;38;10554;LOCAL_VALHALLA_MATRIX;7151139ddb75840a5c6564825d98768717bfab3b8887884c7ce6fc2181d64289;a515a8a0061aa5f20370fbf640cf07caaa3c99db91dd27bb5b37ece658b89455;2026-09-28T19:47:05.797752+00:00;false
LOC-0196;LOC-0029;BICYCLE;2026-08-17T07:00:00+03:00;OK;2175;37;10177;LOCAL_VALHALLA_MATRIX;7629be88597e463ea15b0df706f577b6d4f44de249b019851d2c3be139d9f55d;5cd0e9d4f49fe33d8d4bdcaed50a83bb26712ae118c817c801d472377aa0222a;2026-09-28T19:47:05.797752+00:00;false
LOC-0196;LOC-0037;BICYCLE;2026-08-17T07:00:00+03:00;OK;1829;31;8743;LOCAL_VALHALLA_MATRIX;8b56c4cf57267a008cdbee7c869214ece9b40a55ae73f3202c64212a424de646;49f546ecf4365a6987544166fec4345207c70e9669200ef7f968578199d179cc;2026-09-28T19:47:05.797752+00:00;false
LOC-0196;LOC-0045;BICYCLE;2026-08-17T07:00:00+03:00;OK;1341;23;6304;LOCAL_VALHALLA_MATRIX;209aadbcedda8d8060a16f33755ccc07353c80f7425fea31eb92cbdb1de65e0d;76e708cd8d9158a826e17e0c952f25cd52c5a06561744c4f8351a20f92cae780;2026-09-28T19:47:05.797752+00:00;false
LOC-0196;LOC-0053;BICYCLE;2026-08-17T07:00:00+03:00;OK;3152;53;15025;LOCAL_VALHALLA_MATRIX;00c38ecd4a2b185826d7cca9e56827bf0f86cd6bf330c81dc77549560754071e;8c18068a01f54ca8ca72acbeb60828a7d2d74fcc6453ebcf312d1171af1249f4;2026-09-28T19:47:05.797752+00:00;false
LOC-0196;LOC-0054;BICYCLE;2026-08-17T07:00:00+03:00;OK;1736;29;8303;LOCAL_VALHALLA_MATRIX;2916fcf89ef0ad07315162e5f39907d90ae9b984b58920e0e0de63f8da572a6c;409a8a460c720cea7ff72de629aee3190314cb1f145f173b96265343f0b03ebb;2026-09-28T19:47:05.797752+00:00;false
LOC-0196;LOC-0061;BICYCLE;2026-08-17T07:00:00+03:00;OK;1450;25;6624;LOCAL_VALHALLA_MATRIX;4e446dfdd81c00ee7bc989b564b1dd9726da2760628cd715800922d6d7c342fb;3f8d8e4baf28286ee0589b6bbc23619bd79c8a840693dd09e0fad2c5a407884d;2026-09-28T19:47:05.797752+00:00;false
LOC-0196;LOC-0063;BICYCLE;2026-08-17T07:00:00+03:00;OK;1903;32;8856;LOCAL_VALHALLA_MATRIX;4d6eb5c46040c6f8d433196eb4da758eeb8969eb34da5a326ad5db5bfa757c83;a347cfd667136b6eb09446dbcf5d1e1d7e48fae610580f3cdfb3bdb0f71773ec;2026-09-28T19:47:05.797752+00:00;false
LOC-0196;LOC-0064;BICYCLE;2026-08-17T07:00:00+03:00;OK;1743;30;8159;LOCAL_VALHALLA_MATRIX;eefa4b41646a78a08ce586471e9b141d91891ac8982e89ca64b43eebf3e1971b;773fa36de31ae5fed3cb836d4faf16f964ca3f56da2c6c2086c94404044ea199;2026-09-28T19:47:05.797752+00:00;false
LOC-0196;LOC-0074;BICYCLE;2026-08-17T07:00:00+03:00;OK;942;16;4324;LOCAL_VALHALLA_MATRIX;1a208e584abdd76738af52365a5610d967316e69559ba542fd20d199a2f1629f;48f7f8f1dc5a0ac49fb48c19a926b9b3e3729110dd92ca833ba451eaed4e628e;2026-09-28T19:47:05.797752+00:00;false
LOC-0196;LOC-0075;BICYCLE;2026-08-17T07:00:00+03:00;OK;990;17;4533;LOCAL_VALHALLA_MATRIX;d766293d9f050287e486be09c5ea1f52924aadfb31ce01deae21d49c22c14516;aa11b6e17a87597b59940ffcddbcde473081c92779eb1a6333f4b4ad3aaa1a9d;2026-09-28T19:47:05.797752+00:00;false
LOC-0196;LOC-0076;BICYCLE;2026-08-17T07:00:00+03:00;OK;2639;44;12460;LOCAL_VALHALLA_MATRIX;7baceaa24dc2cb35f51c4097d67be443b7bc3b3a2aa65595eac79d73922e3ff5;ddc6fdd2e9480e68d33b4d5040a1b08db23e468ac7481045e3fa2089e3f59be6;2026-09-28T19:47:05.797752+00:00;false
LOC-0196;LOC-0078;BICYCLE;2026-08-17T07:00:00+03:00;OK;1419;24;6660;LOCAL_VALHALLA_MATRIX;ba4fd7ba6404953d9d6d2e2362da9d75a3b02372b3bc74849633ce9fb4c93dfb;2c16f65fae834c55f7d969502fc5065c67d949eea1e8e3ee8656a53673eeaba0;2026-09-28T19:47:05.797752+00:00;false
LOC-0196;LOC-0080;BICYCLE;2026-08-17T07:00:00+03:00;OK;861;15;3949;LOCAL_VALHALLA_MATRIX;d0ed698a7ab4c74c23b1b0857b63dface17b31f2624e147a464e25c29e7b37fa;330f13f2a8dda7c5bf766ba3cbaf896ee8ec8ddfe9532775fc2e762875bc0de9;2026-09-28T19:47:05.797752+00:00;false
LOC-0196;LOC-0082;BICYCLE;2026-08-17T07:00:00+03:00;OK;1748;30;8279;LOCAL_VALHALLA_MATRIX;068e95d9f22793076ff68bbf13b7ed312b492f515b5aefeac3ca4bfbd278f097;4a66f3ee8f2a0dfd4739c073ed3e567fe3c4de8f192bff84a83198ad21361584;2026-09-28T19:47:05.797752+00:00;false
LOC-0196;LOC-0085;BICYCLE;2026-08-17T07:00:00+03:00;OK;2631;44;12428;LOCAL_VALHALLA_MATRIX;b5590b51a8bef05bdb586524440d2f84e5aba8807a27b6acb176886acadb94b0;483930d3a9ad94e5d6a93df3089221c6e23eeefc015ba817cbbc75380bc6aadd;2026-09-28T19:47:05.797752+00:00;false
LOC-0196;LOC-0086;BICYCLE;2026-08-17T07:00:00+03:00;OK;2677;45;12492;LOCAL_VALHALLA_MATRIX;4764d5d3530d58ac8a10b36d5c156a07ac783e7f0e51b40bf6a6b8748fdfd4e9;9e60dc11a066a8fdb82c263b8db4d00d2bdb890d048ae2757564201283b27576;2026-09-28T19:47:05.797752+00:00;false
LOC-0196;LOC-0091;BICYCLE;2026-08-17T07:00:00+03:00;OK;1403;24;6616;LOCAL_VALHALLA_MATRIX;b589abd4c63cddb6a24c3c6325676beb86e13319565d511f485c7c4bddc56007;097d2fee66afa3cea0bbc67bfd130c469595abc561164bd5bd21a4ccc7178f86;2026-09-28T19:47:05.797752+00:00;false
LOC-0196;LOC-0092;BICYCLE;2026-08-17T07:00:00+03:00;OK;1257;21;5876;LOCAL_VALHALLA_MATRIX;8f1b46252750ca809d303cdbf7e41107393e697bd0f4aa4ee1fdb0b36ca356b8;a008741843a9416796f10a3c8fa7c5b222af091e301738743875001abec761bc;2026-09-28T19:47:05.797752+00:00;false
LOC-0196;LOC-0093;BICYCLE;2026-08-17T07:00:00+03:00;OK;1250;21;5686;LOCAL_VALHALLA_MATRIX;150b7fca5e70238b338f650446221eda273ef7623c0ae5a5a9cf44e84273ee3d;5f56daa8cebb1a66945d2c82824894d3b0cba5a6c3d59191b701871ce47b353b;2026-09-28T19:47:05.797752+00:00;false
LOC-0196;LOC-0094;BICYCLE;2026-08-17T07:00:00+03:00;OK;2790;47;13178;LOCAL_VALHALLA_MATRIX;60a03e3a91ed282ec559178d654b382b3415b2746998cc2fd3f22f9e8705fed7;3e293ef6fa639bcf32b5a112f4d5d215a268d3fc1940b0c8afc2a1b45094d60e;2026-09-28T19:47:05.797752+00:00;false
LOC-0196;LOC-0095;BICYCLE;2026-08-17T07:00:00+03:00;OK;2969;50;13996;LOCAL_VALHALLA_MATRIX;35f984c0492457074edbb84bf071e9ab7983f5cdd0515c099f49d43cbd050784;306629767c4b82ae440f428941c46283c5ee10b5917ccb0d70c8cfcc7d240362;2026-09-28T19:47:05.797752+00:00;false
LOC-0196;LOC-0102;BICYCLE;2026-08-17T07:00:00+03:00;OK;1763;30;8334;LOCAL_VALHALLA_MATRIX;57658f6b2041415568097aa13740385c391e288ccf2803210518c7a7419d85f5;a133169af7921b886e934aa5b475df256f48a045310ef9e00a517b0b0a4827d8;2026-09-28T19:47:05.797752+00:00;false
LOC-0196;LOC-0112;BICYCLE;2026-08-17T07:00:00+03:00;OK;848;15;3968;LOCAL_VALHALLA_MATRIX;e2dc088873cf6c34f1f40c89de2e71346168f6cfd26834be3505f0f10b13841f;a4b3bf31384c2b9052bdad207216f1777a6517ba3abe3c5d8de5965144e70b73;2026-09-28T19:47:05.797752+00:00;false
LOC-0196;LOC-0124;BICYCLE;2026-08-17T07:00:00+03:00;OK;1730;29;8217;LOCAL_VALHALLA_MATRIX;14ec2cbd93796ec23a8037a40636601aab435d630918cfa992c78c7a558dac88;e102e439148d0d95ae7514dbe76bdfc74a0ed3861dd5eaac187297867b5f36a1;2026-09-28T19:47:05.797752+00:00;false
LOC-0196;LOC-0125;BICYCLE;2026-08-17T07:00:00+03:00;OK;553;10;2525;LOCAL_VALHALLA_MATRIX;641498bb5b67ff337ae8980faf644c910fe76d6327feba11fd8fbcf4503359a6;fe98feed6811eb6c1553aef25c4a8afcaaf33fe037f279aeb8620116930dbdf0;2026-09-28T19:47:05.797752+00:00;false
LOC-0196;LOC-0126;BICYCLE;2026-08-17T07:00:00+03:00;OK;1156;20;5342;LOCAL_VALHALLA_MATRIX;187e5ccd0ad15e5b1d173cd1d9cc4a67dc9687e6e01ba193bcd1657010f11f84;32b4279b9cad3c826f82220d6462ddd9587d86d437a0eb90fb5ce49380932f53;2026-09-28T19:47:05.797752+00:00;false
LOC-0196;LOC-0128;BICYCLE;2026-08-17T07:00:00+03:00;OK;1905;32;9069;LOCAL_VALHALLA_MATRIX;b5e3a044c163628dc5f5f0a7b480d0243ea891ddad93e6074334c9aa6407eeee;736a7612656e81dad8358a2bea3fc8153ec2cd7aaae4d636c00420d7a373e020;2026-09-28T19:47:05.797752+00:00;false
LOC-0196;LOC-0134;BICYCLE;2026-08-17T07:00:00+03:00;OK;2427;41;11470;LOCAL_VALHALLA_MATRIX;1858cb58ebb6af4b1f33db1a8b0c9f592da708595f8669522abcf8648773db4f;daca0279a4481c1fd26f09a3db75f7eb87552c4263681b277b8bc67cbdda527f;2026-09-28T19:47:05.797752+00:00;false
LOC-0196;LOC-0135;BICYCLE;2026-08-17T07:00:00+03:00;OK;2425;41;11454;LOCAL_VALHALLA_MATRIX;1914ae499f01c36e5b8ef9375ab32966e424b003e05acd9a80df260626909918;891417bbe4c6dd9c18859d104ad351e0d455bab5d111e9633c9bbddfe875bf5e;2026-09-28T19:47:05.797752+00:00;false
LOC-0196;LOC-0136;BICYCLE;2026-08-17T07:00:00+03:00;OK;2566;43;12100;LOCAL_VALHALLA_MATRIX;67fde6c1d89b5adf90006b07916bc1a5c6bbb2815539de98efe12170f5c7b597;16c0ca74c2103f1fd63f60ff5e172e2be70b87a18a260a445ca15907eb6ccbd4;2026-09-28T19:47:05.797752+00:00;false
LOC-0196;LOC-0140;BICYCLE;2026-08-17T07:00:00+03:00;OK;2883;49;13701;LOCAL_VALHALLA_MATRIX;0db3e4a256001460ee596fd072803777dac6d7dea5e70936379c8301a74f4dc2;0d008b5ec6ec8a305bd729b6c07c138443529832ab7603d3a0f9e0ae3417f7a8;2026-09-28T19:47:05.797752+00:00;false
LOC-0196;LOC-0141;BICYCLE;2026-08-17T07:00:00+03:00;OK;1304;22;6045;LOCAL_VALHALLA_MATRIX;b58c0b505cd2ba8e916027852bab35637894323d09391ad6a15dbe379f0dfc0c;ce7c6886a268dd11a438d0edea3bde23668015d6af21c9c10beb1c2b3dbd0a7d;2026-09-28T19:47:05.797752+00:00;false
LOC-0196;LOC-0142;BICYCLE;2026-08-17T07:00:00+03:00;OK;1255;21;5820;LOCAL_VALHALLA_MATRIX;2bdb8aef17de178284ac6af4a4c2b7a44861389ea31a562eea6945655734935c;22605688f6c883fda6255a85c578b68fdb2eb12c0017f95e8187c0346ded0f5a;2026-09-28T19:47:05.797752+00:00;false
LOC-0196;LOC-0145;BICYCLE;2026-08-17T07:00:00+03:00;OK;1249;21;5832;LOCAL_VALHALLA_MATRIX;2e4ce76de1e25897569db891159cc1e4ab439d9291d460b0b4eb97df818172fb;cf61e5259ec2ede769c1a152f9c9765d975e9193b6d29b74da8ccffd67985ff0;2026-09-28T19:47:05.797752+00:00;false
LOC-0196;LOC-0148;BICYCLE;2026-08-17T07:00:00+03:00;OK;1026;18;4753;LOCAL_VALHALLA_MATRIX;f2a1e0e635a6bac3fc7a876fba51642374354275a7ff9b7054b2e682d571ad3e;a6ab2e5e9f0404b0e80345571ce5b92885d17687b5256468985fd2618d1c7c41;2026-09-28T19:47:05.797752+00:00;false
LOC-0196;LOC-0149;BICYCLE;2026-08-17T07:00:00+03:00;OK;981;17;4528;LOCAL_VALHALLA_MATRIX;92dfb7ab99559633f278629fa658defa6caec83f4625df9829f555ed49112b8b;d9977873b897f0ff52023336da2ea1767232cb2b336a8742803e5841ed066cc1;2026-09-28T19:47:05.797752+00:00;false
LOC-0196;LOC-0150;BICYCLE;2026-08-17T07:00:00+03:00;OK;1020;17;4701;LOCAL_VALHALLA_MATRIX;eddc3859596ef704172f4901a52788726296c01f533c29fa756ade043be256f4;cf3798b7763ebd5ea1736763d71fe0e324c560523e8c17a693141b5f1c790d76;2026-09-28T19:47:05.797752+00:00;false
LOC-0196;LOC-0151;BICYCLE;2026-08-17T07:00:00+03:00;OK;846;15;3939;LOCAL_VALHALLA_MATRIX;e820cac215e5c457df32e1c129d4ed5757c8ec818948b8378def3817f0004190;bf15af5ebc14bc29a6b5b01f932ee4d01da5931f7dd7f14fdf07b4548c5e52ba;2026-09-28T19:47:05.797752+00:00;false
LOC-0196;LOC-0152;BICYCLE;2026-08-17T07:00:00+03:00;OK;865;15;4031;LOCAL_VALHALLA_MATRIX;f3c25614a8db3625665c2c27df5f5727b4a2ab1028d1707176a64d8555e841eb;450c317ac2f81a2fc8202789397ccc3f877f5ad8215aee8c28fcc1fff15a44ab;2026-09-28T19:47:05.797752+00:00;false
LOC-0196;LOC-0190;BICYCLE;2026-08-17T07:00:00+03:00;OK;1336;23;6316;LOCAL_VALHALLA_MATRIX;c4a8f8d8e5cf766c31e96de5b0abde160f0820448202b0a94407a89c66766299;e7dd780e9c6c296b84f94a7133e73fcd778d75b92e8658e34cb2ae214be864d7;2026-09-28T19:47:05.797752+00:00;false
LOC-0196;LOC-0196;BICYCLE;2026-08-17T07:00:00+03:00;OK;0;0;0;LOCAL_VALHALLA_MATRIX;854851e66e918296f195245037d9a8699cf85c68d8794ac9144c7850046951a0;3d5812abc84c11768aa73a732c85d75dbed439188f5bb3239e9b762ea31d9862;2026-09-28T19:47:05.797752+00:00;false
