origin_id;destination_id;mode;departure_at;status;duration_seconds;duration_minutes;distance_m;provider_status;request_sha256;response_sha256;fetched_at;cache_hit
LOC-0002;LOC-0002;WALKING;2026-08-17T07:00:00+03:00;OK;0;0;0;LOCAL_VALHALLA_MATRIX;84983bf4a14f9c7c0981dda348e3d7a62986e9d937f7ac145dc1b0e5423ac86b;3d5812abc84c11768aa73a732c85d75dbed439188f5bb3239e9b762ea31d9862;2026-09-28T19:47:05.797752+00:00;false
LOC-0002;LOC-0008;WALKING;2026-08-17T07:00:00+03:00;OK;5129;86;7175;LOCAL_VALHALLA_MATRIX;fd2a288835d2f034a7b6e662aad3a951736a0a5fcfd7d8456394577db46a0cc1;c94a082f6f378a48f5fb57cd779c060c2602ee6c88a2a56a80e1d774934585db;2026-09-28T19:47:05.797752+00:00;false
LOC-0002;LOC-0009;WALKING;2026-08-17T07:00:00+03:00;OK;5511;92;17362;LOCAL_VALHALLA_MATRIX;5f41c9d4d4c7469f0db2f44f953bce0f3c7a3e5154f9dc1c0a03bb5e0ad966a3;011e07a427fd1f0b379cfd29df1ce971124e95beebf20c74979481c68bcb8a55;2026-09-28T19:47:05.797752+00:00;false
LOC-0002;LOC-0010;WALKING;2026-08-17T07:00:00+03:00;OK;5695;95;7981;LOCAL_VALHALLA_MATRIX;d546b0011dde690b14e55ea795848746452ba5b0c94131153cf414b9b22e90eb;af1485cbf4eda6fbe48212df06440d7986865c98c7f4f62434c66051756ff5bf;2026-09-28T19:47:05.797752+00:00;false
LOC-0002;LOC-0011;WALKING;2026-08-17T07:00:00+03:00;OK;4438;74;6247;LOCAL_VALHALLA_MATRIX;4174d11c064be6b60768ea645e37b8f8be724573236fca1128515f5365f272c2;621c66a52ccd963c8357498e79e9f074575f9274dbdbfc9ed4273c7f0e56ca96;2026-09-28T19:47:05.797752+00:00;false
LOC-0002;LOC-0012;WALKING;2026-08-17T07:00:00+03:00;OK;4747;80;6645;LOCAL_VALHALLA_MATRIX;2c6a9e4174a633c886d7cb5829fdb7174274bd57b0c16ce62947f05f8e5524f5;90e68dfdc199e0058a814b0ec0b1eab8635cd2f3ad95bbab040ac267ad88c637;2026-09-28T19:47:05.797752+00:00;false
LOC-0002;LOC-0013;WALKING;2026-08-17T07:00:00+03:00;OK;892;15;1256;LOCAL_VALHALLA_MATRIX;095a9c2b47b51db1ccac1504cd3e097a1367cd1879a8ce99093bca5f62f41d2e;78a46d3f81e9b96489cfb0855f625534c9c72ff790cf02be0a720c78317a1de8;2026-09-28T19:47:05.797752+00:00;false
LOC-0002;LOC-0016;WALKING;2026-08-17T07:00:00+03:00;OK;3352;56;4688;LOCAL_VALHALLA_MATRIX;eee4d6db8f19adaa99a551daf5311374c4e5992bc1d2f770d2c402140e2eeb11;ba83f48ebf46a54da43de1eb3600581b4a4f21f1a6cf19de0e8bbf762f1cd908;2026-09-28T19:47:05.797752+00:00;false
LOC-0002;LOC-0017;WALKING;2026-08-17T07:00:00+03:00;OK;5637;94;9779;LOCAL_VALHALLA_MATRIX;2fe720704747ed01361af49912052037ab5f76c1ea8719d1202734148193f39b;8c75d69076e26b1d05c8ebc2c74e7094f0797614c2d5d192699a9655515a63d0;2026-09-28T19:47:05.797752+00:00;false
LOC-0002;LOC-0018;WALKING;2026-08-17T07:00:00+03:00;OK;5877;98;10098;LOCAL_VALHALLA_MATRIX;d94da5bf96151782ab006bda2951f60ac8d654b0a24f144758888336197e278b;0fcae76357012def581d9d19e44e6e27d1f5e038ed3c4a80ade982dd454b1cb4;2026-09-28T19:47:05.797752+00:00;false
LOC-0002;LOC-0019;WALKING;2026-08-17T07:00:00+03:00;OK;5973;100;8399;LOCAL_VALHALLA_MATRIX;a7c7dd6d49f35a70627515ea881ed7658fed914b7c5ab33b2d3390d323748bec;c63152e0752a324062cc2d81ad272d3bdee0e374290864b1c76dfda8bfb43889;2026-09-28T19:47:05.797752+00:00;false
LOC-0002;LOC-0020;WALKING;2026-08-17T07:00:00+03:00;OK;7326;123;11397;LOCAL_VALHALLA_MATRIX;e0390faa99ee6aec3fe4bebbd5cb6a134bada45d396a630792f3e0bca9359cc0;0f31a20c35731d66bbc7c3a1a76fe7b17bb3918a2be75bce1f53624aac438158;2026-09-28T19:47:05.797752+00:00;false
LOC-0002;LOC-0023;WALKING;2026-08-17T07:00:00+03:00;OK;6579;110;10376;LOCAL_VALHALLA_MATRIX;f08ec1210eb0f6c1f85648be27f0d2b7b3dcd94c357af795619aa44228558acc;be15bc46a0494044c4194dbd8dea391576bcc0418d7f10976b47bf135bf2dd14;2026-09-28T19:47:05.797752+00:00;false
LOC-0002;LOC-0027;WALKING;2026-08-17T07:00:00+03:00;OK;3604;61;6198;LOCAL_VALHALLA_MATRIX;c082e165423c1b41e830ac68d21f6be6abbc7180e910aeaf05f13f0cbdf29c9f;99a7d35fd86129755cfe7a244d19fd4a412dbda3a5bd55c5f3ab48657440b43f;2026-09-28T19:47:05.797752+00:00;false
LOC-0002;LOC-0028;WALKING;2026-08-17T07:00:00+03:00;OK;3545;60;6840;LOCAL_VALHALLA_MATRIX;9b9cdec6f46110df34be1f8b78b325349159b1597705e05e2f0e6076645c9b67;6400e88ab18735b7142316f7fcf765ccbf503330ce655932762c8822b3d89e6c;2026-09-28T19:47:05.797752+00:00;false
LOC-0002;LOC-0029;WALKING;2026-08-17T07:00:00+03:00;OK;3428;58;6673;LOCAL_VALHALLA_MATRIX;491f04c4d26ced48ded8a8538b51d5353ed2a227f801307a848c00e4ce46be91;d95c4eb57711e18d012a013948f7c42904c0540d3bca3df72fcaba38b4e274ca;2026-09-28T19:47:05.797752+00:00;false
LOC-0002;LOC-0037;WALKING;2026-08-17T07:00:00+03:00;OK;1544;26;2172;LOCAL_VALHALLA_MATRIX;a86a10ab609f9efb35df80f7d9f4b8ba007fb9159ff6b115f6184702434b8f3a;c264ee14ed5fc6cb988b1c3c3c19b9458a55b2f7bddc2b5b0d7c7e3ddc45a10b;2026-09-28T19:47:05.797752+00:00;false
LOC-0002;LOC-0045;WALKING;2026-08-17T07:00:00+03:00;OK;3770;63;7098;LOCAL_VALHALLA_MATRIX;d5aa8535ef5606873bfd4249a98862f0bde42ee4562f4b7920093f7cdebbca6f;da5ed4c81571fee51f5fe2a775f9a27490f23349a121293cb39d63a40c469abc;2026-09-28T19:47:05.797752+00:00;false
LOC-0002;LOC-0053;WALKING;2026-08-17T07:00:00+03:00;OK;2901;49;4072;LOCAL_VALHALLA_MATRIX;cb4107611efda0450ef7836542fe48bd1dd3bc5b83c1570afa6b9c6e75e20482;eef1ffc25f044da568ba6abcac26647629b96a17bf8bb6abe13d2434d63cdfb6;2026-09-28T19:47:05.797752+00:00;false
LOC-0002;LOC-0054;WALKING;2026-08-17T07:00:00+03:00;OK;1738;29;2449;LOCAL_VALHALLA_MATRIX;1abe3e3fad4d2590d8796b90f2609bc753f4a5a3e6c1dd96ff39061e04087f12;e5c62e58d4845865d465af6fed1cfbe82e76285aef1163a13667fa0dce144bc1;2026-09-28T19:47:05.797752+00:00;false
LOC-0002;LOC-0061;WALKING;2026-08-17T07:00:00+03:00;OK;4628;78;6419;LOCAL_VALHALLA_MATRIX;dff9e12a55698a073acd8ebff37b38e2dbc567f998469ab8f5af84e28eacad55;bb233ba3eaa6df99e57a125e457a6018c37fc5759ae98c2600233769b7e91e29;2026-09-28T19:47:05.797752+00:00;false
LOC-0002;LOC-0063;WALKING;2026-08-17T07:00:00+03:00;OK;4671;78;11821;LOCAL_VALHALLA_MATRIX;583659b70935a5d309412b4844a9b035b454f36cf3ae9c4bc3f6518eea358a42;6315c44cad66ab946abebd92d6fd408a209c6b6f396bde2738716a3997008f61;2026-09-28T19:47:05.797752+00:00;false
LOC-0002;LOC-0064;WALKING;2026-08-17T07:00:00+03:00;OK;4426;74;8023;LOCAL_VALHALLA_MATRIX;e0bfe363153f009a82f97ae3f79955e58fdeecc0381f37f9d2e7865a28cfe250;b9e1c3acb10df21658bbfce67ff0f42bb7703266d74bac910ec79a11f8f5ffec;2026-09-28T19:47:05.797752+00:00;false
LOC-0002;LOC-0074;WALKING;2026-08-17T07:00:00+03:00;OK;4747;80;7787;LOCAL_VALHALLA_MATRIX;9f15c718a4ceb847c36ee95e0886466b63a193e61eb6b4d4e849179dc61c8ac3;e042dde67dfa6a4ae65727a55694ca72e65ec6d96f43cf89caaae534a9567dea;2026-09-28T19:47:05.797752+00:00;false
LOC-0002;LOC-0075;WALKING;2026-08-17T07:00:00+03:00;OK;5011;84;8158;LOCAL_VALHALLA_MATRIX;58ed6851e4132e39d1da95309043b0733aee2a90182cc3cf1f74515b77d63eb2;e0d95b40227148e892815fc9d7b2e899f0ec233ad78602dc1784dd9ca878615a;2026-09-28T19:47:05.797752+00:00;false
LOC-0002;LOC-0076;WALKING;2026-08-17T07:00:00+03:00;OK;4731;79;11904;LOCAL_VALHALLA_MATRIX;5c01050dd7e253748ca314ac53ed6803e1851b597d8bf71a110b71d170405226;4aa30bc392b5e28187fcdc208b57ce930d6f7d13bf0726ffd8ad1cdef22bb330;2026-09-28T19:47:05.797752+00:00;false
LOC-0002;LOC-0078;WALKING;2026-08-17T07:00:00+03:00;OK;3960;66;7374;LOCAL_VALHALLA_MATRIX;dee81e09e782162cfdb892be7c3a98982bfbf28e727cc4d15d88528898cc5b77;1dc44ca12a25965b15ca680e9f1217a1302f2745705f3e8113513bd0310ea45f;2026-09-28T19:47:05.797752+00:00;false
LOC-0002;LOC-0080;WALKING;2026-08-17T07:00:00+03:00;OK;4770;80;7813;LOCAL_VALHALLA_MATRIX;2327367bad5109faee99ddfa773fbe2ef9451638e6a9ed49d851fe773d71aa60;ae0c5a7c4d9f496cee3aef23cd032a3d2258d102694fb31d1416bc43c4b223f0;2026-09-28T19:47:05.797752+00:00;false
LOC-0002;LOC-0082;WALKING;2026-08-17T07:00:00+03:00;OK;4597;77;8291;LOCAL_VALHALLA_MATRIX;b03a04a886483aa14eca19c616eac135bfa0849f9bbddf377cb932f104d1d4e3;6be33c5962a666abd1b2ebebdf081695ff5e12dd3a048ab1ebdad1e3fe3d31b6;2026-09-28T19:47:05.797752+00:00;false
LOC-0002;LOC-0085;WALKING;2026-08-17T07:00:00+03:00;OK;1016;17;1426;LOCAL_VALHALLA_MATRIX;b68fc5e815e1533df840e28ac6ca20750e38320c656f935d76b35e4cf77493b7;e5a89a89af752ef00fbf0d42b5cd24dcb1ed7aadcd9c5137064dafa355a5f7c9;2026-09-28T19:47:05.797752+00:00;false
LOC-0002;LOC-0086;WALKING;2026-08-17T07:00:00+03:00;OK;1063;18;1491;LOCAL_VALHALLA_MATRIX;e30366fe1238fd57e1724d6c99ce7844db67181e6aef02642d26630c4319ddb7;57920082a9d7dea85c04bef00e12921dba1214af5e68e59887b68db8d65bd69a;2026-09-28T19:47:05.797752+00:00;false
LOC-0002;LOC-0091;WALKING;2026-08-17T07:00:00+03:00;OK;5451;91;7628;LOCAL_VALHALLA_MATRIX;5e0c46548e9b2304fad2545eb594902b1640150f92f09d2d3cc134e3e4560d91;63d414716e5460bb6776d4fc996b3ad1e4c37020ac2c86ce285050a7431779f4;2026-09-28T19:47:05.797752+00:00;false
LOC-0002;LOC-0092;WALKING;2026-08-17T07:00:00+03:00;OK;5856;98;9350;LOCAL_VALHALLA_MATRIX;6611b98a46ff4af688724586be3a38d508000610fd86c724668bddf32a1a4411;067c18c732b1c5fa351ac2608023a90bd8d760d410a8af80251022ee1533e64c;2026-09-28T19:47:05.797752+00:00;false
LOC-0002;LOC-0093;WALKING;2026-08-17T07:00:00+03:00;OK;5715;96;9155;LOCAL_VALHALLA_MATRIX;d63ca09cd68a299cfdbce2990f5425b5d8636b23623b2e456c85138d43a01687;81e835ee2477614dd2a26ab5158829b44c07c67bfc0b3c8201fe351cb9ddb1c2;2026-09-28T19:47:05.797752+00:00;false
LOC-0002;LOC-0094;WALKING;2026-08-17T07:00:00+03:00;OK;1534;26;2152;LOCAL_VALHALLA_MATRIX;eb20f6a6f2cadb2e4a5785b748a14030fe28b19f2362bfdfe2e71a85ccb99ab2;1fe22513e99a576bb4fd0e63014f7496ae13dcff365df810a37f484c228cf459;2026-09-28T19:47:05.797752+00:00;false
LOC-0002;LOC-0095;WALKING;2026-08-17T07:00:00+03:00;OK;1889;32;2643;LOCAL_VALHALLA_MATRIX;8ad64bc6d499f83f9dba946cb2995a867e25095cd38a9a39df1d9f4325dd6830;91049c4c3276cb79169293e2e1abafd3598293b82c8820d085bf88791cda0fb7;2026-09-28T19:47:05.797752+00:00;false
LOC-0002;LOC-0102;WALKING;2026-08-17T07:00:00+03:00;OK;5101;86;12419;LOCAL_VALHALLA_MATRIX;49217e58b9bb49ea440bdd919f60de9e0cc5023021844f6182b49d5b052d7a60;9662bee49646e498c194f64d3641e82749a05ab07554d20aad9ca7bbb6e8a9d4;2026-09-28T19:47:05.797752+00:00;false
LOC-0002;LOC-0112;WALKING;2026-08-17T07:00:00+03:00;OK;4630;78;7597;LOCAL_VALHALLA_MATRIX;357489a6819f0dafc318340b4f958757a8652252876d780a102502a08127aca0;0fa788348b41ba4be95d9c5e4345605d6f72ba20c570a17db96cbc9679bd56f6;2026-09-28T19:47:05.797752+00:00;false
LOC-0002;LOC-0124;WALKING;2026-08-17T07:00:00+03:00;OK;5710;96;17677;LOCAL_VALHALLA_MATRIX;e2c9d8a96ba8c708a0b156b1db493ac0e274a7dcb659ea4ed411781b9cdeb544;5f8bfaf900c0e110683adc1e151e5574acda8234864ea5f76ef88e8a35ee7f3c;2026-09-28T19:47:05.797752+00:00;false
LOC-0002;LOC-0125;WALKING;2026-08-17T07:00:00+03:00;OK;5367;90;8642;LOCAL_VALHALLA_MATRIX;f1bec8f6b1f7f5b30a893f1da68f432ea3db9d0ab820f48477cb0957faaf7d98;e229699f5506455854a60f4c8e4619c8debd900b37c5cd89aba7cb2a907e3605;2026-09-28T19:47:05.797752+00:00;false
LOC-0002;LOC-0126;WALKING;2026-08-17T07:00:00+03:00;OK;3858;65;6539;LOCAL_VALHALLA_MATRIX;4823493194998ca43cd7642a60d0d13bf6221eb9e243d6dd288d6f2d1f6395ad;94e326818e96cacc8c2e4827b436e7056eb05024421731505005d06f8cfd4e1d;2026-09-28T19:47:05.797752+00:00;false
LOC-0002;LOC-0128;WALKING;2026-08-17T07:00:00+03:00;OK;1658;28;2330;LOCAL_VALHALLA_MATRIX;5610c7cf18ba5feda7c4d9bef5d3bf2680d58adef5c4e75a1db46d9937706356;82fac7b330f62c91cf5e2921e36c231e3cbb9d62db4f25317820cdce8b8cb03f;2026-09-28T19:47:05.797752+00:00;false
LOC-0002;LOC-0134;WALKING;2026-08-17T07:00:00+03:00;OK;437;8;614;LOCAL_VALHALLA_MATRIX;1b67f5b7128c577064c66a362c6d0a3477eb2b0483a4a78a687865316951c010;36b14b491b68dd50e55bf356c129fec01f8e13edea4f31c254bf86dbd1144393;2026-09-28T19:47:05.797752+00:00;false
LOC-0002;LOC-0135;WALKING;2026-08-17T07:00:00+03:00;OK;437;8;614;LOCAL_VALHALLA_MATRIX;f86242170ffaed70cbf472d5af58928f4186d903120cd16a88e6f81a9afcc075;36b14b491b68dd50e55bf356c129fec01f8e13edea4f31c254bf86dbd1144393;2026-09-28T19:47:05.797752+00:00;false
LOC-0002;LOC-0136;WALKING;2026-08-17T07:00:00+03:00;OK;821;14;1142;LOCAL_VALHALLA_MATRIX;1b44a52cd916e0d0a8ed45802a383990d8cda1d52100c0a61a5b2445ad23e68a;df80687fdff4c262c198b445cd6bf9cc847e1bb594662d4252cc0efbb41e918b;2026-09-28T19:47:05.797752+00:00;false
LOC-0002;LOC-0140;WALKING;2026-08-17T07:00:00+03:00;OK;2317;39;3257;LOCAL_VALHALLA_MATRIX;067c93567aeeb62c47daf1132b4b14df109b71457f72cb4814c151cc8299f812;96b1b84eba6e5534044a80f6396db45c6af8f5b6a775467b62e0a65158475def;2026-09-28T19:47:05.797752+00:00;false
LOC-0002;LOC-0141;WALKING;2026-08-17T07:00:00+03:00;OK;6424;108;20801;LOCAL_VALHALLA_MATRIX;a3f1f1da4e0a2f97785c3e59b80c122c78b365443654f0219d963dd2e96de20a;5f793f419e2f91f0a9ac2fe5fe9853e33b4082e0b9bc5d2fe643039f92deb06d;2026-09-28T19:47:05.797752+00:00;false
LOC-0002;LOC-0142;WALKING;2026-08-17T07:00:00+03:00;OK;6505;109;20874;LOCAL_VALHALLA_MATRIX;f1c137ddc1baba471fd5fea6cbede10b507440bf939ace2a4610acf65ae59ac3;0d7a8a98ae417c8f4f112c4e48f77b5c326385c0a90573919f8aa40c3e6c31e5;2026-09-28T19:47:05.797752+00:00;false
LOC-0002;LOC-0145;WALKING;2026-08-17T07:00:00+03:00;OK;6516;109;10253;LOCAL_VALHALLA_MATRIX;53c854d6f6a86ec269e6c019005a71024af3f410d7c48886ed606d914efd6dc4;357bf3bcf25d9d69c8cc41aaf2f03419f106e3cde48f5b8d750d5469104bfbe1;2026-09-28T19:47:05.797752+00:00;false
LOC-0002;LOC-0148;WALKING;2026-08-17T07:00:00+03:00;OK;4295;72;7157;LOCAL_VALHALLA_MATRIX;46da9dc537794c3741a6728bec3ae89845e791d3c84f6a1c66f9cd37ca393504;3ec8ba60b662609605f502250a0f175caf1ae9c9726073286f7f2af18bf1e43c;2026-09-28T19:47:05.797752+00:00;false
LOC-0002;LOC-0149;WALKING;2026-08-17T07:00:00+03:00;OK;4762;80;8514;LOCAL_VALHALLA_MATRIX;a08458d800bb2561f9e6449ab6163e3f53e03aa6d7190ddf839ae6a931519077;c60b55bbb940e8118ca6e6288260bf8e6be6a0f66fa76255efa91ecaaab808db;2026-09-28T19:47:05.797752+00:00;false
LOC-0002;LOC-0150;WALKING;2026-08-17T07:00:00+03:00;OK;4669;78;8379;LOCAL_VALHALLA_MATRIX;48607e1167d7b26806f1b6713f3e5ca84fb91cfa6548ba362a0afa5b32642aea;b3cb69e8fcbbb0068c03e8dffcc82241940784892566a6235db8a201d1acf4b8;2026-09-28T19:47:05.797752+00:00;false
LOC-0002;LOC-0151;WALKING;2026-08-17T07:00:00+03:00;OK;5093;85;9001;LOCAL_VALHALLA_MATRIX;19982a67e3b8009dc3a2ed70053b0b4445f087837ad1fb744626a4d1b0d15f03;5faf3499652df23aa8de63e1cd0b6cdbd9e1837c281f8ef18834b9661834781f;2026-09-28T19:47:05.797752+00:00;false
LOC-0002;LOC-0152;WALKING;2026-08-17T07:00:00+03:00;OK;5028;84;8909;LOCAL_VALHALLA_MATRIX;a5d717ce07bfbbc8bd5d24b45f53fc67a6697ebd96840028c3482686d16cdc43;27ee55ad27efc850243b3d1a1f280cc421cae825aa4c54cf2a7a43d7ae54a23a;2026-09-28T19:47:05.797752+00:00;false
LOC-0002;LOC-0190;WALKING;2026-08-17T07:00:00+03:00;OK;3713;62;5219;LOCAL_VALHALLA_MATRIX;d5ad0cd5a893bbc9ab2fc2536c5613baf1705f66ded68d1da1a8c5f5980f5426;56e8a906a7f5a845a16fda908028632ad39e75e5cc1fca597b4f84c809323cc6;2026-09-28T19:47:05.797752+00:00;false
LOC-0002;LOC-0196;WALKING;2026-08-17T07:00:00+03:00;OK;7504;126;12299;LOCAL_VALHALLA_MATRIX;b3ff6772d311a0ad0400723ce78fbec278f52d13668afca5c6f57fda8c493b9b;39c6e692814b3364bc060485e68884d87c3341eaa46824253304710fc5e693d1;2026-09-28T19:47:05.797752+00:00;false
LOC-0008;LOC-0002;WALKING;2026-08-17T07:00:00+03:00;OK;5129;86;7175;LOCAL_VALHALLA_MATRIX;96985a71b3e09f8f1437bc43e14386a471c227162d630a0a3d3f10e14d28bb28;c94a082f6f378a48f5fb57cd779c060c2602ee6c88a2a56a80e1d774934585db;2026-09-28T19:47:05.797752+00:00;false
LOC-0008;LOC-0008;WALKING;2026-08-17T07:00:00+03:00;OK;0;0;0;LOCAL_VALHALLA_MATRIX;ca0d6548a008bc76b0be8447e67621c4bc0dc9b1e1f3bec374731866ec939454;3d5812abc84c11768aa73a732c85d75dbed439188f5bb3239e9b762ea31d9862;2026-09-28T19:47:05.797752+00:00;false
LOC-0008;LOC-0009;WALKING;2026-08-17T07:00:00+03:00;OK;8146;136;19469;LOCAL_VALHALLA_MATRIX;5894d12ca857e3ffd30384648dc3c8fb3a7c512aa0f6d5ec87d1d9fbaaa9abb8;d9c5479630eaaea41d99a1fef19062e25909984c22c79d713aed814deb886ae3;2026-09-28T19:47:05.797752+00:00;false
LOC-0008;LOC-0010;WALKING;2026-08-17T07:00:00+03:00;OK;678;12;947;LOCAL_VALHALLA_MATRIX;f2c0762cd71682de681a230ae26c9caa6e6ac128fe10b690e7067c58792cb58e;e8352932671889e8586429ead85562cee022949e201218aa34c3c1ee1f585c3e;2026-09-28T19:47:05.797752+00:00;false
LOC-0008;LOC-0011;WALKING;2026-08-17T07:00:00+03:00;OK;700;12;992;LOCAL_VALHALLA_MATRIX;6fcc94277cb3e2c7487b7482b927528c3f4ad1de54da7178034a7f4a5472792e;ddfbff09f3ea4eaadb0c782868a8d593da71670e0493c7f71a6c3515e63e9a59;2026-09-28T19:47:05.797752+00:00;false
LOC-0008;LOC-0012;WALKING;2026-08-17T07:00:00+03:00;OK;552;10;774;LOCAL_VALHALLA_MATRIX;ff040bfa358d0bfa57222c7c47f6fddf639f1b471d02a4007ff62f6d9e2c4521;d6c2da7c06024055b8a3bb3164abc1512f085d36afcb236f5c6abccde7ef4944;2026-09-28T19:47:05.797752+00:00;false
LOC-0008;LOC-0013;WALKING;2026-08-17T07:00:00+03:00;OK;5870;98;8208;LOCAL_VALHALLA_MATRIX;e5ba9a32c99d2a04c64117b181b0216c456f45ef3e837e948cb07b89dfe1fc0f;9d0f93bfe336ef23bd9b062307454103219069e40516dd49703f80455680f4f8;2026-09-28T19:47:05.797752+00:00;false
LOC-0008;LOC-0016;WALKING;2026-08-17T07:00:00+03:00;OK;7146;120;10150;LOCAL_VALHALLA_MATRIX;d2e1855034b58b96adc7e96692ecdfd418421287951591e544749061f277fab5;5efd0cd4f493374667b11ce372f3d2524f4beb8b53ff959506da9a938518c3bd;2026-09-28T19:47:05.797752+00:00;false
LOC-0008;LOC-0017;WALKING;2026-08-17T07:00:00+03:00;OK;4922;83;6896;LOCAL_VALHALLA_MATRIX;77501bcd43831184502766529e8079728577a2fbb49c25636682e8fdde3ec008;4bea4ed8d0b76e2619401fb8ea54fa37e2d5091701bcaa07f38034fed0e7d5d2;2026-09-28T19:47:05.797752+00:00;false
LOC-0008;LOC-0018;WALKING;2026-08-17T07:00:00+03:00;OK;4419;74;6208;LOCAL_VALHALLA_MATRIX;54c93de633e2c566f0d1809c7f85188b414dade50ecdef9323367bb9e5eaa5b4;e3dc69eb61714125f4400aa1412e465383f9dd48a85b11b2be0dcaebf5273c83;2026-09-28T19:47:05.797752+00:00;false
LOC-0008;LOC-0019;WALKING;2026-08-17T07:00:00+03:00;OK;918;16;1279;LOCAL_VALHALLA_MATRIX;0fd54f8f4347e76fd911aa65156f66459212c2dd7d5bf6a000ecfa842d3c127e;98b1a401a4af1cc7c56945279528c9893e47301f2bc5eeb5fc053ee1a0f955bf;2026-09-28T19:47:05.797752+00:00;false
LOC-0008;LOC-0020;WALKING;2026-08-17T07:00:00+03:00;OK;2121;36;2972;LOCAL_VALHALLA_MATRIX;04dd4ea6aca8bb346211990b2cf7c4d065eadf8cc556f95701e21be7afeb2809;9419eadc82edf7a8d3662d7cd1adaad610cd1fa9fe2df80c026a0ca8f08280ec;2026-09-28T19:47:05.797752+00:00;false
LOC-0008;LOC-0023;WALKING;2026-08-17T07:00:00+03:00;OK;3890;65;5460;LOCAL_VALHALLA_MATRIX;957520e71a7056d8ea898f8db8dad7506f57e38ea542e8c051d43fc0a785853f;c0fde85dcf9a9b0a41fd8ba1f659e84f847477a09860d13fb328560cae132f86;2026-09-28T19:47:05.797752+00:00;false
LOC-0008;LOC-0027;WALKING;2026-08-17T07:00:00+03:00;OK;4070;68;5716;LOCAL_VALHALLA_MATRIX;72e063e50c6a8617a802f9bfa313a3f2fab7b07ac46de94c3419112586988305;01c90edb59d51f2099ecbcfa67a4e22c0eb9b52f179668517f93f7538c4ec1df;2026-09-28T19:47:05.797752+00:00;false
LOC-0008;LOC-0028;WALKING;2026-08-17T07:00:00+03:00;OK;6240;104;9032;LOCAL_VALHALLA_MATRIX;1e334b71be337da8feddab60c12650bd44978aed062f66d56c9064a237763f2b;ef0c23c6e8b1c51abe7e517c3cce0636bcb76543e7d2592058497abe34d302d7;2026-09-28T19:47:05.797752+00:00;false
LOC-0008;LOC-0029;WALKING;2026-08-17T07:00:00+03:00;OK;6122;103;8865;LOCAL_VALHALLA_MATRIX;819941b56891a184f650f2d32e18e9fe535cfcedb2d126cd9ff73fa0fc673a76;eaf02924ea36b6abc7fa8f1e61db4845f7b4af774272de8bd8eaf6f02d80c062;2026-09-28T19:47:05.797752+00:00;false
LOC-0008;LOC-0037;WALKING;2026-08-17T07:00:00+03:00;OK;3646;61;5125;LOCAL_VALHALLA_MATRIX;1a6eddc9fc822d9ee2acfed30f9e8c291bf68064ab276a30c5099b50391559f3;deaf9e8be802513f5d7f6310ffb783c3070713c2a04f6a710dda2f7c5a02d2b2;2026-09-28T19:47:05.797752+00:00;false
LOC-0008;LOC-0045;WALKING;2026-08-17T07:00:00+03:00;OK;5795;97;8139;LOCAL_VALHALLA_MATRIX;d2bc8e1b049db3f6971cae1995de6cbf934c79f4f52a6823dc8cc82a403acc3e;da135253f0ec3e49a907cdb509b983b985eac74915474354dbacb61d9d5b7354;2026-09-28T19:47:05.797752+00:00;false
LOC-0008;LOC-0053;WALKING;2026-08-17T07:00:00+03:00;OK;6677;112;9483;LOCAL_VALHALLA_MATRIX;57a352d95065902fb0a5619eb670d710185a1afa3f408997e662eeb7010d4f65;92f68ef4d2fd93e1e3a11f64080653bac2ef5b743194aba89ee6f3d118ab3feb;2026-09-28T19:47:05.797752+00:00;false
LOC-0008;LOC-0054;WALKING;2026-08-17T07:00:00+03:00;OK;3371;57;4737;LOCAL_VALHALLA_MATRIX;13b4938ea7935109a14b899167d8169812be110cb2a03928515f87b6dd9d1f7e;30a3ddc3686b0b67b085cbddff01973f208b0830bb2501ed994ef03ce236b156;2026-09-28T19:47:05.797752+00:00;false
LOC-0008;LOC-0061;WALKING;2026-08-17T07:00:00+03:00;OK;692;12;967;LOCAL_VALHALLA_MATRIX;e55055852c892e8dad5c48711e83e1cd659e2bcfef1848f28a2bd74ac245fc97;c566ffa2acc1e89d8dfd2960a26fe46dd314e00292e8947861db055ae5d9406c;2026-09-28T19:47:05.797752+00:00;false
LOC-0008;LOC-0063;WALKING;2026-08-17T07:00:00+03:00;OK;7181;120;10044;LOCAL_VALHALLA_MATRIX;a7c04fffe98ceae8932accb429a6cdf327c9a80967df2470666a8a86765fea3c;72e865643210b0ea383f4c7d33701acca30a1565b7393cf4ad5c7cc2b8d1f639;2026-09-28T19:47:05.797752+00:00;false
LOC-0008;LOC-0064;WALKING;2026-08-17T07:00:00+03:00;OK;6702;112;9377;LOCAL_VALHALLA_MATRIX;3c7dff86f395fd74fe82c1dae1e8985bb8f5e7ca5711d05ebe630f3c5f4ee328;abe6f746fc54392fbb959cef1b90cf3c6c93c4b29d17fd345f67bbe06d2bd788;2026-09-28T19:47:05.797752+00:00;false
LOC-0008;LOC-0074;WALKING;2026-08-17T07:00:00+03:00;OK;3980;67;5576;LOCAL_VALHALLA_MATRIX;9c6be2de56645c745fff0448debc69cde283ae3e10507e3798737bf3c236f512;efb3340009375701e0567b7efd98e413acf3925e947fe85dfa076f6ad0c2a575;2026-09-28T19:47:05.797752+00:00;false
LOC-0008;LOC-0075;WALKING;2026-08-17T07:00:00+03:00;OK;4246;71;5967;LOCAL_VALHALLA_MATRIX;bcdafb8fdaf8ce356862469cbefff9f0ab34d9b5cea299529945f4cc6387418a;c3fddf99513e5ae9552c3080baf271b4d37b3928e3a7131266bbf160c46e2d28;2026-09-28T19:47:05.797752+00:00;false
LOC-0008;LOC-0076;WALKING;2026-08-17T07:00:00+03:00;OK;7438;124;14119;LOCAL_VALHALLA_MATRIX;0d2f5868a155e4732f5caff00af06c5c0bdbb168a70017d641232f4162ac2b4e;7e09a0fb322530b7a6240d99b09754503b73503227031061cd1ec32d75c29e7c;2026-09-28T19:47:05.797752+00:00;false
LOC-0008;LOC-0078;WALKING;2026-08-17T07:00:00+03:00;OK;5997;100;8401;LOCAL_VALHALLA_MATRIX;bded806a70e888c0dc4364283c51b4bdffae10b9aa70bc91ebe208523e8bcd3d;39542ee533e76e725fd4d6984ba011cab41e5b6fa0acdd15d04ffaaf62cd5928;2026-09-28T19:47:05.797752+00:00;false
LOC-0008;LOC-0080;WALKING;2026-08-17T07:00:00+03:00;OK;4044;68;5653;LOCAL_VALHALLA_MATRIX;dcd6761ba7c428533b816bfbd93f38e16e09f574e1a08b4958e5450b0ce4a20c;0dd2982a1144f00ee2e6a96b8d91b41eb7fbd6315fc4dbf8f2b43bda9921abbc;2026-09-28T19:47:05.797752+00:00;false
LOC-0008;LOC-0082;WALKING;2026-08-17T07:00:00+03:00;OK;6704;112;9406;LOCAL_VALHALLA_MATRIX;4b352f93dd3b09c5672eeca2f83c70c69cd45435390e7e63f4fac2d5656e2e6b;a15f139e7264b28b4bf6158c89436534c8500ddec9952512c69faee7770c8e1d;2026-09-28T19:47:05.797752+00:00;false
LOC-0008;LOC-0085;WALKING;2026-08-17T07:00:00+03:00;OK;5566;93;7823;LOCAL_VALHALLA_MATRIX;f2f0e86574db5ebac08caf992be7b473166ef60cfae2b4d516a2280c489590b6;7871c24f04f335a5a31c92ee3104b91a558b062e695eafc3dba58b5d1ddfb705;2026-09-28T19:47:05.797752+00:00;false
LOC-0008;LOC-0086;WALKING;2026-08-17T07:00:00+03:00;OK;5345;90;7511;LOCAL_VALHALLA_MATRIX;80f9fc0afd1265965405f1dc0d104ed76ffdf0fda1809f40a293f546f5d90caf;d4586019c5bb939f1de1aea5e23057a5489b5f312352d094abaf7428c15ca3cb;2026-09-28T19:47:05.797752+00:00;false
LOC-0008;LOC-0091;WALKING;2026-08-17T07:00:00+03:00;OK;1013;17;1418;LOCAL_VALHALLA_MATRIX;3a55503d650f0aece426ab15b235683dddef3a10587492bd506cd4b30ef50a2a;dba3b65f165a556071cd6d46629d57e95a73740429fba235de32eb55b2a1d7e9;2026-09-28T19:47:05.797752+00:00;false
LOC-0008;LOC-0092;WALKING;2026-08-17T07:00:00+03:00;OK;1589;27;2219;LOCAL_VALHALLA_MATRIX;171ef7e81a8fe872874be2d18bbdcfebd0f4d45a99eb1b8b970b96d6a5b7b787;5dd3fc78e0e6af5fa879e8af44ce16e505df67db5d390573ae108fb283c855e0;2026-09-28T19:47:05.797752+00:00;false
LOC-0008;LOC-0093;WALKING;2026-08-17T07:00:00+03:00;OK;1665;28;2325;LOCAL_VALHALLA_MATRIX;26ebf5927e0104d13f81399efe64b526722621af5c90371362d30313f886d928;e55f393f1d2de40d7ed336e808e6a7edda7cd353d8a66714cee9a38a30813eea;2026-09-28T19:47:05.797752+00:00;false
LOC-0008;LOC-0094;WALKING;2026-08-17T07:00:00+03:00;OK;5755;96;8093;LOCAL_VALHALLA_MATRIX;be49d35ff409ed045e2da117e4fd7dc37a61de71c1cab1361abe13529c268465;3e774baab51a7dd370a143f5b6399739351d9176180f28888dbf1bff9e65fcf3;2026-09-28T19:47:05.797752+00:00;false
LOC-0008;LOC-0095;WALKING;2026-08-17T07:00:00+03:00;OK;6292;105;8843;LOCAL_VALHALLA_MATRIX;e5a3a3e0291e1537f3ac3031eafa8f021eb478869a2056e6938506f332c092bc;750456e87a46621458d652dccd8b04c71dc9acf0f4bdf19c1e76a1cc5d5c8ca0;2026-09-28T19:47:05.797752+00:00;false
LOC-0008;LOC-0102;WALKING;2026-08-17T07:00:00+03:00;OK;6898;115;9652;LOCAL_VALHALLA_MATRIX;324764377ecbbfd499590ee55a2013fbe7c2d82af4df6988638d64bb142f7a2e;c83d9f0d14ca31055e179dd453fb463fe0d21d442ef79292a878b2ef162da79d;2026-09-28T19:47:05.797752+00:00;false
LOC-0008;LOC-0112;WALKING;2026-08-17T07:00:00+03:00;OK;2491;42;3456;LOCAL_VALHALLA_MATRIX;741e76a87228d1ceaeaba88fe923341ffdf7dacf37f0b3bbb7224f91aedc6b5d;647f29b67d7fb30fd520357a880e51bcbccd061a1aab802f34a345ef7c1087b1;2026-09-28T19:47:05.797752+00:00;false
LOC-0008;LOC-0124;WALKING;2026-08-17T07:00:00+03:00;OK;8405;141;19869;LOCAL_VALHALLA_MATRIX;4ed7c99b6ccc408e5ba071ba4447a8a277eb1dd5c4cbe6aa4e3caa51724afe10;4e7a324507286f8fb5a63050187a489b848f81e457fd05743ea5dbd5d2080ba6;2026-09-28T19:47:05.797752+00:00;false
LOC-0008;LOC-0125;WALKING;2026-08-17T07:00:00+03:00;OK;4315;72;6047;LOCAL_VALHALLA_MATRIX;98e3ac86b7f6956de60f8b845653daa39e18236b9709be1aa1489873966b3150;be0f18ad7247e8fc364d50c7fcd6d7996a0ebb8d958012e9b747592cb1a8d02b;2026-09-28T19:47:05.797752+00:00;false
LOC-0008;LOC-0126;WALKING;2026-08-17T07:00:00+03:00;OK;2558;43;3592;LOCAL_VALHALLA_MATRIX;6da968d773844945c30eca246f2f9009c976a6f6a031ff0d8575795981842bd5;8e06deb79264ab7fd164c6511e539cfb0a56f0c1349f7369637eb3519704d83c;2026-09-28T19:47:05.797752+00:00;false
LOC-0008;LOC-0128;WALKING;2026-08-17T07:00:00+03:00;OK;3623;61;5093;LOCAL_VALHALLA_MATRIX;dfbcc6c7b2f68b1ecd42b0b6804bdc65652e99f7cc381186beba9bc4df984508;568816dfedee64aefe08c579df93b2ba2fadaa957971c8d548bc149c77673886;2026-09-28T19:47:05.797752+00:00;false
LOC-0008;LOC-0134;WALKING;2026-08-17T07:00:00+03:00;OK;5368;90;7543;LOCAL_VALHALLA_MATRIX;fb1958072c4f260ed33e7d9e4d6a0a270e78fd31b9a65114628e74af1aef4d56;977a7dc5f40c8e6606eb610aa11ccce9195f368cf11f0909a2c0ebd5c3d9ef56;2026-09-28T19:47:05.797752+00:00;false
LOC-0008;LOC-0135;WALKING;2026-08-17T07:00:00+03:00;OK;5449;91;7659;LOCAL_VALHALLA_MATRIX;7355d408d4369853703d7d02bf128cb69fb7dd3a1e518ebe7f2833857ef1cde4;a0aa2485c81db91aa595efdf63136caa7c37de0172f050278f65fce0353e1e9e;2026-09-28T19:47:05.797752+00:00;false
LOC-0008;LOC-0136;WALKING;2026-08-17T07:00:00+03:00;OK;5604;94;7867;LOCAL_VALHALLA_MATRIX;9e8caaab9d09081a20d75683e352faa70faf9c249dda5b29d03086f24480b5f1;3017b4e6429452a68253b0a4f9f1a68ea821ab0295840d1d5344f1be1faa7180;2026-09-28T19:47:05.797752+00:00;false
LOC-0008;LOC-0140;WALKING;2026-08-17T07:00:00+03:00;OK;6445;108;9021;LOCAL_VALHALLA_MATRIX;d6a00919bfe25960c4d83535ce48df8c4ecc2a47fc50b9315307a8c1e39c4a72;0a9f770d17117e12f4e301955f36402a3905e3b31c6cc327454294ee5d3cc66c;2026-09-28T19:47:05.797752+00:00;false
LOC-0008;LOC-0141;WALKING;2026-08-17T07:00:00+03:00;OK;7730;129;10830;LOCAL_VALHALLA_MATRIX;1a7bc53bd8885f8de3f81e85ba58ecde178e2c2d073da369832bf43de90a99c4;a0dc6b5aca080e2180973bb4b94759844a45daf7522851e73529d06a2ff9be5e;2026-09-28T19:47:05.797752+00:00;false
LOC-0008;LOC-0142;WALKING;2026-08-17T07:00:00+03:00;OK;7811;131;10903;LOCAL_VALHALLA_MATRIX;db0016560a7c1993814213f6c7540b09b56b5aa77bc8872340de5181a5644ef4;3290760e181da698c47905ec2a869e4cb09d989c74bc493a202e91461dbc8071;2026-09-28T19:47:05.797752+00:00;false
LOC-0008;LOC-0145;WALKING;2026-08-17T07:00:00+03:00;OK;2211;37;3094;LOCAL_VALHALLA_MATRIX;43860ba43f02e088f34d0cac18f05c6c8c246ed607fc1c74df6605692bb281bc;09aa97f4b2af65a9aea9ad5251170f6d91ad8926faeefd6eecbcb20fa8fcaa82;2026-09-28T19:47:05.797752+00:00;false
LOC-0008;LOC-0148;WALKING;2026-08-17T07:00:00+03:00;OK;4487;75;6288;LOCAL_VALHALLA_MATRIX;38a26e2fcfd52329868261fb3a5a79aa81cb306f1bd3da04bf938deaddf057b0;a0518072d8475ff1f64d514616751ed5f874aa5737f4b1d412fb201c21f633c9;2026-09-28T19:47:05.797752+00:00;false
LOC-0008;LOC-0149;WALKING;2026-08-17T07:00:00+03:00;OK;4145;70;5814;LOCAL_VALHALLA_MATRIX;615a4ee23d6e6dd5b872bbdfe6790b5f95df597884f62036d8617bd149c63488;b6bb56d11a20a92f4b829bc9d1072b38629f616ab9a7688bb3af38ccf35c8592;2026-09-28T19:47:05.797752+00:00;false
LOC-0008;LOC-0150;WALKING;2026-08-17T07:00:00+03:00;OK;4021;68;5642;LOCAL_VALHALLA_MATRIX;2cf7ca180c96a08ebbf638525800a9671ef6088648d843e109490253c8f8456f;8214f136445b1852461c9f9a5140cbf1be8c34de1475c2a8c8beab06047889f2;2026-09-28T19:47:05.797752+00:00;false
LOC-0008;LOC-0151;WALKING;2026-08-17T07:00:00+03:00;OK;4716;79;6605;LOCAL_VALHALLA_MATRIX;73837240f1a39cea9748f60e375f7711520dd5e0129bdce4abcc75dbafe6365f;0f24cc1610d63948f3c94e135583faf173fd714b541e8da6692c05818f30a529;2026-09-28T19:47:05.797752+00:00;false
LOC-0008;LOC-0152;WALKING;2026-08-17T07:00:00+03:00;OK;4720;79;6613;LOCAL_VALHALLA_MATRIX;431341a77eb6be032c4cb7dbb0f1e6c21c27d9eebf047544614d0463b7edc3b1;b67f0b4002d1e9f142d811a5118f94f9e2ff278938828f9475652315fcf01ac3;2026-09-28T19:47:05.797752+00:00;false
LOC-0008;LOC-0190;WALKING;2026-08-17T07:00:00+03:00;OK;1532;26;2145;LOCAL_VALHALLA_MATRIX;d3743b64dcc564b63e1a8258b39e4dc38fb8e5285bbde07e9794121d71a7c9f3;92970b099cff0c67540fc1636407aac0c9d067eee01ffaec3f7fe58304d8758e;2026-09-28T19:47:05.797752+00:00;false
LOC-0008;LOC-0196;WALKING;2026-08-17T07:00:00+03:00;OK;4980;83;6969;LOCAL_VALHALLA_MATRIX;2c31f20b85d5470df2c4586fc132fd64b366790e1fb944869ad6e40b110d3736;064e9320579c17df95e4f8473d78eeb3e494f080e7b8ed215952c91123c57c7f;2026-09-28T19:47:05.797752+00:00;false
LOC-0009;LOC-0002;WALKING;2026-08-17T07:00:00+03:00;OK;5512;92;17362;LOCAL_VALHALLA_MATRIX;14a8ee055a438802d6726efed28d41def4e9f2fa273b841c7ce0eb85fb2e9867;40b16f011a391ea39b9de020232b46c0d61227733cc0bc66a5f11b233f9baa1b;2026-09-28T19:47:05.797752+00:00;false
LOC-0009;LOC-0008;WALKING;2026-08-17T07:00:00+03:00;OK;8146;136;19469;LOCAL_VALHALLA_MATRIX;2a0190d60de26bfb09ce4fe6e0489231f2ca267baef6454a88d66bd1a41064a6;d9c5479630eaaea41d99a1fef19062e25909984c22c79d713aed814deb886ae3;2026-09-28T19:47:05.797752+00:00;false
LOC-0009;LOC-0009;WALKING;2026-08-17T07:00:00+03:00;OK;0;0;0;LOCAL_VALHALLA_MATRIX;90281af75a513707682b9918e92911b33ee58e059c08bc0bd1a2227ba030f417;3d5812abc84c11768aa73a732c85d75dbed439188f5bb3239e9b762ea31d9862;2026-09-28T19:47:05.797752+00:00;false
LOC-0009;LOC-0010;WALKING;2026-08-17T07:00:00+03:00;OK;8592;144;20106;LOCAL_VALHALLA_MATRIX;aa759aee469b494250040d43d35b804f855fa67b520ecb0538c1c8d737850158;d8f3c8084496fcf21af0ec5572bd5d008e5869dced47fd72704ee2172e922b06;2026-09-28T19:47:05.797752+00:00;false
LOC-0009;LOC-0011;WALKING;2026-08-17T07:00:00+03:00;OK;7690;129;18812;LOCAL_VALHALLA_MATRIX;360c9513754e403eecfd087e6e23b98e046b404fbb171bd852d8e01d9bc77eb6;e2250f9783624cd55cfb4c2b60e8b07c987e2701aed385945fcb62982229213e;2026-09-28T19:47:05.797752+00:00;false
LOC-0009;LOC-0012;WALKING;2026-08-17T07:00:00+03:00;OK;7764;130;18939;LOCAL_VALHALLA_MATRIX;96679f58f77b0b2eec5d9d51d965813523f89ff2b0acfff6464f4130818c4573;3cf232100e556ec205c43af93d3d9896adc8bc3db5dcc141ba5f7bed947d1973;2026-09-28T19:47:05.797752+00:00;false
LOC-0009;LOC-0013;WALKING;2026-08-17T07:00:00+03:00;OK;5955;100;17996;LOCAL_VALHALLA_MATRIX;2ba9e0e67cd271ad92fc5fa73fc58f8f3a0ceb22c3b28cbd42a96b64c53b3816;36b090323acd52c199c2957f2063b5f86e93db486e281e5c21f0d0ee4f46c30a;2026-09-28T19:47:05.797752+00:00;false
LOC-0009;LOC-0016;WALKING;2026-08-17T07:00:00+03:00;OK;4459;75;10165;LOCAL_VALHALLA_MATRIX;aa5a7e5fb074cfc3692d2098df19a07dd64221b2db12df05a48d05f2540fd003;b56e9517a1ea49af7976a696087c1b19789ba278a73cbee8061105863e0d3648;2026-09-28T19:47:05.797752+00:00;false
LOC-0009;LOC-0017;WALKING;2026-08-17T07:00:00+03:00;OK;4844;81;11457;LOCAL_VALHALLA_MATRIX;438d08251ef92f7ba0a638910992e592c641d45330168ea1e9909e246ef58eac;3ffaf18e5df2c0ce566dbc52c51cd29e5dd08dbb144ece1a41502e4819b79073;2026-09-28T19:47:05.797752+00:00;false
LOC-0009;LOC-0018;WALKING;2026-08-17T07:00:00+03:00;OK;5203;87;11943;LOCAL_VALHALLA_MATRIX;d2eb14e2d2f483c5ee9f10e917e34418af69ebd9803bae429dee33e70c96085e;8b66e3a768048c4f9caa1705b46be463d85366fcf45b59e296f46147778d48a5;2026-09-28T19:47:05.797752+00:00;false
LOC-0009;LOC-0019;WALKING;2026-08-17T07:00:00+03:00;OK;9072;152;20776;LOCAL_VALHALLA_MATRIX;7d513b2a869a9d39b6a95e4b589269f70534b6075f8c84b58e90e9d609716f7e;4b028a3eee6a7989bc22417b083bc7e64a63319cdbca2873bbe1edce62e8678b;2026-09-28T19:47:05.797752+00:00;false
LOC-0009;LOC-0020;WALKING;2026-08-17T07:00:00+03:00;OK;9513;159;21394;LOCAL_VALHALLA_MATRIX;6633cef46bb450f7ac33ee0740499d33b5efb6a3ccd8edd23c8fa6a67c011ace;b68ee57ac1ccea63ae1e8fdf253d3081c98309edd8136a0b637cc3b62928880b;2026-09-28T19:47:05.797752+00:00;false
LOC-0009;LOC-0023;WALKING;2026-08-17T07:00:00+03:00;OK;6309;106;13485;LOCAL_VALHALLA_MATRIX;49ec33c32190ff154c57c619c8a7ef335893b2d9312fd0d890b28cc2881d0dd6;3719b01bbfbc98d2ff298fa878b49ed6ab30e17bd35de58a003ff1f404b6bd3b;2026-09-28T19:47:05.797752+00:00;false
LOC-0009;LOC-0027;WALKING;2026-08-17T07:00:00+03:00;OK;5021;84;14362;LOCAL_VALHALLA_MATRIX;293e1a2fd02cb4f54cc5f054046b29e7695ad34d9140cc3229260974504c6a2f;786d6c91b996b44e9107f813411c9bd7dc84e5b9b041b9d804cc9209ea399ee1;2026-09-28T19:47:05.797752+00:00;false
LOC-0009;LOC-0028;WALKING;2026-08-17T07:00:00+03:00;OK;4603;77;13809;LOCAL_VALHALLA_MATRIX;455e04bde99bca7b099ce846a003ec231a7358703a14720269f19cf7b4266602;120fb18dd2a68ba711aa7cc037ae4d4081aa3fbcb1c7306255690f3d5419e237;2026-09-28T19:47:05.797752+00:00;false
LOC-0009;LOC-0029;WALKING;2026-08-17T07:00:00+03:00;OK;4485;75;13642;LOCAL_VALHALLA_MATRIX;6f0cb1765918b24f2368d81ced376c828a195585986218b3ef274c9c3b3493db;9921eacc113a01848916a32538499fe850bf6ac0c0586e3cb7e6439f82450474;2026-09-28T19:47:05.797752+00:00;false
LOC-0009;LOC-0037;WALKING;2026-08-17T07:00:00+03:00;OK;6627;111;17343;LOCAL_VALHALLA_MATRIX;f52dda810f758cd73e198f71e91a9b617bd3f2d61da8b166d2019cac4f16899a;e2150e5a291302feeff99a96607977ca6f58c46a67909622b8c9a6ce0a947367;2026-09-28T19:47:05.797752+00:00;false
LOC-0009;LOC-0045;WALKING;2026-08-17T07:00:00+03:00;OK;3703;62;5121;LOCAL_VALHALLA_MATRIX;893bf7b4210d7389bfd537a8a0204ec992bee14bac7aa765de53cab7400f3981;2e952e1f7e659a9e49f0bfcf950d2ae63caed4508e68802e662401a3908cdd77;2026-09-28T19:47:05.797752+00:00;false
LOC-0009;LOC-0053;WALKING;2026-08-17T07:00:00+03:00;OK;5059;85;10999;LOCAL_VALHALLA_MATRIX;0dc05d0a758fdb46ab155a4e24e6d9bedb6faf7c827e78bec72950ddb937ae55;d228a4c55e34dc23d5c285a97ae3a281bc0df6d987800b3a685d7aa4f307dab4;2026-09-28T19:47:05.797752+00:00;false
LOC-0009;LOC-0054;WALKING;2026-08-17T07:00:00+03:00;OK;6475;108;17126;LOCAL_VALHALLA_MATRIX;a446de0f52b2c5d986506e3926756e62724f9d901a6bb166f8919d17d41a790d;ed458586123cc27e23e8585cfa67d48e91b891d88e64d703d8ccce20f257aa64;2026-09-28T19:47:05.797752+00:00;false
LOC-0009;LOC-0061;WALKING;2026-08-17T07:00:00+03:00;OK;7645;128;18713;LOCAL_VALHALLA_MATRIX;04833deb8694256b822c2835b295da45dc43fd96084f602380d0626fe3c841e0;1dc38e7c16fa8746cde6562a1058c4e11f208bd0bb5372aad0da9413ba2d73da;2026-09-28T19:47:05.797752+00:00;false
LOC-0009;LOC-0063;WALKING;2026-08-17T07:00:00+03:00;OK;3269;55;4504;LOCAL_VALHALLA_MATRIX;b061cad2e310571658afbcf7aea8b9666147e0818eb852b3fe57e5cf869cb787;7756ca9c67f7f663ab4330310d9e9b101c308eaad8dfd1acc74e988766c34967;2026-09-28T19:47:05.797752+00:00;false
LOC-0009;LOC-0064;WALKING;2026-08-17T07:00:00+03:00;OK;3076;52;4218;LOCAL_VALHALLA_MATRIX;7cc07e8bb0e282dd406ae22a1a500c42dd29568aaf59bd41baa74c3ef4bf2272;b890b003c256a9f2364780d0ed0a8ff8549dd469f312f4131feeed2788b24e4a;2026-09-28T19:47:05.797752+00:00;false
LOC-0009;LOC-0074;WALKING;2026-08-17T07:00:00+03:00;OK;5836;98;12848;LOCAL_VALHALLA_MATRIX;6e6e77598bf1f08e497f427bf0864ee6aff79ff079c0ef10e55f1bd62c699c34;fbca964fb1e5e481b7e63af6745eb80a65da315436e2fd0bf0ef514ad955305f;2026-09-28T19:47:05.797752+00:00;false
LOC-0009;LOC-0075;WALKING;2026-08-17T07:00:00+03:00;OK;5371;90;12197;LOCAL_VALHALLA_MATRIX;6405c2850d7ab863f4980bd00191545b11c43dc304f7c2f914dc48864cda0497;60609ba439e43c930a9d06aee5b6da5b6fa82d138d605f1f425882c3d3355bd9;2026-09-28T19:47:05.797752+00:00;false
LOC-0009;LOC-0076;WALKING;2026-08-17T07:00:00+03:00;OK;4089;69;9655;LOCAL_VALHALLA_MATRIX;3d98ad600bc8ef57b2cbc148c1e27734415a4312bc418650d3e364d30d9ee823;794df815935c2dd064c41479f24b3132db1b8544ce2ce433fc36cec1ea595af1;2026-09-28T19:47:05.797752+00:00;false
LOC-0009;LOC-0078;WALKING;2026-08-17T07:00:00+03:00;OK;3220;54;4420;LOCAL_VALHALLA_MATRIX;7d1e94446ad7812dbff98a02ac289918133a26cef0efd42fd989f8e826c9625b;6c5674b448363814a0b6a9ff4b3acd7e869fb735b073750413499e5afcc576b1;2026-09-28T19:47:05.797752+00:00;false
LOC-0009;LOC-0080;WALKING;2026-08-17T07:00:00+03:00;OK;5575;93;12475;LOCAL_VALHALLA_MATRIX;4ce99dc8d977d405a202171349c6b8d59c84c85b6b510ac94ee785b16807c51a;88bf34c035bcc7acb4a6bbf274d15b8d8109b43226e0f864ac54d0785400398c;2026-09-28T19:47:05.797752+00:00;false
LOC-0009;LOC-0082;WALKING;2026-08-17T07:00:00+03:00;OK;3735;63;5145;LOCAL_VALHALLA_MATRIX;227120c2924f50a9f4922133f894f7715db220b338d5c0a43a6741cf43745fbc;2e32be905e4bbf9d99e4e74a6add91a49255e5d2a918c16de356ea5aca0e0d49;2026-09-28T19:47:05.797752+00:00;false
LOC-0009;LOC-0085;WALKING;2026-08-17T07:00:00+03:00;OK;6316;106;18499;LOCAL_VALHALLA_MATRIX;42dd7646537d90ecaac3a2b1152c6f6b7f7dfefcdc14ae93e6c3ead84d5b5591;4201d3dd7ab4fb7589830eb5f4965d7bb6eaacf4d4b5bb4d7df73b485780fc35;2026-09-28T19:47:05.797752+00:00;false
LOC-0009;LOC-0086;WALKING;2026-08-17T07:00:00+03:00;OK;6388;107;18593;LOCAL_VALHALLA_MATRIX;3af7bba273cbf841cc2b6cfb2855f99e7d0894cce979a198b549c62bae734986;5d680be5649610f01a88bb90061ddbeab1eaf94ef2b8d252098bfe07b0aae515;2026-09-28T19:47:05.797752+00:00;false
LOC-0009;LOC-0091;WALKING;2026-08-17T07:00:00+03:00;OK;8326;139;19728;LOCAL_VALHALLA_MATRIX;cbe0880968f7498279390d7fb7ee2c9f2d5a09297d6ff8c1dab65d2dbeae7043;1d62a64b3736108816c9dd24349bde64163ca898fa54c29dc2a9a8000236ca7c;2026-09-28T19:47:05.797752+00:00;false
LOC-0009;LOC-0092;WALKING;2026-08-17T07:00:00+03:00;OK;7951;133;19201;LOCAL_VALHALLA_MATRIX;61b71b26ef44ea77fb91c8fcc451f832827416e95b17913c8eaf657a68f11442;1673e9a467a6a30734916743f6d5e30151528476b5b5e97bfd66737aad9478c7;2026-09-28T19:47:05.797752+00:00;false
LOC-0009;LOC-0093;WALKING;2026-08-17T07:00:00+03:00;OK;7810;131;19006;LOCAL_VALHALLA_MATRIX;7d81d56598d13c0c62a0433cb8ce15373f67e4d76209a44f0463ee3ee57c2016;969487fed77d1e750504e5962b40c808ddbb22f0dc6ea3c70a56e2659efa9b94;2026-09-28T19:47:05.797752+00:00;false
LOC-0009;LOC-0094;WALKING;2026-08-17T07:00:00+03:00;OK;7138;119;22844;LOCAL_VALHALLA_MATRIX;a85edb9e8a065af7fcb5b308707407e83a7551b9cb5753994c0ad9cd13662509;b12d160da4d02db78a663db742c6a8dd64b116b556797b801a1f33d7833ebc44;2026-09-28T19:47:05.797752+00:00;false
LOC-0009;LOC-0095;WALKING;2026-08-17T07:00:00+03:00;OK;6855;115;22445;LOCAL_VALHALLA_MATRIX;20f2f4651b6553d0840d176cb195aa6178161523d2b417adeea7d9f83edda8c0;477e959efa714d0d6c6bbc0dc237616e7db2d55c04e0a0585e76c24c5d4af457;2026-09-28T19:47:05.797752+00:00;false
LOC-0009;LOC-0102;WALKING;2026-08-17T07:00:00+03:00;OK;2533;43;3477;LOCAL_VALHALLA_MATRIX;fb91f792c2bdde21aa02b9e6bc06c6c0124d4d9ecb5102ee7eb25ce4a34e21ec;f89ec31acf38e6a61956104661e04401420e5707b072e055ff4fce92e90a0da1;2026-09-28T19:47:05.797752+00:00;false
LOC-0009;LOC-0112;WALKING;2026-08-17T07:00:00+03:00;OK;6726;113;17448;LOCAL_VALHALLA_MATRIX;4cb07d55a047e55405b934cfe8e64f28df2dd5893e5e90d3a3c84c20faf9143f;6a13d26844f4e7d0955cfb93d157af6dbb0864f223066eb3cb4128eb91deb427;2026-09-28T19:47:05.797752+00:00;false
LOC-0009;LOC-0124;WALKING;2026-08-17T07:00:00+03:00;OK;558;10;738;LOCAL_VALHALLA_MATRIX;a0ad28a0946e6d916c3593590063949d56537ab920dd686378a5b26e326e393e;0c674471599aa66540b414f0ee61075dd79905ae99901261ce10049a4e548854;2026-09-28T19:47:05.797752+00:00;false
LOC-0009;LOC-0125;WALKING;2026-08-17T07:00:00+03:00;OK;5584;94;12472;LOCAL_VALHALLA_MATRIX;aced0ea322f21abe68220b5df82bd2de13a347d376b3fa619122344365938682;c853d291d1f7522754e825818a619777b6a0c511ecc1d8246d3cb8c8ba2154c0;2026-09-28T19:47:05.797752+00:00;false
LOC-0009;LOC-0126;WALKING;2026-08-17T07:00:00+03:00;OK;5953;100;16390;LOCAL_VALHALLA_MATRIX;4d853e71376b3efaa7eba563e978208b4cdcd7305fab396017a4dfcaa87fcabc;34c72e59720addb81fdd2095392b0fefb32a78bf8aee224789df65258f419f13;2026-09-28T19:47:05.797752+00:00;false
LOC-0009;LOC-0128;WALKING;2026-08-17T07:00:00+03:00;OK;6458;108;17102;LOCAL_VALHALLA_MATRIX;a30b384f56d346fdc55a2c25f132babcea2b587ca17ec6e55690760394a11abb;84542ec19774d95b6eed14c5d2726f2d678cbd1ae235ab7c73e7a029b618418d;2026-09-28T19:47:05.797752+00:00;false
LOC-0009;LOC-0134;WALKING;2026-08-17T07:00:00+03:00;OK;5674;95;17598;LOCAL_VALHALLA_MATRIX;e3ed086fc83e4616b23407d7f53d8934b2768e198e937a6a966829f469f516db;57bc27043557639e535c29f864a9d66c64393a8a2f332a13e90a83320745e4e6;2026-09-28T19:47:05.797752+00:00;false
LOC-0009;LOC-0135;WALKING;2026-08-17T07:00:00+03:00;OK;5664;95;17584;LOCAL_VALHALLA_MATRIX;9bffcd7beff2c2119b7f344056ab0e1415ac6cfa5bac8ef05973ab1ad9969212;253858adc26570f0e5643483d4e7a085af89d8824fc60b4d4dcf99c0a51dd802;2026-09-28T19:47:05.797752+00:00;false
LOC-0009;LOC-0136;WALKING;2026-08-17T07:00:00+03:00;OK;6079;102;18158;LOCAL_VALHALLA_MATRIX;11d6249290bcd6958cace0596b1b991074b123dbccff74ada314098b68efedec;2ec8382ce9a8e598fe8fa5064ddc80825543ede9403bad9bf20a9eff239e6ba8;2026-09-28T19:47:05.797752+00:00;false
LOC-0009;LOC-0140;WALKING;2026-08-17T07:00:00+03:00;OK;5695;95;15515;LOCAL_VALHALLA_MATRIX;f93fa44b44c7fc7ded389725fd4b62504691781248d8bf3ed3d271875a1d4a38;e3c06464434a55b5fc0c69f3d629b1066b7c8c90c1dbb3d87355a9ffd0a568d2;2026-09-28T19:47:05.797752+00:00;false
LOC-0009;LOC-0141;WALKING;2026-08-17T07:00:00+03:00;OK;2130;36;2919;LOCAL_VALHALLA_MATRIX;7d9edf355a5e4991d45d0e5f0dfc7728bc7edd10595f1294052e192d59de7fcc;1a180f0ed7097ae896f50c39f881ae631a59db8575c3ba795e7a44c2458efd8f;2026-09-28T19:47:05.797752+00:00;false
LOC-0009;LOC-0142;WALKING;2026-08-17T07:00:00+03:00;OK;2514;42;3414;LOCAL_VALHALLA_MATRIX;5ae2f6564c12b7f1732db0adf0a7a7e16bc1a6ae78ff0f78d6b1075d4b9345d5;e6d27c27fbe8ed3d7c004e21d5fff775ca08e526f0c50c0e23d372d471677f94;2026-09-28T19:47:05.797752+00:00;false
LOC-0009;LOC-0145;WALKING;2026-08-17T07:00:00+03:00;OK;8596;144;20099;LOCAL_VALHALLA_MATRIX;225fe1ad022a0a02529c9816c3d19e32797273e1a2b7922a9a11e54ef327ec66;875b1b4b44323ef07d626e4c4b83b842adb56fa24a5017514cf231918efe0f58;2026-09-28T19:47:05.797752+00:00;false
LOC-0009;LOC-0148;WALKING;2026-08-17T07:00:00+03:00;OK;5235;88;12015;LOCAL_VALHALLA_MATRIX;06678166ff2c10eb0f94365193f20aeede52bfa4d094dc99a1ba2560431ee6d5;cf5079214f96b54fbdeb5c9c7b7a891833f0efda46a9bed8baf021b188a9c8dd;2026-09-28T19:47:05.797752+00:00;false
LOC-0009;LOC-0149;WALKING;2026-08-17T07:00:00+03:00;OK;5546;93;12454;LOCAL_VALHALLA_MATRIX;016002b44f13376d6201990be9f9abcf56608d48db3864e144c08717dfaa38b5;153d5cd0ada31cd23ee6ab190cc4af430a72606042fbff8187ea7c58a6ab09c4;2026-09-28T19:47:05.797752+00:00;false
LOC-0009;LOC-0150;WALKING;2026-08-17T07:00:00+03:00;OK;5678;95;12641;LOCAL_VALHALLA_MATRIX;244f6da380679829248848416eda5e9422a73fe03ab6820d91c6423807b49ff0;bf535669377e7c375cd02b9d8fe420093978bf6670aa01ac72f22db992be755f;2026-09-28T19:47:05.797752+00:00;false
LOC-0009;LOC-0151;WALKING;2026-08-17T07:00:00+03:00;OK;4953;83;11616;LOCAL_VALHALLA_MATRIX;b1f6bf1d60b5d1e777c9c825f9fef15d049a2d7e2795d4aa6dfafae64c237c00;15dda113dd7f91c5e4588fba74eb8b0c332878b387e1645f246e9c6944478864;2026-09-28T19:47:05.797752+00:00;false
LOC-0009;LOC-0152;WALKING;2026-08-17T07:00:00+03:00;OK;4974;83;11646;LOCAL_VALHALLA_MATRIX;f562cb83913da003305d4613654125ce5620a2fb58fad6c3ed3b8bba4ba9bd08;ab3433c35e424032b23fd3eb51cf405a1cc95bd29e40acade418cb6fb8e7a12b;2026-09-28T19:47:05.797752+00:00;false
LOC-0009;LOC-0190;WALKING;2026-08-17T07:00:00+03:00;OK;8192;137;16168;LOCAL_VALHALLA_MATRIX;b43875834396c3e8c3ab22645e318778b9c86dd953db3094a7f16edb9d5f686c;10c73a37f651dc1e59a2c8dbf647a4b89566cd504e533c9c74374f0f9c27c3a8;2026-09-28T19:47:05.797752+00:00;false
LOC-0009;LOC-0196;WALKING;2026-08-17T07:00:00+03:00;OK;5605;94;12514;LOCAL_VALHALLA_MATRIX;e5a501baf129ba1438bfb6d5fcb235b398fd9fc016683d864548b88d6eea6e01;62ce92447b227885f15194254ec1da38623a3d8943cd8d31ad2c7f417723e94e;2026-09-28T19:47:05.797752+00:00;false
LOC-0010;LOC-0002;WALKING;2026-08-17T07:00:00+03:00;OK;5695;95;7981;LOCAL_VALHALLA_MATRIX;34a6fc4fd71bea8667602defd9c3f5fe89617acd515e34856669ba1968fa8469;af1485cbf4eda6fbe48212df06440d7986865c98c7f4f62434c66051756ff5bf;2026-09-28T19:47:05.797752+00:00;false
LOC-0010;LOC-0008;WALKING;2026-08-17T07:00:00+03:00;OK;679;12;947;LOCAL_VALHALLA_MATRIX;6ef812c8acd929d68d851a0dd41015b7caae0ad9f91328fffc2f69aa0e15dee1;bb7ba5bbb28197245f213944ffb938c3af9e1235566c2150caa212cc8074f039;2026-09-28T19:47:05.797752+00:00;false
LOC-0010;LOC-0009;WALKING;2026-08-17T07:00:00+03:00;OK;8712;146;20275;LOCAL_VALHALLA_MATRIX;b996aecb45530d669eecaad4a99956925de9c279e39aeadc1f91d00632f5e7c8;7a1c50fdd500ad557a1d5c8e828f3cb670ceb1261a2033e476e5129926d9c50b;2026-09-28T19:47:05.797752+00:00;false
LOC-0010;LOC-0010;WALKING;2026-08-17T07:00:00+03:00;OK;0;0;0;LOCAL_VALHALLA_MATRIX;bf50bdf6cdc47470b3456428cde5fcef536ce4426d9ffe69eeafce0645669ea3;3d5812abc84c11768aa73a732c85d75dbed439188f5bb3239e9b762ea31d9862;2026-09-28T19:47:05.797752+00:00;false
LOC-0010;LOC-0011;WALKING;2026-08-17T07:00:00+03:00;OK;1316;22;1853;LOCAL_VALHALLA_MATRIX;dfc8c7032ff3a38d51b543391e48dfd72f085071a30f958d09d1c9d2d328e0bd;2286c53348625aff928b10536c3099cce5e60ec05baabb8709988e72ce9b6eb0;2026-09-28T19:47:05.797752+00:00;false
LOC-0010;LOC-0012;WALKING;2026-08-17T07:00:00+03:00;OK;994;17;1386;LOCAL_VALHALLA_MATRIX;0e4f79b9f71973b8ad0de32e03a83724ca35829063c3ea8fa3101e0c1fcf2450;f7d30c573a17fb35a23b8fed78b47cbfd4279e54c3dfb3c167b91747222cfe12;2026-09-28T19:47:05.797752+00:00;false
LOC-0010;LOC-0013;WALKING;2026-08-17T07:00:00+03:00;OK;7970;133;12328;LOCAL_VALHALLA_MATRIX;44a3137137162ffd4e00457dad50d910903c99a6a83308cc01de5c57c09498ee;5fe6fd7b046dcb5c9c21dd56da5c796300e15499e8a34c6b2dbd12bb042b74ef;2026-09-28T19:47:05.797752+00:00;false
LOC-0010;LOC-0016;WALKING;2026-08-17T07:00:00+03:00;OK;7590;127;10787;LOCAL_VALHALLA_MATRIX;d80354470bbccd65d20fcd4d7fa2e57fc32fbe8854ceedf1edf1a1850a9008b6;4b20e3c7f6eb02836bf185a004946916200a14ed1afb3fb953fa9f4d1d790b05;2026-09-28T19:47:05.797752+00:00;false
LOC-0010;LOC-0017;WALKING;2026-08-17T07:00:00+03:00;OK;5207;87;7301;LOCAL_VALHALLA_MATRIX;7738bea5b7f81a41062d8b60f95afe4e288c59bceecb4107daf93d797d4da2e8;ce09f8cbc21ad6e64ae2d188ee1cc3b677e2a679d551b3ffa3abe8b3e12ed00c;2026-09-28T19:47:05.797752+00:00;false
LOC-0010;LOC-0018;WALKING;2026-08-17T07:00:00+03:00;OK;4768;80;6681;LOCAL_VALHALLA_MATRIX;95bd86e3213e789c121157aa28c94f08441566155dbc6273f131cef853d43e3f;f29c5d8a6acf16b0c778edcd18d617ae755f6c9edbee400e87179590b9da83c5;2026-09-28T19:47:05.797752+00:00;false
LOC-0010;LOC-0019;WALKING;2026-08-17T07:00:00+03:00;OK;294;5;417;LOCAL_VALHALLA_MATRIX;0327de858d4668c485367cff4b7f3c4fa8fe75c419e5a931d0a8ef9946bdeff8;543d5d1ae68253a02946a4a39c202ae929b2f7d28e5b4527cc13c04d8feb2fe9;2026-09-28T19:47:05.797752+00:00;false
LOC-0010;LOC-0020;WALKING;2026-08-17T07:00:00+03:00;OK;1585;27;2231;LOCAL_VALHALLA_MATRIX;c2b72ceb1fcd53313107714afea5724d45ffece6c6edeb6af2dab513d2d819e1;0d66780baff12a95cff5ceea04f66a366e7b86aee5923062fbb2e466e05eefb2;2026-09-28T19:47:05.797752+00:00;false
LOC-0010;LOC-0023;WALKING;2026-08-17T07:00:00+03:00;OK;4053;68;5703;LOCAL_VALHALLA_MATRIX;a73f284e78675618d8532252825a6acfca71aba9b33a02ad956af1a1e0ec4984;ff14f09e786cd0a1de051ae4debb3c66f3c7835d27be9bdb3145917bb2658664;2026-09-28T19:47:05.797752+00:00;false
LOC-0010;LOC-0027;WALKING;2026-08-17T07:00:00+03:00;OK;4424;74;6202;LOCAL_VALHALLA_MATRIX;297a12a21e0b089835f2f736bd4831a4ce83df415d3590f76294c6485a105d0b;f00c6955b911ea544fea11ae4cf672517e23babcad1d3071728d62e981bfc53c;2026-09-28T19:47:05.797752+00:00;false
LOC-0010;LOC-0028;WALKING;2026-08-17T07:00:00+03:00;OK;6684;112;9669;LOCAL_VALHALLA_MATRIX;87f5bf3b98263a0bb8c78d0511a90abd4a06e878e6f3fe9bd771743ca101f327;d34b3933c34150cc3e29126f3bd59e10f71be66cf3f58faf46525dbe3582a0e5;2026-09-28T19:47:05.797752+00:00;false
LOC-0010;LOC-0029;WALKING;2026-08-17T07:00:00+03:00;OK;6566;110;9502;LOCAL_VALHALLA_MATRIX;52318e0785476e466f7586d328ebfdae611b5d86e596dcfba8ce3ba7fe6f3e06;0fba9457b831f2deb99f7a2e59346acab545d40289c2453f0e5cf720c3f7d77b;2026-09-28T19:47:05.797752+00:00;false
LOC-0010;LOC-0037;WALKING;2026-08-17T07:00:00+03:00;OK;4262;72;5986;LOCAL_VALHALLA_MATRIX;c7d24e5c1dff73eca2a8c17af6cb567cf3edf5619370e886def269007664e0c9;ce79534d420f0d33dd30cd6936da3dc59ca68f5dcd82476a27cdb1d4f7c0927a;2026-09-28T19:47:05.797752+00:00;false
LOC-0010;LOC-0045;WALKING;2026-08-17T07:00:00+03:00;OK;6172;103;8660;LOCAL_VALHALLA_MATRIX;ba33a268179c81d1ab6ea9f301798eefbdfc5d3a12aeb242e69ca02ca2de47f6;841fc846e69d442d78b2139299a54d4e98372b0891ac8b22454dc4a07b1c11f3;2026-09-28T19:47:05.797752+00:00;false
LOC-0010;LOC-0053;WALKING;2026-08-17T07:00:00+03:00;OK;7121;119;10120;LOCAL_VALHALLA_MATRIX;92f525f506685b3fde32a0ae9a34162a9babba628118a27102d06562d139e879;d90e36149ecd5c728904bab91d099197036e37662225cdd4d9e1ab04726bcdb8;2026-09-28T19:47:05.797752+00:00;false
LOC-0010;LOC-0054;WALKING;2026-08-17T07:00:00+03:00;OK;3987;67;5598;LOCAL_VALHALLA_MATRIX;adb72571ddd78e131a77020cf92e3c5f6594bca1d8341d3747dcd36637dbe82a;c398bab98caeab3e73580d661df05ed4c05551ddad7fa712550e7f5db7ae7c7c;2026-09-28T19:47:05.797752+00:00;false
LOC-0010;LOC-0061;WALKING;2026-08-17T07:00:00+03:00;OK;1297;22;1821;LOCAL_VALHALLA_MATRIX;377953ebf7e7d45ec2ee8a52eda6075b8d0afa0b264a0013a593c8c82540d392;a6c2eca8822478756528f03df4d239eb805f3c6d0788e8227588db0c2878df5c;2026-09-28T19:47:05.797752+00:00;false
LOC-0010;LOC-0063;WALKING;2026-08-17T07:00:00+03:00;OK;7625;128;10681;LOCAL_VALHALLA_MATRIX;50624100bb361ac823652926e14f505dc6c6f339bb36f48a978b5170caa3bd02;3defc8c97d0f432d9692ade5fbc26149f9908143dd0700c4b6a4f5371f2693ff;2026-09-28T19:47:05.797752+00:00;false
LOC-0010;LOC-0064;WALKING;2026-08-17T07:00:00+03:00;OK;7146;120;10014;LOCAL_VALHALLA_MATRIX;b5788270e995e6b6709ca4e7fe953df25ea92e201befb96084ab54914a466ba5;8e353a39748f7c30a32fb9283cc040fd5f891c390081b7f2e9b4b4fd15e15c06;2026-09-28T19:47:05.797752+00:00;false
LOC-0010;LOC-0074;WALKING;2026-08-17T07:00:00+03:00;OK;4200;70;5887;LOCAL_VALHALLA_MATRIX;f165b54cbf5aa492b5ada9a7772e122e1d3d178180a22e053e6f73c2964791c4;6fe70db2c92087548cb17590c086956b487767f53b36848d8cc41ee013843fc0;2026-09-28T19:47:05.797752+00:00;false
LOC-0010;LOC-0075;WALKING;2026-08-17T07:00:00+03:00;OK;4594;77;6440;LOCAL_VALHALLA_MATRIX;09588ead9d795d5a205ec564ca7ca06285efc6e71f414be284789ef34cda0c43;eee02b64f231a2f225b32f525bf1d9a05a767d8b13e905809e0c430761a1dbdd;2026-09-28T19:47:05.797752+00:00;false
LOC-0010;LOC-0076;WALKING;2026-08-17T07:00:00+03:00;OK;7992;134;14904;LOCAL_VALHALLA_MATRIX;743543b2c0a200409a7f160922a05f0c036d9523edfffa7783a3ae2ced66a53b;f41c71c3b0438beda2f8b333026d5f787067e03af0242ec2ddf176e5e431ea84;2026-09-28T19:47:05.797752+00:00;false
LOC-0010;LOC-0078;WALKING;2026-08-17T07:00:00+03:00;OK;6441;108;9038;LOCAL_VALHALLA_MATRIX;499d8e416e1048be5349578e4017b73ccfce640541407525e5e84596967e2b1e;56fdde1efd1a3cf4c0cdb4ddb46bf909cc5030bad05f3382c727d881a41356f1;2026-09-28T19:47:05.797752+00:00;false
LOC-0010;LOC-0080;WALKING;2026-08-17T07:00:00+03:00;OK;4248;71;5939;LOCAL_VALHALLA_MATRIX;f989523843f30b52b7684cfc60905ec0db090605bb95033baf5ad2f7b2283af8;4302bbdd5946f64504a37c0567f6ef553ddd1f34ed643246e28ec5b7ab2fd07f;2026-09-28T19:47:05.797752+00:00;false
LOC-0010;LOC-0082;WALKING;2026-08-17T07:00:00+03:00;OK;7148;120;10043;LOCAL_VALHALLA_MATRIX;051eefed4bdc53cde1ec5289ffe9c801a6ae5d39820473fd6dfd41249a7b052a;d45e436e41933f9f0c5664393941525ffb1a50ff0abb390c120d50ede6a179c6;2026-09-28T19:47:05.797752+00:00;false
LOC-0010;LOC-0085;WALKING;2026-08-17T07:00:00+03:00;OK;6182;104;8684;LOCAL_VALHALLA_MATRIX;ce20e69e333c90cb9576de9c7e9d55e9d1985079ae4426171b70edef0bc6d8c1;e0d1d630c9591da94fb7ad1ba82eb7ca4414cdd349cbf8e94266a82ddf67fab6;2026-09-28T19:47:05.797752+00:00;false
LOC-0010;LOC-0086;WALKING;2026-08-17T07:00:00+03:00;OK;5961;100;8372;LOCAL_VALHALLA_MATRIX;c5b7aaeddef38115797899dad9553dce3afdac9e74514d69c644c7b7ae2d7824;911bb0b32d6c05c44e1b9516bad8ea3988e80236b45d2ffc0c4e66f4c67f6a36;2026-09-28T19:47:05.797752+00:00;false
LOC-0010;LOC-0091;WALKING;2026-08-17T07:00:00+03:00;OK;819;14;1154;LOCAL_VALHALLA_MATRIX;0fbe1ea6636e9eb885e4c5a4ad097c53c69f28657e1f593894c19cf2da1170dd;22d59e848c7ee176bc47a19ce50f120573318fd48cd433c35e5e28eabaae6814;2026-09-28T19:47:05.797752+00:00;false
LOC-0010;LOC-0092;WALKING;2026-08-17T07:00:00+03:00;OK;1537;26;2155;LOCAL_VALHALLA_MATRIX;9293673f1c868ae1c6b888e25bf2668b1e386ce410f30a09135dae469ce43e1a;4a69a86275a0542fefd3b5ff4447b19dfdcec91adcc42712370ac51c6e8af432;2026-09-28T19:47:05.797752+00:00;false
LOC-0010;LOC-0093;WALKING;2026-08-17T07:00:00+03:00;OK;1681;29;2358;LOCAL_VALHALLA_MATRIX;f3d6551ca4c702ce08a39ada815925d3c3d5d40af621edaaae09f5fd7c6cc956;4e42021e5780d9c0053d1517266510e516d75f1f965e2fa6f990a37dc0947319;2026-09-28T19:47:05.797752+00:00;false
LOC-0010;LOC-0094;WALKING;2026-08-17T07:00:00+03:00;OK;6371;107;8954;LOCAL_VALHALLA_MATRIX;5f8dd370832d0b11cf980f45cb7a74467585aeaab2a230488b52473a45e3fe35;3e75385b687d01f711811ec0da598cdf5a3ae402b7817b1e797308cb26eb68bb;2026-09-28T19:47:05.797752+00:00;false
LOC-0010;LOC-0095;WALKING;2026-08-17T07:00:00+03:00;OK;8049;135;15635;LOCAL_VALHALLA_MATRIX;cf290f387626525365d400398cfce496d2035082cf4997930b19df1642952c7b;63e6a8f063b7f6bff3ac05967166cf577ec1733ceb7616ae0bf162000409d909;2026-09-28T19:47:05.797752+00:00;false
LOC-0010;LOC-0102;WALKING;2026-08-17T07:00:00+03:00;OK;7342;123;10289;LOCAL_VALHALLA_MATRIX;dcbee7ba27a2c17205d1f9e58042ae19d88acd18976bc851745ae40505fa7265;8256471688d114729b36e3f36654d6b98d2f0529b2e1c3210c7fbcf730382540;2026-09-28T19:47:05.797752+00:00;false
LOC-0010;LOC-0112;WALKING;2026-08-17T07:00:00+03:00;OK;2680;45;3731;LOCAL_VALHALLA_MATRIX;b330cd9101264f2684f663f695419edc3e3e3d202968962f78ccbce1bff15055;78d33f026c520c2e8c2bd7604a57297d1baf30ca749b662da6b87698a643da5c;2026-09-28T19:47:05.797752+00:00;false
LOC-0010;LOC-0124;WALKING;2026-08-17T07:00:00+03:00;OK;8849;148;20506;LOCAL_VALHALLA_MATRIX;64019645b193fd96808c617d6c2ff5516cf47fc80012b88e161754339f10eee8;7edd6d03ab220a3847953a2fd7f6248acb36c2cd7dbd5ea41c5fab53e2b24b1a;2026-09-28T19:47:05.797752+00:00;false
LOC-0010;LOC-0125;WALKING;2026-08-17T07:00:00+03:00;OK;4453;75;6254;LOCAL_VALHALLA_MATRIX;2bdac09c55c855a1a146fdb9673ebcf9178bb8c615f8670d06379dbfc935681a;480a27a5094ceba922b873c5baf9ff175bfdf60b0eb8dc60abc49936b28cbe4b;2026-09-28T19:47:05.797752+00:00;false
LOC-0010;LOC-0126;WALKING;2026-08-17T07:00:00+03:00;OK;2929;49;4110;LOCAL_VALHALLA_MATRIX;8aec86d1c98b848b28dfffb2cf350311a1b45c4a006b4c8f0228a7afbab2bf6c;e71d9677ce7d57cec3887636894d25d31961f02be5908cf2c88ca7b3fa7f4ad5;2026-09-28T19:47:05.797752+00:00;false
LOC-0010;LOC-0128;WALKING;2026-08-17T07:00:00+03:00;OK;4239;71;5954;LOCAL_VALHALLA_MATRIX;ba8b54dd1e2a3012f2201d01a16d8ac30192cf589627c9d1fae35997bc4246b9;f8820a8a63ec2c71e703bac81e7174a518fd978fd624089393d24db55e0c4afa;2026-09-28T19:47:05.797752+00:00;false
LOC-0010;LOC-0134;WALKING;2026-08-17T07:00:00+03:00;OK;6040;101;8451;LOCAL_VALHALLA_MATRIX;cf9b26c6a83d62bfce575e66d4937c63895dc7d2c0b18aa77e4c94b417176864;3d25b4728f801883a4cc1c2a78c86f4d5d0b307cb47d2d38710ce544ca846e3c;2026-09-28T19:47:05.797752+00:00;false
LOC-0010;LOC-0135;WALKING;2026-08-17T07:00:00+03:00;OK;6151;103;8608;LOCAL_VALHALLA_MATRIX;744f5423b3a943b54d14274ef03eab9cbf82be92b94d97c8f54902384efe0165;ef57882975e9779dbdb31b1881fa3b3ae18c20422dcfc37d7a4905d6660291fe;2026-09-28T19:47:05.797752+00:00;false
LOC-0010;LOC-0136;WALKING;2026-08-17T07:00:00+03:00;OK;6276;105;8775;LOCAL_VALHALLA_MATRIX;d5e4516727cbd641981e4489c5fb034ffd72c01c2faacc8842042e1176c97904;55c7aa738112771135528286889078c9242e64eab8bacdb8b18791766d45d8b9;2026-09-28T19:47:05.797752+00:00;false
LOC-0010;LOC-0140;WALKING;2026-08-17T07:00:00+03:00;OK;7011;117;9827;LOCAL_VALHALLA_MATRIX;0163a16e3bc387fcd993e6c0199d47d27b252dd436235d9bcadfa077205c9f6a;e947d097c4df70be1efc65c245b8764b57310274f65286f9db28e9ba663e9581;2026-09-28T19:47:05.797752+00:00;false
LOC-0010;LOC-0141;WALKING;2026-08-17T07:00:00+03:00;OK;8015;134;11235;LOCAL_VALHALLA_MATRIX;7090a4e20d4d3ba9b8be9362475d805bdffda9a9bd495d75eb90b147ff6e8aed;3cc7560d0fadf872cb24ec2c5298b52b718821e68ab95ac5e782d05231c79566;2026-09-28T19:47:05.797752+00:00;false
LOC-0010;LOC-0142;WALKING;2026-08-17T07:00:00+03:00;OK;8096;135;11308;LOCAL_VALHALLA_MATRIX;2b49b75c4079ca54902e99a18a57c72eb6aacbd565ab3451c30466b7f024cd0f;95d9025db1ff806ee8c978476be4945b679baa2f8134ab57cc46da2bd6917bd8;2026-09-28T19:47:05.797752+00:00;false
LOC-0010;LOC-0145;WALKING;2026-08-17T07:00:00+03:00;OK;1961;33;2757;LOCAL_VALHALLA_MATRIX;e5c1fac6dc6b2d65ccb212d731723987007f9078a9490eaba3195350e3109dba;e0bec62357693d407e9cf15e7e9eb4b575cfc8ccdccbe0518cc7fe0908ce3be7;2026-09-28T19:47:05.797752+00:00;false
LOC-0010;LOC-0148;WALKING;2026-08-17T07:00:00+03:00;OK;4706;79;6599;LOCAL_VALHALLA_MATRIX;b01f0aa197d9b64dd4369bdef887c0d6a2d6f3720985b8091be260e3320251d7;9af3a1e6bf4c51a3cfded0754a5e675d85cb0d314ac05ec9bd26161c39a411e7;2026-09-28T19:47:05.797752+00:00;false
LOC-0010;LOC-0149;WALKING;2026-08-17T07:00:00+03:00;OK;4516;76;6325;LOCAL_VALHALLA_MATRIX;4b365bec3e27e9ae33a7174dd32b0aeb34b3c769df4f22ff69e6df1fcec821c8;ede59dfc25683cbf34c095390f918c65837f0638f6ec8106f87019f2ff9e786e;2026-09-28T19:47:05.797752+00:00;false
LOC-0010;LOC-0150;WALKING;2026-08-17T07:00:00+03:00;OK;4391;74;6153;LOCAL_VALHALLA_MATRIX;0c5b7c7fac1051e1e22aa52ae367f2d0b81fb0dbe80d576dc3e1707b5a07715d;3cc1d10fea091ffd2cc235c6e6517793597048979e4e2031638dcf0d959fc93a;2026-09-28T19:47:05.797752+00:00;false
LOC-0010;LOC-0151;WALKING;2026-08-17T07:00:00+03:00;OK;5048;85;7086;LOCAL_VALHALLA_MATRIX;9282eca9319007208c47cd712d97acc51817c3eecebaa78f872a505469255ddd;ec73931b9ec8d37728f2159d22f802d646491cb5a8d51b034ce6b37005a1928b;2026-09-28T19:47:05.797752+00:00;false
LOC-0010;LOC-0152;WALKING;2026-08-17T07:00:00+03:00;OK;5050;85;7091;LOCAL_VALHALLA_MATRIX;fb1f65cade4f9ff99398e27341d75c29b43b6ef95c72494cc2f2680324d3d744;8ec81a04f0a067a48ce5c6c57d991a2945e9b709b0db18d2290fa10111763424;2026-09-28T19:47:05.797752+00:00;false
LOC-0010;LOC-0190;WALKING;2026-08-17T07:00:00+03:00;OK;2098;35;2951;LOCAL_VALHALLA_MATRIX;6fd21aa5a0b0013e7581907d348890430c96edc961d4253bce18095a7e6f7c86;7f6d49a40b98f9dc9d1dab5725bd8b122d1ea66685b7d75e03b09e4735fdde59;2026-09-28T19:47:05.797752+00:00;false
LOC-0010;LOC-0196;WALKING;2026-08-17T07:00:00+03:00;OK;5078;85;7113;LOCAL_VALHALLA_MATRIX;e74d48ed86cd247f518e56109e3caea418800d29a518a7f12ae31fbf79f7e43f;1ca01c20ac0804b86195442104c76e24234293e32479a98a3f87f2206b42684d;2026-09-28T19:47:05.797752+00:00;false
LOC-0011;LOC-0002;WALKING;2026-08-17T07:00:00+03:00;OK;4436;74;6247;LOCAL_VALHALLA_MATRIX;106c0f58aed6867211864f489b03174e10f4fb892dde9ef3994c86ce7fb42e09;59d00931fc086dfe2ba67dfd2eced0b0db5f53f20e300c9c3de9ad09a0ea769a;2026-09-28T19:47:05.797752+00:00;false
LOC-0011;LOC-0008;WALKING;2026-08-17T07:00:00+03:00;OK;700;12;992;LOCAL_VALHALLA_MATRIX;276446f7e4ac4b3178ce460c73b8778c3e62f3b85d79e780447724bc6803ac00;ddfbff09f3ea4eaadb0c782868a8d593da71670e0493c7f71a6c3515e63e9a59;2026-09-28T19:47:05.797752+00:00;false
LOC-0011;LOC-0009;WALKING;2026-08-17T07:00:00+03:00;OK;7699;129;18814;LOCAL_VALHALLA_MATRIX;0fddfc4535740f2944d871d14baf9efef8c973d50603fe1d650fbdba017c0312;cc77653cd1787bc0a15c28dfc7589e820ad904739526b25f074cc9366ecab932;2026-09-28T19:47:05.797752+00:00;false
LOC-0011;LOC-0010;WALKING;2026-08-17T07:00:00+03:00;OK;1316;22;1853;LOCAL_VALHALLA_MATRIX;7d6fb5343eacca8f4ca0de84e92d8f81f343d691f244e1d46c6a49a20cfc8cf0;2286c53348625aff928b10536c3099cce5e60ec05baabb8709988e72ce9b6eb0;2026-09-28T19:47:05.797752+00:00;false
LOC-0011;LOC-0011;WALKING;2026-08-17T07:00:00+03:00;OK;0;0;0;LOCAL_VALHALLA_MATRIX;bdb96640e00e006ee192cbbe26b98b838c988a9b6cf5927dbe6c66f84306cef6;3d5812abc84c11768aa73a732c85d75dbed439188f5bb3239e9b762ea31d9862;2026-09-28T19:47:05.797752+00:00;false
LOC-0011;LOC-0012;WALKING;2026-08-17T07:00:00+03:00;OK;736;13;1023;LOCAL_VALHALLA_MATRIX;5ea641cb9eea0ca7d06e699f68c24b9adf47b6774422d8c64a1838512d51e97d;c98c9f71e0ca9a6bc4232464a26f93c3f1ba7020ca8d60695cb27d5ba8315b99;2026-09-28T19:47:05.797752+00:00;false
LOC-0011;LOC-0013;WALKING;2026-08-17T07:00:00+03:00;OK;5423;91;7553;LOCAL_VALHALLA_MATRIX;0369f984203a6f076e2eb63b3caee1ecc7268deee77665d86643d93c89fce482;86a795a2a494d63d7785c8491d67ca1499a6f43e3903efa256af6142302fb0b2;2026-09-28T19:47:05.797752+00:00;false
LOC-0011;LOC-0016;WALKING;2026-08-17T07:00:00+03:00;OK;6699;112;9495;LOCAL_VALHALLA_MATRIX;c59b860e541a3abe55f63b07556094298855c9ed811e678f8f68ca288984004f;8bc78203c6c686dfc942564e2a8dc9ac877757916a221e9ed27722048aac4982;2026-09-28T19:47:05.797752+00:00;false
LOC-0011;LOC-0017;WALKING;2026-08-17T07:00:00+03:00;OK;4775;80;6680;LOCAL_VALHALLA_MATRIX;05a50cfbef6968104f5e54db484a29c4417c70176ee96f1eaf4e03a2dc1914ce;e853d664b9967932d0c31edfafce4dc6fdcfb1d33a9783e276b0a232bdd35847;2026-09-28T19:47:05.797752+00:00;false
LOC-0011;LOC-0018;WALKING;2026-08-17T07:00:00+03:00;OK;4272;72;5992;LOCAL_VALHALLA_MATRIX;2a220519c6379e72a729b549455f2b8251a6f62a822b9e0e6966141d08f446f9;5db32ae79b85e60aa24cb1a40e254fd826c777d9b2f8a556c4884b9d064d44e3;2026-09-28T19:47:05.797752+00:00;false
LOC-0011;LOC-0019;WALKING;2026-08-17T07:00:00+03:00;OK;1617;27;2270;LOCAL_VALHALLA_MATRIX;84c1cc4a91ceaab29e309bf82f5b2dff0851be7e68cff98140c9c803934d688e;4cf93c4b9ef1c8caf0aa87bdf31e9ddbed9fb2081c8f2f7ee5d0ca429223a1df;2026-09-28T19:47:05.797752+00:00;false
LOC-0011;LOC-0020;WALKING;2026-08-17T07:00:00+03:00;OK;2376;40;3353;LOCAL_VALHALLA_MATRIX;67c6a4493bc83d0a8ad4f202c051d492f103b2ab4f9bfde609c58897b61dacdd;ef8d8683b951198836b79b6c2443278190e1108ebb7705c3a5547f13e2007c1b;2026-09-28T19:47:05.797752+00:00;false
LOC-0011;LOC-0023;WALKING;2026-08-17T07:00:00+03:00;OK;3823;64;5355;LOCAL_VALHALLA_MATRIX;2cba25cccd7c54ba028ca2b1fdf76493d46080d0616d78f0722289512ea0472f;a4a3b0632eb011add0de91c62f4ab727486e863cdbb658a8064613605f752a62;2026-09-28T19:47:05.797752+00:00;false
LOC-0011;LOC-0027;WALKING;2026-08-17T07:00:00+03:00;OK;3923;66;5500;LOCAL_VALHALLA_MATRIX;1e5be7ab697637103925c5825311a7d84695c273bc7d189ced2d698121a5fee1;5451a23181499bf4b07f35d7858c5245d72c8cd1eaf8bea9ffc4aba734dd24a3;2026-09-28T19:47:05.797752+00:00;false
LOC-0011;LOC-0028;WALKING;2026-08-17T07:00:00+03:00;OK;5793;97;8377;LOCAL_VALHALLA_MATRIX;38fd8a7aeb4c9d3dcee908a733736ed84de146ead1a40958586ea9e0571b904c;3392d31cb882728899da1cddac2a85cde4a49669907fd7ccd9fd82e81af93b70;2026-09-28T19:47:05.797752+00:00;false
LOC-0011;LOC-0029;WALKING;2026-08-17T07:00:00+03:00;OK;5675;95;8210;LOCAL_VALHALLA_MATRIX;45547b6fdf8d005b4bac6f943270d7b8064c2c88ee7ca540aac3993ffa56335e;434a8bc1517f47f14744bc8544c6aac952161d96f1b577abfad60cc41153e5ab;2026-09-28T19:47:05.797752+00:00;false
LOC-0011;LOC-0037;WALKING;2026-08-17T07:00:00+03:00;OK;3022;51;4244;LOCAL_VALHALLA_MATRIX;f7ffacd6ef2ffd7d982e567db6000483093b19663780ac77c9ada5e4a20416ee;f9727fef05d495b058c16482ab2c89c5a1426cd7f196e70a08898a5403b4d329;2026-09-28T19:47:05.797752+00:00;false
LOC-0011;LOC-0045;WALKING;2026-08-17T07:00:00+03:00;OK;5311;89;7412;LOCAL_VALHALLA_MATRIX;699e0b2c2439c7fbc1a489cd2bcd766a110d06b676c071f4c8a2be91b5bca5fd;f56948b21b9f70567ba39b9d21fad8500c517c5f551002a88889e2c6a7321ecc;2026-09-28T19:47:05.797752+00:00;false
LOC-0011;LOC-0053;WALKING;2026-08-17T07:00:00+03:00;OK;6230;104;8828;LOCAL_VALHALLA_MATRIX;eaacb4de9813e2678cbe1d5f5f0cffce6605233466c9e2da2b24e0c5b9f3ed82;3a59379bfa23cf2d7d7fdeac728e4c6257ce1536a7956d6c1834d5dcaed1c294;2026-09-28T19:47:05.797752+00:00;false
LOC-0011;LOC-0054;WALKING;2026-08-17T07:00:00+03:00;OK;2748;46;3856;LOCAL_VALHALLA_MATRIX;92e28b514fc8248361e543f202463e8d2d26553481db0b783bcb6936ecdb703f;2ce30c0d427ba9a2ea537161dbe0c69a73a997d312d0569908dc2fdb173bdba3;2026-09-28T19:47:05.797752+00:00;false
LOC-0011;LOC-0061;WALKING;2026-08-17T07:00:00+03:00;OK;545;10;761;LOCAL_VALHALLA_MATRIX;58593fe0886d526619a01a3a4b609eb41ac24ac8d04867b87d406186427e076f;18da0d8b9a02dfaa41032beb5b8012098c1f75e9d8a5aabfb7e43eac191dc9ce;2026-09-28T19:47:05.797752+00:00;false
LOC-0011;LOC-0063;WALKING;2026-08-17T07:00:00+03:00;OK;6734;113;9389;LOCAL_VALHALLA_MATRIX;21381e929d04c005efd6fecc65c2a062fdb8a217c2526b2e38b0311be0661d4b;36ba2e1d20be774ad7d24ebcbab1a788462367984c93fe57994332d6e6051f29;2026-09-28T19:47:05.797752+00:00;false
LOC-0011;LOC-0064;WALKING;2026-08-17T07:00:00+03:00;OK;6255;105;8722;LOCAL_VALHALLA_MATRIX;b2e66b30e3706e5313836031bfb72607caa358e435d91446a76c84e2e300aa1b;d6bbfdc4e3bec0185752a92b88c2c5ee60cfa119c636f7dc73ac6d718e0f4886;2026-09-28T19:47:05.797752+00:00;false
LOC-0011;LOC-0074;WALKING;2026-08-17T07:00:00+03:00;OK;3689;62;5173;LOCAL_VALHALLA_MATRIX;40d60100f10758b0ca89cfb68e8262a584bdbf49ce51094ee0d3c299f90c982a;415bd91bddd8ff75817d0ea14a9e5d7e0ff4be0a14774f3e53b90cd7e6c81b69;2026-09-28T19:47:05.797752+00:00;false
LOC-0011;LOC-0075;WALKING;2026-08-17T07:00:00+03:00;OK;4099;69;5751;LOCAL_VALHALLA_MATRIX;f668cfcb6ce1b1deb149568a848dc62c04200ce9b151ee59f26339ec3a626e6f;1ac79974c2a0d5be9d59a8c7b9ab37e34e1cf7ccb71e715ba22be0ee83b03544;2026-09-28T19:47:05.797752+00:00;false
LOC-0011;LOC-0076;WALKING;2026-08-17T07:00:00+03:00;OK;6979;117;13443;LOCAL_VALHALLA_MATRIX;0da00d1432022f9e5328ae6dac78cf1a7561f40693c4f442a2a161e622487c07;6d5186b29855211b6f3fa3405cea317e5842596751ece31fd2698bbc8ea8f4b6;2026-09-28T19:47:05.797752+00:00;false
LOC-0011;LOC-0078;WALKING;2026-08-17T07:00:00+03:00;OK;5550;93;7746;LOCAL_VALHALLA_MATRIX;ccb5195fa748ff33465f60f79392ce5e696add92658c3dc4f0d931fc5227a29d;da49f35eddcf14d7404eb3949fb784aa412cb0797975419173e5a66027d581a4;2026-09-28T19:47:05.797752+00:00;false
LOC-0011;LOC-0080;WALKING;2026-08-17T07:00:00+03:00;OK;3753;63;5250;LOCAL_VALHALLA_MATRIX;bb4a27cd25596a60dfeb88731373d5339ad0f93c0219faf346c7c4400fedfa02;8f8b33667c9aea8f4419e041d9530246d7f8f55f5a4687499b7af1a841901dd8;2026-09-28T19:47:05.797752+00:00;false
LOC-0011;LOC-0082;WALKING;2026-08-17T07:00:00+03:00;OK;6257;105;8751;LOCAL_VALHALLA_MATRIX;6fe69b7c4f8acec6806ed6fd96aebd3d350dc762012261b9fdf36db5879af0e2;9a94e3b370b139a85d196b49804da67a3049c90570f9ef797bae71ee0794cba6;2026-09-28T19:47:05.797752+00:00;false
LOC-0011;LOC-0085;WALKING;2026-08-17T07:00:00+03:00;OK;4942;83;6942;LOCAL_VALHALLA_MATRIX;00c064ec6df9af8fd4778dfb48f7868b2111035387e24768d95ad0c572c494b5;2786a3419d6c73afa234fd8f0b6af2f8f02e4191789e6e821b442dcddbfd908c;2026-09-28T19:47:05.797752+00:00;false
LOC-0011;LOC-0086;WALKING;2026-08-17T07:00:00+03:00;OK;4722;79;6630;LOCAL_VALHALLA_MATRIX;26115208f7110d3f35901a21901525d497336985ff9f786bdf074c1acc57d200;d7cdc4e152c3e1fd14ea8d2267126605f1687e0c93cfe3d126474084d67d8415;2026-09-28T19:47:05.797752+00:00;false
LOC-0011;LOC-0091;WALKING;2026-08-17T07:00:00+03:00;OK;1291;22;1819;LOCAL_VALHALLA_MATRIX;27e5926e91211897c9dcf2e146eefc8add6e7de3a36069905fd0273d667fe1e9;727716465132ca32d1f5bb043a108ec236234fcc2da4883f3e0e284052f13709;2026-09-28T19:47:05.797752+00:00;false
LOC-0011;LOC-0092;WALKING;2026-08-17T07:00:00+03:00;OK;1786;30;2513;LOCAL_VALHALLA_MATRIX;9c8db1b0cd4f314ef6834d8323e7c8e265e521477b0d1b9dd80039d2bd1a8adf;c55dd0c9c1e64384f87cde299d504e622f0f563a5575a0c5dd4887b25dd77f52;2026-09-28T19:47:05.797752+00:00;false
LOC-0011;LOC-0093;WALKING;2026-08-17T07:00:00+03:00;OK;1862;32;2619;LOCAL_VALHALLA_MATRIX;79def6199f4b1d2048031c456097a407c95527425b5fd189afe4f3e624fc7107;5233b0f174185e429ca10dd15aedd432130dd923fd53499189d4004a81a08714;2026-09-28T19:47:05.797752+00:00;false
LOC-0011;LOC-0094;WALKING;2026-08-17T07:00:00+03:00;OK;5131;86;7212;LOCAL_VALHALLA_MATRIX;857e768612fc174636967f489dd6b7bb438c50ae024569568fd5546ebc4f51b0;69512b9fef02632c281a7d87b502d5da4a33e2286997af950c14ed3fe40a1466;2026-09-28T19:47:05.797752+00:00;false
LOC-0011;LOC-0095;WALKING;2026-08-17T07:00:00+03:00;OK;5669;95;7962;LOCAL_VALHALLA_MATRIX;2dea305f94ddb940be3ef87a91bab339675bb24ae14a72bdd422e0b23387cde5;0cac08bc9a57823d5361805c4279783d950160d6f5b4982f7e83df322af3f13e;2026-09-28T19:47:05.797752+00:00;false
LOC-0011;LOC-0102;WALKING;2026-08-17T07:00:00+03:00;OK;6451;108;8997;LOCAL_VALHALLA_MATRIX;fdda290255cfa96d1a46738eeaa98e9a2fb43e46767ba154923a1b93ce97d794;8ff2545e9b4abbdb2f40d1393c8b3d060f4175a713ae0cb3df832561234c8c55;2026-09-28T19:47:05.797752+00:00;false
LOC-0011;LOC-0112;WALKING;2026-08-17T07:00:00+03:00;OK;2424;41;3352;LOCAL_VALHALLA_MATRIX;6f24d6cc53e60be748bb6aef48425c6b70c1fa80e44b06683aac9c46c917a458;aacec6fd033917710a693d296a3142c60d8a375fc01b96c264bf3a488f658c95;2026-09-28T19:47:05.797752+00:00;false
LOC-0011;LOC-0124;WALKING;2026-08-17T07:00:00+03:00;OK;7958;133;19214;LOCAL_VALHALLA_MATRIX;868d00d06c493eeb7c4ab1c99c73289ce71057ca2d1736238183fc5cb4f7c554;3e01db56e929149bf223b88884ca6cd7ccd2f4f75c1ed0659e4112b96d130e2f;2026-09-28T19:47:05.797752+00:00;false
LOC-0011;LOC-0125;WALKING;2026-08-17T07:00:00+03:00;OK;4249;71;5942;LOCAL_VALHALLA_MATRIX;1f779ad20577bc916507e63751a2010de7a397dcb38bf4dc55df2ecd6d51e92d;28b256d07890461c17472b28a74b31990c46fe990b2e6d4429997c43ddd08b2a;2026-09-28T19:47:05.797752+00:00;false
LOC-0011;LOC-0126;WALKING;2026-08-17T07:00:00+03:00;OK;2411;41;3376;LOCAL_VALHALLA_MATRIX;a0885e3e92cd711df62fb14655adc8188879bd4e512e7d4cc3683e76f47fde42;8013f6ec7ec6f2963dc107985906281df55a2eb87927b17c7a2e92301ee2b3e4;2026-09-28T19:47:05.797752+00:00;false
LOC-0011;LOC-0128;WALKING;2026-08-17T07:00:00+03:00;OK;2999;50;4212;LOCAL_VALHALLA_MATRIX;b63d040f8476c9b0c525ef0977db40e3ee8518c217e5440ffa82d9a8e7297ba4;5c46abe1f75eaae277f18941ea8dc26db7a5ced1df639e6fe204893df68df96a;2026-09-28T19:47:05.797752+00:00;false
LOC-0011;LOC-0134;WALKING;2026-08-17T07:00:00+03:00;OK;4744;80;6662;LOCAL_VALHALLA_MATRIX;d723f94fe37d04826e3eb6301093655b2a89d5d29a368e0a7241159a759de3b1;11866f45916741649564e78114f64d5cde80f4e7c5851ea69d8b1f998b664701;2026-09-28T19:47:05.797752+00:00;false
LOC-0011;LOC-0135;WALKING;2026-08-17T07:00:00+03:00;OK;4825;81;6778;LOCAL_VALHALLA_MATRIX;09470bd46f1b101ccbf3aa2c6427f9aa8dcc589e318bbd1849b3ad190b15c38f;4759e8f8a4d5cdbf94ba28c68a4b21222a4b8b4f3e43a2f656fef9557be50c5d;2026-09-28T19:47:05.797752+00:00;false
LOC-0011;LOC-0136;WALKING;2026-08-17T07:00:00+03:00;OK;4980;83;6986;LOCAL_VALHALLA_MATRIX;82a8214aa77e4b95115fc09078d6fef6502ba8dd8ac5a20c732750271a9d419e;f134e9c46fe31e96a4f7c79e0967c70fc32d4c9c36a5e42aa73b208cf5536d2c;2026-09-28T19:47:05.797752+00:00;false
LOC-0011;LOC-0140;WALKING;2026-08-17T07:00:00+03:00;OK;5998;100;8366;LOCAL_VALHALLA_MATRIX;75ef26c6a85027e7b44fb7a89e2d3f5220984fe7069829c17bbfed48b1671828;087f944ae4865edc4a1dfed76d05182754d9589a8848abcb04912a377e7fecd5;2026-09-28T19:47:05.797752+00:00;false
LOC-0011;LOC-0141;WALKING;2026-08-17T07:00:00+03:00;OK;7583;127;10614;LOCAL_VALHALLA_MATRIX;258babc78f5e99462bacf0e4a0d211105dfd045a48673c1d01ce13758b308d94;66d7d2497fbe617ff3e2e0f637250537f7e93da7b9333c2a1b1cc35b2a669ba5;2026-09-28T19:47:05.797752+00:00;false
LOC-0011;LOC-0142;WALKING;2026-08-17T07:00:00+03:00;OK;7664;128;10687;LOCAL_VALHALLA_MATRIX;36b3c89f7aad1b8361f8f079023bb1d0c8a4c34d6e72cb7dbfd731fd0d1272a5;0ebfb0b37c33db4c130a6853d64de946c88806b56d8917c3ab8c2ef6e4d988a1;2026-09-28T19:47:05.797752+00:00;false
LOC-0011;LOC-0145;WALKING;2026-08-17T07:00:00+03:00;OK;2467;42;3475;LOCAL_VALHALLA_MATRIX;28d5b1b12cc6594c407cb953735588e35402fda5425d20940fae4c807820a535;165a652fbf016fffe0605b6d8d4e890d044af5f578a4bf309992c1a49163f9c7;2026-09-28T19:47:05.797752+00:00;false
LOC-0011;LOC-0148;WALKING;2026-08-17T07:00:00+03:00;OK;4225;71;5912;LOCAL_VALHALLA_MATRIX;46a53609c5f8969b07dad10a5d2395212b128069b56662e86e3f3d83ff674745;98c6e705bd95a51f80ac619f60163beb7a0d75d1d89ad0d377b7995e579c97dd;2026-09-28T19:47:05.797752+00:00;false
LOC-0011;LOC-0149;WALKING;2026-08-17T07:00:00+03:00;OK;3998;67;5598;LOCAL_VALHALLA_MATRIX;460680523681dc91c60328236a8c04121a18641cf6381dca7f92b3e07c9f05ab;0f71b6059f8a2dc7aa405ec0f33e7dac24e19489ba207a0eb60f4e34aa375cf0;2026-09-28T19:47:05.797752+00:00;false
LOC-0011;LOC-0150;WALKING;2026-08-17T07:00:00+03:00;OK;3874;65;5426;LOCAL_VALHALLA_MATRIX;d71d463b56030355cc84ac7ea3906208bf2c93190da916e3978069bcbb502af5;25e26cfb18848b6a80fd911f07b509f5182a78eef7d69b10dae8f772444a5816;2026-09-28T19:47:05.797752+00:00;false
LOC-0011;LOC-0151;WALKING;2026-08-17T07:00:00+03:00;OK;4569;77;6389;LOCAL_VALHALLA_MATRIX;89c36aa0d0a9cf0881f1c261101cea26e2e581a6e644b94cdf2f9ef93debd5aa;c97df1c2472082c223c866a15672732bc787724c4efc1d467fc2b7191c1d23d3;2026-09-28T19:47:05.797752+00:00;false
LOC-0011;LOC-0152;WALKING;2026-08-17T07:00:00+03:00;OK;4572;77;6397;LOCAL_VALHALLA_MATRIX;2b7c3559be3b76782f58ff7c39517387ad89588c3d51453f6ddd35152c0d1112;bcfc39b6e7e67a03a4d4fb05e021114f3566746913f36e4a1d7f36a65d63822d;2026-09-28T19:47:05.797752+00:00;false
LOC-0011;LOC-0190;WALKING;2026-08-17T07:00:00+03:00;OK;1334;23;1847;LOCAL_VALHALLA_MATRIX;2eb772f064897ef293bb2c8875b8041685faf65de7adcbc511f237d89672196f;43b1cfb9548816458e01c84d893aebed6ae4c7b23a32b152a44fbfecc4de13f3;2026-09-28T19:47:05.797752+00:00;false
LOC-0011;LOC-0196;WALKING;2026-08-17T07:00:00+03:00;OK;4914;82;6864;LOCAL_VALHALLA_MATRIX;1d44836acdfea99a22ba867f0dd0328d018c943fe4bb5019b1a472a8b323fac5;290b8b8d0caf031910c107f1e03c8bced40ce405b2618a34ec5360cb4da34c3f;2026-09-28T19:47:05.797752+00:00;false
LOC-0012;LOC-0002;WALKING;2026-08-17T07:00:00+03:00;OK;4747;80;6645;LOCAL_VALHALLA_MATRIX;76e4fe7bb6227cb60fae3b1e9df631a7274a81a9963846eb5e0f2311b8da2d6b;90e68dfdc199e0058a814b0ec0b1eab8635cd2f3ad95bbab040ac267ad88c637;2026-09-28T19:47:05.797752+00:00;false
LOC-0012;LOC-0008;WALKING;2026-08-17T07:00:00+03:00;OK;552;10;774;LOCAL_VALHALLA_MATRIX;009a90e2007492296d3f0d8677247424142841139e7c537f8b7593b657388a47;d6c2da7c06024055b8a3bb3164abc1512f085d36afcb236f5c6abccde7ef4944;2026-09-28T19:47:05.797752+00:00;false
LOC-0012;LOC-0009;WALKING;2026-08-17T07:00:00+03:00;OK;7764;130;18939;LOCAL_VALHALLA_MATRIX;07fd6c1a59757c1f80f7c4f22afb119377396f4ab60840f2a74a170fbf38d8c7;3cf232100e556ec205c43af93d3d9896adc8bc3db5dcc141ba5f7bed947d1973;2026-09-28T19:47:05.797752+00:00;false
LOC-0012;LOC-0010;WALKING;2026-08-17T07:00:00+03:00;OK;994;17;1386;LOCAL_VALHALLA_MATRIX;62ee66f2d68f6cb17db911e2c4470db8e9ddc04f1e3593d145d16466ec2b94c5;f7d30c573a17fb35a23b8fed78b47cbfd4279e54c3dfb3c167b91747222cfe12;2026-09-28T19:47:05.797752+00:00;false
LOC-0012;LOC-0011;WALKING;2026-08-17T07:00:00+03:00;OK;736;13;1023;LOCAL_VALHALLA_MATRIX;df3fdf624cf4c8deb8b95bb54a70d89075db444048923fa216eab02919100462;c98c9f71e0ca9a6bc4232464a26f93c3f1ba7020ca8d60695cb27d5ba8315b99;2026-09-28T19:47:05.797752+00:00;false
LOC-0012;LOC-0012;WALKING;2026-08-17T07:00:00+03:00;OK;0;0;0;LOCAL_VALHALLA_MATRIX;eb841baa2e482eae3705d6b102b6cf9e1cb9ffd2867324daa24c5c96eccc72c1;3d5812abc84c11768aa73a732c85d75dbed439188f5bb3239e9b762ea31d9862;2026-09-28T19:47:05.797752+00:00;false
LOC-0012;LOC-0013;WALKING;2026-08-17T07:00:00+03:00;OK;5488;92;7678;LOCAL_VALHALLA_MATRIX;2e27f5e21aad30d24a16fbc5653346884a5dcbf76ec9077782095531902bfea5;4430698baee3ce2113139c7ecdc04a5c956e2750f0cf5779cc0b52a56ba03353;2026-09-28T19:47:05.797752+00:00;false
LOC-0012;LOC-0016;WALKING;2026-08-17T07:00:00+03:00;OK;6764;113;9620;LOCAL_VALHALLA_MATRIX;2b8a7899d9f509350265f88902a198d8233434e2ef11535c19a1e1e19e8383bc;6091a5cf44a72f777cebaa08e928588b56280bb48db3686869141881f748b7ab;2026-09-28T19:47:05.797752+00:00;false
LOC-0012;LOC-0017;WALKING;2026-08-17T07:00:00+03:00;OK;4540;76;6366;LOCAL_VALHALLA_MATRIX;e1629e4caa4a681f62795ca272cbaa07501c226b14c4a1896bf945571c82ace4;bb552bef57ed51994ad0f08dc5b87da25aa5c02b92b59cc5529a8f24468d0572;2026-09-28T19:47:05.797752+00:00;false
LOC-0012;LOC-0018;WALKING;2026-08-17T07:00:00+03:00;OK;4037;68;5678;LOCAL_VALHALLA_MATRIX;346771fce65087dcd1d8523ed90626a4ef57c176bdeafbb12ae75648557f9411;d7cafc3cbe463021144209f5ff0d403ed6520669af89cd4fbcdb7fcbb88f9dd1;2026-09-28T19:47:05.797752+00:00;false
LOC-0012;LOC-0019;WALKING;2026-08-17T07:00:00+03:00;OK;1292;22;1813;LOCAL_VALHALLA_MATRIX;0c3cf536edb05de9e63fa9f136c076722d89ea19e7dea1312b6a3376b7a45820;48cfb95971406a454b200f63b86355ff1347e43cc723d8bca05749a268243b1f;2026-09-28T19:47:05.797752+00:00;false
LOC-0012;LOC-0020;WALKING;2026-08-17T07:00:00+03:00;OK;1830;31;2585;LOCAL_VALHALLA_MATRIX;bed405742da9d494f092eaf55cd1ff9e1c14926e90aa9ca14cdd62ce2a34b0a2;3f02d39b3380508607751f3b07f6bb114e4b34dcfe06d720dfe03d581e334407;2026-09-28T19:47:05.797752+00:00;false
LOC-0012;LOC-0023;WALKING;2026-08-17T07:00:00+03:00;OK;3509;59;4928;LOCAL_VALHALLA_MATRIX;3a9ed87232ad6a7696bf5bcb730af3d2cbeed00405851c982fd51f55b1531163;230e316c188a54a05a1b2773e3cc16d816b2bc4a0ed3d55523ef9bd8f96d24b9;2026-09-28T19:47:05.797752+00:00;false
LOC-0012;LOC-0027;WALKING;2026-08-17T07:00:00+03:00;OK;3688;62;5186;LOCAL_VALHALLA_MATRIX;45499c7d76e50d3012810229cd4c63f614e320bcb3f17e3f7c9a9070f18d51a3;3a13c3a9ee3e3e43396a90ca52b593c1de03255d8f8a26813b53fb489a88e185;2026-09-28T19:47:05.797752+00:00;false
LOC-0012;LOC-0028;WALKING;2026-08-17T07:00:00+03:00;OK;5858;98;8502;LOCAL_VALHALLA_MATRIX;8334ae6705a444ae335da288eac489e75d37ff772f60e69a94f720f4038191e2;c505c2c50cc75288996e6fe2557fb95bfca4c11ed7718867f35dc794ccc2886a;2026-09-28T19:47:05.797752+00:00;false
LOC-0012;LOC-0029;WALKING;2026-08-17T07:00:00+03:00;OK;5740;96;8335;LOCAL_VALHALLA_MATRIX;7823443640383070150dece73c6edbe84113220b5c992b19a5b7be54c1632fb6;e73b35c2eb02d82c34885215805d7d45fa90df040b16a2f6a230d97a4ad1c240;2026-09-28T19:47:05.797752+00:00;false
LOC-0012;LOC-0037;WALKING;2026-08-17T07:00:00+03:00;OK;3275;55;4606;LOCAL_VALHALLA_MATRIX;278d68f87b549da0093df6a0595e57c2fa03326f9d37f4c30f49242f89e6ff8e;bc1c611f0e740506c488a86db3d03384d773ce6765efbc9db44ae8f955e79664;2026-09-28T19:47:05.797752+00:00;false
LOC-0012;LOC-0045;WALKING;2026-08-17T07:00:00+03:00;OK;5413;91;7609;LOCAL_VALHALLA_MATRIX;3e95ddec40d82d5084c30ec6e9afe49051e49ab90912b10d35f59a4d6d6d4ee8;e9376d38c80b4a47218e22d8275faa7fe0b9437ab5c48969f834afe41a9ad53a;2026-09-28T19:47:05.797752+00:00;false
LOC-0012;LOC-0053;WALKING;2026-08-17T07:00:00+03:00;OK;6295;105;8953;LOCAL_VALHALLA_MATRIX;245a9cfc67cf421812c7ff18952b293dd3de91b1928d1933e5057e75befb3ec5;e16e75202d8c678f4b0c0ddc27fa1a1cebf9290124bdc6684817735d408b43de;2026-09-28T19:47:05.797752+00:00;false
LOC-0012;LOC-0054;WALKING;2026-08-17T07:00:00+03:00;OK;3001;51;4218;LOCAL_VALHALLA_MATRIX;189c52effda89740a382d57213d8077d4ab829c90d86c5e22c30f1f4e7461002;878e608628b14f66d16343e2c67c7b08508807df88cf99e6d616c6c4e7d9c6e3;2026-09-28T19:47:05.797752+00:00;false
LOC-0012;LOC-0061;WALKING;2026-08-17T07:00:00+03:00;OK;482;9;672;LOCAL_VALHALLA_MATRIX;86744ba4be3fd2b609ee93b4a7039854dd35494d160d0454ef5863334f4af16a;266c7a80dd1e0106240d68f28a79fa3e471c4f7f8d4dc3c1ba501f2278b50a2b;2026-09-28T19:47:05.797752+00:00;false
LOC-0012;LOC-0063;WALKING;2026-08-17T07:00:00+03:00;OK;6799;114;9514;LOCAL_VALHALLA_MATRIX;711a58e8b2523d25b9501dcfbcade854480c7245a2b5d5a18f2b89774aabedd7;32e8b4b5ddc53faa56073324e2ade9464bec37bd81e7c0de3aa31d80c967864c;2026-09-28T19:47:05.797752+00:00;false
LOC-0012;LOC-0064;WALKING;2026-08-17T07:00:00+03:00;OK;6320;106;8847;LOCAL_VALHALLA_MATRIX;3cb62e8f6357109723de413b615af8b74592e5555b1e78409d58ee56c0b5aacd;903d59f3f0049d1753aa9c0af7e78535352a05c4869df086922262f8579a9177;2026-09-28T19:47:05.797752+00:00;false
LOC-0012;LOC-0074;WALKING;2026-08-17T07:00:00+03:00;OK;3454;58;4859;LOCAL_VALHALLA_MATRIX;af835328ae5a88d107e5c686bfc7f97546f203637a9799f0c63f50608b5da0d3;db63dd55c9abd2c17cb4d578c62973ad783cfe6d6799d24135b54327de42e119;2026-09-28T19:47:05.797752+00:00;false
LOC-0012;LOC-0075;WALKING;2026-08-17T07:00:00+03:00;OK;3864;65;5437;LOCAL_VALHALLA_MATRIX;b7aa5fec40796102aed4a0580684d5ecaf729cca77b90a29738c44b26e467b00;2546f9b4e5c1195c4f199b05efe66b9c7430a9372905c63d7966513cfb35fc4b;2026-09-28T19:47:05.797752+00:00;false
LOC-0012;LOC-0076;WALKING;2026-08-17T07:00:00+03:00;OK;7044;118;13568;LOCAL_VALHALLA_MATRIX;a1f89704a651d7711a02c3c35c02dd73b85b0a1fae733aa274518c09977a6888;3dc2805a8460d7968446913d681d6d6a4bced15e18a869e2d2899748b843cf07;2026-09-28T19:47:05.797752+00:00;false
LOC-0012;LOC-0078;WALKING;2026-08-17T07:00:00+03:00;OK;5615;94;7871;LOCAL_VALHALLA_MATRIX;e82fcefa75ab8e48da0146376264206777c54be5477a2d6a944bcebca7f93611;9e78402c17fbd74794c60d3bf68004ae2da2240c9481dee62ec9c6a61c1dc360;2026-09-28T19:47:05.797752+00:00;false
LOC-0012;LOC-0080;WALKING;2026-08-17T07:00:00+03:00;OK;3518;59;4936;LOCAL_VALHALLA_MATRIX;f4d10dbad9db20bab478010697283c585a99a850a2f513cd5d53011f4333526f;24cddb8b487d0b520ed84898bc8bad6a7eb1c04624e4fec2a1b9fd4365bcad80;2026-09-28T19:47:05.797752+00:00;false
LOC-0012;LOC-0082;WALKING;2026-08-17T07:00:00+03:00;OK;6322;106;8876;LOCAL_VALHALLA_MATRIX;2fc41ba3460dd7657bbebb31ddf0bd69910bacf49a67a911e850d8dd8b47defe;0e7601f625ff1b47f0e2096697f6d3db1cde6e02f5d02e938530da888d927b4f;2026-09-28T19:47:05.797752+00:00;false
LOC-0012;LOC-0085;WALKING;2026-08-17T07:00:00+03:00;OK;5195;87;7304;LOCAL_VALHALLA_MATRIX;47f9bda132bc1b1a467469ac4a640b31c2aa68db26f7f4cda86d6ca6387b322b;f2ea3988e6be44d9df95e3721d7ce0acca26b3bf52283dd2e357e4ab21e92aa1;2026-09-28T19:47:05.797752+00:00;false
LOC-0012;LOC-0086;WALKING;2026-08-17T07:00:00+03:00;OK;4975;83;6992;LOCAL_VALHALLA_MATRIX;4ba86884419430aa61926dd8397dc6fb783efd76122f5f206a1a710837dc6eb2;7bb41c937c913d62d146d5e9a0cff9245078217a073fcbde34d63f63a9f3d987;2026-09-28T19:47:05.797752+00:00;false
LOC-0012;LOC-0091;WALKING;2026-08-17T07:00:00+03:00;OK;746;13;1046;LOCAL_VALHALLA_MATRIX;64d01d773e578a4b019df5ae88a86854e25a633abea418b25ec22b0a5a50dd86;a4b4a4e5920dc4fd711b7bc18bf8163d65e10d66800c150cafcb9b023344b117;2026-09-28T19:47:05.797752+00:00;false
LOC-0012;LOC-0092;WALKING;2026-08-17T07:00:00+03:00;OK;1159;20;1634;LOCAL_VALHALLA_MATRIX;76a3ae3ab6146a8e099a557471b3a71c7e76ea2c1da5e65beafdfcb215143ef4;c9592731ad21e8c1566c9749f8554296895b06977ab7d6e0a4fc3a8e74687d3e;2026-09-28T19:47:05.797752+00:00;false
LOC-0012;LOC-0093;WALKING;2026-08-17T07:00:00+03:00;OK;1235;21;1740;LOCAL_VALHALLA_MATRIX;1a27a8cfb5265f555bd08133c11f49055081db5a656fd2ef596fd03315788b69;f94f8ff14ed00f61fdc57bd943c751147647bb30d3bac30673f88a64d98b0e49;2026-09-28T19:47:05.797752+00:00;false
LOC-0012;LOC-0094;WALKING;2026-08-17T07:00:00+03:00;OK;5385;90;7574;LOCAL_VALHALLA_MATRIX;87e13847deb89ed836d1ed01e80d80f86713cc526ace583265289fe4b593790a;bb6cb461f2e8aa2003b7850648472c09aba4c71b212853dddc63e922c13ca0f8;2026-09-28T19:47:05.797752+00:00;false
LOC-0012;LOC-0095;WALKING;2026-08-17T07:00:00+03:00;OK;5922;99;8324;LOCAL_VALHALLA_MATRIX;6ea0ff8c50b10a576a9ec005584c5313cf8840c4be371e83ccf1e67d4bcf604c;a52fd8fd5d63a92ac2a5ce61e4ee12eb6f120a464533e29bc08f48ed39e82216;2026-09-28T19:47:05.797752+00:00;false
LOC-0012;LOC-0102;WALKING;2026-08-17T07:00:00+03:00;OK;6516;109;9122;LOCAL_VALHALLA_MATRIX;aa0d3d97d11bd3ed8a089a5341fba9b48a828a9a6d79e5820050691028376c5d;914047e30c90642d00b91a524a9fad03be17075018953eea808849db75ff807b;2026-09-28T19:47:05.797752+00:00;false
LOC-0012;LOC-0112;WALKING;2026-08-17T07:00:00+03:00;OK;2109;36;2924;LOCAL_VALHALLA_MATRIX;f1fd7b320000df55a79cea6ae24f815fedfb589f1f04b05e7a8ecc5b068302fb;35cdc182d02f3d50758111cbb789cf85464f73a357caa751f02729db1107dc21;2026-09-28T19:47:05.797752+00:00;false
LOC-0012;LOC-0124;WALKING;2026-08-17T07:00:00+03:00;OK;8023;134;19339;LOCAL_VALHALLA_MATRIX;31c8bdf6b58caf6129f62bbe904776a70fcb403e1fcdb479d2f3992f7bcd5019;1bca13ef95d41fd420d67a4aebb36a63fa755e1d31287e1e477e1c9561a90d2e;2026-09-28T19:47:05.797752+00:00;false
LOC-0012;LOC-0125;WALKING;2026-08-17T07:00:00+03:00;OK;3934;66;5515;LOCAL_VALHALLA_MATRIX;f0bf32e669127bd52cc4962977e58c57e284e5716a102ad952304f1b1e726579;f865cd0a0a0af859b56002e1a1109ce77c3d990f42764014b283eadbf9625453;2026-09-28T19:47:05.797752+00:00;false
LOC-0012;LOC-0126;WALKING;2026-08-17T07:00:00+03:00;OK;2176;37;3062;LOCAL_VALHALLA_MATRIX;109ad2fe7f09baf52967afac84c17f9d706aebaf317d1536a7b147fcf2afe366;e5b4ad0bfc9ba9c96484c5eac771b7f4a89965631a3bb12829ff12a615b9a03f;2026-09-28T19:47:05.797752+00:00;false
LOC-0012;LOC-0128;WALKING;2026-08-17T07:00:00+03:00;OK;3252;55;4574;LOCAL_VALHALLA_MATRIX;efaacf44776cf2abfe21b9c89aeeb81880edb73da7dc06b3a340e0dfd3ca5b82;1efb8b387aeb676e094ef75ccf0f0589d4ec92897946c620fc29f3d30a66117d;2026-09-28T19:47:05.797752+00:00;false
LOC-0012;LOC-0134;WALKING;2026-08-17T07:00:00+03:00;OK;5087;85;7111;LOCAL_VALHALLA_MATRIX;9c0ceef3586b65c0f9f30e0844f2a47f5385b0fc6b28d88ac718360efdcceb40;ac02d5ee4e169a6d1932e44b3a1383ed5909d2cc39c385d8fc368e6dd7091493;2026-09-28T19:47:05.797752+00:00;false
LOC-0012;LOC-0135;WALKING;2026-08-17T07:00:00+03:00;OK;5202;87;7272;LOCAL_VALHALLA_MATRIX;0ddaaa6a0c5fc56ffb9e10c2c3fe581d9835621e787743a2f88fd79e267c5a36;b8f519a0257cfa2664816c7cf35c13038da80ba6e9b4fe0864ecd8ebcef98fc1;2026-09-28T19:47:05.797752+00:00;false
LOC-0012;LOC-0136;WALKING;2026-08-17T07:00:00+03:00;OK;5328;89;7439;LOCAL_VALHALLA_MATRIX;438400b8056ee2f0f9dfd814b7e0b55361b415e4d52d06b254ac7d037347ff9d;5b2f4f8684b3b93dbe90b9bbc6ca81090e4498f57fcc5f72344134ceb766e50d;2026-09-28T19:47:05.797752+00:00;false
LOC-0012;LOC-0140;WALKING;2026-08-17T07:00:00+03:00;OK;6063;102;8491;LOCAL_VALHALLA_MATRIX;0dda05359c2b9f91fc99646b376d616ff3bd0c79d6aa81c933f76abfad9a54a5;a724ec3d2d5913cc8e456a7fbf7afc7bb7467e67192d22fc0ae5e0b8625fba44;2026-09-28T19:47:05.797752+00:00;false
LOC-0012;LOC-0141;WALKING;2026-08-17T07:00:00+03:00;OK;7348;123;10300;LOCAL_VALHALLA_MATRIX;bb001df8b4b8b28466b1dab70b88899ae706e248ac24fbd0a0fe83e4c8982fce;efa808692b02a866dca31e80361afe74074d6c544dc08acee92c720189260e8b;2026-09-28T19:47:05.797752+00:00;false
LOC-0012;LOC-0142;WALKING;2026-08-17T07:00:00+03:00;OK;7429;124;10373;LOCAL_VALHALLA_MATRIX;599e5ebf431609b7c8bce7ffcd1424ea55f8dbe107d5c1c15302220408f85c7e;139b917ad05ad856badcb538fcc288fcb94a17d000509930f7f3e535c5f51a46;2026-09-28T19:47:05.797752+00:00;false
LOC-0012;LOC-0145;WALKING;2026-08-17T07:00:00+03:00;OK;1921;33;2707;LOCAL_VALHALLA_MATRIX;5a0b0c8d1243b783e33050a25de859eb75f670c94f1179711086692cee0fdef4;b91a1ac249c343aea27fcd0ac7a3975ab1b3d1d77813d3a0f17c6ea5e3675288;2026-09-28T19:47:05.797752+00:00;false
LOC-0012;LOC-0148;WALKING;2026-08-17T07:00:00+03:00;OK;3990;67;5598;LOCAL_VALHALLA_MATRIX;806a2f22a8c991f54532373e917c5de48927dbc1634167cbe1bc7f17c09bd7b7;c1e2ed05d36a11b46b4612c0bb4f87f4d209e182bbe633ebbbfe74ddfaa0b634;2026-09-28T19:47:05.797752+00:00;false
LOC-0012;LOC-0149;WALKING;2026-08-17T07:00:00+03:00;OK;3763;63;5284;LOCAL_VALHALLA_MATRIX;f1755857a24e5fd2ae384b98c5f0eee1a2a3e8346efa4946d7b479f7d7948f95;e171906590ff0a8c7e9957f36cfb98497326d16e20c843882d8a2f284399880f;2026-09-28T19:47:05.797752+00:00;false
LOC-0012;LOC-0150;WALKING;2026-08-17T07:00:00+03:00;OK;3639;61;5112;LOCAL_VALHALLA_MATRIX;1c0e6dd080c84a450d12fb4fc8245c80e94713ff42dd16bb98dfc052809e3868;27ff0476d88e53f877ce163411fdffeba59a62f476810ee27677be441948723e;2026-09-28T19:47:05.797752+00:00;false
LOC-0012;LOC-0151;WALKING;2026-08-17T07:00:00+03:00;OK;4334;73;6075;LOCAL_VALHALLA_MATRIX;13dddfa339d7e0dc5451330748466d7b61831171d2a0238f1fbbe5e83e8f986a;9ebaf3163698554958493da9cd5cb96c9607099aa7ce0004f3fa802a7c79a45a;2026-09-28T19:47:05.797752+00:00;false
LOC-0012;LOC-0152;WALKING;2026-08-17T07:00:00+03:00;OK;4338;73;6083;LOCAL_VALHALLA_MATRIX;63a51bd1c480253aa362e7b0493e4472896d0ebd6eb48d0ee83d15259e6e37a3;7baadb81abaae01e1a59b371581465d78b498d5ec5817c01d7b41cbe73a7b633;2026-09-28T19:47:05.797752+00:00;false
LOC-0012;LOC-0190;WALKING;2026-08-17T07:00:00+03:00;OK;1150;20;1615;LOCAL_VALHALLA_MATRIX;da77733eeed334b695a6a3819861e5e4e3d8f0d171274efbe88e44bd12913378;986aaa8a87a11bf66070165a5f18e1f759cded714b4a420be5c301ecca4e2a88;2026-09-28T19:47:05.797752+00:00;false
LOC-0012;LOC-0196;WALKING;2026-08-17T07:00:00+03:00;OK;4458;75;6221;LOCAL_VALHALLA_MATRIX;587de771f92f46d9075779a1b25a9e49bcf3f484e8712b9447b395daf532a08f;1227ca880c12d8c175608e078ae261d1c8cd74ce902d07350e410caa2335c5e7;2026-09-28T19:47:05.797752+00:00;false
LOC-0013;LOC-0002;WALKING;2026-08-17T07:00:00+03:00;OK;894;15;1256;LOCAL_VALHALLA_MATRIX;ea0eb86d5b47f440e150f26e8364b5a6921c1df72509bc995033ee2274fc6459;c2aff5b590389f58a01ced1c3171ed65cf5ebab4ba030884f0147068032c35cc;2026-09-28T19:47:05.797752+00:00;false
LOC-0013;LOC-0008;WALKING;2026-08-17T07:00:00+03:00;OK;5876;98;8213;LOCAL_VALHALLA_MATRIX;6bce948e1aa49bb6d461c3167636a3edab9585f8db47edb8f36f6da8f1be209c;1230069a082b4452822e8c2a79608133d45cc6959b7d4239f16ba63acbed2687;2026-09-28T19:47:05.797752+00:00;false
LOC-0013;LOC-0009;WALKING;2026-08-17T07:00:00+03:00;OK;5956;100;17996;LOCAL_VALHALLA_MATRIX;52327441a11d208cb727fcab508f23d0a9dbe572fe237df36a43fc729fb8e3be;5b14b51c4f4868efd3fa6f98bcd921f876413157e5c7b0a7951b2edb795570f1;2026-09-28T19:47:05.797752+00:00;false
LOC-0013;LOC-0010;WALKING;2026-08-17T07:00:00+03:00;OK;6442;108;9019;LOCAL_VALHALLA_MATRIX;e73c7d2beb838ed8391138d22b25f9608f809fed09e396e2c2aeb91426f54cd1;67e68e3a7b9206696b63e1d012b365db088de31360c2ed6128f683b7a51275d6;2026-09-28T19:47:05.797752+00:00;false
LOC-0013;LOC-0011;WALKING;2026-08-17T07:00:00+03:00;OK;5420;91;7556;LOCAL_VALHALLA_MATRIX;f2edc914b7d8cac458e254b51b2f224b5d95e97bbd67aa2e0003512df777ccea;5d5adb784c30373ef9da9f3291839c9f269fccd250f1b73d313b16438f06a7e2;2026-09-28T19:47:05.797752+00:00;false
LOC-0013;LOC-0012;WALKING;2026-08-17T07:00:00+03:00;OK;5494;92;7683;LOCAL_VALHALLA_MATRIX;eac29005e985d2ff8212c0c0577db3bb1a47ad13e554535516d860813d2dae98;22ae5709c962620912067f959291696ba272a1baf8b0e9ac9e160d1eef49a16e;2026-09-28T19:47:05.797752+00:00;false
LOC-0013;LOC-0013;WALKING;2026-08-17T07:00:00+03:00;OK;0;0;0;LOCAL_VALHALLA_MATRIX;a750dd83e19fadbf79fb0dd5ea844d0f95db3f62fd813340492ca53ce0de4098;3d5812abc84c11768aa73a732c85d75dbed439188f5bb3239e9b762ea31d9862;2026-09-28T19:47:05.797752+00:00;false
LOC-0013;LOC-0016;WALKING;2026-08-17T07:00:00+03:00;OK;4957;83;8677;LOCAL_VALHALLA_MATRIX;4aae0efc7d1580423a008b77063177b27b57cf43de3884991607387b5622f3a8;4162b61a52005a24019799f3050b5815d9a050679b9f4cd5d288d2f0705b9df2;2026-09-28T19:47:05.797752+00:00;false
LOC-0013;LOC-0017;WALKING;2026-08-17T07:00:00+03:00;OK;6083;102;10413;LOCAL_VALHALLA_MATRIX;471d2d8ce7f1cce7b8b94d6f32db451575de3f6ca1f25b5c697ff9c54c748266;8412a31ce8cd3f4f5f31ecff38cbd1c05233706e4c235972b16fe49afb68c163;2026-09-28T19:47:05.797752+00:00;false
LOC-0013;LOC-0018;WALKING;2026-08-17T07:00:00+03:00;OK;5979;100;9508;LOCAL_VALHALLA_MATRIX;5264886e3e7897154448b7d3d9acdbf4b92b0a390fbbb33a58bca33087cc3b3f;505691c47f40ef2bf567c466cc7d765de9848007aabf088b672fd2674e9af4ad;2026-09-28T19:47:05.797752+00:00;false
LOC-0013;LOC-0019;WALKING;2026-08-17T07:00:00+03:00;OK;6802;114;9520;LOCAL_VALHALLA_MATRIX;9c3b38dd2f0c95137f02b77a307979818758e04e74aa76e2049be3836081976f;5c7bc9ce42f417b619621bcddc38069a12ff2df8f14c9d03be2f58f691a74e06;2026-09-28T19:47:05.797752+00:00;false
LOC-0013;LOC-0020;WALKING;2026-08-17T07:00:00+03:00;OK;7785;130;12046;LOCAL_VALHALLA_MATRIX;497900626ca774127fa80df6b3b86db9fffd9a263c728b230922741bd56c9656;abfdbc535a7a4818357a229248c4b031008c2d909b97cea440b8671cb3451cfc;2026-09-28T19:47:05.797752+00:00;false
LOC-0013;LOC-0023;WALKING;2026-08-17T07:00:00+03:00;OK;7024;118;11010;LOCAL_VALHALLA_MATRIX;53efcb29e77bd6a429c98cb55c80369e953128c683535109ebcfaf8cf830f133;52eb8936a9d6feec6465132be1f199972dc7372ad15802e97e75d9593c2a23cc;2026-09-28T19:47:05.797752+00:00;false
LOC-0013;LOC-0027;WALKING;2026-08-17T07:00:00+03:00;OK;4819;81;8637;LOCAL_VALHALLA_MATRIX;058a328b40bcaf1de70f0b668dedacfa6df490e5c4ffbf86a20234ece7fe7e51;54e71567f4d0a3e2ef1dc666ef003f7105bfcba327560956195e7ff393de1f7b;2026-09-28T19:47:05.797752+00:00;false
LOC-0013;LOC-0028;WALKING;2026-08-17T07:00:00+03:00;OK;4050;68;7557;LOCAL_VALHALLA_MATRIX;3bee8a611d818f3dafe04d6b54e31df668fde0dec40b8cae65b68f16b2f3780e;3adf64c88b87ea282a5f862f0e131b0851acead6d7a1127379dc84481017d43d;2026-09-28T19:47:05.797752+00:00;false
LOC-0013;LOC-0029;WALKING;2026-08-17T07:00:00+03:00;OK;3932;66;7390;LOCAL_VALHALLA_MATRIX;6a06a69ab689a661b40f5404c286d7cc37fb1ebceaacf27a90e09b4afe5a4714;4d6c5e53f858dfc9a360ce5d04a1dfb90f8739a71c33bfa768e89b669cf49abd;2026-09-28T19:47:05.797752+00:00;false
LOC-0013;LOC-0037;WALKING;2026-08-17T07:00:00+03:00;OK;2401;41;3375;LOCAL_VALHALLA_MATRIX;a3c475e8ed331515eb5b60dba9124a1a2c11bd739699c1c93382161d9f51f77f;e1b00c0063f0041de6f0dcbd26a17a82e18f2123b0fb35a33f35ad12a549d938;2026-09-28T19:47:05.797752+00:00;false
LOC-0013;LOC-0045;WALKING;2026-08-17T07:00:00+03:00;OK;4102;69;7616;LOCAL_VALHALLA_MATRIX;da49dcc82446764c544976006f332b5a3391654fe7422890f9a0a4e50d5241c5;94fcc185d4b90efdb396f413c4f8d8457b95ff8f4b846c8a55c0e365ec93df17;2026-09-28T19:47:05.797752+00:00;false
LOC-0013;LOC-0053;WALKING;2026-08-17T07:00:00+03:00;OK;3469;58;4871;LOCAL_VALHALLA_MATRIX;f7b893cf1169e038023cac9aa4f9ee070d5530ce6a2881dac309c3924352ea31;dd5b854a1b889e726100ff0286a87f6bace813c22629182a6cea1530a76d5e89;2026-09-28T19:47:05.797752+00:00;false
LOC-0013;LOC-0054;WALKING;2026-08-17T07:00:00+03:00;OK;2620;44;3687;LOCAL_VALHALLA_MATRIX;b29e8b9874da12c4bd6bc4ba9bca8fc8e49235f04a08a2da69a28498ac11f609;4a1ed3198fc0116665e6af5f9295d865282202eb609613b73665a68fc9fa919e;2026-09-28T19:47:05.797752+00:00;false
LOC-0013;LOC-0061;WALKING;2026-08-17T07:00:00+03:00;OK;5375;90;7457;LOCAL_VALHALLA_MATRIX;aa183c4342b2fdb30ab713cfc471e2bb02775ea60a8921b8f748d2b0f38419e4;8699b254ab27aed7478dfaf50222af192c19427a6e04f1d7a63d32ebb2512cd8;2026-09-28T19:47:05.797752+00:00;false
LOC-0013;LOC-0063;WALKING;2026-08-17T07:00:00+03:00;OK;5117;86;12455;LOCAL_VALHALLA_MATRIX;3b1f36f9e7e7f40f702daf40d17b07941133ee62bdf90c441cd8a4906c0917c4;161f91bed61f8a1afbfa07716db72ca55e42230ece1191d5d9605c69eff711a9;2026-09-28T19:47:05.797752+00:00;false
LOC-0013;LOC-0064;WALKING;2026-08-17T07:00:00+03:00;OK;4847;81;8663;LOCAL_VALHALLA_MATRIX;3981b34298c34745ec2dd6afe46755a21736058bcb5c5525eff4be59c78e3016;be84a8c4f06081226344910df1d4320a8d351b5a9982b826fe3a630fad5f0c97;2026-09-28T19:47:05.797752+00:00;false
LOC-0013;LOC-0074;WALKING;2026-08-17T07:00:00+03:00;OK;5193;87;8422;LOCAL_VALHALLA_MATRIX;89bb0e6a8c3fa633e9b9a46aa81b65598aec5a066940e6ee2c654833955f9201;5e49842f1c2e2886a9bd8542dcd60fa1f2af75677cee9947482c866f59ce9d23;2026-09-28T19:47:05.797752+00:00;false
LOC-0013;LOC-0075;WALKING;2026-08-17T07:00:00+03:00;OK;5457;91;8793;LOCAL_VALHALLA_MATRIX;929836af9e57bef656ba2ffc604f5a7e293ad7129e91abf2f538b139cc0ae2e8;d4d7f6f89540939e05c2b3480bd9bf7355aa964f46406f573e716ada2fbd89de;2026-09-28T19:47:05.797752+00:00;false
LOC-0013;LOC-0076;WALKING;2026-08-17T07:00:00+03:00;OK;5235;88;12621;LOCAL_VALHALLA_MATRIX;170137415a59013180b1092480cd8aabe59aa5a3c5c3ac4594f10fefa2f071a0;8aea752683f3a348f3f073b0998ac6e11a651175146f66f5706f66e26996c625;2026-09-28T19:47:05.797752+00:00;false
LOC-0013;LOC-0078;WALKING;2026-08-17T07:00:00+03:00;OK;4465;75;8091;LOCAL_VALHALLA_MATRIX;f6f9589707d6141198f65a18adf6e5be486af83e0e8fb874848c3a2b30006a29;d129b420fdca170260250be928e640264febf5c291dfeb096058424edacc97c9;2026-09-28T19:47:05.797752+00:00;false
LOC-0013;LOC-0080;WALKING;2026-08-17T07:00:00+03:00;OK;5274;88;8530;LOCAL_VALHALLA_MATRIX;29d97d1f333455ba45a6e6b9d3ca1b37f8a46ea6d5c5b54113530ec4a10ac97b;ebeec498cce2c66d290854f598cf5bdbe27dfa2a449fd0ff7aeee2bca6c27b23;2026-09-28T19:47:05.797752+00:00;false
LOC-0013;LOC-0082;WALKING;2026-08-17T07:00:00+03:00;OK;5101;86;9008;LOCAL_VALHALLA_MATRIX;40b6c00369a9aa9d55808a0a1f2a3f2f6129e6f624b0bc88c4ee4f07043feccb;0483bd667fb3cc1dde7c8bb9156f321c5c0f58cee7434a339600d05849b17daf;2026-09-28T19:47:05.797752+00:00;false
LOC-0013;LOC-0085;WALKING;2026-08-17T07:00:00+03:00;OK;964;17;1356;LOCAL_VALHALLA_MATRIX;567bac5bfc9da16c19d09c6ad9b3aa95780c38765ebc08017ba033cc95e85b56;5e147d287d8f68759eceffa1bbe8353c4e25256ff5a596ad4a2ef10f43ce6cb9;2026-09-28T19:47:05.797752+00:00;false
LOC-0013;LOC-0086;WALKING;2026-08-17T07:00:00+03:00;OK;1234;21;1730;LOCAL_VALHALLA_MATRIX;75539f4a89f4a8a5f31c4beb1b7e0852e0fc64f1fe7cc5711b8778eb6c031728;b17c5f960a8404db2f25e84efe54ef55d284e8aecf57c8ccdedd1f6aef2eaf0e;2026-09-28T19:47:05.797752+00:00;false
LOC-0013;LOC-0091;WALKING;2026-08-17T07:00:00+03:00;OK;6198;104;8666;LOCAL_VALHALLA_MATRIX;5a6935cdd2edede7ce5e7a36456cae30f4356b3ed308996ec254f58fceb7ac8b;c8e1181da1e5ba11d9a0c83ac381c756bd640fc654e8e40a288a72ddc9948ac5;2026-09-28T19:47:05.797752+00:00;false
LOC-0013;LOC-0092;WALKING;2026-08-17T07:00:00+03:00;OK;6360;106;10067;LOCAL_VALHALLA_MATRIX;aea363e9c151357c6bcec65a7c48f1a7a774eddcf71dcaed369a7635fb07ad28;c521c7cd17201ca11f1b596b59d50576251e2df0c9894bc4ad58b37a89516f8b;2026-09-28T19:47:05.797752+00:00;false
LOC-0013;LOC-0093;WALKING;2026-08-17T07:00:00+03:00;OK;6219;104;9872;LOCAL_VALHALLA_MATRIX;39ee11ca38c7fdb33b7172ef602db4d1f271f6c910470650e22ca0d1e58cd4b4;be6aaec87b66811621006d077a17ec76ec5795d5d3bb2ed34c32dae9a5816e19;2026-09-28T19:47:05.797752+00:00;false
LOC-0013;LOC-0094;WALKING;2026-08-17T07:00:00+03:00;OK;1390;24;1953;LOCAL_VALHALLA_MATRIX;3fbb8d1a1a838a3c13411f903def07dde0e8000929ac451753de75e81f734481;b0d26f9f89133f96b2c394ca2499ed175ce10da03b4b36d6cd64256627f943bd;2026-09-28T19:47:05.797752+00:00;false
LOC-0013;LOC-0095;WALKING;2026-08-17T07:00:00+03:00;OK;1232;21;1737;LOCAL_VALHALLA_MATRIX;bfacbd10b4224e7278e5655f92eb7c186dbb012f45a150de0c7b117ec6e54bf8;3cfae5d499224f284531e84b6abf2e414d85cd95bb640d666310df90d521baeb;2026-09-28T19:47:05.797752+00:00;false
LOC-0013;LOC-0102;WALKING;2026-08-17T07:00:00+03:00;OK;5606;94;13136;LOCAL_VALHALLA_MATRIX;6866f7a92f320e1b37d1cb25380fe79a7f97667ebc5995bcaad058b2664c3b70;d4c643aca585935720d3513d1e187935cb3d83aa9f5b6ee4c42fd9ab0013bef4;2026-09-28T19:47:05.797752+00:00;false
LOC-0013;LOC-0112;WALKING;2026-08-17T07:00:00+03:00;OK;5135;86;8314;LOCAL_VALHALLA_MATRIX;b54394de3b77b450c35de7ec24763bc9fce6750236397af7e8e48abbf049bb19;89e60059f96dc6f511e31d3d8d4f9ed5bb1b366e4556ef0c2915468ee30888d3;2026-09-28T19:47:05.797752+00:00;false
LOC-0013;LOC-0124;WALKING;2026-08-17T07:00:00+03:00;OK;6214;104;18394;LOCAL_VALHALLA_MATRIX;816fb9b4c175e16dda7aa347a8471df1100c70e50bed6e4380e094f3480a23b6;709317e36f83bbcd939e7fe18c29e3ef979a44eae46a0abbd4ce0b2c7f011ac7;2026-09-28T19:47:05.797752+00:00;false
LOC-0013;LOC-0125;WALKING;2026-08-17T07:00:00+03:00;OK;5871;98;9359;LOCAL_VALHALLA_MATRIX;116b4b4dad32f69315df5b866ad3f6b477cb7e93b96b2c3d069a918bf50b4fec;98a97d483215bc7d53f3e1e2188dc55f93dde1b8a12bc2a72adfb699272b8b7b;2026-09-28T19:47:05.797752+00:00;false
LOC-0013;LOC-0126;WALKING;2026-08-17T07:00:00+03:00;OK;4362;73;7256;LOCAL_VALHALLA_MATRIX;cdbb418827eefd2da02c34d5b256efcb11a383aa8a75f324cb28a8fd3c97db44;e23c0cc853d9b1c6033157809ac5dc67b8214e88c8e3143f06c755b2030a2244;2026-09-28T19:47:05.797752+00:00;false
LOC-0013;LOC-0128;WALKING;2026-08-17T07:00:00+03:00;OK;2515;42;3533;LOCAL_VALHALLA_MATRIX;740cf1c69c83cf6b6e5678ea28e83108d0d7c87cd3b18abcb9608c72bc4e43b4;27e81f99f3e720049fc9cbcb63b5b2d8dcf6feccafd3967fbf4487c0f2751629;2026-09-28T19:47:05.797752+00:00;false
LOC-0013;LOC-0134;WALKING;2026-08-17T07:00:00+03:00;OK;601;11;852;LOCAL_VALHALLA_MATRIX;470cd9ce1ac759c9d07746e0da2df9dd8faf5b233a6940981abdcd6f386e8572;503467426bdeb1d5220ea3eeafb9a158ec104d84e81ed926777b86681d23a1ab;2026-09-28T19:47:05.797752+00:00;false
LOC-0013;LOC-0135;WALKING;2026-08-17T07:00:00+03:00;OK;494;9;701;LOCAL_VALHALLA_MATRIX;53fad27b3c279c6d79b1c485dcd1b81236ceef7a0b7c1a55c184f66d8f65f13c;da4a6e18cf723209e23e381bd563829deb20b11efa82b0799044a3f1ba032a91;2026-09-28T19:47:05.797752+00:00;false
LOC-0013;LOC-0136;WALKING;2026-08-17T07:00:00+03:00;OK;481;9;673;LOCAL_VALHALLA_MATRIX;fe5e6fadad2b0e17c93a7f29135492f00364b4f44bb3647f9f5b45f3d896813c;7aba2c940b375332e8190b76b70c380c4f31ec4923e67df4f62c94557a44eae8;2026-09-28T19:47:05.797752+00:00;false
LOC-0013;LOC-0140;WALKING;2026-08-17T07:00:00+03:00;OK;2885;49;4056;LOCAL_VALHALLA_MATRIX;68c707cd55a9b75c5d1f763e326777de196df4a6745e4626857c095ae8d7d89b;e9d83efc56f8d97c43544c004565cd4cb383c35ae619c1055f5d2093ce6a50a2;2026-09-28T19:47:05.797752+00:00;false
LOC-0013;LOC-0141;WALKING;2026-08-17T07:00:00+03:00;OK;6929;116;21518;LOCAL_VALHALLA_MATRIX;4a29f95bdb6e5216e99a79de1ae00ed2a7a8ec7c8f96e8438762373eeeaaea54;12af5957281d65a89a86cfec67f7f24b93f21c985679a2f4076a04070b6bfcc9;2026-09-28T19:47:05.797752+00:00;false
LOC-0013;LOC-0142;WALKING;2026-08-17T07:00:00+03:00;OK;7009;117;21591;LOCAL_VALHALLA_MATRIX;bd3623728a0913970b516a13f4e2ec937af0c48e4db4df2631c19d72504d61dd;55d384019aa33589ebe480003a643b4083c785e523f612d3c36e98400b6954d8;2026-09-28T19:47:05.797752+00:00;false
LOC-0013;LOC-0145;WALKING;2026-08-17T07:00:00+03:00;OK;7020;117;10970;LOCAL_VALHALLA_MATRIX;89bebdbe11af5a2cea8a7346f8772e3724e5ddd4520463717f4d172b28589b94;c84b8d45548d966a7db170214fdb6de7c11522e0d0d6b6c2dd11d4183db1a5c2;2026-09-28T19:47:05.797752+00:00;false
LOC-0013;LOC-0148;WALKING;2026-08-17T07:00:00+03:00;OK;4799;80;7874;LOCAL_VALHALLA_MATRIX;307a0f861bb73b58afe19bbd64c7050135a72a9279d4dd80ca95e2c718b25172;0018c81e47fab762140197d610563283b0a6338a003b518281c5b253385ebc2b;2026-09-28T19:47:05.797752+00:00;false
LOC-0013;LOC-0149;WALKING;2026-08-17T07:00:00+03:00;OK;5266;88;9231;LOCAL_VALHALLA_MATRIX;9b922afa97ae322b9fee47bc743a6d6bf8fe4cd3533083e3e5c236f339bef287;11a1c66122be2399749f8399f66b88b3f585cd020b87caae20845eb457c9bb8e;2026-09-28T19:47:05.797752+00:00;false
LOC-0013;LOC-0150;WALKING;2026-08-17T07:00:00+03:00;OK;5173;87;9096;LOCAL_VALHALLA_MATRIX;3f832146283a46bf3a22beeabbd06fd9a7294b249df964b9ae18b35d322c9ffa;b80c22aa5c857fdff9d17b2e0ecbc5af4b670bcaab54e692e865dc35eefe0438;2026-09-28T19:47:05.797752+00:00;false
LOC-0013;LOC-0151;WALKING;2026-08-17T07:00:00+03:00;OK;5597;94;9718;LOCAL_VALHALLA_MATRIX;aaa0d84fff209eeaeab532b99271c6227c8dd89b2f2b91e7013f84642a6aa27f;fd4925a0ae0e11cb2b5cff0a19dd5992a9efc3e42bc7c26d4ef43fdf5ffbd8b7;2026-09-28T19:47:05.797752+00:00;false
LOC-0013;LOC-0152;WALKING;2026-08-17T07:00:00+03:00;OK;5532;93;9626;LOCAL_VALHALLA_MATRIX;4300bae98fb0ea5676643305dcb2e6ac101f110c2a96af20eb887fcc5fd56599;df25f1c84af3d30c258451962f0766f4f91b47d1e427ca4435e6460e337605a4;2026-09-28T19:47:05.797752+00:00;false
LOC-0013;LOC-0190;WALKING;2026-08-17T07:00:00+03:00;OK;4530;76;6310;LOCAL_VALHALLA_MATRIX;8e4d2c760fe2385d55e07f1a603b8f012441188aeb149fe6dad146df70a2eb15;a2425edf272f10f6ef9e34629cbe5ef4e65b2685a5872b4a9d529df856793c27;2026-09-28T19:47:05.797752+00:00;false
LOC-0013;LOC-0196;WALKING;2026-08-17T07:00:00+03:00;OK;8008;134;13016;LOCAL_VALHALLA_MATRIX;ebf633934d385b6174ff6a59325010f91559284b02549231b6d294206a804690;de8db7ba422e369e62f68f285e6a382805b3e05eeadf31f266e3a6b4593f4500;2026-09-28T19:47:05.797752+00:00;false
LOC-0016;LOC-0002;WALKING;2026-08-17T07:00:00+03:00;OK;4710;79;8469;LOCAL_VALHALLA_MATRIX;2ed2b50d25353f9bbca2a36032ac1bf94be6ac416a417d16852b60f713a60636;e0c5568f0e47a0a3c2c4fe3aa10a9d1e3583573a13b96de3ec2047be820e40cb;2026-09-28T19:47:05.797752+00:00;false
LOC-0016;LOC-0008;WALKING;2026-08-17T07:00:00+03:00;OK;7146;120;10150;LOCAL_VALHALLA_MATRIX;b7c4c5c5508c98167d667fa29709d47aa9119812aedddaf93e1d7175aa515033;5efd0cd4f493374667b11ce372f3d2524f4beb8b53ff959506da9a938518c3bd;2026-09-28T19:47:05.797752+00:00;false
LOC-0016;LOC-0009;WALKING;2026-08-17T07:00:00+03:00;OK;4459;75;10165;LOCAL_VALHALLA_MATRIX;fc4dde706bbc259e043650d4e2e5bae5a0dc9e4adf3903c770466560bd537313;b56e9517a1ea49af7976a696087c1b19789ba278a73cbee8061105863e0d3648;2026-09-28T19:47:05.797752+00:00;false
LOC-0016;LOC-0010;WALKING;2026-08-17T07:00:00+03:00;OK;7592;127;10787;LOCAL_VALHALLA_MATRIX;fa0969c4542d952b631115d0ed55510b78ebb42de3c01d34d6fb4abb0e760037;96eade6fcb7b49178bc00ab24c1bf8973cbf0331da0a810ce72bf59040e2cdc9;2026-09-28T19:47:05.797752+00:00;false
LOC-0016;LOC-0011;WALKING;2026-08-17T07:00:00+03:00;OK;6691;112;9493;LOCAL_VALHALLA_MATRIX;7732f2a0fc76574aae426dc752eea16dabb4d5cc4c9c2a9774e1a0e180e6b864;d4cb56d008c7f99646ab923724edf11cf328bfbb2f8effd1b28aecf30a56dce5;2026-09-28T19:47:05.797752+00:00;false
LOC-0016;LOC-0012;WALKING;2026-08-17T07:00:00+03:00;OK;6764;113;9620;LOCAL_VALHALLA_MATRIX;8a5b9b73180858feca68ded0da263f4298ed9f3b4d344651a0355a2d0eec8132;6091a5cf44a72f777cebaa08e928588b56280bb48db3686869141881f748b7ab;2026-09-28T19:47:05.797752+00:00;false
LOC-0016;LOC-0013;WALKING;2026-08-17T07:00:00+03:00;OK;4956;83;8677;LOCAL_VALHALLA_MATRIX;e39604d7143894fb158fff896e27366b0b05b23fd091a5bb883229660b8db89d;0f8a4db8c1de5788aff0f6e00ffc5c1d3463b18416b212a3808f049f0cd83c19;2026-09-28T19:47:05.797752+00:00;false
LOC-0016;LOC-0016;WALKING;2026-08-17T07:00:00+03:00;OK;0;0;0;LOCAL_VALHALLA_MATRIX;dde08866f516cbf4bac77ccb7863a2e11066d6f013eb8f05617d9aaa3618569e;3d5812abc84c11768aa73a732c85d75dbed439188f5bb3239e9b762ea31d9862;2026-09-28T19:47:05.797752+00:00;false
LOC-0016;LOC-0017;WALKING;2026-08-17T07:00:00+03:00;OK;5167;87;7277;LOCAL_VALHALLA_MATRIX;120df1a7ff322326da8921b0f97d52957feafac445ba6eb237fce9198d7f46df;85733c9713e1d289355e4968247c91904756f4e06c2a164eecd723bf6a3b2958;2026-09-28T19:47:05.797752+00:00;false
LOC-0016;LOC-0018;WALKING;2026-08-17T07:00:00+03:00;OK;5407;91;7596;LOCAL_VALHALLA_MATRIX;4f12bcdf6faeac41ef51fff237d3473ac143fe30c659c266a7056303c2bc1411;303dd61945fb7deb00803f5a00badc2b97f89c01e1da3ccd5ffbdb4dbb126b1f;2026-09-28T19:47:05.797752+00:00;false
LOC-0016;LOC-0019;WALKING;2026-08-17T07:00:00+03:00;OK;8072;135;11457;LOCAL_VALHALLA_MATRIX;95d4e3bc0a7e1f5156a63e37155ae5712446c60ab2112292f8a0c05c13c8bb98;c211d7671cec96b09b970bd9de14289b11092ad19d9ee6d803b819315c8d6b38;2026-09-28T19:47:05.797752+00:00;false
LOC-0016;LOC-0020;WALKING;2026-08-17T07:00:00+03:00;OK;7632;128;10672;LOCAL_VALHALLA_MATRIX;86d128fff557ac2549fbb553c6500843fa77c16d4ee30359bf224f3f922edfd2;954a486240ad0f660d51c49582c3054014b24ce345be2b4a6d16bf2b1050ba43;2026-09-28T19:47:05.797752+00:00;false
LOC-0016;LOC-0023;WALKING;2026-08-17T07:00:00+03:00;OK;6506;109;9128;LOCAL_VALHALLA_MATRIX;2ac2f8357b1565986896db7238d12cdb58d6d52af3e5dc3cef3ae892f885c156;4c14543bae09b363d482b06b523a34107d9baa6b6354b03334a04ac31e08e5a7;2026-09-28T19:47:05.797752+00:00;false
LOC-0016;LOC-0027;WALKING;2026-08-17T07:00:00+03:00;OK;3737;63;5241;LOCAL_VALHALLA_MATRIX;d85a27ded64f3cce9578d7e8fb000b3ca24d5e83cac7c4bb7b45e574bbbb4911;707d91bc02059ff860d5297bd0eceb1a45c59c7078d8822edd518914376cafa9;2026-09-28T19:47:05.797752+00:00;false
LOC-0016;LOC-0028;WALKING;2026-08-17T07:00:00+03:00;OK;2998;50;4180;LOCAL_VALHALLA_MATRIX;17b57a4d7244dfc2048912b92792fa8c828f3e8b7609ac41e94c12276ea900c5;ae66d527733ddb966a58645245f116f8c22c01fe9e91df0483f001d5ecc4e65e;2026-09-28T19:47:05.797752+00:00;false
LOC-0016;LOC-0029;WALKING;2026-08-17T07:00:00+03:00;OK;2881;49;4013;LOCAL_VALHALLA_MATRIX;a6a706c36462ce02d0c3495208bf3b5adace6d80ac2db0d346d520b0fd2a53ee;efdd94c73c59dcdd199afb806ebc48d1f865f33ff8e56aea94420bd0095fbef2;2026-09-28T19:47:05.797752+00:00;false
LOC-0016;LOC-0037;WALKING;2026-08-17T07:00:00+03:00;OK;4217;71;5914;LOCAL_VALHALLA_MATRIX;7478d124fd3293ce6c2f7b8155d20fc1f2f41a45ef29d63212f28b53b0edf4b8;a05c2fb23b1cf6003cbe15a95b2edbe28937da2dbbb8be28131ec955bbfa991b;2026-09-28T19:47:05.797752+00:00;false
LOC-0016;LOC-0045;WALKING;2026-08-17T07:00:00+03:00;OK;2958;50;4148;LOCAL_VALHALLA_MATRIX;2c007d12f8845bb09ee9aa9b8f9c4a52e4c18e1212b680758d41779dd50f57c8;2b86b96d426530895af3664fef8af19ca1d3208d0a4308fafae7f9b2e9adb3db;2026-09-28T19:47:05.797752+00:00;false
LOC-0016;LOC-0053;WALKING;2026-08-17T07:00:00+03:00;OK;738;13;1031;LOCAL_VALHALLA_MATRIX;9eb2fa3fc66c4497d9436dd00d4a91a1d3128dd2646215efe2dfab73dd8f038c;d2a68cfa6507b5a90e488a8134924f9d54cb952dfa18c037bbdac8b6ed5381b2;2026-09-28T19:47:05.797752+00:00;false
LOC-0016;LOC-0054;WALKING;2026-08-17T07:00:00+03:00;OK;4403;74;6177;LOCAL_VALHALLA_MATRIX;1b0042b4e209aaf18a3aa4f06e0cee6211bfe001dccab29e18704e744e1f99ae;b4a024be63c2aef6cd6f13a111bbe161a4799c479355512f34114ff87683ff87;2026-09-28T19:47:05.797752+00:00;false
LOC-0016;LOC-0061;WALKING;2026-08-17T07:00:00+03:00;OK;6645;111;9394;LOCAL_VALHALLA_MATRIX;f143158baa004c63e2cf1c5cc306f7845bdf9a89dafa1ee693373657431f41b3;1f538beef9ea566d4522929d7a1bdb106e0254ca9c9d65d6fd07f569b563606e;2026-09-28T19:47:05.797752+00:00;false
LOC-0016;LOC-0063;WALKING;2026-08-17T07:00:00+03:00;OK;3121;53;4344;LOCAL_VALHALLA_MATRIX;3cafdeea6bdbf6d52763800d79af4d99b43a641144a2377c26edb5c987237c7a;310500981460f5f377f9daf083d34d1f02e1dd85dcaa045cf26951a6a0c50302;2026-09-28T19:47:05.797752+00:00;false
LOC-0016;LOC-0064;WALKING;2026-08-17T07:00:00+03:00;OK;3662;62;5087;LOCAL_VALHALLA_MATRIX;562566eb0411312dedf9f256a2907f8a09921846c2773dbdf59bc6be49376a91;bedcb3a103436d7e0348d1832e2e5af6676225ed6a5746251f9b0b2166b4b781;2026-09-28T19:47:05.797752+00:00;false
LOC-0016;LOC-0074;WALKING;2026-08-17T07:00:00+03:00;OK;4695;79;6584;LOCAL_VALHALLA_MATRIX;439af0d8f1a96dc407bd454542f602285a2b5d62329f4b025004650b0a045253;e56916ceee8b7e4c055073c2dacc95dead1478d386ba6e854ead2841b67a0990;2026-09-28T19:47:05.797752+00:00;false
LOC-0016;LOC-0075;WALKING;2026-08-17T07:00:00+03:00;OK;4717;79;6616;LOCAL_VALHALLA_MATRIX;21f72d45ebae5ad4f27ccb3d79f39993d8c4f0c0b35e81bb36ed17fa7ee5de53;9e69acc74fc1238bbc757ec1879c6645a2ce6da7db6fecdaebb32db55c5a7256;2026-09-28T19:47:05.797752+00:00;false
LOC-0016;LOC-0076;WALKING;2026-08-17T07:00:00+03:00;OK;398;7;555;LOCAL_VALHALLA_MATRIX;b5649f5dfd432c17908bb13dd29b9887fc4ef676c37cf6c264d69be47eb0cdb8;c66e55c7ad4a914213fbe70e4b8554bdd93f6629aad7862d69bec7624e59079c;2026-09-28T19:47:05.797752+00:00;false
LOC-0016;LOC-0078;WALKING;2026-08-17T07:00:00+03:00;OK;3049;51;4253;LOCAL_VALHALLA_MATRIX;cc75e23448d6d1fad27c50dcf8a839892a98bc8b7a08a0cb5eebf73e68421db0;45db3f451d4ab8ed238a9d575cadb58b88e79191ad4555d203e5aa6045c234e4;2026-09-28T19:47:05.797752+00:00;false
LOC-0016;LOC-0080;WALKING;2026-08-17T07:00:00+03:00;OK;5094;85;7136;LOCAL_VALHALLA_MATRIX;755566daa2e5508b38cf98ed630a4a88820c56f29d71245036fbf09a7e131673;2ed5292cc4599b5887615b65529ac8ea540d6a34dfb1aef93e5b788e2b1c8b9c;2026-09-28T19:47:05.797752+00:00;false
LOC-0016;LOC-0082;WALKING;2026-08-17T07:00:00+03:00;OK;3519;59;4893;LOCAL_VALHALLA_MATRIX;2d75676e502abf0282a8ac342005ee555a6475d60402222e9a7127117908e9b3;916e162657814d6c5a3c8b68c7b6c4cc64e5385477f01c8f95c4a70318882c2b;2026-09-28T19:47:05.797752+00:00;false
LOC-0016;LOC-0085;WALKING;2026-08-17T07:00:00+03:00;OK;5316;89;9180;LOCAL_VALHALLA_MATRIX;4464d24fd526e681ef858ca1e73b98a180cc3d00ed6a7d9b1ab9172b98755edd;6855b406c6b3b3f144bfbc65d4671def361c891ad9d5ff06aa3129b139fe1667;2026-09-28T19:47:05.797752+00:00;false
LOC-0016;LOC-0086;WALKING;2026-08-17T07:00:00+03:00;OK;5586;94;9700;LOCAL_VALHALLA_MATRIX;a81e2f44d3c2494d7eebfffb540807394c02afcd3dc85e1c1af27bdfdc16d25f;1f7ab10b99fcb2cf978662d328b08aaa11627704b11bfc538c3b44b8397bcc9d;2026-09-28T19:47:05.797752+00:00;false
LOC-0016;LOC-0091;WALKING;2026-08-17T07:00:00+03:00;OK;7326;123;10409;LOCAL_VALHALLA_MATRIX;31bf7be63802328652e04b18a25c21979d063234d67e0a51be477360a2d2a706;977831dcc0216d8916b3de1b50cb00e9c1b3089d179a0447d2686a41ad61534b;2026-09-28T19:47:05.797752+00:00;false
LOC-0016;LOC-0092;WALKING;2026-08-17T07:00:00+03:00;OK;7045;118;9852;LOCAL_VALHALLA_MATRIX;b74dfe10a5809b91ac4e850fef9cac273569c848e05dbdfb43d0fc2769280275;46f5a1fe28b0e4f5ea949cd60719c47160701357d5b4db2796c8e11d656f852e;2026-09-28T19:47:05.797752+00:00;false
LOC-0016;LOC-0093;WALKING;2026-08-17T07:00:00+03:00;OK;6938;116;9703;LOCAL_VALHALLA_MATRIX;8c6f81248cd2950666ff307d3ce048c01de85a207449f25cd20114b65a9153ad;f00075d7d50dc7756fb9f6c31163c92ff046bc492ccedf295205f9ad2723dcdd;2026-09-28T19:47:05.797752+00:00;false
LOC-0016;LOC-0094;WALKING;2026-08-17T07:00:00+03:00;OK;6138;103;13525;LOCAL_VALHALLA_MATRIX;4e7ce9f67b93274db58469d98d711999da9b1866c5f149a13f314b38e0ad1cfc;9d5728c95fbdbd1251121352819147ad34d0db0108a824e7e24cffd2ba775c67;2026-09-28T19:47:05.797752+00:00;false
LOC-0016;LOC-0095;WALKING;2026-08-17T07:00:00+03:00;OK;5855;98;13126;LOCAL_VALHALLA_MATRIX;98060169ed3ad895cfc2c8e1daa3c7b11ed953994af21140327c02a5fa9f0554;98ba03543b999dd431ae8557fec2b426c2f18ef55ed7a28f98f560c85c395d48;2026-09-28T19:47:05.797752+00:00;false
LOC-0016;LOC-0102;WALKING;2026-08-17T07:00:00+03:00;OK;3612;61;5027;LOCAL_VALHALLA_MATRIX;17d1a0afd7b13e060b8fcb7649770147415d5435dc154249aaaecaf018d88dde;1bf0c4763358b0b803ed7cf52c89e8c9d2322cdad13fdf9aa2209b9d09151b66;2026-09-28T19:47:05.797752+00:00;false
LOC-0016;LOC-0112;WALKING;2026-08-17T07:00:00+03:00;OK;5636;94;7887;LOCAL_VALHALLA_MATRIX;71c5d4a242093012ae9baefed06fcfbcb0d5a1997acea00fad614d43dfb92346;ac2aee5e55ddac8fdc9c6722a86a8bf37a28eb15bb7f5aa2ab2248448b6a6fc2;2026-09-28T19:47:05.797752+00:00;false
LOC-0016;LOC-0124;WALKING;2026-08-17T07:00:00+03:00;OK;4718;79;10565;LOCAL_VALHALLA_MATRIX;62001463088eb943497ff0ad7d5416eda0be11e9eb63ad993c96e36fc3dc5676;5011c86923a060a35d675e3971e50ea82d8b62bbbc8d81e302e6352732c4d5f5;2026-09-28T19:47:05.797752+00:00;false
LOC-0016;LOC-0125;WALKING;2026-08-17T07:00:00+03:00;OK;5720;96;8040;LOCAL_VALHALLA_MATRIX;7298f410b32e2e361029c5e0ac54c1edb133a542e170b12711233cec68fde3e9;d906a1e1b0633cd4ec661306bc5951bb66b878ce40c6b8b2582b4d86dfe174b4;2026-09-28T19:47:05.797752+00:00;false
LOC-0016;LOC-0126;WALKING;2026-08-17T07:00:00+03:00;OK;4953;83;7071;LOCAL_VALHALLA_MATRIX;be6a167f36f7a531be6eae7af113f6f6111636abd0db74163a8817071e601ca8;bf001d06c9da7d4c6cb2b268fd7f7e910f46c733642144b910b71d8da1b9c287;2026-09-28T19:47:05.797752+00:00;false
LOC-0016;LOC-0128;WALKING;2026-08-17T07:00:00+03:00;OK;4331;73;6072;LOCAL_VALHALLA_MATRIX;8ab890af2124a480ed60cf85e652a3c077567f2d0277d6c130a2990ea851f783;54b1ae6dda92f44b85a95c674ffc7943ba9af2164f556773c91c3c86f67d30ec;2026-09-28T19:47:05.797752+00:00;false
LOC-0016;LOC-0134;WALKING;2026-08-17T07:00:00+03:00;OK;4675;78;8279;LOCAL_VALHALLA_MATRIX;710c1dc5124448a1712c085faf3a7ef1d4f06d47b95a47ae9d040d5eff00a6d5;2f0252213a8742692a70734666e501f5ec5aa76d6c1933f35b4f6db6d0baf39d;2026-09-28T19:47:05.797752+00:00;false
LOC-0016;LOC-0135;WALKING;2026-08-17T07:00:00+03:00;OK;4665;78;8265;LOCAL_VALHALLA_MATRIX;606e9631a16ba6527290b2419d495f343ed092ee148694e2a48c6f1e4371f292;b7e4b6306c579571ef8cd32a5344bc0ccd9960d96a016108f7a965bccf858d1f;2026-09-28T19:47:05.797752+00:00;false
LOC-0016;LOC-0136;WALKING;2026-08-17T07:00:00+03:00;OK;5079;85;8839;LOCAL_VALHALLA_MATRIX;b81e904d73af8988ed1b215198a85fbf4ea2060caa27399cd7f5091e7211d758;924ce8acbad8425c889f426a877ae75740a06b20b2cccb7d260b8365f385914f;2026-09-28T19:47:05.797752+00:00;false
LOC-0016;LOC-0140;WALKING;2026-08-17T07:00:00+03:00;OK;1363;23;1911;LOCAL_VALHALLA_MATRIX;1fdc4e06e358703aa80e58e0e501d4f86967b70d1c30240221e79dc00e6402d6;455789b0fa011b8fcdbe524ffcc9c08e1dcee329ddbe680ec28ec577512ed61f;2026-09-28T19:47:05.797752+00:00;false
LOC-0016;LOC-0141;WALKING;2026-08-17T07:00:00+03:00;OK;5484;92;13819;LOCAL_VALHALLA_MATRIX;cc79265e5eb84ae08cbf2ff7c41e60dfb44b9e9beabc90ff8aa3c15be0ca5eff;7e507e6c7ca07fbe42d31559406e4d5cea19f499016868925c45448eb39ef3d4;2026-09-28T19:47:05.797752+00:00;false
LOC-0016;LOC-0142;WALKING;2026-08-17T07:00:00+03:00;OK;5565;93;13892;LOCAL_VALHALLA_MATRIX;901903f4cf31901b60f208abde3499a43c68129e79106b38500c9aeaf6dee217;1e634fbfc59ded57739596742ff52b27006478e06642bd45b4748b70a31e7276;2026-09-28T19:47:05.797752+00:00;false
LOC-0016;LOC-0145;WALKING;2026-08-17T07:00:00+03:00;OK;7596;127;10780;LOCAL_VALHALLA_MATRIX;6602e502cadd8f153889eeee30516e8c341e99ed5d73468e4b3aa027fa49ca16;b49f14c064f4a5093ee9745d885b9a28dc52fc12877527700f8b7e84b620a15a;2026-09-28T19:47:05.797752+00:00;false
LOC-0016;LOC-0148;WALKING;2026-08-17T07:00:00+03:00;OK;4617;77;6477;LOCAL_VALHALLA_MATRIX;bbefc2674a74b5c1e4a4d3076cbe727b97d91f009434b7b8f6bce5bf9833a150;8c0a0c21d65476120ce0607ad3dcf480c6c27e9675f59131ab098ea13d3a12e1;2026-09-28T19:47:05.797752+00:00;false
LOC-0016;LOC-0149;WALKING;2026-08-17T07:00:00+03:00;OK;4448;75;6239;LOCAL_VALHALLA_MATRIX;cd9ea87451949e51c906a73219e1fa847a98386ddfa76747826d9f0b682cd394;564a63142c91dd8731ad77e696b853330f9cc055f3df1a3b297eb8da52b81d0d;2026-09-28T19:47:05.797752+00:00;false
LOC-0016;LOC-0150;WALKING;2026-08-17T07:00:00+03:00;OK;4355;73;6104;LOCAL_VALHALLA_MATRIX;be3abfe6a6fb667433a0c457db5bdeed1aae5871e52aff8042c68c3ff76bf207;a6bb6e52c24adb2f70c48fa0074be40829c0bbf988658f0d4f99aa2f5f8a3ae7;2026-09-28T19:47:05.797752+00:00;false
LOC-0016;LOC-0151;WALKING;2026-08-17T07:00:00+03:00;OK;4779;80;6726;LOCAL_VALHALLA_MATRIX;6c6288d85d9696fe3efa886eef70ad4bf90d30a02d9521f9ae433ce9a6eccb03;a0b15c0baf5f8ee29a7b6c2429d256b67f42a4fa337ba7abb75f4f3a301cdfb3;2026-09-28T19:47:05.797752+00:00;false
LOC-0016;LOC-0152;WALKING;2026-08-17T07:00:00+03:00;OK;4713;79;6634;LOCAL_VALHALLA_MATRIX;4272549492a6aa209a5c2aaf91e4ed18a8a4800ff6a98d7f133115b89fcfa908;75312abdfef0a54738fb6f48fbb203d939ef11921072b779b6df23ff7c41c29a;2026-09-28T19:47:05.797752+00:00;false
LOC-0016;LOC-0190;WALKING;2026-08-17T07:00:00+03:00;OK;5805;97;8251;LOCAL_VALHALLA_MATRIX;272c777ee89a4027cea430019995ba726e1375a31db2b70abd0d273268ce92f6;218344a5be9fb2e47403a77c41ad0be29cb7fb674445be765cbfd9f97c616c3d;2026-09-28T19:47:05.797752+00:00;false
LOC-0016;LOC-0196;WALKING;2026-08-17T07:00:00+03:00;OK;7189;120;10024;LOCAL_VALHALLA_MATRIX;d390ebd527ec52ba95c6ac100deea86e800fb76cb84189ed4e04fa23e91b968e;5ef7a342ffab4ec806fa1c6f41ee00c7d8717272d6a59dab20320c6f8a193833;2026-09-28T19:47:05.797752+00:00;false
LOC-0017;LOC-0002;WALKING;2026-08-17T07:00:00+03:00;OK;5590;94;8994;LOCAL_VALHALLA_MATRIX;586a276c4bb4ce0f39fcfb86027009d74e99ea74c258181b4e4d6e785d1c6b28;8136d076f062daa53112d40897cd00ad42af0012bd11aef522b2146b730c201d;2026-09-28T19:47:05.797752+00:00;false
LOC-0017;LOC-0008;WALKING;2026-08-17T07:00:00+03:00;OK;4922;83;6896;LOCAL_VALHALLA_MATRIX;9f6c5a006c81f30639d8b01216f1733df124740e021b0140efb479f4b5efaac8;4bea4ed8d0b76e2619401fb8ea54fa37e2d5091701bcaa07f38034fed0e7d5d2;2026-09-28T19:47:05.797752+00:00;false
LOC-0017;LOC-0009;WALKING;2026-08-17T07:00:00+03:00;OK;4840;81;11457;LOCAL_VALHALLA_MATRIX;068d7a2dd50a85cb636752417b431f7a89c445f167343cde0c733815be70e4db;d13b6353e24a14bd763d86b090d1ac088d3257186e86efc46686c25fe0169ed5;2026-09-28T19:47:05.797752+00:00;false
LOC-0017;LOC-0010;WALKING;2026-08-17T07:00:00+03:00;OK;5208;87;7301;LOCAL_VALHALLA_MATRIX;2359b51c21123eb26ce603a2508aca5199b59b65c2c426814745354d95500f91;0bbce76334b6e8461f18b49811d1f9bfe9b83150d8ff829db4d0639901034f86;2026-09-28T19:47:05.797752+00:00;false
LOC-0017;LOC-0011;WALKING;2026-08-17T07:00:00+03:00;OK;4776;80;6680;LOCAL_VALHALLA_MATRIX;b1f5ddc586487ca7e4f8d75169cd77937cf65894e72ecf1190adff5c47a532c2;c24f3625b0184eb7457dcbf3a85dfe7e419e36a3299046fba7435a96c2ca97c9;2026-09-28T19:47:05.797752+00:00;false
LOC-0017;LOC-0012;WALKING;2026-08-17T07:00:00+03:00;OK;4540;76;6366;LOCAL_VALHALLA_MATRIX;6ba81025e6525f11ea7de596830242bc027b52ee1977e4e7e5233a81809a37bb;bb552bef57ed51994ad0f08dc5b87da25aa5c02b92b59cc5529a8f24468d0572;2026-09-28T19:47:05.797752+00:00;false
LOC-0017;LOC-0013;WALKING;2026-08-17T07:00:00+03:00;OK;5630;94;9053;LOCAL_VALHALLA_MATRIX;e22403ebef52b073f127ba45c3d168962a97c2c6aace75b860fadd150179852a;f21e954e214383676ca4e75c86ff5d40d4acec1c68d2470df9b758ac7ddac4a8;2026-09-28T19:47:05.797752+00:00;false
LOC-0017;LOC-0016;WALKING;2026-08-17T07:00:00+03:00;OK;5165;87;7277;LOCAL_VALHALLA_MATRIX;0b33a44f407c794fa8e4423b283a43932f1c7b704667a6a0746fe835419f01c4;d887a371d159346ac86b00b74fa4533c604acd4d7f5613095293f34cec0ffc01;2026-09-28T19:47:05.797752+00:00;false
LOC-0017;LOC-0017;WALKING;2026-08-17T07:00:00+03:00;OK;0;0;0;LOCAL_VALHALLA_MATRIX;456f1e8edbafd3620f4b08e6e115db185d103780f25b1223a8889c8a90bc3492;3d5812abc84c11768aa73a732c85d75dbed439188f5bb3239e9b762ea31d9862;2026-09-28T19:47:05.797752+00:00;false
LOC-0017;LOC-0018;WALKING;2026-08-17T07:00:00+03:00;OK;679;12;940;LOCAL_VALHALLA_MATRIX;c2a41cd2c5c995832bf4cba28d84fa195dada6c7b0fe8ad0c78f838792466610;67bbbc6efe2a1720c3152ca96fc386372bdc1540058a3315cf5f1ca6d2caf5c7;2026-09-28T19:47:05.797752+00:00;false
LOC-0017;LOC-0019;WALKING;2026-08-17T07:00:00+03:00;OK;5540;93;7753;LOCAL_VALHALLA_MATRIX;dda36ec6e5a1dde441cf269d4a31b79724035726b4cb7152e6d4fedfc4f96cbd;04403287ce7a57d6ae0da06edd49f6106c5e9a6c84c5eb0116346db8f3f191cb;2026-09-28T19:47:05.797752+00:00;false
LOC-0017;LOC-0020;WALKING;2026-08-17T07:00:00+03:00;OK;4657;78;6515;LOCAL_VALHALLA_MATRIX;bf783d9f0009c6b8e0b25c7f45e7c6057d699859d93e01d71d1f7afc59ae2fea;38d6df2edc22229a063499466d575b087a610fc7e4c7312da48f0ce737b8612a;2026-09-28T19:47:05.797752+00:00;false
LOC-0017;LOC-0023;WALKING;2026-08-17T07:00:00+03:00;OK;1898;32;2633;LOCAL_VALHALLA_MATRIX;6bff548761693861b0ac02da2419ddb10792a101f3441cbce9f836b9bc71c17c;c53dd132f53651083c5736f1638e0fea34b07c5e902fa50304f69b5f6c5f3211;2026-09-28T19:47:05.797752+00:00;false
LOC-0017;LOC-0027;WALKING;2026-08-17T07:00:00+03:00;OK;1897;32;2685;LOCAL_VALHALLA_MATRIX;d6d8c060a3e8b2183d2dd4e5ad8916be23081b9811aceb6c10cc4df601900d82;1dee9f2b4d8c0c4b38bf224dc112d038965e43cfabb1fb3905ab7106ee22e240;2026-09-28T19:47:05.797752+00:00;false
LOC-0017;LOC-0028;WALKING;2026-08-17T07:00:00+03:00;OK;4138;69;5836;LOCAL_VALHALLA_MATRIX;961167fb0429a1972c1da901506ea1c21d61ac0e72493638f15067cffb49c086;d7b731ca5633857fbf0d08da6c044cbc2c191123a7b7323124d9d0741950cf7c;2026-09-28T19:47:05.797752+00:00;false
LOC-0017;LOC-0029;WALKING;2026-08-17T07:00:00+03:00;OK;4020;67;5669;LOCAL_VALHALLA_MATRIX;cfff76c79362a589308cd77a0dd76fce908416d8095df50087c9f3b5e9004092;f3833c3e75c4b69b3eb3cb254fb6dda060795c3838cdba105a25fc3887ce6074;2026-09-28T19:47:05.797752+00:00;false
LOC-0017;LOC-0037;WALKING;2026-08-17T07:00:00+03:00;OK;5674;95;7955;LOCAL_VALHALLA_MATRIX;0e3a4e0344bc8814467c454bd2de1f030d0ecae31b3ff0b395b48b58ae4093c2;fbcc4d22feb02fbc0a0a17f8b55338072267f9c7c52ca48e06148e50349ce4d3;2026-09-28T19:47:05.797752+00:00;false
LOC-0017;LOC-0045;WALKING;2026-08-17T07:00:00+03:00;OK;2622;44;3661;LOCAL_VALHALLA_MATRIX;71e9f38483c7452b68ef89ade8e6ee8cef7173d19013987e1f66415531a12598;480ae977c81294ade1d427a0e6e72bedd6560d33aef4bf46ba6f82bec812fb96;2026-09-28T19:47:05.797752+00:00;false
LOC-0017;LOC-0053;WALKING;2026-08-17T07:00:00+03:00;OK;4771;80;6718;LOCAL_VALHALLA_MATRIX;1fc1ecf75ed11836a1aaebb821d5db85c0c49eedba64b87e0cd23c174e9fbea1;405f177601328876d9c1b95bb3231099c76ae4d8393903170a3b78eec247da5b;2026-09-28T19:47:05.797752+00:00;false
LOC-0017;LOC-0054;WALKING;2026-08-17T07:00:00+03:00;OK;5522;93;7738;LOCAL_VALHALLA_MATRIX;54a13d4a4531cfbeef671e44668c95f6fa4a51a9e690643f26b7128c68ef0cb8;f3a081bde5424e2cb39e6faa5ccf142633da5035b78ddb3a710109ea47484b16;2026-09-28T19:47:05.797752+00:00;false
LOC-0017;LOC-0061;WALKING;2026-08-17T07:00:00+03:00;OK;4421;74;6140;LOCAL_VALHALLA_MATRIX;04a99f2793a7e0bd52b028a000c50836c0c6439df23a136ff78282054863a216;5c85a967b27fdd1bdacbd129f452255afe5ecd34fbf835e61e297c2b9cd04d7a;2026-09-28T19:47:05.797752+00:00;false
LOC-0017;LOC-0063;WALKING;2026-08-17T07:00:00+03:00;OK;4483;75;6259;LOCAL_VALHALLA_MATRIX;e7c3b4192f99eb9e2302daf8eb24a300e2d6d880e823ea902f588b7fe907e513;c8dba399336e542cf2dde9e77c5439e7649778dcc0269433b22faef67337ca4e;2026-09-28T19:47:05.797752+00:00;false
LOC-0017;LOC-0064;WALKING;2026-08-17T07:00:00+03:00;OK;4004;67;5584;LOCAL_VALHALLA_MATRIX;aac0e783826f6e6807cb8f1f882a7dd9e08fc5276220bc0cb245a673a7f7a4ca;038141abeb34c2fbdbba2f09b2d7b26cf46214dc1ef1b95788d6d222b2a44945;2026-09-28T19:47:05.797752+00:00;false
LOC-0017;LOC-0074;WALKING;2026-08-17T07:00:00+03:00;OK;1315;22;1848;LOCAL_VALHALLA_MATRIX;a2d879781af9666ee92ef7f9579023a9313074d09f1a16e99d221d71c9d30571;c61b29c5911ac0141ef7b75e6270fd5ae8e0a1b3899e8f3e4c689fa11ec454ab;2026-09-28T19:47:05.797752+00:00;false
LOC-0017;LOC-0075;WALKING;2026-08-17T07:00:00+03:00;OK;966;17;1357;LOCAL_VALHALLA_MATRIX;dc754687fe83e2b9e085671ddeb88736b3ffd60d8b7d45864effa6bb98b670f8;d648b87a4a40f4b933f7038b40110f3bdd59a1919c3e3a699976969e91a99892;2026-09-28T19:47:05.797752+00:00;false
LOC-0017;LOC-0076;WALKING;2026-08-17T07:00:00+03:00;OK;5543;93;13909;LOCAL_VALHALLA_MATRIX;f85cffee145f1f0f231c2b7154c215bb102c90c5c22bd25847b9da3a4c6bd641;1a703b8ee51f0f21e79ef19f5e1500328b4dfe3deb0eee2a72ea72a12c26431e;2026-09-28T19:47:05.797752+00:00;false
LOC-0017;LOC-0078;WALKING;2026-08-17T07:00:00+03:00;OK;2985;50;4175;LOCAL_VALHALLA_MATRIX;824fe61d8e77c29cea19b675c97fb95ad30ab20f473ecf6759ef45f60b719a63;d87f825637c856875f9b7590b657fe2f48537be95bcd4597a2a04a28fa4962e3;2026-09-28T19:47:05.797752+00:00;false
LOC-0017;LOC-0080;WALKING;2026-08-17T07:00:00+03:00;OK;1051;18;1472;LOCAL_VALHALLA_MATRIX;e7fb548e7aef09fa45abe769a7cc5b9e7b031340409c87941d7dba883dde42f2;76999c7fd9f90cac7b0a85e8682e990da4bae8c9f81aa2baed9be02a51b41b53;2026-09-28T19:47:05.797752+00:00;false
LOC-0017;LOC-0082;WALKING;2026-08-17T07:00:00+03:00;OK;4181;70;5807;LOCAL_VALHALLA_MATRIX;379bb287cc964ba134a8996773fdd7e018233262401e2e7db0e3a37373bbcb0d;8f3eafede393ba7e889ebab71513f2bd0fee7439067c0ead959c3526199d3e4f;2026-09-28T19:47:05.797752+00:00;false
LOC-0017;LOC-0085;WALKING;2026-08-17T07:00:00+03:00;OK;7722;129;22623;LOCAL_VALHALLA_MATRIX;85a8d5f1fc9fbc0a9d17dd3f7af75bf7bff4a691ea4dc9c4636ed7858aa5d6e8;567373a75444b77d2355ee5c8279b78412c7cfd0025e497ea23988e7de199b51;2026-09-28T19:47:05.797752+00:00;false
LOC-0017;LOC-0086;WALKING;2026-08-17T07:00:00+03:00;OK;7794;130;22717;LOCAL_VALHALLA_MATRIX;64edc1197fe207036e10735472693e4aa6b36ede3d050eb602cb9b400046dbd9;591633bb56c1f32080feeef9827bc28c82a7ab3bcf9c432621eb889bd8229c56;2026-09-28T19:47:05.797752+00:00;false
LOC-0017;LOC-0091;WALKING;2026-08-17T07:00:00+03:00;OK;4637;78;6491;LOCAL_VALHALLA_MATRIX;4c98bb9d1c260b4b9f3ddb96182be480db96dadcce1de2fdbcfc66fa53fd7b52;817e9a5bf0cc75e982bf84d6fc9d4d60b6a8d933fd9e2827f7a7e33e8140b29f;2026-09-28T19:47:05.797752+00:00;false
LOC-0017;LOC-0092;WALKING;2026-08-17T07:00:00+03:00;OK;4071;68;5695;LOCAL_VALHALLA_MATRIX;c7ebc98e74c09bd18a6d326f45a5bed109a39f6817c4d7d29beb871850e7925f;ab12abbc1229c93a31c3788c144312ab89e93ab9400924929f9d6245e2784c44;2026-09-28T19:47:05.797752+00:00;false
LOC-0017;LOC-0093;WALKING;2026-08-17T07:00:00+03:00;OK;3977;67;5562;LOCAL_VALHALLA_MATRIX;24331b4da8887c9e4f7a4c5740d7cc6732b9d3553f743159f21d2c8886d3e1f8;c0ab772a4e80e7e297eb7dee74a178c43a1b0c0ef80face407f0740f2531143a;2026-09-28T19:47:05.797752+00:00;false
LOC-0017;LOC-0094;WALKING;2026-08-17T07:00:00+03:00;OK;8544;143;26968;LOCAL_VALHALLA_MATRIX;284be17eb2048c17d8ae4224775322d695f1bf75b2a10bacef7527a1c4ff723e;d8c9570c731faf577286f617b7d54c6198a90a99ba156327706348ec99a80de1;2026-09-28T19:47:05.797752+00:00;false
LOC-0017;LOC-0095;WALKING;2026-08-17T07:00:00+03:00;OK;8261;138;26569;LOCAL_VALHALLA_MATRIX;9e7ed02836c2f924d3b1ad06f37a5f129a9a082f593fe21c95291d8290f6a439;3572e14557beb4a148dceef397a26e470f4e53d10fbdccff6c2cf7ec21036a9f;2026-09-28T19:47:05.797752+00:00;false
LOC-0017;LOC-0102;WALKING;2026-08-17T07:00:00+03:00;OK;4049;68;5678;LOCAL_VALHALLA_MATRIX;91d80c429ca9f8fffd7dd25a8bd62cf46b41aae02e441383fb15fc3743fdda3d;2220774294fa66f1c3b0d7360b502fb5b34feac3103de00d6f7b512dae25a2d0;2026-09-28T19:47:05.797752+00:00;false
LOC-0017;LOC-0112;WALKING;2026-08-17T07:00:00+03:00;OK;2814;47;3931;LOCAL_VALHALLA_MATRIX;7a11bd7234d0f2ec6f07ec70c710f5bc9e45db49d8168862b42ddb75d16b2b99;cf57b5d0b84bb9ca190d67c549ce89614025e5b13836f612de0c22a29efe3d81;2026-09-28T19:47:05.797752+00:00;false
LOC-0017;LOC-0124;WALKING;2026-08-17T07:00:00+03:00;OK;5099;85;11857;LOCAL_VALHALLA_MATRIX;c2f8c226d2c97c51a44f44aa99c1b31510ec8cb70884b55aef0875eb612f020f;82a5b38ad03351fb417bf10e1634eab5ee90008b39621a882c420fe67d5dd7ef;2026-09-28T19:47:05.797752+00:00;false
LOC-0017;LOC-0125;WALKING;2026-08-17T07:00:00+03:00;OK;1060;18;1469;LOCAL_VALHALLA_MATRIX;a04c9118aeeb83356b6831c284b81adf4b50632311f21f931e0a5bd192da0289;ab37107e29070eb978b4bd818c035c7fd6ae8b2924dff0295c8dba1a53d2538b;2026-09-28T19:47:05.797752+00:00;false
LOC-0017;LOC-0126;WALKING;2026-08-17T07:00:00+03:00;OK;2479;42;3455;LOCAL_VALHALLA_MATRIX;dfe46d3fff0098076713d0df0f1071ef033f4697032d8308ef9735568cb30cec;eb2c886c23a9da4f32d0296e71d7c9f0052f109285f5d1492a1e8bca2c436c43;2026-09-28T19:47:05.797752+00:00;false
LOC-0017;LOC-0128;WALKING;2026-08-17T07:00:00+03:00;OK;5505;92;7714;LOCAL_VALHALLA_MATRIX;4332e89b3fbba35616db2901330c7219f105ab8bcda56a371c0cb871bf2d026e;b5146351d52ae42d425928a383c1a421d017e397ea393a273600c66a4aa4e47b;2026-09-28T19:47:05.797752+00:00;false
LOC-0017;LOC-0134;WALKING;2026-08-17T07:00:00+03:00;OK;7081;119;21722;LOCAL_VALHALLA_MATRIX;5b96181024602bfcdb55ff35a196683e5103e952e0a2d6a825ecbbb015a12e47;5ebc2ccb1bd4c09222cec808ab62f3f17bfe2b4f80f42234bbb687e699988d49;2026-09-28T19:47:05.797752+00:00;false
LOC-0017;LOC-0135;WALKING;2026-08-17T07:00:00+03:00;OK;7071;118;21708;LOCAL_VALHALLA_MATRIX;9b505a0456a3820b9471b64ff9c488e8d9fcbec0f0c0adbef8b6e148aa00f05b;511eda896f4d0e39190da576dc1221776310078b45ac617e8be42df4d44fc8d2;2026-09-28T19:47:05.797752+00:00;false
LOC-0017;LOC-0136;WALKING;2026-08-17T07:00:00+03:00;OK;7485;125;22282;LOCAL_VALHALLA_MATRIX;5618228667aa0a2daf9088d329bfcdd904dc116df6c06cfdac6add6e7aeecc88;a2deefbf6296bf4ab38760ed0e10c3ea635f548bca4ac33fecad1be66f58ca0f;2026-09-28T19:47:05.797752+00:00;false
LOC-0017;LOC-0140;WALKING;2026-08-17T07:00:00+03:00;OK;5189;87;7314;LOCAL_VALHALLA_MATRIX;c100d01842a2d843fd26cc2004979510f9b89e02f19f71972c0dd38ae7a6ad0d;721572885d7d0ce96c74f609758c34e5e864f1d940e2ba90f981912867b88d06;2026-09-28T19:47:05.797752+00:00;false
LOC-0017;LOC-0141;WALKING;2026-08-17T07:00:00+03:00;OK;3127;53;4388;LOCAL_VALHALLA_MATRIX;e3b2581723c377fcd7ea095b21db382e042ef6ae98aea68861e694e7c1a76005;9a6b7fcea9d870e2ae4e083a4b085a5de4cd03e892a0e2da0e20a9b71beedd55;2026-09-28T19:47:05.797752+00:00;false
LOC-0017;LOC-0142;WALKING;2026-08-17T07:00:00+03:00;OK;3208;54;4461;LOCAL_VALHALLA_MATRIX;8aaba636554d1cc344f8de804ff4765c608ee6fbd2f57c0eb79da431381079a6;c8be1dd0ebbc152bb1ba2cb7fd2b7f972de674b9b776e2841a64c29e7287809f;2026-09-28T19:47:05.797752+00:00;false
LOC-0017;LOC-0145;WALKING;2026-08-17T07:00:00+03:00;OK;4287;72;5984;LOCAL_VALHALLA_MATRIX;5be1828888044935224f55af7d4c23d56ae586fb09ce61ecbc5ee53c98d416d2;966b637ff7efaac28c0eebece3177ecf4dd653d57670f6ed9543c6254ce9a1b1;2026-09-28T19:47:05.797752+00:00;false
LOC-0017;LOC-0148;WALKING;2026-08-17T07:00:00+03:00;OK;841;15;1184;LOCAL_VALHALLA_MATRIX;75af1bbf01adfbdf0ed5e7d2829796eb620fae3da2c78c3990b0acee69157a58;0d143ed2f0988fdd1df407f08f02a567833308e3d02285f53b0412a325dd04b9;2026-09-28T19:47:05.797752+00:00;false
LOC-0017;LOC-0149;WALKING;2026-08-17T07:00:00+03:00;OK;1063;18;1505;LOCAL_VALHALLA_MATRIX;939b468ab5ee004224c922b597bac6c59390a9954cc1baedc90ab3e3d269a941;1569a15a6b3bdd5ea5fefea1aac7003e6106813f7cbb4cbb9dc97625b14c9450;2026-09-28T19:47:05.797752+00:00;false
LOC-0017;LOC-0150;WALKING;2026-08-17T07:00:00+03:00;OK;1195;20;1692;LOCAL_VALHALLA_MATRIX;d7b7c9152cf327633079a0dd8f6bb9654b479d05ecdd7f7ddc0836485f3337cb;d66d143fa30c8b743c6790c7c9b75f57b8b64294fedf49e6c9a761b883b83f01;2026-09-28T19:47:05.797752+00:00;false
LOC-0017;LOC-0151;WALKING;2026-08-17T07:00:00+03:00;OK;498;9;706;LOCAL_VALHALLA_MATRIX;d9126f31fbbdf46c3ac650dd11e3b65fba4d24c67b70fbc9ba5ab370093d30fa;47462435eaf37742060888d57f6d7eedb16616b8ebadc9773e50ea1d12eab2c2;2026-09-28T19:47:05.797752+00:00;false
LOC-0017;LOC-0152;WALKING;2026-08-17T07:00:00+03:00;OK;519;9;736;LOCAL_VALHALLA_MATRIX;764f5e1d4dddaef6e877c231b27f587ac3f6092d9848df7045df65e4ea8898ff;633ff28e343bd9d3fa695df88d11e5002e3f86044323ed17b31088173fcf46f3;2026-09-28T19:47:05.797752+00:00;false
LOC-0017;LOC-0190;WALKING;2026-08-17T07:00:00+03:00;OK;3646;61;5107;LOCAL_VALHALLA_MATRIX;d8bc816dbddef6de637226ca110652849eb48b51217ecd61195cdea816a3b942;1da417ba7d1fe199df770a2b5b518cc3b764ca949f5911acb4ee2f5dc9cfaba6;2026-09-28T19:47:05.797752+00:00;false
LOC-0017;LOC-0196;WALKING;2026-08-17T07:00:00+03:00;OK;2432;41;3374;LOCAL_VALHALLA_MATRIX;d397c469a2fe894d2f46624245a43fd2e17c45366be93fee35ab9cf304cb0fe5;3c70dc7d51648c55c19c29cab74610b7d0296606455d5713990fbe9e984787fd;2026-09-28T19:47:05.797752+00:00;false
LOC-0018;LOC-0002;WALKING;2026-08-17T07:00:00+03:00;OK;5265;88;8495;LOCAL_VALHALLA_MATRIX;f283df4017af5d38014678eb6e92e40ff699ea9db6d9a3da0fdb974618ef7466;5b757f94ead890b04818c46641d182be055334c8536f300d81475a1da699bfe6;2026-09-28T19:47:05.797752+00:00;false
LOC-0018;LOC-0008;WALKING;2026-08-17T07:00:00+03:00;OK;4419;74;6208;LOCAL_VALHALLA_MATRIX;17e92735c27225fc0ed7a07667290fb512f3f13e3b1e79083ad88819e02d06c7;e3dc69eb61714125f4400aa1412e465383f9dd48a85b11b2be0dcaebf5273c83;2026-09-28T19:47:05.797752+00:00;false
LOC-0018;LOC-0009;WALKING;2026-08-17T07:00:00+03:00;OK;5199;87;11943;LOCAL_VALHALLA_MATRIX;0b088808ee1ab25d1c88f98fd091488b29bc91b45e4bd76f88b69ef34de04acc;9d82faa05258928e9e9eaed962054d24a34cd1b4347fca72205b483e17fd9180;2026-09-28T19:47:05.797752+00:00;false
LOC-0018;LOC-0010;WALKING;2026-08-17T07:00:00+03:00;OK;4722;79;6632;LOCAL_VALHALLA_MATRIX;6334bbfa6a5bf3e8bad849ed2c09b6b6cfee0c32edd822c4a5c264ecf656f0d1;bb744c38b2605a865f4b57e063d874062914e2d9cb4753098527f07aae505a13;2026-09-28T19:47:05.797752+00:00;false
LOC-0018;LOC-0011;WALKING;2026-08-17T07:00:00+03:00;OK;4273;72;5992;LOCAL_VALHALLA_MATRIX;510279fe4aab6b3c75c758d032d20b982c18244c9a3dfaa0dfb516e6b905ad36;ab5f20504e9fd2c1dff31a1fbe5e88da762c48f0af86830b3fc93dc7eeb96481;2026-09-28T19:47:05.797752+00:00;false
LOC-0018;LOC-0012;WALKING;2026-08-17T07:00:00+03:00;OK;4037;68;5678;LOCAL_VALHALLA_MATRIX;dffc9538f9194c19eee5e6f63e61fb4e4b0783894d66e7fedfa7410fdfa6614c;d7cafc3cbe463021144209f5ff0d403ed6520669af89cd4fbcdb7fcbb88f9dd1;2026-09-28T19:47:05.797752+00:00;false
LOC-0018;LOC-0013;WALKING;2026-08-17T07:00:00+03:00;OK;5709;96;9129;LOCAL_VALHALLA_MATRIX;c1408e89c5bb23b96b2747487edf86dd8b75d212ef012427d8e115d648dbae58;08002f043cbe3eeef1efbb67233b7a9c0126d366ae153422369426fc5d3b7f3c;2026-09-28T19:47:05.797752+00:00;false
LOC-0018;LOC-0016;WALKING;2026-08-17T07:00:00+03:00;OK;5406;91;7596;LOCAL_VALHALLA_MATRIX;2b777512b567c78045c7581e78c9ec1b58d8f8b61488f10bb8a028e472a82a72;8887c3715619833b550be9b93048149aa9393523a4011db9d45419769e252063;2026-09-28T19:47:05.797752+00:00;false
LOC-0018;LOC-0017;WALKING;2026-08-17T07:00:00+03:00;OK;679;12;940;LOCAL_VALHALLA_MATRIX;e1a1f035797156a3040b0b55f4b57d268b7b8d6958a15de5895244f12cf1a373;67bbbc6efe2a1720c3152ca96fc386372bdc1540058a3315cf5f1ca6d2caf5c7;2026-09-28T19:47:05.797752+00:00;false
LOC-0018;LOC-0018;WALKING;2026-08-17T07:00:00+03:00;OK;0;0;0;LOCAL_VALHALLA_MATRIX;e612ec8e3d909c74d4161d4299823fc660c31fc29144a29650549302e1416e53;3d5812abc84c11768aa73a732c85d75dbed439188f5bb3239e9b762ea31d9862;2026-09-28T19:47:05.797752+00:00;false
LOC-0018;LOC-0019;WALKING;2026-08-17T07:00:00+03:00;OK;5039;84;7056;LOCAL_VALHALLA_MATRIX;cfd441a460852fa3ad9605d90dff34f1caa6602be0a9e013d6b9e50d490649e2;79e0ebdfaf671703ecf3fc8d96b6ee93bd0d362ef604670f976142dddadb99ff;2026-09-28T19:47:05.797752+00:00;false
LOC-0018;LOC-0020;WALKING;2026-08-17T07:00:00+03:00;OK;4307;72;6028;LOCAL_VALHALLA_MATRIX;53169f638a6adccf22258541415d5f1223598c6f0b24c6de9688afbecfcd5155;91f5f021bef0354870ab1a56e3b55c83cf581009f6c9ff1fa1b84a9126551353;2026-09-28T19:47:05.797752+00:00;false
LOC-0018;LOC-0023;WALKING;2026-08-17T07:00:00+03:00;OK;1278;22;1780;LOCAL_VALHALLA_MATRIX;b08cb05e77b3bc807c57f070be4bf2f599b1531acb5cf804880e3f9b9da4bc40;a0b73707c953b7799b7d8ba328735921246c342df8c21f95281e3fd88aaab19d;2026-09-28T19:47:05.797752+00:00;false
LOC-0018;LOC-0027;WALKING;2026-08-17T07:00:00+03:00;OK;1957;33;2739;LOCAL_VALHALLA_MATRIX;59cf72401cd9695f6c67d1e2a2ec82ba9bf5967edb3c154466d1b86c5eb3cfc4;029e3f9a477887f429dde287b6569765968313426a498ea30438f7ddda2a3594;2026-09-28T19:47:05.797752+00:00;false
LOC-0018;LOC-0028;WALKING;2026-08-17T07:00:00+03:00;OK;4379;73;6155;LOCAL_VALHALLA_MATRIX;b8c4321b35fd3a3fef0447980c8f1c70962f4d26a2950033b25b7eb02d35d821;1566229170572e2255808acf9ee4d4a1ef4461cb92547cdb289bd99adf90e4fc;2026-09-28T19:47:05.797752+00:00;false
LOC-0018;LOC-0029;WALKING;2026-08-17T07:00:00+03:00;OK;4261;72;5988;LOCAL_VALHALLA_MATRIX;c2e64d2f354caaeb115095b44dc3b861905d8ac6718e8b5545dc66e57a133e67;f6fa73edbea40c3402759625fcb6e20e348dc8ac31cba45b35cd2ca6422ff9c6;2026-09-28T19:47:05.797752+00:00;false
LOC-0018;LOC-0037;WALKING;2026-08-17T07:00:00+03:00;OK;5311;89;7467;LOCAL_VALHALLA_MATRIX;cdd291428d6545ecd3cb573527496ca32a0c012c38f108a93057cd3b7b768925;60cad52564591c0866886bb20901b5e17391cc9edc20aa707d11c01be1e659c7;2026-09-28T19:47:05.797752+00:00;false
LOC-0018;LOC-0045;WALKING;2026-08-17T07:00:00+03:00;OK;2982;50;4147;LOCAL_VALHALLA_MATRIX;5c0293ed61c43903499afefb7ae6b8a6245a5201886a8306592228907eb97828;0031fd4531d765c80c34fdf84afe1f0a21ff12be11a0b345744ee0da235dcc4c;2026-09-28T19:47:05.797752+00:00;false
LOC-0018;LOC-0053;WALKING;2026-08-17T07:00:00+03:00;OK;5012;84;7037;LOCAL_VALHALLA_MATRIX;73c11ca893c4d585e69ed5218b43523d4d583d66c0df6b7cc451c12ac44783c7;476a35899195305389d8f7c9dd851a4715344624f46a1a96185e8d5a79a665de;2026-09-28T19:47:05.797752+00:00;false
LOC-0018;LOC-0054;WALKING;2026-08-17T07:00:00+03:00;OK;5037;84;7079;LOCAL_VALHALLA_MATRIX;88c73331995d9ee71366541f7f3b3ac2247d4193cba5b56610349ef1fd6f6dcf;cd71a5a84a02bbb7ec50aa831e9c1bc57fd8b6697d904413764748905825408e;2026-09-28T19:47:05.797752+00:00;false
LOC-0018;LOC-0061;WALKING;2026-08-17T07:00:00+03:00;OK;3918;66;5452;LOCAL_VALHALLA_MATRIX;d0716a6af25b86c5fdd3b56ce4ec3b2713ffc8bd0ccafb9347711ae66e0702ac;d41cbe5fa617d1fc963635069262b695c0f5e2e04d0b958ac91ae7746efa25b6;2026-09-28T19:47:05.797752+00:00;false
LOC-0018;LOC-0063;WALKING;2026-08-17T07:00:00+03:00;OK;4843;81;6745;LOCAL_VALHALLA_MATRIX;f34335ee3022261fb5814ff6948fb100ee2b09d910b705ff3fb2ca9b74a0f6ad;4f0ebbb504c1161888a1bf1252fa8e7b3254ef31be8f6e03671e38f389fb18e0;2026-09-28T19:47:05.797752+00:00;false
LOC-0018;LOC-0064;WALKING;2026-08-17T07:00:00+03:00;OK;4364;73;6070;LOCAL_VALHALLA_MATRIX;cc635b4d99d9677c54d370037c92a4c9063b2c92c523d078c235ac217655e099;a866dc3dddbf2eb6ceaec3660874c452cb369e1744f73c9d0c5b9697e936f5d5;2026-09-28T19:47:05.797752+00:00;false
LOC-0018;LOC-0074;WALKING;2026-08-17T07:00:00+03:00;OK;927;16;1289;LOCAL_VALHALLA_MATRIX;08c6824d2c27d2770cd3208173af959afae29dbd3be185e0850e8d72f57d6aad;779936d6c8d549585b75d598f030dd29d5d443e5e5191aa04fdacbd97849fc2a;2026-09-28T19:47:05.797752+00:00;false
LOC-0018;LOC-0075;WALKING;2026-08-17T07:00:00+03:00;OK;709;12;982;LOCAL_VALHALLA_MATRIX;3455523d547525e37ebcdf8753c7b259f8e8f2b8acff41629f408dfd71caa940;225b68d8394b9b899921a28218f98e7fc6c083ffbcffdf13a1a0fa2899de5220;2026-09-28T19:47:05.797752+00:00;false
LOC-0018;LOC-0076;WALKING;2026-08-17T07:00:00+03:00;OK;5903;99;14395;LOCAL_VALHALLA_MATRIX;52d519e8046413116fd37cc90d7a39a8f85db4d209156708c3c2c63c4f3c159c;dc4a93e731c027e90f6aaa98ea51aeb012a01469607e532ebaa73cf452311137;2026-09-28T19:47:05.797752+00:00;false
LOC-0018;LOC-0078;WALKING;2026-08-17T07:00:00+03:00;OK;3345;56;4661;LOCAL_VALHALLA_MATRIX;bd547a80c4b402596f823b6eb038880607cc0bfa3306267c9852a063104b534c;b4cc0c2a15d2d1b0ce1d02b2e8b304493c63c594be22c72987c3fb6430ee8593;2026-09-28T19:47:05.797752+00:00;false
LOC-0018;LOC-0080;WALKING;2026-08-17T07:00:00+03:00;OK;565;10;781;LOCAL_VALHALLA_MATRIX;b85c59009def3afe7fe2cb2b8604b687ed33d517893ad2ad6941be7de6b679b5;c19c463325895d3ceb2a3f288d70adb7351c887c1f9fc9b68648c1f40ecba9c3;2026-09-28T19:47:05.797752+00:00;false
LOC-0018;LOC-0082;WALKING;2026-08-17T07:00:00+03:00;OK;4541;76;6293;LOCAL_VALHALLA_MATRIX;10e821663f3e9bb320a96234ad62635d5a66185beccd389d60b256b76e0c69b8;110a3f32b0533d535a77d8025cf25f76b8d10c19ba88331a8591c499731c1a36;2026-09-28T19:47:05.797752+00:00;false
LOC-0018;LOC-0085;WALKING;2026-08-17T07:00:00+03:00;OK;6069;102;9632;LOCAL_VALHALLA_MATRIX;400274c1b7a99d9f44f61cc69b138a7c23a9812072012d77635cead8945632db;4ae8f3435d98bacc67699eda80e2fa5c94629ca8f481e08d573f136e6a3884ae;2026-09-28T19:47:05.797752+00:00;false
LOC-0018;LOC-0086;WALKING;2026-08-17T07:00:00+03:00;OK;6141;103;9726;LOCAL_VALHALLA_MATRIX;2f9690e2d95f34309794d0b1694be1530deeeef31ee9ba769391fec3492161ea;919bd825c7213810972b127ba84bb63e110d5fdb5236870fdfe9b2572dea7440;2026-09-28T19:47:05.797752+00:00;false
LOC-0018;LOC-0091;WALKING;2026-08-17T07:00:00+03:00;OK;4145;70;5820;LOCAL_VALHALLA_MATRIX;7fd739232e8bc9d66727d2c0c5626f1cef0238975231ce764ce1126660228319;ef178082645b69dd32bc8d2c8091eaafb8766ad400dcd5d3e5e31c71d17ad524;2026-09-28T19:47:05.797752+00:00;false
LOC-0018;LOC-0092;WALKING;2026-08-17T07:00:00+03:00;OK;3485;59;4892;LOCAL_VALHALLA_MATRIX;f124b31e34bbcd4d9adad8275ec4642af7b0814e369a96a66cd640977c801da1;d7d33ac5556b453eac6bf288fc9fd533a659d1cdb238e430bb833137c56701df;2026-09-28T19:47:05.797752+00:00;false
LOC-0018;LOC-0093;WALKING;2026-08-17T07:00:00+03:00;OK;3485;59;4891;LOCAL_VALHALLA_MATRIX;0c7cb9a38d82bc21da2aa89342de9acfd3365f03e59ad6d04887005168f3b574;fb5e1c7b654bba763144061271bf570cf93c90e499e0ed2df429865ec4e04fc4;2026-09-28T19:47:05.797752+00:00;false
LOC-0018;LOC-0094;WALKING;2026-08-17T07:00:00+03:00;OK;6891;115;13977;LOCAL_VALHALLA_MATRIX;0e6ec5f1ef95ad1e6fa6b3fbfdda2a4956d8633556f02a9a967030055e890671;f9e3a361862e0f8d4611d238d38de86f9d000d088138a429a056af217d26194b;2026-09-28T19:47:05.797752+00:00;false
LOC-0018;LOC-0095;WALKING;2026-08-17T07:00:00+03:00;OK;6608;111;13578;LOCAL_VALHALLA_MATRIX;f85066fed681a10f35eeb698f2dd72310c343691f70f888ab8198dcd5742e3ae;71541ce3d0aebee2f6715fbd7c6d800c401f831e7ee5de0f81a602cb89873890;2026-09-28T19:47:05.797752+00:00;false
LOC-0018;LOC-0102;WALKING;2026-08-17T07:00:00+03:00;OK;4403;74;6150;LOCAL_VALHALLA_MATRIX;419b955b58515982311c7476db1583cbc4690c1e7113b2ae0f9fb060ee680f72;60ee95dfda4381b9cc41c75de1ea27ad94e75f0a030b91ca4310b587d256e173;2026-09-28T19:47:05.797752+00:00;false
LOC-0018;LOC-0112;WALKING;2026-08-17T07:00:00+03:00;OK;2312;39;3249;LOCAL_VALHALLA_MATRIX;664dcef7902c77f79bc9b51bab799490ac8081f58312cb5e0cca91f392338051;bd80fe7ae19fe55252e32fd8e737911431776bc0a6beb0397d73f7b91a2d4a54;2026-09-28T19:47:05.797752+00:00;false
LOC-0018;LOC-0124;WALKING;2026-08-17T07:00:00+03:00;OK;5459;91;12343;LOCAL_VALHALLA_MATRIX;f61c3c9cb5a5ac67e679f154f7299a35a24ff8b894a5475a56ea2e8aacb1abfc;7334691d42119eb8f01116f5b9cf61b664d984eb28fa4c21881f07eb417ccd75;2026-09-28T19:47:05.797752+00:00;false
LOC-0018;LOC-0125;WALKING;2026-08-17T07:00:00+03:00;OK;461;8;645;LOCAL_VALHALLA_MATRIX;baa374b2058e1b22061de225fa919d46ea722a330e6dc4ed28dcb9d412bd006a;3e2157751a8c4fc6dfb882d410063c72eba016c75acf38d8730f9c8f83e89306;2026-09-28T19:47:05.797752+00:00;false
LOC-0018;LOC-0126;WALKING;2026-08-17T07:00:00+03:00;OK;1977;33;2773;LOCAL_VALHALLA_MATRIX;f414eac0838111f1b2d2592e4a0e7d037aba349281a9f64b308a24c8e3134fb4;8d841bc82f8e9cd992edf3152c98d02955e8698b19b8754805c9f708a8444888;2026-09-28T19:47:05.797752+00:00;false
LOC-0018;LOC-0128;WALKING;2026-08-17T07:00:00+03:00;OK;5288;89;7441;LOCAL_VALHALLA_MATRIX;364857bb30f8b0f60fef3fee738adfa125730a058d825493956f6720e0d5d5e0;1b0802eed62a0a85e29f1b01922fcb4fd8bfc0c7f83f559ba0951784c33dbc4d;2026-09-28T19:47:05.797752+00:00;false
LOC-0018;LOC-0134;WALKING;2026-08-17T07:00:00+03:00;OK;5428;91;8731;LOCAL_VALHALLA_MATRIX;c728370c35114164bcf09a8d2ccc3c81660219d6d1a5cb8a8777177584c8a92c;ef1eab0bf0d464d7cf7ab61dccc5463be13a662a433b0519a260e2f9fcbed362;2026-09-28T19:47:05.797752+00:00;false
LOC-0018;LOC-0135;WALKING;2026-08-17T07:00:00+03:00;OK;5418;91;8717;LOCAL_VALHALLA_MATRIX;02d561b7ce477f17e95615084f0ff3eae907c21ded56de05d297643d83642051;4551e714f021830daabc7d8c53bc350342f487c2000794955a0abf6730bb310d;2026-09-28T19:47:05.797752+00:00;false
LOC-0018;LOC-0136;WALKING;2026-08-17T07:00:00+03:00;OK;5832;98;9291;LOCAL_VALHALLA_MATRIX;46780de30aaa05b46cbc630a3ab28f83c603d93af859ee52b098818e7fe86843;d976f917ebb1a531e3f2d4ef59acbde04f830a0037a8d13e6ea0b0b39fc01cc8;2026-09-28T19:47:05.797752+00:00;false
LOC-0018;LOC-0140;WALKING;2026-08-17T07:00:00+03:00;OK;5396;90;7559;LOCAL_VALHALLA_MATRIX;96a9442119a80420f8986f90160f8bc08a1c17f39dd9fdae36137c265ba3cea9;d49f08dd68dca4236d3f4de0598b9ec84bc8b1ae3502553fafbd15728432a447;2026-09-28T19:47:05.797752+00:00;false
LOC-0018;LOC-0141;WALKING;2026-08-17T07:00:00+03:00;OK;3487;59;4874;LOCAL_VALHALLA_MATRIX;6927cf7c60ada099473f85ad2355a6d44aca34b2072ba5ed10fc0498db94ef3a;2b67b4429758008c7e30604ac2a3d1a5c3488421676cf1552bb79f6d9a84a219;2026-09-28T19:47:05.797752+00:00;false
LOC-0018;LOC-0142;WALKING;2026-08-17T07:00:00+03:00;OK;3568;60;4947;LOCAL_VALHALLA_MATRIX;4fa9c41c634cd4af9199bb9192db3c88b6550524e59c7ec651e86ae928ebe49f;b0e172ca5bf92a1e8559c934b7cdd872972b3b4288af4c64f9b35da417aeaa34;2026-09-28T19:47:05.797752+00:00;false
LOC-0018;LOC-0145;WALKING;2026-08-17T07:00:00+03:00;OK;3783;64;5307;LOCAL_VALHALLA_MATRIX;177ec27eb062487e07eea0dc1755f77396a3665cd578a482469084966668841b;d0616b4c07338ee4fd32e238362ddcb6f1d03f13898c105d95f4b58b36173f0c;2026-09-28T19:47:05.797752+00:00;false
LOC-0018;LOC-0148;WALKING;2026-08-17T07:00:00+03:00;OK;785;14;1088;LOCAL_VALHALLA_MATRIX;26b56f53701d4195cf7782f9c5fdc50f3b9ab7ad1bb429c412ef8bc9b6ee5e25;8bad370f72378c9a4496eac7fe33b07d03b53bbba9ca5aa510b21455f35418d9;2026-09-28T19:47:05.797752+00:00;false
LOC-0018;LOC-0149;WALKING;2026-08-17T07:00:00+03:00;OK;999;17;1389;LOCAL_VALHALLA_MATRIX;2c3e82859ca62e275542bc0a5a07abeab23fb3cad3936d2a3f51d961ba289c84;61c954f00903a60809c18ad9f187a500204be4b95322d6561e8b3c3506a05cfb;2026-09-28T19:47:05.797752+00:00;false
LOC-0018;LOC-0150;WALKING;2026-08-17T07:00:00+03:00;OK;1106;19;1539;LOCAL_VALHALLA_MATRIX;d031a39343b6a78482320e11247d938b5830d1ce6b9d803f812a40e4be7e6696;953544571f54f7d2b011454e47190b34339b7f03cbe277671bb6cba4725bd9b1;2026-09-28T19:47:05.797752+00:00;false
LOC-0018;LOC-0151;WALKING;2026-08-17T07:00:00+03:00;OK;694;12;958;LOCAL_VALHALLA_MATRIX;e5eb94d2c20f1c0ff39f6a6dec651b4c04fccd6c3ed39a7d25853c2319560b2d;1a154cce1326191037549a0d867feea00089b02da890980ba86b98d1df5c8a11;2026-09-28T19:47:05.797752+00:00;false
LOC-0018;LOC-0152;WALKING;2026-08-17T07:00:00+03:00;OK;721;13;995;LOCAL_VALHALLA_MATRIX;47693a664efcbf2fb7adef8a2a79fc94671ee98b1874cf63dbae123004a7c311;902efe264ba1ad0454993cda48ee703848a7b7cd924a49ba44ffc940aa9b2c4c;2026-09-28T19:47:05.797752+00:00;false
LOC-0018;LOC-0190;WALKING;2026-08-17T07:00:00+03:00;OK;3144;53;4419;LOCAL_VALHALLA_MATRIX;eefea1da9d68b1b30e25e7fd50c6c616cd16a8305aceed73a97b5415ebc604dd;8bb2a2817fded96c0cc43af833323a34bf6310945f9ea1d74fada047ee031263;2026-09-28T19:47:05.797752+00:00;false
LOC-0018;LOC-0196;WALKING;2026-08-17T07:00:00+03:00;OK;2004;34;2795;LOCAL_VALHALLA_MATRIX;4e86cbce3cfa586fef8993c9dd2330e8f1e2aed79a7324fb853b998e9fb7340e;c6928d2be098acc538fbc03d940abf91dc5018a94ee336e07feecedd314444b5;2026-09-28T19:47:05.797752+00:00;false
LOC-0019;LOC-0002;WALKING;2026-08-17T07:00:00+03:00;OK;5900;99;8279;LOCAL_VALHALLA_MATRIX;363c34d2d6cd3e50584c08e1082a86cac6a7eb1df977d7c3bdb83e5430d8819a;079f353529d7f2f1da591374c0daecdd4b4ad9dbe1a325907f4eb0179babe911;2026-09-28T19:47:05.797752+00:00;false
LOC-0019;LOC-0008;WALKING;2026-08-17T07:00:00+03:00;OK;918;16;1279;LOCAL_VALHALLA_MATRIX;0e7783ce3a6cb0a819ec72d658f3f3b3e73f07ff4c9c12762a37ae53f7a8a652;98b1a401a4af1cc7c56945279528c9893e47301f2bc5eeb5fc053ee1a0f955bf;2026-09-28T19:47:05.797752+00:00;false
LOC-0019;LOC-0009;WALKING;2026-08-17T07:00:00+03:00;OK;9071;152;20777;LOCAL_VALHALLA_MATRIX;54ed7f7812b0780f5665b5c34f0162ef02b60f9ccaaac32c0f36541b2d5dd1e1;933f1658cd54fbbd021bad0c5244e72d046e5e15bec435aa1bce7235009e6371;2026-09-28T19:47:05.797752+00:00;false
LOC-0019;LOC-0010;WALKING;2026-08-17T07:00:00+03:00;OK;294;5;417;LOCAL_VALHALLA_MATRIX;3db4ced92a94862f6e490e1c45cc7ee249d09c66e3d516310be22b3ecd2f44f8;543d5d1ae68253a02946a4a39c202ae929b2f7d28e5b4527cc13c04d8feb2fe9;2026-09-28T19:47:05.797752+00:00;false
LOC-0019;LOC-0011;WALKING;2026-08-17T07:00:00+03:00;OK;1617;27;2270;LOCAL_VALHALLA_MATRIX;d3b976347adfcd024b6fe6f788998b3d99aee52906baa3b08aa8ed7e95a51a06;4cf93c4b9ef1c8caf0aa87bdf31e9ddbed9fb2081c8f2f7ee5d0ca429223a1df;2026-09-28T19:47:05.797752+00:00;false
LOC-0019;LOC-0012;WALKING;2026-08-17T07:00:00+03:00;OK;1291;22;1815;LOCAL_VALHALLA_MATRIX;554b6ca0802e7b65201f02eac2222229c1fb56df07aa2c3a5e2305dc9ed03fff;74c01a8443d5feac6a95175e5a73d62106397ea16259ff6ee5a062555893b27b;2026-09-28T19:47:05.797752+00:00;false
LOC-0019;LOC-0013;WALKING;2026-08-17T07:00:00+03:00;OK;6796;114;9516;LOCAL_VALHALLA_MATRIX;9cadd20f0bf31fa30f60d8c1dcdc78014e11373d581f3e7e53f1a4b4146df258;c4d7ea22290b9e0c16ef3d4e74dc4174b1234ff3d3fbfdf438a26c77945934bf;2026-09-28T19:47:05.797752+00:00;false
LOC-0019;LOC-0016;WALKING;2026-08-17T07:00:00+03:00;OK;8072;135;11458;LOCAL_VALHALLA_MATRIX;fa52c67f12e83fd82fdd6a28d81fade4f805d7bfc2420fd5e0d7e4fde6bc0679;92f471df6598a67760d2e0d23e0069e9c114e95f2d004700fd8d634eca2dca9c;2026-09-28T19:47:05.797752+00:00;false
LOC-0019;LOC-0017;WALKING;2026-08-17T07:00:00+03:00;OK;5512;92;7730;LOCAL_VALHALLA_MATRIX;254fdd45dd10f9344f701d189d2c10231ad9814b7f6fda5725c9bcbc7ab81bae;a2a1e7e354257709b1009dadc1cbe3625082f65e54bc2d838148e3aaededeb2c;2026-09-28T19:47:05.797752+00:00;false
LOC-0019;LOC-0018;WALKING;2026-08-17T07:00:00+03:00;OK;4996;84;7019;LOCAL_VALHALLA_MATRIX;3e81a8018158870dd4eb688c5a1b5ec55af1e19efa62642d97e2a8776587db2a;396109907caf4e5679cddc3fce0947f7a7ec74c1dd9b2dc1a25cda6fac58c2ab;2026-09-28T19:47:05.797752+00:00;false
LOC-0019;LOC-0019;WALKING;2026-08-17T07:00:00+03:00;OK;0;0;0;LOCAL_VALHALLA_MATRIX;6dd01e22c37ff1edfcdc5e818879dac0b0de7500f3bc0ef4d7e7cfb27e1c435d;3d5812abc84c11768aa73a732c85d75dbed439188f5bb3239e9b762ea31d9862;2026-09-28T19:47:05.797752+00:00;false
LOC-0019;LOC-0020;WALKING;2026-08-17T07:00:00+03:00;OK;1388;24;1949;LOCAL_VALHALLA_MATRIX;23b9fa121a0a89b2e815b15d5f3d2edf54662efeaaa52caf8e95011575d4090e;7914e5b10e4ff00c78ca50719abd6b29395a0e602dbf94a0175dac332fcd2803;2026-09-28T19:47:05.797752+00:00;false
LOC-0019;LOC-0023;WALKING;2026-08-17T07:00:00+03:00;OK;4348;73;6118;LOCAL_VALHALLA_MATRIX;1547b240a1fc8f7ee530c3a8476212ecfeca3a76ed8741791b7fae92aff93000;10faf2d8da2a0c27d13adf1590971dad28f41643b0ec09e6d8a0a5959d8ef6db;2026-09-28T19:47:05.797752+00:00;false
LOC-0019;LOC-0027;WALKING;2026-08-17T07:00:00+03:00;OK;4735;79;6642;LOCAL_VALHALLA_MATRIX;b81ebd6b952c8cb9d8561a2c5e505dba4f830dcaf57bbc034dad54f87597ac8a;a04bfed8f1dadb6ce7052fd52b815e1fddbd9dde1e5166433356bc14df1aafb9;2026-09-28T19:47:05.797752+00:00;false
LOC-0019;LOC-0028;WALKING;2026-08-17T07:00:00+03:00;OK;7374;123;10633;LOCAL_VALHALLA_MATRIX;ba89a41827e8c50301e7f24b2dbebc04d86f3771dd6d3814feebdb22d1925ba8;8bafe68e2c05cca930ea71e286238f9efa5ff275a593956bfd4776424cb7e148;2026-09-28T19:47:05.797752+00:00;false
LOC-0019;LOC-0029;WALKING;2026-08-17T07:00:00+03:00;OK;7256;121;10466;LOCAL_VALHALLA_MATRIX;6c8ef334f3d8c40357d7c3e744c4eec195d9918f8bee2af888b2c1b0eeab83a8;9ee5915f45fc2d568acc6dd13e21714dd8d995a15d427e9b0d47ca3b47b1f2dc;2026-09-28T19:47:05.797752+00:00;false
LOC-0019;LOC-0037;WALKING;2026-08-17T07:00:00+03:00;OK;4557;76;6396;LOCAL_VALHALLA_MATRIX;02baf275c394cb9e7aab434486771de8d2e3aeecdf13516fd68443aae4feaa72;fe9945ba24003caf1e7cdd3d269bcaf655232b93b7e247c209844ff72c86dc20;2026-09-28T19:47:05.797752+00:00;false
LOC-0019;LOC-0045;WALKING;2026-08-17T07:00:00+03:00;OK;6504;109;9117;LOCAL_VALHALLA_MATRIX;835cc8fc1ff6cae83bdf9d9d71a6baef91ad6317d3d251fae380eceb51faf777;f8e392301fd29752b995953b1c04205cf3d776574d3e18378bc68d5ea0d1ee15;2026-09-28T19:47:05.797752+00:00;false
LOC-0019;LOC-0053;WALKING;2026-08-17T07:00:00+03:00;OK;7603;127;10791;LOCAL_VALHALLA_MATRIX;4db16c58daef9c4e80b1b9692f66aad3550eec7fb60eba44540f11816c8b5782;e37547ff5ce19be748c21aabaf0407ce99e5b05c7e7a3fd0f44462b84c3dfa36;2026-09-28T19:47:05.797752+00:00;false
LOC-0019;LOC-0054;WALKING;2026-08-17T07:00:00+03:00;OK;4283;72;6008;LOCAL_VALHALLA_MATRIX;ad1f83a52aa5626abaada6f9babf9b81e532e7038b2a27d80c336e2a069d21a0;f6562b1cbcda6457b4fe6af9798a15454cee08af5559e68ca9493784ba7662a4;2026-09-28T19:47:05.797752+00:00;false
LOC-0019;LOC-0061;WALKING;2026-08-17T07:00:00+03:00;OK;1596;27;2247;LOCAL_VALHALLA_MATRIX;f875129a5d13efa5e2dde84ed4828e594db54a6f1823ffa87411d5871562e19f;a0821644db57b438bbfd068098c5e8c123196bec6a659519135774f9e53f02f6;2026-09-28T19:47:05.797752+00:00;false
LOC-0019;LOC-0063;WALKING;2026-08-17T07:00:00+03:00;OK;7920;132;11096;LOCAL_VALHALLA_MATRIX;45bbc5e3d803fe207250fa817962cd6f3acd2dc007d4e878527b26a096b9342a;38a6eb47fda2f3508e66e98fbbb2d6d3a69dad61335a8fa71055dd11642a3b43;2026-09-28T19:47:05.797752+00:00;false
LOC-0019;LOC-0064;WALKING;2026-08-17T07:00:00+03:00;OK;7441;125;10429;LOCAL_VALHALLA_MATRIX;96f856143c4ef63772c6692f64b1c2fa548a2cf8e515d783423427b13db294da;cfdfbf943bcf8a8864ca59719420f6a9a8bfc01da77ec435c0e221786093d202;2026-09-28T19:47:05.797752+00:00;false
LOC-0019;LOC-0074;WALKING;2026-08-17T07:00:00+03:00;OK;4495;75;6302;LOCAL_VALHALLA_MATRIX;5587a36fb54aed2a44405a23bfd4891c0bf9158956e9b072484049c72f690283;cc93889ed82626c310c8acd59d620ebd638fbfb0481b8815fbbb85864de72b11;2026-09-28T19:47:05.797752+00:00;false
LOC-0019;LOC-0075;WALKING;2026-08-17T07:00:00+03:00;OK;4904;82;6877;LOCAL_VALHALLA_MATRIX;1fc2a6b6171c27578971741c47f710400ace40fb6ef344d4326e0478ec11ed45;df59a5bde73645d53d0ed01f85dfd628d08c475ade3cacfaba5c81d3694daf04;2026-09-28T19:47:05.797752+00:00;false
LOC-0019;LOC-0076;WALKING;2026-08-17T07:00:00+03:00;OK;8293;139;15321;LOCAL_VALHALLA_MATRIX;c954e08b69ad423602b4773ec70a7890329b2d12576864e25a30495888c15892;1a3f5f833fe7bbbaa064313244509385e7ed0bfb996c17038bfa4f7f36f83950;2026-09-28T19:47:05.797752+00:00;false
LOC-0019;LOC-0078;WALKING;2026-08-17T07:00:00+03:00;OK;6736;113;9453;LOCAL_VALHALLA_MATRIX;5b7210d3100cf3d1a71a30fa0e1d59dc15e31d736d8f6c1544dcfa4a1b7f6473;4b3602edebd88496c76d4a1769f0b276c3e56883e6f4a81559d95c32c29c2bc4;2026-09-28T19:47:05.797752+00:00;false
LOC-0019;LOC-0080;WALKING;2026-08-17T07:00:00+03:00;OK;4488;75;6297;LOCAL_VALHALLA_MATRIX;04113d44d2a1c081a307eb96b4f0f7c0d7517d685e0f7db6c258e830dbb1b2f3;4fae47a2e39309aef649c3c01f3561950bb628a5c289f9ad9f934cd1c1e42473;2026-09-28T19:47:05.797752+00:00;false
LOC-0019;LOC-0082;WALKING;2026-08-17T07:00:00+03:00;OK;7443;125;10458;LOCAL_VALHALLA_MATRIX;785d135b92845bcf8884e7598835c15f95658b54bdde6271309b5987fbca4a1f;066a815785b0195c6a8f56f57e76cc9e7febeb7badb9c4369d33cf9d825ec25f;2026-09-28T19:47:05.797752+00:00;false
LOC-0019;LOC-0085;WALKING;2026-08-17T07:00:00+03:00;OK;6231;104;8776;LOCAL_VALHALLA_MATRIX;7bcaa23517e6c115b983900c38ef4749d75bb2f20a0bb8e942cc6f8f350ee3a8;6fc57c21d8bb51dd49efe182088fe93f4c8afc1a55dbc72ea5505a090023299f;2026-09-28T19:47:05.797752+00:00;false
LOC-0019;LOC-0086;WALKING;2026-08-17T07:00:00+03:00;OK;6010;101;8464;LOCAL_VALHALLA_MATRIX;5fd7392bfcb3ffa33beed6b80e565e984ed5c5b7289d99102cd749d7811ea0eb;fdd23d9472af5fbd6773c6376e77bf8027deb7e2c463a7bc0404c0ecf8585097;2026-09-28T19:47:05.797752+00:00;false
LOC-0019;LOC-0091;WALKING;2026-08-17T07:00:00+03:00;OK;1078;18;1515;LOCAL_VALHALLA_MATRIX;18c3ad2fa371ac6a9cf6c4ade4eb12e2ce29e28930a09632fb265822350399ce;5681e6771ae16aa895fb1ce6f6ccee02ffaab63c09b1c70c624dd5fdd6d88ae5;2026-09-28T19:47:05.797752+00:00;false
LOC-0019;LOC-0092;WALKING;2026-08-17T07:00:00+03:00;OK;1566;27;2196;LOCAL_VALHALLA_MATRIX;6c0797c588822f141720d33a479af3294ebd89e2411c70b4bbb19c79a9f419e2;1c045f2754cc2584d5ea62fcd1fefa74bdc7ab39572e8185933d0d1a3694fae1;2026-09-28T19:47:05.797752+00:00;false
LOC-0019;LOC-0093;WALKING;2026-08-17T07:00:00+03:00;OK;1781;30;2503;LOCAL_VALHALLA_MATRIX;e4271670135d2a8eb4096adbf9bb5d9ff3dfeb25bbf8e1d4c7d4289550198e39;d267026aae49da72d94fd826a0eccee4e12ed32a5d5f0ad4316f269390f1656c;2026-09-28T19:47:05.797752+00:00;false
LOC-0019;LOC-0094;WALKING;2026-08-17T07:00:00+03:00;OK;6420;107;9046;LOCAL_VALHALLA_MATRIX;8c9f27f9c79aba117d85a91743a1db2b4bf7f1fb1b5a98b1f5f335cccabaa66c;d3a917394102a6fbfacfd3f357b10b840b6137d9192948a22a30111d0afab655;2026-09-28T19:47:05.797752+00:00;false
LOC-0019;LOC-0095;WALKING;2026-08-17T07:00:00+03:00;OK;6957;116;9796;LOCAL_VALHALLA_MATRIX;624e68a7bb9c1050f4c06832a39f00fca374bf1c5c3ca767015ead7e64681a47;dd7778d034945f41274305529314dbe5b271f21bc89bd7dc079759f4c5cc245b;2026-09-28T19:47:05.797752+00:00;false
LOC-0019;LOC-0102;WALKING;2026-08-17T07:00:00+03:00;OK;7637;128;10704;LOCAL_VALHALLA_MATRIX;bed58607d99d01f9a6eb855ee5327aa847b905ab2af7f1e1f048cf9679b25fc5;e0ebb152c64387c4bb46a114b4beda397a61157d3581d75b1756c627e458273c;2026-09-28T19:47:05.797752+00:00;false
LOC-0019;LOC-0112;WALKING;2026-08-17T07:00:00+03:00;OK;2975;50;4146;LOCAL_VALHALLA_MATRIX;b5d8b00a196bbb8fb7d20590b71ef84dda92f62350764a9476b01eaca9477a5c;9bb50b546b1057e2ff9f137737bc31c5f75442ba11d082a5f53c1af88ddbfe4b;2026-09-28T19:47:05.797752+00:00;false
LOC-0019;LOC-0124;WALKING;2026-08-17T07:00:00+03:00;OK;9144;153;20921;LOCAL_VALHALLA_MATRIX;787df9fd9613066ab1f7ae76de2e6cf58d1359120999245d55793bf022a46f44;6fff2bb4a2827634f8403832c6ad4fb91027ce269d401f2b9ae5d3dc7a2c7ff7;2026-09-28T19:47:05.797752+00:00;false
LOC-0019;LOC-0125;WALKING;2026-08-17T07:00:00+03:00;OK;4748;80;6669;LOCAL_VALHALLA_MATRIX;fc063b4c43e9fe1753101c9c6a6fab53002d3bab020798eacea09ab9b4a17c16;28087f2ab8ff17a1f67773d1324075196ef7216624587a94a98b3463f30ffc24;2026-09-28T19:47:05.797752+00:00;false
LOC-0019;LOC-0126;WALKING;2026-08-17T07:00:00+03:00;OK;3223;54;4525;LOCAL_VALHALLA_MATRIX;8830fcd5ebd56763d9e7abbd2946100cc4ce7dda892dbb3ebc0c3eddae3844f5;eb97e9bd073e297935bc6dce1c085c65a5e76ddce961e997e55224b484402bbf;2026-09-28T19:47:05.797752+00:00;false
LOC-0019;LOC-0128;WALKING;2026-08-17T07:00:00+03:00;OK;4534;76;6364;LOCAL_VALHALLA_MATRIX;84734c90ebd6e06ad578b332c137cf43e9521bb868330427d935eaca0fbee991;af4622e677015940d750346c211fb5d86633a8168ab7172abea97c55658c8623;2026-09-28T19:47:05.797752+00:00;false
LOC-0019;LOC-0134;WALKING;2026-08-17T07:00:00+03:00;OK;6182;104;8665;LOCAL_VALHALLA_MATRIX;6de4a71225b7d352c96fa351a61fd0a34694ceb693971b27c250daf3f87dfd11;8875d0a1a4662d5d33b6a9373a424d7ca4653105cdf0879cafc2911ef96d722a;2026-09-28T19:47:05.797752+00:00;false
LOC-0019;LOC-0135;WALKING;2026-08-17T07:00:00+03:00;OK;6451;108;9025;LOCAL_VALHALLA_MATRIX;c7a2d4fd75abeaaa072991714333969106aeae941120ed8dcae17b607733f742;52caeaf350820ad0f960ed208dc4f8bfb4071bc44c848bb0d964dd181d969140;2026-09-28T19:47:05.797752+00:00;false
LOC-0019;LOC-0136;WALKING;2026-08-17T07:00:00+03:00;OK;6426;108;9005;LOCAL_VALHALLA_MATRIX;d9137388577dfd7623fb9e0feeb9cc55f38352bfe9c25f43057b332418238056;655364d6a234729ba998dcb16198d7200fbd3e93c611116f19250e328c16fa2e;2026-09-28T19:47:05.797752+00:00;false
LOC-0019;LOC-0140;WALKING;2026-08-17T07:00:00+03:00;OK;7302;122;10245;LOCAL_VALHALLA_MATRIX;bf40905215317b76e4c2459d72716e137277fea620c0d1bb7441d8434c298b7f;5bf9309aeb2b01c78f5d6186804c51a59428f7d7e8b727d90f0879eb2c529ee2;2026-09-28T19:47:05.797752+00:00;false
LOC-0019;LOC-0141;WALKING;2026-08-17T07:00:00+03:00;OK;8310;139;11650;LOCAL_VALHALLA_MATRIX;344530a441ea3d1dca7b0225b748e76094de40ce6bcfb428889c42b717f09d83;112e9f33dcd21b23c9be8d46b2a24e8da1832b056866b008cfc5124d4f25cb3b;2026-09-28T19:47:05.797752+00:00;false
LOC-0019;LOC-0142;WALKING;2026-08-17T07:00:00+03:00;OK;8391;140;11723;LOCAL_VALHALLA_MATRIX;441977d32124ce45cf4f7c0e8c29b108ee3e0a6bdd0abb88e914e32a8ba5ff6f;7ac9014aa9c3308900441bad6f0e676e749a7e6d5f1274281c7071c84a08f76f;2026-09-28T19:47:05.797752+00:00;false
LOC-0019;LOC-0145;WALKING;2026-08-17T07:00:00+03:00;OK;1707;29;2399;LOCAL_VALHALLA_MATRIX;0410f509472231ed05518fef5e08dc7bb5bccd65b4803b8c0a1824abf4a03aad;d3e35274858a16d9dffc3c7017c51b042bf29317d3710d3c0a268fa0561a1c8f;2026-09-28T19:47:05.797752+00:00;false
LOC-0019;LOC-0148;WALKING;2026-08-17T07:00:00+03:00;OK;5017;84;7039;LOCAL_VALHALLA_MATRIX;1020505fea10e4c4e110409bf60bb57d69cc2bec392ee6938d5dc08b6acff9ed;669d7b606d113b43457c656b06954a041fe4497d3758a13be5783024ee881ac0;2026-09-28T19:47:05.797752+00:00;false
LOC-0019;LOC-0149;WALKING;2026-08-17T07:00:00+03:00;OK;4795;80;6715;LOCAL_VALHALLA_MATRIX;3e3abdd5fe85b92d50e79e7e8ed252af2895e5e5537e5a51ed89d98a4da226c2;639e603ae3a93cdd371dc7b0a2e4edbabc43d3b644febbc62eff781060472649;2026-09-28T19:47:05.797752+00:00;false
LOC-0019;LOC-0150;WALKING;2026-08-17T07:00:00+03:00;OK;4686;79;6568;LOCAL_VALHALLA_MATRIX;1aa67e269b7d29af34ffefbc66225cc83dbb3dd7582a138caa5f6fda5dbb1747;5a10496ace8f7fef677ab754667dd06879ee3d4e39a838a076d264561933b647;2026-09-28T19:47:05.797752+00:00;false
LOC-0019;LOC-0151;WALKING;2026-08-17T07:00:00+03:00;OK;5343;90;7501;LOCAL_VALHALLA_MATRIX;d380475c827e92ed92789b8ff3f41093d69079e91ac8b3e7c1d795f829bb9dbc;e6c3ad1bbcc3cd603a5ae39186841f0a43353f199488eb3bcbd89c3b87800455;2026-09-28T19:47:05.797752+00:00;false
LOC-0019;LOC-0152;WALKING;2026-08-17T07:00:00+03:00;OK;5345;90;7506;LOCAL_VALHALLA_MATRIX;2d382aab1de182ee965510a6be5c19ecc8aff119c1dc26c462e24a12d3264ead;9ea01e7eb724e49e1bf3fede9243dfb39ec37f3c2eef323b2d8d6acf2915a89d;2026-09-28T19:47:05.797752+00:00;false
LOC-0019;LOC-0190;WALKING;2026-08-17T07:00:00+03:00;OK;2399;40;3368;LOCAL_VALHALLA_MATRIX;81db9c96a8fd6f078330d7659da7bae447a5d2bb2799966f2ebd7fe278592675;d72ccd907e336a00678fd39071b9d1adc8655e30e51be710e9d0a0fb50c316d2;2026-09-28T19:47:05.797752+00:00;false
LOC-0019;LOC-0196;WALKING;2026-08-17T07:00:00+03:00;OK;5404;91;7569;LOCAL_VALHALLA_MATRIX;48cf2a9541d5bf192000cc9a682a391c77272414bd1605a997308c533def9125;5758e093431f056dfa81cf77b1ebb8d36d1e81fe5206f9916b35b71b1f9b9d47;2026-09-28T19:47:05.797752+00:00;false
LOC-0020;LOC-0002;WALKING;2026-08-17T07:00:00+03:00;OK;7070;118;11033;LOCAL_VALHALLA_MATRIX;833b1f0033f2d55af8a5803fc1e02da79e71a265679a1a4d5cf71a7b8cfce2b2;0f75c5753656c794548eaaac4fd6cbe0797b6ecf0a32f71944c4072e7c7915a6;2026-09-28T19:47:05.797752+00:00;false
LOC-0020;LOC-0008;WALKING;2026-08-17T07:00:00+03:00;OK;2123;36;2976;LOCAL_VALHALLA_MATRIX;389fe6eb7d237c33f81eb1a4a115dd95701477bde05db21486bb9f56366d0ca9;e07af2dc1ba13d6fa9f73dada4da88b194718d2edc900c1349923d66722d3693;2026-09-28T19:47:05.797752+00:00;false
LOC-0020;LOC-0009;WALKING;2026-08-17T07:00:00+03:00;OK;8788;147;20372;LOCAL_VALHALLA_MATRIX;99ea8472197f7340a5c2b7c941163cdc538c3d88c1d4f218bc13013296f71405;74859e4deb7679c8ef3c8f04be083fe76bfe1c5fea46f9ae0fb1134c7dfbe3bc;2026-09-28T19:47:05.797752+00:00;false
LOC-0020;LOC-0010;WALKING;2026-08-17T07:00:00+03:00;OK;1585;27;2231;LOCAL_VALHALLA_MATRIX;85420231a4ff1706494b4cc098d6e35a5cb9c9969aab15f03ee7f65f83a5e4b2;0d66780baff12a95cff5ceea04f66a366e7b86aee5923062fbb2e466e05eefb2;2026-09-28T19:47:05.797752+00:00;false
LOC-0020;LOC-0011;WALKING;2026-08-17T07:00:00+03:00;OK;2377;40;3353;LOCAL_VALHALLA_MATRIX;374bcd179da985d7cea59147e9387395583b6b538e2d04bfa74c54ee60cb8dbe;38454c4acdd5ef4bda0af1663a1dc9969f7850951e49ec39d4203f3b6adfd75b;2026-09-28T19:47:05.797752+00:00;false
LOC-0020;LOC-0012;WALKING;2026-08-17T07:00:00+03:00;OK;1830;31;2585;LOCAL_VALHALLA_MATRIX;2ce9b84226d45b80e576eb3c8f9e0eb79c91b5735ca6e8cebc6c2a42e2ea69f8;3f02d39b3380508607751f3b07f6bb114e4b34dcfe06d720dfe03d581e334407;2026-09-28T19:47:05.797752+00:00;false
LOC-0020;LOC-0013;WALKING;2026-08-17T07:00:00+03:00;OK;7501;126;11652;LOCAL_VALHALLA_MATRIX;25f3c02cb8d7b7aee57b515f0805f8b0795e31a27085810dea0945c9a8734054;1d8996d691f4c8501a88b039d7d725b24baed046b43da44c8474ae3806f5d162;2026-09-28T19:47:05.797752+00:00;false
LOC-0020;LOC-0016;WALKING;2026-08-17T07:00:00+03:00;OK;7630;128;10672;LOCAL_VALHALLA_MATRIX;46b45beaeb941e9833f783a801f8146f15c2a6e0fd8ad5a71edbdafc17229f5f;e0cb622f1c8120aad959ba939fc94bd3c0cccf799f7410f22d7c5d65ce968bec;2026-09-28T19:47:05.797752+00:00;false
LOC-0020;LOC-0017;WALKING;2026-08-17T07:00:00+03:00;OK;4656;78;6515;LOCAL_VALHALLA_MATRIX;dd1ca10e3b3001a5506fcaa48a6e3c23c943173f5b12f196abd4031628f4a074;64f416b5e15262113664e1116766b89fb9d83015187a091d0d54d0e0d2f79f72;2026-09-28T19:47:05.797752+00:00;false
LOC-0020;LOC-0018;WALKING;2026-08-17T07:00:00+03:00;OK;4307;72;6028;LOCAL_VALHALLA_MATRIX;0736f96c15a0a67c2d91e382d850d44c910c10ffa196728e2178d4310b2796ef;91f5f021bef0354870ab1a56e3b55c83cf581009f6c9ff1fa1b84a9126551353;2026-09-28T19:47:05.797752+00:00;false
LOC-0020;LOC-0019;WALKING;2026-08-17T07:00:00+03:00;OK;1389;24;1949;LOCAL_VALHALLA_MATRIX;bbca5102c2022d8327f2cbc150a907d3818ba4c4f5477caceb86128647f95fd4;c106eb7cb4fd41c108eeb05e09d1ea90bdf47970eac902ab1fb8977f23765829;2026-09-28T19:47:05.797752+00:00;false
LOC-0020;LOC-0020;WALKING;2026-08-17T07:00:00+03:00;OK;0;0;0;LOCAL_VALHALLA_MATRIX;28af51ee25ab07d389cc53e452ce5e412fc56d6095d71b9df6e6fd93df228f42;3d5812abc84c11768aa73a732c85d75dbed439188f5bb3239e9b762ea31d9862;2026-09-28T19:47:05.797752+00:00;false
LOC-0020;LOC-0023;WALKING;2026-08-17T07:00:00+03:00;OK;3250;55;4546;LOCAL_VALHALLA_MATRIX;2176b88e2fb0614ac351e4f200d89c87be540c7c2775ccba04af07589db51273;b090d79d1418440eb8f83b4f0b5738ba43c1a89a3221dbfeeb752f801777d3ee;2026-09-28T19:47:05.797752+00:00;false
LOC-0020;LOC-0027;WALKING;2026-08-17T07:00:00+03:00;OK;4010;67;5600;LOCAL_VALHALLA_MATRIX;95a5504a9de8b766aa342f3b2f0cc8514e500c402d9e16d5b04daa791dc8f0a7;24d2dac609523cc34bf5a55bb3ba9bbac7206978e38f8255a38b0c1ef9b18eed;2026-09-28T19:47:05.797752+00:00;false
LOC-0020;LOC-0028;WALKING;2026-08-17T07:00:00+03:00;OK;6603;111;9231;LOCAL_VALHALLA_MATRIX;b771b1f88f1463a9b751d8f8f0f59da8e81c4908f62d0b67a1747ae9bf6456e2;dae335508c6cbbfe96404b16111c4ae50814d1c69c531b438764ca86763fa1de;2026-09-28T19:47:05.797752+00:00;false
LOC-0020;LOC-0029;WALKING;2026-08-17T07:00:00+03:00;OK;6485;109;9064;LOCAL_VALHALLA_MATRIX;1778afb4090e799c6d3ef8730bfcdbbdd97297a49b36dd53eadeb0bf052088ae;cec46bfd1fab445e59464c27ca26be21630588a7a5942fffa6cd689afffeeab2;2026-09-28T19:47:05.797752+00:00;false
LOC-0020;LOC-0037;WALKING;2026-08-17T07:00:00+03:00;OK;5067;85;7128;LOCAL_VALHALLA_MATRIX;081e1f3b37914d00fa310f97f7ef2efc93043ff549415843d876a8093a42005a;e57244b3afaffd16ecfadeb2617fefad106e91b080f26399c6bf14c9a1be3301;2026-09-28T19:47:05.797752+00:00;false
LOC-0020;LOC-0045;WALKING;2026-08-17T07:00:00+03:00;OK;5715;96;7999;LOCAL_VALHALLA_MATRIX;9e275a8036e7ade1c6296fa3bbbc5feb99bbb5249e65165ee4a481683237cc75;5e4896c31de46fad240b8c3210e92d338e0243c4ffef151c7bee62591ba1ab22;2026-09-28T19:47:05.797752+00:00;false
LOC-0020;LOC-0053;WALKING;2026-08-17T07:00:00+03:00;OK;7236;121;10113;LOCAL_VALHALLA_MATRIX;ee7391c4a54743276ba7eb7b7665c94fc99f0fa1b372a9c8229b588dacf673d5;b24d16e065e22fd9bca406c6f7b9691215bd6e6896fbf3fd31193ffaa4df17c6;2026-09-28T19:47:05.797752+00:00;false
LOC-0020;LOC-0054;WALKING;2026-08-17T07:00:00+03:00;OK;4792;80;6740;LOCAL_VALHALLA_MATRIX;4697edafe2874a2e090b74dc4fe27ec3de6dc70ab576e05b935c388a1c5c8e26;07ab244f5439539641bc5f57ee49cd56ad35b65689326796f7ddacbc7907da2c;2026-09-28T19:47:05.797752+00:00;false
LOC-0020;LOC-0061;WALKING;2026-08-17T07:00:00+03:00;OK;2179;37;3077;LOCAL_VALHALLA_MATRIX;233f646e1d0e61f0b00095a557ce3fe2b7317c0d27b02d4425941918335ccbb6;00a0f814d73dedc0c89b24d7c736b94a07b3cdedfb7d7a9e611dd51e2bb20bed;2026-09-28T19:47:05.797752+00:00;false
LOC-0020;LOC-0063;WALKING;2026-08-17T07:00:00+03:00;OK;7448;125;10392;LOCAL_VALHALLA_MATRIX;bf777484fce82682f4f19ff9868827eea4f932f51d15d1d21ad6aaff362ff5f5;1d651f0047979dfeac64b08c2bc6f31cd7b3a132246e27d8aa0d64e9223fb95e;2026-09-28T19:47:05.797752+00:00;false
LOC-0020;LOC-0064;WALKING;2026-08-17T07:00:00+03:00;OK;6966;117;9721;LOCAL_VALHALLA_MATRIX;727214082d8485d20a0cfab41ff2450fc3ab4b7d21dff1f155ef2a02b9c27a2e;96609959973e7a472239f8975dcdf16520975f52229bed3facef4157cc373598;2026-09-28T19:47:05.797752+00:00;false
LOC-0020;LOC-0074;WALKING;2026-08-17T07:00:00+03:00;OK;3724;63;5209;LOCAL_VALHALLA_MATRIX;910d94e49936ab222ecd81d3567df4bec3f80909a443f573073bb6c4b1f64096;ed8ff7acda6d32a3361c67e82c8594c86814582c2b7865af697bebd5e92dbad8;2026-09-28T19:47:05.797752+00:00;false
LOC-0020;LOC-0075;WALKING;2026-08-17T07:00:00+03:00;OK;4134;69;5787;LOCAL_VALHALLA_MATRIX;05b1e48864849492e97c5ebf53d9a77d11172657ace0478a694d3c4e07041290;243839540ebbc6df58d5257c86ca6be5c76ae95df4d2f9ab77541d5111b5aacd;2026-09-28T19:47:05.797752+00:00;false
LOC-0020;LOC-0076;WALKING;2026-08-17T07:00:00+03:00;OK;8040;134;14961;LOCAL_VALHALLA_MATRIX;8f686d44fd380ca7efeb72b6bd8b87d266e295c3c633fd476aaa796848da92d2;e948adccea05cc5bdcc56d89cfec2b3a17796a162e34a9c0654f2c4efd611cad;2026-09-28T19:47:05.797752+00:00;false
LOC-0020;LOC-0078;WALKING;2026-08-17T07:00:00+03:00;OK;6242;105;8711;LOCAL_VALHALLA_MATRIX;b5bbf1265e1d665d37864d2c1a842621d1a508a4f110fc8d93df8165e7cab0e9;0227088de2cce390a2a68ab426ee40fabbcedd38d1988b6804d25656dbb7d382;2026-09-28T19:47:05.797752+00:00;false
LOC-0020;LOC-0080;WALKING;2026-08-17T07:00:00+03:00;OK;3652;61;5107;LOCAL_VALHALLA_MATRIX;d4dd5bb958336614ce8f1b01ae01f3b9675731f1d11ed1c0926e20a3401fecee;11b510645b1bdae8b8415df745cd7f292cfd5b00b6c688bfab3b50f27e8e5040;2026-09-28T19:47:05.797752+00:00;false
LOC-0020;LOC-0082;WALKING;2026-08-17T07:00:00+03:00;OK;7066;118;9854;LOCAL_VALHALLA_MATRIX;1e03989c586f437ccb37e319c5303568977a3db79fc44e7bff5b11634688f451;ae9c53690ce252fab0cebdc484e2b5488a868c8422de48af3d3fc2e8cbd600ad;2026-09-28T19:47:05.797752+00:00;false
LOC-0020;LOC-0085;WALKING;2026-08-17T07:00:00+03:00;OK;7885;132;12181;LOCAL_VALHALLA_MATRIX;cb1b3d901608118d0b560f7317977c65aa27d2e4ffafa127217c4d2548fa04b6;60c506c6fbc1d5d696096da9adc10eb18ef05859362845812ac1799515e660f1;2026-09-28T19:47:05.797752+00:00;false
LOC-0020;LOC-0086;WALKING;2026-08-17T07:00:00+03:00;OK;8205;137;12621;LOCAL_VALHALLA_MATRIX;f83734063b0f616b4d6e948c2fc6b7d7c7dedb2653a40c0edad1a0fd8542c71b;22ca5ddd2c1bb87adc865cb4dda75cb66b7f45cf7da665935d63854dd0573ff9;2026-09-28T19:47:05.797752+00:00;false
LOC-0020;LOC-0091;WALKING;2026-08-17T07:00:00+03:00;OK;1117;19;1574;LOCAL_VALHALLA_MATRIX;792c56ece5dc8240c98f6ec3e4bb0dfd4e0ed4ef1da0d720b9c90afeda1cc0b8;14130759131e245ff83706c626c4b48451a5eea4fadd60153bbc798a54e2ffef;2026-09-28T19:47:05.797752+00:00;false
LOC-0020;LOC-0092;WALKING;2026-08-17T07:00:00+03:00;OK;837;14;1175;LOCAL_VALHALLA_MATRIX;2e8c780f2d86064ffda6d985c39bdf381ef821e59f6eac9658a5a62361c198ff;66eeb4bc528f142c316727cc1a929a456c2940df7ddf9e60bf775aca903959dd;2026-09-28T19:47:05.797752+00:00;false
LOC-0020;LOC-0093;WALKING;2026-08-17T07:00:00+03:00;OK;1027;18;1444;LOCAL_VALHALLA_MATRIX;a04828d2a9d34a5e3ef3db76dce71fccef9b778a6457b3013c0eaf1e59c0bf77;9ebfc2b42814a2f9902b4009fe4d4812f453aae2bcef2300958ad047751a7fff;2026-09-28T19:47:05.797752+00:00;false
LOC-0020;LOC-0094;WALKING;2026-08-17T07:00:00+03:00;OK;8706;146;16526;LOCAL_VALHALLA_MATRIX;d2a2f75aa66c6d64f9fd42c24e1f8e48394c0eac312730635e7c70480e2b4ea6;235b20792f996b6dbf3700fb0b56409cb22685acb94fa1e72ff0c10ab0a07d91;2026-09-28T19:47:05.797752+00:00;false
LOC-0020;LOC-0095;WALKING;2026-08-17T07:00:00+03:00;OK;8424;141;16127;LOCAL_VALHALLA_MATRIX;dab78edb0431493637a4f7c6ec393698fd925d73c8ff52c1ef221599d9752e5e;28020dee01f7e7e88fa5a99f978769046a62ec2d5cb8c374ff9372556700bdf7;2026-09-28T19:47:05.797752+00:00;false
LOC-0020;LOC-0102;WALKING;2026-08-17T07:00:00+03:00;OK;7143;120;9962;LOCAL_VALHALLA_MATRIX;8826234f20db1fdd314fd34614679d458aaaaa8e56a62d51a0e6ffe072da36c1;596d8b21026f74a8a9c3ce28bf32b9c9542ae51fbb1f89a958fa161449bbbea7;2026-09-28T19:47:05.797752+00:00;false
LOC-0020;LOC-0112;WALKING;2026-08-17T07:00:00+03:00;OK;2241;38;3134;LOCAL_VALHALLA_MATRIX;181ac0bdb887ddae9be6b2bc31a85ab00f53635d5dc4aa7f89ff86e74ce515ed;6a9291e793fc45f0c5a4b2f85f042cbe1d4d64c77530c48782c5696c45114fa8;2026-09-28T19:47:05.797752+00:00;false
LOC-0020;LOC-0124;WALKING;2026-08-17T07:00:00+03:00;OK;9019;151;20732;LOCAL_VALHALLA_MATRIX;14d797eb6fb164dc0cf6da75beab76368185f32f548d7a08dbcc3a4c75927522;4158ec30728cf3e75fa3d61b9f0defd5b28582c7c3c2dcb0e0cabefb73cba76c;2026-09-28T19:47:05.797752+00:00;false
LOC-0020;LOC-0125;WALKING;2026-08-17T07:00:00+03:00;OK;3788;64;5306;LOCAL_VALHALLA_MATRIX;456f1f60e989b601c3afb2004386b85c116b2fd5449665004b2afcb56067f3f9;704cc6de95d3f29672af5e84ada1de7d595977647742ff4eb3cc066f22339747;2026-09-28T19:47:05.797752+00:00;false
LOC-0020;LOC-0126;WALKING;2026-08-17T07:00:00+03:00;OK;2852;48;4005;LOCAL_VALHALLA_MATRIX;376bebcc3da297e8a48d06b04ae2d7100073799650ded7bcbc82be21bbadbd6e;638f1b6ea59d97e2d3a5f6807ed6cefb6833a03224d436da46047f1df3c824c5;2026-09-28T19:47:05.797752+00:00;false
LOC-0020;LOC-0128;WALKING;2026-08-17T07:00:00+03:00;OK;5043;85;7096;LOCAL_VALHALLA_MATRIX;ef2de60784718289c049f7135a9d7f9b5ebc2c61dd42561f1d521fc19c0065e2;a3c327787650d1abe514468bff04ec18fa845a23e797dd629aeba410602a08c9;2026-09-28T19:47:05.797752+00:00;false
LOC-0020;LOC-0134;WALKING;2026-08-17T07:00:00+03:00;OK;7243;121;11280;LOCAL_VALHALLA_MATRIX;3dea516bad36f3106c807bbbb7119bc25271eef91cc18da781f8f88ee7fa8fbc;4767e7d172a658da41a2d6c02d53b92dc693d6dd50c277ac3bde2823b12fcde3;2026-09-28T19:47:05.797752+00:00;false
LOC-0020;LOC-0135;WALKING;2026-08-17T07:00:00+03:00;OK;7233;121;11266;LOCAL_VALHALLA_MATRIX;ea95b1b94ad57298642ccd4c18cee75529d4c082e2b9251371fd74f8027f5b81;82a46bb874b9fe570fe622ecf64bb38cb7ab54e6d849de4bc6eec21da4e87b68;2026-09-28T19:47:05.797752+00:00;false
LOC-0020;LOC-0136;WALKING;2026-08-17T07:00:00+03:00;OK;7648;128;11840;LOCAL_VALHALLA_MATRIX;3ce52147f37f04242c2eca8cac58ebbdf1c0bfd829e007b8c6093ebcf94fdbe3;97931e121a05fc29395af589b19e4649512cc3fb37efdaefe7d89c336f88b60f;2026-09-28T19:47:05.797752+00:00;false
LOC-0020;LOC-0140;WALKING;2026-08-17T07:00:00+03:00;OK;7664;128;10719;LOCAL_VALHALLA_MATRIX;214a5542cf0f0415f1fb9d09fb1b12bc41242247f1b2d3d1be5819d87d0053bb;97692ea855147afc4b4c61099327b3973c5552bceaa37ee27ac6a13898c0ab5b;2026-09-28T19:47:05.797752+00:00;false
LOC-0020;LOC-0141;WALKING;2026-08-17T07:00:00+03:00;OK;7595;127;10630;LOCAL_VALHALLA_MATRIX;259f1ccb60491dbf6106b4691addebf93eb9adb6667f61a9dbefbd3486e94eff;411d5e6ae27f9935e7bb9fe14e598d648a7d2699f35546e150bb13acbbe99d81;2026-09-28T19:47:05.797752+00:00;false
LOC-0020;LOC-0142;WALKING;2026-08-17T07:00:00+03:00;OK;7682;129;10717;LOCAL_VALHALLA_MATRIX;6efa3802362979ab6be7183051559d7dc5b4b322831959ca8ef33e3d4f15be59;37fbcaab0e2bbd0456fc01abb282a1740c45f23cea2438eacb9f55cc939e2b32;2026-09-28T19:47:05.797752+00:00;false
LOC-0020;LOC-0145;WALKING;2026-08-17T07:00:00+03:00;OK;330;6;468;LOCAL_VALHALLA_MATRIX;13d864e5feb2070960b2a9370746bdf51d51cdf3463bf2ab043d0dd5b932cd7c;7f5f8ae6650cf9e98009d7ae82cf7deb37547abca3c990dd3de466960cdc486a;2026-09-28T19:47:05.797752+00:00;false
LOC-0020;LOC-0148;WALKING;2026-08-17T07:00:00+03:00;OK;4141;70;5808;LOCAL_VALHALLA_MATRIX;be88546b0a97d163dabceb9be0a20e5e27f354fbf8f19179ebfb5f591ff944bf;784fa8e987beaf4aae932f71da9033d954c31611155c2b2b17a32453063b5824;2026-09-28T19:47:05.797752+00:00;false
LOC-0020;LOC-0149;WALKING;2026-08-17T07:00:00+03:00;OK;4043;68;5660;LOCAL_VALHALLA_MATRIX;e44f796522b18e7244cf1603848d209f0caa40e52f8b68ff9d7448c8a672fbb9;f555c9b8285094ea701ff367106fa8da5a117cc10a1cc8d83e03c69d8cd4ea4f;2026-09-28T19:47:05.797752+00:00;false
LOC-0020;LOC-0150;WALKING;2026-08-17T07:00:00+03:00;OK;3941;66;5500;LOCAL_VALHALLA_MATRIX;1cafb971363905fe347c6852feb7146335ca6b32a12b5136254dc6dd1f6bc741;bd9d18fb04b73878460f9d9773ac15b81c5ea2c50944dc935034993479800242;2026-09-28T19:47:05.797752+00:00;false
LOC-0020;LOC-0151;WALKING;2026-08-17T07:00:00+03:00;OK;4603;77;6439;LOCAL_VALHALLA_MATRIX;78f8f14d5ef697f6e82454a778cb173985e67054baa12798e92b849149f5cafd;d832e93f61aed36d06bd289e4c05091fe49de84ec25f227e4989b9e41e91f222;2026-09-28T19:47:05.797752+00:00;false
LOC-0020;LOC-0152;WALKING;2026-08-17T07:00:00+03:00;OK;4605;77;6444;LOCAL_VALHALLA_MATRIX;0766190c2ae96e3a6e481c732e758767d6834b40af51ba8588ed79a6e6390442;9eaf942e23d82db29d6d2d4eb045d5dcf0324c86858d090afc7d7c1799bdea9a;2026-09-28T19:47:05.797752+00:00;false
LOC-0020;LOC-0190;WALKING;2026-08-17T07:00:00+03:00;OK;2938;49;4137;LOCAL_VALHALLA_MATRIX;071dfff2dd18b259140d8bf76d309870609ac417b8c6b424a5c8a9184835e457;4240ab99f06acc755139646c4b7d43dc83d6a0a5cf12f9fe15d65c32b5488170;2026-09-28T19:47:05.797752+00:00;false
LOC-0020;LOC-0196;WALKING;2026-08-17T07:00:00+03:00;OK;4299;72;5994;LOCAL_VALHALLA_MATRIX;5b8edfaa37e55e8e807473bf29defa865a9a44ed8d3f02ae45796066e6e8535c;8356687682f20d5c80fc1702ee658de4165de912ca141660b13c3a6e22a73664;2026-09-28T19:47:05.797752+00:00;false
LOC-0023;LOC-0002;WALKING;2026-08-17T07:00:00+03:00;OK;6311;106;9997;LOCAL_VALHALLA_MATRIX;736b78fa3e5ba4c420bc92a83e6fcdb5e52d94a8bb807e417701af89662a87ba;f33db6fe4cbb9c431e0ab2e3ba5c7933dc5b0c900e5b1513b72a8597ae50d52d;2026-09-28T19:47:05.797752+00:00;false
LOC-0023;LOC-0008;WALKING;2026-08-17T07:00:00+03:00;OK;3890;65;5460;LOCAL_VALHALLA_MATRIX;515435d87017936dd834ca17678256e4cb8bc1b24639ed890b99b5f29ca053e6;c0fde85dcf9a9b0a41fd8ba1f659e84f847477a09860d13fb328560cae132f86;2026-09-28T19:47:05.797752+00:00;false
LOC-0023;LOC-0009;WALKING;2026-08-17T07:00:00+03:00;OK;6289;105;13463;LOCAL_VALHALLA_MATRIX;45e22f0a6c390184b6e231d4d3aaa2c3392a2dc375e67fec329c2e73c0081522;59a146ad3eed8126876c2f145661ca6638015eea63d99f5176cda2c670025093;2026-09-28T19:47:05.797752+00:00;false
LOC-0023;LOC-0010;WALKING;2026-08-17T07:00:00+03:00;OK;4054;68;5703;LOCAL_VALHALLA_MATRIX;2324138351c041ef2367846e4351feb663bd30954e29d873d918e9bd525b4de4;a7c05635f365bd46188f7cf90446d694cd7e21ad9dcf5b19fb061d536066f8b6;2026-09-28T19:47:05.797752+00:00;false
LOC-0023;LOC-0011;WALKING;2026-08-17T07:00:00+03:00;OK;3824;64;5355;LOCAL_VALHALLA_MATRIX;bfaa711e28b13ca59f669980a24bec45de011a5ca08204fcb1fe831b8a089205;237b3321a70d4e64b95060974f5ab54d0e2afa031bff54aaadcff0fbde8ea339;2026-09-28T19:47:05.797752+00:00;false
LOC-0023;LOC-0012;WALKING;2026-08-17T07:00:00+03:00;OK;3509;59;4928;LOCAL_VALHALLA_MATRIX;b11c7a28c31ff3ab52671ef38a1e90a4030d0628a4e07e507feaa51cd4cc3040;230e316c188a54a05a1b2773e3cc16d816b2bc4a0ed3d55523ef9bd8f96d24b9;2026-09-28T19:47:05.797752+00:00;false
LOC-0023;LOC-0013;WALKING;2026-08-17T07:00:00+03:00;OK;6755;113;10632;LOCAL_VALHALLA_MATRIX;b52364216ca3c891c6c0844659a8ba7ead51806df302e0bce718efa50874e054;595d1aba5ebe46949722ef7c7483d438236ba1f60e6aee0d2ce1d7b7e0937a1a;2026-09-28T19:47:05.797752+00:00;false
LOC-0023;LOC-0016;WALKING;2026-08-17T07:00:00+03:00;OK;6504;109;9128;LOCAL_VALHALLA_MATRIX;bcd66f7d87c2355dfbe0276edb09da5fe402dd2b18dc256fd4ec1c3c48b59a7d;cac7c38479320c18e66bc0cfe5de99394c81d113111c518f0df32367a96e13cd;2026-09-28T19:47:05.797752+00:00;false
LOC-0023;LOC-0017;WALKING;2026-08-17T07:00:00+03:00;OK;1898;32;2633;LOCAL_VALHALLA_MATRIX;5a5c29454e126f89a986188c9d29e5721e1c7549553f7ee709e7f5cca010090e;c53dd132f53651083c5736f1638e0fea34b07c5e902fa50304f69b5f6c5f3211;2026-09-28T19:47:05.797752+00:00;false
LOC-0023;LOC-0018;WALKING;2026-08-17T07:00:00+03:00;OK;1278;22;1780;LOCAL_VALHALLA_MATRIX;2b8e6d1d3ff4601934725f5014517bcbee6e23b629160ee41ac2dd9ea1cb6eca;a0b73707c953b7799b7d8ba328735921246c342df8c21f95281e3fd88aaab19d;2026-09-28T19:47:05.797752+00:00;false
LOC-0023;LOC-0019;WALKING;2026-08-17T07:00:00+03:00;OK;4350;73;6116;LOCAL_VALHALLA_MATRIX;ff19dba6a0d435e663c95ebe35b4d2f1dd948e3cf0ab54eca6be6519eb7d6534;f48fe71fb8ddfbb9d3b33d38da384d6cca2571a865d7a078543fd5719f2eeb47;2026-09-28T19:47:05.797752+00:00;false
LOC-0023;LOC-0020;WALKING;2026-08-17T07:00:00+03:00;OK;3250;55;4546;LOCAL_VALHALLA_MATRIX;d3f1b6e2a4dcf37744a822ea848822972ec229972341609d61928ccd1fb2df21;b090d79d1418440eb8f83b4f0b5738ba43c1a89a3221dbfeeb752f801777d3ee;2026-09-28T19:47:05.797752+00:00;false
LOC-0023;LOC-0023;WALKING;2026-08-17T07:00:00+03:00;OK;0;0;0;LOCAL_VALHALLA_MATRIX;ced96a12f6fbc38934aa00ccaa14624ad3aaac56a975ff0752a58a6e15ac902b;3d5812abc84c11768aa73a732c85d75dbed439188f5bb3239e9b762ea31d9862;2026-09-28T19:47:05.797752+00:00;false
LOC-0023;LOC-0027;WALKING;2026-08-17T07:00:00+03:00;OK;3088;52;4344;LOCAL_VALHALLA_MATRIX;ab77af41ff47cdf28b890e1fa3d13a21d35f5601ec4d53ba75db975022617205;11465d37c065083919258f9883bc1142f0209d4083157f5a32c86c61e3c36db9;2026-09-28T19:47:05.797752+00:00;false
LOC-0023;LOC-0028;WALKING;2026-08-17T07:00:00+03:00;OK;5477;92;7687;LOCAL_VALHALLA_MATRIX;31808cfad92a686c3197a417023b8a88a6524aec57c130199eb34867e4842b7e;5e517fa5a91cc846915742c7317cbc11966f7d02b81695142a8f304f0e9480f4;2026-09-28T19:47:05.797752+00:00;false
LOC-0023;LOC-0029;WALKING;2026-08-17T07:00:00+03:00;OK;5359;90;7520;LOCAL_VALHALLA_MATRIX;9f4e5e3c31c673130c12470fcb9820be56cebefd6e6313116043d6a0f5a11dd7;d0bcd8db6fedcd76cc476cf2c165dfd09c8a0cb98f877153f17ba0bbf4cc8dd2;2026-09-28T19:47:05.797752+00:00;false
LOC-0023;LOC-0037;WALKING;2026-08-17T07:00:00+03:00;OK;5480;92;7672;LOCAL_VALHALLA_MATRIX;eb276d1f4e1485ed063bef0271be01ee42e09c605bc973fd30c2653e37060e61;66ba705a18b4caa634782bed8210e8df42d7a75bbe29b114ac5407a31632e80b;2026-09-28T19:47:05.797752+00:00;false
LOC-0023;LOC-0045;WALKING;2026-08-17T07:00:00+03:00;OK;4071;68;5667;LOCAL_VALHALLA_MATRIX;72acea3694df96d3ef87e0107d1289eff28542be78e35ac5597429837d550af6;07c787b122d2d05c82124ca59a7a7e3b4cb84ac75c9dd8be67e5c2438985013a;2026-09-28T19:47:05.797752+00:00;false
LOC-0023;LOC-0053;WALKING;2026-08-17T07:00:00+03:00;OK;6110;102;8569;LOCAL_VALHALLA_MATRIX;d07aa44d65998d098c3196133e71e83aa19a7f5191c3df89ab662d509ead1be0;2daff6010ac787733317da515867a6d508e7f67a29d82fb4ccb5d70017709444;2026-09-28T19:47:05.797752+00:00;false
LOC-0023;LOC-0054;WALKING;2026-08-17T07:00:00+03:00;OK;5205;87;7284;LOCAL_VALHALLA_MATRIX;e9673a846a0bc76ec80f872ed089a6f6c5678a67f3beba93bf73dbfb91453705;f40b0aedfcf45846fb5b5e01cdd96c94807eeee52a1b6bdcfad5e04e2ef6f77d;2026-09-28T19:47:05.797752+00:00;false
LOC-0023;LOC-0061;WALKING;2026-08-17T07:00:00+03:00;OK;3401;57;4726;LOCAL_VALHALLA_MATRIX;57fee45d7cc84696c0e246b944a84bab2fbd7ae99e181edb39a0a77431aaf7c1;232cd0bbaa37f9717a1430d68db93c3a5d30373e168b787a4917972ed3dc9738;2026-09-28T19:47:05.797752+00:00;false
LOC-0023;LOC-0063;WALKING;2026-08-17T07:00:00+03:00;OK;5932;99;8265;LOCAL_VALHALLA_MATRIX;b395010ced8b581cf60ec834ad742a8804e829281c5af9ec4ee5698ace3c4052;d86c55aff0f7383bbb3f58fb4e9d9cec957a8e96c201345a82e4f8b3673abcfe;2026-09-28T19:47:05.797752+00:00;false
LOC-0023;LOC-0064;WALKING;2026-08-17T07:00:00+03:00;OK;5453;91;7590;LOCAL_VALHALLA_MATRIX;58d9b4cc5e1ab0e9338118c076960ca9bfe91ef49062de632397ad9af686c9af;ab4462aa7c4fcb30b100995405810055e717fe5b68e06ebc32ea159193ca243c;2026-09-28T19:47:05.797752+00:00;false
LOC-0023;LOC-0074;WALKING;2026-08-17T07:00:00+03:00;OK;2059;35;2894;LOCAL_VALHALLA_MATRIX;33d3a7751006aaf98c5c7e70f2079369e5c37d6d1e6d4cae10e80f1077533677;b1e2a0d139189d0243ae87e42c4f722ad0398d28a30a76693085804d873d5a33;2026-09-28T19:47:05.797752+00:00;false
LOC-0023;LOC-0075;WALKING;2026-08-17T07:00:00+03:00;OK;1840;31;2587;LOCAL_VALHALLA_MATRIX;edaa8541e468612c8b1f550adbb19063344dd369f0cf97ae4dfac18793573e78;73be4a4b52560ce4a181b5b397eb3ec8df24d56d70e39517d36d97b47a7a3323;2026-09-28T19:47:05.797752+00:00;false
LOC-0023;LOC-0076;WALKING;2026-08-17T07:00:00+03:00;OK;7087;119;16066;LOCAL_VALHALLA_MATRIX;80277fe4eeb5f9ca7aa53b1b5f7542595b43fbb7f55deac0b0b585bd6d14ed19;600732bf97cb54292f23137de8d155032c40f8f4116134963bca897daff06739;2026-09-28T19:47:05.797752+00:00;false
LOC-0023;LOC-0078;WALKING;2026-08-17T07:00:00+03:00;OK;4434;74;6181;LOCAL_VALHALLA_MATRIX;6ac1871a9711de2aba4b0f64655e2925c69f75d44bf82077aab0c9793d6db9a5;81bd2455228a4909826ca9469124dda7e9bbd2bd7c717a111a393e434326c313;2026-09-28T19:47:05.797752+00:00;false
LOC-0023;LOC-0080;WALKING;2026-08-17T07:00:00+03:00;OK;1550;26;2188;LOCAL_VALHALLA_MATRIX;a0d7314c16b62fcef737e0b8ff78dbc7e9896b5c24c935b49387c310dd12fe74;fcd3edebd4768ea82c52040f9a91854791790f36d8a94f36add8cd7256d3db90;2026-09-28T19:47:05.797752+00:00;false
LOC-0023;LOC-0082;WALKING;2026-08-17T07:00:00+03:00;OK;5630;94;7813;LOCAL_VALHALLA_MATRIX;8afffc49a7f2d6ce1657d804fb39a2c1ca4b8bb05243352a9c9771f0f86a8489;dbf3f83647eb4dbf1ac438d10d466632fd0a9a63905bd7cfdd596c4853838733;2026-09-28T19:47:05.797752+00:00;false
LOC-0023;LOC-0085;WALKING;2026-08-17T07:00:00+03:00;OK;7115;119;11134;LOCAL_VALHALLA_MATRIX;3de06985a342ecf91db411400ff01102ad5c137c9dc0849b969c12bbff5a905d;e6e5d3cded0d0ca704d7417967de6edc5ed92ad99ba929ba535bba18ddc55879;2026-09-28T19:47:05.797752+00:00;false
LOC-0023;LOC-0086;WALKING;2026-08-17T07:00:00+03:00;OK;7187;120;11228;LOCAL_VALHALLA_MATRIX;74377a378f5ac6962a466a181d01c2fa278135048bce5e786663a0c0d1f7f40d;cd1e9a3ab2384a42280de6d373fbe2cd1f36437fcdb105aade1bfd6bcd0967f5;2026-09-28T19:47:05.797752+00:00;false
LOC-0023;LOC-0091;WALKING;2026-08-17T07:00:00+03:00;OK;3522;59;4929;LOCAL_VALHALLA_MATRIX;9881e708794754624136c647d7824f6d1fcf0136afdbbf5ab425770c6778abee;2c1489cb4b207dac82b947b23a342297bc26e3242d808e040f51005ee80c63ee;2026-09-28T19:47:05.797752+00:00;false
LOC-0023;LOC-0092;WALKING;2026-08-17T07:00:00+03:00;OK;2697;45;3785;LOCAL_VALHALLA_MATRIX;b444493a9f6306fc43f7610182dc86292a3b6d4692b6144f2dbe817fc61d2678;0de772764d39a73540c037bf09732614707f8b7887f1e71b56ab2dbf63c19999;2026-09-28T19:47:05.797752+00:00;false
LOC-0023;LOC-0093;WALKING;2026-08-17T07:00:00+03:00;OK;2608;44;3656;LOCAL_VALHALLA_MATRIX;95fa301c330859b02bd4ebc62d0d25cd101be0f0a0f16852599e7c71b524cbf3;137d76073cffa1fb653728fe2c44a67c0ba1b82dbb6fcc9e47a61ed9623431f2;2026-09-28T19:47:05.797752+00:00;false
LOC-0023;LOC-0094;WALKING;2026-08-17T07:00:00+03:00;OK;7964;133;15502;LOCAL_VALHALLA_MATRIX;6b43cd7694721f3a26aa15d66e56382f82c4022613c22c40be99918606803bdb;07d035525df959e267a5d9b77c6a25f2dfbfa174ae05eba29d8cc53ae2f1566f;2026-09-28T19:47:05.797752+00:00;false
LOC-0023;LOC-0095;WALKING;2026-08-17T07:00:00+03:00;OK;7681;129;15103;LOCAL_VALHALLA_MATRIX;e17387b382c10ce67cc37d896e4b91a05a997998d2853b2477e731783ca2f545;0f6d37b3087f14963afa6107c7fdd34aa4b6934c2b62b718b72c9f21361521cf;2026-09-28T19:47:05.797752+00:00;false
LOC-0023;LOC-0102;WALKING;2026-08-17T07:00:00+03:00;OK;5470;92;7609;LOCAL_VALHALLA_MATRIX;646e44e9d51bd54d31943965081573c27d81ed50ea8a58b029191d129ca02e20;276fbd323e6504cb1ee9e633744ab83df8e990f29ac7805a920327ec46fe20d9;2026-09-28T19:47:05.797752+00:00;false
LOC-0023;LOC-0112;WALKING;2026-08-17T07:00:00+03:00;OK;1701;29;2376;LOCAL_VALHALLA_MATRIX;e00eae03f7fc39e68f7d044a90e55f1d653e686c0cf103cdfad8ba97278a96e5;69e5b5906d2aa6119dfa228352f3575b037aa783aea527f60dde08553f538fcf;2026-09-28T19:47:05.797752+00:00;false
LOC-0023;LOC-0124;WALKING;2026-08-17T07:00:00+03:00;OK;6651;111;14011;LOCAL_VALHALLA_MATRIX;018326544477a29de4215a3dbfbc11adea8ddf6afbc31aed86ea71b2db7afee1;89bf162009c12c0b5f6898cc3c651001e509029237f82a025c11aaaaa0979847;2026-09-28T19:47:05.797752+00:00;false
LOC-0023;LOC-0125;WALKING;2026-08-17T07:00:00+03:00;OK;861;15;1205;LOCAL_VALHALLA_MATRIX;c1fcb836b994a80f3799daaa0f9d4ef3a3331c88b7a857bb3e412db28c09f271;3b118acfd8b924bf02ea13d157ce5bbbc6a5662a8f18845561695d5b3aa0827c;2026-09-28T19:47:05.797752+00:00;false
LOC-0023;LOC-0126;WALKING;2026-08-17T07:00:00+03:00;OK;2690;45;3757;LOCAL_VALHALLA_MATRIX;3cd5e4229d0ddb866dd0169f70b89ded86a1fbf5c7b6e2473520e3120247c5a6;5741996a0cb2e0299421a70d43a9947dcfd7ab8d0f63dcfacca270a8b5231386;2026-09-28T19:47:05.797752+00:00;false
LOC-0023;LOC-0128;WALKING;2026-08-17T07:00:00+03:00;OK;5456;91;7640;LOCAL_VALHALLA_MATRIX;efcd82f0fd41d1b158ed9699f3f4f4c67cb822b94f24f570b1d6f5077ab34ac7;99537a35fd55420723da57d70cf7e3a8e5e22319e33522afb4374e4b5e635735;2026-09-28T19:47:05.797752+00:00;false
LOC-0023;LOC-0134;WALKING;2026-08-17T07:00:00+03:00;OK;6501;109;10256;LOCAL_VALHALLA_MATRIX;1e019bb6fe13bd93f39592ec2e12de76f4b6dc71b78fdeaf14b25df3759951ce;87f8c42a662f003ad5bcf52ad35d7b062fa4a55f8f02ca7c2930560b94720939;2026-09-28T19:47:05.797752+00:00;false
LOC-0023;LOC-0135;WALKING;2026-08-17T07:00:00+03:00;OK;6491;109;10242;LOCAL_VALHALLA_MATRIX;3e9b854f33c912f1dddee6c3e55e798e73e72a6ebdcd8f6ea27b6958293c1bba;f2a63508c56523b81859e081e938577f8e91905a84425475460084ec6c11d35e;2026-09-28T19:47:05.797752+00:00;false
LOC-0023;LOC-0136;WALKING;2026-08-17T07:00:00+03:00;OK;6878;115;10793;LOCAL_VALHALLA_MATRIX;079442e1add03f57eab999d5b4f1a93d09ab0cd15992d2fede14e5455abfedb1;9cf2c7a0284674e50e8af18c08f9b117a6a93ae28c3a8770e3e3ea06dde2a3f6;2026-09-28T19:47:05.797752+00:00;false
LOC-0023;LOC-0140;WALKING;2026-08-17T07:00:00+03:00;OK;6528;109;9164;LOCAL_VALHALLA_MATRIX;40aa1ab3e4b2e158115616dc8e5a606e65b897ceb19d90402772a3caa77223da;8ea012b57455cccbac93dfcc3d64ecc6da8db9b1d61543c44e95d51c5ab237e9;2026-09-28T19:47:05.797752+00:00;false
LOC-0023;LOC-0141;WALKING;2026-08-17T07:00:00+03:00;OK;4576;77;6394;LOCAL_VALHALLA_MATRIX;2fa5e007d10e7009cf27635aa7a494e931ee900ebd0d11c1282aa49d9351e477;60977fc2e2c02e24725d55f4c6761fbed89944a0c264f5a453350ef278ec4f1b;2026-09-28T19:47:05.797752+00:00;false
LOC-0023;LOC-0142;WALKING;2026-08-17T07:00:00+03:00;OK;4641;78;6446;LOCAL_VALHALLA_MATRIX;0525a015ea134f4e08b5a5e8104e959f31499ac59e2ec92e2d3f82563924f2bc;515cdad2f15ede2f040a875f20e15bdbc7e7f03fc8ecd81a90861ba6e106d304;2026-09-28T19:47:05.797752+00:00;false
LOC-0023;LOC-0145;WALKING;2026-08-17T07:00:00+03:00;OK;2959;50;4147;LOCAL_VALHALLA_MATRIX;01841de8e2984a76c063de784257d1aefa2f661a070ca23b1ed15a8eca7c7dc6;a4f25d7f82df8dbb368d555c2715afbe48289da2c705e58d1268f4cc2a2afa32;2026-09-28T19:47:05.797752+00:00;false
LOC-0023;LOC-0148;WALKING;2026-08-17T07:00:00+03:00;OK;1917;32;2693;LOCAL_VALHALLA_MATRIX;0b81afe62ea75c65566363b77711e23bef66e59d69873be90518814996776e59;e5a5458641ba35dde39fa5d4c0a7407296c59658517fd42d9e6fed04a0be57bf;2026-09-28T19:47:05.797752+00:00;false
LOC-0023;LOC-0149;WALKING;2026-08-17T07:00:00+03:00;OK;2131;36;2994;LOCAL_VALHALLA_MATRIX;297a7dadf90d8e5f49110ac663d0f29bb4bcaa1e13ab07db5ab0f893c990d5e5;7721fcba8a6ef71f05821512f7182cea71603d56e5b0f8b11007ee9f657bccc3;2026-09-28T19:47:05.797752+00:00;false
LOC-0023;LOC-0150;WALKING;2026-08-17T07:00:00+03:00;OK;2237;38;3144;LOCAL_VALHALLA_MATRIX;db413594dc59955b06f9a9e218fad581a57c273c47370d18c72e14a2e1e9721c;c0f4c59e4bb989c2f5f49480786bf7e9a3cbd8bee0054e95810aa35c66d47d9b;2026-09-28T19:47:05.797752+00:00;false
LOC-0023;LOC-0151;WALKING;2026-08-17T07:00:00+03:00;OK;1837;31;2546;LOCAL_VALHALLA_MATRIX;994e327dc90bec1bedca8483b9c904602644467dbcd2a901e1c33f2f412dc66e;898fee854da117ed80bdd83a902081bd3c3b96e913a1f075370afab959b91ebc;2026-09-28T19:47:05.797752+00:00;false
LOC-0023;LOC-0152;WALKING;2026-08-17T07:00:00+03:00;OK;1863;32;2583;LOCAL_VALHALLA_MATRIX;cb9f6eca276edb02e8bee3e777aa64c4b6375792e664f486bf950729a06beb8a;378212faa461411a47c6de8c4d430d936382d093473a6435e7c2f563125460df;2026-09-28T19:47:05.797752+00:00;false
LOC-0023;LOC-0190;WALKING;2026-08-17T07:00:00+03:00;OK;3066;52;4292;LOCAL_VALHALLA_MATRIX;13c16fe055c00bab151bb6c7abb4072c4cde7dedc821a5d804de1b488bef7e46;d7375e90ea568061a1e3c96ff411637df268953c2bd29e79087fa99ba8eeb151;2026-09-28T19:47:05.797752+00:00;false
LOC-0023;LOC-0196;WALKING;2026-08-17T07:00:00+03:00;OK;1110;19;1540;LOCAL_VALHALLA_MATRIX;ab86f6850fe3f1c6f0d25b92bde8f3ddc9a9c34a7a2b83b5f43865b9a759b02b;5a4908c8acbdfb2ea38684fbf341d4c344f4e7b1c36d52ef6f5455a6d47b640d;2026-09-28T19:47:05.797752+00:00;false
LOC-0027;LOC-0002;WALKING;2026-08-17T07:00:00+03:00;OK;3336;56;5819;LOCAL_VALHALLA_MATRIX;7aebddf27a29cb543235b3c5c2ebe7973565ccafa4f496c2a015837729576b11;285238e63e7f7d46de541043e778aa3c5634ca4f6ff0143580a846adec8be41d;2026-09-28T19:47:05.797752+00:00;false
LOC-0027;LOC-0008;WALKING;2026-08-17T07:00:00+03:00;OK;4068;68;5715;LOCAL_VALHALLA_MATRIX;79f8fec1445c195ea27e8b7ec16224e0586ab8e0229844a9be6623c0db3dbbdc;af6aa1125d175656cc2ac3efc2cc63042fa70cc9bf10d4b621b387b9f4315a79;2026-09-28T19:47:05.797752+00:00;false
LOC-0027;LOC-0009;WALKING;2026-08-17T07:00:00+03:00;OK;5021;84;14362;LOCAL_VALHALLA_MATRIX;80251d4ff742fc273f0b649c9beb890d9367dc6e10ee4d3cd4659adc4a6649dd;786d6c91b996b44e9107f813411c9bd7dc84e5b9b041b9d804cc9209ea399ee1;2026-09-28T19:47:05.797752+00:00;false
LOC-0027;LOC-0010;WALKING;2026-08-17T07:00:00+03:00;OK;4439;74;6226;LOCAL_VALHALLA_MATRIX;872eedc0d38fbd440a1b88d230137762140709f0246620376825b3466c029d56;91ce92d2c327b1b719f8f45e0efee440d8a1505ffc1d972941b851dc6e1b7882;2026-09-28T19:47:05.797752+00:00;false
LOC-0027;LOC-0011;WALKING;2026-08-17T07:00:00+03:00;OK;3922;66;5499;LOCAL_VALHALLA_MATRIX;06918d826ed820db6ed12253f3e4f85cf6145a46164ca4fd708055bd3f5e691c;24b0b48d62e6872532796ef79896bf589f8a21c18006017613a5c9e6dd994b56;2026-09-28T19:47:05.797752+00:00;false
LOC-0027;LOC-0012;WALKING;2026-08-17T07:00:00+03:00;OK;3686;62;5185;LOCAL_VALHALLA_MATRIX;d1d5413c334417443c091ee47c5bc989d30529e05695085ac4ce7cbe47fe95ae;213905f76924122ea583a4dfd58bced80cc1fe628f8228e51c3a37e45fd406e2;2026-09-28T19:47:05.797752+00:00;false
LOC-0027;LOC-0013;WALKING;2026-08-17T07:00:00+03:00;OK;3780;63;6453;LOCAL_VALHALLA_MATRIX;5d0036ee6f8990c06b61e3c13db55febdf9cf3efe354c7bcb45858905f0c4065;c6b583565f7b280740ae742d994f178eadc6f024ed25a425dafec0d54c08776e;2026-09-28T19:47:05.797752+00:00;false
LOC-0027;LOC-0016;WALKING;2026-08-17T07:00:00+03:00;OK;3647;61;5119;LOCAL_VALHALLA_MATRIX;fb943629192b5feb746ef8a931b8ebd5c8b1b3dd76915c0062ea4a865185f5a7;ea0442486b2d3190904d6b221119d127cd2edf5d2d345db8f6d5522669df5892;2026-09-28T19:47:05.797752+00:00;false
LOC-0027;LOC-0017;WALKING;2026-08-17T07:00:00+03:00;OK;1897;32;2685;LOCAL_VALHALLA_MATRIX;05591a0c185c9fd0a3f70478ba7349b4913be91bb78aaf64fc9d188c0107cacb;1dee9f2b4d8c0c4b38bf224dc112d038965e43cfabb1fb3905ab7106ee22e240;2026-09-28T19:47:05.797752+00:00;false
LOC-0027;LOC-0018;WALKING;2026-08-17T07:00:00+03:00;OK;1956;33;2739;LOCAL_VALHALLA_MATRIX;9d3fb51ee63886efda9081f925024330e4e3959d1e98f2b45b4ad10590eb3b32;71add4400b06fcbfaefe8cc13dbc2765d8ded19d49a219fa1abe121b1e603c67;2026-09-28T19:47:05.797752+00:00;false
LOC-0027;LOC-0019;WALKING;2026-08-17T07:00:00+03:00;OK;4736;79;6639;LOCAL_VALHALLA_MATRIX;4161c003ba8fc879239265e4b3578dc3076e40d70125448b696a0fa880aa7d25;e9375928d140da165a53deb7283e4495ef24b2afca95cfccb4467b18cc5347e0;2026-09-28T19:47:05.797752+00:00;false
LOC-0027;LOC-0020;WALKING;2026-08-17T07:00:00+03:00;OK;4009;67;5600;LOCAL_VALHALLA_MATRIX;651abb3c277abd45e478b373d29e10cb045416d9639d818a82fee95161c85261;8c571d47a6b65700e86444cd3f01ed2e4c30750b6d7f512498d590e458d5b60d;2026-09-28T19:47:05.797752+00:00;false
LOC-0027;LOC-0023;WALKING;2026-08-17T07:00:00+03:00;OK;3088;52;4344;LOCAL_VALHALLA_MATRIX;2dbd48d3816eb124c042dcccd60739a55311cc88ae3cf92caeef19161ba9ecd0;11465d37c065083919258f9883bc1142f0209d4083157f5a32c86c61e3c36db9;2026-09-28T19:47:05.797752+00:00;false
LOC-0027;LOC-0027;WALKING;2026-08-17T07:00:00+03:00;OK;0;0;0;LOCAL_VALHALLA_MATRIX;16fe755dcb6a61a7880d1bd125d3f4a2089698ff2b9e9af1f05384ef685f83bf;3d5812abc84c11768aa73a732c85d75dbed439188f5bb3239e9b762ea31d9862;2026-09-28T19:47:05.797752+00:00;false
LOC-0027;LOC-0028;WALKING;2026-08-17T07:00:00+03:00;OK;2620;44;3678;LOCAL_VALHALLA_MATRIX;edf97767b4083bc144a0c3a3156fb631efb4cc2502e24ce7cd5210373bf98e77;ac4beec2d8012ec2184227586ab475d13c29388a5c998f0a294dd417b27ddbfe;2026-09-28T19:47:05.797752+00:00;false
LOC-0027;LOC-0029;WALKING;2026-08-17T07:00:00+03:00;OK;2502;42;3511;LOCAL_VALHALLA_MATRIX;a7860605a6cbb36c3b0a3abc0adcbe2190d4dc94ac5df58b2f58cfc6718eb17e;bf59e93faacad430f7b07992e76e87ed62e9a776d257d7e84b7d6971417b9c79;2026-09-28T19:47:05.797752+00:00;false
LOC-0027;LOC-0037;WALKING;2026-08-17T07:00:00+03:00;OK;3806;64;5328;LOCAL_VALHALLA_MATRIX;cab377a2e110cf78207d04ca0172f36e5a2ecff029a457fc917842879ec94f66;f923bdcbbf654cf006dd08d7fd250e66d3c84538116d4c254e2010a7d6ee39be;2026-09-28T19:47:05.797752+00:00;false
LOC-0027;LOC-0045;WALKING;2026-08-17T07:00:00+03:00;OK;1721;29;2421;LOCAL_VALHALLA_MATRIX;d07a99a66521933964d4070a2c6de3bc92c305464814486befdd2a82dda11b04;490b334da5a6e933e7a71fa1230eed6955343170413d0a5942cefbfd471ce04c;2026-09-28T19:47:05.797752+00:00;false
LOC-0027;LOC-0053;WALKING;2026-08-17T07:00:00+03:00;OK;3288;55;4607;LOCAL_VALHALLA_MATRIX;efc6aba1581ee35b8fe0f56e8126d415b0437f2447965186ae676bc0d5c943f1;b9f87e73922bb443da31828fb7d53f9f7fd4a8e9b26b782ca483db1b868c201e;2026-09-28T19:47:05.797752+00:00;false
LOC-0027;LOC-0054;WALKING;2026-08-17T07:00:00+03:00;OK;3654;61;5111;LOCAL_VALHALLA_MATRIX;6c6f9700c24b9fa067ffdc822a4f6d237a2bcbc1efc4ec96d46bef48366266bb;f1f770bb252926803c9bbf63fef71a2deeb18d3e87f6f93afa9ce124db0ec46e;2026-09-28T19:47:05.797752+00:00;false
LOC-0027;LOC-0061;WALKING;2026-08-17T07:00:00+03:00;OK;3567;60;4959;LOCAL_VALHALLA_MATRIX;42a768308a32eaa9de07a1746fbb766dc296b1d804f76799ff757690fcd46500;ca0441ef400063296730933de29da3a0559d5d2cbfd4406294cc7f195779bfb3;2026-09-28T19:47:05.797752+00:00;false
LOC-0027;LOC-0063;WALKING;2026-08-17T07:00:00+03:00;OK;3492;59;4864;LOCAL_VALHALLA_MATRIX;3561667b1b32d1e956fd8f59754ef86e64b95644df057e1406d992f3b8d17bda;d1f5d63612dddada5ba70651f68305bf83c70a755c6a507f46717ada7aaa78b1;2026-09-28T19:47:05.797752+00:00;false
LOC-0027;LOC-0064;WALKING;2026-08-17T07:00:00+03:00;OK;2994;50;4197;LOCAL_VALHALLA_MATRIX;06436f7b3805cb45b994e35c13a049db4463016985de28ead14e3453ca0f2597;26b869b20396770df4aa264b012017aef6193f228d6921467eb21fa589bb872d;2026-09-28T19:47:05.797752+00:00;false
LOC-0027;LOC-0074;WALKING;2026-08-17T07:00:00+03:00;OK;1276;22;1797;LOCAL_VALHALLA_MATRIX;bc7db0b1ee420d58bd3795d11a48f2d7701df08f9f67449656a3f9c2e7d0a511;f631a8355b31bdcdca3cfc152f66b6128b3e14850841c2eee1ca858c83b19b71;2026-09-28T19:47:05.797752+00:00;false
LOC-0027;LOC-0075;WALKING;2026-08-17T07:00:00+03:00;OK;1299;22;1832;LOCAL_VALHALLA_MATRIX;c41d462cac4d2640622ea68c59a7991b0fda96de30f79853e245950e9bc0e45f;8e55c38b0edbfeda09d71d2172e2698a9b62cea7747a8ce5f2f8319386e35bf0;2026-09-28T19:47:05.797752+00:00;false
LOC-0027;LOC-0076;WALKING;2026-08-17T07:00:00+03:00;OK;3861;65;5422;LOCAL_VALHALLA_MATRIX;2f6ccc12b74bb20d6a228dd820af5da9df99f06d24eadecfef0045b7afda5ca9;3ffc24227ac3ac8459fa9e03f4d233f354fd816e4ff56e7c5acb88ab7736abeb;2026-09-28T19:47:05.797752+00:00;false
LOC-0027;LOC-0078;WALKING;2026-08-17T07:00:00+03:00;OK;2334;39;3260;LOCAL_VALHALLA_MATRIX;38e89a57d6de95de7599e6febbeea8d3ada569ce35ed356c208f85e38bcd85d4;da893f04e76ca851a135db3f86b65cdae6639b79e2ce620c94f18861a13092e4;2026-09-28T19:47:05.797752+00:00;false
LOC-0027;LOC-0080;WALKING;2026-08-17T07:00:00+03:00;OK;1675;28;2349;LOCAL_VALHALLA_MATRIX;f8313e25916e71835359d2ec8d2d9b275e6f9090758f99b0997ef28e474dc3c7;d0604239bd45bbaf5ab825b80e07f03a3001c2020eb5d477327bc571277177d3;2026-09-28T19:47:05.797752+00:00;false
LOC-0027;LOC-0082;WALKING;2026-08-17T07:00:00+03:00;OK;3063;52;4292;LOCAL_VALHALLA_MATRIX;1a615fa03e11322f7068010b3461a0778bc2db7e4dda0769b7ccbf807e0bb5a7;b79a56d7dc521bc464ebc4f397e5c7f2b9fab5a3ccc129fdafec86c2eb783471;2026-09-28T19:47:05.797752+00:00;false
LOC-0027;LOC-0085;WALKING;2026-08-17T07:00:00+03:00;OK;4140;69;6956;LOCAL_VALHALLA_MATRIX;889f558f104dacba0d5c03d098b8743d763b891715888987377b61f5a8a966c3;cc8877d71fda4739affbf4d336d5cf35302207f081e897710732d5efbebb6baf;2026-09-28T19:47:05.797752+00:00;false
LOC-0027;LOC-0086;WALKING;2026-08-17T07:00:00+03:00;OK;4212;71;7050;LOCAL_VALHALLA_MATRIX;e505b20d3b3a1a20da3a3a93359d54f64e21c05b6c6f51d6e188b78369ff5907;a3df323febe47decc9f5e9e9b2116c7e25220be6a663d7911bba12a74dd67550;2026-09-28T19:47:05.797752+00:00;false
LOC-0027;LOC-0091;WALKING;2026-08-17T07:00:00+03:00;OK;3877;65;5443;LOCAL_VALHALLA_MATRIX;5aa320987350b25eed5e4d0e01aebe4736074a818b65a555caa9aa55ef265b57;4a63e8b24123ee3d050e98885bffce517a1d10cc5cc2ba975d1744d9a26a4868;2026-09-28T19:47:05.797752+00:00;false
LOC-0027;LOC-0092;WALKING;2026-08-17T07:00:00+03:00;OK;3422;58;4780;LOCAL_VALHALLA_MATRIX;e8b9b2949ae6784168a9c10b9ce31c24f35a65afa699007159337a77eabf2932;4a323da60cbee163a58f225b0ad26f62e4fb12f3a31a3dc571cb7dde5f6dfa34;2026-09-28T19:47:05.797752+00:00;false
LOC-0027;LOC-0093;WALKING;2026-08-17T07:00:00+03:00;OK;3313;56;4625;LOCAL_VALHALLA_MATRIX;6d01e134f358d52ddb72c0974eb47f9e4739cd245ad78bd4dfe99cda1318bd29;7de7830f23d79e68e92debf58fb2264e266908125379d9c45d85fa43fb1220ee;2026-09-28T19:47:05.797752+00:00;false
LOC-0027;LOC-0094;WALKING;2026-08-17T07:00:00+03:00;OK;4962;83;11301;LOCAL_VALHALLA_MATRIX;45ceda38f322bd0c65dbab49100eb7651fb9675f38d95451592d7d331959591e;faa5ef5276814ecea0403e2de5cb4bbaec118367039548eba4e8e4d5c7fb02d9;2026-09-28T19:47:05.797752+00:00;false
LOC-0027;LOC-0095;WALKING;2026-08-17T07:00:00+03:00;OK;4679;78;10902;LOCAL_VALHALLA_MATRIX;b90c5f3975ad64cb74ab8f06e14f50a4bfda397383579e28409d47ee6290f5a8;e89cf630c668dac141f2c1edccce38bd022af968b6b5006c7c6ba259e215d345;2026-09-28T19:47:05.797752+00:00;false
LOC-0027;LOC-0102;WALKING;2026-08-17T07:00:00+03:00;OK;3235;54;4511;LOCAL_VALHALLA_MATRIX;77e75e865d9e2e338a54047cc38fcb2914fd15437f1a775fd62687a11a611a84;a2766bd71ff6eec7d1eeca585d93d3342a60c0e368a30fde70e1e1f3f76101e3;2026-09-28T19:47:05.797752+00:00;false
LOC-0027;LOC-0112;WALKING;2026-08-17T07:00:00+03:00;OK;2011;34;2810;LOCAL_VALHALLA_MATRIX;75dbe45b420f168419ae5e5e91c64eaaa02682b592384819b25af0e4ceb779fa;4ad7343086997fae3df15574b43497348b52e74d55395249c69a749393707be7;2026-09-28T19:47:05.797752+00:00;false
LOC-0027;LOC-0124;WALKING;2026-08-17T07:00:00+03:00;OK;5479;92;15773;LOCAL_VALHALLA_MATRIX;a410d8db671d22610b177f4ace625deb3382cf5152f0751b5b0cbe50f686fb2a;e57251ce1324081421faa69b6360e016a8c4eed90cf10ea298e8e59fa892882c;2026-09-28T19:47:05.797752+00:00;false
LOC-0027;LOC-0125;WALKING;2026-08-17T07:00:00+03:00;OK;2269;38;3183;LOCAL_VALHALLA_MATRIX;2bea108db0668e22fc4dbc3e0ad9d71da29fb36c806e372d5b7ed1e3ea9bee0d;5f24df49c7f02e172cef38a9a2e3f2ec4442534cdcef1de89f1e32ff805ee4cb;2026-09-28T19:47:05.797752+00:00;false
LOC-0027;LOC-0126;WALKING;2026-08-17T07:00:00+03:00;OK;1587;27;2225;LOCAL_VALHALLA_MATRIX;0f0b2bc3f17a23764f98a8f8b15d3005691f0e2caf7e2e55c5f1d3367d5f5f80;3d9c348594f2ea94797831909b9c1143b1408f08bb72f6de05c9b68ae87cc81b;2026-09-28T19:47:05.797752+00:00;false
LOC-0027;LOC-0128;WALKING;2026-08-17T07:00:00+03:00;OK;3637;61;5087;LOCAL_VALHALLA_MATRIX;5cf84fd92fc6f61734ab1d55fa101abd4e1680727387aafbd0d51c437eb2f3fd;d52c52a0a540f49fba7f565f764a7053b188a0f00082543ad3ca3e13675b0cf0;2026-09-28T19:47:05.797752+00:00;false
LOC-0027;LOC-0134;WALKING;2026-08-17T07:00:00+03:00;OK;3498;59;6055;LOCAL_VALHALLA_MATRIX;63ba4dd90e69de1d3ef2a10827544b25ee9864216b70818936fbf2acac274517;fd95b25f3d6f895ee67da0a03a67b5b8c35efc16b23c96a9d8247534db7a8973;2026-09-28T19:47:05.797752+00:00;false
LOC-0027;LOC-0135;WALKING;2026-08-17T07:00:00+03:00;OK;3488;59;6041;LOCAL_VALHALLA_MATRIX;0a18640a092b36a3c9b686b0e88906cb9b3769814f318182bd309ff1fbc247b2;703180e29371496ab122228a0834eab7ded9aceb16f94a3567d1a699f6b9eb7b;2026-09-28T19:47:05.797752+00:00;false
LOC-0027;LOC-0136;WALKING;2026-08-17T07:00:00+03:00;OK;3903;66;6615;LOCAL_VALHALLA_MATRIX;f524b9d7cf638e2cf49b4066110fa4ca73d84ddee636857447f3a2f938691db7;674043b8e98e168ddfb026620038404174315d8ee48912aabe13bb9613eb61cd;2026-09-28T19:47:05.797752+00:00;false
LOC-0027;LOC-0140;WALKING;2026-08-17T07:00:00+03:00;OK;3671;62;5155;LOCAL_VALHALLA_MATRIX;29e6c305fbaf1975cf8d54c8d6449bd391fbd7022bf55f2172f958623c81c503;29531b1bb4c7626f984e48c03fc877fcbc427fbc8677920dd7440cce41794a64;2026-09-28T19:47:05.797752+00:00;false
LOC-0027;LOC-0141;WALKING;2026-08-17T07:00:00+03:00;OK;3838;64;5387;LOCAL_VALHALLA_MATRIX;ad7979db5839a3598f020091d85e92a9c333a25b94e6af205814317474578a0e;f087ef1fca387f4960d8c58918b69d408c7b82f1ad3869f01cd0dc8176eece7b;2026-09-28T19:47:05.797752+00:00;false
LOC-0027;LOC-0142;WALKING;2026-08-17T07:00:00+03:00;OK;3919;66;5460;LOCAL_VALHALLA_MATRIX;92909549b10d2b206522b3a31e29be6d97dfa7b04f06abd5a71d82c283cf5283;b07f289ee5830b376307361283b185c8db959d2d32a84b07974c59ada2695061;2026-09-28T19:47:05.797752+00:00;false
LOC-0027;LOC-0145;WALKING;2026-08-17T07:00:00+03:00;OK;3679;62;5132;LOCAL_VALHALLA_MATRIX;458948efa1ec75d168459a9dd4fcffb92965ecc25dde9dfd49eaf0231efb80b4;9067b45053bdd9c286d0c2ad808a9c54cb8818ad953493d41213c1223e177e83;2026-09-28T19:47:05.797752+00:00;false
LOC-0027;LOC-0148;WALKING;2026-08-17T07:00:00+03:00;OK;1199;20;1693;LOCAL_VALHALLA_MATRIX;7452b734bc8cdf15f8a830709e4c2fc797276a52509c0b525ab349345b0e544e;036e187779eed5d59174315e19ce378c54f3d0bb03bd5b145f2f856224b5278c;2026-09-28T19:47:05.797752+00:00;false
LOC-0027;LOC-0149;WALKING;2026-08-17T07:00:00+03:00;OK;1030;18;1456;LOCAL_VALHALLA_MATRIX;3bf4c7ce4c0827e1fff5b9f74389b5a3c584a28b42311ea1bc963b7945192b9b;8b635aa79506c0284b6d914431730787648e27cb2e50c695329edc47f88761c2;2026-09-28T19:47:05.797752+00:00;false
LOC-0027;LOC-0150;WALKING;2026-08-17T07:00:00+03:00;OK;935;16;1318;LOCAL_VALHALLA_MATRIX;0919422f67b29d5512766446138b63c562cec0dc567908270a4b3d3a127111d2;fd6b2d45bb180de706c29242161408b66b893fc7b993abf6f157b384b387b91b;2026-09-28T19:47:05.797752+00:00;false
LOC-0027;LOC-0151;WALKING;2026-08-17T07:00:00+03:00;OK;1461;25;2056;LOCAL_VALHALLA_MATRIX;bb15626468decd9689243dac3121660e1506d2fb9b37e6d2839c4c031a26fc9e;49d9c88ed9bd58f416111ef911db3a7b17b3456650d659e6b534f4661d995c03;2026-09-28T19:47:05.797752+00:00;false
LOC-0027;LOC-0152;WALKING;2026-08-17T07:00:00+03:00;OK;1443;25;2043;LOCAL_VALHALLA_MATRIX;30d73a0e4466d757a33dfcc47b78f1f62d4c88e8b42dd2c2d8bed7d93f1c2e47;2c1bb3a473b3f51c4db4682efe6f7b120d738e2b8d4b8bb27594d7b24533dcdb;2026-09-28T19:47:05.797752+00:00;false
LOC-0027;LOC-0190;WALKING;2026-08-17T07:00:00+03:00;OK;2792;47;3926;LOCAL_VALHALLA_MATRIX;465ef8a7af88e7516ba2ae256f8a9291492b7f5a018976ea74665c7b96c3a118;13b215eecf0bba3adc6ce30e9786c3ff303613c1646a97593cb104453a9ef0f7;2026-09-28T19:47:05.797752+00:00;false
LOC-0027;LOC-0196;WALKING;2026-08-17T07:00:00+03:00;OK;3771;63;5241;LOCAL_VALHALLA_MATRIX;500102b9379a8177748d8533df5b4fde2e82c420b533653d82cd539b94f34329;9ab29f8774a4e15d32bcf5b8fbe58829dc17b876e6c9992ee86b447cecd5e2f2;2026-09-28T19:47:05.797752+00:00;false
LOC-0028;LOC-0002;WALKING;2026-08-17T07:00:00+03:00;OK;3606;61;6925;LOCAL_VALHALLA_MATRIX;267ab7a7efbfbc9486431888fdb11bc0a7906f24fce0639a567bfac5c9230288;29b98c84a207df7e0e0216840125f8a8db7568933ce6f1ef68be10223d1c2e10;2026-09-28T19:47:05.797752+00:00;false
LOC-0028;LOC-0008;WALKING;2026-08-17T07:00:00+03:00;OK;6240;104;9032;LOCAL_VALHALLA_MATRIX;4b5047c4b5d2b19e7cd4c0e1aa0afd117e9debb619aee2bfdfa325fa43cf2b07;ef0c23c6e8b1c51abe7e517c3cce0636bcb76543e7d2592058497abe34d302d7;2026-09-28T19:47:05.797752+00:00;false
LOC-0028;LOC-0009;WALKING;2026-08-17T07:00:00+03:00;OK;4603;77;13809;LOCAL_VALHALLA_MATRIX;a90f0aa30afdfdc600f25ab24ec8c1e653d2f1e98b7fbdefa0ef9b4b7a08269a;120fb18dd2a68ba711aa7cc037ae4d4081aa3fbcb1c7306255690f3d5419e237;2026-09-28T19:47:05.797752+00:00;false
LOC-0028;LOC-0010;WALKING;2026-08-17T07:00:00+03:00;OK;6686;112;9669;LOCAL_VALHALLA_MATRIX;e4c47e5e34edaee9ff994458d975d2a29164d38f5f70be0b1199b7cc36a35cd9;63beaf4a31653000e2f8ed65f6121a70fba3942f5eb1405dd1f00b7d0c5d8ec3;2026-09-28T19:47:05.797752+00:00;false
LOC-0028;LOC-0011;WALKING;2026-08-17T07:00:00+03:00;OK;5785;97;8375;LOCAL_VALHALLA_MATRIX;969b28f6ce38b2692b99766aed73aa616f1c21db38cf5b5b6e52c68bdd1e38b8;68fc7df6dcf0c85a1d9af6a630595350ff0bde2d55a007bdc11c2f3ea88eebee;2026-09-28T19:47:05.797752+00:00;false
LOC-0028;LOC-0012;WALKING;2026-08-17T07:00:00+03:00;OK;5858;98;8502;LOCAL_VALHALLA_MATRIX;351007dd36e5c68b4485589fad1e59fb163f84dec9dd6765f6f732a5c81574b9;c505c2c50cc75288996e6fe2557fb95bfca4c11ed7718867f35dc794ccc2886a;2026-09-28T19:47:05.797752+00:00;false
LOC-0028;LOC-0013;WALKING;2026-08-17T07:00:00+03:00;OK;4050;68;7559;LOCAL_VALHALLA_MATRIX;1fd7c706aa8b5dbca40bd2c349055523309cc2628c006125b71db4baf15af0ef;3379bc1bd4272602d672da4db884b640bc43707b22e1252ca856ba2d09e9ea91;2026-09-28T19:47:05.797752+00:00;false
LOC-0028;LOC-0016;WALKING;2026-08-17T07:00:00+03:00;OK;2996;50;4180;LOCAL_VALHALLA_MATRIX;c5b392532b1596d6d0dabca09370b2219575933272de14a495c37edb8c6a2723;ff25e2f5c5e489e4b6dd80b652347a06e26e10823270e62f2f716fddffa5e02b;2026-09-28T19:47:05.797752+00:00;false
LOC-0028;LOC-0017;WALKING;2026-08-17T07:00:00+03:00;OK;4139;69;5836;LOCAL_VALHALLA_MATRIX;85f9640730a3796911ccaef00310454f95af2f098edb7b366fffbd29c2136ff1;842a5da09b4e8ffe35ff1032ad853005b330557e8510035a8de096ffa4d2d692;2026-09-28T19:47:05.797752+00:00;false
LOC-0028;LOC-0018;WALKING;2026-08-17T07:00:00+03:00;OK;4379;73;6155;LOCAL_VALHALLA_MATRIX;070ba73aaecf46620b7d5123da31ef700a85cb4459279056f81c2006bb456f87;1566229170572e2255808acf9ee4d4a1ef4461cb92547cdb289bd99adf90e4fc;2026-09-28T19:47:05.797752+00:00;false
LOC-0028;LOC-0019;WALKING;2026-08-17T07:00:00+03:00;OK;7376;123;10631;LOCAL_VALHALLA_MATRIX;5e3ba24d07709865085ca7b963b872d7cd7e0f5e2abac8cf2c02208f8ccb3693;37a93f6c3cb24ba743c233ad319261c089a8313a9368f75cb45e3048f9596fec;2026-09-28T19:47:05.797752+00:00;false
LOC-0028;LOC-0020;WALKING;2026-08-17T07:00:00+03:00;OK;6604;111;9231;LOCAL_VALHALLA_MATRIX;8c52ba3ce249099a408175cd8ba0e9cc50c744592311f8d11a359367eef139cf;e6e2b84cd9a9b4d51623490767d62dc0e98064c1ea045cc252f8b9f901ffdbfc;2026-09-28T19:47:05.797752+00:00;false
LOC-0028;LOC-0023;WALKING;2026-08-17T07:00:00+03:00;OK;5478;92;7687;LOCAL_VALHALLA_MATRIX;f305b1fb8c45a0eedc7e6c1cd67d1302f0ca9271d90250f4a15e0fd6fab66c56;c3c41d1344b2f2c98afb53db21301ef6fb26f72a43c065b5bb00e42c2f737778;2026-09-28T19:47:05.797752+00:00;false
LOC-0028;LOC-0027;WALKING;2026-08-17T07:00:00+03:00;OK;2621;44;3678;LOCAL_VALHALLA_MATRIX;21d835e3ed0c7373612bd85a2e210ff98320c896b3ceac868794e5997d4d34e5;0e55a6a63fbe18bab6a26bbe67343e2229d4dd1e5f09e24fd3778f2e408f7cb3;2026-09-28T19:47:05.797752+00:00;false
LOC-0028;LOC-0028;WALKING;2026-08-17T07:00:00+03:00;OK;0;0;0;LOCAL_VALHALLA_MATRIX;90096a573d900143d3af746405acb3c76166268276d12c8247cac5e1f1dba4c3;3d5812abc84c11768aa73a732c85d75dbed439188f5bb3239e9b762ea31d9862;2026-09-28T19:47:05.797752+00:00;false
LOC-0028;LOC-0029;WALKING;2026-08-17T07:00:00+03:00;OK;191;4;270;LOCAL_VALHALLA_MATRIX;f8391434dd82eb47ac1ae48945296f615ab61b5cfd622e1612df2d214709c0e6;5ef48506a932cbce938355e121e865684be99ce41207482d56e2be858c4fce8c;2026-09-28T19:47:05.797752+00:00;false
LOC-0028;LOC-0037;WALKING;2026-08-17T07:00:00+03:00;OK;4723;79;6904;LOCAL_VALHALLA_MATRIX;acadee4b7ef52c6d23728d78021383b6580d54ad86b932a211b8eadcb89ff3f8;6b12d1e5632112ab7c0e2090f0365df5b2d11ac1ff7a2edb6c969348e850c0bf;2026-09-28T19:47:05.797752+00:00;false
LOC-0028;LOC-0045;WALKING;2026-08-17T07:00:00+03:00;OK;1980;33;2782;LOCAL_VALHALLA_MATRIX;7bce37a83f9b9658d1b7e8ce7b1140e2e401528b54b3a0decf6a2e8b84fde273;75cfbdf532c7373f7745ac50e0462fddb0683dd71896e63e0e724c004a0c6c9b;2026-09-28T19:47:05.797752+00:00;false
LOC-0028;LOC-0053;WALKING;2026-08-17T07:00:00+03:00;OK;2655;45;3737;LOCAL_VALHALLA_MATRIX;bf1bd49c5793789299d8eacaa7121ff3ff9ac951baa0a50609d3d71a91bcc366;cbc91ada0df69dabec3abeb1364b46f2f5650562e53c462ad2c544f1f40e4758;2026-09-28T19:47:05.797752+00:00;false
LOC-0028;LOC-0054;WALKING;2026-08-17T07:00:00+03:00;OK;4569;77;6689;LOCAL_VALHALLA_MATRIX;5e0c608126d4ddd8f6518d433b076f5fa6d7f0e5fdde08191c1a2fcf98e094f1;5a6b07c1b2b5fc3a8e4c093c870ad1f4558e00b313b27d9216bf2c176f1d47aa;2026-09-28T19:47:05.797752+00:00;false
LOC-0028;LOC-0061;WALKING;2026-08-17T07:00:00+03:00;OK;5739;96;8276;LOCAL_VALHALLA_MATRIX;bc88149d63a634eef59a6cf21ff00c7e6f766a71f54b1f160a763872c4f61f2e;751ae3a879179594a8c2e70a5c0a89cd2c468a547be02716b264468961735451;2026-09-28T19:47:05.797752+00:00;false
LOC-0028;LOC-0063;WALKING;2026-08-17T07:00:00+03:00;OK;1794;30;2483;LOCAL_VALHALLA_MATRIX;d9af779df72c6b8b54e32ace78233dffecaf88c3b995a04963529cf0c7dd2e30;874abd381717b9deafa60db867500c6574a1e0fa39e7b4e47b565d5c1a88cd72;2026-09-28T19:47:05.797752+00:00;false
LOC-0028;LOC-0064;WALKING;2026-08-17T07:00:00+03:00;OK;2030;34;2852;LOCAL_VALHALLA_MATRIX;be489f509ee8ee50fb566b1d536d7d7928aee24d32f674dc5d4dfbf76f1f080c;71b5a7f9d239f5b9bd0abce21d48087f76abf64d7c5a780388fd54aeacf61db5;2026-09-28T19:47:05.797752+00:00;false
LOC-0028;LOC-0074;WALKING;2026-08-17T07:00:00+03:00;OK;3668;62;5143;LOCAL_VALHALLA_MATRIX;d8bdb1234e3027c40b57b14f9a2dac6f7925ebc0fe727413730befcb45e96c86;ea8571a787c73dbfbefe028db5b106c33ae242eefd092b5e252cd83154c2b2a1;2026-09-28T19:47:05.797752+00:00;false
LOC-0028;LOC-0075;WALKING;2026-08-17T07:00:00+03:00;OK;3689;62;5175;LOCAL_VALHALLA_MATRIX;28de0e99624caa3b39f1bfed87d8c8966f9699551e6bae660aec32b19d33d279;e96b4dbc06b40d358c94dcaf957658f0fa4bbee0fdb92a08adc86ad106fb679f;2026-09-28T19:47:05.797752+00:00;false
LOC-0028;LOC-0076;WALKING;2026-08-17T07:00:00+03:00;OK;3210;54;4483;LOCAL_VALHALLA_MATRIX;59f5d3966a2086f6dd8c1d015dc1e6a8b5f40561c3de8a991272ded01423fc2a;7252260931b4ff9e7e221394e4302e1223ac92bcff7000141d1d865d4c22b37a;2026-09-28T19:47:05.797752+00:00;false
LOC-0028;LOC-0078;WALKING;2026-08-17T07:00:00+03:00;OK;2102;36;2889;LOCAL_VALHALLA_MATRIX;11ae1b839fadd772669addb41e7f1a746ab9f38533c39cd140546d357035e01c;e195b8ce28b5215f138da4c941815582cec6bee84473e7bc847ad631df14b4f6;2026-09-28T19:47:05.797752+00:00;false
LOC-0028;LOC-0080;WALKING;2026-08-17T07:00:00+03:00;OK;4067;68;5695;LOCAL_VALHALLA_MATRIX;204b5ae45cecaccea0f78a3f844ded56c32bebe2798d0738679e61e4ea514911;15c303be68525c44d975d5ea4b5636cf1cc6e9186977c4d320ad1704214f33a1;2026-09-28T19:47:05.797752+00:00;false
LOC-0028;LOC-0082;WALKING;2026-08-17T07:00:00+03:00;OK;1896;32;2665;LOCAL_VALHALLA_MATRIX;2f3cdcc56206022217a03bc1d62cfb2242047f697a1a73bf45648038fdc616c0;4fc4c616a51ba2bbcdde6c428728cfd290000e3321b945045c2c9ae40b4097a3;2026-09-28T19:47:05.797752+00:00;false
LOC-0028;LOC-0085;WALKING;2026-08-17T07:00:00+03:00;OK;4411;74;8062;LOCAL_VALHALLA_MATRIX;76be2c8c3d20dcee708f08dd0938f3bae0bdb7cbf8dd72f7ce39750921d4a0bc;52da6d1d9d65790b3f1a2cfd361f56f86a4fa56c7ce3c0107f013ff192580646;2026-09-28T19:47:05.797752+00:00;false
LOC-0028;LOC-0086;WALKING;2026-08-17T07:00:00+03:00;OK;4482;75;8156;LOCAL_VALHALLA_MATRIX;75f6b206a9435dd13c819d6b0d8257f38ebb54b7f11b8aa4b40c25d4b1263172;cf32b1d83e2b1d3b779b7b7e00de932257cf573503189b4f405e9b8a4c770767;2026-09-28T19:47:05.797752+00:00;false
LOC-0028;LOC-0091;WALKING;2026-08-17T07:00:00+03:00;OK;6420;107;9291;LOCAL_VALHALLA_MATRIX;387be87099563eab0b9118c22e5db306e2ebcecb82cdf26f11de6097c618f1a5;5c34b0fd5e0a9d1d6d8f4c78a92937fa97b21c14372649c8a16003cb8e3d89ce;2026-09-28T19:47:05.797752+00:00;false
LOC-0028;LOC-0092;WALKING;2026-08-17T07:00:00+03:00;OK;6045;101;8764;LOCAL_VALHALLA_MATRIX;3baac79ac034064fdd6574ca7bec7c0dd1818cdb278511a3ec1f5834e3a63655;399acdafbfa874f04bace5073bfe81c97d55702ae42db6365db5603d8b65be0c;2026-09-28T19:47:05.797752+00:00;false
LOC-0028;LOC-0093;WALKING;2026-08-17T07:00:00+03:00;OK;5905;99;8569;LOCAL_VALHALLA_MATRIX;6249be8f65d76d7e0cf19518e0507e59cb08aa07af9fc3f2a892842d22dd0aea;5b32e3df55d743caa54f9aaf0dcc91efd66bd32617ad27e513c37ee1544d26de;2026-09-28T19:47:05.797752+00:00;false
LOC-0028;LOC-0094;WALKING;2026-08-17T07:00:00+03:00;OK;5232;88;12407;LOCAL_VALHALLA_MATRIX;1a141d852c9ef9a973276721ce9b672de7818f37f4e36f3e52fe7e5156c9198d;db368e726e354c5ef26585e60073310fb24e5a9c9001ef1cb701d809938ce76c;2026-09-28T19:47:05.797752+00:00;false
LOC-0028;LOC-0095;WALKING;2026-08-17T07:00:00+03:00;OK;4949;83;12008;LOCAL_VALHALLA_MATRIX;a13d3bcad3b053c6ce1f57ab0d8c76124111878904fd6da678ae46e1c330cdf9;b8a774c8c3852083c2760aaf30ef41604f012cbb46ded14794feb272bc5e36a8;2026-09-28T19:47:05.797752+00:00;false
LOC-0028;LOC-0102;WALKING;2026-08-17T07:00:00+03:00;OK;2400;40;3349;LOCAL_VALHALLA_MATRIX;23f5316ae24e62b6f5d7384585e3a5bee18a612f60434cb08e7a6237a36a8817;39df1d3860f61d4cc7769f3fe489d78cb874fb823c0e40f3c6da4d4c28094896;2026-09-28T19:47:05.797752+00:00;false
LOC-0028;LOC-0112;WALKING;2026-08-17T07:00:00+03:00;OK;4820;81;7011;LOCAL_VALHALLA_MATRIX;5dbcd65b6b9cf1f2d3d8d037559433f3c97e9f47fbcc6e592f5e828bb755f663;10bfa5cea8d115951c49536e09719fa1c9e7a31d94dc93d03373b3e7906989d8;2026-09-28T19:47:05.797752+00:00;false
LOC-0028;LOC-0124;WALKING;2026-08-17T07:00:00+03:00;OK;4862;82;14209;LOCAL_VALHALLA_MATRIX;6257ad80eecd4c7cf15d91c490c3dc03de4f070d518f54a32208378903ed6e89;e0ae506cb367491a886839befabff79502854bc268e28c25cafa9d8e04a4fc1d;2026-09-28T19:47:05.797752+00:00;false
LOC-0028;LOC-0125;WALKING;2026-08-17T07:00:00+03:00;OK;4659;78;6526;LOCAL_VALHALLA_MATRIX;40dd45b31b95802458d72ce4add145643afffd106db6273a5aa3e9f7d4ea17a3;743d7818f1c2f6ceede53b8a6de8205f73b6b7f5229654e901342002a67d784e;2026-09-28T19:47:05.797752+00:00;false
LOC-0028;LOC-0126;WALKING;2026-08-17T07:00:00+03:00;OK;4047;68;5953;LOCAL_VALHALLA_MATRIX;bdc2311ef2bf2255f188a7e502a94d4a1a748483bdc77cf80bfeb14c579505df;cb6b64b280efc10e9769e06570a204d298a1b8a4282282bc3a6069d05d2a1eb3;2026-09-28T19:47:05.797752+00:00;false
LOC-0028;LOC-0128;WALKING;2026-08-17T07:00:00+03:00;OK;4552;76;6665;LOCAL_VALHALLA_MATRIX;f321b7626fbb0be975a0f8eb1c96d3599ee2b8541cb6f4602b460702f2b65100;1f4ab8ccadb6edb76c04e3ef543157e6ccc5aadb349b2162e0bb144a02966a70;2026-09-28T19:47:05.797752+00:00;false
LOC-0028;LOC-0134;WALKING;2026-08-17T07:00:00+03:00;OK;3769;63;7161;LOCAL_VALHALLA_MATRIX;c1d4cc279debb4dddd784c9470c7b575543dcd2b1e8e55fb2084ecbadbb08d42;57ba92d895489f9d6f164f87d87d0391ec0355723277bc4e03b75a4879683f5d;2026-09-28T19:47:05.797752+00:00;false
LOC-0028;LOC-0135;WALKING;2026-08-17T07:00:00+03:00;OK;3759;63;7147;LOCAL_VALHALLA_MATRIX;fa867d2a385e1b0cddafd6e8f82f707b1227fd2a0db99748cda074266f131c5f;1f5ee3d8ddc92e1a23ae3011ca53c11ace17acaf19ee9574c24bfa62a2097d64;2026-09-28T19:47:05.797752+00:00;false
LOC-0028;LOC-0136;WALKING;2026-08-17T07:00:00+03:00;OK;4173;70;7721;LOCAL_VALHALLA_MATRIX;cd1f3485236b324f48c6ddcbde8e447e89c70b8cb407ef3022a499ae23363d87;e72cb1f27b78ed7a2e5da48318b005874af6b2bcf67da3728b63edabc558e106;2026-09-28T19:47:05.797752+00:00;false
LOC-0028;LOC-0140;WALKING;2026-08-17T07:00:00+03:00;OK;3073;52;4332;LOCAL_VALHALLA_MATRIX;71080c0eb94796e01dd7efd18e10841ffe35d7ad52793d706a2a8c11803dd09d;b3158af7a46c9af1a6ef6b40d8b27490dd09af82cca812a9590943e1f1ab0e58;2026-09-28T19:47:05.797752+00:00;false
LOC-0028;LOC-0141;WALKING;2026-08-17T07:00:00+03:00;OK;5369;90;7487;LOCAL_VALHALLA_MATRIX;1b49c43adce86b49ef79200b70b9936e8955060cbc247ff7ce2e75351c4e9f32;e4a9adad1a0651945cc6210e120fec6923f021f7c64f1af06fb6af6879987f9b;2026-09-28T19:47:05.797752+00:00;false
LOC-0028;LOC-0142;WALKING;2026-08-17T07:00:00+03:00;OK;5204;87;7248;LOCAL_VALHALLA_MATRIX;b3b0eac9e2373fc2b5b9ae3ef019a4ac4616e241924a2bb8906384babef631a0;ad61318e9b43d4e7efac597d2cd3735e0cf6ad57b689b3f7a31c2e273fa7a320;2026-09-28T19:47:05.797752+00:00;false
LOC-0028;LOC-0145;WALKING;2026-08-17T07:00:00+03:00;OK;6274;105;8763;LOCAL_VALHALLA_MATRIX;6566bba94ea50ad1a564505bdf38649d2970f0edc21b370bbaccb682b4231017;c59a5fb34af68f4192f81b8c73c55e8619f60d84c583f84e4e69eeebde39925e;2026-09-28T19:47:05.797752+00:00;false
LOC-0028;LOC-0148;WALKING;2026-08-17T07:00:00+03:00;OK;3589;60;5036;LOCAL_VALHALLA_MATRIX;72dde93814fa4e2242701225e776aeee7b0dcd21b027235f207ac54e8df4e987;a6c7c37ce390fd7b73b8955aab9dac7dfab52b71d01927c7b5e72779a9c23c13;2026-09-28T19:47:05.797752+00:00;false
LOC-0028;LOC-0149;WALKING;2026-08-17T07:00:00+03:00;OK;3433;58;4814;LOCAL_VALHALLA_MATRIX;76b90098ac61e548d48e623666535f1399c980ba9ed4dd6ad62b416f49fa7a62;ec177210d1643766763172b64170918d79a7a64b29847696bb6cbe514ea6551c;2026-09-28T19:47:05.797752+00:00;false
LOC-0028;LOC-0150;WALKING;2026-08-17T07:00:00+03:00;OK;3327;56;4664;LOCAL_VALHALLA_MATRIX;100081771bd454c7843b9eebd21a796e05fa1465cf6a24199b7c80b58a756543;73c7ad3bea365d2faccfe43f0fd86360d3f0c2f6cde769900588a226716f9dd3;2026-09-28T19:47:05.797752+00:00;false
LOC-0028;LOC-0151;WALKING;2026-08-17T07:00:00+03:00;OK;3851;65;5399;LOCAL_VALHALLA_MATRIX;b744c7e10ee101712e4128452820a9180ab157484cd6b8369894d44342777887;9ec9f982a0ace1eb73e807b9ec7b677e0c90d4b7d74b8ffe746fcfaf0e75b3b1;2026-09-28T19:47:05.797752+00:00;false
LOC-0028;LOC-0152;WALKING;2026-08-17T07:00:00+03:00;OK;3833;64;5386;LOCAL_VALHALLA_MATRIX;c2223c7b951ae2a21d3603246f9adeafcb7926dffd7c881c00a21c33c5a30782;2ebc28a8864bbd5dde7844b9692f3273a8538353669c467204237a0b9d9d6e0e;2026-09-28T19:47:05.797752+00:00;false
LOC-0028;LOC-0190;WALKING;2026-08-17T07:00:00+03:00;OK;4898;82;7134;LOCAL_VALHALLA_MATRIX;ed157f2bfac030178a09875df01b4c8bdaa56ef211553dd2a448d7cc9ff6d86e;d503e2f9a3959f7e2044902e4e2da05a43a47cf87fec5c02bba9fe1183855eab;2026-09-28T19:47:05.797752+00:00;false
LOC-0028;LOC-0196;WALKING;2026-08-17T07:00:00+03:00;OK;6161;103;8584;LOCAL_VALHALLA_MATRIX;7b31bbf5809661d341c35aa83c89d3d6da78980b4a2cff7b379d895f0c3e9e97;22247a561fd889ad8767769665f7f2fb1a081bb3f30af02bb4aa0d94ebfd0c1d;2026-09-28T19:47:05.797752+00:00;false
LOC-0029;LOC-0002;WALKING;2026-08-17T07:00:00+03:00;OK;3489;59;6758;LOCAL_VALHALLA_MATRIX;922b969a3f4288e72958e0f161c3b117407d068385ceb70b3d6d9d5546c6782d;5dc0dd9f8e5edaaec705d688c5c684e1dca25bd07d1521cf0acb6088dab035cf;2026-09-28T19:47:05.797752+00:00;false
LOC-0029;LOC-0008;WALKING;2026-08-17T07:00:00+03:00;OK;6122;103;8865;LOCAL_VALHALLA_MATRIX;c831e40cc4bd9e1a4c82b842aece1c3fddaa221df04fe67f8dd90e109fdb2d21;eaf02924ea36b6abc7fa8f1e61db4845f7b4af774272de8bd8eaf6f02d80c062;2026-09-28T19:47:05.797752+00:00;false
LOC-0029;LOC-0009;WALKING;2026-08-17T07:00:00+03:00;OK;4485;75;13642;LOCAL_VALHALLA_MATRIX;7fcb8a33aa9ece43ec42b0c548a2a25405a052687584e8c6e052f6980c8c82cf;9921eacc113a01848916a32538499fe850bf6ac0c0586e3cb7e6439f82450474;2026-09-28T19:47:05.797752+00:00;false
LOC-0029;LOC-0010;WALKING;2026-08-17T07:00:00+03:00;OK;6568;110;9502;LOCAL_VALHALLA_MATRIX;a22d18af1dce85097271a2ac70084f08da4275fc6cdaa0e617a75edc3d4e4de0;e67e33d16302fe452e7076dc8c87134810c2de59de7582aebcad29fa1a146b55;2026-09-28T19:47:05.797752+00:00;false
LOC-0029;LOC-0011;WALKING;2026-08-17T07:00:00+03:00;OK;5667;95;8208;LOCAL_VALHALLA_MATRIX;e34668554b2aa8a70fa0cd486effe12f5ac293a0cce165d59ef0f922063762c4;d55a4caa0632efd3854b75c432efea467d295261df5ad17ae8aa2f49e0bedf1b;2026-09-28T19:47:05.797752+00:00;false
LOC-0029;LOC-0012;WALKING;2026-08-17T07:00:00+03:00;OK;5740;96;8335;LOCAL_VALHALLA_MATRIX;5fd2071ad04aec33b73dce7c604621d852dae60fc083e926eef901b3e0b656d3;e73b35c2eb02d82c34885215805d7d45fa90df040b16a2f6a230d97a4ad1c240;2026-09-28T19:47:05.797752+00:00;false
LOC-0029;LOC-0013;WALKING;2026-08-17T07:00:00+03:00;OK;3932;66;7392;LOCAL_VALHALLA_MATRIX;fb5b7d25522d2f436f637b29f5c43164ad73e1c932545aba0f6a9b06d5380b76;def2316f7edea79843d05a5ddcb4e0c9c2b169d2afbc7e1c62490fa40ac2d5a6;2026-09-28T19:47:05.797752+00:00;false
LOC-0029;LOC-0016;WALKING;2026-08-17T07:00:00+03:00;OK;2879;48;4013;LOCAL_VALHALLA_MATRIX;112f98974002c3511c12f6de800109c739ab6ff23b1e400e96fbdab81ce5527d;9d8905f91c3b5095fea76e89067b05f020a9a2fbd7b2f9c7a9d837ad076096bd;2026-09-28T19:47:05.797752+00:00;false
LOC-0029;LOC-0017;WALKING;2026-08-17T07:00:00+03:00;OK;4021;68;5669;LOCAL_VALHALLA_MATRIX;5adcb4308d561d822703aaf4d034b0f104b4246c04e4ff337aabd18495e8a838;b2525ee82dca4d369e8f2fe38dd035d5715a452aa4743d1d14060021675c8206;2026-09-28T19:47:05.797752+00:00;false
LOC-0029;LOC-0018;WALKING;2026-08-17T07:00:00+03:00;OK;4261;72;5988;LOCAL_VALHALLA_MATRIX;67dc53f743a8f4c10304cf3f09323ba9eaa4ecb767be8d7008449a483d755fb7;f6fa73edbea40c3402759625fcb6e20e348dc8ac31cba45b35cd2ca6422ff9c6;2026-09-28T19:47:05.797752+00:00;false
LOC-0029;LOC-0019;WALKING;2026-08-17T07:00:00+03:00;OK;7258;121;10464;LOCAL_VALHALLA_MATRIX;1984e3297389e81128e9c99532d739f7e6fdf84cdf4f58c5d2ac5542d7f1ab00;11febba3bd868b464c7e0f0bebfc4aad51720f0b1013e0098670afaef4e7585b;2026-09-28T19:47:05.797752+00:00;false
LOC-0029;LOC-0020;WALKING;2026-08-17T07:00:00+03:00;OK;6486;109;9064;LOCAL_VALHALLA_MATRIX;43e2689d980a24fe96f081763109f70da5e0ddb28956ffd25cfc968c99052047;d6112fe2c34949a4b41ef9392ee4cd027e403b80d81db1d1e165fc7881fd46c6;2026-09-28T19:47:05.797752+00:00;false
LOC-0029;LOC-0023;WALKING;2026-08-17T07:00:00+03:00;OK;5360;90;7520;LOCAL_VALHALLA_MATRIX;e24c8e75989581580830529546385e76b3724eebcab43f2bc4bc8a8c6405104d;0ffaa9029502b5dd9a51eb494cc91e705003a7ce2ea1222f208b449e3648b8dd;2026-09-28T19:47:05.797752+00:00;false
LOC-0029;LOC-0027;WALKING;2026-08-17T07:00:00+03:00;OK;2503;42;3511;LOCAL_VALHALLA_MATRIX;dd256ebe853988ae87c6642d6d7cddd78acd5e2a49b2cfb90400f1f79e521051;8277645a8d5f70e4876f7fe4ac7991a88a07cde6c45932268f58147fd0d1bea3;2026-09-28T19:47:05.797752+00:00;false
LOC-0029;LOC-0028;WALKING;2026-08-17T07:00:00+03:00;OK;191;4;270;LOCAL_VALHALLA_MATRIX;3c56f94a067425b73a96ecabbd0711fd33281ac7ac02e3c4c6e001ca1d88f20f;5ef48506a932cbce938355e121e865684be99ce41207482d56e2be858c4fce8c;2026-09-28T19:47:05.797752+00:00;false
LOC-0029;LOC-0029;WALKING;2026-08-17T07:00:00+03:00;OK;0;0;0;LOCAL_VALHALLA_MATRIX;7315af98c6a7b07fdfdf8c5fdf2c5daa2de100e625bea4fd0e1a7d256699bfd6;3d5812abc84c11768aa73a732c85d75dbed439188f5bb3239e9b762ea31d9862;2026-09-28T19:47:05.797752+00:00;false
LOC-0029;LOC-0037;WALKING;2026-08-17T07:00:00+03:00;OK;4604;77;6739;LOCAL_VALHALLA_MATRIX;027d4d391b7ecf31f0d41e835ef906d44ec74c9926718665f405d8cb408a9a6f;0e7032d4e9232fe7f587c682d474eb9852683de71f956bbd9dd4db5c38460d8e;2026-09-28T19:47:05.797752+00:00;false
LOC-0029;LOC-0045;WALKING;2026-08-17T07:00:00+03:00;OK;1862;32;2615;LOCAL_VALHALLA_MATRIX;3d27219beed77bfea8628b26c1c2d2cd40f3a3cfc13bdb7e32c35ce130dc16eb;1b99a3306cbae56b8ad6956916f5b2a923792c051c4bf50e2e9595fafdd3208e;2026-09-28T19:47:05.797752+00:00;false
LOC-0029;LOC-0053;WALKING;2026-08-17T07:00:00+03:00;OK;2538;43;3570;LOCAL_VALHALLA_MATRIX;eed23a2bc6446318dc63971ed808d5e8d6825f0429ce305b7205fc80c7d097d2;f366ee6c32d05058c21a66cde816929664ca4e7531443a0a082604c7699a872d;2026-09-28T19:47:05.797752+00:00;false
LOC-0029;LOC-0054;WALKING;2026-08-17T07:00:00+03:00;OK;4452;75;6522;LOCAL_VALHALLA_MATRIX;320396b948442d69796f4fe1a4e2386770acac91d2089b737c15b46b355722cc;478fca8e7e95b5898f099d2b6870d904620de1fb62ae109aeeaf058a5e740dc3;2026-09-28T19:47:05.797752+00:00;false
LOC-0029;LOC-0061;WALKING;2026-08-17T07:00:00+03:00;OK;5621;94;8109;LOCAL_VALHALLA_MATRIX;5a9d335a8816e7d75892c39b089a3427009e9265dfa03158e801d98c9aea0839;ad49af081b0823f0e5f66815e7a00ed0cecbb4fba972958f9aaf9a0390045b67;2026-09-28T19:47:05.797752+00:00;false
LOC-0029;LOC-0063;WALKING;2026-08-17T07:00:00+03:00;OK;1787;30;2473;LOCAL_VALHALLA_MATRIX;433ed278562f5cbdc859cc747757e7533c5752ebe2dc2ceaa5522521c3ee17e4;783682f2012af774d4217c5940c311769185c57fb01660cc7196e6362b57db4b;2026-09-28T19:47:05.797752+00:00;false
LOC-0029;LOC-0064;WALKING;2026-08-17T07:00:00+03:00;OK;2023;34;2842;LOCAL_VALHALLA_MATRIX;5e9ac695fc3f47fe6683e77b9a1c7a0eb491e2a80c57117935692a61c2f9e739;ec3b1a4e9253c6ca93cea158faa3104bcf8dc4dc26de4691158fc70296a4436b;2026-09-28T19:47:05.797752+00:00;false
LOC-0029;LOC-0074;WALKING;2026-08-17T07:00:00+03:00;OK;3550;60;4976;LOCAL_VALHALLA_MATRIX;2fcf0630e330e11c47061b6eca70e5915700a9f84c241eefb26454126c2bbe85;841a39b6700811d2bbc062508ad0c59534a5adc34ff0f3565ca460f59843c58d;2026-09-28T19:47:05.797752+00:00;false
LOC-0029;LOC-0075;WALKING;2026-08-17T07:00:00+03:00;OK;3572;60;5008;LOCAL_VALHALLA_MATRIX;5e1deacb78b41220ae5545e08ccbbf34c637e2a2cf2489c811e93ca548038007;1b79202e0dc27f5c817c8ed94acf532b0625f79358ad81a2e993c70738f2e2da;2026-09-28T19:47:05.797752+00:00;false
LOC-0029;LOC-0076;WALKING;2026-08-17T07:00:00+03:00;OK;3093;52;4316;LOCAL_VALHALLA_MATRIX;3e4ead1817d4b66d5012326bdcf6932fdd353d69fd1c86aaeb2521c01f35fe41;4f5d73cb24fa78ac85338ea5f8d5c49dee3a009379eade6646c80f6e6db479bf;2026-09-28T19:47:05.797752+00:00;false
LOC-0029;LOC-0078;WALKING;2026-08-17T07:00:00+03:00;OK;1984;34;2722;LOCAL_VALHALLA_MATRIX;7a11e3ca59126c90f3950855d07b7a454777027b73aa5839ec715d4c9a8bb4c9;2b2d257729ff34afcdbfb3e2856f3789a4335ebdf028d1deb66a4428cb13cd99;2026-09-28T19:47:05.797752+00:00;false
LOC-0029;LOC-0080;WALKING;2026-08-17T07:00:00+03:00;OK;3949;66;5528;LOCAL_VALHALLA_MATRIX;3938edf5324f2d4ce56b79c0d8aebcdeeb50cfdf46ecb187bf265c6bce6be37a;3cd257e556fe15fb1a4433ff85d84e76387d05b77168a93e64038e982dc4e953;2026-09-28T19:47:05.797752+00:00;false
LOC-0029;LOC-0082;WALKING;2026-08-17T07:00:00+03:00;OK;1889;32;2655;LOCAL_VALHALLA_MATRIX;6d65f6bdecb538f6d588a626bad0463f9504a3dbfe9e55884bb1d94ef4fa1580;ac3811cffe3183f1d0f44bb25f6528ce1e607a6d2f55e1ad1214c5b3f66a4aac;2026-09-28T19:47:05.797752+00:00;false
LOC-0029;LOC-0085;WALKING;2026-08-17T07:00:00+03:00;OK;4293;72;7895;LOCAL_VALHALLA_MATRIX;91347940d1086f2951340b2ecb404cb35fec0bce636299b2f6cd4d71e3058a80;4ee7d0376df9c392752691787ac5637e36cc99e7a08f9d06665cf55b644ff856;2026-09-28T19:47:05.797752+00:00;false
LOC-0029;LOC-0086;WALKING;2026-08-17T07:00:00+03:00;OK;4365;73;7989;LOCAL_VALHALLA_MATRIX;913f52d73e99fe4c1a0556a0da73090d14c017674109f4ca5e80af77832545e6;e6368aa94977c1cafda4f65ecec7572ccec2d0185368f1dc2df8780c59cfe30e;2026-09-28T19:47:05.797752+00:00;false
LOC-0029;LOC-0091;WALKING;2026-08-17T07:00:00+03:00;OK;6302;106;9124;LOCAL_VALHALLA_MATRIX;e2cbd6e394996cc57d427cdc31a4186e5bb358b5b8771fd5779d854a0f5503a6;48f72d764809f1eead1043e93bc5b39fcabbbb643efde36d529ed95cb03adcbb;2026-09-28T19:47:05.797752+00:00;false
LOC-0029;LOC-0092;WALKING;2026-08-17T07:00:00+03:00;OK;5928;99;8597;LOCAL_VALHALLA_MATRIX;3e35fe4404c1301b22bdf312199ab0de7fbdbdd693c700a6376e73d99fb88fa8;d573e714b80db409cff640ffe4bda8a4aeee29eeecf9c3d8e518039c500f66bc;2026-09-28T19:47:05.797752+00:00;false
LOC-0029;LOC-0093;WALKING;2026-08-17T07:00:00+03:00;OK;5787;97;8402;LOCAL_VALHALLA_MATRIX;5e7466a8ccada980eaa148ea3963f0f5f6f902edcd231358663e06d29d664d38;c3396e21b48634796746f7ea0cd5d42ed41f4c4e33251039bbee3a90cd65c2d6;2026-09-28T19:47:05.797752+00:00;false
LOC-0029;LOC-0094;WALKING;2026-08-17T07:00:00+03:00;OK;5114;86;12240;LOCAL_VALHALLA_MATRIX;031c391b8eb31aea6cbb2f0cd0dd600b87958f3cd2128e507bdf7da13d709778;2b4ad4e40f4aed52b6d1bd46863fc5fe4db4a0d1ee750440eef1a3a6e6cf8db5;2026-09-28T19:47:05.797752+00:00;false
LOC-0029;LOC-0095;WALKING;2026-08-17T07:00:00+03:00;OK;4832;81;11841;LOCAL_VALHALLA_MATRIX;ab83307bb7dde658495d3adde21e08ed9b37d95fe3dd89e575ce6f82a033c81e;bfc30db20116234093d85e5c14bea6b74b95e72bf1fdf2d59fcad53e3569248c;2026-09-28T19:47:05.797752+00:00;false
LOC-0029;LOC-0102;WALKING;2026-08-17T07:00:00+03:00;OK;2393;40;3339;LOCAL_VALHALLA_MATRIX;317149e1eff1650ba32a68bbb5049a28bb26f2a6ed808de621c059e9aa557140;3cfe3372954a40192cc67d20e7b2123b4f4f4360b04422fed71ab544421ad40d;2026-09-28T19:47:05.797752+00:00;false
LOC-0029;LOC-0112;WALKING;2026-08-17T07:00:00+03:00;OK;4702;79;6844;LOCAL_VALHALLA_MATRIX;b51adb35c2e13173a9b61b5d2d567150bff9014ef918ae6f785cc139e3f6701c;a4f9a649e9b8a2c1ba08d2c436e8e0046cdf64556d1f582ac1142ef2f02e24d5;2026-09-28T19:47:05.797752+00:00;false
LOC-0029;LOC-0124;WALKING;2026-08-17T07:00:00+03:00;OK;4745;80;14042;LOCAL_VALHALLA_MATRIX;fe6efcd66b3056c01dd1de2c252f4f8e0807e7891aa0131bcd4ed82ba66e38f5;2707c0fed1b5b313f74584e2e82681159c4fab3b49726554f217415d8e22eb9f;2026-09-28T19:47:05.797752+00:00;false
LOC-0029;LOC-0125;WALKING;2026-08-17T07:00:00+03:00;OK;4541;76;6359;LOCAL_VALHALLA_MATRIX;4e15904bb92f3c42d3d03a3a50743cf3feb069a650a9b69cc683177d51cd67fd;c769dc73b55158f2246a22befb446c4bb0114d48e8b5131ff43504468d480a96;2026-09-28T19:47:05.797752+00:00;false
LOC-0029;LOC-0126;WALKING;2026-08-17T07:00:00+03:00;OK;3929;66;5786;LOCAL_VALHALLA_MATRIX;034502e3a646e5cabe53595e806b3974b6d2b6de559c38421b6cf33b5a879d2d;98b6f196913f812cbf610b1007c25c5e9bb1c6f5f7a41a6736ab370c40772a99;2026-09-28T19:47:05.797752+00:00;false
LOC-0029;LOC-0128;WALKING;2026-08-17T07:00:00+03:00;OK;4435;74;6498;LOCAL_VALHALLA_MATRIX;887a146525c7afca6f30ba4b9261ad91d53654375124a45308e9514bf559a25e;7bd582dfb6849df170417412cd6348e330ebc733fbb5804196ab2c9df857f078;2026-09-28T19:47:05.797752+00:00;false
LOC-0029;LOC-0134;WALKING;2026-08-17T07:00:00+03:00;OK;3651;61;6994;LOCAL_VALHALLA_MATRIX;b275feb3a192f59abd350413a707761690b56c5093e390ed57e6e9c6efaf6347;add71ed87ddfc204472089feaa1586404e974833dbcca629bb254778f30ccbb4;2026-09-28T19:47:05.797752+00:00;false
LOC-0029;LOC-0135;WALKING;2026-08-17T07:00:00+03:00;OK;3641;61;6980;LOCAL_VALHALLA_MATRIX;443a29534455b4a0951d01a63c943997ce9095b0a328406c055a4fd7436e263d;f9fec1a94e9b41884a94638ab4c0f89fa1165f72f4859f1483fcfe3bedea73f9;2026-09-28T19:47:05.797752+00:00;false
LOC-0029;LOC-0136;WALKING;2026-08-17T07:00:00+03:00;OK;4056;68;7554;LOCAL_VALHALLA_MATRIX;5f86061fd2f2141c98f814c55203f1a8dccc5350eae941eab5f8ad8ed5e393d6;0ae6a241c82c14e9b6c49dd0d64badf1ecf1e07ba4002bffa1cd22a4ca5bd1a0;2026-09-28T19:47:05.797752+00:00;false
LOC-0029;LOC-0140;WALKING;2026-08-17T07:00:00+03:00;OK;2955;50;4165;LOCAL_VALHALLA_MATRIX;634ea86388b9a4cc947d2f432d056621ba2c13d239816c5ee46a6917c75e2c00;ba4dd4cd4ea8de80585f3582449f2ccc0ffe56e36e5c6e5242b57eca9aa85f43;2026-09-28T19:47:05.797752+00:00;false
LOC-0029;LOC-0141;WALKING;2026-08-17T07:00:00+03:00;OK;5066;85;7095;LOCAL_VALHALLA_MATRIX;9c0de572665def23b42e805560ec4b79c1c2c7f24af61ad3fe1844d4569b25b6;bfad9eb60432a438375961534fac5c0152013e44f024f0881aab79ebdb77ac6d;2026-09-28T19:47:05.797752+00:00;false
LOC-0029;LOC-0142;WALKING;2026-08-17T07:00:00+03:00;OK;5086;85;7081;LOCAL_VALHALLA_MATRIX;d2c7c10f743bb2fcd4433118784bb0b6bff129d158d5fd481be6fda0d9ab2f63;43d88584670a9a4e0091cc474bc64e24d260e70bc30b0028580067113110b119;2026-09-28T19:47:05.797752+00:00;false
LOC-0029;LOC-0145;WALKING;2026-08-17T07:00:00+03:00;OK;6156;103;8596;LOCAL_VALHALLA_MATRIX;6e317ce113973e5e81b52c93f4a9a9f6123b5a4e002a4af93529c3ee411d1c59;05ba999b39dd1a2d5d18e904c82d31c6f6b9b4561f767c03f60c64f1cee50e62;2026-09-28T19:47:05.797752+00:00;false
LOC-0029;LOC-0148;WALKING;2026-08-17T07:00:00+03:00;OK;3472;58;4869;LOCAL_VALHALLA_MATRIX;2cafac0a85d2aff6a848cd0ac90d806a12d55b798f7cfbd43e5b98eb1a39f610;c2eb00fb50a17dfd83d4eca5b668e0228143716730299dcef60d8dbbc691e67f;2026-09-28T19:47:05.797752+00:00;false
LOC-0029;LOC-0149;WALKING;2026-08-17T07:00:00+03:00;OK;3316;56;4647;LOCAL_VALHALLA_MATRIX;bc12c3c57c26d9ee4e259417c023215765ed5776632aff86c2ec06501d351ea9;bba9d4b3065ab5cb7e138eca17c57e4fb36c4e01c57991815ed39b18606d607f;2026-09-28T19:47:05.797752+00:00;false
LOC-0029;LOC-0150;WALKING;2026-08-17T07:00:00+03:00;OK;3209;54;4497;LOCAL_VALHALLA_MATRIX;57220dc15e15e54264befc309455db2136559af692663d7c632acb2c7e588ddd;3577262c1112561f97c0d97f821efb19a2b6d14935e7b6825eddcc6c5bca3726;2026-09-28T19:47:05.797752+00:00;false
LOC-0029;LOC-0151;WALKING;2026-08-17T07:00:00+03:00;OK;3733;63;5232;LOCAL_VALHALLA_MATRIX;bc30544568774b7a0471c34e102fc25993632b153d3cd28f6325a4d19de2a44e;c3d8c1443b5282228b3443566ef0871a0e9851770437e21b5cb652d629951f42;2026-09-28T19:47:05.797752+00:00;false
LOC-0029;LOC-0152;WALKING;2026-08-17T07:00:00+03:00;OK;3715;62;5219;LOCAL_VALHALLA_MATRIX;d5c74ab3f58b47ddb0cc89821c46c04fab4eced80abb6f174a6f5531ce416fde;ba62c8a0b24f7eea584cb36bcd6903e73d53c0f2363439195939294ea7d73877;2026-09-28T19:47:05.797752+00:00;false
LOC-0029;LOC-0190;WALKING;2026-08-17T07:00:00+03:00;OK;4781;80;6967;LOCAL_VALHALLA_MATRIX;003fc2ad708e3c81274cdcca0d2d0dcbeb1fab1de334f4bc06f7682912c00a16;6cc1b6297e8128dd2dea270874ea971217fca9866541937c1fe8d7dc81c1a93c;2026-09-28T19:47:05.797752+00:00;false
LOC-0029;LOC-0196;WALKING;2026-08-17T07:00:00+03:00;OK;6044;101;8417;LOCAL_VALHALLA_MATRIX;4a66fc12fbcc3c4676fe2a25e925123bcc9df1de8599a86a11206c54d475a327;5733d9a702741b99292878679b43d00648ab4e1d36fde74c209d5ee5f8d03830;2026-09-28T19:47:05.797752+00:00;false
LOC-0037;LOC-0002;WALKING;2026-08-17T07:00:00+03:00;OK;1544;26;2172;LOCAL_VALHALLA_MATRIX;dea5aea54d8f7ed544afa2fffe3ec6f837897c26e05b2af652af20b6ca594f1d;c264ee14ed5fc6cb988b1c3c3c19b9458a55b2f7bddc2b5b0d7c7e3ddc45a10b;2026-09-28T19:47:05.797752+00:00;false
LOC-0037;LOC-0008;WALKING;2026-08-17T07:00:00+03:00;OK;3649;61;5125;LOCAL_VALHALLA_MATRIX;5322647bf84dd696f433270276a755c63432c9cfb0d2fd07d9fdc9dffa230d95;6edb79addddf40f6a4d18c5dc5933952efea7dd3bdda62db4f430d52d2c4617b;2026-09-28T19:47:05.797752+00:00;false
LOC-0037;LOC-0009;WALKING;2026-08-17T07:00:00+03:00;OK;6627;111;17343;LOCAL_VALHALLA_MATRIX;9979abe07b0ea2c3a3af118914fab863b35e4c5d9a4172302808ae30a92c8494;e2150e5a291302feeff99a96607977ca6f58c46a67909622b8c9a6ce0a947367;2026-09-28T19:47:05.797752+00:00;false
LOC-0037;LOC-0010;WALKING;2026-08-17T07:00:00+03:00;OK;4265;72;5986;LOCAL_VALHALLA_MATRIX;3597c3be55b2d31dbe7bfb6fcc19572f3a738cb5a55c477e2bfce54aad679fb7;375613855ff004010a096321ebc60fbe21fa142f18a94d71b0db00b5b3d2d8a2;2026-09-28T19:47:05.797752+00:00;false
LOC-0037;LOC-0011;WALKING;2026-08-17T07:00:00+03:00;OK;3025;51;4244;LOCAL_VALHALLA_MATRIX;1dde0d0901012e1ace1f15a44ca6f1256ae3b39ff19dc9c1d8220e6ec779a9c7;7ae1844956f79f8be54a3300dfcd1456f6e892f22ed008ed0818f950ca2c956c;2026-09-28T19:47:05.797752+00:00;false
LOC-0037;LOC-0012;WALKING;2026-08-17T07:00:00+03:00;OK;3275;55;4606;LOCAL_VALHALLA_MATRIX;519940c8634d4b3151c64d8845009657659c2ebf0b9344e794e918aefd32638d;bc1c611f0e740506c488a86db3d03384d773ce6765efbc9db44ae8f955e79664;2026-09-28T19:47:05.797752+00:00;false
LOC-0037;LOC-0013;WALKING;2026-08-17T07:00:00+03:00;OK;2401;41;3375;LOCAL_VALHALLA_MATRIX;7d704d7d3c0a7e226181523d080a9d47922e2143dc674c7c1fa885325ac910cc;e1b00c0063f0041de6f0dcbd26a17a82e18f2123b0fb35a33f35ad12a549d938;2026-09-28T19:47:05.797752+00:00;false
LOC-0037;LOC-0016;WALKING;2026-08-17T07:00:00+03:00;OK;4217;71;5914;LOCAL_VALHALLA_MATRIX;3a829920593b9c62561c2d0cc10afa0e1f25de493edf46f3ffa9f52a5966cc1f;a05c2fb23b1cf6003cbe15a95b2edbe28937da2dbbb8be28131ec955bbfa991b;2026-09-28T19:47:05.797752+00:00;false
LOC-0037;LOC-0017;WALKING;2026-08-17T07:00:00+03:00;OK;5674;95;7955;LOCAL_VALHALLA_MATRIX;279f22a309a885517d658c827a9d8675f9ce5b08dbc2d4605295237195e8c523;fbcc4d22feb02fbc0a0a17f8b55338072267f9c7c52ca48e06148e50349ce4d3;2026-09-28T19:47:05.797752+00:00;false
LOC-0037;LOC-0018;WALKING;2026-08-17T07:00:00+03:00;OK;5313;89;7468;LOCAL_VALHALLA_MATRIX;6879b2530d2d5d7addd83d9f8b78b0121baceb5f342ffef370f9eeed66f13f0d;53ffcdab91ffe14d140d8af80dcff85a690eaf2af9335d9780d31ef4307424d1;2026-09-28T19:47:05.797752+00:00;false
LOC-0037;LOC-0019;WALKING;2026-08-17T07:00:00+03:00;OK;4560;76;6396;LOCAL_VALHALLA_MATRIX;25cb849e9bd28262b3f5229d51c8367b5caf44f0ad55ed79b5f062f3018d0e1d;eae182dd7e72126d534573c46e5ba629b56567eb2205b65798a31e7c2a7111d9;2026-09-28T19:47:05.797752+00:00;false
LOC-0037;LOC-0020;WALKING;2026-08-17T07:00:00+03:00;OK;5067;85;7128;LOCAL_VALHALLA_MATRIX;585c29138917c0de059ce473fc144ef9fd41ec8d6e4e3ff57d9343bcf4d9a030;e57244b3afaffd16ecfadeb2617fefad106e91b080f26399c6bf14c9a1be3301;2026-09-28T19:47:05.797752+00:00;false
LOC-0037;LOC-0023;WALKING;2026-08-17T07:00:00+03:00;OK;5480;92;7672;LOCAL_VALHALLA_MATRIX;f1a7c73d9317e959e30d22035225b0c593e48cc1e4d82893c19b19a3ef3d5fdd;66ba705a18b4caa634782bed8210e8df42d7a75bbe29b114ac5407a31632e80b;2026-09-28T19:47:05.797752+00:00;false
LOC-0037;LOC-0027;WALKING;2026-08-17T07:00:00+03:00;OK;3806;64;5328;LOCAL_VALHALLA_MATRIX;8976a0949be7ab3a93099bc17ced2d622d1b2b585535aa7e9d7c5a9c23c6e896;f923bdcbbf654cf006dd08d7fd250e66d3c84538116d4c254e2010a7d6ee39be;2026-09-28T19:47:05.797752+00:00;false
LOC-0037;LOC-0028;WALKING;2026-08-17T07:00:00+03:00;OK;4982;84;8860;LOCAL_VALHALLA_MATRIX;cb9c6a598576772069f8447be6bc2e55e2d5bd95d25b49959019299b218cb09e;ecfbd3e48874e7ff287cfc6d9c01e332a01ca8fe659c91e44bc7dae67fd6f95a;2026-09-28T19:47:05.797752+00:00;false
LOC-0037;LOC-0029;WALKING;2026-08-17T07:00:00+03:00;OK;4865;82;8693;LOCAL_VALHALLA_MATRIX;b9107c14dc1fc87e7804b8ffeb4c60573af1335faf4411f2b23d3e390bb30c90;5f9db06c0694f17de28a8e904363bf9d0148798d6adf09bc069b350f6a4d4aa2;2026-09-28T19:47:05.797752+00:00;false
LOC-0037;LOC-0037;WALKING;2026-08-17T07:00:00+03:00;OK;0;0;0;LOCAL_VALHALLA_MATRIX;d7e5ccdc962f43a73f34935e082474a19dbac48817a14e3c3f96701d43a2cace;3d5812abc84c11768aa73a732c85d75dbed439188f5bb3239e9b762ea31d9862;2026-09-28T19:47:05.797752+00:00;false
LOC-0037;LOC-0045;WALKING;2026-08-17T07:00:00+03:00;OK;4754;80;6936;LOCAL_VALHALLA_MATRIX;5b161da1563cfde7e559bb3b79808dcb8bee7a1c74ef9e02813ebcd6d6579337;44bcd04219ae6620eac1335c8f51cb9474ab3d1f9f903f976e469c930f02d65a;2026-09-28T19:47:05.797752+00:00;false
LOC-0037;LOC-0053;WALKING;2026-08-17T07:00:00+03:00;OK;3518;59;4916;LOCAL_VALHALLA_MATRIX;55840a5b3a23b685c7c0d779cf22892ad9c74d090c28598b184b5c25e3f7ec56;9fc446419421a351f8607527851df2e120a26255e2af10e2a57a8ccfd817e139;2026-09-28T19:47:05.797752+00:00;false
LOC-0037;LOC-0054;WALKING;2026-08-17T07:00:00+03:00;OK;742;13;1047;LOCAL_VALHALLA_MATRIX;07f9e25b22cbde777378284c44a1610efcceb54f753dec187d9aecb636b7eae9;1e4717aab0bb7ce5edaa0fb559f00bde015a14e6137656fae9c43b529a7cfe06;2026-09-28T19:47:05.797752+00:00;false
LOC-0037;LOC-0061;WALKING;2026-08-17T07:00:00+03:00;OK;3026;51;4210;LOCAL_VALHALLA_MATRIX;05946515cde5a4bffe14e1467815e5a4f6fae8ddb8e64629800cbfdfb0601d08;e094c9dd41b2a8d28044628a3d923aaccdc74c100713e1b03e381d262bdce419;2026-09-28T19:47:05.797752+00:00;false
LOC-0037;LOC-0063;WALKING;2026-08-17T07:00:00+03:00;OK;6003;101;8644;LOCAL_VALHALLA_MATRIX;c16a6edf149e528c2a0ec92c0ce9d605968da64efbd213a842fcf6bdb6dd5d1d;73a87f21c6b689b99f6d44cdaf2a22b6d7f9c4b4fbaa82a3a7b482cec5f29b85;2026-09-28T19:47:05.797752+00:00;false
LOC-0037;LOC-0064;WALKING;2026-08-17T07:00:00+03:00;OK;5524;93;7977;LOCAL_VALHALLA_MATRIX;c97f02de97b82fbf9b2c1b976d6fd6772dfcae9219214117cd19e20789b2454b;f8bd31aba586fd1e0223cd74b2390f4e95ee8e7349b6e8d1eccb43beb763bc12;2026-09-28T19:47:05.797752+00:00;false
LOC-0037;LOC-0074;WALKING;2026-08-17T07:00:00+03:00;OK;4730;79;6649;LOCAL_VALHALLA_MATRIX;5a9bcada61b2cace2fab76a07f817609d6fc96953de07053883a7143f5d10552;c2f1ac9dc6abee4efa680492081f876dd4b7964b46f032eeab1bd95f9bc887f0;2026-09-28T19:47:05.797752+00:00;false
LOC-0037;LOC-0075;WALKING;2026-08-17T07:00:00+03:00;OK;5045;85;7069;LOCAL_VALHALLA_MATRIX;5bb416a6fe5d874a2b426e071879f07262410b68524f9c63305cefc1fd8642d8;09106219770fd05a48e31db35f1586b7116d96fbbbf6cfec130a06ca8011201a;2026-09-28T19:47:05.797752+00:00;false
LOC-0037;LOC-0076;WALKING;2026-08-17T07:00:00+03:00;OK;4374;73;6106;LOCAL_VALHALLA_MATRIX;fd51f0f53fa77e212219abc7259461273a8b098038bcb801beda678329bb5a0e;36cf477d2999e25a81e472116eef95fe238e3c79d7ea6b26fc82a512c0f4aa35;2026-09-28T19:47:05.797752+00:00;false
LOC-0037;LOC-0078;WALKING;2026-08-17T07:00:00+03:00;OK;4917;82;7145;LOCAL_VALHALLA_MATRIX;5d5c89d24b23117b0223d969dde2b0a4c5ef5b6d9b38cd903775caa3846dc456;2e4c06acaa81580fd0df430b17382634cf467d2a2f4fd69e0607b3fc449fdfe6;2026-09-28T19:47:05.797752+00:00;false
LOC-0037;LOC-0080;WALKING;2026-08-17T07:00:00+03:00;OK;4793;80;6726;LOCAL_VALHALLA_MATRIX;da457169c85ff87b62ed111e8f52a6fb58e5d25275d95bd58495c83326ee48fa;7f7a400ce0e2d692bd83fdd1d1c628f956bcd7a767dffa539b7da7ff08daac4c;2026-09-28T19:47:05.797752+00:00;false
LOC-0037;LOC-0082;WALKING;2026-08-17T07:00:00+03:00;OK;5483;92;7978;LOCAL_VALHALLA_MATRIX;ae458af6e63d4fa1960c6c9e6e318d10221624a0be8b651ccba152fc71b46cca;e463d39b65e1989b31ea4268354b8a1d8fdd099dea4013124d8910a7fea87b47;2026-09-28T19:47:05.797752+00:00;false
LOC-0037;LOC-0085;WALKING;2026-08-17T07:00:00+03:00;OK;2185;37;3085;LOCAL_VALHALLA_MATRIX;a87a1197d1422741bfe99af758076ddc09e949e3a9b4e7e5fc43393f1be64e20;3fccb36d6c371459d11f00411f516493c33bb773086edfa665d36a2af7cdd60d;2026-09-28T19:47:05.797752+00:00;false
LOC-0037;LOC-0086;WALKING;2026-08-17T07:00:00+03:00;OK;1965;33;2772;LOCAL_VALHALLA_MATRIX;70ce71e18757305018442802ff5e46f55bc57ab010ddf803c74243d4cca2709a;08baccf0af0c0578ce39f7456468499b87998b796abf7290f7702f443af2edf8;2026-09-28T19:47:05.797752+00:00;false
LOC-0037;LOC-0091;WALKING;2026-08-17T07:00:00+03:00;OK;3982;67;5589;LOCAL_VALHALLA_MATRIX;a72133acee6b63e9fa0cdbc48b8b37285cd146f32e4726d7b00ef959895843f5;5a76abc55188cdf1378965d462a91570b6aa3b58d74d98a1661a5df86bea1a14;2026-09-28T19:47:05.797752+00:00;false
LOC-0037;LOC-0092;WALKING;2026-08-17T07:00:00+03:00;OK;4314;72;6072;LOCAL_VALHALLA_MATRIX;de4b996a599fbc9f71f32a387f7a9223374b999dd671069e26a5ec033e015dbd;da746cb9e2e3618f47d63c464f88d6703aa9d5881278823c4f0719bbfbbd0a84;2026-09-28T19:47:05.797752+00:00;false
LOC-0037;LOC-0093;WALKING;2026-08-17T07:00:00+03:00;OK;4223;71;5944;LOCAL_VALHALLA_MATRIX;94de50e40131936d7f3fcab4037ad4968cf63b7100853cd0907931d3f2f6aec9;77a14ab09dc32e9965f54e4b74b264a2ff3f313e392dc511b52b0eb2910831eb;2026-09-28T19:47:05.797752+00:00;false
LOC-0037;LOC-0094;WALKING;2026-08-17T07:00:00+03:00;OK;2374;40;3354;LOCAL_VALHALLA_MATRIX;d8df2e2a466a22baff8269c6752c0c056be63b6f1e19fa30041ccfad7e527108;1ed0cda3fac5049be108f11c7001fa5e649678565e6552f0910972efa4ecd97f;2026-09-28T19:47:05.797752+00:00;false
LOC-0037;LOC-0095;WALKING;2026-08-17T07:00:00+03:00;OK;2912;49;4104;LOCAL_VALHALLA_MATRIX;6dda1debb644b54e70d5066417a860d06f7b1570e427e6ed130887f08d404e93;71ff6bd321436a9e49911a321b942e3a515cb745d0c4ef747c2ba1441061f4a5;2026-09-28T19:47:05.797752+00:00;false
LOC-0037;LOC-0102;WALKING;2026-08-17T07:00:00+03:00;OK;5800;97;8381;LOCAL_VALHALLA_MATRIX;38174f96a70002b21af095e61c2b8041f6b276f15f84c6480f4f6806785ab64e;957b9f8507cc830ad91e0f29e2553da361ed47f67bbcf082c2a5a6ee6f0f7328;2026-09-28T19:47:05.797752+00:00;false
LOC-0037;LOC-0112;WALKING;2026-08-17T07:00:00+03:00;OK;4307;72;6017;LOCAL_VALHALLA_MATRIX;5476bbd99cf1796f8b11dd9c65fa89930bdb8ef1dd2e7d71bcd91b4cef87f9a7;1b6c427618911586d62a550943379bfbaf2b7877ae161d0243a6b051d9dc03d8;2026-09-28T19:47:05.797752+00:00;false
LOC-0037;LOC-0124;WALKING;2026-08-17T07:00:00+03:00;OK;6888;115;17744;LOCAL_VALHALLA_MATRIX;f5aa0833ad43411015ece8701d9fd77939adf3ce3ec678588935e1e55194b33e;7a1ed4902c623823657822257847b77d2df88f12dcac18489058a9f55c983f97;2026-09-28T19:47:05.797752+00:00;false
LOC-0037;LOC-0125;WALKING;2026-08-17T07:00:00+03:00;OK;5413;91;7594;LOCAL_VALHALLA_MATRIX;b596d18561e30470d4e3b4b7292552667e92c506209bf326ee6801c092c889f5;112f1df8b2e0f486ca22c20dadefe2285162d8ec57a42ad988b9dc736b35dc7f;2026-09-28T19:47:05.797752+00:00;false
LOC-0037;LOC-0126;WALKING;2026-08-17T07:00:00+03:00;OK;3435;58;4837;LOCAL_VALHALLA_MATRIX;68f7c2ff71a91cf377c096da812237d5e312d80243e0e51f67031bac3af1bd70;326dead0fe2674e4c767b83bb8d481a9a4a7233fc7413b40131b46efdb82a2f4;2026-09-28T19:47:05.797752+00:00;false
LOC-0037;LOC-0128;WALKING;2026-08-17T07:00:00+03:00;OK;492;9;695;LOCAL_VALHALLA_MATRIX;5bc6c8ab1100a8576f4ceb961f0c2ba6afd25903012ad6a767ccf434c2ab4701;379f3a8b9473ac28e681a49a58944bb27709fa32215918149d77536d6f4ec266;2026-09-28T19:47:05.797752+00:00;false
LOC-0037;LOC-0134;WALKING;2026-08-17T07:00:00+03:00;OK;1825;31;2558;LOCAL_VALHALLA_MATRIX;79a74e298842dff0df246fc33f96b32c1748031eb607c0248a6a94944b6f8dfd;983ddf40288b2b505107369c0c67a721e22f6aba806e87e23ec200a28d59c99a;2026-09-28T19:47:05.797752+00:00;false
LOC-0037;LOC-0135;WALKING;2026-08-17T07:00:00+03:00;OK;1906;32;2674;LOCAL_VALHALLA_MATRIX;814c01ee30524a1101d587c66161798647b7d9ce3e0f19c618ccc07c587c6aa2;6adaae4d1bd5b1ab70632b895e5bc9293010336ca080de2e4239ec5817c49435;2026-09-28T19:47:05.797752+00:00;false
LOC-0037;LOC-0136;WALKING;2026-08-17T07:00:00+03:00;OK;2061;35;2882;LOCAL_VALHALLA_MATRIX;2a82458aadf47de3ca72a2c08b053b73eac6d346a2bfc3dbf3ba75be510f2919;d9ef7ad259771afc7f3e1b10f7259976da2f4a301b7022212ec3297569db518c;2026-09-28T19:47:05.797752+00:00;false
LOC-0037;LOC-0140;WALKING;2026-08-17T07:00:00+03:00;OK;3074;52;4323;LOCAL_VALHALLA_MATRIX;2a64730c0bb10f1ced04b70f72dd943f7e2eda9e0f57f04aaa2d6c4085db0b12;b742b070900cc649c451118957e687f2ef0a7d2e4a521085869436a0aea09d27;2026-09-28T19:47:05.797752+00:00;false
LOC-0037;LOC-0141;WALKING;2026-08-17T07:00:00+03:00;OK;7602;127;20868;LOCAL_VALHALLA_MATRIX;006e5d4bd3d1e2bb04f7696c49f8323b47d6af7329a41080b869b86317b0cac9;39a2b9ab1bf013400e8fb95520b32e5a5c797799896c2bfd42056c3526b5eb43;2026-09-28T19:47:05.797752+00:00;false
LOC-0037;LOC-0142;WALKING;2026-08-17T07:00:00+03:00;OK;7683;129;20941;LOCAL_VALHALLA_MATRIX;3b336d548030338d9fc43c7b40c7a3327df6f31a5f92d001f16ccc9ac9dba14b;41f5eede5503c6e203626b6996b9712580a02c230242b21e91e5de2f51a7d5ad;2026-09-28T19:47:05.797752+00:00;false
LOC-0037;LOC-0145;WALKING;2026-08-17T07:00:00+03:00;OK;5157;86;7250;LOCAL_VALHALLA_MATRIX;a22573185e7503210f79dcb34da877d6d37394af921a36315414e7f36dcdb66d;5062d181810ce3e79f7e05c0a18f2e53ca906275d3afb00dc469b2f509818b3c;2026-09-28T19:47:05.797752+00:00;false
LOC-0037;LOC-0148;WALKING;2026-08-17T07:00:00+03:00;OK;4977;83;6963;LOCAL_VALHALLA_MATRIX;7397ca074cfb6d744b81ecb6177ba05546555e3c722a61deee92defcd639eb5b;7bbf9d9243036d093d2125c47cb2e32548c3c51ff0bda85b73d40d1d81afa9fa;2026-09-28T19:47:05.797752+00:00;false
LOC-0037;LOC-0149;WALKING;2026-08-17T07:00:00+03:00;OK;4901;82;6878;LOCAL_VALHALLA_MATRIX;fb0ddf59ed1d4c8efdae3c0b226d128100e468f88c7ed98afabed8b5c8798df1;59aebd6fc530e69d3bc4cef3026e0561c04f3d1ae8f936072e2a1e5321711041;2026-09-28T19:47:05.797752+00:00;false
LOC-0037;LOC-0150;WALKING;2026-08-17T07:00:00+03:00;OK;4769;80;6693;LOCAL_VALHALLA_MATRIX;3e5a425121231d4571e953a82c051417f4006235682eac13f5b2391216328bab;b774cce4ec363483b1e89c7f85f9f27cdd0e2a5d820197e0da81f628ef4cd629;2026-09-28T19:47:05.797752+00:00;false
LOC-0037;LOC-0151;WALKING;2026-08-17T07:00:00+03:00;OK;5238;88;7326;LOCAL_VALHALLA_MATRIX;f61a2d99690f6050bdb6fb28ec47851102b228313e4373b36cc3d9229d426d1b;4acd7eae3b2b0417e813a05a62bd463984b19f22ede1d9626b730d0fc1313909;2026-09-28T19:47:05.797752+00:00;false
LOC-0037;LOC-0152;WALKING;2026-08-17T07:00:00+03:00;OK;5230;88;7320;LOCAL_VALHALLA_MATRIX;eab2586daca145010d0257b19ed04956954bbc1190b6f628169ae8ab3c8ba78f;17bb05037e660f445c9ab4dbbb6cc83407a71b5cd4abf3623ae8001ff491169b;2026-09-28T19:47:05.797752+00:00;false
LOC-0037;LOC-0190;WALKING;2026-08-17T07:00:00+03:00;OK;2682;45;3738;LOCAL_VALHALLA_MATRIX;a50d8dcfd2f64984739b2f682bfb4b1b5eb4ff89ecbefc405f2b3f10d170117e;6b784b4518562e99a1422181892bddb1c919648a041733d73a413a4316520786;2026-09-28T19:47:05.797752+00:00;false
LOC-0037;LOC-0196;WALKING;2026-08-17T07:00:00+03:00;OK;6570;110;9181;LOCAL_VALHALLA_MATRIX;51f5ca197cdcb171170164b7e3c072213d784c138b8f3ab5495d6e6a38ae97e6;d0d8af1b20990ee77ba8fb0248dfe61b2cc75e420d26e454c2dd18c47936b073;2026-09-28T19:47:05.797752+00:00;false
LOC-0045;LOC-0002;WALKING;2026-08-17T07:00:00+03:00;OK;3638;61;6955;LOCAL_VALHALLA_MATRIX;209840fae1a4602f9d791fc61317ee4431e26732de574c5d694a4ff31bd54919;5c1274f27cd7994431559c515e4b1095a2275d565d622aa81d616025559618b4;2026-09-28T19:47:05.797752+00:00;false
LOC-0045;LOC-0008;WALKING;2026-08-17T07:00:00+03:00;OK;5758;96;8087;LOCAL_VALHALLA_MATRIX;0e199794bcc70184cdc5a8d009bca9a38eee6c5f7d24754dbf4ee94e79042dd4;04649a32b8f8860346c631e25fbc5f4f4ff8074af3372e439b93c93ee879102d;2026-09-28T19:47:05.797752+00:00;false
LOC-0045;LOC-0009;WALKING;2026-08-17T07:00:00+03:00;OK;3703;62;5121;LOCAL_VALHALLA_MATRIX;01203b2d4b3cf99329fef40920fe1280c4d153e78e6873f7b64a2869056396a3;2e952e1f7e659a9e49f0bfcf950d2ae63caed4508e68802e662401a3908cdd77;2026-09-28T19:47:05.797752+00:00;false
LOC-0045;LOC-0010;WALKING;2026-08-17T07:00:00+03:00;OK;6129;103;8598;LOCAL_VALHALLA_MATRIX;d6f73251604bf98bfb9cc9801d77e58a6df0589868fe7a33565aeec219930a4c;85571a36c15d4b73dbdc3c99c253df02109c76db250923971550fde08ecddc52;2026-09-28T19:47:05.797752+00:00;false
LOC-0045;LOC-0011;WALKING;2026-08-17T07:00:00+03:00;OK;5303;89;7410;LOCAL_VALHALLA_MATRIX;695ad20e8ef16d101552288835a9820c2b8037069c8695dd96927787836427f6;b040c675415fb6971e3db8a319fbaa9806c4eadbc332b2ea99c251ec88a49f1d;2026-09-28T19:47:05.797752+00:00;false
LOC-0045;LOC-0012;WALKING;2026-08-17T07:00:00+03:00;OK;5376;90;7537;LOCAL_VALHALLA_MATRIX;8841fa220d24fd7aee2b2c972c4b55f3f09737cd1830d579d3b0ffb50c25e020;99a3d546a9f3402c5f68f7fe72b9f9a48828d95c0b69060a8d489871f8b0bec5;2026-09-28T19:47:05.797752+00:00;false
LOC-0045;LOC-0013;WALKING;2026-08-17T07:00:00+03:00;OK;4082;69;7589;LOCAL_VALHALLA_MATRIX;1cea156e83ed41bb59f70a7721a93b1f31095c51fb1a4e2207a7b27500889f8f;f23a12a07b76ccc01f65f5f9cee3fa3064d1c2ef056ecc7d79b097e24c088869;2026-09-28T19:47:05.797752+00:00;false
LOC-0045;LOC-0016;WALKING;2026-08-17T07:00:00+03:00;OK;2956;50;4148;LOCAL_VALHALLA_MATRIX;baef9ebf5468e5810c817cdbc250ae965c9b3b4ac66df9f2f3c69fa9de0a8522;1f683ad9773680541b1ee58b28e0e6d4ce698e824a95352f1ff781fe5ed9353e;2026-09-28T19:47:05.797752+00:00;false
LOC-0045;LOC-0017;WALKING;2026-08-17T07:00:00+03:00;OK;2621;44;3660;LOCAL_VALHALLA_MATRIX;a0251e3c44cfa1b20abe038ca4e489ccaad28f60494944ea1a01778c24326000;63a2a67b373fa8c61ff6e4352b01e7ba756c57364be90fb2b39f81bdca7fb2b5;2026-09-28T19:47:05.797752+00:00;false
LOC-0045;LOC-0018;WALKING;2026-08-17T07:00:00+03:00;OK;3058;51;4264;LOCAL_VALHALLA_MATRIX;45083f2c31ed1c7900d1b3e6f448e3e3dddd2037a6640a595f647cf98ae9cb4a;bbf41ada99f3bd18b2df91e72ab6487277f4060ab1b4db72cd9c1f1cd274385f;2026-09-28T19:47:05.797752+00:00;false
LOC-0045;LOC-0019;WALKING;2026-08-17T07:00:00+03:00;OK;6410;107;8986;LOCAL_VALHALLA_MATRIX;43302005fe092d9e704530bda9c07ba056eacb1915dce3e676b588f738bde816;3df386fcb64962e5944c2e408bbd247537e3515057645e38b5ff374680933164;2026-09-28T19:47:05.797752+00:00;false
LOC-0045;LOC-0020;WALKING;2026-08-17T07:00:00+03:00;OK;5679;95;7948;LOCAL_VALHALLA_MATRIX;c3b7f837da0a8bc9bd037ee95fd3f1871647ce9527e8c4385e3190dae30a9cb8;4a0ffc9bc2401ccd2a132975ca86a81dc975c7d02145e1a16cee0e016d5788d4;2026-09-28T19:47:05.797752+00:00;false
LOC-0045;LOC-0023;WALKING;2026-08-17T07:00:00+03:00;OK;4072;68;5666;LOCAL_VALHALLA_MATRIX;062c69ed74131b7678777be1812ae4d6b1bb384dfc52409bc57201d7e318f750;fc4b68cf52dfaf034eb18cc76f0ac9bb3b2ec81d4638ae3844b2ad8e8da8460e;2026-09-28T19:47:05.797752+00:00;false
LOC-0045;LOC-0027;WALKING;2026-08-17T07:00:00+03:00;OK;1721;29;2421;LOCAL_VALHALLA_MATRIX;0059c41c703da553217445894096e66dcf5772c8d334c70e28d4b75faa5b5ee0;490b334da5a6e933e7a71fa1230eed6955343170413d0a5942cefbfd471ce04c;2026-09-28T19:47:05.797752+00:00;false
LOC-0045;LOC-0028;WALKING;2026-08-17T07:00:00+03:00;OK;1980;33;2782;LOCAL_VALHALLA_MATRIX;33a94a2ffec06431a787e41238a8a5ed13a2dfeb401e8d312c057676f2571fd4;75cfbdf532c7373f7745ac50e0462fddb0683dd71896e63e0e724c004a0c6c9b;2026-09-28T19:47:05.797752+00:00;false
LOC-0045;LOC-0029;WALKING;2026-08-17T07:00:00+03:00;OK;1862;32;2615;LOCAL_VALHALLA_MATRIX;5bddffdb9f745f57d0b483c9b544d0f54e4d6c5b9406a39f22ce2ba27cb2f51a;1b99a3306cbae56b8ad6956916f5b2a923792c051c4bf50e2e9595fafdd3208e;2026-09-28T19:47:05.797752+00:00;false
LOC-0045;LOC-0037;WALKING;2026-08-17T07:00:00+03:00;OK;4754;80;6936;LOCAL_VALHALLA_MATRIX;0e4daab6369e6471014bb051dc5054340caaead2391ba8df594273acb34e2d54;44bcd04219ae6620eac1335c8f51cb9474ab3d1f9f903f976e469c930f02d65a;2026-09-28T19:47:05.797752+00:00;false
LOC-0045;LOC-0045;WALKING;2026-08-17T07:00:00+03:00;OK;0;0;0;LOCAL_VALHALLA_MATRIX;98b7c612069d94c425c400e962e77743fd95646ccddb8cb93a8042245b13f6b0;3d5812abc84c11768aa73a732c85d75dbed439188f5bb3239e9b762ea31d9862;2026-09-28T19:47:05.797752+00:00;false
LOC-0045;LOC-0053;WALKING;2026-08-17T07:00:00+03:00;OK;2562;43;3589;LOCAL_VALHALLA_MATRIX;07727017a0ead73bc01be72f1d64196bf4ccad3b4a35a9d849947070adc89115;138bc691dc2d1ff778c42926c99e6e9d9596899faae5cf8cdae54705d8e62549;2026-09-28T19:47:05.797752+00:00;false
LOC-0045;LOC-0054;WALKING;2026-08-17T07:00:00+03:00;OK;4601;77;6719;LOCAL_VALHALLA_MATRIX;e51f9b02a1cf9e75118bf25764ec4b958ea40b0619a23c6bc0c7af043a4887c6;5a204bc1e8bb38c9bda6ea842baf0893e621374bdd574885ff22b14303a3288b;2026-09-28T19:47:05.797752+00:00;false
LOC-0045;LOC-0061;WALKING;2026-08-17T07:00:00+03:00;OK;5257;88;7311;LOCAL_VALHALLA_MATRIX;a362251965eab5ee632665afc87037075a5bd8ab3e81a355eef30129d2e08f9f;0499ccefd0e81c7b0d4976579141acf4b19ad4f15052e5765ffaed3270c33e7b;2026-09-28T19:47:05.797752+00:00;false
LOC-0045;LOC-0063;WALKING;2026-08-17T07:00:00+03:00;OK;2113;36;2929;LOCAL_VALHALLA_MATRIX;1be23aeb4f81ce8cc50ba58768a324133a7a9ee7750dce5078c1f1d457e52259;3f5724c19958c696550c27926d07a80171eaa1a01fdfa826a9de4edd97b9d8aa;2026-09-28T19:47:05.797752+00:00;false
LOC-0045;LOC-0064;WALKING;2026-08-17T07:00:00+03:00;OK;1631;28;2258;LOCAL_VALHALLA_MATRIX;b3a45cbda255e29ac0ae49583a43f5b1e7301ac868f1e6b7ee917a70940398f5;14cdedb52c5d6cdfcf4113b3f0e756626e15af4190f17bba1568f0e2edbf5b2d;2026-09-28T19:47:05.797752+00:00;false
LOC-0045;LOC-0074;WALKING;2026-08-17T07:00:00+03:00;OK;2679;45;3760;LOCAL_VALHALLA_MATRIX;33fa4cd24d425caa35d31dfef7d47711514dbf57a29e7d04d888f00d31a9c667;b9e9db9a5d77329e702087d310d4c3087e2f8e5f1b522d36bb258414a7931948;2026-09-28T19:47:05.797752+00:00;false
LOC-0045;LOC-0075;WALKING;2026-08-17T07:00:00+03:00;OK;2700;45;3792;LOCAL_VALHALLA_MATRIX;580f8adec915978777a69edd7ddfd6313b5406823f725b519f29b2b0e398d127;82f7b9bdf66bb36e488b3f73516147b2f56a70d6b28ff5ef79a2e76d96262ecf;2026-09-28T19:47:05.797752+00:00;false
LOC-0045;LOC-0076;WALKING;2026-08-17T07:00:00+03:00;OK;3170;53;4451;LOCAL_VALHALLA_MATRIX;6e1be297f9173e22ee8a5511c3021934f8c704a193d90e2736a1e375e7f8029c;1d96d298707642c1c425742db0df03eb71dcc3d9dc00f0c13959bd66072b56cf;2026-09-28T19:47:05.797752+00:00;false
LOC-0045;LOC-0078;WALKING;2026-08-17T07:00:00+03:00;OK;733;13;968;LOCAL_VALHALLA_MATRIX;218145562f34f815e7379b80f747432f37b2974d1b8dcac0ee2c34c07d7c1fae;4455da4d148b8e28ed6620f97029b70b6e2c48932310dd9e426794c88808d09e;2026-09-28T19:47:05.797752+00:00;false
LOC-0045;LOC-0080;WALKING;2026-08-17T07:00:00+03:00;OK;3175;53;4477;LOCAL_VALHALLA_MATRIX;961941a025f7c67e663090de582042bc1c7c4cf217dd832e3d796c4e4d3eee19;9dcb0cd681d8d16f3f3b63daaec5af049c3075d003a888a98932268569bf1efd;2026-09-28T19:47:05.797752+00:00;false
LOC-0045;LOC-0082;WALKING;2026-08-17T07:00:00+03:00;OK;1721;29;2380;LOCAL_VALHALLA_MATRIX;028a04b5b05b16ef6567013822a7781144c67546d49e5adbbe061cc29f529706;77bb5731d14a04c5d4d46b0623456256a48e3f69319fd5e0e05ddf8da7c3ba25;2026-09-28T19:47:05.797752+00:00;false
LOC-0045;LOC-0085;WALKING;2026-08-17T07:00:00+03:00;OK;4443;75;8092;LOCAL_VALHALLA_MATRIX;d866f552b448809a7576fb95c9006bfbac6b069c147f5815f7c9fac444021e3f;ec798c08231d48b1de9dbf4f92930c188c36412dba300c763e47e08e5704489d;2026-09-28T19:47:05.797752+00:00;false
LOC-0045;LOC-0086;WALKING;2026-08-17T07:00:00+03:00;OK;4514;76;8186;LOCAL_VALHALLA_MATRIX;ad35a921f1c11ed75fed6f7e2dc4394565494308984b406e1a901d12e795b225;0d1757f0e29e91ff60082be78d02d8b4c643eba865963db4dbfb15b49608152e;2026-09-28T19:47:05.797752+00:00;false
LOC-0045;LOC-0091;WALKING;2026-08-17T07:00:00+03:00;OK;5579;93;7831;LOCAL_VALHALLA_MATRIX;5aac121897601fb3ae7100cf5900fda6eb838d3e595dd47f6be8530d92817cea;c220211f6540e7c0c29b7a8aebe58d9b823199ca3a28a81447516208c3ec5317;2026-09-28T19:47:05.797752+00:00;false
LOC-0045;LOC-0092;WALKING;2026-08-17T07:00:00+03:00;OK;5092;85;7128;LOCAL_VALHALLA_MATRIX;e61e86efaaf10e7a8a118f65324f41f0af13e3ba21492bf65820d2554dbcddbc;9379871c37b2e9ac0c6408f333f8934e7bd387111db54171fea3a353ff6daf79;2026-09-28T19:47:05.797752+00:00;false
LOC-0045;LOC-0093;WALKING;2026-08-17T07:00:00+03:00;OK;4985;84;6979;LOCAL_VALHALLA_MATRIX;40996e6f27321ba21f75ab96bfb9b15f44ffd746a2522e090c46cc648deb7ef6;fe05ca90e1c74980ea1ee23ac0bff726ff9755c1e834b2ce959a28d079c5801d;2026-09-28T19:47:05.797752+00:00;false
LOC-0045;LOC-0094;WALKING;2026-08-17T07:00:00+03:00;OK;5264;88;12437;LOCAL_VALHALLA_MATRIX;6d3ab522b21149650112e97d7a78a9b23e495c47bcd36a7083471017d32b3990;50e4dc11bf51cec61d16d5c72e994762f9d46af71e4068dd6ac94499f79e40c1;2026-09-28T19:47:05.797752+00:00;false
LOC-0045;LOC-0095;WALKING;2026-08-17T07:00:00+03:00;OK;4981;84;12038;LOCAL_VALHALLA_MATRIX;b0f4c72568c4f6d900cf342887606d69fdaabc7ac08238a15f3dad6f9ed522a6;a318380263312402b1d4126a4e539b0566397868d1ab71ca908604ff18e55b9a;2026-09-28T19:47:05.797752+00:00;false
LOC-0045;LOC-0102;WALKING;2026-08-17T07:00:00+03:00;OK;1797;30;2488;LOCAL_VALHALLA_MATRIX;b9bdbf81359ec2938ee50d993e93b7b3beb8df34d80829aa2075ac8e665f9653;20ae5aa4c4923956dbc7595a0dce1d023eae34fea862cdc07a76c839666116d3;2026-09-28T19:47:05.797752+00:00;false
LOC-0045;LOC-0112;WALKING;2026-08-17T07:00:00+03:00;OK;3683;62;5163;LOCAL_VALHALLA_MATRIX;e1ae4e73c99403ff62ef734fae48a5183cc2aa2ca7c6f9d8591f356b98a24e71;2a089a2fdc68d446909713f6ebe78305be8bc6edcbc5e8aa52bd3969e6af9f10;2026-09-28T19:47:05.797752+00:00;false
LOC-0045;LOC-0124;WALKING;2026-08-17T07:00:00+03:00;OK;3994;67;5581;LOCAL_VALHALLA_MATRIX;01a60d81b22d7435560f959eabefed4fe55d21dfe1b669cb60fc826edd43d052;a50ae7a2589a03f36c9600c01fda07d360880e05b6524c49e224572851ed0707;2026-09-28T19:47:05.797752+00:00;false
LOC-0045;LOC-0125;WALKING;2026-08-17T07:00:00+03:00;OK;3438;58;4793;LOCAL_VALHALLA_MATRIX;eb65c155e9a95f6499e3157ee51529558879f3821d53309cffd4b4b62469a3ba;2b1e2672a734a2c01bb8f59d1573c3e9c9a5cbcce7e09503197fb912f646f90e;2026-09-28T19:47:05.797752+00:00;false
LOC-0045;LOC-0126;WALKING;2026-08-17T07:00:00+03:00;OK;3277;55;4597;LOCAL_VALHALLA_MATRIX;8ff57082630e19cc692af64cc5bcaee1706c2acc6047b010106bda71cfecb1d2;fa5e45d2e9e79b5dba735aca774c3153171f2dcd9c173a56d728f3f274b301db;2026-09-28T19:47:05.797752+00:00;false
LOC-0045;LOC-0128;WALKING;2026-08-17T07:00:00+03:00;OK;4604;77;6722;LOCAL_VALHALLA_MATRIX;8717cda4711cb28587e9dd23cd2e2e10611a1e39c21915c4c8c0fcdcd47f23b8;eff55c462faa9e02d940d83864691ba00fa2eda70817487e4d498bb775418cdd;2026-09-28T19:47:05.797752+00:00;false
LOC-0045;LOC-0134;WALKING;2026-08-17T07:00:00+03:00;OK;3801;64;7191;LOCAL_VALHALLA_MATRIX;6d45551e16f837b3bb4dca333b2853ab716032ae959d76ba6508812191e3e27a;b80491d0cfd388f28a5a59ad883eac53796f7ea59f65464d7a7d396a46200b3e;2026-09-28T19:47:05.797752+00:00;false
LOC-0045;LOC-0135;WALKING;2026-08-17T07:00:00+03:00;OK;3791;64;7177;LOCAL_VALHALLA_MATRIX;50d8eb921a91d68a31e851f9958d9cf65a498b757318132e610b3753d03ebcfb;16dc2217abb61db80fa484dccb31ba31f63dd7ed9e92abfb4b2d073ba17fea4e;2026-09-28T19:47:05.797752+00:00;false
LOC-0045;LOC-0136;WALKING;2026-08-17T07:00:00+03:00;OK;4205;71;7751;LOCAL_VALHALLA_MATRIX;5a3b1a2df5f406db9c19af38956c3f5d18bb468bc5d1dc6131492085c20f8dec;92626816c343f2cb7e7a744260eda7dcd687787500deb328aef155693298cfd4;2026-09-28T19:47:05.797752+00:00;false
LOC-0045;LOC-0140;WALKING;2026-08-17T07:00:00+03:00;OK;2980;50;4184;LOCAL_VALHALLA_MATRIX;b3452035f085bf12bf091accf18a55620f53844c8cd525c7cabb6fa72d241933;748df40b968be8323c94e75194813001ccda79c01e6a6f777c3a37ccff42862c;2026-09-28T19:47:05.797752+00:00;false
LOC-0045;LOC-0141;WALKING;2026-08-17T07:00:00+03:00;OK;3191;54;4494;LOCAL_VALHALLA_MATRIX;9379372083a02b1ea46e4b41338a0abf6c0d1ffc94ef45cd5d3e1c272e975c07;20d79daed880062deb0fa662db26545e0033ae227d61b698ce28cd4acbb3b1cc;2026-09-28T19:47:05.797752+00:00;false
LOC-0045;LOC-0142;WALKING;2026-08-17T07:00:00+03:00;OK;3272;55;4567;LOCAL_VALHALLA_MATRIX;340e632498fcf282ed1c3ccc90aeaa926e17290235395878d6378af49437624e;6ecd0bad383007b602dda8c056df58808ecc93383d77263a6a1838022df4d4cb;2026-09-28T19:47:05.797752+00:00;false
LOC-0045;LOC-0145;WALKING;2026-08-17T07:00:00+03:00;OK;5349;90;7480;LOCAL_VALHALLA_MATRIX;a1687516a7373d18817a7c77e6480b996d5d78aa03b0863699919303b0a92dcc;0e5abfe67857ee68cd167fc197d9bf5a26cb05a7cac4d2152fe185eed807f126;2026-09-28T19:47:05.797752+00:00;false
LOC-0045;LOC-0148;WALKING;2026-08-17T07:00:00+03:00;OK;2650;45;3734;LOCAL_VALHALLA_MATRIX;e98c89b37dfd9e3f59d15b21d3342c9d589d8ee9746dd1c6e6a81e700405ce78;f31437350d8f78ef3ecb7e6a1cdd4aec34fac4f2671cfa074327624cccb174f5;2026-09-28T19:47:05.797752+00:00;false
LOC-0045;LOC-0149;WALKING;2026-08-17T07:00:00+03:00;OK;2431;41;3416;LOCAL_VALHALLA_MATRIX;1c6fd6400473171d8300aa0eba04324c232f3ef2f940c92d2f0a625ed61d1b0d;4b61dc0f0e5f80f1b86283752021bac15aed0883ebe4c12b497af422488ddb88;2026-09-28T19:47:05.797752+00:00;false
LOC-0045;LOC-0150;WALKING;2026-08-17T07:00:00+03:00;OK;2338;39;3281;LOCAL_VALHALLA_MATRIX;dc040722db2681ce8a0b374c936c81e60c3b7df7e76c5676698f3e19d262809e;e6fe7cfa6bc1276964ed9f5bfa10d8eb990320be44e507d2e5a2c4195e06af11;2026-09-28T19:47:05.797752+00:00;false
LOC-0045;LOC-0151;WALKING;2026-08-17T07:00:00+03:00;OK;2638;44;3688;LOCAL_VALHALLA_MATRIX;70a58776b91ac923a173c52de82b96fb67ce729cc33d0483147c2bc50137834b;0b1f8f38d2a1e6f7e92f9c723939365c01f3474d1ac8c8b9d83cbc69a952851f;2026-09-28T19:47:05.797752+00:00;false
LOC-0045;LOC-0152;WALKING;2026-08-17T07:00:00+03:00;OK;2697;45;3811;LOCAL_VALHALLA_MATRIX;617056c13ff31a19a5150c7633c7c69f079c635e8cd87bde4fe74ac91b52d131;49fddbe2902fa0f58be74e4eee2eb95338a3534b4520fa734d6ba68f9984ee16;2026-09-28T19:47:05.797752+00:00;false
LOC-0045;LOC-0190;WALKING;2026-08-17T07:00:00+03:00;OK;4417;74;6169;LOCAL_VALHALLA_MATRIX;0a44c8ce4b6374db72623cf8c6564d598ddc0ba2dc350ac4bb45daa34a300cfd;0d466a3be304670bede8d93a271bd71641c3828f83ff13a9ca6f57ad6a6d7d6d;2026-09-28T19:47:05.797752+00:00;false
LOC-0045;LOC-0196;WALKING;2026-08-17T07:00:00+03:00;OK;4331;73;6021;LOCAL_VALHALLA_MATRIX;2e3df53328ce2a65acd37e2a152460a92b09c44e7b83672d1e8431a5ced32eca;03bfa32493b091f4a9fe2e0c3dc64c75437afdf9b2fbcc9d9f4b6c89967cda63;2026-09-28T19:47:05.797752+00:00;false
LOC-0053;LOC-0002;WALKING;2026-08-17T07:00:00+03:00;OK;2895;49;4064;LOCAL_VALHALLA_MATRIX;066b3d9dde74ef2d41b16477d1a5aa075bed5687fc90254567d3982334a25d7d;1c13b38bd9460b5463037df1e1883c52d1eb8e031e8bfea4d154eba354ade13b;2026-09-28T19:47:05.797752+00:00;false
LOC-0053;LOC-0008;WALKING;2026-08-17T07:00:00+03:00;OK;6672;112;9477;LOCAL_VALHALLA_MATRIX;a214c33a486acee7b0dd918c9fee3bc1d6c495d0d08102e29c489d726ea258f8;64de474cf4ab2e117767486d2a698788ef436557a5f40f5e61b4cda4be652dc8;2026-09-28T19:47:05.797752+00:00;false
LOC-0053;LOC-0009;WALKING;2026-08-17T07:00:00+03:00;OK;5042;85;10975;LOCAL_VALHALLA_MATRIX;d71c1e4e9935c508553a8f51fca1c7ffbaedd9bd00df3f9262e43ab66defd550;4354573046ce01e0591958a10934075bf6fc2f898a8b7dfae66876dfd0c022e2;2026-09-28T19:47:05.797752+00:00;false
LOC-0053;LOC-0010;WALKING;2026-08-17T07:00:00+03:00;OK;7118;119;10114;LOCAL_VALHALLA_MATRIX;39588908a6171b9bcb8b570779cc603ba07311af195453f53a7c8af7711a8ac2;19e51cdba51def9ef152c028c8dcf8d608e793e5a524af127efce3052959c889;2026-09-28T19:47:05.797752+00:00;false
LOC-0053;LOC-0011;WALKING;2026-08-17T07:00:00+03:00;OK;6216;104;8820;LOCAL_VALHALLA_MATRIX;8b524cdfa98e4694c6f7eb9b96c8d40593aef57b8ab7d3786ade58afd6b8cacb;aec7f46c822b737add5106c32a78645749577ee9a7ffe6d21ad49ca6c338b850;2026-09-28T19:47:05.797752+00:00;false
LOC-0053;LOC-0012;WALKING;2026-08-17T07:00:00+03:00;OK;6290;105;8947;LOCAL_VALHALLA_MATRIX;33cc65143076ff3234d35c62f0f76edf0a20171ad9ef9ed5e431283c302aefb2;4632f8fc793eab36fdfc88a39f8ecc7b82541955b2729e8cbbf5414c7d14806b;2026-09-28T19:47:05.797752+00:00;false
LOC-0053;LOC-0013;WALKING;2026-08-17T07:00:00+03:00;OK;3463;58;4863;LOCAL_VALHALLA_MATRIX;1b3b5bef48c29e235362388b32c67c864936203597f64d8c74904a132e59df0e;e5dd998c584f3081d23cc9833ba3ba83c7748bc1c5098bfe7626c00d6c74ef60;2026-09-28T19:47:05.797752+00:00;false
LOC-0053;LOC-0016;WALKING;2026-08-17T07:00:00+03:00;OK;721;13;1007;LOCAL_VALHALLA_MATRIX;ae40b86b834c32312447998a37ece350ea390ecfbc7524c29774560d86bc5105;4af1210fef95151224717fc0443c84bb0c30224b8c2347dec7804d036118982f;2026-09-28T19:47:05.797752+00:00;false
LOC-0053;LOC-0017;WALKING;2026-08-17T07:00:00+03:00;OK;4765;80;6710;LOCAL_VALHALLA_MATRIX;2fcb65a56b1e67d85dceba2ad190c802105d1474387018e309cfd4572d4c6b93;3050fa080a5ea9c1e824495b856559f7df792bd108db682849cc808b927b4178;2026-09-28T19:47:05.797752+00:00;false
LOC-0053;LOC-0018;WALKING;2026-08-17T07:00:00+03:00;OK;5005;84;7029;LOCAL_VALHALLA_MATRIX;627cdf4d21692cb21c18f5c8c34457921cd8d589725bb7078102c3376d8515f7;fa77a8792989b6fa3684876f5b33a8a8c66e188fcad30dcc13f9fb201c9dda50;2026-09-28T19:47:05.797752+00:00;false
LOC-0053;LOC-0019;WALKING;2026-08-17T07:00:00+03:00;OK;7598;127;10784;LOCAL_VALHALLA_MATRIX;20bdf856bb956c571143c00319a3f579505c5521321b3e7e3bb9064f2d9d33ae;cb2aac196caf7ae78c38c80b1e9b42a5c073fd4c0a7fc34f0770f7c6a70ee867;2026-09-28T19:47:05.797752+00:00;false
LOC-0053;LOC-0020;WALKING;2026-08-17T07:00:00+03:00;OK;7230;121;10105;LOCAL_VALHALLA_MATRIX;29e8d20d10a79656a93f07069da10e9d2251e6b135fbd5d02f8dc8b5a90c1581;777af7b4e5afc6133c05ab7e6f6b33063e6110c5c8e4c7bc065a9aa353465b90;2026-09-28T19:47:05.797752+00:00;false
LOC-0053;LOC-0023;WALKING;2026-08-17T07:00:00+03:00;OK;6104;102;8561;LOCAL_VALHALLA_MATRIX;ff5da71832b2931f959f7d95ec9f9a1ee78ecdfcbeaf6b1c3d827cb3b7106860;2fbedaab30ac314c079aaf08bcc00626ca96b3d0cf20a6af61a678ba8fcc5fc8;2026-09-28T19:47:05.797752+00:00;false
LOC-0053;LOC-0027;WALKING;2026-08-17T07:00:00+03:00;OK;3275;55;4603;LOCAL_VALHALLA_MATRIX;a80362bf7ffa68abf75b6814789c8f02041095036919b7bf7474410fcc8c7083;aa03e83f182fd5fcebd656188ec52060d6d12c12949fe4577e2c173530024ee6;2026-09-28T19:47:05.797752+00:00;false
LOC-0053;LOC-0028;WALKING;2026-08-17T07:00:00+03:00;OK;2650;45;3729;LOCAL_VALHALLA_MATRIX;dd1fea0b058abc33c38648b0f40750699d509615015205f3e15db0845a44b5e8;37dc35531f52b817555573ee5105c434c23f14a60b20772b30764e9ccdc81805;2026-09-28T19:47:05.797752+00:00;false
LOC-0053;LOC-0029;WALKING;2026-08-17T07:00:00+03:00;OK;2532;43;3562;LOCAL_VALHALLA_MATRIX;af39ee5857553a6ad7118a89caf6646c6a05bf5091ebe05f419f061224e20202;948595a664fc9e9b4b1ee3a0290d8f180bd16386afd057281bbf57d6585fc2f6;2026-09-28T19:47:05.797752+00:00;false
LOC-0053;LOC-0037;WALKING;2026-08-17T07:00:00+03:00;OK;3648;61;5124;LOCAL_VALHALLA_MATRIX;ee46f2b7b544977511f9993c2d171f3de1680cf944a9de78de0b3ac9c47da9c4;92fb4ed533559a513cfdcd9e766b2828b6aa2a58c0f7c5513c1bd958737864b9;2026-09-28T19:47:05.797752+00:00;false
LOC-0053;LOC-0045;WALKING;2026-08-17T07:00:00+03:00;OK;2556;43;3581;LOCAL_VALHALLA_MATRIX;a963eb385d7a028fc7420ec5784c134b09a5401f8e1412db6ee54dccec817a86;cd3e1b2a2c214c837cdab72ba1a5f21ed1d5a5626f65b3993eb89d6a7659a69c;2026-09-28T19:47:05.797752+00:00;false
LOC-0053;LOC-0053;WALKING;2026-08-17T07:00:00+03:00;OK;0;0;0;LOCAL_VALHALLA_MATRIX;1fae9f5ed6ed57c60ef1430882d819c7b42c7f1072a363e2eae7740e8d52a5f4;3d5812abc84c11768aa73a732c85d75dbed439188f5bb3239e9b762ea31d9862;2026-09-28T19:47:05.797752+00:00;false
LOC-0053;LOC-0054;WALKING;2026-08-17T07:00:00+03:00;OK;3834;64;5387;LOCAL_VALHALLA_MATRIX;40668af7d6001611d9a0059081948ca7f7531f3ac8624867bf5c52ac17f3096f;2e885885766458bdad8626ca76940634b9d0cb7b005998cc1047c961609deccf;2026-09-28T19:47:05.797752+00:00;false
LOC-0053;LOC-0061;WALKING;2026-08-17T07:00:00+03:00;OK;6171;103;8721;LOCAL_VALHALLA_MATRIX;5f6bd3d3c93e3c9fd41802bf52aabfe345aa4ae17d49346a543ad8032fcd3736;6d029b42ea990119f069ba71f3bd6c8da55494b484e0b7f4ad0dd2c309abf27c;2026-09-28T19:47:05.797752+00:00;false
LOC-0053;LOC-0063;WALKING;2026-08-17T07:00:00+03:00;OK;3705;62;5154;LOCAL_VALHALLA_MATRIX;8cf5d45f968c101fed2d3b37ceb7f8339b49adf09c4ecf2d7a6a9a3ded9fea27;b0e2a766b68aa6e835711c355e4d45949fc9af6c60c7bf3049822d55553de7fb;2026-09-28T19:47:05.797752+00:00;false
LOC-0053;LOC-0064;WALKING;2026-08-17T07:00:00+03:00;OK;3285;55;4603;LOCAL_VALHALLA_MATRIX;7db52a201b0f8ad38f73cc79d81a14f27c84bd480de7b41f0259f007283e245a;c873bc38e17d2fd5678fa0a37d01f3643ee182c0b75cf8a577c1d3b8ad3410a7;2026-09-28T19:47:05.797752+00:00;false
LOC-0053;LOC-0074;WALKING;2026-08-17T07:00:00+03:00;OK;4294;72;6017;LOCAL_VALHALLA_MATRIX;85d373078dca69bb41b30e73f896e2ceefada63b7ba9904a8dfb38cd6d84b06f;f810fa555547e6fcaaa05a83ee123ea1d76ea1e8ddb772371569cf8e2e1ace48;2026-09-28T19:47:05.797752+00:00;false
LOC-0053;LOC-0075;WALKING;2026-08-17T07:00:00+03:00;OK;4316;72;6049;LOCAL_VALHALLA_MATRIX;918933b4ca4f0dc473a5f78c2632b72797743d22d171a0cc8e9bbc6d7a1f2479;87012b415b21554eb1b340dd45d40885b62ea02ef13bbb9789e2e57aed043366;2026-09-28T19:47:05.797752+00:00;false
LOC-0053;LOC-0076;WALKING;2026-08-17T07:00:00+03:00;OK;982;17;1365;LOCAL_VALHALLA_MATRIX;fa5bd55f16a8524ece9db5c5cf36218ba2df1831754f13e401ec17bde28d326e;55bd480b86cb2a71bdc4ce883845fc4d63bfa08f6baf236f902a727e7ae3726d;2026-09-28T19:47:05.797752+00:00;false
LOC-0053;LOC-0078;WALKING;2026-08-17T07:00:00+03:00;OK;2717;46;3781;LOCAL_VALHALLA_MATRIX;356ac73748403aba539054a48b812a434804e4d76f04936a10705182d56cc0f5;b5f4366a7592488ca4758da8cb671025a57983716f53e23f4810a024279956ea;2026-09-28T19:47:05.797752+00:00;false
LOC-0053;LOC-0080;WALKING;2026-08-17T07:00:00+03:00;OK;4745;80;6631;LOCAL_VALHALLA_MATRIX;3857d4426aa837acc034c83a5d28bfbbefa768b692c7ffcc98f09b09e801514d;f750575f2c5ee7655dba171f6ba6a6030dfd8737975acf2d522f3a4135f1e9f0;2026-09-28T19:47:05.797752+00:00;false
LOC-0053;LOC-0082;WALKING;2026-08-17T07:00:00+03:00;OK;3353;56;4698;LOCAL_VALHALLA_MATRIX;46627a44dde6f73484db5d07835c6f93e06607ed96dadc38b2c25be26bdbe452;18db816d301e3c895287c13d4d3554c67b4ab22f360555c4f87b78f391ea9a71;2026-09-28T19:47:05.797752+00:00;false
LOC-0053;LOC-0085;WALKING;2026-08-17T07:00:00+03:00;OK;3824;64;5367;LOCAL_VALHALLA_MATRIX;9d011c8bc56269b8af2ca8c01067ad97e8c2ea975a27c9adb4b704a40acc5568;c05c84ff14488b169b078281e8a6eca059ad38585a9a784fea69d8a3af1042ad;2026-09-28T19:47:05.797752+00:00;false
LOC-0053;LOC-0086;WALKING;2026-08-17T07:00:00+03:00;OK;3896;65;5461;LOCAL_VALHALLA_MATRIX;530d5a6c810b8be14e130c35ab93d09bfa3ced884526c638eeb2f07a184674b5;2f94d2495a87efe87cbb77332e09960252767aad7190d6749fb1c95f4ea2b84a;2026-09-28T19:47:05.797752+00:00;false
LOC-0053;LOC-0091;WALKING;2026-08-17T07:00:00+03:00;OK;6902;116;9796;LOCAL_VALHALLA_MATRIX;beae4f9fdf4be22d737d82083c058ebd88bf68d108290b3bc1ab852242145666;d39ac4145aae4b1e9128ad9857fdb3708706b0ac5beed1f9f3a0b56143c48073;2026-09-28T19:47:05.797752+00:00;false
LOC-0053;LOC-0092;WALKING;2026-08-17T07:00:00+03:00;OK;6696;112;9347;LOCAL_VALHALLA_MATRIX;0f0ef8e640c32e9b58e05e08c07105f8cbcbdfccb24751b81a969eede251f579;47268405d4800e225c251ecdf658d626f97c4c1b3c90c9a9eae1fc05ca6c8a24;2026-09-28T19:47:05.797752+00:00;false
LOC-0053;LOC-0093;WALKING;2026-08-17T07:00:00+03:00;OK;6588;110;9198;LOCAL_VALHALLA_MATRIX;321d209000fb1994c1d2bffbf75cde9c1194937ab4b1060d882e1de1fc7ca36d;3c13133d79feaab9a03ac4cf195481e5d4b71f5eb539d6b85000dcbe8b75f8a8;2026-09-28T19:47:05.797752+00:00;false
LOC-0053;LOC-0094;WALKING;2026-08-17T07:00:00+03:00;OK;5986;100;13446;LOCAL_VALHALLA_MATRIX;bc59bac8049c087aa54ab9361c90d5948509c5a4199b64605552cfea2f620c1c;80285fc6f28e306957b2f5643296e15477336d5851f3e6a1a843b8179e2056c8;2026-09-28T19:47:05.797752+00:00;false
LOC-0053;LOC-0095;WALKING;2026-08-17T07:00:00+03:00;OK;5530;93;12657;LOCAL_VALHALLA_MATRIX;8bef83d50639005e999445bf4f7c70dbcb477c20662f5247f83c3f43915d00c6;2a94ea2ba87895ebf5ad0e4c6ce9f8347eb709563a7a74e723ad536813e07da7;2026-09-28T19:47:05.797752+00:00;false
LOC-0053;LOC-0102;WALKING;2026-08-17T07:00:00+03:00;OK;3566;60;4969;LOCAL_VALHALLA_MATRIX;ab791d2e110babbe5eac4574c36cd02f7cf347c50fe5e5abe66625cf1ba15bc2;942b1cb6f2030b7dfc48dc51d7dbf49b862bb6a2e86afa7b29d933a1063a79fd;2026-09-28T19:47:05.797752+00:00;false
LOC-0053;LOC-0112;WALKING;2026-08-17T07:00:00+03:00;OK;5286;89;7382;LOCAL_VALHALLA_MATRIX;9edd8a16467fbc01b075333fe671addc41ee63b890001e6ffd17f5c4ea8cbcf3;d90f112e9d546463fa216081061c5055af3da3715f390742919edda453737193;2026-09-28T19:47:05.797752+00:00;false
LOC-0053;LOC-0124;WALKING;2026-08-17T07:00:00+03:00;OK;5616;94;15248;LOCAL_VALHALLA_MATRIX;cf1bb39313c33e111a15e0c13b1b90794f666453a0d996b0c7d4c6180ceebdc4;05d5533772605150ca1f74845d0e650d63372b8a8a52fc7b47abb634b8707688;2026-09-28T19:47:05.797752+00:00;false
LOC-0053;LOC-0125;WALKING;2026-08-17T07:00:00+03:00;OK;5371;90;7535;LOCAL_VALHALLA_MATRIX;4c2c36433ff5f27678c79ef116b1e716221863af4875878e01a311c4ea01e02b;7d2d58ddfe645790febae54222fb17b9fe785525fc0c9b14f0b68ff57190c4a5;2026-09-28T19:47:05.797752+00:00;false
LOC-0053;LOC-0126;WALKING;2026-08-17T07:00:00+03:00;OK;4529;76;6458;LOCAL_VALHALLA_MATRIX;44116f912f66932fe66675af8488e397090342c5dbb85e30a648c9bafd7c09df;84da946ff84fe6dbc837f02948be67a169771287b77c4db7a9ab5532f74225d9;2026-09-28T19:47:05.797752+00:00;false
LOC-0053;LOC-0128;WALKING;2026-08-17T07:00:00+03:00;OK;3762;63;5282;LOCAL_VALHALLA_MATRIX;ee831f4dd605272028c223e1b76be7bc3bebf8713b4f89ef4fcec31ed786dbc3;714d17ca8f559d5625063d99e4bab53ee3a3ba2f63fb53a154582a162ba2e46a;2026-09-28T19:47:05.797752+00:00;false
LOC-0053;LOC-0134;WALKING;2026-08-17T07:00:00+03:00;OK;3182;54;4466;LOCAL_VALHALLA_MATRIX;b39d3e827ac40651503a6e3f337c5dfdc52567bf5effbf402c2f7891618793b2;902b99574c08dd7628e891ecce9fdea1a089192c744f59a65425007e655bc9de;2026-09-28T19:47:05.797752+00:00;false
LOC-0053;LOC-0135;WALKING;2026-08-17T07:00:00+03:00;OK;3172;53;4452;LOCAL_VALHALLA_MATRIX;fb9f88d4b5499eea8b8b54b397728c5fe4e7d2ff538244c0bfd83bce25fa98d7;deb952bf723e08950419da9cd3b7e3a9a82d40397604853d34d0016dab680d2a;2026-09-28T19:47:05.797752+00:00;false
LOC-0053;LOC-0136;WALKING;2026-08-17T07:00:00+03:00;OK;3587;60;5026;LOCAL_VALHALLA_MATRIX;a1c788079927561dbe623ad1e0f260b31eb54cc764e7c6c3bfd9b1d3e72a4395;bc63f261a38601308847d1d9cbe1e7ce020b3b06b747f9dc613c17e309312f1d;2026-09-28T19:47:05.797752+00:00;false
LOC-0053;LOC-0140;WALKING;2026-08-17T07:00:00+03:00;OK;825;14;1162;LOCAL_VALHALLA_MATRIX;9dc0d2955b02ba29e3feeaed2ef3fa0320b4c0972ba0b5df8679a99ab36909f6;24a0d8e6e4a044b42d9dae2ccdd4df0813924e18a358ae70a30f3a377980142a;2026-09-28T19:47:05.797752+00:00;false
LOC-0053;LOC-0141;WALKING;2026-08-17T07:00:00+03:00;OK;7064;118;22681;LOCAL_VALHALLA_MATRIX;4ae8e233b64d5596ba9a3737d3b9f060f4e86b66bd487d7c7056c1aaadd50f99;961a45d67bff6084ff20a571375b85187b4b7c0aff378e51a70f7e26feb420e1;2026-09-28T19:47:05.797752+00:00;false
LOC-0053;LOC-0142;WALKING;2026-08-17T07:00:00+03:00;OK;5819;97;8140;LOCAL_VALHALLA_MATRIX;f75aac22dc9de52d5f2b891167564e605481aa140c6670ca3f95e447f9e93940;b0ab6041d7ffdc9eb238734b3ffcc0f14c821752432a0bfc077bd70655ca0e5e;2026-09-28T19:47:05.797752+00:00;false
LOC-0053;LOC-0145;WALKING;2026-08-17T07:00:00+03:00;OK;6952;116;9699;LOCAL_VALHALLA_MATRIX;7f7d7006bf054f82cbbe8ae7628b0f41af958125577902ec58b71633286d72b4;193e37f1f42d007d314f54f97d0dcd8b18bcd22e35b7634a55e58566c531184e;2026-09-28T19:47:05.797752+00:00;false
LOC-0053;LOC-0148;WALKING;2026-08-17T07:00:00+03:00;OK;4267;72;5972;LOCAL_VALHALLA_MATRIX;9c0915ee18bcc52343dc36e8ece865751374acb104e549dbc7d63f4910c6b84f;eb49e0727f09ed723b8c10ca7a1d96ba049e19b9d797ed078c737e5cf3bff539;2026-09-28T19:47:05.797752+00:00;false
LOC-0053;LOC-0149;WALKING;2026-08-17T07:00:00+03:00;OK;4046;68;5673;LOCAL_VALHALLA_MATRIX;f8da4d5720e6b76230feddb98ba98b1a0de9e72a77b941743833c8b37ba0c9e1;edfe696ed51af5070614f8e9d6793d121cd38664bf4731646ed7539e201daf3c;2026-09-28T19:47:05.797752+00:00;false
LOC-0053;LOC-0150;WALKING;2026-08-17T07:00:00+03:00;OK;3953;66;5538;LOCAL_VALHALLA_MATRIX;b95e58554b2b038bb98a086eff50b49316ba6f5424d681e3c0f4503f2392fae7;f995859170e98ae2068912573c6f1e71fa7e5f8b1790c5ba4ded272e0bb3d377;2026-09-28T19:47:05.797752+00:00;false
LOC-0053;LOC-0151;WALKING;2026-08-17T07:00:00+03:00;OK;4377;73;6160;LOCAL_VALHALLA_MATRIX;2b9bb892f518387fe60393d43bf2aa4d16bf30f28aafe78ad5a03df0242ec1f3;426928e3082ba905092c51e5c90c59cdee354366865b9eb842d9635200260819;2026-09-28T19:47:05.797752+00:00;false
LOC-0053;LOC-0152;WALKING;2026-08-17T07:00:00+03:00;OK;4312;72;6068;LOCAL_VALHALLA_MATRIX;4660b4ff93bcf01563a90d06593f9b4f5d17f0a6b1302bf3dd593b749ab95820;7a3cbf161b0e43526e45db91564b82784a54ba60d80f8d45fbace238481709a6;2026-09-28T19:47:05.797752+00:00;false
LOC-0053;LOC-0190;WALKING;2026-08-17T07:00:00+03:00;OK;5330;89;7577;LOCAL_VALHALLA_MATRIX;3e5306e04caac54e69f4643307e71d186415a8fa0eb7ac7e034e16af92ef419e;dc1603f38e73f257d53cbf94315cbbfbdc9759ff847e98a2dbfc6d66106cf9da;2026-09-28T19:47:05.797752+00:00;false
LOC-0053;LOC-0196;WALKING;2026-08-17T07:00:00+03:00;OK;6788;114;9458;LOCAL_VALHALLA_MATRIX;aece72f06ad4767ae5e442212a7b2ab6574962ccaf695949f81b18602320f0a5;c7244a2cceeb088d6d45edb11afaa1020f8c96063693647998e17bd73a792779;2026-09-28T19:47:05.797752+00:00;false
LOC-0054;LOC-0002;WALKING;2026-08-17T07:00:00+03:00;OK;1739;29;2449;LOCAL_VALHALLA_MATRIX;a5039760a783c3f1fadd1079e7c811b8da53657c12b450034d3aee22dcfedbeb;e8b85a800d0ac5678c0e28a2f0503012fb014d6373efee85113086adec03ef0e;2026-09-28T19:47:05.797752+00:00;false
LOC-0054;LOC-0008;WALKING;2026-08-17T07:00:00+03:00;OK;3374;57;4737;LOCAL_VALHALLA_MATRIX;5f9f9f083137e1f1b0bc39b12792512f047989c71492a0335418396b163c2c39;cb2cfd79c6f74b48e3dfd6552ce0c3411fcf2cfd94f31011dc6f5565a8e9c255;2026-09-28T19:47:05.797752+00:00;false
LOC-0054;LOC-0009;WALKING;2026-08-17T07:00:00+03:00;OK;6475;108;17126;LOCAL_VALHALLA_MATRIX;5ba4a6b4fed80feefce2882965baafa48b63dda0bab9c4eb790476a4af8ca4e2;ed458586123cc27e23e8585cfa67d48e91b891d88e64d703d8ccce20f257aa64;2026-09-28T19:47:05.797752+00:00;false
LOC-0054;LOC-0010;WALKING;2026-08-17T07:00:00+03:00;OK;3990;67;5598;LOCAL_VALHALLA_MATRIX;d8deb12cc9d5f7eddbebe6f1cbe5253f5938e0db3a6ba729af04fed5ebebf674;c1e2ed05d36a11b46b4612c0bb4f87f4d209e182bbe633ebbbfe74ddfaa0b634;2026-09-28T19:47:05.797752+00:00;false
LOC-0054;LOC-0011;WALKING;2026-08-17T07:00:00+03:00;OK;2751;46;3856;LOCAL_VALHALLA_MATRIX;cc5b23cd6c3c91fcad0e6b13557a2087b178b6f38c3d265c3b77c4e832681ee0;66817a12c4d96a513bda79d1826efd272b8e2d183761404aa09d29a03536498d;2026-09-28T19:47:05.797752+00:00;false
LOC-0054;LOC-0012;WALKING;2026-08-17T07:00:00+03:00;OK;3001;51;4218;LOCAL_VALHALLA_MATRIX;c920ec2f866e6eb2f4b67671ef897d18e8e8007723a4b215ac9a4a207dc32796;878e608628b14f66d16343e2c67c7b08508807df88cf99e6d616c6c4e7d9c6e3;2026-09-28T19:47:05.797752+00:00;false
LOC-0054;LOC-0013;WALKING;2026-08-17T07:00:00+03:00;OK;2619;44;3687;LOCAL_VALHALLA_MATRIX;bed02139e0cd2eebbe6337510b461e2d0cd5b0e26e5a2a9d247e6b56ca2bb8d6;3a62c7d7a8216164a423c2237fc17d5ffabb57f6dda54ffe2be99ba89f51da30;2026-09-28T19:47:05.797752+00:00;false
LOC-0054;LOC-0016;WALKING;2026-08-17T07:00:00+03:00;OK;4404;74;6177;LOCAL_VALHALLA_MATRIX;9f76a4d19f8d8c151deb498ee01781fd5f3d574e6ba737d2196b241b3f5e6c6f;605962ca4b6daa08d22ff8c481b27b987c1bd83e41d419d5ed9066debfa4304d;2026-09-28T19:47:05.797752+00:00;false
LOC-0054;LOC-0017;WALKING;2026-08-17T07:00:00+03:00;OK;5541;93;7768;LOCAL_VALHALLA_MATRIX;772e79f9ed56003bb3c23a1b9a3d7d71c72355fae1f21967fe18f3c0910543e3;9dcd59f35371cec2dd6d970e0a47f395f71c4ed424450c08a8e93cdb4992ea87;2026-09-28T19:47:05.797752+00:00;false
LOC-0054;LOC-0018;WALKING;2026-08-17T07:00:00+03:00;OK;5038;84;7080;LOCAL_VALHALLA_MATRIX;252c628435d278177d5a851fe03ce2db48b3cb613dd2e15e27269a878cc3f975;702f6db362ecb72654317ab90b5a588a2d9533daa8f2a476b3175c8afcff210f;2026-09-28T19:47:05.797752+00:00;false
LOC-0054;LOC-0019;WALKING;2026-08-17T07:00:00+03:00;OK;4286;72;6008;LOCAL_VALHALLA_MATRIX;e6dcdd727117bdf23dfc65a9254a0bd6aac63ebe50490151b7f507321d4c9856;79cea18eacbd9e4fdfe9596e82a801af64d7af23322d9fc872f9083fa57b80c0;2026-09-28T19:47:05.797752+00:00;false
LOC-0054;LOC-0020;WALKING;2026-08-17T07:00:00+03:00;OK;4792;80;6740;LOCAL_VALHALLA_MATRIX;aa55dedf461fdba43d66fbe9fa209a7a0f443e9b97c05f3b18370f54d4347baa;07ab244f5439539641bc5f57ee49cd56ad35b65689326796f7ddacbc7907da2c;2026-09-28T19:47:05.797752+00:00;false
LOC-0054;LOC-0023;WALKING;2026-08-17T07:00:00+03:00;OK;5205;87;7284;LOCAL_VALHALLA_MATRIX;670d5531597dc9deffdda25d183b9040b4601006834df1227f0dabc1464cde81;f40b0aedfcf45846fb5b5e01cdd96c94807eeee52a1b6bdcfad5e04e2ef6f77d;2026-09-28T19:47:05.797752+00:00;false
LOC-0054;LOC-0027;WALKING;2026-08-17T07:00:00+03:00;OK;3654;61;5111;LOCAL_VALHALLA_MATRIX;2080c2a954f65851ec70dd8b70230476babff647e57f7974e0511191375d3f26;f1f770bb252926803c9bbf63fef71a2deeb18d3e87f6f93afa9ce124db0ec46e;2026-09-28T19:47:05.797752+00:00;false
LOC-0054;LOC-0028;WALKING;2026-08-17T07:00:00+03:00;OK;4569;77;6689;LOCAL_VALHALLA_MATRIX;ee618899fbabbc26adfc2dd428f144bbcd0385405fac3ff68d4947be64289ce7;5a6b07c1b2b5fc3a8e4c093c870ad1f4558e00b313b27d9216bf2c176f1d47aa;2026-09-28T19:47:05.797752+00:00;false
LOC-0054;LOC-0029;WALKING;2026-08-17T07:00:00+03:00;OK;4452;75;6522;LOCAL_VALHALLA_MATRIX;27046ccb6ea8ca4f1c9ccdada58f5b2298906fa4b756674f1e2608ecb0666bd3;478fca8e7e95b5898f099d2b6870d904620de1fb62ae109aeeaf058a5e740dc3;2026-09-28T19:47:05.797752+00:00;false
LOC-0054;LOC-0037;WALKING;2026-08-17T07:00:00+03:00;OK;742;13;1047;LOCAL_VALHALLA_MATRIX;9d0a5965991da0eb9868b58c433369e30fa5ed58749daf9a453635d6821c8389;1e4717aab0bb7ce5edaa0fb559f00bde015a14e6137656fae9c43b529a7cfe06;2026-09-28T19:47:05.797752+00:00;false
LOC-0054;LOC-0045;WALKING;2026-08-17T07:00:00+03:00;OK;4601;77;6719;LOCAL_VALHALLA_MATRIX;df1dda40b2f649615a646b97ee65eca87a5e74471f7d0ee23b047c438ba34bca;5a204bc1e8bb38c9bda6ea842baf0893e621374bdd574885ff22b14303a3288b;2026-09-28T19:47:05.797752+00:00;false
LOC-0054;LOC-0053;WALKING;2026-08-17T07:00:00+03:00;OK;3705;62;5179;LOCAL_VALHALLA_MATRIX;6f430fd5be3f9430f0d7a5e17f4f716f35f5f29d790a4bd8ffd731c30ccb3de1;fcf26d037b2a372ab8a6f85921cebede35332bdb7778c7db4b5841cd35fae9c9;2026-09-28T19:47:05.797752+00:00;false
LOC-0054;LOC-0054;WALKING;2026-08-17T07:00:00+03:00;OK;0;0;0;LOCAL_VALHALLA_MATRIX;3fe521d9768ff39868c851d781c1e065f92884f7be45b5e78ceebcc844059776;3d5812abc84c11768aa73a732c85d75dbed439188f5bb3239e9b762ea31d9862;2026-09-28T19:47:05.797752+00:00;false
LOC-0054;LOC-0061;WALKING;2026-08-17T07:00:00+03:00;OK;2752;46;3822;LOCAL_VALHALLA_MATRIX;0b80baa92da57f0c873887285e9a706c8f882ade3c4ae6a59d500ef5a419c1e4;a6b3953b142c395e6361df6a726c2d49f92aec31650836177c397b396a9eb0d2;2026-09-28T19:47:05.797752+00:00;false
LOC-0054;LOC-0063;WALKING;2026-08-17T07:00:00+03:00;OK;5635;94;11585;LOCAL_VALHALLA_MATRIX;2f30423d14fc5ff8b4ab9b4225996a7c3cb99fc5566e10b4aac6c21febcf49e8;0bc6326adcf78a99e83619919001738f531bdd09d6a6771fae5becf8ad0f7a66;2026-09-28T19:47:05.797752+00:00;false
LOC-0054;LOC-0064;WALKING;2026-08-17T07:00:00+03:00;OK;5371;90;7760;LOCAL_VALHALLA_MATRIX;3087aee0e93682415388339399ac018e1da93305a75df8513fc5ea72a6892fd9;de15dee7e3693949e062bb70834825d483e0a4de4f0e658418a26ff80e042662;2026-09-28T19:47:05.797752+00:00;false
LOC-0054;LOC-0074;WALKING;2026-08-17T07:00:00+03:00;OK;4455;75;6261;LOCAL_VALHALLA_MATRIX;49978ec70306a77bef94efc9e455a44f0515d438ad30356f19144e8c582e097b;cf094cfccdaa89e2490dc18c0064c1dbb8f5b20a8b3aa9758d3d5808f42672b2;2026-09-28T19:47:05.797752+00:00;false
LOC-0054;LOC-0075;WALKING;2026-08-17T07:00:00+03:00;OK;4865;82;6839;LOCAL_VALHALLA_MATRIX;1af0cca224c7d3c34b425df79b22af46f57150470c8fee48757dfa2d521e5508;dd27f12cb56f47be90387a98e90baa10cf44c2c415f21ee3b16a1714d19b4775;2026-09-28T19:47:05.797752+00:00;false
LOC-0054;LOC-0076;WALKING;2026-08-17T07:00:00+03:00;OK;4561;77;6367;LOCAL_VALHALLA_MATRIX;cf067239c1bd3658f520a4014f88c02d604661e96793da6f512855af90c47341;e8d84bf041c0567976fa72f716fffce9ac8a9490db29c01c966f9480916a457c;2026-09-28T19:47:05.797752+00:00;false
LOC-0054;LOC-0078;WALKING;2026-08-17T07:00:00+03:00;OK;4763;80;6927;LOCAL_VALHALLA_MATRIX;883561ebc7f65073be58cca485fc7a605b447dffde4bb8c2e4de198ed98748d8;e0a4d8cb471b92a9a62a92a26eb2aff16c1a471be0f221c5a01237a169bac4cb;2026-09-28T19:47:05.797752+00:00;false
LOC-0054;LOC-0080;WALKING;2026-08-17T07:00:00+03:00;OK;4519;76;6338;LOCAL_VALHALLA_MATRIX;db82ed86fad06a04061ac76eef7d82d2fbdc7d70084007764d78f139394ced56;2e1c911acc5b06da0f81d4d9f27c1369b05b459d236bcbd42c8a1bf49aa9846c;2026-09-28T19:47:05.797752+00:00;false
LOC-0054;LOC-0082;WALKING;2026-08-17T07:00:00+03:00;OK;5330;89;7760;LOCAL_VALHALLA_MATRIX;1204dcac107371b4cf5615c284d83a6a5206e6947668b85e5498cc7e101ee2f6;c87d159e666de7e469a751fb12ed2a2ca62cfd6819194578bfb42d1bbf7cfcd1;2026-09-28T19:47:05.797752+00:00;false
LOC-0054;LOC-0085;WALKING;2026-08-17T07:00:00+03:00;OK;2436;41;3420;LOCAL_VALHALLA_MATRIX;227b0e34f0a0c49397fc7e69b2c0f4710b424b456b1e6e7030beb275c617fb27;2c623baac54f89c75679497d74ab1586365fe53bd0adac9adb9a9a1c53a7a17d;2026-09-28T19:47:05.797752+00:00;false
LOC-0054;LOC-0086;WALKING;2026-08-17T07:00:00+03:00;OK;2342;40;3292;LOCAL_VALHALLA_MATRIX;8b59ce1c2d77adbdc299caa0e0f6cf3b172af135f2abd4e004512aca2974a59c;2baccbf66c2f4f16f75536535ce3673dc3ba1cfc6d75dc0091c156c241e2421a;2026-09-28T19:47:05.797752+00:00;false
LOC-0054;LOC-0091;WALKING;2026-08-17T07:00:00+03:00;OK;3708;62;5201;LOCAL_VALHALLA_MATRIX;e56b304ff50da1c3fcc890c0a22720c259a044e6f5dc496c21fef10e1421cec2;63248c4cd86123c12c4558254db4528a1ef08ad8b422c7043c5c67eb015140f5;2026-09-28T19:47:05.797752+00:00;false
LOC-0054;LOC-0092;WALKING;2026-08-17T07:00:00+03:00;OK;4040;68;5684;LOCAL_VALHALLA_MATRIX;913d87c945c332b6d2320a7733935a745e225daf442a3b142c906a547fe61f0d;e42049f3dde84ffcc4c1b14d83d7450eb4f849d66f907c811ca624167c9eb894;2026-09-28T19:47:05.797752+00:00;false
LOC-0054;LOC-0093;WALKING;2026-08-17T07:00:00+03:00;OK;3949;66;5556;LOCAL_VALHALLA_MATRIX;e4cd8115d8ee7752a831157299dfb629a619165192eb4fee1710a8957c43a80c;7c74eb4e5f87a943df6cdfbe594277549a1e9af6e8162426eed371ac2f3ea744;2026-09-28T19:47:05.797752+00:00;false
LOC-0054;LOC-0094;WALKING;2026-08-17T07:00:00+03:00;OK;2752;46;3874;LOCAL_VALHALLA_MATRIX;f3cb59cb4ee59d3c7a1310be0baede4d4d35291ab77fb1fbde24052c1123329c;eb51d62c1f16e96b3bcd7b8a04763289e0204b716d554fe80c79fc0378cc7f69;2026-09-28T19:47:05.797752+00:00;false
LOC-0054;LOC-0095;WALKING;2026-08-17T07:00:00+03:00;OK;3289;55;4624;LOCAL_VALHALLA_MATRIX;8b44cdf050473628a522dce43575c4d7c2f705fa255cf015ba526694a023d4e7;e9ac731f2e4e897913f420664b4d151b2710f92b39133ffb6179ce211dc354e6;2026-09-28T19:47:05.797752+00:00;false
LOC-0054;LOC-0102;WALKING;2026-08-17T07:00:00+03:00;OK;5613;94;8115;LOCAL_VALHALLA_MATRIX;43009c9310cf51c68100261328d4769b891a101d8ee2b488ade85b89f6f98cf6;3dcfb2736d649364abb0813ea63cacb6a65cc3919bbede17023b5f0d669a1ea1;2026-09-28T19:47:05.797752+00:00;false
LOC-0054;LOC-0112;WALKING;2026-08-17T07:00:00+03:00;OK;4032;68;5629;LOCAL_VALHALLA_MATRIX;4301f9da094e53b3987b4ef6aafbffd33e1bc5c3116d6da4649bd7cdfd79d265;1cb939d0123419e94a7d4fe72da638b3aef4de904aa1c97b027e4af8acd0b739;2026-09-28T19:47:05.797752+00:00;false
LOC-0054;LOC-0124;WALKING;2026-08-17T07:00:00+03:00;OK;6734;113;17526;LOCAL_VALHALLA_MATRIX;ccd6d672751cf4a6a1a509be78077a289959b30869c2bbb1093cc6157ff0caec;5d9b959688b7d0ea54c665788e13dab6fc6aeaa8d651d3ebcf4561f834ea318c;2026-09-28T19:47:05.797752+00:00;false
LOC-0054;LOC-0125;WALKING;2026-08-17T07:00:00+03:00;OK;5139;86;7206;LOCAL_VALHALLA_MATRIX;ebcd56c53950f7760e2b868fd0f395460398372a3fc65c0d0e7a3987baac8bfe;62138b5003602747cd02af5604c99f46c5e4cf42874b6fc0f765542905986819;2026-09-28T19:47:05.797752+00:00;false
LOC-0054;LOC-0126;WALKING;2026-08-17T07:00:00+03:00;OK;3161;53;4449;LOCAL_VALHALLA_MATRIX;5f67656f252cf7635050fd87e7547822814d7ecc496f4b877bc08f5aabf84963;b50ee8fed2f3f9571d9f7e4b6798de30558936c0cc02d363ed10ad32d757ea26;2026-09-28T19:47:05.797752+00:00;false
LOC-0054;LOC-0128;WALKING;2026-08-17T07:00:00+03:00;OK;377;7;536;LOCAL_VALHALLA_MATRIX;af5adb405afc7efe9d9b38ad3985f2579dcea48715715ecc137ccabafb7c7ae4;67657382d977308cda187478f836608800c0d522a7a8c9ca1b41719b5e7850ae;2026-09-28T19:47:05.797752+00:00;false
LOC-0054;LOC-0134;WALKING;2026-08-17T07:00:00+03:00;OK;2047;35;2864;LOCAL_VALHALLA_MATRIX;d77beeaea377a491417e7221fa3a5bcbf2e0cbb87e893af99bd02e1b07b19984;622be94a5befcd2ff5ff43131c44e2b22193a1e932f21b048670015bb5fcc48e;2026-09-28T19:47:05.797752+00:00;false
LOC-0054;LOC-0135;WALKING;2026-08-17T07:00:00+03:00;OK;2128;36;2980;LOCAL_VALHALLA_MATRIX;f169e5e079c7a806f529e73d47292a36420db9a4c14f8a08933f493a48f05eb3;d4e59a2424aa56d195c66a58ca7509935366d0470260086137c4867fa5ada7e4;2026-09-28T19:47:05.797752+00:00;false
LOC-0054;LOC-0136;WALKING;2026-08-17T07:00:00+03:00;OK;2283;39;3188;LOCAL_VALHALLA_MATRIX;db725b64b71e84f0ab4dfb9605b6f5efb95a192e235952bb86ca913fd8f97005;e8955700a54d004b3e2c90a54f5d9da3e058649b3dac6b2fbd76010fd8fec249;2026-09-28T19:47:05.797752+00:00;false
LOC-0054;LOC-0140;WALKING;2026-08-17T07:00:00+03:00;OK;3261;55;4586;LOCAL_VALHALLA_MATRIX;fc7b6f896acf9ef1fdb5a09d9951a418ef46d184c1816150bc4bfabe03553394;a2bca42c50b42b2870383274797dd7a4c1212c7518f102ec360553cb1b2bbbfd;2026-09-28T19:47:05.797752+00:00;false
LOC-0054;LOC-0141;WALKING;2026-08-17T07:00:00+03:00;OK;7448;125;20650;LOCAL_VALHALLA_MATRIX;ef22b0f5c68f16c5b442d2706c31d2ac1e475c7153045edde2716b1599347dd8;c1b06706ec0800d51196a6f7ae68bf49e8c3e51cd91b372eb860b4c1476253ae;2026-09-28T19:47:05.797752+00:00;false
LOC-0054;LOC-0142;WALKING;2026-08-17T07:00:00+03:00;OK;7529;126;20723;LOCAL_VALHALLA_MATRIX;c9ac717893b58be8bca8e027eaa8efbd7956411cdcee01d3e991f111f8cd3375;c52190342e5ffde0a7c4589aa5215f3d8c0f5c015a275116d5f33b7872b9a34a;2026-09-28T19:47:05.797752+00:00;false
LOC-0054;LOC-0145;WALKING;2026-08-17T07:00:00+03:00;OK;4882;82;6862;LOCAL_VALHALLA_MATRIX;550fd016f32047c27316f5bded6d701810cc1a381facd1d36ce48566a771226a;473df841dcadb8279659803333c0f76ad238d8717e15cc8aa68f83c4b6f3923f;2026-09-28T19:47:05.797752+00:00;false
LOC-0054;LOC-0148;WALKING;2026-08-17T07:00:00+03:00;OK;4824;81;6746;LOCAL_VALHALLA_MATRIX;757a9ba7c0e77979571081153efd3e25679af5eadd8d3593d1dff078c4c1cefe;121c69d0f8c8f6440ce099d55e3b6f5042144599d9184c26fa4bb8208db3137b;2026-09-28T19:47:05.797752+00:00;false
LOC-0054;LOC-0149;WALKING;2026-08-17T07:00:00+03:00;OK;4748;80;6661;LOCAL_VALHALLA_MATRIX;a528f78170699ac91a8610022cf6d5c8daa7d801d51e2468b2048cc0f53b8610;3a7471509df3a8a5f4eae8682f8408c661eb11da15341ba7fab876c28ff7b709;2026-09-28T19:47:05.797752+00:00;false
LOC-0054;LOC-0150;WALKING;2026-08-17T07:00:00+03:00;OK;4617;77;6476;LOCAL_VALHALLA_MATRIX;3cacf2d6236947737cb9f9a7bc850674fa86f0984624395922777a304bc969fd;48bdf675cdbbac1b5d1d88f9bb2e6a82d9951250290dae7307cabdcaa3375fc9;2026-09-28T19:47:05.797752+00:00;false
LOC-0054;LOC-0151;WALKING;2026-08-17T07:00:00+03:00;OK;5086;85;7109;LOCAL_VALHALLA_MATRIX;8c62742fe41873453965ff720adf93320fd2d3be994c625b696ae42cda4ff9bc;00dff83a2ba0df084ad34d50d275f9fea32d98e9de4cee2cb00d6a4ea18a5b22;2026-09-28T19:47:05.797752+00:00;false
LOC-0054;LOC-0152;WALKING;2026-08-17T07:00:00+03:00;OK;5078;85;7103;LOCAL_VALHALLA_MATRIX;372032e0f86900abdbaa5d932b7ff04a1a9279a0c7c5e9c6919c0d54587e9abc;5e439e51fd495196ce921d476a2ec6e98abaeea0bb9093f2e302071daa31a4b6;2026-09-28T19:47:05.797752+00:00;false
LOC-0054;LOC-0190;WALKING;2026-08-17T07:00:00+03:00;OK;2407;41;3350;LOCAL_VALHALLA_MATRIX;4d3a170fd1e77decfe252164644b9f2a96f46998c4e31ccef740d4af1c607522;6c33b01b96e8ad39ce0c461312e2df4b64f1215fd466794dfbdf6540b8367b73;2026-09-28T19:47:05.797752+00:00;false
LOC-0054;LOC-0196;WALKING;2026-08-17T07:00:00+03:00;OK;6295;105;8793;LOCAL_VALHALLA_MATRIX;47a7e78d0adb4e9e36c97f831c89c227a574a3c415de596019954619b7ba40b3;5d9499f31ab4f747bb9690c893d9545fac84192039ea122f4ecbeac3710250d6;2026-09-28T19:47:05.797752+00:00;false
LOC-0061;LOC-0002;WALKING;2026-08-17T07:00:00+03:00;OK;4628;78;6419;LOCAL_VALHALLA_MATRIX;2d850efdd6ba61d80f0be04adf54fd52173ce32589cb03e0e0f263881f08986b;bb233ba3eaa6df99e57a125e457a6018c37fc5759ae98c2600233769b7e91e29;2026-09-28T19:47:05.797752+00:00;false
LOC-0061;LOC-0008;WALKING;2026-08-17T07:00:00+03:00;OK;692;12;967;LOCAL_VALHALLA_MATRIX;ec0c5c7d803ba04592c84493d3f1b732fdf11dc5fe578edbd427504e50f68bd1;c566ffa2acc1e89d8dfd2960a26fe46dd314e00292e8947861db055ae5d9406c;2026-09-28T19:47:05.797752+00:00;false
LOC-0061;LOC-0009;WALKING;2026-08-17T07:00:00+03:00;OK;7645;128;18713;LOCAL_VALHALLA_MATRIX;b03a626dc5ce067ba57a405993db9f9355dd0c204a77c4e3f954a928d1464f0c;1dc38e7c16fa8746cde6562a1058c4e11f208bd0bb5372aad0da9413ba2d73da;2026-09-28T19:47:05.797752+00:00;false
LOC-0061;LOC-0010;WALKING;2026-08-17T07:00:00+03:00;OK;1297;22;1821;LOCAL_VALHALLA_MATRIX;aa4c3352ea019de9b339765b26748877bb57cc3c33098e654029318a5a06be36;a6c2eca8822478756528f03df4d239eb805f3c6d0788e8227588db0c2878df5c;2026-09-28T19:47:05.797752+00:00;false
LOC-0061;LOC-0011;WALKING;2026-08-17T07:00:00+03:00;OK;546;10;761;LOCAL_VALHALLA_MATRIX;a85bc13d9ec6731b82dfbd40370cde39cab7d40342640ef4d60c0b2b736b6928;3a7e083d63a3a4313b0f63476e059e808247438b95873e49df08967c327b027a;2026-09-28T19:47:05.797752+00:00;false
LOC-0061;LOC-0012;WALKING;2026-08-17T07:00:00+03:00;OK;482;9;672;LOCAL_VALHALLA_MATRIX;2a124d4c045ce52167fb25036a740c5b4d2d2c89f69ea13e833dbae67834e89b;266c7a80dd1e0106240d68f28a79fa3e471c4f7f8d4dc3c1ba501f2278b50a2b;2026-09-28T19:47:05.797752+00:00;false
LOC-0061;LOC-0013;WALKING;2026-08-17T07:00:00+03:00;OK;5369;90;7452;LOCAL_VALHALLA_MATRIX;a574df3be8b5429410145045ad0e00ae8fc03d5bfa2a717414113d8f9fb22180;dd3dddeef6e533ebccd9199d1b86a14e555687f486058b10990d614abd8d0bc2;2026-09-28T19:47:05.797752+00:00;false
LOC-0061;LOC-0016;WALKING;2026-08-17T07:00:00+03:00;OK;6645;111;9394;LOCAL_VALHALLA_MATRIX;703a91670cd2c0da067d3f58a11170107bb4821a482d24657452fdeeec4f3884;1f538beef9ea566d4522929d7a1bdb106e0254ca9c9d65d6fd07f569b563606e;2026-09-28T19:47:05.797752+00:00;false
LOC-0061;LOC-0017;WALKING;2026-08-17T07:00:00+03:00;OK;4421;74;6140;LOCAL_VALHALLA_MATRIX;eb95d94a5957436661bc520bf92ad3b303f45ce550329ea93e029f362367319e;5c85a967b27fdd1bdacbd129f452255afe5ecd34fbf835e61e297c2b9cd04d7a;2026-09-28T19:47:05.797752+00:00;false
LOC-0061;LOC-0018;WALKING;2026-08-17T07:00:00+03:00;OK;3918;66;5452;LOCAL_VALHALLA_MATRIX;6f2b45fef4fdd62e9cd65232f92de61ce29f670e301a52e8646fec4d4c9b8be8;d41cbe5fa617d1fc963635069262b695c0f5e2e04d0b958ac91ae7746efa25b6;2026-09-28T19:47:05.797752+00:00;false
LOC-0061;LOC-0019;WALKING;2026-08-17T07:00:00+03:00;OK;1596;27;2247;LOCAL_VALHALLA_MATRIX;34c3dfffd637b1d7d3e7111d1c68b557fa96a526ae5ca7eefbe55ad5013048d7;a0821644db57b438bbfd068098c5e8c123196bec6a659519135774f9e53f02f6;2026-09-28T19:47:05.797752+00:00;false
LOC-0061;LOC-0020;WALKING;2026-08-17T07:00:00+03:00;OK;2179;37;3077;LOCAL_VALHALLA_MATRIX;08d079d33ccee54402f58a93cd68d8b1df477624c6214645eb10a84407905cae;00a0f814d73dedc0c89b24d7c736b94a07b3cdedfb7d7a9e611dd51e2bb20bed;2026-09-28T19:47:05.797752+00:00;false
LOC-0061;LOC-0023;WALKING;2026-08-17T07:00:00+03:00;OK;3438;58;4736;LOCAL_VALHALLA_MATRIX;5489d95267594e6035d9b60ee1e730c7d0b71c9da9dd0baa657b531ab37721ee;f9a6c1f073fe5f59ffd88eb0d0820e26979f47073c260ca8a74937adc22ac75a;2026-09-28T19:47:05.797752+00:00;false
LOC-0061;LOC-0027;WALKING;2026-08-17T07:00:00+03:00;OK;3569;60;4960;LOCAL_VALHALLA_MATRIX;446998c0778a41e0dc4ad032a8c70e1967fbfafc4d03c1ca9a12f04fd1e4c77e;6c9b14f42ab28db2724757a8c33f45ae5fecaf5fb4e2166ee9c8650e61760d7f;2026-09-28T19:47:05.797752+00:00;false
LOC-0061;LOC-0028;WALKING;2026-08-17T07:00:00+03:00;OK;5739;96;8276;LOCAL_VALHALLA_MATRIX;e4896bd8c1d1ea576fa8a652cb988b079f754cfb6f9201150a224eb8bedaf109;751ae3a879179594a8c2e70a5c0a89cd2c468a547be02716b264468961735451;2026-09-28T19:47:05.797752+00:00;false
LOC-0061;LOC-0029;WALKING;2026-08-17T07:00:00+03:00;OK;5621;94;8109;LOCAL_VALHALLA_MATRIX;47bbbc70dce6a4abe79dd743f77454eb688f27da3044d2269f6e08b5cf8fe5ae;ad49af081b0823f0e5f66815e7a00ed0cecbb4fba972958f9aaf9a0390045b67;2026-09-28T19:47:05.797752+00:00;false
LOC-0061;LOC-0037;WALKING;2026-08-17T07:00:00+03:00;OK;3026;51;4210;LOCAL_VALHALLA_MATRIX;53f056a588ba57420654d99b7407d96b557fb068673fb60b53b513de8df54dd8;e094c9dd41b2a8d28044628a3d923aaccdc74c100713e1b03e381d262bdce419;2026-09-28T19:47:05.797752+00:00;false
LOC-0061;LOC-0045;WALKING;2026-08-17T07:00:00+03:00;OK;5257;88;7311;LOCAL_VALHALLA_MATRIX;a04cfb3552d42cc7b52ced29ead20b2c4ae066bec7e983e9d80c4157e276ea6c;0499ccefd0e81c7b0d4976579141acf4b19ad4f15052e5765ffaed3270c33e7b;2026-09-28T19:47:05.797752+00:00;false
LOC-0061;LOC-0053;WALKING;2026-08-17T07:00:00+03:00;OK;6176;103;8727;LOCAL_VALHALLA_MATRIX;6e83c3411468df148d6a2fdd687f9ef8a8008eb8f6b5685c9f8f5cd58e41c393;02ce30801c8a1e62b14c4187f4171733568f88a8192b6eeef7403a4ac695f7d4;2026-09-28T19:47:05.797752+00:00;false
LOC-0061;LOC-0054;WALKING;2026-08-17T07:00:00+03:00;OK;2752;46;3822;LOCAL_VALHALLA_MATRIX;cbfaff9d17eac35eed3b4f38a590c1bc6295a64e7f86354436ed5c5bcaa5eafa;a6b3953b142c395e6361df6a726c2d49f92aec31650836177c397b396a9eb0d2;2026-09-28T19:47:05.797752+00:00;false
LOC-0061;LOC-0061;WALKING;2026-08-17T07:00:00+03:00;OK;0;0;0;LOCAL_VALHALLA_MATRIX;e5a36605713fbe7d821633e9331d6d4aff076caf1fd4e1aa8eb76fcd7eaf9e11;3d5812abc84c11768aa73a732c85d75dbed439188f5bb3239e9b762ea31d9862;2026-09-28T19:47:05.797752+00:00;false
LOC-0061;LOC-0063;WALKING;2026-08-17T07:00:00+03:00;OK;6680;112;9288;LOCAL_VALHALLA_MATRIX;7628d000e5eb7776428f2c01825fc1c212a59b752630b18c6af17210e4675f86;12454d9f31fc024581220e41dba0c060fef50dbe5a944e053e1df163ffe69527;2026-09-28T19:47:05.797752+00:00;false
LOC-0061;LOC-0064;WALKING;2026-08-17T07:00:00+03:00;OK;6201;104;8621;LOCAL_VALHALLA_MATRIX;b4dcc8556dc127e00bdcfb78b973cd73ad1b3c24fc3a52715204e4e22ae09e45;469e6823f875c6776a0ca1ac4028094c5237c37cb6890cca12a306de721850ba;2026-09-28T19:47:05.797752+00:00;false
LOC-0061;LOC-0074;WALKING;2026-08-17T07:00:00+03:00;OK;3335;56;4633;LOCAL_VALHALLA_MATRIX;279b15de823eb60d28d120ac64060b09ac3b6f8746e0eeddc6479f5b2be4018e;caf19cbe9357b7a9e18a05320fca6a821fee695b26fe68f7dfcf1d9303d05285;2026-09-28T19:47:05.797752+00:00;false
LOC-0061;LOC-0075;WALKING;2026-08-17T07:00:00+03:00;OK;3745;63;5211;LOCAL_VALHALLA_MATRIX;9eefd0cd98c3e880015d82e16e2165400c1d5eac0c7ed364de95214bb944341d;454aac5d7ff61d8685fee35ed0b9089ecdece5072eadad15be85ab87831d98ba;2026-09-28T19:47:05.797752+00:00;false
LOC-0061;LOC-0076;WALKING;2026-08-17T07:00:00+03:00;OK;6925;116;13342;LOCAL_VALHALLA_MATRIX;9edc37cd9632ac295aea027f09d6e848d2e167407c157d1a9595f907f5747c0f;3bebe903d846da7cad4e93e45ce9c7c2ef1ab0b7342adec63a22ac7b8d3411a3;2026-09-28T19:47:05.797752+00:00;false
LOC-0061;LOC-0078;WALKING;2026-08-17T07:00:00+03:00;OK;5496;92;7645;LOCAL_VALHALLA_MATRIX;d73d2f92e093b2564c8206b77a8ea29a44d79339eab2f8fc4a172c4fde3eb147;033632daa79c07cd4ff19ff50ffc31b144e01c7ce4009366158687abf0dfe85f;2026-09-28T19:47:05.797752+00:00;false
LOC-0061;LOC-0080;WALKING;2026-08-17T07:00:00+03:00;OK;3399;57;4710;LOCAL_VALHALLA_MATRIX;efb2b53a4c999e630d25a8b488d0513e158415bc7e8434518c6507dd296f10ac;e7cd4fc18417c60ec9e2dcf51578995214887cc4a15ed971f50f60f49528429b;2026-09-28T19:47:05.797752+00:00;false
LOC-0061;LOC-0082;WALKING;2026-08-17T07:00:00+03:00;OK;6203;104;8650;LOCAL_VALHALLA_MATRIX;1324daef917de706c10d580370655f2a22202a11cdb26a0aad5c7429c6bd1a1c;9671c52d815ccd8145cd42b4b2547f41fd7e14fbc03c0a0b076ffbeb6c343e2f;2026-09-28T19:47:05.797752+00:00;false
LOC-0061;LOC-0085;WALKING;2026-08-17T07:00:00+03:00;OK;4946;83;6908;LOCAL_VALHALLA_MATRIX;442cd26ba0a047a781936f92f9d958b3b23fe5425944ca3ad3d7be04bb11ab7a;64712643e8a49ce85af1b62bbaa85e94e44f6a71297b3c28d35d4b59787670cd;2026-09-28T19:47:05.797752+00:00;false
LOC-0061;LOC-0086;WALKING;2026-08-17T07:00:00+03:00;OK;4726;79;6596;LOCAL_VALHALLA_MATRIX;5ffb3ef5989d473d1601875ba9249e253c44e4d039b04c24df5c88422a0c3e8e;4482b8f264410ca0ce0be0e323161ecc17a25cca91fece93a00ef1c77c57a6be;2026-09-28T19:47:05.797752+00:00;false
LOC-0061;LOC-0091;WALKING;2026-08-17T07:00:00+03:00;OK;1095;19;1538;LOCAL_VALHALLA_MATRIX;cbde67b312d9a19ec589d5b0086836ecec80ab48b0b9fe7897490aa210ac776d;4a2f0460d02405abf322d07e61b73cdede29590ca7da92497a2ce98723bfc355;2026-09-28T19:47:05.797752+00:00;false
LOC-0061;LOC-0092;WALKING;2026-08-17T07:00:00+03:00;OK;1560;26;2198;LOCAL_VALHALLA_MATRIX;cf66f4ca5790eefc5260b959fe3854c4e780e4424fe53ad5f869ec945b49234b;8c37c8ada612749320d57ee004c89d42bf047c4d540581e5069fed2f02cc80a7;2026-09-28T19:47:05.797752+00:00;false
LOC-0061;LOC-0093;WALKING;2026-08-17T07:00:00+03:00;OK;1494;25;2108;LOCAL_VALHALLA_MATRIX;84bb01fe25481eb809c1ea8955a1bcfbae78a21add5dde905a634dc4a214154f;b70c886cfe12fe2eb2bc5ec4245c5bdc76f9af229d92d15bfcfc4b0541f6bce5;2026-09-28T19:47:05.797752+00:00;false
LOC-0061;LOC-0094;WALKING;2026-08-17T07:00:00+03:00;OK;5136;86;7178;LOCAL_VALHALLA_MATRIX;b4e0751141a53d76b93e2a5af9d35a51e3f132a24eea5028e95c164f448dfc3a;598f3d20815582a3ab0766a42594e29a6e78a626cf3bcfa3fcc01dc9f9da1b5b;2026-09-28T19:47:05.797752+00:00;false
LOC-0061;LOC-0095;WALKING;2026-08-17T07:00:00+03:00;OK;5673;95;7928;LOCAL_VALHALLA_MATRIX;8a08de92fc5fba8e50bdf200fb138086925c568f1422cdaff48b963d977cdee7;b838328289e42c97fd0223c2a05d13e1a8b583342e7ede01b093f7768b038c39;2026-09-28T19:47:05.797752+00:00;false
LOC-0061;LOC-0102;WALKING;2026-08-17T07:00:00+03:00;OK;6397;107;8896;LOCAL_VALHALLA_MATRIX;b492429581ff8b25f385e3a28bef422950d8839fff75cec14494d2e77a50dec8;24a74249e07f623c2429415e0f077d78611ce2da389a7ce75f1eb2f6df13561a;2026-09-28T19:47:05.797752+00:00;false
LOC-0061;LOC-0112;WALKING;2026-08-17T07:00:00+03:00;OK;2002;34;2722;LOCAL_VALHALLA_MATRIX;2d23015b5492407ca5339d876111e7b7bfd131e2fbccba92e530376101380101;dfa51216e1b8e3299d5d00912e8e9cca2563aa664826904b5a3e321f7ef2943b;2026-09-28T19:47:05.797752+00:00;false
LOC-0061;LOC-0124;WALKING;2026-08-17T07:00:00+03:00;OK;7904;132;19113;LOCAL_VALHALLA_MATRIX;f7f2a930f67be06ff52ff3f6edf19d709f09eb2bbb12d5ab49aa5c231022cdd1;7fb21cbe565675cb6a1fdd3db5999fa56db9d4e122085314ac166e1b07adbe3d;2026-09-28T19:47:05.797752+00:00;false
LOC-0061;LOC-0125;WALKING;2026-08-17T07:00:00+03:00;OK;3838;64;5322;LOCAL_VALHALLA_MATRIX;507bfad4b0ddb1fb8dc557af113d449bdc4ea59b548daafaf6f577077d795de9;f81e891dbbcf0f0d125b8200194ed9e4ae8d790fa590375c26376b503e3b22e9;2026-09-28T19:47:05.797752+00:00;false
LOC-0061;LOC-0126;WALKING;2026-08-17T07:00:00+03:00;OK;2057;35;2836;LOCAL_VALHALLA_MATRIX;574070aabc338c489056a64f6d9aaba7c841dc251df1c843d7d46f2109c9dc7f;02a82101c44cb0e510a9d66e234cd82868780373ad1d56d95d879b79e76eb94d;2026-09-28T19:47:05.797752+00:00;false
LOC-0061;LOC-0128;WALKING;2026-08-17T07:00:00+03:00;OK;3003;51;4178;LOCAL_VALHALLA_MATRIX;d4da6ba5d377bb1e8cd26da11a89887e4f03f079344842aa101c4db9f86d77cd;9b7c35630ba1f2876098a4146568d9a734e08defda732a0ebbda27d363dbb3b8;2026-09-28T19:47:05.797752+00:00;false
LOC-0061;LOC-0134;WALKING;2026-08-17T07:00:00+03:00;OK;4748;80;6628;LOCAL_VALHALLA_MATRIX;9640c46cfe4bdda804ef96141d03afd2ccc1a91ce5596f969102774c5044aa7d;3f825cd3449ffca0b6790d221cf2fcd2a1b1f87323cd5b2e61603710b6c45ebd;2026-09-28T19:47:05.797752+00:00;false
LOC-0061;LOC-0135;WALKING;2026-08-17T07:00:00+03:00;OK;4829;81;6744;LOCAL_VALHALLA_MATRIX;324b66e1b52069ad2f3348b40bc7961efd3efbd68cae3786181cb63a327a9bb2;963052e0bb2d44a97e148242cbcb551801b794508a0f9618003cc1c2ba4c9871;2026-09-28T19:47:05.797752+00:00;false
LOC-0061;LOC-0136;WALKING;2026-08-17T07:00:00+03:00;OK;4984;84;6952;LOCAL_VALHALLA_MATRIX;66666737d7ed600d5ffe374661577fe506b9ca94cb145b3cb252b3fc5c912d1a;11a820529a6151fd4d059937c9ab0ccfc7537e99ce37bac3bb0c28b39b53b41a;2026-09-28T19:47:05.797752+00:00;false
LOC-0061;LOC-0140;WALKING;2026-08-17T07:00:00+03:00;OK;5944;100;8265;LOCAL_VALHALLA_MATRIX;9c47b5a7afe44f297ba211b831b7bf27f6ffd1531a33653039f18abbf9b1283b;8d4a68c3e6c1ee936a9ae9d7ddea7cf886eba9d6c7a67e1b170526b9f08e3dc7;2026-09-28T19:47:05.797752+00:00;false
LOC-0061;LOC-0141;WALKING;2026-08-17T07:00:00+03:00;OK;7229;121;10074;LOCAL_VALHALLA_MATRIX;effc449d8ef11e62813b7a3dc6b96671a010863bf053babc1f4628a7930132b3;a31c84997e8f2c391b376ac8047bdf2fe0bc80b3e32f9bed453210ddca5e9bff;2026-09-28T19:47:05.797752+00:00;false
LOC-0061;LOC-0142;WALKING;2026-08-17T07:00:00+03:00;OK;7310;122;10147;LOCAL_VALHALLA_MATRIX;6f8b80f68e867a2dc8dc6e75e22a12223f4b3d020b6610e146822f6d02ec734f;6d55fb00c4c9f26651ac2687eba93781137a44c6c01ef29aa916522e6c32c570;2026-09-28T19:47:05.797752+00:00;false
LOC-0061;LOC-0145;WALKING;2026-08-17T07:00:00+03:00;OK;2269;38;3199;LOCAL_VALHALLA_MATRIX;83dedbbc1647adba8038cfdb0263f6994546485f1c909f9ad852dc4257373c0a;05ee3ccb6d7873fff6e3e91824ac9d71e1738d275c73e7163e7b4f6995a32c1c;2026-09-28T19:47:05.797752+00:00;false
LOC-0061;LOC-0148;WALKING;2026-08-17T07:00:00+03:00;OK;3872;65;5375;LOCAL_VALHALLA_MATRIX;f7e87e7ee30249cb442c0eaf4a03eb9507b1bc022ea53dad75c3bffcd3f77c50;97303620abaed6b9ddf43664475e75296e4f2e2894d85d71945a89eab6c3d659;2026-09-28T19:47:05.797752+00:00;false
LOC-0061;LOC-0149;WALKING;2026-08-17T07:00:00+03:00;OK;3644;61;5058;LOCAL_VALHALLA_MATRIX;9a381dd692bbda04a4bbf20a95ae7ad2d60b53e769884a0aee073984e8c2926e;e7450106143a612af38dc2321db253b3b12ab50724b56869f36068b6e3d44462;2026-09-28T19:47:05.797752+00:00;false
LOC-0061;LOC-0150;WALKING;2026-08-17T07:00:00+03:00;OK;3520;59;4886;LOCAL_VALHALLA_MATRIX;bb62bd49ae3f2f306b35e957df384bb832993250094adfb03ab082e9cb3bc4af;c49c460a26fa7d1047250d722dc72c3ff8e9684d9a58e60019d13ad6fad21b6a;2026-09-28T19:47:05.797752+00:00;false
LOC-0061;LOC-0151;WALKING;2026-08-17T07:00:00+03:00;OK;4214;71;5863;LOCAL_VALHALLA_MATRIX;e558909c1cf65a37e545b3c430599d6d5b9880d17cb288a0048bcf9522d4330c;6adaeeee1cddd0e2f2e1675567015756a905218136d6ab4bf3f22e7c497bfa87;2026-09-28T19:47:05.797752+00:00;false
LOC-0061;LOC-0152;WALKING;2026-08-17T07:00:00+03:00;OK;4216;71;5868;LOCAL_VALHALLA_MATRIX;0a6a6e46f759277cb2289bec47712e5edad6779a1265498dfb62437e29dcaf40;993167a05836bdc47a81694935f10958bd2730e23ccdc468416a806176239311;2026-09-28T19:47:05.797752+00:00;false
LOC-0061;LOC-0190;WALKING;2026-08-17T07:00:00+03:00;OK;1031;18;1389;LOCAL_VALHALLA_MATRIX;734db1185e0786b3a43cf021326373fb474c5a8e870d7616231a55cdb0c48e53;c531a3388b60dd1593fd5dc0b8a899bfe91cf10dfd30b59cd5fd851d3d47dd32;2026-09-28T19:47:05.797752+00:00;false
LOC-0061;LOC-0196;WALKING;2026-08-17T07:00:00+03:00;OK;4492;75;6235;LOCAL_VALHALLA_MATRIX;02e0001dd8f45212791047b74b5087901c190765007d27ecece5ee015a48b42e;6cd5a7fb7df0aa9f89aefadd6f6f6cf73abe35ffb905ea9ddbfcd628d518ea83;2026-09-28T19:47:05.797752+00:00;false
LOC-0063;LOC-0002;WALKING;2026-08-17T07:00:00+03:00;OK;4672;78;11821;LOCAL_VALHALLA_MATRIX;4409676a9a3be28ae5a8cb1ad4740978b7142846359c82d3dcc4c2332aac9d39;866ecfbee87c950513b0c6a93efe7f1227d18955629b2ca9be95f82e51035591;2026-09-28T19:47:05.797752+00:00;false
LOC-0063;LOC-0008;WALKING;2026-08-17T07:00:00+03:00;OK;7180;120;10044;LOCAL_VALHALLA_MATRIX;c225424c1068768c25830d9e3fc2c39ae64d1e6ff92fc074f0bf0da400e9ba2d;8e1960f2e2b4cc8126d21b91c11c39b49a671592097bb0862cc258ff0281ee47;2026-09-28T19:47:05.797752+00:00;false
LOC-0063;LOC-0009;WALKING;2026-08-17T07:00:00+03:00;OK;3269;55;4504;LOCAL_VALHALLA_MATRIX;1e06109e61d72b8947495f3d25793eb1bac04ff8743b09fa731ac92e7ff01f3f;7756ca9c67f7f663ab4330310d9e9b101c308eaad8dfd1acc74e988766c34967;2026-09-28T19:47:05.797752+00:00;false
LOC-0063;LOC-0010;WALKING;2026-08-17T07:00:00+03:00;OK;7626;128;10681;LOCAL_VALHALLA_MATRIX;035ac2464b33c5feed9570853b74f9d5ae858f78cb397604049170f86dbab8ab;d1f2a658a3a600bfa4b501dab07cfa2a5298ba465119f5465aa60f63ef30f6cd;2026-09-28T19:47:05.797752+00:00;false
LOC-0063;LOC-0011;WALKING;2026-08-17T07:00:00+03:00;OK;6725;113;9387;LOCAL_VALHALLA_MATRIX;9142b8a8804235552bc795141f6084c8e5892d22c3ca130399ccc2a3d5837e39;5d307592199538cb896e915f552552ebb99b1b548fb890f32af4cb56318008c2;2026-09-28T19:47:05.797752+00:00;false
LOC-0063;LOC-0012;WALKING;2026-08-17T07:00:00+03:00;OK;6798;114;9514;LOCAL_VALHALLA_MATRIX;fdf5deacd7bf04154e172179659f6c714a1ae057ce8b35633d0c87e324dd1729;433135161e9399b4e3f66f0e2ebca92da4b25250b58c0d80ba8a40601594e097;2026-09-28T19:47:05.797752+00:00;false
LOC-0063;LOC-0013;WALKING;2026-08-17T07:00:00+03:00;OK;5116;86;12455;LOCAL_VALHALLA_MATRIX;a6a756ff1f416a455b6fd7522d26d07bbd7b042d3e007ddcec82c967beed9576;73997b6cef1169bc2b45ccd604fe1f78c77d991f33165efb7804016e1d423027;2026-09-28T19:47:05.797752+00:00;false
LOC-0063;LOC-0016;WALKING;2026-08-17T07:00:00+03:00;OK;3121;53;4344;LOCAL_VALHALLA_MATRIX;1eb3afe31d5741509518272269638612443e8d32924c0ae0e75f2965db93c90b;310500981460f5f377f9daf083d34d1f02e1dd85dcaa045cf26951a6a0c50302;2026-09-28T19:47:05.797752+00:00;false
LOC-0063;LOC-0017;WALKING;2026-08-17T07:00:00+03:00;OK;4484;75;6259;LOCAL_VALHALLA_MATRIX;325e31928b8444f28d197176fdb781a722c2cdd456f0b6c4865aa24a859c23b5;346b350fd5d21aa5b49fb1b88980ed51b7ffb7483f5bf46f9558ee1d2a4626a0;2026-09-28T19:47:05.797752+00:00;false
LOC-0063;LOC-0018;WALKING;2026-08-17T07:00:00+03:00;OK;4844;81;6745;LOCAL_VALHALLA_MATRIX;7e9bfd715339386df5772d9eef3d59c249802c9f2087d5aaa6f6046605791fcc;5563ea6ed213ffe9f0973d37f8ac1f4b55849ff089fd49f53d76b734b9aa655a;2026-09-28T19:47:05.797752+00:00;false
LOC-0063;LOC-0019;WALKING;2026-08-17T07:00:00+03:00;OK;7923;133;11094;LOCAL_VALHALLA_MATRIX;25955782e915814b286c22d8b3ffde30524153a346892707e364e08cea78d881;02ae14696d088b8498789b4c7646fb3e4e694c220c8a73f5a2ac036ab8dd5fb8;2026-09-28T19:47:05.797752+00:00;false
LOC-0063;LOC-0020;WALKING;2026-08-17T07:00:00+03:00;OK;7448;125;10392;LOCAL_VALHALLA_MATRIX;7653bc3bf21e52666bf6ba1c4e52053a410b2ea481bb7cdcd52f3a22185a6e33;1d651f0047979dfeac64b08c2bc6f31cd7b3a132246e27d8aa0d64e9223fb95e;2026-09-28T19:47:05.797752+00:00;false
LOC-0063;LOC-0023;WALKING;2026-08-17T07:00:00+03:00;OK;5934;99;8265;LOCAL_VALHALLA_MATRIX;859b7678ad11a343bffe9d880db8e13da56207c105872e347173bc1e44552b44;06661231401b7f7e67d2f9457426c3e48d98582cfd1b049fc8aeb53059c88c72;2026-09-28T19:47:05.797752+00:00;false
LOC-0063;LOC-0027;WALKING;2026-08-17T07:00:00+03:00;OK;3494;59;4864;LOCAL_VALHALLA_MATRIX;65084f7594e6ff9cd5c47b29802f25ce7faa9c91523660342a9e2192f11f3603;b245c872212dd08766f54344640b79a3b57c85a4bef40d708ec6f27ac8629584;2026-09-28T19:47:05.797752+00:00;false
LOC-0063;LOC-0028;WALKING;2026-08-17T07:00:00+03:00;OK;1794;30;2483;LOCAL_VALHALLA_MATRIX;fea17280393525db24a8dca2f71af3252e20d3fd0f701cad7d0be9cfb655f466;874abd381717b9deafa60db867500c6574a1e0fa39e7b4e47b565d5c1a88cd72;2026-09-28T19:47:05.797752+00:00;false
LOC-0063;LOC-0029;WALKING;2026-08-17T07:00:00+03:00;OK;1787;30;2473;LOCAL_VALHALLA_MATRIX;dac89de7bd6126d68852922b31afd3838538eaa908bd7353112d69066e152ba5;783682f2012af774d4217c5940c311769185c57fb01660cc7196e6362b57db4b;2026-09-28T19:47:05.797752+00:00;false
LOC-0063;LOC-0037;WALKING;2026-08-17T07:00:00+03:00;OK;6003;101;8644;LOCAL_VALHALLA_MATRIX;08325b34922baf5b07f0075ecbda6d68f2954e889baa75be97c235a7aee17a03;73a87f21c6b689b99f6d44cdaf2a22b6d7f9c4b4fbaa82a3a7b482cec5f29b85;2026-09-28T19:47:05.797752+00:00;false
LOC-0063;LOC-0045;WALKING;2026-08-17T07:00:00+03:00;OK;2113;36;2929;LOCAL_VALHALLA_MATRIX;fd45b20812ea4b1da52a9b97979ecee37898056d8117ee9e1a97e8331edce6a8;3f5724c19958c696550c27926d07a80171eaa1a01fdfa826a9de4edd97b9d8aa;2026-09-28T19:47:05.797752+00:00;false
LOC-0063;LOC-0053;WALKING;2026-08-17T07:00:00+03:00;OK;3722;63;5178;LOCAL_VALHALLA_MATRIX;d4838a9a979f6bbd076f3cd4c5b74c887bc793f54d9fda6416dba71785afbc96;6404aa82159468c5f0eee1063846fe20f2e055e9668fd7c5275248b109f54c95;2026-09-28T19:47:05.797752+00:00;false
LOC-0063;LOC-0054;WALKING;2026-08-17T07:00:00+03:00;OK;5635;94;11585;LOCAL_VALHALLA_MATRIX;2c902c8d3aea4f977a9e383c8f4ba0469cbe790927c8dc4a1200c20f9677c821;0bc6326adcf78a99e83619919001738f531bdd09d6a6771fae5becf8ad0f7a66;2026-09-28T19:47:05.797752+00:00;false
LOC-0063;LOC-0061;WALKING;2026-08-17T07:00:00+03:00;OK;6679;112;9288;LOCAL_VALHALLA_MATRIX;27cc7a712c35de0ab0bc48abb598af77f9f254880b4446f09a24228fa0036904;828e180c49413edd06eb821c8a0d3f3ff815597aee55ea797bce32aeca883ea3;2026-09-28T19:47:05.797752+00:00;false
LOC-0063;LOC-0063;WALKING;2026-08-17T07:00:00+03:00;OK;0;0;0;LOCAL_VALHALLA_MATRIX;faa86458dfbccf319fe6990393e6338d0d30a5b9193f0717d537429fc7746f69;3d5812abc84c11768aa73a732c85d75dbed439188f5bb3239e9b762ea31d9862;2026-09-28T19:47:05.797752+00:00;false
LOC-0063;LOC-0064;WALKING;2026-08-17T07:00:00+03:00;OK;589;10;828;LOCAL_VALHALLA_MATRIX;3762cc17aad40e613958df3b507099272fb5daba900de0ef8db410d711ba2279;5df6cbaaa9f5a005509c91a30112405960b5ab93c7637d5d282520f150715fc1;2026-09-28T19:47:05.797752+00:00;false
LOC-0063;LOC-0074;WALKING;2026-08-17T07:00:00+03:00;OK;4448;75;6204;LOCAL_VALHALLA_MATRIX;4bffbd2680eaf45a4a7a29b356e74cb0530bea48ab86f01134670103f0a51dbf;216039cd64ae6d95443d4a4477175c7af6ed7de0fc0003eb8a905ca558d75d4f;2026-09-28T19:47:05.797752+00:00;false
LOC-0063;LOC-0075;WALKING;2026-08-17T07:00:00+03:00;OK;4470;75;6236;LOCAL_VALHALLA_MATRIX;5eae70861a5d50b0252c42692e54dba1b196c946decb24941297dca36ef9b36f;66e421f8ef7f80bbde47c619e53b17efa9fdfdebf554f0a829c64e9c2462ff79;2026-09-28T19:47:05.797752+00:00;false
LOC-0063;LOC-0076;WALKING;2026-08-17T07:00:00+03:00;OK;2751;46;3834;LOCAL_VALHALLA_MATRIX;b4afedf56095cb35652e83a7d3eaf021377d673e61ae6024d0f734130d4be561;4b800a682dc104dc01e352a80265905de6bbe4a7e636772b9a0b28760bda2197;2026-09-28T19:47:05.797752+00:00;false
LOC-0063;LOC-0078;WALKING;2026-08-17T07:00:00+03:00;OK;1560;26;2163;LOCAL_VALHALLA_MATRIX;bc57cbbccc4ad7c216a3b21b13ca70d185a3feeb304a2c394b726422d7ece11f;ca436d3115bbbe51af2fadf968c222008e53c9c1302ee377aa1894ef76238b48;2026-09-28T19:47:05.797752+00:00;false
LOC-0063;LOC-0080;WALKING;2026-08-17T07:00:00+03:00;OK;4847;81;6756;LOCAL_VALHALLA_MATRIX;5bb28d112e394d5b0d0c29cc5dceab7f2282422cd1ff18d71edbb0676f63f251;a1632b90a0ac2aad196d29a99bd4f1556a4a9afdf98626e8e1a81d9d693c3f13;2026-09-28T19:47:05.797752+00:00;false
LOC-0063;LOC-0082;WALKING;2026-08-17T07:00:00+03:00;OK;737;13;1001;LOCAL_VALHALLA_MATRIX;bf1f08408fb40067411c3e329d0bebfdb27257aaa1500c9fc1de43cc60982f15;3e24f1e5315d57fc874cf3d63a7f5dd66e859e61c400766f3950c282cebb2872;2026-09-28T19:47:05.797752+00:00;false
LOC-0063;LOC-0085;WALKING;2026-08-17T07:00:00+03:00;OK;5477;92;12958;LOCAL_VALHALLA_MATRIX;3f914ea2f56a9b69662f59a45379d4e669f8bc19c847f2a3f9eda23fe2b3d1fa;96509f582f589dfa81322c296e5de9d583b0432433bda75a925ab819ef6189fc;2026-09-28T19:47:05.797752+00:00;false
LOC-0063;LOC-0086;WALKING;2026-08-17T07:00:00+03:00;OK;5548;93;13052;LOCAL_VALHALLA_MATRIX;a6667cc14493cb134a77997a03de6a04c8bd810c833e3d7cd2d2ed3a187176d8;38d1f4763be8e64928e77990da09642f2cfcdb01b5fda71e0639cbcf4baedf3e;2026-09-28T19:47:05.797752+00:00;false
LOC-0063;LOC-0091;WALKING;2026-08-17T07:00:00+03:00;OK;7350;123;10289;LOCAL_VALHALLA_MATRIX;416e9e5db3111f5df3f4dd8bf5d6148648fd0bc642197a4855468b4615130f88;cd05ad20ce930b3ab168ad3406cc532b405cdc4894cf584d56eea8ae9948903e;2026-09-28T19:47:05.797752+00:00;false
LOC-0063;LOC-0092;WALKING;2026-08-17T07:00:00+03:00;OK;6861;115;9572;LOCAL_VALHALLA_MATRIX;5a5292b64b43cefe71b7400759ed88d04e1c17874bdeca0db238044e353a07d6;cd989ee8cc0e10b82c7763526a6e5b05f46b50e92de7f5f14add1b719533ec22;2026-09-28T19:47:05.797752+00:00;false
LOC-0063;LOC-0093;WALKING;2026-08-17T07:00:00+03:00;OK;6754;113;9423;LOCAL_VALHALLA_MATRIX;016006186f277ce3a3ff57ea095e41fb07e95b4e35c16292e007a7d75734367d;22e367a6376c2a446906bd8e08c720c77cc2c0263ce67e3cbe5e647dfe3dfc9a;2026-09-28T19:47:05.797752+00:00;false
LOC-0063;LOC-0094;WALKING;2026-08-17T07:00:00+03:00;OK;6298;105;17303;LOCAL_VALHALLA_MATRIX;c552364a71a5701bf3ae4355da83e5b153dcc6f9a0121a3b453cbac1686e5655;dfcf2099e7bb534d65a360dfe15bd7922b01ba4dc07a1973ee6ea55df00483cd;2026-09-28T19:47:05.797752+00:00;false
LOC-0063;LOC-0095;WALKING;2026-08-17T07:00:00+03:00;OK;6015;101;16904;LOCAL_VALHALLA_MATRIX;071e4992b63e7ed7a4436d161a7588ea4836b42c0ca0902842d00e6a7b21c297;68a53b2dcd760994da6a2faa76cde9b441e55370723399ee594915e644ffcd59;2026-09-28T19:47:05.797752+00:00;false
LOC-0063;LOC-0102;WALKING;2026-08-17T07:00:00+03:00;OK;877;15;1205;LOCAL_VALHALLA_MATRIX;500d110734514d2da6eabcb507c33026516f40090968c82df5eb3c3b15309a82;7e4b6563af0e3030f8430ad668c8c9ab506d29220ae3f518afbca3d2f01d37ed;2026-09-28T19:47:05.797752+00:00;false
LOC-0063;LOC-0112;WALKING;2026-08-17T07:00:00+03:00;OK;5452;91;7607;LOCAL_VALHALLA_MATRIX;b523a3f2d3afb639c74dc384d42f2cb9995dfdb91b701bd6dba131cdd944dd2b;112f94831163e75bd45087e2abe2feb89e254282329b60d85872ef423772d90d;2026-09-28T19:47:05.797752+00:00;false
LOC-0063;LOC-0124;WALKING;2026-08-17T07:00:00+03:00;OK;3529;59;4904;LOCAL_VALHALLA_MATRIX;0a811d343208e330b58ba97de2114729b734d424be1ce00b151fea63963f60ee;86daa08d479b85e194726146cb47e855048638a7d23e94173cfa5f366bdcd21b;2026-09-28T19:47:05.797752+00:00;false
LOC-0063;LOC-0125;WALKING;2026-08-17T07:00:00+03:00;OK;5225;88;7274;LOCAL_VALHALLA_MATRIX;1b960a80599e04001ee48a7be9ee74939ea7fde085a075cd9ddd5ec54b9c5fbc;f884820347cc8afd04b500f8520863dfa822fc2d1d7a312f7ecb6dfffbf42236;2026-09-28T19:47:05.797752+00:00;false
LOC-0063;LOC-0126;WALKING;2026-08-17T07:00:00+03:00;OK;5113;86;10849;LOCAL_VALHALLA_MATRIX;de4256f62fa115bbb0f20fb326f56caa836b349f11df70d3d9d5e67be604b4fa;737cfb03cbafec7da1b5547b210fa2d78119c4c4a802de13fe3666dd85082415;2026-09-28T19:47:05.797752+00:00;false
LOC-0063;LOC-0128;WALKING;2026-08-17T07:00:00+03:00;OK;5618;94;11561;LOCAL_VALHALLA_MATRIX;32c8f93b3686db8f0271ec16cc77f1a42d8bc34c81e63b5e470b686e21b13d32;f25bff3ad55a027c4f363ae4679ba1eab6ebd38dbd324c138d854e78accaa22f;2026-09-28T19:47:05.797752+00:00;false
LOC-0063;LOC-0134;WALKING;2026-08-17T07:00:00+03:00;OK;4835;81;12057;LOCAL_VALHALLA_MATRIX;9cfdfa53d70c3b28dfe6a0e2c61fb489b68184044ffc5eec648dbebd7cf77e04;5251c8324cf3b7ca405c8e792cbd189f574d1dcfdd7febbf1662367b3d7db691;2026-09-28T19:47:05.797752+00:00;false
LOC-0063;LOC-0135;WALKING;2026-08-17T07:00:00+03:00;OK;4825;81;12043;LOCAL_VALHALLA_MATRIX;2055ff55a74446574364292cb7fef9a3b5ae1ed21889f97c3687b7df4d8168e5;b3ff9b7a9a40caf982c211c2ba414d69560e0cbcb63912896ae8188c69708a55;2026-09-28T19:47:05.797752+00:00;false
LOC-0063;LOC-0136;WALKING;2026-08-17T07:00:00+03:00;OK;5239;88;12617;LOCAL_VALHALLA_MATRIX;2a9127406f4f21b84bf5dcb673e54abe09507bbcb680331fb02142d6ad0e23e6;2dce7adcf2eba3f330f9440721b7476c0e93ebaebdc2f4e393808bad20917efc;2026-09-28T19:47:05.797752+00:00;false
LOC-0063;LOC-0140;WALKING;2026-08-17T07:00:00+03:00;OK;4204;71;5898;LOCAL_VALHALLA_MATRIX;7c5ed52efcdab834dae5956d0976cd5a05ff0b6e8e7e77c56126b1fe9d1071d5;c8af74bf75ae68dfd0d2c07888a407ca936bcaae9348686b1ff0efa11879ae29;2026-09-28T19:47:05.797752+00:00;false
LOC-0063;LOC-0141;WALKING;2026-08-17T07:00:00+03:00;OK;4408;74;6114;LOCAL_VALHALLA_MATRIX;8ff3abd554566452c04983a630d8367e66f3cc3a812fa54ec68868da26b4c898;27fb4a949e34da29b72ae9ef72a97a24953ce60c3714e8fcdf2764966d028f65;2026-09-28T19:47:05.797752+00:00;false
LOC-0063;LOC-0142;WALKING;2026-08-17T07:00:00+03:00;OK;4606;77;6350;LOCAL_VALHALLA_MATRIX;98ebe9daed7ba67269efdee656d24cb95a62973cee4a559ad3a61ae7e8d1e09c;dfa16d63ec9b191c5fbdc65ab88c118ec42714240862869d40c6b6fce452b2f7;2026-09-28T19:47:05.797752+00:00;false
LOC-0063;LOC-0145;WALKING;2026-08-17T07:00:00+03:00;OK;7118;119;9924;LOCAL_VALHALLA_MATRIX;f858e2ad9b2737e9ecb932aaad1cc475036dfbf138a33cfae0abc5aa9f28b741;e9f0a16a5960687eb3d7183b6f977067fee3b3c890127bb9ec1b1c9304c31bf0;2026-09-28T19:47:05.797752+00:00;false
LOC-0063;LOC-0148;WALKING;2026-08-17T07:00:00+03:00;OK;4442;75;6222;LOCAL_VALHALLA_MATRIX;2468ca5643188c7963188384be076c9fa10744c106a14441c6540510fff4329b;1d686d5a6185e5ffaa793f9516fc6eeb393367183b87e4ed4b4a846f1bb7932f;2026-09-28T19:47:05.797752+00:00;false
LOC-0063;LOC-0149;WALKING;2026-08-17T07:00:00+03:00;OK;4200;70;5860;LOCAL_VALHALLA_MATRIX;2efb4d9329856bb091fd6ecace166297ed2cae9823e5b9afe50603e2af17005f;05f6b5ac254aa1bbe6b1271a0157e672e6a537e5505e9f125fcdb11669279d40;2026-09-28T19:47:05.797752+00:00;false
LOC-0063;LOC-0150;WALKING;2026-08-17T07:00:00+03:00;OK;4107;69;5725;LOCAL_VALHALLA_MATRIX;25f98c3f783a2beb35399a3f4b48b399a38a270c4208ddf71e7120e2425c5d6c;8a5a7c0afe2464ccdef94adc3aafc499bbc2bd1680a0a3a427370c3a876f7641;2026-09-28T19:47:05.797752+00:00;false
LOC-0063;LOC-0151;WALKING;2026-08-17T07:00:00+03:00;OK;4500;75;6287;LOCAL_VALHALLA_MATRIX;00d72bab1e0b3bb19d5335d69ed842a45567beeafe395813c91d0e44a1146f48;5dad1910f2ec0111c0b3404303933fd5432340f4d06a4693256aae88c431fe05;2026-09-28T19:47:05.797752+00:00;false
LOC-0063;LOC-0152;WALKING;2026-08-17T07:00:00+03:00;OK;4521;76;6317;LOCAL_VALHALLA_MATRIX;b4be0d76a91e63d84b63b169ab5185331eed39a357ae9811ca8bed58132d2857;fc364562979fdb58d11fbbc52e28b73b2462a28e7ba69294a224e78cc319017e;2026-09-28T19:47:05.797752+00:00;false
LOC-0063;LOC-0190;WALKING;2026-08-17T07:00:00+03:00;OK;5839;98;8146;LOCAL_VALHALLA_MATRIX;1d41f60045dfeca799f4d83f1329ddaec5a3605b68f7491038543191a0fac5e4;28d9b93c712768099ab0e9bd6dcb5c7d9e5f22d44514cb3d8183d26fc3e0823a;2026-09-28T19:47:05.797752+00:00;false
LOC-0063;LOC-0196;WALKING;2026-08-17T07:00:00+03:00;OK;6107;102;8510;LOCAL_VALHALLA_MATRIX;2b5fd6a13f533bd02f09ea2f30ea8fb80e08815571181950292ca6586018115c;ffe0f9a359344dbc082d84575f4d76289bb10fd72120e984ddf2fbe004730e5c;2026-09-28T19:47:05.797752+00:00;false
LOC-0064;LOC-0002;WALKING;2026-08-17T07:00:00+03:00;OK;4383;74;8002;LOCAL_VALHALLA_MATRIX;0291d8ea72dc0df118bac4a444c86eb9b4a42ae2d87d8867fa17cc505a3843a4;6aaa8317961d711e5e5fab5445a13f63e5e051727d19a40eaf404c981b5382a1;2026-09-28T19:47:05.797752+00:00;false
LOC-0064;LOC-0008;WALKING;2026-08-17T07:00:00+03:00;OK;6701;112;9377;LOCAL_VALHALLA_MATRIX;b2a70575e9f3606bd250a91a77c4d3cd90543eefdb0669455ef9bba3f29edd2e;b9c8c57f097108fa694d7b4ea671204da8ed48d4794719f28461462d3920a476;2026-09-28T19:47:05.797752+00:00;false
LOC-0064;LOC-0009;WALKING;2026-08-17T07:00:00+03:00;OK;3076;52;4218;LOCAL_VALHALLA_MATRIX;1a0325de45bbb8076ca913aa2344d3e3f12362f00993f4a1de5cc1c111ec5fcc;b890b003c256a9f2364780d0ed0a8ff8549dd469f312f4131feeed2788b24e4a;2026-09-28T19:47:05.797752+00:00;false
LOC-0064;LOC-0010;WALKING;2026-08-17T07:00:00+03:00;OK;7147;120;10014;LOCAL_VALHALLA_MATRIX;c112f2ca801a22897618391fe850b03478f4cab2062b8a505076aeb0edf24c14;4eb2ed57283b2dab3dcfd32d97c6dc22915f6c9f97aa929c437156104c911c00;2026-09-28T19:47:05.797752+00:00;false
LOC-0064;LOC-0011;WALKING;2026-08-17T07:00:00+03:00;OK;6246;105;8720;LOCAL_VALHALLA_MATRIX;cd08a6f789352acc9d4409b3d40311981113a8763f0a1a25cc3d5310446a4bda;d1cf514035b03ad4de4d5957f40856fffa6c3b5a855b01987e1e32ab518e6925;2026-09-28T19:47:05.797752+00:00;false
LOC-0064;LOC-0012;WALKING;2026-08-17T07:00:00+03:00;OK;6319;106;8847;LOCAL_VALHALLA_MATRIX;9e750947930db202c705eb36a18a49dbc2abff43bbdaf8eeef0584b46b93eb52;4a6c4b6bfebbc4496fdeb0b3122764fa5dcd6fa7cc5f9c61e90335639d29aa6c;2026-09-28T19:47:05.797752+00:00;false
LOC-0064;LOC-0013;WALKING;2026-08-17T07:00:00+03:00;OK;4827;81;8636;LOCAL_VALHALLA_MATRIX;9021fda70daf284e3130128b4d7e847d4c2282250e0a6d8f7181e194df94eaae;589bac0f9709324dbfd3912f50ecc2f6a31c1044c786ff48ce409559b32cde46;2026-09-28T19:47:05.797752+00:00;false
LOC-0064;LOC-0016;WALKING;2026-08-17T07:00:00+03:00;OK;3663;62;5087;LOCAL_VALHALLA_MATRIX;af6085c575f91a1518ff247fa00dcf0c0505dc7089cb13e99ef716b1ab52c2e7;e8c22dc11f08fb8a5f9baabef4f89cfc10b17734151131e4834f8506918c3eac;2026-09-28T19:47:05.797752+00:00;false
LOC-0064;LOC-0017;WALKING;2026-08-17T07:00:00+03:00;OK;4003;67;5584;LOCAL_VALHALLA_MATRIX;7dab65f2e115ea0f6cbbef14c45dca3db89f9468cfc4890c439ecd1f7fd669d2;2f6efa657a15c020ae9963e820f2339af35b5ed81041446de91ed0175a260396;2026-09-28T19:47:05.797752+00:00;false
LOC-0064;LOC-0018;WALKING;2026-08-17T07:00:00+03:00;OK;4363;73;6070;LOCAL_VALHALLA_MATRIX;994de1f509e384b1cb9b1c68d4fde01c3c38b30ca9600eb1cb01d3b6db448b7c;61c95c1bed8cb503588c7d42235aaaeeaf733a22523e4f67ac627c668ac94e32;2026-09-28T19:47:05.797752+00:00;false
LOC-0064;LOC-0019;WALKING;2026-08-17T07:00:00+03:00;OK;7444;125;10427;LOCAL_VALHALLA_MATRIX;4bc39670b3bd72fc68f8e4418c646311b60afe210436e4822e60bb62d488c711;bc3233fc6cb1bb8264a1eae306456fc1b7feaa0074f046dfe3046e369dca2f96;2026-09-28T19:47:05.797752+00:00;false
LOC-0064;LOC-0020;WALKING;2026-08-17T07:00:00+03:00;OK;6966;117;9721;LOCAL_VALHALLA_MATRIX;70ad62e71671f001c8875c058fcd7df1f49c5614e2205190c98d4eca7e0b01d0;96609959973e7a472239f8975dcdf16520975f52229bed3facef4157cc373598;2026-09-28T19:47:05.797752+00:00;false
LOC-0064;LOC-0023;WALKING;2026-08-17T07:00:00+03:00;OK;5453;91;7590;LOCAL_VALHALLA_MATRIX;119ca5d96c443718139f74f7d32862c1de4e3401178ef3b694a83061f292b73c;ab4462aa7c4fcb30b100995405810055e717fe5b68e06ebc32ea159193ca243c;2026-09-28T19:47:05.797752+00:00;false
LOC-0064;LOC-0027;WALKING;2026-08-17T07:00:00+03:00;OK;2994;50;4197;LOCAL_VALHALLA_MATRIX;c1ee947ce33bad3f67fbb3ae32b8c8610329c44f634193f037ddfd28aaf49d9f;26b869b20396770df4aa264b012017aef6193f228d6921467eb21fa589bb872d;2026-09-28T19:47:05.797752+00:00;false
LOC-0064;LOC-0028;WALKING;2026-08-17T07:00:00+03:00;OK;2032;34;2852;LOCAL_VALHALLA_MATRIX;8b2c981e5ecdec279efe6c79e18c92efc0f36423f0b7d84dd82f3217cf6adee4;85fd8aef839dad170a61a4ba90b289a2a1467c2a5f7266d66a5f56455347ffdd;2026-09-28T19:47:05.797752+00:00;false
LOC-0064;LOC-0029;WALKING;2026-08-17T07:00:00+03:00;OK;2025;34;2842;LOCAL_VALHALLA_MATRIX;285408fed18765cb902cc37126050df1fca59d2b648ec9abdac695c3cbaf5a44;ff0ff92c7b36ebac61cfffa462dccf3c73b51d3df83025e745e2e7ba90d64435;2026-09-28T19:47:05.797752+00:00;false
LOC-0064;LOC-0037;WALKING;2026-08-17T07:00:00+03:00;OK;5499;92;7983;LOCAL_VALHALLA_MATRIX;9db4f964f9712fb724543e97782166f30a7f7ff723498ed34bb9a7bdac7845cb;abf8f75774ff675db64dbcbbd276511acc9310f70067c4cbfdfc8a84b8d7fb6a;2026-09-28T19:47:05.797752+00:00;false
LOC-0064;LOC-0045;WALKING;2026-08-17T07:00:00+03:00;OK;1631;28;2258;LOCAL_VALHALLA_MATRIX;857b59b3053a1fe7bc3b7f82c61f872fcb8b37c38221b93d9ac1fd35cf20ccd4;14cdedb52c5d6cdfcf4113b3f0e756626e15af4190f17bba1568f0e2edbf5b2d;2026-09-28T19:47:05.797752+00:00;false
LOC-0064;LOC-0053;WALKING;2026-08-17T07:00:00+03:00;OK;3290;55;4611;LOCAL_VALHALLA_MATRIX;4ec0781b7e80004908c59bef5b781649b45c662ffdc2df3f63a6c39829c880ac;e70daa72bb71e1b7c752056c8e9b35d2ac1efc16b2a8b79aea817d2ecdf95187;2026-09-28T19:47:05.797752+00:00;false
LOC-0064;LOC-0054;WALKING;2026-08-17T07:00:00+03:00;OK;5371;90;7760;LOCAL_VALHALLA_MATRIX;ee1f3b7d91dab116bf8b4029f27969fea2d8b786362210b984f4228756b6c570;de15dee7e3693949e062bb70834825d483e0a4de4f0e658418a26ff80e042662;2026-09-28T19:47:05.797752+00:00;false
LOC-0064;LOC-0061;WALKING;2026-08-17T07:00:00+03:00;OK;6200;104;8621;LOCAL_VALHALLA_MATRIX;2fd360e7d8424a7aef9fdc1a61c8336b71a230168ee53fc4e6c24f306a63773a;2dcacbc2a7d458899933e2a58a796ed6031fdb15e55f126a2f39f60038295520;2026-09-28T19:47:05.797752+00:00;false
LOC-0064;LOC-0063;WALKING;2026-08-17T07:00:00+03:00;OK;590;10;828;LOCAL_VALHALLA_MATRIX;f50cd1fcd14709a3bca03bde40ee7f7b933c08e8f9f6aa58dabb51782a86db94;a033f795b0c92a4339efc530a18a1f43a6bca0dff60aed90a2a63d9b119b93b0;2026-09-28T19:47:05.797752+00:00;false
LOC-0064;LOC-0064;WALKING;2026-08-17T07:00:00+03:00;OK;0;0;0;LOCAL_VALHALLA_MATRIX;82a52cabd0a2836b72b2190ef1e02120e8408c0b26365427b0a7af8d498ec2b0;3d5812abc84c11768aa73a732c85d75dbed439188f5bb3239e9b762ea31d9862;2026-09-28T19:47:05.797752+00:00;false
LOC-0064;LOC-0074;WALKING;2026-08-17T07:00:00+03:00;OK;3966;67;5533;LOCAL_VALHALLA_MATRIX;250621f2e6f7e2f56107d5980f10d82303cabac37794eb54d97ae4cdfedf60e5;ecf54028a58d8a3d0d3a4789702d1ac35628afc40aae24ab60995c7129d9ad58;2026-09-28T19:47:05.797752+00:00;false
LOC-0064;LOC-0075;WALKING;2026-08-17T07:00:00+03:00;OK;3988;67;5565;LOCAL_VALHALLA_MATRIX;92a8f97d55a75ec1747bcdba51ec272a138d6035c5c01a5fdd3250a777a221f2;0cc3a2cd6452c1ca8f9ccf2f2dd54da33319c90c962dbf02c76df64aa4e3bd81;2026-09-28T19:47:05.797752+00:00;false
LOC-0064;LOC-0076;WALKING;2026-08-17T07:00:00+03:00;OK;3293;55;4577;LOCAL_VALHALLA_MATRIX;49ca6c8c2b806bb73cd577bb450dda3b6baefbd7e6b1a9d99df5314c5fc556c2;fdf0ecc67d4115179d37a1d24cf0f02fb3e203f67a0d093808395df06768074f;2026-09-28T19:47:05.797752+00:00;false
LOC-0064;LOC-0078;WALKING;2026-08-17T07:00:00+03:00;OK;1079;18;1488;LOCAL_VALHALLA_MATRIX;cf5ac75b88902f58f4875efc416755f50da35c3c7c3f0105fb66f19fd6db832e;f6531f6259b80d878592a7de6cf4bcbb4961722d519a0ab082cbfb38a33d63aa;2026-09-28T19:47:05.797752+00:00;false
LOC-0064;LOC-0080;WALKING;2026-08-17T07:00:00+03:00;OK;4365;73;6085;LOCAL_VALHALLA_MATRIX;686142769c64ef35c98a7f81bbd9387b4103fb3d334fc59e91e621c3c092a82a;4e4d007e2d8abe197e45e236560a36adaed0bc5f1ea6aaae36c0dee2c50059fd;2026-09-28T19:47:05.797752+00:00;false
LOC-0064;LOC-0082;WALKING;2026-08-17T07:00:00+03:00;OK;739;13;997;LOCAL_VALHALLA_MATRIX;630f3e2e2bda71c39be01cec64eaaff00448eac3e4de8467fcd769657297810c;ad91c7b9194762ec11fe6a95f22f912aab112357748598f111e64d6085b19d50;2026-09-28T19:47:05.797752+00:00;false
LOC-0064;LOC-0085;WALKING;2026-08-17T07:00:00+03:00;OK;6067;102;13771;LOCAL_VALHALLA_MATRIX;cd618090dfd2f545bb27a068e362af731c8738531905c01ba7bfeb6f2dea37f6;33bd130ac2471d92936204e1d0aab093564be21a894c700322a4742e6f04dc0b;2026-09-28T19:47:05.797752+00:00;false
LOC-0064;LOC-0086;WALKING;2026-08-17T07:00:00+03:00;OK;5259;88;9233;LOCAL_VALHALLA_MATRIX;6245be6ad432f79b375de8d870c55a7f97f5552e67b05793ad60056f9845aef4;6d3736239e6317e95f8ec6c8a578b2e435c5b35bc9cbeec927302c44fd2d5d33;2026-09-28T19:47:05.797752+00:00;false
LOC-0064;LOC-0091;WALKING;2026-08-17T07:00:00+03:00;OK;6901;116;9658;LOCAL_VALHALLA_MATRIX;79bdbebc4470c20a8da04578b1bf9dff5a3295d9d31e025b79a697d06fdaf143;a097f665a7195d2d87726abaa7c919af8dec40a0db809ad6590b13fe3356f2a4;2026-09-28T19:47:05.797752+00:00;false
LOC-0064;LOC-0092;WALKING;2026-08-17T07:00:00+03:00;OK;6379;107;8901;LOCAL_VALHALLA_MATRIX;aa152143056d883939fcc5b01f8cf92878d7b5f3591ca9ce1e958139106ae5a4;e49e7a1571d36123faceb27e21b4e4a16ded39ccf84e1e95fac024e3d11e1cda;2026-09-28T19:47:05.797752+00:00;false
LOC-0064;LOC-0093;WALKING;2026-08-17T07:00:00+03:00;OK;6272;105;8752;LOCAL_VALHALLA_MATRIX;8ccd0e36a5c7e347fac4aeb5cbbb9bbe827b8b7022fe4db64045c4c1f9c647f0;54b2267b1b4e971614c98e4d1c78bb5f293b41f658363c40a30367653da1f473;2026-09-28T19:47:05.797752+00:00;false
LOC-0064;LOC-0094;WALKING;2026-08-17T07:00:00+03:00;OK;6009;101;13484;LOCAL_VALHALLA_MATRIX;05352ab73b744ed908d37fc002e4f3fb922ecad4f7bc32e7dd30e786b464712b;6750eed0a592572d257fbc669861f43143dde0446485c1627bef954280207aba;2026-09-28T19:47:05.797752+00:00;false
LOC-0064;LOC-0095;WALKING;2026-08-17T07:00:00+03:00;OK;5726;96;13085;LOCAL_VALHALLA_MATRIX;a41d4b11cecae180047ada0623872a98ac98b7316609f1ed14018fa3e4aeeafc;38020ebbba05e27a8ccb4025733f182089d11d3e7f89ecc834d1478e8124d1dd;2026-09-28T19:47:05.797752+00:00;false
LOC-0064;LOC-0102;WALKING;2026-08-17T07:00:00+03:00;OK;611;11;838;LOCAL_VALHALLA_MATRIX;6d33ad9dc33fe7b3790758ab2ec12637ba891f3c4c4e09ca3c298914b7169c48;85f7af82dabdca905723b9666b1bb73e6239068d9e9cf0bf61ad412a5e528be5;2026-09-28T19:47:05.797752+00:00;false
LOC-0064;LOC-0112;WALKING;2026-08-17T07:00:00+03:00;OK;4970;83;6936;LOCAL_VALHALLA_MATRIX;886dfffab826543b0fe48e1958add12b88aa20d4d3c99c2ecd9a93209d9488e7;caa6d0a1eb8085feed06ee50762e1f080735b7eb699fdcc79f5ee556d41fa676;2026-09-28T19:47:05.797752+00:00;false
LOC-0064;LOC-0124;WALKING;2026-08-17T07:00:00+03:00;OK;3335;56;4618;LOCAL_VALHALLA_MATRIX;684b03bab32b1f2466698fd55319ebb615a5db5dea24a396229f0405d450b645;d02779955485f2f1207d6dda09ad0608710384832a0947ea97d795ee29191d09;2026-09-28T19:47:05.797752+00:00;false
LOC-0064;LOC-0125;WALKING;2026-08-17T07:00:00+03:00;OK;4744;80;6599;LOCAL_VALHALLA_MATRIX;8691c459ebd8c23ac93cc80e38237b7cd7db077eb8c64bf30481241e3de020ef;8ff609a4f92e162be41bb3ce18ccc8fded472763fa7c16fb7bbfd8cee628acd9;2026-09-28T19:47:05.797752+00:00;false
LOC-0064;LOC-0126;WALKING;2026-08-17T07:00:00+03:00;OK;4498;75;6284;LOCAL_VALHALLA_MATRIX;d267defba022248e33f190b9a28207ff21ea2923abf0c4fa5ab3155f9f68945a;eacdf43e01b87a53c4dfee604e2ad82d37728294a96925dd5532ad3060f6b8d0;2026-09-28T19:47:05.797752+00:00;false
LOC-0064;LOC-0128;WALKING;2026-08-17T07:00:00+03:00;OK;5349;90;7769;LOCAL_VALHALLA_MATRIX;df7b8cb3cce3051f26e47ce006f10811e834b9fa99bc99daa5255667de350611;5898135ea13961da89c5268ebe02baa1abba0bc75df48ebb467b00b21d64cdcd;2026-09-28T19:47:05.797752+00:00;false
LOC-0064;LOC-0134;WALKING;2026-08-17T07:00:00+03:00;OK;4546;76;8238;LOCAL_VALHALLA_MATRIX;279f1b062ed025ef3a987cea88790617f12eb4bc074bc6b2f6e3aec966e4a8e9;4853d3f8867aac31d7d39d5958ede470feec75d2af6ceb688a3f98e049c6975d;2026-09-28T19:47:05.797752+00:00;false
LOC-0064;LOC-0135;WALKING;2026-08-17T07:00:00+03:00;OK;4536;76;8224;LOCAL_VALHALLA_MATRIX;f68b4522516345f8d801460e9ca1802b9b444ca7c63cb8d3a26cef9bda73fe8d;44a96592d502e41d713e667a0008fe8ca3822a281f9dae2c1e80394b356d7f57;2026-09-28T19:47:05.797752+00:00;false
LOC-0064;LOC-0136;WALKING;2026-08-17T07:00:00+03:00;OK;4951;83;8798;LOCAL_VALHALLA_MATRIX;245f88f41e32c9a6959dd59e570cbde11766dd737cbdc12b8a6c270fc95ee025;c815f4fdf324eb47294a875669ea570bb9cc1554d2f741bc5f529c7a6270ed8d;2026-09-28T19:47:05.797752+00:00;false
LOC-0064;LOC-0140;WALKING;2026-08-17T07:00:00+03:00;OK;3725;63;5231;LOCAL_VALHALLA_MATRIX;07323822d244335cb3b2dbe4f89eb97b202fe97f6276166f86987809d6625fc9;b948c58d6ae00ebcd82b40bc521801590d66513baac3b8596984eb1307aa8ee7;2026-09-28T19:47:05.797752+00:00;false
LOC-0064;LOC-0141;WALKING;2026-08-17T07:00:00+03:00;OK;3951;66;5499;LOCAL_VALHALLA_MATRIX;b0cfc34f7e5e9c2319841582b99b1c36c6e078e0d7a6f7f9a41ca1a03d01bb29;65e93f87c4617ddd8ddd4a31c7c15a10b6a834abed28b597a3f1d7471c11ccf4;2026-09-28T19:47:05.797752+00:00;false
LOC-0064;LOC-0142;WALKING;2026-08-17T07:00:00+03:00;OK;4150;70;5735;LOCAL_VALHALLA_MATRIX;70899006606a72a9d482698be520e828030a88dabf68ecff7c1ee95795ca2b65;0626843c76daf63e7b73a3ff651e54fe08f020cdcb402464ed6f4a89eaea967d;2026-09-28T19:47:05.797752+00:00;false
LOC-0064;LOC-0145;WALKING;2026-08-17T07:00:00+03:00;OK;6636;111;9253;LOCAL_VALHALLA_MATRIX;c2661df90dbf07854ccc97e1c64761997cf16520b504803909e84b2412128ad8;8ef806aa20cadb4bae3b665697af0b4a2e3f48aecda7ac70248bc461d5340ec8;2026-09-28T19:47:05.797752+00:00;false
LOC-0064;LOC-0148;WALKING;2026-08-17T07:00:00+03:00;OK;3963;67;5555;LOCAL_VALHALLA_MATRIX;ab740e3b82eb6f063008a4962621cdbb98a0596c71eac73628d39aad5e242da4;fc61ff410a55565b16fa2030824ad31571f1a33b4c9123d3dbadb45ad7fdcddf;2026-09-28T19:47:05.797752+00:00;false
LOC-0064;LOC-0149;WALKING;2026-08-17T07:00:00+03:00;OK;3718;62;5189;LOCAL_VALHALLA_MATRIX;9baf1ce974bd51ae91feb30528aed993ece832952c83b29db890a58a6baf083a;8d66cd87e7f1f673036ab7b6f988d85f885737fe34e1d5bb9953e51bf95f1b88;2026-09-28T19:47:05.797752+00:00;false
LOC-0064;LOC-0150;WALKING;2026-08-17T07:00:00+03:00;OK;3625;61;5054;LOCAL_VALHALLA_MATRIX;40db7ffda1387489f0c0f5203d64ee833bb0f64fb56ba4764311c3be9d9db563;312321d1c8d6f86382f671053916a56b61c2ab44a0eeff9b2c847b5dd677a66d;2026-09-28T19:47:05.797752+00:00;false
LOC-0064;LOC-0151;WALKING;2026-08-17T07:00:00+03:00;OK;4019;67;5612;LOCAL_VALHALLA_MATRIX;29bdcb68b01ddbc1c318c7ad09b34320891fd50f21a4a125b276d9f44994a115;bc68092ad0dae41ca68d053f2f83f8c68b30d264771e841336aeb1b4ad111f07;2026-09-28T19:47:05.797752+00:00;false
LOC-0064;LOC-0152;WALKING;2026-08-17T07:00:00+03:00;OK;4041;68;5642;LOCAL_VALHALLA_MATRIX;1fdb879de2c19c1872532e5a6204842588dfbdebf21ff3129f5473e4b6b354d6;8467680ad41f5c5a5a0960ba600aa95faeb86ba68a7d4e340bf5e81fa84febea;2026-09-28T19:47:05.797752+00:00;false
LOC-0064;LOC-0190;WALKING;2026-08-17T07:00:00+03:00;OK;5359;90;7479;LOCAL_VALHALLA_MATRIX;896499d76a0368019b37fa390de891ba0b5daeee903278b6812cefd6f7adf3a4;25bfee658013f947addd97fbf9768d77fa937c521beb9b1ce241ececeed71e2c;2026-09-28T19:47:05.797752+00:00;false
LOC-0064;LOC-0196;WALKING;2026-08-17T07:00:00+03:00;OK;5626;94;7835;LOCAL_VALHALLA_MATRIX;ce4b4785d0a75d2761417031f4ee212baab80669cdf8f7614ca8dc7da2ea2841;b64da601029071261fcf97bc7c00ee4a0cbbbaa6bace4cad706556c0b886e9f5;2026-09-28T19:47:05.797752+00:00;false
LOC-0074;LOC-0002;WALKING;2026-08-17T07:00:00+03:00;OK;4478;75;7409;LOCAL_VALHALLA_MATRIX;0cb5052b9019d2c182c247aee0278f59ae691c028eaca26a8c99762169ed8488;ba7159cc2c512f6905e955f0f9b2c7f07fafee2b4cd9534ddeda51245f7a9ca1;2026-09-28T19:47:05.797752+00:00;false
LOC-0074;LOC-0008;WALKING;2026-08-17T07:00:00+03:00;OK;3841;65;5390;LOCAL_VALHALLA_MATRIX;f558876b75acb8946bfd0d0512fb2c5fea2988d60baf2c023c180899a939d200;e98c6bb37dfd6465c86dbb93a003b62fb8d43b16373fa48f0a16d2813579bca9;2026-09-28T19:47:05.797752+00:00;false
LOC-0074;LOC-0009;WALKING;2026-08-17T07:00:00+03:00;OK;5832;98;12848;LOCAL_VALHALLA_MATRIX;3a7de608c12088719fd533c9e3d34b2620eb3780ac4b1f66d74d7f181d72d6b4;e75650593210c0e52ceb24f513f0aa31f93d17ad072af7b61642594ef43f7021;2026-09-28T19:47:05.797752+00:00;false
LOC-0074;LOC-0010;WALKING;2026-08-17T07:00:00+03:00;OK;4185;70;5862;LOCAL_VALHALLA_MATRIX;fb25815438fbe165d36551f51870a5a599dad08c88e2090eea3c18e2276218ab;823c6543e45b9ff477fad12221e54b7eadb18ceb56b1caa962bb0a4e979fac63;2026-09-28T19:47:05.797752+00:00;false
LOC-0074;LOC-0011;WALKING;2026-08-17T07:00:00+03:00;OK;3690;62;5173;LOCAL_VALHALLA_MATRIX;12250439acc851edd10be61d888c4a935f08079a37ce2492fdaa57635e3fcbe8;0fb1b7bb75fed46eaf0eee6619679d289d3ad73b6169b06962929971a5e42501;2026-09-28T19:47:05.797752+00:00;false
LOC-0074;LOC-0012;WALKING;2026-08-17T07:00:00+03:00;OK;3454;58;4859;LOCAL_VALHALLA_MATRIX;d3c92b359a2677b5301ad46810c9ae42b3b8bacd16febf267359d40e70344272;db63dd55c9abd2c17cb4d578c62973ad783cfe6d6799d24135b54327de42e119;2026-09-28T19:47:05.797752+00:00;false
LOC-0074;LOC-0013;WALKING;2026-08-17T07:00:00+03:00;OK;4922;83;8043;LOCAL_VALHALLA_MATRIX;305692fe34282632aa887d99caa450e3f754ebcf13aa133e6a0655411160a8ae;89e7c08b701b22a2fe4203cd5763901e43ecd786545eaec2bfde631f07ee0f37;2026-09-28T19:47:05.797752+00:00;false
LOC-0074;LOC-0016;WALKING;2026-08-17T07:00:00+03:00;OK;4694;79;6584;LOCAL_VALHALLA_MATRIX;1ea4cfbd52c9e891bb9fcebf7c00adfcf0647d07ed9d6475bff05a5ab67a8bb1;f2b743198240b122c1a55c567c43792e2ff19fa321a1f93a755107a2c11c069e;2026-09-28T19:47:05.797752+00:00;false
LOC-0074;LOC-0017;WALKING;2026-08-17T07:00:00+03:00;OK;1315;22;1848;LOCAL_VALHALLA_MATRIX;b32d3f8d84ea8a631ff5959611f0e4cfdd4430a5f69439fe925d90259771dbb5;c61b29c5911ac0141ef7b75e6270fd5ae8e0a1b3899e8f3e4c689fa11ec454ab;2026-09-28T19:47:05.797752+00:00;false
LOC-0074;LOC-0018;WALKING;2026-08-17T07:00:00+03:00;OK;927;16;1289;LOCAL_VALHALLA_MATRIX;52aa1cbad7588e942ba81bfbf55e25534a4343e6ee3741f56f5f71020213e52a;779936d6c8d549585b75d598f030dd29d5d443e5e5191aa04fdacbd97849fc2a;2026-09-28T19:47:05.797752+00:00;false
LOC-0074;LOC-0019;WALKING;2026-08-17T07:00:00+03:00;OK;4497;75;6300;LOCAL_VALHALLA_MATRIX;47466f3ea2b13ae2c53881e5108ad0a84960ddfdb2e9e90d5867f381c3fabda2;f2412d1b3827752aaa5a2bc8cb34bb237a5d30732026540fc86661d0daf8b88d;2026-09-28T19:47:05.797752+00:00;false
LOC-0074;LOC-0020;WALKING;2026-08-17T07:00:00+03:00;OK;3724;63;5209;LOCAL_VALHALLA_MATRIX;7af725ec75dfe69dd2a58acc384ce47eee085ad4e1b18e934f6a4e1200859328;ed8ff7acda6d32a3361c67e82c8594c86814582c2b7865af697bebd5e92dbad8;2026-09-28T19:47:05.797752+00:00;false
LOC-0074;LOC-0023;WALKING;2026-08-17T07:00:00+03:00;OK;2060;35;2894;LOCAL_VALHALLA_MATRIX;4eeca0a6cc77c5f214f468a0f9a15441be17dbf79ba76e04cc17dd0e5bb1c3c9;757d7ee710b422f48da6b212c6b34e3e3b72e3dfef6dbf6086b05e11ce75ce8d;2026-09-28T19:47:05.797752+00:00;false
LOC-0074;LOC-0027;WALKING;2026-08-17T07:00:00+03:00;OK;1277;22;1797;LOCAL_VALHALLA_MATRIX;368d7e56d6cb3ee568054cd5db5b43d3fbeaa968597a65e4e171688adbe783e3;6afd1b44ab74c4f5ffceb6cce5df3333d05dda3c4347f8905597c79d5c5f9b09;2026-09-28T19:47:05.797752+00:00;false
LOC-0074;LOC-0028;WALKING;2026-08-17T07:00:00+03:00;OK;3668;62;5143;LOCAL_VALHALLA_MATRIX;a8068dfed7bb962ee21f99edd23425cd29806f09c344cb95818065f1b4cf38e4;ea8571a787c73dbfbefe028db5b106c33ae242eefd092b5e252cd83154c2b2a1;2026-09-28T19:47:05.797752+00:00;false
LOC-0074;LOC-0029;WALKING;2026-08-17T07:00:00+03:00;OK;3550;60;4976;LOCAL_VALHALLA_MATRIX;6073522786c89d9f29e93dfa29d5ce7af4df89838089d502587effb01584b6da;841a39b6700811d2bbc062508ad0c59534a5adc34ff0f3565ca460f59843c58d;2026-09-28T19:47:05.797752+00:00;false
LOC-0074;LOC-0037;WALKING;2026-08-17T07:00:00+03:00;OK;4728;79;6648;LOCAL_VALHALLA_MATRIX;51ce935635da1c5cb7d907dc329829f8bac61384364025ed59264d1eb191728d;a4a90be6cdf2c413fdf1792e109ba832d6185eef9ea758074055c759c5e04565;2026-09-28T19:47:05.797752+00:00;false
LOC-0074;LOC-0045;WALKING;2026-08-17T07:00:00+03:00;OK;2680;45;3760;LOCAL_VALHALLA_MATRIX;192fbd160f38c68894318848b4451eb9ce6e558fc97368a2c671b36e316f5120;cb48e9eb174e86a5086694b86c0507c1f01a199a0055d26b8dbc1becd78a5c71;2026-09-28T19:47:05.797752+00:00;false
LOC-0074;LOC-0053;WALKING;2026-08-17T07:00:00+03:00;OK;4301;72;6025;LOCAL_VALHALLA_MATRIX;a0dac0cf5c80f83d96624549ee2933d36959d63b12ef4c946ced8cc97c9b065d;5e8ffe7521253bf1a5692a0bb02027f12205712bd081c032e4c107627013c82e;2026-09-28T19:47:05.797752+00:00;false
LOC-0074;LOC-0054;WALKING;2026-08-17T07:00:00+03:00;OK;4453;75;6260;LOCAL_VALHALLA_MATRIX;dc08320639ecab5de8a405715e7659d87f321e013909336133a151b1fbd67bbd;bd0239793639d71a28ec56513938d4ab324bb171cf64c12899dafb27798ef6a6;2026-09-28T19:47:05.797752+00:00;false
LOC-0074;LOC-0061;WALKING;2026-08-17T07:00:00+03:00;OK;3335;56;4633;LOCAL_VALHALLA_MATRIX;559511174082002373979861492a19438a7ee638776942854ecb984830102692;caf19cbe9357b7a9e18a05320fca6a821fee695b26fe68f7dfcf1d9303d05285;2026-09-28T19:47:05.797752+00:00;false
LOC-0074;LOC-0063;WALKING;2026-08-17T07:00:00+03:00;OK;4449;75;6204;LOCAL_VALHALLA_MATRIX;edf8ed312d942dc3be1330753041505316c9ef4337cea1eec970008c40f704dd;d8c87c235447dfac3ffdf85b9e62d7a142b6442109cbdc1cba807e18680da61f;2026-09-28T19:47:05.797752+00:00;false
LOC-0074;LOC-0064;WALKING;2026-08-17T07:00:00+03:00;OK;3967;67;5533;LOCAL_VALHALLA_MATRIX;dcc7ab34aa016d876a8e962e367d880ca1097e4937c1b7a13701d763a52e0d24;c5262265bd89bd9383e0885a5dabfdcedbaa1f7a31788a0c10dcf5612bb4cd67;2026-09-28T19:47:05.797752+00:00;false
LOC-0074;LOC-0074;WALKING;2026-08-17T07:00:00+03:00;OK;0;0;0;LOCAL_VALHALLA_MATRIX;959c83c8b8e51e3432dfa4a72d3585b246c45be7a6b4059f1bc20b9d3c19e0bb;3d5812abc84c11768aa73a732c85d75dbed439188f5bb3239e9b762ea31d9862;2026-09-28T19:47:05.797752+00:00;false
LOC-0074;LOC-0075;WALKING;2026-08-17T07:00:00+03:00;OK;521;9;731;LOCAL_VALHALLA_MATRIX;c1bac14875639431e3b9de5b60c2037f188a67ebbe159c166d6459d19c2bef01;357bf4be650f9b86146711c0ce7dfa2efacef95d15e7943b1dc2efef98bcf151;2026-09-28T19:47:05.797752+00:00;false
LOC-0074;LOC-0076;WALKING;2026-08-17T07:00:00+03:00;OK;4908;82;6887;LOCAL_VALHALLA_MATRIX;5b4d0db7caa607de8a34f82958b96dca65f505a3ab3f7d482a3f78bf7fd28878;ec9f0c1b1ecd0d4f829ce8270549523144440c3c52c3fa8529c102d49e1e18da;2026-09-28T19:47:05.797752+00:00;false
LOC-0074;LOC-0078;WALKING;2026-08-17T07:00:00+03:00;OK;3232;54;4512;LOCAL_VALHALLA_MATRIX;5811acb8abb97bb049018e6fce1af352d9a7f7fe3bc21d61e83ef268b998d2fd;dbf83469c3cea4815d88b3cce37b2957b7114eb703621daf254616ce8024687f;2026-09-28T19:47:05.797752+00:00;false
LOC-0074;LOC-0080;WALKING;2026-08-17T07:00:00+03:00;OK;549;10;771;LOCAL_VALHALLA_MATRIX;54d45667805cf34058b35e2125669fac3a108e6fb34cc7b798c838a43f135431;1e1e699c185065d52143a22a7a9461fc2f5214da650b9b1d3758abe2bf080437;2026-09-28T19:47:05.797752+00:00;false
LOC-0074;LOC-0082;WALKING;2026-08-17T07:00:00+03:00;OK;4056;68;5655;LOCAL_VALHALLA_MATRIX;47259733e53620d7b5a61ce3e0d473d727a433257dfb278c34e89471f4968fe7;a2ebdbeda304c9981e56120823a6016d08d80edb3d244894222fb477e3b67c09;2026-09-28T19:47:05.797752+00:00;false
LOC-0074;LOC-0085;WALKING;2026-08-17T07:00:00+03:00;OK;5283;89;8546;LOCAL_VALHALLA_MATRIX;3fa1c73d327840fd5e0e8478d2de6aa69ceee12991a72d796e46f531c62130d4;c70335027f4f41d5ac1574d0365bda860ccdf376a44e3b64b5700bcafb0bc507;2026-09-28T19:47:05.797752+00:00;false
LOC-0074;LOC-0086;WALKING;2026-08-17T07:00:00+03:00;OK;5354;90;8640;LOCAL_VALHALLA_MATRIX;7072aefc122944436db92a2badbc63d18a998301b0f1fda5f1a5234dcd0f2cea;200910f228d2c0341b57430cbe1d98ca97690a42e81bf6ca55371be40a53c172;2026-09-28T19:47:05.797752+00:00;false
LOC-0074;LOC-0091;WALKING;2026-08-17T07:00:00+03:00;OK;3688;62;5171;LOCAL_VALHALLA_MATRIX;2c824cdb4295d1e0950f1d905fe28e3bd6a5eeb503342dd3c1568033567afde2;33ec84fe66f25a696699bf4bc2a189123988deccb5fcd1036b01c4728e3023fc;2026-09-28T19:47:05.797752+00:00;false
LOC-0074;LOC-0092;WALKING;2026-08-17T07:00:00+03:00;OK;3137;53;4389;LOCAL_VALHALLA_MATRIX;d5020ae51d72628ba3a51322ef46e7867aecfd1237e03f72abee52d59c081af8;22543b7d9731a9b4e7172ec3eb3dbc3402d00835bf6eb1411785d031b0e79a38;2026-09-28T19:47:05.797752+00:00;false
LOC-0074;LOC-0093;WALKING;2026-08-17T07:00:00+03:00;OK;3030;51;4240;LOCAL_VALHALLA_MATRIX;e952fd660a2418b59b45570153cc2b21a2cd4d22c80702bae8ef1b6a364fc5ae;b0b475a174c732cc5d448ee51f69e0c59f8b9d9b20194e6090eecd047141e929;2026-09-28T19:47:05.797752+00:00;false
LOC-0074;LOC-0094;WALKING;2026-08-17T07:00:00+03:00;OK;6104;102;12891;LOCAL_VALHALLA_MATRIX;d2e7f270cf1abbab63f526c7e8efba0b70f84c7ce6dce3d142e3340b0d981849;1b3b8dbc71da0fce43d49e3b8ba62929b05c8630423658863c754eec0fbdc115;2026-09-28T19:47:05.797752+00:00;false
LOC-0074;LOC-0095;WALKING;2026-08-17T07:00:00+03:00;OK;5821;98;12492;LOCAL_VALHALLA_MATRIX;427f309754f84839005f5cf6aef142988f02535309a244ca33416bf3f7f2851f;c1fe1cff9cc8226227ca7217683301b9b040b991f806b7b3f5100e3671d4804a;2026-09-28T19:47:05.797752+00:00;false
LOC-0074;LOC-0102;WALKING;2026-08-17T07:00:00+03:00;OK;4133;69;5763;LOCAL_VALHALLA_MATRIX;cd0b07a18eb141daf18199205fa4f201c98a910a8a5c5d5278d5093f135dcf13;a13d7b8cd055a740f8fc7f9626b9a01a26b82e6721d61361e4d649d31f289293;2026-09-28T19:47:05.797752+00:00;false
LOC-0074;LOC-0112;WALKING;2026-08-17T07:00:00+03:00;OK;1728;29;2424;LOCAL_VALHALLA_MATRIX;7d9f4bcf8965882dad3639dc9dbaace515dd01e5af4f9185e9f9c48833fc5184;2a6c99c3b458026dd16c51eb3f4df820041ee7ccf5ff6dabc814bbbce723ea1b;2026-09-28T19:47:05.797752+00:00;false
LOC-0074;LOC-0124;WALKING;2026-08-17T07:00:00+03:00;OK;6110;102;13271;LOCAL_VALHALLA_MATRIX;134fb7c76c021603e5e48563c87f688e4f4b02b28ab695edb59b1c706a8fb552;c9d43d9ce1c811d9ffdc9cc8fd8339a42e95fee5bbcf27f8bcc6c19a5315d852;2026-09-28T19:47:05.797752+00:00;false
LOC-0074;LOC-0125;WALKING;2026-08-17T07:00:00+03:00;OK;1241;21;1733;LOCAL_VALHALLA_MATRIX;97f6b321ffc14f2df93ce5a289ba4e68bb3227426575a413699511c2c7205ec1;9c9fd80d8270b6d2ba66f934caff86348e4be515a62cfaef37412db3f8e14e4b;2026-09-28T19:47:05.797752+00:00;false
LOC-0074;LOC-0126;WALKING;2026-08-17T07:00:00+03:00;OK;1393;24;1948;LOCAL_VALHALLA_MATRIX;4679d08ffda621829f394030913caf07ebb3e77499e7274539c3dd91762e1286;b2859a16a799400e8cc16f5738789fb6936250f5f4cc17c3e905641ec857f0d0;2026-09-28T19:47:05.797752+00:00;false
LOC-0074;LOC-0128;WALKING;2026-08-17T07:00:00+03:00;OK;4646;78;6505;LOCAL_VALHALLA_MATRIX;8467118195ab7d738c684cce20ac38037dea6e2c8851bd5f8232d203ceed0df2;c2d63f6c2780da3c03076fda78c74e3b7d87ee6907dd6071d3a3c84eaac0a51a;2026-09-28T19:47:05.797752+00:00;false
LOC-0074;LOC-0134;WALKING;2026-08-17T07:00:00+03:00;OK;4641;78;7645;LOCAL_VALHALLA_MATRIX;3e6f05e3199e7c3feb75602f30137c4eb50afb2273634ccfd8fe0349b7850a03;03800e4134dde423c4cd990c68828853ea61b18edb2d8923ccc6a225136b4997;2026-09-28T19:47:05.797752+00:00;false
LOC-0074;LOC-0135;WALKING;2026-08-17T07:00:00+03:00;OK;4631;78;7631;LOCAL_VALHALLA_MATRIX;e334afb3948d003e23e10446bce118ec441c64017e62b0c05f8bf3bfc5ba3850;7ed7836945df771b351a74de1bee3a809c1ce3039ea8ecc39e81f32ce7f29253;2026-09-28T19:47:05.797752+00:00;false
LOC-0074;LOC-0136;WALKING;2026-08-17T07:00:00+03:00;OK;5045;85;8205;LOCAL_VALHALLA_MATRIX;8434c465c10644ddcd42c47c185669b668b9ea565d92fa5cb68095b0b419b0e9;3e473f944266badc65662cfd6bc5fbd5a11644d8d7627bb49f50241355820e0e;2026-09-28T19:47:05.797752+00:00;false
LOC-0074;LOC-0140;WALKING;2026-08-17T07:00:00+03:00;OK;4718;79;6620;LOCAL_VALHALLA_MATRIX;1d30065f388ff4ccbb58dcf6f9e9d3f0e0847ebd72d6cd0fc8e808bb8c0014b7;27d66171c7d00604a84a8ea0f0638ad3dbbe399461dfa188cf83c0c242a2d1b8;2026-09-28T19:47:05.797752+00:00;false
LOC-0074;LOC-0141;WALKING;2026-08-17T07:00:00+03:00;OK;4138;69;5802;LOCAL_VALHALLA_MATRIX;49fc5f5e032c278713a59b651001859a866deb6923c8bb8fdd56498a9f4fcd88;b0f6deb942c10af678c80cd03b6d5cfd38176e7a4cf276b8b07cffefe567259a;2026-09-28T19:47:05.797752+00:00;false
LOC-0074;LOC-0142;WALKING;2026-08-17T07:00:00+03:00;OK;4219;71;5875;LOCAL_VALHALLA_MATRIX;ed3145efc00a6692083f2f642358dc3f986c61244685cdb94abc868570484c54;c8c2009f5ea32478df4210b1a7317b703eb98b42864eec6b2e4a551483c7278a;2026-09-28T19:47:05.797752+00:00;false
LOC-0074;LOC-0145;WALKING;2026-08-17T07:00:00+03:00;OK;3394;57;4741;LOCAL_VALHALLA_MATRIX;8c3bdfc1eb538f1282b0e12aa30e6f6a1274f53b23f8efc3c76a5177a057ddd2;2719632c5a163dcb052ec2a7a4598499e2c0a07ef2a13c4ed5cad1c7fb8a63b9;2026-09-28T19:47:05.797752+00:00;false
LOC-0074;LOC-0148;WALKING;2026-08-17T07:00:00+03:00;OK;633;11;890;LOCAL_VALHALLA_MATRIX;a8776b2f218b54f325d373845ff1c129199b2aafea58ef255fdb271871afb9d6;7e146922ad4aee8ebd2d969036b0fd825b16c7120d451d72232363b726b6a491;2026-09-28T19:47:05.797752+00:00;false
LOC-0074;LOC-0149;WALKING;2026-08-17T07:00:00+03:00;OK;438;8;621;LOCAL_VALHALLA_MATRIX;e0ecc6eabb6a9d71e4969df4b8af3199e3459ff07e243853da2c63831bacf9e3;82bf07bc5fe45beb1db1cddc962bb2ce7225089b563054837e9b8b0be742d2d3;2026-09-28T19:47:05.797752+00:00;false
LOC-0074;LOC-0150;WALKING;2026-08-17T07:00:00+03:00;OK;395;7;558;LOCAL_VALHALLA_MATRIX;3cf3956f8e96a6cdb48fd85e1934ad4298d0b8b02a44613f39064af6ed9a4d58;12c7325224fe7cd83f0e0b57ff199e97abf1215e61366322643802b0c71091b0;2026-09-28T19:47:05.797752+00:00;false
LOC-0074;LOC-0151;WALKING;2026-08-17T07:00:00+03:00;OK;990;17;1383;LOCAL_VALHALLA_MATRIX;f87f55fc4546515882d1d8035f07d114d391dbcad0b5c2a5b21821882b07bc13;12a124a93754f22a78b25de2f93fd1b9037ad709d27a61c8854e9cccd9917f0a;2026-09-28T19:47:05.797752+00:00;false
LOC-0074;LOC-0152;WALKING;2026-08-17T07:00:00+03:00;OK;992;17;1388;LOCAL_VALHALLA_MATRIX;19a8097c3181ed876c190d04c43b689946f00e4f64da412d8e4623a0b0846b26;81d6e14da968e8871c96c10519f8d6bb63ecb58a629edc9c3b6ea3cb86d7f349;2026-09-28T19:47:05.797752+00:00;false
LOC-0074;LOC-0190;WALKING;2026-08-17T07:00:00+03:00;OK;2560;43;3600;LOCAL_VALHALLA_MATRIX;510672678c3f70cadabb23870e00f3b5a94e64245485245b2a78b743af01f478;f97bbeb54ca97a35f6aa8194a8120e65414e40b59e996e99ce9898e1f7b9b528;2026-09-28T19:47:05.797752+00:00;false
LOC-0074;LOC-0196;WALKING;2026-08-17T07:00:00+03:00;OK;2858;48;3965;LOCAL_VALHALLA_MATRIX;61397ac49109ce876b5abf9167c0aba8ca48b03a5f17aeacfc54198350a4436b;2fbd98f666e0dd8890e157e993684b5e06b69d9c9871a5709937f3ad718aa481;2026-09-28T19:47:05.797752+00:00;false
LOC-0075;LOC-0002;WALKING;2026-08-17T07:00:00+03:00;OK;4742;80;7780;LOCAL_VALHALLA_MATRIX;39112342e0960c612b53393d902fbeb30c1365ac11dad46954c8fc88a7f11b3e;ed53573873585931fc862f3d48aa6135d939b6326a400ce0f6437034e32076a4;2026-09-28T19:47:05.797752+00:00;false
LOC-0075;LOC-0008;WALKING;2026-08-17T07:00:00+03:00;OK;4246;71;5967;LOCAL_VALHALLA_MATRIX;2a17b3d4f66b1aeb2135b747c3d6d4fac4a70c8ed534da94c1bc4d799aa204a3;c3fddf99513e5ae9552c3080baf271b4d37b3928e3a7131266bbf160c46e2d28;2026-09-28T19:47:05.797752+00:00;false
LOC-0075;LOC-0009;WALKING;2026-08-17T07:00:00+03:00;OK;5367;90;12197;LOCAL_VALHALLA_MATRIX;e638ce5f50b5fc980868f305ff8f0525e797e7200d576e45867f13664f08fa10;d10d80504903a276948d892de88702d4c7ad87ca0764a3634ba01c5c6e03d818;2026-09-28T19:47:05.797752+00:00;false
LOC-0075;LOC-0010;WALKING;2026-08-17T07:00:00+03:00;OK;4622;78;6486;LOCAL_VALHALLA_MATRIX;6cde080201486cf0f11041da80c0059873c97d058ea2f991389e5d8461c75030;c6cba8c00bcc077335d2da805b448808d8d39eef01440e2640094e6a489bb0bc;2026-09-28T19:47:05.797752+00:00;false
LOC-0075;LOC-0011;WALKING;2026-08-17T07:00:00+03:00;OK;4100;69;5751;LOCAL_VALHALLA_MATRIX;58fd10f6d0cfb6af723598405eb956cc3d7e42e9219dd54c74d3b6c519701d8e;51efc6e445946eff2e1177a446de3e9705d67606a2fa588269188e08892aadc3;2026-09-28T19:47:05.797752+00:00;false
LOC-0075;LOC-0012;WALKING;2026-08-17T07:00:00+03:00;OK;3864;65;5437;LOCAL_VALHALLA_MATRIX;0eed750e49412448dc6fcd1b33c648308972b36c282c1c7cd738840f35fcea98;2546f9b4e5c1195c4f199b05efe66b9c7430a9372905c63d7966513cfb35fc4b;2026-09-28T19:47:05.797752+00:00;false
LOC-0075;LOC-0013;WALKING;2026-08-17T07:00:00+03:00;OK;5186;87;8414;LOCAL_VALHALLA_MATRIX;bd860944f483039cbeb4898861f9e0b4b3ccf5b8c7f05a5523770156f4ef0151;a3cefcd19b7592f9de0f7d99177361b24e2afac4819af6ee3e25fe9f4dddf691;2026-09-28T19:47:05.797752+00:00;false
LOC-0075;LOC-0016;WALKING;2026-08-17T07:00:00+03:00;OK;4715;79;6616;LOCAL_VALHALLA_MATRIX;4e400d7d5ee0ca0763cd33cec0e7ed4d1b7dd3efa49399c5b55b96e100e260ff;fa516054d2550c570fe9c36fcf5811905e7ac67bfeb50a08e82fd64bfd233bce;2026-09-28T19:47:05.797752+00:00;false
LOC-0075;LOC-0017;WALKING;2026-08-17T07:00:00+03:00;OK;966;17;1357;LOCAL_VALHALLA_MATRIX;41bbd719a21a4edcd2ff4514472f211ceefc09c8f8a144f30b0fcc6537f25882;d648b87a4a40f4b933f7038b40110f3bdd59a1919c3e3a699976969e91a99892;2026-09-28T19:47:05.797752+00:00;false
LOC-0075;LOC-0018;WALKING;2026-08-17T07:00:00+03:00;OK;709;12;982;LOCAL_VALHALLA_MATRIX;0a620860e7da862024c2e5ab4986bbd94961dc94398f084156091f4d16961955;225b68d8394b9b899921a28218f98e7fc6c083ffbcffdf13a1a0fa2899de5220;2026-09-28T19:47:05.797752+00:00;false
LOC-0075;LOC-0019;WALKING;2026-08-17T07:00:00+03:00;OK;4905;82;6875;LOCAL_VALHALLA_MATRIX;7f6416e3f10868eb223298ec379cc1d873af01c51aa6fee5e7b1ece575073cc5;4fd92acd729aa418df01682dcc82c364752ff9c1f80975184a6cbbd53e4f18da;2026-09-28T19:47:05.797752+00:00;false
LOC-0075;LOC-0020;WALKING;2026-08-17T07:00:00+03:00;OK;4134;69;5787;LOCAL_VALHALLA_MATRIX;3064e06432ce9be36fe5500c875a74a4f4015b316701ba39ec2f002a7596e93b;243839540ebbc6df58d5257c86ca6be5c76ae95df4d2f9ab77541d5111b5aacd;2026-09-28T19:47:05.797752+00:00;false
LOC-0075;LOC-0023;WALKING;2026-08-17T07:00:00+03:00;OK;1841;31;2587;LOCAL_VALHALLA_MATRIX;f5334e371372bcd122540db6b81a24c5cb7055fc731498e59cc0a8844a0ed34c;8130eb3a49ebf224b5cb7f92937756ceb36020d51350d67d1e0882437e67d3ea;2026-09-28T19:47:05.797752+00:00;false
LOC-0075;LOC-0027;WALKING;2026-08-17T07:00:00+03:00;OK;1299;22;1832;LOCAL_VALHALLA_MATRIX;ed4180ab1b2c784c324f78261bc9fc30eda612d47e6ceb9cda15e1bf77a13117;8e55c38b0edbfeda09d71d2172e2698a9b62cea7747a8ce5f2f8319386e35bf0;2026-09-28T19:47:05.797752+00:00;false
LOC-0075;LOC-0028;WALKING;2026-08-17T07:00:00+03:00;OK;3688;62;5175;LOCAL_VALHALLA_MATRIX;1e9e1ac744d1dfb70d3a39e588de74a74896e6ce370276fc50242664385eb34d;5c9b92dd5581f29d0bebfc096c05f0e35004017d1e2056a9c6ac4e7796bf2390;2026-09-28T19:47:05.797752+00:00;false
LOC-0075;LOC-0029;WALKING;2026-08-17T07:00:00+03:00;OK;3571;60;5008;LOCAL_VALHALLA_MATRIX;9ab58609bcbe728bdc22cb29c9f7f9f957e982487e175b6b7bebe1ace49146e6;2f1f1d5deed9024df6aad83ea2670704b660d53dae602fff890a1053ef80710f;2026-09-28T19:47:05.797752+00:00;false
LOC-0075;LOC-0037;WALKING;2026-08-17T07:00:00+03:00;OK;5079;85;7117;LOCAL_VALHALLA_MATRIX;f2f01b30191edec8fee11f9f714f641ce9c6248786f0ed925f3f342008d99517;6bcc8060a7f2376b6679c8680b6a54ad805f15eea340ab0989df91d23bc873a9;2026-09-28T19:47:05.797752+00:00;false
LOC-0075;LOC-0045;WALKING;2026-08-17T07:00:00+03:00;OK;2700;45;3792;LOCAL_VALHALLA_MATRIX;670cad3d3f3620558d8f16d1b157cf755d8334095d9f0fadfc58bb2cc25c9ca7;82f7b9bdf66bb36e488b3f73516147b2f56a70d6b28ff5ef79a2e76d96262ecf;2026-09-28T19:47:05.797752+00:00;false
LOC-0075;LOC-0053;WALKING;2026-08-17T07:00:00+03:00;OK;4321;73;6057;LOCAL_VALHALLA_MATRIX;3263c79e12c4330d9fa50fa5a806c9f2956face34bc8dd5eabe459ccb13f6e8a;4976fe4e914ff64d02b183d08c9e0b3a4cc6b42b91993fc9e3571b5398a56838;2026-09-28T19:47:05.797752+00:00;false
LOC-0075;LOC-0054;WALKING;2026-08-17T07:00:00+03:00;OK;4864;82;6838;LOCAL_VALHALLA_MATRIX;517c0e3509e2ff8de6fb300b9e670947023f3814fd20cf357a025200f205724f;9d1f1b2964a73cf7492a2f30bd46f0b214a4657bdb565932bab04aa3ab532f0b;2026-09-28T19:47:05.797752+00:00;false
LOC-0075;LOC-0061;WALKING;2026-08-17T07:00:00+03:00;OK;3745;63;5211;LOCAL_VALHALLA_MATRIX;142f124334b3ecae916d0c9faef415899dc9772e7e6206eabae4cd8e8e0133d3;454aac5d7ff61d8685fee35ed0b9089ecdece5072eadad15be85ab87831d98ba;2026-09-28T19:47:05.797752+00:00;false
LOC-0075;LOC-0063;WALKING;2026-08-17T07:00:00+03:00;OK;4728;79;6624;LOCAL_VALHALLA_MATRIX;9c677f0e803382b1f232e6e426f25ac7d9c98bb6ab6a1ed577fb4f9f5d72098d;99e6a1955d14a8e4890f426bff61857b3a0e6071dbdf47774c5b97bf7cd78a16;2026-09-28T19:47:05.797752+00:00;false
LOC-0075;LOC-0064;WALKING;2026-08-17T07:00:00+03:00;OK;4246;71;5953;LOCAL_VALHALLA_MATRIX;fa00d9998abb06e791388bdd2a73ac0ed868a9d7417829bda2649171e1bb05fd;c258acd9e6e616c34da031aa381a1bdf60ee4fbfa1a27ac04dc9fc107454e5bc;2026-09-28T19:47:05.797752+00:00;false
LOC-0075;LOC-0074;WALKING;2026-08-17T07:00:00+03:00;OK;521;9;731;LOCAL_VALHALLA_MATRIX;cf0c914498e3d9f7500e1256e86ba3cd9d3d1acdcd0ba95cea83489be0c89167;357bf4be650f9b86146711c0ce7dfa2efacef95d15e7943b1dc2efef98bcf151;2026-09-28T19:47:05.797752+00:00;false
LOC-0075;LOC-0075;WALKING;2026-08-17T07:00:00+03:00;OK;0;0;0;LOCAL_VALHALLA_MATRIX;6811ee00d9219a970aea03b754766c255d85d214553aa6892350341db38eba9c;3d5812abc84c11768aa73a732c85d75dbed439188f5bb3239e9b762ea31d9862;2026-09-28T19:47:05.797752+00:00;false
LOC-0075;LOC-0076;WALKING;2026-08-17T07:00:00+03:00;OK;4929;83;6919;LOCAL_VALHALLA_MATRIX;212d7cf2a51e480c2f04b474e9c4aa4fe2e2b88f911b7dc1e49200406389df3d;92c850fecc40d6ea2b76c6ee514925f07a34decb0c930bcd949e37e243705023;2026-09-28T19:47:05.797752+00:00;false
LOC-0075;LOC-0078;WALKING;2026-08-17T07:00:00+03:00;OK;3253;55;4544;LOCAL_VALHALLA_MATRIX;d69314394aa293b34c1c3e3194a7fd88fec94c1b8dc23ba5b111e65d557026ae;b0e0f0284245274f8e62a5b9e65b086175b252980bbb7244e2269c85fa83b753;2026-09-28T19:47:05.797752+00:00;false
LOC-0075;LOC-0080;WALKING;2026-08-17T07:00:00+03:00;OK;431;8;610;LOCAL_VALHALLA_MATRIX;7fa349ddf0c286865f97e6d602420942495b360fe49af2c6dd6553970fc0467f;05710450254d400b171af95d83603076e156cc50daf45219137bd438c69b8443;2026-09-28T19:47:05.797752+00:00;false
LOC-0075;LOC-0082;WALKING;2026-08-17T07:00:00+03:00;OK;4077;68;5687;LOCAL_VALHALLA_MATRIX;b997ff86f6c127aa3f95d6adf2d19c3253a42db00aee14fe3e87fa1cbc0923f9;52f1729fb7db4cdeab294897430fd76fa8f6bcaf17db030c6937316f57a857aa;2026-09-28T19:47:05.797752+00:00;false
LOC-0075;LOC-0085;WALKING;2026-08-17T07:00:00+03:00;OK;5498;92;8840;LOCAL_VALHALLA_MATRIX;839ddedc68235dd2339c6146c193a98e6c3776e8515210cf52159e927d259b1d;8efc4528c3de8fd2baa6faa952f73a7e18c8bc373f8c3ba37287f2b2379e723c;2026-09-28T19:47:05.797752+00:00;false
LOC-0075;LOC-0086;WALKING;2026-08-17T07:00:00+03:00;OK;5570;93;8934;LOCAL_VALHALLA_MATRIX;dbcf83c273bb047190bba7bda5c73c56aa3ebfa60ac8e2c992218be1578b3d83;53941c54d589fc5c0df57ff6b28f3072bca9bb9f3501e594afbaa0bf4a1e22b5;2026-09-28T19:47:05.797752+00:00;false
LOC-0075;LOC-0091;WALKING;2026-08-17T07:00:00+03:00;OK;4009;67;5624;LOCAL_VALHALLA_MATRIX;529df71336077be5f2f0e64c04d72b6240bb237e78441e6f5da286362577d21c;1080242c70411d9c920aca089684d4dd1244ff287513f5405171338c3936cd34;2026-09-28T19:47:05.797752+00:00;false
LOC-0075;LOC-0092;WALKING;2026-08-17T07:00:00+03:00;OK;3442;58;4828;LOCAL_VALHALLA_MATRIX;f641d59b88bed55e600d9f74173619cedbf7c5a927630e72322fb0e7a3ee449a;ccb695bfac8214a8b3ed07f3e7134e1b078b3139417dc4d261004e9b1046d35f;2026-09-28T19:47:05.797752+00:00;false
LOC-0075;LOC-0093;WALKING;2026-08-17T07:00:00+03:00;OK;3349;56;4695;LOCAL_VALHALLA_MATRIX;6afb8f12e73175373f8d40104dc2957a284aba42d4c8c13169c58828c48756b1;5f8db1d0fdd97d407c49dd6758f47d274ed3ea2828e15f33f7d5f5169d132a41;2026-09-28T19:47:05.797752+00:00;false
LOC-0075;LOC-0094;WALKING;2026-08-17T07:00:00+03:00;OK;6320;106;13185;LOCAL_VALHALLA_MATRIX;1e6a5a9ac671c3ac527b829d04ad260535013991023ee1ac3bac1e3421535486;dc83c6976e7d1c2d9f8b9ba810af49d8aad3c6cab6e907afacd7c2d20e0bb88e;2026-09-28T19:47:05.797752+00:00;false
LOC-0075;LOC-0095;WALKING;2026-08-17T07:00:00+03:00;OK;6037;101;12786;LOCAL_VALHALLA_MATRIX;bea2822831c7c99531e5954c3786ea6836545794346c8cc6b6a5ead3d833381f;341beb2769dc6761c5ce40098094d2ac270f1f7686a513e1a758414fa46f1413;2026-09-28T19:47:05.797752+00:00;false
LOC-0075;LOC-0102;WALKING;2026-08-17T07:00:00+03:00;OK;4154;70;5795;LOCAL_VALHALLA_MATRIX;bdd30b1952050649cb424d50bf395ce6d858e454243dc022b61dc57dfb333c81;6938a120efd11ff5a1095935c3f0782d707d4b4db295147cd62fd3be17fe0d0e;2026-09-28T19:47:05.797752+00:00;false
LOC-0075;LOC-0112;WALKING;2026-08-17T07:00:00+03:00;OK;2138;36;3002;LOCAL_VALHALLA_MATRIX;dca7b487a640461d0713e608e964f45b0e38bb35569d10c547acd0a79bfb4995;b22019fb79beebb36c13d40b0e1b6c06790af65599d2528c3d3bb024b70794e2;2026-09-28T19:47:05.797752+00:00;false
LOC-0075;LOC-0124;WALKING;2026-08-17T07:00:00+03:00;OK;5617;94;12589;LOCAL_VALHALLA_MATRIX;1c7afe899870478a457f1ef4f9ea8183d652c288ae6997c3f42301c496ba2e14;513651c89b94b587331a42ef08b4a834ed0dea20cc21d4d28cbc8b164d27a985;2026-09-28T19:47:05.797752+00:00;false
LOC-0075;LOC-0125;WALKING;2026-08-17T07:00:00+03:00;OK;1022;18;1426;LOCAL_VALHALLA_MATRIX;cc73ee0fb10086e4fdb02ba129e407f4d18a99e0e4e7cf8004a2ad816964b4ee;a4d13c9c15c44d76b93f29b29e7d4db48fc277cfc7158a6e3c9d146b47d7eccc;2026-09-28T19:47:05.797752+00:00;false
LOC-0075;LOC-0126;WALKING;2026-08-17T07:00:00+03:00;OK;1778;30;2476;LOCAL_VALHALLA_MATRIX;c71b4abcf650f41f994aec1f2602f5686c3c115aebddaa2c56e67c2da88e1839;cb94ab0d88898f8c260c93e72606265516c9a81e41c070ce18737f0350bd47b1;2026-09-28T19:47:05.797752+00:00;false
LOC-0075;LOC-0128;WALKING;2026-08-17T07:00:00+03:00;OK;4862;82;6798;LOCAL_VALHALLA_MATRIX;82f75a90e34c28903c67b22cd929abeae2ef58c3cec89d2a659ab7b4f508b4de;acf100fed76ee68b402c6988d687a43c57812ecd4a4557eebbb5f5384fec668d;2026-09-28T19:47:05.797752+00:00;false
LOC-0075;LOC-0134;WALKING;2026-08-17T07:00:00+03:00;OK;4857;81;7939;LOCAL_VALHALLA_MATRIX;dfe7b79eeec1b1f075283524e6c3439c928a6e8aa52f855d4885f103140f4aab;a17eedfc9a6a35113c266a0b3a65f512e684e3a71982358e11eb28268ea48231;2026-09-28T19:47:05.797752+00:00;false
LOC-0075;LOC-0135;WALKING;2026-08-17T07:00:00+03:00;OK;4761;80;7833;LOCAL_VALHALLA_MATRIX;3108040cfadda03401ce1fde93bb100e5a8dc4a5aec0735102e1adf38738cc8f;81e206f8316b78d7853a7cf530e5dc6e227131e22382f560d26530446b0adbf2;2026-09-28T19:47:05.797752+00:00;false
LOC-0075;LOC-0136;WALKING;2026-08-17T07:00:00+03:00;OK;5173;87;8389;LOCAL_VALHALLA_MATRIX;28b98d25de03bffe7dd6775d8ed57583f5e02ae12393c27f14adb0a0a84fbd7b;003d264d9c97f19d44424272600fb25019a01921de2aa1c16903c725bdf079b2;2026-09-28T19:47:05.797752+00:00;false
LOC-0075;LOC-0140;WALKING;2026-08-17T07:00:00+03:00;OK;4739;79;6652;LOCAL_VALHALLA_MATRIX;95d1e05fcb5e25424f9eab262ed7b90ca414fb593e96bb9b32c28bd0977b38a9;2c9fbc0c791c6a3882b6a929f36d7041e4b3c717d1f74a4067db5d00f13d88f9;2026-09-28T19:47:05.797752+00:00;false
LOC-0075;LOC-0141;WALKING;2026-08-17T07:00:00+03:00;OK;3646;61;5120;LOCAL_VALHALLA_MATRIX;45c66f314d2cf908889ccdf6269d934cefe5c57a9d5e21e2d17232ec5db56e7f;8ae8bbdb39db4ee6809f72225bb555e124dd4e68ed04e5d36545cb76c27289fc;2026-09-28T19:47:05.797752+00:00;false
LOC-0075;LOC-0142;WALKING;2026-08-17T07:00:00+03:00;OK;3726;63;5193;LOCAL_VALHALLA_MATRIX;bc7ca176c8f40cc65926b3c261779b3ebecfd9e149bcab714efba79e8f9c1998;26e97bbf100d825118703b38d09bd0cf5733a1c91811e71b7bd405119674e042;2026-09-28T19:47:05.797752+00:00;false
LOC-0075;LOC-0145;WALKING;2026-08-17T07:00:00+03:00;OK;3658;61;5117;LOCAL_VALHALLA_MATRIX;cf332eba2c5990176c41b15d9da36220b7cfc26df2ff65278d527a8cae7ea3bc;3e78c71ed96c2301b5206323d6b20a4c0a77ec58f5293ec36f2fefcfde3af510;2026-09-28T19:47:05.797752+00:00;false
LOC-0075;LOC-0148;WALKING;2026-08-17T07:00:00+03:00;OK;154;3;219;LOCAL_VALHALLA_MATRIX;e809e79e88829713dc3aeded2c66bb64081a4e42f99217a623213778d07c79f0;86e5d2c81b6f2064836c714f4d9fac6b930d78e46c722501d6a8803f7239cb0d;2026-09-28T19:47:05.797752+00:00;false
LOC-0075;LOC-0149;WALKING;2026-08-17T07:00:00+03:00;OK;335;6;470;LOCAL_VALHALLA_MATRIX;a4b813d65af65705e9564d4cb2efb18764193fdeec4f9f532c3d9f76f9db83ea;588d31d46f5a55bc807d2f3d270e4d31305ed2e81671d91bc974831f7d8cd630;2026-09-28T19:47:05.797752+00:00;false
LOC-0075;LOC-0150;WALKING;2026-08-17T07:00:00+03:00;OK;442;8;620;LOCAL_VALHALLA_MATRIX;5fd242d02fa33245d77a65e22532ec815edfab5e6180a372480e7bb7e876827b;1380d3de5b90a0cd63a32810f1b2c6061336ec30187fbc36288280d2fe8cc595;2026-09-28T19:47:05.797752+00:00;false
LOC-0075;LOC-0151;WALKING;2026-08-17T07:00:00+03:00;OK;510;9;712;LOCAL_VALHALLA_MATRIX;d8ae2e12192bef79d09293783784b36d55fa5499c6fad2ad5f889c7205e25bca;190310f1d400862a61f6f1e0d66419463bea6b9a82bf08fba621de6b4a55651c;2026-09-28T19:47:05.797752+00:00;false
LOC-0075;LOC-0152;WALKING;2026-08-17T07:00:00+03:00;OK;513;9;717;LOCAL_VALHALLA_MATRIX;e24199c852e870ed477f243eca61a882f60d038f8e370fcc24781bd92d4bc4e5;fae964c9c911d052851a73ca8ae0f63cd54acac51d36f4de389f2e97ea6ae7d2;2026-09-28T19:47:05.797752+00:00;false
LOC-0075;LOC-0190;WALKING;2026-08-17T07:00:00+03:00;OK;2984;50;4177;LOCAL_VALHALLA_MATRIX;2d851b7c063933ccb4e0e6a8f3eca000f1e71fdedfe61fd63891f32cc388f69a;1910f8ee5aa05afaff80ab5611d3ad52731d987fc13118a30e7f5a83449b4c82;2026-09-28T19:47:05.797752+00:00;false
LOC-0075;LOC-0196;WALKING;2026-08-17T07:00:00+03:00;OK;2639;44;3658;LOCAL_VALHALLA_MATRIX;7b66a37dfaef6a8b80642e1f6401464dae635023fc4bb343ac8406ff6e6aee1a;ca906e78a59a977a70f78101aca81e7702de52151ec10d1a0107c3783e40942e;2026-09-28T19:47:05.797752+00:00;false
LOC-0076;LOC-0002;WALKING;2026-08-17T07:00:00+03:00;OK;4732;79;11904;LOCAL_VALHALLA_MATRIX;f3355347981c48dc6741d7821b579eb429be547393e05233e201d906d041e027;c5a7b7c272e11ae2bf5a6f6270c0767bd53b8a3efa5705480089462a6147bf5c;2026-09-28T19:47:05.797752+00:00;false
LOC-0076;LOC-0008;WALKING;2026-08-17T07:00:00+03:00;OK;7438;124;14119;LOCAL_VALHALLA_MATRIX;fe3d4bee0227c962a3871214b2bcc1ffab747ee3bfcb9a8a31b1a38660a55862;7e09a0fb322530b7a6240d99b09754503b73503227031061cd1ec32d75c29e7c;2026-09-28T19:47:05.797752+00:00;false
LOC-0076;LOC-0009;WALKING;2026-08-17T07:00:00+03:00;OK;4089;69;9655;LOCAL_VALHALLA_MATRIX;bd26c3ac1193b844b5a3891c479dce006435434a5e6a4a6a639a3f1ea170e1bb;794df815935c2dd064c41479f24b3132db1b8544ce2ce433fc36cec1ea595af1;2026-09-28T19:47:05.797752+00:00;false
LOC-0076;LOC-0010;WALKING;2026-08-17T07:00:00+03:00;OK;7992;134;14904;LOCAL_VALHALLA_MATRIX;e57c28850ec2a325133fd5c6bc62dfc7aa9e8432930dd303a6a8f9cefeb6e9da;f41c71c3b0438beda2f8b333026d5f787067e03af0242ec2ddf176e5e431ea84;2026-09-28T19:47:05.797752+00:00;false
LOC-0076;LOC-0011;WALKING;2026-08-17T07:00:00+03:00;OK;6979;117;13449;LOCAL_VALHALLA_MATRIX;67cc173ba80a067139c3d1251fa5971b0ce92b13b43d609a61edc5e20aac4c5f;193c0f95546e87a9ba78e1baa52d949c37dbefcc9f87ddea2cef9b265b184ac2;2026-09-28T19:47:05.797752+00:00;false
LOC-0076;LOC-0012;WALKING;2026-08-17T07:00:00+03:00;OK;7044;118;13568;LOCAL_VALHALLA_MATRIX;61fac0d09a5999e5ff7c97ef6adaa10c13147e3af0492dbcc7a2af76dea8c47d;3dc2805a8460d7968446913d681d6d6a4bced15e18a869e2d2899748b843cf07;2026-09-28T19:47:05.797752+00:00;false
LOC-0076;LOC-0013;WALKING;2026-08-17T07:00:00+03:00;OK;5234;88;12621;LOCAL_VALHALLA_MATRIX;27148ee672d10a85226db3088a9f6e6f78d26aef0dec0077298fe6f858bde089;de7c51c907c92bb3704ddb4ea676eeffe4bf6632563295e1a9c05deccf443bd8;2026-09-28T19:47:05.797752+00:00;false
LOC-0076;LOC-0016;WALKING;2026-08-17T07:00:00+03:00;OK;398;7;555;LOCAL_VALHALLA_MATRIX;88d3cc71a9ca19a32fb259b572bc2ccb8e08b6cf141bf8f6aa6cf5f8aac8f95b;c66e55c7ad4a914213fbe70e4b8554bdd93f6629aad7862d69bec7624e59079c;2026-09-28T19:47:05.797752+00:00;false
LOC-0076;LOC-0017;WALKING;2026-08-17T07:00:00+03:00;OK;5547;93;13909;LOCAL_VALHALLA_MATRIX;68c0b022c30f176575fd9ce41768618c73ae041db3b7e086111329c457db3370;8d213c6d64dc41e4df1befc0523cf7ddbce85ae1ae49cfcc102c07661b06dae3;2026-09-28T19:47:05.797752+00:00;false
LOC-0076;LOC-0018;WALKING;2026-08-17T07:00:00+03:00;OK;5907;99;14395;LOCAL_VALHALLA_MATRIX;3c1e57c7103ea08d248364b21d6c92a7382022e483fe63071fcaa067372bc0bb;bf3331635967b8bc21ee2b9d983ed28aab44d33cf9e7564e375eae488d77abd7;2026-09-28T19:47:05.797752+00:00;false
LOC-0076;LOC-0019;WALKING;2026-08-17T07:00:00+03:00;OK;8293;139;15321;LOCAL_VALHALLA_MATRIX;8e68237351706f413a62c8cfc7557d911e902076091ae6165ff0e47a95d8361b;1a3f5f833fe7bbbaa064313244509385e7ed0bfb996c17038bfa4f7f36f83950;2026-09-28T19:47:05.797752+00:00;false
LOC-0076;LOC-0020;WALKING;2026-08-17T07:00:00+03:00;OK;8041;135;14961;LOCAL_VALHALLA_MATRIX;9a68313cdeb2c1f1b1d440b46efbc30e80c99afbde14b641415a3b5632e87ab6;3719ad25a4694ab381caf096bb667cae27616518b2ca15b176a44ad6c212f311;2026-09-28T19:47:05.797752+00:00;false
LOC-0076;LOC-0023;WALKING;2026-08-17T07:00:00+03:00;OK;7091;119;16066;LOCAL_VALHALLA_MATRIX;5191db61d99ac8200ee84b7d74e7ea9f4f6aaaf62b51221cdc4acd8c69bac2e9;0ead4bf783c26afa40557243104c79fa97f1757311ca60f17294a8fb8fd87b0c;2026-09-28T19:47:05.797752+00:00;false
LOC-0076;LOC-0027;WALKING;2026-08-17T07:00:00+03:00;OK;3863;65;5422;LOCAL_VALHALLA_MATRIX;86ae3fba89ab860bb0b250c097cc704bbfa6481e9a4e517b0b79cd2fa36e7aab;9ab6836c0cfc20056e8eba6d70e35c04d9b511ee3fadb6749359e5fe4534ed7d;2026-09-28T19:47:05.797752+00:00;false
LOC-0076;LOC-0028;WALKING;2026-08-17T07:00:00+03:00;OK;3212;54;4483;LOCAL_VALHALLA_MATRIX;f5269e6ef8f2b9cda177214c098e77b4e9e158cc81039d18681f8b908f6782f4;86358a8b9ef9c584e6d54ac4007d91d9ff905196be7ff1fa029c27350e2153f1;2026-09-28T19:47:05.797752+00:00;false
LOC-0076;LOC-0029;WALKING;2026-08-17T07:00:00+03:00;OK;3095;52;4316;LOCAL_VALHALLA_MATRIX;87ea7998cf12035b16edb8556a65da395ce3783012c86ab0723b308d9c38ae22;83a2f9eee3f6efa95f07556f0b2bc13f3c4592a2b35a20704fa4df685043215e;2026-09-28T19:47:05.797752+00:00;false
LOC-0076;LOC-0037;WALKING;2026-08-17T07:00:00+03:00;OK;4429;74;6197;LOCAL_VALHALLA_MATRIX;4977262e6a8b41521b535d46a76ccbe4af174bee794fa40aa0e3c3b6e194e18d;6558063fbb4ba1baace4241904ff8bfed1f2849d6afd2a13ff40d43200675899;2026-09-28T19:47:05.797752+00:00;false
LOC-0076;LOC-0045;WALKING;2026-08-17T07:00:00+03:00;OK;3172;53;4451;LOCAL_VALHALLA_MATRIX;2a935665692827a3a53a54646ab6eb20311bb476bd461846690294db9981baec;27a1c03dcafa0e0cf23d23023fcbdaff2f470c0aaa65bc9d8658dc6d500f8980;2026-09-28T19:47:05.797752+00:00;false
LOC-0076;LOC-0053;WALKING;2026-08-17T07:00:00+03:00;OK;999;17;1389;LOCAL_VALHALLA_MATRIX;6ddbd475fea4eebcecaf2ab7c6e0cf679cfd159618a65a4499633fdec679e298;61c954f00903a60809c18ad9f187a500204be4b95322d6561e8b3c3506a05cfb;2026-09-28T19:47:05.797752+00:00;false
LOC-0076;LOC-0054;WALKING;2026-08-17T07:00:00+03:00;OK;4615;77;6460;LOCAL_VALHALLA_MATRIX;c1074da058d2d6b573ff1bedf0301eebc65689c2d83ad462afb60263c56e6e42;111af3b3aa1feb79291b307d9a7f305b86fe2cd6574179e254c37fd86508f191;2026-09-28T19:47:05.797752+00:00;false
LOC-0076;LOC-0061;WALKING;2026-08-17T07:00:00+03:00;OK;6929;116;13351;LOCAL_VALHALLA_MATRIX;cc9789798a22c3daeb75d798d340c188b236fdd28ba9dcc324d77164ed029973;ce24f8e425630de171f6c580a6095dd54492bcbefebd3880d231bc7d2fcffd93;2026-09-28T19:47:05.797752+00:00;false
LOC-0076;LOC-0063;WALKING;2026-08-17T07:00:00+03:00;OK;2751;46;3834;LOCAL_VALHALLA_MATRIX;e29a16c4030fb76cce3a24fb39a679508fb6042f8a98aec815e80525ce635d3f;4b800a682dc104dc01e352a80265905de6bbe4a7e636772b9a0b28760bda2197;2026-09-28T19:47:05.797752+00:00;false
LOC-0076;LOC-0064;WALKING;2026-08-17T07:00:00+03:00;OK;3292;55;4577;LOCAL_VALHALLA_MATRIX;a8562d6dd11489a1d4f1963827494c2d10d5d688e25e0af07af4fa3d682daa98;9a5b9202635c443ab31b13ed59f67f2398e6818f9ae40f581ba215c765d0c9c4;2026-09-28T19:47:05.797752+00:00;false
LOC-0076;LOC-0074;WALKING;2026-08-17T07:00:00+03:00;OK;4909;82;6887;LOCAL_VALHALLA_MATRIX;ae93f7e1992e59995865b960bce4dfac0bd96995e0cd46ea411edda9536c3b01;c97b5477b538839d753d6ad915e44281161d25f2543dee9ffd68701d01f45986;2026-09-28T19:47:05.797752+00:00;false
LOC-0076;LOC-0075;WALKING;2026-08-17T07:00:00+03:00;OK;4931;83;6919;LOCAL_VALHALLA_MATRIX;b306ccb7278d217bcdadb12259a1b8bf3ca43ef1016efb05583d9c1285273fa4;d1eadab1e7787525558e0119c91b8747f64dea4dfe4d9e24493680adf7185ec0;2026-09-28T19:47:05.797752+00:00;false
LOC-0076;LOC-0076;WALKING;2026-08-17T07:00:00+03:00;OK;0;0;0;LOCAL_VALHALLA_MATRIX;5e75ba3ac32c96bccceefc7d9f9fa52392ec8de354520002e14f64d0e4b35a77;3d5812abc84c11768aa73a732c85d75dbed439188f5bb3239e9b762ea31d9862;2026-09-28T19:47:05.797752+00:00;false
LOC-0076;LOC-0078;WALKING;2026-08-17T07:00:00+03:00;OK;3263;55;4556;LOCAL_VALHALLA_MATRIX;9d8d35884a48a6e5c25ec3d685f97ead6d6fb35f29acedb3b4bbc8c4dcacc55f;cea43abcc1e031dd282a1bea0e38a958b3ece10b728b6628b34c160341daef71;2026-09-28T19:47:05.797752+00:00;false
LOC-0076;LOC-0080;WALKING;2026-08-17T07:00:00+03:00;OK;5309;89;7439;LOCAL_VALHALLA_MATRIX;b9fbb9a230accaca2641c0e2dea598e83d108dae85388e47d37b77cfbc300e38;1e57e3292798c9da7657d1d7b24572d2400bc178ad3692651e2c596ae3c5084d;2026-09-28T19:47:05.797752+00:00;false
LOC-0076;LOC-0082;WALKING;2026-08-17T07:00:00+03:00;OK;3149;53;4383;LOCAL_VALHALLA_MATRIX;a154972f75a5b77ffa05ab32bbedb1d8a974e504636d12d746650f31acc19670;03e1e51936bcaf2702c703d03f4a975f3d2edfcd72edbc1a4225f95913932154;2026-09-28T19:47:05.797752+00:00;false
LOC-0076;LOC-0085;WALKING;2026-08-17T07:00:00+03:00;OK;5589;94;13112;LOCAL_VALHALLA_MATRIX;77152ff30d4f01182c417ae8dece2f5faa887da1d58b7c7a9aaaa1e2746dd560;906fdda9215391d6e6bca71058fdc3261f631bd008cc364b81b8989290df8122;2026-09-28T19:47:05.797752+00:00;false
LOC-0076;LOC-0086;WALKING;2026-08-17T07:00:00+03:00;OK;5668;95;13220;LOCAL_VALHALLA_MATRIX;e3f733f0cf3b63e1467e47e42fd0795553dfe3989743fd296c1c8323de0a77c3;55e5c38c48519feb682ce21be141e9504162c1577f864e45eced48d37da73a30;2026-09-28T19:47:05.797752+00:00;false
LOC-0076;LOC-0091;WALKING;2026-08-17T07:00:00+03:00;OK;7606;127;14355;LOCAL_VALHALLA_MATRIX;375e1a02a8da5d6656dc3224022ed396b7664501468a2656117ec746615ccd8c;3091b373911df74f961329bd450aa82f7296471e16ccd11f7c2ca9d24024e001;2026-09-28T19:47:05.797752+00:00;false
LOC-0076;LOC-0092;WALKING;2026-08-17T07:00:00+03:00;OK;7231;121;13828;LOCAL_VALHALLA_MATRIX;041db705435f7f8569627921cbd0c9d6374d5ac599019c72f1a409a08a377a21;15921b3869a04ca383a477dd579110d50e8ae61bf132c70ee8af47fe6f9b4f75;2026-09-28T19:47:05.797752+00:00;false
LOC-0076;LOC-0093;WALKING;2026-08-17T07:00:00+03:00;OK;7152;120;10006;LOCAL_VALHALLA_MATRIX;f8fadf1de4a61d0d2009637f5f416f2e4bcba88ea83f66c0af15715eb1c6b4d6;f2dfe030ba1e8b2384fac9c1bb7c23d3bccbdeceb32d4ef370736a0e16d68f08;2026-09-28T19:47:05.797752+00:00;false
LOC-0076;LOC-0094;WALKING;2026-08-17T07:00:00+03:00;OK;6418;107;17471;LOCAL_VALHALLA_MATRIX;8e5f4c98159b345c4b1418815a7710d9f151c67a4fb78f9c23c063b5cf29555a;22f0711760b1c1ecc2276e34948947c6d069bdd1b17fdc6cae1ecaa28cc6c6a0;2026-09-28T19:47:05.797752+00:00;false
LOC-0076;LOC-0095;WALKING;2026-08-17T07:00:00+03:00;OK;6135;103;17072;LOCAL_VALHALLA_MATRIX;a71d5efb8981ef6f511b86642c381b9efcabf1384d040c28c127b34d8c23674d;7e2547465240d92daf3b8b061147dccda46f70dea29d0fe54edfb94180ce7eb0;2026-09-28T19:47:05.797752+00:00;false
LOC-0076;LOC-0102;WALKING;2026-08-17T07:00:00+03:00;OK;3241;55;4517;LOCAL_VALHALLA_MATRIX;6eb8a558c68788983cc9db6a060996cac2cae3d68b1c2d91d06e731d03f09c88;19ea1c068f6240bc04bba7eee3c2831d6cfb8466723c2b504d64933850fa4b04;2026-09-28T19:47:05.797752+00:00;false
LOC-0076;LOC-0112;WALKING;2026-08-17T07:00:00+03:00;OK;5855;98;8187;LOCAL_VALHALLA_MATRIX;8cee9724a3ce381b10022c68642cd9eb6082d54d858fe3c48db48eb99797ef13;f1d624cd5f648d461d6f61fdafad902b1b3512c682ced948910b21dc49a6b075;2026-09-28T19:47:05.797752+00:00;false
LOC-0076;LOC-0124;WALKING;2026-08-17T07:00:00+03:00;OK;4348;73;10055;LOCAL_VALHALLA_MATRIX;589e9aec178175ded513705abb7ee26f717aae7f19b69dd90b3bfcda3c2151c1;725e9ed22d49853a63bf0a459646363f5cb6f59e7f4155eeb8be41b1305e9847;2026-09-28T19:47:05.797752+00:00;false
LOC-0076;LOC-0125;WALKING;2026-08-17T07:00:00+03:00;OK;6287;105;14924;LOCAL_VALHALLA_MATRIX;b8756351ab3bd942461684837959035a2dde8017b2fe910c1389168f97bc1d7e;f2daba8ec481f8af57f70a4e8b5fab64e765e9de212536d160dfa6868ef2069d;2026-09-28T19:47:05.797752+00:00;false
LOC-0076;LOC-0126;WALKING;2026-08-17T07:00:00+03:00;OK;5233;88;11017;LOCAL_VALHALLA_MATRIX;007be35a03bbd22be94d2512d0ad6f55a2ca6f0cce3b12e06518fe824e24b357;5cc213ea083ec1034550bc5776e880d4bed147f3bae6a8ca791b5aa375ac8ea8;2026-09-28T19:47:05.797752+00:00;false
LOC-0076;LOC-0128;WALKING;2026-08-17T07:00:00+03:00;OK;4488;75;6264;LOCAL_VALHALLA_MATRIX;fef810ab12f64c83981db895f9b217e40915582b5a4f92f96d7e74ea772c36be;b141767219802f4f7d648e817c9ebcd53faf135b5614985b50cd38787a366add;2026-09-28T19:47:05.797752+00:00;false
LOC-0076;LOC-0134;WALKING;2026-08-17T07:00:00+03:00;OK;4954;83;12225;LOCAL_VALHALLA_MATRIX;7a00a7b32a830b79ebf9d35af4fbda05b76daf144d0571485356f42b1dd35e7d;062ea9aadc49e1f7c0610b768e89d41dde89d735e759416529192937ac3dd016;2026-09-28T19:47:05.797752+00:00;false
LOC-0076;LOC-0135;WALKING;2026-08-17T07:00:00+03:00;OK;4944;83;12211;LOCAL_VALHALLA_MATRIX;ec897f8b7dcc45543fc3a9a4eeb48f81b3b4c58c32f749674f08ee9280445c90;772c1f856e8a5d9ad6e6caa0580f4e775b6ef933b0fb7e1224c6ab03e6d70573;2026-09-28T19:47:05.797752+00:00;false
LOC-0076;LOC-0136;WALKING;2026-08-17T07:00:00+03:00;OK;5359;90;12785;LOCAL_VALHALLA_MATRIX;2a1adf29f8e4338b3fbbfcbef626f50c5d283f5fad4539cfedf848391434b018;83b55dc6edf9977ebf8f8e6d31fa6cd6262584e80a4b28724abcdcaa39564406;2026-09-28T19:47:05.797752+00:00;false
LOC-0076;LOC-0140;WALKING;2026-08-17T07:00:00+03:00;OK;1624;28;2269;LOCAL_VALHALLA_MATRIX;f74939e71f600087f4b619107e0ea63cc46d7e93390e2d5b02a68e3d400ab106;4e536776426bb829cbe0e4d9c40c454b1ba74b6192212ce9d81096699077d26d;2026-09-28T19:47:05.797752+00:00;false
LOC-0076;LOC-0141;WALKING;2026-08-17T07:00:00+03:00;OK;5114;86;13309;LOCAL_VALHALLA_MATRIX;c7685084951c406d3b06e222348f0b32861021fc953c381f9d682cc80753f355;1a9600c5220eba0a9f834348351a8679fb57c58cdb33944b41f2a63835c85e08;2026-09-28T19:47:05.797752+00:00;false
LOC-0076;LOC-0142;WALKING;2026-08-17T07:00:00+03:00;OK;5195;87;13382;LOCAL_VALHALLA_MATRIX;8d3faa0c1783370a1143d7b7b81d5f820b6e5ca478bacf0a1c5b5610586f20b2;56a9fc1c656f3ee8dfbfc56adb43e46f0f0f313930ba1667e804f29e684a2ce0;2026-09-28T19:47:05.797752+00:00;false
LOC-0076;LOC-0145;WALKING;2026-08-17T07:00:00+03:00;OK;7891;132;14731;LOCAL_VALHALLA_MATRIX;d4c694306ec63d72d33f266db40feea949474a5edc8d1a3a5ebf8fecf6ca7fb1;15cfa7da91348683275063eb5acd29a0c08ede2f7b50781148282898dced8eba;2026-09-28T19:47:05.797752+00:00;false
LOC-0076;LOC-0148;WALKING;2026-08-17T07:00:00+03:00;OK;4831;81;6780;LOCAL_VALHALLA_MATRIX;22997db08f4c65ca321105d3ddb0fee9217a542300c897bec21b55e7e3c96480;49218f5d8ab9b00565cf9088bf5a847bb5791d5fd3cdc69b70c7d49dc0d85558;2026-09-28T19:47:05.797752+00:00;false
LOC-0076;LOC-0149;WALKING;2026-08-17T07:00:00+03:00;OK;4662;78;6543;LOCAL_VALHALLA_MATRIX;c44f460014a3e29637a1d0adc27c9a9aab9d40a1c5d47eb2a2710d2ad0c1610d;84a7d9a98ff528026669e024dffac02598279ab7bedd1f7585c0e31fa44b4cb6;2026-09-28T19:47:05.797752+00:00;false
LOC-0076;LOC-0150;WALKING;2026-08-17T07:00:00+03:00;OK;4568;77;6408;LOCAL_VALHALLA_MATRIX;7a6d5722534251b43b5efdab563a37fe04631cd80d3a65d9ffd89636d4ef33fe;bff29a7f0c405454e7de350be5deae0481226221335dee381685b52e78c5707f;2026-09-28T19:47:05.797752+00:00;false
LOC-0076;LOC-0151;WALKING;2026-08-17T07:00:00+03:00;OK;4993;84;7030;LOCAL_VALHALLA_MATRIX;950c6bfd9e34b43217c51ed96b485aed0275fd2f7486fc9c4bcb73f8444961a1;57dbe2f5d53c724396b13ef0e8990c05ee29ae6d119a334f77e4b4162cdf5586;2026-09-28T19:47:05.797752+00:00;false
LOC-0076;LOC-0152;WALKING;2026-08-17T07:00:00+03:00;OK;4927;83;6938;LOCAL_VALHALLA_MATRIX;6e64c5730eebc0d19871733eee4d35dfe1619fd36b56fed712f757762312d34c;3e5c8a8bfcca3b64f21d01e539c711682f3cea0fde1eb537fd65338aab07b60d;2026-09-28T19:47:05.797752+00:00;false
LOC-0076;LOC-0190;WALKING;2026-08-17T07:00:00+03:00;OK;6018;101;8555;LOCAL_VALHALLA_MATRIX;aa82cfec8394a5d9b71b55e508e89a532596841f6b9bd3cf5532a55aeab4c351;71627262818aa24a7794263de43c2686e462e2f549d4e86ae88016e1ec46851f;2026-09-28T19:47:05.797752+00:00;false
LOC-0076;LOC-0196;WALKING;2026-08-17T07:00:00+03:00;OK;7404;124;10331;LOCAL_VALHALLA_MATRIX;f7403948c808b0706af106bb0acdac2d9e5d61ffc31f100d850e17dc6881d842;e636584121ae6c821f9c73181089c86d1df5af093be12d3446dde154f2a0d113;2026-09-28T19:47:05.797752+00:00;false
LOC-0078;LOC-0002;WALKING;2026-08-17T07:00:00+03:00;OK;3721;63;7051;LOCAL_VALHALLA_MATRIX;ee77eaee571c4f9f83d2309541fe07be7dfc3ea66e8455f494f9cfe5e7530499;92f601c588b5cf99d6e73b63bc3dbb73fd59978f79c557817e8d056c9251be99;2026-09-28T19:47:05.797752+00:00;false
LOC-0078;LOC-0008;WALKING;2026-08-17T07:00:00+03:00;OK;5997;100;8401;LOCAL_VALHALLA_MATRIX;d6b527a2889060765cb200e0cd063e194b1a04d4e3af8b192de8b2ddfe870eab;39542ee533e76e725fd4d6984ba011cab41e5b6fa0acdd15d04ffaaf62cd5928;2026-09-28T19:47:05.797752+00:00;false
LOC-0078;LOC-0009;WALKING;2026-08-17T07:00:00+03:00;OK;3220;54;4420;LOCAL_VALHALLA_MATRIX;ac988b2262e7067df38d0594841988233376d7e54bbddc41322d9f3a16d6dea5;6c5674b448363814a0b6a9ff4b3acd7e869fb735b073750413499e5afcc576b1;2026-09-28T19:47:05.797752+00:00;false
LOC-0078;LOC-0010;WALKING;2026-08-17T07:00:00+03:00;OK;6443;108;9038;LOCAL_VALHALLA_MATRIX;9aa9d02fb73a9ba56c8e0cdd7140259e80b65a65f51eb11dcad961f0835d77ab;d8d1e52dc4603cd6d79ef11259c6c9cd995a0f8e32db4486fa240a8e2ebb6ad1;2026-09-28T19:47:05.797752+00:00;false
LOC-0078;LOC-0011;WALKING;2026-08-17T07:00:00+03:00;OK;5551;93;7752;LOCAL_VALHALLA_MATRIX;c796916e3e6445aeb4333928ae85b5fc6a6fd569a0ea81e594b214dcf8265908;2846374ac016dcaea07f4f4432d1a2c7f6690742e7e9ab564a738cc5d8cfa8d1;2026-09-28T19:47:05.797752+00:00;false
LOC-0078;LOC-0012;WALKING;2026-08-17T07:00:00+03:00;OK;5615;94;7871;LOCAL_VALHALLA_MATRIX;2c095bc512cfb0688dbf6e4431c6fca3e61e90e00d29894238239e307dab70c8;9e78402c17fbd74794c60d3bf68004ae2da2240c9481dee62ec9c6a61c1dc360;2026-09-28T19:47:05.797752+00:00;false
LOC-0078;LOC-0013;WALKING;2026-08-17T07:00:00+03:00;OK;4224;71;7768;LOCAL_VALHALLA_MATRIX;1f01e0baa970692e86af556478c657663c7d800a1c24f3856c5a1c9aba7b8944;c7185ad06b81801f9ccf0396134f49228b7c33958a23e4f72b6740e85b488057;2026-09-28T19:47:05.797752+00:00;false
LOC-0078;LOC-0016;WALKING;2026-08-17T07:00:00+03:00;OK;3047;51;4253;LOCAL_VALHALLA_MATRIX;685d1498887ba888202ac4be1353cf6f869a9d2bc14fd5b8aa568c64077361e4;0547dad6bbbe2623c88fc064b1407804041a5b03fde5e960e5983a51e71118c8;2026-09-28T19:47:05.797752+00:00;false
LOC-0078;LOC-0017;WALKING;2026-08-17T07:00:00+03:00;OK;2984;50;4175;LOCAL_VALHALLA_MATRIX;acf64a9dd2b3dcc06a0bd9d768d1677cc5c822437aa5b6c188dd60f0e10bda3a;0e26f6c780bb1d2df8b0c4d0ea4dc9dacad35488c228990ff774298600438308;2026-09-28T19:47:05.797752+00:00;false
LOC-0078;LOC-0018;WALKING;2026-08-17T07:00:00+03:00;OK;3344;56;4661;LOCAL_VALHALLA_MATRIX;848c39cc06b690e51dfc2e8c2085faeac1668efbb66a20caf8c17c395c496098;0d35a2acf351bd2118ef7de7746cf900fc07f9bc9e246f7d01b3ebe20363907e;2026-09-28T19:47:05.797752+00:00;false
LOC-0078;LOC-0019;WALKING;2026-08-17T07:00:00+03:00;OK;6739;113;9453;LOCAL_VALHALLA_MATRIX;c3830aec1567ed13e21bcbe91e3f066e017178ccdccbf20b4d291a81677be62a;948cb5c11cf61dc6f96352d94023c7bad517a18016d72d22713e091ec6639ead;2026-09-28T19:47:05.797752+00:00;false
LOC-0078;LOC-0020;WALKING;2026-08-17T07:00:00+03:00;OK;6242;105;8711;LOCAL_VALHALLA_MATRIX;6fb2465ef556998f3ca618a7d60a016ca60d04375f109a197477cecc65236b15;0227088de2cce390a2a68ab426ee40fabbcedd38d1988b6804d25656dbb7d382;2026-09-28T19:47:05.797752+00:00;false
LOC-0078;LOC-0023;WALKING;2026-08-17T07:00:00+03:00;OK;4434;74;6181;LOCAL_VALHALLA_MATRIX;541fc7e645365d456416a71359dc9fc86b75e3477e92f8e6a192ade3d26a6257;81bd2455228a4909826ca9469124dda7e9bbd2bd7c717a111a393e434326c313;2026-09-28T19:47:05.797752+00:00;false
LOC-0078;LOC-0027;WALKING;2026-08-17T07:00:00+03:00;OK;2334;39;3260;LOCAL_VALHALLA_MATRIX;e2860e7b5f9f17c625db58b081c0c35cea21a20b9ea54f08961b01c07109693e;da893f04e76ca851a135db3f86b65cdae6639b79e2ce620c94f18861a13092e4;2026-09-28T19:47:05.797752+00:00;false
LOC-0078;LOC-0028;WALKING;2026-08-17T07:00:00+03:00;OK;2102;36;2889;LOCAL_VALHALLA_MATRIX;bfe40fc7c9a32ea324095f1184931b86dc98160ea4f2cd2ccc75c09e9c35d91a;e195b8ce28b5215f138da4c941815582cec6bee84473e7bc847ad631df14b4f6;2026-09-28T19:47:05.797752+00:00;false
LOC-0078;LOC-0029;WALKING;2026-08-17T07:00:00+03:00;OK;1984;34;2722;LOCAL_VALHALLA_MATRIX;91bf361731da3265c1371dae66caf466c9ad6458b1de06a893deb99bd023c52f;2b2d257729ff34afcdbfb3e2856f3789a4335ebdf028d1deb66a4428cb13cd99;2026-09-28T19:47:05.797752+00:00;false
LOC-0078;LOC-0037;WALKING;2026-08-17T07:00:00+03:00;OK;4917;82;7145;LOCAL_VALHALLA_MATRIX;bfd2a81b5d66f47f4678d0b6670acf3b18c8be12565c56c0c6c54a5635688c0b;2e4c06acaa81580fd0df430b17382634cf467d2a2f4fd69e0607b3fc449fdfe6;2026-09-28T19:47:05.797752+00:00;false
LOC-0078;LOC-0045;WALKING;2026-08-17T07:00:00+03:00;OK;733;13;968;LOCAL_VALHALLA_MATRIX;bdc224693b27a90903958365594e09a65e813888d9804bfabd1d931ebf6379d2;4455da4d148b8e28ed6620f97029b70b6e2c48932310dd9e426794c88808d09e;2026-09-28T19:47:05.797752+00:00;false
LOC-0078;LOC-0053;WALKING;2026-08-17T07:00:00+03:00;OK;2722;46;3789;LOCAL_VALHALLA_MATRIX;c05e8ccc3693a86765263987a9cbbd26d9a9bb71f1978839039d074f694a980d;924c5e520c9f526dcf6561bf6ef5b499c24ed65ba35df9af38fd5afbdabaf90f;2026-09-28T19:47:05.797752+00:00;false
LOC-0078;LOC-0054;WALKING;2026-08-17T07:00:00+03:00;OK;4763;80;6927;LOCAL_VALHALLA_MATRIX;efd3ffef9dcf24b3dc03ee4937ab28aa625d5542128ae6b34acacced610edd8f;e0a4d8cb471b92a9a62a92a26eb2aff16c1a471be0f221c5a01237a169bac4cb;2026-09-28T19:47:05.797752+00:00;false
LOC-0078;LOC-0061;WALKING;2026-08-17T07:00:00+03:00;OK;5501;92;7654;LOCAL_VALHALLA_MATRIX;4d386562f2ecdf16ee8174ede1ebdb6336cdba847c4d4efb1563682b576d423c;3aee1380e0a3c95ac06bfa63e4c2cf71b3de0b6dfffb85859713ede5913349ff;2026-09-28T19:47:05.797752+00:00;false
LOC-0078;LOC-0063;WALKING;2026-08-17T07:00:00+03:00;OK;1558;26;2163;LOCAL_VALHALLA_MATRIX;8531b5e6937d01650ea2b6275b0c17c0cf7a0399d50a6a1e011e96dd714d9b18;705f55afaf0590731a27bc637b2913f3141859bfe0437e8dc81d097088b5986a;2026-09-28T19:47:05.797752+00:00;false
LOC-0078;LOC-0064;WALKING;2026-08-17T07:00:00+03:00;OK;1079;18;1488;LOCAL_VALHALLA_MATRIX;4307c7411342e5a8e38bebfa913ff2242a6ef4a5cf82c9c8fcdd49006c8ff07a;f6531f6259b80d878592a7de6cf4bcbb4961722d519a0ab082cbfb38a33d63aa;2026-09-28T19:47:05.797752+00:00;false
LOC-0078;LOC-0074;WALKING;2026-08-17T07:00:00+03:00;OK;3231;54;4512;LOCAL_VALHALLA_MATRIX;5fa8279de4af8e1e155aafdd82ea63e0dc9078d8b6a898f263fe999c09c133eb;210232f0a5784c25808a1f063f94d5c27662737b618332a9021f4575bdbe8d25;2026-09-28T19:47:05.797752+00:00;false
LOC-0078;LOC-0075;WALKING;2026-08-17T07:00:00+03:00;OK;3253;55;4544;LOCAL_VALHALLA_MATRIX;7287bf26230fcb025f55bab268899a0a9f8d9e6565e3b4cd217c5db97702f93a;b0e0f0284245274f8e62a5b9e65b086175b252980bbb7244e2269c85fa83b753;2026-09-28T19:47:05.797752+00:00;false
LOC-0078;LOC-0076;WALKING;2026-08-17T07:00:00+03:00;OK;3261;55;4556;LOCAL_VALHALLA_MATRIX;4f687585e0ffb9e8ac2c89765718ebbc0e17cc3831608f1b202764af1d70ecb4;c0c967d9953a4c70417c830873a87717a89231de141b3907df81725e23f32ee7;2026-09-28T19:47:05.797752+00:00;false
LOC-0078;LOC-0078;WALKING;2026-08-17T07:00:00+03:00;OK;0;0;0;LOCAL_VALHALLA_MATRIX;e74e90ed1e798d42b4ae1f88200c72086ad4b06a23b8dcbb9e0c6f19ebbed2c8;3d5812abc84c11768aa73a732c85d75dbed439188f5bb3239e9b762ea31d9862;2026-09-28T19:47:05.797752+00:00;false
LOC-0078;LOC-0080;WALKING;2026-08-17T07:00:00+03:00;OK;3630;61;5064;LOCAL_VALHALLA_MATRIX;a175371a556c3be03501171dc96d8d7546863e652fea36d80f5e3365f86d7c4b;18962c24442ae14ac78de4443c31ee956dade17ebb17dc757bee1aca1a154141;2026-09-28T19:47:05.797752+00:00;false
LOC-0078;LOC-0082;WALKING;2026-08-17T07:00:00+03:00;OK;1255;21;1737;LOCAL_VALHALLA_MATRIX;46a6615b0c32f03b551a4230c69140df1c78249d340848eaa3f254bbe021fc10;809aa87d86c0f2bff677dc2306bf91cee0e1b207f1d74d544626346dfb17a225;2026-09-28T19:47:05.797752+00:00;false
LOC-0078;LOC-0085;WALKING;2026-08-17T07:00:00+03:00;OK;4579;77;8259;LOCAL_VALHALLA_MATRIX;a6837d8409b502520c4cdf9c69ad0efd0bdbfacdb8d9e93a99ebbe2685a179fe;989c8074709fbe1e3c57e7c673154b8904ba41f7ab245e7c0e8efb4d786e0670;2026-09-28T19:47:05.797752+00:00;false
LOC-0078;LOC-0086;WALKING;2026-08-17T07:00:00+03:00;OK;4657;78;8367;LOCAL_VALHALLA_MATRIX;f75b1ee3d9504bf21ceb2c53cafae56fca496d8b30ec0aa9cf02a2d9412d5457;52bc85b02bb53534dd9ed2c8d6a7d3b6855f58281c76c59bb2ef50c73057ba6c;2026-09-28T19:47:05.797752+00:00;false
LOC-0078;LOC-0091;WALKING;2026-08-17T07:00:00+03:00;OK;6146;103;8595;LOCAL_VALHALLA_MATRIX;663fa486baae34d7a9ca9bfc52667bdb7ed6de966f70e5534210ecce3dd7da66;ad18f446a53542dd2ed8dc5ef650a6f6c5728c31d0f40898c1077bea569a42cf;2026-09-28T19:47:05.797752+00:00;false
LOC-0078;LOC-0092;WALKING;2026-08-17T07:00:00+03:00;OK;5645;95;7880;LOCAL_VALHALLA_MATRIX;b6442d2ca80e474e17a2320cb9f8f8dd9aa183c71821a892daf148c26af86928;59da0f1ee77882e20ec0787829ad345798a5d71c82e4c730d26c54d5a9558138;2026-09-28T19:47:05.797752+00:00;false
LOC-0078;LOC-0093;WALKING;2026-08-17T07:00:00+03:00;OK;5538;93;7731;LOCAL_VALHALLA_MATRIX;c1e90317ae9c21d203c6f64359efe19936093ec18b61395fd9551021372aaf60;dee42dcff00e1a46dc27eb43c4a1dd8269920e0012ec2316780710c504229cf4;2026-09-28T19:47:05.797752+00:00;false
LOC-0078;LOC-0094;WALKING;2026-08-17T07:00:00+03:00;OK;5407;91;12618;LOCAL_VALHALLA_MATRIX;ade5bedfb6611783d1f682f362d52bc0de6af73660e933fd884ed76e0afbc3f4;801e31239963ddd7f3aebb38887d3adb1fcc182b5ccc0528a4e73d87f768d19b;2026-09-28T19:47:05.797752+00:00;false
LOC-0078;LOC-0095;WALKING;2026-08-17T07:00:00+03:00;OK;5124;86;12219;LOCAL_VALHALLA_MATRIX;73f7a03bbe19bc9e25006613bdc2c107c5a9d2fffce83556f5ffa1ed96e580c4;3cf069837fa74f74337f7cc914ff0bee5b75564e1156cc2e7c5f9000638a3c7a;2026-09-28T19:47:05.797752+00:00;false
LOC-0078;LOC-0102;WALKING;2026-08-17T07:00:00+03:00;OK;1164;20;1623;LOCAL_VALHALLA_MATRIX;fff023b5918edcccfbf0e0c7100560242b5e5839fcc058e637b2f5dcb1bf7d26;55833b3bbf1952536c99a47461164af1451ca056d5f382c34391704633c60e14;2026-09-28T19:47:05.797752+00:00;false
LOC-0078;LOC-0112;WALKING;2026-08-17T07:00:00+03:00;OK;4240;71;5912;LOCAL_VALHALLA_MATRIX;dccc8ebf1616424c7a2eef0f5f14efb5c9a2180521ed94ac2556ff89e313a5ff;be97c151bc009853ed6a2b767a927bc835cec3e4bbc069d5f514d11a7bb308c6;2026-09-28T19:47:05.797752+00:00;false
LOC-0078;LOC-0124;WALKING;2026-08-17T07:00:00+03:00;OK;3704;62;5164;LOCAL_VALHALLA_MATRIX;6c5588565d31677d7865f76e7f8828e69ca465de8557324fa33719575672a0c5;b318e45a63deddb088bd691116ca01aac7b154187e790e09dca18292df7ad3d7;2026-09-28T19:47:05.797752+00:00;false
LOC-0078;LOC-0125;WALKING;2026-08-17T07:00:00+03:00;OK;3724;63;5190;LOCAL_VALHALLA_MATRIX;0f27d54e47e6e242d9bb7c228df596888f990dba32190eb3e2ab2174ce82c278;f6d562843fbad814d8662bb9d5a3aca44cf06e2f3538e5e0d45007dd29ff3c82;2026-09-28T19:47:05.797752+00:00;false
LOC-0078;LOC-0126;WALKING;2026-08-17T07:00:00+03:00;OK;3794;64;5308;LOCAL_VALHALLA_MATRIX;5264ed55fd7783c29a4e71c6fc7032f588abf4cd2cffd4adaedf85a032f5cbbc;691d5d27cab028f0ea88249d1ceb055741facc72074ae161011d1446ea2f880c;2026-09-28T19:47:05.797752+00:00;false
LOC-0078;LOC-0128;WALKING;2026-08-17T07:00:00+03:00;OK;4747;80;6903;LOCAL_VALHALLA_MATRIX;a0cb3aa469972b28dae9aebf6ce48da90440602800f5214d884f573dc968ed4b;2ce5f82d0608bdf250104a4660ecdaea2f75baaf385a94b1a9ea1a3f38772cbb;2026-09-28T19:47:05.797752+00:00;false
LOC-0078;LOC-0134;WALKING;2026-08-17T07:00:00+03:00;OK;3944;66;7372;LOCAL_VALHALLA_MATRIX;f9e1a679f25cecfb1e4ed4caf38a0d127c0b172363ea623c465d65060674e28d;118a51365a454ab0bb48499429680b557d25958cbbd236621d244769ec310590;2026-09-28T19:47:05.797752+00:00;false
LOC-0078;LOC-0135;WALKING;2026-08-17T07:00:00+03:00;OK;3934;66;7358;LOCAL_VALHALLA_MATRIX;7f7c424712d984acadc579ffc0c71f2eadb724842a506bbcb28860b11a98092f;49c813b37466bf6aa1773c22ce5e64e99908cc58ac8548e6d0946c95f50d5718;2026-09-28T19:47:05.797752+00:00;false
LOC-0078;LOC-0136;WALKING;2026-08-17T07:00:00+03:00;OK;4348;73;7932;LOCAL_VALHALLA_MATRIX;fcc73517af991177b48ae9a8a9f6bbf0f9241262dcc375ed2b4760e480fb1283;2b32adb4e11466a83d5b7c715c5ac4021e914b818d3eaf5c832dc25f838dd8bc;2026-09-28T19:47:05.797752+00:00;false
LOC-0078;LOC-0140;WALKING;2026-08-17T07:00:00+03:00;OK;3123;53;4365;LOCAL_VALHALLA_MATRIX;5a08b45b3a4128c60d5fc1c29e4139f4427abd4b2e6e9f88664af3d577798688;2a58e4e8a7e56e2763122f39ac9330196da35222987b1e6f03d0150237261872;2026-09-28T19:47:05.797752+00:00;false
LOC-0078;LOC-0141;WALKING;2026-08-17T07:00:00+03:00;OK;3493;59;4873;LOCAL_VALHALLA_MATRIX;2bf61f315541f0316e0a1fc038899eaf393c529ebb4ba32f896f2d9dbd9f207b;4a8da1acd756a8aa4f15de5790d9f418abaf6c131622d792c2d1cdcc7f037066;2026-09-28T19:47:05.797752+00:00;false
LOC-0078;LOC-0142;WALKING;2026-08-17T07:00:00+03:00;OK;3591;60;4973;LOCAL_VALHALLA_MATRIX;f55a176ca0ef0151cbc68a1cbabba92c085b7a51a934f39ccada8f9e8651cfd7;6dc0a5a898562723f6d7bef30a33445707d9208bce92c9ae0f89a72581884d69;2026-09-28T19:47:05.797752+00:00;false
LOC-0078;LOC-0145;WALKING;2026-08-17T07:00:00+03:00;OK;5901;99;8232;LOCAL_VALHALLA_MATRIX;6a71e4a6c2d488b938ef99c01718d234386bce5e0cc6fd43719a37f5179ec2cb;3b42a9ec2b6f0eeebbf56eddb55c9566a0372008aa13166c04be9264e027177d;2026-09-28T19:47:05.797752+00:00;false
LOC-0078;LOC-0148;WALKING;2026-08-17T07:00:00+03:00;OK;3153;53;4405;LOCAL_VALHALLA_MATRIX;d41d715a8711660dea2c38d178cbd9e704243d8327ef4b3322fd15f37894daa0;b8cea421975698049de3fc4af951f95add1f0728d052001f72abee089a61c2cd;2026-09-28T19:47:05.797752+00:00;false
LOC-0078;LOC-0149;WALKING;2026-08-17T07:00:00+03:00;OK;2984;50;4168;LOCAL_VALHALLA_MATRIX;989b23c5ac84fdddc8739929683a0f03dd361e944b68dd219c54a2b41cf27c01;c4e0a88e19a680a3eeef865cac061f5ef782000776f94a262f77736135e3c7a1;2026-09-28T19:47:05.797752+00:00;false
LOC-0078;LOC-0150;WALKING;2026-08-17T07:00:00+03:00;OK;2890;49;4033;LOCAL_VALHALLA_MATRIX;1e1c9176feeb9850ead057bda34a7e800bef9d9c4d26a5098eadd00bae7f7cdc;debd4716ce2f225300ca199293b29bbd3ecd9a2cdc36d7cc0041ec64a4afec64;2026-09-28T19:47:05.797752+00:00;false
LOC-0078;LOC-0151;WALKING;2026-08-17T07:00:00+03:00;OK;3000;50;4203;LOCAL_VALHALLA_MATRIX;781f8d7b4b155916a4076536fb49163872de50ca4eb6f661ad9c4cf3343bf2cf;b9334b3df4e7b08be55609469a02df98a1411e58959a30db89175cffdd83454f;2026-09-28T19:47:05.797752+00:00;false
LOC-0078;LOC-0152;WALKING;2026-08-17T07:00:00+03:00;OK;3021;51;4233;LOCAL_VALHALLA_MATRIX;4e65eb7e9faffd2c31bfab959c5a88c42c21f5b7f97db420f0d626a30e777799;396dd84d0a79b7f9b4ea123ff0658219b4aef2489923e42e20e95fb2067e5dfc;2026-09-28T19:47:05.797752+00:00;false
LOC-0078;LOC-0190;WALKING;2026-08-17T07:00:00+03:00;OK;4656;78;6503;LOCAL_VALHALLA_MATRIX;4335f70a708ebc4672e4344d7394fb8977623e269f788640cf969a52b6cc7cf7;b8d749a58750354de4c0c1298446eebd355a4e8799f01ab7844d5cbecf495564;2026-09-28T19:47:05.797752+00:00;false
LOC-0078;LOC-0196;WALKING;2026-08-17T07:00:00+03:00;OK;4755;80;6615;LOCAL_VALHALLA_MATRIX;36e4093775ef5ed01451e476b72eb4c3e10b1d6becf254c61003e3fed2927420;05a6becea09631d678703fa423de8d6c584a1b3017487e57037749198c5cbe42;2026-09-28T19:47:05.797752+00:00;false
LOC-0080;LOC-0002;WALKING;2026-08-17T07:00:00+03:00;OK;4770;80;7813;LOCAL_VALHALLA_MATRIX;fda50d0709737c4b1d432c889b3c95bb527e749701957506a6abdf981504682c;ae0c5a7c4d9f496cee3aef23cd032a3d2258d102694fb31d1416bc43c4b223f0;2026-09-28T19:47:05.797752+00:00;false
LOC-0080;LOC-0008;WALKING;2026-08-17T07:00:00+03:00;OK;4029;68;5627;LOCAL_VALHALLA_MATRIX;05ea9c8fe1e6cf608c089f0ee9849e9d6de1b64c589d8988cbd8592e27499b2c;c86c6660157e5bd8284ca22a0b3a83cfae9c7d5640be5324c71f88f47c413f4a;2026-09-28T19:47:05.797752+00:00;false
LOC-0080;LOC-0009;WALKING;2026-08-17T07:00:00+03:00;OK;5571;93;12475;LOCAL_VALHALLA_MATRIX;1529f261f7d572e8b2665eb4721015590569f2dda1e5187c6f27f7260d01c9df;b8c5089c6dcbc1b99eef610b7136a012e03a0186ee3c55d58e7e8ecc513ce815;2026-09-28T19:47:05.797752+00:00;false
LOC-0080;LOC-0010;WALKING;2026-08-17T07:00:00+03:00;OK;4249;71;5939;LOCAL_VALHALLA_MATRIX;5934df47f6c1f726958f0dd14d9e50269023fbd87fd01e8b2d097e312a1fd82f;351d1235b2c4093beced38d3ca554562a58c45ad021ee298f226f57f28880ba3;2026-09-28T19:47:05.797752+00:00;false
LOC-0080;LOC-0011;WALKING;2026-08-17T07:00:00+03:00;OK;3754;63;5250;LOCAL_VALHALLA_MATRIX;efc839048365cb44bd4702f7aae3b295b86d43a6d923aeea568def5c2fcad98a;9107674c6797badc90e42a3c2587e5d97a8f3fc2b9d40fc95dbf0bd9d82d40ca;2026-09-28T19:47:05.797752+00:00;false
LOC-0080;LOC-0012;WALKING;2026-08-17T07:00:00+03:00;OK;3663;62;5121;LOCAL_VALHALLA_MATRIX;522ff97061e8d904f2e9f325ae35a00bb0c3a191d16b97b31f01f7a511fea5fd;ee8cf0db7d868beadd3d7ded1536caae3621c17c5fe1a3c4389d6955ac853e1c;2026-09-28T19:47:05.797752+00:00;false
LOC-0080;LOC-0013;WALKING;2026-08-17T07:00:00+03:00;OK;5272;88;8530;LOCAL_VALHALLA_MATRIX;696d8195432aece180c45b058cbbf6d5a4a471b6763a1998408a968de1852d40;12543d3165bbe7b993a7ca03534d27a1df484e42b8de6045b6469b6de41bc4da;2026-09-28T19:47:05.797752+00:00;false
LOC-0080;LOC-0016;WALKING;2026-08-17T07:00:00+03:00;OK;5091;85;7136;LOCAL_VALHALLA_MATRIX;194af9cd7c94feeb1dfa8beec497be26b5c935d4f27f7dcc4d7db372e4ab0855;20af538920406e9b6e41796d647cad26798fbf7223d34ecb752ab807784050c2;2026-09-28T19:47:05.797752+00:00;false
LOC-0080;LOC-0017;WALKING;2026-08-17T07:00:00+03:00;OK;1051;18;1472;LOCAL_VALHALLA_MATRIX;6f9e2bfd85efb4e912650c3efbb3328f2603e4925d69a97ca3a61baa42eca5f4;76999c7fd9f90cac7b0a85e8682e990da4bae8c9f81aa2baed9be02a51b41b53;2026-09-28T19:47:05.797752+00:00;false
LOC-0080;LOC-0018;WALKING;2026-08-17T07:00:00+03:00;OK;565;10;781;LOCAL_VALHALLA_MATRIX;0ec3aca1fdecf731f85b50a45793a8bb9e6219c592bc9a43f6f54fcfca0193bd;c19c463325895d3ceb2a3f288d70adb7351c887c1f9fc9b68648c1f40ecba9c3;2026-09-28T19:47:05.797752+00:00;false
LOC-0080;LOC-0019;WALKING;2026-08-17T07:00:00+03:00;OK;4490;75;6297;LOCAL_VALHALLA_MATRIX;6c8f66c35b51243f9af6ff447a8b7efd4a212e9f099139f108c548104d4c3054;40af6913252d96228e1217d07a5f031170c6740c85d30b646e08c9a61d7557f3;2026-09-28T19:47:05.797752+00:00;false
LOC-0080;LOC-0020;WALKING;2026-08-17T07:00:00+03:00;OK;3653;61;5107;LOCAL_VALHALLA_MATRIX;f187f8fe737fd443d2c08a1cd9c1b5e113313e0309faf3c3153c62eb2c9d056d;9ff7913cb02f9c1032a2af12bd777ce996c1648de6a54f8c8ba6299251178d95;2026-09-28T19:47:05.797752+00:00;false
LOC-0080;LOC-0023;WALKING;2026-08-17T07:00:00+03:00;OK;1550;26;2188;LOCAL_VALHALLA_MATRIX;ee25fe4b24b0cb4473b9b679bec65bcbadbe59856c389c282da7d6aace776fa9;fcd3edebd4768ea82c52040f9a91854791790f36d8a94f36add8cd7256d3db90;2026-09-28T19:47:05.797752+00:00;false
LOC-0080;LOC-0027;WALKING;2026-08-17T07:00:00+03:00;OK;1674;28;2349;LOCAL_VALHALLA_MATRIX;6da4a29af5244d322c060c6e65fcf47edc4f0e0cde63d4eb0660461686887d6c;7cc9181466d778c8c4fd0bf588fefb36a636c25c590e1b525631ff8118e8acee;2026-09-28T19:47:05.797752+00:00;false
LOC-0080;LOC-0028;WALKING;2026-08-17T07:00:00+03:00;OK;4065;68;5695;LOCAL_VALHALLA_MATRIX;90f2d58fae67ed91293d544a01b8674ae9ddf691b401eba77e05d11c0fc70cf4;eef3228a6aa739c3fcebd40f8256caa36479716d03370cd8a460f386aaea6379;2026-09-28T19:47:05.797752+00:00;false
LOC-0080;LOC-0029;WALKING;2026-08-17T07:00:00+03:00;OK;3947;66;5528;LOCAL_VALHALLA_MATRIX;ab9153e9d8f6778f97d0bdfbd35a4a23ce04fcf06f3859285b5adc2b737b66be;7d42f9bfc9957fba1ad4c10db7d7bc3c3f52af627baa8399142b9c7081c18c78;2026-09-28T19:47:05.797752+00:00;false
LOC-0080;LOC-0037;WALKING;2026-08-17T07:00:00+03:00;OK;4792;80;6725;LOCAL_VALHALLA_MATRIX;f00960a153558e7da4830db56eb73b2dead601dde8f21ede5292b7c21eb021f7;bae7a40c74b1052bfdd0daf7fe8c3f83bc3543ffacd47c3d527ed5021d69a6d4;2026-09-28T19:47:05.797752+00:00;false
LOC-0080;LOC-0045;WALKING;2026-08-17T07:00:00+03:00;OK;2996;50;4141;LOCAL_VALHALLA_MATRIX;cbffbdff06fd5bd2893bd34661a8552962882ff226bc149e08ed233b93b91edc;f617e55ab91f7a137c1dc4d943df80a5368ced94dc08708f5700bfe42baa3b1f;2026-09-28T19:47:05.797752+00:00;false
LOC-0080;LOC-0053;WALKING;2026-08-17T07:00:00+03:00;OK;4749;80;6639;LOCAL_VALHALLA_MATRIX;d7bf3e33b8f1afc85b53d0b790bbd41500b296cb3d88538adf1ec8dc1e38b368;0061bab0f1fb44e806392080b512d5386c8ae8da0d0d5c7d9dfbca406c884457;2026-09-28T19:47:05.797752+00:00;false
LOC-0080;LOC-0054;WALKING;2026-08-17T07:00:00+03:00;OK;4517;76;6337;LOCAL_VALHALLA_MATRIX;5620adfad7f9f464fca3fdd0221f727dcc4ec585fd491483291a004f63f1c9df;26aa158a9887aa2451b87ea16117ac72777683f29e468efd133f104f80f8b1c6;2026-09-28T19:47:05.797752+00:00;false
LOC-0080;LOC-0061;WALKING;2026-08-17T07:00:00+03:00;OK;3399;57;4710;LOCAL_VALHALLA_MATRIX;159750f1a0888b61db4d6e1b77cb53d8db3aac121d91bff4d23afbe01485097d;e7cd4fc18417c60ec9e2dcf51578995214887cc4a15ed971f50f60f49528429b;2026-09-28T19:47:05.797752+00:00;false
LOC-0080;LOC-0063;WALKING;2026-08-17T07:00:00+03:00;OK;4846;81;6756;LOCAL_VALHALLA_MATRIX;d9c0debc3d3ef8df27e317bf939169b75a40984d02db684bcfc1a442be6e9d15;78a3a363170129ae625f4ee4ce639cad53475e615dbebbb9e3576fde6826496d;2026-09-28T19:47:05.797752+00:00;false
LOC-0080;LOC-0064;WALKING;2026-08-17T07:00:00+03:00;OK;4364;73;6085;LOCAL_VALHALLA_MATRIX;795e56c29672562404ddaa38090ceda03229369794826faabaf54a137e52ddfd;085f42b73a04e1ef2e8bf4e017e9ac2bd4d76cc85f2a23eb616c5d3f33c0c449;2026-09-28T19:47:05.797752+00:00;false
LOC-0080;LOC-0074;WALKING;2026-08-17T07:00:00+03:00;OK;549;10;771;LOCAL_VALHALLA_MATRIX;839dc971d3e239d50c74001b6aaa88785c51ef7dc889379faa1f7cb8dee37765;1e1e699c185065d52143a22a7a9461fc2f5214da650b9b1d3758abe2bf080437;2026-09-28T19:47:05.797752+00:00;false
LOC-0080;LOC-0075;WALKING;2026-08-17T07:00:00+03:00;OK;431;8;610;LOCAL_VALHALLA_MATRIX;965925fb99687a5e27b34af16aab7cc510431b8636d82f8239f60afff1bf156c;05710450254d400b171af95d83603076e156cc50daf45219137bd438c69b8443;2026-09-28T19:47:05.797752+00:00;false
LOC-0080;LOC-0076;WALKING;2026-08-17T07:00:00+03:00;OK;5306;89;7439;LOCAL_VALHALLA_MATRIX;c27cd90a91ccc189c27340a84ab11e749d7b825a00068aa6b037609b2bab5b78;de93ed3dc8c1971c6094a13d8fd088a8713040d9e7aeb1554c239bd6d643221a;2026-09-28T19:47:05.797752+00:00;false
LOC-0080;LOC-0078;WALKING;2026-08-17T07:00:00+03:00;OK;3629;61;5064;LOCAL_VALHALLA_MATRIX;fa739d8c74ae6d49e952d73cba42a44415484035e81105db6d78dd1f5c3afd47;a3789bb4667047c9648e0ffc64d34633ea4b933dd622df9295a87967f38f5398;2026-09-28T19:47:05.797752+00:00;false
LOC-0080;LOC-0080;WALKING;2026-08-17T07:00:00+03:00;OK;0;0;0;LOCAL_VALHALLA_MATRIX;c59ba6902a80022c1fa828853c075906dc2a501a4a595aea9087bf270a34c9c9;3d5812abc84c11768aa73a732c85d75dbed439188f5bb3239e9b762ea31d9862;2026-09-28T19:47:05.797752+00:00;false
LOC-0080;LOC-0082;WALKING;2026-08-17T07:00:00+03:00;OK;4453;75;6207;LOCAL_VALHALLA_MATRIX;823e92d01f0cce3449def964be7a1181486c9d329fb9f291f5bf1e47c83a27b2;22842e23b66bf782015c28373db34a0ec8bb397ce0326d7a7d82dee1d4dd6380;2026-09-28T19:47:05.797752+00:00;false
LOC-0080;LOC-0085;WALKING;2026-08-17T07:00:00+03:00;OK;5627;94;9021;LOCAL_VALHALLA_MATRIX;0e236d06ca08c6dcd09760289dc726a3287907efc09173c895a0bf16001b7f13;bb7841b6dc1127456d2bb630c27969b8b7a585f9c93f4591909be895a3f82791;2026-09-28T19:47:05.797752+00:00;false
LOC-0080;LOC-0086;WALKING;2026-08-17T07:00:00+03:00;OK;5706;96;9129;LOCAL_VALHALLA_MATRIX;b33f8a209f097edf21703305ece1c1aab1252a1099cb7eba9b295d87c69eb343;c5386cfb88f70d53e5d001d9797c38fc68114f248a2d7cb78de054c1a0f0ca21;2026-09-28T19:47:05.797752+00:00;false
LOC-0080;LOC-0091;WALKING;2026-08-17T07:00:00+03:00;OK;3623;61;5072;LOCAL_VALHALLA_MATRIX;38e7ec455c269bf6f3c4ee957275a26d3849013ff905c37b4c4595cf3391ca08;df24ff1aeaefc51fb57d540fae4396ae5fc4a4a405e5a9366e26017934129dbf;2026-09-28T19:47:05.797752+00:00;false
LOC-0080;LOC-0092;WALKING;2026-08-17T07:00:00+03:00;OK;3056;51;4276;LOCAL_VALHALLA_MATRIX;bfc1f6990574a75cd9f9589db350cac106c3ffe205d2c54e47a8732f557da03e;34d04287c99e4690a222ef93b98692027e26b8203cd24f5b2a29e942cc807342;2026-09-28T19:47:05.797752+00:00;false
LOC-0080;LOC-0093;WALKING;2026-08-17T07:00:00+03:00;OK;2961;50;4142;LOCAL_VALHALLA_MATRIX;77caeb326410b9ca7b63bdb464326827d0661be8c3fe6416b7f671c52263a5ff;172054dda90517275c7394f1b96b6c50b92b674377ef772222b8b127b5c77774;2026-09-28T19:47:05.797752+00:00;false
LOC-0080;LOC-0094;WALKING;2026-08-17T07:00:00+03:00;OK;6456;108;13380;LOCAL_VALHALLA_MATRIX;f6ba6aedc8f403c87f43788de8e2dd276424949d9014e2235df0e9c0afc83cc4;5fd95eb19b97576dd469a1ceaaa870ed7a11651850f875941651dbc9b4c5bb8e;2026-09-28T19:47:05.797752+00:00;false
LOC-0080;LOC-0095;WALKING;2026-08-17T07:00:00+03:00;OK;6173;103;12981;LOCAL_VALHALLA_MATRIX;30bf123e92e3bb9d9382043f1660fbb9b771654dbdfde9a0b62245777a8d7712;acc1aa52d752782bff588516617d2f09780f69cc2c382e7d61b148e89bdbecb7;2026-09-28T19:47:05.797752+00:00;false
LOC-0080;LOC-0102;WALKING;2026-08-17T07:00:00+03:00;OK;4530;76;6315;LOCAL_VALHALLA_MATRIX;099e15c4b02a9fdeca3125ecb654bda9353043779e37c096d5e483a6a1327aa9;756d46848f3e423de4cb1d46cfa414e5cedfe77c21842885bea7d37dc21bf574;2026-09-28T19:47:05.797752+00:00;false
LOC-0080;LOC-0112;WALKING;2026-08-17T07:00:00+03:00;OK;1797;30;2498;LOCAL_VALHALLA_MATRIX;c9dc44c46f6e3a3f65823e49e7ea75eccd141d28264d7b85666edd9ac77db4c7;769e6ec4b9f5ee57028c97e640bddbf3cca295a454b8c9afd451b806404d62c9;2026-09-28T19:47:05.797752+00:00;false
LOC-0080;LOC-0124;WALKING;2026-08-17T07:00:00+03:00;OK;5830;98;12875;LOCAL_VALHALLA_MATRIX;104be0d7a4ae749dc317ce901ee0b25a49d4425c5d4e56f676f00ca1b3fac078;6b73ef86c0b9e222bec5698cc26ac16b3e4c56f562ce8b1fc030c3adacfe3282;2026-09-28T19:47:05.797752+00:00;false
LOC-0080;LOC-0125;WALKING;2026-08-17T07:00:00+03:00;OK;730;13;1030;LOCAL_VALHALLA_MATRIX;3b26a47aa826f5f765dfb4f1c3ca37098f92e6515b8ac2681e2b49cac7e0894a;d336e24c0eb843fe5224ccaea328d7858e86c9623c3dcf9c3f0f77b0693c1235;2026-09-28T19:47:05.797752+00:00;false
LOC-0080;LOC-0126;WALKING;2026-08-17T07:00:00+03:00;OK;1457;25;2025;LOCAL_VALHALLA_MATRIX;3fef7811eea08daf6d058da1fdeb0364a3fa0268f7fb60dfe4bdc2d7fd909a9f;5c15afe15b02077b22d3ec5ae9a6867a642ae2233356e6b603c9a917511b168e;2026-09-28T19:47:05.797752+00:00;false
LOC-0080;LOC-0128;WALKING;2026-08-17T07:00:00+03:00;OK;5282;89;7378;LOCAL_VALHALLA_MATRIX;af680d3f4f6a0c456ef31dcf19d7bc09c199632bd7f85bcf2f99c8851c3380cf;51e5373b0ded1d4ded8d3c50cfa8238722d039161b76e7f7d163d892e4b12489;2026-09-28T19:47:05.797752+00:00;false
LOC-0080;LOC-0134;WALKING;2026-08-17T07:00:00+03:00;OK;4993;84;8134;LOCAL_VALHALLA_MATRIX;23078e6403d556954332a0c8487f62b0c777051ac74cb9a858bbc38c455b4070;d8654753bddfed084e7d3caf076fcfa9b2cb7e3209700d8423a3bdf2d65afd64;2026-09-28T19:47:05.797752+00:00;false
LOC-0080;LOC-0135;WALKING;2026-08-17T07:00:00+03:00;OK;4983;84;8120;LOCAL_VALHALLA_MATRIX;e89d7a570077ce52a1d039712460b6e1bb70faa97f9ee2aed838a59669d5fd87;bc86449b41cc65b492e710011073a31543eddb2245bdb06bf1db74a28fabe8b1;2026-09-28T19:47:05.797752+00:00;false
LOC-0080;LOC-0136;WALKING;2026-08-17T07:00:00+03:00;OK;5397;90;8694;LOCAL_VALHALLA_MATRIX;f5b506ce72399554d4aafdcab9db2a101e7e4e79597a2eab409f8ea7f0c501d1;43ea2688f08c7e2752aa3fd44e916a26020dd05dad0a20786ec4a2dd3abf3872;2026-09-28T19:47:05.797752+00:00;false
LOC-0080;LOC-0140;WALKING;2026-08-17T07:00:00+03:00;OK;5115;86;7172;LOCAL_VALHALLA_MATRIX;b76ad178ea461a17357cf6170c3b164a2f0bc2bb68b2b4c90a74edf2387ff943;6d190c61ba1ed34eb9d1297bd29a6a6881ed4748b53f1fc86430dc6899b24e60;2026-09-28T19:47:05.797752+00:00;false
LOC-0080;LOC-0141;WALKING;2026-08-17T07:00:00+03:00;OK;3858;65;5406;LOCAL_VALHALLA_MATRIX;3c2f7dc479dcb93c47b7c18371b756556dfb6deeae3342d865fb8061423b0e95;f0a8e5ff9b7bfa0f3c6d88e5c18bf17b836eb4eb392f7a0deb3fa24ebb3b45cd;2026-09-28T19:47:05.797752+00:00;false
LOC-0080;LOC-0142;WALKING;2026-08-17T07:00:00+03:00;OK;3939;66;5479;LOCAL_VALHALLA_MATRIX;ffaa9670f7d7876b70cfd1e0a4817fe75166f80ce0bc3dd9fe91bb8990aebffd;f26b9e9e8505f272beaa87d9afe73a0fc13c8cfae119e47a730cf8b630e29840;2026-09-28T19:47:05.797752+00:00;false
LOC-0080;LOC-0145;WALKING;2026-08-17T07:00:00+03:00;OK;3313;56;4628;LOCAL_VALHALLA_MATRIX;976538c10428433de13f6963bd7b90f36b4e7841b2176cf59e03c4db6d65ddaf;df7c5b60b39236053d321235984e308ee5038044a5d7fc922002299e13af6f86;2026-09-28T19:47:05.797752+00:00;false
LOC-0080;LOC-0148;WALKING;2026-08-17T07:00:00+03:00;OK;575;10;815;LOCAL_VALHALLA_MATRIX;f82790cb40479c9682d911ecb78fbe313d51e382b1ac508c467628237f1265b9;b3989bdc0ccb40355aaa82fcab30183b5bef9b5ca0b0ae310c660aa188cda338;2026-09-28T19:47:05.797752+00:00;false
LOC-0080;LOC-0149;WALKING;2026-08-17T07:00:00+03:00;OK;665;12;929;LOCAL_VALHALLA_MATRIX;91fb5d238908b9913287f7ec3a8feb0044c1ecd72d4c8536c451241bb7a4e576;f2f40966382114a4e49dd3e9da711f3abdd5fe6c0530d6e8f4c1443916b9c767;2026-09-28T19:47:05.797752+00:00;false
LOC-0080;LOC-0150;WALKING;2026-08-17T07:00:00+03:00;OK;771;13;1079;LOCAL_VALHALLA_MATRIX;6a177f90e68efed1593972fcad81210b648bc4f2c33acc1d67bec5a16092ccbc;694142ebf2a4dd4a2dd9befed003d4cb83a128870933dd49bdc3cdeb852ae407;2026-09-28T19:47:05.797752+00:00;false
LOC-0080;LOC-0151;WALKING;2026-08-17T07:00:00+03:00;OK;901;16;1266;LOCAL_VALHALLA_MATRIX;8468ae2d3565696c7bee9334723c638aa92d34710451b6b82fe07b135972f6ad;a871f6efa9f086cc7c17df9d732a47f5000708df140e7bed2125dc20c8c647f1;2026-09-28T19:47:05.797752+00:00;false
LOC-0080;LOC-0152;WALKING;2026-08-17T07:00:00+03:00;OK;904;16;1271;LOCAL_VALHALLA_MATRIX;8a3da0dfbe549a39da83281f8a56683d76458507848f468f80d430d5aa65db17;d52f69a443dfa68cd0374e554426032538ed4c104c923441285f64fa48eba633;2026-09-28T19:47:05.797752+00:00;false
LOC-0080;LOC-0190;WALKING;2026-08-17T07:00:00+03:00;OK;2624;44;3677;LOCAL_VALHALLA_MATRIX;c8fe4f08bc72fa2a3ba419cbc65d9238fea79ce35f8d283d81027ab5dfab2e2f;900f1944964098eb49615fd710432cb3b11655850a0e8aa17150b60a66bf7b3d;2026-09-28T19:47:05.797752+00:00;false
LOC-0080;LOC-0196;WALKING;2026-08-17T07:00:00+03:00;OK;2384;40;3335;LOCAL_VALHALLA_MATRIX;671c22195a9bb9288c245fb0ca585c218bd02acda7eaba3be92d990d909f7003;d91de6f50d45c2e268ba560ba2cc6fdc8580543be18633f54111f6bb4b678755;2026-09-28T19:47:05.797752+00:00;false
LOC-0082;LOC-0002;WALKING;2026-08-17T07:00:00+03:00;OK;4358;73;7968;LOCAL_VALHALLA_MATRIX;59ca6915778010a08ce05c99ceb0837782cf29c28a6c5a8e513af5da800c3560;daf8fffe83ba7c7f3783542a4cadc1d9e42977f95c2719a7aeb3a9ee48a269b9;2026-09-28T19:47:05.797752+00:00;false
LOC-0082;LOC-0008;WALKING;2026-08-17T07:00:00+03:00;OK;6704;112;9406;LOCAL_VALHALLA_MATRIX;b81346a1808021ef9b33eb5d86e4c50171b239de653743d57afb57e681569d52;a15f139e7264b28b4bf6158c89436534c8500ddec9952512c69faee7770c8e1d;2026-09-28T19:47:05.797752+00:00;false
LOC-0082;LOC-0009;WALKING;2026-08-17T07:00:00+03:00;OK;3735;63;5145;LOCAL_VALHALLA_MATRIX;cde6562d93fd8ef03a96048dd5728fd5cc027845c2fa612e89d3d4a291662078;2e32be905e4bbf9d99e4e74a6add91a49255e5d2a918c16de356ea5aca0e0d49;2026-09-28T19:47:05.797752+00:00;false
LOC-0082;LOC-0010;WALKING;2026-08-17T07:00:00+03:00;OK;7150;120;10043;LOCAL_VALHALLA_MATRIX;4fa49240e2b9afce868b879e16a1a1d3f0bd35a21fb6955f3016d759ebe456bc;7840e346386b9cab9ec1f5c1679acdc8164409ef4746615f4b6f7e56311ebbd4;2026-09-28T19:47:05.797752+00:00;false
LOC-0082;LOC-0011;WALKING;2026-08-17T07:00:00+03:00;OK;6257;105;8757;LOCAL_VALHALLA_MATRIX;d3a11f1f1cde98ebc43cad13ef38e19a041cc1954cfad7264af770ea8380d7b6;c988b1d0b52c9ef8f909c7dd027a4a5389c4d270892b0478c50aa577ed6e1382;2026-09-28T19:47:05.797752+00:00;false
LOC-0082;LOC-0012;WALKING;2026-08-17T07:00:00+03:00;OK;6322;106;8876;LOCAL_VALHALLA_MATRIX;b4c8f84b963f067505c59c63153534fc1fe96939bee1db89664ac8d7b1c2a7a5;0e7601f625ff1b47f0e2096697f6d3db1cde6e02f5d02e938530da888d927b4f;2026-09-28T19:47:05.797752+00:00;false
LOC-0082;LOC-0013;WALKING;2026-08-17T07:00:00+03:00;OK;4860;81;8685;LOCAL_VALHALLA_MATRIX;1134c3d3bec10a84d120d536597acc89ec6721632801bc979ecf22e2e13ba8ea;b24d0fc970ce0522f78a29a755e46c84134d7c2380290a81db0e8c3148091677;2026-09-28T19:47:05.797752+00:00;false
LOC-0082;LOC-0016;WALKING;2026-08-17T07:00:00+03:00;OK;3519;59;4893;LOCAL_VALHALLA_MATRIX;eb27392258273c03ea4471371f044eead3416deffcf49f2b39a898da45959953;916e162657814d6c5a3c8b68c7b6c4cc64e5385477f01c8f95c4a70318882c2b;2026-09-28T19:47:05.797752+00:00;false
LOC-0082;LOC-0017;WALKING;2026-08-17T07:00:00+03:00;OK;4181;70;5807;LOCAL_VALHALLA_MATRIX;561791622cce045f683e10cef454438f10250f32a18ce7abc8d1cda0bf6591da;8f3eafede393ba7e889ebab71513f2bd0fee7439067c0ead959c3526199d3e4f;2026-09-28T19:47:05.797752+00:00;false
LOC-0082;LOC-0018;WALKING;2026-08-17T07:00:00+03:00;OK;4541;76;6293;LOCAL_VALHALLA_MATRIX;5c9a36b1ff0289beef768a73409dec503afd77cf1e7bbf8b1606c5c6cda7e348;110a3f32b0533d535a77d8025cf25f76b8d10c19ba88331a8591c499731c1a36;2026-09-28T19:47:05.797752+00:00;false
LOC-0082;LOC-0019;WALKING;2026-08-17T07:00:00+03:00;OK;7446;125;10458;LOCAL_VALHALLA_MATRIX;27898f8105a1bc92a0823c196ac3f8f850e178d3b58380544e8af2825b4ef2f5;013c737ce7e985b472f8945c91b230264891e5e16c108b0ad11155da0d87ec7c;2026-09-28T19:47:05.797752+00:00;false
LOC-0082;LOC-0020;WALKING;2026-08-17T07:00:00+03:00;OK;7066;118;9854;LOCAL_VALHALLA_MATRIX;737f5b67de3c7147fb94e5d0d45c058b41ea9a050f539222f11a8a5b824e2732;ae9c53690ce252fab0cebdc484e2b5488a868c8422de48af3d3fc2e8cbd600ad;2026-09-28T19:47:05.797752+00:00;false
LOC-0082;LOC-0023;WALKING;2026-08-17T07:00:00+03:00;OK;5631;94;7813;LOCAL_VALHALLA_MATRIX;0601dc2fba6d7a8dac58fb9654e28b612a8249258b137135fadfa04476fa982d;b28cf3c6e573aab8c28836757c8439c19aeaf816298f87337861a4c5d5b7b743;2026-09-28T19:47:05.797752+00:00;false
LOC-0082;LOC-0027;WALKING;2026-08-17T07:00:00+03:00;OK;3063;52;4292;LOCAL_VALHALLA_MATRIX;0a25798991e13e9533bea513a0c35027709ea5c3709a8165c289f1c57bb72831;b79a56d7dc521bc464ebc4f397e5c7f2b9fab5a3ccc129fdafec86c2eb783471;2026-09-28T19:47:05.797752+00:00;false
LOC-0082;LOC-0028;WALKING;2026-08-17T07:00:00+03:00;OK;1896;32;2665;LOCAL_VALHALLA_MATRIX;64c2946f70d9b3d2de4a2628022f783feaba8bcaf132c015c2c6b4304460e145;4fc4c616a51ba2bbcdde6c428728cfd290000e3321b945045c2c9ae40b4097a3;2026-09-28T19:47:05.797752+00:00;false
LOC-0082;LOC-0029;WALKING;2026-08-17T07:00:00+03:00;OK;1889;32;2655;LOCAL_VALHALLA_MATRIX;02a4a10d766d8ed5e660c7903f90167a5d22923f7552451a023d3606b619b691;ac3811cffe3183f1d0f44bb25f6528ce1e607a6d2f55e1ad1214c5b3f66a4aac;2026-09-28T19:47:05.797752+00:00;false
LOC-0082;LOC-0037;WALKING;2026-08-17T07:00:00+03:00;OK;5483;92;7978;LOCAL_VALHALLA_MATRIX;63d0bf2918618b284e1544b4bfe7a96a617b2aada693c41bd82fb0488e2afe86;e463d39b65e1989b31ea4268354b8a1d8fdd099dea4013124d8910a7fea87b47;2026-09-28T19:47:05.797752+00:00;false
LOC-0082;LOC-0045;WALKING;2026-08-17T07:00:00+03:00;OK;1721;29;2380;LOCAL_VALHALLA_MATRIX;afc6ca69a30e19324b8b104182b2849994a7e2e3d50743263e95008e29c4b82c;77bb5731d14a04c5d4d46b0623456256a48e3f69319fd5e0e05ddf8da7c3ba25;2026-09-28T19:47:05.797752+00:00;false
LOC-0082;LOC-0053;WALKING;2026-08-17T07:00:00+03:00;OK;3359;56;4706;LOCAL_VALHALLA_MATRIX;c492e2b2f05e4eecb28fecf9b01c0adab6861a979943165aad1781df133dfad5;72db22ccd8138d0c62b3280cf56052f23f711e382fac7a0ae44b7754945467d7;2026-09-28T19:47:05.797752+00:00;false
LOC-0082;LOC-0054;WALKING;2026-08-17T07:00:00+03:00;OK;5330;89;7760;LOCAL_VALHALLA_MATRIX;755b983ff8fd388f914dbc27897ca2334b628b4ebd887f6ae9a05d3d80c3d08a;c87d159e666de7e469a751fb12ed2a2ca62cfd6819194578bfb42d1bbf7cfcd1;2026-09-28T19:47:05.797752+00:00;false
LOC-0082;LOC-0061;WALKING;2026-08-17T07:00:00+03:00;OK;6207;104;8659;LOCAL_VALHALLA_MATRIX;3229f7020202b735458500dcabe606a2e4cf401d08dda049b9cbb8e324169222;6ddeac8272baafc7011b655d9068f28178c45f583e270e997e96e7ee70cc1357;2026-09-28T19:47:05.797752+00:00;false
LOC-0082;LOC-0063;WALKING;2026-08-17T07:00:00+03:00;OK;737;13;1001;LOCAL_VALHALLA_MATRIX;57ceb597a255e209a343902b5760911471e63f5cded5a102505ebbac63845b8b;3e24f1e5315d57fc874cf3d63a7f5dd66e859e61c400766f3950c282cebb2872;2026-09-28T19:47:05.797752+00:00;false
LOC-0082;LOC-0064;WALKING;2026-08-17T07:00:00+03:00;OK;740;13;997;LOCAL_VALHALLA_MATRIX;bd0478110956881fcba573e4c82da35e6fc149f41e91c328fa57750466fc0f2a;1b6894e5a4bf2aa36874b7921a39742e30f54fa5affcd85d3a9538441acc309e;2026-09-28T19:47:05.797752+00:00;false
LOC-0082;LOC-0074;WALKING;2026-08-17T07:00:00+03:00;OK;4055;68;5655;LOCAL_VALHALLA_MATRIX;7e3eeb3850941241a7a48ecd3c07db99577348f2f2d148805aa6f8c342d1eeba;e18d08dd9551a3ccc5f447ccf0c9e8700c0e3853b3dbde98f0b298e1abed298e;2026-09-28T19:47:05.797752+00:00;false
LOC-0082;LOC-0075;WALKING;2026-08-17T07:00:00+03:00;OK;4077;68;5687;LOCAL_VALHALLA_MATRIX;1a5ff37c9a63177889bb3b959252b39ac4ab3c060cd052aff64bdbce8bde22c2;52f1729fb7db4cdeab294897430fd76fa8f6bcaf17db030c6937316f57a857aa;2026-09-28T19:47:05.797752+00:00;false
LOC-0082;LOC-0076;WALKING;2026-08-17T07:00:00+03:00;OK;3149;53;4383;LOCAL_VALHALLA_MATRIX;cfdf98218ede2c87cdd1cc7dc8ad94ea6e3d1f4183bffb07477dd05ecb971329;03e1e51936bcaf2702c703d03f4a975f3d2edfcd72edbc1a4225f95913932154;2026-09-28T19:47:05.797752+00:00;false
LOC-0082;LOC-0078;WALKING;2026-08-17T07:00:00+03:00;OK;1255;21;1737;LOCAL_VALHALLA_MATRIX;a78c2653dc0691a32c2eeb8e368e7655a95437ec94e8b8e54b971954a34f78e0;809aa87d86c0f2bff677dc2306bf91cee0e1b207f1d74d544626346dfb17a225;2026-09-28T19:47:05.797752+00:00;false
LOC-0082;LOC-0080;WALKING;2026-08-17T07:00:00+03:00;OK;4454;75;6207;LOCAL_VALHALLA_MATRIX;7c6680a4267323ea3fc22df669cf71fed7554b5085db9f81c871d841aef28bff;6ffc1f700169797697c55be81ae923be061c70e30967ef17eb232a753f6229dd;2026-09-28T19:47:05.797752+00:00;false
LOC-0082;LOC-0082;WALKING;2026-08-17T07:00:00+03:00;OK;0;0;0;LOCAL_VALHALLA_MATRIX;ee6c7e60bac325bc16a327c02c49c0143f1a7a77ecbaf1e412a4f5e0a314f3ad;3d5812abc84c11768aa73a732c85d75dbed439188f5bb3239e9b762ea31d9862;2026-09-28T19:47:05.797752+00:00;false
LOC-0082;LOC-0085;WALKING;2026-08-17T07:00:00+03:00;OK;5145;86;9092;LOCAL_VALHALLA_MATRIX;c08cf3a54266e9c359954f0e29a73275a8b93e2d6936983814e3e430fd83f156;43a6392adfc0d651ed8fc08670539cee829942a33f609c6a7542d0df6265d61b;2026-09-28T19:47:05.797752+00:00;false
LOC-0082;LOC-0086;WALKING;2026-08-17T07:00:00+03:00;OK;5224;88;9200;LOCAL_VALHALLA_MATRIX;05ff4b8585b12783c8d92685b8b3a133d4905a719879b25d263942d236c1bef1;be71f8e1dccdb21ad36e649cc9aa45b7f3a0191a8fd227fa0d462b2caa994e44;2026-09-28T19:47:05.797752+00:00;false
LOC-0082;LOC-0091;WALKING;2026-08-17T07:00:00+03:00;OK;6874;115;9651;LOCAL_VALHALLA_MATRIX;26f047c94b8f50b8c34ab6930fb096defd1e80b56ba6920fca5abb8b634b08d7;8a108eea7f2a5d266ca40b9fb592bbdd1412cd87c4490a0f5f17fb37ec06fda2;2026-09-28T19:47:05.797752+00:00;false
LOC-0082;LOC-0092;WALKING;2026-08-17T07:00:00+03:00;OK;6469;108;9023;LOCAL_VALHALLA_MATRIX;e3b5fea51b9cf1de09153161ce1c550c5ee9edb55b07cb064933d580442f97a8;a76b07cbf20965a59e14cce45f6f9106c410d5f3a4f30c430d28034bbeae1385;2026-09-28T19:47:05.797752+00:00;false
LOC-0082;LOC-0093;WALKING;2026-08-17T07:00:00+03:00;OK;6362;107;8874;LOCAL_VALHALLA_MATRIX;34db1035f05d213b8aa544eeb674568374e866e6d750aa11733b5ae1a149d5ec;3a0374005b09b69bd934f93a55ef44d05342984f77e1c4f0574b98344894b0e5;2026-09-28T19:47:05.797752+00:00;false
LOC-0082;LOC-0094;WALKING;2026-08-17T07:00:00+03:00;OK;5974;100;13451;LOCAL_VALHALLA_MATRIX;bbabda3b4bfae1f80306a19b7d66c999320558ee83db24e4841f08c9aafca0d5;f54da629064d5c668007b807bf1fd80fcd6321ab5b990d74731917ff2efd66d0;2026-09-28T19:47:05.797752+00:00;false
LOC-0082;LOC-0095;WALKING;2026-08-17T07:00:00+03:00;OK;5691;95;13052;LOCAL_VALHALLA_MATRIX;b7590d437958b31af0213f5dcd2cac2ba79781ec9449936b1d09ee6cc953b3dc;1d94a0f396cc5f964da615d3e94a00c6450cf77d68236c46f6dad3d1eace625b;2026-09-28T19:47:05.797752+00:00;false
LOC-0082;LOC-0102;WALKING;2026-08-17T07:00:00+03:00;OK;1334;23;1851;LOCAL_VALHALLA_MATRIX;a6c088a7cdd64cbe9a5a381d5b405fca3c0e07c38d2402d619ff3dc4ea81ff13;9900a75bc91595a7d1974dc875bbca9eb698afb70de63bedb4e4cea65011361c;2026-09-28T19:47:05.797752+00:00;false
LOC-0082;LOC-0112;WALKING;2026-08-17T07:00:00+03:00;OK;5065;85;7055;LOCAL_VALHALLA_MATRIX;d7f39ad86ba8f3a65809a57c4d1d9ce5a4a7e019c4c5cb7a52143a75ffe93f9e;16d16f0e439067485d71d3dfb61e98ca4da6306c9ab8645728ee933a69ce0269;2026-09-28T19:47:05.797752+00:00;false
LOC-0082;LOC-0124;WALKING;2026-08-17T07:00:00+03:00;OK;3994;67;5545;LOCAL_VALHALLA_MATRIX;c2e7055945f600519e995890f03e64826cb6e2c81f6052857b4f89c9b7fdcf42;1f40eec9e11c5bcadb49a83755105ef62e2d0d5bddbb0e1b4ac9ae7f02afea20;2026-09-28T19:47:05.797752+00:00;false
LOC-0082;LOC-0125;WALKING;2026-08-17T07:00:00+03:00;OK;4922;83;6822;LOCAL_VALHALLA_MATRIX;f560c9086ab1aa7c705640856977cd165ef807d85f5e8a43ce3a12f0f3fe7301;736d424fe8e7e92be8c6456d5c8f61f04a114ab93964664de4b8648cb7328244;2026-09-28T19:47:05.797752+00:00;false
LOC-0082;LOC-0126;WALKING;2026-08-17T07:00:00+03:00;OK;4501;76;6313;LOCAL_VALHALLA_MATRIX;bbfdce13d5e5308d878db1a341aed288c51636db01c93a9a96914ae321786858;dd04129701c9d5f5aebcb5990939f49c9b7c4ae21c04b741d521bb1bfd24fe3b;2026-09-28T19:47:05.797752+00:00;false
LOC-0082;LOC-0128;WALKING;2026-08-17T07:00:00+03:00;OK;5294;89;7709;LOCAL_VALHALLA_MATRIX;5779ab1fc16b2372955262b6e4ac930f560d2c697a85e382b3e3dfc4e2b7f4b7;722ef99b62aec8342c363f222b238094da13ae64ee10221d0099adb4b023371b;2026-09-28T19:47:05.797752+00:00;false
LOC-0082;LOC-0134;WALKING;2026-08-17T07:00:00+03:00;OK;4510;76;8205;LOCAL_VALHALLA_MATRIX;9b349b953d0ecdbccc68a983dda25342f394ea0ebe53c1d489a86614bfc33d59;1c2b2701f742cbf8818cfa2c6b08dcd19422e70b33cc5bb5eb00bb5c26293935;2026-09-28T19:47:05.797752+00:00;false
LOC-0082;LOC-0135;WALKING;2026-08-17T07:00:00+03:00;OK;4500;75;8191;LOCAL_VALHALLA_MATRIX;f897ecc1f0230332136891343690c1c6ac044f6d69ffd8327a620233c6eb0ce2;389619528faf6143b479ad3b4cb6f00b3f71cf5939e2b1eeac3fe09407896001;2026-09-28T19:47:05.797752+00:00;false
LOC-0082;LOC-0136;WALKING;2026-08-17T07:00:00+03:00;OK;4915;82;8765;LOCAL_VALHALLA_MATRIX;334380eee042b20b231ccb38e1c751537fcd231273c5ef792c8364edecf91dfe;8c16cb40c3e4b24609041e69440d9cd8f255355f6c43c7cecf7ec470d545b06b;2026-09-28T19:47:05.797752+00:00;false
LOC-0082;LOC-0140;WALKING;2026-08-17T07:00:00+03:00;OK;3689;62;5198;LOCAL_VALHALLA_MATRIX;48108d62e588fbecb2fa7019b56010c7bc797a65ced9270e48ebecd14aae8a18;ee29f8e3079249f6b7bba6fab737e0764a198ef6dcd7d59e14a4309ecc3547a9;2026-09-28T19:47:05.797752+00:00;false
LOC-0082;LOC-0141;WALKING;2026-08-17T07:00:00+03:00;OK;4363;73;5958;LOCAL_VALHALLA_MATRIX;bde16ded70087b8041e0923755a783afe1def22570e01f2a6b857d2f272d5a41;1cd4e818329ddf686831b3fcdb02f78e555b93bc0f12987f62573eedd7535545;2026-09-28T19:47:05.797752+00:00;false
LOC-0082;LOC-0142;WALKING;2026-08-17T07:00:00+03:00;OK;4562;77;6194;LOCAL_VALHALLA_MATRIX;7871ccb5cc915a5d82a57a6697ae98942e2b780653be5c04aea43eedf9521190;1dcf82efbb821e87a5b464701edf4506120b2bd8a834ca8a9f820ca467ef0166;2026-09-28T19:47:05.797752+00:00;false
LOC-0082;LOC-0145;WALKING;2026-08-17T07:00:00+03:00;OK;6725;113;9375;LOCAL_VALHALLA_MATRIX;44df42bbf66c5574cebf2d1c49d88955a0259c3358a91e5578f3563204fd35fe;ad36cd398cef1812e9c0a58eac7fdbfeeab3bdb816aaf809392ca94c297bbb26;2026-09-28T19:47:05.797752+00:00;false
LOC-0082;LOC-0148;WALKING;2026-08-17T07:00:00+03:00;OK;3977;67;5548;LOCAL_VALHALLA_MATRIX;9df280416a67f2161abc634827af72bcf25ffcf643f0758695d3317598cc3e94;d26dd62bb1011e8147c577fec23331bf7aac111f018b6eef17b860ddf7ae9c79;2026-09-28T19:47:05.797752+00:00;false
LOC-0082;LOC-0149;WALKING;2026-08-17T07:00:00+03:00;OK;3808;64;5311;LOCAL_VALHALLA_MATRIX;638f7320580c28b0e32878ba009bb8e742d3d3ccc5ecd4014d0b9cca0d6f1e5a;bf641b4adb22d098bba592230257e6ee874ce5cca39f5c137bcb8b7da4b04918;2026-09-28T19:47:05.797752+00:00;false
LOC-0082;LOC-0150;WALKING;2026-08-17T07:00:00+03:00;OK;3714;62;5176;LOCAL_VALHALLA_MATRIX;7cf49228a6263c2df9d1230e9a8fab1c2736c9420f33de474af41fddbd31d50f;ab4836dd3356176e7058e69a0d8a55f817ab1c8f285d9956f3c519b6c6cf06a0;2026-09-28T19:47:05.797752+00:00;false
LOC-0082;LOC-0151;WALKING;2026-08-17T07:00:00+03:00;OK;4197;70;5835;LOCAL_VALHALLA_MATRIX;d086866dc56d275e7c1895a68c5d45f798d12260c3ee0c98c14a97bca8dd9d4b;cf852d153f8dd4282103547769ca09bdae3bd9bfb84992ff7531b6ba5c55f1f7;2026-09-28T19:47:05.797752+00:00;false
LOC-0082;LOC-0152;WALKING;2026-08-17T07:00:00+03:00;OK;4218;71;5865;LOCAL_VALHALLA_MATRIX;226b8db3accb45aaf27e907f94ceac2d1e945cd93e826a5d713b252cb8950092;00a2662e203b8a7dcd8022f6f8c653082a9541d50cd8170a72f7065d9c6ebeac;2026-09-28T19:47:05.797752+00:00;false
LOC-0082;LOC-0190;WALKING;2026-08-17T07:00:00+03:00;OK;5362;90;7508;LOCAL_VALHALLA_MATRIX;9427a02ecf8bdf98969e757c234106c2f5f1c3129d75d76fc42fde44c974e4ed;d897dc75d4359d5828134d4753621690163b33bbc653317ce8126c44d653ab0d;2026-09-28T19:47:05.797752+00:00;false
LOC-0082;LOC-0196;WALKING;2026-08-17T07:00:00+03:00;OK;5786;97;8073;LOCAL_VALHALLA_MATRIX;d1babab40062fb81ea3f97725c73f034d7573b54b572ef746b11699b4fe948a9;e1e348eec362d3b8996b262bc88b58ebb9a39c06a521dac74c347ea910212987;2026-09-28T19:47:05.797752+00:00;false
LOC-0085;LOC-0002;WALKING;2026-08-17T07:00:00+03:00;OK;1016;17;1426;LOCAL_VALHALLA_MATRIX;a413b64993b207963505fa6a8ce399294fad45737e54d2702551032a06b21996;e5a89a89af752ef00fbf0d42b5cd24dcb1ed7aadcd9c5137064dafa355a5f7c9;2026-09-28T19:47:05.797752+00:00;false
LOC-0085;LOC-0008;WALKING;2026-08-17T07:00:00+03:00;OK;5569;93;7823;LOCAL_VALHALLA_MATRIX;e393512e3fa4cad79804b5cd2b1f7774917d502644a666a79c7d533c681f6a4b;80f571a0916743587a62241c5df31247c7bc309a05c8a0e517bc492a91e700de;2026-09-28T19:47:05.797752+00:00;false
LOC-0085;LOC-0009;WALKING;2026-08-17T07:00:00+03:00;OK;6316;106;18499;LOCAL_VALHALLA_MATRIX;709d89a61b9171555507f5e82953b0a5d147997f6e2629f2ffc2f21bf0b400e7;4201d3dd7ab4fb7589830eb5f4965d7bb6eaacf4d4b5bb4d7df73b485780fc35;2026-09-28T19:47:05.797752+00:00;false
LOC-0085;LOC-0010;WALKING;2026-08-17T07:00:00+03:00;OK;6185;104;8684;LOCAL_VALHALLA_MATRIX;1dcfd945a233d7df9f50d8c31071e153c1cc32ed1079d2077e82943f2dc18aad;72eaf885767ccb91c1ef159db37d1097ccc21ff4b13e0fe38df284579978f135;2026-09-28T19:47:05.797752+00:00;false
LOC-0085;LOC-0011;WALKING;2026-08-17T07:00:00+03:00;OK;4945;83;6942;LOCAL_VALHALLA_MATRIX;072c5a3bfe7a8bd395b25d2a3a50f7f9e5f67ca02f5471218e0a21bf9ed94641;864b01f3a7346303e37e3d0bbab737e5caf7ed95adfc528b7f33cb09b46ad813;2026-09-28T19:47:05.797752+00:00;false
LOC-0085;LOC-0012;WALKING;2026-08-17T07:00:00+03:00;OK;5195;87;7304;LOCAL_VALHALLA_MATRIX;4088ab0d11f2a332ecef810711825f72118312a53d64195db2553371325059f1;f2ea3988e6be44d9df95e3721d7ce0acca26b3bf52283dd2e357e4ab21e92aa1;2026-09-28T19:47:05.797752+00:00;false
LOC-0085;LOC-0013;WALKING;2026-08-17T07:00:00+03:00;OK;965;17;1356;LOCAL_VALHALLA_MATRIX;7f2911cdcda5c2a7e7a928d83e34300d1ffac3d98607271c2b7e93ba6368b107;7029b57b5abcb574367603eb851c000d4b6e106583ab33178606debd9c2ddd41;2026-09-28T19:47:05.797752+00:00;false
LOC-0085;LOC-0016;WALKING;2026-08-17T07:00:00+03:00;OK;5316;89;9180;LOCAL_VALHALLA_MATRIX;4af102e0a26c28fdfaa12711409b748c80a40848806af83fcbd774ba5e31cc89;6855b406c6b3b3f144bfbc65d4671def361c891ad9d5ff06aa3129b139fe1667;2026-09-28T19:47:05.797752+00:00;false
LOC-0085;LOC-0017;WALKING;2026-08-17T07:00:00+03:00;OK;7722;129;22623;LOCAL_VALHALLA_MATRIX;85a202f59363cd1c569c09bb3f495b19355cacedc7d5492c1287072c82171fc3;567373a75444b77d2355ee5c8279b78412c7cfd0025e497ea23988e7de199b51;2026-09-28T19:47:05.797752+00:00;false
LOC-0085;LOC-0018;WALKING;2026-08-17T07:00:00+03:00;OK;6339;106;10011;LOCAL_VALHALLA_MATRIX;8334fde7330d87d86993207d54ab5b12ee0d1ff3cc83e2a13390078a0f5b04c3;899057deab6973b36912802ae01909d4331e63c02894e79b6633af90545a7b52;2026-09-28T19:47:05.797752+00:00;false
LOC-0085;LOC-0019;WALKING;2026-08-17T07:00:00+03:00;OK;6230;104;8776;LOCAL_VALHALLA_MATRIX;51b9846389cbda9a7d52a8734e92f598b1a8ba91ceab024e951266eedfa825f2;31c7a7b9318a2209dd436dce27913f25208dc0302960b11270d98f9a40fc5db4;2026-09-28T19:47:05.797752+00:00;false
LOC-0085;LOC-0020;WALKING;2026-08-17T07:00:00+03:00;OK;8402;141;12906;LOCAL_VALHALLA_MATRIX;71f602fa62a2ff8ce0e6ca187593bfffab0e7f904615116b9ed265f9546c8103;71bf30a5ee0db29c0e346c42a0d3bfbc1b4ac488207c4cce3d1dca560cde7920;2026-09-28T19:47:05.797752+00:00;false
LOC-0085;LOC-0023;WALKING;2026-08-17T07:00:00+03:00;OK;7404;124;11528;LOCAL_VALHALLA_MATRIX;359624388703935d9d663b30658ecf7d035fc692b2257da70dfaf78c89e6c07a;45a8c61c099eb1c30857f964e16e739e8d22773c9ac051e168fef55275feb389;2026-09-28T19:47:05.797752+00:00;false
LOC-0085;LOC-0027;WALKING;2026-08-17T07:00:00+03:00;OK;4410;74;7335;LOCAL_VALHALLA_MATRIX;ba9a9fa4ca82bd2c88deb0441607de4eb8f1269122081a1c4e8fc09c6f652aee;c720b08ffdb7b65cf20375b93528bdf44d78f973f08447292069b25cb85da873;2026-09-28T19:47:05.797752+00:00;false
LOC-0085;LOC-0028;WALKING;2026-08-17T07:00:00+03:00;OK;4411;74;8062;LOCAL_VALHALLA_MATRIX;b43b0c117ccad0897b6a9575cdeea0e925fdf08a7e80fac75566425e4a5e1223;52da6d1d9d65790b3f1a2cfd361f56f86a4fa56c7ce3c0107f013ff192580646;2026-09-28T19:47:05.797752+00:00;false
LOC-0085;LOC-0029;WALKING;2026-08-17T07:00:00+03:00;OK;4293;72;7895;LOCAL_VALHALLA_MATRIX;4b7a657d547f9767f9bbfb95dd7e076ab84d44b01a59c098a80c9eccd561c13a;4ee7d0376df9c392752691787ac5637e36cc99e7a08f9d06665cf55b644ff856;2026-09-28T19:47:05.797752+00:00;false
LOC-0085;LOC-0037;WALKING;2026-08-17T07:00:00+03:00;OK;2185;37;3085;LOCAL_VALHALLA_MATRIX;47bdf19fdf92f59131bef397770dc49effc7b3a8909e6a54107f4aeb6e6b1d3f;3fccb36d6c371459d11f00411f516493c33bb773086edfa665d36a2af7cdd60d;2026-09-28T19:47:05.797752+00:00;false
LOC-0085;LOC-0045;WALKING;2026-08-17T07:00:00+03:00;OK;4462;75;8119;LOCAL_VALHALLA_MATRIX;6725db3bd6252588a758c4be2d905dbe163a16dea4d585c74590b21bcf0313af;dbfdb227ccd611e3cc51f463ebf6520a84aeab99db9bdf5d855ffd0b0d3065ec;2026-09-28T19:47:05.797752+00:00;false
LOC-0085;LOC-0053;WALKING;2026-08-17T07:00:00+03:00;OK;3824;64;5369;LOCAL_VALHALLA_MATRIX;5fef65931f1b255b8459a87a19c0403c4b00fc76d1d052b87b88442a62c5dba2;1659608aaf84f883d1e255ecf6e58d3c6bd0ae553ccc721506afa22010c08b02;2026-09-28T19:47:05.797752+00:00;false
LOC-0085;LOC-0054;WALKING;2026-08-17T07:00:00+03:00;OK;2436;41;3420;LOCAL_VALHALLA_MATRIX;be851d36b31bcff48b5663966018a004b92656b1f4a8b71993b4ed1f3ffd9315;2c623baac54f89c75679497d74ab1586365fe53bd0adac9adb9a9a1c53a7a17d;2026-09-28T19:47:05.797752+00:00;false
LOC-0085;LOC-0061;WALKING;2026-08-17T07:00:00+03:00;OK;4946;83;6908;LOCAL_VALHALLA_MATRIX;5db815c86762e1f5cd4c05e875f90b6780bbb16ecb43c5332bddb4e42e62c0d1;64712643e8a49ce85af1b62bbaa85e94e44f6a71297b3c28d35d4b59787670cd;2026-09-28T19:47:05.797752+00:00;false
LOC-0085;LOC-0063;WALKING;2026-08-17T07:00:00+03:00;OK;5477;92;12958;LOCAL_VALHALLA_MATRIX;6307f2ba37b6b3c328599ae99bf80e8320775022b40c2c86e1fb90cf2ba81391;96509f582f589dfa81322c296e5de9d583b0432433bda75a925ab819ef6189fc;2026-09-28T19:47:05.797752+00:00;false
LOC-0085;LOC-0064;WALKING;2026-08-17T07:00:00+03:00;OK;5173;87;9122;LOCAL_VALHALLA_MATRIX;ceee64e68295a08f2ec8d1290a5b0a101b0ca3adbfe07c16a317dccc057f101b;6970ef488b527f106d2e937e3cb21078ad0e7bdb5d7a3d2445769b3df577d237;2026-09-28T19:47:05.797752+00:00;false
LOC-0085;LOC-0074;WALKING;2026-08-17T07:00:00+03:00;OK;5552;93;8925;LOCAL_VALHALLA_MATRIX;945c2e301ef161c2290f45b13bf5d4f07e66db8c00fe3416fe5b58e2ea4dcb38;55af12f37e6145248cbd3f32a544b6bb592dae2839d06375bdbb137cd59cda48;2026-09-28T19:47:05.797752+00:00;false
LOC-0085;LOC-0075;WALKING;2026-08-17T07:00:00+03:00;OK;5768;97;9219;LOCAL_VALHALLA_MATRIX;06ee76ce19351a5c3c9572a41960c2785151bc7602ab174a018261f9e3ea515d;264f9c6e2e8e8d199644ed3084fb74797f3119a157b16b236e363728bca34f0f;2026-09-28T19:47:05.797752+00:00;false
LOC-0085;LOC-0076;WALKING;2026-08-17T07:00:00+03:00;OK;5588;94;13112;LOCAL_VALHALLA_MATRIX;52a4871cea1927e96ddd1a63714b3709d6411990b52011fc584ead72ace8d95a;4b2eb05f54da580acda45e5522120b4025536e54b98d2f9ccc796039c7ece159;2026-09-28T19:47:05.797752+00:00;false
LOC-0085;LOC-0078;WALKING;2026-08-17T07:00:00+03:00;OK;4818;81;8582;LOCAL_VALHALLA_MATRIX;a73e339633b39dde38dbc5382cc4663d70dba1fd02ba2e78d8b57e6b1e91c6fe;282771c23e4a902085ccc0134bd399533453fbfad68fe99e7171472aa266ba50;2026-09-28T19:47:05.797752+00:00;false
LOC-0085;LOC-0080;WALKING;2026-08-17T07:00:00+03:00;OK;5627;94;9021;LOCAL_VALHALLA_MATRIX;9ee6714992779fa3c8e21c505c8e2498811f4ec3c356aad9fa5ce4c9e4af8d62;bb7841b6dc1127456d2bb630c27969b8b7a585f9c93f4591909be895a3f82791;2026-09-28T19:47:05.797752+00:00;false
LOC-0085;LOC-0082;WALKING;2026-08-17T07:00:00+03:00;OK;5313;89;9330;LOCAL_VALHALLA_MATRIX;00abff460114df3af52087244cc2a2d6d1e85a6c3e67789975a427309989914e;644d9ea2e57971deb08fc82d5dd216896932f3dc8f7fc916ea2cc422ad4decdc;2026-09-28T19:47:05.797752+00:00;false
LOC-0085;LOC-0085;WALKING;2026-08-17T07:00:00+03:00;OK;0;0;0;LOCAL_VALHALLA_MATRIX;a00ec74ceca65e11818fd875c7f0055c2073a404e1ec62d8c151effeeb077001;3d5812abc84c11768aa73a732c85d75dbed439188f5bb3239e9b762ea31d9862;2026-09-28T19:47:05.797752+00:00;false
LOC-0085;LOC-0086;WALKING;2026-08-17T07:00:00+03:00;OK;328;6;460;LOCAL_VALHALLA_MATRIX;e19f937009767f7f7b07a6338b1854fcbe2a108b5b58bc3c4c3d59db06305a74;a666bd81f3e30aad8a0bdddcb45d721191fdb860f23608b5560f8571e7173404;2026-09-28T19:47:05.797752+00:00;false
LOC-0085;LOC-0091;WALKING;2026-08-17T07:00:00+03:00;OK;5921;99;8314;LOCAL_VALHALLA_MATRIX;129d22206ad1e9c56e060444ea8ecf19b0958a66db39b69bfad30d2aaf2ee4bf;a406388c58e72a5c6eca9c94d03a624d694eaabd29d27a1ce72dd28bd92d0ffe;2026-09-28T19:47:05.797752+00:00;false
LOC-0085;LOC-0092;WALKING;2026-08-17T07:00:00+03:00;OK;7130;119;11124;LOCAL_VALHALLA_MATRIX;d2a13de8271569956e031f336643d36431fbd29f2e0c5eb4332cae217ca90382;1d5e66b55dc1cf7453058118c97dc44777a10e641d1b868e63afb25091d1be81;2026-09-28T19:47:05.797752+00:00;false
LOC-0085;LOC-0093;WALKING;2026-08-17T07:00:00+03:00;OK;6572;110;10363;LOCAL_VALHALLA_MATRIX;4dc0dbe015be1e5b293e74104fa1fbc9933ab2e16dab54a24dbe54e1fe7ec0fd;61ac632861d63a02cb8496f35d431b679802d7f1bf4e3812a2933cd6476a7a68;2026-09-28T19:47:05.797752+00:00;false
LOC-0085;LOC-0094;WALKING;2026-08-17T07:00:00+03:00;OK;603;11;848;LOCAL_VALHALLA_MATRIX;37f6bb08135572dd4286c7d57373e55897f20cdb51e3359b28bcff85c22f5bc6;75d90fcc08eee9797015c00fbe134e9d5857656b9cfdf05cea5770cda883874e;2026-09-28T19:47:05.797752+00:00;false
LOC-0085;LOC-0095;WALKING;2026-08-17T07:00:00+03:00;OK;1103;19;1559;LOCAL_VALHALLA_MATRIX;0cc33e24943ca6df91b50d2dd9d147356829b4a712fa8ee82724aaa0e8b084bb;b3ee0a5f897d8fd991b1da01b38510efbfb09a33a55f6d5179de1afb0eecf06a;2026-09-28T19:47:05.797752+00:00;false
LOC-0085;LOC-0102;WALKING;2026-08-17T07:00:00+03:00;OK;5959;100;13627;LOCAL_VALHALLA_MATRIX;ae9651a41d009cfd65420e1fa3b667924348d497abe903b1682aef3641b5ae4b;645b10ed0f7f4fd19af0ddda0f609f0d23fdb9a151405fba9ee272a439359452;2026-09-28T19:47:05.797752+00:00;false
LOC-0085;LOC-0112;WALKING;2026-08-17T07:00:00+03:00;OK;5965;100;9500;LOCAL_VALHALLA_MATRIX;ecec74066700f772bb11ac9a5199be9b4b40f54b2904afd87d481c2aca274b23;c509d7525841f033e65713129d048837d4b6897f24a05d15342fb4ae8687f376;2026-09-28T19:47:05.797752+00:00;false
LOC-0085;LOC-0124;WALKING;2026-08-17T07:00:00+03:00;OK;6568;110;18885;LOCAL_VALHALLA_MATRIX;c9bc1d996289dcfe2bf01745b959e14ac037ac564d5ed15d390b42f523c64a2e;0e13b90f260e4c36f0134655547dfec00abb5f8ea8332e5c44b6440353e5e646;2026-09-28T19:47:05.797752+00:00;false
LOC-0085;LOC-0125;WALKING;2026-08-17T07:00:00+03:00;OK;6238;104;9882;LOCAL_VALHALLA_MATRIX;965780b8769a35fe8e149a531516ea3e66db422d2ae05302d59c22d007caa7e3;8a529ac66c4c380eb5c7c41b0be31a0fc522a5ec1d7989d577f8be6756f567a0;2026-09-28T19:47:05.797752+00:00;false
LOC-0085;LOC-0126;WALKING;2026-08-17T07:00:00+03:00;OK;4715;79;7747;LOCAL_VALHALLA_MATRIX;b7fecd37419dad6e68aab166f34744a4d29df3434c29294e77a465cac0b87bf1;d783584c080f3f13456fcc9a6b6f32f31fb77e921bfa0e3961051b600fc012c0;2026-09-28T19:47:05.797752+00:00;false
LOC-0085;LOC-0128;WALKING;2026-08-17T07:00:00+03:00;OK;2325;39;3263;LOCAL_VALHALLA_MATRIX;a902eb7c86b62132d56660fbd482d700740ca0cc30cc71a99d2c2208bad71242;df399b904c04a48959a3931aa7b8ec5f691519c5ea703c3ecca499b3d5224543;2026-09-28T19:47:05.797752+00:00;false
LOC-0085;LOC-0134;WALKING;2026-08-17T07:00:00+03:00;OK;657;11;924;LOCAL_VALHALLA_MATRIX;2ec99e2e3228b2c757e1d2a8738cc91ae6dc2a66528ea86c46e3af7c61e9bd0b;0efb29c7ad184df0fd9c18cb7bebd577b704ad3de5129fc5a3ca2f9e26d69cb7;2026-09-28T19:47:05.797752+00:00;false
LOC-0085;LOC-0135;WALKING;2026-08-17T07:00:00+03:00;OK;686;12;963;LOCAL_VALHALLA_MATRIX;0629b6119a86490ae5507764eadf75ef1a746801221c3b3626ebf4c415209729;48928f157bd52da665807570b9d7cd5df6c83360fb3c4d01b0e45e44cfc47758;2026-09-28T19:47:05.797752+00:00;false
LOC-0085;LOC-0136;WALKING;2026-08-17T07:00:00+03:00;OK;540;9;765;LOCAL_VALHALLA_MATRIX;d213afb7461f78f118e61492a79edfe8f231e13c9f796e149809c9414cb4cdb4;883977ce958ab462fce36ee9ee0580a0e86be6e16449355ddf81dcb188cdafa2;2026-09-28T19:47:05.797752+00:00;false
LOC-0085;LOC-0140;WALKING;2026-08-17T07:00:00+03:00;OK;3237;54;4546;LOCAL_VALHALLA_MATRIX;13be04aa50a9defcaa60cbc8704e0be07cb45f6c4933f7e80ad7a36cebd1884b;497f261ce71ef12535b374a35461bddaa94c2ab20681bad0c0af55edc56a54c4;2026-09-28T19:47:05.797752+00:00;false
LOC-0085;LOC-0141;WALKING;2026-08-17T07:00:00+03:00;OK;7282;122;22009;LOCAL_VALHALLA_MATRIX;03035e762441ffdf06df594ce23a0868628e84d727a1c71a0051e850e9436142;28e99416a0104ec52aa0e0b7deb08da0253f5e20c8059f889cdff390697f6e83;2026-09-28T19:47:05.797752+00:00;false
LOC-0085;LOC-0142;WALKING;2026-08-17T07:00:00+03:00;OK;7363;123;22082;LOCAL_VALHALLA_MATRIX;c66ecdf8db4a6c3d3e8eb439dd9562e0cc5df9d5fc76caa3f950b49161f86e1c;86344f37595079b3566b5f79a0480e214c68eae1fe05405c4c63a45925daf817;2026-09-28T19:47:05.797752+00:00;false
LOC-0085;LOC-0145;WALKING;2026-08-17T07:00:00+03:00;OK;7373;123;11461;LOCAL_VALHALLA_MATRIX;ca01df885b6399c0daf5635d943f565e2f5a0d01dc6bbe3795c8016013980cdb;fa908e413e335ade9472ad57e589238ad0a5de9d916c5ff2d28037ad8f15b0cf;2026-09-28T19:47:05.797752+00:00;false
LOC-0085;LOC-0148;WALKING;2026-08-17T07:00:00+03:00;OK;5152;86;8365;LOCAL_VALHALLA_MATRIX;688c47914916d34a6b709476ff93e740418ead9945718732e2facfbf4f2bc2d8;e1a36d1ae6d27a4a89a71e46690bc467b3ff504e41e92433e069bf456cc6b16f;2026-09-28T19:47:05.797752+00:00;false
LOC-0085;LOC-0149;WALKING;2026-08-17T07:00:00+03:00;OK;5752;96;9917;LOCAL_VALHALLA_MATRIX;c18484eff2923a66dbd22b7790ef5fc7a432663a9a84b53bec88484bdcf54a90;7251c5c324e021687951fa9498c0d851b08edd4da9bb40e615bda916f64f641a;2026-09-28T19:47:05.797752+00:00;false
LOC-0085;LOC-0150;WALKING;2026-08-17T07:00:00+03:00;OK;5659;95;9782;LOCAL_VALHALLA_MATRIX;592f13d236af8f4a5ba4dcf36411345458aa0205f2ff18a72df1a4bee94db3c2;be2f6258e1fdee1e090fc7f03cf60133f03628c194eb89a6b52699b8a14ab8a8;2026-09-28T19:47:05.797752+00:00;false
LOC-0085;LOC-0151;WALKING;2026-08-17T07:00:00+03:00;OK;6083;102;10404;LOCAL_VALHALLA_MATRIX;dad84eb3346291e657c1021eabbb0a984828484e96e5a438d4184c3a5c6c9f47;c1a7ee16e5828423416af77a5cc836ed6a8156b4873f7b06cf85eaabf369482a;2026-09-28T19:47:05.797752+00:00;false
LOC-0085;LOC-0152;WALKING;2026-08-17T07:00:00+03:00;OK;6018;101;10312;LOCAL_VALHALLA_MATRIX;01e39d837ffa78a111df1cc14c4a082f045a7dcf3ec7f5188bdc6a3322b2cea6;d84f7794a4061b3bfb8e4435fd2fa26c38fd14f9a7d7802399443e3afd47a623;2026-09-28T19:47:05.797752+00:00;false
LOC-0085;LOC-0190;WALKING;2026-08-17T07:00:00+03:00;OK;4527;76;6312;LOCAL_VALHALLA_MATRIX;08209a73ba1e1a7b8202d3b02743f103716be99390fd39a4ed6de9a962e06f8a;6c64b661a2344e6191b7680c3efeaa6484d8110083dbda1133ae9f3d72409a2b;2026-09-28T19:47:05.797752+00:00;false
LOC-0085;LOC-0196;WALKING;2026-08-17T07:00:00+03:00;OK;8495;142;13705;LOCAL_VALHALLA_MATRIX;f1723b8369edf35dbf7a65a8e9ba08b8428c07dabc5a47f443f214a98ad28ba2;29414c212367d36e3c90e88404d23ec6e56b2a815cd4d28f74e13fd39e7d83bf;2026-09-28T19:47:05.797752+00:00;false
LOC-0086;LOC-0002;WALKING;2026-08-17T07:00:00+03:00;OK;1063;18;1491;LOCAL_VALHALLA_MATRIX;525da036202e825e70b861b4ab5c32da6b4cbb1fdc4b55152e1abd3ad75bf710;57920082a9d7dea85c04bef00e12921dba1214af5e68e59887b68db8d65bd69a;2026-09-28T19:47:05.797752+00:00;false
LOC-0086;LOC-0008;WALKING;2026-08-17T07:00:00+03:00;OK;5348;90;7511;LOCAL_VALHALLA_MATRIX;86b8dad5d3bd320dafccd22c2836489edb3a2aa961314b131ba8a13087f425ef;6ffa54398d44bce442e471eafc51bc7ae97d248bd60652981fbd443c23708cd7;2026-09-28T19:47:05.797752+00:00;false
LOC-0086;LOC-0009;WALKING;2026-08-17T07:00:00+03:00;OK;6388;107;18593;LOCAL_VALHALLA_MATRIX;ede32e89841e7e50dabe3baf2ffd87b14df10f88994ca95dbb8195d52e81f478;5d680be5649610f01a88bb90061ddbeab1eaf94ef2b8d252098bfe07b0aae515;2026-09-28T19:47:05.797752+00:00;false
LOC-0086;LOC-0010;WALKING;2026-08-17T07:00:00+03:00;OK;5964;100;8372;LOCAL_VALHALLA_MATRIX;0cf04d8fc28abccd4efb28ade31df82925378ee1053c01ed47baf1728191ec18;48e0fe91bb9f265bd261d3bc146dcda0a701be328adb0a7267ead64d1fe16552;2026-09-28T19:47:05.797752+00:00;false
LOC-0086;LOC-0011;WALKING;2026-08-17T07:00:00+03:00;OK;4725;79;6630;LOCAL_VALHALLA_MATRIX;de01ff238b84772425e4a19508f84278cfef6c2d6ccc2536c262674ecbebc51c;bb209542e3525088e1669eff41f197792b3b799ebd1f4c731e8e06abe516b056;2026-09-28T19:47:05.797752+00:00;false
LOC-0086;LOC-0012;WALKING;2026-08-17T07:00:00+03:00;OK;4975;83;6992;LOCAL_VALHALLA_MATRIX;e47b2fff9754cc13f78cbb71ea4217d2d34185480d91d65cc5e611131966b53c;7bb41c937c913d62d146d5e9a0cff9245078217a073fcbde34d63f63a9f3d987;2026-09-28T19:47:05.797752+00:00;false
LOC-0086;LOC-0013;WALKING;2026-08-17T07:00:00+03:00;OK;1234;21;1730;LOCAL_VALHALLA_MATRIX;de2914ab10213bbda8ee5e5915c3944ada41b1b919be263039d9d2b18ed1eda7;b17c5f960a8404db2f25e84efe54ef55d284e8aecf57c8ccdedd1f6aef2eaf0e;2026-09-28T19:47:05.797752+00:00;false
LOC-0086;LOC-0016;WALKING;2026-08-17T07:00:00+03:00;OK;5388;90;9274;LOCAL_VALHALLA_MATRIX;29426927d0195ee3f9b9064bd43911179733743dc365f43ac80b5944607850db;35c4e9f3941015889e8d0401c324dbe5049dba4b0ed36d261196255c4dff7e1d;2026-09-28T19:47:05.797752+00:00;false
LOC-0086;LOC-0017;WALKING;2026-08-17T07:00:00+03:00;OK;7794;130;22717;LOCAL_VALHALLA_MATRIX;20ebc2d9be4253ad97d93bffb267e7f4cf05ab469798b4729733e5d2133212ad;591633bb56c1f32080feeef9827bc28c82a7ab3bcf9c432621eb889bd8229c56;2026-09-28T19:47:05.797752+00:00;false
LOC-0086;LOC-0018;WALKING;2026-08-17T07:00:00+03:00;OK;6411;107;10105;LOCAL_VALHALLA_MATRIX;7a22fe31d97f430376262580ae2968b71a795ceeb42588ca0a2eab99d46f85cf;d6e33fef2d436bb32d3efa94ccc698205d7940de6ed97fceb4e0cad16b5fad17;2026-09-28T19:47:05.797752+00:00;false
LOC-0086;LOC-0019;WALKING;2026-08-17T07:00:00+03:00;OK;6009;101;8464;LOCAL_VALHALLA_MATRIX;3a583616b1f32d34c036f018f4256347d5d4e14d66de0e0400d3b046f41e437d;be2aeb556701be3e11ebce7f42ff3dd8a3e4d5ac093669251dece4f17575e4da;2026-09-28T19:47:05.797752+00:00;false
LOC-0086;LOC-0020;WALKING;2026-08-17T07:00:00+03:00;OK;8538;143;13081;LOCAL_VALHALLA_MATRIX;170690e3cbdeaf02c58856d5198b205c264b7d8f151ae1b202f562fbabf31701;7cf0dd4d1dc79e224b89e4f10e7c079a9b61a8b1d2e407c85825fce6abea2958;2026-09-28T19:47:05.797752+00:00;false
LOC-0086;LOC-0023;WALKING;2026-08-17T07:00:00+03:00;OK;7476;125;11622;LOCAL_VALHALLA_MATRIX;d3e98360dfde9a636a3c4057619947e5af9465a5c16aa02d56db222a03569d0e;f26d0e00ff0570c909333ce2099b3cdba2d3bcdef05101e7fa89dfa77df6530f;2026-09-28T19:47:05.797752+00:00;false
LOC-0086;LOC-0027;WALKING;2026-08-17T07:00:00+03:00;OK;4475;75;7420;LOCAL_VALHALLA_MATRIX;db79819c937259e3647005bcdf59a8e36ca8be82a32eeec81b0f8b1155bdaf61;99abce203932cb5e9606a105ccbdd54dca40d4bf939942fd456d02e031d7c4da;2026-09-28T19:47:05.797752+00:00;false
LOC-0086;LOC-0028;WALKING;2026-08-17T07:00:00+03:00;OK;4482;75;8156;LOCAL_VALHALLA_MATRIX;a8c5ec0bc83ec9278d162f7f3624f2ffa0806be143f8698e490d8025e1978ce5;cf32b1d83e2b1d3b779b7b7e00de932257cf573503189b4f405e9b8a4c770767;2026-09-28T19:47:05.797752+00:00;false
LOC-0086;LOC-0029;WALKING;2026-08-17T07:00:00+03:00;OK;4365;73;7989;LOCAL_VALHALLA_MATRIX;a981eae7b3452658113887a1097b6837e62d389502df18f809b5d7449c185422;e6368aa94977c1cafda4f65ecec7572ccec2d0185368f1dc2df8780c59cfe30e;2026-09-28T19:47:05.797752+00:00;false
LOC-0086;LOC-0037;WALKING;2026-08-17T07:00:00+03:00;OK;1965;33;2772;LOCAL_VALHALLA_MATRIX;2f988c6f1a83983bf90156ad9ca3f3460bc35addf2ea86acfb57ab90680e07ed;08baccf0af0c0578ce39f7456468499b87998b796abf7290f7702f443af2edf8;2026-09-28T19:47:05.797752+00:00;false
LOC-0086;LOC-0045;WALKING;2026-08-17T07:00:00+03:00;OK;4647;78;8329;LOCAL_VALHALLA_MATRIX;9c17ab92467b24c1f82ababd9faccbd9e81ae454ba0af51bd255e8e1e76d4ad4;9d724fb1d37b8abd4f9c969f1a2560bb48c0fd6f9f2c3d83c235690c19e67e91;2026-09-28T19:47:05.797752+00:00;false
LOC-0086;LOC-0053;WALKING;2026-08-17T07:00:00+03:00;OK;3901;66;5469;LOCAL_VALHALLA_MATRIX;4c6b60f91aa90656259d543d344350f967cb18d900122fe653dc2b7fdfbd93b2;4c15c1013dfc7585a5e8557f6f932c9f4cfe883f96681b9d3f192218caf669b3;2026-09-28T19:47:05.797752+00:00;false
LOC-0086;LOC-0054;WALKING;2026-08-17T07:00:00+03:00;OK;2342;40;3292;LOCAL_VALHALLA_MATRIX;55ec75f11e6bf10056953fc15506d01bc7d3236c0f01ccd5b9eae2c9b010234b;2baccbf66c2f4f16f75536535ce3673dc3ba1cfc6d75dc0091c156c241e2421a;2026-09-28T19:47:05.797752+00:00;false
LOC-0086;LOC-0061;WALKING;2026-08-17T07:00:00+03:00;OK;4726;79;6596;LOCAL_VALHALLA_MATRIX;d287221184d9215eb46919ad5a7603d73d600f8027d030b0a660b071845368a7;4482b8f264410ca0ce0be0e323161ecc17a25cca91fece93a00ef1c77c57a6be;2026-09-28T19:47:05.797752+00:00;false
LOC-0086;LOC-0063;WALKING;2026-08-17T07:00:00+03:00;OK;5548;93;13052;LOCAL_VALHALLA_MATRIX;41220305858aee54d1094265480d9dcefda17488f4655776125197dc453cd73f;38d1f4763be8e64928e77990da09642f2cfcdb01b5fda71e0639cbcf4baedf3e;2026-09-28T19:47:05.797752+00:00;false
LOC-0086;LOC-0064;WALKING;2026-08-17T07:00:00+03:00;OK;5303;89;9254;LOCAL_VALHALLA_MATRIX;f0e21fd7ff4ef4207faeb1c5a2a2f5b7cc096c12d63f46dcf1a362199e8ce3de;9c3b14e7b989b7dd61d846282b80f30f523be59d59cfab40da6f80195b474808;2026-09-28T19:47:05.797752+00:00;false
LOC-0086;LOC-0074;WALKING;2026-08-17T07:00:00+03:00;OK;5624;94;9019;LOCAL_VALHALLA_MATRIX;198d684728ded96ab04cface6ba33a62ff9fac6532e49e2a9cc837236d9feac3;4c232a70b6b7df894ec99d8e944df9dbb0cd51d290926890046b3c896f8073cc;2026-09-28T19:47:05.797752+00:00;false
LOC-0086;LOC-0075;WALKING;2026-08-17T07:00:00+03:00;OK;5840;98;9313;LOCAL_VALHALLA_MATRIX;04caa5847b6d24e96480df22b6a3f3c9772a5b7a47e1eda74c9eaa9aa5c1b314;282596fc0d6f3ae0c9cc33e46eced0f71c709f94e3a78d91b9deb697c20b8e18;2026-09-28T19:47:05.797752+00:00;false
LOC-0086;LOC-0076;WALKING;2026-08-17T07:00:00+03:00;OK;5668;95;13220;LOCAL_VALHALLA_MATRIX;20071e236cfdb8be65062cdb0de87dd66167b1913aa7f070366d4bddc5a2d5ab;55e5c38c48519feb682ce21be141e9504162c1577f864e45eced48d37da73a30;2026-09-28T19:47:05.797752+00:00;false
LOC-0086;LOC-0078;WALKING;2026-08-17T07:00:00+03:00;OK;4897;82;8690;LOCAL_VALHALLA_MATRIX;6caa343551c616c544ab2fc1196387985bdd3cdf708d0a5792e9d12db59d9f95;e15ecd6abd856c5ab4f476b4a018b7d9b5ed51404cbb63c780c7160d9eb827c0;2026-09-28T19:47:05.797752+00:00;false
LOC-0086;LOC-0080;WALKING;2026-08-17T07:00:00+03:00;OK;5707;96;9129;LOCAL_VALHALLA_MATRIX;5055dccc54545c96b8746b500a5a7fdd002c871ec96d922ce4c2c480bfcc97cd;a426b4f921966f26063cb531e1cbda6c6069efa197c9eaf88dc17ef6e1ed8999;2026-09-28T19:47:05.797752+00:00;false
LOC-0086;LOC-0082;WALKING;2026-08-17T07:00:00+03:00;OK;5393;90;9438;LOCAL_VALHALLA_MATRIX;438874420573bffbc130d53aa0d18a10439cad760f51b83133d5815bfb0de65b;f54fbb2eba4314bc6807f5ba4f994e21bc50cdbad2bf4af0cbb98cc426dfadaa;2026-09-28T19:47:05.797752+00:00;false
LOC-0086;LOC-0085;WALKING;2026-08-17T07:00:00+03:00;OK;328;6;460;LOCAL_VALHALLA_MATRIX;41a92f50a0beea9229d4569e2e8608c7e2957e8c1965fc6cf6512088d1229c34;a666bd81f3e30aad8a0bdddcb45d721191fdb860f23608b5560f8571e7173404;2026-09-28T19:47:05.797752+00:00;false
LOC-0086;LOC-0086;WALKING;2026-08-17T07:00:00+03:00;OK;0;0;0;LOCAL_VALHALLA_MATRIX;658c8e397c374e1e71a3f2dbecb4b4e0c373c6cc6908abf6574a0ebd65722b57;3d5812abc84c11768aa73a732c85d75dbed439188f5bb3239e9b762ea31d9862;2026-09-28T19:47:05.797752+00:00;false
LOC-0086;LOC-0091;WALKING;2026-08-17T07:00:00+03:00;OK;5682;95;7975;LOCAL_VALHALLA_MATRIX;df1fbc7ef4ad4fb1481f9638524d7dee6d1101acd4a27cc5f71c6f1276cf8b3d;4bf7a7fdc95f82a368a189eb79b3ce2a32b4a6a7086a41ba5854c064b1be241d;2026-09-28T19:47:05.797752+00:00;false
LOC-0086;LOC-0092;WALKING;2026-08-17T07:00:00+03:00;OK;7456;125;11578;LOCAL_VALHALLA_MATRIX;cd7d74ee1e766b4382bb34723700395ad1e8f116cd1f0e7f729e90db5d6c413a;c335de1e945790df889ed5bfedd8540ccc24a5a1f5323749d458e871440da21e;2026-09-28T19:47:05.797752+00:00;false
LOC-0086;LOC-0093;WALKING;2026-08-17T07:00:00+03:00;OK;6652;111;10471;LOCAL_VALHALLA_MATRIX;187de0ef9ac599a2265e28a0b6825403bc0d564561988b00dfbc1a27f075cc09;86b63ee585e26851959e5d51b9e63b5f1ace8340ca316dbc63853634b79218a1;2026-09-28T19:47:05.797752+00:00;false
LOC-0086;LOC-0094;WALKING;2026-08-17T07:00:00+03:00;OK;634;11;894;LOCAL_VALHALLA_MATRIX;bdc1cbed42a4da69bad064afba9448303396697b239a4120d689c005cf2fe26e;7e30ce1d22995c17a3c4e3112ac9d825ae7ccd68ace26d3064b9dc391e2977ee;2026-09-28T19:47:05.797752+00:00;false
LOC-0086;LOC-0095;WALKING;2026-08-17T07:00:00+03:00;OK;1138;19;1609;LOCAL_VALHALLA_MATRIX;100071eaab6cc4f98400d0206ad283e886cf71cc8c047d7dadc9adf7b4f439a7;d90d67dc7bb8562ff582aeada62878ed197d865e95130e706ae3eeb74989ed39;2026-09-28T19:47:05.797752+00:00;false
LOC-0086;LOC-0102;WALKING;2026-08-17T07:00:00+03:00;OK;6038;101;13735;LOCAL_VALHALLA_MATRIX;5f5cdd7a80e6ab2a922cf148a3b286bd7769c9d0dd00fe41c555d992878588f2;336cc047cd1181bd80690f645f27c728e3a63849a1c4404741481b48319bf2b9;2026-09-28T19:47:05.797752+00:00;false
LOC-0086;LOC-0112;WALKING;2026-08-17T07:00:00+03:00;OK;6045;101;9608;LOCAL_VALHALLA_MATRIX;2248af3305a1d1461d69da93767b14bced32569b48c8b0d6fe5f0d5067f75bee;35ebabe11f79d6bf2576c880e165565bb69ab75abba68bf407245e0eebff4ae8;2026-09-28T19:47:05.797752+00:00;false
LOC-0086;LOC-0124;WALKING;2026-08-17T07:00:00+03:00;OK;6647;111;18993;LOCAL_VALHALLA_MATRIX;410e676346506ca316cf1ca39afd4196c0584fd6db4fe786dad6b431eba3d541;dbbb87888cc542f8e28693b67d505217c09e570ab9b5cbd27e9229cdda727a2b;2026-09-28T19:47:05.797752+00:00;false
LOC-0086;LOC-0125;WALKING;2026-08-17T07:00:00+03:00;OK;6318;106;9990;LOCAL_VALHALLA_MATRIX;4424ae5583fe7d03fcb13a85e16a0a5b22a658fe38d354b574aa4a3827ca8f14;6b4ea6ad2dbe5cf03c7707b21685cd3bfe70a1bd48028be6ddf6bafbc51fc3f1;2026-09-28T19:47:05.797752+00:00;false
LOC-0086;LOC-0126;WALKING;2026-08-17T07:00:00+03:00;OK;4795;80;7855;LOCAL_VALHALLA_MATRIX;18853b0be026a9775557ae1b6f4e4f04c0d9e9b26fc38aa4e2b7f30cc66d7532;7e9b59ece000e7c6564743f154d8a56ea0f6eff46da3239982c1d09e1493a377;2026-09-28T19:47:05.797752+00:00;false
LOC-0086;LOC-0128;WALKING;2026-08-17T07:00:00+03:00;OK;2148;36;3025;LOCAL_VALHALLA_MATRIX;6c33abb799e63d11e89c22ceb9eb812d7f53999cafb09309d1a882952b8d98c7;08ddb09433685bb5ba089154886dc90f46915e416a5e3a61014190d5dfece464;2026-09-28T19:47:05.797752+00:00;false
LOC-0086;LOC-0134;WALKING;2026-08-17T07:00:00+03:00;OK;722;13;1011;LOCAL_VALHALLA_MATRIX;b17014944b0c82014163bfe0ecdd155067071119c989bd6c000b455e0ebc0262;8e7495768a3b48c1ac481602d4ecd9d14ab4835461898519be8d645e44cf094d;2026-09-28T19:47:05.797752+00:00;false
LOC-0086;LOC-0135;WALKING;2026-08-17T07:00:00+03:00;OK;770;13;1076;LOCAL_VALHALLA_MATRIX;f6ba5103d8a7247c7588cb333eebee04b030cdf098794366997437482e63f75f;95ce002ad09a6c5a1de662ed02e565d709a60ced223f888f25d6f688a39dae65;2026-09-28T19:47:05.797752+00:00;false
LOC-0086;LOC-0136;WALKING;2026-08-17T07:00:00+03:00;OK;868;15;1218;LOCAL_VALHALLA_MATRIX;3a954e9f1457199a46dd0efdc6ea133b8724762c57abbaeb8114aefe8da82ac7;6d1f1aa30d1661395de5b3103a63461aa91c6a42f69285a0f31020cb8d16266c;2026-09-28T19:47:05.797752+00:00;false
LOC-0086;LOC-0140;WALKING;2026-08-17T07:00:00+03:00;OK;3317;56;4654;LOCAL_VALHALLA_MATRIX;c33c23bc3bc8105062a1efe0b6f4d44b9a0a606f201365a8386eb37f8b308723;26f6d3444e0880bce77fc1f617cc686ba857efe2da46651346a75cdc8661e9bc;2026-09-28T19:47:05.797752+00:00;false
LOC-0086;LOC-0141;WALKING;2026-08-17T07:00:00+03:00;OK;7361;123;22117;LOCAL_VALHALLA_MATRIX;583763919e8c9512f7efdd7724400c38a707d214a95a605af9be168279f4a503;a253561a7fc3200ed742bf90cee728e6a9fd9ad4638f608e4128eceb8731d3f4;2026-09-28T19:47:05.797752+00:00;false
LOC-0086;LOC-0142;WALKING;2026-08-17T07:00:00+03:00;OK;7442;125;22190;LOCAL_VALHALLA_MATRIX;ac590cc377c7f24a92fb9c0007de888e56995a71a6b895c01c780eb12bf39701;53f878a9bef4bf949b74857bea9d8e29fdf8fbf8bad1f3d2a2670e6ac5bfd22a;2026-09-28T19:47:05.797752+00:00;false
LOC-0086;LOC-0145;WALKING;2026-08-17T07:00:00+03:00;OK;7459;125;11581;LOCAL_VALHALLA_MATRIX;a18439762694f2223751d42dd5cf9d83f5edd226ac5a5fe4c308459a031b3b46;e1db376b11fe9966cf082997810d2050bb98c04f548389e6e536ad1a3599d616;2026-09-28T19:47:05.797752+00:00;false
LOC-0086;LOC-0148;WALKING;2026-08-17T07:00:00+03:00;OK;5232;88;8473;LOCAL_VALHALLA_MATRIX;80f23ed15559233f431807e88cb4800d2deffd14ab11d57f796f831ab9e8b0b4;0c77176ca5c2fa78ba64919e10ab4dff68fb743f3fb4c7886215830740a75d52;2026-09-28T19:47:05.797752+00:00;false
LOC-0086;LOC-0149;WALKING;2026-08-17T07:00:00+03:00;OK;5832;98;10025;LOCAL_VALHALLA_MATRIX;746f8629775ffaba812938ff63c1127dfb8f24f3a4f39abcd831e57e7a7cfdc5;c1ad0cfb9c4602d23fd7b8de7f0779c003f1005718603f9e93ac034d68a4dc9a;2026-09-28T19:47:05.797752+00:00;false
LOC-0086;LOC-0150;WALKING;2026-08-17T07:00:00+03:00;OK;5738;96;9890;LOCAL_VALHALLA_MATRIX;2ea69b73936714a15c747599a49568a2f6ff8ee863a05aeaef8d828b4acca1e5;6ced09566bd586660110715fbf194878c473306066aa772f06ed00905a85f87f;2026-09-28T19:47:05.797752+00:00;false
LOC-0086;LOC-0151;WALKING;2026-08-17T07:00:00+03:00;OK;6163;103;10512;LOCAL_VALHALLA_MATRIX;22df5eca61e93585859475eba065fa9db46a202c3bca8c1c3b89a48cd24146a9;11807a1c20d58c146c8f1d14921e8252118bfe62dc2632830b06cfb45f2a533d;2026-09-28T19:47:05.797752+00:00;false
LOC-0086;LOC-0152;WALKING;2026-08-17T07:00:00+03:00;OK;6097;102;10420;LOCAL_VALHALLA_MATRIX;54ac13d7e913b1135a643c3eb3a1b1770057bc5938be18425902d5b30f1aea0a;8f97bd30be313139bc22054599ab98d977c67c488e08b7574163037e1dc1bd26;2026-09-28T19:47:05.797752+00:00;false
LOC-0086;LOC-0190;WALKING;2026-08-17T07:00:00+03:00;OK;4433;74;6184;LOCAL_VALHALLA_MATRIX;966ba76fd19dd76dbf97c6e80af742a66573cb5e84b616822ab408e6cffef90d;f1471fe7f0e5aebd8bc1406a967c1d3518f8720f2caa01362efedfab1ab69363;2026-09-28T19:47:05.797752+00:00;false
LOC-0086;LOC-0196;WALKING;2026-08-17T07:00:00+03:00;OK;8574;143;13813;LOCAL_VALHALLA_MATRIX;f33913dad7008b601eb41476f09ea73b82a50e55bf5555a25e6d51808ecd6ca5;373be117eac0b8d26e2e4e959dce8741a13271c12099a212c1e83cb382bc02f2;2026-09-28T19:47:05.797752+00:00;false
LOC-0091;LOC-0002;WALKING;2026-08-17T07:00:00+03:00;OK;5451;91;7628;LOCAL_VALHALLA_MATRIX;df1418da24a7458dacfb634c91b2eeaaa61ab3f87c07ab204fd717b7e75df428;63d414716e5460bb6776d4fc996b3ad1e4c37020ac2c86ce285050a7431779f4;2026-09-28T19:47:05.797752+00:00;false
LOC-0091;LOC-0008;WALKING;2026-08-17T07:00:00+03:00;OK;1014;17;1418;LOCAL_VALHALLA_MATRIX;c229a09531bd27e144dc473260a71f5204b1f6a604f070aa077d3c1b2e058c8a;48593e144431aab1c3afd26e17782dbecbbbe6f35f4889cd8bfbf89292a405b3;2026-09-28T19:47:05.797752+00:00;false
LOC-0091;LOC-0009;WALKING;2026-08-17T07:00:00+03:00;OK;8325;139;19728;LOCAL_VALHALLA_MATRIX;d6cec37ab6d93bf3052557a76c6efc9a9f2d18402825d0539942ad93c4c81fce;50712c93ff706ce475bfb6b7e9a4835a7667ab4ccbcb84120c4123d852203966;2026-09-28T19:47:05.797752+00:00;false
LOC-0091;LOC-0010;WALKING;2026-08-17T07:00:00+03:00;OK;819;14;1154;LOCAL_VALHALLA_MATRIX;2358ea06da4fbe8f0e6935d7dd226e9e33190b11852184c15c03f72bc15dc604;22d59e848c7ee176bc47a19ce50f120573318fd48cd433c35e5e28eabaae6814;2026-09-28T19:47:05.797752+00:00;false
LOC-0091;LOC-0011;WALKING;2026-08-17T07:00:00+03:00;OK;1292;22;1819;LOCAL_VALHALLA_MATRIX;ff8715e5cba0877b511eafdafb81ab74cc2205ba348a14bca5c4fb94fc6e5090;1f25fb3b5ab9f7e05d544c3c91b1a4123810fd9ff08475fb0c5cdbd1b21ea2c6;2026-09-28T19:47:05.797752+00:00;false
LOC-0091;LOC-0012;WALKING;2026-08-17T07:00:00+03:00;OK;746;13;1046;LOCAL_VALHALLA_MATRIX;14df79961dc89375e635bf1e3971d01ef59a9ad495c7f546fa6b16427fb00979;a4b4a4e5920dc4fd711b7bc18bf8163d65e10d66800c150cafcb9b023344b117;2026-09-28T19:47:05.797752+00:00;false
LOC-0091;LOC-0013;WALKING;2026-08-17T07:00:00+03:00;OK;6197;104;8666;LOCAL_VALHALLA_MATRIX;e947ef02be5c24b0dc0afcdf7db25ce9ba4deeea137ed11367bfd0bb781b2025;3f96f9f13ae0ff5806c24e5d6de7a943690a3f5049e652cb64135b80d1d6f3bd;2026-09-28T19:47:05.797752+00:00;false
LOC-0091;LOC-0016;WALKING;2026-08-17T07:00:00+03:00;OK;7344;123;10431;LOCAL_VALHALLA_MATRIX;23f82e60e1104716ec901a00481c6eba8b0b5db70aa54e154f57df02b86df2e0;f0a6c8233c4ca7fcac9ba29a83f61db6b5481fbb2b2aba0c21efce89672a4e08;2026-09-28T19:47:05.797752+00:00;false
LOC-0091;LOC-0017;WALKING;2026-08-17T07:00:00+03:00;OK;4636;78;6491;LOCAL_VALHALLA_MATRIX;a62fdb7a492d559dc45fc13a3d570d79111d098cbc0753beb453ba107f8eb497;97da4ba586a1b1e4e069a749c1cd9da63e3bb8e5d53c38a0e1a095d6e96ab673;2026-09-28T19:47:05.797752+00:00;false
LOC-0091;LOC-0018;WALKING;2026-08-17T07:00:00+03:00;OK;4148;70;5815;LOCAL_VALHALLA_MATRIX;5208de616a15b4822afcb6ee49883f6a4c884e52b5ec51f1b53a332bfd73112e;9133ed6651968d94e3106eaf71935ab5f3ddcaa34c2fad14bf0843020c64385c;2026-09-28T19:47:05.797752+00:00;false
LOC-0091;LOC-0019;WALKING;2026-08-17T07:00:00+03:00;OK;1079;18;1515;LOCAL_VALHALLA_MATRIX;3e83c677a55b6828db6f540cac39906c6df0446f723031027514fd9805b333d6;d4871b867c40abc9e0677ce82d180ff98d351d3e46bbf2f06c88bcc65400b84e;2026-09-28T19:47:05.797752+00:00;false
LOC-0091;LOC-0020;WALKING;2026-08-17T07:00:00+03:00;OK;1117;19;1574;LOCAL_VALHALLA_MATRIX;2e8d259075f00f5fa2f68877ac188663364c9dc39a45978285e13c6d84c57c67;14130759131e245ff83706c626c4b48451a5eea4fadd60153bbc798a54e2ffef;2026-09-28T19:47:05.797752+00:00;false
LOC-0091;LOC-0023;WALKING;2026-08-17T07:00:00+03:00;OK;3301;56;4627;LOCAL_VALHALLA_MATRIX;c5ef5f511f9e2746aded0a5a69b262f45dd30700820d70d754ec0990ef02336b;b09325fe039fb7ed7cbc120c195864ec8fe602afbab24e59f87990f10d95d08a;2026-09-28T19:47:05.797752+00:00;false
LOC-0091;LOC-0027;WALKING;2026-08-17T07:00:00+03:00;OK;3878;65;5444;LOCAL_VALHALLA_MATRIX;814676352646ec9121a0ebde50c94f6bdf27136fb762822d9e1146fa03fe7010;27c59bb47790ffd6e5cced2cb609658e6287875d690a9c0f8598a752c83c69d5;2026-09-28T19:47:05.797752+00:00;false
LOC-0091;LOC-0028;WALKING;2026-08-17T07:00:00+03:00;OK;6536;109;9464;LOCAL_VALHALLA_MATRIX;e2cd293532e5b86ac16f875b25f22b246ef51f38349335cd58298ac8053788bc;0c55de110b01a7f8c4da068ddb486592a1db19778ba0cfb2dd703beda73be43e;2026-09-28T19:47:05.797752+00:00;false
LOC-0091;LOC-0029;WALKING;2026-08-17T07:00:00+03:00;OK;6420;107;9298;LOCAL_VALHALLA_MATRIX;5beaa5c8b2c2313d75eceff2f43b1ebbfafeac253feb4fe96ba57f549b822c79;c64d89f510a6adab618376099b81eee4366f522b66b97ec453674edfc755f65d;2026-09-28T19:47:05.797752+00:00;false
LOC-0091;LOC-0037;WALKING;2026-08-17T07:00:00+03:00;OK;3982;67;5589;LOCAL_VALHALLA_MATRIX;1395a4a3f90f3fb52213728e2333604633f676b66257ffff2a5595bfe65e2843;5a76abc55188cdf1378965d462a91570b6aa3b58d74d98a1661a5df86bea1a14;2026-09-28T19:47:05.797752+00:00;false
LOC-0091;LOC-0045;WALKING;2026-08-17T07:00:00+03:00;OK;5574;93;7826;LOCAL_VALHALLA_MATRIX;0677969b5696e6bc08ce2d88d803e88bfb5a0a61c1e74c05570eed83cd52efeb;5e33bb6460a64e03ee166ad78072e62768e00df1031488934830efc656eae6e5;2026-09-28T19:47:05.797752+00:00;false
LOC-0091;LOC-0053;WALKING;2026-08-17T07:00:00+03:00;OK;6907;116;9804;LOCAL_VALHALLA_MATRIX;1ebf6e91b414566b1fe513e06eca3a99bc0c590c229e17376af78633f94aa21e;223a2886b2308872504f632f9c47a57b9d45713c50e812248153fa2935db42ad;2026-09-28T19:47:05.797752+00:00;false
LOC-0091;LOC-0054;WALKING;2026-08-17T07:00:00+03:00;OK;3708;62;5201;LOCAL_VALHALLA_MATRIX;3c11390fd2bd3be1cd1894f4338b5e02929101653834b29658cf4d1c74998c13;63248c4cd86123c12c4558254db4528a1ef08ad8b422c7043c5c67eb015140f5;2026-09-28T19:47:05.797752+00:00;false
LOC-0091;LOC-0061;WALKING;2026-08-17T07:00:00+03:00;OK;1095;19;1538;LOCAL_VALHALLA_MATRIX;7192abbe7cdd5edb7259e609e19a41c074fc63f841d1d7f60a890fd30c229bdd;4a2f0460d02405abf322d07e61b73cdede29590ca7da92497a2ce98723bfc355;2026-09-28T19:47:05.797752+00:00;false
LOC-0091;LOC-0063;WALKING;2026-08-17T07:00:00+03:00;OK;7380;123;10325;LOCAL_VALHALLA_MATRIX;4148904ff0eb7457e49d780d73a78956f5a732aeda4274f8f568faab79207c20;ca350eef3b39c255b2ee41086bd9bb58e4a01cd3114a7892d519bf582064be8d;2026-09-28T19:47:05.797752+00:00;false
LOC-0091;LOC-0064;WALKING;2026-08-17T07:00:00+03:00;OK;6900;115;9658;LOCAL_VALHALLA_MATRIX;a9db9736e03573643d0ae771a59c8035b6b0749a24427757399fd4a958b1b628;77115254260e1fdb177831fc6ed3835e235f608a8f2ba6acb6b331b5ec600897;2026-09-28T19:47:05.797752+00:00;false
LOC-0091;LOC-0074;WALKING;2026-08-17T07:00:00+03:00;OK;3686;62;5171;LOCAL_VALHALLA_MATRIX;305e93e79333554d7be05fe815b912ea134dbc5d31ea1088b33cd2fc8e076c1a;489aa74b7293e2c3eaf4e29c0a4b27f04aaf930ebd20462659288eabd10512b6;2026-09-28T19:47:05.797752+00:00;false
LOC-0091;LOC-0075;WALKING;2026-08-17T07:00:00+03:00;OK;4008;67;5624;LOCAL_VALHALLA_MATRIX;9428b5cb6f7bd1f0828892398d3e52e2911f45e8c17b5b95520ff43e67837405;8e731b1eafe666ee0b15cd4ddfdc41f9d848c89da5703be04585219ce0b2c12d;2026-09-28T19:47:05.797752+00:00;false
LOC-0091;LOC-0076;WALKING;2026-08-17T07:00:00+03:00;OK;7605;127;14355;LOCAL_VALHALLA_MATRIX;065f30df4fe5861ba398eed52d8cd6c2d148312aae6fe4c1a92c19b0947f078e;244af9fda9386241a685c22646e1d32e09c427d84df967d126775a279ce960fd;2026-09-28T19:47:05.797752+00:00;false
LOC-0091;LOC-0078;WALKING;2026-08-17T07:00:00+03:00;OK;6145;103;8595;LOCAL_VALHALLA_MATRIX;f5d5b219f5690696ea7f332da645ef0e5fb88254052661338e3bf3eeb7dab4f6;83a6fb95980fb2ea752aa52f7c3a6e0dc71fa1c9923c3bdb2f3ba56bc8418681;2026-09-28T19:47:05.797752+00:00;false
LOC-0091;LOC-0080;WALKING;2026-08-17T07:00:00+03:00;OK;3622;61;5072;LOCAL_VALHALLA_MATRIX;4c70adf7568b18a0fc7122fa67f16122de78acd4ddf1ee8bad6bf443eda1da7d;2277872b66db8df8203eea018a7b09742ad476a52bb4f6ae56598e5503b06463;2026-09-28T19:47:05.797752+00:00;false
LOC-0091;LOC-0082;WALKING;2026-08-17T07:00:00+03:00;OK;6902;116;9687;LOCAL_VALHALLA_MATRIX;0086b9236f224d14f268b82f152bdca2ba98b295529daaf47f000b5d252b309a;608de69a3c372e11ef1dd8c955cf8a7087c9e5299e29534df03308dfb084a35d;2026-09-28T19:47:05.797752+00:00;false
LOC-0091;LOC-0085;WALKING;2026-08-17T07:00:00+03:00;OK;5921;99;8314;LOCAL_VALHALLA_MATRIX;ff32450edc14df7b2c7aa657b5407585fe807f2835eb4f2565702ba0843e129f;a406388c58e72a5c6eca9c94d03a624d694eaabd29d27a1ce72dd28bd92d0ffe;2026-09-28T19:47:05.797752+00:00;false
LOC-0091;LOC-0086;WALKING;2026-08-17T07:00:00+03:00;OK;5682;95;7975;LOCAL_VALHALLA_MATRIX;ad087899ebe8b85ba39c182dfec35313f3b87b8d239f9ee51ede1a2d35281de8;4bf7a7fdc95f82a368a189eb79b3ce2a32b4a6a7086a41ba5854c064b1be241d;2026-09-28T19:47:05.797752+00:00;false
LOC-0091;LOC-0091;WALKING;2026-08-17T07:00:00+03:00;OK;0;0;0;LOCAL_VALHALLA_MATRIX;927427c3dec36b6ea0c1d8765ba9ea604d2d701de7e231be0058e10076eddd64;3d5812abc84c11768aa73a732c85d75dbed439188f5bb3239e9b762ea31d9862;2026-09-28T19:47:05.797752+00:00;false
LOC-0091;LOC-0092;WALKING;2026-08-17T07:00:00+03:00;OK;719;12;1004;LOCAL_VALHALLA_MATRIX;2168631cb8d1341007dc478a7e31f856116eb26e7cbe61fc54751560d0374838;9c4a941131221816a04cfe97b13d8651b50035cd951b378b56315ddb93f995cc;2026-09-28T19:47:05.797752+00:00;false
LOC-0091;LOC-0093;WALKING;2026-08-17T07:00:00+03:00;OK;919;16;1293;LOCAL_VALHALLA_MATRIX;a0854e9d14fe5fffb30052a3ac53f5c7ff22bd0834ca1bb00d6372604c8ae806;04a0a9e0232b43e8296844070834a9c0eb24eebd3f367e7048d252b5802c6ce4;2026-09-28T19:47:05.797752+00:00;false
LOC-0091;LOC-0094;WALKING;2026-08-17T07:00:00+03:00;OK;6091;102;8557;LOCAL_VALHALLA_MATRIX;f0f1f032223c3adf9efa727180ca0adbf8a3d857f49782468748eb1807fe8142;47c4c683aa6f33c37e2b3fc3a107cef51267622e4dde6c79851a1ff01b4f7ee8;2026-09-28T19:47:05.797752+00:00;false
LOC-0091;LOC-0095;WALKING;2026-08-17T07:00:00+03:00;OK;8127;136;15746;LOCAL_VALHALLA_MATRIX;933f27e433af5cff8926d6a15618b8eb17fc5e0249dcb6646649d07196ea0232;37ee66563730307361cbfdaa32f2b487c001509571e1d86f70d57c19e2588c96;2026-09-28T19:47:05.797752+00:00;false
LOC-0091;LOC-0102;WALKING;2026-08-17T07:00:00+03:00;OK;7046;118;9846;LOCAL_VALHALLA_MATRIX;2c50357a2a1e22fe724c446378c637cdf22c8f6a5a60b151608598981bfc4bf6;4b4fa6edc2c1cdd391b57c223af6e18c9d4027a802bdf6dbf6fbea44c2d4f4db;2026-09-28T19:47:05.797752+00:00;false
LOC-0091;LOC-0112;WALKING;2026-08-17T07:00:00+03:00;OK;2195;37;3077;LOCAL_VALHALLA_MATRIX;d6e1fb50c7aad2e9496b8331da765dae8eb64b401ba47eebdf15e695a6750f05;55e806431ae74e9dbb7e53cc9a29032ec0e5a3a28020876ffe3affb93edbaf75;2026-09-28T19:47:05.797752+00:00;false
LOC-0091;LOC-0124;WALKING;2026-08-17T07:00:00+03:00;OK;8584;144;20128;LOCAL_VALHALLA_MATRIX;f9a0441289fdcf128d785b11afaa2c9c1a97bccd5cdec963cecf3163571c8dfc;b6e70bccb58e623f4e8f92fa66d783cf8f21748fa6198feccf6462c8df3e26db;2026-09-28T19:47:05.797752+00:00;false
LOC-0091;LOC-0125;WALKING;2026-08-17T07:00:00+03:00;OK;3882;65;5444;LOCAL_VALHALLA_MATRIX;024198abbdd7275d0facd092dbd7ed5d4b732fc29b56f4ded9a030a9e7f7fd64;75a7a0eb6c95379e42ba4187bedc6a50b9ba4cfea59b2f6ba6abc5c90ef5f35c;2026-09-28T19:47:05.797752+00:00;false
LOC-0091;LOC-0126;WALKING;2026-08-17T07:00:00+03:00;OK;2417;41;3401;LOCAL_VALHALLA_MATRIX;bcd85697368053bc4fc97d872563ff0703238138bc17e58e16c86a82774d8ecb;bbfb9e4e765bd32fd7fec7186cc378b28126de971501d346e57a3eee9698576c;2026-09-28T19:47:05.797752+00:00;false
LOC-0091;LOC-0128;WALKING;2026-08-17T07:00:00+03:00;OK;3959;66;5556;LOCAL_VALHALLA_MATRIX;d7be00e63cf16af229b12eba6eec836512a943d271b20d052db0096aee8464de;7e752427beea539b1be168f0378ed5554aff412ce473c042ae03b6588ea6262a;2026-09-28T19:47:05.797752+00:00;false
LOC-0091;LOC-0134;WALKING;2026-08-17T07:00:00+03:00;OK;6947;116;10899;LOCAL_VALHALLA_MATRIX;c9c8e512acecb3890007343f38191066a539dc6b60ef492ca9dfbc3806871acd;14a36641d75b4cb18a4c0338a90bf2a2c8c3db89aa1a58dd7b13dd5379a6e2cf;2026-09-28T19:47:05.797752+00:00;false
LOC-0091;LOC-0135;WALKING;2026-08-17T07:00:00+03:00;OK;6937;116;10885;LOCAL_VALHALLA_MATRIX;1d7a455f672622b5f7d42afec78b14272ab3ca9289dfd68c9fbcd7e355f4984b;15ccca706aff5b2ea483ae6c853b02d7c3c35f5869caabcb877dc87f2ed150d4;2026-09-28T19:47:05.797752+00:00;false
LOC-0091;LOC-0136;WALKING;2026-08-17T07:00:00+03:00;OK;7351;123;11459;LOCAL_VALHALLA_MATRIX;d653c4702aea27912b9b04a0506dec94d39770f703bbe99dd61adc363b80eb41;90af32514b9740554820beee60c9d5f7ebe63d8f6a54e8e9ed6f001b43f53335;2026-09-28T19:47:05.797752+00:00;false
LOC-0091;LOC-0140;WALKING;2026-08-17T07:00:00+03:00;OK;6767;113;9474;LOCAL_VALHALLA_MATRIX;3ba8e98a1e0c6d2d1a6887bc813bc0a74084e9a4f5db37ecae3dd32e9faeed2d;2ac8172b5f40e510d083ab542e7c025882379dbbd53dffb83c031946657834a1;2026-09-28T19:47:05.797752+00:00;false
LOC-0091;LOC-0141;WALKING;2026-08-17T07:00:00+03:00;OK;7444;125;10425;LOCAL_VALHALLA_MATRIX;6d7045f7e38738bccf3972ff06aabe057b01d925836ec00a5559d63ddf3a32ac;6455e47881f442f6cbbf42166bf979a0cb6597fd502110c0a2360c32f18230ac;2026-09-28T19:47:05.797752+00:00;false
LOC-0091;LOC-0142;WALKING;2026-08-17T07:00:00+03:00;OK;7525;126;10498;LOCAL_VALHALLA_MATRIX;034f1471cf7da415da73a5d133e5ee39e151b2493447640567c307a9be0ab2b0;8ba5be44ab4324db5236163cd87c51d7b7e4998a68800c5efcc716b91524f497;2026-09-28T19:47:05.797752+00:00;false
LOC-0091;LOC-0145;WALKING;2026-08-17T07:00:00+03:00;OK;1207;21;1696;LOCAL_VALHALLA_MATRIX;90dbfaff50a9e088591df4c7cb0b02bb11fda2ed6c53e51d35eb8b168e4426ec;f7ea9508874c9b28300b62ac01eb8bd481cb34a35e78edf1c56827b750d28af1;2026-09-28T19:47:05.797752+00:00;false
LOC-0091;LOC-0148;WALKING;2026-08-17T07:00:00+03:00;OK;4203;71;5850;LOCAL_VALHALLA_MATRIX;e672c6f94f2541be6b5a8ba37b73ac88861d19d8d5238f0bc75354a2167392c2;bf1f0bb12880a53771adbd203809d8d9581262b7c40805d405f475d592729303;2026-09-28T19:47:05.797752+00:00;false
LOC-0091;LOC-0149;WALKING;2026-08-17T07:00:00+03:00;OK;3960;66;5552;LOCAL_VALHALLA_MATRIX;0b0d7cf534c256d9c114602bc247b562277970193ec311fef65cb09bf29b02f8;7866cce2457d1a4671f4c5e38c60a07c48a426de0ca335c56b399614ffe60bd6;2026-09-28T19:47:05.797752+00:00;false
LOC-0091;LOC-0150;WALKING;2026-08-17T07:00:00+03:00;OK;3829;64;5370;LOCAL_VALHALLA_MATRIX;1fe8b98698499392f34c3ea90d8af928d2f4c57b37f8320861dedfaa53e8a719;842c9d8e3dc0a4e4cc1fe037c3510e70e64519143686e49e203cf23d25f5afab;2026-09-28T19:47:05.797752+00:00;false
LOC-0091;LOC-0151;WALKING;2026-08-17T07:00:00+03:00;OK;4477;75;6276;LOCAL_VALHALLA_MATRIX;b02c116ace9c35decafc0638a5a38aca714b9456466df18e23160eb52783c492;658266c61ef14ff96633ef3b4054e9d5b5a10a99a743f040ecbaa749554f7795;2026-09-28T19:47:05.797752+00:00;false
LOC-0091;LOC-0152;WALKING;2026-08-17T07:00:00+03:00;OK;4479;75;6281;LOCAL_VALHALLA_MATRIX;9fb55a7c3a607ee83521cde5784b830378104170617f6a7a22de17ba382e3993;441413ad3e7f1b4d4f4579dfa75dc9ccc8329f5e14296caf5816238b2db1fc4a;2026-09-28T19:47:05.797752+00:00;false
LOC-0091;LOC-0190;WALKING;2026-08-17T07:00:00+03:00;OK;1854;31;2598;LOCAL_VALHALLA_MATRIX;defd77bd58ccbcf5424587fa133ccb28d5629817ce027a1cb0f5337831e4f57c;978d75243b518720f77c595a2109c1c2c3eef4994e96fee0845f7bd21a0923a3;2026-09-28T19:47:05.797752+00:00;false
LOC-0091;LOC-0196;WALKING;2026-08-17T07:00:00+03:00;OK;4391;74;6136;LOCAL_VALHALLA_MATRIX;0a6c9067049a674d4a24690978fa068954c001a00715401646260880f5911bef;054b4d6cd36e40c6618906ce32d4c10d4c8217f53cf79b67d81f2b1ac8804d83;2026-09-28T19:47:05.797752+00:00;false
LOC-0092;LOC-0002;WALKING;2026-08-17T07:00:00+03:00;OK;5856;98;9350;LOCAL_VALHALLA_MATRIX;f2f15edad7542d299aa17b9b8b145eb5e038b61cfd90f6e466f3033296a81863;067c18c732b1c5fa351ac2608023a90bd8d760d410a8af80251022ee1533e64c;2026-09-28T19:47:05.797752+00:00;false
LOC-0092;LOC-0008;WALKING;2026-08-17T07:00:00+03:00;OK;1589;27;2219;LOCAL_VALHALLA_MATRIX;a2af2f7db7b4ae4646abaf82f85d3980c84f9d6fac2b19e52e57c252833a901c;5dd3fc78e0e6af5fa879e8af44ce16e505df67db5d390573ae108fb283c855e0;2026-09-28T19:47:05.797752+00:00;false
LOC-0092;LOC-0009;WALKING;2026-08-17T07:00:00+03:00;OK;7950;133;19201;LOCAL_VALHALLA_MATRIX;7451ab9769c9b1cb4785087dfef7c20c10ed7aab4b77febe3e8e787faa185e57;380faf8717b4c636d1a6f6f40372818f69264f4e505476791e4013fb14ac91e6;2026-09-28T19:47:05.797752+00:00;false
LOC-0092;LOC-0010;WALKING;2026-08-17T07:00:00+03:00;OK;1538;26;2155;LOCAL_VALHALLA_MATRIX;cd89f52ee12a01bb8a2a526acc312dbb9865a067b1721804f48df30a99711ba4;51eb9863faee6486e26f36158123953a381cfcc3b5144bd0616bb6178fbdc6e9;2026-09-28T19:47:05.797752+00:00;false
LOC-0092;LOC-0011;WALKING;2026-08-17T07:00:00+03:00;OK;1787;30;2513;LOCAL_VALHALLA_MATRIX;9454ee08e88d3d4eee2587824e504a91750f441eea6cb29afb306dc30cbdcb59;cf7ed5e34aa5dbcb0c9e5d74808d6f81911d16cbc21a4bfbf9e88d890f2c0168;2026-09-28T19:47:05.797752+00:00;false
LOC-0092;LOC-0012;WALKING;2026-08-17T07:00:00+03:00;OK;1159;20;1634;LOCAL_VALHALLA_MATRIX;301bb9f20bc162578fad52b055583d7646249f36815e83c65185429dfe136260;c9592731ad21e8c1566c9749f8554296895b06977ab7d6e0a4fc3a8e74687d3e;2026-09-28T19:47:05.797752+00:00;false
LOC-0092;LOC-0013;WALKING;2026-08-17T07:00:00+03:00;OK;6358;106;10067;LOCAL_VALHALLA_MATRIX;e33c6ebb4b7f84d2e9b94bd8c40813385fc16a0eef5304547e63dea7a795d4b3;af7145393f45c29c7a525b89728f5e639bc9dc0bf393d8f6ae53bdbea13c4642;2026-09-28T19:47:05.797752+00:00;false
LOC-0092;LOC-0016;WALKING;2026-08-17T07:00:00+03:00;OK;7044;118;9852;LOCAL_VALHALLA_MATRIX;2dd0801e9362dd6103a8df198a380235bdd9bdb62c152d6f8c78c23ecfd96739;c6a1ac1e3fc79c8f0adf22ba714049a45960f5df57e5951204169ff54ef5e21b;2026-09-28T19:47:05.797752+00:00;false
LOC-0092;LOC-0017;WALKING;2026-08-17T07:00:00+03:00;OK;4071;68;5695;LOCAL_VALHALLA_MATRIX;44d61b4a91b16352550d9d1e782970882a4412a13ef989e954c8580bca7ad7d7;ab12abbc1229c93a31c3788c144312ab89e93ab9400924929f9d6245e2784c44;2026-09-28T19:47:05.797752+00:00;false
LOC-0092;LOC-0018;WALKING;2026-08-17T07:00:00+03:00;OK;3486;59;4892;LOCAL_VALHALLA_MATRIX;588859f55de4bda241d76f00a82b50163386dd71eeb90cce9ae084981d64e14e;72e7757ea06112b0f54fef29d6fe27a8d4acca699493d4501767339a1eb7f061;2026-09-28T19:47:05.797752+00:00;false
LOC-0092;LOC-0019;WALKING;2026-08-17T07:00:00+03:00;OK;1567;27;2196;LOCAL_VALHALLA_MATRIX;15364bc85cc4e75a1e6d8b436661df618afbdd386da769a55f4480e891860b1c;157b42f51b0355a506a0e482a3041110832718c0869639bde00a946f220a2862;2026-09-28T19:47:05.797752+00:00;false
LOC-0092;LOC-0020;WALKING;2026-08-17T07:00:00+03:00;OK;837;14;1175;LOCAL_VALHALLA_MATRIX;065c0a1745c213201fdfac8316efce9e669699872856180c73c685c88a0a0936;66eeb4bc528f142c316727cc1a929a456c2940df7ddf9e60bf775aca903959dd;2026-09-28T19:47:05.797752+00:00;false
LOC-0092;LOC-0023;WALKING;2026-08-17T07:00:00+03:00;OK;2698;45;3785;LOCAL_VALHALLA_MATRIX;21c9b2f831fde2535ccae7b8e23268193939e6c54a9599e9e699a1825d54c638;8f2907081009b574fe3f4d5e969f4c02f5920ce1f684c0130bb9fae6781ccfae;2026-09-28T19:47:05.797752+00:00;false
LOC-0092;LOC-0027;WALKING;2026-08-17T07:00:00+03:00;OK;3424;58;4780;LOCAL_VALHALLA_MATRIX;7c297a536d08ba0321e765f406e91dd95dd703e2402dfb23006d2007d48dccf4;5396f27b1291732937fa747e10fa39b7519a85ca2fa89a3c98676e277b3cc2ef;2026-09-28T19:47:05.797752+00:00;false
LOC-0092;LOC-0028;WALKING;2026-08-17T07:00:00+03:00;OK;6044;101;8764;LOCAL_VALHALLA_MATRIX;e8eb6e503d5eff17b31628ab870691fd5c1cfca432b817c1c555b99212e4b121;46feae8c2d99aed230b4eb95d313e85b7bdf0d8c8ff464d88553984a00340590;2026-09-28T19:47:05.797752+00:00;false
LOC-0092;LOC-0029;WALKING;2026-08-17T07:00:00+03:00;OK;5927;99;8597;LOCAL_VALHALLA_MATRIX;2b2c3b1106c3fb2f5a5360b3b9876441753d2a68783466bf76d52bc9a7626ef6;9001271ad00e02f59ed30a51e6499fbbb9ee782b7448d5f03836646ab5424e71;2026-09-28T19:47:05.797752+00:00;false
LOC-0092;LOC-0037;WALKING;2026-08-17T07:00:00+03:00;OK;4314;72;6072;LOCAL_VALHALLA_MATRIX;8e4fef121730c47754063c10c0650934999c93385ea6f9957db18dc2a7d804b2;da746cb9e2e3618f47d63c464f88d6703aa9d5881278823c4f0719bbfbbd0a84;2026-09-28T19:47:05.797752+00:00;false
LOC-0092;LOC-0045;WALKING;2026-08-17T07:00:00+03:00;OK;5093;85;7128;LOCAL_VALHALLA_MATRIX;44926de8a4effd3a18c7c0962d4fbc8553c7b0579594152651ce4d7f1de3521b;db7116fa3ac851b99192c91868aaf2f47b7b671cae35905dea0e606dcc0e27c6;2026-09-28T19:47:05.797752+00:00;false
LOC-0092;LOC-0053;WALKING;2026-08-17T07:00:00+03:00;OK;6702;112;9355;LOCAL_VALHALLA_MATRIX;69af4cb28b2d74f2bf8070ab2ab5f1a68029f3b2aa40ea9b2c50f2937ad6fc4c;29434a19da6fe0c8879a074dc9d0d6df461732b31dd1b48967afec34207604e9;2026-09-28T19:47:05.797752+00:00;false
LOC-0092;LOC-0054;WALKING;2026-08-17T07:00:00+03:00;OK;4040;68;5684;LOCAL_VALHALLA_MATRIX;76c2a1ea42902fdbf17cac4ce6899e1baa677e89321644441bc56e3da7ebbae7;e42049f3dde84ffcc4c1b14d83d7450eb4f849d66f907c811ca624167c9eb894;2026-09-28T19:47:05.797752+00:00;false
LOC-0092;LOC-0061;WALKING;2026-08-17T07:00:00+03:00;OK;1560;26;2198;LOCAL_VALHALLA_MATRIX;08ea4fd509d39b9ed968db48d60a57b6519c007f47bdf888bde981b9c8cecb7f;8c37c8ada612749320d57ee004c89d42bf047c4d540581e5069fed2f02cc80a7;2026-09-28T19:47:05.797752+00:00;false
LOC-0092;LOC-0063;WALKING;2026-08-17T07:00:00+03:00;OK;6862;115;9572;LOCAL_VALHALLA_MATRIX;2522e9ffe7bd7255670dd061d2b4051dca0b7ad288d15e2e85cd1d4aa8efa96e;1a62ed7376799f16c7a76c55e7ef01df93197c40bf4eff5a081c60f95b4d96d4;2026-09-28T19:47:05.797752+00:00;false
LOC-0092;LOC-0064;WALKING;2026-08-17T07:00:00+03:00;OK;6380;107;8901;LOCAL_VALHALLA_MATRIX;b5d9c918b53dfb0e126d9f8e28949093970a49da848a944cdcd3467516cb267b;0032612f0b8b7072fe31b27e9aec9eb6c7292e040e4f78fa2c919fa79de696eb;2026-09-28T19:47:05.797752+00:00;false
LOC-0092;LOC-0074;WALKING;2026-08-17T07:00:00+03:00;OK;3138;53;4389;LOCAL_VALHALLA_MATRIX;98937df59cd5f039f71682d43bc64c854377a291d034f9762b8873b2eb5bd36f;dd37194342d5f6f4055b303318dde4d2298bb260cccb6105dc805131887236e4;2026-09-28T19:47:05.797752+00:00;false
LOC-0092;LOC-0075;WALKING;2026-08-17T07:00:00+03:00;OK;3442;58;4828;LOCAL_VALHALLA_MATRIX;696b4d93f54d93326628e3634d3525b7ab0d23dd6620285d7c183b073da441c7;ccb695bfac8214a8b3ed07f3e7134e1b078b3139417dc4d261004e9b1046d35f;2026-09-28T19:47:05.797752+00:00;false
LOC-0092;LOC-0076;WALKING;2026-08-17T07:00:00+03:00;OK;7230;121;13828;LOCAL_VALHALLA_MATRIX;6bc49f1766afdf9a42f9ea648fbf1545710747c9b3760d6bb16edab1ca649b7e;5abd7acc0fd705e74dbdcbca74a781f7b9a1a72b5f9b33a587127fb2522eaa69;2026-09-28T19:47:05.797752+00:00;false
LOC-0092;LOC-0078;WALKING;2026-08-17T07:00:00+03:00;OK;5646;95;7880;LOCAL_VALHALLA_MATRIX;c9a957ee09af745f79dcd25d608812a577fb05fcfa177bf51116d86096cea07b;1b1dd1b6f867552aca2b23c155567e264f252a39e99e163ad2551b9f9630b895;2026-09-28T19:47:05.797752+00:00;false
LOC-0092;LOC-0080;WALKING;2026-08-17T07:00:00+03:00;OK;3056;51;4276;LOCAL_VALHALLA_MATRIX;73e97cf44ec28422ca5d1b708ab73cdaa7e7666f76ee81090cfd80d681c61216;34d04287c99e4690a222ef93b98692027e26b8203cd24f5b2a29e942cc807342;2026-09-28T19:47:05.797752+00:00;false
LOC-0092;LOC-0082;WALKING;2026-08-17T07:00:00+03:00;OK;6470;108;9023;LOCAL_VALHALLA_MATRIX;33fb8ec74f07b899954207b2cf2675038c95f6f375fb6d288bb730a39285f327;92a97c6100094052fa18eeee048ea388dc29e4843c8c8548259af0a08847202b;2026-09-28T19:47:05.797752+00:00;false
LOC-0092;LOC-0085;WALKING;2026-08-17T07:00:00+03:00;OK;7132;119;11124;LOCAL_VALHALLA_MATRIX;17c466cefbbaf1e147e7653c3523ef6dd684422a64a6f4960a13bad091b14a9a;18466b0e6b226d5074f891416a0afd1ddf515093499bcdeb570cbd022cec608e;2026-09-28T19:47:05.797752+00:00;false
LOC-0092;LOC-0086;WALKING;2026-08-17T07:00:00+03:00;OK;7458;125;11578;LOCAL_VALHALLA_MATRIX;97758227757e6fd851c566e57c088838828d96212e040fd7c37b48e0aa8fb6f4;362b538440f58ade0bce58923b9540054b5ff9ccdfc3aee6494d1d9038b7d337;2026-09-28T19:47:05.797752+00:00;false
LOC-0092;LOC-0091;WALKING;2026-08-17T07:00:00+03:00;OK;719;12;1004;LOCAL_VALHALLA_MATRIX;00e9a4bf2c709e4a619868c11819ef488cb76098abc334fef8a8e524b95ec0ae;9c4a941131221816a04cfe97b13d8651b50035cd951b378b56315ddb93f995cc;2026-09-28T19:47:05.797752+00:00;false
LOC-0092;LOC-0092;WALKING;2026-08-17T07:00:00+03:00;OK;0;0;0;LOCAL_VALHALLA_MATRIX;990d1b98dd9acc393fb78335878822204c503a577090a3fff8db88b8d7f02a01;3d5812abc84c11768aa73a732c85d75dbed439188f5bb3239e9b762ea31d9862;2026-09-28T19:47:05.797752+00:00;false
LOC-0092;LOC-0093;WALKING;2026-08-17T07:00:00+03:00;OK;227;4;322;LOCAL_VALHALLA_MATRIX;e1eb026c493bd46fadf5883d9d711c94a99397d1cd18467313f1ea613360f503;ead130313ba3715bffdd03ea93359424b023887dee5dc2028ffeb67ae4e6c12c;2026-09-28T19:47:05.797752+00:00;false
LOC-0092;LOC-0094;WALKING;2026-08-17T07:00:00+03:00;OK;7960;133;15483;LOCAL_VALHALLA_MATRIX;509661912afddca318f40e1edef645fe5e29630b05da945ebfa8880e4d1329d8;b3afc59503bef014a3067e16f8f65fea0a2cc0d3255cc4178deb11cb7f6d87d3;2026-09-28T19:47:05.797752+00:00;false
LOC-0092;LOC-0095;WALKING;2026-08-17T07:00:00+03:00;OK;7259;121;14518;LOCAL_VALHALLA_MATRIX;5e1c98c3dd33380aa8dc7c79dc674db6fd333b46cb69c4c8237ee5254d2dcdf6;63b73c189819cd5c6388b7be41681c0f5c84afafe38ae2033be1d187d697e96f;2026-09-28T19:47:05.797752+00:00;false
LOC-0092;LOC-0102;WALKING;2026-08-17T07:00:00+03:00;OK;6547;110;9131;LOCAL_VALHALLA_MATRIX;7a4c2eb2c5b7a892a45eb40e532f437a4f4cfacf936983fe0e9fdab55d6ea3ff;224c8e57a31573e89f23d2d68abb1b9313cc4379e1be811fa20a5dab720a5c1f;2026-09-28T19:47:05.797752+00:00;false
LOC-0092;LOC-0112;WALKING;2026-08-17T07:00:00+03:00;OK;1645;28;2303;LOCAL_VALHALLA_MATRIX;90ca631c1e2bdc7470ce417c2bc1d7d7e7b5eb563c78d5d20d791adc25f0c652;f32730447cb26e598415a45391f0cacbffcab6d6c82229c113dbad79c3a8661a;2026-09-28T19:47:05.797752+00:00;false
LOC-0092;LOC-0124;WALKING;2026-08-17T07:00:00+03:00;OK;8209;137;19601;LOCAL_VALHALLA_MATRIX;85dac354c7aaa3c76544d75b5b5ab56618e90e3d7951a0ce575013f68201a933;992e2c03b19af6e7143def8db681a9cf28f714c96b9328eb098887f8f3724c81;2026-09-28T19:47:05.797752+00:00;false
LOC-0092;LOC-0125;WALKING;2026-08-17T07:00:00+03:00;OK;3221;54;4519;LOCAL_VALHALLA_MATRIX;fd552c9bbab62827579fadc98e044c0df186ece17c13407856b2932851e603a8;d5401b9f7f6660509b1bf35324f3256cd8ee0dafe26211aa3a02e8fd8990141e;2026-09-28T19:47:05.797752+00:00;false
LOC-0092;LOC-0126;WALKING;2026-08-17T07:00:00+03:00;OK;2042;35;2874;LOCAL_VALHALLA_MATRIX;45070c7a342f4073fabceae603b4f4ad5394c87da4d4569021873e9166380095;3631e4f1659a7a36f6bd32268821089ebd579deff81a0dd15b772758233f70da;2026-09-28T19:47:05.797752+00:00;false
LOC-0092;LOC-0128;WALKING;2026-08-17T07:00:00+03:00;OK;4295;72;6035;LOCAL_VALHALLA_MATRIX;c2e386647bda0e7fcceb9ddf1a01ce9c158bda41cf8773f2ddaf9ddab3352948;174a34119c0d65d877a14990cc54fda364dab14eb2dbe7ac43646243351c29bd;2026-09-28T19:47:05.797752+00:00;false
LOC-0092;LOC-0134;WALKING;2026-08-17T07:00:00+03:00;OK;6078;102;9671;LOCAL_VALHALLA_MATRIX;948ca8e4eda456cedc9f2ff7ea42ab86f7536ecb010bcbec277fd109904d2c44;31ae196a33ca41c98d6f387e57bf3820d34ab722240a6531a6ebfe20aa3a50c7;2026-09-28T19:47:05.797752+00:00;false
LOC-0092;LOC-0135;WALKING;2026-08-17T07:00:00+03:00;OK;6068;102;9657;LOCAL_VALHALLA_MATRIX;92d5584a38ce427ec9650a1703afcedb22a1aa2fe1677dc939760d19f815f614;77d620b826febe5b47c9686806ac38b1255cd3e00a22ffebfb3982d412e834fc;2026-09-28T19:47:05.797752+00:00;false
LOC-0092;LOC-0136;WALKING;2026-08-17T07:00:00+03:00;OK;6483;109;10231;LOCAL_VALHALLA_MATRIX;376d58218aa3c337dff47a270dd5c18f5eec41778e53f47935c7382b77640fe3;57f6d0cfcd93ea1c293dab8d29d640f41ebeed51a970e69f87598ffb0737b227;2026-09-28T19:47:05.797752+00:00;false
LOC-0092;LOC-0140;WALKING;2026-08-17T07:00:00+03:00;OK;7068;118;9888;LOCAL_VALHALLA_MATRIX;b461feb232bc30effb2d6d1cbf5b5d43f56531315d509cb18c60d48cf2a4c46e;d6ec6967fefeb1e6f8ba38b0d77f1293434c5ea1df176d2bdb46aff66e21857d;2026-09-28T19:47:05.797752+00:00;false
LOC-0092;LOC-0141;WALKING;2026-08-17T07:00:00+03:00;OK;6878;115;9629;LOCAL_VALHALLA_MATRIX;fb5b6e76700f00926ec96f37734831e8fc5144a7899f00c23deaf6346f0880b9;bc962e88c9ace3dbe9166ae4601ef2f53fd0ca3255a0db467ae062a7b608d63f;2026-09-28T19:47:05.797752+00:00;false
LOC-0092;LOC-0142;WALKING;2026-08-17T07:00:00+03:00;OK;6959;116;9702;LOCAL_VALHALLA_MATRIX;daa45660f681dda347bdfc38ddf75388b0925e6658f4b73ad492eca55d85e0a0;5effb6244f849fe110e5b442463e06c013ccebf25ea145fe106aa7159b882f6f;2026-09-28T19:47:05.797752+00:00;false
LOC-0092;LOC-0145;WALKING;2026-08-17T07:00:00+03:00;OK;920;16;1293;LOCAL_VALHALLA_MATRIX;99f6ee64d4779e463862988255f6e99a04aaf875199acb7a84f795aee5cce7c7;2ea1b001c45b1c7bace5b32d3d1a8f4f1abc3745575be51c1b30188c1c3bc03f;2026-09-28T19:47:05.797752+00:00;false
LOC-0092;LOC-0148;WALKING;2026-08-17T07:00:00+03:00;OK;3555;60;4987;LOCAL_VALHALLA_MATRIX;4d0386e0b4274f88e7efd35947417beb467677ebd96a7f40998646ba73278093;fefd4d30908d5b03f79b9e3322917be8c2ee0ae70c697b3079fbaf9068dbbc0d;2026-09-28T19:47:05.797752+00:00;false
LOC-0092;LOC-0149;WALKING;2026-08-17T07:00:00+03:00;OK;3457;58;4840;LOCAL_VALHALLA_MATRIX;e5c3f37760877586dd893ba8679cda68acebe21b94bfa6dae93148e59a42b61d;6a33e277474fe52fae3491f36518df977b8d17de2101e9a9caf11c2f65a6c5a9;2026-09-28T19:47:05.797752+00:00;false
LOC-0092;LOC-0150;WALKING;2026-08-17T07:00:00+03:00;OK;3355;56;4680;LOCAL_VALHALLA_MATRIX;ba05cca54695e0dd9aee81ddd232e575cff9e1f65b20fb26ba1f1abf64e30a49;158177d1c12b2ecf533346763766e8e18f9cc9050cfcfdc7296f2430a4ec01cc;2026-09-28T19:47:05.797752+00:00;false
LOC-0092;LOC-0151;WALKING;2026-08-17T07:00:00+03:00;OK;3911;66;5480;LOCAL_VALHALLA_MATRIX;dd21eac8d2fe3a2a1a9d67579e2d8a1b0dec55691d9a790738aba22d5a9b3095;847192ad6d1dff896029d8e10124845811a40ecb8ec4f18d02f69d1a3bbe131d;2026-09-28T19:47:05.797752+00:00;false
LOC-0092;LOC-0152;WALKING;2026-08-17T07:00:00+03:00;OK;3914;66;5485;LOCAL_VALHALLA_MATRIX;9f986d9acce61029f4710c41820ba0cea568a8ed271b94f39e7ebb632562842e;4b2aca1917818a2edee7bf3ce92ec74ca6c702ce20893f6c5bb26eec28ea295f;2026-09-28T19:47:05.797752+00:00;false
LOC-0092;LOC-0190;WALKING;2026-08-17T07:00:00+03:00;OK;2104;36;2956;LOCAL_VALHALLA_MATRIX;b8444e0514665d2475202a0029cae84b99709af515d9031cd769b509897bf441;1ee332a1bb6f8ef4f66c68bef22dd2b0e009279ad691eb15494b65f9d1f3ee6a;2026-09-28T19:47:05.797752+00:00;false
LOC-0092;LOC-0196;WALKING;2026-08-17T07:00:00+03:00;OK;3788;64;5294;LOCAL_VALHALLA_MATRIX;81c5f4c324c0b1464f4451521bda12e434c979c59dce9acc462427a9cba51617;389f49fb0d762ab4a58b97fed71e917b2dcc7e289f9d1e248eed537d25c636f7;2026-09-28T19:47:05.797752+00:00;false
LOC-0093;LOC-0002;WALKING;2026-08-17T07:00:00+03:00;OK;5715;96;9155;LOCAL_VALHALLA_MATRIX;72377f1602472107a55c51184fe3c56e2ae2d0b2a6c89a94b788ecda173aa968;81e835ee2477614dd2a26ab5158829b44c07c67bfc0b3c8201fe351cb9ddb1c2;2026-09-28T19:47:05.797752+00:00;false
LOC-0093;LOC-0008;WALKING;2026-08-17T07:00:00+03:00;OK;1665;28;2325;LOCAL_VALHALLA_MATRIX;e3eba30792e90baab3ccdbdece39ec1676424196dc2a8579fe7c6ec67f5f451a;e55f393f1d2de40d7ed336e808e6a7edda7cd353d8a66714cee9a38a30813eea;2026-09-28T19:47:05.797752+00:00;false
LOC-0093;LOC-0009;WALKING;2026-08-17T07:00:00+03:00;OK;7809;131;19006;LOCAL_VALHALLA_MATRIX;097d31123c2b41095ba38658f3c0e0306f00cd4f4bb9d767ed7ce7feee87918a;a5805593a1ea79dbd7fc4b82af4ac4da2bac6e307e3da28900750f695113cef1;2026-09-28T19:47:05.797752+00:00;false
LOC-0093;LOC-0010;WALKING;2026-08-17T07:00:00+03:00;OK;1681;29;2358;LOCAL_VALHALLA_MATRIX;cda390449ded1dad485ce1b20e5a73a937dabb182f122404990b5f5801bbf54a;4e42021e5780d9c0053d1517266510e516d75f1f965e2fa6f990a37dc0947319;2026-09-28T19:47:05.797752+00:00;false
LOC-0093;LOC-0011;WALKING;2026-08-17T07:00:00+03:00;OK;1863;32;2619;LOCAL_VALHALLA_MATRIX;065bc7e56676a416364ba08175c01221dbdfc3e2bc22718473ebf291f7a88cf2;ce4959ba9910976c5bb71649490464df50edd272e807015066ac371a3c6f74a1;2026-09-28T19:47:05.797752+00:00;false
LOC-0093;LOC-0012;WALKING;2026-08-17T07:00:00+03:00;OK;1235;21;1740;LOCAL_VALHALLA_MATRIX;0d037ec9d266484a611fc2d6d5cc4084509318cf2c6488685084fdba6f49c62a;f94f8ff14ed00f61fdc57bd943c751147647bb30d3bac30673f88a64d98b0e49;2026-09-28T19:47:05.797752+00:00;false
LOC-0093;LOC-0013;WALKING;2026-08-17T07:00:00+03:00;OK;6217;104;9872;LOCAL_VALHALLA_MATRIX;45a2fdf7209849ccbf038fed8fe4d5bf02b1fb7db95b773e2a3f88dd8cd3f58c;eddb667ae1fe66c911f060ab300d362e4bbe5af1656bc5c90cfbe384a2ac1781;2026-09-28T19:47:05.797752+00:00;false
LOC-0093;LOC-0016;WALKING;2026-08-17T07:00:00+03:00;OK;6936;116;9703;LOCAL_VALHALLA_MATRIX;778601c130ebcbb48d0f4a4a937c8b6d2a6e74c67fa61127d68894cf7dee3a72;3f76d6301f5cdb5d7f6d6875cd268a17f6ce969fb6544e875b79f99bcccf6325;2026-09-28T19:47:05.797752+00:00;false
LOC-0093;LOC-0017;WALKING;2026-08-17T07:00:00+03:00;OK;3976;67;5562;LOCAL_VALHALLA_MATRIX;75dba19ed05af6b218b6280187eeb868285bb6d32285d078fd9c7de8b7f69392;ad754a73929166746f9a22618e348812364321e96f65b927b4bd1c72067da5a5;2026-09-28T19:47:05.797752+00:00;false
LOC-0093;LOC-0018;WALKING;2026-08-17T07:00:00+03:00;OK;3396;57;4763;LOCAL_VALHALLA_MATRIX;70fb3eaaef2b0f6e0425899f90401c656ceb135382cedbe8803a73028b6b9e12;877d2fc76377a0a357c3adff511c6d7176b6d081e70391d221107dc12dfd3a7e;2026-09-28T19:47:05.797752+00:00;false
LOC-0093;LOC-0019;WALKING;2026-08-17T07:00:00+03:00;OK;1782;30;2503;LOCAL_VALHALLA_MATRIX;fd8d02abd1dbf4adccb082863beecb437b89bb512338fc7bbc40e7c08536ce38;e7e430394a078e09cbeb65f75e8942ce6cb9738be39d69ef8eb08640874f2138;2026-09-28T19:47:05.797752+00:00;false
LOC-0093;LOC-0020;WALKING;2026-08-17T07:00:00+03:00;OK;1027;18;1444;LOCAL_VALHALLA_MATRIX;f327c6fc4bf5314b5486ed7e3c4cba004f8745e755adb908bb257671d8f85a27;9ebfc2b42814a2f9902b4009fe4d4812f453aae2bcef2300958ad047751a7fff;2026-09-28T19:47:05.797752+00:00;false
LOC-0093;LOC-0023;WALKING;2026-08-17T07:00:00+03:00;OK;2608;44;3656;LOCAL_VALHALLA_MATRIX;446dcdeb0b59f3286a2493637b4f72eb1e5577d2654d1af71a56cb918126d1a6;137d76073cffa1fb653728fe2c44a67c0ba1b82dbb6fcc9e47a61ed9623431f2;2026-09-28T19:47:05.797752+00:00;false
LOC-0093;LOC-0027;WALKING;2026-08-17T07:00:00+03:00;OK;3314;56;4625;LOCAL_VALHALLA_MATRIX;ec2c02a774949810fd2b02bdbfd9d0850de3b7271843ee9ffadeb871cdea1824;ea391d8e1c9b33c240d32587d13fc918083fd395afbb914b538f7be560ba4d60;2026-09-28T19:47:05.797752+00:00;false
LOC-0093;LOC-0028;WALKING;2026-08-17T07:00:00+03:00;OK;5904;99;8569;LOCAL_VALHALLA_MATRIX;9b1a8012f202a0f8bc4f439ee1f88406574a0aa7b10973b9997dd3307afe8c61;d838abe8801e4cf99b5f9dc871fe27e160f0565b1a4cf07c870b5c65655a9efa;2026-09-28T19:47:05.797752+00:00;false
LOC-0093;LOC-0029;WALKING;2026-08-17T07:00:00+03:00;OK;5786;97;8402;LOCAL_VALHALLA_MATRIX;c1944b87f28d952dac2c72224ee0e09616745e9046c9a07d0e506ed226753991;23ce774ba469bbe6812c35f6cb89bc6b5eab27bec657b98b4aa865f36a9f395b;2026-09-28T19:47:05.797752+00:00;false
LOC-0093;LOC-0037;WALKING;2026-08-17T07:00:00+03:00;OK;4223;71;5944;LOCAL_VALHALLA_MATRIX;2dfc1634b6cc53e94638f4b823a09a631b8c9bc95acff67f983154dc66f59f28;77a14ab09dc32e9965f54e4b74b264a2ff3f313e392dc511b52b0eb2910831eb;2026-09-28T19:47:05.797752+00:00;false
LOC-0093;LOC-0045;WALKING;2026-08-17T07:00:00+03:00;OK;4985;84;6979;LOCAL_VALHALLA_MATRIX;f4cbcca647dafcf9adce6b696b81622a3c6b54e467e17081671e6ede0f3e73a8;fe05ca90e1c74980ea1ee23ac0bff726ff9755c1e834b2ce959a28d079c5801d;2026-09-28T19:47:05.797752+00:00;false
LOC-0093;LOC-0053;WALKING;2026-08-17T07:00:00+03:00;OK;6594;110;9206;LOCAL_VALHALLA_MATRIX;84572e10d5accb77c744072eb7ad3f46d838646c865ef3ae61b3d293302af8b4;6a7e776a15b38174944ef7b62fb747fa14d1b5abee271e5b1e5ed231c4b86f82;2026-09-28T19:47:05.797752+00:00;false
LOC-0093;LOC-0054;WALKING;2026-08-17T07:00:00+03:00;OK;3949;66;5556;LOCAL_VALHALLA_MATRIX;89351451dd7b983761b750ba33eb6f8815eff018632e7eccc3ddb769d4937261;7c74eb4e5f87a943df6cdfbe594277549a1e9af6e8162426eed371ac2f3ea744;2026-09-28T19:47:05.797752+00:00;false
LOC-0093;LOC-0061;WALKING;2026-08-17T07:00:00+03:00;OK;1494;25;2108;LOCAL_VALHALLA_MATRIX;59aed6a4799a67e934e0443777abf8c6b785a26395948a99eb59f55484873ba3;b70c886cfe12fe2eb2bc5ec4245c5bdc76f9af229d92d15bfcfc4b0541f6bce5;2026-09-28T19:47:05.797752+00:00;false
LOC-0093;LOC-0063;WALKING;2026-08-17T07:00:00+03:00;OK;6754;113;9423;LOCAL_VALHALLA_MATRIX;8a486c230e3fc1d553e8e08a01b070226a33711625c41bbba22bffa0480edc72;22e367a6376c2a446906bd8e08c720c77cc2c0263ce67e3cbe5e647dfe3dfc9a;2026-09-28T19:47:05.797752+00:00;false
LOC-0093;LOC-0064;WALKING;2026-08-17T07:00:00+03:00;OK;6272;105;8752;LOCAL_VALHALLA_MATRIX;ac83c4da7fb830b24e77015ee6e313b0d8e2548a7dcf0f0b97b83cf6775693af;54b2267b1b4e971614c98e4d1c78bb5f293b41f658363c40a30367653da1f473;2026-09-28T19:47:05.797752+00:00;false
LOC-0093;LOC-0074;WALKING;2026-08-17T07:00:00+03:00;OK;3030;51;4240;LOCAL_VALHALLA_MATRIX;e36d9489ddee8c9920692eab42e7e3999db1c7936598255ebe9b447d4cd2085e;b0b475a174c732cc5d448ee51f69e0c59f8b9d9b20194e6090eecd047141e929;2026-09-28T19:47:05.797752+00:00;false
LOC-0093;LOC-0075;WALKING;2026-08-17T07:00:00+03:00;OK;3348;56;4695;LOCAL_VALHALLA_MATRIX;4ec6f1f2cf0c9838c037f52dfb7ec5089b1baaa94596a5aeaf2c12361a687f4f;7686e722e439fd9d7badf14055c6d120456e493d3ebd7c6a7c425df7a53ba758;2026-09-28T19:47:05.797752+00:00;false
LOC-0093;LOC-0076;WALKING;2026-08-17T07:00:00+03:00;OK;7089;119;13633;LOCAL_VALHALLA_MATRIX;23b94cbd803a085e035d1d348befdb04b533c44736c0fb80051eeca9274d309e;e045b3ecfd353929f1c6059f9a9ba050b7084ec428edd635e0936e1206177f06;2026-09-28T19:47:05.797752+00:00;false
LOC-0093;LOC-0078;WALKING;2026-08-17T07:00:00+03:00;OK;5538;93;7731;LOCAL_VALHALLA_MATRIX;dcb6f5003226c78653170fa45b23a3d7dd1f6b338b05a3dbaf1c02d322294bc4;dee42dcff00e1a46dc27eb43c4a1dd8269920e0012ec2316780710c504229cf4;2026-09-28T19:47:05.797752+00:00;false
LOC-0093;LOC-0080;WALKING;2026-08-17T07:00:00+03:00;OK;2960;50;4142;LOCAL_VALHALLA_MATRIX;60cccbb05dbf0eb6cc974ee6e49866f385cc2017ae334cd8c1988d84a8db5fed;18e858c63ac5f77e0151012a22a32bf24e4b7afda5f53969f80b884cd6dbebfe;2026-09-28T19:47:05.797752+00:00;false
LOC-0093;LOC-0082;WALKING;2026-08-17T07:00:00+03:00;OK;6362;107;8874;LOCAL_VALHALLA_MATRIX;83673b8e779438adca85f0588d3177f189f3dc7f744acab10e6c4b70bbf82a42;3a0374005b09b69bd934f93a55ef44d05342984f77e1c4f0574b98344894b0e5;2026-09-28T19:47:05.797752+00:00;false
LOC-0093;LOC-0085;WALKING;2026-08-17T07:00:00+03:00;OK;6572;110;10363;LOCAL_VALHALLA_MATRIX;55011482161c1ed309b5c6820d7f621d3acff5cb6e037fa85e6eb330bd65c663;61ac632861d63a02cb8496f35d431b679802d7f1bf4e3812a2933cd6476a7a68;2026-09-28T19:47:05.797752+00:00;false
LOC-0093;LOC-0086;WALKING;2026-08-17T07:00:00+03:00;OK;6651;111;10471;LOCAL_VALHALLA_MATRIX;963ce5a924cc96103c809d97f67f432ae5478ffad0fbededede20a91e6253aa1;3c06c78d728c01d4233e9a541e6c44f322b68ae4edbac8556a85c40e5db9e922;2026-09-28T19:47:05.797752+00:00;false
LOC-0093;LOC-0091;WALKING;2026-08-17T07:00:00+03:00;OK;919;16;1293;LOCAL_VALHALLA_MATRIX;4915c13f5c6372b764729f6022bbf616af6916e6e55540be085948d7ec91068b;04a0a9e0232b43e8296844070834a9c0eb24eebd3f367e7048d252b5802c6ce4;2026-09-28T19:47:05.797752+00:00;false
LOC-0093;LOC-0092;WALKING;2026-08-17T07:00:00+03:00;OK;227;4;322;LOCAL_VALHALLA_MATRIX;075056ed44fc91da0243b543fc283d0f92cc8e6f3ba4b6f4b8816a07d6410411;ead130313ba3715bffdd03ea93359424b023887dee5dc2028ffeb67ae4e6c12c;2026-09-28T19:47:05.797752+00:00;false
LOC-0093;LOC-0093;WALKING;2026-08-17T07:00:00+03:00;OK;0;0;0;LOCAL_VALHALLA_MATRIX;5d72597a14409e45914e94b5842fa0867ebcaf2dc343c1ed31d3f438940d1162;3d5812abc84c11768aa73a732c85d75dbed439188f5bb3239e9b762ea31d9862;2026-09-28T19:47:05.797752+00:00;false
LOC-0093;LOC-0094;WALKING;2026-08-17T07:00:00+03:00;OK;7401;124;14722;LOCAL_VALHALLA_MATRIX;3061e2a30e2d65c77ddad485b352d81c3a41bc7881d018aa1fe38beae1649976;e560fbed71c38f3aad9637966ec0a181f2425bc7e5f64176967427d7d46093fe;2026-09-28T19:47:05.797752+00:00;false
LOC-0093;LOC-0095;WALKING;2026-08-17T07:00:00+03:00;OK;7118;119;14323;LOCAL_VALHALLA_MATRIX;925371ebc266551dd74bda3b929d110e6f0bb3bb3b17bca2f97fb4e8ea1e0b3a;987d342d55c52dbcc4c6ca0c468f2bbc0967b1b96f3f88f8b1588537b5400f29;2026-09-28T19:47:05.797752+00:00;false
LOC-0093;LOC-0102;WALKING;2026-08-17T07:00:00+03:00;OK;6438;108;8982;LOCAL_VALHALLA_MATRIX;fffac71320a49e9858d3e231968fe6f4ac152632e225b0b0c0076033acff9110;bf7c3966f94f94691bbffb4275b5150793595dd25fcbe80dee8508e28ecf386d;2026-09-28T19:47:05.797752+00:00;false
LOC-0093;LOC-0112;WALKING;2026-08-17T07:00:00+03:00;OK;1535;26;2148;LOCAL_VALHALLA_MATRIX;111909f8378342f0880b9de6719a71d90758382d1c0cad54a76384204cb219c3;d64ead1357944f58f60fdafc4fd0f0efa98dbed16586b38ff2e8b88fefec87c3;2026-09-28T19:47:05.797752+00:00;false
LOC-0093;LOC-0124;WALKING;2026-08-17T07:00:00+03:00;OK;8068;135;19406;LOCAL_VALHALLA_MATRIX;55ddc36ddb817d0675a624e8252bd436824d0e243559475c7bde182f2118f4ae;9dd8372348bff04154a4c91e4cc0dd679549fe039dc9af8d4e01a5e26436281f;2026-09-28T19:47:05.797752+00:00;false
LOC-0093;LOC-0125;WALKING;2026-08-17T07:00:00+03:00;OK;3131;53;4390;LOCAL_VALHALLA_MATRIX;9e7ace4c611b1d11ba0f519eef176086eb7d74a1f3fc1f38ff6569e1a688098b;462410970ab6563d0b1353c657de12d009fb137d2d0c96f54c522aae7a23cfbf;2026-09-28T19:47:05.797752+00:00;false
LOC-0093;LOC-0126;WALKING;2026-08-17T07:00:00+03:00;OK;1901;32;2679;LOCAL_VALHALLA_MATRIX;cdcc04b3357f717372dae8636275a4d3e501f2b4201b88a89ed0aac887306a15;9388dc7886fc32183317db4f1a0962357cf47d7fce6a377775b4a3512ed970d9;2026-09-28T19:47:05.797752+00:00;false
LOC-0093;LOC-0128;WALKING;2026-08-17T07:00:00+03:00;OK;4200;70;5911;LOCAL_VALHALLA_MATRIX;342c9e6ff7a6b77b6cdd5f23095a179a3beec666fdd14f282cc95dc16b27ab53;2813a87481f3cf45b559d033edcc742dd1d57b541cf1c196d18729f097c61d66;2026-09-28T19:47:05.797752+00:00;false
LOC-0093;LOC-0134;WALKING;2026-08-17T07:00:00+03:00;OK;5937;99;9476;LOCAL_VALHALLA_MATRIX;2583b2a86894271ee64407ad24a43fa13a54bb877b0b0cdf8fccdc1901ec4a46;1fed4c20157df393928119ceb50d960741dbd91a264008e248714d6e7818e94f;2026-09-28T19:47:05.797752+00:00;false
LOC-0093;LOC-0135;WALKING;2026-08-17T07:00:00+03:00;OK;5928;99;9462;LOCAL_VALHALLA_MATRIX;c671f2291ff174618284697bb2a5f2e441416363e4a0e1f5e092015be41fe786;2ddbfed01e5659941ff9e33cdc18a6c88dc1a029cc22042d67ea9945fa50dc35;2026-09-28T19:47:05.797752+00:00;false
LOC-0093;LOC-0136;WALKING;2026-08-17T07:00:00+03:00;OK;6342;106;10036;LOCAL_VALHALLA_MATRIX;44cff030499b4e3d92b1baa3a9bbdee53060d072b4f95f493d035f68357d829d;6311a7b5c59fabd76112d1d8a288b1d79c3a383869e7b9c2dd553d58129a4d19;2026-09-28T19:47:05.797752+00:00;false
LOC-0093;LOC-0140;WALKING;2026-08-17T07:00:00+03:00;OK;6960;116;9739;LOCAL_VALHALLA_MATRIX;413f944538fef648a780282d8d2e5436ab3ce67d9b3e06994c24f0bdd8737e67;74ed7047fb9d59d9d502c548f42fc730acb8d72d5b68c0dba21d6a9b33160aa1;2026-09-28T19:47:05.797752+00:00;false
LOC-0093;LOC-0141;WALKING;2026-08-17T07:00:00+03:00;OK;6783;114;9495;LOCAL_VALHALLA_MATRIX;901deccec4eeec386354a22d5f993e768945189e28f9287f49d45ac97d11180e;19d8ca1d0edb4ef4938dd6582c6b533450a5706563399375d8656705078d2b49;2026-09-28T19:47:05.797752+00:00;false
LOC-0093;LOC-0142;WALKING;2026-08-17T07:00:00+03:00;OK;6864;115;9568;LOCAL_VALHALLA_MATRIX;bb58d9d2a1451b6712713c353bf5bc8cbe05be1aa723e48be6368512683c1a67;c13ae814aea07f76853b911934b2e1ce92f71104f87785004da464e34b200ae3;2026-09-28T19:47:05.797752+00:00;false
LOC-0093;LOC-0145;WALKING;2026-08-17T07:00:00+03:00;OK;1110;19;1562;LOCAL_VALHALLA_MATRIX;d5485565c32ae2d14e7f19e0721e0c56db7515a8d55f7692939def33a6f0407a;440155b0972461a0a994069582f9483fcaff39e5d6e449b97129b6a3ff535aeb;2026-09-28T19:47:05.797752+00:00;false
LOC-0093;LOC-0148;WALKING;2026-08-17T07:00:00+03:00;OK;3459;58;4853;LOCAL_VALHALLA_MATRIX;85091b387bf42e3d5da25ff7cb82dde41d36e6c2ffc11a5757a6f63aa59e9baf;f3a376799af14a2ee09b14cd0be520c17e2509f8187ba5d6b1739fde801e0433;2026-09-28T19:47:05.797752+00:00;false
LOC-0093;LOC-0149;WALKING;2026-08-17T07:00:00+03:00;OK;3371;57;4703;LOCAL_VALHALLA_MATRIX;71f3eade10b2585e1863a9982d13302d2ec5f8b9af8c03dcaee218595eb78e0c;9d414dd8867f604210af46121e108ec6dc38338b30d11bbc2a9d0d5144d7e8b8;2026-09-28T19:47:05.797752+00:00;false
LOC-0093;LOC-0150;WALKING;2026-08-17T07:00:00+03:00;OK;3247;55;4531;LOCAL_VALHALLA_MATRIX;21d929d0773e89457c063738bafb926ebf72a69b6e4126115c7db2a796328920;6cc2b856b5a4cb2b661d449e51184ef05c54e16f9c2124bb8adafdac2e9555b6;2026-09-28T19:47:05.797752+00:00;false
LOC-0093;LOC-0151;WALKING;2026-08-17T07:00:00+03:00;OK;3815;64;5346;LOCAL_VALHALLA_MATRIX;a0fafc206ad6f28007d2f468b8d05b529e9d38215969578afbf94837befd0063;88450d8a66c4152186dfdaf950c44bb27e8316de1ecaed365109d5e98538b4a9;2026-09-28T19:47:05.797752+00:00;false
LOC-0093;LOC-0152;WALKING;2026-08-17T07:00:00+03:00;OK;3818;64;5351;LOCAL_VALHALLA_MATRIX;bc6e39c0a77327d113373f2ab414326f53e927e021f3f3cdf337653847a802a2;85f1cbf8dc483575aac591b58af5a1ce3af19a95e94da2131fe45d6625316ad6;2026-09-28T19:47:05.797752+00:00;false
LOC-0093;LOC-0190;WALKING;2026-08-17T07:00:00+03:00;OK;1988;34;2791;LOCAL_VALHALLA_MATRIX;2a21da20cf4cc882055278189a538737c32cbcbf0aba98c51c7fcff4d11d269a;9ec4ca15bf57448eac644db0f3293956eee5c4fb7098464552bc4bfb9c706fab;2026-09-28T19:47:05.797752+00:00;false
LOC-0093;LOC-0196;WALKING;2026-08-17T07:00:00+03:00;OK;3698;62;5165;LOCAL_VALHALLA_MATRIX;700f9c006e0b05f81052fee091d0ba42dfd1c0b8a43b01ba4d219db8b632e9c3;1dcec9169cf9e25d6643da645fff397db100f51e1a7b3370105be8b3e4ef3f11;2026-09-28T19:47:05.797752+00:00;false
LOC-0094;LOC-0002;WALKING;2026-08-17T07:00:00+03:00;OK;1534;26;2152;LOCAL_VALHALLA_MATRIX;d5264c66d2a52ee9491d627e53468201cb59c56a51660e7becc0870c4b1cd3b6;1fe22513e99a576bb4fd0e63014f7496ae13dcff365df810a37f484c228cf459;2026-09-28T19:47:05.797752+00:00;false
LOC-0094;LOC-0008;WALKING;2026-08-17T07:00:00+03:00;OK;5758;96;8093;LOCAL_VALHALLA_MATRIX;946ca85a8e26a66438e1145b6f672db68af30c0fbce1dc8e3bfff200fc450d3c;50c9107a954b01f78894d757c912dc6e5f73c9f1de76881943a78a51cb72c0f0;2026-09-28T19:47:05.797752+00:00;false
LOC-0094;LOC-0009;WALKING;2026-08-17T07:00:00+03:00;OK;6834;114;19218;LOCAL_VALHALLA_MATRIX;368d2033dd00db1bc24116343793d74fc0c298c80af462613170b96afc2933da;574af38d60f20cb30432410cf6088e8bf9830857a050d14a1cc4f066e0529c1e;2026-09-28T19:47:05.797752+00:00;false
LOC-0094;LOC-0010;WALKING;2026-08-17T07:00:00+03:00;OK;6374;107;8954;LOCAL_VALHALLA_MATRIX;5a1c0afc19d38bdda9fd77d2e0a74977a900e7e5a4940f6b5e2ece79c10c021b;74fbc541da675ba104134d27afcdfd53d7e9b5b64cdbc147f9097c4e837e55ca;2026-09-28T19:47:05.797752+00:00;false
LOC-0094;LOC-0011;WALKING;2026-08-17T07:00:00+03:00;OK;5134;86;7212;LOCAL_VALHALLA_MATRIX;d62dcf0c4620a39bc00abb4a3206e23f668bafe14a248ce6feac1d9e17c291d5;c4f46c94bea2fbed400b91b6eb9d9d211c65b4cdb1a9424c68bad1a083c5ed3a;2026-09-28T19:47:05.797752+00:00;false
LOC-0094;LOC-0012;WALKING;2026-08-17T07:00:00+03:00;OK;5385;90;7574;LOCAL_VALHALLA_MATRIX;b5be8753e5a547808557ccf51b2da70cae3a838d6c4bd7527044b2c0c348e8a6;bb6cb461f2e8aa2003b7850648472c09aba4c71b212853dddc63e922c13ca0f8;2026-09-28T19:47:05.797752+00:00;false
LOC-0094;LOC-0013;WALKING;2026-08-17T07:00:00+03:00;OK;1390;24;1953;LOCAL_VALHALLA_MATRIX;e0392737675f44e163a59eae2db57ea8759848f784b362d938127adbd1c227fe;b0d26f9f89133f96b2c394ca2499ed175ce10da03b4b36d6cd64256627f943bd;2026-09-28T19:47:05.797752+00:00;false
LOC-0094;LOC-0016;WALKING;2026-08-17T07:00:00+03:00;OK;5834;98;9899;LOCAL_VALHALLA_MATRIX;00615623d03487f95e0fa936c0a0b777eb86e45b72856fae141537d923c556f4;58507599832e537509cf24e7b09cf5e0af6b6a6d9f6c45c6fa72d52bd94016f2;2026-09-28T19:47:05.797752+00:00;false
LOC-0094;LOC-0017;WALKING;2026-08-17T07:00:00+03:00;OK;8240;138;23342;LOCAL_VALHALLA_MATRIX;c2415fa7735dd37a86ed74dd42e3dc944a13fd2e060ad67c9d595af91037ee07;c01f4b78e355e84061dbfc0814439df1f5685d120ceebc6428b09c32f1ddd83d;2026-09-28T19:47:05.797752+00:00;false
LOC-0094;LOC-0018;WALKING;2026-08-17T07:00:00+03:00;OK;6854;115;10735;LOCAL_VALHALLA_MATRIX;d4d6ef6751d66accaf7a6b17c3563fd921710bcb3210ad44c0a309f7f30771c9;ea0f31ac4f4c1b6839011ed23658348be56cf2e2428ad2ebeae19be16136b5d6;2026-09-28T19:47:05.797752+00:00;false
LOC-0094;LOC-0019;WALKING;2026-08-17T07:00:00+03:00;OK;6419;107;9046;LOCAL_VALHALLA_MATRIX;73989cdabbe8ea2064e913bacac9f7f1b51c685a6ad8bfebc0d9708efe445eaa;9a01b9095bdc28f33a3fdabda8c691aafeea707d9fcd57b9130cbe5093db6273;2026-09-28T19:47:05.797752+00:00;false
LOC-0094;LOC-0020;WALKING;2026-08-17T07:00:00+03:00;OK;9012;151;13747;LOCAL_VALHALLA_MATRIX;f94abd323203f0c434b3b34c68fc7daee958e7e7fa07c5f2053c32736aacaf53;287cd0ab93b8e24a84051c6260462e50168126203fc96b92e57f8eaaf3831e4b;2026-09-28T19:47:05.797752+00:00;false
LOC-0094;LOC-0023;WALKING;2026-08-17T07:00:00+03:00;OK;7922;133;12247;LOCAL_VALHALLA_MATRIX;ed3806dfb9437c19e9804fe3c76fecb2f3c5d48ffb7a28e2e150729dc090d99f;4b71a7d4f749e582726933db4aab055c2da5ffda834cf7e86f0e4a5e361bdc34;2026-09-28T19:47:05.797752+00:00;false
LOC-0094;LOC-0027;WALKING;2026-08-17T07:00:00+03:00;OK;4921;83;8045;LOCAL_VALHALLA_MATRIX;5a74ef84e4b6fdbe18172777e6d7b96038ba613506706d83e06bcfabd704e469;dbe43dfef48623c9c1e78e4fef0460ed73d134dfc972b1972e55125dc0bff03d;2026-09-28T19:47:05.797752+00:00;false
LOC-0094;LOC-0028;WALKING;2026-08-17T07:00:00+03:00;OK;5232;88;12407;LOCAL_VALHALLA_MATRIX;95357f57fede15c3401eff06940725729fa2c5b3f1aabbcc462f22ee300010bb;db368e726e354c5ef26585e60073310fb24e5a9c9001ef1cb701d809938ce76c;2026-09-28T19:47:05.797752+00:00;false
LOC-0094;LOC-0029;WALKING;2026-08-17T07:00:00+03:00;OK;5114;86;12240;LOCAL_VALHALLA_MATRIX;01e73317c798b8b561c9ed4ce1ca6001bec70e837ca8d8172ab1c0dfad069e62;2b4ad4e40f4aed52b6d1bd46863fc5fe4db4a0d1ee750440eef1a3a6e6cf8db5;2026-09-28T19:47:05.797752+00:00;false
LOC-0094;LOC-0037;WALKING;2026-08-17T07:00:00+03:00;OK;2374;40;3354;LOCAL_VALHALLA_MATRIX;12d51fc56cedfd00ab4b647879b6d0778fb3fa9fc12eb1a03ce434052b642932;1ed0cda3fac5049be108f11c7001fa5e649678565e6552f0910972efa4ecd97f;2026-09-28T19:47:05.797752+00:00;false
LOC-0094;LOC-0045;WALKING;2026-08-17T07:00:00+03:00;OK;4979;83;8838;LOCAL_VALHALLA_MATRIX;a85c9549cef41a698c403e1b922e95b2a367345179846c56428be6051b10a252;2f75e41b10daf1c85549c082b70e6d939604ef43300a95cb3ff502e8bca2ec31;2026-09-28T19:47:05.797752+00:00;false
LOC-0094;LOC-0053;WALKING;2026-08-17T07:00:00+03:00;OK;4347;73;6094;LOCAL_VALHALLA_MATRIX;bbb5ff11ebbc4429193aa022f0fc058f57f07e68157490a0bf21550b1299d2a9;3e57594a7f65dec911615cb510aeab8ee1ad5b3252716d154f70f70b8c6d7f05;2026-09-28T19:47:05.797752+00:00;false
LOC-0094;LOC-0054;WALKING;2026-08-17T07:00:00+03:00;OK;2752;46;3874;LOCAL_VALHALLA_MATRIX;0d71afd1dde5dbf8602bfe1d590214bd81da82bb8a5c1c42e4e75a4eda99509b;eb51d62c1f16e96b3bcd7b8a04763289e0204b716d554fe80c79fc0378cc7f69;2026-09-28T19:47:05.797752+00:00;false
LOC-0094;LOC-0061;WALKING;2026-08-17T07:00:00+03:00;OK;5136;86;7178;LOCAL_VALHALLA_MATRIX;1744895c4f9c9c3d882cffaafd8b3313292b8681000a432ad8aef31997187adb;598f3d20815582a3ab0766a42594e29a6e78a626cf3bcfa3fcc01dc9f9da1b5b;2026-09-28T19:47:05.797752+00:00;false
LOC-0094;LOC-0063;WALKING;2026-08-17T07:00:00+03:00;OK;5994;100;13677;LOCAL_VALHALLA_MATRIX;aad0d17fe195b07ba7e3f156fa82e8cbfa02d8d04d2ba7a1f83e2e2be652a013;f30553ee3e956a6a4c724ce0cc2a4e301947fecc93e79e85264fa6c468775d3e;2026-09-28T19:47:05.797752+00:00;false
LOC-0094;LOC-0064;WALKING;2026-08-17T07:00:00+03:00;OK;5690;95;9841;LOCAL_VALHALLA_MATRIX;eac23f995a0200726d2ec9232cd29e3810ebf1d6b212e5af660e9c906069828a;245a15809b1aaacd0f6c75b94d9c8f6ea943d2fe8c3559711fc04c6ad37f1b55;2026-09-28T19:47:05.797752+00:00;false
LOC-0094;LOC-0074;WALKING;2026-08-17T07:00:00+03:00;OK;6070;102;9644;LOCAL_VALHALLA_MATRIX;c05be6ebfab8ccaad60df2a4b9da3a9e6900c0dacf424eff0db6316998190a4f;95e1eefcdf988491eafc7f91b46a78f0a4b176645e289c1ed43321967363fe4a;2026-09-28T19:47:05.797752+00:00;false
LOC-0094;LOC-0075;WALKING;2026-08-17T07:00:00+03:00;OK;6286;105;9937;LOCAL_VALHALLA_MATRIX;4fedee0144bdc64e7d03970ebf9f563868d29b5daa32a35a1dbd02230bc2fb19;60b1d21352fc44c952f1db62dc6155f6232061164c629db3c7fab1c229694d18;2026-09-28T19:47:05.797752+00:00;false
LOC-0094;LOC-0076;WALKING;2026-08-17T07:00:00+03:00;OK;6114;102;13845;LOCAL_VALHALLA_MATRIX;2d3eadf2c754285b07560448133602fa5f8a0c8e0dda27d7f0121c6b04aa798e;7bed0cdaa187d29c71ec22db7416c460373eb7b283b7e93a32866f885cc6e27e;2026-09-28T19:47:05.797752+00:00;false
LOC-0094;LOC-0078;WALKING;2026-08-17T07:00:00+03:00;OK;5343;90;9315;LOCAL_VALHALLA_MATRIX;c5a1cb1160200b058bf3769c036d2731f68e04c6fa98fb00d309ddca51308523;74a10af9d7505fe82bdc31881d5b7b20ed0f109fd25bb4d41cf0c2c984da9ae7;2026-09-28T19:47:05.797752+00:00;false
LOC-0094;LOC-0080;WALKING;2026-08-17T07:00:00+03:00;OK;6153;103;9754;LOCAL_VALHALLA_MATRIX;d7e668bd4be310128f06693e5c27883340843f21e1b9558e9a27a96420854ac4;c8cbce7a82461f4a2e25933ddc3433c80dd3ba0fca6050cf571004a2d4fa9e05;2026-09-28T19:47:05.797752+00:00;false
LOC-0094;LOC-0082;WALKING;2026-08-17T07:00:00+03:00;OK;5839;98;10063;LOCAL_VALHALLA_MATRIX;350d5c48aea34f5625ef406aaf58ab56afe545c8145a9ce4d83f6e7fc576f5a0;f3d80e52dc9e4990693f34bc58d7c51138d1c1eb6083672951f91113382abfee;2026-09-28T19:47:05.797752+00:00;false
LOC-0094;LOC-0085;WALKING;2026-08-17T07:00:00+03:00;OK;603;11;848;LOCAL_VALHALLA_MATRIX;ce7aa2e09c68a698877a9c1c143354896336aa9abfa9037386ffe79aeb78b222;75d90fcc08eee9797015c00fbe134e9d5857656b9cfdf05cea5770cda883874e;2026-09-28T19:47:05.797752+00:00;false
LOC-0094;LOC-0086;WALKING;2026-08-17T07:00:00+03:00;OK;634;11;894;LOCAL_VALHALLA_MATRIX;42ff11abe3d7bccc5c9cbfc93cb78978d26e94987d019426f8d191be4ebe097c;7e30ce1d22995c17a3c4e3112ac9d825ae7ccd68ace26d3064b9dc391e2977ee;2026-09-28T19:47:05.797752+00:00;false
LOC-0094;LOC-0091;WALKING;2026-08-17T07:00:00+03:00;OK;6091;102;8557;LOCAL_VALHALLA_MATRIX;abfd574ad668882beaa5faa24c570e0ef24c8f90e64e7f12f18df51f8765e0de;47c4c683aa6f33c37e2b3fc3a107cef51267622e4dde6c79851a1ff01b4f7ee8;2026-09-28T19:47:05.797752+00:00;false
LOC-0094;LOC-0092;WALKING;2026-08-17T07:00:00+03:00;OK;7902;132;12203;LOCAL_VALHALLA_MATRIX;2885416b66ca18b2e80a2f0b1fb4f809a02f50db989e81a77741f94a20f4d123;faf88f12d1cc2a8178fe4f9e807cdf008c99d50b9edabdd4252b6b9c2d277d6f;2026-09-28T19:47:05.797752+00:00;false
LOC-0094;LOC-0093;WALKING;2026-08-17T07:00:00+03:00;OK;7098;119;11096;LOCAL_VALHALLA_MATRIX;2a34237641d571db70e763aa309453e37ba8e5c00a05900370e3e1d887474765;aef72d2fb415a5d9a5f74f8c62760b46746aca49a49f34f8dee5c22b1c6ad585;2026-09-28T19:47:05.797752+00:00;false
LOC-0094;LOC-0094;WALKING;2026-08-17T07:00:00+03:00;OK;0;0;0;LOCAL_VALHALLA_MATRIX;57884a52e79c9c22585fbc4f918df2faa12a7f0d03e2a1f55a0ddd33b395aae5;3d5812abc84c11768aa73a732c85d75dbed439188f5bb3239e9b762ea31d9862;2026-09-28T19:47:05.797752+00:00;false
LOC-0094;LOC-0095;WALKING;2026-08-17T07:00:00+03:00;OK;801;14;1132;LOCAL_VALHALLA_MATRIX;fce7acd3c9daa6cc4347df6c7b35b82f5e4909dab9e02420082fde96f198d064;f491788198692310b30bd4716f5efc15e83cb6a5578ca1554ac1a2f58aab6bb3;2026-09-28T19:47:05.797752+00:00;false
LOC-0094;LOC-0102;WALKING;2026-08-17T07:00:00+03:00;OK;6484;109;14360;LOCAL_VALHALLA_MATRIX;1233d8c57ac8a0910d29c849770846bf4d64d87d50545a7f89a5c2b003476c6a;fe587d352a1b3fb8128d6f90825af396f8f677c355ffae917dfc32ff67b3445c;2026-09-28T19:47:05.797752+00:00;false
LOC-0094;LOC-0112;WALKING;2026-08-17T07:00:00+03:00;OK;6491;109;10233;LOCAL_VALHALLA_MATRIX;21deb6ae51c328784a5ac0b6b345c5aa1105d7b96ea5a01c31ef5e561fb70272;5f58ddf6c4909fcd1ca5907f979f4c4ad7ec666ef99214311bab9dd30afb8947;2026-09-28T19:47:05.797752+00:00;false
LOC-0094;LOC-0124;WALKING;2026-08-17T07:00:00+03:00;OK;7093;119;19618;LOCAL_VALHALLA_MATRIX;4707b79192a569edd0968e287ef99abd4ac6c73147bcbf6e33fadece5318270d;6fc377b419af08174a54726454f173e8c5b6fd498659450339b8149a29aedb4d;2026-09-28T19:47:05.797752+00:00;false
LOC-0094;LOC-0125;WALKING;2026-08-17T07:00:00+03:00;OK;6764;113;10615;LOCAL_VALHALLA_MATRIX;92a4857d5eb3289fb1b78865f5cd587c6025b35fa9ec19f063dc5a421860aeec;726e28f7a88a722f249d39ed2114ade6cf065bc641f151d6e589c00efb572dc4;2026-09-28T19:47:05.797752+00:00;false
LOC-0094;LOC-0126;WALKING;2026-08-17T07:00:00+03:00;OK;5240;88;8480;LOCAL_VALHALLA_MATRIX;5c1741f45ef7dd3196dba83c9ca088c1cc89615d834d15c44ebe390bf11e046d;c4871de2d15fe9fe16e1195d4be6e6127ef6e1cc72ef0ba19a927ebe103b70f6;2026-09-28T19:47:05.797752+00:00;false
LOC-0094;LOC-0128;WALKING;2026-08-17T07:00:00+03:00;OK;2557;43;3607;LOCAL_VALHALLA_MATRIX;d70f86329250a73b5ac42f684e5929f3acb19237358a73a2240ad5710c6f72e7;9558ce832fb06ec24c5cbaad04ef7d156f264a74e5e6c2517a8922efe7bcad8c;2026-09-28T19:47:05.797752+00:00;false
LOC-0094;LOC-0134;WALKING;2026-08-17T07:00:00+03:00;OK;1183;20;1657;LOCAL_VALHALLA_MATRIX;f09b6323f535e6a56a3a318cf0eb7100892ce19d3f5aa1c93ddc5f66cd377e53;ace5539ce2e7743a279446485fb263d8d06ac57f83f7bd3ae28de8dda493793b;2026-09-28T19:47:05.797752+00:00;false
LOC-0094;LOC-0135;WALKING;2026-08-17T07:00:00+03:00;OK;1212;21;1696;LOCAL_VALHALLA_MATRIX;323b208c8a8d58bcce8fd423beb45f65b096d0ee95f3f79626c32492bc06936a;dc57de0dc06241cb0b0c8f2a91ef926716157067905b340f18480fc91006db7c;2026-09-28T19:47:05.797752+00:00;false
LOC-0094;LOC-0136;WALKING;2026-08-17T07:00:00+03:00;OK;1112;19;1565;LOCAL_VALHALLA_MATRIX;81e2f4f358fe4cfc2c5dcb5161b267e61f9ef1bf5f2b40c77880ed3dc23ec45d;c19ded9e69c3db8de79ad58fa315dd0f8afb47feea0adc5dd881cfa70fa632a6;2026-09-28T19:47:05.797752+00:00;false
LOC-0094;LOC-0140;WALKING;2026-08-17T07:00:00+03:00;OK;3763;63;5279;LOCAL_VALHALLA_MATRIX;b5bb4877793b5857f5dfb54700a8ca8f8cf131c02642c17ea496aa09be0598b0;8be1f6870ee24adba5ec903c9b44614e12e2e502247abdc6253ebdc006fa7a2a;2026-09-28T19:47:05.797752+00:00;false
LOC-0094;LOC-0141;WALKING;2026-08-17T07:00:00+03:00;OK;7807;131;22742;LOCAL_VALHALLA_MATRIX;0c4c78e6958b762f8bfb05bfe0dcf8bc0298307281bf06c70c6fb16e6d4a5dd9;7840c92a7f0bc4ec33cce70c26b0aaed0c91c5726f85e0a0c5d60772f8ed08ef;2026-09-28T19:47:05.797752+00:00;false
LOC-0094;LOC-0142;WALKING;2026-08-17T07:00:00+03:00;OK;7888;132;22815;LOCAL_VALHALLA_MATRIX;2db220d3fa488276864070b6c2bda2802c5440cb582f1370095f5e9e6d34ca67;e36fbf2a8b5a7eefd1fbf48a56497ce3919829d95ffbab33cf4051ba4aee52a3;2026-09-28T19:47:05.797752+00:00;false
LOC-0094;LOC-0145;WALKING;2026-08-17T07:00:00+03:00;OK;8159;136;12555;LOCAL_VALHALLA_MATRIX;1b66bf1d74d8747a42fcc80e8dd42cca008a9a9f5e04ec797bc8a06a9a5f5b5a;d9113ce9103017c08ad88c80f3ef8d10a474831f66fc41e4920a603b4e40a080;2026-09-28T19:47:05.797752+00:00;false
LOC-0094;LOC-0148;WALKING;2026-08-17T07:00:00+03:00;OK;5678;95;9098;LOCAL_VALHALLA_MATRIX;9d0b6c6c4a49c2c2f4ce19a1b68fc9874e202a28f6c82cc53e272940379c547a;7a9346ca55511eece908930dbae011c2f2f844b7a6f3d5c8f3281c37d9cb41f8;2026-09-28T19:47:05.797752+00:00;false
LOC-0094;LOC-0149;WALKING;2026-08-17T07:00:00+03:00;OK;6278;105;10650;LOCAL_VALHALLA_MATRIX;d59da73b79266e18486a0861f876806a821b91c276b6cbdc072111b3ad576b82;00c218e660c8f8a727887645f4a81773c87c092bef93f1031d4728bc095bd8dc;2026-09-28T19:47:05.797752+00:00;false
LOC-0094;LOC-0150;WALKING;2026-08-17T07:00:00+03:00;OK;6184;104;10515;LOCAL_VALHALLA_MATRIX;6b7e861c5283e4b2d883d78d992424d2b49ea4e796b4dcf7aeb232bc6cacdafd;4372d73931553511096a064e7dc302cc983597f09eb53801cd71ee60bf090a89;2026-09-28T19:47:05.797752+00:00;false
LOC-0094;LOC-0151;WALKING;2026-08-17T07:00:00+03:00;OK;6609;111;11137;LOCAL_VALHALLA_MATRIX;89f97a37a17eff5ae63fc36985c876f860df5ce9a719b007d63d175506d5ee3f;a618973397cbe33e15960de7a002e19837d6627444584bddca42488a72e342ac;2026-09-28T19:47:05.797752+00:00;false
LOC-0094;LOC-0152;WALKING;2026-08-17T07:00:00+03:00;OK;6543;110;11045;LOCAL_VALHALLA_MATRIX;49df71e36a66f3dd2608fa236caf9decda989a2065935ae6cb9562036fcc0dcb;1a2e1674f8a39783279d88840c2d2851acd52c0febd485af14d163d652b88903;2026-09-28T19:47:05.797752+00:00;false
LOC-0094;LOC-0190;WALKING;2026-08-17T07:00:00+03:00;OK;4842;81;6766;LOCAL_VALHALLA_MATRIX;5010e830de1903775866d810b8f6109a30926732471a63061cc939a19ada57dd;e8acbf2a90c697a7a689545aa3762fbad55b4f23560995fe47d815b775d70dc8;2026-09-28T19:47:05.797752+00:00;false
LOC-0094;LOC-0196;WALKING;2026-08-17T07:00:00+03:00;OK;9022;151;14439;LOCAL_VALHALLA_MATRIX;8bb23113e7430ee05834427e0a833cd828dcb9a5cffbc1fcbd77da864d2c699c;7b201072a6400a7b0eeae8230af98862366e20ae89197556e300dd6964428121;2026-09-28T19:47:05.797752+00:00;false
LOC-0095;LOC-0002;WALKING;2026-08-17T07:00:00+03:00;OK;1889;32;2643;LOCAL_VALHALLA_MATRIX;0ee0d81c4c26f1a695e1286d2d8e8e689cbea379a22dd6e9f3cb8932fddb29ab;91049c4c3276cb79169293e2e1abafd3598293b82c8820d085bf88791cda0fb7;2026-09-28T19:47:05.797752+00:00;false
LOC-0095;LOC-0008;WALKING;2026-08-17T07:00:00+03:00;OK;6295;105;8843;LOCAL_VALHALLA_MATRIX;53b15127f1f2ff870ff056c38a2ba101dc6571118b5cae256097da339d87f860;aee2d56c9dda6adf1d5ba4202e1cfb5edcb9848d92ac8a1299589bfbc5c94c36;2026-09-28T19:47:05.797752+00:00;false
LOC-0095;LOC-0009;WALKING;2026-08-17T07:00:00+03:00;OK;6897;115;22735;LOCAL_VALHALLA_MATRIX;81ce60578d0cc01c81cdb55149ee37da973fe6a34cf603c85855c2c0426c791e;5e9c662292c32119a04323cbc73051d3dc3668836adba7d62e64618837a5f057;2026-09-28T19:47:05.797752+00:00;false
LOC-0095;LOC-0010;WALKING;2026-08-17T07:00:00+03:00;OK;6912;116;9704;LOCAL_VALHALLA_MATRIX;8251246413c526d5f65aee45963522801cba4b00803714a287615c904d6e8831;8893c3ccf635988f523c1f232464bba4f24e34cbc67ed6f5d8e049716b45fc8b;2026-09-28T19:47:05.797752+00:00;false
LOC-0095;LOC-0011;WALKING;2026-08-17T07:00:00+03:00;OK;5672;95;7962;LOCAL_VALHALLA_MATRIX;7cd80c5a7ff65ad35938d904075af283e7f79e35329cb0f9b11ab7dfcd096a49;9201acc0697f29c877cdcce7a50f3390028db01473da955ac0ac916cc7fd9ad1;2026-09-28T19:47:05.797752+00:00;false
LOC-0095;LOC-0012;WALKING;2026-08-17T07:00:00+03:00;OK;5922;99;8324;LOCAL_VALHALLA_MATRIX;74e6b66bab8a29db8f9e5d05aedab21b27a4f4c853d0ba2efb43c3c63a1e8981;a52fd8fd5d63a92ac2a5ce61e4ee12eb6f120a464533e29bc08f48ed39e82216;2026-09-28T19:47:05.797752+00:00;false
LOC-0095;LOC-0013;WALKING;2026-08-17T07:00:00+03:00;OK;1232;21;1737;LOCAL_VALHALLA_MATRIX;bf5dde2911174d19829512f3b0b0793fd7853bfcd6e1bf327a8382b2fd82c9ac;3cfae5d499224f284531e84b6abf2e414d85cd95bb640d666310df90d521baeb;2026-09-28T19:47:05.797752+00:00;false
LOC-0095;LOC-0016;WALKING;2026-08-17T07:00:00+03:00;OK;5897;99;13416;LOCAL_VALHALLA_MATRIX;b8195ea04032cb9970a58eafcadfc282145c5df01a5729bf4d0317416ae00af5;39a2f56947801546b8ede38c669f879fdff3c6b78dc920826841ed3ed1a90c00;2026-09-28T19:47:05.797752+00:00;false
LOC-0095;LOC-0017;WALKING;2026-08-17T07:00:00+03:00;OK;8303;139;26859;LOCAL_VALHALLA_MATRIX;9a10f86a7bf4fbf7b521459c2e682d620d32421a58b3005149c73190650e3762;91ca9dc179d0632bd459a0e7b62e2278abc7b1f7f689b3348215ec642ad38a13;2026-09-28T19:47:05.797752+00:00;false
LOC-0095;LOC-0018;WALKING;2026-08-17T07:00:00+03:00;OK;6920;116;14247;LOCAL_VALHALLA_MATRIX;4b235c02be69e4b04d5d49246e328f55a0b40d64163b4ec15ca837e38eac4997;676eb717389ba545105caa247a42b19f20452c08827cb7e7babcff13ea7a567e;2026-09-28T19:47:05.797752+00:00;false
LOC-0095;LOC-0019;WALKING;2026-08-17T07:00:00+03:00;OK;6956;116;9796;LOCAL_VALHALLA_MATRIX;23d945aeae0f197d6486deb831da834725f0cfbc47b531c82cf36b9f8bbb333f;6e29ff3d5f0fcaceb2c19c4a306991d142700c4226ed0f731059e9c8be3536d7;2026-09-28T19:47:05.797752+00:00;false
LOC-0095;LOC-0020;WALKING;2026-08-17T07:00:00+03:00;OK;8735;146;16796;LOCAL_VALHALLA_MATRIX;b86f8c9dfbc3cfb0aa78a83d41238bd5edb9a8c259b863dc0acb2a908d9ffc99;7f4ce5b61f42fd9529e371ea1b762946d0b94492cff8eeb5c5db487228925231;2026-09-28T19:47:05.797752+00:00;false
LOC-0095;LOC-0023;WALKING;2026-08-17T07:00:00+03:00;OK;7985;134;15764;LOCAL_VALHALLA_MATRIX;8f543896f148aa625f22cb576c1e03504649a51b64a81a4baaa5227f18936c19;156441c0d0e04cace65a6df8581f5738384254056496cf2ebe3fdfe3b5eef77f;2026-09-28T19:47:05.797752+00:00;false
LOC-0095;LOC-0027;WALKING;2026-08-17T07:00:00+03:00;OK;4990;84;11571;LOCAL_VALHALLA_MATRIX;19e394986d2f0eeb5198cd17da6893857e1838177b23a903afa5a958372a1573;edeef76f6458c865a3d42a87795f9bfce8db7afbb866795749eb37137e253e07;2026-09-28T19:47:05.797752+00:00;false
LOC-0095;LOC-0028;WALKING;2026-08-17T07:00:00+03:00;OK;4991;84;12298;LOCAL_VALHALLA_MATRIX;38f598f050732d3cf014e0b774821d792ffc7cbb04c09b412cf58e1f316ace40;b11a45f695691817ddf6dc4a411d3a1e9bb81bd228459499712f6b6f8e07a1e5;2026-09-28T19:47:05.797752+00:00;false
LOC-0095;LOC-0029;WALKING;2026-08-17T07:00:00+03:00;OK;4874;82;12131;LOCAL_VALHALLA_MATRIX;25dd95a3917adee6066a368d1eb3e025b504da49cefc30dc7ee6f117c1947e40;1e5db62df09fc29286f77f82fb55ed549af35e2ff89a2d9cc860297b60e0ec39;2026-09-28T19:47:05.797752+00:00;false
LOC-0095;LOC-0037;WALKING;2026-08-17T07:00:00+03:00;OK;2912;49;4104;LOCAL_VALHALLA_MATRIX;61b07d335e650d496bfba2514bcfaa39c7b7f9872c7a52b72ab9cd546860f613;71ff6bd321436a9e49911a321b942e3a515cb745d0c4ef747c2ba1441061f4a5;2026-09-28T19:47:05.797752+00:00;false
LOC-0095;LOC-0045;WALKING;2026-08-17T07:00:00+03:00;OK;5043;85;12355;LOCAL_VALHALLA_MATRIX;6d3f2612cd7a2045634a6c44dcbf24d7682cb17a9eee8c4d22ba44ac5b8a77df;0e3d479df60ce4148e74dee364f2960eca020b23b93ff1adc398fae2ea229b04;2026-09-28T19:47:05.797752+00:00;false
LOC-0095;LOC-0053;WALKING;2026-08-17T07:00:00+03:00;OK;5578;93;12955;LOCAL_VALHALLA_MATRIX;3ab91d9fb65936a8a17b8f95522e8a3353dbc7d0d3cbc3cb6f74216e8e11b92c;a46f76aae3ee1494b1049b6847fd9122dead87f2cfcac82b36504962c8b73aaa;2026-09-28T19:47:05.797752+00:00;false
LOC-0095;LOC-0054;WALKING;2026-08-17T07:00:00+03:00;OK;3289;55;4624;LOCAL_VALHALLA_MATRIX;44d534d892b44e9d7692afa326ab4b3a8d9bd0442cf6923f0cc230f9701e5125;e9ac731f2e4e897913f420664b4d151b2710f92b39133ffb6179ce211dc354e6;2026-09-28T19:47:05.797752+00:00;false
LOC-0095;LOC-0061;WALKING;2026-08-17T07:00:00+03:00;OK;5673;95;7928;LOCAL_VALHALLA_MATRIX;2c5388de946742be0b2788f5f45af087c094dee5fb5039c52437b1a487751e02;b838328289e42c97fd0223c2a05d13e1a8b583342e7ede01b093f7768b038c39;2026-09-28T19:47:05.797752+00:00;false
LOC-0095;LOC-0063;WALKING;2026-08-17T07:00:00+03:00;OK;6057;101;17194;LOCAL_VALHALLA_MATRIX;b825e2679727dc85b0a40986f647912494753b6b0417403ba2e8adca24a43900;520f07069dd7bba6cdcad81e763c40c961a0546c72e2e1a8f49a4f84efbad5f5;2026-09-28T19:47:05.797752+00:00;false
LOC-0095;LOC-0064;WALKING;2026-08-17T07:00:00+03:00;OK;5788;97;13402;LOCAL_VALHALLA_MATRIX;db9ac07aaab6db3fe0c3c14d963c2ec456a093e196accb0b12791a829cd5a619;11d1258fbcdf8e0be1029954364f2354f89917633e17e73fb8679eb25597b494;2026-09-28T19:47:05.797752+00:00;false
LOC-0095;LOC-0074;WALKING;2026-08-17T07:00:00+03:00;OK;6133;103;13161;LOCAL_VALHALLA_MATRIX;742a6aa33cb8b9af843bd4dede7cee26c54ca1b4e24277376aaf7bc099e4ace1;2f0e891605d1820d94230f3f21b6892d649765c92030b5a0d0ed3d95f47692e9;2026-09-28T19:47:05.797752+00:00;false
LOC-0095;LOC-0075;WALKING;2026-08-17T07:00:00+03:00;OK;6351;106;13460;LOCAL_VALHALLA_MATRIX;0e451738808dac89acd67530fe79cb7cb9f7cdcafcce7abfa74d6c87fd1ec803;016bb801cfde8772ac52b372d7d882fd83632b46efce5f5c4a5739f5784dff77;2026-09-28T19:47:05.797752+00:00;false
LOC-0095;LOC-0076;WALKING;2026-08-17T07:00:00+03:00;OK;6127;103;17293;LOCAL_VALHALLA_MATRIX;cd9d9e4fbe8c549e267d48e3f8ea81b1034d27d2bb3e31968f1e46d5ab10a2da;53e16022018400a0c71a78d25ae52434322401bb9beafaa6d25bcb29d9ebd23f;2026-09-28T19:47:05.797752+00:00;false
LOC-0095;LOC-0078;WALKING;2026-08-17T07:00:00+03:00;OK;5357;90;12763;LOCAL_VALHALLA_MATRIX;2eb35b04e2bccdb5ad5c9a4b55a30b2bfe549e15fd161ef2ef73e2545e2b9b1a;18dadefc7bfa05cb66faf5d3c5e89fdd898bf6ce593b4bc74a3d93d109995db0;2026-09-28T19:47:05.797752+00:00;false
LOC-0095;LOC-0080;WALKING;2026-08-17T07:00:00+03:00;OK;6083;102;13084;LOCAL_VALHALLA_MATRIX;16204233cdc085e24c434b5b1aea5de4a982102b9e5f76a53cbaca7ab5a675d3;c8dcb1bc383f7a89e0fb9d4d34ee785fd94a456c76d9a54cbfd742ab0b149228;2026-09-28T19:47:05.797752+00:00;false
LOC-0095;LOC-0082;WALKING;2026-08-17T07:00:00+03:00;OK;5852;98;13511;LOCAL_VALHALLA_MATRIX;c66f223def66852591c003e3e3313a5ac06f8dd9713d20c33ebd4277d3ab0ccb;b1a1550afba3db4bf1bac14d43ec949fc80405c4a3fca68dbbcb53b6b6aa01e7;2026-09-28T19:47:05.797752+00:00;false
LOC-0095;LOC-0085;WALKING;2026-08-17T07:00:00+03:00;OK;1103;19;1559;LOCAL_VALHALLA_MATRIX;35cd9e8bfaeb1beda1add8ed9df45d59f0fe506fa93f2d60de79f69f36d9050f;b3ee0a5f897d8fd991b1da01b38510efbfb09a33a55f6d5179de1afb0eecf06a;2026-09-28T19:47:05.797752+00:00;false
LOC-0095;LOC-0086;WALKING;2026-08-17T07:00:00+03:00;OK;1138;19;1609;LOCAL_VALHALLA_MATRIX;8ba7694a6b9eaf2a3391b4ec9de34b312c301bccba5de8a7dc487b81cfe7cc6e;d90d67dc7bb8562ff582aeada62878ed197d865e95130e706ae3eeb74989ed39;2026-09-28T19:47:05.797752+00:00;false
LOC-0095;LOC-0091;WALKING;2026-08-17T07:00:00+03:00;OK;7627;128;15266;LOCAL_VALHALLA_MATRIX;13d9a92e7c76f1841d10aac2780fddfd4fb4db51414086836ea3dccca21a03d3;80e594f1537e2d7b209ba4ac1be976b16d8fef644bb7d813c8d5a1e620acf472;2026-09-28T19:47:05.797752+00:00;false
LOC-0095;LOC-0092;WALKING;2026-08-17T07:00:00+03:00;OK;7252;121;14739;LOCAL_VALHALLA_MATRIX;abe6b90145509e488ec8a2207a8fe0248839b1c2ccbe0509d9b11650b0acb67c;db7d890216f00c543a04fc09d3076d0fff67925f318ec8bea7cd862edab50f54;2026-09-28T19:47:05.797752+00:00;false
LOC-0095;LOC-0093;WALKING;2026-08-17T07:00:00+03:00;OK;7111;119;14544;LOCAL_VALHALLA_MATRIX;14c1f9eb3cfefa8a1cb57de44d6b8e8c088cf82b732c81a931bedb079df94f26;8e51422857fe935eb5a1e17ea83099d89b8e1f0a1c55b73cf1674a68803242b8;2026-09-28T19:47:05.797752+00:00;false
LOC-0095;LOC-0094;WALKING;2026-08-17T07:00:00+03:00;OK;801;14;1132;LOCAL_VALHALLA_MATRIX;0a97f80087867ec2597f9948dd3ab56d0118c7f196b055404be10b4708ba8062;f491788198692310b30bd4716f5efc15e83cb6a5578ca1554ac1a2f58aab6bb3;2026-09-28T19:47:05.797752+00:00;false
LOC-0095;LOC-0095;WALKING;2026-08-17T07:00:00+03:00;OK;0;0;0;LOCAL_VALHALLA_MATRIX;f28c307155c39a319978621ea18fdf8b6f6206d10c578bd2aabfb4fc80c168eb;3d5812abc84c11768aa73a732c85d75dbed439188f5bb3239e9b762ea31d9862;2026-09-28T19:47:05.797752+00:00;false
LOC-0095;LOC-0102;WALKING;2026-08-17T07:00:00+03:00;OK;6498;109;17808;LOCAL_VALHALLA_MATRIX;1a53447ccded5bd8caa6fd79c359d24a78c76c2ea221cfba14bf8232c5e58ca5;a06c980d35b3105922447de8a383e565cbe01ca3d6af53e6bfebea274f672a53;2026-09-28T19:47:05.797752+00:00;false
LOC-0095;LOC-0112;WALKING;2026-08-17T07:00:00+03:00;OK;6027;101;12986;LOCAL_VALHALLA_MATRIX;fba151cee6ae291eec434fb6914fc903ca461db42241256c9a9b746c7570abf9;55551cf41e87daedb5c3077ddebcba096f42663d4aa7f11853114f2e1e6f3d88;2026-09-28T19:47:05.797752+00:00;false
LOC-0095;LOC-0124;WALKING;2026-08-17T07:00:00+03:00;OK;7107;119;23066;LOCAL_VALHALLA_MATRIX;78601dd768d1337f878b76af312be57fbb3a3ace0e5c1246592a6108eb313957;0f878211e35744e9475f82dafb2a1c0c2b590684d974c2a184a318d17a49cc71;2026-09-28T19:47:05.797752+00:00;false
LOC-0095;LOC-0125;WALKING;2026-08-17T07:00:00+03:00;OK;6758;113;14022;LOCAL_VALHALLA_MATRIX;012e9e175bbc7779fc662a230a6e024164de38ca159ff6a0a4eb9429b1384dec;b0ec3742cf9100a261c145dd74ef731bb4c3e9d5c9dfa5b6c83e43e4f0b4ab16;2026-09-28T19:47:05.797752+00:00;false
LOC-0095;LOC-0126;WALKING;2026-08-17T07:00:00+03:00;OK;5254;88;11928;LOCAL_VALHALLA_MATRIX;3dc40fa3f37ac96661b9a3b77824d4768195c8e94c20ea0ea73f254faa202159;dde8c9b7da87ac2be9fe8559636bfdeb6c1b30c417c713ed1a47ab61e2b8a34e;2026-09-28T19:47:05.797752+00:00;false
LOC-0095;LOC-0128;WALKING;2026-08-17T07:00:00+03:00;OK;3095;52;4357;LOCAL_VALHALLA_MATRIX;543427003e57cbbbca9b87d8c6a48ca736d20f023dce85b89c49d86ff7bda0f3;be3a8fbd219de0d03456393a4035147d899d9e2c2cf7dd95a81c424dc729de7d;2026-09-28T19:47:05.797752+00:00;false
LOC-0095;LOC-0134;WALKING;2026-08-17T07:00:00+03:00;OK;1495;25;2098;LOCAL_VALHALLA_MATRIX;9d3559e0685fe872de9f478050d1e754f1a98129d85e148d7baa649a38711b7d;d8eb394d9ebab9a5c9b6ca2206593a99a9161d9e843197a4e565ee5352444b5e;2026-09-28T19:47:05.797752+00:00;false
LOC-0095;LOC-0135;WALKING;2026-08-17T07:00:00+03:00;OK;1524;26;2137;LOCAL_VALHALLA_MATRIX;d3e5fe5e4c999c6f6708a355757b85d42e755727b3d80c2d7c7f1b83719e6eea;6e4504a5b55bed67a08e423270ad14f0e6e1b82f08d0bb40d2065af9215dbb72;2026-09-28T19:47:05.797752+00:00;false
LOC-0095;LOC-0136;WALKING;2026-08-17T07:00:00+03:00;OK;1068;18;1501;LOCAL_VALHALLA_MATRIX;6891bb3019bed23f95821b4d340dd9acd5c31233d32146eb05ca8bc0d8ea4f6f;3094685870c71d5d103ddd4a9443ee95cc853dc95c7a17fb855c0ee9d17e1989;2026-09-28T19:47:05.797752+00:00;false
LOC-0095;LOC-0140;WALKING;2026-08-17T07:00:00+03:00;OK;4195;70;8894;LOCAL_VALHALLA_MATRIX;ce8af20a5432bc4ab647bcd2c86a41ce4bce401906fe53bd7d4cbd7abb966559;d9e89559c7f68a59cb6f9cc07f25446d7b2d6beabb0ece39f334335763818fe9;2026-09-28T19:47:05.797752+00:00;false
LOC-0095;LOC-0141;WALKING;2026-08-17T07:00:00+03:00;OK;7821;131;26190;LOCAL_VALHALLA_MATRIX;18d9217a80a104a43e17005c898e6f9ffa928e9af691bb2a408dfba7331283d3;d07c489f0b26324f8fc29857c8b26475cff205adf1edb824be99b4952ca34286;2026-09-28T19:47:05.797752+00:00;false
LOC-0095;LOC-0142;WALKING;2026-08-17T07:00:00+03:00;OK;7902;132;26263;LOCAL_VALHALLA_MATRIX;3c68015c8281a6842f64cf202cbacc42beeb90f7442bb3d58cd8a7e2c24ef781;e55ab8fd9a319b97ac1682b9480c24b6bf80ec3585814f198efd265889f53074;2026-09-28T19:47:05.797752+00:00;false
LOC-0095;LOC-0145;WALKING;2026-08-17T07:00:00+03:00;OK;7912;132;15642;LOCAL_VALHALLA_MATRIX;c5d1286424ec572a1471e798a74a1e838c7401aec57a884f7926da2687acf0c6;d7d38e5e7679d54ecc260d60d5086e599be9fba47736178396cd16150914fd65;2026-09-28T19:47:05.797752+00:00;false
LOC-0095;LOC-0148;WALKING;2026-08-17T07:00:00+03:00;OK;5691;95;12546;LOCAL_VALHALLA_MATRIX;256d094ddeb57010a7b31f039da094d48ae5f0226997185f5590ac83b8a923b7;7c655c080b3451e2013fdbb90dff0e24809c991fc3c7bc1206f90036e415d30e;2026-09-28T19:47:05.797752+00:00;false
LOC-0095;LOC-0149;WALKING;2026-08-17T07:00:00+03:00;OK;7144;120;15143;LOCAL_VALHALLA_MATRIX;4cbbe211fc78adf8def00864c313e129c82f08e1c4ff1bc8f0d6de7d4d9915ab;f06cde6f67dd57d3531e371a2ef3595a5c45605b8fc5c718c3484357ebddb9c4;2026-09-28T19:47:05.797752+00:00;false
LOC-0095;LOC-0150;WALKING;2026-08-17T07:00:00+03:00;OK;7051;118;15008;LOCAL_VALHALLA_MATRIX;024622545541265724227a2d6b5c77ce6e035830abdb6f9c762066ff6fe678b9;740f8821ed0870c2e798391eb8694542e5b616174d3e86fd847bd599c346246c;2026-09-28T19:47:05.797752+00:00;false
LOC-0095;LOC-0151;WALKING;2026-08-17T07:00:00+03:00;OK;7475;125;15630;LOCAL_VALHALLA_MATRIX;df1be8dbf80127e6d08b227237fba971385259318a3dc1cd15d93d017333b7f0;594ee84fdda3c58e40ccda15716978b23f5342370b480bfee7956369867f4522;2026-09-28T19:47:05.797752+00:00;false
LOC-0095;LOC-0152;WALKING;2026-08-17T07:00:00+03:00;OK;7409;124;15538;LOCAL_VALHALLA_MATRIX;d901f17cddf80ec7f2c61aebf0d196a8b38c2efbb4b80b868f26c89146b33dea;82394ce3a43ec49518e5e9167de06d91339d679383064b1bbf77357189e44478;2026-09-28T19:47:05.797752+00:00;false
LOC-0095;LOC-0190;WALKING;2026-08-17T07:00:00+03:00;OK;5380;90;7516;LOCAL_VALHALLA_MATRIX;dc389c87c09e7d2f4d96fe0de1a5dafa375ed07a39277c7c2756e87de39404fe;6b171d2db139d5e6c55c9105ea8c39351eee92670707dc1951f5b666e2b62b09;2026-09-28T19:47:05.797752+00:00;false
LOC-0095;LOC-0196;WALKING;2026-08-17T07:00:00+03:00;OK;9887;165;18931;LOCAL_VALHALLA_MATRIX;dec775704c25a576abf2be7d7e19ac394c858f1b74ecf52d8d7c25a26e9efc43;5b317b474d88c42206ecb00c664f0caa272fbcbf180811afd82c9d5897876665;2026-09-28T19:47:05.797752+00:00;false
LOC-0102;LOC-0002;WALKING;2026-08-17T07:00:00+03:00;OK;4605;77;8287;LOCAL_VALHALLA_MATRIX;094e476c10f902b5b7e82825f0f4e187e5350287203e03d4298cf6d2971fbfa2;935debee5c7f67e3cd2e354c73c83c36cdef17a4915239755c4cf7ac08207c06;2026-09-28T19:47:05.797752+00:00;false
LOC-0102;LOC-0008;WALKING;2026-08-17T07:00:00+03:00;OK;6898;115;9652;LOCAL_VALHALLA_MATRIX;2152cc6c9aa5769f36b59e3db175da7ea37b863223c029425aac99ee61b42f2c;c83d9f0d14ca31055e179dd453fb463fe0d21d442ef79292a878b2ef162da79d;2026-09-28T19:47:05.797752+00:00;false
LOC-0102;LOC-0009;WALKING;2026-08-17T07:00:00+03:00;OK;2533;43;3477;LOCAL_VALHALLA_MATRIX;80e448ecefc9ae4ae482eaba2ca448fd96449aff80c6a80ec013f8734382b165;f89ec31acf38e6a61956104661e04401420e5707b072e055ff4fce92e90a0da1;2026-09-28T19:47:05.797752+00:00;false
LOC-0102;LOC-0010;WALKING;2026-08-17T07:00:00+03:00;OK;7344;123;10289;LOCAL_VALHALLA_MATRIX;77f14eb4c0ebb6f8f4e7e4a11e9f45babd0db3b731c0355ca3a7775b75c5e6cf;3a09b0333f69f8d1105fff83cf57f39efb63c2ee0fd9305d88f8ff8cb9acaa78;2026-09-28T19:47:05.797752+00:00;false
LOC-0102;LOC-0011;WALKING;2026-08-17T07:00:00+03:00;OK;6451;108;9003;LOCAL_VALHALLA_MATRIX;ddffd5b5df5e46a5e03b34eaaef6c05490c219c7ad50016d4cdfeefa63fad4e8;3c791fca254c2aebcd0a3ce5ada0c637c2d0db88392b68858f05d939f8e4c984;2026-09-28T19:47:05.797752+00:00;false
LOC-0102;LOC-0012;WALKING;2026-08-17T07:00:00+03:00;OK;6516;109;9122;LOCAL_VALHALLA_MATRIX;95b9ef86795445ab26b705573b333e1c3e12a83bcb678bd625ad9775670bb882;914047e30c90642d00b91a524a9fad03be17075018953eea808849db75ff807b;2026-09-28T19:47:05.797752+00:00;false
LOC-0102;LOC-0013;WALKING;2026-08-17T07:00:00+03:00;OK;5107;86;9004;LOCAL_VALHALLA_MATRIX;04745fc8621896dae20a1a29c4ae0d351a6a791bbea1d0f74c57b239012f78a6;8d9bef0a5186ff6a5a07a53b84c6c6ecad08320285350f3e62c3804fb665c5aa;2026-09-28T19:47:05.797752+00:00;false
LOC-0102;LOC-0016;WALKING;2026-08-17T07:00:00+03:00;OK;3612;61;5027;LOCAL_VALHALLA_MATRIX;c4842bcbd05707bcaabaecfd8fb858be263f5a57793dee1e69ab6c1f0ccc1913;1bf0c4763358b0b803ed7cf52c89e8c9d2322cdad13fdf9aa2209b9d09151b66;2026-09-28T19:47:05.797752+00:00;false
LOC-0102;LOC-0017;WALKING;2026-08-17T07:00:00+03:00;OK;4045;68;5664;LOCAL_VALHALLA_MATRIX;85509e50163bc87da6937096e4da1697b52dd8f8686c6f53091f498b543e776e;a3d16e8c86b43436121d06c7b0e945bec3aef4beb89674af8b9643c6d1954eac;2026-09-28T19:47:05.797752+00:00;false
LOC-0102;LOC-0018;WALKING;2026-08-17T07:00:00+03:00;OK;4404;74;6150;LOCAL_VALHALLA_MATRIX;b6f30eb073dfeb3ea9a828ef6710c08b73d3a0509a73bd1df72275472dde4453;187859d86804438b02d5fa988c17e6ceabd54bb5736d0605d6bc603f78be1400;2026-09-28T19:47:05.797752+00:00;false
LOC-0102;LOC-0019;WALKING;2026-08-17T07:00:00+03:00;OK;7640;128;10704;LOCAL_VALHALLA_MATRIX;8898db73a484c46d55b2e60647566d845ca91807747b3ef7a6c04ddf531bcef2;27ff6fdd2d20c44a0e72be873efdb97004212b713ee261e482a53711e2563372;2026-09-28T19:47:05.797752+00:00;false
LOC-0102;LOC-0020;WALKING;2026-08-17T07:00:00+03:00;OK;7143;120;9962;LOCAL_VALHALLA_MATRIX;c581989bbb663173086c215252c847c42e2e01bd5926837514f18141893de14c;596d8b21026f74a8a9c3ce28bf32b9c9542ae51fbb1f89a958fa161449bbbea7;2026-09-28T19:47:05.797752+00:00;false
LOC-0102;LOC-0023;WALKING;2026-08-17T07:00:00+03:00;OK;5471;92;7609;LOCAL_VALHALLA_MATRIX;39cf5c74da74bdb6caf5ba81aabfb6d5e28612757e46ce8ea124332d00ccb2b5;9cc1f11c619b2f101988557be021678bf109e7045c7219dbb2c064e6fb2a4cb4;2026-09-28T19:47:05.797752+00:00;false
LOC-0102;LOC-0027;WALKING;2026-08-17T07:00:00+03:00;OK;3235;54;4511;LOCAL_VALHALLA_MATRIX;05ec5327c7072aa7e8e182dec65dc7371a04bef322f4b1316af1e32461eacba2;a2766bd71ff6eec7d1eeca585d93d3342a60c0e368a30fde70e1e1f3f76101e3;2026-09-28T19:47:05.797752+00:00;false
LOC-0102;LOC-0028;WALKING;2026-08-17T07:00:00+03:00;OK;2401;41;3349;LOCAL_VALHALLA_MATRIX;41c7bc755169ab82cdca1412a9814aa32c784769921a9b2b049ca734098999b3;d13f40f2a6648abcf777a42a925e4713e8436614f19930e453f00580e098e916;2026-09-28T19:47:05.797752+00:00;false
LOC-0102;LOC-0029;WALKING;2026-08-17T07:00:00+03:00;OK;2404;41;3352;LOCAL_VALHALLA_MATRIX;b9cfb9a340b42809f34b2ef04fa909e27f7af3e4ab93e35bd445496e186dab00;fbfde0e88ede5bc18b9f04f59eefca6cfb34fbef309cb42f0d656fff44e91213;2026-09-28T19:47:05.797752+00:00;false
LOC-0102;LOC-0037;WALKING;2026-08-17T07:00:00+03:00;OK;5766;97;8333;LOCAL_VALHALLA_MATRIX;7c8f9d7576be0c3e45360c65656d102f0b0829a2b5b987704f09559e843c99c5;84fc8ce61cdb25bb4cea91ff75221edf2d5b893c07ede63293f57e7cefafd275;2026-09-28T19:47:05.797752+00:00;false
LOC-0102;LOC-0045;WALKING;2026-08-17T07:00:00+03:00;OK;1797;30;2488;LOCAL_VALHALLA_MATRIX;7dbbe63edf7c70a54f7dad37dd31cd7a3bcaf8c082f6bc88b98b34109ba7fe69;20ae5aa4c4923956dbc7595a0dce1d023eae34fea862cdc07a76c839666116d3;2026-09-28T19:47:05.797752+00:00;false
LOC-0102;LOC-0053;WALKING;2026-08-17T07:00:00+03:00;OK;3572;60;4977;LOCAL_VALHALLA_MATRIX;2638a753afa3c0bed932a1cd320618b0ab2db0fc50c0a7c75ea59919715c1c01;038db071075faf1a67d26b51e9f6657fbf91637404b912b28ec61ceecea0ccdc;2026-09-28T19:47:05.797752+00:00;false
LOC-0102;LOC-0054;WALKING;2026-08-17T07:00:00+03:00;OK;5613;94;8115;LOCAL_VALHALLA_MATRIX;2c5422796a6b59ccc2fb112b7ccbd282c62a71110ad67dc7d69768952dcfdadf;3dcfb2736d649364abb0813ea63cacb6a65cc3919bbede17023b5f0d669a1ea1;2026-09-28T19:47:05.797752+00:00;false
LOC-0102;LOC-0061;WALKING;2026-08-17T07:00:00+03:00;OK;6401;107;8905;LOCAL_VALHALLA_MATRIX;e8349faf82ef01b5437d496d8fb87c3ef3910e446f34499f4ef8aed08af588ca;73ebe424c1575c5dedfffee0537c7d41c90c455e52eb1501cdebe82ac7068c80;2026-09-28T19:47:05.797752+00:00;false
LOC-0102;LOC-0063;WALKING;2026-08-17T07:00:00+03:00;OK;877;15;1205;LOCAL_VALHALLA_MATRIX;91bc1d2905608fde363cf777398392d74aa78fd2a8ae1f21a30a9c57f8683a9b;7e4b6563af0e3030f8430ad668c8c9ab506d29220ae3f518afbca3d2f01d37ed;2026-09-28T19:47:05.797752+00:00;false
LOC-0102;LOC-0064;WALKING;2026-08-17T07:00:00+03:00;OK;611;11;838;LOCAL_VALHALLA_MATRIX;d7b946991f23dd2f1529195801f2c302f10526e6e3f11497234599a308290399;85f7af82dabdca905723b9666b1bb73e6239068d9e9cf0bf61ad412a5e528be5;2026-09-28T19:47:05.797752+00:00;false
LOC-0102;LOC-0074;WALKING;2026-08-17T07:00:00+03:00;OK;4132;69;5763;LOCAL_VALHALLA_MATRIX;bbac6c1ec0da9c3b11d7fbbbed17c5ae3aea0dd6f110ab868af95dbf90d07607;fe0204c2afb8b6685eea80c15138bbcc90b040876a31a47491514803ba838991;2026-09-28T19:47:05.797752+00:00;false
LOC-0102;LOC-0075;WALKING;2026-08-17T07:00:00+03:00;OK;4154;70;5795;LOCAL_VALHALLA_MATRIX;ce5797b91b06f58595709f2dfad5cbe3eae8b29587215f87e042fe7970f962d1;6938a120efd11ff5a1095935c3f0782d707d4b4db295147cd62fd3be17fe0d0e;2026-09-28T19:47:05.797752+00:00;false
LOC-0102;LOC-0076;WALKING;2026-08-17T07:00:00+03:00;OK;3241;55;4517;LOCAL_VALHALLA_MATRIX;d41df2c43f9ce11f03cef3847699cb592c9e972927ecbcad47787a451beb409e;19ea1c068f6240bc04bba7eee3c2831d6cfb8466723c2b504d64933850fa4b04;2026-09-28T19:47:05.797752+00:00;false
LOC-0102;LOC-0078;WALKING;2026-08-17T07:00:00+03:00;OK;1164;20;1623;LOCAL_VALHALLA_MATRIX;992a0c55d6bedbb3aa8f7d152270003602994105435bd4f67b5481d8edc32452;55833b3bbf1952536c99a47461164af1451ca056d5f382c34391704633c60e14;2026-09-28T19:47:05.797752+00:00;false
LOC-0102;LOC-0080;WALKING;2026-08-17T07:00:00+03:00;OK;4531;76;6315;LOCAL_VALHALLA_MATRIX;09acec83c25a24445cb488200430e54fb97da4eb46d35e10ca4211fe3a947066;d62fc6f4023609b608e309eb4b4908d663fb0ffeabd7454480d6dbc2c74fd41b;2026-09-28T19:47:05.797752+00:00;false
LOC-0102;LOC-0082;WALKING;2026-08-17T07:00:00+03:00;OK;1333;23;1851;LOCAL_VALHALLA_MATRIX;b1cb0b48d98f70499e43d22b071946a6e966deb013f47c5595739ed8a0385c29;34a7a00216f3f19cd454f7d7ea0b3cee5245b56c1eef721cbf31abbb6fc338cd;2026-09-28T19:47:05.797752+00:00;false
LOC-0102;LOC-0085;WALKING;2026-08-17T07:00:00+03:00;OK;5960;100;13627;LOCAL_VALHALLA_MATRIX;0ee831f69087e07354dd7315e7dbdda46e31889280c5e47775d8af3ae9ecf72a;9f984a21488e5c90ede3b179daa029da2e086f7f39482ad5078cbbc407ff4bcc;2026-09-28T19:47:05.797752+00:00;false
LOC-0102;LOC-0086;WALKING;2026-08-17T07:00:00+03:00;OK;6038;101;13735;LOCAL_VALHALLA_MATRIX;10ea130b1fc50207c5f7e866ff7671577fb9546474d8ccd436e3c8b81a3039f7;336cc047cd1181bd80690f645f27c728e3a63849a1c4404741481b48319bf2b9;2026-09-28T19:47:05.797752+00:00;false
LOC-0102;LOC-0091;WALKING;2026-08-17T07:00:00+03:00;OK;7020;117;9818;LOCAL_VALHALLA_MATRIX;dea805ff799ee50060dc4365a0c31fb89aa4f3473d8c7bff50d673c54e1ba603;d453cf6c52c2fbabbabf43c610f1890a301094c52a9bfccd0af4472b0772502b;2026-09-28T19:47:05.797752+00:00;false
LOC-0102;LOC-0092;WALKING;2026-08-17T07:00:00+03:00;OK;6546;110;9131;LOCAL_VALHALLA_MATRIX;393c55f7eff9eefb48de0e87469f5f976d1069686fc52e811fcd412e5bb91e60;112aac9b2d07c203e2b6454a15330f3c6651792bd37211a668fa46cea49c5d83;2026-09-28T19:47:05.797752+00:00;false
LOC-0102;LOC-0093;WALKING;2026-08-17T07:00:00+03:00;OK;6438;108;8982;LOCAL_VALHALLA_MATRIX;5aff6b42498f1b4f20368f35c2965dc6ed0a88f8cabcfac5979bc9898833e9a7;bf7c3966f94f94691bbffb4275b5150793595dd25fcbe80dee8508e28ecf386d;2026-09-28T19:47:05.797752+00:00;false
LOC-0102;LOC-0094;WALKING;2026-08-17T07:00:00+03:00;OK;6265;105;13820;LOCAL_VALHALLA_MATRIX;6b4606cfb05a0509a9bd270fc18b4346454a972081ef9ab7142ce1bcd91987c0;d6ee4dc2a7163a4889f16519447fe4565af0448b34cd84cbe53a2d566892a2c4;2026-09-28T19:47:05.797752+00:00;false
LOC-0102;LOC-0095;WALKING;2026-08-17T07:00:00+03:00;OK;6505;109;17587;LOCAL_VALHALLA_MATRIX;8a40164e80cd28fa0a4cf1d9b489e870bb67d18ae4e66e42a1d8becdae4099fc;5e9c8945e2cf752a6d79c6fa1e8aa6ad0e2afef4003c57ea0911f282ddfdb560;2026-09-28T19:47:05.797752+00:00;false
LOC-0102;LOC-0102;WALKING;2026-08-17T07:00:00+03:00;OK;0;0;0;LOCAL_VALHALLA_MATRIX;1e2590ed4d44db57263f346a6383a586cca7093ccdca03e195d1c6f6b04245ee;3d5812abc84c11768aa73a732c85d75dbed439188f5bb3239e9b762ea31d9862;2026-09-28T19:47:05.797752+00:00;false
LOC-0102;LOC-0112;WALKING;2026-08-17T07:00:00+03:00;OK;5141;86;7163;LOCAL_VALHALLA_MATRIX;12cae706d97650680745ec59210a8ea7789662e11609e858067ada4725e996ff;29bebf23db680b960ca503e5c105c6e0535481e8a2ecb1835dd24e963aad524e;2026-09-28T19:47:05.797752+00:00;false
LOC-0102;LOC-0124;WALKING;2026-08-17T07:00:00+03:00;OK;2785;47;3877;LOCAL_VALHALLA_MATRIX;359e8f2fd269d6520109cb936b52cf3dce3b4ee5a30510c36b5fbd762b252b67;46a5c69872f2cfa460444ee1a6c9702cdb105875107caf30c19c5ac226d55fe8;2026-09-28T19:47:05.797752+00:00;false
LOC-0102;LOC-0125;WALKING;2026-08-17T07:00:00+03:00;OK;4785;80;6679;LOCAL_VALHALLA_MATRIX;f42fe8b6c13c26407ddead230019d4a0f3230bce69c0d40a74f83860298737fe;34316a0aa9a7e56b8073616efe10b383cbcce6358c4e4a795a6443d1b9a69741;2026-09-28T19:47:05.797752+00:00;false
LOC-0102;LOC-0126;WALKING;2026-08-17T07:00:00+03:00;OK;4695;79;6559;LOCAL_VALHALLA_MATRIX;4783405d72b6d5b77e39d2f67049e7d9240c12f749575a9aeeb7a12ef7406b58;101b2f53bc4e0cabf416a74f3e53e94d64c5e06264a9c7f420f3d68c8976518e;2026-09-28T19:47:05.797752+00:00;false
LOC-0102;LOC-0128;WALKING;2026-08-17T07:00:00+03:00;OK;5655;95;8129;LOCAL_VALHALLA_MATRIX;1e42a5b8b86a6f2b7bb22ae921e9170949e54c04d2470e1eab4ec9c4fd8366b0;84dc8f4e0f4156ace1b66e216837194c0e61bab92cd6da8faf28c0129bb9e4c5;2026-09-28T19:47:05.797752+00:00;false
LOC-0102;LOC-0134;WALKING;2026-08-17T07:00:00+03:00;OK;5325;89;12740;LOCAL_VALHALLA_MATRIX;d1f3fda00bb4e12d98cfa2e99d04bf0c7cd834d673eb5fe6900eede4c7503594;cae872323b03d8b1c9098ceb148db40a5794d7817f2945bec60726c267ddeb36;2026-09-28T19:47:05.797752+00:00;false
LOC-0102;LOC-0135;WALKING;2026-08-17T07:00:00+03:00;OK;5315;89;12726;LOCAL_VALHALLA_MATRIX;45ed1880c5cf0fc324ec36bef9b2993dc33813dddd293cdf93e615c79bc1e3be;2c0b67dff7e7a96593c3dc1b362e45ba3356300ed635215d647077ee0ecf7602;2026-09-28T19:47:05.797752+00:00;false
LOC-0102;LOC-0136;WALKING;2026-08-17T07:00:00+03:00;OK;5729;96;13300;LOCAL_VALHALLA_MATRIX;56c60301e67ae80c87ccf74d78d18bc84a5ae9d2ce707262e0bcdaf69d59195d;892d8357afac6d47d69a60f0a745b211448a96e3bce81fa74a2c950d0d4feb56;2026-09-28T19:47:05.797752+00:00;false
LOC-0102;LOC-0140;WALKING;2026-08-17T07:00:00+03:00;OK;3972;67;5553;LOCAL_VALHALLA_MATRIX;1447c9f5ed605a89da5db9af53c403075f9a29a7924f631870fd82d6481eec96;89160a6af88e9c2d5d4ac4488ecb2d3afe79d43406da95ecb6168e2b97c92b8a;2026-09-28T19:47:05.797752+00:00;false
LOC-0102;LOC-0141;WALKING;2026-08-17T07:00:00+03:00;OK;3527;59;4905;LOCAL_VALHALLA_MATRIX;0df61495dc73821d7dabed70f71192cfbacf6075d335f635b662106be72c0a4a;323a01424cc32ddaa0c6448985c40886c15ceb936592f54b684ad382b08b382b;2026-09-28T19:47:05.797752+00:00;false
LOC-0102;LOC-0142;WALKING;2026-08-17T07:00:00+03:00;OK;3726;63;5141;LOCAL_VALHALLA_MATRIX;d27701fbd1218b4a56271420cb2a50727d3b3200b90390a98024262838e1d34a;a624bf227cfe8158788a5989a9b879a9172fd27122dab2520aa20bf583dd201a;2026-09-28T19:47:05.797752+00:00;false
LOC-0102;LOC-0145;WALKING;2026-08-17T07:00:00+03:00;OK;6802;114;9483;LOCAL_VALHALLA_MATRIX;aa8b6f0ffbf78b9153c23ba287f0d45578c321fd5289059654b62e2f31376c7d;034859f919d1684b2fd7792042cead62aa3f466ae5591cc44e2b6aabf35b9244;2026-09-28T19:47:05.797752+00:00;false
LOC-0102;LOC-0148;WALKING;2026-08-17T07:00:00+03:00;OK;4054;68;5656;LOCAL_VALHALLA_MATRIX;05709bd4b23035bfd9e2c90669485db7c6ac2301b9b07d2aa497e5a5637f67d0;cc168604fbe7b7b96e6d7f1dc6816551749e15e32a06a9e106cc8d16a35a77f1;2026-09-28T19:47:05.797752+00:00;false
LOC-0102;LOC-0149;WALKING;2026-08-17T07:00:00+03:00;OK;3884;65;5419;LOCAL_VALHALLA_MATRIX;789592079e259d4451196e4cbc8096a4fd71c43a2e63a059437985db7ed0e26a;9642e62c1a3d3c56069299eb8bd99566b0314f0306f3845e5d8ca264e824b972;2026-09-28T19:47:05.797752+00:00;false
LOC-0102;LOC-0150;WALKING;2026-08-17T07:00:00+03:00;OK;3791;64;5284;LOCAL_VALHALLA_MATRIX;d14a8b34f72c57cf2cb50eabdf27c28ff95173952fb400c1d8d3b5ec8d399ec9;42ea1bd16e378c827144b2fe42fd7ffdac95513e852993c659abd8ccb6d9c7b9;2026-09-28T19:47:05.797752+00:00;false
LOC-0102;LOC-0151;WALKING;2026-08-17T07:00:00+03:00;OK;4067;68;5687;LOCAL_VALHALLA_MATRIX;bdddaf7781aadbe7864659fb1faeb2ed3be5e7a0549fdc6e9622671cc31fdf82;1adb12773d4c0cbe8aac4911c259913c2bc099e869b0462ea9f0fb593d1a1154;2026-09-28T19:47:05.797752+00:00;false
LOC-0102;LOC-0152;WALKING;2026-08-17T07:00:00+03:00;OK;4087;69;5735;LOCAL_VALHALLA_MATRIX;8142c824e933dfdc545520b611460fbe205df5a012b390418068cb052c7d6e5a;95ae443bac548d131fdbb936586b361f03a4a2c4d6eed1dc6abc1f88310ae46c;2026-09-28T19:47:05.797752+00:00;false
LOC-0102;LOC-0190;WALKING;2026-08-17T07:00:00+03:00;OK;5556;93;7754;LOCAL_VALHALLA_MATRIX;c8658d1e5e58dca74223a4b76746a2a0d7f4e9b30c9475310a0d8f29101f4be9;b20d233275e347f3b728f62a19dcdc254a925db9afe8a5bcd5a770e0f3280986;2026-09-28T19:47:05.797752+00:00;false
LOC-0102;LOC-0196;WALKING;2026-08-17T07:00:00+03:00;OK;5308;89;7369;LOCAL_VALHALLA_MATRIX;074f587997ec4450c504d3b8e415c3c705019679d46d640ef2a81b57e36f7ece;68b753efe8e885ce8b6d66842b8c4f8e8e2fe40f2eb1a7a7754a97c4122744bc;2026-09-28T19:47:05.797752+00:00;false
LOC-0112;LOC-0002;WALKING;2026-08-17T07:00:00+03:00;OK;4632;78;7597;LOCAL_VALHALLA_MATRIX;7aa9ee4a91f8e945b7c9b00d7dc1490caeb86cf101881d1f000bbf7ff72bf83a;ff632e66f10902dcb7d09556ce5dd3f2ad09eb71c534ec753a9f4cdc358d091e;2026-09-28T19:47:05.797752+00:00;false
LOC-0112;LOC-0008;WALKING;2026-08-17T07:00:00+03:00;OK;2491;42;3456;LOCAL_VALHALLA_MATRIX;e4b4998f290c0142f6beaa67b235208883fc2aa17b73af71b99227cf338f0fcd;647f29b67d7fb30fd520357a880e51bcbccd061a1aab802f34a345ef7c1087b1;2026-09-28T19:47:05.797752+00:00;false
LOC-0112;LOC-0009;WALKING;2026-08-17T07:00:00+03:00;OK;6727;113;17448;LOCAL_VALHALLA_MATRIX;a492b8954276e9b331aac089f81996ff705e3964277c87a02a6d387e0b1371b7;dec1196abf4f7a1e2ad6490a8f227a26d2785114b6592d91366f19df4475e3c5;2026-09-28T19:47:05.797752+00:00;false
LOC-0112;LOC-0010;WALKING;2026-08-17T07:00:00+03:00;OK;2672;45;3722;LOCAL_VALHALLA_MATRIX;d86b35e4df8beb0d36c84e4ee49ee545aad482c92a34eeaac71d7496671f0649;e90b3685c4373b9e3dde25ecf20a9fe3fd65d0165543802255fd5978bacdc863;2026-09-28T19:47:05.797752+00:00;false
LOC-0112;LOC-0011;WALKING;2026-08-17T07:00:00+03:00;OK;2425;41;3352;LOCAL_VALHALLA_MATRIX;8ed7aa2fe302abb1a196af2f3486d9e8cbcdea2660372b60edde22c5ce43c883;c972aabc18bd2a2d5275332ad7936dbc7f6135ab27177e15487cea50443577a9;2026-09-28T19:47:05.797752+00:00;false
LOC-0112;LOC-0012;WALKING;2026-08-17T07:00:00+03:00;OK;2109;36;2924;LOCAL_VALHALLA_MATRIX;ba666a249ed3f3f3cd8b887d9a59cb7982b7eda03492dd0f2121ed54dc929b57;35cdc182d02f3d50758111cbb789cf85464f73a357caa751f02729db1107dc21;2026-09-28T19:47:05.797752+00:00;false
LOC-0112;LOC-0013;WALKING;2026-08-17T07:00:00+03:00;OK;5135;86;8314;LOCAL_VALHALLA_MATRIX;ed0142e8935323fc6399a222bce20a37dd47b49c0429493696a1beb56058affd;89e60059f96dc6f511e31d3d8d4f9ed5bb1b366e4556ef0c2915468ee30888d3;2026-09-28T19:47:05.797752+00:00;false
LOC-0112;LOC-0016;WALKING;2026-08-17T07:00:00+03:00;OK;5634;94;7887;LOCAL_VALHALLA_MATRIX;d6cf85a337daba034f5826ee96e61d14b56855b12a9a9ee203ae43c9db949d95;61c5544bd46609037dd026e536b8811c8c72eb3135c5150c5f36c232e50dc15b;2026-09-28T19:47:05.797752+00:00;false
LOC-0112;LOC-0017;WALKING;2026-08-17T07:00:00+03:00;OK;2814;47;3931;LOCAL_VALHALLA_MATRIX;1ba508d4173aac81d242347323a976a230655555c5bb50baa098338a53bc9d25;cf57b5d0b84bb9ca190d67c549ce89614025e5b13836f612de0c22a29efe3d81;2026-09-28T19:47:05.797752+00:00;false
LOC-0112;LOC-0018;WALKING;2026-08-17T07:00:00+03:00;OK;2312;39;3249;LOCAL_VALHALLA_MATRIX;0c27d7e7174c2dae4dc66bd1b697237c691098a3f8e5478627d47dd8c12a77c8;bd80fe7ae19fe55252e32fd8e737911431776bc0a6beb0397d73f7b91a2d4a54;2026-09-28T19:47:05.797752+00:00;false
LOC-0112;LOC-0019;WALKING;2026-08-17T07:00:00+03:00;OK;2968;50;4137;LOCAL_VALHALLA_MATRIX;eb472bc16b7971b4d0e221e0a6a6aea65074892795948825eabbe56f7661aed0;5bf49b3920517c059173701acc819a44abdfba3bc9955de5656c68551b8ad40d;2026-09-28T19:47:05.797752+00:00;false
LOC-0112;LOC-0020;WALKING;2026-08-17T07:00:00+03:00;OK;2241;38;3134;LOCAL_VALHALLA_MATRIX;d81db8262c0f2939f9c72d9d256d7891c47dde6dc0377c3a4118af1408451b14;6a9291e793fc45f0c5a4b2f85f042cbe1d4d64c77530c48782c5696c45114fa8;2026-09-28T19:47:05.797752+00:00;false
LOC-0112;LOC-0023;WALKING;2026-08-17T07:00:00+03:00;OK;1701;29;2376;LOCAL_VALHALLA_MATRIX;8d95f1cd77d28df070a97fc4b6e651d82dcd06a37ec72d7671a67e6cbf5f2d23;69e5b5906d2aa6119dfa228352f3575b037aa783aea527f60dde08553f538fcf;2026-09-28T19:47:05.797752+00:00;false
LOC-0112;LOC-0027;WALKING;2026-08-17T07:00:00+03:00;OK;2012;34;2810;LOCAL_VALHALLA_MATRIX;f7c62309e29eb7f95b656ea4df318fb18ab7925b31e5df8a9066b75e1afe8e3f;6acca18062027416eed52d7a80be2478d9d430a15f010192d40f6d17e2a92fdb;2026-09-28T19:47:05.797752+00:00;false
LOC-0112;LOC-0028;WALKING;2026-08-17T07:00:00+03:00;OK;4607;77;6446;LOCAL_VALHALLA_MATRIX;2db29516e2b1229aff56e48a05728042059e20b396137696fdd5cda39e58fc75;54219b5035b257e33c292da7307b01c68edea582586a9e127767b29cac9297a9;2026-09-28T19:47:05.797752+00:00;false
LOC-0112;LOC-0029;WALKING;2026-08-17T07:00:00+03:00;OK;4490;75;6279;LOCAL_VALHALLA_MATRIX;cd1482c82e94055190dacf80e00eb41a7f5cd767b5edc2dc0f12b7135d6c49fe;80540c0788f3b9ebbc7cb52dbb5926b4d625f0099c2f2609be42e5c93c11b273;2026-09-28T19:47:05.797752+00:00;false
LOC-0112;LOC-0037;WALKING;2026-08-17T07:00:00+03:00;OK;4253;71;5944;LOCAL_VALHALLA_MATRIX;60a3fb6eb8975c5411bca80bd0742329336bcfbc0d9c1a42f838c584e029cd8c;5fc60dd45a80cb13add587930bf6eb0417782046e27ced8d7e0b917ecc76655a;2026-09-28T19:47:05.797752+00:00;false
LOC-0112;LOC-0045;WALKING;2026-08-17T07:00:00+03:00;OK;3683;62;5163;LOCAL_VALHALLA_MATRIX;2005b5aaa85f7cdad4d2ad067cffae3b7a52fa968852b0a6ab7924a64ddfad17;2a089a2fdc68d446909713f6ebe78305be8bc6edcbc5e8aa52bd3969e6af9f10;2026-09-28T19:47:05.797752+00:00;false
LOC-0112;LOC-0053;WALKING;2026-08-17T07:00:00+03:00;OK;5292;89;7390;LOCAL_VALHALLA_MATRIX;b47ea8c498dd9c6b8e42f25427255559dcaff00e6968a1ddc9a95205e83abb47;651518b4addc3012a50d4ebbe40c001ec2a9683939265fba6f8c5e76b681fe27;2026-09-28T19:47:05.797752+00:00;false
LOC-0112;LOC-0054;WALKING;2026-08-17T07:00:00+03:00;OK;4031;68;5628;LOCAL_VALHALLA_MATRIX;b7f799dced05e43d0c05ee564cb594c138beed42bdc14e6d79cd599648b9da9c;e8e7aca1cc7a2ee4edcfdf3179bf51ece745b2f21133714d81e69b0ff207412d;2026-09-28T19:47:05.797752+00:00;false
LOC-0112;LOC-0061;WALKING;2026-08-17T07:00:00+03:00;OK;2002;34;2722;LOCAL_VALHALLA_MATRIX;c27bc57636fceaf5ba2ce79cb59190db176f75ec0f0f0e6861a492c0d73fba60;dfa51216e1b8e3299d5d00912e8e9cca2563aa664826904b5a3e321f7ef2943b;2026-09-28T19:47:05.797752+00:00;false
LOC-0112;LOC-0063;WALKING;2026-08-17T07:00:00+03:00;OK;5452;91;7607;LOCAL_VALHALLA_MATRIX;74a78f65e25c67840a091fa7a9e1adb4b452747b73aaada63422e9c3a6f97099;112f94831163e75bd45087e2abe2feb89e254282329b60d85872ef423772d90d;2026-09-28T19:47:05.797752+00:00;false
LOC-0112;LOC-0064;WALKING;2026-08-17T07:00:00+03:00;OK;4970;83;6936;LOCAL_VALHALLA_MATRIX;c4b461d1b5c117d7af95825741928e46dbc668cc9245fbfa5d71d5547cfed622;caa6d0a1eb8085feed06ee50762e1f080735b7eb699fdcc79f5ee556d41fa676;2026-09-28T19:47:05.797752+00:00;false
LOC-0112;LOC-0074;WALKING;2026-08-17T07:00:00+03:00;OK;1728;29;2424;LOCAL_VALHALLA_MATRIX;e56684ea1e08cd45a47ed3097c6466ed644a4e8ed597e3cef4f521b904b4376e;2a6c99c3b458026dd16c51eb3f4df820041ee7ccf5ff6dabc814bbbce723ea1b;2026-09-28T19:47:05.797752+00:00;false
LOC-0112;LOC-0075;WALKING;2026-08-17T07:00:00+03:00;OK;2138;36;3002;LOCAL_VALHALLA_MATRIX;083ff67917dc77d6aa8249837caf8a0577352dd4cec3a54d50a1f4706cd6bfdc;b22019fb79beebb36c13d40b0e1b6c06790af65599d2528c3d3bb024b70794e2;2026-09-28T19:47:05.797752+00:00;false
LOC-0112;LOC-0076;WALKING;2026-08-17T07:00:00+03:00;OK;5848;98;8190;LOCAL_VALHALLA_MATRIX;de00ce421048e478e7fb529763a1e6c8bd700142768f2da23e12e73307211d9f;f6c6a33c84aef3c2e187e82686bc60367b605e8c57035142f5cd1d002b3d5267;2026-09-28T19:47:05.797752+00:00;false
LOC-0112;LOC-0078;WALKING;2026-08-17T07:00:00+03:00;OK;4236;71;5915;LOCAL_VALHALLA_MATRIX;c9079ac3eb48cff694d54b2751952266b5526c035d91ddc6b4dc84f3fb8a8427;1cc77b372a5c68ee717dd7f741915a4a9071b3c32b5c4dc9007e3aa43e677bbe;2026-09-28T19:47:05.797752+00:00;false
LOC-0112;LOC-0080;WALKING;2026-08-17T07:00:00+03:00;OK;1792;30;2501;LOCAL_VALHALLA_MATRIX;ce55f8e861595e839ecbdee42e63cef909aa4b8fe1ce41caa85ad6a45575d85c;ec50726728a971ceb80a4a39a728a010552542f2ce96f91007086049f7ae4b58;2026-09-28T19:47:05.797752+00:00;false
LOC-0112;LOC-0082;WALKING;2026-08-17T07:00:00+03:00;OK;5060;85;7058;LOCAL_VALHALLA_MATRIX;c2a00b4e6972ebf90e0a6d41348243f04313bf6071b3a1900e29bacc9406614d;3ee1a5dc046fdf774ac29bffb29efaf8be266e15a0b0ace4f71a12cd04afdaaa;2026-09-28T19:47:05.797752+00:00;false
LOC-0112;LOC-0085;WALKING;2026-08-17T07:00:00+03:00;OK;5967;100;9500;LOCAL_VALHALLA_MATRIX;0cd00f86a3269622593f2b50c6857922fc73f367c15236989203f9b41400b25d;f3f45f07eb9f3eca253e8ad198ba287b998bf51755b68a1ef7a413e0ba9deb3d;2026-09-28T19:47:05.797752+00:00;false
LOC-0112;LOC-0086;WALKING;2026-08-17T07:00:00+03:00;OK;6046;101;9608;LOCAL_VALHALLA_MATRIX;5ef9e7639eff43d1fced0dd01ee66e679d326c7a0f65a1a92a445f5acf9d3ad0;5b7c9d5645d00ddfa2da75bf96e2727b535f42de34a8a778e984120b8628658c;2026-09-28T19:47:05.797752+00:00;false
LOC-0112;LOC-0091;WALKING;2026-08-17T07:00:00+03:00;OK;2195;37;3077;LOCAL_VALHALLA_MATRIX;0bf196c0ac4dc14f6822ee94d70fa46cbdd2211eef32e86cfb47437abf57d232;55e806431ae74e9dbb7e53cc9a29032ec0e5a3a28020876ffe3affb93edbaf75;2026-09-28T19:47:05.797752+00:00;false
LOC-0112;LOC-0092;WALKING;2026-08-17T07:00:00+03:00;OK;1644;28;2303;LOCAL_VALHALLA_MATRIX;a975b6dff2a981d81abeb2e4ffa69bc843c30fc1ee1ca62cd0837953a744c5f1;04d9c44898b11ba781140b8522ac9df9dcfb361410251e4269502fe15b39ff08;2026-09-28T19:47:05.797752+00:00;false
LOC-0112;LOC-0093;WALKING;2026-08-17T07:00:00+03:00;OK;1535;26;2148;LOCAL_VALHALLA_MATRIX;edb43968b5657a96566f36523f897c6b0344a3332de00e5cb3ca3e37b0e53a2e;d64ead1357944f58f60fdafc4fd0f0efa98dbed16586b38ff2e8b88fefec87c3;2026-09-28T19:47:05.797752+00:00;false
LOC-0112;LOC-0094;WALKING;2026-08-17T07:00:00+03:00;OK;6795;114;13859;LOCAL_VALHALLA_MATRIX;17eae572f0a64a5fc9dbd7651adb80e303c1bdde9c782f5d9e81026c1655f07c;4ae29069b3472df996b84a63af0dc634432f5b914135c7ccf6708e5337ff3af7;2026-09-28T19:47:05.797752+00:00;false
LOC-0112;LOC-0095;WALKING;2026-08-17T07:00:00+03:00;OK;6035;101;12765;LOCAL_VALHALLA_MATRIX;4dfcc9b5c59f54cfb0a1468841391224ef25c959b348d2180107650dc7046f96;6a521b5f3db8219310f6ff4f8b551bcd3acc18ea31edd817c56c84607c385d62;2026-09-28T19:47:05.797752+00:00;false
LOC-0112;LOC-0102;WALKING;2026-08-17T07:00:00+03:00;OK;5136;86;7166;LOCAL_VALHALLA_MATRIX;3234aaf7e5f330e76ea0d8e74e20ef85f90cb9e7e4256187f12f65a4f498024a;bc898f5b4286a5a7b496515f8db3a0b05555ed510e6211812ea95622f436fd97;2026-09-28T19:47:05.797752+00:00;false
LOC-0112;LOC-0112;WALKING;2026-08-17T07:00:00+03:00;OK;0;0;0;LOCAL_VALHALLA_MATRIX;553c7688c909e9d282bf15ea9ba920d04b1abfc88588121a1253f14b32d44d24;3d5812abc84c11768aa73a732c85d75dbed439188f5bb3239e9b762ea31d9862;2026-09-28T19:47:05.797752+00:00;false
LOC-0112;LOC-0124;WALKING;2026-08-17T07:00:00+03:00;OK;6986;117;17848;LOCAL_VALHALLA_MATRIX;d981d0094d5c1da32e415f10da982001be621db213c6fec7ff6bcb458b6af4d8;6f39cc187ee43e6558adc5afeff718acdebc3a046256165ccacc17e972b2aaca;2026-09-28T19:47:05.797752+00:00;false
LOC-0112;LOC-0125;WALKING;2026-08-17T07:00:00+03:00;OK;2115;36;2952;LOCAL_VALHALLA_MATRIX;00bc219b1924cc2f1fdd9370d6fba8338e242ae34f093008d811d83736897ff0;de60fb91381b21d12457790aac20dc6fceb774a4fd7dd50e815c132c9a89ab3e;2026-09-28T19:47:05.797752+00:00;false
LOC-0112;LOC-0126;WALKING;2026-08-17T07:00:00+03:00;OK;1019;17;1385;LOCAL_VALHALLA_MATRIX;af31b8fa6c3bd03a9994f8844749aebff9592f8a16b13dca5e4614f7a9812498;13cb53fd5607a77b3621bafbe09317ab1982ee0e8a091459eccef868771e929f;2026-09-28T19:47:05.797752+00:00;false
LOC-0112;LOC-0128;WALKING;2026-08-17T07:00:00+03:00;OK;4178;70;5792;LOCAL_VALHALLA_MATRIX;d728c5a3c831a338d6a4d651e4d05e79216a6eaa6c060986c4959b86f24d9d47;339fd062c673a56c563dc54aae32762d0ff7dae7881123ce7c7bf0936bcbc247;2026-09-28T19:47:05.797752+00:00;false
LOC-0112;LOC-0134;WALKING;2026-08-17T07:00:00+03:00;OK;4855;81;7918;LOCAL_VALHALLA_MATRIX;4a903b86551921c025d7767b0f55e76aa96bbb2e104d53a9f37953599b6bf83c;ecbae8b7ae6aa2e26e37b183de93c6c6dcedbd243e845c679bc086b30650825b;2026-09-28T19:47:05.797752+00:00;false
LOC-0112;LOC-0135;WALKING;2026-08-17T07:00:00+03:00;OK;4845;81;7904;LOCAL_VALHALLA_MATRIX;ec85652185439081b327c4ecb2c2a07451ecb07cdc1e4cde08a25dbb6e67b09d;c53ec29484901326c1991adf33617a4a83553dec881aedf05e1d43b23e95f6a5;2026-09-28T19:47:05.797752+00:00;false
LOC-0112;LOC-0136;WALKING;2026-08-17T07:00:00+03:00;OK;5259;88;8478;LOCAL_VALHALLA_MATRIX;0e1101dcbe4bf5e9b8ab86414fae54200296f5903e47307776b1b224ee8047c2;9520262421e90da54e6ad5de7d3994820bcf34c204027cc07752d00d50c272b7;2026-09-28T19:47:05.797752+00:00;false
LOC-0112;LOC-0140;WALKING;2026-08-17T07:00:00+03:00;OK;5676;95;8057;LOCAL_VALHALLA_MATRIX;e5b6ff06a8f64189e9753067db7a036fe68ade1d347bd9e7a8b052040e9e3142;879fab210706559b1b1200d79519ce673b72c4e11827a0f1a17f8c144c12b1f6;2026-09-28T19:47:05.797752+00:00;false
LOC-0112;LOC-0141;WALKING;2026-08-17T07:00:00+03:00;OK;5589;94;7834;LOCAL_VALHALLA_MATRIX;27657cdbf66ee42fe5d13d29f36a009ef3bf3cd09112517bbfca4add698c6b91;b368ba33746320c3165f6a35dbaf581a98c8a6b5bf1343ce5688c36d45ecbdb0;2026-09-28T19:47:05.797752+00:00;false
LOC-0112;LOC-0142;WALKING;2026-08-17T07:00:00+03:00;OK;7781;130;21045;LOCAL_VALHALLA_MATRIX;75756bc5536a69cd228891ed4b77bb88ee680d3371e821d14c803f436fff6217;3ecdbbd76cd8718ada23fb12b496074f51df50ed7132f551ef060994da599ea2;2026-09-28T19:47:05.797752+00:00;false
LOC-0112;LOC-0145;WALKING;2026-08-17T07:00:00+03:00;OK;1900;32;2655;LOCAL_VALHALLA_MATRIX;9e62b8b46b2c186510ae3702a839a17bb4ed5afcfac7f0f31a681b1f958dd08a;41bbbf2b19612da0b8f5bebb7260e464cd39e6f203684cb41a7dc8995d0860ca;2026-09-28T19:47:05.797752+00:00;false
LOC-0112;LOC-0148;WALKING;2026-08-17T07:00:00+03:00;OK;2250;38;3161;LOCAL_VALHALLA_MATRIX;57c5a8fe40f53ff38bfdee5dfe635c664224f0a7d28f3692a79cad461b669438;dab7496de9c420ec6095879ec5ca30df9d9c0edd67fe00f9120492e5bad2eb62;2026-09-28T19:47:05.797752+00:00;false
LOC-0112;LOC-0149;WALKING;2026-08-17T07:00:00+03:00;OK;2053;35;2886;LOCAL_VALHALLA_MATRIX;11b6d81ac5bd7879ddb417df197f0d26aafe41122440b12b8618cc309be2f4ee;ac062c3db6017d192438b51c8e3fd845ae17561363218808cb9d97dcb9bde5b6;2026-09-28T19:47:05.797752+00:00;false
LOC-0112;LOC-0150;WALKING;2026-08-17T07:00:00+03:00;OK;1945;33;2715;LOCAL_VALHALLA_MATRIX;5572f792b9810ab7e3986798a20647e885b14d7e10e0f3d1543fac188e4f8f7f;5387479ac1ccc16a5332f91730c6e6d71ca1994d5d8f8f8681d5d09d354d091d;2026-09-28T19:47:05.797752+00:00;false
LOC-0112;LOC-0151;WALKING;2026-08-17T07:00:00+03:00;OK;2640;44;3678;LOCAL_VALHALLA_MATRIX;6d054cb0721c10e9952854c82d2c10edc063c8b7035e226df2a01b78d695aa6c;5429cdc95d82ebe55614a41afe34afe05f8b055cbf449fe3cb42678fea146428;2026-09-28T19:47:05.797752+00:00;false
LOC-0112;LOC-0152;WALKING;2026-08-17T07:00:00+03:00;OK;2642;45;3683;LOCAL_VALHALLA_MATRIX;57ed6fdd6765955a4a0e2117c1425d1ab53e57a3fb6158db2d025d547a0c1dc9;fa74025265015d1eee6ca77c98f4225c4c64897ffcf7940871aef794308030a2;2026-09-28T19:47:05.797752+00:00;false
LOC-0112;LOC-0190;WALKING;2026-08-17T07:00:00+03:00;OK;1636;28;2263;LOCAL_VALHALLA_MATRIX;72bdc9bcd024e594329413797e684cc39a2bccc44a892c15dde3dc8186d34275;60f24b3fa3bcd3b919402307226939fb1db19f0dd8a0f59e0d02bcafa6c0f988;2026-09-28T19:47:05.797752+00:00;false
LOC-0112;LOC-0196;WALKING;2026-08-17T07:00:00+03:00;OK;2798;47;3897;LOCAL_VALHALLA_MATRIX;8f8745e45d9b2dc9cc43a4a1185f51aa71631971b781469916dc9bcc6afa6af0;b7de58d69f6f1606ab0995b3ff114d07967347b5af2e777748a87b8f9440c47f;2026-09-28T19:47:05.797752+00:00;false
LOC-0124;LOC-0002;WALKING;2026-08-17T07:00:00+03:00;OK;5711;96;17677;LOCAL_VALHALLA_MATRIX;bade8a2b1183b22d82dfcdbc1c723ef15bde4168c309feff7b87b8ceea0af00a;b0ccafe90ad37ef91d81d6c79bd9991c13f3ba4e1c6bd166776ee55d4324a683;2026-09-28T19:47:05.797752+00:00;false
LOC-0124;LOC-0008;WALKING;2026-08-17T07:00:00+03:00;OK;8405;141;19869;LOCAL_VALHALLA_MATRIX;0581d42cf3a71c139ceab8105aa515fb508d8d04540b6d4514d112cebd89d6b1;4e7a324507286f8fb5a63050187a489b848f81e457fd05743ea5dbd5d2080ba6;2026-09-28T19:47:05.797752+00:00;false
LOC-0124;LOC-0009;WALKING;2026-08-17T07:00:00+03:00;OK;558;10;738;LOCAL_VALHALLA_MATRIX;d09fef9224799c69ce1595e300dd479e033c1f9780311619c1371c39b642d1a3;0c674471599aa66540b414f0ee61075dd79905ae99901261ce10049a4e548854;2026-09-28T19:47:05.797752+00:00;false
LOC-0124;LOC-0010;WALKING;2026-08-17T07:00:00+03:00;OK;8851;148;20506;LOCAL_VALHALLA_MATRIX;46ccbf29ec91cf4c48796aad0a0d16323a281a5dae60c9b4424c45883a31ee3c;b97c87d34c344c55a16ed62e8ba3ee3c6b730a57f68db027029861e07b3b189e;2026-09-28T19:47:05.797752+00:00;false
LOC-0124;LOC-0011;WALKING;2026-08-17T07:00:00+03:00;OK;7958;133;19220;LOCAL_VALHALLA_MATRIX;432795aced8716b9b7ce70528f28ab697cd798c1fe75cdc00fdb010c4e6b2109;49c1830bef64b375dff8f9e942e171c7cfd70e7d3d99935a68a5d30f72b19979;2026-09-28T19:47:05.797752+00:00;false
LOC-0124;LOC-0012;WALKING;2026-08-17T07:00:00+03:00;OK;8023;134;19339;LOCAL_VALHALLA_MATRIX;30b97e384938936ab427eee2f7c954b8e5349cd3b5e3961b4e5632a3ffdba0ff;1bca13ef95d41fd420d67a4aebb36a63fa755e1d31287e1e477e1c9561a90d2e;2026-09-28T19:47:05.797752+00:00;false
LOC-0124;LOC-0013;WALKING;2026-08-17T07:00:00+03:00;OK;6213;104;18394;LOCAL_VALHALLA_MATRIX;9cae40f438a4c61e3a3f418d4a825b1a817e18184d5047dc5ae3e835d5245632;479851d043b0679354f612bde023d4b9655d0c61bf60c630099efd25a153be8f;2026-09-28T19:47:05.797752+00:00;false
LOC-0124;LOC-0016;WALKING;2026-08-17T07:00:00+03:00;OK;4718;79;10565;LOCAL_VALHALLA_MATRIX;c9731bb3290bc56575c7c271e8df79a142d4ae9d7abd9a083bc4a810faaac431;5011c86923a060a35d675e3971e50ea82d8b62bbbc8d81e302e6352732c4d5f5;2026-09-28T19:47:05.797752+00:00;false
LOC-0124;LOC-0017;WALKING;2026-08-17T07:00:00+03:00;OK;5103;86;11857;LOCAL_VALHALLA_MATRIX;b1267ec751f71aced9488273d8976f8f4f0c9167258998c954ee99958904f28c;443c31724e72d36b366cd7ac00e138f2c1630205261190c98b52081fced77eb7;2026-09-28T19:47:05.797752+00:00;false
LOC-0124;LOC-0018;WALKING;2026-08-17T07:00:00+03:00;OK;5463;92;12343;LOCAL_VALHALLA_MATRIX;000cdbdf7131d2bccae7a133e606f315052af3c232152738596c885b81018505;40bc423e41c057942d6551647f554905f3adabdd360d83ae6bedc0ae9c50333b;2026-09-28T19:47:05.797752+00:00;false
LOC-0124;LOC-0019;WALKING;2026-08-17T07:00:00+03:00;OK;9147;153;20921;LOCAL_VALHALLA_MATRIX;178ef390b318263dc755578f7aee7fd36a8147aed52fe33138809c74d388fc30;5f35ca5c50639390c88bfa23c1445ce8f5068d5539c3ddf997216672a1e707c9;2026-09-28T19:47:05.797752+00:00;false
LOC-0124;LOC-0020;WALKING;2026-08-17T07:00:00+03:00;OK;9020;151;20732;LOCAL_VALHALLA_MATRIX;162ee8eab7835c658164490d41ac2d311c7ceafa3aa87d4c56821190355ee475;34272749a344f29f1ed9a4c7eba1cb326e5231118b9f1fd00c793fabde71198e;2026-09-28T19:47:05.797752+00:00;false
LOC-0124;LOC-0023;WALKING;2026-08-17T07:00:00+03:00;OK;6654;111;14011;LOCAL_VALHALLA_MATRIX;21731d33099f47bc743d9ff407535d131a5acbf150750e5428d37f4f20780e30;177c3e239c0569dd42430a4747c8da2e698f8029a2fe0d4452cca85e09737ba9;2026-09-28T19:47:05.797752+00:00;false
LOC-0124;LOC-0027;WALKING;2026-08-17T07:00:00+03:00;OK;5479;92;15773;LOCAL_VALHALLA_MATRIX;653975c28dd836cfc1da94ef8b4b3d557f72ddbc35e961c5bb685024a2e3d576;e57251ce1324081421faa69b6360e016a8c4eed90cf10ea298e8e59fa892882c;2026-09-28T19:47:05.797752+00:00;false
LOC-0124;LOC-0028;WALKING;2026-08-17T07:00:00+03:00;OK;4862;82;14209;LOCAL_VALHALLA_MATRIX;929842294809b189d9221eb8ba4ab04d89aefbc83152c1ba1069e982dfd06a29;e0ae506cb367491a886839befabff79502854bc268e28c25cafa9d8e04a4fc1d;2026-09-28T19:47:05.797752+00:00;false
LOC-0124;LOC-0029;WALKING;2026-08-17T07:00:00+03:00;OK;4745;80;14042;LOCAL_VALHALLA_MATRIX;63c82830861d43772a8fc197e539809dc52305795294724482c1278169584f17;2707c0fed1b5b313f74584e2e82681159c4fab3b49726554f217415d8e22eb9f;2026-09-28T19:47:05.797752+00:00;false
LOC-0124;LOC-0037;WALKING;2026-08-17T07:00:00+03:00;OK;6888;115;17744;LOCAL_VALHALLA_MATRIX;d66fa2d2688f1c6e76e1d82cc1ead0c4519afb75ef48f7004262a9a4e894ae20;7a1ed4902c623823657822257847b77d2df88f12dcac18489058a9f55c983f97;2026-09-28T19:47:05.797752+00:00;false
LOC-0124;LOC-0045;WALKING;2026-08-17T07:00:00+03:00;OK;3993;67;5581;LOCAL_VALHALLA_MATRIX;ed1a636a6198bff838eaa8f7f22dfa1427e9e07f4f7ce3e07e095e7a99c9a950;428a13a6c03f5b5b2cc5b9c3f313080ad1f9f596f20da9dc43dfd6d1a6850aaa;2026-09-28T19:47:05.797752+00:00;false
LOC-0124;LOC-0053;WALKING;2026-08-17T07:00:00+03:00;OK;5588;94;15382;LOCAL_VALHALLA_MATRIX;c4a6fb2f92952fb8cfc49eba7044d531e9eace831e989dbce284df2a00da733d;540229e7c48d474e2c65adfa619897229c6819ef087e512f351997e79bafe7f5;2026-09-28T19:47:05.797752+00:00;false
LOC-0124;LOC-0054;WALKING;2026-08-17T07:00:00+03:00;OK;6734;113;17526;LOCAL_VALHALLA_MATRIX;b34e3ef58f85efb66048988468d699d67cd2659ed93b07f4d62b006112939b54;5d9b959688b7d0ea54c665788e13dab6fc6aeaa8d651d3ebcf4561f834ea318c;2026-09-28T19:47:05.797752+00:00;false
LOC-0124;LOC-0061;WALKING;2026-08-17T07:00:00+03:00;OK;7908;132;19122;LOCAL_VALHALLA_MATRIX;3ed8adf28c9413e51d8bf99367ebe2247529ad22c71ca610918abdaf729e2f33;bd61202706c3c72e2cad7afdedcfeda3fb0d8265addb240544e850eb77335dbf;2026-09-28T19:47:05.797752+00:00;false
LOC-0124;LOC-0063;WALKING;2026-08-17T07:00:00+03:00;OK;3529;59;4904;LOCAL_VALHALLA_MATRIX;262dd4a5685c92e8ecef0f0d48a7f54b9a089900afdb1e1368d27cfe9264f1a1;86daa08d479b85e194726146cb47e855048638a7d23e94173cfa5f366bdcd21b;2026-09-28T19:47:05.797752+00:00;false
LOC-0124;LOC-0064;WALKING;2026-08-17T07:00:00+03:00;OK;3335;56;4618;LOCAL_VALHALLA_MATRIX;56624b44431df6b50acc652176e7a0ed30849fbcbbbcb2be58762ca64fd9913d;d02779955485f2f1207d6dda09ad0608710384832a0947ea97d795ee29191d09;2026-09-28T19:47:05.797752+00:00;false
LOC-0124;LOC-0074;WALKING;2026-08-17T07:00:00+03:00;OK;6114;102;13271;LOCAL_VALHALLA_MATRIX;aa493caebdb9859aea9e1980ff5494c0e577cfdd3f7e71030abebd8111950b93;048c7983d0d584ec638ff2ea09b34e77e7363dcd2c25f3c0547e338097514452;2026-09-28T19:47:05.797752+00:00;false
LOC-0124;LOC-0075;WALKING;2026-08-17T07:00:00+03:00;OK;5621;94;12589;LOCAL_VALHALLA_MATRIX;356827bb590a7ead3e28117938d958dfc98f03361cb7d0f2d0fea102ee78b266;55d252381219c25280577341d2f6bd2409c98fcf112fae7388dcc87af9d9d65b;2026-09-28T19:47:05.797752+00:00;false
LOC-0124;LOC-0076;WALKING;2026-08-17T07:00:00+03:00;OK;4348;73;10055;LOCAL_VALHALLA_MATRIX;c30c4be36de97f29b70e6d1cc953d8db205221395c93c0d39dc61653c6122af5;725e9ed22d49853a63bf0a459646363f5cb6f59e7f4155eeb8be41b1305e9847;2026-09-28T19:47:05.797752+00:00;false
LOC-0124;LOC-0078;WALKING;2026-08-17T07:00:00+03:00;OK;3692;62;5159;LOCAL_VALHALLA_MATRIX;622f555dc998ad1000e3f03c8ca037b877857d0ea8825d2eba07df87e2c1cf6e;860eb4fef60ed0287d31c78fb3c0d2f44d2f171d2f33b39d144f2e2b276fbdd2;2026-09-28T19:47:05.797752+00:00;false
LOC-0124;LOC-0080;WALKING;2026-08-17T07:00:00+03:00;OK;5834;98;12875;LOCAL_VALHALLA_MATRIX;bd9c826639f9e99d42a3fc5691721269549b5a6909c2d83204cbf17a9b6890ff;34560c5281c0671a86738fd37255376f0519bc9ae69814396a0321136d8fedc8;2026-09-28T19:47:05.797752+00:00;false
LOC-0124;LOC-0082;WALKING;2026-08-17T07:00:00+03:00;OK;3994;67;5545;LOCAL_VALHALLA_MATRIX;3292554d4d4313c47d76261e97c13e76d2aa77e94492171934cf3dceb06aeb27;1f40eec9e11c5bcadb49a83755105ef62e2d0d5bddbb0e1b4ac9ae7f02afea20;2026-09-28T19:47:05.797752+00:00;false
LOC-0124;LOC-0085;WALKING;2026-08-17T07:00:00+03:00;OK;6569;110;18885;LOCAL_VALHALLA_MATRIX;7ed034d7a37a7c06cae288cb76de283775a9907284280b3f2f0d074c7500582d;8a9e0252311e5117f4e7e270a9def1f3ae025722353c45ca176f43c4a9b4a9c8;2026-09-28T19:47:05.797752+00:00;false
LOC-0124;LOC-0086;WALKING;2026-08-17T07:00:00+03:00;OK;6647;111;18993;LOCAL_VALHALLA_MATRIX;b92be967af58ff2c69e93c17dedab7fecefb78903f62228ee34dde9441cfb5d1;dbbb87888cc542f8e28693b67d505217c09e570ab9b5cbd27e9229cdda727a2b;2026-09-28T19:47:05.797752+00:00;false
LOC-0124;LOC-0091;WALKING;2026-08-17T07:00:00+03:00;OK;8585;144;20128;LOCAL_VALHALLA_MATRIX;6deeb2e5a1de7a265a8cdc0840a225012c6a956ec46f4a060fca29db2dba4905;3fe079765b7e34b05e9bc994451a3344724ccfc8b54cfab38a09926dcdf05094;2026-09-28T19:47:05.797752+00:00;false
LOC-0124;LOC-0092;WALKING;2026-08-17T07:00:00+03:00;OK;8210;137;19601;LOCAL_VALHALLA_MATRIX;85d3350a8c65bd7fe200fe0aa7cd221124bae31531d75fb85b5ccf6850549edf;b552b1f584b13a1db233bc50aecd5d27038ce2b12354283802de37143eee6869;2026-09-28T19:47:05.797752+00:00;false
LOC-0124;LOC-0093;WALKING;2026-08-17T07:00:00+03:00;OK;8069;135;19406;LOCAL_VALHALLA_MATRIX;81508d1582c220efe7cb878e2995aec409499603815fbb5969cd33855080129d;d9a34c334b899446d000f693abe287b671c8bee3f6d6c8634efb2e420109d01e;2026-09-28T19:47:05.797752+00:00;false
LOC-0124;LOC-0094;WALKING;2026-08-17T07:00:00+03:00;OK;7397;124;23244;LOCAL_VALHALLA_MATRIX;56d55349254f6a388b84d4e40ab8f55e832049911a9dda8d985926bbd2fd8876;17de4dffc2ad026854300bafda5ee90ed157063a10528d585779410288f6dd03;2026-09-28T19:47:05.797752+00:00;false
LOC-0124;LOC-0095;WALKING;2026-08-17T07:00:00+03:00;OK;7114;119;22845;LOCAL_VALHALLA_MATRIX;5e71c38b6de446e106819a49cee393a8468f07d59018e23c14868815235b1e44;07ea446a34e5fa8a44d1568e79e3e57fba11db12c64349f35bcd0e513c5921d4;2026-09-28T19:47:05.797752+00:00;false
LOC-0124;LOC-0102;WALKING;2026-08-17T07:00:00+03:00;OK;2785;47;3877;LOCAL_VALHALLA_MATRIX;605168b9f3f9189ef8ca8c184b8f5d673508e9a9674bca112cbaf548bdd45197;46a5c69872f2cfa460444ee1a6c9702cdb105875107caf30c19c5ac226d55fe8;2026-09-28T19:47:05.797752+00:00;false
LOC-0124;LOC-0112;WALKING;2026-08-17T07:00:00+03:00;OK;6985;117;17848;LOCAL_VALHALLA_MATRIX;adafa63a07c037603bb3782ff099f8b57ede3eab5dc568bbe0f6b018b1f5593d;2c75988154edf2fcaa6dbd5a5b7a6d05a7b2aa44738f2b8a4f7e9f8c1d378c83;2026-09-28T19:47:05.797752+00:00;false
LOC-0124;LOC-0124;WALKING;2026-08-17T07:00:00+03:00;OK;0;0;0;LOCAL_VALHALLA_MATRIX;073c847937534c95195737d5565be34fdd484f756d6c13c332a0c51e5ba63050;3d5812abc84c11768aa73a732c85d75dbed439188f5bb3239e9b762ea31d9862;2026-09-28T19:47:05.797752+00:00;false
LOC-0124;LOC-0125;WALKING;2026-08-17T07:00:00+03:00;OK;5843;98;12872;LOCAL_VALHALLA_MATRIX;d624ec6dedaa155d5b605d3e2e73fa02043112078fa417fea242e759a386c131;3f1d53e198703d07d183f2d0be7c9856c4ce20c13391d65807cf4b41f29b7e5e;2026-09-28T19:47:05.797752+00:00;false
LOC-0124;LOC-0126;WALKING;2026-08-17T07:00:00+03:00;OK;6212;104;16790;LOCAL_VALHALLA_MATRIX;709df70ab8b42a3479cc29e65cf657407b00ee78f5515a78421a70234b69f070;2106df8299a847f83c810195771c2a0565cad2c6a855d1a238f59c16cecd7ac0;2026-09-28T19:47:05.797752+00:00;false
LOC-0124;LOC-0128;WALKING;2026-08-17T07:00:00+03:00;OK;6717;112;17502;LOCAL_VALHALLA_MATRIX;2633c3e2e929ae6cdf5ca898799098b4e03a476447e2ce4db4e7feaf23d77865;da07409979482f5095a5d750f775f1d765d6ae1b0205dcef09002ca31a8f3acd;2026-09-28T19:47:05.797752+00:00;false
LOC-0124;LOC-0134;WALKING;2026-08-17T07:00:00+03:00;OK;5934;99;17998;LOCAL_VALHALLA_MATRIX;086aed42636e4abfd063aad54aeb5c9d6bd4d92e56747971bb1e7e6c4b5f37b2;cd11d6fdf71524a7796edb5a1941ac4f46fc9c825bc088ee3c47d72f3c2a885a;2026-09-28T19:47:05.797752+00:00;false
LOC-0124;LOC-0135;WALKING;2026-08-17T07:00:00+03:00;OK;5924;99;17984;LOCAL_VALHALLA_MATRIX;6037144a5f3d20e49a268d5340057b87f18358a8171825bc4d00efb7b033fc1f;944fe7dff2c757af1517a901578dd4591dc655f4a5f3d0ef91edc27ccb3aee58;2026-09-28T19:47:05.797752+00:00;false
LOC-0124;LOC-0136;WALKING;2026-08-17T07:00:00+03:00;OK;6338;106;18558;LOCAL_VALHALLA_MATRIX;0d4ad9b188b59bf6ba869122b81417529c78ec484c81e0476fc0b5f535da0a27;821473a901f94de9cff587c00a5351c896276fc77b64bbfb1a2e50edf64a1944;2026-09-28T19:47:05.797752+00:00;false
LOC-0124;LOC-0140;WALKING;2026-08-17T07:00:00+03:00;OK;5954;100;15915;LOCAL_VALHALLA_MATRIX;0c35fe5e6d5ca4ca8a47b32c91599c6daa0cae942429cb697b654b16adda35f2;0be29e53c8e91817795435c4c6fa7d7ecca35c28047fcdefd1d4b5fdad5f0078;2026-09-28T19:47:05.797752+00:00;false
LOC-0124;LOC-0141;WALKING;2026-08-17T07:00:00+03:00;OK;1761;30;2451;LOCAL_VALHALLA_MATRIX;ec9f9eeb71edeb0019d2ef54603d71aff9d28603149be12e3a4b30d7baae2935;08737b287df04bd2e3d8b6f12779d0ac78ef9f4d5d08fd5a0542346971d03d40;2026-09-28T19:47:05.797752+00:00;false
LOC-0124;LOC-0142;WALKING;2026-08-17T07:00:00+03:00;OK;2145;36;2946;LOCAL_VALHALLA_MATRIX;f28eef9a8ce1c6dbdbb45e8648d24b56782b109119ebba10dbccea95f0ddd9f3;287b680795851b7494df9b77b9afaa246ab2be1d7a51862bbabc5f520a3daa3f;2026-09-28T19:47:05.797752+00:00;false
LOC-0124;LOC-0145;WALKING;2026-08-17T07:00:00+03:00;OK;8871;148;20504;LOCAL_VALHALLA_MATRIX;100cfe4da636774806a6845f4d358616618eda9dc38e0a43576466ab50a27b67;c531c0aaf3497059f1b43fc5dd3752a8f42bf4ddeae7de0a7cbc5815334c547d;2026-09-28T19:47:05.797752+00:00;false
LOC-0124;LOC-0148;WALKING;2026-08-17T07:00:00+03:00;OK;4945;83;6939;LOCAL_VALHALLA_MATRIX;00edeb9c79fdaf870e57259a3f8e0df7a94398fbc626bff9ca1decb60d51fa9a;e923330475c99df567312e69b63cd20604292cf35de878e21b13c6e01a2c2adf;2026-09-28T19:47:05.797752+00:00;false
LOC-0124;LOC-0149;WALKING;2026-08-17T07:00:00+03:00;OK;5162;87;7247;LOCAL_VALHALLA_MATRIX;a71e5de1f56849d85f1566b714d05192296486feb02d172d96ab2a4455423fce;d42c27138403019c42565fd691166e92d3e929a6a31e60bfe9b33695e6383523;2026-09-28T19:47:05.797752+00:00;false
LOC-0124;LOC-0150;WALKING;2026-08-17T07:00:00+03:00;OK;5294;89;7434;LOCAL_VALHALLA_MATRIX;e839a921956ba5a6bcebfdce797c92185168909cbad9e4d3b1277563da7658b4;cf63ce14021b50e2c8f908057acd412c613f5d7f591697ade1a076df316a0c2d;2026-09-28T19:47:05.797752+00:00;false
LOC-0124;LOC-0151;WALKING;2026-08-17T07:00:00+03:00;OK;4569;77;6409;LOCAL_VALHALLA_MATRIX;d6f7cca94e08413f4b670834146d682ec0737511a2f33f50c5af599bcfa2d627;1de514c7f553bac229a5ee540813ce23e5c5cf949989e10f70cc1ae2c329cb17;2026-09-28T19:47:05.797752+00:00;false
LOC-0124;LOC-0152;WALKING;2026-08-17T07:00:00+03:00;OK;4591;77;6439;LOCAL_VALHALLA_MATRIX;2c2c3c845893dda04c77f2ce47fd2d564fe7f48281a2334d1ba4e8b38f9ce7d9;8a4e360ce6c4894047fdb13a7e0e358bc3be9abb16b85c7b9c6e4a6f1d9103f0;2026-09-28T19:47:05.797752+00:00;false
LOC-0124;LOC-0190;WALKING;2026-08-17T07:00:00+03:00;OK;8358;140;16437;LOCAL_VALHALLA_MATRIX;4c140a1191404452f5bc4aafda96fbea7211d8b9a5dd96c822c1bc83bca6f970;2ed9eda16e00284340c3ca32f764b5b9430d985122e7bbce2aa9f5b79d07d2c4;2026-09-28T19:47:05.797752+00:00;false
LOC-0124;LOC-0196;WALKING;2026-08-17T07:00:00+03:00;OK;5336;89;7489;LOCAL_VALHALLA_MATRIX;bf85cbc2c1e22792b16045fd6369915e70575839cc926a367f5987a821bc1b03;e764b2a69da7dd8922a4b5d76d0639e56fbd563cb91368256f766eb541759c6e;2026-09-28T19:47:05.797752+00:00;false
LOC-0125;LOC-0002;WALKING;2026-08-17T07:00:00+03:00;OK;5367;90;8642;LOCAL_VALHALLA_MATRIX;aebe7763d85ffa78af4ef806cc44bcf6f14199726b087558f7c58030a996ed95;e229699f5506455854a60f4c8e4619c8debd900b37c5cd89aba7cb2a907e3605;2026-09-28T19:47:05.797752+00:00;false
LOC-0125;LOC-0008;WALKING;2026-08-17T07:00:00+03:00;OK;4316;72;6046;LOCAL_VALHALLA_MATRIX;9d615acda03358d46fe66e6638aefb008a16e4a2cc85df68f53f84af74d32c9e;e8f716b307abdc7ee763b094b590a508b11387a5f573fb637ccdb97484e43786;2026-09-28T19:47:05.797752+00:00;false
LOC-0125;LOC-0009;WALKING;2026-08-17T07:00:00+03:00;OK;5580;93;12472;LOCAL_VALHALLA_MATRIX;d807bfdb3a4bd1fa76bdeecec686e3fccf0203affe28f821ebd0b32cc24a2c47;4d0434c6de075e6c54c9c85cf7028de66f1b89750a11b16e3c148dc0d388bc61;2026-09-28T19:47:05.797752+00:00;false
LOC-0125;LOC-0010;WALKING;2026-08-17T07:00:00+03:00;OK;4452;75;6254;LOCAL_VALHALLA_MATRIX;b77ef559e988b12cb94360c7aafd5667e892de48aa2ca3dd64789b4b3ef65bc3;7f4a4f50b7a9ec4d80850ec6b6b699b2ec2d5ef554fd54e6f1881f99493a1689;2026-09-28T19:47:05.797752+00:00;false
LOC-0125;LOC-0011;WALKING;2026-08-17T07:00:00+03:00;OK;4250;71;5942;LOCAL_VALHALLA_MATRIX;57d10da0ba61c797f57ab20749c7fc1607738c6546792165476941620dad0dab;3ac3f002c829519ba6bb93c2e7c774a1d87711acbfe820294f312ff96993379f;2026-09-28T19:47:05.797752+00:00;false
LOC-0125;LOC-0012;WALKING;2026-08-17T07:00:00+03:00;OK;3934;66;5515;LOCAL_VALHALLA_MATRIX;95ba722fa8d1aad13a9173f92798d0aa8064f10abb281f57d7d1c6946816905a;f865cd0a0a0af859b56002e1a1109ce77c3d990f42764014b283eadbf9625453;2026-09-28T19:47:05.797752+00:00;false
LOC-0125;LOC-0013;WALKING;2026-08-17T07:00:00+03:00;OK;5869;98;9359;LOCAL_VALHALLA_MATRIX;ec5537545c229d3d5782474f75d0699f109856e77c66eba3ff2de86e2fbc544b;d418eaea9d8aec302f7edc69d939757009579c0dc4415c8c05870be86d34e4bb;2026-09-28T19:47:05.797752+00:00;false
LOC-0125;LOC-0016;WALKING;2026-08-17T07:00:00+03:00;OK;5718;96;8040;LOCAL_VALHALLA_MATRIX;f15e87a9c9f7866f3b214bc602427a9d2a7c42abd7ac6d5eaa478ec564b7639d;dbe6799e16f8ae3f6a99e302874e16678c138561fab5fe924637a4365f69eb18;2026-09-28T19:47:05.797752+00:00;false
LOC-0125;LOC-0017;WALKING;2026-08-17T07:00:00+03:00;OK;1060;18;1469;LOCAL_VALHALLA_MATRIX;214a5b0ed615d1dd32376d0b7e38eacc38829551c7f087f7528f9fce6f394476;ab37107e29070eb978b4bd818c035c7fd6ae8b2924dff0295c8dba1a53d2538b;2026-09-28T19:47:05.797752+00:00;false
LOC-0125;LOC-0018;WALKING;2026-08-17T07:00:00+03:00;OK;461;8;645;LOCAL_VALHALLA_MATRIX;1159fc4c46e72e3f5afdd2ca12150422ae0b53e20014b7ae0140ebe038e0cb59;3e2157751a8c4fc6dfb882d410063c72eba016c75acf38d8730f9c8f83e89306;2026-09-28T19:47:05.797752+00:00;false
LOC-0125;LOC-0019;WALKING;2026-08-17T07:00:00+03:00;OK;4748;80;6669;LOCAL_VALHALLA_MATRIX;1db3b2a1352ce4ddb42fad81ebfe0ed327e30da9f99e396989b41cd512450537;28087f2ab8ff17a1f67773d1324075196ef7216624587a94a98b3463f30ffc24;2026-09-28T19:47:05.797752+00:00;false
LOC-0125;LOC-0020;WALKING;2026-08-17T07:00:00+03:00;OK;3788;64;5306;LOCAL_VALHALLA_MATRIX;d5f03cfe359a8fed49b3f19a98f8ff9fff01c1d8d238b285242a27fc187a1f0d;704cc6de95d3f29672af5e84ada1de7d595977647742ff4eb3cc066f22339747;2026-09-28T19:47:05.797752+00:00;false
LOC-0125;LOC-0023;WALKING;2026-08-17T07:00:00+03:00;OK;861;15;1205;LOCAL_VALHALLA_MATRIX;649f49804e99bca80bd9bd399cba967b845f4f54b3b61a4dddbd8ffd139a0a67;3b118acfd8b924bf02ea13d157ce5bbbc6a5662a8f18845561695d5b3aa0827c;2026-09-28T19:47:05.797752+00:00;false
LOC-0125;LOC-0027;WALKING;2026-08-17T07:00:00+03:00;OK;2269;38;3183;LOCAL_VALHALLA_MATRIX;16f70aa798d053389577c2bfad7b51cf929867e067b4adb079301c5d02e53c3c;5f24df49c7f02e172cef38a9a2e3f2ec4442534cdcef1de89f1e32ff805ee4cb;2026-09-28T19:47:05.797752+00:00;false
LOC-0125;LOC-0028;WALKING;2026-08-17T07:00:00+03:00;OK;4658;78;6526;LOCAL_VALHALLA_MATRIX;8adbbb79cf6589e322856a49553074a8fdee9669f4f7730901f827252d4abe00;74b02ed6c1434ed6151ba6a00c23322326bd4e2f1d21f7346c9d82c99efea562;2026-09-28T19:47:05.797752+00:00;false
LOC-0125;LOC-0029;WALKING;2026-08-17T07:00:00+03:00;OK;4540;76;6359;LOCAL_VALHALLA_MATRIX;d756b4926b0a78e53f694280708d7e782cb11cccd917a4f06b2c82b60d4800a2;7e09332af00dc19275ab140ef00300d2102b2cbb4f85bd55cecc5d506b2faead;2026-09-28T19:47:05.797752+00:00;false
LOC-0125;LOC-0037;WALKING;2026-08-17T07:00:00+03:00;OK;5411;91;7593;LOCAL_VALHALLA_MATRIX;eb1b957eed3b3ec46b9e99e7e8e5c2ec9774c6eabc84b86ad9126953e121a5de;f9d8e93fb32db2ed73ead77422b91bf2deda0dcdd1ab645389f6b09923620e12;2026-09-28T19:47:05.797752+00:00;false
LOC-0125;LOC-0045;WALKING;2026-08-17T07:00:00+03:00;OK;3363;57;4676;LOCAL_VALHALLA_MATRIX;b375c5dd1820d19c1f4613c39d34cbb1a18f112ca4eb9ed77368d9d9e770f905;831c6aee6dce0f72da3e9bf01f7d10047c1f11ea65672bfe04d58e4be655bcf6;2026-09-28T19:47:05.797752+00:00;false
LOC-0125;LOC-0053;WALKING;2026-08-17T07:00:00+03:00;OK;5348;90;7477;LOCAL_VALHALLA_MATRIX;366d893c1bd8f9dfa95c0da22b5d01da16547a7b2849205cbd89efd414da67a5;5ac330a7ffe8e0f02cfcff137147617b378239c017f80642973c3e43f686321b;2026-09-28T19:47:05.797752+00:00;false
LOC-0125;LOC-0054;WALKING;2026-08-17T07:00:00+03:00;OK;5137;86;7205;LOCAL_VALHALLA_MATRIX;8526f1fb336b43822f15e8a16d5122af842863654caa8ba79e0be8088c49b085;2326cf98bd9006d42a733e36d566ab11cf9d353790fd1c8a793db8b617559fa4;2026-09-28T19:47:05.797752+00:00;false
LOC-0125;LOC-0061;WALKING;2026-08-17T07:00:00+03:00;OK;3827;64;5313;LOCAL_VALHALLA_MATRIX;ffafafc1c5c3b2cafeaa68bf5cedf4ad861fe4c3a81c47e4ab2ac3cedacfd782;2d44951c14bc827863c98e00190821491be5ee256a4f4b74a4a411949cfc7329;2026-09-28T19:47:05.797752+00:00;false
LOC-0125;LOC-0063;WALKING;2026-08-17T07:00:00+03:00;OK;5224;88;7274;LOCAL_VALHALLA_MATRIX;0c587654826b97bce1dfa4877c2dbb7b7e092aed12e515c53a9146a14b65674c;49c221bb4b801560e940c1cb773f4e23465b90ca63aa88b82143f7d9c37b3114;2026-09-28T19:47:05.797752+00:00;false
LOC-0125;LOC-0064;WALKING;2026-08-17T07:00:00+03:00;OK;4745;80;6599;LOCAL_VALHALLA_MATRIX;beac2324833df7a5b240bf5d682d5fc12bd3ddcf0c389afda59958364d6e813f;0766c1050377b784eddc1e5a2e25157bfb58b9f96416ffb1a000022cada7ad37;2026-09-28T19:47:05.797752+00:00;false
LOC-0125;LOC-0074;WALKING;2026-08-17T07:00:00+03:00;OK;1240;21;1733;LOCAL_VALHALLA_MATRIX;affdbdb889b9ba1e00e6583644c169e284f5e364f5edc311d7c6b608598da5eb;e442acd69e78f267d59d69d3ed1e3df348aa25d4f777623df7d9f4a07c3198ad;2026-09-28T19:47:05.797752+00:00;false
LOC-0125;LOC-0075;WALKING;2026-08-17T07:00:00+03:00;OK;1021;18;1426;LOCAL_VALHALLA_MATRIX;1463e1be843c08f58596eaa4a6654edf3c15c02ff52d008c11ff6b7622cf3b51;09f5696faad7e243a6fb00977d9461b314844edd9954937ea0727dd74ebc16c6;2026-09-28T19:47:05.797752+00:00;false
LOC-0125;LOC-0076;WALKING;2026-08-17T07:00:00+03:00;OK;6511;109;15233;LOCAL_VALHALLA_MATRIX;7c62b8649824a54a0c42b8b096df510766f26c3050c8318ec1bb9604317e2d6f;7627d7f94efbe5f0e1e9e04604027bce8b093e31f233544b15de9ac8ec7cdad2;2026-09-28T19:47:05.797752+00:00;false
LOC-0125;LOC-0078;WALKING;2026-08-17T07:00:00+03:00;OK;3725;63;5190;LOCAL_VALHALLA_MATRIX;a6d682134933f828f258286fdccd6df2bf91f374f3b674969e8487e3b84e52bb;ae11c7a29da743b1ac8597099be698b6a9e9181c1812c066c9e1bdc6e8840131;2026-09-28T19:47:05.797752+00:00;false
LOC-0125;LOC-0080;WALKING;2026-08-17T07:00:00+03:00;OK;730;13;1030;LOCAL_VALHALLA_MATRIX;ba71dd51c94aecb650aec8a103d94021c7adb63329d831dcbb64dc6d477dd88b;d336e24c0eb843fe5224ccaea328d7858e86c9623c3dcf9c3f0f77b0693c1235;2026-09-28T19:47:05.797752+00:00;false
LOC-0125;LOC-0082;WALKING;2026-08-17T07:00:00+03:00;OK;4922;83;6822;LOCAL_VALHALLA_MATRIX;cc1e1941273bc217f8c131a9dde48d521191ad843fa95e5e0549582f36dedb44;736d424fe8e7e92be8c6456d5c8f61f04a114ab93964664de4b8648cb7328244;2026-09-28T19:47:05.797752+00:00;false
LOC-0125;LOC-0085;WALKING;2026-08-17T07:00:00+03:00;OK;6225;104;9850;LOCAL_VALHALLA_MATRIX;15783d8bf4ed9514495b72ad15fcc10bfa4c5d8de9b6492e99648caf948a753d;1782fb77745677e508ff5bed7e5444659362a7370999eaefde1fd849c64fb75e;2026-09-28T19:47:05.797752+00:00;false
LOC-0125;LOC-0086;WALKING;2026-08-17T07:00:00+03:00;OK;6298;105;9953;LOCAL_VALHALLA_MATRIX;7337d085a32d492f319e4a2f996fdc4df5fb5e726ee3980a7b5c42c3576c21d6;9abd7449e92ce4246e3120ee36d7b5567f166bea26264e4e85432c109bab6ac0;2026-09-28T19:47:05.797752+00:00;false
LOC-0125;LOC-0091;WALKING;2026-08-17T07:00:00+03:00;OK;3881;65;5444;LOCAL_VALHALLA_MATRIX;da26ce9b7cf038a54c2baa2eb7a23fc0e454dbcfc879bb10a22cd4f52371c7fe;7b86225a78fd2666bde48c301a27c53fd4ca1f04d2461a652e39a9e06631191b;2026-09-28T19:47:05.797752+00:00;false
LOC-0125;LOC-0092;WALKING;2026-08-17T07:00:00+03:00;OK;3220;54;4519;LOCAL_VALHALLA_MATRIX;6f51f14f6c3065b7c08a3fdde00a9e84590623f6645c680b3a4d81c447f67acd;f63fa0362ca6ca5d29e43b526ee5948da010fd0f0bef579f53c5eb2ec5f663fd;2026-09-28T19:47:05.797752+00:00;false
LOC-0125;LOC-0093;WALKING;2026-08-17T07:00:00+03:00;OK;3131;53;4390;LOCAL_VALHALLA_MATRIX;795175e3da54e7ac6b789c45a302da87fb925d414d067176358855179375f766;462410970ab6563d0b1353c657de12d009fb137d2d0c96f54c522aae7a23cfbf;2026-09-28T19:47:05.797752+00:00;false
LOC-0125;LOC-0094;WALKING;2026-08-17T07:00:00+03:00;OK;7046;118;14206;LOCAL_VALHALLA_MATRIX;7fa1a716d6f361426efcd907b17ece91921e601fb1374d0dc5ce35f77eb5b9cb;f260e5f689afee15afe4537b869679f54cb7eea0f779d53f875444ae1e7b1d67;2026-09-28T19:47:05.797752+00:00;false
LOC-0125;LOC-0095;WALKING;2026-08-17T07:00:00+03:00;OK;6770;113;13810;LOCAL_VALHALLA_MATRIX;6c7db210896691745dde68d8cce1d92c563602e6866c9fa0d4e46b0b23b7b276;b4c4a1d4d8090bfd808285aaf62d0fa7aa755f98b2fb98429a3201851354585c;2026-09-28T19:47:05.797752+00:00;false
LOC-0125;LOC-0102;WALKING;2026-08-17T07:00:00+03:00;OK;4789;80;6693;LOCAL_VALHALLA_MATRIX;d56987bd3fb63d83f1cb040d1637072784899df307b30e9c5425bae2da06ede1;b09bab8a3a6ea81e27b91f87ebbf0dbf6e30cda138741c70bc2467179b7e51d3;2026-09-28T19:47:05.797752+00:00;false
LOC-0125;LOC-0112;WALKING;2026-08-17T07:00:00+03:00;OK;2114;36;2952;LOCAL_VALHALLA_MATRIX;6bc11134b0ba37a5edfa9ff221fe9f581dffcca0888a1d4c9543080f5a9f3676;56d31874503fde879f0c51c3521a98630f2b9ca387e4f14c82294bea5da7a07c;2026-09-28T19:47:05.797752+00:00;false
LOC-0125;LOC-0124;WALKING;2026-08-17T07:00:00+03:00;OK;5839;98;12872;LOCAL_VALHALLA_MATRIX;bcf0535840895714aeceefff6035cf2bc1233afd4d468c7148ed88fdaf974f10;daca86cb16a2d5d29589196d5b9bc79841edeca83f2ac735dfbad37c541d20f6;2026-09-28T19:47:05.797752+00:00;false
LOC-0125;LOC-0125;WALKING;2026-08-17T07:00:00+03:00;OK;0;0;0;LOCAL_VALHALLA_MATRIX;a09b8a80e37a09e22502fa6cab5a8f56237da3963aa7807fad92f31af77c4f7e;3d5812abc84c11768aa73a732c85d75dbed439188f5bb3239e9b762ea31d9862;2026-09-28T19:47:05.797752+00:00;false
LOC-0125;LOC-0126;WALKING;2026-08-17T07:00:00+03:00;OK;2074;35;2912;LOCAL_VALHALLA_MATRIX;fd585815c0de0e96bb3bbdb091866c4758082a292136974c571f8ddcc30c449f;28a0a26adc74661b3b42be544ecae3b5111705e7ffd6b58a73d92de44ba37b87;2026-09-28T19:47:05.797752+00:00;false
LOC-0125;LOC-0128;WALKING;2026-08-17T07:00:00+03:00;OK;5386;90;7579;LOCAL_VALHALLA_MATRIX;980f20ea595673d20ef671685e41f8c6b3b164398ea9c2de0e9c9cf2b822a2db;04a89c64ede4cac1ceb12d0ce1c77130816a979cf79893dc29bbaee19d744882;2026-09-28T19:47:05.797752+00:00;false
LOC-0125;LOC-0134;WALKING;2026-08-17T07:00:00+03:00;OK;5590;94;8963;LOCAL_VALHALLA_MATRIX;34f4cc3a4cb66e1156ab8eb26b4b4fc2f8b221804889b76b22769ec659d6796c;f0a39b6996f3868bbdada81d1999d381c1c64361a14f2ff7a78e4a7d22b2ba88;2026-09-28T19:47:05.797752+00:00;false
LOC-0125;LOC-0135;WALKING;2026-08-17T07:00:00+03:00;OK;5580;93;8949;LOCAL_VALHALLA_MATRIX;81e784c599c392542f3a9b3261dd77f82e940c53ce226c8f4e13cd1967880dba;4db1dbb4758b71157b16fd6d61c7baae9623a31cda9c510d42e6c8c9bbc7fd8c;2026-09-28T19:47:05.797752+00:00;false
LOC-0125;LOC-0136;WALKING;2026-08-17T07:00:00+03:00;OK;5994;100;9523;LOCAL_VALHALLA_MATRIX;4c059693354d8496be06202009f30134d99711a1628248993efc96e32067dce5;7effb3f44fc77fe76a22ae1ba3a6f5122d1b61734a60e49c8194d998897fe430;2026-09-28T19:47:05.797752+00:00;false
LOC-0125;LOC-0140;WALKING;2026-08-17T07:00:00+03:00;OK;5709;96;8003;LOCAL_VALHALLA_MATRIX;0e9a8b6d1cc6882b1d2415bc708f435dc158039736558ef0f434c60c3db3b4ad;4d749b10b15763c41658a665b5bb748780569ecaf50937d7b7c695f22b3c7859;2026-09-28T19:47:05.797752+00:00;false
LOC-0125;LOC-0141;WALKING;2026-08-17T07:00:00+03:00;OK;3868;65;5403;LOCAL_VALHALLA_MATRIX;e7ac415d35da682a28fd01f939337d2ea8fa3049fdf073ed4ccd3f2eede19c63;afc0805fbc051a5f4ec683a464d77b7a9ba0bce51bb396bf974e6bb9e4747b12;2026-09-28T19:47:05.797752+00:00;false
LOC-0125;LOC-0142;WALKING;2026-08-17T07:00:00+03:00;OK;3949;66;5476;LOCAL_VALHALLA_MATRIX;86cc1ff4afa9e41dab88341661de7b2953ee21d51b3ca832df70bf3aa386073b;7118c87ded92391fe00453f143149ea0fec1e548e982b6d8c80b08f26f0106a1;2026-09-28T19:47:05.797752+00:00;false
LOC-0125;LOC-0145;WALKING;2026-08-17T07:00:00+03:00;OK;3571;60;5000;LOCAL_VALHALLA_MATRIX;02349a6efb1977339d176602fcf175e539ceb5bc808e6abf257e4305167b821b;1a19625a52404d89196fc4923821de746a3933799763e843b02ad82a9acc17f0;2026-09-28T19:47:05.797752+00:00;false
LOC-0125;LOC-0148;WALKING;2026-08-17T07:00:00+03:00;OK;1242;21;1753;LOCAL_VALHALLA_MATRIX;7d8c8e8c5b74507bae3c9a359ad52b92928d2aab0103796b2214ec028bae8358;bbf9444e365375fc267bf2bd6f40d214e8bde92a8a4d548f238cfd9ea5321687;2026-09-28T19:47:05.797752+00:00;false
LOC-0125;LOC-0149;WALKING;2026-08-17T07:00:00+03:00;OK;1312;22;1833;LOCAL_VALHALLA_MATRIX;10d65e0a41d65805b2bcfaff71877493c42c441ae46dd07a54f62b2e9cc2d30d;bb2cf6a3b85d93d542983c2404bda3883c9367c08ca45fa0015fb3e7cda1681b;2026-09-28T19:47:05.797752+00:00;false
LOC-0125;LOC-0150;WALKING;2026-08-17T07:00:00+03:00;OK;1419;24;1983;LOCAL_VALHALLA_MATRIX;c7d3773a9858f634aaa955e5d83b6cc9261a28aa033f1eed8c1932db0ec8b4a8;ad08a2791e93e2b6e7386b4d517d7f885acd38a3c3980f9900102d03917621ce;2026-09-28T19:47:05.797752+00:00;false
LOC-0125;LOC-0151;WALKING;2026-08-17T07:00:00+03:00;OK;1075;18;1487;LOCAL_VALHALLA_MATRIX;c3962713cf30fecc12664d88e488990c0edb3ac3fe77478bc0d0235cd5ed424d;4cde2ddd91e82c2e81cbec5a5240128879bc09eecaaed2b001a604aa39c04a93;2026-09-28T19:47:05.797752+00:00;false
LOC-0125;LOC-0152;WALKING;2026-08-17T07:00:00+03:00;OK;1102;19;1524;LOCAL_VALHALLA_MATRIX;e864bccf45dd689e9267ff1566a31257c378316fe5746759ecd68d4b5524cf23;570a62e815488d40159713c5cc73e69c2a1f8c75fcf468374c0a4a1e570caa06;2026-09-28T19:47:05.797752+00:00;false
LOC-0125;LOC-0190;WALKING;2026-08-17T07:00:00+03:00;OK;3258;55;4556;LOCAL_VALHALLA_MATRIX;457b3f25df9e42496ffe8d3501a7f55efbb05d95a63e7dae008bc494f5e6f003;5b22bdb75d83fe7ffc4c30ac58005f7ceba927ed11af5f527c860812fd87a41d;2026-09-28T19:47:05.797752+00:00;false
LOC-0125;LOC-0196;WALKING;2026-08-17T07:00:00+03:00;OK;1795;30;2490;LOCAL_VALHALLA_MATRIX;038e555e312460fae72ae43b00cbb77d233e935de08148b7f4a87b8320b1351e;2cd28cdeebd96e382757a04858d2fd636052ae60c1f4b343718ab551aaf336e1;2026-09-28T19:47:05.797752+00:00;false
LOC-0126;LOC-0002;WALKING;2026-08-17T07:00:00+03:00;OK;3859;65;6539;LOCAL_VALHALLA_MATRIX;4182a52438947cfd8323c490feb17cf65fd0556ab49ba7377cd806abffc4c523;a357c8a85952930694e833e2ec5b20f445a1fe46fbd1a296b43ca20cc5e5466e;2026-09-28T19:47:05.797752+00:00;false
LOC-0126;LOC-0008;WALKING;2026-08-17T07:00:00+03:00;OK;2558;43;3592;LOCAL_VALHALLA_MATRIX;55f364f6e5f63ed5537a29b497f9c49172042cf5ce949945c7ee39bf41bfc0c4;8e06deb79264ab7fd164c6511e539cfb0a56f0c1349f7369637eb3519704d83c;2026-09-28T19:47:05.797752+00:00;false
LOC-0126;LOC-0009;WALKING;2026-08-17T07:00:00+03:00;OK;5953;100;16390;LOCAL_VALHALLA_MATRIX;7d2eadede64a2af2da62f6c18baa04af6e64a9a1778998f138a0cc2a60da6603;34c72e59720addb81fdd2095392b0fefb32a78bf8aee224789df65258f419f13;2026-09-28T19:47:05.797752+00:00;false
LOC-0126;LOC-0010;WALKING;2026-08-17T07:00:00+03:00;OK;2929;49;4110;LOCAL_VALHALLA_MATRIX;0028477efd7ed7307e6a30ab15ae382d462125f98277d67da85d08ea185bbe3d;e71d9677ce7d57cec3887636894d25d31961f02be5908cf2c88ca7b3fa7f4ad5;2026-09-28T19:47:05.797752+00:00;false
LOC-0126;LOC-0011;WALKING;2026-08-17T07:00:00+03:00;OK;2412;41;3376;LOCAL_VALHALLA_MATRIX;2b6827139e0e8c65d99888e030e7d2cbfb9120dbf40e8e0e039e406e34c462b5;42b110fac39e243527562de1f812d5b5cdbf99a088077d628f84a690d55c6349;2026-09-28T19:47:05.797752+00:00;false
LOC-0126;LOC-0012;WALKING;2026-08-17T07:00:00+03:00;OK;2176;37;3062;LOCAL_VALHALLA_MATRIX;7c280b994e41768b1035457dcf0141036843e6facfef7e28129bade01a8a966b;e5b4ad0bfc9ba9c96484c5eac771b7f4a89965631a3bb12829ff12a615b9a03f;2026-09-28T19:47:05.797752+00:00;false
LOC-0126;LOC-0013;WALKING;2026-08-17T07:00:00+03:00;OK;4361;73;7256;LOCAL_VALHALLA_MATRIX;6a8ba1e08a9495fd772e473676633078e12fdb6a226bb0bddb2ccf65eb426aaa;3cbc110900cf2226c267337718580f74ba0efc320b99f2b471fd491367255c3b;2026-09-28T19:47:05.797752+00:00;false
LOC-0126;LOC-0016;WALKING;2026-08-17T07:00:00+03:00;OK;4953;83;7071;LOCAL_VALHALLA_MATRIX;5716e6d832b7d33471defc8412d7114bd0439c8511f04bfa740f621d6a4a406e;bf001d06c9da7d4c6cb2b268fd7f7e910f46c733642144b910b71d8da1b9c287;2026-09-28T19:47:05.797752+00:00;false
LOC-0126;LOC-0017;WALKING;2026-08-17T07:00:00+03:00;OK;2479;42;3455;LOCAL_VALHALLA_MATRIX;2c60b8bfab2735f913300ab862c329b8ee518e9bd6acd6d444bd1fa8eb036f3e;eb2c886c23a9da4f32d0296e71d7c9f0052f109285f5d1492a1e8bca2c436c43;2026-09-28T19:47:05.797752+00:00;false
LOC-0126;LOC-0018;WALKING;2026-08-17T07:00:00+03:00;OK;1977;33;2773;LOCAL_VALHALLA_MATRIX;e429b25e1e72103e1a03039bdbad03ce5b66a05c33572c8abff7d5b93c6c1cd2;8d841bc82f8e9cd992edf3152c98d02955e8698b19b8754805c9f708a8444888;2026-09-28T19:47:05.797752+00:00;false
LOC-0126;LOC-0019;WALKING;2026-08-17T07:00:00+03:00;OK;3224;54;4525;LOCAL_VALHALLA_MATRIX;0e1466c3eee3fb6ef4d3c8a383f745a464c0fa65d5da9b68b6770a79f8ba6eff;fc179219dd81d3cc367e6649572e61aac3a9e58e3b2a40a7574b8abd0d14090b;2026-09-28T19:47:05.797752+00:00;false
LOC-0126;LOC-0020;WALKING;2026-08-17T07:00:00+03:00;OK;2853;48;4005;LOCAL_VALHALLA_MATRIX;79574fdb40dcf4b6b4688dbf8ab3334e3933b53bf437e5e43ee7d5b6f169c5bc;6128ebf71a4b397f5c8acd96282cc475df0352e1fda304ec5828b664d848b530;2026-09-28T19:47:05.797752+00:00;false
LOC-0126;LOC-0023;WALKING;2026-08-17T07:00:00+03:00;OK;2689;45;3757;LOCAL_VALHALLA_MATRIX;3f166f8da1d37c8193e98622a59073c9fbbb5b46953fa1868bba13ca27db7665;fa58311d9f10fbbf0fd4a8b8631e63a49ddfeaadbd147f743dc56cdcaf03f757;2026-09-28T19:47:05.797752+00:00;false
LOC-0126;LOC-0027;WALKING;2026-08-17T07:00:00+03:00;OK;1589;27;2226;LOCAL_VALHALLA_MATRIX;89efa3e5cc52df76314487495e09dba3db8fd3ed64a7ddc812af8a1694dfd9f9;d17d54785f044929793e2a757ad6b3a1fd6cf7d901a281f42a8a36e19be96941;2026-09-28T19:47:05.797752+00:00;false
LOC-0126;LOC-0028;WALKING;2026-08-17T07:00:00+03:00;OK;4047;68;5953;LOCAL_VALHALLA_MATRIX;f728cf4be27a6da9736ffedad8549f36165c351fc162c312681726a106d03e76;cb6b64b280efc10e9769e06570a204d298a1b8a4282282bc3a6069d05d2a1eb3;2026-09-28T19:47:05.797752+00:00;false
LOC-0126;LOC-0029;WALKING;2026-08-17T07:00:00+03:00;OK;3929;66;5786;LOCAL_VALHALLA_MATRIX;e797b0cd5e486b8714663a0ff81d30bffe38bb94f4d843c8e5d7d66ea03452fd;98b6f196913f812cbf610b1007c25c5e9bb1c6f5f7a41a6736ab370c40772a99;2026-09-28T19:47:05.797752+00:00;false
LOC-0126;LOC-0037;WALKING;2026-08-17T07:00:00+03:00;OK;3434;58;4836;LOCAL_VALHALLA_MATRIX;0a789c8d0ea6ded3f7695a88a6f09554c72a82434c69490c4ea797149e55fa0d;09d65fd5da70731f7aa387d5040e08705ae9b4d8c6cdc85e56399ad1d61408ca;2026-09-28T19:47:05.797752+00:00;false
LOC-0126;LOC-0045;WALKING;2026-08-17T07:00:00+03:00;OK;3278;55;4598;LOCAL_VALHALLA_MATRIX;67fd11caf1b203152eec5abc5291560b611ef4bcadf0b9136cb5a2dd9f87546f;9519d1ac91115f469e0982bca59aeb32c2b0b88c13a6b3e4d4f89b429e0efb09;2026-09-28T19:47:05.797752+00:00;false
LOC-0126;LOC-0053;WALKING;2026-08-17T07:00:00+03:00;OK;4535;76;6466;LOCAL_VALHALLA_MATRIX;98b3539e90609e3250b4f35dc62ad46a6eae24837703b70e3421ccb0b8dbae7f;f53a4e09f1ae7b3806544b05a4a7a8ca876c32d9bcf31e6ef77cc13a4be3c5c0;2026-09-28T19:47:05.797752+00:00;false
LOC-0126;LOC-0054;WALKING;2026-08-17T07:00:00+03:00;OK;3159;53;4448;LOCAL_VALHALLA_MATRIX;68750b17d763c86c60b3781ef0eb51cc0c0c677089c21c5e45c9eb4a59835a40;ea9848fe5bd016cad512238688e332a7123f3fb91a47568c18a3c5e349cbccda;2026-09-28T19:47:05.797752+00:00;false
LOC-0126;LOC-0061;WALKING;2026-08-17T07:00:00+03:00;OK;2057;35;2836;LOCAL_VALHALLA_MATRIX;c8c75e2bef9ea838bb7a9e9d3080360a43548645c74f3afa2f2a57ac812213c1;02a82101c44cb0e510a9d66e234cd82868780373ad1d56d95d879b79e76eb94d;2026-09-28T19:47:05.797752+00:00;false
LOC-0126;LOC-0063;WALKING;2026-08-17T07:00:00+03:00;OK;5126;86;10881;LOCAL_VALHALLA_MATRIX;8535f8970c37dddea6c1feec9a51a8a996a6bbbe0b6f8c3650372c1d30c963cc;32e746f92614bddb6209b29ec94b141783abb412a1f4d2c600a59c33d539385e;2026-09-28T19:47:05.797752+00:00;false
LOC-0126;LOC-0064;WALKING;2026-08-17T07:00:00+03:00;OK;4499;75;6284;LOCAL_VALHALLA_MATRIX;e76168c44324a8ab5e3daa4ea74c0d60186c56f932896acd36c11b4eb054f54c;8e8fc9b4f731f3ffb300dda6e44c84f2ff3f961d2552846b020247fe36047e58;2026-09-28T19:47:05.797752+00:00;false
LOC-0126;LOC-0074;WALKING;2026-08-17T07:00:00+03:00;OK;1393;24;1948;LOCAL_VALHALLA_MATRIX;1d6a25b403fb9ae68de42def0eccebb73054485405f4e3ab42d84e6c75ef324c;b2859a16a799400e8cc16f5738789fb6936250f5f4cc17c3e905641ec857f0d0;2026-09-28T19:47:05.797752+00:00;false
LOC-0126;LOC-0075;WALKING;2026-08-17T07:00:00+03:00;OK;1779;30;2477;LOCAL_VALHALLA_MATRIX;c04bf41563add74425d4276701d6bb78b399a62e070d161725cc0c67b37aa8d0;418c8c8203e9fe36fdd8c2081999f3f3abed48ec963cf4f9d3738cedd9938488;2026-09-28T19:47:05.797752+00:00;false
LOC-0126;LOC-0076;WALKING;2026-08-17T07:00:00+03:00;OK;5233;88;11017;LOCAL_VALHALLA_MATRIX;3080146e0d0f8f921cc09cd9f258787b1e568a4e104769e415b02b1e981aa7ad;5cc213ea083ec1034550bc5776e880d4bed147f3bae6a8ca791b5aa375ac8ea8;2026-09-28T19:47:05.797752+00:00;false
LOC-0126;LOC-0078;WALKING;2026-08-17T07:00:00+03:00;OK;3794;64;5308;LOCAL_VALHALLA_MATRIX;71f1d6325f7113357f6ae3e9f45819071d462060b5be83e0ca16f0ee184325cb;691d5d27cab028f0ea88249d1ceb055741facc72074ae161011d1446ea2f880c;2026-09-28T19:47:05.797752+00:00;false
LOC-0126;LOC-0080;WALKING;2026-08-17T07:00:00+03:00;OK;1457;25;2025;LOCAL_VALHALLA_MATRIX;8242cdd3bf158460a482a8dded4030dab5f189d6c9f7625fde3601b4c658e434;5c15afe15b02077b22d3ec5ae9a6867a642ae2233356e6b603c9a917511b168e;2026-09-28T19:47:05.797752+00:00;false
LOC-0126;LOC-0082;WALKING;2026-08-17T07:00:00+03:00;OK;4501;76;6313;LOCAL_VALHALLA_MATRIX;b7cf741336cc07ef57a2f9f015dbda8b97c9ac5c81fbd270d8245be6050851d4;dd04129701c9d5f5aebcb5990939f49c9b7c4ae21c04b741d521bb1bfd24fe3b;2026-09-28T19:47:05.797752+00:00;false
LOC-0126;LOC-0085;WALKING;2026-08-17T07:00:00+03:00;OK;4716;79;7747;LOCAL_VALHALLA_MATRIX;dc63c46dcf62de4d9717559cb938c074342d3157e67a4b78b0707fd74a8bb72f;faee6c3f6bc2dcf8feb3635b6498af432a9292cb236c40140d2c47c17596a1c5;2026-09-28T19:47:05.797752+00:00;false
LOC-0126;LOC-0086;WALKING;2026-08-17T07:00:00+03:00;OK;4795;80;7855;LOCAL_VALHALLA_MATRIX;e05cf2d25714c8cc9801de791fad92c98324d59004f4f2fb82a20af5bea54147;7e9b59ece000e7c6564743f154d8a56ea0f6eff46da3239982c1d09e1493a377;2026-09-28T19:47:05.797752+00:00;false
LOC-0126;LOC-0091;WALKING;2026-08-17T07:00:00+03:00;OK;2418;41;3401;LOCAL_VALHALLA_MATRIX;da47f6c7682e7112420126998e825bf18fda312d6b0bfbcd034ae7df8f389caa;d5b5614a736e66e8660de601e9d9600a28c7836cfdb913a34d47af72f2aecfd7;2026-09-28T19:47:05.797752+00:00;false
LOC-0126;LOC-0092;WALKING;2026-08-17T07:00:00+03:00;OK;2043;35;2874;LOCAL_VALHALLA_MATRIX;bccbfdb9dfb201950e317b2a14687d93c9f3b6a56cff0b312809f515757b26f4;653f3ff5bc2c3c114cc392bf0f7e3cf8263425fd2d9dfcfbab9e1c1ddbf50364;2026-09-28T19:47:05.797752+00:00;false
LOC-0126;LOC-0093;WALKING;2026-08-17T07:00:00+03:00;OK;1902;32;2679;LOCAL_VALHALLA_MATRIX;f4ff50e41bb6067280ecccc8724b5f15858a74dea82c9ed158782b6a9c3d39ff;4bc7ca5f62787ef68e629a8e61d49ec950c1dbda0ec7b2f105ef4ff456b8bd3e;2026-09-28T19:47:05.797752+00:00;false
LOC-0126;LOC-0094;WALKING;2026-08-17T07:00:00+03:00;OK;5544;93;12106;LOCAL_VALHALLA_MATRIX;522800d96c0b900c7cb83589ca023d1fe0161c9ff194d7dcf0cd21c2a39bf4cb;c080ab7fa487c2aa5d770f17caf90cff3a81851e8d8118b00f5f55c7e4e24c10;2026-09-28T19:47:05.797752+00:00;false
LOC-0126;LOC-0095;WALKING;2026-08-17T07:00:00+03:00;OK;5262;88;11707;LOCAL_VALHALLA_MATRIX;57002539434cfe96092290ad3a5b652be5239ef72aaf2483404d79d7aa7df813;fc1ce26ee29deb66a79948e93005e1056b347b3f537a16777885e2f49786d1b2;2026-09-28T19:47:05.797752+00:00;false
LOC-0126;LOC-0102;WALKING;2026-08-17T07:00:00+03:00;OK;4695;79;6559;LOCAL_VALHALLA_MATRIX;6f092d93b2b74e6275c68b12ef3604bbd2064aecf6d4adce6d01b72174252261;101b2f53bc4e0cabf416a74f3e53e94d64c5e06264a9c7f420f3d68c8976518e;2026-09-28T19:47:05.797752+00:00;false
LOC-0126;LOC-0112;WALKING;2026-08-17T07:00:00+03:00;OK;1018;17;1385;LOCAL_VALHALLA_MATRIX;a33d155150b4559d478ef77f414cb56d97e74b027aa02c64e246cd0a6bcec15f;7159e5d613d60dfd670873207e7b4e6ec9c161047b8e412d5b773fe14ee3cd70;2026-09-28T19:47:05.797752+00:00;false
LOC-0126;LOC-0124;WALKING;2026-08-17T07:00:00+03:00;OK;6212;104;16790;LOCAL_VALHALLA_MATRIX;b9ee5897307274546760ca63f3a75d63b50541e54444f9786a2fb03ecebd53d5;2106df8299a847f83c810195771c2a0565cad2c6a855d1a238f59c16cecd7ac0;2026-09-28T19:47:05.797752+00:00;false
LOC-0126;LOC-0125;WALKING;2026-08-17T07:00:00+03:00;OK;2074;35;2912;LOCAL_VALHALLA_MATRIX;a565c8cdb92b4be6f185a3c73ba6330e303656affdf09845e701f0bd173cdd2f;28a0a26adc74661b3b42be544ecae3b5111705e7ffd6b58a73d92de44ba37b87;2026-09-28T19:47:05.797752+00:00;false
LOC-0126;LOC-0126;WALKING;2026-08-17T07:00:00+03:00;OK;0;0;0;LOCAL_VALHALLA_MATRIX;aaf5bc42d76dbba6b1ab82db2d4c543366cb8f153cc61ed183497d4ae10adf8e;3d5812abc84c11768aa73a732c85d75dbed439188f5bb3239e9b762ea31d9862;2026-09-28T19:47:05.797752+00:00;false
LOC-0126;LOC-0128;WALKING;2026-08-17T07:00:00+03:00;OK;3411;57;4803;LOCAL_VALHALLA_MATRIX;49e32068576ff52e72bcaa9b73ef04cff90c771f24d2ec72534d6bed07d1592a;58ba093151452f836f435dd108c2a4090e3143c69a09a2cd3f251437c80b743d;2026-09-28T19:47:05.797752+00:00;false
LOC-0126;LOC-0134;WALKING;2026-08-17T07:00:00+03:00;OK;4081;69;6860;LOCAL_VALHALLA_MATRIX;d7ce85c37c17ea52da83d8f862676f78d838d844200154b1533e72b8da1d3803;fee699837c8fbc5c56bbc0a220d136daff53e3ef592b5a7a42991709bc720ada;2026-09-28T19:47:05.797752+00:00;false
LOC-0126;LOC-0135;WALKING;2026-08-17T07:00:00+03:00;OK;4071;68;6846;LOCAL_VALHALLA_MATRIX;c518b4d1e101c51ee45241fd40c6d0d586efad850717bf5d75c740b7225f793c;9139a28c37046923a570757e191557628c8fdbe527ab6c5afa15357b0f33abb1;2026-09-28T19:47:05.797752+00:00;false
LOC-0126;LOC-0136;WALKING;2026-08-17T07:00:00+03:00;OK;4486;75;7420;LOCAL_VALHALLA_MATRIX;c3c956695759c1a242e331fdf248011120fc75726f88a6dd91d4ed73a9180c4f;390c008062aeabd0bdc5480985dff3c29176200c0543276e3950773f471909d8;2026-09-28T19:47:05.797752+00:00;false
LOC-0126;LOC-0140;WALKING;2026-08-17T07:00:00+03:00;OK;5031;84;7055;LOCAL_VALHALLA_MATRIX;882143a5d2dd553071ddf70b162b2dfe938c20653c47ffc5266bf695c483bf81;c7a562b05993e191e4f671698427af8e4404fd223623e3de49d098e4c6950e66;2026-09-28T19:47:05.797752+00:00;false
LOC-0126;LOC-0141;WALKING;2026-08-17T07:00:00+03:00;OK;5184;87;7269;LOCAL_VALHALLA_MATRIX;584bce3d03331bf9ecb04b2abd4914368520bd62246cd5e83c413321eed785a8;da7ec87f19300850b24ce5acdf940de2fef9b14bf0cc6565517b6af0654de05b;2026-09-28T19:47:05.797752+00:00;false
LOC-0126;LOC-0142;WALKING;2026-08-17T07:00:00+03:00;OK;7763;130;24138;LOCAL_VALHALLA_MATRIX;6b378a981fdc29307139d994c63040bd5e62a2e152fecc1bac316f31a189a964;bca02393480b1f4dd3aed1f3db07acccb6b2f406aedd567e2c3ca7cd4b68ad26;2026-09-28T19:47:05.797752+00:00;false
LOC-0126;LOC-0145;WALKING;2026-08-17T07:00:00+03:00;OK;2860;48;4000;LOCAL_VALHALLA_MATRIX;12c2d563ae533245293d610bab072c954678a11d6beca4a57c4ff05921f0dfb3;2d70133535faf7eb322baf48ee4264e250227f9662824896c5cd7dfa57a81656;2026-09-28T19:47:05.797752+00:00;false
LOC-0126;LOC-0148;WALKING;2026-08-17T07:00:00+03:00;OK;1891;32;2638;LOCAL_VALHALLA_MATRIX;05e7462a38233213c0b1061b3afab0362ed6b63bb9f20a9d4b30abb034eb8203;c7309fa842028305b2115cdd16f0a424544e658963782d6f6bc119dc3e299712;2026-09-28T19:47:05.797752+00:00;false
LOC-0126;LOC-0149;WALKING;2026-08-17T07:00:00+03:00;OK;1664;28;2324;LOCAL_VALHALLA_MATRIX;589bd2c14b69edbbe2484b2c2e708736d4e9644b750107afa0f01821cb1f301f;11590f0d1eab551a427095b7c3098ce6d77f09a60d7b5ba85a720700e4702356;2026-09-28T19:47:05.797752+00:00;false
LOC-0126;LOC-0150;WALKING;2026-08-17T07:00:00+03:00;OK;1540;26;2152;LOCAL_VALHALLA_MATRIX;4104bf56cd753101688964e4d7631be27c60b216c6effc95dac2b274f09ff97d;7b47fb2aefc152cf7b0285b08eca21d954e97be625a64ead0feba7a9a069cd20;2026-09-28T19:47:05.797752+00:00;false
LOC-0126;LOC-0151;WALKING;2026-08-17T07:00:00+03:00;OK;2235;38;3115;LOCAL_VALHALLA_MATRIX;5aa1f2cbe93c72ea4de476f69edc31b1cb4f55aaf25fbf8934f85494b99ec1b6;27c3a5c7791a6ff7d00a2a96b6dd5bdd6da6e0e92ada2051eb388905026fa5e2;2026-09-28T19:47:05.797752+00:00;false
LOC-0126;LOC-0152;WALKING;2026-08-17T07:00:00+03:00;OK;2237;38;3120;LOCAL_VALHALLA_MATRIX;5eb329639f7e2c9b6f587e7d2844f59a6876ed88bafe5b793b3156c5ba722394;494e34ac45ed81b5d6228573866f1f2952b1a8d1dddd505695f247d012a88e1e;2026-09-28T19:47:05.797752+00:00;false
LOC-0126;LOC-0190;WALKING;2026-08-17T07:00:00+03:00;OK;1282;22;1803;LOCAL_VALHALLA_MATRIX;2563e70beb6b93f67a85d20e243fa3f0930ef657e77aa49b201a820fb73ed396;6f11748e8a34e08f65ec8e682eca104b949d5278513be9bad461173032369940;2026-09-28T19:47:05.797752+00:00;false
LOC-0126;LOC-0196;WALKING;2026-08-17T07:00:00+03:00;OK;3734;63;5220;LOCAL_VALHALLA_MATRIX;b296cab9e3b077cf482d63b91863fbd7301e1881b116ac81b09a57aac597106e;8526b6c263d47abda6269a751ee8588d2ec488f0dda29816f4b3e7ff7c91d91b;2026-09-28T19:47:05.797752+00:00;false
LOC-0128;LOC-0002;WALKING;2026-08-17T07:00:00+03:00;OK;1658;28;2330;LOCAL_VALHALLA_MATRIX;4d32d28156a45b2a5f4b0e10e5b42416a6275df29549bc2a7a500378c61db544;82fac7b330f62c91cf5e2921e36c231e3cbb9d62db4f25317820cdce8b8cb03f;2026-09-28T19:47:05.797752+00:00;false
LOC-0128;LOC-0008;WALKING;2026-08-17T07:00:00+03:00;OK;3626;61;5093;LOCAL_VALHALLA_MATRIX;0534707af1499856147af611dcc2ba00536512057d2fa7687131bc3890b9c5f8;d208d10ad43651656deeace4e597a70c1deaa60189d8c2b6306f6c3362d27cd9;2026-09-28T19:47:05.797752+00:00;false
LOC-0128;LOC-0009;WALKING;2026-08-17T07:00:00+03:00;OK;6458;108;17102;LOCAL_VALHALLA_MATRIX;1302f6da5b4a73fc5bb3c3b82e3ed073f17a6dbbfe9c390ad6c5f5a88d0276d2;84542ec19774d95b6eed14c5d2726f2d678cbd1ae235ab7c73e7a029b618418d;2026-09-28T19:47:05.797752+00:00;false
LOC-0128;LOC-0010;WALKING;2026-08-17T07:00:00+03:00;OK;4242;71;5954;LOCAL_VALHALLA_MATRIX;d7937146ceff372bec0ca787f0979ca21ed073164bd7b5cdfe7caa6807a92845;082e618c7511d05249df3b90bdcb8e850bf9e31095134d995120ea982865da2a;2026-09-28T19:47:05.797752+00:00;false
LOC-0128;LOC-0011;WALKING;2026-08-17T07:00:00+03:00;OK;3002;51;4212;LOCAL_VALHALLA_MATRIX;9220c694fcb4ec1dcbc6c608cd0861829c293c3341208966d0cfff0e5c476431;ddebb9a3b179971553a7f138344be7441c65f8f0a96eda87dea341e0f9ea9e56;2026-09-28T19:47:05.797752+00:00;false
LOC-0128;LOC-0012;WALKING;2026-08-17T07:00:00+03:00;OK;3252;55;4574;LOCAL_VALHALLA_MATRIX;8a5e5946830d21b48bb0304264553ab2ba42f77ad01ae45b17b95bc5bdf0acb0;1efb8b387aeb676e094ef75ccf0f0589d4ec92897946c620fc29f3d30a66117d;2026-09-28T19:47:05.797752+00:00;false
LOC-0128;LOC-0013;WALKING;2026-08-17T07:00:00+03:00;OK;2515;42;3533;LOCAL_VALHALLA_MATRIX;ef12cb88b0c1464fd4a7aa0ef7b5fabe2421c0a338b8176841f26e31533287a6;27e81f99f3e720049fc9cbcb63b5b2d8dcf6feccafd3967fbf4487c0f2751629;2026-09-28T19:47:05.797752+00:00;false
LOC-0128;LOC-0016;WALKING;2026-08-17T07:00:00+03:00;OK;4331;73;6072;LOCAL_VALHALLA_MATRIX;23e6073b8600ee3a8ffd78c7f453a7eaa3d0d8c590fcda6c354b978273aa0f2d;54b1ae6dda92f44b85a95c674ffc7943ba9af2164f556773c91c3c86f67d30ec;2026-09-28T19:47:05.797752+00:00;false
LOC-0128;LOC-0017;WALKING;2026-08-17T07:00:00+03:00;OK;5505;92;7714;LOCAL_VALHALLA_MATRIX;e9eca6c004b10174539c97115c9c61f37f640570652e01ebc3d9c381d34a1717;b5146351d52ae42d425928a383c1a421d017e397ea393a273600c66a4aa4e47b;2026-09-28T19:47:05.797752+00:00;false
LOC-0128;LOC-0018;WALKING;2026-08-17T07:00:00+03:00;OK;5290;89;7442;LOCAL_VALHALLA_MATRIX;3edcb5c016ea0fead171e27e12b447f302a7b398906e5fd807d4b21bb30c23bb;a4393f1f1cd08e02d06aea83f5e70350805448da659d89d401249dce84b13201;2026-09-28T19:47:05.797752+00:00;false
LOC-0128;LOC-0019;WALKING;2026-08-17T07:00:00+03:00;OK;4537;76;6364;LOCAL_VALHALLA_MATRIX;7fa068a7b43465c82992a476d27c679f2daf4e656843456a90e64c4888d0b59a;629fac2d3a4f05b1078045672e221e19665328d83698b11480c92f540967d87b;2026-09-28T19:47:05.797752+00:00;false
LOC-0128;LOC-0020;WALKING;2026-08-17T07:00:00+03:00;OK;5043;85;7096;LOCAL_VALHALLA_MATRIX;0a82a6e85502c745c5a4c8b2dca4c43330af2837a56d930d61e6de31d4c6ede3;a3c327787650d1abe514468bff04ec18fa845a23e797dd629aeba410602a08c9;2026-09-28T19:47:05.797752+00:00;false
LOC-0128;LOC-0023;WALKING;2026-08-17T07:00:00+03:00;OK;5456;91;7640;LOCAL_VALHALLA_MATRIX;9e68f37b70faef145886e81e7a018128d33e6fa206f3167198a20601cbfe3a3b;99537a35fd55420723da57d70cf7e3a8e5e22319e33522afb4374e4b5e635735;2026-09-28T19:47:05.797752+00:00;false
LOC-0128;LOC-0027;WALKING;2026-08-17T07:00:00+03:00;OK;3637;61;5087;LOCAL_VALHALLA_MATRIX;8249a52031548f7e8f73fb084555025bde846a0b6a68585e8f858bb3975e89e7;d52c52a0a540f49fba7f565f764a7053b188a0f00082543ad3ca3e13675b0cf0;2026-09-28T19:47:05.797752+00:00;false
LOC-0128;LOC-0028;WALKING;2026-08-17T07:00:00+03:00;OK;4552;76;6665;LOCAL_VALHALLA_MATRIX;d02619d126848d6b95a888c9464fbfc6142ed860a01ab077d5affd0b4895f1fe;1f4ab8ccadb6edb76c04e3ef543157e6ccc5aadb349b2162e0bb144a02966a70;2026-09-28T19:47:05.797752+00:00;false
LOC-0128;LOC-0029;WALKING;2026-08-17T07:00:00+03:00;OK;4435;74;6498;LOCAL_VALHALLA_MATRIX;2b03d719d18a83b32858a2de5bc671391792b421d70f17aac233df4c0ff9543e;7bd582dfb6849df170417412cd6348e330ebc733fbb5804196ab2c9df857f078;2026-09-28T19:47:05.797752+00:00;false
LOC-0128;LOC-0037;WALKING;2026-08-17T07:00:00+03:00;OK;492;9;695;LOCAL_VALHALLA_MATRIX;f1a6ccc47515c64235c90396ff4774231d9347c32e81924835be7f9565f271a6;379f3a8b9473ac28e681a49a58944bb27709fa32215918149d77536d6f4ec266;2026-09-28T19:47:05.797752+00:00;false
LOC-0128;LOC-0045;WALKING;2026-08-17T07:00:00+03:00;OK;4604;77;6722;LOCAL_VALHALLA_MATRIX;b8a7799e5e40d89d6023dcaadd03a810cfe7e1a5c48bcdd3397e7f792aea2297;eff55c462faa9e02d940d83864691ba00fa2eda70817487e4d498bb775418cdd;2026-09-28T19:47:05.797752+00:00;false
LOC-0128;LOC-0053;WALKING;2026-08-17T07:00:00+03:00;OK;3768;63;5290;LOCAL_VALHALLA_MATRIX;30254eca8c1d9d9597c134692317f9d63de330b2b55cb565fee4497fcc253e78;09d0b3b7c0bfd6e358ff497ddf28218dbe2bc8485eb1ac9423e02a2bd97b104f;2026-09-28T19:47:05.797752+00:00;false
LOC-0128;LOC-0054;WALKING;2026-08-17T07:00:00+03:00;OK;377;7;536;LOCAL_VALHALLA_MATRIX;dbd8914b81f8959acae8ab0396f4f60b249bc74d2d5eba272402ca46cdda0782;67657382d977308cda187478f836608800c0d522a7a8c9ca1b41719b5e7850ae;2026-09-28T19:47:05.797752+00:00;false
LOC-0128;LOC-0061;WALKING;2026-08-17T07:00:00+03:00;OK;3003;51;4178;LOCAL_VALHALLA_MATRIX;f88522b2ff601e75f75f1d0d571af321c4fd67e99dbae98ed0e02525baebeae9;9b7c35630ba1f2876098a4146568d9a734e08defda732a0ebbda27d363dbb3b8;2026-09-28T19:47:05.797752+00:00;false
LOC-0128;LOC-0063;WALKING;2026-08-17T07:00:00+03:00;OK;5618;94;11561;LOCAL_VALHALLA_MATRIX;372467b6c5c7d923ebe5b5bcb8cf220d01b5bff48ba8c2152029b6e656dfe1f2;f25bff3ad55a027c4f363ae4679ba1eab6ebd38dbd324c138d854e78accaa22f;2026-09-28T19:47:05.797752+00:00;false
LOC-0128;LOC-0064;WALKING;2026-08-17T07:00:00+03:00;OK;5349;90;7769;LOCAL_VALHALLA_MATRIX;7c049c79ef4ac219957d5f2737ef6dbab90300c6e2861d2361d36f3f215a25cd;5898135ea13961da89c5268ebe02baa1abba0bc75df48ebb467b00b21d64cdcd;2026-09-28T19:47:05.797752+00:00;false
LOC-0128;LOC-0074;WALKING;2026-08-17T07:00:00+03:00;OK;4646;78;6505;LOCAL_VALHALLA_MATRIX;44c0b3e49880a7930c834f5de578fdacbc0fc8cf83c35936a08ff126833669c9;c2d63f6c2780da3c03076fda78c74e3b7d87ee6907dd6071d3a3c84eaac0a51a;2026-09-28T19:47:05.797752+00:00;false
LOC-0128;LOC-0075;WALKING;2026-08-17T07:00:00+03:00;OK;4862;82;6799;LOCAL_VALHALLA_MATRIX;69a2a62eb764fab5fd12768fa568c7855b5609ef533dfdf8e097c983a241de4f;e0eeaeb730e12be33950c9b36cd19d3c95bef7ef1e170e04dbdfa671253b8998;2026-09-28T19:47:05.797752+00:00;false
LOC-0128;LOC-0076;WALKING;2026-08-17T07:00:00+03:00;OK;4488;75;6264;LOCAL_VALHALLA_MATRIX;565a4c2851f7fc1de37dcc3f8de47fb38251a8944fbc139408490ba858da0709;b141767219802f4f7d648e817c9ebcd53faf135b5614985b50cd38787a366add;2026-09-28T19:47:05.797752+00:00;false
LOC-0128;LOC-0078;WALKING;2026-08-17T07:00:00+03:00;OK;4747;80;6903;LOCAL_VALHALLA_MATRIX;c5f018dff70f5df456cafa983c5ba8130674540f15d50eca192ed3e382aa8eee;2ce5f82d0608bdf250104a4660ecdaea2f75baaf385a94b1a9ea1a3f38772cbb;2026-09-28T19:47:05.797752+00:00;false
LOC-0128;LOC-0080;WALKING;2026-08-17T07:00:00+03:00;OK;5283;89;7378;LOCAL_VALHALLA_MATRIX;ce7544ed6baec31cf87e5422d8489530f24bd496a0450992766878ac458458b0;4ca5da85c767bf2f28e5762df056e6eaf0e25ebefd751bd663082a3d1930e063;2026-09-28T19:47:05.797752+00:00;false
LOC-0128;LOC-0082;WALKING;2026-08-17T07:00:00+03:00;OK;5303;89;7720;LOCAL_VALHALLA_MATRIX;cdbbd6b98fbdac6f4bc719911aca75d44204338c5860e7fdbcc195d54f572eb5;644304a7e74e792ecd05605f91e94a078665afe007a0ad3a1e5260d313bcac8c;2026-09-28T19:47:05.797752+00:00;false
LOC-0128;LOC-0085;WALKING;2026-08-17T07:00:00+03:00;OK;2325;39;3263;LOCAL_VALHALLA_MATRIX;1533f0f240801732641c46e13c386e86db1aad46ac931b985197206b13794ef9;df399b904c04a48959a3931aa7b8ec5f691519c5ea703c3ecca499b3d5224543;2026-09-28T19:47:05.797752+00:00;false
LOC-0128;LOC-0086;WALKING;2026-08-17T07:00:00+03:00;OK;2148;36;3025;LOCAL_VALHALLA_MATRIX;4fed4f528704b8365c73b3e90e19e83b6921ffe7d77b7c2d1c1b3f0a298714a6;08ddb09433685bb5ba089154886dc90f46915e416a5e3a61014190d5dfece464;2026-09-28T19:47:05.797752+00:00;false
LOC-0128;LOC-0091;WALKING;2026-08-17T07:00:00+03:00;OK;3959;66;5556;LOCAL_VALHALLA_MATRIX;4990950f12e74933fcd8f1d03c218206bc9e55ef9fda5bd8b466758a58883a24;7e752427beea539b1be168f0378ed5554aff412ce473c042ae03b6588ea6262a;2026-09-28T19:47:05.797752+00:00;false
LOC-0128;LOC-0092;WALKING;2026-08-17T07:00:00+03:00;OK;4295;72;6035;LOCAL_VALHALLA_MATRIX;368a9d125d579f8a2398016f4c5e98bbe3b7deb0f5c7f84d6086158bd5eb5bcf;174a34119c0d65d877a14990cc54fda364dab14eb2dbe7ac43646243351c29bd;2026-09-28T19:47:05.797752+00:00;false
LOC-0128;LOC-0093;WALKING;2026-08-17T07:00:00+03:00;OK;4200;70;5911;LOCAL_VALHALLA_MATRIX;b9149354c5f5ed9a326f917f3b66eaacf01be2d2395e4f68537349ae21d97caf;2813a87481f3cf45b559d033edcc742dd1d57b541cf1c196d18729f097c61d66;2026-09-28T19:47:05.797752+00:00;false
LOC-0128;LOC-0094;WALKING;2026-08-17T07:00:00+03:00;OK;2557;43;3607;LOCAL_VALHALLA_MATRIX;948eac48e57a1879056f8704c603cf9444681a8ecf03e7b2fbc85e6d50dc7df8;9558ce832fb06ec24c5cbaad04ef7d156f264a74e5e6c2517a8922efe7bcad8c;2026-09-28T19:47:05.797752+00:00;false
LOC-0128;LOC-0095;WALKING;2026-08-17T07:00:00+03:00;OK;3095;52;4357;LOCAL_VALHALLA_MATRIX;64abc84e900ad48bf43081e762f3eb275fce729811b4c50f7ca461c17436a7e2;be3a8fbd219de0d03456393a4035147d899d9e2c2cf7dd95a81c424dc729de7d;2026-09-28T19:47:05.797752+00:00;false
LOC-0128;LOC-0102;WALKING;2026-08-17T07:00:00+03:00;OK;5596;94;8091;LOCAL_VALHALLA_MATRIX;7fbabe57a1f2a6616e233ef8fdf5a638806f6f9254821c9ddfaa4e0dcc328d1e;a486360a024ee8865d84eac98b2fe7fec47b03a405af0d10c61179ea34140aa0;2026-09-28T19:47:05.797752+00:00;false
LOC-0128;LOC-0112;WALKING;2026-08-17T07:00:00+03:00;OK;4284;72;5984;LOCAL_VALHALLA_MATRIX;ae9666b55d777a7291085310277e109f8091fc9fcd05e890aa22fca649dcb692;3a2f0062871ad0d20c1f6be17a328597d4c132584f7ab85b2120e5cd3d3ff9e3;2026-09-28T19:47:05.797752+00:00;false
LOC-0128;LOC-0124;WALKING;2026-08-17T07:00:00+03:00;OK;6717;112;17502;LOCAL_VALHALLA_MATRIX;fe12b1ba9767cc76b4af98c34288f50fb5045a8baa670bb425ed420c78fe9331;da07409979482f5095a5d750f775f1d765d6ae1b0205dcef09002ca31a8f3acd;2026-09-28T19:47:05.797752+00:00;false
LOC-0128;LOC-0125;WALKING;2026-08-17T07:00:00+03:00;OK;5390;90;7561;LOCAL_VALHALLA_MATRIX;f16191d307fb87b93cf99b4f0163326146f038ef89eec901b5995f34300ebad7;f92534b6944c951103015d0b9996af0e8554dcc42a1f8878695e7bb0fd8091d2;2026-09-28T19:47:05.797752+00:00;false
LOC-0128;LOC-0126;WALKING;2026-08-17T07:00:00+03:00;OK;3413;57;4804;LOCAL_VALHALLA_MATRIX;e859da3cd51b9a5eed5c40f0dfbd0b19781d01330c4138d03af7aa8ce4be5beb;88d40a09756c0d054e81f22c21db10ac37746ec5a0cf1c60a603dd83cd00e09e;2026-09-28T19:47:05.797752+00:00;false
LOC-0128;LOC-0128;WALKING;2026-08-17T07:00:00+03:00;OK;0;0;0;LOCAL_VALHALLA_MATRIX;8763c28efd778738a6fc58e0ed2ee6093766a67b8f4a57e514b43b5c0e48b20b;3d5812abc84c11768aa73a732c85d75dbed439188f5bb3239e9b762ea31d9862;2026-09-28T19:47:05.797752+00:00;false
LOC-0128;LOC-0134;WALKING;2026-08-17T07:00:00+03:00;OK;1939;33;2716;LOCAL_VALHALLA_MATRIX;b4fddc8172813e17c941d51a60a86524da671fe5aaa42d3578da534d2a2f56c5;6614f204cae1765b0e553081fdb037be26445dc684ef826fa958b6efaab2d54f;2026-09-28T19:47:05.797752+00:00;false
LOC-0128;LOC-0135;WALKING;2026-08-17T07:00:00+03:00;OK;2020;34;2832;LOCAL_VALHALLA_MATRIX;ebbb98a1d9d3967e74ebf84f8dc86f8964d3cd7a6189a600f135111868120f49;92942e22dc496b1210eea87536e6f4b4610b16734af2364c85aa9e0d2ec332a9;2026-09-28T19:47:05.797752+00:00;false
LOC-0128;LOC-0136;WALKING;2026-08-17T07:00:00+03:00;OK;2175;37;3040;LOCAL_VALHALLA_MATRIX;46670fdfeb99a6109ccc8d3c470b9069255484cd46026043f1cb2c7bc9424e89;77776748435346c184e970d9bd8ab8ac5fac21d1b4b3912860bf87389fd41e7d;2026-09-28T19:47:05.797752+00:00;false
LOC-0128;LOC-0140;WALKING;2026-08-17T07:00:00+03:00;OK;3188;54;4481;LOCAL_VALHALLA_MATRIX;17d2889627639265dce977efef739914d0cacd5b4309acd161d1066b74609f7a;153d951bbfb7767082119ae85dfef6840edc248fd20149244d7afd09cf491afb;2026-09-28T19:47:05.797752+00:00;false
LOC-0128;LOC-0141;WALKING;2026-08-17T07:00:00+03:00;OK;7431;124;20626;LOCAL_VALHALLA_MATRIX;8933b383da592a83028997d43a56cb5c4667a5b812ed45cf4f681a129e344eeb;2a7031933cda853344c390b961c279c7de65a890f04b1e009d7a23789ebeb15c;2026-09-28T19:47:05.797752+00:00;false
LOC-0128;LOC-0142;WALKING;2026-08-17T07:00:00+03:00;OK;8268;138;24850;LOCAL_VALHALLA_MATRIX;b21a4ddfc9a3b06a33830e7575b9a7510dd2e56c9d4c3e222477d03bc440c97f;bb391a8425c5cadff4df85795c11d256d136c7d5101ca5cf516cda05ea7641ea;2026-09-28T19:47:05.797752+00:00;false
LOC-0128;LOC-0145;WALKING;2026-08-17T07:00:00+03:00;OK;5152;86;7234;LOCAL_VALHALLA_MATRIX;62d32681c080c844fb50333016e494761374c9ab2d4a9cc6895aa553123da4f4;1f4672a675dd74fbd9d380c64c403c480cbb2656c5710647c915c6278c4e44bf;2026-09-28T19:47:05.797752+00:00;false
LOC-0128;LOC-0148;WALKING;2026-08-17T07:00:00+03:00;OK;4807;81;6722;LOCAL_VALHALLA_MATRIX;6e39f72ec9268f6171a58a854f8970234ef210f77e2b2b4fd391a811a314a9fc;2555d78758d948662785224782bc5d9dac8574ea4bb846b01633b8de251c70ec;2026-09-28T19:47:05.797752+00:00;false
LOC-0128;LOC-0149;WALKING;2026-08-17T07:00:00+03:00;OK;4638;78;6485;LOCAL_VALHALLA_MATRIX;6b3d5d32ed956f86a62f72aa57ebf87915531e03e5486a103eaae5a073b5c9c7;08f3be87fdb7544533b839dfb6ac42f6b8846caed536edb127155f0d1b7c66b2;2026-09-28T19:47:05.797752+00:00;false
LOC-0128;LOC-0150;WALKING;2026-08-17T07:00:00+03:00;OK;4600;77;6451;LOCAL_VALHALLA_MATRIX;6674c7336552e62d8cb5a7bd7c38d6efd64d149804732353899d7266365c2615;ad6496b04455e899ffe71eb5568cf67fc6efa95138b79408521db72bfde2c1c5;2026-09-28T19:47:05.797752+00:00;false
LOC-0128;LOC-0151;WALKING;2026-08-17T07:00:00+03:00;OK;5069;85;7085;LOCAL_VALHALLA_MATRIX;3d9669fd61b4c646644fd4678d760971331920b95571fc4bfd8843f59b7ec113;30180392f5e731282a8112d7dea68227914c76e716defcdf13f95104b275c853;2026-09-28T19:47:05.797752+00:00;false
LOC-0128;LOC-0152;WALKING;2026-08-17T07:00:00+03:00;OK;5034;84;7045;LOCAL_VALHALLA_MATRIX;37368e5785a384f9798645b3ef0028d54f97f74c7aa4e217f954a2bbcda65ec2;23e37944f006782b5f131ca98f5b729862af56fe41ba35afd58218a96d2ea7db;2026-09-28T19:47:05.797752+00:00;false
LOC-0128;LOC-0190;WALKING;2026-08-17T07:00:00+03:00;OK;2658;45;3706;LOCAL_VALHALLA_MATRIX;77d00d17de68078747b28ae1e0c730d5eefee6f5507def3bec5f9a3d4c637b40;539c1fd84415ae95854a54f57b9298e77fec85c4addf9288c436a17a2055f3ea;2026-09-28T19:47:05.797752+00:00;false
LOC-0128;LOC-0196;WALKING;2026-08-17T07:00:00+03:00;OK;6547;110;9149;LOCAL_VALHALLA_MATRIX;cf7fc6d61e46c6edf4e7a19ee80a32e5f9133bbc36767f0e9ceefd86927c02a5;c21c0d81d8ab827f71ad8fcd208bbb4f922f05837c8c5dedf5abd00115c21d5d;2026-09-28T19:47:05.797752+00:00;false
LOC-0134;LOC-0002;WALKING;2026-08-17T07:00:00+03:00;OK;437;8;614;LOCAL_VALHALLA_MATRIX;0a719269f2447d871132f8b45f4c4518fdc374ada242270b8da09ffa7381273a;36b14b491b68dd50e55bf356c129fec01f8e13edea4f31c254bf86dbd1144393;2026-09-28T19:47:05.797752+00:00;false
LOC-0134;LOC-0008;WALKING;2026-08-17T07:00:00+03:00;OK;5370;90;7543;LOCAL_VALHALLA_MATRIX;35e0562593a62a4c13b0942c1ab1cc9c7979269e670f0e2249c7bd9272c5c745;0b8784f14c46223c25d07fb134ebadda06655764e7df314f4379dfa004873d21;2026-09-28T19:47:05.797752+00:00;false
LOC-0134;LOC-0009;WALKING;2026-08-17T07:00:00+03:00;OK;5674;95;17598;LOCAL_VALHALLA_MATRIX;e5836148fa28200a8bb771a69e4e104a1ad3e927ed4e22709031d73ea40b5780;57bc27043557639e535c29f864a9d66c64393a8a2f332a13e90a83320745e4e6;2026-09-28T19:47:05.797752+00:00;false
LOC-0134;LOC-0010;WALKING;2026-08-17T07:00:00+03:00;OK;6035;101;8447;LOCAL_VALHALLA_MATRIX;0ad93dba87dba81c86babecccc74b3ecca3edd2aa8cb9ea687edb4a5f8a68b67;9aafe2cc4a997a18175388f15f9fd1c7f95527395b80c00bd2524fa7d2b6e0a6;2026-09-28T19:47:05.797752+00:00;false
LOC-0134;LOC-0011;WALKING;2026-08-17T07:00:00+03:00;OK;4746;80;6662;LOCAL_VALHALLA_MATRIX;bff067e82773fb4f069a32d709db1f298395236ce21fba93221edecb91ae0b5b;6dea7ed92e62aedb6dd1ff4b30cd1221c37f51f960a19ccebe4c6127f0267cd5;2026-09-28T19:47:05.797752+00:00;false
LOC-0134;LOC-0012;WALKING;2026-08-17T07:00:00+03:00;OK;5087;85;7111;LOCAL_VALHALLA_MATRIX;10d1c82273ebd28a3137505affcbfac1d984a20f758d7520386b4f438ab4257f;ac02d5ee4e169a6d1932e44b3a1383ed5909d2cc39c385d8fc368e6dd7091493;2026-09-28T19:47:05.797752+00:00;false
LOC-0134;LOC-0013;WALKING;2026-08-17T07:00:00+03:00;OK;601;11;852;LOCAL_VALHALLA_MATRIX;00712204220a01ca7a248bce8a15e73cfdeb6b2ef5a6df9279dfdbb887b00159;503467426bdeb1d5220ea3eeafb9a158ec104d84e81ed926777b86681d23a1ab;2026-09-28T19:47:05.797752+00:00;false
LOC-0134;LOC-0016;WALKING;2026-08-17T07:00:00+03:00;OK;4675;78;8279;LOCAL_VALHALLA_MATRIX;818368e9af40ddf05cbb4d03c51332ac6bc5bf23af1b9e31e72c0656783c755e;2f0252213a8742692a70734666e501f5ec5aa76d6c1933f35b4f6db6d0baf39d;2026-09-28T19:47:05.797752+00:00;false
LOC-0134;LOC-0017;WALKING;2026-08-17T07:00:00+03:00;OK;7081;119;21722;LOCAL_VALHALLA_MATRIX;082a815e4da1c94110232a1bdc84cbeeb94be08a1fa1469f6921d91c0b90054b;5ebc2ccb1bd4c09222cec808ab62f3f17bfe2b4f80f42234bbb687e699988d49;2026-09-28T19:47:05.797752+00:00;false
LOC-0134;LOC-0018;WALKING;2026-08-17T07:00:00+03:00;OK;5697;95;9110;LOCAL_VALHALLA_MATRIX;037f5811096eedf4cd5c9eefab3e9cd85064586ac2545c3eba890dea225c5c17;d8b897102f0cefc7041f6795f94298185930e6db12177ecd06a103d90408e58f;2026-09-28T19:47:05.797752+00:00;false
LOC-0134;LOC-0019;WALKING;2026-08-17T07:00:00+03:00;OK;6181;104;8665;LOCAL_VALHALLA_MATRIX;5f22d4090f8c851572447093f79ad6bcbb609df3ccdb1a808fb0a1be263d8d41;245a2a94b69b7ba0298e2af3dc8058677bd7ffe161c87b08b59ffe5728a7a2b2;2026-09-28T19:47:05.797752+00:00;false
LOC-0134;LOC-0020;WALKING;2026-08-17T07:00:00+03:00;OK;7760;130;12005;LOCAL_VALHALLA_MATRIX;72fa7e9364b99dda609e4a35676aa308ecd181a7190d4d5e92bbc4cb9771095b;105823091e27948732f507e757c20b73365dcc5aa0c79fbb8a781f00709677e1;2026-09-28T19:47:05.797752+00:00;false
LOC-0134;LOC-0023;WALKING;2026-08-17T07:00:00+03:00;OK;6756;113;10622;LOCAL_VALHALLA_MATRIX;9095b2ebe399d7f5fc3409cd8ae277c1ce19236a664171e13b0001c6a1d707d9;6c5712103034fa5007586b0b067c150e12180d49b9ea5f4ba40cd650a005d260;2026-09-28T19:47:05.797752+00:00;false
LOC-0134;LOC-0027;WALKING;2026-08-17T07:00:00+03:00;OK;3768;63;6434;LOCAL_VALHALLA_MATRIX;8e98c9449b915169787ffbd4d126f5a7678ff0becf44239e1f3f43ba54ada67f;0d9d6f642aa5c527b928ce6caa6fb70fd01b76a989c64ef9dabeb47ad8b1bc8e;2026-09-28T19:47:05.797752+00:00;false
LOC-0134;LOC-0028;WALKING;2026-08-17T07:00:00+03:00;OK;3769;63;7161;LOCAL_VALHALLA_MATRIX;48c124b81d0c0e9035917ed293e8741ab41117f7ea1ee74d01e50ba35ead9ccd;57ba92d895489f9d6f164f87d87d0391ec0355723277bc4e03b75a4879683f5d;2026-09-28T19:47:05.797752+00:00;false
LOC-0134;LOC-0029;WALKING;2026-08-17T07:00:00+03:00;OK;3651;61;6994;LOCAL_VALHALLA_MATRIX;227d9a8ae1dc5c43ec59209501d22c7fdfb9f1e7cf35edf9071175b220d6bb4f;add71ed87ddfc204472089feaa1586404e974833dbcca629bb254778f30ccbb4;2026-09-28T19:47:05.797752+00:00;false
LOC-0134;LOC-0037;WALKING;2026-08-17T07:00:00+03:00;OK;1825;31;2558;LOCAL_VALHALLA_MATRIX;833cbaec03b878414dd068a474d242fdcd9b202565761a1c6e650481faed8695;983ddf40288b2b505107369c0c67a721e22f6aba806e87e23ec200a28d59c99a;2026-09-28T19:47:05.797752+00:00;false
LOC-0134;LOC-0045;WALKING;2026-08-17T07:00:00+03:00;OK;3820;64;7218;LOCAL_VALHALLA_MATRIX;9c0f26aa60f59b81848af506a4c66b72bfff68c1238361e4d43fa1a5f011318a;540b696b19357b11499e12ce266369a520fb2732d8bbe5e1ff6339066db71fce;2026-09-28T19:47:05.797752+00:00;false
LOC-0134;LOC-0053;WALKING;2026-08-17T07:00:00+03:00;OK;3188;54;4474;LOCAL_VALHALLA_MATRIX;620b8c6e1dce78adac830bee7c4e776cec8baf678584492c7b2a2c2584555178;acf654bb91dad90cd00c778b49b533a01fe5418fd6c862d06b3ac1ba8356829a;2026-09-28T19:47:05.797752+00:00;false
LOC-0134;LOC-0054;WALKING;2026-08-17T07:00:00+03:00;OK;2046;35;2864;LOCAL_VALHALLA_MATRIX;d99a874b701882651aa0e2c1e0cb4822d6ddb4a8b921db8350bbfb876512dc76;3fdb698cbfca2b21ed1f4fe19548f64b132dbbfbc6c63a7d47e5841ba5352bfa;2026-09-28T19:47:05.797752+00:00;false
LOC-0134;LOC-0061;WALKING;2026-08-17T07:00:00+03:00;OK;4747;80;6628;LOCAL_VALHALLA_MATRIX;d1699edb292d775eee2bf219a8d79b6fbbc2cc3462c9a8dbf321a6dbbfec534a;dc6571f707df51642e91523693e0c826024f604fd280286c55467a69d6167f44;2026-09-28T19:47:05.797752+00:00;false
LOC-0134;LOC-0063;WALKING;2026-08-17T07:00:00+03:00;OK;4835;81;12057;LOCAL_VALHALLA_MATRIX;a1e8f0aa23b6dad5f715bd5ce6f7946563f9fbb2b73a3f37f7af90eb0dacc0bd;5251c8324cf3b7ca405c8e792cbd189f574d1dcfdd7febbf1662367b3d7db691;2026-09-28T19:47:05.797752+00:00;false
LOC-0134;LOC-0064;WALKING;2026-08-17T07:00:00+03:00;OK;4565;77;8265;LOCAL_VALHALLA_MATRIX;d2e96cb05b8037603b9c8f7e7eab5384a74d51a79c5793620674b63d1712c136;0ca1ac3c8cff050e341e0d0026ca2a3cfb57ed81d69f96d48372a128133857ea;2026-09-28T19:47:05.797752+00:00;false
LOC-0134;LOC-0074;WALKING;2026-08-17T07:00:00+03:00;OK;4910;82;8024;LOCAL_VALHALLA_MATRIX;8554bf0cf45c812bbe3bde95bbd0732d913398caf3ccaa588679eb4965a0a799;7daabb273ce7dabc6bad830d9777b9dbc8b8fd034910d08041b6ebbe5b7c3bfb;2026-09-28T19:47:05.797752+00:00;false
LOC-0134;LOC-0075;WALKING;2026-08-17T07:00:00+03:00;OK;5351;90;9354;LOCAL_VALHALLA_MATRIX;c1076dbb1bdb0f209fba27b02da13cb7bd890a80c0708cb2a54bce598fc654b6;227f0f138356f3e6af69b3116082a0690eb3e3a4e9f401840ca5a75da79a1091;2026-09-28T19:47:05.797752+00:00;false
LOC-0134;LOC-0076;WALKING;2026-08-17T07:00:00+03:00;OK;4954;83;12225;LOCAL_VALHALLA_MATRIX;7dabd200a7aba981a6a5e20b6e8c2f58a862e6b6347bc6d4906a6b85c6c6f10b;062ea9aadc49e1f7c0610b768e89d41dde89d735e759416529192937ac3dd016;2026-09-28T19:47:05.797752+00:00;false
LOC-0134;LOC-0078;WALKING;2026-08-17T07:00:00+03:00;OK;4184;70;7695;LOCAL_VALHALLA_MATRIX;81cf45467f2a12845a7fde3458fa837af96420db08dc738c7693bfb5d9630580;099ff6c8f003d1ef53ad1beef14f47a5e5fdba4ff60bcdb61a2f9b41da625191;2026-09-28T19:47:05.797752+00:00;false
LOC-0134;LOC-0080;WALKING;2026-08-17T07:00:00+03:00;OK;4994;84;8134;LOCAL_VALHALLA_MATRIX;c5d321b9c367152bbb0f3f822942204fee024689bb1d5a7b917dd5f36bbc96a7;11ceeca6dbd3b9cca1bfa39b56194533cade599893a93795bd6288929d6bb043;2026-09-28T19:47:05.797752+00:00;false
LOC-0134;LOC-0082;WALKING;2026-08-17T07:00:00+03:00;OK;4679;78;8443;LOCAL_VALHALLA_MATRIX;095c045c7a4079d13ae576ca89dde03683ae1b9eaf2b80e68ede133a1c85b3f0;773a14879d9628883b07259f27a894ea829da937d01e9921c63dc1396ac5c3b3;2026-09-28T19:47:05.797752+00:00;false
LOC-0134;LOC-0085;WALKING;2026-08-17T07:00:00+03:00;OK;657;11;924;LOCAL_VALHALLA_MATRIX;728e4537a51e0dc3859e8892041ae469085a9dbf6fc0e9b300c6f7148e89b71b;0efb29c7ad184df0fd9c18cb7bebd577b704ad3de5129fc5a3ca2f9e26d69cb7;2026-09-28T19:47:05.797752+00:00;false
LOC-0134;LOC-0086;WALKING;2026-08-17T07:00:00+03:00;OK;722;13;1011;LOCAL_VALHALLA_MATRIX;76b7e468101a89c9868add9bcbb15631742a352bf3889ecf5d3376c16526ead4;8e7495768a3b48c1ac481602d4ecd9d14ab4835461898519be8d645e44cf094d;2026-09-28T19:47:05.797752+00:00;false
LOC-0134;LOC-0091;WALKING;2026-08-17T07:00:00+03:00;OK;5791;97;8094;LOCAL_VALHALLA_MATRIX;4f37af1e6c8a86c2c2c28a3582cfbeb1b29426e8350037e72b7eddbb2ba8f2e8;c2b80061db250cf35aad6a8dbe22a2c1745caf13a9242f65fae648b4f9294e57;2026-09-28T19:47:05.797752+00:00;false
LOC-0134;LOC-0092;WALKING;2026-08-17T07:00:00+03:00;OK;6079;102;9671;LOCAL_VALHALLA_MATRIX;375261414d9a8f0138ccf9c34c49077facda856cfb7fec32f967a422014859c7;4b6f56d467f026f50815370367f9b9d91deed5bb23aac55ab9a6af955c77ea97;2026-09-28T19:47:05.797752+00:00;false
LOC-0134;LOC-0093;WALKING;2026-08-17T07:00:00+03:00;OK;5938;99;9476;LOCAL_VALHALLA_MATRIX;cdaa37299f51e990da30e41824048270944859ca7129ea2bc2eb76be71a2416d;b23196f34464cbaec4346c39c785092f7e0f17523c1873db724e7489b61e5246;2026-09-28T19:47:05.797752+00:00;false
LOC-0134;LOC-0094;WALKING;2026-08-17T07:00:00+03:00;OK;1183;20;1657;LOCAL_VALHALLA_MATRIX;6183494e6291e25573a98ad4ae24ba5ef99bb39317dfaa627cdfed29184deecb;ace5539ce2e7743a279446485fb263d8d06ac57f83f7bd3ae28de8dda493793b;2026-09-28T19:47:05.797752+00:00;false
LOC-0134;LOC-0095;WALKING;2026-08-17T07:00:00+03:00;OK;1495;25;2098;LOCAL_VALHALLA_MATRIX;82233cc379dded590cb49e7ec731be8f137f9e281ab1be792b3cf43783b1c6b7;d8eb394d9ebab9a5c9b6ca2206593a99a9161d9e843197a4e565ee5352444b5e;2026-09-28T19:47:05.797752+00:00;false
LOC-0134;LOC-0102;WALKING;2026-08-17T07:00:00+03:00;OK;5325;89;12740;LOCAL_VALHALLA_MATRIX;2a87a9bed918945bc875f6b1cee140437dde64b36eca1d22c6276e7d606e4059;cae872323b03d8b1c9098ceb148db40a5794d7817f2945bec60726c267ddeb36;2026-09-28T19:47:05.797752+00:00;false
LOC-0134;LOC-0112;WALKING;2026-08-17T07:00:00+03:00;OK;4854;81;7918;LOCAL_VALHALLA_MATRIX;de4498c9de82702fb9302947bae17c5793618f06bdcf2cfbfab8f9c562add61d;f3a33b2940ca03b58d75d5b023d3b25beb2af1b0e1ff83bd5a1c51ad0b2c0dd8;2026-09-28T19:47:05.797752+00:00;false
LOC-0134;LOC-0124;WALKING;2026-08-17T07:00:00+03:00;OK;5934;99;17998;LOCAL_VALHALLA_MATRIX;7051d303b972a27c45aafc7220e7829b91ff36fba702f49a69b7ae58a36301b5;cd11d6fdf71524a7796edb5a1941ac4f46fc9c825bc088ee3c47d72f3c2a885a;2026-09-28T19:47:05.797752+00:00;false
LOC-0134;LOC-0125;WALKING;2026-08-17T07:00:00+03:00;OK;5585;94;8954;LOCAL_VALHALLA_MATRIX;80b7e15b7571cffd4bea2baca2d170584368c3841190b87abef1e9c3c1e38013;5c4c499fcdcf4ad16c7205859d5fbc8d251178c502f298152298513f1b256cf8;2026-09-28T19:47:05.797752+00:00;false
LOC-0134;LOC-0126;WALKING;2026-08-17T07:00:00+03:00;OK;4081;69;6860;LOCAL_VALHALLA_MATRIX;144f14b25044a189df68061b5fade30467f42f7d569bb0345de8006f05c928f6;fee699837c8fbc5c56bbc0a220d136daff53e3ef592b5a7a42991709bc720ada;2026-09-28T19:47:05.797752+00:00;false
LOC-0134;LOC-0128;WALKING;2026-08-17T07:00:00+03:00;OK;1939;33;2716;LOCAL_VALHALLA_MATRIX;68b08097d12d86314308f7247688a53aca2d16adb25fa5a5ba584dac4700bd05;6614f204cae1765b0e553081fdb037be26445dc684ef826fa958b6efaab2d54f;2026-09-28T19:47:05.797752+00:00;false
LOC-0134;LOC-0134;WALKING;2026-08-17T07:00:00+03:00;OK;0;0;0;LOCAL_VALHALLA_MATRIX;4f8d0c6db9958e8f75d0e3ce721cbb5dc627f03769fabcb964324ff09310b888;3d5812abc84c11768aa73a732c85d75dbed439188f5bb3239e9b762ea31d9862;2026-09-28T19:47:05.797752+00:00;false
LOC-0134;LOC-0135;WALKING;2026-08-17T07:00:00+03:00;OK;106;2;151;LOCAL_VALHALLA_MATRIX;6a4e33235500d56795c803dce7633a1f9790bc3a50ae51f57e78dca8eec880ad;e5caff963c381f086bd4c8172b00931034428a7ede87d3bcd6e4e8ccbf513496;2026-09-28T19:47:05.797752+00:00;false
LOC-0134;LOC-0136;WALKING;2026-08-17T07:00:00+03:00;OK;427;8;597;LOCAL_VALHALLA_MATRIX;0d3f4bab4d36de4c67314f2a95964dc7bf9832884f8cbafa674edc7244180a5f;b30ef222dbb883e2c999249263af1691b21951760867abd8680bb1c4586a57bb;2026-09-28T19:47:05.797752+00:00;false
LOC-0134;LOC-0140;WALKING;2026-08-17T07:00:00+03:00;OK;2603;44;3659;LOCAL_VALHALLA_MATRIX;bfba01ebceb4b443964a6717c1bf7364482de4a46fd2c24f9be1d5b5e3657ad6;04a89d277099e5850276acfe63cc5e80994bcf00d8080337b0bdc575bda6b26b;2026-09-28T19:47:05.797752+00:00;false
LOC-0134;LOC-0141;WALKING;2026-08-17T07:00:00+03:00;OK;6648;111;21122;LOCAL_VALHALLA_MATRIX;d6ee8de492cff0f5fa6196a6ae08560d3e0d88821e7abd7f480265f573d1e91c;a064089cd720a8e654fdee4e8aa17da0623fe3c46be5e37ad4e71ef3df412a52;2026-09-28T19:47:05.797752+00:00;false
LOC-0134;LOC-0142;WALKING;2026-08-17T07:00:00+03:00;OK;6729;113;21195;LOCAL_VALHALLA_MATRIX;ae70161847e48e71d226a27db0edff2371243fe42ebe84e4af5f1257b740d317;11e6cfd363bcd7e017902b000cd2c984113bad2dbe7112c0e0faa49fdef4a913;2026-09-28T19:47:05.797752+00:00;false
LOC-0134;LOC-0145;WALKING;2026-08-17T07:00:00+03:00;OK;6740;113;10574;LOCAL_VALHALLA_MATRIX;d75b24ac9af8b14a201817b50db5d75ffa1430ddb4374e4e5e123bc5e2658ef6;050f85bda380ecc9973c4146b9a031a902bd43abdc6c3abfae1c264df3e5baf2;2026-09-28T19:47:05.797752+00:00;false
LOC-0134;LOC-0148;WALKING;2026-08-17T07:00:00+03:00;OK;4518;76;7478;LOCAL_VALHALLA_MATRIX;12c0c0468e2efe0f266c0efbb856119b2f82742dcd74b72e5cf84decba31e7af;f625498741109c87da91883b3ecaad8ebca4869e865ba2823878ef87285a62db;2026-09-28T19:47:05.797752+00:00;false
LOC-0134;LOC-0149;WALKING;2026-08-17T07:00:00+03:00;OK;4986;84;8835;LOCAL_VALHALLA_MATRIX;f7c2749938059d513fa1b763210e5c9fccd169645af6edf9e7c766ce969a172d;98c95eb3afb9252539f4de35199b7ba17391fb148ba049c62e52a769bf8d9908;2026-09-28T19:47:05.797752+00:00;false
LOC-0134;LOC-0150;WALKING;2026-08-17T07:00:00+03:00;OK;4892;82;8700;LOCAL_VALHALLA_MATRIX;3547bb86d0ce046850c6446fca22c4df09850b9b5075a4a94c4fc204529b2155;8bfcb7df785dbeffa7da19d030243c9c8f1938e71ffc2246abee87648e505e45;2026-09-28T19:47:05.797752+00:00;false
LOC-0134;LOC-0151;WALKING;2026-08-17T07:00:00+03:00;OK;5317;89;9322;LOCAL_VALHALLA_MATRIX;66fc0c314f977922e238bafa761aedad0c1c61739f54493991c601aac5ffd461;4a3ed294ab7b74b2242167ed2a787a17cfe5c671ada925884c827d7c13e00be4;2026-09-28T19:47:05.797752+00:00;false
LOC-0134;LOC-0152;WALKING;2026-08-17T07:00:00+03:00;OK;5251;88;9230;LOCAL_VALHALLA_MATRIX;de96f10f4d6867298fb8b448ad8c063b3df203f687d935c838805bccfbb396f1;e6194d4dd0bda54c6e5da24f0c3fd05faa36e4b9ccb6055af0cb8e5f3377f5fd;2026-09-28T19:47:05.797752+00:00;false
LOC-0134;LOC-0190;WALKING;2026-08-17T07:00:00+03:00;OK;4023;68;5636;LOCAL_VALHALLA_MATRIX;89da412a664197578b5c5454a2c738e286cca3404864adfd4bd76157beb839bf;9815f6f341702ebe84ef462e66edbfa177ab68f79be8436b3fd88d6aa92c6795;2026-09-28T19:47:05.797752+00:00;false
LOC-0134;LOC-0196;WALKING;2026-08-17T07:00:00+03:00;OK;7728;129;12623;LOCAL_VALHALLA_MATRIX;b5b75bcea407c3b777398c3c857f55b1551515b74bdfa8256158ace3ffb16f04;913d914451452df1474772055b3d62720c3c9441873bb640a49a72647537dcd6;2026-09-28T19:47:05.797752+00:00;false
LOC-0135;LOC-0002;WALKING;2026-08-17T07:00:00+03:00;OK;438;8;614;LOCAL_VALHALLA_MATRIX;4d620112a583948d68e50901a010bded09d4e51d3dc446df4c03d8c92d508c8e;aca178a921772f487785cf4c39b6ddabdab1f8606e54bbc8a9b61b23a8a5feff;2026-09-28T19:47:05.797752+00:00;false
LOC-0135;LOC-0008;WALKING;2026-08-17T07:00:00+03:00;OK;5487;92;7710;LOCAL_VALHALLA_MATRIX;a2dba6c43e4730fa4b6579c16696c29ced6cd7425169bf54265ad5efb8d6ff39;54dae3b71e494da39bbe9ee4e2b186e7283051e4607581793744632e0692ce52;2026-09-28T19:47:05.797752+00:00;false
LOC-0135;LOC-0009;WALKING;2026-08-17T07:00:00+03:00;OK;5664;95;17584;LOCAL_VALHALLA_MATRIX;fe5ccaf10b61a4c3ef9291cd55d74be6a32cf5b69aeaa8a4d443e0afda57483a;253858adc26570f0e5643483d4e7a085af89d8824fc60b4d4dcf99c0a51dd802;2026-09-28T19:47:05.797752+00:00;false
LOC-0135;LOC-0010;WALKING;2026-08-17T07:00:00+03:00;OK;6146;103;8603;LOCAL_VALHALLA_MATRIX;1424ad4f6f9890a67c04883cc24417bcfbe6e328e89fe8e8f28346b13a7a7b94;73df769c1bb89ed781778fb9e4411505c8fc8589612693f2808bf80b1e06cdb8;2026-09-28T19:47:05.797752+00:00;false
LOC-0135;LOC-0011;WALKING;2026-08-17T07:00:00+03:00;OK;4827;81;6778;LOCAL_VALHALLA_MATRIX;778bcb89dfa09e5b9885eacac6e697b702193aa957279391b6575844d4c09ed7;7f371c1534b83859a1b34a05ddbb907d98634fb6a20f608a831364c010a6c579;2026-09-28T19:47:05.797752+00:00;false
LOC-0135;LOC-0012;WALKING;2026-08-17T07:00:00+03:00;OK;5198;87;7267;LOCAL_VALHALLA_MATRIX;e99b6af7d4b055f7b5cae173aab27a3af5a7566674056d6ff61faecf91af23a8;0699b6cda0b754fff1549d0705de575209b56e241a0a78391d8153014ce06554;2026-09-28T19:47:05.797752+00:00;false
LOC-0135;LOC-0013;WALKING;2026-08-17T07:00:00+03:00;OK;494;9;701;LOCAL_VALHALLA_MATRIX;19cda5f359892da38e0ddbde5c9a0a1310f1ddad4baa309e9a3f71c9447d28a8;da4a6e18cf723209e23e381bd563829deb20b11efa82b0799044a3f1ba032a91;2026-09-28T19:47:05.797752+00:00;false
LOC-0135;LOC-0016;WALKING;2026-08-17T07:00:00+03:00;OK;4665;78;8265;LOCAL_VALHALLA_MATRIX;48ca811e3d87b371060f2062afa4ad4acffb82774a5aacdc40a953afa7612161;b7e4b6306c579571ef8cd32a5344bc0ccd9960d96a016108f7a965bccf858d1f;2026-09-28T19:47:05.797752+00:00;false
LOC-0135;LOC-0017;WALKING;2026-08-17T07:00:00+03:00;OK;7071;118;21708;LOCAL_VALHALLA_MATRIX;adf5fd9cefd3588124cd681aec52b44c90eb6cefe1418f35d9944522cd9c33f1;511eda896f4d0e39190da576dc1221776310078b45ac617e8be42df4d44fc8d2;2026-09-28T19:47:05.797752+00:00;false
LOC-0135;LOC-0018;WALKING;2026-08-17T07:00:00+03:00;OK;5687;95;9096;LOCAL_VALHALLA_MATRIX;107c46b179a891ac8d94a610bc0d78c92438ffd80f212bdb00159df827dea5f3;d5a267d27a1bbafa4e9ecfc5ba977a04d56ac4ec580c6abaaa39ee1fb8bb19c1;2026-09-28T19:47:05.797752+00:00;false
LOC-0135;LOC-0019;WALKING;2026-08-17T07:00:00+03:00;OK;6262;105;8781;LOCAL_VALHALLA_MATRIX;708b46e31f931b97cb2c7e05ab248a6aad497c0e047c54d3a89f756978cd7a61;84c22afdfdc4cbb24cf77609ee6a1fe6d5f3883640e4143752e95999268bdebb;2026-09-28T19:47:05.797752+00:00;false
LOC-0135;LOC-0020;WALKING;2026-08-17T07:00:00+03:00;OK;7750;130;11991;LOCAL_VALHALLA_MATRIX;7124d599936e1eb632689b52b858c87507f793f21072400b7ddf0f01e24fd172;109ce23fa641e5bf66efa9829121207563933ef2b75f121a8eb57e59d1075033;2026-09-28T19:47:05.797752+00:00;false
LOC-0135;LOC-0023;WALKING;2026-08-17T07:00:00+03:00;OK;6739;113;10601;LOCAL_VALHALLA_MATRIX;db8db21e94a89d9fca536169a54cf5ed110523e5872ac8883b95383808cd398f;c8aeba1ab70a1c96c1f83e7003cd6022c836db607b708520380dc5218a768da9;2026-09-28T19:47:05.797752+00:00;false
LOC-0135;LOC-0027;WALKING;2026-08-17T07:00:00+03:00;OK;3758;63;6420;LOCAL_VALHALLA_MATRIX;0515eac6dc8c4679e37c150b3f8e0a2957566797543c70472ed8ff9fc7c16dce;42caf0af3fac3a9de28b32bea5df7b0e91beeb6325d171d6daa50e3464bc4799;2026-09-28T19:47:05.797752+00:00;false
LOC-0135;LOC-0028;WALKING;2026-08-17T07:00:00+03:00;OK;3759;63;7147;LOCAL_VALHALLA_MATRIX;e8adead43c3fe6ad656e0e3db30758bcb9c0674b89b9ab12384c2ed574b6ade0;1f5ee3d8ddc92e1a23ae3011ca53c11ace17acaf19ee9574c24bfa62a2097d64;2026-09-28T19:47:05.797752+00:00;false
LOC-0135;LOC-0029;WALKING;2026-08-17T07:00:00+03:00;OK;3641;61;6980;LOCAL_VALHALLA_MATRIX;ed52252dec9cb15d8a7a6c7b4a70eb1350210ad6729974bfd865573ee476c41a;f9fec1a94e9b41884a94638ab4c0f89fa1165f72f4859f1483fcfe3bedea73f9;2026-09-28T19:47:05.797752+00:00;false
LOC-0135;LOC-0037;WALKING;2026-08-17T07:00:00+03:00;OK;1906;32;2674;LOCAL_VALHALLA_MATRIX;1df2d31aad5e5c163037d8d4a8f7282f18881da6bf6c4e55305056680cb9efbd;6adaae4d1bd5b1ab70632b895e5bc9293010336ca080de2e4239ec5817c49435;2026-09-28T19:47:05.797752+00:00;false
LOC-0135;LOC-0045;WALKING;2026-08-17T07:00:00+03:00;OK;3810;64;7204;LOCAL_VALHALLA_MATRIX;15f10d8b26a9284cb7485f0d18475bd40734f71535868a128290c778634521fd;c96e235d9ac7070f7eee26491f8a1aff1bd271dae4ea7de657e57c049e828b30;2026-09-28T19:47:05.797752+00:00;false
LOC-0135;LOC-0053;WALKING;2026-08-17T07:00:00+03:00;OK;3178;53;4460;LOCAL_VALHALLA_MATRIX;425be5e1d7e7a9dd569118ce96a601822f06639da22c47dc3dbcaff5b2dbe681;e3deeccc19046075f2dd83266d9642168cf4e641c2f7d7a19cb655ef9a38424c;2026-09-28T19:47:05.797752+00:00;false
LOC-0135;LOC-0054;WALKING;2026-08-17T07:00:00+03:00;OK;2127;36;2980;LOCAL_VALHALLA_MATRIX;f3f84cb00abe2fec1b98d312d4cf806c7e82c6126cd35d94283bfda301ed9529;4c60779af702f1528bcb47d6352b3128c7bcb075519c2d1d9b7e6f3ef72931ad;2026-09-28T19:47:05.797752+00:00;false
LOC-0135;LOC-0061;WALKING;2026-08-17T07:00:00+03:00;OK;4828;81;6744;LOCAL_VALHALLA_MATRIX;ee0132692f5417a2ebe9ab3dfdc6cf8949fe6853820cbc439b6df5f1e5e1b16e;5a6f7da7f1231e21813aa5814c3f2e955144f27836e83c460fb1e818e7deb3dc;2026-09-28T19:47:05.797752+00:00;false
LOC-0135;LOC-0063;WALKING;2026-08-17T07:00:00+03:00;OK;4825;81;12043;LOCAL_VALHALLA_MATRIX;ba6721e7bc4ba4ea1519e13256d76c928528ccf314119b2f16dda2abed868080;b3ff9b7a9a40caf982c211c2ba414d69560e0cbcb63912896ae8188c69708a55;2026-09-28T19:47:05.797752+00:00;false
LOC-0135;LOC-0064;WALKING;2026-08-17T07:00:00+03:00;OK;4555;76;8251;LOCAL_VALHALLA_MATRIX;9b7ad6cf11701c1a6ef7f2c8ba67baf3b8c8585d949fe1f3cca43fec08e72d33;996623a44809e6b891325315ed9a7f0ae98fcd1e51f5406452792debbfea44f2;2026-09-28T19:47:05.797752+00:00;false
LOC-0135;LOC-0074;WALKING;2026-08-17T07:00:00+03:00;OK;4900;82;8010;LOCAL_VALHALLA_MATRIX;331a4f5f3d4b95838ae8291430e1ff846f6ab7b41d5bca6ba242396cdf6ff8f4;8635a65817e6a01fb078d5030504b945ec411d29210028d26836f1c9ec6027ea;2026-09-28T19:47:05.797752+00:00;false
LOC-0135;LOC-0075;WALKING;2026-08-17T07:00:00+03:00;OK;5341;90;9340;LOCAL_VALHALLA_MATRIX;8f27b4e6714000b99a46c45172f2e4dab55e42298a7cdb9409cd6e48c23c5280;b38bc2b9e9837123128a2abcb4b53fbe0c503b8e75e599ac93447659187a901d;2026-09-28T19:47:05.797752+00:00;false
LOC-0135;LOC-0076;WALKING;2026-08-17T07:00:00+03:00;OK;4944;83;12211;LOCAL_VALHALLA_MATRIX;aa368b984e92fad50d0d4eb1264112577f60c8989e21125108a6a1dc2be17c18;772c1f856e8a5d9ad6e6caa0580f4e775b6ef933b0fb7e1224c6ab03e6d70573;2026-09-28T19:47:05.797752+00:00;false
LOC-0135;LOC-0078;WALKING;2026-08-17T07:00:00+03:00;OK;4174;70;7681;LOCAL_VALHALLA_MATRIX;d6513b2ac4085e7f20a786dc8fb9ab42380b3c5c9a65ab1d4842813e93798179;162a669cd2243d019973b5131f256c92bced99dd9ec0eae02c8cd2cbd056176d;2026-09-28T19:47:05.797752+00:00;false
LOC-0135;LOC-0080;WALKING;2026-08-17T07:00:00+03:00;OK;4984;84;8120;LOCAL_VALHALLA_MATRIX;e290052c9a1c477394631692e481c17abe9989c6f196ffcb26c0cd4b848b995f;e5456960bb3716c54284c2b544300ca6a6b49696926ae2f3afc0786bcdb1ec17;2026-09-28T19:47:05.797752+00:00;false
LOC-0135;LOC-0082;WALKING;2026-08-17T07:00:00+03:00;OK;4669;78;8429;LOCAL_VALHALLA_MATRIX;eb6523bef12da50f5d1895031ee5a731cc79189a1e649c22104d800a66180ce1;91ef7feb1017f071083df14019adf1c0bf52b8efcfb1d1089335b8e323496318;2026-09-28T19:47:05.797752+00:00;false
LOC-0135;LOC-0085;WALKING;2026-08-17T07:00:00+03:00;OK;686;12;963;LOCAL_VALHALLA_MATRIX;8d2915cd18d91ca494654f020b41aa0dd5eea7661c97ae9b865a8c3d106f39b9;48928f157bd52da665807570b9d7cd5df6c83360fb3c4d01b0e45e44cfc47758;2026-09-28T19:47:05.797752+00:00;false
LOC-0135;LOC-0086;WALKING;2026-08-17T07:00:00+03:00;OK;770;13;1076;LOCAL_VALHALLA_MATRIX;65087f2ec23656c9c7b9d51733ce3008112bdc33fd22e2a1b3618c22f0890e5d;95ce002ad09a6c5a1de662ed02e565d709a60ced223f888f25d6f688a39dae65;2026-09-28T19:47:05.797752+00:00;false
LOC-0135;LOC-0091;WALKING;2026-08-17T07:00:00+03:00;OK;5906;99;8255;LOCAL_VALHALLA_MATRIX;1972955c1d7b6a102e4fd5ed79ca3433eba92bd71de7bb516895373540595bba;017cfd6ecda330ac272a725f1fe56a323cb81e5744821d8953a7cbb809b9affc;2026-09-28T19:47:05.797752+00:00;false
LOC-0135;LOC-0092;WALKING;2026-08-17T07:00:00+03:00;OK;6069;102;9657;LOCAL_VALHALLA_MATRIX;4f8de7882d8cdeae0ea3c5693b66f8cc684171f83518c69917902cd83d824203;0584d47f09a07827f30483d7de4f77f90174a5e6cd169ad3e6ce01128dea8d2f;2026-09-28T19:47:05.797752+00:00;false
LOC-0135;LOC-0093;WALKING;2026-08-17T07:00:00+03:00;OK;5929;99;9462;LOCAL_VALHALLA_MATRIX;d271fe8554995ed2c306dd1bb81f144a68d74829a49492751d5d136fdc0f2da7;ececf2a2f2b2c27bad1621dd0ba3b7877d707c277b772bbb90025d3cc31d8982;2026-09-28T19:47:05.797752+00:00;false
LOC-0135;LOC-0094;WALKING;2026-08-17T07:00:00+03:00;OK;1212;21;1696;LOCAL_VALHALLA_MATRIX;1db8ff6862f65ce68b81578e49f5620ef87f806d1e97248bf773a440e024a628;dc57de0dc06241cb0b0c8f2a91ef926716157067905b340f18480fc91006db7c;2026-09-28T19:47:05.797752+00:00;false
LOC-0135;LOC-0095;WALKING;2026-08-17T07:00:00+03:00;OK;1524;26;2137;LOCAL_VALHALLA_MATRIX;c6ea181053a58d8df880338917dae35f69007b052a728a630312ed5db8fe824d;6e4504a5b55bed67a08e423270ad14f0e6e1b82f08d0bb40d2065af9215dbb72;2026-09-28T19:47:05.797752+00:00;false
LOC-0135;LOC-0102;WALKING;2026-08-17T07:00:00+03:00;OK;5315;89;12726;LOCAL_VALHALLA_MATRIX;6ebaf7ffd50bae9bc98bb2a8310b8b48ba27f2f8f092037f78ee92060e10888b;2c0b67dff7e7a96593c3dc1b362e45ba3356300ed635215d647077ee0ecf7602;2026-09-28T19:47:05.797752+00:00;false
LOC-0135;LOC-0112;WALKING;2026-08-17T07:00:00+03:00;OK;4844;81;7904;LOCAL_VALHALLA_MATRIX;513d4d53b0703c1b8c3b7a8ba8724a78cb25d6000d6ca2f3c2f929e0aee2ca98;3e0d89f21cb55b147fb627a43c974cbc1d428ea255d9842c607de6d35a126052;2026-09-28T19:47:05.797752+00:00;false
LOC-0135;LOC-0124;WALKING;2026-08-17T07:00:00+03:00;OK;5924;99;17984;LOCAL_VALHALLA_MATRIX;9988470d4923c55e1bc7d248493f2fe5841315e30b3e4ba456b88383d50fec2b;944fe7dff2c757af1517a901578dd4591dc655f4a5f3d0ef91edc27ccb3aee58;2026-09-28T19:47:05.797752+00:00;false
LOC-0135;LOC-0125;WALKING;2026-08-17T07:00:00+03:00;OK;5575;93;8940;LOCAL_VALHALLA_MATRIX;11156fdc209eda0b383a55e3e91578b2911f65d1a7ffe5d9d8772d2640489d80;0063fb30bae499c28487f116ad16ce7483654394b550a54d57a478db8342b2ef;2026-09-28T19:47:05.797752+00:00;false
LOC-0135;LOC-0126;WALKING;2026-08-17T07:00:00+03:00;OK;4071;68;6846;LOCAL_VALHALLA_MATRIX;dcb122e9d87873521af5943a3ba900ededfcdae2763ecd74825ac8d580c855eb;9139a28c37046923a570757e191557628c8fdbe527ab6c5afa15357b0f33abb1;2026-09-28T19:47:05.797752+00:00;false
LOC-0135;LOC-0128;WALKING;2026-08-17T07:00:00+03:00;OK;2020;34;2832;LOCAL_VALHALLA_MATRIX;176513116d77921caccfa40d76d826868f2b1c2a36a9b65e0884ec66dca3f923;92942e22dc496b1210eea87536e6f4b4610b16734af2364c85aa9e0d2ec332a9;2026-09-28T19:47:05.797752+00:00;false
LOC-0135;LOC-0134;WALKING;2026-08-17T07:00:00+03:00;OK;106;2;151;LOCAL_VALHALLA_MATRIX;2f8e84aef347e60fe3c7484fd5ced8c089a918f4609e041028cbb41907498243;e5caff963c381f086bd4c8172b00931034428a7ede87d3bcd6e4e8ccbf513496;2026-09-28T19:47:05.797752+00:00;false
LOC-0135;LOC-0135;WALKING;2026-08-17T07:00:00+03:00;OK;0;0;0;LOCAL_VALHALLA_MATRIX;36812b13af8743fd80a2478288a945d88d805f46ddc915fa7c4ce092676e94fa;3d5812abc84c11768aa73a732c85d75dbed439188f5bb3239e9b762ea31d9862;2026-09-28T19:47:05.797752+00:00;false
LOC-0135;LOC-0136;WALKING;2026-08-17T07:00:00+03:00;OK;456;8;636;LOCAL_VALHALLA_MATRIX;bed4f4cdd15b4209a6a5bcbcf10559480010956b018314db24550096971f1d3b;2ca46a46df57be27b79ffb926856456bc616e59bb0d92f2fc975cbffddca5836;2026-09-28T19:47:05.797752+00:00;false
LOC-0135;LOC-0140;WALKING;2026-08-17T07:00:00+03:00;OK;2593;44;3645;LOCAL_VALHALLA_MATRIX;37c4310516b6a8215e5efc00f427404577b54d7732877b19e2e94e58d6a624ee;57f9e48550159a0af7d18295e0254da5ae89831f4cf2f2dc520d4b9776617ab0;2026-09-28T19:47:05.797752+00:00;false
LOC-0135;LOC-0141;WALKING;2026-08-17T07:00:00+03:00;OK;6638;111;21108;LOCAL_VALHALLA_MATRIX;c61b8b2aa63ddf312c8c5bd0ec538e533f71cc3086e41793eb79b6266ba84e40;799acde1222c992bc23ac15383f042592e8c7134c4217cb5727d19705ff24132;2026-09-28T19:47:05.797752+00:00;false
LOC-0135;LOC-0142;WALKING;2026-08-17T07:00:00+03:00;OK;6719;112;21181;LOCAL_VALHALLA_MATRIX;ab4dbd185a994b2481df243da6148a44d4428ff80fd0e3439bc6e56630348f01;2ecee203581422b451f639bc873683591d511822426fab49005c2b9ae482502b;2026-09-28T19:47:05.797752+00:00;false
LOC-0135;LOC-0145;WALKING;2026-08-17T07:00:00+03:00;OK;6730;113;10560;LOCAL_VALHALLA_MATRIX;8e2abe263183855ec925d4be75c619d6406270e58c24fd72db003470f1141d23;1015ba1415eb6cda583c74068115546c5379a7f97026d83d7b4519c49b227fe1;2026-09-28T19:47:05.797752+00:00;false
LOC-0135;LOC-0148;WALKING;2026-08-17T07:00:00+03:00;OK;4508;76;7464;LOCAL_VALHALLA_MATRIX;ccb169f069e12c9e021b7efe4bc997c7ade1db9e84c37f288ab2f83fdf01cbd5;dbb04739b9d44839f387c9f02c360d8996a9ba03ed709aaadf8cf96ba022adf0;2026-09-28T19:47:05.797752+00:00;false
LOC-0135;LOC-0149;WALKING;2026-08-17T07:00:00+03:00;OK;4976;83;8821;LOCAL_VALHALLA_MATRIX;128a2bba0fbd1ff4f19a798fab389cd5d3733573c4ab88c9df08acc35b472f4d;f6bf0b683c2e99b8aaf502eaac6f5f1ca505156f06ef01b7f5086eb13b0a9562;2026-09-28T19:47:05.797752+00:00;false
LOC-0135;LOC-0150;WALKING;2026-08-17T07:00:00+03:00;OK;4882;82;8686;LOCAL_VALHALLA_MATRIX;566a0707bb3c7aebb78ca6c43f0c5fe7ef37f1cb47aa215970f1427bc7eae96a;67e0469fcb4551c193ea2163dbc49d5d8b7d20a5bbd4fc4d73a0b36d88c9cd88;2026-09-28T19:47:05.797752+00:00;false
LOC-0135;LOC-0151;WALKING;2026-08-17T07:00:00+03:00;OK;5307;89;9308;LOCAL_VALHALLA_MATRIX;7344d9a1b3b86d042f8fb419ed19e8e836fe99d979e98c810f79449dd03f7fe6;f759bd9747548f077ec99e07caf55f52ef412772a130673163b3981cdcf62ae0;2026-09-28T19:47:05.797752+00:00;false
LOC-0135;LOC-0152;WALKING;2026-08-17T07:00:00+03:00;OK;5241;88;9216;LOCAL_VALHALLA_MATRIX;439c2a71817913ac12bcd0c71f489e9447f2242b8d7c21955bdfd2b1a45efdf6;0dce76ea1a6defaf33663d27e10d2950be308d5fd8939d49803645998bdc27d4;2026-09-28T19:47:05.797752+00:00;false
LOC-0135;LOC-0190;WALKING;2026-08-17T07:00:00+03:00;OK;4243;71;5908;LOCAL_VALHALLA_MATRIX;f80622271c9f19ae0660fa831c474766062b8f14a32103a8707461c6d9b2c886;0f1bc328c62afc7718de826d7ac06ea3de4d235845454aee1b37dffccb90a489;2026-09-28T19:47:05.797752+00:00;false
LOC-0135;LOC-0196;WALKING;2026-08-17T07:00:00+03:00;OK;7718;129;12609;LOCAL_VALHALLA_MATRIX;b838102495329a890707afe8f85e6b000369b36104a3a1943f9c4a5504b5ee13;3deb87574c8e6ec87ff5da5478a35c0ed097cfe140b1e0c3f91ebce842fa434d;2026-09-28T19:47:05.797752+00:00;false
LOC-0136;LOC-0002;WALKING;2026-08-17T07:00:00+03:00;OK;821;14;1142;LOCAL_VALHALLA_MATRIX;9f13a3999cf8c35b471f15e63c0e050e3ff0640bf6cda2f099d3ea9ddeeeaf9e;df80687fdff4c262c198b445cd6bf9cc847e1bb594662d4252cc0efbb41e918b;2026-09-28T19:47:05.797752+00:00;false
LOC-0136;LOC-0008;WALKING;2026-08-17T07:00:00+03:00;OK;5642;95;7918;LOCAL_VALHALLA_MATRIX;ab539752309d74a9a1c036bf3cf7bbf05dcac12562a9c384bef0258385ae819f;e86bd9fc6f563124a5c8a260bddd57925ba6c957cb7854950b808a603c9bc0e1;2026-09-28T19:47:05.797752+00:00;false
LOC-0136;LOC-0009;WALKING;2026-08-17T07:00:00+03:00;OK;6078;102;18158;LOCAL_VALHALLA_MATRIX;e01d3e428745a6597b8a00be64e24d9b1302be77a6961eb5249e484fd4e0dcde;905c107d47ab5a88ce6f9fc90594b661e8270c1f812f423f83b23e2b9d5554ac;2026-09-28T19:47:05.797752+00:00;false
LOC-0136;LOC-0010;WALKING;2026-08-17T07:00:00+03:00;OK;6275;105;8775;LOCAL_VALHALLA_MATRIX;791def67f42562b64db14d8763690121a4bde8ee0e6ec69579b349cdaa6a0420;6b92a4f3d76ffa055d07c4b78d0b9b8438e6e70463f598aec179b753e010c831;2026-09-28T19:47:05.797752+00:00;false
LOC-0136;LOC-0011;WALKING;2026-08-17T07:00:00+03:00;OK;4982;84;6986;LOCAL_VALHALLA_MATRIX;ec0262913e59815add4d73444f709552c3236dda0a85cada2855bb5cef657dca;b02c8f2dd8690dcfe20d3f15831a8637e586c048a8fe4567e35bf14e051315ca;2026-09-28T19:47:05.797752+00:00;false
LOC-0136;LOC-0012;WALKING;2026-08-17T07:00:00+03:00;OK;5327;89;7439;LOCAL_VALHALLA_MATRIX;3d54186cc01a2be5d061be1e8f22373c2af88507fb411f84ea19304e5e11a3f4;abf092cbf6fb3ebe661326c078a0c1a4e1440509b3be25ead3b6e39929a49067;2026-09-28T19:47:05.797752+00:00;false
LOC-0136;LOC-0013;WALKING;2026-08-17T07:00:00+03:00;OK;482;9;673;LOCAL_VALHALLA_MATRIX;82d4fbec568a048e79102b00766cc3f011c975c93db35e693d829262079b2b66;7457149e77dec8454b94d92cb1ffa530bc6b14282e644b0bfb8c1f78a2925f7f;2026-09-28T19:47:05.797752+00:00;false
LOC-0136;LOC-0016;WALKING;2026-08-17T07:00:00+03:00;OK;5078;85;8839;LOCAL_VALHALLA_MATRIX;98be7befa9f9958a09e86381c329f021996290ef366316c87c43faf3940dcb2a;20569af45434213a2178dbe4257ab9af29a620b99062e074677c7ed57bba5344;2026-09-28T19:47:05.797752+00:00;false
LOC-0136;LOC-0017;WALKING;2026-08-17T07:00:00+03:00;OK;7484;125;22282;LOCAL_VALHALLA_MATRIX;d1d375ccd6e1eac1a906638483f4b0ad179f9e169551ec6a829d3e1b373919b6;b413278d9715ba31790d79edac6257df95ef7dbcafa28b336093bf3c049fca91;2026-09-28T19:47:05.797752+00:00;false
LOC-0136;LOC-0018;WALKING;2026-08-17T07:00:00+03:00;OK;6101;102;9670;LOCAL_VALHALLA_MATRIX;f80cb1197915a4097f738f3c8c1a3082d94c4843992ab886ec152ea35346971f;8aa2bb0a3e133b187e4f4c41e26b09aa5e71cc2fc13939d3c671b0d482feac32;2026-09-28T19:47:05.797752+00:00;false
LOC-0136;LOC-0019;WALKING;2026-08-17T07:00:00+03:00;OK;6425;108;9005;LOCAL_VALHALLA_MATRIX;6dc8e136e87e5cbc2ef6925716b333ee94f855e32b5f0ca32c53b171d70b75fb;4e354683d757c36b2629e38ec56ac24804d6d09f25178f21e562fe6b2ca144a4;2026-09-28T19:47:05.797752+00:00;false
LOC-0136;LOC-0020;WALKING;2026-08-17T07:00:00+03:00;OK;8163;137;12565;LOCAL_VALHALLA_MATRIX;da1e6053fbcf7a37885b7e998b5b7b6c42675807ea38b037864dd148108718d0;972703ca2a9bee7a3e16c53b920058ef86252d7c52b132578e782e41b609bf85;2026-09-28T19:47:05.797752+00:00;false
LOC-0136;LOC-0023;WALKING;2026-08-17T07:00:00+03:00;OK;7166;120;11187;LOCAL_VALHALLA_MATRIX;c0793c086dc43abbcaf11be57571b523e81777c7284bbc9f495ee257852f18ed;cc7ad599b68c54f734f3212f7db599f61d17c90d560b0b333c6a4760e1fb3116;2026-09-28T19:47:05.797752+00:00;false
LOC-0136;LOC-0027;WALKING;2026-08-17T07:00:00+03:00;OK;4171;70;6994;LOCAL_VALHALLA_MATRIX;4582f4fded3eee1c3407f6e24dde4fef7aed039bb94d603bfc28901c0af7b8d2;4ffbdb61838d17afb975163c0907e762ba0c05b1ae70fca16b3c5c391d49025e;2026-09-28T19:47:05.797752+00:00;false
LOC-0136;LOC-0028;WALKING;2026-08-17T07:00:00+03:00;OK;4172;70;7721;LOCAL_VALHALLA_MATRIX;b7c8347a16d480895840dd05ef0ec51b62a4c9c1447945f95798d494fa46bc68;b61fab8970acfdd32b0c8f6f3a569371717a7d2db210b95c83e6380a79a8b91e;2026-09-28T19:47:05.797752+00:00;false
LOC-0136;LOC-0029;WALKING;2026-08-17T07:00:00+03:00;OK;4055;68;7554;LOCAL_VALHALLA_MATRIX;f260235adf8322d16ec4f6f34acd5a81680d67d46fc66a89c7daec8c62fbeef1;dcc35df814aa2aa914fe51440320dd8cdf53e86044fbbd84ae3dcb6adaadb028;2026-09-28T19:47:05.797752+00:00;false
LOC-0136;LOC-0037;WALKING;2026-08-17T07:00:00+03:00;OK;2061;35;2882;LOCAL_VALHALLA_MATRIX;e736f98e675e2c2c2788b304a314d60a6117b364eabc68f975bfbd4d48455672;d9ef7ad259771afc7f3e1b10f7259976da2f4a301b7022212ec3297569db518c;2026-09-28T19:47:05.797752+00:00;false
LOC-0136;LOC-0045;WALKING;2026-08-17T07:00:00+03:00;OK;4337;73;7894;LOCAL_VALHALLA_MATRIX;e06b084837e6dcc69d5009b0ec2443eaccbbbc7dece22f5675fbdbd6a3b3623d;472d3311f4977f2608093601f34f5b06ddbfee9073ac8260e7c4a1702853316e;2026-09-28T19:47:05.797752+00:00;false
LOC-0136;LOC-0053;WALKING;2026-08-17T07:00:00+03:00;OK;3586;60;5028;LOCAL_VALHALLA_MATRIX;307d48fda6dcff2b14b4ffafedd8a51fbaf80a16bf7f1cc9576fa92a50149f39;b1dcfe394e2433fbdb253a0e9382f35699e62e6c6e4e373bbf5ffba5807f0a00;2026-09-28T19:47:05.797752+00:00;false
LOC-0136;LOC-0054;WALKING;2026-08-17T07:00:00+03:00;OK;2282;39;3188;LOCAL_VALHALLA_MATRIX;a97d24ac2675a0907d437dcae5678c6d9927306611ca0bfe3642fb08adb513e4;5b3263ba17dcb81283e8b30a232c372ffe597a91fb1d0993ab0a98810471d393;2026-09-28T19:47:05.797752+00:00;false
LOC-0136;LOC-0061;WALKING;2026-08-17T07:00:00+03:00;OK;4983;84;6952;LOCAL_VALHALLA_MATRIX;34788bae664ece84843b796bb1c08c0c76c862fe77637f411e319fea8bb8e702;b0f08b1073b4c80248d689d9b01db88634dfc10da800c1aed82c5f585bdfc371;2026-09-28T19:47:05.797752+00:00;false
LOC-0136;LOC-0063;WALKING;2026-08-17T07:00:00+03:00;OK;5238;88;12617;LOCAL_VALHALLA_MATRIX;e3063c9668bb486c07d48bd98fa9e49cdd28961c3670dd77fa57d306d4f15979;22adaf45101f07caf2753921a2bf5fee3288d589bd48b132f881bc1777019f96;2026-09-28T19:47:05.797752+00:00;false
LOC-0136;LOC-0064;WALKING;2026-08-17T07:00:00+03:00;OK;4993;84;8819;LOCAL_VALHALLA_MATRIX;b2f766d6f135935684e46599786cb1d593d91d29c1fe6aa92c8bdd8242910f4a;b2ea4560a0d7d1a2c86b2c58c76447a599b1862e02afe2df62b19eec8ea61b51;2026-09-28T19:47:05.797752+00:00;false
LOC-0136;LOC-0074;WALKING;2026-08-17T07:00:00+03:00;OK;5314;89;8584;LOCAL_VALHALLA_MATRIX;364e279033cf634ecf1d3cb86d3c839135f75305d5d1cec2705262955c7bd0f9;6dfec4c032d0a6d2fb8e06d41a254a0d1d10864d6904171b42048a690070a26e;2026-09-28T19:47:05.797752+00:00;false
LOC-0136;LOC-0075;WALKING;2026-08-17T07:00:00+03:00;OK;5530;93;8878;LOCAL_VALHALLA_MATRIX;d6cc8190671cb7a9e2a49987a6cac6371b889db5b2cb6651e3edc7625e2a0491;24866deda9edffd916df6d822004cf80a43dfecbaa4de980a1ba6d8089ab74a3;2026-09-28T19:47:05.797752+00:00;false
LOC-0136;LOC-0076;WALKING;2026-08-17T07:00:00+03:00;OK;5358;90;12785;LOCAL_VALHALLA_MATRIX;dd7997485932d9c39dafcbfda3f46d68360740204cae66d76bc74ce9aea6c1af;0c04e7edd643b0ad4df7f5f3b5470526b5f12a4af3e679322555b01846a7e240;2026-09-28T19:47:05.797752+00:00;false
LOC-0136;LOC-0078;WALKING;2026-08-17T07:00:00+03:00;OK;4587;77;8255;LOCAL_VALHALLA_MATRIX;71e8a3fca2cc9a01f5605a452d1740e0e6a69a12e3b53a0a68b3ab1b8dbf5f31;3bf6c7cfb8abab9594dcc5a5caca472e3f5ac875f58cb493b1a440b4f75e103f;2026-09-28T19:47:05.797752+00:00;false
LOC-0136;LOC-0080;WALKING;2026-08-17T07:00:00+03:00;OK;5397;90;8694;LOCAL_VALHALLA_MATRIX;ea0a1c9457fd88d9e83be3e20f2c04e63d45115d718054c8e5f1e07e92b0f136;43ea2688f08c7e2752aa3fd44e916a26020dd05dad0a20786ec4a2dd3abf3872;2026-09-28T19:47:05.797752+00:00;false
LOC-0136;LOC-0082;WALKING;2026-08-17T07:00:00+03:00;OK;5083;85;9003;LOCAL_VALHALLA_MATRIX;e5c1739eca61131f48d085a92dfbcf7d9a56531d89d486e7af2076562aa0150a;a492bcc4a26f28547698d91446c5432ae94131549e3e99f65ee73594a06d85e7;2026-09-28T19:47:05.797752+00:00;false
LOC-0136;LOC-0085;WALKING;2026-08-17T07:00:00+03:00;OK;540;9;765;LOCAL_VALHALLA_MATRIX;b01b00b9981ec723c34bd8d40f0a537b76eab312e53fbce735266e41458385b0;883977ce958ab462fce36ee9ee0580a0e86be6e16449355ddf81dcb188cdafa2;2026-09-28T19:47:05.797752+00:00;false
LOC-0136;LOC-0086;WALKING;2026-08-17T07:00:00+03:00;OK;868;15;1218;LOCAL_VALHALLA_MATRIX;9244915f07e4bbd0dd49571d19572bf25e383639d8563579fe481119f80a9dff;6d1f1aa30d1661395de5b3103a63461aa91c6a42f69285a0f31020cb8d16266c;2026-09-28T19:47:05.797752+00:00;false
LOC-0136;LOC-0091;WALKING;2026-08-17T07:00:00+03:00;OK;6030;101;8422;LOCAL_VALHALLA_MATRIX;197f3c43cab95b2271d8e78aadee17848ed3648c1f9f5ef9c4a139d731901605;3f6e5fd1a26695d81bf796746eb375bf90f010fece30f19b888f1d0c3e3be681;2026-09-28T19:47:05.797752+00:00;false
LOC-0136;LOC-0092;WALKING;2026-08-17T07:00:00+03:00;OK;6483;109;10231;LOCAL_VALHALLA_MATRIX;6f0fcfbfa00780a94d1455c7ca9197101de323fc0148c87f03d43146365967ac;57f6d0cfcd93ea1c293dab8d29d640f41ebeed51a970e69f87598ffb0737b227;2026-09-28T19:47:05.797752+00:00;false
LOC-0136;LOC-0093;WALKING;2026-08-17T07:00:00+03:00;OK;6342;106;10036;LOCAL_VALHALLA_MATRIX;58f2fb968dad610a0a2834e559363b3dc4aca9b6f353e5d452164fe44162f0ce;6311a7b5c59fabd76112d1d8a288b1d79c3a383869e7b9c2dd553d58129a4d19;2026-09-28T19:47:05.797752+00:00;false
LOC-0136;LOC-0094;WALKING;2026-08-17T07:00:00+03:00;OK;1112;19;1565;LOCAL_VALHALLA_MATRIX;7968633f88c668937dcab316c01b5be09819ac016414164532641e5d09296219;c19ded9e69c3db8de79ad58fa315dd0f8afb47feea0adc5dd881cfa70fa632a6;2026-09-28T19:47:05.797752+00:00;false
LOC-0136;LOC-0095;WALKING;2026-08-17T07:00:00+03:00;OK;1068;18;1501;LOCAL_VALHALLA_MATRIX;786e13394d346e69e655aae33288e4b50ed9e0cc39945399a8aad1f4becad61d;3094685870c71d5d103ddd4a9443ee95cc853dc95c7a17fb855c0ee9d17e1989;2026-09-28T19:47:05.797752+00:00;false
LOC-0136;LOC-0102;WALKING;2026-08-17T07:00:00+03:00;OK;5728;96;13300;LOCAL_VALHALLA_MATRIX;ee8a2ed2984f5439befe794f98275f3d77294c39d7a7a6babee4f7c31cb3b818;f3c25f99761a028e213b96909fcf861b5c62f6e3762edeb484ed1427531d849a;2026-09-28T19:47:05.797752+00:00;false
LOC-0136;LOC-0112;WALKING;2026-08-17T07:00:00+03:00;OK;5257;88;8478;LOCAL_VALHALLA_MATRIX;00408e6bf1312177d82a615fd59f526d6b864415620aaaaa593f16f7842a0334;6c5535710dc3dd485111925f1ebb6970ff0acc3ab9f4a3e4497dc09d0e131d91;2026-09-28T19:47:05.797752+00:00;false
LOC-0136;LOC-0124;WALKING;2026-08-17T07:00:00+03:00;OK;6337;106;18558;LOCAL_VALHALLA_MATRIX;d5de71e72f46ca80f15631e4867a48839c8190567b7d18190f2b998228c88446;fac035fff374fa5ac5fb3bdc33e520340ef70b95afb8da28c824ed41f6b6ce32;2026-09-28T19:47:05.797752+00:00;false
LOC-0136;LOC-0125;WALKING;2026-08-17T07:00:00+03:00;OK;5989;100;9514;LOCAL_VALHALLA_MATRIX;bbb9e92d13ea1581ad251020be734a436e4a213034819e83e1e6eb816cd208e2;54ec56638c48391ee8f4932d7ca2a5c15046c8fadb9b2e238fc9c8673e319d44;2026-09-28T19:47:05.797752+00:00;false
LOC-0136;LOC-0126;WALKING;2026-08-17T07:00:00+03:00;OK;4485;75;7420;LOCAL_VALHALLA_MATRIX;7ab6f7dd7ce6c28639453cdea696b927eee223088f2b11a640641867e3349f92;43d86aad462a6082381bd3ad3a079d395a6ea43067bfca50a5e9d97300e848b2;2026-09-28T19:47:05.797752+00:00;false
LOC-0136;LOC-0128;WALKING;2026-08-17T07:00:00+03:00;OK;2175;37;3040;LOCAL_VALHALLA_MATRIX;b80d79b5bbfd0e9a5771a6b66bceeb229e15ac690d35605528a5c4f04cb7f336;77776748435346c184e970d9bd8ab8ac5fac21d1b4b3912860bf87389fd41e7d;2026-09-28T19:47:05.797752+00:00;false
LOC-0136;LOC-0134;WALKING;2026-08-17T07:00:00+03:00;OK;427;8;597;LOCAL_VALHALLA_MATRIX;d780fd83dae7886cecaded80ea6fe9a7f9b28b23e9eb908948478a6046edd107;b30ef222dbb883e2c999249263af1691b21951760867abd8680bb1c4586a57bb;2026-09-28T19:47:05.797752+00:00;false
LOC-0136;LOC-0135;WALKING;2026-08-17T07:00:00+03:00;OK;456;8;636;LOCAL_VALHALLA_MATRIX;914061ee6845a737b32dc8bdf11543a3acf78201061e4d6cbaa92718fc3058ae;2ca46a46df57be27b79ffb926856456bc616e59bb0d92f2fc975cbffddca5836;2026-09-28T19:47:05.797752+00:00;false
LOC-0136;LOC-0136;WALKING;2026-08-17T07:00:00+03:00;OK;0;0;0;LOCAL_VALHALLA_MATRIX;1fa72207bdd51fb25d6c6ba18b63b0c7b721fb75ba9f0bd95c3cf489be5af3cf;3d5812abc84c11768aa73a732c85d75dbed439188f5bb3239e9b762ea31d9862;2026-09-28T19:47:05.797752+00:00;false
LOC-0136;LOC-0140;WALKING;2026-08-17T07:00:00+03:00;OK;3007;51;4219;LOCAL_VALHALLA_MATRIX;1b65643c6b59cf677184fe16b50737f2229a1152470c90db5c8107bb16f4db51;8798627681d25c4b967befe56ebc20134c7f7026f00ae830320bd53ee888c6b2;2026-09-28T19:47:05.797752+00:00;false
LOC-0136;LOC-0141;WALKING;2026-08-17T07:00:00+03:00;OK;7051;118;21682;LOCAL_VALHALLA_MATRIX;4db3f9165d0d4bfb1c1a831928bd85b751d2ba499c132c6b6f9d132f4618bf24;22b9efe1b68d4e6ab482e367c197dd88b1c03e1023cd79ceac05470a1d286e0e;2026-09-28T19:47:05.797752+00:00;false
LOC-0136;LOC-0142;WALKING;2026-08-17T07:00:00+03:00;OK;7132;119;21755;LOCAL_VALHALLA_MATRIX;390d7c5e6718f42899e956a8b173ef2f2271eae425f4346ce90d5c9d89879fda;b01eb18ff0e500347d3e259f233cbe6f99e83a65ddc4a3fe9c1a932a56664e54;2026-09-28T19:47:05.797752+00:00;false
LOC-0136;LOC-0145;WALKING;2026-08-17T07:00:00+03:00;OK;7143;120;11134;LOCAL_VALHALLA_MATRIX;1675ac7c30d7b3d8e43dc611f12ccdca6d2e49812a2d0a07d8492218872b0a83;6e6b55ee20dd331006d429f37ac8270b5dfcc14cf61c7d255f3b781189d22d4b;2026-09-28T19:47:05.797752+00:00;false
LOC-0136;LOC-0148;WALKING;2026-08-17T07:00:00+03:00;OK;4922;83;8038;LOCAL_VALHALLA_MATRIX;1e4699faa218321e182d06282e74050a8d1a91b7a4f1566d5ad0c486978af900;b58c84769829167c614060eb3906f3d21c163a04fa368bf4464d8e1b5bfe5b82;2026-09-28T19:47:05.797752+00:00;false
LOC-0136;LOC-0149;WALKING;2026-08-17T07:00:00+03:00;OK;5389;90;9395;LOCAL_VALHALLA_MATRIX;1e06bb7679b63a833e6df4b3123c28ffe4f651422e33a3f9ed2632105407b53f;74e4d04d9ebfdb3097a173c662608d77b0b5130647f5c03e85df23af1f69dbc2;2026-09-28T19:47:05.797752+00:00;false
LOC-0136;LOC-0150;WALKING;2026-08-17T07:00:00+03:00;OK;5296;89;9260;LOCAL_VALHALLA_MATRIX;847778fb3942f6e2d375da83d8041ff0af1b9e1ceebfae7896968145fb7b5b50;477da13a6b83a3f40f889bbc2341ba4302238a44f4c1275738bb5d11c994ca4f;2026-09-28T19:47:05.797752+00:00;false
LOC-0136;LOC-0151;WALKING;2026-08-17T07:00:00+03:00;OK;5720;96;9882;LOCAL_VALHALLA_MATRIX;0cba0f5c5c1134d0dc3f77b44602ce809e0ff2ca6f04c844f47817df2814e999;e5433565ef4ce910f575c8e2a9ccb8b5ef5aed1472f877d2782f7b7c9388048d;2026-09-28T19:47:05.797752+00:00;false
LOC-0136;LOC-0152;WALKING;2026-08-17T07:00:00+03:00;OK;5655;95;9790;LOCAL_VALHALLA_MATRIX;3cee98684d235d9271bfd2e1bfe5d3aa7c1014ccb370d66428fe1296ea0a8fbc;526dc92def5f6333cc6e458670fac102d131ef8f3d0868a730bae90351cf37d3;2026-09-28T19:47:05.797752+00:00;false
LOC-0136;LOC-0190;WALKING;2026-08-17T07:00:00+03:00;OK;4259;71;5960;LOCAL_VALHALLA_MATRIX;bead5c78558e92e45d1dc37474142a4e5adeed3923d39e03959d1b73124b49d1;8ecace863baba5188bd69cb8bce457a884abac265274981560aa029325ca7b5e;2026-09-28T19:47:05.797752+00:00;false
LOC-0136;LOC-0196;WALKING;2026-08-17T07:00:00+03:00;OK;8132;136;13183;LOCAL_VALHALLA_MATRIX;e7572d178108abf5925818549da3dc6584d8312f31a46c58d26f9024213a321d;80cbc8e10b859901480b496c2b701b2823c5fa02cd387b4f8ad2d90943346dcc;2026-09-28T19:47:05.797752+00:00;false
LOC-0140;LOC-0002;WALKING;2026-08-17T07:00:00+03:00;OK;2317;39;3257;LOCAL_VALHALLA_MATRIX;a4de292abce7ad7509765efe77e7e89901bdfdc2145eadaf8174580811628e46;96b1b84eba6e5534044a80f6396db45c6af8f5b6a775467b62e0a65158475def;2026-09-28T19:47:05.797752+00:00;false
LOC-0140;LOC-0008;WALKING;2026-08-17T07:00:00+03:00;OK;6445;108;9021;LOCAL_VALHALLA_MATRIX;1b8c82a372dcbdf3163f0766cc98b3427187416323e48905dd8c5ffaaeb10f9f;0a9f770d17117e12f4e301955f36402a3905e3b31c6cc327454294ee5d3cc66c;2026-09-28T19:47:05.797752+00:00;false
LOC-0140;LOC-0009;WALKING;2026-08-17T07:00:00+03:00;OK;5596;94;11735;LOCAL_VALHALLA_MATRIX;244610e75ce780b4ffca76296baf8738b2f411a356e2a38bd35ab288f76c7a24;4a628f311de17b0b62a7c81bccb664a34e929f578f326739a6a90a9df6acc6bf;2026-09-28T19:47:05.797752+00:00;false
LOC-0140;LOC-0010;WALKING;2026-08-17T07:00:00+03:00;OK;7011;117;9827;LOCAL_VALHALLA_MATRIX;7e6c4ee4246d5a62de315b8b8ecf9543720e104ec2aee53b36b763bef9ac87df;e947d097c4df70be1efc65c245b8764b57310274f65286f9db28e9ba663e9581;2026-09-28T19:47:05.797752+00:00;false
LOC-0140;LOC-0011;WALKING;2026-08-17T07:00:00+03:00;OK;5998;100;8372;LOCAL_VALHALLA_MATRIX;32fa41c518819d85d88a77c3f48c8ffc9d17615e9e81bfe61ce3fd60a984d8dc;2867c33153fb889575841b6b012867173863873a386851f17f694cc3721081f1;2026-09-28T19:47:05.797752+00:00;false
LOC-0140;LOC-0012;WALKING;2026-08-17T07:00:00+03:00;OK;6063;102;8491;LOCAL_VALHALLA_MATRIX;8121838eecca8e3e6ae3af189495124736f823011162fd6f1595e6a8fe0d3989;a724ec3d2d5913cc8e456a7fbf7afc7bb7467e67192d22fc0ae5e0b8625fba44;2026-09-28T19:47:05.797752+00:00;false
LOC-0140;LOC-0013;WALKING;2026-08-17T07:00:00+03:00;OK;2884;49;4056;LOCAL_VALHALLA_MATRIX;5624a1229f40f368b248bd24ded4b9b232b972df86be884939f5fb7713174b04;0e6cedb4ff30178c82d491f205757ccf0d140e23e379cfd535feb3dd79e74d1d;2026-09-28T19:47:05.797752+00:00;false
LOC-0140;LOC-0016;WALKING;2026-08-17T07:00:00+03:00;OK;1363;23;1911;LOCAL_VALHALLA_MATRIX;fc52a82952ff575bde943127cb69cb1f73cb09cdf5f515e1d53d9540e9f7f36e;455789b0fa011b8fcdbe524ffcc9c08e1dcee329ddbe680ec28ec577512ed61f;2026-09-28T19:47:05.797752+00:00;false
LOC-0140;LOC-0017;WALKING;2026-08-17T07:00:00+03:00;OK;5189;87;7314;LOCAL_VALHALLA_MATRIX;28ced533745cc470000432f2e766ff0a0fee1be932aa64415c1da0ef74291ade;721572885d7d0ce96c74f609758c34e5e864f1d940e2ba90f981912867b88d06;2026-09-28T19:47:05.797752+00:00;false
LOC-0140;LOC-0018;WALKING;2026-08-17T07:00:00+03:00;OK;5395;90;7559;LOCAL_VALHALLA_MATRIX;d4147211dc5ba310a96ee694ca57c7a82d611d0b214e4b9ac3fe78f7af451084;d15e0fe0c704d43baee5dcb95c4784c1da5c6c045bce6189ed40c0a3ea819c51;2026-09-28T19:47:05.797752+00:00;false
LOC-0140;LOC-0019;WALKING;2026-08-17T07:00:00+03:00;OK;7311;122;10244;LOCAL_VALHALLA_MATRIX;5cd7f5b48021b8494ca1e61353b55ae296caaca5b2705acadb1dd0528f324378;2f0e37e0bf3f0be986715a6c6e54cbbbe8d2b7938584fc0b1705b4714903c277;2026-09-28T19:47:05.797752+00:00;false
LOC-0140;LOC-0020;WALKING;2026-08-17T07:00:00+03:00;OK;7664;128;10719;LOCAL_VALHALLA_MATRIX;8a0c487e2ea6e9c44e920d1017df41d9b036078095513c1269ce18ae043dc916;97692ea855147afc4b4c61099327b3973c5552bceaa37ee27ac6a13898c0ab5b;2026-09-28T19:47:05.797752+00:00;false
LOC-0140;LOC-0023;WALKING;2026-08-17T07:00:00+03:00;OK;6528;109;9164;LOCAL_VALHALLA_MATRIX;721a36b7671895ee1c9291577e0e5870068415ef43b5552013c7195f0713e855;8ea012b57455cccbac93dfcc3d64ecc6da8db9b1d61543c44e95d51c5ab237e9;2026-09-28T19:47:05.797752+00:00;false
LOC-0140;LOC-0027;WALKING;2026-08-17T07:00:00+03:00;OK;3671;62;5155;LOCAL_VALHALLA_MATRIX;06f4ef233f162602725cfaf26c1f53d1a4b51768378c9b1624133ece14b95dfb;29531b1bb4c7626f984e48c03fc877fcbc427fbc8677920dd7440cce41794a64;2026-09-28T19:47:05.797752+00:00;false
LOC-0140;LOC-0028;WALKING;2026-08-17T07:00:00+03:00;OK;3073;52;4332;LOCAL_VALHALLA_MATRIX;7e778b173808ff8df8e8f70159c802fa9fbf70497585d06ebf1eeff1b8c35eee;b3158af7a46c9af1a6ef6b40d8b27490dd09af82cca812a9590943e1f1ab0e58;2026-09-28T19:47:05.797752+00:00;false
LOC-0140;LOC-0029;WALKING;2026-08-17T07:00:00+03:00;OK;2955;50;4165;LOCAL_VALHALLA_MATRIX;bba39ee7f1af011cbdfa989325593498a2d362174d35ed0e01a4130acfb71051;ba4dd4cd4ea8de80585f3582449f2ccc0ffe56e36e5c6e5242b57eca9aa85f43;2026-09-28T19:47:05.797752+00:00;false
LOC-0140;LOC-0037;WALKING;2026-08-17T07:00:00+03:00;OK;3074;52;4323;LOCAL_VALHALLA_MATRIX;3a6c40d095491aa4c450fb9919b16a3675de860b0ef81dfb7c8cf2d6ba28f7bf;b742b070900cc649c451118957e687f2ef0a7d2e4a521085869436a0aea09d27;2026-09-28T19:47:05.797752+00:00;false
LOC-0140;LOC-0045;WALKING;2026-08-17T07:00:00+03:00;OK;2980;50;4184;LOCAL_VALHALLA_MATRIX;a92ff493063f6dc12b3c5e46b4620f3eeb911e422f535f7920f553c4d2f93b80;748df40b968be8323c94e75194813001ccda79c01e6a6f777c3a37ccff42862c;2026-09-28T19:47:05.797752+00:00;false
LOC-0140;LOC-0053;WALKING;2026-08-17T07:00:00+03:00;OK;831;14;1170;LOCAL_VALHALLA_MATRIX;c06fb4dacd08e5a9e653fa0ee0ca09af54d7ad56958b7ef981cbed6652c0b2e6;339150e5f635d8cbe91690fab6c5ea68524227927f4039c531fc061c8cf184df;2026-09-28T19:47:05.797752+00:00;false
LOC-0140;LOC-0054;WALKING;2026-08-17T07:00:00+03:00;OK;3260;55;4586;LOCAL_VALHALLA_MATRIX;9843436cebd15e47cc6cee5f591b7332759226b11112cd345063f29e017073b0;cd629a4c3d368eb53328989c836dab82c39f3ef44c85f96e404eb6a89a867afc;2026-09-28T19:47:05.797752+00:00;false
LOC-0140;LOC-0061;WALKING;2026-08-17T07:00:00+03:00;OK;5948;100;8274;LOCAL_VALHALLA_MATRIX;8574d341ac544aa0418f152e32a47a5462e3ee44932e2ef4421a21f2159e45ff;a9055d72267998c6ba22f48b3b41f2f48844d371d0b92f1bd14d19b9a939bb11;2026-09-28T19:47:05.797752+00:00;false
LOC-0140;LOC-0063;WALKING;2026-08-17T07:00:00+03:00;OK;4204;71;5898;LOCAL_VALHALLA_MATRIX;805bd8cd2d7e95972268d920af77c9f5fe4efcfd894865e8049d3d697595537c;c8af74bf75ae68dfd0d2c07888a407ca936bcaae9348686b1ff0efa11879ae29;2026-09-28T19:47:05.797752+00:00;false
LOC-0140;LOC-0064;WALKING;2026-08-17T07:00:00+03:00;OK;3725;63;5231;LOCAL_VALHALLA_MATRIX;b932f5e3d015923a355d1e781a8350b15d9b57504930a8b4da03c7b67018c68d;b948c58d6ae00ebcd82b40bc521801590d66513baac3b8596984eb1307aa8ee7;2026-09-28T19:47:05.797752+00:00;false
LOC-0140;LOC-0074;WALKING;2026-08-17T07:00:00+03:00;OK;4717;79;6620;LOCAL_VALHALLA_MATRIX;199bdbdf5dad57788db91d3a949322a20683fa60c04a3b21ca48b3470cdeea48;f212550a65ef3b8333ccfe39959ebff620cd9127231a08daeb3f27c7f784f248;2026-09-28T19:47:05.797752+00:00;false
LOC-0140;LOC-0075;WALKING;2026-08-17T07:00:00+03:00;OK;4739;79;6652;LOCAL_VALHALLA_MATRIX;6b1220ebceccf3821242b900d6bb099d4005f74d93f508dc49fbd1a468dd9797;2c9fbc0c791c6a3882b6a929f36d7041e4b3c717d1f74a4067db5d00f13d88f9;2026-09-28T19:47:05.797752+00:00;false
LOC-0140;LOC-0076;WALKING;2026-08-17T07:00:00+03:00;OK;1624;28;2269;LOCAL_VALHALLA_MATRIX;af6b6064f387f0c220a611fed772c53d35962e06e19c5cd8d2984ad16104be59;4e536776426bb829cbe0e4d9c40c454b1ba74b6192212ce9d81096699077d26d;2026-09-28T19:47:05.797752+00:00;false
LOC-0140;LOC-0078;WALKING;2026-08-17T07:00:00+03:00;OK;3123;53;4365;LOCAL_VALHALLA_MATRIX;f7fe28d8afce5cc66fd6d98d0d03c22c624902bba3f52ca00206f1181a6847c9;2a58e4e8a7e56e2763122f39ac9330196da35222987b1e6f03d0150237261872;2026-09-28T19:47:05.797752+00:00;false
LOC-0140;LOC-0080;WALKING;2026-08-17T07:00:00+03:00;OK;5116;86;7172;LOCAL_VALHALLA_MATRIX;f65374253655bf5b503958fe0a2460da2f8cabfbc24f0b7636c8e9367e5a1385;26bd7fb13c7a3868b53afd1680f0d3d21b60c4ec223a388de04a1bdedf6e8460;2026-09-28T19:47:05.797752+00:00;false
LOC-0140;LOC-0082;WALKING;2026-08-17T07:00:00+03:00;OK;3689;62;5198;LOCAL_VALHALLA_MATRIX;3f5ec89791291ba7970819ff8072d5e6d82f70ca225970dfac8495fc048f23e3;ee29f8e3079249f6b7bba6fab737e0764a198ef6dcd7d59e14a4309ecc3547a9;2026-09-28T19:47:05.797752+00:00;false
LOC-0140;LOC-0085;WALKING;2026-08-17T07:00:00+03:00;OK;3238;54;4546;LOCAL_VALHALLA_MATRIX;5c96d3dc269c06a186fe8a793c7930a076e75310e74b38d1d32b26d0ae3b7f97;5819c86babd87567c452353827867aa5aa02fd3bcb82ab41d9f4ecd196a9dd93;2026-09-28T19:47:05.797752+00:00;false
LOC-0140;LOC-0086;WALKING;2026-08-17T07:00:00+03:00;OK;3317;56;4654;LOCAL_VALHALLA_MATRIX;90f22f869dd0554ada87ecd39875cd22592af647c75154f68f109a3ca2839d1c;26f6d3444e0880bce77fc1f617cc686ba857efe2da46651346a75cdc8661e9bc;2026-09-28T19:47:05.797752+00:00;false
LOC-0140;LOC-0091;WALKING;2026-08-17T07:00:00+03:00;OK;6767;113;9474;LOCAL_VALHALLA_MATRIX;a9505a3e4dcbc455ae99b0bb1dd6f40f83d91b53049d02e701e6f5a7248c7326;2ac8172b5f40e510d083ab542e7c025882379dbbd53dffb83c031946657834a1;2026-09-28T19:47:05.797752+00:00;false
LOC-0140;LOC-0092;WALKING;2026-08-17T07:00:00+03:00;OK;7067;118;9888;LOCAL_VALHALLA_MATRIX;840d82ad30db5713552a3a4546fd666f77af2eec776a5440f901e6984dc78375;d1b4d46ef28a9441a3df3ca381a261b0b3fbbbe81c330ee1187dcf7a0ca10497;2026-09-28T19:47:05.797752+00:00;false
LOC-0140;LOC-0093;WALKING;2026-08-17T07:00:00+03:00;OK;6960;116;9739;LOCAL_VALHALLA_MATRIX;5f78f0b2976a2f16e652db05547ebccd6bc283063f73ad5eeac227d510307c6e;74ed7047fb9d59d9d502c548f42fc730acb8d72d5b68c0dba21d6a9b33160aa1;2026-09-28T19:47:05.797752+00:00;false
LOC-0140;LOC-0094;WALKING;2026-08-17T07:00:00+03:00;OK;4372;73;8565;LOCAL_VALHALLA_MATRIX;ab8cf59f66350432dac645921caeaf522ea841d8e1e34f9ba78699e156ca45be;4d53cb8e013f7dabb7b36e64fdc5ef7dd535fd70e1a5cad234903d59e7259aaf;2026-09-28T19:47:05.797752+00:00;false
LOC-0140;LOC-0095;WALKING;2026-08-17T07:00:00+03:00;OK;4203;71;8673;LOCAL_VALHALLA_MATRIX;4cb8e734bbc83584f6857d8acc1c7d190472062dba7764082aa8ee1f5baedf95;7f18ca15e08819df5fd6611ab3c10956057ccd4281245121f9220f5e9794510d;2026-09-28T19:47:05.797752+00:00;false
LOC-0140;LOC-0102;WALKING;2026-08-17T07:00:00+03:00;OK;3972;67;5553;LOCAL_VALHALLA_MATRIX;b09c46e8303d701ded9d02d2ed75fb30c19eaa85a59e31f597cbaee786e7af57;89160a6af88e9c2d5d4ac4488ecb2d3afe79d43406da95ecb6168e2b97c92b8a;2026-09-28T19:47:05.797752+00:00;false
LOC-0140;LOC-0112;WALKING;2026-08-17T07:00:00+03:00;OK;5675;95;8057;LOCAL_VALHALLA_MATRIX;c666cf0570ac3bc40b7a4b1c6e27e83419816ef9be1e6372e89e98931ac3995e;9892cf0438cf451bf21cab155d05e07ee920ec073f29a13ada0376b2ffa9b6df;2026-09-28T19:47:05.797752+00:00;false
LOC-0140;LOC-0124;WALKING;2026-08-17T07:00:00+03:00;OK;5988;100;15789;LOCAL_VALHALLA_MATRIX;6835df1912680c18b2a2baaae1b09a584086877a2bf58edbeb1f31495216753b;76d9a6b6576cd237c6b1f4ca879aa2cdeb0ebe7e4eaf74dcdc0a90b009b01e62;2026-09-28T19:47:05.797752+00:00;false
LOC-0140;LOC-0125;WALKING;2026-08-17T07:00:00+03:00;OK;5714;96;8010;LOCAL_VALHALLA_MATRIX;22ae11f4f98e497cd7b330a67b305fd885c846af1ec4f1ea6809d204fecc6133;9ef8e1a2e022bbb6f1a4fe0ac78a3756d6885959b655968100f797e253e2c473;2026-09-28T19:47:05.797752+00:00;false
LOC-0140;LOC-0126;WALKING;2026-08-17T07:00:00+03:00;OK;4870;82;7578;LOCAL_VALHALLA_MATRIX;9724eeac96a7d307fdd8c1f9b684a63f4b42037f44b481cf17b6e320d33ac473;56822d63fc2d11191db8ad51e2c6d26230ea3ac3b33b26389e236e2178a9cd3a;2026-09-28T19:47:05.797752+00:00;false
LOC-0140;LOC-0128;WALKING;2026-08-17T07:00:00+03:00;OK;3188;54;4481;LOCAL_VALHALLA_MATRIX;69d3eaf731bf988dd656dc626b5040e7e173fd0392ae5a5568bcb4ff3032f03b;153d951bbfb7767082119ae85dfef6840edc248fd20149244d7afd09cf491afb;2026-09-28T19:47:05.797752+00:00;false
LOC-0140;LOC-0134;WALKING;2026-08-17T07:00:00+03:00;OK;2603;44;3659;LOCAL_VALHALLA_MATRIX;1f00cc0044a4fc3269cb1ca07e1151ab78a52544a0b96f81507dac79e3fae998;04a89d277099e5850276acfe63cc5e80994bcf00d8080337b0bdc575bda6b26b;2026-09-28T19:47:05.797752+00:00;false
LOC-0140;LOC-0135;WALKING;2026-08-17T07:00:00+03:00;OK;2593;44;3645;LOCAL_VALHALLA_MATRIX;249e37cafdb9b267de7947f9ed05f0070050bf87283e508f63165471d54a8056;57f9e48550159a0af7d18295e0254da5ae89831f4cf2f2dc520d4b9776617ab0;2026-09-28T19:47:05.797752+00:00;false
LOC-0140;LOC-0136;WALKING;2026-08-17T07:00:00+03:00;OK;3008;51;4219;LOCAL_VALHALLA_MATRIX;d9f8f8dd75ac2749660c8f01fe5acb7d2e98d7ecc1b46cdffc4a09e3116797a7;09cf7df8874ee0004803ff4c71e1dc6e28aa73f108289b7565aa7dcb150a116e;2026-09-28T19:47:05.797752+00:00;false
LOC-0140;LOC-0140;WALKING;2026-08-17T07:00:00+03:00;OK;0;0;0;LOCAL_VALHALLA_MATRIX;318a78bc3f880ba2c6397ccd21abead3aeacb2f3a6b21a680d0810bbee7f21cc;3d5812abc84c11768aa73a732c85d75dbed439188f5bb3239e9b762ea31d9862;2026-09-28T19:47:05.797752+00:00;false
LOC-0140;LOC-0141;WALKING;2026-08-17T07:00:00+03:00;OK;7138;119;10022;LOCAL_VALHALLA_MATRIX;b233d15f33f85702b269f2e2ed3d1a0a5ad7fad653daf893f69db3350f81aaa5;6d52e45b7ca97b544e7dea8001b629936a958dce0c0405f52fe122eddab5e399;2026-09-28T19:47:05.797752+00:00;false
LOC-0140;LOC-0142;WALKING;2026-08-17T07:00:00+03:00;OK;6749;113;19112;LOCAL_VALHALLA_MATRIX;9a84c86662806b2a777a1856f5647aff4ad79c825fc618644f1227e5b8a01ff3;abcd56a2f002f97172fe549c8279bebac1415efbeaa53088cd85d1f16994f30c;2026-09-28T19:47:05.797752+00:00;false
LOC-0140;LOC-0145;WALKING;2026-08-17T07:00:00+03:00;OK;7324;123;10240;LOCAL_VALHALLA_MATRIX;dd9a975f2324c5b49bc8775dafb070c07c9e2c126b86acad5bc9f3d78e300359;16a0753039b45523705ef4ee3828f569f185dc1d63486e41817bdb37dd81d9ad;2026-09-28T19:47:05.797752+00:00;false
LOC-0140;LOC-0148;WALKING;2026-08-17T07:00:00+03:00;OK;4639;78;6513;LOCAL_VALHALLA_MATRIX;0fc1b2cdc9f63a19abe2d0d0b1745d3d2ab88076f5125a9487389ffcc43b35cc;07c96b4241314f6d16f6304479caa51b9ec9d322255473f205f73fdf2929aa2b;2026-09-28T19:47:05.797752+00:00;false
LOC-0140;LOC-0149;WALKING;2026-08-17T07:00:00+03:00;OK;4470;75;6276;LOCAL_VALHALLA_MATRIX;13663265771a90401680c4b22f30e093a1e4bc93475828a097668a9bea4a6594;38205d72d8c5239e585144191ba2f92eb850b02de3374558b96854c527c02bcd;2026-09-28T19:47:05.797752+00:00;false
LOC-0140;LOC-0150;WALKING;2026-08-17T07:00:00+03:00;OK;4376;73;6141;LOCAL_VALHALLA_MATRIX;373a8bf4ef0f4d05adf13800fd3e2b43fc053c48a57ed7cfc91847639c1368b7;3f91e66f0a9930cec2d3b4e9542504d4db1569f337c915c72b047719332e3153;2026-09-28T19:47:05.797752+00:00;false
LOC-0140;LOC-0151;WALKING;2026-08-17T07:00:00+03:00;OK;4801;81;6763;LOCAL_VALHALLA_MATRIX;883cfd6f5d276e18ce4b747fb3ca356811de689afb601fab49a2c430297f6cc8;672901e7662bb51b0e7a42bdee5a5d1fd7d6e2f40231cea9a795f7607149916a;2026-09-28T19:47:05.797752+00:00;false
LOC-0140;LOC-0152;WALKING;2026-08-17T07:00:00+03:00;OK;4735;79;6671;LOCAL_VALHALLA_MATRIX;57c061ce55ad4a94548d19c4195d478d956d6caecf4fc391cba065f36ac68e84;a619c9d3d7ffd47dd0153b4082586bd52eb219583182ccea7181e054dbcf44f9;2026-09-28T19:47:05.797752+00:00;false
LOC-0140;LOC-0190;WALKING;2026-08-17T07:00:00+03:00;OK;5108;86;7132;LOCAL_VALHALLA_MATRIX;a5f184384ba3a3169c71942cc331d80ac68fb04b86361231d8f3761445227c63;933bbba2346ea4bf4ed941bc04aecadd5d8ea508ad256e1786cd262d3e918fe8;2026-09-28T19:47:05.797752+00:00;false
LOC-0140;LOC-0196;WALKING;2026-08-17T07:00:00+03:00;OK;7212;121;10064;LOCAL_VALHALLA_MATRIX;9d9df425ccf2848093b5e164f20f5334fc48404e17f4aa263075c1f9049184a0;645b34f2ea784ce30e5479e16b0948e0ee8dce1be198c4d0012abedf3acf14b5;2026-09-28T19:47:05.797752+00:00;false
LOC-0141;LOC-0002;WALKING;2026-08-17T07:00:00+03:00;OK;6425;108;20801;LOCAL_VALHALLA_MATRIX;2b52186bd9a0fe8944a00697aef9a2d681b8b5bfffc9b48ac87ddf494827718a;52b87ac520a0d4f64d077a6c53fbc476dc4cbe7953045b385e32269cd4b3e7b9;2026-09-28T19:47:05.797752+00:00;false
LOC-0141;LOC-0008;WALKING;2026-08-17T07:00:00+03:00;OK;7730;129;10830;LOCAL_VALHALLA_MATRIX;63055f554a65f097edab6be15e01a4bad1cd354cfc5dd890cb75d97dcbf6b953;a0dc6b5aca080e2180973bb4b94759844a45daf7522851e73529d06a2ff9be5e;2026-09-28T19:47:05.797752+00:00;false
LOC-0141;LOC-0009;WALKING;2026-08-17T07:00:00+03:00;OK;2120;36;2919;LOCAL_VALHALLA_MATRIX;04f054e8f875ba77fe60f437ab18db14d60562711f9a54291fa4c259c403dcd2;4090d728d1166cc3eed5f713bd4ca5459cb24700ae4d385cb9c45b70dcdcf79e;2026-09-28T19:47:05.797752+00:00;false
LOC-0141;LOC-0010;WALKING;2026-08-17T07:00:00+03:00;OK;8016;134;11235;LOCAL_VALHALLA_MATRIX;24759e601382b310849c480237d2bc9df03ee582f69c2b21bf30868bfc4d6504;c61d49254f559174551a43ec172ee1e8f3209b28c03b86d2b2b234a0e14e2329;2026-09-28T19:47:05.797752+00:00;false
LOC-0141;LOC-0011;WALKING;2026-08-17T07:00:00+03:00;OK;7584;127;10614;LOCAL_VALHALLA_MATRIX;f54e4bc89550df6fa897a99c71012a84ca7e01281a9e1252172f497d8f72c791;b4bf74fc23a3a9ad90de4155168ce6a60030760c1b3e84ffe8dfc178a4ca28de;2026-09-28T19:47:05.797752+00:00;false
LOC-0141;LOC-0012;WALKING;2026-08-17T07:00:00+03:00;OK;7348;123;10300;LOCAL_VALHALLA_MATRIX;b2a8cddd8a3deced883851211adf9b42c7f301779f9435b6b90285699d2035ec;efa808692b02a866dca31e80361afe74074d6c544dc08acee92c720189260e8b;2026-09-28T19:47:05.797752+00:00;false
LOC-0141;LOC-0013;WALKING;2026-08-17T07:00:00+03:00;OK;6928;116;21518;LOCAL_VALHALLA_MATRIX;a078ca765cc860b5d46fb0a68b0140f8d309360e2cf7061603b47376ea79c22b;89c8288e5f1d97c8b0a376f8ee315b95183477e6e1f0c4530ddf85c9a3269832;2026-09-28T19:47:05.797752+00:00;false
LOC-0141;LOC-0016;WALKING;2026-08-17T07:00:00+03:00;OK;5480;92;13819;LOCAL_VALHALLA_MATRIX;b25c909befeaeafa364f8dafcdc6cf6d69bd55dc7501f9e859c9e33ef4a0f150;2b19df9df17addb72275a0ba33611359019ab63dca98a1257b0462be3dfe08f1;2026-09-28T19:47:05.797752+00:00;false
LOC-0141;LOC-0017;WALKING;2026-08-17T07:00:00+03:00;OK;3127;53;4388;LOCAL_VALHALLA_MATRIX;3f3139edc6789c1398c2395afd8c8903bca5e5087afc5bf7ec9f4626e1364b06;9a6b7fcea9d870e2ae4e083a4b085a5de4cd03e892a0e2da0e20a9b71beedd55;2026-09-28T19:47:05.797752+00:00;false
LOC-0141;LOC-0018;WALKING;2026-08-17T07:00:00+03:00;OK;3487;59;4874;LOCAL_VALHALLA_MATRIX;2a337d2b34bd58259982b6fe3b98ffda06d480f40cc834f4b2e481663ef9eff7;2b67b4429758008c7e30604ac2a3d1a5c3488421676cf1552bb79f6d9a84a219;2026-09-28T19:47:05.797752+00:00;false
LOC-0141;LOC-0019;WALKING;2026-08-17T07:00:00+03:00;OK;8312;139;11650;LOCAL_VALHALLA_MATRIX;577221983e492196bfa936574c972bb83485f8f7d19948acd022bbb082cf1acc;4d6dd42ea7b2e51de785c99a81001126ca9c1b3846f6b117c55bf686ff08b0d6;2026-09-28T19:47:05.797752+00:00;false
LOC-0141;LOC-0020;WALKING;2026-08-17T07:00:00+03:00;OK;7599;127;10644;LOCAL_VALHALLA_MATRIX;1b3fe79be75f83865621b9b26c132d3c264f1c7cd1f7924847fab33e5f5d7d55;b714bd0b15eee52b365d94e6e8db44fd431dbd00adc3d6a0406f01bf1bada4fa;2026-09-28T19:47:05.797752+00:00;false
LOC-0141;LOC-0023;WALKING;2026-08-17T07:00:00+03:00;OK;4646;78;6507;LOCAL_VALHALLA_MATRIX;6a269a9f6424d7cd6528469179af436907ca699fde7b52f45a8378ac94d465af;cf6e491f344e4737936e9c3ea26cb1cccca2252aaa869e1ef7b67eab85c968a8;2026-09-28T19:47:05.797752+00:00;false
LOC-0141;LOC-0027;WALKING;2026-08-17T07:00:00+03:00;OK;3832;64;5386;LOCAL_VALHALLA_MATRIX;3e17302fd53f5ac4e9cbeeac6df3048f0fec6aa09d17b1fb9742740853fc9a99;3998a2055aa38cb42d80790a0d2c71f0b76f42f9e424f681def438a3b5481d54;2026-09-28T19:47:05.797752+00:00;false
LOC-0141;LOC-0028;WALKING;2026-08-17T07:00:00+03:00;OK;5576;93;17333;LOCAL_VALHALLA_MATRIX;3249fe2cef2f13074d46c37eb214ffc8877f448dd4a1c095188183b45804d754;650aed02382bc30310d5b921420c2de1a7b43d4f56be67a87673ee28b9b27c0c;2026-09-28T19:47:05.797752+00:00;false
LOC-0141;LOC-0029;WALKING;2026-08-17T07:00:00+03:00;OK;5459;91;17166;LOCAL_VALHALLA_MATRIX;c44919b9f06ca31f6448a22591caa64b8f036506f3438b2388eadb4510a7dc09;c74c01dfa2e1fac685e9c3e9bc3a800b6d5e9a4cd5e42fad88876f3f2c733686;2026-09-28T19:47:05.797752+00:00;false
LOC-0141;LOC-0037;WALKING;2026-08-17T07:00:00+03:00;OK;7602;127;20868;LOCAL_VALHALLA_MATRIX;03830192ca9c6f94147d75aac49b006d80a784e5b7cfb6c5b5b3eade147f814c;39a2b9ab1bf013400e8fb95520b32e5a5c797799896c2bfd42056c3526b5eb43;2026-09-28T19:47:05.797752+00:00;false
LOC-0141;LOC-0045;WALKING;2026-08-17T07:00:00+03:00;OK;3191;54;4494;LOCAL_VALHALLA_MATRIX;903150ba2c0f4e7e7c9ef3379118483f5ef25555f7be35b8e62447943b5f0ed0;20d79daed880062deb0fa662db26545e0033ae227d61b698ce28cd4acbb3b1cc;2026-09-28T19:47:05.797752+00:00;false
LOC-0141;LOC-0053;WALKING;2026-08-17T07:00:00+03:00;OK;5804;97;8162;LOCAL_VALHALLA_MATRIX;1799fb676ab5a78a6f9f4e098f46fe8fc3a849416731ba60ff8eba3b11c1f438;7f96f3b02e3893dc5072b317cfd6abac91c5db0dafa731a3c35f1bf0f5f5ec9d;2026-09-28T19:47:05.797752+00:00;false
LOC-0141;LOC-0054;WALKING;2026-08-17T07:00:00+03:00;OK;7448;125;20650;LOCAL_VALHALLA_MATRIX;b798f8fd8d046bf9b5f66d6ee4ddf3352a2ae36e8c83e34536345c779004bdf8;c1b06706ec0800d51196a6f7ae68bf49e8c3e51cd91b372eb860b4c1476253ae;2026-09-28T19:47:05.797752+00:00;false
LOC-0141;LOC-0061;WALKING;2026-08-17T07:00:00+03:00;OK;7229;121;10074;LOCAL_VALHALLA_MATRIX;6a36be698b4a839c51b3b27fe8e1b110ee63b4aeca3768a22296f42855cf8216;a31c84997e8f2c391b376ac8047bdf2fe0bc80b3e32f9bed453210ddca5e9bff;2026-09-28T19:47:05.797752+00:00;false
LOC-0141;LOC-0063;WALKING;2026-08-17T07:00:00+03:00;OK;4407;74;6114;LOCAL_VALHALLA_MATRIX;a2f0040d4134e39366fb62f5e360774c2e34eb6d122c1e1b55859320a71697bd;a7e16ef11c764061e12ae627dd3002aea0d1ded3acb27b6b519945d5dd69907f;2026-09-28T19:47:05.797752+00:00;false
LOC-0141;LOC-0064;WALKING;2026-08-17T07:00:00+03:00;OK;3950;66;5499;LOCAL_VALHALLA_MATRIX;c21696b53dc5a7ebd6a909562ad0d7edccb3b9957098cee970ab51a073a8fb7c;bf2cda3d3b0679cfaba5c16b6f03b03d80a8c7faa86c4b7279103710833f9da0;2026-09-28T19:47:05.797752+00:00;false
LOC-0141;LOC-0074;WALKING;2026-08-17T07:00:00+03:00;OK;4138;69;5802;LOCAL_VALHALLA_MATRIX;66041f126b3301c3c06afaca0028d8b98a5676ae3e64805013e7e1e0590794d7;b0f6deb942c10af678c80cd03b6d5cfd38176e7a4cf276b8b07cffefe567259a;2026-09-28T19:47:05.797752+00:00;false
LOC-0141;LOC-0075;WALKING;2026-08-17T07:00:00+03:00;OK;3646;61;5120;LOCAL_VALHALLA_MATRIX;fc139e7df96d910e8bb32f918dfbf7aad3c5c80234d611c5d2d53cf408143985;8ae8bbdb39db4ee6809f72225bb555e124dd4e68ed04e5d36545cb76c27289fc;2026-09-28T19:47:05.797752+00:00;false
LOC-0141;LOC-0076;WALKING;2026-08-17T07:00:00+03:00;OK;5110;86;13309;LOCAL_VALHALLA_MATRIX;0396cb516dd570102f6d7ae6e97a6e0a0c9c984069997a9d8b930f33cd539487;6c28ac03a050b2acf78b93d77e16ecfa4939340e7f994e052559e82fd12035c6;2026-09-28T19:47:05.797752+00:00;false
LOC-0141;LOC-0078;WALKING;2026-08-17T07:00:00+03:00;OK;3482;59;4868;LOCAL_VALHALLA_MATRIX;54a2e2548c7bb1a6387dbd71c4a412777d42a23714f52e5ed01c0d4b99207f44;865b2bd714bc97b7483e79d4c4de2add04421d97dbd8822987f7d020d13c42fa;2026-09-28T19:47:05.797752+00:00;false
LOC-0141;LOC-0080;WALKING;2026-08-17T07:00:00+03:00;OK;3858;65;5406;LOCAL_VALHALLA_MATRIX;a9c6357e860c375b5dd45e33424b722cca0b36324c46cca7455c7a99e2d7d6be;f0a8e5ff9b7bfa0f3c6d88e5c18bf17b836eb4eb392f7a0deb3fa24ebb3b45cd;2026-09-28T19:47:05.797752+00:00;false
LOC-0141;LOC-0082;WALKING;2026-08-17T07:00:00+03:00;OK;4362;73;5958;LOCAL_VALHALLA_MATRIX;aec26543b21ecddaf09a0d1cdfd53d3ddd7cdef4146721492e2e51de330f38ca;2c347b75bd821dc5eec70babdbae390e945ee4e4cfe79ce3200f86e92434e0de;2026-09-28T19:47:05.797752+00:00;false
LOC-0141;LOC-0085;WALKING;2026-08-17T07:00:00+03:00;OK;7283;122;22009;LOCAL_VALHALLA_MATRIX;b576ec3bd5f18f0ce5e884a80e7a5ac04bde566daa7500f4f4050c7c245c0140;e7be0e1a844b7b5b7adb0a4c5b6298aedc2ef8786880af9822e2d47b3fe1ebae;2026-09-28T19:47:05.797752+00:00;false
LOC-0141;LOC-0086;WALKING;2026-08-17T07:00:00+03:00;OK;7361;123;22117;LOCAL_VALHALLA_MATRIX;98003a0bb96ad442c22622bb62fb92265fc891bff2056f8a56ca1f9f04be4727;a253561a7fc3200ed742bf90cee728e6a9fd9ad4638f608e4128eceb8731d3f4;2026-09-28T19:47:05.797752+00:00;false
LOC-0141;LOC-0091;WALKING;2026-08-17T07:00:00+03:00;OK;7445;125;10425;LOCAL_VALHALLA_MATRIX;79ae531369a40d3ac5a13deac0a90d4b6e9e280edcf300922ed2bbed1c48c079;28905377535ea6c95f12173caf4794b53f3965a57407d1854b35fdec0d7e31ee;2026-09-28T19:47:05.797752+00:00;false
LOC-0141;LOC-0092;WALKING;2026-08-17T07:00:00+03:00;OK;6878;115;9629;LOCAL_VALHALLA_MATRIX;0d8fa345c9bac37e630e674b5f7f24d14009db5c2b690de267b494da83f6c013;bc962e88c9ace3dbe9166ae4601ef2f53fd0ca3255a0db467ae062a7b608d63f;2026-09-28T19:47:05.797752+00:00;false
LOC-0141;LOC-0093;WALKING;2026-08-17T07:00:00+03:00;OK;6813;114;9523;LOCAL_VALHALLA_MATRIX;3e6dec7c76d27410f6dc0b0bcd2fb6c75159d116a79d2775c2c15ef80efaee82;140553d5f818736a3520341b12eeaa0ece53a3d2859ded7495ee52abe94c19b5;2026-09-28T19:47:05.797752+00:00;false
LOC-0141;LOC-0094;WALKING;2026-08-17T07:00:00+03:00;OK;8111;136;26368;LOCAL_VALHALLA_MATRIX;77733a1377eb95357b42a165f10a394e8c989e2902f956a1c0d2da4eec54c39a;3660677e246fd1e80b466b867783039fc2659ab58e5071f8d0059eb8baed7e44;2026-09-28T19:47:05.797752+00:00;false
LOC-0141;LOC-0095;WALKING;2026-08-17T07:00:00+03:00;OK;7828;131;25969;LOCAL_VALHALLA_MATRIX;92391925c1571073403ba70ba55af96a8db605c55b1aaa4bdd401b49c91eef5e;e79d6bfbb2c53d024dfbaa15614010a889986036f35009b7fef730f2281e70ae;2026-09-28T19:47:05.797752+00:00;false
LOC-0141;LOC-0102;WALKING;2026-08-17T07:00:00+03:00;OK;3526;59;4905;LOCAL_VALHALLA_MATRIX;f1985a37a3438c93a30061a57d76dd1c9bc0ef82b0a83b34d7c24697c2caf540;69e48a214d37aa15ec8bc1b3ec9fd21a94cb77f43cf8ca6abdd2262a62b2e4f6;2026-09-28T19:47:05.797752+00:00;false
LOC-0141;LOC-0112;WALKING;2026-08-17T07:00:00+03:00;OK;5627;94;7862;LOCAL_VALHALLA_MATRIX;11f66ec6f8ff89ea54f2e7048d683bdd14752de81a35541cc877367e52efe388;4564925fb3830fed369dd9141b893e7996c9f2a51c82d58f2eec85584511fdd5;2026-09-28T19:47:05.797752+00:00;false
LOC-0141;LOC-0124;WALKING;2026-08-17T07:00:00+03:00;OK;1761;30;2451;LOCAL_VALHALLA_MATRIX;2bb469e35aa6b4eb7d1f7f70abea938e702b5d8a7aa2f6ec48bbb944dbc14c8b;08737b287df04bd2e3d8b6f12779d0ac78ef9f4d5d08fd5a0542346971d03d40;2026-09-28T19:47:05.797752+00:00;false
LOC-0141;LOC-0125;WALKING;2026-08-17T07:00:00+03:00;OK;3868;65;5403;LOCAL_VALHALLA_MATRIX;6801321351f478f26fffbd629e3df6ca1b2bb0018b21369a51cb7919cb417121;afc0805fbc051a5f4ec683a464d77b7a9ba0bce51bb396bf974e6bb9e4747b12;2026-09-28T19:47:05.797752+00:00;false
LOC-0141;LOC-0126;WALKING;2026-08-17T07:00:00+03:00;OK;6926;116;19914;LOCAL_VALHALLA_MATRIX;ae0a742c56e648d885fc9928ed6196511ee577fd21b8562a010d4556f2d47898;0242d9849c428769ef8ee1e21f3f6737449107c410e920b97f7d62a3794f5ed1;2026-09-28T19:47:05.797752+00:00;false
LOC-0141;LOC-0128;WALKING;2026-08-17T07:00:00+03:00;OK;7431;124;20626;LOCAL_VALHALLA_MATRIX;909f0cb53da83745cfef5f2d887bf26c4da7e1a3153a243861a71492c4a15add;2a7031933cda853344c390b961c279c7de65a890f04b1e009d7a23789ebeb15c;2026-09-28T19:47:05.797752+00:00;false
LOC-0141;LOC-0134;WALKING;2026-08-17T07:00:00+03:00;OK;6648;111;21122;LOCAL_VALHALLA_MATRIX;9da595ff222f363d6716daf857b514be21fbc294a88452e86c33b09e82c868c8;a064089cd720a8e654fdee4e8aa17da0623fe3c46be5e37ad4e71ef3df412a52;2026-09-28T19:47:05.797752+00:00;false
LOC-0141;LOC-0135;WALKING;2026-08-17T07:00:00+03:00;OK;6638;111;21108;LOCAL_VALHALLA_MATRIX;39666bd79bb15fa6f04627854eaad6ab671b0737140f8e5c6bb25e3d1eb53d8f;799acde1222c992bc23ac15383f042592e8c7134c4217cb5727d19705ff24132;2026-09-28T19:47:05.797752+00:00;false
LOC-0141;LOC-0136;WALKING;2026-08-17T07:00:00+03:00;OK;7052;118;21682;LOCAL_VALHALLA_MATRIX;c11611bfdd52f70491567158e5cdf32443e00bc5003581b428d8fe33b21badea;0efe63e442224bea426d7730dbe9490785f323693bf767386f222a6d3a5c341c;2026-09-28T19:47:05.797752+00:00;false
LOC-0141;LOC-0140;WALKING;2026-08-17T07:00:00+03:00;OK;6171;103;8678;LOCAL_VALHALLA_MATRIX;fd12eb5fb65dd104a1c393d8e4f94ec3db352944d0229eedf08fdd3a9f2bd796;c64c06e56b9bb10d3c868b967a38e09bed059bef990345fff2074b208cd99e75;2026-09-28T19:47:05.797752+00:00;false
LOC-0141;LOC-0141;WALKING;2026-08-17T07:00:00+03:00;OK;0;0;0;LOCAL_VALHALLA_MATRIX;7a58044e55d1697c1ee37bfc736080c1694527789bfe7a69b7a1d81a1f98dfc5;3d5812abc84c11768aa73a732c85d75dbed439188f5bb3239e9b762ea31d9862;2026-09-28T19:47:05.797752+00:00;false
LOC-0141;LOC-0142;WALKING;2026-08-17T07:00:00+03:00;OK;539;9;716;LOCAL_VALHALLA_MATRIX;9146b671bd687ff5fd60a02b2b8f71ae3e2f6990e6603f63a1ad20887a631836;1f5ede9f2180319984cba1885229109bf3b5c646b3bf75ef1b8b3477586841b9;2026-09-28T19:47:05.797752+00:00;false
LOC-0141;LOC-0145;WALKING;2026-08-17T07:00:00+03:00;OK;7125;119;9997;LOCAL_VALHALLA_MATRIX;9a556fedaed7c57c9ee891cf297b70ea6a20cde7da94489322f838d24301f186;37f8478abc542b2299dcf92c3fccb7df34982db988d88f8e8c6c437e53b39616;2026-09-28T19:47:05.797752+00:00;false
LOC-0141;LOC-0148;WALKING;2026-08-17T07:00:00+03:00;OK;3519;59;4946;LOCAL_VALHALLA_MATRIX;583721983c78965f5a793277baf342cdc8f7df621215f24ebf6e4535032233c5;54eb09d1bdb058fba04fb5846b49e18387a406de01f9876a8d2e8b25ceaeb320;2026-09-28T19:47:05.797752+00:00;false
LOC-0141;LOC-0149;WALKING;2026-08-17T07:00:00+03:00;OK;3736;63;5254;LOCAL_VALHALLA_MATRIX;a1375ac966bb90f961de0ea7bb3ea958ad1af7caf8c2b700c49ef89ac6e6609d;5865c605fe849189d27c438c163fc5a1c7e35d7999df271e26af69caecd80f18;2026-09-28T19:47:05.797752+00:00;false
LOC-0141;LOC-0150;WALKING;2026-08-17T07:00:00+03:00;OK;3868;65;5441;LOCAL_VALHALLA_MATRIX;598b4e748976c6e095771b220ba68c09bd4e45561a72d1ce880aeee790deac48;5eee417f459726439a5b603576d55a8adaffeac5b82c165f1ff8035cf98cb750;2026-09-28T19:47:05.797752+00:00;false
LOC-0141;LOC-0151;WALKING;2026-08-17T07:00:00+03:00;OK;3143;53;4416;LOCAL_VALHALLA_MATRIX;30ffbcdfb0970a1d46f5a07cf5fe3ae2046e44b1c7b3678ddf229ccd9b4b96b8;cc3ca468a435b31325e196a57e69f4fa2d2241aaf00f0734ffc699ab5008803d;2026-09-28T19:47:05.797752+00:00;false
LOC-0141;LOC-0152;WALKING;2026-08-17T07:00:00+03:00;OK;3165;53;4446;LOCAL_VALHALLA_MATRIX;ec87571ebf26f13e16a981bc8eb502751707a86e44fa1813aad6b001eb1e4e6d;0ec3108fec74701e3b3334a1822de0aa5983e9194f62b3da7c7ac19f10e5e5f1;2026-09-28T19:47:05.797752+00:00;false
LOC-0141;LOC-0190;WALKING;2026-08-17T07:00:00+03:00;OK;6383;107;8968;LOCAL_VALHALLA_MATRIX;42c4eb2e3aa40046cd9f1808b3fe5dff8cf444285c132904c7009ec3a12e4eea;1f7d8340c7b9a43dfb7834fad2b24b8d34a8ee22cf48082379707b9f2115633a;2026-09-28T19:47:05.797752+00:00;false
LOC-0141;LOC-0196;WALKING;2026-08-17T07:00:00+03:00;OK;3855;65;5402;LOCAL_VALHALLA_MATRIX;eb513c5da96a6171706e39d4847296e13b9fea7c27463405e3d25e7b719b566a;c905a083a07a277f50a6fada7609c68aa6807c9e7a209a8d3473550c7a538696;2026-09-28T19:47:05.797752+00:00;false
LOC-0142;LOC-0002;WALKING;2026-08-17T07:00:00+03:00;OK;6506;109;20874;LOCAL_VALHALLA_MATRIX;4793ef304f50ee9335511d9db2d636b9423a5b3596b8a047fe6fcf6ffafaa037;d8f67ecf793137974a6980b420540a0ba757920b32e6c553aea5fe8b81f59d52;2026-09-28T19:47:05.797752+00:00;false
LOC-0142;LOC-0008;WALKING;2026-08-17T07:00:00+03:00;OK;9200;154;23066;LOCAL_VALHALLA_MATRIX;f1d0bd3f46fcaf11d37612091dade60bad276ec582736e5c76858ba402e42de5;7152a3fa3bea035307b353f08563d58a4cf7e7ec7da53f2c9f07b230bf00882f;2026-09-28T19:47:05.797752+00:00;false
LOC-0142;LOC-0009;WALKING;2026-08-17T07:00:00+03:00;OK;2504;42;3414;LOCAL_VALHALLA_MATRIX;77aff015fbae261b377212b6e8966b5134662f5324128896923859f9b95ba293;34dc6c2ec284c497ed564929440b74648031ae2640b9559aa5f8a087f0067d40;2026-09-28T19:47:05.797752+00:00;false
LOC-0142;LOC-0010;WALKING;2026-08-17T07:00:00+03:00;OK;8097;135;11308;LOCAL_VALHALLA_MATRIX;bd2ad08d02d5d2bb5bfe10ee194f55937c01edbbbc64596c26cc4b02ece29bde;fc7f700af29aeac97a07e411a1f9c8fef038a5364c986fae5f276ca8d0b3fc4c;2026-09-28T19:47:05.797752+00:00;false
LOC-0142;LOC-0011;WALKING;2026-08-17T07:00:00+03:00;OK;8753;146;22417;LOCAL_VALHALLA_MATRIX;30bf1ac3ad9ab19da1a4ffec7104379643947a070a8054184035926a8798b412;e9b567be03fd4dce95c6b98f64951a7d2fbe029e8751285d3bf43f894971de39;2026-09-28T19:47:05.797752+00:00;false
LOC-0142;LOC-0012;WALKING;2026-08-17T07:00:00+03:00;OK;8818;147;22536;LOCAL_VALHALLA_MATRIX;c3b149c0c360fb6b1387edc1f0074654c82bd7a927ea29daf9bee3d479e3525d;7b72ebbf354d498853c4c744224ca79eee8dd845524f8e1be6372cad7714d88d;2026-09-28T19:47:05.797752+00:00;false
LOC-0142;LOC-0013;WALKING;2026-08-17T07:00:00+03:00;OK;7008;117;21591;LOCAL_VALHALLA_MATRIX;4e5f98a23ac78cc85b55ac4403236832b31e561e2c7d1e027331f2fb5a446ee4;98ec7391e5260c13657ce2cfce53364cb60443fec3770c4e8ff1aae6fd02a77f;2026-09-28T19:47:05.797752+00:00;false
LOC-0142;LOC-0016;WALKING;2026-08-17T07:00:00+03:00;OK;5561;93;13892;LOCAL_VALHALLA_MATRIX;484215efde1971873535806f35ff68890d63e32540489f55cf1e4472bdac11aa;2548fc21d17116c725797e1a2e64c1de28e0c5ae145981e0819441e5f7f3e4c4;2026-09-28T19:47:05.797752+00:00;false
LOC-0142;LOC-0017;WALKING;2026-08-17T07:00:00+03:00;OK;3208;54;4461;LOCAL_VALHALLA_MATRIX;ba8f1d734ef0e7e6970d0cc8801a7c1cb09f064017922d4ecbd1648839614fed;c8be1dd0ebbc152bb1ba2cb7fd2b7f972de674b9b776e2841a64c29e7287809f;2026-09-28T19:47:05.797752+00:00;false
LOC-0142;LOC-0018;WALKING;2026-08-17T07:00:00+03:00;OK;3568;60;4947;LOCAL_VALHALLA_MATRIX;3f4b36ee5aee66320655c2f56fc997be1a9de9cbbdab57f30aed66ad2f3df875;b0e172ca5bf92a1e8559c934b7cdd872972b3b4288af4c64f9b35da417aeaa34;2026-09-28T19:47:05.797752+00:00;false
LOC-0142;LOC-0019;WALKING;2026-08-17T07:00:00+03:00;OK;8393;140;11723;LOCAL_VALHALLA_MATRIX;dd9057099e4185bc284f0dd13275f52efa2156fbf04fc595ddb56ac5feaaf416;46d7979a903ba348691ac2984b3bc15c9cda14164397176f638c2b4ef1333107;2026-09-28T19:47:05.797752+00:00;false
LOC-0142;LOC-0020;WALKING;2026-08-17T07:00:00+03:00;OK;7680;128;10717;LOCAL_VALHALLA_MATRIX;0ff84f712fac0151484ca668ac1e5ad8c92325dfba110bf22d0c9e0e777ee985;7d5fa050027f97903ac04eb883eeff12a26ab69a2430b2515a4f9b91cee9735f;2026-09-28T19:47:05.797752+00:00;false
LOC-0142;LOC-0023;WALKING;2026-08-17T07:00:00+03:00;OK;4633;78;6449;LOCAL_VALHALLA_MATRIX;1b8b861c17ed516e2ee3f3563d711cbd705f931d1949b19be0dd6cfd5619921a;a209572a4fd8c5feda1b4d29afe6839230950b23a935289e94da5d3cd54c63fb;2026-09-28T19:47:05.797752+00:00;false
LOC-0142;LOC-0027;WALKING;2026-08-17T07:00:00+03:00;OK;3913;66;5459;LOCAL_VALHALLA_MATRIX;4cf98838ce022e401235a58ef10dc6908cd2d10f64a7fe73990fe2a297c8aa2d;8691f891e8b29919190792d1b8148218cae7e5e18d6ff057ab73fda23b159172;2026-09-28T19:47:05.797752+00:00;false
LOC-0142;LOC-0028;WALKING;2026-08-17T07:00:00+03:00;OK;5657;95;17406;LOCAL_VALHALLA_MATRIX;c9557edb959458a98dc7cc023f26340999ee79a8d12328b0cb1011f610cf6a9f;d0720bedc069ae844110eeb14237b7621713201579dd57eadf0b5491c0ca8bd2;2026-09-28T19:47:05.797752+00:00;false
LOC-0142;LOC-0029;WALKING;2026-08-17T07:00:00+03:00;OK;5540;93;17239;LOCAL_VALHALLA_MATRIX;47b5525913f484d5260ddb4e28f7e21318a8d2cbd4f5c6ff286dc02fd59052cc;cac908c025fffe8b422d4f8bb7534895bade27841648a2b63d795b8eb4be2619;2026-09-28T19:47:05.797752+00:00;false
LOC-0142;LOC-0037;WALKING;2026-08-17T07:00:00+03:00;OK;7683;129;20941;LOCAL_VALHALLA_MATRIX;bb846aafe3cbc3a65b4dd8e5fed90597a2e43af26466050c7d18c1932a697635;41f5eede5503c6e203626b6996b9712580a02c230242b21e91e5de2f51a7d5ad;2026-09-28T19:47:05.797752+00:00;false
LOC-0142;LOC-0045;WALKING;2026-08-17T07:00:00+03:00;OK;3272;55;4567;LOCAL_VALHALLA_MATRIX;dbfbbb6c74bc3a78f057b651ffd6a9728be93666634da47e8728a25c714e91f6;6ecd0bad383007b602dda8c056df58808ecc93383d77263a6a1838022df4d4cb;2026-09-28T19:47:05.797752+00:00;false
LOC-0142;LOC-0053;WALKING;2026-08-17T07:00:00+03:00;OK;6384;107;18579;LOCAL_VALHALLA_MATRIX;5d9d8afda42a4931aed7e877327deb5416c9980771a39eac5d148c92ea27d2a3;b12b020c5177b1f8c6793bf425d66171ba9e185b7d5e4d32d99078f6072757df;2026-09-28T19:47:05.797752+00:00;false
LOC-0142;LOC-0054;WALKING;2026-08-17T07:00:00+03:00;OK;7529;126;20723;LOCAL_VALHALLA_MATRIX;ab4506a6acd54c810a8b0b81d2e2b7b7df23ebcbb51148ee757c0b18b2e0ee45;c52190342e5ffde0a7c4589aa5215f3d8c0f5c015a275116d5f33b7872b9a34a;2026-09-28T19:47:05.797752+00:00;false
LOC-0142;LOC-0061;WALKING;2026-08-17T07:00:00+03:00;OK;8703;146;22319;LOCAL_VALHALLA_MATRIX;01180efb0854d8a223209b2e8d4a2acd4b89fdb34b5f3ebf0b3d5088fcdac795;682875d079ceef02831d2842e42fe55325ccbde663f28790e4e6a15d5dffb23b;2026-09-28T19:47:05.797752+00:00;false
LOC-0142;LOC-0063;WALKING;2026-08-17T07:00:00+03:00;OK;4605;77;6350;LOCAL_VALHALLA_MATRIX;9ffaad6ed5a8417f55e02be705137530de736cb9982956bd405b97d3a72a6de4;f09f9e128a1ffb7fa42ef2d75443d8d2c59674c60e6f32397e155bc50a0bb972;2026-09-28T19:47:05.797752+00:00;false
LOC-0142;LOC-0064;WALKING;2026-08-17T07:00:00+03:00;OK;4149;70;5735;LOCAL_VALHALLA_MATRIX;41ac79697d6316c76cbd77da5d281d420c15fc0bebd40e28189f9285438407dc;fc1e6e57cda696908c744248f78bc4875096dc1c16601d9b837f3cb62c5c1a1b;2026-09-28T19:47:05.797752+00:00;false
LOC-0142;LOC-0074;WALKING;2026-08-17T07:00:00+03:00;OK;4219;71;5875;LOCAL_VALHALLA_MATRIX;ae89bf06b8664509971621a95b91c44a10f22a233fa759b4e88cb3eb09100228;c8c2009f5ea32478df4210b1a7317b703eb98b42864eec6b2e4a551483c7278a;2026-09-28T19:47:05.797752+00:00;false
LOC-0142;LOC-0075;WALKING;2026-08-17T07:00:00+03:00;OK;3726;63;5193;LOCAL_VALHALLA_MATRIX;2b0c362c01b8e33a7572b031fc932dd50b66db1cc5ce0868895b8ac40e6ca17e;26e97bbf100d825118703b38d09bd0cf5733a1c91811e71b7bd405119674e042;2026-09-28T19:47:05.797752+00:00;false
LOC-0142;LOC-0076;WALKING;2026-08-17T07:00:00+03:00;OK;5191;87;13382;LOCAL_VALHALLA_MATRIX;c890cb81d96ae79b8fddbf7d0eacbec173952ea31b58306485dba2527f14552a;0bc10dc4ad2e03cd0830a450d97c09eb5396d0878b44c5dd293fb43e92cbb4b2;2026-09-28T19:47:05.797752+00:00;false
LOC-0142;LOC-0078;WALKING;2026-08-17T07:00:00+03:00;OK;3592;60;4973;LOCAL_VALHALLA_MATRIX;f6877997ba651df343c28236b94f1d7ef39e0b5179ab6db9aeee71fb7bf2b252;650c2b92a1ef21041833cd86640e65630fc5d6db22e9fc1b7e7d89b2ee4d17f8;2026-09-28T19:47:05.797752+00:00;false
LOC-0142;LOC-0080;WALKING;2026-08-17T07:00:00+03:00;OK;3939;66;5479;LOCAL_VALHALLA_MATRIX;fe71c06b213315644e5da84755af78689d0af5f8f413e4af82d39df2f015acf9;f26b9e9e8505f272beaa87d9afe73a0fc13c8cfae119e47a730cf8b630e29840;2026-09-28T19:47:05.797752+00:00;false
LOC-0142;LOC-0082;WALKING;2026-08-17T07:00:00+03:00;OK;4561;77;6194;LOCAL_VALHALLA_MATRIX;720dc0df04a2388458841b90342980dcc8652faf941dd2615afd74bd90ee3c97;c76c347965e215c0ed1cb0e44a0c31bebadf02494b883570c20fdfe1397b3561;2026-09-28T19:47:05.797752+00:00;false
LOC-0142;LOC-0085;WALKING;2026-08-17T07:00:00+03:00;OK;7364;123;22082;LOCAL_VALHALLA_MATRIX;2b077f48062fe6039f4ea085edb0b88693eabef309605c9e4f61213a339dc549;9f59658eadea490ce23d2dd54644847c878202a3a204efa4f57ec4aa4dbfa3a1;2026-09-28T19:47:05.797752+00:00;false
LOC-0142;LOC-0086;WALKING;2026-08-17T07:00:00+03:00;OK;7442;125;22190;LOCAL_VALHALLA_MATRIX;fc279ead5401d04ce75a768eff34c18e91c661d0b1e6831ebfae981f860eed0f;53f878a9bef4bf949b74857bea9d8e29fdf8fbf8bad1f3d2a2670e6ac5bfd22a;2026-09-28T19:47:05.797752+00:00;false
LOC-0142;LOC-0091;WALKING;2026-08-17T07:00:00+03:00;OK;7526;126;10498;LOCAL_VALHALLA_MATRIX;c31e938cb72beae37010d1eea8bc7fd323dff07ab022430494edab9d6bed0eee;734c6142060e0cb3541b603dde22d06aa6a30cb9f00a48fe503cfab431de2e2a;2026-09-28T19:47:05.797752+00:00;false
LOC-0142;LOC-0092;WALKING;2026-08-17T07:00:00+03:00;OK;6959;116;9702;LOCAL_VALHALLA_MATRIX;5a1457d694efc73a8e223bd3ae76f8b290650018b47821c2409d977526e72f1c;5effb6244f849fe110e5b442463e06c013ccebf25ea145fe106aa7159b882f6f;2026-09-28T19:47:05.797752+00:00;false
LOC-0142;LOC-0093;WALKING;2026-08-17T07:00:00+03:00;OK;6893;115;9596;LOCAL_VALHALLA_MATRIX;697bfd1ff4fa619721f1d44d8dc3d6a5c8ce48b025c1d0e7295fc2e0ea9b86aa;6061252f27f16bbef1e643f384adaabd2c0589dbf8d54e2805c8cbed31642256;2026-09-28T19:47:05.797752+00:00;false
LOC-0142;LOC-0094;WALKING;2026-08-17T07:00:00+03:00;OK;8192;137;26441;LOCAL_VALHALLA_MATRIX;8fa9d3f0200e1f69be8b764d4cc858c394e59294ccc5d51a521505392c88ca80;71604fc33df8df95fd236566a26e0eae889157e7390619533dfae9605b22b0bd;2026-09-28T19:47:05.797752+00:00;false
LOC-0142;LOC-0095;WALKING;2026-08-17T07:00:00+03:00;OK;7909;132;26042;LOCAL_VALHALLA_MATRIX;90aec7b2ef1753798034bf588f2de38769c51e2a91bb6950bfc7d0682685e881;14a48c0cba76b5e5f42aca04ceb7782c0617c5cd4aafbde59997f63f5eb96071;2026-09-28T19:47:05.797752+00:00;false
LOC-0142;LOC-0102;WALKING;2026-08-17T07:00:00+03:00;OK;3725;63;5141;LOCAL_VALHALLA_MATRIX;4f8e6a8475f376c30bed28747067b6cc50d24122836a38c1eed731a743089b11;e6380f7bea65dab07b157ae1481e0eb4ece90d015afdaebdd7dbef443c4e9dde;2026-09-28T19:47:05.797752+00:00;false
LOC-0142;LOC-0112;WALKING;2026-08-17T07:00:00+03:00;OK;7780;130;21045;LOCAL_VALHALLA_MATRIX;a238abf2d61181a9377ed119d337b6973dcbf848d2f9d2b13c1119e39025ef3c;120769a9b62e08e059cef601d2092dc86616ca69bef4f723bf0140da88b13d61;2026-09-28T19:47:05.797752+00:00;false
LOC-0142;LOC-0124;WALKING;2026-08-17T07:00:00+03:00;OK;2145;36;2946;LOCAL_VALHALLA_MATRIX;92c94d0b5e36af56234592840a239598e9a4477b908f17816f5b0eb2a8db27a0;287b680795851b7494df9b77b9afaa246ab2be1d7a51862bbabc5f520a3daa3f;2026-09-28T19:47:05.797752+00:00;false
LOC-0142;LOC-0125;WALKING;2026-08-17T07:00:00+03:00;OK;3949;66;5476;LOCAL_VALHALLA_MATRIX;b7f79d8431367cf00e516ab8b36287dcc471043fa8e8240d0fd8f32b1c1d0184;7118c87ded92391fe00453f143149ea0fec1e548e982b6d8c80b08f26f0106a1;2026-09-28T19:47:05.797752+00:00;false
LOC-0142;LOC-0126;WALKING;2026-08-17T07:00:00+03:00;OK;7007;117;19987;LOCAL_VALHALLA_MATRIX;9476f9caf610d40a54067dd2b1ca30e1d1143e92c9bfbd559a26a5dfd6647626;0608761262aa0e021d910688f7ba840fb244d64514c00feb54dfe8894e54f0b5;2026-09-28T19:47:05.797752+00:00;false
LOC-0142;LOC-0128;WALKING;2026-08-17T07:00:00+03:00;OK;7512;126;20699;LOCAL_VALHALLA_MATRIX;3f4285b52760084af6ce3f5ea03d3215f74bf803c57659fb392e20d7a7e27144;6dbcb5ed1ced268af657d33ef13ae5341eedcdaa0a5bd5abb1a8d19bf121c011;2026-09-28T19:47:05.797752+00:00;false
LOC-0142;LOC-0134;WALKING;2026-08-17T07:00:00+03:00;OK;6729;113;21195;LOCAL_VALHALLA_MATRIX;f3b65b74edda2ab2ccc13b6a994d03b24b4b0b3551ca1a6b7c0b2aa8eae183f6;11e6cfd363bcd7e017902b000cd2c984113bad2dbe7112c0e0faa49fdef4a913;2026-09-28T19:47:05.797752+00:00;false
LOC-0142;LOC-0135;WALKING;2026-08-17T07:00:00+03:00;OK;6719;112;21181;LOCAL_VALHALLA_MATRIX;11184bf831c146e89b631517017187f671159af127b605bc59c5db8bf435f46f;2ecee203581422b451f639bc873683591d511822426fab49005c2b9ae482502b;2026-09-28T19:47:05.797752+00:00;false
LOC-0142;LOC-0136;WALKING;2026-08-17T07:00:00+03:00;OK;7133;119;21755;LOCAL_VALHALLA_MATRIX;5c36cb37db8c753cd6629962440d329d10c65d0567ad09b4a2778665f0c91c24;c14a9e743046857ae120eef0f89664f4412a33bf1c2c2de46292b8d46757beae;2026-09-28T19:47:05.797752+00:00;false
LOC-0142;LOC-0140;WALKING;2026-08-17T07:00:00+03:00;OK;6749;113;19112;LOCAL_VALHALLA_MATRIX;80d3eb97ea5f72e8174510f2aa61e0f86b451bedec8fbefee6e09303e0af9e6f;abcd56a2f002f97172fe549c8279bebac1415efbeaa53088cd85d1f16994f30c;2026-09-28T19:47:05.797752+00:00;false
LOC-0142;LOC-0141;WALKING;2026-08-17T07:00:00+03:00;OK;539;9;716;LOCAL_VALHALLA_MATRIX;d072c613e0dd2be14ac3a80f7b0def873bf55997259bd3ee5cbebf76f0c41d17;1f5ede9f2180319984cba1885229109bf3b5c646b3bf75ef1b8b3477586841b9;2026-09-28T19:47:05.797752+00:00;false
LOC-0142;LOC-0142;WALKING;2026-08-17T07:00:00+03:00;OK;0;0;0;LOCAL_VALHALLA_MATRIX;e98cd3d7ac2ecc6449779a8457f975e7c123b46f61062d60a9cc6969edece338;3d5812abc84c11768aa73a732c85d75dbed439188f5bb3239e9b762ea31d9862;2026-09-28T19:47:05.797752+00:00;false
LOC-0142;LOC-0145;WALKING;2026-08-17T07:00:00+03:00;OK;7206;121;10070;LOCAL_VALHALLA_MATRIX;efe3540bc05820d5ac3ab4efdbade3aa60d807673e764211ec6305cfcf9fee11;d3452fcbe326bfa9636683109f06b652f642d9efcd2aedf4afb677c11689262e;2026-09-28T19:47:05.797752+00:00;false
LOC-0142;LOC-0148;WALKING;2026-08-17T07:00:00+03:00;OK;3600;60;5019;LOCAL_VALHALLA_MATRIX;2ba5049c9efc2d20bb1fe1e757920154859c646a87e9aaeb17c2957cdc87ea87;e24724ec1e92a85114bdc3c24f3f8266bca3d914ef6ea186e9bebef332d973f4;2026-09-28T19:47:05.797752+00:00;false
LOC-0142;LOC-0149;WALKING;2026-08-17T07:00:00+03:00;OK;3817;64;5327;LOCAL_VALHALLA_MATRIX;0902b42bf1c141b68268de8ae90e4d60bd4f406da33043c934f554f8df14909d;7571f77812b3e78d02d0abc5dadc98719924191661d870821a94118c6d7d4ce3;2026-09-28T19:47:05.797752+00:00;false
LOC-0142;LOC-0150;WALKING;2026-08-17T07:00:00+03:00;OK;3949;66;5514;LOCAL_VALHALLA_MATRIX;0a27fc433e3bc4c349234b51e9aab77499e73ad0a2f13356b7f124eafbc49975;861f468680667aa4ff1962e286d8193a7e3de92f280b55accc434ecff40c0de4;2026-09-28T19:47:05.797752+00:00;false
LOC-0142;LOC-0151;WALKING;2026-08-17T07:00:00+03:00;OK;3224;54;4489;LOCAL_VALHALLA_MATRIX;b6526aaf4c8dd1f2290042d4e2d10fa624342f8c744e499210a2a0aff14fcc14;227f171089c54d7baeffdfa1581e3fbea2c02c9766e5768544d54ff6d699f201;2026-09-28T19:47:05.797752+00:00;false
LOC-0142;LOC-0152;WALKING;2026-08-17T07:00:00+03:00;OK;3245;55;4519;LOCAL_VALHALLA_MATRIX;a768f97c1589ce04c712ad67696811e7d74407c02132a54da4aa82f6c4720c79;b68f607296da547bfa085c2068bbee8c1f201b86f009cce7a62fa19166b47afd;2026-09-28T19:47:05.797752+00:00;false
LOC-0142;LOC-0190;WALKING;2026-08-17T07:00:00+03:00;OK;6463;108;9041;LOCAL_VALHALLA_MATRIX;8ad18e6401fe9330f140831ae681015e5ec6eea71e05092cdccd4b7eb049f991;86e6c665034f8e95958db14987d0661296a9e94650e59d2f2632ad4c0f56aacc;2026-09-28T19:47:05.797752+00:00;false
LOC-0142;LOC-0196;WALKING;2026-08-17T07:00:00+03:00;OK;3843;65;5344;LOCAL_VALHALLA_MATRIX;a038e0d1f59fefdbda773514b01f09a86c4d36231afc723fded8715905182597;321bf9078c857b34cf7158781d4a58ba18b9e82b35787f99179587feb8aa5b80;2026-09-28T19:47:05.797752+00:00;false
LOC-0145;LOC-0002;WALKING;2026-08-17T07:00:00+03:00;OK;6517;109;10253;LOCAL_VALHALLA_MATRIX;f3f530a14c1ccb5ffd061352df635220c42b8f77f79f2b15161b293b5f7353f3;01803e6f4b7343ff700ca81600dbdc7bf61fb0b91e22e6c6e11e96838aeaaa2c;2026-09-28T19:47:05.797752+00:00;false
LOC-0145;LOC-0008;WALKING;2026-08-17T07:00:00+03:00;OK;2213;37;3098;LOCAL_VALHALLA_MATRIX;691697211df2d39e8fa90fc28c3e2ad3a5a0e37feefd21467ad02da9edde75f1;cb1b4bb8c38a7fd042eb94b6476013abc6be706e08a7332cf27b31aeea5f0953;2026-09-28T19:47:05.797752+00:00;false
LOC-0145;LOC-0009;WALKING;2026-08-17T07:00:00+03:00;OK;8597;144;20099;LOCAL_VALHALLA_MATRIX;d05c163b71dd9dd249a12fd8f717b58076a28404bb2098df720b01d7563799dc;7cde10d3ebce48327d2b77ff969248c124f667b684198d323ddd03ee81508b79;2026-09-28T19:47:05.797752+00:00;false
LOC-0145;LOC-0010;WALKING;2026-08-17T07:00:00+03:00;OK;1961;33;2757;LOCAL_VALHALLA_MATRIX;135a0e4f9c26d5de4558feae2a3e6c1f3522f6a51209e80d78a83f036443c562;e0bec62357693d407e9cf15e7e9eb4b575cfc8ccdccbe0518cc7fe0908ce3be7;2026-09-28T19:47:05.797752+00:00;false
LOC-0145;LOC-0011;WALKING;2026-08-17T07:00:00+03:00;OK;2468;42;3475;LOCAL_VALHALLA_MATRIX;e96d610430fb38e8775dfa840f3a08bde1f52eb74287689248d6b5ee66c0af05;bd01ac47554d5642345a641114962228912e321ccd58254c6be65d26357c0aab;2026-09-28T19:47:05.797752+00:00;false
LOC-0145;LOC-0012;WALKING;2026-08-17T07:00:00+03:00;OK;1921;33;2707;LOCAL_VALHALLA_MATRIX;f01ff41c5aac1c9fa9145376977bdd1f21bd24689e1c98d16f47067f26a950d2;b91a1ac249c343aea27fcd0ac7a3975ab1b3d1d77813d3a0f17c6ea5e3675288;2026-09-28T19:47:05.797752+00:00;false
LOC-0145;LOC-0013;WALKING;2026-08-17T07:00:00+03:00;OK;7019;117;10970;LOCAL_VALHALLA_MATRIX;9b4aa864c815c8adf0421fd7cad6f7b5ee3c6d8dbb2e80c738f917054680ed49;8f0b69a81cb26c0bd60ad3d7aff3ecb083d37abd0662ab1e7fbe88f2cbb03e35;2026-09-28T19:47:05.797752+00:00;false
LOC-0145;LOC-0016;WALKING;2026-08-17T07:00:00+03:00;OK;7300;122;10204;LOCAL_VALHALLA_MATRIX;7011928e8ce90534620a503496ad358268048f61880dc0ca416e429d3ab2b820;aedaa91d065f2f2322a5b19491d4af867735d55d5e83ffa460a4ca4a9e63a460;2026-09-28T19:47:05.797752+00:00;false
LOC-0145;LOC-0017;WALKING;2026-08-17T07:00:00+03:00;OK;4287;72;5984;LOCAL_VALHALLA_MATRIX;8eaa831db49ee77405167d76918b58fa2cb5382a2c2574fce97bdaf1219c5ee1;966b637ff7efaac28c0eebece3177ecf4dd653d57670f6ed9543c6254ce9a1b1;2026-09-28T19:47:05.797752+00:00;false
LOC-0145;LOC-0018;WALKING;2026-08-17T07:00:00+03:00;OK;3783;64;5307;LOCAL_VALHALLA_MATRIX;795097999a73ce2e775d30e0f52861ef2367c31ab29e4c6b9fe8f633da165c49;d0616b4c07338ee4fd32e238362ddcb6f1d03f13898c105d95f4b58b36173f0c;2026-09-28T19:47:05.797752+00:00;false
LOC-0145;LOC-0019;WALKING;2026-08-17T07:00:00+03:00;OK;1708;29;2399;LOCAL_VALHALLA_MATRIX;001dd4af4b317540dc67440415cef5b34cd58ddc68adf030137e80de0a50b9fd;f70fc2bbba785bfe0d92803c49f9c27867038df59aa0bedda0c5332e73683562;2026-09-28T19:47:05.797752+00:00;false
LOC-0145;LOC-0020;WALKING;2026-08-17T07:00:00+03:00;OK;330;6;468;LOCAL_VALHALLA_MATRIX;2368e74b5ce9b07270c04d4c52eeab9ae49506a806048e54d254e80615179df3;7f5f8ae6650cf9e98009d7ae82cf7deb37547abca3c990dd3de466960cdc486a;2026-09-28T19:47:05.797752+00:00;false
LOC-0145;LOC-0023;WALKING;2026-08-17T07:00:00+03:00;OK;2959;50;4147;LOCAL_VALHALLA_MATRIX;2c8575acb28ecea8f115f7b566fcfaea87c1c4facb538af9570066d3af1987be;a4f25d7f82df8dbb368d555c2715afbe48289da2c705e58d1268f4cc2a2afa32;2026-09-28T19:47:05.797752+00:00;false
LOC-0145;LOC-0027;WALKING;2026-08-17T07:00:00+03:00;OK;3680;62;5132;LOCAL_VALHALLA_MATRIX;24dff3227bec16a6119aff8ac80293c254b40dd460e4007590fb8ad949a0d898;7e96986034739dea91fb7b9f6fd3dea5444d456990de76199cf3d2a74c3cb663;2026-09-28T19:47:05.797752+00:00;false
LOC-0145;LOC-0028;WALKING;2026-08-17T07:00:00+03:00;OK;6273;105;8763;LOCAL_VALHALLA_MATRIX;4d1601bd6e68710d1ed12e6c2d52d883baf1998d7ddc3a2153e1c3d0b6e22ce2;465afe1a9e3752ea82f2c4f7a68de3a14d0d9b93e73bec89536bd3f48faa8c4b;2026-09-28T19:47:05.797752+00:00;false
LOC-0145;LOC-0029;WALKING;2026-08-17T07:00:00+03:00;OK;6155;103;8596;LOCAL_VALHALLA_MATRIX;f73f739337c8f5e85508336af1cc3351901587f8ffffa722d5c1917cabc7ae6a;c73b5a72e6113398fa8a80f09c04bf355cce9c681aa51416fa4979ae97f4449f;2026-09-28T19:47:05.797752+00:00;false
LOC-0145;LOC-0037;WALKING;2026-08-17T07:00:00+03:00;OK;5157;86;7250;LOCAL_VALHALLA_MATRIX;04f26ee158268cfcd5cd6c00d1ce8c4419c69413c2d3d1556ac3e80655a40d32;5062d181810ce3e79f7e05c0a18f2e53ca906275d3afb00dc469b2f509818b3c;2026-09-28T19:47:05.797752+00:00;false
LOC-0145;LOC-0045;WALKING;2026-08-17T07:00:00+03:00;OK;5349;90;7480;LOCAL_VALHALLA_MATRIX;dc26e235da52c19be4a7489eafd056a64753bfc68a3e26420c987f15ba7501f6;0e5abfe67857ee68cd167fc197d9bf5a26cb05a7cac4d2152fe185eed807f126;2026-09-28T19:47:05.797752+00:00;false
LOC-0145;LOC-0053;WALKING;2026-08-17T07:00:00+03:00;OK;6958;116;9707;LOCAL_VALHALLA_MATRIX;9a26d1750ad242b6227181792b468e061ef7feacc594e22de9cc156e80db7006;54d18c8bd3e8bcf5e446943264122da3c7d4c44992cd9db1e2d18aea46e2ff2a;2026-09-28T19:47:05.797752+00:00;false
LOC-0145;LOC-0054;WALKING;2026-08-17T07:00:00+03:00;OK;4882;82;6862;LOCAL_VALHALLA_MATRIX;26f1f7deed3b11295a8b7e367898f3aa3bc2a8ad4bec6d5c9ae7db192eb404d7;473df841dcadb8279659803333c0f76ad238d8717e15cc8aa68f83c4b6f3923f;2026-09-28T19:47:05.797752+00:00;false
LOC-0145;LOC-0061;WALKING;2026-08-17T07:00:00+03:00;OK;2269;38;3199;LOCAL_VALHALLA_MATRIX;ac9403aa669efaad6c9db0c138d76aa22a8ef490ef13435309f007bbb05622d4;05ee3ccb6d7873fff6e3e91824ac9d71e1738d275c73e7163e7b4f6995a32c1c;2026-09-28T19:47:05.797752+00:00;false
LOC-0145;LOC-0063;WALKING;2026-08-17T07:00:00+03:00;OK;7118;119;9924;LOCAL_VALHALLA_MATRIX;65b349771483eae39b37e0cc79a6461054cb9d14609ac282c00f2d5a80b89b3d;e9f0a16a5960687eb3d7183b6f977067fee3b3c890127bb9ec1b1c9304c31bf0;2026-09-28T19:47:05.797752+00:00;false
LOC-0145;LOC-0064;WALKING;2026-08-17T07:00:00+03:00;OK;6647;111;9282;LOCAL_VALHALLA_MATRIX;da6d8ad588a4f7f3cea2b5ba03737447e99b5e88c62971a50309b1fae658f2fe;ef659f60af5cb2f44f4c527b44aae3c7a42ef186d9d6e2f96e031abf255d85d7;2026-09-28T19:47:05.797752+00:00;false
LOC-0145;LOC-0074;WALKING;2026-08-17T07:00:00+03:00;OK;3394;57;4741;LOCAL_VALHALLA_MATRIX;be84dda9e6cbce7885a67c67233e9b368f384245a356cb1fe0bba53ae97e028b;2719632c5a163dcb052ec2a7a4598499e2c0a07ef2a13c4ed5cad1c7fb8a63b9;2026-09-28T19:47:05.797752+00:00;false
LOC-0145;LOC-0075;WALKING;2026-08-17T07:00:00+03:00;OK;3658;61;5117;LOCAL_VALHALLA_MATRIX;10ec4fb7dcf05addf5ed4b9e3de7d04299d59c2e802f26c9131aec03d2a11bf2;3e78c71ed96c2301b5206323d6b20a4c0a77ec58f5293ec36f2fefcfde3af510;2026-09-28T19:47:05.797752+00:00;false
LOC-0145;LOC-0076;WALKING;2026-08-17T07:00:00+03:00;OK;7514;126;10507;LOCAL_VALHALLA_MATRIX;6dcd4f46d84bbe53acf907ea9af54cccca7085a7dd948018bf2692b1ba672884;a23639772f39a86650db08c41c95b9492fcf0d6dc84a2ba0b291e03fdeda9286;2026-09-28T19:47:05.797752+00:00;false
LOC-0145;LOC-0078;WALKING;2026-08-17T07:00:00+03:00;OK;5901;99;8232;LOCAL_VALHALLA_MATRIX;5b0158bc91707ee55991c8f68148ede75321f9a698cc2cfad3a39e068c88d6b2;3b42a9ec2b6f0eeebbf56eddb55c9566a0372008aa13166c04be9264e027177d;2026-09-28T19:47:05.797752+00:00;false
LOC-0145;LOC-0080;WALKING;2026-08-17T07:00:00+03:00;OK;3312;56;4628;LOCAL_VALHALLA_MATRIX;d6c307d6ec40e15a8a9aeb3277232daa417c089f41140b32cad7de6c5d827365;bb4f62b76009ef16ba6704d3ce32d2b42c7d1ad0902b15f7422fbd6699ab5a1d;2026-09-28T19:47:05.797752+00:00;false
LOC-0145;LOC-0082;WALKING;2026-08-17T07:00:00+03:00;OK;6725;113;9375;LOCAL_VALHALLA_MATRIX;a25f81b71c2e050333948dda6681f16358077700b9be9cba84ea867a4ed0fd3c;ad36cd398cef1812e9c0a58eac7fdbfeeab3bdb816aaf809392ca94c297bbb26;2026-09-28T19:47:05.797752+00:00;false
LOC-0145;LOC-0085;WALKING;2026-08-17T07:00:00+03:00;OK;7374;123;11461;LOCAL_VALHALLA_MATRIX;7b3a6ea6a312a97c32c61921ede8ff165e35494948db828fa23ab691f1fd639a;6dae26a8230096fbd496f3c025bad228d0b0409e0da66fff5cb5c7a57a64f726;2026-09-28T19:47:05.797752+00:00;false
LOC-0145;LOC-0086;WALKING;2026-08-17T07:00:00+03:00;OK;7714;129;11930;LOCAL_VALHALLA_MATRIX;b36cb451135149643cfb80bc925617e9f35814bd0c7bb788d2e91263547e9d56;721bd3ac26683ba7a8282a4af16208b063656f6cf5d5000d7cc98e10793a0bcd;2026-09-28T19:47:05.797752+00:00;false
LOC-0145;LOC-0091;WALKING;2026-08-17T07:00:00+03:00;OK;1207;21;1696;LOCAL_VALHALLA_MATRIX;5632673239d7b3c0ea650a669216d7e9964ddb2c58f02dd4f18b3c37f3b91b9f;f7ea9508874c9b28300b62ac01eb8bd481cb34a35e78edf1c56827b750d28af1;2026-09-28T19:47:05.797752+00:00;false
LOC-0145;LOC-0092;WALKING;2026-08-17T07:00:00+03:00;OK;920;16;1293;LOCAL_VALHALLA_MATRIX;565c1b2a3e65b84bd80a78512fe26fa4f93b992e521c5656835b210f7ed196cb;2ea1b001c45b1c7bace5b32d3d1a8f4f1abc3745575be51c1b30188c1c3bc03f;2026-09-28T19:47:05.797752+00:00;false
LOC-0145;LOC-0093;WALKING;2026-08-17T07:00:00+03:00;OK;1110;19;1562;LOCAL_VALHALLA_MATRIX;f8e0853d39d248a36961826e75924131f5889d42305e55fc62aafa80292c8b85;440155b0972461a0a994069582f9483fcaff39e5d6e449b97129b6a3ff535aeb;2026-09-28T19:47:05.797752+00:00;false
LOC-0145;LOC-0094;WALKING;2026-08-17T07:00:00+03:00;OK;8203;137;15820;LOCAL_VALHALLA_MATRIX;134b3d407fbf33fe213a4d783d9b6c1b1f2e44d1a775cafc8c0263be92610091;d0c436e0399b5759694118764a5b5124cc9736be3ba0f8cf55d9ac41dff88123;2026-09-28T19:47:05.797752+00:00;false
LOC-0145;LOC-0095;WALKING;2026-08-17T07:00:00+03:00;OK;7920;132;15421;LOCAL_VALHALLA_MATRIX;64b425260d39e826d19169b71aacabf1dbd2e189e5da22ccc60b2a69940ceced;f9b0ea08bbff4ee4388ba943530f1ca72beb1918501230edf0d8575a6fb959b2;2026-09-28T19:47:05.797752+00:00;false
LOC-0145;LOC-0102;WALKING;2026-08-17T07:00:00+03:00;OK;6802;114;9483;LOCAL_VALHALLA_MATRIX;6c991beb0a45655b4bb748504ae9c8188c79ddb5d09f91dd25d93557fc523fb5;034859f919d1684b2fd7792042cead62aa3f466ae5591cc44e2b6aabf35b9244;2026-09-28T19:47:05.797752+00:00;false
LOC-0145;LOC-0112;WALKING;2026-08-17T07:00:00+03:00;OK;1900;32;2655;LOCAL_VALHALLA_MATRIX;15abbfae6ee112eb90c924656787638fd1e37f48912ff70c884ed3f05a77d4e2;41bbbf2b19612da0b8f5bebb7260e464cd39e6f203684cb41a7dc8995d0860ca;2026-09-28T19:47:05.797752+00:00;false
LOC-0145;LOC-0124;WALKING;2026-08-17T07:00:00+03:00;OK;8871;148;20504;LOCAL_VALHALLA_MATRIX;66f2ed6eba0305c7f4c8800f606f6a2eff362e12ea297b155da29fce1b22e7c3;c531c0aaf3497059f1b43fc5dd3752a8f42bf4ddeae7de0a7cbc5815334c547d;2026-09-28T19:47:05.797752+00:00;false
LOC-0145;LOC-0125;WALKING;2026-08-17T07:00:00+03:00;OK;3572;60;5000;LOCAL_VALHALLA_MATRIX;e61511b62f14ebafc4c6790303bbed783a08f8681ec8f58038eace5d7d002099;3cd18292afc560e35ff2b9294c9a292b4957336dde96d40b331740de0c7720c6;2026-09-28T19:47:05.797752+00:00;false
LOC-0145;LOC-0126;WALKING;2026-08-17T07:00:00+03:00;OK;2860;48;4000;LOCAL_VALHALLA_MATRIX;a7d82cfa51b5462e03422d6411fad755ad55c6320debf105cd58b2ca8e4d022d;2d70133535faf7eb322baf48ee4264e250227f9662824896c5cd7dfa57a81656;2026-09-28T19:47:05.797752+00:00;false
LOC-0145;LOC-0128;WALKING;2026-08-17T07:00:00+03:00;OK;5152;86;7234;LOCAL_VALHALLA_MATRIX;24005134ffd33715bc144df0cd1f974ee6e9932ecf262619aa4ee59613ff3e91;1f4672a675dd74fbd9d380c64c403c480cbb2656c5710647c915c6278c4e44bf;2026-09-28T19:47:05.797752+00:00;false
LOC-0145;LOC-0134;WALKING;2026-08-17T07:00:00+03:00;OK;6745;113;10581;LOCAL_VALHALLA_MATRIX;9285f85719b85c393cc3946574a03c600cc3337a50c82e72f3ff0b9c3e1ab705;d82b815731071e48fcb6b89449038056dd63242273d222ba35a26890c3507bb6;2026-09-28T19:47:05.797752+00:00;false
LOC-0145;LOC-0135;WALKING;2026-08-17T07:00:00+03:00;OK;6735;113;10567;LOCAL_VALHALLA_MATRIX;05f6e82bb1b7e401b210fcba1778b78dabbafad57a130b6d07c1eba6cd48f047;ae12c4e0b4fe70ac7145539ac55ae330bcce1286abd2eafafe89608d6e059cfe;2026-09-28T19:47:05.797752+00:00;false
LOC-0145;LOC-0136;WALKING;2026-08-17T07:00:00+03:00;OK;7144;120;11134;LOCAL_VALHALLA_MATRIX;d1bfdd9de2f19b52f073a7fa82ffa373598362eea0263770142c24e2346385b5;e3b836be64559b76e3323bd6eef653bbbdf37f732597d539d60b3e153d921ed1;2026-09-28T19:47:05.797752+00:00;false
LOC-0145;LOC-0140;WALKING;2026-08-17T07:00:00+03:00;OK;7324;123;10240;LOCAL_VALHALLA_MATRIX;468d3a2392db5f8a4fd012a6e1b81fe2f07c754a66ea3ea34514f77cadad3708;16a0753039b45523705ef4ee3828f569f185dc1d63486e41817bdb37dd81d9ad;2026-09-28T19:47:05.797752+00:00;false
LOC-0145;LOC-0141;WALKING;2026-08-17T07:00:00+03:00;OK;7125;119;9997;LOCAL_VALHALLA_MATRIX;f75fa7b4ec7d1c41268040c1e84697d96dbb5a8624be2d33cc71af2c0b390f57;37f8478abc542b2299dcf92c3fccb7df34982db988d88f8e8c6c437e53b39616;2026-09-28T19:47:05.797752+00:00;false
LOC-0145;LOC-0142;WALKING;2026-08-17T07:00:00+03:00;OK;7206;121;10070;LOCAL_VALHALLA_MATRIX;2543d638b8f6515d42d2317c58a5ad567fe58f025e22420b0e6d2245066e1278;d3452fcbe326bfa9636683109f06b652f642d9efcd2aedf4afb677c11689262e;2026-09-28T19:47:05.797752+00:00;false
LOC-0145;LOC-0145;WALKING;2026-08-17T07:00:00+03:00;OK;0;0;0;LOCAL_VALHALLA_MATRIX;bca9e570ed48b4667fb73a1dbadec9b07e5f174b3d2e1b5a1a06959c739555b1;3d5812abc84c11768aa73a732c85d75dbed439188f5bb3239e9b762ea31d9862;2026-09-28T19:47:05.797752+00:00;false
LOC-0145;LOC-0148;WALKING;2026-08-17T07:00:00+03:00;OK;3810;64;5339;LOCAL_VALHALLA_MATRIX;402813b84bf7da4bc6b4146295893637898ad13a70fb6ce1217c92942d9a1e54;4200bf5d26e203b28b1ef2b93a48790b477029863de4821603d11d81f0bbc432;2026-09-28T19:47:05.797752+00:00;false
LOC-0145;LOC-0149;WALKING;2026-08-17T07:00:00+03:00;OK;3712;62;5192;LOCAL_VALHALLA_MATRIX;4691ca9a196933275229dca5c49e5aba45316eeb60b00e3e969bf19868a3c229;26f45fc599646a78a483203ae3154aee2aa5c4c5c25204b372803db21efeb201;2026-09-28T19:47:05.797752+00:00;false
LOC-0145;LOC-0150;WALKING;2026-08-17T07:00:00+03:00;OK;3611;61;5032;LOCAL_VALHALLA_MATRIX;d4947b2005e5619077916902b736216e84371901eba81a9fe0a896b7e8df8faa;45e6e3345cc3c8c52261bf4a81845ea805badb4d947413cee5fddb680977b174;2026-09-28T19:47:05.797752+00:00;false
LOC-0145;LOC-0151;WALKING;2026-08-17T07:00:00+03:00;OK;4273;72;5971;LOCAL_VALHALLA_MATRIX;52b21f514489bda8f748440f9a91cf778915bcf1e8d14deda57c8ddc9d580211;4a4f303fce20cb7bbb69926a42a2c681c7c55e1ff5c7c34713c8aea06b871e5a;2026-09-28T19:47:05.797752+00:00;false
LOC-0145;LOC-0152;WALKING;2026-08-17T07:00:00+03:00;OK;4275;72;5976;LOCAL_VALHALLA_MATRIX;92ff301e266cbde3ba6a06a76fcdfc8750c559b90bc7e83c7cf64beb4e2afd9d;e8256c07c7de88c891b6867dec280acc66412fa8be9f06a1733cb9df340cf31f;2026-09-28T19:47:05.797752+00:00;false
LOC-0145;LOC-0190;WALKING;2026-08-17T07:00:00+03:00;OK;2982;50;4188;LOCAL_VALHALLA_MATRIX;0b6d6069775b18bd4e8c937f96b5987aff5f88c1b74a5cb09c3aa1ef90807bf0;bc26da97eb93e5e914420c4de1a49b46205382d94025f602838a3231043100e1;2026-09-28T19:47:05.797752+00:00;false
LOC-0145;LOC-0196;WALKING;2026-08-17T07:00:00+03:00;OK;4014;67;5598;LOCAL_VALHALLA_MATRIX;94d7ab46108a401a4f3925226017806da5084b6e0289394bed3c43f57dc0f8ea;db08eea27706c8ce2f67efd6e77bfc2daaa9487629c3ad6f27e5936d220fd7c8;2026-09-28T19:47:05.797752+00:00;false
LOC-0148;LOC-0002;WALKING;2026-08-17T07:00:00+03:00;OK;4296;72;7157;LOCAL_VALHALLA_MATRIX;83f2ad74f47483c5b84feabb4443e9dda0d22c3c9c9a7c0cc465fbe4ddc41c8d;72d41f3b5289b8db3d810152534e79aaefdd437db820f4887c90701fa9aa7fcf;2026-09-28T19:47:05.797752+00:00;false
LOC-0148;LOC-0008;WALKING;2026-08-17T07:00:00+03:00;OK;4488;75;6287;LOCAL_VALHALLA_MATRIX;5031f1c7a36f04d02990f010f515c594b14c3dc28e52c543a62879c44a1960f9;b4aa651aa2d6249487644fcde30cc152933ff065e1cff94432550fce7befb8d3;2026-09-28T19:47:05.797752+00:00;false
LOC-0148;LOC-0009;WALKING;2026-08-17T07:00:00+03:00;OK;5231;88;12015;LOCAL_VALHALLA_MATRIX;901aee4bd1a5138c3ba872e58ca3ce98c7a793d33280e8fb2cdcfd770b9cc219;8ed056178d6bbecd9ec7ef7e3be180bc7975050bff1153608b56ee2ea2f0966f;2026-09-28T19:47:05.797752+00:00;false
LOC-0148;LOC-0010;WALKING;2026-08-17T07:00:00+03:00;OK;4707;79;6599;LOCAL_VALHALLA_MATRIX;ab35b6e3aa20b2ee463317c6f441e3f4eeea9dc9e4f0fd15e5a4bffdb62be44f;bf2556f895d4e19ef868c6eaf250b8c7d98b787f7cd6126e010dd79f8c27587d;2026-09-28T19:47:05.797752+00:00;false
LOC-0148;LOC-0011;WALKING;2026-08-17T07:00:00+03:00;OK;4225;71;5911;LOCAL_VALHALLA_MATRIX;bde96f54aff56cf6b1e729723f5694a2e0c54f3fbf6c5a29e3c0bf2bae7f5cb3;a725b811ed4e3f53766bb0f73a89d432dd86b011a9f5e4d914b0eafdb3e79583;2026-09-28T19:47:05.797752+00:00;false
LOC-0148;LOC-0012;WALKING;2026-08-17T07:00:00+03:00;OK;4122;69;5781;LOCAL_VALHALLA_MATRIX;9eee668ce9ec04668bf579403039cf90f3ea9ccc6bba9772739fa86ca1b4b590;1284bd91533beca335b90328dbb2b1012342b9b25fbbde9e682c0047ae951a13;2026-09-28T19:47:05.797752+00:00;false
LOC-0148;LOC-0013;WALKING;2026-08-17T07:00:00+03:00;OK;4798;80;7874;LOCAL_VALHALLA_MATRIX;ac9a5a31f2d38e31318fd29ef8e31c55a82676af77e369312e708ad9f4e19698;799685abdc0ee561907928c4772dd044a1b7cdd9bd6d1e784389742cad3ca461;2026-09-28T19:47:05.797752+00:00;false
LOC-0148;LOC-0016;WALKING;2026-08-17T07:00:00+03:00;OK;4615;77;6477;LOCAL_VALHALLA_MATRIX;c68145086f9b8c6568adff035f75e358c48c441a0e2336ba5587756ae1a05ed3;92b59d75b377d17ee845e0e28a7fa8e564c14c2185e7bbbcbf1fb40fe18354b7;2026-09-28T19:47:05.797752+00:00;false
LOC-0148;LOC-0017;WALKING;2026-08-17T07:00:00+03:00;OK;841;15;1184;LOCAL_VALHALLA_MATRIX;8ccce32b984220371a81de010735a40f91dfe663cf6a5580ccb3da14508c517e;0d143ed2f0988fdd1df407f08f02a567833308e3d02285f53b0412a325dd04b9;2026-09-28T19:47:05.797752+00:00;false
LOC-0148;LOC-0018;WALKING;2026-08-17T07:00:00+03:00;OK;784;14;1088;LOCAL_VALHALLA_MATRIX;a230d34626ef3ba423340a90a25cfe252f8ba6b16d35c82e2e1c78db3c6fa01b;f0d98fd589100dc63927c8c67284aec38ce54e9f3ca4910ccd6433676e2aeb1e;2026-09-28T19:47:05.797752+00:00;false
LOC-0148;LOC-0019;WALKING;2026-08-17T07:00:00+03:00;OK;4979;83;6998;LOCAL_VALHALLA_MATRIX;2037dcb2ea7b3bb0b97d67f12f80d77b5208d0a2a6ab45821c154a7727e34432;daf7ffab9ce33fd8f61499a2bb51865190d49b416acc57458e83d2b4243d16cd;2026-09-28T19:47:05.797752+00:00;false
LOC-0148;LOC-0020;WALKING;2026-08-17T07:00:00+03:00;OK;4142;70;5808;LOCAL_VALHALLA_MATRIX;a586571db3bfb04d9a28aa01960d372cd23c82b12c03b48d5984ef72a819303d;1f0e6b1636bf35b28a3a2df7a644c54732a0b40bf5d9ae292157bfbf3eb496b1;2026-09-28T19:47:05.797752+00:00;false
LOC-0148;LOC-0023;WALKING;2026-08-17T07:00:00+03:00;OK;1917;32;2693;LOCAL_VALHALLA_MATRIX;45664a5984e303b199092e071f2056ec0f7bfb881f50c83777bc151173d31d68;e5a5458641ba35dde39fa5d4c0a7407296c59658517fd42d9e6fed04a0be57bf;2026-09-28T19:47:05.797752+00:00;false
LOC-0148;LOC-0027;WALKING;2026-08-17T07:00:00+03:00;OK;1199;20;1693;LOCAL_VALHALLA_MATRIX;84bb956237f3d73779ed9234e601ab3ca7517af565431cb2b6db2573037252eb;036e187779eed5d59174315e19ce378c54f3d0bb03bd5b145f2f856224b5278c;2026-09-28T19:47:05.797752+00:00;false
LOC-0148;LOC-0028;WALKING;2026-08-17T07:00:00+03:00;OK;3588;60;5036;LOCAL_VALHALLA_MATRIX;10b7aa3ec8765449f67221c3d75f119e4e29620ff38800d9921d3b90280dc35e;51e3e3b2732c221297085b1abd0ca5f2569ff6d3314f78503acd645a0dbaf064;2026-09-28T19:47:05.797752+00:00;false
LOC-0148;LOC-0029;WALKING;2026-08-17T07:00:00+03:00;OK;3471;58;4869;LOCAL_VALHALLA_MATRIX;f520ee72218a2fe4f8fa21e437532840bbf5d52b6db7aaa2f2b15138e4c0187b;dd846d8daa79595068ed1144b49c461c55e01e32cceb2365327bb59aced7c238;2026-09-28T19:47:05.797752+00:00;false
LOC-0148;LOC-0037;WALKING;2026-08-17T07:00:00+03:00;OK;5143;86;7201;LOCAL_VALHALLA_MATRIX;fe17893f53541c7bd7c260a2f38e47447548cdc0c608ddf2b4e62a392b0c8902;2098705f1d20ee60473a29d2dcdf0dc58afff0770efef0130f774eefba6a46f8;2026-09-28T19:47:05.797752+00:00;false
LOC-0148;LOC-0045;WALKING;2026-08-17T07:00:00+03:00;OK;2470;42;3397;LOCAL_VALHALLA_MATRIX;40a1bca30e641a97d022b624e050630dc17ff7893fc672c9eae1b8b0bfc8fd65;9b4a9af756d22d41463753290c52df1f2a3b181b50c8b21a645a951a7d08d024;2026-09-28T19:47:05.797752+00:00;false
LOC-0148;LOC-0053;WALKING;2026-08-17T07:00:00+03:00;OK;4273;72;5980;LOCAL_VALHALLA_MATRIX;e5479902e6288794e17f3040991e730748f78f0b19664510fdba6e60e4d09b6d;90091f4ae90a1986d5fdb403fcc5b8aef986fe01f035a64fcae3f79b3c311a46;2026-09-28T19:47:05.797752+00:00;false
LOC-0148;LOC-0054;WALKING;2026-08-17T07:00:00+03:00;OK;4824;81;6746;LOCAL_VALHALLA_MATRIX;835215894103920212395a74213ab70d3465f8cc277acdf873cb7e77c3ba80b6;121c69d0f8c8f6440ce099d55e3b6f5042144599d9184c26fa4bb8208db3137b;2026-09-28T19:47:05.797752+00:00;false
LOC-0148;LOC-0061;WALKING;2026-08-17T07:00:00+03:00;OK;3870;65;5371;LOCAL_VALHALLA_MATRIX;e2f60a4d96a7ffb2fad8b54dbff497c00f588050919cd864c2f4cab1c0099b71;0df6516608d5cc5cf2d8bb8b28f230c63e96db4783a7fa721ea3b1a380431535;2026-09-28T19:47:05.797752+00:00;false
LOC-0148;LOC-0063;WALKING;2026-08-17T07:00:00+03:00;OK;4370;73;6097;LOCAL_VALHALLA_MATRIX;d1eac87b54c4506a217d126e6001b2e75c19e766faa46fe16bc23a2546e728ab;4d0827ecb56bfeb8e87291768d60b89593f8b65f66da5e8acd5c66b8fd86dcd6;2026-09-28T19:47:05.797752+00:00;false
LOC-0148;LOC-0064;WALKING;2026-08-17T07:00:00+03:00;OK;3888;65;5426;LOCAL_VALHALLA_MATRIX;88e721c96ef743db03341154a8c4867de7945a444b3729a0272209a1ab227a4d;9473815cca32a855596a7e8d2545bdd230632391d53a2901d0115971f08dbd66;2026-09-28T19:47:05.797752+00:00;false
LOC-0148;LOC-0074;WALKING;2026-08-17T07:00:00+03:00;OK;633;11;890;LOCAL_VALHALLA_MATRIX;ce82c301165b55196ebbb6eeaa126a95ccf32d18c9121493a87b340a74e2222f;7e146922ad4aee8ebd2d969036b0fd825b16c7120d451d72232363b726b6a491;2026-09-28T19:47:05.797752+00:00;false
LOC-0148;LOC-0075;WALKING;2026-08-17T07:00:00+03:00;OK;154;3;219;LOCAL_VALHALLA_MATRIX;4af715a433a7e26c3b3871079556c9396b05be98cb030006a957ca666404d9bb;86e5d2c81b6f2064836c714f4d9fac6b930d78e46c722501d6a8803f7239cb0d;2026-09-28T19:47:05.797752+00:00;false
LOC-0148;LOC-0076;WALKING;2026-08-17T07:00:00+03:00;OK;5935;99;14467;LOCAL_VALHALLA_MATRIX;b45c94c0704e81ad3e4c19e0727f18cb354f00c35942b10013cdfe84d58e6a70;c669bb99f9c21f379c447dbb03b90b34548b9d449ee8ce3361b78c759b09b098;2026-09-28T19:47:05.797752+00:00;false
LOC-0148;LOC-0078;WALKING;2026-08-17T07:00:00+03:00;OK;3153;53;4405;LOCAL_VALHALLA_MATRIX;0214e46f9e5a3ebbeb0bb0b3d295fe85f14684c0ec9a3a0dfe7f7df5c05ffef6;b8cea421975698049de3fc4af951f95add1f0728d052001f72abee089a61c2cd;2026-09-28T19:47:05.797752+00:00;false
LOC-0148;LOC-0080;WALKING;2026-08-17T07:00:00+03:00;OK;575;10;815;LOCAL_VALHALLA_MATRIX;56bb8852a45528e538d74d9e61b40200665b4ff9d537c1f01152f2c9d2734d6a;b3989bdc0ccb40355aaa82fcab30183b5bef9b5ca0b0ae310c660aa188cda338;2026-09-28T19:47:05.797752+00:00;false
LOC-0148;LOC-0082;WALKING;2026-08-17T07:00:00+03:00;OK;3977;67;5548;LOCAL_VALHALLA_MATRIX;8f06c62a06b26f3ad15c31db85fca02eaeb3804236e14f3aa5dc7d0487756dd3;d26dd62bb1011e8147c577fec23331bf7aac111f018b6eef17b860ddf7ae9c79;2026-09-28T19:47:05.797752+00:00;false
LOC-0148;LOC-0085;WALKING;2026-08-17T07:00:00+03:00;OK;5153;86;8365;LOCAL_VALHALLA_MATRIX;5ecde11ec81351cc00301452cbde721e596dd5674bf6dd73a0eab19bd679c6cd;57e0d6623959bfacce49d4de2711c87e0500082c1e1be765dcd00bad3e617428;2026-09-28T19:47:05.797752+00:00;false
LOC-0148;LOC-0086;WALKING;2026-08-17T07:00:00+03:00;OK;5232;88;8473;LOCAL_VALHALLA_MATRIX;d86d241be0bd2b9bd00778adca539c821a2cc2eeec4b5482fc9747e5e3af0f80;0c77176ca5c2fa78ba64919e10ab4dff68fb743f3fb4c7886215830740a75d52;2026-09-28T19:47:05.797752+00:00;false
LOC-0148;LOC-0091;WALKING;2026-08-17T07:00:00+03:00;OK;4203;71;5850;LOCAL_VALHALLA_MATRIX;b4ce7838bf5d24ac60243b6e73126e296e0ac24faf1381951413eb1a01b4dfce;bf1f0bb12880a53771adbd203809d8d9581262b7c40805d405f475d592729303;2026-09-28T19:47:05.797752+00:00;false
LOC-0148;LOC-0092;WALKING;2026-08-17T07:00:00+03:00;OK;3555;60;4987;LOCAL_VALHALLA_MATRIX;4396ca488f283cdafec42c4be5c2a787ef259449184e12b14d066114e7d2156b;fefd4d30908d5b03f79b9e3322917be8c2ee0ae70c697b3079fbaf9068dbbc0d;2026-09-28T19:47:05.797752+00:00;false
LOC-0148;LOC-0093;WALKING;2026-08-17T07:00:00+03:00;OK;3489;59;4881;LOCAL_VALHALLA_MATRIX;bf7be17f290a65bf6eb67d7a011ba7fbc18a6e9f71ad0c74ec413ca539c3a1d3;6041b38e159e3eeed5543920889aecb7d3ceea935a0cf6431590f06d7c76ee1a;2026-09-28T19:47:05.797752+00:00;false
LOC-0148;LOC-0094;WALKING;2026-08-17T07:00:00+03:00;OK;5982;100;12724;LOCAL_VALHALLA_MATRIX;0e97fc9b05345395e04297393c7807ba0a244361e40c0967c2e545be1fe3bb9b;16a0fe0c2d21e139eeeac2b5c1ae4c78d5d9ce80091ff78ebd83320ef2449d4e;2026-09-28T19:47:05.797752+00:00;false
LOC-0148;LOC-0095;WALKING;2026-08-17T07:00:00+03:00;OK;5699;95;12325;LOCAL_VALHALLA_MATRIX;3be43292bd1f1298f4627c239413512b82e301864f75845c352e6183ce54a9ea;8d2ff05c3c062cf7adfbca87542f4ae9c7fdae8945bbdf21ff8f7d504dcf681f;2026-09-28T19:47:05.797752+00:00;false
LOC-0148;LOC-0102;WALKING;2026-08-17T07:00:00+03:00;OK;4054;68;5656;LOCAL_VALHALLA_MATRIX;1c949cb200dabc489dcb300b43b6c434356fd279bd0c14e228bd8be15666d8e9;cc168604fbe7b7b96e6d7f1dc6816551749e15e32a06a9e106cc8d16a35a77f1;2026-09-28T19:47:05.797752+00:00;false
LOC-0148;LOC-0112;WALKING;2026-08-17T07:00:00+03:00;OK;2258;38;3162;LOCAL_VALHALLA_MATRIX;6defbf1a8d663b11b39b6d500ca62d62ea5aa8aa999a6fcfcb38cf436a979632;b9bb8f2d6ed7b4856fa5c0a18741b20687d9bdb663e1890881e0a282cb852685;2026-09-28T19:47:05.797752+00:00;false
LOC-0148;LOC-0124;WALKING;2026-08-17T07:00:00+03:00;OK;4947;83;6936;LOCAL_VALHALLA_MATRIX;44a478f381438a9099565cb0b841af5027e4bbc934bcbb9f338ebb86d9c0c2ef;b1da8d56cdbcb340aa5011b487daf4737b28b9eb58fda564bb0015e269a738ef;2026-09-28T19:47:05.797752+00:00;false
LOC-0148;LOC-0125;WALKING;2026-08-17T07:00:00+03:00;OK;1251;21;1767;LOCAL_VALHALLA_MATRIX;6fdf11610f320ec6d8ac46b6a8648bae4075cf39e46f4a63efdba572bb383d2c;b460be8fe092955c48b5c61c90ed17c1ef4a402cf028d251d8f7e50c4232382c;2026-09-28T19:47:05.797752+00:00;false
LOC-0148;LOC-0126;WALKING;2026-08-17T07:00:00+03:00;OK;1891;32;2638;LOCAL_VALHALLA_MATRIX;16abbc81588dfbb2512505de027bdc61af043e3f1ffa76eb2d4e35b2e35f08c5;c7309fa842028305b2115cdd16f0a424544e658963782d6f6bc119dc3e299712;2026-09-28T19:47:05.797752+00:00;false
LOC-0148;LOC-0128;WALKING;2026-08-17T07:00:00+03:00;OK;4807;81;6722;LOCAL_VALHALLA_MATRIX;55ca538e5321b9ad0d744474358bc009f38d0f0435fe6090d36514e6eb9907cf;2555d78758d948662785224782bc5d9dac8574ea4bb846b01633b8de251c70ec;2026-09-28T19:47:05.797752+00:00;false
LOC-0148;LOC-0134;WALKING;2026-08-17T07:00:00+03:00;OK;4518;76;7478;LOCAL_VALHALLA_MATRIX;e00bbc6428c368a07c2fb914112138360f32eb9f652c4fc74effe4fca8bb0872;f625498741109c87da91883b3ecaad8ebca4869e865ba2823878ef87285a62db;2026-09-28T19:47:05.797752+00:00;false
LOC-0148;LOC-0135;WALKING;2026-08-17T07:00:00+03:00;OK;4508;76;7464;LOCAL_VALHALLA_MATRIX;48ff5ffd5af937512ef440cd91cd9234a693a971e4a9274df56387ed0d2c44f3;dbb04739b9d44839f387c9f02c360d8996a9ba03ed709aaadf8cf96ba022adf0;2026-09-28T19:47:05.797752+00:00;false
LOC-0148;LOC-0136;WALKING;2026-08-17T07:00:00+03:00;OK;4923;83;8038;LOCAL_VALHALLA_MATRIX;e30ef3d4ea54e8b94d7f669b28568d78d160a4761c127c1f44afca2febc4b2f3;d04c4ffd97b444d26fe98912c9c05fe4d5b3c3641a6209f1d8570ce21507213a;2026-09-28T19:47:05.797752+00:00;false
LOC-0148;LOC-0140;WALKING;2026-08-17T07:00:00+03:00;OK;4639;78;6513;LOCAL_VALHALLA_MATRIX;46b217c76bc6c21efd37e7c4bfb0ad5b18cb7d070d0d138e767b857fdce1a5a6;07c96b4241314f6d16f6304479caa51b9ec9d322255473f205f73fdf2929aa2b;2026-09-28T19:47:05.797752+00:00;false
LOC-0148;LOC-0141;WALKING;2026-08-17T07:00:00+03:00;OK;3519;59;4946;LOCAL_VALHALLA_MATRIX;4bfe1680f51ff6f120840241ce000c2c7fe68346cec1f6a22cdfd6eec74415e7;54eb09d1bdb058fba04fb5846b49e18387a406de01f9876a8d2e8b25ceaeb320;2026-09-28T19:47:05.797752+00:00;false
LOC-0148;LOC-0142;WALKING;2026-08-17T07:00:00+03:00;OK;3600;60;5019;LOCAL_VALHALLA_MATRIX;14cb81665cab0ba85b3850ec0256d6b2f063866232d1de41a527e40ee19a4ea2;e24724ec1e92a85114bdc3c24f3f8266bca3d914ef6ea186e9bebef332d973f4;2026-09-28T19:47:05.797752+00:00;false
LOC-0148;LOC-0145;WALKING;2026-08-17T07:00:00+03:00;OK;3811;64;5339;LOCAL_VALHALLA_MATRIX;2382ed443d52eaadfb996f853486b0c68daf4e3b512cd0d45b40de0ccb9503a9;34184f53bca1af955a07c3a8a92cb0147a7f1bcce54f44fcf4a89c77a248280e;2026-09-28T19:47:05.797752+00:00;false
LOC-0148;LOC-0148;WALKING;2026-08-17T07:00:00+03:00;OK;0;0;0;LOCAL_VALHALLA_MATRIX;1c30b81fa51c3c314d0a807a9fe8ad85685ccca428d3479e2073c927886ebfa6;3d5812abc84c11768aa73a732c85d75dbed439188f5bb3239e9b762ea31d9862;2026-09-28T19:47:05.797752+00:00;false
LOC-0148;LOC-0149;WALKING;2026-08-17T07:00:00+03:00;OK;307;6;429;LOCAL_VALHALLA_MATRIX;ee75b1f98cabec2e68c47d2482e4ffeaf7d07216e0d3c9be29ab321fb6e65e6a;a88589b25279b892f21688b7c559c00cddaa9c83b4aa7e43d7fe8136eb17a358;2026-09-28T19:47:05.797752+00:00;false
LOC-0148;LOC-0150;WALKING;2026-08-17T07:00:00+03:00;OK;439;8;615;LOCAL_VALHALLA_MATRIX;9cb6e15ff9ff1d6468e608375221756fd0a3e4fd55485e6f9a792d84acb5479b;ac374741cd1232bce3048a79aff3596c880f910a4e5ffc4911aff2646b4c4130;2026-09-28T19:47:05.797752+00:00;false
LOC-0148;LOC-0151;WALKING;2026-08-17T07:00:00+03:00;OK;385;7;539;LOCAL_VALHALLA_MATRIX;9c2d92e2bc382a476bdfbdf53a647ec417809a9101583ec626f4296eaa768bee;0f5c321d5d9f7661c1a5640e4ef24c06e40983822837afe4c5113f2305b6e3ab;2026-09-28T19:47:05.797752+00:00;false
LOC-0148;LOC-0152;WALKING;2026-08-17T07:00:00+03:00;OK;388;7;544;LOCAL_VALHALLA_MATRIX;7a21f716855e21a3f3d399e2efbd4dfce48e066bd63cd7478aafea821207fe31;353e8aaedcb61de3ee8d3ea4dd4bc719ae366c48d72937a971e3d16d19dfca0c;2026-09-28T19:47:05.797752+00:00;false
LOC-0148;LOC-0190;WALKING;2026-08-17T07:00:00+03:00;OK;3095;52;4338;LOCAL_VALHALLA_MATRIX;9137155d6c55ee4445cd4e1249b0679b06fa0ef0e68a1d855627444690b82f38;28368b16a084e3be9afd06f0fc3b1b097f7d7ea453e682ac0d0aed1f25e98440;2026-09-28T19:47:05.797752+00:00;false
LOC-0148;LOC-0196;WALKING;2026-08-17T07:00:00+03:00;OK;2688;45;3733;LOCAL_VALHALLA_MATRIX;504d5c459c0dcb8cc32876169d9f5fd00524a76c76343ec035e58b9f59768598;879fea10b8b1f139351e7462f5d85fa2f2101a6c3d8551ad3de4bce5bcff8b79;2026-09-28T19:47:05.797752+00:00;false
LOC-0149;LOC-0002;WALKING;2026-08-17T07:00:00+03:00;OK;4763;80;8514;LOCAL_VALHALLA_MATRIX;84ee532daa5467f767047cdb9c59464043da20451089d914d12bb1f6ad1ad685;6d1fbbc4f65576bb9f1bab2ec9136a60a35be48e6bd132ce6cbe3d765826405d;2026-09-28T19:47:05.797752+00:00;false
LOC-0149;LOC-0008;WALKING;2026-08-17T07:00:00+03:00;OK;4144;70;5813;LOCAL_VALHALLA_MATRIX;293469a338779ef97fa9da8bc4d44d7f0c3fc680f814af316dd43c71a0c27c63;b08d0a9a219d5ff4fe0cf30148379aa07d7e44885ed8ad3dcc2a02d2d73bcade;2026-09-28T19:47:05.797752+00:00;false
LOC-0149;LOC-0009;WALKING;2026-08-17T07:00:00+03:00;OK;5543;93;12454;LOCAL_VALHALLA_MATRIX;4dc85fd9d5cf4e2e1d920cc87f75b3948376711a586fa9a1c8de6e2ee72bc8af;3fc735e6d3671eb664d7fd90efdbafe7a60af627b9967ebc2da6a150a4e1ef94;2026-09-28T19:47:05.797752+00:00;false
LOC-0149;LOC-0010;WALKING;2026-08-17T07:00:00+03:00;OK;4516;76;6324;LOCAL_VALHALLA_MATRIX;aa729922da838f3cf5cbad9ce1594b7229f1394d06513136600cf69aa75e3dc6;05673ef181dd107300d49d526b1dd4210090703831a94942744cc6b83163d2ec;2026-09-28T19:47:05.797752+00:00;false
LOC-0149;LOC-0011;WALKING;2026-08-17T07:00:00+03:00;OK;3998;67;5597;LOCAL_VALHALLA_MATRIX;494e153670db3f01730c38a531710269407716ca1449018e69bee996ab54c319;bf286ab20d61e4c1cbeb108d7d508460d555696af492bd020703073b95d1be4e;2026-09-28T19:47:05.797752+00:00;false
LOC-0149;LOC-0012;WALKING;2026-08-17T07:00:00+03:00;OK;3762;63;5283;LOCAL_VALHALLA_MATRIX;6bea60ee0b61f54ce99cb104c1a0157ba4509f40d1767b9d0b99b8d8ea3052ae;a6cf6e18140c9a1230d67f586be0f6c2cc248571e17b2ffbfd34baa8b4fedbea;2026-09-28T19:47:05.797752+00:00;false
LOC-0149;LOC-0013;WALKING;2026-08-17T07:00:00+03:00;OK;5265;88;9231;LOCAL_VALHALLA_MATRIX;cccf5305d75c5b5afa97670df335d4c6dd98b14b566cc474462ca754bd63f5a2;29d6e7b5df7ff5dceabe5201cb8bde86fbeae1dc0f53c2e2dc4137aa00aafacd;2026-09-28T19:47:05.797752+00:00;false
LOC-0149;LOC-0016;WALKING;2026-08-17T07:00:00+03:00;OK;4446;75;6239;LOCAL_VALHALLA_MATRIX;46cdad744b8c6f1681ee57dcef1716f510f830be451c9947ca284305b02c69f3;3030a13f2c863388c58f58e2ce3c84a436744d9c442c9f159baa62d82bf97d75;2026-09-28T19:47:05.797752+00:00;false
LOC-0149;LOC-0017;WALKING;2026-08-17T07:00:00+03:00;OK;1063;18;1505;LOCAL_VALHALLA_MATRIX;7995cb029674b709aeb6a94905fe7ca9540254fecde5bf295d668bfe1e1168b9;1569a15a6b3bdd5ea5fefea1aac7003e6106813f7cbb4cbb9dc97625b14c9450;2026-09-28T19:47:05.797752+00:00;false
LOC-0149;LOC-0018;WALKING;2026-08-17T07:00:00+03:00;OK;999;17;1389;LOCAL_VALHALLA_MATRIX;295918301dc97619447258fef0047a2e583cd3e222ed0a6031989261fe9a6de5;61c954f00903a60809c18ad9f187a500204be4b95322d6561e8b3c3506a05cfb;2026-09-28T19:47:05.797752+00:00;false
LOC-0149;LOC-0019;WALKING;2026-08-17T07:00:00+03:00;OK;4811;81;6739;LOCAL_VALHALLA_MATRIX;3bf9ee5226b9f2d392bf2afd5e4a1e3dc61611c2065762c36595cd72f1b827fd;6e10b75c0a6349368bc084fd31a495a4c17bdab2d5bbea9a202af52b002ace08;2026-09-28T19:47:05.797752+00:00;false
LOC-0149;LOC-0020;WALKING;2026-08-17T07:00:00+03:00;OK;4043;68;5660;LOCAL_VALHALLA_MATRIX;32729f8dc41cde2034fd07a0d15a81d3553ccfad2bd3ac56df58b914e0b92507;f555c9b8285094ea701ff367106fa8da5a117cc10a1cc8d83e03c69d8cd4ea4f;2026-09-28T19:47:05.797752+00:00;false
LOC-0149;LOC-0023;WALKING;2026-08-17T07:00:00+03:00;OK;2132;36;2994;LOCAL_VALHALLA_MATRIX;4308a072b3f952cb05a614fe81e280bc0d9755c6db59572a5a4ef98f646c095e;7427da902bd8a373d68a1e746a4a29fc2dc7158500a199772535bfc5cde2974c;2026-09-28T19:47:05.797752+00:00;false
LOC-0149;LOC-0027;WALKING;2026-08-17T07:00:00+03:00;OK;1030;18;1456;LOCAL_VALHALLA_MATRIX;7dbfc5091ceb8cc0b6c902fc85235ce677a494e09c60aec501fb4db55532a7b9;8b635aa79506c0284b6d914431730787648e27cb2e50c695329edc47f88761c2;2026-09-28T19:47:05.797752+00:00;false
LOC-0149;LOC-0028;WALKING;2026-08-17T07:00:00+03:00;OK;3419;57;4799;LOCAL_VALHALLA_MATRIX;fad740196d7523736c334c96cb87e54663922aa1ec2af77809af33b8f00141f6;a1eed63720b4de0605d792ccd58d3deb37e4e17ec7f533d876c9b65cef171f3e;2026-09-28T19:47:05.797752+00:00;false
LOC-0149;LOC-0029;WALKING;2026-08-17T07:00:00+03:00;OK;3315;56;4647;LOCAL_VALHALLA_MATRIX;6a3aba14089930255f08fbd333c24397206162cbe1defc1fb114588a4e9c8dc2;d5af2d60171aaa656f6531dd4dd9fbfec5c9dbce15502f020bc61db91ed7be25;2026-09-28T19:47:05.797752+00:00;false
LOC-0149;LOC-0037;WALKING;2026-08-17T07:00:00+03:00;OK;4901;82;6878;LOCAL_VALHALLA_MATRIX;5ca06c17b87990af59ebd27d366a6851d3c537e32d4f22446e4a38459cbd74c6;59aebd6fc530e69d3bc4cef3026e0561c04f3d1ae8f936072e2a1e5321711041;2026-09-28T19:47:05.797752+00:00;false
LOC-0149;LOC-0045;WALKING;2026-08-17T07:00:00+03:00;OK;2431;41;3416;LOCAL_VALHALLA_MATRIX;7a6e4de33d96cb0e462af45ffa378260a2ba49e8f505e1b006e88c9739c3dbd3;4b61dc0f0e5f80f1b86283752021bac15aed0883ebe4c12b497af422488ddb88;2026-09-28T19:47:05.797752+00:00;false
LOC-0149;LOC-0053;WALKING;2026-08-17T07:00:00+03:00;OK;4052;68;5681;LOCAL_VALHALLA_MATRIX;ae7ab944c8bed8542b1f90e53f11aaa1cd6d99b7cac0d64e33c14ad90c158bc3;eee495ea9f8251adb1030d1d93ffd9898e97abd8b3e5020df0abf8afbc14847d;2026-09-28T19:47:05.797752+00:00;false
LOC-0149;LOC-0054;WALKING;2026-08-17T07:00:00+03:00;OK;4655;78;6509;LOCAL_VALHALLA_MATRIX;3a52a0134a260f010f1b3cf1820aa1dedbe11a32b749aa7641be31b74a8781bd;435f1b803521491ab4629283bf0f65a18dba27c246b1efe4faf507192c34027a;2026-09-28T19:47:05.797752+00:00;false
LOC-0149;LOC-0061;WALKING;2026-08-17T07:00:00+03:00;OK;3643;61;5057;LOCAL_VALHALLA_MATRIX;95df64cb871826fd2fadf48072e9a1341eab94dcd895e2b3b76b1e3d4692bc58;11462edc6c96aa9dc71aeb0a85f087a6574771650b3ac5a44fbd75adffa24b64;2026-09-28T19:47:05.797752+00:00;false
LOC-0149;LOC-0063;WALKING;2026-08-17T07:00:00+03:00;OK;4200;70;5860;LOCAL_VALHALLA_MATRIX;64b09310c81f46b2f644d057987e90e441091044670158568945c759e67d728d;05f6b5ac254aa1bbe6b1271a0157e672e6a537e5505e9f125fcdb11669279d40;2026-09-28T19:47:05.797752+00:00;false
LOC-0149;LOC-0064;WALKING;2026-08-17T07:00:00+03:00;OK;3718;62;5189;LOCAL_VALHALLA_MATRIX;3021d7fa2bbf4653eabe64dbf92b2dca74064138c98820a80e5c500f4e3f2791;8d66cd87e7f1f673036ab7b6f988d85f885737fe34e1d5bb9953e51bf95f1b88;2026-09-28T19:47:05.797752+00:00;false
LOC-0149;LOC-0074;WALKING;2026-08-17T07:00:00+03:00;OK;438;8;621;LOCAL_VALHALLA_MATRIX;4f362fa8bf53f9f54bfda17b60eb3cf10c4df1c537f110b9fc57d74fcd01519a;82bf07bc5fe45beb1db1cddc962bb2ce7225089b563054837e9b8b0be742d2d3;2026-09-28T19:47:05.797752+00:00;false
LOC-0149;LOC-0075;WALKING;2026-08-17T07:00:00+03:00;OK;335;6;470;LOCAL_VALHALLA_MATRIX;bafe54ed002a8f9558e50ee91c9297669e4bf15018dc14d5aec42af6b6836c6d;588d31d46f5a55bc807d2f3d270e4d31305ed2e81671d91bc974831f7d8cd630;2026-09-28T19:47:05.797752+00:00;false
LOC-0149;LOC-0076;WALKING;2026-08-17T07:00:00+03:00;OK;4660;78;6543;LOCAL_VALHALLA_MATRIX;dbd48ad4c051964e128feb2bee354a377fd6ff13d3b1420373a21402532f564b;e7b734be085d07732fac64bcef718da0e9bdb6cfd875ba46aa9daaf3d7df9b0d;2026-09-28T19:47:05.797752+00:00;false
LOC-0149;LOC-0078;WALKING;2026-08-17T07:00:00+03:00;OK;2984;50;4168;LOCAL_VALHALLA_MATRIX;2d7b52ca94ed539eb77d08d17f6adc7c9c2793879af47fa08be38dcd773eb660;c4e0a88e19a680a3eeef865cac061f5ef782000776f94a262f77736135e3c7a1;2026-09-28T19:47:05.797752+00:00;false
LOC-0149;LOC-0080;WALKING;2026-08-17T07:00:00+03:00;OK;665;12;929;LOCAL_VALHALLA_MATRIX;4a3cab1d32b355435e837e7c0a71ace52ae22c99dec2ed6275c5355766c93a4d;f2f40966382114a4e49dd3e9da711f3abdd5fe6c0530d6e8f4c1443916b9c767;2026-09-28T19:47:05.797752+00:00;false
LOC-0149;LOC-0082;WALKING;2026-08-17T07:00:00+03:00;OK;3808;64;5311;LOCAL_VALHALLA_MATRIX;3a0c7e880c75fa231407a7cad57662bab150025d207a45af05be847b57e9286e;bf641b4adb22d098bba592230257e6ee874ce5cca39f5c137bcb8b7da4b04918;2026-09-28T19:47:05.797752+00:00;false
LOC-0149;LOC-0085;WALKING;2026-08-17T07:00:00+03:00;OK;5753;96;9917;LOCAL_VALHALLA_MATRIX;545f8ef89d274e0d8f4546cea5999a7cb88e264f1e6f8e24d85467d8958b0d2f;18626508510c61dd07ab074a30879eeada19ce3a755fcd63cc2d627430a36947;2026-09-28T19:47:05.797752+00:00;false
LOC-0149;LOC-0086;WALKING;2026-08-17T07:00:00+03:00;OK;5832;98;10025;LOCAL_VALHALLA_MATRIX;8f7ca51f7510668f5b26752f58ee431b93e71251b1e7b844fd9d57982aed2aad;c1ad0cfb9c4602d23fd7b8de7f0779c003f1005718603f9e93ac034d68a4dc9a;2026-09-28T19:47:05.797752+00:00;false
LOC-0149;LOC-0091;WALKING;2026-08-17T07:00:00+03:00;OK;3961;67;5551;LOCAL_VALHALLA_MATRIX;d14f7e9834b84783113573c7eb6d32595e19fb3f6cb228ae4ef5d11df6a9e227;9f7692b988d1488ec33796919b693da0baf90f73c6716f2a25cffbc76df1e34e;2026-09-28T19:47:05.797752+00:00;false
LOC-0149;LOC-0092;WALKING;2026-08-17T07:00:00+03:00;OK;3456;58;4840;LOCAL_VALHALLA_MATRIX;2cd42b74964c90d43b7c7f044a9e33fdfc0bf524e3364103c98d0e1a233c6150;0f318cc89c3b71b3e22c77697a3578dcdcfddb974268cc7d412d48c85a552679;2026-09-28T19:47:05.797752+00:00;false
LOC-0149;LOC-0093;WALKING;2026-08-17T07:00:00+03:00;OK;3371;57;4703;LOCAL_VALHALLA_MATRIX;c27809cd6e71574c8c18694e87aa4df700b463030746b721a81ac3eea6b7cc85;9d414dd8867f604210af46121e108ec6dc38338b30d11bbc2a9d0d5144d7e8b8;2026-09-28T19:47:05.797752+00:00;false
LOC-0149;LOC-0094;WALKING;2026-08-17T07:00:00+03:00;OK;6279;105;10650;LOCAL_VALHALLA_MATRIX;452f5c24c4de714b6b0a879d3080a90ae15ade78259a8918e38610e19bfacee9;582e3c47a9e0a329a4e1673e90e8ec9f3181e033448d77ecf0f460d5e68b07b0;2026-09-28T19:47:05.797752+00:00;false
LOC-0149;LOC-0095;WALKING;2026-08-17T07:00:00+03:00;OK;6713;112;14697;LOCAL_VALHALLA_MATRIX;5f5a2fa913edfb011771e953ce43d0e698352f924673a3a75212661258d15c80;109b116b0ff0406a1af07a7ff316b6d456e47590cb31f2fbb38b5b86ea41dc9f;2026-09-28T19:47:05.797752+00:00;false
LOC-0149;LOC-0102;WALKING;2026-08-17T07:00:00+03:00;OK;3884;65;5419;LOCAL_VALHALLA_MATRIX;c74fcade37cf5ea7eed863318740a118a402ffc0330cf8bee30553ecc93d84e1;9642e62c1a3d3c56069299eb8bd99566b0314f0306f3845e5d8ca264e824b972;2026-09-28T19:47:05.797752+00:00;false
LOC-0149;LOC-0112;WALKING;2026-08-17T07:00:00+03:00;OK;2053;35;2886;LOCAL_VALHALLA_MATRIX;4ea32b313e235433d93d659ee122bf64b827a6df4f3f69b7e8b73cc1e5e4c691;ac062c3db6017d192438b51c8e3fd845ae17561363218808cb9d97dcb9bde5b6;2026-09-28T19:47:05.797752+00:00;false
LOC-0149;LOC-0124;WALKING;2026-08-17T07:00:00+03:00;OK;5164;87;7244;LOCAL_VALHALLA_MATRIX;655a0037c55dc38666de9ae538f8fb87492f40f1091da2db711d84e4625d3531;3830d81643d01ba7e34a2930eb43363f8e275a4d574150da774d092d866fd35c;2026-09-28T19:47:05.797752+00:00;false
LOC-0149;LOC-0125;WALKING;2026-08-17T07:00:00+03:00;OK;1313;22;1833;LOCAL_VALHALLA_MATRIX;1722e37aa6a7257108cb01fa8205f290d810ea7209fcc6b2254a28497dfb4bc8;0826216a0397bec670e3dea11f7cba0a8c20396283403d388bcb74fe9e723270;2026-09-28T19:47:05.797752+00:00;false
LOC-0149;LOC-0126;WALKING;2026-08-17T07:00:00+03:00;OK;1663;28;2323;LOCAL_VALHALLA_MATRIX;e659acc1f5fd2388ad6615b25e194ec980a321f16b99a9d34a4afcfb985a6449;4da3cf9d7b3036615a388d426d9c8b2a8a24466fc93d231d2b3b6fc30412102b;2026-09-28T19:47:05.797752+00:00;false
LOC-0149;LOC-0128;WALKING;2026-08-17T07:00:00+03:00;OK;4638;78;6485;LOCAL_VALHALLA_MATRIX;abd2c2610349dfd1d804603139c35e42e3165053a962f7610283f59365351adc;08f3be87fdb7544533b839dfb6ac42f6b8846caed536edb127155f0d1b7c66b2;2026-09-28T19:47:05.797752+00:00;false
LOC-0149;LOC-0134;WALKING;2026-08-17T07:00:00+03:00;OK;4986;84;8835;LOCAL_VALHALLA_MATRIX;34423b2ad3d2a66cfeb4c1af788d659d59a98b00c95592bb86b56acd811cd236;98c95eb3afb9252539f4de35199b7ba17391fb148ba049c62e52a769bf8d9908;2026-09-28T19:47:05.797752+00:00;false
LOC-0149;LOC-0135;WALKING;2026-08-17T07:00:00+03:00;OK;4976;83;8821;LOCAL_VALHALLA_MATRIX;8770925bec6408dcb64ad5b898eca466c881f615d3422c29cdd407c1cc7347c1;f6bf0b683c2e99b8aaf502eaac6f5f1ca505156f06ef01b7f5086eb13b0a9562;2026-09-28T19:47:05.797752+00:00;false
LOC-0149;LOC-0136;WALKING;2026-08-17T07:00:00+03:00;OK;5390;90;9395;LOCAL_VALHALLA_MATRIX;95d5ffa0f200fb07ee43949f12c592780087383b3c7cbe61c672aa6e9de9261a;37ac6cd25f52450bdcc41ddc9c74ddcb8a9b73383712b2d9becb9b20509ba6f1;2026-09-28T19:47:05.797752+00:00;false
LOC-0149;LOC-0140;WALKING;2026-08-17T07:00:00+03:00;OK;4470;75;6276;LOCAL_VALHALLA_MATRIX;c4edec52d33b3a54d9b199fba5eb2a2ee17e89be72c4357b5ca412485c311f63;38205d72d8c5239e585144191ba2f92eb850b02de3374558b96854c527c02bcd;2026-09-28T19:47:05.797752+00:00;false
LOC-0149;LOC-0141;WALKING;2026-08-17T07:00:00+03:00;OK;3736;63;5254;LOCAL_VALHALLA_MATRIX;e240684782f687de4c586df8175dcd0707f7b36149ccec3de4593fd606bb4c12;5865c605fe849189d27c438c163fc5a1c7e35d7999df271e26af69caecd80f18;2026-09-28T19:47:05.797752+00:00;false
LOC-0149;LOC-0142;WALKING;2026-08-17T07:00:00+03:00;OK;3817;64;5327;LOCAL_VALHALLA_MATRIX;a35bdc12c19ab6fb875c3b56bfbdf3271def355a1313d6f3da0feadebee42359;7571f77812b3e78d02d0abc5dadc98719924191661d870821a94118c6d7d4ce3;2026-09-28T19:47:05.797752+00:00;false
LOC-0149;LOC-0145;WALKING;2026-08-17T07:00:00+03:00;OK;3712;62;5192;LOCAL_VALHALLA_MATRIX;489807b7c765cbae8431eef752360fef83814b532acd9881bfa6a6c10554677a;26f45fc599646a78a483203ae3154aee2aa5c4c5c25204b372803db21efeb201;2026-09-28T19:47:05.797752+00:00;false
LOC-0149;LOC-0148;WALKING;2026-08-17T07:00:00+03:00;OK;307;6;429;LOCAL_VALHALLA_MATRIX;8eaf95567e38597a8ff53bee1119bb252116e4a00996d342d06d3782d3a012cb;a88589b25279b892f21688b7c559c00cddaa9c83b4aa7e43d7fe8136eb17a358;2026-09-28T19:47:05.797752+00:00;false
LOC-0149;LOC-0149;WALKING;2026-08-17T07:00:00+03:00;OK;0;0;0;LOCAL_VALHALLA_MATRIX;edd03e1e709595de06dca90758d2065d08c3f201d9b039ea4c953e53675cca35;3d5812abc84c11768aa73a732c85d75dbed439188f5bb3239e9b762ea31d9862;2026-09-28T19:47:05.797752+00:00;false
LOC-0149;LOC-0150;WALKING;2026-08-17T07:00:00+03:00;OK;186;4;264;LOCAL_VALHALLA_MATRIX;5945e771136a6a8886a4eecb6872f1792832e55c61c77e973430e4ad94321113;60f08d9e5f1a01be933374bccd299b1b66eb9b029a6efad605b575af75d889a7;2026-09-28T19:47:05.797752+00:00;false
LOC-0149;LOC-0151;WALKING;2026-08-17T07:00:00+03:00;OK;597;10;846;LOCAL_VALHALLA_MATRIX;23b5fd6a41a5ac1a4791828cbf11a8e67137df0a470f71059836cf56919efe3c;7bf64f276a09e520d6fa72708eeb92fc2a98cac68bf47b62867bfd81b7d7eb55;2026-09-28T19:47:05.797752+00:00;false
LOC-0149;LOC-0152;WALKING;2026-08-17T07:00:00+03:00;OK;601;11;851;LOCAL_VALHALLA_MATRIX;9f8606b97a1f21a7faff2d522f8cc5fe46cd4479b00f33564052f924cac24404;4d0af1c398d457037821ec0bdae65ea7918caf13f7ab2a1d63e19de101fe50fd;2026-09-28T19:47:05.797752+00:00;false
LOC-0149;LOC-0190;WALKING;2026-08-17T07:00:00+03:00;OK;2869;48;4024;LOCAL_VALHALLA_MATRIX;c94f90692a90382512df9c198c7f76e585b734ea413da17f5a1e4708538d7ffb;c1872dcc3481a28cb86eebd9ed8a37353cf232e77c70a3eede48f728897b4b0f;2026-09-28T19:47:05.797752+00:00;false
LOC-0149;LOC-0196;WALKING;2026-08-17T07:00:00+03:00;OK;2872;48;3985;LOCAL_VALHALLA_MATRIX;f8433c628aa28ca47b59a6193e8936d3120d3d138b3af92100a604fd6aa06106;59aad9cb42eaae8adc10ce1108378178f8d7245250be198724bfa4fac0891ebb;2026-09-28T19:47:05.797752+00:00;false
LOC-0150;LOC-0002;WALKING;2026-08-17T07:00:00+03:00;OK;4670;78;8379;LOCAL_VALHALLA_MATRIX;2293ee59ce9c3e934cb16a9cb9e693d7ed4e2ea89b677d162adcf1735897afd5;22dfc0393cad047449450f35d789a9c7fb40045d59b4e6de00edddd9b280c086;2026-09-28T19:47:05.797752+00:00;false
LOC-0150;LOC-0008;WALKING;2026-08-17T07:00:00+03:00;OK;4020;67;5641;LOCAL_VALHALLA_MATRIX;c174146e16ea3ca6c7260f7cec91872e1728e3ef4378269248789771ae1a98a6;d016c279b4fa8794f4765c6bc85f9949dd8c4ce4fd7bc13220958b76b6c98e81;2026-09-28T19:47:05.797752+00:00;false
LOC-0150;LOC-0009;WALKING;2026-08-17T07:00:00+03:00;OK;5675;95;12641;LOCAL_VALHALLA_MATRIX;f9fe7dfed7f8050c9edb95446a9a7941feb29432950f7fafc9404b8b06c44273;55db6b9ab8fc2e1223b0e76f8b83869edd4fc8766374a7237bb23361e9a47538;2026-09-28T19:47:05.797752+00:00;false
LOC-0150;LOC-0010;WALKING;2026-08-17T07:00:00+03:00;OK;4391;74;6152;LOCAL_VALHALLA_MATRIX;30051dc460d914e5a7916e92edd537b3dd5baea94f6fce0c96c29313961e7234;53d8f515dcc06cd798da936e9b0479fe44d790f225dbd0672f8dcf7b14a235d1;2026-09-28T19:47:05.797752+00:00;false
LOC-0150;LOC-0011;WALKING;2026-08-17T07:00:00+03:00;OK;3874;65;5425;LOCAL_VALHALLA_MATRIX;5bfa4b8a9a68f13bc92bd5de6774917295ec0b2ed297b1ecf5c66b8613441aa3;2886700a32c16b6f32a222ec92d0260c75acfc0b92daeb1a92ba3df919960d95;2026-09-28T19:47:05.797752+00:00;false
LOC-0150;LOC-0012;WALKING;2026-08-17T07:00:00+03:00;OK;3638;61;5111;LOCAL_VALHALLA_MATRIX;d2804ab6bb1ab8d05fee816be8dea85db2258e5a5f41e6c4234a2d1c68164d7c;833bdabb93840945c77e20d29b02a1083a1a4f733b0b2434253ba054d47b302b;2026-09-28T19:47:05.797752+00:00;false
LOC-0150;LOC-0013;WALKING;2026-08-17T07:00:00+03:00;OK;5172;87;9096;LOCAL_VALHALLA_MATRIX;e60f34e3cbddce6d1e25f67eae57456d500f97a96ae0dc448faac2884e8376aa;3990486d393ab50d786438a63fe56c5c821fd2dcbb7497744044e657bcc01083;2026-09-28T19:47:05.797752+00:00;false
LOC-0150;LOC-0016;WALKING;2026-08-17T07:00:00+03:00;OK;4353;73;6104;LOCAL_VALHALLA_MATRIX;e3e5055a067adf64d7253b7caaad784459c85e5df2ec90a846b7936c918e2ee5;98734ddf68d38ce3867c968adb219c75b023c963ef5c94fc0f6ee422f7ac571b;2026-09-28T19:47:05.797752+00:00;false
LOC-0150;LOC-0017;WALKING;2026-08-17T07:00:00+03:00;OK;1195;20;1692;LOCAL_VALHALLA_MATRIX;a536606835be5e17cdc593965744cf95949bfaf23293726bb14c1e87fe323951;d66d143fa30c8b743c6790c7c9b75f57b8b64294fedf49e6c9a761b883b83f01;2026-09-28T19:47:05.797752+00:00;false
LOC-0150;LOC-0018;WALKING;2026-08-17T07:00:00+03:00;OK;1106;19;1539;LOCAL_VALHALLA_MATRIX;626618e4e1ac3e08f318c96126d4a05f8a25ec7a3a75b3e2f6af2b052f1a8eeb;953544571f54f7d2b011454e47190b34339b7f03cbe277671bb6cba4725bd9b1;2026-09-28T19:47:05.797752+00:00;false
LOC-0150;LOC-0019;WALKING;2026-08-17T07:00:00+03:00;OK;4687;79;6567;LOCAL_VALHALLA_MATRIX;db79619571a32b634ce447922b6423d493cf0e4a03870a12e8d63d0db83593aa;1752524dadef001c348ac8472f600bf6198b2cd8fe036dc3301c368ad18084ea;2026-09-28T19:47:05.797752+00:00;false
LOC-0150;LOC-0020;WALKING;2026-08-17T07:00:00+03:00;OK;3941;66;5500;LOCAL_VALHALLA_MATRIX;19fc0a22a53de936f6ca692a8e1e44f48dab6cb1de5433c559dda3caee7826b5;bd9d18fb04b73878460f9d9773ac15b81c5ea2c50944dc935034993479800242;2026-09-28T19:47:05.797752+00:00;false
LOC-0150;LOC-0023;WALKING;2026-08-17T07:00:00+03:00;OK;2238;38;3144;LOCAL_VALHALLA_MATRIX;fa7f972438fda4f274744f93dc364d743ac79fbd815172de2fe635fedaf32cf7;d71d7b50853488ef0bf8bdc2af08742de7f56050edbfbe67eb239359966e1999;2026-09-28T19:47:05.797752+00:00;false
LOC-0150;LOC-0027;WALKING;2026-08-17T07:00:00+03:00;OK;935;16;1318;LOCAL_VALHALLA_MATRIX;9702660dbdec06ac03581f9f36bed26d2ff7e57186f5b6dc1425b194f582dcd0;fd6b2d45bb180de706c29242161408b66b893fc7b993abf6f157b384b387b91b;2026-09-28T19:47:05.797752+00:00;false
LOC-0150;LOC-0028;WALKING;2026-08-17T07:00:00+03:00;OK;3326;56;4664;LOCAL_VALHALLA_MATRIX;43974f1672715bd7d43fa072c634b5f8e46b851533759b06e0fb7a789fc35cfc;eab79f9f308a9f2138c01040e88c33ed09b5a760715a1727f235a8082b38a6a0;2026-09-28T19:47:05.797752+00:00;false
LOC-0150;LOC-0029;WALKING;2026-08-17T07:00:00+03:00;OK;3208;54;4497;LOCAL_VALHALLA_MATRIX;04975fa5bcc39674b3b4979c6f1f025357921a2c33a00082957bb85950d1b817;f090a223f9036c6b160b0d9273276a70a6e0938418b594109931c48e0f8ddf47;2026-09-28T19:47:05.797752+00:00;false
LOC-0150;LOC-0037;WALKING;2026-08-17T07:00:00+03:00;OK;4769;80;6693;LOCAL_VALHALLA_MATRIX;5350d73329cc13dccc0513ddc2a084fdc42050abfd239ea395b5a57e29ba87f4;b774cce4ec363483b1e89c7f85f9f27cdd0e2a5d820197e0da81f628ef4cd629;2026-09-28T19:47:05.797752+00:00;false
LOC-0150;LOC-0045;WALKING;2026-08-17T07:00:00+03:00;OK;2338;39;3281;LOCAL_VALHALLA_MATRIX;60e6049f00a88a0cb25626b64d7cf8b613d90220ca532d661dc036386b7fa25a;e6fe7cfa6bc1276964ed9f5bfa10d8eb990320be44e507d2e5a2c4195e06af11;2026-09-28T19:47:05.797752+00:00;false
LOC-0150;LOC-0053;WALKING;2026-08-17T07:00:00+03:00;OK;3959;66;5546;LOCAL_VALHALLA_MATRIX;501dd5d009a9f649e16156f92048cb2735fea754e896aaaffc8560f43fae2dc9;beac0cea8c20abf8230896bc6e934036bb74ea7eff559d2ec807a8d8c1a029d9;2026-09-28T19:47:05.797752+00:00;false
LOC-0150;LOC-0054;WALKING;2026-08-17T07:00:00+03:00;OK;4617;77;6476;LOCAL_VALHALLA_MATRIX;7593625ba2f03c1c190ae4030f4fd90ae90791ec7524426bec546be9b563bc5b;48bdf675cdbbac1b5d1d88f9bb2e6a82d9951250290dae7307cabdcaa3375fc9;2026-09-28T19:47:05.797752+00:00;false
LOC-0150;LOC-0061;WALKING;2026-08-17T07:00:00+03:00;OK;3519;59;4885;LOCAL_VALHALLA_MATRIX;70a415d6dad3c1203759eac95a4d51f8db2f1a7ce8fcaf7824bdfa1764a96a7d;446a4ab7aa6494a195cab404b2411b90c9e5fe8bc4ec7d57b3eff37fa98dabc2;2026-09-28T19:47:05.797752+00:00;false
LOC-0150;LOC-0063;WALKING;2026-08-17T07:00:00+03:00;OK;4107;69;5725;LOCAL_VALHALLA_MATRIX;3567255ebca77fe7e59a45d5d0ef6a6f3b237ac5002b41e1e56fb04ceeb08270;8a5a7c0afe2464ccdef94adc3aafc499bbc2bd1680a0a3a427370c3a876f7641;2026-09-28T19:47:05.797752+00:00;false
LOC-0150;LOC-0064;WALKING;2026-08-17T07:00:00+03:00;OK;3625;61;5054;LOCAL_VALHALLA_MATRIX;cf4ab0e6c89d91d7b14ef328c6197cd708de40f9c3382ed01ace3d510f58d369;312321d1c8d6f86382f671053916a56b61c2ab44a0eeff9b2c847b5dd677a66d;2026-09-28T19:47:05.797752+00:00;false
LOC-0150;LOC-0074;WALKING;2026-08-17T07:00:00+03:00;OK;395;7;558;LOCAL_VALHALLA_MATRIX;5c9fcc3cfda43dbb6124090941b283181a29d2126fc98a7512cb1a6d93dbb439;12c7325224fe7cd83f0e0b57ff199e97abf1215e61366322643802b0c71091b0;2026-09-28T19:47:05.797752+00:00;false
LOC-0150;LOC-0075;WALKING;2026-08-17T07:00:00+03:00;OK;442;8;620;LOCAL_VALHALLA_MATRIX;0a65641ea70b36d3dbccdeecdeaf809186f77e5f46585b8f4cd4b0d3001a285e;1380d3de5b90a0cd63a32810f1b2c6061336ec30187fbc36288280d2fe8cc595;2026-09-28T19:47:05.797752+00:00;false
LOC-0150;LOC-0076;WALKING;2026-08-17T07:00:00+03:00;OK;4566;77;6408;LOCAL_VALHALLA_MATRIX;816203f44d0e10b59b4cc868909161041e10ba23de7c067468dd1f6d278f6368;465bc141feed6497fa6a1e93f4822013e232bdf64a343e2f636d66b488496c7a;2026-09-28T19:47:05.797752+00:00;false
LOC-0150;LOC-0078;WALKING;2026-08-17T07:00:00+03:00;OK;2890;49;4033;LOCAL_VALHALLA_MATRIX;d9f10eb98d2075f4f4dc77b6369ed10c77522ca185840a7f5e76f3d63934ca91;debd4716ce2f225300ca199293b29bbd3ecd9a2cdc36d7cc0041ec64a4afec64;2026-09-28T19:47:05.797752+00:00;false
LOC-0150;LOC-0080;WALKING;2026-08-17T07:00:00+03:00;OK;771;13;1079;LOCAL_VALHALLA_MATRIX;007f8db52583503b023e806b0dadd1e25cd4805545488d643d16ff434d57d2a5;694142ebf2a4dd4a2dd9befed003d4cb83a128870933dd49bdc3cdeb852ae407;2026-09-28T19:47:05.797752+00:00;false
LOC-0150;LOC-0082;WALKING;2026-08-17T07:00:00+03:00;OK;3714;62;5176;LOCAL_VALHALLA_MATRIX;c6b61b487d1ef30fa478cb7eec9c27b1e50cea166a3cde035b7f4dad8c7f5661;ab4836dd3356176e7058e69a0d8a55f817ab1c8f285d9956f3c519b6c6cf06a0;2026-09-28T19:47:05.797752+00:00;false
LOC-0150;LOC-0085;WALKING;2026-08-17T07:00:00+03:00;OK;5660;95;9782;LOCAL_VALHALLA_MATRIX;6b44da74eefaae3d6d6e75803ce3f1a8bec8873b8944f96ccafae7590a379dc2;ecbd9600c9839700a387527d0ae39c2ee489b82a06a06d8c448702fdf04bc819;2026-09-28T19:47:05.797752+00:00;false
LOC-0150;LOC-0086;WALKING;2026-08-17T07:00:00+03:00;OK;5738;96;9890;LOCAL_VALHALLA_MATRIX;f4dbbd66627c30d2c512070d3d895313bd73ef74ad875dd35cfc582e85b52473;6ced09566bd586660110715fbf194878c473306066aa772f06ed00905a85f87f;2026-09-28T19:47:05.797752+00:00;false
LOC-0150;LOC-0091;WALKING;2026-08-17T07:00:00+03:00;OK;3829;64;5369;LOCAL_VALHALLA_MATRIX;229535a74fd544cfad52e97b4f85ad275c690ef15a964dc75d7eda7266379814;c76c7fb4f5bfaaa4230a33047534d63dede36574f36a80b18e7635e594dcbcf5;2026-09-28T19:47:05.797752+00:00;false
LOC-0150;LOC-0092;WALKING;2026-08-17T07:00:00+03:00;OK;3354;56;4680;LOCAL_VALHALLA_MATRIX;b41c11aa5972525c9c3b23e2630b19a305441ba6a4f66f7aecdccae6ea86addd;e7c803cf82a6b3fd332390d8e5c43db816c8963d3028530a333c097f99f83152;2026-09-28T19:47:05.797752+00:00;false
LOC-0150;LOC-0093;WALKING;2026-08-17T07:00:00+03:00;OK;3247;55;4531;LOCAL_VALHALLA_MATRIX;4b5a43f55ff36f3afbb53ebabb1dfee5c5a807a8c7dfb2676967bd1eadbbdf59;6cc2b856b5a4cb2b661d449e51184ef05c54e16f9c2124bb8adafdac2e9555b6;2026-09-28T19:47:05.797752+00:00;false
LOC-0150;LOC-0094;WALKING;2026-08-17T07:00:00+03:00;OK;6185;104;10515;LOCAL_VALHALLA_MATRIX;90b2c255e1d9fee8dc3e23a2a75d7b274d1af5b24f4c58ea7484619654a818bc;cafdfa8428975235c25b569d50de9e7be42d7376f1f73d17be101be9485e964c;2026-09-28T19:47:05.797752+00:00;false
LOC-0150;LOC-0095;WALKING;2026-08-17T07:00:00+03:00;OK;6849;115;14159;LOCAL_VALHALLA_MATRIX;9ed158075c815c7793e89f115a47cc2b6b9d7c891a8efc51601d72549b4d4093;0d719c38f18429c3dca411089107448acc8c01daf552782048eb79e2c9a213a3;2026-09-28T19:47:05.797752+00:00;false
LOC-0150;LOC-0102;WALKING;2026-08-17T07:00:00+03:00;OK;3791;64;5284;LOCAL_VALHALLA_MATRIX;0629d173e894c94c4f3decb4754ad38c7944faf1937403fd19d94ce1174e9232;42ea1bd16e378c827144b2fe42fd7ffdac95513e852993c659abd8ccb6d9c7b9;2026-09-28T19:47:05.797752+00:00;false
LOC-0150;LOC-0112;WALKING;2026-08-17T07:00:00+03:00;OK;1945;33;2715;LOCAL_VALHALLA_MATRIX;8e9942d41835e072caa94466c72200c5b19cd08707a86cc5d85f6650598aa3ad;5387479ac1ccc16a5332f91730c6e6d71ca1994d5d8f8f8681d5d09d354d091d;2026-09-28T19:47:05.797752+00:00;false
LOC-0150;LOC-0124;WALKING;2026-08-17T07:00:00+03:00;OK;5296;89;7431;LOCAL_VALHALLA_MATRIX;5eb7718e4aa7d96f076b9d0a9e35e759c901eba8ec737b3de010545383705a7d;933984604814d369f1473c6d7e03938bd085c92fd5e472f913b5e9bef9f0b506;2026-09-28T19:47:05.797752+00:00;false
LOC-0150;LOC-0125;WALKING;2026-08-17T07:00:00+03:00;OK;1420;24;1983;LOCAL_VALHALLA_MATRIX;9d4fd3ef19cf81b47d52079414a1f5e2659746720a379eaba88d1ea79e9efd7d;fbd0de90df742b879a217038fa586b735f77c153577f3172166a9cc29a717dfe;2026-09-28T19:47:05.797752+00:00;false
LOC-0150;LOC-0126;WALKING;2026-08-17T07:00:00+03:00;OK;1539;26;2151;LOCAL_VALHALLA_MATRIX;06eaeba512093acddd0616bf2b83f5c3f16aa929c89ffe6b440d865a04abc126;4f4653778f1c2c52894f8a974afcdca6d83a0af517876e97144d0fb74a3f60cb;2026-09-28T19:47:05.797752+00:00;false
LOC-0150;LOC-0128;WALKING;2026-08-17T07:00:00+03:00;OK;4600;77;6451;LOCAL_VALHALLA_MATRIX;47d6996f3ca662d5492022e8c19cdab38b9adf77e0a561f0797f9e5a125237ec;ad6496b04455e899ffe71eb5568cf67fc6efa95138b79408521db72bfde2c1c5;2026-09-28T19:47:05.797752+00:00;false
LOC-0150;LOC-0134;WALKING;2026-08-17T07:00:00+03:00;OK;4892;82;8700;LOCAL_VALHALLA_MATRIX;655bf7df639c90de10f9c6cb158863b19b98e5056e696fe1f5967723394d0df1;8bfcb7df785dbeffa7da19d030243c9c8f1938e71ffc2246abee87648e505e45;2026-09-28T19:47:05.797752+00:00;false
LOC-0150;LOC-0135;WALKING;2026-08-17T07:00:00+03:00;OK;4882;82;8686;LOCAL_VALHALLA_MATRIX;d2ecd6f5366e85db031a277660b1d19b51a0e6d2179656b9042f86e130350566;67e0469fcb4551c193ea2163dbc49d5d8b7d20a5bbd4fc4d73a0b36d88c9cd88;2026-09-28T19:47:05.797752+00:00;false
LOC-0150;LOC-0136;WALKING;2026-08-17T07:00:00+03:00;OK;5297;89;9260;LOCAL_VALHALLA_MATRIX;e3e07e4156e0a3656cc6b5a0e346101aaad84d476a0e5b07f6718138a25e9b27;3569f58da86294f0a34f28edf690479c67972d6095cdc05e93e7e590358e098f;2026-09-28T19:47:05.797752+00:00;false
LOC-0150;LOC-0140;WALKING;2026-08-17T07:00:00+03:00;OK;4376;73;6141;LOCAL_VALHALLA_MATRIX;63f60099a736f2b3cd252d2d41d728fac9d116ea0e39b4059f59768d018f01fd;3f91e66f0a9930cec2d3b4e9542504d4db1569f337c915c72b047719332e3153;2026-09-28T19:47:05.797752+00:00;false
LOC-0150;LOC-0141;WALKING;2026-08-17T07:00:00+03:00;OK;3868;65;5441;LOCAL_VALHALLA_MATRIX;015aa9394d580b962807a917fbe3dd15ad341dee2afd8fca9e66a91c3fb267c7;5eee417f459726439a5b603576d55a8adaffeac5b82c165f1ff8035cf98cb750;2026-09-28T19:47:05.797752+00:00;false
LOC-0150;LOC-0142;WALKING;2026-08-17T07:00:00+03:00;OK;3949;66;5514;LOCAL_VALHALLA_MATRIX;c3d8c0f24f44253b2bf422505a35741643a47306df42a9c7476ce26d4c23deb0;861f468680667aa4ff1962e286d8193a7e3de92f280b55accc434ecff40c0de4;2026-09-28T19:47:05.797752+00:00;false
LOC-0150;LOC-0145;WALKING;2026-08-17T07:00:00+03:00;OK;3611;61;5032;LOCAL_VALHALLA_MATRIX;1f6f970a489c7cd8eceb9c4948af5dd2c4cc5b0fc6763853c5bc5e5aef320377;45e6e3345cc3c8c52261bf4a81845ea805badb4d947413cee5fddb680977b174;2026-09-28T19:47:05.797752+00:00;false
LOC-0150;LOC-0148;WALKING;2026-08-17T07:00:00+03:00;OK;439;8;615;LOCAL_VALHALLA_MATRIX;d3ed16a8d8b7b8797bf76c9ca3fe52fd505ebebaa5b480a814a38501ddf6aaae;ac374741cd1232bce3048a79aff3596c880f910a4e5ffc4911aff2646b4c4130;2026-09-28T19:47:05.797752+00:00;false
LOC-0150;LOC-0149;WALKING;2026-08-17T07:00:00+03:00;OK;186;4;264;LOCAL_VALHALLA_MATRIX;a9c4026adfd09c2b609ebbe5de67d79263c0ce7451b57487a4aa3a8f1ede483d;60f08d9e5f1a01be933374bccd299b1b66eb9b029a6efad605b575af75d889a7;2026-09-28T19:47:05.797752+00:00;false
LOC-0150;LOC-0150;WALKING;2026-08-17T07:00:00+03:00;OK;0;0;0;LOCAL_VALHALLA_MATRIX;810b97c91a3eba113ba3998b2fbabc9170fad6dfb03244b55e1bff4a6b4e7458;3d5812abc84c11768aa73a732c85d75dbed439188f5bb3239e9b762ea31d9862;2026-09-28T19:47:05.797752+00:00;false
LOC-0150;LOC-0151;WALKING;2026-08-17T07:00:00+03:00;OK;729;13;1033;LOCAL_VALHALLA_MATRIX;4c879fd59af412d38086cc9bacf0c4811a46ee7c734ad20b6f086a3e313904d5;f5ac2ded024b0b6c078c2ddcd48a05488537778004867f3c1c6af3c12ba9e33f;2026-09-28T19:47:05.797752+00:00;false
LOC-0150;LOC-0152;WALKING;2026-08-17T07:00:00+03:00;OK;733;13;1038;LOCAL_VALHALLA_MATRIX;1d21a69b963753dd1168b13d9c70e9694d9c3dc469f3128a1815809a58f9735b;085ff9755bd17a8ab034b0f8bfcf39dbc7ab76ccfa2621ed79ca5a4488c70886;2026-09-28T19:47:05.797752+00:00;false
LOC-0150;LOC-0190;WALKING;2026-08-17T07:00:00+03:00;OK;2736;46;3845;LOCAL_VALHALLA_MATRIX;a9a3903291cac6c448c6f8bd917a39dca78a3fff3a76769a95937f8ba9cbade8;ed693c68e62226fc571abb5b41fec52789e6465e634274c2bb441a8968048e88;2026-09-28T19:47:05.797752+00:00;false
LOC-0150;LOC-0196;WALKING;2026-08-17T07:00:00+03:00;OK;3004;51;4171;LOCAL_VALHALLA_MATRIX;19439e2e17346098a3506afff71c2b2c692c65aa405835fdbc0c020f6fef4f27;e97c2076ac0e02df36a77965372b8fa782c28efab8fb45831dc9248893e27561;2026-09-28T19:47:05.797752+00:00;false
LOC-0151;LOC-0002;WALKING;2026-08-17T07:00:00+03:00;OK;5094;85;9001;LOCAL_VALHALLA_MATRIX;901a12653e4106529d2e1f7fc6ad8d41ade93863a2283fe3bbee42b8091fe057;f118e7e85b6b14688f169979d1ee1f6db932a21756c128fb0ebcdd07f661f776;2026-09-28T19:47:05.797752+00:00;false
LOC-0151;LOC-0008;WALKING;2026-08-17T07:00:00+03:00;OK;4715;79;6604;LOCAL_VALHALLA_MATRIX;4acb5131c4ec7280a99932b461b71fe8c584bf6b060dfb04f5f686f5dce88fe8;8069b17136373b6e72a0e84492a9b6b5daf24a933401158bac23f236e549c2ec;2026-09-28T19:47:05.797752+00:00;false
LOC-0151;LOC-0009;WALKING;2026-08-17T07:00:00+03:00;OK;4950;83;11616;LOCAL_VALHALLA_MATRIX;17398d47d4296b415726999460bfb7fa688c4e7fc0a3702574ceb5e54c96941c;24d4c8b7ab04df740e99dc10997ed4bdfaad97eddfc9bea3c0091da4750fd7b6;2026-09-28T19:47:05.797752+00:00;false
LOC-0151;LOC-0010;WALKING;2026-08-17T07:00:00+03:00;OK;5049;85;7086;LOCAL_VALHALLA_MATRIX;ab6f528b0365406235be5dafa42bfc18289fba2a907b8129a2671bfbf7eac89c;03faf79b4912da0560309430119531eef631eceaaa6a30eab1eee24826f2b150;2026-09-28T19:47:05.797752+00:00;false
LOC-0151;LOC-0011;WALKING;2026-08-17T07:00:00+03:00;OK;4569;77;6388;LOCAL_VALHALLA_MATRIX;662719f53ad90c534a03e145ec63c788a22daef7b80128fcd6a6bb0cb8c196ea;eb30f2678a0853f65967ccb01798b778407e5b6a1ef6f85a909a7dc124b45b03;2026-09-28T19:47:05.797752+00:00;false
LOC-0151;LOC-0012;WALKING;2026-08-17T07:00:00+03:00;OK;4333;73;6074;LOCAL_VALHALLA_MATRIX;8c9584bbbddcc5055d2ceee42f02024e229640ddfc951fb0196414da83ed226b;dbc86709ff81b3e7f0c84b9530fd1b4befd88c7dbc98b5924d7d2b2fc6589fcb;2026-09-28T19:47:05.797752+00:00;false
LOC-0151;LOC-0013;WALKING;2026-08-17T07:00:00+03:00;OK;5596;94;9718;LOCAL_VALHALLA_MATRIX;f98c9a4708123fc0e79b2d286952aec96a59a1497104afc7421c2b10a7bf1c23;9da5779c89b0e8b3d888af65badc34c0fe53df8030dec93d1dee57fed02d380c;2026-09-28T19:47:05.797752+00:00;false
LOC-0151;LOC-0016;WALKING;2026-08-17T07:00:00+03:00;OK;4777;80;6726;LOCAL_VALHALLA_MATRIX;7db11bb9553af186d0013d185748eb9df0273a07e2142ea88b78172c21aa9e1d;7334f255114fd4d0ba9848fd4bab5d348ec3e66734bb6b9442bbd7b15addc6b7;2026-09-28T19:47:05.797752+00:00;false
LOC-0151;LOC-0017;WALKING;2026-08-17T07:00:00+03:00;OK;498;9;706;LOCAL_VALHALLA_MATRIX;6cd61be8e67d7142ec2ef0994fcaea5b7517e962b31deae6db85dd8072af475a;47462435eaf37742060888d57f6d7eedb16616b8ebadc9773e50ea1d12eab2c2;2026-09-28T19:47:05.797752+00:00;false
LOC-0151;LOC-0018;WALKING;2026-08-17T07:00:00+03:00;OK;695;12;958;LOCAL_VALHALLA_MATRIX;a48321628beb02ad0fd042fe5d015306493c3df54994d0d774c7f91558ef8273;f1ab1662b7237884dc9ecf85937309790a79c2540cb29315f3286421f0638f6b;2026-09-28T19:47:05.797752+00:00;false
LOC-0151;LOC-0019;WALKING;2026-08-17T07:00:00+03:00;OK;5345;90;7501;LOCAL_VALHALLA_MATRIX;e3be93ca6c62846c534e03b35b563656ef5125dc481e2a3a5176f6eaf81da2b7;d6222a8a0eea57754f3d3c8fd77fd08cfee769d6596c312a02bf77e0ae206376;2026-09-28T19:47:05.797752+00:00;false
LOC-0151;LOC-0020;WALKING;2026-08-17T07:00:00+03:00;OK;4603;77;6439;LOCAL_VALHALLA_MATRIX;373db571f48dfd561509c424ddabe31cdc9dd3b9cbc04006b894da9dcc6df1c2;d832e93f61aed36d06bd289e4c05091fe49de84ec25f227e4989b9e41e91f222;2026-09-28T19:47:05.797752+00:00;false
LOC-0151;LOC-0023;WALKING;2026-08-17T07:00:00+03:00;OK;1838;31;2546;LOCAL_VALHALLA_MATRIX;bb15d20afee1c76c65b98c8520b0e6d4e4ed873c9148ddfba0e2d1e9cff09c99;c139c8fd935eda3c49f9fdb3423f9efd20ac5b73da4b9cb24081bd9b1d8d4c07;2026-09-28T19:47:05.797752+00:00;false
LOC-0151;LOC-0027;WALKING;2026-08-17T07:00:00+03:00;OK;1461;25;2056;LOCAL_VALHALLA_MATRIX;4d0386f899793b226bef91ec7c518121835eb8b7b8e1f363c68dfa4e80d08eb2;49d9c88ed9bd58f416111ef911db3a7b17b3456650d659e6b534f4661d995c03;2026-09-28T19:47:05.797752+00:00;false
LOC-0151;LOC-0028;WALKING;2026-08-17T07:00:00+03:00;OK;3850;65;5399;LOCAL_VALHALLA_MATRIX;3a0250a48c5692b9db371a2817fd590d7cd46dff14acd11e0dd0201c7eb72f88;f1b3972e44337e4c85e0ec79f357d91482f4a5ce7ff430257be50913c380256b;2026-09-28T19:47:05.797752+00:00;false
LOC-0151;LOC-0029;WALKING;2026-08-17T07:00:00+03:00;OK;3732;63;5232;LOCAL_VALHALLA_MATRIX;2f5047b7ae26fbbe0dedd9a321a6f49f444bc7cb2545fc8a64a386424851a157;e538001e8f940fd97b8e70b6666b8d7a4f02f4b9db3c652bc595b9d7bde17429;2026-09-28T19:47:05.797752+00:00;false
LOC-0151;LOC-0037;WALKING;2026-08-17T07:00:00+03:00;OK;5238;88;7326;LOCAL_VALHALLA_MATRIX;3094f381b42aed98ffa97c3d4a705d9fc5ef545f6719fb7b2df4f905ad5a55fd;4acd7eae3b2b0417e813a05a62bd463984b19f22ede1d9626b730d0fc1313909;2026-09-28T19:47:05.797752+00:00;false
LOC-0151;LOC-0045;WALKING;2026-08-17T07:00:00+03:00;OK;2714;46;3806;LOCAL_VALHALLA_MATRIX;3a10738f1b49d5fd5ff5a9ff00d40b9c2958052a5a30b1d0a2c04175f547a5ac;8c68a375b950667a4b15350b8c28a652bd671f594190f4a1f82417cf18a9fafa;2026-09-28T19:47:05.797752+00:00;false
LOC-0151;LOC-0053;WALKING;2026-08-17T07:00:00+03:00;OK;4383;74;6168;LOCAL_VALHALLA_MATRIX;7e73ba3f085883bf11d88d80d66f9c08a162b62085caf2c8aaa25e125f81d33d;41e57f4897171e513464ce428002993e8963957dc202e3744d32bcf23c32ca18;2026-09-28T19:47:05.797752+00:00;false
LOC-0151;LOC-0054;WALKING;2026-08-17T07:00:00+03:00;OK;5086;85;7109;LOCAL_VALHALLA_MATRIX;ffc2cada5b410362f00426951849eff3c08d8c0262d9cad8e9b8316aa4d9f971;00dff83a2ba0df084ad34d50d275f9fea32d98e9de4cee2cb00d6a4ea18a5b22;2026-09-28T19:47:05.797752+00:00;false
LOC-0151;LOC-0061;WALKING;2026-08-17T07:00:00+03:00;OK;4214;71;5863;LOCAL_VALHALLA_MATRIX;87b16e2babb1c1d6d099efabc3c66a9698f02235f95bdc3a4ddab214844190fe;6adaeeee1cddd0e2f2e1675567015756a905218136d6ab4bf3f22e7c497bfa87;2026-09-28T19:47:05.797752+00:00;false
LOC-0151;LOC-0063;WALKING;2026-08-17T07:00:00+03:00;OK;4499;75;6287;LOCAL_VALHALLA_MATRIX;9ffb4f60c829d11fb91c05185cdeaa7190bfe0372f2798a21cf89e6c6f160e59;3315876dff61bfcda35ab86ac7a9dacc0af04691668e130d7de4c7b8927d44cd;2026-09-28T19:47:05.797752+00:00;false
LOC-0151;LOC-0064;WALKING;2026-08-17T07:00:00+03:00;OK;4020;67;5612;LOCAL_VALHALLA_MATRIX;afd7dfba1fc53ed4daf465a70edb79482a921b20bd33a0c0ba0131e8f3a2804a;362195dd2ff6dc1e257d109d2c63794b54d31da169d72f43c836c6698441f5b0;2026-09-28T19:47:05.797752+00:00;false
LOC-0151;LOC-0074;WALKING;2026-08-17T07:00:00+03:00;OK;990;17;1383;LOCAL_VALHALLA_MATRIX;b44690797f21fd46634a3b01fbb38b1e74476921314449bc3228f075def599e2;12a124a93754f22a78b25de2f93fd1b9037ad709d27a61c8854e9cccd9917f0a;2026-09-28T19:47:05.797752+00:00;false
LOC-0151;LOC-0075;WALKING;2026-08-17T07:00:00+03:00;OK;510;9;712;LOCAL_VALHALLA_MATRIX;1d7ddd2439c6696ff4e008d7a3ae83b6cd7ab915bcd685f006ff3ddce48fb3f9;190310f1d400862a61f6f1e0d66419463bea6b9a82bf08fba621de6b4a55651c;2026-09-28T19:47:05.797752+00:00;false
LOC-0151;LOC-0076;WALKING;2026-08-17T07:00:00+03:00;OK;4991;84;7030;LOCAL_VALHALLA_MATRIX;227d669de64d7f3edcf9de22706400facea70dd67341eb5e1752ccda357dfa7f;42de5558d5ebf6b5dfec153d7f35a3827a73873ef6415138ced99310ef01c0e0;2026-09-28T19:47:05.797752+00:00;false
LOC-0151;LOC-0078;WALKING;2026-08-17T07:00:00+03:00;OK;3001;51;4203;LOCAL_VALHALLA_MATRIX;87bd81582cf3faf1b7252970e47630a054b4eeccf35ea64192c6726db02ad6b4;17d3b3837d4bdd3376cf02182d3646878692388a6b91da7daf4f36681232d863;2026-09-28T19:47:05.797752+00:00;false
LOC-0151;LOC-0080;WALKING;2026-08-17T07:00:00+03:00;OK;901;16;1266;LOCAL_VALHALLA_MATRIX;9465d352a9341fb75eab746c95678a20b50ba2506e0d0d51085fd139667e2737;a871f6efa9f086cc7c17df9d732a47f5000708df140e7bed2125dc20c8c647f1;2026-09-28T19:47:05.797752+00:00;false
LOC-0151;LOC-0082;WALKING;2026-08-17T07:00:00+03:00;OK;4197;70;5835;LOCAL_VALHALLA_MATRIX;54070510236e81dfbb41ab71cf54cac749c670f5a54b9040fe8b415a32052855;cf852d153f8dd4282103547769ca09bdae3bd9bfb84992ff7531b6ba5c55f1f7;2026-09-28T19:47:05.797752+00:00;false
LOC-0151;LOC-0085;WALKING;2026-08-17T07:00:00+03:00;OK;6084;102;10404;LOCAL_VALHALLA_MATRIX;0a8798b9ef40a90ab5716b41238e595ffb8b7dac732d42700c32e6ebbb79e7f7;6648cf3b7b8fb77156372c1f493f29f3d3443ceabac855925a9ca575510422ef;2026-09-28T19:47:05.797752+00:00;false
LOC-0151;LOC-0086;WALKING;2026-08-17T07:00:00+03:00;OK;6163;103;10512;LOCAL_VALHALLA_MATRIX;690ad0a5a29de413725dcae8837bd69bb5a168d4917f5411342d2af0e47ca295;11807a1c20d58c146c8f1d14921e8252118bfe62dc2632830b06cfb45f2a533d;2026-09-28T19:47:05.797752+00:00;false
LOC-0151;LOC-0091;WALKING;2026-08-17T07:00:00+03:00;OK;4479;75;6280;LOCAL_VALHALLA_MATRIX;532b0ae302b1a1c0345914bbb3245859ee1aa16ec466c7ed743ac3e48d662a3d;a123289c423afbd73425360a6bcfd84da7c7e6b2bdeffc21135034f48f9d12a0;2026-09-28T19:47:05.797752+00:00;false
LOC-0151;LOC-0092;WALKING;2026-08-17T07:00:00+03:00;OK;3911;66;5480;LOCAL_VALHALLA_MATRIX;2270b3aaa2d6547a7708b7e0c2f002625601662dd083bc56a5bcadcb17234210;847192ad6d1dff896029d8e10124845811a40ecb8ec4f18d02f69d1a3bbe131d;2026-09-28T19:47:05.797752+00:00;false
LOC-0151;LOC-0093;WALKING;2026-08-17T07:00:00+03:00;OK;3816;64;5346;LOCAL_VALHALLA_MATRIX;796bce1633f4d36f61706dac6aea1f573e0fda4100dab9007b0001c7a10adba7;087a494f418e4d732a0a7998cb660d5b7c14e63f00fdff78197c5a934404b6a5;2026-09-28T19:47:05.797752+00:00;false
LOC-0151;LOC-0094;WALKING;2026-08-17T07:00:00+03:00;OK;6610;111;11137;LOCAL_VALHALLA_MATRIX;1fad1d8c440f2aff44ce8d4a55884fe3402c9299e419cc4d3a4617438dd7acaa;f8a0ac03abe89096730d58a1a0bc2ebeaa1a07ab695817a04fe63f8a3b76cf86;2026-09-28T19:47:05.797752+00:00;false
LOC-0151;LOC-0095;WALKING;2026-08-17T07:00:00+03:00;OK;7056;118;15201;LOCAL_VALHALLA_MATRIX;6314792fdb168fdbe72d00f26a7f97f8bf2463a7590eeb8db03c488e03a53435;dcfdd78eb023f5a37f0be96b17364ae5090311c13d2cbfe4d588a9475add052f;2026-09-28T19:47:05.797752+00:00;false
LOC-0151;LOC-0102;WALKING;2026-08-17T07:00:00+03:00;OK;4069;68;5689;LOCAL_VALHALLA_MATRIX;f152c88a587cb54bfe45a7d3302c500e8bc48ca0493ce3095374a442796eb79b;3da372cf58571cd88f0af88e577b1d09c8f64668bd0e27879af2c60bdcab1fdd;2026-09-28T19:47:05.797752+00:00;false
LOC-0151;LOC-0112;WALKING;2026-08-17T07:00:00+03:00;OK;2640;44;3678;LOCAL_VALHALLA_MATRIX;a4f401309c98233d33df2890584add01945aa7ebf1855246fad49c6e32e89080;5429cdc95d82ebe55614a41afe34afe05f8b055cbf449fe3cb42678fea146428;2026-09-28T19:47:05.797752+00:00;false
LOC-0151;LOC-0124;WALKING;2026-08-17T07:00:00+03:00;OK;4571;77;6406;LOCAL_VALHALLA_MATRIX;1ba30227d4e46c455e73a68797bf0a7d6cc30bd731da931c219c71c383e38a17;608cd1401e273d32655f4f9558d6280f6a1661ef9efa6bca54d3573dd6e499d0;2026-09-28T19:47:05.797752+00:00;false
LOC-0151;LOC-0125;WALKING;2026-08-17T07:00:00+03:00;OK;1076;18;1487;LOCAL_VALHALLA_MATRIX;8a77b153873204be55dead0b158aa839d31a6420c54a08e6db5cb9535db35af4;3ec91a92a9a173fff72e1c619015b9232e665a1e7188fda86d9bf4f25d93c11f;2026-09-28T19:47:05.797752+00:00;false
LOC-0151;LOC-0126;WALKING;2026-08-17T07:00:00+03:00;OK;2234;38;3114;LOCAL_VALHALLA_MATRIX;ec64cfd59c77659dd2ef8984564f4975520bbf76097eb7555790ae9b6790c4b5;a09bee3a4ed6399647173eef354682fca0f2df97d8a36925448de0776432ebf3;2026-09-28T19:47:05.797752+00:00;false
LOC-0151;LOC-0128;WALKING;2026-08-17T07:00:00+03:00;OK;5069;85;7085;LOCAL_VALHALLA_MATRIX;7be368094f7961aadf3711f18061ec7fe5b9665cbb226a71407f14950c22b942;30180392f5e731282a8112d7dea68227914c76e716defcdf13f95104b275c853;2026-09-28T19:47:05.797752+00:00;false
LOC-0151;LOC-0134;WALKING;2026-08-17T07:00:00+03:00;OK;5317;89;9322;LOCAL_VALHALLA_MATRIX;4c3a79e5a60364a140bd9b7a7845e54079e07545b19f022515f36305757be83f;4a3ed294ab7b74b2242167ed2a787a17cfe5c671ada925884c827d7c13e00be4;2026-09-28T19:47:05.797752+00:00;false
LOC-0151;LOC-0135;WALKING;2026-08-17T07:00:00+03:00;OK;5307;89;9308;LOCAL_VALHALLA_MATRIX;f5d2cd65e3e22ed0cb178bcf30bd170c37cb45df51c9e725727e5dfd1816a6e5;f759bd9747548f077ec99e07caf55f52ef412772a130673163b3981cdcf62ae0;2026-09-28T19:47:05.797752+00:00;false
LOC-0151;LOC-0136;WALKING;2026-08-17T07:00:00+03:00;OK;5721;96;9882;LOCAL_VALHALLA_MATRIX;50eb153d37fcc26e2a41ac8a965daddb80c215f04876860e4fbe0a6bed490ce2;cb186a03507556a44308156c6340ec90d8f6465f59ad95e15d323ad4f0ca148f;2026-09-28T19:47:05.797752+00:00;false
LOC-0151;LOC-0140;WALKING;2026-08-17T07:00:00+03:00;OK;4801;81;6763;LOCAL_VALHALLA_MATRIX;01c163bf85b80906612bc4505756755a4300167825bdd6b399291e0fe684d127;672901e7662bb51b0e7a42bdee5a5d1fd7d6e2f40231cea9a795f7607149916a;2026-09-28T19:47:05.797752+00:00;false
LOC-0151;LOC-0141;WALKING;2026-08-17T07:00:00+03:00;OK;3143;53;4416;LOCAL_VALHALLA_MATRIX;66aee8f318829877ff285ca4ba2bcfc720dae3a8a04b8d9f3954814c09a6a548;cc3ca468a435b31325e196a57e69f4fa2d2241aaf00f0734ffc699ab5008803d;2026-09-28T19:47:05.797752+00:00;false
LOC-0151;LOC-0142;WALKING;2026-08-17T07:00:00+03:00;OK;3224;54;4489;LOCAL_VALHALLA_MATRIX;5d8dbf45ef299e742971d246937d9aff416d9b61ed60ead146d442c52c16b417;227f171089c54d7baeffdfa1581e3fbea2c02c9766e5768544d54ff6d699f201;2026-09-28T19:47:05.797752+00:00;false
LOC-0151;LOC-0145;WALKING;2026-08-17T07:00:00+03:00;OK;4273;72;5971;LOCAL_VALHALLA_MATRIX;84f8d24ce6a371bda3f5d7c18903a1bc5fd3346ac800307e8a865491b8daed88;4a4f303fce20cb7bbb69926a42a2c681c7c55e1ff5c7c34713c8aea06b871e5a;2026-09-28T19:47:05.797752+00:00;false
LOC-0151;LOC-0148;WALKING;2026-08-17T07:00:00+03:00;OK;385;7;539;LOCAL_VALHALLA_MATRIX;8708d73e57facbb1548f925194e0e6a11deca7811d0a891e097767c8d07fb0b3;0f5c321d5d9f7661c1a5640e4ef24c06e40983822837afe4c5113f2305b6e3ab;2026-09-28T19:47:05.797752+00:00;false
LOC-0151;LOC-0149;WALKING;2026-08-17T07:00:00+03:00;OK;597;10;846;LOCAL_VALHALLA_MATRIX;f629b92a0bcbec258c66c31dcab591a15ac0ff643a6b88b38f7fdfef41706b05;7bf64f276a09e520d6fa72708eeb92fc2a98cac68bf47b62867bfd81b7d7eb55;2026-09-28T19:47:05.797752+00:00;false
LOC-0151;LOC-0150;WALKING;2026-08-17T07:00:00+03:00;OK;729;13;1033;LOCAL_VALHALLA_MATRIX;da9b2edd066986150cea89e9c266b705cc4ba6bb1af5ad11bda64c31aef1f185;f5ac2ded024b0b6c078c2ddcd48a05488537778004867f3c1c6af3c12ba9e33f;2026-09-28T19:47:05.797752+00:00;false
LOC-0151;LOC-0151;WALKING;2026-08-17T07:00:00+03:00;OK;0;0;0;LOCAL_VALHALLA_MATRIX;a77106dda66980bb666aa0c93d09f18139e7843fcf2e2a09c18d0d0be831f0f9;3d5812abc84c11768aa73a732c85d75dbed439188f5bb3239e9b762ea31d9862;2026-09-28T19:47:05.797752+00:00;false
LOC-0151;LOC-0152;WALKING;2026-08-17T07:00:00+03:00;OK;65;2;92;LOCAL_VALHALLA_MATRIX;55101eb16456c01254eeab88568483f218667c147c9e1c8ea274486e5257b5ee;8e0e585b77b10e9ee99ea4670154933e4b97c9fc3be8cf705bd2db124fe25210;2026-09-28T19:47:05.797752+00:00;false
LOC-0151;LOC-0190;WALKING;2026-08-17T07:00:00+03:00;OK;3459;58;4842;LOCAL_VALHALLA_MATRIX;1d1eeedd38f629ce4aecd642262f75c5f6dd8efe07deb84e9202061de3d59c49;27262177afe3b9e4d82bc435f523a3225bc4843f71faf070f4695f7a90fd553c;2026-09-28T19:47:05.797752+00:00;false
LOC-0151;LOC-0196;WALKING;2026-08-17T07:00:00+03:00;OK;2406;41;3331;LOCAL_VALHALLA_MATRIX;c3b502d8e9073bc090f72789533ec6bee0e72ac0c494fde815df29c11e5b3796;638b85d7cc89d886fbe3183b0262c6fbe256aabde3b18d940b6cf4bd3a547212;2026-09-28T19:47:05.797752+00:00;false
LOC-0152;LOC-0002;WALKING;2026-08-17T07:00:00+03:00;OK;5029;84;8909;LOCAL_VALHALLA_MATRIX;74de1da9f956dfb10f9f64e04470e07f5a89b332f5b7a8f08bc4520f19b2d053;47ff8f5f7c92bdd9e0d6c03315ad9975fedc593ee34e96d2c79dc136d8a7bdb2;2026-09-28T19:47:05.797752+00:00;false
LOC-0152;LOC-0008;WALKING;2026-08-17T07:00:00+03:00;OK;4718;79;6609;LOCAL_VALHALLA_MATRIX;433d0e72c19230c8a37114e4ace67963991703b1ab5c7031c223ab77ec532e9d;84cdf3194ca28b5c4d30994d2d930e7970ec9eab90b85fc39c01bd930a6035cb;2026-09-28T19:47:05.797752+00:00;false
LOC-0152;LOC-0009;WALKING;2026-08-17T07:00:00+03:00;OK;4971;83;11646;LOCAL_VALHALLA_MATRIX;59e8e7cdeba63f319e1d16c10b09ebfefe64933fab863c32521be8030abd6473;dedf1d7ccb276613ef8f0a4b0fb3ef9c818bebae7772b0934c3be460be6deaab;2026-09-28T19:47:05.797752+00:00;false
LOC-0152;LOC-0010;WALKING;2026-08-17T07:00:00+03:00;OK;5051;85;7091;LOCAL_VALHALLA_MATRIX;7b2494c4e740be52da5beea6f5231f7e0e650b16e05bb7a182b0be513ac41d03;b110dedf67bc36d9e6ad11f020f334cdd2c581787b6e0c6dad894cb28dadd808;2026-09-28T19:47:05.797752+00:00;false
LOC-0152;LOC-0011;WALKING;2026-08-17T07:00:00+03:00;OK;4572;77;6393;LOCAL_VALHALLA_MATRIX;a538f74eaf67d171e237dc2fc78ac1cd2745ab46e7df29dd582696a5284f1173;823941a59138fbec9b502468e7ec55094a9414d9925a9070674313009f38e139;2026-09-28T19:47:05.797752+00:00;false
LOC-0152;LOC-0012;WALKING;2026-08-17T07:00:00+03:00;OK;4336;73;6079;LOCAL_VALHALLA_MATRIX;ee7652c50d0a773c538c9c5e99744f57256d4b4a5a6e3b07c8479548e1eba166;ab38d3042101194bb08ea67e8821217d4e2eab8fdfd162439b917cf88945f781;2026-09-28T19:47:05.797752+00:00;false
LOC-0152;LOC-0013;WALKING;2026-08-17T07:00:00+03:00;OK;5531;93;9626;LOCAL_VALHALLA_MATRIX;9949af698a32a57cc0eb40e6a18be58afd9f4fb32e537998daecdacfa7def71d;5abb5b357d18061b8cf1f2b1d6d4e2a6e6c669736fb2601aef7087c3895fa9f6;2026-09-28T19:47:05.797752+00:00;false
LOC-0152;LOC-0016;WALKING;2026-08-17T07:00:00+03:00;OK;4711;79;6634;LOCAL_VALHALLA_MATRIX;6eb63cd59207549ee5ef10d0cb5133f4dfa8e8ce5b85ef984b43fe88bfa71a0a;2ecf335a0e7de1c6b3f60f38f759acb2c32a47bd9989db63aad733636b42ee41;2026-09-28T19:47:05.797752+00:00;false
LOC-0152;LOC-0017;WALKING;2026-08-17T07:00:00+03:00;OK;519;9;736;LOCAL_VALHALLA_MATRIX;0506de0a548cc07a4fa8123ee073c80eee5d5987abde611b5aaf386923f057bf;633ff28e343bd9d3fa695df88d11e5002e3f86044323ed17b31088173fcf46f3;2026-09-28T19:47:05.797752+00:00;false
LOC-0152;LOC-0018;WALKING;2026-08-17T07:00:00+03:00;OK;721;13;995;LOCAL_VALHALLA_MATRIX;270610365e6daeb46f10047517b183370eaecdd960156150011a70c03e03a82d;902efe264ba1ad0454993cda48ee703848a7b7cd924a49ba44ffc940aa9b2c4c;2026-09-28T19:47:05.797752+00:00;false
LOC-0152;LOC-0019;WALKING;2026-08-17T07:00:00+03:00;OK;5347;90;7506;LOCAL_VALHALLA_MATRIX;8319618fd88763ea354eb216fa7ed35d4ea2e8249b82e526f1e9277a98bad07e;f80d96ba956fe86bbb456e7a44e4f816a691077d42141549168c6b1c5fb17184;2026-09-28T19:47:05.797752+00:00;false
LOC-0152;LOC-0020;WALKING;2026-08-17T07:00:00+03:00;OK;4605;77;6444;LOCAL_VALHALLA_MATRIX;613d49e148fd47dd66bbbc3985bc094f83f42f2d21d594e469de0a738acf8796;9eaf942e23d82db29d6d2d4eb045d5dcf0324c86858d090afc7d7c1799bdea9a;2026-09-28T19:47:05.797752+00:00;false
LOC-0152;LOC-0023;WALKING;2026-08-17T07:00:00+03:00;OK;1863;32;2583;LOCAL_VALHALLA_MATRIX;2c0bbf60453a357a64139337a8c18fc0bee84adade3b19b1a7981c2dcdc01bc6;378212faa461411a47c6de8c4d430d936382d093473a6435e7c2f563125460df;2026-09-28T19:47:05.797752+00:00;false
LOC-0152;LOC-0027;WALKING;2026-08-17T07:00:00+03:00;OK;1443;25;2043;LOCAL_VALHALLA_MATRIX;dc6160d4071135bb3504f808cc0b4bdb775345312b356e06c6f92f18cca320c2;2c1bb3a473b3f51c4db4682efe6f7b120d738e2b8d4b8bb27594d7b24533dcdb;2026-09-28T19:47:05.797752+00:00;false
LOC-0152;LOC-0028;WALKING;2026-08-17T07:00:00+03:00;OK;3684;62;5194;LOCAL_VALHALLA_MATRIX;7be116b15fad20fe5623e45447abb1e53a0f9815b15f5a82cd9786f393f18a0d;e9601dd12fb8ab438b0da438c9272ba6411314c2be1f45188fbd9404b4b83ae1;2026-09-28T19:47:05.797752+00:00;false
LOC-0152;LOC-0029;WALKING;2026-08-17T07:00:00+03:00;OK;3714;62;5219;LOCAL_VALHALLA_MATRIX;30465bc8d6823e96fd484f6b842c4decab0e222a4737f85fc6165cf05ddf8e65;e095ab1dbb518dca4ca9d8b7924ae8a22422a895a800cad74000a7bccc660416;2026-09-28T19:47:05.797752+00:00;false
LOC-0152;LOC-0037;WALKING;2026-08-17T07:00:00+03:00;OK;5230;88;7320;LOCAL_VALHALLA_MATRIX;83cd965c156ab2744a4e7d3186811140412d464ec478f504df57b280c969ab21;17bb05037e660f445c9ab4dbbb6cc83407a71b5cd4abf3623ae8001ff491169b;2026-09-28T19:47:05.797752+00:00;false
LOC-0152;LOC-0045;WALKING;2026-08-17T07:00:00+03:00;OK;2697;45;3811;LOCAL_VALHALLA_MATRIX;7e5a22af986aeed9e4aecfb2908f9cfddaa2f1e9cfdf4236ff2014cad96cbbcf;49fddbe2902fa0f58be74e4eee2eb95338a3534b4520fa734d6ba68f9984ee16;2026-09-28T19:47:05.797752+00:00;false
LOC-0152;LOC-0053;WALKING;2026-08-17T07:00:00+03:00;OK;4317;72;6076;LOCAL_VALHALLA_MATRIX;349053038c4bdf50372dacd1517930ba8a83d6e74eb0ada644189650ced84765;0973b24a39a928b2d935caee2c3199cd0798416d3c77c45ce4ee39417babf404;2026-09-28T19:47:05.797752+00:00;false
LOC-0152;LOC-0054;WALKING;2026-08-17T07:00:00+03:00;OK;5078;85;7103;LOCAL_VALHALLA_MATRIX;e1f35df5ad55b3c45fb224ac117aeb60a8acdc58486f9c1ed8d252e9ac6d0e8b;5e439e51fd495196ce921d476a2ec6e98abaeea0bb9093f2e302071daa31a4b6;2026-09-28T19:47:05.797752+00:00;false
LOC-0152;LOC-0061;WALKING;2026-08-17T07:00:00+03:00;OK;4216;71;5868;LOCAL_VALHALLA_MATRIX;0f076c74c8a57a7b7fd064191b2bf869eb3b6a4561aa67568dc134e737d72359;993167a05836bdc47a81694935f10958bd2730e23ccdc468416a806176239311;2026-09-28T19:47:05.797752+00:00;false
LOC-0152;LOC-0063;WALKING;2026-08-17T07:00:00+03:00;OK;4520;76;6317;LOCAL_VALHALLA_MATRIX;0e78a579e40c8bc9de9ffcbe847abcadb2a3c27f3e81a0f2f6d10a795bcc6e24;64b5776bec7d70374da1fa513c9e4a12bedffac5a476883c373695342ae817c2;2026-09-28T19:47:05.797752+00:00;false
LOC-0152;LOC-0064;WALKING;2026-08-17T07:00:00+03:00;OK;4042;68;5642;LOCAL_VALHALLA_MATRIX;7836aa53b71551aab103a5d33b4d191681e0d1024262cd5c744ba56af1ae8cf3;469163715bf65778bfee113ae9e278b79d1130fc72820282ff03211a5aed8e65;2026-09-28T19:47:05.797752+00:00;false
LOC-0152;LOC-0074;WALKING;2026-08-17T07:00:00+03:00;OK;992;17;1388;LOCAL_VALHALLA_MATRIX;6b94ed91c7eb8a9f07ba7260eaaa586ae4f806c702ff2b675bc42406950eac2b;81d6e14da968e8871c96c10519f8d6bb63ecb58a629edc9c3b6ea3cb86d7f349;2026-09-28T19:47:05.797752+00:00;false
LOC-0152;LOC-0075;WALKING;2026-08-17T07:00:00+03:00;OK;513;9;717;LOCAL_VALHALLA_MATRIX;749b40307513dd2eb39586f071e605c7c5dce42c08d2a890022517a0bae99ba9;fae964c9c911d052851a73ca8ae0f63cd54acac51d36f4de389f2e97ea6ae7d2;2026-09-28T19:47:05.797752+00:00;false
LOC-0152;LOC-0076;WALKING;2026-08-17T07:00:00+03:00;OK;4925;83;6938;LOCAL_VALHALLA_MATRIX;2036ee7e04fbdaa00f7553dc8291176c8d3ce5976fdbf4aec58398266f721af8;8e36ab4274499c2ebc4c18c14b3eea98cf7729cef8ebdc691de88d23ed1ff56b;2026-09-28T19:47:05.797752+00:00;false
LOC-0152;LOC-0078;WALKING;2026-08-17T07:00:00+03:00;OK;3022;51;4233;LOCAL_VALHALLA_MATRIX;f46508b4d5a1aebf6839c5dc2b7f7992096bc44e7e691bd80e111f9675b572d2;96d204a08d7df57df23f4599b683b930cb134c73824b458b4c3ad49ece82753b;2026-09-28T19:47:05.797752+00:00;false
LOC-0152;LOC-0080;WALKING;2026-08-17T07:00:00+03:00;OK;904;16;1271;LOCAL_VALHALLA_MATRIX;477d8a82ac6df7b18160b26de8fd4f3b8727093886e0942c3d3fc3031dc53d71;d52f69a443dfa68cd0374e554426032538ed4c104c923441285f64fa48eba633;2026-09-28T19:47:05.797752+00:00;false
LOC-0152;LOC-0082;WALKING;2026-08-17T07:00:00+03:00;OK;4218;71;5865;LOCAL_VALHALLA_MATRIX;c04469955e83e3f7bc167ec12fc076a65e804fc973611ab742462a48a1821864;00a2662e203b8a7dcd8022f6f8c653082a9541d50cd8170a72f7065d9c6ebeac;2026-09-28T19:47:05.797752+00:00;false
LOC-0152;LOC-0085;WALKING;2026-08-17T07:00:00+03:00;OK;6019;101;10312;LOCAL_VALHALLA_MATRIX;74b26854f52e24ddf025340bbe9c93225d8b1908494054c1913499b8866804cf;a6b2ed15a619ac4983605634516da59515a06a7a09775ff5eeabc3fb7b9071cf;2026-09-28T19:47:05.797752+00:00;false
LOC-0152;LOC-0086;WALKING;2026-08-17T07:00:00+03:00;OK;6097;102;10420;LOCAL_VALHALLA_MATRIX;4c552e97353c7b22ce8837a118461cda968e422dad59dd842ffb2d001c2cee43;8f97bd30be313139bc22054599ab98d977c67c488e08b7574163037e1dc1bd26;2026-09-28T19:47:05.797752+00:00;false
LOC-0152;LOC-0091;WALKING;2026-08-17T07:00:00+03:00;OK;4481;75;6285;LOCAL_VALHALLA_MATRIX;34e72c36967a220d879256a80a3324559ff9660c500723d58e7c5a1d56be396e;77fbaec53bf3a08ae64aaa15851e32357002d0cbbecaaf99564c8effa50c0003;2026-09-28T19:47:05.797752+00:00;false
LOC-0152;LOC-0092;WALKING;2026-08-17T07:00:00+03:00;OK;3914;66;5485;LOCAL_VALHALLA_MATRIX;6819dee2db34a67063033036d5212e760c3195fb775bc9dacf2b3a9f34eee2ae;4b2aca1917818a2edee7bf3ce92ec74ca6c702ce20893f6c5bb26eec28ea295f;2026-09-28T19:47:05.797752+00:00;false
LOC-0152;LOC-0093;WALKING;2026-08-17T07:00:00+03:00;OK;3819;64;5351;LOCAL_VALHALLA_MATRIX;9bf4f14b87d451d356f2c150145204b2345177fce348234ae77638738c25155d;d176f44801cb637d5fabe9562b7f38884ce43cafc8c7db58ffb78c9900aefe00;2026-09-28T19:47:05.797752+00:00;false
LOC-0152;LOC-0094;WALKING;2026-08-17T07:00:00+03:00;OK;6544;110;11045;LOCAL_VALHALLA_MATRIX;f77a4dd2b1d09edfaf0b098ba12ded990cff111312f6f34c2bc3be1b76c0c2b9;332bd0d272f6196bea754e211e19c0218ddcc4642bb04e1a119886ef3c2aeac6;2026-09-28T19:47:05.797752+00:00;false
LOC-0152;LOC-0095;WALKING;2026-08-17T07:00:00+03:00;OK;6990;117;15109;LOCAL_VALHALLA_MATRIX;db67c417064173de5ee0f3bb67c9aff729b198f796fc958fcbc298717d30027e;93d07297ac25c7f4dfbecc3c9d32a793136c5f781851b2e5ec837f12744dd2b7;2026-09-28T19:47:05.797752+00:00;false
LOC-0152;LOC-0102;WALKING;2026-08-17T07:00:00+03:00;OK;4081;69;5722;LOCAL_VALHALLA_MATRIX;21feb11c2d9aa5fa90eb07d7637f39ece50cd196244d214585751e13d653dd77;c3464fd4f69a6e1cac32cb0163af349bdb26f444a10555611793b9b04e9c07c2;2026-09-28T19:47:05.797752+00:00;false
LOC-0152;LOC-0112;WALKING;2026-08-17T07:00:00+03:00;OK;2642;45;3683;LOCAL_VALHALLA_MATRIX;c4f0038b56f0fc2dd8c455891e17d960f8be3bd85e699988d4c3f0f9a9ca9274;fa74025265015d1eee6ca77c98f4225c4c64897ffcf7940871aef794308030a2;2026-09-28T19:47:05.797752+00:00;false
LOC-0152;LOC-0124;WALKING;2026-08-17T07:00:00+03:00;OK;4593;77;6436;LOCAL_VALHALLA_MATRIX;0802e61d5bd21221933b9e3a43fd2dc4d6ef5de86078b127c06e5aa8023cdb94;7996efb5e9cba1e7588f28940d994f94c79535cf02fcb13d38fe68152365315a;2026-09-28T19:47:05.797752+00:00;false
LOC-0152;LOC-0125;WALKING;2026-08-17T07:00:00+03:00;OK;1102;19;1524;LOCAL_VALHALLA_MATRIX;29f063db9d6bc9ae8bd8b2bda73e6cdb67ba03291371e7859f89e97110e45585;570a62e815488d40159713c5cc73e69c2a1f8c75fcf468374c0a4a1e570caa06;2026-09-28T19:47:05.797752+00:00;false
LOC-0152;LOC-0126;WALKING;2026-08-17T07:00:00+03:00;OK;2237;38;3119;LOCAL_VALHALLA_MATRIX;f3731277cbe8adf3cd204d4d6dd9f7e2608d64fcbb7d136392d62d7e1a33f2a1;548218ce862e78f046b82a20029b1f1f7f575e86b8ced319bada4036a9f555f6;2026-09-28T19:47:05.797752+00:00;false
LOC-0152;LOC-0128;WALKING;2026-08-17T07:00:00+03:00;OK;5034;84;7045;LOCAL_VALHALLA_MATRIX;365e36e80a6b71de0d7a40d85dc1eb1dbb5d1ebb1c0959734670f7bc0a096d16;23e37944f006782b5f131ca98f5b729862af56fe41ba35afd58218a96d2ea7db;2026-09-28T19:47:05.797752+00:00;false
LOC-0152;LOC-0134;WALKING;2026-08-17T07:00:00+03:00;OK;5251;88;9230;LOCAL_VALHALLA_MATRIX;1d3713aba3eb27c92bb8c74fe3ed4d5ca8ce24ba14d8d25d462d179c91908c5f;e6194d4dd0bda54c6e5da24f0c3fd05faa36e4b9ccb6055af0cb8e5f3377f5fd;2026-09-28T19:47:05.797752+00:00;false
LOC-0152;LOC-0135;WALKING;2026-08-17T07:00:00+03:00;OK;5241;88;9216;LOCAL_VALHALLA_MATRIX;b54c727d5e7949eaba21563036d9b18e390c1b43a1dc72d9be601b833a9ea387;0dce76ea1a6defaf33663d27e10d2950be308d5fd8939d49803645998bdc27d4;2026-09-28T19:47:05.797752+00:00;false
LOC-0152;LOC-0136;WALKING;2026-08-17T07:00:00+03:00;OK;5656;95;9790;LOCAL_VALHALLA_MATRIX;53dbbb3c9cb14f4fb13c467ac06153cf2551c40657999f6986b4c9473a6510dd;9571fddf9cd1b4929e614ba0f7b318eccf55c1ffb81fff3813eae6a38dfa653c;2026-09-28T19:47:05.797752+00:00;false
LOC-0152;LOC-0140;WALKING;2026-08-17T07:00:00+03:00;OK;4735;79;6671;LOCAL_VALHALLA_MATRIX;2df4d0a41683f474228cd2651d1eff1277d6693623f5ae34570fc5ed57e69dc0;a619c9d3d7ffd47dd0153b4082586bd52eb219583182ccea7181e054dbcf44f9;2026-09-28T19:47:05.797752+00:00;false
LOC-0152;LOC-0141;WALKING;2026-08-17T07:00:00+03:00;OK;3165;53;4446;LOCAL_VALHALLA_MATRIX;9db201cc1d3bdcb692962d340be52614c5b94f3ebff910f5f04af8f872660bee;0ec3108fec74701e3b3334a1822de0aa5983e9194f62b3da7c7ac19f10e5e5f1;2026-09-28T19:47:05.797752+00:00;false
LOC-0152;LOC-0142;WALKING;2026-08-17T07:00:00+03:00;OK;3245;55;4519;LOCAL_VALHALLA_MATRIX;8023861288dd08fbcef4a4adf1d2af5be2b1c49f2bef9f3bb6d9d1b9f33cd300;b68f607296da547bfa085c2068bbee8c1f201b86f009cce7a62fa19166b47afd;2026-09-28T19:47:05.797752+00:00;false
LOC-0152;LOC-0145;WALKING;2026-08-17T07:00:00+03:00;OK;4275;72;5976;LOCAL_VALHALLA_MATRIX;88ec509f5531a47af0e5291a06854bd0e567e414d6007d46e081ea10c98d282c;e8256c07c7de88c891b6867dec280acc66412fa8be9f06a1733cb9df340cf31f;2026-09-28T19:47:05.797752+00:00;false
LOC-0152;LOC-0148;WALKING;2026-08-17T07:00:00+03:00;OK;388;7;544;LOCAL_VALHALLA_MATRIX;c5a4bb8ca63aa378cf7c18bebb728d30f2a736aca7edb0c8cc91b99ef8c3984b;353e8aaedcb61de3ee8d3ea4dd4bc719ae366c48d72937a971e3d16d19dfca0c;2026-09-28T19:47:05.797752+00:00;false
LOC-0152;LOC-0149;WALKING;2026-08-17T07:00:00+03:00;OK;601;11;851;LOCAL_VALHALLA_MATRIX;b23c8d75e4f4d77fd004689695b91f9d98ef77406ca804509ebbef2cc0ae99d2;4d0af1c398d457037821ec0bdae65ea7918caf13f7ab2a1d63e19de101fe50fd;2026-09-28T19:47:05.797752+00:00;false
LOC-0152;LOC-0150;WALKING;2026-08-17T07:00:00+03:00;OK;733;13;1038;LOCAL_VALHALLA_MATRIX;b1ba84f0c7740dcf698f1b08d013091f37251f432d9de1d16aef859a3b3d167e;085ff9755bd17a8ab034b0f8bfcf39dbc7ab76ccfa2621ed79ca5a4488c70886;2026-09-28T19:47:05.797752+00:00;false
LOC-0152;LOC-0151;WALKING;2026-08-17T07:00:00+03:00;OK;65;2;92;LOCAL_VALHALLA_MATRIX;6d11d9a59e3f7a4f2285f8b9de5e183cc9a72c0abf14e231cfcf61a2a17c05d2;8e0e585b77b10e9ee99ea4670154933e4b97c9fc3be8cf705bd2db124fe25210;2026-09-28T19:47:05.797752+00:00;false
LOC-0152;LOC-0152;WALKING;2026-08-17T07:00:00+03:00;OK;0;0;0;LOCAL_VALHALLA_MATRIX;c25852a243dddd51746a2ab412cd56e1ca431c470d4121fdea230d87d42b30ed;3d5812abc84c11768aa73a732c85d75dbed439188f5bb3239e9b762ea31d9862;2026-09-28T19:47:05.797752+00:00;false
LOC-0152;LOC-0190;WALKING;2026-08-17T07:00:00+03:00;OK;3458;58;4863;LOCAL_VALHALLA_MATRIX;75717ea30679d2bea29f39758b1598e58d653f915b9b6104767bf49abaea7dbb;8a89de60459d00601771fc7c3db71741021b8fd0ca0ef079eb11e03a5644fdb8;2026-09-28T19:47:05.797752+00:00;false
LOC-0152;LOC-0196;WALKING;2026-08-17T07:00:00+03:00;OK;2432;41;3368;LOCAL_VALHALLA_MATRIX;32d0e1dc994d98b0e6f4a4adbef3bbcb04c30a757d8efa877398fb33fce0d5cb;b458f40b1980772f2ea43dcfc2c7a3cf0cc83aa62a1da7cea2ec578e38848d87;2026-09-28T19:47:05.797752+00:00;false
LOC-0190;LOC-0002;WALKING;2026-08-17T07:00:00+03:00;OK;3713;62;5219;LOCAL_VALHALLA_MATRIX;9a12b8bfcc0a9a3836af12bdbbf30b32842cf8cf2e5e8a228627735df74f746f;56e8a906a7f5a845a16fda908028632ad39e75e5cc1fca597b4f84c809323cc6;2026-09-28T19:47:05.797752+00:00;false
LOC-0190;LOC-0008;WALKING;2026-08-17T07:00:00+03:00;OK;1532;26;2145;LOCAL_VALHALLA_MATRIX;bc3d1d7771921e25c83bebd058535d6b765dd5712d304a124da3b148b107381c;92970b099cff0c67540fc1636407aac0c9d067eee01ffaec3f7fe58304d8758e;2026-09-28T19:47:05.797752+00:00;false
LOC-0190;LOC-0009;WALKING;2026-08-17T07:00:00+03:00;OK;8196;137;16170;LOCAL_VALHALLA_MATRIX;a8df6f9cfe8ec5e67e320976ed4b9efff7244bc43a3561827ef10e1c1bc4ee50;d7cb3c4515e3ba9efeb626d4b2541409afe841d9df4c23d34a120a1f4de63b4a;2026-09-28T19:47:05.797752+00:00;false
LOC-0190;LOC-0010;WALKING;2026-08-17T07:00:00+03:00;OK;2098;35;2951;LOCAL_VALHALLA_MATRIX;08a8c5103b19e19c3b51e1749bea5644801b8f7d1903e7ec02b2153027adb0df;7f6d49a40b98f9dc9d1dab5725bd8b122d1ea66685b7d75e03b09e4735fdde59;2026-09-28T19:47:05.797752+00:00;false
LOC-0190;LOC-0011;WALKING;2026-08-17T07:00:00+03:00;OK;1334;23;1853;LOCAL_VALHALLA_MATRIX;d4656467382e569f324d884ba3b32d6830e19637f2b7140736bdc16e3273e608;d5ee0da5305d1a0dc41d15cc8948c0714237212fe784eb6b69d387b0e91d7f89;2026-09-28T19:47:05.797752+00:00;false
LOC-0190;LOC-0012;WALKING;2026-08-17T07:00:00+03:00;OK;1150;20;1615;LOCAL_VALHALLA_MATRIX;c4675d5f570222b5f558403325fb39d0165ad63eca14c0f787d66bf22100da8b;986aaa8a87a11bf66070165a5f18e1f759cded714b4a420be5c301ecca4e2a88;2026-09-28T19:47:05.797752+00:00;false
LOC-0190;LOC-0013;WALKING;2026-08-17T07:00:00+03:00;OK;4433;74;6212;LOCAL_VALHALLA_MATRIX;76cf1cbc77521a4fd535bc7afcc16ef5d4e3f099ca8e6fd322c52a4cafe37fef;ef7c719e57c7310fc3f97b1048a97acc9d27c5ad10e829fcfc689561488f9d2c;2026-09-28T19:47:05.797752+00:00;false
LOC-0190;LOC-0016;WALKING;2026-08-17T07:00:00+03:00;OK;5805;97;8251;LOCAL_VALHALLA_MATRIX;f7db8acf6397eae68e3cd8e52e794bb6ec0cbf77e66036e6853fb641227dc917;218344a5be9fb2e47403a77c41ad0be29cb7fb674445be765cbfd9f97c616c3d;2026-09-28T19:47:05.797752+00:00;false
LOC-0190;LOC-0017;WALKING;2026-08-17T07:00:00+03:00;OK;3646;61;5107;LOCAL_VALHALLA_MATRIX;639e6aafd4a7ec63aa77801a3a367c38752f6280c4775b0bacace7a202684409;1da417ba7d1fe199df770a2b5b518cc3b764ca949f5911acb4ee2f5dc9cfaba6;2026-09-28T19:47:05.797752+00:00;false
LOC-0190;LOC-0018;WALKING;2026-08-17T07:00:00+03:00;OK;3144;53;4419;LOCAL_VALHALLA_MATRIX;ecd9edbb6437b184e0971b06f0625e534f3fbba77d9b4817dfe6f4f29e83cb8a;8bb2a2817fded96c0cc43af833323a34bf6310945f9ea1d74fada047ee031263;2026-09-28T19:47:05.797752+00:00;false
LOC-0190;LOC-0019;WALKING;2026-08-17T07:00:00+03:00;OK;2399;40;3368;LOCAL_VALHALLA_MATRIX;5118e29950ca39792157106e7b5ff8384d98dad9c49e234dd9e5e5a563d00e50;d72ccd907e336a00678fd39071b9d1adc8655e30e51be710e9d0a0fb50c316d2;2026-09-28T19:47:05.797752+00:00;false
LOC-0190;LOC-0020;WALKING;2026-08-17T07:00:00+03:00;OK;2938;49;4137;LOCAL_VALHALLA_MATRIX;c465956c90c7642fb3243132d8e1d779141349fa857918bce21e246cd36cfb8b;4240ab99f06acc755139646c4b7d43dc83d6a0a5cf12f9fe15d65c32b5488170;2026-09-28T19:47:05.797752+00:00;false
LOC-0190;LOC-0023;WALKING;2026-08-17T07:00:00+03:00;OK;3066;52;4292;LOCAL_VALHALLA_MATRIX;9f201b6366cf83b65e2ef6e061080b90b9e49b85e94832014fe220270e8a89dd;d7375e90ea568061a1e3c96ff411637df268953c2bd29e79087fa99ba8eeb151;2026-09-28T19:47:05.797752+00:00;false
LOC-0190;LOC-0027;WALKING;2026-08-17T07:00:00+03:00;OK;2794;47;3927;LOCAL_VALHALLA_MATRIX;fea9bd9fa3dd50bc83285d873d1d5891c96371cdb80418695895bd242d940e43;5392e1a00d4e98a697bbec7d5e36d7a1950edff119c63f1d2ad0ea97b4e9be69;2026-09-28T19:47:05.797752+00:00;false
LOC-0190;LOC-0028;WALKING;2026-08-17T07:00:00+03:00;OK;4898;82;7134;LOCAL_VALHALLA_MATRIX;f03d92dcc45bea8339c0c17b72682b5ed0e987d93c50d7284932e1445e538349;d503e2f9a3959f7e2044902e4e2da05a43a47cf87fec5c02bba9fe1183855eab;2026-09-28T19:47:05.797752+00:00;false
LOC-0190;LOC-0029;WALKING;2026-08-17T07:00:00+03:00;OK;4781;80;6967;LOCAL_VALHALLA_MATRIX;817d627b92c705ba6a917512381798bc41f9af27166a3f1038483588435409af;6cc1b6297e8128dd2dea270874ea971217fca9866541937c1fe8d7dc81c1a93c;2026-09-28T19:47:05.797752+00:00;false
LOC-0190;LOC-0037;WALKING;2026-08-17T07:00:00+03:00;OK;2682;45;3738;LOCAL_VALHALLA_MATRIX;af5b672553098eb31ae856569f63d853e230403663a987f4d753663866d06206;6b784b4518562e99a1422181892bddb1c919648a041733d73a413a4316520786;2026-09-28T19:47:05.797752+00:00;false
LOC-0190;LOC-0045;WALKING;2026-08-17T07:00:00+03:00;OK;4417;74;6169;LOCAL_VALHALLA_MATRIX;9288069a3d049493010225cf554d65c6dbc8816d693ce364bb596cb9f9a89a74;0d466a3be304670bede8d93a271bd71641c3828f83ff13a9ca6f57ad6a6d7d6d;2026-09-28T19:47:05.797752+00:00;false
LOC-0190;LOC-0053;WALKING;2026-08-17T07:00:00+03:00;OK;5335;89;7585;LOCAL_VALHALLA_MATRIX;56243924d511b6b320362fde431c4fa6bc91c55b9d51bde11f6505c3aa200dce;d6acdf987ba8ab215820065c30f2a45fc34edb47d59f4009ed8ad8a9cf5078aa;2026-09-28T19:47:05.797752+00:00;false
LOC-0190;LOC-0054;WALKING;2026-08-17T07:00:00+03:00;OK;2407;41;3350;LOCAL_VALHALLA_MATRIX;e61692a4ee9bafcacf0ab0249ff22e281cefe08256d3d7ddd944d95628b503be;6c33b01b96e8ad39ce0c461312e2df4b64f1215fd466794dfbdf6540b8367b73;2026-09-28T19:47:05.797752+00:00;false
LOC-0190;LOC-0061;WALKING;2026-08-17T07:00:00+03:00;OK;1031;18;1389;LOCAL_VALHALLA_MATRIX;eba71aafd9ce67fa19acd1e66bdbfb43cb6e5e27457c06f0f8600d5f080af7db;c531a3388b60dd1593fd5dc0b8a899bfe91cf10dfd30b59cd5fd851d3d47dd32;2026-09-28T19:47:05.797752+00:00;false
LOC-0190;LOC-0063;WALKING;2026-08-17T07:00:00+03:00;OK;5840;98;8146;LOCAL_VALHALLA_MATRIX;1db56af74b920ac993305d3256b053f72e4ef7c2dd0a792b1b6c633a876bd319;4b47c5c077a97a4c24b6b9b5aa58bc60ba8eaeaae7dda10719e4ff87c41ffa81;2026-09-28T19:47:05.797752+00:00;false
LOC-0190;LOC-0064;WALKING;2026-08-17T07:00:00+03:00;OK;5360;90;7479;LOCAL_VALHALLA_MATRIX;13134875624359379a69c6a2fc73f3d219e6572e3c8d912f534549d9458b6023;be7e9162eff7cb4311b6a8fc2b0413c10412272a3e586258966311a400fb8fcf;2026-09-28T19:47:05.797752+00:00;false
LOC-0190;LOC-0074;WALKING;2026-08-17T07:00:00+03:00;OK;2560;43;3600;LOCAL_VALHALLA_MATRIX;dfb0e482ee11b8499b0909b572036e7f8144619278cad1dd63a855a879f08b7d;f97bbeb54ca97a35f6aa8194a8120e65414e40b59e996e99ce9898e1f7b9b528;2026-09-28T19:47:05.797752+00:00;false
LOC-0190;LOC-0075;WALKING;2026-08-17T07:00:00+03:00;OK;2984;50;4178;LOCAL_VALHALLA_MATRIX;ee3ce31cfd639de06f3afb0c06eb5ed8b8ccb4e43fcd41345c5445166272738a;539129a4810e2c3d40bd779e2bba6fdaaa710b0d7e51090255cc23d1c60f2ca3;2026-09-28T19:47:05.797752+00:00;false
LOC-0190;LOC-0076;WALKING;2026-08-17T07:00:00+03:00;OK;6031;101;8578;LOCAL_VALHALLA_MATRIX;b0e595cc12c6754d9fe1b4d1b76f764c7c1e5eb9436e27d2bc7b18fa2fb89f33;9c0e15668af90056fe7527b5ac8e7ccf0e15169b7b6b49fd1f1a53c4eb7abedd;2026-09-28T19:47:05.797752+00:00;false
LOC-0190;LOC-0078;WALKING;2026-08-17T07:00:00+03:00;OK;4656;78;6503;LOCAL_VALHALLA_MATRIX;c3b07c550c04299d5c1671ec477923ef5a6aa2ca9177a179eb478c0ae5b97d3c;b8d749a58750354de4c0c1298446eebd355a4e8799f01ab7844d5cbecf495564;2026-09-28T19:47:05.797752+00:00;false
LOC-0190;LOC-0080;WALKING;2026-08-17T07:00:00+03:00;OK;2624;44;3677;LOCAL_VALHALLA_MATRIX;08d4635dff41c0e245732fc8652a89a125bda0a3c8060c2c74032862c1b9f1a5;900f1944964098eb49615fd710432cb3b11655850a0e8aa17150b60a66bf7b3d;2026-09-28T19:47:05.797752+00:00;false
LOC-0190;LOC-0082;WALKING;2026-08-17T07:00:00+03:00;OK;5362;90;7508;LOCAL_VALHALLA_MATRIX;2fd9c7ff9dfe53255c678a33d23e3efd013c8e8cf386f3104e566336c6cacc49;d897dc75d4359d5828134d4753621690163b33bbc653317ce8126c44d653ab0d;2026-09-28T19:47:05.797752+00:00;false
LOC-0190;LOC-0085;WALKING;2026-08-17T07:00:00+03:00;OK;4527;76;6312;LOCAL_VALHALLA_MATRIX;5725e8a6c0b4b6ff23e667f6b80d4a19c8f36c7c01e399be0688882b65a2b2be;6c64b661a2344e6191b7680c3efeaa6484d8110083dbda1133ae9f3d72409a2b;2026-09-28T19:47:05.797752+00:00;false
LOC-0190;LOC-0086;WALKING;2026-08-17T07:00:00+03:00;OK;4433;74;6184;LOCAL_VALHALLA_MATRIX;cc8a066befb8acf972f998386aa0f78a8bbf7c82078c1d5811fc6ac3786cf2e1;f1471fe7f0e5aebd8bc1406a967c1d3518f8720f2caa01362efedfab1ab69363;2026-09-28T19:47:05.797752+00:00;false
LOC-0190;LOC-0091;WALKING;2026-08-17T07:00:00+03:00;OK;1854;31;2598;LOCAL_VALHALLA_MATRIX;82052f616e2c08ccc6ae387acf8854d12ad2088f3db42e9ad74e8efdaf188bee;978d75243b518720f77c595a2109c1c2c3eef4994e96fee0845f7bd21a0923a3;2026-09-28T19:47:05.797752+00:00;false
LOC-0190;LOC-0092;WALKING;2026-08-17T07:00:00+03:00;OK;2104;36;2956;LOCAL_VALHALLA_MATRIX;ee4280ff5319d565eef7ba9d572cbf63ab83e4bb61d88aef807d3f9c96c8bf15;1ee332a1bb6f8ef4f66c68bef22dd2b0e009279ad691eb15494b65f9d1f3ee6a;2026-09-28T19:47:05.797752+00:00;false
LOC-0190;LOC-0093;WALKING;2026-08-17T07:00:00+03:00;OK;1988;34;2791;LOCAL_VALHALLA_MATRIX;5f491ab8eb0f1e3c459d218a292495b4501fb9ee0ba3d247bc8a62d21e1afc55;9ec4ca15bf57448eac644db0f3293956eee5c4fb7098464552bc4bfb9c706fab;2026-09-28T19:47:05.797752+00:00;false
LOC-0190;LOC-0094;WALKING;2026-08-17T07:00:00+03:00;OK;4842;81;6766;LOCAL_VALHALLA_MATRIX;b671ba9ad185f7c133a90e4098606269964fbc1717f0b3697dfb8cfb0a54b680;e8acbf2a90c697a7a689545aa3762fbad55b4f23560995fe47d815b775d70dc8;2026-09-28T19:47:05.797752+00:00;false
LOC-0190;LOC-0095;WALKING;2026-08-17T07:00:00+03:00;OK;5380;90;7516;LOCAL_VALHALLA_MATRIX;8f41627e1172bce931cdd5d9cdfd9ac6e650b0ec652a132aeb6392378619de12;6b171d2db139d5e6c55c9105ea8c39351eee92670707dc1951f5b666e2b62b09;2026-09-28T19:47:05.797752+00:00;false
LOC-0190;LOC-0102;WALKING;2026-08-17T07:00:00+03:00;OK;5556;93;7754;LOCAL_VALHALLA_MATRIX;2f6a7ee189e1411905d9f60b3c3eb7e0c603fbd8f1aeb3a7076e4d913287aa45;b20d233275e347f3b728f62a19dcdc254a925db9afe8a5bcd5a770e0f3280986;2026-09-28T19:47:05.797752+00:00;false
LOC-0190;LOC-0112;WALKING;2026-08-17T07:00:00+03:00;OK;1636;28;2263;LOCAL_VALHALLA_MATRIX;eab9c4d7f2d38065087c9590d42415251814ce57679a488717e1f218c5f32fef;60f24b3fa3bcd3b919402307226939fb1db19f0dd8a0f59e0d02bcafa6c0f988;2026-09-28T19:47:05.797752+00:00;false
LOC-0190;LOC-0124;WALKING;2026-08-17T07:00:00+03:00;OK;8361;140;16439;LOCAL_VALHALLA_MATRIX;a09533aa3f76d9b9032d3a5c78141f9e89bc1b698ae622331d66afc7b54383e2;2712577bc87666cfb433b6e2139b7965bc1f2e8b791f8bfc4eaec3ef1b2443fc;2026-09-28T19:47:05.797752+00:00;false
LOC-0190;LOC-0125;WALKING;2026-08-17T07:00:00+03:00;OK;3244;55;4545;LOCAL_VALHALLA_MATRIX;2daddd2fa3b6a6741d1ea9490570770e4f3a44bd363f85694f37a04ead8b59e5;f4b4f9cbab542904200e598d4e2b6ce6e05350ab5d8d8d24afcfdc5edca9dd52;2026-09-28T19:47:05.797752+00:00;false
LOC-0190;LOC-0126;WALKING;2026-08-17T07:00:00+03:00;OK;1282;22;1803;LOCAL_VALHALLA_MATRIX;8612f86592fef07f7737c33f31647a64a60ef4ddd8aa7627ce303f5979453a0a;6f11748e8a34e08f65ec8e682eca104b949d5278513be9bad461173032369940;2026-09-28T19:47:05.797752+00:00;false
LOC-0190;LOC-0128;WALKING;2026-08-17T07:00:00+03:00;OK;2658;45;3706;LOCAL_VALHALLA_MATRIX;1e1db4aba99371143b500293592a98cbeba16af0db8a784e4bb476f04b7db603;539c1fd84415ae95854a54f57b9298e77fec85c4addf9288c436a17a2055f3ea;2026-09-28T19:47:05.797752+00:00;false
LOC-0190;LOC-0134;WALKING;2026-08-17T07:00:00+03:00;OK;4024;68;5636;LOCAL_VALHALLA_MATRIX;e2a2a64b9f93dc0bbf909d9fbf7cd53c1038da41e36c68c7b0ebb8e07b1e8f8a;6abf3d6d58ed257bf9714fa3ae53168ed710b113250317bbec46661d22977545;2026-09-28T19:47:05.797752+00:00;false
LOC-0190;LOC-0135;WALKING;2026-08-17T07:00:00+03:00;OK;4243;71;5908;LOCAL_VALHALLA_MATRIX;1197b78c0a49dbf5b16b2c14ce4602fb9453d6906fedb46677fa7a201f411df9;0f1bc328c62afc7718de826d7ac06ea3de4d235845454aee1b37dffccb90a489;2026-09-28T19:47:05.797752+00:00;false
LOC-0190;LOC-0136;WALKING;2026-08-17T07:00:00+03:00;OK;4260;71;5960;LOCAL_VALHALLA_MATRIX;89515bf429b725670a3e5831f0f4f1f594daa046a0fde8c98a4cd875262aac79;69bee62f03b4417ddc7e0945986cf1edfa17aa4fdec0c7c92d7c9f213f162067;2026-09-28T19:47:05.797752+00:00;false
LOC-0190;LOC-0140;WALKING;2026-08-17T07:00:00+03:00;OK;5108;86;7132;LOCAL_VALHALLA_MATRIX;8b88ee24b3726d1133df2d196f064235f74467cfe24130fa059661d7e296d408;933bbba2346ea4bf4ed941bc04aecadd5d8ea508ad256e1786cd262d3e918fe8;2026-09-28T19:47:05.797752+00:00;false
LOC-0190;LOC-0141;WALKING;2026-08-17T07:00:00+03:00;OK;6395;107;8984;LOCAL_VALHALLA_MATRIX;33e379bd771dfeea68845dace47fc8fd60ebffc9cf890209ff4cd1bae6b0bf80;dd81c80c8b6c9bcdb219227d386fc86762af19a9f832441b380aafaf046544ae;2026-09-28T19:47:05.797752+00:00;false
LOC-0190;LOC-0142;WALKING;2026-08-17T07:00:00+03:00;OK;6470;108;9043;LOCAL_VALHALLA_MATRIX;4cc6dba9664d960565f6710762ecf0d2e8d36c24cef76e67838fbfe5c587605c;9bc83af3b9326e29b175b69202f072eee10b9138e437a72d6fe698c7a0e01867;2026-09-28T19:47:05.797752+00:00;false
LOC-0190;LOC-0145;WALKING;2026-08-17T07:00:00+03:00;OK;2982;50;4188;LOCAL_VALHALLA_MATRIX;40c58f9784b34d95b71210e9e161a5e609b45b1a13cab015d867c687c9d7ada5;bc26da97eb93e5e914420c4de1a49b46205382d94025f602838a3231043100e1;2026-09-28T19:47:05.797752+00:00;false
LOC-0190;LOC-0148;WALKING;2026-08-17T07:00:00+03:00;OK;3096;52;4339;LOCAL_VALHALLA_MATRIX;f51cd0755bead6a05ca91ddae4b5cd4e39cc083c71418859995f763230a34a57;66d198c150e7da3ecf622d22b396a645b66ae7e48629a3054e56aef2104c67d7;2026-09-28T19:47:05.797752+00:00;false
LOC-0190;LOC-0149;WALKING;2026-08-17T07:00:00+03:00;OK;2869;48;4025;LOCAL_VALHALLA_MATRIX;bb6d9318dcfb2ba779473306a24bff94ba27d2c74964659ed41c75f3ae3f37fe;489292bdd0ff1cdfdee29cf7066af8f243a07393d10e9f5a1e17aefea12e8d61;2026-09-28T19:47:05.797752+00:00;false
LOC-0190;LOC-0150;WALKING;2026-08-17T07:00:00+03:00;OK;2737;46;3846;LOCAL_VALHALLA_MATRIX;8120a9133f666d20fb470b509c41423413e6a3e7092fd65895e76cf0408add7f;d292a0600b66ad49ca94a8d35865b0a2d894e49e2a1ef3f3e8378920bdc2aeef;2026-09-28T19:47:05.797752+00:00;false
LOC-0190;LOC-0151;WALKING;2026-08-17T07:00:00+03:00;OK;3460;58;4843;LOCAL_VALHALLA_MATRIX;eaf84299c361e901cf3f7be4815b550f04fb40f49badc43767ad4954394869bc;a256d05fa48d845beb9d6f10352f52b6625badb177fac6138c0582f6e95c03a7;2026-09-28T19:47:05.797752+00:00;false
LOC-0190;LOC-0152;WALKING;2026-08-17T07:00:00+03:00;OK;3463;58;4848;LOCAL_VALHALLA_MATRIX;f7ec573f21a9190bb1a8cd1d129e2b2c4537477996f360357b78b2422299908d;9d04c59f9331abb9ad79515311f9609315f5f8b312134cc6189ac40454e9177a;2026-09-28T19:47:05.797752+00:00;false
LOC-0190;LOC-0190;WALKING;2026-08-17T07:00:00+03:00;OK;0;0;0;LOCAL_VALHALLA_MATRIX;721f3038047150ace3e159ee762a0c2c5e65e35b1ec85b057bce24e699a721a8;3d5812abc84c11768aa73a732c85d75dbed439188f5bb3239e9b762ea31d9862;2026-09-28T19:47:05.797752+00:00;false
LOC-0190;LOC-0196;WALKING;2026-08-17T07:00:00+03:00;OK;4162;70;5813;LOCAL_VALHALLA_MATRIX;842acfaa46dc3285c7615e278b4f0a291c4d0bf40bfa27d85eb13b0424abea8f;c9b275e64b3e4b57b6e75c502e235a3d24acae658ef77ebc6b1ac2405afb2711;2026-09-28T19:47:05.797752+00:00;false
LOC-0196;LOC-0002;WALKING;2026-08-17T07:00:00+03:00;OK;7494;125;12299;LOCAL_VALHALLA_MATRIX;71e65b2c3b43f75983fd9de7e21830402a8d66c1a8a5d78f98ab26ebeda35f2a;d0a8012df46e4346ce7fe92d3c77f21f3543adb2eb6e5b85dd9b239a6e04c297;2026-09-28T19:47:05.797752+00:00;false
LOC-0196;LOC-0008;WALKING;2026-08-17T07:00:00+03:00;OK;4980;83;6969;LOCAL_VALHALLA_MATRIX;6898c7514dbe4a2b4dcd4aa0922ea2ced403b9882bc68ea6df8c021cf55b49b8;064e9320579c17df95e4f8473d78eeb3e494f080e7b8ed215952c91123c57c7f;2026-09-28T19:47:05.797752+00:00;false
LOC-0196;LOC-0009;WALKING;2026-08-17T07:00:00+03:00;OK;5593;94;12515;LOCAL_VALHALLA_MATRIX;942ac5f05693f0c56f53df5bf8722fd8244fab22d7526f2e3380fef1c1042921;f737c274cc437f3c043f8986a4b00b05bcc2346986d924bd3b710506df60a483;2026-09-28T19:47:05.797752+00:00;false
LOC-0196;LOC-0010;WALKING;2026-08-17T07:00:00+03:00;OK;5078;85;7113;LOCAL_VALHALLA_MATRIX;5f17786bb6a604d369c924b64e4b7f350ba800774d0360ee2f9ff585c6621898;1ca01c20ac0804b86195442104c76e24234293e32479a98a3f87f2206b42684d;2026-09-28T19:47:05.797752+00:00;false
LOC-0196;LOC-0011;WALKING;2026-08-17T07:00:00+03:00;OK;4915;82;6864;LOCAL_VALHALLA_MATRIX;0b933bc58cb43d8af220ba5eee42ec4d47158cfa4aaa9ecef8790759668685f5;92ae17525b3d56672d23b4f812d5615f107cd10e50c2ae80588f1db832e67c1e;2026-09-28T19:47:05.797752+00:00;false
LOC-0196;LOC-0012;WALKING;2026-08-17T07:00:00+03:00;OK;4458;75;6221;LOCAL_VALHALLA_MATRIX;4fdb44f5b507ede9760b1b0ca7743902e4ff56ff0f6178f88e6735cc83ec3a8a;1227ca880c12d8c175608e078ae261d1c8cd74ce902d07350e410caa2335c5e7;2026-09-28T19:47:05.797752+00:00;false
LOC-0196;LOC-0013;WALKING;2026-08-17T07:00:00+03:00;OK;7996;134;13016;LOCAL_VALHALLA_MATRIX;306e5efc8adffd601c9edb50136dd0c230932c35dbf8790dcd109c9a0cf19587;f94abf50b121d419934b9ac0fad12cc1e1f46ffb82715c0397dbfda511f7ad6e;2026-09-28T19:47:05.797752+00:00;false
LOC-0196;LOC-0016;WALKING;2026-08-17T07:00:00+03:00;OK;7176;120;10024;LOCAL_VALHALLA_MATRIX;3d4a9e1fa0dd428cd7e426a605a5c732e74367ab1fa62843c22fc28da2bcc0bc;a5eb59c05024c49fa9c9726e82eab1717a3e037290a1eee1d411111e78c25655;2026-09-28T19:47:05.797752+00:00;false
LOC-0196;LOC-0017;WALKING;2026-08-17T07:00:00+03:00;OK;2432;41;3374;LOCAL_VALHALLA_MATRIX;1c48f972bca8395e0b0b5797efe6920c17e4bbddc9a5d82d354378fe7a3670a3;3c70dc7d51648c55c19c29cab74610b7d0296606455d5713990fbe9e984787fd;2026-09-28T19:47:05.797752+00:00;false
LOC-0196;LOC-0018;WALKING;2026-08-17T07:00:00+03:00;OK;2004;34;2795;LOCAL_VALHALLA_MATRIX;810ab13535e9c54bfdfe5cd7e7e3517efaaa22db63786ce734786c9a3a8e27bd;c6928d2be098acc538fbc03d940abf91dc5018a94ee336e07feecedd314444b5;2026-09-28T19:47:05.797752+00:00;false
LOC-0196;LOC-0019;WALKING;2026-08-17T07:00:00+03:00;OK;5405;91;7569;LOCAL_VALHALLA_MATRIX;7fdb815d9aab421758238f5c6b790bef97aa4c8f5b06b4e59bd3d97bd497afce;99f8d9ad57bfe200afbe17472b032c4ec4f9214823ebce5931e6a04180a0024f;2026-09-28T19:47:05.797752+00:00;false
LOC-0196;LOC-0020;WALKING;2026-08-17T07:00:00+03:00;OK;4301;72;5994;LOCAL_VALHALLA_MATRIX;09125f26f2359929a2bb12977e735e8eb548f0d4ee46e03a45a6f706a06730bd;eb80ccfb764e6b6650e699ee9223361b5ed64e979f0bbf2513b8d61005cc6995;2026-09-28T19:47:05.797752+00:00;false
LOC-0196;LOC-0023;WALKING;2026-08-17T07:00:00+03:00;OK;1112;19;1540;LOCAL_VALHALLA_MATRIX;db8e21aa1472a0423d7807d77166619a00b841aa54ef3e6c7a1a1eb7c54ea23a;9fd6dc8362b70a797eca14302cc4431bb102918ab986908143a4352d45848c12;2026-09-28T19:47:05.797752+00:00;false
LOC-0196;LOC-0027;WALKING;2026-08-17T07:00:00+03:00;OK;3760;63;5241;LOCAL_VALHALLA_MATRIX;a8011dce63f93791f8eeaa31a62b461e696464196116396ef961d32ba58d0f37;d442598826c73d0c3266ae6c9320e54ba38edaa090a9ade13eb8226125046085;2026-09-28T19:47:05.797752+00:00;false
LOC-0196;LOC-0028;WALKING;2026-08-17T07:00:00+03:00;OK;6149;103;8584;LOCAL_VALHALLA_MATRIX;08d589dfea700b8cd83e5bf7cbb3b7621c73d18f011fd389efa35f9925d94728;30100a5a463a4d5715d9ac6d202ee7a093244de9b88f618a8937e034c2d53db8;2026-09-28T19:47:05.797752+00:00;false
LOC-0196;LOC-0029;WALKING;2026-08-17T07:00:00+03:00;OK;6032;101;8417;LOCAL_VALHALLA_MATRIX;1bfb142ed331263bb842e194158de38008eb34d3d5d9b1ed989072a3f7ad85a3;83058b70cd98fa3704ec8e1bfa91e1ca0d87488b15c4b3a87609d7c1a405f05e;2026-09-28T19:47:05.797752+00:00;false
LOC-0196;LOC-0037;WALKING;2026-08-17T07:00:00+03:00;OK;6730;113;9375;LOCAL_VALHALLA_MATRIX;79fc2b1a0c0c738ef8ee94cd8e622aa9886fdd2ef9cd376bdf73ba19ef14c51f;4f540b554e88bed3b6b8f14c163bd059b019737123e7bff4c67f3c498639ea42;2026-09-28T19:47:05.797752+00:00;false
LOC-0196;LOC-0045;WALKING;2026-08-17T07:00:00+03:00;OK;4331;73;6022;LOCAL_VALHALLA_MATRIX;7ee3a0d36854eebd4af046b60a981c950c842c370976976d3d8cd2875c56aeda;5da6e6b2a4de200cb81e07e5e68b6e0710c6e47027ad88b0d9db105bc354c141;2026-09-28T19:47:05.797752+00:00;false
LOC-0196;LOC-0053;WALKING;2026-08-17T07:00:00+03:00;OK;6782;114;9466;LOCAL_VALHALLA_MATRIX;9507fa760dfcfd2de667e991f6c1b7e26833686725d3545c32502bf26ac7cea9;f7e48b706d4698f2a6ce9904e5dc0c0ab039883ac6cc3d16525a56f2d8c05301;2026-09-28T19:47:05.797752+00:00;false
LOC-0196;LOC-0054;WALKING;2026-08-17T07:00:00+03:00;OK;6295;105;8793;LOCAL_VALHALLA_MATRIX;e8c28be0ecc39cd214cc3f218c6cd41af26d09b1daba01209229a316f8452fd9;5d9499f31ab4f747bb9690c893d9545fac84192039ea122f4ecbeac3710250d6;2026-09-28T19:47:05.797752+00:00;false
LOC-0196;LOC-0061;WALKING;2026-08-17T07:00:00+03:00;OK;4492;75;6235;LOCAL_VALHALLA_MATRIX;5e522fdb57155da5f3baebd05d03aeb4f4ab2793b1f22a4a28242307bc7f0636;6cd5a7fb7df0aa9f89aefadd6f6f6cf73abe35ffb905ea9ddbfcd628d518ea83;2026-09-28T19:47:05.797752+00:00;false
LOC-0196;LOC-0063;WALKING;2026-08-17T07:00:00+03:00;OK;6106;102;8510;LOCAL_VALHALLA_MATRIX;8c5145cfea52c152134f17cb33cc64c634c07f2b039b152e97e32bb03eacb44e;8aa6277e1e031bb6fc24ff36f5e4fc93c78c8e2f4c63b4666144b23f308dc55d;2026-09-28T19:47:05.797752+00:00;false
LOC-0196;LOC-0064;WALKING;2026-08-17T07:00:00+03:00;OK;5627;94;7835;LOCAL_VALHALLA_MATRIX;482092424cbd3259e7dcb9578b435c0e40186130ccbf86a663b3275a185f9030;9ae71c1c2dd5e6cb6cd3f56bb5f076f988bb046e6fd1d66a0d68a49db29bd997;2026-09-28T19:47:05.797752+00:00;false
LOC-0196;LOC-0074;WALKING;2026-08-17T07:00:00+03:00;OK;2857;48;3965;LOCAL_VALHALLA_MATRIX;83f347e628d724613c4027d491e2cc4c87fe4007033d1a7c4f6d9e3e5236f62d;4ae44ed8ab045c117fc8e7abe9fa6d1a7c113ce5978a65a3bbd3fa1dcf3a331d;2026-09-28T19:47:05.797752+00:00;false
LOC-0196;LOC-0075;WALKING;2026-08-17T07:00:00+03:00;OK;2638;44;3658;LOCAL_VALHALLA_MATRIX;83b3a6a218ca02e588f7c7ca69774df1f455a199020b34f0c3c3a62b19ab7d9e;6e87e8047b934ba520fb4921b4109d72cf30714cf97a77c6093f815fee93d6e9;2026-09-28T19:47:05.797752+00:00;false
LOC-0196;LOC-0076;WALKING;2026-08-17T07:00:00+03:00;OK;7402;124;10331;LOCAL_VALHALLA_MATRIX;8919e17a44c2028b8b49403b4c9efad86ca844245c714c1cff66344a48349c38;4ef31169aec0a83e6e41544e000c3c45e684c85d2752b23337c9c202d892f7e8;2026-09-28T19:47:05.797752+00:00;false
LOC-0196;LOC-0078;WALKING;2026-08-17T07:00:00+03:00;OK;4756;80;6615;LOCAL_VALHALLA_MATRIX;ecf4efa0fd0f352577ae66d44b1096f3f8c572249646d137900c99854c1a19ed;806e8f628948cb5f00a30355c990d3021064347b09ec7fd8646773491526a3e1;2026-09-28T19:47:05.797752+00:00;false
LOC-0196;LOC-0080;WALKING;2026-08-17T07:00:00+03:00;OK;2384;40;3335;LOCAL_VALHALLA_MATRIX;0a4853079edc11f5f0e5957afc2b0b1037bffc20a77b9015447a772e706bcafc;d91de6f50d45c2e268ba560ba2cc6fdc8580543be18633f54111f6bb4b678755;2026-09-28T19:47:05.797752+00:00;false
LOC-0196;LOC-0082;WALKING;2026-08-17T07:00:00+03:00;OK;5786;97;8073;LOCAL_VALHALLA_MATRIX;91caf82264bf4653b0bdfe9de67b69c6e88ea556a6382f6c5cc566fbc6d1c47a;e1e348eec362d3b8996b262bc88b58ebb9a39c06a521dac74c347ea910212987;2026-09-28T19:47:05.797752+00:00;false
LOC-0196;LOC-0085;WALKING;2026-08-17T07:00:00+03:00;OK;8496;142;13705;LOCAL_VALHALLA_MATRIX;238ffda3407ff7b9c9027456e59fe734b6f502139343a2f2c5dd764e59f16e21;87d59433cc42c08eb30ef005e3fcdadd857d2ede3928079dd3b7e00648f62649;2026-09-28T19:47:05.797752+00:00;false
LOC-0196;LOC-0086;WALKING;2026-08-17T07:00:00+03:00;OK;8574;143;13813;LOCAL_VALHALLA_MATRIX;4a024c7db12d4b9b96d3089c035c597744a6e8fd488e0f14e5827a51490e3cdb;373be117eac0b8d26e2e4e959dce8741a13271c12099a212c1e83cb382bc02f2;2026-09-28T19:47:05.797752+00:00;false
LOC-0196;LOC-0091;WALKING;2026-08-17T07:00:00+03:00;OK;4391;74;6136;LOCAL_VALHALLA_MATRIX;32077323c73d6f699d4c6b63196a9c20344f29d48394dcca2997e051ed431130;054b4d6cd36e40c6618906ce32d4c10d4c8217f53cf79b67d81f2b1ac8804d83;2026-09-28T19:47:05.797752+00:00;false
LOC-0196;LOC-0092;WALKING;2026-08-17T07:00:00+03:00;OK;3803;64;5314;LOCAL_VALHALLA_MATRIX;e019f866881a2c41fdc3115c2c2b0a7e859b946b69e63594eeaea328b95a6858;3a1b044d23a1aa93751354d9a6a43444cd219538823eb0ae569ebc0303273800;2026-09-28T19:47:05.797752+00:00;false
LOC-0196;LOC-0093;WALKING;2026-08-17T07:00:00+03:00;OK;4217;71;5897;LOCAL_VALHALLA_MATRIX;b431dad04d513810594dd5fb7d787203eb4b41473c17b2b07d9fefdd85fb26e3;185fdddd1e9077ce13aba37101d26d3fdbb106994ca0b529749549e8cacea53c;2026-09-28T19:47:05.797752+00:00;false
LOC-0196;LOC-0094;WALKING;2026-08-17T07:00:00+03:00;OK;9021;151;14438;LOCAL_VALHALLA_MATRIX;73c47f139ba3ad24d3e88f217ca46397492ef21144cf92db66c9d94abf9c04d1;ea34e404dfa7f05b1cef7592d0c4d81547b054bc06df5d54c861a05af0121455;2026-09-28T19:47:05.797752+00:00;false
LOC-0196;LOC-0095;WALKING;2026-08-17T07:00:00+03:00;OK;9468;158;18502;LOCAL_VALHALLA_MATRIX;80d8065ce38aab4c64d565379f8bdd57d2f2fb130a18ce500fd2c2866d709570;3b04e1fd6e7258921e71e5ada496302c5597ca15b83557121d0c70f30328aa1c;2026-09-28T19:47:05.797752+00:00;false
LOC-0196;LOC-0102;WALKING;2026-08-17T07:00:00+03:00;OK;5308;89;7369;LOCAL_VALHALLA_MATRIX;c99f3300d96e7249883d5c9adf8e67068fb5c544d24f3c3ac928708f2b8975db;68b753efe8e885ce8b6d66842b8c4f8e8e2fe40f2eb1a7a7754a97c4122744bc;2026-09-28T19:47:05.797752+00:00;false
LOC-0196;LOC-0112;WALKING;2026-08-17T07:00:00+03:00;OK;2800;47;3897;LOCAL_VALHALLA_MATRIX;fd0cd2d22c5178fc12ad5c856863c96f58fa0a43a792d6d132d02b89ac94174e;b64f32846bef401b687b97c95e7d07973e82b427e8345a037ec0ad01e469f16a;2026-09-28T19:47:05.797752+00:00;false
LOC-0196;LOC-0124;WALKING;2026-08-17T07:00:00+03:00;OK;5338;89;7486;LOCAL_VALHALLA_MATRIX;95b10ae7ca5a1de6b703505ac491e454865ff24fe757ec38e4ed0e4dcde9247b;ab63522ee938a16946b0764e1783148c2c35aaa7ec24818508af51156d062981;2026-09-28T19:47:05.797752+00:00;false
LOC-0196;LOC-0125;WALKING;2026-08-17T07:00:00+03:00;OK;1797;30;2490;LOCAL_VALHALLA_MATRIX;4b1b5f44c4e327266b54f539d58aa3d1476f9ab57483ac4e7b8ad3625aef25df;556dde2fe1f9b6d7e61b0ced508bf5193cac3a38c4b1706cfaa1935de821c41f;2026-09-28T19:47:05.797752+00:00;false
LOC-0196;LOC-0126;WALKING;2026-08-17T07:00:00+03:00;OK;3734;63;5220;LOCAL_VALHALLA_MATRIX;f97d80b2399c8b38a640c2b7b2f1ad476f80d85ac92d5c5ccee8d74b9b8a276a;8526b6c263d47abda6269a751ee8588d2ec488f0dda29816f4b3e7ff7c91d91b;2026-09-28T19:47:05.797752+00:00;false
LOC-0196;LOC-0128;WALKING;2026-08-17T07:00:00+03:00;OK;6547;110;9149;LOCAL_VALHALLA_MATRIX;7df30867bb77f04980f2b17d2ebb7946e0da624e8d53d3b3c9c0aa70324e7b86;c21c0d81d8ab827f71ad8fcd208bbb4f922f05837c8c5dedf5abd00115c21d5d;2026-09-28T19:47:05.797752+00:00;false
LOC-0196;LOC-0134;WALKING;2026-08-17T07:00:00+03:00;OK;7728;129;12623;LOCAL_VALHALLA_MATRIX;65e089cdd3a78ac32747e63014866037330ef8fca92965843ad99213443262a9;913d914451452df1474772055b3d62720c3c9441873bb640a49a72647537dcd6;2026-09-28T19:47:05.797752+00:00;false
LOC-0196;LOC-0135;WALKING;2026-08-17T07:00:00+03:00;OK;7718;129;12609;LOCAL_VALHALLA_MATRIX;f8a36eed2935e0430e5722f27e0cd3824d1a3313ff25777be07c40b1394755fc;3deb87574c8e6ec87ff5da5478a35c0ed097cfe140b1e0c3f91ebce842fa434d;2026-09-28T19:47:05.797752+00:00;false
LOC-0196;LOC-0136;WALKING;2026-08-17T07:00:00+03:00;OK;8133;136;13183;LOCAL_VALHALLA_MATRIX;3d0642c0afcc50387ecba69663f9f45c266a2aaebf24fbebb4422a7569676290;866a437ddefcc586a712873ed8aba1c5ee90357b295b905a8c1ac90d77c589ea;2026-09-28T19:47:05.797752+00:00;false
LOC-0196;LOC-0140;WALKING;2026-08-17T07:00:00+03:00;OK;7212;121;10064;LOCAL_VALHALLA_MATRIX;fe308aa871668b875e8b52fb2b5392de816f51c39a69cae6ada11034ad28129f;645b34f2ea784ce30e5479e16b0948e0ee8dce1be198c4d0012abedf3acf14b5;2026-09-28T19:47:05.797752+00:00;false
LOC-0196;LOC-0141;WALKING;2026-08-17T07:00:00+03:00;OK;3855;65;5402;LOCAL_VALHALLA_MATRIX;75c4531d49b293285e5b1456ac44de101283c0a34424e07a86c5d8a1ea1c034b;c905a083a07a277f50a6fada7609c68aa6807c9e7a209a8d3473550c7a538696;2026-09-28T19:47:05.797752+00:00;false
LOC-0196;LOC-0142;WALKING;2026-08-17T07:00:00+03:00;OK;3843;65;5344;LOCAL_VALHALLA_MATRIX;49a207665ee3d3db7ea1bd99976bf902e15d7625941f7d3fbc05fdfc2c2759a1;321bf9078c857b34cf7158781d4a58ba18b9e82b35787f99179587feb8aa5b80;2026-09-28T19:47:05.797752+00:00;false
LOC-0196;LOC-0145;WALKING;2026-08-17T07:00:00+03:00;OK;4016;67;5598;LOCAL_VALHALLA_MATRIX;909560c886aa3a1268e01cb8172bf3bd47a4c8f15225fb71f8d38bebde73fb06;8cb5bcaa003bef45dbf33ebd13ba3436348a14b8759f58350dde34cbcd1267e7;2026-09-28T19:47:05.797752+00:00;false
LOC-0196;LOC-0148;WALKING;2026-08-17T07:00:00+03:00;OK;2688;45;3733;LOCAL_VALHALLA_MATRIX;0e140c69e80d05c04347c9ffd4bae0ce83ab107cf314f0a37e3734560002efe7;879fea10b8b1f139351e7462f5d85fa2f2101a6c3d8551ad3de4bce5bcff8b79;2026-09-28T19:47:05.797752+00:00;false
LOC-0196;LOC-0149;WALKING;2026-08-17T07:00:00+03:00;OK;2872;48;3985;LOCAL_VALHALLA_MATRIX;3a561aa8a3cbd8ca909c84e29336777264f8d03156e74b08ee039776a90f4104;59aad9cb42eaae8adc10ce1108378178f8d7245250be198724bfa4fac0891ebb;2026-09-28T19:47:05.797752+00:00;false
LOC-0196;LOC-0150;WALKING;2026-08-17T07:00:00+03:00;OK;3004;51;4171;LOCAL_VALHALLA_MATRIX;2b07d111a49a80443e122b7e20e32be04c3a5a6230d2a1927dbb3641c3bc8db9;e97c2076ac0e02df36a77965372b8fa782c28efab8fb45831dc9248893e27561;2026-09-28T19:47:05.797752+00:00;false
LOC-0196;LOC-0151;WALKING;2026-08-17T07:00:00+03:00;OK;2405;41;3331;LOCAL_VALHALLA_MATRIX;6ca97635faf4828e2806b83fa6c6c07d3566df7bd2716cdedb66bbb54afd0ae3;aed114cf6c0313eddd0fa128b5381810f040fe244d95c53b3a3754df9e1f7e50;2026-09-28T19:47:05.797752+00:00;false
LOC-0196;LOC-0152;WALKING;2026-08-17T07:00:00+03:00;OK;2432;41;3368;LOCAL_VALHALLA_MATRIX;8120ed69ee3b3de0685da5d459b86c7e9240aeec5245e0d04c81c50dc9966ece;b458f40b1980772f2ea43dcfc2c7a3cf0cc83aa62a1da7cea2ec578e38848d87;2026-09-28T19:47:05.797752+00:00;false
LOC-0196;LOC-0190;WALKING;2026-08-17T07:00:00+03:00;OK;4164;70;5813;LOCAL_VALHALLA_MATRIX;77cb020b98bce6d0729d18451fb418d46795c35331299afe2271cf420aa30240;dbfcf1574a3fac6c6201c304bae90974cc05370ee0eedf9c924ceeb735ab3f4b;2026-09-28T19:47:05.797752+00:00;false
LOC-0196;LOC-0196;WALKING;2026-08-17T07:00:00+03:00;OK;0;0;0;LOCAL_VALHALLA_MATRIX;216d41d8985543aed6b78fcb1fca1f2c36e8d85f7eb9d93a46d71b2ea5adb35e;3d5812abc84c11768aa73a732c85d75dbed439188f5bb3239e9b762ea31d9862;2026-09-28T19:47:05.797752+00:00;false
