origin_id;destination_id;mode;departure_at;status;duration_seconds;duration_minutes;distance_m;provider_status;request_sha256;response_sha256;fetched_at;cache_hit
LOC-0002;LOC-0002;PUBLIC_TRANSIT;2026-08-17T07:00:00+03:00;OK;0;0;0;LOCAL_TRANSIT_OPTIMISTIC_SCREENING;d32b34229ed7fb10e9b65cfa3da92c9aa995e83200c226f8477b0185d8edf924;3d5812abc84c11768aa73a732c85d75dbed439188f5bb3239e9b762ea31d9862;2026-09-16T18:40:18.343781+00:00;true
LOC-0002;LOC-0008;PUBLIC_TRANSIT;2026-08-17T07:00:00+03:00;OK;1856;31;5659;LOCAL_TRANSIT_OPTIMISTIC_SCREENING;48803deadbab430350e92308b87c2e8b15d23ac32eded015ec67d376b5c40efc;0a05cdf7bfccab67ad8bfc46e0722e8375f99931a2750f4f07d98305da87bc2c;2026-09-16T18:40:18.343781+00:00;true
LOC-0002;LOC-0009;PUBLIC_TRANSIT;2026-08-17T07:00:00+03:00;OK;2605;44;8701;LOCAL_TRANSIT_OPTIMISTIC_SCREENING;a45d38691ac6ef18e472c9b1460bfe327ec2282e19fa90ac1a63fad1e5f1fa64;5b85716f894d01687d62e373f9a476fc8b85b7d27714a233f24f403dd8e22428;2026-09-16T18:40:18.343781+00:00;true
LOC-0002;LOC-0010;PUBLIC_TRANSIT;2026-08-17T07:00:00+03:00;OK;1890;32;6334;LOCAL_TRANSIT_OPTIMISTIC_SCREENING;7e844d3af947c3b6def7d69068fd1855d4036ebc872ee5ff60aed71c8b816c8e;9ce85aa0693df30a9c62bc12c91b18070614246c9cb7e2887c1eb06beca5f19a;2026-09-16T18:40:18.343781+00:00;true
LOC-0002;LOC-0011;PUBLIC_TRANSIT;2026-08-17T07:00:00+03:00;OK;1532;26;4968;LOCAL_TRANSIT_OPTIMISTIC_SCREENING;72afa0f06ebede77f0d71c035dfe1a78613b7214586a0bc3350027db0a5e9afd;0c56e36c923a2e811b8e8ddf20f2ae90cddd3733bda736afc4d7ea05c5c3d361;2026-09-16T18:40:18.343781+00:00;true
LOC-0002;LOC-0012;PUBLIC_TRANSIT;2026-08-17T07:00:00+03:00;OK;1825;31;5387;LOCAL_TRANSIT_OPTIMISTIC_SCREENING;1f225359d7e566ef6e83589ba6a65c53060fce8be12c3f480d1832c03c8e59c3;d45c2364842657c0fcd034155aee1bf91b35656813f1d372782fc2c45ddaaad5;2026-09-16T18:40:18.343781+00:00;true
LOC-0002;LOC-0013;PUBLIC_TRANSIT;2026-08-17T07:00:00+03:00;OK;699;12;1053;LOCAL_TRANSIT_OPTIMISTIC_SCREENING;558331de770abe2ff395e17cf178c3ba5378f23ac5e5dd875ce23c61eb911295;faffab4d63f1c1cc030c8aeeee36b47b15170903760da7cb2c24c26885a28a59;2026-09-16T18:40:18.343781+00:00;true
LOC-0002;LOC-0016;PUBLIC_TRANSIT;2026-08-17T07:00:00+03:00;OK;1271;22;3478;LOCAL_TRANSIT_OPTIMISTIC_SCREENING;1d4196d00f148b5cc39f60646b8080187cb501e1d816e1ed70450bb2bec2a605;86305e6ff889c59d073c6f64ffaac80ee6bd034b02e8b94cfd152ad547ef8f29;2026-09-16T18:40:18.343781+00:00;true
LOC-0002;LOC-0017;PUBLIC_TRANSIT;2026-08-17T07:00:00+03:00;OK;2615;44;6021;LOCAL_TRANSIT_OPTIMISTIC_SCREENING;f6dd5cb3c163b56d05e7adbcf61a4e3321fbfa62ddc5f6f707ac9dae5844f5e0;5577a8671c64673fa4bb513a71873b859a1daf1ed82b89f06bdcfcc1346428f5;2026-09-16T18:40:18.343781+00:00;true
LOC-0002;LOC-0018;PUBLIC_TRANSIT;2026-08-17T07:00:00+03:00;OK;2250;38;6305;LOCAL_TRANSIT_OPTIMISTIC_SCREENING;423221205de17d40b8a6e47496ede5887d7bd5c8c39211e412eed05ef526cacf;36202900e9908dac1e688839b31da79d47b33e4688fdf0c52cf836ed31ba6b7a;2026-09-16T18:40:18.343781+00:00;true
LOC-0002;LOC-0019;PUBLIC_TRANSIT;2026-08-17T07:00:00+03:00;OK;2106;36;6611;LOCAL_TRANSIT_OPTIMISTIC_SCREENING;6ef7a5c2ee3a3ee690796489131a0c16fadc323e89a20b88042cfddb970bfbd0;b55305aa108fa1722839f5cb1dc7ae77be83d81dd06789e397e6bae9aff0fb39;2026-09-16T18:40:18.343781+00:00;true
LOC-0002;LOC-0020;PUBLIC_TRANSIT;2026-08-17T07:00:00+03:00;OK;2259;38;7431;LOCAL_TRANSIT_OPTIMISTIC_SCREENING;85023afa1eea461752656505b9534a7f2f4e12d026cb28e881d54886d6b468a2;f61a7dc4869e501a3b640d4e825b82695c962625bd143e71bbb80233f2722f58;2026-09-16T18:40:18.343781+00:00;true
LOC-0002;LOC-0023;PUBLIC_TRANSIT;2026-08-17T07:00:00+03:00;OK;2742;46;7164;LOCAL_TRANSIT_OPTIMISTIC_SCREENING;426e0b886b4329894f2472d0165e088dd09718000da25e62d16509e875d3d7aa;31f2ca52428f89b2e5132e86cf8c65d9e59f711fffe51c6dbb73e7804f3fd26a;2026-09-16T18:40:18.343781+00:00;true
LOC-0002;LOC-0027;PUBLIC_TRANSIT;2026-08-17T07:00:00+03:00;OK;1605;27;4225;LOCAL_TRANSIT_OPTIMISTIC_SCREENING;a3b53ae9c38ae2d2430416757f353a979e271af1a6fdef18599ce2ca60a03e0c;d572a460c752a87b80d5ff7149278d6347be50132b339615c4a10a4fad9f8225;2026-09-16T18:40:18.343781+00:00;true
LOC-0002;LOC-0028;PUBLIC_TRANSIT;2026-08-17T07:00:00+03:00;OK;1777;30;3675;LOCAL_TRANSIT_OPTIMISTIC_SCREENING;9a22631d33f08f6e5893c6740bed3b11c1ce99bd9422d5c11960e0bf15ba160d;7c6428c21a7b575b5350bfd3b2bda778abdc21add8205e33b223af908885ddfb;2026-09-16T18:40:18.343781+00:00;true
LOC-0002;LOC-0029;PUBLIC_TRANSIT;2026-08-17T07:00:00+03:00;OK;1834;31;3727;LOCAL_TRANSIT_OPTIMISTIC_SCREENING;22dd7932f48794ab2633b6717cfabd7e85524014ba4a1f1af3756e15ddb7586f;f08d188fd5ea1217ea700376ee120a40adcb18b4d27b629e3fc49460054ff612;2026-09-16T18:40:18.343781+00:00;true
LOC-0002;LOC-0037;PUBLIC_TRANSIT;2026-08-17T07:00:00+03:00;OK;840;14;1808;LOCAL_TRANSIT_OPTIMISTIC_SCREENING;c2d68b8bcd1b5802ffc73e1c3445e9f949cbc24993b43a76635741e3302a74fe;720b6fdfc9096080718ee5b46eb90b462c15c08fc2daa298e22b6bb39496f9af;2026-09-16T18:40:18.343781+00:00;true
LOC-0002;LOC-0045;PUBLIC_TRANSIT;2026-08-17T07:00:00+03:00;OK;1962;33;4813;LOCAL_TRANSIT_OPTIMISTIC_SCREENING;30def636c413a32f3b1d367ea03e312170db6fb12e071ed99eb3525158eb70e6;98b14af83fed771cd51cea9bbeb7050143fdab99b43fca8c0aad5bdbc28712ee;2026-09-16T18:40:18.343781+00:00;true
LOC-0002;LOC-0053;PUBLIC_TRANSIT;2026-08-17T07:00:00+03:00;OK;1029;18;2820;LOCAL_TRANSIT_OPTIMISTIC_SCREENING;b643d0e0c3918952617e4ae711d5cc4be0629503f1f0a784cb2010a22e7b62b1;d6bacfd70e6db3ce034d5abe0b4d7b5cd9d84fc9cf5cb1145dcd105621d7ac01;2026-09-16T18:40:18.343781+00:00;true
LOC-0002;LOC-0054;PUBLIC_TRANSIT;2026-08-17T07:00:00+03:00;OK;993;17;2040;LOCAL_TRANSIT_OPTIMISTIC_SCREENING;599f0dbf4f510ff40bca3c4f1dbcefc855fe1a7f794c3b78a1d1c6baf0c78f3b;177214690541e285e3fd698bae67502b718e9e09ed1b04766d76e219a9d173e9;2026-09-16T18:40:18.343781+00:00;true
LOC-0002;LOC-0061;PUBLIC_TRANSIT;2026-08-17T07:00:00+03:00;OK;1849;31;5026;LOCAL_TRANSIT_OPTIMISTIC_SCREENING;c3964fd37f451d7b610a7402dca810147d1bad67044c2c078922653116dcb1aa;0014929edb619a9d873b9b97c6dc35aaf2ba6f001d58df8cba0d8f8f14b01c9e;2026-09-16T18:40:18.343781+00:00;true
LOC-0002;LOC-0063;PUBLIC_TRANSIT;2026-08-17T07:00:00+03:00;OK;1512;26;5389;LOCAL_TRANSIT_OPTIMISTIC_SCREENING;00d36f3fd28aa5dc676cec855ab2123e34bd924dc50948965d05faf5514ebca1;8f60059cb59848f3d63b45961a31319e1e2cc0ee3a244e68132e6e2506264847;2026-09-16T18:40:18.343781+00:00;true
LOC-0002;LOC-0064;PUBLIC_TRANSIT;2026-08-17T07:00:00+03:00;OK;1842;31;5316;LOCAL_TRANSIT_OPTIMISTIC_SCREENING;1537c40f01896cdc6f293b674d1d5cce0a97fd630824b618a53fa5c54e90ba50;88ff8bdf047a51d20794d2184c2282e24e121f35d2d227076f12b1c4854c64f9;2026-09-16T18:40:18.343781+00:00;true
LOC-0002;LOC-0074;PUBLIC_TRANSIT;2026-08-17T07:00:00+03:00;OK;2275;38;5330;LOCAL_TRANSIT_OPTIMISTIC_SCREENING;c3867b6ed38b84f59fbb111c75fbafe0f049cd4a4ddf4c1e9be3588e0dde2511;e79f36b7623411111b3aac1145f37f6552ae645a257b08785cc851be10fea8c2;2026-09-16T18:40:18.343781+00:00;true
LOC-0002;LOC-0075;PUBLIC_TRANSIT;2026-08-17T07:00:00+03:00;OK;2315;39;5587;LOCAL_TRANSIT_OPTIMISTIC_SCREENING;7a72fa6bb8c3d087dbc34b885b05bda26b03296e0a24f436cfbb8ad5ddad07d9;cb13697b419fb6cc303d95758ef65c3c72db233dc58d8111489f5377256c7a6b;2026-09-16T18:40:18.343781+00:00;true
LOC-0002;LOC-0076;PUBLIC_TRANSIT;2026-08-17T07:00:00+03:00;OK;1567;27;3890;LOCAL_TRANSIT_OPTIMISTIC_SCREENING;e660a8823016cd9c7d3b56940d582a975cc645e8f7ff0a257ae3c2a38a52a15c;0e0bc47f21f52b7f60b350015600f45cb30cf84422acff94eccbe01e6ba2ebd0;2026-09-16T18:40:18.343781+00:00;true
LOC-0002;LOC-0078;PUBLIC_TRANSIT;2026-08-17T07:00:00+03:00;OK;1862;32;4991;LOCAL_TRANSIT_OPTIMISTIC_SCREENING;2ba8aa46b90a1b9c12da2ef109772343cd25a346aca5fcb4a7ea51068af79cd1;039954ba57620d89421a02c49d02d4c0ab9c0e7817c5cb1cd09e800b30cf4191;2026-09-16T18:40:18.343781+00:00;true
LOC-0002;LOC-0080;PUBLIC_TRANSIT;2026-08-17T07:00:00+03:00;OK;2277;38;5796;LOCAL_TRANSIT_OPTIMISTIC_SCREENING;f68c5194cf5fb920841e3b05a5a473fad8ac78115f7f1820e445304a7ae48ed7;72355cbd13451ff1caa774ff68e9dce05849e398b845809d28ef83f4b9d33620;2026-09-16T18:40:18.343781+00:00;true
LOC-0002;LOC-0082;PUBLIC_TRANSIT;2026-08-17T07:00:00+03:00;OK;1644;28;4694;LOCAL_TRANSIT_OPTIMISTIC_SCREENING;7c2d3f5b745e64d6e2afa77e4bcc9bdac7995e0dd32e61fab391068666329347;16642f15fba944dd72daaeff435f825c1b1fd91538c8d92fe3590e3e1e0a9dcb;2026-09-16T18:40:18.343781+00:00;true
LOC-0002;LOC-0085;PUBLIC_TRANSIT;2026-08-17T07:00:00+03:00;OK;729;13;1034;LOCAL_TRANSIT_OPTIMISTIC_SCREENING;3e75cc1000a1c84ab2e3faf29f425c6e6d79872900cd0e5fbcf2759cd3114337;4251ec57998e8000e88d5083d650d43329ddf9926f47716a6c8cc7d458c365cd;2026-09-16T18:40:18.343781+00:00;true
LOC-0002;LOC-0086;PUBLIC_TRANSIT;2026-08-17T07:00:00+03:00;OK;793;14;1003;LOCAL_TRANSIT_OPTIMISTIC_SCREENING;f85b59e5fec8383006a46dcdd4f577b43672dc9f5207da597f3c898f5cb5326e;2f49bd5c50a2f48db6a760c8f64a3fc9d97c53957f093599ece98dd572cdb900;2026-09-16T18:40:18.343781+00:00;true
LOC-0002;LOC-0091;PUBLIC_TRANSIT;2026-08-17T07:00:00+03:00;OK;1843;31;6302;LOCAL_TRANSIT_OPTIMISTIC_SCREENING;3362fc10113343cdb64250d3f300e1c99fbc38a7176ceffc34754bcfed3879f4;31b8096e32d7364074ed6db17206818de3c656d57c541240e99ce5fa1dc26580;2026-09-16T18:40:18.343781+00:00;true
LOC-0002;LOC-0092;PUBLIC_TRANSIT;2026-08-17T07:00:00+03:00;OK;1962;33;6486;LOCAL_TRANSIT_OPTIMISTIC_SCREENING;dd695a4a4659eebc6e81b6403d323e8b4420eec26ba61aa0da53d244454ba2e5;d91735561780d515df37c33512dd047c11d7dfcce24600eee79eb64b288a5e8c;2026-09-16T18:40:18.343781+00:00;true
LOC-0002;LOC-0093;PUBLIC_TRANSIT;2026-08-17T07:00:00+03:00;OK;1938;33;6322;LOCAL_TRANSIT_OPTIMISTIC_SCREENING;8d1f70a454e577f3cc7fc3b175a3f09fce19a882ffbb1454b8b18a3e63ef301b;2bfdae17f32755d897b5be79442856b4d7807463c81aa1412fd0a4e58949d1d9;2026-09-16T18:40:18.343781+00:00;true
LOC-0002;LOC-0094;PUBLIC_TRANSIT;2026-08-17T07:00:00+03:00;OK;1037;18;1434;LOCAL_TRANSIT_OPTIMISTIC_SCREENING;bd445e98d92e801b34c6508aaadf6a6e68f442781af8c59539113f0b843efba4;f075660633a496190c3f25f6abedf5d868e661a127d9b366ebd616e6c74acd92;2026-09-16T18:40:18.343781+00:00;true
LOC-0002;LOC-0095;PUBLIC_TRANSIT;2026-08-17T07:00:00+03:00;OK;1259;21;1980;LOCAL_TRANSIT_OPTIMISTIC_SCREENING;7e60467a6088ead43dac410ac63f3d8a8432e7d939b7d5b60fc6d46e13fc7066;f3791e4741d77be4cc27a6721aaa90fb584982efab4659f9a983a4e25e068b21;2026-09-16T18:40:18.343781+00:00;true
LOC-0002;LOC-0102;PUBLIC_TRANSIT;2026-08-17T07:00:00+03:00;OK;1838;31;5897;LOCAL_TRANSIT_OPTIMISTIC_SCREENING;0b3f58ac40f6b107ceccc6b38724c22e9d843a1938493ed7a8d5348aec74655c;1ce524e276872c7f671a21dc3772554e5dbf20e8e2051287c3c545714933884b;2026-09-16T18:40:18.343781+00:00;true
LOC-0002;LOC-0112;PUBLIC_TRANSIT;2026-08-17T07:00:00+03:00;OK;2463;42;5451;LOCAL_TRANSIT_OPTIMISTIC_SCREENING;3e35af0183bc31c63efc6e6b5e9120aca9cf15c7b8299fd0531fbc72043557be;aa067d515539d29ce50d03cc50e40b7b0034e620b3f4c4a0f12b7a328870e3f6;2026-09-16T18:40:18.343781+00:00;true
LOC-0002;LOC-0124;PUBLIC_TRANSIT;2026-08-17T07:00:00+03:00;OK;2732;46;8890;LOCAL_TRANSIT_OPTIMISTIC_SCREENING;8ab6d7aceb3293b55dc3fdc0be54750d38c62d39af654db7e5a9621709e57903;020c50e65ee40c8618c05d83519fa9be3517b52849acc396fea978755097eae4;2026-09-16T18:40:18.343781+00:00;true
LOC-0002;LOC-0125;PUBLIC_TRANSIT;2026-08-17T07:00:00+03:00;OK;2329;39;6523;LOCAL_TRANSIT_OPTIMISTIC_SCREENING;bd47bc8fdba2c0390711902d9c6a125809d66508b2de0bbc294e30c2698cf0ab;11340508f2d7551402af927c1d5f2d7041a5140fbd903935d4e9644e109a8bc7;2026-09-16T18:40:18.343781+00:00;true
LOC-0002;LOC-0126;PUBLIC_TRANSIT;2026-08-17T07:00:00+03:00;OK;1909;32;4409;LOCAL_TRANSIT_OPTIMISTIC_SCREENING;34c319aacfff2ef6b2cdee525d12843f9da6874a8e862ec382c7ba16417b36f2;4b783b7abaafd4dfe01a8e5056716248772b7086389d9bbe8e7e82f66949d597;2026-09-16T18:40:18.343781+00:00;true
LOC-0002;LOC-0128;PUBLIC_TRANSIT;2026-08-17T07:00:00+03:00;OK;840;14;1827;LOCAL_TRANSIT_OPTIMISTIC_SCREENING;cd406df85983c506964f527f9a61198ca0be4b2791fce12e510fddab2ca8cb20;494a571d5e02645a41ad2ee464835b5f4627a98e67a9aeff806a8e6f6ab68174;2026-09-16T18:40:18.343781+00:00;true
LOC-0002;LOC-0134;PUBLIC_TRANSIT;2026-08-17T07:00:00+03:00;OK;376;7;394;LOCAL_TRANSIT_OPTIMISTIC_SCREENING;22fdf28d06800c713eed7c942c641873d05ef947b4159379b5f558c523e65036;ce50668fab90574eef979839740dbcc7adbeb1b4bdabbfd08361ef14e71f231d;2026-09-16T18:40:18.343781+00:00;true
LOC-0002;LOC-0135;PUBLIC_TRANSIT;2026-08-17T07:00:00+03:00;OK;437;8;614;LOCAL_TRANSIT_OPTIMISTIC_SCREENING;4a53995da4a3e25c089ceb5f54d954be05c9f6bf425fba3e64d7d1d11c9b89d6;36b14b491b68dd50e55bf356c129fec01f8e13edea4f31c254bf86dbd1144393;2026-09-16T18:40:18.343781+00:00;true
LOC-0002;LOC-0136;PUBLIC_TRANSIT;2026-08-17T07:00:00+03:00;OK;395;7;914;LOCAL_TRANSIT_OPTIMISTIC_SCREENING;b9bb508097054050d99a44c460b217656581ed2016e14d3b0a51d06fe8277985;3a253ac4f7da8c9a460e0e5b2a0184b80024a89d4a9f75479f66ac81fb456a14;2026-09-16T18:40:18.343781+00:00;true
LOC-0002;LOC-0140;PUBLIC_TRANSIT;2026-08-17T07:00:00+03:00;OK;1235;21;2173;LOCAL_TRANSIT_OPTIMISTIC_SCREENING;661ed5aa68211f0bde26163a9e9515494592c0fecdfb28a367f5ec8051b9c3af;6a0cb62d11b522a510dc0b220432558c23adb270eb2674af0138aa9e9f2a2545;2026-09-16T18:40:18.343781+00:00;true
LOC-0002;LOC-0141;PUBLIC_TRANSIT;2026-08-17T07:00:00+03:00;OK;2590;44;8242;LOCAL_TRANSIT_OPTIMISTIC_SCREENING;7f5b913fcd11a98b6745fda5e4237d2a1ff1094b106b570a6c73be85bed00e16;a2eddfcf5ec535e71e566598c7835cdb441b89c48b9286ed5fc3ad741fcf7283;2026-09-16T18:40:18.343781+00:00;true
LOC-0002;LOC-0142;PUBLIC_TRANSIT;2026-08-17T07:00:00+03:00;OK;2525;43;8286;LOCAL_TRANSIT_OPTIMISTIC_SCREENING;88d1d3124de42f2b11c2d8aa96f4f2f1c8c57ed58979e19407a8c328dfef58d5;89ab17ec545d718a0be1b62605da6614682a2f3fbedeff2c6eede00cf3519573;2026-09-16T18:40:18.343781+00:00;true
LOC-0002;LOC-0145;PUBLIC_TRANSIT;2026-08-17T07:00:00+03:00;OK;2060;35;7436;LOCAL_TRANSIT_OPTIMISTIC_SCREENING;d6a0311a17c1bc2349ddde42385a61a30ac8dccba1bb889932fa62b94cfa5687;caaf85081133568fa0fd6ec93ef84dd177c2319ae01908553078ca90ba95c01e;2026-09-16T18:40:18.343781+00:00;true
LOC-0002;LOC-0148;PUBLIC_TRANSIT;2026-08-17T07:00:00+03:00;OK;2352;40;5510;LOCAL_TRANSIT_OPTIMISTIC_SCREENING;9c9a038bb07a99a4752bd9ece4d6d34b42a8a943eccc33d78f9c635556f4897b;64ef32350850d0a00adf9d65560a6f5e4da523c095d863d353eedb045ec90315;2026-09-16T18:40:18.343781+00:00;true
LOC-0002;LOC-0149;PUBLIC_TRANSIT;2026-08-17T07:00:00+03:00;OK;2212;37;5264;LOCAL_TRANSIT_OPTIMISTIC_SCREENING;a81a456271e48432c5eb45d903ba0ba13f812211896ce39b1006970fec91458d;7b3131ae324d873c22b9e40bd4f2366c1e7b192a61bfff904cdbe144fe824a2b;2026-09-16T18:40:18.343781+00:00;true
LOC-0002;LOC-0150;PUBLIC_TRANSIT;2026-08-17T07:00:00+03:00;OK;2093;35;5097;LOCAL_TRANSIT_OPTIMISTIC_SCREENING;35e4246395b00be1780e92ec14c56a8ef0e34d8bedd64ba69c460a8aa4a157e3;f856f0b1f6f0791960b68582a6d077f7b8e2ef234538d3e490a832eddda71363;2026-09-16T18:40:18.343781+00:00;true
LOC-0002;LOC-0151;PUBLIC_TRANSIT;2026-08-17T07:00:00+03:00;OK;2485;42;5869;LOCAL_TRANSIT_OPTIMISTIC_SCREENING;9f66a126c6c2e07f59d931b1d9ab510b834f13111a5890b2bd1ba49d8ca0561d;a4dc5bdcb89ae931c21caf9c1e5df23926062de2b77b7bcc8ec1739c4356c3f2;2026-09-16T18:40:18.343781+00:00;true
LOC-0002;LOC-0152;PUBLIC_TRANSIT;2026-08-17T07:00:00+03:00;OK;2519;42;5822;LOCAL_TRANSIT_OPTIMISTIC_SCREENING;fc69b7ada308f30733bde56819834d7cef23d56a97dc171f3c8f24ce7787c323;44bd3f76d2cc37f4f800daf58e268bf24f315591c63683cb6ff3e2ba3634a995;2026-09-16T18:40:18.343781+00:00;true
LOC-0002;LOC-0190;PUBLIC_TRANSIT;2026-08-17T07:00:00+03:00;OK;1564;27;4118;LOCAL_TRANSIT_OPTIMISTIC_SCREENING;06ad341f5f034320caddc0f8a1acc6a4352c0995dea06461fe22183c1eb189e7;595e4b1a9afdfb620732eed84c337778fba6531ed50d33c1e68cb0c51426428f;2026-09-16T18:40:18.343781+00:00;true
LOC-0002;LOC-0196;PUBLIC_TRANSIT;2026-08-17T07:00:00+03:00;OK;2484;42;8324;LOCAL_TRANSIT_OPTIMISTIC_SCREENING;991a48dce9fd0ef09dfd7517bfbea2436d0d183482a1dfc986593fd642c62cd3;a476232d68b44c614d31f2d417c91b39215fe2e6f29be24e63d14de1ba927c31;2026-09-16T18:40:18.343781+00:00;true
LOC-0008;LOC-0002;PUBLIC_TRANSIT;2026-08-17T07:00:00+03:00;OK;1707;29;5659;LOCAL_TRANSIT_OPTIMISTIC_SCREENING;ae5f25ed3a781ba5261b9a0260fc8e793b08f3f0f5349a2ef899c5e2ae781840;21029b7d9a3121b36e1b8aaec53ffb9fd1a43ac94d90cae138339c72fbef5156;2026-09-16T18:40:18.343781+00:00;true
LOC-0008;LOC-0008;PUBLIC_TRANSIT;2026-08-17T07:00:00+03:00;OK;0;0;0;LOCAL_TRANSIT_OPTIMISTIC_SCREENING;cbd579b6f67c320050a57992113dd6e056a8dc259628957b26d6da4b92ff750d;3d5812abc84c11768aa73a732c85d75dbed439188f5bb3239e9b762ea31d9862;2026-09-16T18:40:18.343781+00:00;true
LOC-0008;LOC-0009;PUBLIC_TRANSIT;2026-08-17T07:00:00+03:00;OK;2696;45;10526;LOCAL_TRANSIT_OPTIMISTIC_SCREENING;3fc0f82237d4854eeaccb658963f54a709a70318acd76f5497e46e7df7cf001e;20122ce942e62fd04caa20756a1380e53f166eee96563405b581b3cb60875dac;2026-09-16T18:40:18.343781+00:00;true
LOC-0008;LOC-0010;PUBLIC_TRANSIT;2026-08-17T07:00:00+03:00;OK;505;9;676;LOCAL_TRANSIT_OPTIMISTIC_SCREENING;74077c0a051cb5e596f3a8c6a8791cb48d74d3ca73262d6c4880e705543c4cff;bc1718694e3d1f8645c09d8591220dbb92a6405394fe35f659b3eab6b3427b81;2026-09-16T18:40:18.343781+00:00;true
LOC-0008;LOC-0011;PUBLIC_TRANSIT;2026-08-17T07:00:00+03:00;OK;614;11;703;LOCAL_TRANSIT_OPTIMISTIC_SCREENING;0fcf90ef01dd8aee67890d58e6c235f44ea01eda831a7e071fc55e15fea299df;bed6eae9934b812f30d86e3a52df7f6938e3feae9fe7f9c6a4cede84d145f60d;2026-09-16T18:40:18.343781+00:00;true
LOC-0008;LOC-0012;PUBLIC_TRANSIT;2026-08-17T07:00:00+03:00;OK;259;5;648;LOCAL_TRANSIT_OPTIMISTIC_SCREENING;81ac3ec4d22557b36890692a7697af184dd1c0819452c95ccd25456cbce6ca3c;faa9b51a0dac3d69121fb330c9061470fcfcabb3b7f7576f675b2d807b3b7446;2026-09-16T18:40:18.343781+00:00;true
LOC-0008;LOC-0013;PUBLIC_TRANSIT;2026-08-17T07:00:00+03:00;OK;2072;35;6700;LOCAL_TRANSIT_OPTIMISTIC_SCREENING;1101748b58487e65114e4fe5434f6ebef336f65380c8e6737e15efae12c74438;dee77e9cadfa0711b2c18093bfedceb48aa4e523ee9206b68a27322c4be1f80f;2026-09-16T18:40:18.343781+00:00;true
LOC-0008;LOC-0016;PUBLIC_TRANSIT;2026-08-17T07:00:00+03:00;OK;1959;33;7935;LOCAL_TRANSIT_OPTIMISTIC_SCREENING;34db375694a3c895cbf400ebfd5ae5d20211df6cb4e4a9f745734e0b5e961d06;94b9b706e930122421346638854139a2eab56f1b02b8426926d11c16b850ff1b;2026-09-16T18:40:18.343781+00:00;true
LOC-0008;LOC-0017;PUBLIC_TRANSIT;2026-08-17T07:00:00+03:00;OK;1982;34;5446;LOCAL_TRANSIT_OPTIMISTIC_SCREENING;496d6a576b4cbdec3927b5764c395f5203b96e66ab0c0c406c0994b4df4e8a60;1cc166ac99300cdccb9c5dccb4e37263a7f8bdf1b81ccc14e2d8859f449846ad;2026-09-16T18:40:18.343781+00:00;true
LOC-0008;LOC-0018;PUBLIC_TRANSIT;2026-08-17T07:00:00+03:00;OK;1786;30;4979;LOCAL_TRANSIT_OPTIMISTIC_SCREENING;cf70d7ebc3ab7c048c05e8dbb4a30773d03740bd2f8338da09b72dbaadb66694;cf391ac90a1f473be2858fffa821e183606925cb18ddac4c0d8b240cf25e9dda;2026-09-16T18:40:18.343781+00:00;true
LOC-0008;LOC-0019;PUBLIC_TRANSIT;2026-08-17T07:00:00+03:00;OK;675;12;956;LOCAL_TRANSIT_OPTIMISTIC_SCREENING;31434cfe5b409f38cd3b1c009f3fa56835116be82079db2feeaaaaca37e92643;7cac2ac593e8c12767cb0fbc21331ca96c662e00b4db4ebd06b4f8daa74faebd;2026-09-16T18:40:18.343781+00:00;true
LOC-0008;LOC-0020;PUBLIC_TRANSIT;2026-08-17T07:00:00+03:00;OK;1083;19;2241;LOCAL_TRANSIT_OPTIMISTIC_SCREENING;61a2c5fe7ce6b9d053a6a992fca8a543014dc678b3b56f341914cf6c8158d573;cfb7718ac6da606824e2e6a1b1d4f555933958c100d6a7d99d9e3502d91581ba;2026-09-16T18:40:18.343781+00:00;true
LOC-0008;LOC-0023;PUBLIC_TRANSIT;2026-08-17T07:00:00+03:00;OK;1582;27;4635;LOCAL_TRANSIT_OPTIMISTIC_SCREENING;175425d7f4b43fd9a488be54f80edf412a2582c55901f143731e9104d282bfca;02eac319a5b7a5add588c4098624526d1be80c8dd7c9e55b7edc64d4c0ec29da;2026-09-16T18:40:18.343781+00:00;true
LOC-0008;LOC-0027;PUBLIC_TRANSIT;2026-08-17T07:00:00+03:00;OK;1443;25;4728;LOCAL_TRANSIT_OPTIMISTIC_SCREENING;18fecec4048b664ab78d4876141d33da8bab27308a94e6fbc5b1f732beeedad5;1a3d6c8faa342d5c2e5b82422b58159d909ec42396ff38eab63e2b081ae04fb3;2026-09-16T18:40:18.343781+00:00;true
LOC-0008;LOC-0028;PUBLIC_TRANSIT;2026-08-17T07:00:00+03:00;OK;2039;34;7244;LOCAL_TRANSIT_OPTIMISTIC_SCREENING;d58e30a1413b3574a6ab74a3956acd8509060c8454229103e8e770d1cb39975f;10b3f242f8772bc495ca3024bf292d44119dd3bb7477326ccca238741432154e;2026-09-16T18:40:18.343781+00:00;true
LOC-0008;LOC-0029;PUBLIC_TRANSIT;2026-08-17T07:00:00+03:00;OK;1974;33;7229;LOCAL_TRANSIT_OPTIMISTIC_SCREENING;c024342beb7c54ab25eff5f4e057ee50b874790f0d90455c3883aedb9e252738;64badfcd31e78b2ce2f7b64a5afb86e1f4258c6c35e1a20ffe5f874931c8c6ed;2026-09-16T18:40:18.343781+00:00;true
LOC-0008;LOC-0037;PUBLIC_TRANSIT;2026-08-17T07:00:00+03:00;OK;1393;24;3962;LOCAL_TRANSIT_OPTIMISTIC_SCREENING;e867f1b4ad10a1338aefd922dd17bd2c077ce3f35e70b95a6402d90eca4201e9;390a4549463db6085b0a628f4f0718a753a77a166a06b63beef67c8f2ce3d50e;2026-09-16T18:40:18.343781+00:00;true
LOC-0008;LOC-0045;PUBLIC_TRANSIT;2026-08-17T07:00:00+03:00;OK;1667;28;6752;LOCAL_TRANSIT_OPTIMISTIC_SCREENING;783081dea32ff57d48b6b84c3aff557b8ccaa20fbdc71ddd617dc92500d68cf5;a5d68b34bc367813d1c8871a725951d7ff3345c228df9f010060560373b62c20;2026-09-16T18:40:18.343781+00:00;true
LOC-0008;LOC-0053;PUBLIC_TRANSIT;2026-08-17T07:00:00+03:00;OK;1687;29;7196;LOCAL_TRANSIT_OPTIMISTIC_SCREENING;26cc9e808c241590da1bb72d9f1b9dfbf3ffb05adedc9fb6c7e3ecac16be4350;c805fb2d59c229be0a7b02d0415ce9bd03413de64e6c9e1f857ccd842f7ec1ca;2026-09-16T18:40:18.343781+00:00;true
LOC-0008;LOC-0054;PUBLIC_TRANSIT;2026-08-17T07:00:00+03:00;OK;1705;29;3621;LOCAL_TRANSIT_OPTIMISTIC_SCREENING;5663f7152c449f2e45bf16b7bb5098a2368323c14bbaf9a142c3e91596882c16;3530b6aaaf1ebecbf944bed62585c5a52bd729276721f7abcfba23d48d25b5b7;2026-09-16T18:40:18.343781+00:00;true
LOC-0008;LOC-0061;PUBLIC_TRANSIT;2026-08-17T07:00:00+03:00;OK;415;7;764;LOCAL_TRANSIT_OPTIMISTIC_SCREENING;838db923f46f314cfa184051134532ea07e143be807dd2ac88ceb2c3d4ba6b4e;5d01f14788e8e6d01dd117d74fc98e4d71c29b6e907f44bdf63ef12b695fa2fe;2026-09-16T18:40:18.343781+00:00;true
LOC-0008;LOC-0063;PUBLIC_TRANSIT;2026-08-17T07:00:00+03:00;OK;1876;32;8809;LOCAL_TRANSIT_OPTIMISTIC_SCREENING;9103507fb3888f13e394207bafc40e1d26dc56a769857c7584db333c7dc69b22;ae396794276978502a6f1c7aac9c6fa7314b7446040425444ebda13713b9f04c;2026-09-16T18:40:18.343781+00:00;true
LOC-0008;LOC-0064;PUBLIC_TRANSIT;2026-08-17T07:00:00+03:00;OK;1717;29;8426;LOCAL_TRANSIT_OPTIMISTIC_SCREENING;6ce992003338e4ed63640385988722462f5d565c28da7fa08e45ea3e3ffe0a11;01227e3aa06fe6425ad09b45150d549792d8f285b8f7e2c41a0cc440701880d0;2026-09-16T18:40:18.343781+00:00;true
LOC-0008;LOC-0074;PUBLIC_TRANSIT;2026-08-17T07:00:00+03:00;OK;1612;27;4242;LOCAL_TRANSIT_OPTIMISTIC_SCREENING;c452b1e62dbc21641502163be21a5f4f53fbb8573c8dcc36f8980a56574cbed7;fcdbaa81b74dd4c217d4dc2ea808ea49cf69a5abdb1986577670ba648fb137cc;2026-09-16T18:40:18.343781+00:00;true
LOC-0008;LOC-0075;PUBLIC_TRANSIT;2026-08-17T07:00:00+03:00;OK;1682;29;4769;LOCAL_TRANSIT_OPTIMISTIC_SCREENING;1b79c41894638a4d35e1d53ed0c627912f9cf2af5889685782ddf8834a968d31;ff9fd79b2fb55c8bae9b8e3b05cd477620470a42b163c2ccc6f3b1b11b0bdedd;2026-09-16T18:40:18.343781+00:00;true
LOC-0008;LOC-0076;PUBLIC_TRANSIT;2026-08-17T07:00:00+03:00;OK;2255;38;8321;LOCAL_TRANSIT_OPTIMISTIC_SCREENING;d2edae28d1b0c8e70cedb5bffc8f98762950fd2b5669b69ebe0fe503385383be;5d313f16efacdd8bcde081252fe8fddebb447b3dd8096f750c662fd9ad08943b;2026-09-16T18:40:18.343781+00:00;true
LOC-0008;LOC-0078;PUBLIC_TRANSIT;2026-08-17T07:00:00+03:00;OK;1775;30;7421;LOCAL_TRANSIT_OPTIMISTIC_SCREENING;53d49688960c0d531110d797aa9f58b5fb0ef93625b2f6f814539bb72ea9ccc3;72024c0361822b1f2748b4712c634197279fe08c2cd3675d8e0dabc36bb5b3db;2026-09-16T18:40:18.343781+00:00;true
LOC-0008;LOC-0080;PUBLIC_TRANSIT;2026-08-17T07:00:00+03:00;OK;1662;28;4427;LOCAL_TRANSIT_OPTIMISTIC_SCREENING;f3f1843cdc64a14abc9b815a114429ed9f8010625c366e902a266d5d1b1d358a;a88e3ffeaeaad201c50c754e0f2b25b1ca628fd51ec41896d7f292a266426463;2026-09-16T18:40:18.343781+00:00;true
LOC-0008;LOC-0082;PUBLIC_TRANSIT;2026-08-17T07:00:00+03:00;OK;1862;32;8138;LOCAL_TRANSIT_OPTIMISTIC_SCREENING;306395a150d71f7c2c974a2c3f178763f7420e357c3cac740780f2ccb129f6c0;fac261026a1e55545a4cf4100945101e25f8f8db45480671ceb3b878f83d469e;2026-09-16T18:40:18.343781+00:00;true
LOC-0008;LOC-0085;PUBLIC_TRANSIT;2026-08-17T07:00:00+03:00;OK;1577;27;6165;LOCAL_TRANSIT_OPTIMISTIC_SCREENING;68d8245dfad77714499f201fca10c41f71d3586fc92cd6dc7e323f9026759551;a582fc231ca0436f64c1a9d1cfd80a2bcd4387af863804097e4f4f0c95bd4269;2026-09-16T18:40:18.343781+00:00;true
LOC-0008;LOC-0086;PUBLIC_TRANSIT;2026-08-17T07:00:00+03:00;OK;1359;23;5907;LOCAL_TRANSIT_OPTIMISTIC_SCREENING;8fbdd7fd1035288b5b14b30ac139e7fcbadb914af7eed6d912b00bda8c456f74;f638341afd69a83db6a730ec2ac035370d5408faf472ab04d45aafe84f948765;2026-09-16T18:40:18.343781+00:00;true
LOC-0008;LOC-0091;PUBLIC_TRANSIT;2026-08-17T07:00:00+03:00;OK;545;10;1051;LOCAL_TRANSIT_OPTIMISTIC_SCREENING;1750e8a8c9d3beb635beface1aa28fe5235bba024ab33fa4607dc3a4a1a7da02;868e2aa552b14345527b8024f27f80b1f4ebc17a6c73da94715edb3f3a203778;2026-09-16T18:40:18.343781+00:00;true
LOC-0008;LOC-0092;PUBLIC_TRANSIT;2026-08-17T07:00:00+03:00;OK;664;12;1723;LOCAL_TRANSIT_OPTIMISTIC_SCREENING;97fab7a3cf9c5088e1a089a345e618a6aef57b2a6d6d441f477d8b64ae62c402;4c2aaa7790a362640a85d06d694bb81fc918a8002c4fe5f3449875b4dce5ab9f;2026-09-16T18:40:18.343781+00:00;true
LOC-0008;LOC-0093;PUBLIC_TRANSIT;2026-08-17T07:00:00+03:00;OK;640;11;1739;LOCAL_TRANSIT_OPTIMISTIC_SCREENING;b3c11be4fdac22d151a96a5bfba6994efcc48c4a3d60051b0da5bdc6b9c96db7;57cc53b36010770e80e70cb6323f6ae89180eb6f50ae74078d1b1e038353d443;2026-09-16T18:40:18.343781+00:00;true
LOC-0008;LOC-0094;PUBLIC_TRANSIT;2026-08-17T07:00:00+03:00;OK;1745;30;6400;LOCAL_TRANSIT_OPTIMISTIC_SCREENING;989a71b52a4f68789918abdf9db556cb93aba00f250f6b28b6c4d437d1b720ac;e2cbe9f899940cce809f423ab3694ba6a6668354b88408a687788ac6aeeb6701;2026-09-16T18:40:18.343781+00:00;true
LOC-0008;LOC-0095;PUBLIC_TRANSIT;2026-08-17T07:00:00+03:00;OK;1379;23;7218;LOCAL_TRANSIT_OPTIMISTIC_SCREENING;2b5a2cfe5ff9cd7a797f4e33c9996f817ce8403349e6457a32d42ee8012b13ca;520339b3cc0e5aecc821f4a87f33f72bbaae82943fb5ecafe5ea1c262724f85c;2026-09-16T18:40:18.343781+00:00;true
LOC-0008;LOC-0102;PUBLIC_TRANSIT;2026-08-17T07:00:00+03:00;OK;1486;25;8810;LOCAL_TRANSIT_OPTIMISTIC_SCREENING;9ae208359ffb3af165e3c3dd42bbed638693ecbbe2ce68fbdec3e3b49f4fea19;67498d4c41d541758e4471b2b995c7c61b821dc03b37cdadccd8ece40695e2de;2026-09-16T18:40:18.343781+00:00;true
LOC-0008;LOC-0112;PUBLIC_TRANSIT;2026-08-17T07:00:00+03:00;OK;1261;22;2621;LOCAL_TRANSIT_OPTIMISTIC_SCREENING;a6cdd4ecd67f7273dcf0782c9c56bbde330117d96f2838136199f75bb01dba97;9e3a3594254e3797ecbae5f3b73a5ba32ea17be013dbb6dac08669159b9881b1;2026-09-16T18:40:18.343781+00:00;true
LOC-0008;LOC-0124;PUBLIC_TRANSIT;2026-08-17T07:00:00+03:00;OK;2729;46;10454;LOCAL_TRANSIT_OPTIMISTIC_SCREENING;d959bc53e723beed1f9bf1f2b27d7be5ee21cdb35412db5c025e3b10ef448993;940e865c504e2c3fec48a46dcf9b0ac2e7578794d398e15652280dc6e85d7471;2026-09-16T18:40:18.343781+00:00;true
LOC-0008;LOC-0125;PUBLIC_TRANSIT;2026-08-17T07:00:00+03:00;OK;1721;29;4792;LOCAL_TRANSIT_OPTIMISTIC_SCREENING;d2c0e2581b42ccbd7297fe700f3ba0448b841d9b87df329ceb632fa90ba10054;d831244eafa6cc26b3f80cdf7ca3d9c54412de2d01defae20f995affc701016b;2026-09-16T18:40:18.343781+00:00;true
LOC-0008;LOC-0126;PUBLIC_TRANSIT;2026-08-17T07:00:00+03:00;OK;1098;19;3019;LOCAL_TRANSIT_OPTIMISTIC_SCREENING;d0a0dfdbe0786abaa509554b918dc6b6271d4d5311b820b3552075f9699928a5;7af330399ef1c9c095e7fb623e74c6edc42cbbdf81179401b6baa7afc065aa9a;2026-09-16T18:40:18.343781+00:00;true
LOC-0008;LOC-0128;PUBLIC_TRANSIT;2026-08-17T07:00:00+03:00;OK;1609;27;3837;LOCAL_TRANSIT_OPTIMISTIC_SCREENING;2351209f48b098c9d749552bca8eaef18c90c76a81946174d2e4385e1a2648bf;3a84c09f7a22285842c90cc5021da6e781ee23c510a95527252767f94b54a1d6;2026-09-16T18:40:18.343781+00:00;true
LOC-0008;LOC-0134;PUBLIC_TRANSIT;2026-08-17T07:00:00+03:00;OK;1749;30;6006;LOCAL_TRANSIT_OPTIMISTIC_SCREENING;8529269cf18dfcbb703b339c2d274afef0fc1bd681584b2325d0b501d2b8791c;2cde9eccc1759575f313d1541ce0dbcb2b9434033a46c2908a4112af93d174b1;2026-09-16T18:40:18.343781+00:00;true
LOC-0008;LOC-0135;PUBLIC_TRANSIT;2026-08-17T07:00:00+03:00;OK;1824;31;6154;LOCAL_TRANSIT_OPTIMISTIC_SCREENING;2eb4078c16c68d2457ebbea5214d332aaffa39f2b7490542dda91b7265ef4b3b;d20b4854a5e38fb61c9a865ad063b5d8119ae51cf3df0da14b4493523b999a29;2026-09-16T18:40:18.343781+00:00;true
LOC-0008;LOC-0136;PUBLIC_TRANSIT;2026-08-17T07:00:00+03:00;OK;1768;30;6453;LOCAL_TRANSIT_OPTIMISTIC_SCREENING;9378ae0ac26e1fe295115f1a01dfdc5b238cb00434bafde87a1132a8a03f3185;ee2fce656892f37c29df9c2a54cb2a7c5adcb3dd296258a4f05c18e62d22e4c6;2026-09-16T18:40:18.343781+00:00;true
LOC-0008;LOC-0140;PUBLIC_TRANSIT;2026-08-17T07:00:00+03:00;OK;1857;31;6781;LOCAL_TRANSIT_OPTIMISTIC_SCREENING;f57992d6a94599630a69ed9cf63e88f836a03b384de04a644ce411732329842c;f8434a98a6c35b766f0ed02892a90ccf1cdd917f3fab8d93be661f8e3d690018;2026-09-16T18:40:18.343781+00:00;true
LOC-0008;LOC-0141;PUBLIC_TRANSIT;2026-08-17T07:00:00+03:00;OK;2299;39;8865;LOCAL_TRANSIT_OPTIMISTIC_SCREENING;e7b639cde44c85d674f3cea381ffcb1eadb88337c83dfbaf0c6b1c78471aacfc;16713c3dcf2dc69e793cb8fb52db37ae4bc71c05af11783c6849137e45041d28;2026-09-16T18:40:18.343781+00:00;true
LOC-0008;LOC-0142;PUBLIC_TRANSIT;2026-08-17T07:00:00+03:00;OK;2234;38;8822;LOCAL_TRANSIT_OPTIMISTIC_SCREENING;68f5a208355c612476d32043ba71334a1efdd035356464cf43eae8c1386c0595;ededbce55b5018940cf141fc6f225f108ffefe8fc2149d9773be8d73b005cc2a;2026-09-16T18:40:18.343781+00:00;true
LOC-0008;LOC-0145;PUBLIC_TRANSIT;2026-08-17T07:00:00+03:00;OK;835;14;2437;LOCAL_TRANSIT_OPTIMISTIC_SCREENING;e1c02aaf3e9b3c8a453eb264000c8e7fdde0fadfdbfcc0260140f73762699e00;ff4a81f155ec3227e05641bfe4aafb2277f68b273f41c72003989ac38543af25;2026-09-16T18:40:18.343781+00:00;true
LOC-0008;LOC-0148;PUBLIC_TRANSIT;2026-08-17T07:00:00+03:00;OK;1719;29;4901;LOCAL_TRANSIT_OPTIMISTIC_SCREENING;5fe9dcaf48e66d9ddc1056b791d516be46fe5df084ae6d69175e9e3acfe64d2c;5a7334a217205c3eb545b3dab9b51edc289ed0d5458a5fcfc64c5eefb8c55edb;2026-09-16T18:40:18.343781+00:00;true
LOC-0008;LOC-0149;PUBLIC_TRANSIT;2026-08-17T07:00:00+03:00;OK;1670;28;4702;LOCAL_TRANSIT_OPTIMISTIC_SCREENING;a9068e51a51ff707729959d440770c4446f79e9de848ed44215291c717c55d08;864918b0291673ced36b7ccc62ae13de21802e41e75c4f732408491cc2ec80b2;2026-09-16T18:40:18.343781+00:00;true
LOC-0008;LOC-0150;PUBLIC_TRANSIT;2026-08-17T07:00:00+03:00;OK;1658;28;4571;LOCAL_TRANSIT_OPTIMISTIC_SCREENING;3bb80c3ae387d2c7c16238205012033c4b888e11abc83c4797bb96552a5b01a0;2bf9ae9eb38e669eb563994e94054eba5db8475eeb2dac0537e5fc1b1aa7ff5a;2026-09-16T18:40:18.343781+00:00;true
LOC-0008;LOC-0151;PUBLIC_TRANSIT;2026-08-17T07:00:00+03:00;OK;1852;31;5288;LOCAL_TRANSIT_OPTIMISTIC_SCREENING;1d88ee985db45c13832c6f04861dec138a691b8a9b6049d5616d2a09d8d5c7e4;dc1d5f21f1067b9c66adb9812e7d8eb3f4848b689cc1490065f29bc45cf59ee0;2026-09-16T18:40:18.343781+00:00;true
LOC-0008;LOC-0152;PUBLIC_TRANSIT;2026-08-17T07:00:00+03:00;OK;1886;32;5314;LOCAL_TRANSIT_OPTIMISTIC_SCREENING;f2fb5f97c97e26b50d0af602eb7774319db3bd35b7cf42196baf3e0094eefb67;bcc11ad0c64e83a94d3a04c36223ae100082e75023a86c0fd74ad29b07c2b9b1;2026-09-16T18:40:18.343781+00:00;true
LOC-0008;LOC-0190;PUBLIC_TRANSIT;2026-08-17T07:00:00+03:00;OK;439;8;1888;LOCAL_TRANSIT_OPTIMISTIC_SCREENING;29b46357ea117f0fce436341336a49612685ada9d7b14aa42350b90fd216e81a;108f0201e75374cc180ed29bd4ebee939ca8e8b2cd563d901a7d579570a453f2;2026-09-16T18:40:18.343781+00:00;true
LOC-0008;LOC-0196;PUBLIC_TRANSIT;2026-08-17T07:00:00+03:00;OK;1740;29;5991;LOCAL_TRANSIT_OPTIMISTIC_SCREENING;910a40efc8b49d4aae48ab674f3b0f1ca90f997bab18c69ce223fc88ed8d0977;e215bfb308258286f9a525c7691ac3365fd97ad36a5bd2aac246244d95127d15;2026-09-16T18:40:18.343781+00:00;true
LOC-0009;LOC-0002;PUBLIC_TRANSIT;2026-08-17T07:00:00+03:00;OK;2571;43;8701;LOCAL_TRANSIT_OPTIMISTIC_SCREENING;280802022a402f279850285ff655dcab9f989eb19147de34ee9974bbf59d60d3;2ae4efd9cf50cf619d2a90c4a96fb5a81969ead66d19e210348fd09980d345a7;2026-09-16T18:40:18.343781+00:00;true
LOC-0009;LOC-0008;PUBLIC_TRANSIT;2026-08-17T07:00:00+03:00;OK;2713;46;10526;LOCAL_TRANSIT_OPTIMISTIC_SCREENING;70875ff060b258cfba352bf4943c627145dba46b3f903a3521f3c3e0043edd85;ddd6051fed0394d21d3a43c4b018eee786b6e863cd1f6600a613a74185d490cd;2026-09-16T18:40:18.343781+00:00;true
LOC-0009;LOC-0009;PUBLIC_TRANSIT;2026-08-17T07:00:00+03:00;OK;0;0;0;LOCAL_TRANSIT_OPTIMISTIC_SCREENING;ffa3af5d3570493a2aaa00af9137d45930bb446391329a219338495d90abad88;3d5812abc84c11768aa73a732c85d75dbed439188f5bb3239e9b762ea31d9862;2026-09-16T18:40:18.343781+00:00;true
LOC-0009;LOC-0010;PUBLIC_TRANSIT;2026-08-17T07:00:00+03:00;OK;2636;44;10895;LOCAL_TRANSIT_OPTIMISTIC_SCREENING;7f10fbc32ec674982469cf4d1de91ef79d4822602a72c3cf0af8fbc9e082efe9;3e2033a936351d1dd8bab65da6ffacbd2cf53dceaaf1c1386823d74bf9851781;2026-09-16T18:40:18.343781+00:00;true
LOC-0009;LOC-0011;PUBLIC_TRANSIT;2026-08-17T07:00:00+03:00;OK;2878;48;10256;LOCAL_TRANSIT_OPTIMISTIC_SCREENING;33305603785a15bff70164c367e6e529121fcf7fbcfec978c250d6962a9136b3;b2ee35bc87fed3bbb7d93cedafe5be2fcb23c2487a692e93326da6ca98ac4094;2026-09-16T18:40:18.343781+00:00;true
LOC-0009;LOC-0012;PUBLIC_TRANSIT;2026-08-17T07:00:00+03:00;OK;2676;45;9883;LOCAL_TRANSIT_OPTIMISTIC_SCREENING;dedc357cb18701665db84aaf4baaa29eed30b7ebe42e0980bbe1691a7ceb7167;8b6b1df445e47ecc46b3687496dfb9053fab38ae15717212c51c0ba22b2e8abd;2026-09-16T18:40:18.343781+00:00;true
LOC-0009;LOC-0013;PUBLIC_TRANSIT;2026-08-17T07:00:00+03:00;OK;2936;49;8892;LOCAL_TRANSIT_OPTIMISTIC_SCREENING;de81e9b13100b2bb091df6c49aca3b12c37c5143a4e99c01cc201d34b018d940;e1af4e457717c58a7a48f35863b6853b4788be7a7616982cb16930804822c7e6;2026-09-16T18:40:18.343781+00:00;true
LOC-0009;LOC-0016;PUBLIC_TRANSIT;2026-08-17T07:00:00+03:00;OK;2077;35;5813;LOCAL_TRANSIT_OPTIMISTIC_SCREENING;0a80055753e010f2faa38edb70cd076ef3a905df8df71cf18ce03eaab1dde68a;8d3d2b4729ba7d79df48974b56f83bad69513a84ca1975764cf8723ae7c20d7f;2026-09-16T18:40:18.343781+00:00;true
LOC-0009;LOC-0017;PUBLIC_TRANSIT;2026-08-17T07:00:00+03:00;OK;2325;39;5247;LOCAL_TRANSIT_OPTIMISTIC_SCREENING;44194c0ac54f1db82fc95895629c23271d0a0de153d30c143fa0b360458c4de1;8ea38ac5b99150ff0175215eca3f1407d7329f77f3f992202484c4b2e207e6a3;2026-09-16T18:40:18.343781+00:00;true
LOC-0009;LOC-0018;PUBLIC_TRANSIT;2026-08-17T07:00:00+03:00;OK;2228;38;5931;LOCAL_TRANSIT_OPTIMISTIC_SCREENING;695c0ff6646fcd1b1b759c82ee6f0731fa69ef8b0bcf85bd11af887a294e6328;c2a2e93649858a73c8a6afecf09d4626606990a67413ebd4f82536a78cc26fe9;2026-09-16T18:40:18.343781+00:00;true
LOC-0009;LOC-0019;PUBLIC_TRANSIT;2026-08-17T07:00:00+03:00;OK;2852;48;11161;LOCAL_TRANSIT_OPTIMISTIC_SCREENING;65187b4364d6087312ecb50825ea77283c50396037293c418119574dc83ace70;58fd34d467aec45659f56747f832a0f552b9cd58b5e18c6c00aec12c667519c0;2026-09-16T18:40:18.343781+00:00;true
LOC-0009;LOC-0020;PUBLIC_TRANSIT;2026-08-17T07:00:00+03:00;OK;3060;51;10378;LOCAL_TRANSIT_OPTIMISTIC_SCREENING;06875c7566a03c86120159f37f3a938487c4785ae66a71c5676845f6558d90b3;73e77419cfbb9d38c5f469735c4ce6c3c00071c01c0b5ce516f7e2a4182ecc81;2026-09-16T18:40:18.343781+00:00;true
LOC-0009;LOC-0023;PUBLIC_TRANSIT;2026-08-17T07:00:00+03:00;OK;2453;41;7032;LOCAL_TRANSIT_OPTIMISTIC_SCREENING;d014307e02d0ecac98eb64602594f7723f3267de20150513017c97fc6018b8f6;23d2a48350246e031f41694162fe9d68684f40be172dbd555786e9d4882556f0;2026-09-16T18:40:18.343781+00:00;true
LOC-0009;LOC-0027;PUBLIC_TRANSIT;2026-08-17T07:00:00+03:00;OK;1788;30;5898;LOCAL_TRANSIT_OPTIMISTIC_SCREENING;a51018e544a1d6cfb553b6de81705f61ed9a0ec88a9ad6fd510df05c491ee860;3adc711e579c08e629b0d6a4c80cb9b6341223a9a1f199706605f6f471d36e06;2026-09-16T18:40:18.343781+00:00;true
LOC-0009;LOC-0028;PUBLIC_TRANSIT;2026-08-17T07:00:00+03:00;OK;2493;42;5086;LOCAL_TRANSIT_OPTIMISTIC_SCREENING;1d3052c61aa60ee1ffe9399822f1a1e076d4a411fb961f18635a5f7660e2910b;a09f71ae12dab1c86fd7421494ab54201c3803ab95ddb904dbb7556279a55c67;2026-09-16T18:40:18.343781+00:00;true
LOC-0009;LOC-0029;PUBLIC_TRANSIT;2026-08-17T07:00:00+03:00;OK;2437;41;5021;LOCAL_TRANSIT_OPTIMISTIC_SCREENING;7b5d90e74ba006be637a7b3c934320827adffb149f7d3557c9276dbaffedcace;56292990ea9136199e220810d1f1b01101e94abb91fc8e3fa4568678408118b4;2026-09-16T18:40:18.343781+00:00;true
LOC-0009;LOC-0037;PUBLIC_TRANSIT;2026-08-17T07:00:00+03:00;OK;2404;41;9433;LOCAL_TRANSIT_OPTIMISTIC_SCREENING;d199a3a14079127a5d76716b37063efa19afa17925a903f4c60b11d07f0f9e2c;57f897c29a3a7d73cbf87ba49939bd3f4fdf68a8cf36d8b519a5d87b5d33219a;2026-09-16T18:40:18.343781+00:00;true
LOC-0009;LOC-0045;PUBLIC_TRANSIT;2026-08-17T07:00:00+03:00;OK;2076;35;4114;LOCAL_TRANSIT_OPTIMISTIC_SCREENING;fc934531a7049b28fb627cfb538d6dc103a7aaa28c4eaac32242e632d048d443;56b9b30793e8d32b46223f1f4995732a9d0a7ce5fdb5e849aa802e7a2f0455c7;2026-09-16T18:40:18.343781+00:00;true
LOC-0009;LOC-0053;PUBLIC_TRANSIT;2026-08-17T07:00:00+03:00;OK;1835;31;6127;LOCAL_TRANSIT_OPTIMISTIC_SCREENING;e0fb7914abbb23199785ef20eb02f75f94a40ff79267019cc294573eb83132a6;e8b1d7386eddf970e79faf73a11792e1139f39a5ccb48cd7d249d0d93ad44ba8;2026-09-16T18:40:18.343781+00:00;true
LOC-0009;LOC-0054;PUBLIC_TRANSIT;2026-08-17T07:00:00+03:00;OK;2557;43;9062;LOCAL_TRANSIT_OPTIMISTIC_SCREENING;52736cd61a095da6cf172ff907c445ce91093a3b072392dd0963e016d8edf2b0;a241ea517117b9e458e844c15c50b41e01aa3b9482f9d4728683197cf106b31b;2026-09-16T18:40:18.343781+00:00;true
LOC-0009;LOC-0061;PUBLIC_TRANSIT;2026-08-17T07:00:00+03:00;OK;2840;48;9833;LOCAL_TRANSIT_OPTIMISTIC_SCREENING;0e71eddb0660762e92f50e44346daf5a47f4bcea6c6f72ab33190b307698d9d2;929a3689d351a97db971e0ac266e5c9c7c4426cc40623a7e45fc4f61fb874338;2026-09-16T18:40:18.343781+00:00;true
LOC-0009;LOC-0063;PUBLIC_TRANSIT;2026-08-17T07:00:00+03:00;OK;1775;30;3706;LOCAL_TRANSIT_OPTIMISTIC_SCREENING;46dae8bfbefd70acb78824ce1159c0e19df7477818f11814199b556d71640456;30f1faf7f2406d4ec9abaaf14a281ff4093c39aa31d84dccb4e8eb3b6a150cba;2026-09-16T18:40:18.343781+00:00;true
LOC-0009;LOC-0064;PUBLIC_TRANSIT;2026-08-17T07:00:00+03:00;OK;1862;32;3532;LOCAL_TRANSIT_OPTIMISTIC_SCREENING;ec187ecc30f2e9218b5d9ef849aff3f8d9df847700a5939068aff10153d34b2b;aab91677e08238e85711712cbdecbf02e6598f21bf3d2216e7273d4bfd2cefa7;2026-09-16T18:40:18.343781+00:00;true
LOC-0009;LOC-0074;PUBLIC_TRANSIT;2026-08-17T07:00:00+03:00;OK;2458;41;6346;LOCAL_TRANSIT_OPTIMISTIC_SCREENING;91b237b00c7d31f97264841049e9a8b887c274ca83822d5527bdcbe0d733f9a0;b5a2af039ca6e3b168f369f98bd92c79f6352617c6b8565d6c9c941b109800ba;2026-09-16T18:40:18.343781+00:00;true
LOC-0009;LOC-0075;PUBLIC_TRANSIT;2026-08-17T07:00:00+03:00;OK;2498;42;5850;LOCAL_TRANSIT_OPTIMISTIC_SCREENING;ca6d4ccbd8f61b0d77f7c6e4ca85c01db1fadea4de677c4368564b1e3c99c0c0;c962431124aa5ba24f65f6a59f77854a92702de8e4cd8ff680b75f49dc76f2db;2026-09-16T18:40:18.343781+00:00;true
LOC-0009;LOC-0076;PUBLIC_TRANSIT;2026-08-17T07:00:00+03:00;OK;2373;40;5592;LOCAL_TRANSIT_OPTIMISTIC_SCREENING;72950298b72a237f098b53dfe79c7b0d62d5d040fa9c8b5d542c79bf791d4649;f19e889d88f6ecff8146daecc78033e1bcc9d4c760aecbad1683181088259dff;2026-09-16T18:40:18.343781+00:00;true
LOC-0009;LOC-0078;PUBLIC_TRANSIT;2026-08-17T07:00:00+03:00;OK;2241;38;3734;LOCAL_TRANSIT_OPTIMISTIC_SCREENING;fb50f9c747a0381ef2a5866a7fef50a02434f9bc8755fe93be0adbdb17b530eb;9b12badab2a6b17c2a927005d63c73bf42be2d7378b29c9b34e81890aac0ad7c;2026-09-16T18:40:18.343781+00:00;true
LOC-0009;LOC-0080;PUBLIC_TRANSIT;2026-08-17T07:00:00+03:00;OK;2417;41;6298;LOCAL_TRANSIT_OPTIMISTIC_SCREENING;10088f728573b138bf01c01a4c2d63e382616b5ced70ef0424032ad7afbcf16f;db3bb885e2c84e6edd40eb3eb308520ccd00422231efb7ddfdb38471c62930f4;2026-09-16T18:40:18.343781+00:00;true
LOC-0009;LOC-0082;PUBLIC_TRANSIT;2026-08-17T07:00:00+03:00;OK;1907;32;4206;LOCAL_TRANSIT_OPTIMISTIC_SCREENING;3e6e7fc8931b86898ee143722af69a76fd24d0131de7c011d1960b4cd719b167;614e264d1cd45c7f2b43de7d5a4fb2765f0a60fc8e83b29f71848a2afe87e6a0;2026-09-16T18:40:18.343781+00:00;true
LOC-0009;LOC-0085;PUBLIC_TRANSIT;2026-08-17T07:00:00+03:00;OK;2966;50;9636;LOCAL_TRANSIT_OPTIMISTIC_SCREENING;5678386984172b5b1fd547abdd76e44d2749e735a54a9cd8cee29e15bf1820c4;eb0c17ccff74c2280232abadda101824bf50e01e9560ec7cbe7651a02ba675ca;2026-09-16T18:40:18.343781+00:00;true
LOC-0009;LOC-0086;PUBLIC_TRANSIT;2026-08-17T07:00:00+03:00;OK;3030;51;9686;LOCAL_TRANSIT_OPTIMISTIC_SCREENING;878b113883b5aace475236b7e9bc11e57b30e90512457f74c8db2b4443c25b41;9f09e9d719941377732736a70d75f0f9d2a782f31aac32968cc5bd6ac30724f9;2026-09-16T18:40:18.343781+00:00;true
LOC-0009;LOC-0091;PUBLIC_TRANSIT;2026-08-17T07:00:00+03:00;OK;2735;46;10179;LOCAL_TRANSIT_OPTIMISTIC_SCREENING;41fc3375aad6b3b7e8b664f81be3d29c524584accd4c0804e12da9295407e986;126b77d0195bb0c00d939c5ffa02dfbb00bcabf03288d0d9180c37ea9988fe67;2026-09-16T18:40:18.343781+00:00;true
LOC-0009;LOC-0092;PUBLIC_TRANSIT;2026-08-17T07:00:00+03:00;OK;2866;48;9657;LOCAL_TRANSIT_OPTIMISTIC_SCREENING;edba2e6e79c18aebbc6a7e1fda63a1351afca4a54c1748c29c7625d695a13f62;49426b07dcb9ec8e8a300da13226298c2e7fa89c3175aa616c62a41d96522fe8;2026-09-16T18:40:18.343781+00:00;true
LOC-0009;LOC-0093;PUBLIC_TRANSIT;2026-08-17T07:00:00+03:00;OK;2842;48;9471;LOCAL_TRANSIT_OPTIMISTIC_SCREENING;88d645cd26a298cf4679457682d0a624d14a6b8f3d873c7602c25b3dc45ca24f;8bc2860311efa3e449754f45853384f752f974966887dbd44ae5c39518d4d662;2026-09-16T18:40:18.343781+00:00;true
LOC-0009;LOC-0094;PUBLIC_TRANSIT;2026-08-17T07:00:00+03:00;OK;3274;55;10000;LOCAL_TRANSIT_OPTIMISTIC_SCREENING;1fe4a117d39b204d64c3363ab0e6cdd3f2f44ea77dea8185d606c561c2f3fa55;b5dca611afdd173d3b484beed5ee0161ba203f99bd9ada0b72be1a6a2e63d104;2026-09-16T18:40:18.343781+00:00;true
LOC-0009;LOC-0095;PUBLIC_TRANSIT;2026-08-17T07:00:00+03:00;OK;2846;48;10133;LOCAL_TRANSIT_OPTIMISTIC_SCREENING;9ca765fcef44834de3b9280dc0dddbb0dd0a69f1b43de6f5c88b43360365acd6;7c95855bf826a788694a11b90b51a6c474e6b4a4749f208b46d2401695f58e98;2026-09-16T18:40:18.343781+00:00;true
LOC-0009;LOC-0102;PUBLIC_TRANSIT;2026-08-17T07:00:00+03:00;OK;1434;24;2958;LOCAL_TRANSIT_OPTIMISTIC_SCREENING;6f05a7e5ea2973f45a57c4f4a818f46bf815ed05ecaaf34dd2a827cba1172ebe;abab37e56ce67df291390c3118449a56907399480f95e4c24422ed67a2f221eb;2026-09-16T18:40:18.343781+00:00;true
LOC-0009;LOC-0112;PUBLIC_TRANSIT;2026-08-17T07:00:00+03:00;OK;2814;47;8043;LOCAL_TRANSIT_OPTIMISTIC_SCREENING;cdc3bbecabf44d5168110abe594208af8324100df4fd0dd78eef03a25c28071a;b8dfd771afb6e57883f1ef4cbb6e586c2d0f4deecf1e057818ff80f95f3a349a;2026-09-16T18:40:18.343781+00:00;true
LOC-0009;LOC-0124;PUBLIC_TRANSIT;2026-08-17T07:00:00+03:00;OK;558;10;738;LOCAL_TRANSIT_OPTIMISTIC_SCREENING;9ccb250e65606deb2fa9929f05d213e9504ef6a143d3954103125b751cbb481f;0c674471599aa66540b414f0ee61075dd79905ae99901261ce10049a4e548854;2026-09-16T18:40:18.343781+00:00;true
LOC-0009;LOC-0125;PUBLIC_TRANSIT;2026-08-17T07:00:00+03:00;OK;2150;36;6292;LOCAL_TRANSIT_OPTIMISTIC_SCREENING;a157e65edef98886c570a63909b74d67e21c8a7e6c3c460cf199fdfaa7d8eb5a;2d6b55fb6f99125d666c13abe95ba3e39a31893d3702a88c052d3d14a0fe7659;2026-09-16T18:40:18.343781+00:00;true
LOC-0009;LOC-0126;PUBLIC_TRANSIT;2026-08-17T07:00:00+03:00;OK;2394;40;7525;LOCAL_TRANSIT_OPTIMISTIC_SCREENING;978b60dcceae828441aabbc590d1f1e6f173ebd6d7506a6dcf5f7670dd78c076;004e387adf323e4f6ab592805761c77ad9e1582eb9dfd9bde4f402718ef4f6f3;2026-09-16T18:40:18.343781+00:00;true
LOC-0009;LOC-0128;PUBLIC_TRANSIT;2026-08-17T07:00:00+03:00;OK;2404;41;9048;LOCAL_TRANSIT_OPTIMISTIC_SCREENING;5e33b03940efecb524053b13c68871ee8383a1206224c0cd7d243997cf4c5396;d910356853bc2eac5a91bc404ba45b433abe7c07e9db7ea48050c5c9b70bcca6;2026-09-16T18:40:18.343781+00:00;true
LOC-0009;LOC-0134;PUBLIC_TRANSIT;2026-08-17T07:00:00+03:00;OK;2613;44;8889;LOCAL_TRANSIT_OPTIMISTIC_SCREENING;9c3f409e910b3eef9a6288e81c8da23d3a223e850aba3fdbb7d5a3505f2c9cae;879312b085eacae7424812100d4fca4c494de944b9684efd636d4800129b75c7;2026-09-16T18:40:18.343781+00:00;true
LOC-0009;LOC-0135;PUBLIC_TRANSIT;2026-08-17T07:00:00+03:00;OK;2688;45;8828;LOCAL_TRANSIT_OPTIMISTIC_SCREENING;0db8f1b55131da03956bb9fd39e0b0b799e8c2d6f59c0870168eb6c467f0b234;ca4d3ed58c9fcbffd833763af7fc24a7cffa8b95738c1756240d78fbe29df2f3;2026-09-16T18:40:18.343781+00:00;true
LOC-0009;LOC-0136;PUBLIC_TRANSIT;2026-08-17T07:00:00+03:00;OK;2632;44;9192;LOCAL_TRANSIT_OPTIMISTIC_SCREENING;b5c9156c4d470e1a9ac9637af0e8d4286300f7b5237dcfabd19098f6e6349172;0b5c8f645f138db91440e1d897bd55c46b8d917f67a06c60ab6362bae65f6f60;2026-09-16T18:40:18.343781+00:00;true
LOC-0009;LOC-0140;PUBLIC_TRANSIT;2026-08-17T07:00:00+03:00;OK;2341;40;6707;LOCAL_TRANSIT_OPTIMISTIC_SCREENING;079a35a5a26dc26ca0ea46220e60402b2d790d4dbb0664c8d282692804cbb5b3;095e40de8f4734f5d177418a8784f915bd88d519205067455b557f1be39d9219;2026-09-16T18:40:18.343781+00:00;true
LOC-0009;LOC-0141;PUBLIC_TRANSIT;2026-08-17T07:00:00+03:00;OK;1389;24;2262;LOCAL_TRANSIT_OPTIMISTIC_SCREENING;dbe0c30e16d425de5fcd997ee52f92941138955c35c7c598fdf8b7857b88108f;381cb3bd704fbbfb3dd8a6772d6650f80769ee1bcd0e8651a413fcac9966ed65;2026-09-16T18:40:18.343781+00:00;true
LOC-0009;LOC-0142;PUBLIC_TRANSIT;2026-08-17T07:00:00+03:00;OK;1324;23;2385;LOCAL_TRANSIT_OPTIMISTIC_SCREENING;2fe21d2b037267f0e8618998a5ade083826da89686099ee3c95a04087c2f3c01;544063dcfaf4eb918cf8e754f0bcc7bce284d33567d049ad30019dc2f01afd99;2026-09-16T18:40:18.343781+00:00;true
LOC-0009;LOC-0145;PUBLIC_TRANSIT;2026-08-17T07:00:00+03:00;OK;2887;49;10097;LOCAL_TRANSIT_OPTIMISTIC_SCREENING;b9520d9bc51a6aa3838064a06a7723c76cdafe41b97307050884c2a9d73019c1;d7a599dac519c48a7a9f52176302124d6165ecf2b9de241d15a036c03fe21966;2026-09-16T18:40:18.343781+00:00;true
LOC-0009;LOC-0148;PUBLIC_TRANSIT;2026-08-17T07:00:00+03:00;OK;2535;43;5688;LOCAL_TRANSIT_OPTIMISTIC_SCREENING;b9aae5fcd238ce9888b9c50a62e01c943f944439f3c56cf78690bb084a3a5d63;94bf480fa68a763587b6870981a2733c1206527711f6f26d97aa5b369d92759b;2026-09-16T18:40:18.343781+00:00;true
LOC-0009;LOC-0149;PUBLIC_TRANSIT;2026-08-17T07:00:00+03:00;OK;2395;40;5851;LOCAL_TRANSIT_OPTIMISTIC_SCREENING;f89c989d754c922762c3aeaa9ddb0a50627694e36cd5c9962139ba7560ed72bb;4dad566a4e414c8300fe615aedec6bafb5296bbd89ea42c61a157160940a558c;2026-09-16T18:40:18.343781+00:00;true
LOC-0009;LOC-0150;PUBLIC_TRANSIT;2026-08-17T07:00:00+03:00;OK;2276;38;5966;LOCAL_TRANSIT_OPTIMISTIC_SCREENING;6a5133f3d19093916386d0e17cd170819f4dea83195eb03ee6005daa322c44ee;0a83cf3c0c9e370f306eb66838b06951d9a012ad1cedd605d8a87f7454d3f4b5;2026-09-16T18:40:18.343781+00:00;true
LOC-0009;LOC-0151;PUBLIC_TRANSIT;2026-08-17T07:00:00+03:00;OK;2465;42;5369;LOCAL_TRANSIT_OPTIMISTIC_SCREENING;82bdd1675f04a1cf559eaa11bceffeaa8a1fb3fd39ffbbe6406f6509db6e0679;82ce8c7168af20951d8e4852e7d818eb6d58825b2da378d68a99456d7b221e06;2026-09-16T18:40:18.343781+00:00;true
LOC-0009;LOC-0152;PUBLIC_TRANSIT;2026-08-17T07:00:00+03:00;OK;2466;42;5323;LOCAL_TRANSIT_OPTIMISTIC_SCREENING;e39752580872a73eef875cfb99b45309a5214ce86545ca1e3174cacacd81b040;1664a6818985dc5be0d3d9070f1a3532c58bdbc4febedd6e54e30ff2e34a8a16;2026-09-16T18:40:18.343781+00:00;true
LOC-0009;LOC-0190;PUBLIC_TRANSIT;2026-08-17T07:00:00+03:00;OK;2694;45;8876;LOCAL_TRANSIT_OPTIMISTIC_SCREENING;c8bbe696f4fe5da2d7a2311183cb0784c95d0ab3fc3eb2f2b8870ddbd0ac7eb5;18e272940135fe5725643ae1b7c3e3120571aa817f6654d881a590d9e7d6039b;2026-09-16T18:40:18.343781+00:00;true
LOC-0009;LOC-0196;PUBLIC_TRANSIT;2026-08-17T07:00:00+03:00;OK;2188;37;6629;LOCAL_TRANSIT_OPTIMISTIC_SCREENING;a8525a13d4206807f9d63896ee8a4e9d5d0dd9683463e7b45e9047e5f8b78a8c;5ff725210b04ac1a72aa305e0a8e0027e668bd4e4f2c53bdba56ce8b8c496007;2026-09-16T18:40:18.343781+00:00;true
LOC-0010;LOC-0002;PUBLIC_TRANSIT;2026-08-17T07:00:00+03:00;OK;2046;35;6334;LOCAL_TRANSIT_OPTIMISTIC_SCREENING;c0fbe9e7847692e1c4d1ce98fb459d032771ee5d775e5813566fe4ce6fbd81f1;8dfd6d249b9ae88211a3936243344df4285d8561e069b43ffac3c6276cb1f4d3;2026-09-16T18:40:18.343781+00:00;true
LOC-0010;LOC-0008;PUBLIC_TRANSIT;2026-08-17T07:00:00+03:00;OK;498;9;676;LOCAL_TRANSIT_OPTIMISTIC_SCREENING;2b116904300dac69417ef16b5247080a56e46773d630421f8e4ec8bc667b5e2a;08441dd8032a8aeca54fe441b9683ded61cd8b2971927b6d37e73c752fed7708;2026-09-16T18:40:18.343781+00:00;true
LOC-0010;LOC-0009;PUBLIC_TRANSIT;2026-08-17T07:00:00+03:00;OK;2715;46;10895;LOCAL_TRANSIT_OPTIMISTIC_SCREENING;4ddec65d94869fedd2a684cf4196b0de2bf4c26b27fd0d19c12de4afb6d34d5e;7fa442e5513efb70858643e05e416558272bc29b657b28a84276dbf128711577;2026-09-16T18:40:18.343781+00:00;true
LOC-0010;LOC-0010;PUBLIC_TRANSIT;2026-08-17T07:00:00+03:00;OK;0;0;0;LOCAL_TRANSIT_OPTIMISTIC_SCREENING;c05d23ad6396d44b7daf7a71e71d2cf12159583406d7af0904251df49f70b0bb;3d5812abc84c11768aa73a732c85d75dbed439188f5bb3239e9b762ea31d9862;2026-09-16T18:40:18.343781+00:00;true
LOC-0010;LOC-0011;PUBLIC_TRANSIT;2026-08-17T07:00:00+03:00;OK;928;16;1376;LOCAL_TRANSIT_OPTIMISTIC_SCREENING;3a1133ca3555c2f1d6f89cd8024296b7ebce5da66c6dd555cbedbcd9c1cd4933;b8b79d109a7246ec28ae8b2d9a0918e7f4cdc96e13139be5bd4f351cde3f8a85;2026-09-16T18:40:18.343781+00:00;true
LOC-0010;LOC-0012;PUBLIC_TRANSIT;2026-08-17T07:00:00+03:00;OK;649;11;1117;LOCAL_TRANSIT_OPTIMISTIC_SCREENING;531f9c65a2e34027e0e1d59426deb6ee3700a1100cc343532d4e1e79ce22f7dd;56a8b9352d6cfafa2ff33d700f16fa660d4a2c0e15e35e8de8b9932953ed0e99;2026-09-16T18:40:18.343781+00:00;true
LOC-0010;LOC-0013;PUBLIC_TRANSIT;2026-08-17T07:00:00+03:00;OK;2311;39;7376;LOCAL_TRANSIT_OPTIMISTIC_SCREENING;27756bab12af70e0f47c87991d98fcb9172a242e7c276e976b777eb18c3cd920;de9433d18c22e0058ab916a1cba5daf704c84ebdc7d619abb2ba47420229389d;2026-09-16T18:40:18.343781+00:00;true
LOC-0010;LOC-0016;PUBLIC_TRANSIT;2026-08-17T07:00:00+03:00;OK;2157;36;8551;LOCAL_TRANSIT_OPTIMISTIC_SCREENING;d77b504941ca21dda4c217cffced52f50a219bec7f1e6715c159ca7302466907;7d5351cb8a9d1f0d1b9bce5cbe1f4ac327ba75850856391edb9d8ecf910bee06;2026-09-16T18:40:18.343781+00:00;true
LOC-0010;LOC-0017;PUBLIC_TRANSIT;2026-08-17T07:00:00+03:00;OK;2001;34;5730;LOCAL_TRANSIT_OPTIMISTIC_SCREENING;f7f6c401a2c4b28bf76ec2f0fc6b5768c90183a063e420a6921338d73479a368;36e6bd425a509ac5fbff2200dae2acf014c973eda85f8c7cf1ec6885ec2292a6;2026-09-16T18:40:18.343781+00:00;true
LOC-0010;LOC-0018;PUBLIC_TRANSIT;2026-08-17T07:00:00+03:00;OK;1805;31;5194;LOCAL_TRANSIT_OPTIMISTIC_SCREENING;43463a22d5acdc1be466da1e44718957b6b891f038417bc3a1a8dd4c5a9e33c1;2e04af4d26dcda874741c4f702a9ed18c99adb05464d1d1b0e2f0ac27fbe9f8c;2026-09-16T18:40:18.343781+00:00;true
LOC-0010;LOC-0019;PUBLIC_TRANSIT;2026-08-17T07:00:00+03:00;OK;294;5;417;LOCAL_TRANSIT_OPTIMISTIC_SCREENING;834d644e41bc395b5df4d6cff52ef5ba446dce81050da5c52180cec86c72fdad;543d5d1ae68253a02946a4a39c202ae929b2f7d28e5b4527cc13c04d8feb2fe9;2026-09-16T18:40:18.343781+00:00;true
LOC-0010;LOC-0020;PUBLIC_TRANSIT;2026-08-17T07:00:00+03:00;OK;1281;22;1792;LOCAL_TRANSIT_OPTIMISTIC_SCREENING;9ec73bc364bdc373102607705159d8fab1f1afb4d4bdaaa694a40005f90c8521;8e976a5c952c3a079173ae3fffbe2f381affe3f4f4e9a235eaee4f4e6cd3d728;2026-09-16T18:40:18.343781+00:00;true
LOC-0010;LOC-0023;PUBLIC_TRANSIT;2026-08-17T07:00:00+03:00;OK;1780;30;4680;LOCAL_TRANSIT_OPTIMISTIC_SCREENING;1d21d27581d4324fe4d5d8ca3841cec9e335fcb293c028fc85ad4d50f6f29109;bb1b7820bc4d19cacac84b310335938938835a60eae55522165d5e2f1c4b38a9;2026-09-16T18:40:18.343781+00:00;true
LOC-0010;LOC-0027;PUBLIC_TRANSIT;2026-08-17T07:00:00+03:00;OK;1799;30;5191;LOCAL_TRANSIT_OPTIMISTIC_SCREENING;9a17111b8fb937bf48811d92fcf167c0084dd957cb91fdaadf36190fe117bbf7;60accd65092c761f59c0f0d17f3c338bd8e8b711c437847399e87600c69e3774;2026-09-16T18:40:18.343781+00:00;true
LOC-0010;LOC-0028;PUBLIC_TRANSIT;2026-08-17T07:00:00+03:00;OK;2178;37;7821;LOCAL_TRANSIT_OPTIMISTIC_SCREENING;2caca4ae70e3cc043ed6493cff35dc2ca7cc62fc31e8c86935c2394e0fc14239;80e3af2b5459b91fb1d3b6fe65d27a930e4ff9c05548d216f129cc41a8498471;2026-09-16T18:40:18.343781+00:00;true
LOC-0010;LOC-0029;PUBLIC_TRANSIT;2026-08-17T07:00:00+03:00;OK;2118;36;7803;LOCAL_TRANSIT_OPTIMISTIC_SCREENING;9c86ec08f3c3c440109849a3953c2b697400a6a2adcb00f7579653878a5bccdc;c4ba054dc59155a8cf693575ecf35a7c28ed17e8ee5c26514c9401521fb6af29;2026-09-16T18:40:18.343781+00:00;true
LOC-0010;LOC-0037;PUBLIC_TRANSIT;2026-08-17T07:00:00+03:00;OK;1591;27;4636;LOCAL_TRANSIT_OPTIMISTIC_SCREENING;3521de0cfe3559a683d1b9661b6b5f324dbfdb48d3cfb0efe351aaa1520be0a9;1fd3db42858cf6e6de177e3bdc57500f346979a37b1bfb745fe8c12eb5d9c13f;2026-09-16T18:40:18.343781+00:00;true
LOC-0010;LOC-0045;PUBLIC_TRANSIT;2026-08-17T07:00:00+03:00;OK;1686;29;7228;LOCAL_TRANSIT_OPTIMISTIC_SCREENING;50493397ca5df62f548809024aebc52d104df541431805ee6dda73253a19e687;f827e667cda4af7fd781da9d3bca19ef78d6741d26e4b350afdd0b0bcb1dca9d;2026-09-16T18:40:18.343781+00:00;true
LOC-0010;LOC-0053;PUBLIC_TRANSIT;2026-08-17T07:00:00+03:00;OK;1915;32;7818;LOCAL_TRANSIT_OPTIMISTIC_SCREENING;8916939a4d4f18e1820fd835ca8788b14e0171735ddd2d6f66399e7f52bad2e4;3b0bc1b994e140ee86e1e57dd9aa75e8e360c35389b508869d2b7ff3df1834f5;2026-09-16T18:40:18.343781+00:00;true
LOC-0010;LOC-0054;PUBLIC_TRANSIT;2026-08-17T07:00:00+03:00;OK;1903;32;4297;LOCAL_TRANSIT_OPTIMISTIC_SCREENING;d0f844effa94eb9c627013a9b3e5b468fa27615e452e2e026906ea26aa1b1ae2;ec19a11f2d6bba1d5107448712d3aab45558c7ebe123c2b10c626b5133ee48c3;2026-09-16T18:40:18.343781+00:00;true
LOC-0010;LOC-0061;PUBLIC_TRANSIT;2026-08-17T07:00:00+03:00;OK;771;13;1375;LOCAL_TRANSIT_OPTIMISTIC_SCREENING;eff79d87e62308f027754069a64515e10f2b4cf3ded2f5c5a9175761be70ffd0;3352aacd0c0f3f390761b65de79d51d2cc2f193a5eafeab25785e0afb93352c4;2026-09-16T18:40:18.343781+00:00;true
LOC-0010;LOC-0063;PUBLIC_TRANSIT;2026-08-17T07:00:00+03:00;OK;1895;32;9345;LOCAL_TRANSIT_OPTIMISTIC_SCREENING;ffe960ef670cd2f331ab7af60ef3405e0f0ea986bee2d1806c59a320931c82e2;b7098ec20b8a8c3470189646d1c89fc861b60341130967f384f1f34e5c6f3232;2026-09-16T18:40:18.343781+00:00;true
LOC-0010;LOC-0064;PUBLIC_TRANSIT;2026-08-17T07:00:00+03:00;OK;1736;29;8946;LOCAL_TRANSIT_OPTIMISTIC_SCREENING;f7536020dc110290b90fc797fb74f3234cceffd0f5ea9bec365f023b2acd4346;955c79fbd57c6d783a833cae04fcb6e96d3f4a91e7ca6867ba5426a854760ef0;2026-09-16T18:40:18.343781+00:00;true
LOC-0010;LOC-0074;PUBLIC_TRANSIT;2026-08-17T07:00:00+03:00;OK;1631;28;4559;LOCAL_TRANSIT_OPTIMISTIC_SCREENING;744e1fb2e6b81f526c2f81f46c2c076a6cbf51151ebe4534eba3cb95a7f1a050;91d964ad3e5e902589172182dcf6d1629fdf1c62490b66224b5e623a3f182b40;2026-09-16T18:40:18.343781+00:00;true
LOC-0010;LOC-0075;PUBLIC_TRANSIT;2026-08-17T07:00:00+03:00;OK;1701;29;5073;LOCAL_TRANSIT_OPTIMISTIC_SCREENING;bb02f137917f3b28b1f8a475f0246a49cd1cd78ee3e581ab7da08ce7d796bcad;612cb2a505824793a4c306516ac56b29e808a0c3f500dcd8f5a55f7fdb0127bc;2026-09-16T18:40:18.343781+00:00;true
LOC-0010;LOC-0076;PUBLIC_TRANSIT;2026-08-17T07:00:00+03:00;OK;2453;41;8931;LOCAL_TRANSIT_OPTIMISTIC_SCREENING;47f7175625d78744bd44e1012e7306aed9be9a44ee55141527fb2c36ea5d0616;21ab824f7c67dd487b86a779d72e4729dd77cace88eebe4c5be478cae810e034;2026-09-16T18:40:18.343781+00:00;true
LOC-0010;LOC-0078;PUBLIC_TRANSIT;2026-08-17T07:00:00+03:00;OK;1794;30;7914;LOCAL_TRANSIT_OPTIMISTIC_SCREENING;8dc360c67c872275c778e96aede05cbbc45301ee19a262d55e97d9241d31a339;70d3a821651749aa1cbac9274eafc1fe2cd6293599a0f14ccc458bd9f5e60d85;2026-09-16T18:40:18.343781+00:00;true
LOC-0010;LOC-0080;PUBLIC_TRANSIT;2026-08-17T07:00:00+03:00;OK;1681;29;4684;LOCAL_TRANSIT_OPTIMISTIC_SCREENING;e583030eaca960f5f5abba264f97f1b26417f38b23f2847e2c001b6cd9315da9;149f0d5e2eceedc858b15cef9b4713e7f47702cdc59ebd06aa2d5369c8d4b883;2026-09-16T18:40:18.343781+00:00;true
LOC-0010;LOC-0082;PUBLIC_TRANSIT;2026-08-17T07:00:00+03:00;OK;2022;34;8688;LOCAL_TRANSIT_OPTIMISTIC_SCREENING;da65dea9fd634aead5a017337e22bdd9d97114bafd0ce6a0c282e89b9a3c6621;a4ac4616ff3a166230ffca3415d8702905e75a7c6834c19139b223ce2d72f521;2026-09-16T18:40:18.343781+00:00;true
LOC-0010;LOC-0085;PUBLIC_TRANSIT;2026-08-17T07:00:00+03:00;OK;1775;30;6838;LOCAL_TRANSIT_OPTIMISTIC_SCREENING;2ec6d788f92349d3a22adc926e3b33a3d3754ba5fe7cb68651ab3fc025b6ff2b;10652ed45d808b38e953985f68f3f12c974a8bb8dce8df1c597f265d0df47f17;2026-09-16T18:40:18.343781+00:00;true
LOC-0010;LOC-0086;PUBLIC_TRANSIT;2026-08-17T07:00:00+03:00;OK;1557;26;6579;LOCAL_TRANSIT_OPTIMISTIC_SCREENING;658b6bf124393ff1997333c0e2bea8dd703e178b6fb5a6014d6d6ab2dca05332;7453bb3dae239a2c5a2218c13514174e2891c05c8d503b02ed2af163be0cb60e;2026-09-16T18:40:18.343781+00:00;true
LOC-0010;LOC-0091;PUBLIC_TRANSIT;2026-08-17T07:00:00+03:00;OK;687;12;848;LOCAL_TRANSIT_OPTIMISTIC_SCREENING;a491025dd61ae36b5880231906fad8acd3910e5b5bbfffd834aed3f9740a333b;42f700250d6412315f9222f0e4488e2a5ec87e2562bf0d86ee66feee13d8e7dd;2026-09-16T18:40:18.343781+00:00;true
LOC-0010;LOC-0092;PUBLIC_TRANSIT;2026-08-17T07:00:00+03:00;OK;862;15;1575;LOCAL_TRANSIT_OPTIMISTIC_SCREENING;b90186fa997173b906611181c1a6928d19f861e798209f5e320cc06210f165fa;9f47323ed40f6af3e3dbf5391c3c9a545464f1537ef6d5746b8f241e2f62d250;2026-09-16T18:40:18.343781+00:00;true
LOC-0010;LOC-0093;PUBLIC_TRANSIT;2026-08-17T07:00:00+03:00;OK;838;14;1669;LOCAL_TRANSIT_OPTIMISTIC_SCREENING;fcb50f95aa33399d139539c1503a052ac16bbee59e78156f129e8256bf2e27be;7a41c588744ac7204d99589243c5e65d32994d099f8dc683b266fef152ce7148;2026-09-16T18:40:18.343781+00:00;true
LOC-0010;LOC-0094;PUBLIC_TRANSIT;2026-08-17T07:00:00+03:00;OK;1943;33;7068;LOCAL_TRANSIT_OPTIMISTIC_SCREENING;2948ac32c9f1dcc4b1cb44c25dce752c63fe8a752111575e2e728e14bcf7bb2c;d7084110591eeefed33f1806349d434403ac65a597eec39216128a63cc8495b3;2026-09-16T18:40:18.343781+00:00;true
LOC-0010;LOC-0095;PUBLIC_TRANSIT;2026-08-17T07:00:00+03:00;OK;1577;27;7888;LOCAL_TRANSIT_OPTIMISTIC_SCREENING;4be5d21d2e01aeab0cfd056527fe2d25836c990f7c3dbc25ae9236f5b20c76ff;e1dc81583c51e37044a0dee7237797830681939308b97031ed68b87271f38b0a;2026-09-16T18:40:18.343781+00:00;true
LOC-0010;LOC-0102;PUBLIC_TRANSIT;2026-08-17T07:00:00+03:00;OK;1505;26;9307;LOCAL_TRANSIT_OPTIMISTIC_SCREENING;0cd972d92913f99aa15750efc631c71402f16d9d8d6bc9c8a8e6836d81794f54;611927d7010bf0d49b1dc260c84b776a62873038fab3eaf1fb0b28e975a02ee7;2026-09-16T18:40:18.343781+00:00;true
LOC-0010;LOC-0112;PUBLIC_TRANSIT;2026-08-17T07:00:00+03:00;OK;1459;25;2875;LOCAL_TRANSIT_OPTIMISTIC_SCREENING;471f1b3255c787f7fc5c061dd999bb9310564cbc99e8000f2e0bd778de576673;74e66e508f029abbbc0303e3470a03b2cc5ad7b38ce5d192869ca065f577e08b;2026-09-16T18:40:18.343781+00:00;true
LOC-0010;LOC-0124;PUBLIC_TRANSIT;2026-08-17T07:00:00+03:00;OK;2863;48;10798;LOCAL_TRANSIT_OPTIMISTIC_SCREENING;a40244a29aef94c3e5039369a524d73b2cd12e1ea2f8101eab7c35e54737c086;41f71eacf8ab2b790ef6e4954499a04d80190e8f661b99a1cd0df0ddc43092e7;2026-09-16T18:40:18.343781+00:00;true
LOC-0010;LOC-0125;PUBLIC_TRANSIT;2026-08-17T07:00:00+03:00;OK;1914;32;4961;LOCAL_TRANSIT_OPTIMISTIC_SCREENING;50e7af297fd35a14c96585c233d861290cb55bfa1896bfbf7eb9a2174f732d51;68e2e5bdac7007b0b151e708d1e6b843187e79f2193b3898056745fc6e338348;2026-09-16T18:40:18.343781+00:00;true
LOC-0010;LOC-0126;PUBLIC_TRANSIT;2026-08-17T07:00:00+03:00;OK;1117;19;3465;LOCAL_TRANSIT_OPTIMISTIC_SCREENING;46d86d9a7416a86e872091ce6499b8780f5af0f186c8350a14d0a6d4c8d5b61a;75f3d50bf3514f4bc094f5d68160ad48df7429915dc823afc7aed39196403cd8;2026-09-16T18:40:18.343781+00:00;true
LOC-0010;LOC-0128;PUBLIC_TRANSIT;2026-08-17T07:00:00+03:00;OK;1931;33;4512;LOCAL_TRANSIT_OPTIMISTIC_SCREENING;3f640e1a7069fba4e366f09103539c53170f0b2530a33b783053ceb218660ed4;9b03fb914bea546f0686c610959c594996214060585f3af04b10d35cec7a0d59;2026-09-16T18:40:18.343781+00:00;true
LOC-0010;LOC-0134;PUBLIC_TRANSIT;2026-08-17T07:00:00+03:00;OK;2041;35;6681;LOCAL_TRANSIT_OPTIMISTIC_SCREENING;5e7d5ac34fb0581761e72446c241715eacef86250b7db69106447ff63c782b85;31bd0e359362c13ad4e5dfe59a7f55f1adfce6d26dc44617b5f42954e9b32f61;2026-09-16T18:40:18.343781+00:00;true
LOC-0010;LOC-0135;PUBLIC_TRANSIT;2026-08-17T07:00:00+03:00;OK;2154;36;6830;LOCAL_TRANSIT_OPTIMISTIC_SCREENING;27947c85ea389fa2012ee9a4485c1d5fe8d5e940c41f4b9529a9c6a8cbf7a703;d3723aa371c03da849da5163817419f4f82dcfc2980bb85588cc2c2a7d58cf8a;2026-09-16T18:40:18.343781+00:00;true
LOC-0010;LOC-0136;PUBLIC_TRANSIT;2026-08-17T07:00:00+03:00;OK;2107;36;7129;LOCAL_TRANSIT_OPTIMISTIC_SCREENING;b293365678df6122e3ddf906d506943fd9fb6c24955b031cf17fe897e43232a8;7c16e51c1fdcc531f04b23caf8d8aaeaf80b3a7aa03422253c23d350882da684;2026-09-16T18:40:18.343781+00:00;true
LOC-0010;LOC-0140;PUBLIC_TRANSIT;2026-08-17T07:00:00+03:00;OK;2121;36;7420;LOCAL_TRANSIT_OPTIMISTIC_SCREENING;bd6db0260e8ccc2609ba37eb5e3e49dabb51398b30ee13a1d77fd82310d63f50;8ac88b234beb0ad3f57aed7e0fbcc98e19dbaf94145de1c335bb9107eadd21c9;2026-09-16T18:40:18.343781+00:00;true
LOC-0010;LOC-0141;PUBLIC_TRANSIT;2026-08-17T07:00:00+03:00;OK;2497;42;9145;LOCAL_TRANSIT_OPTIMISTIC_SCREENING;14aa013544dccfe5eee9f917fd0f9f7d98c9497d3eb1325ca69a4b326d7a9420;1610d391863c1c8b6fbeb62f603416fb45e3fadcd17ebd0ca1d509b605bae7f5;2026-09-16T18:40:18.343781+00:00;true
LOC-0010;LOC-0142;PUBLIC_TRANSIT;2026-08-17T07:00:00+03:00;OK;2432;41;9093;LOCAL_TRANSIT_OPTIMISTIC_SCREENING;fc567728d8133e847f0be8951ef00239f30797c969eb5163cdef36a7f7dd5478;41e67ea6ac5781fd7c75481ed9e17afd73023a2290304d951ba026f9a2777add;2026-09-16T18:40:18.343781+00:00;true
LOC-0010;LOC-0145;PUBLIC_TRANSIT;2026-08-17T07:00:00+03:00;OK;1033;18;2051;LOCAL_TRANSIT_OPTIMISTIC_SCREENING;137dd2d56167f2072520a029c52d4bab52b802bd0b86ffa5914729feeb715cc6;356a5d6d3b68ae44e7520b4676499ef72d8e07fc62598f85dd14c003678ad928;2026-09-16T18:40:18.343781+00:00;true
LOC-0010;LOC-0148;PUBLIC_TRANSIT;2026-08-17T07:00:00+03:00;OK;1738;29;5221;LOCAL_TRANSIT_OPTIMISTIC_SCREENING;1df1be97875c2275ee8ec8b4b0c41e27f8377b7e9fe2ac045a22a6a03f890ce9;3c4f286edeaf94e175e02c10339cff3eb38fda2f46798fd97fd0fb179f8f8ffd;2026-09-16T18:40:18.343781+00:00;true
LOC-0010;LOC-0149;PUBLIC_TRANSIT;2026-08-17T07:00:00+03:00;OK;1689;29;5045;LOCAL_TRANSIT_OPTIMISTIC_SCREENING;47d2375f4119f86b401b7ee42e551e554a3f2391b3d64e3151da52403e1624b4;647eea9ac1aa8121a0a13c8bc092c3afdcb0ec9174ecf7c5618f0ccc273940c5;2026-09-16T18:40:18.343781+00:00;true
LOC-0010;LOC-0150;PUBLIC_TRANSIT;2026-08-17T07:00:00+03:00;OK;1677;28;4931;LOCAL_TRANSIT_OPTIMISTIC_SCREENING;8474fa1f6bf4bc8a2ba9339a2bec008bb196820634559e00ce36d4ac057c1244;01496edaf5548550983554225f3287025261c970358bb76454f2dbe9ae1acf5e;2026-09-16T18:40:18.343781+00:00;true
LOC-0010;LOC-0151;PUBLIC_TRANSIT;2026-08-17T07:00:00+03:00;OK;1871;32;5582;LOCAL_TRANSIT_OPTIMISTIC_SCREENING;146489950416cba89a4ac4f042ad9fa6c3868188c2abb37998c16146b7659e94;2b29bcfeba46d92c12f485bc66c8a30847c185d5e75e698c3697f009e5accc4e;2026-09-16T18:40:18.343781+00:00;true
LOC-0010;LOC-0152;PUBLIC_TRANSIT;2026-08-17T07:00:00+03:00;OK;1905;32;5615;LOCAL_TRANSIT_OPTIMISTIC_SCREENING;2ffdbf0314d611ddd4c9b00f536f942237b0fd83c2e8db35a86f07a0b2b01401;9ab004b51981c62d5d4da45ddec95281e296735e1bcd54bea5bf4812dcfe6092;2026-09-16T18:40:18.343781+00:00;true
LOC-0010;LOC-0190;PUBLIC_TRANSIT;2026-08-17T07:00:00+03:00;OK;795;14;2487;LOCAL_TRANSIT_OPTIMISTIC_SCREENING;436e6e95550d79c92ad77087188376d9b421d5d20a6657a7ed4dd7af17849695;c36d34cfc2242dad944f70b13728c365e862aceca48b10989abd897b6c1dc9ce;2026-09-16T18:40:18.343781+00:00;true
LOC-0010;LOC-0196;PUBLIC_TRANSIT;2026-08-17T07:00:00+03:00;OK;1938;33;5984;LOCAL_TRANSIT_OPTIMISTIC_SCREENING;053493934c1be421bc1f359a38604a2e490c641f73b962b94fbdb84c744125e5;62316ca9adf62c9e21a00590b4922ae0047fab637db9914dc132dbe05718bc47;2026-09-16T18:40:18.343781+00:00;true
LOC-0011;LOC-0002;PUBLIC_TRANSIT;2026-08-17T07:00:00+03:00;OK;1588;27;4968;LOCAL_TRANSIT_OPTIMISTIC_SCREENING;ecb4fd2c2c83a62787bc2ecd6d76f644c9ee772ab029defe6dfd0c3a71bc9d47;c265c654553acb5841a33b2a0e6e8c57efc19f3478fe1b58e831232a1c22842c;2026-09-16T18:40:18.343781+00:00;true
LOC-0011;LOC-0008;PUBLIC_TRANSIT;2026-08-17T07:00:00+03:00;OK;614;11;703;LOCAL_TRANSIT_OPTIMISTIC_SCREENING;6f5385d5746bdbf7719d9f5160b27baa4036407a9263d1f6862974618645107b;bed6eae9934b812f30d86e3a52df7f6938e3feae9fe7f9c6a4cede84d145f60d;2026-09-16T18:40:18.343781+00:00;true
LOC-0011;LOC-0009;PUBLIC_TRANSIT;2026-08-17T07:00:00+03:00;OK;2896;49;10256;LOCAL_TRANSIT_OPTIMISTIC_SCREENING;17a14966035cece2b9efbda49318e483dc30eee3979339ed3923a4b88d477504;20e2fa6faf375d63d411a5dd10c1612a1bcffdb42eee0599196eec9e575a2e36;2026-09-16T18:40:18.343781+00:00;true
LOC-0011;LOC-0010;PUBLIC_TRANSIT;2026-08-17T07:00:00+03:00;OK;828;14;1376;LOCAL_TRANSIT_OPTIMISTIC_SCREENING;d968c925c394d184d716e4bc267ffe46824a9edba906021671d401a481319b55;bf3cf70848eebe19b026ae512d23b077a54875dbc9f361c4a2198d60950df5de;2026-09-16T18:40:18.343781+00:00;true
LOC-0011;LOC-0011;PUBLIC_TRANSIT;2026-08-17T07:00:00+03:00;OK;0;0;0;LOCAL_TRANSIT_OPTIMISTIC_SCREENING;9ebdaf113efe43ee2d1ec94ecaefa8b1436892134714d34bebd9a12df050b03b;3d5812abc84c11768aa73a732c85d75dbed439188f5bb3239e9b762ea31d9862;2026-09-16T18:40:18.343781+00:00;true
LOC-0011;LOC-0012;PUBLIC_TRANSIT;2026-08-17T07:00:00+03:00;OK;650;11;796;LOCAL_TRANSIT_OPTIMISTIC_SCREENING;7725b48050b7130429b7553cb0c98f8b99a0860eecaa2593ae492b014a2a00c4;0ceb61480cc63764c4096c65f9e87660a6aa6265f7eb1660fd008f927c416675;2026-09-16T18:40:18.343781+00:00;true
LOC-0011;LOC-0013;PUBLIC_TRANSIT;2026-08-17T07:00:00+03:00;OK;1853;31;6006;LOCAL_TRANSIT_OPTIMISTIC_SCREENING;89b2fd283aec51a5373fd4f40002f744448593c95f6ab32b16b397fd385aa717;779ad49701021c0355e3db3d12193f45c6f968717e49c68657eee173e2695bcf;2026-09-16T18:40:18.343781+00:00;true
LOC-0011;LOC-0016;PUBLIC_TRANSIT;2026-08-17T07:00:00+03:00;OK;1699;29;7353;LOCAL_TRANSIT_OPTIMISTIC_SCREENING;a02a4c18b006d483ed654ee131799a4c7c2b3221d14ad3378fdaa4b209c8479b;a91ae33e63c28a6fdee8914ec01c824490c591da3f10fde46a76c23cf642e99e;2026-09-16T18:40:18.343781+00:00;true
LOC-0011;LOC-0017;PUBLIC_TRANSIT;2026-08-17T07:00:00+03:00;OK;2182;37;5314;LOCAL_TRANSIT_OPTIMISTIC_SCREENING;293688a08a244e386c00d07fe1e28a291ba09bd79f20557f2578296764fe653b;3d51dac0f9b1442bdd1092370cc1d5aa8df0e327e8a99784a737ee40f6af8f6c;2026-09-16T18:40:18.343781+00:00;true
LOC-0011;LOC-0018;PUBLIC_TRANSIT;2026-08-17T07:00:00+03:00;OK;1819;31;4934;LOCAL_TRANSIT_OPTIMISTIC_SCREENING;a33c8a18b7608bf198e44cb5b17dff69fbe770cb7ec246f6111261fbe0337f1d;926900a2c941b91aa29a93ff0fd6cacf84bceaee2b7a4dafed8fdb87b67c5bee;2026-09-16T18:40:18.343781+00:00;true
LOC-0011;LOC-0019;PUBLIC_TRANSIT;2026-08-17T07:00:00+03:00;OK;1044;18;1644;LOCAL_TRANSIT_OPTIMISTIC_SCREENING;0e48df3db88110040b777035a0a6e64a52beafccd78b8c9ac50283abeabe62fa;5021f76369b3d388b51cbe50f0017734ad6de6c4b3875d62af8308d50eac9a90;2026-09-16T18:40:18.343781+00:00;true
LOC-0011;LOC-0020;PUBLIC_TRANSIT;2026-08-17T07:00:00+03:00;OK;1197;20;2849;LOCAL_TRANSIT_OPTIMISTIC_SCREENING;f48b22375470b363d8b8b07f3a77715399317b401992ac18db8048a00984977d;ca785dcff34185ae9ebc675103040f528893cb678fadb17882ecee4e532e69e6;2026-09-16T18:40:18.343781+00:00;true
LOC-0011;LOC-0023;PUBLIC_TRANSIT;2026-08-17T07:00:00+03:00;OK;1722;29;4778;LOCAL_TRANSIT_OPTIMISTIC_SCREENING;d2c776db0bbba36e0f0e068a30777f0a42c7858e898e840ffc90038cdd8c221f;e96cf1bc3161dec0bbc6512c57178dc9b37f00ba9d72e69829c607e2fe6029b8;2026-09-16T18:40:18.343781+00:00;true
LOC-0011;LOC-0027;PUBLIC_TRANSIT;2026-08-17T07:00:00+03:00;OK;1824;31;4383;LOCAL_TRANSIT_OPTIMISTIC_SCREENING;3f2e5c20b0e54c16c4cdadb4276dc19d2296e35da45e0f741e9fe4a42b1e9bc0;a2241b2edf0d48a4b14bf486f7cb4750f8c3395660ae2c60d87f20164a26e86c;2026-09-16T18:40:18.343781+00:00;true
LOC-0011;LOC-0028;PUBLIC_TRANSIT;2026-08-17T07:00:00+03:00;OK;2205;37;6720;LOCAL_TRANSIT_OPTIMISTIC_SCREENING;4dc62a32f75d4e6ac74cea508a701b4c1840a8aaeb07457b9011c30df65573c1;edf3ae7639fcf82c305c7bb508a1cf672c6e3b14e4f622a8bdd883148a1bff5a;2026-09-16T18:40:18.343781+00:00;true
LOC-0011;LOC-0029;PUBLIC_TRANSIT;2026-08-17T07:00:00+03:00;OK;2262;38;6711;LOCAL_TRANSIT_OPTIMISTIC_SCREENING;f1c0f3c524be20ee5aea7fd5261a0529e56cc85477bca5377e3c0259e13a0f4c;aba5a086745b35cac652ab4beb02b2ce747039f473d470577b0ce6e9afa5bd4c;2026-09-16T18:40:18.343781+00:00;true
LOC-0011;LOC-0037;PUBLIC_TRANSIT;2026-08-17T07:00:00+03:00;OK;1133;19;3260;LOCAL_TRANSIT_OPTIMISTIC_SCREENING;2be1e7f2672ef8c56a4d65875dc3be9c2f5a21d6b4677f029e8b6910925d2d59;6882fee88d4b494efa22566e48e7cc00b662393172ac7d6903a0ca64dbb095c4;2026-09-16T18:40:18.343781+00:00;true
LOC-0011;LOC-0045;PUBLIC_TRANSIT;2026-08-17T07:00:00+03:00;OK;1867;32;6370;LOCAL_TRANSIT_OPTIMISTIC_SCREENING;07ccc865d1eda2c42d7d3d209a62eb0e35fe15be891e7bd092b5f1692dda6337;b3c834dacefe41124d512c28e503babed94e3e0276691fdc33e9435851ac4994;2026-09-16T18:40:18.343781+00:00;true
LOC-0011;LOC-0053;PUBLIC_TRANSIT;2026-08-17T07:00:00+03:00;OK;1457;25;6606;LOCAL_TRANSIT_OPTIMISTIC_SCREENING;18dac61bf2535ef86766405c3c35143ac4ddd0f567000dd5c5e1ddb2a33758f7;a670d86a9c6dd88b920a5ff6715a8c631b4aa6b91c2f620f7e702939c8879058;2026-09-16T18:40:18.343781+00:00;true
LOC-0011;LOC-0054;PUBLIC_TRANSIT;2026-08-17T07:00:00+03:00;OK;1445;25;2929;LOCAL_TRANSIT_OPTIMISTIC_SCREENING;eace37a41659cdde34a940f1c1fce09ef31764d108f616cc032efa8791a90eeb;39ff6ea496b93f9740799db6e6322117543ca484080d9f354d44fb2302250701;2026-09-16T18:40:18.343781+00:00;true
LOC-0011;LOC-0061;PUBLIC_TRANSIT;2026-08-17T07:00:00+03:00;OK;545;10;761;LOCAL_TRANSIT_OPTIMISTIC_SCREENING;f20cb32c881c261a0fd860e6c43665dda1279bec8348a53acac8a71680995362;18da0d8b9a02dfaa41032beb5b8012098c1f75e9d8a5aabfb7e43eac191dc9ce;2026-09-16T18:40:18.343781+00:00;true
LOC-0011;LOC-0063;PUBLIC_TRANSIT;2026-08-17T07:00:00+03:00;OK;1940;33;8336;LOCAL_TRANSIT_OPTIMISTIC_SCREENING;8d7ed986350e821f2415b8368551a45e41654746f99b34acdf5591fab382b170;0ae8aab50c9262cecacb34d97bdd7303415ceffd21ff5595871f8cb87107a291;2026-09-16T18:40:18.343781+00:00;true
LOC-0011;LOC-0064;PUBLIC_TRANSIT;2026-08-17T07:00:00+03:00;OK;1917;32;7976;LOCAL_TRANSIT_OPTIMISTIC_SCREENING;7fddb2bec7f2eb8bdacf9df2b0012c2c1c4f8346e574642807dcc4d615f97e04;5989194de3a44fc9f79765d40b659723e7b35c57da89e31c0fbe59a7d0ac8652;2026-09-16T18:40:18.343781+00:00;true
LOC-0011;LOC-0074;PUBLIC_TRANSIT;2026-08-17T07:00:00+03:00;OK;1812;31;4094;LOCAL_TRANSIT_OPTIMISTIC_SCREENING;00aa4e32091dd7f2a701b0c2af05e1ee11764415596f0c4dc3d2ea94e3382eab;6fac1531cb106032cee3706a8149a8b5c4809bf6fe903ce08977748546200ee6;2026-09-16T18:40:18.343781+00:00;true
LOC-0011;LOC-0075;PUBLIC_TRANSIT;2026-08-17T07:00:00+03:00;OK;1882;32;4626;LOCAL_TRANSIT_OPTIMISTIC_SCREENING;3e9c47d7a706bfe0158e202af6180a36cc592ac78ac1f6f3d535e9b5b663af63;173b0a4b9e7891ef35f208e269aabbf8011fcdb450a228c8ad52602786e9ea57;2026-09-16T18:40:18.343781+00:00;true
LOC-0011;LOC-0076;PUBLIC_TRANSIT;2026-08-17T07:00:00+03:00;OK;1995;34;7747;LOCAL_TRANSIT_OPTIMISTIC_SCREENING;c2080acc7644cc240f138c38b6827f3a303f4804d99939c6b8acd302be94de42;c768f6bd16b113d87fefd4de9099e0e5b0433811aebfd959c8f8bc046ca42491;2026-09-16T18:40:18.343781+00:00;true
LOC-0011;LOC-0078;PUBLIC_TRANSIT;2026-08-17T07:00:00+03:00;OK;1975;33;7012;LOCAL_TRANSIT_OPTIMISTIC_SCREENING;5295fe49b3b4fb3da69dea8d26a602d02f53e61740ef1feb2bf13db37eb06c1b;d45b630cc753b6386ba4b6b32bcf8786b341b77cb286c530bbc707290939b5d3;2026-09-16T18:40:18.343781+00:00;true
LOC-0011;LOC-0080;PUBLIC_TRANSIT;2026-08-17T07:00:00+03:00;OK;1862;32;4346;LOCAL_TRANSIT_OPTIMISTIC_SCREENING;db5d3339b205eba5923b70fe98cf69955b162f1afeb2bbcf47698b52a551d721;30eafefd66d5e0b9c2b392985e1f4e32bb211cf2f25a863a55f4a1f31bf5e1c5;2026-09-16T18:40:18.343781+00:00;true
LOC-0011;LOC-0082;PUBLIC_TRANSIT;2026-08-17T07:00:00+03:00;OK;2072;35;7649;LOCAL_TRANSIT_OPTIMISTIC_SCREENING;bb23f43cadc447ef5b3cf166cb92f02843907a7e0a77f7e3e745ec4d1cfb7687;04859dc74f529b5d0ef45f8bc515ea5374a0920556f4613cbb5c5916cae007e9;2026-09-16T18:40:18.343781+00:00;true
LOC-0011;LOC-0085;PUBLIC_TRANSIT;2026-08-17T07:00:00+03:00;OK;1317;22;5463;LOCAL_TRANSIT_OPTIMISTIC_SCREENING;3f770b7e4d88daf657501b348a853a21ee8c0954246fe4c36cfd2dadc62a82bd;ba4902d2774ee6975898d85d3a0b89c97f5dfda231237cd80a6f0d06c90aac6a;2026-09-16T18:40:18.343781+00:00;true
LOC-0011;LOC-0086;PUBLIC_TRANSIT;2026-08-17T07:00:00+03:00;OK;1099;19;5205;LOCAL_TRANSIT_OPTIMISTIC_SCREENING;4175a2ec0841cc656682e503ced5926fdcf80cf5bc7cdc555670afe4ae9b3345;941e06ddc9747fef136be1717a18fde7159bdbb50d69c29fc26ca09fe915f5f5;2026-09-16T18:40:18.343781+00:00;true
LOC-0011;LOC-0091;PUBLIC_TRANSIT;2026-08-17T07:00:00+03:00;OK;781;14;1618;LOCAL_TRANSIT_OPTIMISTIC_SCREENING;cc670cbc2fc73913c47dc65f6739619e02a4d24865241cb099c8a64a69a4feea;ca96314cfd0f81c1a95cf8a021253c6aaa63ed2d743de1fb430afd4d0ebf1938;2026-09-16T18:40:18.343781+00:00;true
LOC-0011;LOC-0092;PUBLIC_TRANSIT;2026-08-17T07:00:00+03:00;OK;900;15;2172;LOCAL_TRANSIT_OPTIMISTIC_SCREENING;9334ec275a52f1ca0dc4e4872e4647278c65733ecbd02acbace26d0f51fe3825;92e58f019b8f9fb3e6341daf01b2c941e1735ed683fbe6f4abbf1dd3e35d2c1b;2026-09-16T18:40:18.343781+00:00;true
LOC-0011;LOC-0093;PUBLIC_TRANSIT;2026-08-17T07:00:00+03:00;OK;876;15;2128;LOCAL_TRANSIT_OPTIMISTIC_SCREENING;5dbe30a4881ce1bff35fe9f3651a546adea69a9ef0b6e80e7e4e3a48f882bd08;78cc1925a54c11d99a082e7e45bd25dc8a33f6fe701218907517a9a54a5cbe82;2026-09-16T18:40:18.343781+00:00;true
LOC-0011;LOC-0094;PUBLIC_TRANSIT;2026-08-17T07:00:00+03:00;OK;1485;25;5698;LOCAL_TRANSIT_OPTIMISTIC_SCREENING;d8a89e271ce77394111e6e0e5064336ab1ac139d12d63d3c3f083cac82360a9d;84ab8959d1d578ae4ff6c50ccc5bf0a538f7cd39ed6d42b7db8a7563756acc30;2026-09-16T18:40:18.343781+00:00;true
LOC-0011;LOC-0095;PUBLIC_TRANSIT;2026-08-17T07:00:00+03:00;OK;1119;19;6516;LOCAL_TRANSIT_OPTIMISTIC_SCREENING;eacf47422d42a8f416d0f1df6c865170e14b911bba58c6a5202bcfa212ab50c5;5e973031c7af47c042670762e8ce1cb0e5520fbbda6118ac627fe42350cfe057;2026-09-16T18:40:18.343781+00:00;true
LOC-0011;LOC-0102;PUBLIC_TRANSIT;2026-08-17T07:00:00+03:00;OK;1686;29;8388;LOCAL_TRANSIT_OPTIMISTIC_SCREENING;dd2a239f1b7c465e1b2e0b8d09dd71047a850b1a06e58fbbef4175e90880da26;f85c6823da1b17850ef459eb7e23787424adf8f72b818addba4211e0ff756702;2026-09-16T18:40:18.343781+00:00;true
LOC-0011;LOC-0112;PUBLIC_TRANSIT;2026-08-17T07:00:00+03:00;OK;1401;24;2617;LOCAL_TRANSIT_OPTIMISTIC_SCREENING;3ca676f3a8851de566d0ff65286bd5211592e5ebeef4aaf7f5b8d79d07fe0a2d;4d14e55f3f06185e123eee11b3c0ea0e9f5326a562f86158017bbc64daee663c;2026-09-16T18:40:18.343781+00:00;true
LOC-0011;LOC-0124;PUBLIC_TRANSIT;2026-08-17T07:00:00+03:00;OK;2749;46;10214;LOCAL_TRANSIT_OPTIMISTIC_SCREENING;a4ae67b396c2253024e9d191f0da85c3551e664d7f8f05f865443a61d279c5e0;cac253e9f613fbf6f5e9c38b9f94e1991fc083862429a71d520b3e00d9acafa7;2026-09-16T18:40:18.343781+00:00;true
LOC-0011;LOC-0125;PUBLIC_TRANSIT;2026-08-17T07:00:00+03:00;OK;1741;30;4803;LOCAL_TRANSIT_OPTIMISTIC_SCREENING;3b5abfc6ae94b27f3493b9cccec3e1eae924d0fc54fbde9052ddfeb4567396f8;26deb6dadfb8e5a3aa0a9b300cfc0e06c0e773f81d0bdeeece5148ec59579563;2026-09-16T18:40:18.343781+00:00;true
LOC-0011;LOC-0126;PUBLIC_TRANSIT;2026-08-17T07:00:00+03:00;OK;1298;22;2742;LOCAL_TRANSIT_OPTIMISTIC_SCREENING;91189e290bd5f1ee1ceaa997c74f40d4c77bfb7f35c59ee1e873841afbbb7a66;ffa0fcd5b03fab832c6a1a625b1add554a87f24a8c64c4260a4f84de5f828dda;2026-09-16T18:40:18.343781+00:00;true
LOC-0011;LOC-0128;PUBLIC_TRANSIT;2026-08-17T07:00:00+03:00;OK;1473;25;3143;LOCAL_TRANSIT_OPTIMISTIC_SCREENING;cd0dcb9a5ea17742ed2d3742e21017a0cf879f6356ec718dbb3ae80062d86d86;7e023ad61ce215d1d7b706619b146da4b15ad22cc003718a7e71d70a57d62c93;2026-09-16T18:40:18.343781+00:00;true
LOC-0011;LOC-0134;PUBLIC_TRANSIT;2026-08-17T07:00:00+03:00;OK;1583;27;5311;LOCAL_TRANSIT_OPTIMISTIC_SCREENING;a81fee005253dfa26ab936a9f4deba7ddf1ad4c63eedce6cfc6599d62c015131;f1288d01f16edeab8d22fe7aa815a8c9d721df75d70e5b8980a763e3dc95e87d;2026-09-16T18:40:18.343781+00:00;true
LOC-0011;LOC-0135;PUBLIC_TRANSIT;2026-08-17T07:00:00+03:00;OK;1696;29;5461;LOCAL_TRANSIT_OPTIMISTIC_SCREENING;0060d9e8e132e00baa48c24043e68ebe324b1527e7c18388e46694107ad06b03;c4e4f108ce4b61551d21bd06481bfe2fa1f23241d17dfeb7a31819af0deb6f44;2026-09-16T18:40:18.343781+00:00;true
LOC-0011;LOC-0136;PUBLIC_TRANSIT;2026-08-17T07:00:00+03:00;OK;1649;28;5754;LOCAL_TRANSIT_OPTIMISTIC_SCREENING;cbb255122b60f0d97596fd5cdc854c6724447799dcafdd6b9280d69930afc832;75ea30cb79925a9d47be13d734f1433c657dd2916dba2ceda814d364d448ac5e;2026-09-16T18:40:18.343781+00:00;true
LOC-0011;LOC-0140;PUBLIC_TRANSIT;2026-08-17T07:00:00+03:00;OK;1663;28;6165;LOCAL_TRANSIT_OPTIMISTIC_SCREENING;fd115e87cadbb0e542a7ea0bfb3f0b4d48c56e3066518065ef45d0473e0ff271;70417bc19f6438c558362cd2afe761ab341b0b69326842922517827d41d3e5ee;2026-09-16T18:40:18.343781+00:00;true
LOC-0011;LOC-0141;PUBLIC_TRANSIT;2026-08-17T07:00:00+03:00;OK;2319;39;8707;LOCAL_TRANSIT_OPTIMISTIC_SCREENING;a69d6d6eca479720d1b755474404f1cac8d2ef26bae1ae815c707c8f538f833b;ae1ee6675d336fd6ac35e73865d2a17e0f990fa564ea2e389e1d473b90a194f7;2026-09-16T18:40:18.343781+00:00;true
LOC-0011;LOC-0142;PUBLIC_TRANSIT;2026-08-17T07:00:00+03:00;OK;2254;38;8674;LOCAL_TRANSIT_OPTIMISTIC_SCREENING;a3a630c67126329025c9a9236aabc5a122ebadfe52f6ee675b99f0261683185c;6b5d14f6efb0622638a090090d3526266b998d3a44960e4f7a1f6586ab0342fe;2026-09-16T18:40:18.343781+00:00;true
LOC-0011;LOC-0145;PUBLIC_TRANSIT;2026-08-17T07:00:00+03:00;OK;998;17;3002;LOCAL_TRANSIT_OPTIMISTIC_SCREENING;7dcbc8e3c9c863e98e1121e0f7a48d42fb2fbab5d01332e9a20c08100687634f;ff29f59e9f0be0d9afbcb3059af6e3a600a2feabb8761ff8fc5c8846b60fe019;2026-09-16T18:40:18.343781+00:00;true
LOC-0011;LOC-0148;PUBLIC_TRANSIT;2026-08-17T07:00:00+03:00;OK;1919;32;4735;LOCAL_TRANSIT_OPTIMISTIC_SCREENING;ff55fd8265d6e0ac646fc438a8df0338785df9b5f72cd6e51892d5a1ce535330;61a65e06b9b0a3fdd424b1b1712732adfda773498a7cb29f1249cdd17ad7aa4d;2026-09-16T18:40:18.343781+00:00;true
LOC-0011;LOC-0149;PUBLIC_TRANSIT;2026-08-17T07:00:00+03:00;OK;1870;32;4512;LOCAL_TRANSIT_OPTIMISTIC_SCREENING;e54ee48fbf60eb11af61df47944d8fb0558d80b79bc6ddc0b18f92c13e12a834;29f01c95f0986bc62ada1d1428c3c1fe44188a553943fec43ffacad31930447b;2026-09-16T18:40:18.343781+00:00;true
LOC-0011;LOC-0150;PUBLIC_TRANSIT;2026-08-17T07:00:00+03:00;OK;1858;31;4363;LOCAL_TRANSIT_OPTIMISTIC_SCREENING;b17932681eb426a5408c4acb1ccf88f6398cb37cc37cbf44cb2e50bbc57d5cfa;6ff0e35525db22cedee5b8403a8f240fd1d91079204dcd1cb713fdf8c2697088;2026-09-16T18:40:18.343781+00:00;true
LOC-0011;LOC-0151;PUBLIC_TRANSIT;2026-08-17T07:00:00+03:00;OK;2052;35;5147;LOCAL_TRANSIT_OPTIMISTIC_SCREENING;0c267e3b9ee9639899af4ff5f42b72a99f196ba34a79a49065b93761cac07f34;eedccafcc0bf323019987bcaad31f9e04890f73ad6e3419624896bd8ae277d3f;2026-09-16T18:40:18.343781+00:00;true
LOC-0011;LOC-0152;PUBLIC_TRANSIT;2026-08-17T07:00:00+03:00;OK;2086;35;5164;LOCAL_TRANSIT_OPTIMISTIC_SCREENING;737e57d36e00003082330cc6ba1a7a0cc9bdacaf0f8c78c86bf47706b89e0750;1c4e7a30208300f83ae28bf6d91aceb5301818c40ab3b16dba5ebe834a4267a8;2026-09-16T18:40:18.343781+00:00;true
LOC-0011;LOC-0190;PUBLIC_TRANSIT;2026-08-17T07:00:00+03:00;OK;820;14;1415;LOCAL_TRANSIT_OPTIMISTIC_SCREENING;a886f9a5b2b1fb818a76c35f232016024580d2f50b56d743c452c10503723d81;c27687f9a6b3a8f6203e24b0ef510a8d1cb11b7230dfe0ee5aa836217c665781;2026-09-16T18:40:18.343781+00:00;true
LOC-0011;LOC-0196;PUBLIC_TRANSIT;2026-08-17T07:00:00+03:00;OK;1760;30;6165;LOCAL_TRANSIT_OPTIMISTIC_SCREENING;495eb4f3f6c179d9424ba8447af63d6f5ff7dadb80f87105691def6bbbf78f77;03cf9ec3e4ae7c6cc93692da36b0c9eb6f16d98e3032b649e1841716882cd8e6;2026-09-16T18:40:18.343781+00:00;true
LOC-0012;LOC-0002;PUBLIC_TRANSIT;2026-08-17T07:00:00+03:00;OK;1720;29;5387;LOCAL_TRANSIT_OPTIMISTIC_SCREENING;872026345f07552b186db97540686c0ef3b41a19156bb35c8ce1ae84db8ff906;da10b3d97558cb044f0aa60af78a5dc99c83276c34d507f996e4aa4d50205d60;2026-09-16T18:40:18.343781+00:00;true
LOC-0012;LOC-0008;PUBLIC_TRANSIT;2026-08-17T07:00:00+03:00;OK;220;4;648;LOCAL_TRANSIT_OPTIMISTIC_SCREENING;7bb9b48efadf4eb8e625bb167cc38c09fb90bd261cd4ff81dd4164c1570ceca6;c3c906751d20300992962d4c1be35178715be78bb9710eb3c866a834d44f7ec0;2026-09-16T18:40:18.343781+00:00;true
LOC-0012;LOC-0009;PUBLIC_TRANSIT;2026-08-17T07:00:00+03:00;OK;2617;44;9883;LOCAL_TRANSIT_OPTIMISTIC_SCREENING;f2e0d418836b755dffab236c1e276e6d8b0836fc7b4759e54af23cf7f602d671;aeddc1f1d527e4d333a0d0493d486d0254ccc58fb854aceec2134639c0dc69dd;2026-09-16T18:40:18.343781+00:00;true
LOC-0012;LOC-0010;PUBLIC_TRANSIT;2026-08-17T07:00:00+03:00;OK;549;10;1117;LOCAL_TRANSIT_OPTIMISTIC_SCREENING;a8a9323b893e506b1cc7d63a4e7fc3d4b2c754791ef2a1744d54678f0be4facb;1f78c5a4b6bde104e7ea52ea34307284ba121424316e22a605392e1c6f324b88;2026-09-16T18:40:18.343781+00:00;true
LOC-0012;LOC-0011;PUBLIC_TRANSIT;2026-08-17T07:00:00+03:00;OK;650;11;796;LOCAL_TRANSIT_OPTIMISTIC_SCREENING;8180d9303c06bbc1721dc2342aa84210a7849ffd9492e4bd3111f93da5da949c;0ceb61480cc63764c4096c65f9e87660a6aa6265f7eb1660fd008f927c416675;2026-09-16T18:40:18.343781+00:00;true
LOC-0012;LOC-0012;PUBLIC_TRANSIT;2026-08-17T07:00:00+03:00;OK;0;0;0;LOCAL_TRANSIT_OPTIMISTIC_SCREENING;7838a3f82963a89b5f624973497229039bf4e033cd56d619c94e73d9725904a3;3d5812abc84c11768aa73a732c85d75dbed439188f5bb3239e9b762ea31d9862;2026-09-16T18:40:18.343781+00:00;true
LOC-0012;LOC-0013;PUBLIC_TRANSIT;2026-08-17T07:00:00+03:00;OK;2034;34;6438;LOCAL_TRANSIT_OPTIMISTIC_SCREENING;98d4f2ecf24a524091be21dc3f5882481ae3a6f2ceaa317688d14a9914d4d6f8;0f01089dd070fb80246475dff487dd4ca7a916cb05b33fa7449f42d72d332421;2026-09-16T18:40:18.343781+00:00;true
LOC-0012;LOC-0016;PUBLIC_TRANSIT;2026-08-17T07:00:00+03:00;OK;1880;32;7447;LOCAL_TRANSIT_OPTIMISTIC_SCREENING;bdf6d2c8f2dae65ad644c3d06761d36def9ec9298dc9f2f0258d5eae43d34bf5;d72dea3282a221086c4b867dc17601bdadc185d1c0a6bbad5bcad5ab71c5ff89;2026-09-16T18:40:18.343781+00:00;true
LOC-0012;LOC-0017;PUBLIC_TRANSIT;2026-08-17T07:00:00+03:00;OK;1903;32;4800;LOCAL_TRANSIT_OPTIMISTIC_SCREENING;1d486e2478de9b06f0f8aa52758e35e50d71e2104f8cbf41daef8b8a99b1cd24;1925c1771a5bc80f8d77aacf107abf5de5ab2e156535767b3f78581e8683f3cf;2026-09-16T18:40:18.343781+00:00;true
LOC-0012;LOC-0018;PUBLIC_TRANSIT;2026-08-17T07:00:00+03:00;OK;1707;29;4343;LOCAL_TRANSIT_OPTIMISTIC_SCREENING;0e66dbe7c0aee7e8f3162799e401f30f7ea469e6c076041de560562cdf4b5454;ff494eb975fe79ddea78a5f715d759409be69dd6fdde886ed4a9c139e86c856a;2026-09-16T18:40:18.343781+00:00;true
LOC-0012;LOC-0019;PUBLIC_TRANSIT;2026-08-17T07:00:00+03:00;OK;765;13;1419;LOCAL_TRANSIT_OPTIMISTIC_SCREENING;1dfddad1daab4946bd7c4db9ecbf6114085b4ebe0454c1a50655b0dddf6b3e65;7412b564b8e48e8ee1740fbee11954a1721ca7baba0e3daf6b804be16439d269;2026-09-16T18:40:18.343781+00:00;true
LOC-0012;LOC-0020;PUBLIC_TRANSIT;2026-08-17T07:00:00+03:00;OK;1004;17;2151;LOCAL_TRANSIT_OPTIMISTIC_SCREENING;4183db2249b33e50bcc7db3ae26d409109ad5ae02fa257150f1deedc4601c476;07069406e85bc3276e98d574bf37f9703da79014b7352153200a9ccee6a9463d;2026-09-16T18:40:18.343781+00:00;true
LOC-0012;LOC-0023;PUBLIC_TRANSIT;2026-08-17T07:00:00+03:00;OK;1503;26;4060;LOCAL_TRANSIT_OPTIMISTIC_SCREENING;c4184773fb57a7cd48495499f08e03656e5ca8d366a984a19061623307d3b98a;c5b01393f88d662d97e11745886d16a2a389a5fcbcfcc70ee922973684c637df;2026-09-16T18:40:18.343781+00:00;true
LOC-0012;LOC-0027;PUBLIC_TRANSIT;2026-08-17T07:00:00+03:00;OK;1456;25;4107;LOCAL_TRANSIT_OPTIMISTIC_SCREENING;38699b37372f0c3108904b5aa1a785ba518cbe35d4040aa6be992752c4cc81e2;d91400087f9b328ff4d7ca89b7f4d581f695fd42448904d5058ea8b868b63938;2026-09-16T18:40:18.343781+00:00;true
LOC-0012;LOC-0028;PUBLIC_TRANSIT;2026-08-17T07:00:00+03:00;OK;2052;35;6705;LOCAL_TRANSIT_OPTIMISTIC_SCREENING;fc7b58d9a17541dad29e59e69d993787683e9cbeeaae05449574100dad37d153;c980c1a5cba73c518d095ea1abe9dc1eafa1681d350f78718f1969a81905696f;2026-09-16T18:40:18.343781+00:00;true
LOC-0012;LOC-0029;PUBLIC_TRANSIT;2026-08-17T07:00:00+03:00;OK;1987;34;6686;LOCAL_TRANSIT_OPTIMISTIC_SCREENING;80da14cf531b7dcb529a4d46352db5a9e9e7e5a24e90f17fb8b11b7a5a2cb0d9;958832041ed8cca6c8a6c0ac6e7eb743afbd54c635a8567af9a008f7062614c2;2026-09-16T18:40:18.343781+00:00;true
LOC-0012;LOC-0037;PUBLIC_TRANSIT;2026-08-17T07:00:00+03:00;OK;1314;22;3786;LOCAL_TRANSIT_OPTIMISTIC_SCREENING;772c2566e13d39a46dbcdb12dacb4a5aa69e57295806ce1f73bfbe6ae18c84e6;528728f717244884b4ed1b757fcc589089c9a182f416936dc606bf1367408284;2026-09-16T18:40:18.343781+00:00;true
LOC-0012;LOC-0045;PUBLIC_TRANSIT;2026-08-17T07:00:00+03:00;OK;1588;27;6138;LOCAL_TRANSIT_OPTIMISTIC_SCREENING;128a0b6f0fa77fa7b777902e8f051a153ae8ab777787565d98a23c565048978d;404c7d30d9935a855da8143b02e5c4e6badc2dd0520e43fbe8e19c5881710455;2026-09-16T18:40:18.343781+00:00;true
LOC-0012;LOC-0053;PUBLIC_TRANSIT;2026-08-17T07:00:00+03:00;OK;1638;28;6720;LOCAL_TRANSIT_OPTIMISTIC_SCREENING;7dae91cfb8ae426b3f76d1bfd177973efb10ad82dc85055f7a8d2f0a875f0f4a;061ac4ee7948a751662fad092777b4028a74cde90321e5ba3b10f5bc51d29909;2026-09-16T18:40:18.343781+00:00;true
LOC-0012;LOC-0054;PUBLIC_TRANSIT;2026-08-17T07:00:00+03:00;OK;1626;28;3379;LOCAL_TRANSIT_OPTIMISTIC_SCREENING;76c5cb3dcd668d60a4e9992a4cc7e8481f0ef5c7d0761afb22816ba5cae4f947;dd5d7065d7796061d5119313ecc6e5ab3be19688a739cfa5b9328a6be219732e;2026-09-16T18:40:18.343781+00:00;true
LOC-0012;LOC-0061;PUBLIC_TRANSIT;2026-08-17T07:00:00+03:00;OK;375;7;386;LOCAL_TRANSIT_OPTIMISTIC_SCREENING;3983ab734f7bfd5e53c5eeb0bc79044a1ca1029d8690b414bb8435860f59105c;d5c99fe32f7bf91e508557ec9b9c3ec149974a404c4c3beefc962e29b08754c7;2026-09-16T18:40:18.343781+00:00;true
LOC-0012;LOC-0063;PUBLIC_TRANSIT;2026-08-17T07:00:00+03:00;OK;1797;30;8233;LOCAL_TRANSIT_OPTIMISTIC_SCREENING;3348e9890be4a03e0b69164e53ba933bc3ca1b293cfb08f93198014c451d7649;ffa52f4c5d3b2aeec77aa541dcd5405f380265bf4a33e9a0e2594d9f3c0858c9;2026-09-16T18:40:18.343781+00:00;true
LOC-0012;LOC-0064;PUBLIC_TRANSIT;2026-08-17T07:00:00+03:00;OK;1638;28;7838;LOCAL_TRANSIT_OPTIMISTIC_SCREENING;2a9db422693fae7cb4ef39f78d1f03c8a293fa1d0156413f7fc86fd986af2a62;ce6e7cfface1af1a5c9dca91242f2cb40ad200a430180c1c63a6c03da48814c7;2026-09-16T18:40:18.343781+00:00;true
LOC-0012;LOC-0074;PUBLIC_TRANSIT;2026-08-17T07:00:00+03:00;OK;1533;26;3595;LOCAL_TRANSIT_OPTIMISTIC_SCREENING;f73222d66e753456d82a8d5e0ca1f3b5356892124a27b5488bdd1abea8b5f36c;387d07d66020472504c2e96682bcb60c09523bcbdddc63a02599407ba0720800;2026-09-16T18:40:18.343781+00:00;true
LOC-0012;LOC-0075;PUBLIC_TRANSIT;2026-08-17T07:00:00+03:00;OK;1603;27;4122;LOCAL_TRANSIT_OPTIMISTIC_SCREENING;a089a55f5d180bd281adc1dbaa1b5aafa6e01c2cabf901bd7392cad3cf7546c8;026e3c2e3b7586269ece88066ba7333f07404f649bde82bd938b1452abce3a83;2026-09-16T18:40:18.343781+00:00;true
LOC-0012;LOC-0076;PUBLIC_TRANSIT;2026-08-17T07:00:00+03:00;OK;2176;37;7823;LOCAL_TRANSIT_OPTIMISTIC_SCREENING;577e750c34843e671530eeea603e8b49fe72860ed29766bcec1087645514da35;dffda0e8551398988195fb696505d17044d714c35dc54ef25ab945629910c410;2026-09-16T18:40:18.343781+00:00;true
LOC-0012;LOC-0078;PUBLIC_TRANSIT;2026-08-17T07:00:00+03:00;OK;1696;29;6816;LOCAL_TRANSIT_OPTIMISTIC_SCREENING;6daf1536832dea1bfcfdc5583eab0493a1c1cf9b05b3b377d0355fd37a99780b;6d90041554c49010234d4e0ccb9fb6db7ca7532d613179ec0d41b9129388e858;2026-09-16T18:40:18.343781+00:00;true
LOC-0012;LOC-0080;PUBLIC_TRANSIT;2026-08-17T07:00:00+03:00;OK;1583;27;3785;LOCAL_TRANSIT_OPTIMISTIC_SCREENING;39f0db82b3b977cda9d51d91b49442676c7537c741c1312a8e4a79f8e8347b07;405029ae84a730d6229ae63ee35310c3f373032e940e6bc9db168291dcd25da6;2026-09-16T18:40:18.343781+00:00;true
LOC-0012;LOC-0082;PUBLIC_TRANSIT;2026-08-17T07:00:00+03:00;OK;1875;32;7572;LOCAL_TRANSIT_OPTIMISTIC_SCREENING;ed3ef54a8cc9d5341eddf16993717988440b0223001f5192001da9a20f42ec03;409fffe93f279f42c42c51521f8e0154771a6244a7d9d87c616413c5e5c10063;2026-09-16T18:40:18.343781+00:00;true
LOC-0012;LOC-0085;PUBLIC_TRANSIT;2026-08-17T07:00:00+03:00;OK;1498;25;5985;LOCAL_TRANSIT_OPTIMISTIC_SCREENING;c455d6629b42b6d8d8bd3bfe7f4191227eb2484ce9f3441c55c8c12529570679;d08869357d8b0a2be9e3900dbfc9313e2fc31f88b5d4eaddd8179146ab1a1420;2026-09-16T18:40:18.343781+00:00;true
LOC-0012;LOC-0086;PUBLIC_TRANSIT;2026-08-17T07:00:00+03:00;OK;1280;22;5738;LOCAL_TRANSIT_OPTIMISTIC_SCREENING;879a0eabd543c328bd237d19709d90fe62555d72a1af67716a69be1ac4035f29;2613b46123f8e8c3c0f9937695b82bae3f8c5bc1c76e996a9dff47438938392d;2026-09-16T18:40:18.343781+00:00;true
LOC-0012;LOC-0091;PUBLIC_TRANSIT;2026-08-17T07:00:00+03:00;OK;466;8;936;LOCAL_TRANSIT_OPTIMISTIC_SCREENING;2fa921d1baca50a44c8ce8e731950723590fb0edfb5dba2d41f988c830b73a17;270c5d1dbba7bc81951a2dc4296efbc1092bdc06a52f9692bd63516406b4c0cf;2026-09-16T18:40:18.343781+00:00;true
LOC-0012;LOC-0092;PUBLIC_TRANSIT;2026-08-17T07:00:00+03:00;OK;585;10;1389;LOCAL_TRANSIT_OPTIMISTIC_SCREENING;36ef7fc3bc21e2e71ea5577e79c01b4fb7f0b0c9a95293d2c1e29cb31a69058b;2e08328d080a9982f74a44ba54cf1960052fb80644f787ad8162f2aaf7321599;2026-09-16T18:40:18.343781+00:00;true
LOC-0012;LOC-0093;PUBLIC_TRANSIT;2026-08-17T07:00:00+03:00;OK;561;10;1334;LOCAL_TRANSIT_OPTIMISTIC_SCREENING;08246a7911ba48b19f5a8fb7ff41f404ad6ac454fdd72a35fd1608780f980e1b;f8f5d1660238f29483b16fc4945fbf35d42688639779e2a72033df02ddf0cfcd;2026-09-16T18:40:18.343781+00:00;true
LOC-0012;LOC-0094;PUBLIC_TRANSIT;2026-08-17T07:00:00+03:00;OK;1666;28;6251;LOCAL_TRANSIT_OPTIMISTIC_SCREENING;b38dcb90fb3ec1f2da5f334945cf1a6796ba023ac706ea7c554c65160eb827ae;be5e059dfd2be69c090a700eedca912d02ae60d2882a8ff3a2535d727d7ce3d6;2026-09-16T18:40:18.343781+00:00;true
LOC-0012;LOC-0095;PUBLIC_TRANSIT;2026-08-17T07:00:00+03:00;OK;1300;22;7057;LOCAL_TRANSIT_OPTIMISTIC_SCREENING;4fcc61c3546edbf99bc4e1bdc39a875d5485aebb93cd3e75ca990629632bc2fb;d3a72118089e45bd47aac2ce0f2788b40cbda05b1ae4dade8c069b6c5d4eca14;2026-09-16T18:40:18.343781+00:00;true
LOC-0012;LOC-0102;PUBLIC_TRANSIT;2026-08-17T07:00:00+03:00;OK;1407;24;8208;LOCAL_TRANSIT_OPTIMISTIC_SCREENING;b253fc30a1b4a7fdd9bd0ff1872eb2afdc731dff575c767ad87eb997bd945efb;3ca3840c70590f097fed79bae03e22fb1c9bda653835517fa09b7200f547f185;2026-09-16T18:40:18.343781+00:00;true
LOC-0012;LOC-0112;PUBLIC_TRANSIT;2026-08-17T07:00:00+03:00;OK;1182;20;1987;LOCAL_TRANSIT_OPTIMISTIC_SCREENING;8d0c4a3324c8f41b70d1615c40c86274e2f8e98c6638ff6dabfe4eaa00937f13;b7649fe43ba84d860282bfe6784566073ecda108eb5a28ca979268990e74e598;2026-09-16T18:40:18.343781+00:00;true
LOC-0012;LOC-0124;PUBLIC_TRANSIT;2026-08-17T07:00:00+03:00;OK;2650;45;9808;LOCAL_TRANSIT_OPTIMISTIC_SCREENING;e4aef2493e75a4a81feaa7b16fc5e46ef683de2f93337f9941fa96ee0e4216e5;0c1a6d76b92c0af9c2946f736204af47afd2c6416c99a90be1840973df3926d4;2026-09-16T18:40:18.343781+00:00;true
LOC-0012;LOC-0125;PUBLIC_TRANSIT;2026-08-17T07:00:00+03:00;OK;1642;28;4169;LOCAL_TRANSIT_OPTIMISTIC_SCREENING;c9c9c0d7b965c45d63a15b94b6fedb6598128a95bebfe5ea9ffec1a0093ed4a8;0ab7a23865c687e28045137d53254379f40695f83c88df40dba163cc60e57cc1;2026-09-16T18:40:18.343781+00:00;true
LOC-0012;LOC-0126;PUBLIC_TRANSIT;2026-08-17T07:00:00+03:00;OK;1019;17;2388;LOCAL_TRANSIT_OPTIMISTIC_SCREENING;d8efce2dc196dbfcfa38224fafdd418e84fc59b567680d24e5cf10536c65d47a;ac2998f2745851d2c5ddb0b9ea6d673292fc849e3f5cc5ca62ba7a63c924b9da;2026-09-16T18:40:18.343781+00:00;true
LOC-0012;LOC-0128;PUBLIC_TRANSIT;2026-08-17T07:00:00+03:00;OK;1622;28;3597;LOCAL_TRANSIT_OPTIMISTIC_SCREENING;b0c3d78c0a591346673161ae081e50f5c17e515356e2028d4fdea6951407874a;91d26a9c956dc2c50a5113141faa7c880928f69b8c120b2bca25186b2ba3453d;2026-09-16T18:40:18.343781+00:00;true
LOC-0012;LOC-0134;PUBLIC_TRANSIT;2026-08-17T07:00:00+03:00;OK;1762;30;5751;LOCAL_TRANSIT_OPTIMISTIC_SCREENING;9d2e7328dfcd14ac33e27c0558593efb1a7a0bf79b94b44726f021a35bd3eafe;a346c7302b184fa71b57a3cf157d18a6e490f59cc202cfdcc0ca0d1cac6a743d;2026-09-16T18:40:18.343781+00:00;true
LOC-0012;LOC-0135;PUBLIC_TRANSIT;2026-08-17T07:00:00+03:00;OK;1837;31;5892;LOCAL_TRANSIT_OPTIMISTIC_SCREENING;4de59b3e3897c62ad08a2e3b14ccb8bae8bc682f7e785db0d672ff13ede23072;707b75c24fdaac9d85980c6f22ec550b2fa941b0947b9c8dc1785cbb76a399ef;2026-09-16T18:40:18.343781+00:00;true
LOC-0012;LOC-0136;PUBLIC_TRANSIT;2026-08-17T07:00:00+03:00;OK;1781;30;6222;LOCAL_TRANSIT_OPTIMISTIC_SCREENING;9cb40bf835c58d8789af45e57c9045923cf3f22b2a321676ed9e7a3a88e752fd;f929449ac9d42af825661df93a3980777153a7a469e438f9f5412a9ea2e8c726;2026-09-16T18:40:18.343781+00:00;true
LOC-0012;LOC-0140;PUBLIC_TRANSIT;2026-08-17T07:00:00+03:00;OK;1844;31;6339;LOCAL_TRANSIT_OPTIMISTIC_SCREENING;5df7711e4b50f55b476130299c68c111ee8baaca8de33e354fbf69fce1ade70b;78a1f175c9ae460e7b412223c1abcee11ee8134ba625e754b9245dab2a8acb4c;2026-09-16T18:40:18.343781+00:00;true
LOC-0012;LOC-0141;PUBLIC_TRANSIT;2026-08-17T07:00:00+03:00;OK;2220;37;8219;LOCAL_TRANSIT_OPTIMISTIC_SCREENING;72f7b5512ba97570042eb25662a4e40022c80304ca2d4b16d4e70bac0664bf44;bc5df40f376d59e7e393a92ad77065d3acd7ab64841f7fa7cdd739e2746d9787;2026-09-16T18:40:18.343781+00:00;true
LOC-0012;LOC-0142;PUBLIC_TRANSIT;2026-08-17T07:00:00+03:00;OK;2155;36;8176;LOCAL_TRANSIT_OPTIMISTIC_SCREENING;fb0b5404f5b756d13e2ea621a7c65284b794ceb961c5a622ef2dae4c1328f09c;fe6059e9523362ba34d86ea62bd575d9270664c4dbc73df5f1b8a7fda869ca92;2026-09-16T18:40:18.343781+00:00;true
LOC-0012;LOC-0145;PUBLIC_TRANSIT;2026-08-17T07:00:00+03:00;OK;756;13;2262;LOCAL_TRANSIT_OPTIMISTIC_SCREENING;71935880c577ae7d1120adac25fc57a8dba03cbde15fbd925f19eee31272e67d;3eb8aa326ef2517b6cbffe7aba09aa369ec07e2146ebaa273d24ab739fcf87c3;2026-09-16T18:40:18.343781+00:00;true
LOC-0012;LOC-0148;PUBLIC_TRANSIT;2026-08-17T07:00:00+03:00;OK;1640;28;4254;LOCAL_TRANSIT_OPTIMISTIC_SCREENING;ce7d86e044bf9c83a7f52b813b64dd9d1fc3f05cb36d7c7dce28448758a48b4e;93c7faa9e6059fcbd5f5f7ead00d2a4bf8943e323877cb79b63dd7f7a5873d7d;2026-09-16T18:40:18.343781+00:00;true
LOC-0012;LOC-0149;PUBLIC_TRANSIT;2026-08-17T07:00:00+03:00;OK;1591;27;4055;LOCAL_TRANSIT_OPTIMISTIC_SCREENING;3f0c89db5a2ca26257a68872c9c58bf98aa1cbfc142ae21b443d192e137a7b9a;e25d9b8f20f4dfc97706a547ff1c07f9e1d7958003c04e087c2a64828cb90ec2;2026-09-16T18:40:18.343781+00:00;true
LOC-0012;LOC-0150;PUBLIC_TRANSIT;2026-08-17T07:00:00+03:00;OK;1579;27;3925;LOCAL_TRANSIT_OPTIMISTIC_SCREENING;dc9a8371eb9e2052c53931232fd30464cc7eb6484ea3f02bd0a5d1803d65613d;206c3712b16efc98bf1c75c65d84b54f86fac04e75c3e16568b132388e7f5a00;2026-09-16T18:40:18.343781+00:00;true
LOC-0012;LOC-0151;PUBLIC_TRANSIT;2026-08-17T07:00:00+03:00;OK;1773;30;4641;LOCAL_TRANSIT_OPTIMISTIC_SCREENING;3a2563f884be97b92ecc8b048d952f4cb8a2229693fc3156d147147ac46a0b6d;7de160c6ff0ca49eff3d0bab92fd9c8e8d6e4dd09aa1040e37148b52a2f885cb;2026-09-16T18:40:18.343781+00:00;true
LOC-0012;LOC-0152;PUBLIC_TRANSIT;2026-08-17T07:00:00+03:00;OK;1807;31;4667;LOCAL_TRANSIT_OPTIMISTIC_SCREENING;5287bfe70a76c7303e552b175d818b48cef88b94ed0280ccb9f844f72b12aa51;503e6751bc7969bfbd605e405e35ed0d0a029bfa7113df8cad09ac2aa666d622;2026-09-16T18:40:18.343781+00:00;true
LOC-0012;LOC-0190;PUBLIC_TRANSIT;2026-08-17T07:00:00+03:00;OK;452;8;1389;LOCAL_TRANSIT_OPTIMISTIC_SCREENING;5d555ba5dcafad68c71111b594d8861ff64211827756a25f7eeb987a106ee13b;a2257a9d23454553a1e8a0f7e1e5be86ad464f436399355b2abafa6dff3a6183;2026-09-16T18:40:18.343781+00:00;true
LOC-0012;LOC-0196;PUBLIC_TRANSIT;2026-08-17T07:00:00+03:00;OK;1661;28;5434;LOCAL_TRANSIT_OPTIMISTIC_SCREENING;b42584dfc8f7d522b2da79ecd1d70404219945f42c65bc69b0e77e477fb77a30;c3fe6930ad8d1b5cbc8e29342c19229bfb6879752e0e2b08da19f366f703d740;2026-09-16T18:40:18.343781+00:00;true
LOC-0013;LOC-0002;PUBLIC_TRANSIT;2026-08-17T07:00:00+03:00;OK;702;12;1053;LOCAL_TRANSIT_OPTIMISTIC_SCREENING;bf33f3eb18179fa07a9748ec50fc86269585a8b513045764712dfd61b8240058;19ee9000ea5b25fe4f953ae3394d14568b615d3c51ed633e91eb5e17e2a0c054;2026-09-16T18:40:18.343781+00:00;true
LOC-0013;LOC-0008;PUBLIC_TRANSIT;2026-08-17T07:00:00+03:00;OK;2183;37;6700;LOCAL_TRANSIT_OPTIMISTIC_SCREENING;b6cbe9ff0e51323fb2ba69e76f48a681d0c5c30f9e553af1888b19e35070e608;cf6377e382947ba3336ddec951e8adf4595be6246de4d97cdad6197947dd84fb;2026-09-16T18:40:18.343781+00:00;true
LOC-0013;LOC-0009;PUBLIC_TRANSIT;2026-08-17T07:00:00+03:00;OK;2992;50;8892;LOCAL_TRANSIT_OPTIMISTIC_SCREENING;90b24b8e8346ba6dfe347c4d2ba9d56bfe8d33db19f085e67cb1d61a992baf2d;6050b4d988e78f244607b2d29d6b0af67ff1d1a96924882794e4349935672cee;2026-09-16T18:40:18.343781+00:00;true
LOC-0013;LOC-0010;PUBLIC_TRANSIT;2026-08-17T07:00:00+03:00;OK;2211;37;7376;LOCAL_TRANSIT_OPTIMISTIC_SCREENING;7682a6b8472d4e0a8c225f77400a42d434cb5b180567c3e1ee44d223f8a8225b;10cf324b935716402589aed4ecf5914c192d7d4d9e85fb4471e3b33080200155;2026-09-16T18:40:18.343781+00:00;true
LOC-0013;LOC-0011;PUBLIC_TRANSIT;2026-08-17T07:00:00+03:00;OK;1853;31;6006;LOCAL_TRANSIT_OPTIMISTIC_SCREENING;0d66ebfe1d1f5566f6862afe0a07959b45191da24c9858a2b53ac8b4f39ba2b7;779ad49701021c0355e3db3d12193f45c6f968717e49c68657eee173e2695bcf;2026-09-16T18:40:18.343781+00:00;true
LOC-0013;LOC-0012;PUBLIC_TRANSIT;2026-08-17T07:00:00+03:00;OK;2146;36;6438;LOCAL_TRANSIT_OPTIMISTIC_SCREENING;150da2116bfe6276efd8fef605da7cd6fdae2a688358d9a0a0949fe8ef03fcb6;124c7455b2f48f099a01c02b9fe60595637eb5442844882a5077cb28069a7fe7;2026-09-16T18:40:18.343781+00:00;true
LOC-0013;LOC-0013;PUBLIC_TRANSIT;2026-08-17T07:00:00+03:00;OK;0;0;0;LOCAL_TRANSIT_OPTIMISTIC_SCREENING;028857ca44fa797d701a58c78fce6b6ed7051393ec285ecb898c7fd01f157770;3d5812abc84c11768aa73a732c85d75dbed439188f5bb3239e9b762ea31d9862;2026-09-16T18:40:18.343781+00:00;true
LOC-0013;LOC-0016;PUBLIC_TRANSIT;2026-08-17T07:00:00+03:00;OK;1658;28;3276;LOCAL_TRANSIT_OPTIMISTIC_SCREENING;d6a4097f044223409bf26287f3d351f1dc5b151b01379b02ad05d6a734a9d231;6391c8d2986ad8259110b7de280323e762c00a44493683e800ef416d249622bb;2026-09-16T18:40:18.343781+00:00;true
LOC-0013;LOC-0017;PUBLIC_TRANSIT;2026-08-17T07:00:00+03:00;OK;3002;51;6786;LOCAL_TRANSIT_OPTIMISTIC_SCREENING;ff4ee24b0d4ecf5cac28127c3fbd3935aeac6064c7b2bcf7414613d98f7fc957;a10c11cdadb43fbfbcde2f4a693be8c02827ae1d79baced4fc2da7bf5c16a097;2026-09-16T18:40:18.343781+00:00;true
LOC-0013;LOC-0018;PUBLIC_TRANSIT;2026-08-17T07:00:00+03:00;OK;2637;44;7143;LOCAL_TRANSIT_OPTIMISTIC_SCREENING;69ca5114a8ca77bb442644868a8aec1118066757e8bd41c9a7f72874ad814df9;e4bf19cd18d1e545c16eec9378c8b83bff16150b5091c05f50ad8697d7c397ac;2026-09-16T18:40:18.343781+00:00;true
LOC-0013;LOC-0019;PUBLIC_TRANSIT;2026-08-17T07:00:00+03:00;OK;2427;41;7650;LOCAL_TRANSIT_OPTIMISTIC_SCREENING;8882bbc74b06c8854ecc6b33420bb1a9e50e9825003c3d7a5c1b13d3bb773305;97eb564936acd764d6820b049513d33d06a1886e89d725ba9bfdba55dcc1e046;2026-09-16T18:40:18.343781+00:00;true
LOC-0013;LOC-0020;PUBLIC_TRANSIT;2026-08-17T07:00:00+03:00;OK;2580;43;8482;LOCAL_TRANSIT_OPTIMISTIC_SCREENING;f8aca3460b1200f3444fda03c8ffffeb2c2759f8fc83e610505af4436006597a;4e220dd5b2a4ed60794484bbdbf94a09c28b1e967043a6ee8e35912d05a36bb7;2026-09-16T18:40:18.343781+00:00;true
LOC-0013;LOC-0023;PUBLIC_TRANSIT;2026-08-17T07:00:00+03:00;OK;3105;52;8081;LOCAL_TRANSIT_OPTIMISTIC_SCREENING;35205b41f4ca0a58ce65edbe140bf267b54b6cfc71100f8ead58a43050d326b6;91ed86a877459ef438cef807af8f5c7a268857bfa234e9b23b97d2cbc49f9797;2026-09-16T18:40:18.343781+00:00;true
LOC-0013;LOC-0027;PUBLIC_TRANSIT;2026-08-17T07:00:00+03:00;OK;1992;34;5013;LOCAL_TRANSIT_OPTIMISTIC_SCREENING;df795069dc8e7b71e6b58e578b2cf71ecc82673bd57d30c1eef9da06524bc67c;6be641821a04912dfd52d661d3323c9eacfd9da7d444b0efbd91fe0a03114f70;2026-09-16T18:40:18.343781+00:00;true
LOC-0013;LOC-0028;PUBLIC_TRANSIT;2026-08-17T07:00:00+03:00;OK;2164;37;3809;LOCAL_TRANSIT_OPTIMISTIC_SCREENING;71df1dab61aa2dda63bb1f3da42b18eea91537f8f81d1f4b8e9abe0830a1f838;7738f0354a1f2d06b60d68783040616441dbab5a5bc69d21fff59e9ec700294d;2026-09-16T18:40:18.343781+00:00;true
LOC-0013;LOC-0029;PUBLIC_TRANSIT;2026-08-17T07:00:00+03:00;OK;2221;38;3876;LOCAL_TRANSIT_OPTIMISTIC_SCREENING;32a0b7b4b6e1c3b9d7606824f816eb75b9f63b1789af52dc3876246f813bab97;b3f9e5b80544150847340e7a2b05a41231902782dc74cd670945e25678c7dd82;2026-09-16T18:40:18.343781+00:00;true
LOC-0013;LOC-0037;PUBLIC_TRANSIT;2026-08-17T07:00:00+03:00;OK;1227;21;2794;LOCAL_TRANSIT_OPTIMISTIC_SCREENING;58765ea143d918d54dd22b71e57cf24dd8e2b353b6962d17af755677d29c943a;cb7fbc728d43e3a37daec825863b70805e661fa1b5cfaf1bce27427d74e012f8;2026-09-16T18:40:18.343781+00:00;true
LOC-0013;LOC-0045;PUBLIC_TRANSIT;2026-08-17T07:00:00+03:00;OK;2349;40;5251;LOCAL_TRANSIT_OPTIMISTIC_SCREENING;0db8b9c75d784301558f200c2863fe9074cc9b7b6e1c59a56642ae51ceb0e58d;b3784223a5f38ed29c85a778120f0846323402ad6fb1a12d103994de76984af5;2026-09-16T18:40:18.343781+00:00;true
LOC-0013;LOC-0053;PUBLIC_TRANSIT;2026-08-17T07:00:00+03:00;OK;1416;24;2781;LOCAL_TRANSIT_OPTIMISTIC_SCREENING;9e121851a70375cfd035958642af4671c8b7c5258e6ac934b10af83fa1ee5420;173f3f68fa572a9822a6c29b41a402a176848736367addc2a2f6a538337133d5;2026-09-16T18:40:18.343781+00:00;true
LOC-0013;LOC-0054;PUBLIC_TRANSIT;2026-08-17T07:00:00+03:00;OK;1380;23;3080;LOCAL_TRANSIT_OPTIMISTIC_SCREENING;6739d5ac31069de69519b5cbe4c5429e79dec7f4d551a9d07902ca8376333251;a7f795a087b240b7e4ce6f6d848d3f09191de4a8a2809756023e0b1d7764bbb0;2026-09-16T18:40:18.343781+00:00;true
LOC-0013;LOC-0061;PUBLIC_TRANSIT;2026-08-17T07:00:00+03:00;OK;2170;37;6076;LOCAL_TRANSIT_OPTIMISTIC_SCREENING;605ac8e6ca9ed224f3069c50037cc8e927c93074a56a4b3ba227e1b439ef20dc;cfe5b68d09d115bef473c86dcb71997c5bc56bae1f0203f0f11146b23d8f930d;2026-09-16T18:40:18.343781+00:00;true
LOC-0013;LOC-0063;PUBLIC_TRANSIT;2026-08-17T07:00:00+03:00;OK;1899;32;5366;LOCAL_TRANSIT_OPTIMISTIC_SCREENING;dd878242904fbbb03dafcede7721f040d4bff1c1eca57e54ec57e8aec5cc4c0f;9dca313e2895803d2f9f165d6724e543a8e7166902b2025f2cc6ce97d983f38a;2026-09-16T18:40:18.343781+00:00;true
LOC-0013;LOC-0064;PUBLIC_TRANSIT;2026-08-17T07:00:00+03:00;OK;2229;38;5393;LOCAL_TRANSIT_OPTIMISTIC_SCREENING;82ba5a2262b523164be9ca4a4825418056abc88a873231ef6a95cb724d3cbf2b;26005245f1da6ca038eabf6a7df4f035f01eca37b7c678727769c0c4b4c914fc;2026-09-16T18:40:18.343781+00:00;true
LOC-0013;LOC-0074;PUBLIC_TRANSIT;2026-08-17T07:00:00+03:00;OK;2662;45;6208;LOCAL_TRANSIT_OPTIMISTIC_SCREENING;b75ff778c28cb4e21dc978a522651fbcfbf07a4716e3088f4e24a1be33b5074c;112deb65b4ca75c8012772b87bef209a97766238fdbe54803cb6f1ab5393cf9d;2026-09-16T18:40:18.343781+00:00;true
LOC-0013;LOC-0075;PUBLIC_TRANSIT;2026-08-17T07:00:00+03:00;OK;2702;46;6415;LOCAL_TRANSIT_OPTIMISTIC_SCREENING;e6f3bef714a53d8ea439b455a1453905ad805390ae9dc21d5949e5995a6409d3;a2414ba82db686c5eda07a7b1859202962199bc89f2e6a1421ac46527024be3d;2026-09-16T18:40:18.343781+00:00;true
LOC-0013;LOC-0076;PUBLIC_TRANSIT;2026-08-17T07:00:00+03:00;OK;1954;33;3642;LOCAL_TRANSIT_OPTIMISTIC_SCREENING;fea66a6e5c46bf174c2ad00befa446443ba1d1d113bae4a29a7b02dfc9a8ce9f;8a521beafe0b08a9931a60c0db4ee7dba22112f60114b7d934f280b9ec47f31b;2026-09-16T18:40:18.343781+00:00;true
LOC-0013;LOC-0078;PUBLIC_TRANSIT;2026-08-17T07:00:00+03:00;OK;2249;38;5289;LOCAL_TRANSIT_OPTIMISTIC_SCREENING;e2eda93bc2a3701001a927f98283d4b1350fd07d663b35b706f9867356af098e;023f8ae6e8d1ec2049e21042b2d9cdd797bc680a67a6024116609cea9ee565c4;2026-09-16T18:40:18.343781+00:00;true
LOC-0013;LOC-0080;PUBLIC_TRANSIT;2026-08-17T07:00:00+03:00;OK;2664;45;6670;LOCAL_TRANSIT_OPTIMISTIC_SCREENING;63a3afecbf425424a513438b1a498f4e33fcb04c5661ae23829ad00ea23aebed;4e7d4ccc7a3b1e29f24a7d7b2463c32fb65874227f83fd8cea2d203cee030c37;2026-09-16T18:40:18.343781+00:00;true
LOC-0013;LOC-0082;PUBLIC_TRANSIT;2026-08-17T07:00:00+03:00;OK;2031;34;4731;LOCAL_TRANSIT_OPTIMISTIC_SCREENING;26e662e2ff0e9b60bdf2c429787145bc743cfb59c967ae84060b4187cc8bc83d;1fb4481052eb0173360c358767fdc7125abbac50c9ae36f77637a7f0e76db624;2026-09-16T18:40:18.343781+00:00;true
LOC-0013;LOC-0085;PUBLIC_TRANSIT;2026-08-17T07:00:00+03:00;OK;792;14;985;LOCAL_TRANSIT_OPTIMISTIC_SCREENING;c4cf7866fad927558e6a2618be656c4666b66df0ce0ec7496f0732f5d3ae4e09;4880f80e21daf06526aea7a685771f3b7f1e22c104f9b17dd69ffc81c511c96e;2026-09-16T18:40:18.343781+00:00;true
LOC-0013;LOC-0086;PUBLIC_TRANSIT;2026-08-17T07:00:00+03:00;OK;955;16;1204;LOCAL_TRANSIT_OPTIMISTIC_SCREENING;767bdb545aba8252d304ae3f2a3389890244ae18ade197f9b90c1ed56f87dee2;8069d183996c573f6e28fa6f2f965639a8388f73ee1bee8f70718583ec31f454;2026-09-16T18:40:18.343781+00:00;true
LOC-0013;LOC-0091;PUBLIC_TRANSIT;2026-08-17T07:00:00+03:00;OK;2164;37;7354;LOCAL_TRANSIT_OPTIMISTIC_SCREENING;6113c49f4b5c34de5b1bf200e226caf7926b13302d5e2c20195193eef9ac61c5;16d4d99df1652068c85ac5cb2701783205360bb22cc48ddf6bc44f338fd986b8;2026-09-16T18:40:18.343781+00:00;true
LOC-0013;LOC-0092;PUBLIC_TRANSIT;2026-08-17T07:00:00+03:00;OK;2283;39;7534;LOCAL_TRANSIT_OPTIMISTIC_SCREENING;380cefd2af85e8cceb1b4e6400530a92cc306e324bad10efdc0ff24c292cad7c;55c5ce25a49761db87c7144a893a518c3edf79a7059ff26bcd890c4006e4b835;2026-09-16T18:40:18.343781+00:00;true
LOC-0013;LOC-0093;PUBLIC_TRANSIT;2026-08-17T07:00:00+03:00;OK;2259;38;7369;LOCAL_TRANSIT_OPTIMISTIC_SCREENING;1694043d914cd3ca2a97416233c0827e38eab5a1d753d8468bee84092f66d1cd;df04160cbc10cb1f23390d8753402a6158c2721227dea882dff16198132c8a20;2026-09-16T18:40:18.343781+00:00;true
LOC-0013;LOC-0094;PUBLIC_TRANSIT;2026-08-17T07:00:00+03:00;OK;975;17;1216;LOCAL_TRANSIT_OPTIMISTIC_SCREENING;b6906752b0dc6b2bf99164f18ff4cb60a287b5f78b4d2723a0ad566a95857d6d;c56151437d4c78c03b8db196490be58c3038522cb0b783268b9e278b9e15721d;2026-09-16T18:40:18.343781+00:00;true
LOC-0013;LOC-0095;PUBLIC_TRANSIT;2026-08-17T07:00:00+03:00;OK;1033;18;1270;LOCAL_TRANSIT_OPTIMISTIC_SCREENING;8887663904d418dde84d96c91034093930f2354c2f297cca50c9b719661b1aa8;fb167f011b509c3a037d504602a4ca2d720ba726c1f973b3e9417d8f3c6b7ad2;2026-09-16T18:40:18.343781+00:00;true
LOC-0013;LOC-0102;PUBLIC_TRANSIT;2026-08-17T07:00:00+03:00;OK;2225;38;5982;LOCAL_TRANSIT_OPTIMISTIC_SCREENING;c24f34018d65a57f6bf4c3193bfbf85d0545915258284130f6199cc6e09990cc;73ea213c758a3975b3bf9972cf5e128517275dcbc8c443c9b89c512d6a9d15a3;2026-09-16T18:40:18.343781+00:00;true
LOC-0013;LOC-0112;PUBLIC_TRANSIT;2026-08-17T07:00:00+03:00;OK;2784;47;6458;LOCAL_TRANSIT_OPTIMISTIC_SCREENING;b47e1e6cbc9004dadbc24a530f43f7105a4213308c6012cc34f8154c447768af;6f296dd64de7814721f3ebd4e60887149ff3544bb357fc10910ffe93c075d7f6;2026-09-16T18:40:18.343781+00:00;true
LOC-0013;LOC-0124;PUBLIC_TRANSIT;2026-08-17T07:00:00+03:00;OK;3119;52;9129;LOCAL_TRANSIT_OPTIMISTIC_SCREENING;ec151312b1a87f5598a4fd2137a49445c5d6c710047c91d986f563ef36a16536;9f9876f20de017a434da0fef77a95815567a624242fb566425662df6115cd735;2026-09-16T18:40:18.343781+00:00;true
LOC-0013;LOC-0125;PUBLIC_TRANSIT;2026-08-17T07:00:00+03:00;OK;2716;46;7392;LOCAL_TRANSIT_OPTIMISTIC_SCREENING;322c9971f5440efba585d1ecdff98e719be44343b4a305a8b5c5131221534010;19617792c67c8283e4212c72ec3898c1407b443be738d345e0682a4578fcb98d;2026-09-16T18:40:18.343781+00:00;true
LOC-0013;LOC-0126;PUBLIC_TRANSIT;2026-08-17T07:00:00+03:00;OK;2296;39;5393;LOCAL_TRANSIT_OPTIMISTIC_SCREENING;f82913b797f4716aed31d3f3fc1be3d7de2fc512768aab796a378705d74a6800;88a96a063718ca7575749959ac05f306da2ff743f5524989d77c3ac5b2ec6847;2026-09-16T18:40:18.343781+00:00;true
LOC-0013;LOC-0128;PUBLIC_TRANSIT;2026-08-17T07:00:00+03:00;OK;1227;21;2864;LOCAL_TRANSIT_OPTIMISTIC_SCREENING;a8ee2cb357c8f5f398f3e12edaf5c472facbef67c45c6fc109e60441f9519100;acdc16a6067834babe581d4b5ababdb799a535a4c0a41694944111258c39601d;2026-09-16T18:40:18.343781+00:00;true
LOC-0013;LOC-0134;PUBLIC_TRANSIT;2026-08-17T07:00:00+03:00;OK;536;9;697;LOCAL_TRANSIT_OPTIMISTIC_SCREENING;5a7312adb678065028cffddafb1714101c8d9ef447d451d5e3e9d0f132d9dd29;b5ba883609f628d2bbb35c2e57374d5bf8a7d833c64c0108b2408af90c7922ae;2026-09-16T18:40:18.343781+00:00;true
LOC-0013;LOC-0135;PUBLIC_TRANSIT;2026-08-17T07:00:00+03:00;OK;494;9;701;LOCAL_TRANSIT_OPTIMISTIC_SCREENING;d5a6830f338860087e74a83ca72d4e565f0f9ee5a7ab9eb89ff124806d7966a6;da4a6e18cf723209e23e381bd563829deb20b11efa82b0799044a3f1ba032a91;2026-09-16T18:40:18.343781+00:00;true
LOC-0013;LOC-0136;PUBLIC_TRANSIT;2026-08-17T07:00:00+03:00;OK;352;6;415;LOCAL_TRANSIT_OPTIMISTIC_SCREENING;fc3ad49ae43ebee6dcaab76a6cab1ccc3a8482738a8a2be6d2a2bac7529233d3;470b130bc307e3138f33fecb088658d052d99b1834cb977bbab0d3949a036034;2026-09-16T18:40:18.343781+00:00;true
LOC-0013;LOC-0140;PUBLIC_TRANSIT;2026-08-17T07:00:00+03:00;OK;1622;28;2186;LOCAL_TRANSIT_OPTIMISTIC_SCREENING;14f36b78b19c3e9e9a42c520257605b8173d8c152b8f7b09fa89fd0d0cab6af1;2ef65de79b6223262765b876168be3fa16c99cd55a8f6c7db268e504a33edf88;2026-09-16T18:40:18.343781+00:00;true
LOC-0013;LOC-0141;PUBLIC_TRANSIT;2026-08-17T07:00:00+03:00;OK;2977;50;8692;LOCAL_TRANSIT_OPTIMISTIC_SCREENING;61592ba7a03da14f1847492a8b8d702f2091e18efc899248609d4cdd36dadc72;010c2f7dfb86f13ccd9558ebd9a2217f3c42b9d8a18153f5df0d4b801c2ab48b;2026-09-16T18:40:18.343781+00:00;true
LOC-0013;LOC-0142;PUBLIC_TRANSIT;2026-08-17T07:00:00+03:00;OK;2912;49;8750;LOCAL_TRANSIT_OPTIMISTIC_SCREENING;e587361ec3b167181dc6c4d17a949c9b18ef807a532538927c28b9bc60e28797;ffeae77720eeb7952af15435902cbf0199fafc75e61b8d615b15ffb0a991dce8;2026-09-16T18:40:18.343781+00:00;true
LOC-0013;LOC-0145;PUBLIC_TRANSIT;2026-08-17T07:00:00+03:00;OK;2381;40;8484;LOCAL_TRANSIT_OPTIMISTIC_SCREENING;19a8abe3828ccddeb4e7eb24da0009cc77fd89778d7867628e6f5312ce582f55;71c0451115d7f8abd3ea241017051f5a2197a6f6a2881425a9168ea082df78ca;2026-09-16T18:40:18.343781+00:00;true
LOC-0013;LOC-0148;PUBLIC_TRANSIT;2026-08-17T07:00:00+03:00;OK;2739;46;6318;LOCAL_TRANSIT_OPTIMISTIC_SCREENING;c015382e4207ab69b4d5d3b7f0b97a8b042701a2ff1007b043c76b960a057b02;fbc73b6c3724b1ac8fda887d453545691c9ab64e98a099fe8822bfd921dd0009;2026-09-16T18:40:18.343781+00:00;true
LOC-0013;LOC-0149;PUBLIC_TRANSIT;2026-08-17T07:00:00+03:00;OK;2599;44;6087;LOCAL_TRANSIT_OPTIMISTIC_SCREENING;1f8dc4ef8afe5c748564e56b2c425566639a5bff7666cc8c90bb703f352ccb91;9ff55311cfae8d5fba66fb6ed0803818d65a0d623312b9ed509f23a030809be2;2026-09-16T18:40:18.343781+00:00;true
LOC-0013;LOC-0150;PUBLIC_TRANSIT;2026-08-17T07:00:00+03:00;OK;2480;42;5930;LOCAL_TRANSIT_OPTIMISTIC_SCREENING;e42b7cd100766c0b373269349d2e6daf299105bb128d7112598d768e92cf58ba;7fe4ad22c62b072b397a73f31ac4dd0ba1a851d5db81f08695210e1d4be5278f;2026-09-16T18:40:18.343781+00:00;true
LOC-0013;LOC-0151;PUBLIC_TRANSIT;2026-08-17T07:00:00+03:00;OK;2872;48;6646;LOCAL_TRANSIT_OPTIMISTIC_SCREENING;41cfe71f4f026d37c56a29b36d7493ed873454c8b92d199017694192890836fd;03aee6184178db227e546e8a41d85b02d6c1ed7bea05e0a9a247af5ee83bf32e;2026-09-16T18:40:18.343781+00:00;true
LOC-0013;LOC-0152;PUBLIC_TRANSIT;2026-08-17T07:00:00+03:00;OK;2906;49;6593;LOCAL_TRANSIT_OPTIMISTIC_SCREENING;92cc2de4de6915723029d334e9219cd34fa12de6081f7f02482d8d525e8dbfe2;5f06e0ec0c5a2d573a31410df565d9d06bd9e96dd008c15c45ca9c665e8bb86f;2026-09-16T18:40:18.343781+00:00;true
LOC-0013;LOC-0190;PUBLIC_TRANSIT;2026-08-17T07:00:00+03:00;OK;1951;33;5168;LOCAL_TRANSIT_OPTIMISTIC_SCREENING;2caa0b4f558aeebcbb55443294d954597e71e9a8aea2a29e9045a58961dab8e4;c2dd245ee62b502644c1f571e2c054c29524efa68f152965f3acf33a9ea0e463;2026-09-16T18:40:18.343781+00:00;true
LOC-0013;LOC-0196;PUBLIC_TRANSIT;2026-08-17T07:00:00+03:00;OK;2871;48;9184;LOCAL_TRANSIT_OPTIMISTIC_SCREENING;4aa08d579e7fe053daa338ba5fa682c2a80832c3d2d15765d95c359432b05fc3;7247fcb2dd413995093e54818337953a017816e277795569c6dc8584f8d0dbb9;2026-09-16T18:40:18.343781+00:00;true
LOC-0016;LOC-0002;PUBLIC_TRANSIT;2026-08-17T07:00:00+03:00;OK;1391;24;3478;LOCAL_TRANSIT_OPTIMISTIC_SCREENING;8f19a31cbae19f9ca8a74e04e06d640b56034b95c74e6d2573293334b2e6dabf;cf61fe7565a83b71aae2fb375fda02bb0b8f4a411382276f1cbf37eaf8055a5b;2026-09-16T18:40:18.343781+00:00;true
LOC-0016;LOC-0008;PUBLIC_TRANSIT;2026-08-17T07:00:00+03:00;OK;2028;34;7935;LOCAL_TRANSIT_OPTIMISTIC_SCREENING;7e13528eb156b42d725111601f78ebc1abd21b4a35cd1890b0fb86b8b6620669;089eec1e0f5ea2e9f5574391e12bbae8d7ea268818b92e333b374ea5e7f1e677;2026-09-16T18:40:18.343781+00:00;true
LOC-0016;LOC-0009;PUBLIC_TRANSIT;2026-08-17T07:00:00+03:00;OK;2231;38;5813;LOCAL_TRANSIT_OPTIMISTIC_SCREENING;876e35ed2acdcde4e566ce68ee379272203aabef30a107836d891838ca7e6737;d67bd99af85888b4889f8844aea944d741e0188a2e2996f34814293d3544616a;2026-09-16T18:40:18.343781+00:00;true
LOC-0016;LOC-0010;PUBLIC_TRANSIT;2026-08-17T07:00:00+03:00;OK;2013;34;8551;LOCAL_TRANSIT_OPTIMISTIC_SCREENING;f24f38ceb008d01ce19f25d1e16348277545bffb2fdf390d9966dfc2f04126a7;70352e0b106f8cbf2e4fe1950638979faead7b8bd6686bc475e9821db03e2698;2026-09-16T18:40:18.343781+00:00;true
LOC-0016;LOC-0011;PUBLIC_TRANSIT;2026-08-17T07:00:00+03:00;OK;1698;29;7353;LOCAL_TRANSIT_OPTIMISTIC_SCREENING;8fb1f27db00ea988410a6e2d5d35eba0c3e225553a75203d632bcbf60ff48903;65a3f2318bde1c2fbc25a6eb2227852317b3ae425e5a12bf67c9849cf2a56082;2026-09-16T18:40:18.343781+00:00;true
LOC-0016;LOC-0012;PUBLIC_TRANSIT;2026-08-17T07:00:00+03:00;OK;1991;34;7447;LOCAL_TRANSIT_OPTIMISTIC_SCREENING;32aae701966245c7dd7a3118dbbc73655d01967088cae8418b4e024d77917a14;955ce48a94e1b99c3303d45a4549748fb7e332127c1725fd4559fee9f19aa11c;2026-09-16T18:40:18.343781+00:00;true
LOC-0016;LOC-0013;PUBLIC_TRANSIT;2026-08-17T07:00:00+03:00;OK;1756;30;3276;LOCAL_TRANSIT_OPTIMISTIC_SCREENING;9f11087628a24baf36b8381cbed46655300e2fe5e2ddb07d3dc8e882fd3d5460;c59a0325f2d5e237b8a9a19dcd23dd6a4625490092907bba5f3df93dcba1fbcb;2026-09-16T18:40:18.343781+00:00;true
LOC-0016;LOC-0016;PUBLIC_TRANSIT;2026-08-17T07:00:00+03:00;OK;0;0;0;LOCAL_TRANSIT_OPTIMISTIC_SCREENING;11ff5483a36d75c5d894a1e27bbc663f5da98acf63e0ac62923a086e1926f1ca;3d5812abc84c11768aa73a732c85d75dbed439188f5bb3239e9b762ea31d9862;2026-09-16T18:40:18.343781+00:00;true
LOC-0016;LOC-0017;PUBLIC_TRANSIT;2026-08-17T07:00:00+03:00;OK;2035;34;5424;LOCAL_TRANSIT_OPTIMISTIC_SCREENING;0b30bdafb7bb2e9824a34d01d0db897e0eda495014626742caf1d38cdb4a37f2;0f82bdfccbef7e456563eea3c149f9c31337636eae5efb0ac4710d61e2083af9;2026-09-16T18:40:18.343781+00:00;true
LOC-0016;LOC-0018;PUBLIC_TRANSIT;2026-08-17T07:00:00+03:00;OK;1788;30;6058;LOCAL_TRANSIT_OPTIMISTIC_SCREENING;5e2f742462f52ba45df0cd650a4789b48bd18ac57e3c43cb3a06473222555fa1;eb794d7fe3784efbb2c3f8c048f8b9b84d6b8c7a57be08d0181a991c96758821;2026-09-16T18:40:18.343781+00:00;true
LOC-0016;LOC-0019;PUBLIC_TRANSIT;2026-08-17T07:00:00+03:00;OK;2229;38;8852;LOCAL_TRANSIT_OPTIMISTIC_SCREENING;258c4ff252ef1a526653f41621b77a613da4108387c53a327e9a4fb528104dd6;6fa913c0dbe17deb9cf6807baf710b3fc894142ee8761bd81a3dac6fc8f13a21;2026-09-16T18:40:18.343781+00:00;true
LOC-0016;LOC-0020;PUBLIC_TRANSIT;2026-08-17T07:00:00+03:00;OK;2425;41;9054;LOCAL_TRANSIT_OPTIMISTIC_SCREENING;8013da0aaea739ef4bb8fecda0b63f4a788346c121afc12733b3a20783542ebb;8d8682105dd7c7f8984321853e44d1ffda1c4f894d9f1be3d4e6bcffb2170cf5;2026-09-16T18:40:18.343781+00:00;true
LOC-0016;LOC-0023;PUBLIC_TRANSIT;2026-08-17T07:00:00+03:00;OK;2280;38;7304;LOCAL_TRANSIT_OPTIMISTIC_SCREENING;be63acbe09b605cbb1f37661bcaefd60558f3808e40c345d527bf19c4e6c366f;f71fbe6f52b70126a550510232b099692559014ea1c6019dbc1fc5f16f3d9247;2026-09-16T18:40:18.343781+00:00;true
LOC-0016;LOC-0027;PUBLIC_TRANSIT;2026-08-17T07:00:00+03:00;OK;1143;20;4117;LOCAL_TRANSIT_OPTIMISTIC_SCREENING;ae85513d186ce608742624377c9effcccff24d0529652d9d18f5cbd34310dfa1;cc69c6bef748f4ad09bf7a714416b17390037b1b2214019b0c80f1d7639ce62b;2026-09-16T18:40:18.343781+00:00;true
LOC-0016;LOC-0028;PUBLIC_TRANSIT;2026-08-17T07:00:00+03:00;OK;1030;18;1196;LOCAL_TRANSIT_OPTIMISTIC_SCREENING;519781225e3365a73d62099597aa1f6fd680f71b189f58243ca783c165e4f266;4e12cf399f3c5a71e06e719ddbed50a55d41e6457bb723b5152871fe790c8699;2026-09-16T18:40:18.343781+00:00;true
LOC-0016;LOC-0029;PUBLIC_TRANSIT;2026-08-17T07:00:00+03:00;OK;1046;18;1272;LOCAL_TRANSIT_OPTIMISTIC_SCREENING;f096db55fc7cf0bde57640a078835a4267dad730c2ec4c51c7956ee315569afe;0d264b03ba2c3111416d2067d9cefb3f00a8a21f24924b7569a8c358c54074f3;2026-09-16T18:40:18.343781+00:00;true
LOC-0016;LOC-0037;PUBLIC_TRANSIT;2026-08-17T07:00:00+03:00;OK;1224;21;4931;LOCAL_TRANSIT_OPTIMISTIC_SCREENING;4303e5f5a96f523c21c8107e7886a21e49d9a9e40dcb9f769aa990d2b1a80ef1;7ac93b440b210eb379fcec8c4bcb2003b984833ed53b8569e47f4334feb516f1;2026-09-16T18:40:18.343781+00:00;true
LOC-0016;LOC-0045;PUBLIC_TRANSIT;2026-08-17T07:00:00+03:00;OK;1174;20;3026;LOCAL_TRANSIT_OPTIMISTIC_SCREENING;097a45fb7c531a18ce6ffc735400b49f3d43c5671223c0e22031e15c92a8dfd3;2b04370209fd580c3443f1188cda64a30dd76b676925141c04b06aa80d256268;2026-09-16T18:40:18.343781+00:00;true
LOC-0016;LOC-0053;PUBLIC_TRANSIT;2026-08-17T07:00:00+03:00;OK;472;8;758;LOCAL_TRANSIT_OPTIMISTIC_SCREENING;98d509a4671c18290c4cf0a4f8bc5d1e34e40c7a1e158a2bd6605767134d90f9;bdd7cbd3d01877f5e7cfbcc56b7fe05d37691c3eb847442452499ae7cc203ca3;2026-09-16T18:40:18.343781+00:00;true
LOC-0016;LOC-0054;PUBLIC_TRANSIT;2026-08-17T07:00:00+03:00;OK;1377;23;4842;LOCAL_TRANSIT_OPTIMISTIC_SCREENING;b27c95baf8faaf48d782d0980d1ce8e921eff14996ecadb60a55cb9f18d349b1;752c145189a0befbaa6b6ceb191e1c05deb16ab3be0a3fd2043f9316805b9946;2026-09-16T18:40:18.343781+00:00;true
LOC-0016;LOC-0061;PUBLIC_TRANSIT;2026-08-17T07:00:00+03:00;OK;2015;34;7182;LOCAL_TRANSIT_OPTIMISTIC_SCREENING;99dde5143b0fb71d2e8e5f2b484e36e43ee592bd4d46bee7a2806e6ce7e02922;97148498c63b77d6204ad67b6391604aae72605d81a6ccc1acf6c3aa19b98341;2026-09-16T18:40:18.343781+00:00;true
LOC-0016;LOC-0063;PUBLIC_TRANSIT;2026-08-17T07:00:00+03:00;OK;1138;19;2144;LOCAL_TRANSIT_OPTIMISTIC_SCREENING;1616ad0e8b9f811a0527cd3b479ff27db0e1f036b7575370a2cbd18e6bc2d932;525cdf3a866824b9ec5b8313ade799e4f38bcade9c1240fcc431afb783d8a971;2026-09-16T18:40:18.343781+00:00;true
LOC-0016;LOC-0064;PUBLIC_TRANSIT;2026-08-17T07:00:00+03:00;OK;1468;25;2293;LOCAL_TRANSIT_OPTIMISTIC_SCREENING;e14e04b8fea21f6526616ebc0917e596df2305d305b01671c0f745bcefba6281;be7bb8619475d2c0068e0bbce79b565656ed53f5a9128e6fd201dfefe612053b;2026-09-16T18:40:18.343781+00:00;true
LOC-0016;LOC-0074;PUBLIC_TRANSIT;2026-08-17T07:00:00+03:00;OK;1813;31;5465;LOCAL_TRANSIT_OPTIMISTIC_SCREENING;b704514eeacea27c2d5491e9e44e13b1eb254f73f8b0dd003bf9dcd0e060590a;eafcf930bed96aa59ffabfbb4ae114581ec343003960ba0bd66910c53a866443;2026-09-16T18:40:18.343781+00:00;true
LOC-0016;LOC-0075;PUBLIC_TRANSIT;2026-08-17T07:00:00+03:00;OK;1853;31;5388;LOCAL_TRANSIT_OPTIMISTIC_SCREENING;983a81abab3a6a38b888b6472527605eabbb6d6ffeb336461e26a9ca69a33e55;78dce9679bcd4bee3e6b97eecabcd59d9b7c949ab791dc7c25d7b76efbbbbb2f;2026-09-16T18:40:18.343781+00:00;true
LOC-0016;LOC-0076;PUBLIC_TRANSIT;2026-08-17T07:00:00+03:00;OK;398;7;555;LOCAL_TRANSIT_OPTIMISTIC_SCREENING;eadc2df0cd20a00a45b8acdd23532fa59fd5e149e79140475681dfe4d6b7d609;c66e55c7ad4a914213fbe70e4b8554bdd93f6629aad7862d69bec7624e59079c;2026-09-16T18:40:18.343781+00:00;true
LOC-0016;LOC-0078;PUBLIC_TRANSIT;2026-08-17T07:00:00+03:00;OK;1074;18;2663;LOCAL_TRANSIT_OPTIMISTIC_SCREENING;585b1ce8d11161d17b476fe6157632c36bd9cb98f1f852f8295df294053e37c3;b9da3a12a9d61b13d5f647387360141de47b51f0520c48a7c0b3f0354fad37ce;2026-09-16T18:40:18.343781+00:00;true
LOC-0016;LOC-0080;PUBLIC_TRANSIT;2026-08-17T07:00:00+03:00;OK;1815;31;5832;LOCAL_TRANSIT_OPTIMISTIC_SCREENING;ec46012cd395ec979152625003376e77ad0288c3cf18cc990880adbaeb623af1;f15e03e1edd524fe012beb182655d9ea4b1dbb77e8f3267a1a835ac624befb82;2026-09-16T18:40:18.343781+00:00;true
LOC-0016;LOC-0082;PUBLIC_TRANSIT;2026-08-17T07:00:00+03:00;OK;1270;22;1626;LOCAL_TRANSIT_OPTIMISTIC_SCREENING;7714e9271fad1bf3f0f54ed65f2320412d0f6b8e9a0a78b2e0d35777970b9450;f60570900bf923c5ab3d8c7ef77d84031bc771b11db607398b9dfee3aafbd1c9;2026-09-16T18:40:18.343781+00:00;true
LOC-0016;LOC-0085;PUBLIC_TRANSIT;2026-08-17T07:00:00+03:00;OK;1786;30;4177;LOCAL_TRANSIT_OPTIMISTIC_SCREENING;a26e855980e8791a4c7d5a88c7e7e3e141aaab5e20f52667149ee84c6242e1e2;8701683825bb46249797f3c7b3e883e26ef4d29ae35ac5533662605227a0fba5;2026-09-16T18:40:18.343781+00:00;true
LOC-0016;LOC-0086;PUBLIC_TRANSIT;2026-08-17T07:00:00+03:00;OK;1850;31;4312;LOCAL_TRANSIT_OPTIMISTIC_SCREENING;044a037174e11945d4509185e0f0407a9ab1673e2c32565c76d532d56318d24d;832aef1e817f0d2641e2f15728df0bdce7bb27093626b2aa32cc0678ba913c08;2026-09-16T18:40:18.343781+00:00;true
LOC-0016;LOC-0091;PUBLIC_TRANSIT;2026-08-17T07:00:00+03:00;OK;2009;34;8202;LOCAL_TRANSIT_OPTIMISTIC_SCREENING;455730e8afa5560ea512b35d22f6b8f6d038d442b478c3b594d0da79e9df006d;a6bf05e4a6d6a6f93001fe183183355e3729e4ab3d324f2bef923ff00e6a9533;2026-09-16T18:40:18.343781+00:00;true
LOC-0016;LOC-0092;PUBLIC_TRANSIT;2026-08-17T07:00:00+03:00;OK;2128;36;8081;LOCAL_TRANSIT_OPTIMISTIC_SCREENING;ea1b50eaa1d0d0dc13e9e88ec63a9f6e07460b9663d545ce1cddfcfb7ead1952;19674c04a7ecb1dc80ff03e15f6e529e581cd7482f3570c950d362094c197784;2026-09-16T18:40:18.343781+00:00;true
LOC-0016;LOC-0093;PUBLIC_TRANSIT;2026-08-17T07:00:00+03:00;OK;2104;36;7879;LOCAL_TRANSIT_OPTIMISTIC_SCREENING;5533feb2534545592685544f4526fec5b2a52555319fc1da02a9d74634679399;c0d5348eef6a899b1238a5dba65488cf828099674685c7c4b32588d518c6cb35;2026-09-16T18:40:18.343781+00:00;true
LOC-0016;LOC-0094;PUBLIC_TRANSIT;2026-08-17T07:00:00+03:00;OK;2094;35;4478;LOCAL_TRANSIT_OPTIMISTIC_SCREENING;8eff120a26a77a45f4a56a7ddf717ae35b25918544e10159e3ad2cec6e52864c;3899fae8519e8c5e7a8656fe7848da28e94f3a8e33244ff0db2d8ea2265b1ba8;2026-09-16T18:40:18.343781+00:00;true
LOC-0016;LOC-0095;PUBLIC_TRANSIT;2026-08-17T07:00:00+03:00;OK;1769;30;4430;LOCAL_TRANSIT_OPTIMISTIC_SCREENING;e45b1663c693163eae6242a5511f5e32fa64efa71a104bb88009d57a520e2aea;28e01c601438947efd5649471ad6b02680535b9d45c3dd07c2d8601c8503ef51;2026-09-16T18:40:18.343781+00:00;true
LOC-0016;LOC-0102;PUBLIC_TRANSIT;2026-08-17T07:00:00+03:00;OK;1429;24;2856;LOCAL_TRANSIT_OPTIMISTIC_SCREENING;8592dd462650994ef2b86ffdc2fc83789baecf288b435628495bf9ecd72a40df;4d55a7c169d4360f2386c9c328bef512fc74895673299febfe76027c6baf9d93;2026-09-16T18:40:18.343781+00:00;true
LOC-0016;LOC-0112;PUBLIC_TRANSIT;2026-08-17T07:00:00+03:00;OK;2365;40;6537;LOCAL_TRANSIT_OPTIMISTIC_SCREENING;231923f078945a6b034efa050b31ec2e10779ea5e3979fc47074d626accd1df9;b8c4dfcfddb52030520c351c5299aef615460e645183433d0f251efa24b29e15;2026-09-16T18:40:18.343781+00:00;true
LOC-0016;LOC-0124;PUBLIC_TRANSIT;2026-08-17T07:00:00+03:00;OK;2358;40;6113;LOCAL_TRANSIT_OPTIMISTIC_SCREENING;6eaf7d0f6a5793dcc17b0b977a05a7fb7d25e0f4397a2185b6a047bd74dd43de;d455e7f87003bc0241937d15dd8dfa555f78ac6cd4c8c792d746ee4f6391053e;2026-09-16T18:40:18.343781+00:00;true
LOC-0016;LOC-0125;PUBLIC_TRANSIT;2026-08-17T07:00:00+03:00;OK;1867;32;6430;LOCAL_TRANSIT_OPTIMISTIC_SCREENING;c39a27b13a203234aed7625c5e70909f6f2841f8fbc6adde6181e8862b4f725b;1e589cd7a62f21072deade44a895ddbf96af8b8cd74a2daf49f6d189d2fd17fa;2026-09-16T18:40:18.343781+00:00;true
LOC-0016;LOC-0126;PUBLIC_TRANSIT;2026-08-17T07:00:00+03:00;OK;1771;30;5455;LOCAL_TRANSIT_OPTIMISTIC_SCREENING;b6c1e0f8fbc4a42b8f948dce083c72bb4ee832206030fb36231e497ff637baed;09e89f8ab9945fd0b8803467507cc46c276cab51f663e2afcd4ca4baaea619d7;2026-09-16T18:40:18.343781+00:00;true
LOC-0016;LOC-0128;PUBLIC_TRANSIT;2026-08-17T07:00:00+03:00;OK;1224;21;4707;LOCAL_TRANSIT_OPTIMISTIC_SCREENING;5be39dfcbef5d194eb63195d60ee2e799bee20916f8fa4558d9225b01fe4e3fb;1a19b46eaa950d366bb7cf2211af0037d6c422cad7682978fe315eb834ecf418;2026-09-16T18:40:18.343781+00:00;true
LOC-0016;LOC-0134;PUBLIC_TRANSIT;2026-08-17T07:00:00+03:00;OK;1433;24;3504;LOCAL_TRANSIT_OPTIMISTIC_SCREENING;7218d8870445401d623aec81edbd19bef452fd707a025762c46e264d3460ccbe;cd413b9436dba6f33ab0195d69c08ef84363f4094aa0c663ecbf75eb09809160;2026-09-16T18:40:18.343781+00:00;true
LOC-0016;LOC-0135;PUBLIC_TRANSIT;2026-08-17T07:00:00+03:00;OK;1508;26;3391;LOCAL_TRANSIT_OPTIMISTIC_SCREENING;b16d68f9183527e76e3a6d5bb7e76acbe2042b578698e55919934faf4c9943c5;c99b5912e009ef2c6e74963fa1335c8efd2ad92352a3809720cb1fd453bc9ce5;2026-09-16T18:40:18.343781+00:00;true
LOC-0016;LOC-0136;PUBLIC_TRANSIT;2026-08-17T07:00:00+03:00;OK;1452;25;3645;LOCAL_TRANSIT_OPTIMISTIC_SCREENING;2cc8f7389c70a8e40cf4c7fdace750e67c7ce0894770e4b85a8f8dfe77e820a3;4e404a5c0e0a865bc8598662d90d0ae9e15a0ac70d4be48a0ab33940e4d8d01b;2026-09-16T18:40:18.343781+00:00;true
LOC-0016;LOC-0140;PUBLIC_TRANSIT;2026-08-17T07:00:00+03:00;OK;927;16;1343;LOCAL_TRANSIT_OPTIMISTIC_SCREENING;c61bf4e00cfd5400ddb3f800b58e59ae3e065395118d962f953ff36a62d24e26;4a028d6cc3683acafb4cdc935a01f02640eef8c4d52cc3e5f7f65b150d450605;2026-09-16T18:40:18.343781+00:00;true
LOC-0016;LOC-0141;PUBLIC_TRANSIT;2026-08-17T07:00:00+03:00;OK;2204;37;6109;LOCAL_TRANSIT_OPTIMISTIC_SCREENING;e3508cf47f727021ba3610d35de6f3f623f1adee21ea48ed63021260a65e0a77;78b5e525ba599b661863a54cf3fd4425e792473383327abc01d21565889cd176;2026-09-16T18:40:18.343781+00:00;true
LOC-0016;LOC-0142;PUBLIC_TRANSIT;2026-08-17T07:00:00+03:00;OK;2105;36;6198;LOCAL_TRANSIT_OPTIMISTIC_SCREENING;292d505915c5eb04f154f09761944d7d686fa1f868cfcf44626a389a2376fdd7;16269b2a6c3627a5dd4c700e08c53e00f581662bffb90263df9514b3dcb5d728;2026-09-16T18:40:18.343781+00:00;true
LOC-0016;LOC-0145;PUBLIC_TRANSIT;2026-08-17T07:00:00+03:00;OK;2226;38;8932;LOCAL_TRANSIT_OPTIMISTIC_SCREENING;25ba713b3bb9ebaf67521bc81f75a19dde359af417a5d2fde275cde934c561d5;a5d1fc8a4b3dee784fb0c130a2962a364b9d47277b1342a8ce64ea7a5a0e5d3c;2026-09-16T18:40:18.343781+00:00;true
LOC-0016;LOC-0148;PUBLIC_TRANSIT;2026-08-17T07:00:00+03:00;OK;1890;32;5217;LOCAL_TRANSIT_OPTIMISTIC_SCREENING;443205ef710c8492172ed928972051fcaea15ada14b8f77724488eac9a9bcf0c;15d8e53ad718124d02ae38a8b062aa2b5ef515baf9b47603d926d7e54e687a02;2026-09-16T18:40:18.343781+00:00;true
LOC-0016;LOC-0149;PUBLIC_TRANSIT;2026-08-17T07:00:00+03:00;OK;1750;30;5095;LOCAL_TRANSIT_OPTIMISTIC_SCREENING;edf270a87aa1d3476c55c4f30fb9ed15ae99ec9f68018d9b12b15126cb6528ab;5e2b913d2c6ecd23c918bab1cdffc176adc90559dc210b6938a918e2e5067bcf;2026-09-16T18:40:18.343781+00:00;true
LOC-0016;LOC-0150;PUBLIC_TRANSIT;2026-08-17T07:00:00+03:00;OK;1631;28;5017;LOCAL_TRANSIT_OPTIMISTIC_SCREENING;069f641ea9a303a1ef37e90ab05a96f45ce2cd00463f687caaccb2149d82e95d;d9c63ee646d06d3283e685e8084ee843e5fff3cf26784016329b55ccbae3a638;2026-09-16T18:40:18.343781+00:00;true
LOC-0016;LOC-0151;PUBLIC_TRANSIT;2026-08-17T07:00:00+03:00;OK;2023;34;5354;LOCAL_TRANSIT_OPTIMISTIC_SCREENING;954c9592e0a6af564238adb111dbde094fd97d8cca6bbacee7668ce554e0b0df;61e9338326ca851d31b99e2c1fe8478cff258cd9848374a1b732c095ba6d6877;2026-09-16T18:40:18.343781+00:00;true
LOC-0016;LOC-0152;PUBLIC_TRANSIT;2026-08-17T07:00:00+03:00;OK;2057;35;5283;LOCAL_TRANSIT_OPTIMISTIC_SCREENING;84765d52648300f085e5996bd77b0776af754c68688b099be98e2d5e021097e4;e50f1d530a5aa550cae52a7de57cd80bedb4476bdf0924fac15cd0a33593f01c;2026-09-16T18:40:18.343781+00:00;true
LOC-0016;LOC-0190;PUBLIC_TRANSIT;2026-08-17T07:00:00+03:00;OK;1987;34;6065;LOCAL_TRANSIT_OPTIMISTIC_SCREENING;c52c0344f7dcd0332e9c2b2983d57c2351bd07fe0928db1247b31e5bccafa3dd;a819b58f1954c3a973bb306db8fe38d6fd0f849c426369f1dfb16c74b3a6d569;2026-09-16T18:40:18.343781+00:00;true
LOC-0016;LOC-0196;PUBLIC_TRANSIT;2026-08-17T07:00:00+03:00;OK;2022;34;8004;LOCAL_TRANSIT_OPTIMISTIC_SCREENING;1d2f80fabb3b459a4171c74c2e17504b2f4a4341a93cbb9eeee8401963369024;384cbe7458737d51f9233cab4d4fbd98845d06710b687a3f092e712f77a43f7b;2026-09-16T18:40:18.343781+00:00;true
LOC-0017;LOC-0002;PUBLIC_TRANSIT;2026-08-17T07:00:00+03:00;OK;2477;42;6021;LOCAL_TRANSIT_OPTIMISTIC_SCREENING;8158fef2b6142d177bd8dd94c7ede8bbf4c327d1e59c65d06ccc0bcd75d999e4;59a466dc4d9e699c8d5c08a9062783f218226b833f1a08d00a41993bdb4c7165;2026-09-16T18:40:18.343781+00:00;true
LOC-0017;LOC-0008;PUBLIC_TRANSIT;2026-08-17T07:00:00+03:00;OK;1759;30;5446;LOCAL_TRANSIT_OPTIMISTIC_SCREENING;4f64229b12d5ed2c9554f5b6a56fe3b8ab31cbee1ede027b778f0a4306e8ae2e;4a8e5c3a3e58cdd4bf7e2c65461b0a497510e80faef6a2ccb5e662fec28297c3;2026-09-16T18:40:18.343781+00:00;true
LOC-0017;LOC-0009;PUBLIC_TRANSIT;2026-08-17T07:00:00+03:00;OK;2327;39;5247;LOCAL_TRANSIT_OPTIMISTIC_SCREENING;719094d05a75b5697cc0fa2bfb4844697bf892652fd3d187b4f3912da805d8db;829307fe4ff2de1402d2050c0932115385252ae8a95e021a75a03201985bb292;2026-09-16T18:40:18.343781+00:00;true
LOC-0017;LOC-0010;PUBLIC_TRANSIT;2026-08-17T07:00:00+03:00;OK;1682;29;5730;LOCAL_TRANSIT_OPTIMISTIC_SCREENING;bbd8e3b6638bf874055ce4daed2abdf0e39d184cc6501dec4b631f2d1c40ee62;55657d45c41bddd0ed4c94f77de370d0435e4a2395334adb6c09cc907313fd63;2026-09-16T18:40:18.343781+00:00;true
LOC-0017;LOC-0011;PUBLIC_TRANSIT;2026-08-17T07:00:00+03:00;OK;1942;33;5314;LOCAL_TRANSIT_OPTIMISTIC_SCREENING;f076c229d16f7920860b85b4f9e8ce623e02a9176acc0aeafdccd9ba5357f189;2c687f2b427554c3886fbd587110e439a8f230dd34e1fd9b25ae51115f8641ec;2026-09-16T18:40:18.343781+00:00;true
LOC-0017;LOC-0012;PUBLIC_TRANSIT;2026-08-17T07:00:00+03:00;OK;1722;29;4800;LOCAL_TRANSIT_OPTIMISTIC_SCREENING;5223b4791f18321ead677d8867a24cd28ec464db47c5d1cd20cbeac0b35e0f54;f53e65e6b38dddabb5e80772c496ed5b8778e6b73a84e35d754b058ced5154f1;2026-09-16T18:40:18.343781+00:00;true
LOC-0017;LOC-0013;PUBLIC_TRANSIT;2026-08-17T07:00:00+03:00;OK;2842;48;6786;LOCAL_TRANSIT_OPTIMISTIC_SCREENING;c8ecd436255101f18537e6b4cf57e3ae5c4b6bcb89e6f2f112f7069752cfa453;bab3f414e228f68b1c934f1dbe9d593a1acb2d4834d3524899d863f42138e741;2026-09-16T18:40:18.343781+00:00;true
LOC-0017;LOC-0016;PUBLIC_TRANSIT;2026-08-17T07:00:00+03:00;OK;1969;33;5424;LOCAL_TRANSIT_OPTIMISTIC_SCREENING;d2aae300845a2db336aae2aa184b2da80e6b6edf7a571abc83753325e3ef4186;fc2d6e6c4c2b0daa7e488399ae347ec18e784bbb36562fa5ee7e9d88a1a3d57f;2026-09-16T18:40:18.343781+00:00;true
LOC-0017;LOC-0017;PUBLIC_TRANSIT;2026-08-17T07:00:00+03:00;OK;0;0;0;LOCAL_TRANSIT_OPTIMISTIC_SCREENING;fbe1af230c6666732f874407ce26c1610dc49fec24788fc11f05907e011902fc;3d5812abc84c11768aa73a732c85d75dbed439188f5bb3239e9b762ea31d9862;2026-09-16T18:40:18.343781+00:00;true
LOC-0017;LOC-0018;PUBLIC_TRANSIT;2026-08-17T07:00:00+03:00;OK;648;11;771;LOCAL_TRANSIT_OPTIMISTIC_SCREENING;5ec32e712a26897cc50985291cace469bb1d9b504a115ee58d9e469470a46696;57b5cb3a50f83b554572b7c92cf07ff00a95029bd70a40d0ca0e45e27a6c62a0;2026-09-16T18:40:18.343781+00:00;true
LOC-0017;LOC-0019;PUBLIC_TRANSIT;2026-08-17T07:00:00+03:00;OK;1898;32;5978;LOCAL_TRANSIT_OPTIMISTIC_SCREENING;59ba5345d7e3205c0e5403f1f9fdf3ab2ee5c7715399b245c15cae03cd1f81f1;eb18a663b32121bf2034604607ac9e4ccd11ca7a3c1bdc9fffdea82af5baddc9;2026-09-16T18:40:18.343781+00:00;true
LOC-0017;LOC-0020;PUBLIC_TRANSIT;2026-08-17T07:00:00+03:00;OK;1915;32;5138;LOCAL_TRANSIT_OPTIMISTIC_SCREENING;0b69130f04f029f7ca8ca18e590fe9d6e53fd15a29d84624636e527fc378a3c1;ddfda00290f810cf254022b574162999da0d322b9c934989dd51b3fe1e728bf9;2026-09-16T18:40:18.343781+00:00;true
LOC-0017;LOC-0023;PUBLIC_TRANSIT;2026-08-17T07:00:00+03:00;OK;1172;20;2081;LOCAL_TRANSIT_OPTIMISTIC_SCREENING;cda949616b06deeb83ee080c74ca13eaa61b67703cc3ead0852a3c2f67fe4062;1552d38cc3a573c8dd46120efa296c982eb1af7298d2a1838f41f2799193b333;2026-09-16T18:40:18.343781+00:00;true
LOC-0017;LOC-0027;PUBLIC_TRANSIT;2026-08-17T07:00:00+03:00;OK;1052;18;1797;LOCAL_TRANSIT_OPTIMISTIC_SCREENING;bede3845a3c98e0d3e4de95f3698a56d0ad69bd8be57d24ee791539b4def9b0e;89d2315fd9e1721d645cc0658aee02665545a1bdf2de8a56179e969fd35133c5;2026-09-16T18:40:18.343781+00:00;true
LOC-0017;LOC-0028;PUBLIC_TRANSIT;2026-08-17T07:00:00+03:00;OK;1674;28;4243;LOCAL_TRANSIT_OPTIMISTIC_SCREENING;55e95d0db82d6a1154212839b86769cad79913c575177c3a1f4fe69b1787cf54;89ed45735e8214b337875b544c90d60fccf443170d7674d15cc682c6334436ee;2026-09-16T18:40:18.343781+00:00;true
LOC-0017;LOC-0029;PUBLIC_TRANSIT;2026-08-17T07:00:00+03:00;OK;1609;27;4173;LOCAL_TRANSIT_OPTIMISTIC_SCREENING;e5ca6bc321030898acbec4d274f37237c8012b427c0cbe8b25ffa8034b9d9942;9dd11219b9720b92c5ba77631a1939dd3e8b6a40dabbf8432c5a7e1207f53e42;2026-09-16T18:40:18.343781+00:00;true
LOC-0017;LOC-0037;PUBLIC_TRANSIT;2026-08-17T07:00:00+03:00;OK;2379;40;5734;LOCAL_TRANSIT_OPTIMISTIC_SCREENING;b535f65dfa68c3322818d9b7073e85d98c0ef10127e20d02e5ea3739ba562d16;0f7c3eb154b749297fe5749f0f5d4ed20d6f1763b935a3c8c3d6101473549c95;2026-09-16T18:40:18.343781+00:00;true
LOC-0017;LOC-0045;PUBLIC_TRANSIT;2026-08-17T07:00:00+03:00;OK;1100;19;2574;LOCAL_TRANSIT_OPTIMISTIC_SCREENING;7ea16f00b783fc78f9abd9278628931b2a8b93ec17d00952929f8acbeaa59549;8c2203718c63fc021d046a24e6eee2d0aad55df2a50303219eab05ee3acdd34c;2026-09-16T18:40:18.343781+00:00;true
LOC-0017;LOC-0053;PUBLIC_TRANSIT;2026-08-17T07:00:00+03:00;OK;1763;30;5034;LOCAL_TRANSIT_OPTIMISTIC_SCREENING;0769b108874a6c0dea5ed5d1bcc6fc99ba7915a618beeb3f003a1067882e4f50;01edc6db9d6dc4227d9e04577748a5e28c88ff644b4759641ad18b57879e3e5c;2026-09-16T18:40:18.343781+00:00;true
LOC-0017;LOC-0054;PUBLIC_TRANSIT;2026-08-17T07:00:00+03:00;OK;2532;43;5211;LOCAL_TRANSIT_OPTIMISTIC_SCREENING;0db67941c7f9a447c8fd15f9ca6d314b5522f755728db9650a4d0b3a3e0cd709;edf414e6f367df5004192f5bc10a0965d28c5547cd6209ee69c03398efc52cea;2026-09-16T18:40:18.343781+00:00;true
LOC-0017;LOC-0061;PUBLIC_TRANSIT;2026-08-17T07:00:00+03:00;OK;1886;32;4830;LOCAL_TRANSIT_OPTIMISTIC_SCREENING;c67afbcf284b679be00a3779a48817183648f0b6568a5d1a96af68ccf5ee5ad1;f520cbf6e267bf8b4ab36c5c7038ac031a3f4397d80c38fb2a1a284f6bfa2b44;2026-09-16T18:40:18.343781+00:00;true
LOC-0017;LOC-0063;PUBLIC_TRANSIT;2026-08-17T07:00:00+03:00;OK;1658;28;4879;LOCAL_TRANSIT_OPTIMISTIC_SCREENING;faecd5b518af9a14b1daf3d8f975b4f05fe240ca1c3447d32c870b47689f2bfb;f7a8d606f906c382a0891db0e86fdacf16125fc17231aed3b6d96776614b24b3;2026-09-16T18:40:18.343781+00:00;true
LOC-0017;LOC-0064;PUBLIC_TRANSIT;2026-08-17T07:00:00+03:00;OK;1833;31;4368;LOCAL_TRANSIT_OPTIMISTIC_SCREENING;e8c98d16551c734e08963613660261c55fd8bab8124c18c3ff14b5dd61630a56;6425b46ba192b929c9a093dd463acf0596afc7310a64e8e9a336f3a84216a1e2;2026-09-16T18:40:18.343781+00:00;true
LOC-0017;LOC-0074;PUBLIC_TRANSIT;2026-08-17T07:00:00+03:00;OK;623;11;1221;LOCAL_TRANSIT_OPTIMISTIC_SCREENING;1e0b5dd8598f4ebd766123aa72deacc9da2cd18eef97f87144a6af256b0574e8;ae47bba43ea5cfac0674665fa229b36aeaf2a8bd48e6377ef2134d1d3a6ac0e7;2026-09-16T18:40:18.343781+00:00;true
LOC-0017;LOC-0075;PUBLIC_TRANSIT;2026-08-17T07:00:00+03:00;OK;553;10;690;LOCAL_TRANSIT_OPTIMISTIC_SCREENING;bf34deb0a7b24a6bda67a4443d5dd21e7dc7ae68bec8a8f6ac1c8d5fcfd7d45c;3cf8797138445e1757a5bae791435dca3bbf865dab113f58d6d15c2d0b560cbd;2026-09-16T18:40:18.343781+00:00;true
LOC-0017;LOC-0076;PUBLIC_TRANSIT;2026-08-17T07:00:00+03:00;OK;2265;38;5597;LOCAL_TRANSIT_OPTIMISTIC_SCREENING;9db3696269ac448a726ab96d67fa6cea41aff4a7e8fddb7df6c1434d20135818;66831a8da57fb11117d526ac51a0d43440034b0a5ed2d61a51abf41d07a169b7;2026-09-16T18:40:18.343781+00:00;true
LOC-0017;LOC-0078;PUBLIC_TRANSIT;2026-08-17T07:00:00+03:00;OK;1297;22;3248;LOCAL_TRANSIT_OPTIMISTIC_SCREENING;67b19ff552073c493b074ab81f4eeee51c8cef439a8d69e790db5c1a4a7a43c3;f2fd0123913cc478282957a39a2f6b21003155962060a119ed86fbdd2010d857;2026-09-16T18:40:18.343781+00:00;true
LOC-0017;LOC-0080;PUBLIC_TRANSIT;2026-08-17T07:00:00+03:00;OK;684;12;1057;LOCAL_TRANSIT_OPTIMISTIC_SCREENING;ff721738e1a36b079871eda31372ffdabd956bbf583d4dda95fc0217ce378768;cc9cc9a42bc1487e16460cae9860bdf86b3c1a79efaf5e9ccf08be33fefd8b73;2026-09-16T18:40:18.343781+00:00;true
LOC-0017;LOC-0082;PUBLIC_TRANSIT;2026-08-17T07:00:00+03:00;OK;1497;25;4505;LOCAL_TRANSIT_OPTIMISTIC_SCREENING;0c28becf817ce64051c56be7ca0f36a0cb5cc888935fe58cc46e79a62e9d64a8;a8fd9a8f52332f342e8b0a05a27722cbadd8ac912b2dceded558358c5299e413;2026-09-16T18:40:18.343781+00:00;true
LOC-0017;LOC-0085;PUBLIC_TRANSIT;2026-08-17T07:00:00+03:00;OK;2789;47;7042;LOCAL_TRANSIT_OPTIMISTIC_SCREENING;88a299a5fa76f0de8fc7cf92e1f03f92e0494feb64b8d144cd8ac00fd5273cf2;e9d1f9a2457458923ba50f86abdf00c3f2228253e9850d552ac22ad40e7e2629;2026-09-16T18:40:18.343781+00:00;true
LOC-0017;LOC-0086;PUBLIC_TRANSIT;2026-08-17T07:00:00+03:00;OK;2571;43;6942;LOCAL_TRANSIT_OPTIMISTIC_SCREENING;4b1943aba90cfecac7ea65b532f3d80933628212094c4afda20ede6db9636eeb;8ab220c9f6335f336e8c524be9dfd3d3b9ed080cdc9e7152d266910befaced00;2026-09-16T18:40:18.343781+00:00;true
LOC-0017;LOC-0091;PUBLIC_TRANSIT;2026-08-17T07:00:00+03:00;OK;1701;29;4971;LOCAL_TRANSIT_OPTIMISTIC_SCREENING;96535023b92693d909281b92180ca68184a5d4a92f30bb905a8710fa05847373;a7a96752f79d8a46c8cadb16f65f3bef5f52d0824e086a623f081bf673555e40;2026-09-16T18:40:18.343781+00:00;true
LOC-0017;LOC-0092;PUBLIC_TRANSIT;2026-08-17T07:00:00+03:00;OK;1615;27;4417;LOCAL_TRANSIT_OPTIMISTIC_SCREENING;0f622b86000c67680badd2f5c1e73ec37e77cf3bb26ca0eecff05b3f6fead5a2;064da7f7bb84347ccd912601f19913ee0ba7232f46bb92d89b2dbc0193629704;2026-09-16T18:40:18.343781+00:00;true
LOC-0017;LOC-0093;PUBLIC_TRANSIT;2026-08-17T07:00:00+03:00;OK;1577;27;4235;LOCAL_TRANSIT_OPTIMISTIC_SCREENING;862bb7015acc52925c85eefaa9bf621b84dd821427458aae20b8944cad7a9c73;cd5a8d3bb6a1b9a9a1904c446718ab41bf5168f7011d2fd9ffec23ca5056cf40;2026-09-16T18:40:18.343781+00:00;true
LOC-0017;LOC-0094;PUBLIC_TRANSIT;2026-08-17T07:00:00+03:00;OK;2957;50;7439;LOCAL_TRANSIT_OPTIMISTIC_SCREENING;7ff02f8ba82932fa509f2703015753d68955f49f2387c64b5aabce0e4f6ebc45;9cdb13c31031759466c47fbfe3b5b9e33b63accdd15402efb48cabc4d3284fb9;2026-09-16T18:40:18.343781+00:00;true
LOC-0017;LOC-0095;PUBLIC_TRANSIT;2026-08-17T07:00:00+03:00;OK;2591;44;7969;LOCAL_TRANSIT_OPTIMISTIC_SCREENING;9fe787a21ac0fb27618fa6ad7fe1f0d91fbf81229a58acd01066ac0cef69e729;0dae8c1b3c0698ec8817946e67eb4654c4890b1da478deecc30b6270a143832e;2026-09-16T18:40:18.343781+00:00;true
LOC-0017;LOC-0102;PUBLIC_TRANSIT;2026-08-17T07:00:00+03:00;OK;1720;29;4451;LOCAL_TRANSIT_OPTIMISTIC_SCREENING;7fbe9ab3a97f693404737202181cf4247d55778ee61be28943a27b4be1616b6b;d649de8848cd442301ea0d4cb1fdf90900cbf423f8f891ca28965a05dfe4a2d7;2026-09-16T18:40:18.343781+00:00;true
LOC-0017;LOC-0112;PUBLIC_TRANSIT;2026-08-17T07:00:00+03:00;OK;1267;22;2856;LOCAL_TRANSIT_OPTIMISTIC_SCREENING;6b3cae80e7dada4d49d86de99dae661172db4098bbb9aefb968a96f5eb0f5ba3;1967de698971dff8a47983d64422fb5efd15722ee38d79302465688247f89c2a;2026-09-16T18:40:18.343781+00:00;true
LOC-0017;LOC-0124;PUBLIC_TRANSIT;2026-08-17T07:00:00+03:00;OK;1959;33;5102;LOCAL_TRANSIT_OPTIMISTIC_SCREENING;4ac4779fa721f31a07406a3f7f8f25deeb55e946e71ec92ae9bda1c791e0f758;c826fcf4a1b349cb8dcf7caf70e6646f3436c63061f02a497b0f47b7f2abef1b;2026-09-16T18:40:18.343781+00:00;true
LOC-0017;LOC-0125;PUBLIC_TRANSIT;2026-08-17T07:00:00+03:00;OK;765;13;1185;LOCAL_TRANSIT_OPTIMISTIC_SCREENING;5d39bb5536a937d282b9bf7eb5882f485a8cef4eb40d7f419fbc7816b369d99a;fef47e65698bd455b818f747eddd3952dbcae26116d9dc2cadf70e1ebe185c14;2026-09-16T18:40:18.343781+00:00;true
LOC-0017;LOC-0126;PUBLIC_TRANSIT;2026-08-17T07:00:00+03:00;OK;837;14;2650;LOCAL_TRANSIT_OPTIMISTIC_SCREENING;0761192c47db51fcf3a6cbaece0350db44b5269384b92fdd6289a9981b36a7ba;8dc90eb28bfae444a1ed3a1f750852648bc7d91f6734fe921b857ea1a11bf757;2026-09-16T18:40:18.343781+00:00;true
LOC-0017;LOC-0128;PUBLIC_TRANSIT;2026-08-17T07:00:00+03:00;OK;2379;40;5309;LOCAL_TRANSIT_OPTIMISTIC_SCREENING;ce7e65dff9a16f8bc5090f2dc257a59ed2ee6d0dce729ea1c5a1fb217371fc0b;5dbf42a2e5344b0ec65a7b1c5c1b95aee72dd1a36570fd4f378d256549c7a1ba;2026-09-16T18:40:18.343781+00:00;true
LOC-0017;LOC-0134;PUBLIC_TRANSIT;2026-08-17T07:00:00+03:00;OK;2519;42;6376;LOCAL_TRANSIT_OPTIMISTIC_SCREENING;3ca39a199788972a43d3d6365d84bc12d63ec8bd2b810e1711850c74f7cb3c20;14bb027ff8bb122e6b58bbafcc6d84c25a9adf2f4256ac2d8f0dbab6714ca98d;2026-09-16T18:40:18.343781+00:00;true
LOC-0017;LOC-0135;PUBLIC_TRANSIT;2026-08-17T07:00:00+03:00;OK;2594;44;6416;LOCAL_TRANSIT_OPTIMISTIC_SCREENING;56627c934805393222b3ab40fa6592e5119931b7c1b5cb1fecb123983159e4ea;3593292d40f4d49c2903b8f9e685c1960eb7918cc57fdce11f48fe0fad9d1564;2026-09-16T18:40:18.343781+00:00;true
LOC-0017;LOC-0136;PUBLIC_TRANSIT;2026-08-17T07:00:00+03:00;OK;2538;43;6867;LOCAL_TRANSIT_OPTIMISTIC_SCREENING;1b1f6a31fc76c54a31fea91e3e56dea244ee8a8eab89150004c238a3bb58c3cb;54dc99f6fac3c494f54fbf54a1656e04dbd848aebc4484f3aece9ff7f34bb555;2026-09-16T18:40:18.343781+00:00;true
LOC-0017;LOC-0140;PUBLIC_TRANSIT;2026-08-17T07:00:00+03:00;OK;1933;33;5156;LOCAL_TRANSIT_OPTIMISTIC_SCREENING;ab8d1d59630c7e6f361a55bcf83afdb2e1e9ed0b85fe603e8044ac1546d1c8cc;8c938868670dd4baa430cda9cea6b698d42104d3c269c07d9c83ecc3f1028f0d;2026-09-16T18:40:18.343781+00:00;true
LOC-0017;LOC-0141;PUBLIC_TRANSIT;2026-08-17T07:00:00+03:00;OK;1411;24;3421;LOCAL_TRANSIT_OPTIMISTIC_SCREENING;fc814a8186551250194481e1dad47cede053d3a8c68cdad782a93ff6fc69d6dd;10d01db45527bdd26adfb10873b660c5ad7f2432850c61cd6c2c2083a4092156;2026-09-16T18:40:18.343781+00:00;true
LOC-0017;LOC-0142;PUBLIC_TRANSIT;2026-08-17T07:00:00+03:00;OK;1312;22;3377;LOCAL_TRANSIT_OPTIMISTIC_SCREENING;4f93f0b3c94df7d037fe38c9833fcece3faed4a001dbe6a1239769ba43687d84;2a68f4da11710c4debfe9483bd2d10bf36dc527bbb1f00b2402827b29e361f9f;2026-09-16T18:40:18.343781+00:00;true
LOC-0017;LOC-0145;PUBLIC_TRANSIT;2026-08-17T07:00:00+03:00;OK;1667;28;4867;LOCAL_TRANSIT_OPTIMISTIC_SCREENING;a0790d7bbdca0c0d965b01565c926ef0bd8c6c020b1721ee865f49d16a4d3f0b;4a08af6cc198d44d59464506ed629237571df48d6169b6c8730cdd18b944e374;2026-09-16T18:40:18.343781+00:00;true
LOC-0017;LOC-0148;PUBLIC_TRANSIT;2026-08-17T07:00:00+03:00;OK;413;7;618;LOCAL_TRANSIT_OPTIMISTIC_SCREENING;e414a067478f610dc72aaa2ef2c4d3d4ae60550acae5aac634e8baebeae1bc2d;91adc4daefcda55e8702a6ae0c570d6575b61ec5c73332adb21c8b95a96c1ac9;2026-09-16T18:40:18.343781+00:00;true
LOC-0017;LOC-0149;PUBLIC_TRANSIT;2026-08-17T07:00:00+03:00;OK;465;8;884;LOCAL_TRANSIT_OPTIMISTIC_SCREENING;d3fdbe7b25ec5c5f517eec81c2b458072a75d5ae9197122c3dcc51783a889cd5;53b3cb6c9230f19c40446fbe16e6f53c2eda654a44a46d768a5672a9e820e59a;2026-09-16T18:40:18.343781+00:00;true
LOC-0017;LOC-0150;PUBLIC_TRANSIT;2026-08-17T07:00:00+03:00;OK;609;11;1067;LOCAL_TRANSIT_OPTIMISTIC_SCREENING;b86ae4924e962fbb53fa077083320128193c8fc6bf2d8921143187da6cf7e580;4c6230361f3e3d7f27acad23ef7724fa490d467159b22d51897fe80e882733ad;2026-09-16T18:40:18.343781+00:00;true
LOC-0017;LOC-0151;PUBLIC_TRANSIT;2026-08-17T07:00:00+03:00;OK;413;7;179;LOCAL_TRANSIT_OPTIMISTIC_SCREENING;8e996b6c8dd9b6cbe0bedd6cab719d129a97de541e069b34dbce1ffee691c6b5;e667e137523bf70ca3955db2fbb5ea41a126ea846ba4aaed8d27c38d8faaff87;2026-09-16T18:40:18.343781+00:00;true
LOC-0017;LOC-0152;PUBLIC_TRANSIT;2026-08-17T07:00:00+03:00;OK;436;8;203;LOCAL_TRANSIT_OPTIMISTIC_SCREENING;232cb83d170dd875eb7254f0b2c120f523e837d23b9e6d4d37de4ddf830be84b;74a67d4c822f6f818a533587e074a6f979cc072cb45abbefdd1a01813445ecfb;2026-09-16T18:40:18.343781+00:00;true
LOC-0017;LOC-0190;PUBLIC_TRANSIT;2026-08-17T07:00:00+03:00;OK;1576;27;4082;LOCAL_TRANSIT_OPTIMISTIC_SCREENING;437beac48be007199a03b2239fb6d0c83de2f0d60a8d0a9f4fefecd1404b919a;a51498504f38342ebfe6232a8af83039811f4746f3e69f04a6d5c64a95194d39;2026-09-16T18:40:18.343781+00:00;true
LOC-0017;LOC-0196;PUBLIC_TRANSIT;2026-08-17T07:00:00+03:00;OK;1052;18;2583;LOCAL_TRANSIT_OPTIMISTIC_SCREENING;d40bf2ab38bf3350cb44c27c7c34ebc6c4c35969f9ab9e73e828a6b0a64dd9b0;49163460dbbdef46e5a0f79762ce2b5eedd43a10828eeaf8d0c5e2f8f79946bc;2026-09-16T18:40:18.343781+00:00;true
LOC-0018;LOC-0002;PUBLIC_TRANSIT;2026-08-17T07:00:00+03:00;OK;2448;41;6305;LOCAL_TRANSIT_OPTIMISTIC_SCREENING;855778d58f8ea87a1027524226366b3b62def9a030a1ce4b536032814c339cee;4fa2039716811ac23d57e7b4ca644662efc552119d2c38a064454ad8b71dc145;2026-09-16T18:40:18.343781+00:00;true
LOC-0018;LOC-0008;PUBLIC_TRANSIT;2026-08-17T07:00:00+03:00;OK;1708;29;4979;LOCAL_TRANSIT_OPTIMISTIC_SCREENING;7002eae2e0946e00ab70ead2a94c6589511f8387394d91792ef6db5520a19f8f;71bb7b572a48279cfff591b1a1b20072578f3bb672022155fd30e9086cb6716e;2026-09-16T18:40:18.343781+00:00;true
LOC-0018;LOC-0009;PUBLIC_TRANSIT;2026-08-17T07:00:00+03:00;OK;2023;34;5931;LOCAL_TRANSIT_OPTIMISTIC_SCREENING;d148174c087133b2e497eb6e6b570f660c115b6dc0ba163785572c8977e403c5;1ae7adb8362a31cc08fb19345c210ab19cab8d8897c22703d54e7ffb0ffd3572;2026-09-16T18:40:18.343781+00:00;true
LOC-0018;LOC-0010;PUBLIC_TRANSIT;2026-08-17T07:00:00+03:00;OK;1653;28;5194;LOCAL_TRANSIT_OPTIMISTIC_SCREENING;0800214c09ce86b8af8f1728fb08695e6da27b9f155554499ac5847dd3e6a38f;f9712a65897681915a3e0d702a8337972e277dc6e27433ef1e2ee258114da21a;2026-09-16T18:40:18.343781+00:00;true
LOC-0018;LOC-0011;PUBLIC_TRANSIT;2026-08-17T07:00:00+03:00;OK;1819;31;4934;LOCAL_TRANSIT_OPTIMISTIC_SCREENING;a691696d966d8d44a4e9516e52218a16df2ef8753d60823f37f441012f765285;926900a2c941b91aa29a93ff0fd6cacf84bceaee2b7a4dafed8fdb87b67c5bee;2026-09-16T18:40:18.343781+00:00;true
LOC-0018;LOC-0012;PUBLIC_TRANSIT;2026-08-17T07:00:00+03:00;OK;1659;28;4343;LOCAL_TRANSIT_OPTIMISTIC_SCREENING;2d4113b540924bc9a287888a9bfc7eaf580044c7a46994495f286279f57895ba;cd2a49222a3599bbce56f80b2a26aae9cc7ccf7acf286839b104b5c6ef474ed4;2026-09-16T18:40:18.343781+00:00;true
LOC-0018;LOC-0013;PUBLIC_TRANSIT;2026-08-17T07:00:00+03:00;OK;2813;47;7143;LOCAL_TRANSIT_OPTIMISTIC_SCREENING;eefce544ff1af132e080dcdeca87a896f688db3c1d174f401e7de91290df0cc1;b1f74430a078077f62c6f310db06f78f244f804a8e89b20ed118d9111b2820c7;2026-09-16T18:40:18.343781+00:00;true
LOC-0018;LOC-0016;PUBLIC_TRANSIT;2026-08-17T07:00:00+03:00;OK;1903;32;6058;LOCAL_TRANSIT_OPTIMISTIC_SCREENING;e1866e9ff5912b288e99fc870d0c7f07a57eb233e7f0bd9cec727f7890a46736;fca9a7e1f474f9c4a966d14985a5c2d18f309ee3abf31b348148c7dfd01ffde8;2026-09-16T18:40:18.343781+00:00;true
LOC-0018;LOC-0017;PUBLIC_TRANSIT;2026-08-17T07:00:00+03:00;OK;657;11;771;LOCAL_TRANSIT_OPTIMISTIC_SCREENING;5f6c9795740252331ffcaeac9249d1c0b247d22c171bfe730188a7643f5f9717;d0c0851d396f3e150d33e603fd034452c65082ff8c4418c78587c250e11d68f8;2026-09-16T18:40:18.343781+00:00;true
LOC-0018;LOC-0018;PUBLIC_TRANSIT;2026-08-17T07:00:00+03:00;OK;0;0;0;LOCAL_TRANSIT_OPTIMISTIC_SCREENING;cdfca03c96b88253f12be7d4e21e9c57a15d89a2aeec5ad4ef2669d0dc1485d3;3d5812abc84c11768aa73a732c85d75dbed439188f5bb3239e9b762ea31d9862;2026-09-16T18:40:18.343781+00:00;true
LOC-0018;LOC-0019;PUBLIC_TRANSIT;2026-08-17T07:00:00+03:00;OK;1869;32;5424;LOCAL_TRANSIT_OPTIMISTIC_SCREENING;59bd65c04c2f039e621dc5711b951195b671784fce01ebf55466191e1bc068c1;06a99bee6c5ce206c9458b466c55a90a214f694bef30e49bead930a58bc749ae;2026-09-16T18:40:18.343781+00:00;true
LOC-0018;LOC-0020;PUBLIC_TRANSIT;2026-08-17T07:00:00+03:00;OK;1464;25;4452;LOCAL_TRANSIT_OPTIMISTIC_SCREENING;7a35340b9bfa3bc8f19945b66cf1f989eb325ccb0fb6b9d1467545c1d98eb56f;8de4ceced1c7176cd926831c12e6eaa92140745e7c8b06d8a028436b45b16f8d;2026-09-16T18:40:18.343781+00:00;true
LOC-0018;LOC-0023;PUBLIC_TRANSIT;2026-08-17T07:00:00+03:00;OK;870;15;1320;LOCAL_TRANSIT_OPTIMISTIC_SCREENING;9c1d38a813687f88a947c7f21a96bf084be6b7f900f3480dfa33db301ef6f08a;c17b7eaa64ab4935d4c647263fcbb7fd8b769e5b768725c4259c75fc4187d568;2026-09-16T18:40:18.343781+00:00;true
LOC-0018;LOC-0027;PUBLIC_TRANSIT;2026-08-17T07:00:00+03:00;OK;765;13;2151;LOCAL_TRANSIT_OPTIMISTIC_SCREENING;f24cdcc734606c6d0e815b82d5c1622228976659af8cf4388a1368e43ffb5d6c;2ab14130166eff0ef15380faa84afea0b90c995d49ddfbf07f7708355bd8d31d;2026-09-16T18:40:18.343781+00:00;true
LOC-0018;LOC-0028;PUBLIC_TRANSIT;2026-08-17T07:00:00+03:00;OK;1796;30;4897;LOCAL_TRANSIT_OPTIMISTIC_SCREENING;822d5da2d40053caaa813f90d76f74ca0cebdb3114a6f9a5f5057e263765ccd5;37350e701908907da9efe10dc6c86c22c8b79a8c629781fcfaec996b1bb0254d;2026-09-16T18:40:18.343781+00:00;true
LOC-0018;LOC-0029;PUBLIC_TRANSIT;2026-08-17T07:00:00+03:00;OK;1731;29;4831;LOCAL_TRANSIT_OPTIMISTIC_SCREENING;6a88c9dd446a9725942550920e768d3f5dea9d17787f888c83719796783e8151;1d42954f0688a42dc1e5d6f021f1bd77b95c28c7521000dfc4165b97212b1400;2026-09-16T18:40:18.343781+00:00;true
LOC-0018;LOC-0037;PUBLIC_TRANSIT;2026-08-17T07:00:00+03:00;OK;2350;40;5796;LOCAL_TRANSIT_OPTIMISTIC_SCREENING;13b7abac3f7f0cfe56d378398c770ce946676e69b0979833e939c88bfe3122fd;d39e87bd234eea9d4ae1dc1504800082f27ec8b31a730dbf4ee554392063911b;2026-09-16T18:40:18.343781+00:00;true
LOC-0018;LOC-0045;PUBLIC_TRANSIT;2026-08-17T07:00:00+03:00;OK;1222;21;3304;LOCAL_TRANSIT_OPTIMISTIC_SCREENING;c86a484c807cac10240acb80eb50d139078191b63c3b0e1d1d1de26646d7de4a;d22d7b71bbb12c27a1a08e4cbb90846713349c0f75254f64cfd7506627545339;2026-09-16T18:40:18.343781+00:00;true
LOC-0018;LOC-0053;PUBLIC_TRANSIT;2026-08-17T07:00:00+03:00;OK;1436;24;5614;LOCAL_TRANSIT_OPTIMISTIC_SCREENING;d9fcc08cb79283117b82c2fb04ae0c8efbc8f563fdb2d482cdeafe7a3455a0d1;6f47a5d35375e7f35cdb56fd105dbe5a5757e7d457ba51772525c9e62252643a;2026-09-16T18:40:18.343781+00:00;true
LOC-0018;LOC-0054;PUBLIC_TRANSIT;2026-08-17T07:00:00+03:00;OK;2503;42;5255;LOCAL_TRANSIT_OPTIMISTIC_SCREENING;b8c67514002b823905587d1c0e21db52eeaa0dfff5b5d544c615dfeb7b088448;5dca43f8ad6b973e41385f051df735ac4126d25c043f0deef5eb0b0553093af9;2026-09-16T18:40:18.343781+00:00;true
LOC-0018;LOC-0061;PUBLIC_TRANSIT;2026-08-17T07:00:00+03:00;OK;1857;31;4427;LOCAL_TRANSIT_OPTIMISTIC_SCREENING;b5e31261985845324a3479cf2de92942f6b65ec024f5ce6cfac400c49025cdb2;2d3e7f3095e1b9aa9c23be4f4035d7402388515970bd29d906fc8d09a2d70e2b;2026-09-16T18:40:18.343781+00:00;true
LOC-0018;LOC-0063;PUBLIC_TRANSIT;2026-08-17T07:00:00+03:00;OK;1697;29;5631;LOCAL_TRANSIT_OPTIMISTIC_SCREENING;0389a5fdd2b4e3c714a22753489ba931d0e2cbf73adb833ab021ad99c05160f8;c6b55867c51db1f66cef3feff2a854c8e0067d9c9d11f33e2edaeda5ec3ffe61;2026-09-16T18:40:18.343781+00:00;true
LOC-0018;LOC-0064;PUBLIC_TRANSIT;2026-08-17T07:00:00+03:00;OK;1902;32;5122;LOCAL_TRANSIT_OPTIMISTIC_SCREENING;1d6b28507ef304d0c86d4bf4fe4bbd544ae22e91a5b2feeb7b49429c03b86996;156be9f53e0600dcc9acd5933574fe7657a689a4e5ddf5cbd61e18bc4a818a74;2026-09-16T18:40:18.343781+00:00;true
LOC-0018;LOC-0074;PUBLIC_TRANSIT;2026-08-17T07:00:00+03:00;OK;657;11;1039;LOCAL_TRANSIT_OPTIMISTIC_SCREENING;8668b5785b3edde85f8599c93ca3984e70a3a639e7d142962d3ac439b3f75661;a5100f841e6198c7004c41f9437ca0f466f10f40cb5a4f5955ce22aa5c0371fb;2026-09-16T18:40:18.343781+00:00;true
LOC-0018;LOC-0075;PUBLIC_TRANSIT;2026-08-17T07:00:00+03:00;OK;587;10;732;LOCAL_TRANSIT_OPTIMISTIC_SCREENING;c626f2e1adbcb2d21bcedf4899b922c559c695aaee69768254ebc0806274ddd0;d15882c0a8620858912eec1ee786c8984ceb3f3850bf790fe0b01303b1d34eaf;2026-09-16T18:40:18.343781+00:00;true
LOC-0018;LOC-0076;PUBLIC_TRANSIT;2026-08-17T07:00:00+03:00;OK;2114;36;6259;LOCAL_TRANSIT_OPTIMISTIC_SCREENING;143ae25418fa9c78dcd36be377de4e11c714fec155b1c98d9abe61120ee25a5e;11f933ce4fc6f12aadb619dfb65e55999d7e8d4ecac1846109c489b826f0827c;2026-09-16T18:40:18.343781+00:00;true
LOC-0018;LOC-0078;PUBLIC_TRANSIT;2026-08-17T07:00:00+03:00;OK;1387;24;3995;LOCAL_TRANSIT_OPTIMISTIC_SCREENING;89f59a7710c3b6b349c219dc77550b73ffea81ff15f59f3b807564a19a7f038c;1e09234c089fd1da761bb809ae0f4f0cab7b5078b76e09103177baa2132dfc22;2026-09-16T18:40:18.343781+00:00;true
LOC-0018;LOC-0080;PUBLIC_TRANSIT;2026-08-17T07:00:00+03:00;OK;460;8;621;LOCAL_TRANSIT_OPTIMISTIC_SCREENING;045a1fddf2ec332faa34a7c4c3a189bf578ae60d12775de312f9de178e913271;ea9f2a6e0198aef026cea4a257e795b9bbf2cbb3083c0c7855740ab417659e8f;2026-09-16T18:40:18.343781+00:00;true
LOC-0018;LOC-0082;PUBLIC_TRANSIT;2026-08-17T07:00:00+03:00;OK;1619;27;5231;LOCAL_TRANSIT_OPTIMISTIC_SCREENING;70443a336a848fb378a757d3b4e592a8f4d02773af105288a6130f2f8c6067dc;94083b8123d756a2008183ec496d7edd46b95ab19952d0bbb4400c6fb06125c8;2026-09-16T18:40:18.343781+00:00;true
LOC-0018;LOC-0085;PUBLIC_TRANSIT;2026-08-17T07:00:00+03:00;OK;2666;45;7303;LOCAL_TRANSIT_OPTIMISTIC_SCREENING;06a47357ee16710de52b41af2b5819361d5926181310541fef7c3e70a836873b;35f77d6aeb9bcdda858d9b90ee3a1dac135e486d983dbd1fc6c681d0027f34b1;2026-09-16T18:40:18.343781+00:00;true
LOC-0018;LOC-0086;PUBLIC_TRANSIT;2026-08-17T07:00:00+03:00;OK;2448;41;7178;LOCAL_TRANSIT_OPTIMISTIC_SCREENING;368520d755ec6abd23cb5bf89334cc10e9b79ff258295b118c73e42910b31a9c;6768c4ecc6f91aff21ae9227e8ecc41847dbaa35923cc4ba87231aeda862570e;2026-09-16T18:40:18.343781+00:00;true
LOC-0018;LOC-0091;PUBLIC_TRANSIT;2026-08-17T07:00:00+03:00;OK;1367;23;4399;LOCAL_TRANSIT_OPTIMISTIC_SCREENING;fb82889dc3e71ff01a1b0ecab76a6525216c668d247fbbd9ab2aaef51f2273ac;acf63a0d84a5f677917139c1562f9fb102fc8c22d1a28eeae182cea66ebc4537;2026-09-16T18:40:18.343781+00:00;true
LOC-0018;LOC-0092;PUBLIC_TRANSIT;2026-08-17T07:00:00+03:00;OK;1281;22;3796;LOCAL_TRANSIT_OPTIMISTIC_SCREENING;90e0f214d63d64da7ee501cc493bf119e5ca37e19dddb4d00949c6802d094782;47d682ace9183f2221a36365ef3d76b4c6c7c1921e78a9ca5bfcc3a564795031;2026-09-16T18:40:18.343781+00:00;true
LOC-0018;LOC-0093;PUBLIC_TRANSIT;2026-08-17T07:00:00+03:00;OK;1243;21;3626;LOCAL_TRANSIT_OPTIMISTIC_SCREENING;7d0f1ef0e5299e8533e6748a5a86ffda5f27fdb2019c60ff269445fff53e26ce;a197a669a3dbb4547e20ac293ff84346ad14be25f7d953d807a89b456d6e9810;2026-09-16T18:40:18.343781+00:00;true
LOC-0018;LOC-0094;PUBLIC_TRANSIT;2026-08-17T07:00:00+03:00;OK;2834;48;7693;LOCAL_TRANSIT_OPTIMISTIC_SCREENING;03e39ed8c236e6aa7d4e1b49bfee68c9b661332d3e8ca36c66a1fafc8285b33a;78d96fcb169a12892ce666603a18d0cf41b134d11360529b34b7aa0219e64c25;2026-09-16T18:40:18.343781+00:00;true
LOC-0018;LOC-0095;PUBLIC_TRANSIT;2026-08-17T07:00:00+03:00;OK;2468;42;8279;LOCAL_TRANSIT_OPTIMISTIC_SCREENING;7ddcc900c77cdc2e591353e2c529770105f691440f0d4acf4ca5c9f46c41c33b;a043172e601d7e14cbd0740141af3b232feaa5775a16e99bb5e84677ecb17396;2026-09-16T18:40:18.343781+00:00;true
LOC-0018;LOC-0102;PUBLIC_TRANSIT;2026-08-17T07:00:00+03:00;OK;1506;26;5219;LOCAL_TRANSIT_OPTIMISTIC_SCREENING;3e83423b5cc564bf3981ba7b28d52c48f25bac7720c7a2522fad61655a3b4008;e5e71162ff5e56898d527c6186036d7d6a95cc32a77110560eda7d511addc772;2026-09-16T18:40:18.343781+00:00;true
LOC-0018;LOC-0112;PUBLIC_TRANSIT;2026-08-17T07:00:00+03:00;OK;1087;19;2358;LOCAL_TRANSIT_OPTIMISTIC_SCREENING;d5a968bb0a126bd1f3e94ada880e65e675f92ef647c59a58b1313e2ad4c6a1c4;4840aae12c22af5e3e7003f3cc1f42ca83d726545aa2b5d573fc7b324cec62b4;2026-09-16T18:40:18.343781+00:00;true
LOC-0018;LOC-0124;PUBLIC_TRANSIT;2026-08-17T07:00:00+03:00;OK;1655;28;5757;LOCAL_TRANSIT_OPTIMISTIC_SCREENING;f878abd0ee64f3f13ccaf2fa637910d5bd9d9fc03f76108fb922be632d2ccabe;fc27e8c2438e4181bd046dee90b80e53cf5ce3fab5250d392c8447ee67f80a20;2026-09-16T18:40:18.343781+00:00;true
LOC-0018;LOC-0125;PUBLIC_TRANSIT;2026-08-17T07:00:00+03:00;OK;374;7;416;LOCAL_TRANSIT_OPTIMISTIC_SCREENING;bc31c87033c1cda700f046e1a80ec1fffdf21919ceb109e16ef4d8ec8b508a2b;4b33abc5972daf218e5e46c026740809fc66d929fbc7ebf3cad64faf58fc1e00;2026-09-16T18:40:18.343781+00:00;true
LOC-0018;LOC-0126;PUBLIC_TRANSIT;2026-08-17T07:00:00+03:00;OK;808;14;2448;LOCAL_TRANSIT_OPTIMISTIC_SCREENING;e8d22f6eefbc73c08ec63d002e1caaa5f478b08c60bfa84c64a5223efb1f1ffe;f34ac7b732be5b4e0c435b181c3ff915a63da360698bed8b8754d039ea32e761;2026-09-16T18:40:18.343781+00:00;true
LOC-0018;LOC-0128;PUBLIC_TRANSIT;2026-08-17T07:00:00+03:00;OK;2350;40;5381;LOCAL_TRANSIT_OPTIMISTIC_SCREENING;223a255084c1f83a5fffcb70093de5170a688d833043e56d777f8088358baec4;bd3cf88aa50926260534ea467b3f10a03f404661cfa229ea1eb8453538060a15;2026-09-16T18:40:18.343781+00:00;true
LOC-0018;LOC-0134;PUBLIC_TRANSIT;2026-08-17T07:00:00+03:00;OK;2490;42;6677;LOCAL_TRANSIT_OPTIMISTIC_SCREENING;c766d6c2a8f03178baec58164cd546d6055f01301c2aa0416038edef733e3f36;e99faf4103bf289d0fcc7adfb10f8ea7777be2912e60f46b33193916cd7edff1;2026-09-16T18:40:18.343781+00:00;true
LOC-0018;LOC-0135;PUBLIC_TRANSIT;2026-08-17T07:00:00+03:00;OK;2565;43;6734;LOCAL_TRANSIT_OPTIMISTIC_SCREENING;3b37e00a2a0a1099027da3e06d36659cdd5bd7b68b12af93d41ec388aa2b9ed2;68dbff8c0021aaff19c254719f2b7d71d3aee9fd4d61b1ca4da13021e6844332;2026-09-16T18:40:18.343781+00:00;true
LOC-0018;LOC-0136;PUBLIC_TRANSIT;2026-08-17T07:00:00+03:00;OK;2509;42;7184;LOCAL_TRANSIT_OPTIMISTIC_SCREENING;6083d05390e2144d3e838c240cbbcaa28b8f709a84cb89eaf4fba68b874d3767;98d87e49dcf7218055a57ef0150fdea378a90a6861fe9ffc603f6e2320628a6f;2026-09-16T18:40:18.343781+00:00;true
LOC-0018;LOC-0140;PUBLIC_TRANSIT;2026-08-17T07:00:00+03:00;OK;1606;27;5671;LOCAL_TRANSIT_OPTIMISTIC_SCREENING;4f83782c5126cd8c9eed1ed9d9c24f97574a69b0f30317d7727e7cf94cb218fa;5060101c615c87c17206877f5a0b9c3cf9322617533d687b336a6d4135866fbf;2026-09-16T18:40:18.343781+00:00;true
LOC-0018;LOC-0141;PUBLIC_TRANSIT;2026-08-17T07:00:00+03:00;OK;1452;25;3984;LOCAL_TRANSIT_OPTIMISTIC_SCREENING;81be9f64db6b609fd9b04c627e55e9419ba3f552f446b867b88838ca648b7e22;8dca584238d20e6d12ab810a2ceead0145ba2773a6fd4b71cb51b54e2a2bda38;2026-09-16T18:40:18.343781+00:00;true
LOC-0018;LOC-0142;PUBLIC_TRANSIT;2026-08-17T07:00:00+03:00;OK;1353;23;3922;LOCAL_TRANSIT_OPTIMISTIC_SCREENING;37ca48e298d750cc12b4cd21757d5bb563fffdd89418b7428068ec758c462d12;b4388197323e137c15c212acaa032be0fa8d5b073ae0cc05c79e3903670d8476;2026-09-16T18:40:18.343781+00:00;true
LOC-0018;LOC-0145;PUBLIC_TRANSIT;2026-08-17T07:00:00+03:00;OK;1291;22;4167;LOCAL_TRANSIT_OPTIMISTIC_SCREENING;f7214c48a6f4b14bc60bde78511a2fc0dae101dc151d65cd248053f3799e7c81;c4fc551bada525d8f551ded7c0e6894873b1bb336356c7e10f3c702b6f3e9547;2026-09-16T18:40:18.343781+00:00;true
LOC-0018;LOC-0148;PUBLIC_TRANSIT;2026-08-17T07:00:00+03:00;OK;518;9;862;LOCAL_TRANSIT_OPTIMISTIC_SCREENING;b1768df3d02ac3c6527b2edbcbb73f552d7204c9ff79536c202d03d328e30271;befa84823066863f9a27af689b3b73774dd9251414d6c9aba6dcb333f98d1470;2026-09-16T18:40:18.343781+00:00;true
LOC-0018;LOC-0149;PUBLIC_TRANSIT;2026-08-17T07:00:00+03:00;OK;570;10;1061;LOCAL_TRANSIT_OPTIMISTIC_SCREENING;ff7292792a5be614d966cf7ef0483619a8ca296d292f519cb2a4c81d183983e8;7bfe7b4705398c6a60f2de4b5edb058e403be91d4334c9ac9499a1f7c0d8714a;2026-09-16T18:40:18.343781+00:00;true
LOC-0018;LOC-0150;PUBLIC_TRANSIT;2026-08-17T07:00:00+03:00;OK;714;12;1214;LOCAL_TRANSIT_OPTIMISTIC_SCREENING;4414edf3f82451f8448214daaadf8dbe3c8fd1cf921de9bdc3e4684c5af69153;c0e276899b44209d745dbd90c9b2aa9953972aa50a7017400302c3f00d258366;2026-09-16T18:40:18.343781+00:00;true
LOC-0018;LOC-0151;PUBLIC_TRANSIT;2026-08-17T07:00:00+03:00;OK;518;9;751;LOCAL_TRANSIT_OPTIMISTIC_SCREENING;263a38e191359e2628725a0cb227e56769129d4bd9693b229bba005ccc1e69da;b28e8e90e2ebea9042d1893d9d25925ce00076e0feb5582868e6be7ba2e43368;2026-09-16T18:40:18.343781+00:00;true
LOC-0018;LOC-0152;PUBLIC_TRANSIT;2026-08-17T07:00:00+03:00;OK;541;10;824;LOCAL_TRANSIT_OPTIMISTIC_SCREENING;5ad3dfd95e12fe43d2050c0f41f1bc1b0a46ed795f18e84c90222bc895c2d31a;ae1e28b871e7e2d95f1a6d3e1a1cc5d5aeb171a1b73f0fb8aa528f5701fe9bf4;2026-09-16T18:40:18.343781+00:00;true
LOC-0018;LOC-0190;PUBLIC_TRANSIT;2026-08-17T07:00:00+03:00;OK;1547;26;3824;LOCAL_TRANSIT_OPTIMISTIC_SCREENING;e3dd11b37828193b0734908399dbdbd0dd2b6da292ef128f8fb4f32eef0c91ce;b677a3df2f7faf019d0d3336cdf38b73f8f03a0731fdd90d5ac00acc1203ade0;2026-09-16T18:40:18.343781+00:00;true
LOC-0018;LOC-0196;PUBLIC_TRANSIT;2026-08-17T07:00:00+03:00;OK;748;13;2050;LOCAL_TRANSIT_OPTIMISTIC_SCREENING;d94be7d6539d5e65f54f3fdfc72567733c22f69454b2a602131c4ff2aebdb4d8;1a8531518b9cd7295e15f0078f3248f59c04a6eb60e0d39995ce342c5930709b;2026-09-16T18:40:18.343781+00:00;true
LOC-0019;LOC-0002;PUBLIC_TRANSIT;2026-08-17T07:00:00+03:00;OK;2194;37;6611;LOCAL_TRANSIT_OPTIMISTIC_SCREENING;beb2332d29d816714ece2386f78083de75516cfaa7c3c6e540d4a49af23cb2d6;6d113e5b05b17dff95afdf9b959bfb284565fe90d0e8a0e030ec5f8a7d47c888;2026-09-16T18:40:18.343781+00:00;true
LOC-0019;LOC-0008;PUBLIC_TRANSIT;2026-08-17T07:00:00+03:00;OK;629;11;956;LOCAL_TRANSIT_OPTIMISTIC_SCREENING;43eaaad11b99eabba906b860965b64ad0f31c763b86cae0920e0dcca736cf4b6;510e2198e8ee2c6366cf423fd0caac72a717d7865f7460a2164a3d71e626bef7;2026-09-16T18:40:18.343781+00:00;true
LOC-0019;LOC-0009;PUBLIC_TRANSIT;2026-08-17T07:00:00+03:00;OK;2952;50;11161;LOCAL_TRANSIT_OPTIMISTIC_SCREENING;977c3533e05ff52b194067feddf9fd8750f1eba4796ec930f7d9db4198b8c0dd;fe07eec37228158990aadbf640aa76b05985c9ea8c37dd0deb96360563958453;2026-09-16T18:40:18.343781+00:00;true
LOC-0019;LOC-0010;PUBLIC_TRANSIT;2026-08-17T07:00:00+03:00;OK;294;5;417;LOCAL_TRANSIT_OPTIMISTIC_SCREENING;a7b0a4a1b510ff287cb5e5ecade57e54a7d38a4e3f5a3e95a69592dba908d232;543d5d1ae68253a02946a4a39c202ae929b2f7d28e5b4527cc13c04d8feb2fe9;2026-09-16T18:40:18.343781+00:00;true
LOC-0019;LOC-0011;PUBLIC_TRANSIT;2026-08-17T07:00:00+03:00;OK;1118;19;1644;LOCAL_TRANSIT_OPTIMISTIC_SCREENING;7c0b12f50d0c51ccfad522db9ce7836727f92b01980d0bdf044df61e8ec5dc77;439322c395940bf16e0d56001313f381eb1cf52a86cc9d28b5529348c1f24197;2026-09-16T18:40:18.343781+00:00;true
LOC-0019;LOC-0012;PUBLIC_TRANSIT;2026-08-17T07:00:00+03:00;OK;780;13;1419;LOCAL_TRANSIT_OPTIMISTIC_SCREENING;2a974f64a37385955356a97074ff6f04e6f652d21ae99eab3d67543065cc8726;b8795d6505d0ea4fce8dee113333a23ead1e0b13f491a3c0b22c9caf2f98c043;2026-09-16T18:40:18.343781+00:00;true
LOC-0019;LOC-0013;PUBLIC_TRANSIT;2026-08-17T07:00:00+03:00;OK;2548;43;7650;LOCAL_TRANSIT_OPTIMISTIC_SCREENING;dc3ba0dc21e7e0b5583736e60cb746e77ba5c4a0ee8a35d9ee6160f7e477f4ef;0e6408553aebb196c886a1df4e6e008ee8fb3b6b2346b8c608eee03f399b5d38;2026-09-16T18:40:18.343781+00:00;true
LOC-0019;LOC-0016;PUBLIC_TRANSIT;2026-08-17T07:00:00+03:00;OK;2394;40;8852;LOCAL_TRANSIT_OPTIMISTIC_SCREENING;f4bd197aa897cb033abfd51127534356731d2ddae551e3a867cb978112864e87;22622a7c4373d5c83970431e352e0e5985295672739293c455786a39b089443b;2026-09-16T18:40:18.343781+00:00;true
LOC-0019;LOC-0017;PUBLIC_TRANSIT;2026-08-17T07:00:00+03:00;OK;2238;38;5978;LOCAL_TRANSIT_OPTIMISTIC_SCREENING;28934c2b36b8c79e578f39599476982149eeea139acc601d566e3cdbf920d67f;033d0207c42fb1e77cb0c18eca4cfa9bbd99cae07cfc55491b8cfd201ba2301c;2026-09-16T18:40:18.343781+00:00;true
LOC-0019;LOC-0018;PUBLIC_TRANSIT;2026-08-17T07:00:00+03:00;OK;2042;35;5424;LOCAL_TRANSIT_OPTIMISTIC_SCREENING;b26790f4bba9c0d2e501ec49a0f4b35944ba5d5b75fe262558b86ea19b03d8c1;b90ff1e00c482557303414bfb4d6dcd430616532c4ed9303e4630f97e3c0f6f0;2026-09-16T18:40:18.343781+00:00;true
LOC-0019;LOC-0019;PUBLIC_TRANSIT;2026-08-17T07:00:00+03:00;OK;0;0;0;LOCAL_TRANSIT_OPTIMISTIC_SCREENING;185a4cfe7ee0ffedb1054b1b016367f54ca5ab4387fdc894459ba76530fce93e;3d5812abc84c11768aa73a732c85d75dbed439188f5bb3239e9b762ea31d9862;2026-09-16T18:40:18.343781+00:00;true
LOC-0019;LOC-0020;PUBLIC_TRANSIT;2026-08-17T07:00:00+03:00;OK;1388;24;1949;LOCAL_TRANSIT_OPTIMISTIC_SCREENING;d7c2a2c7ee1b53fdb5d0f52b780160cbb5957f6d2db3d9f57ebf0f1cacfc8625;7914e5b10e4ff00c78ca50719abd6b29395a0e602dbf94a0175dac332fcd2803;2026-09-16T18:40:18.343781+00:00;true
LOC-0019;LOC-0023;PUBLIC_TRANSIT;2026-08-17T07:00:00+03:00;OK;1950;33;4858;LOCAL_TRANSIT_OPTIMISTIC_SCREENING;6317dad660a1d7b49a9538045025e84013a53412f47f85dd40f160f57da5197d;6300c4dd0aaaaef0ab452e28900c08442396b6bf5928b3d029cc740281092412;2026-09-16T18:40:18.343781+00:00;true
LOC-0019;LOC-0027;PUBLIC_TRANSIT;2026-08-17T07:00:00+03:00;OK;1930;33;5480;LOCAL_TRANSIT_OPTIMISTIC_SCREENING;96dd1c9665e24d0b8d8bed78a00e7e26759a92379000054c6799eea764e05509;838c0335ef9335a877648716de18a4a543c4d2b516888111e30fc2950c2251eb;2026-09-16T18:40:18.343781+00:00;true
LOC-0019;LOC-0028;PUBLIC_TRANSIT;2026-08-17T07:00:00+03:00;OK;2415;41;8123;LOCAL_TRANSIT_OPTIMISTIC_SCREENING;9b8626da34ddf73db96e45a439e633514e5aa87a83a46fa3184e1683f3219a82;f7f78d075dab845e18d0b358161cd3809102673e3323dd8b0a60dcd4d29b811f;2026-09-16T18:40:18.343781+00:00;true
LOC-0019;LOC-0029;PUBLIC_TRANSIT;2026-08-17T07:00:00+03:00;OK;2355;40;8104;LOCAL_TRANSIT_OPTIMISTIC_SCREENING;63521ef5e4082e43152bc4dd6fe649a47b00a4f09eff2bd22a493e2754b8947f;79047b681bc5b4db55940114ec2b55bccb50e401e4158ed51190a9450b292f33;2026-09-16T18:40:18.343781+00:00;true
LOC-0019;LOC-0037;PUBLIC_TRANSIT;2026-08-17T07:00:00+03:00;OK;1828;31;4898;LOCAL_TRANSIT_OPTIMISTIC_SCREENING;cdcabe1f8bc8cf6f7dab079c60ae71e8d275e0e76061b397f61a84d9dcfb1243;09f64ae4ae0e7bf8c2922f124f30e42a31e116366bf7d9116d5bc5e9615aa4de;2026-09-16T18:40:18.343781+00:00;true
LOC-0019;LOC-0045;PUBLIC_TRANSIT;2026-08-17T07:00:00+03:00;OK;1923;33;7517;LOCAL_TRANSIT_OPTIMISTIC_SCREENING;012d6900880721b9473f46f0a974b6b5dc1d5d40e6c473569db355fc3943d4fa;6b368682a8bf8443d208e32091cd65bcb5a682a3cb8d74535cb132680e286880;2026-09-16T18:40:18.343781+00:00;true
LOC-0019;LOC-0053;PUBLIC_TRANSIT;2026-08-17T07:00:00+03:00;OK;2152;36;8120;LOCAL_TRANSIT_OPTIMISTIC_SCREENING;4035ce2999c560759e02d4868eec56af878777c41b4fb1b573f5b0b67df87f7a;d4eb515d9e541b05a0b2eb71b9514e416c6ae1ff93579e8ccd0e6881ebd0013d;2026-09-16T18:40:18.343781+00:00;true
LOC-0019;LOC-0054;PUBLIC_TRANSIT;2026-08-17T07:00:00+03:00;OK;2140;36;4572;LOCAL_TRANSIT_OPTIMISTIC_SCREENING;39c8364b40e45f35d4adab90f979eeca2f4cce6c907a8c13ea298c392eae3520;7f16fab690c8c4b89f2b29ad5d39ae30990f30ca3eb30c129b44b8adf0cfd9a0;2026-09-16T18:40:18.343781+00:00;true
LOC-0019;LOC-0061;PUBLIC_TRANSIT;2026-08-17T07:00:00+03:00;OK;902;16;1675;LOCAL_TRANSIT_OPTIMISTIC_SCREENING;697eca19fbd5b3035419ec5776ffd37ba890b1ec04cd1c784f798618dfe63df4;6b5b2bda23b950fe307f42a8e77c08ee565d8dcd9e3fa1eb65953d75383ee2a1;2026-09-16T18:40:18.343781+00:00;true
LOC-0019;LOC-0063;PUBLIC_TRANSIT;2026-08-17T07:00:00+03:00;OK;2132;36;9643;LOCAL_TRANSIT_OPTIMISTIC_SCREENING;9df062ce280bf58f5c71cce8c207becef7d765e3863ced6faf4969cdc3931fad;2ce3425bc54b939193cba3a838b355c91f09b530893fda80d1739169c3bd6fb7;2026-09-16T18:40:18.343781+00:00;true
LOC-0019;LOC-0064;PUBLIC_TRANSIT;2026-08-17T07:00:00+03:00;OK;1973;33;9242;LOCAL_TRANSIT_OPTIMISTIC_SCREENING;18b135ac74d52859d9cb878553a245dc48058d488ff55c7e674d212719721378;44038b6a6dc2e6e7e1da985046b9008b8f7474797e060f39772822eb824752de;2026-09-16T18:40:18.343781+00:00;true
LOC-0019;LOC-0074;PUBLIC_TRANSIT;2026-08-17T07:00:00+03:00;OK;1868;32;4819;LOCAL_TRANSIT_OPTIMISTIC_SCREENING;d15cb02484239d0b40d48028ce6311be8c2bcd7558262ad4128e100ad4141d1c;11a1f9720e82daff9ff783cf2db38458b710c5380b3b0d5725f45a1c16d656a8;2026-09-16T18:40:18.343781+00:00;true
LOC-0019;LOC-0075;PUBLIC_TRANSIT;2026-08-17T07:00:00+03:00;OK;1938;33;5328;LOCAL_TRANSIT_OPTIMISTIC_SCREENING;083941801d947ff2fa3e7c5ad1df580c4cde77130eeb60560a43a88ba6b24d32;37e2e4279af9fb17dd442289cd739ea9a93205d077892fe08ad6835a936c7343;2026-09-16T18:40:18.343781+00:00;true
LOC-0019;LOC-0076;PUBLIC_TRANSIT;2026-08-17T07:00:00+03:00;OK;2690;45;9233;LOCAL_TRANSIT_OPTIMISTIC_SCREENING;44318b758bf87dcbc6a8f9c99cd4db8acba2032e9f02ac36a16e603386289b35;0b1b72c9ef11e2659c7c99bef98eef63bc7633ec9d641c19c6d7d653404a1939;2026-09-16T18:40:18.343781+00:00;true
LOC-0019;LOC-0078;PUBLIC_TRANSIT;2026-08-17T07:00:00+03:00;OK;2031;34;8206;LOCAL_TRANSIT_OPTIMISTIC_SCREENING;3c447304102e9779552912acf64f60309e782ae70130ebba9e071bdf6d9963e2;5a134f78724661ded0c00c4492a3d7c5ed6c67b9629fc66678c4fbac90478d7e;2026-09-16T18:40:18.343781+00:00;true
LOC-0019;LOC-0080;PUBLIC_TRANSIT;2026-08-17T07:00:00+03:00;OK;1918;32;4928;LOCAL_TRANSIT_OPTIMISTIC_SCREENING;195b7cd5e7a6c82e96c2c3769a0953d05eccf82c492a574a15b9cfe81dfb48dc;629d9b357e85331f07b07a1eb96b6f47057d18e17947ce1ee24d7ff621d62caa;2026-09-16T18:40:18.343781+00:00;true
LOC-0019;LOC-0082;PUBLIC_TRANSIT;2026-08-17T07:00:00+03:00;OK;2259;38;8987;LOCAL_TRANSIT_OPTIMISTIC_SCREENING;6f3c089584ad0f19e22427a3d787306ebc31d5f84dec29779c32d99363edf0a3;5ff0127cc03ee40399f43099bf960dc6836fa066c75518b9229fbf87cc0c6045;2026-09-16T18:40:18.343781+00:00;true
LOC-0019;LOC-0085;PUBLIC_TRANSIT;2026-08-17T07:00:00+03:00;OK;2012;34;7096;LOCAL_TRANSIT_OPTIMISTIC_SCREENING;54acd7432e5f47eab7adbfd9de15f8481ac21ccb2e98a5241644b316f55f574b;5aab0958e1bc346a1cf4cbac208450b1e1e3f4d693e07751dda21967e1e878b6;2026-09-16T18:40:18.343781+00:00;true
LOC-0019;LOC-0086;PUBLIC_TRANSIT;2026-08-17T07:00:00+03:00;OK;1794;30;6835;LOCAL_TRANSIT_OPTIMISTIC_SCREENING;7f618e69d0f7c46ddde7efd470067911d2f96238cf8c96242a60f58425c8385c;25712d84b612c20ba2274b382128f8dfb7acb1b4f42840f592bfdf5ba6a95678;2026-09-16T18:40:18.343781+00:00;true
LOC-0019;LOC-0091;PUBLIC_TRANSIT;2026-08-17T07:00:00+03:00;OK;829;14;1032;LOCAL_TRANSIT_OPTIMISTIC_SCREENING;8fde03b152b221842dbe6fc1cf9fda029ffcbd468c1d81ad8238ea004a544040;df491f4cbb99e54b3be87468589b4c38e99005686297000e3927c58c4bcbaa65;2026-09-16T18:40:18.343781+00:00;true
LOC-0019;LOC-0092;PUBLIC_TRANSIT;2026-08-17T07:00:00+03:00;OK;1032;18;1727;LOCAL_TRANSIT_OPTIMISTIC_SCREENING;60abb0630754c93d1d7d9ba54b214a433125ea2d9e34de915d1fbf439a6a2208;bfe31197ae3af57360b4d23a7c172334e7fd74886393e10f283916264530c384;2026-09-16T18:40:18.343781+00:00;true
LOC-0019;LOC-0093;PUBLIC_TRANSIT;2026-08-17T07:00:00+03:00;OK;1008;17;1847;LOCAL_TRANSIT_OPTIMISTIC_SCREENING;6a90bf22329d7e99a000f3315f278c35198e1b8bf5cbb62b01592df852588666;1fdeaf6b29b9d120202c49cbc39daf6e7f5a0e6fd3d65b9588cc381e56112b8b;2026-09-16T18:40:18.343781+00:00;true
LOC-0019;LOC-0094;PUBLIC_TRANSIT;2026-08-17T07:00:00+03:00;OK;2180;37;7319;LOCAL_TRANSIT_OPTIMISTIC_SCREENING;35bfb4994c50827c445cd6bc20d107a999705212412ad6cd89ad4143a17abfb9;714a16bcaa72926bfeb31ba7087b5ac6c6a8d3715da63591e3dc0094ff73339e;2026-09-16T18:40:18.343781+00:00;true
LOC-0019;LOC-0095;PUBLIC_TRANSIT;2026-08-17T07:00:00+03:00;OK;1814;31;8140;LOCAL_TRANSIT_OPTIMISTIC_SCREENING;0f923b7697e917c1e77165e24d06742a2757876ef3dc5fd39e363bbad32c856d;81f2396e634ac918f76ab2504991995df264d3630d91e6f4d2f7f8f38e7a2b35;2026-09-16T18:40:18.343781+00:00;true
LOC-0019;LOC-0102;PUBLIC_TRANSIT;2026-08-17T07:00:00+03:00;OK;1742;30;9600;LOCAL_TRANSIT_OPTIMISTIC_SCREENING;5482428b387ce3b7f228da761c596592731bf13ff9ebccdd6418a4a259d20a42;157f778df3cab221af95492f558c3815066ebab628ef7e3686f636c10dc50b93;2026-09-16T18:40:18.343781+00:00;true
LOC-0019;LOC-0112;PUBLIC_TRANSIT;2026-08-17T07:00:00+03:00;OK;1629;28;3127;LOCAL_TRANSIT_OPTIMISTIC_SCREENING;f1d3d2d42ee31136badb39626f0b40fa2558be0dd14f3abb267c7c7aa987ff25;ccad65fa71738b40c0845747cf15d9670cae121baaede0742cfde137c460681e;2026-09-16T18:40:18.343781+00:00;true
LOC-0019;LOC-0124;PUBLIC_TRANSIT;2026-08-17T07:00:00+03:00;OK;3100;52;11058;LOCAL_TRANSIT_OPTIMISTIC_SCREENING;ac206f91c9327582366ed2a71cd2aff6216f814a4370e39498668fd8ec93863c;6858b66beae12ae4bc10c1896b1e116fa37d53adf29e72b526fa89c1e92701ec;2026-09-16T18:40:18.343781+00:00;true
LOC-0019;LOC-0125;PUBLIC_TRANSIT;2026-08-17T07:00:00+03:00;OK;2151;36;5178;LOCAL_TRANSIT_OPTIMISTIC_SCREENING;db5c3670414bc376a71df2a76329f9006a961aea2dbaa6fe677a4e5a5f6839a5;a64745a23f9ba8c2d306f6716bc30f6509344efd720c199b0789719a3300bda7;2026-09-16T18:40:18.343781+00:00;true
LOC-0019;LOC-0126;PUBLIC_TRANSIT;2026-08-17T07:00:00+03:00;OK;1354;23;3754;LOCAL_TRANSIT_OPTIMISTIC_SCREENING;bf434fad6979b80924eecbb1d3505c1cc0ba6d5b348a6799b1d1ceaff3bdff5c;09fe92a52a5c75fe5f3a951fcf2374c240b39a09b618aa783448df97dfffe484;2026-09-16T18:40:18.343781+00:00;true
LOC-0019;LOC-0128;PUBLIC_TRANSIT;2026-08-17T07:00:00+03:00;OK;2096;35;4787;LOCAL_TRANSIT_OPTIMISTIC_SCREENING;aeb850adab564f862baaa6d812fa66fbb33c82a7c11ec4f9ae4256c6a79767cc;8e5da5353d01eba7ffc1295c4150d2a26d433c4043f845e98a33edaefc78f948;2026-09-16T18:40:18.343781+00:00;true
LOC-0019;LOC-0134;PUBLIC_TRANSIT;2026-08-17T07:00:00+03:00;OK;2236;38;6955;LOCAL_TRANSIT_OPTIMISTIC_SCREENING;fe2bd7f61eedc61a30dbfe26618ef721f3994821dbb22731f85500f2fb748233;fd1e33c31b93ca55e48da1d12a23aeb55b0d790f9aefc49c493db2e6cf1066c6;2026-09-16T18:40:18.343781+00:00;true
LOC-0019;LOC-0135;PUBLIC_TRANSIT;2026-08-17T07:00:00+03:00;OK;2311;39;7105;LOCAL_TRANSIT_OPTIMISTIC_SCREENING;470c7a53076df1e6015959842b6f3f3aab30d692c82166c06086e323c06ecf58;09fdb5f93a8eca9a38126963d3b88f35f3f690418f3993aeb04542eb14a6e275;2026-09-16T18:40:18.343781+00:00;true
LOC-0019;LOC-0136;PUBLIC_TRANSIT;2026-08-17T07:00:00+03:00;OK;2255;38;7397;LOCAL_TRANSIT_OPTIMISTIC_SCREENING;4d57f88048966b291c87d75e73cfac34374ac959c78c307f5678ba3e97c5deea;7440f193c8595d519bede8a3256776ae4c5e1629846aa2cc0d86e3d96c6fff43;2026-09-16T18:40:18.343781+00:00;true
LOC-0019;LOC-0140;PUBLIC_TRANSIT;2026-08-17T07:00:00+03:00;OK;2344;40;7719;LOCAL_TRANSIT_OPTIMISTIC_SCREENING;5deec2396a5c2c9b238c4c7a8e909c20b2785a4462b9a39f4070e498c3786fb1;32a7da94d823834a9336563397607ef8e6b2f8d00dc16b3f7b4965298e754d04;2026-09-16T18:40:18.343781+00:00;true
LOC-0019;LOC-0141;PUBLIC_TRANSIT;2026-08-17T07:00:00+03:00;OK;2734;46;9387;LOCAL_TRANSIT_OPTIMISTIC_SCREENING;31c11f70dc498463b41f623a5de0c7aeda9d5daa6921ffd3cd0cb9a44c3fd62f;3de8f3caeada36fe4db3c25b7e985417e78b61ea88860494543a73f4db533baa;2026-09-16T18:40:18.343781+00:00;true
LOC-0019;LOC-0142;PUBLIC_TRANSIT;2026-08-17T07:00:00+03:00;OK;2669;45;9333;LOCAL_TRANSIT_OPTIMISTIC_SCREENING;90bbd6cb0e54f6ebd0fbfc4c63b70fb77988a47207e6536ece43f5ff128812d1;a0c25bb69b1a0e5c1f7b80fdf6a5029646c6308315cdfb4bb2ac11c4f65f3ea7;2026-09-16T18:40:18.343781+00:00;true
LOC-0019;LOC-0145;PUBLIC_TRANSIT;2026-08-17T07:00:00+03:00;OK;1203;21;2068;LOCAL_TRANSIT_OPTIMISTIC_SCREENING;ac93c2e388765505126c5c2f7d84e227415ce03886615294c5f7d57b0fb4a0e2;51b2d0cf51187d86b7fcb917dca032ecf810a1c29815ef01a7b878279eb608a1;2026-09-16T18:40:18.343781+00:00;true
LOC-0019;LOC-0148;PUBLIC_TRANSIT;2026-08-17T07:00:00+03:00;OK;1975;33;5480;LOCAL_TRANSIT_OPTIMISTIC_SCREENING;0f22bc555e993d912514761e592ecaa56db13c05d9f0182da19541dd2c67b90c;2881d382edfc483e967a4f2c8d7c1a5e5b1dee3fcac6d19ba97e7975b6db46b7;2026-09-16T18:40:18.343781+00:00;true
LOC-0019;LOC-0149;PUBLIC_TRANSIT;2026-08-17T07:00:00+03:00;OK;1926;33;5310;LOCAL_TRANSIT_OPTIMISTIC_SCREENING;164f8025c1933d036cb1ee9a4c500222312703f0136cd45ace704ca4210ae645;cc351ba2fa6558725ad8b7fc06f3e789564a31ba57b353dc7c74456cdb081e1c;2026-09-16T18:40:18.343781+00:00;true
LOC-0019;LOC-0150;PUBLIC_TRANSIT;2026-08-17T07:00:00+03:00;OK;1914;32;5200;LOCAL_TRANSIT_OPTIMISTIC_SCREENING;36e7dc83b4cc347d5ad6ba87155d04aca5319856dff8dea716637945aff830cf;c658ff400907e6f026f73429634ea2928a926ee1c440cb44bf14a2927900cd8c;2026-09-16T18:40:18.343781+00:00;true
LOC-0019;LOC-0151;PUBLIC_TRANSIT;2026-08-17T07:00:00+03:00;OK;2108;36;5833;LOCAL_TRANSIT_OPTIMISTIC_SCREENING;0bc2f4caaee858a4c13ad517791396700130454c053ee1a53f1ed256b259e35b;b4931c584f9820720bd3f1fa7dda2d76c4f06b441a9646fdddd882bdd9530ff2;2026-09-16T18:40:18.343781+00:00;true
LOC-0019;LOC-0152;PUBLIC_TRANSIT;2026-08-17T07:00:00+03:00;OK;2142;36;5869;LOCAL_TRANSIT_OPTIMISTIC_SCREENING;e80cbf4822d2b9f3cc672c99eb32ec9fafad44e0dbc3a0da433f1047ba613ea2;2d9503f74d19a44441a0552c6ea3296ca1c2196dd57d4ac9020181294d80780c;2026-09-16T18:40:18.343781+00:00;true
LOC-0019;LOC-0190;PUBLIC_TRANSIT;2026-08-17T07:00:00+03:00;OK;926;16;2788;LOCAL_TRANSIT_OPTIMISTIC_SCREENING;a1d7d44f4e4b6041e9a9a2fb1435f3d7b3a0f0a7e0c4919a264708caa8029741;adecc7524593bec7c46cc388838d8ac070ec2c12550641c5d77a2528df7aa53d;2026-09-16T18:40:18.343781+00:00;true
LOC-0019;LOC-0196;PUBLIC_TRANSIT;2026-08-17T07:00:00+03:00;OK;2175;37;6136;LOCAL_TRANSIT_OPTIMISTIC_SCREENING;0c06e84ad753ac1d6dae377be9dd4343bf57d77385003f9e9ff91dee7ce20d5b;926547857a1d4a3e8a7d7e68f4b74e0967f0d9b6758aced277d80ef8dcd8004e;2026-09-16T18:40:18.343781+00:00;true
LOC-0020;LOC-0002;PUBLIC_TRANSIT;2026-08-17T07:00:00+03:00;OK;2315;39;7431;LOCAL_TRANSIT_OPTIMISTIC_SCREENING;fd86347e04aaafd8c70786c59ee75e929d9570bedf6efad0394d07c6d7a9e514;1081f27d7924694791bfc0a36d66541579622579799d69ecee82439df023ccb6;2026-09-16T18:40:18.343781+00:00;true
LOC-0020;LOC-0008;PUBLIC_TRANSIT;2026-08-17T07:00:00+03:00;OK;1072;18;2241;LOCAL_TRANSIT_OPTIMISTIC_SCREENING;46016dc63ca494b29bc59fb202d49acc8e6fba3986fad5ee3bbb26b8978c1b34;320d28395343317c83ee62f1fdbe4169f512a57ced2f90f9df0050fd87434ba2;2026-09-16T18:40:18.343781+00:00;true
LOC-0020;LOC-0009;PUBLIC_TRANSIT;2026-08-17T07:00:00+03:00;OK;2932;49;10378;LOCAL_TRANSIT_OPTIMISTIC_SCREENING;80a66a445e4f7ee93c31ef6b574e0945b69eda1532c7d67192b95db7402026a9;88e65380c7de890f8ff845aae6b3e31c9b2864dfec8ea5d73c44a24e4e6a7889;2026-09-16T18:40:18.343781+00:00;true
LOC-0020;LOC-0010;PUBLIC_TRANSIT;2026-08-17T07:00:00+03:00;OK;1100;19;1792;LOCAL_TRANSIT_OPTIMISTIC_SCREENING;a65dc090ba23b273a998320e5fbe0e7359439b6438c697a15364dcb8c14a2c09;2afd46ddb0335db34fba3af273d316003535b104fffa210fe2b72b7e42fae80e;2026-09-16T18:40:18.343781+00:00;true
LOC-0020;LOC-0011;PUBLIC_TRANSIT;2026-08-17T07:00:00+03:00;OK;1197;20;2849;LOCAL_TRANSIT_OPTIMISTIC_SCREENING;9c2153c03237aee2591f85c9c8033b8b98009ee362fe92b6bc9477be395e7c74;ca785dcff34185ae9ebc675103040f528893cb678fadb17882ecee4e532e69e6;2026-09-16T18:40:18.343781+00:00;true
LOC-0020;LOC-0012;PUBLIC_TRANSIT;2026-08-17T07:00:00+03:00;OK;1035;18;2151;LOCAL_TRANSIT_OPTIMISTIC_SCREENING;4c3797e978f7dd19adf5c5e34c9ec6ceea0822c35733c92b09d6bec41c96feab;12228a17b8ef533f9bd062213d0953363268470e4f36bf372af3de07fdd56522;2026-09-16T18:40:18.343781+00:00;true
LOC-0020;LOC-0013;PUBLIC_TRANSIT;2026-08-17T07:00:00+03:00;OK;2580;43;8482;LOCAL_TRANSIT_OPTIMISTIC_SCREENING;fe8babd006bf74b4c5c5871d0bce44977fa313421dfeb4bebff671975f659acc;4e220dd5b2a4ed60794484bbdbf94a09c28b1e967043a6ee8e35912d05a36bb7;2026-09-16T18:40:18.343781+00:00;true
LOC-0020;LOC-0016;PUBLIC_TRANSIT;2026-08-17T07:00:00+03:00;OK;2426;41;9054;LOCAL_TRANSIT_OPTIMISTIC_SCREENING;dc39d402f61daae2d0652f322ce699a70fdd13cbee4132a63ab2563a7b239d7c;0e665ab81f4f84b80db000c45090ab13d2d7b6ad523f29c4496696fc0b2d0391;2026-09-16T18:40:18.343781+00:00;true
LOC-0020;LOC-0017;PUBLIC_TRANSIT;2026-08-17T07:00:00+03:00;OK;2119;36;5138;LOCAL_TRANSIT_OPTIMISTIC_SCREENING;fadd4f4d8c9d682537f792a427b69649be9784685f4c8531de5ec0b184d39bc6;3074741124520a8ca32baa867fccdc561a7fcfff1b1d701ddd9c246dc2b20516;2026-09-16T18:40:18.343781+00:00;true
LOC-0020;LOC-0018;PUBLIC_TRANSIT;2026-08-17T07:00:00+03:00;OK;1584;27;4452;LOCAL_TRANSIT_OPTIMISTIC_SCREENING;13d43a89c0d30ce80798bbdde93d140000d55c5df46d5c1b171453d0df3c152f;e022e771ac335e5b053e0ce17092f0384d123592b6a60a5e9c3c443065e40273;2026-09-16T18:40:18.343781+00:00;true
LOC-0020;LOC-0019;PUBLIC_TRANSIT;2026-08-17T07:00:00+03:00;OK;1316;22;1778;LOCAL_TRANSIT_OPTIMISTIC_SCREENING;79acb7fb654b5c4b73ec3abcf72c48c570e697f630b8a12a1eb0e52bbed4653a;9c0e4a68adeb80ebbdcc0db6522a28bf69d612537fdc9e5b54e827a1c7063185;2026-09-16T18:40:18.343781+00:00;true
LOC-0020;LOC-0020;PUBLIC_TRANSIT;2026-08-17T07:00:00+03:00;OK;0;0;0;LOCAL_TRANSIT_OPTIMISTIC_SCREENING;79278a33d77ee26bac52a7c96d2425518090ef53dcbccd1197bb3d57a11dd121;3d5812abc84c11768aa73a732c85d75dbed439188f5bb3239e9b762ea31d9862;2026-09-16T18:40:18.343781+00:00;true
LOC-0020;LOC-0023;PUBLIC_TRANSIT;2026-08-17T07:00:00+03:00;OK;1444;25;3557;LOCAL_TRANSIT_OPTIMISTIC_SCREENING;70ffabf8e13cff9b299ba120f5a683b4d532cdbb4d2825439bdf6ca6bf779c1f;de292a114043e121a170070988c3100ca13bea7d4c848725fed6cb01c6c55b22;2026-09-16T18:40:18.343781+00:00;true
LOC-0020;LOC-0027;PUBLIC_TRANSIT;2026-08-17T07:00:00+03:00;OK;1990;34;5191;LOCAL_TRANSIT_OPTIMISTIC_SCREENING;98e4ef145415035c8db1dab13804bc015386371ec7fde220e291e27168029b84;6d149c9d1e7f23a446ec87cbf18449a2be7606d12161987fe817ef6f3b952fcf;2026-09-16T18:40:18.343781+00:00;true
LOC-0020;LOC-0028;PUBLIC_TRANSIT;2026-08-17T07:00:00+03:00;OK;2741;46;8144;LOCAL_TRANSIT_OPTIMISTIC_SCREENING;515b4dc166e9586ce4773ef4c96e77f1224305f73eac171b0b1c1d0b7c917453;919c9211bd2fe06281dcb56055f01b3c308dd4b64bd0f00b3b3ab6aa08a3589f;2026-09-16T18:40:18.343781+00:00;true
LOC-0020;LOC-0029;PUBLIC_TRANSIT;2026-08-17T07:00:00+03:00;OK;2681;45;8109;LOCAL_TRANSIT_OPTIMISTIC_SCREENING;7f2a076bfdd7e96dff543e8fed01a4c6ae749cb7ddc09f703830a80782bcf8ca;6f256e4e2035a48ef54e315c4b90348de90915e43bf032bfe34a896c525edf8a;2026-09-16T18:40:18.343781+00:00;true
LOC-0020;LOC-0037;PUBLIC_TRANSIT;2026-08-17T07:00:00+03:00;OK;1860;31;5913;LOCAL_TRANSIT_OPTIMISTIC_SCREENING;7350bb9ae39a2e799dfac5f194ca9f40cb6aa16e5909ed5d467e0d03a6449d99;fbfef729c0bd0fb570b1915d4f31d61a285d1d15270ffd51dae9f39a6ccff125;2026-09-16T18:40:18.343781+00:00;true
LOC-0020;LOC-0045;PUBLIC_TRANSIT;2026-08-17T07:00:00+03:00;OK;2174;37;7160;LOCAL_TRANSIT_OPTIMISTIC_SCREENING;73ef9204a8506d2620d6bc2eef7fb06041a35b8662e6dfe7bc149e5d1ff368e9;3c5adf2c088d98fb49dd27640ca5367cb7209add369d51469b80c3ed9df47a90;2026-09-16T18:40:18.343781+00:00;true
LOC-0020;LOC-0053;PUBLIC_TRANSIT;2026-08-17T07:00:00+03:00;OK;2184;37;8376;LOCAL_TRANSIT_OPTIMISTIC_SCREENING;660ae8b3b70d64c5b776d2c69ecd488b825feff310a6060eb1d055db28df92d5;66a3109d4cfe15eaad1fabb4b6c765db7aaf05575fb3ca7bac828dc324aa41fd;2026-09-16T18:40:18.343781+00:00;true
LOC-0020;LOC-0054;PUBLIC_TRANSIT;2026-08-17T07:00:00+03:00;OK;2172;37;5475;LOCAL_TRANSIT_OPTIMISTIC_SCREENING;baf87835351a756d49a23820b3ebe96a15fe7304c056e3dc2286256d6403ea3b;e64106a2cf157539ed93a43fad271510ef05520037bfcee353e337345e76ef31;2026-09-16T18:40:18.343781+00:00;true
LOC-0020;LOC-0061;PUBLIC_TRANSIT;2026-08-17T07:00:00+03:00;OK;1327;23;2536;LOCAL_TRANSIT_OPTIMISTIC_SCREENING;e997636395dd22c8afded9ebabe66dfa61454779fad81cdb150d5f654d5f7033;9b8c060490463d5579ae2a0b062c1cd60722bacb468527398a48e44d94b9493e;2026-09-16T18:40:18.343781+00:00;true
LOC-0020;LOC-0063;PUBLIC_TRANSIT;2026-08-17T07:00:00+03:00;OK;2458;41;9449;LOCAL_TRANSIT_OPTIMISTIC_SCREENING;8f81f896fe45ecb0d6acc2fe93dac3f7b6bb093343b1eaa0e68f23978c6fbf05;ca0eca5ceb81e633c446f2d31d910f2b78554b20a271b39b130554fd12ac811c;2026-09-16T18:40:18.343781+00:00;true
LOC-0020;LOC-0064;PUBLIC_TRANSIT;2026-08-17T07:00:00+03:00;OK;2299;39;8994;LOCAL_TRANSIT_OPTIMISTIC_SCREENING;99e82dab8a6dc583ac9a1a147c8b9fba6f1fc254bc0c0c6b7da9c5caba294db9;e8b7a4d306a771aab0b905d25fa09691843f543dabf29d9a82ec4f382a299a83;2026-09-16T18:40:18.343781+00:00;true
LOC-0020;LOC-0074;PUBLIC_TRANSIT;2026-08-17T07:00:00+03:00;OK;1970;33;4161;LOCAL_TRANSIT_OPTIMISTIC_SCREENING;c034825e93bbd4c17a8ee812a01fd69942fed308240242c56e77e85ad1a5963e;46e3d4b94c16d3f2a20e1dfe804cd3480e152e3568f8fff2083c59cd64d7405a;2026-09-16T18:40:18.343781+00:00;true
LOC-0020;LOC-0075;PUBLIC_TRANSIT;2026-08-17T07:00:00+03:00;OK;1923;33;4587;LOCAL_TRANSIT_OPTIMISTIC_SCREENING;64a719a1295c0d395b47b7a220780ad33eaf4bedd8e760c22cab12792d25366e;3026969cf1fff4eb5d6c2f75bfcd6f6acad984c14b09ef5a8a2ad20a6f2fb6fb;2026-09-16T18:40:18.343781+00:00;true
LOC-0020;LOC-0076;PUBLIC_TRANSIT;2026-08-17T07:00:00+03:00;OK;2722;46;9392;LOCAL_TRANSIT_OPTIMISTIC_SCREENING;78aff34bef72d0763c581636bd8395fd3df3692eecf3ed8f87e2cdb68f74b69e;fee675a87c604c97deb231d49335ab867c9b522aecfbc943167e392d767c0685;2026-09-16T18:40:18.343781+00:00;true
LOC-0020;LOC-0078;PUBLIC_TRANSIT;2026-08-17T07:00:00+03:00;OK;2339;39;7884;LOCAL_TRANSIT_OPTIMISTIC_SCREENING;6c9ce244b39a355a5ce3d9b3a953564007dc5fcb9edecf05ec9569e0a2e09dc5;3aa30c2d1374223f86baad2e4f1bf1e0539211b6a4365532df1d63debded6d99;2026-09-16T18:40:18.343781+00:00;true
LOC-0020;LOC-0080;PUBLIC_TRANSIT;2026-08-17T07:00:00+03:00;OK;1607;27;4102;LOCAL_TRANSIT_OPTIMISTIC_SCREENING;700c5d7245fe380864d5232c1d2f8f036ad322597c02f66f2dc14bdb9a9372e1;3314c4979e9cde1c374fe2087a644b5dfe9cd46a44eb6a1d144c5c24f9ef11be;2026-09-16T18:40:18.343781+00:00;true
LOC-0020;LOC-0082;PUBLIC_TRANSIT;2026-08-17T07:00:00+03:00;OK;2571;43;8866;LOCAL_TRANSIT_OPTIMISTIC_SCREENING;79e76e98d3a48fcf51cf5e652f0e5985a5c2c15c474b18891e9be13f908c9222;fcdae06c1f01f36e6f9a37a4714baa5c8976230d47994b1530015f06e7a8954d;2026-09-16T18:40:18.343781+00:00;true
LOC-0020;LOC-0085;PUBLIC_TRANSIT;2026-08-17T07:00:00+03:00;OK;2044;35;8096;LOCAL_TRANSIT_OPTIMISTIC_SCREENING;7a3ef638437641d20502787dccc158ac5557e81788aeafc9909d93d7a5dcf97a;ed7c864183fed6cfee9b0813bdf971887820f86c2bc004bc277df7a899fd761f;2026-09-16T18:40:18.343781+00:00;true
LOC-0020;LOC-0086;PUBLIC_TRANSIT;2026-08-17T07:00:00+03:00;OK;1826;31;7856;LOCAL_TRANSIT_OPTIMISTIC_SCREENING;35e10e8b4daad345c09bc4e80af61c6e3b2c6d3fa916fef2345459fb9d19cb24;9a8a610e2a4c3cec5c4e0f9f8b006aeec1ad6e82a055bfe7f133eaef23cfd7ff;2026-09-16T18:40:18.343781+00:00;true
LOC-0020;LOC-0091;PUBLIC_TRANSIT;2026-08-17T07:00:00+03:00;OK;731;13;1234;LOCAL_TRANSIT_OPTIMISTIC_SCREENING;d7c26740bda4230d8e4c9ab6d679229486222aa5e564215307a5c10a7b8f3abd;4aac6b3da2cf65346852c90ff053a3461562b7b16f58ad3f5de829ef1ca50516;2026-09-16T18:40:18.343781+00:00;true
LOC-0020;LOC-0092;PUBLIC_TRANSIT;2026-08-17T07:00:00+03:00;OK;732;13;982;LOCAL_TRANSIT_OPTIMISTIC_SCREENING;1c3d177cf3ea8b090b3d97d3fda0dea9bdaa98187c71b4b74e4bb4e07e777f88;abbd3b24add9446f6873ea60f16f70b93276d2f52b6a5de24f1acaea263138e3;2026-09-16T18:40:18.343781+00:00;true
LOC-0020;LOC-0093;PUBLIC_TRANSIT;2026-08-17T07:00:00+03:00;OK;643;11;1178;LOCAL_TRANSIT_OPTIMISTIC_SCREENING;663cf168fd5bf506e219130aad01db19b611a2dd8c4a5c4b4e4971d29087c9db;86c51064ac0bb75b37ca2c29d8e711a2ed32420109cc6708e0b3b9025844fa0f;2026-09-16T18:40:18.343781+00:00;true
LOC-0020;LOC-0094;PUBLIC_TRANSIT;2026-08-17T07:00:00+03:00;OK;2212;37;8377;LOCAL_TRANSIT_OPTIMISTIC_SCREENING;caf7c7fc86ff19824869157566da1277b085db6f1442b2ef75960886ba1b03b6;56bbebcaf55421fcf539ab2cfe839fef2920a1f6c3e579b69ddc2e7952cf674c;2026-09-16T18:40:18.343781+00:00;true
LOC-0020;LOC-0095;PUBLIC_TRANSIT;2026-08-17T07:00:00+03:00;OK;1846;31;9175;LOCAL_TRANSIT_OPTIMISTIC_SCREENING;0ff60b4492d2d78be79a40f799e72b227bde65799f468fb6b086c872d4d09297;221d22588fe42b77de5546e4334cb70510d9331565e9bbef42bb6916e2ffd902;2026-09-16T18:40:18.343781+00:00;true
LOC-0020;LOC-0102;PUBLIC_TRANSIT;2026-08-17T07:00:00+03:00;OK;2068;35;9257;LOCAL_TRANSIT_OPTIMISTIC_SCREENING;d0ab2a53ec74c89f5b5edd70d35e29bb94383f7bfba2754963d0dfd1c5d09417;a23b18a7c16b681a567d5ffc2cbb63dda3232deef71e6aa17add1a8cb998dc27;2026-09-16T18:40:18.343781+00:00;true
LOC-0020;LOC-0112;PUBLIC_TRANSIT;2026-08-17T07:00:00+03:00;OK;1123;19;2590;LOCAL_TRANSIT_OPTIMISTIC_SCREENING;9b63e886d119b770517ff5916fdbabeffe3a1105c8d1a455a8cdcdaa99f0fb94;3f8549683498c8e42b93a687626ad9d8bf27c28f19b12f1944a601acfcf7efaa;2026-09-16T18:40:18.343781+00:00;true
LOC-0020;LOC-0124;PUBLIC_TRANSIT;2026-08-17T07:00:00+03:00;OK;2564;43;10208;LOCAL_TRANSIT_OPTIMISTIC_SCREENING;0bcc53c1fd0c404b7b4ea2a632d4380eedd35838e6c73be41305429dc0d2a465;0fa9ef6eb60d65baa7402d00afacc78394284af194ef2f6752585c0f45c247a5;2026-09-16T18:40:18.343781+00:00;true
LOC-0020;LOC-0125;PUBLIC_TRANSIT;2026-08-17T07:00:00+03:00;OK;1506;26;4117;LOCAL_TRANSIT_OPTIMISTIC_SCREENING;32e77f0b792aef809b985aa5e1a5d229d136b7dadbb4566b5391a71e1d4a67c8;fcb6fe18dc517e633cc394eca0bfc779e57c38648b3d992d7681efcc4e47fd82;2026-09-16T18:40:18.343781+00:00;true
LOC-0020;LOC-0126;PUBLIC_TRANSIT;2026-08-17T07:00:00+03:00;OK;1680;28;3606;LOCAL_TRANSIT_OPTIMISTIC_SCREENING;6502affd3327742c05e97bfc4c7676ed8d6d594a39bc2caab8a4c90febe1c556;0ee903776e60c150deaa10e64baefbac577fd226fa76c3966f57ff82739da2ce;2026-09-16T18:40:18.343781+00:00;true
LOC-0020;LOC-0128;PUBLIC_TRANSIT;2026-08-17T07:00:00+03:00;OK;2200;37;5692;LOCAL_TRANSIT_OPTIMISTIC_SCREENING;a0fc3e956ae36c863a36b4f9bc3417682eaeae90a416b62bf7f56662ffc00c43;0764df9752c5b5f4c2e4d7e9fe70770fba16a2533b507bc27c25cad9d9c7f0ac;2026-09-16T18:40:18.343781+00:00;true
LOC-0020;LOC-0134;PUBLIC_TRANSIT;2026-08-17T07:00:00+03:00;OK;2310;39;7809;LOCAL_TRANSIT_OPTIMISTIC_SCREENING;8eb9c93d4cff5b4d9a83a7bc39166266efabe5d5710b54d66289d924960998b4;2482214a459df0833913f154685c750a4cd06e81d52eaca80de2587c62a86a75;2026-09-16T18:40:18.343781+00:00;true
LOC-0020;LOC-0135;PUBLIC_TRANSIT;2026-08-17T07:00:00+03:00;OK;2423;41;7941;LOCAL_TRANSIT_OPTIMISTIC_SCREENING;4301449055b8e18f9765b6ac9dade7a6793f08a82bcb3a5e792556e67ed83af0;0a5de731138c96429b87c234d1c7c226f6cb3476954f9a061813e0bccd32b3e7;2026-09-16T18:40:18.343781+00:00;true
LOC-0020;LOC-0136;PUBLIC_TRANSIT;2026-08-17T07:00:00+03:00;OK;2376;40;8297;LOCAL_TRANSIT_OPTIMISTIC_SCREENING;e8b69e3a2d02a036154d29e21a293b2580fb20b4873ac8ea1b94ce22170c75d8;f1e2db1509bf48f2b6ad4a3f43cdafaa67269cc9ad7aad09265454bb42994d78;2026-09-16T18:40:18.343781+00:00;true
LOC-0020;LOC-0140;PUBLIC_TRANSIT;2026-08-17T07:00:00+03:00;OK;2390;40;8095;LOCAL_TRANSIT_OPTIMISTIC_SCREENING;75257f1b405a7fd6fe7cdc65fd92bd10c37f2304bf3b167998c47fa03b678778;83d12de70f2bc2cf3c00403aaef02bcc4c577faeca2f227eb2c0bf8efabead8c;2026-09-16T18:40:18.343781+00:00;true
LOC-0020;LOC-0141;PUBLIC_TRANSIT;2026-08-17T07:00:00+03:00;OK;2404;41;8406;LOCAL_TRANSIT_OPTIMISTIC_SCREENING;040fc46af0190ad7b747f95294a6d5beee856bbfbda2cf6596765027529dcd1f;e46d2442a93250edff6e0f1ee696165365280d6c2ebf51d3fdf9f3123a6688ef;2026-09-16T18:40:18.343781+00:00;true
LOC-0020;LOC-0142;PUBLIC_TRANSIT;2026-08-17T07:00:00+03:00;OK;2305;39;8332;LOCAL_TRANSIT_OPTIMISTIC_SCREENING;e52db8374b860a021ae4f465649b1cf45519e5d74d16ab4282ef60be24b90cc9;2cc1d81678478146fa8fad62d2ac200bd5d99d93ad4959e408f7b988c6514afe;2026-09-16T18:40:18.343781+00:00;true
LOC-0020;LOC-0145;PUBLIC_TRANSIT;2026-08-17T07:00:00+03:00;OK;285;5;341;LOCAL_TRANSIT_OPTIMISTIC_SCREENING;efd60f5de57c10f2f8de44307afdb21020bb51a225850b4490b5dee0b6fdb11b;03c6bccf471969d01bf79938bab16ce15bce6420f1d3d56afd5041a619c42793;2026-09-16T18:40:18.343781+00:00;true
LOC-0020;LOC-0148;PUBLIC_TRANSIT;2026-08-17T07:00:00+03:00;OK;1980;33;4771;LOCAL_TRANSIT_OPTIMISTIC_SCREENING;c5545a48aa7d54a125d4ed0875f4115c976e65880de7261feaa81f4a2af6e263;c7107881c24a69edaad9576d6ac859a6cee6e6d67b08ba186cbc6941eb62a56a;2026-09-16T18:40:18.343781+00:00;true
LOC-0020;LOC-0149;PUBLIC_TRANSIT;2026-08-17T07:00:00+03:00;OK;2032;34;4677;LOCAL_TRANSIT_OPTIMISTIC_SCREENING;85ac35021af676a00cbae7589bd16c82e471fd639140c929dec8358c54aa5487;343d512b30863e783d2ebe8efec9c085aa7da260b3d6e8ba079ecc2a06a21719;2026-09-16T18:40:18.343781+00:00;true
LOC-0020;LOC-0150;PUBLIC_TRANSIT;2026-08-17T07:00:00+03:00;OK;2176;37;4622;LOCAL_TRANSIT_OPTIMISTIC_SCREENING;caba39b4d8c0204722a2bf0c4d10c6b10f1e12e7f858117d60a56ea44f3df733;a5cecc0d486fe1b5fc32a3c71ed8ad3387f1b1d90e0c6fd7238e44e237105b30;2026-09-16T18:40:18.343781+00:00;true
LOC-0020;LOC-0151;PUBLIC_TRANSIT;2026-08-17T07:00:00+03:00;OK;1980;33;5029;LOCAL_TRANSIT_OPTIMISTIC_SCREENING;9219af453dbefb470144240fd3afb3b6b39547141a1cd3ce54879b2ae7630f9c;d0948b137f61461d2cb20d55e2919bed3f3a60ffc761d7e08423052808c55fe7;2026-09-16T18:40:18.343781+00:00;true
LOC-0020;LOC-0152;PUBLIC_TRANSIT;2026-08-17T07:00:00+03:00;OK;2003;34;5081;LOCAL_TRANSIT_OPTIMISTIC_SCREENING;cd2c6202be29d95d0a20313f58f6a4b6e53cf153777fc2d7bd01094cbaea89a5;27ccf113ad3d64253752f6691d376367ca6929feb52ba1ab1c80481e9a410c96;2026-09-16T18:40:18.343781+00:00;true
LOC-0020;LOC-0190;PUBLIC_TRANSIT;2026-08-17T07:00:00+03:00;OK;1426;24;3315;LOCAL_TRANSIT_OPTIMISTIC_SCREENING;6a2ded2efc83fc6d5a8c742e266e695cafea04bb3cf672a729a40c9a1c636f27;3c46623b23148bb0b765f709fa25ba7a1a7c02e9623dc6af1cdfd00cad938362;2026-09-16T18:40:18.343781+00:00;true
LOC-0020;LOC-0196;PUBLIC_TRANSIT;2026-08-17T07:00:00+03:00;OK;1496;25;4670;LOCAL_TRANSIT_OPTIMISTIC_SCREENING;fec67b1bd6945e629dae10fa370a0ed1797543d6406234c024ff60a4ca0e6d12;d823683970fa3f0007417d2c0f45afee1eead0084c410e55e8c1a75092c6ce57;2026-09-16T18:40:18.343781+00:00;true
LOC-0023;LOC-0002;PUBLIC_TRANSIT;2026-08-17T07:00:00+03:00;OK;2690;45;7164;LOCAL_TRANSIT_OPTIMISTIC_SCREENING;66f6acf5f670c259ae9e2e5be81110a775e0fb3be97299564e34ee88fccb2c37;277f8905466ab5379b08fe405c778c2b4fb8ecacc646751f4262feb3ab16145f;2026-09-16T18:40:18.343781+00:00;true
LOC-0023;LOC-0008;PUBLIC_TRANSIT;2026-08-17T07:00:00+03:00;OK;1377;23;4635;LOCAL_TRANSIT_OPTIMISTIC_SCREENING;3cdcc6bbf4083c8acacfe94ad0842048d017ea6fcce77e70e7a8567adb5b66c5;0d8631c4276c7e17892fce539a432f07110b1914e474e1c5dd8fd43cba334bc9;2026-09-16T18:40:18.343781+00:00;true
LOC-0023;LOC-0009;PUBLIC_TRANSIT;2026-08-17T07:00:00+03:00;OK;1987;34;7032;LOCAL_TRANSIT_OPTIMISTIC_SCREENING;6dcb027000a3f8d4753a8e8679f1ccce56d16413bdf3455a1c13f2615b80cbaa;f24d6a9fc0560c3b0a71af0f95ca0ae57de195525ee51b5823b216968f35d115;2026-09-16T18:40:18.343781+00:00;true
LOC-0023;LOC-0010;PUBLIC_TRANSIT;2026-08-17T07:00:00+03:00;OK;1405;24;4680;LOCAL_TRANSIT_OPTIMISTIC_SCREENING;5d9ec2de4977f2e451028cc0ae244381812605cb94a99c66d2b43b9a99fc0d79;621825e8a19a2bae6d9e7a692744c79fed8023eda60916af84c718a0707e59bb;2026-09-16T18:40:18.343781+00:00;true
LOC-0023;LOC-0011;PUBLIC_TRANSIT;2026-08-17T07:00:00+03:00;OK;1572;27;4778;LOCAL_TRANSIT_OPTIMISTIC_SCREENING;34d13a1225242ad8bc712b8ea0843c6bb1f9bae6991fa6a7383c16867d5c3da2;8ed699a1b92b0675446ad8b8ced1675d14a9f78280515c6ea7a7db5f8953edff;2026-09-16T18:40:18.343781+00:00;true
LOC-0023;LOC-0012;PUBLIC_TRANSIT;2026-08-17T07:00:00+03:00;OK;1328;23;4060;LOCAL_TRANSIT_OPTIMISTIC_SCREENING;9a2454f01a11a7c23b109f261b0ff62e11931e90a46ad416c65a60af9ad14d94;56051984e4524c30413a13116bb57ed3667525183dcaba001e480eeef2886a68;2026-09-16T18:40:18.343781+00:00;true
LOC-0023;LOC-0013;PUBLIC_TRANSIT;2026-08-17T07:00:00+03:00;OK;2955;50;8081;LOCAL_TRANSIT_OPTIMISTIC_SCREENING;da4f7da54861964287b5e52549bdaa6f5710efe2bb212dd599975dafb2c9f580;d545ca5e923e45d46f0b8f73a71d5d01c2c88564b9c53354738b4bf1ee81f6e1;2026-09-16T18:40:18.343781+00:00;true
LOC-0023;LOC-0016;PUBLIC_TRANSIT;2026-08-17T07:00:00+03:00;OK;2265;38;7304;LOCAL_TRANSIT_OPTIMISTIC_SCREENING;5e8e81e83cb94b00b42f4ac20e41067e5c9aacbddea07729419ea44f559f0002;551cc3f696c650cf1965085912da3061109635efb2205f5e7dea2b0fb9e2a1dc;2026-09-16T18:40:18.343781+00:00;true
LOC-0023;LOC-0017;PUBLIC_TRANSIT;2026-08-17T07:00:00+03:00;OK;1321;23;2081;LOCAL_TRANSIT_OPTIMISTIC_SCREENING;c69abb80527470cfc69bf90ccd6e8be1a8acd0cf2875ed698cef8eca554535b8;1af096069c6550700d363705255514ee96ddb23c85eefb060787be76cc29f040;2026-09-16T18:40:18.343781+00:00;true
LOC-0023;LOC-0018;PUBLIC_TRANSIT;2026-08-17T07:00:00+03:00;OK;806;14;1320;LOCAL_TRANSIT_OPTIMISTIC_SCREENING;85e68197a1e28eee12bdd331d180a2a34aa7544c37292635dc17022d7ba17678;d5f3c6a73c5f2ca35ce26ec907f94c7329982ef4cf6da6aeaca2d52eea4ebf47;2026-09-16T18:40:18.343781+00:00;true
LOC-0023;LOC-0019;PUBLIC_TRANSIT;2026-08-17T07:00:00+03:00;OK;1621;28;4858;LOCAL_TRANSIT_OPTIMISTIC_SCREENING;a1e4fc9777ce9a14d7cc8fbaa0ba7184c954373000fcdc8df19bb60ec47783d5;941d6033c112b253287b180666679d5434e0fba2dd8cf2c138cfb82888f88389;2026-09-16T18:40:18.343781+00:00;true
LOC-0023;LOC-0020;PUBLIC_TRANSIT;2026-08-17T07:00:00+03:00;OK;1250;21;3557;LOCAL_TRANSIT_OPTIMISTIC_SCREENING;0960933d1b261fbaaa84ed2b2397ccc30e06796c97fe2ea2d92ddde97472c2e8;a1984b5c191296fd52fedaea96801f0b8403e29fb43d224e0539dffca8fef5b2;2026-09-16T18:40:18.343781+00:00;true
LOC-0023;LOC-0023;PUBLIC_TRANSIT;2026-08-17T07:00:00+03:00;OK;0;0;0;LOCAL_TRANSIT_OPTIMISTIC_SCREENING;8b4ad57011566f04dff4feeb21dbb81ee52f7cc37fad926526cf909f573011e4;3d5812abc84c11768aa73a732c85d75dbed439188f5bb3239e9b762ea31d9862;2026-09-16T18:40:18.343781+00:00;true
LOC-0023;LOC-0027;PUBLIC_TRANSIT;2026-08-17T07:00:00+03:00;OK;1232;21;3255;LOCAL_TRANSIT_OPTIMISTIC_SCREENING;328c34ed006b11ddf352a348beff6f2b35c31dc9de2240b017b83bdef717a051;7cbc07a8c564ff3f8ad52fb38c103e6c82f6112232629be86a8a6909e0fef2f3;2026-09-16T18:40:18.343781+00:00;true
LOC-0023;LOC-0028;PUBLIC_TRANSIT;2026-08-17T07:00:00+03:00;OK;1970;33;6164;LOCAL_TRANSIT_OPTIMISTIC_SCREENING;aa4cb3abf878f2d9017c86fa160bbe906f40d28140f3d736bc3db8b3493c2c1e;4aa940d6f31ad54f0f5e1569381b152aacc0fb8db78d2527b111ad276e67aec5;2026-09-16T18:40:18.343781+00:00;true
LOC-0023;LOC-0029;PUBLIC_TRANSIT;2026-08-17T07:00:00+03:00;OK;1905;32;6101;LOCAL_TRANSIT_OPTIMISTIC_SCREENING;9d89eb5693112e6f0cf9d7caaff2742f581ec26d67be98c0c6487c026a54ce46;0dc81228d50b224048af1567b97a0e18c5c32e92554a5aadeb76b09e4860bd49;2026-09-16T18:40:18.343781+00:00;true
LOC-0023;LOC-0037;PUBLIC_TRANSIT;2026-08-17T07:00:00+03:00;OK;2235;38;6364;LOCAL_TRANSIT_OPTIMISTIC_SCREENING;8cec7df0bcb40d64c177eafca370aa94f98c28e838d27acb942bd8871308eae3;cedee6425c8eb09baf867cf12da4863096625211dab2721fecdf8cf40a24bff2;2026-09-16T18:40:18.343781+00:00;true
LOC-0023;LOC-0045;PUBLIC_TRANSIT;2026-08-17T07:00:00+03:00;OK;1396;24;4620;LOCAL_TRANSIT_OPTIMISTIC_SCREENING;eb4bfbf8f67c1f762792e8d06406b8e6cc764fbe5def317f80ef71db12320916;a5953d199f960589762a8407d55e0a8ed11158e9fd40b8908033054fa2d750de;2026-09-16T18:40:18.343781+00:00;true
LOC-0023;LOC-0053;PUBLIC_TRANSIT;2026-08-17T07:00:00+03:00;OK;1955;33;6814;LOCAL_TRANSIT_OPTIMISTIC_SCREENING;2d9929b43e3bc77bfd2c05e234939ee749a32eacb066a6bdb16e8e8a549a83d6;54bb8bc32c5576499278dac9c027c57e2691fa790c3b706777841944121ecf75;2026-09-16T18:40:18.343781+00:00;true
LOC-0023;LOC-0054;PUBLIC_TRANSIT;2026-08-17T07:00:00+03:00;OK;2547;43;5815;LOCAL_TRANSIT_OPTIMISTIC_SCREENING;250f85b3a358b427c7e9e8cbef803d6bab8b4b945e457cc6a17d2a516fedd11d;6c75f615af8e7b05e16e994f5690365c96bd27e2aebb437384239eafaec7b1fb;2026-09-16T18:40:18.343781+00:00;true
LOC-0023;LOC-0061;PUBLIC_TRANSIT;2026-08-17T07:00:00+03:00;OK;1632;28;4253;LOCAL_TRANSIT_OPTIMISTIC_SCREENING;f2b270187b6495b8af28c77cd4c2d5c496c2427f8467359d7812cc06a6c395a3;d03b73c0d32ac888e4016311a7a1bff471b6d8030121a1a826cdef29a38be679;2026-09-16T18:40:18.343781+00:00;true
LOC-0023;LOC-0063;PUBLIC_TRANSIT;2026-08-17T07:00:00+03:00;OK;1871;32;6950;LOCAL_TRANSIT_OPTIMISTIC_SCREENING;100fd229f0fb379f537f8f934e2fce6868348baf3b8e14a8a3b7e2a833db92fa;e866d45c56b7184e496b3d6477b14882ed62e478d349f77cd2d61edfc0e93240;2026-09-16T18:40:18.343781+00:00;true
LOC-0023;LOC-0064;PUBLIC_TRANSIT;2026-08-17T07:00:00+03:00;OK;2076;35;6442;LOCAL_TRANSIT_OPTIMISTIC_SCREENING;9a2eba88ed0387ca64b119093572f93e9cb36cac200e80488a3e3a3e230ec8ff;beada8422a99fb54b7ae78a481400a3f08ff3f0893ad928b05c59d2ea9c2e110;2026-09-16T18:40:18.343781+00:00;true
LOC-0023;LOC-0074;PUBLIC_TRANSIT;2026-08-17T07:00:00+03:00;OK;984;17;1913;LOCAL_TRANSIT_OPTIMISTIC_SCREENING;50706bcf3701ece69fa9220c1185621b23ae45d428aecdda5baee380a510ff3b;7b3c6533d75c2e29ed1d408f80196039bfda6b90e2991e64e5a3f3faa0db9768;2026-09-16T18:40:18.343781+00:00;true
LOC-0023;LOC-0075;PUBLIC_TRANSIT;2026-08-17T07:00:00+03:00;OK;1164;20;1919;LOCAL_TRANSIT_OPTIMISTIC_SCREENING;72207430af507ce66e25c1a52678f62ea4172f64052330e774f942d21131f4ff;5ef66fd8c9a60945090bb2f9104000cff9f157ff56fe43c2a52362fff76c22a4;2026-09-16T18:40:18.343781+00:00;true
LOC-0023;LOC-0076;PUBLIC_TRANSIT;2026-08-17T07:00:00+03:00;OK;2561;43;7526;LOCAL_TRANSIT_OPTIMISTIC_SCREENING;d217af39db6894845845850729a095eb484c0ddc38186bbe89db2f54ec23e582;8b15f84e771ed53439f1c26ba1ad3763d93ece9ec7ba829acfcb01a419895dca;2026-09-16T18:40:18.343781+00:00;true
LOC-0023;LOC-0078;PUBLIC_TRANSIT;2026-08-17T07:00:00+03:00;OK;1561;27;5314;LOCAL_TRANSIT_OPTIMISTIC_SCREENING;c43b08e992122ec3bbe8dfdf2d24733609cbb6180cf16bf9b9ca32f79162e683;1f42c439534975bd019b47276c8d8351bd572711a225b6f8508c4534474c3b6c;2026-09-16T18:40:18.343781+00:00;true
LOC-0023;LOC-0080;PUBLIC_TRANSIT;2026-08-17T07:00:00+03:00;OK;995;17;1487;LOCAL_TRANSIT_OPTIMISTIC_SCREENING;82a0b07c754170ff8a609ad3f3b8dd2229016d5c744328bd5a79cb83620f4be9;5ef8f8ee3f04f5bce5bef5b05d3f7bf3b62cd9cd66db99358a0056643d6762e1;2026-09-16T18:40:18.343781+00:00;true
LOC-0023;LOC-0082;PUBLIC_TRANSIT;2026-08-17T07:00:00+03:00;OK;1793;30;6542;LOCAL_TRANSIT_OPTIMISTIC_SCREENING;8a7164edaaed84b8537f551b8e59af452dc188c5131dcdcd0cfb4b6373e9a80e;c09fb26c493f806606ac3e5d36f0a628827b159514b06cfc2dfd1cfe603552ca;2026-09-16T18:40:18.343781+00:00;true
LOC-0023;LOC-0085;PUBLIC_TRANSIT;2026-08-17T07:00:00+03:00;OK;2419;41;8114;LOCAL_TRANSIT_OPTIMISTIC_SCREENING;62ae286088b5f95342692869a724615f57d0a72ac0eda29b5cbf7ffb2224e177;c6bef8f6f9d3cd684c6a1a87c8349f2d14c907ebe3e117689e084926eed5af46;2026-09-16T18:40:18.343781+00:00;true
LOC-0023;LOC-0086;PUBLIC_TRANSIT;2026-08-17T07:00:00+03:00;OK;2201;37;7956;LOCAL_TRANSIT_OPTIMISTIC_SCREENING;2354018e28fd2e2ba7f57a237d879580c8ba9a56a9395a863752e7218e41cf63;2ac6f440f07cb89cfaf2147452747550fe00bb4ebe66c19d94dc8bce6efe1b2d;2026-09-16T18:40:18.343781+00:00;true
LOC-0023;LOC-0091;PUBLIC_TRANSIT;2026-08-17T07:00:00+03:00;OK;1036;18;3836;LOCAL_TRANSIT_OPTIMISTIC_SCREENING;89e96fb33b7ed609b978340a9fdbbb0798b047cd660768b0b7cea283296e510b;fa3e1d9d8165a7f6eb73282acf85cfdc4d40cb5470105bd857816a2562087d77;2026-09-16T18:40:18.343781+00:00;true
LOC-0023;LOC-0092;PUBLIC_TRANSIT;2026-08-17T07:00:00+03:00;OK;950;16;3135;LOCAL_TRANSIT_OPTIMISTIC_SCREENING;e60906df3c7f93293c543bdda3b36f271de9274c281dabfa9aa4f6901b38c8ab;c7f11507cde4a6f5e33e8ab7bf52b83bae53a3159b907b9cc7fde3285f49b72f;2026-09-16T18:40:18.343781+00:00;true
LOC-0023;LOC-0093;PUBLIC_TRANSIT;2026-08-17T07:00:00+03:00;OK;912;16;3014;LOCAL_TRANSIT_OPTIMISTIC_SCREENING;3d6d6d88d3350ee22c5e72ec010dd05d5f3fb44b1ea96da4058ea96ffde9faaf;4ae88227a7c8ea0890c16eb0d45e86681970401de5f9ed4065a7386888486b63;2026-09-16T18:40:18.343781+00:00;true
LOC-0023;LOC-0094;PUBLIC_TRANSIT;2026-08-17T07:00:00+03:00;OK;2587;44;8488;LOCAL_TRANSIT_OPTIMISTIC_SCREENING;d8bf03c52c5782885877fce5252ec2cc42a620494f8162e3a787615d96c0c102;52f58ce5d5e6373a135e1f9e4e28a07a600bbcf1b02f288fc6978492e418b975;2026-09-16T18:40:18.343781+00:00;true
LOC-0023;LOC-0095;PUBLIC_TRANSIT;2026-08-17T07:00:00+03:00;OK;2221;38;9140;LOCAL_TRANSIT_OPTIMISTIC_SCREENING;58fe1638264565110c3380ea1cc5c714bb0b7e6756c46f908e583631a0008646;e9802b107a2d663094307b7edd985cf89f979dc46287067a81d2922e60d8517f;2026-09-16T18:40:18.343781+00:00;true
LOC-0023;LOC-0102;PUBLIC_TRANSIT;2026-08-17T07:00:00+03:00;OK;1680;28;6531;LOCAL_TRANSIT_OPTIMISTIC_SCREENING;b469ec71ca0c71ebdeb3b3aee579600abf88a31f9819aed4f6f7e074c6ab5e20;9c38ee672ea720d3349fa8de2447f65d37cfdacd7c5e2a7c5aa8bae7c2ae3c8a;2026-09-16T18:40:18.343781+00:00;true
LOC-0023;LOC-0112;PUBLIC_TRANSIT;2026-08-17T07:00:00+03:00;OK;756;13;2227;LOCAL_TRANSIT_OPTIMISTIC_SCREENING;81934163da4ba6aed90da94490ae698a96012d02187224a58a3b3e68f7fa917c;fb2479dd88a67ad9b0ae67eb594f8983d51c46e55b5dbbf036c55985bbeb2ca2;2026-09-16T18:40:18.343781+00:00;true
LOC-0023;LOC-0124;PUBLIC_TRANSIT;2026-08-17T07:00:00+03:00;OK;1619;27;6807;LOCAL_TRANSIT_OPTIMISTIC_SCREENING;cd013e9fe3651db1fd053076f70b5577eff064a1be74db228cb9d1912a1f6c41;fd68bc29c60e462aa1210dcde0754ce25d0dcab236ba2c5e176f05eac0c5e18e;2026-09-16T18:40:18.343781+00:00;true
LOC-0023;LOC-0125;PUBLIC_TRANSIT;2026-08-17T07:00:00+03:00;OK;635;11;908;LOCAL_TRANSIT_OPTIMISTIC_SCREENING;acd04d2a8bbdd3cb119e68edafbe43550bbb428531f665c53ccbbf38bafedcea;1745444ad4a4085b7719880338fe803ec3a60c45ecfe2721af104bfd099fb8a4;2026-09-16T18:40:18.343781+00:00;true
LOC-0023;LOC-0126;PUBLIC_TRANSIT;2026-08-17T07:00:00+03:00;OK;1225;21;2874;LOCAL_TRANSIT_OPTIMISTIC_SCREENING;f67f946b50ecbf37b5271a57a1eaad912479f0b98617e705f7298b2af17e95d4;c96e923448db89dd88e715f0630d8ef810fb013d8baf8ea93584e657999c2a10;2026-09-16T18:40:18.343781+00:00;true
LOC-0023;LOC-0128;PUBLIC_TRANSIT;2026-08-17T07:00:00+03:00;OK;2575;43;5975;LOCAL_TRANSIT_OPTIMISTIC_SCREENING;f9aa1b245cea8906ef671d3d3c7030bf00075ee53aafb9fdd25ddf5347643ffb;dae1ffe67436a3741ac002f7df57d43a1b3deca4b9e5bd3c66af4c5e1996d782;2026-09-16T18:40:18.343781+00:00;true
LOC-0023;LOC-0134;PUBLIC_TRANSIT;2026-08-17T07:00:00+03:00;OK;2685;45;7551;LOCAL_TRANSIT_OPTIMISTIC_SCREENING;f3beef913f76c27dad7afb8e647295dc365be3d06a4628aee31ee2ffc89196ca;6b36b19cf878136c52c7a5dffc917c79246a7cfa7ff55e5859de06cc85a7eb82;2026-09-16T18:40:18.343781+00:00;true
LOC-0023;LOC-0135;PUBLIC_TRANSIT;2026-08-17T07:00:00+03:00;OK;2798;47;7628;LOCAL_TRANSIT_OPTIMISTIC_SCREENING;be365ed38edd4d8df6c71e58dc43e809a89c251abbdd8b4d0e0962530eeeb96a;75515fa3d343d8d726a64a3ecd92efac5336e2812ebb1ee8c3262bf335ae667c;2026-09-16T18:40:18.343781+00:00;true
LOC-0023;LOC-0136;PUBLIC_TRANSIT;2026-08-17T07:00:00+03:00;OK;2751;46;8069;LOCAL_TRANSIT_OPTIMISTIC_SCREENING;c96f93ec8cdfc8fd3bc2f7c3aa616d94a12143716203989b113af69e39dd79a6;64d85a65e982713bc63a1381c07a52562674108ba1b8ce25aae16adb2cdd82d6;2026-09-16T18:40:18.343781+00:00;true
LOC-0023;LOC-0140;PUBLIC_TRANSIT;2026-08-17T07:00:00+03:00;OK;2125;36;6807;LOCAL_TRANSIT_OPTIMISTIC_SCREENING;05f0819a5bae03132bb457fb4ff89bb63d0c405e7d9de89842c83d694f3cf687;0f03f7b581ed682be6d7d39977b56472442a8ae54c152768aa34dd4aa05c9585;2026-09-16T18:40:18.343781+00:00;true
LOC-0023;LOC-0141;PUBLIC_TRANSIT;2026-08-17T07:00:00+03:00;OK;1626;28;4931;LOCAL_TRANSIT_OPTIMISTIC_SCREENING;1985df5ae3b96fa2e63dce0871be96cd8ac15135d6bfb0a16362451faca448a2;2e14800ffde534ad0c8a6cb9fe573dfc114e9f7041dd72dded2ca83a1a56cd38;2026-09-16T18:40:18.343781+00:00;true
LOC-0023;LOC-0142;PUBLIC_TRANSIT;2026-08-17T07:00:00+03:00;OK;1527;26;4846;LOCAL_TRANSIT_OPTIMISTIC_SCREENING;1f2f7bebc23fa81dba6ec25b3ddd42e6d969fbf3e032091515051d5b379ee959;f53b5dce4e3290de041a950337cf51396012ba9763f7299c1c06c21a634cdfca;2026-09-16T18:40:18.343781+00:00;true
LOC-0023;LOC-0145;PUBLIC_TRANSIT;2026-08-17T07:00:00+03:00;OK;1002;17;3235;LOCAL_TRANSIT_OPTIMISTIC_SCREENING;b1154830a6c797d2d1322d051c70c975d11bdd0cbd14b04fc70aaf0432783139;43665eb8f274d0abe65673c1e13ae739d9f8716dc2fe9e8fcb1c844eb6da80f6;2026-09-16T18:40:18.343781+00:00;true
LOC-0023;LOC-0148;PUBLIC_TRANSIT;2026-08-17T07:00:00+03:00;OK;1201;21;2097;LOCAL_TRANSIT_OPTIMISTIC_SCREENING;65626611ba93759fdfab3e3915e24fccfaa13ac55271ece904459e75f6f9af49;6203d52abeef6dfe8417b12f3672b69329f8b30395b99556ee62704ea6ddac40;2026-09-16T18:40:18.343781+00:00;true
LOC-0023;LOC-0149;PUBLIC_TRANSIT;2026-08-17T07:00:00+03:00;OK;1152;20;2212;LOCAL_TRANSIT_OPTIMISTIC_SCREENING;d218ce1939e674360b078c45089bbc0892f9a3b26700b67cdebc974ea491f0a3;437a9f67508f5efa3ff3e72f7848568a08bc891c4ec85b7721564d574815b3a2;2026-09-16T18:40:18.343781+00:00;true
LOC-0023;LOC-0150;PUBLIC_TRANSIT;2026-08-17T07:00:00+03:00;OK;1099;19;2306;LOCAL_TRANSIT_OPTIMISTIC_SCREENING;6a8bc033367316580474dc34abd27ba9c0bafd2700342a98532bff9bfc7e151f;2a4f635b3112d4b971d76b7d3ef2ee4cc274f192914cdbc035c0c7c8ea46a29c;2026-09-16T18:40:18.343781+00:00;true
LOC-0023;LOC-0151;PUBLIC_TRANSIT;2026-08-17T07:00:00+03:00;OK;1202;21;2070;LOCAL_TRANSIT_OPTIMISTIC_SCREENING;3d5388dcc68ee6ca38cb4633052cb4af121346e7e4a6fe67e332bf8a8b7e8889;b130cc02cd35a3177f136eedc80cfa4463696e6fa244eff989d8410adc8a1e14;2026-09-16T18:40:18.343781+00:00;true
LOC-0023;LOC-0152;PUBLIC_TRANSIT;2026-08-17T07:00:00+03:00;OK;1225;21;2142;LOCAL_TRANSIT_OPTIMISTIC_SCREENING;96794fecf197e150f916ae3f2a5d6a41b2112972184de15825a23d76e3c85c95;8c6963955a82975b77173ddb181017356670beb2bf29456076e894575eabb527;2026-09-16T18:40:18.343781+00:00;true
LOC-0023;LOC-0190;PUBLIC_TRANSIT;2026-08-17T07:00:00+03:00;OK;1731;29;3982;LOCAL_TRANSIT_OPTIMISTIC_SCREENING;b86a42706e2c181e4de9fd70600030bcf5ffaf361304e0cd6839f0c48e88de4d;379e222b634d5257ecf4e730e64842714d511aae70f0f50353729072c39ca498;2026-09-16T18:40:18.343781+00:00;true
LOC-0023;LOC-0196;PUBLIC_TRANSIT;2026-08-17T07:00:00+03:00;OK;725;13;1395;LOCAL_TRANSIT_OPTIMISTIC_SCREENING;5cd59db47edf0e0bca5a5a0ea47ae25adf118f0f9293f8f8158fc8a17c5fae02;fece24d7c921f1ac13d9ed63f3d40da93c7257e900b28dfaa955a6be3a38aaf3;2026-09-16T18:40:18.343781+00:00;true
LOC-0027;LOC-0002;PUBLIC_TRANSIT;2026-08-17T07:00:00+03:00;OK;1856;31;4225;LOCAL_TRANSIT_OPTIMISTIC_SCREENING;9a0149019cd5d8ca38b2ff12da1dd23749b09edd325cee1802c108ae2ed6f288;cb39330aeaace0090ed266ea6e9d1ba6c9574e5052889f26a31f48b592dd10f4;2026-09-16T18:40:18.343781+00:00;true
LOC-0027;LOC-0008;PUBLIC_TRANSIT;2026-08-17T07:00:00+03:00;OK;1768;30;4728;LOCAL_TRANSIT_OPTIMISTIC_SCREENING;2dfc37d2734093ff7f8b14b6e86a89665ccf997f69aecc1c51f62c890aba8f5e;d61bb9a96ee8e254e729fb32b04a0ba33ce04e28f2ffd213ab8a1e013b426a8f;2026-09-16T18:40:18.343781+00:00;true
LOC-0027;LOC-0009;PUBLIC_TRANSIT;2026-08-17T07:00:00+03:00;OK;2464;42;5898;LOCAL_TRANSIT_OPTIMISTIC_SCREENING;0fc1af20fc2930df164c4d02ff48ac08cfdcbfc0a5a556aac65b75902db8b984;54cf5f08369b6750618fdcf212fd763494a70f77edee0e3ef9f6eec22f2c99fa;2026-09-16T18:40:18.343781+00:00;true
LOC-0027;LOC-0010;PUBLIC_TRANSIT;2026-08-17T07:00:00+03:00;OK;1691;29;5191;LOCAL_TRANSIT_OPTIMISTIC_SCREENING;1ddcd0e8b850a3207a72cc6534d0c9bc4d9f3986722d86fbf9bd77f21f58f39a;5946431309198dfce3b661e20220dbac8b2a8dad326e5ea78946dc3cf7b5ca39;2026-09-16T18:40:18.343781+00:00;true
LOC-0027;LOC-0011;PUBLIC_TRANSIT;2026-08-17T07:00:00+03:00;OK;1951;33;4383;LOCAL_TRANSIT_OPTIMISTIC_SCREENING;4bb1e7a158e8b0503020a5c4bd629e2383e26edde73fb614e3b8e61573198ab9;dd6a6c727bc9ff13353e49a60c00ad1e018afa3e6d516b8f3c459288a47ef7c3;2026-09-16T18:40:18.343781+00:00;true
LOC-0027;LOC-0012;PUBLIC_TRANSIT;2026-08-17T07:00:00+03:00;OK;1731;29;4107;LOCAL_TRANSIT_OPTIMISTIC_SCREENING;9f212c9e1dc5beb975931c6756ed292e0e97688489e10792a608a29a3b206ef5;19dd94da5fabfc0db6b1cecbf3198f2f12b09b7890c3d03646415037fe53fc14;2026-09-16T18:40:18.343781+00:00;true
LOC-0027;LOC-0013;PUBLIC_TRANSIT;2026-08-17T07:00:00+03:00;OK;2221;38;5013;LOCAL_TRANSIT_OPTIMISTIC_SCREENING;5e9ab3391ea1a740df4399466c58114da1d8e12141a23fc58125fc5ebeae7451;cbec83c8e44c17c4117368a2ea287ded3d02285e87763c2872e236ae791b3f95;2026-09-16T18:40:18.343781+00:00;true
LOC-0027;LOC-0016;PUBLIC_TRANSIT;2026-08-17T07:00:00+03:00;OK;1466;25;4117;LOCAL_TRANSIT_OPTIMISTIC_SCREENING;0c5e57d43066cc3b1e1aabad07456070897c714594ae849690b5542ecf5bc004;aaf8951c649afbbaed917f33b9b19b8f424b14a98b1c4d7532e787c4d7627cea;2026-09-16T18:40:18.343781+00:00;true
LOC-0027;LOC-0017;PUBLIC_TRANSIT;2026-08-17T07:00:00+03:00;OK;1064;18;1797;LOCAL_TRANSIT_OPTIMISTIC_SCREENING;294e5b07114c946a5d8d667b83f5d2670bef27c10014ba7e5d91f6acd49c3bf9;db5a65eee2443d62e19077b108c51895625a72b8a3150877aebca4f65a9258b9;2026-09-16T18:40:18.343781+00:00;true
LOC-0027;LOC-0018;PUBLIC_TRANSIT;2026-08-17T07:00:00+03:00;OK;765;13;2151;LOCAL_TRANSIT_OPTIMISTIC_SCREENING;fc70fa38eff7afb563b002f3162a0b4dc1477f2adbe684ec8bcaed5daf137b54;2ab14130166eff0ef15380faa84afea0b90c995d49ddfbf07f7708355bd8d31d;2026-09-16T18:40:18.343781+00:00;true
LOC-0027;LOC-0019;PUBLIC_TRANSIT;2026-08-17T07:00:00+03:00;OK;1907;32;5480;LOCAL_TRANSIT_OPTIMISTIC_SCREENING;12d3b93bc82bf83284c5d487d85df14ee126b9842cfe787b2182a54db2354d7f;c7145c76fd427549f24c23a20b44735db0fe25dbcc3a438d21b7f5c6b8b51a55;2026-09-16T18:40:18.343781+00:00;true
LOC-0027;LOC-0020;PUBLIC_TRANSIT;2026-08-17T07:00:00+03:00;OK;1942;33;5191;LOCAL_TRANSIT_OPTIMISTIC_SCREENING;5852f03011cedb33809a30e3dee47b8b177f6bc08c7c2c3eb690ed7c60827cfb;3126b6075c090dd2bf96ab80becd37be4974882491f48efdea4d39cd1446dc09;2026-09-16T18:40:18.343781+00:00;true
LOC-0027;LOC-0023;PUBLIC_TRANSIT;2026-08-17T07:00:00+03:00;OK;1191;20;3255;LOCAL_TRANSIT_OPTIMISTIC_SCREENING;324cbbb13f8136fb76242ab8ba61e1ad1466cf8a7b8706576701c83fd8fc9f40;4974cdac288c2ddf14f6821a3d844ef97b4389612ec266978dfc69421fc25341;2026-09-16T18:40:18.343781+00:00;true
LOC-0027;LOC-0027;PUBLIC_TRANSIT;2026-08-17T07:00:00+03:00;OK;0;0;0;LOCAL_TRANSIT_OPTIMISTIC_SCREENING;72b56f308a88fe189fde09090e6670f58e10afd12fc018092711d1d4d5aa537a;3d5812abc84c11768aa73a732c85d75dbed439188f5bb3239e9b762ea31d9862;2026-09-16T18:40:18.343781+00:00;true
LOC-0027;LOC-0028;PUBLIC_TRANSIT;2026-08-17T07:00:00+03:00;OK;1567;27;3051;LOCAL_TRANSIT_OPTIMISTIC_SCREENING;92c07ee912dcdccab8126607915c12b0d12e7f68260fbfe6baa15612f1143115;cfe471b306dfabdb92b320683fc768128b67b9c9d39ee539118f389880b38e83;2026-09-16T18:40:18.343781+00:00;true
LOC-0027;LOC-0029;PUBLIC_TRANSIT;2026-08-17T07:00:00+03:00;OK;1502;26;3002;LOCAL_TRANSIT_OPTIMISTIC_SCREENING;e176cca69463c8b1062b367bcb05304fd73c65b16764edd6ede781b31053f5a9;ab9841db99d711fcf35131c7da4ac3bd7f60e9cc79f2292e682bf46eab053356;2026-09-16T18:40:18.343781+00:00;true
LOC-0027;LOC-0037;PUBLIC_TRANSIT;2026-08-17T07:00:00+03:00;OK;1758;30;4037;LOCAL_TRANSIT_OPTIMISTIC_SCREENING;56ab28da48571945baa4309a54296e7f5e660e40a8b934f8a237625617834a37;9e8c5dbca3b65b0b03ddc2d462ea325e041f30af8b5e556147ef76b72c5bd0b1;2026-09-16T18:40:18.343781+00:00;true
LOC-0027;LOC-0045;PUBLIC_TRANSIT;2026-08-17T07:00:00+03:00;OK;708;12;2038;LOCAL_TRANSIT_OPTIMISTIC_SCREENING;dd7d89b669418080495ce7fded41c485891a71df57f055971813dab9239469d1;dda6aa446d8e76de0e5f3161757cafcb81d835ff10ff55658f67990f16ee26ca;2026-09-16T18:40:18.343781+00:00;true
LOC-0027;LOC-0053;PUBLIC_TRANSIT;2026-08-17T07:00:00+03:00;OK;999;17;3575;LOCAL_TRANSIT_OPTIMISTIC_SCREENING;f790b4555a27d4169a0ebe481f22c1887033b550c277f981d331240402db28ae;57fc7ffd07ec1e30926a80ea810a52ff9214dcfa442f34ec8c9c0f784837b446;2026-09-16T18:40:18.343781+00:00;true
LOC-0027;LOC-0054;PUBLIC_TRANSIT;2026-08-17T07:00:00+03:00;OK;1911;32;3543;LOCAL_TRANSIT_OPTIMISTIC_SCREENING;e532470c906aad47763df6456699d6050334b2c0185916f173131bba9bff6c59;413c2a28d246089ecc29000d2dcbf7cf5b8c8eeb9c53e84dd3fbb000550ea2c2;2026-09-16T18:40:18.343781+00:00;true
LOC-0027;LOC-0061;PUBLIC_TRANSIT;2026-08-17T07:00:00+03:00;OK;1829;31;3996;LOCAL_TRANSIT_OPTIMISTIC_SCREENING;94313150317149b1f5056c95c48a421bcc31fe39d26cccfdd947aabf137f8f82;094e1dfd6054f321a1295f1e65a33142686f699dad70e9eee4ff93547dc8218a;2026-09-16T18:40:18.343781+00:00;true
LOC-0027;LOC-0063;PUBLIC_TRANSIT;2026-08-17T07:00:00+03:00;OK;1551;26;4261;LOCAL_TRANSIT_OPTIMISTIC_SCREENING;0d3261ddefd2a38603bc4d77514a2c5119acfe97ef583fd18ffdf615c6b9daed;1ab4582e7d71ec5b4999c5e155844dfc86cea88ada80d121b5f3f8d2cab1f2e5;2026-09-16T18:40:18.343781+00:00;true
LOC-0027;LOC-0064;PUBLIC_TRANSIT;2026-08-17T07:00:00+03:00;OK;1726;29;3817;LOCAL_TRANSIT_OPTIMISTIC_SCREENING;5ff21feb82d2cddf2fa0a051b9cc12763681778c28c37b57392fc64eb438d8d6;93983975f9ba7083a78e7244b4e3431e288a8572628ab532167b0f655b313a1d;2026-09-16T18:40:18.343781+00:00;true
LOC-0027;LOC-0074;PUBLIC_TRANSIT;2026-08-17T07:00:00+03:00;OK;724;13;1360;LOCAL_TRANSIT_OPTIMISTIC_SCREENING;71d8d8d406c6df970a36e5e212b644f22361d0d98414d8a08384083431bec236;89cfe37442154210ffb94afb721e786e0b08152187254142e56b0630ae3c2bfc;2026-09-16T18:40:18.343781+00:00;true
LOC-0027;LOC-0075;PUBLIC_TRANSIT;2026-08-17T07:00:00+03:00;OK;764;13;1420;LOCAL_TRANSIT_OPTIMISTIC_SCREENING;d1f34eb2506f845172a43166a218ba0239d286e6386e75d6351d4668811a6053;b31550d0a18819936bc22779f5a678114f40a0966c6582bdba23303c843adeda;2026-09-16T18:40:18.343781+00:00;true
LOC-0027;LOC-0076;PUBLIC_TRANSIT;2026-08-17T07:00:00+03:00;OK;1677;28;4385;LOCAL_TRANSIT_OPTIMISTIC_SCREENING;8437ef066ae3e1fcbcd25a5fcdf73fa20d65be80dab40075c77aee7a677ea22a;aea6ab738a3a9354d8c54c4ac8d151b2640eb65d3f56b48f2638405c5187af82;2026-09-16T18:40:18.343781+00:00;true
LOC-0027;LOC-0078;PUBLIC_TRANSIT;2026-08-17T07:00:00+03:00;OK;1190;20;2737;LOCAL_TRANSIT_OPTIMISTIC_SCREENING;59d380a20de78fa0391d67d7c05b45b3b77fccfce847262f892a94b803fbbc39;77413ce903612183442f724e90e0200904411037e2e3b722da4190f68115f38f;2026-09-16T18:40:18.343781+00:00;true
LOC-0027;LOC-0080;PUBLIC_TRANSIT;2026-08-17T07:00:00+03:00;OK;792;14;1769;LOCAL_TRANSIT_OPTIMISTIC_SCREENING;129da09ffa830e0c3f9651baf7a585fa4ade01742e1269deded061a698f5869f;e59e984868098e03f83562cc76e7938c8dd59fa95d48d2c98615c133b9393a7b;2026-09-16T18:40:18.343781+00:00;true
LOC-0027;LOC-0082;PUBLIC_TRANSIT;2026-08-17T07:00:00+03:00;OK;1390;24;3680;LOCAL_TRANSIT_OPTIMISTIC_SCREENING;be151418369370fdb3571137e63d0c798c665fae3304d69d0fe51e3bccb45705;227c21562ed51d73bc15aa5a8a990846d6ba20155f4a5a426dc41a0ba9998b79;2026-09-16T18:40:18.343781+00:00;true
LOC-0027;LOC-0085;PUBLIC_TRANSIT;2026-08-17T07:00:00+03:00;OK;2251;38;5245;LOCAL_TRANSIT_OPTIMISTIC_SCREENING;206b9031f124ffbb33794687427dc3050b7e64712bddd1dbd6454f72b902214d;42d6c4f270979e44c2b66b249c77d5201758d0b4724e877cca04ad6a149683ab;2026-09-16T18:40:18.343781+00:00;true
LOC-0027;LOC-0086;PUBLIC_TRANSIT;2026-08-17T07:00:00+03:00;OK;2315;39;5147;LOCAL_TRANSIT_OPTIMISTIC_SCREENING;504c8bd742797c39ffe8aa8ef26595d6601f79fda008368995c233d33f8344fe;8fed59fc86e51bc41e56a061ac92bcad425bfa8bbec38173225a725aae6d7e11;2026-09-16T18:40:18.343781+00:00;true
LOC-0027;LOC-0091;PUBLIC_TRANSIT;2026-08-17T07:00:00+03:00;OK;1790;30;4602;LOCAL_TRANSIT_OPTIMISTIC_SCREENING;9086bea0b7b757ccc42c2acdb93f43d5064a0db843566a86d26fd3250a9e3361;90a8456b682707327fd153fe440684e0c33c74cbc42e4d6f7ffa280af39fc5b2;2026-09-16T18:40:18.343781+00:00;true
LOC-0027;LOC-0092;PUBLIC_TRANSIT;2026-08-17T07:00:00+03:00;OK;1707;29;4274;LOCAL_TRANSIT_OPTIMISTIC_SCREENING;072069d924c835b1ac16fdae340d0d195071bdebe380c5d992f3c6464b47abe2;5c7c3c50ff282e8b9dfc1d60ad42ddbe81330a5ccddccb84dff3ecfffeacb233;2026-09-16T18:40:18.343781+00:00;true
LOC-0027;LOC-0093;PUBLIC_TRANSIT;2026-08-17T07:00:00+03:00;OK;1669;28;4069;LOCAL_TRANSIT_OPTIMISTIC_SCREENING;9432e5e0c14963e2bbc3020fe4f82b662a3256abfdc35da655188cbca9fe0ed8;95f08e001ade0a55170fdc569d454e1e32ba731711a50775ef64e8ee39bac652;2026-09-16T18:40:18.343781+00:00;true
LOC-0027;LOC-0094;PUBLIC_TRANSIT;2026-08-17T07:00:00+03:00;OK;2559;43;5642;LOCAL_TRANSIT_OPTIMISTIC_SCREENING;fb06fc34abb95dcc252d9c711b63bb85c1c0e551154f837735684280e9498357;7201c912a1aa84c09a3339e6977d035229e268f7550da09fe03bdeccef2d01af;2026-09-16T18:40:18.343781+00:00;true
LOC-0027;LOC-0095;PUBLIC_TRANSIT;2026-08-17T07:00:00+03:00;OK;2533;43;6179;LOCAL_TRANSIT_OPTIMISTIC_SCREENING;068ce3932e2374c9ec196fd9d6341de1b46e5dad267d91a193046e663aa093d9;fe2919964a54ab1cb21b88dd30b8408fe1b5c30c4f44ad2ff68ea75194c91386;2026-09-16T18:40:18.343781+00:00;true
LOC-0027;LOC-0102;PUBLIC_TRANSIT;2026-08-17T07:00:00+03:00;OK;1553;26;4131;LOCAL_TRANSIT_OPTIMISTIC_SCREENING;1cff3233f7abb78f445abf87530d0f8432136b6d7599f4b838c956cb0dcad289;b694f4b1731f692ab98a9457ac362a99be620d677dec895a3ab5e4d7b5ebd95b;2026-09-16T18:40:18.343781+00:00;true
LOC-0027;LOC-0112;PUBLIC_TRANSIT;2026-08-17T07:00:00+03:00;OK;1276;22;2601;LOCAL_TRANSIT_OPTIMISTIC_SCREENING;0bd741a9dc59c24c1969c96d1962bb24ce8894ebb9510c51b635cd1a6466fe2b;2d4306d20e4be5a89c56f1d0f94af9b2deec96940b1de03f52b8a4a69b825ab2;2026-09-16T18:40:18.343781+00:00;true
LOC-0027;LOC-0124;PUBLIC_TRANSIT;2026-08-17T07:00:00+03:00;OK;2096;35;5891;LOCAL_TRANSIT_OPTIMISTIC_SCREENING;5e8dfc97a6edea15d9f3d1cf145842bb4978f2c44ecd203aba23a03b71fbd4c5;4fc792cc6fa06cc4a3f148ef6259bce8d5c6984fd6cff5bb2b7370c129bda602;2026-09-16T18:40:18.343781+00:00;true
LOC-0027;LOC-0125;PUBLIC_TRANSIT;2026-08-17T07:00:00+03:00;OK;844;15;2448;LOCAL_TRANSIT_OPTIMISTIC_SCREENING;abcc73140ea22dec4b64831c01a85c505292f45f677e4679954219ea0b801142;7fcc1387044ffded82cee0566533829d7c29bd4fdeba71ccff595680cc9e9003;2026-09-16T18:40:18.343781+00:00;true
LOC-0027;LOC-0126;PUBLIC_TRANSIT;2026-08-17T07:00:00+03:00;OK;846;15;1726;LOCAL_TRANSIT_OPTIMISTIC_SCREENING;4f96f93f9be3fc6f684c9f508e42f36c6d4d724d94ab22acf350c7392e4e1b31;400d9b2fc0a2ff0221fefd45a2ae83a883b16cf920173200c9a303f956bee071;2026-09-16T18:40:18.343781+00:00;true
LOC-0027;LOC-0128;PUBLIC_TRANSIT;2026-08-17T07:00:00+03:00;OK;1758;30;3612;LOCAL_TRANSIT_OPTIMISTIC_SCREENING;cbf669219077da82a030feb1a9c224af1486a5fd7d03e4c35f6b56d2c1aa1841;4ec385366d18330351d9f87517044b74172aba551666f8bccf3619fe6cb1de20;2026-09-16T18:40:18.343781+00:00;true
LOC-0027;LOC-0134;PUBLIC_TRANSIT;2026-08-17T07:00:00+03:00;OK;1898;32;4583;LOCAL_TRANSIT_OPTIMISTIC_SCREENING;ee4838953200b9c15490fe455ceedaf6d3ebe0360a0cd6288ffd18b9232125c0;7b69296588b372d453ca8ace6a6e5081e7212b6158877225d49573eb72c79958;2026-09-16T18:40:18.343781+00:00;true
LOC-0027;LOC-0135;PUBLIC_TRANSIT;2026-08-17T07:00:00+03:00;OK;1973;33;4626;LOCAL_TRANSIT_OPTIMISTIC_SCREENING;b7643a7a9d1abc14c6b544fc5e83832c04cae756fdf791329f76066ef5e58cc2;e5aea075836202a118614f2f82c7295086ada2c96ad539a12c91a629f5ae9f55;2026-09-16T18:40:18.343781+00:00;true
LOC-0027;LOC-0136;PUBLIC_TRANSIT;2026-08-17T07:00:00+03:00;OK;1917;32;5078;LOCAL_TRANSIT_OPTIMISTIC_SCREENING;3b66fe4c377865b12ecd7b3719d25a91a1696ab350d2440d333eece8db21b9bd;023181d613c2860d7e449a605de2e3eec32da4ec5810b70aa9fabc670685490f;2026-09-16T18:40:18.343781+00:00;true
LOC-0027;LOC-0140;PUBLIC_TRANSIT;2026-08-17T07:00:00+03:00;OK;1169;20;3555;LOCAL_TRANSIT_OPTIMISTIC_SCREENING;eea168737a6648b1ccdb0083428c61b7bb8b18cce7877a39d1546c80710f7dcb;8133035d3ad508a6589982b6ac38bddf56fdfd4ce14c81eeb57ab69db225b7c5;2026-09-16T18:40:18.343781+00:00;true
LOC-0027;LOC-0141;PUBLIC_TRANSIT;2026-08-17T07:00:00+03:00;OK;1930;33;4601;LOCAL_TRANSIT_OPTIMISTIC_SCREENING;93e53ac15346a4f5c920d126fed3d22547571a0d3793f7e2eea5bb97ad27fd86;9be1a38c85cf8734ce8dda51a0cf1509f708727a540e2006438b59a99a799960;2026-09-16T18:40:18.343781+00:00;true
LOC-0027;LOC-0142;PUBLIC_TRANSIT;2026-08-17T07:00:00+03:00;OK;1831;31;4601;LOCAL_TRANSIT_OPTIMISTIC_SCREENING;05a70a5ab5fc3fbf48b3e64962eb8283792588937b39a3809adcadf5c16397f7;647febe5bd6820cebf6c774f666e0bcf3dc4f4eb720393eb234d13d201b3a4e8;2026-09-16T18:40:18.343781+00:00;true
LOC-0027;LOC-0145;PUBLIC_TRANSIT;2026-08-17T07:00:00+03:00;OK;1759;30;5009;LOCAL_TRANSIT_OPTIMISTIC_SCREENING;6e34816570e23a080d82a7a453202c89a955ed992eb4003182f022ba22f89b0c;26d177face3c7e2fecb32ff9aec2ecff39543fdb457a945c346c012ffb3161de;2026-09-16T18:40:18.343781+00:00;true
LOC-0027;LOC-0148;PUBLIC_TRANSIT;2026-08-17T07:00:00+03:00;OK;801;14;1307;LOCAL_TRANSIT_OPTIMISTIC_SCREENING;0d495afb88a9755da9ca79507f6ffe6d9252343d2e42ecf39d36895772271e0d;d5793870bab77b81f86ec01e161afd55e2b05ab297b7d8bdf6b6d30003a5a38c;2026-09-16T18:40:18.343781+00:00;true
LOC-0027;LOC-0149;PUBLIC_TRANSIT;2026-08-17T07:00:00+03:00;OK;716;12;1092;LOCAL_TRANSIT_OPTIMISTIC_SCREENING;d1e2d7a5ec3b924286df1fd647dc80457a265abd3ef2a9c103727f3c08996ecf;22a654a8af215498ac050df464284e092e57d122d91d06330bc0399fade7512b;2026-09-16T18:40:18.343781+00:00;true
LOC-0027;LOC-0150;PUBLIC_TRANSIT;2026-08-17T07:00:00+03:00;OK;583;10;959;LOCAL_TRANSIT_OPTIMISTIC_SCREENING;439b61ea58fab45111ba3b779ef3446bbea4f0cf01259639c57b64bf9271b3f5;0f8128cdb7e5c9dcad5c848a51089490d56c2f216bd6140e3a52cd7cfb776d40;2026-09-16T18:40:18.343781+00:00;true
LOC-0027;LOC-0151;PUBLIC_TRANSIT;2026-08-17T07:00:00+03:00;OK;934;16;1645;LOCAL_TRANSIT_OPTIMISTIC_SCREENING;51baf6d9804e322d6fc9abaf3f278c43640b3f18939de5c8023b5f8bf496d2d0;a3eb296b2c208e5bb087266e7c02706157f43838f9367cb997e8a54948685361;2026-09-16T18:40:18.343781+00:00;true
LOC-0027;LOC-0152;PUBLIC_TRANSIT;2026-08-17T07:00:00+03:00;OK;968;17;1598;LOCAL_TRANSIT_OPTIMISTIC_SCREENING;4c55b180d2c40bdf355e3f5d536d60944a046306e52e216dedcf7119062015ca;b9da0c04b6f72c397175cf682a739c356fba8948a8ec4d032c1b60b15f2820f0;2026-09-16T18:40:18.343781+00:00;true
LOC-0027;LOC-0190;PUBLIC_TRANSIT;2026-08-17T07:00:00+03:00;OK;1479;25;2985;LOCAL_TRANSIT_OPTIMISTIC_SCREENING;9a21c42147bdbe8b58e79c52554f66dd3f995e2db430b93fa5f6c0f6f4763415;e250aacc2550d06bb3ffa5da6fa115f8b8a311fcfdf0ccd640655981c5b73c8b;2026-09-16T18:40:18.343781+00:00;true
LOC-0027;LOC-0196;PUBLIC_TRANSIT;2026-08-17T07:00:00+03:00;OK;999;17;4201;LOCAL_TRANSIT_OPTIMISTIC_SCREENING;e5d7db37d1b625b1fd712a996808012d9c2becb2c69eb123250e4dfb31221f47;0b6403594ebc605237f39f2b6b34b7a029de7524aab66a021a9667636a0eb8dd;2026-09-16T18:40:18.343781+00:00;true
LOC-0028;LOC-0002;PUBLIC_TRANSIT;2026-08-17T07:00:00+03:00;OK;1848;31;3675;LOCAL_TRANSIT_OPTIMISTIC_SCREENING;b8b8e1ef1c4dbc7070976f007172954ba689e813d795303ba323307582d90e93;933d05cdb7c99941f3b81a1641529a9485e27da2bbd7772535b7db00a30fb4ba;2026-09-16T18:40:18.343781+00:00;true
LOC-0028;LOC-0008;PUBLIC_TRANSIT;2026-08-17T07:00:00+03:00;OK;2105;36;7244;LOCAL_TRANSIT_OPTIMISTIC_SCREENING;d91d7866cece70af9f9a6178a1fbaf405fa9ff770c5535a27de97529f8ab63e9;a144bc9f68226e216b6e8524647044892c3a88e443b7eda6c5c74a7d27d86048;2026-09-16T18:40:18.343781+00:00;true
LOC-0028;LOC-0009;PUBLIC_TRANSIT;2026-08-17T07:00:00+03:00;OK;2577;43;5086;LOCAL_TRANSIT_OPTIMISTIC_SCREENING;1b3b61be1083f5cef392915b5644b92f7e2186f4ccbef1eb3b4a5edda8527620;d101c5ff9ab778781101c070c1ba855531d41126d6f05611e50f1f90183b6524;2026-09-16T18:40:18.343781+00:00;true
LOC-0028;LOC-0010;PUBLIC_TRANSIT;2026-08-17T07:00:00+03:00;OK;2046;35;7821;LOCAL_TRANSIT_OPTIMISTIC_SCREENING;ef45a6357f89838eb0224fa5ab4a2914cae1ba065ff0a26852e3a24484ec7b00;c2f0ea4e5b8197e5745033a52e1ce99765d43d1f0c9c75b963cb662553229b62;2026-09-16T18:40:18.343781+00:00;true
LOC-0028;LOC-0011;PUBLIC_TRANSIT;2026-08-17T07:00:00+03:00;OK;2155;36;6720;LOCAL_TRANSIT_OPTIMISTIC_SCREENING;a7641be6cb4e355d8d56470e339f9d2089ec1040d72373d4b80961ca7339b2f8;262fb772d8ab12cc47f80917b88b058a5e4f5e46d5978459d68f155822a58215;2026-09-16T18:40:18.343781+00:00;true
LOC-0028;LOC-0012;PUBLIC_TRANSIT;2026-08-17T07:00:00+03:00;OK;2086;35;6705;LOCAL_TRANSIT_OPTIMISTIC_SCREENING;5968a6f31b0cc7de992050c805093f32f9cc8f0c039a438c099a56fcbd6487f1;7f2c67189f7097a76212d57b29f759022bb21905817419391128d38d84054287;2026-09-16T18:40:18.343781+00:00;true
LOC-0028;LOC-0013;PUBLIC_TRANSIT;2026-08-17T07:00:00+03:00;OK;2213;37;3809;LOCAL_TRANSIT_OPTIMISTIC_SCREENING;f0c41340ebf55a8a5857a94ca66201aaa8f3698f570a4c790acd08cf14cdcdd8;402c5c10a842321d223e6692e6e0306a2feda553a84f030dc9fe7d09c963fe6e;2026-09-16T18:40:18.343781+00:00;true
LOC-0028;LOC-0016;PUBLIC_TRANSIT;2026-08-17T07:00:00+03:00;OK;1137;19;1196;LOCAL_TRANSIT_OPTIMISTIC_SCREENING;86bf5d5be88471b951b3aa60ed62569c44b3147679fb1c254684e4425f7f50b8;5d5ba4258a3cecf429d22a3ecbf0e9e982669c2019b8966ff9052011e3b112c3;2026-09-16T18:40:18.343781+00:00;true
LOC-0028;LOC-0017;PUBLIC_TRANSIT;2026-08-17T07:00:00+03:00;OK;1887;32;4243;LOCAL_TRANSIT_OPTIMISTIC_SCREENING;47809c589c0aaf0e4e893d48d89fb90c1455a138603137712e28587aa59dac1b;0e9c53eeefbafdcd44c3841cbb79aa5d1939fd805dc7629a8f57814dcde2ee55;2026-09-16T18:40:18.343781+00:00;true
LOC-0028;LOC-0018;PUBLIC_TRANSIT;2026-08-17T07:00:00+03:00;OK;1903;32;4897;LOCAL_TRANSIT_OPTIMISTIC_SCREENING;7b36d362deb6b8268d06048b757d501e532027d08a43282d974f8c7f552455f1;c7945cef866a55c13a43f1e6bde24f58d4306971a2fe7f18a393189969c36b31;2026-09-16T18:40:18.343781+00:00;true
LOC-0028;LOC-0019;PUBLIC_TRANSIT;2026-08-17T07:00:00+03:00;OK;2262;38;8123;LOCAL_TRANSIT_OPTIMISTIC_SCREENING;e5ac015f842027e09c4589c29ebe3f8b936f74589ee1139850515d68039a3f3c;79db067aaa34f48093f27c04947d238bde55232fca038b945eb37d343dd4c5e4;2026-09-16T18:40:18.343781+00:00;true
LOC-0028;LOC-0020;PUBLIC_TRANSIT;2026-08-17T07:00:00+03:00;OK;2695;45;8144;LOCAL_TRANSIT_OPTIMISTIC_SCREENING;672faf3f5e53b2776a2c9494d69623ae746ee582ceead79254cf1dcdc67ffb78;8d3c3b89f3946e28f29ff65d638d8c417a2150959efcd956a938c797f9126141;2026-09-16T18:40:18.343781+00:00;true
LOC-0028;LOC-0023;PUBLIC_TRANSIT;2026-08-17T07:00:00+03:00;OK;2141;36;6164;LOCAL_TRANSIT_OPTIMISTIC_SCREENING;cbffc66c5f13a497630124355cf900b27aa20551a5d9ec16ce69559dacc0befb;05a9b374f432d51ff3004948b956a1c748d3a6d43285a71eef64df2144a963f3;2026-09-16T18:40:18.343781+00:00;true
LOC-0028;LOC-0027;PUBLIC_TRANSIT;2026-08-17T07:00:00+03:00;OK;1466;25;3051;LOCAL_TRANSIT_OPTIMISTIC_SCREENING;ff4637bea63e613c39f91c0c8f5dde2971825d929058fcddfc0d57f240ae480f;b69c8faa744c64b3b26f79deab5934219980aa174445d9eaf7bc01eb3ee5239d;2026-09-16T18:40:18.343781+00:00;true
LOC-0028;LOC-0028;PUBLIC_TRANSIT;2026-08-17T07:00:00+03:00;OK;0;0;0;LOCAL_TRANSIT_OPTIMISTIC_SCREENING;ef42ac19665def28378a87998b20685ccc58ea329fd8fc9ee6ae889c47ad9f59;3d5812abc84c11768aa73a732c85d75dbed439188f5bb3239e9b762ea31d9862;2026-09-16T18:40:18.343781+00:00;true
LOC-0028;LOC-0029;PUBLIC_TRANSIT;2026-08-17T07:00:00+03:00;OK;191;4;270;LOCAL_TRANSIT_OPTIMISTIC_SCREENING;24bc84c43178d7ca76df7fc32411f095aadbafae69bb7f496de8a9f58e2944c3;5ef48506a932cbce938355e121e865684be99ce41207482d56e2be858c4fce8c;2026-09-16T18:40:18.343781+00:00;true
LOC-0028;LOC-0037;PUBLIC_TRANSIT;2026-08-17T07:00:00+03:00;OK;1681;29;4762;LOCAL_TRANSIT_OPTIMISTIC_SCREENING;04b896f1bb5303252682219e05de21c32a7ea7d759c2a41d30fda74eed1aad24;80c8b3c3e6aba152ca253f180c65f1ef62dc01e58727fba7c94a0a485172df7c;2026-09-16T18:40:18.343781+00:00;true
LOC-0028;LOC-0045;PUBLIC_TRANSIT;2026-08-17T07:00:00+03:00;OK;1031;18;1839;LOCAL_TRANSIT_OPTIMISTIC_SCREENING;3aec0fb096303b3fa1a0f0fa9ec2ad05e5f94c2dcdb4f6e976c5b819ba10ba2e;112e2c23bd90ccec1a75c48610d632cd8c8b3e88445129cc7ebc4429a2ce4d64;2026-09-16T18:40:18.343781+00:00;true
LOC-0028;LOC-0053;PUBLIC_TRANSIT;2026-08-17T07:00:00+03:00;OK;932;16;1092;LOCAL_TRANSIT_OPTIMISTIC_SCREENING;70e40007e4d088bc8cd377aa36fa3d3034234d12f8685d77a933f08611545277;31c2f93bbd3eadd8e7ecd3c5cb2c75fa03f8806f3af4177f1456fe99a69e6888;2026-09-16T18:40:18.343781+00:00;true
LOC-0028;LOC-0054;PUBLIC_TRANSIT;2026-08-17T07:00:00+03:00;OK;1834;31;4544;LOCAL_TRANSIT_OPTIMISTIC_SCREENING;8cc2de3c9c8c5c636c6c289499796f8805e260abdbf45365353d9973b67dd951;15435477d26684979f3a50f284b42e0036d90caf06f420f55fc2819b6c757c12;2026-09-16T18:40:18.343781+00:00;true
LOC-0028;LOC-0061;PUBLIC_TRANSIT;2026-08-17T07:00:00+03:00;OK;2163;37;6481;LOCAL_TRANSIT_OPTIMISTIC_SCREENING;430e81a7c896a6ca99fbabeef9a1447e8ef5c1294e8763c293a939ae0164add7;a994c9f70465f430e1e7e142e453b4163b0f1855d7c23ab581a274e9d5e8bef8;2026-09-16T18:40:18.343781+00:00;true
LOC-0028;LOC-0063;PUBLIC_TRANSIT;2026-08-17T07:00:00+03:00;OK;988;17;1780;LOCAL_TRANSIT_OPTIMISTIC_SCREENING;6790012a6d15400736c0be35917f01337c8d65631bc6a6c2eb9fbe65ec5d1af0;70cc0d136a9cb0481a557eaa257b935de4453057290205f7b97e09fea09a0aa2;2026-09-16T18:40:18.343781+00:00;true
LOC-0028;LOC-0064;PUBLIC_TRANSIT;2026-08-17T07:00:00+03:00;OK;1163;20;1642;LOCAL_TRANSIT_OPTIMISTIC_SCREENING;b3f502cd01853756d414edb7c9fee962ddb4a3e7e58692c8556e0c58ea4d571d;724cefbba77f6cbdc5a7bca7ce303e0e675137fe6f4c0eecd7fcefb128ef52c8;2026-09-16T18:40:18.343781+00:00;true
LOC-0028;LOC-0074;PUBLIC_TRANSIT;2026-08-17T07:00:00+03:00;OK;1837;31;4367;LOCAL_TRANSIT_OPTIMISTIC_SCREENING;67d3a9dcca84b247cc29e76fa8d6169c4e43b3d8eaf61f1e467f93c88f72891a;24b6072ae51559832392977aecaedf80f6cc4a5be2751b13dcabf62e3f6840da;2026-09-16T18:40:18.343781+00:00;true
LOC-0028;LOC-0075;PUBLIC_TRANSIT;2026-08-17T07:00:00+03:00;OK;1877;32;4245;LOCAL_TRANSIT_OPTIMISTIC_SCREENING;8b3f1b8f6565733b951156aaed3bb644529c435897d0485e015b5d915df3a33b;57b6baab6568ead22f24128ede2d8438cf20372966a4068511af24db32f65572;2026-09-16T18:40:18.343781+00:00;true
LOC-0028;LOC-0076;PUBLIC_TRANSIT;2026-08-17T07:00:00+03:00;OK;1433;24;1363;LOCAL_TRANSIT_OPTIMISTIC_SCREENING;25da69aea2486b33e938e6bfcccc525ac0e2f9e05423df7f6f02b8a23b7c4c3a;015711b9f7f74556ceba964eb7d5d6339282a8f89af5210e256f2b144b80ef69;2026-09-16T18:40:18.343781+00:00;true
LOC-0028;LOC-0078;PUBLIC_TRANSIT;2026-08-17T07:00:00+03:00;OK;1016;17;1572;LOCAL_TRANSIT_OPTIMISTIC_SCREENING;8cf26f4bca1ce3f134cc659de47de3c3cb00ae85330084ff8a95431245befdb5;6914781f08320dc8c6a8bb2351140abf8859f05cc6506be32ce6d2f3fe223e50;2026-09-16T18:40:18.343781+00:00;true
LOC-0028;LOC-0080;PUBLIC_TRANSIT;2026-08-17T07:00:00+03:00;OK;2060;35;4708;LOCAL_TRANSIT_OPTIMISTIC_SCREENING;f4aee36c9f1f8a23d6d7c16a5b6fe73f7205bb03e8796c37790e47a192f43abb;c8e939838e4b28d44c8db14def22ce929830c0b4ae85b507fec069fd15b16913;2026-09-16T18:40:18.343781+00:00;true
LOC-0028;LOC-0082;PUBLIC_TRANSIT;2026-08-17T07:00:00+03:00;OK;827;14;1053;LOCAL_TRANSIT_OPTIMISTIC_SCREENING;d13e74250eb1736f2b6655ed9c89093956bc9d41594d33efce8b02c719e76c1d;903a9a4a15a217396f92e2f7233c4754bc0e5de48372270d1dd770839302db54;2026-09-16T18:40:18.343781+00:00;true
LOC-0028;LOC-0085;PUBLIC_TRANSIT;2026-08-17T07:00:00+03:00;OK;2243;38;4565;LOCAL_TRANSIT_OPTIMISTIC_SCREENING;a3c1521bbc0897c0ca07e840e4e72992d45f08f6f2f7830b8db6157b2a3a3022;4b251df739e023972b3b8cfce8104c92137eefa3632c6486673ec64603d1b0fc;2026-09-16T18:40:18.343781+00:00;true
LOC-0028;LOC-0086;PUBLIC_TRANSIT;2026-08-17T07:00:00+03:00;OK;2307;39;4634;LOCAL_TRANSIT_OPTIMISTIC_SCREENING;2e15a207e042f633ebbb5dd99f51d7fcb42581acc57630c4cb0495e5c2ce795b;c01d8c1d7d3898ca23c67a635846a34ddb87fb178dedbd3ffda6a10560f1a667;2026-09-16T18:40:18.343781+00:00;true
LOC-0028;LOC-0091;PUBLIC_TRANSIT;2026-08-17T07:00:00+03:00;OK;2145;36;7386;LOCAL_TRANSIT_OPTIMISTIC_SCREENING;53ab3059d31e014fc9938d6c52aec6d715e14bf33bfb9cea7f15bdbfb466892e;62b09643de6be4c47a985b46977fb89470d9e9662a805eeda24ba8c8e267fb39;2026-09-16T18:40:18.343781+00:00;true
LOC-0028;LOC-0092;PUBLIC_TRANSIT;2026-08-17T07:00:00+03:00;OK;2276;38;7188;LOCAL_TRANSIT_OPTIMISTIC_SCREENING;9ef0c4371acfdf6af0d2c59ae633394e30d4f2811fdf562c539d077e25145350;d21d5b6c9acb7ef1b5d4916861109648fc868082da2d013d76a58e9b8089373d;2026-09-16T18:40:18.343781+00:00;true
LOC-0028;LOC-0093;PUBLIC_TRANSIT;2026-08-17T07:00:00+03:00;OK;2252;38;6983;LOCAL_TRANSIT_OPTIMISTIC_SCREENING;0ea203282ed7e545dba2b55580873b0fb9204486d0013b2b2ea19af685576f01;2738ea1d6b72c59a9ac9ed0dc21a681414ff4a647e9e1f34304bb2004608fd85;2026-09-16T18:40:18.343781+00:00;true
LOC-0028;LOC-0094;PUBLIC_TRANSIT;2026-08-17T07:00:00+03:00;OK;2551;43;4921;LOCAL_TRANSIT_OPTIMISTIC_SCREENING;1685e064fd459ba52cc8258df6bc6108566697cfb607653c1fc9d5699e1ef3c4;d15fc61a3762d5aa6f7d966a492e4b883168ffdd9c8660c32c3d4ec23ae0c5c0;2026-09-16T18:40:18.343781+00:00;true
LOC-0028;LOC-0095;PUBLIC_TRANSIT;2026-08-17T07:00:00+03:00;OK;2444;41;5059;LOCAL_TRANSIT_OPTIMISTIC_SCREENING;cfe6cbb5bcd4ca363ec94f8b59e70ebfdfec51ad44da01c4db09ef0947e2a4c8;64b6f39d3b3254e3ed7e8ae98b97c6a7757d4d1f892665e41ea4b172b9b3e0be;2026-09-16T18:40:18.343781+00:00;true
LOC-0028;LOC-0102;PUBLIC_TRANSIT;2026-08-17T07:00:00+03:00;OK;1462;25;2223;LOCAL_TRANSIT_OPTIMISTIC_SCREENING;d2af5491e3f5123749be3ac0c9952a20a7ff11e388c7ac1748c7b30bc13d47ca;7bd24474df275ef50d8f4cf053892dde3b96f767ef3422a36c5c157b54a49196;2026-09-16T18:40:18.343781+00:00;true
LOC-0028;LOC-0112;PUBLIC_TRANSIT;2026-08-17T07:00:00+03:00;OK;2389;40;5578;LOCAL_TRANSIT_OPTIMISTIC_SCREENING;6dd54d5a9c5f95217637b85350cbc566078212555a7c1dda7de9c77d9e85d555;ebef107113904cd19dc5bf1823599207e55d71ad0ebe74fcc9ebe174f6f2d994;2026-09-16T18:40:18.343781+00:00;true
LOC-0028;LOC-0124;PUBLIC_TRANSIT;2026-08-17T07:00:00+03:00;OK;2537;43;5322;LOCAL_TRANSIT_OPTIMISTIC_SCREENING;680d61c24540e45ba6a623338fe1521271b89180b2e2c3c47b7d390aab4f0054;09e37b3dcc349c2f000932c09cddf9bbc3e7dd8fe2d0d68eaf8afdab93c38f74;2026-09-16T18:40:18.343781+00:00;true
LOC-0028;LOC-0125;PUBLIC_TRANSIT;2026-08-17T07:00:00+03:00;OK;1825;31;5277;LOCAL_TRANSIT_OPTIMISTIC_SCREENING;aabcfcb4d3cb2560f558fdb2eb96313044f4bcc9f887fe50319f594ccd3614ae;c97829fe2a3c1c008c33345ddae7b1db007ab7d2c62b7b3579b65553bd6a0531;2026-09-16T18:40:18.343781+00:00;true
LOC-0028;LOC-0126;PUBLIC_TRANSIT;2026-08-17T07:00:00+03:00;OK;1804;31;4544;LOCAL_TRANSIT_OPTIMISTIC_SCREENING;359d8c392153f2617bbda147bea7200408db2fa72a68675adbebab4871fa24c8;69586739a0f7b21f692371fc6a6a537d5db0943c22cb9aa58bef47044048b905;2026-09-16T18:40:18.343781+00:00;true
LOC-0028;LOC-0128;PUBLIC_TRANSIT;2026-08-17T07:00:00+03:00;OK;1681;29;4455;LOCAL_TRANSIT_OPTIMISTIC_SCREENING;55c4fa211760bfa9df1906beaea064a7f2c8d4bdba78a150cec6582c7a730940;adc49071de76a424466a70ab2e82485cf2d31436585d0f4bf195c239974be44a;2026-09-16T18:40:18.343781+00:00;true
LOC-0028;LOC-0134;PUBLIC_TRANSIT;2026-08-17T07:00:00+03:00;OK;1890;32;3824;LOCAL_TRANSIT_OPTIMISTIC_SCREENING;78c2d6d191f028be3767d3bd742672e952fca3b409daede3eb0d0aef3fa3d686;8db356a458bbb8e0c25cbfe91da2182ea0df834aaf187a0aaf8d76803116cc70;2026-09-16T18:40:18.343781+00:00;true
LOC-0028;LOC-0135;PUBLIC_TRANSIT;2026-08-17T07:00:00+03:00;OK;1965;33;3754;LOCAL_TRANSIT_OPTIMISTIC_SCREENING;1ab70c3ad9596d47eb2b0458de8ce9552dc6153c3a725ea227445c57432c3ba2;ad9fa0d18536c909ab367359badbe4c9240269685527a726d6bce71d54a7cc2b;2026-09-16T18:40:18.343781+00:00;true
LOC-0028;LOC-0136;PUBLIC_TRANSIT;2026-08-17T07:00:00+03:00;OK;1909;32;4108;LOCAL_TRANSIT_OPTIMISTIC_SCREENING;b08744ec2aa1d0d0e86f60bc0437ddc8fd07e429dab6a4daffc21316063213e7;11ae8f4db34ebd105a6e9f733507f0838d07d40733e2858c83b96ae7a769d648;2026-09-16T18:40:18.343781+00:00;true
LOC-0028;LOC-0140;PUBLIC_TRANSIT;2026-08-17T07:00:00+03:00;OK;1281;22;1623;LOCAL_TRANSIT_OPTIMISTIC_SCREENING;ae9638b743e24690576d84a43f28a06a25db3c9ac7876cf10cf7fd09471bc3b6;861c84b5dcdee69685919afade753b5465331a26457b72dbcfe76ccecf22381d;2026-09-16T18:40:18.343781+00:00;true
LOC-0028;LOC-0141;PUBLIC_TRANSIT;2026-08-17T07:00:00+03:00;OK;2056;35;5062;LOCAL_TRANSIT_OPTIMISTIC_SCREENING;8171a69a8bfaf3360112cf8c49df5571f55f99cc9d5a181a71d59028fff3ed4b;9d3fdcde0776a6a2049134e71032cdc915162d86534f959460b3b88f5e61c7d0;2026-09-16T18:40:18.343781+00:00;true
LOC-0028;LOC-0142;PUBLIC_TRANSIT;2026-08-17T07:00:00+03:00;OK;1957;33;5140;LOCAL_TRANSIT_OPTIMISTIC_SCREENING;a0fe66570d6e6b7f046334c0d5d17bc3b82f6207873d4da088775d2e8e6dbe82;3d5dc6d7f0d9a0c2c54386fd07a6b8afbe299b1341084ec70243da8b874d9a78;2026-09-16T18:40:18.343781+00:00;true
LOC-0028;LOC-0145;PUBLIC_TRANSIT;2026-08-17T07:00:00+03:00;OK;2447;41;7994;LOCAL_TRANSIT_OPTIMISTIC_SCREENING;0d62970412f6f2055fb49e6d6309f7dc5dcd6b7ce24d9a812615d7bdee85bda3;c9be3964aa4725922399535b4568e90d3e6570ba0a05e6d4b91fb2ef834b2a74;2026-09-16T18:40:18.343781+00:00;true
LOC-0028;LOC-0148;PUBLIC_TRANSIT;2026-08-17T07:00:00+03:00;OK;1914;32;4068;LOCAL_TRANSIT_OPTIMISTIC_SCREENING;3eab5a3b7ea1255b489a7b5fadff837f3c80cc5f6ff4ac71126d20db82ffbd57;8b19675ebe86b3119174042b3978e5d7a838b3c1bee4c73dddb08d68bd7fe22e;2026-09-16T18:40:18.343781+00:00;true
LOC-0028;LOC-0149;PUBLIC_TRANSIT;2026-08-17T07:00:00+03:00;OK;1829;31;3966;LOCAL_TRANSIT_OPTIMISTIC_SCREENING;e7269e82291e2a52bbfd5f04c40362a0d1bd48debeb157e59c08514bb9d73f04;999b12851707e4f2744cf3a2eb4db230aafd53af66a51598a48a6e2ccfd10dc0;2026-09-16T18:40:18.343781+00:00;true
LOC-0028;LOC-0150;PUBLIC_TRANSIT;2026-08-17T07:00:00+03:00;OK;1696;29;3903;LOCAL_TRANSIT_OPTIMISTIC_SCREENING;ad0c9b8de89c43624a1399df3e4880988a1f4c247df01b02f67794563cc88b51;7d63b4f2601e20026e83ad8b6ad28621227e04059700ffe534d35da019bbf037;2026-09-16T18:40:18.343781+00:00;true
LOC-0028;LOC-0151;PUBLIC_TRANSIT;2026-08-17T07:00:00+03:00;OK;2027;34;4181;LOCAL_TRANSIT_OPTIMISTIC_SCREENING;6ad614ad6e0dde9e549ebe55434fca3b2734a2f5f5d1135472131acbb8a85c51;bce337d85c494cbdcbee09e3c14670663196e4fcb0d435f871606a9bda31a5e6;2026-09-16T18:40:18.343781+00:00;true
LOC-0028;LOC-0152;PUBLIC_TRANSIT;2026-08-17T07:00:00+03:00;OK;2028;34;4109;LOCAL_TRANSIT_OPTIMISTIC_SCREENING;604476f4b3a7763ba2ad2dc7daa12d44cfb24aadc9884fd5f2ae43601fe21e5e;8aa2d6c31cefa77e1b9ac71965f2382181943fcabb456bc4975be704b166084f;2026-09-16T18:40:18.343781+00:00;true
LOC-0028;LOC-0190;PUBLIC_TRANSIT;2026-08-17T07:00:00+03:00;OK;1813;31;5357;LOCAL_TRANSIT_OPTIMISTIC_SCREENING;3605e3cbd4c5f83f16eb0421420eb4274e99d42bec166e4721e322e9acb69e53;341184993998b596aeacec4831f42c4eb93fccf2671088360be58c484bda858f;2026-09-16T18:40:18.343781+00:00;true
LOC-0028;LOC-0196;PUBLIC_TRANSIT;2026-08-17T07:00:00+03:00;OK;2156;36;6819;LOCAL_TRANSIT_OPTIMISTIC_SCREENING;67ee281c9568b96d28dfeef6d31925b20c00a337131e0797a1c449361414ad39;20c9ed825b1725aea8c9d48261aa017b6c5c2fef8f68d9745222d7b065444850;2026-09-16T18:40:18.343781+00:00;true
LOC-0029;LOC-0002;PUBLIC_TRANSIT;2026-08-17T07:00:00+03:00;OK;1912;32;3727;LOCAL_TRANSIT_OPTIMISTIC_SCREENING;ff4ee4058b4b59588769369ddaab48757c25c27b1899341c6bb3952f01fa36b6;2df58b8291a3d16e9b6f1fc22ee1f9dd9b078e9ea9dd9d9f2534fb8618da216b;2026-09-16T18:40:18.343781+00:00;true
LOC-0029;LOC-0008;PUBLIC_TRANSIT;2026-08-17T07:00:00+03:00;OK;2040;34;7229;LOCAL_TRANSIT_OPTIMISTIC_SCREENING;09e4978ff0ddccf969de1a32ac4cf3ce2b147b3b82fd4a3772364ff2529f625e;b5c73fbdb3476f8af81172efe1ca28c2ff8614e39094055b3ad5a0b6b75d0060;2026-09-16T18:40:18.343781+00:00;true
LOC-0029;LOC-0009;PUBLIC_TRANSIT;2026-08-17T07:00:00+03:00;OK;2522;43;5021;LOCAL_TRANSIT_OPTIMISTIC_SCREENING;c7ceae6c981fc3900951a130f8da79ae73dffdd959ee464defd100fe2e7874f2;924266438d1c8432fc45bf7ce24ac929214031471a71f362a255f68e2d10fbe5;2026-09-16T18:40:18.343781+00:00;true
LOC-0029;LOC-0010;PUBLIC_TRANSIT;2026-08-17T07:00:00+03:00;OK;1981;34;7803;LOCAL_TRANSIT_OPTIMISTIC_SCREENING;68437565feef4ea8bc3a2235e54893021ed3e434085615143a06edce13a01a63;4d057a6ad856e650910278e3acc7822817c705b721ff7f08a0d9c1a232fcb31e;2026-09-16T18:40:18.343781+00:00;true
LOC-0029;LOC-0011;PUBLIC_TRANSIT;2026-08-17T07:00:00+03:00;OK;2219;37;6711;LOCAL_TRANSIT_OPTIMISTIC_SCREENING;625b392198d2df13c493a4d1702fbd05fdf8648cab0cd5ec30d455a03fd2c681;40f67c1403865e0d5b1b9cf8c090135b24774230500fb30bdb44c80721c11b21;2026-09-16T18:40:18.343781+00:00;true
LOC-0029;LOC-0012;PUBLIC_TRANSIT;2026-08-17T07:00:00+03:00;OK;2021;34;6686;LOCAL_TRANSIT_OPTIMISTIC_SCREENING;33eb151550633a7117664e256053678617f1826d404d5d6aed15dc4b2eb72ad8;ba644feb12979cd607eef7d765fd51cd9dcb2493396f670e78284426d42dbd4d;2026-09-16T18:40:18.343781+00:00;true
LOC-0029;LOC-0013;PUBLIC_TRANSIT;2026-08-17T07:00:00+03:00;OK;2277;38;3876;LOCAL_TRANSIT_OPTIMISTIC_SCREENING;5a6a840858edc675b83fc230f63c0f60fe3d3aeea714732823e7a36671fd128a;5cbe971bf8037760fe1632059c2e2b5d7ebdeea6c4541814146df0ff9d955d32;2026-09-16T18:40:18.343781+00:00;true
LOC-0029;LOC-0016;PUBLIC_TRANSIT;2026-08-17T07:00:00+03:00;OK;1147;20;1272;LOCAL_TRANSIT_OPTIMISTIC_SCREENING;ad25029a3e769206920ea8c3dffa5d03a6b19b3e130427270d0bc9df515b8392;47cdf0aaff99469b3f246f7133d67a29441c46b795c855139c8434d3fc7d8269;2026-09-16T18:40:18.343781+00:00;true
LOC-0029;LOC-0017;PUBLIC_TRANSIT;2026-08-17T07:00:00+03:00;OK;1822;31;4173;LOCAL_TRANSIT_OPTIMISTIC_SCREENING;c071ee630cd71c611e636669d86b4d21eb885c06330b2d49559873893acf5cfa;1a21f89b6abdbd537c650f74cc467895b4d19b1818a75cd21c3dff5973b20333;2026-09-16T18:40:18.343781+00:00;true
LOC-0029;LOC-0018;PUBLIC_TRANSIT;2026-08-17T07:00:00+03:00;OK;1838;31;4831;LOCAL_TRANSIT_OPTIMISTIC_SCREENING;90ba88b67023813edc5bd87159ab43b82287d7f88984a2a855247fd281ed16af;2f8b9867771f598fd4ea9234f88c648d2e6d06d8a7d7f6c3d4662427b9427329;2026-09-16T18:40:18.343781+00:00;true
LOC-0029;LOC-0019;PUBLIC_TRANSIT;2026-08-17T07:00:00+03:00;OK;2197;37;8104;LOCAL_TRANSIT_OPTIMISTIC_SCREENING;d43602e7dd3487c98177b1908a877df7ea6d3e685cb0fbb2fca962e283516c19;51b9dd999ab3753e9840e377b49632f018f458bfba9a902e1004bbd8314cba78;2026-09-16T18:40:18.343781+00:00;true
LOC-0029;LOC-0020;PUBLIC_TRANSIT;2026-08-17T07:00:00+03:00;OK;2630;44;8109;LOCAL_TRANSIT_OPTIMISTIC_SCREENING;09c31f19c2240511faa893853ca3e64c14974a133fdb6fbf63bb64abcffa9a31;e0af26ace59cb57f933674ef27c8a6756bec29f523fc28bda3f78c748959620e;2026-09-16T18:40:18.343781+00:00;true
LOC-0029;LOC-0023;PUBLIC_TRANSIT;2026-08-17T07:00:00+03:00;OK;2076;35;6101;LOCAL_TRANSIT_OPTIMISTIC_SCREENING;88fe72b74de2eaf0db88a27c8bf62e9c5d33c496359f541aa4de08547500a8f7;46d0f84a97a7dbffab98fd2d988d491829efd88a910cbf37b06e584ed642133c;2026-09-16T18:40:18.343781+00:00;true
LOC-0029;LOC-0027;PUBLIC_TRANSIT;2026-08-17T07:00:00+03:00;OK;1491;25;3002;LOCAL_TRANSIT_OPTIMISTIC_SCREENING;d2774b33e800dd2a9d9bd5a05824abacddec5c07dd19e4c2fc0e0f8bd8f588a0;664128481b1cdc367d89eed52b74fa9d21d19299e32c73fa095e5dba81224ce5;2026-09-16T18:40:18.343781+00:00;true
LOC-0029;LOC-0028;PUBLIC_TRANSIT;2026-08-17T07:00:00+03:00;OK;191;4;270;LOCAL_TRANSIT_OPTIMISTIC_SCREENING;174d6feb3c7546be0f7ed40358807cc2ec0b4bb5025b7e9ff72535bf3f397f70;5ef48506a932cbce938355e121e865684be99ce41207482d56e2be858c4fce8c;2026-09-16T18:40:18.343781+00:00;true
LOC-0029;LOC-0029;PUBLIC_TRANSIT;2026-08-17T07:00:00+03:00;OK;0;0;0;LOCAL_TRANSIT_OPTIMISTIC_SCREENING;b53b81a3f19dfac4eebf13c3b17be9b611ae5e34ce5df6786318224c5ccfadf9;3d5812abc84c11768aa73a732c85d75dbed439188f5bb3239e9b762ea31d9862;2026-09-16T18:40:18.343781+00:00;true
LOC-0029;LOC-0037;PUBLIC_TRANSIT;2026-08-17T07:00:00+03:00;OK;1745;30;4790;LOCAL_TRANSIT_OPTIMISTIC_SCREENING;4f34eb4857afb2db0c822248d5956cab2f1c7fd7054ab043f1a242df2558e2cb;d2cce62f98b27b05248322702fa8f2243d30fa4a1af026ea4147b572f673f9dd;2026-09-16T18:40:18.343781+00:00;true
LOC-0029;LOC-0045;PUBLIC_TRANSIT;2026-08-17T07:00:00+03:00;OK;966;17;1760;LOCAL_TRANSIT_OPTIMISTIC_SCREENING;39702b7c9d55a5e1f25eaef989cd8d55cb2f274359948656b2d45a0aa5b118bb;966f3e175b948c608a7c5478ec92d81dec49687b303765abb7700dd333966f14;2026-09-16T18:40:18.343781+00:00;true
LOC-0029;LOC-0053;PUBLIC_TRANSIT;2026-08-17T07:00:00+03:00;OK;987;17;1170;LOCAL_TRANSIT_OPTIMISTIC_SCREENING;3522fdae7565a6dcd009983e1bfa8847897b3ec62d6acdd9a0a7c632f0e89d8e;366b77fd244ed8a564e93dd26c584c4f59e4c02ecf108d0849629a855cd53bb9;2026-09-16T18:40:18.343781+00:00;true
LOC-0029;LOC-0054;PUBLIC_TRANSIT;2026-08-17T07:00:00+03:00;OK;1898;32;4563;LOCAL_TRANSIT_OPTIMISTIC_SCREENING;e076a2b611796598308df3b510de079517076c68ae2349ae96d2ef0ba9c4a5da;03a72b9cd0e965e9879120c5a2d27e4c1a05ab805024f0313508f09ffe6bf787;2026-09-16T18:40:18.343781+00:00;true
LOC-0029;LOC-0061;PUBLIC_TRANSIT;2026-08-17T07:00:00+03:00;OK;2098;35;6466;LOCAL_TRANSIT_OPTIMISTIC_SCREENING;8751ba96c136a2ba266928ecad8c09a72b88da778aa6b79a9a4b252a489b4d10;4410c7f4127ad5d460308aec12c7962d6796c101e3d637b107cbea1c47f0c2ba;2026-09-16T18:40:18.343781+00:00;true
LOC-0029;LOC-0063;PUBLIC_TRANSIT;2026-08-17T07:00:00+03:00;OK;933;16;1752;LOCAL_TRANSIT_OPTIMISTIC_SCREENING;c3cd093709f799eb1ece683d9015faa2560bc1422f40e30f7f488a22c2b130bb;eebdb97b4c565e8cb988779798bc8016bf792632e52d0523acb1377262fa36db;2026-09-16T18:40:18.343781+00:00;true
LOC-0029;LOC-0064;PUBLIC_TRANSIT;2026-08-17T07:00:00+03:00;OK;1108;19;1594;LOCAL_TRANSIT_OPTIMISTIC_SCREENING;bf0528af2418a61cce6374477fe18685e85a6ede79dc01dccfb7b10266f90f29;9c2d2eb260f7b5beed9aa024844572317f94b4df2150585a49c68d61d0d5886e;2026-09-16T18:40:18.343781+00:00;true
LOC-0029;LOC-0074;PUBLIC_TRANSIT;2026-08-17T07:00:00+03:00;OK;1772;30;4312;LOCAL_TRANSIT_OPTIMISTIC_SCREENING;34828ded44ff63730401998a6c8b4383a031bc115c4372f54e4f33d84f97671b;7cbd674333904a5508dbc800c7b80f5c3c75b6864ad4d2d94eb1f34c67586f1c;2026-09-16T18:40:18.343781+00:00;true
LOC-0029;LOC-0075;PUBLIC_TRANSIT;2026-08-17T07:00:00+03:00;OK;1812;31;4184;LOCAL_TRANSIT_OPTIMISTIC_SCREENING;0b6c6563a023b637ca51bd26e1b598ccdfabb364845f1a29cfdb840c7a49804e;d34d0e7e8dd18d77188d8871ff7743cdf649e9e32baf5ff6334257ab59f2041e;2026-09-16T18:40:18.343781+00:00;true
LOC-0029;LOC-0076;PUBLIC_TRANSIT;2026-08-17T07:00:00+03:00;OK;1443;25;1428;LOCAL_TRANSIT_OPTIMISTIC_SCREENING;48d756ca5abb6cba1dcd69506c0dc384d822a9d229a7e82460067ef17024ce6c;5ddb5365a2bda83ba8f54490290b2fbb28fa54f9ef313a7fb45df91c8aa6484c;2026-09-16T18:40:18.343781+00:00;true
LOC-0029;LOC-0078;PUBLIC_TRANSIT;2026-08-17T07:00:00+03:00;OK;951;16;1493;LOCAL_TRANSIT_OPTIMISTIC_SCREENING;943f56faefc417293ee9d11413cd403c2929b46ab80886370a2a019cb1aca9bf;e7ac78e24d13fe1aabc46e9abf973b23f3f025aafab2ffd4162c569337de5480;2026-09-16T18:40:18.343781+00:00;true
LOC-0029;LOC-0080;PUBLIC_TRANSIT;2026-08-17T07:00:00+03:00;OK;2027;34;4649;LOCAL_TRANSIT_OPTIMISTIC_SCREENING;933f5204e16f4c537b3be91c1411345a135ba42e16d5e46cb35570f00493b311;8bf3ccb73b2da12d93111a5118584286b062d30382ff6fc747c1be3aaffc5ad1;2026-09-16T18:40:18.343781+00:00;true
LOC-0029;LOC-0082;PUBLIC_TRANSIT;2026-08-17T07:00:00+03:00;OK;772;13;1023;LOCAL_TRANSIT_OPTIMISTIC_SCREENING;8c832ebba3bb7b2706370d4269fb573e51266b016599f4cf8b53b0cf1acc3df4;79b69a164f27619419aebff71e115ec4316265d86b9b5bf789bc5ec80e065d06;2026-09-16T18:40:18.343781+00:00;true
LOC-0029;LOC-0085;PUBLIC_TRANSIT;2026-08-17T07:00:00+03:00;OK;2307;39;4625;LOCAL_TRANSIT_OPTIMISTIC_SCREENING;bad0d38c67d23d344450116bddc97ff35e4f72332cc9d48c8184bbf7b49f355e;7ee7f6278503a04752d3efb8eb3fdd2b8e25b87d898f98a6e1aefa9a158b9d31;2026-09-16T18:40:18.343781+00:00;true
LOC-0029;LOC-0086;PUBLIC_TRANSIT;2026-08-17T07:00:00+03:00;OK;2371;40;4691;LOCAL_TRANSIT_OPTIMISTIC_SCREENING;046debe3af574454e8645e175dd449d02895f456fdc69bb27c98da68e4659355;da21a369384bfa9391340c561b52781dd4066f9f5a8c6000c7cb57e5b7f46d7d;2026-09-16T18:40:18.343781+00:00;true
LOC-0029;LOC-0091;PUBLIC_TRANSIT;2026-08-17T07:00:00+03:00;OK;2080;35;7360;LOCAL_TRANSIT_OPTIMISTIC_SCREENING;6b92f2ae91073b1e0d87bc35d50e3234171237fc16303e1192626acdb13ceae0;9141cd25416ae4eecb452046b5089ca15f628041ac8a19891b626996ce83fe8e;2026-09-16T18:40:18.343781+00:00;true
LOC-0029;LOC-0092;PUBLIC_TRANSIT;2026-08-17T07:00:00+03:00;OK;2211;37;7155;LOCAL_TRANSIT_OPTIMISTIC_SCREENING;610d335457a4c761f1158a3c5e5bc832195f474451d1aabeece87f377ef9a1d9;0ac46b2c899974d52e867b887b046319576a239c7979873e3abde10cc8087908;2026-09-16T18:40:18.343781+00:00;true
LOC-0029;LOC-0093;PUBLIC_TRANSIT;2026-08-17T07:00:00+03:00;OK;2187;37;6950;LOCAL_TRANSIT_OPTIMISTIC_SCREENING;be49e57e7d5f7826bb0ffee3f8e9e2394fcb80ea1ee6033205cd260abecaac49;5d93287a4804b500ab85059e424bc324c9c68c9df5a59539fd2993d2107bec43;2026-09-16T18:40:18.343781+00:00;true
LOC-0029;LOC-0094;PUBLIC_TRANSIT;2026-08-17T07:00:00+03:00;OK;2615;44;4983;LOCAL_TRANSIT_OPTIMISTIC_SCREENING;f62f3c8a85aa6e680c5aeb61676a96b02be9eff49eff1e075766585384587521;65ecff78ad9dd933031d65228e5a036502d849a0d6567c3a79f26151fb75797f;2026-09-16T18:40:18.343781+00:00;true
LOC-0029;LOC-0095;PUBLIC_TRANSIT;2026-08-17T07:00:00+03:00;OK;2508;42;5129;LOCAL_TRANSIT_OPTIMISTIC_SCREENING;568319dfeb7a6e0a7f971928f0a029b9d9660c84cc338fe9fd4a5f689f710ef9;8e4b088d4a56f2eb9d5c12b1aa84d921750288cbc4abfa8ff25a6f581362094c;2026-09-16T18:40:18.343781+00:00;true
LOC-0029;LOC-0102;PUBLIC_TRANSIT;2026-08-17T07:00:00+03:00;OK;1397;24;2171;LOCAL_TRANSIT_OPTIMISTIC_SCREENING;edc2394c380dd0151581bb429332c172d0dd11008cb4b12c89876c847eaa7aee;c7f98398b4f971c51b37dccf67a9d07d2f3bae3f298bf7ba054b2044ebeaa98f;2026-09-16T18:40:18.343781+00:00;true
LOC-0029;LOC-0112;PUBLIC_TRANSIT;2026-08-17T07:00:00+03:00;OK;2324;39;5539;LOCAL_TRANSIT_OPTIMISTIC_SCREENING;26c0b4687534f26a50c499c632889ec754fb47d1fd415898ab4e42356f195ac1;c94bb0bd5aa0847f8ec68de85f13ef5d2d0ace089eae16ec97d4122321bc5764;2026-09-16T18:40:18.343781+00:00;true
LOC-0029;LOC-0124;PUBLIC_TRANSIT;2026-08-17T07:00:00+03:00;OK;2482;42;5254;LOCAL_TRANSIT_OPTIMISTIC_SCREENING;6096570552d32c5adb6f06dbbd8c0c3e9fb5ed334681ced36e476065dd17b3d7;93446875b67f7961c586caae14c935bf0377b81c19443fe0af8fa968ab6894f7;2026-09-16T18:40:18.343781+00:00;true
LOC-0029;LOC-0125;PUBLIC_TRANSIT;2026-08-17T07:00:00+03:00;OK;1760;30;5213;LOCAL_TRANSIT_OPTIMISTIC_SCREENING;6870c1cc6ae9dfc5cb693fc41f1514b3e5d41e23c2bd7b906ebfd71bba7c4551;ddae48cd5e3cf37942e34028f8fa6e5a8469b9ca999fd5d212b984112bbbace5;2026-09-16T18:40:18.343781+00:00;true
LOC-0029;LOC-0126;PUBLIC_TRANSIT;2026-08-17T07:00:00+03:00;OK;1739;29;4511;LOCAL_TRANSIT_OPTIMISTIC_SCREENING;fafe0143b0ad175599dc3e4d9cd60bd1c38fa31a61090b200fb9cfed5ff5dea4;4dac68937976516bb3586d8ee61d732db4034f309314b923ab9eae91be160fbe;2026-09-16T18:40:18.343781+00:00;true
LOC-0029;LOC-0128;PUBLIC_TRANSIT;2026-08-17T07:00:00+03:00;OK;1745;30;4478;LOCAL_TRANSIT_OPTIMISTIC_SCREENING;5ea64888cbdb5fe3acb2b2d1093dbaea760bc5438825db5d438fda0082df2f33;dd347798b222759f656ff92be3c85b2814a1fb78c223ab4f6d9c3f958e2058d1;2026-09-16T18:40:18.343781+00:00;true
LOC-0029;LOC-0134;PUBLIC_TRANSIT;2026-08-17T07:00:00+03:00;OK;1954;33;3882;LOCAL_TRANSIT_OPTIMISTIC_SCREENING;34c634831de551d6f36496c41938172a3622cf02fed905ebf9830d4554b8f14c;d6e51939100908b1774d60726456b304a00d1e09bed4c04d18483ee353fe34a7;2026-09-16T18:40:18.343781+00:00;true
LOC-0029;LOC-0135;PUBLIC_TRANSIT;2026-08-17T07:00:00+03:00;OK;2029;34;3814;LOCAL_TRANSIT_OPTIMISTIC_SCREENING;9916f52f33df3a235c63e8b557e5c42c63d169205db105ea49b0d09f26a5ddad;d7c9b6d658226dcfb8583d086ba8cd378780feac90039592f58e78108d18b4b8;2026-09-16T18:40:18.343781+00:00;true
LOC-0029;LOC-0136;PUBLIC_TRANSIT;2026-08-17T07:00:00+03:00;OK;1973;33;4172;LOCAL_TRANSIT_OPTIMISTIC_SCREENING;913d728decbda1cae447e1d9ad78e723bfd74372b78fbd738911372003ead5f4;e5fbe4bbcd89a83af04ee373fee59e08c03a4e2efefeff0ad4a875138c7949e5;2026-09-16T18:40:18.343781+00:00;true
LOC-0029;LOC-0140;PUBLIC_TRANSIT;2026-08-17T07:00:00+03:00;OK;1291;22;1692;LOCAL_TRANSIT_OPTIMISTIC_SCREENING;66507918e19d4f8416e1170acebe1c0910488d4e795d106d4362daf25056959e;4b498e02d062b01f8b92585e962cf7389b842cf850dca1b5f6e1d0a3237131f9;2026-09-16T18:40:18.343781+00:00;true
LOC-0029;LOC-0141;PUBLIC_TRANSIT;2026-08-17T07:00:00+03:00;OK;1991;34;4982;LOCAL_TRANSIT_OPTIMISTIC_SCREENING;96fb4894bb9866daec67c750398e4047a04db76acab0739364b26a855a4e661c;5619df032aa42eeab1eae2dde70fd90859fdb8a1fb5c0a46c52869eb8321cc83;2026-09-16T18:40:18.343781+00:00;true
LOC-0029;LOC-0142;PUBLIC_TRANSIT;2026-08-17T07:00:00+03:00;OK;1892;32;5060;LOCAL_TRANSIT_OPTIMISTIC_SCREENING;abd12919c751b65cab6cb413b72e01594bdf13619b4295f11501c4aaa90a50d0;0e462b8df6c8993c8d81c3a207a804275a0344d9dbab25f7762e0c33bdc044d2;2026-09-16T18:40:18.343781+00:00;true
LOC-0029;LOC-0145;PUBLIC_TRANSIT;2026-08-17T07:00:00+03:00;OK;2382;40;7956;LOCAL_TRANSIT_OPTIMISTIC_SCREENING;cda74c5c58b388c9429bfa171a316ab059626beb73b60394cf15e8b1274ea75b;e66db4e10548733e4922619f765ff3cc998b31e96b53aa65cd759bde4c02e0a8;2026-09-16T18:40:18.343781+00:00;true
LOC-0029;LOC-0148;PUBLIC_TRANSIT;2026-08-17T07:00:00+03:00;OK;1849;31;4005;LOCAL_TRANSIT_OPTIMISTIC_SCREENING;8a967afdf3d9073b939bb941100c2474288dcfe47963fd7eb7cd48b30afc03e0;800b85ed787a3d106b445a881966b6a719d6e4181ee60351f9f3d2b3c84d29e9;2026-09-16T18:40:18.343781+00:00;true
LOC-0029;LOC-0149;PUBLIC_TRANSIT;2026-08-17T07:00:00+03:00;OK;1764;30;3906;LOCAL_TRANSIT_OPTIMISTIC_SCREENING;fc07ad8a744ddb646c9dc50374aabe66fb0560dd5b4cdb2a01afd6284b85d2ee;bd22f4226d65dd084aa5cd28904a4bd01528551f01f03cbc5cd1aa13d13b0b1f;2026-09-16T18:40:18.343781+00:00;true
LOC-0029;LOC-0150;PUBLIC_TRANSIT;2026-08-17T07:00:00+03:00;OK;1631;28;3847;LOCAL_TRANSIT_OPTIMISTIC_SCREENING;3abdcf404ead544976a792de6fb8fb31c386cc447dd6bf41d52bebd4fea4f886;bb2f57b0c7f863c3e756c5ef330f18d440954001d9cce26234b2d90cf688dc30;2026-09-16T18:40:18.343781+00:00;true
LOC-0029;LOC-0151;PUBLIC_TRANSIT;2026-08-17T07:00:00+03:00;OK;1962;33;4113;LOCAL_TRANSIT_OPTIMISTIC_SCREENING;34a178dfd8d0baefa89ba00aeec1ca2f9c8982d7fa55440c64056eb64453d8a2;bcb00505e32929bf257438691a049fb2cff20d1bbd542ec611e2bd5e82fa2a35;2026-09-16T18:40:18.343781+00:00;true
LOC-0029;LOC-0152;PUBLIC_TRANSIT;2026-08-17T07:00:00+03:00;OK;1963;33;4041;LOCAL_TRANSIT_OPTIMISTIC_SCREENING;06174c99216c4fdf0176986492264774c519fc29ff983188ca823cce16677c3d;ce1de539ae788aa6f84d889ceeeeb0520ccb120b653ba4f2df351ca80cbb910f;2026-09-16T18:40:18.343781+00:00;true
LOC-0029;LOC-0190;PUBLIC_TRANSIT;2026-08-17T07:00:00+03:00;OK;1748;30;5343;LOCAL_TRANSIT_OPTIMISTIC_SCREENING;84ba132482e1f9f840a572ad6f398bcc689dde571fbd8e3627f38f436b6bea42;e1c0fec70bfcbf2e53b136c5d359a2e877d19c28c47af6fb254fbfbb173162a2;2026-09-16T18:40:18.343781+00:00;true
LOC-0029;LOC-0196;PUBLIC_TRANSIT;2026-08-17T07:00:00+03:00;OK;2091;35;6748;LOCAL_TRANSIT_OPTIMISTIC_SCREENING;29cecf7e57155f8c0eecbbb1dda8cc54b7908592d86c9273bb839f6fdebde2fe;c437e3f91904acf62a924db0bb820f1b2c0b88d8b214e858fd628af0f6b284dd;2026-09-16T18:40:18.343781+00:00;true
LOC-0037;LOC-0002;PUBLIC_TRANSIT;2026-08-17T07:00:00+03:00;OK;786;14;1808;LOCAL_TRANSIT_OPTIMISTIC_SCREENING;d99a6c4c714c823b5e6219043687f17becc4df04dc11bab82e99e29593818329;4467372122e5c3d46d06c13bb687ddeb7b1a978ffb05a8451e6830dbea1d6f18;2026-09-16T18:40:18.343781+00:00;true
LOC-0037;LOC-0008;PUBLIC_TRANSIT;2026-08-17T07:00:00+03:00;OK;1421;24;3962;LOCAL_TRANSIT_OPTIMISTIC_SCREENING;cb46950983731f5d4d6a90782b86730fdd2507b207f73f378755999b494da460;2f69a0094cb3c887e00825635ef622fcd0502ff4792d211bb424ef8590d0eb41;2026-09-16T18:40:18.343781+00:00;true
LOC-0037;LOC-0009;PUBLIC_TRANSIT;2026-08-17T07:00:00+03:00;OK;2674;45;9433;LOCAL_TRANSIT_OPTIMISTIC_SCREENING;f47d188d5d11f61d75cff8d6d941ae1f04bdd488375153d2a0efe917f15598b1;94ff010d8d0df9720b46fa81c9d5a80b2ab03709cbf0cd42d08e74105b8c27ca;2026-09-16T18:40:18.343781+00:00;true
LOC-0037;LOC-0010;PUBLIC_TRANSIT;2026-08-17T07:00:00+03:00;OK;1449;25;4636;LOCAL_TRANSIT_OPTIMISTIC_SCREENING;e36b6745851d2e97b9d438950d38f58fefc5abf15aa9be24357f327e0f48cfe9;031fe5af8a80c40c92dc7699f37574a6e62cc84ae048af6b02291bbe21db2b68;2026-09-16T18:40:18.343781+00:00;true
LOC-0037;LOC-0011;PUBLIC_TRANSIT;2026-08-17T07:00:00+03:00;OK;1091;19;3260;LOCAL_TRANSIT_OPTIMISTIC_SCREENING;a8da048b3f66223abd35e2033b43c59c8b746f9a6e0736ec67bc5673fdb225cf;c05ae0f2f2e0952b93544fe99a8d227d9f423ae9f975ba0d497730e2cf72bf79;2026-09-16T18:40:18.343781+00:00;true
LOC-0037;LOC-0012;PUBLIC_TRANSIT;2026-08-17T07:00:00+03:00;OK;1384;24;3786;LOCAL_TRANSIT_OPTIMISTIC_SCREENING;9d4b74a6bca781f1b880a1f4f2b21c4da83204d2be529a5b1b3e6af77ec04eb6;28115b404605422b8c07daca749ae2d650bb6e2a032ec83a007b4ba8575bf312;2026-09-16T18:40:18.343781+00:00;true
LOC-0037;LOC-0013;PUBLIC_TRANSIT;2026-08-17T07:00:00+03:00;OK;1151;20;2794;LOCAL_TRANSIT_OPTIMISTIC_SCREENING;9a99d7b99e4d5c2eaf5316ae15f4a59135e19964aaea17d208733235234e5bb8;9fcfda8ce41bacca7bced7103babdbe29a96bfd24a32fbb7e45d416379bf2e24;2026-09-16T18:40:18.343781+00:00;true
LOC-0037;LOC-0016;PUBLIC_TRANSIT;2026-08-17T07:00:00+03:00;OK;1340;23;4931;LOCAL_TRANSIT_OPTIMISTIC_SCREENING;6ebe5985474b9d7579457268d14b686486474c433f8f36bdaec68430211543a7;04ca022b6986f44fb927ea57e7dfec6d098a8af252daf5405c6957b0f5bb9525;2026-09-16T18:40:18.343781+00:00;true
LOC-0037;LOC-0017;PUBLIC_TRANSIT;2026-08-17T07:00:00+03:00;OK;2684;45;5734;LOCAL_TRANSIT_OPTIMISTIC_SCREENING;d4d5ccd03d2c438fbb2b186d5461a61a69b9ffc0db99648a16610f97d865c731;7b2964e5e331a063324987175fa8b37e9424750525279f7d2a7683d18563464f;2026-09-16T18:40:18.343781+00:00;true
LOC-0037;LOC-0018;PUBLIC_TRANSIT;2026-08-17T07:00:00+03:00;OK;2319;39;5796;LOCAL_TRANSIT_OPTIMISTIC_SCREENING;50575d748b03ab0375d8f36267ad33f041a7a6699453b449530162c9d2aa7d76;a268f8f2dd47fe61f972ce76457c05f80882063b944002f2d3109a301a5e6b54;2026-09-16T18:40:18.343781+00:00;true
LOC-0037;LOC-0019;PUBLIC_TRANSIT;2026-08-17T07:00:00+03:00;OK;1665;28;4898;LOCAL_TRANSIT_OPTIMISTIC_SCREENING;30aa5e3f413b0ee92959807b6a51e6ee9dc0d57033a353f19aba94d730fd0724;5e87c827db3f27a3c3e471a0a40cc94b279eec2af2268ac8586160c4efb36a5d;2026-09-16T18:40:18.343781+00:00;true
LOC-0037;LOC-0020;PUBLIC_TRANSIT;2026-08-17T07:00:00+03:00;OK;1818;31;5913;LOCAL_TRANSIT_OPTIMISTIC_SCREENING;3c2aa25d59be4f2dab831cd4090a8bacee9f6ae16c4a9e073720a1aa2b95389d;8b8017dcdd5a8d9138027b0378b7bda237495481f78c456911c947bae3413534;2026-09-16T18:40:18.343781+00:00;true
LOC-0037;LOC-0023;PUBLIC_TRANSIT;2026-08-17T07:00:00+03:00;OK;2343;40;6364;LOCAL_TRANSIT_OPTIMISTIC_SCREENING;ef446bd648f9734df61358fa5f1025e5ca36eb27919388016d500612ce5004a9;7b8e7864af0d0f3eddcae7237144873d49a431d4d7ad6508e3765e33a852e142;2026-09-16T18:40:18.343781+00:00;true
LOC-0037;LOC-0027;PUBLIC_TRANSIT;2026-08-17T07:00:00+03:00;OK;1674;28;4037;LOCAL_TRANSIT_OPTIMISTIC_SCREENING;75e2c45231f8e3c5339b0b8e856493c2ea6ee9e8b6e8e2249236d6091a20c65c;9c433265b26c8981edbef28fd345dbed7100e785a662c40997c20af48cfcbd64;2026-09-16T18:40:18.343781+00:00;true
LOC-0037;LOC-0028;PUBLIC_TRANSIT;2026-08-17T07:00:00+03:00;OK;1846;31;4762;LOCAL_TRANSIT_OPTIMISTIC_SCREENING;94e2e17e058162699325caaaffe39bd7a1da670813ab917ca20c496152a83e7c;9c474cfd884ddf68d75b81538a04743ac2b7935df6e5dc5ee6407cec6702dcef;2026-09-16T18:40:18.343781+00:00;true
LOC-0037;LOC-0029;PUBLIC_TRANSIT;2026-08-17T07:00:00+03:00;OK;1903;32;4790;LOCAL_TRANSIT_OPTIMISTIC_SCREENING;9d6bf2aecc35b55405b44af9ed7ffe0ce1f79ae50ca39ed5ce25439aabc10746;f93adcb84a29b294f644e4426963dbe5be7dbe6a5ec16c1b5800628343dee6cb;2026-09-16T18:40:18.343781+00:00;true
LOC-0037;LOC-0037;PUBLIC_TRANSIT;2026-08-17T07:00:00+03:00;OK;0;0;0;LOCAL_TRANSIT_OPTIMISTIC_SCREENING;b61a651d7635a9cbf1e39caa68957609561493de9ac86235a144b871fa79d995;3d5812abc84c11768aa73a732c85d75dbed439188f5bb3239e9b762ea31d9862;2026-09-16T18:40:18.343781+00:00;true
LOC-0037;LOC-0045;PUBLIC_TRANSIT;2026-08-17T07:00:00+03:00;OK;2031;34;5333;LOCAL_TRANSIT_OPTIMISTIC_SCREENING;233b61f2822c5132d5065e0d6ece91d31988cc5c5e8fe00d2d4819ec53c20afb;3dfa63193b26f4a85d993f43cd0530c9a79f65e56fce93938a828891e06f2c7d;2026-09-16T18:40:18.343781+00:00;true
LOC-0037;LOC-0053;PUBLIC_TRANSIT;2026-08-17T07:00:00+03:00;OK;1098;19;4191;LOCAL_TRANSIT_OPTIMISTIC_SCREENING;f6eca76b7fe3825e94e93178abf3e2636233486001831b0dec57a232e1d5d496;64ca22e36314218c76309a67d2f28ec6a3451ad3b98f55bff4ddd727a51fa4ee;2026-09-16T18:40:18.343781+00:00;true
LOC-0037;LOC-0054;PUBLIC_TRANSIT;2026-08-17T07:00:00+03:00;OK;483;9;549;LOCAL_TRANSIT_OPTIMISTIC_SCREENING;68937cb5dbd10d175d574745016f7502857bbd46dfb054754a14f7109cdb78cd;705a3d24bcab2bf992c83300e522105c16724ffd4b1c5db7f35da5861e86cde5;2026-09-16T18:40:18.343781+00:00;true
LOC-0037;LOC-0061;PUBLIC_TRANSIT;2026-08-17T07:00:00+03:00;OK;1408;24;3407;LOCAL_TRANSIT_OPTIMISTIC_SCREENING;de3ea8c64979c9d9443188270f56df5ee6719ee44c0e29cee1bf5c572fecc67d;51d3de55df09a0c0532875317d81864bc07507fe5b50a7384f8d2b83a4ce64fa;2026-09-16T18:40:18.343781+00:00;true
LOC-0037;LOC-0063;PUBLIC_TRANSIT;2026-08-17T07:00:00+03:00;OK;1581;27;6540;LOCAL_TRANSIT_OPTIMISTIC_SCREENING;40856c8e08893fe8c5c43a83850b7f171f6df624ed0a68069bac79a158872882;fc2ed9af47469fc0fe010c61c1cdb313ee554bd455c6d15422de1db65fd17530;2026-09-16T18:40:18.343781+00:00;true
LOC-0037;LOC-0064;PUBLIC_TRANSIT;2026-08-17T07:00:00+03:00;OK;1911;32;6345;LOCAL_TRANSIT_OPTIMISTIC_SCREENING;e68e0734ff1418a4076fa09db7990594f9a1d85c47ebd4d87d7d7ae2e747393a;dfc66a91e4eeb248ecf67dab461041fc7dcb0e9cdcf9de3e8e3c67c7b5dca842;2026-09-16T18:40:18.343781+00:00;true
LOC-0037;LOC-0074;PUBLIC_TRANSIT;2026-08-17T07:00:00+03:00;OK;2344;40;4758;LOCAL_TRANSIT_OPTIMISTIC_SCREENING;d84bb562f0bd85c459e0a344adf2700bb643ad8bec94c59068307a3e5d3c75ae;45b5c47ece65934248836f55e710427ff897419543742cf04e4bd2ecb819de39;2026-09-16T18:40:18.343781+00:00;true
LOC-0037;LOC-0075;PUBLIC_TRANSIT;2026-08-17T07:00:00+03:00;OK;2384;40;5155;LOCAL_TRANSIT_OPTIMISTIC_SCREENING;e658bad49b5cbabc4bf9047dc9c7f03b6a532f59b4e1466e2721d65959606d00;a4f2c1c419d2f1fa93fe90691bd3c4a7d455dd9d1ee1d84abf30513b23c32d0f;2026-09-16T18:40:18.343781+00:00;true
LOC-0037;LOC-0076;PUBLIC_TRANSIT;2026-08-17T07:00:00+03:00;OK;1636;28;5354;LOCAL_TRANSIT_OPTIMISTIC_SCREENING;618aff8542edb1e620919adb0f8c3fa88eea31d2b4a1ad7b074cec99284fdd2b;306e6eee21a586bfe97a5191a237104f910e31603a752733026340b805f2e8a9;2026-09-16T18:40:18.343781+00:00;true
LOC-0037;LOC-0078;PUBLIC_TRANSIT;2026-08-17T07:00:00+03:00;OK;1931;33;5728;LOCAL_TRANSIT_OPTIMISTIC_SCREENING;737aa272f65c3274eb27ef632061ca11cf0904214ae91d87799a73e29d1d40c3;9f9dbd3132d46da8411d841e97dc209b80e0045db41b7fc4d2c943aed8ffa6be;2026-09-16T18:40:18.343781+00:00;true
LOC-0037;LOC-0080;PUBLIC_TRANSIT;2026-08-17T07:00:00+03:00;OK;2346;40;5205;LOCAL_TRANSIT_OPTIMISTIC_SCREENING;e1843094ec1b3add53f064b05e4fd797d0dd746327fbfeb936bdd6f922ead562;091cde8e47cd42f3ef09726f2db0d6a49f905ec2544e014bda66df9378e85c4d;2026-09-16T18:40:18.343781+00:00;true
LOC-0037;LOC-0082;PUBLIC_TRANSIT;2026-08-17T07:00:00+03:00;OK;1713;29;5812;LOCAL_TRANSIT_OPTIMISTIC_SCREENING;a5f44095e98151b190a7e93bb53f8ba6d55c3a2ff3232c7f011e6a35bca82b1c;dbdeed37d4784b5c74b97e55808652a4b448083e942731bdcc71038c67171bb4;2026-09-16T18:40:18.343781+00:00;true
LOC-0037;LOC-0085;PUBLIC_TRANSIT;2026-08-17T07:00:00+03:00;OK;1181;20;2206;LOCAL_TRANSIT_OPTIMISTIC_SCREENING;a8f8333465edac21495aa04ccdca705644ea3a5e00087466c3425a13e9426e16;7db1ad478c71eaf5d02f9f4e6c156e0c7cfef0d2956f5384c93fcc8eddddb71c;2026-09-16T18:40:18.343781+00:00;true
LOC-0037;LOC-0086;PUBLIC_TRANSIT;2026-08-17T07:00:00+03:00;OK;1245;21;1954;LOCAL_TRANSIT_OPTIMISTIC_SCREENING;91e2b9f1e79dd86505b5dc42ae37c51914594f47e076e668e34be905a136f3db;9a81ff20beec529acd56b04187ed90867fd6a9b94f47d52639691196b6034be7;2026-09-16T18:40:18.343781+00:00;true
LOC-0037;LOC-0091;PUBLIC_TRANSIT;2026-08-17T07:00:00+03:00;OK;1402;24;4721;LOCAL_TRANSIT_OPTIMISTIC_SCREENING;c5aa0fff2e346ff5416609776025d96188c7844901412e24578e3375465db142;a19cbd92d1c9bd28ff3936a995bf78bc9768e8bc8588c58253c7b4a7acfbffe4;2026-09-16T18:40:18.343781+00:00;true
LOC-0037;LOC-0092;PUBLIC_TRANSIT;2026-08-17T07:00:00+03:00;OK;1521;26;5026;LOCAL_TRANSIT_OPTIMISTIC_SCREENING;93e44db2e306b653671ccc49567ff4d3e1e03e5f8832eda91f9cdaecf727ee85;a7e869206d02d6fcc234c2fc87af54fb46788c70ae57e3633b8845524132de87;2026-09-16T18:40:18.343781+00:00;true
LOC-0037;LOC-0093;PUBLIC_TRANSIT;2026-08-17T07:00:00+03:00;OK;1497;25;4888;LOCAL_TRANSIT_OPTIMISTIC_SCREENING;b743f205471391f857361ea78d37372cc6a24c4551713a3c52612cea4ad6f450;9ccc945359aea3413032210abdcb84889f67ca6c65f48b65f8a9d9d56d85c022;2026-09-16T18:40:18.343781+00:00;true
LOC-0037;LOC-0094;PUBLIC_TRANSIT;2026-08-17T07:00:00+03:00;OK;1489;25;2466;LOCAL_TRANSIT_OPTIMISTIC_SCREENING;d510397225114cb84dcd2ed8f304e67772fdcc99063d693f3b2bb63298ea05cb;f0b067e7d9a0eac762a1399a5697854dbf9bb7da0f1f084d59b0520abc28fe7d;2026-09-16T18:40:18.343781+00:00;true
LOC-0037;LOC-0095;PUBLIC_TRANSIT;2026-08-17T07:00:00+03:00;OK;1380;23;3272;LOCAL_TRANSIT_OPTIMISTIC_SCREENING;60e523090fdd69871297a41f3f67cef416ed0af93858cfb976b7fcce6ca5c480;33e879e6da74a2f725bddec9b0dbd3644b63e5799cbe589fcd9049bd3d5d0a01;2026-09-16T18:40:18.343781+00:00;true
LOC-0037;LOC-0102;PUBLIC_TRANSIT;2026-08-17T07:00:00+03:00;OK;1907;32;6886;LOCAL_TRANSIT_OPTIMISTIC_SCREENING;a3fc4322094542b3ca925a44547d513973b5e0e66226076772d3be4d272a61da;bef17ab62a14a1c3e858d4e2b552fd553c359e5a473b0fb98f5a2e4e9fce4b28;2026-09-16T18:40:18.343781+00:00;true
LOC-0037;LOC-0112;PUBLIC_TRANSIT;2026-08-17T07:00:00+03:00;OK;2022;34;4335;LOCAL_TRANSIT_OPTIMISTIC_SCREENING;70bd4d0c9f19b44dc83c79a1a2b2cbd68f3a81f625b4b033d7a8ccc129f3e5f1;114e1b300a0bc7f842137abf036e6ace03b973f1975a4ce5ed9070a15f0b627d;2026-09-16T18:40:18.343781+00:00;true
LOC-0037;LOC-0124;PUBLIC_TRANSIT;2026-08-17T07:00:00+03:00;OK;2801;47;9541;LOCAL_TRANSIT_OPTIMISTIC_SCREENING;43b2f7372b329e17a0bc5c33c855ee8d8c41b3df7d7cfa72d90dca34a12be29c;bc16be9785a9f7f5d1aee917edc0f3e0ee8e3a0fb4c16a9dd37c0df80dfc2bb3;2026-09-16T18:40:18.343781+00:00;true
LOC-0037;LOC-0125;PUBLIC_TRANSIT;2026-08-17T07:00:00+03:00;OK;2362;40;5907;LOCAL_TRANSIT_OPTIMISTIC_SCREENING;90f3dff33a6dc0e6a948d459398ce92fe73ce5efcb3239db88ba7192cfc2a06b;26af8188497760f6bec96980c12a4bc3849565b3327f9fe9e3383c5330559db9;2026-09-16T18:40:18.343781+00:00;true
LOC-0037;LOC-0126;PUBLIC_TRANSIT;2026-08-17T07:00:00+03:00;OK;1919;32;3491;LOCAL_TRANSIT_OPTIMISTIC_SCREENING;265db33795733e09babb47cfc6565fe65d13568529bf01af641ff6a19ac1be68;5935f8c4dbcdafcc5ec6638176c050f89319e394e1045612050480a91536e1f8;2026-09-16T18:40:18.343781+00:00;true
LOC-0037;LOC-0128;PUBLIC_TRANSIT;2026-08-17T07:00:00+03:00;OK;348;6;426;LOCAL_TRANSIT_OPTIMISTIC_SCREENING;a1a0c7a0c30675c940fb60d833a0bd25debf9352ff4007cd79c4dd23c02ddcb8;e814a8f546114e4d42d451e981f2ba6b464a8c3e9bff6ac0053e169f504eaa02;2026-09-16T18:40:18.343781+00:00;true
LOC-0037;LOC-0134;PUBLIC_TRANSIT;2026-08-17T07:00:00+03:00;OK;828;14;2101;LOCAL_TRANSIT_OPTIMISTIC_SCREENING;aeac7143f6fbbc2aae7a8a05b1d2b6ae4c4fdee7c94e5b238f12d46a8ebdf992;ef8fd5db00bd28e61f2a11ad3e5ff230ad4f215d4a7187f21ce4d803c65859f7;2026-09-16T18:40:18.343781+00:00;true
LOC-0037;LOC-0135;PUBLIC_TRANSIT;2026-08-17T07:00:00+03:00;OK;903;16;2260;LOCAL_TRANSIT_OPTIMISTIC_SCREENING;dc86ba1d6cdb1aa8d1772bd6e3c931f2c6e30e5b79808c331da3655ac82dd2af;915b7d05b20b063e18ae4fe0150b8c4242417740467aee6b9b0473979078c92e;2026-09-16T18:40:18.343781+00:00;true
LOC-0037;LOC-0136;PUBLIC_TRANSIT;2026-08-17T07:00:00+03:00;OK;847;15;2508;LOCAL_TRANSIT_OPTIMISTIC_SCREENING;6fb09ac2cb8b2aadb2e764da19a763c1b945de5e6065f9a05b1d57229608043d;fe254d9d79e1e7d868d40c701764b7d5e498fc64c3aaca48b32f7006761270af;2026-09-16T18:40:18.343781+00:00;true
LOC-0037;LOC-0140;PUBLIC_TRANSIT;2026-08-17T07:00:00+03:00;OK;1304;22;3594;LOCAL_TRANSIT_OPTIMISTIC_SCREENING;52eb3b4449a85cdffbb81bb269d044d2606cb30f802ac102a8322e6fb4d862f3;cd1547a8424b3953b5ea83c024b484c0c74ee2889b633dc35a4308a5c2ee1369;2026-09-16T18:40:18.343781+00:00;true
LOC-0037;LOC-0141;PUBLIC_TRANSIT;2026-08-17T07:00:00+03:00;OK;2659;45;8545;LOCAL_TRANSIT_OPTIMISTIC_SCREENING;78e59dc2c8c2246bbcc15c68a82d4e7f43a383e8628c6e466f149abac21be980;edc411a3afb430ad12e88a3b90dd5edf41eaa8216d5594db04dcaad8948ab129;2026-09-16T18:40:18.343781+00:00;true
LOC-0037;LOC-0142;PUBLIC_TRANSIT;2026-08-17T07:00:00+03:00;OK;2594;44;8562;LOCAL_TRANSIT_OPTIMISTIC_SCREENING;8cca845cb5c8758564d530652b9d5238380bbc660858645b4254519649212ff6;939003124eff417c26ac766415d2952c9b879266579c83ce4b230b943cde7104;2026-09-16T18:40:18.343781+00:00;true
LOC-0037;LOC-0145;PUBLIC_TRANSIT;2026-08-17T07:00:00+03:00;OK;1619;27;5970;LOCAL_TRANSIT_OPTIMISTIC_SCREENING;e0f0aab0fe89f9b38974768bcad42b61f3f3a3a200830b209ee96b1d7f1bf340;ebd52b52f3e454de63b0ebc600305b3821038dc6f0c5365f14835743cddbe82f;2026-09-16T18:40:18.343781+00:00;true
LOC-0037;LOC-0148;PUBLIC_TRANSIT;2026-08-17T07:00:00+03:00;OK;2421;41;5140;LOCAL_TRANSIT_OPTIMISTIC_SCREENING;1c3b6198e87a011f0aff723f4ef1d791b971b4b7390e2c770b602565f664e217;c7b748e7be2f62ccb3cacf206cd3fe6f9ebe6dab3a56d0f693c951773fcb25bb;2026-09-16T18:40:18.343781+00:00;true
LOC-0037;LOC-0149;PUBLIC_TRANSIT;2026-08-17T07:00:00+03:00;OK;2281;39;4870;LOCAL_TRANSIT_OPTIMISTIC_SCREENING;965315cc5a63bc6826f1ef94879f0de6011b733cad46da08e7003d80f3571a60;4bf992e8e411b8d5d990db103cb14e6e628987331bbc6ee0ae662b431dddab8e;2026-09-16T18:40:18.343781+00:00;true
LOC-0037;LOC-0150;PUBLIC_TRANSIT;2026-08-17T07:00:00+03:00;OK;2162;37;4687;LOCAL_TRANSIT_OPTIMISTIC_SCREENING;0f88d95eb0fec597145a6b7aa417fe127414cb2b4df2c73fd1af070326d71e0b;078e54619d1bcc401c2b970e7f211dff15fb204b65c6366a8f45238eb3ad707f;2026-09-16T18:40:18.343781+00:00;true
LOC-0037;LOC-0151;PUBLIC_TRANSIT;2026-08-17T07:00:00+03:00;OK;2554;43;5560;LOCAL_TRANSIT_OPTIMISTIC_SCREENING;b8c06c7760aeff8b0ef7a12e085ef1fcb399f228f43bacb143518c0153bf595a;648042c934036ec85d519e2f2a0e3b7062ac644c5f391dd0a67a6296316c5f1a;2026-09-16T18:40:18.343781+00:00;true
LOC-0037;LOC-0152;PUBLIC_TRANSIT;2026-08-17T07:00:00+03:00;OK;2588;44;5533;LOCAL_TRANSIT_OPTIMISTIC_SCREENING;a6c04f7c963909b92b078cde2866cb0b0a519420cb8073dfe479db7c53f3454e;9291b326f33011a5bb9b91ae40383a67b2b02e2a1f2c78d62ba3755bbdc6fa14;2026-09-16T18:40:18.343781+00:00;true
LOC-0037;LOC-0190;PUBLIC_TRANSIT;2026-08-17T07:00:00+03:00;OK;1688;29;2701;LOCAL_TRANSIT_OPTIMISTIC_SCREENING;2dd5410d6b0a73e7e982de836bef85bea22d56aebee5e8752c6851d2b56c1778;56749e1e18f4c26efd8d19f2effaa387e26aaaa5b83142a9fbd258fc226b90f4;2026-09-16T18:40:18.343781+00:00;true
LOC-0037;LOC-0196;PUBLIC_TRANSIT;2026-08-17T07:00:00+03:00;OK;2381;40;7667;LOCAL_TRANSIT_OPTIMISTIC_SCREENING;ef16fd87dd74ac5434ff1328082dd02b0193dbc86fbfc8487ef26ed165c22ef4;0f842478fe0fe76145deaa75d74fe21ebbe1b4053c6b92ba172b487226d33a73;2026-09-16T18:40:18.343781+00:00;true
LOC-0045;LOC-0002;PUBLIC_TRANSIT;2026-08-17T07:00:00+03:00;OK;1792;30;4813;LOCAL_TRANSIT_OPTIMISTIC_SCREENING;bf06978900ba3ab74a2eb4b814315d7a19cef04e172709eefbfdaf9b99fbea68;d33d5d877c52f1d860f35c461e4e7b28434a6048ef792f56f406231a22a1e8f1;2026-09-16T18:40:18.343781+00:00;true
LOC-0045;LOC-0008;PUBLIC_TRANSIT;2026-08-17T07:00:00+03:00;OK;1684;29;6752;LOCAL_TRANSIT_OPTIMISTIC_SCREENING;c59e3e57fd95016f144cac9d3e94cdecc994840639ccb01cbe0bbd87738ae0d1;846371c72f327f5a3d84e05d9c718da213a8bef6d549ad6817f58ff6d23b41d8;2026-09-16T18:40:18.343781+00:00;true
LOC-0045;LOC-0009;PUBLIC_TRANSIT;2026-08-17T07:00:00+03:00;OK;2190;37;4114;LOCAL_TRANSIT_OPTIMISTIC_SCREENING;b3879f9d9327c792be15fbbfee2b8eec72f5ff3ebdefcb5dc857d077caa96468;1839de0bf922a8db273cca7f45e4e5e0e41cf23a2bdb41a4b74d3d9da54c8442;2026-09-16T18:40:18.343781+00:00;true
LOC-0045;LOC-0010;PUBLIC_TRANSIT;2026-08-17T07:00:00+03:00;OK;1607;27;7228;LOCAL_TRANSIT_OPTIMISTIC_SCREENING;7a57e14782202ddbe5810225f8e0fdf7e0957d3441303c49dea848d88ce88457;71fccc3c838ba758ed8be8a0e463a4befa7baf9c7de2e64cdb396ab5208bfec5;2026-09-16T18:40:18.343781+00:00;true
LOC-0045;LOC-0011;PUBLIC_TRANSIT;2026-08-17T07:00:00+03:00;OK;1867;32;6370;LOCAL_TRANSIT_OPTIMISTIC_SCREENING;72bf5b4f4d9cce18ac7ccd80dcadfafd3ec9cd654c74cb897a89204d31a42364;b3c834dacefe41124d512c28e503babed94e3e0276691fdc33e9435851ac4994;2026-09-16T18:40:18.343781+00:00;true
LOC-0045;LOC-0012;PUBLIC_TRANSIT;2026-08-17T07:00:00+03:00;OK;1647;28;6138;LOCAL_TRANSIT_OPTIMISTIC_SCREENING;6b487d8b4c8dff06d5075b498810bd89cf22a0b54a52c50404a8712e302b7d27;db9628e582f47b17813ac7a2169902212b2a232be681c8bca673b4d0e339e343;2026-09-16T18:40:18.343781+00:00;true
LOC-0045;LOC-0013;PUBLIC_TRANSIT;2026-08-17T07:00:00+03:00;OK;2311;39;5251;LOCAL_TRANSIT_OPTIMISTIC_SCREENING;4160dec87e5db5e28b0e2dc5a714aa2ac6f467c59033f876ff33d43dc293983a;fab72066724956899690254400eba31ddd4427eeb03f8b7b2652269a97eea57c;2026-09-16T18:40:18.343781+00:00;true
LOC-0045;LOC-0016;PUBLIC_TRANSIT;2026-08-17T07:00:00+03:00;OK;1246;21;3026;LOCAL_TRANSIT_OPTIMISTIC_SCREENING;37a61b85b89f619c839ef3b2babf9ca7ea40b68d43c0cbe12e0adc8211a57a33;19dc73c48d9f675783507ec4fd5b7d73e1a50620cb3d2f5e234a2f9bcf20e8b0;2026-09-16T18:40:18.343781+00:00;true
LOC-0045;LOC-0017;PUBLIC_TRANSIT;2026-08-17T07:00:00+03:00;OK;1344;23;2574;LOCAL_TRANSIT_OPTIMISTIC_SCREENING;67767065bd99120c16663f7f829c2a2466fc133698aa4525811481077d0d256a;fc40b70e135d79c2dd8cf7ae4a376eda12ac516a70791eb672aac14a454c2e67;2026-09-16T18:40:18.343781+00:00;true
LOC-0045;LOC-0018;PUBLIC_TRANSIT;2026-08-17T07:00:00+03:00;OK;1336;23;3304;LOCAL_TRANSIT_OPTIMISTIC_SCREENING;bfb5d336de7e24ccf6b71d508f14075afd2a14aa986b06fcedde23b7eb964c99;97d6622efcb43294f0f378c274c9f60ab7f461751709e7f2f81f03cbcae65225;2026-09-16T18:40:18.343781+00:00;true
LOC-0045;LOC-0019;PUBLIC_TRANSIT;2026-08-17T07:00:00+03:00;OK;1823;31;7517;LOCAL_TRANSIT_OPTIMISTIC_SCREENING;f1cad8ea2aa1bae8c5716c45d0bfb4bfc3f6e08f476039d1b0bd2116127b38af;2bb5946a8aca0dcdabfaab3063fb986ba10fb82670cad52bc845734102a934b1;2026-09-16T18:40:18.343781+00:00;true
LOC-0045;LOC-0020;PUBLIC_TRANSIT;2026-08-17T07:00:00+03:00;OK;2168;37;7160;LOCAL_TRANSIT_OPTIMISTIC_SCREENING;2ad11e76c9a3d10fcae521f102c91c6c6541d18684db2a1a3a8daaac5be286ee;1bbb577eaad136cf1ad20446ce13a6d327a5f1723ef1af5ebeed5adf890a006b;2026-09-16T18:40:18.343781+00:00;true
LOC-0045;LOC-0023;PUBLIC_TRANSIT;2026-08-17T07:00:00+03:00;OK;1530;26;4620;LOCAL_TRANSIT_OPTIMISTIC_SCREENING;cd51e2dc7eabb2eee3c91c1845c256b118f82f1aefd3da736e2b9afd6db05489;2cbe3e04398dc3ecbc72f2624ac66475786aa463fde2b5c647298e6dd948af4d;2026-09-16T18:40:18.343781+00:00;true
LOC-0045;LOC-0027;PUBLIC_TRANSIT;2026-08-17T07:00:00+03:00;OK;782;14;2038;LOCAL_TRANSIT_OPTIMISTIC_SCREENING;02dee1fd9d26cb42dfd88151027d2a22cf36cdee9d24c68e3c17cacda104890e;575d0722062f43cbddbe266a036298d685f83a2bf5ec2fa451982b4f10608df3;2026-09-16T18:40:18.343781+00:00;true
LOC-0045;LOC-0028;PUBLIC_TRANSIT;2026-08-17T07:00:00+03:00;OK;951;16;1839;LOCAL_TRANSIT_OPTIMISTIC_SCREENING;1a72e08c0ef466b746f5c4d3a98c586fe1a3bcf566f8e85712eb14a7c26cdb43;202ea8bd1e93e1af9aee9487ab2806689105ff626e622b893f0dcd63f6be5429;2026-09-16T18:40:18.343781+00:00;true
LOC-0045;LOC-0029;PUBLIC_TRANSIT;2026-08-17T07:00:00+03:00;OK;886;15;1760;LOCAL_TRANSIT_OPTIMISTIC_SCREENING;c7dace36fe29d164aeaa3e239a7b1aa559e7353ba72fd64ea7e2d7a722fa85dd;50e377e49f8559e9b9f5325c4c580cb0e57cb4219f83912d59a64e9977181289;2026-09-16T18:40:18.343781+00:00;true
LOC-0045;LOC-0037;PUBLIC_TRANSIT;2026-08-17T07:00:00+03:00;OK;1710;29;5333;LOCAL_TRANSIT_OPTIMISTIC_SCREENING;98247b248539e069c27ee6078c373fdaf40002ccbc5c306beb65c42e05fa5e11;a72b680b1b3abfbf5b6b12a17ed8d79f9a9e038bb9f32419b5a6e80ce05d9d06;2026-09-16T18:40:18.343781+00:00;true
LOC-0045;LOC-0045;PUBLIC_TRANSIT;2026-08-17T07:00:00+03:00;OK;0;0;0;LOCAL_TRANSIT_OPTIMISTIC_SCREENING;e700e693a479fc00473df00d3f4bcc029be25877191e131ab4587aa53a304042;3d5812abc84c11768aa73a732c85d75dbed439188f5bb3239e9b762ea31d9862;2026-09-16T18:40:18.343781+00:00;true
LOC-0045;LOC-0053;PUBLIC_TRANSIT;2026-08-17T07:00:00+03:00;OK;1086;19;2841;LOCAL_TRANSIT_OPTIMISTIC_SCREENING;c47cef8160ab96de141e193fdc93b7c017b1a139eaddf2b8d9f739644061d056;c64c0a42a6bdc3a824f01bc70af86d3c6e6f6ee6e7a6cb0bd9a2ede5184de1cd;2026-09-16T18:40:18.343781+00:00;true
LOC-0045;LOC-0054;PUBLIC_TRANSIT;2026-08-17T07:00:00+03:00;OK;1863;32;4949;LOCAL_TRANSIT_OPTIMISTIC_SCREENING;47e751256cdbb21f5a2ccde7912934c82cde9178dec4a7e626d264ac03a8946f;d3413eda1bdf49acf6929c41fbeb921e1fd4a4ec3a857ab90ab4a643ae8c12a7;2026-09-16T18:40:18.343781+00:00;true
LOC-0045;LOC-0061;PUBLIC_TRANSIT;2026-08-17T07:00:00+03:00;OK;1811;31;6010;LOCAL_TRANSIT_OPTIMISTIC_SCREENING;7cc66eb01edf52c442435063e4d90b0892691d970b67812e3875633aabe24218;ad0679648290cc42bcafcc942ccf02f966a7f7a4c76ba07ea575155621e1da61;2026-09-16T18:40:18.343781+00:00;true
LOC-0045;LOC-0063;PUBLIC_TRANSIT;2026-08-17T07:00:00+03:00;OK;935;16;2353;LOCAL_TRANSIT_OPTIMISTIC_SCREENING;55b9576fe0298a607f8a88e918747f95b3ff72d0a274d0db9c8205731d084a44;445968d26302f35f63a7bbd81591d40431709364ec6f6a982656b1ba9196bb6b;2026-09-16T18:40:18.343781+00:00;true
LOC-0045;LOC-0064;PUBLIC_TRANSIT;2026-08-17T07:00:00+03:00;OK;1110;19;1862;LOCAL_TRANSIT_OPTIMISTIC_SCREENING;b991e6033bb2326b2c9aa8f3834e8900f881d8b10c4c5db5c340d728b8a28bdf;6dbaddbe9a7f4f7e4401c42da0ff2bda30b68e8660e10ff646e5e40c576edbc8;2026-09-16T18:40:18.343781+00:00;true
LOC-0045;LOC-0074;PUBLIC_TRANSIT;2026-08-17T07:00:00+03:00;OK;1063;18;3054;LOCAL_TRANSIT_OPTIMISTIC_SCREENING;182852c73b7bf9b8090a940cc77dd57c0e658449fc6377de819499e5e86a3032;25a21ffe6e68f6211922259b1132e737e254a41fb63ea2224abee702637b272b;2026-09-16T18:40:18.343781+00:00;true
LOC-0045;LOC-0075;PUBLIC_TRANSIT;2026-08-17T07:00:00+03:00;OK;1103;19;2767;LOCAL_TRANSIT_OPTIMISTIC_SCREENING;8686265df81ed000847b490b4bbbc62fd453a9a07a7c7d30e6707ac49cfe66b7;3c005f93e2f084a4ece838f9d09c46eeca0259038f93459c1648d6184f8ad95f;2026-09-16T18:40:18.343781+00:00;true
LOC-0045;LOC-0076;PUBLIC_TRANSIT;2026-08-17T07:00:00+03:00;OK;1542;26;3120;LOCAL_TRANSIT_OPTIMISTIC_SCREENING;6ee6620a5470ef020cd72193fd47e7551bbf2d65cddaa83ca8bf5900ec61293b;c87660f1605c3db755ace3b2d00668d200f2957d9f332fba9d829fbe00df4ca6;2026-09-16T18:40:18.343781+00:00;true
LOC-0045;LOC-0078;PUBLIC_TRANSIT;2026-08-17T07:00:00+03:00;OK;585;10;728;LOCAL_TRANSIT_OPTIMISTIC_SCREENING;ee238c0a9947b98c6b87865810fe3ba5ff4056ffa71047a462ff5b899d95dda8;66c0dd9112fe2e1414fbeb5963ff75be6ed253f9ff235af199ca47ff4b5faace;2026-09-16T18:40:18.343781+00:00;true
LOC-0045;LOC-0080;PUBLIC_TRANSIT;2026-08-17T07:00:00+03:00;OK;1334;23;3275;LOCAL_TRANSIT_OPTIMISTIC_SCREENING;50f0b228f8bd6ea9e7aa7c8ae088ec14e35d5ec2bebd2e3594bd302f7c259682;eba1bbffd76bfa81420425aecd59436c9a6e0e60c7ada5ec7303553b4a0ca334;2026-09-16T18:40:18.343781+00:00;true
LOC-0045;LOC-0082;PUBLIC_TRANSIT;2026-08-17T07:00:00+03:00;OK;774;13;1932;LOCAL_TRANSIT_OPTIMISTIC_SCREENING;f5395d0141157a479cf79962f9c1fcecd0d2b752b7b2d981368a15ed8e1d2795;9fa90a784d1936f00a312e80221584c009ffecca2c7c5da21257bc56872da82c;2026-09-16T18:40:18.343781+00:00;true
LOC-0045;LOC-0085;PUBLIC_TRANSIT;2026-08-17T07:00:00+03:00;OK;2341;40;5819;LOCAL_TRANSIT_OPTIMISTIC_SCREENING;6db04d5f0f66a77aa345eb5d5f374589d57ce9a12e02185e72cbbadc8c7ff731;a3640229f98a79d3e64a030b7f03a3540f02fdb7a2df1658f26d99b82a841feb;2026-09-16T18:40:18.343781+00:00;true
LOC-0045;LOC-0086;PUBLIC_TRANSIT;2026-08-17T07:00:00+03:00;OK;2405;41;5816;LOCAL_TRANSIT_OPTIMISTIC_SCREENING;32f7cd458ffe4d51de0c7fdbf1db0f195b1cb423d3fa2dd923a7ad34c0fb05d7;fd6c498df4378e4d9e719e4e880af0a376a9e9fd3f274763546beca2fbcbc79e;2026-09-16T18:40:18.343781+00:00;true
LOC-0045;LOC-0091;PUBLIC_TRANSIT;2026-08-17T07:00:00+03:00;OK;1706;29;6635;LOCAL_TRANSIT_OPTIMISTIC_SCREENING;027f5546edc20a2be96b0364a8478898df16b090032d2d6747d781a005f368f4;eeab35b1317f439319387bfd994d03a20307a403b475cd419fa13921ac7e9649;2026-09-16T18:40:18.343781+00:00;true
LOC-0045;LOC-0092;PUBLIC_TRANSIT;2026-08-17T07:00:00+03:00;OK;1837;31;6275;LOCAL_TRANSIT_OPTIMISTIC_SCREENING;1659fef349279d5a3b56775c3165e75db215bfdf7aedde142abe4c2b1a88a89d;706975c3b3a130b7d7af1e3c49340b9947b864fbd4db9bda301249429fb01736;2026-09-16T18:40:18.343781+00:00;true
LOC-0045;LOC-0093;PUBLIC_TRANSIT;2026-08-17T07:00:00+03:00;OK;1813;31;6071;LOCAL_TRANSIT_OPTIMISTIC_SCREENING;772ad5f8c930e73bd95185da5fe39fe028376ab13b7625abcdd66d4f373255b8;c42ad80ad9dda2fac751ee6da69a3eb76ff682e4fe7e6b0f7c4cb8ee091daafe;2026-09-16T18:40:18.343781+00:00;true
LOC-0045;LOC-0094;PUBLIC_TRANSIT;2026-08-17T07:00:00+03:00;OK;2649;45;6209;LOCAL_TRANSIT_OPTIMISTIC_SCREENING;519e2dc64936ea97d81796a8b1f197dd3bc5d7af68c2777e35e57a28e793b3b1;3bb598f797937d0662461bf86025b0837707863cdd4de09c199840cf17d50dfe;2026-09-16T18:40:18.343781+00:00;true
LOC-0045;LOC-0095;PUBLIC_TRANSIT;2026-08-17T07:00:00+03:00;OK;2516;42;6519;LOCAL_TRANSIT_OPTIMISTIC_SCREENING;d530bb8990c3c2b7a94a35e69d6e74d97e3cde685d646611885b9ae37ef658b4;ead0df34ab28e65d9518ce1a260043e2e10ac26ab3de855a1ba09fca89a35411;2026-09-16T18:40:18.343781+00:00;true
LOC-0045;LOC-0102;PUBLIC_TRANSIT;2026-08-17T07:00:00+03:00;OK;1023;18;2103;LOCAL_TRANSIT_OPTIMISTIC_SCREENING;eadc5c12b4ca2316c3d475736aa39aed1a63c6313e988574de2b647b58a256c7;a2a7e97f04b18db201f3bf99b1157c477a70d81fe5ebf71c8cc7f40ddfe3eab4;2026-09-16T18:40:18.343781+00:00;true
LOC-0045;LOC-0112;PUBLIC_TRANSIT;2026-08-17T07:00:00+03:00;OK;1615;27;4587;LOCAL_TRANSIT_OPTIMISTIC_SCREENING;260e522e93cf75cc253f4ed5c549a38eb02ab827c7e42fda0b2bd2fc5d32a034;303a497ee4a891b181c57875a1620cde2699d805a5b91dc77ebf1d5d88641a29;2026-09-16T18:40:18.343781+00:00;true
LOC-0045;LOC-0124;PUBLIC_TRANSIT;2026-08-17T07:00:00+03:00;OK;2150;36;4208;LOCAL_TRANSIT_OPTIMISTIC_SCREENING;633a02c261dcb7da4c395c8c4da07a3b214f21f247f976d914b18420a2a3e8c4;0e6a8dfaac27477548529ab4710751347925db17f86fcce146de6b782f9403b9;2026-09-16T18:40:18.343781+00:00;true
LOC-0045;LOC-0125;PUBLIC_TRANSIT;2026-08-17T07:00:00+03:00;OK;1258;21;3712;LOCAL_TRANSIT_OPTIMISTIC_SCREENING;53a09db789cf8a622226a4fe5c871aafba56b029724ee89dbfe77489b633f10e;a6c9d037f1f50f2563e706d6b63c8bb4aad134d8d67a9815c3b9560aa88a708a;2026-09-16T18:40:18.343781+00:00;true
LOC-0045;LOC-0126;PUBLIC_TRANSIT;2026-08-17T07:00:00+03:00;OK;1185;20;3764;LOCAL_TRANSIT_OPTIMISTIC_SCREENING;8723b3deca2addb168cb89c3c6cf870d0a08c402a93b31c490cd676f12642960;3103a1c2d892001a332527ca2021956415b79e1fca08afd197df4326b8628c07;2026-09-16T18:40:18.343781+00:00;true
LOC-0045;LOC-0128;PUBLIC_TRANSIT;2026-08-17T07:00:00+03:00;OK;1710;29;4941;LOCAL_TRANSIT_OPTIMISTIC_SCREENING;cec8d7d48d8f4598df9d3820550d4dd587b8cd59bb0ecba4efa07e1def6d29c7;519b6852c714a8ff59c4ca5f9be81d9cf29b7464c6e521763ce05b962766cc70;2026-09-16T18:40:18.343781+00:00;true
LOC-0045;LOC-0134;PUBLIC_TRANSIT;2026-08-17T07:00:00+03:00;OK;1988;34;5072;LOCAL_TRANSIT_OPTIMISTIC_SCREENING;518750ba6034e5d7542145e0909e476388a4695d327c940cbf35f575c0ea6317;ff96b06addfbb8cf39633140091359ae1727774cad3e7fe6d06d2b41c628560b;2026-09-16T18:40:18.343781+00:00;true
LOC-0045;LOC-0135;PUBLIC_TRANSIT;2026-08-17T07:00:00+03:00;OK;2063;35;5049;LOCAL_TRANSIT_OPTIMISTIC_SCREENING;66f343f5e3d96b599479e5cb443c18ee4f8793ac0cd3dcc9919d7031ad97ecf7;10fde4c221e0810113f55e58d9011a3be22e398f25191d918100a9fff923b867;2026-09-16T18:40:18.343781+00:00;true
LOC-0045;LOC-0136;PUBLIC_TRANSIT;2026-08-17T07:00:00+03:00;OK;2007;34;5466;LOCAL_TRANSIT_OPTIMISTIC_SCREENING;750596d5bf3336b563ac6dd1dc0796185e3b40f1957202ac3dcccc47a5deb1d1;90d38944b5738720267b82a1421139c7f9d169f9d16c8581a2a407a08d66a192;2026-09-16T18:40:18.343781+00:00;true
LOC-0045;LOC-0140;PUBLIC_TRANSIT;2026-08-17T07:00:00+03:00;OK;1390;24;3194;LOCAL_TRANSIT_OPTIMISTIC_SCREENING;40b97c91128e7a0f0787bcc71f6eaf6af1f24db71c555feae51b3fa026c479c1;bc636b07e574ba39367f1445b0ca117793d10cd1fceb0adc50c4a3a556641e15;2026-09-16T18:40:18.343781+00:00;true
LOC-0045;LOC-0141;PUBLIC_TRANSIT;2026-08-17T07:00:00+03:00;OK;1513;26;3446;LOCAL_TRANSIT_OPTIMISTIC_SCREENING;b1e585d88f3b696f2b7e7771a79d9c7a16e633c7307f5e3df8e81995fd8ec057;8b7cace9d99a2781047fa6c24885694ff875c601eb562ec05776fdcc0c53713e;2026-09-16T18:40:18.343781+00:00;true
LOC-0045;LOC-0142;PUBLIC_TRANSIT;2026-08-17T07:00:00+03:00;OK;1414;24;3501;LOCAL_TRANSIT_OPTIMISTIC_SCREENING;30b7febea8f62d816840da2bc49c21902365c2ea7fe161a255a7cca68f0d701a;c8171d402dcb94e4d062ec4426836de7d77952febb65b02b2c1286e3b4ff0111;2026-09-16T18:40:18.343781+00:00;true
LOC-0045;LOC-0145;PUBLIC_TRANSIT;2026-08-17T07:00:00+03:00;OK;1995;34;6951;LOCAL_TRANSIT_OPTIMISTIC_SCREENING;6a93a7108491341cedb34fd7280f09c21cd680c97f7b43a97ff293dab648405b;bdd399e1b8b86defe0cf2b920e5c2df1034d2e4d218863aa6083633303e2440c;2026-09-16T18:40:18.343781+00:00;true
LOC-0045;LOC-0148;PUBLIC_TRANSIT;2026-08-17T07:00:00+03:00;OK;1140;19;2572;LOCAL_TRANSIT_OPTIMISTIC_SCREENING;7e7992e48a3760f82000c1d72c6ef0c1310376c0118ed349c7665b9e0d8be391;88d4ecdaccf2a893c1f52186d02faab464ba0971cff813334783dc9f47efdc4f;2026-09-16T18:40:18.343781+00:00;true
LOC-0045;LOC-0149;PUBLIC_TRANSIT;2026-08-17T07:00:00+03:00;OK;1055;18;2562;LOCAL_TRANSIT_OPTIMISTIC_SCREENING;ebd46ad2900d1f501b3f6c43b4b21ce1b0cf4a69d3ae55aceb254a006b25c00c;eaff5fb714b2f3c5ecb5aff99818e67ba74280aad7da355cdf3f74724f22ee3d;2026-09-16T18:40:18.343781+00:00;true
LOC-0045;LOC-0150;PUBLIC_TRANSIT;2026-08-17T07:00:00+03:00;OK;922;16;2571;LOCAL_TRANSIT_OPTIMISTIC_SCREENING;6e0668a1116597547e3d8e0cb6f9c4297b1a987a518ceec3059479f914ccd3a8;75cab6a0e1eebc44e027b60db0b8d67783c4f02364f7458bd0d9af64e17989fb;2026-09-16T18:40:18.343781+00:00;true
LOC-0045;LOC-0151;PUBLIC_TRANSIT;2026-08-17T07:00:00+03:00;OK;1273;22;2555;LOCAL_TRANSIT_OPTIMISTIC_SCREENING;0c92bdd74c9e72005e999c2a1d1d5808b9142d5f4f59e339c36e97b43495638a;e71ace2cf3ccafde11d0198137d289202bae657d941b8a5b8e646e0cc99df35a;2026-09-16T18:40:18.343781+00:00;true
LOC-0045;LOC-0152;PUBLIC_TRANSIT;2026-08-17T07:00:00+03:00;OK;1307;22;2482;LOCAL_TRANSIT_OPTIMISTIC_SCREENING;697f71317704719d6e95db72fa131caa65ea8bf3d431e053de78456c3ec358a5;a2cc18f85c7cc93f1f5e3d78d2fdd6082da6bb4f93f976c8ca978815dc872552;2026-09-16T18:40:18.343781+00:00;true
LOC-0045;LOC-0190;PUBLIC_TRANSIT;2026-08-17T07:00:00+03:00;OK;1569;27;4956;LOCAL_TRANSIT_OPTIMISTIC_SCREENING;87236e64fef6edd886eedb48f13e5a77e767599724b464dae41af48e105bbdba;240962e2a0e79c17b12959b47ca097b7c84a782ad5b005ab33c7408dbf7d21f9;2026-09-16T18:40:18.343781+00:00;true
LOC-0045;LOC-0196;PUBLIC_TRANSIT;2026-08-17T07:00:00+03:00;OK;1613;27;5089;LOCAL_TRANSIT_OPTIMISTIC_SCREENING;5c1d85430d658a9a813a31d0641633826a8a2e2c8f532f0f9ee1c53091703d3e;07b9501fc57f0005c7733a1e834090a15d59f9975e888f933f03d29e095a0963;2026-09-16T18:40:18.343781+00:00;true
LOC-0053;LOC-0002;PUBLIC_TRANSIT;2026-08-17T07:00:00+03:00;OK;1100;19;2820;LOCAL_TRANSIT_OPTIMISTIC_SCREENING;6b0c8b1b2d9b161aa12217f685ad4a911c07d91d9342a2bb6e8a3e83f196d45a;2b4b558a7a96e0fb78bacec18eaa5346518a9072661f51e6c888216b4b605646;2026-09-16T18:40:18.343781+00:00;true
LOC-0053;LOC-0008;PUBLIC_TRANSIT;2026-08-17T07:00:00+03:00;OK;1737;29;7196;LOCAL_TRANSIT_OPTIMISTIC_SCREENING;63fe6b87de3eacd5211a8be06afbbbd2551bd72f75b99681c75524b95b71168b;2a21a8d9292e3e13ff388ad2884b32658bc99b410b7cefdf42fe2b3dd9fb6b92;2026-09-16T18:40:18.343781+00:00;true
LOC-0053;LOC-0009;PUBLIC_TRANSIT;2026-08-17T07:00:00+03:00;OK;1940;33;6127;LOCAL_TRANSIT_OPTIMISTIC_SCREENING;5a8666c7ce916d4617ba08475ffcd1d0016565e0624b40a9eac3532b9e601afc;4ff734987dd9b3ca53b083188bd8a8d28326dc09b8c187665303847adcf75906;2026-09-16T18:40:18.343781+00:00;true
LOC-0053;LOC-0010;PUBLIC_TRANSIT;2026-08-17T07:00:00+03:00;OK;1765;30;7818;LOCAL_TRANSIT_OPTIMISTIC_SCREENING;a0f451e0cb3bc0e5714250e29f68365f41f2513ed7394798e9919fe25f8836fe;6ca97422ed375e5635226fc9a662b6df91abf8a5d6bfc0876d56fd891ec8618a;2026-09-16T18:40:18.343781+00:00;true
LOC-0053;LOC-0011;PUBLIC_TRANSIT;2026-08-17T07:00:00+03:00;OK;1407;24;6606;LOCAL_TRANSIT_OPTIMISTIC_SCREENING;1a346c341b28f9bd0a4f43ea307a1d8cf7c7f8366281c86fe571bf8416393f01;29637bb7df55c7f598c99d314389b819d33bfe6e0976dc0c9616fa30430de6ea;2026-09-16T18:40:18.343781+00:00;true
LOC-0053;LOC-0012;PUBLIC_TRANSIT;2026-08-17T07:00:00+03:00;OK;1700;29;6720;LOCAL_TRANSIT_OPTIMISTIC_SCREENING;d04129e0c95fd485f7c14c99e443db0899aacf7ecbc74343a27ccfd794545a1a;bdfb115791c6431bb2de68ee11d87b45e38c6897e40d711eb6b538c8de0ad211;2026-09-16T18:40:18.343781+00:00;true
LOC-0053;LOC-0013;PUBLIC_TRANSIT;2026-08-17T07:00:00+03:00;OK;1465;25;2781;LOCAL_TRANSIT_OPTIMISTIC_SCREENING;081220db9f1db083ec7726dd2a56f5462d6352152d7a56695a37f4c19005425b;359aff5522ec4afbc51edb9d15757807c21c72083dc45a8552a9b79e2a3fad6d;2026-09-16T18:40:18.343781+00:00;true
LOC-0053;LOC-0016;PUBLIC_TRANSIT;2026-08-17T07:00:00+03:00;OK;426;8;758;LOCAL_TRANSIT_OPTIMISTIC_SCREENING;b01d3472c30c9ad44ea739295fb55bb3c813906596bb6e200597a7b037560485;18ac9593dd6dc4949942033a84b2af066b34200cdc5957ee0e48afe8fc566240;2026-09-16T18:40:18.343781+00:00;true
LOC-0053;LOC-0017;PUBLIC_TRANSIT;2026-08-17T07:00:00+03:00;OK;1686;29;5034;LOCAL_TRANSIT_OPTIMISTIC_SCREENING;d58c6e4d284382b52f81af4a0256b8ab3e033167b0ec50658a4e823fd4db3f18;e3a42779919868dca0d0385f896841dcf950f066b10e369da448952592bec15e;2026-09-16T18:40:18.343781+00:00;true
LOC-0053;LOC-0018;PUBLIC_TRANSIT;2026-08-17T07:00:00+03:00;OK;1321;23;5614;LOCAL_TRANSIT_OPTIMISTIC_SCREENING;88214a63f8d234adeb202dcbe60d5d5b130bda07cb82c2b76e856d91ce056c73;8cb440c084ddf859e61bc22858459f9b31c7cfe32f65ba5df6e3bcd3747f7d74;2026-09-16T18:40:18.343781+00:00;true
LOC-0053;LOC-0019;PUBLIC_TRANSIT;2026-08-17T07:00:00+03:00;OK;1981;34;8120;LOCAL_TRANSIT_OPTIMISTIC_SCREENING;3c6822eab9be4a6e184a2b1affd31e378ad5bc837772dfa1f90f825f2e83044b;4800603347341f53d0a6da87baede27f921162276b8ee9af14f66dfd37a02f4c;2026-09-16T18:40:18.343781+00:00;true
LOC-0053;LOC-0020;PUBLIC_TRANSIT;2026-08-17T07:00:00+03:00;OK;2134;36;8376;LOCAL_TRANSIT_OPTIMISTIC_SCREENING;dba83e4253a01fdfd278fe463b82e7a8d2852b3a9073c05088971531b6dc39d9;8368d6ac6608053da65a7f4b378cddd390472befde892cea4884404af6a5138c;2026-09-16T18:40:18.343781+00:00;true
LOC-0053;LOC-0023;PUBLIC_TRANSIT;2026-08-17T07:00:00+03:00;OK;1813;31;6814;LOCAL_TRANSIT_OPTIMISTIC_SCREENING;032da107aa65f60a22c84ace426cd7ece9aa9ed307b6f6f5dc632253f684f8db;38beb514895543eaca9dbdccee3f505595444d7f9c6712b51bd1173654d57d6b;2026-09-16T18:40:18.343781+00:00;true
LOC-0053;LOC-0027;PUBLIC_TRANSIT;2026-08-17T07:00:00+03:00;OK;676;12;3575;LOCAL_TRANSIT_OPTIMISTIC_SCREENING;dec4d34c2a86972733fd92360ffa1273af4cacd956f7c23c70fd2422b5d0e08c;8ff0206f187e2726c6522275a8622d8c611e840c566f567ce692b6a0a990c692;2026-09-16T18:40:18.343781+00:00;true
LOC-0053;LOC-0028;PUBLIC_TRANSIT;2026-08-17T07:00:00+03:00;OK;911;16;1092;LOCAL_TRANSIT_OPTIMISTIC_SCREENING;5894ca822a3f3237db595830139a21517541d043e834e2bcf9b3ccd58d50173a;892cdc2deae9e65ff5cb107febade99a79f5059ff8913a5825ed999f3650c143;2026-09-16T18:40:18.343781+00:00;true
LOC-0053;LOC-0029;PUBLIC_TRANSIT;2026-08-17T07:00:00+03:00;OK;927;16;1170;LOCAL_TRANSIT_OPTIMISTIC_SCREENING;3930844aa7965c78547a0b697f9ea832b0d12610bdd314525f77d2a381be192c;a267626cf54d15efbacdcf384dd9ebd9a5669531b6e9140d4365d7e01d90c5a2;2026-09-16T18:40:18.343781+00:00;true
LOC-0053;LOC-0037;PUBLIC_TRANSIT;2026-08-17T07:00:00+03:00;OK;933;16;4191;LOCAL_TRANSIT_OPTIMISTIC_SCREENING;856ea45f1ced0aedf7b93882cf8bbd5a2c72e167ae46df2cf831ace0cde65b08;59a998a4b62317dc3564c8cbf27f41deee7e18dfa98cff5f7c450cfad4254cc0;2026-09-16T18:40:18.343781+00:00;true
LOC-0053;LOC-0045;PUBLIC_TRANSIT;2026-08-17T07:00:00+03:00;OK;1055;18;2841;LOCAL_TRANSIT_OPTIMISTIC_SCREENING;ffa9f3a7ac3565633908a18668ddaac572227d30f68235927c8f316a3560ecda;7ea1bb3874c2b3abea6c3162262d995168afe34fcff9b2bf96e7c5b67d16e393;2026-09-16T18:40:18.343781+00:00;true
LOC-0053;LOC-0053;PUBLIC_TRANSIT;2026-08-17T07:00:00+03:00;OK;0;0;0;LOCAL_TRANSIT_OPTIMISTIC_SCREENING;370d932c49cdb37bffe40bf44adc493e439ed2cee2fdce0ef8588fe55965a2a1;3d5812abc84c11768aa73a732c85d75dbed439188f5bb3239e9b762ea31d9862;2026-09-16T18:40:18.343781+00:00;true
LOC-0053;LOC-0054;PUBLIC_TRANSIT;2026-08-17T07:00:00+03:00;OK;1086;19;4088;LOCAL_TRANSIT_OPTIMISTIC_SCREENING;c9f2cf3f42fe58aad74db73d64bdda4cb17e9a822911e85e36ad013eecef30c0;7997f4b05f9e7e724ec1afd560e3a64de9066f804cf2bb907da10725b5a80dbd;2026-09-16T18:40:18.343781+00:00;true
LOC-0053;LOC-0061;PUBLIC_TRANSIT;2026-08-17T07:00:00+03:00;OK;1724;29;6447;LOCAL_TRANSIT_OPTIMISTIC_SCREENING;dcea393c7b1d8859b024cf1dfac06a45a9862a0976fa619ea28e34f31ebb1158;0a88539e370eed771f076441d3b146562ad10d277d7a728962ed8fa723ee6468;2026-09-16T18:40:18.343781+00:00;true
LOC-0053;LOC-0063;PUBLIC_TRANSIT;2026-08-17T07:00:00+03:00;OK;847;15;2602;LOCAL_TRANSIT_OPTIMISTIC_SCREENING;34a6f4eb52ee7f6ae6046a6c16cd73356db60874af1c113e08422b787da0575f;220f05f33e4bbe20ff48bdfdd461a38715fe10bc57c7ccc47c271dd0cb74a0f0;2026-09-16T18:40:18.343781+00:00;true
LOC-0053;LOC-0064;PUBLIC_TRANSIT;2026-08-17T07:00:00+03:00;OK;1177;20;2614;LOCAL_TRANSIT_OPTIMISTIC_SCREENING;beaf7c9f4895cb1a16884b525f657cdd4f4f0b58dd131424f2457f19e61db065;0b809a8c4b168ac0e2b3cc08c31a389fe870c4529de55b33d80770b62f761462;2026-09-16T18:40:18.343781+00:00;true
LOC-0053;LOC-0074;PUBLIC_TRANSIT;2026-08-17T07:00:00+03:00;OK;1346;23;4934;LOCAL_TRANSIT_OPTIMISTIC_SCREENING;08243e07f7948124763966aa2cda24f361a0a7d85c980889fca8803e3db0f3ff;89fa41473b0a3d740968a92532c5493f0baae293a92b0cae16690a6841711f4b;2026-09-16T18:40:18.343781+00:00;true
LOC-0053;LOC-0075;PUBLIC_TRANSIT;2026-08-17T07:00:00+03:00;OK;1386;24;4916;LOCAL_TRANSIT_OPTIMISTIC_SCREENING;71aec7b29ac087aeea05180717ba85359d894d773bd0789efdcbe606ac24662d;1ffdce211f149c3224e8b3da32db21ac1f7b4fa3819bdb02bb2572d64401be4a;2026-09-16T18:40:18.343781+00:00;true
LOC-0053;LOC-0076;PUBLIC_TRANSIT;2026-08-17T07:00:00+03:00;OK;722;13;1175;LOCAL_TRANSIT_OPTIMISTIC_SCREENING;e5a29e298cd116e8f4380e3789b80bb8089266dd964cd1ab284e4b4f5134c20b;141f9674e8698a123aa94acaf0d46855553154a63af80597bea912d94340437e;2026-09-16T18:40:18.343781+00:00;true
LOC-0053;LOC-0078;PUBLIC_TRANSIT;2026-08-17T07:00:00+03:00;OK;955;16;2660;LOCAL_TRANSIT_OPTIMISTIC_SCREENING;664d8311e334deae03aa206f93c8728611a9a119743d870e4415f081536d0477;f79e8f37139126f2baf58b8a52dd4ed9902bc592da00a98f4c0942f07fe3ac80;2026-09-16T18:40:18.343781+00:00;true
LOC-0053;LOC-0080;PUBLIC_TRANSIT;2026-08-17T07:00:00+03:00;OK;1348;23;5329;LOCAL_TRANSIT_OPTIMISTIC_SCREENING;bbe9bd46e37ab24adc3cbe6ba17ea9c937e6746043f0ad88be6b0364f46bd59f;a47444f17b32d198cadf28dcac7ff02244c553eda0d3fa764cbbf8656243bc3f;2026-09-16T18:40:18.343781+00:00;true
LOC-0053;LOC-0082;PUBLIC_TRANSIT;2026-08-17T07:00:00+03:00;OK;979;17;1950;LOCAL_TRANSIT_OPTIMISTIC_SCREENING;5224b3b336b628298b285ea9500fb3bbdaf0348abd0c77be44ac967ac62d9380;7c51f6da9133f60a4655bde0c77f271ffacb97d3ff032247d766b60df122b007;2026-09-16T18:40:18.343781+00:00;true
LOC-0053;LOC-0085;PUBLIC_TRANSIT;2026-08-17T07:00:00+03:00;OK;1495;25;3609;LOCAL_TRANSIT_OPTIMISTIC_SCREENING;a0df3b09c1c959d40cc84b0451b73db7c8b0b372e57ef3734afa3397951bd69a;a6376b49639469030bc852bcb7c0ff820b57c5ab9dfaaaf3c8d9157130ac7925;2026-09-16T18:40:18.343781+00:00;true
LOC-0053;LOC-0086;PUBLIC_TRANSIT;2026-08-17T07:00:00+03:00;OK;1559;26;3714;LOCAL_TRANSIT_OPTIMISTIC_SCREENING;c418744461e56fe9aa8507a03675de96fa0618edafc21c29255369aa4c56fca7;b7251309a43a34df644cea6d41079c5eede168070d4d723f2c9d5227a3748ec8;2026-09-16T18:40:18.343781+00:00;true
LOC-0053;LOC-0091;PUBLIC_TRANSIT;2026-08-17T07:00:00+03:00;OK;1718;29;7492;LOCAL_TRANSIT_OPTIMISTIC_SCREENING;74f142550d10b504ac2c895e7cf64241ca5ba80b33f6c0b05fc36eaef25c892a;62d6a3940d1691afdd6cfe4c3663884f9df869207ebe7e9dbd33fee8c66b8be4;2026-09-16T18:40:18.343781+00:00;true
LOC-0053;LOC-0092;PUBLIC_TRANSIT;2026-08-17T07:00:00+03:00;OK;1837;31;7398;LOCAL_TRANSIT_OPTIMISTIC_SCREENING;a9590a4222f3a1e1cee928011859cf790a99d8bed7de98b5d645c8aca737744a;dfd3c6e28b836f148599fe2e8867b9f0b1ff48a206ddc05bc797b7edcfc1c513;2026-09-16T18:40:18.343781+00:00;true
LOC-0053;LOC-0093;PUBLIC_TRANSIT;2026-08-17T07:00:00+03:00;OK;1813;31;7199;LOCAL_TRANSIT_OPTIMISTIC_SCREENING;5a46e19bde278dc1e875b0a5dfb98ca88b294a75476d2e8691d3de173ce5b9ec;423407296f68481261c9c7420be5d3a9a54efc4dff96676e7845c4f72bfcac3b;2026-09-16T18:40:18.343781+00:00;true
LOC-0053;LOC-0094;PUBLIC_TRANSIT;2026-08-17T07:00:00+03:00;OK;1803;31;3941;LOCAL_TRANSIT_OPTIMISTIC_SCREENING;238f9bfa0280c25b32ebc32a3094b17767c57a9d8b87bd65c698dcc4c297d9bb;be9ccc48e73a6cbd6c1a16234ab453d5a8d07b7a2e43d037f0813a5305fb53c1;2026-09-16T18:40:18.343781+00:00;true
LOC-0053;LOC-0095;PUBLIC_TRANSIT;2026-08-17T07:00:00+03:00;OK;1696;29;4008;LOCAL_TRANSIT_OPTIMISTIC_SCREENING;a3cbc61fa09a3325fe6afc6d95513b26c4b4f453b3183e770da98c67e8c079a4;ca3df79617b4b753094d446593aaf16be51ea0833fd554ad73b067c675ec7d1b;2026-09-16T18:40:18.343781+00:00;true
LOC-0053;LOC-0102;PUBLIC_TRANSIT;2026-08-17T07:00:00+03:00;OK;1173;20;3202;LOCAL_TRANSIT_OPTIMISTIC_SCREENING;d2d79903219ff268420fbaf814e805c99214750bfde0b23fe566bd84646fdfc4;e778a2feccb2cca69dd5afa462cb0b50b02f84f34a321505916a1a9de3ea9491;2026-09-16T18:40:18.343781+00:00;true
LOC-0053;LOC-0112;PUBLIC_TRANSIT;2026-08-17T07:00:00+03:00;OK;1898;32;5893;LOCAL_TRANSIT_OPTIMISTIC_SCREENING;4cc0f76dbc0751e2ecc3b1594cdd3f8f02699cd66d0be0d9aebb2dfeb6ac5817;773403f2aedb3d898b56beaed94ed8ae40a8d16e03a84199b7941011a8e94d98;2026-09-16T18:40:18.343781+00:00;true
LOC-0053;LOC-0124;PUBLIC_TRANSIT;2026-08-17T07:00:00+03:00;OK;2067;35;6384;LOCAL_TRANSIT_OPTIMISTIC_SCREENING;2a1377f7abf14644e01bc3c297a8e705bdce2e05f5b028c18cbd50eb2ee4ba38;70ac40c20f5f72d670767a9126f8eb204dc62e90b7a760775aa542ade9cba9d4;2026-09-16T18:40:18.343781+00:00;true
LOC-0053;LOC-0125;PUBLIC_TRANSIT;2026-08-17T07:00:00+03:00;OK;1400;24;5965;LOCAL_TRANSIT_OPTIMISTIC_SCREENING;12bb7a0827b1f4ebee047467fd675195eb90980b51ea021fb79fb87be7b149b8;88ec715e043e1f4016c42757d9b3c160102fcfed281fe1a38c8da36e5b2adcf5;2026-09-16T18:40:18.343781+00:00;true
LOC-0053;LOC-0126;PUBLIC_TRANSIT;2026-08-17T07:00:00+03:00;OK;1468;25;4795;LOCAL_TRANSIT_OPTIMISTIC_SCREENING;2521866b848f89c82a4ccdf4002f922e2cff9c10e779211d26d31b9150e6e656;6721557d004e9f3a11fbf78412087d2a507194c4d847dbe4a811d7eaadee56ef;2026-09-16T18:40:18.343781+00:00;true
LOC-0053;LOC-0128;PUBLIC_TRANSIT;2026-08-17T07:00:00+03:00;OK;933;16;3956;LOCAL_TRANSIT_OPTIMISTIC_SCREENING;bab3083d14b4f1e8ee04a3193af8c33c1da906ddd104211b80b48f04d2301a99;61c483e789ba34acbeefd1e8030d52a4323b5b93f4531bd11d5d2158eb7d4f0b;2026-09-16T18:40:18.343781+00:00;true
LOC-0053;LOC-0134;PUBLIC_TRANSIT;2026-08-17T07:00:00+03:00;OK;1142;20;2897;LOCAL_TRANSIT_OPTIMISTIC_SCREENING;b381c0007cdc8ec7ae0a704cff01e2f408342771dd1b435b466437563719a6fa;9fe5e97514540d48eb84f4be80d026b47ecfc464918ea8a7c2cbfc76f1279e9d;2026-09-16T18:40:18.343781+00:00;true
LOC-0053;LOC-0135;PUBLIC_TRANSIT;2026-08-17T07:00:00+03:00;OK;1217;21;2803;LOCAL_TRANSIT_OPTIMISTIC_SCREENING;771d7a61c739227ad254a60ad3429db8b5ee38057c9112b14fba91e10dfba9f9;4c1fc624cc013278bebddc0f930b7631b38211084774b8c32858c39f1b5afaab;2026-09-16T18:40:18.343781+00:00;true
LOC-0053;LOC-0136;PUBLIC_TRANSIT;2026-08-17T07:00:00+03:00;OK;1161;20;3112;LOCAL_TRANSIT_OPTIMISTIC_SCREENING;87628f9749df8f8cb2cbe6b0fdda89bf168826ceab474d636e9a8ed5c6012f1d;6331d99ff3a891afb801f3f61e38f9e5f1c91951ddf2d12c7f00a4d15164a96f;2026-09-16T18:40:18.343781+00:00;true
LOC-0053;LOC-0140;PUBLIC_TRANSIT;2026-08-17T07:00:00+03:00;OK;610;11;648;LOCAL_TRANSIT_OPTIMISTIC_SCREENING;ad3ff89eff1b5cf9f027f3bf20a30844f3c73128ef7a3975f7b080d492ba31ec;4ecfbeff6dfce9413f1bc49c7abb5cd3ab632c8cebe79d23cab0762521e7e137;2026-09-16T18:40:18.343781+00:00;true
LOC-0053;LOC-0141;PUBLIC_TRANSIT;2026-08-17T07:00:00+03:00;OK;1925;33;6148;LOCAL_TRANSIT_OPTIMISTIC_SCREENING;9816918b1a8f5f9da034f93942c1302ba2fe90bd79e799812284a0427b2af757;23ff6a6e155a15ddef2fa10ca4c75d4889a2725cee8a4ddd1fc7f02ad4857b5d;2026-09-16T18:40:18.343781+00:00;true
LOC-0053;LOC-0142;PUBLIC_TRANSIT;2026-08-17T07:00:00+03:00;OK;1860;31;6224;LOCAL_TRANSIT_OPTIMISTIC_SCREENING;c9f5920e766040afccbc45728a0884251e3607112283ec0546b8bafdfbb1e67a;62b5c2d910d486bfefd4bec234a6d8eafc3f1b38ffb3c189a1d35432fd876685;2026-09-16T18:40:18.343781+00:00;true
LOC-0053;LOC-0145;PUBLIC_TRANSIT;2026-08-17T07:00:00+03:00;OK;1935;33;8267;LOCAL_TRANSIT_OPTIMISTIC_SCREENING;738a9b0f62d7bfebf66dbb2f5e0622834dabfb517d33f1ee57f2d76955182003;7e1d286c89c5e3c6f444e4522ef142aee7caf2b36044ced742021654376b99b8;2026-09-16T18:40:18.343781+00:00;true
LOC-0053;LOC-0148;PUBLIC_TRANSIT;2026-08-17T07:00:00+03:00;OK;1423;24;4757;LOCAL_TRANSIT_OPTIMISTIC_SCREENING;05f48ca4232c728f2ac5008a8b631c38c1f6ae2597ce998a39f561ab60ba95f0;a697519c56e6f28e79214dc62f80f8ce53923153eb296434ed109dc54c1ffbe3;2026-09-16T18:40:18.343781+00:00;true
LOC-0053;LOC-0149;PUBLIC_TRANSIT;2026-08-17T07:00:00+03:00;OK;1283;22;4607;LOCAL_TRANSIT_OPTIMISTIC_SCREENING;6bf6e08cf02eaa666a540dc28115c33ff9a5eb4181e496e3ef0f7d1011b445d8;5ea57bada6f35878a015722d2e1ddd722a80df8f14f780797e8df5319861aa2a;2026-09-16T18:40:18.343781+00:00;true
LOC-0053;LOC-0150;PUBLIC_TRANSIT;2026-08-17T07:00:00+03:00;OK;1164;20;4510;LOCAL_TRANSIT_OPTIMISTIC_SCREENING;20c48da548763d94a8dc4323493163af6fbf46fb81319d44909a0f03eb8cc249;2fa23cd5961ce6bda3b4a616d6153e4fcab7e544852db3766aa32bb5a099f69f;2026-09-16T18:40:18.343781+00:00;true
LOC-0053;LOC-0151;PUBLIC_TRANSIT;2026-08-17T07:00:00+03:00;OK;1556;26;4945;LOCAL_TRANSIT_OPTIMISTIC_SCREENING;8df4e01d61c1f649217fea1643ea890cf4b895d78250cb319ed5eece745a916e;1aa68f721ef74b8ca3c08bfa8de64f78dabdcff80be87efd27281e93a7a36d68;2026-09-16T18:40:18.343781+00:00;true
LOC-0053;LOC-0152;PUBLIC_TRANSIT;2026-08-17T07:00:00+03:00;OK;1590;27;4876;LOCAL_TRANSIT_OPTIMISTIC_SCREENING;d26f0d1a7a6b104398b0186c4d1581e14e39b4988f60f1d77231b159c79b20e7;d89ba5b10967c2b598b6896754aae5c42fe8175dcf7da881ea0a1fd146791b7e;2026-09-16T18:40:18.343781+00:00;true
LOC-0053;LOC-0190;PUBLIC_TRANSIT;2026-08-17T07:00:00+03:00;OK;1520;26;5334;LOCAL_TRANSIT_OPTIMISTIC_SCREENING;bcbd6818c9cf6587596f6f41ede03c1ce36755a8f3244b9b0a202cb602aed5a9;e1e4a636711ddebbb41c23a71ca1d6f52c08769321eda1d14c0f679f1fde29f0;2026-09-16T18:40:18.343781+00:00;true
LOC-0053;LOC-0196;PUBLIC_TRANSIT;2026-08-17T07:00:00+03:00;OK;1555;26;7611;LOCAL_TRANSIT_OPTIMISTIC_SCREENING;f91c3e0368218967e9cbc636a2a1741b2535cc40ab91f4be3a2d8e17935b9959;735cea602a8bb031f277551948689336a99a0a0cfb2bb81700c4d7c234a17403;2026-09-16T18:40:18.343781+00:00;true
LOC-0054;LOC-0002;PUBLIC_TRANSIT;2026-08-17T07:00:00+03:00;OK;1092;19;2040;LOCAL_TRANSIT_OPTIMISTIC_SCREENING;2cc92808454624de3709584796aa4df6128bef6640ab335d09443f1e88268fa6;2e2e0a50d6c3432d8475eb8cb2f3c0ee81ab7a5c4567550b409592243a32849a;2026-09-16T18:40:18.343781+00:00;true
LOC-0054;LOC-0008;PUBLIC_TRANSIT;2026-08-17T07:00:00+03:00;OK;1778;30;3621;LOCAL_TRANSIT_OPTIMISTIC_SCREENING;c07be8c60072968763fbf154b69c11ec6b9d0baf79e45ceca3345f961fff71cd;85d90b027267b8b6a0c1faf1a4f2a674ed33a0063c474322844a4fef50734de0;2026-09-16T18:40:18.343781+00:00;true
LOC-0054;LOC-0009;PUBLIC_TRANSIT;2026-08-17T07:00:00+03:00;OK;2980;50;9062;LOCAL_TRANSIT_OPTIMISTIC_SCREENING;c3ed2461516f588990338b1390ec80106dbd4429a5f03d1ed2b51373d2278872;ac4bb9728b7424fd5ab8de31e38a22a34f17e595cb302442774ce5a744b51f09;2026-09-16T18:40:18.343781+00:00;true
LOC-0054;LOC-0010;PUBLIC_TRANSIT;2026-08-17T07:00:00+03:00;OK;1806;31;4297;LOCAL_TRANSIT_OPTIMISTIC_SCREENING;fd2421fbd0cad7a06eac6a204d1eb54d3f78e6aebaffd5f4673930d3de06de89;ce6d1850f50b5e3c2c9b60c26f86f1fd7010f5f19af7bd74ad587c72d604f7d4;2026-09-16T18:40:18.343781+00:00;true
LOC-0054;LOC-0011;PUBLIC_TRANSIT;2026-08-17T07:00:00+03:00;OK;1448;25;2929;LOCAL_TRANSIT_OPTIMISTIC_SCREENING;a2448d6d1388c5476b1ea7d708c41eff079cffbb4fc758a6501fdb797ebeb784;c6944401d11799612cd014a67fb40b5a8df8489b69fd58bc7f2b51442b284c29;2026-09-16T18:40:18.343781+00:00;true
LOC-0054;LOC-0012;PUBLIC_TRANSIT;2026-08-17T07:00:00+03:00;OK;1741;30;3379;LOCAL_TRANSIT_OPTIMISTIC_SCREENING;d173b133a819e4e3d88a1f845a2bac6feefb9b25fede450fb856c2002474b085;55d2fddc9336e9a6ebbaa8d206bdb845c4c68cea27d55cc384578e17ea8c2fdd;2026-09-16T18:40:18.343781+00:00;true
LOC-0054;LOC-0013;PUBLIC_TRANSIT;2026-08-17T07:00:00+03:00;OK;1457;25;3080;LOCAL_TRANSIT_OPTIMISTIC_SCREENING;3a45900ae21dc35c2c5aec01c46b78da29451a6ef739544632ee6ca86edf7886;c0c10c7567fbf09cae60a80ccc19342dafde4909d1f0b0a34b9c52b178c244be;2026-09-16T18:40:18.343781+00:00;true
LOC-0054;LOC-0016;PUBLIC_TRANSIT;2026-08-17T07:00:00+03:00;OK;1646;28;4842;LOCAL_TRANSIT_OPTIMISTIC_SCREENING;6c5c7fff1516a82ea4d3f9324e87af1ae2d5b679dd70c124b597c5bb067e2ae6;06b57bc4369d7af4f3dc089d36ff40d79140e70fbf36483f84f53a138fe05ba9;2026-09-16T18:40:18.343781+00:00;true
LOC-0054;LOC-0017;PUBLIC_TRANSIT;2026-08-17T07:00:00+03:00;OK;2990;50;5211;LOCAL_TRANSIT_OPTIMISTIC_SCREENING;2a50025d0f0549f6353b7a20d8333e7b86a80fd6e0ca426e317b79bc324c909c;ba8e89a6612336a8cce62369cf7d4b28aed9aa6ed31f531a6c5277ec8bac11bb;2026-09-16T18:40:18.343781+00:00;true
LOC-0054;LOC-0018;PUBLIC_TRANSIT;2026-08-17T07:00:00+03:00;OK;2625;44;5255;LOCAL_TRANSIT_OPTIMISTIC_SCREENING;0a7ddf4f35605cd4612f7e3ad9c780566562f872a64d2aa5b188f4da4b031fa8;aca525664c41d592ae0b6862e44d39ae264a3e5f6eb5bf2a5dc22a34633ffc6a;2026-09-16T18:40:18.343781+00:00;true
LOC-0054;LOC-0019;PUBLIC_TRANSIT;2026-08-17T07:00:00+03:00;OK;2022;34;4572;LOCAL_TRANSIT_OPTIMISTIC_SCREENING;3fa763cdc6f27c5531fc0449d219e02bd36498739e291943fc9cd2dcc38881ea;200ae97a4e524bd01bb2658f004f431efe0e100e0e0b21f67d2fd984ca33c74b;2026-09-16T18:40:18.343781+00:00;true
LOC-0054;LOC-0020;PUBLIC_TRANSIT;2026-08-17T07:00:00+03:00;OK;2175;37;5475;LOCAL_TRANSIT_OPTIMISTIC_SCREENING;794d8bc65308d1a482792ac356e8b0a109e146456648b45ee746d957b6450206;ac358cdb3183262923d1cd2784641a4c95c723cec21ac9b3fc62a451fe0eb1a7;2026-09-16T18:40:18.343781+00:00;true
LOC-0054;LOC-0023;PUBLIC_TRANSIT;2026-08-17T07:00:00+03:00;OK;2700;45;5815;LOCAL_TRANSIT_OPTIMISTIC_SCREENING;368a153c93155ac81f2cf4ee02b66225e1e9915dd9b19dacf05a967880e7ba81;2b7920c17ccea99ebc4f7ec38c9332529c7fef35b073281be651f8460c9f20eb;2026-09-16T18:40:18.343781+00:00;true
LOC-0054;LOC-0027;PUBLIC_TRANSIT;2026-08-17T07:00:00+03:00;OK;1980;33;3543;LOCAL_TRANSIT_OPTIMISTIC_SCREENING;64ff5fa3849f347c37d0de9bfa85144532befd1e3fe99f7da29cfd5f998a40e7;d972a1cb885b8cbf72fedd9fe440c4b3d5dd45a5bfa355908ba012d8e462c976;2026-09-16T18:40:18.343781+00:00;true
LOC-0054;LOC-0028;PUBLIC_TRANSIT;2026-08-17T07:00:00+03:00;OK;2152;36;4544;LOCAL_TRANSIT_OPTIMISTIC_SCREENING;47bff8b6038a18592a9e2f86d739984f03b239b93e520d1d3ed856fe19c8cee2;888bfb3b910534804b68cec0ee15bf14627cb898b72b4657c3fa574f68a3b292;2026-09-16T18:40:18.343781+00:00;true
LOC-0054;LOC-0029;PUBLIC_TRANSIT;2026-08-17T07:00:00+03:00;OK;2209;37;4563;LOCAL_TRANSIT_OPTIMISTIC_SCREENING;10370711d48c5309d8eed46f4340f1b9a3c56b12f9a995ee3796c3c2302d5b38;c2f6bddcf2b12096c0538c4fa0c852016edf123544115ec331674c470a3b45f1;2026-09-16T18:40:18.343781+00:00;true
LOC-0054;LOC-0037;PUBLIC_TRANSIT;2026-08-17T07:00:00+03:00;OK;466;8;549;LOCAL_TRANSIT_OPTIMISTIC_SCREENING;8e08643d0933a0c270fa66c474a250444e0344b16d8c9c43eaeeb2772c2cac06;92f7ca8b65a53d5f2e4df5e8a702b03cb17e9f471b8dc6eee966acbd5f35862f;2026-09-16T18:40:18.343781+00:00;true
LOC-0054;LOC-0045;PUBLIC_TRANSIT;2026-08-17T07:00:00+03:00;OK;2337;39;4949;LOCAL_TRANSIT_OPTIMISTIC_SCREENING;f37dd07828c450a3b862ff3725b4e7aca5eb2d862cea943aec4cdb13cd5a152a;f77a44d9b77b752eff33c76e3f42541c4bded32fa9132a4100458af9d15d6bfd;2026-09-16T18:40:18.343781+00:00;true
LOC-0054;LOC-0053;PUBLIC_TRANSIT;2026-08-17T07:00:00+03:00;OK;1404;24;4088;LOCAL_TRANSIT_OPTIMISTIC_SCREENING;2bb6caec47e7b92dfb771fa54ab16e5ec2f1642ab50e9503761db12bdbb74fc8;48f40844bde52e94f9b06f7f594102d31155b60bc4da95455f44699e545b1383;2026-09-16T18:40:18.343781+00:00;true
LOC-0054;LOC-0054;PUBLIC_TRANSIT;2026-08-17T07:00:00+03:00;OK;0;0;0;LOCAL_TRANSIT_OPTIMISTIC_SCREENING;297449b2b20477989628ca198ea4fb5172bf2ebe4ea3ff1d5a1b9935828215f8;3d5812abc84c11768aa73a732c85d75dbed439188f5bb3239e9b762ea31d9862;2026-09-16T18:40:18.343781+00:00;true
LOC-0054;LOC-0061;PUBLIC_TRANSIT;2026-08-17T07:00:00+03:00;OK;1765;30;3009;LOCAL_TRANSIT_OPTIMISTIC_SCREENING;aac8da38eb9ee4c247b3088e611ea5b9a845ba3e34f9ac508fdf0a013c8b6cf3;7ed3b7b9c5fa64b26f81eee2f100cf6babdb06d151ba49c51705fb3c86619845;2026-09-16T18:40:18.343781+00:00;true
LOC-0054;LOC-0063;PUBLIC_TRANSIT;2026-08-17T07:00:00+03:00;OK;1887;32;6312;LOCAL_TRANSIT_OPTIMISTIC_SCREENING;af61833fddd3899156c6240a8fa59658cf7b68a9049130147b4c938cb1741d2e;78de6ab150e7bf71a993920413602d5ac624cf557073e71c31802f2b647c7a4b;2026-09-16T18:40:18.343781+00:00;true
LOC-0054;LOC-0064;PUBLIC_TRANSIT;2026-08-17T07:00:00+03:00;OK;2217;37;6080;LOCAL_TRANSIT_OPTIMISTIC_SCREENING;181df3c1117e403ea3603ab87040f9a471a6bb9eb8bda48f009766fe966e4632;3d43361cb5ed20b942626019fc0a7e4d3a3b7cfe1fa8a583f9284f19976fcd4c;2026-09-16T18:40:18.343781+00:00;true
LOC-0054;LOC-0074;PUBLIC_TRANSIT;2026-08-17T07:00:00+03:00;OK;2650;45;4217;LOCAL_TRANSIT_OPTIMISTIC_SCREENING;9b64b088c3646c1dcda324faeeb919ba750b34a6cfe80237ec87737ef37ca114;ed549dc5ba25f295be5336192de3d6da6d869e26a3f154b06820a1692e90ebf3;2026-09-16T18:40:18.343781+00:00;true
LOC-0054;LOC-0075;PUBLIC_TRANSIT;2026-08-17T07:00:00+03:00;OK;2690;45;4622;LOCAL_TRANSIT_OPTIMISTIC_SCREENING;0513f24270fbac6afa88106ed024d4b0e3976eccaee6abfb99302e378aa9221c;f44fd9b1e91733a508400e6f62609def06bff17876b3d46fa6422d176a11366f;2026-09-16T18:40:18.343781+00:00;true
LOC-0054;LOC-0076;PUBLIC_TRANSIT;2026-08-17T07:00:00+03:00;OK;1942;33;5262;LOCAL_TRANSIT_OPTIMISTIC_SCREENING;990110c6a5e2f5b63458b3d561054c2d62eecfc0fb08a1bf218d5cd2d4b95281;4421c43c160509f81bbc8030c7841894b01369b144b3141368840f533004a3ac;2026-09-16T18:40:18.343781+00:00;true
LOC-0054;LOC-0078;PUBLIC_TRANSIT;2026-08-17T07:00:00+03:00;OK;2237;38;5391;LOCAL_TRANSIT_OPTIMISTIC_SCREENING;ab82caccf04bbd28401f846c9bc97b876bc359123090d9ae1789f911bc59776c;2723f737a554426f8508bb4490a3f6cb27298036d9e7aa47875f4a1f2b44b0e1;2026-09-16T18:40:18.343781+00:00;true
LOC-0054;LOC-0080;PUBLIC_TRANSIT;2026-08-17T07:00:00+03:00;OK;2652;45;4661;LOCAL_TRANSIT_OPTIMISTIC_SCREENING;27763c21304f3af77de71ddbee0c28d4ce730b84256ad64681f3b46baf522271;9b02f061ddef02ae91339ad72de3a67506c875a51c9d8f1c50cb40139f02f123;2026-09-16T18:40:18.343781+00:00;true
LOC-0054;LOC-0082;PUBLIC_TRANSIT;2026-08-17T07:00:00+03:00;OK;2019;34;5584;LOCAL_TRANSIT_OPTIMISTIC_SCREENING;34baffd5e0adb1cfa9272eeb2739f6409fd2941bc33e24259e0ca17fde24ec03;fe14e7f12bdfd876e07cb494ef2dbb136278591d224ad138b64694757ad60cae;2026-09-16T18:40:18.343781+00:00;true
LOC-0054;LOC-0085;PUBLIC_TRANSIT;2026-08-17T07:00:00+03:00;OK;1487;25;2623;LOCAL_TRANSIT_OPTIMISTIC_SCREENING;8676f45f3f2546caaa6f9da97a7056f2603baded6d34a2a9f04c1b9c29952735;3f37115bcd79d15e99b1710259c2c36d30c3273d69ce43e4b08cc9ffc3005ea5;2026-09-16T18:40:18.343781+00:00;true
LOC-0054;LOC-0086;PUBLIC_TRANSIT;2026-08-17T07:00:00+03:00;OK;1551;26;2390;LOCAL_TRANSIT_OPTIMISTIC_SCREENING;1449ca541f333a4a8f6e931e7dc2fcac410e906769ad91de23d55d496f803b28;c716e93f8e0e1591bb72c8f990ac25da3452a22ac9de380925658a6dcaa15866;2026-09-16T18:40:18.343781+00:00;true
LOC-0054;LOC-0091;PUBLIC_TRANSIT;2026-08-17T07:00:00+03:00;OK;1759;30;4307;LOCAL_TRANSIT_OPTIMISTIC_SCREENING;c4d354d27290310d1f58ffab69fc9247c12d8555fdf6ee977e79ebaa7dcb3ec3;031b4e64ba3a2f5a63e0942f18842c9ecab771d572c117b1f6553bbc83ca1882;2026-09-16T18:40:18.343781+00:00;true
LOC-0054;LOC-0092;PUBLIC_TRANSIT;2026-08-17T07:00:00+03:00;OK;1878;32;4564;LOCAL_TRANSIT_OPTIMISTIC_SCREENING;a1cf014a1bd6113238a9de09b05cea074fe638cd2d9de544a4de8e91e5c4dc01;fe04167ef8a21d08fd5136abf13c31f39da32c4eb0a9b2d2945c1704abb939b7;2026-09-16T18:40:18.343781+00:00;true
LOC-0054;LOC-0093;PUBLIC_TRANSIT;2026-08-17T07:00:00+03:00;OK;1854;31;4417;LOCAL_TRANSIT_OPTIMISTIC_SCREENING;a9136dd770b15788b1b26501774e06480458ab663da73481d14a9dff7ce55231;fd8c6592f3d0bca61ce73e60f65226a6636523bd7c12618bb69dbd08e0cf1775;2026-09-16T18:40:18.343781+00:00;true
LOC-0054;LOC-0094;PUBLIC_TRANSIT;2026-08-17T07:00:00+03:00;OK;1795;30;2920;LOCAL_TRANSIT_OPTIMISTIC_SCREENING;7936effabf221cfe0692ef02840c0839ba6e77203f5f31648bdaa2c396c253b3;5b1dd881d713dd5734291075b341546095db3cf6cf3363c5d705927e734c41fb;2026-09-16T18:40:18.343781+00:00;true
LOC-0054;LOC-0095;PUBLIC_TRANSIT;2026-08-17T07:00:00+03:00;OK;1737;29;3704;LOCAL_TRANSIT_OPTIMISTIC_SCREENING;8421c0812bbbfba186cfe1074d49737c35da161772caa7b02997c689efa199ce;687762971c2295271710c8ceb89241f96226eae678a35fe64dbf16365e17dd1c;2026-09-16T18:40:18.343781+00:00;true
LOC-0054;LOC-0102;PUBLIC_TRANSIT;2026-08-17T07:00:00+03:00;OK;2213;37;6603;LOCAL_TRANSIT_OPTIMISTIC_SCREENING;b8296be7a98bcb3630c27fd4077859bc582df9e5bf9fc736ada62f642c06f7e2;8f13ba59ec5a2c2996fd0f6912b856375ef283aa23f3bd38822060d26f6172f3;2026-09-16T18:40:18.343781+00:00;true
LOC-0054;LOC-0112;PUBLIC_TRANSIT;2026-08-17T07:00:00+03:00;OK;2379;40;3800;LOCAL_TRANSIT_OPTIMISTIC_SCREENING;a050c1b2e86dcc3acd209aa13474263f35d31f4c96ec4b6a88f2675c89da16f3;f7e0a3721809dbbe58583537dab5b37a5c71eae3658345fd1771192e652079af;2026-09-16T18:40:18.343781+00:00;true
LOC-0054;LOC-0124;PUBLIC_TRANSIT;2026-08-17T07:00:00+03:00;OK;3107;52;9150;LOCAL_TRANSIT_OPTIMISTIC_SCREENING;3b90d60f3ba115832138612775c499d240667fa343d982be1face2d22e00cf93;7a2fb7b7b39e4a9e9bb68e9df79af379ebf99bea356e26f72b412a9032b849df;2026-09-16T18:40:18.343781+00:00;true
LOC-0054;LOC-0125;PUBLIC_TRANSIT;2026-08-17T07:00:00+03:00;OK;2704;46;5360;LOCAL_TRANSIT_OPTIMISTIC_SCREENING;93ce4fe359abbdd8994706fb5cbd7bb7ca39df2ea862b9f0e9a38f6f138c65e5;a1ff7d1d0de5829f43e08647d0bebea6d22d9ec04979fdfd1311f7aeecc8ca82;2026-09-16T18:40:18.343781+00:00;true
LOC-0054;LOC-0126;PUBLIC_TRANSIT;2026-08-17T07:00:00+03:00;OK;2276;38;2942;LOCAL_TRANSIT_OPTIMISTIC_SCREENING;5b9af6bae74867c7ac24aa20ec17c470f55f652c7217ef97339e7c9cac6e2fe6;cf2d97abc6bcdb7db890c3ac761ecd1fd63f74679278676bcc00a9925e96e02b;2026-09-16T18:40:18.343781+00:00;true
LOC-0054;LOC-0128;PUBLIC_TRANSIT;2026-08-17T07:00:00+03:00;OK;341;6;219;LOCAL_TRANSIT_OPTIMISTIC_SCREENING;0b2114812d188e2e7d2b600097bd78d52b42e1571155a9213a08d5f0e49af615;3736b07a41530c73894f4baba11476e5d9e1ce6949ccd3dbe81c32a959b97606;2026-09-16T18:40:18.343781+00:00;true
LOC-0054;LOC-0134;PUBLIC_TRANSIT;2026-08-17T07:00:00+03:00;OK;1134;19;2386;LOCAL_TRANSIT_OPTIMISTIC_SCREENING;fb2d6b5f1fa070942204a095db823c939f20be009b0b79c75eacc90a4fe375e1;df4aca46f7c5f9bffba1ffb0f5be3d78103629cabc17658de52879d6ae681190;2026-09-16T18:40:18.343781+00:00;true
LOC-0054;LOC-0135;PUBLIC_TRANSIT;2026-08-17T07:00:00+03:00;OK;1209;21;2534;LOCAL_TRANSIT_OPTIMISTIC_SCREENING;a652a7b2dea553e5bb618b6caac9e5819d8fdca6a6de8462b1448d3a330c8cf2;eae2b3c2676d461f38bcdb8a9a39d16208be1ffd754a7d104d215aba7355d492;2026-09-16T18:40:18.343781+00:00;true
LOC-0054;LOC-0136;PUBLIC_TRANSIT;2026-08-17T07:00:00+03:00;OK;1153;20;2845;LOCAL_TRANSIT_OPTIMISTIC_SCREENING;61cc4d08dcf13be1546e8f0977efc4348a655377b136a67ad9a045d3289ecbcf;15927ccc1bbd012ebdb154ab91518094da24586f3d07bd1ae3d62a64ad0feb7e;2026-09-16T18:40:18.343781+00:00;true
LOC-0054;LOC-0140;PUBLIC_TRANSIT;2026-08-17T07:00:00+03:00;OK;1610;27;3532;LOCAL_TRANSIT_OPTIMISTIC_SCREENING;6119cc8991e6039659241a2379aafcf91d0192ad991313edd2f0b43869bc3ea4;8ab52ffba992d3ed8c93f7d998833eecf236eca416da4735c05bd4f7b9168f55;2026-09-16T18:40:18.343781+00:00;true
LOC-0054;LOC-0141;PUBLIC_TRANSIT;2026-08-17T07:00:00+03:00;OK;2965;50;8090;LOCAL_TRANSIT_OPTIMISTIC_SCREENING;7d1d9e3262ebc64889a92ae360f5941159e5b3041ea6244752a2a37d6114a597;732529067547d8e5999fd35833205e5ccbedcc2ae3fde953d4c7f0f0b1d402c0;2026-09-16T18:40:18.343781+00:00;true
LOC-0054;LOC-0142;PUBLIC_TRANSIT;2026-08-17T07:00:00+03:00;OK;2900;49;8103;LOCAL_TRANSIT_OPTIMISTIC_SCREENING;4316da7c02fd5b2341c46b74fbbd9fd7a4385260349c30a971b41b537d81ddc3;663db59ddd2c65c221f4feb2f25e8b841a611bc37b74e91edb85d9f9cba35636;2026-09-16T18:40:18.343781+00:00;true
LOC-0054;LOC-0145;PUBLIC_TRANSIT;2026-08-17T07:00:00+03:00;OK;1976;33;5513;LOCAL_TRANSIT_OPTIMISTIC_SCREENING;bae22274c42c9145d9ee53868488dfdc60dcd76cb5ef1c36ce825a2fe24ff4e3;769664ee4dddba38882b594f67a976cbb59fca8f335a0065bed3c153973c8dd7;2026-09-16T18:40:18.343781+00:00;true
LOC-0054;LOC-0148;PUBLIC_TRANSIT;2026-08-17T07:00:00+03:00;OK;2727;46;4612;LOCAL_TRANSIT_OPTIMISTIC_SCREENING;a3bc6a2d6bfc9cac407cf5dda7b8f2e9da74168efe3052a1e4f94607438181b1;9ffbefd0b3acabecf5d6a7b1f5bc3cdf78618fc9d241ff5b648fa534d7ae825c;2026-09-16T18:40:18.343781+00:00;true
LOC-0054;LOC-0149;PUBLIC_TRANSIT;2026-08-17T07:00:00+03:00;OK;2587;44;4342;LOCAL_TRANSIT_OPTIMISTIC_SCREENING;2e319964d962f4ebb503108cfd7c7dc3e4b0281d4fb0b0233be4bed8d94f606c;a535c5eef3d6e34d00486a74e45b6358250b85695746c2df6e3cee60dba5ec78;2026-09-16T18:40:18.343781+00:00;true
LOC-0054;LOC-0150;PUBLIC_TRANSIT;2026-08-17T07:00:00+03:00;OK;2468;42;4158;LOCAL_TRANSIT_OPTIMISTIC_SCREENING;52da96fdb25bbb659609cb1515ec205eb5e011d7a44e6829d94665fb3cc39a7c;7f44fd52e7346727c1831b035303534ed2245ac5d76514cd912f5bf8bba73dd4;2026-09-16T18:40:18.343781+00:00;true
LOC-0054;LOC-0151;PUBLIC_TRANSIT;2026-08-17T07:00:00+03:00;OK;2860;48;5037;LOCAL_TRANSIT_OPTIMISTIC_SCREENING;9f879a18cae78366e9e29bfda51482065fed655e783effa46517890930eb6646;edf862203ae5bcf382cd8fe2df5494688a1eb977f0b074aa1061ca93e00bce66;2026-09-16T18:40:18.343781+00:00;true
LOC-0054;LOC-0152;PUBLIC_TRANSIT;2026-08-17T07:00:00+03:00;OK;2894;49;5011;LOCAL_TRANSIT_OPTIMISTIC_SCREENING;b4e8004b53efcd7184cb0e5f30afb1c05b8a68407a5e99c05ab7e5dcc86f9356;ddcb185823768b3cb6aa73f08bfff62073053a49687a655aa15d30077914a051;2026-09-16T18:40:18.343781+00:00;true
LOC-0054;LOC-0190;PUBLIC_TRANSIT;2026-08-17T07:00:00+03:00;OK;1838;31;2209;LOCAL_TRANSIT_OPTIMISTIC_SCREENING;9c08e6324314d0fd8085c848073ac42ecbe2b8909bc22d5e4d45e42a74384501;d3e8db35cdca3e9a6d895f6a0065c8110e382216c6e5c98caa94d2555e388681;2026-09-16T18:40:18.343781+00:00;true
LOC-0054;LOC-0196;PUBLIC_TRANSIT;2026-08-17T07:00:00+03:00;OK;2738;46;7119;LOCAL_TRANSIT_OPTIMISTIC_SCREENING;cc31bedb8a43fddd4cb1bbea2081cd55fcd03b7e841c1ba2bcfbae58daa8d31a;8c7bc91274244a168846ce61eaa06755c2bb6253e204cf48ca86fc8b46467558;2026-09-16T18:40:18.343781+00:00;true
LOC-0061;LOC-0002;PUBLIC_TRANSIT;2026-08-17T07:00:00+03:00;OK;1740;29;5026;LOCAL_TRANSIT_OPTIMISTIC_SCREENING;bd653ed1b535468f3d41b7e6858c0870b83498bdff664c4501541c9dead86ebf;59f55cd5a4a10791e5063efa4d0694eec65f34245b8a2c29959fbdfc43be07ca;2026-09-16T18:40:18.343781+00:00;true
LOC-0061;LOC-0008;PUBLIC_TRANSIT;2026-08-17T07:00:00+03:00;OK;391;7;764;LOCAL_TRANSIT_OPTIMISTIC_SCREENING;3122f036a0782ac5e8d39df8e4dc086bc2ce85bdc651caba3562f8ff3c80cb57;c1c0f3d8e33ace043f50699a517ca1794d26a97f0be36702ac4a9a19aad26128;2026-09-16T18:40:18.343781+00:00;true
LOC-0061;LOC-0009;PUBLIC_TRANSIT;2026-08-17T07:00:00+03:00;OK;2834;48;9833;LOCAL_TRANSIT_OPTIMISTIC_SCREENING;96a88371a4b4f8fbacf2c09f5eebfdb517b079a558903b70b8a321812fdeff36;27dbda733e160f7547ba24ee736bdbe63d1b40a8c83f630bf7715924b585eccf;2026-09-16T18:40:18.343781+00:00;true
LOC-0061;LOC-0010;PUBLIC_TRANSIT;2026-08-17T07:00:00+03:00;OK;766;13;1375;LOCAL_TRANSIT_OPTIMISTIC_SCREENING;fbd3902e1fad7bb32dc9cf6cea5d1273602211b2554158cf837b22e5d49f2649;6a11094b19d8f5a2ce9583cc6202c2da5d4fddaa1792aaab0fbf90b1837878b4;2026-09-16T18:40:18.343781+00:00;true
LOC-0061;LOC-0011;PUBLIC_TRANSIT;2026-08-17T07:00:00+03:00;OK;546;10;761;LOCAL_TRANSIT_OPTIMISTIC_SCREENING;faf97bfaba14146846b865e61bae1e9641d0b76570b5bd6aedc2a17e5348f565;3a7e083d63a3a4313b0f63476e059e808247438b95873e49df08967c327b027a;2026-09-16T18:40:18.343781+00:00;true
LOC-0061;LOC-0012;PUBLIC_TRANSIT;2026-08-17T07:00:00+03:00;OK;375;7;386;LOCAL_TRANSIT_OPTIMISTIC_SCREENING;78daf85ecf160482e842004a2ebe7756dd0f89accd0ce25971f23637805fbd37;d5c99fe32f7bf91e508557ec9b9c3ec149974a404c4c3beefc962e29b08754c7;2026-09-16T18:40:18.343781+00:00;true
LOC-0061;LOC-0013;PUBLIC_TRANSIT;2026-08-17T07:00:00+03:00;OK;2105;36;6076;LOCAL_TRANSIT_OPTIMISTIC_SCREENING;57e2f34f7bc3aa733833df5ee4e3e9b7111b9e74d3db3db091f8e8b9cb7f3354;b5314c60089120677bbe250b6b63fe1d6beb8f01d2b16c4b9782aff2838ef0a4;2026-09-16T18:40:18.343781+00:00;true
LOC-0061;LOC-0016;PUBLIC_TRANSIT;2026-08-17T07:00:00+03:00;OK;2016;34;7182;LOCAL_TRANSIT_OPTIMISTIC_SCREENING;79f508202a0c5aa8b619b10d577fe16075217ae8fcf92073d767a85186a1d742;2cf4cda7f88685549362333692f4b82e57b44b899516d307975b5f272353c03b;2026-09-16T18:40:18.343781+00:00;true
LOC-0061;LOC-0017;PUBLIC_TRANSIT;2026-08-17T07:00:00+03:00;OK;2120;36;4830;LOCAL_TRANSIT_OPTIMISTIC_SCREENING;d84db642e6bc173b355b08529e70d5f6fc24a3718e467cb2c7ff4f197a470959;a04a7accf09da314fb71d3b89054e9f7cfb47ab33945710da9be3fd55c390898;2026-09-16T18:40:18.343781+00:00;true
LOC-0061;LOC-0018;PUBLIC_TRANSIT;2026-08-17T07:00:00+03:00;OK;1924;33;4427;LOCAL_TRANSIT_OPTIMISTIC_SCREENING;3f323ef061d39c075c90dff909bb34b17e3523f022275f119121d5d26047dd5c;49a6ad89b0d02956c2437af976cc09e6f9ecceba9d61c24315b6b624b7af8880;2026-09-16T18:40:18.343781+00:00;true
LOC-0061;LOC-0019;PUBLIC_TRANSIT;2026-08-17T07:00:00+03:00;OK;950;16;1675;LOCAL_TRANSIT_OPTIMISTIC_SCREENING;2e3cd2091c7a3aabb076ac5b0e0e21a1c754c2a526828a0b98d8f7f0c631ef98;e5c68c399c0568116adad6695a3384b5a7291c69fdc7fad2c92923839d018ab1;2026-09-16T18:40:18.343781+00:00;true
LOC-0061;LOC-0020;PUBLIC_TRANSIT;2026-08-17T07:00:00+03:00;OK;1221;21;2536;LOCAL_TRANSIT_OPTIMISTIC_SCREENING;ac7a9da282766aa36416c23f90fb70e0fdd35794d86aae7b36891e6c401d392b;e2e5b6cd2d45a65852608e4d25a5621f25b99d2a440cfc13e4865ebb6c869a42;2026-09-16T18:40:18.343781+00:00;true
LOC-0061;LOC-0023;PUBLIC_TRANSIT;2026-08-17T07:00:00+03:00;OK;1720;29;4253;LOCAL_TRANSIT_OPTIMISTIC_SCREENING;bdfe3d10882dd6dc104a6ac1d4d9dd2f1a088e76d9767939f41d8115a5abaa22;0d95139788709eabaa735413dcec2b564cb35385595d65027e1437289dd71a11;2026-09-16T18:40:18.343781+00:00;true
LOC-0061;LOC-0027;PUBLIC_TRANSIT;2026-08-17T07:00:00+03:00;OK;1476;25;3996;LOCAL_TRANSIT_OPTIMISTIC_SCREENING;38d5081c7ef543f427bd5748025125af66632b4443ac96ed0911c661418b66c1;62e98a2335189df7d89ede95ae9d7648b50a1d29cdd6212c91d230e497317bcf;2026-09-16T18:40:18.343781+00:00;true
LOC-0061;LOC-0028;PUBLIC_TRANSIT;2026-08-17T07:00:00+03:00;OK;2072;35;6481;LOCAL_TRANSIT_OPTIMISTIC_SCREENING;613349892663d09d1c382dbceba7d301c33ba6a31c0531fbf3388b412667ce0a;ae7b87098705b31cd763831a155d30c22d35d592de43ac7031eeab8c6109a0b2;2026-09-16T18:40:18.343781+00:00;true
LOC-0061;LOC-0029;PUBLIC_TRANSIT;2026-08-17T07:00:00+03:00;OK;2007;34;6466;LOCAL_TRANSIT_OPTIMISTIC_SCREENING;81ced5e1a974fc5457d1d97aed82d1321118e5ee587774da08cc432811f023b4;373f3050776bb4ff5963e6be060e143e57b709cc52541c10e8f0bec10e6eb367;2026-09-16T18:40:18.343781+00:00;true
LOC-0061;LOC-0037;PUBLIC_TRANSIT;2026-08-17T07:00:00+03:00;OK;1450;25;3407;LOCAL_TRANSIT_OPTIMISTIC_SCREENING;a6a4d05ab05b930a9004f38a34a0bc7ca63e877bcdc11f9571084db390b0e16f;c1eebe57a26e7982ea003be804ad487d4d7ff9d8370af7710da583037456cbf9;2026-09-16T18:40:18.343781+00:00;true
LOC-0061;LOC-0045;PUBLIC_TRANSIT;2026-08-17T07:00:00+03:00;OK;1805;31;6010;LOCAL_TRANSIT_OPTIMISTIC_SCREENING;24887b751087c6b52961c52a66db51b40761db61f75b6e1a7915e5863679fbf0;f198e7148d168110a284122e1a77de354a37f10d68d2abebd868258f88463f68;2026-09-16T18:40:18.343781+00:00;true
LOC-0061;LOC-0053;PUBLIC_TRANSIT;2026-08-17T07:00:00+03:00;OK;1720;29;6447;LOCAL_TRANSIT_OPTIMISTIC_SCREENING;32e6fc3ebdbe4ec5e786d73050e6ccd05be15ab8bc06a41bf251ea5878d93d8a;ff422c87393ca73b7a05bb2f6f1ef81511c4d45149110f83c75d627cade438ef;2026-09-16T18:40:18.343781+00:00;true
LOC-0061;LOC-0054;PUBLIC_TRANSIT;2026-08-17T07:00:00+03:00;OK;1762;30;3009;LOCAL_TRANSIT_OPTIMISTIC_SCREENING;f17b31eae846416fcac84712e8d26500a58b193c12ba55a6a5a20ab5a3f8a27c;bf0ad27118464ebeeed0342c8c155e2a836001dc827c2133491b06ddfaaaf3a6;2026-09-16T18:40:18.343781+00:00;true
LOC-0061;LOC-0061;PUBLIC_TRANSIT;2026-08-17T07:00:00+03:00;OK;0;0;0;LOCAL_TRANSIT_OPTIMISTIC_SCREENING;10d107c4fc52b37e448eed13ae2dd0028d7a2701b5b359be5ed29e8724ac79f5;3d5812abc84c11768aa73a732c85d75dbed439188f5bb3239e9b762ea31d9862;2026-09-16T18:40:18.343781+00:00;true
LOC-0061;LOC-0063;PUBLIC_TRANSIT;2026-08-17T07:00:00+03:00;OK;2014;34;8048;LOCAL_TRANSIT_OPTIMISTIC_SCREENING;70a50520465ea092126ce61fe451b4a5a9a61e6152f37ddace4a9a3195bdfbe8;de64b7df7f96d0be395f76d8523ad59dea300e1a9c91aaf5c639e1455868e9b1;2026-09-16T18:40:18.343781+00:00;true
LOC-0061;LOC-0064;PUBLIC_TRANSIT;2026-08-17T07:00:00+03:00;OK;1855;31;7668;LOCAL_TRANSIT_OPTIMISTIC_SCREENING;48946d62004e4b5ea2ff868ee636e8117368f7b8884b486f7d5b41fc8b383a95;e902d10c4ab93820dd427fe68abbeb7d40a14fa1a41e545d45ea2385d3cc7672;2026-09-16T18:40:18.343781+00:00;true
LOC-0061;LOC-0074;PUBLIC_TRANSIT;2026-08-17T07:00:00+03:00;OK;1750;30;3612;LOCAL_TRANSIT_OPTIMISTIC_SCREENING;02181e91ea0d0b2ddde8c5495eb89523b749956567d56a926776f62366c5d48a;6d13332d41b89a5125b9ba8deb9ca0b9db2711547e6c6f7a9960d4254e1f8e8d;2026-09-16T18:40:18.343781+00:00;true
LOC-0061;LOC-0075;PUBLIC_TRANSIT;2026-08-17T07:00:00+03:00;OK;1820;31;4144;LOCAL_TRANSIT_OPTIMISTIC_SCREENING;361d64b7c5371425d747923001be4f013965455039661466e498299f47b9265a;7aefda8e87b7e390713332c0eb743d02f26e71bf5d149e0f496024bd8b727569;2026-09-16T18:40:18.343781+00:00;true
LOC-0061;LOC-0076;PUBLIC_TRANSIT;2026-08-17T07:00:00+03:00;OK;2312;39;7566;LOCAL_TRANSIT_OPTIMISTIC_SCREENING;dd6ac55687521e7ccf6bc26bce21c009caaaf95d335beb42fd15b16985778a10;1f5fd9fa591a3941cfa52923ef229a2d597ab7bc033ddc5553a5f422a5b146be;2026-09-16T18:40:18.343781+00:00;true
LOC-0061;LOC-0078;PUBLIC_TRANSIT;2026-08-17T07:00:00+03:00;OK;1893;32;6672;LOCAL_TRANSIT_OPTIMISTIC_SCREENING;ac84b0f5a99dd45c35089ca03403ec74fc186604a6043e068485a916dbc01aac;8ec2b1e0b23b1bb21425a5c4a9903cdd0ead4be035a13a7c3499b9c0be9c8597;2026-09-16T18:40:18.343781+00:00;true
LOC-0061;LOC-0080;PUBLIC_TRANSIT;2026-08-17T07:00:00+03:00;OK;1800;30;3846;LOCAL_TRANSIT_OPTIMISTIC_SCREENING;e93a60a3355f00e6d325898048b174e8af302345376109164ae4fc7f78cca7c9;257947a011194641ab7389a132bcc827f90f8a1b3fd66953f39d1b74403af518;2026-09-16T18:40:18.343781+00:00;true
LOC-0061;LOC-0082;PUBLIC_TRANSIT;2026-08-17T07:00:00+03:00;OK;1895;32;7375;LOCAL_TRANSIT_OPTIMISTIC_SCREENING;03c3996b08e2bce05cec3934670a3a6570f6c02af07571fe7a18dffa4622e8cf;222970e49b141ac5b10af8cfd42eb6a4e2380181b051b754c1c97bfa7c0f5a3f;2026-09-16T18:40:18.343781+00:00;true
LOC-0061;LOC-0085;PUBLIC_TRANSIT;2026-08-17T07:00:00+03:00;OK;1634;28;5608;LOCAL_TRANSIT_OPTIMISTIC_SCREENING;2f3e76512db741475ab32ce2c17329851432dd2f37f85909464186fa76d19511;cab1a0c367c6cc7e13bab6c4f1311ae44e4c7bf42e116830504cafefbea46e9a;2026-09-16T18:40:18.343781+00:00;true
LOC-0061;LOC-0086;PUBLIC_TRANSIT;2026-08-17T07:00:00+03:00;OK;1416;24;5359;LOCAL_TRANSIT_OPTIMISTIC_SCREENING;b20705fed7288dde6169a48e089f5b2bd193e87109f21a1e6cc729c72dc38c6b;6621206f03f395e8dcac7835f26795840da3cfa10c1cf9ce3fa2fa9bb51a1980;2026-09-16T18:40:18.343781+00:00;true
LOC-0061;LOC-0091;PUBLIC_TRANSIT;2026-08-17T07:00:00+03:00;OK;683;12;1319;LOCAL_TRANSIT_OPTIMISTIC_SCREENING;7b07f60002d6b2835135e29c3c5ad6aff38677014530b136d0af3654853a6433;f687adef5afe2ca1da0015051219f3599a68586eee4cdb4452c8b36ace23ed52;2026-09-16T18:40:18.343781+00:00;true
LOC-0061;LOC-0092;PUBLIC_TRANSIT;2026-08-17T07:00:00+03:00;OK;802;14;1753;LOCAL_TRANSIT_OPTIMISTIC_SCREENING;c4298172dea6ef543058838d2e851dcca624774aad800cbe021786570cb658ef;050517b52e7fced9847ce15c1c9539160c77279ec664dabb6fa0f0615ae01926;2026-09-16T18:40:18.343781+00:00;true
LOC-0061;LOC-0093;PUBLIC_TRANSIT;2026-08-17T07:00:00+03:00;OK;778;13;1678;LOCAL_TRANSIT_OPTIMISTIC_SCREENING;04ba253ee352256eb6b82408f9c06b66cf16da3f630d9b76726d77c3037b4895;ed3774dc4e59913f4a0baee3c2a4538c168ee021e58b5d9dde8e8625c72c96c8;2026-09-16T18:40:18.343781+00:00;true
LOC-0061;LOC-0094;PUBLIC_TRANSIT;2026-08-17T07:00:00+03:00;OK;1802;31;5871;LOCAL_TRANSIT_OPTIMISTIC_SCREENING;66185412aef807bea8a8ee0dce9615322139010947ec5796995b29954b2468f3;58f8c4e7a27aeaafbf8c97789551c1d5bec5e9a63c3c7dba3f37c21785fa8e81;2026-09-16T18:40:18.343781+00:00;true
LOC-0061;LOC-0095;PUBLIC_TRANSIT;2026-08-17T07:00:00+03:00;OK;1436;24;6678;LOCAL_TRANSIT_OPTIMISTIC_SCREENING;106820ecdfaf9b0148772f1df201147cae6a74ee0f51e1af9c13686092e77257;13240af38896661315c8400c9ce1c00c6c72097725c2ca972c0bc77ec18bcf7c;2026-09-16T18:40:18.343781+00:00;true
LOC-0061;LOC-0102;PUBLIC_TRANSIT;2026-08-17T07:00:00+03:00;OK;1624;28;8058;LOCAL_TRANSIT_OPTIMISTIC_SCREENING;bbe9755cbf0349d7e67c3eab6fce0b6f472b51e878c77d381c562f1eb9a398e2;6b4aa3761152cc2bb837293f487bb659690cc01e6e76dc7bca86e34e112be663;2026-09-16T18:40:18.343781+00:00;true
LOC-0061;LOC-0112;PUBLIC_TRANSIT;2026-08-17T07:00:00+03:00;OK;1399;24;2096;LOCAL_TRANSIT_OPTIMISTIC_SCREENING;69527cc379c740b474305e9d382eda2eaf1da8cdb6833445b379d0199772cb21;0f93104e844af70c2d00a229d335559d2f7354a4467b91b915e7419902183eec;2026-09-16T18:40:18.343781+00:00;true
LOC-0061;LOC-0124;PUBLIC_TRANSIT;2026-08-17T07:00:00+03:00;OK;2867;48;9776;LOCAL_TRANSIT_OPTIMISTIC_SCREENING;04193c6597324dfa040d53aa02727aec9a40f6a8bf51a3dec9782217dc8f0fd7;d9890b2a78ab0db3919190df842ffc79cef545a880712156a8bd48a9a5cdd7e6;2026-09-16T18:40:18.343781+00:00;true
LOC-0061;LOC-0125;PUBLIC_TRANSIT;2026-08-17T07:00:00+03:00;OK;1859;31;4286;LOCAL_TRANSIT_OPTIMISTIC_SCREENING;abb1a2b7aa10af184bd59fd6645db5b2366e6bf041508ed27b79eabf61624d1d;2b7c3802eaa64fb1613cc09f3727ade93c826e76c8f2449cf0f2beedbc51fa6b;2026-09-16T18:40:18.343781+00:00;true
LOC-0061;LOC-0126;PUBLIC_TRANSIT;2026-08-17T07:00:00+03:00;OK;1236;21;2309;LOCAL_TRANSIT_OPTIMISTIC_SCREENING;875a019a6500c276415ec8197fb08feb1e3adb8dc3c7909dcd2dfcd7c944d759;f9f1bd1615a2f2558f8da670db8c15f69f143a5c383fb5071097854292f35c6e;2026-09-16T18:40:18.343781+00:00;true
LOC-0061;LOC-0128;PUBLIC_TRANSIT;2026-08-17T07:00:00+03:00;OK;1642;28;3227;LOCAL_TRANSIT_OPTIMISTIC_SCREENING;8cf38b48fb171913b79d45ade45529ea7897a65ade1026f7da0a35c26db714e6;d4999b664146bcb95472d61f6f69d849a7cf4edce7b06a22e244c62c18b15729;2026-09-16T18:40:18.343781+00:00;true
LOC-0061;LOC-0134;PUBLIC_TRANSIT;2026-08-17T07:00:00+03:00;OK;1782;30;5387;LOCAL_TRANSIT_OPTIMISTIC_SCREENING;73764aadace8d6bd1383928349550da55cc102b56adf51fa4f6922dab2536b16;960d0db3e51ecbe5530be1cf54c0b25b917396ad89849b990826588d43a669d3;2026-09-16T18:40:18.343781+00:00;true
LOC-0061;LOC-0135;PUBLIC_TRANSIT;2026-08-17T07:00:00+03:00;OK;1857;31;5530;LOCAL_TRANSIT_OPTIMISTIC_SCREENING;4c58b3ed00da357e621498ade2621c5f287c16aa643d9d4ed68bdbd6eb99e7e7;ccca6e1da5d257ccf0368a556db401cb913ce499b25606d354be6cffd2bdd7cf;2026-09-16T18:40:18.343781+00:00;true
LOC-0061;LOC-0136;PUBLIC_TRANSIT;2026-08-17T07:00:00+03:00;OK;1801;31;5854;LOCAL_TRANSIT_OPTIMISTIC_SCREENING;d6c383fe09ae6142b2f0a6c61292e9e8ff6d2edc4bbb1203eb8dd9a2c396bdc6;8db306b7a1ae7d92efad7dac06b75fb62864c47e054ff0612090677286831688;2026-09-16T18:40:18.343781+00:00;true
LOC-0061;LOC-0140;PUBLIC_TRANSIT;2026-08-17T07:00:00+03:00;OK;1890;32;6046;LOCAL_TRANSIT_OPTIMISTIC_SCREENING;03ec245f29e165ad243b7f788310dced0b2289e48eaa6efdd3a27dac510b3e13;2b1f844e052f2333f12ccfad29caf040645217ae27b07ea96e0595c8bcd65790;2026-09-16T18:40:18.343781+00:00;true
LOC-0061;LOC-0141;PUBLIC_TRANSIT;2026-08-17T07:00:00+03:00;OK;2437;41;8235;LOCAL_TRANSIT_OPTIMISTIC_SCREENING;e9cb96064af7b6ed6e034b8c0141b0f65833766f96cd1af8e4d7baeb977aa6a9;9b34d373e4ba76b0ad9d3d0753104eecbe213e7872c30bc6256ee090421b7ef9;2026-09-16T18:40:18.343781+00:00;true
LOC-0061;LOC-0142;PUBLIC_TRANSIT;2026-08-17T07:00:00+03:00;OK;2372;40;8199;LOCAL_TRANSIT_OPTIMISTIC_SCREENING;114fea36fae6ff058e46df2706f610027348c558bbdfc75d35aca0d8fcb59a74;56fc80bc31b5e63e856686ab8864314050682cef384e944b98a59c5e0f66da3b;2026-09-16T18:40:18.343781+00:00;true
LOC-0061;LOC-0145;PUBLIC_TRANSIT;2026-08-17T07:00:00+03:00;OK;973;17;2643;LOCAL_TRANSIT_OPTIMISTIC_SCREENING;15a4c54d234fdb4888d4229b5b1ea33db30f28e25fe79fc12919f03c27335568;2a0c2404acf51c0aa2e7e7d2d627b08bb8204c06e2e65177176d042f5bf8dc84;2026-09-16T18:40:18.343781+00:00;true
LOC-0061;LOC-0148;PUBLIC_TRANSIT;2026-08-17T07:00:00+03:00;OK;1857;31;4261;LOCAL_TRANSIT_OPTIMISTIC_SCREENING;4dd92fafadf4ec4dbe5823d493c5539feae54c4719346fdd3032f4a14cdfb434;8c60040e0c0e2d6de63b9cccef491b10a1013384b99a794ccfe2906d565f86ac;2026-09-16T18:40:18.343781+00:00;true
LOC-0061;LOC-0149;PUBLIC_TRANSIT;2026-08-17T07:00:00+03:00;OK;1808;31;4047;LOCAL_TRANSIT_OPTIMISTIC_SCREENING;a8b0fc36c1840de23881694fa89702d74ba1f8a662a913bee2a387495eae8908;a523a16cf85506af85aba7cf9f987e3f0d7b28dd5415b7861a1cb21a352c6257;2026-09-16T18:40:18.343781+00:00;true
LOC-0061;LOC-0150;PUBLIC_TRANSIT;2026-08-17T07:00:00+03:00;OK;1796;30;3905;LOCAL_TRANSIT_OPTIMISTIC_SCREENING;a664b0ff751593e2404ef20cd7d2e236f3e4599a5ea00dad9113cb6fe1b5ea60;75978ed5e0b1ad2e81e22edfebdf0cbcb51ec8e86c6296b2d6f51f6aa413160f;2026-09-16T18:40:18.343781+00:00;true
LOC-0061;LOC-0151;PUBLIC_TRANSIT;2026-08-17T07:00:00+03:00;OK;1990;34;4665;LOCAL_TRANSIT_OPTIMISTIC_SCREENING;48f20ecfd4edae07c6aa7dff2867d145c353d397ca74feb5b9241df828d9034c;d13849fc5292db2e7e4329c15102a570afa909c582fe68475c916d665083d4b4;2026-09-16T18:40:18.343781+00:00;true
LOC-0061;LOC-0152;PUBLIC_TRANSIT;2026-08-17T07:00:00+03:00;OK;2024;34;4685;LOCAL_TRANSIT_OPTIMISTIC_SCREENING;5ced07098dd18efbb331db29ece9ef61a834ea408f5adce96723c7a09299303f;8f01ebc0e7c34e25d2fcfe10db35d65c6a6fe2344fd83da17816c6b04e81cce9;2026-09-16T18:40:18.343781+00:00;true
LOC-0061;LOC-0190;PUBLIC_TRANSIT;2026-08-17T07:00:00+03:00;OK;472;8;1126;LOCAL_TRANSIT_OPTIMISTIC_SCREENING;0a3cbc4caf008f16dd430df730033134a52c0a36792edcb94ac4ea531b69d0f1;748e1df16c0721eae0dec96bd8d22bd75596fab72919a85ca61316e66757a18c;2026-09-16T18:40:18.343781+00:00;true
LOC-0061;LOC-0196;PUBLIC_TRANSIT;2026-08-17T07:00:00+03:00;OK;1878;32;5640;LOCAL_TRANSIT_OPTIMISTIC_SCREENING;577fa97973c9afcdfc2fa8bd45413acdccd9a810622aa123ee7dbc0556fd4355;8733dbce0d9a16e137346fe1603c1ef53c15770bc5f3e99d0975a8b6b85fe917;2026-09-16T18:40:18.343781+00:00;true
LOC-0063;LOC-0002;PUBLIC_TRANSIT;2026-08-17T07:00:00+03:00;OK;1594;27;5389;LOCAL_TRANSIT_OPTIMISTIC_SCREENING;7db8952310968f67a12efb3c7370efa86a451a5d47cedcb538713eb2fc5e5bbc;ed088f8726ff254cdff18bf46f2f1dd8296d4365acf7629f4c846d587d1709ef;2026-09-16T18:40:18.343781+00:00;true
LOC-0063;LOC-0008;PUBLIC_TRANSIT;2026-08-17T07:00:00+03:00;OK;1893;32;8809;LOCAL_TRANSIT_OPTIMISTIC_SCREENING;caf506b06882be7097c8128ef0584551b649de60e743d51fd2cc7bb851f83587;e3ae14b1203c147fb4aeac08b2bf4211a3779a7420b608188fa30d52d1ae12f6;2026-09-16T18:40:18.343781+00:00;true
LOC-0063;LOC-0009;PUBLIC_TRANSIT;2026-08-17T07:00:00+03:00;OK;1825;31;3706;LOCAL_TRANSIT_OPTIMISTIC_SCREENING;94584dd0a31806530bd3b8466e36b918b45fd4292c32efe5757b6c509d0c5515;4a355ecade17b4eaf9a27fb50822baf2c3f08d9b1887a6b5157fb9a9b145b43d;2026-09-16T18:40:18.343781+00:00;true
LOC-0063;LOC-0010;PUBLIC_TRANSIT;2026-08-17T07:00:00+03:00;OK;1816;31;9345;LOCAL_TRANSIT_OPTIMISTIC_SCREENING;7ecfbbdbbed63795d7d2113ff25e7f78396aabacd370090a3fd7e859283f2e55;9e1d785c36d67f9cf5346524b1e8399a6fd3c80e7cad9fc92e30c9e07a325716;2026-09-16T18:40:18.343781+00:00;true
LOC-0063;LOC-0011;PUBLIC_TRANSIT;2026-08-17T07:00:00+03:00;OK;1901;32;8336;LOCAL_TRANSIT_OPTIMISTIC_SCREENING;ddebe8978c23a6a1cfed6eb63984eefb59f1d6f002676c882b5d504aaf67eecc;5bc28c0d809fcfff918552770efc20a9999292280d8d607b22f100a5ae3b090b;2026-09-16T18:40:18.343781+00:00;true
LOC-0063;LOC-0012;PUBLIC_TRANSIT;2026-08-17T07:00:00+03:00;OK;1856;31;8233;LOCAL_TRANSIT_OPTIMISTIC_SCREENING;efd74bfa25a8d3f8a098dec9e13d9a40b2fda17f6c0373782af6f7fb24cd6c78;7a752abac2a433bb31f528f31b8e44e843926e32ff126f8c79656c2511d33792;2026-09-16T18:40:18.343781+00:00;true
LOC-0063;LOC-0013;PUBLIC_TRANSIT;2026-08-17T07:00:00+03:00;OK;1959;33;5366;LOCAL_TRANSIT_OPTIMISTIC_SCREENING;6cf0d1257fb7d26d51bcbd626fd3879a4cdf8a6666f0d25234e2f53bebc6e086;3f793758d447058c50f769c8325779c55290641467c81e49e4e5ca60875be13e;2026-09-16T18:40:18.343781+00:00;true
LOC-0063;LOC-0016;PUBLIC_TRANSIT;2026-08-17T07:00:00+03:00;OK;1100;19;2144;LOCAL_TRANSIT_OPTIMISTIC_SCREENING;8aea6a833016436a598ca1b4187757b694803731f9c38f2c4bf3757f9385be45;39099919d4ee2c46f1d07beab15ac2f2fdfe796c6a0ee87ce692498a84ee6eb2;2026-09-16T18:40:18.343781+00:00;true
LOC-0063;LOC-0017;PUBLIC_TRANSIT;2026-08-17T07:00:00+03:00;OK;1818;31;4879;LOCAL_TRANSIT_OPTIMISTIC_SCREENING;bb93077f399fe2754e5278fd9f8d5b9cc2bce4b094713f115000373f7848d0df;b84edb322fe41f0be89b44f9585a055d18c0d0fabdc488bb8e1e949bbcfff577;2026-09-16T18:40:18.343781+00:00;true
LOC-0063;LOC-0018;PUBLIC_TRANSIT;2026-08-17T07:00:00+03:00;OK;1790;30;5631;LOCAL_TRANSIT_OPTIMISTIC_SCREENING;55701f3131d6e273dcb9d395050d0d9beebae94558eb7e4e95cb16ecc93b02ac;b5776357fbc4be0f301e36d0ca25abd03fcdc8c680b13658746f04efc7ce386a;2026-09-16T18:40:18.343781+00:00;true
LOC-0063;LOC-0019;PUBLIC_TRANSIT;2026-08-17T07:00:00+03:00;OK;2032;34;9643;LOCAL_TRANSIT_OPTIMISTIC_SCREENING;5a3d7289dcf822074fcd1593b3f4249bd40cda23dd3a96407773c5247666235e;54bd259ecf7477dfdf5afa8de8ed75d0f5b1a1aff1f9cbf2b7dc1253eecbbd4e;2026-09-16T18:40:18.343781+00:00;true
LOC-0063;LOC-0020;PUBLIC_TRANSIT;2026-08-17T07:00:00+03:00;OK;2465;42;9449;LOCAL_TRANSIT_OPTIMISTIC_SCREENING;0bdfc765452912046c40a36d367fa27f829ab4f1504fd65278a3a02e06714920;c56892f25950b26262ce291814778ec027c98e6f154b67890c27970016f312fd;2026-09-16T18:40:18.343781+00:00;true
LOC-0063;LOC-0023;PUBLIC_TRANSIT;2026-08-17T07:00:00+03:00;OK;2028;34;6950;LOCAL_TRANSIT_OPTIMISTIC_SCREENING;f2cc3e873ee9ce5b82867cac99aa938409e3275d855ee8dccb0d185660afa861;96113da65b0060d579909a90fc5310506e80b95056a60ea6efe0b164c743fef6;2026-09-16T18:40:18.343781+00:00;true
LOC-0063;LOC-0027;PUBLIC_TRANSIT;2026-08-17T07:00:00+03:00;OK;1487;25;4261;LOCAL_TRANSIT_OPTIMISTIC_SCREENING;0c7ed0927a88a7269bd286074873fff1d92cfcbafe01924045868e829c1573f6;2975d6a2d32988d81ebcb2b734319551069c47cb13e4d21cce56c0ca7af31621;2026-09-16T18:40:18.343781+00:00;true
LOC-0063;LOC-0028;PUBLIC_TRANSIT;2026-08-17T07:00:00+03:00;OK;954;16;1780;LOCAL_TRANSIT_OPTIMISTIC_SCREENING;06d5db1f3d3b7de87b347fa4c211cf040674b2991e895fc0753f89518b8c600e;8e9dc1376d96136921d2e33270fdd245c82f13ce1b470970cb780eb58e8e0c1e;2026-09-16T18:40:18.343781+00:00;true
LOC-0063;LOC-0029;PUBLIC_TRANSIT;2026-08-17T07:00:00+03:00;OK;898;15;1752;LOCAL_TRANSIT_OPTIMISTIC_SCREENING;7aeb67d731672beb7b20e55b08aeb684dc73b7aecdab790efceb82f42345ef57;e67fb4ad8083e5c00a70789d062fc67a0157a9d3f74101c3efc5bd1c37768877;2026-09-16T18:40:18.343781+00:00;true
LOC-0063;LOC-0037;PUBLIC_TRANSIT;2026-08-17T07:00:00+03:00;OK;1427;24;6540;LOCAL_TRANSIT_OPTIMISTIC_SCREENING;63edff32b481c3999757f8efd4158d29ba71e1e40a667436133236aaa8b1fa6f;0340c7b28489c637d72024ee704cf83109e3a33147dff993d943800a9dd6f08b;2026-09-16T18:40:18.343781+00:00;true
LOC-0063;LOC-0045;PUBLIC_TRANSIT;2026-08-17T07:00:00+03:00;OK;962;17;2353;LOCAL_TRANSIT_OPTIMISTIC_SCREENING;6d7215127c59244faf79b356c9721130841f6698617ad959ba34f77ab43075bc;43f8efaaa74f4b2833aa283b699b08f136515c16ef07bb40233e14b997f4fdbc;2026-09-16T18:40:18.343781+00:00;true
LOC-0063;LOC-0053;PUBLIC_TRANSIT;2026-08-17T07:00:00+03:00;OK;858;15;2602;LOCAL_TRANSIT_OPTIMISTIC_SCREENING;e21f794ad9f882761ba9c0a8b87923b865a9f91d1d2f7d8d350bc8641881ccdb;33466ce21ce87e1ffa273a1503992045032c21da75a6010da490ae77ed3625df;2026-09-16T18:40:18.343781+00:00;true
LOC-0063;LOC-0054;PUBLIC_TRANSIT;2026-08-17T07:00:00+03:00;OK;1580;27;6312;LOCAL_TRANSIT_OPTIMISTIC_SCREENING;0adca4463caedebcb209b76b8baab4a6a310a7259ab08a77ae4952be430392ec;5e1dc98465f9784eede1c8070893a7522af8c52d3b3c0e53f0e79c21eeef15ef;2026-09-16T18:40:18.343781+00:00;true
LOC-0063;LOC-0061;PUBLIC_TRANSIT;2026-08-17T07:00:00+03:00;OK;2020;34;8048;LOCAL_TRANSIT_OPTIMISTIC_SCREENING;54b2ba4f8c172b3ecb182d5960a21e7db9a9d8cfb1607eed7a8feefc9b115d8a;6d1ae761400001392bbd1f89880e533901327895a93c68cdc30f8d38d8c6af0d;2026-09-16T18:40:18.343781+00:00;true
LOC-0063;LOC-0063;PUBLIC_TRANSIT;2026-08-17T07:00:00+03:00;OK;0;0;0;LOCAL_TRANSIT_OPTIMISTIC_SCREENING;3ede4c9a6feac0f5d3e541417ab0705e509980c4c5cce19c6c4649ef92bb3893;3d5812abc84c11768aa73a732c85d75dbed439188f5bb3239e9b762ea31d9862;2026-09-16T18:40:18.343781+00:00;true
LOC-0063;LOC-0064;PUBLIC_TRANSIT;2026-08-17T07:00:00+03:00;OK;566;10;516;LOCAL_TRANSIT_OPTIMISTIC_SCREENING;e19caf9d4b04a37ed889526e9247ca44e52190a6f38a5739f8eb2b60801377a2;3bcd371f3871b724eb22fc81f8571c8b55a05ae98ad495e1e99a2ab9c82f8a9b;2026-09-16T18:40:18.343781+00:00;true
LOC-0063;LOC-0074;PUBLIC_TRANSIT;2026-08-17T07:00:00+03:00;OK;1768;30;5396;LOCAL_TRANSIT_OPTIMISTIC_SCREENING;a859dd9e4d4322a2a1e685fa8e9e54593bd4d6305656a8a26dd2acc36f19b551;4417b6ca7f304528e951a25aa4151ebde337886ebcf58381a89ed4f492b24e09;2026-09-16T18:40:18.343781+00:00;true
LOC-0063;LOC-0075;PUBLIC_TRANSIT;2026-08-17T07:00:00+03:00;OK;1808;31;5119;LOCAL_TRANSIT_OPTIMISTIC_SCREENING;b8054d274dbfb66fcfe25fd84ffb11d0678f50fecef385af9214ed9917fd5f12;0a76066caec0ae27317fe4b85d42e26d3027893cbe5d989a657ee6b62a4b83ec;2026-09-16T18:40:18.343781+00:00;true
LOC-0063;LOC-0076;PUBLIC_TRANSIT;2026-08-17T07:00:00+03:00;OK;1396;24;1889;LOCAL_TRANSIT_OPTIMISTIC_SCREENING;21274d64cef8ef32ebf055c53112a60f2892fb5f2dac42e293883e52b42cd868;7fa3d75273716372d5f4a3fdcb453816413065109ca0d2d0395f10fdbb751c1c;2026-09-16T18:40:18.343781+00:00;true
LOC-0063;LOC-0078;PUBLIC_TRANSIT;2026-08-17T07:00:00+03:00;OK;947;16;1638;LOCAL_TRANSIT_OPTIMISTIC_SCREENING;dbe9f3924c2742ca63cbf5111c30765d35893faeb26f37332f5c65591ab99d84;a8855e6ffde1c86efb0e618c1ab53217673730e75f9d3cfbdef156a5c36a02dd;2026-09-16T18:40:18.343781+00:00;true
LOC-0063;LOC-0080;PUBLIC_TRANSIT;2026-08-17T07:00:00+03:00;OK;1979;33;5628;LOCAL_TRANSIT_OPTIMISTIC_SCREENING;cc774e10d539ac99d204d5ccb043754bed04313da9b89e65596eec360fbfcd3f;4045f81dfd08cba553613a4299bf5eecd2cdd8b781bb436882d41c23c0685748;2026-09-16T18:40:18.343781+00:00;true
LOC-0063;LOC-0082;PUBLIC_TRANSIT;2026-08-17T07:00:00+03:00;OK;368;7;729;LOCAL_TRANSIT_OPTIMISTIC_SCREENING;f683ec0ac993070387cb382ff283ae6731e75f63441e7c6512021bb09e0bbfc9;7345c714e303893867978931ab24867a7793373ed721560df932be2a93eb9a2c;2026-09-16T18:40:18.343781+00:00;true
LOC-0063;LOC-0085;PUBLIC_TRANSIT;2026-08-17T07:00:00+03:00;OK;1989;34;6211;LOCAL_TRANSIT_OPTIMISTIC_SCREENING;97320ad0233daa90ea4ad66aa26229e988738742bbc65566ea8d054ad0bd1da0;b9da554725cf61c73ef68f368f252e4f796f8518ea8cf65487822eb768ec2348;2026-09-16T18:40:18.343781+00:00;true
LOC-0063;LOC-0086;PUBLIC_TRANSIT;2026-08-17T07:00:00+03:00;OK;2053;35;6311;LOCAL_TRANSIT_OPTIMISTIC_SCREENING;c660ce95cbc101b89ed9f823e8e1e80093408537b4aa9c1c10437278787c021f;6ff5f9b9bf2afb324bf526f1b833b23bf444aae87b44a51ca9817c3a08228795;2026-09-16T18:40:18.343781+00:00;true
LOC-0063;LOC-0091;PUBLIC_TRANSIT;2026-08-17T07:00:00+03:00;OK;1915;32;8828;LOCAL_TRANSIT_OPTIMISTIC_SCREENING;e2749d145d62416ba298543d0754506225181d930110203e8ae901d3790c8c01;96f7c633ed0e3286d6cfa641f3048c99504f47e498d1548f0a27a3976087e6eb;2026-09-16T18:40:18.343781+00:00;true
LOC-0063;LOC-0092;PUBLIC_TRANSIT;2026-08-17T07:00:00+03:00;OK;2046;35;8534;LOCAL_TRANSIT_OPTIMISTIC_SCREENING;39d0779d1a4fdc88d7a73df9d40f9011a1ab62311eacdf067c8ac9dd2d69277a;976d25a26bfaef1f2069d32bd96428a95e4955c73ddf59230d39b8aeeb0d7938;2026-09-16T18:40:18.343781+00:00;true
LOC-0063;LOC-0093;PUBLIC_TRANSIT;2026-08-17T07:00:00+03:00;OK;2022;34;8328;LOCAL_TRANSIT_OPTIMISTIC_SCREENING;e41221f16e45a0acfa375f7bb80dd0c2e5684b662cc3cd761ff0a7ec10052268;faba506d63355dbd005c7952f41a6b2b8dcf56ca957c74489e954746a5f4649d;2026-09-16T18:40:18.343781+00:00;true
LOC-0063;LOC-0094;PUBLIC_TRANSIT;2026-08-17T07:00:00+03:00;OK;2297;39;6541;LOCAL_TRANSIT_OPTIMISTIC_SCREENING;7c7f799d4f3554bce2baca45600f83a5d533e659cda6b035dc750f69359fb27d;edbad18a7e62b421f29921105d26cd2c98427c74d5daecfe3e86cfcfea221849;2026-09-16T18:40:18.343781+00:00;true
LOC-0063;LOC-0095;PUBLIC_TRANSIT;2026-08-17T07:00:00+03:00;OK;2190;37;6558;LOCAL_TRANSIT_OPTIMISTIC_SCREENING;365f7de47b229af835f5be3363d4f1ae541a9f288a1c9f4ce1539bb025e797b9;727c4ab0fedbac9f66ef3da9b0ecc68ab821e62da481dbf09749d9d8a5a31158;2026-09-16T18:40:18.343781+00:00;true
LOC-0063;LOC-0102;PUBLIC_TRANSIT;2026-08-17T07:00:00+03:00;OK;652;11;810;LOCAL_TRANSIT_OPTIMISTIC_SCREENING;eb19a8f0a916eb244540ef6c99ed55f86946cc9858dee6159ee56038f1d31934;7f238940da16900f51af04d18449bb68ff9b35800f82c60d7aafca2692aa8855;2026-09-16T18:40:18.343781+00:00;true
LOC-0063;LOC-0112;PUBLIC_TRANSIT;2026-08-17T07:00:00+03:00;OK;2266;38;6861;LOCAL_TRANSIT_OPTIMISTIC_SCREENING;2210443b623154a87b9781acba04eea26cd496b2550c06038b13138808a20fd0;97df765a9c9f7a8957e4713d0356daa0a533dcc6340d5e52277de2a03f5073b3;2026-09-16T18:40:18.343781+00:00;true
LOC-0063;LOC-0124;PUBLIC_TRANSIT;2026-08-17T07:00:00+03:00;OK;1785;30;4040;LOCAL_TRANSIT_OPTIMISTIC_SCREENING;57ffeb7159e65e108a79e2e49fd3aa8fbc1086a5e2b83b588f3eeeb729d6bd29;c41123131da187f74604d84a4a8be7d847dfec4adaa05018c982d4ba441e2586;2026-09-16T18:40:18.343781+00:00;true
LOC-0063;LOC-0125;PUBLIC_TRANSIT;2026-08-17T07:00:00+03:00;OK;1712;29;6043;LOCAL_TRANSIT_OPTIMISTIC_SCREENING;cd8d7ccb356de2bacc8692275408ca6b7fc7cbe1dda7bd578007487d1a205538;04c52234a9a8b5dc13af1c96015b220f5431dea6f779788525325fa5869ac13e;2026-09-16T18:40:18.343781+00:00;true
LOC-0063;LOC-0126;PUBLIC_TRANSIT;2026-08-17T07:00:00+03:00;OK;1574;27;5935;LOCAL_TRANSIT_OPTIMISTIC_SCREENING;add8b60f09a36a67d7a4cc44569c31dbfbca06c0c2c4eaa06bcb095f6381e0b3;ae4e32810847165ec25447940ff1014487ede72b20a56ec34acf845ce2aa4e7f;2026-09-16T18:40:18.343781+00:00;true
LOC-0063;LOC-0128;PUBLIC_TRANSIT;2026-08-17T07:00:00+03:00;OK;1427;24;6229;LOCAL_TRANSIT_OPTIMISTIC_SCREENING;bff3ce17ae2b134faa1e620331b22729a5606e4710685ce050cf2e0b7702a6f8;e1979abb1b5c0bf74060f36d1e13b0a0f17a21e6d1811f5bcb13c320d51746e9;2026-09-16T18:40:18.343781+00:00;true
LOC-0063;LOC-0134;PUBLIC_TRANSIT;2026-08-17T07:00:00+03:00;OK;1636;28;5494;LOCAL_TRANSIT_OPTIMISTIC_SCREENING;d161528136c2af9bd43ea658a85cc980a66f0f4e34ec76d7807b9c1a1e8e887f;cda5f92cfc2369f89c5ee1b9ed5a7a8d094e7077c05841675eab828fdd96147c;2026-09-16T18:40:18.343781+00:00;true
LOC-0063;LOC-0135;PUBLIC_TRANSIT;2026-08-17T07:00:00+03:00;OK;1711;29;5404;LOCAL_TRANSIT_OPTIMISTIC_SCREENING;987219125c414435a446029c38aae3323f747e7f3ea576cc124b3caeba009d2b;205f7ea20768cc797a53a9b449302dc7d8e0ea9b775ca079e5ff5dc5420b44fe;2026-09-16T18:40:18.343781+00:00;true
LOC-0063;LOC-0136;PUBLIC_TRANSIT;2026-08-17T07:00:00+03:00;OK;1655;28;5710;LOCAL_TRANSIT_OPTIMISTIC_SCREENING;b812d18a4c06b4ae96ee7e923af1e6602f0b100f511b2f77984150008e284aef;7e4436fb0806f44235310a900ac5a8cc72fb8da6776c12e5960dcff055af776d;2026-09-16T18:40:18.343781+00:00;true
LOC-0063;LOC-0140;PUBLIC_TRANSIT;2026-08-17T07:00:00+03:00;OK;1364;23;3240;LOCAL_TRANSIT_OPTIMISTIC_SCREENING;322b0fd394e2182b6bb17b0f0fa4c8e302eb242690c724fd64ecade4bf7eff4e;bd51c30c7d4b5516a46f73b1e7de1b2d130bb5447938849e0bdb3e65862b39ef;2026-09-16T18:40:18.343781+00:00;true
LOC-0063;LOC-0141;PUBLIC_TRANSIT;2026-08-17T07:00:00+03:00;OK;1779;30;4388;LOCAL_TRANSIT_OPTIMISTIC_SCREENING;902fdfb1f603397fe50cd47639e4ea501402a2dbdba049535e87c1790eb94a09;b4c9652c7d27904ee3f368bf8654f984099dc34d5c55a74dfeb92d1f702cdf5a;2026-09-16T18:40:18.343781+00:00;true
LOC-0063;LOC-0142;PUBLIC_TRANSIT;2026-08-17T07:00:00+03:00;OK;1714;29;4499;LOCAL_TRANSIT_OPTIMISTIC_SCREENING;0147550b219009d928de32b57e5318df1504b52d1f6ebe2d331d4187254fcc56;7b4a9010ed274ad3044efaa9a0e0d7610bcf3098bfdcc0b1fe98dc28841b5dd8;2026-09-16T18:40:18.343781+00:00;true
LOC-0063;LOC-0145;PUBLIC_TRANSIT;2026-08-17T07:00:00+03:00;OK;2217;37;9258;LOCAL_TRANSIT_OPTIMISTIC_SCREENING;d5e732c82dc91776b41d360bfdfd3b4bf5bf7c06eee8fdeabd542291a884d450;87e5c7c8423e02f8ddba57e5d2910ea1eeb6c3931ff78706ef1c62fe21f05c19;2026-09-16T18:40:18.343781+00:00;true
LOC-0063;LOC-0148;PUBLIC_TRANSIT;2026-08-17T07:00:00+03:00;OK;1845;31;4924;LOCAL_TRANSIT_OPTIMISTIC_SCREENING;36e2d1fbbe9a3f85c277046d66c19cf84b5fb31ed4a7deb6483044dc2cd1303d;d65b93595b2c16a1c9e75eb0fc6ac078f3094c295ad2c0abca34458bece9d74f;2026-09-16T18:40:18.343781+00:00;true
LOC-0063;LOC-0149;PUBLIC_TRANSIT;2026-08-17T07:00:00+03:00;OK;1760;30;4912;LOCAL_TRANSIT_OPTIMISTIC_SCREENING;b8aa2056aab30c254167822ec4674d9116d9261bd53aba7444e52ae5b3859638;929b23f3e9961908b5603cb3fcd0192c3ccc5fccb5f59f0a5af22fd080b7013b;2026-09-16T18:40:18.343781+00:00;true
LOC-0063;LOC-0150;PUBLIC_TRANSIT;2026-08-17T07:00:00+03:00;OK;1627;28;4912;LOCAL_TRANSIT_OPTIMISTIC_SCREENING;85cdac72e5e9565d467a42344290d81abd3a48dd514992271490a8d46b86c982;e81a22af9e92932f04b98d149929176b3fd339d69f51e64ae8001406cbd5894b;2026-09-16T18:40:18.343781+00:00;true
LOC-0063;LOC-0151;PUBLIC_TRANSIT;2026-08-17T07:00:00+03:00;OK;1958;33;4881;LOCAL_TRANSIT_OPTIMISTIC_SCREENING;be938b5e2d09b8748c767836a86e97771c94df29de6f95c2660c422823fa0e69;972ce6195d83db586bec782e8a5ac002b5e49bb4b9b9d3adc683c42037615a86;2026-09-16T18:40:18.343781+00:00;true
LOC-0063;LOC-0152;PUBLIC_TRANSIT;2026-08-17T07:00:00+03:00;OK;1959;33;4808;LOCAL_TRANSIT_OPTIMISTIC_SCREENING;5bd95ed3a98ae5b8a07e04115ba27b4abea49962fefed5115f14c3332c458c69;e9dea5d0ff7beade03088d41b2add9ac3462a27c4d8b877ce8a7b7318b311466;2026-09-16T18:40:18.343781+00:00;true
LOC-0063;LOC-0190;PUBLIC_TRANSIT;2026-08-17T07:00:00+03:00;OK;1744;30;6939;LOCAL_TRANSIT_OPTIMISTIC_SCREENING;723d2e4f3892121c202c48460ee2b8d05301619ecfbd031f87e4a49609dc05cb;1cae5d7c24fe860f0f8f229daa441bb73c92301c0c9e244efa2ecdff1657f6c4;2026-09-16T18:40:18.343781+00:00;true
LOC-0063;LOC-0196;PUBLIC_TRANSIT;2026-08-17T07:00:00+03:00;OK;2087;35;7286;LOCAL_TRANSIT_OPTIMISTIC_SCREENING;6dd3bca03125687311c0c1acad12f27a8fa12b54c2626f3038c09f7223a60953;e6831002163968e7aaa2c1e269bc2114708c93c89c05d5705abfeadf235c2989;2026-09-16T18:40:18.343781+00:00;true
LOC-0064;LOC-0002;PUBLIC_TRANSIT;2026-08-17T07:00:00+03:00;OK;1992;34;5316;LOCAL_TRANSIT_OPTIMISTIC_SCREENING;443779aaf6ba6278b3c264b6e7dd760035fa90b7bf612d790a585462a6e8d881;9578f6b206dd1fada31d54931e02e0b1614b25007d12574b3c6d1b1e28789c5f;2026-09-16T18:40:18.343781+00:00;true
LOC-0064;LOC-0008;PUBLIC_TRANSIT;2026-08-17T07:00:00+03:00;OK;1734;29;8426;LOCAL_TRANSIT_OPTIMISTIC_SCREENING;4cb663b4ad6a5f3c1ec7cfb2a899f706ba01dd51d6b5873b8ca16034fe463b96;697e7b3d8e98e510f35b709e53251dff7926a693344dac47b9d41add607adc90;2026-09-16T18:40:18.343781+00:00;true
LOC-0064;LOC-0009;PUBLIC_TRANSIT;2026-08-17T07:00:00+03:00;OK;1862;32;3532;LOCAL_TRANSIT_OPTIMISTIC_SCREENING;daff37b045d68665779017733a2fc1b0043fe26f65efbad0cafb76fd6b46d669;aab91677e08238e85711712cbdecbf02e6598f21bf3d2216e7273d4bfd2cefa7;2026-09-16T18:40:18.343781+00:00;true
LOC-0064;LOC-0010;PUBLIC_TRANSIT;2026-08-17T07:00:00+03:00;OK;1657;28;8946;LOCAL_TRANSIT_OPTIMISTIC_SCREENING;ead0f2527f3239a484522787f3179a68905ee41370e7a6679cd874b8fcabf245;f5354a5b61cf1dceb7eaa7c3a657838b01c2d68b94bdd2755e514f1ffbb57a57;2026-09-16T18:40:18.343781+00:00;true
LOC-0064;LOC-0011;PUBLIC_TRANSIT;2026-08-17T07:00:00+03:00;OK;1917;32;7976;LOCAL_TRANSIT_OPTIMISTIC_SCREENING;91f8df96c87d7c9dcbb150fa4938ec6c7238446e6adbdcfd88f9c6bfdce1c69f;5989194de3a44fc9f79765d40b659723e7b35c57da89e31c0fbe59a7d0ac8652;2026-09-16T18:40:18.343781+00:00;true
LOC-0064;LOC-0012;PUBLIC_TRANSIT;2026-08-17T07:00:00+03:00;OK;1697;29;7838;LOCAL_TRANSIT_OPTIMISTIC_SCREENING;32d1940d5882fd54e66107e1876608e421da7957badbb350ddba399626952052;6d23ac7a75dd5873d344f8e4bcb09b89486965eea8656c8b9e0a4f61aa0f4cd9;2026-09-16T18:40:18.343781+00:00;true
LOC-0064;LOC-0013;PUBLIC_TRANSIT;2026-08-17T07:00:00+03:00;OK;2357;40;5393;LOCAL_TRANSIT_OPTIMISTIC_SCREENING;805604731825ac3f6b8e70dc4709979bc92c416f83e7f2926648d2f576555997;33a95cbbce53bc6a2764b7261b79cb2c44b72d4e19ac5f4eecc28994f137e1b5;2026-09-16T18:40:18.343781+00:00;true
LOC-0064;LOC-0016;PUBLIC_TRANSIT;2026-08-17T07:00:00+03:00;OK;1498;25;2293;LOCAL_TRANSIT_OPTIMISTIC_SCREENING;5c5690ee2dbc71f1f83e25217ceaac5115cc15fdc069e63c6217ed51fa4f6dd6;9ea464d1e688570ce528b47351ba262601b953f49158ba2bb42ce31c54263351;2026-09-16T18:40:18.343781+00:00;true
LOC-0064;LOC-0017;PUBLIC_TRANSIT;2026-08-17T07:00:00+03:00;OK;2028;34;4368;LOCAL_TRANSIT_OPTIMISTIC_SCREENING;6bb108799958684c87e1f90f865565198891de1a4a6b9ccd4912cedf4f281820;d8a7563680407b4c41a26ca8208837693d2dd3de24d01630b17a12ca3eb0a161;2026-09-16T18:40:18.343781+00:00;true
LOC-0064;LOC-0018;PUBLIC_TRANSIT;2026-08-17T07:00:00+03:00;OK;1902;32;5122;LOCAL_TRANSIT_OPTIMISTIC_SCREENING;078ef748676e213c85043f55fb99d742e62e659bf43e66e80597bfae22d2f1d7;156be9f53e0600dcc9acd5933574fe7657a689a4e5ddf5cbd61e18bc4a818a74;2026-09-16T18:40:18.343781+00:00;true
LOC-0064;LOC-0019;PUBLIC_TRANSIT;2026-08-17T07:00:00+03:00;OK;1873;32;9242;LOCAL_TRANSIT_OPTIMISTIC_SCREENING;978ed6c4bc64cb2b02bd9cbacfc7f819dd9520aec362b6407f05ca8ab0144d92;3e3a0c3f3d4f8553e97195fa948aedffc9c26545011c893720adbec50c0b0fd1;2026-09-16T18:40:18.343781+00:00;true
LOC-0064;LOC-0020;PUBLIC_TRANSIT;2026-08-17T07:00:00+03:00;OK;2306;39;8994;LOCAL_TRANSIT_OPTIMISTIC_SCREENING;d7552078d9c10952fe8d4efc68d6601d7a6282f5b448ce9fa08bdafa55cd95a4;e51604a59727bbb4530454485c2b810836e2e1885e324a28fbedcd9dd54664b3;2026-09-16T18:40:18.343781+00:00;true
LOC-0064;LOC-0023;PUBLIC_TRANSIT;2026-08-17T07:00:00+03:00;OK;2140;36;6442;LOCAL_TRANSIT_OPTIMISTIC_SCREENING;c81ddaf02b0b193614843d2e61a3a21d0af3adba8334f652ffd0cd593fe62713;73888c594859f38ed0464dd9fb0555928186656e6e9c92063b8c89df5c2a03ea;2026-09-16T18:40:18.343781+00:00;true
LOC-0064;LOC-0027;PUBLIC_TRANSIT;2026-08-17T07:00:00+03:00;OK;1697;29;3817;LOCAL_TRANSIT_OPTIMISTIC_SCREENING;da48602403bbfa97e35a6e0f7ae35d7b48ec7691e7380f9091098b776189e5e1;d715316de2448f87060a53447dc4304f3d29b1606a63c734da5b4825925ca726;2026-09-16T18:40:18.343781+00:00;true
LOC-0064;LOC-0028;PUBLIC_TRANSIT;2026-08-17T07:00:00+03:00;OK;1164;20;1642;LOCAL_TRANSIT_OPTIMISTIC_SCREENING;f06e6f07f74d4d35a086076aa11e3d403a54977694ac93d491696ba21369a6c7;eb05ffb22fba0a819053821b242c489403f0d71f55b33b8959f89bd83503b08a;2026-09-16T18:40:18.343781+00:00;true
LOC-0064;LOC-0029;PUBLIC_TRANSIT;2026-08-17T07:00:00+03:00;OK;1108;19;1594;LOCAL_TRANSIT_OPTIMISTIC_SCREENING;37a329a649e36c3326db562e05bdd18b5d6fc6f80d363ddd5c9c585baea129ca;9c2d2eb260f7b5beed9aa024844572317f94b4df2150585a49c68d61d0d5886e;2026-09-16T18:40:18.343781+00:00;true
LOC-0064;LOC-0037;PUBLIC_TRANSIT;2026-08-17T07:00:00+03:00;OK;1825;31;6345;LOCAL_TRANSIT_OPTIMISTIC_SCREENING;a310025c7781c15317ab1bf782193f1780483a6285484783bd077a85d21e2922;f8eb27e217b97ff48528b06f6a92b45f6b6738d4fdab6f80dbd7d465f4d0ffc4;2026-09-16T18:40:18.343781+00:00;true
LOC-0064;LOC-0045;PUBLIC_TRANSIT;2026-08-17T07:00:00+03:00;OK;1172;20;1862;LOCAL_TRANSIT_OPTIMISTIC_SCREENING;732fd28b7d2bc490fe72dc2eb2ddb990a647abb7d52a097d8b0145b3ccfd6612;d7d9298cac080606924fb272433f915aec6ce7cdb344990a7d1d88946233ffb2;2026-09-16T18:40:18.343781+00:00;true
LOC-0064;LOC-0053;PUBLIC_TRANSIT;2026-08-17T07:00:00+03:00;OK;1256;21;2614;LOCAL_TRANSIT_OPTIMISTIC_SCREENING;85f5b7845bb762099d3d7f71354f6cd2352e3c75b037ea2cf4d116c848a94d17;a345a95d33dd776548ab8bb48d1980576764ed27031eb7d1cdb11f7a947d9086;2026-09-16T18:40:18.343781+00:00;true
LOC-0064;LOC-0054;PUBLIC_TRANSIT;2026-08-17T07:00:00+03:00;OK;1978;33;6080;LOCAL_TRANSIT_OPTIMISTIC_SCREENING;20c32c4f68434617bcd9d32ef5e0030408e225b40797432a7156446917b9cef2;3a7358af69f0222f66cf1883f3ab6899a180f47966f77e57c4c539a43c16be8a;2026-09-16T18:40:18.343781+00:00;true
LOC-0064;LOC-0061;PUBLIC_TRANSIT;2026-08-17T07:00:00+03:00;OK;1861;32;7668;LOCAL_TRANSIT_OPTIMISTIC_SCREENING;80c06266a4d47f28a9213b60320a6cbf745f2aba9d99649525b8d3ef42506e29;3aa52b33708f4dfb42b0b1446344709fbc6473d4d1365c894d76daddcad9a952;2026-09-16T18:40:18.343781+00:00;true
LOC-0064;LOC-0063;PUBLIC_TRANSIT;2026-08-17T07:00:00+03:00;OK;590;10;828;LOCAL_TRANSIT_OPTIMISTIC_SCREENING;19caa5d2a29bb748d7c407e29e5c9973d2c75d7cc39ef3da9660755221d9076c;a033f795b0c92a4339efc530a18a1f43a6bca0dff60aed90a2a63d9b119b93b0;2026-09-16T18:40:18.343781+00:00;true
LOC-0064;LOC-0064;PUBLIC_TRANSIT;2026-08-17T07:00:00+03:00;OK;0;0;0;LOCAL_TRANSIT_OPTIMISTIC_SCREENING;981e2c77fa8b960f8cd4e178394a5717afa50549a6ac7485ac3b99c5dd538872;3d5812abc84c11768aa73a732c85d75dbed439188f5bb3239e9b762ea31d9862;2026-09-16T18:40:18.343781+00:00;true
LOC-0064;LOC-0074;PUBLIC_TRANSIT;2026-08-17T07:00:00+03:00;OK;1929;33;4914;LOCAL_TRANSIT_OPTIMISTIC_SCREENING;9f8e445e4e5c88cd14271b4fb2c6d99ca12f6a63052d64262f992f27978b6c7d;681c0ce7856e76065a33a9f75fbb3bcac4e8d6a11f606aae009ed989a6d29854;2026-09-16T18:40:18.343781+00:00;true
LOC-0064;LOC-0075;PUBLIC_TRANSIT;2026-08-17T07:00:00+03:00;OK;1999;34;4622;LOCAL_TRANSIT_OPTIMISTIC_SCREENING;829cc7160d2fd5c65bc396c06c1342c2bc183c1b63f00a62a1cdf515638ca6de;bfc89a8b206cd91051f439a5067264b765e3644027ea27c42ae5530353aced56;2026-09-16T18:40:18.343781+00:00;true
LOC-0064;LOC-0076;PUBLIC_TRANSIT;2026-08-17T07:00:00+03:00;OK;1794;30;2121;LOCAL_TRANSIT_OPTIMISTIC_SCREENING;38659c08ed012e6eb5a956b3622116471e0007feb4cd9fe18ecb60f6e772c3b6;8e0d35650f4fa4ad4ea9f3b6bfac03ea63ecb41ac4eaeec8e38b19d31edaa286;2026-09-16T18:40:18.343781+00:00;true
LOC-0064;LOC-0078;PUBLIC_TRANSIT;2026-08-17T07:00:00+03:00;OK;1079;18;1488;LOCAL_TRANSIT_OPTIMISTIC_SCREENING;10576739f2b9786859689f27d5b39192f831c64d14aae6c8ba88b679310c640d;f6531f6259b80d878592a7de6cf4bcbb4961722d519a0ab082cbfb38a33d63aa;2026-09-16T18:40:18.343781+00:00;true
LOC-0064;LOC-0080;PUBLIC_TRANSIT;2026-08-17T07:00:00+03:00;OK;1979;33;5133;LOCAL_TRANSIT_OPTIMISTIC_SCREENING;7b9d0a80c731757b023ff25c586c951051731f2e19041da7d9aaf50518522a10;dc0dd3e0b1140f389c62492d5d83eb4392696b8782aaf885609ae7a5499e18da;2026-09-16T18:40:18.343781+00:00;true
LOC-0064;LOC-0082;PUBLIC_TRANSIT;2026-08-17T07:00:00+03:00;OK;558;10;675;LOCAL_TRANSIT_OPTIMISTIC_SCREENING;ee7e7966b8474fd6e52094fcf4ff8059645cc4ccee2b359a3900fc4546d5b1aa;4519118d19176872a09dff593dd15fb72d48a367f2c293be91d4dcec9ff53024;2026-09-16T18:40:18.343781+00:00;true
LOC-0064;LOC-0085;PUBLIC_TRANSIT;2026-08-17T07:00:00+03:00;OK;2387;40;6190;LOCAL_TRANSIT_OPTIMISTIC_SCREENING;6bb61dc70ab0cfa6af5501ac4fefbaeda566f93c0c437c7b13053ab9628900d8;b528032fcf87fe2fde4f46231ecc6ffb6778622a56153d6fa2c8ef948e71d481;2026-09-16T18:40:18.343781+00:00;true
LOC-0064;LOC-0086;PUBLIC_TRANSIT;2026-08-17T07:00:00+03:00;OK;2451;41;6269;LOCAL_TRANSIT_OPTIMISTIC_SCREENING;3112057cb93f8236b13f2ef1982775368e70febd9ad1ec46e2ebec2a18b90dfe;5f0e36ac129b6ab8b3d0801a5edfa8c45785e5cdd03fb6fd461c7d914cb311ff;2026-09-16T18:40:18.343781+00:00;true
LOC-0064;LOC-0091;PUBLIC_TRANSIT;2026-08-17T07:00:00+03:00;OK;1756;30;8406;LOCAL_TRANSIT_OPTIMISTIC_SCREENING;0c43b9a18b7b65f132d58e6856e69ba27dc4e1275322781becff2fd83c0407f5;74c4db1d800965cb84aef77b47dee4c7a65e15ab46dc37ec0ccbccc2501e94f0;2026-09-16T18:40:18.343781+00:00;true
LOC-0064;LOC-0092;PUBLIC_TRANSIT;2026-08-17T07:00:00+03:00;OK;1887;32;8090;LOCAL_TRANSIT_OPTIMISTIC_SCREENING;312cf2a30ce3679a3f8b203aa8398bae1bf7488800a6db90dda6d2a86338bda6;c3352999bc84cea771a93fbf79e6be5f953f565bb3b1f38f7522763b32da864b;2026-09-16T18:40:18.343781+00:00;true
LOC-0064;LOC-0093;PUBLIC_TRANSIT;2026-08-17T07:00:00+03:00;OK;1863;32;7884;LOCAL_TRANSIT_OPTIMISTIC_SCREENING;f03da1dd00b14b3e335c5a814a096eea2d77e09d2076c83ee7c9cfce7412526b;1b8bd5e37cf60a74c4e64ba1f1501b048fe674e2476b2ec301e6d5323fbdbd23;2026-09-16T18:40:18.343781+00:00;true
LOC-0064;LOC-0094;PUBLIC_TRANSIT;2026-08-17T07:00:00+03:00;OK;2695;45;6537;LOCAL_TRANSIT_OPTIMISTIC_SCREENING;47a629e780d8d27c26aed8a439d317645dbc877142b454e511e99e4fe2ab9d0f;f3a57bd6ab3f87e8dacc90e25f29bbd218d130d8f86d9c1d083886807cfdea92;2026-09-16T18:40:18.343781+00:00;true
LOC-0064;LOC-0095;PUBLIC_TRANSIT;2026-08-17T07:00:00+03:00;OK;2566;43;6618;LOCAL_TRANSIT_OPTIMISTIC_SCREENING;500b00c23358f4c1ffec2e5db427911e5a199b9de292dbc1a744fa0c6022f754;c47e3d33ff4f5c048a676395394c6623a4de987afc2e14731a695aab4ee51540;2026-09-16T18:40:18.343781+00:00;true
LOC-0064;LOC-0102;PUBLIC_TRANSIT;2026-08-17T07:00:00+03:00;OK;493;9;589;LOCAL_TRANSIT_OPTIMISTIC_SCREENING;d40fd352482c755f0f1ddb08ba0e36803e2d16441dfd5d2171edf71f6d8d142e;7f1d572c03bdaf2396e68d0eb0413560c19edc338c16f998ecab314756391118;2026-09-16T18:40:18.343781+00:00;true
LOC-0064;LOC-0112;PUBLIC_TRANSIT;2026-08-17T07:00:00+03:00;OK;2107;36;6409;LOCAL_TRANSIT_OPTIMISTIC_SCREENING;9168945bc6b4a185c3f940726f93e845a3eedb6839a902d2b6d58b74d0521533;a9a865fbee011494549e2bac8ef9eeb816ca4573fc4bb2700c3857559d988ba7;2026-09-16T18:40:18.343781+00:00;true
LOC-0064;LOC-0124;PUBLIC_TRANSIT;2026-08-17T07:00:00+03:00;OK;1822;31;3821;LOCAL_TRANSIT_OPTIMISTIC_SCREENING;6cd7c6a21ae7f138ad585ab001ac1187029c9506fd48a44b71969fda2db19387;4f92d7f300a864754510ae270c189c5670abd241a7de9e13cbed178b022f8622;2026-09-16T18:40:18.343781+00:00;true
LOC-0064;LOC-0125;PUBLIC_TRANSIT;2026-08-17T07:00:00+03:00;OK;1824;31;5536;LOCAL_TRANSIT_OPTIMISTIC_SCREENING;4c8c555d0a64cf6b6376e9d7d187c2f227936f8a0229a4f2e763596738661ae3;22da6420d4ec5e8010e4d92ab0f304aa6fe554211c2e7c9fb559c7f97a24c7a7;2026-09-16T18:40:18.343781+00:00;true
LOC-0064;LOC-0126;PUBLIC_TRANSIT;2026-08-17T07:00:00+03:00;OK;1415;24;5513;LOCAL_TRANSIT_OPTIMISTIC_SCREENING;4bd6f631d5577701653f6f904248bc6288e00485063f1b03cc947c22edff37f5;88300d78618ca8cb3f24fdb559c357dbc7a7605f08e4089d65e9962a618aa6fe;2026-09-16T18:40:18.343781+00:00;true
LOC-0064;LOC-0128;PUBLIC_TRANSIT;2026-08-17T07:00:00+03:00;OK;1825;31;6013;LOCAL_TRANSIT_OPTIMISTIC_SCREENING;aa7b9da220cb8fe832da9935cdc12f2f89252b15e12db063d8a41810aa29d1fe;645e90eeaece1a51b80f764d7fd606524e1dc6a81a4f88c81b5ed1cf2eb01248;2026-09-16T18:40:18.343781+00:00;true
LOC-0064;LOC-0134;PUBLIC_TRANSIT;2026-08-17T07:00:00+03:00;OK;2034;34;5456;LOCAL_TRANSIT_OPTIMISTIC_SCREENING;bae39163b46fc9c670f840557167ca15b380a91ffaff5bc0a511779751fda591;981d06485b4dc1453fc95717cc7320392b54e40aca4fe51ea3b3fbaaafd03bf7;2026-09-16T18:40:18.343781+00:00;true
LOC-0064;LOC-0135;PUBLIC_TRANSIT;2026-08-17T07:00:00+03:00;OK;2109;36;5379;LOCAL_TRANSIT_OPTIMISTIC_SCREENING;9e6fa2e107421fc0ca5d24a46f478c97a1dd0f738ec202662622b9ce24d946fb;e896866c7d547437e02b62ed885f32ad5e163736126ed8eb69d7b3a080c0b0ba;2026-09-16T18:40:18.343781+00:00;true
LOC-0064;LOC-0136;PUBLIC_TRANSIT;2026-08-17T07:00:00+03:00;OK;2053;35;5715;LOCAL_TRANSIT_OPTIMISTIC_SCREENING;f9dcb225ad86ad8c44b6a69009330e27163a400b702a6ec28fad7e065433e02e;4883a61b5e00394fffdbc86c37f435fc005f76d61dfb915a52a956981f9a18c8;2026-09-16T18:40:18.343781+00:00;true
LOC-0064;LOC-0140;PUBLIC_TRANSIT;2026-08-17T07:00:00+03:00;OK;1762;30;3221;LOCAL_TRANSIT_OPTIMISTIC_SCREENING;d413868611727e4da2fb73a550c0a4c890dd41546aea88aaceeda8e86c173f77;a1440623e16e08c8ca91a34729da1194e059a3587124bfba77917c73fdfa57c1;2026-09-16T18:40:18.343781+00:00;true
LOC-0064;LOC-0141;PUBLIC_TRANSIT;2026-08-17T07:00:00+03:00;OK;1816;31;3979;LOCAL_TRANSIT_OPTIMISTIC_SCREENING;a8c57ab024f9ae69c81aa3869b02b3ce9817aea441cc157ccadcde2d82693279;0cfa447ef7e5cf4cf0bfe1dbbf7a0d1ee240953542be24e15ec08a81a557575c;2026-09-16T18:40:18.343781+00:00;true
LOC-0064;LOC-0142;PUBLIC_TRANSIT;2026-08-17T07:00:00+03:00;OK;1751;30;4084;LOCAL_TRANSIT_OPTIMISTIC_SCREENING;dd6fd6b8a4d9326778ca5fa8b94e0b2649195320536895042ddadeb760ad0fa9;a8800e7e1c673aeb0e3502b3cbc78158b077a875a0bf964f05032c61871add12;2026-09-16T18:40:18.343781+00:00;true
LOC-0064;LOC-0145;PUBLIC_TRANSIT;2026-08-17T07:00:00+03:00;OK;2058;35;8796;LOCAL_TRANSIT_OPTIMISTIC_SCREENING;93c9bf63edf9286cea2baf336ccd3908adc0b91665e93bb43c91c3642b861b88;914a7c8bc8d998c06334de6ddeee357ac24c53ce29b8b76e31e12128a7099509;2026-09-16T18:40:18.343781+00:00;true
LOC-0064;LOC-0148;PUBLIC_TRANSIT;2026-08-17T07:00:00+03:00;OK;2036;34;4426;LOCAL_TRANSIT_OPTIMISTIC_SCREENING;6ecdd3681589473472bcd55c774e880e64921eb02a7bf578c1cf74d73fe2c69e;a0181fe51323d0b18833f73cf3b7df797d8fc8ed4267c7c5ac0dc4acf03e1521;2026-09-16T18:40:18.343781+00:00;true
LOC-0064;LOC-0149;PUBLIC_TRANSIT;2026-08-17T07:00:00+03:00;OK;1970;33;4424;LOCAL_TRANSIT_OPTIMISTIC_SCREENING;bd91fb27eda3828853ff30416c05b08c29655fb82188a73240c6696b26297887;55e0d38e3bbbc3550ee638a73d6279ba40a0ae8520e3984e1576091d96e96fc5;2026-09-16T18:40:18.343781+00:00;true
LOC-0064;LOC-0150;PUBLIC_TRANSIT;2026-08-17T07:00:00+03:00;OK;1837;31;4430;LOCAL_TRANSIT_OPTIMISTIC_SCREENING;0e1a3c179bb4bfa8aa3570d519208d9c96aeaff0f791073b2095c8dcee8de117;e5e8d97ee6f9ec90ca0658327759061e3738c394a92eaa93f91cc162c92dbb30;2026-09-16T18:40:18.343781+00:00;true
LOC-0064;LOC-0151;PUBLIC_TRANSIT;2026-08-17T07:00:00+03:00;OK;2168;37;4373;LOCAL_TRANSIT_OPTIMISTIC_SCREENING;1aea5d9d896e5df370cdfaa9c3a677cf68e5a8d7bfe11c3378a90bd1d4b47235;69b43b79514b87f1ab3b859239c90261da4eca1dc9024489429670ea2eabe494;2026-09-16T18:40:18.343781+00:00;true
LOC-0064;LOC-0152;PUBLIC_TRANSIT;2026-08-17T07:00:00+03:00;OK;2169;37;4301;LOCAL_TRANSIT_OPTIMISTIC_SCREENING;bc0e0c6240817f04d611ba562be270b35cff03d718fc504071318a8fd3516c80;0b3c43b08b3ef5f12c3f564ad4b28197a5564bc8c974095e77b55f59dd4dea21;2026-09-16T18:40:18.343781+00:00;true
LOC-0064;LOC-0190;PUBLIC_TRANSIT;2026-08-17T07:00:00+03:00;OK;1715;29;6569;LOCAL_TRANSIT_OPTIMISTIC_SCREENING;96c6c6e62661a79f2b9748c652c279f661a2f30788990dcde3dffbac9811c8a3;df17d99a9c47db7bd82277eba885499b885ae4558c0410328fd054d66a39883f;2026-09-16T18:40:18.343781+00:00;true
LOC-0064;LOC-0196;PUBLIC_TRANSIT;2026-08-17T07:00:00+03:00;OK;2297;39;6770;LOCAL_TRANSIT_OPTIMISTIC_SCREENING;11e76d42da41cab3a3afed93d21d945165ecaffc3aca4ea442de06730ed7a2ca;a01036de2fccae4264e6d482695f35ca1322ddca03ec08ea8972b2168a53bad5;2026-09-16T18:40:18.343781+00:00;true
LOC-0074;LOC-0002;PUBLIC_TRANSIT;2026-08-17T07:00:00+03:00;OK;2188;37;5330;LOCAL_TRANSIT_OPTIMISTIC_SCREENING;bb5f0db12d4cdfdb77bda71ca6ced8f1e14d68797e9b8b49437ba04f208dc004;91724377f201f2b3e685959b298288d012a666d805a781340c95167bb10f5ed4;2026-09-16T18:40:18.343781+00:00;true
LOC-0074;LOC-0008;PUBLIC_TRANSIT;2026-08-17T07:00:00+03:00;OK;1470;25;4242;LOCAL_TRANSIT_OPTIMISTIC_SCREENING;82cd506e9f2f4e99eb9e3354580851efada1be3789c8aecbca226ce9e8cce8c9;fc948c0c20b3e9f4e7bdc0f74b591283190d8c095728b6cc509f5dfa153e5143;2026-09-16T18:40:18.343781+00:00;true
LOC-0074;LOC-0009;PUBLIC_TRANSIT;2026-08-17T07:00:00+03:00;OK;2257;38;6346;LOCAL_TRANSIT_OPTIMISTIC_SCREENING;bcb7e782a6da2979b7ad4a112090d527c2e14e356fbdd7ad7bb9545d9040a7d4;5ce2a6a0cf62f91c626b20bda0be133c3adf6be217b0bf2de0b94938503d0b05;2026-09-16T18:40:18.343781+00:00;true
LOC-0074;LOC-0010;PUBLIC_TRANSIT;2026-08-17T07:00:00+03:00;OK;1393;24;4559;LOCAL_TRANSIT_OPTIMISTIC_SCREENING;1a9fea98913af3bcfade6aa39e5c8d6386b9f1a2e28e495d7fa1cac79a2bfc58;af42a5e133e33e8239f7eeed121b4deafa7a6441556fe93b5d4ea9fdd192f3c4;2026-09-16T18:40:18.343781+00:00;true
LOC-0074;LOC-0011;PUBLIC_TRANSIT;2026-08-17T07:00:00+03:00;OK;1653;28;4094;LOCAL_TRANSIT_OPTIMISTIC_SCREENING;532b87330c4960afdc300487b9e2af472dfbaa7f4e903f9f32b40d2db8bbb649;43eec0e95d4abd005f8ddbd76009cf4eaaf7d6650e808af0c514edbd3ab87255;2026-09-16T18:40:18.343781+00:00;true
LOC-0074;LOC-0012;PUBLIC_TRANSIT;2026-08-17T07:00:00+03:00;OK;1433;24;3595;LOCAL_TRANSIT_OPTIMISTIC_SCREENING;7069bfb342b1f63fd923e298ad574cade45cc8d88639042b2a29ce80fe95fde9;7dff9313b2786001d6c1bd44b2cabb0bd3f51e0a5aaf97b1d7260dad9f44fa8a;2026-09-16T18:40:18.343781+00:00;true
LOC-0074;LOC-0013;PUBLIC_TRANSIT;2026-08-17T07:00:00+03:00;OK;2553;43;6208;LOCAL_TRANSIT_OPTIMISTIC_SCREENING;7b003f42ad2f87f38a06535c4fc2f1b76ec8a1425bb3686f060910f947f48865;f3a966f02f7f49143318f1ead40f412b814a44ad9731598fc20940a1f8094217;2026-09-16T18:40:18.343781+00:00;true
LOC-0074;LOC-0016;PUBLIC_TRANSIT;2026-08-17T07:00:00+03:00;OK;2081;35;5465;LOCAL_TRANSIT_OPTIMISTIC_SCREENING;a468509ff7aeafa8d9649c3e09b7f498befad3a79d0ec79030ab6c4465d3972c;256a2cdacf0d6d075e641e5562c1bf3e476aa78fa0c3ca0c23538841c97c2ee9;2026-09-16T18:40:18.343781+00:00;true
LOC-0074;LOC-0017;PUBLIC_TRANSIT;2026-08-17T07:00:00+03:00;OK;700;12;1221;LOCAL_TRANSIT_OPTIMISTIC_SCREENING;c0be0a502ee8df043aa7399a9cc8b03a6c2ea907ee225f3b90c895359c5c6810;35ac2e9d2fcd669c1b756b70b0f97229558591257ae0ece4d380c944cc0e8a61;2026-09-16T18:40:18.343781+00:00;true
LOC-0074;LOC-0018;PUBLIC_TRANSIT;2026-08-17T07:00:00+03:00;OK;586;10;1039;LOCAL_TRANSIT_OPTIMISTIC_SCREENING;f2c73256bf0d408e0cc1b38c83ff40e7da5633f925996fc425116696bec03c6f;ee62363e5b8f1a1d3eae797e20a2ec3c971b78ba75d5a5a9ef2bfc150a062fa8;2026-09-16T18:40:18.343781+00:00;true
LOC-0074;LOC-0019;PUBLIC_TRANSIT;2026-08-17T07:00:00+03:00;OK;1609;27;4819;LOCAL_TRANSIT_OPTIMISTIC_SCREENING;25d7ade66350634804df50457c5f6e91409f04a854bfc5e7704ce45ce870b7a1;7c536ffbb27a50040b93e57920cdf47de7dd1d64507678ffc62db4b32d7a7e6a;2026-09-16T18:40:18.343781+00:00;true
LOC-0074;LOC-0020;PUBLIC_TRANSIT;2026-08-17T07:00:00+03:00;OK;1840;31;4161;LOCAL_TRANSIT_OPTIMISTIC_SCREENING;0e53047c6cb57c012e9cb95c6d157bd0f66948f7fc8e35527cce641aaa5c637f;4518c6416787429d612f584c689c5d8b99c1fc3a97291060512410b296d22658;2026-09-16T18:40:18.343781+00:00;true
LOC-0074;LOC-0023;PUBLIC_TRANSIT;2026-08-17T07:00:00+03:00;OK;872;15;1913;LOCAL_TRANSIT_OPTIMISTIC_SCREENING;add3d270d00a1ce876141142516cb0b8497804eda9030e11036ab37f67f888cb;eb516a14f9567691d0142088a55394ad9bb9e74a1d90e32a4fc87e9c0303c54d;2026-09-16T18:40:18.343781+00:00;true
LOC-0074;LOC-0027;PUBLIC_TRANSIT;2026-08-17T07:00:00+03:00;OK;659;11;1360;LOCAL_TRANSIT_OPTIMISTIC_SCREENING;52bbae4f3132525dc19fd5b839e0155f5e2dc730d8d1e4c0d49097f1964a7fad;7cafd9a85376385aabe0dd4cb7f7c8f3cc6017d6cd69a81242dd6ae6339c356e;2026-09-16T18:40:18.343781+00:00;true
LOC-0074;LOC-0028;PUBLIC_TRANSIT;2026-08-17T07:00:00+03:00;OK;1786;30;4367;LOCAL_TRANSIT_OPTIMISTIC_SCREENING;9f17a2e43537f96a5347910f63c1a0a3309142390cab26eb5353c629be7d7382;0fe817622ed36cc7e62259f2315dbb0819a310760a4a6019515c22098e163b1a;2026-09-16T18:40:18.343781+00:00;true
LOC-0074;LOC-0029;PUBLIC_TRANSIT;2026-08-17T07:00:00+03:00;OK;1721;29;4312;LOCAL_TRANSIT_OPTIMISTIC_SCREENING;da82fe69702b25d55f48e5a24dadee45c1ab8c3d5bd9f4f5b918b8966ea8583e;084a0b1c2b4b11625e2b217f4d0ed1418403505eefa2537d1284348e3de581e5;2026-09-16T18:40:18.343781+00:00;true
LOC-0074;LOC-0037;PUBLIC_TRANSIT;2026-08-17T07:00:00+03:00;OK;2090;35;4758;LOCAL_TRANSIT_OPTIMISTIC_SCREENING;4a3d4ac825add4f3b16ad7d5b85e33f516836f4192a24a46ad7e24e5ad044f8e;c311d135d214f647c16baf89028e455a8dcae2f62ff635e35a6ec0bce4eb492b;2026-09-16T18:40:18.343781+00:00;true
LOC-0074;LOC-0045;PUBLIC_TRANSIT;2026-08-17T07:00:00+03:00;OK;927;16;3054;LOCAL_TRANSIT_OPTIMISTIC_SCREENING;e58812f98251ef106975c7ebf5baf4a79c3f2704ac7891a96d10b7c205d0b78c;d1a7f4dfb7e9a8785ae94bd049c27e0ec2a47974ec66aca657241ece38ac422c;2026-09-16T18:40:18.343781+00:00;true
LOC-0074;LOC-0053;PUBLIC_TRANSIT;2026-08-17T07:00:00+03:00;OK;1653;28;4934;LOCAL_TRANSIT_OPTIMISTIC_SCREENING;760559305dace2a880238be1a1fb2adee41483d549042563189b428a484913a9;a600fd296b7aeab322c4db861f5fb2cdcb9249e928c0db41790ad1298f450a89;2026-09-16T18:40:18.343781+00:00;true
LOC-0074;LOC-0054;PUBLIC_TRANSIT;2026-08-17T07:00:00+03:00;OK;2243;38;4217;LOCAL_TRANSIT_OPTIMISTIC_SCREENING;896e49b9fd6a913cf01013e059cf7ddf5ecbf74ea3af3c0d7c002850b7279ae8;e1fc30fd026ce4b7b80477297fc1be6f2e0babd05d1cce2de3296931c6e9d7a3;2026-09-16T18:40:18.343781+00:00;true
LOC-0074;LOC-0061;PUBLIC_TRANSIT;2026-08-17T07:00:00+03:00;OK;1597;27;3612;LOCAL_TRANSIT_OPTIMISTIC_SCREENING;ac77d0edc23a24fb8a2357d534d414bd9ab250551a7f5f42ddc6ff97f1c0238a;030f62083483d4349c082d0ed4407032887c95c209a92db37e167dea54a8cdd4;2026-09-16T18:40:18.343781+00:00;true
LOC-0074;LOC-0063;PUBLIC_TRANSIT;2026-08-17T07:00:00+03:00;OK;1770;30;5396;LOCAL_TRANSIT_OPTIMISTIC_SCREENING;83eb299e92c1cc13b54c19804d318124e0780ab7ca299c8c4339e8c821846e02;640662f30421eabbcab528dd0690dbfe80be9286a827b65f8d036f03cd9e98a8;2026-09-16T18:40:18.343781+00:00;true
LOC-0074;LOC-0064;PUBLIC_TRANSIT;2026-08-17T07:00:00+03:00;OK;1770;30;4914;LOCAL_TRANSIT_OPTIMISTIC_SCREENING;5a22b11216bc0663042ef346806ba1dae5f816576272586895bae559fc120670;36ad617284405d834b192d878ce993e365b46b0bb4cb9f011c9b3a9ed01da8b3;2026-09-16T18:40:18.343781+00:00;true
LOC-0074;LOC-0074;PUBLIC_TRANSIT;2026-08-17T07:00:00+03:00;OK;0;0;0;LOCAL_TRANSIT_OPTIMISTIC_SCREENING;1a51c1f4fae4e6699d75224c94c998a045448a1ecac375a8e353362fb53a56b0;3d5812abc84c11768aa73a732c85d75dbed439188f5bb3239e9b762ea31d9862;2026-09-16T18:40:18.343781+00:00;true
LOC-0074;LOC-0075;PUBLIC_TRANSIT;2026-08-17T07:00:00+03:00;OK;400;7;532;LOCAL_TRANSIT_OPTIMISTIC_SCREENING;848cbb7d16e111db3f9029d60d74d8108ec5eaeaad04d63fc9cae232b28da16e;2c7c1cc898f095c927ae92e421edd2417d4248de52e4a6771261c6d01c4bcbb1;2026-09-16T18:40:18.343781+00:00;true
LOC-0074;LOC-0076;PUBLIC_TRANSIT;2026-08-17T07:00:00+03:00;OK;2331;39;5718;LOCAL_TRANSIT_OPTIMISTIC_SCREENING;bcfe03645d88dcc6fae509962d79ec170105a2593fadd5328b11d161028a0894;3d6d58cd94b6734f1fb803c0e1c9929895e0bba73c38c048b6758db7419081ab;2026-09-16T18:40:18.343781+00:00;true
LOC-0074;LOC-0078;PUBLIC_TRANSIT;2026-08-17T07:00:00+03:00;OK;1409;24;3781;LOCAL_TRANSIT_OPTIMISTIC_SCREENING;c4bda36d6e703daf98e69ca0a74a3670da9a47e82f73fa215b7d629f29ebdf97;aec10168218157c95c4e08375e8c7671876c9ea62d2a6ccd957679d36e9c33d4;2026-09-16T18:40:18.343781+00:00;true
LOC-0074;LOC-0080;PUBLIC_TRANSIT;2026-08-17T07:00:00+03:00;OK;462;8;467;LOCAL_TRANSIT_OPTIMISTIC_SCREENING;246fbd62d4981cd11957c6de03b159b2d721e991609e49e9466d2b3d0a9f9402;b8b88db6867eee813f912e9311a5eec25fc721fef1f3edb6f7d14b46dacc40d9;2026-09-16T18:40:18.343781+00:00;true
LOC-0074;LOC-0082;PUBLIC_TRANSIT;2026-08-17T07:00:00+03:00;OK;1609;27;4888;LOCAL_TRANSIT_OPTIMISTIC_SCREENING;4f3254de68ac055a7cf7e7a210b49e64f97fab80c75025fced4108363963c535;5fea6dba2bbee0207a121e93d70a4cfc943fdae387aa5ce95288db793cb16ce9;2026-09-16T18:40:18.343781+00:00;true
LOC-0074;LOC-0085;PUBLIC_TRANSIT;2026-08-17T07:00:00+03:00;OK;2500;42;6312;LOCAL_TRANSIT_OPTIMISTIC_SCREENING;75a71dda15f5217739300bcf3c8a2e4c8d4ce7e4729a49ac02496b57477f14f6;0bf1c16494dbecf06c46234e85e716cb80dfbd77ea04d5dab8ae0db9ca1abcc4;2026-09-16T18:40:18.343781+00:00;true
LOC-0074;LOC-0086;PUBLIC_TRANSIT;2026-08-17T07:00:00+03:00;OK;2282;39;6176;LOCAL_TRANSIT_OPTIMISTIC_SCREENING;a2ba19ee57c0e51447a5271e6f0736ebdb8375c77d2c25c574a3061778f8748b;71e476e3b255cf18e129958fe4dff6bd7f482eddaaa73ae95368d5123261310f;2026-09-16T18:40:18.343781+00:00;true
LOC-0074;LOC-0091;PUBLIC_TRANSIT;2026-08-17T07:00:00+03:00;OK;1492;25;3834;LOCAL_TRANSIT_OPTIMISTIC_SCREENING;2c2fb74f608f3f0f2815dc8bcd0a24daece470df3ce0866ec02f484fdf07a1ca;9ce016158115578e00edab6192a9e0f4c3301d1ead87471b63943c64e3fdce9d;2026-09-16T18:40:18.343781+00:00;true
LOC-0074;LOC-0092;PUBLIC_TRANSIT;2026-08-17T07:00:00+03:00;OK;1540;26;3345;LOCAL_TRANSIT_OPTIMISTIC_SCREENING;2b3ee5ad98a0e62624e763ef3d47a4799b558dd2ea0db01ec97b10802b8f4c15;7ca6506803a2ec4c754a186b526215c0e66d9ca16379eaaf2b7a3e8a21bb6267;2026-09-16T18:40:18.343781+00:00;true
LOC-0074;LOC-0093;PUBLIC_TRANSIT;2026-08-17T07:00:00+03:00;OK;1502;26;3151;LOCAL_TRANSIT_OPTIMISTIC_SCREENING;9782b1f99f9dbbb0a5223a806d6c6e1e61e357d590af2fc991c74c331c3be447;5487052c8fd7c7986a5981207fe7c178ae396114fae7d9c9711085b963a98dcb;2026-09-16T18:40:18.343781+00:00;true
LOC-0074;LOC-0094;PUBLIC_TRANSIT;2026-08-17T07:00:00+03:00;OK;2668;45;6698;LOCAL_TRANSIT_OPTIMISTIC_SCREENING;90f3a28b444754b79c365a713c0246b922aed683646617b8d54731b8b33b801f;37728aa8b739a56b123ebc5660eaaddbd01c48f7bf0b114d9cd5a56bfbc40f0c;2026-09-16T18:40:18.343781+00:00;true
LOC-0074;LOC-0095;PUBLIC_TRANSIT;2026-08-17T07:00:00+03:00;OK;2302;39;7309;LOCAL_TRANSIT_OPTIMISTIC_SCREENING;5d0fb3b834f76cf2b00630f0a1798c372985f5b1e4f6e22baebb638bee9b2533;41894a7fa030b1da07661e4859dcb24f934f6277e535893d4291203aedb261ae;2026-09-16T18:40:18.343781+00:00;true
LOC-0074;LOC-0102;PUBLIC_TRANSIT;2026-08-17T07:00:00+03:00;OK;1539;26;5125;LOCAL_TRANSIT_OPTIMISTIC_SCREENING;d57739b454c958ca87ca4aa5eef30c8868955de820a8ba4684eb95cbe9c8b3c6;9ba287fc82197c0e79241c1444923b97a1d19ae0d7ae550922897261885d528c;2026-09-16T18:40:18.343781+00:00;true
LOC-0074;LOC-0112;PUBLIC_TRANSIT;2026-08-17T07:00:00+03:00;OK;978;17;1698;LOCAL_TRANSIT_OPTIMISTIC_SCREENING;1c91b8408c4e2ef0da5f82fba68581360763168df55dee2555f026a1bc674a10;a9e32688c1e524d9cd227aad219113ca25a7d16465f608d0d3fa5e9405176bc4;2026-09-16T18:40:18.343781+00:00;true
LOC-0074;LOC-0124;PUBLIC_TRANSIT;2026-08-17T07:00:00+03:00;OK;1889;32;6240;LOCAL_TRANSIT_OPTIMISTIC_SCREENING;e610ab4f6cfccae604da2a342bfd7c7d7483638f7999132755d7dcfb7a9e4e5a;9535685ba7161773c7b233208d8a1ebad87b9d85a12c48b4f38bccac2b24ae9b;2026-09-16T18:40:18.343781+00:00;true
LOC-0074;LOC-0125;PUBLIC_TRANSIT;2026-08-17T07:00:00+03:00;OK;695;12;1194;LOCAL_TRANSIT_OPTIMISTIC_SCREENING;46af33b472501db5ca1cbbe530aff667cecedd5c2e1c9494fa5cb29863d26e35;0e6464fbd42372cd9bb8658bc8789e6e940481be356d95d335052e99bb435a28;2026-09-16T18:40:18.343781+00:00;true
LOC-0074;LOC-0126;PUBLIC_TRANSIT;2026-08-17T07:00:00+03:00;OK;548;10;1456;LOCAL_TRANSIT_OPTIMISTIC_SCREENING;6e8cc261700d3537b3f1e679e5a380b1c4ae3ce52b62bf146eba4be856d07f01;2fc12164cb384561c2b44d5319c6eaf65881ec1214446ea97ff8ddb59c764497;2026-09-16T18:40:18.343781+00:00;true
LOC-0074;LOC-0128;PUBLIC_TRANSIT;2026-08-17T07:00:00+03:00;OK;2090;35;4344;LOCAL_TRANSIT_OPTIMISTIC_SCREENING;b9450124c4a021c785e6e73a33d6798f394889a510b8355d86293387560c540a;9ee8d30f54a85b43fec37c9a2919c11359e8beb5d5396ed096b519d1628f7c1f;2026-09-16T18:40:18.343781+00:00;true
LOC-0074;LOC-0134;PUBLIC_TRANSIT;2026-08-17T07:00:00+03:00;OK;2230;38;5709;LOCAL_TRANSIT_OPTIMISTIC_SCREENING;2b213ef00d08a28552206d50b31ace71d84e4fd89bad85f16b6d06e73d516578;737d91fc16934355621f30351051dba90c937693c02a5ea0fe5a3deb25c6c851;2026-09-16T18:40:18.343781+00:00;true
LOC-0074;LOC-0135;PUBLIC_TRANSIT;2026-08-17T07:00:00+03:00;OK;2305;39;5775;LOCAL_TRANSIT_OPTIMISTIC_SCREENING;872586116bd34435ca07b67f046bc7a7eb07cb054575d5a774dc4e83762d9f90;e862d2a2bab5e27ff28ff430eece7147746a447e2e8f823c44972a4289c25225;2026-09-16T18:40:18.343781+00:00;true
LOC-0074;LOC-0136;PUBLIC_TRANSIT;2026-08-17T07:00:00+03:00;OK;2249;38;6222;LOCAL_TRANSIT_OPTIMISTIC_SCREENING;677ba833147a8d5791089c20e5e8b4c775baa3fe37bcef0bdeb5cf747bb4a115;931a96f80280cbb206033c2b96476deb9dced0423725beb373f0e67df885a046;2026-09-16T18:40:18.343781+00:00;true
LOC-0074;LOC-0140;PUBLIC_TRANSIT;2026-08-17T07:00:00+03:00;OK;1823;31;4900;LOCAL_TRANSIT_OPTIMISTIC_SCREENING;8ecd243c6d651feecc7af850b4bdeec90b69431b5dc86a161332f65406ba31aa;e3106925f3da625029459d84b8a94efc666311cb82597e924a6ac45b456a1dfb;2026-09-16T18:40:18.343781+00:00;true
LOC-0074;LOC-0141;PUBLIC_TRANSIT;2026-08-17T07:00:00+03:00;OK;1840;31;4627;LOCAL_TRANSIT_OPTIMISTIC_SCREENING;1677694b26a75dcb6f509a5bc6202192e81eff5001b4c46e614df7f2e458fdc3;6512ed0656a6e3919151e1596f761484bba61edcd5ea7fe767093cd65c09df50;2026-09-16T18:40:18.343781+00:00;true
LOC-0074;LOC-0142;PUBLIC_TRANSIT;2026-08-17T07:00:00+03:00;OK;1741;30;4588;LOCAL_TRANSIT_OPTIMISTIC_SCREENING;af28eea4812527900e87d7b2c8cdc6e641cff4ae26de04a2a6d6218ded4a29a0;dc7af89377bc36be4dd3328bf1dbcbba856c79510aef0af7935a1f58bf915a86;2026-09-16T18:40:18.343781+00:00;true
LOC-0074;LOC-0145;PUBLIC_TRANSIT;2026-08-17T07:00:00+03:00;OK;1592;27;3928;LOCAL_TRANSIT_OPTIMISTIC_SCREENING;90656dffcacd0ac44f17b4e7f45d233ac968ca70d3a1709355ffde660c508c68;139004ef1b1a95fe3c34a1f5460194c1959c45fa184794beeb9e343d5146bf1f;2026-09-16T18:40:18.343781+00:00;true
LOC-0074;LOC-0148;PUBLIC_TRANSIT;2026-08-17T07:00:00+03:00;OK;437;8;663;LOCAL_TRANSIT_OPTIMISTIC_SCREENING;e6cbe70566d7522e0c8514aeb819d2b74ac1687df8636646e7b720282b3b9578;216fe60fcd1d810cc062d06985d3d4c3f1410eab20a97530d5a02b82f18e1c94;2026-09-16T18:40:18.343781+00:00;true
LOC-0074;LOC-0149;PUBLIC_TRANSIT;2026-08-17T07:00:00+03:00;OK;388;7;517;LOCAL_TRANSIT_OPTIMISTIC_SCREENING;3f151dcb916c56ee729b3dfd715e4f23b499c612eb481acb77f76db3a000c764;54012ef1feb178dbe6ed49b17155fbc12c98b42e9d06f02d71ac822f90021b2e;2026-09-16T18:40:18.343781+00:00;true
LOC-0074;LOC-0150;PUBLIC_TRANSIT;2026-08-17T07:00:00+03:00;OK;392;7;485;LOCAL_TRANSIT_OPTIMISTIC_SCREENING;ced7971e15fa5bfd9714c5ac77b4cf1fdab804eee282e1ec6a84f94c6daf20b9;dddc4386ad99787cfffc11cd00cd05b321b35e030f402316847c53eee20a8106;2026-09-16T18:40:18.343781+00:00;true
LOC-0074;LOC-0151;PUBLIC_TRANSIT;2026-08-17T07:00:00+03:00;OK;570;10;1054;LOCAL_TRANSIT_OPTIMISTIC_SCREENING;8e4160298afc855ed4534520dd72be42d4c0a8121f749c2277f151a258651b35;c0f6392795aed145a074bfce8f6ee4c0529d2dac28815e66b281e1fe88f840de;2026-09-16T18:40:18.343781+00:00;true
LOC-0074;LOC-0152;PUBLIC_TRANSIT;2026-08-17T07:00:00+03:00;OK;604;11;1074;LOCAL_TRANSIT_OPTIMISTIC_SCREENING;e2263d98f6077ff1a0c5314ab0c78afd20eacf7134030ae31691a2bb96221065;e8c3f5806ac113ad030657880892605edbf6271ef1817477734aeabad872111b;2026-09-16T18:40:18.343781+00:00;true
LOC-0074;LOC-0190;PUBLIC_TRANSIT;2026-08-17T07:00:00+03:00;OK;1287;22;2877;LOCAL_TRANSIT_OPTIMISTIC_SCREENING;b2d8d8b9fe367c6e6cdb160bea2353c457a2100d7615f1ff1467845094b2ec56;e54b9926a6fc796dccbac85c4f6ffba8ba88438bc4082d77c5e8631a10616355;2026-09-16T18:40:18.343781+00:00;true
LOC-0074;LOC-0196;PUBLIC_TRANSIT;2026-08-17T07:00:00+03:00;OK;982;17;2996;LOCAL_TRANSIT_OPTIMISTIC_SCREENING;643a9f4aae5f3982b32a3ba1cb19220f46c2ceea66934e57a967f6ad6fa89028;f58e7872c30fdee936c8568f28e8bb2a8bc8d6abc519e3ba9c2b0fb661c08a9e;2026-09-16T18:40:18.343781+00:00;true
LOC-0075;LOC-0002;PUBLIC_TRANSIT;2026-08-17T07:00:00+03:00;OK;2274;38;5587;LOCAL_TRANSIT_OPTIMISTIC_SCREENING;5ac5c1502c745e817663a7215733273d44a4eea83c9d96310f17cc96868c2703;71dd92ff299e906072545f75f11e0806971c5837d6c9865b5bcb478501b6c96e;2026-09-16T18:40:18.343781+00:00;true
LOC-0075;LOC-0008;PUBLIC_TRANSIT;2026-08-17T07:00:00+03:00;OK;1556;26;4769;LOCAL_TRANSIT_OPTIMISTIC_SCREENING;edf80eaaf8056d1a599be8a1a5b934714ccb7ea029e7e62f79c795a82c4fe4a1;4a87c996224991dd8d0cb7f80b4c267ea16dc67876aaf7155ca0bb67e5e1e63b;2026-09-16T18:40:18.343781+00:00;true
LOC-0075;LOC-0009;PUBLIC_TRANSIT;2026-08-17T07:00:00+03:00;OK;2290;39;5850;LOCAL_TRANSIT_OPTIMISTIC_SCREENING;d866d003932cf99d9e0fd38eaa5796b467b8350754aee3babee066df6255f57b;48356bb9f47f95aa825a18ae2f3e53b5a25e8641a04752ef2a06960d1cea18c2;2026-09-16T18:40:18.343781+00:00;true
LOC-0075;LOC-0010;PUBLIC_TRANSIT;2026-08-17T07:00:00+03:00;OK;1479;25;5073;LOCAL_TRANSIT_OPTIMISTIC_SCREENING;8d767a9484859d7f9b7aad03a2b95b70489475fd5ac48b6f963343e81c8fcd78;e634ee34f2017ae6e3aad75d4d35bf07ed03623203ce044c10e2724b2bc9684d;2026-09-16T18:40:18.343781+00:00;true
LOC-0075;LOC-0011;PUBLIC_TRANSIT;2026-08-17T07:00:00+03:00;OK;1739;29;4626;LOCAL_TRANSIT_OPTIMISTIC_SCREENING;9e76c53e0d256d4924c81e289928ada6db49d4de3806b4530352ee061d61a797;f08cb7020e174c7e0061dd3f6cc5d400d6d8f7bdaf5b832f1d1c565386a3a85b;2026-09-16T18:40:18.343781+00:00;true
LOC-0075;LOC-0012;PUBLIC_TRANSIT;2026-08-17T07:00:00+03:00;OK;1519;26;4122;LOCAL_TRANSIT_OPTIMISTIC_SCREENING;4c3378e5adb51aae54ac735ba2ef157e9d6a07a3a7c1fe1711a14f86d9e59a93;ef0a573dbaad6f1d29d29c8c3e757c79b0f9de0e13d9b1b5dcd3d315606f0c64;2026-09-16T18:40:18.343781+00:00;true
LOC-0075;LOC-0013;PUBLIC_TRANSIT;2026-08-17T07:00:00+03:00;OK;2639;44;6415;LOCAL_TRANSIT_OPTIMISTIC_SCREENING;d5d769f17de2a71770e764a75a84e33082943db7d99de2fcdaa31dece43f91c5;8721ccd8a81cce3f50b46039dc1faaf3982122d393449b1f991f2b63d3a84a27;2026-09-16T18:40:18.343781+00:00;true
LOC-0075;LOC-0016;PUBLIC_TRANSIT;2026-08-17T07:00:00+03:00;OK;2193;37;5388;LOCAL_TRANSIT_OPTIMISTIC_SCREENING;2249a709a59674fd2d3958fcb630111eb212e96e5be82558b6c1b7a82555de7d;de34761daebbdcdcca9c24161955c0e5afdd1432832b2c25c4c4bffe2bba98be;2026-09-16T18:40:18.343781+00:00;true
LOC-0075;LOC-0017;PUBLIC_TRANSIT;2026-08-17T07:00:00+03:00;OK;553;10;690;LOCAL_TRANSIT_OPTIMISTIC_SCREENING;1d50080d4a9f78d4f76ec73c614e08f168de0c8bb4cda29b018f46bd66208061;3cf8797138445e1757a5bae791435dca3bbf865dab113f58d6d15c2d0b560cbd;2026-09-16T18:40:18.343781+00:00;true
LOC-0075;LOC-0018;PUBLIC_TRANSIT;2026-08-17T07:00:00+03:00;OK;587;10;732;LOCAL_TRANSIT_OPTIMISTIC_SCREENING;e33633192c62d315d33ee4ea9be210e04d3eb6e0c505e5fa1aa57b98b2aebf58;d15882c0a8620858912eec1ee786c8984ceb3f3850bf790fe0b01303b1d34eaf;2026-09-16T18:40:18.343781+00:00;true
LOC-0075;LOC-0019;PUBLIC_TRANSIT;2026-08-17T07:00:00+03:00;OK;1695;29;5328;LOCAL_TRANSIT_OPTIMISTIC_SCREENING;eb1c9348840116e2e6c1f83f27d29a30f349f694fbd2f9c708c5211f2341b0bf;e679710e27ad85e2200c9a104ecaaeff8a2f736f264baa7fe4da51228773e701;2026-09-16T18:40:18.343781+00:00;true
LOC-0075;LOC-0020;PUBLIC_TRANSIT;2026-08-17T07:00:00+03:00;OK;1878;32;4587;LOCAL_TRANSIT_OPTIMISTIC_SCREENING;5d7770c44eb7b678354685a30e945c739dd3e166a7f8b4c72230b482006c31c6;fa4bf7e04c7a3e8fabc53c986f53b338063575c80d1c151eb4d1e2792f458cd4;2026-09-16T18:40:18.343781+00:00;true
LOC-0075;LOC-0023;PUBLIC_TRANSIT;2026-08-17T07:00:00+03:00;OK;1121;19;1919;LOCAL_TRANSIT_OPTIMISTIC_SCREENING;e7795e0ffb09c600919517f44a3e2018866752a99df6a72a87e2c916db999108;b2295bcb9c98d923399e4ccecca521f4d703c73b7ee95547672992779bcf49dc;2026-09-16T18:40:18.343781+00:00;true
LOC-0075;LOC-0027;PUBLIC_TRANSIT;2026-08-17T07:00:00+03:00;OK;849;15;1420;LOCAL_TRANSIT_OPTIMISTIC_SCREENING;969c7965a1d54bfe459ce29f583999ec4adf079c5026a619a2a74871a92e8c58;e321c51c218b7e9a6e688b73c173fe631cb441a8365275cf9c8c935a80bb14d2;2026-09-16T18:40:18.343781+00:00;true
LOC-0075;LOC-0028;PUBLIC_TRANSIT;2026-08-17T07:00:00+03:00;OK;1976;33;4245;LOCAL_TRANSIT_OPTIMISTIC_SCREENING;99950fe703b67ebd7be35ce989f9c47db92b42b38fb9cd79aafab8f9bfe7d7a9;83e58e4714d6b018bb89c0fbacf25bebcd7e8743424cc8e040b3d7e085488850;2026-09-16T18:40:18.343781+00:00;true
LOC-0075;LOC-0029;PUBLIC_TRANSIT;2026-08-17T07:00:00+03:00;OK;1911;32;4184;LOCAL_TRANSIT_OPTIMISTIC_SCREENING;15ce2caa802b8c892083a236d6a7fdf2e83243c5f6bfde39ee96729c63751adf;5a3a96d5def1ac386936ed0bb31ac4c2d3668632cc21586a2abf5fd7f4ee5f47;2026-09-16T18:40:18.343781+00:00;true
LOC-0075;LOC-0037;PUBLIC_TRANSIT;2026-08-17T07:00:00+03:00;OK;2176;37;5155;LOCAL_TRANSIT_OPTIMISTIC_SCREENING;74bb6acbf2533f87b5bdce824948049a4b53cd71520731d831b1cdde20689db5;f88e5d86143c343b667db6531e4895b30bdd89b6227191cd9ba1436dc168f330;2026-09-16T18:40:18.343781+00:00;true
LOC-0075;LOC-0045;PUBLIC_TRANSIT;2026-08-17T07:00:00+03:00;OK;1117;19;2767;LOCAL_TRANSIT_OPTIMISTIC_SCREENING;3b13c18a8b30dc2c592a141c2eb40a0aac3e223b661981e2e90b3f99bef2ea70;327cbab71e2e42595a30d3ce6d85a3fbcd1cb63d3374adae33e2b8457f3278ee;2026-09-16T18:40:18.343781+00:00;true
LOC-0075;LOC-0053;PUBLIC_TRANSIT;2026-08-17T07:00:00+03:00;OK;1726;29;4916;LOCAL_TRANSIT_OPTIMISTIC_SCREENING;06341e49489a43af750413ac176344cda589589f8689e77352ce91375aeabeb3;5781953e9cafa2af5c299468979845bf62f056da6c304357743531c0fdba64ef;2026-09-16T18:40:18.343781+00:00;true
LOC-0075;LOC-0054;PUBLIC_TRANSIT;2026-08-17T07:00:00+03:00;OK;2329;39;4622;LOCAL_TRANSIT_OPTIMISTIC_SCREENING;d973893dc6ab6c57c60ad690046daa9dbd55a41b67e7d272e482992d9bc9d278;07e108244d15610a59cef75effbf73c32fc86b88cf2f0a6d9bfabd2b58d141cf;2026-09-16T18:40:18.343781+00:00;true
LOC-0075;LOC-0061;PUBLIC_TRANSIT;2026-08-17T07:00:00+03:00;OK;1683;29;4144;LOCAL_TRANSIT_OPTIMISTIC_SCREENING;53c4467c4dbde752a780f6cdbb69c3ccaf60aeb766771a80e91cf65b19ea4d47;d5a15c5d4398a68893283e2d2c34a61e41073a1f593a81753a308322e6bb9fd6;2026-09-16T18:40:18.343781+00:00;true
LOC-0075;LOC-0063;PUBLIC_TRANSIT;2026-08-17T07:00:00+03:00;OK;1960;33;5119;LOCAL_TRANSIT_OPTIMISTIC_SCREENING;2f093f3ddbdadef6bddf8174af3c761e5db2aef6a4c5fa131391aaf410059174;e06473206dcf1f8272415d449d8941859bcfc6fef1e30fac3703eb54709962dd;2026-09-16T18:40:18.343781+00:00;true
LOC-0075;LOC-0064;PUBLIC_TRANSIT;2026-08-17T07:00:00+03:00;OK;1856;31;4622;LOCAL_TRANSIT_OPTIMISTIC_SCREENING;b995e0bb544efab207d17cfd30ca47c12d6646959520ffc23567a1e0a72e6a6d;4433a8f64e369a92b617ad9496189a2d381f0a8f2e0f607e4605a2dc7d74cdce;2026-09-16T18:40:18.343781+00:00;true
LOC-0075;LOC-0074;PUBLIC_TRANSIT;2026-08-17T07:00:00+03:00;OK;420;7;532;LOCAL_TRANSIT_OPTIMISTIC_SCREENING;31e6268b24c17b8dd7dd5596e57b285af34f8dd6def001912fe4df9ee4341221;1ddc87dc90127722777c09315ba9db764dfb6d55e7a1c3eeacfd52f5e405b3e9;2026-09-16T18:40:18.343781+00:00;true
LOC-0075;LOC-0075;PUBLIC_TRANSIT;2026-08-17T07:00:00+03:00;OK;0;0;0;LOCAL_TRANSIT_OPTIMISTIC_SCREENING;f87ecd7ae3d8d11f89d05a86b5a28c35fb1e0dfb12cd4613124d2a4af55661e7;3d5812abc84c11768aa73a732c85d75dbed439188f5bb3239e9b762ea31d9862;2026-09-16T18:40:18.343781+00:00;true
LOC-0075;LOC-0076;PUBLIC_TRANSIT;2026-08-17T07:00:00+03:00;OK;2404;41;5608;LOCAL_TRANSIT_OPTIMISTIC_SCREENING;97bd148273986c7510e09e17fff7728eafe3eac88546dd82b28e0d350c5273e0;b6374a99e25382905e62c42c64aac2c7c495aa48f681ec54fdfb8d4ce99abefe;2026-09-16T18:40:18.343781+00:00;true
LOC-0075;LOC-0078;PUBLIC_TRANSIT;2026-08-17T07:00:00+03:00;OK;1599;27;3484;LOCAL_TRANSIT_OPTIMISTIC_SCREENING;b7171b1900f74682d29653377fb04197248a44ad5a2eb3fc663385a18bfc229d;c2b5815d8c34d9f0cb92054c2378572b206e1a3d6705e114cae29372818f52d7;2026-09-16T18:40:18.343781+00:00;true
LOC-0075;LOC-0080;PUBLIC_TRANSIT;2026-08-17T07:00:00+03:00;OK;431;8;610;LOCAL_TRANSIT_OPTIMISTIC_SCREENING;d1e27c14427f49b1f72e39096442ab7d5c18ef27bec387b1a72b4e14231375f7;05710450254d400b171af95d83603076e156cc50daf45219137bd438c69b8443;2026-09-16T18:40:18.343781+00:00;true
LOC-0075;LOC-0082;PUBLIC_TRANSIT;2026-08-17T07:00:00+03:00;OK;1799;30;4662;LOCAL_TRANSIT_OPTIMISTIC_SCREENING;7e15585898991dd64a900dcc6cf6c1f41b8fe36494071cdb0b8fc3d1d14f2b21;8442b26c8c5c7863a612c5e54bf500a21cd6c6cba20ceb4b5ee8ea586ec16b50;2026-09-16T18:40:18.343781+00:00;true
LOC-0075;LOC-0085;PUBLIC_TRANSIT;2026-08-17T07:00:00+03:00;OK;2586;44;6592;LOCAL_TRANSIT_OPTIMISTIC_SCREENING;6291de8ea1b09e5c4f0cbfd883d6a60ba25eb81f766a49220fd2c10f47f9ded0;5de0ebdf4a765076169fb3f8f540d95f565a0a5b79b95cbb311e3a62eedb6d95;2026-09-16T18:40:18.343781+00:00;true
LOC-0075;LOC-0086;PUBLIC_TRANSIT;2026-08-17T07:00:00+03:00;OK;2368;40;6473;LOCAL_TRANSIT_OPTIMISTIC_SCREENING;3cd1584f2aa45e6dc2b2b897f2361506053c42144a20010d365a05fb03cdbcc0;d0ee3f98a997e472f114f865e882529cda9f948ccac18fc0959355eb8047ab35;2026-09-16T18:40:18.343781+00:00;true
LOC-0075;LOC-0091;PUBLIC_TRANSIT;2026-08-17T07:00:00+03:00;OK;1578;27;4333;LOCAL_TRANSIT_OPTIMISTIC_SCREENING;e6f5e9848d3e538a58b94be2ad7d0ea977893eee0fb60dc1420e37deda329e4a;5399f5bd873ac5e004754d466fbd57fa62cb3fbacd7485eb37136e2c3b515bde;2026-09-16T18:40:18.343781+00:00;true
LOC-0075;LOC-0092;PUBLIC_TRANSIT;2026-08-17T07:00:00+03:00;OK;1578;27;3813;LOCAL_TRANSIT_OPTIMISTIC_SCREENING;e6136bd53a7db30394d862accc0e5d5b34942df3d0b6fd6517cb6590cffe5175;48746fe90c160232cb355fbf5ac03146a584d2687bfa3164a7cb6f24387357d3;2026-09-16T18:40:18.343781+00:00;true
LOC-0075;LOC-0093;PUBLIC_TRANSIT;2026-08-17T07:00:00+03:00;OK;1540;26;3624;LOCAL_TRANSIT_OPTIMISTIC_SCREENING;3525b4dcd968de6ddb38d69ec46ada58a56ccbb77805fabe45c72ed0924a96b1;4086998c80bb57f209af22ab74951cb52176e3b7ad6ae6c89138f9d056252ec5;2026-09-16T18:40:18.343781+00:00;true
LOC-0075;LOC-0094;PUBLIC_TRANSIT;2026-08-17T07:00:00+03:00;OK;2754;46;6983;LOCAL_TRANSIT_OPTIMISTIC_SCREENING;4c5561d61e7596009f4c383c0f69b86006a7f6015fac090e4b8804a71e0c5903;557397191955bdb4112ec3b48adf59e965dbf6ff690aaa34479ba3a65b74f147;2026-09-16T18:40:18.343781+00:00;true
LOC-0075;LOC-0095;PUBLIC_TRANSIT;2026-08-17T07:00:00+03:00;OK;2388;40;7558;LOCAL_TRANSIT_OPTIMISTIC_SCREENING;ab672ebb229e2b2c9d6886fc923200b804a6ff304c125aa69de4034f8e67d2b0;bfa0b6f2c33c29d72c77704ae05b09df0a31894446937adea51a561701d792a8;2026-09-16T18:40:18.343781+00:00;true
LOC-0075;LOC-0102;PUBLIC_TRANSIT;2026-08-17T07:00:00+03:00;OK;1625;28;4784;LOCAL_TRANSIT_OPTIMISTIC_SCREENING;00d3f0abee7878f35de13d20fd78c2fafa9d8591e1e44d98284b8a17db383ae5;07b6795c9c2db9f66b7d8c55a276a2e8780373d6938faebbe8e7f433f6890563;2026-09-16T18:40:18.343781+00:00;true
LOC-0075;LOC-0112;PUBLIC_TRANSIT;2026-08-17T07:00:00+03:00;OK;1064;18;2202;LOCAL_TRANSIT_OPTIMISTIC_SCREENING;a001203bbe2280acde186531b26362d93bd9a9478685ba4f021c6ccc4687207c;83017dc80ab86faed7360df7c186273e302da3ded68b4038c647765a9b39e7dc;2026-09-16T18:40:18.343781+00:00;true
LOC-0075;LOC-0124;PUBLIC_TRANSIT;2026-08-17T07:00:00+03:00;OK;1922;33;5731;LOCAL_TRANSIT_OPTIMISTIC_SCREENING;1409243acd9265e5825fec303d32dfdae537df26156682aa64972d2cbc5f8265;c66642f307bdf46b0ccd416b0df32b6c9af81da1ae0fd16b96e79c9059fcb3ed;2026-09-16T18:40:18.343781+00:00;true
LOC-0075;LOC-0125;PUBLIC_TRANSIT;2026-08-17T07:00:00+03:00;OK;728;13;1050;LOCAL_TRANSIT_OPTIMISTIC_SCREENING;974a99b366ab1549cb2bf48d6c4a8a78904e1f35b7964466cf9ed17f15edadf3;3d6fa27ec822497993240f6633788c49eb05f3ed268209358552ef820ec6fe0a;2026-09-16T18:40:18.343781+00:00;true
LOC-0075;LOC-0126;PUBLIC_TRANSIT;2026-08-17T07:00:00+03:00;OK;634;11;1967;LOCAL_TRANSIT_OPTIMISTIC_SCREENING;acb74a13b8331d0a75f11d4dd3ca5f75506feb471c85657600700bddfdf59651;8e9e898cf3125c4f01bb8315255b980622515e8e1064d9ab7369e2bfc7d015e6;2026-09-16T18:40:18.343781+00:00;true
LOC-0075;LOC-0128;PUBLIC_TRANSIT;2026-08-17T07:00:00+03:00;OK;2176;37;4734;LOCAL_TRANSIT_OPTIMISTIC_SCREENING;1aaa4a684af17761fb47317739eee80a64b46e0d4368ec57a32a6675f824fcce;1f31015ac693d2195647817ac1a24e46c3cfc9442bee264d363868072c400dcb;2026-09-16T18:40:18.343781+00:00;true
LOC-0075;LOC-0134;PUBLIC_TRANSIT;2026-08-17T07:00:00+03:00;OK;2316;39;5957;LOCAL_TRANSIT_OPTIMISTIC_SCREENING;f2575edfc4b7599a3428cffa2683b5ab5ba054b0d7943855263c3166fff40665;47cc86ec61789f5d17a0e7312779e106e2adad7206ca7eb14ebb3a1fa844f51e;2026-09-16T18:40:18.343781+00:00;true
LOC-0075;LOC-0135;PUBLIC_TRANSIT;2026-08-17T07:00:00+03:00;OK;2391;40;6010;LOCAL_TRANSIT_OPTIMISTIC_SCREENING;8bc29b2e90b7a5acedb91b406444391117e166b525fd45d1227728814971f185;6c926856a7020608b3c80c2b297f9a3ccd4a1bb81c502bc2c53d95c2f499e8ee;2026-09-16T18:40:18.343781+00:00;true
LOC-0075;LOC-0136;PUBLIC_TRANSIT;2026-08-17T07:00:00+03:00;OK;2335;39;6461;LOCAL_TRANSIT_OPTIMISTIC_SCREENING;33dacfa3dbe6e1ac238e2996f89d8c659fd8ca65db65e754437d9ca5af9a502f;780e8fac07ca2759b5f37ae3b65db4da27ae61ca8e55b6d8c2072647a1f12a9a;2026-09-16T18:40:18.343781+00:00;true
LOC-0075;LOC-0140;PUBLIC_TRANSIT;2026-08-17T07:00:00+03:00;OK;1896;32;4951;LOCAL_TRANSIT_OPTIMISTIC_SCREENING;f2d7fcea01593c1c3f143ccc4d3c7df2eabdaafa7084fc5d49e1aecd85b3f3ad;799ce8cc839ff4d71f9e2f9c05c99b0ee24f040dd616a476d87ed1694a631b5b;2026-09-16T18:40:18.343781+00:00;true
LOC-0075;LOC-0141;PUBLIC_TRANSIT;2026-08-17T07:00:00+03:00;OK;1873;32;4097;LOCAL_TRANSIT_OPTIMISTIC_SCREENING;c15d4c0baac693cbb7f88433b5a35591dcab06c56723336b93e26dff8b13dd3f;947c1819f59af9226b26937088ea7aaff0becfe62451f0c70b0c94da6e8ace0f;2026-09-16T18:40:18.343781+00:00;true
LOC-0075;LOC-0142;PUBLIC_TRANSIT;2026-08-17T07:00:00+03:00;OK;1774;30;4057;LOCAL_TRANSIT_OPTIMISTIC_SCREENING;5baf6d6880ac13b812f7692453a1ad7375dcf788581d962e81ee14387a4f458f;855e435002d79a83e140521c02656d7f89e7b26da6a002dbbecdbb5bdbee1872;2026-09-16T18:40:18.343781+00:00;true
LOC-0075;LOC-0145;PUBLIC_TRANSIT;2026-08-17T07:00:00+03:00;OK;1630;28;4336;LOCAL_TRANSIT_OPTIMISTIC_SCREENING;7b88c442db7a92cc05c09ac6933e634ba64763db4982a990be111d9cf90533be;152e4b08a4fff3265b13af526fae6837a13b2d303d9546e27bf5ce960997c4c4;2026-09-16T18:40:18.343781+00:00;true
LOC-0075;LOC-0148;PUBLIC_TRANSIT;2026-08-17T07:00:00+03:00;OK;154;3;219;LOCAL_TRANSIT_OPTIMISTIC_SCREENING;d128619d00eb332dfabcd4a6df00a2330df1ee83fdab219450b9ade6be89bd79;86e5d2c81b6f2064836c714f4d9fac6b930d78e46c722501d6a8803f7239cb0d;2026-09-16T18:40:18.343781+00:00;true
LOC-0075;LOC-0149;PUBLIC_TRANSIT;2026-08-17T07:00:00+03:00;OK;300;5;330;LOCAL_TRANSIT_OPTIMISTIC_SCREENING;bbaa8bd0ca444714635fbd0453fba51e4fa01f088b98409c9f9126a3c188d4bc;a14ff8da432c5f2953401e5d27c2f2b3f4e1397aff263d0dbbb29d2d63f24dc5;2026-09-16T18:40:18.343781+00:00;true
LOC-0075;LOC-0150;PUBLIC_TRANSIT;2026-08-17T07:00:00+03:00;OK;442;8;620;LOCAL_TRANSIT_OPTIMISTIC_SCREENING;5b65b205f0542aa96462cc8d7bf9023c2edfff0e35fc90e874d57dfbcfb9558d;1380d3de5b90a0cd63a32810f1b2c6061336ec30187fbc36288280d2fe8cc595;2026-09-16T18:40:18.343781+00:00;true
LOC-0075;LOC-0151;PUBLIC_TRANSIT;2026-08-17T07:00:00+03:00;OK;419;7;522;LOCAL_TRANSIT_OPTIMISTIC_SCREENING;233ab1cf3ecbdb27e4ce2be880a4f6ed6dd5f213f44757f283c8f6b0562f193d;db4099a1332bbbca8f0c4112bb143e922ab41d77d03755dc6218af234dfb6dee;2026-09-16T18:40:18.343781+00:00;true
LOC-0075;LOC-0152;PUBLIC_TRANSIT;2026-08-17T07:00:00+03:00;OK;442;8;545;LOCAL_TRANSIT_OPTIMISTIC_SCREENING;bb465fb1e75b9b51a339aecc0521d01ce24f81038b88f9ef0b66ba08a4ca75cc;53aa12f3edeea242eb693238838e1ac601788bc416d94a842d668b9819750aee;2026-09-16T18:40:18.343781+00:00;true
LOC-0075;LOC-0190;PUBLIC_TRANSIT;2026-08-17T07:00:00+03:00;OK;1373;23;3396;LOCAL_TRANSIT_OPTIMISTIC_SCREENING;0769a2020c365c4b301d72e102f11a3f6f477f8aa77c51be19de976df47009d0;583d3059a241b280b14ffd0b7a1e2349f546c1c753534db4e5af1ed82e428a8b;2026-09-16T18:40:18.343781+00:00;true
LOC-0075;LOC-0196;PUBLIC_TRANSIT;2026-08-17T07:00:00+03:00;OK;1015;17;2781;LOCAL_TRANSIT_OPTIMISTIC_SCREENING;87ca2edfb9366bcbf096c6e26f9ebfedbbaae6a4a0b6a52deb9b0c5e31f25e82;73d042b46838cd78b9b4ba07806a7454c13f5e6571e9adda9d8c9d2e91218907;2026-09-16T18:40:18.343781+00:00;true
LOC-0076;LOC-0002;PUBLIC_TRANSIT;2026-08-17T07:00:00+03:00;OK;1623;28;3890;LOCAL_TRANSIT_OPTIMISTIC_SCREENING;d554cae7d831a6f7215c7dee63c419c91640c2dadb18b381b3d9e73e5b7ecc3c;febd0236c832f39d986794559eb02b7adfbc9aacc43036772cb50743cfe4c6c2;2026-09-16T18:40:18.343781+00:00;true
LOC-0076;LOC-0008;PUBLIC_TRANSIT;2026-08-17T07:00:00+03:00;OK;2260;38;8321;LOCAL_TRANSIT_OPTIMISTIC_SCREENING;17179280a743ec589217e906d0f6f33301fb4c05b3f5640117d0d1aed396e62e;c293731f36dbe892389d985da8b18328f91a9452e7afaea8a51db3bf5b8e2a29;2026-09-16T18:40:18.343781+00:00;true
LOC-0076;LOC-0009;PUBLIC_TRANSIT;2026-08-17T07:00:00+03:00;OK;2463;42;5592;LOCAL_TRANSIT_OPTIMISTIC_SCREENING;0c62ffbbdc5b421db2735fdbc30960f7e6f634bc28be9e5533c33102c3b4d0ca;782bb8113061e786b9bb754686607cf186f5d9d14b6e4034a9495ce37668068c;2026-09-16T18:40:18.343781+00:00;true
LOC-0076;LOC-0010;PUBLIC_TRANSIT;2026-08-17T07:00:00+03:00;OK;2245;38;8931;LOCAL_TRANSIT_OPTIMISTIC_SCREENING;4c2dce4adf67994211cf856b4e4808461138d8d8feef8b3b43b23eaad10d7d15;668a02f320a145fc3ae0657fd9b044f579b11c3a53095514258420c8de84c7f8;2026-09-16T18:40:18.343781+00:00;true
LOC-0076;LOC-0011;PUBLIC_TRANSIT;2026-08-17T07:00:00+03:00;OK;1930;33;7747;LOCAL_TRANSIT_OPTIMISTIC_SCREENING;680af6ea6e80d85d110d5c63c65ad6e782fa11458fc0abc440fcd0dd5b882106;032af22d495f21f202ef5172260b442a4c851541c01ad927881ed3e95eb777a9;2026-09-16T18:40:18.343781+00:00;true
LOC-0076;LOC-0012;PUBLIC_TRANSIT;2026-08-17T07:00:00+03:00;OK;2223;38;7823;LOCAL_TRANSIT_OPTIMISTIC_SCREENING;7ba952e5409874a9b26f127e367e188fc5ce244a997ebd3b829ae340b3118324;1f9b9192dd24c5d52b5248ea7121d7e6fb7cd148a3a85f7712187075775f4268;2026-09-16T18:40:18.343781+00:00;true
LOC-0076;LOC-0013;PUBLIC_TRANSIT;2026-08-17T07:00:00+03:00;OK;1988;34;3642;LOCAL_TRANSIT_OPTIMISTIC_SCREENING;4b81c9776a5c735de233a3ff1dccd3baa9173a7dcc01f107b6662214504d87bf;713dbcc1f6fec0046763b53f0fd4eb62d894f17ccd1eeaf21dbf49fd18b6ac03;2026-09-16T18:40:18.343781+00:00;true
LOC-0076;LOC-0016;PUBLIC_TRANSIT;2026-08-17T07:00:00+03:00;OK;398;7;555;LOCAL_TRANSIT_OPTIMISTIC_SCREENING;7a369f948944e14b6f5af1f117d0ef85fa988d1f81c559e155bb3c6b6ae76a76;c66e55c7ad4a914213fbe70e4b8554bdd93f6629aad7862d69bec7624e59079c;2026-09-16T18:40:18.343781+00:00;true
LOC-0076;LOC-0017;PUBLIC_TRANSIT;2026-08-17T07:00:00+03:00;OK;2267;38;5597;LOCAL_TRANSIT_OPTIMISTIC_SCREENING;a1b9d7ace671592074e7b7ef432d7d64d55758389b9fef28a80e8ad8e53adec7;14faee93f90014b36dcaf1016810ad4cbe8cf6a7e0662cb57c5d2224df089159;2026-09-16T18:40:18.343781+00:00;true
LOC-0076;LOC-0018;PUBLIC_TRANSIT;2026-08-17T07:00:00+03:00;OK;2108;36;6259;LOCAL_TRANSIT_OPTIMISTIC_SCREENING;a3a7ca3ed3da4f443bd3e7ae544eea4164de6b83d6dc14968b278c687d46dcfe;0a28a3bd746181a2bfd1e277f5a0c76f02a781a5dd7de2149c21bd7644bf8dc6;2026-09-16T18:40:18.343781+00:00;true
LOC-0076;LOC-0019;PUBLIC_TRANSIT;2026-08-17T07:00:00+03:00;OK;2461;42;9233;LOCAL_TRANSIT_OPTIMISTIC_SCREENING;f49509109ae32adf7e46faaf62e58eb0fa5c3798a750014cc6fa767a56466ea9;6f114de439569922917c875be15397b4967abcc7e0dd9e30e5e99ea08114a334;2026-09-16T18:40:18.343781+00:00;true
LOC-0076;LOC-0020;PUBLIC_TRANSIT;2026-08-17T07:00:00+03:00;OK;2657;45;9392;LOCAL_TRANSIT_OPTIMISTIC_SCREENING;caae31f676b7af6151bc0d53d1795ed532bf0396509bf9df5f486eca9cf4f3de;cecc1cceeec68c80cd9b4d9316ab71d7dbd9514653da8b88553c92ab09c77aeb;2026-09-16T18:40:18.343781+00:00;true
LOC-0076;LOC-0023;PUBLIC_TRANSIT;2026-08-17T07:00:00+03:00;OK;2515;42;7526;LOCAL_TRANSIT_OPTIMISTIC_SCREENING;b0021b42965004691ce8cd9da129e96f53a5d0ca099883fff7d21d0b23cd1ea0;089ca6f313a710192b850c96b1df6dd20eb9f625dc9cab8628b1cf8dd62c14e7;2026-09-16T18:40:18.343781+00:00;true
LOC-0076;LOC-0027;PUBLIC_TRANSIT;2026-08-17T07:00:00+03:00;OK;1463;25;4385;LOCAL_TRANSIT_OPTIMISTIC_SCREENING;e3e335b0995853c4bd92a8a914ac7c15c181c750a0f58b3a17f61a1f9d647104;ebf769d558b65ddc75c8464bbd049d3f72302a74519884ee90e844c9cf5523f8;2026-09-16T18:40:18.343781+00:00;true
LOC-0076;LOC-0028;PUBLIC_TRANSIT;2026-08-17T07:00:00+03:00;OK;1262;22;1363;LOCAL_TRANSIT_OPTIMISTIC_SCREENING;d5bc64cfc2db7238a603f52a94eea75137352d72e5162d5ff118187f75b330e1;79a40274498a6717e08ba7de0d059d734ec6034495ab6199dc837a83c43ec2cc;2026-09-16T18:40:18.343781+00:00;true
LOC-0076;LOC-0029;PUBLIC_TRANSIT;2026-08-17T07:00:00+03:00;OK;1278;22;1428;LOCAL_TRANSIT_OPTIMISTIC_SCREENING;6213f9a24b507f06f05a84437e2275be65a410fc5bcafd194c18e8f7c9826930;029205f8e06a8646feda4bbb812e0938aad6ceb45c513706debc154ded5e1fed;2026-09-16T18:40:18.343781+00:00;true
LOC-0076;LOC-0037;PUBLIC_TRANSIT;2026-08-17T07:00:00+03:00;OK;1456;25;5354;LOCAL_TRANSIT_OPTIMISTIC_SCREENING;73da7b7d9cbb96f8d8ba2f21329ae8475c78b223e054714b303702d0aafd8faf;f13dd8219a88022e5a9de196b135c78061f7e2e3a0a6f0b062353decb77a5f77;2026-09-16T18:40:18.343781+00:00;true
LOC-0076;LOC-0045;PUBLIC_TRANSIT;2026-08-17T07:00:00+03:00;OK;1406;24;3120;LOCAL_TRANSIT_OPTIMISTIC_SCREENING;ca178e4aad7b3e44c6637bbe2d0348e9bc6d63e7a0a7eddb4f944c5b9a7c99c1;1fa2ec6d91e70c2bf6b631200567d71ff5c814961941b0bd9eabe045681ba944;2026-09-16T18:40:18.343781+00:00;true
LOC-0076;LOC-0053;PUBLIC_TRANSIT;2026-08-17T07:00:00+03:00;OK;704;12;1175;LOCAL_TRANSIT_OPTIMISTIC_SCREENING;f82d394d8280ed7c55ceb99133b5e2f4389d944a9bef6a15154908ecf8f53d76;727096b1c094c1c5cbe1b69929fdab0bd1440540c4eba920a09edb97f8f40db2;2026-09-16T18:40:18.343781+00:00;true
LOC-0076;LOC-0054;PUBLIC_TRANSIT;2026-08-17T07:00:00+03:00;OK;1609;27;5262;LOCAL_TRANSIT_OPTIMISTIC_SCREENING;dc29e6cc2e0c53f66fbad0f7acb470489639011f6dd9482fd7a8fa0ffb0d950c;9094148033c86205b43e2e398d4d5c7d65cc252836cfd8a726377a63c2c5e4b0;2026-09-16T18:40:18.343781+00:00;true
LOC-0076;LOC-0061;PUBLIC_TRANSIT;2026-08-17T07:00:00+03:00;OK;2247;38;7566;LOCAL_TRANSIT_OPTIMISTIC_SCREENING;4d23ce7ce3440982048013784e7d5c5c31f1fcfaa88aebcabcb0f792405c394f;269e9eb2d55d873825e4774c6fe00afff61d2268cc05cc1f220a70efad08b666;2026-09-16T18:40:18.343781+00:00;true
LOC-0076;LOC-0063;PUBLIC_TRANSIT;2026-08-17T07:00:00+03:00;OK;1370;23;1889;LOCAL_TRANSIT_OPTIMISTIC_SCREENING;a520aa251f0e1d58567749c497a505879eee836af338107302c46f100319694f;824d84113384bf229cbeacac5547e60f60bfe530f4d59238b8904b1248975599;2026-09-16T18:40:18.343781+00:00;true
LOC-0076;LOC-0064;PUBLIC_TRANSIT;2026-08-17T07:00:00+03:00;OK;1700;29;2121;LOCAL_TRANSIT_OPTIMISTIC_SCREENING;9c2114cc183a4164239580c054f55f52e454205926d4035e04df19465eeab5f3;f2c3c87728300381fd1a14201f343c4e5399d2d70bfd9a9d525c44fba33657e1;2026-09-16T18:40:18.343781+00:00;true
LOC-0076;LOC-0074;PUBLIC_TRANSIT;2026-08-17T07:00:00+03:00;OK;2133;36;5718;LOCAL_TRANSIT_OPTIMISTIC_SCREENING;74357b9de5420d523e6335b36ea9d94b7772c395926d638ea8658971d89498e1;22159a1a2cae3ca9a400581fc37e26a8f43a1614872353100dfe5de8f9f339a3;2026-09-16T18:40:18.343781+00:00;true
LOC-0076;LOC-0075;PUBLIC_TRANSIT;2026-08-17T07:00:00+03:00;OK;2173;37;5608;LOCAL_TRANSIT_OPTIMISTIC_SCREENING;d2a6686934f34a83a71e73ba44a34736abb8b424cd47a37cc3dd28d8c5e7fab6;68ab21c40c360a4ee297210465a8938d2bd539b2303fa1720c77d430ac4fd2b6;2026-09-16T18:40:18.343781+00:00;true
LOC-0076;LOC-0076;PUBLIC_TRANSIT;2026-08-17T07:00:00+03:00;OK;0;0;0;LOCAL_TRANSIT_OPTIMISTIC_SCREENING;da1ce43ef28819c780cb4f3d04fdd79e7643470342a59d271d5c529e0981bb76;3d5812abc84c11768aa73a732c85d75dbed439188f5bb3239e9b762ea31d9862;2026-09-16T18:40:18.343781+00:00;true
LOC-0076;LOC-0078;PUBLIC_TRANSIT;2026-08-17T07:00:00+03:00;OK;1306;22;2669;LOCAL_TRANSIT_OPTIMISTIC_SCREENING;eb8aa99271ced17769d3f9323b4de3575bbe3ff88c5f469d4df4b920f235b28f;99cc2be22c54c96e84d7eeaf0d651d159bd77c9c6be145a81d1ec0c8b4d91ffb;2026-09-16T18:40:18.343781+00:00;true
LOC-0076;LOC-0080;PUBLIC_TRANSIT;2026-08-17T07:00:00+03:00;OK;2135;36;6067;LOCAL_TRANSIT_OPTIMISTIC_SCREENING;6dcecf9f9d31b00545af4c176a2cffed76e28f981ee0a1d72c60e33a2b8bba11;92017a0724d032d1564857a4396a635574b4ccdc022b6a93523d885ad124a6fc;2026-09-16T18:40:18.343781+00:00;true
LOC-0076;LOC-0082;PUBLIC_TRANSIT;2026-08-17T07:00:00+03:00;OK;1502;26;1491;LOCAL_TRANSIT_OPTIMISTIC_SCREENING;f8046ad1e0630db7c9cea0ce4baf97442d111b1194c191c00c7b3750b66e6c20;10782a201d32d73cbbf93cbc8d6b20b3b15a4a95f0cde6811c1bdde3c0985143;2026-09-16T18:40:18.343781+00:00;true
LOC-0076;LOC-0085;PUBLIC_TRANSIT;2026-08-17T07:00:00+03:00;OK;2018;34;4562;LOCAL_TRANSIT_OPTIMISTIC_SCREENING;4ad5864610a4405094708e1c1355a855505fb3cc634e4df9bdfe9caeffb830b5;b411d45c25c66716b4ad6afd8d6ed2a1e0d1f02d335b36b28ac2b5705ea002a8;2026-09-16T18:40:18.343781+00:00;true
LOC-0076;LOC-0086;PUBLIC_TRANSIT;2026-08-17T07:00:00+03:00;OK;2082;35;4706;LOCAL_TRANSIT_OPTIMISTIC_SCREENING;5f2fa347fd6711ffa64045992eddb7b6b560030e1077698c0b13b26d37985a7b;8980c97b361af5ab065e0ff0e58d281d5a5669e6fb5e07d42911da4aea962a91;2026-09-16T18:40:18.343781+00:00;true
LOC-0076;LOC-0091;PUBLIC_TRANSIT;2026-08-17T07:00:00+03:00;OK;2241;38;8564;LOCAL_TRANSIT_OPTIMISTIC_SCREENING;b0ec245e93555360dec2cc4704f20ed6dbd7f996bdf10dbb2263c7d7013cba84;3030e0c1d473cbbe850b9efe929faec0c19a096dd0a5d0c1e925bed34ef7f78d;2026-09-16T18:40:18.343781+00:00;true
LOC-0076;LOC-0092;PUBLIC_TRANSIT;2026-08-17T07:00:00+03:00;OK;2360;40;8422;LOCAL_TRANSIT_OPTIMISTIC_SCREENING;824cd4a1ff27328eaef1375c5199310e17c64c515322bbbfef34f23a19efe938;a98d7244a9aad738662bcee9492a159e0d17d17e256280de5cd153854c6c93e9;2026-09-16T18:40:18.343781+00:00;true
LOC-0076;LOC-0093;PUBLIC_TRANSIT;2026-08-17T07:00:00+03:00;OK;2336;39;8220;LOCAL_TRANSIT_OPTIMISTIC_SCREENING;cabf7a22f26c5ab98db247294bb2b01f7c123df26ac238d947088cf8c86c0282;a3d7d71d1dd7da8b9528e8376dd9ddaca31d0f906188802e869d33cc805e5459;2026-09-16T18:40:18.343781+00:00;true
LOC-0076;LOC-0094;PUBLIC_TRANSIT;2026-08-17T07:00:00+03:00;OK;2326;39;4851;LOCAL_TRANSIT_OPTIMISTIC_SCREENING;5b43b6111c3fed24f9f757a2b9323910418b3b96a9c0c0e9d5894c5d414ee16b;c74730f10152b37cbe2ffd7c2595f4165f58447f22893ab1ab6f0c58ff497a50;2026-09-16T18:40:18.343781+00:00;true
LOC-0076;LOC-0095;PUBLIC_TRANSIT;2026-08-17T07:00:00+03:00;OK;1998;34;4763;LOCAL_TRANSIT_OPTIMISTIC_SCREENING;fe985d3e762dc9d443dcb3b0b7ae7f470f408d1e52f722487121087aceec0e41;c2e26eeb216e86262c9b56f21a92847b0db1ffaea92fa3173b4ab1be5bfa4a02;2026-09-16T18:40:18.343781+00:00;true
LOC-0076;LOC-0102;PUBLIC_TRANSIT;2026-08-17T07:00:00+03:00;OK;1661;28;2651;LOCAL_TRANSIT_OPTIMISTIC_SCREENING;b3762a71ebba0c013e689cedc7b1921d22e8e2e9c792ad0a7f3d992084effd49;a3a07cd04093b69de87c16fecb7999830312243852e4bb1f58beb361a1d47121;2026-09-16T18:40:18.343781+00:00;true
LOC-0076;LOC-0112;PUBLIC_TRANSIT;2026-08-17T07:00:00+03:00;OK;2685;45;6856;LOCAL_TRANSIT_OPTIMISTIC_SCREENING;69f8de06f9ece7026b5e02f07f26d29f40f69293e012ed1fd08e0276a8b55d94;13e23b4bad1657d371d2114fda5041eb0eb84ab6778eb17ff0363e61dd54f8bd;2026-09-16T18:40:18.343781+00:00;true
LOC-0076;LOC-0124;PUBLIC_TRANSIT;2026-08-17T07:00:00+03:00;OK;2590;44;5914;LOCAL_TRANSIT_OPTIMISTIC_SCREENING;3ac766a406417c79f13d769f3da9209086cff53bb750cd93df42e2bfe10d178b;60a3ee454866b762352ae690bb34a3d8d0672c66840c865f0446e29b31edb7a8;2026-09-16T18:40:18.343781+00:00;true
LOC-0076;LOC-0125;PUBLIC_TRANSIT;2026-08-17T07:00:00+03:00;OK;2187;37;6640;LOCAL_TRANSIT_OPTIMISTIC_SCREENING;6a8c388030e85b018a17f4d8570ff19a0953fd0804b959170efa5d77e005aa81;1fc521edcd946744471b4950039227fa83798ad108464a9673083ed031e7e10b;2026-09-16T18:40:18.343781+00:00;true
LOC-0076;LOC-0126;PUBLIC_TRANSIT;2026-08-17T07:00:00+03:00;OK;2003;34;5787;LOCAL_TRANSIT_OPTIMISTIC_SCREENING;ec30d0538e0d4226f032877d5b7c26363be3247681ae25c15a825f6c990bef4b;d1471a23a22871b1269265ed02614c2369df069bf84b1cd84f671feac9c8ed52;2026-09-16T18:40:18.343781+00:00;true
LOC-0076;LOC-0128;PUBLIC_TRANSIT;2026-08-17T07:00:00+03:00;OK;1456;25;5128;LOCAL_TRANSIT_OPTIMISTIC_SCREENING;98fb2c0f94b2887c96ba191a32fa52b5018f42c950b75fd7225dee87998fea6a;97ce31da1eba38098891b1b0f4a024cf2975a4876ae6cf2d920aa4706442f8fa;2026-09-16T18:40:18.343781+00:00;true
LOC-0076;LOC-0134;PUBLIC_TRANSIT;2026-08-17T07:00:00+03:00;OK;1665;28;3902;LOCAL_TRANSIT_OPTIMISTIC_SCREENING;3a8a7387ec1f5650e8a4ac821344f18007a8e3f03fb37c4e5fc4667af769b8c7;79548241a7147ff3c2feeda756f10c582b4f68dc3ad5ddf855538ece3ce20290;2026-09-16T18:40:18.343781+00:00;true
LOC-0076;LOC-0135;PUBLIC_TRANSIT;2026-08-17T07:00:00+03:00;OK;1740;29;3785;LOCAL_TRANSIT_OPTIMISTIC_SCREENING;a428207988fc2c966f8efa8a6eb8ce156bb5b82a1553915803a9cf0444be3615;3bc89f65b76921d282ba987f908d321216d491611164f7226aebac1069c54efd;2026-09-16T18:40:18.343781+00:00;true
LOC-0076;LOC-0136;PUBLIC_TRANSIT;2026-08-17T07:00:00+03:00;OK;1684;29;4021;LOCAL_TRANSIT_OPTIMISTIC_SCREENING;55a820834e8cc587e6655a10958181b58f54438c2955097349f1982db6f201f1;69c44d8930b85088c117c6dd1798c143b13b9cb771d408d79f09afb6e9d3105f;2026-09-16T18:40:18.343781+00:00;true
LOC-0076;LOC-0140;PUBLIC_TRANSIT;2026-08-17T07:00:00+03:00;OK;1159;20;1765;LOCAL_TRANSIT_OPTIMISTIC_SCREENING;c5696547cf13adff37fedfdea198b5afee92c42054cac12ad245bd074be2d084;49b44268aff38d9fc1b02c0bf263b666f40f6056c5af0d3f6fb57ed02a7ad7ea;2026-09-16T18:40:18.343781+00:00;true
LOC-0076;LOC-0141;PUBLIC_TRANSIT;2026-08-17T07:00:00+03:00;OK;2436;41;6038;LOCAL_TRANSIT_OPTIMISTIC_SCREENING;c43c2544c05fcfd60ad2ede3f8d86d8ca3c68353bfd4d8eb1f578f616379844b;e3140d9139189d849fa46cd04b4894b3cd6735b3741ab6df105c21c441d45cc5;2026-09-16T18:40:18.343781+00:00;true
LOC-0076;LOC-0142;PUBLIC_TRANSIT;2026-08-17T07:00:00+03:00;OK;2337;39;6133;LOCAL_TRANSIT_OPTIMISTIC_SCREENING;e23278a7675fa3b8b3707c52d7fa800a06920a58a7077b7fd3458806f1592877;97e1ac5b0853450fccdc29c531c4a6f7cd952072fe10651d6c4d26e03d94fc89;2026-09-16T18:40:18.343781+00:00;true
LOC-0076;LOC-0145;PUBLIC_TRANSIT;2026-08-17T07:00:00+03:00;OK;2458;41;9261;LOCAL_TRANSIT_OPTIMISTIC_SCREENING;50760f48779aabd00770cbd110c0f7953c83408fd8e18132914197dab51194b9;94550fe467efff454e2b3547a38eca9e2290c7f69dd0539a80c3549a5c1d5cc0;2026-09-16T18:40:18.343781+00:00;true
LOC-0076;LOC-0148;PUBLIC_TRANSIT;2026-08-17T07:00:00+03:00;OK;2210;37;5431;LOCAL_TRANSIT_OPTIMISTIC_SCREENING;6f5bbe9d90d0675c0d8423c7886180dea451da586f1365570db91a7a8ec9328f;9972434ca5d851637c7fcab82531dd168468dd8fe5ec49b7e166972e84e1acf3;2026-09-16T18:40:18.343781+00:00;true
LOC-0076;LOC-0149;PUBLIC_TRANSIT;2026-08-17T07:00:00+03:00;OK;2070;35;5326;LOCAL_TRANSIT_OPTIMISTIC_SCREENING;11d571000f5511863f299f2970e66d5962929c6d8299e74f28f399d119afb91f;01a822355ab1cd6501de4accdda169327ffd4eae45d07896c00a09600f6cf36a;2026-09-16T18:40:18.343781+00:00;true
LOC-0076;LOC-0150;PUBLIC_TRANSIT;2026-08-17T07:00:00+03:00;OK;1951;33;5259;LOCAL_TRANSIT_OPTIMISTIC_SCREENING;df4d8f1e18980e419ca7c3cf92dd2f1f3af13d4aad3877bcbc3b7bd938d04cd4;badf4af23c1f26317c4fdbe532b1a6636aa8990628bbd05e3c11b5599877d32a;2026-09-16T18:40:18.343781+00:00;true
LOC-0076;LOC-0151;PUBLIC_TRANSIT;2026-08-17T07:00:00+03:00;OK;2343;40;5540;LOCAL_TRANSIT_OPTIMISTIC_SCREENING;cfd2cceb8ba3d193f04a6f1b49d767d664f64539a967b4f55b2322710af82f60;848194d765c2499f22a5b00a3a39340f3a132ca4ff8d9da1fa08affceb984720;2026-09-16T18:40:18.343781+00:00;true
LOC-0076;LOC-0152;PUBLIC_TRANSIT;2026-08-17T07:00:00+03:00;OK;2377;40;5467;LOCAL_TRANSIT_OPTIMISTIC_SCREENING;7fde7a0938e8b7ee2c62435a324cef5bdb011f000779c8f04a8fd0d32e29201e;32131d0e80213b360d6d25fab6e2bde16e880bc85f184ca3bb019000771fc6f8;2026-09-16T18:40:18.343781+00:00;true
LOC-0076;LOC-0190;PUBLIC_TRANSIT;2026-08-17T07:00:00+03:00;OK;2303;39;6445;LOCAL_TRANSIT_OPTIMISTIC_SCREENING;83f5c0b00a7cfe89bb3b8ada980cf1251230ab06aa7139a647b392a74466962b;c6f2f795baf8fcf4d2f33e09b9c2235acd43927d255266655bef8f34394642cc;2026-09-16T18:40:18.343781+00:00;true
LOC-0076;LOC-0196;PUBLIC_TRANSIT;2026-08-17T07:00:00+03:00;OK;2342;40;8166;LOCAL_TRANSIT_OPTIMISTIC_SCREENING;9f022de64776e95819d9da0a5b696908731ed9ed6d5c0edbb3bea57fe0b46ead;5494a6618cd30b0fe0a02c7b6d8ceff85ded2d8af1610a028955b24fca36028d;2026-09-16T18:40:18.343781+00:00;true
LOC-0078;LOC-0002;PUBLIC_TRANSIT;2026-08-17T07:00:00+03:00;OK;1913;32;4991;LOCAL_TRANSIT_OPTIMISTIC_SCREENING;9e503f4dc45918ba687fd3426315ee019bee5e106fa135bf1a561d276c8bd9f9;0051e78fc4e94e7325cd8aa9044efa6b411e862f523896d9db3f351cff1ab74b;2026-09-16T18:40:18.343781+00:00;true
LOC-0078;LOC-0008;PUBLIC_TRANSIT;2026-08-17T07:00:00+03:00;OK;1855;31;7421;LOCAL_TRANSIT_OPTIMISTIC_SCREENING;43bb5e02b1b5a54d958322b5edb4844ea6445a131ea358c956bdc0870390e3d6;0706bf7967fa69171d0efcdb1f0738eb7a7e95f8b3c08bee1357d0d0cee3a67d;2026-09-16T18:40:18.343781+00:00;true
LOC-0078;LOC-0009;PUBLIC_TRANSIT;2026-08-17T07:00:00+03:00;OK;2241;38;3734;LOCAL_TRANSIT_OPTIMISTIC_SCREENING;41cf1f53db2a71ae77f7d3964b8903798071f9f9a3e65bdbf6d0e3201e080feb;9b12badab2a6b17c2a927005d63c73bf42be2d7378b29c9b34e81890aac0ad7c;2026-09-16T18:40:18.343781+00:00;true
LOC-0078;LOC-0010;PUBLIC_TRANSIT;2026-08-17T07:00:00+03:00;OK;1778;30;7914;LOCAL_TRANSIT_OPTIMISTIC_SCREENING;ea629a9d7e61d5531eb556f1dd77b3240d675cb4cc332dea80e353c2348bc1fe;aa905d3ee71b75ed3f197546ca40f95da4e8a2dd84d454a410b0a038070fa600;2026-09-16T18:40:18.343781+00:00;true
LOC-0078;LOC-0011;PUBLIC_TRANSIT;2026-08-17T07:00:00+03:00;OK;2038;34;7012;LOCAL_TRANSIT_OPTIMISTIC_SCREENING;91977c8882a719d5862b43482644301a9ef54bed0ed382cbb8cf94279655227e;d12c99c89b2ccfbae69f97fedce89524f76cc139647a7597a6cc513bc8ab7a6b;2026-09-16T18:40:18.343781+00:00;true
LOC-0078;LOC-0012;PUBLIC_TRANSIT;2026-08-17T07:00:00+03:00;OK;1818;31;6816;LOCAL_TRANSIT_OPTIMISTIC_SCREENING;73b494203418c895fe49f99ffa6b8684345367bb166286ef0fd5a1b7ebaa2aab;74021086cdf5825f7c577e61f5dff5aac1c7165682354e34f3192b6d8c134823;2026-09-16T18:40:18.343781+00:00;true
LOC-0078;LOC-0013;PUBLIC_TRANSIT;2026-08-17T07:00:00+03:00;OK;2432;41;5289;LOCAL_TRANSIT_OPTIMISTIC_SCREENING;7a434c14f41eb597dd8c8c1fa86f4082c1c0abb0379d0137f7827564346e4957;69ff468ee3dfe45d5fbdc61421b13dc8864b7f3f767a09404c6c5790640b7bdb;2026-09-16T18:40:18.343781+00:00;true
LOC-0078;LOC-0016;PUBLIC_TRANSIT;2026-08-17T07:00:00+03:00;OK;1367;23;2663;LOCAL_TRANSIT_OPTIMISTIC_SCREENING;b0b175f871464baf9dbda4759ee0f613752e91e7877974f71c4978a6f73b3d6a;fc65bede6139d31a7c05eab347bed05be02cc074808f19a8332d68bf2b220289;2026-09-16T18:40:18.343781+00:00;true
LOC-0078;LOC-0017;PUBLIC_TRANSIT;2026-08-17T07:00:00+03:00;OK;1445;25;3248;LOCAL_TRANSIT_OPTIMISTIC_SCREENING;62eb3d82d1893214a841d0ab43f5c7384b6efefe7f49dc49a5dacfb51b628489;0ee2db8b7f65a5c84a116016f257f91cf6cfdc90cdce189b5a2d096b8f4ba649;2026-09-16T18:40:18.343781+00:00;true
LOC-0078;LOC-0018;PUBLIC_TRANSIT;2026-08-17T07:00:00+03:00;OK;1387;24;3995;LOCAL_TRANSIT_OPTIMISTIC_SCREENING;1110ce9e4a588b71e009e5991f404f4481449f8f290f8a2ec9d959114f27cf9c;1e09234c089fd1da761bb809ae0f4f0cab7b5078b76e09103177baa2132dfc22;2026-09-16T18:40:18.343781+00:00;true
LOC-0078;LOC-0019;PUBLIC_TRANSIT;2026-08-17T07:00:00+03:00;OK;1994;34;8206;LOCAL_TRANSIT_OPTIMISTIC_SCREENING;34c2414ab829acb51834763c317ed075d1b4510b55b40f064ab45706b568748f;57d03d943fd617a6e271412f35276a943829347e1f7fd3370bfb60d5e77111f0;2026-09-16T18:40:18.343781+00:00;true
LOC-0078;LOC-0020;PUBLIC_TRANSIT;2026-08-17T07:00:00+03:00;OK;2219;37;7884;LOCAL_TRANSIT_OPTIMISTIC_SCREENING;7ec8890a1800d9b0ec06fcd57262c9b7adf30a70ec0e43854308cf683080bc87;7e4e8b1e5e9b02c6ecb58e1233a942c38c89c2efedcffabb8eecf104f425de79;2026-09-16T18:40:18.343781+00:00;true
LOC-0078;LOC-0023;PUBLIC_TRANSIT;2026-08-17T07:00:00+03:00;OK;1625;28;5314;LOCAL_TRANSIT_OPTIMISTIC_SCREENING;01973185e74b7ac1587c9d95a5d8a30de6fae7efefb939753289b4819b5d6913;7bbd38e56308a68de448a80dc2e9ebd844bd7e6e48804bbefce78dfe3f798c0a;2026-09-16T18:40:18.343781+00:00;true
LOC-0078;LOC-0027;PUBLIC_TRANSIT;2026-08-17T07:00:00+03:00;OK;1114;19;2737;LOCAL_TRANSIT_OPTIMISTIC_SCREENING;738ea42e1c05a9cb349c9ea26e8541d7de176b25c75fc8f58b731ad058f053aa;73d1ffff34795ed99055df84956ca050506033ed0f6e091dc548e7799b8e62a7;2026-09-16T18:40:18.343781+00:00;true
LOC-0078;LOC-0028;PUBLIC_TRANSIT;2026-08-17T07:00:00+03:00;OK;1072;18;1572;LOCAL_TRANSIT_OPTIMISTIC_SCREENING;90728535ce015013dcba2316d6432012f82c43f5f0fa1db9ed75de998304e97c;b942eac7dea31f0855881254c0bb82ff4f1154f03f4db37ff4cc271fc7c4667e;2026-09-16T18:40:18.343781+00:00;true
LOC-0078;LOC-0029;PUBLIC_TRANSIT;2026-08-17T07:00:00+03:00;OK;1007;17;1493;LOCAL_TRANSIT_OPTIMISTIC_SCREENING;e3cbdc34d7966b6a2fa3a9aa5fd3b1d3574ba81e18381b15a90b8fda9c1f8fb5;15a7c854b9e3302d733dbe2ed46d241cbad7433abad2cd6511a10f2280c75d01;2026-09-16T18:40:18.343781+00:00;true
LOC-0078;LOC-0037;PUBLIC_TRANSIT;2026-08-17T07:00:00+03:00;OK;1831;31;5728;LOCAL_TRANSIT_OPTIMISTIC_SCREENING;489874717a52262a7fe1fd870861abff8392ea28e6a306d46e356f70507d78c0;5958622fb08fa2262a618ea27fe7a8adc4cb3d512e6389dfccd32f23d5ed0662;2026-09-16T18:40:18.343781+00:00;true
LOC-0078;LOC-0045;PUBLIC_TRANSIT;2026-08-17T07:00:00+03:00;OK;585;10;728;LOCAL_TRANSIT_OPTIMISTIC_SCREENING;ce461105398afec81564b7cbc92540e29150ebf24f1e96a87d8471e7e0685907;66c0dd9112fe2e1414fbeb5963ff75be6ed253f9ff235af199ca47ff4b5faace;2026-09-16T18:40:18.343781+00:00;true
LOC-0078;LOC-0053;PUBLIC_TRANSIT;2026-08-17T07:00:00+03:00;OK;1207;21;2660;LOCAL_TRANSIT_OPTIMISTIC_SCREENING;9904441b6a2d5e86a9b5565d7b931c79eedbdfa7056f7fabab72a36ad6fbd221;9eac1d0e6e9ed0c14e0be4316ad2022e360041018be983bd2232fac6f69d9183;2026-09-16T18:40:18.343781+00:00;true
LOC-0078;LOC-0054;PUBLIC_TRANSIT;2026-08-17T07:00:00+03:00;OK;1984;34;5391;LOCAL_TRANSIT_OPTIMISTIC_SCREENING;c0c285df7e07f1fb8cfbdcaed0021e18f671aa486429232fa116f8aa26a25101;0bb54546f5c4ddde7e1eead9f4bcb39e2b902b26f96dbfef18fd0f818dfe576e;2026-09-16T18:40:18.343781+00:00;true
LOC-0078;LOC-0061;PUBLIC_TRANSIT;2026-08-17T07:00:00+03:00;OK;1982;34;6672;LOCAL_TRANSIT_OPTIMISTIC_SCREENING;e0e7f22ca736f57d5fc28c4cf1f5fafdfca37d6989412b7d6b5c782ca954e8c6;fa43a9e652e9ec095239a1af8ea23a5bec64d3420dac62a69b5a1b697838d87c;2026-09-16T18:40:18.343781+00:00;true
LOC-0078;LOC-0063;PUBLIC_TRANSIT;2026-08-17T07:00:00+03:00;OK;1056;18;1638;LOCAL_TRANSIT_OPTIMISTIC_SCREENING;f29c9097d4f952fe8afd0fc35112081d7f5f80d19eacc01e60865a2b962b12ab;35d9fe6556847c4ffba8b8d5382da7a13d01519d1ebd5a0a00318757e5511c3d;2026-09-16T18:40:18.343781+00:00;true
LOC-0078;LOC-0064;PUBLIC_TRANSIT;2026-08-17T07:00:00+03:00;OK;1079;18;1488;LOCAL_TRANSIT_OPTIMISTIC_SCREENING;fdde6c2a371af4e7141bcb60cf711cca8b36703119625dc71b8372adf2ae7db0;f6531f6259b80d878592a7de6cf4bcbb4961722d519a0ab082cbfb38a33d63aa;2026-09-16T18:40:18.343781+00:00;true
LOC-0078;LOC-0074;PUBLIC_TRANSIT;2026-08-17T07:00:00+03:00;OK;1395;24;3781;LOCAL_TRANSIT_OPTIMISTIC_SCREENING;9c4ef3bd6b390b3e3855a21ab9a5c0627991b7f0f5cf881d745a5c43beb2fcf6;f69b1abfbc41b71176abcfeb9a657dfd4e1d8e69d44efaa49cebdd253781ddcf;2026-09-16T18:40:18.343781+00:00;true
LOC-0078;LOC-0075;PUBLIC_TRANSIT;2026-08-17T07:00:00+03:00;OK;1435;24;3484;LOCAL_TRANSIT_OPTIMISTIC_SCREENING;f8f061f6b12a8bc86b841f38ddd44f8b67d44bf5ac510d28401445c90283f0d0;64a000a1297de3a9679de47af4530f429081f483994ea512c9a0b023d7a72b17;2026-09-16T18:40:18.343781+00:00;true
LOC-0078;LOC-0076;PUBLIC_TRANSIT;2026-08-17T07:00:00+03:00;OK;1663;28;2669;LOCAL_TRANSIT_OPTIMISTIC_SCREENING;b6d029f14147376927245e657c75087f0d763d2dc95102c46c964fde16b7c350;e6da075d65348c21151d3cff6e328e9da2be201370866fb1ed0c40cbb1013d36;2026-09-16T18:40:18.343781+00:00;true
LOC-0078;LOC-0078;PUBLIC_TRANSIT;2026-08-17T07:00:00+03:00;OK;0;0;0;LOCAL_TRANSIT_OPTIMISTIC_SCREENING;64c13674906f32d266dedcf241af0eedebbe7470d13d633ceef5dcc7a5b82691;3d5812abc84c11768aa73a732c85d75dbed439188f5bb3239e9b762ea31d9862;2026-09-16T18:40:18.343781+00:00;true
LOC-0078;LOC-0080;PUBLIC_TRANSIT;2026-08-17T07:00:00+03:00;OK;1576;27;3995;LOCAL_TRANSIT_OPTIMISTIC_SCREENING;911b520d2cf880c04aaeac1d737209ae823497d7588c5080b75f0cc87c533d85;d502ad9f8893535a81c0b1f0841a2cff3dea9c1f8f15f69554db016d4bfef079;2026-09-16T18:40:18.343781+00:00;true
LOC-0078;LOC-0082;PUBLIC_TRANSIT;2026-08-17T07:00:00+03:00;OK;895;15;1310;LOCAL_TRANSIT_OPTIMISTIC_SCREENING;d4a5e837509b707309135dd97d9a626362cc37093ab22bd8c4910fde4c8c6e0c;483c80cb2fa864e69695624a287c66004b05b4319f13e53bc8baaf0e91ec837c;2026-09-16T18:40:18.343781+00:00;true
LOC-0078;LOC-0085;PUBLIC_TRANSIT;2026-08-17T07:00:00+03:00;OK;2462;42;5957;LOCAL_TRANSIT_OPTIMISTIC_SCREENING;0fa82db0749f328aec82bc90707e7f6d99be9984450f822fa133369e2ab111bd;866bc67745f9f88b7de31653ba0fe00a3510a917930d566ed71202004294930a;2026-09-16T18:40:18.343781+00:00;true
LOC-0078;LOC-0086;PUBLIC_TRANSIT;2026-08-17T07:00:00+03:00;OK;2526;43;5987;LOCAL_TRANSIT_OPTIMISTIC_SCREENING;73b596a798eb159a4b7b3e1fd1f110414d0c92161bc1bc4fe5c7db8aa8512c76;d14d4dd66dd65927d95b90b6b7614820b6796a52571ca0e3d6f7d9b35f374623;2026-09-16T18:40:18.343781+00:00;true
LOC-0078;LOC-0091;PUBLIC_TRANSIT;2026-08-17T07:00:00+03:00;OK;1877;32;7339;LOCAL_TRANSIT_OPTIMISTIC_SCREENING;e86557f057c09a6bc81e2cc6a9c67fd6179d6a031eef288190fbfaeb4a7087bd;eabe46d717d61842afd1178d4d9e91754262e01999bfcadd47028150f3115281;2026-09-16T18:40:18.343781+00:00;true
LOC-0078;LOC-0092;PUBLIC_TRANSIT;2026-08-17T07:00:00+03:00;OK;2008;34;6993;LOCAL_TRANSIT_OPTIMISTIC_SCREENING;18c696e6b782cfb21b85904dafa4851854143964ae21f3e361b4b9afae5c7c92;0352bd112674da333a8041af0be6b758123629ca4afa29056ac386e3f02a06e0;2026-09-16T18:40:18.343781+00:00;true
LOC-0078;LOC-0093;PUBLIC_TRANSIT;2026-08-17T07:00:00+03:00;OK;1984;34;6789;LOCAL_TRANSIT_OPTIMISTIC_SCREENING;df328a2422e21b0462698d907c5956e6dcabdd1c57070c01fe13d5870528e5b4;b991de9d0bb47efed216cce7e2518412c713142b916dc16211ec2c2f63b4ef0c;2026-09-16T18:40:18.343781+00:00;true
LOC-0078;LOC-0094;PUBLIC_TRANSIT;2026-08-17T07:00:00+03:00;OK;2770;47;6333;LOCAL_TRANSIT_OPTIMISTIC_SCREENING;c9c6e50c11c26a6c6aa58df0124fa360e914f0696fd48cc2e893081a704b38c3;325d90d6e20edc727d7d445e0f90544c2d7d6a15eb422a276a91e7a36ba2a6f9;2026-09-16T18:40:18.343781+00:00;true
LOC-0078;LOC-0095;PUBLIC_TRANSIT;2026-08-17T07:00:00+03:00;OK;2687;45;6555;LOCAL_TRANSIT_OPTIMISTIC_SCREENING;b1b4ca5a4330ad1f6c35f41b55e0c01c44d8dcdb512e27bff30bc5ff8653d184;ff996ffd89a25c541e9e3be128e8dc91ede9bc66429136598aac96674bb58973;2026-09-16T18:40:18.343781+00:00;true
LOC-0078;LOC-0102;PUBLIC_TRANSIT;2026-08-17T07:00:00+03:00;OK;1164;20;1623;LOCAL_TRANSIT_OPTIMISTIC_SCREENING;91a464aeb441c444d56ef86a71f6ad533a99b8fef555a63f5d026bc489fc7344;55833b3bbf1952536c99a47461164af1451ca056d5f382c34391704633c60e14;2026-09-16T18:40:18.343781+00:00;true
LOC-0078;LOC-0112;PUBLIC_TRANSIT;2026-08-17T07:00:00+03:00;OK;1947;33;5307;LOCAL_TRANSIT_OPTIMISTIC_SCREENING;5971804aeec4568c63a5cd2c02e06b315c84a21a8bcaeb63d83d1f6bd68842e4;5763bf07bc89bf365a6114ffb61d2c42bf4303aa4f6203e95e55fe5710724217;2026-09-16T18:40:18.343781+00:00;true
LOC-0078;LOC-0124;PUBLIC_TRANSIT;2026-08-17T07:00:00+03:00;OK;2201;37;3901;LOCAL_TRANSIT_OPTIMISTIC_SCREENING;add4d4d9099202618f7a41c57e4595622e1edf83d976cbc75ba4948526d5cf53;3e1a41fd6dd58e84f323502696701931bc133c90a217a465a8dd19b3556abf85;2026-09-16T18:40:18.343781+00:00;true
LOC-0078;LOC-0125;PUBLIC_TRANSIT;2026-08-17T07:00:00+03:00;OK;1309;22;4407;LOCAL_TRANSIT_OPTIMISTIC_SCREENING;487b53e6538c56a20321f29f3343b03cda29c41d6025c31248b06c9d7e9bf7b5;8a8cda294ec7703357a62d5a2f3bc9e6aad743b4a5f194ecb2248f0d89c360e3;2026-09-16T18:40:18.343781+00:00;true
LOC-0078;LOC-0126;PUBLIC_TRANSIT;2026-08-17T07:00:00+03:00;OK;1517;26;4456;LOCAL_TRANSIT_OPTIMISTIC_SCREENING;63a03ca1e1dfa0eed02617407ebb90203af6eb0bc3efe9e9a157c5e67f0e0b42;b1ff9508571748893119ec4e7311c5e4fe523e7f196a6f50a00c230f3b7ee8ba;2026-09-16T18:40:18.343781+00:00;true
LOC-0078;LOC-0128;PUBLIC_TRANSIT;2026-08-17T07:00:00+03:00;OK;1831;31;5357;LOCAL_TRANSIT_OPTIMISTIC_SCREENING;afede7214807a5a9dc88bd8164b1e78c479b50b7b13dfc65f9a73928b02fa452;5c4fc5a6c1829c0c42e5bbadd60798be4310509f2d6faca4df0232b41f5a8004;2026-09-16T18:40:18.343781+00:00;true
LOC-0078;LOC-0134;PUBLIC_TRANSIT;2026-08-17T07:00:00+03:00;OK;2109;36;5205;LOCAL_TRANSIT_OPTIMISTIC_SCREENING;62332b92ea7dc3bf4a4a96f47f61c9219add7a61d9a2f41fb109a5c6bbb08208;99e14556d4f9abe30e7de64ea86ffd0ecb4dde76011ce34aca5880acc1ac76ea;2026-09-16T18:40:18.343781+00:00;true
LOC-0078;LOC-0135;PUBLIC_TRANSIT;2026-08-17T07:00:00+03:00;OK;2184;37;5159;LOCAL_TRANSIT_OPTIMISTIC_SCREENING;04e3f23288b2f68ce1c898eac946dd07708587b201a495ce3a22a7130e49de94;889155c3d47a5e2f5d9d1ab8b093b9d36150901e392cc5c8433493b58d47e93f;2026-09-16T18:40:18.343781+00:00;true
LOC-0078;LOC-0136;PUBLIC_TRANSIT;2026-08-17T07:00:00+03:00;OK;2128;36;5550;LOCAL_TRANSIT_OPTIMISTIC_SCREENING;0ffd81f0c31b9e26b8dd671097e2f8d3432873c9b3cda86ca80325753a83a4d3;765ef545aabb8253d3d95e86b97b69d2d0f92ceb8d0cd8724ea962448b2f0a4a;2026-09-16T18:40:18.343781+00:00;true
LOC-0078;LOC-0140;PUBLIC_TRANSIT;2026-08-17T07:00:00+03:00;OK;1511;26;3134;LOCAL_TRANSIT_OPTIMISTIC_SCREENING;fe0a359c65752e0e44a997b1d0bfd981b1094cbb316057ae7cf75609eceb4f36;a46b14a82dd6f8cab205db87d2140b2d268cb65d9d118b5e9e68782e3ac44e73;2026-09-16T18:40:18.343781+00:00;true
LOC-0078;LOC-0141;PUBLIC_TRANSIT;2026-08-17T07:00:00+03:00;OK;1614;27;3490;LOCAL_TRANSIT_OPTIMISTIC_SCREENING;9cca6d26511cb1e7deb8973538861bac533f5c6117b8651c0c8812263f2fa172;e0f876b8ecf217d63844c014dd2857c6bf49b8aa54c512e82a8132bdc7e90692;2026-09-16T18:40:18.343781+00:00;true
LOC-0078;LOC-0142;PUBLIC_TRANSIT;2026-08-17T07:00:00+03:00;OK;1515;26;3569;LOCAL_TRANSIT_OPTIMISTIC_SCREENING;24ceefe6b41fc0c10ac4c30b43ce0a9d70342a874e803407a46d8bf4947e3b12;82b999c0bc341da168750d019cea506e3ae06d9245975d147d4e1f6c9b499038;2026-09-16T18:40:18.343781+00:00;true
LOC-0078;LOC-0145;PUBLIC_TRANSIT;2026-08-17T07:00:00+03:00;OK;2046;35;7678;LOCAL_TRANSIT_OPTIMISTIC_SCREENING;318618384470e32e6ff301c8664c2a9f2e6e823de6b9e0064a8dec80d9b9f8b0;ce37f8decd570adb9958f4eec67d519aa8a3c2811d8fdd5d241bcbeb342f6a40;2026-09-16T18:40:18.343781+00:00;true
LOC-0078;LOC-0148;PUBLIC_TRANSIT;2026-08-17T07:00:00+03:00;OK;1472;25;3289;LOCAL_TRANSIT_OPTIMISTIC_SCREENING;5b0f55fd22baf5082f32a617edf962bd73f8440086fe9d488b06dc349d249c99;0cf5c181a5a95890ca0e106bd8fbde3d46c33fe4ef0dc44d5eacf9b25bdf9331;2026-09-16T18:40:18.343781+00:00;true
LOC-0078;LOC-0149;PUBLIC_TRANSIT;2026-08-17T07:00:00+03:00;OK;1387;24;3288;LOCAL_TRANSIT_OPTIMISTIC_SCREENING;419d7596aa0d176eeef682e114127d235386b6dc1cbac1c18d98dec0a7af96b9;8c9df38c9baee76b4f96ead263bb4c61286c406584046302328f2d4f45140dd8;2026-09-16T18:40:18.343781+00:00;true
LOC-0078;LOC-0150;PUBLIC_TRANSIT;2026-08-17T07:00:00+03:00;OK;1254;21;3299;LOCAL_TRANSIT_OPTIMISTIC_SCREENING;19463648da6771eb80a6918e1d93d5f0bf0f19efbe92faaeb46ef8943ca73248;6dee153b3262bbf7465fbfd82e5a50a5d176b3c526287b321adc970f3ff2a89d;2026-09-16T18:40:18.343781+00:00;true
LOC-0078;LOC-0151;PUBLIC_TRANSIT;2026-08-17T07:00:00+03:00;OK;1585;27;3245;LOCAL_TRANSIT_OPTIMISTIC_SCREENING;64ee5376b12b7670867d7041d17919c3a26809275dfb936aa72ff226b0242467;823862c15805a5413a05a284b76f0477b335a3348e3cac83fdc0bf867cf2750a;2026-09-16T18:40:18.343781+00:00;true
LOC-0078;LOC-0152;PUBLIC_TRANSIT;2026-08-17T07:00:00+03:00;OK;1586;27;3172;LOCAL_TRANSIT_OPTIMISTIC_SCREENING;f2a9edb46e7c31337a3798e3176b4bb85d79d6797bdc332ef4cbfc733f9234ce;f86da57a60296ee381ff40573b9c532b2e76bbdd342b4f7596e88dfa0d2d16ac;2026-09-16T18:40:18.343781+00:00;true
LOC-0078;LOC-0190;PUBLIC_TRANSIT;2026-08-17T07:00:00+03:00;OK;1690;29;5598;LOCAL_TRANSIT_OPTIMISTIC_SCREENING;2bfeac6c9f3dbc16d499a98092c2bc1f5389219fb8594803bbed893227a909bd;806590874b7cff6fd780c782c1789856eeccfbea9c7235b0903ac4579fbf4b38;2026-09-16T18:40:18.343781+00:00;true
LOC-0078;LOC-0196;PUBLIC_TRANSIT;2026-08-17T07:00:00+03:00;OK;1714;29;5705;LOCAL_TRANSIT_OPTIMISTIC_SCREENING;5bde20efada1eb8b0e4f17abfe237795f7e00767b19d496a0729a073d6451e1d;f5df2284ac9eed0b0fce8a64cd3868a1631396b7ec5ab0b97f356ed246837da1;2026-09-16T18:40:18.343781+00:00;true
LOC-0080;LOC-0002;PUBLIC_TRANSIT;2026-08-17T07:00:00+03:00;OK;2283;39;5796;LOCAL_TRANSIT_OPTIMISTIC_SCREENING;650f77ab06d4cd17416d3ae70f50301dff81020909379fa64a4a8ee153245d37;4745e45dd0e3b79b33b4076f1d792d8ea1b0ad9908ec20421e5b609e27b7a47c;2026-09-16T18:40:18.343781+00:00;true
LOC-0080;LOC-0008;PUBLIC_TRANSIT;2026-08-17T07:00:00+03:00;OK;1554;26;4427;LOCAL_TRANSIT_OPTIMISTIC_SCREENING;7868edc9b9b6fd45174e323e1bb8566bb5db642a77bb5a82cb5fcb5c03859ee4;8d1320bbb6578055e622cb449ab8f568dffaf94b198f4de54b07835b8c111aa4;2026-09-16T18:40:18.343781+00:00;true
LOC-0080;LOC-0009;PUBLIC_TRANSIT;2026-08-17T07:00:00+03:00;OK;2067;35;6298;LOCAL_TRANSIT_OPTIMISTIC_SCREENING;f4dfa37d4462a93d14bf142ce46998337f15ea3c358a5058d0090a5d27fa7c1d;4ea6d59e3b6ebcb2d71bf1bfb537168cb780adaf84f3bb649c49e446477b2ada;2026-09-16T18:40:18.343781+00:00;true
LOC-0080;LOC-0010;PUBLIC_TRANSIT;2026-08-17T07:00:00+03:00;OK;1488;25;4684;LOCAL_TRANSIT_OPTIMISTIC_SCREENING;aacbe4cfa78c97a21ba17fb5f4906d038eca843223d8a3d26a14668a2aca1368;7a76c09c20415323fd5c687aeab6b5b3a0937ba7ffba9aeb8283a714693a8984;2026-09-16T18:40:18.343781+00:00;true
LOC-0080;LOC-0011;PUBLIC_TRANSIT;2026-08-17T07:00:00+03:00;OK;1748;30;4346;LOCAL_TRANSIT_OPTIMISTIC_SCREENING;7cc17e4e5413e0fc279b8431042498eb58d4272c90dd1ff4b5efea11a40cf666;0d6b41daf68ef52ab3da9cb5fe4687b245d8bea192bb0624ceac35e8337c479a;2026-09-16T18:40:18.343781+00:00;true
LOC-0080;LOC-0012;PUBLIC_TRANSIT;2026-08-17T07:00:00+03:00;OK;1505;26;3785;LOCAL_TRANSIT_OPTIMISTIC_SCREENING;698265c9d451d7c9dd58731baf4ba86f41508c47e086c572665d229320c1f4b5;17fe9fc9fedb42009716e528b297fc9f5c1b4e42c58e919a9bc8c22758f54984;2026-09-16T18:40:18.343781+00:00;true
LOC-0080;LOC-0013;PUBLIC_TRANSIT;2026-08-17T07:00:00+03:00;OK;2648;45;6670;LOCAL_TRANSIT_OPTIMISTIC_SCREENING;9b1b9d254f176ee4d45288ba8b92dadf29c04861c066c3b55b70162edaee5555;857be7b772b4dd2e61534e982dd823a1028bdb4a96336d86fa61efc179934ad6;2026-09-16T18:40:18.343781+00:00;true
LOC-0080;LOC-0016;PUBLIC_TRANSIT;2026-08-17T07:00:00+03:00;OK;1930;33;5832;LOCAL_TRANSIT_OPTIMISTIC_SCREENING;c5426616590d9778f391c0d012a81c57ffd8fbde712311fdddbfbf7ab4a21b25;0cba761512a45229560153295816e86ec7fdcc08425e82267605aea131a907e8;2026-09-16T18:40:18.343781+00:00;true
LOC-0080;LOC-0017;PUBLIC_TRANSIT;2026-08-17T07:00:00+03:00;OK;692;12;1057;LOCAL_TRANSIT_OPTIMISTIC_SCREENING;c910864238df65bcc3ad31e4addecf145c8e5f1418b2141be51c7271401e7da3;a5f231c899932893479772b075b5acd3312b596addd8725673e342943546c381;2026-09-16T18:40:18.343781+00:00;true
LOC-0080;LOC-0018;PUBLIC_TRANSIT;2026-08-17T07:00:00+03:00;OK;396;7;621;LOCAL_TRANSIT_OPTIMISTIC_SCREENING;d9541fb2f7b600a1fd3a55021c6f256eabb39edff46cc07c8a4092373a3fdbe1;7f3018f57e357ecaa0d6a57e0c30995dd5e1871cdc9b5ca75f1c89b5a68f9b86;2026-09-16T18:40:18.343781+00:00;true
LOC-0080;LOC-0019;PUBLIC_TRANSIT;2026-08-17T07:00:00+03:00;OK;1704;29;4928;LOCAL_TRANSIT_OPTIMISTIC_SCREENING;3e1734026be698f111c65cc8b7dcfbb555340be31613735098fef83e8a70cb35;3a86f80e17810572c872c07eb02c2f3aac79fca7ef808e18a282eac3bb96bda8;2026-09-16T18:40:18.343781+00:00;true
LOC-0080;LOC-0020;PUBLIC_TRANSIT;2026-08-17T07:00:00+03:00;OK;1427;24;4102;LOCAL_TRANSIT_OPTIMISTIC_SCREENING;8503adef7c56166213a09f1b0e3e741142f6303e1980cfd7155f89f78c657431;3cd55e41842326b17620d8449dcb6e0d410bdb4a4458dfa3d5439299f7cb2a67;2026-09-16T18:40:18.343781+00:00;true
LOC-0080;LOC-0023;PUBLIC_TRANSIT;2026-08-17T07:00:00+03:00;OK;950;16;1487;LOCAL_TRANSIT_OPTIMISTIC_SCREENING;8405ec0fd46184a961d3cc80ba86ce066696e9904a7064a81d720c3215bba377;3490a0525e48cb17d5a0236e4306264f5fe0e79e952dbac713692a8d6aa58e8e;2026-09-16T18:40:18.343781+00:00;true
LOC-0080;LOC-0027;PUBLIC_TRANSIT;2026-08-17T07:00:00+03:00;OK;792;14;1769;LOCAL_TRANSIT_OPTIMISTIC_SCREENING;ba5f0d581ad4e7bfe4db34bb6ca49c8a285b654ab67bdacbde26ab20ebe0d37c;e59e984868098e03f83562cc76e7938c8dd59fa95d48d2c98615c133b9393a7b;2026-09-16T18:40:18.343781+00:00;true
LOC-0080;LOC-0028;PUBLIC_TRANSIT;2026-08-17T07:00:00+03:00;OK;1981;34;4708;LOCAL_TRANSIT_OPTIMISTIC_SCREENING;db5ea53a416032c27d9bdf1a3ef01a93970a8cc0a4923b89581d6723eb5a1e5a;b8ae05291ab3cd7734a92d9623ca616e90e8b03a909be35b7c92ba5325506f2d;2026-09-16T18:40:18.343781+00:00;true
LOC-0080;LOC-0029;PUBLIC_TRANSIT;2026-08-17T07:00:00+03:00;OK;1916;32;4649;LOCAL_TRANSIT_OPTIMISTIC_SCREENING;4f0421bc339192e411559a306c3224888bb9604780fdffb873c7dca6e2f1b455;24984dd1756ac14eef30167004a48e3c54d6e0bfe3c35379d96abd0f2686f7fc;2026-09-16T18:40:18.343781+00:00;true
LOC-0080;LOC-0037;PUBLIC_TRANSIT;2026-08-17T07:00:00+03:00;OK;2185;37;5205;LOCAL_TRANSIT_OPTIMISTIC_SCREENING;cbdde5cfed882a2d9822456d7c57628fc25d0e24089912f5f1869bbdbf0cd37e;f9ec54a3da171c5b1d9f6463c79f2976b57e8a573fb6725cfdde93b73fbcab80;2026-09-16T18:40:18.343781+00:00;true
LOC-0080;LOC-0045;PUBLIC_TRANSIT;2026-08-17T07:00:00+03:00;OK;1175;20;3275;LOCAL_TRANSIT_OPTIMISTIC_SCREENING;7452b5f1bb021bb1f8f079bd73d2f35e35bb940fb174bf23817d59f9d44aaf7e;7c9132088b84aa865fba5222058c9392edadcd41a25aa89a6bbfc9da13044c33;2026-09-16T18:40:18.343781+00:00;true
LOC-0080;LOC-0053;PUBLIC_TRANSIT;2026-08-17T07:00:00+03:00;OK;1463;25;5329;LOCAL_TRANSIT_OPTIMISTIC_SCREENING;5b1b16661a81a1e5784d17300d0a6c8028786fdb6e365b8963f80a5908fd05b2;cd123d775bf13e8bf8401a97ac9aa5396ffe3eaf5ac23965ec9b77678cc32305;2026-09-16T18:40:18.343781+00:00;true
LOC-0080;LOC-0054;PUBLIC_TRANSIT;2026-08-17T07:00:00+03:00;OK;2338;39;4661;LOCAL_TRANSIT_OPTIMISTIC_SCREENING;d5f1a6bb3e5721f85babdd5c43d7d9180895cf0d0a2f7d2b2f5a2f8ca02aa6ac;277065de25d8368c165f151719f966c061adec33601294e7d981ff99f8b5c330;2026-09-16T18:40:18.343781+00:00;true
LOC-0080;LOC-0061;PUBLIC_TRANSIT;2026-08-17T07:00:00+03:00;OK;1692;29;3846;LOCAL_TRANSIT_OPTIMISTIC_SCREENING;17e018fd4aa7e9d9cd6218dca49fc0cf92bbf1eeeac417bd7e1ea19e22c62332;a33e3e99226839ff18fb951b4328a7920c1822cd39ce80710acb937fd3925ba3;2026-09-16T18:40:18.343781+00:00;true
LOC-0080;LOC-0063;PUBLIC_TRANSIT;2026-08-17T07:00:00+03:00;OK;1895;32;5628;LOCAL_TRANSIT_OPTIMISTIC_SCREENING;157430e8bf1bc1c6d96ef3288df08c2f6cd8263a99313153c5bb03fa94ff72b6;f46a49bab5f2dbbb927ea0e678ff7eb4d3b08b85cf2bc6dd11af518862879780;2026-09-16T18:40:18.343781+00:00;true
LOC-0080;LOC-0064;PUBLIC_TRANSIT;2026-08-17T07:00:00+03:00;OK;1865;32;5133;LOCAL_TRANSIT_OPTIMISTIC_SCREENING;e524a6c060fb07c9dc30cf34418a5f985e56582a3d5cd095ea557c8b27d49ca1;25c1f6a1f8aee782930efd6169758acc35f006c998cf19c8bee15d9ac4211fd7;2026-09-16T18:40:18.343781+00:00;true
LOC-0080;LOC-0074;PUBLIC_TRANSIT;2026-08-17T07:00:00+03:00;OK;492;9;467;LOCAL_TRANSIT_OPTIMISTIC_SCREENING;ec96f25b79d3e817cfbe84d729f82813e2a4b16ee74d782a8dd2dca0cf41f6a2;4efa30066309931f8bbe247f60051b78379ddbb551adf80682eb2c21d724c4e8;2026-09-16T18:40:18.343781+00:00;true
LOC-0080;LOC-0075;PUBLIC_TRANSIT;2026-08-17T07:00:00+03:00;OK;431;8;610;LOCAL_TRANSIT_OPTIMISTIC_SCREENING;306967eafceaac356f61517c01c798c30e62eded0fc08ae266b7722603f09ebc;05710450254d400b171af95d83603076e156cc50daf45219137bd438c69b8443;2026-09-16T18:40:18.343781+00:00;true
LOC-0080;LOC-0076;PUBLIC_TRANSIT;2026-08-17T07:00:00+03:00;OK;2141;36;6067;LOCAL_TRANSIT_OPTIMISTIC_SCREENING;0440e9a54afbd53896169748ba60614b709cb7014f8760997eabb6c2c85ba8a5;d333a3cb8933fe57730a9fda49629c8019a070314cfead9ee2bbc71b79d86113;2026-09-16T18:40:18.343781+00:00;true
LOC-0080;LOC-0078;PUBLIC_TRANSIT;2026-08-17T07:00:00+03:00;OK;1585;27;3995;LOCAL_TRANSIT_OPTIMISTIC_SCREENING;e94864ef76143068322b2ad912c48f2959f47960597039a5afdffd8fdda78c44;8e615882c24b7d942bdf055d33c905aa1dc980d7029adc15017ccb69d47613fd;2026-09-16T18:40:18.343781+00:00;true
LOC-0080;LOC-0080;PUBLIC_TRANSIT;2026-08-17T07:00:00+03:00;OK;0;0;0;LOCAL_TRANSIT_OPTIMISTIC_SCREENING;17d12cb7fd88feb35fde57c087522bc2b2e0c8dca5165233581eab62fd95b457;3d5812abc84c11768aa73a732c85d75dbed439188f5bb3239e9b762ea31d9862;2026-09-16T18:40:18.343781+00:00;true
LOC-0080;LOC-0082;PUBLIC_TRANSIT;2026-08-17T07:00:00+03:00;OK;1804;31;5161;LOCAL_TRANSIT_OPTIMISTIC_SCREENING;4b8ce8b226b49640e43e39ec3059245adb413ccd683bebd7d791756ded9a24b6;6f8ef47e9f8e84726f255dfbddc86a66c680aa9b8a137dd56675140df8405db6;2026-09-16T18:40:18.343781+00:00;true
LOC-0080;LOC-0085;PUBLIC_TRANSIT;2026-08-17T07:00:00+03:00;OK;2595;44;6779;LOCAL_TRANSIT_OPTIMISTIC_SCREENING;2d083d7c335cdb574938a547a6237d5baa822a3f45ee68753ac3ae793ba511e2;9fcbc628c7bfad4095ccb8905d1f05befc4f9062d18b254c3c742eb920c6e601;2026-09-16T18:40:18.343781+00:00;true
LOC-0080;LOC-0086;PUBLIC_TRANSIT;2026-08-17T07:00:00+03:00;OK;2377;40;6642;LOCAL_TRANSIT_OPTIMISTIC_SCREENING;71dd133d783428672e2b2c5a5f6e7bf97528a024e8ec19cbec1ba15de65b8754;7c2631692b43941da3a78449a47351fd678a0b69884aa92a2a39192ee565a258;2026-09-16T18:40:18.343781+00:00;true
LOC-0080;LOC-0091;PUBLIC_TRANSIT;2026-08-17T07:00:00+03:00;OK;1213;21;3916;LOCAL_TRANSIT_OPTIMISTIC_SCREENING;ee467a99c9c55f3ad70cca15d38aad65b37b4bfe38e2bfaf8645182cb1f3ca02;046213ca74806b30eb73df5df8aff5bc390f187e2ce321aeff839dfa03782642;2026-09-16T18:40:18.343781+00:00;true
LOC-0080;LOC-0092;PUBLIC_TRANSIT;2026-08-17T07:00:00+03:00;OK;1127;19;3361;LOCAL_TRANSIT_OPTIMISTIC_SCREENING;7a1f311a5c6888b8005be1188f93ceffa4827eac1c0f8e4adfc1bf1c45026e71;33ca3775a727e1612e151917390dcecc6f4b97beb828f0fa19f6166e47232af3;2026-09-16T18:40:18.343781+00:00;true
LOC-0080;LOC-0093;PUBLIC_TRANSIT;2026-08-17T07:00:00+03:00;OK;1089;19;3178;LOCAL_TRANSIT_OPTIMISTIC_SCREENING;1bea1542db01a32838982150210a2ca5be702a4ea8279d9eeb565e8d2277e145;87f3304a73fe20d73b3e198cbb6e59f94ce4ce4df278fda07eb95b98290369cf;2026-09-16T18:40:18.343781+00:00;true
LOC-0080;LOC-0094;PUBLIC_TRANSIT;2026-08-17T07:00:00+03:00;OK;2763;47;7164;LOCAL_TRANSIT_OPTIMISTIC_SCREENING;9f7173cc733634db487a566fcd3bac388379ea38de9561ba048b9929b8b8b71b;b7422086bda50515541fe0fbeb6147a487c288f748830b620461eacebecabcd1;2026-09-16T18:40:18.343781+00:00;true
LOC-0080;LOC-0095;PUBLIC_TRANSIT;2026-08-17T07:00:00+03:00;OK;2397;40;7775;LOCAL_TRANSIT_OPTIMISTIC_SCREENING;15aa5a23ff5158d5296d129805711fb891fe3b4cbaba0b29cc816381860008a6;71904533240972426cc742d2928b977944ca3b8592ce39caa0cf7b29ba39b532;2026-09-16T18:40:18.343781+00:00;true
LOC-0080;LOC-0102;PUBLIC_TRANSIT;2026-08-17T07:00:00+03:00;OK;1634;28;5298;LOCAL_TRANSIT_OPTIMISTIC_SCREENING;ac31bf4281b01949f82d1dcaa0711502af610bcb8670e79b670dea92be7eeafa;d91bbe83ef0a54ceefc71ef9705418e8bd9cc2d2ef0c1e91078fb9d767549a89;2026-09-16T18:40:18.343781+00:00;true
LOC-0080;LOC-0112;PUBLIC_TRANSIT;2026-08-17T07:00:00+03:00;OK;933;16;1815;LOCAL_TRANSIT_OPTIMISTIC_SCREENING;7a1720617bf8fec888aba554034301af3065482dad81004f82ca8293153ce13d;408d2a00e0d513fdb7de4f1a99b7a72d33a6eb0942501db79e18056ff17f54e5;2026-09-16T18:40:18.343781+00:00;true
LOC-0080;LOC-0124;PUBLIC_TRANSIT;2026-08-17T07:00:00+03:00;OK;1699;29;6159;LOCAL_TRANSIT_OPTIMISTIC_SCREENING;80cc3bab0c9b0461b8b78c178e2c58549cea979effce7b0f11d554e3a4eeaa75;bd025553112d28c9e6cfe73e9a7775a06bb471964652a359861526d37352a23f;2026-09-16T18:40:18.343781+00:00;true
LOC-0080;LOC-0125;PUBLIC_TRANSIT;2026-08-17T07:00:00+03:00;OK;505;9;727;LOCAL_TRANSIT_OPTIMISTIC_SCREENING;80091ff25ba4888db34f944d0a9ec0269156db7dc28b07aa0028ab478ca5b82b;36549df16b6698d064197c507776e565e8f0b5e66b3922e88c8e01fb93aab762;2026-09-16T18:40:18.343781+00:00;true
LOC-0080;LOC-0126;PUBLIC_TRANSIT;2026-08-17T07:00:00+03:00;OK;643;11;1828;LOCAL_TRANSIT_OPTIMISTIC_SCREENING;a026d830e86a2c1e445f6ada770bf3fac7c36523aa1e074d37622c76d84e58ff;f5c427dc7f9bf7b8eae4bdaec85c4b24e5229ba08286668801a0d85617815179;2026-09-16T18:40:18.343781+00:00;true
LOC-0080;LOC-0128;PUBLIC_TRANSIT;2026-08-17T07:00:00+03:00;OK;2185;37;4793;LOCAL_TRANSIT_OPTIMISTIC_SCREENING;3ffd121f226a05766e131000fcbd285c717b8749149de3725af3ad43e491e0b2;8d3516460b6733129fdbd15314b2835823e3ad772f1e0043c8134e1fe7a1a47f;2026-09-16T18:40:18.343781+00:00;true
LOC-0080;LOC-0134;PUBLIC_TRANSIT;2026-08-17T07:00:00+03:00;OK;2325;39;6175;LOCAL_TRANSIT_OPTIMISTIC_SCREENING;34fa3e819beedfb58c8ac0964d6b247aa6f087444657d05c90fd3e9197bccca0;2c54c6b1bdcf816173f7246e990b244b57472688f91622bcdd0ba768f31597f2;2026-09-16T18:40:18.343781+00:00;true
LOC-0080;LOC-0135;PUBLIC_TRANSIT;2026-08-17T07:00:00+03:00;OK;2400;40;6240;LOCAL_TRANSIT_OPTIMISTIC_SCREENING;c1329ad9a3fc554cd028c33bd70279c194afc190873ba4e112cf4a776c63a8c7;286b8f1b1e8ae8b3fb09a30184ce4f5a29a2f7a07db9689a6850e47a5ec7ab5a;2026-09-16T18:40:18.343781+00:00;true
LOC-0080;LOC-0136;PUBLIC_TRANSIT;2026-08-17T07:00:00+03:00;OK;2344;40;6687;LOCAL_TRANSIT_OPTIMISTIC_SCREENING;489d17a5710d4c5ba702add6a5115cd6bc6c63dcd434484e5910b7ebfbf165cb;4e5784b95c951c84b6c33a6e82c5565067b053ff31f4e825ab4e9a7c9acb972d;2026-09-16T18:40:18.343781+00:00;true
LOC-0080;LOC-0140;PUBLIC_TRANSIT;2026-08-17T07:00:00+03:00;OK;1633;28;5323;LOCAL_TRANSIT_OPTIMISTIC_SCREENING;fca419900dc58b872b3a9577d0f9e7901a617eacdf2617582ade791737ea855a;644a26213cade29e407497bbb82119dd6ce264512e028c5f44ebfa9322a2a67a;2026-09-16T18:40:18.343781+00:00;true
LOC-0080;LOC-0141;PUBLIC_TRANSIT;2026-08-17T07:00:00+03:00;OK;1650;28;4461;LOCAL_TRANSIT_OPTIMISTIC_SCREENING;a68f670a87e451c15ff9dd4b281d5e555fca66a7c145e70fac184ae29a7bada3;5f59c97bca4d8043cfd8927863ee588ce7b5206f6e32edb8a9d0e8561badcc34;2026-09-16T18:40:18.343781+00:00;true
LOC-0080;LOC-0142;PUBLIC_TRANSIT;2026-08-17T07:00:00+03:00;OK;1551;26;4410;LOCAL_TRANSIT_OPTIMISTIC_SCREENING;f3fc8f3ebd84124d2e5269941382a32ea1a8efdd9498f90ffc83eedcbed1a194;06599c76f16fc4bbee0ff1564fbb694cad7b18caa8fd2df29be5edfba4898134;2026-09-16T18:40:18.343781+00:00;true
LOC-0080;LOC-0145;PUBLIC_TRANSIT;2026-08-17T07:00:00+03:00;OK;1179;20;3843;LOCAL_TRANSIT_OPTIMISTIC_SCREENING;c563031b07ab20d030a768aae744b57ebf6b941a85790e9ebb8a64efde285baa;1282c8b6079a7596fb2b8cb061f77c172a23bea99e607c7f937926f4656543dc;2026-09-16T18:40:18.343781+00:00;true
LOC-0080;LOC-0148;PUBLIC_TRANSIT;2026-08-17T07:00:00+03:00;OK;553;10;710;LOCAL_TRANSIT_OPTIMISTIC_SCREENING;d2187f5ee218626dcafa37fe3a8b76237014713c02be2cd1bae56903a320ba7c;7fb03c4dbbadde3b148c4f1716e28f2ff9780f88eaa94e3696bb83cb7b3fbb6e;2026-09-16T18:40:18.343781+00:00;true
LOC-0080;LOC-0149;PUBLIC_TRANSIT;2026-08-17T07:00:00+03:00;OK;531;9;744;LOCAL_TRANSIT_OPTIMISTIC_SCREENING;b40e380bc6535996d98c883a08d53bf6df4971ea7ee2bb14ff21e08168240fc2;8eac63b91be8bf63915c469f2298df71c0c5a1ea7ad8087fd8037d3ba21d44d6;2026-09-16T18:40:18.343781+00:00;true
LOC-0080;LOC-0150;PUBLIC_TRANSIT;2026-08-17T07:00:00+03:00;OK;652;11;820;LOCAL_TRANSIT_OPTIMISTIC_SCREENING;ef6216409acebb74c094a9be99e7fd0659d0fd6faf7eb30efca708fbbc6adf78;f9babe30c75349b4a4714999522f40190a168a4dba0493c55ff4a6b57a4c1f2c;2026-09-16T18:40:18.343781+00:00;true
LOC-0080;LOC-0151;PUBLIC_TRANSIT;2026-08-17T07:00:00+03:00;OK;553;10;931;LOCAL_TRANSIT_OPTIMISTIC_SCREENING;6018fb767902023aa3c4807c684d455f79609beadd81b2237c9b85ae88575f05;7103d8f084cf9505ba72d0dcb535f4f1874085c830867e092092f293d2750a64;2026-09-16T18:40:18.343781+00:00;true
LOC-0080;LOC-0152;PUBLIC_TRANSIT;2026-08-17T07:00:00+03:00;OK;576;10;980;LOCAL_TRANSIT_OPTIMISTIC_SCREENING;62acfa3835a3eecbd7da06aa5097562538e60e056009df57b44472f554bbf68a;bc6a909d623c30fb8274bc77d98333e0570ce0ea5a8b4e7ea08944963bb424bf;2026-09-16T18:40:18.343781+00:00;true
LOC-0080;LOC-0190;PUBLIC_TRANSIT;2026-08-17T07:00:00+03:00;OK;1382;24;3208;LOCAL_TRANSIT_OPTIMISTIC_SCREENING;ec18a67fc4e18853d9b7ad4e0f7b0c47c6172b6e87af8332340797391e6ffa08;8a063bd142716745cfc154532e628422ac0fdba96f1b558940eb1da0b138d6b2;2026-09-16T18:40:18.343781+00:00;true
LOC-0080;LOC-0196;PUBLIC_TRANSIT;2026-08-17T07:00:00+03:00;OK;792;14;2529;LOCAL_TRANSIT_OPTIMISTIC_SCREENING;c08ecb627ebc9b3237db76374ec3f65f2558ba22cb1a47bbb6bc20ba0c11e2be;53a3fbe0d4ffc77dfcd863134781cc6e667b275b4666de113001ef867946649b;2026-09-16T18:40:18.343781+00:00;true
LOC-0082;LOC-0002;PUBLIC_TRANSIT;2026-08-17T07:00:00+03:00;OK;1762;30;4694;LOCAL_TRANSIT_OPTIMISTIC_SCREENING;c04ff2b235fbd873ee5fc6a3cb5d01cd5f2c3aa513fe633134770f793f819f83;7fdcfc4cc05b8be9dab680741c60b6a70c9b83384f95232a4262bd3e2f7130e9;2026-09-16T18:40:18.343781+00:00;true
LOC-0082;LOC-0008;PUBLIC_TRANSIT;2026-08-17T07:00:00+03:00;OK;1928;33;8138;LOCAL_TRANSIT_OPTIMISTIC_SCREENING;c25f600b6e04360fe99579e8514006fc624e0122ba84bfd037bcb45bd6668dd5;8b006ea604ad12d5ba1bade58f5bad477eef0cb086eae999e62d21c8922c7471;2026-09-16T18:40:18.343781+00:00;true
LOC-0082;LOC-0009;PUBLIC_TRANSIT;2026-08-17T07:00:00+03:00;OK;1972;33;4206;LOCAL_TRANSIT_OPTIMISTIC_SCREENING;ea0967d6ffff5c2b9cf98653a1447f1c61e1ba55ce0b42112a5e94ee26aae4eb;128f3d79fba626f847dbcbe7468aa0e8d682b39fbffb010e594be7035491ffd2;2026-09-16T18:40:18.343781+00:00;true
LOC-0082;LOC-0010;PUBLIC_TRANSIT;2026-08-17T07:00:00+03:00;OK;1869;32;8688;LOCAL_TRANSIT_OPTIMISTIC_SCREENING;9f9327c60519c67acca7867ec820a0216974a11d3a46f7f11151ce3c56053100;7d142ef7b849215e91fd07e0fcb278ac169a3aa4730500c687d6d10277c287a0;2026-09-16T18:40:18.343781+00:00;true
LOC-0082;LOC-0011;PUBLIC_TRANSIT;2026-08-17T07:00:00+03:00;OK;2069;35;7649;LOCAL_TRANSIT_OPTIMISTIC_SCREENING;0720987dd999b763f55b6e342cde9296a1f487d7448cab872cbc4f64632ed83f;e1926f53f48b09025557171f6c016c996e11941588fb8d886fb3558ffacae3ce;2026-09-16T18:40:18.343781+00:00;true
LOC-0082;LOC-0012;PUBLIC_TRANSIT;2026-08-17T07:00:00+03:00;OK;1909;32;7572;LOCAL_TRANSIT_OPTIMISTIC_SCREENING;75a5fcdb33832727a2c9337d5aa05f23766cb60e8086c03e494beeec006f0843;65124e109195c4fa613dd07dfd0915eb9b76e51aa1e9bc8bf9f76cd81875ac02;2026-09-16T18:40:18.343781+00:00;true
LOC-0082;LOC-0013;PUBLIC_TRANSIT;2026-08-17T07:00:00+03:00;OK;2127;36;4731;LOCAL_TRANSIT_OPTIMISTIC_SCREENING;ff796a9a0b7e060ab5183f345d11b69091ab0c04065e7deae1fb9a722afc444e;36bbf3b6cf58396b6c11fc5ce58e7853f1985663825c6f85e69337c7e17ab177;2026-09-16T18:40:18.343781+00:00;true
LOC-0082;LOC-0016;PUBLIC_TRANSIT;2026-08-17T07:00:00+03:00;OK;1268;22;1626;LOCAL_TRANSIT_OPTIMISTIC_SCREENING;55238d54b7a4400004e5ffff1fb2783dfc5a6b9cd7186d40f883bb81c50161f0;232fed1b0fb643bf9381bcddb2cd6710be396882d4d42c42f11b7c0d084c6205;2026-09-16T18:40:18.343781+00:00;true
LOC-0082;LOC-0017;PUBLIC_TRANSIT;2026-08-17T07:00:00+03:00;OK;1710;29;4505;LOCAL_TRANSIT_OPTIMISTIC_SCREENING;dcd3ffa135e45878d7ae1fbdb4aef910365794ca9c8a000c57488d9c908afae4;6c389a38bc60d28ce19d32807e294624597586f0b2bd7341ede99689ae6e9fc0;2026-09-16T18:40:18.343781+00:00;true
LOC-0082;LOC-0018;PUBLIC_TRANSIT;2026-08-17T07:00:00+03:00;OK;1726;29;5231;LOCAL_TRANSIT_OPTIMISTIC_SCREENING;9bbe849e003d93a94d833f32fb1a1b0fa2e718e24ae579c3b91f4ad578f6e316;88e18213784bf7caa9707bcbf6320500696d9291ae2c57a367db1579982442c8;2026-09-16T18:40:18.343781+00:00;true
LOC-0082;LOC-0019;PUBLIC_TRANSIT;2026-08-17T07:00:00+03:00;OK;2085;35;8987;LOCAL_TRANSIT_OPTIMISTIC_SCREENING;ebf8c6a82e7879c2803e8ccae7117ba3c092453fb6e2e61c13cce85ec1170116;b8fd3907b4dc89128508c845bbb1df1703f7f7481777be8a071be0d2364a97b1;2026-09-16T18:40:18.343781+00:00;true
LOC-0082;LOC-0020;PUBLIC_TRANSIT;2026-08-17T07:00:00+03:00;OK;2518;42;8866;LOCAL_TRANSIT_OPTIMISTIC_SCREENING;d92bcafbdc78c8b901c7d57514892a695d9874ebb9d85e43ca9f8e258a35fc7c;07d875007a434db0a9109ba18ded66921d647c59fbdb9627eaffb208531cb23f;2026-09-16T18:40:18.343781+00:00;true
LOC-0082;LOC-0023;PUBLIC_TRANSIT;2026-08-17T07:00:00+03:00;OK;1964;33;6542;LOCAL_TRANSIT_OPTIMISTIC_SCREENING;01f8e1b8ef73efddaf14bf475abaf4a046a89bc88baa7a8af371cc2810dc5a94;d9e1a8567bccdbf22b344cb8ac523c655355dd95b394b33037644de2c40f69e5;2026-09-16T18:40:18.343781+00:00;true
LOC-0082;LOC-0027;PUBLIC_TRANSIT;2026-08-17T07:00:00+03:00;OK;1379;23;3680;LOCAL_TRANSIT_OPTIMISTIC_SCREENING;b5c24e670abf44da0ed645eddd9f1624d8b5a292421f15933a2eb35dd5689432;0262fad9bb3f8453201c6d68e507c1117285623bff9d5c19235dc2edc98e49ab;2026-09-16T18:40:18.343781+00:00;true
LOC-0082;LOC-0028;PUBLIC_TRANSIT;2026-08-17T07:00:00+03:00;OK;846;15;1053;LOCAL_TRANSIT_OPTIMISTIC_SCREENING;513a0112d5a51064278c26e91b12b74434e13e8459158b47feddc151f118759b;49a8d1fde380020ca66244248e7ec216785ebd96f1003eb446c7dd26b49b432c;2026-09-16T18:40:18.343781+00:00;true
LOC-0082;LOC-0029;PUBLIC_TRANSIT;2026-08-17T07:00:00+03:00;OK;790;14;1023;LOCAL_TRANSIT_OPTIMISTIC_SCREENING;e12c10680537554aa8962ee6b2622737f302c1642e3e02f9c6ff8edee9c87d17;e7bd283aaba9370b45ed0293aa651e3776f90bd3b767e59309355d945c6caf0e;2026-09-16T18:40:18.343781+00:00;true
LOC-0082;LOC-0037;PUBLIC_TRANSIT;2026-08-17T07:00:00+03:00;OK;1595;27;5812;LOCAL_TRANSIT_OPTIMISTIC_SCREENING;c25e98f4dbf591a7fbb84a6ec5ca24e27dfecbe3092cfabe000ccd9be065db5a;3452941225a9a783882fa0be16dea78b357e4f9b13f7138eb8a608ae62240959;2026-09-16T18:40:18.343781+00:00;true
LOC-0082;LOC-0045;PUBLIC_TRANSIT;2026-08-17T07:00:00+03:00;OK;854;15;1932;LOCAL_TRANSIT_OPTIMISTIC_SCREENING;7e52a60e0f6f611a0c3071fc96b7e399ea0188851271848e71be4a421f332192;4ee14e542885cbaef5fa847f28afe711b6490b93f8d570a7bcc63537ce48b24f;2026-09-16T18:40:18.343781+00:00;true
LOC-0082;LOC-0053;PUBLIC_TRANSIT;2026-08-17T07:00:00+03:00;OK;1026;18;1950;LOCAL_TRANSIT_OPTIMISTIC_SCREENING;3a3f7ba9c9778bd67f30e53c7aeab26c224ca31498c09fe9dfdd42f43ba24968;05fb02d9b56d8355525d45bcfb0f92d25b65a3af5d3aacfe2ceb53eab2e20b0a;2026-09-16T18:40:18.343781+00:00;true
LOC-0082;LOC-0054;PUBLIC_TRANSIT;2026-08-17T07:00:00+03:00;OK;1748;30;5584;LOCAL_TRANSIT_OPTIMISTIC_SCREENING;4c4fd3e79998d1bd4fb6322fb6e3326d524b3dfa74aa4ee8bf29a42ff5b7d2f8;01e063b974923597ab4289dbe41556279779c6c984d8a464d08efe632a5ee2b2;2026-09-16T18:40:18.343781+00:00;true
LOC-0082;LOC-0061;PUBLIC_TRANSIT;2026-08-17T07:00:00+03:00;OK;1986;34;7375;LOCAL_TRANSIT_OPTIMISTIC_SCREENING;e9c3e262e270384cadb8720de8e2f28de5fa28f554dfc315737e5af8fb67bdbe;015d67541630ef12fdb66a3a7066a3f0aef70d826243f638e08604cb55ccd099;2026-09-16T18:40:18.343781+00:00;true
LOC-0082;LOC-0063;PUBLIC_TRANSIT;2026-08-17T07:00:00+03:00;OK;383;7;729;LOCAL_TRANSIT_OPTIMISTIC_SCREENING;72f551d61a293df6fccdac8f2cc0416b5897fe2cca9d5385da8523a9163371fa;463bb3a733ff4d334d109818bddb8c15b873be67139651e9fb55efd6b70dad02;2026-09-16T18:40:18.343781+00:00;true
LOC-0082;LOC-0064;PUBLIC_TRANSIT;2026-08-17T07:00:00+03:00;OK;558;10;675;LOCAL_TRANSIT_OPTIMISTIC_SCREENING;c03e682fb94a7b971b4313ca680d643b596b72ec77b5c3aaae3aed3efdea1f2c;4519118d19176872a09dff593dd15fb72d48a367f2c293be91d4dcec9ff53024;2026-09-16T18:40:18.343781+00:00;true
LOC-0082;LOC-0074;PUBLIC_TRANSIT;2026-08-17T07:00:00+03:00;OK;1660;28;4888;LOCAL_TRANSIT_OPTIMISTIC_SCREENING;f865cb3cde9124414e8459dc886b7f237dca6028b671ebeac91da1443d95dfda;d81533be5097ed7eca26729d48ee41f4492f9f8d17a548a6ecf4d8770dc9a10f;2026-09-16T18:40:18.343781+00:00;true
LOC-0082;LOC-0075;PUBLIC_TRANSIT;2026-08-17T07:00:00+03:00;OK;1700;29;4662;LOCAL_TRANSIT_OPTIMISTIC_SCREENING;105b155d0dd89c3ebf4a99b116c41a0ce86fda5ed8d1376b474064d74dc91998;5348a7a5e2a564309b405bd5ebcaf0fb972174d2dfab7541cd0528e27ab09bcc;2026-09-16T18:40:18.343781+00:00;true
LOC-0082;LOC-0076;PUBLIC_TRANSIT;2026-08-17T07:00:00+03:00;OK;1564;27;1491;LOCAL_TRANSIT_OPTIMISTIC_SCREENING;de881d7bd462816dc6470cd5576ee65f8a9f96f1b8ef299ece54ac7d2e71794f;ec9aeb053e58fd8f4966ac5fd0e0148283da6b10cb0a2f616dab02a767d3e594;2026-09-16T18:40:18.343781+00:00;true
LOC-0082;LOC-0078;PUBLIC_TRANSIT;2026-08-17T07:00:00+03:00;OK;839;14;1310;LOCAL_TRANSIT_OPTIMISTIC_SCREENING;32116ae39453214858b3062e0271847b868e0d5980fc7da99e3a4f8ec864eb6d;696a59f6959ceebeef078d8be526c81f62d6dd11ac001639839ec2b665b2a07b;2026-09-16T18:40:18.343781+00:00;true
LOC-0082;LOC-0080;PUBLIC_TRANSIT;2026-08-17T07:00:00+03:00;OK;1915;32;5161;LOCAL_TRANSIT_OPTIMISTIC_SCREENING;13be84051301f022f50ffeb955e0414a64b6ec4783efc7d72651504444150cc9;143c93974f23d20d5bc53b0cf1f6db047c5ef192b05d89b5ca3448826da02dde;2026-09-16T18:40:18.343781+00:00;true
LOC-0082;LOC-0082;PUBLIC_TRANSIT;2026-08-17T07:00:00+03:00;OK;0;0;0;LOCAL_TRANSIT_OPTIMISTIC_SCREENING;c76de94436878a1350fb477b3ea0567a66955c0c4661405e95ce38fbc2fb4d0d;3d5812abc84c11768aa73a732c85d75dbed439188f5bb3239e9b762ea31d9862;2026-09-16T18:40:18.343781+00:00;true
LOC-0082;LOC-0085;PUBLIC_TRANSIT;2026-08-17T07:00:00+03:00;OK;2157;36;5544;LOCAL_TRANSIT_OPTIMISTIC_SCREENING;7bf6158e3346b3cd5c4b3dd3b245e21f15df23997b1691518fbd00e87d546fab;f9ed3f988e0f37daebd12f183989b0f0f4761f1eaa28e32af415c4df752eb537;2026-09-16T18:40:18.343781+00:00;true
LOC-0082;LOC-0086;PUBLIC_TRANSIT;2026-08-17T07:00:00+03:00;OK;2221;38;5632;LOCAL_TRANSIT_OPTIMISTIC_SCREENING;1d67ea23bd2a5c755d65e7c41596de601db61cea4d8a305f4fd031deaca0a5d5;423ad0ec899cbcf40bc8a7b0108d14ce8778e06f8dcea78c70008d6f249d489b;2026-09-16T18:40:18.343781+00:00;true
LOC-0082;LOC-0091;PUBLIC_TRANSIT;2026-08-17T07:00:00+03:00;OK;1968;33;8197;LOCAL_TRANSIT_OPTIMISTIC_SCREENING;e0b03853a4c3e88314d0ac2eaf375f8ba0347ec9532684e6867662ceb95a1058;3050a4c1618cde3dc5f19d9502fd871fb1bcaba2b0c96f612302af0635286260;2026-09-16T18:40:18.343781+00:00;true
LOC-0082;LOC-0092;PUBLIC_TRANSIT;2026-08-17T07:00:00+03:00;OK;2099;35;7934;LOCAL_TRANSIT_OPTIMISTIC_SCREENING;9547240987590bf7723eb81142bf92ee12733e131e97a2dde4a1c14c2cdcf553;56762da04c3c4d12517b6e5b413e080ed4747326e37f0554a6470278247063ea;2026-09-16T18:40:18.343781+00:00;true
LOC-0082;LOC-0093;PUBLIC_TRANSIT;2026-08-17T07:00:00+03:00;OK;2075;35;7729;LOCAL_TRANSIT_OPTIMISTIC_SCREENING;91196f45f5e695a456a167a479eb5f926c97769c55dd3aad7d779b12f2872e89;65831276804321b8d68508fdb40a9ab6a682e1c0c5bd7400fbbaa84088af0142;2026-09-16T18:40:18.343781+00:00;true
LOC-0082;LOC-0094;PUBLIC_TRANSIT;2026-08-17T07:00:00+03:00;OK;2465;42;5885;LOCAL_TRANSIT_OPTIMISTIC_SCREENING;c7bc309d3f958b502bd0664fd8eba70427bd6ae6f357dba4aa61a7ce22c70f3b;563361f948500dde06cc5aa5921ec5414089a8e599c2e5f57adf0a92dcb418db;2026-09-16T18:40:18.343781+00:00;true
LOC-0082;LOC-0095;PUBLIC_TRANSIT;2026-08-17T07:00:00+03:00;OK;2358;40;5949;LOCAL_TRANSIT_OPTIMISTIC_SCREENING;8d421aaa3c111b45f2e777bee435d013b3abd135e40069abd7d53474ba7a1d57;09b0c714d5e6985de51170b1156012c1928f7765e17c7e009bbaf4a1858f33a8;2026-09-16T18:40:18.343781+00:00;true
LOC-0082;LOC-0102;PUBLIC_TRANSIT;2026-08-17T07:00:00+03:00;OK;948;16;1257;LOCAL_TRANSIT_OPTIMISTIC_SCREENING;a2593cd23de56ce152c2205f193940ffdb0431dd3d5b4e10390947b69980842d;550bd07d1564de49535a609a27365bdcb4f6d119e5c8a5a6919954804d950fb5;2026-09-16T18:40:18.343781+00:00;true
LOC-0082;LOC-0112;PUBLIC_TRANSIT;2026-08-17T07:00:00+03:00;OK;2212;37;6277;LOCAL_TRANSIT_OPTIMISTIC_SCREENING;f116185ddc61b8e48436de384a8898e3af9b8c7ff7b663d9b04ec7c1ca5edec1;b2fda91eef260ad4aba5b332ea6448543c81be91878ead087394b20fda3bdb49;2026-09-16T18:40:18.343781+00:00;true
LOC-0082;LOC-0124;PUBLIC_TRANSIT;2026-08-17T07:00:00+03:00;OK;1932;33;4493;LOCAL_TRANSIT_OPTIMISTIC_SCREENING;17d42185c13ae2736226d1ad3327879dc7c495410fe6c6e13f3b7f3e27c705ad;64f2a6d274676233264c157c39a8ae37574aea7b8050f5e4eea6b04f0e4ef701;2026-09-16T18:40:18.343781+00:00;true
LOC-0082;LOC-0125;PUBLIC_TRANSIT;2026-08-17T07:00:00+03:00;OK;1648;28;5636;LOCAL_TRANSIT_OPTIMISTIC_SCREENING;a818c3fc56c41bb33326484d7337a2de31b1944fbf392c0e3844a21fef471129;d06f613d23bd2cd1bb62e530e6cc7e47f6d6d2267bd5fff90b9f4852a7754e8e;2026-09-16T18:40:18.343781+00:00;true
LOC-0082;LOC-0126;PUBLIC_TRANSIT;2026-08-17T07:00:00+03:00;OK;1627;28;5312;LOCAL_TRANSIT_OPTIMISTIC_SCREENING;5bf976115880fb99aec814aece1ef9b00d793c325b1b5d5919a8e8e8f3c4e708;dc419c74f9382801a0b7595c60162e80cd39ed073a2e6a2089cabc5cfc1ab17c;2026-09-16T18:40:18.343781+00:00;true
LOC-0082;LOC-0128;PUBLIC_TRANSIT;2026-08-17T07:00:00+03:00;OK;1595;27;5500;LOCAL_TRANSIT_OPTIMISTIC_SCREENING;0634ccce8a5803e6eb7b7653ec4a7ea2f3fcc7e8ccff00016507240c9f73194d;58212c2c12b268b74059fb76e25b1745bedf7819f66b401c25d6b063c8469816;2026-09-16T18:40:18.343781+00:00;true
LOC-0082;LOC-0134;PUBLIC_TRANSIT;2026-08-17T07:00:00+03:00;OK;1804;31;4816;LOCAL_TRANSIT_OPTIMISTIC_SCREENING;9cbf9e91ace075d028be05667f6139d11356517aba913b64fe78b76e1c71a18f;3178d10707eec3c0720751a3e2735dbcd4454328c13025b1eba6a18666da21f9;2026-09-16T18:40:18.343781+00:00;true
LOC-0082;LOC-0135;PUBLIC_TRANSIT;2026-08-17T07:00:00+03:00;OK;1879;32;4734;LOCAL_TRANSIT_OPTIMISTIC_SCREENING;d94612e07cbd6bf729c3183ad5815cfd0489a215fb6b7cf0afaa579f26b2d77b;1a4af2a4845b3c3cd31664dc83c4d91f6f044ff638d42a9aaaee5ec00c2de397;2026-09-16T18:40:18.343781+00:00;true
LOC-0082;LOC-0136;PUBLIC_TRANSIT;2026-08-17T07:00:00+03:00;OK;1823;31;5059;LOCAL_TRANSIT_OPTIMISTIC_SCREENING;b670627ad07cdbff69db941ba944abc526540cfa550d5eba0a8328eaca1b3e45;55cc17d54125b904bcc51d72a4440ef68a08c959a5471ae923686f2f0a86290d;2026-09-16T18:40:18.343781+00:00;true
LOC-0082;LOC-0140;PUBLIC_TRANSIT;2026-08-17T07:00:00+03:00;OK;1532;26;2569;LOCAL_TRANSIT_OPTIMISTIC_SCREENING;62e97aa44b7ed7c8eb9d04c305c83d678d15a27186f88e4523d42b2beb06bf46;c598457d4706dead7315adafe2a0c5fee219486fb30e97858654e2ab56c0f5e0;2026-09-16T18:40:18.343781+00:00;true
LOC-0082;LOC-0141;PUBLIC_TRANSIT;2026-08-17T07:00:00+03:00;OK;1879;32;4551;LOCAL_TRANSIT_OPTIMISTIC_SCREENING;1783b9ed91880e98bb5375f22bf353281c8edfebe70e660e73a770e71fd9fd93;4984f062e3b937447e5a6ffe883bfae14ad10d7c45e656429b12d1fc3b771f7c;2026-09-16T18:40:18.343781+00:00;true
LOC-0082;LOC-0142;PUBLIC_TRANSIT;2026-08-17T07:00:00+03:00;OK;1780;30;4649;LOCAL_TRANSIT_OPTIMISTIC_SCREENING;6d38c2f3b7d9f51e516c3d76aef2f25a9b2e16225918f5230c37727c86a7093f;b35dee51272030f102e74f36b2ea00931d3a0f09e9ca2016439acaa34cd50cd6;2026-09-16T18:40:18.343781+00:00;true
LOC-0082;LOC-0145;PUBLIC_TRANSIT;2026-08-17T07:00:00+03:00;OK;2270;38;8689;LOCAL_TRANSIT_OPTIMISTIC_SCREENING;212799d2c80731d930c4a69071d519f1595f38a265a24338266dd735410abd25;09ed714f443a3e7db589dd067e06acdd3ab813b8bc5c99ed6f669d01a2b0c023;2026-09-16T18:40:18.343781+00:00;true
LOC-0082;LOC-0148;PUBLIC_TRANSIT;2026-08-17T07:00:00+03:00;OK;1737;29;4471;LOCAL_TRANSIT_OPTIMISTIC_SCREENING;90dc7dacd3f3ec9e97eb0f9d42525303ea6550a60764c1965ea527f465e6cd0c;2106c81556732165839ce2e86527ffe636fe6b2e2b2853b17116d1f5dfba1d5d;2026-09-16T18:40:18.343781+00:00;true
LOC-0082;LOC-0149;PUBLIC_TRANSIT;2026-08-17T07:00:00+03:00;OK;1652;28;4427;LOCAL_TRANSIT_OPTIMISTIC_SCREENING;9dc4535a1dc863c7fa48703258692f9c7d4b672f7ac8fe9a8bb240233ffb4a33;f6e1258a99a1f6e0277b4d167fb347d514c06752776d531b524c7a64e153c25a;2026-09-16T18:40:18.343781+00:00;true
LOC-0082;LOC-0150;PUBLIC_TRANSIT;2026-08-17T07:00:00+03:00;OK;1519;26;4406;LOCAL_TRANSIT_OPTIMISTIC_SCREENING;50fcb883d0c5098b85c3b9ab4e2ff81aa816f1c166286ff587c8ddcfa17782db;51ada2fa56c7d04d35d636aa036c500e7bdca6264651674782ed816a49a1e57b;2026-09-16T18:40:18.343781+00:00;true
LOC-0082;LOC-0151;PUBLIC_TRANSIT;2026-08-17T07:00:00+03:00;OK;1850;31;4483;LOCAL_TRANSIT_OPTIMISTIC_SCREENING;5a4f39e8d0e9bc19d88e84787041f37c61d1161c80c3400b9c535731f940e2f2;fdc137c5c8474bd93457f38ddf73860c1ce0f1ae36fd7877f64db9b9734a7cdb;2026-09-16T18:40:18.343781+00:00;true
LOC-0082;LOC-0152;PUBLIC_TRANSIT;2026-08-17T07:00:00+03:00;OK;1851;31;4410;LOCAL_TRANSIT_OPTIMISTIC_SCREENING;ddf2caaa3099b453fea2cec94b9dbd02afc3d007c7d2b799de5edda24a0e01c1;e748c6dd1d534d736743d68481e4c753fe0f73670afa08b6e15bbf9eca051c72;2026-09-16T18:40:18.343781+00:00;true
LOC-0082;LOC-0190;PUBLIC_TRANSIT;2026-08-17T07:00:00+03:00;OK;1636;28;6259;LOCAL_TRANSIT_OPTIMISTIC_SCREENING;854c4232a50f2c5a048300baf843c8cc167bd33c973eac73c6daf898263aa5b9;cf88c863d73f85ea34decc86e0f09412ccc656eaf191107588ba576f5bcef25b;2026-09-16T18:40:18.343781+00:00;true
LOC-0082;LOC-0196;PUBLIC_TRANSIT;2026-08-17T07:00:00+03:00;OK;1979;33;7002;LOCAL_TRANSIT_OPTIMISTIC_SCREENING;db19423897fbb929061dea95606eb6e0197d0f06bbe40df9ce120b8ecff3e817;9f79e250edd775931a191c24b6af70d775097f94f92854b93cc719e9a41a4140;2026-09-16T18:40:18.343781+00:00;true
LOC-0085;LOC-0002;PUBLIC_TRANSIT;2026-08-17T07:00:00+03:00;OK;785;14;1034;LOCAL_TRANSIT_OPTIMISTIC_SCREENING;17ca8ef3de3ae1af9d4abf3ff19ce30cc63aa8f716bb77531b45e3d5dad1ed1d;e44f9c690affdee49f1a6a7ef0baaa5e7e8a110181ad1ad1e5fbc4e6af4e5344;2026-09-16T18:40:18.343781+00:00;true
LOC-0085;LOC-0008;PUBLIC_TRANSIT;2026-08-17T07:00:00+03:00;OK;1647;28;6165;LOCAL_TRANSIT_OPTIMISTIC_SCREENING;e08861117fa6fb3de147559258444232e40d3a77b0ebf5f57ef4574159ec48fa;9fa4153baa542865ec7a04ca949419a9911e52ac9a18e6d4061b5e24d6904e72;2026-09-16T18:40:18.343781+00:00;true
LOC-0085;LOC-0009;PUBLIC_TRANSIT;2026-08-17T07:00:00+03:00;OK;3075;52;9636;LOCAL_TRANSIT_OPTIMISTIC_SCREENING;d2d98d82ada7c9bac16d94097ace77a602b3379dd8297607ce9fee99ab53a80f;67c4f5840e704e4e59fc5dc11c8fef77ee37b2af190244e33ea21659eaa58f4a;2026-09-16T18:40:18.343781+00:00;true
LOC-0085;LOC-0010;PUBLIC_TRANSIT;2026-08-17T07:00:00+03:00;OK;1675;28;6838;LOCAL_TRANSIT_OPTIMISTIC_SCREENING;31b5b12a15bd5d4d94e121a9edbd798fb0aad9ebc30aef6ffd844d40d9d5bfc3;2a0cfc82d1232b93431a54f75793387c5064be504fd8dd3e56c3cc898ae1fac8;2026-09-16T18:40:18.343781+00:00;true
LOC-0085;LOC-0011;PUBLIC_TRANSIT;2026-08-17T07:00:00+03:00;OK;1317;22;5463;LOCAL_TRANSIT_OPTIMISTIC_SCREENING;0e547cb9cc0541f10c5cea8c9162e4ad619f266bf929f9e405ffe7dafcdb1f93;ba4902d2774ee6975898d85d3a0b89c97f5dfda231237cd80a6f0d06c90aac6a;2026-09-16T18:40:18.343781+00:00;true
LOC-0085;LOC-0012;PUBLIC_TRANSIT;2026-08-17T07:00:00+03:00;OK;1610;27;5985;LOCAL_TRANSIT_OPTIMISTIC_SCREENING;3e378df47ab6164c4315efed89eed84e3e10c1afeaa3101c33b464cb55b63451;90a7862d1d8aa215b90aa0a623a857411bc21a540964e317281580e3e89b200b;2026-09-16T18:40:18.343781+00:00;true
LOC-0085;LOC-0013;PUBLIC_TRANSIT;2026-08-17T07:00:00+03:00;OK;792;14;985;LOCAL_TRANSIT_OPTIMISTIC_SCREENING;f915eebf2f1be64fe323d35fb2074d8265b07710dd0893a0226c15376be91e9b;4880f80e21daf06526aea7a685771f3b7f1e22c104f9b17dd69ffc81c511c96e;2026-09-16T18:40:18.343781+00:00;true
LOC-0085;LOC-0016;PUBLIC_TRANSIT;2026-08-17T07:00:00+03:00;OK;1741;30;4177;LOCAL_TRANSIT_OPTIMISTIC_SCREENING;57eab566b5f8faf5eefdec4a6ffbd341bde77df8d28da6eb322008485df80d01;8180af49c4eea10efd3bec642a844f8cdd67919ce62e08c29a72731c7c50c2f5;2026-09-16T18:40:18.343781+00:00;true
LOC-0085;LOC-0017;PUBLIC_TRANSIT;2026-08-17T07:00:00+03:00;OK;3029;51;7042;LOCAL_TRANSIT_OPTIMISTIC_SCREENING;790faabcdd7e9e4d9f09fa284e25add64545927d301942d2e998b2fc4aac5157;4405c8c89577f2c0bc7a5edf00c6b04cf1dbf2e32695513da4e11054d81f07a8;2026-09-16T18:40:18.343781+00:00;true
LOC-0085;LOC-0018;PUBLIC_TRANSIT;2026-08-17T07:00:00+03:00;OK;2666;45;7303;LOCAL_TRANSIT_OPTIMISTIC_SCREENING;c39f8e042facce70ebe9adf99f362f6d978157b3356a2cc6bfd48d57a12613de;35f77d6aeb9bcdda858d9b90ee3a1dac135e486d983dbd1fc6c681d0027f34b1;2026-09-16T18:40:18.343781+00:00;true
LOC-0085;LOC-0019;PUBLIC_TRANSIT;2026-08-17T07:00:00+03:00;OK;1891;32;7096;LOCAL_TRANSIT_OPTIMISTIC_SCREENING;cecf8dfa9b43e0900ed358d41daeae1d88cf6971f8d8aa4d7e24f35167f072dd;3edbd8396f11cf17176253e476a8b882a76bd986437866e6ce8632b767217f6b;2026-09-16T18:40:18.343781+00:00;true
LOC-0085;LOC-0020;PUBLIC_TRANSIT;2026-08-17T07:00:00+03:00;OK;2044;35;8096;LOCAL_TRANSIT_OPTIMISTIC_SCREENING;0e3841ba29dcada0e0ff9bd4e27a633685f9d6d400f0e8e5ddb3b99d988f94ef;ed7c864183fed6cfee9b0813bdf971887820f86c2bc004bc277df7a899fd761f;2026-09-16T18:40:18.343781+00:00;true
LOC-0085;LOC-0023;PUBLIC_TRANSIT;2026-08-17T07:00:00+03:00;OK;2569;43;8114;LOCAL_TRANSIT_OPTIMISTIC_SCREENING;dc4ddd9d46f0e7e9e5b076d2ce643a4bc4dd5bee31fb0128a75f5af4a54d309c;69d51ff41a5af81388001339665581236fd9009f63a5ef6a8ec311bbe4077ee7;2026-09-16T18:40:18.343781+00:00;true
LOC-0085;LOC-0027;PUBLIC_TRANSIT;2026-08-17T07:00:00+03:00;OK;2075;35;5245;LOCAL_TRANSIT_OPTIMISTIC_SCREENING;004b7a6a26ba5412d1964cdb6d72fcd2e09cfea31f763496d900b8cfca4630dd;a6427c5c4236d3e8027493ee9ada7c064640a866763a73e225fbd73dd4f5a277;2026-09-16T18:40:18.343781+00:00;true
LOC-0085;LOC-0028;PUBLIC_TRANSIT;2026-08-17T07:00:00+03:00;OK;2247;38;4565;LOCAL_TRANSIT_OPTIMISTIC_SCREENING;83f2af4a7df151159501f6b3672ff1a8222d88c4a73b3617f26aad56b35f0382;4d018637790722c48cb11eb6e37154f91d61ea1d0c767aeca368b5a48d1514f1;2026-09-16T18:40:18.343781+00:00;true
LOC-0085;LOC-0029;PUBLIC_TRANSIT;2026-08-17T07:00:00+03:00;OK;2304;39;4625;LOCAL_TRANSIT_OPTIMISTIC_SCREENING;32a6e476c8bf89dab5deb4b46f0266c993a60cefaa549f64565d139336293931;74b23456deeab07a1675359154e8b053965a578713a0cccf776336fa7b3836c7;2026-09-16T18:40:18.343781+00:00;true
LOC-0085;LOC-0037;PUBLIC_TRANSIT;2026-08-17T07:00:00+03:00;OK;1310;22;2206;LOCAL_TRANSIT_OPTIMISTIC_SCREENING;77802910a34849fdd755c2be8590cddcbf822743f73725145051301af47677fa;f26388a286877db2cc0730d176222fae7b2fa443fa9038f10b620b5c7cd88f1d;2026-09-16T18:40:18.343781+00:00;true
LOC-0085;LOC-0045;PUBLIC_TRANSIT;2026-08-17T07:00:00+03:00;OK;2432;41;5819;LOCAL_TRANSIT_OPTIMISTIC_SCREENING;346b86561dee6e7ef6de617f7ee6e57a6e16d4f96fc6c5ef3a981cd19f63dff0;2845b753a5559d7c5695698af82a83cb1a6aaf70792ce55548184af9cc7c5377;2026-09-16T18:40:18.343781+00:00;true
LOC-0085;LOC-0053;PUBLIC_TRANSIT;2026-08-17T07:00:00+03:00;OK;1499;25;3609;LOCAL_TRANSIT_OPTIMISTIC_SCREENING;d6a27dfd1483e3e6a5d95bdcb7e52ddcd8d7294efabf1172aac63d1b05b038da;2ca7f1df80461cd7b7f25be6c7f87d48a827a9a1a628ca0d1f87159e6b058e73;2026-09-16T18:40:18.343781+00:00;true
LOC-0085;LOC-0054;PUBLIC_TRANSIT;2026-08-17T07:00:00+03:00;OK;1463;25;2623;LOCAL_TRANSIT_OPTIMISTIC_SCREENING;45b5b7ee67998fa846a26df9a7f0fcfc9b4d7216a8d372590b7bebe2b5f78078;bce599ea25e6ef447c6a032b965860b24ee47fb102c3abbf2a8a54a862372348;2026-09-16T18:40:18.343781+00:00;true
LOC-0085;LOC-0061;PUBLIC_TRANSIT;2026-08-17T07:00:00+03:00;OK;1634;28;5608;LOCAL_TRANSIT_OPTIMISTIC_SCREENING;bb1f17bc7bc2bd627fe1f7f1fbd2728ca281253ec64aa88a297ba0c124123428;cab1a0c367c6cc7e13bab6c4f1311ae44e4c7bf42e116830504cafefbea46e9a;2026-09-16T18:40:18.343781+00:00;true
LOC-0085;LOC-0063;PUBLIC_TRANSIT;2026-08-17T07:00:00+03:00;OK;1982;34;6211;LOCAL_TRANSIT_OPTIMISTIC_SCREENING;3fbd717191f08aa1b9cbf381b845ae071bcf3fe422227c13b9b361c9aba72308;9b431af6236c022159d67a8a37c0e092c687dfe43548b6753a4e32241151b526;2026-09-16T18:40:18.343781+00:00;true
LOC-0085;LOC-0064;PUBLIC_TRANSIT;2026-08-17T07:00:00+03:00;OK;2312;39;6190;LOCAL_TRANSIT_OPTIMISTIC_SCREENING;ef00ebdd6cab91425b7b76899a641e9eb85424d0e6cb6ff2d5cdd9025f650bc9;02152616e13edf4c6bf7c0c29449f61d4c66cd9a065554fcfc0a99557dd09f09;2026-09-16T18:40:18.343781+00:00;true
LOC-0085;LOC-0074;PUBLIC_TRANSIT;2026-08-17T07:00:00+03:00;OK;2659;45;6312;LOCAL_TRANSIT_OPTIMISTIC_SCREENING;8fa522aeff377938d08a7f23ff08bfad77d188ef7546945bbfb01e8b9a78eef6;9815a2daf55ad49a40ca0734af2887ae35b7308a24d9fb4dc77ebf04d975313a;2026-09-16T18:40:18.343781+00:00;true
LOC-0085;LOC-0075;PUBLIC_TRANSIT;2026-08-17T07:00:00+03:00;OK;2729;46;6592;LOCAL_TRANSIT_OPTIMISTIC_SCREENING;ce17366f8994736e4485785fed4122ef674e8becc5701dad6e435a5676012be4;417eb6e2b317ef43752cdef1f350aa3d7de9a2f2d624f1a1db6a9b2fcb467707;2026-09-16T18:40:18.343781+00:00;true
LOC-0085;LOC-0076;PUBLIC_TRANSIT;2026-08-17T07:00:00+03:00;OK;2037;34;4562;LOCAL_TRANSIT_OPTIMISTIC_SCREENING;7bc20eff2c72fd211e56a84446adc0ac8f5cb168f42d709cbb9a4026477db600;d535e69f0246f23f1371d8ca7c6143f581cf69636580f20fb77999edf23ca5b1;2026-09-16T18:40:18.343781+00:00;true
LOC-0085;LOC-0078;PUBLIC_TRANSIT;2026-08-17T07:00:00+03:00;OK;2332;39;5957;LOCAL_TRANSIT_OPTIMISTIC_SCREENING;60bf479ece7fe041985a0948ee8da58ec666c9635797922cc18beb116d4b5f38;15faa229c2f9180f2375ccf30594e9aa5214b570f593fd1021c5212a6542799b;2026-09-16T18:40:18.343781+00:00;true
LOC-0085;LOC-0080;PUBLIC_TRANSIT;2026-08-17T07:00:00+03:00;OK;2709;46;6779;LOCAL_TRANSIT_OPTIMISTIC_SCREENING;8bf55718b28e71c3db4d5920493ea00da1f7a3c1dc1b755b19968ad62415f3ef;9efac904b998d6bce7c3fb0a2ba2cb6e173994e77b9f7ecded577fec72b51107;2026-09-16T18:40:18.343781+00:00;true
LOC-0085;LOC-0082;PUBLIC_TRANSIT;2026-08-17T07:00:00+03:00;OK;2114;36;5544;LOCAL_TRANSIT_OPTIMISTIC_SCREENING;65fc2bbf3f3cc90f7a245458f3515b7b860c3670dcabc9b4f44861f04b3d3e0e;147e61bbaae9732bf0a8ba96d7f6b359e0cababc9d1efd80a125f6bebc0beecb;2026-09-16T18:40:18.343781+00:00;true
LOC-0085;LOC-0085;PUBLIC_TRANSIT;2026-08-17T07:00:00+03:00;OK;0;0;0;LOCAL_TRANSIT_OPTIMISTIC_SCREENING;29269d759a50be18ccdbbb4148437dc5ab8e95be02b59ccdd1227171c2b0b2c0;3d5812abc84c11768aa73a732c85d75dbed439188f5bb3239e9b762ea31d9862;2026-09-16T18:40:18.343781+00:00;true
LOC-0085;LOC-0086;PUBLIC_TRANSIT;2026-08-17T07:00:00+03:00;OK;328;6;460;LOCAL_TRANSIT_OPTIMISTIC_SCREENING;47805016fc91397d8ce52dcb859e6097497f19f2cc149b091abc139d18a19f4d;a666bd81f3e30aad8a0bdddcb45d721191fdb860f23608b5560f8571e7173404;2026-09-16T18:40:18.343781+00:00;true
LOC-0085;LOC-0091;PUBLIC_TRANSIT;2026-08-17T07:00:00+03:00;OK;1628;28;6918;LOCAL_TRANSIT_OPTIMISTIC_SCREENING;ca4851663dd087018220adf4d9aa1270d89915377a86021b4fe2bfd24a84f37f;c1912b550d4b96741e2a7f2dd40a8efcec241a8d1a60de3408854cc0dc13f05a;2026-09-16T18:40:18.343781+00:00;true
LOC-0085;LOC-0092;PUBLIC_TRANSIT;2026-08-17T07:00:00+03:00;OK;1747;30;7185;LOCAL_TRANSIT_OPTIMISTIC_SCREENING;6e638e585705408343386e1909658a72ae302fb47ab4620bfccc02ab9ca3e290;0e48cfd3188265015a4215846f8da5c2d5a466a9ee9f5fdfd4f796ea2208e251;2026-09-16T18:40:18.343781+00:00;true
LOC-0085;LOC-0093;PUBLIC_TRANSIT;2026-08-17T07:00:00+03:00;OK;1723;29;7036;LOCAL_TRANSIT_OPTIMISTIC_SCREENING;afb5e4d92aa6de37e7d43dd0f7fc3ea13a307a42bcfed16efaed096a2c3c4cd0;2c9d86a20243e443e396313040db12fe0054765372db21ce5d364b70afd85582;2026-09-16T18:40:18.343781+00:00;true
LOC-0085;LOC-0094;PUBLIC_TRANSIT;2026-08-17T07:00:00+03:00;OK;603;11;848;LOCAL_TRANSIT_OPTIMISTIC_SCREENING;5c72b3adb76b0a8be7ca88538d8f7a238bbf40e4a79bd277d4fe72780549db81;75d90fcc08eee9797015c00fbe134e9d5857656b9cfdf05cea5770cda883874e;2026-09-16T18:40:18.343781+00:00;true
LOC-0085;LOC-0095;PUBLIC_TRANSIT;2026-08-17T07:00:00+03:00;OK;1096;19;1084;LOCAL_TRANSIT_OPTIMISTIC_SCREENING;3891b8c3ce3688841a0112a20e2a29213887f5da0da9e820e8b89eef1f69bd8e;eb0978b9f3f4a50eb981744c2a22fa0320573c9f531504ee438581210c6c0de6;2026-09-16T18:40:18.343781+00:00;true
LOC-0085;LOC-0102;PUBLIC_TRANSIT;2026-08-17T07:00:00+03:00;OK;2308;39;6778;LOCAL_TRANSIT_OPTIMISTIC_SCREENING;33757a82cbe66ca860d7fc2b7f18614345665bb663581487cb30af46482c0e7d;685dd9d0956bc49aa0e84e818786cb6ee88da23570ddf8f6a66a869cdca4fad4;2026-09-16T18:40:18.343781+00:00;true
LOC-0085;LOC-0112;PUBLIC_TRANSIT;2026-08-17T07:00:00+03:00;OK;2248;38;6299;LOCAL_TRANSIT_OPTIMISTIC_SCREENING;78df7bf64f4347228241742180e01e4aab2528de76cabe9c68c479ce2cbf3b7d;4088079fa71d02a64b4d2845b125641503a369c37bde9cad4add5f0c2766fa9d;2026-09-16T18:40:18.343781+00:00;true
LOC-0085;LOC-0124;PUBLIC_TRANSIT;2026-08-17T07:00:00+03:00;OK;3202;54;9845;LOCAL_TRANSIT_OPTIMISTIC_SCREENING;0789929b33b177faa2e257c421b4168db801425b40ee409ae546b4fc8b4156cb;05d4bd153ef0dfbbe416b225a0b0dae04a005e804a6ba39480bf579715fd6c41;2026-09-16T18:40:18.343781+00:00;true
LOC-0085;LOC-0125;PUBLIC_TRANSIT;2026-08-17T07:00:00+03:00;OK;2588;44;7505;LOCAL_TRANSIT_OPTIMISTIC_SCREENING;20e563da8d8393073813b2898fae695c9144d6b482454682bde60cdbdef3a7db;bd5769b1c46be71b09ab8b7676eb5f0c263cf65d5fb6059a29c6c8fc643d4945;2026-09-16T18:40:18.343781+00:00;true
LOC-0085;LOC-0126;PUBLIC_TRANSIT;2026-08-17T07:00:00+03:00;OK;2145;36;5305;LOCAL_TRANSIT_OPTIMISTIC_SCREENING;e30e15281f7afafe2c67350bf0ccce819b5fee6f4e0197a224b4c4cc75db1227;51cba1c4bc498eb590a089aba5d57140ebaf35d7b7ef350675a5e35faaac84b8;2026-09-16T18:40:18.343781+00:00;true
LOC-0085;LOC-0128;PUBLIC_TRANSIT;2026-08-17T07:00:00+03:00;OK;1310;22;2407;LOCAL_TRANSIT_OPTIMISTIC_SCREENING;4c2077c5fdbb5e40766f5ce1ce42e313b7ce192e3e347904da210d6f8c481d49;e16df733f84029f8295542989e5f29a30e668985243fb582feb92c69c913c860;2026-09-16T18:40:18.343781+00:00;true
LOC-0085;LOC-0134;PUBLIC_TRANSIT;2026-08-17T07:00:00+03:00;OK;603;11;752;LOCAL_TRANSIT_OPTIMISTIC_SCREENING;157197dbaad2c63d5dab24846cac93f6a4c00dbe59c211a1b71b40233f2629ce;fec948a563e6c6799ec6a72c0352d115ac9b8ebe114dfbea4cc3645264e82c4b;2026-09-16T18:40:18.343781+00:00;true
LOC-0085;LOC-0135;PUBLIC_TRANSIT;2026-08-17T07:00:00+03:00;OK;656;11;812;LOCAL_TRANSIT_OPTIMISTIC_SCREENING;91d6ff3942542f92e3d8dd4ff92f340a5a6e006fae553e20e98d95a3b4bfe393;1522f6e7c1c20e2c6b2659cabe9531f6238138ada9ac4cc1a7f7928be0ef960e;2026-09-16T18:40:18.343781+00:00;true
LOC-0085;LOC-0136;PUBLIC_TRANSIT;2026-08-17T07:00:00+03:00;OK;488;9;571;LOCAL_TRANSIT_OPTIMISTIC_SCREENING;d062c90c5efe3b8ef96afbbe53779d885b4a66d2237cb72acd870e474dd85942;96be79e9f475fc8a451ccc5f0cf66583163279d63a6bf5fc44eb70fd237673c0;2026-09-16T18:40:18.343781+00:00;true
LOC-0085;LOC-0140;PUBLIC_TRANSIT;2026-08-17T07:00:00+03:00;OK;1705;29;2976;LOCAL_TRANSIT_OPTIMISTIC_SCREENING;13fb6a59ea3b8d9217f6c6cf1b3d0ab21db74732ace18a8d6ab12d352b17e6a9;880d626a0c7f91fd52baebc5d26112bcd9eff318873958d1293bcbdce7fd35d2;2026-09-16T18:40:18.343781+00:00;true
LOC-0085;LOC-0141;PUBLIC_TRANSIT;2026-08-17T07:00:00+03:00;OK;3060;51;9257;LOCAL_TRANSIT_OPTIMISTIC_SCREENING;1b924af97f7acdc4e28b0ed5632fbad476c47e7a366eedc63157ef3423efa69c;459d2edb4baee0a8f74fdd41582f2f97e336a8c49d4cb213ef62b68e25b40606;2026-09-16T18:40:18.343781+00:00;true
LOC-0085;LOC-0142;PUBLIC_TRANSIT;2026-08-17T07:00:00+03:00;OK;2995;50;9304;LOCAL_TRANSIT_OPTIMISTIC_SCREENING;07aea5fde7b9ab4f87b07cb3f8d6f6154b35465e61f2b825fba12e4d0bf76a1e;26b18ae355c15b5dcb11eb796a3e16afa1d7ea4b43bfdbec9af70927dc0149b3;2026-09-16T18:40:18.343781+00:00;true
LOC-0085;LOC-0145;PUBLIC_TRANSIT;2026-08-17T07:00:00+03:00;OK;1845;31;8135;LOCAL_TRANSIT_OPTIMISTIC_SCREENING;ab8c617245dfb3abb1f1762cc9864347f1f4b65b21f3406c82f12b7609786374;eef84d2b1bfa2d76e0bfec3fe50bfdc7bacd659aecc178032b0f045a678f5d2f;2026-09-16T18:40:18.343781+00:00;true
LOC-0085;LOC-0148;PUBLIC_TRANSIT;2026-08-17T07:00:00+03:00;OK;2766;47;6521;LOCAL_TRANSIT_OPTIMISTIC_SCREENING;1e178e481f8fcfee6932b406635898f6227f5d5ca8465b2706377e2f424101f5;64ebe1a2a5b6608f056b12a7d85bf16f1423dd19d2ebb780491b6ff4b919d9ff;2026-09-16T18:40:18.343781+00:00;true
LOC-0085;LOC-0149;PUBLIC_TRANSIT;2026-08-17T07:00:00+03:00;OK;2682;45;6271;LOCAL_TRANSIT_OPTIMISTIC_SCREENING;a02f560858031f15ca84dcf38dacfe5d9327dc63252c70350810b488916a03ea;c3457acde1b960529e03b480bd2bdf5402a338265a6eeb210da986175ae01ec2;2026-09-16T18:40:18.343781+00:00;true
LOC-0085;LOC-0150;PUBLIC_TRANSIT;2026-08-17T07:00:00+03:00;OK;2563;43;6101;LOCAL_TRANSIT_OPTIMISTIC_SCREENING;554d13e01d7ba5b2e4b92e0d0c7317e7843ac40dc1a2897e2008a9e70297d7d3;afa94afd2249f1a673059d9108fc9e67c731d2a3c18531170480b2c7a3ecdbe0;2026-09-16T18:40:18.343781+00:00;true
LOC-0085;LOC-0151;PUBLIC_TRANSIT;2026-08-17T07:00:00+03:00;OK;2899;49;6888;LOCAL_TRANSIT_OPTIMISTIC_SCREENING;63a865ccff8ac6464e03852bc42c9dda26d9fae7dbc6849cbc6db1a21f879727;53cc8fc36759f74b6bd69dbfc7ed76ca276075763b0f09c7c4d60b479bf94767;2026-09-16T18:40:18.343781+00:00;true
LOC-0085;LOC-0152;PUBLIC_TRANSIT;2026-08-17T07:00:00+03:00;OK;2933;49;6842;LOCAL_TRANSIT_OPTIMISTIC_SCREENING;646a5c9de4c095af38913bf07b497043d908980f19d6e510178ecef608b754c4;a761b06ddc9e91ddde21b36cfd6ce52df927007763efd5f2ae98434132038651;2026-09-16T18:40:18.343781+00:00;true
LOC-0085;LOC-0190;PUBLIC_TRANSIT;2026-08-17T07:00:00+03:00;OK;2001;34;4822;LOCAL_TRANSIT_OPTIMISTIC_SCREENING;75b6e5c67c6feefb3271560dba4c24b324e9f8a92a60462beaa7521aa95db22e;04bab32de7d59cb438d629f24b75ed6abd5fb0fec7e3b39cdf0305782f497d77;2026-09-16T18:40:18.343781+00:00;true
LOC-0085;LOC-0196;PUBLIC_TRANSIT;2026-08-17T07:00:00+03:00;OK;2607;44;9307;LOCAL_TRANSIT_OPTIMISTIC_SCREENING;ecf15fbfcae57602f8ca67b9b63088bbcd9c21e25630cf34d4e4f2e12230caa2;a13a1515ce87b6b55fcfa54f94c6b28e7c4c27e27d571c1526ec2962527695aa;2026-09-16T18:40:18.343781+00:00;true
LOC-0086;LOC-0002;PUBLIC_TRANSIT;2026-08-17T07:00:00+03:00;OK;804;14;1003;LOCAL_TRANSIT_OPTIMISTIC_SCREENING;d57fab618408a0b1a00c2019029226a32e888db7edc4875ae356e375e6254c34;8064300460ea071071c226069c230104a6c4ca464b0f5a8cd0e1b183b645bbd9;2026-09-16T18:40:18.343781+00:00;true
LOC-0086;LOC-0008;PUBLIC_TRANSIT;2026-08-17T07:00:00+03:00;OK;1429;24;5907;LOCAL_TRANSIT_OPTIMISTIC_SCREENING;abe8ed43b9d302b4a9ff5a0f90d2f765cdb0e7386356270b3f4e044648205010;1355802a5339820ef6e5beee9a51e0801d5b5365b2d7a030d01a689b95263105;2026-09-16T18:40:18.343781+00:00;true
LOC-0086;LOC-0009;PUBLIC_TRANSIT;2026-08-17T07:00:00+03:00;OK;3094;52;9686;LOCAL_TRANSIT_OPTIMISTIC_SCREENING;ccf2b40b468d1f08cbead77c2a47b6477372be43192b21d5573b3457bcf3aa05;80ef9ede3a24a1a1c13a6f5a5b56a03e96e0e4efe47fc29496595e0f515ea68e;2026-09-16T18:40:18.343781+00:00;true
LOC-0086;LOC-0010;PUBLIC_TRANSIT;2026-08-17T07:00:00+03:00;OK;1457;25;6579;LOCAL_TRANSIT_OPTIMISTIC_SCREENING;0594cbc6447b97294a3cf73a3a6d905db18b1d8fdeb7eb2fd462db33f56f4387;bb83dcda469095e9f28521fde5134584dece2767bbb69c02738b9923235fa29d;2026-09-16T18:40:18.343781+00:00;true
LOC-0086;LOC-0011;PUBLIC_TRANSIT;2026-08-17T07:00:00+03:00;OK;1099;19;5205;LOCAL_TRANSIT_OPTIMISTIC_SCREENING;a96f9ea3fa809d2743241c5506d6cc66690b631f63f130bf475310c6a8e56be4;941e06ddc9747fef136be1717a18fde7159bdbb50d69c29fc26ca09fe915f5f5;2026-09-16T18:40:18.343781+00:00;true
LOC-0086;LOC-0012;PUBLIC_TRANSIT;2026-08-17T07:00:00+03:00;OK;1392;24;5738;LOCAL_TRANSIT_OPTIMISTIC_SCREENING;962b90c23fa5b008f2dd00a722f3f0399bb4979708ba5f2a453ffb7d0dc1a9aa;433d00cd5754a71658ee19525ae0530eed7c74259ab1a4e2c883204ce79b58f0;2026-09-16T18:40:18.343781+00:00;true
LOC-0086;LOC-0013;PUBLIC_TRANSIT;2026-08-17T07:00:00+03:00;OK;966;17;1204;LOCAL_TRANSIT_OPTIMISTIC_SCREENING;77aa17be25d2e1881cd89b1059cfb596cada9aab5834737a8ac06aa971beff0e;e1866705503409a34a399b508dd4c9e2344ae92bc2415b25db191bc911648810;2026-09-16T18:40:18.343781+00:00;true
LOC-0086;LOC-0016;PUBLIC_TRANSIT;2026-08-17T07:00:00+03:00;OK;1760;30;4312;LOCAL_TRANSIT_OPTIMISTIC_SCREENING;329c87562254429e868ff4515e5933015c0e223052ff4aa11e05465f030b55df;a70449cdb437522395ab6902257a73b2ed0c821997d147dd03dc8437ae09718c;2026-09-16T18:40:18.343781+00:00;true
LOC-0086;LOC-0017;PUBLIC_TRANSIT;2026-08-17T07:00:00+03:00;OK;2811;47;6942;LOCAL_TRANSIT_OPTIMISTIC_SCREENING;e5a19a8d5f793302b25c205196ff37acc63526fc48745358547cbc8127c42a63;47e5615cb2b966b9cac3d2ce848b37bb8d6f4a2909c54984939fd705a11b258e;2026-09-16T18:40:18.343781+00:00;true
LOC-0086;LOC-0018;PUBLIC_TRANSIT;2026-08-17T07:00:00+03:00;OK;2448;41;7178;LOCAL_TRANSIT_OPTIMISTIC_SCREENING;e2875d35bae3d131a18cfc99ad78520ce68b7a586369625d01a5efca046c37ab;6768c4ecc6f91aff21ae9227e8ecc41847dbaa35923cc4ba87231aeda862570e;2026-09-16T18:40:18.343781+00:00;true
LOC-0086;LOC-0019;PUBLIC_TRANSIT;2026-08-17T07:00:00+03:00;OK;1673;28;6835;LOCAL_TRANSIT_OPTIMISTIC_SCREENING;0e1b089414d3b46f72df371ce15bc842232c27cb7fda2926af6407cd803bd52a;986574b936956eb5234a09e321a49aac9e8d00c6a3fa4f6601b0b98691670ec8;2026-09-16T18:40:18.343781+00:00;true
LOC-0086;LOC-0020;PUBLIC_TRANSIT;2026-08-17T07:00:00+03:00;OK;1826;31;7856;LOCAL_TRANSIT_OPTIMISTIC_SCREENING;52986f37b371bb5040c10652acdbdf572f6ce4f42eb86d17bacd21ce0b466214;9a8a610e2a4c3cec5c4e0f9f8b006aeec1ad6e82a055bfe7f133eaef23cfd7ff;2026-09-16T18:40:18.343781+00:00;true
LOC-0086;LOC-0023;PUBLIC_TRANSIT;2026-08-17T07:00:00+03:00;OK;2351;40;7956;LOCAL_TRANSIT_OPTIMISTIC_SCREENING;f189960e8189338b4bbbb7c48fe764d2525ec3e70e87170a9091b4466f64d2b0;ce09418a623a06cb1e0aedac34c66a1b5417d0be55c8dc7f64c7cb0e4e834914;2026-09-16T18:40:18.343781+00:00;true
LOC-0086;LOC-0027;PUBLIC_TRANSIT;2026-08-17T07:00:00+03:00;OK;2094;35;5147;LOCAL_TRANSIT_OPTIMISTIC_SCREENING;4322dafd7566568e332648836db106821f36f067272d1891638988d5fcd09aa6;68f2317413ed9a8419070a4f597612ff883451172cf2d5d73152132a2aaa7a19;2026-09-16T18:40:18.343781+00:00;true
LOC-0086;LOC-0028;PUBLIC_TRANSIT;2026-08-17T07:00:00+03:00;OK;2266;38;4634;LOCAL_TRANSIT_OPTIMISTIC_SCREENING;69c4e3cec2e31601a1d73f25e924250dc427d1c77bc5631117bafd9d3a47b16d;1603a349b4bd7c3ba360e1bbd8e301f1b76f7ad89ff67cd44befa742adc08037;2026-09-16T18:40:18.343781+00:00;true
LOC-0086;LOC-0029;PUBLIC_TRANSIT;2026-08-17T07:00:00+03:00;OK;2323;39;4691;LOCAL_TRANSIT_OPTIMISTIC_SCREENING;365feb1750e8411a5e610a0f21f31d6259daba5a8276f5d5e938c298d0a4d273;57fd2b5c5cc9b37197736ef2979b923a8c26aa4cebe5f7839ca93ab0a2358b59;2026-09-16T18:40:18.343781+00:00;true
LOC-0086;LOC-0037;PUBLIC_TRANSIT;2026-08-17T07:00:00+03:00;OK;1329;23;1954;LOCAL_TRANSIT_OPTIMISTIC_SCREENING;3f3ed59e4ab53a548c5b302e43e5b8d8e93a394522a4d99ddc4b36838ea506f3;8083db1ae6706809025fb9edf8f0dab670d89faeac828f4bd643f5159ca3250c;2026-09-16T18:40:18.343781+00:00;true
LOC-0086;LOC-0045;PUBLIC_TRANSIT;2026-08-17T07:00:00+03:00;OK;2451;41;5816;LOCAL_TRANSIT_OPTIMISTIC_SCREENING;c8ace14bad712868d3197501c73e295d95913cf75dde574b99f3f2642a79ed2b;03e9cc49d84d8e90912913e70823f7933c46d4c4fd63dbbece1ae1fe5b0b5550;2026-09-16T18:40:18.343781+00:00;true
LOC-0086;LOC-0053;PUBLIC_TRANSIT;2026-08-17T07:00:00+03:00;OK;1518;26;3714;LOCAL_TRANSIT_OPTIMISTIC_SCREENING;7ebbf2d74eb30dae2c11c7c80e965c64e373c86577c261004e48d9c7780d2fa6;3870ba401faa3afe9ab7cf933b4428e6d4f5f2b9dfd61ca2ec0e7eed448cb4bc;2026-09-16T18:40:18.343781+00:00;true
LOC-0086;LOC-0054;PUBLIC_TRANSIT;2026-08-17T07:00:00+03:00;OK;1482;25;2390;LOCAL_TRANSIT_OPTIMISTIC_SCREENING;2c5030ce006e596cdabc55d516495b60afe122651c65cc99539e95aca6a72afc;79677f842ba3596e6cbb015ff227a8cf984c49b7ec3bd41a9b95edb6b3968705;2026-09-16T18:40:18.343781+00:00;true
LOC-0086;LOC-0061;PUBLIC_TRANSIT;2026-08-17T07:00:00+03:00;OK;1416;24;5359;LOCAL_TRANSIT_OPTIMISTIC_SCREENING;ef04750bb32191d707a53536379af4771d8bb4bdd629a62eb91baaae2d88c08d;6621206f03f395e8dcac7835f26795840da3cfa10c1cf9ce3fa2fa9bb51a1980;2026-09-16T18:40:18.343781+00:00;true
LOC-0086;LOC-0063;PUBLIC_TRANSIT;2026-08-17T07:00:00+03:00;OK;2001;34;6311;LOCAL_TRANSIT_OPTIMISTIC_SCREENING;a126f6f3c79b4da8707285e1533ae93c95cb042dc86430d83277731e570f4647;ffe0389de730522a7bd0f4f9667664975d5a68fa4ccc329b034381d53fbd96b7;2026-09-16T18:40:18.343781+00:00;true
LOC-0086;LOC-0064;PUBLIC_TRANSIT;2026-08-17T07:00:00+03:00;OK;2331;39;6269;LOCAL_TRANSIT_OPTIMISTIC_SCREENING;f0edcde6f0af435f68e58b862f62a8a56856ee9cbc1e0717b41543daab033b89;ac1fce1a045e28b9f403f9dbaeedf86290886609e57a175ae2393736eca5f6e2;2026-09-16T18:40:18.343781+00:00;true
LOC-0086;LOC-0074;PUBLIC_TRANSIT;2026-08-17T07:00:00+03:00;OK;2441;41;6176;LOCAL_TRANSIT_OPTIMISTIC_SCREENING;471be3b99f729661f4f4a5082a604385bd731a1ad042b0b206d060989acad370;c55bf044419c4f0c39f08faa2fc3e034f9f0161178b9df56ffde5a8564b37923;2026-09-16T18:40:18.343781+00:00;true
LOC-0086;LOC-0075;PUBLIC_TRANSIT;2026-08-17T07:00:00+03:00;OK;2511;42;6473;LOCAL_TRANSIT_OPTIMISTIC_SCREENING;7f7d0ac27d9b9896191cafe7e5cf61168a6776f97650a5a02e0cf3bdb922a7c6;a027e70707c0c24d0cc346e93093174f5c5ecc38766c34004fec0e209bb2114e;2026-09-16T18:40:18.343781+00:00;true
LOC-0086;LOC-0076;PUBLIC_TRANSIT;2026-08-17T07:00:00+03:00;OK;2056;35;4706;LOCAL_TRANSIT_OPTIMISTIC_SCREENING;48b438cf55c598dab1a44c5538e0f2e0bb202d848afda2247c492af9fb9253c2;21b082e2ec90ad45985a31681225fbd777be041dade013bf0f01543530fa0d6d;2026-09-16T18:40:18.343781+00:00;true
LOC-0086;LOC-0078;PUBLIC_TRANSIT;2026-08-17T07:00:00+03:00;OK;2351;40;5987;LOCAL_TRANSIT_OPTIMISTIC_SCREENING;de0aa8923f57ff1654ab0e32df3209008e1bfc7bbb7f1f02f14fe8908b68b4f6;ab95b47a795cd5ed143dbb85875e20069956c4a30ed7176fa7f77c8cc2009d86;2026-09-16T18:40:18.343781+00:00;true
LOC-0086;LOC-0080;PUBLIC_TRANSIT;2026-08-17T07:00:00+03:00;OK;2491;42;6642;LOCAL_TRANSIT_OPTIMISTIC_SCREENING;b8abdf121bb8c08c96ecfee10f0cc2605dfb70b797e5bf58832fa6bf5659fb96;28b999846752112c4d9d1619d7c485e494e7cbc527df366d8d6e9f1141557c51;2026-09-16T18:40:18.343781+00:00;true
LOC-0086;LOC-0082;PUBLIC_TRANSIT;2026-08-17T07:00:00+03:00;OK;2133;36;5632;LOCAL_TRANSIT_OPTIMISTIC_SCREENING;f1c0f903d4b55f8df23da9c2539d52f4e4d68c39f995ac16db8094c74b3b9247;9820434e1e8fb96fe1230ac77490e604f105c9d923ebc5cfe39fa299f1b8979d;2026-09-16T18:40:18.343781+00:00;true
LOC-0086;LOC-0085;PUBLIC_TRANSIT;2026-08-17T07:00:00+03:00;OK;328;6;460;LOCAL_TRANSIT_OPTIMISTIC_SCREENING;965512a51e56502cda0a7aca1a5945d22c140fccc49fbfff47b40528522111c6;a666bd81f3e30aad8a0bdddcb45d721191fdb860f23608b5560f8571e7173404;2026-09-16T18:40:18.343781+00:00;true
LOC-0086;LOC-0086;PUBLIC_TRANSIT;2026-08-17T07:00:00+03:00;OK;0;0;0;LOCAL_TRANSIT_OPTIMISTIC_SCREENING;4fece7eec5c0536c925f70dc1058426fb6b5885b4e416c5bb79ed9c9f8acd013;3d5812abc84c11768aa73a732c85d75dbed439188f5bb3239e9b762ea31d9862;2026-09-16T18:40:18.343781+00:00;true
LOC-0086;LOC-0091;PUBLIC_TRANSIT;2026-08-17T07:00:00+03:00;OK;1410;24;6672;LOCAL_TRANSIT_OPTIMISTIC_SCREENING;f3b57ba36ec6fa1e64c3573f384fb71e2cc76629834b3e6a83dae62a323455e6;285586aa6875fc2a43f0f01bb2b238aed21413d158a235045c9a8da9767fe642;2026-09-16T18:40:18.343781+00:00;true
LOC-0086;LOC-0092;PUBLIC_TRANSIT;2026-08-17T07:00:00+03:00;OK;1529;26;6952;LOCAL_TRANSIT_OPTIMISTIC_SCREENING;a4474c2d47c249eae4bea5e741fbd596a6cf2b1561beba803a39fa94d678f812;4920c6fef02879808d4126488c44b8717e1904f79e36962458080e343b4059fe;2026-09-16T18:40:18.343781+00:00;true
LOC-0086;LOC-0093;PUBLIC_TRANSIT;2026-08-17T07:00:00+03:00;OK;1505;26;6806;LOCAL_TRANSIT_OPTIMISTIC_SCREENING;a1ea2a8949b522585fb95e289fbbb2a90174a6976cd7b3736073d0cbfb9cd80b;902be8fcc0b1c348f12b3ff2abcb6dc50a5d384ccfbe75356625a516c103147e;2026-09-16T18:40:18.343781+00:00;true
LOC-0086;LOC-0094;PUBLIC_TRANSIT;2026-08-17T07:00:00+03:00;OK;634;11;894;LOCAL_TRANSIT_OPTIMISTIC_SCREENING;b10b5711841f21a684374979d964cf824f8af687b33565cea3fc2a4c1cabb9ad;7e30ce1d22995c17a3c4e3112ac9d825ae7ccd68ace26d3064b9dc391e2977ee;2026-09-16T18:40:18.343781+00:00;true
LOC-0086;LOC-0095;PUBLIC_TRANSIT;2026-08-17T07:00:00+03:00;OK;878;15;1320;LOCAL_TRANSIT_OPTIMISTIC_SCREENING;40bd5f9d35c71b025662c78d469428cf3cb258f0143bff89a827358f847f5a13;906ffe695fd288bde116a7af9cce7deca992c351851dccbbc4cba2bfbe779ca0;2026-09-16T18:40:18.343781+00:00;true
LOC-0086;LOC-0102;PUBLIC_TRANSIT;2026-08-17T07:00:00+03:00;OK;2315;39;6854;LOCAL_TRANSIT_OPTIMISTIC_SCREENING;1dd055f99b3d25a68c8726a80b3b9189e7ebf2b60a9897c3fdcacec127d83bac;36c08cb6e597823b775389d17ec6bac2b0f9398c3c13b7ff86d44c2caba20238;2026-09-16T18:40:18.343781+00:00;true
LOC-0086;LOC-0112;PUBLIC_TRANSIT;2026-08-17T07:00:00+03:00;OK;2030;34;6104;LOCAL_TRANSIT_OPTIMISTIC_SCREENING;db7bea31a71a6d71e3c1d9085ae0ea37a55690816f055815da5ac4c8b3d0a03a;29925b2bfe70343712859659bd945ba269c673b266eea5ef414c79f137389081;2026-09-16T18:40:18.343781+00:00;true
LOC-0086;LOC-0124;PUBLIC_TRANSIT;2026-08-17T07:00:00+03:00;OK;3221;54;9883;LOCAL_TRANSIT_OPTIMISTIC_SCREENING;54e5f493ea51afad3492541e510ddefc62a0048ed66d33bea0d54a289f512463;477acc65622139c2f21d385ba6add367368895533f02cf6109626470b5b3c856;2026-09-16T18:40:18.343781+00:00;true
LOC-0086;LOC-0125;PUBLIC_TRANSIT;2026-08-17T07:00:00+03:00;OK;2370;40;7368;LOCAL_TRANSIT_OPTIMISTIC_SCREENING;7d13d5dad38eec853cb49257c603c360cafa1d7598e689ca0839d0e838077976;b4854989880776a864de60945b21b8abb2c13cbcd89308d5ac8a82e3fce5d850;2026-09-16T18:40:18.343781+00:00;true
LOC-0086;LOC-0126;PUBLIC_TRANSIT;2026-08-17T07:00:00+03:00;OK;1927;33;5128;LOCAL_TRANSIT_OPTIMISTIC_SCREENING;99b50ae36ca5c916ba5d97c048b03df31e596b56cb338f17581bd8196d22e406;ad0e3852ad380009cf6e6ef593555c7f550cb45af4d294dfc374bb8d4761fdca;2026-09-16T18:40:18.343781+00:00;true
LOC-0086;LOC-0128;PUBLIC_TRANSIT;2026-08-17T07:00:00+03:00;OK;1329;23;2177;LOCAL_TRANSIT_OPTIMISTIC_SCREENING;30cf3740afa87b8e5564a24efcffa5fbb64eb80e90a407d0c984d130ab6272a3;324b1d315a9997825fabace4d838823d02a2186b4c1a7cacd409ec4cca1046aa;2026-09-16T18:40:18.343781+00:00;true
LOC-0086;LOC-0134;PUBLIC_TRANSIT;2026-08-17T07:00:00+03:00;OK;667;12;818;LOCAL_TRANSIT_OPTIMISTIC_SCREENING;e810d5469ce7b3c4972cebeae4deadc988f92df2d4b6ed695a30777192d4722c;e6d313d49c477bfea7825769dbb2ede82bcae40a672defcd404664eff5449146;2026-09-16T18:40:18.343781+00:00;true
LOC-0086;LOC-0135;PUBLIC_TRANSIT;2026-08-17T07:00:00+03:00;OK;740;13;922;LOCAL_TRANSIT_OPTIMISTIC_SCREENING;c420a9f1c64be7664bba6c7d2c270d185d5ae2af614b8fb773da596dac96c7b1;77944f880e4990f57717bc763d912f50433c5bd2ed17bb0e00a880ab59d2b2f9;2026-09-16T18:40:18.343781+00:00;true
LOC-0086;LOC-0136;PUBLIC_TRANSIT;2026-08-17T07:00:00+03:00;OK;662;12;795;LOCAL_TRANSIT_OPTIMISTIC_SCREENING;9344044d83e8ac6650a7c5c7d8569e097ef7e3eb9a0443699dfad065497af944;0235d312ab2a504d35884482c78079c1c8dabdc6032218084c20278fca01df1c;2026-09-16T18:40:18.343781+00:00;true
LOC-0086;LOC-0140;PUBLIC_TRANSIT;2026-08-17T07:00:00+03:00;OK;1724;29;3072;LOCAL_TRANSIT_OPTIMISTIC_SCREENING;02a06533fc1d4fd889d06600343e421831b30a7d4f391ad87d522089e7ea7643;2e102bf795c6d6fe1dff4e79b29d30c83c6098d83268df1ad8387a115bb0302a;2026-09-16T18:40:18.343781+00:00;true
LOC-0086;LOC-0141;PUBLIC_TRANSIT;2026-08-17T07:00:00+03:00;OK;2948;50;9243;LOCAL_TRANSIT_OPTIMISTIC_SCREENING;bec106c1146768af3cac983755be784b75136020a94f6fa460af26054ba7ff22;1518a81a41288e91b6faeae81d1fa88647836fb245fafbe8a919174c506168d5;2026-09-16T18:40:18.343781+00:00;true
LOC-0086;LOC-0142;PUBLIC_TRANSIT;2026-08-17T07:00:00+03:00;OK;2883;49;9286;LOCAL_TRANSIT_OPTIMISTIC_SCREENING;45f2711a7b7698d44ee3de42e6331e90a4b46f4dc150d939c9d6172c1d08b36d;a9c0a2d8e7290f6f745b73130530644b7a76f372049b7c65e43471723571d903;2026-09-16T18:40:18.343781+00:00;true
LOC-0086;LOC-0145;PUBLIC_TRANSIT;2026-08-17T07:00:00+03:00;OK;1627;28;7901;LOCAL_TRANSIT_OPTIMISTIC_SCREENING;911da58c34354bf43ad7a3ed7bc15f4174cf7ebd25a3afaa0faef5cf42cdf03c;b669f05cbc8d099eec30fd7ada23b9a2aa4dc26a3472f6e664ee9c13fc26a54c;2026-09-16T18:40:18.343781+00:00;true
LOC-0086;LOC-0148;PUBLIC_TRANSIT;2026-08-17T07:00:00+03:00;OK;2548;43;6409;LOCAL_TRANSIT_OPTIMISTIC_SCREENING;d6e0034aabc5891491ab1d9e0522f13172e17304845274db64ef6ecc713916b1;7df8809300b320df2f7e88923b26ce9bcdc0e0863038bd0d86b75d4a20bb46fa;2026-09-16T18:40:18.343781+00:00;true
LOC-0086;LOC-0149;PUBLIC_TRANSIT;2026-08-17T07:00:00+03:00;OK;2499;42;6156;LOCAL_TRANSIT_OPTIMISTIC_SCREENING;35ffef7f4c1a82e5311f5b86d4da401e18882ed039008f679b00259f51a9c659;fc66af1ca38bdeaf2da8a532bf0c181ab64b63a5e1a37a54970b682077d56347;2026-09-16T18:40:18.343781+00:00;true
LOC-0086;LOC-0150;PUBLIC_TRANSIT;2026-08-17T07:00:00+03:00;OK;2487;42;5983;LOCAL_TRANSIT_OPTIMISTIC_SCREENING;c277a72bddb4a3d7ae0b9019596abfd672bd488788e1d18f592b3a1ca3e89de3;87ba9a0f7f622770bc78a6fab8f4977aeb81774815911b4e16c93b2430c858b6;2026-09-16T18:40:18.343781+00:00;true
LOC-0086;LOC-0151;PUBLIC_TRANSIT;2026-08-17T07:00:00+03:00;OK;2681;45;6785;LOCAL_TRANSIT_OPTIMISTIC_SCREENING;985ef5a4676869738d23a386f617d7db726cb648f5402ae8a555d0716b83faac;3eef9a77e35c78269fe3723341a5c5c6c061e5d401d4359abfcdc12c2f144266;2026-09-16T18:40:18.343781+00:00;true
LOC-0086;LOC-0152;PUBLIC_TRANSIT;2026-08-17T07:00:00+03:00;OK;2715;46;6741;LOCAL_TRANSIT_OPTIMISTIC_SCREENING;4584a6e210e6c2ca3f3b504077c3d599100ca1477d91269b5c0f94eb24c3e41b;54af75ad224b57287e5ca0feb5ff022cb4dedca9d1c69f1e51152bb5b535e7ad;2026-09-16T18:40:18.343781+00:00;true
LOC-0086;LOC-0190;PUBLIC_TRANSIT;2026-08-17T07:00:00+03:00;OK;1783;30;4595;LOCAL_TRANSIT_OPTIMISTIC_SCREENING;636727a2424773a756e18f91c8591820af1feb9ed9534fbefadc9ccdc535ab4c;88a3775cee091672803e5aa2e0879d58b739a836888934ace538b195240f4de1;2026-09-16T18:40:18.343781+00:00;true
LOC-0086;LOC-0196;PUBLIC_TRANSIT;2026-08-17T07:00:00+03:00;OK;2389;40;9168;LOCAL_TRANSIT_OPTIMISTIC_SCREENING;830a7d78fe586731cf0e649dc1a6388c5052d5e27ddb583e3dc0a5a4ac15caee;d92e2809dd9f01ca53d31941b67b83cfe09b43cf127d38cb9a53ed23d2012e94;2026-09-16T18:40:18.343781+00:00;true
LOC-0091;LOC-0002;PUBLIC_TRANSIT;2026-08-17T07:00:00+03:00;OK;1817;31;6302;LOCAL_TRANSIT_OPTIMISTIC_SCREENING;51de28c6c4882097e72e525bdada3a378cbc19010ed63c644fc03aef07b1228f;2e33b94165ee8276f786d90fd9fc834c9879071c17be48c3daf19237d5b1449e;2026-09-16T18:40:18.343781+00:00;true
LOC-0091;LOC-0008;PUBLIC_TRANSIT;2026-08-17T07:00:00+03:00;OK;421;8;1051;LOCAL_TRANSIT_OPTIMISTIC_SCREENING;1146bb071114f29c70a9964f68f68609a1621612929f8ac142232097d948aab9;087fda09b27be387bf00153867de7a25019f36e2a31c9e5e744368b882123f1b;2026-09-16T18:40:18.343781+00:00;true
LOC-0091;LOC-0009;PUBLIC_TRANSIT;2026-08-17T07:00:00+03:00;OK;2627;44;10179;LOCAL_TRANSIT_OPTIMISTIC_SCREENING;8adda078cb3332afb899375205826a590c298e5f3ff3f6d2ee9283a5a97c1bb7;7012ceb1ae5f6c5c3f8dd58c85f884a3996ec4e1c586fc547f938559149deb9c;2026-09-16T18:40:18.343781+00:00;true
LOC-0091;LOC-0010;PUBLIC_TRANSIT;2026-08-17T07:00:00+03:00;OK;449;8;848;LOCAL_TRANSIT_OPTIMISTIC_SCREENING;08ba6fd14aa2595a09edaebed4303f1874081515903b1c37bd230915bf4fe99a;4a0dbd1398f9a41122b64c666d02222fb2d01f23f5a4b08cb6134f804bf87323;2026-09-16T18:40:18.343781+00:00;true
LOC-0091;LOC-0011;PUBLIC_TRANSIT;2026-08-17T07:00:00+03:00;OK;699;12;1618;LOCAL_TRANSIT_OPTIMISTIC_SCREENING;0d283ab2e9b511917680b58d06187472ecb74283605297d312ae079165a0ac21;ca7941a04043084dfb2719e1145cda5ef8391254df7a961d121226509ed21a75;2026-09-16T18:40:18.343781+00:00;true
LOC-0091;LOC-0012;PUBLIC_TRANSIT;2026-08-17T07:00:00+03:00;OK;384;7;936;LOCAL_TRANSIT_OPTIMISTIC_SCREENING;3db01ece79ba071c00371f262ef5889ba95055e8e52fa3ea1754483926486f7e;ff42f8809310dca234b35b83b979541053add55acf117e3fd3bfbbf38baea129;2026-09-16T18:40:18.343781+00:00;true
LOC-0091;LOC-0013;PUBLIC_TRANSIT;2026-08-17T07:00:00+03:00;OK;2082;35;7354;LOCAL_TRANSIT_OPTIMISTIC_SCREENING;41d8c9f9783631296a4394a4cced023b552c663085d9e5170fc9116de7c8d237;5c0733557cff0abb4e014b2aaeda7a671e9f0c11117b9f8767dae12c980a5f92;2026-09-16T18:40:18.343781+00:00;true
LOC-0091;LOC-0016;PUBLIC_TRANSIT;2026-08-17T07:00:00+03:00;OK;1928;33;8202;LOCAL_TRANSIT_OPTIMISTIC_SCREENING;e61fd9cd6eec07aea21547d25678f5362c5a637d7e1368ae58846b59c1abaf1f;a69002a9cabafb6e29bdb0ba381833ee6cb1982b968cadaa8af4d7444adc279d;2026-09-16T18:40:18.343781+00:00;true
LOC-0091;LOC-0017;PUBLIC_TRANSIT;2026-08-17T07:00:00+03:00;OK;1913;32;4971;LOCAL_TRANSIT_OPTIMISTIC_SCREENING;286514fd7c6f7812258d13c92b8fdbae83d211fad2dc4c0b0515d02d20fb7990;28ff89c7f34a41328de6e4a746312de64ce4af00e5dcf33b886f0564214e0e16;2026-09-16T18:40:18.343781+00:00;true
LOC-0091;LOC-0018;PUBLIC_TRANSIT;2026-08-17T07:00:00+03:00;OK;1596;27;4399;LOCAL_TRANSIT_OPTIMISTIC_SCREENING;3b3f2386b46b5283afc9393dbda5a2e6f43923780e8cb8ee95f77755a0ce404f;67b834bc2799bf0023b7b8208c984b0032216063be4bc3095328fbefa201091a;2026-09-16T18:40:18.343781+00:00;true
LOC-0091;LOC-0019;PUBLIC_TRANSIT;2026-08-17T07:00:00+03:00;OK;665;12;1032;LOCAL_TRANSIT_OPTIMISTIC_SCREENING;460470c3c8e70a9f5854ce03471d2358d166494035e2b9bc58a0666a56fa1aa6;8910f284beb388c0316d25f95a568d908adf9dd1de4f2085fd918db4185eede2;2026-09-16T18:40:18.343781+00:00;true
LOC-0091;LOC-0020;PUBLIC_TRANSIT;2026-08-17T07:00:00+03:00;OK;810;14;1234;LOCAL_TRANSIT_OPTIMISTIC_SCREENING;2c43b4943b159d48885b5653c3e322914d0023b4a76a13964b7b266d218f5df8;843717cea4976be976c897f2f2615c619f63b47f2a2f31980c17aa9bfe34f377;2026-09-16T18:40:18.343781+00:00;true
LOC-0091;LOC-0023;PUBLIC_TRANSIT;2026-08-17T07:00:00+03:00;OK;1309;22;3836;LOCAL_TRANSIT_OPTIMISTIC_SCREENING;e50d7a677ccd190308859563a39cb169ad952686b8d808a6c0b1e6f7dec113e8;ddd70e1848de5e2ad8d0b14a8aee4df3f6b1f137b4b2b779ec339682f13ddb8a;2026-09-16T18:40:18.343781+00:00;true
LOC-0091;LOC-0027;PUBLIC_TRANSIT;2026-08-17T07:00:00+03:00;OK;1779;30;4602;LOCAL_TRANSIT_OPTIMISTIC_SCREENING;dfed77902d509b39609648e0e1a0664860d0b935523e78051610e8b595271741;db3b39003514e97f6ceaaf8d314703cbee33f3e5933c4c26da71c8742faf7020;2026-09-16T18:40:18.343781+00:00;true
LOC-0091;LOC-0028;PUBLIC_TRANSIT;2026-08-17T07:00:00+03:00;OK;2090;35;7386;LOCAL_TRANSIT_OPTIMISTIC_SCREENING;32a54e54de4b26ff6ee2b784135e1bd70783e70454c605f30a80f0df35c2ce84;1727d8dff5060c1e29926c225cbf5878f852f30c763b92ad30c8dc20b3f790f6;2026-09-16T18:40:18.343781+00:00;true
LOC-0091;LOC-0029;PUBLIC_TRANSIT;2026-08-17T07:00:00+03:00;OK;2030;34;7360;LOCAL_TRANSIT_OPTIMISTIC_SCREENING;cb06af42327f9b29be2a4317e623583f5afd166b8ff71b4c7b897e4d9612d592;d84d4f2ccfc3e1d72ae91d3f259f1c7dea3faf9746d95667d33ccbe85da8044c;2026-09-16T18:40:18.343781+00:00;true
LOC-0091;LOC-0037;PUBLIC_TRANSIT;2026-08-17T07:00:00+03:00;OK;1362;23;4721;LOCAL_TRANSIT_OPTIMISTIC_SCREENING;fa8989dbf746e9a010cde4e3ccc52bc9b11ee951d78ebb2110bcfb47e43897a5;2ff40e24fb61752ed4ad8372c6cff846288c18954444cedcc64fa3062986b24d;2026-09-16T18:40:18.343781+00:00;true
LOC-0091;LOC-0045;PUBLIC_TRANSIT;2026-08-17T07:00:00+03:00;OK;1598;27;6635;LOCAL_TRANSIT_OPTIMISTIC_SCREENING;b6de69e974a0efd57244ebe8ce7f783a7547211f946128a501d41ef11e93d8ff;56136f6c63a038ea6946e0762e06c4e9091436e08102d5afab12b09cf24992a0;2026-09-16T18:40:18.343781+00:00;true
LOC-0091;LOC-0053;PUBLIC_TRANSIT;2026-08-17T07:00:00+03:00;OK;1686;29;7492;LOCAL_TRANSIT_OPTIMISTIC_SCREENING;6ed6bb97bfe083fff8e821e48816075441ea574273e591dcc03b36ec4bad634d;3f0f2c30685ded99da9d16b4ac11cb541b8d0c834da0df0d68d6aade27835ed3;2026-09-16T18:40:18.343781+00:00;true
LOC-0091;LOC-0054;PUBLIC_TRANSIT;2026-08-17T07:00:00+03:00;OK;1674;28;4307;LOCAL_TRANSIT_OPTIMISTIC_SCREENING;0a838b4e66b69a998edbec3e4dc97266cb856003dc634bb0ef56e45bf0007789;511a11680a34e99df378c9d4c9adf5211ba58104c5ba3f7c4fa1c4b7a1843beb;2026-09-16T18:40:18.343781+00:00;true
LOC-0091;LOC-0061;PUBLIC_TRANSIT;2026-08-17T07:00:00+03:00;OK;676;12;1319;LOCAL_TRANSIT_OPTIMISTIC_SCREENING;4266c383cfbe43fd07dc1f6c3059c00d0ee754259dbb1f8540f91d8843bc6635;f0f4303f4cc17b5ee9fa00f6edd0c77de5e60854b5f10874a442b4ec47e8d877;2026-09-16T18:40:18.343781+00:00;true
LOC-0091;LOC-0063;PUBLIC_TRANSIT;2026-08-17T07:00:00+03:00;OK;1807;31;8828;LOCAL_TRANSIT_OPTIMISTIC_SCREENING;15bf84eeeeb44cb693caa1c80d608237ce678e4418ff1b411d6d6e275df30e2e;142a8c409b7c8de818f4d4a1a65cc88e8071c642027ddd58493407e377eeb220;2026-09-16T18:40:18.343781+00:00;true
LOC-0091;LOC-0064;PUBLIC_TRANSIT;2026-08-17T07:00:00+03:00;OK;1648;28;8406;LOCAL_TRANSIT_OPTIMISTIC_SCREENING;1c94b6623ad2d2c11bf2fe3a1f9ff2ac106c764f9e530595d4bad3cef8ec154b;2528bfedef3620b4ba644566332235f6898530dbb95870840756c7845334afd8;2026-09-16T18:40:18.343781+00:00;true
LOC-0091;LOC-0074;PUBLIC_TRANSIT;2026-08-17T07:00:00+03:00;OK;1543;26;3834;LOCAL_TRANSIT_OPTIMISTIC_SCREENING;efb89b4ea8045dee61cc0382c5dffa269c11329b5f0919ae4711fac9cbbbefe4;f704a6db5894b7efcdd597b84e5adccbc14c7b4b56f9845a174d27bf8e17aa04;2026-09-16T18:40:18.343781+00:00;true
LOC-0091;LOC-0075;PUBLIC_TRANSIT;2026-08-17T07:00:00+03:00;OK;1613;27;4333;LOCAL_TRANSIT_OPTIMISTIC_SCREENING;fd68eddc060997c936b8d1c1b4cad13b31676487a6d5ffe27f7334a8beeea348;a2327aaba400adf122138e97f91ebcaf6ea38b2f35b59bb8e33d0487cb5d3821;2026-09-16T18:40:18.343781+00:00;true
LOC-0091;LOC-0076;PUBLIC_TRANSIT;2026-08-17T07:00:00+03:00;OK;2224;38;8564;LOCAL_TRANSIT_OPTIMISTIC_SCREENING;9cb4c343cf4a1f3eb5df3f73b667b940859df9a60310782d8fbb3a1740d282f3;21960b93881b7bf3280d217850cb44b68ed9d8bc7c8b651b7cab8fb13bc15e32;2026-09-16T18:40:18.343781+00:00;true
LOC-0091;LOC-0078;PUBLIC_TRANSIT;2026-08-17T07:00:00+03:00;OK;1706;29;7339;LOCAL_TRANSIT_OPTIMISTIC_SCREENING;259d86c2d826c20ba0738dbccd7339a24cba49c5ab9ea7aa0c1a573d1849ee7e;3e3a7a653efde59e2e42710a5a9061a829a47f98ef5bcf1b773db3ba5d28607c;2026-09-16T18:40:18.343781+00:00;true
LOC-0091;LOC-0080;PUBLIC_TRANSIT;2026-08-17T07:00:00+03:00;OK;1472;25;3916;LOCAL_TRANSIT_OPTIMISTIC_SCREENING;31d261addf169823d41f5c52cada240abe4530be6a030ee651b5fa9db74657f5;9bbee3a2343d38e2ca5fdd3c2870ce729d9f468883618ec25f07d4fe24a2ac25;2026-09-16T18:40:18.343781+00:00;true
LOC-0091;LOC-0082;PUBLIC_TRANSIT;2026-08-17T07:00:00+03:00;OK;1934;33;8197;LOCAL_TRANSIT_OPTIMISTIC_SCREENING;7cb6ea8c27bc305a05c533758ba0710b9b5b409787b20e67a642e87aefd61ba1;f0be1f5f6b714b43b8c4b64710780f9a9643ce114622ff0f85d8db535784dc2a;2026-09-16T18:40:18.343781+00:00;true
LOC-0091;LOC-0085;PUBLIC_TRANSIT;2026-08-17T07:00:00+03:00;OK;1546;26;6918;LOCAL_TRANSIT_OPTIMISTIC_SCREENING;aff0b850ad07fadec167205043815f8a0537382f034c28e621a2c2feb69c3c32;b341b00fbf5d2a61b4b05e673fe22f11ebc57bff5e51739cd09605aa3e3a7286;2026-09-16T18:40:18.343781+00:00;true
LOC-0091;LOC-0086;PUBLIC_TRANSIT;2026-08-17T07:00:00+03:00;OK;1328;23;6672;LOCAL_TRANSIT_OPTIMISTIC_SCREENING;4c511883840010d3bd4d680e5814841da1282a1e901c6dda49251737a0428e1e;85dee208abb217ea92010527d6ca19814ca1484b9f1974695f91252ea5d0c4c7;2026-09-16T18:40:18.343781+00:00;true
LOC-0091;LOC-0091;PUBLIC_TRANSIT;2026-08-17T07:00:00+03:00;OK;0;0;0;LOCAL_TRANSIT_OPTIMISTIC_SCREENING;c657ab0ecea7b6bac2815530dacbaf9414aab7b2703bebcfcf92ebd14a127053;3d5812abc84c11768aa73a732c85d75dbed439188f5bb3239e9b762ea31d9862;2026-09-16T18:40:18.343781+00:00;true
LOC-0091;LOC-0092;PUBLIC_TRANSIT;2026-08-17T07:00:00+03:00;OK;391;7;733;LOCAL_TRANSIT_OPTIMISTIC_SCREENING;4b26a6eb3cb1fa0c7a183ae47b432ae249d210e8f67c73675b6d77d903bfc1f5;6ceba1cd2077e3880d6305a6edabcb1f270a66cf3669b050c0c015dd36fe80bf;2026-09-16T18:40:18.343781+00:00;true
LOC-0091;LOC-0093;PUBLIC_TRANSIT;2026-08-17T07:00:00+03:00;OK;367;7;823;LOCAL_TRANSIT_OPTIMISTIC_SCREENING;4dd63673972ab902af1a3a2f4adfba116aef6078716c732733ed7a04c33b8fe8;c25bee883ede47e150c4745fc549e79cc66cc9bb59aedcac73c710418997ae50;2026-09-16T18:40:18.343781+00:00;true
LOC-0091;LOC-0094;PUBLIC_TRANSIT;2026-08-17T07:00:00+03:00;OK;1714;29;7186;LOCAL_TRANSIT_OPTIMISTIC_SCREENING;fbce2cbc56ed3589c19133f4671d2b71773342dc6cfe5bf0f1310aa01069bd2d;ca17f174d416e7a3544f5da3faa2e1cfeeb6287a340d754882ee3dda11b36b91;2026-09-16T18:40:18.343781+00:00;true
LOC-0091;LOC-0095;PUBLIC_TRANSIT;2026-08-17T07:00:00+03:00;OK;1348;23;7991;LOCAL_TRANSIT_OPTIMISTIC_SCREENING;5d580081fffc635b5d32b07708816c395808f33ba8d9b79a134b037e304bf184;9df8fcc0022eed53d4c1f1c88dd709bcd0b19260d3ea6930dcc08d1e17910b4b;2026-09-16T18:40:18.343781+00:00;true
LOC-0091;LOC-0102;PUBLIC_TRANSIT;2026-08-17T07:00:00+03:00;OK;1417;24;8732;LOCAL_TRANSIT_OPTIMISTIC_SCREENING;1d80f25cdd38b3e76fcf26e311ad0901cdd46eae90edd0ee9e09466e8fd3526e;778c9e3dc31c2e5a9714a10de3e714daa70ebcff8ca03fba3b9db73c40b26db7;2026-09-16T18:40:18.343781+00:00;true
LOC-0091;LOC-0112;PUBLIC_TRANSIT;2026-08-17T07:00:00+03:00;OK;988;17;2136;LOCAL_TRANSIT_OPTIMISTIC_SCREENING;b1aec32843cb5e91a82b85f98a60f2a6a6c3b64b43cc8371eb301a185ffb13dd;83d2aff0ac2a78382e2009d16870950c29ca297f2e0fecc32a9ff0ab6364dbf7;2026-09-16T18:40:18.343781+00:00;true
LOC-0091;LOC-0124;PUBLIC_TRANSIT;2026-08-17T07:00:00+03:00;OK;2599;44;10063;LOCAL_TRANSIT_OPTIMISTIC_SCREENING;675db954c16062fe41d71563580da4dc35264e30633e2e195959462f3e9e4c2a;dd18b4cb4d13f34c63bd3dd8115c1f8ba4273c17b496624acf4d1392bd30f20e;2026-09-16T18:40:18.343781+00:00;true
LOC-0091;LOC-0125;PUBLIC_TRANSIT;2026-08-17T07:00:00+03:00;OK;1540;26;4147;LOCAL_TRANSIT_OPTIMISTIC_SCREENING;0b273b234102d9bedf0e7b8ae268eeceb49880c826866e7b7ce1ec798d4b1095;9b71c4c1c3c3c59bb4311b77878d1f0e5af76d63ccda24b99353a629a8183be9;2026-09-16T18:40:18.343781+00:00;true
LOC-0091;LOC-0126;PUBLIC_TRANSIT;2026-08-17T07:00:00+03:00;OK;1029;18;2894;LOCAL_TRANSIT_OPTIMISTIC_SCREENING;2b20dd0ea6d1c14a89dbeff4a0cb33fdb03b48a5add4927fd156225bccf20e37;0bb0931fcf260e314098a0bb65c63dd51b213e65345b068e6423160e00f405e0;2026-09-16T18:40:18.343781+00:00;true
LOC-0091;LOC-0128;PUBLIC_TRANSIT;2026-08-17T07:00:00+03:00;OK;1702;29;4525;LOCAL_TRANSIT_OPTIMISTIC_SCREENING;4b34f3e5f866aadf313fe02d551c32e04f59817ef92e8b60a148fbd7d9dbc95b;49d42fbf3a076b833c82033a7c904eb2b806d29d94e2d32a72f35c5d4c571524;2026-09-16T18:40:18.343781+00:00;true
LOC-0091;LOC-0134;PUBLIC_TRANSIT;2026-08-17T07:00:00+03:00;OK;1812;31;6671;LOCAL_TRANSIT_OPTIMISTIC_SCREENING;22cf1b3f6bab9652f3cead3844cc22559bfd1d5877f59e6bbda0edbcf6ef82a0;c08ed46424288186bdd2e042c378346e138dfc721bfd3b6788b0ed661f656fd1;2026-09-16T18:40:18.343781+00:00;true
LOC-0091;LOC-0135;PUBLIC_TRANSIT;2026-08-17T07:00:00+03:00;OK;1925;33;6810;LOCAL_TRANSIT_OPTIMISTIC_SCREENING;525231ce74130413aec849127ff66c706e0bf74fe7836d53a6ec4c19c9c0123c;4bb9abf140fd37e6b2806b4c03f463a25bf48ab11e72ede4ce9a4b402a7af727;2026-09-16T18:40:18.343781+00:00;true
LOC-0091;LOC-0136;PUBLIC_TRANSIT;2026-08-17T07:00:00+03:00;OK;1878;32;7147;LOCAL_TRANSIT_OPTIMISTIC_SCREENING;1ec4a9a7c0a530241900c5f1e9d9082c839cf2cbe58941f0101c2398dae29991;0c3c5e06d47448b7a23a041d736473d1ed7491a9f158399f420c7508b4fd0cba;2026-09-16T18:40:18.343781+00:00;true
LOC-0091;LOC-0140;PUBLIC_TRANSIT;2026-08-17T07:00:00+03:00;OK;1892;32;7150;LOCAL_TRANSIT_OPTIMISTIC_SCREENING;4321140ffe29dedbf37e2cb440e25662b418ab3e7c68fa6ce84b6e7e5897a836;a8a937fe850f445ef3314e35a154560ccd76aefd61ad13d0cf905cd8985d7814;2026-09-16T18:40:18.343781+00:00;true
LOC-0091;LOC-0141;PUBLIC_TRANSIT;2026-08-17T07:00:00+03:00;OK;2268;38;8371;LOCAL_TRANSIT_OPTIMISTIC_SCREENING;707969584bff2a3c4e2f9ca939800fbb55b8af7c6707f9f25d41991c2943839d;aebda2c30ea23780c0b45434d613b91d92c57c2809362f8e77ddda3f583e2b27;2026-09-16T18:40:18.343781+00:00;true
LOC-0091;LOC-0142;PUBLIC_TRANSIT;2026-08-17T07:00:00+03:00;OK;2203;37;8314;LOCAL_TRANSIT_OPTIMISTIC_SCREENING;b17c14f4be7dae74890dffce4772b67bb9f2a26639bf2cbe146a1d92ab611dde;1bc2fa91eae06229a5c2e4d9acbdcf8255089b0b331466dad617ab0bc43d7fcc;2026-09-16T18:40:18.343781+00:00;true
LOC-0091;LOC-0145;PUBLIC_TRANSIT;2026-08-17T07:00:00+03:00;OK;562;10;1395;LOCAL_TRANSIT_OPTIMISTIC_SCREENING;6978e89ddb6a223031c3d3a205e3d5bc5d7ba43f18ba0f3dc232baf902cd56ce;5f09af198942c54d3b02c97146d95bec98ece4b96ac5c45b9d48f21e3cce0cd0;2026-09-16T18:40:18.343781+00:00;true
LOC-0091;LOC-0148;PUBLIC_TRANSIT;2026-08-17T07:00:00+03:00;OK;1650;28;4492;LOCAL_TRANSIT_OPTIMISTIC_SCREENING;8880bfcbed2a4b4f696cb76b2f21d5dbcdb45fd03f5c53faa4cf6de8a2aa2635;edc6cf61672c3301c24a81485446063f6ff4fd56c5a03c12a9c98c116ef228d4;2026-09-16T18:40:18.343781+00:00;true
LOC-0091;LOC-0149;PUBLIC_TRANSIT;2026-08-17T07:00:00+03:00;OK;1601;27;4336;LOCAL_TRANSIT_OPTIMISTIC_SCREENING;79912ec711e80f3a188fddd82d4d7e8b08f5b6739aee5bcd4837193b6d7d52b0;07daa098dd8c392711129c343795e5c7f4b30adabb06f87d053da824b05c8ed9;2026-09-16T18:40:18.343781+00:00;true
LOC-0091;LOC-0150;PUBLIC_TRANSIT;2026-08-17T07:00:00+03:00;OK;1589;27;4237;LOCAL_TRANSIT_OPTIMISTIC_SCREENING;6f527d6199cf9e7f440d540acc2c60990f6cbeb9e6cb3885af2468774d0dc6fb;30a8c8a2547187d322ab8f0b66606790fdd0804ab2291c11d25cc266b5eead44;2026-09-16T18:40:18.343781+00:00;true
LOC-0091;LOC-0151;PUBLIC_TRANSIT;2026-08-17T07:00:00+03:00;OK;1783;30;4831;LOCAL_TRANSIT_OPTIMISTIC_SCREENING;02eae84c9e4a82f525c646e1417184b1b7654bfcb7f0c67408aa207a80926a76;491ce40f29ea1da05d8d0319c199a78130ef742c4c079bc7f153438ca62df950;2026-09-16T18:40:18.343781+00:00;true
LOC-0091;LOC-0152;PUBLIC_TRANSIT;2026-08-17T07:00:00+03:00;OK;1817;31;4869;LOCAL_TRANSIT_OPTIMISTIC_SCREENING;722e0a80b52259cd3d8478ee3cf9a8608fd533041efdc8c71811eb7aa388f8a7;a26df44d8c7a99ced6d1165e51f1c0255b8f6894bae3dc3004e98638304f34e8;2026-09-16T18:40:18.343781+00:00;true
LOC-0091;LOC-0190;PUBLIC_TRANSIT;2026-08-17T07:00:00+03:00;OK;775;13;2229;LOCAL_TRANSIT_OPTIMISTIC_SCREENING;704ee7df7b3d9bf125da2ad646040595463b267bbf66aeaa9ca891dc2ca2e8c6;927acd116c8d60f7e7cecac19b44c3c99f5c6e8e6dda0ae25228e7e806507d56;2026-09-16T18:40:18.343781+00:00;true
LOC-0091;LOC-0196;PUBLIC_TRANSIT;2026-08-17T07:00:00+03:00;OK;1705;29;5137;LOCAL_TRANSIT_OPTIMISTIC_SCREENING;3fc1dbb4b958a67170cc697ecfa7265723affa6d6c2cf087c28511628ed9c50e;cd11a36cfe724a39dd29b23c33d259e73a59f966b4c5d66db25fb7e907a92055;2026-09-16T18:40:18.343781+00:00;true
LOC-0092;LOC-0002;PUBLIC_TRANSIT;2026-08-17T07:00:00+03:00;OK;2091;35;6486;LOCAL_TRANSIT_OPTIMISTIC_SCREENING;a0e56dc1e81992b12fa336d26b2fa77ffd2189f372d9023039a7098f6449433d;df2aa256568f6c141024d6abf438fe026baf516ef962945659986ac5e8f5a55d;2026-09-16T18:40:18.343781+00:00;true
LOC-0092;LOC-0008;PUBLIC_TRANSIT;2026-08-17T07:00:00+03:00;OK;695;12;1723;LOCAL_TRANSIT_OPTIMISTIC_SCREENING;7d54f5f582d852573c07e3ac24502761a805c75bf037c2b3a1a0c089c0cb198c;0319c1d57dbe09fadf168c621297a900e80454b55314c75c25c4437ff17add64;2026-09-16T18:40:18.343781+00:00;true
LOC-0092;LOC-0009;PUBLIC_TRANSIT;2026-08-17T07:00:00+03:00;OK;2901;49;9657;LOCAL_TRANSIT_OPTIMISTIC_SCREENING;90509bfa2e240885fdfe7d85beebc695759b91be9e18e3aed11d6f531b4ea9b2;d09a4700919825c245051897fbf3843c5166b5f8dbdb8bb6ed0fce8fd7dcb392;2026-09-16T18:40:18.343781+00:00;true
LOC-0092;LOC-0010;PUBLIC_TRANSIT;2026-08-17T07:00:00+03:00;OK;723;13;1575;LOCAL_TRANSIT_OPTIMISTIC_SCREENING;11d83d9320fc9ec7fde3c026622a63850bcba90dbcb76773e661a8abcc930bec;c32366540253a5d8091f89699c875bf70cab03e4dd62a39219fa37010c75e0cf;2026-09-16T18:40:18.343781+00:00;true
LOC-0092;LOC-0011;PUBLIC_TRANSIT;2026-08-17T07:00:00+03:00;OK;973;17;2172;LOCAL_TRANSIT_OPTIMISTIC_SCREENING;bd2ddaf6e367ae1d624db8979b4f0324c13c18c7b4ca214d8d749f81cccb3f97;2aed048aa09a4148721409326655599c0e341a7421151f7364cd6553b06dc9f4;2026-09-16T18:40:18.343781+00:00;true
LOC-0092;LOC-0012;PUBLIC_TRANSIT;2026-08-17T07:00:00+03:00;OK;658;11;1389;LOCAL_TRANSIT_OPTIMISTIC_SCREENING;84d98425e687ac1467da4e46b6b0ad6f48929330318e9fa43eff8ddadc3973f9;c8938ea08683767d5bc94df6468fca024014fac94265f3a4e2b276c129c57e12;2026-09-16T18:40:18.343781+00:00;true
LOC-0092;LOC-0013;PUBLIC_TRANSIT;2026-08-17T07:00:00+03:00;OK;2356;40;7534;LOCAL_TRANSIT_OPTIMISTIC_SCREENING;f546ef2a58fdb5402bc5dfe971d4b0e849550d5b4f7b3d2b68c407504686df4f;eba0b6be5f56a0954db88cd107a047ed8f5a85014e2ce4831af3d66e5e186f99;2026-09-16T18:40:18.343781+00:00;true
LOC-0092;LOC-0016;PUBLIC_TRANSIT;2026-08-17T07:00:00+03:00;OK;2202;37;8081;LOCAL_TRANSIT_OPTIMISTIC_SCREENING;50fa3f9037cf01ae06bc85369767137e118c83622ae803c59151b47f8645f87d;209b9bc0362c458a506a4e4daf51f446e43daafd93f414d0750e0b98f2153805;2026-09-16T18:40:18.343781+00:00;true
LOC-0092;LOC-0017;PUBLIC_TRANSIT;2026-08-17T07:00:00+03:00;OK;2073;35;4417;LOCAL_TRANSIT_OPTIMISTIC_SCREENING;b1601904c6dbcc6b03096c4125c3a012ff0ac1987a2f401b930891e4ad91c9cf;c653affe4d701e7ae85d3d923fe5e68f99a5c3e698d22e80cbac74973a4e75a5;2026-09-16T18:40:18.343781+00:00;true
LOC-0092;LOC-0018;PUBLIC_TRANSIT;2026-08-17T07:00:00+03:00;OK;1577;27;3796;LOCAL_TRANSIT_OPTIMISTIC_SCREENING;5f50908ea7353e21365735bac9c22fab1e8d7a1544718d7265470f9d638c659b;f173974f5b24a7567e1c4e67868d15d435eeb936bd80fb010dbb2104fd2ea36e;2026-09-16T18:40:18.343781+00:00;true
LOC-0092;LOC-0019;PUBLIC_TRANSIT;2026-08-17T07:00:00+03:00;OK;939;16;1727;LOCAL_TRANSIT_OPTIMISTIC_SCREENING;a5101781e268fa906f894927e657e4e80d63600522ae894cce452232c0e39ca2;c9c570c47666116c61ce13e685671a2cf07c9aeeb073b82d4c5621c20e3d3e85;2026-09-16T18:40:18.343781+00:00;true
LOC-0092;LOC-0020;PUBLIC_TRANSIT;2026-08-17T07:00:00+03:00;OK;583;10;982;LOCAL_TRANSIT_OPTIMISTIC_SCREENING;f5a2abe807f6877650a8432fae4855865af7d6d45561cee5a8384dbd01b5355a;25f63a09067c82c3f5334e895229e48bd7cb705334931bbcfe3604b93065cb63;2026-09-16T18:40:18.343781+00:00;true
LOC-0092;LOC-0023;PUBLIC_TRANSIT;2026-08-17T07:00:00+03:00;OK;1290;22;3135;LOCAL_TRANSIT_OPTIMISTIC_SCREENING;cf9073d3475e135b1401ad44514be684189e8ca00670424199704509d9b98417;b69619d1f90f68a5ed6ee791ec44a59029f110b5c5727d850c4fc8f18a8831f1;2026-09-16T18:40:18.343781+00:00;true
LOC-0092;LOC-0027;PUBLIC_TRANSIT;2026-08-17T07:00:00+03:00;OK;1973;33;4274;LOCAL_TRANSIT_OPTIMISTIC_SCREENING;c0986ebdccc6bc57d8103fb346848986d0644c2176ef529ecb7ea7c2b2d79715;0495bf909f0ca7bfa53a6bb03647f080664431a36d41f476f3b9700b453c5be3;2026-09-16T18:40:18.343781+00:00;true
LOC-0092;LOC-0028;PUBLIC_TRANSIT;2026-08-17T07:00:00+03:00;OK;2364;40;7188;LOCAL_TRANSIT_OPTIMISTIC_SCREENING;716bc72d98608092cb6882e1f50e07436e1ed6252dc607c28ff8cd21bcdaf70f;3eaef9eb5bd3bb29dfe9e6f6fdd065ba5fcef3429a665096a915aaae934ef434;2026-09-16T18:40:18.343781+00:00;true
LOC-0092;LOC-0029;PUBLIC_TRANSIT;2026-08-17T07:00:00+03:00;OK;2304;39;7155;LOCAL_TRANSIT_OPTIMISTIC_SCREENING;f65e9188ed11d3ec2d4899c5cad91c2ff1f1e0f20909f274514a78d30b5c3214;4a8f5a3e5ff2d95d5a0cab5a6335857e47ceffdb63367f529f07cc97729bbf3e;2026-09-16T18:40:18.343781+00:00;true
LOC-0092;LOC-0037;PUBLIC_TRANSIT;2026-08-17T07:00:00+03:00;OK;1636;28;5026;LOCAL_TRANSIT_OPTIMISTIC_SCREENING;81a190c0397c40050bdd5a76f0aea7a34f11c9ab3a27cbabcd1416f06b9c153a;e96088f20031141bf1a881217ffd284e0afe2a9fd30436a552650d9c969e8fef;2026-09-16T18:40:18.343781+00:00;true
LOC-0092;LOC-0045;PUBLIC_TRANSIT;2026-08-17T07:00:00+03:00;OK;1872;32;6275;LOCAL_TRANSIT_OPTIMISTIC_SCREENING;9e0a500e5a684f156a3940d3f5c1130e94ddbab309f8849e3ea15dad9ca646b0;883cba5d8b232b5a510af1d03510aabff3f77b50994ca5466276e5ab719e43e9;2026-09-16T18:40:18.343781+00:00;true
LOC-0092;LOC-0053;PUBLIC_TRANSIT;2026-08-17T07:00:00+03:00;OK;1960;33;7398;LOCAL_TRANSIT_OPTIMISTIC_SCREENING;7ea4acbbf50e871213c692543698dfc1c0647752cc1e234cf403cf0dca7f2b04;01f9f847d17df38cf8c331d77bd466dea7ab3bdfb39992803b53cba180a7e6b6;2026-09-16T18:40:18.343781+00:00;true
LOC-0092;LOC-0054;PUBLIC_TRANSIT;2026-08-17T07:00:00+03:00;OK;1948;33;4564;LOCAL_TRANSIT_OPTIMISTIC_SCREENING;029be7da6d521e4e36807c9825b764972f396fb07be9d90252bdad371a85a806;b2c7d308e3e97d3c2a7283dc16d99220bff8061ee6285050fc1c2eaba17913cb;2026-09-16T18:40:18.343781+00:00;true
LOC-0092;LOC-0061;PUBLIC_TRANSIT;2026-08-17T07:00:00+03:00;OK;950;16;1753;LOCAL_TRANSIT_OPTIMISTIC_SCREENING;f4d6fe6dc8423c3fbe4b68a77745e97e336ff4873cc7a4f3a533f0559cf8dab1;a67eb9fd2206c30201b57e76053b0cede19c1a2064993110657c7fb355a5ff12;2026-09-16T18:40:18.343781+00:00;true
LOC-0092;LOC-0063;PUBLIC_TRANSIT;2026-08-17T07:00:00+03:00;OK;2081;35;8534;LOCAL_TRANSIT_OPTIMISTIC_SCREENING;10a04c75e7bbae287164927c49af6222b54179861db10550374a01d0acdd4980;0d5ba24d07fbc1a4f50c848f4ebbc6c20bb56600e62d0341a3f534bca68e4caf;2026-09-16T18:40:18.343781+00:00;true
LOC-0092;LOC-0064;PUBLIC_TRANSIT;2026-08-17T07:00:00+03:00;OK;1922;33;8090;LOCAL_TRANSIT_OPTIMISTIC_SCREENING;21f3d5b6fdc0168530319fa3afa8a3eed7ddbabeff855eef03b66818a1a17970;6a1cb3141c62fd8c85f5851744049b94f1418f0fc772236fd83f0d6ad952cdfe;2026-09-16T18:40:18.343781+00:00;true
LOC-0092;LOC-0074;PUBLIC_TRANSIT;2026-08-17T07:00:00+03:00;OK;1817;31;3345;LOCAL_TRANSIT_OPTIMISTIC_SCREENING;f19acf645ac2245f79e31ba141062cf121e0fd9aa60366823f16b5cac000d21c;7903c5153eacf5474a62ff2e2514742e54b66b83136dedae5ea3bbbfeec217b7;2026-09-16T18:40:18.343781+00:00;true
LOC-0092;LOC-0075;PUBLIC_TRANSIT;2026-08-17T07:00:00+03:00;OK;1769;30;3813;LOCAL_TRANSIT_OPTIMISTIC_SCREENING;52c81c28bd07ae362ea5a89534467fad0b1b4658cf4f08797608a7a899b18903;f4baf03be5cab4947df9cdae65f4f31c628fe9f3f53c1b4ee9f0470f8fae682b;2026-09-16T18:40:18.343781+00:00;true
LOC-0092;LOC-0076;PUBLIC_TRANSIT;2026-08-17T07:00:00+03:00;OK;2498;42;8422;LOCAL_TRANSIT_OPTIMISTIC_SCREENING;a3f08345b68fe6a93fc5fa58180a56163ae91b6ce4decdd25cf21b5d1f26a746;a47682d0fc0fcc9c38b306b8b54b8acfa915922bd8ce12418e42b1957d13de49;2026-09-16T18:40:18.343781+00:00;true
LOC-0092;LOC-0078;PUBLIC_TRANSIT;2026-08-17T07:00:00+03:00;OK;1980;33;6993;LOCAL_TRANSIT_OPTIMISTIC_SCREENING;4646ef4656a4c7f8e7d3e2a536934c89ca0a2e31e2817890bd5f1cacd516830b;320900f64c4c60e5d2d181f27b9c69b827c193a085813147ade3b8497af70c93;2026-09-16T18:40:18.343781+00:00;true
LOC-0092;LOC-0080;PUBLIC_TRANSIT;2026-08-17T07:00:00+03:00;OK;1453;25;3361;LOCAL_TRANSIT_OPTIMISTIC_SCREENING;e2edeeeaf4b77633c0979edc4afc9ba7dd0ba6cf78a4debb40a7c1f38bc467d9;4869dec8a5af8f806a84c90617649dfe5af33cc1bea3a0ecd80ebaa30bd5ca9f;2026-09-16T18:40:18.343781+00:00;true
LOC-0092;LOC-0082;PUBLIC_TRANSIT;2026-08-17T07:00:00+03:00;OK;2208;37;7934;LOCAL_TRANSIT_OPTIMISTIC_SCREENING;56f7a4bc88b3fb1ce74c315e5159f2f3409d254aabd2d5d24e856e882241e37f;9c83869475d0619ce8fa12af71d5e792f62eaf559062e6260bad35ebc92b93df;2026-09-16T18:40:18.343781+00:00;true
LOC-0092;LOC-0085;PUBLIC_TRANSIT;2026-08-17T07:00:00+03:00;OK;1820;31;7185;LOCAL_TRANSIT_OPTIMISTIC_SCREENING;0e51837ccfd255659d836cdf5ce623f293512c48e533a199f0f2eaf974ba04bc;ffd4b34f98a7fd3a848b466503faa8cb4728b4eceda514b96f81b4dd159e5f8d;2026-09-16T18:40:18.343781+00:00;true
LOC-0092;LOC-0086;PUBLIC_TRANSIT;2026-08-17T07:00:00+03:00;OK;1602;27;6952;LOCAL_TRANSIT_OPTIMISTIC_SCREENING;99ebc58b4cb29bd1b06dfe63449abb80ea9d57821950f67acab12f41a36db3c1;e515bca9c14b0fdebb29ebfda02dd1a1339461a30e2d3d71a89a857847be09c0;2026-09-16T18:40:18.343781+00:00;true
LOC-0092;LOC-0091;PUBLIC_TRANSIT;2026-08-17T07:00:00+03:00;OK;354;6;733;LOCAL_TRANSIT_OPTIMISTIC_SCREENING;8afd26bf8ff96508008a2562fc681c78f6e68d6b3120397c63a2f6e6cee81d2b;aa29cd455776206dfc48ecb16af0722086680d54d2e976d9e335bcf7247c56a5;2026-09-16T18:40:18.343781+00:00;true
LOC-0092;LOC-0092;PUBLIC_TRANSIT;2026-08-17T07:00:00+03:00;OK;0;0;0;LOCAL_TRANSIT_OPTIMISTIC_SCREENING;941b9dec039a665b6ffcd681c326ba4c38fdc5d0cda6be1639d186f66f953a40;3d5812abc84c11768aa73a732c85d75dbed439188f5bb3239e9b762ea31d9862;2026-09-16T18:40:18.343781+00:00;true
LOC-0092;LOC-0093;PUBLIC_TRANSIT;2026-08-17T07:00:00+03:00;OK;227;4;322;LOCAL_TRANSIT_OPTIMISTIC_SCREENING;81d9d0b3006ec65ff488150c567d46e811cfdd56611be4a06d529cf27e10c750;ead130313ba3715bffdd03ea93359424b023887dee5dc2028ffeb67ae4e6c12c;2026-09-16T18:40:18.343781+00:00;true
LOC-0092;LOC-0094;PUBLIC_TRANSIT;2026-08-17T07:00:00+03:00;OK;1988;34;7480;LOCAL_TRANSIT_OPTIMISTIC_SCREENING;cd06ef7dd6eb2414a8049640c1da50af08c05778a990bf6f3c5c4274efab2f43;e8de870007b4998abd5a9ea11d3bca2cf4563f1eb8fa847c7dd664d3678e3465;2026-09-16T18:40:18.343781+00:00;true
LOC-0092;LOC-0095;PUBLIC_TRANSIT;2026-08-17T07:00:00+03:00;OK;1622;28;8267;LOCAL_TRANSIT_OPTIMISTIC_SCREENING;362c9ce18890de181e421fde40a6a5b5ef364f3fe91c1269f85efb86fb9eab5c;690fbd838a6c068fd8c914250915b4e8f934e3ce95dd223ec48cb8f17b58b804;2026-09-16T18:40:18.343781+00:00;true
LOC-0092;LOC-0102;PUBLIC_TRANSIT;2026-08-17T07:00:00+03:00;OK;1691;29;8377;LOCAL_TRANSIT_OPTIMISTIC_SCREENING;db370fb043a501c19e000b0424c175ee98ed5b74c993670c84f7dbc0db7739a8;fa66fd2f9c56594e01f269bf466f502f2774c7594e46cf8cdf86cb39f1293552;2026-09-16T18:40:18.343781+00:00;true
LOC-0092;LOC-0112;PUBLIC_TRANSIT;2026-08-17T07:00:00+03:00;OK;969;17;1689;LOCAL_TRANSIT_OPTIMISTIC_SCREENING;5758e89f13d853d1f24874482ee96c77b37a4c990ab7e8a4a02687273d1be700;fb12f9ecf63109c6838ff4c99101b2d5f8daa9dd6f23d7dc924c268021114f31;2026-09-16T18:40:18.343781+00:00;true
LOC-0092;LOC-0124;PUBLIC_TRANSIT;2026-08-17T07:00:00+03:00;OK;2580;43;9519;LOCAL_TRANSIT_OPTIMISTIC_SCREENING;11df2f9e7db053e33b7312c45ee09d32ecb7567103b70d768e11a04861d67f88;4f87980f57f461c5affb9243cef72237da8640f9a8f299317bb2205b4d79da8a;2026-09-16T18:40:18.343781+00:00;true
LOC-0092;LOC-0125;PUBLIC_TRANSIT;2026-08-17T07:00:00+03:00;OK;1521;26;3512;LOCAL_TRANSIT_OPTIMISTIC_SCREENING;ba23f788a9aac5e3e7923fe51afac238f07a1c4afeb571fa5a47bc640acfda48;588502d467403af76d16d17df037fb2cdf482261d9e1feac60356de24959f50e;2026-09-16T18:40:18.343781+00:00;true
LOC-0092;LOC-0126;PUBLIC_TRANSIT;2026-08-17T07:00:00+03:00;OK;1303;22;2645;LOCAL_TRANSIT_OPTIMISTIC_SCREENING;d2d87b0cd90e71544f2dc65b1ed4803d731ce5c70a0145943bc174433058fd6a;110e05565efdafe0ad474d61ed85735fc51a79806c2facb3fc22102a8df910c7;2026-09-16T18:40:18.343781+00:00;true
LOC-0092;LOC-0128;PUBLIC_TRANSIT;2026-08-17T07:00:00+03:00;OK;1976;33;4778;LOCAL_TRANSIT_OPTIMISTIC_SCREENING;9dbccf4f2022cce23782ad7993af6d434bb4d6088dd2663063e1f66ffdf0d93a;67a34692040447200cd20f7cb22c5a2bf52094daa2103b09cbc8096dd34a7d70;2026-09-16T18:40:18.343781+00:00;true
LOC-0092;LOC-0134;PUBLIC_TRANSIT;2026-08-17T07:00:00+03:00;OK;2086;35;6868;LOCAL_TRANSIT_OPTIMISTIC_SCREENING;9e8491d2c1dd2760c960cab97caef5df732ee22b5e939b9a6d154e17f70a7517;0ce369573b91e6cbd8623ec914b23af348cc9ca054ce839ee4fda09c5605f7cf;2026-09-16T18:40:18.343781+00:00;true
LOC-0092;LOC-0135;PUBLIC_TRANSIT;2026-08-17T07:00:00+03:00;OK;2199;37;6997;LOCAL_TRANSIT_OPTIMISTIC_SCREENING;82a2f3125e769af60591a48a269195d91715d399a4a035611f4a182b9db0c3ac;4078da7002791690b2c85f3a2f06d918ebf6ec9411468693e590a81a40e6bd93;2026-09-16T18:40:18.343781+00:00;true
LOC-0092;LOC-0136;PUBLIC_TRANSIT;2026-08-17T07:00:00+03:00;OK;2152;36;7363;LOCAL_TRANSIT_OPTIMISTIC_SCREENING;39500b769303dee87b2031aaf105950017fecf498862d37da4622d9c1728a3f6;812a8ec1984b9ae15610b8d2df946a90fd4c6af94cb31b1eec7e3fde44f76a1a;2026-09-16T18:40:18.343781+00:00;true
LOC-0092;LOC-0140;PUBLIC_TRANSIT;2026-08-17T07:00:00+03:00;OK;2166;37;7114;LOCAL_TRANSIT_OPTIMISTIC_SCREENING;bc25ca813703a279efca37ae25a4ad0004d09db19a7ba9af369ed2f0e8b00839;3cb55e4800bb60875c4b83bcf792f744614811e79c7b69fe2876dc16746b052b;2026-09-16T18:40:18.343781+00:00;true
LOC-0092;LOC-0141;PUBLIC_TRANSIT;2026-08-17T07:00:00+03:00;OK;2285;39;7780;LOCAL_TRANSIT_OPTIMISTIC_SCREENING;83064cfa907a878dcbc91bdc5d2dff22cd4c43813013c1b728f60a88537c032c;933bb5dba5a6328c4f497383c92918f9131c5e039156256a23a67e7692c14995;2026-09-16T18:40:18.343781+00:00;true
LOC-0092;LOC-0142;PUBLIC_TRANSIT;2026-08-17T07:00:00+03:00;OK;2220;37;7717;LOCAL_TRANSIT_OPTIMISTIC_SCREENING;b7596a1226d2de29c7a6e2dc68354cabe8b21d7c1a2adc330c8bf3be895fef7a;374b705081ccba31d2a66d8379498a1cf7f3d89ac7244bb03a08f923d0e78877;2026-09-16T18:40:18.343781+00:00;true
LOC-0092;LOC-0145;PUBLIC_TRANSIT;2026-08-17T07:00:00+03:00;OK;450;8;952;LOCAL_TRANSIT_OPTIMISTIC_SCREENING;575c30c37453ade17f6540532b2f1249d467b0075309b1366db46ed0f9ab487a;5346ca832e63d194fa31074ab4fa26e0059530c99d477372180ab7f9d17bf85e;2026-09-16T18:40:18.343781+00:00;true
LOC-0092;LOC-0148;PUBLIC_TRANSIT;2026-08-17T07:00:00+03:00;OK;1924;33;3985;LOCAL_TRANSIT_OPTIMISTIC_SCREENING;aa7f48a77fd7d83df1b753b01bf47df173ad57b6c86e471de2067a7b0c92d1da;0dd4c5a2b01128de5cfd66812247d174972f7028172361dd815788f83fb71900;2026-09-16T18:40:18.343781+00:00;true
LOC-0092;LOC-0149;PUBLIC_TRANSIT;2026-08-17T07:00:00+03:00;OK;1875;32;3859;LOCAL_TRANSIT_OPTIMISTIC_SCREENING;b55fa99f692873c369c7d44da6617ec9261b5c2b2331021eaa294062c9a41594;49754d25f9860ee79490664161047fd192f0bd9e7fa555565acce952bcc09a06;2026-09-16T18:40:18.343781+00:00;true
LOC-0092;LOC-0150;PUBLIC_TRANSIT;2026-08-17T07:00:00+03:00;OK;1863;32;3783;LOCAL_TRANSIT_OPTIMISTIC_SCREENING;75c233fee93887cf3bd4eb29a0498a781668433244b3e186662c3a393e2bdc89;96d42e504ca7621ca9d4d43b810e0c10091d994c136a891ca4a584b7ea7a4df9;2026-09-16T18:40:18.343781+00:00;true
LOC-0092;LOC-0151;PUBLIC_TRANSIT;2026-08-17T07:00:00+03:00;OK;1934;33;4290;LOCAL_TRANSIT_OPTIMISTIC_SCREENING;d7745771b5325c1b1d3e19d56b8063952dc2eea2fc4f6de3f36076ea9dc9584d;c0caa3c561b7ca182c93fe5eacbdf14866cdf309b51b650ce035203c08145d72;2026-09-16T18:40:18.343781+00:00;true
LOC-0092;LOC-0152;PUBLIC_TRANSIT;2026-08-17T07:00:00+03:00;OK;1957;33;4335;LOCAL_TRANSIT_OPTIMISTIC_SCREENING;940dae9a058b4f9ae9f182b8aaaded68ba4ca14e7783f8c5612a474b17dc5de1;4086aa4b536e7f52f0872b95889ff314b7726ee16fae1bd0741790896453c6f0;2026-09-16T18:40:18.343781+00:00;true
LOC-0092;LOC-0190;PUBLIC_TRANSIT;2026-08-17T07:00:00+03:00;OK;1049;18;2372;LOCAL_TRANSIT_OPTIMISTIC_SCREENING;6fb3ba9c9b86c6b4c0b1ce709a2a7a7b5a9dd3bff133ff6accfb5edaff0aa550;1b82671bee827c460fad14565b4abf7684faf72799115ba79ca4750f6c720041;2026-09-16T18:40:18.343781+00:00;true
LOC-0092;LOC-0196;PUBLIC_TRANSIT;2026-08-17T07:00:00+03:00;OK;1661;28;4414;LOCAL_TRANSIT_OPTIMISTIC_SCREENING;5bc6affd83795eba650e40177448db561338f92e17aa82d5d7834251f84c57ac;3f5986bac461f2fd958807d6c591e004f53ca6f522ca81940c6bcaf5652a9238;2026-09-16T18:40:18.343781+00:00;true
LOC-0093;LOC-0002;PUBLIC_TRANSIT;2026-08-17T07:00:00+03:00;OK;2053;35;6322;LOCAL_TRANSIT_OPTIMISTIC_SCREENING;c5a8ae9619be3840c816374c017723440ca5140009ca5d7f6aba7e7e393496d2;faa82ab9fbde283d3fb5f4de57de221b6d2b48688c984bd4a08ad92e96a368f5;2026-09-16T18:40:18.343781+00:00;true
LOC-0093;LOC-0008;PUBLIC_TRANSIT;2026-08-17T07:00:00+03:00;OK;657;11;1739;LOCAL_TRANSIT_OPTIMISTIC_SCREENING;3a4d3d5e5cbdc19e6c08230ed15c8dfe86993bee296bdf642201fba47fdb45bc;54c9ebdbf7c95949f6623f835874b9c44bb8bd05da17cb7b3d8c1925b067da24;2026-09-16T18:40:18.343781+00:00;true
LOC-0093;LOC-0009;PUBLIC_TRANSIT;2026-08-17T07:00:00+03:00;OK;2822;48;9471;LOCAL_TRANSIT_OPTIMISTIC_SCREENING;add9ec088fb0cffe2c065414dd4235f2aa682445bf6a985aedd587b4940c0558;cf88435100afbb85f9b0847afc77da212b8c53b66ee30332febf585bdf290b71;2026-09-16T18:40:18.343781+00:00;true
LOC-0093;LOC-0010;PUBLIC_TRANSIT;2026-08-17T07:00:00+03:00;OK;685;12;1669;LOCAL_TRANSIT_OPTIMISTIC_SCREENING;bee76261afb2615eaf4f15a393e22462ea799f828bd2803fed7d7e54cd39bb30;81e1de4efbc9949efc70b309f4544c4b6015f47ac027e1356b16306253e6dd10;2026-09-16T18:40:18.343781+00:00;true
LOC-0093;LOC-0011;PUBLIC_TRANSIT;2026-08-17T07:00:00+03:00;OK;935;16;2128;LOCAL_TRANSIT_OPTIMISTIC_SCREENING;133e83ba7f78656056df8e433abd84456fced80849aeb7e7a63be75d7e8d99c9;0270d1ef83478765b854eef861c0488e2451c2c8ee7e241c87c19db51b78d1f9;2026-09-16T18:40:18.343781+00:00;true
LOC-0093;LOC-0012;PUBLIC_TRANSIT;2026-08-17T07:00:00+03:00;OK;620;11;1334;LOCAL_TRANSIT_OPTIMISTIC_SCREENING;26c0b669322ec85c8900d2b98f63a7e74679c95574a380dde6844b844a60346a;b230c16fd0aa81013cb50c610268f1436d9c76e4aa00aedf65fdc15991b1c715;2026-09-16T18:40:18.343781+00:00;true
LOC-0093;LOC-0013;PUBLIC_TRANSIT;2026-08-17T07:00:00+03:00;OK;2318;39;7369;LOCAL_TRANSIT_OPTIMISTIC_SCREENING;98cc9a6c74b6ff8de17ef9743ca2fffd8db9ad3c52c0f2091c855490b0084a78;1085e574ec08e72ac6276ee78903945b103faab268b770fd1bf48dbae5392774;2026-09-16T18:40:18.343781+00:00;true
LOC-0093;LOC-0016;PUBLIC_TRANSIT;2026-08-17T07:00:00+03:00;OK;2164;37;7879;LOCAL_TRANSIT_OPTIMISTIC_SCREENING;134f5fe1ee697814e423c2cd2868e4ef9a028ed13dbd3a01ed23f8d59fa690b5;dde5a9188822ea69d2ee6835de219ef8d12d25c9505792415c7b78d01c65914f;2026-09-16T18:40:18.343781+00:00;true
LOC-0093;LOC-0017;PUBLIC_TRANSIT;2026-08-17T07:00:00+03:00;OK;1947;33;4235;LOCAL_TRANSIT_OPTIMISTIC_SCREENING;64f115a0d4cd9454dc068f219cf207ddd6fc12a3e5e4178de2ab790874fb3ad1;5c6c8827f9706c5b517a94586cd33464bf387ef969e6afb45ac342eeae1f8e7b;2026-09-16T18:40:18.343781+00:00;true
LOC-0093;LOC-0018;PUBLIC_TRANSIT;2026-08-17T07:00:00+03:00;OK;1451;25;3626;LOCAL_TRANSIT_OPTIMISTIC_SCREENING;302d34a928f0a802a2fda2a9930346094c956fb78fb0455a0e41ec3561f352f0;e09d36f99a0628e683e6cd6d2152a21993fa0e3eec4d06168485882795a10936;2026-09-16T18:40:18.343781+00:00;true
LOC-0093;LOC-0019;PUBLIC_TRANSIT;2026-08-17T07:00:00+03:00;OK;901;16;1847;LOCAL_TRANSIT_OPTIMISTIC_SCREENING;1de2f2effb905dfc98b9864b9cd0b6412416de4517b49563e45fd29c4704993d;ba5126fea0b4c8a4f64b18d74722089f263104dbbf5266774fc5ea8417f26919;2026-09-16T18:40:18.343781+00:00;true
LOC-0093;LOC-0020;PUBLIC_TRANSIT;2026-08-17T07:00:00+03:00;OK;545;10;1178;LOCAL_TRANSIT_OPTIMISTIC_SCREENING;a0d230da3e6ebce005ef5e31f7247e7d7204dacc0ade52fb2b19563935f6f578;69a61d70ffb8e32036f4b0a6c246624fbc887d30aa83bfabcf1c1db8cdcf85d4;2026-09-16T18:40:18.343781+00:00;true
LOC-0093;LOC-0023;PUBLIC_TRANSIT;2026-08-17T07:00:00+03:00;OK;1164;20;3014;LOCAL_TRANSIT_OPTIMISTIC_SCREENING;30c25931bfaf63ef61d0780b58e7169e44563e26e802135d3566ea86e07b8500;778762286ad274e69a7db2747c4dee92c0d5b2e9b58dae72f52b1e4a1259e96a;2026-09-16T18:40:18.343781+00:00;true
LOC-0093;LOC-0027;PUBLIC_TRANSIT;2026-08-17T07:00:00+03:00;OK;1847;31;4069;LOCAL_TRANSIT_OPTIMISTIC_SCREENING;0545b9b55e94c8ff768729ce7767a3b92ed8c7cfa202748754037c79b356f636;460f9ff34ac02cf88802facd17da0d20b432bee5540b8ab82c4f683f63d6fd29;2026-09-16T18:40:18.343781+00:00;true
LOC-0093;LOC-0028;PUBLIC_TRANSIT;2026-08-17T07:00:00+03:00;OK;2326;39;6983;LOCAL_TRANSIT_OPTIMISTIC_SCREENING;c9f95abb3291e606ad1f33517256517d573b90047447aee37d60b32cd7ee8fe4;2cb60a84b82af7a1e370cedeee25f56a3b8d3336cfd5e19ec33b26476921ce86;2026-09-16T18:40:18.343781+00:00;true
LOC-0093;LOC-0029;PUBLIC_TRANSIT;2026-08-17T07:00:00+03:00;OK;2266;38;6950;LOCAL_TRANSIT_OPTIMISTIC_SCREENING;393d75988e77a5a0e8c54414c0ee9ebc5fef6579805f7da5138d480e71531b21;e5cb91c1329cd557547d05254f2ec526d2ee3e969059af8ee0625f4f89a5d9b5;2026-09-16T18:40:18.343781+00:00;true
LOC-0093;LOC-0037;PUBLIC_TRANSIT;2026-08-17T07:00:00+03:00;OK;1598;27;4888;LOCAL_TRANSIT_OPTIMISTIC_SCREENING;e519e7634c7cede11b51d4a17ef365697aa3248d5c8a495c975d2a9dabc8e8f5;a90482d75ac817ebe42858b61d2ca44116503e3dcfdadbef8143739a627d944e;2026-09-16T18:40:18.343781+00:00;true
LOC-0093;LOC-0045;PUBLIC_TRANSIT;2026-08-17T07:00:00+03:00;OK;1834;31;6071;LOCAL_TRANSIT_OPTIMISTIC_SCREENING;ab1f85d509c91c39025dcf93739a3c79893b4a42c6e6fc3f0907082e603d4d54;efb13c5c5714796783140f77d034eb2dbef15dd82966c5c1652471a6b3425069;2026-09-16T18:40:18.343781+00:00;true
LOC-0093;LOC-0053;PUBLIC_TRANSIT;2026-08-17T07:00:00+03:00;OK;1922;33;7199;LOCAL_TRANSIT_OPTIMISTIC_SCREENING;3ac6fd925383572ee52e65358e51f488fc13f10053bd1991a7eed096a8d502d3;3acae350f69111b2a595e8a1ebee292bdd914d913076a12513e1852e24095bcc;2026-09-16T18:40:18.343781+00:00;true
LOC-0093;LOC-0054;PUBLIC_TRANSIT;2026-08-17T07:00:00+03:00;OK;1910;32;4417;LOCAL_TRANSIT_OPTIMISTIC_SCREENING;158349967182c6261301dc8c9347484a399f53549c835b11824ac7e83370cf5a;72cfa4b8b5ea81cfa8360a18890761292980abafe4aa562b587c44f23a9b16d6;2026-09-16T18:40:18.343781+00:00;true
LOC-0093;LOC-0061;PUBLIC_TRANSIT;2026-08-17T07:00:00+03:00;OK;912;16;1678;LOCAL_TRANSIT_OPTIMISTIC_SCREENING;9ba8030dbd979960aa04ada5da7a41d31b33156aa03fee65eeff0cab167cf613;b7288e4d35f9f78042241121a73e15f41775d07a2b52a7fbd6724ae94bcecad6;2026-09-16T18:40:18.343781+00:00;true
LOC-0093;LOC-0063;PUBLIC_TRANSIT;2026-08-17T07:00:00+03:00;OK;2043;35;8328;LOCAL_TRANSIT_OPTIMISTIC_SCREENING;60ce7009f5c66330167d252e4fbbc65bbbc261ffe43711bf6110cef155ebc1c3;368f7ec57558ffa5b81a8fd5a79b88b4a14484359e0a5e6b513b461b80a7493c;2026-09-16T18:40:18.343781+00:00;true
LOC-0093;LOC-0064;PUBLIC_TRANSIT;2026-08-17T07:00:00+03:00;OK;1884;32;7884;LOCAL_TRANSIT_OPTIMISTIC_SCREENING;75af5d9f65451d4018de16a7fff1bfc7d63e867bb1db250314395779bedfb209;2f7f9b307de020e608edf4488652f4c162fb73b82fe07a775e65e00bd2bb31b6;2026-09-16T18:40:18.343781+00:00;true
LOC-0093;LOC-0074;PUBLIC_TRANSIT;2026-08-17T07:00:00+03:00;OK;1779;30;3151;LOCAL_TRANSIT_OPTIMISTIC_SCREENING;8fbfed7c4f1d862baa94ae42cd2d07981b6e01b2a020dab86964027a5ea11429;a3c6f232ea4adacea1d1c72b0bd225bfd34ecf177cc383f9481e3a64bccf9806;2026-09-16T18:40:18.343781+00:00;true
LOC-0093;LOC-0075;PUBLIC_TRANSIT;2026-08-17T07:00:00+03:00;OK;1643;28;3624;LOCAL_TRANSIT_OPTIMISTIC_SCREENING;c192131308a7f27e346f35804bd7996555315a7d18c064025c50a93c91545b24;1350ca2d87e0f515572ed133762f9ecee55fe1283044bea8b76e05b8d07f7e91;2026-09-16T18:40:18.343781+00:00;true
LOC-0093;LOC-0076;PUBLIC_TRANSIT;2026-08-17T07:00:00+03:00;OK;2460;41;8220;LOCAL_TRANSIT_OPTIMISTIC_SCREENING;01ed46089b675137e7034fc69b09c58cf684fbfce8a98a2fd19df7613a7c169b;693afeaa8703c69a671294660e9eb9a4fe5dd4014f25c669ca1471611a154864;2026-09-16T18:40:18.343781+00:00;true
LOC-0093;LOC-0078;PUBLIC_TRANSIT;2026-08-17T07:00:00+03:00;OK;1942;33;6789;LOCAL_TRANSIT_OPTIMISTIC_SCREENING;15b088fc4a7917e08ecc194494b5b1b527633379ef6d8865cd6f1e1ddb48d1e7;f32660d381c11054b3b034d3588c7fc4fd23a21b8bb15c64063e2fd805de4dda;2026-09-16T18:40:18.343781+00:00;true
LOC-0093;LOC-0080;PUBLIC_TRANSIT;2026-08-17T07:00:00+03:00;OK;1327;23;3178;LOCAL_TRANSIT_OPTIMISTIC_SCREENING;73f522bdcc5e8720bd5912f3c178cd31af3427047d944ba564b19c9d149fc661;3afb067952a918589279059631839f709d264f96df951469f33a534297266b0e;2026-09-16T18:40:18.343781+00:00;true
LOC-0093;LOC-0082;PUBLIC_TRANSIT;2026-08-17T07:00:00+03:00;OK;2170;37;7729;LOCAL_TRANSIT_OPTIMISTIC_SCREENING;569c7923d8c38d678aaa6bf9567b118f05671fca8a4d811aa4d67758e94830fb;9581bd7f47fb27f86adde081cb976da5a050c6eedf8a3830d8fe06cb465835bd;2026-09-16T18:40:18.343781+00:00;true
LOC-0093;LOC-0085;PUBLIC_TRANSIT;2026-08-17T07:00:00+03:00;OK;1782;30;7036;LOCAL_TRANSIT_OPTIMISTIC_SCREENING;79407fb60e849c1910a0b40a71ba4c6e6cd757b4577d2cc07a05bbda56543ed7;a10fc3c43328a22ad34f088788ee245f9e1dec51689d40da8fac85bcf6e0e143;2026-09-16T18:40:18.343781+00:00;true
LOC-0093;LOC-0086;PUBLIC_TRANSIT;2026-08-17T07:00:00+03:00;OK;1564;27;6806;LOCAL_TRANSIT_OPTIMISTIC_SCREENING;7e63a789017740981dc5918eacb84f1ec5c816a85a3a1442475cfdb1401f914d;4d07f2087df46eb648f2306909b89e1ea324050cc7ea37bbac516f49f85b70e5;2026-09-16T18:40:18.343781+00:00;true
LOC-0093;LOC-0091;PUBLIC_TRANSIT;2026-08-17T07:00:00+03:00;OK;316;6;823;LOCAL_TRANSIT_OPTIMISTIC_SCREENING;e4da131b87a4f447b9887d2e872506b7ae519786d89dd825dbc7a2a9a4c910f3;73e74db122fe2754dda2b7d22c481d0d3a05b93432ad763320f8c7e832feed54;2026-09-16T18:40:18.343781+00:00;true
LOC-0093;LOC-0092;PUBLIC_TRANSIT;2026-08-17T07:00:00+03:00;OK;227;4;322;LOCAL_TRANSIT_OPTIMISTIC_SCREENING;0cc562aba4961399e5550e472a3c5a967ed5db872ef9ebd693b78507229b0380;ead130313ba3715bffdd03ea93359424b023887dee5dc2028ffeb67ae4e6c12c;2026-09-16T18:40:18.343781+00:00;true
LOC-0093;LOC-0093;PUBLIC_TRANSIT;2026-08-17T07:00:00+03:00;OK;0;0;0;LOCAL_TRANSIT_OPTIMISTIC_SCREENING;3cc5ba571b68d68b172ad42bffbe8aac12f45a058597516f839994bf7d891a89;3d5812abc84c11768aa73a732c85d75dbed439188f5bb3239e9b762ea31d9862;2026-09-16T18:40:18.343781+00:00;true
LOC-0093;LOC-0094;PUBLIC_TRANSIT;2026-08-17T07:00:00+03:00;OK;1950;33;7336;LOCAL_TRANSIT_OPTIMISTIC_SCREENING;a2bf0e7b6354e2e91728285592bb627fe8bf7ae12b2c8606d6ca1921fe5d8e90;9332b8fb467f20bd10a888b78137e54bdf3cf580e1750971951fb8741815e9f6;2026-09-16T18:40:18.343781+00:00;true
LOC-0093;LOC-0095;PUBLIC_TRANSIT;2026-08-17T07:00:00+03:00;OK;1584;27;8119;LOCAL_TRANSIT_OPTIMISTIC_SCREENING;fe283cfae4501c27947ae88d2501362eb12a313f2fc58f765e1781b911a915bd;b17f4897124e6381f3013761ee5c375a0df9959aa4aed11cbb4c516553e866a9;2026-09-16T18:40:18.343781+00:00;true
LOC-0093;LOC-0102;PUBLIC_TRANSIT;2026-08-17T07:00:00+03:00;OK;1653;28;8173;LOCAL_TRANSIT_OPTIMISTIC_SCREENING;553911f32501c3ae0225a1b283408df64f3088c86f43596b2261680bf131e2ed;48e14cbdb6abd5d26096fb768ccdce2bd58c12c15e37e5e05b8a9e37a1d88bd2;2026-09-16T18:40:18.343781+00:00;true
LOC-0093;LOC-0112;PUBLIC_TRANSIT;2026-08-17T07:00:00+03:00;OK;843;15;1486;LOCAL_TRANSIT_OPTIMISTIC_SCREENING;1aedd7a7261a90a506c6eae84848daf8a6b543058c04b3e842a83175156a4811;f8312bdf16b2f07ea51c944a5f8ccc3a72e3433f8a494a2f63ff9782e53f2940;2026-09-16T18:40:18.343781+00:00;true
LOC-0093;LOC-0124;PUBLIC_TRANSIT;2026-08-17T07:00:00+03:00;OK;2454;41;9337;LOCAL_TRANSIT_OPTIMISTIC_SCREENING;2466d4e20c019797fc60a3be8a95e53537d4e61c3165da00cd2477ed1cd56454;ea2c989220c8c14a1e6b1668277fef581b9f28c53ce311ac65bc1ecb7a71cbec;2026-09-16T18:40:18.343781+00:00;true
LOC-0093;LOC-0125;PUBLIC_TRANSIT;2026-08-17T07:00:00+03:00;OK;1395;24;3353;LOCAL_TRANSIT_OPTIMISTIC_SCREENING;6efd2ef276981a407023651dfe3a0eb2defec2bb7e51b25e96fc41310088dadf;17b8eb2a2ff447f138401462c4a1e3ddae080915feeb393f48122a91437bfa84;2026-09-16T18:40:18.343781+00:00;true
LOC-0093;LOC-0126;PUBLIC_TRANSIT;2026-08-17T07:00:00+03:00;OK;1265;22;2440;LOCAL_TRANSIT_OPTIMISTIC_SCREENING;7b7d140f5fefbb748761d49d73a4860ed14f6fb28e76aa0a66725554a41c2549;0da34c9f27228063a5cfc5f6edc8488c450bc81fb1839442cd8783648e952f7d;2026-09-16T18:40:18.343781+00:00;true
LOC-0093;LOC-0128;PUBLIC_TRANSIT;2026-08-17T07:00:00+03:00;OK;1938;33;4630;LOCAL_TRANSIT_OPTIMISTIC_SCREENING;e03fee8542d1a5457a8d831c5549b4f38fdc653eab6a163c6d81d07ea969c653;5be4831203637b92c47a8a02c16aa4599fe47d1742e0acd6286a9b9ad63960f7;2026-09-16T18:40:18.343781+00:00;true
LOC-0093;LOC-0134;PUBLIC_TRANSIT;2026-08-17T07:00:00+03:00;OK;2048;35;6706;LOCAL_TRANSIT_OPTIMISTIC_SCREENING;6074e6ba2c42fdb89deac0b8950ace5c4c096d0f9b686b3f9edc346834e21a76;ea653bb80b27fdd25ef0d78f7636b00031b6f7c204adc4c7ecb7e6dda80d333d;2026-09-16T18:40:18.343781+00:00;true
LOC-0093;LOC-0135;PUBLIC_TRANSIT;2026-08-17T07:00:00+03:00;OK;2161;37;6833;LOCAL_TRANSIT_OPTIMISTIC_SCREENING;6de9fec3e4a23db33608eb82442dd29c29e5e48dd3b63a7285aa621b4d768a90;20d8c11e74ae40fd7792c3223764e86ecbe88d88dd049137226957c41f8dc7eb;2026-09-16T18:40:18.343781+00:00;true
LOC-0093;LOC-0136;PUBLIC_TRANSIT;2026-08-17T07:00:00+03:00;OK;2114;36;7204;LOCAL_TRANSIT_OPTIMISTIC_SCREENING;8bb638d6d32241c0084d6547e8e7e72ed3f99c76eb080b2c6ec0f70888e7a9cc;710b16b2c53693b5c4f113e81b43787e5d46c2040201ca0aed353f012016363f;2026-09-16T18:40:18.343781+00:00;true
LOC-0093;LOC-0140;PUBLIC_TRANSIT;2026-08-17T07:00:00+03:00;OK;2128;36;6919;LOCAL_TRANSIT_OPTIMISTIC_SCREENING;43ff115d19d8674c93c4d6d5a7b4231028e460be4fa96c57c0f5a7b39d14a773;029fce3bef08f08c38a4d12d2f9f42548c91d033beab66451261e0524eda7023;2026-09-16T18:40:18.343781+00:00;true
LOC-0093;LOC-0141;PUBLIC_TRANSIT;2026-08-17T07:00:00+03:00;OK;2377;40;7608;LOCAL_TRANSIT_OPTIMISTIC_SCREENING;cbff385c3cc3e3d76196b19594d775560f3a17fc618f32d8309bc87c96b1e48e;eec1aa016e93436a1451f0b568341e19c5671e8369f0daa6bf5a52db57e59976;2026-09-16T18:40:18.343781+00:00;true
LOC-0093;LOC-0142;PUBLIC_TRANSIT;2026-08-17T07:00:00+03:00;OK;2312;39;7547;LOCAL_TRANSIT_OPTIMISTIC_SCREENING;92347bfa62a2d8c3dc6758889023da7e19321696c57b8047fc824df3f23d2390;24a303eb286ce649132895414ac25134066e11d939c464dfafcc1c660afa93c8;2026-09-16T18:40:18.343781+00:00;true
LOC-0093;LOC-0145;PUBLIC_TRANSIT;2026-08-17T07:00:00+03:00;OK;412;7;1117;LOCAL_TRANSIT_OPTIMISTIC_SCREENING;324e9dbee1b8bf47f529c3a9ba2576d741c4e4168838980d3eac723d12f23a68;c7f55b0b31c532deb2e1da1b2116d2e50ef6c1f72534eb0882c585aaeb70a560;2026-09-16T18:40:18.343781+00:00;true
LOC-0093;LOC-0148;PUBLIC_TRANSIT;2026-08-17T07:00:00+03:00;OK;1808;31;3794;LOCAL_TRANSIT_OPTIMISTIC_SCREENING;2a045469aa104b6546204d4530312a2a51d2610e4f45f3d5e976ce10d3c17d9d;80924a8680ac029401911ce87f2014947bf5054b96a2e4aa6712e9f0dc4e812a;2026-09-16T18:40:18.343781+00:00;true
LOC-0093;LOC-0149;PUBLIC_TRANSIT;2026-08-17T07:00:00+03:00;OK;1837;31;3664;LOCAL_TRANSIT_OPTIMISTIC_SCREENING;86a75a6ce875cc3f4e9e9b217d5d09a529d6bcb517f587dc2823aba744f0047c;896fae8147a0928339a58ebe268ab9bcaecd36524f6beccd8d77e7a025250dcd;2026-09-16T18:40:18.343781+00:00;true
LOC-0093;LOC-0150;PUBLIC_TRANSIT;2026-08-17T07:00:00+03:00;OK;1825;31;3585;LOCAL_TRANSIT_OPTIMISTIC_SCREENING;f9d31f39bdd857259ffd981086f4aacdbafb818544c4a416e9fb64b71bb3c75b;ab9558c6399713018c3a653697f08d303c59b5e7718024a69e50a61e525a2238;2026-09-16T18:40:18.343781+00:00;true
LOC-0093;LOC-0151;PUBLIC_TRANSIT;2026-08-17T07:00:00+03:00;OK;1808;31;4105;LOCAL_TRANSIT_OPTIMISTIC_SCREENING;6f1e15a7a2103e2cef3542216771c041a9266d9dc29642ded554f3c3ac524a72;31e74128b138cf534c03e0fc95c3b4a5422fa5a71b00ed6cdab8b2d92bcda2ba;2026-09-16T18:40:18.343781+00:00;true
LOC-0093;LOC-0152;PUBLIC_TRANSIT;2026-08-17T07:00:00+03:00;OK;1831;31;4148;LOCAL_TRANSIT_OPTIMISTIC_SCREENING;5bd7cd9928117a272abc1601f3a091c1692a7d51c7507674c1ad922e638e781b;c1e5da2ea5b85e2c4020bfebfea8a0503e937bab15cadd7e9fbdc45023a02927;2026-09-16T18:40:18.343781+00:00;true
LOC-0093;LOC-0190;PUBLIC_TRANSIT;2026-08-17T07:00:00+03:00;OK;1011;17;2216;LOCAL_TRANSIT_OPTIMISTIC_SCREENING;97536b5867cb297145a079e3eb7e09fadcc2f60fb7fb2c2a00c754dc52e00e76;09def22dc5bb8509ef7e5892311eb91797ce859828160b5be2ed1ec6a34289ce;2026-09-16T18:40:18.343781+00:00;true
LOC-0093;LOC-0196;PUBLIC_TRANSIT;2026-08-17T07:00:00+03:00;OK;1560;26;4318;LOCAL_TRANSIT_OPTIMISTIC_SCREENING;89c07309d0f62e8694188b061e23d6283b03a8b4f230050883707f40efe14ae0;a3906212279e571b140134fd95bada1224b63a01db3a772cac9960c6ff37dbba;2026-09-16T18:40:18.343781+00:00;true
LOC-0094;LOC-0002;PUBLIC_TRANSIT;2026-08-17T07:00:00+03:00;OK;1070;18;1434;LOCAL_TRANSIT_OPTIMISTIC_SCREENING;d19b7596f176cab6fef48b2101f0ae8704df5bbfed0d6d92d1590fdd3311510c;ea22ab32a5a35f608d0a9f4e5c4aecfa415ef4ae57f9b2aaa5eb05e5f13f4de6;2026-09-16T18:40:18.343781+00:00;true
LOC-0094;LOC-0008;PUBLIC_TRANSIT;2026-08-17T07:00:00+03:00;OK;1815;31;6400;LOCAL_TRANSIT_OPTIMISTIC_SCREENING;071d152175969713a3f3b0ac5933f46e24c932b61dbcf57ae971484d13aa1cae;1329b002b9af2d61471ed09114b4509a60a13ec84d0f1e729821400d67ed8556;2026-09-16T18:40:18.343781+00:00;true
LOC-0094;LOC-0009;PUBLIC_TRANSIT;2026-08-17T07:00:00+03:00;OK;3360;56;10000;LOCAL_TRANSIT_OPTIMISTIC_SCREENING;a6824d939ffab5de6b487290995ecd7a7709fadae3f17ed7521efa7c9bbf997b;ef58cd6fe84b6502983c72911ae3e82411326698b061a5b8fa3572c2a352f6f4;2026-09-16T18:40:18.343781+00:00;true
LOC-0094;LOC-0010;PUBLIC_TRANSIT;2026-08-17T07:00:00+03:00;OK;1843;31;7068;LOCAL_TRANSIT_OPTIMISTIC_SCREENING;53e5b1421385e86119c8aabf31064f968bbf1c6e91380bc247dc23e0e19ca825;0e46fcaa745a41816e9a67c3cf2b7977868bdf7460fa0f0bd79d4a1e1aba81b5;2026-09-16T18:40:18.343781+00:00;true
LOC-0094;LOC-0011;PUBLIC_TRANSIT;2026-08-17T07:00:00+03:00;OK;1485;25;5698;LOCAL_TRANSIT_OPTIMISTIC_SCREENING;7c7b72245db33a5e37e2ae79ee09b6c11a57af032a67a350fc122939d1cbebd0;84ab8959d1d578ae4ff6c50ccc5bf0a538f7cd39ed6d42b7db8a7563756acc30;2026-09-16T18:40:18.343781+00:00;true
LOC-0094;LOC-0012;PUBLIC_TRANSIT;2026-08-17T07:00:00+03:00;OK;1778;30;6251;LOCAL_TRANSIT_OPTIMISTIC_SCREENING;cd36a1efc9c82cbc51dd1d866344ce204d36177e09f3300f88be75394529a874;c7f11d778ba311a5340f4623fda2997febf434f46d46d1d1721c45a4e3617468;2026-09-16T18:40:18.343781+00:00;true
LOC-0094;LOC-0013;PUBLIC_TRANSIT;2026-08-17T07:00:00+03:00;OK;975;17;1216;LOCAL_TRANSIT_OPTIMISTIC_SCREENING;9a796e144447db28658aeb2736c197360043eb64ab02d2bbf614215c6e484c2d;c56151437d4c78c03b8db196490be58c3038522cb0b783268b9e278b9e15721d;2026-09-16T18:40:18.343781+00:00;true
LOC-0094;LOC-0016;PUBLIC_TRANSIT;2026-08-17T07:00:00+03:00;OK;2026;34;4478;LOCAL_TRANSIT_OPTIMISTIC_SCREENING;129651eaa133f9cbd510eada31b562f28967001eb70203c88e905483a43f591f;6f82a7f04572dc6f51063d762e21b6e8e8531354f33b11f3bce90469e0085329;2026-09-16T18:40:18.343781+00:00;true
LOC-0094;LOC-0017;PUBLIC_TRANSIT;2026-08-17T07:00:00+03:00;OK;3197;54;7439;LOCAL_TRANSIT_OPTIMISTIC_SCREENING;c728fee48879faaa3a7129b2bfe256e72e3136ad34b1116179505e061c6cce01;debd252e7e89d8ffe6fee35aae0a9e9ff58362d7dcafd9fa20e3ca132b0abe2b;2026-09-16T18:40:18.343781+00:00;true
LOC-0094;LOC-0018;PUBLIC_TRANSIT;2026-08-17T07:00:00+03:00;OK;2834;48;7693;LOCAL_TRANSIT_OPTIMISTIC_SCREENING;d25f96fb47fc4678a2894f563cebe6a6429c9b6484c74f95c89a2fbe0b876a73;78d96fcb169a12892ce666603a18d0cf41b134d11360529b34b7aa0219e64c25;2026-09-16T18:40:18.343781+00:00;true
LOC-0094;LOC-0019;PUBLIC_TRANSIT;2026-08-17T07:00:00+03:00;OK;2059;35;7319;LOCAL_TRANSIT_OPTIMISTIC_SCREENING;32b2ee298f635840ac2a4ddcc6896a2dc79cbf431e956831db0c68872de45f71;fe523a747117d3097d27240f73aa830be27f01c1e5de802d3eace1090cda73bd;2026-09-16T18:40:18.343781+00:00;true
LOC-0094;LOC-0020;PUBLIC_TRANSIT;2026-08-17T07:00:00+03:00;OK;2212;37;8377;LOCAL_TRANSIT_OPTIMISTIC_SCREENING;051bea81b424aa59aa218f0cf2ad8332f2ada73c5c76f50e8260c8d3c8f6b169;56bbebcaf55421fcf539ab2cfe839fef2920a1f6c3e579b69ddc2e7952cf674c;2026-09-16T18:40:18.343781+00:00;true
LOC-0094;LOC-0023;PUBLIC_TRANSIT;2026-08-17T07:00:00+03:00;OK;2737;46;8488;LOCAL_TRANSIT_OPTIMISTIC_SCREENING;7576268b9b2c86762d4b2e226c7c27ab3f04627b4b6cbca76eb64252f9eee069;147a96fb404fc44816300f5a9292303290151a0a5b506c5782cd852178ceb6d9;2026-09-16T18:40:18.343781+00:00;true
LOC-0094;LOC-0027;PUBLIC_TRANSIT;2026-08-17T07:00:00+03:00;OK;2360;40;5642;LOCAL_TRANSIT_OPTIMISTIC_SCREENING;a15d121469e57f02f5973243e679722bf11d81eb0dc65f31197649ea0008b240;4d31a559066241a4d79aa2bd8ecefb0cdbf5c00bc0404bc3a8f0c59169b3909f;2026-09-16T18:40:18.343781+00:00;true
LOC-0094;LOC-0028;PUBLIC_TRANSIT;2026-08-17T07:00:00+03:00;OK;2532;43;4921;LOCAL_TRANSIT_OPTIMISTIC_SCREENING;5c3e1e87552ab64469bb68187017c6f71d623ac18186d5ee0bb75a4d2f261429;8d325f630ee0dc0d86cc0cf1971e1dd2b77072d9d2ccf874ca0c7ef7740751df;2026-09-16T18:40:18.343781+00:00;true
LOC-0094;LOC-0029;PUBLIC_TRANSIT;2026-08-17T07:00:00+03:00;OK;2589;44;4983;LOCAL_TRANSIT_OPTIMISTIC_SCREENING;8d54c0e99a12a3767efec6db7d67b52d77ea2803fafdd18f7fe41f91a8290764;14295d128827f3d9aecd76f7ed756762efbca102c66e7e1ac81a033c49737e46;2026-09-16T18:40:18.343781+00:00;true
LOC-0094;LOC-0037;PUBLIC_TRANSIT;2026-08-17T07:00:00+03:00;OK;1595;27;2466;LOCAL_TRANSIT_OPTIMISTIC_SCREENING;d8eaa1f2da04db0e6ddc38020c7f32faaf5dab85944b302efd083c9d0367f7b7;522c79f309ba7d20cb4bb9f50195cfd7760b70a42f3af2709d795b28667b684a;2026-09-16T18:40:18.343781+00:00;true
LOC-0094;LOC-0045;PUBLIC_TRANSIT;2026-08-17T07:00:00+03:00;OK;2717;46;6209;LOCAL_TRANSIT_OPTIMISTIC_SCREENING;f62eb5fa712b591ea2120ffca7bcac72c2cb2b8bddfd7d489f342f54472acfa6;5f6b2e82b848f9a5b68e293b7c66c6560426a8f5e9f03c71d1bffa66266ef490;2026-09-16T18:40:18.343781+00:00;true
LOC-0094;LOC-0053;PUBLIC_TRANSIT;2026-08-17T07:00:00+03:00;OK;1784;30;3941;LOCAL_TRANSIT_OPTIMISTIC_SCREENING;c60a0afd5ed21b9d46004bd31fd5272c8283b78bce8ba6736aef67109291e9f5;87fea3af17e6ec7235cc7c713cc3b9774214c26f0aaa17d450e3d819efac2023;2026-09-16T18:40:18.343781+00:00;true
LOC-0094;LOC-0054;PUBLIC_TRANSIT;2026-08-17T07:00:00+03:00;OK;1748;30;2920;LOCAL_TRANSIT_OPTIMISTIC_SCREENING;e315f8750af2b49ba1570e16306617c65b319037e388824e1c23b3e76734056b;8a7423afb54ee89ecff17f325dcd76556c7e5f118076950c339af23ea1cfa374;2026-09-16T18:40:18.343781+00:00;true
LOC-0094;LOC-0061;PUBLIC_TRANSIT;2026-08-17T07:00:00+03:00;OK;1802;31;5871;LOCAL_TRANSIT_OPTIMISTIC_SCREENING;04abeafcc32beb148e004a061e15f6152cd6e3b9b0a63aefb7279b16d7101de2;58f8c4e7a27aeaafbf8c97789551c1d5bec5e9a63c3c7dba3f37c21785fa8e81;2026-09-16T18:40:18.343781+00:00;true
LOC-0094;LOC-0063;PUBLIC_TRANSIT;2026-08-17T07:00:00+03:00;OK;2267;38;6541;LOCAL_TRANSIT_OPTIMISTIC_SCREENING;1280050baf93064d8264d5ea4447f4cf70331f91b676d4a72d67de781aad1db4;375aeb651502327ac7d707b7629f9aa24bd715eb03749b5a17aa5e880374cf31;2026-09-16T18:40:18.343781+00:00;true
LOC-0094;LOC-0064;PUBLIC_TRANSIT;2026-08-17T07:00:00+03:00;OK;2597;44;6537;LOCAL_TRANSIT_OPTIMISTIC_SCREENING;d763e8c6a8dc8f8a8c1a9ba797c981fce76716ff8123d7745ed3a52dad8030b1;fc400be70cf4635ccff9f87d941428c51e1935a6d76b6a071febc1e4f04f5eb7;2026-09-16T18:40:18.343781+00:00;true
LOC-0094;LOC-0074;PUBLIC_TRANSIT;2026-08-17T07:00:00+03:00;OK;2827;48;6698;LOCAL_TRANSIT_OPTIMISTIC_SCREENING;be6f2455f08223893110a461ddbb2c73f43a65d30d07240e9423f6711db6354b;f0522215ce14333e70e8b333fc47420ac5fabc3da7b53c849ff229702ab9b9db;2026-09-16T18:40:18.343781+00:00;true
LOC-0094;LOC-0075;PUBLIC_TRANSIT;2026-08-17T07:00:00+03:00;OK;2897;49;6983;LOCAL_TRANSIT_OPTIMISTIC_SCREENING;ab97ccf525c87379c5a58a191b5dca45e9056a549d9446a3dd590eb8b2088507;412561d6fc0c93db48c6d3a34117d1ce54e6f53cf76f42e7ca57a64a363e9ada;2026-09-16T18:40:18.343781+00:00;true
LOC-0094;LOC-0076;PUBLIC_TRANSIT;2026-08-17T07:00:00+03:00;OK;2322;39;4851;LOCAL_TRANSIT_OPTIMISTIC_SCREENING;3d3e403fcaa26795d880d53a9ecf7adf60c3f8d07eea9762e752ce830bddb285;b648a4389f6ea7beada72260126c378885ddf4c517ce2649e36a11681e57f451;2026-09-16T18:40:18.343781+00:00;true
LOC-0094;LOC-0078;PUBLIC_TRANSIT;2026-08-17T07:00:00+03:00;OK;2617;44;6333;LOCAL_TRANSIT_OPTIMISTIC_SCREENING;757021edd42ca47ea21b9c49c7925922672649deb748f316b6473dd495d63834;f71afae2dc9cd161b89b84f0379e4e516daae946d9371c0c075f529fcafa022f;2026-09-16T18:40:18.343781+00:00;true
LOC-0094;LOC-0080;PUBLIC_TRANSIT;2026-08-17T07:00:00+03:00;OK;2877;48;7164;LOCAL_TRANSIT_OPTIMISTIC_SCREENING;481feb1739f0b61b52852e585cb25bdab3bd8f59c76138c835972fcd9f336e44;3a1750436ec6167df6450a76aa359c62febe09b365ef58ec6edead9536aff033;2026-09-16T18:40:18.343781+00:00;true
LOC-0094;LOC-0082;PUBLIC_TRANSIT;2026-08-17T07:00:00+03:00;OK;2399;40;5885;LOCAL_TRANSIT_OPTIMISTIC_SCREENING;689a6e864e069e2cfdf9a7ec118174254cb292599367db3b768ea02fb25252f5;94f103faae37f3431c42f9f741aa41a0f934d3fb40542de3947fa3e9a5b19c7b;2026-09-16T18:40:18.343781+00:00;true
LOC-0094;LOC-0085;PUBLIC_TRANSIT;2026-08-17T07:00:00+03:00;OK;603;11;848;LOCAL_TRANSIT_OPTIMISTIC_SCREENING;8fab432a93ff24d1c2e83fce9b185c46755002568505419d6b74f8773b43082d;75d90fcc08eee9797015c00fbe134e9d5857656b9cfdf05cea5770cda883874e;2026-09-16T18:40:18.343781+00:00;true
LOC-0094;LOC-0086;PUBLIC_TRANSIT;2026-08-17T07:00:00+03:00;OK;634;11;894;LOCAL_TRANSIT_OPTIMISTIC_SCREENING;8c4359ecc3932947b6db371b7fe6967af6e15caa1188c3e7a427293538dd7575;7e30ce1d22995c17a3c4e3112ac9d825ae7ccd68ace26d3064b9dc391e2977ee;2026-09-16T18:40:18.343781+00:00;true
LOC-0094;LOC-0091;PUBLIC_TRANSIT;2026-08-17T07:00:00+03:00;OK;1796;30;7186;LOCAL_TRANSIT_OPTIMISTIC_SCREENING;31dcfc90e833119469b10c73f37f8a09aed653d8d0061fa0c74669c3e536b2e2;0f34926627ff5856ec8c947747cbc2a875a878d98dbd48d7fc86aafcadfc3227;2026-09-16T18:40:18.343781+00:00;true
LOC-0094;LOC-0092;PUBLIC_TRANSIT;2026-08-17T07:00:00+03:00;OK;1915;32;7480;LOCAL_TRANSIT_OPTIMISTIC_SCREENING;6b662b6ae315dc6d76868ee40be854c0e0d8fc489bd5c1e7070be65967e7a871;62927b2060be4bc9058ec6e5ea6066c76b2addf59c8a63614085f3105ed6ffea;2026-09-16T18:40:18.343781+00:00;true
LOC-0094;LOC-0093;PUBLIC_TRANSIT;2026-08-17T07:00:00+03:00;OK;1891;32;7336;LOCAL_TRANSIT_OPTIMISTIC_SCREENING;521252134d270337421d818886def0d52f9386ae4c287ba50e73e7a994c2997f;2b83b46bb6067fecbd19b82adf9f3c42e46ca7a3f69ad653c904a462039e9422;2026-09-16T18:40:18.343781+00:00;true
LOC-0094;LOC-0094;PUBLIC_TRANSIT;2026-08-17T07:00:00+03:00;OK;0;0;0;LOCAL_TRANSIT_OPTIMISTIC_SCREENING;815da9b34618f05d141829e5791043d09ab2c791398a0637a761d4e1264f45d2;3d5812abc84c11768aa73a732c85d75dbed439188f5bb3239e9b762ea31d9862;2026-09-16T18:40:18.343781+00:00;true
LOC-0094;LOC-0095;PUBLIC_TRANSIT;2026-08-17T07:00:00+03:00;OK;801;14;1132;LOCAL_TRANSIT_OPTIMISTIC_SCREENING;2fa6325068fe673a2dc54a61765633f01253dd2d9dc8a995b6ef8fd1941f899b;f491788198692310b30bd4716f5efc15e83cb6a5578ca1554ac1a2f58aab6bb3;2026-09-16T18:40:18.343781+00:00;true
LOC-0094;LOC-0102;PUBLIC_TRANSIT;2026-08-17T07:00:00+03:00;OK;2593;44;7126;LOCAL_TRANSIT_OPTIMISTIC_SCREENING;5182c6d1b300723834d43ca7da229e68a3281c1dd7011a4a769c8996d4b17b89;01f446f7eddd9fe31caa658f38be1f0fa6a90c5c08d2e322be0b6af062d10683;2026-09-16T18:40:18.343781+00:00;true
LOC-0094;LOC-0112;PUBLIC_TRANSIT;2026-08-17T07:00:00+03:00;OK;2416;41;6644;LOCAL_TRANSIT_OPTIMISTIC_SCREENING;043c42777abff13069ad1e6c2a24321a77b2cfe9d2ac51d9bd68588e62d5c97d;aca331926181e08285241ad4a369d6ff4d68aa3fcce8d907ee44f8abc67ba866;2026-09-16T18:40:18.343781+00:00;true
LOC-0094;LOC-0124;PUBLIC_TRANSIT;2026-08-17T07:00:00+03:00;OK;3487;59;10215;LOCAL_TRANSIT_OPTIMISTIC_SCREENING;6e132d5bea3e2da00df4ef9430a6e62e8bb9c1a0344e8b01e3f9f9828017e4df;c44f2df469eaf78a6612ee6a6b9e6ccb97769bac8529a6ac0c1837e4643a842e;2026-09-16T18:40:18.343781+00:00;true
LOC-0094;LOC-0125;PUBLIC_TRANSIT;2026-08-17T07:00:00+03:00;OK;2756;46;7890;LOCAL_TRANSIT_OPTIMISTIC_SCREENING;2cf41803502d5daec412c60d93b39678b9e0b57621199f913f76daa94ed1da91;096c73fb2bbe8092a22575cc50c46df4b5e03c3aff4b67604bd691568929880c;2026-09-16T18:40:18.343781+00:00;true
LOC-0094;LOC-0126;PUBLIC_TRANSIT;2026-08-17T07:00:00+03:00;OK;2313;39;5666;LOCAL_TRANSIT_OPTIMISTIC_SCREENING;90edd3dd78eb12e201157ebb3da9b2805440a7b69234b246068b981f7f7fcec1;6057ad66b806b2de4a59344c07cd3f6a8c3439928270f5d64575406a7421b973;2026-09-16T18:40:18.343781+00:00;true
LOC-0094;LOC-0128;PUBLIC_TRANSIT;2026-08-17T07:00:00+03:00;OK;1595;27;2709;LOCAL_TRANSIT_OPTIMISTIC_SCREENING;b5b7125775fb07754456769a210342a8de6b06e0af84a055d0d3db16201116c1;ac9cd4bf9f4ce1f5ccebebde91cdf6a59a4e01dda8e827cf2f04fa1eb3a16cdd;2026-09-16T18:40:18.343781+00:00;true
LOC-0094;LOC-0134;PUBLIC_TRANSIT;2026-08-17T07:00:00+03:00;OK;904;16;1138;LOCAL_TRANSIT_OPTIMISTIC_SCREENING;f952a6d465d5578b21e16c14ef9f477b10c11f33e5c4890627a3136ccf602b1a;8438ba5898f306a6bbf65e71bf5b0c811c52f31e175cdf7636ae02b7ff75eee8;2026-09-16T18:40:18.343781+00:00;true
LOC-0094;LOC-0135;PUBLIC_TRANSIT;2026-08-17T07:00:00+03:00;OK;941;16;1175;LOCAL_TRANSIT_OPTIMISTIC_SCREENING;9b25b1a4d42c777dcf7e50dd486eb124c4b92e7438803112630c9e30b69dbbf7;35d9d6405f52cedf932c15d23b0a960caa0694c3dd96b1c3ec63d2248f8acdd7;2026-09-16T18:40:18.343781+00:00;true
LOC-0094;LOC-0136;PUBLIC_TRANSIT;2026-08-17T07:00:00+03:00;OK;707;12;834;LOCAL_TRANSIT_OPTIMISTIC_SCREENING;7c0c6263f78a771edbe636fb6baeda7dcdc3b48f56e0425911ea1e46747a9874;df466e3b17defb7eb202b6a523956a268bdff70f46cf2b3b9ceb3c8a4acf3b07;2026-09-16T18:40:18.343781+00:00;true
LOC-0094;LOC-0140;PUBLIC_TRANSIT;2026-08-17T07:00:00+03:00;OK;1990;34;3317;LOCAL_TRANSIT_OPTIMISTIC_SCREENING;d5aafefdc2819d75478592092e6cf5d023916d7284b6522b66b734686feb0328;2cfb54b0c2780772052b75e994c9790f31c910fc995a0b0b887f8bb5eeb2dfe5;2026-09-16T18:40:18.343781+00:00;true
LOC-0094;LOC-0141;PUBLIC_TRANSIT;2026-08-17T07:00:00+03:00;OK;3334;56;9649;LOCAL_TRANSIT_OPTIMISTIC_SCREENING;fdb0af7f5c2540d2362cacf2f4eadbf3e7292926afd65046532226a58b042b7c;488cac53ebed2e341f5c9f37e3f41bbbd22043ae963f59500f81e62462428178;2026-09-16T18:40:18.343781+00:00;true
LOC-0094;LOC-0142;PUBLIC_TRANSIT;2026-08-17T07:00:00+03:00;OK;3269;55;9697;LOCAL_TRANSIT_OPTIMISTIC_SCREENING;bfeb8c55b0c40a093b682de62ee2ce6f39d0cc063d80a3817c824b18a36a4080;fe3dc394d555ac3b2b655b3acd6a03cf6acdc579908eaa072d0acb9f41ddf797;2026-09-16T18:40:18.343781+00:00;true
LOC-0094;LOC-0145;PUBLIC_TRANSIT;2026-08-17T07:00:00+03:00;OK;2013;34;8428;LOCAL_TRANSIT_OPTIMISTIC_SCREENING;00c197881b93012a643c1d86e471814cb4f5dd221be8c3ca3990a3f2952e301c;557c15253c81a71d038f4be37d5de3c93e2a7169d894c6ab69031c212744ad3f;2026-09-16T18:40:18.343781+00:00;true
LOC-0094;LOC-0148;PUBLIC_TRANSIT;2026-08-17T07:00:00+03:00;OK;2934;49;6914;LOCAL_TRANSIT_OPTIMISTIC_SCREENING;9d59142b650e70aeddba37e2cce483c649d902e3181788fdcda3cfd5bac4084f;cddd13da517afcf0bc3c7ce719a12e1cdbc46799c92906ebc36c101418f87f3c;2026-09-16T18:40:18.343781+00:00;true
LOC-0094;LOC-0149;PUBLIC_TRANSIT;2026-08-17T07:00:00+03:00;OK;2885;49;6664;LOCAL_TRANSIT_OPTIMISTIC_SCREENING;53b940254b94b2c13185628d8509aa39bb06623b76217ee72e22dbca0f8177de;0993b0ea6af2f1b558922455c957825a1a894b4aecc783c545fc56041ac56362;2026-09-16T18:40:18.343781+00:00;true
LOC-0094;LOC-0150;PUBLIC_TRANSIT;2026-08-17T07:00:00+03:00;OK;2848;48;6493;LOCAL_TRANSIT_OPTIMISTIC_SCREENING;c31f41f157d813a5c58acc270aa33612207fccbebed86a068cbd9a355dbb74ca;f0c789e946484bc9149516ba28916a55387d0c65b00781759a5e50902fed39d6;2026-09-16T18:40:18.343781+00:00;true
LOC-0094;LOC-0151;PUBLIC_TRANSIT;2026-08-17T07:00:00+03:00;OK;3067;52;7284;LOCAL_TRANSIT_OPTIMISTIC_SCREENING;b1d4c871222e44551b628c04d25f71fbd672cda8991eb21bb6f26e9fd178d2cb;2330bd006eda1b5b9c77e08715f63469b19abd2aa2112f1fccdfa80e73c2d46f;2026-09-16T18:40:18.343781+00:00;true
LOC-0094;LOC-0152;PUBLIC_TRANSIT;2026-08-17T07:00:00+03:00;OK;3101;52;7238;LOCAL_TRANSIT_OPTIMISTIC_SCREENING;be69370bf51a578f3ff11bbc370fdbb78965d437f006eeabf598492e7688ad93;1faaa13da342b052171d99b4aef27a8a627e96edf98ea1a591e05c7c7539d9b2;2026-09-16T18:40:18.343781+00:00;true
LOC-0094;LOC-0190;PUBLIC_TRANSIT;2026-08-17T07:00:00+03:00;OK;2169;37;5128;LOCAL_TRANSIT_OPTIMISTIC_SCREENING;4268cb40d5c28cc3478485f0386b33d57432dd2c72bc017c277e1f6598da5484;4867de18aa9a297d23a437ef2a41b8b61d8c019e1c8c75d1004d9ecde8082ada;2026-09-16T18:40:18.343781+00:00;true
LOC-0094;LOC-0196;PUBLIC_TRANSIT;2026-08-17T07:00:00+03:00;OK;2775;47;9692;LOCAL_TRANSIT_OPTIMISTIC_SCREENING;c3a94f425a2d3b2f05259a77c173e423743d6faaac1f19d97c4ac6af4baa46f9;d3b9a75b282d31cc02c02319c281f46f296a2a627e2af1b35e182e5a10281804;2026-09-16T18:40:18.343781+00:00;true
LOC-0095;LOC-0002;PUBLIC_TRANSIT;2026-08-17T07:00:00+03:00;OK;1235;21;1980;LOCAL_TRANSIT_OPTIMISTIC_SCREENING;1a6d4de55da9009fad6135632e8e5c3c59282617b5eea8cfc1f25c5e89504e49;db8a70a81a49622c4f5cbe69d3768f248cd221df74c61945e12458cd5161b5f3;2026-09-16T18:40:18.343781+00:00;true
LOC-0095;LOC-0008;PUBLIC_TRANSIT;2026-08-17T07:00:00+03:00;OK;1449;25;7218;LOCAL_TRANSIT_OPTIMISTIC_SCREENING;9c1dab600be6d2759780f624da7ce112069ca71a9baf68b550fee4ef902a5ca8;121049b06f75d3e7f23d0c569385ced7cf804ab4c4a5f72f389ba5493c86a4b1;2026-09-16T18:40:18.343781+00:00;true
LOC-0095;LOC-0009;PUBLIC_TRANSIT;2026-08-17T07:00:00+03:00;OK;2896;49;10133;LOCAL_TRANSIT_OPTIMISTIC_SCREENING;ef3de15c5d3fd91c394674733dd5632f0762c5a503bc53d182a38bde0987c1d9;9628867038c180c9893ec93cb2e280f98266da88608e72e1f5c1373112fc5093;2026-09-16T18:40:18.343781+00:00;true
LOC-0095;LOC-0010;PUBLIC_TRANSIT;2026-08-17T07:00:00+03:00;OK;1477;25;7888;LOCAL_TRANSIT_OPTIMISTIC_SCREENING;691df765b92be3567c8b14acfe8cb0b4a000d5669be17ba2936b0dc2605c44e6;2e3f6f64774248d1f7709fd7678cd7fc7a3644ab0207d448c1b42236182f84db;2026-09-16T18:40:18.343781+00:00;true
LOC-0095;LOC-0011;PUBLIC_TRANSIT;2026-08-17T07:00:00+03:00;OK;1119;19;6516;LOCAL_TRANSIT_OPTIMISTIC_SCREENING;b4e283a47981a99dbf796e4d8c16b33dc96c906f9618c30a22632b922643d309;5e973031c7af47c042670762e8ce1cb0e5520fbbda6118ac627fe42350cfe057;2026-09-16T18:40:18.343781+00:00;true
LOC-0095;LOC-0012;PUBLIC_TRANSIT;2026-08-17T07:00:00+03:00;OK;1412;24;7057;LOCAL_TRANSIT_OPTIMISTIC_SCREENING;d81e905e499acfe39cdb1b956f5a5fdeb5d0a7b8b43f5622e53a5e819234fadd;cb1b1bf3af7ad8a6a5da3d11094ff3bcddc7138b1af2375c4a0e298d80b855e3;2026-09-16T18:40:18.343781+00:00;true
LOC-0095;LOC-0013;PUBLIC_TRANSIT;2026-08-17T07:00:00+03:00;OK;1033;18;1270;LOCAL_TRANSIT_OPTIMISTIC_SCREENING;377cba9e7cc9e7d8a2a8c247d0e6a9cbbf98592095c8ef7aa90d5c26f569898e;fb167f011b509c3a037d504602a4ca2d720ba726c1f973b3e9417d8f3c6b7ad2;2026-09-16T18:40:18.343781+00:00;true
LOC-0095;LOC-0016;PUBLIC_TRANSIT;2026-08-17T07:00:00+03:00;OK;1776;30;4430;LOCAL_TRANSIT_OPTIMISTIC_SCREENING;2e543099f918971a495eff1be6bee782b67d9323566638588de014aa3ecf7317;670c125f727fee699232148af7bdafccbd194946d54571af41f1eed56403ed99;2026-09-16T18:40:18.343781+00:00;true
LOC-0095;LOC-0017;PUBLIC_TRANSIT;2026-08-17T07:00:00+03:00;OK;2831;48;7969;LOCAL_TRANSIT_OPTIMISTIC_SCREENING;55cf091d21dc77091fa94d1000c4f022d8dea9c24016b422da4dc31723779b2c;7fbbbee2c294c2a0929de24c249212b6cbcbfed1370970386ec5de8888f9b4af;2026-09-16T18:40:18.343781+00:00;true
LOC-0095;LOC-0018;PUBLIC_TRANSIT;2026-08-17T07:00:00+03:00;OK;2468;42;8279;LOCAL_TRANSIT_OPTIMISTIC_SCREENING;7ae245242dce99a2905747ed36cca72cdde0cef5f7d1090e0d9a2c2aa208fda1;a043172e601d7e14cbd0740141af3b232feaa5775a16e99bb5e84677ecb17396;2026-09-16T18:40:18.343781+00:00;true
LOC-0095;LOC-0019;PUBLIC_TRANSIT;2026-08-17T07:00:00+03:00;OK;1693;29;8140;LOCAL_TRANSIT_OPTIMISTIC_SCREENING;59c3831f7dcb3a5ef2511c0c735f50448efd228a0cd8233c36f8728024826ac1;ec2771c4e9f82522bad956af9c7d46dd9f74d3513c417652ada69bfe91b6c96d;2026-09-16T18:40:18.343781+00:00;true
LOC-0095;LOC-0020;PUBLIC_TRANSIT;2026-08-17T07:00:00+03:00;OK;1846;31;9175;LOCAL_TRANSIT_OPTIMISTIC_SCREENING;24cd2f977797c3b194040ba0549799591e9a873a1cf443a766248a2e2bdf3879;221d22588fe42b77de5546e4334cb70510d9331565e9bbef42bb6916e2ffd902;2026-09-16T18:40:18.343781+00:00;true
LOC-0095;LOC-0023;PUBLIC_TRANSIT;2026-08-17T07:00:00+03:00;OK;2371;40;9140;LOCAL_TRANSIT_OPTIMISTIC_SCREENING;ea48d89bc90578ff688c187a6270ccfd697ef561f6cfdeceffc6f77b2cb72373;0cea0e0c98b81d3034864500f466f6b7f90563b434901fdf9a014c9ff7e460f7;2026-09-16T18:40:18.343781+00:00;true
LOC-0095;LOC-0027;PUBLIC_TRANSIT;2026-08-17T07:00:00+03:00;OK;2322;39;6179;LOCAL_TRANSIT_OPTIMISTIC_SCREENING;f99ff257467a45bd8bf11041c2a5913fbc100ad446cf782e9ca52e86a21e0bdd;78b9dd1398971c0b7f1c8ff1dd078ab93d2e419816f23dc30d9ee377c2edb8e3;2026-09-16T18:40:18.343781+00:00;true
LOC-0095;LOC-0028;PUBLIC_TRANSIT;2026-08-17T07:00:00+03:00;OK;2494;42;5059;LOCAL_TRANSIT_OPTIMISTIC_SCREENING;ccad0fc783c0b8a4577ca33ee4fc0c280a35652a27c6a8dc2bb064a8f05cb7f1;c080edd9d150f82de0009f4ee1403f85af116980d7412b4d4d3876e54d64cc9f;2026-09-16T18:40:18.343781+00:00;true
LOC-0095;LOC-0029;PUBLIC_TRANSIT;2026-08-17T07:00:00+03:00;OK;2512;42;5129;LOCAL_TRANSIT_OPTIMISTIC_SCREENING;002f084293fca076e78243cb5cc8b07ab0bf02e97b20ffaf8b387d1344bb13a7;a81edad32784e8f92537a8379440b916d8777e85c62792a47970be0acf8e5cb8;2026-09-16T18:40:18.343781+00:00;true
LOC-0095;LOC-0037;PUBLIC_TRANSIT;2026-08-17T07:00:00+03:00;OK;1422;24;3272;LOCAL_TRANSIT_OPTIMISTIC_SCREENING;d6d034691dda5014d5005fc101de01af6b4ba162536418e792ff5be62a8c7549;c1c00c9f12a7b3f13bd27648a4187e085bb8eb87fd616753ec05744b51e8481d;2026-09-16T18:40:18.343781+00:00;true
LOC-0095;LOC-0045;PUBLIC_TRANSIT;2026-08-17T07:00:00+03:00;OK;2516;42;6519;LOCAL_TRANSIT_OPTIMISTIC_SCREENING;5713184f244e805f19d8847d7337ed6731b82caf93c605118a660e50ade45889;ead0df34ab28e65d9518ce1a260043e2e10ac26ab3de855a1ba09fca89a35411;2026-09-16T18:40:18.343781+00:00;true
LOC-0095;LOC-0053;PUBLIC_TRANSIT;2026-08-17T07:00:00+03:00;OK;1746;30;4008;LOCAL_TRANSIT_OPTIMISTIC_SCREENING;2edcf333ba0c36fc1acbf5db1319235f5376147a1102085936c2e413ac2f53ef;523595adcd9fd3edb609e09f67bb359427dcac2f3e4da565a66962c1e5eb5393;2026-09-16T18:40:18.343781+00:00;true
LOC-0095;LOC-0054;PUBLIC_TRANSIT;2026-08-17T07:00:00+03:00;OK;1734;29;3704;LOCAL_TRANSIT_OPTIMISTIC_SCREENING;15449787643df26f15d2326b1b775cc2ab5e5c11362383e0db86fecb803666a5;663e7cb5cfe44688d85d05c341caafa6399806719c8a01296495d9cdc4ade4db;2026-09-16T18:40:18.343781+00:00;true
LOC-0095;LOC-0061;PUBLIC_TRANSIT;2026-08-17T07:00:00+03:00;OK;1436;24;6678;LOCAL_TRANSIT_OPTIMISTIC_SCREENING;94c2e144a6bd7ecdeb48b3a221fcc6b7717ac5cae584414cdf32e100a69220f1;13240af38896661315c8400c9ce1c00c6c72097725c2ca972c0bc77ec18bcf7c;2026-09-16T18:40:18.343781+00:00;true
LOC-0095;LOC-0063;PUBLIC_TRANSIT;2026-08-17T07:00:00+03:00;OK;2229;38;6558;LOCAL_TRANSIT_OPTIMISTIC_SCREENING;156a58603ebf06926d1324223274c87e04766519dea46c6c89686d61da0f046d;9c25e4f4657e7ff0fd065d93e3216b904a5a251e9f4d05a7cf7a9bbb1674a13e;2026-09-16T18:40:18.343781+00:00;true
LOC-0095;LOC-0064;PUBLIC_TRANSIT;2026-08-17T07:00:00+03:00;OK;2559;43;6618;LOCAL_TRANSIT_OPTIMISTIC_SCREENING;6ae8e3a67a990b1089881bebd6a3d3878d3a47c67a0774e46365ce6abf79b9af;c1a6e0d7bdafee7533eaad7e611cb29ea211d1378f1724caa076f88367455dd6;2026-09-16T18:40:18.343781+00:00;true
LOC-0095;LOC-0074;PUBLIC_TRANSIT;2026-08-17T07:00:00+03:00;OK;2461;42;7309;LOCAL_TRANSIT_OPTIMISTIC_SCREENING;d429704bab8004687c03c8a5c8affb28472e2fa8f30b5817a61c1579853c1268;9a9e5765238fb608d35ecfd58962b137df53d561978cf48f1824c71f6be109dc;2026-09-16T18:40:18.343781+00:00;true
LOC-0095;LOC-0075;PUBLIC_TRANSIT;2026-08-17T07:00:00+03:00;OK;2531;43;7558;LOCAL_TRANSIT_OPTIMISTIC_SCREENING;488c4074e4ac3dd7f54629187726edff57adc3bb0da3ee23ecb42545ee2838c8;a9d329ac79d1b296fe64338fb4ac6acc6b1b749152f12823ebe6ab52e002b17e;2026-09-16T18:40:18.343781+00:00;true
LOC-0095;LOC-0076;PUBLIC_TRANSIT;2026-08-17T07:00:00+03:00;OK;1920;32;4763;LOCAL_TRANSIT_OPTIMISTIC_SCREENING;2e741fe8b25131f01c14e387a8d89678c5d8457eb1780c2077d64b4d0aadf5fd;b9fa3025ed8b8161e95880d96019db1f6d7b3f8affe5f9eafda1091287030acf;2026-09-16T18:40:18.343781+00:00;true
LOC-0095;LOC-0078;PUBLIC_TRANSIT;2026-08-17T07:00:00+03:00;OK;2540;43;6555;LOCAL_TRANSIT_OPTIMISTIC_SCREENING;fdb4be446b1d4a29aaf3ff09a55550bf49fa9fb31a1f1e4b0cc0bbd3246ed76b;47a0bc39d3a0aca89027ef9808cad7edb52c287cc2aabf5e63a4c875b05d0ffc;2026-09-16T18:40:18.343781+00:00;true
LOC-0095;LOC-0080;PUBLIC_TRANSIT;2026-08-17T07:00:00+03:00;OK;2511;42;7775;LOCAL_TRANSIT_OPTIMISTIC_SCREENING;953c4376212f3f79b7f281f6281f5f0c4e7c8f9c2fd66a6edf6e3f8ae323288e;93fab6a7886c670a0323f08b7ed4b5afc735bfbdc2b957f0b228de6314a5d431;2026-09-16T18:40:18.343781+00:00;true
LOC-0095;LOC-0082;PUBLIC_TRANSIT;2026-08-17T07:00:00+03:00;OK;2361;40;5949;LOCAL_TRANSIT_OPTIMISTIC_SCREENING;8b7e49e7881c18ff2861fe293ad80e033034d43f7a7132acadb0474f281bbdd3;8ca4e06529a7e1612dc7ad1f406e0818a4162aeec44515f726f3579e268b834c;2026-09-16T18:40:18.343781+00:00;true
LOC-0095;LOC-0085;PUBLIC_TRANSIT;2026-08-17T07:00:00+03:00;OK;1096;19;1084;LOCAL_TRANSIT_OPTIMISTIC_SCREENING;fab3adeab30d09e9917220f5122a7bd93a569110f93afa044c4849ee5be6926b;eb0978b9f3f4a50eb981744c2a22fa0320573c9f531504ee438581210c6c0de6;2026-09-16T18:40:18.343781+00:00;true
LOC-0095;LOC-0086;PUBLIC_TRANSIT;2026-08-17T07:00:00+03:00;OK;878;15;1320;LOCAL_TRANSIT_OPTIMISTIC_SCREENING;ca2a9975032b266014e6d9247b22e424facd7737b19a2953f4f534f494e230bc;906ffe695fd288bde116a7af9cce7deca992c351851dccbbc4cba2bfbe779ca0;2026-09-16T18:40:18.343781+00:00;true
LOC-0095;LOC-0091;PUBLIC_TRANSIT;2026-08-17T07:00:00+03:00;OK;1430;24;7991;LOCAL_TRANSIT_OPTIMISTIC_SCREENING;ceac0e0dd0689cf2a345e24a2b136fdd0a248c9606d67296297fb6806365d0f1;de87838cde944ab33a98dcc508c08257727f39310ecbd64e48f51ef5fa231dfc;2026-09-16T18:40:18.343781+00:00;true
LOC-0095;LOC-0092;PUBLIC_TRANSIT;2026-08-17T07:00:00+03:00;OK;1549;26;8267;LOCAL_TRANSIT_OPTIMISTIC_SCREENING;1d280188274d499b63d6dd61c4834a59bba77e43577b5642baf1acdf7999cba1;cb2b67a3f3e2050bbb847c1c70363445f57fd275289d4e7d754acc2f11c159f7;2026-09-16T18:40:18.343781+00:00;true
LOC-0095;LOC-0093;PUBLIC_TRANSIT;2026-08-17T07:00:00+03:00;OK;1525;26;8119;LOCAL_TRANSIT_OPTIMISTIC_SCREENING;9483fe624a186601100b83bda63261444c34048215ae9afee8f157c9c3ff1675;b1d6007bc4b624012f27dd57e99de0fde8284ef104de8c825621f0998ba942cc;2026-09-16T18:40:18.343781+00:00;true
LOC-0095;LOC-0094;PUBLIC_TRANSIT;2026-08-17T07:00:00+03:00;OK;801;14;1132;LOCAL_TRANSIT_OPTIMISTIC_SCREENING;894322784ddd8cc19d88cab5200efe70224b4d12ee81127c8f5cd1933c42e8af;f491788198692310b30bd4716f5efc15e83cb6a5578ca1554ac1a2f58aab6bb3;2026-09-16T18:40:18.343781+00:00;true
LOC-0095;LOC-0095;PUBLIC_TRANSIT;2026-08-17T07:00:00+03:00;OK;0;0;0;LOCAL_TRANSIT_OPTIMISTIC_SCREENING;06c77f7de6a8716112d0e6d6d9ab148647039cf837297cf8652d19d1fadf023e;3d5812abc84c11768aa73a732c85d75dbed439188f5bb3239e9b762ea31d9862;2026-09-16T18:40:18.343781+00:00;true
LOC-0095;LOC-0102;PUBLIC_TRANSIT;2026-08-17T07:00:00+03:00;OK;2335;39;7205;LOCAL_TRANSIT_OPTIMISTIC_SCREENING;bdac1bc18007e5827beea9b37513d6800aabe9474855bcc47e5bbfd2459963b3;b718075f0d001d930c7402ad48c6c7e5a910500dc125ea8ed2f9a74460e794d6;2026-09-16T18:40:18.343781+00:00;true
LOC-0095;LOC-0112;PUBLIC_TRANSIT;2026-08-17T07:00:00+03:00;OK;2050;35;7369;LOCAL_TRANSIT_OPTIMISTIC_SCREENING;1b499e474f2acaf8c993c185e43e1554be1d9fa51db09b1e8dda7a56db6c9fc4;cd65bda595d209a1319624d4258adf95510c8ffbb6d9f0c6ac3bd94cd90b0bb7;2026-09-16T18:40:18.343781+00:00;true
LOC-0095;LOC-0124;PUBLIC_TRANSIT;2026-08-17T07:00:00+03:00;OK;3023;51;10380;LOCAL_TRANSIT_OPTIMISTIC_SCREENING;e34769c16d03d798629566c900f07e6f4be1f9adadfbfa3eae476dbb68625aa0;5402653097b7872735881eda13985de5ed3d973180d457e6a3ea8035e1bc4a9e;2026-09-16T18:40:18.343781+00:00;true
LOC-0095;LOC-0125;PUBLIC_TRANSIT;2026-08-17T07:00:00+03:00;OK;2390;40;8501;LOCAL_TRANSIT_OPTIMISTIC_SCREENING;71f171771bd9141639674d66f8b5ead3df254e142332dcfd11f5c3f562ec148c;b78c21d5b38a942b6a6176203a2ec5ba82ce625bb9091bb9a1ca1b2e013b16c2;2026-09-16T18:40:18.343781+00:00;true
LOC-0095;LOC-0126;PUBLIC_TRANSIT;2026-08-17T07:00:00+03:00;OK;1947;33;6359;LOCAL_TRANSIT_OPTIMISTIC_SCREENING;908dafa02677e81a2ade0808a21f633dc3244078850da352e228167f6ff6ec5d;c4c3c18c79d44831c43c952b3f8d4c82adf8018b8761d1639e4454552601bbac;2026-09-16T18:40:18.343781+00:00;true
LOC-0095;LOC-0128;PUBLIC_TRANSIT;2026-08-17T07:00:00+03:00;OK;1760;30;3489;LOCAL_TRANSIT_OPTIMISTIC_SCREENING;8e3075e4b7740e6e19915c6256137f2c90d54b842b5bb5ea9a1c9b8e0473fad8;0f0d588d80b63343f82d7b082341b92ea1eac1e34ad546224d0fb64cdcf83bc2;2026-09-16T18:40:18.343781+00:00;true
LOC-0095;LOC-0134;PUBLIC_TRANSIT;2026-08-17T07:00:00+03:00;OK;1069;18;1602;LOCAL_TRANSIT_OPTIMISTIC_SCREENING;7c1f2484d653ed58cb60efab4e2fec0c4008403f1e23ddcc4eaa237e839db289;920bb45765ead184c0a3b9bee1007d51b45e5446d8d8720880bf639adae5fb03;2026-09-16T18:40:18.343781+00:00;true
LOC-0095;LOC-0135;PUBLIC_TRANSIT;2026-08-17T07:00:00+03:00;OK;1106;19;1554;LOCAL_TRANSIT_OPTIMISTIC_SCREENING;b79152a6db1f327c1e3425312fce98e6121683eac29f0e674015cc6ef785fc40;1976bb9f9f8c1f17a005d71e6fdde2598f6086138ba894807b9922b4851d0f45;2026-09-16T18:40:18.343781+00:00;true
LOC-0095;LOC-0136;PUBLIC_TRANSIT;2026-08-17T07:00:00+03:00;OK;930;16;1103;LOCAL_TRANSIT_OPTIMISTIC_SCREENING;e3aaabde8004264164eed3e680fbbb35fdb55f33cded1a648c919852e460b1f9;17a61671d16dbe2cb4b06aa4fee3d47b4546dca2cfe589d7d1d2f61a2f7d1b7d;2026-09-16T18:40:18.343781+00:00;true
LOC-0095;LOC-0140;PUBLIC_TRANSIT;2026-08-17T07:00:00+03:00;OK;1952;33;3438;LOCAL_TRANSIT_OPTIMISTIC_SCREENING;754675ec2a554b2fb6dff2c4ff4d47ecd15ce9ec9d2af8c69d24a751eb927ea1;1eed7ebd1d13f98dfdf72870b3cb9b30f9160dc48d3d330d6c8bfe5bfc833120;2026-09-16T18:40:18.343781+00:00;true
LOC-0095;LOC-0141;PUBLIC_TRANSIT;2026-08-17T07:00:00+03:00;OK;2968;50;9961;LOCAL_TRANSIT_OPTIMISTIC_SCREENING;fa0a56e87274d9227e79807c47b973d429e76a5c478ca31f715b46471bad760b;1ca35662e282e8bdfbe2ef7934adaa5a499d872adce5a8da04d3106c306915dd;2026-09-16T18:40:18.343781+00:00;true
LOC-0095;LOC-0142;PUBLIC_TRANSIT;2026-08-17T07:00:00+03:00;OK;2903;49;10019;LOCAL_TRANSIT_OPTIMISTIC_SCREENING;adb0a5dc314c9592f30e657e0801212f0d435ff99afe0e2cd6bb3f8c89aacae3;292ec7374882e0355f1d9d2653e1f32825d7c8a180ed907c0a6bccd558495e1c;2026-09-16T18:40:18.343781+00:00;true
LOC-0095;LOC-0145;PUBLIC_TRANSIT;2026-08-17T07:00:00+03:00;OK;1647;28;9217;LOCAL_TRANSIT_OPTIMISTIC_SCREENING;f14a3ad1fa6d9351f278f4d79fba8c7ae90701aba1a2fcc9138d70c1d15f2238;c6ad04acbda09f25f3488ea9769a76dd37bd6ab8403e0b98288478e93f053f83;2026-09-16T18:40:18.343781+00:00;true
LOC-0095;LOC-0148;PUBLIC_TRANSIT;2026-08-17T07:00:00+03:00;OK;2568;43;7474;LOCAL_TRANSIT_OPTIMISTIC_SCREENING;efd121c065a54ec1edc87ab2d4154b66c0975fe351bf5d48f78a33dedb0f8f2a;f2c49c8fc064e16f7bd9064e2f5d7b9be06dd05d937205a34ad1186cdc1c6d52;2026-09-16T18:40:18.343781+00:00;true
LOC-0095;LOC-0149;PUBLIC_TRANSIT;2026-08-17T07:00:00+03:00;OK;2519;42;7233;LOCAL_TRANSIT_OPTIMISTIC_SCREENING;4f0eebf09051a14420ea4de9a116f125642457accf5018fcde84abe341265685;2b54dc06a41fd2981d6bee35dc0bea947dcddb3f06a73e48f30de7ec65230e3c;2026-09-16T18:40:18.343781+00:00;true
LOC-0095;LOC-0150;PUBLIC_TRANSIT;2026-08-17T07:00:00+03:00;OK;2507;42;7068;LOCAL_TRANSIT_OPTIMISTIC_SCREENING;2e72ac61ff20580408b2a1cdc29ab55ddbd1264f8317e58a2697f52e80aaa4c3;80084841a65eccd5cf16f6a1a13cafd09a1f5ee9d0ee286f4896a77b7a39364f;2026-09-16T18:40:18.343781+00:00;true
LOC-0095;LOC-0151;PUBLIC_TRANSIT;2026-08-17T07:00:00+03:00;OK;2701;46;7822;LOCAL_TRANSIT_OPTIMISTIC_SCREENING;1418a4866c585b2e8e38a7f57a8b650621d1dc73e6c8c0c4f15432591ec65f6a;d755dc452ed4ff2c2c25c8eada04d7e90f15d5442b7f4e2fb62b63b296913510;2026-09-16T18:40:18.343781+00:00;true
LOC-0095;LOC-0152;PUBLIC_TRANSIT;2026-08-17T07:00:00+03:00;OK;2735;46;7772;LOCAL_TRANSIT_OPTIMISTIC_SCREENING;94816989242fce42272a316a5b4dfb527404f535ed080ce035d7ace15f443f5e;0466aaf56ae37ade61a7f1bf836abc3081008507acf76ffa79d9de2246c7c921;2026-09-16T18:40:18.343781+00:00;true
LOC-0095;LOC-0190;PUBLIC_TRANSIT;2026-08-17T07:00:00+03:00;OK;1803;31;5905;LOCAL_TRANSIT_OPTIMISTIC_SCREENING;6859d76cf7b3b39a259b0d165af4febc7679e31d3dbd1bade4f9a20ad77890d7;33400bb31cc6b2bdf96cdbea5ca9ea7d1b796b9ecab50e38fd2d5e188740d3e6;2026-09-16T18:40:18.343781+00:00;true
LOC-0095;LOC-0196;PUBLIC_TRANSIT;2026-08-17T07:00:00+03:00;OK;2409;41;10302;LOCAL_TRANSIT_OPTIMISTIC_SCREENING;a6ab51676ed148d31f60e786ef9053b985b592c9f8916c3a3d51b595e22addc5;b44bdb10c25426b76702796f0932af78d808c331eeecc4ea65b1e9e62427f3f6;2026-09-16T18:40:18.343781+00:00;true
LOC-0102;LOC-0002;PUBLIC_TRANSIT;2026-08-17T07:00:00+03:00;OK;1909;32;5897;LOCAL_TRANSIT_OPTIMISTIC_SCREENING;766931f27367be2ed083cb201497a7c1f3954657e3e16b970927ce42aff48de2;ff04ce42b6a6b8434b0397bb8e6a074467e21858b99277d2e1fa65433554489c;2026-09-16T18:40:18.343781+00:00;true
LOC-0102;LOC-0008;PUBLIC_TRANSIT;2026-08-17T07:00:00+03:00;OK;1503;26;8810;LOCAL_TRANSIT_OPTIMISTIC_SCREENING;c7ca0a6e3e3b768c893f34285867fe4f84c6ff3e32651ebb2508b28122e5f726;5a348d0418471d1e5b1a747e762c74ae60cffd7724c749b2ad82f1ffe0e3a6e1;2026-09-16T18:40:18.343781+00:00;true
LOC-0102;LOC-0009;PUBLIC_TRANSIT;2026-08-17T07:00:00+03:00;OK;1434;24;2958;LOCAL_TRANSIT_OPTIMISTIC_SCREENING;56f8b61141ceacd38e41631651275dd855f566cf6210cec80c8e773ad730c4a8;abab37e56ce67df291390c3118449a56907399480f95e4c24422ed67a2f221eb;2026-09-16T18:40:18.343781+00:00;true
LOC-0102;LOC-0010;PUBLIC_TRANSIT;2026-08-17T07:00:00+03:00;OK;1426;24;9307;LOCAL_TRANSIT_OPTIMISTIC_SCREENING;5eaeb98e890115a7ec891fbf80d83d51a9fe006ee0ccd9976bf49223f67e5677;6cffc45475cdc17675bc4be1e22849c12594c7adf6ee791de4d6f5df2abbeaf4;2026-09-16T18:40:18.343781+00:00;true
LOC-0102;LOC-0011;PUBLIC_TRANSIT;2026-08-17T07:00:00+03:00;OK;1686;29;8388;LOCAL_TRANSIT_OPTIMISTIC_SCREENING;4126afc7db1e03aaa06604bc765a6f8e27dd8e71c2f051ed7d050a81a7ede4f2;f85c6823da1b17850ef459eb7e23787424adf8f72b818addba4211e0ff756702;2026-09-16T18:40:18.343781+00:00;true
LOC-0102;LOC-0012;PUBLIC_TRANSIT;2026-08-17T07:00:00+03:00;OK;1466;25;8208;LOCAL_TRANSIT_OPTIMISTIC_SCREENING;91c4e23aaa88c6fc62bb59c79e5207f91cb000460b79fdc18199852621828a04;9b88480c4a4830b7ba512da957ac51e9f0887e39f6414e8862fc1a3f930398c2;2026-09-16T18:40:18.343781+00:00;true
LOC-0102;LOC-0013;PUBLIC_TRANSIT;2026-08-17T07:00:00+03:00;OK;2274;38;5982;LOCAL_TRANSIT_OPTIMISTIC_SCREENING;767bd93f04d3834f74640df3b82168391c7268e95c36277bab3f5a6b332943a5;9d7c32e3213141e483dd4896dd8ff6f6e8b43c7286b63cee2ca95e5caeb7f8cf;2026-09-16T18:40:18.343781+00:00;true
LOC-0102;LOC-0016;PUBLIC_TRANSIT;2026-08-17T07:00:00+03:00;OK;1415;24;2856;LOCAL_TRANSIT_OPTIMISTIC_SCREENING;d8bfba86562c8f8a948755dcd282207b64a8ead9183e945cb47f468b0e11be94;3368ea6525463f7a8969d5f8dae836b24b0cc078d0d233dffc81a87d16dd2e13;2026-09-16T18:40:18.343781+00:00;true
LOC-0102;LOC-0017;PUBLIC_TRANSIT;2026-08-17T07:00:00+03:00;OK;1805;31;4451;LOCAL_TRANSIT_OPTIMISTIC_SCREENING;967141efbd6968170c88d7095ef8082fd5b62b50ea4365232abae66a2ce44d51;2d9ef86efa418f06f8ac36fd8bbd2895dabb96f4611abfcb0d40836dd33260cc;2026-09-16T18:40:18.343781+00:00;true
LOC-0102;LOC-0018;PUBLIC_TRANSIT;2026-08-17T07:00:00+03:00;OK;1482;25;5219;LOCAL_TRANSIT_OPTIMISTIC_SCREENING;0adb5c9c23f70fe2638b458fdcc6243fc4301bfe129ecbe2c6a857736bc3fe31;6a4d9c2dedfb7c08caa700c6a58fac24254072968c1df7e16e8e94b341a22515;2026-09-16T18:40:18.343781+00:00;true
LOC-0102;LOC-0019;PUBLIC_TRANSIT;2026-08-17T07:00:00+03:00;OK;1642;28;9600;LOCAL_TRANSIT_OPTIMISTIC_SCREENING;e25e91d7eab0d19888b1aa4c29d5e12565ec6f91211022cd213ca3edfd7f3281;a63361d73e4274affc82197f074a2457b08dcaa7f138f0d0276f1e6df69438fc;2026-09-16T18:40:18.343781+00:00;true
LOC-0102;LOC-0020;PUBLIC_TRANSIT;2026-08-17T07:00:00+03:00;OK;2075;35;9257;LOCAL_TRANSIT_OPTIMISTIC_SCREENING;49355ed91b141a2025cd5d0807a1fe59af31ef6e0b7ccd0048022a4a69acbb2d;260d04f973f946d0e7e65c1ae4972aae8f19ec03948e32a29c06bde4267a6c9f;2026-09-16T18:40:18.343781+00:00;true
LOC-0102;LOC-0023;PUBLIC_TRANSIT;2026-08-17T07:00:00+03:00;OK;1720;29;6531;LOCAL_TRANSIT_OPTIMISTIC_SCREENING;8d3fd2f74d613f2e8dbf7044b1fef7239d9aea59e0cd5eee7972f8c4e1c0f366;95b92091ff84a6404f7ee1fe4782b4ef0035a39a9ab65fde1a267dc15a525606;2026-09-16T18:40:18.343781+00:00;true
LOC-0102;LOC-0027;PUBLIC_TRANSIT;2026-08-17T07:00:00+03:00;OK;1474;25;4131;LOCAL_TRANSIT_OPTIMISTIC_SCREENING;d70f0d539be76a51fec0dea19e5501dfd6cb3290042cc7425e45c419956ca4c9;99c66ce19c81018789e5d37f69b6e05130dfe0bd900799a50407efc39320d165;2026-09-16T18:40:18.343781+00:00;true
LOC-0102;LOC-0028;PUBLIC_TRANSIT;2026-08-17T07:00:00+03:00;OK;1515;26;2223;LOCAL_TRANSIT_OPTIMISTIC_SCREENING;d1cf50fac2b0781b8e9fa7f8b982c438280acaa5bf69a80147e76f4d03f4b532;85d441b5ce8852b4d045744c499cba54298da932ce0567b8e5faeccc1ec74a20;2026-09-16T18:40:18.343781+00:00;true
LOC-0102;LOC-0029;PUBLIC_TRANSIT;2026-08-17T07:00:00+03:00;OK;1455;25;2171;LOCAL_TRANSIT_OPTIMISTIC_SCREENING;ae6b81a68a3fe4d14aff9443ffe255bdd86f4d9e85459480eea040c7a69436b0;2063dfda55af96d5350245a9e89e4682fa78faadd381c0f92e547bb6039158f8;2026-09-16T18:40:18.343781+00:00;true
LOC-0102;LOC-0037;PUBLIC_TRANSIT;2026-08-17T07:00:00+03:00;OK;1742;30;6886;LOCAL_TRANSIT_OPTIMISTIC_SCREENING;d7dbff81962bdeb6e4f181a37a31f3c3febf6e434c640491717daf8e9cb62f61;8883e7da3f518b3b8128b6e8af3646e68c0e3b27b9e5e25b6f92c06dd60a9cc1;2026-09-16T18:40:18.343781+00:00;true
LOC-0102;LOC-0045;PUBLIC_TRANSIT;2026-08-17T07:00:00+03:00;OK;1023;18;2103;LOCAL_TRANSIT_OPTIMISTIC_SCREENING;2c9d646858ae8f8670d3015b4c4579f52a93eb4a34914a00b4f1a5e548c896c0;a2a7e97f04b18db201f3bf99b1157c477a70d81fe5ebf71c8cc7f40ddfe3eab4;2026-09-16T18:40:18.343781+00:00;true
LOC-0102;LOC-0053;PUBLIC_TRANSIT;2026-08-17T07:00:00+03:00;OK;1173;20;3202;LOCAL_TRANSIT_OPTIMISTIC_SCREENING;6726bd3f06871289f51c1cd0ae308b86a597a8e89eb56825a3b2671c72482cfd;e778a2feccb2cca69dd5afa462cb0b50b02f84f34a321505916a1a9de3ea9491;2026-09-16T18:40:18.343781+00:00;true
LOC-0102;LOC-0054;PUBLIC_TRANSIT;2026-08-17T07:00:00+03:00;OK;1895;32;6603;LOCAL_TRANSIT_OPTIMISTIC_SCREENING;d995fc5047e9295bf5ee1c1705a5e3fa36e9c618c465e759c7decc2473cff9c7;aa4034ea81471f55d150818a678319ecd4375b34338d9e5ccded3196754adde0;2026-09-16T18:40:18.343781+00:00;true
LOC-0102;LOC-0061;PUBLIC_TRANSIT;2026-08-17T07:00:00+03:00;OK;1630;28;8058;LOCAL_TRANSIT_OPTIMISTIC_SCREENING;55dda98103a9710e9f546856e59c4d746c108fa299e113ad6fe70a552a0fc79d;6a9ad6a6c81b97a3aa019614c10a086f12d0eb7ef897a782564119efedad15f1;2026-09-16T18:40:18.343781+00:00;true
LOC-0102;LOC-0063;PUBLIC_TRANSIT;2026-08-17T07:00:00+03:00;OK;652;11;810;LOCAL_TRANSIT_OPTIMISTIC_SCREENING;87e8446c7efa0c5e039457ee2453a3d826e7a8d69732370cd8480cee91492f4f;7f238940da16900f51af04d18449bb68ff9b35800f82c60d7aafca2692aa8855;2026-09-16T18:40:18.343781+00:00;true
LOC-0102;LOC-0064;PUBLIC_TRANSIT;2026-08-17T07:00:00+03:00;OK;493;9;589;LOCAL_TRANSIT_OPTIMISTIC_SCREENING;3ff905490b20ce86ea0b3a2c6683f21e08b3192b9f2deeaa49c3dc0dffde6905;7f1d572c03bdaf2396e68d0eb0413560c19edc338c16f998ecab314756391118;2026-09-16T18:40:18.343781+00:00;true
LOC-0102;LOC-0074;PUBLIC_TRANSIT;2026-08-17T07:00:00+03:00;OK;1698;29;5125;LOCAL_TRANSIT_OPTIMISTIC_SCREENING;df6843d5d104654cffab760e74057fd96a76b12405efbec0e6d8030d7fee1456;8cc4ff2324edd308af3a3ee9974bfe7dd5b8f0b6f83b8e10b0f44d4c222e166d;2026-09-16T18:40:18.343781+00:00;true
LOC-0102;LOC-0075;PUBLIC_TRANSIT;2026-08-17T07:00:00+03:00;OK;1768;30;4784;LOCAL_TRANSIT_OPTIMISTIC_SCREENING;a7a192f95d2a756ba9af242add6e484ad6b8f962a907c35818f3ab43501b75b5;3b2e27969cac4b0d08992f719f289f77cbfcc712e23a3f4ef8355526365a883e;2026-09-16T18:40:18.343781+00:00;true
LOC-0102;LOC-0076;PUBLIC_TRANSIT;2026-08-17T07:00:00+03:00;OK;1711;29;2651;LOCAL_TRANSIT_OPTIMISTIC_SCREENING;c7321a6263698c748eb03d2a46ea32152fe3d0983c3e2ec60ccf6c705cb66c10;43172b37978d3e927a59c4035fb41f9deda5586f802e1521aebf5541e716b770;2026-09-16T18:40:18.343781+00:00;true
LOC-0102;LOC-0078;PUBLIC_TRANSIT;2026-08-17T07:00:00+03:00;OK;1131;19;1395;LOCAL_TRANSIT_OPTIMISTIC_SCREENING;a2c2acec482f2eeecb2e73407e2991c6b9f955254fb65d119d950704a3082532;1c0528a4f567553f0f24a315dfbc1dadff2dceed5008fd1feb5a0476779c3b30;2026-09-16T18:40:18.343781+00:00;true
LOC-0102;LOC-0080;PUBLIC_TRANSIT;2026-08-17T07:00:00+03:00;OK;1671;28;5298;LOCAL_TRANSIT_OPTIMISTIC_SCREENING;182053ba8e7049cd14ca9b88fd951bbc060dd72f74b9c2945f61e5ac438ca880;47058d147fbe1fa066df6c4a5a5429e2ea6195a26aa181d88f6f47a09b353c67;2026-09-16T18:40:18.343781+00:00;true
LOC-0102;LOC-0082;PUBLIC_TRANSIT;2026-08-17T07:00:00+03:00;OK;956;16;1257;LOCAL_TRANSIT_OPTIMISTIC_SCREENING;5db0c088ce250e5c770a771a557c0c6858d8fde5df3f4fb920c2a6e409431ee1;708a41f182cdc11522aa183c2def36b9d4862b448e625c9e5a4ca955531492ec;2026-09-16T18:40:18.343781+00:00;true
LOC-0102;LOC-0085;PUBLIC_TRANSIT;2026-08-17T07:00:00+03:00;OK;2304;39;6778;LOCAL_TRANSIT_OPTIMISTIC_SCREENING;1b2a4b48929f379e82a3a58ffd2ed2b087893e541a8cfcd1c5e9703c1adf2364;3659c666aa93c637e928eeedded90eef44ac70ccf531dfd19b45d07eea243875;2026-09-16T18:40:18.343781+00:00;true
LOC-0102;LOC-0086;PUBLIC_TRANSIT;2026-08-17T07:00:00+03:00;OK;2315;39;6854;LOCAL_TRANSIT_OPTIMISTIC_SCREENING;186d1dd0f26ed851861919bc51886f8f76822e1d0ae7a3d45da7c80625dbf581;36c08cb6e597823b775389d17ec6bac2b0f9398c3c13b7ff86d44c2caba20238;2026-09-16T18:40:18.343781+00:00;true
LOC-0102;LOC-0091;PUBLIC_TRANSIT;2026-08-17T07:00:00+03:00;OK;1525;26;8732;LOCAL_TRANSIT_OPTIMISTIC_SCREENING;259ff05f89f9593c6495b7a324679786c4d7d93b2288a32962fbba09374a6b67;5e36519d4fbd3e885eb52f0b6f2b04e2bd10f61dafb5976c013c4fa26a71b9ce;2026-09-16T18:40:18.343781+00:00;true
LOC-0102;LOC-0092;PUBLIC_TRANSIT;2026-08-17T07:00:00+03:00;OK;1656;28;8377;LOCAL_TRANSIT_OPTIMISTIC_SCREENING;cba8d9a2c64d35bef84c131afa6a0f287e205b3fcd2d5372d9dfe909c029813d;7be754b49c311cd5b7e5edf7a62564c74d258c14edc67f554b1ec9acc33996e0;2026-09-16T18:40:18.343781+00:00;true
LOC-0102;LOC-0093;PUBLIC_TRANSIT;2026-08-17T07:00:00+03:00;OK;1632;28;8173;LOCAL_TRANSIT_OPTIMISTIC_SCREENING;93acf6789c3e8b5390dd113beb00b7c68b78f02be03e7006a7ec897b7ed58560;d903b3efc5a78dd05f28e75dba358a8a4a180e6228a3f47f2963b68653ec8af8;2026-09-16T18:40:18.343781+00:00;true
LOC-0102;LOC-0094;PUBLIC_TRANSIT;2026-08-17T07:00:00+03:00;OK;2612;44;7126;LOCAL_TRANSIT_OPTIMISTIC_SCREENING;ddd13d16db5562252846ba5456634d4e8141981e49aab6abf5f1cad4c9ad2acd;4d6a07520adde6d31aa6ecf6b508b5d2c8925ee62bf48000c0cfcb47fb8e626d;2026-09-16T18:40:18.343781+00:00;true
LOC-0102;LOC-0095;PUBLIC_TRANSIT;2026-08-17T07:00:00+03:00;OK;2335;39;7205;LOCAL_TRANSIT_OPTIMISTIC_SCREENING;c8904b69492d84264ba12767065149d0c4e0c834a7b709dd709b0c2944627544;b718075f0d001d930c7402ad48c6c7e5a910500dc125ea8ed2f9a74460e794d6;2026-09-16T18:40:18.343781+00:00;true
LOC-0102;LOC-0102;PUBLIC_TRANSIT;2026-08-17T07:00:00+03:00;OK;0;0;0;LOCAL_TRANSIT_OPTIMISTIC_SCREENING;9576685af2a49cae7c4c79edc75a1ba960554a374fe96fd3bb0239b5e59c128d;3d5812abc84c11768aa73a732c85d75dbed439188f5bb3239e9b762ea31d9862;2026-09-16T18:40:18.343781+00:00;true
LOC-0102;LOC-0112;PUBLIC_TRANSIT;2026-08-17T07:00:00+03:00;OK;1876;32;6689;LOCAL_TRANSIT_OPTIMISTIC_SCREENING;6b48f88170b0d493844b6052920afca2e8d8190c4392a04e610e35181ebc3b49;4a914141dd88aff762df30f944dc6441dd9bbe43a0868786d1a8e268931158c6;2026-09-16T18:40:18.343781+00:00;true
LOC-0102;LOC-0124;PUBLIC_TRANSIT;2026-08-17T07:00:00+03:00;OK;1394;24;3265;LOCAL_TRANSIT_OPTIMISTIC_SCREENING;83f36cefdabb344516742f7b9cf5f2d4ad364e3f8116201c8cc2617aafe2af64;b03c14abf03ef2c9310f35f2c959fff7deebf3832e3b4bac26e20c78096b5a8b;2026-09-16T18:40:18.343781+00:00;true
LOC-0102;LOC-0125;PUBLIC_TRANSIT;2026-08-17T07:00:00+03:00;OK;1404;24;5634;LOCAL_TRANSIT_OPTIMISTIC_SCREENING;7548ac92041014400c7e6755700226dfb9cef03417eb0b07f7e0f9fd1cc02304;a599887553be41f93c270590481105881d38f6d4162bba7fdaf0ee9313b742de;2026-09-16T18:40:18.343781+00:00;true
LOC-0102;LOC-0126;PUBLIC_TRANSIT;2026-08-17T07:00:00+03:00;OK;1184;20;5851;LOCAL_TRANSIT_OPTIMISTIC_SCREENING;a484ee046fe8af3b52e291d3cbb21a6d5d368f6be9be32af7cd02fa0708aed18;e7e98da5669cd573e64d55e359231cdf2d1b18c13fcfdf55bea56d37e567f126;2026-09-16T18:40:18.343781+00:00;true
LOC-0102;LOC-0128;PUBLIC_TRANSIT;2026-08-17T07:00:00+03:00;OK;1742;30;6544;LOCAL_TRANSIT_OPTIMISTIC_SCREENING;839210854a2b69ae95ee28d9e4d17e021d87b00ceeeafd10bc47bca1da2d2cda;274e0e2ad9df1d334e9bb047d8f1179928d08e06a57e0e34c5ba7f5b15abc0b2;2026-09-16T18:40:18.343781+00:00;true
LOC-0102;LOC-0134;PUBLIC_TRANSIT;2026-08-17T07:00:00+03:00;OK;1951;33;6042;LOCAL_TRANSIT_OPTIMISTIC_SCREENING;4d63b745c5fd01ef7f3ed87a59fe4e7c31420c633934d04b1f31cbd07f703579;682fc362f8d82b1fc3d38c44aeceab9997adc71a5d1fb20a16cdd293bd9afdef;2026-09-16T18:40:18.343781+00:00;true
LOC-0102;LOC-0135;PUBLIC_TRANSIT;2026-08-17T07:00:00+03:00;OK;2026;34;5966;LOCAL_TRANSIT_OPTIMISTIC_SCREENING;811940ca5006607853858bf7422289f3c18daa9c0b31c09ff0df4c4e603eb944;7dd6be893df7d0acc339a321e087a20f720a67b3fdf5635736e6b274dbc13667;2026-09-16T18:40:18.343781+00:00;true
LOC-0102;LOC-0136;PUBLIC_TRANSIT;2026-08-17T07:00:00+03:00;OK;1970;33;6304;LOCAL_TRANSIT_OPTIMISTIC_SCREENING;0511822f9a5cfa5786bf8caeab64d3074f117e59e06e5e6cb9196be6f1235211;2fd26f844520cb30db4287fe82144a7d87e44fb05e49f27c6c6ae71a34ec00d2;2026-09-16T18:40:18.343781+00:00;true
LOC-0102;LOC-0140;PUBLIC_TRANSIT;2026-08-17T07:00:00+03:00;OK;1679;28;3810;LOCAL_TRANSIT_OPTIMISTIC_SCREENING;08cedb57886d574250b4489709b889df169818c30f16a3f5a44a95f418ad14b3;88d97d8fb0c5bedc9946c873bb602220271c577f58e0babea41949c3e8fa8848;2026-09-16T18:40:18.343781+00:00;true
LOC-0102;LOC-0141;PUBLIC_TRANSIT;2026-08-17T07:00:00+03:00;OK;1388;24;3597;LOCAL_TRANSIT_OPTIMISTIC_SCREENING;b11d3958ed3d7f28b7faa7de8c4840badbf29ee2ab475edef7c03b07396a98c3;215f5df9b74d54242b391aeae4500bbf773b2d95d53b6fd063f1f919d4eb0f85;2026-09-16T18:40:18.343781+00:00;true
LOC-0102;LOC-0142;PUBLIC_TRANSIT;2026-08-17T07:00:00+03:00;OK;1323;23;3711;LOCAL_TRANSIT_OPTIMISTIC_SCREENING;61cd89c5f5ae259bab4e21af77843cbbacf93c8d456d2d32add6a9286641e4e8;e4cb18c9d8a79930f379ffb5c7906edca727362790a29a71e00093638866b1fd;2026-09-16T18:40:18.343781+00:00;true
LOC-0102;LOC-0145;PUBLIC_TRANSIT;2026-08-17T07:00:00+03:00;OK;1827;31;9043;LOCAL_TRANSIT_OPTIMISTIC_SCREENING;b82e519493d5e4c985269e5cad363274627997994c4cac35d52da94f8cc63d2c;6b03c8a6c1dbaa2afa783093f5905636b940c207087622b3cda87c29dc51bf31;2026-09-16T18:40:18.343781+00:00;true
LOC-0102;LOC-0148;PUBLIC_TRANSIT;2026-08-17T07:00:00+03:00;OK;1805;31;4589;LOCAL_TRANSIT_OPTIMISTIC_SCREENING;699ca60d30d94769f4ef2bbd110aa42c17fe683ace8791ea8660ca01fef12365;8efe7168905c0563478da31c18d7c6c9ced07b4b52d4ea0437a739751c39da8a;2026-09-16T18:40:18.343781+00:00;true
LOC-0102;LOC-0149;PUBLIC_TRANSIT;2026-08-17T07:00:00+03:00;OK;1747;30;4620;LOCAL_TRANSIT_OPTIMISTIC_SCREENING;5954e56fcb2ac374e91795648f75779401b605b40e999e544faf8c6b687e68b2;07273dfab44bca9814f66c8ba566edff0ed6598aab52f5cc8290493f271aefef;2026-09-16T18:40:18.343781+00:00;true
LOC-0102;LOC-0150;PUBLIC_TRANSIT;2026-08-17T07:00:00+03:00;OK;1614;27;4648;LOCAL_TRANSIT_OPTIMISTIC_SCREENING;010c59658c2f4b65f1f4248a0c77320f23cbe1d3eb15991e4a65096aea67430e;65c51b04699a912f71ddf24c869f4dd13761ee9a517720a9c3e8ee99e514df17;2026-09-16T18:40:18.343781+00:00;true
LOC-0102;LOC-0151;PUBLIC_TRANSIT;2026-08-17T07:00:00+03:00;OK;1878;32;4480;LOCAL_TRANSIT_OPTIMISTIC_SCREENING;a1ba69b347a21f6bfba819e5fe13ec9cbedcf69b5509f4137d35fa9b0c848187;524a6f424a738550cf6d213a6132b122551680ce25400c86e1747842fc854358;2026-09-16T18:40:18.343781+00:00;true
LOC-0102;LOC-0152;PUBLIC_TRANSIT;2026-08-17T07:00:00+03:00;OK;1901;32;4410;LOCAL_TRANSIT_OPTIMISTIC_SCREENING;63293ed928e134b6466dd03e830d0d42aada50269bcd296f8a6d55fef40c711c;5e9bf872961999bf2fdf4ec14c0c3f18a66f92a5a37a01aa136c4f991b00a857;2026-09-16T18:40:18.343781+00:00;true
LOC-0102;LOC-0190;PUBLIC_TRANSIT;2026-08-17T07:00:00+03:00;OK;1484;25;6975;LOCAL_TRANSIT_OPTIMISTIC_SCREENING;13d821f6acf44c4cb01cec021a3a96bc8a438a4d339951392f392de621f57628;ee954ef6b4d815132c454e8e4d0846de05afa9258f3c1520e52e29bcfc8377df;2026-09-16T18:40:18.343781+00:00;true
LOC-0102;LOC-0196;PUBLIC_TRANSIT;2026-08-17T07:00:00+03:00;OK;2074;35;6738;LOCAL_TRANSIT_OPTIMISTIC_SCREENING;4e564039b4e100f21f93f5c0b337674bbef74298d751fafcd5cc5d4d8eba58cc;b17db6319fd5950ecf679693344f56b8eebcb9d9cd0eb78a7c8ce4618087b192;2026-09-16T18:40:18.343781+00:00;true
LOC-0112;LOC-0002;PUBLIC_TRANSIT;2026-08-17T07:00:00+03:00;OK;2405;41;5451;LOCAL_TRANSIT_OPTIMISTIC_SCREENING;7df9664f75fb9fbbb4ee16e8441fa7fa2d9276b57a2f5c1573d638956b5e06fd;6301d86732ecf7ae9604618bdf644b2a0bd3ab04f4c30845d49ea92ca02362cb;2026-09-16T18:40:18.343781+00:00;true
LOC-0112;LOC-0008;PUBLIC_TRANSIT;2026-08-17T07:00:00+03:00;OK;1101;19;2621;LOCAL_TRANSIT_OPTIMISTIC_SCREENING;0584f7167790b4be8e4b4ff9f57f4255e6008f00a0af78d5949fdf18b0a717ab;f159773f80a8d27e25359dd24c425cfdc7c46bc4618fc0c6bfa2836969e44026;2026-09-16T18:40:18.343781+00:00;true
LOC-0112;LOC-0009;PUBLIC_TRANSIT;2026-08-17T07:00:00+03:00;OK;2412;41;8043;LOCAL_TRANSIT_OPTIMISTIC_SCREENING;098c11ce2948d05c1053dd8983acd96da905f807332cc08ed3f7e1d0af1b46bf;a68dbb7ddf2d0adfb7cee1ed916b2b2b332fe832f65e71497c0f6f03e072d809;2026-09-16T18:40:18.343781+00:00;true
LOC-0112;LOC-0010;PUBLIC_TRANSIT;2026-08-17T07:00:00+03:00;OK;1129;19;2875;LOCAL_TRANSIT_OPTIMISTIC_SCREENING;a2a247210526b4772913772b0273a1d74439d9145319957ed9b8bc3de2115d08;e456dd92b7727c5324badfcdd0e27d26450a9ba5b7a9a13de683e4ac98d83c4d;2026-09-16T18:40:18.343781+00:00;true
LOC-0112;LOC-0011;PUBLIC_TRANSIT;2026-08-17T07:00:00+03:00;OK;1296;22;2617;LOCAL_TRANSIT_OPTIMISTIC_SCREENING;36249f0f509f66a1d95296396e499833251804db721c3aba16f571247e71e8b1;3458df590cd041f6892e6e505c3e9f796022d9e2d1415f262562b797cc6b013c;2026-09-16T18:40:18.343781+00:00;true
LOC-0112;LOC-0012;PUBLIC_TRANSIT;2026-08-17T07:00:00+03:00;OK;1052;18;1987;LOCAL_TRANSIT_OPTIMISTIC_SCREENING;757cd922718027a59b1ab67dc3dbe8d4ebe5e71d6667cbf0c8a0bd7ff243f894;b4960ac68c846d0d47d027bf02871316138c707ab18d2635218b6d83a9682193;2026-09-16T18:40:18.343781+00:00;true
LOC-0112;LOC-0013;PUBLIC_TRANSIT;2026-08-17T07:00:00+03:00;OK;2679;45;6458;LOCAL_TRANSIT_OPTIMISTIC_SCREENING;4d427c9f4bbc82409791824e2ad0a7e35fc74a3d088b2f9625d8a948c43ffa0f;6f1d53d384a33a21ec1d38038af7865be00dc5623483957356dd5d4870036b30;2026-09-16T18:40:18.343781+00:00;true
LOC-0112;LOC-0016;PUBLIC_TRANSIT;2026-08-17T07:00:00+03:00;OK;2525;43;6537;LOCAL_TRANSIT_OPTIMISTIC_SCREENING;1cf6dc5e05d0ca450efe27fd81aa33f15f9afa7e7e5f53e4a77c3d0a3dd5a1a6;d2aa7282e029f0cc7e17db78386523e89c3d0d964203c81eda653bbb5eb9c2c8;2026-09-16T18:40:18.343781+00:00;true
LOC-0112;LOC-0017;PUBLIC_TRANSIT;2026-08-17T07:00:00+03:00;OK;1387;24;2856;LOCAL_TRANSIT_OPTIMISTIC_SCREENING;1da92162af32188cce64530e7acbd1c4122e7fe8899b79b5bba98afffd214c77;92c2cc2a323c028a51932fb4bacc4680e8cc1c90717f84f059c26bb90dc2b994;2026-09-16T18:40:18.343781+00:00;true
LOC-0112;LOC-0018;PUBLIC_TRANSIT;2026-08-17T07:00:00+03:00;OK;1041;18;2358;LOCAL_TRANSIT_OPTIMISTIC_SCREENING;c47948ad7ab0a3fff86e2332f51b4def6d76b058b135ed5b1d9b3ebae3ba93df;54836acc47cb150377e205be920c1f38b6d70689e3a8f27fe8e071ed2540b3f7;2026-09-16T18:40:18.343781+00:00;true
LOC-0112;LOC-0019;PUBLIC_TRANSIT;2026-08-17T07:00:00+03:00;OK;1345;23;3127;LOCAL_TRANSIT_OPTIMISTIC_SCREENING;df1e5095adee3a3e22d6daaeb82ca6d22059193cbaed16ad0670af9ac5c6e466;cbf51384d49566e9f1668abeffe0c9b35a15bb3c337e73067e84a6a2d0163a1f;2026-09-16T18:40:18.343781+00:00;true
LOC-0112;LOC-0020;PUBLIC_TRANSIT;2026-08-17T07:00:00+03:00;OK;974;17;2590;LOCAL_TRANSIT_OPTIMISTIC_SCREENING;7f5b47e486e04a90338f211a8ab0527a33ea1fc8cc229f36aa1ce1a4f7e1ca90;22d05ccd309c9c2a7df02184a5e0c5673a65d3ed4b77d402d907423cd3cf8841;2026-09-16T18:40:18.343781+00:00;true
LOC-0112;LOC-0023;PUBLIC_TRANSIT;2026-08-17T07:00:00+03:00;OK;754;13;2227;LOCAL_TRANSIT_OPTIMISTIC_SCREENING;55f64bd2eff66d824e3940c68917da1c991c4ede6103efad11fbc4205fbd6aa3;63b5e3e3e4625b9e942d271c66db35dca467cb3f87e33dafdf7128360105682e;2026-09-16T18:40:18.343781+00:00;true
LOC-0112;LOC-0027;PUBLIC_TRANSIT;2026-08-17T07:00:00+03:00;OK;1331;23;2601;LOCAL_TRANSIT_OPTIMISTIC_SCREENING;26a1c932a3ecdcfe6c2888d582b9f8c6bdfa7b23599135c8f5b7973bbc227376;a02e78a9255d88ff0f4b61cc2c1c8dad5f6c244ed4588de05524c41ae6120913;2026-09-16T18:40:18.343781+00:00;true
LOC-0112;LOC-0028;PUBLIC_TRANSIT;2026-08-17T07:00:00+03:00;OK;2407;41;5578;LOCAL_TRANSIT_OPTIMISTIC_SCREENING;141cc59fd35b08b2d1e710e0f2e25c6d482316417d69337dd92d54cb8e793e18;39b359ac3317ceea8fc386f165d8d6e6732e11e842fd4b3b4ee95ce7c8cb6d9f;2026-09-16T18:40:18.343781+00:00;true
LOC-0112;LOC-0029;PUBLIC_TRANSIT;2026-08-17T07:00:00+03:00;OK;2342;40;5539;LOCAL_TRANSIT_OPTIMISTIC_SCREENING;1e3c333096891d6589536c4736318d5d9588b44584222add3e9421caa1db350d;14ffb3403062a188d28f4b4a80cbc659f3eae85cdf0c30a4fc3b8984fa22eeb5;2026-09-16T18:40:18.343781+00:00;true
LOC-0112;LOC-0037;PUBLIC_TRANSIT;2026-08-17T07:00:00+03:00;OK;1959;33;4335;LOCAL_TRANSIT_OPTIMISTIC_SCREENING;e21d7b5bf89380831c062bc4bd20737e7955fc83777efcdb3f9079bc713bcd21;3bc787b0f1b70b79575e9624e3fa14a5e4b430522e07b633d81b98bcb8855e57;2026-09-16T18:40:18.343781+00:00;true
LOC-0112;LOC-0045;PUBLIC_TRANSIT;2026-08-17T07:00:00+03:00;OK;1599;27;4587;LOCAL_TRANSIT_OPTIMISTIC_SCREENING;f6ae53b1841eaaca41a77720e2b235619f9e479de7dfd936d60ed83108308122;c9abd1cc1d3a7f71c8c3e8f3c24669cf73ae08ee938960359fc4a1c1472125bb;2026-09-16T18:40:18.343781+00:00;true
LOC-0112;LOC-0053;PUBLIC_TRANSIT;2026-08-17T07:00:00+03:00;OK;2108;36;5893;LOCAL_TRANSIT_OPTIMISTIC_SCREENING;d011607beee83616a8d95bddc77256a365ddb5cda3f6f8b690835000500dcbf3;5fcffb5f0dda30efd310cd9d082613086b5238f3b2eedeee161ba1f2430d00cd;2026-09-16T18:40:18.343781+00:00;true
LOC-0112;LOC-0054;PUBLIC_TRANSIT;2026-08-17T07:00:00+03:00;OK;2271;38;3800;LOCAL_TRANSIT_OPTIMISTIC_SCREENING;6434b7e1945b397d2268ff120d78fdf616d49492c984ca97e4cd400c675c9321;f422c72d6f6c4bb45877026eca9577e8ec473b24feac49baec1aaa1e9caad710;2026-09-16T18:40:18.343781+00:00;true
LOC-0112;LOC-0061;PUBLIC_TRANSIT;2026-08-17T07:00:00+03:00;OK;1356;23;2096;LOCAL_TRANSIT_OPTIMISTIC_SCREENING;24558d21cd79c25b759681df1dc83567e332fec1ae8014626130d77321257332;e76b4be045a9c58c28ddc5ac0503cef95b1562ba1fae2bc5faa4791a20743642;2026-09-16T18:40:18.343781+00:00;true
LOC-0112;LOC-0063;PUBLIC_TRANSIT;2026-08-17T07:00:00+03:00;OK;2146;36;6861;LOCAL_TRANSIT_OPTIMISTIC_SCREENING;05ae60f7c1665257ed810f3441f023397a0747cc8209a5c2fb438a8e41863fb8;f8bef6c114965e5f604372200626e453f3c5439653b6ddd2b01a2268718a3ad1;2026-09-16T18:40:18.343781+00:00;true
LOC-0112;LOC-0064;PUBLIC_TRANSIT;2026-08-17T07:00:00+03:00;OK;1987;34;6409;LOCAL_TRANSIT_OPTIMISTIC_SCREENING;76801ca6d21b3686c6f508b43d9f7a9fe90b697e45b8bd17e3efdbf36140a2bd;6eb4ffd5c5d0c3d42d35a2d0301e67089c597ba2da2fabdf3dc9e22c4d21a89f;2026-09-16T18:40:18.343781+00:00;true
LOC-0112;LOC-0074;PUBLIC_TRANSIT;2026-08-17T07:00:00+03:00;OK;1017;17;1698;LOCAL_TRANSIT_OPTIMISTIC_SCREENING;f7b2c4f4b5fc784b09b90f3035cb6ba2f0c91d95e3b7de9dc407152076365447;66344255244fe54c8700656ee358a59d896b9fada84d896decd9890534a1c472;2026-09-16T18:40:18.343781+00:00;true
LOC-0112;LOC-0075;PUBLIC_TRANSIT;2026-08-17T07:00:00+03:00;OK;1087;19;2202;LOCAL_TRANSIT_OPTIMISTIC_SCREENING;6a2e26914f05f806493c7a9aba81404940919a6c4df0b8af3f349d59e20a730b;a19f8900e1f5b750f8bd87d6813f19ed8fb4bc779adab72ec34beb07d4ad01fb;2026-09-16T18:40:18.343781+00:00;true
LOC-0112;LOC-0076;PUBLIC_TRANSIT;2026-08-17T07:00:00+03:00;OK;2786;47;6856;LOCAL_TRANSIT_OPTIMISTIC_SCREENING;c82deef6ecd4029d343016d8386faf8e1220c7058cd2b8f0cfff4a1004e3d25b;f57af9823550b041d3de125a376487d6d4b4503bb95fd721b3e092e2f25263ca;2026-09-16T18:40:18.343781+00:00;true
LOC-0112;LOC-0078;PUBLIC_TRANSIT;2026-08-17T07:00:00+03:00;OK;1998;34;5307;LOCAL_TRANSIT_OPTIMISTIC_SCREENING;12c16faf6950cf2017f8c2de8813178cfddf91943cd3394b9c2f93ee561a7e77;5ca55aa0e5b40dcf997cccb656140f1f947dc3cdff7910fecbb30f720055382b;2026-09-16T18:40:18.343781+00:00;true
LOC-0112;LOC-0080;PUBLIC_TRANSIT;2026-08-17T07:00:00+03:00;OK;917;16;1815;LOCAL_TRANSIT_OPTIMISTIC_SCREENING;1b1040d062a5674107c52c412172afe12e006d61135738766085979b180a4085;61b2bc2a22789b95cdbcde433cd336aac22d579b3d2fa19253a36056e6d190cb;2026-09-16T18:40:18.343781+00:00;true
LOC-0112;LOC-0082;PUBLIC_TRANSIT;2026-08-17T07:00:00+03:00;OK;2230;38;6277;LOCAL_TRANSIT_OPTIMISTIC_SCREENING;338f23d702146f115f3027f8a9f71c6ec62840eef6c9df237c475481601d42a2;9ef60e12a64a04d0a28997fb91bff8b77c714c8486bdbad089504fd792a9c5eb;2026-09-16T18:40:18.343781+00:00;true
LOC-0112;LOC-0085;PUBLIC_TRANSIT;2026-08-17T07:00:00+03:00;OK;2143;36;6299;LOCAL_TRANSIT_OPTIMISTIC_SCREENING;292930073dec5ce9fb962cd3c47a7c6768223b521b8a7f92f8859a5f1ae12cd3;d6cc3b42698745e401b13d8a78e38ff6f974fa257deacb43339ea994c7c2ec55;2026-09-16T18:40:18.343781+00:00;true
LOC-0112;LOC-0086;PUBLIC_TRANSIT;2026-08-17T07:00:00+03:00;OK;1925;33;6104;LOCAL_TRANSIT_OPTIMISTIC_SCREENING;857c7f145a156c3b50b24d4148f55591a0ea9d171d524fc030bcb6f82bb6e7c8;a65a954a5b6228ed8e46870c243d8064b450ec643fdc2e66c188c60cf8fbf538;2026-09-16T18:40:18.343781+00:00;true
LOC-0112;LOC-0091;PUBLIC_TRANSIT;2026-08-17T07:00:00+03:00;OK;760;13;2136;LOCAL_TRANSIT_OPTIMISTIC_SCREENING;5cbd99e8145deaa939fb5b900a625ca3ffb897d50b1fad893e41c91b8e312dc9;9e7ad266f833f88e5dcc7cb1789fc55a36d6820ddb9672b9a9efc1d673bfcfc3;2026-09-16T18:40:18.343781+00:00;true
LOC-0112;LOC-0092;PUBLIC_TRANSIT;2026-08-17T07:00:00+03:00;OK;674;12;1689;LOCAL_TRANSIT_OPTIMISTIC_SCREENING;14e41646652a309fedc147ed3293cc53b1804bf51feae404bdd6d998f1013dc4;98f2ffe14cbe085ea4a3845f68e32ffe9d6f0988374a1aed66c0e7f793bb86fb;2026-09-16T18:40:18.343781+00:00;true
LOC-0112;LOC-0093;PUBLIC_TRANSIT;2026-08-17T07:00:00+03:00;OK;636;11;1486;LOCAL_TRANSIT_OPTIMISTIC_SCREENING;48a98109a37073e02326c66f06708f3bd33dde7d34563dc04910c539774dcccd;defd64c9837895159ee570921517cabc3d19f8d7439926821eef09b43f740d7e;2026-09-16T18:40:18.343781+00:00;true
LOC-0112;LOC-0094;PUBLIC_TRANSIT;2026-08-17T07:00:00+03:00;OK;2311;39;6644;LOCAL_TRANSIT_OPTIMISTIC_SCREENING;3e5faac241ea63cac85e7c28e72ef15fadbf0caaeffdd0e7d87f722a3e6d27e7;c904bbaca3da08af2452f11c00a0d72403f8c861dafd4756d87026315ae9cdd1;2026-09-16T18:40:18.343781+00:00;true
LOC-0112;LOC-0095;PUBLIC_TRANSIT;2026-08-17T07:00:00+03:00;OK;1945;33;7369;LOCAL_TRANSIT_OPTIMISTIC_SCREENING;db4d0fa5e2c40bec5e0c65f19d11348d1266bab9ada1fe0f26e08bf648669728;f7d01493964dd01f0f7aad9d2bfc94a591f2f72d26e87c0051b9ab302f49a1bc;2026-09-16T18:40:18.343781+00:00;true
LOC-0112;LOC-0102;PUBLIC_TRANSIT;2026-08-17T07:00:00+03:00;OK;1756;30;6689;LOCAL_TRANSIT_OPTIMISTIC_SCREENING;1128de0a226a99a58c8437202351065d2ce6260d22cb8085066eb405ae9b14f9;7a1c18f6dbc4f4251bf0b75c7a0f5839668dc1b53dff69b5603f38b32253cac5;2026-09-16T18:40:18.343781+00:00;true
LOC-0112;LOC-0112;PUBLIC_TRANSIT;2026-08-17T07:00:00+03:00;OK;0;0;0;LOCAL_TRANSIT_OPTIMISTIC_SCREENING;84b649a02c09154ed06fc76e11b1e8b79253c677b10f7e08c606cc5d80eca12d;3d5812abc84c11768aa73a732c85d75dbed439188f5bb3239e9b762ea31d9862;2026-09-16T18:40:18.343781+00:00;true
LOC-0112;LOC-0124;PUBLIC_TRANSIT;2026-08-17T07:00:00+03:00;OK;2044;35;7932;LOCAL_TRANSIT_OPTIMISTIC_SCREENING;57b06ade71f14f40051a418e01dd4cfe514f5b4b2ba36a40ec26d1416dde3655;e513dade3df52c92300c6e35032621283ec3f4aad81bbaf6a446a4c1743d59cc;2026-09-16T18:40:18.343781+00:00;true
LOC-0112;LOC-0125;PUBLIC_TRANSIT;2026-08-17T07:00:00+03:00;OK;985;17;2191;LOCAL_TRANSIT_OPTIMISTIC_SCREENING;be52290ccbee528ed5f2c6861584be8021b63cce3161cad04e91ccdc43e98da6;8cd03ff22bf14d041a528aff24b2b4b6f240705916872586ab2261c726998109;2026-09-16T18:40:18.343781+00:00;true
LOC-0112;LOC-0126;PUBLIC_TRANSIT;2026-08-17T07:00:00+03:00;OK;740;13;1118;LOCAL_TRANSIT_OPTIMISTIC_SCREENING;ef02f811632261f8e164523fe60f990f4f0c77f14434488d7c394bc95841c614;6acec7a459322289a69e4327ad1d2fd981c0625514b7725fdad1c61c6381b5ba;2026-09-16T18:40:18.343781+00:00;true
LOC-0112;LOC-0128;PUBLIC_TRANSIT;2026-08-17T07:00:00+03:00;OK;2299;39;3987;LOCAL_TRANSIT_OPTIMISTIC_SCREENING;542dab6248dae526bb1c7915843027e565c18fbb3c54a6f31479ed80ead0421d;1526a4ee47de0aacbf5a80eda46ab9b64ef8cbf369030faec547cec9a80bdd05;2026-09-16T18:40:18.343781+00:00;true
LOC-0112;LOC-0134;PUBLIC_TRANSIT;2026-08-17T07:00:00+03:00;OK;2409;41;5845;LOCAL_TRANSIT_OPTIMISTIC_SCREENING;f0487abe5d30df34bc171ddfc1d9a72404516786d5ecb5f9d0e3fb7be385f7b9;3e324ab672d7de12029f8bcde0920b76245a079946dd63cd82511ed253c109f8;2026-09-16T18:40:18.343781+00:00;true
LOC-0112;LOC-0135;PUBLIC_TRANSIT;2026-08-17T07:00:00+03:00;OK;2522;43;5950;LOCAL_TRANSIT_OPTIMISTIC_SCREENING;d3bc00e0be11958bec008f2c385eed9ef1e2069d931bf4761dd04acc979a44ec;3a2113b3118d4d1e8b6fd14014897b829c2a44d5421fbab7c8ea241369f81b04;2026-09-16T18:40:18.343781+00:00;true
LOC-0112;LOC-0136;PUBLIC_TRANSIT;2026-08-17T07:00:00+03:00;OK;2466;42;6362;LOCAL_TRANSIT_OPTIMISTIC_SCREENING;2b716c203cb7c642c6a603cd42e627b83dddc5c39c864330d2d7573e187436b2;7f9e6c278b26b71e2ced578b29cae8af9914e76f64b55ba8811079370635907a;2026-09-16T18:40:18.343781+00:00;true
LOC-0112;LOC-0140;PUBLIC_TRANSIT;2026-08-17T07:00:00+03:00;OK;2278;38;5685;LOCAL_TRANSIT_OPTIMISTIC_SCREENING;6311285cd55c43786e28945449f6d3d579a5b0b6e673703dfe0b9a135b2be1be;e1058154c992c8427a27cbbde2e7ce438e6dbb4cb918e7bb22cea4dd6588356d;2026-09-16T18:40:18.343781+00:00;true
LOC-0112;LOC-0141;PUBLIC_TRANSIT;2026-08-17T07:00:00+03:00;OK;2063;35;6273;LOCAL_TRANSIT_OPTIMISTIC_SCREENING;9a136b6d9c256d391c5d052f8cf7ce307d8aa794ceb6973eb3f9518f62eb009d;9c4344a294c1fc70e6a45a93efdaba27c3d6155e0b8048c611f952b49b420c59;2026-09-16T18:40:18.343781+00:00;true
LOC-0112;LOC-0142;PUBLIC_TRANSIT;2026-08-17T07:00:00+03:00;OK;1964;33;6224;LOCAL_TRANSIT_OPTIMISTIC_SCREENING;67a8a7f012787fd0421b07b00333aaa13192c286a43daaa6cc0b1ae6396590f5;aff69488cf311bb981be48e8ee660c99c04bfeacdd0bbb9bdc6b9d88b72406be;2026-09-16T18:40:18.343781+00:00;true
LOC-0112;LOC-0145;PUBLIC_TRANSIT;2026-08-17T07:00:00+03:00;OK;726;13;2419;LOCAL_TRANSIT_OPTIMISTIC_SCREENING;7e131b98aa0b12db7c6b047c197cc0a557ff4eec7e6da7d09aa69a66ce230572;cf718e158da340ee5d948ebf811fbbb0584d6f0c22c18c122d7cd3ec7e103b92;2026-09-16T18:40:18.343781+00:00;true
LOC-0112;LOC-0148;PUBLIC_TRANSIT;2026-08-17T07:00:00+03:00;OK;1124;19;2357;LOCAL_TRANSIT_OPTIMISTIC_SCREENING;748bbc55c5f873d6566fab8e1a76f20946087078014eddefd3077636851fabab;def66cd44a2ba9acac0d4d2e6f9e0dff9171d41da2712731419e8a1a6c836cde;2026-09-16T18:40:18.343781+00:00;true
LOC-0112;LOC-0149;PUBLIC_TRANSIT;2026-08-17T07:00:00+03:00;OK;1075;18;2201;LOCAL_TRANSIT_OPTIMISTIC_SCREENING;bfb5cd47a69c451d34555efc702d6729aed80630b7fc5f1844256276633e70fd;47db1f3820bb11826d49f4e4355a069010dfa534503c57c95b7147c625835970;2026-09-16T18:40:18.343781+00:00;true
LOC-0112;LOC-0150;PUBLIC_TRANSIT;2026-08-17T07:00:00+03:00;OK;1063;18;2110;LOCAL_TRANSIT_OPTIMISTIC_SCREENING;b1c9cb9e1c8a9df91a07cbeb5bd4e28a2a36aeec817b31ac58290d513090d46a;98b5da0d2f66637eb9e59ea8fd7c81fd4d846a8d8a6e0ce5bf8b9d7d9f03f120;2026-09-16T18:40:18.343781+00:00;true
LOC-0112;LOC-0151;PUBLIC_TRANSIT;2026-08-17T07:00:00+03:00;OK;1257;21;2708;LOCAL_TRANSIT_OPTIMISTIC_SCREENING;e5ac891997c5991c5148258b2c74f1359e5b7687bafa7d16088b4c9a7b36fd78;98e9a4192a18f767379d17a37fb83e1d6880f0593a28b11053b383439be89a60;2026-09-16T18:40:18.343781+00:00;true
LOC-0112;LOC-0152;PUBLIC_TRANSIT;2026-08-17T07:00:00+03:00;OK;1291;22;2743;LOCAL_TRANSIT_OPTIMISTIC_SCREENING;094a09d7b0a1c157802cacbe7612e043229e31de0341ba9ae3ae14e0d86ae6f5;d153561ea148ac3fe53c0b4b163500390cd06f2e8197300678d4b1f9ecda8b32;2026-09-16T18:40:18.343781+00:00;true
LOC-0112;LOC-0190;PUBLIC_TRANSIT;2026-08-17T07:00:00+03:00;OK;1455;25;1777;LOCAL_TRANSIT_OPTIMISTIC_SCREENING;9b91e545f9bdc3376394543de941dcab6c14fbb52072c958b5ffc32b85e34061;c3f02512353be5066d5780dac1b0e26c0fdb09fef8e609f723949bccb778432e;2026-09-16T18:40:18.343781+00:00;true
LOC-0112;LOC-0196;PUBLIC_TRANSIT;2026-08-17T07:00:00+03:00;OK;1150;20;3620;LOCAL_TRANSIT_OPTIMISTIC_SCREENING;ef01e47470553f790393dd4cad8239e764e14307a2be87854eb2aa15ebb755a4;117b1c703d8c3c6abe511a18a7e7582595d9b19de1385eddb909a416a65ef2af;2026-09-16T18:40:18.343781+00:00;true
LOC-0124;LOC-0002;PUBLIC_TRANSIT;2026-08-17T07:00:00+03:00;OK;2697;45;8890;LOCAL_TRANSIT_OPTIMISTIC_SCREENING;cb05f263b16c51959cd1ac9f3e5ee9e366671dfbcec82f6929c22a1f3e90b6fd;b485164be9e9245ebe3bb45bba9afda8bfc36e319d01e791a4982467c0822eae;2026-09-16T18:40:18.343781+00:00;true
LOC-0124;LOC-0008;PUBLIC_TRANSIT;2026-08-17T07:00:00+03:00;OK;2745;46;10454;LOCAL_TRANSIT_OPTIMISTIC_SCREENING;eab2064e5446733510e1d8faca99386a1aa3e836653324e628671c1b6aa18672;5100cffdf8f4a5a24024b340fe20e38e2e0b2806bbfa13641fa015b5f102483d;2026-09-16T18:40:18.343781+00:00;true
LOC-0124;LOC-0009;PUBLIC_TRANSIT;2026-08-17T07:00:00+03:00;OK;558;10;738;LOCAL_TRANSIT_OPTIMISTIC_SCREENING;c4323d5dc8ab30536e3dbfdfe4e33fde5604ad2e03194b10dcadba8856bd907d;0c674471599aa66540b414f0ee61075dd79905ae99901261ce10049a4e548854;2026-09-16T18:40:18.343781+00:00;true
LOC-0124;LOC-0010;PUBLIC_TRANSIT;2026-08-17T07:00:00+03:00;OK;2668;45;10798;LOCAL_TRANSIT_OPTIMISTIC_SCREENING;6a9384b0e213d35369ee648db415abcb33c5f3ce186fcfc5b0438682b78d32cf;94700780ba17fd939d39e223d911d20276da408ba777eb59d7888f5d79e85c41;2026-09-16T18:40:18.343781+00:00;true
LOC-0124;LOC-0011;PUBLIC_TRANSIT;2026-08-17T07:00:00+03:00;OK;2765;47;10214;LOCAL_TRANSIT_OPTIMISTIC_SCREENING;a2d4b8b9b8bb64db087782011054b4ac41ad11f443f7f94946c9896dad321e07;d689f913d79d41b7e727da78fa90c564a52f713e10928f35747ae470847f6e60;2026-09-16T18:40:18.343781+00:00;true
LOC-0124;LOC-0012;PUBLIC_TRANSIT;2026-08-17T07:00:00+03:00;OK;2708;46;9808;LOCAL_TRANSIT_OPTIMISTIC_SCREENING;bc8cac582cfadf1148e924e7911138ff7858073655972d8a6f198d3f5edbe6c1;59b0c3a110c65befadc27997e9ed3aad9987a00cdc9badcf05a1d4f53823b3ab;2026-09-16T18:40:18.343781+00:00;true
LOC-0124;LOC-0013;PUBLIC_TRANSIT;2026-08-17T07:00:00+03:00;OK;3062;52;9129;LOCAL_TRANSIT_OPTIMISTIC_SCREENING;15896eebd6fb7511d4f0d1ba429cc17a9302553402540367896fd8d473c0b3e7;1cdc7090841b97ae5370980014b8cf007a852e4964c7c0a0753af0e86f6b6260;2026-09-16T18:40:18.343781+00:00;true
LOC-0124;LOC-0016;PUBLIC_TRANSIT;2026-08-17T07:00:00+03:00;OK;2203;37;6113;LOCAL_TRANSIT_OPTIMISTIC_SCREENING;415a061049384238a90fb7425cfa9e7eb3a3bbdea3d67e48f4e7eddc9124619d;e270f82dd88fe25bcbc2d5721130d042be86f97425e42d287d36de008a6f1451;2026-09-16T18:40:18.343781+00:00;true
LOC-0124;LOC-0017;PUBLIC_TRANSIT;2026-08-17T07:00:00+03:00;OK;2028;34;5102;LOCAL_TRANSIT_OPTIMISTIC_SCREENING;d7776f27a5b5214b737fafc1dc53973399b6a0a057af07c37761b7961d72eef8;6687e88f30c33a9a40cefa6a9803434c44c86fe37540eaf3f9adbf1d8310de99;2026-09-16T18:40:18.343781+00:00;true
LOC-0124;LOC-0018;PUBLIC_TRANSIT;2026-08-17T07:00:00+03:00;OK;2049;35;5757;LOCAL_TRANSIT_OPTIMISTIC_SCREENING;5ed2eab668b67fb3a64ebebb94fa80a89288c482395e0169a4a0ac2115ab3122;cdd7c297e305b9c6fa6ebb520ff1458595879d23b0934ba009281ca4b24322be;2026-09-16T18:40:18.343781+00:00;true
LOC-0124;LOC-0019;PUBLIC_TRANSIT;2026-08-17T07:00:00+03:00;OK;2884;49;11058;LOCAL_TRANSIT_OPTIMISTIC_SCREENING;d29a5b87d639e8049ebee49b3026e0058dccb7ca83330bb3c1fdacb1315a2624;03002b6d977dc93bcc59f90b8294cdee2a53b6c59d2904489f6433b8df9528d0;2026-09-16T18:40:18.343781+00:00;true
LOC-0124;LOC-0020;PUBLIC_TRANSIT;2026-08-17T07:00:00+03:00;OK;2881;49;10208;LOCAL_TRANSIT_OPTIMISTIC_SCREENING;a54859edc163cbf55a5bd1700790c0c22e77d45dcb663ab57425b91552cb946b;e794845d4cbcc30c5bbadba188c309a62094efc5e078f899e83298ffb7f4dd1e;2026-09-16T18:40:18.343781+00:00;true
LOC-0124;LOC-0023;PUBLIC_TRANSIT;2026-08-17T07:00:00+03:00;OK;2171;37;6807;LOCAL_TRANSIT_OPTIMISTIC_SCREENING;a96f001700dd1a81f9b93ece3fd538663e63bef5a6ec489bbccf0961519a73f6;628d92e8eedff34f21f3c73891f662b6c8f0d04c229b2471b784d787d40fdf64;2026-09-16T18:40:18.343781+00:00;true
LOC-0124;LOC-0027;PUBLIC_TRANSIT;2026-08-17T07:00:00+03:00;OK;1491;25;5891;LOCAL_TRANSIT_OPTIMISTIC_SCREENING;5e0fb1e41c89b4982119b450ac99ecf86663fb7733e88a73c4001455fd5692da;700638296ca56698509462fe570ec5bc9666675808850ba8a95980931e600395;2026-09-16T18:40:18.343781+00:00;true
LOC-0124;LOC-0028;PUBLIC_TRANSIT;2026-08-17T07:00:00+03:00;OK;2337;39;5322;LOCAL_TRANSIT_OPTIMISTIC_SCREENING;e86c585dd3981174319f353c87fb6c74e9d818bb7b84f9a3b34cdeff62a68e72;3b7d19a475be34f478b6eab1981675889d9d0400082473978c50bda54b924d78;2026-09-16T18:40:18.343781+00:00;true
LOC-0124;LOC-0029;PUBLIC_TRANSIT;2026-08-17T07:00:00+03:00;OK;2281;39;5254;LOCAL_TRANSIT_OPTIMISTIC_SCREENING;73d26b1b9fa8c699f063824b58b4172873dd085f0108d231600fb47c60aa9ec2;e885209fb1fc2d6250ba7bf5203418a05a0c27d1de2130314cd44ce00f8baf69;2026-09-16T18:40:18.343781+00:00;true
LOC-0124;LOC-0037;PUBLIC_TRANSIT;2026-08-17T07:00:00+03:00;OK;2530;43;9541;LOCAL_TRANSIT_OPTIMISTIC_SCREENING;6d55c34384d940e4791c7f53d2f27a7b1d1e5afb266ae11fe0f4af3165be2742;5e0ef3bcaa70f0ae46c572083e867226c0a4dc5323a828e6539e5880e2185882;2026-09-16T18:40:18.343781+00:00;true
LOC-0124;LOC-0045;PUBLIC_TRANSIT;2026-08-17T07:00:00+03:00;OK;1920;32;4208;LOCAL_TRANSIT_OPTIMISTIC_SCREENING;8d25614e07693f870c509b72e37e9fb9d1a3e6b722e11fddc062866a289e9d99;06c6440a3fb36ad86e447ed2941686e139f50f0dfeb719e4ad3d40ee0cf5a605;2026-09-16T18:40:18.343781+00:00;true
LOC-0124;LOC-0053;PUBLIC_TRANSIT;2026-08-17T07:00:00+03:00;OK;1961;33;6384;LOCAL_TRANSIT_OPTIMISTIC_SCREENING;4d78b765d0ef73d1f56b55d7cc03dd261e08631d98c04e8d3eea14dfd115dcdb;c82a561d625308dbd9be53648d5d8acf43754606f2009c3246f23a9d2bf5536e;2026-09-16T18:40:18.343781+00:00;true
LOC-0124;LOC-0054;PUBLIC_TRANSIT;2026-08-17T07:00:00+03:00;OK;2683;45;9150;LOCAL_TRANSIT_OPTIMISTIC_SCREENING;f3ee38601838a3e0b431d3236c1e0132f0b0fbf64b163bf8e43dfcac4a7ea245;52a90fe388fcfb688cf808da551dd55aa50ed4627512994c283df6c510a4299a;2026-09-16T18:40:18.343781+00:00;true
LOC-0124;LOC-0061;PUBLIC_TRANSIT;2026-08-17T07:00:00+03:00;OK;2872;48;9776;LOCAL_TRANSIT_OPTIMISTIC_SCREENING;b415705aaf023ebf1be6a25ba24edb0e4713420dc5ffeac0e99e24d6619431db;767129ecdf79cc1be93031eca8ca31b7116ca6586c9dc3a2aa8ccfd67aec4e5b;2026-09-16T18:40:18.343781+00:00;true
LOC-0124;LOC-0063;PUBLIC_TRANSIT;2026-08-17T07:00:00+03:00;OK;1619;27;4040;LOCAL_TRANSIT_OPTIMISTIC_SCREENING;d1b250c890e4b8f6a1ca49229aea27db306991ec6d9612450cddc7118a37a742;107278665dabe20ea34ab0c5f6f074cfc1e09e14cf079d4aa1443ab5ba0b5f4f;2026-09-16T18:40:18.343781+00:00;true
LOC-0124;LOC-0064;PUBLIC_TRANSIT;2026-08-17T07:00:00+03:00;OK;1706;29;3821;LOCAL_TRANSIT_OPTIMISTIC_SCREENING;4e1cea693814aa6be9e35682b300a3b148d8acee738589c6131c7a76f2de7d21;d598d9f6f3327fa11ad72bb9fb41c99a377a8c0ff4281c9a3153b4b8f4355d17;2026-09-16T18:40:18.343781+00:00;true
LOC-0124;LOC-0074;PUBLIC_TRANSIT;2026-08-17T07:00:00+03:00;OK;2161;37;6240;LOCAL_TRANSIT_OPTIMISTIC_SCREENING;3477cadf5ac56117d315eae06cc52d66359b4d5d7b6f1bf84cc2b029ac63fc19;88e537d0a97d81d763056c8d21b1e39609a5364ee9eed3f9b6a2de41ab26752b;2026-09-16T18:40:18.343781+00:00;true
LOC-0124;LOC-0075;PUBLIC_TRANSIT;2026-08-17T07:00:00+03:00;OK;2201;37;5731;LOCAL_TRANSIT_OPTIMISTIC_SCREENING;f34afa73ff6bb405ea93862e4d46c428bdfa433b8096a4c49efa1a69bd05fa0b;e1caa6b1d980fcdf370a9bae378c616706b88191f25e03bd246a65011db19fc7;2026-09-16T18:40:18.343781+00:00;true
LOC-0124;LOC-0076;PUBLIC_TRANSIT;2026-08-17T07:00:00+03:00;OK;2499;42;5914;LOCAL_TRANSIT_OPTIMISTIC_SCREENING;190fe97be1d4672a4a2eed7fbd67970db140c8d12b1db6ef477c07672910a759;fe7fdb75178885714e50237873d76505536c65651de97f112cb87f6d65f6da5f;2026-09-16T18:40:18.343781+00:00;true
LOC-0124;LOC-0078;PUBLIC_TRANSIT;2026-08-17T07:00:00+03:00;OK;2085;35;3901;LOCAL_TRANSIT_OPTIMISTIC_SCREENING;36637aa072c642e6728cf3bfe9dd748957b3de7015bba11edea37f942f7ce21a;b9c7983dd9a24c0c3f0468851f5c2209ae10c72c6f33a59622fa534507a5e9d6;2026-09-16T18:40:18.343781+00:00;true
LOC-0124;LOC-0080;PUBLIC_TRANSIT;2026-08-17T07:00:00+03:00;OK;2163;37;6159;LOCAL_TRANSIT_OPTIMISTIC_SCREENING;359b5261a7f1965bb17f854caacd15d34203bb5918eb1e91fc6fbff4190c828a;176a875d8b041220683d007de04c2a3b2168336ac933143cfd862d0b8fddbb0f;2026-09-16T18:40:18.343781+00:00;true
LOC-0124;LOC-0082;PUBLIC_TRANSIT;2026-08-17T07:00:00+03:00;OK;1751;30;4493;LOCAL_TRANSIT_OPTIMISTIC_SCREENING;b83aff6b14b3d2af0ea7fac6cc6f1e036f64afd3a29988eb4d3c8062912d9ab3;1bb135ce7a1a393ebd38bb1b438851c92c5f8d5a7be5af2525d4634f92785295;2026-09-16T18:40:18.343781+00:00;true
LOC-0124;LOC-0085;PUBLIC_TRANSIT;2026-08-17T07:00:00+03:00;OK;3092;52;9845;LOCAL_TRANSIT_OPTIMISTIC_SCREENING;1c61538bb379c8486e573f39d9eff31ee8c542244d6a9e5f66af57be88eeab51;2eb8e5f36f3f17510b4be84a3edf4a286c45ae16236465a35f897b5a2f9e9e44;2026-09-16T18:40:18.343781+00:00;true
LOC-0124;LOC-0086;PUBLIC_TRANSIT;2026-08-17T07:00:00+03:00;OK;3156;53;9883;LOCAL_TRANSIT_OPTIMISTIC_SCREENING;91bae57e3b79a5d843bb53dc1849a4ae3464ca24b12c28bdadbd75b0d6a3d59a;d1562f687a2199f84c9072d64fda6259479211f49c67a8c4864889a9e6d82b0b;2026-09-16T18:40:18.343781+00:00;true
LOC-0124;LOC-0091;PUBLIC_TRANSIT;2026-08-17T07:00:00+03:00;OK;2700;45;10063;LOCAL_TRANSIT_OPTIMISTIC_SCREENING;a27577130036b0609da31eb898101e0eb82fccb59af828db0182bae6bb168cba;f55c52e48d44a60e9fb72b911beb1456915b264a44239a7a72a5f243acb5dbe4;2026-09-16T18:40:18.343781+00:00;true
LOC-0124;LOC-0092;PUBLIC_TRANSIT;2026-08-17T07:00:00+03:00;OK;2731;46;9519;LOCAL_TRANSIT_OPTIMISTIC_SCREENING;90369d816152b0f81d6a0cee5c23994876a73ebbe14636478c556c28615e01dc;5a8869681cf30ff3d0a4f6430960430655bc4ccf59f0cfaa396cd03785934ba6;2026-09-16T18:40:18.343781+00:00;true
LOC-0124;LOC-0093;PUBLIC_TRANSIT;2026-08-17T07:00:00+03:00;OK;2791;47;9337;LOCAL_TRANSIT_OPTIMISTIC_SCREENING;e45c11506f0dcc8e88c56f9a469837a0ea7a15cf547563707659c83e36fc8c3c;5e1d833fe505fca37943db98bc4b4cce6a61c0141d03c34de1e8ff319a2e47cb;2026-09-16T18:40:18.343781+00:00;true
LOC-0124;LOC-0094;PUBLIC_TRANSIT;2026-08-17T07:00:00+03:00;OK;3400;57;10215;LOCAL_TRANSIT_OPTIMISTIC_SCREENING;27b992b1d90275ef72d7a9e5eeb2b1bc81c17319fae5c2867e281535e97108fc;d39432092bfe8131d44cf59bd7379f50c9436e2af4aee8161dc76521671c9870;2026-09-16T18:40:18.343781+00:00;true
LOC-0124;LOC-0095;PUBLIC_TRANSIT;2026-08-17T07:00:00+03:00;OK;2973;50;10380;LOCAL_TRANSIT_OPTIMISTIC_SCREENING;89dacc187da71c7f73a9274c94202d82d0cb72b6779dfde392842f89caea413b;734893a139eb71a330a5eb71ce55d244919988659cb59709cce2808ad8f6ee45;2026-09-16T18:40:18.343781+00:00;true
LOC-0124;LOC-0102;PUBLIC_TRANSIT;2026-08-17T07:00:00+03:00;OK;1278;22;3265;LOCAL_TRANSIT_OPTIMISTIC_SCREENING;555f2bdffcdf5ab5733d394f440e264c96f043e6f58bebd57ffcc616904df467;015c4f1ee49aa0d61508871c580b14868862bb3762b5f379fe419a7f473f9a76;2026-09-16T18:40:18.343781+00:00;true
LOC-0124;LOC-0112;PUBLIC_TRANSIT;2026-08-17T07:00:00+03:00;OK;2635;44;7932;LOCAL_TRANSIT_OPTIMISTIC_SCREENING;aa5ab975c9cb8d0117e896d8703bc9dea03844f1c333a7cb7143089fa4ed89b2;f34522416eeb3af72d74e1daaf05c7da48954319ee1ed37b9d68841ebb89a80f;2026-09-16T18:40:18.343781+00:00;true
LOC-0124;LOC-0124;PUBLIC_TRANSIT;2026-08-17T07:00:00+03:00;OK;0;0;0;LOCAL_TRANSIT_OPTIMISTIC_SCREENING;51ad5521113c1fe5414e54f5c2946da745b68526f3e87df58d4e47e7c4f12747;3d5812abc84c11768aa73a732c85d75dbed439188f5bb3239e9b762ea31d9862;2026-09-16T18:40:18.343781+00:00;true
LOC-0124;LOC-0125;PUBLIC_TRANSIT;2026-08-17T07:00:00+03:00;OK;1971;33;6102;LOCAL_TRANSIT_OPTIMISTIC_SCREENING;9361923e1e4c7645d0edc2085465dad36111c12bd5563b55c2558465db624ce2;0ce3ade94e3b93d776daa14e3eb6a1922c5a237971a3aa046ec19bf19979b589;2026-09-16T18:40:18.343781+00:00;true
LOC-0124;LOC-0126;PUBLIC_TRANSIT;2026-08-17T07:00:00+03:00;OK;2283;39;7473;LOCAL_TRANSIT_OPTIMISTIC_SCREENING;bc05c5fe74adbc865af3dc5af838015641c2d23e3eae2beb98489794d696ccf2;f15a14c88f35f9adf65c31f8a0193142747936e24276db3f50c8179173e3be26;2026-09-16T18:40:18.343781+00:00;true
LOC-0124;LOC-0128;PUBLIC_TRANSIT;2026-08-17T07:00:00+03:00;OK;2530;43;9147;LOCAL_TRANSIT_OPTIMISTIC_SCREENING;4d2e902b4e0adece295b8c6991be3299fdbafb7b88ef05e8c9404060ee36cb66;c7c16017e3626c65a5e9e364a6a1681e97e0b7604c49ee5776d653e277c18dde;2026-09-16T18:40:18.343781+00:00;true
LOC-0124;LOC-0134;PUBLIC_TRANSIT;2026-08-17T07:00:00+03:00;OK;2739;46;9094;LOCAL_TRANSIT_OPTIMISTIC_SCREENING;f91b0344d020f6180bdc2e9efa0b02910381b645c5f775f7a1d0d7734c6e702b;0f7a2f3b932e43257731f9b71f3afe94eeb61b0b85027a7e84644e231ed5d750;2026-09-16T18:40:18.343781+00:00;true
LOC-0124;LOC-0135;PUBLIC_TRANSIT;2026-08-17T07:00:00+03:00;OK;2814;47;9041;LOCAL_TRANSIT_OPTIMISTIC_SCREENING;3b7f155833542af6b55c4a5584e37db66d04f6ec2d3013bf61a8ae4cb6819d46;cb3ac77cec79af615683cb863513a51bb16d42f653c5c5e2a2fb56f025e38c31;2026-09-16T18:40:18.343781+00:00;true
LOC-0124;LOC-0136;PUBLIC_TRANSIT;2026-08-17T07:00:00+03:00;OK;2758;46;9416;LOCAL_TRANSIT_OPTIMISTIC_SCREENING;2db44a45a9ec5f6890a0f2d95142a61e946c26205624c05dfc3a23d4869476c1;de16059712dd64adb5bd1e5e9eb7f51bf99ef60ab8c0817c69a736b12e19450d;2026-09-16T18:40:18.343781+00:00;true
LOC-0124;LOC-0140;PUBLIC_TRANSIT;2026-08-17T07:00:00+03:00;OK;2467;42;6945;LOCAL_TRANSIT_OPTIMISTIC_SCREENING;7807ecec4b0ebad45d1338399999ece41d83fded8df464c30c2558283946d288;541640ab3ad58078c4f9cd2795b7a2bef9362068b9f6efab25f6f760a3b3e3c5;2026-09-16T18:40:18.343781+00:00;true
LOC-0124;LOC-0141;PUBLIC_TRANSIT;2026-08-17T07:00:00+03:00;OK;1413;24;1936;LOCAL_TRANSIT_OPTIMISTIC_SCREENING;ba28ac44994c52ed8c9455252b0116644d593591fb91658cb4ddcf755bdf37a3;6784a9b808d1a4a7b5d383f4ea83c329ae0277f5875ddd81d6dde2c46f0b9a79;2026-09-16T18:40:18.343781+00:00;true
LOC-0124;LOC-0142;PUBLIC_TRANSIT;2026-08-17T07:00:00+03:00;OK;1314;22;2050;LOCAL_TRANSIT_OPTIMISTIC_SCREENING;97584b952e4c7d9b5b3a9d7bdf3f2199f13e13a783d979e69bb97b56c174427b;bb18613db8ddde713d8358934b7e99e2289d06058b1ef03a142109178a390cf2;2026-09-16T18:40:18.343781+00:00;true
LOC-0124;LOC-0145;PUBLIC_TRANSIT;2026-08-17T07:00:00+03:00;OK;2708;46;9920;LOCAL_TRANSIT_OPTIMISTIC_SCREENING;ed95b16dfcd166c9fde56da3e40ccea6d34a852305811b43bc1d6d31b316348e;a284cae66123b68e97b8b80bb5ac9dc306ffa73c4c06d3002fe7163679816dcc;2026-09-16T18:40:18.343781+00:00;true
LOC-0124;LOC-0148;PUBLIC_TRANSIT;2026-08-17T07:00:00+03:00;OK;2238;38;5578;LOCAL_TRANSIT_OPTIMISTIC_SCREENING;886a8a869806bbc0337a59b2d64847faa7574bfc75f02faf989abbf3a25341eb;2a5c3cf2dcec4a183fe56844f1507b4442b5d854e74d8b9b562fc77aed3d322c;2026-09-16T18:40:18.343781+00:00;true
LOC-0124;LOC-0149;PUBLIC_TRANSIT;2026-08-17T07:00:00+03:00;OK;2098;35;5758;LOCAL_TRANSIT_OPTIMISTIC_SCREENING;e69c1309711565e2937511cb5d9b2ea2624f88bb0809adc6640ba9c7ee097700;f68afd84abfdd5e7ef02b220fbe970e053ea829146265d16ad1b75e1abe3de6e;2026-09-16T18:40:18.343781+00:00;true
LOC-0124;LOC-0150;PUBLIC_TRANSIT;2026-08-17T07:00:00+03:00;OK;1979;33;5884;LOCAL_TRANSIT_OPTIMISTIC_SCREENING;8f31afd441f7fb6f11ae0d6c2ec451f1feece13442c5d4b16d08040c1e8da3cb;e9f20bcbfd37d560fefec3c604d9ec65ad10c1fbd27d565c2568d1db46073bd9;2026-09-16T18:40:18.343781+00:00;true
LOC-0124;LOC-0151;PUBLIC_TRANSIT;2026-08-17T07:00:00+03:00;OK;2168;37;5235;LOCAL_TRANSIT_OPTIMISTIC_SCREENING;7620372d970fbd3d8ba509d9bed9943be884888cdc92cd30bf834aab0f9dbcde;c154ed63356014fa1b9dc6b4b8a81b6e5ca90d80d68dc38a4d65f515bdf3c7a2;2026-09-16T18:40:18.343781+00:00;true
LOC-0124;LOC-0152;PUBLIC_TRANSIT;2026-08-17T07:00:00+03:00;OK;2169;37;5195;LOCAL_TRANSIT_OPTIMISTIC_SCREENING;43dfedf8c405fdbb34c1a7a98820f79e2df6506bd9440a6ff60435f5f24e8742;c3420208c2a824b751e905d4410743246e125a3db6aafce64ce84933aff64d2e;2026-09-16T18:40:18.343781+00:00;true
LOC-0124;LOC-0190;PUBLIC_TRANSIT;2026-08-17T07:00:00+03:00;OK;2726;46;8850;LOCAL_TRANSIT_OPTIMISTIC_SCREENING;cdcfff6519f24003eac0259fda2d9dbc9de52748a396737176083358ebec1eaf;d84fed51d97d6440464154fc5bf53570801eb34bdca98c78b26d9552472bc409;2026-09-16T18:40:18.343781+00:00;true
LOC-0124;LOC-0196;PUBLIC_TRANSIT;2026-08-17T07:00:00+03:00;OK;1872;32;6327;LOCAL_TRANSIT_OPTIMISTIC_SCREENING;db28ea2fd20703e21582e26c12de8ed419fc439ee0e231b4b9a3ec07f262b473;854c9455ec16e2ceb65391cc616619b5ecb10815e74da6d11086ea50170e72b9;2026-09-16T18:40:18.343781+00:00;true
LOC-0125;LOC-0002;PUBLIC_TRANSIT;2026-08-17T07:00:00+03:00;OK;2487;42;6523;LOCAL_TRANSIT_OPTIMISTIC_SCREENING;80a4e2fb3c9838dc0c4bb5f4893724d398043e4faaa9c6e1b6d5c622b5e9f6fb;ff2f66426ea5abe13889d86d9b0fe5703f5f70465112b83bbccbc6a793643f4a;2026-09-16T18:40:18.343781+00:00;true
LOC-0125;LOC-0008;PUBLIC_TRANSIT;2026-08-17T07:00:00+03:00;OK;1620;27;4792;LOCAL_TRANSIT_OPTIMISTIC_SCREENING;984194377efc93cc39efbc7137b3d9aada0d8c540ce7a94f73d5f39eba112f44;f25da1bb3ddd62392041b37a18b33204307ed3826d70e912b8bcaae2bfcf0519;2026-09-16T18:40:18.343781+00:00;true
LOC-0125;LOC-0009;PUBLIC_TRANSIT;2026-08-17T07:00:00+03:00;OK;2072;35;6292;LOCAL_TRANSIT_OPTIMISTIC_SCREENING;808fc37e035d6c74d5596c904e4b38b6abf8f0937bc940985a49dd0dfae20a7c;ac8950e0a9a2e82c19483bcc25c8a55f607ba471982d12ab68733697a5f138dc;2026-09-16T18:40:18.343781+00:00;true
LOC-0125;LOC-0010;PUBLIC_TRANSIT;2026-08-17T07:00:00+03:00;OK;1648;28;4961;LOCAL_TRANSIT_OPTIMISTIC_SCREENING;6b3e0368b8376bf14bd64d9e01e74a637acc9060a9c4272344f585b7f0a0e456;02b219ae238bb1beefba34067c92803bbde700568b2360b6535e1da379535dc0;2026-09-16T18:40:18.343781+00:00;true
LOC-0125;LOC-0011;PUBLIC_TRANSIT;2026-08-17T07:00:00+03:00;OK;1741;30;4803;LOCAL_TRANSIT_OPTIMISTIC_SCREENING;15a55057bbb36c4c755a3e35ba07b1ab984d730fe81b6d0efc63ac5e9f39383c;26deb6dadfb8e5a3aa0a9b300cfc0e06c0e773f81d0bdeeece5148ec59579563;2026-09-16T18:40:18.343781+00:00;true
LOC-0125;LOC-0012;PUBLIC_TRANSIT;2026-08-17T07:00:00+03:00;OK;1571;27;4169;LOCAL_TRANSIT_OPTIMISTIC_SCREENING;97c728f0887825bc20456b7d4d73ffd45457d34cf2e8914697836e8a794fe3bc;644b1d1f446b98de2cf8cf8177ec7053fc441d7f989e5b707db87b13f1194f24;2026-09-16T18:40:18.343781+00:00;true
LOC-0125;LOC-0013;PUBLIC_TRANSIT;2026-08-17T07:00:00+03:00;OK;2852;48;7392;LOCAL_TRANSIT_OPTIMISTIC_SCREENING;d6e11f0f76682523e8a9fd83af3b1ccca34db4e26ccc60056fdce3e5f20ef98f;5051e8a6668631224e5ac27d7f9d9134432a77cdf34710801c625751bb2b3eee;2026-09-16T18:40:18.343781+00:00;true
LOC-0125;LOC-0016;PUBLIC_TRANSIT;2026-08-17T07:00:00+03:00;OK;1982;34;6430;LOCAL_TRANSIT_OPTIMISTIC_SCREENING;650bb5a2c1f4b8e9194ad9e9e94019de9d85603639b97b9fcb074261a0efb355;f89b23c826e26c51b1d838e2d49c57b2a4552e070f782b779016a9db694116d1;2026-09-16T18:40:18.343781+00:00;true
LOC-0125;LOC-0017;PUBLIC_TRANSIT;2026-08-17T07:00:00+03:00;OK;848;15;1185;LOCAL_TRANSIT_OPTIMISTIC_SCREENING;1dd23ad6315ab4d1a74448b7470e5333a9528553c404f67371a0df1ee22036d3;c248cf02d02d9f7d80537a93d102871733ca445e5772e3a1424cf8fcbc791b79;2026-09-16T18:40:18.343781+00:00;true
LOC-0125;LOC-0018;PUBLIC_TRANSIT;2026-08-17T07:00:00+03:00;OK;374;7;416;LOCAL_TRANSIT_OPTIMISTIC_SCREENING;4d4017324e9d14e9756f6dd9251a025e85d2d0abae3b88ecad94b373b1060333;4b33abc5972daf218e5e46c026740809fc66d929fbc7ebf3cad64faf58fc1e00;2026-09-16T18:40:18.343781+00:00;true
LOC-0125;LOC-0019;PUBLIC_TRANSIT;2026-08-17T07:00:00+03:00;OK;1864;32;5178;LOCAL_TRANSIT_OPTIMISTIC_SCREENING;df2ea3acb4f484d93c0c5341ac6f3f8b38ee6d761c3c851fa77da79fef2331be;24213f82584c5cef1757012d96afb0bf86c2e30697d8e63feec1a5827bb1abb6;2026-09-16T18:40:18.343781+00:00;true
LOC-0125;LOC-0020;PUBLIC_TRANSIT;2026-08-17T07:00:00+03:00;OK;1386;24;4117;LOCAL_TRANSIT_OPTIMISTIC_SCREENING;425f9d440bbcbccf173fc49bc1add6ebba3295ee10417884f003ef5419f3aa2c;b70c6b43ce0fe5de151c65a9fa1b710562a36eeb01495a249b045b541d5e2e0c;2026-09-16T18:40:18.343781+00:00;true
LOC-0125;LOC-0023;PUBLIC_TRANSIT;2026-08-17T07:00:00+03:00;OK;615;11;908;LOCAL_TRANSIT_OPTIMISTIC_SCREENING;f81a3b11cdbb02c22684458fa1d98d7f4c68b168bf6753f88c28e1d2875406a6;bddf33841f948611efc0d45e19ba230555a7e879747fb20d0d3c68dfca5f2491;2026-09-16T18:40:18.343781+00:00;true
LOC-0125;LOC-0027;PUBLIC_TRANSIT;2026-08-17T07:00:00+03:00;OK;844;15;2448;LOCAL_TRANSIT_OPTIMISTIC_SCREENING;f82bcdb14505df8b0c80ab8231f4333f2735574b34d8d14a24b6059334716271;7fcc1387044ffded82cee0566533829d7c29bd4fdeba71ccff595680cc9e9003;2026-09-16T18:40:18.343781+00:00;true
LOC-0125;LOC-0028;PUBLIC_TRANSIT;2026-08-17T07:00:00+03:00;OK;1718;29;5277;LOCAL_TRANSIT_OPTIMISTIC_SCREENING;cbf99d6c2ac1c92e54c6df66b6528a6bd2cc326f60d20f42577dcd23476e53b7;8aefa3e6382848a4914d54f8a6b5a109acd0727658fb4e3c68bc0ad0b24c4255;2026-09-16T18:40:18.343781+00:00;true
LOC-0125;LOC-0029;PUBLIC_TRANSIT;2026-08-17T07:00:00+03:00;OK;1653;28;5213;LOCAL_TRANSIT_OPTIMISTIC_SCREENING;824cae45094e90dbe6a00fbbf6ebacd724c915a138daca02bc96d64a99de781c;49642442d7b8d69b532dd766c60b8cd86f402ede2070f75142e53563b327584b;2026-09-16T18:40:18.343781+00:00;true
LOC-0125;LOC-0037;PUBLIC_TRANSIT;2026-08-17T07:00:00+03:00;OK;2351;40;5907;LOCAL_TRANSIT_OPTIMISTIC_SCREENING;2bc75cd11a657b1c7deac4d5459b353ac4b932cfcb550e5f4a63edfad5126688;05d33f39716521941da45cd9e3df43211a3368f04120709ed054d3fca17356cd;2026-09-16T18:40:18.343781+00:00;true
LOC-0125;LOC-0045;PUBLIC_TRANSIT;2026-08-17T07:00:00+03:00;OK;1144;20;3712;LOCAL_TRANSIT_OPTIMISTIC_SCREENING;18dfef6b348efb7ae08ba71df1a1179cfedfd735694e6588f53edfeb4849ef58;4fef7b55864b42d375e6223a9173f3e6efa1fcfac80cf0bdf438f177509f2d43;2026-09-16T18:40:18.343781+00:00;true
LOC-0125;LOC-0053;PUBLIC_TRANSIT;2026-08-17T07:00:00+03:00;OK;1515;26;5965;LOCAL_TRANSIT_OPTIMISTIC_SCREENING;632248f7cc16862e25b44da12c3848a154638cafad47f2410440685deef50365;2e38112dfac66d1c8c22cc8b7c7b135cb109b0d3c4513f249eef20899bfb6bed;2026-09-16T18:40:18.343781+00:00;true
LOC-0125;LOC-0054;PUBLIC_TRANSIT;2026-08-17T07:00:00+03:00;OK;2504;42;5360;LOCAL_TRANSIT_OPTIMISTIC_SCREENING;9a1ae327d33671a6cecc45e4214c8343872bf55c49fe2799ad830c83ef6724c6;919beff3699d1509846bc52f540a782733ff5aa2935b3999d9e2ed990b98f936;2026-09-16T18:40:18.343781+00:00;true
LOC-0125;LOC-0061;PUBLIC_TRANSIT;2026-08-17T07:00:00+03:00;OK;1875;32;4286;LOCAL_TRANSIT_OPTIMISTIC_SCREENING;df5fb813db2d4ef4cf46754032e828cc5b406137c6db32c2b2c8cf2738a407e0;8331f614dfd81b0c63e58073418244b4c50943a71f62672698ce2e60eebffe99;2026-09-16T18:40:18.343781+00:00;true
LOC-0125;LOC-0063;PUBLIC_TRANSIT;2026-08-17T07:00:00+03:00;OK;1619;27;6043;LOCAL_TRANSIT_OPTIMISTIC_SCREENING;65fbfb92221b0833ebd9d031f93b8cee6d4cc74f276f0941e1982c3081dcd339;344f692e17039e467ab6f877e1a086438699787b922846093f125eb33dcb1768;2026-09-16T18:40:18.343781+00:00;true
LOC-0125;LOC-0064;PUBLIC_TRANSIT;2026-08-17T07:00:00+03:00;OK;1824;31;5536;LOCAL_TRANSIT_OPTIMISTIC_SCREENING;fc2495f6d55d02abce2c22d65b92de1184df68b88f9a9e0d88541051af4b0fed;22da6420d4ec5e8010e4d92ab0f304aa6fe554211c2e7c9fb559c7f97a24c7a7;2026-09-16T18:40:18.343781+00:00;true
LOC-0125;LOC-0074;PUBLIC_TRANSIT;2026-08-17T07:00:00+03:00;OK;696;12;1194;LOCAL_TRANSIT_OPTIMISTIC_SCREENING;9b9751bc81010235438b1814aeb8755b16e03f9c01c58463a5453480f5ea9a35;f831dfd46f837605bffe4de2fc92d8bcf66726ae31e54f03f715adf3179f9648;2026-09-16T18:40:18.343781+00:00;true
LOC-0125;LOC-0075;PUBLIC_TRANSIT;2026-08-17T07:00:00+03:00;OK;778;13;1050;LOCAL_TRANSIT_OPTIMISTIC_SCREENING;b0eb453e5549156a1ca2c83fdc3c7b6bc40a11ca1e08af0364b105eff34216d0;dcf8a41409f7a8b1799a5366df9db159b52c393d437f7c643bbd39c219ea38a6;2026-09-16T18:40:18.343781+00:00;true
LOC-0125;LOC-0076;PUBLIC_TRANSIT;2026-08-17T07:00:00+03:00;OK;2193;37;6640;LOCAL_TRANSIT_OPTIMISTIC_SCREENING;0775d19769bc94c9f3dd99dc7b0c416ca898a1d3202edbf6210ee1a895d76dc2;ee6f69c14762c7a6b9f7d0ed2d3e09d3977044c21226632ba6dba631702fa7a5;2026-09-16T18:40:18.343781+00:00;true
LOC-0125;LOC-0078;PUBLIC_TRANSIT;2026-08-17T07:00:00+03:00;OK;1309;22;4407;LOCAL_TRANSIT_OPTIMISTIC_SCREENING;31bc087611c402a0635e81109ba98eb520be3b61e93a7861c9e9d33bf33dfade;8a8cda294ec7703357a62d5a2f3bc9e6aad743b4a5f194ecb2248f0d89c360e3;2026-09-16T18:40:18.343781+00:00;true
LOC-0125;LOC-0080;PUBLIC_TRANSIT;2026-08-17T07:00:00+03:00;OK;499;9;727;LOCAL_TRANSIT_OPTIMISTIC_SCREENING;20de4d9d8a6cea0b96476b6289f31c3f0c7f4321d84ceffdbba5bc83aa947493;a84007b125a908a9d7900600e8422e99c98d9b8e66e33e94dbe335b7f0ea37ad;2026-09-16T18:40:18.343781+00:00;true
LOC-0125;LOC-0082;PUBLIC_TRANSIT;2026-08-17T07:00:00+03:00;OK;1541;26;5636;LOCAL_TRANSIT_OPTIMISTIC_SCREENING;cda43cfce069642e6ce0e017716451a77f16bc4142e406baee06378c9419ddea;48b572b167dd7d14cef8e08ec1c002a1bede339c74162608742ddf8916fbeca0;2026-09-16T18:40:18.343781+00:00;true
LOC-0125;LOC-0085;PUBLIC_TRANSIT;2026-08-17T07:00:00+03:00;OK;2588;44;7505;LOCAL_TRANSIT_OPTIMISTIC_SCREENING;b268441d370ef7af109c5928cb1c6621987c6005f03045d2780137fe60b78728;bd5769b1c46be71b09ab8b7676eb5f0c263cf65d5fb6059a29c6c8fc643d4945;2026-09-16T18:40:18.343781+00:00;true
LOC-0125;LOC-0086;PUBLIC_TRANSIT;2026-08-17T07:00:00+03:00;OK;2370;40;7368;LOCAL_TRANSIT_OPTIMISTIC_SCREENING;b0a3b2e469ce6de19473b2c1b1288fb2560b2f2cd9c3fa053126a6ec43c8637a;b4854989880776a864de60945b21b8abb2c13cbcd89308d5ac8a82e3fce5d850;2026-09-16T18:40:18.343781+00:00;true
LOC-0125;LOC-0091;PUBLIC_TRANSIT;2026-08-17T07:00:00+03:00;OK;1279;22;4147;LOCAL_TRANSIT_OPTIMISTIC_SCREENING;3460a7c4feca0dfa98af76891a620d348764be6f74c3d0d1b4c5d59ad61ccc10;d8c820133a99143279745a183eb010a8b128b04d8979b5b17101e7bdc0d21cba;2026-09-16T18:40:18.343781+00:00;true
LOC-0125;LOC-0092;PUBLIC_TRANSIT;2026-08-17T07:00:00+03:00;OK;1193;20;3512;LOCAL_TRANSIT_OPTIMISTIC_SCREENING;0f160d238b558538c53269de79cb22269a00a40174caff440505de6c9e29add2;400cb99de20b8a7d1fe0d902d5f0c1b6173b70a1ea20c586a38e473cb3323498;2026-09-16T18:40:18.343781+00:00;true
LOC-0125;LOC-0093;PUBLIC_TRANSIT;2026-08-17T07:00:00+03:00;OK;1155;20;3353;LOCAL_TRANSIT_OPTIMISTIC_SCREENING;9ad7dd81c7080468469c8eef9820d97f66f4e8692d9b9cd5eb0dfd90f5eef718;644d87362d87dc3b53fa77d523cbbcb8db4a2fbdb81fbfb3a20474198cf187c7;2026-09-16T18:40:18.343781+00:00;true
LOC-0125;LOC-0094;PUBLIC_TRANSIT;2026-08-17T07:00:00+03:00;OK;2756;46;7890;LOCAL_TRANSIT_OPTIMISTIC_SCREENING;39270e3727d017d49fec2abb66ad1ce33322eb19a46092cb134c9bf99ac63bb6;096c73fb2bbe8092a22575cc50c46df4b5e03c3aff4b67604bd691568929880c;2026-09-16T18:40:18.343781+00:00;true
LOC-0125;LOC-0095;PUBLIC_TRANSIT;2026-08-17T07:00:00+03:00;OK;2390;40;8501;LOCAL_TRANSIT_OPTIMISTIC_SCREENING;a29d575a08b819520c92bd5643f562602244675534aa762f3521a5d3d799d33f;b78c21d5b38a942b6a6176203a2ec5ba82ce625bb9091bb9a1ca1b2e013b16c2;2026-09-16T18:40:18.343781+00:00;true
LOC-0125;LOC-0102;PUBLIC_TRANSIT;2026-08-17T07:00:00+03:00;OK;1428;24;5634;LOCAL_TRANSIT_OPTIMISTIC_SCREENING;fc6d0e6e80f411dba7dc0abbc424d9ae572fd636001a9baa2e2350329024bf16;dc4ba5f448bbefd9d6ad5302d28f5ef68539a4d2dabee09a7a2753e6f51f1211;2026-09-16T18:40:18.343781+00:00;true
LOC-0125;LOC-0112;PUBLIC_TRANSIT;2026-08-17T07:00:00+03:00;OK;999;17;2191;LOCAL_TRANSIT_OPTIMISTIC_SCREENING;9bb746cb5bd04657960d7637b74d9ee9e03fc365a26c51026ae5bbe7ae8a3821;4aba9fcfad04f42f625b3f32ea961e17af4ea525ca4465ea25ae93547832a7be;2026-09-16T18:40:18.343781+00:00;true
LOC-0125;LOC-0124;PUBLIC_TRANSIT;2026-08-17T07:00:00+03:00;OK;1704;29;6102;LOCAL_TRANSIT_OPTIMISTIC_SCREENING;e2651a0ce5aea2d6236e3136b975c61697b1f49171a10c47754aa0558d8dd9ae;f7a2bf1fb5d6099cc5da7f998faadede5e4d3fbc9be6a7fb6e643660e3419d16;2026-09-16T18:40:18.343781+00:00;true
LOC-0125;LOC-0125;PUBLIC_TRANSIT;2026-08-17T07:00:00+03:00;OK;0;0;0;LOCAL_TRANSIT_OPTIMISTIC_SCREENING;91b861adc2c6fbac9514bc1faf7f66ac4f4cad9f83845eb798836de1a13af53f;3d5812abc84c11768aa73a732c85d75dbed439188f5bb3239e9b762ea31d9862;2026-09-16T18:40:18.343781+00:00;true
LOC-0125;LOC-0126;PUBLIC_TRANSIT;2026-08-17T07:00:00+03:00;OK;847;15;2472;LOCAL_TRANSIT_OPTIMISTIC_SCREENING;1bcc750c210a9f9125655db1492ef5a592d28e4788700ca8ef034367925ca5b7;9594f54ef217882008d3b8c8975aba14c123c09977c394d2671240030f857e32;2026-09-16T18:40:18.343781+00:00;true
LOC-0125;LOC-0128;PUBLIC_TRANSIT;2026-08-17T07:00:00+03:00;OK;2351;40;5499;LOCAL_TRANSIT_OPTIMISTIC_SCREENING;6bfa8b2ab5b1cd8dd5708f086dfb04e1fd5064a8df7d12a93d491d09b40b027d;72683fabfcde297c55b46e9b554381eda85b47bb51e0a28eeaaa04c5d629a40c;2026-09-16T18:40:18.343781+00:00;true
LOC-0125;LOC-0134;PUBLIC_TRANSIT;2026-08-17T07:00:00+03:00;OK;2529;43;6901;LOCAL_TRANSIT_OPTIMISTIC_SCREENING;473922c2ed9e5f47e04902d8cb0dc9ef73b0612408bd227710e8109e13ce0f7c;496181cad43b512a21f226e627f8998e0f7c218f69496805a0a5b0b95c387f93;2026-09-16T18:40:18.343781+00:00;true
LOC-0125;LOC-0135;PUBLIC_TRANSIT;2026-08-17T07:00:00+03:00;OK;2604;44;6965;LOCAL_TRANSIT_OPTIMISTIC_SCREENING;85b02dca4630ab7355c3e9d92876f8a9330749c9f36229cf0675df3f0f8a0988;7fbf0bece68a035f8838b18aba17ceeca991aa57c58f583bbf76621a07d5d128;2026-09-16T18:40:18.343781+00:00;true
LOC-0125;LOC-0136;PUBLIC_TRANSIT;2026-08-17T07:00:00+03:00;OK;2548;43;7413;LOCAL_TRANSIT_OPTIMISTIC_SCREENING;6bd14079cba23cb9ba930e937b12e83ab21dc2f679e1d3631af4c43662ed669f;a25676d73fa03963c8b527d84d4694725e2c397febe14428298c7a3e87c90a1e;2026-09-16T18:40:18.343781+00:00;true
LOC-0125;LOC-0140;PUBLIC_TRANSIT;2026-08-17T07:00:00+03:00;OK;1685;29;5995;LOCAL_TRANSIT_OPTIMISTIC_SCREENING;c19c5dfa5320f5747faecd55042211b229451381a2e28dbb8206a0d546504802;a47da0e975e1d0d6189bf7cadf0581d4147d2d4f0d365274cafd6563ff9f4109;2026-09-16T18:40:18.343781+00:00;true
LOC-0125;LOC-0141;PUBLIC_TRANSIT;2026-08-17T07:00:00+03:00;OK;1374;23;4292;LOCAL_TRANSIT_OPTIMISTIC_SCREENING;e9770f962f529acf336919ff934e04547eff891ec36af387358793a282706700;fcf9ddd0694efa5b6976fc456b209354a555e2dc9b7fd1f7fa9b1a7f22f8d2dd;2026-09-16T18:40:18.343781+00:00;true
LOC-0125;LOC-0142;PUBLIC_TRANSIT;2026-08-17T07:00:00+03:00;OK;1275;22;4222;LOCAL_TRANSIT_OPTIMISTIC_SCREENING;698138088398747a89c5693aaba5f837e771fdacceedab3be9cbc856842cbc9d;3ab753a4b19f63d36ec7aab76eb29727155a291bea8e7c96677c7896e28a4965;2026-09-16T18:40:18.343781+00:00;true
LOC-0125;LOC-0145;PUBLIC_TRANSIT;2026-08-17T07:00:00+03:00;OK;1213;21;3821;LOCAL_TRANSIT_OPTIMISTIC_SCREENING;3a126894266505dc7ad6dc46e5e38612b96e59273fc77bd8461b6ce48aec40cf;a94ff7f735ae0052768d741e81bc35796ed29fab665a77561be987d7d3278bbe;2026-09-16T18:40:18.343781+00:00;true
LOC-0125;LOC-0148;PUBLIC_TRANSIT;2026-08-17T07:00:00+03:00;OK;709;12;1214;LOCAL_TRANSIT_OPTIMISTIC_SCREENING;9280716477a304c15653b931c3acc8ffa51971d75e2fbcba71f8f54217fc540d;f72f23b63cf0d28a1602ce7a01f10bae051fd1bcac7ee5cf5ae444e94943e154;2026-09-16T18:40:18.343781+00:00;true
LOC-0125;LOC-0149;PUBLIC_TRANSIT;2026-08-17T07:00:00+03:00;OK;761;13;1366;LOCAL_TRANSIT_OPTIMISTIC_SCREENING;07af6e5756d02dba5332c271c125ea877273bfd5853f9aad434827c0f3096985;7dc7f23ef756d99a202a5bbb85d9c5c3b63e64ff3715fa91e4c1afbb063f7c7f;2026-09-16T18:40:18.343781+00:00;true
LOC-0125;LOC-0150;PUBLIC_TRANSIT;2026-08-17T07:00:00+03:00;OK;905;16;1490;LOCAL_TRANSIT_OPTIMISTIC_SCREENING;92daed84132da7e8b9bf694b1f0037e80822a0a90af71656bb0d15d11ce9885d;27c28aae5c2b21c2ed7ceb5aeb14ff9a22a7402bf177f598405acc35291433a3;2026-09-16T18:40:18.343781+00:00;true
LOC-0125;LOC-0151;PUBLIC_TRANSIT;2026-08-17T07:00:00+03:00;OK;709;12;1163;LOCAL_TRANSIT_OPTIMISTIC_SCREENING;5c65c97711073f9c76f5cd34e36eec76448a50d91cde9c5c4bd9aa0e8771e999;23cde5906f804eba3762ed0d17cd1436fb7f9399ea93ac36990a4ace36624753;2026-09-16T18:40:18.343781+00:00;true
LOC-0125;LOC-0152;PUBLIC_TRANSIT;2026-08-17T07:00:00+03:00;OK;732;13;1236;LOCAL_TRANSIT_OPTIMISTIC_SCREENING;9408084cecdb352163cd8dc06fc8a48c1d6f4d348b1ef76e371f43f2627edf2b;bfdfda0887405c7d21db6600a47e2b31ea2868e8ac18747a0728284ba7e6ad29;2026-09-16T18:40:18.343781+00:00;true
LOC-0125;LOC-0190;PUBLIC_TRANSIT;2026-08-17T07:00:00+03:00;OK;1586;27;3781;LOCAL_TRANSIT_OPTIMISTIC_SCREENING;a81cb6c0de43ba1f0e775840c967b78af67c6df5bb94985975f151dcda51a938;ca6bdc7242da046701ec82b712793386af830aa7f9b0944c9a1890c39135a6a1;2026-09-16T18:40:18.343781+00:00;true
LOC-0125;LOC-0196;PUBLIC_TRANSIT;2026-08-17T07:00:00+03:00;OK;797;14;1803;LOCAL_TRANSIT_OPTIMISTIC_SCREENING;06de4cf73d9ce73e83843c145eb90020713ffac7b7ef9c9ebb1bd3d8922a226b;1f7bfe722048c142abf653473d0b67ac4d3cd46d595a36b1ca6fe9980f59a331;2026-09-16T18:40:18.343781+00:00;true
LOC-0126;LOC-0002;PUBLIC_TRANSIT;2026-08-17T07:00:00+03:00;OK;1802;31;4409;LOCAL_TRANSIT_OPTIMISTIC_SCREENING;bab51df21d279b5968505e6d5c2a91aa66be5b0fd8249c7059f7084fc1898324;fe6e555eb4d315205ccf0987f116ee9de2e100d95a5c2312241792f981cf1c2d;2026-09-16T18:40:18.343781+00:00;true
LOC-0126;LOC-0008;PUBLIC_TRANSIT;2026-08-17T07:00:00+03:00;OK;1084;19;3019;LOCAL_TRANSIT_OPTIMISTIC_SCREENING;861ff702e3b7b4d464f778b1447aca258193d1c5b8ea6f92593351980e8b269f;49a1282bf5b429c5ec439a4598bdedab9f65c132852c60b491f9177c68895507;2026-09-16T18:40:18.343781+00:00;true
LOC-0126;LOC-0009;PUBLIC_TRANSIT;2026-08-17T07:00:00+03:00;OK;2363;40;7525;LOCAL_TRANSIT_OPTIMISTIC_SCREENING;d21d64bcd9a3689c05b3e0276f45b8c0d58475642fca32905b20c95a3e1a7a55;74bac0454f4c00aeb89b104c10e79920c138d8b62c97d3006929694d3b97a852;2026-09-16T18:40:18.343781+00:00;true
LOC-0126;LOC-0010;PUBLIC_TRANSIT;2026-08-17T07:00:00+03:00;OK;1007;17;3465;LOCAL_TRANSIT_OPTIMISTIC_SCREENING;6feccdbadd0beee488796568f30d23ac7e200bff3d06ae232941172e318a2833;c4f6bb91d81a4b120852de74f6837998217b143324dc961f889022644d8ab185;2026-09-16T18:40:18.343781+00:00;true
LOC-0126;LOC-0011;PUBLIC_TRANSIT;2026-08-17T07:00:00+03:00;OK;1267;22;2742;LOCAL_TRANSIT_OPTIMISTIC_SCREENING;82198b3ac4225a7ee1ba68a5b8bea0ac5499e4079e2210abfd3b3cd6df6bb00a;14cdcbff0b56842a2f18a16cc1af181232654980aebbebc6e2c09c1cc98e89c5;2026-09-16T18:40:18.343781+00:00;true
LOC-0126;LOC-0012;PUBLIC_TRANSIT;2026-08-17T07:00:00+03:00;OK;1047;18;2388;LOCAL_TRANSIT_OPTIMISTIC_SCREENING;369b47beddad5700476e11d9cc23115704ed55cb071357ec0c9a99bd166836ab;99cf03725e37020153cce5ab7de39b5b7f69041d9962e2a776efa1241c26fb32;2026-09-16T18:40:18.343781+00:00;true
LOC-0126;LOC-0013;PUBLIC_TRANSIT;2026-08-17T07:00:00+03:00;OK;2167;37;5393;LOCAL_TRANSIT_OPTIMISTIC_SCREENING;9a50745291e963bfc22302a34f857f2b0be499842a0b709ff8d4e4813b969b3c;673a654df99b65d8beba56c2acecfcc3079f1047226ebb4bd087c3d9e8e61507;2026-09-16T18:40:18.343781+00:00;true
LOC-0126;LOC-0016;PUBLIC_TRANSIT;2026-08-17T07:00:00+03:00;OK;1985;34;5455;LOCAL_TRANSIT_OPTIMISTIC_SCREENING;ac44bda602c834d6c218852b059019d8b412b26749f0d9fa19b9e7ee43fdbdcf;2a76ed36266cdd893b6af90759e13c59b840c60bd4548b6ff24a404189e84635;2026-09-16T18:40:18.343781+00:00;true
LOC-0126;LOC-0017;PUBLIC_TRANSIT;2026-08-17T07:00:00+03:00;OK;988;17;2650;LOCAL_TRANSIT_OPTIMISTIC_SCREENING;13f805f191003980911b80abfbc35636ff26513ffe02cf7ba5ad61b4785d375f;6c2ca087833926898be17d183facc7e73e175ed79353b87c46eb69d051a1e245;2026-09-16T18:40:18.343781+00:00;true
LOC-0126;LOC-0018;PUBLIC_TRANSIT;2026-08-17T07:00:00+03:00;OK;792;14;2448;LOCAL_TRANSIT_OPTIMISTIC_SCREENING;b82e37c05e43fce8b4ae6aeeeba709a476c9bf96730ceee2b43631361a9807ae;152fa1949a8761479d078d2ef52c7a3a1ad674f11525e5067cc641cb4a52a91e;2026-09-16T18:40:18.343781+00:00;true
LOC-0126;LOC-0019;PUBLIC_TRANSIT;2026-08-17T07:00:00+03:00;OK;1223;21;3754;LOCAL_TRANSIT_OPTIMISTIC_SCREENING;72aacdd3756dd3accec5c5f68bb484d228c3c4af45f5bf07704b70d0ee329fe4;13dff95c4978f28f16f88357c4a778ca6b9768275781a99739f283c0bbaeb247;2026-09-16T18:40:18.343781+00:00;true
LOC-0126;LOC-0020;PUBLIC_TRANSIT;2026-08-17T07:00:00+03:00;OK;1656;28;3606;LOCAL_TRANSIT_OPTIMISTIC_SCREENING;b7c55e80e4c818755b73d3622246999f8aeed82089323649edc48cad079301be;a01b7cb1da996d0dd2bdeaeb96975d6bc6068fec3d52b4c475bac531fddb1ba2;2026-09-16T18:40:18.343781+00:00;true
LOC-0126;LOC-0023;PUBLIC_TRANSIT;2026-08-17T07:00:00+03:00;OK;1183;20;2874;LOCAL_TRANSIT_OPTIMISTIC_SCREENING;444765e31354a44df0fcbe64e1e8d3db031db05a1f120738d6fb02441f84bceb;4c397cdcb3298cb5b8c648edf26f1577719ee439989a1f408ba28ceb33049a7c;2026-09-16T18:40:18.343781+00:00;true
LOC-0126;LOC-0027;PUBLIC_TRANSIT;2026-08-17T07:00:00+03:00;OK;932;16;1726;LOCAL_TRANSIT_OPTIMISTIC_SCREENING;f5e3c4c03d866540a72364d1bb54236686d8a93c6e7ef56b358ba121e0cae853;f82cdb48f5995027da0a8b56189578fc46c03ed7a125aca8d32496b4d6b4e48a;2026-09-16T18:40:18.343781+00:00;true
LOC-0126;LOC-0028;PUBLIC_TRANSIT;2026-08-17T07:00:00+03:00;OK;1826;31;4544;LOCAL_TRANSIT_OPTIMISTIC_SCREENING;5e4125dc6773dccaf3e79244f4b13c8d7848e0a35194b94908e89ca814bebb38;30f6218ffad049f89b5d7c7075b693912e4c78019e713316c396324d79351d0b;2026-09-16T18:40:18.343781+00:00;true
LOC-0126;LOC-0029;PUBLIC_TRANSIT;2026-08-17T07:00:00+03:00;OK;1766;30;4511;LOCAL_TRANSIT_OPTIMISTIC_SCREENING;719e85d498268c5a2513cd67b20aabad8165d238e682ebf1a9ba2ec5be4a7189;fe566a9af7bad992e7f10d1bdca0fd7b8ff63d1c3b3d44f8a39ddea585ac5324;2026-09-16T18:40:18.343781+00:00;true
LOC-0126;LOC-0037;PUBLIC_TRANSIT;2026-08-17T07:00:00+03:00;OK;1704;29;3491;LOCAL_TRANSIT_OPTIMISTIC_SCREENING;156f780d855429945d9d085e18a7741141e7a2712d765597851334fcd4c4fa35;16d0e36d05cf38943f530a79180c00adad05f8adbbd1e11cd76997b637e424cc;2026-09-16T18:40:18.343781+00:00;true
LOC-0126;LOC-0045;PUBLIC_TRANSIT;2026-08-17T07:00:00+03:00;OK;1200;20;3764;LOCAL_TRANSIT_OPTIMISTIC_SCREENING;2c9070e930b1f1c7eba195b26615743987a64d61ef15a48c8eab540544d1b925;9638339705dd5102e76db05121f6402fd8ba9a61e5656b5a157d97ea3773d1b9;2026-09-16T18:40:18.343781+00:00;true
LOC-0126;LOC-0053;PUBLIC_TRANSIT;2026-08-17T07:00:00+03:00;OK;1782;30;4795;LOCAL_TRANSIT_OPTIMISTIC_SCREENING;e1350d9d62b4c706446b4d63ebe5a6433c9d93e4bdaced867712a262027d2253;5d9eacd0aa2ea9bba4d2ac970dc548061761eab08e149d177de3e8685c5944f8;2026-09-16T18:40:18.343781+00:00;true
LOC-0126;LOC-0054;PUBLIC_TRANSIT;2026-08-17T07:00:00+03:00;OK;1857;31;2942;LOCAL_TRANSIT_OPTIMISTIC_SCREENING;f804d01d78e20b2f72a361490be2753dd820ee5c39a18c5a85479f5cdad3a8f4;aba97a1998977ab2c549204af3f5dc90298701d0c7abc0dea48aea5b2404e708;2026-09-16T18:40:18.343781+00:00;true
LOC-0126;LOC-0061;PUBLIC_TRANSIT;2026-08-17T07:00:00+03:00;OK;1211;21;2309;LOCAL_TRANSIT_OPTIMISTIC_SCREENING;e6bcf176eecac4d3e664d93548f0caf2e55f0ca3fe254bf81286d0c6da39935a;3a0a016ef365d5e445cfd3ccc831b0f8455d3ccccebdb2280245ca0b45435892;2026-09-16T18:40:18.343781+00:00;true
LOC-0126;LOC-0063;PUBLIC_TRANSIT;2026-08-17T07:00:00+03:00;OK;1543;26;5935;LOCAL_TRANSIT_OPTIMISTIC_SCREENING;69fba18d589670bf83567f9b2a880d19998b610b7ee83e3bb1d34c42e9be84f9;535b52d899a44f553aaa8d2d00027a896aa0133cea3944348e547135e77d9dbe;2026-09-16T18:40:18.343781+00:00;true
LOC-0126;LOC-0064;PUBLIC_TRANSIT;2026-08-17T07:00:00+03:00;OK;1384;24;5513;LOCAL_TRANSIT_OPTIMISTIC_SCREENING;164b0db716a8d01fc16016755807b106b530f032097483e9885a7c03b9e25c20;77ceb3cc0bbf977587142f2d9c3e7b26a1910d6f5baa3a15fb7abd887ccb8ce0;2026-09-16T18:40:18.343781+00:00;true
LOC-0126;LOC-0074;PUBLIC_TRANSIT;2026-08-17T07:00:00+03:00;OK;618;11;1456;LOCAL_TRANSIT_OPTIMISTIC_SCREENING;0c3c494f958e812c96d085ecd723be916da1c338b1cc421db740d419af75bd87;e46a0e45c199061ea0da9ec8612a6e38fbba45e8c505b2acb7fc26b8ba7aac75;2026-09-16T18:40:18.343781+00:00;true
LOC-0126;LOC-0075;PUBLIC_TRANSIT;2026-08-17T07:00:00+03:00;OK;688;12;1967;LOCAL_TRANSIT_OPTIMISTIC_SCREENING;3567f502bf45a2c8c4fa362bde1fc4e118db51354b79230d4fa79953b97e41d3;d3d93a5c26e4bf0ea4b9271ec44cfc76032ed1fb11b0edad97e6ce769ee4d268;2026-09-16T18:40:18.343781+00:00;true
LOC-0126;LOC-0076;PUBLIC_TRANSIT;2026-08-17T07:00:00+03:00;OK;2281;39;5787;LOCAL_TRANSIT_OPTIMISTIC_SCREENING;fa961079d7ffbe04d6a2b8a461475ae8e202971270afd2fdb49fd87a5fcd0bf5;e7b374dcfd95dff33a3bdcfa74a995a5ee746c6464ec12b469984cd683b88b7f;2026-09-16T18:40:18.343781+00:00;true
LOC-0126;LOC-0078;PUBLIC_TRANSIT;2026-08-17T07:00:00+03:00;OK;1442;25;4456;LOCAL_TRANSIT_OPTIMISTIC_SCREENING;d936bb1306c743c24ae949ef9d8678b7b918022695e6ed5e854e19572c6c166c;509b03629351736cfffa59cf387e7095821904f73d7a1021fcd38cec432c9fba;2026-09-16T18:40:18.343781+00:00;true
LOC-0126;LOC-0080;PUBLIC_TRANSIT;2026-08-17T07:00:00+03:00;OK;668;12;1828;LOCAL_TRANSIT_OPTIMISTIC_SCREENING;f661a1877e0210974a19ee23ce2af1b469d4142e8a1caa98309cb9e43cb5666b;3d89274dcba45df327887dd34353f9be0c8991254367f99f5060745f38a33491;2026-09-16T18:40:18.343781+00:00;true
LOC-0126;LOC-0082;PUBLIC_TRANSIT;2026-08-17T07:00:00+03:00;OK;1670;28;5312;LOCAL_TRANSIT_OPTIMISTIC_SCREENING;25a0c620929ff9cff4c9f76d518fea737032e0839a5b24c811243b0bddf0d927;70ba0d13d8e9eaf20a7103b471e4fe62378bc8f531a376f8803d8ea32c9f0ca0;2026-09-16T18:40:18.343781+00:00;true
LOC-0126;LOC-0085;PUBLIC_TRANSIT;2026-08-17T07:00:00+03:00;OK;2114;36;5305;LOCAL_TRANSIT_OPTIMISTIC_SCREENING;c7a5ecb0c386fa9cb185ff35941efcc769dfdc17a332fb136c98cb8f36f39c4f;624106f0e7f3faffbaa57c39ac373b09c3c77d379f3bfc3a6b91f18558833093;2026-09-16T18:40:18.343781+00:00;true
LOC-0126;LOC-0086;PUBLIC_TRANSIT;2026-08-17T07:00:00+03:00;OK;1896;32;5128;LOCAL_TRANSIT_OPTIMISTIC_SCREENING;87ae0ce9c9513de6f2aa3fc73ed8bc1f558481427369e725d40792a375763f57;912665d06c0efe5b888fab77086dd1fea21a69310e357235d38d42b60413d421;2026-09-16T18:40:18.343781+00:00;true
LOC-0126;LOC-0091;PUBLIC_TRANSIT;2026-08-17T07:00:00+03:00;OK;1106;19;2894;LOCAL_TRANSIT_OPTIMISTIC_SCREENING;5820e8777030249d0b64115b57f78bc6eceb4250e6a502d0dc3d4c5337674d1f;c0d78d7606e1ee7ddd05750ea4e7f8f9c5030856888051909d8ba18a2add7f6d;2026-09-16T18:40:18.343781+00:00;true
LOC-0126;LOC-0092;PUBLIC_TRANSIT;2026-08-17T07:00:00+03:00;OK;1237;21;2645;LOCAL_TRANSIT_OPTIMISTIC_SCREENING;30de61181c6a04779a75d7d42c78daf5260f491548997b25a84eaec00228d3f0;2220e39991b3070b7e3cdeb84b95a36e8a8e4fe8c33e6dc024bfc4c5855623df;2026-09-16T18:40:18.343781+00:00;true
LOC-0126;LOC-0093;PUBLIC_TRANSIT;2026-08-17T07:00:00+03:00;OK;1213;21;2440;LOCAL_TRANSIT_OPTIMISTIC_SCREENING;a3bae2736e2c912df775c992bd8d880a8e44412b27e9b81a5f8fc11b65344b8d;a57636914f324748aeacbcca948b08e7ca51cdcf29d91923098a22f0253d931d;2026-09-16T18:40:18.343781+00:00;true
LOC-0126;LOC-0094;PUBLIC_TRANSIT;2026-08-17T07:00:00+03:00;OK;2282;39;5666;LOCAL_TRANSIT_OPTIMISTIC_SCREENING;2d002f828d5579e51e55a2c4412997f89dd26b235e875bc7518dcb9d1abd5a65;9fe46c4ee55783f20ebd52d2ad7960a8a20db8d028720d76a24e889d6da93f42;2026-09-16T18:40:18.343781+00:00;true
LOC-0126;LOC-0095;PUBLIC_TRANSIT;2026-08-17T07:00:00+03:00;OK;1916;32;6359;LOCAL_TRANSIT_OPTIMISTIC_SCREENING;e035a218f2341569a61b49c30ca6e5b2208a3cf4b0f23b7063a2648a53f62981;63ca3c00b167e51ef9d92dc15976cf592cf8e9fc8e827965673d497824cb8ef5;2026-09-16T18:40:18.343781+00:00;true
LOC-0126;LOC-0102;PUBLIC_TRANSIT;2026-08-17T07:00:00+03:00;OK;1153;20;5851;LOCAL_TRANSIT_OPTIMISTIC_SCREENING;053c1e328df94c19d9d4ce3c6c05980fd5469ebfe0c562eef8501ef0f08ffb2f;1dcddc2b0432840f715d0a6b9571bd4e00253baf9e816b2e6b4328341dbe9335;2026-09-16T18:40:18.343781+00:00;true
LOC-0126;LOC-0112;PUBLIC_TRANSIT;2026-08-17T07:00:00+03:00;OK;773;13;1118;LOCAL_TRANSIT_OPTIMISTIC_SCREENING;ba3379597f7e70f5dd4d1eaa45adf489e70d6ba2cd8223c2a7c09f41c8fb1c4f;913a0210f9f7386ff2dd6d1e8fd792fc1a30d8e54d7590bb06c7fed2f1b2649d;2026-09-16T18:40:18.343781+00:00;true
LOC-0126;LOC-0124;PUBLIC_TRANSIT;2026-08-17T07:00:00+03:00;OK;2095;35;7473;LOCAL_TRANSIT_OPTIMISTIC_SCREENING;55babdb074adbb79a3dbdc4582f8e6cfb6cb01ad7734b46ce2522c36fe0ef8da;406d7717a5bc48d3196dda4c0114e7fa6c9e79080b1ad0d1277cf7dbad303a02;2026-09-16T18:40:18.343781+00:00;true
LOC-0126;LOC-0125;PUBLIC_TRANSIT;2026-08-17T07:00:00+03:00;OK;901;16;2472;LOCAL_TRANSIT_OPTIMISTIC_SCREENING;a12c100554e952d3d0e46d72d2c3cb178f25a8edaebd7dc0efcea41865bf3f7a;9602ce1a18d5aacb772541d1372d6788f3ca67755506a512918a5c9595028bca;2026-09-16T18:40:18.343781+00:00;true
LOC-0126;LOC-0126;PUBLIC_TRANSIT;2026-08-17T07:00:00+03:00;OK;0;0;0;LOCAL_TRANSIT_OPTIMISTIC_SCREENING;d01fd8a6a2b390bb4e415d6f62d28022ac10db37d6d63dd1b6b2ff97d5c5b6bc;3d5812abc84c11768aa73a732c85d75dbed439188f5bb3239e9b762ea31d9862;2026-09-16T18:40:18.343781+00:00;true
LOC-0126;LOC-0128;PUBLIC_TRANSIT;2026-08-17T07:00:00+03:00;OK;1704;29;3102;LOCAL_TRANSIT_OPTIMISTIC_SCREENING;9cc5ab7a9ebadd2930b38381d658fdae580c2aab8f0e953bb553ad8f06ef53d8;6f04bb64e26d20a8005e2e0227f3d653cfb0763faf6612ea29c9adf3408ec552;2026-09-16T18:40:18.343781+00:00;true
LOC-0126;LOC-0134;PUBLIC_TRANSIT;2026-08-17T07:00:00+03:00;OK;1844;31;4803;LOCAL_TRANSIT_OPTIMISTIC_SCREENING;f59a60c6ba42a83034668be690ec7e4d1c5546d2ef40c6c74d75a829afeea2c5;e93c747e919abe59606d4930d2f2c6bc629053bd7b0c528d541d03b0a3b337f2;2026-09-16T18:40:18.343781+00:00;true
LOC-0126;LOC-0135;PUBLIC_TRANSIT;2026-08-17T07:00:00+03:00;OK;1919;32;4899;LOCAL_TRANSIT_OPTIMISTIC_SCREENING;e255a7c6f009be7084f5ebfb9e9dfd43605014494d5b9b775b22663f8f00d3eb;8918bf221c418a29e183e00e2624c0de6c9e0a347c808059889c7ce8981a5da7;2026-09-16T18:40:18.343781+00:00;true
LOC-0126;LOC-0136;PUBLIC_TRANSIT;2026-08-17T07:00:00+03:00;OK;1863;32;5323;LOCAL_TRANSIT_OPTIMISTIC_SCREENING;bbf83ad89db5128b55d118f06db8a3508dadf338fb24b002b79c668198fa0b52;b8e03652590385c5c3868541ee4427d9f6d0826d10642f49043f9b20f8a759a5;2026-09-16T18:40:18.343781+00:00;true
LOC-0126;LOC-0140;PUBLIC_TRANSIT;2026-08-17T07:00:00+03:00;OK;1952;33;4571;LOCAL_TRANSIT_OPTIMISTIC_SCREENING;2e5a087010fabccb29f7f5ed0f1ba2cdee9bb9b0ad96ecd617c3609485a4664f;91b7a72c5c3f6ff8da168350e42ecc9d81f50a6a01705323bf7a445faa284677;2026-09-16T18:40:18.343781+00:00;true
LOC-0126;LOC-0141;PUBLIC_TRANSIT;2026-08-17T07:00:00+03:00;OK;2046;35;5986;LOCAL_TRANSIT_OPTIMISTIC_SCREENING;3fae684a1ec6fe1c6579973966cff5dbb5c15ec8e04c1ab8a2e79d08327e7f15;05b011ce2d1ed2534629d469556c43b6749b114d88dfb6b6f1d230ddf439d525;2026-09-16T18:40:18.343781+00:00;true
LOC-0126;LOC-0142;PUBLIC_TRANSIT;2026-08-17T07:00:00+03:00;OK;1947;33;5959;LOCAL_TRANSIT_OPTIMISTIC_SCREENING;3756f8b8f0b1e49d489e5d36ce194904803baece562b4c0ba090f46b448ce1a1;cdce4fd2a645585341bca572bf240b2bc3749d5e7079996060b89f3736085fa2;2026-09-16T18:40:18.343781+00:00;true
LOC-0126;LOC-0145;PUBLIC_TRANSIT;2026-08-17T07:00:00+03:00;OK;1408;24;3477;LOCAL_TRANSIT_OPTIMISTIC_SCREENING;183f87a2201c344ff098b47dfbbac5ff74ed684c4041b8263bdd49b16571f8fb;40fd05ad635211876201acc0a869fe5772bf692fe2adc90936fbb97676f45875;2026-09-16T18:40:18.343781+00:00;true
LOC-0126;LOC-0148;PUBLIC_TRANSIT;2026-08-17T07:00:00+03:00;OK;725;13;2043;LOCAL_TRANSIT_OPTIMISTIC_SCREENING;550cd566c94bf75e2233b408fb32effe657c990ffc06e3bf62c2530d76ebbce5;7adc1d0a2fc34fc5e67879e90d2046e574f7fc90e5e9b1711521ceb45be031fb;2026-09-16T18:40:18.343781+00:00;true
LOC-0126;LOC-0149;PUBLIC_TRANSIT;2026-08-17T07:00:00+03:00;OK;676;12;1799;LOCAL_TRANSIT_OPTIMISTIC_SCREENING;b6782ac65d1f9aa32f2bd752fb07e93c719f1136091b6f1c7cc9b81e9d673fef;0fb2c8eda4dd1a049ea86bbc4c4efd94ba8dd98af5154ac8f945741322272e82;2026-09-16T18:40:18.343781+00:00;true
LOC-0126;LOC-0150;PUBLIC_TRANSIT;2026-08-17T07:00:00+03:00;OK;664;12;1638;LOCAL_TRANSIT_OPTIMISTIC_SCREENING;ccba0de10a85418df3c7820fcfa030cfe9f6c8ce4562d13c3d31f085907714ab;1dd49a59afbae79f826269d5538a5be2161a695d634b65750d4db38b4fcf96d1;2026-09-16T18:40:18.343781+00:00;true
LOC-0126;LOC-0151;PUBLIC_TRANSIT;2026-08-17T07:00:00+03:00;OK;858;15;2474;LOCAL_TRANSIT_OPTIMISTIC_SCREENING;50b6961c40667cf4dbff57535d2dca0a0f3c194dca0be6a20e8a7d0af83e6853;ce2f5c4563b450dcb4458416a4e8b0f5b187928f2fc7750e0a163effb2f1c341;2026-09-16T18:40:18.343781+00:00;true
LOC-0126;LOC-0152;PUBLIC_TRANSIT;2026-08-17T07:00:00+03:00;OK;892;15;2479;LOCAL_TRANSIT_OPTIMISTIC_SCREENING;dd19e7a48be571bc89e50d6a1b4ae9cd18fab092538e0dfe156a4f6c757f6764;515ffdf986e07249d2460380eb2c971724f054b8330be65ece72f37c525a2878;2026-09-16T18:40:18.343781+00:00;true
LOC-0126;LOC-0190;PUBLIC_TRANSIT;2026-08-17T07:00:00+03:00;OK;901;16;1434;LOCAL_TRANSIT_OPTIMISTIC_SCREENING;dc0879fbc36510862f4cc8be1d11b994f7da04b8eb46526895fe4509b6f72f67;e111b2ba7bca51be3e28488eaa451afa977fd0b49a01b16f01e97b4d38b3ea84;2026-09-16T18:40:18.343781+00:00;true
LOC-0126;LOC-0196;PUBLIC_TRANSIT;2026-08-17T07:00:00+03:00;OK;1188;20;4188;LOCAL_TRANSIT_OPTIMISTIC_SCREENING;fee06c3354d9bfd3cef5c881401292a851b87675893bf0c9f5065509f885ba75;68d0d4f6ed64ca8dcdd0a10c0d62954c4796e195708151cee13ba7d59d8a3d4a;2026-09-16T18:40:18.343781+00:00;true
LOC-0128;LOC-0002;PUBLIC_TRANSIT;2026-08-17T07:00:00+03:00;OK;990;17;1827;LOCAL_TRANSIT_OPTIMISTIC_SCREENING;8292627ac81edd7ceca0162245482c713ca46b2c3d476c94d44e9ba43d7512f2;fe5436cdb51d4a821fd189ff09d408f556140ffb49b9748da207d33b76b16386;2026-09-16T18:40:18.343781+00:00;true
LOC-0128;LOC-0008;PUBLIC_TRANSIT;2026-08-17T07:00:00+03:00;OK;1676;28;3837;LOCAL_TRANSIT_OPTIMISTIC_SCREENING;add3be0d791a458e2f7c16ac5210b978a51a9c1508e29793e365482e05bec8ef;2a95cae31e3155660c2331b588b0e5fd17f15d539beed4bfa49e647d622da2b2;2026-09-16T18:40:18.343781+00:00;true
LOC-0128;LOC-0009;PUBLIC_TRANSIT;2026-08-17T07:00:00+03:00;OK;2878;48;9048;LOCAL_TRANSIT_OPTIMISTIC_SCREENING;2f60eb7be1875afc64f48f0fbe0217870f44c21c1bced04373df0efd58de863e;53f2717af611fc2447218acbb0aaaf9034ece9f50cb8ea3abd69607b79e64e9c;2026-09-16T18:40:18.343781+00:00;true
LOC-0128;LOC-0010;PUBLIC_TRANSIT;2026-08-17T07:00:00+03:00;OK;1704;29;4512;LOCAL_TRANSIT_OPTIMISTIC_SCREENING;7efd6e64f0412830a76d925dd45b06ce2e4fbee4ab6f0f6af5aa7f5310726189;a9617fd8c8e07f8b7782de7a563b6f0dd4f63a17f07d99fbe96fe7faf6eb9b84;2026-09-16T18:40:18.343781+00:00;true
LOC-0128;LOC-0011;PUBLIC_TRANSIT;2026-08-17T07:00:00+03:00;OK;1346;23;3143;LOCAL_TRANSIT_OPTIMISTIC_SCREENING;320edd1c8e4dfca6f8419e009a99a98c158711a1c79bbebbbcda99f9437a16a6;b22cbdc0eb68ab57e23bd7ddc14fc00061914d75a583110434d7c48bf73eb1b9;2026-09-16T18:40:18.343781+00:00;true
LOC-0128;LOC-0012;PUBLIC_TRANSIT;2026-08-17T07:00:00+03:00;OK;1639;28;3597;LOCAL_TRANSIT_OPTIMISTIC_SCREENING;ce1cbfc572676a6e3b9c0ff8766d16586d3e539c09579cd854a8cb5923779453;24e15e0e541e6e8df73cc5f084fd80b849b9c12d340007493bcd3330ab7c0d64;2026-09-16T18:40:18.343781+00:00;true
LOC-0128;LOC-0013;PUBLIC_TRANSIT;2026-08-17T07:00:00+03:00;OK;1355;23;2864;LOCAL_TRANSIT_OPTIMISTIC_SCREENING;6b584f28389c641c0cc7d3312ed7b533320108ce3c2682ed68329265ef41dee0;78ed677de018ac2fd9d9d24ec83237b7c1f67411338e171a1a1dea1d164e1e6d;2026-09-16T18:40:18.343781+00:00;true
LOC-0128;LOC-0016;PUBLIC_TRANSIT;2026-08-17T07:00:00+03:00;OK;1544;26;4707;LOCAL_TRANSIT_OPTIMISTIC_SCREENING;6684113857497037c532ffa871111ba44d451c6e4bfdd6b57772e6caa3545727;5f84c830d5d25bf15c6967061e785388bb417168a832642904c9b2193d36ade1;2026-09-16T18:40:18.343781+00:00;true
LOC-0128;LOC-0017;PUBLIC_TRANSIT;2026-08-17T07:00:00+03:00;OK;2888;49;5309;LOCAL_TRANSIT_OPTIMISTIC_SCREENING;60663c7d2feb6a5d113283a857a03fec465dbf2dff71596d8bbfd8abcca05d7e;e9f1e042730a8c81cac7397edc879ee9c2f34d64a2b52678fd5ca8b976c4577c;2026-09-16T18:40:18.343781+00:00;true
LOC-0128;LOC-0018;PUBLIC_TRANSIT;2026-08-17T07:00:00+03:00;OK;2523;43;5381;LOCAL_TRANSIT_OPTIMISTIC_SCREENING;b8150d14a44890ba9fc488e97d35b9ec79a47882785178770b56b16e6ef64c95;a1739b132d241a8c0da8c1c7ba6fb07ab7984933734d15d18d184e954f86c9a8;2026-09-16T18:40:18.343781+00:00;true
LOC-0128;LOC-0019;PUBLIC_TRANSIT;2026-08-17T07:00:00+03:00;OK;1920;32;4787;LOCAL_TRANSIT_OPTIMISTIC_SCREENING;d57e7ce05a35391bb614f85c0f84580de027a5576fd050a50ce2148e07f34d8b;e258baf1a60b9627d5765f4970af59e90c3b4a9eda2d30f5f718b006bed86770;2026-09-16T18:40:18.343781+00:00;true
LOC-0128;LOC-0020;PUBLIC_TRANSIT;2026-08-17T07:00:00+03:00;OK;2073;35;5692;LOCAL_TRANSIT_OPTIMISTIC_SCREENING;1d83f469018d7e9cd65dbcbed6a370d9a0547c48e72bb526dbf865358e09ad49;5bee8cb7c4778f725a47816e9c1cdd865ba00b796ff775578e9c2d3243ba3bc3;2026-09-16T18:40:18.343781+00:00;true
LOC-0128;LOC-0023;PUBLIC_TRANSIT;2026-08-17T07:00:00+03:00;OK;2598;44;5975;LOCAL_TRANSIT_OPTIMISTIC_SCREENING;3232a2527016b7debe47ffeb861e84141540b8943954bc466a43de89ffb73ffd;b0f9f9203e475a4d5a6791fe3cbdcb236faa7480f089a6957e63dcbd2a521238;2026-09-16T18:40:18.343781+00:00;true
LOC-0128;LOC-0027;PUBLIC_TRANSIT;2026-08-17T07:00:00+03:00;OK;1878;32;3612;LOCAL_TRANSIT_OPTIMISTIC_SCREENING;c14baadc716ba20d0e4f071687db58c87366ac8585d3f9e531c912b7b5164b9f;22a77c6c3e14047ca0a38570c72030187828a2a0e6a67d63e73480134aa91420;2026-09-16T18:40:18.343781+00:00;true
LOC-0128;LOC-0028;PUBLIC_TRANSIT;2026-08-17T07:00:00+03:00;OK;2050;35;4455;LOCAL_TRANSIT_OPTIMISTIC_SCREENING;67284476e056bafa12c67797e876e35e5cc1bef125923d31125b268a36bb274b;d30468a063523e8aebc186a03727aedc6209c1d0b98dc542cc95291d971d2169;2026-09-16T18:40:18.343781+00:00;true
LOC-0128;LOC-0029;PUBLIC_TRANSIT;2026-08-17T07:00:00+03:00;OK;2107;36;4478;LOCAL_TRANSIT_OPTIMISTIC_SCREENING;4ef446e5df636bb7ade13a6e4eacf6f1a4652eecd39da542cd381d02294ec483;e6c227697451c1a2b10c0b197d3a9240129e58ec2dd50e8a0cd80c1e129526e7;2026-09-16T18:40:18.343781+00:00;true
LOC-0128;LOC-0037;PUBLIC_TRANSIT;2026-08-17T07:00:00+03:00;OK;313;6;426;LOCAL_TRANSIT_OPTIMISTIC_SCREENING;a8bb32393173fb4b53e71bed07e6467da485ca808a48871e0921a65a502bc9aa;aee3952fe2bd98dc0833f12cb6408758e55e9b7047a954045f817f2f7210b8fb;2026-09-16T18:40:18.343781+00:00;true
LOC-0128;LOC-0045;PUBLIC_TRANSIT;2026-08-17T07:00:00+03:00;OK;2235;38;4941;LOCAL_TRANSIT_OPTIMISTIC_SCREENING;ebe86bbfa3c087a3d986249d6f6c274ceaa9f88ef85d1716c525056c20c974d4;cbd99434949bca22102cb39fe8dd7635607dcd51f11a9586dd4fbfd28b80726c;2026-09-16T18:40:18.343781+00:00;true
LOC-0128;LOC-0053;PUBLIC_TRANSIT;2026-08-17T07:00:00+03:00;OK;1302;22;3956;LOCAL_TRANSIT_OPTIMISTIC_SCREENING;8be30b3eb7b6f9b02d5b6b02dad69ea38128747fd7e8bd5e6ee1c1074a44e7ad;8bbb92c0399219c8b38529d9f6505dfde67f56f48dcf33b82d4d8ce7a42b2df1;2026-09-16T18:40:18.343781+00:00;true
LOC-0128;LOC-0054;PUBLIC_TRANSIT;2026-08-17T07:00:00+03:00;OK;341;6;219;LOCAL_TRANSIT_OPTIMISTIC_SCREENING;57817531589139080ce9c0df04d52ce7c1cc6a397dbdabbe5563550ac09851bb;3736b07a41530c73894f4baba11476e5d9e1ce6949ccd3dbe81c32a959b97606;2026-09-16T18:40:18.343781+00:00;true
LOC-0128;LOC-0061;PUBLIC_TRANSIT;2026-08-17T07:00:00+03:00;OK;1663;28;3227;LOCAL_TRANSIT_OPTIMISTIC_SCREENING;930acd70b70df89882e029bd05ab7c4b56fde5d172b1f7ab10953b2be7a2284e;be1e59a60b71cde9a2c06f5f39967ac9f39a0fd777f7ad691bad914ce9a27982;2026-09-16T18:40:18.343781+00:00;true
LOC-0128;LOC-0063;PUBLIC_TRANSIT;2026-08-17T07:00:00+03:00;OK;1785;30;6229;LOCAL_TRANSIT_OPTIMISTIC_SCREENING;a5efa2106489b65946aa818d961c16c1d1d02b829d06e624acb5447e869484e0;2863995a9442d4ff22180bf750f02250e173e625a26b47ac7ad3b9145903293c;2026-09-16T18:40:18.343781+00:00;true
LOC-0128;LOC-0064;PUBLIC_TRANSIT;2026-08-17T07:00:00+03:00;OK;2115;36;6013;LOCAL_TRANSIT_OPTIMISTIC_SCREENING;43d46c97d7b8535c4ad688da00e368b7f04474194f099e2eed1a59d5ce37aaeb;7e753c3374052ad11c4684d5766b4dbbf1af77634572482d6c5618602bbdda3b;2026-09-16T18:40:18.343781+00:00;true
LOC-0128;LOC-0074;PUBLIC_TRANSIT;2026-08-17T07:00:00+03:00;OK;2548;43;4344;LOCAL_TRANSIT_OPTIMISTIC_SCREENING;32e4c78641fd5130e0f95e21627a03057e582c3375b0e9106e7e920f167fe249;1cdae0036f39d245a0a819d39d5118542006c33dc2aaa3c2924542895841b18e;2026-09-16T18:40:18.343781+00:00;true
LOC-0128;LOC-0075;PUBLIC_TRANSIT;2026-08-17T07:00:00+03:00;OK;2588;44;4734;LOCAL_TRANSIT_OPTIMISTIC_SCREENING;94fd8b95ca75138cd9d2603151501d3cc5258df7b9cef1515e1fad83381efeef;f5d29a5a8f04ed8e5b00dde4eab07d6ec3932d9e62f4f97a44dc56e28303c84b;2026-09-16T18:40:18.343781+00:00;true
LOC-0128;LOC-0076;PUBLIC_TRANSIT;2026-08-17T07:00:00+03:00;OK;1840;31;5128;LOCAL_TRANSIT_OPTIMISTIC_SCREENING;d119f3105cc9b5bb27aa81cbe600a85a94f6082e7c2924149d61ab752092eff2;780e665b016e96c6e90be920e75fded7d259ec5a8682b9bf4d2eb108d838a43e;2026-09-16T18:40:18.343781+00:00;true
LOC-0128;LOC-0078;PUBLIC_TRANSIT;2026-08-17T07:00:00+03:00;OK;2135;36;5357;LOCAL_TRANSIT_OPTIMISTIC_SCREENING;410d7d8102b1f84a26b53ba2cb3025644c5df43b918e28928d2f97fb4478513f;6aa174576ba9b5659b3c723205db365bd7f753a9ea249bcc9003d1d5d2991e05;2026-09-16T18:40:18.343781+00:00;true
LOC-0128;LOC-0080;PUBLIC_TRANSIT;2026-08-17T07:00:00+03:00;OK;2550;43;4793;LOCAL_TRANSIT_OPTIMISTIC_SCREENING;6147b11840901e116958c59e0bd3064c2468e2252b3dee3e44693fedee672320;e8fa73ca86ffcac86e971c0122f464a7947de5b935e47579a1b5cf3d0eab80df;2026-09-16T18:40:18.343781+00:00;true
LOC-0128;LOC-0082;PUBLIC_TRANSIT;2026-08-17T07:00:00+03:00;OK;1917;32;5500;LOCAL_TRANSIT_OPTIMISTIC_SCREENING;e98cc52d9775e484c3f2308f5a303a8e9897716ea94a919bf8669fdf7fe7bdd7;aca49e9a0c1b4618ab0ee0a6f4e76819f29711e523ab7dc99842fd468098ff43;2026-09-16T18:40:18.343781+00:00;true
LOC-0128;LOC-0085;PUBLIC_TRANSIT;2026-08-17T07:00:00+03:00;OK;1385;24;2407;LOCAL_TRANSIT_OPTIMISTIC_SCREENING;eb34f43c07197758ed88c41ff76b58ed348d52ad726df17b198b6b5ab6d444f6;395fe1a1b4359c5ae26ba2e5d9fe1332ea2915b1a5362afb4950bfe905776baf;2026-09-16T18:40:18.343781+00:00;true
LOC-0128;LOC-0086;PUBLIC_TRANSIT;2026-08-17T07:00:00+03:00;OK;1449;25;2177;LOCAL_TRANSIT_OPTIMISTIC_SCREENING;bafad112444206b7c6f624feb900f3b5dfa2bc07356827d9c072d6faaac69d88;66faf83aaeaac395f2b8907b2a7afe4f0b3e8c03277e25c559a4d0ad38deaa79;2026-09-16T18:40:18.343781+00:00;true
LOC-0128;LOC-0091;PUBLIC_TRANSIT;2026-08-17T07:00:00+03:00;OK;1657;28;4525;LOCAL_TRANSIT_OPTIMISTIC_SCREENING;63f1b49650e5131a8d7af7966a3344ca3bf0ec1a4b0a936f92d5409806c05af4;e33175836438fb4594973bb160dd0455bd34a19bcceca50321dbe46b5fabf38c;2026-09-16T18:40:18.343781+00:00;true
LOC-0128;LOC-0092;PUBLIC_TRANSIT;2026-08-17T07:00:00+03:00;OK;1776;30;4778;LOCAL_TRANSIT_OPTIMISTIC_SCREENING;c6ea5c39e695e5af835f24ab5e5c2f803ecc6f5b2929284f00f83708df4e0b64;6aa82a2beb8b27875c18295db27aaa946af6d941e9fc5606f0808749b8a62e55;2026-09-16T18:40:18.343781+00:00;true
LOC-0128;LOC-0093;PUBLIC_TRANSIT;2026-08-17T07:00:00+03:00;OK;1752;30;4630;LOCAL_TRANSIT_OPTIMISTIC_SCREENING;b5e77f7ac8add6de9570b9c544ad1e3d8c40117f02e65f3c4e01d930f51afb48;c2aa47e8eb442d20ad609a89aad79cda866d2399db7fd9026c47358d05891c8a;2026-09-16T18:40:18.343781+00:00;true
LOC-0128;LOC-0094;PUBLIC_TRANSIT;2026-08-17T07:00:00+03:00;OK;1693;29;2709;LOCAL_TRANSIT_OPTIMISTIC_SCREENING;67f89ce2afab366d6f7c8dc0e8e1392b043b483ac297bf35f948c421d9e2fe14;9ca96ed373e00de64732c430c75380c7dde16210f07edf10d03313b2478a1bce;2026-09-16T18:40:18.343781+00:00;true
LOC-0128;LOC-0095;PUBLIC_TRANSIT;2026-08-17T07:00:00+03:00;OK;1635;28;3489;LOCAL_TRANSIT_OPTIMISTIC_SCREENING;c1ad2a827ac11841d59f1902698c9c46402ad10997705cf552b37fc26f6ceb62;d4556f3c561b6c45511e9864b5b84f234934a5ed44f0ce03a72f1c9812f50ea4;2026-09-16T18:40:18.343781+00:00;true
LOC-0128;LOC-0102;PUBLIC_TRANSIT;2026-08-17T07:00:00+03:00;OK;2111;36;6544;LOCAL_TRANSIT_OPTIMISTIC_SCREENING;5ad6ba06c3c5583fcad5706c79ef4a0c30e3eaf0e5e4ce06c69be3a645458b4c;2044875fb14168f7cd5ea3aadb2fc4e454f31e5fa89557a73d6ff8f3d0137546;2026-09-16T18:40:18.343781+00:00;true
LOC-0128;LOC-0112;PUBLIC_TRANSIT;2026-08-17T07:00:00+03:00;OK;2277;38;3987;LOCAL_TRANSIT_OPTIMISTIC_SCREENING;977ad45fafc4f445f5ec25879c8b22af031a5e5b05b4aba49df4df19ff367d36;649f0a5aaf88f6a12d81ed38f6d099c4ae5c45f6552559255db6f3525ec72855;2026-09-16T18:40:18.343781+00:00;true
LOC-0128;LOC-0124;PUBLIC_TRANSIT;2026-08-17T07:00:00+03:00;OK;3005;51;9147;LOCAL_TRANSIT_OPTIMISTIC_SCREENING;cf8a5cd02a048d390d2a1f3b78f28146634410a64f97f06b8da6796921f80b4a;0144ad36dd18cdefa4e1ab41385850cbb7eaa4671a50deb195047523b691d4e1;2026-09-16T18:40:18.343781+00:00;true
LOC-0128;LOC-0125;PUBLIC_TRANSIT;2026-08-17T07:00:00+03:00;OK;2602;44;5499;LOCAL_TRANSIT_OPTIMISTIC_SCREENING;b6c00ec4726c01e3a2bc93e4a5873ea8dabdd8a9cef41541f8b423ccf47fdfb9;a930ea0ef0c38b08771ec1cd0626faaa6d50c6b339b82c39b5a4433f24cf56c3;2026-09-16T18:40:18.343781+00:00;true
LOC-0128;LOC-0126;PUBLIC_TRANSIT;2026-08-17T07:00:00+03:00;OK;2174;37;3102;LOCAL_TRANSIT_OPTIMISTIC_SCREENING;c5edb36a683209f86cf3d8b52a2a79d7f1aa4eb09503003810092846edebd6a1;df4b83cabfeb78fb981257c4b024079225cfad24940e378efd11fbac71f99051;2026-09-16T18:40:18.343781+00:00;true
LOC-0128;LOC-0128;PUBLIC_TRANSIT;2026-08-17T07:00:00+03:00;OK;0;0;0;LOCAL_TRANSIT_OPTIMISTIC_SCREENING;2803cb179f22cd7a84e4f1d5c7f21982144aafef5ba5524f0219e9ed93067309;3d5812abc84c11768aa73a732c85d75dbed439188f5bb3239e9b762ea31d9862;2026-09-16T18:40:18.343781+00:00;true
LOC-0128;LOC-0134;PUBLIC_TRANSIT;2026-08-17T07:00:00+03:00;OK;1032;18;2169;LOCAL_TRANSIT_OPTIMISTIC_SCREENING;9357f37d04bba1995c8034979a06436867ad05507c2c81e22416c8425d03cb40;0f92b15af71c933697d4126b6172b76d6adcc5205a5ddf4ac214a923976b8e0b;2026-09-16T18:40:18.343781+00:00;true
LOC-0128;LOC-0135;PUBLIC_TRANSIT;2026-08-17T07:00:00+03:00;OK;1107;19;2318;LOCAL_TRANSIT_OPTIMISTIC_SCREENING;0a8d0a730ba0151f320199a09dcd5e78749649c2d8b04db8a5074aff2cbca86e;5ee5c8b5e8cfd8138d1ab519b35c10574cabbe408ab1cdffb243f8c75724d2c0;2026-09-16T18:40:18.343781+00:00;true
LOC-0128;LOC-0136;PUBLIC_TRANSIT;2026-08-17T07:00:00+03:00;OK;1051;18;2627;LOCAL_TRANSIT_OPTIMISTIC_SCREENING;2fa44f557c7540daee58eb5c2265ba14353558b60d29e8eff22ac3abb019d08b;eec33b890eeaee426e5b3a19f64d35017f46f4a20e94d17f120577348fb04c5d;2026-09-16T18:40:18.343781+00:00;true
LOC-0128;LOC-0140;PUBLIC_TRANSIT;2026-08-17T07:00:00+03:00;OK;1508;26;3386;LOCAL_TRANSIT_OPTIMISTIC_SCREENING;c1409fafd3598606da18dec76c3c20f95387b0a1905097ff519eba2678c1321f;78b35ac91fdd31542e8b7feb0e94a24b26b1561dd49f6f1cf05659fd5fa16ac5;2026-09-16T18:40:18.343781+00:00;true
LOC-0128;LOC-0141;PUBLIC_TRANSIT;2026-08-17T07:00:00+03:00;OK;2863;48;8129;LOCAL_TRANSIT_OPTIMISTIC_SCREENING;6542af5c269ce1ece42c217e7a8d58d63053c79b0e04f5504d76bcc0cc2b641f;a1523e1354b55907ab00c124a3bfbf041845a74b1cc6518dfdf0b522a9cb1a7d;2026-09-16T18:40:18.343781+00:00;true
LOC-0128;LOC-0142;PUBLIC_TRANSIT;2026-08-17T07:00:00+03:00;OK;2798;47;8144;LOCAL_TRANSIT_OPTIMISTIC_SCREENING;aaa3b316df378ccf5538e38b6c028b176a429dc36211420a0586cb9c187a613a;1af74f6fc70ca2714b3e3ead2cfd385190951a9d25e3e9fa2fe12b0038e6974f;2026-09-16T18:40:18.343781+00:00;true
LOC-0128;LOC-0145;PUBLIC_TRANSIT;2026-08-17T07:00:00+03:00;OK;1874;32;5728;LOCAL_TRANSIT_OPTIMISTIC_SCREENING;973a3cc82df6d91a247e3b82d389373fb9d2acf5f6141259ea816ce41e2565a3;c18b65e82f3cc133d105aabb0566e1e184fc1cbf91b17eb3d48d693f4ff4e807;2026-09-16T18:40:18.343781+00:00;true
LOC-0128;LOC-0148;PUBLIC_TRANSIT;2026-08-17T07:00:00+03:00;OK;2625;44;4717;LOCAL_TRANSIT_OPTIMISTIC_SCREENING;4867a35133da3f84e0d273f0bdb53eace5264122b9f761277bc9f288d5634058;690f14deb4855f03c3df2a4598c17c59b3e90962424e41776334500aff68132e;2026-09-16T18:40:18.343781+00:00;true
LOC-0128;LOC-0149;PUBLIC_TRANSIT;2026-08-17T07:00:00+03:00;OK;2485;42;4448;LOCAL_TRANSIT_OPTIMISTIC_SCREENING;e45de9e690e7e1cbcc5fd627443a16df19f58da85f9c80717811f2148d9fc278;50f23c65e4a97ad082b318ebf18ead936c7aad993adefddd19c3f738b84b281d;2026-09-16T18:40:18.343781+00:00;true
LOC-0128;LOC-0150;PUBLIC_TRANSIT;2026-08-17T07:00:00+03:00;OK;2366;40;4264;LOCAL_TRANSIT_OPTIMISTIC_SCREENING;216d30facc9ce3b8ef63d5c0d83fe12fe1ae51e2f57817d80d6d3ad64ad09dd7;5c5982c6d709e0b850deef467f4cfc5b8e7e1a6d321abb43f84054ffdfe6c82d;2026-09-16T18:40:18.343781+00:00;true
LOC-0128;LOC-0151;PUBLIC_TRANSIT;2026-08-17T07:00:00+03:00;OK;2758;46;5137;LOCAL_TRANSIT_OPTIMISTIC_SCREENING;0b42bb64315259b7a69ef8630f746a5ab34a63069f13a0e1a51b75b102b8433c;68d7a53331c0a79ca6a5089d6dd86a268eeebe26d6a08ac1d911196511eece4e;2026-09-16T18:40:18.343781+00:00;true
LOC-0128;LOC-0152;PUBLIC_TRANSIT;2026-08-17T07:00:00+03:00;OK;2792;47;5108;LOCAL_TRANSIT_OPTIMISTIC_SCREENING;20ef2174bd2a26ff726cde95155f83f986cd8e02c29717ea1a70147e70255f04;800c933b9193cbd82014ad944b0fa7b789c622a3a6249f4d7bc3967d87b820bc;2026-09-16T18:40:18.343781+00:00;true
LOC-0128;LOC-0190;PUBLIC_TRANSIT;2026-08-17T07:00:00+03:00;OK;1750;30;2420;LOCAL_TRANSIT_OPTIMISTIC_SCREENING;e10721d8d80278a0e886b2e5c80b8445fa61ce3514aafccb273cf1ff03c8814a;a2b5ba195cf04016ffd513fb0b0b7df47ec79f6cf915572d1ab7b999f4aa92ed;2026-09-16T18:40:18.343781+00:00;true
LOC-0128;LOC-0196;PUBLIC_TRANSIT;2026-08-17T07:00:00+03:00;OK;2636;44;7267;LOCAL_TRANSIT_OPTIMISTIC_SCREENING;faf79dc978e122fa2381fbe1f9f767097c028dc882be8ca8a23c01f46a929dfb;b0f77fdc5d7f5c9136b7c5684752e9bd58424addc176354bdd5b4e753df6e7a2;2026-09-16T18:40:18.343781+00:00;true
LOC-0134;LOC-0002;PUBLIC_TRANSIT;2026-08-17T07:00:00+03:00;OK;434;8;394;LOCAL_TRANSIT_OPTIMISTIC_SCREENING;2105dfaa5b0eb32660b464b0e2157d18e1d5631eacb9ab62ff5858383377c01a;889e5fc49754101ea3d31972904933ad7f4b390b2103801ccf098781171578de;2026-09-16T18:40:18.343781+00:00;true
LOC-0134;LOC-0008;PUBLIC_TRANSIT;2026-08-17T07:00:00+03:00;OK;1913;32;6006;LOCAL_TRANSIT_OPTIMISTIC_SCREENING;8f4b65e2d04e8f91871355e7f543486a2ce45af23aee5a8b5482401d1aa02b5c;f5b06debbb05e8af45e57a09a3592fcb9a60c39ad6738763591193c7bd19f084;2026-09-16T18:40:18.343781+00:00;true
LOC-0134;LOC-0009;PUBLIC_TRANSIT;2026-08-17T07:00:00+03:00;OK;2724;46;8889;LOCAL_TRANSIT_OPTIMISTIC_SCREENING;2007bd55f17e74acc48e28fd2300f6724d62ac9b1eca01aba3b7d52c8e007a99;d0f7db7384fe214b9758716e8ab99f70e84e36c48500ebafd40ee4641d8ce2f3;2026-09-16T18:40:18.343781+00:00;true
LOC-0134;LOC-0010;PUBLIC_TRANSIT;2026-08-17T07:00:00+03:00;OK;1941;33;6681;LOCAL_TRANSIT_OPTIMISTIC_SCREENING;707b1e481857eb49063d1a79fe44e3ef7a14e92db5cb67d083f3ee65a3ee19d3;fb9c9c32414fe65e5415a81e1b96ae824262ec9442df78f9456fd747744e1157;2026-09-16T18:40:18.343781+00:00;true
LOC-0134;LOC-0011;PUBLIC_TRANSIT;2026-08-17T07:00:00+03:00;OK;1583;27;5311;LOCAL_TRANSIT_OPTIMISTIC_SCREENING;2b74a7759f9c1f00a646d8f6b176f00656849a3adb2660929019b551d6b97412;f1288d01f16edeab8d22fe7aa815a8c9d721df75d70e5b8980a763e3dc95e87d;2026-09-16T18:40:18.343781+00:00;true
LOC-0134;LOC-0012;PUBLIC_TRANSIT;2026-08-17T07:00:00+03:00;OK;1876;32;5751;LOCAL_TRANSIT_OPTIMISTIC_SCREENING;4fc56419e1281f481959143846490161dead237202fa18208b440ce12daa8f17;8050ef426e60a3b9cc18d967aa95cb999bf95d71b28bfff474f355fcc2be37e8;2026-09-16T18:40:18.343781+00:00;true
LOC-0134;LOC-0013;PUBLIC_TRANSIT;2026-08-17T07:00:00+03:00;OK;573;10;697;LOCAL_TRANSIT_OPTIMISTIC_SCREENING;ded0ae7d4bdaeef6d030f4b4f056bf842a9f3f5a9dbd266dc519fa5d010609bb;3d7c0444d2d62cdafeac020835b5f762d3758c1d586a6dadea87693de9cad580;2026-09-16T18:40:18.343781+00:00;true
LOC-0134;LOC-0016;PUBLIC_TRANSIT;2026-08-17T07:00:00+03:00;OK;1390;24;3504;LOCAL_TRANSIT_OPTIMISTIC_SCREENING;8590785a973e98e2dee56b9f758f18e5ff1f2439a5bac3cd71f32917dc3ffa2a;844470e1e0f500b766c9884145cf5225a6d8967a71ed177022955f24a6651eb8;2026-09-16T18:40:18.343781+00:00;true
LOC-0134;LOC-0017;PUBLIC_TRANSIT;2026-08-17T07:00:00+03:00;OK;2734;46;6376;LOCAL_TRANSIT_OPTIMISTIC_SCREENING;99d095e91557e183220560a36e263a546c53318ece5e6c162cf42efb0bc930c7;13408640ba26579213a0f71aee126beacb1a9c725ea3bce29b03298666055fec;2026-09-16T18:40:18.343781+00:00;true
LOC-0134;LOC-0018;PUBLIC_TRANSIT;2026-08-17T07:00:00+03:00;OK;2369;40;6677;LOCAL_TRANSIT_OPTIMISTIC_SCREENING;da38749a4d364dc8eac649eaab7db6413da7555bd02f8d0d17dcbf0dabe406c2;bd06e5d539648f0352f50c9c45e0e4ebfd2509146990c1bc27b9cbd74543200d;2026-09-16T18:40:18.343781+00:00;true
LOC-0134;LOC-0019;PUBLIC_TRANSIT;2026-08-17T07:00:00+03:00;OK;2157;36;6955;LOCAL_TRANSIT_OPTIMISTIC_SCREENING;34480d5c7f3b8813b64d5cb23523940193375e06af69b51a13a178dd85b05a3a;c61b53b1f3e0f125c763e984d8ac008210827717515d1faa808874e302d0eefb;2026-09-16T18:40:18.343781+00:00;true
LOC-0134;LOC-0020;PUBLIC_TRANSIT;2026-08-17T07:00:00+03:00;OK;2310;39;7809;LOCAL_TRANSIT_OPTIMISTIC_SCREENING;44f99a584556b23e797866e4af610932d4bbde74c81b6d4d8b809d7f30c9d253;2482214a459df0833913f154685c750a4cd06e81d52eaca80de2587c62a86a75;2026-09-16T18:40:18.343781+00:00;true
LOC-0134;LOC-0023;PUBLIC_TRANSIT;2026-08-17T07:00:00+03:00;OK;2835;48;7551;LOCAL_TRANSIT_OPTIMISTIC_SCREENING;ad781cc8af90c048ef2af96c63e42821ea770d52388f34477a4ee2f8bbb14cef;15cbc6f5f736952be2bb1a4576f8112a13b3e760603a87617df870d2d22f2e95;2026-09-16T18:40:18.343781+00:00;true
LOC-0134;LOC-0027;PUBLIC_TRANSIT;2026-08-17T07:00:00+03:00;OK;1724;29;4583;LOCAL_TRANSIT_OPTIMISTIC_SCREENING;c215b27a01afcdc5147141c4ade1e8d65c6536a3dcb16ea4323488061634a1cd;31f1afa52900d4d9f7b1c3e2d4aadcc43a885e8c72fe0b69ef0afb0ad4bd018d;2026-09-16T18:40:18.343781+00:00;true
LOC-0134;LOC-0028;PUBLIC_TRANSIT;2026-08-17T07:00:00+03:00;OK;1896;32;3824;LOCAL_TRANSIT_OPTIMISTIC_SCREENING;ea8a7d5036eb8a3feca26feaa8c04ede91a340000d661ec370af8023ed9d067f;aa3c06bd159ee6970464e418da7902fbec79659d30ca5b8ca7ff552267882677;2026-09-16T18:40:18.343781+00:00;true
LOC-0134;LOC-0029;PUBLIC_TRANSIT;2026-08-17T07:00:00+03:00;OK;1953;33;3882;LOCAL_TRANSIT_OPTIMISTIC_SCREENING;22e88b524be798916f03d7e57c6321fc55fc66a0491518c64ca311d22b038a9d;d9a74fc441b8374d75389e9546c570013f707c5d834a6db2caeb493ab4b6890f;2026-09-16T18:40:18.343781+00:00;true
LOC-0134;LOC-0037;PUBLIC_TRANSIT;2026-08-17T07:00:00+03:00;OK;959;16;2101;LOCAL_TRANSIT_OPTIMISTIC_SCREENING;7c628c2641d3e1229eaf51bdd5f2860b17f92b575cbaee835a7a7332354516b2;44a653d8147e3eb52db7b33f854467ef06d3a55fceca5f82faedc889861ef318;2026-09-16T18:40:18.343781+00:00;true
LOC-0134;LOC-0045;PUBLIC_TRANSIT;2026-08-17T07:00:00+03:00;OK;2081;35;5072;LOCAL_TRANSIT_OPTIMISTIC_SCREENING;34c82aa2e367b87102364e2006e7fe184db5bac806f6a70ae78826ac8c3b6de5;27f5e9912202bf86a4bcf6279c2e772128bd4e1881091f6d3a67a037d6cda284;2026-09-16T18:40:18.343781+00:00;true
LOC-0134;LOC-0053;PUBLIC_TRANSIT;2026-08-17T07:00:00+03:00;OK;1148;20;2897;LOCAL_TRANSIT_OPTIMISTIC_SCREENING;173a2aa7e609d1cc1f9f2fcafc4d5d05b486ba2b580d246e8e53311d0febdcb3;82560572e42df6bf10b6933162499785e183ef153821b7f59b158c45853bfdd0;2026-09-16T18:40:18.343781+00:00;true
LOC-0134;LOC-0054;PUBLIC_TRANSIT;2026-08-17T07:00:00+03:00;OK;1112;19;2386;LOCAL_TRANSIT_OPTIMISTIC_SCREENING;3077d5ea5c4839e09d07330a9c8fe10a9dc4dd67d11ab30c544bf494eec56b1a;29948fd490a15350932a9dcfb7bec9e5fe578b0dbce9bc51dd3667195713e899;2026-09-16T18:40:18.343781+00:00;true
LOC-0134;LOC-0061;PUBLIC_TRANSIT;2026-08-17T07:00:00+03:00;OK;1900;32;5387;LOCAL_TRANSIT_OPTIMISTIC_SCREENING;f7dc6f9984d1adc756f90b6befc61e72217cce7b1fd4baa67c1c81f00860bfff;fa581e304558968d21450ce8e3433515a7ca40afb3212d4b42bd295851a18d4f;2026-09-16T18:40:18.343781+00:00;true
LOC-0134;LOC-0063;PUBLIC_TRANSIT;2026-08-17T07:00:00+03:00;OK;1631;28;5494;LOCAL_TRANSIT_OPTIMISTIC_SCREENING;5c7b96526c748e263dc2e0db11d99846863381a5b63bd6da5030d6921280bf57;d3b161e31d5b24cd4552194343f4fb8721f3e7581e9af00e6a7c8e90e296bbb6;2026-09-16T18:40:18.343781+00:00;true
LOC-0134;LOC-0064;PUBLIC_TRANSIT;2026-08-17T07:00:00+03:00;OK;1961;33;5456;LOCAL_TRANSIT_OPTIMISTIC_SCREENING;256523ac28bd326795e3e9aff0b9df791d4dc84f24aee592904c59004ba7924d;4847a3fa368bc975fe3c2ce2ae66a77c06f60f582549696b7fb77f81ca5d1396;2026-09-16T18:40:18.343781+00:00;true
LOC-0134;LOC-0074;PUBLIC_TRANSIT;2026-08-17T07:00:00+03:00;OK;2394;40;5709;LOCAL_TRANSIT_OPTIMISTIC_SCREENING;70f0cbebe11de5742cdd6026863b5218d1e83843835ebb6fcc86295cae96e2bd;4b7441d8c249ac3bfb5e63bd77094526635e767e0c680ef0bd8cae1b255f1b0c;2026-09-16T18:40:18.343781+00:00;true
LOC-0134;LOC-0075;PUBLIC_TRANSIT;2026-08-17T07:00:00+03:00;OK;2434;41;5957;LOCAL_TRANSIT_OPTIMISTIC_SCREENING;b21b50275fe28876b10902ff27145fdd83ce1836c80a917ea775fd695c85edff;7641aa92af7c8c121cfdb313b012c40a61f20fca351d4a45117a74ac3cc3ab8c;2026-09-16T18:40:18.343781+00:00;true
LOC-0134;LOC-0076;PUBLIC_TRANSIT;2026-08-17T07:00:00+03:00;OK;1686;29;3902;LOCAL_TRANSIT_OPTIMISTIC_SCREENING;f5cf5f9a338a3ee43ba59cf631e201f9291e3989c71bb42898d539cdaab374ec;d00f23c050e81455e94cb3018868b6ada97297bd16085bb7adc0f47b1ca7b9b7;2026-09-16T18:40:18.343781+00:00;true
LOC-0134;LOC-0078;PUBLIC_TRANSIT;2026-08-17T07:00:00+03:00;OK;1981;34;5205;LOCAL_TRANSIT_OPTIMISTIC_SCREENING;d5a8357c27f9e0e15831559e1902b469d76e9e766723fe64c4aa765336051657;909af38d466f57acb5ddd6bb7e4db93e93ff53ccf145fe82d6a1d29780b205d6;2026-09-16T18:40:18.343781+00:00;true
LOC-0134;LOC-0080;PUBLIC_TRANSIT;2026-08-17T07:00:00+03:00;OK;2396;40;6175;LOCAL_TRANSIT_OPTIMISTIC_SCREENING;e74a2a3c900a487af77d49b5017fec0a60cc4846eb332b2554e076cdd610416c;ad55c7f400d2e40497872013d0f9d7cb8d3649912ded2c0ab114248399ecfc8e;2026-09-16T18:40:18.343781+00:00;true
LOC-0134;LOC-0082;PUBLIC_TRANSIT;2026-08-17T07:00:00+03:00;OK;1763;30;4816;LOCAL_TRANSIT_OPTIMISTIC_SCREENING;b8a669e556f669aaae6be8b7324bf36757d188efb48e1f76041706afbf490ffc;08efcd3fa08042daf7c06ebd0d5c6511bf8cb4e17da7f70b520ccaf104590505;2026-09-16T18:40:18.343781+00:00;true
LOC-0134;LOC-0085;PUBLIC_TRANSIT;2026-08-17T07:00:00+03:00;OK;603;11;752;LOCAL_TRANSIT_OPTIMISTIC_SCREENING;7b5383d20bdb33474a7b75262bb8d399d62528a9c131dba9631d427a7336f4be;fec948a563e6c6799ec6a72c0352d115ac9b8ebe114dfbea4cc3645264e82c4b;2026-09-16T18:40:18.343781+00:00;true
LOC-0134;LOC-0086;PUBLIC_TRANSIT;2026-08-17T07:00:00+03:00;OK;667;12;818;LOCAL_TRANSIT_OPTIMISTIC_SCREENING;e51dbae1282c9e35427fab5bc44057beea5ba42300e9ce25aec421c2bae58884;e6d313d49c477bfea7825769dbb2ede82bcae40a672defcd404664eff5449146;2026-09-16T18:40:18.343781+00:00;true
LOC-0134;LOC-0091;PUBLIC_TRANSIT;2026-08-17T07:00:00+03:00;OK;1894;32;6671;LOCAL_TRANSIT_OPTIMISTIC_SCREENING;93ef01fd10e0814b42aa1743d3f60fe7b58dded472db6a404b49c8bccdc19967;db038fd5891a9fc8d04ef1f404635bfe31a8338ab8358181adb6c668f3f94a26;2026-09-16T18:40:18.343781+00:00;true
LOC-0134;LOC-0092;PUBLIC_TRANSIT;2026-08-17T07:00:00+03:00;OK;2013;34;6868;LOCAL_TRANSIT_OPTIMISTIC_SCREENING;b561ad1f3e881b3e683525c8bcbeb8b668e1746f0b29efe2a14de072b7eead7a;56e662a055f30252b64da54e487b44528fe4af27a3e2a345890f8789d7f36203;2026-09-16T18:40:18.343781+00:00;true
LOC-0134;LOC-0093;PUBLIC_TRANSIT;2026-08-17T07:00:00+03:00;OK;1989;34;6706;LOCAL_TRANSIT_OPTIMISTIC_SCREENING;69649d8c84774c8f8c5095b333ea2170658d02ea68fa4b9404147cc3fadd9ecf;d932da6a9b7756fd456c3a875f82bfdda8a9e54fa3fc6cf897088d85d9c7dbb0;2026-09-16T18:40:18.343781+00:00;true
LOC-0134;LOC-0094;PUBLIC_TRANSIT;2026-08-17T07:00:00+03:00;OK;911;16;1138;LOCAL_TRANSIT_OPTIMISTIC_SCREENING;6fc06f3d126fc1e4c4a0c734ba218951af32f622eb13312f7fa7c03d67af8604;b409128ec160179c83ecd4933bc436be6dec7e3c35375215052d2f0288af6dfc;2026-09-16T18:40:18.343781+00:00;true
LOC-0134;LOC-0095;PUBLIC_TRANSIT;2026-08-17T07:00:00+03:00;OK;1133;19;1602;LOCAL_TRANSIT_OPTIMISTIC_SCREENING;9a3af0bdf38c97bff1473eef7b22d4997c5412d7e650d9ee7144ae78920436b9;5167b41000b2a32eff17a4f88293a1d09d1f9f381e24e2ded8f1bd8cbb6c8773;2026-09-16T18:40:18.343781+00:00;true
LOC-0134;LOC-0102;PUBLIC_TRANSIT;2026-08-17T07:00:00+03:00;OK;1957;33;6042;LOCAL_TRANSIT_OPTIMISTIC_SCREENING;db23167ca9af9228961b22aeee8f4aa3a73b53ed99ca2386af2c2ca7a35d0316;422106018bc6bbdeac5111aa280525d16e34f8704497fb9ae397b7838a2c8eda;2026-09-16T18:40:18.343781+00:00;true
LOC-0134;LOC-0112;PUBLIC_TRANSIT;2026-08-17T07:00:00+03:00;OK;2514;42;5845;LOCAL_TRANSIT_OPTIMISTIC_SCREENING;32c60ee5ef80aef9901139263d9ddc410ac0f34b6dc1fbb3027507c4de3ba170;f48f23f4b813a0d437beee1b9c382995b9d1ebd4654f6f56d7545e5c44e7fa2c;2026-09-16T18:40:18.343781+00:00;true
LOC-0134;LOC-0124;PUBLIC_TRANSIT;2026-08-17T07:00:00+03:00;OK;2851;48;9094;LOCAL_TRANSIT_OPTIMISTIC_SCREENING;b97f01badab2b483a68b4e97938c200792f1e25e373354f8baaa32588470241f;d261c7adcdce4efab4f9fad78ba61db355a3631d14470aefcc7ed7a7e8696dde;2026-09-16T18:40:18.343781+00:00;true
LOC-0134;LOC-0125;PUBLIC_TRANSIT;2026-08-17T07:00:00+03:00;OK;2448;41;6901;LOCAL_TRANSIT_OPTIMISTIC_SCREENING;ffc7c1098e5dd7e01d3bd5fabf8806c92fea49a278f4451c0db4f0078ce568a8;8c1f4f33a9f10b332b8670dc05ca8ffddce719866c9d93574929672ce519282b;2026-09-16T18:40:18.343781+00:00;true
LOC-0134;LOC-0126;PUBLIC_TRANSIT;2026-08-17T07:00:00+03:00;OK;2028;34;4803;LOCAL_TRANSIT_OPTIMISTIC_SCREENING;e970f5952fa4990837e2e583a9b28348a117d8e4f3cbe61889417ba3062e31a4;1d4f3ee6d156757ff022c33dac1559a6ac228db841b5eca4e3ed864c5fe9a0da;2026-09-16T18:40:18.343781+00:00;true
LOC-0134;LOC-0128;PUBLIC_TRANSIT;2026-08-17T07:00:00+03:00;OK;959;16;2169;LOCAL_TRANSIT_OPTIMISTIC_SCREENING;a9208d239ba9c3858607b3823956a5738898e218290b83de7336ca15859b2ec7;5e23598e45ef99be747bc423372153759a0871d51aa9fa22cc1dfd23f06455c0;2026-09-16T18:40:18.343781+00:00;true
LOC-0134;LOC-0134;PUBLIC_TRANSIT;2026-08-17T07:00:00+03:00;OK;0;0;0;LOCAL_TRANSIT_OPTIMISTIC_SCREENING;a7c84844028cbca3acc802f87074e833b13576432174ff8d0a80ebefe0d652b5;3d5812abc84c11768aa73a732c85d75dbed439188f5bb3239e9b762ea31d9862;2026-09-16T18:40:18.343781+00:00;true
LOC-0134;LOC-0135;PUBLIC_TRANSIT;2026-08-17T07:00:00+03:00;OK;106;2;151;LOCAL_TRANSIT_OPTIMISTIC_SCREENING;1c20148469fd6502831c87a8ceca50eff8b5a103930ab58eaca8a46e34dd28d3;e5caff963c381f086bd4c8172b00931034428a7ede87d3bcd6e4e8ccbf513496;2026-09-16T18:40:18.343781+00:00;true
LOC-0134;LOC-0136;PUBLIC_TRANSIT;2026-08-17T07:00:00+03:00;OK;269;5;521;LOCAL_TRANSIT_OPTIMISTIC_SCREENING;f3b5e6353940a0782872fa35b478cb59b921656cd541298d7eed2f53c345e82d;77c1fa6ea02405f7d1242ef2f823ebcdfd467329938e496e98ebb4098d929590;2026-09-16T18:40:18.343781+00:00;true
LOC-0134;LOC-0140;PUBLIC_TRANSIT;2026-08-17T07:00:00+03:00;OK;1354;23;2255;LOCAL_TRANSIT_OPTIMISTIC_SCREENING;6fb5d9b71c40b61eae33646000e2085378aad23186c3bc52884d48f05bd3154c;2ca5770106f52546ea0cc2bb30c09fc31c8c3363de1ee8b8c053086630673889;2026-09-16T18:40:18.343781+00:00;true
LOC-0134;LOC-0141;PUBLIC_TRANSIT;2026-08-17T07:00:00+03:00;OK;2709;46;8512;LOCAL_TRANSIT_OPTIMISTIC_SCREENING;99739a22f058ab968dc24336ca89ad8c9551c08ff4b84fc73d8fce6381de3ec4;037534f68d51576d4d14ce1ac87b969dd8b90a30e48f507160ae92f825104fc1;2026-09-16T18:40:18.343781+00:00;true
LOC-0134;LOC-0142;PUBLIC_TRANSIT;2026-08-17T07:00:00+03:00;OK;2644;45;8561;LOCAL_TRANSIT_OPTIMISTIC_SCREENING;6df5992560e7cd2093f75ba0aa5f2aa2a711e8a226fef0d8e89ae77c17fd05e8;9dcf66541ed752293a4eb244d50b0c64ff4c899d857a9b9d0352828f477507cd;2026-09-16T18:40:18.343781+00:00;true
LOC-0134;LOC-0145;PUBLIC_TRANSIT;2026-08-17T07:00:00+03:00;OK;2111;36;7818;LOCAL_TRANSIT_OPTIMISTIC_SCREENING;ef44fff4cb9c8d5c0dee2d8d834e9d44e15c1bba4cdbc78bd5204f428c285035;93badc708608a8a883fec0093440be529fe0e98c5ab9b937355ab5f813bc38a7;2026-09-16T18:40:18.343781+00:00;true
LOC-0134;LOC-0148;PUBLIC_TRANSIT;2026-08-17T07:00:00+03:00;OK;2471;42;5874;LOCAL_TRANSIT_OPTIMISTIC_SCREENING;a438e8669f210e22666f6f25470f020ddc02c9f51603e805eb053e18a3757b53;0e82e69266cd44b99f776e4e7a44e77622682a3b55d15d06440d51987435d33a;2026-09-16T18:40:18.343781+00:00;true
LOC-0134;LOC-0149;PUBLIC_TRANSIT;2026-08-17T07:00:00+03:00;OK;2331;39;5632;LOCAL_TRANSIT_OPTIMISTIC_SCREENING;40fc0a13b4e4ae8d1022c9d5cc108f489a265907b40d88bc6de1ec045e55bcaa;7a99882a7aec04becb17c0f26b1eb0c07c6c919f0cec079eea2363f054afe1d7;2026-09-16T18:40:18.343781+00:00;true
LOC-0134;LOC-0150;PUBLIC_TRANSIT;2026-08-17T07:00:00+03:00;OK;2212;37;5467;LOCAL_TRANSIT_OPTIMISTIC_SCREENING;f76da9618ffe89a02770df60717215eaff8448b1ff86a5e6301495046011a8a1;fbb7ea5768cc8412162b28f3d9c48ea0d1acf1fc94aa6d3ae444a59ed39b798c;2026-09-16T18:40:18.343781+00:00;true
LOC-0134;LOC-0151;PUBLIC_TRANSIT;2026-08-17T07:00:00+03:00;OK;2604;44;6227;LOCAL_TRANSIT_OPTIMISTIC_SCREENING;3ec8f67932f9bf8f903632a0186583b45d671bb806e053a14fca30b8bf99af7f;191671aa78d29a6704296d79d3e256f6edc7e2529ec04d781c963815a84f0819;2026-09-16T18:40:18.343781+00:00;true
LOC-0134;LOC-0152;PUBLIC_TRANSIT;2026-08-17T07:00:00+03:00;OK;2638;44;6178;LOCAL_TRANSIT_OPTIMISTIC_SCREENING;1a672644b886afe02355437e6cd5db684d06b1074b3573485f4797d7cf86df5f;3ade4fbce5a95f3c49d96d6b3f5ea2787f278be3c79b9d80a1003472ffe88668;2026-09-16T18:40:18.343781+00:00;true
LOC-0134;LOC-0190;PUBLIC_TRANSIT;2026-08-17T07:00:00+03:00;OK;1683;29;4498;LOCAL_TRANSIT_OPTIMISTIC_SCREENING;efc28d7035851115cb4e7b0dd5b89b24d1ffe416fbe491e9c0cc95fd4f95db60;f7ce76efe04d05e3bb4c40da07e7cd864f21f03e8cb0e59f586bba2aea0f6666;2026-09-16T18:40:18.343781+00:00;true
LOC-0134;LOC-0196;PUBLIC_TRANSIT;2026-08-17T07:00:00+03:00;OK;2603;44;8702;LOCAL_TRANSIT_OPTIMISTIC_SCREENING;9df4f96c59ffe42a9e4fbcfb9fdbf97b817a130a98afdfd12dd90e8e7780690c;94e2e0a3d78d02b12fcdf07173cdaab5ad6a41e299b54d532a2fcae20e4704de;2026-09-16T18:40:18.343781+00:00;true
LOC-0135;LOC-0002;PUBLIC_TRANSIT;2026-08-17T07:00:00+03:00;OK;438;8;614;LOCAL_TRANSIT_OPTIMISTIC_SCREENING;812ae6e57bfaa1ed3e931e816326233bd6b9697fc72930923abf1c5bb22c9cb5;aca178a921772f487785cf4c39b6ddabdab1f8606e54bbc8a9b61b23a8a5feff;2026-09-16T18:40:18.343781+00:00;true
LOC-0135;LOC-0008;PUBLIC_TRANSIT;2026-08-17T07:00:00+03:00;OK;2026;34;6154;LOCAL_TRANSIT_OPTIMISTIC_SCREENING;8f10a959d796ace82c46e1c4056aae1c684da72815b67b9a173782469ba18848;7d2b3344db2e0729bd58ad339a688ca51145401bb3240c8ce794a5eb1136ceed;2026-09-16T18:40:18.343781+00:00;true
LOC-0135;LOC-0009;PUBLIC_TRANSIT;2026-08-17T07:00:00+03:00;OK;2777;47;8828;LOCAL_TRANSIT_OPTIMISTIC_SCREENING;20642017da96373799adf93627440a75469422d18a9859b3dce53abcad3a6774;37825d521de0f1f56e92dc3ded773189a86322481a5053372f8e5553718a17c8;2026-09-16T18:40:18.343781+00:00;true
LOC-0135;LOC-0010;PUBLIC_TRANSIT;2026-08-17T07:00:00+03:00;OK;2054;35;6830;LOCAL_TRANSIT_OPTIMISTIC_SCREENING;b0ae5384dc243846839acc358e700919fe588a733a9fafe722424ee961bf79bf;d5ac181716395519d68d448ee5aae95defd8d87a9059cf4f2c6c6a9ee81251b1;2026-09-16T18:40:18.343781+00:00;true
LOC-0135;LOC-0011;PUBLIC_TRANSIT;2026-08-17T07:00:00+03:00;OK;1696;29;5461;LOCAL_TRANSIT_OPTIMISTIC_SCREENING;bbf7fefee3acc304897cc5786bfc9a9f3556f4b10bd6f832fe22b44be6a83dc2;c4e4f108ce4b61551d21bd06481bfe2fa1f23241d17dfeb7a31819af0deb6f44;2026-09-16T18:40:18.343781+00:00;true
LOC-0135;LOC-0012;PUBLIC_TRANSIT;2026-08-17T07:00:00+03:00;OK;1989;34;5892;LOCAL_TRANSIT_OPTIMISTIC_SCREENING;06ee52646b18d418c872ccd3701736b2f0af89c204aef52c1378e67f9029c657;8fd9e55f55c7f2cb8f4ace09f7a1e7e04bca8cac2d7a697a043e91f84ec8e191;2026-09-16T18:40:18.343781+00:00;true
LOC-0135;LOC-0013;PUBLIC_TRANSIT;2026-08-17T07:00:00+03:00;OK;494;9;701;LOCAL_TRANSIT_OPTIMISTIC_SCREENING;696e89046189f41f3120a2de76ea0429af24f4590b3f7da39fedcba4e4404eff;da4a6e18cf723209e23e381bd563829deb20b11efa82b0799044a3f1ba032a91;2026-09-16T18:40:18.343781+00:00;true
LOC-0135;LOC-0016;PUBLIC_TRANSIT;2026-08-17T07:00:00+03:00;OK;1443;25;3391;LOCAL_TRANSIT_OPTIMISTIC_SCREENING;ef8773572eb5660176c879f6fed3f673b3f5bf94d9ffae5b9e4b3310b5472c78;47f683a4b5338257c091b4977a9c427526a305aebf93b8a225fa0b3dadc61848;2026-09-16T18:40:18.343781+00:00;true
LOC-0135;LOC-0017;PUBLIC_TRANSIT;2026-08-17T07:00:00+03:00;OK;2787;47;6416;LOCAL_TRANSIT_OPTIMISTIC_SCREENING;a2aa2c213d4912bb2fc68cb11527a1d895a5dfa26168c97e35ca6fb451721b91;4bf187c83bbfad9f44cbb5ef5f8cedcc327a10934c689d994e3d677b609fd401;2026-09-16T18:40:18.343781+00:00;true
LOC-0135;LOC-0018;PUBLIC_TRANSIT;2026-08-17T07:00:00+03:00;OK;2422;41;6734;LOCAL_TRANSIT_OPTIMISTIC_SCREENING;47f2b7ad1753fe9e9c9adf55802a2aa08580417c31679f3f4deb0acccbec33e1;dceba5e315c80f145cc507dc71f2d7a2fe2052ac9e994927af859e57caaab06e;2026-09-16T18:40:18.343781+00:00;true
LOC-0135;LOC-0019;PUBLIC_TRANSIT;2026-08-17T07:00:00+03:00;OK;2270;38;7105;LOCAL_TRANSIT_OPTIMISTIC_SCREENING;03cc7013b997a45e00ab8204cc4578201fb2dc41bd5de3758aca205bcf7bd297;d2ba91a893a25c261a7cfdb92c6f207521877a9baca1159795d65392d391ad0b;2026-09-16T18:40:18.343781+00:00;true
LOC-0135;LOC-0020;PUBLIC_TRANSIT;2026-08-17T07:00:00+03:00;OK;2423;41;7941;LOCAL_TRANSIT_OPTIMISTIC_SCREENING;4dde3b618062d58703ac7b38bf7d0772d3f92bd0cbc38ffb2f9901909a2ce5d9;0a5de731138c96429b87c234d1c7c226f6cb3476954f9a061813e0bccd32b3e7;2026-09-16T18:40:18.343781+00:00;true
LOC-0135;LOC-0023;PUBLIC_TRANSIT;2026-08-17T07:00:00+03:00;OK;2914;49;7628;LOCAL_TRANSIT_OPTIMISTIC_SCREENING;75f45ff1297b3929240edd06d323142cae81655ed693f9cb48e9b54850dfb34e;3351215d83a13cb157d38bf87e5a5504d8b0650979abed501e69721cf4f63a18;2026-09-16T18:40:18.343781+00:00;true
LOC-0135;LOC-0027;PUBLIC_TRANSIT;2026-08-17T07:00:00+03:00;OK;1777;30;4626;LOCAL_TRANSIT_OPTIMISTIC_SCREENING;258557432c4110f6c1c5fe4230dd4a22bdcef103a0630c5251aa752e4bfe2d9a;fa42b368b46f7609e8595b94c11ee2c20ed063d88e605c84cab1897a5b1dc83d;2026-09-16T18:40:18.343781+00:00;true
LOC-0135;LOC-0028;PUBLIC_TRANSIT;2026-08-17T07:00:00+03:00;OK;1949;33;3754;LOCAL_TRANSIT_OPTIMISTIC_SCREENING;bb58d4bdfd143a3a190693d6766a988801c02ac604501d5ed33c941e231b0083;622fd410fe0309752b95414af26e4571f59142655d13e8c334f8877e1bef7b59;2026-09-16T18:40:18.343781+00:00;true
LOC-0135;LOC-0029;PUBLIC_TRANSIT;2026-08-17T07:00:00+03:00;OK;2006;34;3814;LOCAL_TRANSIT_OPTIMISTIC_SCREENING;13f416d3ab423d063f5195bcad1a0b105457b9ffca96e1a77215fc34fe5ac55b;6afacdd6e73371f99ce4bf20e80b9fb171d56d1b22bf56f3e852fbfe431f2f47;2026-09-16T18:40:18.343781+00:00;true
LOC-0135;LOC-0037;PUBLIC_TRANSIT;2026-08-17T07:00:00+03:00;OK;1012;17;2260;LOCAL_TRANSIT_OPTIMISTIC_SCREENING;f201f8d3be0c8ec63af7bbc34ecdacf0bc8545f7da4e257722315acd1c5486c1;684761b32b58c5b9fce4368002b521d8bc8c02e44acc3499fa4cc1b2e34da907;2026-09-16T18:40:18.343781+00:00;true
LOC-0135;LOC-0045;PUBLIC_TRANSIT;2026-08-17T07:00:00+03:00;OK;2134;36;5049;LOCAL_TRANSIT_OPTIMISTIC_SCREENING;4dfd2a955b662470fc597fc548cf50ea30178522fe20e88bf11f23bd417920ce;a8108245322e4b550cd1d9663a3d0a1deb6e8acd11542417f0ba18fffed8bfcc;2026-09-16T18:40:18.343781+00:00;true
LOC-0135;LOC-0053;PUBLIC_TRANSIT;2026-08-17T07:00:00+03:00;OK;1201;21;2803;LOCAL_TRANSIT_OPTIMISTIC_SCREENING;0d0df270a356bb4ba7bd4464122fb443e7d0e2cf45e49d466ec34a20c0fb1682;57e816450ff5284b3e0d27e3e6f2ac1d9b92de9522266255d1cc05b8705c0f44;2026-09-16T18:40:18.343781+00:00;true
LOC-0135;LOC-0054;PUBLIC_TRANSIT;2026-08-17T07:00:00+03:00;OK;1165;20;2534;LOCAL_TRANSIT_OPTIMISTIC_SCREENING;a1d2a22ef5b7a2b1c9b0bac837a279610a6f09983eefd24a714e334fb2fd36b3;50b851b989acba8e33b5006ac88b7b3fd350ee2cc318f7b195aa24a5339b6cd7;2026-09-16T18:40:18.343781+00:00;true
LOC-0135;LOC-0061;PUBLIC_TRANSIT;2026-08-17T07:00:00+03:00;OK;2013;34;5530;LOCAL_TRANSIT_OPTIMISTIC_SCREENING;a4e95f59955003a8c0a521a089712b40c4457b6d1049e4b23d1af2815cabac37;df0cfb2ffd8aa780f9d074c7aef84b3dc28c555444aba40fa7b9ed383955e76d;2026-09-16T18:40:18.343781+00:00;true
LOC-0135;LOC-0063;PUBLIC_TRANSIT;2026-08-17T07:00:00+03:00;OK;1684;29;5404;LOCAL_TRANSIT_OPTIMISTIC_SCREENING;17bbcfb7698be8ba2b96ea634d447eed24d2c117b4108f9287912c57d6b02fc1;3dc2527a198f334b6e4a98cb2dd1aeda99d4ae71c90d6b51e2636c5f85bc5cef;2026-09-16T18:40:18.343781+00:00;true
LOC-0135;LOC-0064;PUBLIC_TRANSIT;2026-08-17T07:00:00+03:00;OK;2014;34;5379;LOCAL_TRANSIT_OPTIMISTIC_SCREENING;8b54a02d1ab646b1d1e532314f1d6a502e4765d44407b7d46f9a9e1136e92224;a9d1b4b7af0dfa540f0db47c38b6209bd2f034741e70c6ceea760462581d644d;2026-09-16T18:40:18.343781+00:00;true
LOC-0135;LOC-0074;PUBLIC_TRANSIT;2026-08-17T07:00:00+03:00;OK;2447;41;5775;LOCAL_TRANSIT_OPTIMISTIC_SCREENING;9e50e7a1dfd6bb40db54fbc9069f8cff73b27e0ebfae5f8b36993bd17b171d55;cf4f5e92d5c5ef073f80994055f8e562a7fe66a01b4090c96c65cd17b2a27374;2026-09-16T18:40:18.343781+00:00;true
LOC-0135;LOC-0075;PUBLIC_TRANSIT;2026-08-17T07:00:00+03:00;OK;2487;42;6010;LOCAL_TRANSIT_OPTIMISTIC_SCREENING;ed3c45f903c0809b03386d378d771d5c18d3d602567ecf8b4146b5b252c32ac0;05caeb72f76147288fd489a4a2b3f03fc737a50b033ed1d3e67f72f866f62781;2026-09-16T18:40:18.343781+00:00;true
LOC-0135;LOC-0076;PUBLIC_TRANSIT;2026-08-17T07:00:00+03:00;OK;1739;29;3785;LOCAL_TRANSIT_OPTIMISTIC_SCREENING;4a3c5c1397820c0a7ab16fac4b7b7139f859b6fe889c8d7ebb474dfe81f1d630;b6b5c8d668e8bfdcd17a7ba100eef6e05830fc687a35fc142e3c6afce7250adc;2026-09-16T18:40:18.343781+00:00;true
LOC-0135;LOC-0078;PUBLIC_TRANSIT;2026-08-17T07:00:00+03:00;OK;2034;34;5159;LOCAL_TRANSIT_OPTIMISTIC_SCREENING;fdea8e29c32e582097c09a03aca0145b1c770db0f7189bdc05831302d26a6d98;fb125ae0628d5e217fb429da05471ab5beae34229cc2cf1be1a6a75b567c27ac;2026-09-16T18:40:18.343781+00:00;true
LOC-0135;LOC-0080;PUBLIC_TRANSIT;2026-08-17T07:00:00+03:00;OK;2449;41;6240;LOCAL_TRANSIT_OPTIMISTIC_SCREENING;bd03460c6ab29c0f05d813152d7d3f3aa68eefdfbbbe0b5ce88b839b107dc7bc;60f5a08be47cd3e17ff741f33b60615c63ea99474eff9879f39c096a9bc0a493;2026-09-16T18:40:18.343781+00:00;true
LOC-0135;LOC-0082;PUBLIC_TRANSIT;2026-08-17T07:00:00+03:00;OK;1816;31;4734;LOCAL_TRANSIT_OPTIMISTIC_SCREENING;36be9d3d23e39f979ae1a5660ea63459b734fb3246ab37df8cc323df501a5b6d;f657938fdc0b7ce8c8384acf10b93d9ef74b5ee13557a3eb27d0132ad6cb05ce;2026-09-16T18:40:18.343781+00:00;true
LOC-0135;LOC-0085;PUBLIC_TRANSIT;2026-08-17T07:00:00+03:00;OK;656;11;812;LOCAL_TRANSIT_OPTIMISTIC_SCREENING;a09893f2b942e311b447cf24cfd394387d27bff5fe9c6526ce2b0dc27b6dcca1;1522f6e7c1c20e2c6b2659cabe9531f6238138ada9ac4cc1a7f7928be0ef960e;2026-09-16T18:40:18.343781+00:00;true
LOC-0135;LOC-0086;PUBLIC_TRANSIT;2026-08-17T07:00:00+03:00;OK;740;13;922;LOCAL_TRANSIT_OPTIMISTIC_SCREENING;639be3bac65011a42a89550158c3ce5c18ff180d75515ee9b8fa27ebc0c382a4;77944f880e4990f57717bc763d912f50433c5bd2ed17bb0e00a880ab59d2b2f9;2026-09-16T18:40:18.343781+00:00;true
LOC-0135;LOC-0091;PUBLIC_TRANSIT;2026-08-17T07:00:00+03:00;OK;2007;34;6810;LOCAL_TRANSIT_OPTIMISTIC_SCREENING;ebdacf67cbe1c7b0410707e2698f2b1b9eb3f65aeecb53e2d66bee63d29bd683;6a9e8d495245a03cacaa964009399bfe5b008c96c45d0d94e7c8dbf0373ab33b;2026-09-16T18:40:18.343781+00:00;true
LOC-0135;LOC-0092;PUBLIC_TRANSIT;2026-08-17T07:00:00+03:00;OK;2126;36;6997;LOCAL_TRANSIT_OPTIMISTIC_SCREENING;8e224725e8666b7b61f6a4515a603bb85045f16e72e97fbf5d507bf58d3b81a3;9bab5bea32da4f2e52d479a782e84f56eb0d99a2568e07ef736459bb5bc0fc3e;2026-09-16T18:40:18.343781+00:00;true
LOC-0135;LOC-0093;PUBLIC_TRANSIT;2026-08-17T07:00:00+03:00;OK;2102;36;6833;LOCAL_TRANSIT_OPTIMISTIC_SCREENING;71dd063f005afe7b3d488096db804057ac4f21c2ab026aefffc8d1a47389ae60;dc7ec2e641292cdc240fcf5db895dffdc42c743262eb20bbd6b39e7db995309c;2026-09-16T18:40:18.343781+00:00;true
LOC-0135;LOC-0094;PUBLIC_TRANSIT;2026-08-17T07:00:00+03:00;OK;956;16;1175;LOCAL_TRANSIT_OPTIMISTIC_SCREENING;7555e8188434a4a51757298fbb986626049ac7c0d2e2edca2354b26fd206aff7;3b24fa135e98e7e946b0b8d83d421ea25a4545f363eb9563d7421ae45697372c;2026-09-16T18:40:18.343781+00:00;true
LOC-0135;LOC-0095;PUBLIC_TRANSIT;2026-08-17T07:00:00+03:00;OK;1208;21;1554;LOCAL_TRANSIT_OPTIMISTIC_SCREENING;0314a95d51da202369c0fe4901871d7c2febdf1573ecd470390736b1dce44fc1;99b21b2c498312c7eea1c8e4028a7c665a41ee9acda6d1e2413bbefc39a2063c;2026-09-16T18:40:18.343781+00:00;true
LOC-0135;LOC-0102;PUBLIC_TRANSIT;2026-08-17T07:00:00+03:00;OK;2010;34;5966;LOCAL_TRANSIT_OPTIMISTIC_SCREENING;9e38bd0ff16bffb3adc1991da0e0095f35f5238fa328fa01a06b6fcfb039cf1a;6f1a93617de1b196d9867fd71d7a3afe5e105768c19a3cf1621ee01bc81f8a05;2026-09-16T18:40:18.343781+00:00;true
LOC-0135;LOC-0112;PUBLIC_TRANSIT;2026-08-17T07:00:00+03:00;OK;2627;44;5950;LOCAL_TRANSIT_OPTIMISTIC_SCREENING;805f88bdc6d47afab70161132e71703ed49af8a253e7f3cc09731bb1d4f0f435;85f081c096d752c8ca9bedd17e9d1b91dd460553d4a0ea1da6b410a32936a555;2026-09-16T18:40:18.343781+00:00;true
LOC-0135;LOC-0124;PUBLIC_TRANSIT;2026-08-17T07:00:00+03:00;OK;2904;49;9041;LOCAL_TRANSIT_OPTIMISTIC_SCREENING;c2e1640241c0ff80c6dae6b2fa22a1754c13c533dda8da2227a66b3c2c63d848;5d4b5556078e698e03724584d7459ed40158b985323c683fecaa886b0a1f9c36;2026-09-16T18:40:18.343781+00:00;true
LOC-0135;LOC-0125;PUBLIC_TRANSIT;2026-08-17T07:00:00+03:00;OK;2501;42;6965;LOCAL_TRANSIT_OPTIMISTIC_SCREENING;6714d46f59f9ee0f45f6a39c60da34d099e56035c9a56bc2bfaaeb55b4903a9c;f256c9cd52ce167f5cc50daf9fb6454ef51e90fd3b79b846a71e65b147468e2a;2026-09-16T18:40:18.343781+00:00;true
LOC-0135;LOC-0126;PUBLIC_TRANSIT;2026-08-17T07:00:00+03:00;OK;2081;35;4899;LOCAL_TRANSIT_OPTIMISTIC_SCREENING;648872e8905887ca0156f896af06ad3ffa1127e65d0b79da8c08c8f70becaee4;c813f14da0e2ce48cad7a1ec0db3fd2d425cc8fad31dd4a77eeec613de8510fb;2026-09-16T18:40:18.343781+00:00;true
LOC-0135;LOC-0128;PUBLIC_TRANSIT;2026-08-17T07:00:00+03:00;OK;1012;17;2318;LOCAL_TRANSIT_OPTIMISTIC_SCREENING;2f707bddb60a8ad98b9c102dfd7df8488af6925f4e7cfdbab3de0fe1cd52434d;1f892be1271cd160c041589ed464067a6a804a0eae01b583083f5169bb9fe083;2026-09-16T18:40:18.343781+00:00;true
LOC-0135;LOC-0134;PUBLIC_TRANSIT;2026-08-17T07:00:00+03:00;OK;106;2;151;LOCAL_TRANSIT_OPTIMISTIC_SCREENING;a5793b0508d5e0192c51ab04baa4056120263444343a850a449a5100d3b6731b;e5caff963c381f086bd4c8172b00931034428a7ede87d3bcd6e4e8ccbf513496;2026-09-16T18:40:18.343781+00:00;true
LOC-0135;LOC-0135;PUBLIC_TRANSIT;2026-08-17T07:00:00+03:00;OK;0;0;0;LOCAL_TRANSIT_OPTIMISTIC_SCREENING;f4a0fa67825a60d0a6ac0976bb83f406d506e6a62a79deded5a2501bfed4498d;3d5812abc84c11768aa73a732c85d75dbed439188f5bb3239e9b762ea31d9862;2026-09-16T18:40:18.343781+00:00;true
LOC-0135;LOC-0136;PUBLIC_TRANSIT;2026-08-17T07:00:00+03:00;OK;344;6;452;LOCAL_TRANSIT_OPTIMISTIC_SCREENING;bdb69fdb859abb4f87e622c6d1277d943a479ef6de740984819126dd212ae19a;b1a1c83cf8e4de0abc819dda2c9c5454426db76046f5e2f9199f50e465772e3f;2026-09-16T18:40:18.343781+00:00;true
LOC-0135;LOC-0140;PUBLIC_TRANSIT;2026-08-17T07:00:00+03:00;OK;1407;24;2166;LOCAL_TRANSIT_OPTIMISTIC_SCREENING;1652c9b3121e72c4df96fe9087c03db94535475ffc29ecdc9135caddb013403a;ed89193fb6c110983e1e62931879a3557c8e064f534485d8a278589635b39900;2026-09-16T18:40:18.343781+00:00;true
LOC-0135;LOC-0141;PUBLIC_TRANSIT;2026-08-17T07:00:00+03:00;OK;2762;47;8492;LOCAL_TRANSIT_OPTIMISTIC_SCREENING;496284d249802133c7b69b25ede138406ce93b6b69a30b7dc7ee10fee668497a;9f16e10166fb2bfe9b1e63a0d02f86573daa2f562d83e59670cf0a5d91776522;2026-09-16T18:40:18.343781+00:00;true
LOC-0135;LOC-0142;PUBLIC_TRANSIT;2026-08-17T07:00:00+03:00;OK;2697;45;8544;LOCAL_TRANSIT_OPTIMISTIC_SCREENING;9c14af6cc9dace5a0a8981b030a82d80b8e8ee2ee92af4df54eff3a6feb46fc6;6996788262e2a27aa3d974d994c4522e4544c2b2892f5f2386548ba9cad2755a;2026-09-16T18:40:18.343781+00:00;true
LOC-0135;LOC-0145;PUBLIC_TRANSIT;2026-08-17T07:00:00+03:00;OK;2224;38;7947;LOCAL_TRANSIT_OPTIMISTIC_SCREENING;b397c0a5c2eafd751f9db2c601ccef028fb988e5ecb8467da49037d3dfaea00d;dde3b8e862411ecabbdc0bfcb7dbcc688ad42117515352a5b010ceb3f2f3d0f9;2026-09-16T18:40:18.343781+00:00;true
LOC-0135;LOC-0148;PUBLIC_TRANSIT;2026-08-17T07:00:00+03:00;OK;2524;43;5923;LOCAL_TRANSIT_OPTIMISTIC_SCREENING;b3695d07aa5a91b95f06ab19265eccdf90a483a3575989e8e39df5740e4334bd;289ef551bc1c0a9f671ef7e08444c0d5a7c462d2ee32f3bc61bd1b2b4adc5023;2026-09-16T18:40:18.343781+00:00;true
LOC-0135;LOC-0149;PUBLIC_TRANSIT;2026-08-17T07:00:00+03:00;OK;2384;40;5684;LOCAL_TRANSIT_OPTIMISTIC_SCREENING;e8bae22d234cbcaec7e76b4dfbd394103eeb19c5e493f2ccc3a4df07bc3cae0b;08425f0ecee08cc60026f7b24114163bb79e8935cf6f098c653773a316dc0e50;2026-09-16T18:40:18.343781+00:00;true
LOC-0135;LOC-0150;PUBLIC_TRANSIT;2026-08-17T07:00:00+03:00;OK;2265;38;5522;LOCAL_TRANSIT_OPTIMISTIC_SCREENING;8555b2a2d789fc9356500b0eded227ea656db79f240677c9ededd6cee1d4f519;a2c0583624b8c1a03d8f6b5234afec5abba686641c3d43719329d910b2d0a7b1;2026-09-16T18:40:18.343781+00:00;true
LOC-0135;LOC-0151;PUBLIC_TRANSIT;2026-08-17T07:00:00+03:00;OK;2657;45;6269;LOCAL_TRANSIT_OPTIMISTIC_SCREENING;66995569ef169ba0371de3016308756227fdb712f6ab900ea3beddb6b8f8c564;c5a828e452a43329b4dc494f59bfd927287efbe545ca12d64201489674566f2d;2026-09-16T18:40:18.343781+00:00;true
LOC-0135;LOC-0152;PUBLIC_TRANSIT;2026-08-17T07:00:00+03:00;OK;2691;45;6219;LOCAL_TRANSIT_OPTIMISTIC_SCREENING;6a740abd2ac1baf8a1987edce6884fe5d069d2ed6249cc00a7077f5980fd3293;0e0349677831ff424c4bf5c4a49541c41f80ee6161abc8fe9c2ee6a6b483c149;2026-09-16T18:40:18.343781+00:00;true
LOC-0135;LOC-0190;PUBLIC_TRANSIT;2026-08-17T07:00:00+03:00;OK;1736;29;4629;LOCAL_TRANSIT_OPTIMISTIC_SCREENING;69d9ba6e2c693755e56f089bbcfb21af20c7a4e0b77ced9c16228e06f3da3c90;5fa1887e800f02ba8d5371c433db86ca4d46fe00a9ddaf8b7e90281c6829c2bf;2026-09-16T18:40:18.343781+00:00;true
LOC-0135;LOC-0196;PUBLIC_TRANSIT;2026-08-17T07:00:00+03:00;OK;2656;45;8764;LOCAL_TRANSIT_OPTIMISTIC_SCREENING;b5d62248eff6212c2c1a5f939067e747381bda20a76c830f67e4c60c633ed4b9;0177a8f5ee66060547d57af33a3bbeeed656984c50997743a380a978ec3a490c;2026-09-16T18:40:18.343781+00:00;true
LOC-0136;LOC-0002;PUBLIC_TRANSIT;2026-08-17T07:00:00+03:00;OK;431;8;914;LOCAL_TRANSIT_OPTIMISTIC_SCREENING;631621de593bc4f0eb867bdc968f9a502836a77c90823c078e26d968d4aa11c7;26bdba8d484f323a279bf8d042316230bd7bb251bbe452a38abd54f62d34c65e;2026-09-16T18:40:18.343781+00:00;true
LOC-0136;LOC-0008;PUBLIC_TRANSIT;2026-08-17T07:00:00+03:00;OK;1972;33;6453;LOCAL_TRANSIT_OPTIMISTIC_SCREENING;8d8794e9e3fb1f30af1f1a5a8cea2df8fe7ebfdfbb3ff97fdb76cbd672cbe069;827a837949479f5964dac44e5f168a57bff9af8fb2066c857ce712587690ab03;2026-09-16T18:40:18.343781+00:00;true
LOC-0136;LOC-0009;PUBLIC_TRANSIT;2026-08-17T07:00:00+03:00;OK;2721;46;9192;LOCAL_TRANSIT_OPTIMISTIC_SCREENING;2bb805c34ed805ed75f90ea0a8f44416d705439e49f39221056da7e454867f6a;38a9fcf7ec7b3075e977e8d8f93a9e89a5481431318dd85cfb975559c89ebb4d;2026-09-16T18:40:18.343781+00:00;true
LOC-0136;LOC-0010;PUBLIC_TRANSIT;2026-08-17T07:00:00+03:00;OK;2006;34;7129;LOCAL_TRANSIT_OPTIMISTIC_SCREENING;3659bf655bd115d2b5f222f1b0077bf0df21ef587b3e293ac68f79921a7f5e6f;833e4838d47209b267549107dc3e64cb0588aefd0c1f98479682ff0db5441005;2026-09-16T18:40:18.343781+00:00;true
LOC-0136;LOC-0011;PUBLIC_TRANSIT;2026-08-17T07:00:00+03:00;OK;1648;28;5754;LOCAL_TRANSIT_OPTIMISTIC_SCREENING;392b8f6dcff1ff4d842dc345145e8c707e2d8337fb56b3e3053efc47808cacd4;ffb8826c0f3c4e391ead0ca7b0a6dee4f033335607d95209c9629dd8b2135691;2026-09-16T18:40:18.343781+00:00;true
LOC-0136;LOC-0012;PUBLIC_TRANSIT;2026-08-17T07:00:00+03:00;OK;1941;33;6222;LOCAL_TRANSIT_OPTIMISTIC_SCREENING;29b589f47ca97e48dcf507bea32420755d4046451aa22275d55b0bc6aecbf894;420a6ca647e91d089c80b393c53ed8c8de898592424b485626b56f7d6cec37e0;2026-09-16T18:40:18.343781+00:00;true
LOC-0136;LOC-0013;PUBLIC_TRANSIT;2026-08-17T07:00:00+03:00;OK;352;6;415;LOCAL_TRANSIT_OPTIMISTIC_SCREENING;b0fa773ea03da1fafae7961f3147989cc04ddcf51206ba096b3a51147b484d76;470b130bc307e3138f33fecb088658d052d99b1834cb977bbab0d3949a036034;2026-09-16T18:40:18.343781+00:00;true
LOC-0136;LOC-0016;PUBLIC_TRANSIT;2026-08-17T07:00:00+03:00;OK;1387;24;3645;LOCAL_TRANSIT_OPTIMISTIC_SCREENING;1060df37b2206cbd3f05b4d4158fd387a3ab834f57b0448594c34864942b8184;3bbe7b31390718f4b2334159fb2bc3b060a13e15c7495b77bc9e756b7702214b;2026-09-16T18:40:18.343781+00:00;true
LOC-0136;LOC-0017;PUBLIC_TRANSIT;2026-08-17T07:00:00+03:00;OK;2731;46;6867;LOCAL_TRANSIT_OPTIMISTIC_SCREENING;689889480f7486c0f1ef327a6c87e0e0947db4657d91763127631bd233a16a04;9a6615034cf36a76a435e556da9d983418de63c01d49421e708a6c550929528d;2026-09-16T18:40:18.343781+00:00;true
LOC-0136;LOC-0018;PUBLIC_TRANSIT;2026-08-17T07:00:00+03:00;OK;2366;40;7184;LOCAL_TRANSIT_OPTIMISTIC_SCREENING;57ab9ab3cf97ecdb78ff1bdf78a50e0563cb9686c8eb024f514ed434eb07f2e2;780cf165517c560df00020adfbbf5252efbe7732a77ee5a1c16b176ae4df720c;2026-09-16T18:40:18.343781+00:00;true
LOC-0136;LOC-0019;PUBLIC_TRANSIT;2026-08-17T07:00:00+03:00;OK;2222;38;7397;LOCAL_TRANSIT_OPTIMISTIC_SCREENING;dfe18efbfdf5e05479285457aa25617dc2cab5285b00cd4779f12dcee1c0e080;a7dd7721c24008f943091bc63a0c03ae56b71962476127c32e86840713e62b09;2026-09-16T18:40:18.343781+00:00;true
LOC-0136;LOC-0020;PUBLIC_TRANSIT;2026-08-17T07:00:00+03:00;OK;2375;40;8297;LOCAL_TRANSIT_OPTIMISTIC_SCREENING;526a4ae3f404152bbffcb9532f124443d78200657a625b89a5dd8b2dfecacc92;931efd5cc549f2949ae252f1d34695fd578c741a4882a7bba956cd8e67020089;2026-09-16T18:40:18.343781+00:00;true
LOC-0136;LOC-0023;PUBLIC_TRANSIT;2026-08-17T07:00:00+03:00;OK;2858;48;8069;LOCAL_TRANSIT_OPTIMISTIC_SCREENING;b364537e400d3130e7bc00ba790a5537f742e9b58045dfa901bfe3558e49b6bf;97322928ebaead7f0fbf86515947ae62476c1f83815ad5b3d5409ea62a3c9c1d;2026-09-16T18:40:18.343781+00:00;true
LOC-0136;LOC-0027;PUBLIC_TRANSIT;2026-08-17T07:00:00+03:00;OK;1721;29;5078;LOCAL_TRANSIT_OPTIMISTIC_SCREENING;d157687f62eb4f4c2c0bc1e6b8e32aaa0928a2e637367a247de22d1a36148501;30004ec533dd2971fe4b60475675d582ec0f2236962a84093dda1ecfcbe0c067;2026-09-16T18:40:18.343781+00:00;true
LOC-0136;LOC-0028;PUBLIC_TRANSIT;2026-08-17T07:00:00+03:00;OK;1893;32;4108;LOCAL_TRANSIT_OPTIMISTIC_SCREENING;d8a3c0623b6a61e7bcac24e55d708d185a779334332dc2681fbaa96170a0a9a7;d284eaba2df2a9f597be5b3638ea30cdfbc86077f6c14ee56e4f87e5b3c0a774;2026-09-16T18:40:18.343781+00:00;true
LOC-0136;LOC-0029;PUBLIC_TRANSIT;2026-08-17T07:00:00+03:00;OK;1950;33;4172;LOCAL_TRANSIT_OPTIMISTIC_SCREENING;97febe7505787f26c5da832d7164e3a66975da177697e6f1c5cfd21158ab94ad;577b9777a028b8b562cd99dbb9c063790edaeb2ecc06eb67acb556f271ef1236;2026-09-16T18:40:18.343781+00:00;true
LOC-0136;LOC-0037;PUBLIC_TRANSIT;2026-08-17T07:00:00+03:00;OK;956;16;2508;LOCAL_TRANSIT_OPTIMISTIC_SCREENING;ec09c7b0792598cf484fd8b995fa670f457ca94c448afa360d2263c82b73d25d;25655eea9c6c237c51dd9de89cdb9998416fcef8824ef5486ee67c9c1b6caee5;2026-09-16T18:40:18.343781+00:00;true
LOC-0136;LOC-0045;PUBLIC_TRANSIT;2026-08-17T07:00:00+03:00;OK;2078;35;5466;LOCAL_TRANSIT_OPTIMISTIC_SCREENING;01daa0571da5a4e905e1a2038a823dcd6193e51379cf29e73fa75a9abd82f0a5;6c1033e7c0e8897e2258b881fe16d545bee225e8a4c271ec8f485ac3e4ad4b04;2026-09-16T18:40:18.343781+00:00;true
LOC-0136;LOC-0053;PUBLIC_TRANSIT;2026-08-17T07:00:00+03:00;OK;1145;20;3112;LOCAL_TRANSIT_OPTIMISTIC_SCREENING;4d05bf7b8b0f9cc118e5401c3b60a028ab223ba34fe6e9fef5994fe182897ca3;8ead4df292353c1e5800459538d87dc07bcc78fe3c98f980c4ce7f3b8f9e42ee;2026-09-16T18:40:18.343781+00:00;true
LOC-0136;LOC-0054;PUBLIC_TRANSIT;2026-08-17T07:00:00+03:00;OK;1109;19;2845;LOCAL_TRANSIT_OPTIMISTIC_SCREENING;557812a4142989a99f967dcba828d0d3a9fab717bde536bd6158cd557b911d42;fe3225f7153e466f2a88235aa82d2c79d2cb9adb3718eff9d003bdafa218ea07;2026-09-16T18:40:18.343781+00:00;true
LOC-0136;LOC-0061;PUBLIC_TRANSIT;2026-08-17T07:00:00+03:00;OK;1965;33;5854;LOCAL_TRANSIT_OPTIMISTIC_SCREENING;cf13fe168c53963e0df14ea3fecb6f720e0f8665382618f029db7270b88d579d;c97ed63b31b26da975fa2905ebb7c79bdf270423bc00df2b51a7934233a0e7d3;2026-09-16T18:40:18.343781+00:00;true
LOC-0136;LOC-0063;PUBLIC_TRANSIT;2026-08-17T07:00:00+03:00;OK;1628;28;5710;LOCAL_TRANSIT_OPTIMISTIC_SCREENING;1a83686b6f25fb6c4a206eeb51588639cf635d09fd1697935db55827548383f4;87d67345c080b1915b19884ccfacd2ea2aa16c32d6095f661730bff802aee207;2026-09-16T18:40:18.343781+00:00;true
LOC-0136;LOC-0064;PUBLIC_TRANSIT;2026-08-17T07:00:00+03:00;OK;1958;33;5715;LOCAL_TRANSIT_OPTIMISTIC_SCREENING;8367058fa43a375b08e8a3196bb04ea81f75ab89b05260cef5cbcc3d0f4300ba;ecb4d3deae700ca0df5f2f83539eefb666173d6a1ac5a2362f9cf2bbc511b58a;2026-09-16T18:40:18.343781+00:00;true
LOC-0136;LOC-0074;PUBLIC_TRANSIT;2026-08-17T07:00:00+03:00;OK;2391;40;6222;LOCAL_TRANSIT_OPTIMISTIC_SCREENING;29c9582756fb442c65cc45beaa174e11d606c13f01f170026934a0a9a8b566d3;52d9757c26b551388062802a30cd51d3f9edcf3e0d38283b37424ac59d3b6c87;2026-09-16T18:40:18.343781+00:00;true
LOC-0136;LOC-0075;PUBLIC_TRANSIT;2026-08-17T07:00:00+03:00;OK;2431;41;6461;LOCAL_TRANSIT_OPTIMISTIC_SCREENING;c4bb7fc11bf42aa13dfabf30263613391a7d1c51f2ad6d01a5af5ed41ff57f8e;2718b3d579b3b0687b2d36eff7dc887f3227732b9d0a0ede286229ec2415763a;2026-09-16T18:40:18.343781+00:00;true
LOC-0136;LOC-0076;PUBLIC_TRANSIT;2026-08-17T07:00:00+03:00;OK;1683;29;4021;LOCAL_TRANSIT_OPTIMISTIC_SCREENING;cee74452fbb2db15134afa2b3a23ed9e9c174f1c449a4fb1d376e35dfb6b2441;3c7dc348eb4458994e740b1e468d7b956409d07a08d247a5a6ca0b44b61e10ce;2026-09-16T18:40:18.343781+00:00;true
LOC-0136;LOC-0078;PUBLIC_TRANSIT;2026-08-17T07:00:00+03:00;OK;1978;33;5550;LOCAL_TRANSIT_OPTIMISTIC_SCREENING;a9fa379b90900bdfe53e67b81c8405df607e6605b3d5e1cace41d2f8c7688375;a580dfc8c32b7ef0ec0b8d50ebc1296cc4f824f498f563df4742baad31282328;2026-09-16T18:40:18.343781+00:00;true
LOC-0136;LOC-0080;PUBLIC_TRANSIT;2026-08-17T07:00:00+03:00;OK;2393;40;6687;LOCAL_TRANSIT_OPTIMISTIC_SCREENING;788694b8a58012a72abd33171a40972c7ec745272caf368bc7679c3b99cf4be2;414126e6ff31b471b49435b5fb46f8623a29f978e04cf0b63b13feff56e75ca2;2026-09-16T18:40:18.343781+00:00;true
LOC-0136;LOC-0082;PUBLIC_TRANSIT;2026-08-17T07:00:00+03:00;OK;1760;30;5059;LOCAL_TRANSIT_OPTIMISTIC_SCREENING;567b634b6a0714368dfded5cd05fc4f50600906c8b18482a2085ba643b00e84f;675072f3afc16cc058938010c97f6d37f0d78e9781d5a06313d24b7e70a0c4ea;2026-09-16T18:40:18.343781+00:00;true
LOC-0136;LOC-0085;PUBLIC_TRANSIT;2026-08-17T07:00:00+03:00;OK;488;9;571;LOCAL_TRANSIT_OPTIMISTIC_SCREENING;7042153a61c3ed36ac5ac27d11309ce7b3320f3a56f31190e7b5d3236396312e;96be79e9f475fc8a451ccc5f0cf66583163279d63a6bf5fc44eb70fd237673c0;2026-09-16T18:40:18.343781+00:00;true
LOC-0136;LOC-0086;PUBLIC_TRANSIT;2026-08-17T07:00:00+03:00;OK;662;12;795;LOCAL_TRANSIT_OPTIMISTIC_SCREENING;ea7940d2680cbed0b3d52009051bdf6b9c377eb3d98ce54b89b2b6129384080a;0235d312ab2a504d35884482c78079c1c8dabdc6032218084c20278fca01df1c;2026-09-16T18:40:18.343781+00:00;true
LOC-0136;LOC-0091;PUBLIC_TRANSIT;2026-08-17T07:00:00+03:00;OK;1959;33;7147;LOCAL_TRANSIT_OPTIMISTIC_SCREENING;30547e8db915b40c483188aa57be3a62410bf3b75ff6e5f649a233851e933742;ad852a9d805ca9042c30b5d161274c5230694c9bc084fcf73ded94a7414bc1c4;2026-09-16T18:40:18.343781+00:00;true
LOC-0136;LOC-0092;PUBLIC_TRANSIT;2026-08-17T07:00:00+03:00;OK;2078;35;7363;LOCAL_TRANSIT_OPTIMISTIC_SCREENING;9adac479ffc9db7128a3c3e5552217ee0f537713fa4516636c74666a6dc1c3d7;200182355db087cf3de55c62a76f80b3bbfb37a7256e429a0fd409316c7f0fd5;2026-09-16T18:40:18.343781+00:00;true
LOC-0136;LOC-0093;PUBLIC_TRANSIT;2026-08-17T07:00:00+03:00;OK;2054;35;7204;LOCAL_TRANSIT_OPTIMISTIC_SCREENING;779a2ec7fdd45a3b6f040c8b67683779160ca32c9bb72e49602fb3ff1e45b372;597ae6c447598a483569898f8c1d50180a241750659ab457b975d904900b89b7;2026-09-16T18:40:18.343781+00:00;true
LOC-0136;LOC-0094;PUBLIC_TRANSIT;2026-08-17T07:00:00+03:00;OK;707;12;834;LOCAL_TRANSIT_OPTIMISTIC_SCREENING;2354e5966b4f8740ff17df09c5bd978f0aa199fb4c7fb0d34a71316b15827c03;df466e3b17defb7eb202b6a523956a268bdff70f46cf2b3b9ceb3c8a4acf3b07;2026-09-16T18:40:18.343781+00:00;true
LOC-0136;LOC-0095;PUBLIC_TRANSIT;2026-08-17T07:00:00+03:00;OK;912;16;1103;LOCAL_TRANSIT_OPTIMISTIC_SCREENING;7bfc230f0859c338200ed25f47688d3610e306ebff9de4cfefcbb82e48d8e695;aa0b99d9be01f9d39759a98f46c430a58ff4c6eaa6b3189742cee361b0aed0d0;2026-09-16T18:40:18.343781+00:00;true
LOC-0136;LOC-0102;PUBLIC_TRANSIT;2026-08-17T07:00:00+03:00;OK;1954;33;6304;LOCAL_TRANSIT_OPTIMISTIC_SCREENING;0a252c5c1de91eb664a6ffd3e632d3e18b97af5d98c4a5f8e15b65d223cbba43;423389a82a16a7636f5b79c3f0357da5ef77b68d695422add5fbacb95fa08c45;2026-09-16T18:40:18.343781+00:00;true
LOC-0136;LOC-0112;PUBLIC_TRANSIT;2026-08-17T07:00:00+03:00;OK;2579;43;6362;LOCAL_TRANSIT_OPTIMISTIC_SCREENING;b85bf78af9329c8dbed4201b43553b4d9ef6826b321ce872a999a64f7dc29ff7;fa7e90ef3b36f1deed40ab31121b6b766f3d80efce6ff18f872efdcb99bc37f9;2026-09-16T18:40:18.343781+00:00;true
LOC-0136;LOC-0124;PUBLIC_TRANSIT;2026-08-17T07:00:00+03:00;OK;2848;48;9416;LOCAL_TRANSIT_OPTIMISTIC_SCREENING;d011537ca24d04848c02ae61d60757275a697ec81c2672d5a2388d1a2eb8c632;39b6f425368f772adfc11b2a336f976f1c08e99caf4f627d27f4fa87c19dcf72;2026-09-16T18:40:18.343781+00:00;true
LOC-0136;LOC-0125;PUBLIC_TRANSIT;2026-08-17T07:00:00+03:00;OK;2445;41;7413;LOCAL_TRANSIT_OPTIMISTIC_SCREENING;3065a7640cd2d052b41fac8ee72505d81cac3c1efaa67c773b5910b585ea9bc8;360432daddf024588d7384d3bd2ed7b1995e2b22b79916ee5d66eecca61c7b3e;2026-09-16T18:40:18.343781+00:00;true
LOC-0136;LOC-0126;PUBLIC_TRANSIT;2026-08-17T07:00:00+03:00;OK;2025;34;5323;LOCAL_TRANSIT_OPTIMISTIC_SCREENING;f40509d24cc777a37546c441ddaf701538391d7b356b9e37d2c5656411bf78ee;5c6d78baa617eb044e36ed011a3b40908259ae0e6b3d14a598fb42a88282668b;2026-09-16T18:40:18.343781+00:00;true
LOC-0136;LOC-0128;PUBLIC_TRANSIT;2026-08-17T07:00:00+03:00;OK;956;16;2627;LOCAL_TRANSIT_OPTIMISTIC_SCREENING;7ec60b95f2dc400cd3606b066d479b0c0a49203b0a4766b36656349206917f91;d7ae8e020a82f9e9bfd4ca0335287fba00fe5274dc3cf9d7016b0ea5d6b627da;2026-09-16T18:40:18.343781+00:00;true
LOC-0136;LOC-0134;PUBLIC_TRANSIT;2026-08-17T07:00:00+03:00;OK;265;5;521;LOCAL_TRANSIT_OPTIMISTIC_SCREENING;eb8f219f231d626403832f52affdcecedb61e6a69be9fafb4b9df1508b4baa86;af3edb30a19ec21fb2e84bdd593da7e5f24de94543cfb00930b3a4edfead18a8;2026-09-16T18:40:18.343781+00:00;true
LOC-0136;LOC-0135;PUBLIC_TRANSIT;2026-08-17T07:00:00+03:00;OK;302;6;452;LOCAL_TRANSIT_OPTIMISTIC_SCREENING;76279d5026fe808e1d7e77e7eec9eb68bdb9aa67340b15a389ac4b60c9d7d929;00235c4076c1450dbea9d209a406294db60031b63fa407c932f5e2c29ceb61a9;2026-09-16T18:40:18.343781+00:00;true
LOC-0136;LOC-0136;PUBLIC_TRANSIT;2026-08-17T07:00:00+03:00;OK;0;0;0;LOCAL_TRANSIT_OPTIMISTIC_SCREENING;4752538bb4ff206905eb7ea693dd9da979c9b81b6a91606ed3339e293ad50f2d;3d5812abc84c11768aa73a732c85d75dbed439188f5bb3239e9b762ea31d9862;2026-09-16T18:40:18.343781+00:00;true
LOC-0136;LOC-0140;PUBLIC_TRANSIT;2026-08-17T07:00:00+03:00;OK;1351;23;2495;LOCAL_TRANSIT_OPTIMISTIC_SCREENING;c06554c3116ea90b1c17f519652e4c07de5956332d945144a50d577f48e7cd3b;73bef85369d6221f9ea4164a98e824f4f3b6a196f5a9a4b954cc3558ca74442e;2026-09-16T18:40:18.343781+00:00;true
LOC-0136;LOC-0141;PUBLIC_TRANSIT;2026-08-17T07:00:00+03:00;OK;2706;46;8912;LOCAL_TRANSIT_OPTIMISTIC_SCREENING;7add361e467d9e9e072be6aa3a59c4ac84775fdf5df716134851892e3c1eb0f1;534006a192a3a6acb4b0cd01db45f3b1af61cc811a2ebc46478b81f1b962e5a6;2026-09-16T18:40:18.343781+00:00;true
LOC-0136;LOC-0142;PUBLIC_TRANSIT;2026-08-17T07:00:00+03:00;OK;2641;45;8965;LOCAL_TRANSIT_OPTIMISTIC_SCREENING;a26060daa5175a1b8a5574ca56f1e6c5a861f6e95a5d7e2f3be68cf57b1f3c22;f63335c3980f7a78170505bedc8484e71b3784bebe40a96986abf29a99262d87;2026-09-16T18:40:18.343781+00:00;true
LOC-0136;LOC-0145;PUBLIC_TRANSIT;2026-08-17T07:00:00+03:00;OK;2176;37;8314;LOCAL_TRANSIT_OPTIMISTIC_SCREENING;04400fea912a46e8f3377510ea0770f053f7efb61c500a6c7438ad5a9d18f977;035af8fe09ad7bd7c3bbeca6c27058ba7c3af283bf2bd732b075ea9eb2835543;2026-09-16T18:40:18.343781+00:00;true
LOC-0136;LOC-0148;PUBLIC_TRANSIT;2026-08-17T07:00:00+03:00;OK;2468;42;6375;LOCAL_TRANSIT_OPTIMISTIC_SCREENING;8016ad32d2e12722a68204a253fb802ab296eb3a764dda89bd5b6137b8999536;d4fcd10265a0ddcb260262993e9a3fae1d015fe03503271b4b59f3c645c9d34c;2026-09-16T18:40:18.343781+00:00;true
LOC-0136;LOC-0149;PUBLIC_TRANSIT;2026-08-17T07:00:00+03:00;OK;2328;39;6135;LOCAL_TRANSIT_OPTIMISTIC_SCREENING;9a5fac31bb482bc630ea2764d835c2e06f8990909470568da2a799d9b13a4d3d;a746ac8884da3fc43ff224921c67dc326294c8998dc9702ac0ea81fac4ee5fe9;2026-09-16T18:40:18.343781+00:00;true
LOC-0136;LOC-0150;PUBLIC_TRANSIT;2026-08-17T07:00:00+03:00;OK;2209;37;5972;LOCAL_TRANSIT_OPTIMISTIC_SCREENING;f7c83a06141adaa2cbebb39773b0f6465c90375fe8efbd4ba3a2eb407b2cdf64;4a61ebef727a2f711e088464c085515d0b2ed1fbf5f11189bff9a06ed1a37963;2026-09-16T18:40:18.343781+00:00;true
LOC-0136;LOC-0151;PUBLIC_TRANSIT;2026-08-17T07:00:00+03:00;OK;2601;44;6721;LOCAL_TRANSIT_OPTIMISTIC_SCREENING;8eb8b0911c2abf228a00d82246a4d71ec32806ef6c45d51356f3198c721b0094;ce2062faf7337157b0c3e53e1d9c0502aa401c0ca0f99dc622332670578daa6f;2026-09-16T18:40:18.343781+00:00;true
LOC-0136;LOC-0152;PUBLIC_TRANSIT;2026-08-17T07:00:00+03:00;OK;2635;44;6670;LOCAL_TRANSIT_OPTIMISTIC_SCREENING;175a320139800c8dbf320320cbb81ed8d05ead756671d92b71e06d7b9400aeea;7c3cebaa8494f7976b904b5c14f410c00dfeedc5fa108363d6a75e5dd8610851;2026-09-16T18:40:18.343781+00:00;true
LOC-0136;LOC-0190;PUBLIC_TRANSIT;2026-08-17T07:00:00+03:00;OK;1680;28;4991;LOCAL_TRANSIT_OPTIMISTIC_SCREENING;0597288af194eb5f444165a6f82a39c80c81c2ead29aad5f82dc5ad66d09dfa1;5040f53061f06875b7fd0999b97688d90b96a1fcea6f2e9fc1d5e78863674211;2026-09-16T18:40:18.343781+00:00;true
LOC-0136;LOC-0196;PUBLIC_TRANSIT;2026-08-17T07:00:00+03:00;OK;2600;44;9212;LOCAL_TRANSIT_OPTIMISTIC_SCREENING;42d3520cb968d76643ed8440f92d4fdce6c44c51cb5be691530480b3d36750b2;47ca73820c4cd32c35fcdefc16fbf74d12905919a5c43226f91ff22a6dcd268b;2026-09-16T18:40:18.343781+00:00;true
LOC-0140;LOC-0002;PUBLIC_TRANSIT;2026-08-17T07:00:00+03:00;OK;1411;24;2173;LOCAL_TRANSIT_OPTIMISTIC_SCREENING;20b1cb90420bc1ae2ed0a8503dccc7ae1098f59d147866c2020de44bb7c1ff30;b44f4e361d841eed6669c6f24db7edf73eb5e6b1737fbbe65296a114249b1ba9;2026-09-16T18:40:18.343781+00:00;true
LOC-0140;LOC-0008;PUBLIC_TRANSIT;2026-08-17T07:00:00+03:00;OK;1944;33;6781;LOCAL_TRANSIT_OPTIMISTIC_SCREENING;627bbef59d12102b17e30942ea80a0c5e8ace7b4a1026b5ec0e731fe5ac00598;20505bcd0e5c448beb0e37faf8891a882f9343f9eba86bead6e65d055ec67b8c;2026-09-16T18:40:18.343781+00:00;true
LOC-0140;LOC-0009;PUBLIC_TRANSIT;2026-08-17T07:00:00+03:00;OK;2452;41;6707;LOCAL_TRANSIT_OPTIMISTIC_SCREENING;62927851650a33be35e0b2a70108576e06ff3a63a2a8d8ac993e96a11a100600;214dcd6114aa60de9378d4d4513a8b1d9477cd2e175937daae8d60659b122af3;2026-09-16T18:40:18.343781+00:00;true
LOC-0140;LOC-0010;PUBLIC_TRANSIT;2026-08-17T07:00:00+03:00;OK;2076;35;7420;LOCAL_TRANSIT_OPTIMISTIC_SCREENING;11808e3ec6b309b6fa31a36be64e225591bd7f747e546d4cf5d14edf0e4442a5;65df6ce4ed3e52f66b4d3dd6f6247f6a867419e4d2f3c4d0d34267ba9f058912;2026-09-16T18:40:18.343781+00:00;true
LOC-0140;LOC-0011;PUBLIC_TRANSIT;2026-08-17T07:00:00+03:00;OK;1718;29;6165;LOCAL_TRANSIT_OPTIMISTIC_SCREENING;81fb97889519a0725b16264f8630efe7bae5b212fc3aebcdd1a06ddf4aa87fe8;1b9290e48e66e50b9203fc07d525b8e0ff70766bc23f5040e4f393856a33e669;2026-09-16T18:40:18.343781+00:00;true
LOC-0140;LOC-0012;PUBLIC_TRANSIT;2026-08-17T07:00:00+03:00;OK;1928;33;6339;LOCAL_TRANSIT_OPTIMISTIC_SCREENING;07d4a991b544305309f587c3cda870ba0891a3a3cf72aeeb74dd64bad13ba7bb;f0a7c98949e19b745ddb246b26c2f1c4554c597c3105b894d87ee122375fabbd;2026-09-16T18:40:18.343781+00:00;true
LOC-0140;LOC-0013;PUBLIC_TRANSIT;2026-08-17T07:00:00+03:00;OK;1776;30;2186;LOCAL_TRANSIT_OPTIMISTIC_SCREENING;fe161e6e7d59992cd0dfb6daa3d5fac51e7cd067d8b6a4d5a59deacc6423189b;a7a5375d7834a31b14f893238b35de6176ae77638245c1d1d14116bb4f1456e0;2026-09-16T18:40:18.343781+00:00;true
LOC-0140;LOC-0016;PUBLIC_TRANSIT;2026-08-17T07:00:00+03:00;OK;830;14;1343;LOCAL_TRANSIT_OPTIMISTIC_SCREENING;ba7ff9aa99b148ec1dac4630451c1f9070e793f92b6da1eca5046c4be767aebf;5e24004e9887b7f0b3d76d60042e0b7435a2c894c9d0af2d54eb81c9bccb8a2a;2026-09-16T18:40:18.343781+00:00;true
LOC-0140;LOC-0017;PUBLIC_TRANSIT;2026-08-17T07:00:00+03:00;OK;1818;31;5156;LOCAL_TRANSIT_OPTIMISTIC_SCREENING;41f0182af3ce2bbb7d83fc4f2285fb073e388b42c3e5c5b2858d40c90b936ded;21779a2be4ce4ac111d3523a474055b4899ef9aaabdad60f1cec9c4a32bbef92;2026-09-16T18:40:18.343781+00:00;true
LOC-0140;LOC-0018;PUBLIC_TRANSIT;2026-08-17T07:00:00+03:00;OK;1453;25;5671;LOCAL_TRANSIT_OPTIMISTIC_SCREENING;3a9bd6874f51197fd6fe6eb8c776a510d0a72d28402e3f51554a9633bd16aaa7;d080406c4d57c6931a4e334df4d0b78fda5e72eaa503b445271a76de0bb775a0;2026-09-16T18:40:18.343781+00:00;true
LOC-0140;LOC-0019;PUBLIC_TRANSIT;2026-08-17T07:00:00+03:00;OK;2292;39;7719;LOCAL_TRANSIT_OPTIMISTIC_SCREENING;de2e264af36a2050651a03c196dfd11c307a012991bccd4b1ee479ee55e327a0;ffd560611a34a3ae54ec34aaf3fc910508d4a12a9a5e45de2590fc33e95f757b;2026-09-16T18:40:18.343781+00:00;true
LOC-0140;LOC-0020;PUBLIC_TRANSIT;2026-08-17T07:00:00+03:00;OK;2445;41;8095;LOCAL_TRANSIT_OPTIMISTIC_SCREENING;184399b87740bf93946ace5f9925f67333f4277c478f55ac61a6cfc5d20644d2;13f3a3f5a3072019645e3a582e3e08c08cf2e168781da88c7157b04bf453ca77;2026-09-16T18:40:18.343781+00:00;true
LOC-0140;LOC-0023;PUBLIC_TRANSIT;2026-08-17T07:00:00+03:00;OK;1945;33;6807;LOCAL_TRANSIT_OPTIMISTIC_SCREENING;10b69d19ab273e7a5a1bc89a7dcb5442d088316573fa13bfbeebb94dfb1b5788;bdfdcf430be67fdbe1e403bd9312993de18e1995afff8428218f588c0cbba451;2026-09-16T18:40:18.343781+00:00;true
LOC-0140;LOC-0027;PUBLIC_TRANSIT;2026-08-17T07:00:00+03:00;OK;808;14;3555;LOCAL_TRANSIT_OPTIMISTIC_SCREENING;8c519ce3a4c627253abf5934d2e802ab9647a2893571b490b1cc22a933151755;d5008cc4e89c749428221245b4d90cd4ce8a8d700b9e7a03cba68a71aeeca2df;2026-09-16T18:40:18.343781+00:00;true
LOC-0140;LOC-0028;PUBLIC_TRANSIT;2026-08-17T07:00:00+03:00;OK;1185;20;1623;LOCAL_TRANSIT_OPTIMISTIC_SCREENING;c3f0b5d0fe5b270a8e6b03deca27d6c9cd0a2c19b0955ae63651f07b33b42a37;dc793a1cd73a4813462b3258c6a3385121dfa3459b72ecfce017bde4bd554a7a;2026-09-16T18:40:18.343781+00:00;true
LOC-0140;LOC-0029;PUBLIC_TRANSIT;2026-08-17T07:00:00+03:00;OK;1201;21;1692;LOCAL_TRANSIT_OPTIMISTIC_SCREENING;b171bbca06ed6c9ebc61f0c2f1465e29ebdf1bbcc431b0f58076fd2452d829af;1e9cfa3a68e4e1d674780187ad4bb9ba5202298e39d06ecf7d79df568b2e3064;2026-09-16T18:40:18.343781+00:00;true
LOC-0140;LOC-0037;PUBLIC_TRANSIT;2026-08-17T07:00:00+03:00;OK;1244;21;3594;LOCAL_TRANSIT_OPTIMISTIC_SCREENING;02ceefdfd1f7c583bdb8af7e717304d133344198704339fa7a6e9c185ffc6cfc;c057bfd35043c64e6c8f7824f7d3c9dcc3b7563dced76db23ab1985245a06416;2026-09-16T18:40:18.343781+00:00;true
LOC-0140;LOC-0045;PUBLIC_TRANSIT;2026-08-17T07:00:00+03:00;OK;1329;23;3194;LOCAL_TRANSIT_OPTIMISTIC_SCREENING;dfbda629f95720daef27545df139069a275bfd5663ad88b88e3d8104f20ca0a5;9d0e50d6dda68e1463002c4e1ab9680b750956e2204df7c88f2a998bffd15bbf;2026-09-16T18:40:18.343781+00:00;true
LOC-0140;LOC-0053;PUBLIC_TRANSIT;2026-08-17T07:00:00+03:00;OK;610;11;648;LOCAL_TRANSIT_OPTIMISTIC_SCREENING;e3f3e6c89ff4191038a818b9dc8d4a2f8a33edd91b133003637f3e38723d1ca5;4ecfbeff6dfce9413f1bc49c7abb5cd3ab632c8cebe79d23cab0762521e7e137;2026-09-16T18:40:18.343781+00:00;true
LOC-0140;LOC-0054;PUBLIC_TRANSIT;2026-08-17T07:00:00+03:00;OK;1397;24;3532;LOCAL_TRANSIT_OPTIMISTIC_SCREENING;1fb7ea60970053d763096928de3528de36eefb9b3e8f5436783d789c7dbde297;72407453eabd212b90e06c690fd625c0e395c2bbb4164dfee9a37409f4938065;2026-09-16T18:40:18.343781+00:00;true
LOC-0140;LOC-0061;PUBLIC_TRANSIT;2026-08-17T07:00:00+03:00;OK;2002;34;6046;LOCAL_TRANSIT_OPTIMISTIC_SCREENING;70be8718c540db836b788b1ba0107430a5ab6f1176a9aaa1613bfd2fe0412018;77ac8a852322a32955cc6a42e484ef52e606063e83acd4f23786cfd56264fb21;2026-09-16T18:40:18.343781+00:00;true
LOC-0140;LOC-0063;PUBLIC_TRANSIT;2026-08-17T07:00:00+03:00;OK;1359;23;3240;LOCAL_TRANSIT_OPTIMISTIC_SCREENING;bbe6228dca9bea6a73485e1d60bfd993c8cf05d9fde3770caec3c78de2654ae7;0099b85adf637d2c49839f2ea8b745f02853fbadc26c4fc7f516e1d34dc99fe6;2026-09-16T18:40:18.343781+00:00;true
LOC-0140;LOC-0064;PUBLIC_TRANSIT;2026-08-17T07:00:00+03:00;OK;1689;29;3221;LOCAL_TRANSIT_OPTIMISTIC_SCREENING;aefc07ab70747259890f7ddba478f1a43ae5bb031e901c3594df8f783d9f0081;1bc7e1310313dc7ee7f8e5456ac082518d735748fb5c625436419849ef2d359d;2026-09-16T18:40:18.343781+00:00;true
LOC-0140;LOC-0074;PUBLIC_TRANSIT;2026-08-17T07:00:00+03:00;OK;1478;25;4900;LOCAL_TRANSIT_OPTIMISTIC_SCREENING;af6f932157569ae61d34e777799de36d6e51d97e857a612932529c92d5ccf9bc;f349b7830acca6e9c63b66a1fdbc2eb93131cae86085da5a02c4fdd0080ff7bb;2026-09-16T18:40:18.343781+00:00;true
LOC-0140;LOC-0075;PUBLIC_TRANSIT;2026-08-17T07:00:00+03:00;OK;1518;26;4951;LOCAL_TRANSIT_OPTIMISTIC_SCREENING;a069532faad29d2ddce89f6ae0afb02f7793af5a9e1f5b4b55561d1ab26dd378;a0f05ad1acd2da2c98ce0d167af8997a135c5151e4ebae07307dc08c6bf297cb;2026-09-16T18:40:18.343781+00:00;true
LOC-0140;LOC-0076;PUBLIC_TRANSIT;2026-08-17T07:00:00+03:00;OK;1126;19;1765;LOCAL_TRANSIT_OPTIMISTIC_SCREENING;75d2bf5a097519d65e905e59bd6b3af89707adf3b50ec56d2330a5d89ad312c0;f1b25c30f3761e5770f0067429599c473c14b0b53ad790ac28bb57a6bc1047fa;2026-09-16T18:40:18.343781+00:00;true
LOC-0140;LOC-0078;PUBLIC_TRANSIT;2026-08-17T07:00:00+03:00;OK;1229;21;3134;LOCAL_TRANSIT_OPTIMISTIC_SCREENING;c8b9ccde99cd96bf4c51ebc7c98c8541876bb43b197405a73f97913781433b88;4386bfdfd16521c952b1b8d8acf42b17c34ae685234d435d63504721d0cbb9aa;2026-09-16T18:40:18.343781+00:00;true
LOC-0140;LOC-0080;PUBLIC_TRANSIT;2026-08-17T07:00:00+03:00;OK;1480;25;5323;LOCAL_TRANSIT_OPTIMISTIC_SCREENING;a79a4c02974231133525edb904db64868c7baca8e3dee2fa41f787ae77781440;47619afa68ca51d7a9cbaa5dc7ac0352300afbfb57cc03fe8b0cdb77ed846eb1;2026-09-16T18:40:18.343781+00:00;true
LOC-0140;LOC-0082;PUBLIC_TRANSIT;2026-08-17T07:00:00+03:00;OK;1491;25;2569;LOCAL_TRANSIT_OPTIMISTIC_SCREENING;97ae046828692e95439b4236ba888a5f86d64f54d68acafbb81e3974bd559876;d13ef53f86072938cd63308c499b691177b812c8d6e5610d899c6c7042e87b86;2026-09-16T18:40:18.343781+00:00;true
LOC-0140;LOC-0085;PUBLIC_TRANSIT;2026-08-17T07:00:00+03:00;OK;1806;31;2976;LOCAL_TRANSIT_OPTIMISTIC_SCREENING;b53e417bf6c222e21a603a76cc713f7892ac63e15c1da21b700a87a6610a322e;d17b5cd6f43c240dc471fe5ffd174fc9bd3b245cf9618aeff531a638cc6058b9;2026-09-16T18:40:18.343781+00:00;true
LOC-0140;LOC-0086;PUBLIC_TRANSIT;2026-08-17T07:00:00+03:00;OK;1870;32;3072;LOCAL_TRANSIT_OPTIMISTIC_SCREENING;a6adb01231c1c11baa3b50a62b0a145f0bcc69a2c12ee66f2812a635b7b8947d;2e8cf3c1fb8225a81552ea753e4077e31eb81b34131f5c7670b278b6fff7f814;2026-09-16T18:40:18.343781+00:00;true
LOC-0140;LOC-0091;PUBLIC_TRANSIT;2026-08-17T07:00:00+03:00;OK;2029;34;7150;LOCAL_TRANSIT_OPTIMISTIC_SCREENING;af3583b1af2a95bfb3594abcb2d9d034a0159b1baddede5dfe9590c3220e3f89;1b1955415105427d58e0d8b070cb71a9ba0d75b36868dc15cc8f8db7f3d1a8e2;2026-09-16T18:40:18.343781+00:00;true
LOC-0140;LOC-0092;PUBLIC_TRANSIT;2026-08-17T07:00:00+03:00;OK;2148;36;7114;LOCAL_TRANSIT_OPTIMISTIC_SCREENING;f6c2aac3f34c086525b41f3d7d09b7e93027a1da60f87b227ee9b38fb466f688;e7e0877efa3b01cfec487629392b5cdd445a4f92fec25378187a1780fddebbb7;2026-09-16T18:40:18.343781+00:00;true
LOC-0140;LOC-0093;PUBLIC_TRANSIT;2026-08-17T07:00:00+03:00;OK;2124;36;6919;LOCAL_TRANSIT_OPTIMISTIC_SCREENING;a50300cac939c0a3fa0967f3e25dcbfe6f198ca586ef9994ecdaed8fa77cee61;8385795687433240d4632e8a16a06b7ae9f155c20b44a7ce582079c112c4eed6;2026-09-16T18:40:18.343781+00:00;true
LOC-0140;LOC-0094;PUBLIC_TRANSIT;2026-08-17T07:00:00+03:00;OK;2114;36;3317;LOCAL_TRANSIT_OPTIMISTIC_SCREENING;4a21e5bdd0ee982c9014c0277a14cdee65f5a3729d0cf37c9ac5f8f93304078a;f317c78e6c62d6eb87a19980e9a5efa67513732737311cb286375b76ffc676c6;2026-09-16T18:40:18.343781+00:00;true
LOC-0140;LOC-0095;PUBLIC_TRANSIT;2026-08-17T07:00:00+03:00;OK;2007;34;3438;LOCAL_TRANSIT_OPTIMISTIC_SCREENING;7c3b1d1b0bc2d3a181806192b193a61f683c16262475ced8c558205e948d37c7;00978b64bb7070d3c5dbd42564baf76c8358f9768e6d507631d0bc5a17b3c6fa;2026-09-16T18:40:18.343781+00:00;true
LOC-0140;LOC-0102;PUBLIC_TRANSIT;2026-08-17T07:00:00+03:00;OK;1584;27;3810;LOCAL_TRANSIT_OPTIMISTIC_SCREENING;48a28a6e4bbe9f563e0d62a0fc33a37986ba1c61f7239acb80989985cab23505;0e1e74b486cdea0789092f7a50143ad297b7ad0da4843b2124ec28ee449874af;2026-09-16T18:40:18.343781+00:00;true
LOC-0140;LOC-0112;PUBLIC_TRANSIT;2026-08-17T07:00:00+03:00;OK;2030;34;5685;LOCAL_TRANSIT_OPTIMISTIC_SCREENING;41eb75567a95330cf2360e3d8a839661557bad16cb31dac49dc6ff81ac6f0be3;1c01ddcb65b88cd7189951247a0d4a7e64e9fa8b6cdca0202b55942382d455d7;2026-09-16T18:40:18.343781+00:00;true
LOC-0140;LOC-0124;PUBLIC_TRANSIT;2026-08-17T07:00:00+03:00;OK;2579;43;6945;LOCAL_TRANSIT_OPTIMISTIC_SCREENING;c3a8f8541794d009e9715b35297b902ee6a709c10ef189aa88fd5a63a55d99f5;dd69873589c381a54264f4f1fd61c2b8dbb50ae07f32b25422fd2cdb5b8bcc22;2026-09-16T18:40:18.343781+00:00;true
LOC-0140;LOC-0125;PUBLIC_TRANSIT;2026-08-17T07:00:00+03:00;OK;1532;26;5995;LOCAL_TRANSIT_OPTIMISTIC_SCREENING;b2311799c8602238913ed74271121828f06be022c9457d363399d8b335c2351e;bf8cd5ab9749a12be223d9f79aa3859df8f9e9c521ebe596a97471d169a7fb62;2026-09-16T18:40:18.343781+00:00;true
LOC-0140;LOC-0126;PUBLIC_TRANSIT;2026-08-17T07:00:00+03:00;OK;1600;27;4571;LOCAL_TRANSIT_OPTIMISTIC_SCREENING;a41691d24c0ebdc1bb7670c8329cb9a032c6d75eb4a8a5359ffbe8bbd1970a95;75e034c4e21ac2f3108cd5f77bc030a4df3c3e8c0ebe18c73d386083d22d92b0;2026-09-16T18:40:18.343781+00:00;true
LOC-0140;LOC-0128;PUBLIC_TRANSIT;2026-08-17T07:00:00+03:00;OK;1244;21;3386;LOCAL_TRANSIT_OPTIMISTIC_SCREENING;0a7727617e5b05d05f68654de8f77818f2e537ab16949cf1a770f76725c5d1a8;3b49f93b62509d41f174ebd5dbb8488197573d910a4c17a48b6213519450550e;2026-09-16T18:40:18.343781+00:00;true
LOC-0140;LOC-0134;PUBLIC_TRANSIT;2026-08-17T07:00:00+03:00;OK;1453;25;2255;LOCAL_TRANSIT_OPTIMISTIC_SCREENING;27aca0cbe1238e57830f35c00155899332a664fa343db7d61409b8122e089b57;997e9896c7056c53b1e72d4e2b0b3cb74e2c76ccbe73f0723cf96ac4b95d4695;2026-09-16T18:40:18.343781+00:00;true
LOC-0140;LOC-0135;PUBLIC_TRANSIT;2026-08-17T07:00:00+03:00;OK;1528;26;2166;LOCAL_TRANSIT_OPTIMISTIC_SCREENING;ad71361537c0efd1482a9ebd664952682321001ec1dde37707a18c8f3b9a6ab7;89a152a4c68c38c7897ec2e4d40c1b31e6accced4fd42a408d480611c6ac9853;2026-09-16T18:40:18.343781+00:00;true
LOC-0140;LOC-0136;PUBLIC_TRANSIT;2026-08-17T07:00:00+03:00;OK;1472;25;2495;LOCAL_TRANSIT_OPTIMISTIC_SCREENING;f9b9b2ca1628cff49c07f3a7839df424a0aa541d35a25bae98c3880f5a492462;425b898e90bb87761068a3f97242fbe91dcc71a7f7504bf34c6f36aebad4830e;2026-09-16T18:40:18.343781+00:00;true
LOC-0140;LOC-0140;PUBLIC_TRANSIT;2026-08-17T07:00:00+03:00;OK;0;0;0;LOCAL_TRANSIT_OPTIMISTIC_SCREENING;24fadec49d4c57f6ade76059ecc1a50b7eb00f156a1e31ff425f69fe9275c30d;3d5812abc84c11768aa73a732c85d75dbed439188f5bb3239e9b762ea31d9862;2026-09-16T18:40:18.343781+00:00;true
LOC-0140;LOC-0141;PUBLIC_TRANSIT;2026-08-17T07:00:00+03:00;OK;2359;40;6591;LOCAL_TRANSIT_OPTIMISTIC_SCREENING;51f0762086dec202b2099cd2b1b5d953a5194587c932bfbd25621f3eedf49ae3;b7e372aaeebb7b023a1de486afb3802482371d0e64729d965134936c4778ac2f;2026-09-16T18:40:18.343781+00:00;true
LOC-0140;LOC-0142;PUBLIC_TRANSIT;2026-08-17T07:00:00+03:00;OK;2260;38;6659;LOCAL_TRANSIT_OPTIMISTIC_SCREENING;e75d70b950675e33fc4471de1c78059f827291a40a1d996880187dce4c7392d9;e043c713a4615be19abb4688f6f6218b6778c8b94c594a7218e0b13dc7b222c6;2026-09-16T18:40:18.343781+00:00;true
LOC-0140;LOC-0145;PUBLIC_TRANSIT;2026-08-17T07:00:00+03:00;OK;2246;38;8009;LOCAL_TRANSIT_OPTIMISTIC_SCREENING;6aa28f042098cc8119a21769560c5e536b7f3dd2bcf0cc8cfcf6f371a307c5ea;4ad2cf0f319caa28c53e4c7e12090bf143395aa00df433915b2028c2dfcb49f6;2026-09-16T18:40:18.343781+00:00;true
LOC-0140;LOC-0148;PUBLIC_TRANSIT;2026-08-17T07:00:00+03:00;OK;1555;26;4809;LOCAL_TRANSIT_OPTIMISTIC_SCREENING;cd38189ceacdb15769c3feae982aee96426503473de2304c62efd3e3f479a76e;b292021cf41a238e53ae1d2ef0f3ec0ce77ad7e4f2813dc0f1e009b5d9a01c37;2026-09-16T18:40:18.343781+00:00;true
LOC-0140;LOC-0149;PUBLIC_TRANSIT;2026-08-17T07:00:00+03:00;OK;1415;24;4630;LOCAL_TRANSIT_OPTIMISTIC_SCREENING;550cb179bc038951a1b54ecdb4f8d77c68d29b611acd4cded433edc6469e7c7f;c88366af69acbb3cd65dcf37a81dea47521fba99810784778903e5db6d0ea423;2026-09-16T18:40:18.343781+00:00;true
LOC-0140;LOC-0150;PUBLIC_TRANSIT;2026-08-17T07:00:00+03:00;OK;1296;22;4512;LOCAL_TRANSIT_OPTIMISTIC_SCREENING;a14750fb8a24926b91fc44cfeb8f557de6cce485b20d066dd302b3fbd285e5e4;b945876d8623c531b4e628a84d01b17b264310d2b36b1532b7ba17cee0d5c497;2026-09-16T18:40:18.343781+00:00;true
LOC-0140;LOC-0151;PUBLIC_TRANSIT;2026-08-17T07:00:00+03:00;OK;1688;29;5048;LOCAL_TRANSIT_OPTIMISTIC_SCREENING;a7bfed54ebd3b866398e95c1085d4ab8eb6f0442b02dba6ad6b71adb4fdf1276;7686baf7c5391795cc2cbb17dfd91ba701652731a86ed248c4b38f9ba386f0c8;2026-09-16T18:40:18.343781+00:00;true
LOC-0140;LOC-0152;PUBLIC_TRANSIT;2026-08-17T07:00:00+03:00;OK;1722;29;4983;LOCAL_TRANSIT_OPTIMISTIC_SCREENING;844cc818758ae238a0450552c3c78c09dfa1b1fe3b62616132e36c411229a35a;7bd23fcdf39d412e1bc079b6341a27db45482f8e7b13b4797bb1177cffe8160d;2026-09-16T18:40:18.343781+00:00;true
LOC-0140;LOC-0190;PUBLIC_TRANSIT;2026-08-17T07:00:00+03:00;OK;1652;28;4952;LOCAL_TRANSIT_OPTIMISTIC_SCREENING;7a5ef061a59b33324ac4e42ef696ab2a2ae8b74b98d83b8aa2eb539982aabd55;0a73300f2494d218860f5ef489e7a49df5cb15c7466488ee8045f824cbdfd63f;2026-09-16T18:40:18.343781+00:00;true
LOC-0140;LOC-0196;PUBLIC_TRANSIT;2026-08-17T07:00:00+03:00;OK;1687;29;7704;LOCAL_TRANSIT_OPTIMISTIC_SCREENING;377bb64f6a980a6c17e48a23bf33b8ce1cf79b5b4b481a812dbfee6a77c745e5;df31925b2818673f7dec02c8bfc069c83a875e5751f04f8a5cbf614569bedf34;2026-09-16T18:40:18.343781+00:00;true
LOC-0141;LOC-0002;PUBLIC_TRANSIT;2026-08-17T07:00:00+03:00;OK;2527;43;8242;LOCAL_TRANSIT_OPTIMISTIC_SCREENING;832eb54701a0fcf415513e366cc45c69ffb69dd17bbd4d39e0ba4080c5a345a6;cd7155fab254e150136f4e6de549aef6d09662ba625e87fa373f771a96035cf3;2026-09-16T18:40:18.343781+00:00;true
LOC-0141;LOC-0008;PUBLIC_TRANSIT;2026-08-17T07:00:00+03:00;OK;2369;40;8865;LOCAL_TRANSIT_OPTIMISTIC_SCREENING;22506a395bd2b8601fb7ac73e767784187b8fc97b85bc273e0c0f2f0c8bb5ce8;86ada1b3ac98f76213091840b61760462da0e61e5c7c65a8afc8866927e27b08;2026-09-16T18:40:18.343781+00:00;true
LOC-0141;LOC-0009;PUBLIC_TRANSIT;2026-08-17T07:00:00+03:00;OK;1389;24;2262;LOCAL_TRANSIT_OPTIMISTIC_SCREENING;c9e323c66c6fe1c68ad60ff596ca468cb3aa838fdea82ab86ad7493833dd2410;381cb3bd704fbbfb3dd8a6772d6650f80769ee1bcd0e8651a413fcac9966ed65;2026-09-16T18:40:18.343781+00:00;true
LOC-0141;LOC-0010;PUBLIC_TRANSIT;2026-08-17T07:00:00+03:00;OK;2397;40;9145;LOCAL_TRANSIT_OPTIMISTIC_SCREENING;7d2bbe55f53b5216f8f75e44bba1b8e85c4a790afe31628beb05dae27f06e6d8;21337c4f62c0dcdc4da55285e87dfe1698b9544adc757fa85487ddaa5f6380e1;2026-09-16T18:40:18.343781+00:00;true
LOC-0141;LOC-0011;PUBLIC_TRANSIT;2026-08-17T07:00:00+03:00;OK;2319;39;8707;LOCAL_TRANSIT_OPTIMISTIC_SCREENING;e1f77a3af135eaf0a49e9e67026594b874681b0ce36b8e5595e244f777ff7eb3;ae1ee6675d336fd6ac35e73865d2a17e0f990fa564ea2e389e1d473b90a194f7;2026-09-16T18:40:18.343781+00:00;true
LOC-0141;LOC-0012;PUBLIC_TRANSIT;2026-08-17T07:00:00+03:00;OK;2332;39;8219;LOCAL_TRANSIT_OPTIMISTIC_SCREENING;91e6c182b135c0d8e9edeecaa2cb03efaad832546cf547e5520f19a440161fd3;efe768b9f719c372e99d54f93d6ab4efe2840a9206844dc99f7bab9d9142d2b3;2026-09-16T18:40:18.343781+00:00;true
LOC-0141;LOC-0013;PUBLIC_TRANSIT;2026-08-17T07:00:00+03:00;OK;2892;49;8692;LOCAL_TRANSIT_OPTIMISTIC_SCREENING;68e6378974a189d7156bb22f4f4222a316cf60770c22852ef1d957d58778591b;11fd7aa9dbccd4b08e36adfb9f25226fbbae14d8ca466cc9200f1a1cebe8e8a2;2026-09-16T18:40:18.343781+00:00;true
LOC-0141;LOC-0016;PUBLIC_TRANSIT;2026-08-17T07:00:00+03:00;OK;2033;34;6109;LOCAL_TRANSIT_OPTIMISTIC_SCREENING;f64023a059c2176611245f237368dc7bfe4a054ddb99611ede133c71fd403061;069c5257949f58d7567d140dd4ed5d7ae8b6bc2c83bb521b8893f39579b95f65;2026-09-16T18:40:18.343781+00:00;true
LOC-0141;LOC-0017;PUBLIC_TRANSIT;2026-08-17T07:00:00+03:00;OK;1491;25;3421;LOCAL_TRANSIT_OPTIMISTIC_SCREENING;a772ec1ffb96681468f1bb443bc0bfe69acc738b757a60c14bf00ac74d870a6b;90a6286246eb1dd39c80b77b0070f550a580e9b88f880513858f4840d59d6c64;2026-09-16T18:40:18.343781+00:00;true
LOC-0141;LOC-0018;PUBLIC_TRANSIT;2026-08-17T07:00:00+03:00;OK;1512;26;3984;LOCAL_TRANSIT_OPTIMISTIC_SCREENING;5f01ec152152f511533930f76555496c6f516927d6ed84fe3a39f27aff55a1c7;c3717319e8d61267ec16d2abfdbaf03f7f7569bacd134c2400cb54ff779a9611;2026-09-16T18:40:18.343781+00:00;true
LOC-0141;LOC-0019;PUBLIC_TRANSIT;2026-08-17T07:00:00+03:00;OK;2613;44;9387;LOCAL_TRANSIT_OPTIMISTIC_SCREENING;f79653ffed58b14875beb593a2fa559d1ed285d4097e45ae73fb80a044eaae1e;2aabbd395a306d729cc03fafd0275c52e6943e096a9fbd2d4ee4a52ee796d8da;2026-09-16T18:40:18.343781+00:00;true
LOC-0141;LOC-0020;PUBLIC_TRANSIT;2026-08-17T07:00:00+03:00;OK;2344;40;8406;LOCAL_TRANSIT_OPTIMISTIC_SCREENING;570550bd4cce7533ab68416cc5f21900d477e97b440ba01568e651f3de08a181;ffced909f64195cbc09c7ac13bcfcf78163492fddc192f6850acacbc0d34c127;2026-09-16T18:40:18.343781+00:00;true
LOC-0141;LOC-0023;PUBLIC_TRANSIT;2026-08-17T07:00:00+03:00;OK;1566;27;4931;LOCAL_TRANSIT_OPTIMISTIC_SCREENING;ccd190ae068c22bd36ab642410e0dc63c5ddab8a721c5edc55e57ee66b38c57d;3f5e2ad6f9741aeb792f13967ecb844bcae649c1d82abcfe93fabc057006f0d1;2026-09-16T18:40:18.343781+00:00;true
LOC-0141;LOC-0027;PUBLIC_TRANSIT;2026-08-17T07:00:00+03:00;OK;954;16;4601;LOCAL_TRANSIT_OPTIMISTIC_SCREENING;b26280e600ca808a1a4f1e7e273733e3b6a306dc4e3c5791518d82344f1bd1f8;66701a8e3bc6ecd1e19406876944819ff5f76c1c30e785df974a6b6c77ef23f4;2026-09-16T18:40:18.343781+00:00;true
LOC-0141;LOC-0028;PUBLIC_TRANSIT;2026-08-17T07:00:00+03:00;OK;1958;33;5062;LOCAL_TRANSIT_OPTIMISTIC_SCREENING;4001b54d4bc626944d978864573db4103766f56c6a3394567f91a45255f92f3d;65dd68733e3e5302fcb4448af27bc0c3b11e75b59d5cdfb149a0a6afacd2057c;2026-09-16T18:40:18.343781+00:00;true
LOC-0141;LOC-0029;PUBLIC_TRANSIT;2026-08-17T07:00:00+03:00;OK;1893;32;4982;LOCAL_TRANSIT_OPTIMISTIC_SCREENING;749c4551fb54acfeca0f691bda591341258fdbc8a95ea6b85d11a2027a7aa9ba;e22c203f36b6c4468f390760ac7cad3bf487928cda8e5a9c6e5a8665d24a7a7e;2026-09-16T18:40:18.343781+00:00;true
LOC-0141;LOC-0037;PUBLIC_TRANSIT;2026-08-17T07:00:00+03:00;OK;2360;40;8545;LOCAL_TRANSIT_OPTIMISTIC_SCREENING;9a4c2aff2fbdc61bbf63fa7724039486e68dd781bb8f92f8944eb82e59de7b0a;87045cb813d3c7ad0dfdca2f376c5b94a3b42fbf5e9ab464a7a58b1368de134b;2026-09-16T18:40:18.343781+00:00;true
LOC-0141;LOC-0045;PUBLIC_TRANSIT;2026-08-17T07:00:00+03:00;OK;1384;24;3446;LOCAL_TRANSIT_OPTIMISTIC_SCREENING;d707d430317e8e27e765cffcf81e83f6f2a09aa849322ca2248ece3c10ec76ec;01a590a319e23d7d82e776a00033e3190229b4e9683b40bebcf89817d09d3d2f;2026-09-16T18:40:18.343781+00:00;true
LOC-0141;LOC-0053;PUBLIC_TRANSIT;2026-08-17T07:00:00+03:00;OK;1791;30;6148;LOCAL_TRANSIT_OPTIMISTIC_SCREENING;ccbe4a656ecd2d8feff7cb8ac47b92dae1ac60d12ad9cec0387381d311f6f232;af5a4706ca6ae0925bb8b5eb1d61ac29e22cfbfa0cf6eed840dbb1e94480240c;2026-09-16T18:40:18.343781+00:00;true
LOC-0141;LOC-0054;PUBLIC_TRANSIT;2026-08-17T07:00:00+03:00;OK;2513;42;8090;LOCAL_TRANSIT_OPTIMISTIC_SCREENING;530d92de8305840777bcd00f9d187237e984226f4a896233072717a3525700f7;bb703641614c1815aae1073589a48a7571b43eed32e5895ef8518a912f93041e;2026-09-16T18:40:18.343781+00:00;true
LOC-0141;LOC-0061;PUBLIC_TRANSIT;2026-08-17T07:00:00+03:00;OK;2624;44;8235;LOCAL_TRANSIT_OPTIMISTIC_SCREENING;9e0b7d0bd86e6fbe4d8738a556cd3407494e330c9a25917575487a9c0f402eb8;41e142f35fde294be1c129a9c82c2cffb88b76077f482457c034dbec31cfd8d8;2026-09-16T18:40:18.343781+00:00;true
LOC-0141;LOC-0063;PUBLIC_TRANSIT;2026-08-17T07:00:00+03:00;OK;1729;29;4388;LOCAL_TRANSIT_OPTIMISTIC_SCREENING;841583af99fcfed329be6649800ccb05eeba3abf783c9f2c5e84fe09ab3989c9;ea391659618697b39bfce912bdc7a9eb083c45c80a460b8d9930e8fea4bb4ac2;2026-09-16T18:40:18.343781+00:00;true
LOC-0141;LOC-0064;PUBLIC_TRANSIT;2026-08-17T07:00:00+03:00;OK;1816;31;3979;LOCAL_TRANSIT_OPTIMISTIC_SCREENING;a31670c97749ef04bc78017606d4235cd7a3a9717cd8389b5040f13355d6fedf;0cfa447ef7e5cf4cf0bfe1dbbf7a0d1ee240953542be24e15ec08a81a557575c;2026-09-16T18:40:18.343781+00:00;true
LOC-0141;LOC-0074;PUBLIC_TRANSIT;2026-08-17T07:00:00+03:00;OK;1624;28;4627;LOCAL_TRANSIT_OPTIMISTIC_SCREENING;a4a2e26a735b8604939f621a8fbe9fc5eea4d0dcc117076cefd428cb853e791f;0e32252ae2ecca5bb8673e9edcda6590bf68b66f970fc5284bbc68b162bd7ff5;2026-09-16T18:40:18.343781+00:00;true
LOC-0141;LOC-0075;PUBLIC_TRANSIT;2026-08-17T07:00:00+03:00;OK;1664;28;4097;LOCAL_TRANSIT_OPTIMISTIC_SCREENING;f92a20fb327b18a126770da62463f1e8a4f1f2121318f34d222cf95026ad34a3;d1f19a5966b05b3cbe43dc4e37ea7acc993f499ebaa1f176e76a354ca4abdafa;2026-09-16T18:40:18.343781+00:00;true
LOC-0141;LOC-0076;PUBLIC_TRANSIT;2026-08-17T07:00:00+03:00;OK;2329;39;6038;LOCAL_TRANSIT_OPTIMISTIC_SCREENING;3bf0935d0109ac99ed82b363d8101dba16a7c8871e0d780fb9a8b73bcbcf3dea;bf906c76ddba3dacd30e712ec064423a89dc85e7f16a9abf4e8b8825cc2899c1;2026-09-16T18:40:18.343781+00:00;true
LOC-0141;LOC-0078;PUBLIC_TRANSIT;2026-08-17T07:00:00+03:00;OK;1581;27;3490;LOCAL_TRANSIT_OPTIMISTIC_SCREENING;1d0913fca89878715de8e05f835e8310742b6a51b0a7cf1524066883687259e2;7013237684d14c32fad518c7fac336497b51d005ee96cd594b35c3fff0697b2e;2026-09-16T18:40:18.343781+00:00;true
LOC-0141;LOC-0080;PUBLIC_TRANSIT;2026-08-17T07:00:00+03:00;OK;1626;28;4461;LOCAL_TRANSIT_OPTIMISTIC_SCREENING;d71a5cee1c0c05581238f6bd60e612c4079470f03ce2c54feeefe0b4d80e6cd1;2acc1c1a4015e19b4f8b5bb0ea4f1b7b6aae3113f1615f8c4e17296783ee7c7e;2026-09-16T18:40:18.343781+00:00;true
LOC-0141;LOC-0082;PUBLIC_TRANSIT;2026-08-17T07:00:00+03:00;OK;1781;30;4551;LOCAL_TRANSIT_OPTIMISTIC_SCREENING;12fa664095ebf71302f7f6c1cae62482f1497a33d98719e4f2440bc76ae223c6;fcbf44e40ff6f5f97c2e78184496a94345aee7d32ec000ced8223b1a791161cf;2026-09-16T18:40:18.343781+00:00;true
LOC-0141;LOC-0085;PUBLIC_TRANSIT;2026-08-17T07:00:00+03:00;OK;2922;49;9257;LOCAL_TRANSIT_OPTIMISTIC_SCREENING;e7a2b2ff30588ef3499655db0cf0f01d462d27fb3b692a61b8ded0938b872aa6;b0a890c8e84003f63edbddc889cf69e23498d9f13f3e970be8d51aa61ce61808;2026-09-16T18:40:18.343781+00:00;true
LOC-0141;LOC-0086;PUBLIC_TRANSIT;2026-08-17T07:00:00+03:00;OK;2948;50;9243;LOCAL_TRANSIT_OPTIMISTIC_SCREENING;c146386e1b793a7c6896f8eb9134eea0db4395a9340ff8199f2c5b212bd7dc6f;1518a81a41288e91b6faeae81d1fa88647836fb245fafbe8a919174c506168d5;2026-09-16T18:40:18.343781+00:00;true
LOC-0141;LOC-0091;PUBLIC_TRANSIT;2026-08-17T07:00:00+03:00;OK;2254;38;8371;LOCAL_TRANSIT_OPTIMISTIC_SCREENING;48e9481e9a843ee08ee78ab8a79a9f13f4356e31ff676593ae90fedf1f61a4f7;3fb1e409d1042ae65710926cd8fea4b1a29ca06fce85a2c2198749e75b456f65;2026-09-16T18:40:18.343781+00:00;true
LOC-0141;LOC-0092;PUBLIC_TRANSIT;2026-08-17T07:00:00+03:00;OK;2285;39;7780;LOCAL_TRANSIT_OPTIMISTIC_SCREENING;fdc8c63dd3e2b1c16adb379b3aedd4cd831f6f5205df70107d01badb9bf501e5;933bb5dba5a6328c4f497383c92918f9131c5e039156256a23a67e7692c14995;2026-09-16T18:40:18.343781+00:00;true
LOC-0141;LOC-0093;PUBLIC_TRANSIT;2026-08-17T07:00:00+03:00;OK;2254;38;7608;LOCAL_TRANSIT_OPTIMISTIC_SCREENING;4d3f4ad6063b71f50e14edac01d9582b870bfc6e91fc1ad272539c0b1d0abd47;ca61258d2b9936abdb9b62c062a06740ea8666bf49f9651b4b16268b7181bc8e;2026-09-16T18:40:18.343781+00:00;true
LOC-0141;LOC-0094;PUBLIC_TRANSIT;2026-08-17T07:00:00+03:00;OK;3230;54;9649;LOCAL_TRANSIT_OPTIMISTIC_SCREENING;b59883d9fa3a34586ff41b77bbb3c5b3cd19428d78f6c608f1aec0068dcc44ef;f25823a52e2a8adf24008e77682c57f8af37990f8efd47a648535375eda4eabe;2026-09-16T18:40:18.343781+00:00;true
LOC-0141;LOC-0095;PUBLIC_TRANSIT;2026-08-17T07:00:00+03:00;OK;2968;50;9961;LOCAL_TRANSIT_OPTIMISTIC_SCREENING;e1d47af77a830891d581b9d0a09f956589d1e98a21b4a0189740afb60a5e4d13;1ca35662e282e8bdfbe2ef7934adaa5a499d872adce5a8da04d3106c306915dd;2026-09-16T18:40:18.343781+00:00;true
LOC-0141;LOC-0102;PUBLIC_TRANSIT;2026-08-17T07:00:00+03:00;OK;1388;24;3597;LOCAL_TRANSIT_OPTIMISTIC_SCREENING;5a0fcdecdf171e763ef180630d4c7d1b5d981598036793b09458dec1ec6221d6;215f5df9b74d54242b391aeae4500bbf773b2d95d53b6fd063f1f919d4eb0f85;2026-09-16T18:40:18.343781+00:00;true
LOC-0141;LOC-0112;PUBLIC_TRANSIT;2026-08-17T07:00:00+03:00;OK;2098;35;6273;LOCAL_TRANSIT_OPTIMISTIC_SCREENING;9c75b997def617bb4641ec692070e5f5f328b143ef91afd36f50fdf0571d365c;ec9074900cb8b564cac469239412efd230174ecfca87470aa9389bd22f883c0c;2026-09-16T18:40:18.343781+00:00;true
LOC-0141;LOC-0124;PUBLIC_TRANSIT;2026-08-17T07:00:00+03:00;OK;1193;20;1936;LOCAL_TRANSIT_OPTIMISTIC_SCREENING;926b18f90358fe2cc121ab33fab651b4126b8ad27db3d3b0f06b550da95b5cff;998456daa53af424919785f1f22f975c35105c7b6f2d08e33c98a0b6649a1cec;2026-09-16T18:40:18.343781+00:00;true
LOC-0141;LOC-0125;PUBLIC_TRANSIT;2026-08-17T07:00:00+03:00;OK;1434;24;4292;LOCAL_TRANSIT_OPTIMISTIC_SCREENING;68624e008ed75a4ad4bbfdd1d66eb8b32074641a82477c2bd53197b229019110;a381fc49b4e9af1bb1467cf6faabf60d16bbbbeffc8e75fdc8431e682f4c9fc6;2026-09-16T18:40:18.343781+00:00;true
LOC-0141;LOC-0126;PUBLIC_TRANSIT;2026-08-17T07:00:00+03:00;OK;1746;30;5986;LOCAL_TRANSIT_OPTIMISTIC_SCREENING;fb420ac70b2e7953ffa6a84abae9958e1e4a39c38e240c54cf1133edaf13bd9e;232c016d45653f21400dfa73a52c5dc557f4129610c3beb5ebc450cf8552873c;2026-09-16T18:40:18.343781+00:00;true
LOC-0141;LOC-0128;PUBLIC_TRANSIT;2026-08-17T07:00:00+03:00;OK;2360;40;8129;LOCAL_TRANSIT_OPTIMISTIC_SCREENING;5055eae4f1df758f7886c0723bbcb0adec86f6c5fabe41afdae2a57485920dbf;f862c26f92521064dd81d29e135ac6171071a2960182c9aed2ecd3f2a2e6775b;2026-09-16T18:40:18.343781+00:00;true
LOC-0141;LOC-0134;PUBLIC_TRANSIT;2026-08-17T07:00:00+03:00;OK;2569;43;8512;LOCAL_TRANSIT_OPTIMISTIC_SCREENING;c577c668d0128172ac24ae5e35fbf7ff47cbf5396cd713bc7a4e4e2f7d054b98;3355f1984c021eb5e268e2ed0d290cb728a866ad56895e38626fd041869685c5;2026-09-16T18:40:18.343781+00:00;true
LOC-0141;LOC-0135;PUBLIC_TRANSIT;2026-08-17T07:00:00+03:00;OK;2644;45;8492;LOCAL_TRANSIT_OPTIMISTIC_SCREENING;7d2766f43a45f6b57f67b5b1978c756fa24d003b82b68974fa58b89aec64f0c3;8ffbb508c2c2849954e260e28b3221cb248012b002c62989af6eec3871bc0ad8;2026-09-16T18:40:18.343781+00:00;true
LOC-0141;LOC-0136;PUBLIC_TRANSIT;2026-08-17T07:00:00+03:00;OK;2588;44;8912;LOCAL_TRANSIT_OPTIMISTIC_SCREENING;9572db407ffbcead38fb8580a38ddbf1f0ec3f13e361bade82f1d17f0510efbc;5be8166106a361e08971b665ba27daa21116a99ca705b3ceaa996884b8aa08d2;2026-09-16T18:40:18.343781+00:00;true
LOC-0141;LOC-0140;PUBLIC_TRANSIT;2026-08-17T07:00:00+03:00;OK;2143;36;6591;LOCAL_TRANSIT_OPTIMISTIC_SCREENING;27a2b99e150a7aa900ca429b82b666432eff7c81dc10a7bad2cfb1bec4115994;6c0111df1d326a35d2abe02bcd7552545acadec026772900f0de38f591298004;2026-09-16T18:40:18.343781+00:00;true
LOC-0141;LOC-0141;PUBLIC_TRANSIT;2026-08-17T07:00:00+03:00;OK;0;0;0;LOCAL_TRANSIT_OPTIMISTIC_SCREENING;b9eff6dad63223a51ca72e12bdd961ee44cd7d3b3844a44a248c9c8a318ca8fb;3d5812abc84c11768aa73a732c85d75dbed439188f5bb3239e9b762ea31d9862;2026-09-16T18:40:18.343781+00:00;true
LOC-0141;LOC-0142;PUBLIC_TRANSIT;2026-08-17T07:00:00+03:00;OK;257;5;134;LOCAL_TRANSIT_OPTIMISTIC_SCREENING;691090f917445ed1702e4e310bf55c99dd4855f62839fc2afe79de348dc43027;16b6545e66fb104525108a528dfdcddb3736aab82bf517b5039a0dd9b56d36f7;2026-09-16T18:40:18.343781+00:00;true
LOC-0141;LOC-0145;PUBLIC_TRANSIT;2026-08-17T07:00:00+03:00;OK;2171;37;8105;LOCAL_TRANSIT_OPTIMISTIC_SCREENING;6be029f6e90e93f2460428e28dca651952fdcc1c8faa66ab9ccde870611ed224;bf089d74f546d5c7d3759e9ba319dae8f1035d69e58364e153a1da78a865a8e5;2026-09-16T18:40:18.343781+00:00;true
LOC-0141;LOC-0148;PUBLIC_TRANSIT;2026-08-17T07:00:00+03:00;OK;1701;29;3974;LOCAL_TRANSIT_OPTIMISTIC_SCREENING;8e9bb172fca71f9ccb97438fec822277e8cae12cd94639700c5058c026f2c590;bb2cee272489ed6def419c9c381e8cf6ef945de333430a70ffc9be0ed9206fea;2026-09-16T18:40:18.343781+00:00;true
LOC-0141;LOC-0149;PUBLIC_TRANSIT;2026-08-17T07:00:00+03:00;OK;1561;27;4196;LOCAL_TRANSIT_OPTIMISTIC_SCREENING;c0f83762f2721d3f6a097a89aac84d5897116fa6235ec83355e9517ce6099d21;557194b3ff7425df91c835736bf2f462266d301b0e8985b8ab05fcd45e34f340;2026-09-16T18:40:18.343781+00:00;true
LOC-0141;LOC-0150;PUBLIC_TRANSIT;2026-08-17T07:00:00+03:00;OK;1442;25;4349;LOCAL_TRANSIT_OPTIMISTIC_SCREENING;02b3039acb530e4996dac4698526da8bfd3fb325d41a357d8bd08ad5d058c55e;8c3963e6ecf8a02e2ab7f7c280589d20fb3b50d587f476369d0f83f3a2d21fa0;2026-09-16T18:40:18.343781+00:00;true
LOC-0141;LOC-0151;PUBLIC_TRANSIT;2026-08-17T07:00:00+03:00;OK;1631;28;3578;LOCAL_TRANSIT_OPTIMISTIC_SCREENING;5880daf3c0b7223a5c90ffa635badf71c31b789bf73892df568d84cb79d0d74d;e1d7c0cff4acc431d2606b73b30466742c7c3eb32cc661c934e8c74b760d56e8;2026-09-16T18:40:18.343781+00:00;true
LOC-0141;LOC-0152;PUBLIC_TRANSIT;2026-08-17T07:00:00+03:00;OK;1632;28;3553;LOCAL_TRANSIT_OPTIMISTIC_SCREENING;70463170e946ffe084f6596486d77168da2b11ab56bb2a869093f05bbac157aa;738a18c8d4945b0b7297a45d06678f837ea7896cb7b7cb651060cf4c81683357;2026-09-16T18:40:18.343781+00:00;true
LOC-0141;LOC-0190;PUBLIC_TRANSIT;2026-08-17T07:00:00+03:00;OK;2485;42;7411;LOCAL_TRANSIT_OPTIMISTIC_SCREENING;1f3b3c16eefa782f407e0e21c7463b6fedd8677da8b8e5282c1b22df51b763a0;7007946021fd1f30f0721076f283c9863eb4d24bdb3fc85bb21a0bcbe4dbe8b6;2026-09-16T18:40:18.343781+00:00;true
LOC-0141;LOC-0196;PUBLIC_TRANSIT;2026-08-17T07:00:00+03:00;OK;1301;22;4392;LOCAL_TRANSIT_OPTIMISTIC_SCREENING;c48923a775c78d13ab6a5ff26f2cdf892eed94e2f0e326fd8effd5bfc4e52a40;db38714d2e175379500b0047e331cbaebcecb46ec94f564df714012f4fc46145;2026-09-16T18:40:18.343781+00:00;true
LOC-0142;LOC-0002;PUBLIC_TRANSIT;2026-08-17T07:00:00+03:00;OK;2462;42;8286;LOCAL_TRANSIT_OPTIMISTIC_SCREENING;e438b754d3bcaaebdccdc7a96f7dc3751fd0854e81a802ae289cce157ea13d2c;e2568c5ba0db6c4500e0eadf13fa70b377436ac4cc6a43467c196c7a667627aa;2026-09-16T18:40:18.343781+00:00;true
LOC-0142;LOC-0008;PUBLIC_TRANSIT;2026-08-17T07:00:00+03:00;OK;2304;39;8822;LOCAL_TRANSIT_OPTIMISTIC_SCREENING;9faddf135542be3ff9ebf449eb29413cf7a51d4afae2b04a813244b6b5e96d36;beba341ca65ca29f18857a0abd772f02593ed38009df3fee44e4a142cf8a96ac;2026-09-16T18:40:18.343781+00:00;true
LOC-0142;LOC-0009;PUBLIC_TRANSIT;2026-08-17T07:00:00+03:00;OK;1324;23;2385;LOCAL_TRANSIT_OPTIMISTIC_SCREENING;3a378406b34814ca0224223fe376d2883565cdd564c5b0d79f15c30a47f3e20c;544063dcfaf4eb918cf8e754f0bcc7bce284d33567d049ad30019dc2f01afd99;2026-09-16T18:40:18.343781+00:00;true
LOC-0142;LOC-0010;PUBLIC_TRANSIT;2026-08-17T07:00:00+03:00;OK;2332;39;9093;LOCAL_TRANSIT_OPTIMISTIC_SCREENING;8ccdf577ff3f5dc4e6bbadfcf96e6a304633cd32471b883234f211963d9a208d;cc645657d34e6ce8041bd6b41c4feaf6b385b43696ada8a1f0a26aa8aa2362f0;2026-09-16T18:40:18.343781+00:00;true
LOC-0142;LOC-0011;PUBLIC_TRANSIT;2026-08-17T07:00:00+03:00;OK;2254;38;8674;LOCAL_TRANSIT_OPTIMISTIC_SCREENING;3ceb989f5c324b324b020e1276e9dec0fd027842bc71db358c8b83fd9ffd9683;6b5d14f6efb0622638a090090d3526266b998d3a44960e4f7a1f6586ab0342fe;2026-09-16T18:40:18.343781+00:00;true
LOC-0142;LOC-0012;PUBLIC_TRANSIT;2026-08-17T07:00:00+03:00;OK;2267;38;8176;LOCAL_TRANSIT_OPTIMISTIC_SCREENING;f148953c7b3ce91e3d9cce28bc4fe499dc5c483b4dea4c32005205276c3142f8;52b03f73162bb15fa6f06ab9b3da1e9afad250d9bb2dc157d8f72b78b7ae05cc;2026-09-16T18:40:18.343781+00:00;true
LOC-0142;LOC-0013;PUBLIC_TRANSIT;2026-08-17T07:00:00+03:00;OK;2827;48;8750;LOCAL_TRANSIT_OPTIMISTIC_SCREENING;b556fed958c2c793756568eead522f7dc24df9568c9b14090d7f1cf911311f41;ab65e6495f95fbce6c8e6104b349fe711520e16ebb304ed7719515a2471379a5;2026-09-16T18:40:18.343781+00:00;true
LOC-0142;LOC-0016;PUBLIC_TRANSIT;2026-08-17T07:00:00+03:00;OK;1968;33;6198;LOCAL_TRANSIT_OPTIMISTIC_SCREENING;f2b059c5a8c3ef9f1f4bb937b104a66259baa0d11df8839ce6e5eb61e047ce89;039f6af7e7cb379b27a401baee9cea100d6b9c4a1196cef25da0e0f3af37ae71;2026-09-16T18:40:18.343781+00:00;true
LOC-0142;LOC-0017;PUBLIC_TRANSIT;2026-08-17T07:00:00+03:00;OK;1392;24;3377;LOCAL_TRANSIT_OPTIMISTIC_SCREENING;8103ee9fd8087792b50cab029509c77eda36c9a78ca2e7e558fb76ba7040412f;0408241d9adab0afbdd3fe4b66e2cd79fb983dfbced6439e9caca09b5b351708;2026-09-16T18:40:18.343781+00:00;true
LOC-0142;LOC-0018;PUBLIC_TRANSIT;2026-08-17T07:00:00+03:00;OK;1413;24;3922;LOCAL_TRANSIT_OPTIMISTIC_SCREENING;651e14eec4b6fd68030c600fcf0ad2f0bca576d578731e921b0044439baff485;1ae2e67650967eb6464e9bc27e44c0822df88cdbc264b601464f9f95605e29db;2026-09-16T18:40:18.343781+00:00;true
LOC-0142;LOC-0019;PUBLIC_TRANSIT;2026-08-17T07:00:00+03:00;OK;2548;43;9333;LOCAL_TRANSIT_OPTIMISTIC_SCREENING;af2bf6b75e564136f43bbc1a9acb0dd2e1d1378e90f33c625a93b4489fb06d08;e10c705da4b04704efa9ac8b41204ff7806e62ad5bcb0216c61f416009a6822d;2026-09-16T18:40:18.343781+00:00;true
LOC-0142;LOC-0020;PUBLIC_TRANSIT;2026-08-17T07:00:00+03:00;OK;2245;38;8332;LOCAL_TRANSIT_OPTIMISTIC_SCREENING;653653df8492093eea7cf5928fb1bf6fc2b860419cae113977c7377ee915984b;3c67366a8cf65b321dd584ede6eabac550be5d4aeeaa2edee18d371302aea17b;2026-09-16T18:40:18.343781+00:00;true
LOC-0142;LOC-0023;PUBLIC_TRANSIT;2026-08-17T07:00:00+03:00;OK;1501;26;4846;LOCAL_TRANSIT_OPTIMISTIC_SCREENING;8a68fcb22e5d37303304620e2e34b0ca1faa7fd90195e6aa9802e453b802b4b3;725b3028c239173549ab6a3a4a933c49c9399a4b15db1088816ed98159d095f4;2026-09-16T18:40:18.343781+00:00;true
LOC-0142;LOC-0027;PUBLIC_TRANSIT;2026-08-17T07:00:00+03:00;OK;855;15;4601;LOCAL_TRANSIT_OPTIMISTIC_SCREENING;17e9baf6288909e74e78cfeaae6eb10231cf022919b1a18ab8edb61bea038f7b;513a5180ec1b908f827f2e585628e1f2e3f129ab241ec887cb734e955678e868;2026-09-16T18:40:18.343781+00:00;true
LOC-0142;LOC-0028;PUBLIC_TRANSIT;2026-08-17T07:00:00+03:00;OK;1859;31;5140;LOCAL_TRANSIT_OPTIMISTIC_SCREENING;8a99c90c49b55b237092239ad283cf5fccce7d76b978fb336b912b75fcc8fce3;07ad81271cd194c3fe34b372146803d32fcf13ff6abd0e930976ac36037d516e;2026-09-16T18:40:18.343781+00:00;true
LOC-0142;LOC-0029;PUBLIC_TRANSIT;2026-08-17T07:00:00+03:00;OK;1794;30;5060;LOCAL_TRANSIT_OPTIMISTIC_SCREENING;cf439579fd8da0d06d2a7de34e1ce8035d222dc8e3da412b59db4337585dfa53;080c99fc101ee23a886b4b05e59e018afddc0c64c87b26c8fa2912a172146a9a;2026-09-16T18:40:18.343781+00:00;true
LOC-0142;LOC-0037;PUBLIC_TRANSIT;2026-08-17T07:00:00+03:00;OK;2295;39;8562;LOCAL_TRANSIT_OPTIMISTIC_SCREENING;ce27d7b11ad3f5c9456d188db732866a7e9b73bcb3c7f726913054c7d7742ed5;c10f6436e6aae792d86e764683e77d55607eb2dc0b6397ab9a85610620b41931;2026-09-16T18:40:18.343781+00:00;true
LOC-0142;LOC-0045;PUBLIC_TRANSIT;2026-08-17T07:00:00+03:00;OK;1285;22;3501;LOCAL_TRANSIT_OPTIMISTIC_SCREENING;8af011836454c21c8fdd776fd1a2e8e7228e2ce7594a6e08c84cd22cf3d2b368;f561972f958fee91a4120a1f3068fdd8a30bf444848ff4854a8fef7685d774dd;2026-09-16T18:40:18.343781+00:00;true
LOC-0142;LOC-0053;PUBLIC_TRANSIT;2026-08-17T07:00:00+03:00;OK;1726;29;6224;LOCAL_TRANSIT_OPTIMISTIC_SCREENING;50df7ad456ba05678346bc0e6864ae7657649ef08bab135ed5a8fffd5f36230f;82148a6af0a9419f74fd115d5e76ac91c76d53bf1242b68604263831b55f480b;2026-09-16T18:40:18.343781+00:00;true
LOC-0142;LOC-0054;PUBLIC_TRANSIT;2026-08-17T07:00:00+03:00;OK;2448;41;8103;LOCAL_TRANSIT_OPTIMISTIC_SCREENING;cb4f4de89a8d1df6e90d39c370830b7e8b58df1306064c41d24046ab953e504c;9718940d6d535b92a2aa17c7de99cfb589ad9a82c2b61d3891fa91cc7bfe3000;2026-09-16T18:40:18.343781+00:00;true
LOC-0142;LOC-0061;PUBLIC_TRANSIT;2026-08-17T07:00:00+03:00;OK;2559;43;8199;LOCAL_TRANSIT_OPTIMISTIC_SCREENING;fd37a32107f7de58d2177342ca1b81b1aeb95b9f421ab68a087da2ddb6b93264;7a162064ead7e59fc078967c62c91416e0fd432ffd47bed19621a05bf2b6d54e;2026-09-16T18:40:18.343781+00:00;true
LOC-0142;LOC-0063;PUBLIC_TRANSIT;2026-08-17T07:00:00+03:00;OK;1664;28;4499;LOCAL_TRANSIT_OPTIMISTIC_SCREENING;99f80df7d3b638d20e9a499250a8945759c9fef20377763f82ad1240c6a0fc41;33899c89a65c9e12d7a25ef91523b48ae88ace4e4fcc08e0337dcb268e2f6d09;2026-09-16T18:40:18.343781+00:00;true
LOC-0142;LOC-0064;PUBLIC_TRANSIT;2026-08-17T07:00:00+03:00;OK;1751;30;4084;LOCAL_TRANSIT_OPTIMISTIC_SCREENING;7afdbcccea9a4727d54a2aeeabdb2fef1b242fe685c3dbc4d21e2a2bc8f8a55d;a8800e7e1c673aeb0e3502b3cbc78158b077a875a0bf964f05032c61871add12;2026-09-16T18:40:18.343781+00:00;true
LOC-0142;LOC-0074;PUBLIC_TRANSIT;2026-08-17T07:00:00+03:00;OK;1525;26;4588;LOCAL_TRANSIT_OPTIMISTIC_SCREENING;fe709bf7230dfde991168863d443cce98698a3cc0ec1e3defe9dc6cd7d753eb8;0285e43c2420f7ab2f4a548f800f8c648af580203551a93d8c4a335b812ae265;2026-09-16T18:40:18.343781+00:00;true
LOC-0142;LOC-0075;PUBLIC_TRANSIT;2026-08-17T07:00:00+03:00;OK;1565;27;4057;LOCAL_TRANSIT_OPTIMISTIC_SCREENING;f25daa5495d69b7833651c4891cd218cbd55b9cdac44e1fdb45b6f93fb6f021b;56ea2e58abc0a32e09276a4f75c519301b629969bac4a68811217a90e2e44bb3;2026-09-16T18:40:18.343781+00:00;true
LOC-0142;LOC-0076;PUBLIC_TRANSIT;2026-08-17T07:00:00+03:00;OK;2264;38;6133;LOCAL_TRANSIT_OPTIMISTIC_SCREENING;67fddc3d0ba7b60570da48fa0bc5757eccf93ed81e2d476511ebcbf64b3e5e52;b8d3f407750ce43c043fb63890714f64f97c9c3dafa2578dfe6c437114ec06cd;2026-09-16T18:40:18.343781+00:00;true
LOC-0142;LOC-0078;PUBLIC_TRANSIT;2026-08-17T07:00:00+03:00;OK;1482;25;3569;LOCAL_TRANSIT_OPTIMISTIC_SCREENING;200daaf86202aca31b1d518d58da10c1350565bf8ceaa2fc4b36fc85a51bd048;4729c57c1c6a9912e1234643b473bb552be749d3fcdea0bcc761dd69a12f7e92;2026-09-16T18:40:18.343781+00:00;true
LOC-0142;LOC-0080;PUBLIC_TRANSIT;2026-08-17T07:00:00+03:00;OK;1527;26;4410;LOCAL_TRANSIT_OPTIMISTIC_SCREENING;d7999d49871cf672c0555c45750bf3d235a2d10770f3363d0e2ad5c0d68086f7;a0227d7c4646f819d2b098ef881211fdce2777340497ed692bb9c1fe46259b67;2026-09-16T18:40:18.343781+00:00;true
LOC-0142;LOC-0082;PUBLIC_TRANSIT;2026-08-17T07:00:00+03:00;OK;1682;29;4649;LOCAL_TRANSIT_OPTIMISTIC_SCREENING;e54527bd8df7ed4f2169fce6249188323941bc1a02aa15ec464574dffd0fb9be;3d3b9c8b21b7cf1902bee19c805f7260dcdf51536deb15fad81de084ed598e75;2026-09-16T18:40:18.343781+00:00;true
LOC-0142;LOC-0085;PUBLIC_TRANSIT;2026-08-17T07:00:00+03:00;OK;2857;48;9304;LOCAL_TRANSIT_OPTIMISTIC_SCREENING;32bf6af9b71c38734f571231911ffc88fc8b60c9447e3616f11bf8f2c94df0c3;03b188b30ec0bf3f80e92f3ae0d8eeffc22be50f45d09e6946ae2c97d6698974;2026-09-16T18:40:18.343781+00:00;true
LOC-0142;LOC-0086;PUBLIC_TRANSIT;2026-08-17T07:00:00+03:00;OK;2883;49;9286;LOCAL_TRANSIT_OPTIMISTIC_SCREENING;81dd351114d34c2c7ea7d720a43f419f9236a9c31a56670cc8d24eccc36165d3;a9c0a2d8e7290f6f745b73130530644b7a76f372049b7c65e43471723571d903;2026-09-16T18:40:18.343781+00:00;true
LOC-0142;LOC-0091;PUBLIC_TRANSIT;2026-08-17T07:00:00+03:00;OK;2189;37;8314;LOCAL_TRANSIT_OPTIMISTIC_SCREENING;fef002b48a6a64ff48df27d299af4d0592b1976e10a637a97503f367ddfe5ca7;d6007796cb45e703d85bc37240fa488f83731acb9abce99ad928c6f282b99a86;2026-09-16T18:40:18.343781+00:00;true
LOC-0142;LOC-0092;PUBLIC_TRANSIT;2026-08-17T07:00:00+03:00;OK;2193;37;7717;LOCAL_TRANSIT_OPTIMISTIC_SCREENING;85123911372f6c5cd3ec0cf9855496c75f1286cdab9d7767c6ae06164e12bd9b;f4918e2be3f47778c45778ba0f51436cb9548917f29b43e8c21438992377790f;2026-09-16T18:40:18.343781+00:00;true
LOC-0142;LOC-0093;PUBLIC_TRANSIT;2026-08-17T07:00:00+03:00;OK;2155;36;7547;LOCAL_TRANSIT_OPTIMISTIC_SCREENING;ced96f6a257b5f0ef0a1c6c5316dfaf00c72c03a95017c74d94f2e6a887eeb53;8205219d52ab2025256df45983572072ebaab702f042b460cae273568f8ced3b;2026-09-16T18:40:18.343781+00:00;true
LOC-0142;LOC-0094;PUBLIC_TRANSIT;2026-08-17T07:00:00+03:00;OK;3165;53;9697;LOCAL_TRANSIT_OPTIMISTIC_SCREENING;ecd55549f699c8004ab8eda7d2848c5362b39fdada2896e6b9e3159caa8b3817;94096782eb0169ac2ba42726e2d1682a558b7b36f7f10b5133c677a94a5f3486;2026-09-16T18:40:18.343781+00:00;true
LOC-0142;LOC-0095;PUBLIC_TRANSIT;2026-08-17T07:00:00+03:00;OK;2903;49;10019;LOCAL_TRANSIT_OPTIMISTIC_SCREENING;ecc3afba64a5b0bc4fed1a90cc07cf4199ec8f2bb2bf43d8545931ae481ce818;292ec7374882e0355f1d9d2653e1f32825d7c8a180ed907c0a6bccd558495e1c;2026-09-16T18:40:18.343781+00:00;true
LOC-0142;LOC-0102;PUBLIC_TRANSIT;2026-08-17T07:00:00+03:00;OK;1323;23;3711;LOCAL_TRANSIT_OPTIMISTIC_SCREENING;a045319c033682f8aeabd69f2409c42c6d612f68dd9b6a84b88cb916206c6b4e;e4cb18c9d8a79930f379ffb5c7906edca727362790a29a71e00093638866b1fd;2026-09-16T18:40:18.343781+00:00;true
LOC-0142;LOC-0112;PUBLIC_TRANSIT;2026-08-17T07:00:00+03:00;OK;1999;34;6224;LOCAL_TRANSIT_OPTIMISTIC_SCREENING;a363219465f6fab193b798a442eab5f8ce6e92c5fb1baf340cd0fff193e6d2af;254d2249ff98458b946fd86c468639c2dbc13d8a2795302efaace66a4aa055d8;2026-09-16T18:40:18.343781+00:00;true
LOC-0142;LOC-0124;PUBLIC_TRANSIT;2026-08-17T07:00:00+03:00;OK;1166;20;2050;LOCAL_TRANSIT_OPTIMISTIC_SCREENING;97e3599dc6904e679131b10f2e3765044bd9036d1406c51fb2fc1b45af6931a3;2e752103c1c25abafc3ca42bfc1335c8a11797ae77896fc0565dc1264bf77879;2026-09-16T18:40:18.343781+00:00;true
LOC-0142;LOC-0125;PUBLIC_TRANSIT;2026-08-17T07:00:00+03:00;OK;1335;23;4222;LOCAL_TRANSIT_OPTIMISTIC_SCREENING;c6265aadf9a2696cd79c93fa8b0546075c233f578fa479f21b72a6db25fc2f41;142b685747b0de87e248d1ad86313e1bf319fb2972e8bb9fe9696b1eda0ee0b5;2026-09-16T18:40:18.343781+00:00;true
LOC-0142;LOC-0126;PUBLIC_TRANSIT;2026-08-17T07:00:00+03:00;OK;1647;28;5959;LOCAL_TRANSIT_OPTIMISTIC_SCREENING;0d37a0f2b2c83533d90a7037822bd22fc3a3fd85e854f5d4ffecf306386154a7;83a05bb268848bab4a3c9ae227dcc3af6985a417b1cee17859327f84cbe94c89;2026-09-16T18:40:18.343781+00:00;true
LOC-0142;LOC-0128;PUBLIC_TRANSIT;2026-08-17T07:00:00+03:00;OK;2295;39;8144;LOCAL_TRANSIT_OPTIMISTIC_SCREENING;27ff2f5be14bbebe64fbc49586934d01073d79635954ea21bb723c11c72c3d4e;a12ea9ea77fc1bb195e0de4a3ea1f2ef8273be84dfd3e5981c86b7dbbec2bd03;2026-09-16T18:40:18.343781+00:00;true
LOC-0142;LOC-0134;PUBLIC_TRANSIT;2026-08-17T07:00:00+03:00;OK;2504;42;8561;LOCAL_TRANSIT_OPTIMISTIC_SCREENING;fe666505e1bde7814625357453e9b3827a67c3bbfc2f3e29d3596577aadb03b7;d31ced979b5c3390fdb275de7b9c6d27fc54173b459bd8a9c564b6fc65b12799;2026-09-16T18:40:18.343781+00:00;true
LOC-0142;LOC-0135;PUBLIC_TRANSIT;2026-08-17T07:00:00+03:00;OK;2579;43;8544;LOCAL_TRANSIT_OPTIMISTIC_SCREENING;29e2a123fbbba671d989241b63bc9bb7abd23e9fa59c778447272b94bcd669e9;fce856ab9a23ad0bd1dc4ff161484c5a94a4545b6ce34a7287ff436f0cc1ef33;2026-09-16T18:40:18.343781+00:00;true
LOC-0142;LOC-0136;PUBLIC_TRANSIT;2026-08-17T07:00:00+03:00;OK;2523;43;8965;LOCAL_TRANSIT_OPTIMISTIC_SCREENING;c1bb3ba84934f0496d5f70125cc9de361341f700241d55390a3f6a13c752522c;c46471f2be89106bf8ced26cf3d1649c8097a0ec009ead7745d813bf43b871cc;2026-09-16T18:40:18.343781+00:00;true
LOC-0142;LOC-0140;PUBLIC_TRANSIT;2026-08-17T07:00:00+03:00;OK;2044;35;6659;LOCAL_TRANSIT_OPTIMISTIC_SCREENING;ba3325f6a3641261702d8cf9c27eafeaa7b22355d8d6b22a6ee4fe99364b2866;daeef5e09784c1dfd7185e979d447b547015eefbf5ff1e50f47179396c42d5f2;2026-09-16T18:40:18.343781+00:00;true
LOC-0142;LOC-0141;PUBLIC_TRANSIT;2026-08-17T07:00:00+03:00;OK;257;5;134;LOCAL_TRANSIT_OPTIMISTIC_SCREENING;94b3cf796b3f7f8fd60f6a574aaae681e510daf8b39979f6b236934ef7287afd;16b6545e66fb104525108a528dfdcddb3736aab82bf517b5039a0dd9b56d36f7;2026-09-16T18:40:18.343781+00:00;true
LOC-0142;LOC-0142;PUBLIC_TRANSIT;2026-08-17T07:00:00+03:00;OK;0;0;0;LOCAL_TRANSIT_OPTIMISTIC_SCREENING;9a06115733227654d57a91b504f2e6422d22306d14df2f3ebb51502026366bdf;3d5812abc84c11768aa73a732c85d75dbed439188f5bb3239e9b762ea31d9862;2026-09-16T18:40:18.343781+00:00;true
LOC-0142;LOC-0145;PUBLIC_TRANSIT;2026-08-17T07:00:00+03:00;OK;2072;35;8029;LOCAL_TRANSIT_OPTIMISTIC_SCREENING;0b97061987021e531e7252e8198c362afd48bb9ab0995393a89db5f9b9c89531;0ff206adeb3f17e1eb42db27d1c150d970cb3d5093c200ca24aae4712254440e;2026-09-16T18:40:18.343781+00:00;true
LOC-0142;LOC-0148;PUBLIC_TRANSIT;2026-08-17T07:00:00+03:00;OK;1602;27;3939;LOCAL_TRANSIT_OPTIMISTIC_SCREENING;41b256587ec7054406cae811ead9c27af8c2cb9e82446d8b18ec316b2dad5dcb;9bea0a3d1e5247d2dc69ac1f7e8a5d541d0fd6831d1e5395e6b6d8d3902950d7;2026-09-16T18:40:18.343781+00:00;true
LOC-0142;LOC-0149;PUBLIC_TRANSIT;2026-08-17T07:00:00+03:00;OK;1462;25;4165;LOCAL_TRANSIT_OPTIMISTIC_SCREENING;35329f2b4d4effea122e09a19647fa804bfb9018c234f48243dcf5321b7ddc1b;0250ac890fc93f91dc0cc0338e3a7d78f675a4b745c1e29fbdbaa209b3bd7570;2026-09-16T18:40:18.343781+00:00;true
LOC-0142;LOC-0150;PUBLIC_TRANSIT;2026-08-17T07:00:00+03:00;OK;1343;23;4322;LOCAL_TRANSIT_OPTIMISTIC_SCREENING;0a00e97d1105d803043f786acbbec4e47db8056f078d1122bf1ba319a2b0ec65;42d5579450fee78ce0c57841de5017f208d0aed0b1bcf39cdf3b8d0e564e5409;2026-09-16T18:40:18.343781+00:00;true
LOC-0142;LOC-0151;PUBLIC_TRANSIT;2026-08-17T07:00:00+03:00;OK;1532;26;3536;LOCAL_TRANSIT_OPTIMISTIC_SCREENING;335f3b22e150abd351aa7ab2921ac2a9b386eff257a339498d065179ce630c39;bb5826ca4506437f99d17eeda407be6a744140288eb89bda61c723ff62a02b29;2026-09-16T18:40:18.343781+00:00;true
LOC-0142;LOC-0152;PUBLIC_TRANSIT;2026-08-17T07:00:00+03:00;OK;1533;26;3514;LOCAL_TRANSIT_OPTIMISTIC_SCREENING;26e3d885ac66ab55df5f4f3072f7e108f9794b05d5c3864023f5942e931dbd80;b8013391d1e0955569ec3e3ee3cd7f38b0c805316b33724b7565afed35c6baf9;2026-09-16T18:40:18.343781+00:00;true
LOC-0142;LOC-0190;PUBLIC_TRANSIT;2026-08-17T07:00:00+03:00;OK;2386;40;7387;LOCAL_TRANSIT_OPTIMISTIC_SCREENING;1d61a385560b8d611220a49de0007b3987aedb3147ddf939a55dd8838b303f1e;722dd28179ec026cf88ce5107a8a61c36bff455efc274151c753c288955cefa3;2026-09-16T18:40:18.343781+00:00;true
LOC-0142;LOC-0196;PUBLIC_TRANSIT;2026-08-17T07:00:00+03:00;OK;1236;21;4282;LOCAL_TRANSIT_OPTIMISTIC_SCREENING;f63e7f0f6a58c4e87bdfca2311b1d31b1bc45e997a011cead052d680322a0ef4;dbb65eaf1531d821d9bf4aa7974c6e1f5a3a9a7fbec1971a57b16510c6df11d7;2026-09-16T18:40:18.343781+00:00;true
LOC-0145;LOC-0002;PUBLIC_TRANSIT;2026-08-17T07:00:00+03:00;OK;2146;36;7436;LOCAL_TRANSIT_OPTIMISTIC_SCREENING;041380005f23913251e5e09de6be7a279ad494603ab233be9a5b68dce2e6f2bd;a1d9041eb6132120ac6da14356eca08fbb6487eb6a6017436ba0430026ce70fa;2026-09-16T18:40:18.343781+00:00;true
LOC-0145;LOC-0008;PUBLIC_TRANSIT;2026-08-17T07:00:00+03:00;OK;800;14;2437;LOCAL_TRANSIT_OPTIMISTIC_SCREENING;ef7367ac92f6ab9fabac914442793a9cac498c903a851a43a11acf3678becb41;b897a06a1cf0dc1eedaff883b0be757d120ed31509a65e3995427a6ef2bca0e4;2026-09-16T18:40:18.343781+00:00;true
LOC-0145;LOC-0009;PUBLIC_TRANSIT;2026-08-17T07:00:00+03:00;OK;2782;47;10097;LOCAL_TRANSIT_OPTIMISTIC_SCREENING;39fc02fbf13d7b7b8a3492702e5fba2b971618d6cb8366aed046593c7441da1e;43c3fcbe848348ccba7c234fa2de36c47c10bf408ec222d988d3de785cdcfe70;2026-09-16T18:40:18.343781+00:00;true
LOC-0145;LOC-0010;PUBLIC_TRANSIT;2026-08-17T07:00:00+03:00;OK;828;14;2051;LOCAL_TRANSIT_OPTIMISTIC_SCREENING;dcea0adae5008f5c06d9e0581060f2c0331da21fc5ccb17ff7e7de5c5cb1fdb7;57222fef27d036b7cdcd316d6c70754458798b27e6c33636fc997cb6ceb3eb4b;2026-09-16T18:40:18.343781+00:00;true
LOC-0145;LOC-0011;PUBLIC_TRANSIT;2026-08-17T07:00:00+03:00;OK;1028;18;3002;LOCAL_TRANSIT_OPTIMISTIC_SCREENING;454ce4d0a6e302fdca76d5e0d3899f9b1984049a621da7aa3722e0167811c1b4;21842e34fb2531fae80b1af7eafa64487d5e3200bdf41af02f22a03cf470aa33;2026-09-16T18:40:18.343781+00:00;true
LOC-0145;LOC-0012;PUBLIC_TRANSIT;2026-08-17T07:00:00+03:00;OK;763;13;2262;LOCAL_TRANSIT_OPTIMISTIC_SCREENING;5c600d0e1a4b856cd3edb358c4adb9ee49f893e07e5a499fce711b1a934f4cfc;1d02fa549aa8338d87f8e81cdcb60113863813202da35ad57861c1786c17f18d;2026-09-16T18:40:18.343781+00:00;true
LOC-0145;LOC-0013;PUBLIC_TRANSIT;2026-08-17T07:00:00+03:00;OK;2411;41;8484;LOCAL_TRANSIT_OPTIMISTIC_SCREENING;e6390056d9db53bae5d3144065797099c5de299951d1f881eb46cf67d3a6deec;644693ca17e976731942ff997f94bd56cdd107f297710987cba1779dd32c791e;2026-09-16T18:40:18.343781+00:00;true
LOC-0145;LOC-0016;PUBLIC_TRANSIT;2026-08-17T07:00:00+03:00;OK;2257;38;8932;LOCAL_TRANSIT_OPTIMISTIC_SCREENING;76461436f015b1bf0e356728e50c512b2b2d8fb888c9b0d37a61d749c7a2fb99;272a64ccc177f1a0d16a18a0bcb9163ce59fcd086e65e8659384920b74ad04ca;2026-09-16T18:40:18.343781+00:00;true
LOC-0145;LOC-0017;PUBLIC_TRANSIT;2026-08-17T07:00:00+03:00;OK;1955;33;4867;LOCAL_TRANSIT_OPTIMISTIC_SCREENING;0fc819947c535fb4cb93e35150b5af0840d343e86e936aebcd7fd2897e041b56;84afe8255128b745c72bfb5c6d69c899f2cb0e9dc1dc94039bd020cdd64e8229;2026-09-16T18:40:18.343781+00:00;true
LOC-0145;LOC-0018;PUBLIC_TRANSIT;2026-08-17T07:00:00+03:00;OK;1435;24;4167;LOCAL_TRANSIT_OPTIMISTIC_SCREENING;8d2477b2fe0c254e555f032ec2a4c536cb705ed9f615652d97a2bb958d3db75f;2b887150211f3bb8765a316c69faa16a09afb09cf6fc1bef4d4e479b7f07900b;2026-09-16T18:40:18.343781+00:00;true
LOC-0145;LOC-0019;PUBLIC_TRANSIT;2026-08-17T07:00:00+03:00;OK;1044;18;2068;LOCAL_TRANSIT_OPTIMISTIC_SCREENING;e38a260103ef07b30dcca1c1443e9ffa34a2a0033de88d45aa9b7e7371efb057;0ff62ba5c468873517242dd5e0a917bdc7f7afebbab259bf546f881fe9390258;2026-09-16T18:40:18.343781+00:00;true
LOC-0145;LOC-0020;PUBLIC_TRANSIT;2026-08-17T07:00:00+03:00;OK;285;5;341;LOCAL_TRANSIT_OPTIMISTIC_SCREENING;68a840af993b67c38976c1b07ae432553c1c379bb3f00067365ea0c870871793;03c6bccf471969d01bf79938bab16ce15bce6420f1d3d56afd5041a619c42793;2026-09-16T18:40:18.343781+00:00;true
LOC-0145;LOC-0023;PUBLIC_TRANSIT;2026-08-17T07:00:00+03:00;OK;1172;20;3235;LOCAL_TRANSIT_OPTIMISTIC_SCREENING;b3fe20bafa0d387a6dd58d44e7ed9015d20d7bd3eae85a6712cd155ed1ab4392;b11c421d7b5b8295c61a519bf5760bcfe51cbc677c41595ba76c2959f70146a9;2026-09-16T18:40:18.343781+00:00;true
LOC-0145;LOC-0027;PUBLIC_TRANSIT;2026-08-17T07:00:00+03:00;OK;1840;31;5009;LOCAL_TRANSIT_OPTIMISTIC_SCREENING;27f73d89d4ceeaa04990ba6a76b22385f1855af0fccb24be68b523fbc748bd27;f384379846c9171dc572c59820f89869a1c57af4181a0f8f1e4fc31673b2795b;2026-09-16T18:40:18.343781+00:00;true
LOC-0145;LOC-0028;PUBLIC_TRANSIT;2026-08-17T07:00:00+03:00;OK;2469;42;7994;LOCAL_TRANSIT_OPTIMISTIC_SCREENING;907cbbf5fe50ffed4faa289aae8d2e20d35738269a60406c4d1daa390ec85f82;5ff8b789116572b7363f5a8837e9d289beccf21489b3d216327615d4340ec2ac;2026-09-16T18:40:18.343781+00:00;true
LOC-0145;LOC-0029;PUBLIC_TRANSIT;2026-08-17T07:00:00+03:00;OK;2409;41;7956;LOCAL_TRANSIT_OPTIMISTIC_SCREENING;27a5d526453843cb07fcf6564a6166c1f3db877adb63432975837bf4e58b4f8b;245b888810b0ce8de9ac07b15ffaa9817e1d3f90d1e7c3f71c807e66a3747c48;2026-09-16T18:40:18.343781+00:00;true
LOC-0145;LOC-0037;PUBLIC_TRANSIT;2026-08-17T07:00:00+03:00;OK;1691;29;5970;LOCAL_TRANSIT_OPTIMISTIC_SCREENING;6994e82e60bcf584d2f40ee92c53d2cf595f94bd25c744ab074cd10fab972e2e;0ffc5d1bcf66aa1c6112fb7e34820f85f66d8ad7a6a3947149f179b7b267d4cc;2026-09-16T18:40:18.343781+00:00;true
LOC-0145;LOC-0045;PUBLIC_TRANSIT;2026-08-17T07:00:00+03:00;OK;1977;33;6951;LOCAL_TRANSIT_OPTIMISTIC_SCREENING;457a098ba20e5a1f7ce1773140162f392c1c4fae0ce03c0ea7654102ac245520;006355ea64db0e278b2c56b290ff5c1ddd2e0f20fab739699d1cac80cf2fcdc1;2026-09-16T18:40:18.343781+00:00;true
LOC-0145;LOC-0053;PUBLIC_TRANSIT;2026-08-17T07:00:00+03:00;OK;2015;34;8267;LOCAL_TRANSIT_OPTIMISTIC_SCREENING;b715c90d3ada5931f2d5b7409d2892adf00c4d439cc5c6cea250af17d736cc15;61e96e4bd54612ba4987496f52aac8d2628990ee13f0f6735b1c710657ec0ad0;2026-09-16T18:40:18.343781+00:00;true
LOC-0145;LOC-0054;PUBLIC_TRANSIT;2026-08-17T07:00:00+03:00;OK;2003;34;5513;LOCAL_TRANSIT_OPTIMISTIC_SCREENING;0e9da0838a88eecfea0d4ed30fa1d34d323cc6f7998bf4c722c32719f19a17b5;e9e36092a4eb3939f3c4d5c416d8561d13ba42fd02ba035cd794ce971af027d5;2026-09-16T18:40:18.343781+00:00;true
LOC-0145;LOC-0061;PUBLIC_TRANSIT;2026-08-17T07:00:00+03:00;OK;1055;18;2643;LOCAL_TRANSIT_OPTIMISTIC_SCREENING;0d19710f544a8562765f03232762f88e46be91d70542cd3e43afaa508e34781f;1dbd7b2e37aa7d1b5ab08d29da6680c01aefa2aa8623907f393b550cdf6d8e1f;2026-09-16T18:40:18.343781+00:00;true
LOC-0145;LOC-0063;PUBLIC_TRANSIT;2026-08-17T07:00:00+03:00;OK;2186;37;9258;LOCAL_TRANSIT_OPTIMISTIC_SCREENING;043eef4e9efe4e724190c38c62f141e6e840908a7cc3ed495f63c862351219f7;cb55405aa76d750d934a4056b968317dbd865f9503407ccc9a1ae5c6cce5f4b2;2026-09-16T18:40:18.343781+00:00;true
LOC-0145;LOC-0064;PUBLIC_TRANSIT;2026-08-17T07:00:00+03:00;OK;2027;34;8796;LOCAL_TRANSIT_OPTIMISTIC_SCREENING;e96358d712ce1b6ec18d048a2cfd4aa3b3298d804c5a3ee03eea01653e3e72fa;6abe1ad00bd81608a97b5a7f11023524b395a67043c92d2418ad9da95bd94979;2026-09-16T18:40:18.343781+00:00;true
LOC-0145;LOC-0074;PUBLIC_TRANSIT;2026-08-17T07:00:00+03:00;OK;1789;30;3928;LOCAL_TRANSIT_OPTIMISTIC_SCREENING;6f183f6327ec7b8156db6738d2236770ba1220b9b140560e6cfaef2c46ed6ad0;13eb895b373e0e41cb69623d9e5edcf0a28ad66255f6068b490b4573c6ed2c77;2026-09-16T18:40:18.343781+00:00;true
LOC-0145;LOC-0075;PUBLIC_TRANSIT;2026-08-17T07:00:00+03:00;OK;1651;28;4336;LOCAL_TRANSIT_OPTIMISTIC_SCREENING;cf25bd1b7c39b32b06dd87aaf680e5869455fa414fb905cc36e8365ca3e03c94;af5160a0296f87a889bb9dd3930b032b1fea0d0b37c8a50dabf35451f6801c7a;2026-09-16T18:40:18.343781+00:00;true
LOC-0145;LOC-0076;PUBLIC_TRANSIT;2026-08-17T07:00:00+03:00;OK;2553;43;9261;LOCAL_TRANSIT_OPTIMISTIC_SCREENING;63af456877de5539ff2c816e069a2bd2a75c42fb1b6cd45c6f4ff6df5c91e069;13bbd5f27e920bb3281adaacd454c6c685de913ab375d575beb8380be3b1a1e4;2026-09-16T18:40:18.343781+00:00;true
LOC-0145;LOC-0078;PUBLIC_TRANSIT;2026-08-17T07:00:00+03:00;OK;2085;35;7678;LOCAL_TRANSIT_OPTIMISTIC_SCREENING;d596ee74d8bc8a009ce40a7dab041b8da84a6ecd5693f7ae51eb602f524cdeb6;a3dc55e039d67fe5926749a023edfaebbeb65a9896ebaa493823fd8c6e0a2800;2026-09-16T18:40:18.343781+00:00;true
LOC-0145;LOC-0080;PUBLIC_TRANSIT;2026-08-17T07:00:00+03:00;OK;1335;23;3843;LOCAL_TRANSIT_OPTIMISTIC_SCREENING;a787b08da3540f5928ace0204911f12f93321938b5ff92684474ec418d469558;a28d5145f9133a8982029f2c65a71618998511de0aea1b852ad5c28e53863c6d;2026-09-16T18:40:18.343781+00:00;true
LOC-0145;LOC-0082;PUBLIC_TRANSIT;2026-08-17T07:00:00+03:00;OK;2313;39;8689;LOCAL_TRANSIT_OPTIMISTIC_SCREENING;e947b6c2d14a62473582c3ef265b52dbefb1e6b32ac1c66fad1e931ec7f15f0e;dffa8f5b6e67a26a88287fff1c34c9b5d3ab2350246c34ee8d9c760d1ad287e2;2026-09-16T18:40:18.343781+00:00;true
LOC-0145;LOC-0085;PUBLIC_TRANSIT;2026-08-17T07:00:00+03:00;OK;1875;32;8135;LOCAL_TRANSIT_OPTIMISTIC_SCREENING;a0a87276c4a1396bf207a7133e1828c6950d79d2bcf554c9dd78528aa000cd2f;9a5c661a820074db5f445130ad284afb02237b339948e2d918bea736021e44cc;2026-09-16T18:40:18.343781+00:00;true
LOC-0145;LOC-0086;PUBLIC_TRANSIT;2026-08-17T07:00:00+03:00;OK;1657;28;7901;LOCAL_TRANSIT_OPTIMISTIC_SCREENING;08203ae6207c80b767f7634b348516feca2107a0a483ed435ba92c35d5829f44;b00bcc171cf00278cf45e36a77e28221382596df0dc0d7d852df97cdcfc942d2;2026-09-16T18:40:18.343781+00:00;true
LOC-0145;LOC-0091;PUBLIC_TRANSIT;2026-08-17T07:00:00+03:00;OK;459;8;1395;LOCAL_TRANSIT_OPTIMISTIC_SCREENING;9882f24e660c359d22ef3d21150b0ef38fe439136083d35085696e7f46ae1103;12679031d343d9490a5e3ad8885b0282cf3f7dc8da07867a11ba42ad290ed7ff;2026-09-16T18:40:18.343781+00:00;true
LOC-0145;LOC-0092;PUBLIC_TRANSIT;2026-08-17T07:00:00+03:00;OK;598;10;952;LOCAL_TRANSIT_OPTIMISTIC_SCREENING;c98a49292ef2f328bf1d5624e014f6333ed35b1f10c9f0a0a145950c52416cd7;fb5eb14227458f861f95bd5d60050492a39524b4fae52538a65f7b4a68fbb328;2026-09-16T18:40:18.343781+00:00;true
LOC-0145;LOC-0093;PUBLIC_TRANSIT;2026-08-17T07:00:00+03:00;OK;587;10;1117;LOCAL_TRANSIT_OPTIMISTIC_SCREENING;daedfe90f0acc5de52b8d119336b45389973bf59872b328458854daf4b77c405;25079b6f4f5a5e265598812b1277dfcc34d66fb7823b00e213f8fbbd54522b4c;2026-09-16T18:40:18.343781+00:00;true
LOC-0145;LOC-0094;PUBLIC_TRANSIT;2026-08-17T07:00:00+03:00;OK;2043;35;8428;LOCAL_TRANSIT_OPTIMISTIC_SCREENING;3daba18f1d82179e8c2525edeb2e552e5e654bb450ed27521f2dd764c10cfa03;8ec0bb2145d9bc732218a81e72e16da96bde554203af5a3345efdfe5c859e2d2;2026-09-16T18:40:18.343781+00:00;true
LOC-0145;LOC-0095;PUBLIC_TRANSIT;2026-08-17T07:00:00+03:00;OK;1677;28;9217;LOCAL_TRANSIT_OPTIMISTIC_SCREENING;7410006a71de980447480cf01c1625a05fbb75f7c0bcb831fde98de1b00ced99;7e850c7af5bb8577e04c679638dc990016240a5bbc4eae355d4fcdd3e2c8bacc;2026-09-16T18:40:18.343781+00:00;true
LOC-0145;LOC-0102;PUBLIC_TRANSIT;2026-08-17T07:00:00+03:00;OK;1796;30;9043;LOCAL_TRANSIT_OPTIMISTIC_SCREENING;9569aa4f1f02cb968f45600d73094c63cc58632ad5678c728c7fd714956d469b;5cef739d74bd31095c2ce20ec64915015c638a9016e0aac206062c5d740b71ee;2026-09-16T18:40:18.343781+00:00;true
LOC-0145;LOC-0112;PUBLIC_TRANSIT;2026-08-17T07:00:00+03:00;OK;851;15;2419;LOCAL_TRANSIT_OPTIMISTIC_SCREENING;538cbe6292ef57d7a52f510e8e5794b0679e595fafea89d182f32de1d732838b;5c9b12783b1043eb893ccb21ab7b89669fe8ee28335b856604d68a63bce3ae61;2026-09-16T18:40:18.343781+00:00;true
LOC-0145;LOC-0124;PUBLIC_TRANSIT;2026-08-17T07:00:00+03:00;OK;2414;41;9920;LOCAL_TRANSIT_OPTIMISTIC_SCREENING;e287e0acb2e740a314fe89550922890cc4e0f513e7a42d0478111673b1f82cf8;2d4f6de566b317b006d6957e7f8e0e37c1dffc43771247775291f00d4106037b;2026-09-16T18:40:18.343781+00:00;true
LOC-0145;LOC-0125;PUBLIC_TRANSIT;2026-08-17T07:00:00+03:00;OK;1357;23;3821;LOCAL_TRANSIT_OPTIMISTIC_SCREENING;ea87ad9e8e3c73fa61360e70562088d6bda137c44772f0855b6d1c406cd10468;531bd0c7c68e87bc58c9991ec3a5f45a26ae81c6a9159300e7bda4697e7a12a7;2026-09-16T18:40:18.343781+00:00;true
LOC-0145;LOC-0126;PUBLIC_TRANSIT;2026-08-17T07:00:00+03:00;OK;1408;24;3477;LOCAL_TRANSIT_OPTIMISTIC_SCREENING;1eff2a065793ff1803f274d1d7c8f5aec3f572ccbd847584373a86b25ef87776;40fd05ad635211876201acc0a869fe5772bf692fe2adc90936fbb97676f45875;2026-09-16T18:40:18.343781+00:00;true
LOC-0145;LOC-0128;PUBLIC_TRANSIT;2026-08-17T07:00:00+03:00;OK;2031;34;5728;LOCAL_TRANSIT_OPTIMISTIC_SCREENING;7890209f7277cd48c7aba4bdf6c1b861455f4a92040063fa9a71e1b35934c7a7;83c74a564c6faf252160ac181d18cde27f2c75280d8d9ade6c1dc07850854271;2026-09-16T18:40:18.343781+00:00;true
LOC-0145;LOC-0134;PUBLIC_TRANSIT;2026-08-17T07:00:00+03:00;OK;2141;36;7818;LOCAL_TRANSIT_OPTIMISTIC_SCREENING;eddd7ceb8ccc5bab45311b5c4fdae23463f9e1301208d305ebe8ce40ebcec670;c6b400858bf9bafbcf2e3634aebb3ee1ae53e2f0c60eb2b6ee53e1ea6fb239bc;2026-09-16T18:40:18.343781+00:00;true
LOC-0145;LOC-0135;PUBLIC_TRANSIT;2026-08-17T07:00:00+03:00;OK;2254;38;7947;LOCAL_TRANSIT_OPTIMISTIC_SCREENING;e8bc39ddacfe2fc01c672af77f3242a24564e61f05674a4a3b26a9da94b4c316;450dff9a3ebbffcd2b376b2dd157c1b6da4b1486c571cddea19ff5ba0c1f3c98;2026-09-16T18:40:18.343781+00:00;true
LOC-0145;LOC-0136;PUBLIC_TRANSIT;2026-08-17T07:00:00+03:00;OK;2207;37;8314;LOCAL_TRANSIT_OPTIMISTIC_SCREENING;d11f4aaaa51ac85062225b78514ea32b6298643243c9f5c5d708490e4d151db2;05f2d1e0d6bbd724ea9bad5fdfd214d05eace65d6603072e6c8f4e6453ace97f;2026-09-16T18:40:18.343781+00:00;true
LOC-0145;LOC-0140;PUBLIC_TRANSIT;2026-08-17T07:00:00+03:00;OK;2221;38;8009;LOCAL_TRANSIT_OPTIMISTIC_SCREENING;659eff9e3317953dc52dc1fec17a6844fede87a3d3c42254c46f4cbaf5159551;903b6725c70e11574407cd7723427b24f8be26fdb842e945e1e5bc22a93bc842;2026-09-16T18:40:18.343781+00:00;true
LOC-0145;LOC-0141;PUBLIC_TRANSIT;2026-08-17T07:00:00+03:00;OK;2255;38;8105;LOCAL_TRANSIT_OPTIMISTIC_SCREENING;c633e86ba6310c3e0c3ecea57413c20328373ab2d54e75e4e1b39207e543a0bb;8bf69a253499759a94892903a9fba3533e66f036edeb04f16ef1475782be7b56;2026-09-16T18:40:18.343781+00:00;true
LOC-0145;LOC-0142;PUBLIC_TRANSIT;2026-08-17T07:00:00+03:00;OK;2156;36;8029;LOCAL_TRANSIT_OPTIMISTIC_SCREENING;20849e533c718b697525fb4f86e1eb7be4ddf7ddcd665b6d3aebed410890a969;788112ef08ef3bdb962ec5979b0fb82ace5f80051a19c8a81b49bd46896771c3;2026-09-16T18:40:18.343781+00:00;true
LOC-0145;LOC-0145;PUBLIC_TRANSIT;2026-08-17T07:00:00+03:00;OK;0;0;0;LOCAL_TRANSIT_OPTIMISTIC_SCREENING;190fd62043f851385adb8658b562b5ecec3f752da1fefa756716233364c1e153;3d5812abc84c11768aa73a732c85d75dbed439188f5bb3239e9b762ea31d9862;2026-09-16T18:40:18.343781+00:00;true
LOC-0145;LOC-0148;PUBLIC_TRANSIT;2026-08-17T07:00:00+03:00;OK;1816;31;4523;LOCAL_TRANSIT_OPTIMISTIC_SCREENING;6bfb33ccdaa0a092cbd601db1b5964fb63873d68544deb071a1377f9f46ac05b;7af8b65f8fce7ed73e887ef89e2071208df82275759bae6e4e3273b13b86b119;2026-09-16T18:40:18.343781+00:00;true
LOC-0145;LOC-0149;PUBLIC_TRANSIT;2026-08-17T07:00:00+03:00;OK;1868;32;4442;LOCAL_TRANSIT_OPTIMISTIC_SCREENING;a0a5060e2c6fdd13c6e836bd6d9fe7ce9edd84bb4ec5d09bc02789583fd384e3;5509f76cac5f4a7cd0e690fbda678fe32eead3348952e17fac1651bfbdeb2aeb;2026-09-16T18:40:18.343781+00:00;true
LOC-0145;LOC-0150;PUBLIC_TRANSIT;2026-08-17T07:00:00+03:00;OK;1968;33;4397;LOCAL_TRANSIT_OPTIMISTIC_SCREENING;2c02bb2626ad6ec0a6753dddc090f59f7fcd2ade6abcc1a1a50b8d4d88de5413;03aa5d4fdd32a235c375d9eb2af31d77d26b1d53c156d110ef2f64f58e1bab17;2026-09-16T18:40:18.343781+00:00;true
LOC-0145;LOC-0151;PUBLIC_TRANSIT;2026-08-17T07:00:00+03:00;OK;1816;31;4764;LOCAL_TRANSIT_OPTIMISTIC_SCREENING;d4f7f01b42c0d03b92d1d722e91a0bd111a37f84b45d503da57e2a287d3aa0ad;163dac43cb5df778867012da7d1e546c098fdb74ed2e542025ce2d19163b990c;2026-09-16T18:40:18.343781+00:00;true
LOC-0145;LOC-0152;PUBLIC_TRANSIT;2026-08-17T07:00:00+03:00;OK;1839;31;4819;LOCAL_TRANSIT_OPTIMISTIC_SCREENING;a6f8914b1da0ede0701626f16dc583010e4017d1a9036174bf731622cea7b28f;7a2984329109665e08bf58774b60d252d9f2249eb9db5e05af48f88f56906767;2026-09-16T18:40:18.343781+00:00;true
LOC-0145;LOC-0190;PUBLIC_TRANSIT;2026-08-17T07:00:00+03:00;OK;1154;20;3323;LOCAL_TRANSIT_OPTIMISTIC_SCREENING;e69bfd3c92a635c7f36339eec41bdebd2c4a3b788a5368776d1a14bf732bc3ff;9aacfbb7794b00e0e12e6434bd8592f019d24d36bfe60f458c8a1983d97342cb;2026-09-16T18:40:18.343781+00:00;true
LOC-0145;LOC-0196;PUBLIC_TRANSIT;2026-08-17T07:00:00+03:00;OK;1346;23;4332;LOCAL_TRANSIT_OPTIMISTIC_SCREENING;787802f0f9fe61c3d80f8ad5b707461049db1a27b2668d5555b60794f34a88ae;86a86304311e1becb864dea3e17a512e47c077b09a65ddaffa2f725b94fffff0;2026-09-16T18:40:18.343781+00:00;true
LOC-0148;LOC-0002;PUBLIC_TRANSIT;2026-08-17T07:00:00+03:00;OK;2218;37;5510;LOCAL_TRANSIT_OPTIMISTIC_SCREENING;e45b226968e99d2ac211af506c8fb76697b7f0239cb01c1e59679041d0e93e01;4e582f77333067db5f46a0afc4b3910cc1d675473b2d00a55bc0a0747c0e8a60;2026-09-16T18:40:18.343781+00:00;true
LOC-0148;LOC-0008;PUBLIC_TRANSIT;2026-08-17T07:00:00+03:00;OK;1500;25;4901;LOCAL_TRANSIT_OPTIMISTIC_SCREENING;8084b7d9bb97aba87894d9631411588a2221598ca39662cbb4785eecf8a272dc;18661cbbc6f185caf428e29b8c84ce33fbaeba747d7bdf6b70ff2f42c9b0c072;2026-09-16T18:40:18.343781+00:00;true
LOC-0148;LOC-0009;PUBLIC_TRANSIT;2026-08-17T07:00:00+03:00;OK;2184;37;5688;LOCAL_TRANSIT_OPTIMISTIC_SCREENING;30b809178e8c9a9169ac1b3bf3391cbe622a8c7fbe3a310560bfa6f95cc9ca27;0882f942306f439886ae0c0152044d161191dbcf400ef883efdc0ac876f1731a;2026-09-16T18:40:18.343781+00:00;true
LOC-0148;LOC-0010;PUBLIC_TRANSIT;2026-08-17T07:00:00+03:00;OK;1423;24;5221;LOCAL_TRANSIT_OPTIMISTIC_SCREENING;4e4dae272d258ef55a35008686636ada470982cebc2761ea6377d4b436df121d;1ab68abce7cf68a4a587fe031f2c7856fb75d2c1077aa2ebbdb553c5f63db486;2026-09-16T18:40:18.343781+00:00;true
LOC-0148;LOC-0011;PUBLIC_TRANSIT;2026-08-17T07:00:00+03:00;OK;1683;29;4735;LOCAL_TRANSIT_OPTIMISTIC_SCREENING;4d962a6c63944e874ec32919121fd85168ec989a2571d670f5288e0bca48e1ff;ba33e954dae29bbf2f0eadb785c05313096ddd14fa03bcce620c99870dba3983;2026-09-16T18:40:18.343781+00:00;true
LOC-0148;LOC-0012;PUBLIC_TRANSIT;2026-08-17T07:00:00+03:00;OK;1463;25;4254;LOCAL_TRANSIT_OPTIMISTIC_SCREENING;2a0564d036f0cfd416752d858899aeb53cde0763673567b6c2b31e0d5935836f;b7bd601006d88d1f4319b005f1fd35cc3c7c5d2f140176f634ad7933240830c1;2026-09-16T18:40:18.343781+00:00;true
LOC-0148;LOC-0013;PUBLIC_TRANSIT;2026-08-17T07:00:00+03:00;OK;2583;44;6318;LOCAL_TRANSIT_OPTIMISTIC_SCREENING;daac505d4460963fbb232e8db378e3e7b7a2bbeec8e7a1e1ddb1c0872cb8b678;6516ffa5fbe3c69fdc6d59f68e282c09349132f7838ea3ccf064e422816344f1;2026-09-16T18:40:18.343781+00:00;true
LOC-0148;LOC-0016;PUBLIC_TRANSIT;2026-08-17T07:00:00+03:00;OK;2087;35;5217;LOCAL_TRANSIT_OPTIMISTIC_SCREENING;50e0cb3cb7d05772ca7a27b3419acdc9d05f0dcd4f9959d828a23d9dd4d99d8f;8b993ed7cb7fa3e5071dfa3644752fc84c77f59a4c856b7bac34b75ddd6328c8;2026-09-16T18:40:18.343781+00:00;true
LOC-0148;LOC-0017;PUBLIC_TRANSIT;2026-08-17T07:00:00+03:00;OK;409;7;618;LOCAL_TRANSIT_OPTIMISTIC_SCREENING;a2fff2292215d4e500f1329c90c117347c274354ffe5ba1e27b8bdc3e4e2fef1;0c2d62bd3ddd0e9f5a6b31adb97cce691525c5bd9255b2a9f83f9563976031fe;2026-09-16T18:40:18.343781+00:00;true
LOC-0148;LOC-0018;PUBLIC_TRANSIT;2026-08-17T07:00:00+03:00;OK;505;9;862;LOCAL_TRANSIT_OPTIMISTIC_SCREENING;6275e44baaf3840a922054a84d3edb8df71f71932d74f58cf7f0c34812125ab9;beb80dd8dde1e029ddfb282b91fbcdb3d952027b28cd5cfe4e5aea0f3746eb64;2026-09-16T18:40:18.343781+00:00;true
LOC-0148;LOC-0019;PUBLIC_TRANSIT;2026-08-17T07:00:00+03:00;OK;1639;28;5480;LOCAL_TRANSIT_OPTIMISTIC_SCREENING;51b067a913908948d9443c295225fbf8605dc2b7b40c2846cb5a61922998a510;a347df3cd8fbbc1851a71c092720ab6e0b67a0b81a5a0e86d2cbe74b2baf3962;2026-09-16T18:40:18.343781+00:00;true
LOC-0148;LOC-0020;PUBLIC_TRANSIT;2026-08-17T07:00:00+03:00;OK;1772;30;4771;LOCAL_TRANSIT_OPTIMISTIC_SCREENING;13b2ef52299877596851e24db817d1aef54fed54fe50f1d7c1368587d6a26eb2;c4d81adac9c270115bfa94b26be836a54fec542f38890a550e5c9fff3826b326;2026-09-16T18:40:18.343781+00:00;true
LOC-0148;LOC-0023;PUBLIC_TRANSIT;2026-08-17T07:00:00+03:00;OK;1065;18;2097;LOCAL_TRANSIT_OPTIMISTIC_SCREENING;7f76783201ec0bd5b2d238643a9c693d9a69e0a97cb33778588bac185fa5b058;217ba88fb01f00dc25ccd848dc57abb75552561ab83b606e96fd52b50487d92c;2026-09-16T18:40:18.343781+00:00;true
LOC-0148;LOC-0027;PUBLIC_TRANSIT;2026-08-17T07:00:00+03:00;OK;793;14;1307;LOCAL_TRANSIT_OPTIMISTIC_SCREENING;914f543daa4ac088982c10e0de3065e1e64e81967e50f56e7b4acb90d31b90a0;82d91f7e6a8c7d3aecffb191b82fc1b327a30d6b5c1c3bb0a58c9ee73366576b;2026-09-16T18:40:18.343781+00:00;true
LOC-0148;LOC-0028;PUBLIC_TRANSIT;2026-08-17T07:00:00+03:00;OK;1920;32;4068;LOCAL_TRANSIT_OPTIMISTIC_SCREENING;01b74c414a4243c8eda79d92955d5e5ef177b37f994e30971a41dfa0278dc79e;560586538896debce77687616a1d954ecb7a14cc0dca00ae0a3e21dea4c55c88;2026-09-16T18:40:18.343781+00:00;true
LOC-0148;LOC-0029;PUBLIC_TRANSIT;2026-08-17T07:00:00+03:00;OK;1855;31;4005;LOCAL_TRANSIT_OPTIMISTIC_SCREENING;651bff94beabba89bc39027f81c7622c70a0e9267feac11a5a1ba521f63f4a05;c3182d07a32d40a75b8e959c6fd75bfe7a67a4e77a15926cfb41e0727c1033ed;2026-09-16T18:40:18.343781+00:00;true
LOC-0148;LOC-0037;PUBLIC_TRANSIT;2026-08-17T07:00:00+03:00;OK;2120;36;5140;LOCAL_TRANSIT_OPTIMISTIC_SCREENING;41d44c3e3188869991b7e1ad2fb833a7b2b2ff00cf2f8dd721d28ad52a370000;41f2d301b981dc86917a01f74d90825382ae1fbe16ef1acc0bdaad878a06517d;2026-09-16T18:40:18.343781+00:00;true
LOC-0148;LOC-0045;PUBLIC_TRANSIT;2026-08-17T07:00:00+03:00;OK;1061;18;2572;LOCAL_TRANSIT_OPTIMISTIC_SCREENING;3c7469e5ab99e63c53ca98b232bbd5781675473fb097d4393fea6376b5a8bf90;5be16f53e78248732f792aaa410831e7c01e179c7e3baed1404c69318b2503c7;2026-09-16T18:40:18.343781+00:00;true
LOC-0148;LOC-0053;PUBLIC_TRANSIT;2026-08-17T07:00:00+03:00;OK;1620;27;4757;LOCAL_TRANSIT_OPTIMISTIC_SCREENING;c31e6a295e07c98fac6e46d94d06e5083c02f6cb9a51bf8e0ab692d94dd3aa59;4420df0e3f6fb7f331b548348dc583e122829fbcf9970ec75b50ea5a4c7948e8;2026-09-16T18:40:18.343781+00:00;true
LOC-0148;LOC-0054;PUBLIC_TRANSIT;2026-08-17T07:00:00+03:00;OK;2273;38;4612;LOCAL_TRANSIT_OPTIMISTIC_SCREENING;33a11e09104c04f013f1d8df7aa79af2d4467a183b936dac142b38ed8cc5f0e8;0a1fd8a12572cbd44104c8fbce8ad0862004f96e35defca66b85460ba0c745e0;2026-09-16T18:40:18.343781+00:00;true
LOC-0148;LOC-0061;PUBLIC_TRANSIT;2026-08-17T07:00:00+03:00;OK;1627;28;4261;LOCAL_TRANSIT_OPTIMISTIC_SCREENING;4a5e90605c80bc1dab072f764ca3881523e7881feb2e490c978797948d5bd0b3;4a8d686643d33ab0edc3ac2e5494a467e1764c8fe608a816f08b2bd07710621f;2026-09-16T18:40:18.343781+00:00;true
LOC-0148;LOC-0063;PUBLIC_TRANSIT;2026-08-17T07:00:00+03:00;OK;1904;32;4924;LOCAL_TRANSIT_OPTIMISTIC_SCREENING;9f7ca1d14a1d8bfa79306af36ce006ad3042b73635f007d44715e5883c5d4203;5e81c1d72e71b0648c87f18bb21302d4f52136643051816d6fc545b380a5090b;2026-09-16T18:40:18.343781+00:00;true
LOC-0148;LOC-0064;PUBLIC_TRANSIT;2026-08-17T07:00:00+03:00;OK;1800;30;4426;LOCAL_TRANSIT_OPTIMISTIC_SCREENING;4829e4e3c0a8cd63bb488dc14b8a27d11859ba4dac783ab2d2e17e1fe14da7b5;8c634782b25503a7436bf1ac5053c4e2913dacd0983d865df384c8ee6a393422;2026-09-16T18:40:18.343781+00:00;true
LOC-0148;LOC-0074;PUBLIC_TRANSIT;2026-08-17T07:00:00+03:00;OK;364;7;663;LOCAL_TRANSIT_OPTIMISTIC_SCREENING;0b0275a6442448e5706b7e7084b5b854f41ea15ff66257767663745e15cfad57;5f857181ad78e702f83e8229cd54ed8456fe489cf3ef0bab9b76465c1eca5cec;2026-09-16T18:40:18.343781+00:00;true
LOC-0148;LOC-0075;PUBLIC_TRANSIT;2026-08-17T07:00:00+03:00;OK;154;3;219;LOCAL_TRANSIT_OPTIMISTIC_SCREENING;7326bf568cd6563d44223d7173e5b6c0cdb60f9667a088213a06537021c15c51;86e5d2c81b6f2064836c714f4d9fac6b930d78e46c722501d6a8803f7239cb0d;2026-09-16T18:40:18.343781+00:00;true
LOC-0148;LOC-0076;PUBLIC_TRANSIT;2026-08-17T07:00:00+03:00;OK;2298;39;5431;LOCAL_TRANSIT_OPTIMISTIC_SCREENING;14a820b88bcb755ae7e1a3c8737358e1816010a40c7e0efbd6e22f833ad0c690;f51b6366a48eb145d0bb4fa871505705cd8da6327564667a09663d62775e3e30;2026-09-16T18:40:18.343781+00:00;true
LOC-0148;LOC-0078;PUBLIC_TRANSIT;2026-08-17T07:00:00+03:00;OK;1543;26;3289;LOCAL_TRANSIT_OPTIMISTIC_SCREENING;721f264d1ec9c70ff213435e084b7e6e79e3ea8f5be39c2a03731529640c186a;ba5845c779e727a63f05a4e6de965b2cad31493dad2b9f1b253ae84ecb5754a0;2026-09-16T18:40:18.343781+00:00;true
LOC-0148;LOC-0080;PUBLIC_TRANSIT;2026-08-17T07:00:00+03:00;OK;504;9;710;LOCAL_TRANSIT_OPTIMISTIC_SCREENING;511c16c35833d12655a8349b43994807c53364430994fbc3db8810528915fc05;7d27de9575c4fbb192d91214be49e01cd1a8123010d85c73b877085b3175ec7f;2026-09-16T18:40:18.343781+00:00;true
LOC-0148;LOC-0082;PUBLIC_TRANSIT;2026-08-17T07:00:00+03:00;OK;1743;30;4471;LOCAL_TRANSIT_OPTIMISTIC_SCREENING;151963849514aaf84933c62672c5a74d4085f83ba17f0786db9441bd4bb19e65;72bfbc78d56d16b7164b0f69725646668eb42dd9f1ca82d45fb65a31f4145feb;2026-09-16T18:40:18.343781+00:00;true
LOC-0148;LOC-0085;PUBLIC_TRANSIT;2026-08-17T07:00:00+03:00;OK;2530;43;6521;LOCAL_TRANSIT_OPTIMISTIC_SCREENING;c813b24819fad929f2c9104688a8d82d3a7b311d88a08a83290dae16ce43f8f0;eba6a0c9612b4b8800eda9f7d75712c7cd84c1430492a665a40966a1dc35587c;2026-09-16T18:40:18.343781+00:00;true
LOC-0148;LOC-0086;PUBLIC_TRANSIT;2026-08-17T07:00:00+03:00;OK;2312;39;6409;LOCAL_TRANSIT_OPTIMISTIC_SCREENING;ca23d0de50f23fbfc243a0ed263de10365fb1bb4f0b98754724cca5da9279aba;3e946569084eb7d2e4939a21483b026eafd38ac2a71df55863132049d686ff6e;2026-09-16T18:40:18.343781+00:00;true
LOC-0148;LOC-0091;PUBLIC_TRANSIT;2026-08-17T07:00:00+03:00;OK;1522;26;4492;LOCAL_TRANSIT_OPTIMISTIC_SCREENING;8a351f12e91f1797141765c555e6cb7f791f29bcc86732817a878bc6e3d520de;ab5cee43079e776a25a01e3790f1410b8e59918049e0338179f9e309ac49288b;2026-09-16T18:40:18.343781+00:00;true
LOC-0148;LOC-0092;PUBLIC_TRANSIT;2026-08-17T07:00:00+03:00;OK;1472;25;3985;LOCAL_TRANSIT_OPTIMISTIC_SCREENING;ce269f01364bc6627eb6f045fcdbe36e9f8b3d01bc3190fd0b4c22b0410cf20a;43188f3af4ab86855e2a4f4f82c6b82b54d3d0dbabb9d8c0bbac234570a8fc08;2026-09-16T18:40:18.343781+00:00;true
LOC-0148;LOC-0093;PUBLIC_TRANSIT;2026-08-17T07:00:00+03:00;OK;1434;24;3794;LOCAL_TRANSIT_OPTIMISTIC_SCREENING;3847768ce4e1bb1a8e678ec53394cf7b1a461804068358fcbaf4cc0cf3931baf;9b4b85fe07384dd3b48eae12c6893d81199f465b5e95606355c2b9cca9a49215;2026-09-16T18:40:18.343781+00:00;true
LOC-0148;LOC-0094;PUBLIC_TRANSIT;2026-08-17T07:00:00+03:00;OK;2698;45;6914;LOCAL_TRANSIT_OPTIMISTIC_SCREENING;94788438a3fd42530bbf0a38ab3c55126dd721bdcac8c4fa3dc8be630f4efab5;7d4e813db51b8502b9cf030caff1b850a95e1688505b68be11eab1a4c868b368;2026-09-16T18:40:18.343781+00:00;true
LOC-0148;LOC-0095;PUBLIC_TRANSIT;2026-08-17T07:00:00+03:00;OK;2332;39;7474;LOCAL_TRANSIT_OPTIMISTIC_SCREENING;237a40ec08c860d47f7c87aee5dc6ebd133b2ec86f2a72a5be68c7083bb3d3e0;2eedc1f2ecc1eb846628e8421653f491fdcdde38dcbe42ca43ab2d6d704e5780;2026-09-16T18:40:18.343781+00:00;true
LOC-0148;LOC-0102;PUBLIC_TRANSIT;2026-08-17T07:00:00+03:00;OK;1569;27;4589;LOCAL_TRANSIT_OPTIMISTIC_SCREENING;5d2e358420500e1c8829aa313f628b0e3a3683931c35978752891db32b687f4f;da184a241caff869d5152b552b8fabcbf7e72dc2cf5641aceb0e41192a77863e;2026-09-16T18:40:18.343781+00:00;true
LOC-0148;LOC-0112;PUBLIC_TRANSIT;2026-08-17T07:00:00+03:00;OK;1008;17;2357;LOCAL_TRANSIT_OPTIMISTIC_SCREENING;b0ecff64b2ac75088df6bc4ef3f82a532a2d74cb860e32b19aa8452ad69e0409;61a4e1dad2763e2d821ce0df84c87e6f2e463f745f812c2f65e3fba90d027c8f;2026-09-16T18:40:18.343781+00:00;true
LOC-0148;LOC-0124;PUBLIC_TRANSIT;2026-08-17T07:00:00+03:00;OK;1816;31;5578;LOCAL_TRANSIT_OPTIMISTIC_SCREENING;9c364574df428d1f4c30d9df638528d50865af3468cc851a2977b0da8ed9a8cd;18ce0e1b06df24907ced778a0807ef0bd37012327f4976626503411f3fe1540c;2026-09-16T18:40:18.343781+00:00;true
LOC-0148;LOC-0125;PUBLIC_TRANSIT;2026-08-17T07:00:00+03:00;OK;622;11;1214;LOCAL_TRANSIT_OPTIMISTIC_SCREENING;fbc37f89aab2bb7bb640a4716ffb074d6a0211939f4c3a596a018f8dd943a497;8bd884858d7ae843d158fa00c236c6598fcd888397e80393f35880f87f404682;2026-09-16T18:40:18.343781+00:00;true
LOC-0148;LOC-0126;PUBLIC_TRANSIT;2026-08-17T07:00:00+03:00;OK;578;10;2043;LOCAL_TRANSIT_OPTIMISTIC_SCREENING;9b546e11ba97187003aa59a679a878c7d020f0647dd6d5bc4bfe9e3937d0a05b;8a4bb9b5904bff6c09bd0630f69e863412817225208b41fb18fa90c1ee0accbf;2026-09-16T18:40:18.343781+00:00;true
LOC-0148;LOC-0128;PUBLIC_TRANSIT;2026-08-17T07:00:00+03:00;OK;2120;36;4717;LOCAL_TRANSIT_OPTIMISTIC_SCREENING;eac1c42e471b8b53f608570235685c3859f1c587cf88463fa8bf672bb69e35ed;580f9213a10fe16e2b6d512a1dc7082694bb80bc45eb899606611ab777a3d043;2026-09-16T18:40:18.343781+00:00;true
LOC-0148;LOC-0134;PUBLIC_TRANSIT;2026-08-17T07:00:00+03:00;OK;2260;38;5874;LOCAL_TRANSIT_OPTIMISTIC_SCREENING;7fa8a7d2c50761cc2c031036e82c071caf1c10f13bbece9092b29d7ee52b8e0e;9ac250b8506c4ef4c720668e5c70c80075e72b4913fc4f6c31ef1cde55ffb403;2026-09-16T18:40:18.343781+00:00;true
LOC-0148;LOC-0135;PUBLIC_TRANSIT;2026-08-17T07:00:00+03:00;OK;2335;39;5923;LOCAL_TRANSIT_OPTIMISTIC_SCREENING;22b017b600d3d4aa141b899fae859021849d1589abf1d0fd176f1385822b4884;41097795cf4f1540fa8d9fd9a910a5b5c4cda311d8e56a1b604b13ca903bfb7b;2026-09-16T18:40:18.343781+00:00;true
LOC-0148;LOC-0136;PUBLIC_TRANSIT;2026-08-17T07:00:00+03:00;OK;2279;38;6375;LOCAL_TRANSIT_OPTIMISTIC_SCREENING;a5e1861c8c9f5441b240c9cb78c2720226b71c12042c88faf72186d024702b51;0fb05cbfc020e1e1ca5a1764ac670bcfd5d88a431e609ed7ec90d866e1fa9cfa;2026-09-16T18:40:18.343781+00:00;true
LOC-0148;LOC-0140;PUBLIC_TRANSIT;2026-08-17T07:00:00+03:00;OK;1790;30;4809;LOCAL_TRANSIT_OPTIMISTIC_SCREENING;d70e11cb0d41d0f7137feddc2c11db2d838196f430871aa2af4f79ee65fe66d3;af663ed1bafab4d902dbe26b4662a9a39f658844c63b8f2322ffd9a13cfdbae7;2026-09-16T18:40:18.343781+00:00;true
LOC-0148;LOC-0141;PUBLIC_TRANSIT;2026-08-17T07:00:00+03:00;OK;1767;30;3974;LOCAL_TRANSIT_OPTIMISTIC_SCREENING;d17f3476625b02b056ce73b48bd99b08157b2c5ebbff2f97dbbc8d945676b24d;adea5ad6aa057e5968ae21014e40548c57c63d127009530d1e5a9b70ebebce49;2026-09-16T18:40:18.343781+00:00;true
LOC-0148;LOC-0142;PUBLIC_TRANSIT;2026-08-17T07:00:00+03:00;OK;1668;28;3939;LOCAL_TRANSIT_OPTIMISTIC_SCREENING;6b1590621c1b816e106d163396f2b80216c423b0fc99179b76721c9ba040bc54;f74de340591b65b47e5eb9f1a281f2461bdd29bd436b5e3fe1be7c1fbe0edd78;2026-09-16T18:40:18.343781+00:00;true
LOC-0148;LOC-0145;PUBLIC_TRANSIT;2026-08-17T07:00:00+03:00;OK;1524;26;4523;LOCAL_TRANSIT_OPTIMISTIC_SCREENING;ab8ec59270f9d160bd79f4383c53a6f7b9e82514509ad02ffefbb0425fea3ae7;868a48bb618e9dc8936e19f332024d425440df5dfb87b2d0e2a0d6cfefdc13be;2026-09-16T18:40:18.343781+00:00;true
LOC-0148;LOC-0148;PUBLIC_TRANSIT;2026-08-17T07:00:00+03:00;OK;0;0;0;LOCAL_TRANSIT_OPTIMISTIC_SCREENING;f00405d628cfa754504059b9aa7999e991a3eef9448f150ad58b1a3c242adbda;3d5812abc84c11768aa73a732c85d75dbed439188f5bb3239e9b762ea31d9862;2026-09-16T18:40:18.343781+00:00;true
LOC-0148;LOC-0149;PUBLIC_TRANSIT;2026-08-17T07:00:00+03:00;OK;206;4;271;LOCAL_TRANSIT_OPTIMISTIC_SCREENING;2e1cf0180a48604f854a10411099ec92a3f5fa63bf7411ed2afc7d9c8c2b9d49;1fd638638de6a9375c2e48963d3edff0a6a6fc3f16bcf482d4ac561b6bcdf965;2026-09-16T18:40:18.343781+00:00;true
LOC-0148;LOC-0150;PUBLIC_TRANSIT;2026-08-17T07:00:00+03:00;OK;350;6;455;LOCAL_TRANSIT_OPTIMISTIC_SCREENING;c84ceb71a2c3322f6772b7ede06d9ff5f895b919325f1fd84652994fd3d5220c;f0d40462462c7412d586d2004b2239e53394adbe7b4546321d9a6d98b57aa86a;2026-09-16T18:40:18.343781+00:00;true
LOC-0148;LOC-0151;PUBLIC_TRANSIT;2026-08-17T07:00:00+03:00;OK;279;5;439;LOCAL_TRANSIT_OPTIMISTIC_SCREENING;20333e2063d6b4daf8f58f69d8039208d7f376a9a83f7b21ef21cb7f80fb2b73;f7783e23358b01f3cd5cb142a1035029a4aa541d9a92f258e63d587ac314e64c;2026-09-16T18:40:18.343781+00:00;true
LOC-0148;LOC-0152;PUBLIC_TRANSIT;2026-08-17T07:00:00+03:00;OK;313;6;437;LOCAL_TRANSIT_OPTIMISTIC_SCREENING;07e58697f708cf79c9b00eebebb499459a73bb4f8e01319be9e567d0ec7e27bd;3fe60deefd9c6c26566a318b527d20658430ce7c4aacb38e26acdf78a25928f9;2026-09-16T18:40:18.343781+00:00;true
LOC-0148;LOC-0190;PUBLIC_TRANSIT;2026-08-17T07:00:00+03:00;OK;1317;22;3477;LOCAL_TRANSIT_OPTIMISTIC_SCREENING;e58a4b2e73bf25cbe50a2bf0b488b61feb342f0a5f565f0a59bb418cd9d2b5c0;7c7127be590fe79d131cfada3928c001deb15125f99977a171754919f0305cf1;2026-09-16T18:40:18.343781+00:00;true
LOC-0148;LOC-0196;PUBLIC_TRANSIT;2026-08-17T07:00:00+03:00;OK;909;16;2903;LOCAL_TRANSIT_OPTIMISTIC_SCREENING;acd9b8a3d360566ae49a83962f5b81b9dbc5b40d908a2ed107ae12b90e8e39f6;1aabf8f683fd5f80e97595a69c7f33cb92962c16c86a2cf5ba16083c28a02275;2026-09-16T18:40:18.343781+00:00;true
LOC-0149;LOC-0002;PUBLIC_TRANSIT;2026-08-17T07:00:00+03:00;OK;2270;38;5264;LOCAL_TRANSIT_OPTIMISTIC_SCREENING;bf2263e7d3c65bab7ce0104a40fa25522988e19a551db2f31afbbba7e1f95665;b3d49705442cb9f9515a5ab3b7da27959df25a781c58820537050fdd020181e6;2026-09-16T18:40:18.343781+00:00;true
LOC-0149;LOC-0008;PUBLIC_TRANSIT;2026-08-17T07:00:00+03:00;OK;1552;26;4702;LOCAL_TRANSIT_OPTIMISTIC_SCREENING;56aed3b6c4a42069eed563a510ea2ad98a233ed4ccf5ceddd22921b636306270;f8fb176dbc570af67ce142e0ea7ed4378ee0090ac42c82acf3a70cc82463aeee;2026-09-16T18:40:18.343781+00:00;true
LOC-0149;LOC-0009;PUBLIC_TRANSIT;2026-08-17T07:00:00+03:00;OK;2255;38;5851;LOCAL_TRANSIT_OPTIMISTIC_SCREENING;27dd7dacb9e9b27b7d9ed5f300d39de30f06a04d41403d086e6db2e5113b2e4a;bb9bd5678e0468bdd7b8321de883ddf0241c8ef1258b8ffaed4b6a73893103ec;2026-09-16T18:40:18.343781+00:00;true
LOC-0149;LOC-0010;PUBLIC_TRANSIT;2026-08-17T07:00:00+03:00;OK;1475;25;5045;LOCAL_TRANSIT_OPTIMISTIC_SCREENING;1922fd7d3954b0cd38046892908da106d9bd609618d50bef99ebe039a85ae732;da695e6a366279068d4fced6f648993e0702d3931a42779dae01277bd0279bea;2026-09-16T18:40:18.343781+00:00;true
LOC-0149;LOC-0011;PUBLIC_TRANSIT;2026-08-17T07:00:00+03:00;OK;1735;29;4512;LOCAL_TRANSIT_OPTIMISTIC_SCREENING;ce29a4bfb938ec91fbda5facaccb8d52c1626038c767ce39ecd65d4cc0f1695f;5df7da4dd844f98d48fa7b91e1121d651814e5c7906ab5625e26928c997ac9cb;2026-09-16T18:40:18.343781+00:00;true
LOC-0149;LOC-0012;PUBLIC_TRANSIT;2026-08-17T07:00:00+03:00;OK;1515;26;4055;LOCAL_TRANSIT_OPTIMISTIC_SCREENING;d93ab336dbae2b1c78ba18721d7f22bbfaf9e3754eb0784fdc729434dea571e9;fdce9451b8b8d8021e0a5cf6643783aa2ede6c2f48abc1dd4237a1cb10e47162;2026-09-16T18:40:18.343781+00:00;true
LOC-0149;LOC-0013;PUBLIC_TRANSIT;2026-08-17T07:00:00+03:00;OK;2635;44;6087;LOCAL_TRANSIT_OPTIMISTIC_SCREENING;c48ce488afe1d07839df2d4810fc91a30e218a412153c29d5c56d0e130994fa6;d51603a74b3eef71133845ad04068d53e6cd96c62c5682edb5b26796ad5ced31;2026-09-16T18:40:18.343781+00:00;true
LOC-0149;LOC-0016;PUBLIC_TRANSIT;2026-08-17T07:00:00+03:00;OK;2055;35;5095;LOCAL_TRANSIT_OPTIMISTIC_SCREENING;45d402d2962f23aeba212454912cf9977337f9d9649e21fae72553d83ed6629f;7d93aa7ed88f2a0333b5ea1dc111624ab28af34df9efefbc1498dbdfa706a062;2026-09-16T18:40:18.343781+00:00;true
LOC-0149;LOC-0017;PUBLIC_TRANSIT;2026-08-17T07:00:00+03:00;OK;480;8;884;LOCAL_TRANSIT_OPTIMISTIC_SCREENING;8a942a52d2aeb70c4123caeee17e9a7aec32e50d17ded86c17db7ebacca909a4;dff15d9aa27397ab3c9bd03007bf77ccdb1919d3ea5be48bf17985cb7775900b;2026-09-16T18:40:18.343781+00:00;true
LOC-0149;LOC-0018;PUBLIC_TRANSIT;2026-08-17T07:00:00+03:00;OK;576;10;1061;LOCAL_TRANSIT_OPTIMISTIC_SCREENING;8f64b4c347f6ec2239a1329363cd2c2932ed8cf5a1d4b7ea0e626b3d06fd0915;1383bbe77a7051ff7316c6d577c0e67b4c82279aa696107a9dc1a1865a7c806a;2026-09-16T18:40:18.343781+00:00;true
LOC-0149;LOC-0019;PUBLIC_TRANSIT;2026-08-17T07:00:00+03:00;OK;1691;29;5310;LOCAL_TRANSIT_OPTIMISTIC_SCREENING;ec07ecb7a1f1f7c62bc2c5fdfe4a0268c155e704d70162c9729bf861865c640b;91cc7835fc65e815127f5e8623fddc32b0b70e8f5431ebb95e40b7f417c75df3;2026-09-16T18:40:18.343781+00:00;true
LOC-0149;LOC-0020;PUBLIC_TRANSIT;2026-08-17T07:00:00+03:00;OK;1843;31;4677;LOCAL_TRANSIT_OPTIMISTIC_SCREENING;315a6337c76e1099b8e0acc2e07b7b7b06735b56a96e28cb04ef808d20d1f2cb;ab6fc228c49ec31a07f324d28c8be095e7775e487fa4905919090158331384ef;2026-09-16T18:40:18.343781+00:00;true
LOC-0149;LOC-0023;PUBLIC_TRANSIT;2026-08-17T07:00:00+03:00;OK;1105;19;2212;LOCAL_TRANSIT_OPTIMISTIC_SCREENING;2f5638a55ee837e35d78e78951a6cfd9dca72502dd4bbc13111b68e67091c988;6e2c14e787682099ce706f63e800102b05f32c9660dcf42e6cec6fe02c084cd4;2026-09-16T18:40:18.343781+00:00;true
LOC-0149;LOC-0027;PUBLIC_TRANSIT;2026-08-17T07:00:00+03:00;OK;633;11;1092;LOCAL_TRANSIT_OPTIMISTIC_SCREENING;d78c66b3f80ba7247b3fe15e68318eaf81beb5aeb3b37fa9a82fe753373ec1dd;c75c126a4760a6351a232ebb6701306fc3ac0db9060edd90629b3500c354f193;2026-09-16T18:40:18.343781+00:00;true
LOC-0149;LOC-0028;PUBLIC_TRANSIT;2026-08-17T07:00:00+03:00;OK;1760;30;3966;LOCAL_TRANSIT_OPTIMISTIC_SCREENING;feda669b42887e1906fb291852afd0f82c0977c445b3e78744285075f7f3b6f6;f005886e9974784e7a41be7e0bb27e3196c979b84a43bc01adc53bf9c4e5abe8;2026-09-16T18:40:18.343781+00:00;true
LOC-0149;LOC-0029;PUBLIC_TRANSIT;2026-08-17T07:00:00+03:00;OK;1695;29;3906;LOCAL_TRANSIT_OPTIMISTIC_SCREENING;03a1eeb364feadcf5fb746c8233518ef4d9dbaad6d905f1dde2358b12a281275;2928e4b03885da0dc1b7e51b5bd80c183b7c58090673ad8bf0c64379c8687b0c;2026-09-16T18:40:18.343781+00:00;true
LOC-0149;LOC-0037;PUBLIC_TRANSIT;2026-08-17T07:00:00+03:00;OK;2172;37;4870;LOCAL_TRANSIT_OPTIMISTIC_SCREENING;3941d4c0859e03fb00346801796a4b1b745cc156c64833d9bdc3c1da8728976b;e481f34e8a8118611cd77e33c858a3f226845c8c4d583ebb3ed05ff0aeaa734b;2026-09-16T18:40:18.343781+00:00;true
LOC-0149;LOC-0045;PUBLIC_TRANSIT;2026-08-17T07:00:00+03:00;OK;901;16;2562;LOCAL_TRANSIT_OPTIMISTIC_SCREENING;6831aadeb2b59d74aa67c994db32836bd4c56b5ebc55526b31c5febdd6da1c66;be625028eb93d18b0ee5daa3334b69a0106027652c12e202117d7812db693649;2026-09-16T18:40:18.343781+00:00;true
LOC-0149;LOC-0053;PUBLIC_TRANSIT;2026-08-17T07:00:00+03:00;OK;1691;29;4607;LOCAL_TRANSIT_OPTIMISTIC_SCREENING;e9a268960b7f8dd9b7613ec76270d1c2541944f1f3b7036f57b8768ab66b1d65;6b0d7c653fbfc2e235cc5eed4f1e343035f2a0f2c8dce49e2704c52fb5eaf746;2026-09-16T18:40:18.343781+00:00;true
LOC-0149;LOC-0054;PUBLIC_TRANSIT;2026-08-17T07:00:00+03:00;OK;2325;39;4342;LOCAL_TRANSIT_OPTIMISTIC_SCREENING;99843e496fd7db8ee87b77224f899dfdebb065faedb804e09d6497c763e8444b;c2d422d62de4a846edb8822ea1fd13ca94d9eef1221705a517ce9fb9384cb54b;2026-09-16T18:40:18.343781+00:00;true
LOC-0149;LOC-0061;PUBLIC_TRANSIT;2026-08-17T07:00:00+03:00;OK;1679;28;4047;LOCAL_TRANSIT_OPTIMISTIC_SCREENING;b1d245f4739678b4d46a74bffd4bf75d93b6a8094b8a01579cd2a956eb5f760b;e15c8e8b532da5b958c714bfda0ca3f97f666c0989f26883c1707128a81761d5;2026-09-16T18:40:18.343781+00:00;true
LOC-0149;LOC-0063;PUBLIC_TRANSIT;2026-08-17T07:00:00+03:00;OK;1744;30;4912;LOCAL_TRANSIT_OPTIMISTIC_SCREENING;380ce99a09acec190ea0b663548a21749a8926f9a187d126f8896300f083ac7b;be07a3c56e240dabc124caa60f035afe5ad6fd5da4e7019a3380fa7bc7615384;2026-09-16T18:40:18.343781+00:00;true
LOC-0149;LOC-0064;PUBLIC_TRANSIT;2026-08-17T07:00:00+03:00;OK;1852;31;4424;LOCAL_TRANSIT_OPTIMISTIC_SCREENING;83f0a8cea2e4dd6131c87a409afe3346b56ed95012092594d3dc9b2fdb0a1302;33b432e986112f7f4a2ae0dcf09573f06a48fddb75ea1f958119cbc33a5da01c;2026-09-16T18:40:18.343781+00:00;true
LOC-0149;LOC-0074;PUBLIC_TRANSIT;2026-08-17T07:00:00+03:00;OK;416;7;517;LOCAL_TRANSIT_OPTIMISTIC_SCREENING;31c0d8ff42ff6a9bc592640a939604bda5e160e7c429d5bdbb134d38177f927d;5c24e8673104e02c9354629e3a13e424ac15eb0e61a9b6de828f2bebfdd21d28;2026-09-16T18:40:18.343781+00:00;true
LOC-0149;LOC-0075;PUBLIC_TRANSIT;2026-08-17T07:00:00+03:00;OK;317;6;330;LOCAL_TRANSIT_OPTIMISTIC_SCREENING;9ba787053588f0f3724700433bbac055c0eef5d535cef289155f0d81470841bb;518fa4a33c3a7d5c250af931dee9bb1f0b6c525a0c8c3ca82ed92995c9739ee7;2026-09-16T18:40:18.343781+00:00;true
LOC-0149;LOC-0076;PUBLIC_TRANSIT;2026-08-17T07:00:00+03:00;OK;2351;40;5326;LOCAL_TRANSIT_OPTIMISTIC_SCREENING;5c4ece02b5e5ed38189a40f247d60ae0daddde92e560d5bbd420f3bfcf4838a8;467d6abc80855c7262384686226615e8baa621c9a7259feb87bfcf3f86e372d1;2026-09-16T18:40:18.343781+00:00;true
LOC-0149;LOC-0078;PUBLIC_TRANSIT;2026-08-17T07:00:00+03:00;OK;1383;24;3288;LOCAL_TRANSIT_OPTIMISTIC_SCREENING;0749ab9b45c18cc9af013cae3bb436eeffae7ebcc193db54449190b536cd2605;0f640307f734f1ce3798b45dbfde10547a69594d762dff1191fceb8ac19b4c55;2026-09-16T18:40:18.343781+00:00;true
LOC-0149;LOC-0080;PUBLIC_TRANSIT;2026-08-17T07:00:00+03:00;OK;556;10;744;LOCAL_TRANSIT_OPTIMISTIC_SCREENING;c27dc9ba11e4189cf233b2125885be72e81dcfb233589065c3310204f88e464e;de1ab45cfe3febc1b51c40b077859f88ad1baaf257e51eb7db5f82e31bb9ebed;2026-09-16T18:40:18.343781+00:00;true
LOC-0149;LOC-0082;PUBLIC_TRANSIT;2026-08-17T07:00:00+03:00;OK;1583;27;4427;LOCAL_TRANSIT_OPTIMISTIC_SCREENING;20b2fb7f8d7282eb2023241a1f8031039b57ab9b56569e996ff8f6ab3360d1bb;ec29ad43ee030b2f15497b9bd291f06283ccc96293ae10b93d3edf1d69ca0762;2026-09-16T18:40:18.343781+00:00;true
LOC-0149;LOC-0085;PUBLIC_TRANSIT;2026-08-17T07:00:00+03:00;OK;2582;44;6271;LOCAL_TRANSIT_OPTIMISTIC_SCREENING;deefe65b1dc271bf40c485c26e815889ed9decc440c8897eb11313e5627c4e0b;9c8cd5ac0598d4432e7096aa459fa89800a25289967800acf84ab8b2508fadb8;2026-09-16T18:40:18.343781+00:00;true
LOC-0149;LOC-0086;PUBLIC_TRANSIT;2026-08-17T07:00:00+03:00;OK;2364;40;6156;LOCAL_TRANSIT_OPTIMISTIC_SCREENING;6e3c6fe5433792ed7005f9e96522f61fb9f01a09713782bc6b8fb080d6c2c1f1;80e393d85007faa1ae67f4d5e21766dbaf74f46c0c2e6b81d9f8b86856fb042c;2026-09-16T18:40:18.343781+00:00;true
LOC-0149;LOC-0091;PUBLIC_TRANSIT;2026-08-17T07:00:00+03:00;OK;1574;27;4336;LOCAL_TRANSIT_OPTIMISTIC_SCREENING;665c70a64c2f3d66076a4825e86f3d46dbbcd798c531a20219efe4034f506d03;1afcdfa8334b2177a9f772245616e837a1fb236cedaa0646c0f28405e7165c85;2026-09-16T18:40:18.343781+00:00;true
LOC-0149;LOC-0092;PUBLIC_TRANSIT;2026-08-17T07:00:00+03:00;OK;1543;26;3859;LOCAL_TRANSIT_OPTIMISTIC_SCREENING;da00496ca4b5ca70cd955842b18acebdddc972a93de0f23a29a051246820381c;d1146e38fba3c967edb3db6267ded34b26b16d80fc7a3dac17de1da38608873c;2026-09-16T18:40:18.343781+00:00;true
LOC-0149;LOC-0093;PUBLIC_TRANSIT;2026-08-17T07:00:00+03:00;OK;1505;26;3664;LOCAL_TRANSIT_OPTIMISTIC_SCREENING;afc25d7cdd484e3cd43fcf97dc2a130610ea639631c51641fe9f8de4722d0ed2;3b4bc1c6f15a9861a6db89e6a021d02556264592a42a98716c468c5ca46f2ba2;2026-09-16T18:40:18.343781+00:00;true
LOC-0149;LOC-0094;PUBLIC_TRANSIT;2026-08-17T07:00:00+03:00;OK;2750;46;6664;LOCAL_TRANSIT_OPTIMISTIC_SCREENING;a173e69d352e99a4dc2fc0318ff8dcb990be7a1d9554e3cb700a18f7599ac7e3;7d3a6b2db905d397a12f09cb050f7ffbfeffc2340b200eb34fc175594f4829ed;2026-09-16T18:40:18.343781+00:00;true
LOC-0149;LOC-0095;PUBLIC_TRANSIT;2026-08-17T07:00:00+03:00;OK;2384;40;7233;LOCAL_TRANSIT_OPTIMISTIC_SCREENING;a82872fb297275afdb87fc60c56dba4ed637ce800b51fcc26f672701c92d9626;24034a3043a30289dffc2c248f261ce9d78abf2995523580cf8e86315f4124f4;2026-09-16T18:40:18.343781+00:00;true
LOC-0149;LOC-0102;PUBLIC_TRANSIT;2026-08-17T07:00:00+03:00;OK;1621;28;4620;LOCAL_TRANSIT_OPTIMISTIC_SCREENING;ec4a21e835650dfac039b10c6fc1f95e545359cc524d39b30845c47f155812ea;c1c77db2feeaa5206929e519c81ab881cff5cf130253d581032ead1cd6eca517;2026-09-16T18:40:18.343781+00:00;true
LOC-0149;LOC-0112;PUBLIC_TRANSIT;2026-08-17T07:00:00+03:00;OK;1060;18;2201;LOCAL_TRANSIT_OPTIMISTIC_SCREENING;c0dc5ef82acd8af2090dafc5406b72a52be56dd8918f530e6f4b201d7d31d366;6e9e0d85e3559d68412d2b2abc6b39f25e084caaf2d59f8b464f7fec47439450;2026-09-16T18:40:18.343781+00:00;true
LOC-0149;LOC-0124;PUBLIC_TRANSIT;2026-08-17T07:00:00+03:00;OK;1887;32;5758;LOCAL_TRANSIT_OPTIMISTIC_SCREENING;d191cb15b5044279698fff552a67427c8953805f7fb76927927d5917d39ddba7;518fb94d3146df68ea825b0c4c51f7c9d7dcdf822e0bbe1128a69723bafe7528;2026-09-16T18:40:18.343781+00:00;true
LOC-0149;LOC-0125;PUBLIC_TRANSIT;2026-08-17T07:00:00+03:00;OK;693;12;1366;LOCAL_TRANSIT_OPTIMISTIC_SCREENING;b7197fb7360917182eaa85ad5dba7c26dc3015f4b71b52a747ad4ab98c82382a;7c4c2ba0155ce4cc36e0e1691a1355d5476adbb6e8d0f34fd6afb8001219b45a;2026-09-16T18:40:18.343781+00:00;true
LOC-0149;LOC-0126;PUBLIC_TRANSIT;2026-08-17T07:00:00+03:00;OK;630;11;1799;LOCAL_TRANSIT_OPTIMISTIC_SCREENING;ce548944290c5b13c1bdcd86f4871933ed1711624634a59c5bd2e845859fa4da;a4c55f1a0ca8704b383a4670c567fccaaeb2c47eacd87bd7f1d8d3d2dad3a394;2026-09-16T18:40:18.343781+00:00;true
LOC-0149;LOC-0128;PUBLIC_TRANSIT;2026-08-17T07:00:00+03:00;OK;2172;37;4448;LOCAL_TRANSIT_OPTIMISTIC_SCREENING;a2e3f61e79c1096e99316212af4c222f13d532e0aeaf48bb6397b6261528e647;cfac5384af94b25d2e1272252aede329b19f266436e4282f7eebdc61adefb3ca;2026-09-16T18:40:18.343781+00:00;true
LOC-0149;LOC-0134;PUBLIC_TRANSIT;2026-08-17T07:00:00+03:00;OK;2312;39;5632;LOCAL_TRANSIT_OPTIMISTIC_SCREENING;81ce7a53a3a565ec581709e1fbee5e6e32ad0ed54fa5ed690fe1855a3ac43cb1;5b18bdb992a97ece602448c7be978fdfa579b85b92a1622d95c66a849215d132;2026-09-16T18:40:18.343781+00:00;true
LOC-0149;LOC-0135;PUBLIC_TRANSIT;2026-08-17T07:00:00+03:00;OK;2387;40;5684;LOCAL_TRANSIT_OPTIMISTIC_SCREENING;68ef0e8d521fe313ac2502c95458e6a2d67d5df1702546284094f39579440ce9;ad61d2c6b94f58b9fe76f00ceff269a73086492f2a56c240a15034d05332458b;2026-09-16T18:40:18.343781+00:00;true
LOC-0149;LOC-0136;PUBLIC_TRANSIT;2026-08-17T07:00:00+03:00;OK;2331;39;6135;LOCAL_TRANSIT_OPTIMISTIC_SCREENING;4948da1f39b9cfc1e46f3ba0f2c7e6dc6243ee2bec797cda5d30455b898f1ce1;ad19de201749f778cf72ed1a620b8c9ab483653f523b4cf9236a0188b7999fe6;2026-09-16T18:40:18.343781+00:00;true
LOC-0149;LOC-0140;PUBLIC_TRANSIT;2026-08-17T07:00:00+03:00;OK;1861;32;4630;LOCAL_TRANSIT_OPTIMISTIC_SCREENING;5dd828a5d02ff61176ad9310a7eafaabc53683b7d79f9e06565343a6690add05;f3bdc1c2e86b0be2c04d89a02bd94b7f7eb2d6102bfa9f99e1dc75a41588b60c;2026-09-16T18:40:18.343781+00:00;true
LOC-0149;LOC-0141;PUBLIC_TRANSIT;2026-08-17T07:00:00+03:00;OK;1838;31;4196;LOCAL_TRANSIT_OPTIMISTIC_SCREENING;1b0e55f86bc5bf6de22631efd4695773ff127fc70b3773e56fc309094ea1c372;6caf83ffdc8aeab7479933470d1b26bdd89ecb5e25162d98e8f5bea5f6112729;2026-09-16T18:40:18.343781+00:00;true
LOC-0149;LOC-0142;PUBLIC_TRANSIT;2026-08-17T07:00:00+03:00;OK;1739;29;4165;LOCAL_TRANSIT_OPTIMISTIC_SCREENING;fd6fe185bc96467c9ea9b32c2e3f2a2fd1a9d6253149716914808078e55194e8;0271f2e66f3fcd7e0d54b8f8b885d5c43fdc1efe923b24189f7541037facfd59;2026-09-16T18:40:18.343781+00:00;true
LOC-0149;LOC-0145;PUBLIC_TRANSIT;2026-08-17T07:00:00+03:00;OK;1595;27;4442;LOCAL_TRANSIT_OPTIMISTIC_SCREENING;d603e0f60ecedae1478ed73715cce4eb17468c4c2b199f78a3004309617516c0;f764662fc6c0f5b2cce152745a7c7582d10c4057bcf520190d2ce18e8206ceb0;2026-09-16T18:40:18.343781+00:00;true
LOC-0149;LOC-0148;PUBLIC_TRANSIT;2026-08-17T07:00:00+03:00;OK;217;4;271;LOCAL_TRANSIT_OPTIMISTIC_SCREENING;00d38939b8549db215331f1f88345d07b5c7801e965a19211823daceccc292a9;3b69bff0b3d71a8e31a9eb371fc7e5b53721d4e0f5f26bf5f356676c1d93a6a6;2026-09-16T18:40:18.343781+00:00;true
LOC-0149;LOC-0149;PUBLIC_TRANSIT;2026-08-17T07:00:00+03:00;OK;0;0;0;LOCAL_TRANSIT_OPTIMISTIC_SCREENING;0f1c9743d6e6fdfcfbb4c10a2b14c5472f6bcb44827b281bb57ccde2c5ef3c1d;3d5812abc84c11768aa73a732c85d75dbed439188f5bb3239e9b762ea31d9862;2026-09-16T18:40:18.343781+00:00;true
LOC-0149;LOC-0150;PUBLIC_TRANSIT;2026-08-17T07:00:00+03:00;OK;186;4;264;LOCAL_TRANSIT_OPTIMISTIC_SCREENING;c6e7448a80018b9c2dd321a31c26b17da6d667ccde191a7e7560147fcd34fc6b;60f08d9e5f1a01be933374bccd299b1b66eb9b029a6efad605b575af75d889a7;2026-09-16T18:40:18.343781+00:00;true
LOC-0149;LOC-0151;PUBLIC_TRANSIT;2026-08-17T07:00:00+03:00;OK;350;6;706;LOCAL_TRANSIT_OPTIMISTIC_SCREENING;48c4ab49fc767f10527927afb06844a3b72e93ed0c33d37aadfbe1b7b0683b81;31f4b5443c9d3d22f47153068f479fd683777089fe0557914e06b13bbdb24848;2026-09-16T18:40:18.343781+00:00;true
LOC-0149;LOC-0152;PUBLIC_TRANSIT;2026-08-17T07:00:00+03:00;OK;384;7;695;LOCAL_TRANSIT_OPTIMISTIC_SCREENING;4daceca24e16197ec4670e971ea8857ab0bc8acae84b5b722209f5a32e0851ba;6829a06cf0206a198751a193f4e438e88fe4aeb37527dab5fdc9df3b0b0022fa;2026-09-16T18:40:18.343781+00:00;true
LOC-0149;LOC-0190;PUBLIC_TRANSIT;2026-08-17T07:00:00+03:00;OK;1369;23;3232;LOCAL_TRANSIT_OPTIMISTIC_SCREENING;7ba4e4e5a7c0f9d3388e75c1691acff7e5f1c18e7b3c86d2e37fc9ab48e8862d;20bda2b5d907d26ad79831d36e6e1cde238115bc93a820628880830a05e10d30;2026-09-16T18:40:18.343781+00:00;true
LOC-0149;LOC-0196;PUBLIC_TRANSIT;2026-08-17T07:00:00+03:00;OK;980;17;3111;LOCAL_TRANSIT_OPTIMISTIC_SCREENING;19c551352578edb062d6cd5d8eb759f1e82157e4d465c449d33e4a99f6d925f4;90f2f2f1dd23ba9c41de57c56cd92c102807da446cd8db424f152b70b889cc73;2026-09-16T18:40:18.343781+00:00;true
LOC-0150;LOC-0002;PUBLIC_TRANSIT;2026-08-17T07:00:00+03:00;OK;2246;38;5097;LOCAL_TRANSIT_OPTIMISTIC_SCREENING;016a60f3973d667d8d29333d407f28efd525eab008e53900f94f3875672c409a;01adef2490c6e78b6b07a8b426315d9302cdd65de77b27d4bca120470db40992;2026-09-16T18:40:18.343781+00:00;true
LOC-0150;LOC-0008;PUBLIC_TRANSIT;2026-08-17T07:00:00+03:00;OK;1528;26;4571;LOCAL_TRANSIT_OPTIMISTIC_SCREENING;7f535212a1847a54003d6eed6ea24d881054d15c6e6eaa44abf52d0ba779d3c3;21e5c00bdea8861c25aa8871d9493aaf319373b39fc631c59094e1f27481429f;2026-09-16T18:40:18.343781+00:00;true
LOC-0150;LOC-0009;PUBLIC_TRANSIT;2026-08-17T07:00:00+03:00;OK;2398;40;5966;LOCAL_TRANSIT_OPTIMISTIC_SCREENING;9229d519b3a4fbacb67b626c70508d05ef1dc62531c085aade9cc206f9a19161;8df41923e6f0459f7ef9c5b646b441246164180aa2f7d9011e060d6ea832e503;2026-09-16T18:40:18.343781+00:00;true
LOC-0150;LOC-0010;PUBLIC_TRANSIT;2026-08-17T07:00:00+03:00;OK;1451;25;4931;LOCAL_TRANSIT_OPTIMISTIC_SCREENING;fb633a8c513c404d36deca18cb708d1d0e2021b4dffceba36027ea9513dcf724;113f78cfb341256c3e069cc76c90f12b784d2ff27e082c32ce46a00356a6d09f;2026-09-16T18:40:18.343781+00:00;true
LOC-0150;LOC-0011;PUBLIC_TRANSIT;2026-08-17T07:00:00+03:00;OK;1711;29;4363;LOCAL_TRANSIT_OPTIMISTIC_SCREENING;0a2e5e21affcde660a2852c2f272d63ac42113fddffa8500e28db9b61f5e3a16;705b480e8aad3ce86c5d905f867e89f3506a2468573a194b2831c43ca7744a2a;2026-09-16T18:40:18.343781+00:00;true
LOC-0150;LOC-0012;PUBLIC_TRANSIT;2026-08-17T07:00:00+03:00;OK;1491;25;3925;LOCAL_TRANSIT_OPTIMISTIC_SCREENING;6721311c58a8b2137ee2f992629627eb821e001b9189fa2f3c876eb4f3c6aeb2;3c31962cee4a7d329a0ce8ca5383811f2a2f5f50cceb2e5419a3f45f6000927b;2026-09-16T18:40:18.343781+00:00;true
LOC-0150;LOC-0013;PUBLIC_TRANSIT;2026-08-17T07:00:00+03:00;OK;2611;44;5930;LOCAL_TRANSIT_OPTIMISTIC_SCREENING;b87327eeeed110bb2ea4158b5a17e84592739fe15eefa2b0953a3dbb132e031a;f9b1fa9a26fa7d33c7069c0d7549e264c73d13c9752ce83fe999b433ef9187f8;2026-09-16T18:40:18.343781+00:00;true
LOC-0150;LOC-0016;PUBLIC_TRANSIT;2026-08-17T07:00:00+03:00;OK;1913;32;5017;LOCAL_TRANSIT_OPTIMISTIC_SCREENING;46875a20b5dcf7a09d1ba1375a4f946eeda7c82b452b8823a6e556130dc89cc0;eec5fa92fa1d906a041f6535e49a3e4a5b2ddf62c3ad455420169673f57e3f10;2026-09-16T18:40:18.343781+00:00;true
LOC-0150;LOC-0017;PUBLIC_TRANSIT;2026-08-17T07:00:00+03:00;OK;623;11;1067;LOCAL_TRANSIT_OPTIMISTIC_SCREENING;0ceb7e04dff35377ceabd6ae59c92e62953b6805202a1cb7ccbd44f64c07e1ed;e8158d9d4ae4198acb2268c50bc560b8fb6caa6238eb1d05cb75a5abfa327015;2026-09-16T18:40:18.343781+00:00;true
LOC-0150;LOC-0018;PUBLIC_TRANSIT;2026-08-17T07:00:00+03:00;OK;719;12;1214;LOCAL_TRANSIT_OPTIMISTIC_SCREENING;a34bbc695d2b370dfd8f279377a1e6ec2cd7e5c70f6a67499d340d4662bd4cff;d6781f3f7494c6182d1e21509bb8211223a4e66db89ee4905a493a0c448205d0;2026-09-16T18:40:18.343781+00:00;true
LOC-0150;LOC-0019;PUBLIC_TRANSIT;2026-08-17T07:00:00+03:00;OK;1667;28;5200;LOCAL_TRANSIT_OPTIMISTIC_SCREENING;b517511940090cab56c858f181df2d7445940a226a1c33b15dcb8bc2585aa034;05625e46fe489417a6740cca023c4751cb017c4d461d682693c1a8f7f0c96b27;2026-09-16T18:40:18.343781+00:00;true
LOC-0150;LOC-0020;PUBLIC_TRANSIT;2026-08-17T07:00:00+03:00;OK;1986;34;4622;LOCAL_TRANSIT_OPTIMISTIC_SCREENING;f284499534e7b2b66b83e720509b22f86e5ec820a223dea340741adb52ad8871;678f756f73e98e8849faff353fa8bffa55ecccb194d8ef081236f1cea662ca17;2026-09-16T18:40:18.343781+00:00;true
LOC-0150;LOC-0023;PUBLIC_TRANSIT;2026-08-17T07:00:00+03:00;OK;986;17;2306;LOCAL_TRANSIT_OPTIMISTIC_SCREENING;d8a6d53d6021de41d60c022418303f39869e9f206258ae3c3a736216b2e2cb35;0eb1433221de8a1c2b4c7a06c092bc04fe95aca094e9759a81474978a594a67b;2026-09-16T18:40:18.343781+00:00;true
LOC-0150;LOC-0027;PUBLIC_TRANSIT;2026-08-17T07:00:00+03:00;OK;491;9;959;LOCAL_TRANSIT_OPTIMISTIC_SCREENING;e3525785c7c22665d9207c8cc549eafa8ecf2efb1dfc2d0587aff5851c37d7b4;f4f97cbcafc2a126144f12a08f89011c2542d1f02d9e6404cdf00701b5dfa7a8;2026-09-16T18:40:18.343781+00:00;true
LOC-0150;LOC-0028;PUBLIC_TRANSIT;2026-08-17T07:00:00+03:00;OK;1618;27;3903;LOCAL_TRANSIT_OPTIMISTIC_SCREENING;55bfa37400b875137022d5baefdbc7aeadc2eceac71a35050cc8619603429ba8;e4bf42091c0c4785365c9b2687d50fdb1bc51647b0c43aa9c01e131c423a8b05;2026-09-16T18:40:18.343781+00:00;true
LOC-0150;LOC-0029;PUBLIC_TRANSIT;2026-08-17T07:00:00+03:00;OK;1553;26;3847;LOCAL_TRANSIT_OPTIMISTIC_SCREENING;0a89efffa24abf7f9f098caf0018a179737a3a41d2ed621e2bed6978f3f029c4;517aa1eb7e60c23ec18826ae15165dd9414b1070fe503c3576555c0af4845253;2026-09-16T18:40:18.343781+00:00;true
LOC-0150;LOC-0037;PUBLIC_TRANSIT;2026-08-17T07:00:00+03:00;OK;2148;36;4687;LOCAL_TRANSIT_OPTIMISTIC_SCREENING;3da1f2465af1ceceb9acae963f46348551caa51bc43ce6edf596e5da9c161741;815d5bbc06132dcf32eb6839111edc2e01dffd82307f456658749c40a96a514a;2026-09-16T18:40:18.343781+00:00;true
LOC-0150;LOC-0045;PUBLIC_TRANSIT;2026-08-17T07:00:00+03:00;OK;759;13;2571;LOCAL_TRANSIT_OPTIMISTIC_SCREENING;0a8fd98d1ee5946ebf73e229a1112f1d45b419e1c8dbb461e2f500afd728acdc;cf56055fb353e1c43be22cebb79b12d34af758cd63f957d051e038a16ef5149e;2026-09-16T18:40:18.343781+00:00;true
LOC-0150;LOC-0053;PUBLIC_TRANSIT;2026-08-17T07:00:00+03:00;OK;1734;29;4510;LOCAL_TRANSIT_OPTIMISTIC_SCREENING;b944af46c0db0b344ab9c783086a27f5dde9d5a8f8f6718047fafd438de687e9;0c87c5167d4772ec8e2fe47a59dd799d96838ab3ea42a9628d7ec4c7fb93049f;2026-09-16T18:40:18.343781+00:00;true
LOC-0150;LOC-0054;PUBLIC_TRANSIT;2026-08-17T07:00:00+03:00;OK;2301;39;4158;LOCAL_TRANSIT_OPTIMISTIC_SCREENING;38c51a82399f8dbb9340622eb0546a8269bd7ad88913f17c5ae58d6d84df8173;6945d8db82e6193f4d585d37f411292f51603c2c9bb6534c63bf1f78fc8e43ca;2026-09-16T18:40:18.343781+00:00;true
LOC-0150;LOC-0061;PUBLIC_TRANSIT;2026-08-17T07:00:00+03:00;OK;1655;28;3905;LOCAL_TRANSIT_OPTIMISTIC_SCREENING;375368b81cdb9390c99aafdd964b413736311030bac372b7ea360bf63eb82af1;ac9d48b7024b6cfcb9d64f0abf06416456c7ec3847810abd983f8fe31e987515;2026-09-16T18:40:18.343781+00:00;true
LOC-0150;LOC-0063;PUBLIC_TRANSIT;2026-08-17T07:00:00+03:00;OK;1602;27;4912;LOCAL_TRANSIT_OPTIMISTIC_SCREENING;9befcbca64e3061e3a5d903cf4d54e5385228dac7512e692d1577e1dfa155e14;4846cfdc2af621754b5275d04e15fcc0a362e8cf2c0686dc07f5ddf6287a9b22;2026-09-16T18:40:18.343781+00:00;true
LOC-0150;LOC-0064;PUBLIC_TRANSIT;2026-08-17T07:00:00+03:00;OK;1777;30;4430;LOCAL_TRANSIT_OPTIMISTIC_SCREENING;a32e27564bd5f61f26f53be8753fd71d7824015e48875a8f1bdb6b09fa46439e;7f10005f774c2ff4e86572c794b054afa23716fbf7bc1d11d2ea087247993820;2026-09-16T18:40:18.343781+00:00;true
LOC-0150;LOC-0074;PUBLIC_TRANSIT;2026-08-17T07:00:00+03:00;OK;392;7;485;LOCAL_TRANSIT_OPTIMISTIC_SCREENING;ae5096988409cd109f3c4545c9003b7eebd07ff80d15a632b67cd4c2bb248576;dddc4386ad99787cfffc11cd00cd05b321b35e030f402316847c53eee20a8106;2026-09-16T18:40:18.343781+00:00;true
LOC-0150;LOC-0075;PUBLIC_TRANSIT;2026-08-17T07:00:00+03:00;OK;432;8;491;LOCAL_TRANSIT_OPTIMISTIC_SCREENING;76bd7b234708dbe9551de206b2683753cba23b89624c89479c820de38921776a;b384eb8843a4f985cffe38ffd64b30d728c757dee4fa6e7131b7b13dda4ce9a2;2026-09-16T18:40:18.343781+00:00;true
LOC-0150;LOC-0076;PUBLIC_TRANSIT;2026-08-17T07:00:00+03:00;OK;2209;37;5259;LOCAL_TRANSIT_OPTIMISTIC_SCREENING;8ea0104f955b71aa11ae1454713f8a37a25281cd18d787a955bd7955e8f0bcf9;3e0da3af07cdd751f984f8fb2d42a9c60e26a0067743e5ca5b80a7a89b574522;2026-09-16T18:40:18.343781+00:00;true
LOC-0150;LOC-0078;PUBLIC_TRANSIT;2026-08-17T07:00:00+03:00;OK;1241;21;3299;LOCAL_TRANSIT_OPTIMISTIC_SCREENING;431c8e17a929a178526120798fab1e72cfd2e9340c3312fec76061bea25f2bf5;ccd9659ed6de6682a01d8e940e80d3039696b501f17cfeb11b40422049948785;2026-09-16T18:40:18.343781+00:00;true
LOC-0150;LOC-0080;PUBLIC_TRANSIT;2026-08-17T07:00:00+03:00;OK;663;12;820;LOCAL_TRANSIT_OPTIMISTIC_SCREENING;88042c6a42f98ebc6d4205b0380951a2be6f93bd44fd967e3ca500de4512358c;f260f1967cad1bb544abcf154f0088460160f780f4dcbeee70dbbf19fd7f0d0b;2026-09-16T18:40:18.343781+00:00;true
LOC-0150;LOC-0082;PUBLIC_TRANSIT;2026-08-17T07:00:00+03:00;OK;1441;25;4406;LOCAL_TRANSIT_OPTIMISTIC_SCREENING;36275cab6c58d05569ba903c86d0d8224a85d6664bd93b87837518fbbc4a8d45;e21984f0c5c39bab53f7909eedd4ff35541883d7ac080e6624f7b1539e6419bc;2026-09-16T18:40:18.343781+00:00;true
LOC-0150;LOC-0085;PUBLIC_TRANSIT;2026-08-17T07:00:00+03:00;OK;2558;43;6101;LOCAL_TRANSIT_OPTIMISTIC_SCREENING;218ba93ee8294f9720c7c913a6321ff912840b3e64da4fe619d0ca86a53c0f85;7edf37c0ae3aefa5188052190783ac7e4b9104191fb0624ded456a20635b17fc;2026-09-16T18:40:18.343781+00:00;true
LOC-0150;LOC-0086;PUBLIC_TRANSIT;2026-08-17T07:00:00+03:00;OK;2340;39;5983;LOCAL_TRANSIT_OPTIMISTIC_SCREENING;6255a2c73e8f46cd4428119a1f26813766f00c741da760ad6a21fb86e5d5b4cb;29141422fa159c593acca102ac15402b8e7f0fc8fbae5aade7b22f53995694cd;2026-09-16T18:40:18.343781+00:00;true
LOC-0150;LOC-0091;PUBLIC_TRANSIT;2026-08-17T07:00:00+03:00;OK;1550;26;4237;LOCAL_TRANSIT_OPTIMISTIC_SCREENING;65bbca1eae9dce448c67a9e2b6f374583ee56eccaf04a0961291a0aef99697ee;f7060f290f2b8cae3bdd5d54389ddd80ebc5c3f6b537141bccad6e7e77d9a4fa;2026-09-16T18:40:18.343781+00:00;true
LOC-0150;LOC-0092;PUBLIC_TRANSIT;2026-08-17T07:00:00+03:00;OK;1681;29;3783;LOCAL_TRANSIT_OPTIMISTIC_SCREENING;c8a7edf14525205f78284e6a2ff5b15006db865b4fb02f9639b6347a9b463e36;1b317260b53bb1245248909c2df5526bf44d272071d365f0f03468f09c2438dd;2026-09-16T18:40:18.343781+00:00;true
LOC-0150;LOC-0093;PUBLIC_TRANSIT;2026-08-17T07:00:00+03:00;OK;1648;28;3585;LOCAL_TRANSIT_OPTIMISTIC_SCREENING;38c2c8855ad643cb05cb454b2286d4498ee91f346cc9c5cb5fb7ad492c611606;5f92a757bb655da1a79bad75f892a235206b0fc06e2fe157860c43eff285e627;2026-09-16T18:40:18.343781+00:00;true
LOC-0150;LOC-0094;PUBLIC_TRANSIT;2026-08-17T07:00:00+03:00;OK;2726;46;6493;LOCAL_TRANSIT_OPTIMISTIC_SCREENING;7fce43c2f4d8ebb066304e446fbc19ec1cd6c11baae92632744a8233acf744d4;e961f05af9e881c9d8faf72e95e6cfd0c30dd96db9de64983b908e5d80201d21;2026-09-16T18:40:18.343781+00:00;true
LOC-0150;LOC-0095;PUBLIC_TRANSIT;2026-08-17T07:00:00+03:00;OK;2360;40;7068;LOCAL_TRANSIT_OPTIMISTIC_SCREENING;7dc6a14b2d02b50a15295ba05c60b5c57258faee3e87798979f76daee3ca4cd5;7285762fbb0de515af6de1f0d4254c51914e94ff3cb6ada6880d222b850df83c;2026-09-16T18:40:18.343781+00:00;true
LOC-0150;LOC-0102;PUBLIC_TRANSIT;2026-08-17T07:00:00+03:00;OK;1597;27;4648;LOCAL_TRANSIT_OPTIMISTIC_SCREENING;6b0d35805024632385b03461da1cf4f00d5f79b48972b9044a4d1ba745bd52f9;49657bd452b08d121bd497fccf86479ad1d8e48c2d3597e40dad731c79b50b8b;2026-09-16T18:40:18.343781+00:00;true
LOC-0150;LOC-0112;PUBLIC_TRANSIT;2026-08-17T07:00:00+03:00;OK;1036;18;2110;LOCAL_TRANSIT_OPTIMISTIC_SCREENING;28930e7a238d7e6f9e86545e00e0efff4d375b5553ce1c829918123ef54ef729;f5f88f64a322c2f6674d6319033a785ce25b88861b8df1d7820b12bec0490858;2026-09-16T18:40:18.343781+00:00;true
LOC-0150;LOC-0124;PUBLIC_TRANSIT;2026-08-17T07:00:00+03:00;OK;2030;34;5884;LOCAL_TRANSIT_OPTIMISTIC_SCREENING;7fa192848fd560887364244ea675958b6887c5c217aced9aae8da0dbf078341b;8009e1f6bdaf5afee8d502e3c4b7631686bd158909d4796dd1600788b9d03059;2026-09-16T18:40:18.343781+00:00;true
LOC-0150;LOC-0125;PUBLIC_TRANSIT;2026-08-17T07:00:00+03:00;OK;836;14;1490;LOCAL_TRANSIT_OPTIMISTIC_SCREENING;1192dc636006c345453ad172602c0b48cff517f1841db1f1b1aab4ab43caf40d;fcc2a008b2d730b21db8c60c3fafc631096cd01ced5ab7388267fe2bed3c5844;2026-09-16T18:40:18.343781+00:00;true
LOC-0150;LOC-0126;PUBLIC_TRANSIT;2026-08-17T07:00:00+03:00;OK;606;11;1638;LOCAL_TRANSIT_OPTIMISTIC_SCREENING;796d58bb1ee31184e8b3183157b15b0752cbc05702dc02af5af0d04fc18c2ebb;5df45659b96142a2d9be910ee699d3c0fbae7ee7a1c665e959d6b5c1e07230a8;2026-09-16T18:40:18.343781+00:00;true
LOC-0150;LOC-0128;PUBLIC_TRANSIT;2026-08-17T07:00:00+03:00;OK;2148;36;4264;LOCAL_TRANSIT_OPTIMISTIC_SCREENING;8ebc559d86763376d26814f74f48fafd32ac080000656cbbc02d8d0ed99c4b21;43f53b3ef342d74d37b559bccbe3abe50646f2c4a3740f7b9047e6e6cb90e689;2026-09-16T18:40:18.343781+00:00;true
LOC-0150;LOC-0134;PUBLIC_TRANSIT;2026-08-17T07:00:00+03:00;OK;2288;39;5467;LOCAL_TRANSIT_OPTIMISTIC_SCREENING;d407e9b40d06e5ba12b8aa16a7a0818b4de6f85fb8e34898b2260a1c32e9abc4;a6e3d7f58debe30df9a3975bed1d60618485e9e6dbc4eabb7bb53e554f84a4d6;2026-09-16T18:40:18.343781+00:00;true
LOC-0150;LOC-0135;PUBLIC_TRANSIT;2026-08-17T07:00:00+03:00;OK;2363;40;5522;LOCAL_TRANSIT_OPTIMISTIC_SCREENING;e24a91d3cb9f11f134e64a23b3b7efaea9d9ad65666eebf620eb8497a8692436;8de7b78c481b9f0fa2f4472cbd6f56878c3233c7ca7a9932a8c912d2c94e7e36;2026-09-16T18:40:18.343781+00:00;true
LOC-0150;LOC-0136;PUBLIC_TRANSIT;2026-08-17T07:00:00+03:00;OK;2307;39;5972;LOCAL_TRANSIT_OPTIMISTIC_SCREENING;43baa59c5c00f952cb2ac4a8b7fe314c29c08534e9391436be10f6b301881f5a;da3eab5c76a1fc6cd81c478cd1ab2a3d3ad9d3e3cb3bf11bfc3987ef67f97163;2026-09-16T18:40:18.343781+00:00;true
LOC-0150;LOC-0140;PUBLIC_TRANSIT;2026-08-17T07:00:00+03:00;OK;1904;32;4512;LOCAL_TRANSIT_OPTIMISTIC_SCREENING;c7a224aa52a8f6e01886c6a7bac6bf3ec72a9abb03de31e53bc24b9591f7ca2e;cc3574c1601a1037bf80f8974247a7335d51533a0622792b9188a8c58450b08e;2026-09-16T18:40:18.343781+00:00;true
LOC-0150;LOC-0141;PUBLIC_TRANSIT;2026-08-17T07:00:00+03:00;OK;1981;34;4349;LOCAL_TRANSIT_OPTIMISTIC_SCREENING;efc48981c53412f8353aa1ca1bbb74e2f010562fe350620fe7c267925e15487d;e6e1e4c300fffebf9905c88c34ccd75acbd199d2eadf7033f863d9458b7888e1;2026-09-16T18:40:18.343781+00:00;true
LOC-0150;LOC-0142;PUBLIC_TRANSIT;2026-08-17T07:00:00+03:00;OK;1882;32;4322;LOCAL_TRANSIT_OPTIMISTIC_SCREENING;dc087176e9377f8092e30de4840a09cbd08d0b2ba3324798f3dfc921756eefac;91e6eee2b2ee431d9722af16692154208947517541598f8ca725d13e698a1ff1;2026-09-16T18:40:18.343781+00:00;true
LOC-0150;LOC-0145;PUBLIC_TRANSIT;2026-08-17T07:00:00+03:00;OK;1738;29;4397;LOCAL_TRANSIT_OPTIMISTIC_SCREENING;0993b4e104f0f9fe9c044e9cc1a50cccac8bd187c41c7c85f05131d62e5991f7;3d104c4bdd1c1b707e61d9a37582ee2cd0ac386edea18ce2fb6c9070e0f1dd90;2026-09-16T18:40:18.343781+00:00;true
LOC-0150;LOC-0148;PUBLIC_TRANSIT;2026-08-17T07:00:00+03:00;OK;360;6;455;LOCAL_TRANSIT_OPTIMISTIC_SCREENING;016dc210657e0a67cf5ff333d9e2e788dc5068effcf99f7a88f9270f67d0ab53;ec107444e20d6c1dce1116ab5c7b38b3b0cc111fc9edd0793d1fd22f50229645;2026-09-16T18:40:18.343781+00:00;true
LOC-0150;LOC-0149;PUBLIC_TRANSIT;2026-08-17T07:00:00+03:00;OK;186;4;264;LOCAL_TRANSIT_OPTIMISTIC_SCREENING;2caacb87fe919e0646afd28c1ef0326d6676b3ca003ab96a67884da961002f4c;60f08d9e5f1a01be933374bccd299b1b66eb9b029a6efad605b575af75d889a7;2026-09-16T18:40:18.343781+00:00;true
LOC-0150;LOC-0150;PUBLIC_TRANSIT;2026-08-17T07:00:00+03:00;OK;0;0;0;LOCAL_TRANSIT_OPTIMISTIC_SCREENING;9678b3c91d00cada1d391ccc9f26d4d935d1a544fe38f461a1c8e2d04c0482ed;3d5812abc84c11768aa73a732c85d75dbed439188f5bb3239e9b762ea31d9862;2026-09-16T18:40:18.343781+00:00;true
LOC-0150;LOC-0151;PUBLIC_TRANSIT;2026-08-17T07:00:00+03:00;OK;493;9;889;LOCAL_TRANSIT_OPTIMISTIC_SCREENING;3375b6178f25364aa5e8291779ca6182a305e7b8d1243b8547903e96573f1fd5;e97c734cc034b8665084479aa775c302d870810a50b918b894a3596b44bba4f2;2026-09-16T18:40:18.343781+00:00;true
LOC-0150;LOC-0152;PUBLIC_TRANSIT;2026-08-17T07:00:00+03:00;OK;527;9;875;LOCAL_TRANSIT_OPTIMISTIC_SCREENING;78e717aabe6a882711973ef3b1bd9f3d53bc610e3f56d4d4bf5d1b7829154e0a;1431815a6379ff42092b1d67920f62cb2386d9c5b1d19d17d5bb0f86ce2127da;2026-09-16T18:40:18.343781+00:00;true
LOC-0150;LOC-0190;PUBLIC_TRANSIT;2026-08-17T07:00:00+03:00;OK;1345;23;3068;LOCAL_TRANSIT_OPTIMISTIC_SCREENING;43e8c2092c7238f8c6cc109686f120b80804dadbe999bb13dbb2a469af831fff;15ea2697cf6491b18f9edc6baa4a5494fb711e7efbf4c09b9fde69d9067c0518;2026-09-16T18:40:18.343781+00:00;true
LOC-0150;LOC-0196;PUBLIC_TRANSIT;2026-08-17T07:00:00+03:00;OK;1123;19;3258;LOCAL_TRANSIT_OPTIMISTIC_SCREENING;df8b1112cc1a0b4c4353a6a7bec9897defdac742bd414df5415cee7273ebfe2d;26f84563799fb770d62e6a11bf1b7443e3afa753962c7badc588fabb7473f886;2026-09-16T18:40:18.343781+00:00;true
LOC-0151;LOC-0002;PUBLIC_TRANSIT;2026-08-17T07:00:00+03:00;OK;2338;39;5869;LOCAL_TRANSIT_OPTIMISTIC_SCREENING;bdca5e78f3b516da9228269d3355fbcb865d37bc498fc210918e3d34ed9d04c5;96a17269e1191da9d0c3ee0031f523f7b30c72ec3154336885ab63d741b445d8;2026-09-16T18:40:18.343781+00:00;true
LOC-0151;LOC-0008;PUBLIC_TRANSIT;2026-08-17T07:00:00+03:00;OK;1620;27;5288;LOCAL_TRANSIT_OPTIMISTIC_SCREENING;2c00d6cdec787165f65380d75ad125e5af23d18cf5feba63dbe1c8071d92a2ad;7efbb1465d928e26fec8c4422ba657fe1db2763c2e05128872bc92642f341cd3;2026-09-16T18:40:18.343781+00:00;true
LOC-0151;LOC-0009;PUBLIC_TRANSIT;2026-08-17T07:00:00+03:00;OK;2197;37;5369;LOCAL_TRANSIT_OPTIMISTIC_SCREENING;f1d7abcd33dbbadef591d56f61c34184da0f9be3b9a725f6b25495b5516f5686;25e71ac73541435edc18389b9190ec522a49a08c44ce639078397bf64c0ff599;2026-09-16T18:40:18.343781+00:00;true
LOC-0151;LOC-0010;PUBLIC_TRANSIT;2026-08-17T07:00:00+03:00;OK;1543;26;5582;LOCAL_TRANSIT_OPTIMISTIC_SCREENING;9ad1928ca2b0c580a72932d0dfee27dfd02ef7f37994fd88b5e47c71279b4b5d;6106ffb3742d9f804ae9c6bea2f35675f1c59efa8f8c8f5150cac79332a0369c;2026-09-16T18:40:18.343781+00:00;true
LOC-0151;LOC-0011;PUBLIC_TRANSIT;2026-08-17T07:00:00+03:00;OK;1803;31;5147;LOCAL_TRANSIT_OPTIMISTIC_SCREENING;65e67bf48fd68850cc224dd456de9a51a0826256d379b9f2dffd1d35540bd363;21f939cf20c93005ac310360f092f7cfe4278d585f0945ae13e7bc2b6436de53;2026-09-16T18:40:18.343781+00:00;true
LOC-0151;LOC-0012;PUBLIC_TRANSIT;2026-08-17T07:00:00+03:00;OK;1583;27;4641;LOCAL_TRANSIT_OPTIMISTIC_SCREENING;c38080be439a4f85a298cbc14f2a7446aba3f04141056fee9c05037ee7b73f77;62f3b1f3cbc1c65ba9ac3c54259bd62a73625b7334c0ead8d9068f013fdc3ff1;2026-09-16T18:40:18.343781+00:00;true
LOC-0151;LOC-0013;PUBLIC_TRANSIT;2026-08-17T07:00:00+03:00;OK;2703;46;6646;LOCAL_TRANSIT_OPTIMISTIC_SCREENING;03b11d9413a23da8b6320f217c9bd86918c11455ad977211672274af891430f4;8e1dca7d5d1da6e18da88d506e53860890cd1bbe93a446efa5ce43db9069ef57;2026-09-16T18:40:18.343781+00:00;true
LOC-0151;LOC-0016;PUBLIC_TRANSIT;2026-08-17T07:00:00+03:00;OK;2100;35;5354;LOCAL_TRANSIT_OPTIMISTIC_SCREENING;a87b6b8d6aee1a322712b012bcc644ec9f97322797bf87fa7c169c7d430ebc18;515df755696feafa18cf79d1913cb03ffeb0a28fd8e2e4625c604c328fadf4ee;2026-09-16T18:40:18.343781+00:00;true
LOC-0151;LOC-0017;PUBLIC_TRANSIT;2026-08-17T07:00:00+03:00;OK;413;7;179;LOCAL_TRANSIT_OPTIMISTIC_SCREENING;a27c32e724d9ba858b84e08eb9750a213fb346ea16ea7e3d43cd1599fa236b77;e667e137523bf70ca3955db2fbb5ea41a126ea846ba4aaed8d27c38d8faaff87;2026-09-16T18:40:18.343781+00:00;true
LOC-0151;LOC-0018;PUBLIC_TRANSIT;2026-08-17T07:00:00+03:00;OK;518;9;751;LOCAL_TRANSIT_OPTIMISTIC_SCREENING;e1b0cf7c625db50437705bbfdd4e3ba1482f57774b1db83ec58b1c8782499d7b;b28e8e90e2ebea9042d1893d9d25925ce00076e0feb5582868e6be7ba2e43368;2026-09-16T18:40:18.343781+00:00;true
LOC-0151;LOC-0019;PUBLIC_TRANSIT;2026-08-17T07:00:00+03:00;OK;1759;30;5833;LOCAL_TRANSIT_OPTIMISTIC_SCREENING;9049d76e37077506e8e3149814cdf64a8ab82e533972fb64e8cd1ba0997df285;55b656b11a8b9a2f6f4fa92c1bf07dde508f92944e7514514d80f6b8c8319752;2026-09-16T18:40:18.343781+00:00;true
LOC-0151;LOC-0020;PUBLIC_TRANSIT;2026-08-17T07:00:00+03:00;OK;1785;30;5029;LOCAL_TRANSIT_OPTIMISTIC_SCREENING;d9012c8841558ab78c2e2322f028298504df1ff139be2f31a14161dcc40200ac;1e377d15e6483bc634490bcc6e37d4eadea7d0b5ca3e69422577d5780d56a3be;2026-09-16T18:40:18.343781+00:00;true
LOC-0151;LOC-0023;PUBLIC_TRANSIT;2026-08-17T07:00:00+03:00;OK;1080;18;2070;LOCAL_TRANSIT_OPTIMISTIC_SCREENING;2dfea6dda378388a4af765166389fb5746a81eb1e3fc87c58aa1b08e787cd9ff;1d4792f36609a6fbb3a74ccd70dd21ef986b4505d19fec921933da65723f9f55;2026-09-16T18:40:18.343781+00:00;true
LOC-0151;LOC-0027;PUBLIC_TRANSIT;2026-08-17T07:00:00+03:00;OK;913;16;1645;LOCAL_TRANSIT_OPTIMISTIC_SCREENING;7ac55e94982d193d0f034f4f3569035ef157c01fc9ac6ded6e39ba6e4309c919;06bad5db479e308349e53875477c4775b02bf78b5ba2ced62852a74009a9af19;2026-09-16T18:40:18.343781+00:00;true
LOC-0151;LOC-0028;PUBLIC_TRANSIT;2026-08-17T07:00:00+03:00;OK;1815;31;4181;LOCAL_TRANSIT_OPTIMISTIC_SCREENING;b60458c683c6460710c00f808fdad7eef7707e886ff2de385bdc3d0c83298523;88f309ec6c4a455577eb4f8273e1cdfeb53e7a88cfd4b86cf8d3a4b656e0d3e9;2026-09-16T18:40:18.343781+00:00;true
LOC-0151;LOC-0029;PUBLIC_TRANSIT;2026-08-17T07:00:00+03:00;OK;1750;30;4113;LOCAL_TRANSIT_OPTIMISTIC_SCREENING;e35dd45fe7d6afe62fe7e959f7c65a5ddcb4422a67813cb98db661405fb7fc05;8ea05f13563e0115142a00f06cfb46bed1239fbb55bfd8cade5b9785e5eaf2a6;2026-09-16T18:40:18.343781+00:00;true
LOC-0151;LOC-0037;PUBLIC_TRANSIT;2026-08-17T07:00:00+03:00;OK;2240;38;5560;LOCAL_TRANSIT_OPTIMISTIC_SCREENING;110445c62af695d66bdb26418259e7aeab10f58bb15660bb27040f904f48a418;4a948540a2b8126a22f9fcfd9e7aedaff81a2564cdad115502492a1715e6bdb9;2026-09-16T18:40:18.343781+00:00;true
LOC-0151;LOC-0045;PUBLIC_TRANSIT;2026-08-17T07:00:00+03:00;OK;1181;20;2555;LOCAL_TRANSIT_OPTIMISTIC_SCREENING;0ab62e1bd8e2275711b579fb67621adc1bd7b066274477443d37003356d19bfe;b99572df77354c843a9908e6cc19f4aa581396d9b87d38bdb4c36abc4b36887f;2026-09-16T18:40:18.343781+00:00;true
LOC-0151;LOC-0053;PUBLIC_TRANSIT;2026-08-17T07:00:00+03:00;OK;1633;28;4945;LOCAL_TRANSIT_OPTIMISTIC_SCREENING;51d5c0a06ac4d074661a731573c556f90871917631cdd7a436668c62f18772e0;f3962d9c8ce47fc307f444591e9e00fed0d5896a16769be95124e79fb4bee6f0;2026-09-16T18:40:18.343781+00:00;true
LOC-0151;LOC-0054;PUBLIC_TRANSIT;2026-08-17T07:00:00+03:00;OK;2393;40;5037;LOCAL_TRANSIT_OPTIMISTIC_SCREENING;9467212d1bd0b8067f9f1532789c04fb2b294775b1e6375bec05fd3805c8536f;a3ebed9ced0cc2c1bb31889ae49551ee4b89540519b51c6a2ee67217e7dd92f7;2026-09-16T18:40:18.343781+00:00;true
LOC-0151;LOC-0061;PUBLIC_TRANSIT;2026-08-17T07:00:00+03:00;OK;1747;30;4665;LOCAL_TRANSIT_OPTIMISTIC_SCREENING;11e5b60b2de3547d211c3a12489de26776a00cc611ceb3669cac8f04ef404faf;2276e7be6e07d3cb1c0a32498497b1e7156fced76a0d538062066fac945a46ea;2026-09-16T18:40:18.343781+00:00;true
LOC-0151;LOC-0063;PUBLIC_TRANSIT;2026-08-17T07:00:00+03:00;OK;1799;30;4881;LOCAL_TRANSIT_OPTIMISTIC_SCREENING;3e18af46addaa498e1464efc6a325b9a34dc95be72ff290966c64a7e4c741533;d4d670931b5ba222c0824c8e3d9f3d283759ddcb503f07264da3065ff6ead711;2026-09-16T18:40:18.343781+00:00;true
LOC-0151;LOC-0064;PUBLIC_TRANSIT;2026-08-17T07:00:00+03:00;OK;1920;32;4373;LOCAL_TRANSIT_OPTIMISTIC_SCREENING;787cb696e5e9268997855a7c9ad2d3d88e995f5182720de486c30af72cd48c99;68af10d0a05d329aa3046289bb3086e8a5bba1403bccf0f103380064b2894411;2026-09-16T18:40:18.343781+00:00;true
LOC-0151;LOC-0074;PUBLIC_TRANSIT;2026-08-17T07:00:00+03:00;OK;484;9;1054;LOCAL_TRANSIT_OPTIMISTIC_SCREENING;9ca0b2b064487a8361b624343507848038b2b91e974160bafce8be1ec35eb333;2208108e76475bd7658fb3efd98ccb0a8df0440d6f6291f7d39affa4bc7defbf;2026-09-16T18:40:18.343781+00:00;true
LOC-0151;LOC-0075;PUBLIC_TRANSIT;2026-08-17T07:00:00+03:00;OK;414;7;522;LOCAL_TRANSIT_OPTIMISTIC_SCREENING;1341f9a2f2231f69c453aba4d6e0b115a883de0ac1e2e144ffe42ad701c0a737;d8552148c2b526c1dec4060bbc1588df9b2532096b30fad6b0e43e51d8650651;2026-09-16T18:40:18.343781+00:00;true
LOC-0151;LOC-0076;PUBLIC_TRANSIT;2026-08-17T07:00:00+03:00;OK;2311;39;5540;LOCAL_TRANSIT_OPTIMISTIC_SCREENING;4ce129eafcbc9c598def519ee7407387b3dfe20e02f60e8f3bda7bb459e35805;52939b6bb94b96cdc22d83056ec45286d8f3e64b2c4e26fd521ed38d641d2265;2026-09-16T18:40:18.343781+00:00;true
LOC-0151;LOC-0078;PUBLIC_TRANSIT;2026-08-17T07:00:00+03:00;OK;1438;24;3245;LOCAL_TRANSIT_OPTIMISTIC_SCREENING;6838dde5185f26dd076f9cf7f3b56f7c7727f1f93ca085137c6bbf45f43fa4f2;50488c494bda69fbe93d514b545dcda6cfe91c680fcd9ce0bd5581d6f2e08f97;2026-09-16T18:40:18.343781+00:00;true
LOC-0151;LOC-0080;PUBLIC_TRANSIT;2026-08-17T07:00:00+03:00;OK;554;10;931;LOCAL_TRANSIT_OPTIMISTIC_SCREENING;e7af71d3395ebc3896c5f3be60ac8e20d245a91463526c10ecbdb946a064d835;f8f59229f7a0dafdcd9e7130cb072de6029f026ecfcc06575475a217eb7f039f;2026-09-16T18:40:18.343781+00:00;true
LOC-0151;LOC-0082;PUBLIC_TRANSIT;2026-08-17T07:00:00+03:00;OK;1638;28;4483;LOCAL_TRANSIT_OPTIMISTIC_SCREENING;4827272298ab97a88025d9a54cc772c4b38d990e9e3a500e5b878261d695d2dc;d1b46ceec2c0c45af41318724c825b865c0a67ee8f45136f08944ae389df8d19;2026-09-16T18:40:18.343781+00:00;true
LOC-0151;LOC-0085;PUBLIC_TRANSIT;2026-08-17T07:00:00+03:00;OK;2650;45;6888;LOCAL_TRANSIT_OPTIMISTIC_SCREENING;5b7e2cd527f6d79440c70e85368eac65454a9861550e7f667d9a131201741b51;b351c44840a9f2ec8b83a8899d6197ae8b0eedf5228ef9322501b9af14e7d43e;2026-09-16T18:40:18.343781+00:00;true
LOC-0151;LOC-0086;PUBLIC_TRANSIT;2026-08-17T07:00:00+03:00;OK;2432;41;6785;LOCAL_TRANSIT_OPTIMISTIC_SCREENING;43c60382716e96d3082170f9ebb820bb57263743724c6029a57bef353c14f8ea;20275e4d50fd504ad30892b4d405c91a9a53b8c445896e307a9a29b679772253;2026-09-16T18:40:18.343781+00:00;true
LOC-0151;LOC-0091;PUBLIC_TRANSIT;2026-08-17T07:00:00+03:00;OK;1571;27;4831;LOCAL_TRANSIT_OPTIMISTIC_SCREENING;387fd0c9a8fd86718864baa7fd4d0a044fdb8f4bcc3055649e17d663213b8694;83c41fb2296af65401e5ad91ed7643c968ad1a4db51a73bfab42407f536984bc;2026-09-16T18:40:18.343781+00:00;true
LOC-0151;LOC-0092;PUBLIC_TRANSIT;2026-08-17T07:00:00+03:00;OK;1485;25;4290;LOCAL_TRANSIT_OPTIMISTIC_SCREENING;2bcf21ee4c68ed901e067d9547f6e70e28c351b19a4e65ce91cb0a4b7b9d3ca1;51c08c77a204609f77d50950a5bc88afc6661461cb160e1be68ebc033a01b8f7;2026-09-16T18:40:18.343781+00:00;true
LOC-0151;LOC-0093;PUBLIC_TRANSIT;2026-08-17T07:00:00+03:00;OK;1447;25;4105;LOCAL_TRANSIT_OPTIMISTIC_SCREENING;1d9a7ba3f8f088e009dee1f7f354d42a55931cde6b9a189dc4e45435f8fe83ba;396cfb069c3ab6e06870e231fc8c847b65213df44b9e9f2fa17b345db3f43ff1;2026-09-16T18:40:18.343781+00:00;true
LOC-0151;LOC-0094;PUBLIC_TRANSIT;2026-08-17T07:00:00+03:00;OK;2818;47;7284;LOCAL_TRANSIT_OPTIMISTIC_SCREENING;a160f77980faeecb92ee8367bae70239c5b47407704ae170dc87876dcf5a6c92;92db7d8d99883770a68873e182e24f0e179971338106d04e430ec72704026bd9;2026-09-16T18:40:18.343781+00:00;true
LOC-0151;LOC-0095;PUBLIC_TRANSIT;2026-08-17T07:00:00+03:00;OK;2452;41;7822;LOCAL_TRANSIT_OPTIMISTIC_SCREENING;b9dcd5e9bb591ad0ca30ec724340972c340467e2c14741dda475c40ed00c81bc;40ca27fd2e8a96ef4636ae259018fd732cb38b7abc6c0af7ee6ecb682b9a27ce;2026-09-16T18:40:18.343781+00:00;true
LOC-0151;LOC-0102;PUBLIC_TRANSIT;2026-08-17T07:00:00+03:00;OK;1689;29;4480;LOCAL_TRANSIT_OPTIMISTIC_SCREENING;f514ac1f6221710e0995b8dc0ea56aef59610cab5d818c87b1f6ab5d11fd1b1a;7491d2611204d1361aa18a6c82a14ef8477d6ab81e4c757fcd0c10e26971b30d;2026-09-16T18:40:18.343781+00:00;true
LOC-0151;LOC-0112;PUBLIC_TRANSIT;2026-08-17T07:00:00+03:00;OK;1128;19;2708;LOCAL_TRANSIT_OPTIMISTIC_SCREENING;f8a7461a5cb4aa55205d1e7727a1707836e02acd95c0d5ac53f09e35597784f6;128e7d9b57c8ac7d4ba35209009b58358abb6ffb83be325a8a7440bcb2465557;2026-09-16T18:40:18.343781+00:00;true
LOC-0151;LOC-0124;PUBLIC_TRANSIT;2026-08-17T07:00:00+03:00;OK;1829;31;5235;LOCAL_TRANSIT_OPTIMISTIC_SCREENING;c774024d33665be7161c342a1eaf0d61718098cb63ae83826eeb3f9ab2b0a053;83528244bcb8115ded99973cb7f36f53803e687c731a87a33911f222dfef652b;2026-09-16T18:40:18.343781+00:00;true
LOC-0151;LOC-0125;PUBLIC_TRANSIT;2026-08-17T07:00:00+03:00;OK;635;11;1163;LOCAL_TRANSIT_OPTIMISTIC_SCREENING;9b085de5acaf336445aff0a80e05655004de76d4ab13edfe098cbfa5f451def2;f7f0ca6f0a5f774959524b3c0de9329293917513356fe2f0289d4c1244f33794;2026-09-16T18:40:18.343781+00:00;true
LOC-0151;LOC-0126;PUBLIC_TRANSIT;2026-08-17T07:00:00+03:00;OK;698;12;2474;LOCAL_TRANSIT_OPTIMISTIC_SCREENING;99276c53ed44fb11e2e75ddec1e46354727b907503929e44bbd1df69dced3c59;f3ee7c7e0994a8468119cd358b303583b08e67e72f60e5abff2cf57290382a93;2026-09-16T18:40:18.343781+00:00;true
LOC-0151;LOC-0128;PUBLIC_TRANSIT;2026-08-17T07:00:00+03:00;OK;2240;38;5137;LOCAL_TRANSIT_OPTIMISTIC_SCREENING;21d1dae34e236e1e89ab24002fcf791d568bfe0537c6a6fab0c9cf6f4c34fdde;b1638a64503a3f4a947df5b9e33b6d642f0f5e6016709b0c136f458fcae67045;2026-09-16T18:40:18.343781+00:00;true
LOC-0151;LOC-0134;PUBLIC_TRANSIT;2026-08-17T07:00:00+03:00;OK;2380;40;6227;LOCAL_TRANSIT_OPTIMISTIC_SCREENING;34807a64bdde36cbb575f1c7466bf5f609035ca03a5c3f0669d5add8e1c0e316;ebf39d72285c9de099f0dd0f52a2c3e7928b9e0782f88b4ff4414d5c69c343d5;2026-09-16T18:40:18.343781+00:00;true
LOC-0151;LOC-0135;PUBLIC_TRANSIT;2026-08-17T07:00:00+03:00;OK;2455;41;6269;LOCAL_TRANSIT_OPTIMISTIC_SCREENING;2b18bb758ce723e816647ce8f8bed52ce9b74874f77704f1e97c7ecd26019ff6;c5eda4a7d92dff912a4ed6803855ed7a274d9d965bc1a9e717dd789647aecb38;2026-09-16T18:40:18.343781+00:00;true
LOC-0151;LOC-0136;PUBLIC_TRANSIT;2026-08-17T07:00:00+03:00;OK;2399;40;6721;LOCAL_TRANSIT_OPTIMISTIC_SCREENING;fc3dbb5822a404446661112a44e0ef9ec0c8bcf0a322997d06303e19208020b8;3c4842dfaed03d318575cb74265c361005d41e24af1345ce2ee01d90789daefe;2026-09-16T18:40:18.343781+00:00;true
LOC-0151;LOC-0140;PUBLIC_TRANSIT;2026-08-17T07:00:00+03:00;OK;1803;31;5048;LOCAL_TRANSIT_OPTIMISTIC_SCREENING;1cc49d534fd8c5da364bdb2729175c3c79b8284738ae6f92101fcc3562a677c5;14978d7192e4d2958891b5904d3f819c58bf5b14abe594b7cba64ef95ec91440;2026-09-16T18:40:18.343781+00:00;true
LOC-0151;LOC-0141;PUBLIC_TRANSIT;2026-08-17T07:00:00+03:00;OK;1552;26;3578;LOCAL_TRANSIT_OPTIMISTIC_SCREENING;a53b48c3e7e75f36d53f02039df797422de9cd1f59a55f14db76283f3eb29838;c4366354a2acec63cbcdea4a439206360d89966e830dedb71a423ea5ad0c02b0;2026-09-16T18:40:18.343781+00:00;true
LOC-0151;LOC-0142;PUBLIC_TRANSIT;2026-08-17T07:00:00+03:00;OK;1453;25;3536;LOCAL_TRANSIT_OPTIMISTIC_SCREENING;c93dfc04f109c008466e92baa23bbb697c83e1e54ef15d466bdc8b552da209d0;59f905f48bae6cd6741c2292ab05ce7eda37771062158810fe94c8c0faa1c4cc;2026-09-16T18:40:18.343781+00:00;true
LOC-0151;LOC-0145;PUBLIC_TRANSIT;2026-08-17T07:00:00+03:00;OK;1537;26;4764;LOCAL_TRANSIT_OPTIMISTIC_SCREENING;2a52573d3af3db28b61b4e19b00be8cfc9edc92e83fb92edfba0d386dbc9ed95;099029d14884fb07153de57c68c647a0c5ee57e96aa5f196ec9acf609ad50fee;2026-09-16T18:40:18.343781+00:00;true
LOC-0151;LOC-0148;PUBLIC_TRANSIT;2026-08-17T07:00:00+03:00;OK;274;5;439;LOCAL_TRANSIT_OPTIMISTIC_SCREENING;f49ef933a3e02202b8df2af42d5b4e8d586232cc659bd30de26bee915cd6fc7e;a45e11d1f1fa4f7ce91202439caaaf683ef6424af239d40adfef86d38be877a7;2026-09-16T18:40:18.343781+00:00;true
LOC-0151;LOC-0149;PUBLIC_TRANSIT;2026-08-17T07:00:00+03:00;OK;326;6;706;LOCAL_TRANSIT_OPTIMISTIC_SCREENING;ee3e98b5b738c21b831216dffd5b401508bf7beaf0871ae5d2eb6e2df3336cad;a096fba6f6bc8d3453aabcebf765367907de2abf4de8cd23fff307be3d336129;2026-09-16T18:40:18.343781+00:00;true
LOC-0151;LOC-0150;PUBLIC_TRANSIT;2026-08-17T07:00:00+03:00;OK;470;8;889;LOCAL_TRANSIT_OPTIMISTIC_SCREENING;906c441fe8b8cc83c0a5fef460b335d30595b6ff46edda0320eb3bc14abf72e8;9976c85ae60666677bb92ca3a7f060edd66282e43273535e70a13865089aa35b;2026-09-16T18:40:18.343781+00:00;true
LOC-0151;LOC-0151;PUBLIC_TRANSIT;2026-08-17T07:00:00+03:00;OK;0;0;0;LOCAL_TRANSIT_OPTIMISTIC_SCREENING;baaf1b1f52ad558b2fd2e0603f4d49bc16c5e19991f404392a089ba21b571eef;3d5812abc84c11768aa73a732c85d75dbed439188f5bb3239e9b762ea31d9862;2026-09-16T18:40:18.343781+00:00;true
LOC-0151;LOC-0152;PUBLIC_TRANSIT;2026-08-17T07:00:00+03:00;OK;65;2;92;LOCAL_TRANSIT_OPTIMISTIC_SCREENING;a8db67cc5b74d3f52f83cdf782cf4cf24b4f1deea637fcdf700085905c676f5a;8e0e585b77b10e9ee99ea4670154933e4b97c9fc3be8cf705bd2db124fe25210;2026-09-16T18:40:18.343781+00:00;true
LOC-0151;LOC-0190;PUBLIC_TRANSIT;2026-08-17T07:00:00+03:00;OK;1437;24;3907;LOCAL_TRANSIT_OPTIMISTIC_SCREENING;4fc4867ed38756efebe6a1a5b688aeaa06c9b647394800715f201982e75830e2;a8a505c5a329c37d43ff5e32cf62bb60a9d3c030267297ff89378fbbf99402b0;2026-09-16T18:40:18.343781+00:00;true
LOC-0151;LOC-0196;PUBLIC_TRANSIT;2026-08-17T07:00:00+03:00;OK;922;16;2667;LOCAL_TRANSIT_OPTIMISTIC_SCREENING;deee04c3b39913df0557a22091e5fd5395c5250af3fe8b02daf4c135d43a2dfb;b9f7a1654f63dea34183a23f45801e4b18261d93d6faaf880454a02eb9bda2c1;2026-09-16T18:40:18.343781+00:00;true
LOC-0152;LOC-0002;PUBLIC_TRANSIT;2026-08-17T07:00:00+03:00;OK;2361;40;5822;LOCAL_TRANSIT_OPTIMISTIC_SCREENING;90ee9d79a6c99d41df58915e5d50a1f2fbbb9aaa76d774819d273b87ee2bc7ac;fd026a5286af19dad2d95e6388ce38fc8c90f916247875d65a67b16b69662828;2026-09-16T18:40:18.343781+00:00;true
LOC-0152;LOC-0008;PUBLIC_TRANSIT;2026-08-17T07:00:00+03:00;OK;1643;28;5314;LOCAL_TRANSIT_OPTIMISTIC_SCREENING;66fefbc1ba5af9a47d14fcb85df70aac3b2c88ad97a2401e58ae3d15edaa579b;76576acb546176da20c57b042f922cfd48209c87775bb8fc578a01495746a94e;2026-09-16T18:40:18.343781+00:00;true
LOC-0152;LOC-0009;PUBLIC_TRANSIT;2026-08-17T07:00:00+03:00;OK;2231;38;5323;LOCAL_TRANSIT_OPTIMISTIC_SCREENING;452b02b786820411167eb3659613317c7b0be5c0842523f9f9a2dfa70d581b96;e5111fb8cee342304e877b4595f31f8b697590876bd5bce9e1bcde4d7b82d5b6;2026-09-16T18:40:18.343781+00:00;true
LOC-0152;LOC-0010;PUBLIC_TRANSIT;2026-08-17T07:00:00+03:00;OK;1566;27;5615;LOCAL_TRANSIT_OPTIMISTIC_SCREENING;7c3103ae0432b6d1db657b02cc82d81966c6e55cdc9fa23316a5e33a884b9e90;65d6a916f3e12e3151eacf48a1b006924fae2de72a4e44e65084163a12d322ab;2026-09-16T18:40:18.343781+00:00;true
LOC-0152;LOC-0011;PUBLIC_TRANSIT;2026-08-17T07:00:00+03:00;OK;1826;31;5164;LOCAL_TRANSIT_OPTIMISTIC_SCREENING;b3ce18ed88a064ea828911cee0a47b8d1007200b30a15df980417fc2d4eb0c54;2758b44ad7b8aa93678b760ee181e1b9c4c80d202eb899a6404861f04322334a;2026-09-16T18:40:18.343781+00:00;true
LOC-0152;LOC-0012;PUBLIC_TRANSIT;2026-08-17T07:00:00+03:00;OK;1606;27;4667;LOCAL_TRANSIT_OPTIMISTIC_SCREENING;345593008d687935e2fb6450718a49ca3202a36ce7b92a586d43e9062b4b587a;54be6c2e40771c3d1fce52a8b1c04e545b23183ef1fd38a4e05b82c6feb7ce65;2026-09-16T18:40:18.343781+00:00;true
LOC-0152;LOC-0013;PUBLIC_TRANSIT;2026-08-17T07:00:00+03:00;OK;2726;46;6593;LOCAL_TRANSIT_OPTIMISTIC_SCREENING;8deccac45e2919ed683731dbd562892b2ffafbcb8c3d18bb71a1beed8896b82a;9e109fce54232b8890e4ff12df17187c5672f12e83ab34125c9240a95e8042c8;2026-09-16T18:40:18.343781+00:00;true
LOC-0152;LOC-0016;PUBLIC_TRANSIT;2026-08-17T07:00:00+03:00;OK;2116;36;5283;LOCAL_TRANSIT_OPTIMISTIC_SCREENING;dd779985c2b030a909a50f416eb855faf67d14be5e84c777678a171a5cd5f5a3;a72460c11cc567b6610e81a3bb3064ff374e92d5334834bdc4104528df4c0809;2026-09-16T18:40:18.343781+00:00;true
LOC-0152;LOC-0017;PUBLIC_TRANSIT;2026-08-17T07:00:00+03:00;OK;436;8;203;LOCAL_TRANSIT_OPTIMISTIC_SCREENING;48787f4b29a6c71caae8d31881b9e78d7d605ab5c55347a381466d05b175b1b0;74a67d4c822f6f818a533587e074a6f979cc072cb45abbefdd1a01813445ecfb;2026-09-16T18:40:18.343781+00:00;true
LOC-0152;LOC-0018;PUBLIC_TRANSIT;2026-08-17T07:00:00+03:00;OK;552;10;824;LOCAL_TRANSIT_OPTIMISTIC_SCREENING;164c23fe910ec34d10b257c4c03479b94bd3ccbc1f5776c7dedcb705c84beb12;f0b3d421afd2fb9293ea899a49d59963c9d002716606fdb289c3ace0e7a2648e;2026-09-16T18:40:18.343781+00:00;true
LOC-0152;LOC-0019;PUBLIC_TRANSIT;2026-08-17T07:00:00+03:00;OK;1782;30;5869;LOCAL_TRANSIT_OPTIMISTIC_SCREENING;208178dbfaf86ab48b136cfffd480b81cb21fde98f5b2f7eb563983adbd5f4ea;50b117720ab5f9076ae0b3ae8aebe195ca2d8a4d61b5a94f951dc5d5332310f8;2026-09-16T18:40:18.343781+00:00;true
LOC-0152;LOC-0020;PUBLIC_TRANSIT;2026-08-17T07:00:00+03:00;OK;1819;31;5081;LOCAL_TRANSIT_OPTIMISTIC_SCREENING;41fc464069d377a6ba6ee6057b0dcf5e01646bd80e9eda62ba32630fb5890529;262917db881e4a330545d3bfbf402bdbc333ec09af2e7a2a1cde5ec37a920dab;2026-09-16T18:40:18.343781+00:00;true
LOC-0152;LOC-0023;PUBLIC_TRANSIT;2026-08-17T07:00:00+03:00;OK;1114;19;2142;LOCAL_TRANSIT_OPTIMISTIC_SCREENING;a99bebe9690607cb920d53c4dcfe7f63bd0f8a5b5caaccde28466fa675f7d0bb;1878db9891d584c7145f4c868e61d2fc20a63858343bba82e6be64afd1b17e51;2026-09-16T18:40:18.343781+00:00;true
LOC-0152;LOC-0027;PUBLIC_TRANSIT;2026-08-17T07:00:00+03:00;OK;936;16;1598;LOCAL_TRANSIT_OPTIMISTIC_SCREENING;67af79a5b98e1a81031b6d6d23b5cfe859772f1ab7d53d0da8d1dc11f13cde0a;48f60d1cc6abdd9b9404384cc6b730b9ce3edba638bbd3c5aba6393301a66522;2026-09-16T18:40:18.343781+00:00;true
LOC-0152;LOC-0028;PUBLIC_TRANSIT;2026-08-17T07:00:00+03:00;OK;1821;31;4109;LOCAL_TRANSIT_OPTIMISTIC_SCREENING;ca8a56d76875132b02ed4d38d344dada16a420ab6c407e7863c42ccc462eec71;409f1d4c7829fcee60d03b3f553e471c60c2de94fe1ffbbd43bb1944eb441512;2026-09-16T18:40:18.343781+00:00;true
LOC-0152;LOC-0029;PUBLIC_TRANSIT;2026-08-17T07:00:00+03:00;OK;1756;30;4041;LOCAL_TRANSIT_OPTIMISTIC_SCREENING;87e2caf370079136751890b0393945fb8929fece05c4c4f1e7195701809296aa;ecc9eb445beab94b42618567097cb2fda3f9627a31f7f358f53b7a5009db88b0;2026-09-16T18:40:18.343781+00:00;true
LOC-0152;LOC-0037;PUBLIC_TRANSIT;2026-08-17T07:00:00+03:00;OK;2263;38;5533;LOCAL_TRANSIT_OPTIMISTIC_SCREENING;e7b8be14a948ed4e35504ca395fbceae969f04fe905fe1dfb7bbcb3586543b66;743929ad579ca4ec02ab76cac0958cdf2231a5278027c2e6af36c24d02783fa2;2026-09-16T18:40:18.343781+00:00;true
LOC-0152;LOC-0045;PUBLIC_TRANSIT;2026-08-17T07:00:00+03:00;OK;1204;21;2482;LOCAL_TRANSIT_OPTIMISTIC_SCREENING;90af2b4b79c0d3d7ca825cdac08ca5aabaeeb26c4243ae39bedf00418af8a54f;440fd19cbd5037f4876fef9811ca9b85c867356cb42a2626e33e973ba2a8b3fa;2026-09-16T18:40:18.343781+00:00;true
LOC-0152;LOC-0053;PUBLIC_TRANSIT;2026-08-17T07:00:00+03:00;OK;1667;28;4876;LOCAL_TRANSIT_OPTIMISTIC_SCREENING;a7f74f46715018509703ae5ac5cdbc42d3f3fe5164ee7f63cb632455be7229af;39973f37f932fe7538a6cd68a16ec8e1d52a37473a40fcd288b2216b47772d1f;2026-09-16T18:40:18.343781+00:00;true
LOC-0152;LOC-0054;PUBLIC_TRANSIT;2026-08-17T07:00:00+03:00;OK;2416;41;5011;LOCAL_TRANSIT_OPTIMISTIC_SCREENING;146cc420713871a2d51cfc064233c0453fc7dda5b99a3159922e1a97d3325060;4e40ac56e36dedbb88850be798485fd3577f072870df4bf4dcdbab457e896651;2026-09-16T18:40:18.343781+00:00;true
LOC-0152;LOC-0061;PUBLIC_TRANSIT;2026-08-17T07:00:00+03:00;OK;1770;30;4685;LOCAL_TRANSIT_OPTIMISTIC_SCREENING;1489c2c8e7d6cc0e5189af24e79cd9c1158035633d3e1372e230f9d234c6c21b;500cecc8f3b34bdee84154361614b2320e5b716e8319709cc7e73baceb9be1e1;2026-09-16T18:40:18.343781+00:00;true
LOC-0152;LOC-0063;PUBLIC_TRANSIT;2026-08-17T07:00:00+03:00;OK;1805;31;4808;LOCAL_TRANSIT_OPTIMISTIC_SCREENING;e2d9b4bcad22ab36a75627e0723a69db1b6640c503046418be0c7137a7b75b4f;9eaf43844dcb79f530891e585d85eff8a9fa89f47f3401f5c8a9d39c3c7ee2e1;2026-09-16T18:40:18.343781+00:00;true
LOC-0152;LOC-0064;PUBLIC_TRANSIT;2026-08-17T07:00:00+03:00;OK;1943;33;4301;LOCAL_TRANSIT_OPTIMISTIC_SCREENING;dd1967dd05644f92346b9d9f3041ce0ffea46c289fdc061e0341805536f34257;f150c1d977b813ece62720c6cb920d61627c9abceea20bd48e9adcf88ef58f11;2026-09-16T18:40:18.343781+00:00;true
LOC-0152;LOC-0074;PUBLIC_TRANSIT;2026-08-17T07:00:00+03:00;OK;507;9;1074;LOCAL_TRANSIT_OPTIMISTIC_SCREENING;a8197e9af477d23993922b71588bafa190824432c3727054c79798cfad3b76cd;4776f7d57748c1ad01323f32d6671b36151e569f130dd53cd954a51031f80b3b;2026-09-16T18:40:18.343781+00:00;true
LOC-0152;LOC-0075;PUBLIC_TRANSIT;2026-08-17T07:00:00+03:00;OK;437;8;545;LOCAL_TRANSIT_OPTIMISTIC_SCREENING;008989c075d1111b84dce716f9817c2405587929b09d9b06c8dac8d8267a9746;742ea9b897b7769fd3897a3a913d2625c5204af76bb9635606146773bd7f5b82;2026-09-16T18:40:18.343781+00:00;true
LOC-0152;LOC-0076;PUBLIC_TRANSIT;2026-08-17T07:00:00+03:00;OK;2345;40;5467;LOCAL_TRANSIT_OPTIMISTIC_SCREENING;f3d11f31fd9f6e4202b0df5bbc1fac4b300ef2d7c75cca01d930b2a6b8f444b5;ab8db6deb1db541efb38a47103458bc9bfd91a6687f5773fc9d9fc8a432f5b39;2026-09-16T18:40:18.343781+00:00;true
LOC-0152;LOC-0078;PUBLIC_TRANSIT;2026-08-17T07:00:00+03:00;OK;1444;25;3172;LOCAL_TRANSIT_OPTIMISTIC_SCREENING;61003f78c418cc9893a8ce422945edf0243079f90b984570ca620cdf58e1772b;1dad7dfea318feaea59d5b201f6df839130b79b40cefc6e69646d1264fa53b2a;2026-09-16T18:40:18.343781+00:00;true
LOC-0152;LOC-0080;PUBLIC_TRANSIT;2026-08-17T07:00:00+03:00;OK;588;10;980;LOCAL_TRANSIT_OPTIMISTIC_SCREENING;4b05b49cc812b9c279409155932fa16ad23c1ef5181f8a16844d9e06a6e011ae;9608bebc1c637ede45f8829a248e45d276c0715090c76202a990fea1cba291f7;2026-09-16T18:40:18.343781+00:00;true
LOC-0152;LOC-0082;PUBLIC_TRANSIT;2026-08-17T07:00:00+03:00;OK;1644;28;4410;LOCAL_TRANSIT_OPTIMISTIC_SCREENING;40ef8f28900df0c31e8940b62529d4f775b1abd1176176991b63480e54c79aa4;26f9091f7bef645aad6070624aa6b57d64d951889541f9a4eca0f34d0d7d2726;2026-09-16T18:40:18.343781+00:00;true
LOC-0152;LOC-0085;PUBLIC_TRANSIT;2026-08-17T07:00:00+03:00;OK;2673;45;6842;LOCAL_TRANSIT_OPTIMISTIC_SCREENING;60a23b8eb82e949f2212bef7e74e2f5d18e36126d11a5e96239fade3de598de5;fd29014142c6860ad8affb523a0a5a7b3f1076e462af70fbedec5368328da611;2026-09-16T18:40:18.343781+00:00;true
LOC-0152;LOC-0086;PUBLIC_TRANSIT;2026-08-17T07:00:00+03:00;OK;2455;41;6741;LOCAL_TRANSIT_OPTIMISTIC_SCREENING;cc6c32c13e933ef0441c303c8bd8ec26936b34822970590d6cfd025a8ee845bb;69a7276a41f562ac897b59a8ba09ba0ec4c5f29b1a5a02ed156b7f7bff5c84c7;2026-09-16T18:40:18.343781+00:00;true
LOC-0152;LOC-0091;PUBLIC_TRANSIT;2026-08-17T07:00:00+03:00;OK;1605;27;4869;LOCAL_TRANSIT_OPTIMISTIC_SCREENING;023e1418dfc915a866f1943f5a5c54de44f3b86695db4258678bf0e0d5bc1b99;9b1cf3a53a2ac02479bc20ae626bd0233ec89880399c7d18a93132d7276d73d1;2026-09-16T18:40:18.343781+00:00;true
LOC-0152;LOC-0092;PUBLIC_TRANSIT;2026-08-17T07:00:00+03:00;OK;1519;26;4335;LOCAL_TRANSIT_OPTIMISTIC_SCREENING;afc533ff268e22f0b4c8c875f084ecffd853620ea5b75681fca7315e0a6bf966;a6a2e65960e5efa98ccd7bbfc1bed725ae9875de6267c5b7f32d509aa7a8056b;2026-09-16T18:40:18.343781+00:00;true
LOC-0152;LOC-0093;PUBLIC_TRANSIT;2026-08-17T07:00:00+03:00;OK;1481;25;4148;LOCAL_TRANSIT_OPTIMISTIC_SCREENING;97936423e40ef97b516a33254e3d8601afa5c44d277711242a9f017635890b1e;5dd08cc52e2198233e95408422a1a3b236f43d3128a4bb25e974d18a3bf7b4cf;2026-09-16T18:40:18.343781+00:00;true
LOC-0152;LOC-0094;PUBLIC_TRANSIT;2026-08-17T07:00:00+03:00;OK;2841;48;7238;LOCAL_TRANSIT_OPTIMISTIC_SCREENING;455840be83679cc146e770c876e7cec8949b43f77831a3e007040a1478075372;d0f76b2cae6a0879bdd6c3efa7de86cd1fadcc373ac037252b23a8ae31ad14e8;2026-09-16T18:40:18.343781+00:00;true
LOC-0152;LOC-0095;PUBLIC_TRANSIT;2026-08-17T07:00:00+03:00;OK;2475;42;7772;LOCAL_TRANSIT_OPTIMISTIC_SCREENING;29411542a4e06527fef2a86f81a9a105336956686bfebd9254596389dab98adc;7de8740b1444cfe1d1fee920f58cc3882c21104cc825b7960a1fc1254c6c9319;2026-09-16T18:40:18.343781+00:00;true
LOC-0152;LOC-0102;PUBLIC_TRANSIT;2026-08-17T07:00:00+03:00;OK;1712;29;4410;LOCAL_TRANSIT_OPTIMISTIC_SCREENING;79828e2fc4363c2ec71207b4fb1c13625a52313bab20e3198828c75cd8f5e194;3b2443f4ae0d2655ce44a57e16a748b01e80e7738f0e1cf10051412dd3a5e0d4;2026-09-16T18:40:18.343781+00:00;true
LOC-0152;LOC-0112;PUBLIC_TRANSIT;2026-08-17T07:00:00+03:00;OK;1151;20;2743;LOCAL_TRANSIT_OPTIMISTIC_SCREENING;e19251ba4fe197f56f035142e60667360091bc9196b5cb80376cd1632043800a;98398d4a134dd9448fa3add86d179dff839c1c5c990140e110cf1e5120f0dd35;2026-09-16T18:40:18.343781+00:00;true
LOC-0152;LOC-0124;PUBLIC_TRANSIT;2026-08-17T07:00:00+03:00;OK;1863;32;5195;LOCAL_TRANSIT_OPTIMISTIC_SCREENING;96c0d3424e647175e30dca9172245606e7d35c88856635607bf296fda80bcde4;9065c0ded21719414a5d612f82e41a75f35431aa7be84f9e6126ec50b50b93e9;2026-09-16T18:40:18.343781+00:00;true
LOC-0152;LOC-0125;PUBLIC_TRANSIT;2026-08-17T07:00:00+03:00;OK;669;12;1236;LOCAL_TRANSIT_OPTIMISTIC_SCREENING;e63f0eb5e9b99d3c63870eaaf70eeb3f92af85cf0692286240a4d20c6b6637b0;a8b19ec7c368d331ef19f65165cb719436490d0b95a10c9c4d656038a1be6d64;2026-09-16T18:40:18.343781+00:00;true
LOC-0152;LOC-0126;PUBLIC_TRANSIT;2026-08-17T07:00:00+03:00;OK;721;13;2479;LOCAL_TRANSIT_OPTIMISTIC_SCREENING;34a61f7547b92ecaf5d36f94f56d0ba2ca7d184fe77821fcb52db8bac7472888;1111506b095b0e0dfebfee38f5c40efa1eda34706e365e844c3e5ced8bfd7045;2026-09-16T18:40:18.343781+00:00;true
LOC-0152;LOC-0128;PUBLIC_TRANSIT;2026-08-17T07:00:00+03:00;OK;2263;38;5108;LOCAL_TRANSIT_OPTIMISTIC_SCREENING;49fad7bc73fc850ddc50016406bc557aa76eaaaeea82eaff8d1938a69010b759;7eb1643b5974a780fb608be4eae25ea57f879cd6905006d3dbdeddc3dbce9f9b;2026-09-16T18:40:18.343781+00:00;true
LOC-0152;LOC-0134;PUBLIC_TRANSIT;2026-08-17T07:00:00+03:00;OK;2403;41;6178;LOCAL_TRANSIT_OPTIMISTIC_SCREENING;831dd0ff9c1bea2e77d75dd1f86456d4165acfc55ed5951889cb4f3f0fb5549c;8bee61a98647998d01dc866bf6c647f4bbc7da54a1bbc43081a0da822c171687;2026-09-16T18:40:18.343781+00:00;true
LOC-0152;LOC-0135;PUBLIC_TRANSIT;2026-08-17T07:00:00+03:00;OK;2478;42;6219;LOCAL_TRANSIT_OPTIMISTIC_SCREENING;f74c08c7b78b99336debb90c27b7daff598b6e5e7cc5c173d0761230d297e566;27df2dd3f243087b73cb96075a86ae117974912cc35fe48a7702dca0fed05865;2026-09-16T18:40:18.343781+00:00;true
LOC-0152;LOC-0136;PUBLIC_TRANSIT;2026-08-17T07:00:00+03:00;OK;2422;41;6670;LOCAL_TRANSIT_OPTIMISTIC_SCREENING;d16e027d824c24e87a02b7a2add6f58a344973e23e7ee68ccb3073bdcf547f03;08d25c5b4bed61d9c352d14329c7b64adc0c10c772c45a09d48439102addd17a;2026-09-16T18:40:18.343781+00:00;true
LOC-0152;LOC-0140;PUBLIC_TRANSIT;2026-08-17T07:00:00+03:00;OK;1837;31;4983;LOCAL_TRANSIT_OPTIMISTIC_SCREENING;48238f2e6ea0d3d06c84dc7ce98fc0e3edf0362c800249ce70ad1689da0501a1;4cb4c8b6b96809c5e541685437caa410a2d6edfed75150200bd22d962a539d29;2026-09-16T18:40:18.343781+00:00;true
LOC-0152;LOC-0141;PUBLIC_TRANSIT;2026-08-17T07:00:00+03:00;OK;1558;26;3553;LOCAL_TRANSIT_OPTIMISTIC_SCREENING;d60a8ba2b4cca62e5de4da697645d3f4327817e3653458de41926423bba1a930;74dc79f2a2b6454edf3c685ec6336485ef2b2befff2f213c767d672184fc1ce0;2026-09-16T18:40:18.343781+00:00;true
LOC-0152;LOC-0142;PUBLIC_TRANSIT;2026-08-17T07:00:00+03:00;OK;1459;25;3514;LOCAL_TRANSIT_OPTIMISTIC_SCREENING;d143656069e38c0ac46a5932cd11d13fe45711124b890d161b539f721b9b4d38;0c86c102fb3c9743aa2a4f0d31143c99a4a9976e9974b39ac41f1cd77932274f;2026-09-16T18:40:18.343781+00:00;true
LOC-0152;LOC-0145;PUBLIC_TRANSIT;2026-08-17T07:00:00+03:00;OK;1571;27;4819;LOCAL_TRANSIT_OPTIMISTIC_SCREENING;4c94de263b2fff85ef3e3e8d1b04e31f351b745a1f35ac7415bff3aae79aa251;a833f4e89675dfc888543485954223669eb04659dee24ba4e753d4e23bbc491c;2026-09-16T18:40:18.343781+00:00;true
LOC-0152;LOC-0148;PUBLIC_TRANSIT;2026-08-17T07:00:00+03:00;OK;297;5;437;LOCAL_TRANSIT_OPTIMISTIC_SCREENING;709a5dee87c7fcf85701aea7a496bfbd768414b15fd4b3f718e210f594fc87e5;f1e751444312a997668791b87f59e1c065e85a6a0df0c32f61a22f56366e2bee;2026-09-16T18:40:18.343781+00:00;true
LOC-0152;LOC-0149;PUBLIC_TRANSIT;2026-08-17T07:00:00+03:00;OK;349;6;695;LOCAL_TRANSIT_OPTIMISTIC_SCREENING;518d6133baf7daa7601765878d4dd31b7a8a3d15bf2fd249e7c4348f64fc53a6;071cd57e04913a2de31bd8a6a19d00377312287e2c4455332bf707f003ce65b4;2026-09-16T18:40:18.343781+00:00;true
LOC-0152;LOC-0150;PUBLIC_TRANSIT;2026-08-17T07:00:00+03:00;OK;493;9;875;LOCAL_TRANSIT_OPTIMISTIC_SCREENING;7022eba6d1bcad4a03946d159c1c8dc9b544d8e4e43eb3b1a49c5da939207f67;18acb0ea8b865f380b0edbc711aae720d72df3b5e2157640cc1d1be27b2c4f51;2026-09-16T18:40:18.343781+00:00;true
LOC-0152;LOC-0151;PUBLIC_TRANSIT;2026-08-17T07:00:00+03:00;OK;65;2;92;LOCAL_TRANSIT_OPTIMISTIC_SCREENING;5552b591600c8f4716463d717d3204e3e9efbbb95d6102c1bf31b144487cae93;8e0e585b77b10e9ee99ea4670154933e4b97c9fc3be8cf705bd2db124fe25210;2026-09-16T18:40:18.343781+00:00;true
LOC-0152;LOC-0152;PUBLIC_TRANSIT;2026-08-17T07:00:00+03:00;OK;0;0;0;LOCAL_TRANSIT_OPTIMISTIC_SCREENING;9678688821a323d27400e6dcd9e7966ba56adeb26d314159c00ac7a1ff1d863c;3d5812abc84c11768aa73a732c85d75dbed439188f5bb3239e9b762ea31d9862;2026-09-16T18:40:18.343781+00:00;true
LOC-0152;LOC-0190;PUBLIC_TRANSIT;2026-08-17T07:00:00+03:00;OK;1460;25;3913;LOCAL_TRANSIT_OPTIMISTIC_SCREENING;4a0008fa0f105b0368382587644d368d31ced99b024058f2902ddfe918a6648c;3a2d78c9244f6ebdb39d49c66bb989790c2439e751c63cd7987f34b70759770f;2026-09-16T18:40:18.343781+00:00;true
LOC-0152;LOC-0196;PUBLIC_TRANSIT;2026-08-17T07:00:00+03:00;OK;956;16;2736;LOCAL_TRANSIT_OPTIMISTIC_SCREENING;943ca26599c97a036a81baf11f9564d45d97b0923f81a8c9fec963661c6547a8;85a5773c3e8cb00d9e123d4134a47586008a3b92b0f54d0e4b79fc8ac2f56610;2026-09-16T18:40:18.343781+00:00;true
LOC-0190;LOC-0002;PUBLIC_TRANSIT;2026-08-17T07:00:00+03:00;OK;1404;24;4118;LOCAL_TRANSIT_OPTIMISTIC_SCREENING;93ed53b8b9acd7f2da72903ce1e6c1efa1e25d45482e1cb19d04f31e9152f5b6;264c784d11cb39a1653ff2cc7352e1e77da045a25c2e360f017f34007469379a;2026-09-16T18:40:18.343781+00:00;true
LOC-0190;LOC-0008;PUBLIC_TRANSIT;2026-08-17T07:00:00+03:00;OK;424;8;1888;LOCAL_TRANSIT_OPTIMISTIC_SCREENING;dd771b1338fd4e22d7b351335fd2e54d55dd02a42698b00b022b76e86e59f12c;078035de8c014c7aae7c6664c9840d71adacc6c342617286ec090467a9d9230b;2026-09-16T18:40:18.343781+00:00;true
LOC-0190;LOC-0009;PUBLIC_TRANSIT;2026-08-17T07:00:00+03:00;OK;2694;45;8876;LOCAL_TRANSIT_OPTIMISTIC_SCREENING;3ed36ac1f1d729f15259e38c7b3be5497dc354764f9bdfab50cbcc8d1f63ea32;18e272940135fe5725643ae1b7c3e3120571aa817f6654d881a590d9e7d6039b;2026-09-16T18:40:18.343781+00:00;true
LOC-0190;LOC-0010;PUBLIC_TRANSIT;2026-08-17T07:00:00+03:00;OK;799;14;2487;LOCAL_TRANSIT_OPTIMISTIC_SCREENING;4f046d58f37fe276dff2e4a55d8c52b170c67967ca2a9fb91d6f1bc09bc0379e;a45bfe08bd819e17e8dd5cd65cd925768d8951bc5cbd5f642f865ad950f0411a;2026-09-16T18:40:18.343781+00:00;true
LOC-0190;LOC-0011;PUBLIC_TRANSIT;2026-08-17T07:00:00+03:00;OK;854;15;1415;LOCAL_TRANSIT_OPTIMISTIC_SCREENING;d304f588eca7f809fbcaf41f16041b1d583e3c3cdba4b96ae1c1f7a0cdeb855f;0a24ff6af85cae198543272f60b256bbea42d4f98bd4452f7e4ba60d984fbaef;2026-09-16T18:40:18.343781+00:00;true
LOC-0190;LOC-0012;PUBLIC_TRANSIT;2026-08-17T07:00:00+03:00;OK;408;7;1389;LOCAL_TRANSIT_OPTIMISTIC_SCREENING;0e36a0e325e3e7b3084e25825401926fe9b816f9a6fea143589ea2bb9aac3f26;871d863c205aaf836c1901f5ae95ae4480d0468c53b6a5b79214929653d7817a;2026-09-16T18:40:18.343781+00:00;true
LOC-0190;LOC-0013;PUBLIC_TRANSIT;2026-08-17T07:00:00+03:00;OK;1769;30;5168;LOCAL_TRANSIT_OPTIMISTIC_SCREENING;dcd1a66bdcb68c5073f7f317d4e01a14f11c374cd84a7173f1ad086e3915497b;fdf7dbca9562374caf195cf0351f1863b1a0f349e62d9372d77852058cd6c3eb;2026-09-16T18:40:18.343781+00:00;true
LOC-0190;LOC-0016;PUBLIC_TRANSIT;2026-08-17T07:00:00+03:00;OK;1851;31;6065;LOCAL_TRANSIT_OPTIMISTIC_SCREENING;179a11392e674a4c7c8ee4900c8a732790830c1233cf4a52887f25a00d110fe5;9e341925877daf8a55a65cd7596dfa0c5de16318f63723490300494e6b157a97;2026-09-16T18:40:18.343781+00:00;true
LOC-0190;LOC-0017;PUBLIC_TRANSIT;2026-08-17T07:00:00+03:00;OK;1790;30;4082;LOCAL_TRANSIT_OPTIMISTIC_SCREENING;bce5d6dec250ed95d9a5f995574a311dc4f4ac0a3ca3c14679f9826198d7d8df;e580f7ed94422526782a917d14c943ce669b698b013ab3aed967c334877db324;2026-09-16T18:40:18.343781+00:00;true
LOC-0190;LOC-0018;PUBLIC_TRANSIT;2026-08-17T07:00:00+03:00;OK;1594;27;3824;LOCAL_TRANSIT_OPTIMISTIC_SCREENING;992f3edb03e61bc424d1d0d4735a81ae59ce27b13a49e1e526112b4ba092a4ac;2c459fbefd2fc40d6cabe6dae7bbbf6896fe333a96793fa0aa8b6733266ecb07;2026-09-16T18:40:18.343781+00:00;true
LOC-0190;LOC-0019;PUBLIC_TRANSIT;2026-08-17T07:00:00+03:00;OK;983;17;2788;LOCAL_TRANSIT_OPTIMISTIC_SCREENING;d3744f1a7e89bbf0d4e833ddbffb448744ca1683a4f7a50d7c7f905dc690f391;6db4fa063c601170c355b0ff1716186c2731beecd5049ea7c80e025b124c45f9;2026-09-16T18:40:18.343781+00:00;true
LOC-0190;LOC-0020;PUBLIC_TRANSIT;2026-08-17T07:00:00+03:00;OK;1254;21;3315;LOCAL_TRANSIT_OPTIMISTIC_SCREENING;f7e193ae8f9d7eb6b614bd2b808ef04eea638ca06e00f2b902b7495fadbafefe;a67f037ae344392ac8701aa014ac4f0c6b694ad8eedfe48161ec8591a2addf61;2026-09-16T18:40:18.343781+00:00;true
LOC-0190;LOC-0023;PUBLIC_TRANSIT;2026-08-17T07:00:00+03:00;OK;1753;30;3982;LOCAL_TRANSIT_OPTIMISTIC_SCREENING;78af69bf8450b35fb04ade2c0c8801d9eed3f04e6f82e9d3353040e9b954c28b;3ec07bd0b5efd72e814d812b0ea7e7bfa2114bf2b0a33d90c77ca5c09f10656b;2026-09-16T18:40:18.343781+00:00;true
LOC-0190;LOC-0027;PUBLIC_TRANSIT;2026-08-17T07:00:00+03:00;OK;1140;19;2985;LOCAL_TRANSIT_OPTIMISTIC_SCREENING;464d511350b95902e5f8b9745f4c8713626539bf99b0cb29f900928e150820a5;d9cd9510815e18d204d045999bd7657f8f4bce53cc75337d98c462048ebd282f;2026-09-16T18:40:18.343781+00:00;true
LOC-0190;LOC-0028;PUBLIC_TRANSIT;2026-08-17T07:00:00+03:00;OK;1736;29;5357;LOCAL_TRANSIT_OPTIMISTIC_SCREENING;3f1006bf381489efb14b74469cf86a3c3e4b3bd932e0a201913d9be77babab9b;fcc4398a1723d21ee17baba2e5797882d0809adb992dc3d68f6abc88ff449e84;2026-09-16T18:40:18.343781+00:00;true
LOC-0190;LOC-0029;PUBLIC_TRANSIT;2026-08-17T07:00:00+03:00;OK;1671;28;5343;LOCAL_TRANSIT_OPTIMISTIC_SCREENING;e5a46645e3e28e2120085691d771f02cdcc250ae3206fcda0cca21216884c071;6b460954fa29476b38646e1c92bed5340465cf03265ff03b2daa2bf3d2cf5bfa;2026-09-16T18:40:18.343781+00:00;true
LOC-0190;LOC-0037;PUBLIC_TRANSIT;2026-08-17T07:00:00+03:00;OK;1306;22;2701;LOCAL_TRANSIT_OPTIMISTIC_SCREENING;265c6df1b0acc60a113161bcf0588c80590a0110f269f34362c0e3b10964bcf8;b0506026bd8976c69e387cafb3a88d80f9c868ee6852569a27bf8188fbfc44e5;2026-09-16T18:40:18.343781+00:00;true
LOC-0190;LOC-0045;PUBLIC_TRANSIT;2026-08-17T07:00:00+03:00;OK;1572;27;4956;LOCAL_TRANSIT_OPTIMISTIC_SCREENING;bf522c067578fd13d61848ee17f00d314bfd26bde7463ad31f0f495e493b103f;b2a4db751028ec0f3d25e6658c9ace1b6f0e5ee9120fecf73d6a6b2acc8e9868;2026-09-16T18:40:18.343781+00:00;true
LOC-0190;LOC-0053;PUBLIC_TRANSIT;2026-08-17T07:00:00+03:00;OK;1384;24;5334;LOCAL_TRANSIT_OPTIMISTIC_SCREENING;76329ae378271aeb7b74b211ce96260e751bc093377bab67cc25d0e68b0b895d;796825e7fce566814118aa0e6e7d97e6971790302b05174cced21afbc80de25b;2026-09-16T18:40:18.343781+00:00;true
LOC-0190;LOC-0054;PUBLIC_TRANSIT;2026-08-17T07:00:00+03:00;OK;1459;25;2209;LOCAL_TRANSIT_OPTIMISTIC_SCREENING;caa75b8c89131bb68aea60f186f99d9c94f7c95d62af2a26048e8e82523ec6ba;23cff8a8b22d2539d63da3280247719d28003362502539879b1ccfc2478f1a45;2026-09-16T18:40:18.343781+00:00;true
LOC-0190;LOC-0061;PUBLIC_TRANSIT;2026-08-17T07:00:00+03:00;OK;482;9;1126;LOCAL_TRANSIT_OPTIMISTIC_SCREENING;38fcfd356e30ef5ed3a3a8a73a987ff8d31bd2c182cd93a18c873f1c8c9afdf5;9e0955aeeab745e575170fbd068af50ac360a80e16e34fb312aba9bfc12f5e3b;2026-09-16T18:40:18.343781+00:00;true
LOC-0190;LOC-0063;PUBLIC_TRANSIT;2026-08-17T07:00:00+03:00;OK;1720;29;6939;LOCAL_TRANSIT_OPTIMISTIC_SCREENING;f3230100a2ad4b0de1ca63062e8a5f4cdf23a22bb8d795d630da3ec5cb7dd7fd;bb324dc86b958f3b7d9a0932346dfda359d9c51249dab69675c583d7292ced09;2026-09-16T18:40:18.343781+00:00;true
LOC-0190;LOC-0064;PUBLIC_TRANSIT;2026-08-17T07:00:00+03:00;OK;1715;29;6569;LOCAL_TRANSIT_OPTIMISTIC_SCREENING;dacdd1df0a58033637891f8dca2f1c47d162afd9f1b4e067d41561c166d9e510;df17d99a9c47db7bd82277eba885499b885ae4558c0410328fd054d66a39883f;2026-09-16T18:40:18.343781+00:00;true
LOC-0190;LOC-0074;PUBLIC_TRANSIT;2026-08-17T07:00:00+03:00;OK;1420;24;2877;LOCAL_TRANSIT_OPTIMISTIC_SCREENING;90533a6c9f04c792883c7c64aae24725140a6f67b6db8120005d2f7453b45889;a708b22f3b254f041681711cf6f867387f38e454710b5f5ddbac0498c7f04684;2026-09-16T18:40:18.343781+00:00;true
LOC-0190;LOC-0075;PUBLIC_TRANSIT;2026-08-17T07:00:00+03:00;OK;1490;25;3396;LOCAL_TRANSIT_OPTIMISTIC_SCREENING;86416ae5f826d91e31f5450472a154c665564eb010458c49ce70e570d1dada47;29d35de1942e8abfb9a75b68cbc62150f99a877673a9adcb2803df4a429cb41e;2026-09-16T18:40:18.343781+00:00;true
LOC-0190;LOC-0076;PUBLIC_TRANSIT;2026-08-17T07:00:00+03:00;OK;2062;35;6445;LOCAL_TRANSIT_OPTIMISTIC_SCREENING;b53ccae571913934db4f2fbf9cd2193a677acd6407feedc1532ad3a059cfbab4;2f944f44823332c72b4530250e4ea0ece6d0abd48e66f94520ad0ec0069d4e9c;2026-09-16T18:40:18.343781+00:00;true
LOC-0190;LOC-0078;PUBLIC_TRANSIT;2026-08-17T07:00:00+03:00;OK;1557;26;5598;LOCAL_TRANSIT_OPTIMISTIC_SCREENING;57d506c56072f18f3370a111871c47ae60e06c503554a52fee41dded3c7166a1;f4f0463e2b5b1ce51aecb6cc64222643187bd7b99994af14d7765a5e32d18bc6;2026-09-16T18:40:18.343781+00:00;true
LOC-0190;LOC-0080;PUBLIC_TRANSIT;2026-08-17T07:00:00+03:00;OK;1470;25;3208;LOCAL_TRANSIT_OPTIMISTIC_SCREENING;cb041fdfdfceba549a8eeb3b8a7d3f708671efa54408aa257b82a2df682baa47;f9dc30abd65514e7dcfc0370b5f24c220569e7c2343bd12e365b7c40d0cd818d;2026-09-16T18:40:18.343781+00:00;true
LOC-0190;LOC-0082;PUBLIC_TRANSIT;2026-08-17T07:00:00+03:00;OK;1559;26;6259;LOCAL_TRANSIT_OPTIMISTIC_SCREENING;4dbc0a93ac4d2ebb9c1169f6239fed04d01644fc082bc8a88dbe9876a8f1d87d;23fbd2cab84376fc8f5f7ef21e2a985003d9ed342466a46c89187c788f2a24e7;2026-09-16T18:40:18.343781+00:00;true
LOC-0190;LOC-0085;PUBLIC_TRANSIT;2026-08-17T07:00:00+03:00;OK;1748;30;4822;LOCAL_TRANSIT_OPTIMISTIC_SCREENING;70d8ee0fa33d10ea17699e49746b3d5f2a924e314c438ab3a9270f0b3d85b21b;82619b31c2207e0ea672ee04184d6319fa5159224912743280c520f0a600c49f;2026-09-16T18:40:18.343781+00:00;true
LOC-0190;LOC-0086;PUBLIC_TRANSIT;2026-08-17T07:00:00+03:00;OK;1530;26;4595;LOCAL_TRANSIT_OPTIMISTIC_SCREENING;9fab57cd94ae8a9ec9e30797182c081d5341c70e8d5739882feacc16760ea063;3fcd5c217e93f70eed27154599b672cb7e50bbacb15f7d90d3a664974b9627eb;2026-09-16T18:40:18.343781+00:00;true
LOC-0190;LOC-0091;PUBLIC_TRANSIT;2026-08-17T07:00:00+03:00;OK;716;12;2229;LOCAL_TRANSIT_OPTIMISTIC_SCREENING;cbfc8783ab8721845e3e091b3f4761d0d777253c0897dc18f3ebe022a82d0be0;374d1398bc7e972bdfb2b38c9da82967037f1028118b3a4c617dee1f0f613ffa;2026-09-16T18:40:18.343781+00:00;true
LOC-0190;LOC-0092;PUBLIC_TRANSIT;2026-08-17T07:00:00+03:00;OK;835;14;2372;LOCAL_TRANSIT_OPTIMISTIC_SCREENING;216442da3a9e5f73a02c11465f6956d8ebb5dd431265e21df1680ec0b4df6a65;627b47179cf52be6833cea0cd085bbbcb9d3131b54d8cfe7620ec1d092d1a171;2026-09-16T18:40:18.343781+00:00;true
LOC-0190;LOC-0093;PUBLIC_TRANSIT;2026-08-17T07:00:00+03:00;OK;811;14;2216;LOCAL_TRANSIT_OPTIMISTIC_SCREENING;b0e71724797fd8a8eb10c4a6eb706c83cd1968b4fbd286d67a7436227f17cc98;50e695abba0dfea7a810a8689936f5698a54541d8aeffd80986014b200351128;2026-09-16T18:40:18.343781+00:00;true
LOC-0190;LOC-0094;PUBLIC_TRANSIT;2026-08-17T07:00:00+03:00;OK;1916;32;5128;LOCAL_TRANSIT_OPTIMISTIC_SCREENING;8c322ce686f9deb6897526206644a1242bb760cd9002ff0cc153c98404e37797;aefac1642f6b1115569dfb30eb0a8acbbfb9ef3e52c7ed016b2c2e99d458f5e9;2026-09-16T18:40:18.343781+00:00;true
LOC-0190;LOC-0095;PUBLIC_TRANSIT;2026-08-17T07:00:00+03:00;OK;1550;26;5905;LOCAL_TRANSIT_OPTIMISTIC_SCREENING;5943eec8c35f30f5d7a643842f3a1eb187c6a94637b2f48702629bdd7a6e869b;7e55aea2014291462454bafb108ed1171145ff6b7ae74394bd861276d2246e52;2026-09-16T18:40:18.343781+00:00;true
LOC-0190;LOC-0102;PUBLIC_TRANSIT;2026-08-17T07:00:00+03:00;OK;1484;25;6975;LOCAL_TRANSIT_OPTIMISTIC_SCREENING;69e281b839cd3f41bf1e9c71bb203e3ecfa80b50b99c8e1d4c82d494bc359b62;ee954ef6b4d815132c454e8e4d0846de05afa9258f3c1520e52e29bcfc8377df;2026-09-16T18:40:18.343781+00:00;true
LOC-0190;LOC-0112;PUBLIC_TRANSIT;2026-08-17T07:00:00+03:00;OK;1432;24;1777;LOCAL_TRANSIT_OPTIMISTIC_SCREENING;de9f835c3c8f5f30ab9299466fe23719abd26338555a2ad874234aeabfd0320b;9ca12b823489c05554ac6bf79db09498680420518d284ad27369ba5ea44822d5;2026-09-16T18:40:18.343781+00:00;true
LOC-0190;LOC-0124;PUBLIC_TRANSIT;2026-08-17T07:00:00+03:00;OK;2842;48;8850;LOCAL_TRANSIT_OPTIMISTIC_SCREENING;4a671294d8b8e0ed4a28f89bf39f82fa29b37c5cadbc99a2c3ad5f234541af2e;680e722ed9dd6cfac1d2a13a753908d2ad917902c8ae0b5d13c41ae83fbc588f;2026-09-16T18:40:18.343781+00:00;true
LOC-0190;LOC-0125;PUBLIC_TRANSIT;2026-08-17T07:00:00+03:00;OK;1703;29;3781;LOCAL_TRANSIT_OPTIMISTIC_SCREENING;303874bfbc3667ded0fcf18b29c01ae2e3a535db7630b7aa9de54ebf9d9d3990;b679cbce7a2b986c23786216b26cc70103358f6a4022915280aa0911a87b93b4;2026-09-16T18:40:18.343781+00:00;true
LOC-0190;LOC-0126;PUBLIC_TRANSIT;2026-08-17T07:00:00+03:00;OK;906;16;1434;LOCAL_TRANSIT_OPTIMISTIC_SCREENING;535ffb94d6b4b83dad9a3bf9773a8e40a12102d5831a3402759dbce567cc4352;e16059b27afcccd5654d7d1f48f7cb1500eafe0a67de6d40bbea9ffcaa984479;2026-09-16T18:40:18.343781+00:00;true
LOC-0190;LOC-0128;PUBLIC_TRANSIT;2026-08-17T07:00:00+03:00;OK;1306;22;2420;LOCAL_TRANSIT_OPTIMISTIC_SCREENING;9d75d223a99d836d4e2693b458ceb4f3b3d4d046a908d779c99961e9542a2a7b;c00cee2f5ccfa26fb13c7cf7bed664ca73761d428f14e4f7317bf8429061691d;2026-09-16T18:40:18.343781+00:00;true
LOC-0190;LOC-0134;PUBLIC_TRANSIT;2026-08-17T07:00:00+03:00;OK;1446;25;4498;LOCAL_TRANSIT_OPTIMISTIC_SCREENING;c260cd3c5e4dad44c92ad7668653d81b7fd0679abaf463555fcb695c30cd3ce9;97639440c8da8dcf1b0fcc7c60a84dfe218388a67585787c0ee15314c13107f9;2026-09-16T18:40:18.343781+00:00;true
LOC-0190;LOC-0135;PUBLIC_TRANSIT;2026-08-17T07:00:00+03:00;OK;1521;26;4629;LOCAL_TRANSIT_OPTIMISTIC_SCREENING;18a653954ddaa98122bf7bd8a2ef5935849bb197cd34eb0b54de1820493c2506;e98652777b061e9361baa958e34123487426888222d796d61bc7a83e30737e45;2026-09-16T18:40:18.343781+00:00;true
LOC-0190;LOC-0136;PUBLIC_TRANSIT;2026-08-17T07:00:00+03:00;OK;1465;25;4991;LOCAL_TRANSIT_OPTIMISTIC_SCREENING;aad1116732d0ff74e2e861773cba754948701f70a03398ea05a9d25ac4bf7811;363a9845dd144bf9329c95e3c6086e9dc1b9ce7f743bd1d02cb18e22e4df8f01;2026-09-16T18:40:18.343781+00:00;true
LOC-0190;LOC-0140;PUBLIC_TRANSIT;2026-08-17T07:00:00+03:00;OK;1554;26;4952;LOCAL_TRANSIT_OPTIMISTIC_SCREENING;34d3a63023cbe976f86dce15d1e5075a911fce5f2f6cba6474bee82dac0b3405;c224e871035a226b1c3fe7c6ca48762a665c10b4f023b38748f9b0aec7c102bb;2026-09-16T18:40:18.343781+00:00;true
LOC-0190;LOC-0141;PUBLIC_TRANSIT;2026-08-17T07:00:00+03:00;OK;2470;42;7411;LOCAL_TRANSIT_OPTIMISTIC_SCREENING;4e4846c8a071b4880275e65b70676ca7b0b3a456197dd0d50f6c2efec27c1c64;a171242354f1ec0f209b0d525aed5d641488c77ad7c0976a43e9e67c872f70e5;2026-09-16T18:40:18.343781+00:00;true
LOC-0190;LOC-0142;PUBLIC_TRANSIT;2026-08-17T07:00:00+03:00;OK;2405;41;7387;LOCAL_TRANSIT_OPTIMISTIC_SCREENING;dc22e5280e19de9675bf1865f43d3b17ededa3cb8c5188e526ef34ec3a5101d6;881bdcdd650ecce0a85987069c5cd6a996a10480a5e0b98f76c3ebc373419b70;2026-09-16T18:40:18.343781+00:00;true
LOC-0190;LOC-0145;PUBLIC_TRANSIT;2026-08-17T07:00:00+03:00;OK;1006;17;3323;LOCAL_TRANSIT_OPTIMISTIC_SCREENING;b0317e9a6dad86ceb2601aefa9acc5c64898c27583777f17ffa1882ff84456b6;e25b72584862d85bff56c543711ea089920db35c0a128048817f2e2fa0a1458d;2026-09-16T18:40:18.343781+00:00;true
LOC-0190;LOC-0148;PUBLIC_TRANSIT;2026-08-17T07:00:00+03:00;OK;1527;26;3477;LOCAL_TRANSIT_OPTIMISTIC_SCREENING;61d960b9a183059655af55d82c76a438f15ad55c2182e95d50ff025b6199620c;e169f7f6efae57107705777548c789d1a0604184583c609161a5b18b452ef210;2026-09-16T18:40:18.343781+00:00;true
LOC-0190;LOC-0149;PUBLIC_TRANSIT;2026-08-17T07:00:00+03:00;OK;1478;25;3232;LOCAL_TRANSIT_OPTIMISTIC_SCREENING;f7c8c31298b65e516a30f19e8630bcc716bbc72dc06da9998b2adea58cc893b8;4dce5855fca2201f10398f6aff4824139d99f855ffe4327c77ab3a6aa93d43cf;2026-09-16T18:40:18.343781+00:00;true
LOC-0190;LOC-0150;PUBLIC_TRANSIT;2026-08-17T07:00:00+03:00;OK;1466;25;3068;LOCAL_TRANSIT_OPTIMISTIC_SCREENING;465acc8492ace95d41fa99f0c4b07581656cec1cb5aa649f00aff2bb5fbe7dee;573c789ff1f907c9668e3d939131571545b61e797231d9f7b370d172fab68fbf;2026-09-16T18:40:18.343781+00:00;true
LOC-0190;LOC-0151;PUBLIC_TRANSIT;2026-08-17T07:00:00+03:00;OK;1660;28;3907;LOCAL_TRANSIT_OPTIMISTIC_SCREENING;2c8be2a3b1b0ee4e1bf157d1e253578dadd0c55f26257d11f7a718692de37e5f;9bd44ddb1a7009a469ef6074613bf6d405261d3a2ab53362d9ff8e518b4d32b0;2026-09-16T18:40:18.343781+00:00;true
LOC-0190;LOC-0152;PUBLIC_TRANSIT;2026-08-17T07:00:00+03:00;OK;1694;29;3913;LOCAL_TRANSIT_OPTIMISTIC_SCREENING;7d4c7c08d7c49e5a912154ffe4dc25c6f7545a543ea2f739067e0ed52c94bbd6;6a2c116a8e0407bd1c6abbaef36abc180124339af0b3333dd9aaaf4545cf339c;2026-09-16T18:40:18.343781+00:00;true
LOC-0190;LOC-0190;PUBLIC_TRANSIT;2026-08-17T07:00:00+03:00;OK;0;0;0;LOCAL_TRANSIT_OPTIMISTIC_SCREENING;87e0fe6efad28864af80a81f2fe3acbcfb44a81c9682cb2f60ce615609bd7e9d;3d5812abc84c11768aa73a732c85d75dbed439188f5bb3239e9b762ea31d9862;2026-09-16T18:40:18.343781+00:00;true
LOC-0190;LOC-0196;PUBLIC_TRANSIT;2026-08-17T07:00:00+03:00;OK;1911;32;5366;LOCAL_TRANSIT_OPTIMISTIC_SCREENING;a0f4abc54007831d4634b709a88a8455a96d951baa3a824a331a91e048f99ffc;719f4ae642284e1914558ce43fe18f6a60f7f8c84bc58bd17373d3df01a52be5;2026-09-16T18:40:18.343781+00:00;true
LOC-0196;LOC-0002;PUBLIC_TRANSIT;2026-08-17T07:00:00+03:00;OK;2799;47;8324;LOCAL_TRANSIT_OPTIMISTIC_SCREENING;b4fbbba114393c6a32be0e0117eca2f76d32d0c80e95035662c3d2f08a87603a;36d692716938fc9e7726cb6d438e293977bad34c883fd332ccef58e6ead33b02;2026-09-16T18:40:18.343781+00:00;true
LOC-0196;LOC-0008;PUBLIC_TRANSIT;2026-08-17T07:00:00+03:00;OK;1768;30;5991;LOCAL_TRANSIT_OPTIMISTIC_SCREENING;8649a4982cab9a199ec2f7942a71198ae5890cc595e6695c54e3713797e9501a;c4289c78e00d09a7b4083a4c608a8c59d8e64fcd59020955935c74436bc7630a;2026-09-16T18:40:18.343781+00:00;true
LOC-0196;LOC-0009;PUBLIC_TRANSIT;2026-08-17T07:00:00+03:00;OK;1640;28;6629;LOCAL_TRANSIT_OPTIMISTIC_SCREENING;e20e18ddf986ef5b532321fab2ba4df13283b478a1e28d68a4ac0f8af266a852;6bd87ec4ebca0d9e90b7945b1ccf1997f353343985bd31c9d5b6406d4ecc775c;2026-09-16T18:40:18.343781+00:00;true
LOC-0196;LOC-0010;PUBLIC_TRANSIT;2026-08-17T07:00:00+03:00;OK;1796;30;5984;LOCAL_TRANSIT_OPTIMISTIC_SCREENING;c79e96b8628e7b3ce720617812dba84520e6723408135dfc8adfad7c40c60854;bf02a1a2748c2920046b1dbfa242108864fbc7ef0035694b49772ef1c0d14d6a;2026-09-16T18:40:18.343781+00:00;true
LOC-0196;LOC-0011;PUBLIC_TRANSIT;2026-08-17T07:00:00+03:00;OK;1723;29;6165;LOCAL_TRANSIT_OPTIMISTIC_SCREENING;cf284098b2f6b68e79c5316f9c6d8fddf0c75f660c6e896f068c59d34257a9a5;4053bc6456c85a5c61d512110053a55920323ff227b9fa4f6bc8b28375cce49e;2026-09-16T18:40:18.343781+00:00;true
LOC-0196;LOC-0012;PUBLIC_TRANSIT;2026-08-17T07:00:00+03:00;OK;1719;29;5434;LOCAL_TRANSIT_OPTIMISTIC_SCREENING;f7a9cff0551711171cba499ec50eb080f9e1fcf79b75dd832159c2d9e760847c;9d525313fa77a8c228102e70abca42b65db4b87a74c22dd5594a247b95cc70e4;2026-09-16T18:40:18.343781+00:00;true
LOC-0196;LOC-0013;PUBLIC_TRANSIT;2026-08-17T07:00:00+03:00;OK;3106;52;9184;LOCAL_TRANSIT_OPTIMISTIC_SCREENING;f1c4690c74d3e41751518d96b352aa6ec44c9cfc2af1c09eb61b818defc8e05c;94badcdde3bdac66355d01b703040980c56d4e8d609a46660e564a4ffd76ad9a;2026-09-16T18:40:18.343781+00:00;true
LOC-0196;LOC-0016;PUBLIC_TRANSIT;2026-08-17T07:00:00+03:00;OK;2137;36;8004;LOCAL_TRANSIT_OPTIMISTIC_SCREENING;0bfbffa9a920d8686a8ca3a518a238cf672797752ed42f4823ccd38dcf26ff71;ce999791dc8a35450bfb82dccf2bd05ca297eb7d1fd108c62abd816bd923bcad;2026-09-16T18:40:18.343781+00:00;true
LOC-0196;LOC-0017;PUBLIC_TRANSIT;2026-08-17T07:00:00+03:00;OK;1089;19;2583;LOCAL_TRANSIT_OPTIMISTIC_SCREENING;ffcd83a4438df3ced247ce76a88605492e24396d82e53c0d77376673b439bea2;36094f206ae930da4d96a2d696e7a79956c7373a32c40a543d30476474fb6163;2026-09-16T18:40:18.343781+00:00;true
LOC-0196;LOC-0018;PUBLIC_TRANSIT;2026-08-17T07:00:00+03:00;OK;829;14;2050;LOCAL_TRANSIT_OPTIMISTIC_SCREENING;c8a78c489eee445dc9ddb6dae64fe29b2e9829d62e10ac146c1ab8f993991b67;0f9f14da3992aa4c1904b80e7054a28e3bd7cfc86d5422a2d5097f14418f1438;2026-09-16T18:40:18.343781+00:00;true
LOC-0196;LOC-0019;PUBLIC_TRANSIT;2026-08-17T07:00:00+03:00;OK;2012;34;6136;LOCAL_TRANSIT_OPTIMISTIC_SCREENING;ac075b8f73529d34784b4d6ef22d02ac1aa3318071555997e918dd3f473d73de;dc1c6d7a4cb31db47ca43b2f08d46a134b90ef3baf70da14783e5b3df69da96a;2026-09-16T18:40:18.343781+00:00;true
LOC-0196;LOC-0020;PUBLIC_TRANSIT;2026-08-17T07:00:00+03:00;OK;1633;28;4670;LOCAL_TRANSIT_OPTIMISTIC_SCREENING;df4e10cfa5a82ffdbb8dc27958ab3f690939c28125cdbecac748683f4888690d;c0ed43a3df71bbb26d042d5fbd74348132374cca2771923f0fe2039485672276;2026-09-16T18:40:18.343781+00:00;true
LOC-0196;LOC-0023;PUBLIC_TRANSIT;2026-08-17T07:00:00+03:00;OK;583;10;1395;LOCAL_TRANSIT_OPTIMISTIC_SCREENING;9c3a9599cc5c70cad1758678ea97bbe5d65e3b5f887a7ae56c6c661cb5523cd6;7bca0ebaf7a1794f3571d1309aba25be4a2827eecad7f89e83f1c285cc80a602;2026-09-16T18:40:18.343781+00:00;true
LOC-0196;LOC-0027;PUBLIC_TRANSIT;2026-08-17T07:00:00+03:00;OK;999;17;4201;LOCAL_TRANSIT_OPTIMISTIC_SCREENING;38a987f0a7da0bad835a4c13a2a07f8a11791bf9b937694df2972638df96ee68;0b6403594ebc605237f39f2b6b34b7a029de7524aab66a021a9667636a0eb8dd;2026-09-16T18:40:18.343781+00:00;true
LOC-0196;LOC-0028;PUBLIC_TRANSIT;2026-08-17T07:00:00+03:00;OK;1958;33;6819;LOCAL_TRANSIT_OPTIMISTIC_SCREENING;a5cf767269397bbdc493d7bb017b398eaad9215b06d05f6822fd94fbcaf1cedb;6990fb0f3f20cb880c3dc6c37aa98d573165ed4970dfc4aacb3c1b401cb01599;2026-09-16T18:40:18.343781+00:00;true
LOC-0196;LOC-0029;PUBLIC_TRANSIT;2026-08-17T07:00:00+03:00;OK;1893;32;6748;LOCAL_TRANSIT_OPTIMISTIC_SCREENING;cec75c13b112a12fc127d929c5c9a6aee6047aeceec7f2a3f379997c425ebe3b;afbea23ded0d3cbbd7ee37e3748275700e4ee79bdb3385acc253fff60e85b6a2;2026-09-16T18:40:18.343781+00:00;true
LOC-0196;LOC-0037;PUBLIC_TRANSIT;2026-08-17T07:00:00+03:00;OK;2386;40;7667;LOCAL_TRANSIT_OPTIMISTIC_SCREENING;97a4e047be94fa14734dccadc4d819df34a1069d110c23b32e07b43a93e57ddc;71f6c6ced424147341d11a9f6661c6a02d3f879f124f044cf48c0c07a5419f2f;2026-09-16T18:40:18.343781+00:00;true
LOC-0196;LOC-0045;PUBLIC_TRANSIT;2026-08-17T07:00:00+03:00;OK;1384;24;5089;LOCAL_TRANSIT_OPTIMISTIC_SCREENING;b59692d7760853a0ec00aae6ec1ebf0303473ac458ca96f71d58548688e67440;3d0b57cd6781e87f1d79b4ba5f4d9a52b1cd984171f54e052f7ad2ec9227b9d9;2026-09-16T18:40:18.343781+00:00;true
LOC-0196;LOC-0053;PUBLIC_TRANSIT;2026-08-17T07:00:00+03:00;OK;1670;28;7611;LOCAL_TRANSIT_OPTIMISTIC_SCREENING;dbdf0b79d382f901f2202b6afe3c6c753d1b51b1f13c7bee9528ce1786dc73aa;29f0b36f6eaafb921696a71162ea863156ab681a684a5022996dda5b45e48db9;2026-09-16T18:40:18.343781+00:00;true
LOC-0196;LOC-0054;PUBLIC_TRANSIT;2026-08-17T07:00:00+03:00;OK;2698;45;7119;LOCAL_TRANSIT_OPTIMISTIC_SCREENING;88b0e0ad954fba2565411aefdbb36908d6d2c14576bd1df45ecc37e878340616;cca808bb9899312c1abea44706c4ec13378153dbb995010f1b33494a4c23b7bd;2026-09-16T18:40:18.343781+00:00;true
LOC-0196;LOC-0061;PUBLIC_TRANSIT;2026-08-17T07:00:00+03:00;OK;2023;34;5640;LOCAL_TRANSIT_OPTIMISTIC_SCREENING;e5439843ddb9d2c4466736111ad8a760bf98679fc74f030d5ca1687d0c762547;08b681e3056a3650ded38c43693f170d2605bd8c2af6c9a42101d07c345b5be1;2026-09-16T18:40:18.343781+00:00;true
LOC-0196;LOC-0063;PUBLIC_TRANSIT;2026-08-17T07:00:00+03:00;OK;1942;33;7286;LOCAL_TRANSIT_OPTIMISTIC_SCREENING;d1d091c57a8f5ee6c174e1cb159bb15476dc6dcc0d23427af0c65d135799431e;4d6faed28c7f015818a7cb1c3f08c73c3feb054452ce3f4e0de8d404e5ffc310;2026-09-16T18:40:18.343781+00:00;true
LOC-0196;LOC-0064;PUBLIC_TRANSIT;2026-08-17T07:00:00+03:00;OK;2117;36;6770;LOCAL_TRANSIT_OPTIMISTIC_SCREENING;e7f108cb59e7b592bb9caf6c3e664107df97666f3ee35c257dff1b3d4a4e57c4;e4e442a429bb213bf5c0e6ee3bbb0087769e0a33063b32fed7300a84ce48a7ef;2026-09-16T18:40:18.343781+00:00;true
LOC-0196;LOC-0074;PUBLIC_TRANSIT;2026-08-17T07:00:00+03:00;OK;1064;18;2996;LOCAL_TRANSIT_OPTIMISTIC_SCREENING;f82e85372992b150d59cd61b042a342f695214698edd79805686e0098f35298f;4bf728e67c579bea3620defd90a0a5175db204209ae1ac6968da98e33026f647;2026-09-16T18:40:18.343781+00:00;true
LOC-0196;LOC-0075;PUBLIC_TRANSIT;2026-08-17T07:00:00+03:00;OK;1143;20;2781;LOCAL_TRANSIT_OPTIMISTIC_SCREENING;fedb52a1197c036a45318e4835423fb85037609995a230ce4df208dbbeb38aa3;3e36d354e7066288d63d9c06a1883d1626d7df427340473b17b49ae5dfc64aed;2026-09-16T18:40:18.343781+00:00;true
LOC-0196;LOC-0076;PUBLIC_TRANSIT;2026-08-17T07:00:00+03:00;OK;2348;40;8166;LOCAL_TRANSIT_OPTIMISTIC_SCREENING;bc27f28c54eb88fd9522b63b50b6530d385dbbd57c201828f01fd27aaab75cf3;938dfd9f592de8e48db2e47653ac0a153a98657c0c2ea11b5a22246fb6950d89;2026-09-16T18:40:18.343781+00:00;true
LOC-0196;LOC-0078;PUBLIC_TRANSIT;2026-08-17T07:00:00+03:00;OK;1581;27;5705;LOCAL_TRANSIT_OPTIMISTIC_SCREENING;abcc1dcb32f8d40bb2972a2f997fc1ea7cfbc6774be9d08ddab1f3bed3e1e56c;6b749bd08f18ea1eca2919b49e06177c9c6365552159ce35d2b29ddd7a758e27;2026-09-16T18:40:18.343781+00:00;true
LOC-0196;LOC-0080;PUBLIC_TRANSIT;2026-08-17T07:00:00+03:00;OK;867;15;2529;LOCAL_TRANSIT_OPTIMISTIC_SCREENING;df0ae50db0a3e5b8a7fd3d81b308543eb387173f60b9da839f11b31323cd583f;e794d4b059e62984909242c994847f92839ac8c52345a4e88175e8ba3d4f53fb;2026-09-16T18:40:18.343781+00:00;true
LOC-0196;LOC-0082;PUBLIC_TRANSIT;2026-08-17T07:00:00+03:00;OK;1781;30;7002;LOCAL_TRANSIT_OPTIMISTIC_SCREENING;b446ebfc2d73c015ce57fcb8b64299ab66b1938bac9e149c7858638763ca3921;4ec3c524b111da299a975ce7794a64beaf5ab7ec80fee727bda20b1fd79a201e;2026-09-16T18:40:18.343781+00:00;true
LOC-0196;LOC-0085;PUBLIC_TRANSIT;2026-08-17T07:00:00+03:00;OK;2570;43;9307;LOCAL_TRANSIT_OPTIMISTIC_SCREENING;c6cd0f3ad5f3cb5e093e2343f30538d2ebf302e2e5a86ac749c779ea695304ce;d22e5b9b560277f211155682e75c393be8bbed24f3ccbac536888744a6d7b3cf;2026-09-16T18:40:18.343781+00:00;true
LOC-0196;LOC-0086;PUBLIC_TRANSIT;2026-08-17T07:00:00+03:00;OK;2352;40;9168;LOCAL_TRANSIT_OPTIMISTIC_SCREENING;558ce50716019afffe8f8ffdeb8f3e1284464b418fc2680b96e546b8fbb66b2d;d2366125b5c946f21fb74e26a347676dc0a761193c1a59af2e76babf39f6e2b8;2026-09-16T18:40:18.343781+00:00;true
LOC-0196;LOC-0091;PUBLIC_TRANSIT;2026-08-17T07:00:00+03:00;OK;1427;24;5137;LOCAL_TRANSIT_OPTIMISTIC_SCREENING;4eb65342bb5ed934cc85ea2368b7cb98461cee11e49bf88061239635e9320c70;cb91ab77e4b796478e875bd9bd7fe2ac4f4e476c76588f6173186dcc8f095093;2026-09-16T18:40:18.343781+00:00;true
LOC-0196;LOC-0092;PUBLIC_TRANSIT;2026-08-17T07:00:00+03:00;OK;1341;23;4414;LOCAL_TRANSIT_OPTIMISTIC_SCREENING;61eed83d1c881d1a1d7d215eba5d6624c9faddb252268ebf49d9a72cc20446ce;9ea0f102ae0c202027033cecbff38c2bf63b398855cf8d11239cf11d4b5dd977;2026-09-16T18:40:18.343781+00:00;true
LOC-0196;LOC-0093;PUBLIC_TRANSIT;2026-08-17T07:00:00+03:00;OK;1303;22;4318;LOCAL_TRANSIT_OPTIMISTIC_SCREENING;cc4a281065f42714eaab158c6515581476d3bbdd2b73c1e9775285c73a885176;da8a2ea5f2fd6670ec9cf7238b9b3a574c5848788f5401c24327400910ba22ab;2026-09-16T18:40:18.343781+00:00;true
LOC-0196;LOC-0094;PUBLIC_TRANSIT;2026-08-17T07:00:00+03:00;OK;2738;46;9692;LOCAL_TRANSIT_OPTIMISTIC_SCREENING;93676be065d93cf334d33d02217377607d608c43963325d08be2a7a2f1f2f689;9171b71ecff9e228a852c1aebbeaaba87a023e1d993e1dab342ae3dc59513407;2026-09-16T18:40:18.343781+00:00;true
LOC-0196;LOC-0095;PUBLIC_TRANSIT;2026-08-17T07:00:00+03:00;OK;2372;40;10302;LOCAL_TRANSIT_OPTIMISTIC_SCREENING;83833873c8fb08a01439bce0f3f50903a23d80572d4bcbc2ade865c951d473c5;6dedd692606f91fccd89c438ac411ecb6a2a0385967af2331feb1790007562ce;2026-09-16T18:40:18.343781+00:00;true
LOC-0196;LOC-0102;PUBLIC_TRANSIT;2026-08-17T07:00:00+03:00;OK;1824;31;6738;LOCAL_TRANSIT_OPTIMISTIC_SCREENING;eb034b053dd3b258b45b65e56d26c75e38f1f002d84ee4d69c9c5c014df5abb8;8469bad1e9b32dad03d28df254c51ab6f992ea8831439706e5ce4f8ed7c98fdd;2026-09-16T18:40:18.343781+00:00;true
LOC-0196;LOC-0112;PUBLIC_TRANSIT;2026-08-17T07:00:00+03:00;OK;1147;20;3620;LOCAL_TRANSIT_OPTIMISTIC_SCREENING;191a4c68ddb4aababad5fd8e360e706b4491e617d9ea801b4a46c7726355f5df;23be2dcda8cd7ee91ad3fb86762f822d2aeb7c9764d1a8f4537b5d362ed8bad9;2026-09-16T18:40:18.343781+00:00;true
LOC-0196;LOC-0124;PUBLIC_TRANSIT;2026-08-17T07:00:00+03:00;OK;1272;22;6327;LOCAL_TRANSIT_OPTIMISTIC_SCREENING;353506074faec69ef9b2e8d8a16e263cdca477ec5ab40c107571713d975060ea;aa8ee9c02945d79520a5100d23a0fdae83058e2d9bbfbec75c4804c4bab9e40f;2026-09-16T18:40:18.343781+00:00;true
LOC-0196;LOC-0125;PUBLIC_TRANSIT;2026-08-17T07:00:00+03:00;OK;815;14;1803;LOCAL_TRANSIT_OPTIMISTIC_SCREENING;b48c7d43f0ad671a55ad995e4e66694b3cc1632ba7b170e5c4b81e36df98cd97;73dd0e9dc6bc23cf0895d765107047bc856e8f1e09b4df21eb755e0062aa186c;2026-09-16T18:40:18.343781+00:00;true
LOC-0196;LOC-0126;PUBLIC_TRANSIT;2026-08-17T07:00:00+03:00;OK;1215;21;4188;LOCAL_TRANSIT_OPTIMISTIC_SCREENING;0b2f3c38458f94ccaa7ac3a83aff37323bc9dcca56662a38379f2155e44af351;43f5408381a02d50cd661a0a41416a63d56975a6a5bbd46a80326d8114336136;2026-09-16T18:40:18.343781+00:00;true
LOC-0196;LOC-0128;PUBLIC_TRANSIT;2026-08-17T07:00:00+03:00;OK;2683;45;7267;LOCAL_TRANSIT_OPTIMISTIC_SCREENING;9731d13a2557020f4c98b67af822429754ffa7419f483b5d35602b8029027fb2;008c1b813622a03cba950c7996442d990262bc5eff7646e3ecaae0e40e2fbd98;2026-09-16T18:40:18.343781+00:00;true
LOC-0196;LOC-0134;PUBLIC_TRANSIT;2026-08-17T07:00:00+03:00;OK;2836;48;8702;LOCAL_TRANSIT_OPTIMISTIC_SCREENING;81aef9c944b2c8f218bc6aaae1e7e9e53cba2b2d0123af2a9d90987f4b71cc76;c09102712d102f3ea77650617a0c7eaa8e8b3a513f270430379a19f6ac7be2c6;2026-09-16T18:40:18.343781+00:00;true
LOC-0196;LOC-0135;PUBLIC_TRANSIT;2026-08-17T07:00:00+03:00;OK;2949;50;8764;LOCAL_TRANSIT_OPTIMISTIC_SCREENING;7e3a89d4ee59452f4e6d0e0b60931fcad91fd347b83fd963f2d440bd87ca3efe;858a3dcbbc8ec1595295cea3b3e1b9e736a9960ff2aeaca1fc17cae116fd5079;2026-09-16T18:40:18.343781+00:00;true
LOC-0196;LOC-0136;PUBLIC_TRANSIT;2026-08-17T07:00:00+03:00;OK;2902;49;9212;LOCAL_TRANSIT_OPTIMISTIC_SCREENING;3cc863e1f2cd4c4e2849c0ded130612a7620b20ef2e434b412266264736b5657;faee6cbf74e2331369e696d4256a75e475af948f54d1d181b751d13d020e411f;2026-09-16T18:40:18.343781+00:00;true
LOC-0196;LOC-0140;PUBLIC_TRANSIT;2026-08-17T07:00:00+03:00;OK;1840;31;7704;LOCAL_TRANSIT_OPTIMISTIC_SCREENING;06255ad610fd97b1c9e27df0371313ddccf36d649b5d55100cbc8ea50c0b74d2;4dfc70cfc84cb90672116084bbd5edc20cb474b811b16ea35b2db0957d7edf2c;2026-09-16T18:40:18.343781+00:00;true
LOC-0196;LOC-0141;PUBLIC_TRANSIT;2026-08-17T07:00:00+03:00;OK;1301;22;4392;LOCAL_TRANSIT_OPTIMISTIC_SCREENING;94928441ba59464889e4166df7b0d94b1d2f1043313a43e8d0391ec851d323ec;db38714d2e175379500b0047e331cbaebcecb46ec94f564df714012f4fc46145;2026-09-16T18:40:18.343781+00:00;true
LOC-0196;LOC-0142;PUBLIC_TRANSIT;2026-08-17T07:00:00+03:00;OK;1231;21;4282;LOCAL_TRANSIT_OPTIMISTIC_SCREENING;231d4776e5d100d08d29c8c7ca13e89fee8dcdaffb7be7ce7e5d496bbdfaf133;66de1c9c1784eeed39a71b1a5e8187cf7c57c822d3e9ab27b1931748fc97c0d7;2026-09-16T18:40:18.343781+00:00;true
LOC-0196;LOC-0145;PUBLIC_TRANSIT;2026-08-17T07:00:00+03:00;OK;1393;24;4332;LOCAL_TRANSIT_OPTIMISTIC_SCREENING;7afdc21f1cae3e5edbbae75cf12b48006bf1f0330779aaa59026cb99adf3f70e;482367d56d33b7b5d7c535a023c5cd56f665568131b22009fcf0c07ac23f6866;2026-09-16T18:40:18.343781+00:00;true
LOC-0196;LOC-0148;PUBLIC_TRANSIT;2026-08-17T07:00:00+03:00;OK;1074;18;2903;LOCAL_TRANSIT_OPTIMISTIC_SCREENING;6560fe126e770094c5602ebead92fe2b168cfc61d8131618d710b282433de260;a8cf127f4b72af6ea7e5a7c1edf897d95a37543c60bed0f9c7fdd1e709731dfd;2026-09-16T18:40:18.343781+00:00;true
LOC-0196;LOC-0149;PUBLIC_TRANSIT;2026-08-17T07:00:00+03:00;OK;1126;19;3111;LOCAL_TRANSIT_OPTIMISTIC_SCREENING;7d6c5e82189e6d8385b09534a8f6f5f390ee543467d6c5ca1dbc5b7bfdfb3216;3babe6d50a4ddd68883a0891e8e70b496d0e4044ed443b559133aaac130f61f0;2026-09-16T18:40:18.343781+00:00;true
LOC-0196;LOC-0150;PUBLIC_TRANSIT;2026-08-17T07:00:00+03:00;OK;1270;22;3258;LOCAL_TRANSIT_OPTIMISTIC_SCREENING;ebac9e8b09821a75828bb611963a63906a6335fd873038b62dde4b8839023175;880d9748315f6fb4f85aa5729734ba5e8fbf07ebf71253395ca486d762ac5237;2026-09-16T18:40:18.343781+00:00;true
LOC-0196;LOC-0151;PUBLIC_TRANSIT;2026-08-17T07:00:00+03:00;OK;1074;18;2667;LOCAL_TRANSIT_OPTIMISTIC_SCREENING;6c8e63d14379094f8e34573d43b38674db786163c6c0653791216763c32f8fb7;39a1e64414cb34e200e1eb50fa87f2f01f81fbf12b84e7cdab4b87056adc991e;2026-09-16T18:40:18.343781+00:00;true
LOC-0196;LOC-0152;PUBLIC_TRANSIT;2026-08-17T07:00:00+03:00;OK;1097;19;2736;LOCAL_TRANSIT_OPTIMISTIC_SCREENING;1fe1de9789fecb06713d2b9c2d6312be041ebe98c9b357136ebee9a19f1b0f08;659cd8aa5e31ee29eeb7a7c8641969b7a21e42eb43c31d992deb000f08b61627;2026-09-16T18:40:18.343781+00:00;true
LOC-0196;LOC-0190;PUBLIC_TRANSIT;2026-08-17T07:00:00+03:00;OK;1954;33;5366;LOCAL_TRANSIT_OPTIMISTIC_SCREENING;b3590596ff574a2cc0153ed3851a76808ccfb3670795192b2429e7cf4419fc04;aa0ac8423b67079dee2bac062ae470e80d08c2c81542c98e8b3a42fbce6c2784;2026-09-16T18:40:18.343781+00:00;true
LOC-0196;LOC-0196;PUBLIC_TRANSIT;2026-08-17T07:00:00+03:00;OK;0;0;0;LOCAL_TRANSIT_OPTIMISTIC_SCREENING;adff7e35ab6f5c2a5698fd7878e735e2708bd3ac6f9a633fd1e656a24620f074;3d5812abc84c11768aa73a732c85d75dbed439188f5bb3239e9b762ea31d9862;2026-09-16T18:40:18.343781+00:00;true
