{"type":"FeatureCollection","features":[{"type":"Feature","properties":{"name":"Кашира","scope":"district","type":"administrative","category":"boundary","source":"OpenStreetMap / Nominatim","osmType":"relation","osmId":184664},"geometry":{"type":"Polygon","coordinates":[[[37.9539653,54.7809621],[37.9539961,54.7806998],[37.954646,54.7803521],[37.9561888,54.7805416],[37.9565489,54.7804693],[37.9572292,54.7802933],[37.9582772,54.7796275],[37.9591195,54.7792137],[37.9608147,54.7788416],[37.9615939,54.7786552],[37.9623959,54.7783915],[37.9631386,54.7780721],[37.9633332,54.7778264],[37.9636058,54.7774702],[37.9639824,54.7768947],[37.9641467,54.7769566],[37.9642124,54.7772994],[37.96427,54.777384],[37.9645411,54.7781983],[37.9646738,54.7788155],[37.9661793,54.7786543],[37.9699093,54.778255],[37.9758068,54.7772364],[37.9773482,54.7767874],[37.9803941,54.7758734],[37.9827619,54.7750697],[37.9836193,54.7749175],[37.9838816,54.7750649],[37.9848995,54.7756682],[37.985959,54.7762686],[37.989787,54.7786018],[37.9927795,54.7802809],[37.9933512,54.7804934],[37.993643,54.780603],[37.9952987,54.7813754],[37.9975436,54.7828345],[37.9983952,54.7836841],[37.9987494,54.7839709],[37.999827,54.7840498],[38.0032525,54.7838804],[38.0043674,54.7838035],[38.006761,54.7836504],[38.007249,54.7836227],[38.0080834,54.7835699],[38.0082848,54.7835557],[38.009225,54.7834972],[38.0133897,54.7832696],[38.0161704,54.7831138],[38.0164847,54.7831024],[38.0163087,54.7826503],[38.0145141,54.7798435],[38.0129646,54.7774743],[38.0126149,54.7769609],[38.0122622,54.7763595],[38.0122095,54.7761918],[38.0128581,54.775916],[38.0136746,54.7756459],[38.0159674,54.7747644],[38.017861,54.7739614],[38.0200045,54.7728289],[38.0203579,54.772678],[38.0232322,54.7714149],[38.0265222,54.7700987],[38.028954,54.7691259],[38.0294111,54.7689667],[38.0314329,54.7682033],[38.0327333,54.7675958],[38.0338057,54.7670772],[38.0396567,54.7646729],[38.0397443,54.7643029],[38.0399426,54.7635588],[38.0402932,54.7622691],[38.0402988,54.7618459],[38.0409149,54.7588973],[38.0412353,54.7582755],[38.041286,54.758194],[38.0413045,54.7581058],[38.0413095,54.7580529],[38.0413917,54.7575505],[38.0416471,54.7560254],[38.0419671,54.7541028],[38.042008,54.7538569],[38.0420856,54.7531497],[38.0426933,54.7494643],[38.043353,54.7474645],[38.0439369,54.7428246],[38.0441245,54.7413511],[38.0448272,54.7346073],[38.0448205,54.7342618],[38.0440836,54.7343212],[38.0433339,54.7345672],[38.0410836,54.7347883],[38.0397583,54.7349227],[38.0392245,54.7349619],[38.0374282,54.7351563],[38.0349135,54.7354984],[38.0310182,54.7361434],[38.0298554,54.7314854],[38.0295868,54.7305153],[38.0291445,54.72915],[38.0284476,54.7264608],[38.0278597,54.7252398],[38.0277235,54.7250006],[38.0277783,54.7222561],[38.0284972,54.7214134],[38.0292374,54.7204033],[38.0277676,54.7194676],[38.0277781,54.7184914],[38.0442006,54.7205667],[38.0450678,54.720686],[38.0464495,54.7209116],[38.0477255,54.7204142],[38.0489198,54.7209869],[38.0496802,54.7207572],[38.0500396,54.720858],[38.0501654,54.7208459],[38.0502751,54.7208068],[38.0502892,54.7205],[38.0505704,54.7202686],[38.0505518,54.7202085],[38.0504404,54.7201639],[38.0503487,54.7200465],[38.0501794,54.719962],[38.0503286,54.7199386],[38.0505503,54.7200154],[38.0507585,54.7199948],[38.0508226,54.7199284],[38.0506501,54.7197045],[38.0506321,54.7196096],[38.05086,54.7194776],[38.0507934,54.7193224],[38.0511622,54.7190691],[38.0516314,54.7188542],[38.0518187,54.7187126],[38.0520715,54.7183151],[38.0524644,54.7180825],[38.0529756,54.7177886],[38.053579,54.7175442],[38.0537777,54.7173519],[38.0539898,54.7171756],[38.0541458,54.717143],[38.0546534,54.7171827],[38.0548773,54.7171851],[38.0551398,54.717156],[38.0556049,54.7170786],[38.0560202,54.7170674],[38.0562484,54.7170275],[38.056482,54.7168569],[38.0569619,54.7165244],[38.057713,54.716009],[38.0581003,54.7153729],[38.0582174,54.7148936],[38.0590345,54.7142989],[38.0599927,54.7137457],[38.0610861,54.7132374],[38.062054,54.7127031],[38.0624538,54.7126599],[38.0629069,54.7126677],[38.0632628,54.7125805],[38.0638427,54.7124845],[38.0640675,54.7123998],[38.0648901,54.7120739],[38.0660729,54.711768],[38.0664681,54.7115859],[38.0672837,54.7109933],[38.0684243,54.7104561],[38.0689297,54.7101209],[38.0695398,54.7097958],[38.0689386,54.709262],[38.0702476,54.7089565],[38.0771402,54.70895],[38.0796378,54.7092035],[38.0826416,54.7100225],[38.0846088,54.7106051],[38.0874678,54.7117048],[38.0910725,54.712908],[38.0970295,54.7149619],[38.0995364,54.7152066],[38.1062761,54.7149499],[38.1117101,54.7149304],[38.1156252,54.7157882],[38.1184603,54.716841],[38.1225105,54.7115574],[38.1230842,54.710407],[38.1234959,54.7097023],[38.1241281,54.7086835],[38.1252224,54.7071086],[38.1287129,54.7053043],[38.1302462,54.7034073],[38.1308948,54.7006414],[38.1321032,54.6981102],[38.1326923,54.6966345],[38.1334243,54.6944763],[38.1344459,54.6915667],[38.134682,54.6905299],[38.1349734,54.6892651],[38.1355675,54.6878922],[38.1359742,54.6871161],[38.137144,54.6866471],[38.1411032,54.6866834],[38.1466716,54.6870156],[38.1490777,54.6870924],[38.1503174,54.6873859],[38.151495,54.6881123],[38.1524848,54.6894012],[38.15375,54.6911457],[38.1546966,54.6923552],[38.1557415,54.6931876],[38.1564986,54.6935495],[38.1598245,54.69412],[38.1627642,54.6947401],[38.1669056,54.6957197],[38.1714546,54.696129],[38.1746303,54.6972574],[38.1781923,54.6981998],[38.1803166,54.698485],[38.1835479,54.6983161],[38.1856938,54.6958802],[38.1870371,54.6950984],[38.1889052,54.6952317],[38.2053856,54.6966693],[38.2103975,54.6966025],[38.212292,54.6964648],[38.2124463,54.6958204],[38.2126252,54.6948313],[38.2125273,54.6925729],[38.2124889,54.6915721],[38.212454,54.6908088],[38.2124756,54.6899781],[38.2129107,54.6882049],[38.2130831,54.6873411],[38.2134617,54.6856021],[38.2136418,54.6846485],[38.2141883,54.6821395],[38.2143538,54.6809991],[38.214658,54.6803224],[38.2148885,54.6798545],[38.2153323,54.6792128],[38.2173054,54.6778896],[38.2199091,54.6762228],[38.2232168,54.6743578],[38.2254218,54.6730949],[38.2271798,54.6720879],[38.2276792,54.6718017],[38.2291101,54.6709821],[38.2331385,54.6686743],[38.233156,54.6674492],[38.2341619,54.6669135],[38.2363431,54.6671394],[38.2373651,54.6684975],[38.2378812,54.6688996],[38.2396092,54.6713666],[38.2415184,54.6715322],[38.2462751,54.6687992],[38.2477607,54.6680717],[38.2510001,54.6664653],[38.2564763,54.6637424],[38.2588958,54.6647323],[38.2668964,54.6687211],[38.2684647,54.6696135],[38.270957,54.6711099],[38.2721422,54.6718215],[38.2725997,54.6719899],[38.2729987,54.6726429],[38.2730342,54.6729104],[38.273383,54.6729913],[38.2736513,54.673179],[38.2736881,54.6734006],[38.2736271,54.6735603],[38.273629,54.6737391],[38.2738441,54.6738693],[38.2741808,54.673987],[38.2748299,54.6741029],[38.2751348,54.6740717],[38.2752704,54.6739865],[38.2754473,54.6738609],[38.2754518,54.6737684],[38.2752595,54.6734515],[38.2753479,54.6732602],[38.2756518,54.6731104],[38.2759947,54.6730551],[38.276302,54.6730758],[38.2769729,54.673255],[38.2778495,54.6735185],[38.2788859,54.6737924],[38.2797414,54.6741833],[38.280294,54.6745703],[38.2804403,54.6747938],[38.2805796,54.6753353],[38.2806546,54.6758343],[38.2808259,54.6760397],[38.2809794,54.6761095],[38.2810821,54.6761837],[38.281111,54.6762542],[38.2812246,54.6762971],[38.2814091,54.6763215],[38.2817478,54.6762659],[38.2825049,54.67654],[38.2826765,54.6765765],[38.2828462,54.6766127],[38.2831843,54.6766847],[38.2840114,54.6767904],[38.2850715,54.6767903],[38.2857741,54.6769118],[38.2864283,54.6768318],[38.2868712,54.6768691],[38.2877683,54.6768446],[38.2885144,54.676869],[38.2892966,54.6770397],[38.2900974,54.6772032],[38.2912589,54.6775329],[38.2918909,54.6771793],[38.2921972,54.6770185],[38.2923239,54.6767752],[38.2925117,54.6763013],[38.2927364,54.676077],[38.2931742,54.6758058],[38.2931318,54.6755307],[38.2932252,54.6753854],[38.2934984,54.6753004],[38.2937663,54.6751965],[38.2939253,54.675026],[38.294359,54.6745813],[38.2955881,54.6746011],[38.2974803,54.6730775],[38.297883,54.6705175],[38.2999201,54.6689701],[38.300224,54.668815],[38.3052874,54.6662116],[38.3052245,54.666152],[38.3051687,54.665973],[38.3054626,54.6657446],[38.3080642,54.6645687],[38.3107472,54.6634805],[38.3146495,54.661571],[38.3146778,54.6614763],[38.3145169,54.6614096],[38.3145103,54.6610693],[38.3142951,54.6609551],[38.3142244,54.6608759],[38.3141482,54.660803],[38.3139711,54.660722],[38.3139032,54.6606538],[38.3138625,54.6605652],[38.3137537,54.6604827],[38.3134021,54.6603366],[38.3133343,54.6602146],[38.3132638,54.6601085],[38.3130704,54.6600006],[38.313019,54.6599119],[38.3129321,54.6597946],[38.3127986,54.6597343],[38.3127416,54.6596646],[38.312663,54.6595268],[38.3124179,54.6593603],[38.3123583,54.6592462],[38.3122988,54.6591322],[38.312111,54.6589879],[38.3119393,54.6589006],[38.3115091,54.6586341],[38.3113842,54.6584946],[38.3112347,54.658333],[38.3109892,54.6582709],[38.3107197,54.6580901],[38.310451,54.6580735],[38.3099533,54.657849],[38.3097164,54.6578398],[38.3093179,54.6577779],[38.3091325,54.6577111],[38.3091995,54.6573662],[38.3098959,54.656802],[38.3110609,54.6561945],[38.3115427,54.6558502],[38.3119979,54.6553823],[38.3122283,54.6552215],[38.3123924,54.655041],[38.3123771,54.6547688],[38.3123125,54.6545946],[38.3144337,54.65434],[38.3164218,54.653615],[38.3160014,54.6525338],[38.316334,54.6520599],[38.3165621,54.6517252],[38.3180289,54.6506996],[38.3194544,54.6508399],[38.3210426,54.6516906],[38.323095,54.6528397],[38.3259789,54.6541719],[38.3310767,54.656701],[38.344537,54.6571428],[38.3456825,54.6581368],[38.360002,54.6540502],[38.3619113,54.650847],[38.3637251,54.648251],[38.371744,54.6480853],[38.3772828,54.6447745],[38.3821286,54.6419221],[38.3873963,54.638764],[38.388285,54.6382754],[38.3905944,54.6395754],[38.3947508,54.6425455],[38.3918867,54.6474135],[38.3958693,54.648429],[38.3976919,54.6461051],[38.3987339,54.6457702],[38.4010333,54.6457731],[38.402139,54.6459957],[38.4036719,54.6464691],[38.4099067,54.6481924],[38.4143932,54.6481702],[38.4159687,54.6483485],[38.4158031,54.6492576],[38.4172193,54.6493183],[38.4179492,54.6489523],[38.4185023,54.6489068],[38.4204206,54.6504127],[38.4212927,54.6506842],[38.422812,54.6511886],[38.4246768,54.6507599],[38.4288367,54.6475805],[38.430966,54.6482897],[38.4314799,54.6486824],[38.4312405,54.6498365],[38.4330213,54.6514607],[38.4343918,54.6512872],[38.4348102,54.6510249],[38.4371856,54.6495354],[38.4375273,54.6493212],[38.4385595,54.6489516],[38.4406506,54.6486986],[38.4421092,54.6487555],[38.4429431,54.6490817],[38.4439689,54.6500098],[38.4446922,54.6514368],[38.4447196,54.6517563],[38.4501113,54.6516394],[38.4507672,54.6510316],[38.4515974,54.6511585],[38.4516627,54.6513865],[38.4518927,54.652075],[38.4528631,54.6531854],[38.4563663,54.6530817],[38.4566444,54.6535882],[38.4581194,54.652593],[38.4610408,54.650622],[38.4659563,54.6473634],[38.4672177,54.6465271],[38.468561,54.6456365],[38.4702421,54.6445219],[38.4705397,54.6443246],[38.4670788,54.6424413],[38.4655392,54.6416878],[38.4642683,54.6409535],[38.4646551,54.6407028],[38.4676588,54.6387556],[38.4696517,54.6379673],[38.4704946,54.6376259],[38.4728947,54.6366537],[38.4730837,54.6365771],[38.4735525,54.6356888],[38.4736604,54.6354843],[38.473642,54.6341592],[38.4721716,54.6336747],[38.4750527,54.6335008],[38.4817003,54.6305336],[38.4831822,54.630129],[38.4834903,54.6299448],[38.4837274,54.6299891],[38.4837765,54.6301431],[38.4828635,54.6306594],[38.4828553,54.6307859],[38.4831006,54.6308134],[38.48403,54.6306278],[38.4845704,54.6308417],[38.4846023,54.6312001],[38.4844442,54.6317725],[38.4847276,54.6319543],[38.4855588,54.6320096],[38.4859923,54.6321156],[38.4861939,54.6323116],[38.4861885,54.632544],[38.4863029,54.632808],[38.4871233,54.6328017],[38.4871587,54.6330404],[38.4869244,54.6333171],[38.4869599,54.6335454],[38.4877638,54.633978],[38.4880664,54.634241],[38.4882655,54.634963],[38.4884699,54.6351264],[38.4887616,54.6353962],[38.4898027,54.6356301],[38.4913073,54.6358766],[38.4918579,54.6362308],[38.4923866,54.6357053],[38.4939419,54.6337765],[38.4945165,54.6321708],[38.4961391,54.6304085],[38.499183,54.6315145],[38.503986,54.6332466],[38.5084172,54.6347828],[38.5138974,54.6367102],[38.5189043,54.6384025],[38.5213742,54.6391459],[38.5249606,54.6402803],[38.5247922,54.641044],[38.5249839,54.6417341],[38.5248986,54.6420807],[38.5245854,54.6424935],[38.5244716,54.6427247],[38.5245859,54.6429722],[38.5250428,54.6435499],[38.5252145,54.644078],[38.5252151,54.6447218],[38.5250158,54.645118],[38.5252158,54.6453986],[38.5257011,54.6458275],[38.525787,54.6462567],[38.5257588,54.6465208],[38.5251885,54.6467191],[38.5251315,54.6467852],[38.5252174,54.6469667],[38.5258168,54.6475278],[38.5261023,54.6478248],[38.5268748,54.6481837],[38.5273114,54.6485251],[38.5276336,54.6489487],[38.5280788,54.6496268],[38.5286319,54.6505468],[38.5288375,54.6512275],[38.5292628,54.6515062],[38.5302913,54.6520671],[38.5308047,54.6526962],[38.5332501,54.6546462],[38.5335132,54.6550945],[38.5337261,54.6552804],[38.5371347,54.6552347],[38.5400469,54.6552112],[38.5404541,54.6567565],[38.5430648,54.6574822],[38.547932,54.6580749],[38.5486056,54.6579884],[38.5493123,54.6578615],[38.5501885,54.6572657],[38.5525321,54.6579574],[38.5543199,54.6587435],[38.5548383,54.6589916],[38.5564138,54.6597889],[38.5620967,54.6625253],[38.562753,54.6628413],[38.5632479,54.6640458],[38.5637323,54.6652247],[38.5658754,54.6691072],[38.5664553,54.6701446],[38.5668679,54.6708649],[38.5701346,54.6765346],[38.5721448,54.6800104],[38.5741364,54.6834533],[38.5771798,54.6885525],[38.5779656,54.6897495],[38.5723194,54.6901288],[38.5732742,54.6932857],[38.5749031,54.6934476],[38.5754535,54.6964131],[38.5757417,54.6982283],[38.5766077,54.6981148],[38.5772285,54.6988923],[38.5782953,54.69935],[38.5787727,54.70019],[38.5782635,54.7012893],[38.5781318,54.7015988],[38.5745235,54.7016241],[38.5717949,54.700756],[38.5689461,54.7009654],[38.5688302,54.7023037],[38.5675993,54.70297],[38.5661805,54.7027447],[38.5657876,54.7030994],[38.56516,54.7035304],[38.5650179,54.7042705],[38.5656686,54.7048527],[38.5649262,54.7068833],[38.5598655,54.7090294],[38.5612972,54.7104758],[38.5602584,54.7106269],[38.5601634,54.7117547],[38.5594819,54.7119807],[38.5589082,54.7131509],[38.5587245,54.7135688],[38.5569599,54.7136221],[38.5570263,54.7116976],[38.5587485,54.7105338],[38.5572953,54.7100617],[38.5568824,54.7110518],[38.5552434,54.712122],[38.5534542,54.7129128],[38.5508278,54.7140093],[38.5506872,54.7148323],[38.5490763,54.7154181],[38.5509822,54.7163453],[38.5495407,54.7183949],[38.5502463,54.7186509],[38.5499309,54.7214707],[38.5481015,54.7221743],[38.5493969,54.7226493],[38.5510674,54.7233891],[38.5522258,54.7260347],[38.5531987,54.7272607],[38.5515002,54.7272791],[38.5497012,54.7272986],[38.5507478,54.7309687],[38.545899,54.7320994],[38.5444071,54.7332326],[38.5429489,54.7344392],[38.5417924,54.7353961],[38.5411558,54.7359092],[38.540484,54.7364507],[38.5400074,54.7368348],[38.5391292,54.7376377],[38.5389892,54.7378421],[38.5383705,54.738746],[38.5377808,54.7396074],[38.5373221,54.7404594],[38.5368549,54.7413398],[38.5366508,54.7418495],[38.5364229,54.7430202],[38.5356812,54.7437511],[38.5382625,54.7448705],[38.5378962,54.7450131],[38.5329999,54.7473135],[38.5287552,54.7470558],[38.5267259,54.7470131],[38.5267177,54.7470131],[38.5261968,54.7469776],[38.5229313,54.7468501],[38.5187594,54.7462764],[38.517885,54.7461289],[38.5159928,54.7458579],[38.5149939,54.7460812],[38.51379,54.7465815],[38.5130119,54.747001],[38.5120207,54.7472666],[38.5111625,54.7474167],[38.5106037,54.74774],[38.5100982,54.7479785],[38.5087876,54.7483019],[38.5078895,54.7485096],[38.5074572,54.748806],[38.5062839,54.749799],[38.5042989,54.7486822],[38.5036752,54.7483048],[38.5036008,54.7483424],[38.5024498,54.7476655],[38.5020972,54.7474565],[38.5018442,54.7473975],[38.5012484,54.747498],[38.5007586,54.747613],[38.5003647,54.7477011],[38.4999375,54.7477336],[38.4992489,54.7476584],[38.4985939,54.7476683],[38.4982072,54.7475032],[38.4978962,54.7472791],[38.4974892,54.7469656],[38.4971476,54.7468383],[38.49695,54.7467647],[38.4967841,54.7467029],[38.496648,54.7464227],[38.4967273,54.7461127],[38.4967646,54.7458019],[38.4966555,54.7455976],[38.4963933,54.7453952],[38.4961151,54.7453633],[38.4958823,54.74544],[38.4956336,54.7455965],[38.4951073,54.7459495],[38.4948503,54.7459732],[38.4946299,54.7459142],[38.4944095,54.7456734],[38.494338,54.7452921],[38.4941991,54.7450325],[38.4940502,54.7449298],[38.493847,54.7448393],[38.4934335,54.7448875],[38.4932157,54.7450491],[38.4930852,54.745199],[38.4929468,54.7456503],[38.492843,54.7460805],[38.492778,54.7463705],[38.4925802,54.7465814],[38.4908423,54.7471701],[38.4896109,54.7472719],[38.483153,54.7479393],[38.4820136,54.7485349],[38.4806763,54.7490478],[38.479339,54.7495608],[38.4791863,54.749735],[38.4778073,54.7499822],[38.4744907,54.7505767],[38.4742113,54.7514719],[38.4741111,54.7517926],[38.4732228,54.7546384],[38.4732534,54.7548238],[38.4747251,54.7550342],[38.4781756,54.755848],[38.4786353,54.7562563],[38.4791113,54.7558862],[38.480403,54.7564886],[38.4810566,54.7567601],[38.4818412,54.757236],[38.4826311,54.7578779],[38.4831013,54.7582605],[38.484527,54.7595789],[38.4847407,54.7596283],[38.4848999,54.7597315],[38.485032,54.7600864],[38.4853699,54.7602705],[38.4855524,54.7604772],[38.4855757,54.7605311],[38.4856456,54.7607197],[38.4857969,54.76085],[38.4860299,54.7610251],[38.4860765,54.7612003],[38.486069,54.7615417],[38.4861777,54.7617079],[38.4863952,54.7618606],[38.4866825,54.7621795],[38.4868962,54.7625119],[38.4870204,54.7628531],[38.4871301,54.7630704],[38.4869521,54.7634566],[38.4871971,54.7638555],[38.4873306,54.7642804],[38.487364,54.7646729],[38.4873973,54.7650655],[38.4878205,54.7653101],[38.4882879,54.7658248],[38.4885839,54.7660701],[38.4894739,54.7664126],[38.4903633,54.7669584],[38.4906914,54.7670616],[38.4910363,54.767187],[38.4912721,54.7675233],[38.4914118,54.767623],[38.4915814,54.7676246],[38.4917484,54.7675486],[38.4919428,54.7675344],[38.4920725,54.7675712],[38.4922439,54.7677005],[38.4925101,54.7677467],[38.492723,54.7677242],[38.4929066,54.767666],[38.4930459,54.7675137],[38.4934867,54.7673602],[38.4937329,54.7673538],[38.4938808,54.7673965],[38.4939466,54.7675057],[38.4941135,54.7677336],[38.4944092,54.7678506],[38.4949082,54.7678493],[38.4951565,54.7677731],[38.4952111,54.7676069],[38.4950414,54.7674835],[38.4950441,54.7674012],[38.4952028,54.7673394],[38.4959201,54.7672464],[38.4961992,54.7673188],[38.4964319,54.7673013],[38.4966454,54.7672016],[38.4971518,54.7671271],[38.4976164,54.7670916],[38.4979527,54.7671327],[38.4983875,54.7672133],[38.498852,54.7670839],[38.4998919,54.7673373],[38.4978733,54.7679928],[38.497025,54.7688475],[38.4989467,54.7689676],[38.4989744,54.769531],[38.5007866,54.7696479],[38.500686,54.771468],[38.5020636,54.7727165],[38.5027485,54.7736597],[38.5033896,54.7747121],[38.5034178,54.7763296],[38.5022034,54.7776856],[38.5003997,54.7801049],[38.4967486,54.7857766],[38.496727,54.7858057],[38.4961362,54.7866962],[38.4878874,54.7856121],[38.4856501,54.7853957],[38.4856863,54.7853643],[38.4819798,54.7848165],[38.4790583,54.7844498],[38.4782188,54.7843213],[38.4778317,54.7842675],[38.4740645,54.7835932],[38.4736752,54.7835103],[38.4717696,54.7834593],[38.4692509,54.7843688],[38.4663388,54.7853935],[38.4662318,54.7854134],[38.4660049,54.7854385],[38.4654921,54.7854845],[38.4650672,54.7855351],[38.4647004,54.7855642],[38.4616981,54.7859743],[38.4609779,54.7860291],[38.4596125,54.7861196],[38.4562662,54.7865162],[38.4496885,54.787296],[38.4487583,54.7874372],[38.4484008,54.7874997],[38.4477847,54.7875879],[38.4475162,54.7876139],[38.443541,54.7893303],[38.4426864,54.7900547],[38.443529,54.7907997],[38.4438374,54.7919285],[38.443488,54.7936081],[38.4454026,54.7937115],[38.4469891,54.7937962],[38.4482749,54.7938466],[38.4523685,54.794272],[38.4520344,54.7962318],[38.4517637,54.7972971],[38.4534882,54.7982838],[38.4548106,54.7983062],[38.4550255,54.7981819],[38.4554001,54.7981692],[38.4556755,54.7982903],[38.4559675,54.7982999],[38.4562266,54.798217],[38.4564085,54.7980609],[38.4565517,54.797857],[38.4568823,54.7977263],[38.4572239,54.7977423],[38.4574662,54.7978347],[38.4600406,54.7985132],[38.4636479,54.8004538],[38.4630419,54.8008839],[38.4615212,54.800817],[38.4611078,54.8012089],[38.4593833,54.8007979],[38.4590635,54.8020182],[38.4561926,54.8017983],[38.455195,54.8035029],[38.4560379,54.8039108],[38.4526921,54.8070554],[38.4508184,54.8071826],[38.4503772,54.8079473],[38.4514076,54.8084381],[38.4510547,54.80926],[38.4500187,54.8087725],[38.4496275,54.8083902],[38.4474775,54.8100149],[38.4478349,54.8123695],[38.4508112,54.8120511],[38.4510204,54.8124462],[38.44715,54.8153708],[38.4457876,54.817413],[38.444167,54.8174542],[38.4445983,54.8145484],[38.4438547,54.8139175],[38.4462692,54.8131022],[38.4459719,54.8125063],[38.4429672,54.8117877],[38.440261,54.8136972],[38.4399571,54.815115],[38.4371846,54.8160592],[38.4398447,54.8184126],[38.441391,54.8196788],[38.4418235,54.821921],[38.4418644,54.822132],[38.4423446,54.8234281],[38.4428454,54.8247712],[38.4413182,54.8247964],[38.4389124,54.8279901],[38.4387847,54.8307579],[38.4387105,54.8332664],[38.4377852,54.8344222],[38.4332885,54.8359415],[38.4314954,54.8360943],[38.4287591,54.8369219],[38.4271467,54.8391646],[38.4266809,54.8416688],[38.4256795,54.8432383],[38.4223386,54.843499],[38.4228242,54.8442582],[38.4230116,54.8447741],[38.4230627,54.8451509],[38.4231047,54.8453949],[38.4237133,54.8460444],[38.4242976,54.8464012],[38.4246572,54.8467578],[38.4248243,54.8471356],[38.4250579,54.8473722],[38.4255294,54.8472159],[38.4256332,54.847291],[38.425685,54.8474252],[38.4255231,54.8476564],[38.425529,54.8478004],[38.42567,54.8479268],[38.4259684,54.8480261],[38.4260523,54.8480946],[38.4260807,54.848254],[38.4263178,54.8483603],[38.4266512,54.8483687],[38.4270851,54.8482437],[38.4275533,54.848336],[38.4276964,54.8484022],[38.4277474,54.8485474],[38.4278659,54.8486455],[38.4281316,54.8487908],[38.4280373,54.8488911],[38.4280208,54.8489736],[38.4282314,54.8491402],[38.4282842,54.8493491],[38.4286052,54.8494802],[38.4285887,54.8495948],[38.4283368,54.8497894],[38.4286021,54.8501424],[38.4287931,54.8506064],[38.4287425,54.8508518],[38.4289181,54.8510597],[38.4293303,54.8513584],[38.4305922,54.8518202],[38.4315338,54.8532657],[38.4321441,54.8531816],[38.4355939,54.8527061],[38.4393942,54.8522059],[38.4395204,54.8523887],[38.4396761,54.8526247],[38.4401447,54.853305],[38.4436669,54.8584738],[38.4447264,54.8597748],[38.4350024,54.8633364],[38.4300486,54.8643508],[38.4215975,54.8659861],[38.4106553,54.8673651],[38.3989271,54.8672168],[38.3892778,54.8681857],[38.3875887,54.8681814],[38.3842978,54.8681922],[38.3803391,54.8681371],[38.3762714,54.8679831],[38.364962,54.866113],[38.359861,54.8650431],[38.3559876,54.8639517],[38.3535972,54.8632781],[38.3497776,54.8623789],[38.3442104,54.8617403],[38.3381613,54.8610249],[38.3245269,54.8601478],[38.315578,54.860024],[38.3130878,54.8602582],[38.3089144,54.8610637],[38.3080652,54.8610975],[38.3011241,54.863807],[38.2976055,54.8651805],[38.2933437,54.8668181],[38.2810172,54.8716549],[38.2775289,54.8718641],[38.2753142,54.8717971],[38.2728374,54.8715145],[38.2690967,54.8696993],[38.2679649,54.8680911],[38.2663547,54.8657483],[38.2639978,54.8636698],[38.2601653,54.8627838],[38.2575197,54.8624204],[38.2535358,54.8622086],[38.2525487,54.8622699],[38.2466897,54.8630492],[38.23474,54.8665287],[38.2262862,54.8682818],[38.2200515,54.8692803],[38.2085094,54.8702412],[38.2004806,54.8705438],[38.1938261,54.86988],[38.1930294,54.8698005],[38.1833325,54.8687967],[38.1777707,54.8674534],[38.1719525,54.8657072],[38.167875,54.8641473],[38.166234,54.8630934],[38.1637281,54.8596926],[38.1599156,54.8545281],[38.1576843,54.8498535],[38.1566815,54.8491804],[38.14672,54.8443115],[38.1408713,54.8421424],[38.1385149,54.8409216],[38.1205123,54.8333276],[38.1204213,54.8332831],[38.1169656,54.8319795],[38.1167259,54.8318459],[38.1096871,54.8282909],[38.1081552,54.8275194],[38.1064995,54.8265151],[38.1048171,54.8259866],[38.1000167,54.8252865],[38.0978023,54.8253685],[38.0941828,54.8258881],[38.0893864,54.8268718],[38.0881235,54.8271966],[38.0858026,54.8281818],[38.0795896,54.8305834],[38.0671566,54.8358346],[38.0634913,54.8374715],[38.0557389,54.839977],[38.0475639,54.8407209],[38.0403908,54.8408945],[38.037707,54.8410154],[38.0250836,54.8424117],[38.0161318,54.8418444],[38.0073702,54.8411385],[37.9981145,54.8406868],[37.9923324,54.8404046],[37.985694,54.8405175],[37.981407,54.8404016],[37.9796599,54.8402333],[37.9779884,54.8401341],[37.9744496,54.8398069],[37.9745292,54.83914],[37.9745476,54.8385551],[37.9746072,54.8381696],[37.9752609,54.8367178],[37.975539,54.8357562],[37.9754199,54.8353723],[37.9746883,54.8347676],[37.9744314,54.8342795],[37.9743542,54.8336784],[37.9745126,54.8332712],[37.9752434,54.832664],[37.9760577,54.8323734],[37.9770901,54.831946],[37.9782699,54.8311521],[37.9788772,54.8309004],[37.9797931,54.8306008],[37.9813198,54.8300996],[37.9818626,54.8300576],[37.9826364,54.8298027],[37.9832023,54.8293485],[37.9834672,54.8285668],[37.9838345,54.8282824],[37.9845041,54.8281046],[37.9857555,54.8279582],[37.986604,54.8275506],[37.9873863,54.8265323],[37.9879707,54.8261583],[37.9883272,54.8259937],[37.988715,54.8259023],[37.9894801,54.8256905],[37.9897259,54.8255255],[37.9898544,54.8253125],[37.9898262,54.8250239],[37.9894533,54.8247161],[37.9888038,54.8243549],[37.988313,54.8237363],[37.9881328,54.8232391],[37.9879233,54.8229062],[37.9875696,54.8227214],[37.9869998,54.8226755],[37.9865867,54.8229783],[37.9861754,54.8229998],[37.9857531,54.8228836],[37.9853053,54.8224813],[37.9848953,54.8219048],[37.9847789,54.8214858],[37.9848041,54.8210566],[37.9851039,54.8206529],[37.9860776,54.8202762],[37.9869874,54.8200481],[37.9877156,54.8197466],[37.9877073,54.819543],[37.9875674,54.8193191],[37.987246,54.8190139],[37.9870099,54.8190085],[37.986748,54.8191599],[37.9864871,54.8192189],[37.9861565,54.8193005],[37.985758,54.8192958],[37.9855562,54.8192302],[37.98544,54.8191096],[37.9853902,54.8189212],[37.9853272,54.8184285],[37.9856232,54.8181407],[37.9861158,54.8179781],[37.9869307,54.8178126],[37.9881916,54.8176374],[37.988846,54.8176258],[37.9891648,54.8174983],[37.9894012,54.8172088],[37.9895161,54.816936],[37.989528,54.8161634],[37.9894532,54.8159086],[37.9893159,54.8157088],[37.9887855,54.8153256],[37.9882288,54.8150017],[37.9878017,54.8142644],[37.9874539,54.8138419],[37.9873035,54.8136756],[37.9870338,54.813271],[37.9869737,54.8131341],[37.9869247,54.8130224],[37.9867034,54.8126049],[37.9863126,54.8123458],[37.9852964,54.8120845],[37.9849105,54.8118584],[37.9846381,54.811506],[37.9846483,54.8110796],[37.9846039,54.8102565],[37.9844997,54.8098612],[37.9842209,54.8091674],[37.9839937,54.8087049],[37.9835537,54.8082202],[37.9831982,54.8078509],[37.9831893,54.8076062],[37.9833847,54.8070663],[37.9833024,54.8066439],[37.9830545,54.8063299],[37.9826549,54.8060871],[37.9823245,54.8059555],[37.9819338,54.8058909],[37.9811508,54.805902],[37.9803624,54.8057456],[37.979873,54.80547],[37.979809,54.8050292],[37.9800938,54.8044994],[37.9806695,54.8043617],[37.9816722,54.8043352],[37.9820839,54.804242],[37.982804,54.8040142],[37.983185,54.8037312],[37.983498,54.8034117],[37.9837118,54.8029729],[37.983485,54.8022731],[37.9832159,54.8016776],[37.9832022,54.8014577],[37.9830537,54.8010682],[37.9828944,54.800739],[37.9824256,54.8001846],[37.9821374,54.79985],[37.9820434,54.7995668],[37.982338,54.7991917],[37.9823407,54.7989735],[37.9822012,54.7987548],[37.9813736,54.7981353],[37.9805052,54.797648],[37.9800748,54.7972187],[37.9795846,54.7965906],[37.9791334,54.7962285],[37.9783934,54.7959878],[37.9771266,54.7955527],[37.9761314,54.7950553],[37.9754522,54.7946666],[37.9747753,54.7937818],[37.974371,54.7933293],[37.9737841,54.7931316],[37.9735236,54.7929673],[37.9733329,54.7927776],[37.973465,54.7925134],[37.9735326,54.7922533],[37.9731096,54.792014],[37.9726008,54.7920776],[37.971674,54.7923543],[37.9711302,54.7923908],[37.970852,54.7923201],[37.9702215,54.7920619],[37.9694171,54.7914403],[37.9686933,54.791239],[37.9678592,54.7910645],[37.967387,54.7909923],[37.9670421,54.7908563],[37.9668442,54.790648],[37.9668688,54.7902632],[37.9668668,54.7898524],[37.9666768,54.789398],[37.966079,54.7890906],[37.9646042,54.7886193],[37.9643084,54.7883175],[37.9640274,54.7878383],[37.9640404,54.787203],[37.9641348,54.7866038],[37.9641225,54.7862145],[37.9638531,54.7859787],[37.9634987,54.7858191],[37.9631733,54.7857024],[37.9627005,54.7856875],[37.962058,54.7857643],[37.9607379,54.7861842],[37.9601182,54.7862373],[37.9595414,54.7860288],[37.9585528,54.7851244],[37.9584315,54.7847432],[37.9585439,54.7837091],[37.9583853,54.7833378],[37.9578146,54.7830505],[37.9564809,54.7826068],[37.9551535,54.782063],[37.9539653,54.7809621]]]}},{"type":"Feature","properties":{"name":"Ступино","scope":"district","type":"administrative","category":"boundary","source":"OpenStreetMap / Nominatim","osmType":"relation","osmId":186463},"geometry":{"type":"Polygon","coordinates":[[[37.6734171,55.0545761],[37.67577,55.0543961],[37.6760453,55.0543748],[37.6866036,55.0535627],[37.690973,55.0531871],[37.7009968,55.0525334],[37.6991372,55.0513917],[37.6987274,55.0498949],[37.6998123,55.0492052],[37.703932,55.0470539],[37.7121315,55.0443682],[37.7147225,55.0454604],[37.7152629,55.0441765],[37.7116414,55.0439348],[37.7047228,55.0434451],[37.7007503,55.0431993],[37.6979094,55.0430051],[37.6968465,55.0429302],[37.6968781,55.0427085],[37.6972673,55.0425735],[37.6974131,55.0423556],[37.6974632,55.041883],[37.6975626,55.0408347],[37.6976578,55.0398701],[37.6977706,55.0385483],[37.6978722,55.0369812],[37.6979027,55.0365312],[37.6979606,55.0360751],[37.6984145,55.0352761],[37.6990187,55.0341615],[37.6997071,55.0329163],[37.695916,55.0341313],[37.6936685,55.02669],[37.6937785,55.0262632],[37.6931934,55.0253974],[37.6950029,55.0179963],[37.6970932,55.0088271],[37.7027551,55.0087577],[37.7128372,55.008562],[37.7264948,55.0034065],[37.7313329,54.999359],[37.7351288,54.9962702],[37.7345875,54.9913629],[37.7343556,54.9889508],[37.7335189,54.9806313],[37.7502341,54.9799847],[37.7768528,54.9789865],[37.7702161,54.9720358],[37.7697926,54.9665408],[37.7681327,54.959733],[37.7776618,54.9477288],[37.781508,54.9502636],[37.7862814,54.952363],[37.7914298,54.9511095],[37.7939737,54.9504035],[37.797262,54.9495011],[37.8002379,54.9488936],[37.8000293,54.9470264],[37.7996629,54.9462235],[37.8017008,54.9457192],[37.8019741,54.9456369],[37.8015187,54.9453049],[37.8013476,54.9450849],[37.8012913,54.9446224],[37.8011603,54.9443981],[37.8007586,54.9438198],[37.800045,54.9433226],[37.7998168,54.9431377],[37.7995204,54.942888],[37.799178,54.9425962],[37.7987448,54.9421953],[37.7980183,54.9417328],[37.7973832,54.9415574],[37.7970618,54.9414236],[37.7968516,54.9413481],[37.7966608,54.9411904],[37.7964998,54.9409043],[37.7962376,54.9407568],[37.7958485,54.9404467],[37.7953455,54.9401803],[37.7948236,54.939983],[37.7936461,54.9394615],[37.7940484,54.9392657],[37.7958061,54.9387534],[37.7946301,54.9375467],[37.796482,54.9374295],[37.79526,54.9366493],[37.794395,54.9353642],[37.7942144,54.934444],[37.7939306,54.9332569],[37.7934035,54.9329066],[37.7924169,54.9326374],[37.7901991,54.9322629],[37.7896066,54.9321024],[37.789545,54.932026],[37.7912041,54.9280201],[37.7903263,54.9277773],[37.790335,54.9277645],[37.7904885,54.9275383],[37.7907892,54.9269561],[37.7911595,54.9266335],[37.7914279,54.9263181],[37.7918593,54.9257895],[37.7921358,54.9252113],[37.7923332,54.9244101],[37.792388,54.9241055],[37.7921548,54.9232614],[37.7919875,54.9227027],[37.7920401,54.922344],[37.7927757,54.9210843],[37.7940999,54.9194005],[37.7943913,54.9190354],[37.7945121,54.9180404],[37.7943616,54.9176665],[37.7944245,54.91722],[37.7945818,54.9168083],[37.7954191,54.9156685],[37.7962466,54.9147093],[37.7967673,54.9139307],[37.7974099,54.9133688],[37.7978984,54.9131149],[37.7985124,54.9129981],[37.7989775,54.9131034],[37.7994642,54.9132781],[37.7998656,54.9135228],[37.800088,54.9137246],[37.8002706,54.91401],[37.8003266,54.9141912],[37.8001958,54.9143556],[37.7999184,54.9146651],[37.7999715,54.914929],[37.8007798,54.9156172],[37.8015981,54.915936],[37.8023525,54.9160678],[37.8029912,54.9159108],[37.8031377,54.915512],[37.8032139,54.9151865],[37.8040021,54.9145835],[37.8046912,54.9143481],[37.8047687,54.914211],[37.8048223,54.9139108],[37.8046208,54.9137976],[37.8039285,54.9138345],[37.8034867,54.9138193],[37.8030908,54.9137025],[37.802251,54.9131783],[37.8020398,54.9128537],[37.8020409,54.912403],[37.8022816,54.9121643],[37.8025413,54.9119589],[37.8027724,54.9114898],[37.802988,54.9107614],[37.8028393,54.9104042],[37.8024861,54.9101219],[37.8020526,54.9100138],[37.8012471,54.9100768],[37.8005884,54.910217],[37.8000348,54.9101989],[37.7998423,54.9100345],[37.7998502,54.9098055],[37.8001525,54.9095736],[37.8015535,54.9090745],[37.8017485,54.9088552],[37.8019702,54.9085711],[37.8024185,54.9082321],[37.8027435,54.9080925],[37.8035384,54.9079404],[37.8046008,54.9079168],[37.8049731,54.9078635],[37.8051081,54.9078774],[37.8054539,54.9078965],[37.8057997,54.9079157],[37.8051552,54.9062897],[37.8051244,54.9058974],[37.8040208,54.9032905],[37.8026199,54.9010786],[37.8060236,54.9006435],[37.8063682,54.8987984],[37.8135494,54.8993319],[37.815667,54.8998726],[37.818873,54.9002781],[37.8195272,54.9021265],[37.8229571,54.9019512],[37.8266881,54.9020773],[37.8270495,54.9010213],[37.8258572,54.900023],[37.823506,54.8997281],[37.8307272,54.8959144],[37.832499,54.8960825],[37.8337546,54.8941056],[37.8356905,54.8945303],[37.8377098,54.8923266],[37.8380179,54.8919904],[37.8411705,54.8918793],[37.8435326,54.8902607],[37.8530109,54.8876081],[37.8532526,54.8848675],[37.859049,54.8823539],[37.8632574,54.8806563],[37.8670484,54.8791074],[37.8702033,54.8784353],[37.8755368,54.8774442],[37.8783235,54.8769313],[37.8796724,54.8766956],[37.8904318,54.8823946],[37.8924941,54.8813145],[37.902957,54.876189],[37.9019976,54.8756066],[37.9003932,54.8744858],[37.8975313,54.8725788],[37.8946584,54.8706517],[37.8927618,54.8693737],[37.8927183,54.8676929],[37.8925068,54.8595192],[37.8924959,54.8546393],[37.8924672,54.8534162],[37.8977471,54.8543339],[37.9061637,54.8563711],[37.9097148,54.8588385],[37.9107863,54.8550354],[37.910664,54.854922],[37.9096061,54.8539399],[37.9095622,54.8539022],[37.9085663,54.8529203],[37.9085584,54.8529176],[37.9081465,54.8525425],[37.9080419,54.8524293],[37.9076741,54.8521269],[37.9073743,54.8518484],[37.9063969,54.8508543],[37.9057307,54.8501788],[37.9141529,54.8502691],[37.918124,54.8504254],[37.9219301,54.8505276],[37.9257364,54.8506295],[37.9306333,54.8505071],[37.9366237,54.8500031],[37.9384692,54.8496734],[37.9398989,54.8491487],[37.9414236,54.8483851],[37.9486268,54.8445541],[37.9570313,54.8412089],[37.9608896,54.840453],[37.967501,54.8399088],[37.9711791,54.8396061],[37.9744496,54.8398069],[37.9779884,54.8401341],[37.9796599,54.8402333],[37.981407,54.8404016],[37.985694,54.8405175],[37.9923324,54.8404046],[37.9981145,54.8406868],[38.0073702,54.8411385],[38.0161318,54.8418444],[38.0250836,54.8424117],[38.037707,54.8410154],[38.0403908,54.8408945],[38.0475639,54.8407209],[38.0557389,54.839977],[38.0634913,54.8374715],[38.0671566,54.8358346],[38.0795896,54.8305834],[38.0858026,54.8281818],[38.0881235,54.8271966],[38.0893864,54.8268718],[38.0941828,54.8258881],[38.0978023,54.8253685],[38.1000167,54.8252865],[38.1048171,54.8259866],[38.1064995,54.8265151],[38.1081552,54.8275194],[38.1096871,54.8282909],[38.1167259,54.8318459],[38.1169656,54.8319795],[38.1204213,54.8332831],[38.1205123,54.8333276],[38.1385149,54.8409216],[38.1408713,54.8421424],[38.14672,54.8443115],[38.1566815,54.8491804],[38.1576843,54.8498535],[38.1599156,54.8545281],[38.1637281,54.8596926],[38.166234,54.8630934],[38.167875,54.8641473],[38.1719525,54.8657072],[38.1777707,54.8674534],[38.1833325,54.8687967],[38.1930294,54.8698005],[38.1938261,54.86988],[38.2004806,54.8705438],[38.2085094,54.8702412],[38.2200515,54.8692803],[38.2262862,54.8682818],[38.23474,54.8665287],[38.2466897,54.8630492],[38.2525487,54.8622699],[38.2535358,54.8622086],[38.2575197,54.8624204],[38.2601653,54.8627838],[38.2639978,54.8636698],[38.2663547,54.8657483],[38.2679649,54.8680911],[38.2690967,54.8696993],[38.2728374,54.8715145],[38.2753142,54.8717971],[38.2775289,54.8718641],[38.2810172,54.8716549],[38.2933437,54.8668181],[38.2976055,54.8651805],[38.3011241,54.863807],[38.3080652,54.8610975],[38.3089144,54.8610637],[38.3097232,54.8622124],[38.3096654,54.8624311],[38.3096626,54.8652743],[38.3096846,54.8656617],[38.3182787,54.8645167],[38.3185509,54.8714345],[38.3284005,54.8708212],[38.3364635,54.8705169],[38.3368451,54.871316],[38.337466,54.8730526],[38.3384158,54.8723352],[38.3392707,54.8724694],[38.3394877,54.8738895],[38.3403713,54.8809846],[38.3413491,54.8871016],[38.3461049,54.8867834],[38.3481812,54.8867644],[38.3513495,54.8865801],[38.357094,54.886221],[38.3604343,54.8859411],[38.364438,54.8855629],[38.3661759,54.8859236],[38.3646364,54.888872],[38.3656824,54.8914225],[38.3673023,54.8912011],[38.3788822,54.8902173],[38.3819082,54.8900298],[38.3822477,54.8915968],[38.3826165,54.8933055],[38.3831179,54.8952464],[38.3835918,54.8976036],[38.384865,54.8976883],[38.3893058,54.8981731],[38.3890712,54.8990137],[38.3888466,54.8998182],[38.3884993,54.9011455],[38.3881054,54.9024588],[38.3890161,54.9029789],[38.3885988,54.9044857],[38.3893555,54.9047814],[38.3889733,54.9060713],[38.3871373,54.9059368],[38.3866776,54.9074144],[38.3834072,54.9071139],[38.383118,54.9070873],[38.3787413,54.9066603],[38.3758094,54.906487],[38.3759356,54.9058079],[38.3761743,54.905163],[38.3763595,54.904576],[38.3752331,54.9049096],[38.3741299,54.9054513],[38.3731717,54.9059744],[38.3725937,54.9061308],[38.3743588,54.9072726],[38.375198,54.9080276],[38.3776329,54.9091118],[38.379121,54.9098896],[38.3800624,54.9100679],[38.3811762,54.9100962],[38.3822856,54.9102695],[38.3845094,54.9094014],[38.3846847,54.9094725],[38.3848157,54.9095257],[38.3850522,54.9096216],[38.3864464,54.9100003],[38.3865502,54.9107713],[38.3860632,54.9109272],[38.3868165,54.9123312],[38.3874348,54.9122651],[38.3859327,54.9129509],[38.3867542,54.9132164],[38.3869088,54.9132516],[38.3869706,54.9132917],[38.3870291,54.9133669],[38.3879439,54.913626],[38.3882825,54.913942],[38.3888742,54.9142274],[38.3889714,54.9144579],[38.3887338,54.9147103],[38.3886711,54.9149236],[38.3887331,54.9150158],[38.3890702,54.9152738],[38.3891527,54.9154718],[38.3890549,54.9155059],[38.3889302,54.9155291],[38.3881065,54.9156826],[38.386571,54.9160056],[38.3844754,54.9164204],[38.3842871,54.9164469],[38.3815769,54.9168276],[38.3812641,54.9168796],[38.3786297,54.9173175],[38.3757819,54.9179373],[38.3699089,54.9185083],[38.3657204,54.9188016],[38.3636217,54.9191265],[38.3630294,54.9197572],[38.3611055,54.9203432],[38.360802,54.9207798],[38.3565889,54.921481],[38.3523828,54.922051],[38.3491718,54.922626],[38.3474759,54.9229382],[38.3478107,54.9238465],[38.3479254,54.9249901],[38.3468219,54.9252893],[38.3446575,54.927362],[38.340998,54.9280661],[38.3352336,54.9289552],[38.334457,54.928961],[38.3335319,54.9291203],[38.335477,54.9348733],[38.3344206,54.935227],[38.3302313,54.9354915],[38.3272192,54.9356276],[38.3250963,54.9357887],[38.3218644,54.93602],[38.3194492,54.9362985],[38.3184714,54.9365137],[38.3170148,54.9373302],[38.3149971,54.9381535],[38.3086769,54.941334],[38.3091335,54.9421557],[38.3106666,54.9434481],[38.312939,54.9452561],[38.3121622,54.9472562],[38.3117842,54.9482214],[38.3084544,54.9495366],[38.310287,54.9503801],[38.3097258,54.9526047],[38.3082558,54.9574957],[38.3039835,54.9568955],[38.2999358,54.9583474],[38.2984693,54.9591958],[38.2969821,54.9601915],[38.3036689,54.9600606],[38.3047574,54.9653326],[38.305441,54.9689802],[38.3060953,54.9716999],[38.3072422,54.9774553],[38.3223982,54.9767116],[38.3239557,54.9855767],[38.3246751,54.9893971],[38.3256804,54.9945218],[38.3256888,54.9945716],[38.3272573,55.0038899],[38.3274686,55.0052862],[38.3302812,55.0058769],[38.3312446,55.0054924],[38.3323437,55.0060922],[38.3343833,55.0075144],[38.3360789,55.0085186],[38.3404103,55.0064695],[38.3408692,55.0060024],[38.3440565,55.0056496],[38.3438405,55.0045842],[38.3415124,55.0013082],[38.3426795,55.0003947],[38.3435225,55.0004025],[38.3447682,55.0007726],[38.3476802,55.0018255],[38.3558272,55.0045684],[38.359587,55.0062687],[38.3617163,55.0051563],[38.3649187,55.0036474],[38.3682989,55.002142],[38.3691986,55.00209],[38.3695847,55.003099],[38.3701032,55.0034988],[38.3714034,55.004714],[38.3735343,55.0039252],[38.3751357,55.0046401],[38.3759028,55.0042482],[38.378283,55.0029737],[38.3791824,55.0036469],[38.3810747,55.0043977],[38.3818158,55.0049001],[38.3835246,55.007837],[38.385181,55.0105245],[38.3855835,55.0116675],[38.386302,55.0135769],[38.3864841,55.0144133],[38.3855018,55.0161989],[38.3866828,55.0162873],[38.3910803,55.0150006],[38.3924674,55.0148856],[38.3960543,55.0166444],[38.396773,55.0166824],[38.3983995,55.0157858],[38.4008415,55.01479],[38.4018097,55.0155032],[38.403034,55.0151763],[38.4039943,55.0161395],[38.4038431,55.0174672],[38.4040181,55.019092],[38.4050099,55.0208129],[38.4063317,55.0208513],[38.4086818,55.0205507],[38.4106522,55.0199776],[38.4118207,55.0193477],[38.4132064,55.0193076],[38.4135163,55.019574],[38.4151403,55.021495],[38.4176987,55.0238723],[38.4202915,55.0266691],[38.4190238,55.0314268],[38.4199434,55.0336898],[38.4198535,55.0359324],[38.4192941,55.0383461],[38.4211357,55.039531],[38.4235041,55.0412685],[38.4236784,55.0413619],[38.4287828,55.0415127],[38.4335188,55.0426964],[38.4325547,55.0438434],[38.4302948,55.0447863],[38.42805,55.0466121],[38.4261668,55.0510584],[38.4255139,55.0519266],[38.4190698,55.0538849],[38.4173999,55.0544531],[38.4229758,55.0579448],[38.425192,55.0587395],[38.4271468,55.0596389],[38.4298321,55.0606134],[38.4294623,55.0643417],[38.4290913,55.069193],[38.4288266,55.0721727],[38.4293193,55.0745387],[38.4316425,55.0738809],[38.434513,55.0732981],[38.4364629,55.0723155],[38.4381157,55.0714876],[38.4406467,55.0709794],[38.4430097,55.0703329],[38.4456986,55.0716224],[38.4434733,55.0737614],[38.4467677,55.0756173],[38.4493618,55.0766397],[38.4481406,55.0795177],[38.4480463,55.07968],[38.4479737,55.0798209],[38.4475183,55.0814717],[38.4476002,55.0828997],[38.447608,55.086179],[38.4485185,55.0873896],[38.4493284,55.0889363],[38.4499532,55.0897623],[38.4472411,55.090344],[38.449865,55.0919369],[38.4514062,55.0928675],[38.4516024,55.0931285],[38.451219,55.0934162],[38.4512765,55.093743],[38.4511831,55.0938207],[38.4508592,55.0952002],[38.4502872,55.0957108],[38.4478992,55.0950913],[38.4458838,55.0942636],[38.4447586,55.0938858],[38.4441138,55.0940292],[38.4423544,55.0941392],[38.4426794,55.0927543],[38.4432737,55.09217],[38.4440318,55.0916849],[38.4442361,55.0912567],[38.4432792,55.0911166],[38.4397569,55.0909134],[38.4361814,55.0906985],[38.4353086,55.0906579],[38.4348784,55.0910084],[38.4343727,55.0914961],[38.432831,55.0912134],[38.4317818,55.0931808],[38.432057,55.0936016],[38.4301975,55.0965302],[38.4299111,55.0969309],[38.4283747,55.0984455],[38.424761,55.101978],[38.426557,55.1028684],[38.4285967,55.1053813],[38.4276165,55.1058738],[38.4268128,55.1068417],[38.4260694,55.1076857],[38.4254378,55.1074535],[38.423396,55.1063833],[38.423875,55.1053861],[38.420315,55.1045012],[38.420991,55.1030746],[38.4190712,55.1027766],[38.4194278,55.1021634],[38.4209262,55.1012792],[38.4232374,55.1017187],[38.4239937,55.100944],[38.4199888,55.099881],[38.4164633,55.0995341],[38.4151737,55.1007525],[38.4134642,55.1022969],[38.4088513,55.102878],[38.4086992,55.1041141],[38.4093578,55.1043035],[38.4096189,55.1049095],[38.4103419,55.1065877],[38.4089943,55.1065182],[38.4086298,55.1092309],[38.4093781,55.109386],[38.4124863,55.1101594],[38.4142795,55.1088224],[38.4164664,55.1079279],[38.4169639,55.1072986],[38.4156236,55.1056168],[38.4170628,55.1045286],[38.4188649,55.1049973],[38.4184248,55.105767],[38.4211043,55.1064507],[38.4196943,55.1080231],[38.4202561,55.1087501],[38.4193098,55.1094256],[38.4193936,55.1097337],[38.4192074,55.1097273],[38.418294,55.1098571],[38.4175087,55.110187],[38.4171142,55.110249],[38.4164088,55.1105066],[38.4162357,55.1106844],[38.4159827,55.1108215],[38.4150314,55.1110852],[38.4145615,55.1110699],[38.4133166,55.1107183],[38.4130482,55.1107919],[38.4126997,55.1110648],[38.4128831,55.1113877],[38.412978,55.1115936],[38.4134209,55.111867],[38.4136554,55.1121378],[38.4137635,55.1124022],[38.4140358,55.1125993],[38.4142039,55.1128001],[38.4142013,55.1130599],[38.4143482,55.1133612],[38.4143587,55.1136433],[38.4145224,55.1138454],[38.41528,55.1141978],[38.4153847,55.1145218],[38.4156736,55.1147514],[38.4160126,55.1148366],[38.4163092,55.1150655],[38.4163334,55.1152257],[38.4164639,55.1153515],[38.4166699,55.1154393],[38.4170801,55.1154128],[38.4171972,55.1156594],[38.4173966,55.1157587],[38.4174373,55.1158565],[38.4174169,55.1159678],[38.4173939,55.1160767],[38.4174756,55.116199],[38.4176351,55.1162549],[38.4176886,55.1160694],[38.4177774,55.1160631],[38.4178903,55.1161051],[38.417992,55.1163047],[38.4181734,55.1165335],[38.4187272,55.1167498],[38.4188309,55.1170625],[38.4190295,55.1176318],[38.4194125,55.1179585],[38.4196341,55.118019],[38.419909,55.1180694],[38.4201315,55.1181756],[38.420566,55.1182228],[38.4210149,55.1182319],[38.4213817,55.1182957],[38.4218536,55.1185075],[38.4223323,55.1186684],[38.4226647,55.1186772],[38.4228488,55.1186074],[38.4229114,55.1182628],[38.4229915,55.1180989],[38.4231202,55.1180316],[38.4232532,55.1180227],[38.4234349,55.1180762],[38.4236054,55.1182059],[38.4236496,55.1183304],[38.4237724,55.1184842],[38.424078,55.1186947],[38.4242418,55.1188841],[38.4244444,55.1190532],[38.425222,55.1194474],[38.4253592,55.1196127],[38.4253499,55.11983],[38.4250346,55.1202173],[38.4249518,55.1207205],[38.4250137,55.1209352],[38.4251398,55.1210649],[38.4256849,55.1213098],[38.4260631,55.1214043],[38.4263676,55.1213221],[38.426725,55.1210886],[38.4268802,55.1210403],[38.4270953,55.1210519],[38.4272702,55.1211371],[38.4273452,55.1214205],[38.4274269,55.1217382],[38.4275236,55.1218381],[38.4279474,55.1221221],[38.4281377,55.1222924],[38.428206,55.1227029],[38.4283277,55.1228402],[38.4286269,55.1229712],[38.4290945,55.1231099],[38.4292473,55.1231932],[38.4293845,55.123422],[38.4296546,55.1237373],[38.4297919,55.1238256],[38.4299447,55.1240169],[38.4302005,55.1242609],[38.4306502,55.1245191],[38.430866,55.1247346],[38.4308759,55.1248337],[38.4307925,55.1251049],[38.4308664,55.1253876],[38.4309047,55.125711],[38.4307183,55.1258964],[38.43029,55.1261098],[38.4300614,55.1263142],[38.4299889,55.126581],[38.4300984,55.1267183],[38.4301682,55.1268562],[38.4300459,55.1270531],[38.4300457,55.1272195],[38.4301786,55.1274102],[38.4301694,55.1275722],[38.4299607,55.12771],[38.4299449,55.1279101],[38.4302963,55.1279612],[38.4304505,55.1280284],[38.4304414,55.1281479],[38.4302417,55.1282863],[38.4297491,55.1284366],[38.4289707,55.1285614],[38.428822,55.1286167],[38.4286332,55.1287697],[38.4286044,55.1288662],[38.4287093,55.1291731],[38.4287056,55.1293682],[38.42867,55.1294596],[38.4283638,55.1296476],[38.4280964,55.1297269],[38.4276939,55.129735],[38.4273858,55.129663],[38.426979,55.1295847],[38.4267616,55.1296341],[38.4266661,55.1297586],[38.4266947,55.129946],[38.4269957,55.1302937],[38.4270718,55.1305295],[38.4271069,55.130922],[38.4272218,55.1311457],[38.4270398,55.1312447],[38.4242737,55.1309607],[38.4228652,55.1311945],[38.4226834,55.1319193],[38.4228018,55.1335013],[38.4218198,55.1346856],[38.421633,55.1355991],[38.4179811,55.1357122],[38.4125473,55.1338584],[38.4126754,55.1333036],[38.4127634,55.1329223],[38.4131807,55.1315514],[38.415195,55.1324661],[38.4169175,55.1307676],[38.4148448,55.1296985],[38.4154381,55.1289886],[38.4163251,55.1277744],[38.4188004,55.1264997],[38.418971,55.1263617],[38.4205026,55.125144],[38.4188294,55.1239428],[38.4171622,55.1227543],[38.416081,55.1230678],[38.4146704,55.123376],[38.4139047,55.1235255],[38.4130496,55.1236912],[38.4113007,55.122952],[38.4065986,55.1219188],[38.4070787,55.1214898],[38.4036344,55.1209726],[38.4037502,55.12293],[38.4048871,55.123234],[38.4046396,55.1245177],[38.403858,55.125778],[38.401379,55.1254255],[38.3966157,55.1245907],[38.3955624,55.1265989],[38.3948107,55.1277832],[38.3936711,55.1297793],[38.3929913,55.1311848],[38.3943642,55.1320658],[38.3963473,55.1328697],[38.3965043,55.1351304],[38.3964342,55.1372237],[38.3982497,55.1379352],[38.4007067,55.1388201],[38.4030784,55.139648],[38.4042901,55.1401855],[38.4080363,55.1416403],[38.4094131,55.142399],[38.4110642,55.1438841],[38.4118883,55.1454003],[38.4122611,55.1463412],[38.4126955,55.1474371],[38.4128685,55.1477686],[38.4129688,55.1471981],[38.4131082,55.1470727],[38.4147959,55.1472334],[38.4149549,55.1471764],[38.4150749,55.1467201],[38.4154926,55.1463438],[38.41556,55.1459752],[38.415898,55.1454875],[38.416271,55.1453759],[38.4181874,55.1455091],[38.4192469,55.1456282],[38.4199223,55.1457985],[38.4206008,55.1460274],[38.4206365,55.1462211],[38.4206261,55.1465462],[38.4206157,55.1468714],[38.420754,55.1472708],[38.4208527,55.1476931],[38.4206737,55.1478641],[38.4203556,55.1479895],[38.4174756,55.1481477],[38.4171776,55.1482502],[38.4166006,55.1489002],[38.4165599,55.1494022],[38.4166588,55.1495963],[38.4160218,55.1504631],[38.4167092,55.1506856],[38.4178887,55.1515068],[38.4190683,55.1523279],[38.4195701,55.1528176],[38.4200179,55.15335],[38.4205148,55.153896],[38.4209996,55.154517],[38.4224293,55.1562163],[38.423584,55.1569798],[38.4247389,55.1577433],[38.4306458,55.1591536],[38.4334273,55.1589471],[38.4413305,55.1596172],[38.4443746,55.160512],[38.4476529,55.158203],[38.4483909,55.1565795],[38.4486441,55.1560383],[38.4490617,55.1560321],[38.458418,55.1574215],[38.4566579,55.1643478],[38.4564315,55.1652673],[38.4573822,55.1665889],[38.4581558,55.1677916],[38.4562743,55.1699564],[38.4554496,55.170082],[38.4545913,55.1709189],[38.451754,55.1711197],[38.4508402,55.1722776],[38.4513121,55.1736813],[38.4498371,55.1753425],[38.4477137,55.1764057],[38.4476587,55.1765314],[38.4476532,55.1765562],[38.4473605,55.1778784],[38.4468922,55.1781967],[38.4421773,55.1809922],[38.4404266,55.18254],[38.4388577,55.1837423],[38.437302,55.1848636],[38.4362774,55.1862784],[38.4361898,55.1863994],[38.4355235,55.1870196],[38.4339186,55.1885044],[38.4360965,55.1895611],[38.4364148,55.1912823],[38.4369388,55.1920746],[38.4359363,55.191626],[38.4353422,55.1912975],[38.434568,55.1910499],[38.4340433,55.1908754],[38.4333687,55.1908197],[38.4317703,55.1908778],[38.4270843,55.1907792],[38.4253382,55.1909562],[38.4226882,55.1912929],[38.4198313,55.1917069],[38.4187892,55.1917277],[38.4175665,55.1919104],[38.4176852,55.1921149],[38.4178091,55.1923767],[38.4181596,55.1926463],[38.4183768,55.1929031],[38.4183319,55.1931877],[38.418026,55.193467],[38.4177449,55.1936123],[38.4173572,55.1936992],[38.4172148,55.1937791],[38.417241,55.1940752],[38.4170044,55.1947291],[38.4171106,55.195051],[38.4169368,55.1953367],[38.4167123,55.1954891],[38.4166721,55.1956098],[38.4169617,55.1960739],[38.4171396,55.1963597],[38.4172148,55.1965503],[38.4176851,55.1968479],[38.4179729,55.1974021],[38.4181294,55.1974632],[38.4182583,55.1974639],[38.4185047,55.1975974],[38.4186912,55.1976051],[38.4188688,55.1976942],[38.419012,55.1977056],[38.4191818,55.1977731],[38.4194501,55.1981367],[38.4195315,55.198561],[38.419431,55.1989854],[38.4193629,55.199134],[38.4194427,55.1993246],[38.4194643,55.1996308],[38.4193633,55.2002369],[38.4192764,55.2004681],[38.4190993,55.2007564],[38.4187428,55.2010024],[38.4182395,55.2012124],[38.4180115,55.2013692],[38.4179711,55.2015465],[38.4182929,55.2017461],[38.4182905,55.2018948],[38.4181546,55.2020897],[38.4181271,55.2025859],[38.4179035,55.2028641],[38.4175466,55.2029947],[38.4174954,55.2030773],[38.4176807,55.2031841],[38.4177704,55.2033627],[38.4183182,55.2039449],[38.4183342,55.2043503],[38.418329,55.2048598],[38.4181531,55.2053369],[38.4179591,55.2054933],[38.4176678,55.2056405],[38.4171134,55.2060099],[38.4168402,55.2063392],[38.4166827,55.2064948],[38.416487,55.2066007],[38.4162002,55.2066882],[38.4156011,55.2068677],[38.4154121,55.2069915],[38.4154074,55.2070407],[38.4154357,55.207124],[38.415763,55.2073504],[38.4159782,55.2075575],[38.4159845,55.2078034],[38.4160519,55.2079604],[38.4160002,55.2083657],[38.4160533,55.2084178],[38.4161322,55.2084261],[38.4163545,55.2083856],[38.4166044,55.2084003],[38.4168193,55.2084805],[38.4170221,55.2087773],[38.4172117,55.2090283],[38.4174979,55.209214],[38.4178622,55.2093006],[38.4181154,55.2094303],[38.4183861,55.2096579],[38.4188365,55.2100774],[38.4190296,55.2101945],[38.4193403,55.2104182],[38.4198709,55.2107514],[38.4198975,55.2108239],[38.4206387,55.2113681],[38.4215064,55.2120953],[38.421762,55.2121044],[38.4240073,55.2124806],[38.4245073,55.2128041],[38.4260375,55.2133184],[38.4275199,55.2133955],[38.4307025,55.2134396],[38.4314925,55.2116735],[38.4320626,55.2106679],[38.4351194,55.2111676],[38.4367866,55.2104967],[38.4374809,55.209365],[38.4388144,55.206976],[38.4424493,55.2079708],[38.4422425,55.2088887],[38.4449918,55.2091711],[38.4457743,55.2092285],[38.4465293,55.2091767],[38.4474583,55.209385],[38.4488439,55.2093493],[38.4500089,55.2097465],[38.4511738,55.2101436],[38.4542299,55.2085932],[38.454432,55.2084998],[38.4546102,55.2098904],[38.4549128,55.2111437],[38.4535418,55.2156451],[38.4538357,55.2163824],[38.4538281,55.2170905],[38.4565211,55.2164777],[38.4588323,55.2166129],[38.4590658,55.2174406],[38.4594125,55.2186914],[38.4606686,55.2203685],[38.4608253,55.2214167],[38.4596726,55.2225246],[38.4595148,55.2238122],[38.4599316,55.2250063],[38.4604399,55.2256505],[38.4602924,55.2258216],[38.4590699,55.2268595],[38.4579828,55.227983],[38.45728,55.2301514],[38.457734,55.2309912],[38.4553783,55.2336293],[38.4539605,55.2348654],[38.4535317,55.2359089],[38.4532288,55.2363005],[38.4529414,55.2365229],[38.4510636,55.2380817],[38.4508094,55.2384327],[38.4507985,55.2384441],[38.4501807,55.2394598],[38.4496286,55.240052],[38.4473914,55.2421358],[38.4454148,55.2448798],[38.441757,55.244599],[38.4398209,55.243137],[38.4397725,55.2402218],[38.4384811,55.2399556],[38.4356178,55.2402868],[38.4330945,55.2403521],[38.4306273,55.2404248],[38.4291316,55.2385422],[38.4259304,55.2371311],[38.4203745,55.2385527],[38.4175971,55.2388612],[38.4148539,55.2402016],[38.4122753,55.240535],[38.4092043,55.2429471],[38.4087705,55.2432885],[38.4086364,55.2433932],[38.4063533,55.2451773],[38.4017501,55.2523725],[38.4012278,55.253007],[38.4009875,55.2532989],[38.4002445,55.2542016],[38.4052709,55.25659],[38.4056216,55.2566732],[38.4076726,55.2568346],[38.4105583,55.2593071],[38.4047303,55.266168],[38.3998846,55.2717295],[38.3921939,55.2658198],[38.3813899,55.2703796],[38.3767788,55.2690693],[38.3755509,55.269024],[38.374272,55.2687719],[38.3728248,55.2686082],[38.3712221,55.2685994],[38.3697862,55.2689302],[38.3688814,55.268981],[38.3678156,55.2687438],[38.36675,55.2685066],[38.365755,55.2683802],[38.3634144,55.2687617],[38.362664,55.2689602],[38.3593915,55.2697318],[38.3558337,55.2706839],[38.3522758,55.2716359],[38.3518977,55.2678959],[38.3454028,55.2667647],[38.3291809,55.2636382],[38.3228315,55.2637133],[38.3220223,55.2633263],[38.3157734,55.2618123],[38.3111786,55.2604258],[38.3052282,55.2589694],[38.2989495,55.2558089],[38.297313,55.2547337],[38.2947619,55.2532057],[38.2926534,55.2536821],[38.2903126,55.2541508],[38.2894805,55.2551975],[38.2880771,55.256862],[38.2859633,55.2584221],[38.2850623,55.2588412],[38.2844737,55.2590271],[38.2804706,55.2584449],[38.2788008,55.2589808],[38.2784824,55.2590674],[38.278393,55.2594028],[38.2783691,55.2594925],[38.278462,55.2595824],[38.2786122,55.2596267],[38.2791937,55.2596894],[38.2795064,55.2599619],[38.279952,55.2604288],[38.2806001,55.2609249],[38.2805203,55.2613676],[38.280079,55.2617654],[38.2798112,55.2621737],[38.2805466,55.2619871],[38.2814153,55.2619503],[38.281533,55.2620381],[38.2811792,55.2625371],[38.2818214,55.2623901],[38.2818867,55.2628191],[38.2822745,55.2631875],[38.2827514,55.2633553],[38.28326,55.2632727],[38.2834557,55.2633374],[38.2836285,55.2634756],[38.2840021,55.2637964],[38.2840612,55.264132],[38.2848622,55.2643976],[38.2855009,55.2655331],[38.2847282,55.2667646],[38.283749,55.2671641],[38.2841026,55.267989],[38.2835464,55.2687202],[38.2825585,55.2698689],[38.2820121,55.270491],[38.2824596,55.2710846],[38.2810494,55.2713556],[38.2807831,55.2718071],[38.2795097,55.2725491],[38.2799263,55.2733633],[38.2800695,55.2736432],[38.2793005,55.2740878],[38.2796134,55.2744367],[38.2808349,55.2747906],[38.2809101,55.2749213],[38.2805803,55.2752657],[38.2811868,55.2753419],[38.2809791,55.2759835],[38.2814698,55.2762068],[38.2823165,55.2767954],[38.2823064,55.277704],[38.2827457,55.2781902],[38.2823687,55.2787373],[38.2824382,55.2792856],[38.2823734,55.279581],[38.2819384,55.2803013],[38.2812252,55.2803213],[38.2789524,55.2797936],[38.2766795,55.2792657],[38.2745743,55.2788415],[38.2690722,55.2777765],[38.2626013,55.2766137],[38.2595275,55.2760914],[38.2573966,55.2756964],[38.2553123,55.275332],[38.2527987,55.2749054],[38.2503318,55.2745096],[38.2478263,55.2740841],[38.2453211,55.2736585],[38.2438279,55.2733974],[38.2423605,55.2731334],[38.2419111,55.273523],[38.2399116,55.2752562],[38.2381252,55.2768046],[38.2375256,55.2773529],[38.2350264,55.279608],[38.2305328,55.2788888],[38.229,55.2790835],[38.2275554,55.2794918],[38.2264829,55.280115],[38.2217873,55.2795278],[38.2213694,55.2793523],[38.2203275,55.2789147],[38.21965,55.2786302],[38.2190768,55.2785363],[38.2185336,55.2784473],[38.2133489,55.2776177],[38.2040497,55.275908],[38.1982093,55.2757329],[38.1920934,55.2744065],[38.1896833,55.2734155],[38.1869985,55.2723035],[38.1854174,55.2716597],[38.1825621,55.2714719],[38.1797067,55.271284],[38.1785769,55.2719639],[38.1774471,55.2726437],[38.1764972,55.2734532],[38.1751295,55.2739294],[38.173762,55.2744057],[38.1715458,55.2751196],[38.1693294,55.2758335],[38.1665103,55.2743132],[38.1659628,55.2746457],[38.1641206,55.2740782],[38.1622372,55.2751803],[38.1607094,55.2742624],[38.1597929,55.2736978],[38.1584969,55.2741076],[38.1566526,55.2735861],[38.1550227,55.2736999],[38.1542384,55.2731885],[38.1536413,55.2726924],[38.1530444,55.2721963],[38.1515782,55.2712993],[38.1516583,55.2709896],[38.1508176,55.2710389],[38.1497027,55.271427],[38.1492862,55.2717727],[38.1491153,55.2721118],[38.1491266,55.2723],[38.149138,55.2724882],[38.1490329,55.2726872],[38.1486677,55.27307],[38.1484199,55.2733277],[38.1479785,55.2735552],[38.1477196,55.2736062],[38.147432,55.2739817],[38.1471469,55.2740548],[38.1469142,55.2740542],[38.1464233,55.2740159],[38.146127,55.2738896],[38.1457549,55.2735749],[38.1453826,55.2732602],[38.1447769,55.2730297],[38.1438871,55.2727911],[38.1422331,55.2727053],[38.1407325,55.2728266],[38.1398778,55.2730013],[38.1389322,55.2732127],[38.1379867,55.273424],[38.1369493,55.2737975],[38.1362826,55.2746443],[38.1350979,55.2741169],[38.1336383,55.2739725],[38.1321788,55.2738281],[38.1308607,55.2737652],[38.1295428,55.2737024],[38.1287187,55.273331],[38.1275845,55.2729587],[38.1257416,55.2723112],[38.123899,55.2716637],[38.1234356,55.2714409],[38.1231007,55.2713145],[38.1224951,55.2710913],[38.1222246,55.2709946],[38.1219023,55.2708976],[38.1211801,55.2706962],[38.1201871,55.2704571],[38.1199419,55.2704121],[38.1196967,55.2703671],[38.11931,55.2702478],[38.118975,55.270114],[38.1180241,55.269506],[38.1177149,55.2693869],[38.1164775,55.2690289],[38.1160775,55.2689466],[38.1156776,55.2688642],[38.1152263,55.2687447],[38.1140786,55.2684461],[38.1135615,55.2684593],[38.1123304,55.2683819],[38.1113092,55.2683047],[38.1112923,55.2673714],[38.1112897,55.2672296],[38.1111543,55.2645503],[38.1107183,55.2627199],[38.1079664,55.2620556],[38.1052876,55.2610852],[38.1050753,55.2601602],[38.1045762,55.2589388],[38.1055601,55.2571216],[38.1072244,55.2549575],[38.107225,55.2548249],[38.1049938,55.2547039],[38.1040174,55.2545357],[38.0999229,55.2537209],[38.0992827,55.2534759],[38.0977507,55.2536033],[38.0973549,55.2530657],[38.0965113,55.2532793],[38.0934505,55.2529071],[38.092529,55.2524729],[38.0915554,55.2526999],[38.0906025,55.2526585],[38.089411,55.2523405],[38.0889761,55.2519749],[38.0879951,55.251934],[38.0869835,55.25239],[38.085308,55.2526628],[38.0845075,55.2522213],[38.0842116,55.252748],[38.0837485,55.2529031],[38.0833186,55.2527549],[38.0823492,55.2528428],[38.0814213,55.2524582],[38.081203,55.2519693],[38.0806162,55.2520671],[38.0802263,55.250974],[38.079123,55.2508659],[38.0795014,55.2502004],[38.07917,55.2500555],[38.0785246,55.2501336],[38.0782345,55.2493894],[38.0776542,55.2493872],[38.0772096,55.2490071],[38.0766069,55.2488934],[38.0763433,55.2484845],[38.0765854,55.2480894],[38.0756945,55.2479066],[38.0752853,55.2473975],[38.0759803,55.2467319],[38.0757523,55.2464108],[38.0757973,55.24576],[38.0752165,55.2455978],[38.0742983,55.2455971],[38.0732714,55.245001],[38.0728442,55.2447907],[38.071809,55.2449937],[38.0708738,55.245097],[38.0706097,55.2449262],[38.0701605,55.2451868],[38.0687108,55.2448456],[38.067911,55.2452394],[38.067638,55.2457279],[38.0672157,55.2457403],[38.0670355,55.2455009],[38.0663143,55.2455599],[38.0657076,55.2454395],[38.065668,55.2448711],[38.0647358,55.2447207],[38.0640597,55.2449294],[38.0637257,55.2446563],[38.0625399,55.2446981],[38.0625521,55.2439304],[38.0618655,55.2436961],[38.0620337,55.2433302],[38.0613874,55.2430254],[38.0617851,55.2424654],[38.0609477,55.2420022],[38.0609851,55.2415477],[38.0601629,55.2413663],[38.0601645,55.2408491],[38.0595462,55.2405756],[38.0590678,55.2397738],[38.0581824,55.2390518],[38.0572639,55.2372697],[38.0566377,55.2365647],[38.0553692,55.2351565],[38.0543659,55.2351821],[38.0504217,55.2320642],[38.0449735,55.2320544],[38.0409135,55.2310415],[38.0399839,55.2316107],[38.0350776,55.2343613],[38.0344815,55.2357364],[38.0299031,55.2347317],[38.0256252,55.2347385],[38.0240657,55.2333437],[38.015752,55.2335027],[38.014973,55.233971],[38.0156932,55.2345298],[38.0155811,55.2350322],[38.0136592,55.2362132],[38.0120089,55.2335867],[38.0119344,55.2330316],[38.0119284,55.2329873],[38.0118937,55.2327289],[38.0119682,55.2319981],[38.0120814,55.2299929],[38.0122048,55.227807],[38.0076352,55.2266902],[38.0063213,55.2264082],[38.0018974,55.2253999],[37.9989568,55.224713],[37.9901171,55.2227977],[37.9877573,55.2222465],[37.9872797,55.2227255],[37.9838016,55.2225898],[37.9865005,55.2194865],[37.985604,55.2180991],[37.9840662,55.2184255],[37.9830094,55.218018],[37.9823667,55.2170973],[37.9812665,55.2157473],[37.9801251,55.2156284],[37.9794171,55.2151895],[37.9788176,55.2152283],[37.9786252,55.2146495],[37.9753497,55.2140105],[37.974136,55.2139131],[37.961027,55.2113232],[37.9581375,55.2106083],[37.9553649,55.2121313],[37.9546493,55.2122885],[37.9537324,55.212231],[37.9531937,55.2121645],[37.9495342,55.2117124],[37.9468971,55.2113463],[37.9458299,55.2111084],[37.9457709,55.2111453],[37.9434417,55.2126019],[37.9422613,55.2131844],[37.9411321,55.2137623],[37.9415058,55.2144052],[37.9424093,55.2166825],[37.9441479,55.2170141],[37.9433896,55.2181848],[37.9426746,55.2190758],[37.9419954,55.219881],[37.9412369,55.2204274],[37.9374319,55.2209205],[37.9340651,55.2216777],[37.9328555,55.2226354],[37.9318339,55.2226392],[37.9339963,55.2262028],[37.9363999,55.2271897],[37.9380003,55.2280803],[37.9385244,55.2286231],[37.9455613,55.2296223],[37.9436398,55.2321642],[37.942088,55.2340858],[37.9353754,55.2353371],[37.9291737,55.2370298],[37.92707,55.2374702],[37.9216292,55.2374938],[37.9202249,55.2370113],[37.9183672,55.2409179],[37.9177902,55.2409376],[37.9164817,55.2410509],[37.9120372,55.2413786],[37.9075928,55.2417063],[37.9116672,55.2286206],[37.9107524,55.2283248],[37.9098051,55.2279694],[37.9093449,55.2277967],[37.9082492,55.2274612],[37.9054621,55.2270756],[37.9037069,55.2262837],[37.9014752,55.2245886],[37.8999327,55.2231483],[37.9005497,55.2230906],[37.9006404,55.2225505],[37.8995399,55.2215126],[37.901358,55.2209874],[37.9010748,55.2202987],[37.9027158,55.2194917],[37.9067149,55.2194123],[37.9062737,55.2186281],[37.9096633,55.2180843],[37.909978,55.2180627],[37.9120437,55.2184306],[37.9118729,55.2186445],[37.9117847,55.2190144],[37.912125,55.2190519],[37.9126946,55.2191146],[37.9135115,55.2173807],[37.9144981,55.2154484],[37.9152479,55.2140208],[37.915302,55.2138325],[37.9143655,55.2136301],[37.9140257,55.2135542],[37.913896,55.2134914],[37.9114886,55.214076],[37.9114446,55.2140964],[37.9103046,55.2146253],[37.909342,55.2143056],[37.9083795,55.2139858],[37.9085971,55.2134219],[37.9087235,55.2132088],[37.9092989,55.2124653],[37.908228,55.2119558],[37.9080648,55.211745],[37.9074558,55.2110356],[37.9069915,55.2098138],[37.9077745,55.2088423],[37.9057834,55.2076064],[37.9047668,55.2070128],[37.9037401,55.2064599],[37.903746,55.2064193],[37.9038209,55.205906],[37.9040163,55.2045662],[37.9022186,55.2041308],[37.8992983,55.2033541],[37.8983305,55.2031745],[37.8979575,55.2031385],[37.8976169,55.2008909],[37.8985251,55.2008561],[37.8989545,55.2008374],[37.899253,55.2007933],[37.8995216,55.2007536],[37.9000695,55.2002941],[37.9006176,55.1998346],[37.9014501,55.1996592],[37.9014622,55.1994439],[37.901463,55.1994302],[37.9017117,55.1994558],[37.9044268,55.1990486],[37.9053934,55.1989216],[37.907652,55.1987482],[37.9079375,55.1986495],[37.9092317,55.1982021],[37.908296,55.1961509],[37.9085937,55.1959732],[37.9102748,55.1960718],[37.9109678,55.1960124],[37.912983,55.1955927],[37.9142537,55.1946059],[37.9142576,55.1944226],[37.9138096,55.1941723],[37.9124105,55.1929297],[37.9132423,55.1922187],[37.9134734,55.1919927],[37.912709,55.1914724],[37.9124882,55.1912627],[37.9121417,55.190867],[37.9122388,55.1908322],[37.9109069,55.1891803],[37.9112916,55.1884267],[37.9118532,55.1871146],[37.9118732,55.1859109],[37.9127047,55.1846381],[37.9143361,55.184288],[37.9167106,55.1867424],[37.9211415,55.1885778],[37.9214723,55.1882401],[37.9232944,55.1886725],[37.9253536,55.1875492],[37.9264119,55.188193],[37.9262592,55.1892156],[37.9272825,55.1895369],[37.9302375,55.1814702],[37.9314515,55.1779929],[37.9327776,55.1753218],[37.9332782,55.1744731],[37.9339937,55.173453],[37.9348527,55.1724277],[37.9350225,55.1719927],[37.9358301,55.1711859],[37.9360897,55.170813],[37.9373922,55.1701219],[37.9385679,55.1685894],[37.9379593,55.1683547],[37.9387215,55.1667759],[37.9372468,55.1666483],[37.9355211,55.1675664],[37.9340266,55.1683553],[37.9325913,55.168904],[37.9317336,55.1690502],[37.9313917,55.1685549],[37.9274717,55.1682103],[37.9262385,55.1687075],[37.9262033,55.167131],[37.926301,55.1655344],[37.9244592,55.1655553],[37.9237977,55.1638358],[37.922885,55.1634591],[37.9224478,55.1631705],[37.9216222,55.1625791],[37.9210063,55.1621906],[37.9164062,55.1591716],[37.9128278,55.1591411],[37.9111803,55.1587704],[37.9090389,55.1584276],[37.9089347,55.1571179],[37.9089525,55.1564671],[37.9085581,55.1549837],[37.9088932,55.1546889],[37.9095971,55.1524926],[37.9047591,55.1541121],[37.9039303,55.1532952],[37.9079923,55.1518696],[37.9068844,55.151654],[37.9057697,55.1513643],[37.9037294,55.1519798],[37.9016524,55.1526483],[37.899193,55.1534615],[37.8989556,55.1535416],[37.8987519,55.1533038],[37.8971863,55.1538065],[37.8962946,55.1533221],[37.8949487,55.1522542],[37.8944811,55.1508943],[37.8951295,55.1503558],[37.8931904,55.1507011],[37.8931519,55.1512959],[37.8934581,55.1529684],[37.8941109,55.1547131],[37.8899517,55.1561552],[37.8887264,55.155129],[37.8870783,55.1558556],[37.8855978,55.1544421],[37.8843653,55.1531925],[37.8814133,55.1523666],[37.8795344,55.1531905],[37.8801994,55.1539467],[37.8795368,55.1548506],[37.8782809,55.1547326],[37.8757605,55.1530833],[37.8750869,55.1532011],[37.8730424,55.1543276],[37.8738348,55.1547967],[37.8749958,55.1554243],[37.8759308,55.1561454],[37.8763121,55.1571504],[37.8754281,55.1586568],[37.8770664,55.1591579],[37.8758057,55.1603272],[37.874501,55.1613154],[37.8725832,55.1609571],[37.8707603,55.1622268],[37.8711672,55.162499],[37.870575,55.1631756],[37.8705904,55.1639212],[37.8703663,55.1644228],[37.8699428,55.1643818],[37.8695732,55.1647682],[37.8693315,55.165006],[37.8686884,55.1658036],[37.8680249,55.1656327],[37.8670661,55.1656302],[37.8661098,55.1661198],[37.8643428,55.1670727],[37.8634925,55.1692603],[37.8622964,55.1692274],[37.8623863,55.1686377],[37.8622944,55.1682681],[37.8608462,55.1675271],[37.8603096,55.1672694],[37.859358,55.1668124],[37.8580257,55.1667059],[37.8555865,55.166734],[37.8539231,55.167344],[37.8531718,55.1658187],[37.8524204,55.1642933],[37.8520133,55.1628018],[37.8513998,55.1596571],[37.8509642,55.1590384],[37.8491091,55.1574773],[37.8468412,55.1574414],[37.8465133,55.1572654],[37.8458992,55.1569134],[37.8416336,55.1557244],[37.8401429,55.1530767],[37.8374593,55.152792],[37.8359878,55.1528804],[37.8340534,55.1530204],[37.8316132,55.1532599],[37.8326498,55.1547327],[37.8332017,55.1556677],[37.8293588,55.1569039],[37.8290103,55.1565473],[37.8276587,55.1568407],[37.826594,55.1570815],[37.8254833,55.155494],[37.826284,55.1540612],[37.8275356,55.1526607],[37.8300284,55.1511167],[37.8307239,55.1506514],[37.8314193,55.1501861],[37.831679,55.1484256],[37.834466,55.1461975],[37.8361811,55.1451528],[37.8355067,55.1440127],[37.835613,55.1432917],[37.8355893,55.1431382],[37.8355654,55.1429848],[37.8352514,55.1417121],[37.8349374,55.1404394],[37.8351059,55.1402463],[37.8369076,55.1385361],[37.8398252,55.1387334],[37.8400424,55.1381258],[37.8404477,55.1370756],[37.8408528,55.1360254],[37.8400361,55.1352514],[37.8394423,55.13465],[37.8388484,55.1340485],[37.8387043,55.1338733],[37.8355444,55.1332672],[37.8343312,55.1330083],[37.8335015,55.1315678],[37.8319502,55.1292083],[37.8306667,55.1268163],[37.832794,55.1259665],[37.8305207,55.1243309],[37.8274825,55.126323],[37.8261224,55.1265444],[37.8232724,55.1270618],[37.8225763,55.1272745],[37.8217593,55.1274956],[37.8206735,55.1277964],[37.8196501,55.1281275],[37.8179285,55.1287856],[37.8167495,55.1283763],[37.8157792,55.1286596],[37.8147718,55.1299169],[37.8131402,55.1312227],[37.8111436,55.1314038],[37.8088986,55.1314448],[37.8067077,55.1322978],[37.8029481,55.1326551],[37.7949924,55.1349603],[37.7942683,55.13445],[37.7926672,55.1349304],[37.7892992,55.1360613],[37.7859219,55.1371208],[37.7853957,55.1371905],[37.7822136,55.1372865],[37.7776073,55.1387533],[37.7775582,55.1387689],[37.7737035,55.1417112],[37.7733768,55.1423707],[37.7737124,55.143298],[37.7741574,55.144528],[37.7767473,55.1453127],[37.7773934,55.1467717],[37.772653,55.1476456],[37.7714112,55.1484086],[37.7678598,55.1486884],[37.7669551,55.1487854],[37.7602382,55.1480421],[37.7637497,55.1517251],[37.7650196,55.1511793],[37.7671586,55.1519315],[37.7691907,55.1528034],[37.7663522,55.1549415],[37.7631946,55.1550577],[37.7585735,55.1553947],[37.749359,55.1559394],[37.7451911,55.1562036],[37.7441144,55.1553673],[37.7391534,55.1550364],[37.7364487,55.1559098],[37.7341463,55.1565993],[37.7317458,55.1573623],[37.7291503,55.1573414],[37.7272462,55.1570818],[37.7266521,55.1570975],[37.7226249,55.1574076],[37.7178319,55.1573825],[37.7168114,55.1553922],[37.7151743,55.154166],[37.7165628,55.1518536],[37.7169865,55.1511166],[37.7178338,55.1485114],[37.7126057,55.1460087],[37.7095356,55.1455617],[37.7095371,55.1419767],[37.7096482,55.1386499],[37.7094676,55.1365891],[37.7094939,55.1352339],[37.709844,55.1324672],[37.7100986,55.1298263],[37.7103042,55.127967],[37.7108767,55.1256643],[37.7126872,55.1262173],[37.7166074,55.1274082],[37.7181382,55.1272777],[37.7190357,55.125637],[37.7167162,55.1235907],[37.716716,55.122274],[37.7165838,55.1203577],[37.7164251,55.1180569],[37.7156128,55.1136671],[37.7113267,55.1097355],[37.7109402,55.1094469],[37.7127177,55.1071812],[37.7136531,55.1062034],[37.7149839,55.1047785],[37.7187174,55.1033744],[37.7238584,55.0996933],[37.7242139,55.0994679],[37.7253608,55.0988533],[37.7264265,55.0982264],[37.728191,55.0967048],[37.729489,55.094284],[37.7258631,55.0927552],[37.726088,55.0916297],[37.7262861,55.090837],[37.7266662,55.0882354],[37.728385,55.0872272],[37.7295934,55.0865691],[37.7320139,55.0839684],[37.7320466,55.0835745],[37.7292025,55.0813792],[37.7277806,55.0793328],[37.7276759,55.0784096],[37.727839,55.0767759],[37.7276937,55.0753095],[37.7248824,55.0759985],[37.7215318,55.0761352],[37.7211648,55.0756425],[37.719784,55.0752134],[37.7190512,55.0752177],[37.7178835,55.0740221],[37.7168308,55.0734667],[37.7158752,55.0736855],[37.7153631,55.0734976],[37.7151076,55.0734159],[37.713789,55.0729159],[37.7134385,55.0724728],[37.711786,55.0726254],[37.7104366,55.0727431],[37.7087902,55.0732012],[37.7078885,55.0734671],[37.7078211,55.0730688],[37.7078489,55.0727367],[37.707947,55.0722902],[37.7078851,55.0721606],[37.7077023,55.0720056],[37.7074896,55.071916],[37.707316,55.071835],[37.7072933,55.0717138],[37.7073417,55.0716157],[37.7075381,55.0714384],[37.7080243,55.0712457],[37.7085357,55.0710521],[37.7087581,55.0710073],[37.7092076,55.0709579],[37.7093459,55.0709229],[37.7096048,55.0707523],[37.710074,55.0706034],[37.7103637,55.0705017],[37.7104086,55.0703717],[37.7105497,55.0702165],[37.7106778,55.0700747],[37.7107115,55.0699835],[37.7108242,55.0698648],[37.7104013,55.0698742],[37.7098444,55.0698927],[37.7092261,55.0699409],[37.7086414,55.0700235],[37.7078637,55.0700417],[37.7073125,55.0700992],[37.7069895,55.070114],[37.7066784,55.0701602],[37.7065516,55.0701582],[37.7062627,55.0701536],[37.7059946,55.0701222],[37.7055485,55.0700844],[37.705158,55.0700076],[37.7047473,55.0699337],[37.7040991,55.0698208],[37.7036892,55.0697567],[37.7032928,55.0697525],[37.7027207,55.0697403],[37.7022589,55.0697218],[37.7018985,55.0697123],[37.7016863,55.0697182],[37.7011877,55.0696971],[37.7005316,55.0696232],[37.7001049,55.0695508],[37.699536,55.0693922],[37.6994498,55.0693714],[37.6991195,55.0693576],[37.6989921,55.0693626],[37.6987679,55.0693962],[37.6985789,55.0694329],[37.698027,55.0695549],[37.6974553,55.0697197],[37.6970488,55.0697711],[37.6965995,55.0697383],[37.6963817,55.069696],[37.6959255,55.0693824],[37.6953499,55.0691654],[37.6942035,55.0688437],[37.6935236,55.06864],[37.6927168,55.0684043],[37.6922572,55.0683441],[37.6918322,55.0682199],[37.691405,55.0681087],[37.6910504,55.0680102],[37.6907524,55.0679095],[37.6904306,55.0678542],[37.6900433,55.0677664],[37.6896309,55.0677478],[37.6894999,55.0677083],[37.6894355,55.0676177],[37.6893046,55.0676045],[37.6891592,55.0676192],[37.6888669,55.0677467],[37.6885854,55.0677598],[37.6883349,55.0677787],[37.6879027,55.0677513],[37.6876398,55.0677592],[37.6872817,55.0677759],[37.6869088,55.067868],[37.6868069,55.0678619],[37.686609,55.0677144],[37.6865042,55.0676934],[37.6861393,55.0677503],[37.6856225,55.0679175],[37.6852849,55.0680774],[37.6848596,55.0683926],[37.6847587,55.0685736],[37.6847179,55.0687973],[37.6844163,55.0691557],[37.6841487,55.0695201],[37.6837817,55.0700815],[37.6834381,55.0703971],[37.6829456,55.0708427],[37.6826428,55.0712904],[37.6824276,55.0716024],[37.682117,55.0715457],[37.6819485,55.071511],[37.6813925,55.0712821],[37.6808688,55.0710672],[37.6810079,55.0707073],[37.6812058,55.0701851],[37.6814749,55.0694795],[37.681714,55.0691453],[37.681596,55.0688078],[37.6812035,55.0682634],[37.6807037,55.067591],[37.6804614,55.0672389],[37.6791823,55.0673915],[37.6783076,55.0674941],[37.6781728,55.067267],[37.6779805,55.0669827],[37.6775603,55.0667285],[37.6771764,55.0664924],[37.6769982,55.0658746],[37.6769879,55.0652896],[37.6769663,55.0645445],[37.6766818,55.0641049],[37.6763116,55.0635512],[37.6759274,55.0627569],[37.675881,55.0619449],[37.6757619,55.0613682],[37.6757098,55.0610959],[37.6764597,55.0604785],[37.6772094,55.0598612],[37.6765952,55.0592078],[37.6759807,55.0585543],[37.6766337,55.0580716],[37.6772866,55.057589],[37.6762387,55.0569748],[37.6750543,55.0562071],[37.6756467,55.0560123],[37.6745319,55.0552942],[37.6734171,55.0545761]]]}},{"type":"Feature","properties":{"name":"Домодедово","scope":"district","type":"administrative","category":"boundary","source":"OpenStreetMap / Nominatim","osmType":"relation","osmId":184001},"geometry":{"type":"Polygon","coordinates":[[[37.6065643,55.4014521],[37.606641,55.400419],[37.6074676,55.4006221],[37.6131242,55.4002726],[37.6132307,55.3994907],[37.6132358,55.398994],[37.6119937,55.3991829],[37.6067229,55.3981029],[37.6068805,55.3976039],[37.6075019,55.3951574],[37.6096837,55.3945],[37.6094794,55.3937458],[37.6092583,55.392973],[37.6090858,55.3923302],[37.6092344,55.3916039],[37.6094447,55.3906487],[37.6096348,55.3896001],[37.6096995,55.3891285],[37.6101118,55.3891076],[37.6105647,55.3891138],[37.6111892,55.3893284],[37.6112979,55.3894554],[37.611594,55.3895037],[37.6119003,55.3894956],[37.6121716,55.3894462],[37.6124007,55.3894736],[37.612966,55.3893571],[37.6131407,55.3894018],[37.613707,55.3894469],[37.6142707,55.3893503],[37.614553,55.3893523],[37.6146814,55.3894274],[37.614876,55.3894658],[37.6152454,55.3894561],[37.6155538,55.389414],[37.6161529,55.3894052],[37.6164111,55.389338],[37.6170376,55.3893066],[37.6176887,55.3891856],[37.6179627,55.3892106],[37.6194749,55.3889514],[37.619736,55.388879],[37.6200751,55.3882076],[37.6202547,55.3882492],[37.6206904,55.3883499],[37.6214142,55.3886392],[37.6220525,55.3887794],[37.6232194,55.388404],[37.6244689,55.3888603],[37.625409,55.3889956],[37.6259614,55.3892958],[37.626622,55.3895263],[37.6275966,55.3896948],[37.6280608,55.3899692],[37.6289611,55.3901699],[37.6293496,55.3900514],[37.6296558,55.3897327],[37.629529,55.387825],[37.6273853,55.385145],[37.6268656,55.3849351],[37.6268303,55.384644],[37.6258236,55.3833956],[37.6240728,55.3809465],[37.621997,55.381129],[37.6210277,55.3845004],[37.6197442,55.3842133],[37.6185906,55.3861402],[37.6184479,55.3863436],[37.6163386,55.3842145],[37.6166539,55.3841385],[37.6170307,55.3837455],[37.6178994,55.3828393],[37.6188129,55.3811973],[37.618196,55.3810884],[37.6151499,55.3806721],[37.6150026,55.3806661],[37.614883,55.3804648],[37.6147371,55.3802194],[37.6366245,55.3783364],[37.6371071,55.3782975],[37.6557933,55.3767894],[37.6558519,55.3767847],[37.6566677,55.3767208],[37.6653618,55.376003],[37.6648261,55.3701364],[37.6649667,55.3700864],[37.6687229,55.3687645],[37.6740494,55.3729559],[37.6779702,55.3733936],[37.679667,55.3731664],[37.6797409,55.3721515],[37.6800672,55.371284],[37.6816477,55.3711698],[37.681204,55.3700942],[37.6800649,55.3690679],[37.6855668,55.3690611],[37.6873679,55.3658749],[37.685977,55.3614002],[37.6847569,55.3615764],[37.683585,55.3586642],[37.6834315,55.3577926],[37.6843161,55.3566152],[37.6846675,55.3563818],[37.6857999,55.3564278],[37.6855401,55.3525475],[37.6855366,55.3513323],[37.6852795,55.3499748],[37.6851641,55.3483044],[37.6859213,55.3474733],[37.6892712,55.3474497],[37.6893827,55.3463516],[37.6885155,55.3453379],[37.687543,55.3445682],[37.6868257,55.3440004],[37.686529,55.3432153],[37.6882347,55.3425442],[37.6875409,55.3409922],[37.687846,55.3408679],[37.6908059,55.3411762],[37.6925224,55.3407963],[37.6937838,55.34084],[37.6952655,55.3404517],[37.6943756,55.339849],[37.6922629,55.3393835],[37.6906761,55.339103],[37.6898169,55.3389463],[37.688615,55.3379492],[37.689712,55.3364255],[37.6921884,55.3357451],[37.6940134,55.3361273],[37.6959427,55.3361287],[37.6963575,55.3357555],[37.6950541,55.3352331],[37.6926982,55.3346483],[37.6941176,55.3337267],[37.6929865,55.333431],[37.6943174,55.3326892],[37.6936396,55.3324993],[37.6941959,55.332053],[37.6946564,55.3315965],[37.6956692,55.33161],[37.698685,55.3321231],[37.7006318,55.3326382],[37.7007756,55.3321909],[37.7010427,55.3315836],[37.7017953,55.3299423],[37.7020546,55.3294721],[37.7032267,55.3288227],[37.7036815,55.3285707],[37.7037321,55.3285424],[37.7049166,55.3279036],[37.7053173,55.3276605],[37.7048953,55.3264108],[37.7047589,55.3260187],[37.7042556,55.3256815],[37.7036992,55.3254449],[37.7030365,55.3252961],[37.7020603,55.3232741],[37.7003125,55.323294],[37.7007065,55.3218854],[37.7033009,55.3207823],[37.7026202,55.319226],[37.7042051,55.3170308],[37.7050828,55.3157102],[37.7056066,55.3148368],[37.7054334,55.3131548],[37.7062653,55.311652],[37.7036863,55.310698],[37.7027771,55.3121081],[37.7010616,55.3114269],[37.6993129,55.3111339],[37.6990905,55.3094615],[37.6990407,55.308101],[37.6966326,55.3067291],[37.694196,55.3054856],[37.69075,55.3059781],[37.6892502,55.307739],[37.6883632,55.3084448],[37.6877968,55.3101511],[37.6875964,55.3104],[37.687229,55.3108565],[37.6853928,55.3111215],[37.6839416,55.3114915],[37.6832012,55.3116803],[37.683175,55.3118624],[37.6828326,55.3142461],[37.6809812,55.3163604],[37.6801134,55.317718],[37.6798756,55.31809],[37.6793275,55.3192308],[37.6790909,55.3193361],[37.6790765,55.3187397],[37.6790734,55.3186108],[37.6788084,55.318459],[37.6784339,55.3183713],[37.6780886,55.3183601],[37.6770648,55.3184914],[37.676756,55.3184606],[37.6763723,55.3183191],[37.6761853,55.3170953],[37.6758351,55.3168865],[37.6744721,55.3169655],[37.673471,55.3167617],[37.6728221,55.3168039],[37.6724345,55.3166852],[37.6720796,55.316473],[37.6714412,55.3156924],[37.6714631,55.3153867],[37.6716862,55.3152269],[37.6720718,55.3151245],[37.6722027,55.3150359],[37.6721777,55.3147535],[37.6720127,55.3145054],[37.6713166,55.3143049],[37.6720961,55.3137764],[37.6717993,55.3135201],[37.6716685,55.3122291],[37.6714373,55.3118866],[37.672085,55.3114937],[37.6722321,55.3114045],[37.6730851,55.3110495],[37.6735839,55.3104681],[37.6737995,55.3099482],[37.6752172,55.3085486],[37.6762295,55.3073088],[37.6753645,55.3067104],[37.6753623,55.3066653],[37.6753404,55.3062244],[37.6773257,55.3049066],[37.6763507,55.3042784],[37.6767671,55.3041136],[37.6760605,55.3036895],[37.6754419,55.3033276],[37.6737472,55.3023946],[37.6720134,55.3014067],[37.669934,55.2998287],[37.6638745,55.2966909],[37.6638897,55.2959542],[37.6649081,55.2957715],[37.6661674,55.2951084],[37.6665582,55.2949026],[37.6679482,55.2941707],[37.6700738,55.2930639],[37.6669158,55.2905374],[37.6665152,55.2893873],[37.6634327,55.2880978],[37.6613734,55.2864895],[37.6600109,55.2854803],[37.6577173,55.2862474],[37.6564119,55.2863941],[37.6555565,55.2870051],[37.6545087,55.2874595],[37.652933,55.2875071],[37.6517862,55.28577],[37.6483827,55.2860698],[37.6474876,55.2845899],[37.6477459,55.2810758],[37.6476813,55.2798157],[37.6467023,55.2776283],[37.6456677,55.2768289],[37.643914,55.2754997],[37.643436,55.2753131],[37.6428404,55.2754284],[37.6438649,55.2747058],[37.6448893,55.2739832],[37.6462658,55.2734737],[37.647642,55.2729642],[37.6484723,55.2720821],[37.6492483,55.2715919],[37.6466981,55.2706709],[37.6483749,55.2698768],[37.653196,55.2700166],[37.6547244,55.2705709],[37.6554827,55.2705178],[37.6583134,55.271868],[37.6617743,55.2734045],[37.6622894,55.2738063],[37.6629896,55.2740928],[37.6658212,55.2737717],[37.6749085,55.28005],[37.6768012,55.2773616],[37.6785944,55.2774755],[37.6786893,55.2771238],[37.6974351,55.2761095],[37.6984659,55.2776109],[37.7004671,55.277393],[37.7012614,55.2784267],[37.7043678,55.2799727],[37.7063994,55.2816323],[37.7070192,55.2823506],[37.7072189,55.2829503],[37.7073711,55.2843138],[37.709175,55.2843311],[37.7100327,55.2843179],[37.7111648,55.2841929],[37.7117554,55.2839091],[37.7125356,55.2834918],[37.7143011,55.2825498],[37.7134952,55.2813619],[37.7141563,55.2803687],[37.7159942,55.2792554],[37.7164253,55.2790812],[37.7172836,55.2745527],[37.715852,55.2718768],[37.7167773,55.2715116],[37.7168135,55.2708949],[37.71679,55.2704262],[37.713717,55.27011],[37.7117075,55.2694108],[37.7086269,55.2690723],[37.7069572,55.2682523],[37.7063464,55.2657908],[37.7009425,55.2661335],[37.6999277,55.2662666],[37.6839101,55.2673989],[37.677165,55.2679254],[37.6765321,55.2667119],[37.6766501,55.2646726],[37.6770366,55.264063],[37.6785068,55.2606684],[37.6789537,55.2592861],[37.6822881,55.2605466],[37.6863848,55.2619972],[37.6887681,55.2589083],[37.6864763,55.2574021],[37.6854877,55.2566048],[37.683907,55.2544755],[37.6899419,55.2525087],[37.6905859,55.2509148],[37.6876308,55.2492596],[37.6850902,55.250602],[37.6820785,55.2510972],[37.6775171,55.2483226],[37.6777068,55.2462162],[37.6787371,55.2455933],[37.6828502,55.2454156],[37.682832,55.2440682],[37.6803895,55.2435543],[37.6780994,55.2439108],[37.6772079,55.2436402],[37.6744326,55.2446541],[37.6742168,55.2456485],[37.6737018,55.2473748],[37.6731707,55.2473592],[37.6708115,55.2469257],[37.6692677,55.2469446],[37.6677039,55.2446069],[37.6669969,55.2438346],[37.6646081,55.2438186],[37.6593011,55.243845],[37.6585747,55.2412034],[37.6587325,55.2372795],[37.6589892,55.2367858],[37.6604579,55.2360152],[37.6602162,55.2352309],[37.6585113,55.2348288],[37.6570194,55.2336239],[37.6550011,55.2329152],[37.6535175,55.2327],[37.6607435,55.2270856],[37.6660516,55.2233038],[37.6709855,55.2193088],[37.6734159,55.2187633],[37.6762201,55.2185798],[37.6765999,55.218403],[37.6781695,55.2194422],[37.6783177,55.2193676],[37.6815802,55.2177261],[37.6812144,55.2175161],[37.6822068,55.2169524],[37.6824364,55.2170859],[37.6832281,55.2174353],[37.6846198,55.216482],[37.6871017,55.2179986],[37.6914995,55.2163537],[37.6907431,55.2162768],[37.6875494,55.215894],[37.6875028,55.214339],[37.6874774,55.2134071],[37.6874147,55.2117588],[37.6874506,55.2093205],[37.6887245,55.2093386],[37.6908499,55.2096431],[37.6916859,55.2080924],[37.6921269,55.2072389],[37.6934526,55.2047995],[37.6941512,55.2034539],[37.6944813,55.2028515],[37.6947267,55.2022962],[37.6921961,55.2012978],[37.688086,55.2019333],[37.6878374,55.200973],[37.6875997,55.1999103],[37.6863437,55.1988558],[37.6802671,55.1999604],[37.6778176,55.2001768],[37.6768177,55.2002813],[37.675284,55.2004413],[37.6716817,55.1995759],[37.6680794,55.1987103],[37.6676114,55.1986011],[37.6671435,55.1984919],[37.6624374,55.1973942],[37.6606555,55.1959361],[37.6605405,55.1956589],[37.660074,55.1941622],[37.6599573,55.1937387],[37.658169,55.1931631],[37.6567023,55.1926382],[37.6544835,55.1952123],[37.6506017,55.1936362],[37.6457582,55.1917669],[37.6500539,55.188153],[37.6517543,55.1880383],[37.6555496,55.187627],[37.6585636,55.1871558],[37.6612269,55.1863367],[37.6592748,55.1851059],[37.6589906,55.1849231],[37.6605797,55.182341],[37.6606134,55.1798833],[37.6611833,55.179003],[37.6611982,55.1786922],[37.6629222,55.1778246],[37.6639739,55.177035],[37.663637,55.1760855],[37.658935,55.1748394],[37.6572707,55.174205],[37.657112,55.1739284],[37.6547136,55.173704],[37.6544658,55.1730828],[37.6545402,55.1727201],[37.6547916,55.1726826],[37.6547852,55.1719788],[37.6549246,55.1700376],[37.6530717,55.1703039],[37.6515785,55.1703776],[37.6510362,55.1670227],[37.6480485,55.1659953],[37.6481444,55.1647128],[37.649396,55.1636133],[37.6506473,55.1625138],[37.6514802,55.1615775],[37.6514294,55.1615654],[37.6507012,55.1613919],[37.6505696,55.1611717],[37.6509541,55.1610964],[37.6513006,55.1608015],[37.651306,55.1605384],[37.6510198,55.1603903],[37.6503056,55.1603611],[37.6500978,55.1599137],[37.6498901,55.1594665],[37.6504899,55.1592708],[37.6505246,55.1589835],[37.6503016,55.1588152],[37.6495334,55.158721],[37.6496949,55.1583189],[37.6501412,55.1580356],[37.6506132,55.1578488],[37.6506786,55.1573001],[37.6500498,55.1569474],[37.6499317,55.1567134],[37.647585,55.1562306],[37.6442298,55.1556197],[37.6411142,55.1554384],[37.6389501,55.1556833],[37.6377326,55.156491],[37.6360697,55.1572956],[37.6352998,55.1575871],[37.634429,55.1577675],[37.6341198,55.1577507],[37.6340463,55.1574879],[37.633863,55.1569328],[37.6335728,55.1566199],[37.6331039,55.1563252],[37.6306724,55.1549772],[37.62536,55.1521005],[37.6237686,55.1511542],[37.623327,55.1507819],[37.6229598,55.1503008],[37.6225582,55.1490568],[37.6232885,55.1490231],[37.6238385,55.1490853],[37.625264,55.1484687],[37.6262625,55.1479851],[37.62783,55.1483524],[37.6296974,55.1480193],[37.6320935,55.1468888],[37.6324348,55.1459876],[37.6329165,55.1440022],[37.6306722,55.1430587],[37.6308136,55.1416199],[37.6302991,55.1375128],[37.6320836,55.1375116],[37.6318823,55.1352969],[37.6316975,55.1334711],[37.6314427,55.1309555],[37.6329974,55.1308637],[37.6343867,55.1304775],[37.6351102,55.1304348],[37.63704,55.1289039],[37.6412102,55.1282158],[37.6451209,55.1278955],[37.6453965,55.1297166],[37.6454664,55.1304263],[37.6455629,55.1318892],[37.6667374,55.130741],[37.6702488,55.130808],[37.6761087,55.1303979],[37.6910279,55.1294098],[37.7103042,55.127967],[37.7100986,55.1298263],[37.709844,55.1324672],[37.7094939,55.1352339],[37.7094676,55.1365891],[37.7096482,55.1386499],[37.7095371,55.1419767],[37.7095356,55.1455617],[37.7126057,55.1460087],[37.7178338,55.1485114],[37.7169865,55.1511166],[37.7165628,55.1518536],[37.7151743,55.154166],[37.7168114,55.1553922],[37.7178319,55.1573825],[37.7226249,55.1574076],[37.7266521,55.1570975],[37.7272462,55.1570818],[37.7291503,55.1573414],[37.7317458,55.1573623],[37.7341463,55.1565993],[37.7364487,55.1559098],[37.7391534,55.1550364],[37.7441144,55.1553673],[37.7451911,55.1562036],[37.749359,55.1559394],[37.7585735,55.1553947],[37.7631946,55.1550577],[37.7663522,55.1549415],[37.7691907,55.1528034],[37.7671586,55.1519315],[37.7650196,55.1511793],[37.7637497,55.1517251],[37.7602382,55.1480421],[37.7669551,55.1487854],[37.7678598,55.1486884],[37.7714112,55.1484086],[37.772653,55.1476456],[37.7773934,55.1467717],[37.7767473,55.1453127],[37.7741574,55.144528],[37.7737124,55.143298],[37.7733768,55.1423707],[37.7737035,55.1417112],[37.7775582,55.1387689],[37.7776073,55.1387533],[37.7822136,55.1372865],[37.7853957,55.1371905],[37.7859219,55.1371208],[37.7892992,55.1360613],[37.7926672,55.1349304],[37.7942683,55.13445],[37.7949924,55.1349603],[37.8029481,55.1326551],[37.8067077,55.1322978],[37.8088986,55.1314448],[37.8111436,55.1314038],[37.8131402,55.1312227],[37.8147718,55.1299169],[37.8157792,55.1286596],[37.8167495,55.1283763],[37.8179285,55.1287856],[37.8196501,55.1281275],[37.8206735,55.1277964],[37.8217593,55.1274956],[37.8225763,55.1272745],[37.8232724,55.1270618],[37.8261224,55.1265444],[37.8274825,55.126323],[37.8305207,55.1243309],[37.832794,55.1259665],[37.8306667,55.1268163],[37.8319502,55.1292083],[37.8335015,55.1315678],[37.8343312,55.1330083],[37.8355444,55.1332672],[37.8387043,55.1338733],[37.8388484,55.1340485],[37.8394423,55.13465],[37.8400361,55.1352514],[37.8408528,55.1360254],[37.8404477,55.1370756],[37.8400424,55.1381258],[37.8398252,55.1387334],[37.8369076,55.1385361],[37.8351059,55.1402463],[37.8349374,55.1404394],[37.8352514,55.1417121],[37.8355654,55.1429848],[37.8355893,55.1431382],[37.835613,55.1432917],[37.8355067,55.1440127],[37.8361811,55.1451528],[37.834466,55.1461975],[37.831679,55.1484256],[37.8314193,55.1501861],[37.8307239,55.1506514],[37.8300284,55.1511167],[37.8275356,55.1526607],[37.826284,55.1540612],[37.8254833,55.155494],[37.826594,55.1570815],[37.8276587,55.1568407],[37.8290103,55.1565473],[37.8293588,55.1569039],[37.8332017,55.1556677],[37.8326498,55.1547327],[37.8316132,55.1532599],[37.8340534,55.1530204],[37.8359878,55.1528804],[37.8374593,55.152792],[37.8401429,55.1530767],[37.8416336,55.1557244],[37.8458992,55.1569134],[37.8465133,55.1572654],[37.8468412,55.1574414],[37.8491091,55.1574773],[37.8509642,55.1590384],[37.8513998,55.1596571],[37.8520133,55.1628018],[37.8524204,55.1642933],[37.8531718,55.1658187],[37.8539231,55.167344],[37.8555865,55.166734],[37.8580257,55.1667059],[37.859358,55.1668124],[37.8603096,55.1672694],[37.8608462,55.1675271],[37.8622944,55.1682681],[37.8623863,55.1686377],[37.8622964,55.1692274],[37.8634925,55.1692603],[37.8643428,55.1670727],[37.8661098,55.1661198],[37.8670661,55.1656302],[37.8680249,55.1656327],[37.8686884,55.1658036],[37.8693315,55.165006],[37.8695732,55.1647682],[37.8699428,55.1643818],[37.8703663,55.1644228],[37.8705904,55.1639212],[37.870575,55.1631756],[37.8711672,55.162499],[37.8707603,55.1622268],[37.8725832,55.1609571],[37.874501,55.1613154],[37.8758057,55.1603272],[37.8770664,55.1591579],[37.8754281,55.1586568],[37.8763121,55.1571504],[37.8759308,55.1561454],[37.8749958,55.1554243],[37.8738348,55.1547967],[37.8730424,55.1543276],[37.8750869,55.1532011],[37.8757605,55.1530833],[37.8782809,55.1547326],[37.8795368,55.1548506],[37.8801994,55.1539467],[37.8795344,55.1531905],[37.8814133,55.1523666],[37.8843653,55.1531925],[37.8855978,55.1544421],[37.8870783,55.1558556],[37.8887264,55.155129],[37.8899517,55.1561552],[37.8941109,55.1547131],[37.8934581,55.1529684],[37.8931519,55.1512959],[37.8931904,55.1507011],[37.8951295,55.1503558],[37.8944811,55.1508943],[37.8949487,55.1522542],[37.8962946,55.1533221],[37.8971863,55.1538065],[37.8987519,55.1533038],[37.8989556,55.1535416],[37.899193,55.1534615],[37.9016524,55.1526483],[37.9037294,55.1519798],[37.9057697,55.1513643],[37.9068844,55.151654],[37.9079923,55.1518696],[37.9039303,55.1532952],[37.9047591,55.1541121],[37.9095971,55.1524926],[37.9088932,55.1546889],[37.9085581,55.1549837],[37.9089525,55.1564671],[37.9089347,55.1571179],[37.9090389,55.1584276],[37.9111803,55.1587704],[37.9128278,55.1591411],[37.9164062,55.1591716],[37.9210063,55.1621906],[37.9216222,55.1625791],[37.9224478,55.1631705],[37.922885,55.1634591],[37.9237977,55.1638358],[37.9244592,55.1655553],[37.926301,55.1655344],[37.9262033,55.167131],[37.9262385,55.1687075],[37.9274717,55.1682103],[37.9313917,55.1685549],[37.9317336,55.1690502],[37.9325913,55.168904],[37.9340266,55.1683553],[37.9355211,55.1675664],[37.9372468,55.1666483],[37.9387215,55.1667759],[37.9379593,55.1683547],[37.9385679,55.1685894],[37.9373922,55.1701219],[37.9360897,55.170813],[37.9358301,55.1711859],[37.9350225,55.1719927],[37.9348527,55.1724277],[37.9339937,55.173453],[37.9332782,55.1744731],[37.9327776,55.1753218],[37.9314515,55.1779929],[37.9302375,55.1814702],[37.9272825,55.1895369],[37.9262592,55.1892156],[37.9264119,55.188193],[37.9253536,55.1875492],[37.9232944,55.1886725],[37.9214723,55.1882401],[37.9211415,55.1885778],[37.9167106,55.1867424],[37.9143361,55.184288],[37.9127047,55.1846381],[37.9118732,55.1859109],[37.9118532,55.1871146],[37.9112916,55.1884267],[37.9109069,55.1891803],[37.9122388,55.1908322],[37.9121417,55.190867],[37.9124882,55.1912627],[37.912709,55.1914724],[37.9134734,55.1919927],[37.9132423,55.1922187],[37.9124105,55.1929297],[37.9138096,55.1941723],[37.9142576,55.1944226],[37.9142537,55.1946059],[37.912983,55.1955927],[37.9109678,55.1960124],[37.9102748,55.1960718],[37.9085937,55.1959732],[37.908296,55.1961509],[37.9092317,55.1982021],[37.9079375,55.1986495],[37.907652,55.1987482],[37.9053934,55.1989216],[37.9044268,55.1990486],[37.9017117,55.1994558],[37.901463,55.1994302],[37.9014622,55.1994439],[37.9014501,55.1996592],[37.9006176,55.1998346],[37.9000695,55.2002941],[37.8995216,55.2007536],[37.899253,55.2007933],[37.8989545,55.2008374],[37.8985251,55.2008561],[37.8976169,55.2008909],[37.8979575,55.2031385],[37.8983305,55.2031745],[37.8992983,55.2033541],[37.9022186,55.2041308],[37.9040163,55.2045662],[37.9038209,55.205906],[37.903746,55.2064193],[37.9037401,55.2064599],[37.9047668,55.2070128],[37.9057834,55.2076064],[37.9077745,55.2088423],[37.9069915,55.2098138],[37.9074558,55.2110356],[37.9080648,55.211745],[37.908228,55.2119558],[37.9092989,55.2124653],[37.9087235,55.2132088],[37.9085971,55.2134219],[37.9083795,55.2139858],[37.909342,55.2143056],[37.9103046,55.2146253],[37.9114446,55.2140964],[37.9114886,55.214076],[37.913896,55.2134914],[37.9140257,55.2135542],[37.9143655,55.2136301],[37.915302,55.2138325],[37.9152479,55.2140208],[37.9144981,55.2154484],[37.9135115,55.2173807],[37.9126946,55.2191146],[37.912125,55.2190519],[37.9117847,55.2190144],[37.9118729,55.2186445],[37.9120437,55.2184306],[37.909978,55.2180627],[37.9096633,55.2180843],[37.9062737,55.2186281],[37.9067149,55.2194123],[37.9027158,55.2194917],[37.9010748,55.2202987],[37.901358,55.2209874],[37.8995399,55.2215126],[37.9006404,55.2225505],[37.9005497,55.2230906],[37.8999327,55.2231483],[37.9014752,55.2245886],[37.9037069,55.2262837],[37.9054621,55.2270756],[37.9082492,55.2274612],[37.9093449,55.2277967],[37.9098051,55.2279694],[37.9107524,55.2283248],[37.9116672,55.2286206],[37.9075928,55.2417063],[37.9120372,55.2413786],[37.9164817,55.2410509],[37.9177902,55.2409376],[37.9183672,55.2409179],[37.9202249,55.2370113],[37.9216292,55.2374938],[37.92707,55.2374702],[37.9291737,55.2370298],[37.9353754,55.2353371],[37.942088,55.2340858],[37.9436398,55.2321642],[37.9455613,55.2296223],[37.9385244,55.2286231],[37.9380003,55.2280803],[37.9363999,55.2271897],[37.9339963,55.2262028],[37.9318339,55.2226392],[37.9328555,55.2226354],[37.9340651,55.2216777],[37.9374319,55.2209205],[37.9412369,55.2204274],[37.9419954,55.219881],[37.9426746,55.2190758],[37.9433896,55.2181848],[37.9441479,55.2170141],[37.9424093,55.2166825],[37.9415058,55.2144052],[37.9411321,55.2137623],[37.9422613,55.2131844],[37.9434417,55.2126019],[37.9457709,55.2111453],[37.9458299,55.2111084],[37.9468971,55.2113463],[37.9495342,55.2117124],[37.9531937,55.2121645],[37.9537324,55.212231],[37.9546493,55.2122885],[37.9553649,55.2121313],[37.9581375,55.2106083],[37.961027,55.2113232],[37.974136,55.2139131],[37.9753497,55.2140105],[37.9786252,55.2146495],[37.9788176,55.2152283],[37.9794171,55.2151895],[37.9801251,55.2156284],[37.9812665,55.2157473],[37.9823667,55.2170973],[37.9830094,55.218018],[37.9840662,55.2184255],[37.985604,55.2180991],[37.9865005,55.2194865],[37.9838016,55.2225898],[37.9872797,55.2227255],[37.9877573,55.2222465],[37.9901171,55.2227977],[37.9989568,55.224713],[38.0018974,55.2253999],[38.0063213,55.2264082],[38.0076352,55.2266902],[38.0122048,55.227807],[38.0120814,55.2299929],[38.0119682,55.2319981],[38.0118937,55.2327289],[38.0119284,55.2329873],[38.0119344,55.2330316],[38.0120089,55.2335867],[38.0136592,55.2362132],[38.0155811,55.2350322],[38.0156932,55.2345298],[38.014973,55.233971],[38.015752,55.2335027],[38.0240657,55.2333437],[38.0256252,55.2347385],[38.0299031,55.2347317],[38.0344815,55.2357364],[38.0350776,55.2343613],[38.0399839,55.2316107],[38.0409135,55.2310415],[38.0449735,55.2320544],[38.0504217,55.2320642],[38.0543659,55.2351821],[38.0553692,55.2351565],[38.0566377,55.2365647],[38.0572639,55.2372697],[38.0581824,55.2390518],[38.0590678,55.2397738],[38.0595462,55.2405756],[38.0601645,55.2408491],[38.0601629,55.2413663],[38.0609851,55.2415477],[38.0609477,55.2420022],[38.0617851,55.2424654],[38.0613874,55.2430254],[38.0620337,55.2433302],[38.0618655,55.2436961],[38.0625521,55.2439304],[38.0625399,55.2446981],[38.0637257,55.2446563],[38.0640597,55.2449294],[38.0647358,55.2447207],[38.065668,55.2448711],[38.0657076,55.2454395],[38.0663143,55.2455599],[38.0670355,55.2455009],[38.0672157,55.2457403],[38.067638,55.2457279],[38.067911,55.2452394],[38.0687108,55.2448456],[38.0701605,55.2451868],[38.0706097,55.2449262],[38.0708738,55.245097],[38.071809,55.2449937],[38.0728442,55.2447907],[38.0732714,55.245001],[38.0742983,55.2455971],[38.0752165,55.2455978],[38.0757973,55.24576],[38.0757523,55.2464108],[38.0759803,55.2467319],[38.0752853,55.2473975],[38.0756945,55.2479066],[38.0765854,55.2480894],[38.0763433,55.2484845],[38.0766069,55.2488934],[38.0772096,55.2490071],[38.0776542,55.2493872],[38.0782345,55.2493894],[38.0785246,55.2501336],[38.07917,55.2500555],[38.0795014,55.2502004],[38.079123,55.2508659],[38.0802263,55.250974],[38.0806162,55.2520671],[38.081203,55.2519693],[38.0814213,55.2524582],[38.0823492,55.2528428],[38.0833186,55.2527549],[38.0837485,55.2529031],[38.0842116,55.252748],[38.0845075,55.2522213],[38.085308,55.2526628],[38.0869835,55.25239],[38.0879951,55.251934],[38.0889761,55.2519749],[38.089411,55.2523405],[38.0906025,55.2526585],[38.0915554,55.2526999],[38.092529,55.2524729],[38.0934505,55.2529071],[38.0965113,55.2532793],[38.0973549,55.2530657],[38.0977507,55.2536033],[38.0992827,55.2534759],[38.0999229,55.2537209],[38.1040174,55.2545357],[38.1049938,55.2547039],[38.107225,55.2548249],[38.1072244,55.2549575],[38.1055601,55.2571216],[38.1045762,55.2589388],[38.1050753,55.2601602],[38.1052876,55.2610852],[38.1079664,55.2620556],[38.1107183,55.2627199],[38.1111543,55.2645503],[38.1112897,55.2672296],[38.1112923,55.2673714],[38.1113092,55.2683047],[38.1110036,55.2686077],[38.1090446,55.2705501],[38.1089815,55.2706127],[38.1089228,55.270671],[38.1074545,55.2725663],[38.1058322,55.2746522],[38.1056998,55.2754736],[38.1063826,55.2763008],[38.1069953,55.2773299],[38.108679,55.278891],[38.1094219,55.2799862],[38.1104793,55.2811164],[38.1117312,55.2828301],[38.1127656,55.2841641],[38.1132018,55.2853135],[38.113369,55.2858736],[38.1154242,55.28763],[38.1153823,55.2891707],[38.1175776,55.2922841],[38.1182976,55.2937135],[38.1202094,55.2947357],[38.1207634,55.2955712],[38.1198533,55.2955083],[38.1190261,55.2956758],[38.1169712,55.2969375],[38.1132738,55.2981358],[38.1110296,55.2986682],[38.1095904,55.2987172],[38.1075608,55.2981718],[38.106909,55.2978988],[38.1062723,55.2975849],[38.1044161,55.2976083],[38.102445,55.2976217],[38.1008755,55.2975002],[38.0991402,55.2977861],[38.0982141,55.2975986],[38.0974078,55.2977661],[38.0960497,55.2973538],[38.0959463,55.2974822],[38.0957973,55.2979286],[38.095643,55.2988971],[38.0963346,55.2994931],[38.0964573,55.2996029],[38.096576,55.299704],[38.0983176,55.3002029],[38.0988772,55.3018601],[38.1004445,55.3042433],[38.1010693,55.3049453],[38.1026227,55.3072049],[38.1048013,55.3101664],[38.1024919,55.3101737],[38.0983732,55.3101757],[38.0961438,55.310281],[38.095985,55.3102879],[38.0911085,55.3104822],[38.087226,55.3106481],[38.0851202,55.3107977],[38.0857681,55.3132392],[38.0869547,55.3159447],[38.0839715,55.3159961],[38.0810165,55.3162055],[38.0785825,55.3164508],[38.0787076,55.3155245],[38.0787112,55.3154984],[38.078811,55.3147873],[38.0783295,55.3145301],[38.0774413,55.3140249],[38.0764577,55.3140143],[38.0763904,55.3135064],[38.0765848,55.3120013],[38.0764799,55.3105875],[38.0757623,55.3099803],[38.0728708,55.3067015],[38.0701407,55.3055557],[38.069562,55.3047109],[38.0661168,55.3052093],[38.0630839,55.3053397],[38.0620198,55.305302],[38.0584875,55.305965],[38.0575372,55.3049619],[38.049018,55.3020727],[38.045853,55.3036948],[38.0411484,55.3022869],[38.0389594,55.3015209],[38.0371591,55.300728],[38.0322773,55.2992643],[38.0310373,55.29879],[38.0345251,55.3094835],[38.0289428,55.3100201],[38.0212284,55.3107222],[38.0206853,55.3124948],[38.0112245,55.31444],[38.0103977,55.3145771],[38.0090259,55.31671],[38.0076049,55.3175136],[38.0004111,55.3186115],[37.9958673,55.3192864],[37.9940556,55.3207869],[37.9934995,55.3208303],[37.9932264,55.3233952],[37.9933707,55.3238626],[37.9940055,55.3260528],[37.9950669,55.3260323],[37.9971059,55.327522],[37.9983802,55.3295704],[37.9995842,55.3311741],[38.0015232,55.3322822],[38.0024341,55.3328027],[38.0037561,55.33274],[38.0035294,55.3317823],[38.0024953,55.3304127],[38.0017704,55.3294913],[38.0008152,55.3286829],[37.9998835,55.3279344],[38.0036415,55.3278813],[38.0091864,55.3277918],[38.0098744,55.3300292],[38.0090295,55.3305824],[38.0092356,55.3316938],[38.0116745,55.333236],[38.0144586,55.3336748],[38.0150168,55.3347482],[38.0159261,55.3364957],[38.0162939,55.3371398],[38.0164666,55.3371942],[38.0165842,55.3372825],[38.016627,55.3374102],[38.0165855,55.3375347],[38.0164793,55.3376816],[38.0163137,55.3378284],[38.0161978,55.3379553],[38.0161912,55.3380743],[38.0163277,55.3382335],[38.0164111,55.3382962],[38.0166137,55.3383309],[38.0168366,55.3383317],[38.0171053,55.3382535],[38.0173158,55.3380814],[38.0174219,55.3379487],[38.0177264,55.3377997],[38.0180302,55.3376904],[38.0182039,55.3376655],[38.0183328,55.3376631],[38.0184961,55.3376724],[38.018669,55.3377127],[38.0188614,55.3377672],[38.019034,55.337833],[38.0192404,55.3379415],[38.019329,55.3379957],[38.0197191,55.3380849],[38.0200409,55.3380947],[38.0202742,55.3380786],[38.0204683,55.3380198],[38.0205837,55.3379183],[38.0206348,55.3378051],[38.0205731,55.3376151],[38.0205204,55.3374987],[38.0205521,55.3373572],[38.0206382,55.3372215],[38.0208631,55.3370949],[38.0213223,55.3368501],[38.0217955,55.3366819],[38.0221387,55.3365868],[38.0224659,55.3365711],[38.0227435,55.3365721],[38.022936,55.3366239],[38.0233168,55.3366735],[38.0235948,55.3366264],[38.023814,55.3365479],[38.023994,55.3364324],[38.0242251,55.3362123],[38.0243604,55.3361079],[38.0245543,55.3360577],[38.0247427,55.33605],[38.0250348,55.3360708],[38.0252025,55.3361281],[38.0253937,55.3362733],[38.0255104,55.3364296],[38.0256219,55.3365944],[38.025739,55.3367365],[38.0259057,55.3368448],[38.0261622,55.3369364],[38.0263054,55.3369624],[38.0264642,55.3369545],[38.0266986,55.3368506],[38.026904,55.3366842],[38.0270457,55.336475],[38.0270626,55.3363363],[38.0271691,55.3361582],[38.0271612,55.336025],[38.0271283,55.3358946],[38.0272036,55.3358212],[38.0271905,55.3356937],[38.0272458,55.3356401],[38.0274504,55.3355444],[38.027689,55.3354859],[38.0281219,55.3353628],[38.0285688,55.335288],[38.0295148,55.33496],[38.0298742,55.3347687],[38.0307188,55.3338964],[38.0308255,55.3337155],[38.0309458,55.3336055],[38.0313101,55.3334226],[38.0315294,55.3333299],[38.0317878,55.333277],[38.032164,55.3333012],[38.0324313,55.3333248],[38.0326684,55.3333681],[38.0329646,55.3334401],[38.0332473,55.3334242],[38.0335457,55.3333431],[38.0337655,55.3332108],[38.0338572,55.3330439],[38.0338448,55.3328597],[38.0337346,55.3325816],[38.0336475,55.3324424],[38.0336343,55.3323291],[38.0337297,55.3322246],[38.033849,55.3321939],[38.0339293,55.3321291],[38.0341045,55.3320107],[38.034195,55.3319061],[38.0343491,55.3318643],[38.0346267,55.3318511],[38.0349532,55.3318977],[38.0353985,55.3319362],[38.0357939,55.3320027],[38.0360254,55.3321113],[38.036157,55.3322591],[38.0364029,55.3323903],[38.0366547,55.3324451],[38.0370312,55.3324549],[38.0373137,55.3324418],[38.0377257,55.3323951],[38.038014,55.3323282],[38.0382835,55.3321819],[38.0385637,55.3319789],[38.0388633,55.3318099],[38.0390475,55.3317484],[38.0392256,55.3317716],[38.0394436,55.3317523],[38.0393012,55.3319157],[38.0408639,55.3320761],[38.0409201,55.3321121],[38.0428287,55.333846],[38.0434476,55.3344091],[38.0419013,55.3350007],[38.0388181,55.3360672],[38.04009,55.3373354],[38.0430719,55.3408046],[38.0439342,55.3434271],[38.0440753,55.3439234],[38.0446178,55.3455507],[38.0479496,55.3459701],[38.0481356,55.3465582],[38.0488448,55.3466579],[38.050032,55.3468334],[38.0529065,55.3476155],[38.052732,55.3493078],[38.0527043,55.3495754],[38.0546249,55.3508765],[38.0560318,55.3518628],[38.0591213,55.3542911],[38.0552056,55.3567522],[38.0528161,55.3588767],[38.0518916,55.3596522],[38.0517935,55.3596856],[38.0483951,55.3627519],[38.0464265,55.364456],[38.0457319,55.3649786],[38.0448828,55.3654114],[38.0434128,55.3660814],[38.0387379,55.368066],[38.030311,55.377347],[38.0243643,55.3778573],[38.0225832,55.3782139],[38.0210206,55.3787217],[38.0144387,55.3812966],[38.0098703,55.3795755],[38.0092721,55.3793501],[38.0082721,55.3775634],[38.0045074,55.3775999],[38.0050197,55.3789512],[38.0058994,55.382647],[38.0044587,55.3837637],[38.0012308,55.3851244],[37.9996693,55.3852858],[37.9969233,55.3839395],[37.9945107,55.385257],[37.992315,55.3860835],[37.9915501,55.3872268],[37.9944199,55.3897642],[37.999116,55.3896199],[38.0003758,55.3908412],[38.0008511,55.3912948],[37.9965717,55.3924827],[37.9917212,55.3970617],[37.9908616,55.3991057],[37.9882939,55.3996997],[37.9879532,55.4029912],[37.9864978,55.4046605],[37.9857665,55.4056385],[37.9863308,55.4072462],[37.9861368,55.4095743],[37.9868618,55.4115678],[37.9853393,55.4122696],[37.9861436,55.4135155],[37.9857776,55.414374],[37.9841587,55.4144072],[37.983695,55.4143558],[37.9768609,55.4145865],[37.9761976,55.4142253],[37.9681344,55.4109323],[37.9651112,55.4106512],[37.9604619,55.4100404],[37.9604479,55.409214],[37.958164,55.408378],[37.9562141,55.4099285],[37.95306,55.4088025],[37.9525957,55.4094273],[37.9516619,55.4108127],[37.9493161,55.4127954],[37.9461923,55.4122801],[37.9448268,55.4132486],[37.9467996,55.4150557],[37.9423225,55.4170783],[37.9396964,55.4185779],[37.9373962,55.4184197],[37.935239,55.4165219],[37.9361221,55.4154665],[37.9318017,55.4142177],[37.9308075,55.4153739],[37.9327191,55.4168601],[37.9321988,55.4192961],[37.9312925,55.4222886],[37.9298441,55.4220419],[37.9280993,55.4234676],[37.9300692,55.4254336],[37.9305529,55.4272366],[37.9298326,55.4304043],[37.9305302,55.4317916],[37.9307273,55.4319066],[37.9314089,55.4319097],[37.9320217,55.4318097],[37.93381,55.4310703],[37.9353427,55.4316363],[37.9406985,55.4351469],[37.9461464,55.4353096],[37.9511715,55.434883],[37.9559119,55.4345835],[37.9592878,55.4343677],[37.9613487,55.4351181],[37.9621706,55.4354173],[37.9628805,55.4356043],[37.9636359,55.4359856],[37.9644724,55.4375248],[37.9653042,55.4383208],[37.9653308,55.4396088],[37.9640755,55.4400988],[37.9629054,55.4418358],[37.9622865,55.4436246],[37.9631716,55.4436779],[37.9635751,55.4461315],[37.9629727,55.4466491],[37.9633431,55.4473133],[37.9633414,55.4474452],[37.9628356,55.447641],[37.9616917,55.4478121],[37.9590898,55.4482711],[37.9587885,55.4485773],[37.9582163,55.448476],[37.9576064,55.4484813],[37.9572303,55.4487661],[37.9564689,55.4491071],[37.9558554,55.4491554],[37.9548172,55.4488439],[37.9540298,55.4487644],[37.9537741,55.4488586],[37.9536432,55.449391],[37.954309,55.4497585],[37.954505,55.4500842],[37.9543945,55.4502634],[37.9540016,55.4504292],[37.9536049,55.4505779],[37.9537939,55.4509503],[37.9529287,55.4515],[37.9528199,55.4517077],[37.9530674,55.4519865],[37.9531591,55.4521828],[37.9531684,55.4523873],[37.9530502,55.4525839],[37.9524674,55.4529407],[37.9517617,55.4532387],[37.9518852,55.453516],[37.9523562,55.4540266],[37.952384,55.4540568],[37.9522618,55.4543507],[37.9520165,55.4544491],[37.9509385,55.4546985],[37.9505966,55.4550164],[37.9502552,55.4550693],[37.9495406,55.4546309],[37.9488827,55.4546442],[37.9480701,55.4549604],[37.9479077,55.4551542],[37.9479572,55.4556042],[37.9486215,55.4558385],[37.9485427,55.4560148],[37.9480347,55.4562404],[37.9471848,55.4564772],[37.9467784,55.4564847],[37.9465477,55.4565897],[37.9466839,55.4567549],[37.9474261,55.4568974],[37.9476494,55.4570562],[37.9476575,55.4571572],[37.9476771,55.4574016],[37.9471911,55.4577695],[37.9479268,55.4578921],[37.9483274,55.4577625],[37.9487996,55.4578887],[37.9488298,55.4580509],[37.9484722,55.4583829],[37.9486376,55.4586254],[37.9488209,55.45877],[37.949129,55.458909],[37.9495377,55.4590275],[37.9498665,55.4591801],[37.9499629,55.4593512],[37.9496909,55.4595584],[37.9498682,55.4597145],[37.9500722,55.4598549],[37.9499032,55.4600205],[37.9495843,55.460054],[37.9497569,55.4602278],[37.9500076,55.4603436],[37.949718,55.4605323],[37.9494013,55.4605012],[37.9490965,55.4605302],[37.9493158,55.4606748],[37.9496052,55.4607384],[37.949779,55.4609119],[37.9497869,55.4610351],[37.9497063,55.4612088],[37.9498973,55.4613609],[37.9511129,55.4619303],[37.9510118,55.4621005],[37.9511276,55.4622677],[37.9511744,55.4624454],[37.9508583,55.4624422],[37.9505738,55.4623638],[37.9500844,55.4621752],[37.9497791,55.4621284],[37.9492124,55.4630137],[37.9489903,55.4632209],[37.9487405,55.4633311],[37.9484321,55.4632916],[37.9483322,55.4629093],[37.9478669,55.4631525],[37.9475655,55.4632067],[37.947226,55.4633586],[37.9471153,55.4635268],[37.9473325,55.4637604],[37.9473798,55.463938],[37.9472062,55.4640882],[37.9470415,55.4644318],[37.9468898,55.4645894],[37.9465472,55.464857],[37.9465424,55.4652093],[37.9467576,55.4653409],[37.9471786,55.4654294],[37.9474052,55.4657564],[37.9476987,55.4658233],[37.9484295,55.4657105],[37.9487429,55.4657339],[37.9489671,55.4658607],[37.9488983,55.4660361],[37.9482029,55.4662914],[37.9482136,55.4665024],[37.9480651,55.4668305],[37.9481801,55.4673136],[37.9479265,55.4678197],[37.9473127,55.468073],[37.9458785,55.4677447],[37.945543,55.4678423],[37.9454524,55.468584],[37.9456227,55.4692623],[37.9453431,55.4697072],[37.9456674,55.4699061],[37.9456149,55.4703018],[37.9461144,55.4705141],[37.9460691,55.4710142],[37.9461791,55.4712563],[37.9467363,55.4714676],[37.9468176,55.4716246],[37.9464139,55.4719192],[37.9457703,55.472084],[37.9449805,55.4716845],[37.9441003,55.4716443],[37.9431461,55.4713851],[37.9426264,55.4717155],[37.9421664,55.4720486],[37.9421788,55.4727032],[37.9423019,55.4729506],[37.9420487,55.4731434],[37.9420231,55.4732987],[37.9422462,55.4733993],[37.942525,55.4733459],[37.9426828,55.4733685],[37.9430841,55.4735645],[37.9433424,55.4735936],[37.9436043,55.4735158],[37.9439878,55.473305],[37.9442337,55.4733],[37.9445455,55.4737956],[37.9447778,55.4739982],[37.944957,55.474033],[37.9452076,55.4739892],[37.9455052,55.4734938],[37.9457393,55.4734183],[37.9460419,55.4734792],[37.946493,55.4737981],[37.9466068,55.4739213],[37.9465326,55.474029],[37.9463804,55.4740696],[37.9460944,55.4740295],[37.9459368,55.4741393],[37.9464506,55.4742436],[37.9464894,55.4743761],[37.9462367,55.4747271],[37.9464273,55.4751797],[37.9474784,55.4749099],[37.9477725,55.4749889],[37.9479971,55.4757671],[37.9478503,55.4761204],[37.9479478,55.4762501],[37.9490498,55.4763424],[37.9495695,55.4764783],[37.9494518,55.4769984],[37.9481912,55.4772405],[37.9464122,55.4770557],[37.9452899,55.4771645],[37.9440924,55.4771296],[37.9437043,55.4772028],[37.9431001,55.4774963],[37.9415492,55.4785157],[37.9411957,55.4784653],[37.9408902,55.4784326],[37.9395591,55.4788177],[37.9385074,55.4792716],[37.937017,55.4798721],[37.9365733,55.4796153],[37.9354197,55.4790083],[37.9346581,55.4786076],[37.932405,55.4775378],[37.9317604,55.4773444],[37.9297206,55.4767511],[37.9288032,55.4767276],[37.9278851,55.4764339],[37.9258597,55.475886],[37.9248288,55.475609],[37.923767,55.4755548],[37.9223611,55.4755063],[37.9223368,55.4751278],[37.920697,55.474914],[37.919529,55.4747617],[37.9203833,55.4740424],[37.9219034,55.4743773],[37.9234635,55.4739808],[37.9241864,55.4741691],[37.9247243,55.4738184],[37.9209613,55.4719174],[37.920263,55.4707105],[37.9195989,55.4709108],[37.9192581,55.4705231],[37.9192325,55.4691835],[37.9207432,55.4671926],[37.922697,55.4646836],[37.9233771,55.4638611],[37.922649,55.4629538],[37.9223594,55.4629779],[37.9151654,55.463243],[37.9147837,55.4641672],[37.9135847,55.4647574],[37.9127632,55.464322],[37.9120968,55.4639698],[37.9100538,55.4629292],[37.9074615,55.4618864],[37.9058653,55.461716],[37.9048778,55.4616105],[37.9047605,55.4616913],[37.9047016,55.4618576],[37.9011513,55.4648601],[37.8994862,55.4674722],[37.8964388,55.471851],[37.9005824,55.4730018],[37.9001977,55.4734574],[37.9027482,55.4740531],[37.9036893,55.4726938],[37.9046876,55.472517],[37.9069163,55.4722927],[37.9084694,55.4722953],[37.9126464,55.4724016],[37.9132292,55.4724284],[37.9136785,55.4724463],[37.9152768,55.4724661],[37.9134225,55.4735114],[37.9129852,55.4745755],[37.9139135,55.474847],[37.9110786,55.4749185],[37.9109292,55.4765626],[37.9089055,55.4764939],[37.9075281,55.4779318],[37.9084704,55.4784701],[37.9046845,55.4824374],[37.9059036,55.4830534],[37.9041821,55.4845957],[37.9047192,55.4849061],[37.9033326,55.485325],[37.901418,55.4865539],[37.8997678,55.4870883],[37.8978857,55.4879206],[37.8968595,55.4884303],[37.8989318,55.489719],[37.9003068,55.4901383],[37.9030751,55.4907459],[37.9052707,55.4907398],[37.9089329,55.4908579],[37.9088851,55.4912874],[37.9091237,55.4927115],[37.9091365,55.4928756],[37.9075507,55.4929341],[37.9055551,55.4931642],[37.9036403,55.4938403],[37.9027701,55.4946783],[37.9022887,55.4977388],[37.9020132,55.4986704],[37.8994757,55.5011564],[37.899108,55.5024136],[37.8995638,55.5060069],[37.8985242,55.5084725],[37.897024,55.5095282],[37.8944666,55.5103085],[37.8917444,55.5109246],[37.888467,55.5116664],[37.886602,55.5118513],[37.8843393,55.5128392],[37.8823953,55.5134324],[37.8802463,55.5136241],[37.8801891,55.5142698],[37.8798972,55.5150444],[37.8799579,55.5157732],[37.879486,55.5169535],[37.8791696,55.517662],[37.8789859,55.518726],[37.8793097,55.5208618],[37.8790315,55.5215891],[37.8789847,55.5218027],[37.8782092,55.5222434],[37.8762711,55.5228265],[37.8761942,55.5231141],[37.8745266,55.5230732],[37.8743192,55.5243146],[37.8724478,55.5243138],[37.8723216,55.523079],[37.871801,55.523069],[37.8704405,55.5230429],[37.867768,55.5229911],[37.8673808,55.5217632],[37.8676176,55.5214599],[37.8668284,55.5207262],[37.8679011,55.5200587],[37.8670736,55.5194685],[37.8662637,55.5180142],[37.8647178,55.5176199],[37.8644319,55.5176272],[37.8626488,55.5177],[37.8612834,55.5184732],[37.8580639,55.5176911],[37.856566,55.5174133],[37.8562394,55.5173694],[37.8549849,55.5169798],[37.8516188,55.5173311],[37.8507054,55.5170686],[37.8476699,55.5160867],[37.8474847,55.5160433],[37.8488291,55.5149837],[37.8507721,55.5133957],[37.8515156,55.5123739],[37.8518656,55.5123908],[37.8521326,55.5122749],[37.8522835,55.5120113],[37.8531494,55.5111279],[37.8539418,55.5100771],[37.8547272,55.509032],[37.8555859,55.5080376],[37.8555822,55.5079377],[37.8554213,55.50788],[37.8551584,55.5078648],[37.8548902,55.507839],[37.8535593,55.5075369],[37.8523774,55.507375],[37.8514777,55.5072881],[37.8524896,55.5063974],[37.8496259,55.5053497],[37.8486167,55.5061079],[37.8460733,55.505148],[37.8453875,55.5048972],[37.8451409,55.5049809],[37.8431215,55.5056138],[37.8410283,55.5061168],[37.8387467,55.507999],[37.8395303,55.5083069],[37.841231,55.5085764],[37.8434658,55.5083781],[37.8445412,55.5076619],[37.8448108,55.5067377],[37.8452402,55.5059048],[37.8470502,55.5064174],[37.8473346,55.506849],[37.8470375,55.5078513],[37.8460251,55.5097773],[37.8456167,55.5102004],[37.845084,55.5107522],[37.8447164,55.5111879],[37.8432046,55.5117707],[37.8368369,55.5127621],[37.8362763,55.5113371],[37.8360091,55.5113211],[37.8345775,55.5108833],[37.8342763,55.5111126],[37.8337069,55.5115954],[37.833218,55.5119771],[37.8321473,55.511642],[37.8310914,55.5127573],[37.8313838,55.5133012],[37.8316456,55.514011],[37.8313406,55.5150918],[37.8304054,55.514857],[37.8300704,55.5148687],[37.8300118,55.5152894],[37.8299815,55.5165464],[37.8287071,55.5163483],[37.8284627,55.5167489],[37.8271654,55.516364],[37.8263781,55.516155],[37.8268075,55.5156588],[37.8283316,55.5138978],[37.8272093,55.5109674],[37.8254532,55.5107183],[37.8233681,55.5117312],[37.8165336,55.5103841],[37.8178769,55.5093545],[37.8195329,55.5089741],[37.825244,55.5073652],[37.8261241,55.5070249],[37.8279852,55.5059669],[37.8267225,55.5038527],[37.8267745,55.5034751],[37.8265779,55.4987767],[37.8264336,55.4967021],[37.8262826,55.4946273],[37.8274889,55.4939134],[37.8289126,55.4931948],[37.8310873,55.4920601],[37.8320658,55.4916087],[37.832594,55.4905304],[37.8326464,55.4904813],[37.8330966,55.4900588],[37.8301605,55.4887431],[37.830131,55.4887299],[37.8274715,55.4877746],[37.8225824,55.4864127],[37.8216537,55.486154],[37.8188615,55.4849006],[37.8184755,55.4851104],[37.8181739,55.4853203],[37.8178717,55.4857834],[37.818556,55.4862921],[37.8196191,55.487088],[37.8190171,55.4877783],[37.815936,55.4880222],[37.8159472,55.4887318],[37.8154541,55.488659],[37.8129542,55.4883914],[37.8115291,55.4883711],[37.811381,55.4882953],[37.8110214,55.4888148],[37.8094982,55.4912592],[37.808585,55.49105],[37.8056599,55.4917218],[37.8029246,55.4914527],[37.8004085,55.4932967],[37.8001361,55.4936324],[37.7997515,55.4945524],[37.7982163,55.4942789],[37.7966827,55.4940865],[37.794602,55.4939746],[37.7929629,55.4942774],[37.7921351,55.4948508],[37.7929204,55.4957051],[37.7907686,55.496988],[37.7904983,55.498347],[37.7904456,55.4986949],[37.7888006,55.4993235],[37.7885438,55.4992873],[37.7849605,55.4987825],[37.783338,55.4991882],[37.7827759,55.4987495],[37.7826688,55.498487],[37.7814944,55.4973451],[37.7804999,55.497418],[37.7804957,55.4976579],[37.7799152,55.4977345],[37.7773947,55.4977599],[37.7761376,55.4976478],[37.7754432,55.498138],[37.7747244,55.4984753],[37.774357,55.498543],[37.7741128,55.4986546],[37.7738819,55.4986534],[37.7737427,55.4985391],[37.7735306,55.4985189],[37.772504,55.4986582],[37.7715088,55.4982597],[37.7710624,55.4984926],[37.7697662,55.4979906],[37.7699643,55.4978704],[37.7701955,55.4977113],[37.7703222,55.4976407],[37.7706652,55.4976016],[37.7717111,55.4968732],[37.7717391,55.4968402],[37.7726145,55.4962264],[37.7727133,55.4961387],[37.7733966,55.4956696],[37.7733294,55.495606],[37.7739663,55.4950806],[37.7723048,55.4940423],[37.7716642,55.4945944],[37.7710229,55.494215],[37.7709299,55.4941564],[37.7673489,55.495209],[37.7666871,55.4947492],[37.7674423,55.4941597],[37.7672361,55.4939611],[37.7647542,55.4932015],[37.763413,55.4942773],[37.7631515,55.4940729],[37.7630452,55.4940738],[37.7623266,55.4937525],[37.7621295,55.4931931],[37.7609755,55.4926429],[37.76078,55.4920102],[37.7619539,55.4886536],[37.7615373,55.4885294],[37.7595872,55.4881104],[37.7588706,55.4890174],[37.7582326,55.4896184],[37.7575616,55.4901464],[37.7561782,55.4902284],[37.7556939,55.4905485],[37.7544766,55.4919737],[37.7533941,55.4929835],[37.7506047,55.4926147],[37.7505005,55.4926129],[37.7441228,55.4925151],[37.7421819,55.4928831],[37.7415975,55.4937959],[37.7439069,55.4978222],[37.743789,55.4986599],[37.7437223,55.4991338],[37.7416968,55.5001205],[37.7367135,55.5006103],[37.7334292,55.4996986],[37.7326604,55.4984472],[37.7335363,55.4971276],[37.7326855,55.4963628],[37.7321398,55.4962104],[37.7303132,55.4957002],[37.7279304,55.4954905],[37.7279138,55.4957855],[37.727484,55.495878],[37.7271056,55.4958752],[37.7267904,55.4958583],[37.7247927,55.4957486],[37.7227606,55.4957023],[37.7224107,55.4956608],[37.7224068,55.4956696],[37.7223645,55.4957996],[37.7223115,55.4958846],[37.7222076,55.4959379],[37.7220839,55.495991],[37.7217323,55.4961774],[37.7216561,55.4962308],[37.7216436,55.4962623],[37.7216508,55.4962982],[37.7216935,55.4963388],[37.7218971,55.4964479],[37.7219166,55.4964614],[37.7219162,55.4964839],[37.7217786,55.4966358],[37.721766,55.4966806],[37.7217291,55.4967479],[37.7216484,55.4968326],[37.7215763,55.4968771],[37.7214688,55.4969213],[37.7213695,55.4969432],[37.7211239,55.4969551],[37.7209256,55.4969808],[37.7208339,55.4970073],[37.7207938,55.4970429],[37.7206971,55.4971366],[37.7206048,55.4972033],[37.7205289,55.4972433],[37.720286,55.4973271],[37.7202133,55.497403],[37.7201693,55.4974297],[37.720153,55.4974521],[37.7201379,55.4976181],[37.7201175,55.4976495],[37.7200537,55.497676],[37.7199968,55.4977565],[37.7199801,55.4978013],[37.7199398,55.4978505],[37.7198717,55.497886],[37.7196884,55.4979522],[37.7195611,55.4979918],[37.7194694,55.4980272],[37.719385,55.498085],[37.71925,55.4981201],[37.7191276,55.4981104],[37.7190562,55.4981189],[37.7189766,55.4981409],[37.7189131,55.4981539],[37.7188298,55.4981669],[37.7187619,55.4981979],[37.718714,55.4982201],[37.7186941,55.498229],[37.7186823,55.4982244],[37.7186705,55.4982198],[37.7186587,55.4982152],[37.7184866,55.4981153],[37.718388,55.4980923],[37.7183014,55.4980783],[37.7181668,55.498082],[37.7179963,55.4981033],[37.717818,55.4981201],[37.7173318,55.4980991],[37.7161368,55.4981186],[37.7151435,55.4981348],[37.7144276,55.4981303],[37.7126956,55.498097],[37.7114694,55.4980893],[37.7114575,55.4980892],[37.7113467,55.4978909],[37.7104485,55.4962863],[37.7104371,55.4962638],[37.7099823,55.495448],[37.7098326,55.495218],[37.709345,55.494465],[37.7092872,55.4943837],[37.7091972,55.4943217],[37.7083055,55.4938206],[37.7076166,55.493457],[37.7065638,55.4928709],[37.7058634,55.4924937],[37.7046309,55.4918122],[37.7035941,55.4912397],[37.7030929,55.490985],[37.7027837,55.4908124],[37.7024626,55.4906576],[37.7022354,55.4905439],[37.7022161,55.4905213],[37.7022204,55.4905034],[37.7022286,55.4904899],[37.7032046,55.4899348],[37.70357,55.4897187],[37.7042849,55.4893177],[37.7049653,55.4888995],[37.7051854,55.4887662],[37.7055698,55.4885261],[37.7058184,55.488357],[37.705644,55.4881627],[37.7054458,55.4879742],[37.7052618,55.4878659],[37.7050512,55.4877503],[37.7048542,55.4876443],[37.704781,55.4876049],[37.7034285,55.4868874],[37.7032463,55.4868271],[37.7027757,55.4866264],[37.7025861,55.4865024],[37.702579,55.4864502],[37.7026104,55.486383],[37.7029225,55.4862008],[37.7035957,55.4858093],[37.701404,55.483426],[37.6975872,55.4809],[37.692867,55.4799532],[37.6879986,55.4784356],[37.6878727,55.4774689],[37.6894034,55.4758071],[37.6895343,55.4750773],[37.6885742,55.4743941],[37.6847953,55.4740351],[37.6839247,55.4732369],[37.6843291,55.4722922],[37.686118,55.4711502],[37.6886931,55.4705698],[37.6905438,55.4699544],[37.6914995,55.4690401],[37.6915461,55.4681653],[37.6902733,55.4664151],[37.6895091,55.4646764],[37.6886541,55.4642044],[37.6873533,55.4642166],[37.6847493,55.465438],[37.6835121,55.4655373],[37.6814178,55.4649043],[37.6801114,55.464838],[37.6790262,55.4646079],[37.6781982,55.4638801],[37.6781102,55.4628558],[37.6776356,55.4622583],[37.6755846,55.4613036],[37.674027,55.4610828],[37.673323,55.4610534],[37.6693478,55.4618195],[37.6669265,55.461919],[37.6657532,55.4615252],[37.6651674,55.4610424],[37.6653276,55.4603294],[37.6658657,55.4597737],[37.66885,55.4586151],[37.6703541,55.4578903],[37.6709325,55.4571387],[37.6706223,55.4570317],[37.670463,55.4569688],[37.6698481,55.4567717],[37.6693517,55.4566826],[37.6690026,55.4566697],[37.6671557,55.4563263],[37.6662446,55.4570199],[37.6642069,55.4579903],[37.6634188,55.4580187],[37.6620502,55.4594988],[37.6614397,55.4593715],[37.6592611,55.4583719],[37.6553967,55.4566129],[37.6537107,55.4558535],[37.6537714,55.4557832],[37.6539457,55.4555817],[37.6549546,55.454415],[37.6588098,55.4518676],[37.6593409,55.4513771],[37.6590812,55.4509501],[37.6589357,55.450264],[37.6591949,55.4496712],[37.6615455,55.4484033],[37.6623407,55.4478761],[37.6624453,55.4473856],[37.6616639,55.4461956],[37.6603012,55.4455487],[37.6581446,55.4450162],[37.6570291,55.4445298],[37.6556945,55.4441122],[37.6544794,55.4442236],[37.6530068,55.444841],[37.6509493,55.4454751],[37.6504906,55.4450128],[37.6505376,55.4447644],[37.6506684,55.4445032],[37.6502212,55.4438366],[37.6494197,55.4436658],[37.648964,55.4432515],[37.64922,55.4421258],[37.6480314,55.4416743],[37.647751,55.440503],[37.6478331,55.4401389],[37.6479962,55.4393839],[37.6469474,55.4390148],[37.6456746,55.4394391],[37.6453305,55.4388494],[37.6444509,55.4390714],[37.6444295,55.4385485],[37.6436627,55.4376474],[37.6420499,55.4376777],[37.6405486,55.437034],[37.640866,55.4360183],[37.6418441,55.4357395],[37.6415904,55.4351965],[37.6407321,55.4350824],[37.6410784,55.4348913],[37.6404354,55.4342754],[37.639443,55.4341776],[37.6390431,55.4336556],[37.639341,55.4333605],[37.6388633,55.4320215],[37.6395157,55.4316275],[37.6392945,55.4311723],[37.6397881,55.4307209],[37.6397688,55.4305097],[37.6390336,55.430534],[37.6387933,55.4301397],[37.6366625,55.4266352],[37.6360103,55.4257684],[37.6337152,55.4241482],[37.6322505,55.423751],[37.6301762,55.4230008],[37.6274656,55.4218357],[37.6257718,55.4211641],[37.6281229,55.419054],[37.6300266,55.4170124],[37.6308302,55.416917],[37.6321672,55.4163178],[37.6342058,55.4147355],[37.6377554,55.415776],[37.6420869,55.4146603],[37.6418281,55.4127736],[37.641887,55.4117338],[37.6404668,55.4108947],[37.6395058,55.410679],[37.6386647,55.4107827],[37.6377774,55.4108795],[37.63689,55.4109763],[37.635969,55.4110463],[37.6347233,55.4111408],[37.6332663,55.4108898],[37.6307137,55.410784],[37.6282397,55.40983],[37.6249868,55.4100305],[37.6244759,55.4094576],[37.6224939,55.4089269],[37.6214475,55.4074876],[37.6198306,55.4068061],[37.6188598,55.4072066],[37.6163759,55.4057043],[37.6157587,55.4047059],[37.6159289,55.4039713],[37.6171325,55.4034762],[37.6172966,55.4026584],[37.6167043,55.4019448],[37.6177368,55.4015404],[37.6169305,55.4006851],[37.616263,55.4010132],[37.6151556,55.4009747],[37.6148034,55.4022904],[37.6138187,55.4029753],[37.6120249,55.4033523],[37.6104406,55.4022549],[37.6089495,55.4014735],[37.6065643,55.4014521]]]}}]}
