{"type":"FeatureCollection","name":"Административные территории Москвы","source":"https://gis-lab.info/qa/moscow-atd.html","features":[{"type":"Feature","bbox":[36.8031012,55.1421745,37.4705403,55.5617234],"properties":{"scope":"zone","name":"Троицкий","aoName":"Троицкий","unitType":"Административный округ","okato":"45298000","oktmo":"","type":"administrative","category":"boundary","display_name":"Троицкий административный округ, Москва, Центральный федеральный округ, Россия","source":"OpenStreetMap / Nominatim","refreshedAt":"2026-09-17"},"geometry":{"type":"MultiPolygon","coordinates":[[[[36.8031012,55.4408329],[36.8113604,55.436299],[36.812585,55.4351069],[36.8164114,55.429923],[36.8167848,55.429926],[36.8191279,55.426764],[36.8219237,55.4292788],[36.8242994,55.4285751],[36.8247808,55.4290285],[36.8282363,55.4286426],[36.8277826,55.428051],[36.8260484,55.4281616],[36.8226024,55.4248663],[36.8211988,55.4252289],[36.8230683,55.4236753],[36.8245509,55.4233368],[36.8242945,55.4226464],[36.8258145,55.4214344],[36.8420879,55.4186994],[36.8342961,55.4139868],[36.8618745,55.4010347],[36.8482657,55.3920817],[36.8628646,55.3848405],[36.8557881,55.3805025],[36.9040847,55.3570066],[36.9031535,55.3564134],[36.9029439,55.3556966],[36.9047299,55.3550779],[36.9069832,55.3547649],[36.9155903,55.3540829],[36.9151419,55.3526258],[36.9161441,55.3525398],[36.9156603,55.3517006],[36.9162405,55.3507965],[36.936134,55.3412569],[36.9357751,55.3411599],[36.9368876,55.3365924],[36.9391706,55.3366222],[36.9402706,55.3342711],[36.9406172,55.3342645],[36.9422175,55.3325707],[36.9466292,55.3306699],[36.94473,55.3293694],[36.9604066,55.3219045],[36.9636827,55.3240984],[36.9776942,55.3186451],[36.9864415,55.3155888],[36.9878511,55.3091765],[36.9883868,55.3083172],[36.9876061,55.3073272],[36.9846594,55.301825],[36.985526,55.3017262],[36.9873663,55.299957],[36.9855246,55.2979498],[36.9838119,55.296971],[36.992308,55.2926546],[36.9927361,55.2927428],[36.9933511,55.2910392],[36.9977408,55.2915579],[36.9983397,55.290279],[37.0025673,55.2890093],[37.0126627,55.2898928],[37.0216065,55.2887924],[37.0218844,55.2881557],[37.0215589,55.2876433],[37.021409,55.2844293],[37.0259868,55.2843746],[37.0260365,55.2830207],[37.0212593,55.2819784],[36.9900377,55.2761388],[36.9867967,55.2763316],[36.9834123,55.2681383],[36.9804835,55.2690665],[36.9750672,55.2662075],[36.9693269,55.2672127],[36.9678002,55.2671938],[36.9662549,55.2663311],[36.9627016,55.2673922],[36.9619392,55.2673536],[36.9615035,55.2667664],[36.9569738,55.2654009],[36.9525171,55.2648355],[36.9571023,55.2607625],[36.9536543,55.2590903],[36.9505631,55.2589776],[36.9490731,55.2572346],[36.9490095,55.2545833],[36.9478258,55.2527428],[36.9477649,55.2497062],[36.9526161,55.2492727],[36.9514323,55.2456509],[36.9437829,55.2475101],[36.9427793,55.2474012],[36.9427622,55.2472144],[36.9434157,55.2469714],[36.9434555,55.2458942],[36.9437066,55.2456669],[36.9428914,55.2452632],[36.9434425,55.2449156],[36.9433328,55.2447825],[36.9417542,55.2443382],[36.9415947,55.2439975],[36.9410426,55.2440012],[36.9417323,55.2434277],[36.9410473,55.242942],[36.9388024,55.2426649],[36.9375464,55.241948],[36.9372397,55.2413907],[36.9414029,55.2416936],[36.9467799,55.2413959],[36.9494394,55.2402372],[36.9501322,55.2382617],[36.9489336,55.2356424],[36.9488563,55.2343118],[36.9477926,55.2328744],[36.9459449,55.231378],[36.9458295,55.2307229],[36.9471149,55.2278003],[36.9496407,55.2246956],[36.9458962,55.2228045],[36.9469775,55.2221053],[36.9484587,55.2203112],[36.9470709,55.2185131],[36.9514697,55.2182124],[36.9572593,55.2166115],[36.9600924,55.2149835],[36.9622748,55.2141413],[36.9621872,55.2125713],[36.9650317,55.21207],[36.9627733,55.2096038],[36.9616364,55.2089772],[36.9663044,55.2053499],[36.9658661,55.2042117],[36.9662318,55.203586],[36.9663012,55.2025022],[36.9670967,55.1997366],[36.9690566,55.19847],[36.9738279,55.1920271],[36.9750289,55.1910523],[36.9757102,55.1895425],[36.9797655,55.1862534],[36.9810681,55.186116],[36.9809915,55.1847286],[36.9815935,55.1822849],[36.9826115,55.1804662],[36.9834654,55.1807162],[36.9841112,55.1812787],[36.9858813,55.1809016],[36.990263,55.1816912],[36.9910043,55.1826382],[36.991471,55.1828603],[36.9935468,55.1827974],[36.9951645,55.1821895],[36.9958455,55.1816849],[36.9963491,55.1809099],[36.99636,55.1804912],[36.9971734,55.1801419],[36.9986111,55.1808679],[37.0012075,55.1815111],[37.0033218,55.1814224],[37.0065509,55.1806037],[37.0069012,55.1807162],[37.0075252,55.1815099],[37.0082314,55.1828315],[37.0103878,55.1833315],[37.0164739,55.184019],[37.0197139,55.1829503],[37.0163644,55.1798377],[37.0142189,55.1773],[37.0146568,55.1765937],[37.0159047,55.1765187],[37.0180939,55.1772688],[37.0182362,55.1742308],[37.0192618,55.1729636],[37.0194652,55.1714944],[37.0192303,55.1689537],[37.0198202,55.167195],[37.0198904,55.1611199],[37.0185474,55.1601772],[37.0152269,55.1599986],[37.0181058,55.1575885],[37.0208478,55.1560649],[37.0232266,55.1555999],[37.0274341,55.1526132],[37.0279371,55.1501468],[37.0322169,55.1481244],[37.0325737,55.147703],[37.0378396,55.1460157],[37.0392054,55.1425215],[37.041524,55.1428498],[37.0456319,55.1421745],[37.0448159,55.143376],[37.064748,55.1442772],[37.0643935,55.147119],[37.1112104,55.149187],[37.1105834,55.1541636],[37.1420798,55.1556758],[37.1408347,55.1626317],[37.1407765,55.1643778],[37.1563181,55.1647621],[37.1571762,55.1617451],[37.1620628,55.1647183],[37.1660961,55.1643813],[37.1666616,55.1653771],[37.169879,55.1643393],[37.1713388,55.1654708],[37.1711277,55.1703684],[37.1698061,55.1714461],[37.1695846,55.1724223],[37.1700468,55.1737862],[37.1673875,55.1806257],[37.1683554,55.1828375],[37.1672809,55.1854214],[37.1733621,55.1916136],[37.1734088,55.1930112],[37.1741827,55.1938593],[37.1744385,55.1950437],[37.1700604,55.1945414],[37.1688774,55.1946373],[37.1666677,55.2114437],[37.167991,55.2116104],[37.1696084,55.2149628],[37.1695854,55.2157646],[37.1662744,55.2161455],[37.1633611,55.2315787],[37.1715136,55.2313471],[37.1758457,55.2325556],[37.1767703,55.2334634],[37.178098,55.2342875],[37.1848703,55.2368846],[37.1872468,55.2364538],[37.1890012,55.2364724],[37.1939404,55.2348099],[37.1998437,55.2377152],[37.2049599,55.2417049],[37.20418,55.2420153],[37.2041899,55.2423816],[37.2034885,55.2423788],[37.2033217,55.2427731],[37.202429,55.2427256],[37.20238,55.2428766],[37.2027527,55.2429577],[37.2026304,55.2431344],[37.2018674,55.2430869],[37.201798,55.2433954],[37.2013162,55.2436432],[37.2014668,55.2439969],[37.2011838,55.2443623],[37.2022174,55.2455904],[37.2039546,55.2468874],[37.2039596,55.2476514],[37.2047374,55.2479401],[37.2052939,55.2484473],[37.2059444,55.2494691],[37.2078402,55.2491025],[37.2097666,55.2507992],[37.2126754,55.2516161],[37.2142064,55.2526908],[37.2162311,55.2522317],[37.2190046,55.2531095],[37.2229805,55.2519914],[37.2288123,55.2495524],[37.2311456,55.2491067],[37.2342665,55.2479159],[37.2348499,55.2476266],[37.233157,55.245576],[37.2355324,55.2443924],[37.2347826,55.2427651],[37.2455159,55.2392653],[37.2474556,55.2419298],[37.2499792,55.2409871],[37.2512725,55.2399967],[37.2543107,55.2403266],[37.2638158,55.2401408],[37.2701554,55.2404862],[37.2696046,55.2407218],[37.2744925,55.2446116],[37.2768652,55.2515818],[37.2678845,55.2564651],[37.2715607,55.2588241],[37.291024,55.2485853],[37.2944596,55.2423799],[37.3029831,55.2429011],[37.3069924,55.2401223],[37.3052108,55.2381806],[37.3049981,55.2358075],[37.3050466,55.2342715],[37.306662,55.2316975],[37.3043326,55.2318411],[37.2999211,55.2306084],[37.3000805,55.2272295],[37.3008467,55.2245258],[37.3037796,55.2239456],[37.3092767,55.2222374],[37.3169676,55.2207156],[37.3178195,55.2227216],[37.3166632,55.2282851],[37.3268107,55.2290142],[37.3333916,55.2286723],[37.3350536,55.237498],[37.3344099,55.2380419],[37.3532432,55.2388534],[37.3631297,55.2415857],[37.3851209,55.2468083],[37.4003799,55.2500923],[37.4053152,55.2505764],[37.4066409,55.2608402],[37.411629,55.27863],[37.4109072,55.2787407],[37.4128338,55.2822172],[37.4141932,55.2836148],[37.4154462,55.286497],[37.4152262,55.2900262],[37.4166338,55.2901743],[37.4162643,55.2905693],[37.4171523,55.2909864],[37.4180046,55.2910659],[37.4179872,55.2912782],[37.4178297,55.2914495],[37.4165689,55.2909169],[37.4144168,55.2904961],[37.4120184,55.2904444],[37.4115127,55.2906585],[37.409719,55.2901725],[37.4085699,55.2919091],[37.412161,55.2927919],[37.4119795,55.2931831],[37.41323,55.2935885],[37.4108982,55.2962582],[37.4103055,55.2960095],[37.4090998,55.2966664],[37.4080627,55.2961867],[37.4070097,55.2966998],[37.4064218,55.2962269],[37.4049077,55.296789],[37.4035994,55.2961392],[37.4028638,55.2965262],[37.4030065,55.2977662],[37.4040946,55.2984537],[37.404074,55.3004863],[37.40271,55.3005775],[37.3994496,55.3016912],[37.3992597,55.3010211],[37.3975224,55.301331],[37.392513,55.2995215],[37.3915035,55.3013855],[37.3900268,55.3022778],[37.389964,55.3025414],[37.3914314,55.3040634],[37.3926628,55.3066182],[37.3953854,55.3073743],[37.3950736,55.3080662],[37.3936511,55.3078776],[37.393178,55.3096076],[37.3914242,55.3095854],[37.3907419,55.3103634],[37.3904437,55.3111972],[37.3896529,55.3111677],[37.3898721,55.3122243],[37.3879199,55.3121699],[37.3863346,55.314037],[37.3862674,55.3145634],[37.3845448,55.3154322],[37.3827304,55.3167873],[37.3894551,55.3162834],[37.3944079,55.3154412],[37.395524,55.3149424],[37.3966906,55.3160378],[37.4003438,55.3144945],[37.4018094,55.3129758],[37.4069784,55.3113646],[37.4097827,55.309415],[37.4146471,55.311858],[37.4221271,55.3115196],[37.4223367,55.3123556],[37.4278176,55.3147269],[37.4249141,55.3172176],[37.4246914,55.3206312],[37.4241039,55.3215254],[37.4247546,55.3224923],[37.4229134,55.3239272],[37.4208414,55.3289206],[37.4153283,55.3305895],[37.4152269,55.3311657],[37.4142904,55.3318379],[37.4107281,55.3325743],[37.4079148,55.3338205],[37.4058534,55.3350078],[37.4051145,55.3365341],[37.4058405,55.3364604],[37.4102096,55.3388715],[37.4100281,55.3392992],[37.4108708,55.339196],[37.4137878,55.3403683],[37.4135544,55.3408106],[37.4142545,55.3412899],[37.4148509,55.3410097],[37.4172882,55.3418945],[37.419583,55.3420419],[37.4205294,55.3424474],[37.4215795,55.3425506],[37.422863,55.3432068],[37.4223185,55.3463694],[37.4209183,55.3494581],[37.4196608,55.3506228],[37.419933,55.3513156],[37.4410265,55.3519495],[37.4403134,55.3526866],[37.4430878,55.3529225],[37.4275721,55.3646524],[37.4301001,55.3647014],[37.4299465,55.3650953],[37.4314132,55.3671481],[37.430909,55.3673825],[37.4312482,55.3676378],[37.4293322,55.3688048],[37.4330725,55.3694404],[37.4342001,55.3700291],[37.4351169,55.3717899],[37.4353002,55.3727901],[37.4382338,55.3745455],[37.439885,55.3740829],[37.4408831,55.3740663],[37.4443209,55.3745716],[37.4451276,55.3750456],[37.4455218,55.3759676],[37.4454943,55.3774],[37.4471078,55.3811656],[37.4489963,55.3815979],[37.4525711,55.3801666],[37.4536979,55.3803332],[37.4543213,55.3799374],[37.4542571,55.3792863],[37.4546513,55.3790259],[37.4556322,55.3772446],[37.4559439,55.3772654],[37.4559941,55.3753045],[37.4567506,55.374635],[37.4571173,55.3746194],[37.4568148,55.3739786],[37.4578049,55.3729629],[37.4583274,55.3728535],[37.4583457,55.3721086],[37.4587308,55.3719627],[37.4589141,55.3713219],[37.4600325,55.3702384],[37.4609584,55.369733],[37.4621777,55.3676752],[37.4654688,55.369186],[37.4675039,55.3712907],[37.4644879,55.3766404],[37.4692698,55.3798179],[37.4670528,55.3846863],[37.4639283,55.3882286],[37.4705403,55.3900254],[37.4680511,55.3924038],[37.4653933,55.3959159],[37.4652118,55.3965933],[37.4644469,55.3971897],[37.4639932,55.3980216],[37.4639024,55.3986548],[37.4685178,55.3990376],[37.4675195,55.3997002],[37.4613095,55.3994057],[37.4609465,55.40157],[37.4633838,55.4026522],[37.4620614,55.4048679],[37.4689586,55.4067817],[37.4660092,55.4083704],[37.4655875,55.4090158],[37.467256,55.4109414],[37.4676881,55.4120447],[37.4672927,55.4125651],[37.4658076,55.4129814],[37.4599771,55.4133144],[37.4593127,55.4131363],[37.458272,55.4124089],[37.4561268,55.4122945],[37.4523819,55.4133069],[37.4504908,55.4147951],[37.4503189,55.4156612],[37.448065,55.4150885],[37.4480521,55.4144397],[37.443536,55.413182],[37.4425603,55.4141316],[37.4412201,55.4136732],[37.4400633,55.4142144],[37.4377497,55.4137538],[37.4369281,55.4138807],[37.4360151,55.4145858],[37.4364067,55.4150334],[37.4361026,55.4152643],[37.4374152,55.4165193],[37.4379355,55.4176063],[37.4392823,55.4185887],[37.4388367,55.4203019],[37.4354048,55.420764],[37.4348987,55.4191064],[37.4332369,55.4191733],[37.4335665,55.4217877],[37.432456,55.4232928],[37.4285851,55.424064],[37.4269782,55.4253606],[37.4289233,55.4263896],[37.4309513,55.4267312],[37.432232,55.4263577],[37.4335436,55.4267923],[37.4302935,55.4290124],[37.4253291,55.426554],[37.4249751,55.4266027],[37.425765,55.4273621],[37.426521,55.4323914],[37.3866836,55.4344334],[37.386354,55.4375243],[37.3865229,55.4384364],[37.387864,55.4386494],[37.3896677,55.4378291],[37.3914808,55.4377533],[37.3946876,55.4398423],[37.3958776,55.440258],[37.3955266,55.4403695],[37.4000303,55.4443934],[37.3989863,55.4454482],[37.3980297,55.4451082],[37.3965604,55.4432097],[37.3958112,55.4432264],[37.3948177,55.4424419],[37.3907715,55.441942],[37.3893875,55.4421428],[37.3893847,55.442567],[37.390163,55.444124],[37.387714,55.4463702],[37.3786057,55.4463362],[37.3768884,55.4459402],[37.3766781,55.445442],[37.3735957,55.4453994],[37.3713843,55.4478643],[37.3727168,55.4499159],[37.3745434,55.4498542],[37.3757657,55.4513303],[37.3767946,55.4513286],[37.3770309,55.4518512],[37.3782832,55.4516781],[37.3786694,55.4521101],[37.3799247,55.4517876],[37.3802654,55.4520103],[37.3844749,55.4512963],[37.3865797,55.4523232],[37.3879022,55.4535718],[37.3868338,55.4540843],[37.3869164,55.4546912],[37.3864296,55.4550833],[37.3864742,55.4559248],[37.3836378,55.4570306],[37.3843227,55.4578768],[37.3852378,55.4572825],[37.3876604,55.456687],[37.3887682,55.4571004],[37.3914592,55.4600073],[37.3942065,55.4631642],[37.3924964,55.4641254],[37.3918762,55.4656569],[37.3910316,55.4666742],[37.3945731,55.4690068],[37.3994519,55.4684893],[37.4027853,55.4684995],[37.4003774,55.4669892],[37.4050761,55.4650821],[37.4076272,55.4650853],[37.4112571,55.4629321],[37.4122044,55.4656282],[37.4157164,55.4661543],[37.4196233,55.4687008],[37.4210819,55.4683775],[37.4245489,55.4698473],[37.429091,55.4694207],[37.429736,55.4717742],[37.4286862,55.4734458],[37.4262247,55.475893],[37.4271003,55.4762609],[37.4284714,55.475886],[37.4322319,55.4762306],[37.4345242,55.4768387],[37.4388297,55.4787126],[37.4391728,55.479488],[37.4446378,55.4821179],[37.4458409,55.4836494],[37.4473873,55.4871037],[37.4439682,55.4880048],[37.4444937,55.4885804],[37.4481219,55.4876497],[37.4474941,55.4882321],[37.4454505,55.4887643],[37.4453082,55.4904583],[37.4457991,55.49092],[37.448813,55.4898861],[37.4546266,55.4940783],[37.4545499,55.4945356],[37.4553653,55.4954545],[37.4550992,55.4959796],[37.4537259,55.4963686],[37.4508506,55.495615],[37.4496661,55.4959213],[37.4488851,55.4979244],[37.4482383,55.4981537],[37.4474329,55.4991604],[37.4460159,55.4997301],[37.4436936,55.5001219],[37.441177,55.5013618],[37.441213,55.5018855],[37.4408639,55.5019884],[37.4391084,55.5021163],[37.4379775,55.500746],[37.4375772,55.5005577],[37.4369315,55.5004968],[37.4348361,55.5010558],[37.4325482,55.5023808],[37.4329672,55.5032128],[37.432088,55.5040449],[37.4328167,55.5056828],[37.4292307,55.5056954],[37.4288698,55.5042819],[37.4243073,55.5041516],[37.4241482,55.5046543],[37.4215318,55.5047874],[37.4211168,55.5057532],[37.4204807,55.5064221],[37.4178199,55.5067027],[37.41561,55.5058906],[37.4151532,55.5048012],[37.4158218,55.5034585],[37.4167147,55.5023822],[37.4182221,55.5017847],[37.4178058,55.5011254],[37.4149987,55.5018865],[37.4136507,55.5019432],[37.4099209,55.5011816],[37.4082346,55.5005751],[37.4049147,55.5016587],[37.4090837,55.5047936],[37.4098453,55.50846],[37.4076211,55.5091332],[37.4064697,55.5097503],[37.4054576,55.5090196],[37.4043801,55.5096411],[37.4053129,55.5100634],[37.4065672,55.5123939],[37.4077353,55.5138947],[37.409002,55.5139111],[37.4088694,55.5127448],[37.4136498,55.5116461],[37.413669,55.5112186],[37.4146307,55.5115262],[37.4166602,55.5113861],[37.416858,55.5124072],[37.4135057,55.5123952],[37.4126044,55.5129298],[37.4117891,55.5152333],[37.4112998,55.5159525],[37.4094716,55.516108],[37.406725,55.5159428],[37.4055835,55.5164482],[37.4050513,55.5168272],[37.4053088,55.5172549],[37.4071971,55.5184405],[37.4073259,55.5188195],[37.4071113,55.5192957],[37.4041072,55.521079],[37.4032918,55.5212879],[37.401189,55.5211276],[37.3996698,55.5207049],[37.3990689,55.5203356],[37.3988055,55.5197675],[37.3973857,55.520143],[37.3968425,55.5205847],[37.3965482,55.5222898],[37.3965003,55.526576],[37.394292,55.5265723],[37.3897461,55.5284929],[37.3900358,55.5313625],[37.390652,55.5329538],[37.3921437,55.5351254],[37.3948303,55.5372376],[37.3968023,55.5383099],[37.4122417,55.5444781],[37.4071636,55.5484109],[37.4080255,55.5495705],[37.4007463,55.5516179],[37.3922076,55.5536352],[37.3927487,55.5546085],[37.3940581,55.5556634],[37.3888778,55.5571341],[37.3885022,55.5575493],[37.3890656,55.5584231],[37.3890365,55.5588264],[37.3874979,55.5591553],[37.3872699,55.558943],[37.3847603,55.5598759],[37.3845063,55.5602965],[37.3787661,55.5617234],[37.3784955,55.561167],[37.3764655,55.5614836],[37.3679583,55.5556337],[37.3675604,55.5538144],[37.3676701,55.5525386],[37.3680512,55.551567],[37.3697549,55.5511174],[37.3687282,55.5489356],[37.365726,55.5484953],[37.3648737,55.5476258],[37.3578643,55.5494846],[37.3567237,55.5487515],[37.3536216,55.5504778],[37.3523947,55.5490697],[37.3518053,55.5473838],[37.3491813,55.5470703],[37.347498,55.5473718],[37.3435601,55.5470448],[37.3423528,55.5460623],[37.3420311,55.5448712],[37.3398426,55.5431331],[37.3360651,55.5406375],[37.3333116,55.5396367],[37.330645,55.5393836],[37.3287443,55.5399131],[37.3275629,55.5384916],[37.3236869,55.5385989],[37.3207819,55.5383001],[37.3189191,55.5384435],[37.3180069,55.5394311],[37.313656,55.5391211],[37.3126424,55.5415746],[37.3117952,55.5416277],[37.3112101,55.5426504],[37.3115035,55.5427484],[37.3113041,55.5437288],[37.3045139,55.5424474],[37.2980889,55.5393236],[37.2997324,55.5301907],[37.2934971,55.5290951],[37.2840337,55.5256569],[37.2739283,55.5209317],[37.2716601,55.522177],[37.2703955,55.5190894],[37.2719509,55.5185639],[37.273414,55.5175541],[37.2729864,55.5160883],[37.2724294,55.515415],[37.2724581,55.5108751],[37.2719386,55.510213],[37.270101,55.5089849],[37.2705919,55.5085732],[37.2698584,55.5080477],[37.269847,55.5074464],[37.2705632,55.5066408],[37.2691672,55.505698],[37.2679359,55.5061743],[37.2659748,55.5051805],[37.2611978,55.5045761],[37.2556509,55.5034238],[37.2539498,55.5042583],[37.2511332,55.5029515],[37.2497086,55.5018149],[37.2484927,55.4998117],[37.2466151,55.4978099],[37.2440437,55.4978052],[37.242196,55.4981115],[37.2399693,55.4992816],[37.2415934,55.4976305],[37.243444,55.49726],[37.2015317,55.4929483],[37.1956674,55.4884719],[37.1840257,55.4834696],[37.1525045,55.4805645],[37.1485589,55.4797942],[37.1482193,55.4799205],[37.1470603,55.4817481],[37.1429682,55.480966],[37.1420643,55.4824008],[37.1392071,55.4820849],[37.1384286,55.4823977],[37.1360554,55.4820958],[37.138993,55.4750881],[37.1391906,55.4733418],[37.1126288,55.469838],[37.1126712,55.4689037],[37.1065184,55.4695509],[37.0933611,55.4704043],[37.0922795,55.4649172],[37.0954065,55.4631193],[37.140967,55.4434653],[37.1500939,55.4389602],[37.1488482,55.4381762],[37.1483286,55.4381244],[37.1413975,55.4426533],[37.1358267,55.4406366],[37.1371055,55.4396022],[37.1357377,55.4381618],[37.1339945,55.443159],[37.1305574,55.4415681],[37.1244078,55.4419544],[37.1222734,55.4412538],[37.1210718,55.4406023],[37.118207,55.4398839],[37.1195159,55.439197],[37.1170058,55.4380571],[37.1154697,55.438243],[37.1113948,55.4397999],[37.1084991,55.4395122],[37.1125655,55.4412924],[37.1107861,55.4431651],[37.1079402,55.4450667],[37.1105305,55.4470498],[37.1131066,55.4482097],[37.1127784,55.4492266],[37.1107738,55.4483991],[37.0998116,55.4457102],[37.100764,55.4451234],[37.0970779,55.4426935],[37.0960453,55.4432768],[37.0929157,55.4420672],[37.0892834,55.4412316],[37.0885776,55.4425529],[37.0872679,55.4462724],[37.0825219,55.4454923],[37.0806183,55.4466848],[37.0814225,55.4482436],[37.079767,55.4489352],[37.0786002,55.4500415],[37.0805144,55.4507438],[37.0803245,55.4526986],[37.0767899,55.4535678],[37.0586117,55.4546905],[37.0606131,55.4626603],[37.0368186,55.464061],[37.0362804,55.4624984],[37.0355766,55.4584408],[37.0321283,55.4559566],[37.0200709,55.4567858],[37.0192337,55.4451288],[37.0063088,55.4461697],[37.0046416,55.4471541],[37.0034712,55.4495971],[37.0055731,55.4505198],[37.002084,55.4525958],[36.999775,55.452502],[36.9988214,55.4536278],[36.9980562,55.4537817],[36.9972791,55.4549095],[36.9975984,55.4552006],[36.9963253,55.4564468],[36.9943996,55.4561009],[36.9933152,55.4566522],[36.9940174,55.4583184],[36.9895955,55.459224],[36.9892874,55.4568512],[36.9840096,55.4577873],[36.9829592,55.454873],[36.9734462,55.4554605],[36.9777907,55.4937419],[36.9638923,55.4945643],[36.962932,55.4943629],[36.9542509,55.4950999],[36.9350578,55.4961553],[36.9380657,55.4990019],[36.9369095,55.4994809],[36.9352278,55.505233],[36.9379678,55.5070078],[36.9371283,55.5082756],[36.9377862,55.5094618],[36.9360189,55.5090215],[36.939271,55.5131477],[36.9419815,55.5153293],[36.9406831,55.5163603],[36.9399755,55.5165588],[36.939138,55.5160405],[36.9380928,55.5160038],[36.9351195,55.5165735],[36.9345385,55.5162078],[36.9341879,55.5163676],[36.9335939,55.5159321],[36.9356096,55.5150132],[36.9197539,55.5154461],[36.9194745,55.5058449],[36.8694399,55.506501],[36.8445171,55.5070693],[36.8278753,55.507513],[36.8279763,55.5084235],[36.8162398,55.5083513],[36.815916,55.4751375],[36.8152077,55.4659722],[36.8045117,55.465508],[36.8031012,55.4408329]]],[[[36.9007522,55.3148568],[36.9012804,55.3139611],[36.903505,55.3124931],[36.9051668,55.3116943],[36.9071485,55.3111144],[36.9076917,55.3112522],[36.9078893,55.3117143],[36.9110651,55.3135704],[36.9120709,55.3167452],[36.9136466,55.3170091],[36.9176683,55.3163625],[36.9192996,55.318656],[36.9195558,55.3187329],[36.9228058,55.3239412],[36.9224056,55.3247544],[36.9137544,55.3258954],[36.9138401,55.3265917],[36.9158469,55.3303256],[36.910332,55.3313028],[36.9096726,55.3297985],[36.9084432,55.3298934],[36.908721,55.3277717],[36.9091167,55.32684],[36.9101209,55.3261704],[36.909091,55.3199197],[36.9061728,55.3167452],[36.9039411,55.3172336],[36.9032546,55.3161103],[36.9007522,55.3148568]]]]}},{"type":"Feature","bbox":[37.0872002,55.4358356,37.6113541,55.6644473],"properties":{"scope":"zone","name":"Новомосковский","aoName":"Новомосковский","unitType":"Административный округ","okato":"45297000","oktmo":"","type":"administrative","category":"boundary","display_name":"Новомосковский административный округ, Москва, Центральный федеральный округ, Россия","source":"OpenStreetMap / Nominatim","refreshedAt":"2026-09-17"},"geometry":{"type":"Polygon","coordinates":[[[37.0872002,55.5904847],[37.0964945,55.5774029],[37.110489,55.5679889],[37.1146925,55.5655511],[37.1228743,55.5531143],[37.1254702,55.5499634],[37.1151768,55.5474463],[37.1135595,55.538946],[37.1225083,55.5383655],[37.122165,55.5351445],[37.1217923,55.5342407],[37.1205186,55.5329297],[37.119922,55.5314093],[37.1179791,55.5303838],[37.1159062,55.5299985],[37.1164938,55.5289149],[37.1174219,55.5279294],[37.1169213,55.5272393],[37.1169508,55.5268847],[37.1188548,55.523517],[37.1199489,55.5191305],[37.1173937,55.5188677],[37.1175802,55.5176335],[37.1185107,55.5176212],[37.1186307,55.5131369],[37.1280172,55.5130113],[37.1299698,55.5133876],[37.1308372,55.512658],[37.1363952,55.5130264],[37.1360858,55.5157095],[37.1384665,55.5148805],[37.1361965,55.5000219],[37.133608,55.4994461],[37.1324267,55.4994278],[37.13162,55.4984602],[37.1297106,55.4986876],[37.1289256,55.4979678],[37.125581,55.4972324],[37.1239598,55.4961362],[37.1265898,55.4952001],[37.1238807,55.4927453],[37.1250587,55.492263],[37.1241813,55.4915532],[37.1286974,55.4885441],[37.1268983,55.4874488],[37.1320696,55.484376],[37.1334237,55.4841981],[37.1356016,55.482645],[37.1367558,55.4828412],[37.1382807,55.4826559],[37.1392071,55.4820849],[37.1420643,55.4824008],[37.1429682,55.480966],[37.1470603,55.4817481],[37.1482193,55.4799205],[37.1485589,55.4797942],[37.1525045,55.4805645],[37.1840257,55.4834696],[37.1956674,55.4884719],[37.2015317,55.4929483],[37.243444,55.49726],[37.2415934,55.4976305],[37.2399693,55.4992816],[37.242196,55.4981115],[37.2440437,55.4978052],[37.2466151,55.4978099],[37.2484927,55.4998117],[37.2497086,55.5018149],[37.2511332,55.5029515],[37.2539498,55.5042583],[37.2556509,55.5034238],[37.2611978,55.5045761],[37.2659748,55.5051805],[37.2679359,55.5061743],[37.2691672,55.505698],[37.2705632,55.5066408],[37.269847,55.5074464],[37.2698584,55.5080477],[37.2705919,55.5085732],[37.270101,55.5089849],[37.2719386,55.510213],[37.2724581,55.5108751],[37.2724294,55.515415],[37.2729864,55.5160883],[37.273414,55.5175541],[37.2719509,55.5185639],[37.2703955,55.5190894],[37.2716601,55.522177],[37.2739283,55.5209317],[37.2840337,55.5256569],[37.2934971,55.5290951],[37.2997324,55.5301907],[37.2980889,55.5393236],[37.3045139,55.5424474],[37.3113041,55.5437288],[37.3115035,55.5427484],[37.3112101,55.5426504],[37.3117952,55.5416277],[37.3126424,55.5415746],[37.313656,55.5391211],[37.3180069,55.5394311],[37.3189191,55.5384435],[37.3207819,55.5383001],[37.3236869,55.5385989],[37.3275629,55.5384916],[37.3287443,55.5399131],[37.330645,55.5393836],[37.3333116,55.5396367],[37.3360651,55.5406375],[37.3398426,55.5431331],[37.3420311,55.5448712],[37.3423528,55.5460623],[37.3435601,55.5470448],[37.347498,55.5473718],[37.3491813,55.5470703],[37.3518053,55.5473838],[37.3523947,55.5490697],[37.3536216,55.5504778],[37.3567237,55.5487515],[37.3578643,55.5494846],[37.3648737,55.5476258],[37.365726,55.5484953],[37.3687282,55.5489356],[37.3697549,55.5511174],[37.3680512,55.551567],[37.3676701,55.5525386],[37.3675604,55.5538144],[37.3679583,55.5556337],[37.3764655,55.5614836],[37.3784955,55.561167],[37.3787661,55.5617234],[37.3845063,55.5602965],[37.3847603,55.5598759],[37.3872699,55.558943],[37.3874979,55.5591553],[37.3890365,55.5588264],[37.3890656,55.5584231],[37.3885022,55.5575493],[37.3888778,55.5571341],[37.3940581,55.5556634],[37.3927487,55.5546085],[37.3922076,55.5536352],[37.4007463,55.5516179],[37.4080255,55.5495705],[37.4071636,55.5484109],[37.4122417,55.5444781],[37.3968023,55.5383099],[37.3948303,55.5372376],[37.3921437,55.5351254],[37.390652,55.5329538],[37.3900358,55.5313625],[37.3897461,55.5284929],[37.394292,55.5265723],[37.3965003,55.526576],[37.3965482,55.5222898],[37.3968425,55.5205847],[37.3973857,55.520143],[37.3988055,55.5197675],[37.3990689,55.5203356],[37.3996698,55.5207049],[37.401189,55.5211276],[37.4032918,55.5212879],[37.4041072,55.521079],[37.4071113,55.5192957],[37.4073259,55.5188195],[37.4071971,55.5184405],[37.4053088,55.5172549],[37.4050513,55.5168272],[37.4055835,55.5164482],[37.406725,55.5159428],[37.4094716,55.516108],[37.4112998,55.5159525],[37.4117891,55.5152333],[37.4126044,55.5129298],[37.4135057,55.5123952],[37.416858,55.5124072],[37.4166602,55.5113861],[37.4146307,55.5115262],[37.413669,55.5112186],[37.4136498,55.5116461],[37.4088694,55.5127448],[37.409002,55.5139111],[37.4077353,55.5138947],[37.4065672,55.5123939],[37.4053129,55.5100634],[37.4043801,55.5096411],[37.4054576,55.5090196],[37.4064697,55.5097503],[37.4076211,55.5091332],[37.4098453,55.50846],[37.4090837,55.5047936],[37.4049147,55.5016587],[37.4082346,55.5005751],[37.4099209,55.5011816],[37.4136507,55.5019432],[37.4149987,55.5018865],[37.4178058,55.5011254],[37.4182221,55.5017847],[37.4167147,55.5023822],[37.4158218,55.5034585],[37.4151532,55.5048012],[37.41561,55.5058906],[37.4178199,55.5067027],[37.4204807,55.5064221],[37.4211168,55.5057532],[37.4215318,55.5047874],[37.4241482,55.5046543],[37.4243073,55.5041516],[37.4288698,55.5042819],[37.4292307,55.5056954],[37.4328167,55.5056828],[37.432088,55.5040449],[37.4329672,55.5032128],[37.4325482,55.5023808],[37.4348361,55.5010558],[37.4369315,55.5004968],[37.4375772,55.5005577],[37.4379775,55.500746],[37.4391084,55.5021163],[37.4408639,55.5019884],[37.441213,55.5018855],[37.441177,55.5013618],[37.4436936,55.5001219],[37.44702,55.4994423],[37.447868,55.498793],[37.4482383,55.4981537],[37.4488851,55.4979244],[37.4494773,55.4961255],[37.4501897,55.4956976],[37.4515887,55.4957122],[37.4537259,55.4963686],[37.4550992,55.4959796],[37.4553653,55.4954545],[37.4545499,55.4945356],[37.4546266,55.4940783],[37.448813,55.4898861],[37.4457991,55.49092],[37.4453082,55.4904583],[37.4454505,55.4887643],[37.4474941,55.4882321],[37.4481219,55.4876497],[37.4444937,55.4885804],[37.4439682,55.4880048],[37.4473873,55.4871037],[37.4458409,55.4836494],[37.4446378,55.4821179],[37.4450761,55.4819546],[37.4464698,55.4820796],[37.4481589,55.4802174],[37.4496746,55.4801239],[37.4476133,55.4751068],[37.4520502,55.4725548],[37.4570119,55.4727569],[37.4581076,55.471311],[37.4595553,55.4712541],[37.4600779,55.4702088],[37.4616214,55.469874],[37.4622031,55.4699779],[37.4629517,55.4708889],[37.4646724,55.4708569],[37.4642182,55.4684469],[37.4616327,55.4683715],[37.4585142,55.4679137],[37.4583164,55.4662046],[37.4576475,55.4659171],[37.4579022,55.4656842],[37.4653222,55.4648329],[37.4700953,55.4622729],[37.4740837,55.461277],[37.4748921,55.4611315],[37.4767516,55.4617011],[37.4773275,55.4616609],[37.4777224,55.4614619],[37.4780473,55.4606287],[37.4792143,55.460663],[37.4798838,55.4598455],[37.4842097,55.4583028],[37.4848277,55.4582687],[37.4899346,55.4608869],[37.4934279,55.460264],[37.4967152,55.4591398],[37.4968869,55.45877],[37.4962517,55.4580984],[37.4925267,55.4565945],[37.492149,55.4561663],[37.4923293,55.4556893],[37.4951617,55.4534602],[37.4961659,55.4523601],[37.4985177,55.4508902],[37.4985348,55.4500383],[37.4954621,55.4490745],[37.4864241,55.4478283],[37.4858147,55.4472491],[37.4857718,55.4468986],[37.4861087,55.4462039],[37.4872088,55.446569],[37.489942,55.4444722],[37.4937901,55.4433336],[37.4955284,55.4430545],[37.4953792,55.4422722],[37.4976593,55.4419864],[37.4994875,55.4413729],[37.5009102,55.4401952],[37.5011646,55.43945],[37.5022461,55.4383835],[37.5030414,55.437886],[37.5045719,55.4377337],[37.5085424,55.4363932],[37.5134813,55.4359233],[37.5293944,55.4358453],[37.5352652,55.4362787],[37.5383916,55.4374857],[37.5366355,55.4392247],[37.5358069,55.4392485],[37.5357037,55.4398081],[37.5366695,55.4399235],[37.5358398,55.4419153],[37.5359674,55.4422546],[37.5347712,55.4449509],[37.5337012,55.445793],[37.5315207,55.4469073],[37.5314219,55.4478996],[37.5316384,55.44819],[37.5316812,55.4503187],[37.5319498,55.4509649],[37.5316084,55.4510057],[37.5318412,55.4515906],[37.5316055,55.4517498],[37.5327639,55.4536847],[37.5366617,55.4533485],[37.5368776,55.4534607],[37.5368187,55.4547761],[37.5397451,55.4555388],[37.5425533,55.456723],[37.5443163,55.4578625],[37.5480083,55.4568969],[37.5478605,55.4598497],[37.5474715,55.4596722],[37.5459199,55.4597185],[37.5475792,55.4616789],[37.5473579,55.4620696],[37.5470641,55.4621168],[37.546862,55.4617325],[37.5459091,55.4615658],[37.5470935,55.4645853],[37.5456016,55.4648502],[37.5447501,55.4726458],[37.5554109,55.4729859],[37.5608448,55.4733871],[37.5608064,55.4742513],[37.5617604,55.4747904],[37.5623904,55.4780198],[37.5629741,55.4793015],[37.5627617,55.4799323],[37.5630514,55.4801466],[37.5630507,55.4806843],[37.5641086,55.4824981],[37.5649155,55.484732],[37.5654849,55.487418],[37.5674551,55.4876619],[37.578667,55.4866923],[37.5777803,55.4837651],[37.5798005,55.4836784],[37.5834559,55.4862914],[37.5870275,55.4867217],[37.5837123,55.4876748],[37.5859645,55.489054],[37.5832057,55.4906384],[37.5845028,55.4911955],[37.5818913,55.4920181],[37.5833567,55.4935768],[37.5950843,55.4887276],[37.5969087,55.4893318],[37.600389,55.488858],[37.6012343,55.4892467],[37.601931,55.4892832],[37.6035763,55.4904832],[37.6035226,55.4914006],[37.6046793,55.4916699],[37.6058837,55.4907826],[37.6061365,55.4888765],[37.6064915,55.4882986],[37.6113541,55.4896351],[37.6110248,55.4914069],[37.6096167,55.4911336],[37.6073946,55.4918154],[37.6079282,55.4927869],[37.610417,55.4932414],[37.6096839,55.4963167],[37.6091037,55.500877],[37.6064026,55.5014963],[37.6056731,55.501871],[37.6056934,55.5023511],[37.6089293,55.5024075],[37.6080963,55.509844],[37.6021162,55.5104561],[37.6047679,55.5125038],[37.603814,55.5130378],[37.6008921,55.5109247],[37.5992684,55.5126336],[37.5980226,55.5147069],[37.5918282,55.5124933],[37.589715,55.5140097],[37.5886984,55.5155293],[37.5858048,55.5171294],[37.5855231,55.5179973],[37.5784455,55.5216802],[37.5771272,55.5172033],[37.5676921,55.516684],[37.5661789,55.5170806],[37.5668751,55.5202911],[37.5653604,55.5204367],[37.5647788,55.518411],[37.5640992,55.5184948],[37.5648011,55.5206068],[37.564958,55.5220146],[37.564203,55.5240451],[37.5633054,55.5253118],[37.5608476,55.5273329],[37.55938,55.5281421],[37.5564656,55.5291865],[37.5524825,55.5299552],[37.5471561,55.5299458],[37.543658,55.5293622],[37.5390962,55.5276121],[37.5360308,55.5253215],[37.534544,55.5228191],[37.534419,55.5200753],[37.5351234,55.5179618],[37.5326508,55.5187602],[37.5295791,55.5205452],[37.5274982,55.5211929],[37.5228099,55.5216342],[37.5201236,55.5224844],[37.5202022,55.5238681],[37.5194014,55.524994],[37.5193687,55.5254967],[37.5132556,55.5263957],[37.5104543,55.5264815],[37.5099214,55.5266562],[37.510028,55.5268957],[37.508564,55.5268342],[37.5082003,55.5270867],[37.5079325,55.5268832],[37.5069331,55.5271171],[37.5044957,55.5264095],[37.5044811,55.5267416],[37.5041282,55.5268588],[37.5037986,55.5267211],[37.5030695,55.5269471],[37.5025317,55.5266753],[37.5025794,55.526914],[37.5022238,55.5270756],[37.5022977,55.5276079],[37.5019197,55.5276842],[37.4991688,55.5267545],[37.4979047,55.5269294],[37.4977189,55.5267656],[37.4973117,55.5273089],[37.4967591,55.5271994],[37.494803,55.5275321],[37.494379,55.5281373],[37.4938967,55.5282436],[37.494018,55.5284414],[37.4926131,55.5286892],[37.4922671,55.5291595],[37.4917788,55.5289921],[37.4902945,55.5293308],[37.4893942,55.5296491],[37.4893642,55.5299971],[37.4882321,55.5294575],[37.4866653,55.5298007],[37.4854807,55.5296237],[37.48495,55.5291696],[37.4831153,55.5286047],[37.4831618,55.5282629],[37.4827963,55.5278148],[37.4829393,55.5271589],[37.480173,55.526205],[37.4789075,55.5265167],[37.4779211,55.5261261],[37.4763788,55.5264205],[37.4741501,55.5273481],[37.4736029,55.5278833],[37.4728247,55.5281769],[37.4723087,55.5288203],[37.4712978,55.5290217],[37.4709829,55.5288439],[37.4709252,55.5293764],[37.4712249,55.5293376],[37.4712826,55.5295634],[37.4708997,55.5296048],[37.4707001,55.5318364],[37.4701898,55.5340521],[37.4726176,55.5345989],[37.4726812,55.5349109],[37.475709,55.5353874],[37.4755165,55.5372951],[37.4861751,55.539793],[37.4874673,55.5399085],[37.4874804,55.540092],[37.4877481,55.5400867],[37.4878655,55.5397681],[37.4887675,55.5396281],[37.4934494,55.5396458],[37.5077676,55.5429454],[37.511115,55.544986],[37.5144961,55.548505],[37.5291881,55.5552455],[37.544878,55.55202],[37.5488225,55.5526259],[37.5494658,55.5541314],[37.5521474,55.554869],[37.5529687,55.5562265],[37.554799,55.5614779],[37.5520122,55.561846],[37.5503542,55.5629287],[37.5505874,55.5636035],[37.5525068,55.5636521],[37.5531575,55.5640597],[37.5534487,55.5649232],[37.5534945,55.5676245],[37.5478851,55.5689233],[37.5488783,55.5699379],[37.5475033,55.5703996],[37.5469486,55.5704487],[37.5461161,55.5699389],[37.5445091,55.57022],[37.543679,55.5707527],[37.5406863,55.5711273],[37.5403199,55.5716706],[37.5389077,55.5722054],[37.5372358,55.5723867],[37.5368835,55.5730962],[37.5395423,55.573263],[37.5395031,55.5744015],[37.539947,55.5760432],[37.5387246,55.5759206],[37.5392964,55.5767203],[37.5368462,55.577289],[37.5386505,55.5795598],[37.5410234,55.5792324],[37.5407877,55.5790545],[37.540913,55.5788372],[37.5419016,55.5785535],[37.545742,55.5783573],[37.5511787,55.5803213],[37.5504209,55.5806593],[37.5496407,55.5814151],[37.5495509,55.5820858],[37.5489921,55.5824649],[37.5495153,55.5822685],[37.5491709,55.5829504],[37.5472746,55.5838948],[37.5462463,55.5841122],[37.5459115,55.5848254],[37.5454146,55.5849398],[37.5456713,55.5855826],[37.5472658,55.586663],[37.5304243,55.5906958],[37.5301569,55.5906626],[37.5290791,55.5895265],[37.5272405,55.5896631],[37.5274129,55.590362],[37.5262906,55.5916192],[37.5180898,55.5936478],[37.5118794,55.5955961],[37.5065527,55.5982494],[37.5021825,55.6016081],[37.4940975,55.6085736],[37.4927469,55.6087716],[37.491179,55.6101003],[37.4898454,55.609611],[37.4887893,55.608164],[37.487842,55.6083904],[37.4891195,55.6107224],[37.4888953,55.6132759],[37.4674921,55.6313616],[37.466833,55.6323657],[37.4659737,55.633139],[37.4644825,55.6336958],[37.4620363,55.6361223],[37.4604068,55.6371433],[37.4577812,55.6373824],[37.4560027,55.636875],[37.4554342,55.6372228],[37.4485741,55.6342436],[37.4417401,55.6321821],[37.374229,55.6146963],[37.3739831,55.6160562],[37.3722889,55.620327],[37.3709544,55.6227779],[37.3686851,55.6248944],[37.3638921,55.6279324],[37.3617974,55.6290315],[37.3598713,55.6297248],[37.3561172,55.6305762],[37.3437832,55.6324281],[37.3425517,55.6331601],[37.3421195,55.6337877],[37.3388586,55.6353942],[37.3360563,55.635179],[37.3344062,55.6384799],[37.3324398,55.6395477],[37.3303472,55.6393239],[37.3298184,55.6398738],[37.3302905,55.6409153],[37.3299897,55.6418396],[37.3306524,55.6422503],[37.3317032,55.644527],[37.3320472,55.6459378],[37.3308994,55.6473055],[37.3328449,55.6483677],[37.3360925,55.6518785],[37.33786,55.652824],[37.3430571,55.6540578],[37.3421265,55.6550268],[37.3423664,55.655497],[37.3415289,55.6560662],[37.3414275,55.656915],[37.3410192,55.657135],[37.3352422,55.6585372],[37.3320097,55.6596748],[37.3368822,55.6615442],[37.3375276,55.6625356],[37.3371845,55.6630316],[37.3364984,55.6629702],[37.3344735,55.6635373],[37.3314387,55.663877],[37.3304603,55.6638836],[37.3304952,55.6635668],[37.3285973,55.6631772],[37.3275623,55.6632246],[37.3266408,55.6634236],[37.3260423,55.6638226],[37.3259715,55.66425],[37.3254413,55.6644473],[37.3211678,55.6640305],[37.3195225,55.664281],[37.3190609,55.6627953],[37.3191526,55.6616033],[37.3208897,55.6610341],[37.3240457,55.6610045],[37.3229081,55.6508895],[37.3220643,55.6511066],[37.3115376,55.6511939],[37.3115233,55.6500832],[37.3127913,55.6498345],[37.3121033,55.6472609],[37.3112033,55.646572],[37.3056825,55.6463066],[37.2902696,55.6484902],[37.2901594,55.6519416],[37.2926244,55.6520749],[37.2925284,55.6536944],[37.2929212,55.6540814],[37.292651,55.6547243],[37.2921022,55.6545607],[37.290921,55.655349],[37.2885859,55.6548888],[37.2895877,55.6519478],[37.2900957,55.651944],[37.2902143,55.6484944],[37.2828129,55.6495367],[37.2773891,55.6494345],[37.2773583,55.649661],[37.2753863,55.6496037],[37.2753777,55.6501223],[37.2714137,55.650525],[37.2714907,55.6515065],[37.2673606,55.6506812],[37.267193,55.6503726],[37.2661825,55.6503723],[37.2656877,55.6494889],[37.2633531,55.6500426],[37.2621013,55.6500668],[37.2616017,55.6495367],[37.2573516,55.6492982],[37.2532734,55.6479914],[37.2488942,55.6456366],[37.2408203,55.6437305],[37.2412642,55.6431536],[37.241555,55.6432245],[37.2406147,55.6418635],[37.2388452,55.6420895],[37.2371924,55.6401731],[37.2351353,55.6387035],[37.2359693,55.6377932],[37.2350901,55.6373606],[37.2356754,55.6371109],[37.2363575,55.6359836],[37.2393897,55.6353258],[37.2400519,55.6341953],[37.240717,55.6341997],[37.2408375,55.6338384],[37.243271,55.6340362],[37.2438889,55.6335642],[37.2420101,55.6328397],[37.2401098,55.6325269],[37.2384595,55.6310426],[37.2350611,55.6289021],[37.2376231,55.6274725],[37.2374386,55.626491],[37.2357827,55.6248652],[37.2344001,55.6253],[37.2330629,55.625029],[37.2320197,55.6254034],[37.2292053,55.6245168],[37.2286086,55.6237836],[37.2256346,55.6232302],[37.2263374,55.6226532],[37.2293493,55.6213634],[37.2290128,55.6202011],[37.2273077,55.6196406],[37.2247907,55.6215142],[37.2221999,55.6204884],[37.2201903,55.6215801],[37.2195368,55.6213835],[37.2179988,55.6220527],[37.2177146,55.6224326],[37.2166718,55.6219493],[37.2145561,55.6227591],[37.2115913,55.6201535],[37.2112733,55.6201053],[37.2096504,55.6210009],[37.2098634,55.621227],[37.2068403,55.622902],[37.1957687,55.6209847],[37.1886489,55.6201733],[37.1854743,55.6187847],[37.1867703,55.6127264],[37.1845189,55.6124445],[37.1843974,55.6126503],[37.1822467,55.6128981],[37.1814276,55.6109121],[37.18015,55.6096255],[37.1796117,55.6097112],[37.1773901,55.6072624],[37.1747171,55.6065102],[37.1720429,55.6052282],[37.1638954,55.6055263],[37.1601568,55.6042443],[37.1517971,55.6042234],[37.147166,55.6057528],[37.1471655,55.6072195],[37.1461173,55.6093796],[37.145171,55.6091424],[37.1457541,55.6082916],[37.1446717,55.6086924],[37.1442405,55.6091571],[37.1434963,55.6086676],[37.1424864,55.6091606],[37.14019,55.6084575],[37.1403342,55.6081092],[37.1326594,55.6055784],[37.1340274,55.6040467],[37.1331439,55.6033598],[37.1345233,55.6021888],[37.1347813,55.6013166],[37.1344216,55.6006573],[37.132427,55.5991855],[37.1304496,55.5988994],[37.1239601,55.5989605],[37.1196966,55.6007624],[37.1186071,55.6017141],[37.1182958,55.6033673],[37.1177472,55.6044504],[37.1167824,55.6056143],[37.1164617,55.6056356],[37.1090685,55.6037287],[37.1081393,55.6037613],[37.1022096,55.6024867],[37.0957269,55.6001139],[37.0991405,55.5961291],[37.091995,55.5961835],[37.0917868,55.5960301],[37.0948648,55.5925064],[37.0872002,55.5904847]]]}},{"type":"Feature","bbox":[37.1316021,55.9480078,37.268302,56.0212238],"properties":{"scope":"zone","name":"Зеленоградский","aoName":"Зеленоградский","unitType":"Административный округ","okato":"45272000","oktmo":"","type":"administrative","category":"boundary","display_name":"Зеленоградский административный округ, Зеленоград, Москва, Центральный федеральный округ, Россия","source":"OpenStreetMap / Nominatim","refreshedAt":"2026-09-17"},"geometry":{"type":"Polygon","coordinates":[[[37.1316021,56.0164459],[37.1390684,56.0095945],[37.1394169,56.0097213],[37.1511709,55.9995486],[37.1491992,55.9983433],[37.1502483,55.9975337],[37.1499296,55.9965725],[37.1513682,55.9962133],[37.152711,55.994242],[37.1527443,55.9930578],[37.150691,55.9931332],[37.1488217,55.9921204],[37.1496616,55.991567],[37.1495825,55.9911696],[37.1478376,55.9908021],[37.1469252,55.9910209],[37.1456018,55.990116],[37.1440873,55.9898821],[37.1487335,55.9769919],[37.1487736,55.9702666],[37.1463797,55.9699697],[37.1455974,55.9660427],[37.1470119,55.9660349],[37.1483029,55.9656039],[37.1466108,55.9637194],[37.1474157,55.9633483],[37.1479416,55.9635283],[37.1492328,55.9630419],[37.149624,55.9622873],[37.1507193,55.9625258],[37.1511552,55.9618777],[37.1516231,55.9617892],[37.1530383,55.9618865],[37.1532432,55.9623197],[37.1541848,55.9624265],[37.154249,55.9619559],[37.154456,55.9619141],[37.1562874,55.9621345],[37.1564966,55.9619784],[37.1568535,55.9625578],[37.1578428,55.9623927],[37.1580829,55.9619992],[37.159278,55.9618903],[37.1595276,55.9619805],[37.1590264,55.9624625],[37.1594204,55.962495],[37.1601704,55.9620833],[37.1599927,55.9618993],[37.1603316,55.9614937],[37.1606771,55.9614777],[37.161014,55.9618615],[37.1616778,55.9614896],[37.1619941,55.9609159],[37.1619132,55.9600188],[37.1627574,55.9601202],[37.1623721,55.9595502],[37.1630573,55.9590231],[37.1633233,55.9590572],[37.1632978,55.9593981],[37.1640404,55.9594924],[37.1640371,55.9589706],[37.1660268,55.9590673],[37.1657311,55.9587446],[37.1659944,55.9585137],[37.1672961,55.9585208],[37.1671846,55.9589284],[37.1676415,55.9590573],[37.1691449,55.9588613],[37.169054,55.9593206],[37.1681062,55.9594338],[37.168944,55.9599154],[37.1686421,55.9607015],[37.1697958,55.9608465],[37.1714702,55.9606801],[37.1732224,55.9600607],[37.173791,55.9593965],[37.1724922,55.9584742],[37.1725598,55.9579344],[37.1748638,55.9574757],[37.1772214,55.9583302],[37.1776085,55.958712],[37.1785276,55.9583633],[37.1813548,55.9584409],[37.1825098,55.9587334],[37.1827162,55.9582473],[37.1844112,55.9573578],[37.183335,55.9556326],[37.1842377,55.9550727],[37.1832169,55.9542615],[37.1864035,55.9530893],[37.1875313,55.9554467],[37.1888245,55.9561139],[37.1943295,55.9550392],[37.1938648,55.9545043],[37.1952343,55.9537653],[37.1959052,55.9547182],[37.202851,55.9532172],[37.2029168,55.9517714],[37.2019145,55.9496702],[37.2015293,55.949413],[37.2017515,55.9489423],[37.2023482,55.9485977],[37.2049645,55.9482027],[37.2081036,55.9491606],[37.2087124,55.9487559],[37.2084426,55.9484076],[37.2095659,55.9485207],[37.2111045,55.9480719],[37.2113333,55.9484521],[37.2122624,55.9484883],[37.21199,55.9487964],[37.2135367,55.9482854],[37.2144807,55.9488032],[37.2157605,55.9484854],[37.2165072,55.948724],[37.2174548,55.9480078],[37.2179424,55.9482059],[37.2199076,55.9502304],[37.2184454,55.9514662],[37.219285,55.9530747],[37.2207934,55.9540293],[37.2185558,55.9552062],[37.2193881,55.9571182],[37.2172453,55.9579073],[37.2153356,55.9563228],[37.2138271,55.9566009],[37.2129634,55.9558351],[37.212592,55.9558441],[37.2113848,55.9564182],[37.2101783,55.9573718],[37.2093294,55.960172],[37.2072985,55.9614473],[37.2068763,55.9614407],[37.2056539,55.9628403],[37.2056397,55.9631208],[37.20928,55.9644195],[37.2115659,55.9671511],[37.2091156,55.9681923],[37.2089162,55.9686813],[37.2076749,55.9687217],[37.2085291,55.9700967],[37.2124004,55.9692435],[37.2131413,55.9701733],[37.2113032,55.9704557],[37.2117745,55.9732403],[37.2128397,55.9765963],[37.2149228,55.9760791],[37.2155578,55.9766825],[37.2170014,55.9759938],[37.2187735,55.9772412],[37.2177532,55.9777369],[37.2170506,55.9776682],[37.2174582,55.9783647],[37.2189124,55.9803601],[37.2205147,55.9813061],[37.2218044,55.9816489],[37.2237723,55.9817038],[37.2248232,55.9812642],[37.2250354,55.9807721],[37.2256642,55.9805281],[37.2254165,55.9802896],[37.2258554,55.9800801],[37.2260618,55.9802662],[37.2266391,55.9798883],[37.2269298,55.980088],[37.2273553,55.9798162],[37.2289297,55.9802889],[37.2301717,55.9802425],[37.2307778,55.9799001],[37.23044,55.979482],[37.2306533,55.9789095],[37.2322105,55.9790629],[37.2331768,55.9787321],[37.233266,55.9784951],[37.2342574,55.9787809],[37.2348913,55.9793524],[37.2354318,55.9793535],[37.2351475,55.9796232],[37.2358184,55.9797992],[37.2365642,55.9796589],[37.2367531,55.9790945],[37.2375574,55.9789681],[37.2377457,55.9791812],[37.2383718,55.9787869],[37.2386673,55.9789976],[37.2396081,55.9788496],[37.2397184,55.9791036],[37.2401959,55.9790556],[37.2408991,55.9794826],[37.2419261,55.979338],[37.2425056,55.9789814],[37.2426429,55.9785516],[37.2423676,55.9782685],[37.2429947,55.9778805],[37.2435777,55.9778504],[37.2435751,55.9773794],[37.2440778,55.977189],[37.2440902,55.9769374],[37.2436962,55.9766983],[37.2464974,55.9757394],[37.25327,55.9704143],[37.2524878,55.9678978],[37.2532071,55.9678133],[37.2544831,55.968127],[37.2573362,55.9676679],[37.2600364,55.9679085],[37.2611663,55.9674515],[37.2609457,55.9672909],[37.2622617,55.9668768],[37.268302,55.9678365],[37.2681368,55.9682126],[37.2612918,55.9680732],[37.2615811,55.9699104],[37.2610555,55.9699023],[37.2614608,55.971425],[37.2631781,55.9718984],[37.263798,55.9727113],[37.2638711,55.9729044],[37.2636079,55.9730153],[37.2639197,55.9730332],[37.266438,55.9794662],[37.2654083,55.9796474],[37.2661626,55.9811435],[37.2677431,55.9819338],[37.2673546,55.9824283],[37.2651738,55.9830376],[37.2655035,55.9844898],[37.265107,55.9858838],[37.2642352,55.9869114],[37.2644583,55.9871372],[37.263946,55.9873183],[37.2630137,55.9885412],[37.2611111,55.9879385],[37.2555496,55.9872614],[37.2537923,55.9882694],[37.2573079,55.9900582],[37.2592816,55.991703],[37.2605357,55.9931529],[37.2484437,55.9978412],[37.2485038,55.9983936],[37.2474509,55.9990808],[37.2470322,56.0001369],[37.2463117,56.0008098],[37.2443672,56.0010943],[37.2434039,56.0008937],[37.2423008,56.0002817],[37.2106648,56.0124305],[37.2113025,56.0129758],[37.2073752,56.0171497],[37.206904,56.0171737],[37.2038305,56.0159427],[37.2032502,56.0154857],[37.1889779,56.0212238],[37.1869984,56.0199938],[37.1845117,56.0200182],[37.1842124,56.0197214],[37.1852849,56.0189154],[37.1814741,56.0167156],[37.1791188,56.0160539],[37.1776116,56.0151322],[37.171253,56.0146262],[37.1677442,56.0138908],[37.1646153,56.0142329],[37.1638246,56.0135953],[37.1626554,56.0139375],[37.1617302,56.0132212],[37.1588626,56.0137002],[37.158661,56.014142],[37.1599626,56.0144412],[37.1591858,56.0153355],[37.159778,56.0158978],[37.1597544,56.0163625],[37.158256,56.0179977],[37.155052,56.017639],[37.1505203,56.0164989],[37.1500948,56.0172227],[37.1452354,56.0180924],[37.1441842,56.0176922],[37.1433486,56.0176918],[37.1387536,56.0183722],[37.138927,56.017892],[37.1360907,56.0191079],[37.1326592,56.016777],[37.1316021,56.0164459]]]}},{"type":"Feature","bbox":[37.4557187,55.516684,37.614921,55.7142058],"properties":{"scope":"zone","name":"Юго-Западный","aoName":"Юго-Западный","unitType":"Административный округ","okato":"45293000","oktmo":"","type":"administrative","category":"boundary","display_name":"Юго-Западный административный округ, район Коммунарка, Москва, Центральный федеральный округ, Россия","source":"OpenStreetMap / Nominatim","refreshedAt":"2026-09-17"},"geometry":{"type":"Polygon","coordinates":[[[37.4557187,55.6370488],[37.4560027,55.636875],[37.4579587,55.637385],[37.4607823,55.6370638],[37.4644825,55.6336958],[37.4659737,55.633139],[37.466833,55.6323657],[37.4674921,55.6313616],[37.4693924,55.6297153],[37.481533,55.6193081],[37.4876936,55.6143544],[37.4888953,55.6132759],[37.4891195,55.6107224],[37.487842,55.6083904],[37.4887893,55.608164],[37.4898454,55.609611],[37.491179,55.6101003],[37.4927469,55.6087716],[37.4940975,55.6085736],[37.5021825,55.6016081],[37.5065527,55.5982494],[37.5118794,55.5955961],[37.5180898,55.5936478],[37.5262906,55.5916192],[37.5274129,55.590362],[37.5272405,55.5896631],[37.5290791,55.5895265],[37.5301569,55.5906626],[37.5304243,55.5906958],[37.5472658,55.586663],[37.5456713,55.5855826],[37.5454146,55.5849398],[37.5459115,55.5848254],[37.5462463,55.5841122],[37.5472746,55.5838948],[37.5491709,55.5829504],[37.5495153,55.5822685],[37.5489921,55.5824649],[37.5495509,55.5820858],[37.5496407,55.5814151],[37.5504209,55.5806593],[37.5511787,55.5803213],[37.545742,55.5783573],[37.5419016,55.5785535],[37.540913,55.5788372],[37.5407877,55.5790545],[37.5410234,55.5792324],[37.5386505,55.5795598],[37.5368462,55.577289],[37.5392964,55.5767203],[37.5387246,55.5759206],[37.539947,55.5760432],[37.5395031,55.5744015],[37.5395423,55.573263],[37.5368835,55.5730962],[37.5372358,55.5723867],[37.5389077,55.5722054],[37.5403199,55.5716706],[37.5406863,55.5711273],[37.543679,55.5707527],[37.5445091,55.57022],[37.5461161,55.5699389],[37.5469486,55.5704487],[37.5475033,55.5703996],[37.5488783,55.5699379],[37.5478851,55.5689233],[37.5534945,55.5676245],[37.5534487,55.5649232],[37.5531575,55.5640597],[37.5525068,55.5636521],[37.5505874,55.5636035],[37.5503542,55.5629287],[37.5520122,55.561846],[37.554799,55.5614779],[37.5529687,55.5562265],[37.5521474,55.554869],[37.5494658,55.5541314],[37.5488225,55.5526259],[37.544878,55.55202],[37.5291881,55.5552455],[37.5144961,55.548505],[37.511115,55.544986],[37.5077676,55.5429454],[37.4934494,55.5396458],[37.4887675,55.5396281],[37.4878655,55.5397681],[37.4877481,55.5400867],[37.4874804,55.540092],[37.4874673,55.5399085],[37.4861751,55.539793],[37.4755165,55.5372951],[37.475709,55.5353874],[37.4726812,55.5349109],[37.4726176,55.5345989],[37.4701898,55.5340521],[37.4707001,55.5318364],[37.4708997,55.5296048],[37.4712826,55.5295634],[37.4712249,55.5293376],[37.4709252,55.5293764],[37.4709829,55.5288439],[37.4712978,55.5290217],[37.4723087,55.5288203],[37.4728247,55.5281769],[37.4736029,55.5278833],[37.4741501,55.5273481],[37.4763788,55.5264205],[37.4779211,55.5261261],[37.4789075,55.5265167],[37.480173,55.526205],[37.4829393,55.5271589],[37.4827963,55.5278148],[37.4831618,55.5282629],[37.4831153,55.5286047],[37.48495,55.5291696],[37.4854807,55.5296237],[37.4866653,55.5298007],[37.4882321,55.5294575],[37.4893642,55.5299971],[37.4893942,55.5296491],[37.4902945,55.5293308],[37.4917788,55.5289921],[37.4922671,55.5291595],[37.4926131,55.5286892],[37.494018,55.5284414],[37.4938967,55.5282436],[37.494379,55.5281373],[37.494803,55.5275321],[37.4967591,55.5271994],[37.4973117,55.5273089],[37.4977189,55.5267656],[37.4979047,55.5269294],[37.4991688,55.5267545],[37.5019197,55.5276842],[37.5022977,55.5276079],[37.5022238,55.5270756],[37.5025794,55.526914],[37.5025317,55.5266753],[37.5030695,55.5269471],[37.5037986,55.5267211],[37.5041282,55.5268588],[37.5044811,55.5267416],[37.5044957,55.5264095],[37.5069331,55.5271171],[37.5079325,55.5268832],[37.5082003,55.5270867],[37.508564,55.5268342],[37.510028,55.5268957],[37.5099214,55.5266562],[37.5104543,55.5264815],[37.5132556,55.5263957],[37.5193687,55.5254967],[37.5194014,55.524994],[37.5202022,55.5238681],[37.5201236,55.5224844],[37.5228099,55.5216342],[37.5274982,55.5211929],[37.5295791,55.5205452],[37.5326508,55.5187602],[37.5351234,55.5179618],[37.534419,55.5200753],[37.534544,55.5228191],[37.5360308,55.5253215],[37.537967,55.5269385],[37.5402961,55.5281684],[37.543658,55.5293622],[37.5471561,55.5299458],[37.5524825,55.5299552],[37.5578827,55.5287255],[37.55938,55.5281421],[37.5623241,55.526277],[37.564203,55.5240451],[37.564958,55.5220146],[37.5648011,55.5206068],[37.5640992,55.5184948],[37.5647788,55.518411],[37.5653604,55.5204367],[37.5668751,55.5202911],[37.5661789,55.5170806],[37.5676921,55.516684],[37.5771272,55.5172033],[37.5803221,55.5277603],[37.58072,55.5277172],[37.5822123,55.5316397],[37.5839151,55.5371993],[37.5833174,55.5378616],[37.585445,55.5453421],[37.5881189,55.5527328],[37.5882062,55.553691],[37.589454,55.557683],[37.5942413,55.5608762],[37.5988327,55.5627245],[37.6009257,55.5633246],[37.6035767,55.5645916],[37.6022876,55.5663727],[37.598397,55.5666055],[37.5974676,55.5668718],[37.5975532,55.5678882],[37.5971963,55.5690831],[37.5922404,55.5753999],[37.5900931,55.5768957],[37.5729399,55.5809669],[37.5737429,55.5816952],[37.5736777,55.5822096],[37.5760749,55.5842567],[37.5774788,55.5863496],[37.5774765,55.5869894],[37.5770668,55.5872209],[37.5767866,55.5878666],[37.5776217,55.5892199],[37.5768643,55.5893149],[37.5771393,55.5916342],[37.578974,55.5959134],[37.5802368,55.5958133],[37.5801979,55.5968987],[37.580571,55.5977608],[37.5766634,55.5978687],[37.5764301,55.598155],[37.5767147,55.5992866],[37.5776734,55.6001699],[37.5792964,55.6010331],[37.5817703,55.6034936],[37.5815648,55.6043428],[37.5778221,55.6043664],[37.5757622,55.6062573],[37.5748996,55.606596],[37.5739863,55.6066513],[37.573616,55.60595],[37.5718677,55.6059887],[37.571299,55.6067179],[37.5698955,55.607243],[37.5697983,55.6080693],[37.5699163,55.6084693],[37.5736164,55.6083608],[37.5746859,55.6088169],[37.5755756,55.6109835],[37.5757104,55.6122829],[37.5746262,55.6132284],[37.5775274,55.6143282],[37.5780867,55.614758],[37.5759344,55.6155066],[37.5794247,55.6196914],[37.5804987,55.6193862],[37.5788852,55.6200949],[37.5775513,55.6192541],[37.574745,55.6200474],[37.5763973,55.6217558],[37.5769209,55.6219629],[37.5788428,55.6217451],[37.578308,55.622052],[37.5787148,55.6222363],[37.5799079,55.6217421],[37.5805352,55.6217889],[37.5826329,55.6232446],[37.5822192,55.6233277],[37.5816589,55.6229194],[37.5819264,55.6236362],[37.5813932,55.6240714],[37.5823542,55.6243623],[37.5820298,55.6245849],[37.5827831,55.6251651],[37.5838164,55.6269123],[37.5843505,55.6266836],[37.5846823,55.6277039],[37.5841914,55.6275846],[37.5840882,55.627995],[37.5847405,55.6279252],[37.5850272,55.628723],[37.5842215,55.6284348],[37.5841652,55.6286932],[37.5851468,55.6292006],[37.5858754,55.6308714],[37.5858587,55.6311686],[37.5852426,55.6314864],[37.58382,55.6314728],[37.5772657,55.6326769],[37.577406,55.6343603],[37.579058,55.6354052],[37.5792798,55.6357807],[37.5801576,55.6355636],[37.5805944,55.635911],[37.5798446,55.6360226],[37.5811043,55.6372784],[37.5816659,55.6372003],[37.5822546,55.638467],[37.5814907,55.63896],[37.5814477,55.6394871],[37.5821553,55.6396523],[37.5816158,55.6399653],[37.5812618,55.6408951],[37.5819231,55.6409],[37.5820011,55.6412222],[37.5807067,55.6423332],[37.5792904,55.6428012],[37.5793622,55.6436152],[37.5800031,55.6438219],[37.5801147,55.644941],[37.5804124,55.6449225],[37.5803884,55.6453262],[37.5902236,55.6423972],[37.6056701,55.6413716],[37.6054137,55.65653],[37.6135718,55.6634793],[37.6076464,55.6640831],[37.6088349,55.6651531],[37.6106892,55.664966],[37.6108655,55.6654964],[37.6116452,55.66608],[37.6070449,55.6681891],[37.6059069,55.6690658],[37.6057896,55.6705589],[37.6066929,55.6711721],[37.6056311,55.6723005],[37.6066247,55.6728679],[37.6073783,55.6746682],[37.6085902,55.6753362],[37.6084809,55.6756786],[37.6089553,55.6763047],[37.6101849,55.6769658],[37.6112922,55.6772175],[37.6117107,55.6786056],[37.6141474,55.6803811],[37.6146941,55.6805557],[37.614921,55.6809259],[37.6147607,55.6819975],[37.6145804,55.6826896],[37.6139701,55.6831716],[37.6137024,55.6844758],[37.6106538,55.6839671],[37.6086084,55.6838867],[37.607168,55.684196],[37.605713,55.6849572],[37.6049491,55.6860546],[37.6052903,55.6880743],[37.6051012,55.6891501],[37.6044927,55.6897973],[37.6035132,55.6903468],[37.6037863,55.6906298],[37.6019757,55.6915367],[37.6015422,55.6915516],[37.5961214,55.6961337],[37.5873424,55.7063265],[37.5887529,55.7071218],[37.584227,55.7095136],[37.5776083,55.7142058],[37.574928,55.7131177],[37.5696101,55.7116173],[37.5654006,55.7107574],[37.5592321,55.7102802],[37.5365712,55.6935632],[37.5116624,55.6797306],[37.5142637,55.678286],[37.5240099,55.6737058],[37.5200937,55.6708846],[37.5016534,55.6585246],[37.4557187,55.6370488]]]}},{"type":"Feature","bbox":[37.6606903,55.6229597,37.9674277,55.7753027],"properties":{"scope":"zone","name":"Юго-Восточный","aoName":"Юго-Восточный","unitType":"Административный округ","okato":"45290000","oktmo":"","type":"administrative","category":"boundary","display_name":"Юго-Восточный административный округ, Москва, Центральный федеральный округ, Россия","source":"OpenStreetMap / Nominatim","refreshedAt":"2026-09-17"},"geometry":{"type":"MultiPolygon","coordinates":[[[[37.6606903,55.7307034],[37.6627185,55.7276605],[37.6635975,55.7252212],[37.6636775,55.718132],[37.667811,55.7052824],[37.6672891,55.7007415],[37.6709548,55.7005007],[37.6729338,55.6996769],[37.6744855,55.6985085],[37.6790113,55.6981917],[37.6842701,55.6974223],[37.6947839,55.6953506],[37.7075727,55.6932705],[37.7121217,55.6884568],[37.7123792,55.6846586],[37.71195,55.6813198],[37.7047617,55.6773626],[37.7026565,55.6765772],[37.6907475,55.6732397],[37.6893415,55.6727019],[37.6874025,55.6711564],[37.6824243,55.6706239],[37.6750428,55.6676469],[37.6732404,55.6651055],[37.6723821,55.6619828],[37.6715218,55.6557793],[37.6716505,55.6543508],[37.6725947,55.6532128],[37.6745688,55.65176],[37.6780449,55.649944],[37.6889454,55.6452218],[37.6944815,55.6432843],[37.6994168,55.6421218],[37.7132784,55.6394575],[37.7295024,55.6408925],[37.7453811,55.6398994],[37.7495868,55.640626],[37.766195,55.6454457],[37.7797992,55.6487391],[37.783447,55.6485454],[37.7853353,55.6473346],[37.7855069,55.6451066],[37.7838332,55.6425879],[37.7850349,55.6332623],[37.7867086,55.6302582],[37.7897556,55.6257517],[37.793561,55.6229597],[37.7958476,55.6242264],[37.8006022,55.6274596],[37.8006474,55.6276939],[37.8074738,55.6319307],[37.8181167,55.6390925],[37.8207199,55.6394263],[37.8217579,55.6390816],[37.8235106,55.6396749],[37.824164,55.6404868],[37.8226563,55.6413679],[37.8226572,55.6416176],[37.8248319,55.6433907],[37.8351163,55.6502424],[37.8377182,55.65328],[37.8390998,55.6554662],[37.8411397,55.6551916],[37.8412659,55.6553475],[37.840962,55.6555593],[37.8416266,55.6578452],[37.840133,55.6582724],[37.8400337,55.6621072],[37.8395998,55.6640071],[37.8340993,55.679107],[37.832464,55.6830379],[37.8327674,55.6840322],[37.8333804,55.6843898],[37.8346578,55.6846435],[37.8368553,55.684258],[37.8475613,55.6799978],[37.8568896,55.6757013],[37.8589569,55.6772117],[37.864792,55.6873501],[37.8647451,55.6882644],[37.8600053,55.6910309],[37.8608128,55.6917604],[37.8640933,55.6936883],[37.858739,55.6973656],[37.8561665,55.6987648],[37.858407,55.7001245],[37.8573155,55.7006976],[37.858176,55.7012543],[37.853409,55.7035402],[37.8534354,55.7037885],[37.7758967,55.7299391],[37.7622053,55.7367079],[37.7599989,55.7372466],[37.7527664,55.7382581],[37.74935,55.7391567],[37.7467226,55.7403678],[37.7423739,55.7436661],[37.7393417,55.745177],[37.7244463,55.7492324],[37.7213653,55.7506351],[37.7197448,55.7518501],[37.7183854,55.753419],[37.7177565,55.7549601],[37.7176602,55.7559645],[37.7181798,55.7580182],[37.7206319,55.7624647],[37.7207817,55.7658833],[37.7200863,55.7671338],[37.7173674,55.7701455],[37.7136135,55.7753027],[37.7045926,55.7707272],[37.7025185,55.770029],[37.6972239,55.7668218],[37.6921989,55.7694899],[37.6890397,55.7677739],[37.6858452,55.7639835],[37.6858386,55.7620447],[37.6841593,55.7602741],[37.682588,55.7595356],[37.6802155,55.7590725],[37.6730154,55.7593289],[37.6712776,55.758803],[37.6704937,55.7579563],[37.6703968,55.7576028],[37.6709121,55.7574281],[37.672941,55.7540014],[37.6730606,55.7534343],[37.6725497,55.7523878],[37.6705308,55.7507488],[37.6731061,55.7500502],[37.6806622,55.74875],[37.6832039,55.7480005],[37.6937029,55.7431755],[37.6952841,55.7423198],[37.6970804,55.7407909],[37.6998353,55.7363169],[37.6988622,55.7364362],[37.6982001,55.7352348],[37.6937001,55.7293029],[37.6921577,55.7295403],[37.6881988,55.7317728],[37.6854092,55.7330418],[37.6858384,55.7301132],[37.6840596,55.7300307],[37.6841025,55.7295836],[37.68333,55.7291456],[37.6814418,55.7290399],[37.6815705,55.728472],[37.6804055,55.7284116],[37.6805828,55.7276832],[37.6789183,55.7282645],[37.6777335,55.7273551],[37.6705808,55.7258255],[37.6674635,55.7308639],[37.6662402,55.7315357],[37.6644263,55.7314673],[37.6606903,55.7307034]]],[[[37.9061276,55.7062585],[37.9073625,55.7046228],[37.9094353,55.7049351],[37.9114697,55.7047888],[37.9123064,55.7034441],[37.9122367,55.7029951],[37.913525,55.7021999],[37.9134366,55.6978652],[37.9151667,55.6970473],[37.9189383,55.6994252],[37.924743,55.6970422],[37.9266095,55.6982211],[37.9398067,55.6980146],[37.939877,55.696504],[37.9358711,55.696811],[37.9282528,55.6949993],[37.927405,55.6940575],[37.9275831,55.6939798],[37.9231927,55.6892714],[37.9224346,55.6888083],[37.9186031,55.68826],[37.9177251,55.6876942],[37.9172582,55.6862674],[37.9132908,55.6833168],[37.9142673,55.6830077],[37.9137928,55.6816045],[37.9185404,55.680796],[37.9189453,55.6805191],[37.9204717,55.676143],[37.9486257,55.6755023],[37.9496509,55.6751617],[37.9633779,55.673656],[37.9637963,55.6739042],[37.9634687,55.6744245],[37.9617389,55.6751315],[37.9613556,55.6756369],[37.9618771,55.6769603],[37.9618591,55.6777142],[37.9644024,55.6798146],[37.9633796,55.680907],[37.9635879,55.6815758],[37.9630657,55.6823177],[37.9630378,55.6828163],[37.9634911,55.6833513],[37.9635462,55.6841816],[37.9637986,55.6845183],[37.9629849,55.6850358],[37.9628732,55.6856636],[37.9632055,55.6859385],[37.9647713,55.6861743],[37.9632451,55.6865588],[37.9635704,55.6870424],[37.9634548,55.6873656],[37.9611673,55.6880814],[37.9609437,55.6884701],[37.9611844,55.6890271],[37.9591458,55.6895692],[37.9578801,55.6894508],[37.9602039,55.692774],[37.9575785,55.6938492],[37.9563543,55.6927429],[37.9539295,55.692726],[37.9556123,55.6945131],[37.9508767,55.6961866],[37.9497773,55.6952421],[37.9486602,55.6950725],[37.9462308,55.6966727],[37.9450608,55.6968562],[37.9447161,55.6971238],[37.9448393,55.697767],[37.9455387,55.6980898],[37.945237,55.6991227],[37.9463598,55.6995541],[37.9466318,55.7000094],[37.9471254,55.7002776],[37.9494124,55.7000074],[37.9516989,55.7006596],[37.9533496,55.7006091],[37.9531583,55.7012281],[37.9529031,55.7013629],[37.9532962,55.7020756],[37.9542086,55.7027752],[37.9557559,55.7027316],[37.9565075,55.7022066],[37.9560377,55.7011036],[37.9570098,55.7008737],[37.9589259,55.7026134],[37.9582197,55.7029398],[37.9597448,55.7045084],[37.9579107,55.7059401],[37.9543952,55.7069382],[37.9541942,55.7066826],[37.947302,55.7085965],[37.9496668,55.7113411],[37.9530979,55.7112623],[37.964077,55.7093106],[37.9667697,55.7102269],[37.9667063,55.7104986],[37.9598592,55.7140911],[37.9606662,55.7147541],[37.9650216,55.7154398],[37.9673167,55.7160403],[37.9674277,55.716249],[37.9584742,55.7176168],[37.9555126,55.720222],[37.9498234,55.720004],[37.948041,55.7202503],[37.9474751,55.7200604],[37.9451088,55.7208715],[37.9365872,55.7162384],[37.9280699,55.716159],[37.9262538,55.7151497],[37.9261146,55.7121868],[37.9247941,55.7111173],[37.9219165,55.7079613],[37.9192451,55.7076064],[37.9070118,55.7069911],[37.9061276,55.7062585]]]]}},{"type":"Feature","bbox":[37.5139298,55.7102802,37.7135295,55.7971703],"properties":{"scope":"zone","name":"Центральный","aoName":"Центральный","unitType":"Административный округ","okato":"45286000","oktmo":"","type":"administrative","category":"boundary","display_name":"Центральный административный округ, Москва, Центральный федеральный округ, Россия","source":"OpenStreetMap / Nominatim","refreshedAt":"2026-09-17"},"geometry":{"type":"Polygon","coordinates":[[[37.5139298,55.7584219],[37.516299,55.7568334],[37.5176723,55.7546358],[37.5185027,55.7525846],[37.5220496,55.7475834],[37.5236375,55.7463273],[37.5255687,55.7453369],[37.527972,55.7446122],[37.5324042,55.7443963],[37.5357486,55.7445821],[37.5403745,55.7454577],[37.5435502,55.7465205],[37.5545352,55.7514364],[37.5601783,55.7530784],[37.5640208,55.7535974],[37.5678832,55.7533558],[37.5708015,55.7527279],[37.5730331,55.751472],[37.5740201,55.7503369],[37.5744922,55.7488635],[37.5744493,55.7463273],[37.5738914,55.7447089],[37.5683267,55.7385525],[37.5657503,55.736401],[37.5636326,55.7350954],[37.5590625,55.7330687],[37.5530345,55.7299466],[37.5449026,55.7270557],[37.5430747,55.7255663],[37.5418635,55.7240396],[37.5411815,55.7220558],[37.5410812,55.7201251],[37.5418853,55.7175946],[37.5433307,55.7156172],[37.5459418,55.713687],[37.5485159,55.7122628],[37.552897,55.7109726],[37.5568729,55.7103426],[37.5592321,55.7102802],[37.5654006,55.7107574],[37.5696101,55.7116173],[37.574928,55.7131177],[37.5776083,55.7142058],[37.5821396,55.7109925],[37.5827864,55.7112279],[37.5839253,55.7110138],[37.585232,55.7112481],[37.585594,55.711091],[37.5883361,55.7130959],[37.5878737,55.7132951],[37.5884454,55.7137628],[37.5879384,55.7139531],[37.5889792,55.7146754],[37.5891755,55.7145791],[37.5894204,55.7147702],[37.5892373,55.7148545],[37.5905037,55.7157456],[37.5926713,55.7168706],[37.5907951,55.717873],[37.5921327,55.7188278],[37.5922285,55.7194285],[37.5927146,55.719686],[37.5929726,55.7195751],[37.5925649,55.719146],[37.5940838,55.7183252],[37.5968554,55.7201303],[37.5972368,55.7199632],[37.5974937,55.7201418],[37.5981281,55.7198467],[37.60031,55.7213012],[37.6093473,55.7195213],[37.6100957,55.7214266],[37.6143041,55.7210255],[37.6155773,55.7200829],[37.6278928,55.7213649],[37.6330619,55.7225646],[37.6358021,55.72202],[37.6364244,55.7235433],[37.6400073,55.7229009],[37.6417645,55.7222109],[37.6437423,55.7224038],[37.6449111,55.7280119],[37.645995,55.729465],[37.6522857,55.7280661],[37.6542108,55.7288214],[37.6557668,55.7276237],[37.6567176,55.7263724],[37.6631267,55.7267583],[37.6606903,55.7307034],[37.6658108,55.7316354],[37.6674635,55.7308639],[37.6705808,55.7258255],[37.6777335,55.7273551],[37.6789183,55.7282645],[37.6805828,55.7276832],[37.6804055,55.7284116],[37.6815705,55.728472],[37.6814418,55.7290399],[37.68333,55.7291456],[37.6841025,55.7295836],[37.6840596,55.7300307],[37.6858384,55.7301132],[37.6854092,55.7330418],[37.6881988,55.7317728],[37.6921577,55.7295403],[37.6937001,55.7293029],[37.6982001,55.7352348],[37.6988622,55.7364362],[37.6998353,55.7363169],[37.6970804,55.7407909],[37.6952841,55.7423198],[37.6937029,55.7431755],[37.6832039,55.7480005],[37.6806622,55.74875],[37.6731061,55.7500502],[37.6705308,55.7507488],[37.6725497,55.7523878],[37.6730606,55.7534343],[37.672941,55.7540014],[37.6709121,55.7574281],[37.6703968,55.7576028],[37.6704937,55.7579563],[37.6712776,55.758803],[37.6730154,55.7593289],[37.6802155,55.7590725],[37.682588,55.7595356],[37.6841593,55.7602741],[37.6858386,55.7620447],[37.6858452,55.7639835],[37.6890397,55.7677739],[37.6921989,55.7694899],[37.6972239,55.7668218],[37.7025185,55.770029],[37.7045926,55.7707272],[37.7135295,55.7752599],[37.7109312,55.7780007],[37.7093365,55.7792845],[37.7077419,55.7801608],[37.7052497,55.7809935],[37.7018967,55.7817704],[37.6995597,55.781968],[37.6882667,55.781899],[37.685813,55.7825747],[37.6518163,55.7890984],[37.651542,55.78936],[37.6460562,55.7909368],[37.640486,55.7946125],[37.635,55.7971703],[37.6344313,55.7944611],[37.6346377,55.7918923],[37.6324314,55.7918625],[37.6279594,55.7925078],[37.6163097,55.793116],[37.6168144,55.7865337],[37.6151361,55.7835353],[37.6153469,55.7826572],[37.6148355,55.7834787],[37.6130528,55.783401],[37.6123334,55.7825515],[37.6046083,55.7853117],[37.6017199,55.7851689],[37.6006396,55.7878018],[37.5992958,55.7924817],[37.5958899,55.7922257],[37.5893281,55.7924067],[37.5877997,55.7926366],[37.5886333,55.7920566],[37.5868414,55.7852387],[37.5854437,55.7810152],[37.5845745,55.7796766],[37.5810955,55.7774318],[37.5780999,55.7761477],[37.5759936,55.775608],[37.5710802,55.7754258],[37.5519166,55.7734083],[37.544434,55.772989],[37.5418632,55.7724063],[37.5389633,55.7711286],[37.5371295,55.7697608],[37.5366332,55.7690651],[37.536061,55.7661039],[37.5347649,55.7661935],[37.5340363,55.7650107],[37.5318193,55.7632157],[37.5242852,55.7598459],[37.5225622,55.7616884],[37.5139298,55.7584219]]]}},{"type":"Feature","bbox":[37.3313205,55.7598459,37.5886333,55.9572896],"properties":{"scope":"zone","name":"Северный","aoName":"Северный","unitType":"Административный округ","okato":"45277000","oktmo":"","type":"administrative","category":"boundary","display_name":"Северный административный округ, Москва, Центральный федеральный округ, Россия","source":"OpenStreetMap / Nominatim","refreshedAt":"2026-09-17"},"geometry":{"type":"MultiPolygon","coordinates":[[[[37.3313205,55.9338701],[37.3334455,55.9335885],[37.3366865,55.9326648],[37.3398343,55.9307309],[37.3435269,55.9266406],[37.3437067,55.9241832],[37.3492233,55.9260385],[37.3497022,55.9267761],[37.3564628,55.9299543],[37.3756398,55.9217077],[37.377823,55.9211143],[37.3769657,55.9207048],[37.3717351,55.9196431],[37.3688493,55.9179563],[37.3696713,55.9175133],[37.3660258,55.9153807],[37.3658403,55.9141697],[37.3682071,55.9102257],[37.3698614,55.9081959],[37.3767952,55.9112439],[37.3783502,55.9114895],[37.3830057,55.9113592],[37.3870521,55.9117312],[37.3942619,55.9144876],[37.3957806,55.9154976],[37.398713,55.9166177],[37.3949359,55.9193292],[37.393851,55.9211355],[37.393778,55.9215602],[37.3943312,55.9226576],[37.3968464,55.9261701],[37.4084134,55.9241346],[37.4106248,55.925248],[37.4102691,55.9272063],[37.4077466,55.9290304],[37.4094272,55.9296377],[37.4101622,55.9304426],[37.4098611,55.9314065],[37.4101679,55.9319133],[37.4094668,55.9330226],[37.4076688,55.9346914],[37.4066636,55.939028],[37.4077198,55.9392932],[37.4074528,55.939854],[37.4084228,55.9411325],[37.4082011,55.9414731],[37.4085786,55.9427713],[37.4103667,55.945258],[37.415558,55.9457605],[37.4161889,55.9465422],[37.4168021,55.94674],[37.4192998,55.9466966],[37.4208886,55.9471995],[37.4211368,55.9474815],[37.4207076,55.9497164],[37.4217832,55.9502361],[37.4224581,55.9513146],[37.4210469,55.951615],[37.4198547,55.9515805],[37.4198359,55.951986],[37.4204582,55.952516],[37.4199157,55.9530314],[37.4192398,55.9532776],[37.4167889,55.9534168],[37.4167836,55.9539303],[37.4161184,55.9543974],[37.4137634,55.9545265],[37.4131224,55.9541391],[37.4134013,55.9537275],[37.4121594,55.9539063],[37.4120066,55.9537997],[37.4121667,55.9534947],[37.4113789,55.953187],[37.4108344,55.9532816],[37.4105387,55.9539984],[37.4097233,55.9542052],[37.4081473,55.9539112],[37.4074765,55.9533538],[37.4076319,55.9529377],[37.4083185,55.9530489],[37.4086411,55.9527676],[37.4081951,55.9525022],[37.4079001,55.9517063],[37.4073959,55.9513294],[37.4064732,55.9514435],[37.4051723,55.9508983],[37.3980993,55.9497269],[37.3941887,55.9485901],[37.3932094,55.9486359],[37.3920805,55.9491232],[37.3916139,55.9500301],[37.3918871,55.9507314],[37.392985,55.9512875],[37.3931781,55.9518402],[37.3927919,55.9522727],[37.3902599,55.9519903],[37.3893801,55.9523207],[37.3895625,55.9528133],[37.3892192,55.9530836],[37.3876206,55.9533299],[37.3863653,55.9528613],[37.3847345,55.9532037],[37.3833198,55.9529551],[37.3828826,55.9526653],[37.3829234,55.9522845],[37.3837103,55.9515128],[37.3835505,55.9513137],[37.3826149,55.9508864],[37.3815823,55.9507932],[37.3772022,55.9524782],[37.3752549,55.9535925],[37.3751584,55.9544109],[37.3762313,55.9554425],[37.3719719,55.9561382],[37.3594469,55.9559712],[37.358211,55.9556423],[37.3582748,55.9552815],[37.3592083,55.9547835],[37.3579229,55.954734],[37.3584023,55.954555],[37.3577073,55.954484],[37.3581766,55.9534769],[37.3579972,55.9533316],[37.3560009,55.9535438],[37.3547616,55.9517115],[37.3534926,55.9511259],[37.3521331,55.9514894],[37.3503876,55.952475],[37.348819,55.9518948],[37.3464338,55.953622],[37.3463701,55.9543194],[37.346872,55.9550128],[37.3501948,55.9569202],[37.3495832,55.9572896],[37.3472722,55.9566503],[37.3445705,55.9564052],[37.3429914,55.9564282],[37.3415703,55.9568281],[37.3410173,55.9565621],[37.3417992,55.9559792],[37.3394677,55.9548276],[37.3350259,55.9535891],[37.3364424,55.9507148],[37.3385186,55.948859],[37.3381558,55.9485636],[37.3385741,55.9480078],[37.3405276,55.9462664],[37.3416982,55.9467499],[37.3479065,55.9432289],[37.3474532,55.9429426],[37.3510086,55.9407866],[37.3503948,55.940476],[37.3540987,55.9389069],[37.3514523,55.9372244],[37.3508811,55.9374477],[37.3495479,55.9366301],[37.3432683,55.9389578],[37.3386657,55.9370648],[37.3382088,55.9363776],[37.337379,55.9364081],[37.3358152,55.9357439],[37.3364918,55.9354447],[37.33678,55.9349949],[37.3363011,55.9347823],[37.334963,55.9353847],[37.3313205,55.9338701]]],[[[37.4364835,55.8795786],[37.437785,55.8785645],[37.4379783,55.8772161],[37.4387242,55.8765343],[37.4426198,55.874411],[37.4514503,55.8702648],[37.4539735,55.870116],[37.4546027,55.8684899],[37.4545494,55.8671416],[37.455091,55.8646893],[37.4559372,55.8628426],[37.4560826,55.8618848],[37.4566014,55.8608586],[37.4577068,55.8598374],[37.4588211,55.8576385],[37.4601813,55.8541059],[37.4608472,55.853004],[37.4613263,55.851045],[37.4628942,55.8500763],[37.4636035,55.8490863],[37.4634933,55.8481997],[37.4653798,55.8462341],[37.4680678,55.8446782],[37.4688453,55.8435381],[37.4698854,55.8431779],[37.4703495,55.8427259],[37.4715156,55.8423979],[37.4722678,55.8417749],[37.4725865,55.8403538],[37.4720609,55.8393886],[37.4716778,55.8377855],[37.4721785,55.8371823],[37.4742235,55.8359672],[37.4762079,55.8342859],[37.478983,55.8315541],[37.4791227,55.830748],[37.4744678,55.8300036],[37.4744188,55.8298286],[37.4782732,55.8266077],[37.4803853,55.8270233],[37.4857479,55.826506],[37.4881247,55.8265415],[37.4910751,55.8272718],[37.4933657,55.8244783],[37.4902612,55.8227664],[37.4889712,55.821682],[37.4875304,55.8198686],[37.486701,55.8174275],[37.487224,55.8132784],[37.4878979,55.8121021],[37.4908555,55.8084754],[37.501479,55.7962303],[37.5028537,55.7943493],[37.503545,55.7924221],[37.5065923,55.7788953],[37.5075657,55.7769455],[37.5087504,55.7753858],[37.5219435,55.761509],[37.5225622,55.7616884],[37.5242852,55.7598459],[37.532202,55.7634162],[37.5341707,55.7651495],[37.5347649,55.7661935],[37.536061,55.7661039],[37.5366332,55.7690651],[37.5371295,55.7697608],[37.5389633,55.7711286],[37.5418632,55.7724063],[37.544434,55.772989],[37.5519166,55.7734083],[37.5710802,55.7754258],[37.5759936,55.775608],[37.5780999,55.7761477],[37.581307,55.7775371],[37.5839104,55.7791555],[37.58499,55.7801537],[37.5862389,55.7832467],[37.5886333,55.7920566],[37.5848158,55.7944986],[37.5844248,55.7949956],[37.5835067,55.8010218],[37.5823396,55.8055211],[37.5806522,55.8082874],[37.5847301,55.8086824],[37.5804261,55.8108524],[37.5793077,55.8118077],[37.5788313,55.8126214],[37.5778185,55.8166406],[37.5745532,55.8211161],[37.5740221,55.8223928],[37.5735756,55.8305841],[37.573685,55.8318439],[37.5746772,55.8336306],[37.5781537,55.8367858],[37.5786411,55.8379066],[37.5786726,55.8394438],[37.5780233,55.8410257],[37.5752619,55.8442232],[37.5730897,55.8506244],[37.5726782,55.8532062],[37.5727074,55.8547347],[37.5745464,55.8598931],[37.5746003,55.8621169],[37.5682909,55.8775903],[37.5670561,55.8901632],[37.5663586,55.8914168],[37.5647478,55.892842],[37.5622276,55.8940409],[37.5416646,55.901731],[37.5386925,55.9039985],[37.5376117,55.9054753],[37.5368342,55.9071173],[37.5363206,55.9075674],[37.5279378,55.906015],[37.5244518,55.9049172],[37.4962542,55.8924795],[37.4951395,55.8928174],[37.4943453,55.8926768],[37.493749,55.8922469],[37.4928601,55.8909823],[37.4859353,55.8883988],[37.4848494,55.8888036],[37.4839947,55.8906501],[37.4835978,55.8906504],[37.4833469,55.8897276],[37.4823164,55.8883802],[37.4759345,55.8858645],[37.4673166,55.8837927],[37.4628321,55.8832171],[37.4555653,55.8832034],[37.4477311,55.8827967],[37.4439641,55.8831423],[37.4424188,55.8841651],[37.4415353,55.883839],[37.441984,55.8832633],[37.4419777,55.8827631],[37.4412022,55.8812258],[37.4364835,55.8795786]]]]}},{"type":"Feature","bbox":[37.3320437,55.7406021,37.5219435,55.9128443],"properties":{"scope":"zone","name":"Северо-Западный","aoName":"Северо-Западный","unitType":"Административный округ","okato":"45283000","oktmo":"","type":"administrative","category":"boundary","display_name":"Северо-Западный административный округ, Москва, Центральный федеральный округ, Россия","source":"OpenStreetMap / Nominatim","refreshedAt":"2026-09-17"},"geometry":{"type":"Polygon","coordinates":[[[37.3320437,55.8459483],[37.332726,55.8457108],[37.333004,55.8452849],[37.3428857,55.84484],[37.3490019,55.8437918],[37.3487418,55.8427943],[37.3478317,55.8411673],[37.3480271,55.8409993],[37.3474647,55.8406036],[37.3406559,55.840255],[37.3403714,55.8390079],[37.3450013,55.8364662],[37.341868,55.8341905],[37.3439355,55.8330958],[37.3487294,55.8322171],[37.3481358,55.8310258],[37.3486509,55.8307152],[37.3485673,55.8290754],[37.3446985,55.82627],[37.3448235,55.826067],[37.3491006,55.8265757],[37.3497145,55.8263737],[37.3510173,55.824602],[37.3515886,55.8243916],[37.3491556,55.8222253],[37.3523121,55.8212845],[37.3546059,55.8217604],[37.3541462,55.8223551],[37.3563725,55.8226601],[37.3540129,55.8263994],[37.3563561,55.8266578],[37.3568826,55.8265268],[37.3589247,55.8228877],[37.3597784,55.8224988],[37.3622219,55.8221992],[37.3626071,55.8231668],[37.3635376,55.8243612],[37.365873,55.8264811],[37.3672813,55.8274014],[37.3689161,55.8280237],[37.3799375,55.8306661],[37.3854286,55.8306599],[37.3939187,55.829862],[37.3922545,55.8235137],[37.3878905,55.8097622],[37.3861685,55.8098155],[37.3857222,55.8092829],[37.3850513,55.8093072],[37.3849343,55.8090023],[37.3862501,55.8087495],[37.3859825,55.8073094],[37.3867855,55.8069524],[37.3859537,55.8051878],[37.3846538,55.8032365],[37.3818064,55.7998945],[37.3744812,55.7923635],[37.3721524,55.7916076],[37.3688535,55.7912511],[37.3678444,55.791361],[37.36724,55.7903819],[37.3687664,55.7897352],[37.370601,55.7881919],[37.3706009,55.7876924],[37.3694129,55.7848449],[37.3690717,55.7827259],[37.3688853,55.7730383],[37.3702616,55.7730269],[37.3702608,55.7713623],[37.3708646,55.7710135],[37.3788354,55.7716773],[37.3789227,55.7720323],[37.3797521,55.7723483],[37.3834025,55.7721825],[37.3867388,55.7709266],[37.3982596,55.7711769],[37.4005183,55.7714337],[37.4018275,55.7717981],[37.4085801,55.7757622],[37.4169486,55.7753278],[37.4288433,55.7742825],[37.4341209,55.7741996],[37.4362176,55.7744065],[37.4473534,55.7772534],[37.4488294,55.7772765],[37.4506431,55.7768688],[37.45303,55.7756937],[37.4552656,55.7741771],[37.4603789,55.7690757],[37.4629397,55.7669505],[37.4642718,55.7652279],[37.4646628,55.7632953],[37.4645205,55.7623834],[37.4634259,55.7601907],[37.4576323,55.75582],[37.4530833,55.753888],[37.4392216,55.7505309],[37.4373764,55.7496856],[37.4368888,55.7492185],[37.4363477,55.7478732],[37.436691,55.7471003],[37.4373777,55.7464239],[37.4444587,55.7426072],[37.4492652,55.7411336],[37.4525268,55.7406021],[37.4553163,55.7406021],[37.4591357,55.7412061],[37.4648006,55.7428971],[37.4673755,55.7440325],[37.4710233,55.7461099],[37.4741561,55.7485012],[37.4751432,55.749878],[37.4761731,55.7522932],[37.476731,55.7559641],[37.4761731,55.7617112],[37.476388,55.7645104],[37.4780555,55.7666923],[37.4794184,55.7675454],[37.4819189,55.7679769],[37.4871806,55.7681941],[37.4897158,55.7679596],[37.4920518,55.7673608],[37.4981458,55.7655019],[37.501064,55.7643671],[37.5058276,55.7617836],[37.5116641,55.7596587],[37.5139298,55.7584219],[37.5219435,55.761509],[37.5087504,55.7753858],[37.5074274,55.777151],[37.5065923,55.7788953],[37.503545,55.7924221],[37.5028537,55.7943493],[37.501479,55.7962303],[37.4908555,55.8084754],[37.4878979,55.8121021],[37.487224,55.8132784],[37.486701,55.8174275],[37.4875304,55.8198686],[37.4889712,55.821682],[37.4902612,55.8227664],[37.4933657,55.8244783],[37.4910751,55.8272718],[37.4881247,55.8265415],[37.4857479,55.826506],[37.4803853,55.8270233],[37.4782732,55.8266077],[37.4744188,55.8298286],[37.4744678,55.8300036],[37.4791227,55.830748],[37.478983,55.8315541],[37.4762079,55.8342859],[37.4742235,55.8359672],[37.4721785,55.8371823],[37.4716778,55.8377855],[37.4720609,55.8393886],[37.4725865,55.8403538],[37.4722678,55.8417749],[37.4715156,55.8423979],[37.4703495,55.8427259],[37.4698854,55.8431779],[37.4688453,55.8435381],[37.4680678,55.8446782],[37.4653798,55.8462341],[37.4634933,55.8481997],[37.4636035,55.8490863],[37.4628942,55.8500763],[37.4613263,55.851045],[37.4608472,55.853004],[37.4601813,55.8541059],[37.4588211,55.8576385],[37.4577068,55.8598374],[37.4566014,55.8608586],[37.4560826,55.8618848],[37.4559372,55.8628426],[37.455091,55.8646893],[37.4545494,55.8671416],[37.4546027,55.8684899],[37.4539735,55.870116],[37.4514503,55.8702648],[37.4426198,55.874411],[37.4387242,55.8765343],[37.4379783,55.8772161],[37.437785,55.8785645],[37.4364835,55.8795786],[37.4309505,55.8778512],[37.4296008,55.8780165],[37.4264475,55.8774698],[37.4240955,55.8780005],[37.4237221,55.8777174],[37.4211622,55.8779213],[37.4211552,55.8783224],[37.4171635,55.8783095],[37.4155185,55.879189],[37.4143735,55.8788674],[37.4141258,55.8790939],[37.4149316,55.8793108],[37.4094205,55.8806876],[37.4093978,55.8849173],[37.4055779,55.8862348],[37.4047271,55.8868034],[37.4042239,55.8875213],[37.4040278,55.8886169],[37.4043979,55.8911809],[37.4041816,55.8920695],[37.3992913,55.9007554],[37.3984488,55.901531],[37.3974783,55.9011959],[37.3923927,55.9021208],[37.3913797,55.9024645],[37.3902275,55.9033576],[37.3899078,55.9046047],[37.3902377,55.9126489],[37.3900178,55.9128443],[37.386724,55.911657],[37.3830057,55.9113592],[37.377709,55.9114228],[37.3767952,55.9112439],[37.3729634,55.9096375],[37.3662836,55.9067026],[37.3678461,55.9053439],[37.3685896,55.9055779],[37.3706763,55.9036305],[37.369545,55.9032148],[37.3664226,55.9028134],[37.3637998,55.9021711],[37.3628089,55.9014568],[37.3618136,55.9015719],[37.3618446,55.9009716],[37.362693,55.9003088],[37.3647991,55.9000741],[37.3656928,55.8994466],[37.366019,55.8988824],[37.3676335,55.8980386],[37.3674044,55.8970732],[37.3655227,55.8966179],[37.3657149,55.8959664],[37.365493,55.8949727],[37.365638,55.8947333],[37.3672753,55.8942673],[37.3691976,55.8944739],[37.3713519,55.8950429],[37.3741352,55.8950696],[37.3749168,55.8947511],[37.3773568,55.8927083],[37.3766153,55.8921191],[37.3731391,55.891387],[37.3729403,55.8911014],[37.3734752,55.8900743],[37.3726855,55.8892582],[37.3727875,55.8885563],[37.3725592,55.8876481],[37.3744503,55.8873238],[37.3747747,55.8869266],[37.3711942,55.8839596],[37.3712548,55.8833523],[37.3722283,55.8826605],[37.3728638,55.8815439],[37.3753152,55.8811693],[37.3758465,55.8812893],[37.3770543,55.8809299],[37.378165,55.8801579],[37.3798326,55.8799355],[37.3805307,55.8792963],[37.3810568,55.878284],[37.3821655,55.8778687],[37.3944357,55.8772425],[37.404035,55.8759958],[37.411428,55.8709576],[37.4068486,55.8684287],[37.4016622,55.8644698],[37.3976398,55.8599735],[37.3945561,55.8544023],[37.3941128,55.8544265],[37.3934837,55.8549174],[37.3920551,55.8550098],[37.3899694,55.8541642],[37.3878468,55.8556904],[37.3871672,55.8558609],[37.3866386,55.8556939],[37.385978,55.8547694],[37.3855164,55.85451],[37.3819717,55.854568],[37.3805325,55.8536225],[37.3798725,55.8534722],[37.3789804,55.8536389],[37.3777241,55.854296],[37.3761822,55.8545066],[37.3749347,55.8551704],[37.3749541,55.855548],[37.3761554,55.8561788],[37.3762315,55.8565208],[37.3758579,55.8569941],[37.3765154,55.8581766],[37.3800303,55.8594722],[37.3799498,55.8599007],[37.3784965,55.8608482],[37.3781735,55.8619917],[37.3794864,55.8627295],[37.3797707,55.8632944],[37.3780915,55.8640298],[37.3774496,55.8647195],[37.3779834,55.8650941],[37.3781544,55.8657703],[37.3779136,55.8659535],[37.3783515,55.8660894],[37.3780191,55.8665727],[37.3783208,55.8665706],[37.3783598,55.8669249],[37.3793053,55.8669384],[37.3792167,55.8672856],[37.3794062,55.8673525],[37.3786079,55.8677386],[37.378887,55.8678539],[37.378459,55.8679423],[37.37868,55.8680117],[37.3785687,55.8681232],[37.3779439,55.8680081],[37.3774889,55.8683619],[37.3755493,55.8678235],[37.3743241,55.8677801],[37.3736186,55.8673732],[37.3737337,55.8672589],[37.3731226,55.8671531],[37.3725429,55.8672741],[37.3723143,55.8676862],[37.3715171,55.8673444],[37.3706176,55.8673116],[37.3701097,55.8673542],[37.3699235,55.8676843],[37.3693562,55.8675605],[37.3692386,55.8677947],[37.3678568,55.8675786],[37.3673514,55.868019],[37.3673366,55.8677822],[37.3668441,55.8680281],[37.3664778,55.8678222],[37.3652052,55.8678988],[37.3652388,55.8676059],[37.3649318,55.8674018],[37.3641517,55.8676309],[37.3632772,55.8673257],[37.3628158,55.8674483],[37.3628222,55.8676471],[37.3601466,55.8660568],[37.3578908,55.8642649],[37.349819,55.8637988],[37.3493919,55.8635282],[37.3478345,55.8634304],[37.3458799,55.8629437],[37.3465853,55.8622364],[37.3451935,55.8613095],[37.3427195,55.8606225],[37.3426648,55.8603524],[37.3420223,55.8602068],[37.3414536,55.8586909],[37.3406337,55.8580491],[37.3402805,55.8571824],[37.3403516,55.8567452],[37.3400704,55.8564747],[37.3402903,55.8560015],[37.3395515,55.8551761],[37.3404194,55.8529675],[37.3409418,55.8526499],[37.3405645,55.8522035],[37.3404435,55.8515384],[37.3384729,55.8500639],[37.3376436,55.8498363],[37.3375148,55.8495847],[37.3382993,55.8491437],[37.3382777,55.84896],[37.3373335,55.8487991],[37.3372779,55.848519],[37.3369193,55.8484643],[37.3371679,55.8481715],[37.3357898,55.8480288],[37.3353207,55.8476916],[37.3341284,55.8477278],[37.3339268,55.8474856],[37.3340753,55.8473547],[37.3320767,55.8462996],[37.3320437,55.8459483]]]}},{"type":"Feature","bbox":[37.5192349,55.7825508,37.7347837,55.9577717],"properties":{"scope":"zone","name":"Северо-Восточный","aoName":"Северо-Восточный","unitType":"Административный округ","okato":"45280000","oktmo":"","type":"administrative","category":"boundary","display_name":"Северо-Восточный административный округ, Москва, Центральный федеральный округ, Россия","source":"OpenStreetMap / Nominatim","refreshedAt":"2026-09-17"},"geometry":{"type":"Polygon","coordinates":[[[37.5192349,55.9419381],[37.5359884,55.908151],[37.5386925,55.9039985],[37.5411696,55.9020266],[37.5428854,55.9011424],[37.5640581,55.8932732],[37.5658968,55.8919341],[37.5667552,55.8908373],[37.5671989,55.8892787],[37.5682909,55.8775903],[37.5746003,55.8621169],[37.5745464,55.8598931],[37.5727074,55.8547347],[37.5729058,55.8514198],[37.5752619,55.8442232],[37.5780233,55.8410257],[37.5787192,55.8390322],[37.5786411,55.8379066],[37.5781537,55.8367858],[37.5746772,55.8336306],[37.573685,55.8318439],[37.5735756,55.8305841],[37.5741424,55.8219591],[37.5778185,55.8166406],[37.5788313,55.8126214],[37.5793077,55.8118077],[37.5804261,55.8108524],[37.5847301,55.8086824],[37.5806522,55.8082874],[37.5823396,55.8055211],[37.5835067,55.8010218],[37.5845314,55.7948087],[37.5877997,55.7926366],[37.5891654,55.7924206],[37.5958899,55.7922257],[37.5992958,55.7924817],[37.6006396,55.7878018],[37.6017199,55.7851689],[37.6046083,55.7853117],[37.6123334,55.7825515],[37.6130528,55.783401],[37.6146295,55.7835],[37.6150231,55.7833809],[37.615482,55.7826854],[37.6151361,55.7835353],[37.6168144,55.7865337],[37.6163097,55.793116],[37.6279594,55.7925078],[37.6324314,55.7918625],[37.6346377,55.7918923],[37.6344313,55.7944611],[37.635,55.7971703],[37.640486,55.7946125],[37.6460562,55.7909368],[37.651542,55.78936],[37.6507092,55.7909339],[37.6501162,55.7927927],[37.6504891,55.7987596],[37.65072,55.7994188],[37.6538241,55.8038637],[37.6581186,55.8083605],[37.6680768,55.819874],[37.6706941,55.8243936],[37.6715201,55.8273626],[37.6715749,55.8290255],[37.6702104,55.8387396],[37.6735686,55.8383359],[37.6763165,55.8388216],[37.6773835,55.8393897],[37.6781648,55.8401721],[37.6784553,55.8410173],[37.6783464,55.8418159],[37.6802576,55.8424748],[37.6903183,55.8480056],[37.690215,55.8481906],[37.6922264,55.8503067],[37.6899704,55.8512231],[37.6922843,55.8529088],[37.6867679,55.8545129],[37.6867899,55.8547734],[37.6878597,55.8554916],[37.6886034,55.8552849],[37.6894096,55.8559566],[37.6925215,55.8561333],[37.6931332,55.8557966],[37.6924303,55.8553303],[37.6947455,55.8533753],[37.6937646,55.8520726],[37.6968229,55.8481609],[37.7035867,55.8487733],[37.7056434,55.8479445],[37.7107057,55.8473926],[37.7125031,55.8475275],[37.7140751,55.8469149],[37.7171278,55.8490573],[37.7193496,55.8500088],[37.7201692,55.8505716],[37.719405,55.8514226],[37.721005,55.8522056],[37.7216393,55.8529241],[37.7180173,55.8606073],[37.7094382,55.8609111],[37.7091864,55.8629558],[37.7068126,55.8644903],[37.7079241,55.8653369],[37.7076994,55.8655185],[37.7158133,55.8701542],[37.719672,55.8736992],[37.7210651,55.8732066],[37.7218128,55.873875],[37.7242557,55.873008],[37.7265802,55.8737556],[37.7279265,55.8739005],[37.7290472,55.874647],[37.7318197,55.8749452],[37.7310769,55.875716],[37.7310102,55.8768929],[37.7328953,55.8780489],[37.7337763,55.877913],[37.7347837,55.8784053],[37.730375,55.8806067],[37.7297017,55.8810572],[37.7294495,55.8815687],[37.7292909,55.8820464],[37.7296648,55.8830907],[37.7303817,55.8840119],[37.7320995,55.8853158],[37.7315551,55.8856186],[37.7275238,55.8839511],[37.7243624,55.8838019],[37.7075818,55.8917661],[37.7075862,55.8921464],[37.7071883,55.8923311],[37.7064346,55.8922584],[37.7030517,55.8934116],[37.6987201,55.894336],[37.694288,55.8948748],[37.6769548,55.8954621],[37.6731529,55.8970332],[37.6726695,55.8978367],[37.6718408,55.8977269],[37.671862,55.8972362],[37.6715638,55.8969057],[37.6691834,55.8956784],[37.6632928,55.8959169],[37.6473691,55.8972854],[37.6292697,55.8999289],[37.6175125,55.9024203],[37.5931529,55.9089479],[37.5903936,55.9115316],[37.5912017,55.9135942],[37.5907353,55.9136561],[37.5898758,55.9123897],[37.5887127,55.9119308],[37.587256,55.9104216],[37.5786006,55.9114343],[37.5741491,55.9112732],[37.5559156,55.9092832],[37.5613846,55.9280589],[37.5609557,55.9322714],[37.5659213,55.933349],[37.5665274,55.9364735],[37.5695548,55.9366233],[37.5702148,55.9364521],[37.5700906,55.9409267],[37.5675405,55.9407314],[37.5666955,55.9411362],[37.5645841,55.9414007],[37.5637113,55.9450632],[37.5628076,55.9476678],[37.5624642,55.9510736],[37.5794223,55.9494679],[37.5800379,55.9520246],[37.5791196,55.9536733],[37.580707,55.9539887],[37.5784053,55.9555754],[37.5747378,55.9561865],[37.5744299,55.9577717],[37.5551537,55.951529],[37.555104,55.9535347],[37.5516576,55.953631],[37.5516206,55.9519655],[37.5518937,55.951221],[37.5485507,55.9511581],[37.5469335,55.9542957],[37.5445694,55.9539904],[37.5443065,55.9544034],[37.5423512,55.9541421],[37.5374401,55.9528431],[37.5435935,55.9428103],[37.5422783,55.9425692],[37.5383321,55.9427433],[37.5381358,55.9432877],[37.5347848,55.9429289],[37.530555,55.9435748],[37.5192349,55.9419381]]]}},{"type":"Feature","bbox":[37.5697983,55.5663727,37.793561,55.729465],"properties":{"scope":"zone","name":"Южный","aoName":"Южный","unitType":"Административный округ","okato":"45296000","oktmo":"","type":"administrative","category":"boundary","display_name":"Южный административный округ, Москва, Центральный федеральный округ, Россия","source":"OpenStreetMap / Nominatim","refreshedAt":"2026-09-17"},"geometry":{"type":"Polygon","coordinates":[[[37.5699163,55.6084693],[37.5698955,55.607243],[37.571299,55.6067179],[37.5718677,55.6059887],[37.573616,55.60595],[37.5739863,55.6066513],[37.5748996,55.606596],[37.5757622,55.6062573],[37.5778221,55.6043664],[37.5815648,55.6043428],[37.5817703,55.6034936],[37.5792964,55.6010331],[37.5776734,55.6001699],[37.5767147,55.5992866],[37.5764301,55.598155],[37.5766634,55.5978687],[37.580571,55.5977608],[37.5801979,55.5968987],[37.5802368,55.5958133],[37.578974,55.5959134],[37.5771393,55.5916342],[37.5768643,55.5893149],[37.5776217,55.5892199],[37.5767866,55.5878666],[37.5770668,55.5872209],[37.5774765,55.5869894],[37.5774788,55.5863496],[37.5760749,55.5842567],[37.5736777,55.5822096],[37.5737429,55.5816952],[37.5729399,55.5809669],[37.5900931,55.5768957],[37.5922404,55.5753999],[37.5971963,55.5690831],[37.5975532,55.5678882],[37.5974676,55.5668718],[37.598397,55.5666055],[37.6022876,55.5663727],[37.6010966,55.568416],[37.6005631,55.5707353],[37.6002004,55.5707011],[37.5985121,55.5721869],[37.597788,55.57378],[37.5984891,55.5744262],[37.6003203,55.5753745],[37.603685,55.5752108],[37.6041802,55.574759],[37.6041629,55.5744194],[37.6055416,55.5750574],[37.6350402,55.5734491],[37.6496649,55.5724788],[37.6503512,55.5722851],[37.6504911,55.5718316],[37.6507517,55.5717346],[37.6511323,55.5719649],[37.6528297,55.5719994],[37.653897,55.572285],[37.6634287,55.5716593],[37.6707236,55.5716683],[37.6760494,55.5720884],[37.6807341,55.5729178],[37.6851823,55.5741203],[37.6891553,55.5734796],[37.6904333,55.5729251],[37.6909246,55.5723191],[37.6917206,55.5729498],[37.6913799,55.5747848],[37.6917887,55.5764074],[37.6925643,55.5771246],[37.7159981,55.5858934],[37.7263489,55.5900666],[37.7302523,55.5897125],[37.7321735,55.5887973],[37.7328042,55.5891672],[37.7320406,55.5899349],[37.7320986,55.5909144],[37.7325459,55.5921338],[37.733529,55.5929779],[37.7538314,55.6015974],[37.7800723,55.6158902],[37.7827614,55.616339],[37.7840116,55.6168207],[37.7869299,55.6166549],[37.7871859,55.6169067],[37.7868296,55.6171254],[37.7843611,55.6174671],[37.7838084,55.6177631],[37.7837364,55.618106],[37.793561,55.6229597],[37.7897556,55.6257517],[37.7867086,55.6302582],[37.7850349,55.6332623],[37.7838332,55.6425879],[37.7855069,55.6451066],[37.7853353,55.6473346],[37.783447,55.6485454],[37.7797992,55.6487391],[37.766195,55.6454457],[37.7495868,55.640626],[37.7453811,55.6398994],[37.7295024,55.6408925],[37.7132784,55.6394575],[37.6994168,55.6421218],[37.6944815,55.6432843],[37.6889454,55.6452218],[37.6780449,55.649944],[37.6745688,55.65176],[37.6725947,55.6532128],[37.6716505,55.6543508],[37.6715218,55.6557793],[37.6723821,55.6619828],[37.6732404,55.6651055],[37.6750428,55.6676469],[37.6824243,55.6706239],[37.6874025,55.6711564],[37.6893415,55.6727019],[37.6907475,55.6732397],[37.7026565,55.6765772],[37.7047617,55.6773626],[37.71195,55.6813198],[37.7123792,55.6846586],[37.7121217,55.6884568],[37.7075727,55.6932705],[37.6947839,55.6953506],[37.6842701,55.6974223],[37.6790113,55.6981917],[37.6744855,55.6985085],[37.6729338,55.6996769],[37.6709548,55.7005007],[37.6672891,55.7007415],[37.667811,55.7052824],[37.6636775,55.718132],[37.6636755,55.7245641],[37.6631267,55.7267583],[37.6567176,55.7263724],[37.6557668,55.7276237],[37.6542108,55.7288214],[37.6522857,55.7280661],[37.645995,55.729465],[37.6449111,55.7280119],[37.6437423,55.7224038],[37.6417645,55.7222109],[37.6400073,55.7229009],[37.6364244,55.7235433],[37.6358021,55.72202],[37.6330619,55.7225646],[37.6278928,55.7213649],[37.6155773,55.7200829],[37.6143041,55.7210255],[37.6100957,55.7214266],[37.6093473,55.7195213],[37.60031,55.7213012],[37.5981281,55.7198467],[37.5974937,55.7201418],[37.5972368,55.7199632],[37.5968554,55.7201303],[37.5940838,55.7183252],[37.5925649,55.719146],[37.5929726,55.7195751],[37.5927146,55.719686],[37.5922285,55.7194285],[37.5921327,55.7188278],[37.5908118,55.7177465],[37.5926713,55.7168706],[37.5905037,55.7157456],[37.5892373,55.7148545],[37.5894204,55.7147702],[37.5891755,55.7145791],[37.5889792,55.7146754],[37.5879384,55.7139531],[37.5884454,55.7137628],[37.5878737,55.7132951],[37.5883361,55.7130959],[37.585594,55.711091],[37.585232,55.7112481],[37.5839253,55.7110138],[37.5827864,55.7112279],[37.5821396,55.7109925],[37.5853646,55.7088144],[37.5887529,55.7071218],[37.5873424,55.7063265],[37.5961214,55.6961337],[37.6015422,55.6915516],[37.6019757,55.6915367],[37.6037863,55.6906298],[37.6035132,55.6903468],[37.6044927,55.6897973],[37.6052442,55.688807],[37.6049148,55.6863256],[37.6050228,55.6857954],[37.605713,55.6849572],[37.607168,55.684196],[37.6086084,55.6838867],[37.6106538,55.6839671],[37.6137024,55.6844758],[37.6139701,55.6831716],[37.6145804,55.6826896],[37.6147607,55.6819975],[37.614921,55.6809259],[37.6146941,55.6805557],[37.6141474,55.6803811],[37.6117107,55.6786056],[37.6112922,55.6772175],[37.6101849,55.6769658],[37.6089553,55.6763047],[37.6084809,55.6756786],[37.6085902,55.6753362],[37.6073783,55.6746682],[37.6066247,55.6728679],[37.6056311,55.6723005],[37.6066929,55.6711721],[37.6057896,55.6705589],[37.6059069,55.6690658],[37.6070449,55.6681891],[37.6116452,55.66608],[37.6108655,55.6654964],[37.6106892,55.664966],[37.6088349,55.6651531],[37.6076464,55.6640831],[37.6135718,55.6634793],[37.6054137,55.65653],[37.6056701,55.6413716],[37.5902236,55.6423972],[37.5803884,55.6453262],[37.5804124,55.6449225],[37.5801147,55.644941],[37.5800031,55.6438219],[37.5793622,55.6436152],[37.5792904,55.6428012],[37.5807067,55.6423332],[37.5820011,55.6412222],[37.5819231,55.6409],[37.5812618,55.6408951],[37.5816158,55.6399653],[37.5821553,55.6396523],[37.5814477,55.6394871],[37.5814907,55.63896],[37.5822546,55.638467],[37.5816659,55.6372003],[37.5811043,55.6372784],[37.5798446,55.6360226],[37.5805944,55.635911],[37.5801576,55.6355636],[37.5792798,55.6357807],[37.579058,55.6354052],[37.577406,55.6343603],[37.5772657,55.6326769],[37.58382,55.6314728],[37.5852426,55.6314864],[37.5858587,55.6311686],[37.5858754,55.6308714],[37.5851468,55.6292006],[37.5841652,55.6286932],[37.5842215,55.6284348],[37.5850272,55.628723],[37.5847405,55.6279252],[37.5840882,55.627995],[37.5841914,55.6275846],[37.5846823,55.6277039],[37.5843505,55.6266836],[37.5838164,55.6269123],[37.5827831,55.6251651],[37.5820298,55.6245849],[37.5823542,55.6243623],[37.5813932,55.6240714],[37.5819264,55.6236362],[37.5816589,55.6229194],[37.5822192,55.6233277],[37.5826329,55.6232446],[37.5805352,55.6217889],[37.5799079,55.6217421],[37.5787148,55.6222363],[37.578308,55.622052],[37.5788428,55.6217451],[37.5769209,55.6219629],[37.5763973,55.6217558],[37.574745,55.6200474],[37.5775513,55.6192541],[37.5788852,55.6200949],[37.5804987,55.6193862],[37.5794247,55.6196914],[37.5759344,55.6155066],[37.5780867,55.614758],[37.5775274,55.6143282],[37.5746262,55.6132284],[37.5757104,55.6122829],[37.5755756,55.6109835],[37.5746859,55.6088169],[37.5736164,55.6083608],[37.5699163,55.6084693]]]}},{"type":"Feature","bbox":[37.6501162,55.6952975,37.9456503,56.0097028],"properties":{"scope":"zone","name":"Восточный","aoName":"Восточный","unitType":"Административный округ","okato":"45263000","oktmo":"","type":"administrative","category":"boundary","display_name":"Восточный административный округ, Москва, Центральный федеральный округ, Россия","source":"OpenStreetMap / Nominatim","refreshedAt":"2026-09-17"},"geometry":{"type":"MultiPolygon","coordinates":[[[[37.6501162,55.7927927],[37.6507092,55.7909339],[37.6518163,55.7890984],[37.685813,55.7825747],[37.6882667,55.781899],[37.6963604,55.782047],[37.7012436,55.7818505],[37.7052497,55.7809935],[37.7077419,55.7801608],[37.7099197,55.7788745],[37.7136135,55.7753027],[37.7173674,55.7701455],[37.7206276,55.7663184],[37.7208733,55.7649463],[37.7206319,55.7624647],[37.7181798,55.7580182],[37.7177132,55.7564833],[37.7176811,55.755507],[37.7181328,55.7538805],[37.7191682,55.7524109],[37.7205725,55.7511608],[37.7224005,55.7500624],[37.7253252,55.7489665],[37.7393417,55.745177],[37.7423739,55.7436661],[37.7467226,55.7403678],[37.74935,55.7391567],[37.7527664,55.7382581],[37.7599989,55.7372466],[37.7622053,55.7367079],[37.7758967,55.7299391],[37.85234,55.7041954],[37.8587815,55.7009951],[37.8595289,55.7008246],[37.8600534,55.7011368],[37.8715322,55.6952975],[37.8794724,55.7002681],[37.8811401,55.7008616],[37.8805731,55.7011496],[37.882306,55.7024609],[37.8824966,55.7023562],[37.8840147,55.7032255],[37.8869711,55.7052153],[37.8928973,55.7055062],[37.8972438,55.7062547],[37.9054419,55.7069928],[37.9192451,55.7076064],[37.9219165,55.7079613],[37.9247941,55.7111173],[37.9261146,55.7121868],[37.9262538,55.7151497],[37.9280699,55.716159],[37.9365872,55.7162384],[37.9451088,55.7208715],[37.9456503,55.7208385],[37.9445478,55.7215375],[37.9443308,55.7213269],[37.9435793,55.7214497],[37.9433354,55.721914],[37.9426104,55.7220519],[37.9422726,55.7229918],[37.9418102,55.7231702],[37.9406496,55.7245579],[37.9401397,55.7246854],[37.9376829,55.7265337],[37.9376089,55.726887],[37.9342897,55.7278764],[37.9308738,55.729755],[37.9304136,55.7298581],[37.9299636,55.7294527],[37.9285228,55.7293536],[37.9280221,55.7300032],[37.9274801,55.7302268],[37.9265295,55.730542],[37.9251996,55.7305099],[37.9235854,55.7312255],[37.9180394,55.7306219],[37.9169278,55.7283571],[37.9163955,55.72816],[37.9161753,55.7277098],[37.9154673,55.7274679],[37.9150477,55.7269838],[37.9118339,55.7257445],[37.9076519,55.7247981],[37.9077903,55.724506],[37.9055357,55.7245219],[37.9056542,55.7249094],[37.9050507,55.7250997],[37.9028954,55.7253249],[37.9024213,55.7252509],[37.9018232,55.7244186],[37.9001848,55.7243431],[37.8993298,55.7240269],[37.8993176,55.7236191],[37.8923084,55.7231871],[37.8906332,55.722309],[37.8898505,55.7237012],[37.8874435,55.7237686],[37.8854775,55.7241916],[37.8841562,55.7233962],[37.8871291,55.721653],[37.8869204,55.7202606],[37.8861232,55.7195938],[37.8824863,55.7190029],[37.8810045,55.7190992],[37.8765345,55.7204709],[37.8769962,55.7216165],[37.8761077,55.7233852],[37.8724504,55.723377],[37.8702706,55.7265861],[37.8721668,55.7277051],[37.8734123,55.7296476],[37.8715704,55.7308478],[37.8712339,55.7308386],[37.8688922,55.7329729],[37.865471,55.7331585],[37.864238,55.7347168],[37.8667051,55.7361818],[37.8665394,55.7362964],[37.8684891,55.7372895],[37.8731611,55.7381569],[37.8780087,55.7378695],[37.8801347,55.7422928],[37.8807532,55.7425041],[37.8817499,55.742731],[37.8858291,55.7426129],[37.8900854,55.7416036],[37.8900847,55.7418706],[37.8909533,55.7421946],[37.8900278,55.7436278],[37.8882457,55.7484642],[37.8825409,55.7493396],[37.864223,55.7457241],[37.8605434,55.7452434],[37.8468046,55.7445871],[37.8448044,55.7453149],[37.8426549,55.7467345],[37.8426552,55.7531421],[37.8432014,55.7618465],[37.8434118,55.7622006],[37.8432587,55.7624028],[37.8434979,55.7669072],[37.8444223,55.7675971],[37.845698,55.768071],[37.8459341,55.7686145],[37.8436249,55.7725573],[37.8434007,55.7747346],[37.8438087,55.7753146],[37.8450368,55.7759795],[37.8457574,55.7770065],[37.8506765,55.7785667],[37.8504731,55.7789036],[37.8500041,55.7789286],[37.8455574,55.7782083],[37.8431377,55.7792395],[37.8405143,55.8024712],[37.839762,55.8116247],[37.8400458,55.8120784],[37.8414487,55.8128949],[37.8437616,55.8147738],[37.8433024,55.8152075],[37.8419914,55.8151816],[37.8391745,55.8162615],[37.8387065,55.8191064],[37.8380944,55.8209718],[37.8373695,55.8224896],[37.8360495,55.8242232],[37.8343899,55.8259607],[37.8300815,55.829153],[37.8301389,55.8303025],[37.8297437,55.8305581],[37.8273855,55.8305991],[37.7347837,55.8784053],[37.7337763,55.877913],[37.7328953,55.8780489],[37.7310102,55.8768929],[37.7310769,55.875716],[37.7318197,55.8749452],[37.7290472,55.874647],[37.7279265,55.8739005],[37.7265802,55.8737556],[37.7242557,55.873008],[37.7218128,55.873875],[37.7210651,55.8732066],[37.719672,55.8736992],[37.7158133,55.8701542],[37.7076994,55.8655185],[37.7079241,55.8653369],[37.7068126,55.8644903],[37.7091864,55.8629558],[37.7094382,55.8609111],[37.7180173,55.8606073],[37.7216393,55.8529241],[37.721005,55.8522056],[37.719405,55.8514226],[37.7201692,55.8505716],[37.7193496,55.8500088],[37.7171278,55.8490573],[37.7140751,55.8469149],[37.7125031,55.8475275],[37.7107057,55.8473926],[37.7056434,55.8479445],[37.7035867,55.8487733],[37.6968229,55.8481609],[37.6937646,55.8520726],[37.6947455,55.8533753],[37.6924303,55.8553303],[37.6931332,55.8557966],[37.6925215,55.8561333],[37.6894096,55.8559566],[37.6886034,55.8552849],[37.6878597,55.8554916],[37.6867899,55.8547734],[37.6867679,55.8545129],[37.6922843,55.8529088],[37.6899704,55.8512231],[37.6922264,55.8503067],[37.690215,55.8481906],[37.6903183,55.8480056],[37.6802576,55.8424748],[37.6783464,55.8418159],[37.6784553,55.8410173],[37.6781648,55.8401721],[37.6773835,55.8393897],[37.6763165,55.8388216],[37.6735686,55.8383359],[37.6702104,55.8387396],[37.6715749,55.8290255],[37.6715201,55.8273626],[37.6706941,55.8243936],[37.6680768,55.819874],[37.6581186,55.8083605],[37.6548995,55.8051109],[37.651284,55.8004205],[37.6504891,55.7987596],[37.6501162,55.7927927]]],[[[37.7900343,56.0029214],[37.7904761,56.0024768],[37.791633,56.0028753],[37.7921011,56.0024925],[37.7940939,56.0031557],[37.7934895,56.0037267],[37.7928913,56.0038815],[37.7900343,56.0029214]]],[[[37.7912235,56.0072852],[37.7931498,56.0055432],[37.7968376,56.0047609],[37.7973464,56.0054096],[37.7994322,56.0061526],[37.7981439,56.0074434],[37.799,56.0076888],[37.7987068,56.0079388],[37.7989004,56.008244],[37.7984641,56.0087118],[37.7979856,56.0087675],[37.7989795,56.0092752],[37.7985143,56.0097028],[37.7948968,56.0093202],[37.7953186,56.0090242],[37.792958,56.0082536],[37.7931919,56.0080413],[37.7912235,56.0072852]]],[[[37.8453271,55.8135622],[37.849809,55.8104662],[37.8488715,55.8094232],[37.8502374,55.808557],[37.8521852,55.8089604],[37.8561187,55.8066485],[37.8563695,55.8060414],[37.8606871,55.8075406],[37.8600338,55.8084267],[37.8616973,55.8086902],[37.8628232,55.8073119],[37.8632647,55.8074211],[37.8657431,55.804208],[37.8665868,55.8042107],[37.8711986,55.8063292],[37.8700807,55.8077607],[37.8735825,55.8086963],[37.8741278,55.8106937],[37.8773566,55.8114672],[37.8781481,55.8114292],[37.8796416,55.8132673],[37.8794843,55.813472],[37.8798248,55.8142046],[37.8808425,55.8143186],[37.8808318,55.8145808],[37.8830652,55.8162984],[37.8841286,55.8166608],[37.8853211,55.816662],[37.8861402,55.8161663],[37.8868742,55.8165315],[37.8892963,55.8151759],[37.8913971,55.815122],[37.8923994,55.8145736],[37.894541,55.8139399],[37.8967299,55.8139771],[37.898549,55.8143866],[37.8993002,55.8150981],[37.8993112,55.8162911],[37.8985819,55.8174804],[37.8978239,55.817922],[37.8890935,55.8194231],[37.887908,55.8207903],[37.8851643,55.8206244],[37.8842776,55.8199606],[37.8839677,55.8203394],[37.8805382,55.8195135],[37.8789454,55.8198969],[37.8783391,55.8206528],[37.8737977,55.8200036],[37.8722162,55.8225388],[37.8685139,55.8218817],[37.8687155,55.8214989],[37.8600116,55.819398],[37.8594399,55.8194823],[37.8591727,55.8199786],[37.8576463,55.8195971],[37.8581098,55.8187889],[37.8572656,55.8183396],[37.8573206,55.8179111],[37.852883,55.8167206],[37.8453271,55.8135622]]],[[[37.8684899,55.8239272],[37.8689418,55.8228697],[37.8730967,55.8237936],[37.8760016,55.8249027],[37.8756653,55.8253424],[37.8735166,55.8252341],[37.8704604,55.8242706],[37.8684899,55.8239272]]]]}},{"type":"Feature","bbox":[36.8880788,55.6146963,37.5744922,55.8126881],"properties":{"scope":"zone","name":"Западный","aoName":"Западный","unitType":"Административный округ","okato":"45268000","oktmo":"","type":"administrative","category":"boundary","display_name":"Западный административный округ, Москва, Центральный федеральный округ, Россия","source":"OpenStreetMap / Nominatim","refreshedAt":"2026-09-17"},"geometry":{"type":"MultiPolygon","coordinates":[[[[36.8880788,55.7344361],[36.8895754,55.7330266],[36.8924259,55.7333675],[36.8960645,55.7332726],[36.904074,55.7321513],[36.9093029,55.7320917],[36.9141952,55.7328392],[36.9177549,55.7320781],[36.9188421,55.7313956],[36.9189142,55.7310489],[36.9193905,55.7312466],[36.917579,55.7330759],[36.9177111,55.7334413],[36.9208708,55.732897],[36.9218416,55.7338858],[36.9217882,55.734142],[36.9237123,55.7368148],[36.9162379,55.7369018],[36.910926,55.7362016],[36.9107236,55.7362346],[36.9102614,55.7365133],[36.9101237,55.736857],[36.9104673,55.7385651],[36.9067721,55.7386015],[36.9063896,55.7395704],[36.904718,55.7408697],[36.9047674,55.7413271],[36.9075798,55.7414589],[36.9080318,55.7412453],[36.9094437,55.7390942],[36.9105616,55.7385928],[36.9101958,55.7368593],[36.9107647,55.7362825],[36.9162043,55.7369542],[36.9240219,55.7368892],[36.9324985,55.7421195],[36.9340787,55.7435035],[36.937655,55.7539187],[36.9393699,55.7537596],[36.9408181,55.7539135],[36.9410639,55.7543163],[36.9436315,55.7546611],[36.9438108,55.7536499],[36.94566,55.7512278],[36.948236,55.7517362],[36.9486079,55.7511871],[36.9481013,55.75077],[36.9483863,55.7504932],[36.9479688,55.7503205],[36.9484381,55.7500398],[36.9467093,55.7491353],[36.9461216,55.7491337],[36.944602,55.7482261],[36.9458608,55.747483],[36.9448014,55.7469737],[36.9453832,55.7455499],[36.9432126,55.743399],[36.9438571,55.7432325],[36.9426226,55.7420828],[36.941123,55.7423217],[36.9408813,55.7390788],[36.9396924,55.7388605],[36.9360069,55.7395585],[36.9352279,55.7371427],[36.9460306,55.7367582],[36.9468661,55.7358523],[36.9469268,55.7345358],[36.9472745,55.733889],[36.9476722,55.7317613],[36.9619978,55.7327527],[36.9629358,55.7343046],[36.9638787,55.7350955],[36.9636237,55.7354693],[36.9638402,55.7361599],[36.9719209,55.7380879],[36.9763911,55.7384217],[36.975221,55.7392183],[36.9751873,55.7396813],[36.9748891,55.7396001],[36.9748602,55.7398384],[36.9754663,55.7400903],[36.9743208,55.7411057],[36.9775837,55.7421556],[36.9806864,55.739583],[36.9813821,55.7386657],[36.9828107,55.7392104],[36.9832381,55.7387938],[36.9879983,55.739556],[36.9900524,55.739648],[36.9905671,55.7399161],[36.9891432,55.7414516],[36.9901775,55.7418442],[36.9927944,55.7414164],[36.9940932,55.7405823],[36.9925202,55.7398484],[36.9911203,55.7395993],[36.9903988,55.7397184],[36.9899225,55.7393474],[36.988109,55.7393556],[36.9839527,55.7385296],[36.9845541,55.7381884],[36.9856075,55.737032],[36.9895569,55.734738],[36.9901005,55.7350657],[36.9908798,55.7346242],[36.9923999,55.7356209],[36.9918082,55.7359216],[36.9935304,55.7374355],[36.9953439,55.73834],[37.0025452,55.7398403],[37.0056864,55.7396562],[37.005114,55.738015],[37.0031706,55.7351713],[37.0023432,55.7351307],[36.9993559,55.7383563],[36.9965947,55.7366338],[36.9960126,55.7369615],[36.995445,55.736642],[36.9949399,55.7368803],[36.9942712,55.7365282],[36.9954305,55.7359188],[36.9908558,55.7334623],[36.9935544,55.7315609],[36.9856481,55.7273289],[36.9849746,55.7273343],[36.9845128,55.7286888],[36.9839163,55.7295502],[36.9827233,55.7301786],[36.9806645,55.7321126],[36.9803566,55.7327464],[36.9807126,55.7331798],[36.9803951,55.7339977],[36.9797216,55.7347561],[36.9776723,55.7355578],[36.9738432,55.7362565],[36.9706298,55.7363649],[36.9671855,55.7360236],[36.9652517,55.7354494],[36.9632698,55.7337161],[36.9628561,55.7327789],[36.9627503,55.7312458],[36.9620864,55.7299294],[36.9633949,55.7295068],[36.9622211,55.7279574],[36.9625675,55.7277732],[36.9664447,55.7280549],[36.9679937,55.7278057],[36.9722269,55.7257848],[36.9751613,55.7250859],[36.9762966,55.7241539],[36.9773645,55.7241973],[36.977403,55.7235146],[36.9786922,55.7233737],[36.9815688,55.7225447],[36.9846475,55.7209462],[36.9852055,55.7213417],[36.9912379,55.7189466],[36.9951824,55.7188816],[36.9967025,55.7192609],[36.9980591,55.7200196],[36.9989827,55.7210491],[36.9998871,55.7229565],[37.0060733,55.7253243],[37.0067179,55.7247933],[37.0065411,55.7236815],[37.0070581,55.7232026],[37.0093235,55.7229842],[37.0083235,55.7198193],[37.0096637,55.7197005],[37.011378,55.7204515],[37.01214,55.7204247],[37.0119699,55.7202906],[37.0127999,55.7185663],[37.0116706,55.7158647],[37.0147591,55.7162173],[37.0173715,55.7156616],[37.0164191,55.7133891],[37.0152694,55.7114997],[37.0148612,55.7112238],[37.0148396,55.7107633],[37.0197019,55.7107038],[37.0229192,55.7101071],[37.0242523,55.7095857],[37.0234357,55.7090155],[37.0207248,55.7084159],[37.0206459,55.7069193],[37.0159304,55.7070567],[37.0158612,55.7066014],[37.0152353,55.7066014],[37.013521,55.7067854],[37.013521,55.7072952],[37.0094324,55.7074907],[37.0110855,55.7104036],[37.0130244,55.7103538],[37.0132216,55.7121589],[37.0119359,55.7146499],[37.0110243,55.7152286],[37.0078132,55.7147496],[37.0066907,55.7158303],[37.005058,55.715447],[37.0037995,55.7145618],[37.0042348,55.714351],[37.0033505,55.713803],[37.0029763,55.7141632],[36.9989761,55.713186],[36.9991054,55.7124847],[37.000017,55.711561],[37.0003775,55.711515],[37.0009354,55.7119328],[37.0020783,55.7119366],[37.0013258,55.7111267],[37.0033641,55.7107485],[37.0029355,55.7098747],[37.0019422,55.7095834],[37.0020443,55.7080848],[37.0002415,55.7078854],[36.9994115,55.7093074],[36.9975067,55.711059],[36.9979693,55.7113234],[36.997908,55.712477],[36.9961256,55.7120708],[36.9958807,55.7123122],[36.9940099,55.7119979],[36.9937174,55.712316],[36.9920438,55.7120899],[37.0001598,55.707391],[37.0014524,55.7070499],[37.0029219,55.7070039],[37.0023572,55.7062488],[37.003711,55.7060341],[37.0041736,55.7054131],[37.0172354,55.7053671],[37.0174123,55.7065554],[37.0200859,55.7064787],[37.0201063,55.7067931],[37.0344352,55.7066217],[37.0344063,55.7068122],[37.03376,55.7068199],[37.0337804,55.7071993],[37.0350798,55.7071189],[37.0352703,55.7075022],[37.0336647,55.7084489],[37.0333042,55.7090046],[37.0291475,55.7118178],[37.0283176,55.7115572],[37.0284574,55.7110331],[37.0275626,55.7104911],[37.026716,55.7108271],[37.0262926,55.7103176],[37.0270286,55.7099707],[37.0266438,55.7095588],[37.0246619,55.7097268],[37.0251622,55.7104992],[37.0275145,55.7123285],[37.0338403,55.7139869],[37.035394,55.7110656],[37.0367891,55.709762],[37.0379436,55.7091739],[37.0399688,55.7088433],[37.0464822,55.7090709],[37.0523028,55.7093122],[37.0545397,55.7097566],[37.0566082,55.7106862],[37.0583929,55.712052],[37.0591818,55.7134016],[37.0596484,55.7157645],[37.0596388,55.7175692],[37.0601391,55.7188833],[37.0616544,55.7203735],[37.0679025,55.7228781],[37.0788462,55.7154165],[37.0812104,55.7155937],[37.0963994,55.7155826],[37.0964024,55.7162999],[37.1041179,55.7163682],[37.1056197,55.7161339],[37.1058073,55.7157871],[37.1076764,55.7160637],[37.1076668,55.7156382],[37.1130095,55.7161027],[37.1120866,55.7170626],[37.1148678,55.7185934],[37.1167376,55.7199401],[37.1188975,55.7208232],[37.1194844,55.7200132],[37.1230623,55.7212047],[37.1211007,55.7223188],[37.1192901,55.7238615],[37.1262274,55.7269872],[37.1277753,55.7280823],[37.121588,55.7338884],[37.1220161,55.7348608],[37.1169218,55.736586],[37.1164023,55.7375041],[37.1129099,55.7377207],[37.1116255,55.7380078],[37.1120055,55.7384628],[37.1120681,55.738999],[37.1073875,55.7415743],[37.0969672,55.7437903],[37.0930163,55.7434808],[37.0924909,55.7436487],[37.0897839,55.7413193],[37.0858717,55.741638],[37.0847483,55.74016],[37.0841621,55.739168],[37.084327,55.7390383],[37.082448,55.7373766],[37.081503,55.7361524],[37.0796637,55.7357381],[37.0803827,55.7353694],[37.080015,55.7351446],[37.0794847,55.7354089],[37.0807327,55.7338018],[37.082354,55.7325818],[37.0847676,55.7320064],[37.0877789,55.730724],[37.0913412,55.7302886],[37.0943494,55.7287203],[37.0958803,55.7306109],[37.096697,55.7306011],[37.0968781,55.7309173],[37.0961019,55.7309438],[37.0962655,55.73171],[37.0999867,55.7317497],[37.1032833,55.7326267],[37.1050109,55.7324858],[37.1051824,55.7326387],[37.1026168,55.7340754],[37.1028701,55.7342177],[37.1050672,55.7339193],[37.1076652,55.7347674],[37.1102543,55.7332288],[37.1110085,55.7322845],[37.1124987,55.7332171],[37.1158835,55.7361734],[37.1194743,55.734789],[37.1206477,55.7327893],[37.1203158,55.7317722],[37.1159645,55.7287447],[37.1125706,55.7271232],[37.1112407,55.7267132],[37.1081949,55.7263805],[37.104137,55.7264495],[37.103464,55.7259539],[37.1018562,55.7259312],[37.1017724,55.7256202],[37.0969849,55.7261353],[37.0962231,55.7265165],[37.0950375,55.7282274],[37.0938007,55.7282672],[37.093231,55.727867],[37.0897205,55.7277559],[37.0888284,55.7279198],[37.0884741,55.72737],[37.0851969,55.7280204],[37.0809928,55.7280767],[37.079059,55.7284684],[37.075769,55.729851],[37.0737775,55.7301381],[37.0718966,55.7298104],[37.070237,55.7290194],[37.0697223,55.7278654],[37.069299,55.7259854],[37.0693663,55.7242733],[37.0691643,55.7234714],[37.0682754,55.7231292],[37.0680006,55.7233204],[37.0653773,55.7223701],[37.0645853,55.7231905],[37.0548139,55.7236971],[37.0520351,55.7223199],[37.048983,55.7219833],[37.0488262,55.7213876],[37.0542571,55.720357],[37.0532376,55.7187425],[37.0525396,55.7183531],[37.0471438,55.718843],[37.0450206,55.7186598],[37.0423662,55.7194069],[37.0421767,55.7191502],[37.0409758,55.7192852],[37.0409887,55.719548],[37.04219,55.7194428],[37.0427511,55.7202131],[37.0426585,55.7210281],[37.0447642,55.7208031],[37.0465689,55.7212581],[37.0473855,55.7218452],[37.0476795,55.722397],[37.0477575,55.723524],[37.0467747,55.7268231],[37.0446605,55.7281321],[37.043381,55.7285276],[37.0414517,55.7303537],[37.0401433,55.7312151],[37.038907,55.7316322],[37.0359293,55.7321848],[37.0332835,55.7318949],[37.0297623,55.7322119],[37.0272512,55.7335201],[37.0240186,55.7322579],[37.0233049,55.7331091],[37.0248364,55.7337855],[37.0267846,55.7341376],[37.0291177,55.7339643],[37.0219665,55.7349139],[37.0229166,55.7365324],[37.0242715,55.7408832],[37.0238426,55.7429299],[37.0204704,55.7454183],[37.0202347,55.7450013],[37.0163334,55.7462604],[37.0123022,55.7464554],[37.0124514,55.7466503],[37.0101808,55.7463877],[37.0099692,55.74606],[37.0087906,55.7460898],[37.0066403,55.745394],[37.0035761,55.7434173],[37.0037492,55.7433198],[37.003528,55.7429434],[37.0016663,55.7416437],[36.9992755,55.7422746],[36.9991312,55.7424398],[36.999492,55.7431492],[37.0001077,55.7429705],[36.9993958,55.7436096],[37.0006561,55.7436745],[37.0012334,55.7441836],[37.0007667,55.7443813],[37.0009544,55.7449905],[37.0015124,55.7453994],[37.0020704,55.7456512],[37.0025274,55.7453804],[37.0030084,55.745421],[37.0056927,55.7468588],[37.0081556,55.7477279],[37.0060342,55.749596],[37.0045814,55.7485672],[37.0012911,55.7483371],[36.998934,55.747671],[36.9986934,55.747866],[36.9959948,55.7473461],[36.9950134,55.7483046],[36.9926082,55.7491656],[36.9915739,55.7488271],[36.9917856,55.7486864],[36.9926467,55.7490654],[36.9951626,55.74769],[36.993349,55.7469535],[36.9926707,55.745199],[36.9922041,55.7451503],[36.9920502,55.7447089],[36.9882726,55.7449323],[36.9861771,55.7445116],[36.9850081,55.7454836],[36.9873989,55.7464665],[36.9878944,55.7470892],[36.9911174,55.7484322],[36.9899966,55.7493987],[36.989554,55.7487137],[36.9888469,55.7486136],[36.9845415,55.7502597],[36.9873075,55.7517866],[36.986711,55.7528776],[36.9869564,55.7546642],[36.9827135,55.7576446],[36.9840749,55.7581047],[36.9833966,55.7585486],[36.9836419,55.758684],[36.9787545,55.7604866],[36.9757432,55.7583754],[36.974935,55.7572142],[36.9807915,55.7559098],[36.9801621,55.7542061],[36.9776597,55.7515842],[36.9781789,55.7511847],[36.9768203,55.7512216],[36.9718338,55.7521907],[36.9722925,55.7533992],[36.9720134,55.7539217],[36.9717064,55.7524008],[36.9713387,55.7518573],[36.9710645,55.7518464],[36.9703896,55.7495426],[36.9681319,55.7495498],[36.9682773,55.7487923],[36.9669592,55.7474575],[36.9644145,55.7476768],[36.9612877,55.7492769],[36.9612733,55.7494691],[36.9590075,55.7498752],[36.9606094,55.7506549],[36.9581946,55.7512045],[36.9574345,55.751949],[36.9563714,55.7539658],[36.9570319,55.7544218],[36.9576736,55.7556788],[36.9570272,55.7572549],[36.9574009,55.7572683],[36.9569246,55.7582076],[36.9571074,55.7582455],[36.957574,55.757317],[36.95816,55.7574756],[36.9593587,55.755276],[36.9706585,55.7557498],[36.9718082,55.757945],[36.9704276,55.7584268],[36.968056,55.7600373],[36.9332186,55.7544071],[36.9329204,55.7526366],[36.931915,55.7526014],[36.9285044,55.7511747],[36.9210193,55.7465802],[36.9159827,55.7466723],[36.9080791,55.7487516],[36.9077905,55.7473194],[36.9060491,55.7469566],[36.9052217,55.7456136],[36.9047551,55.7453943],[36.9028742,55.7449123],[36.8997474,55.7453672],[36.8985833,55.7418064],[36.8971979,55.7424455],[36.8968708,55.7421693],[36.8992183,55.7410401],[36.9000553,55.7383781],[36.8999879,55.7377037],[36.9005548,55.7351641],[36.8999302,55.7351417],[36.9000938,55.7347273],[36.8998773,55.7346569],[36.8997282,55.7337604],[36.8983105,55.7332947],[36.8936164,55.7338769],[36.8904871,55.7336011],[36.8900381,55.7343595],[36.8893441,55.7340301],[36.8885414,55.7348575],[36.8880788,55.7344361]]],[[[37.290502,55.8019897],[37.2932645,55.7980647],[37.2931684,55.7963971],[37.3023539,55.7986335],[37.3029227,55.8024772],[37.3035641,55.8035588],[37.2977692,55.803354],[37.290502,55.8019897]]],[[[37.3079191,55.7972282],[37.3080428,55.7969743],[37.3091117,55.7971259],[37.3093392,55.7959742],[37.3116774,55.7963949],[37.3114403,55.7967947],[37.3118836,55.7968584],[37.3126617,55.7956909],[37.3137376,55.7959892],[37.3137882,55.7962856],[37.315274,55.7968902],[37.3155449,55.796614],[37.3152007,55.796163],[37.3162922,55.7963769],[37.3167382,55.7957912],[37.319386,55.7966376],[37.3191509,55.7972729],[37.3209466,55.7978523],[37.3240838,55.7971166],[37.3249703,55.7966009],[37.3250064,55.79643],[37.3245271,55.796288],[37.3246147,55.7966965],[37.3231509,55.7970297],[37.3213108,55.7961286],[37.3179918,55.7950271],[37.3170698,55.7950391],[37.3169585,55.7947516],[37.3143887,55.7936861],[37.3164453,55.7927791],[37.3115333,55.7925879],[37.3100592,55.7920866],[37.3112292,55.7912347],[37.3128219,55.7908116],[37.3141156,55.789835],[37.3148423,55.7887628],[37.315399,55.7884035],[37.3154144,55.7882412],[37.3145279,55.7882412],[37.3145898,55.7880644],[37.3128801,55.7877903],[37.310606,55.7844642],[37.3115518,55.7841496],[37.3118433,55.7801654],[37.3131458,55.7797513],[37.3128271,55.7863845],[37.3222352,55.7833587],[37.3283121,55.781108],[37.3270408,55.7795343],[37.3251359,55.7790494],[37.3243366,55.7786025],[37.3234666,55.7777055],[37.3240236,55.7775334],[37.3229729,55.7767335],[37.322415,55.7769447],[37.3153018,55.7746034],[37.3108516,55.7754361],[37.3098117,55.7719721],[37.309291,55.7711009],[37.3084937,55.7705913],[37.3127565,55.769081],[37.3160351,55.7691493],[37.3189369,55.7695065],[37.3207023,55.7668207],[37.3287193,55.7672931],[37.3305401,55.7678458],[37.3322475,55.767984],[37.332412,55.7682964],[37.3323383,55.7686881],[37.3321112,55.768689],[37.3319586,55.7713753],[37.3323016,55.7719341],[37.3366542,55.7711801],[37.3382839,55.7712914],[37.3395161,55.7707177],[37.3392543,55.7705988],[37.3403335,55.7704036],[37.3383438,55.7692766],[37.3398609,55.7690197],[37.3444969,55.7685981],[37.3445145,55.7697565],[37.3470671,55.7695512],[37.3477342,55.7701624],[37.3484687,55.7701745],[37.3486378,55.7707327],[37.3506306,55.7728787],[37.3524395,55.7737624],[37.35239,55.77751],[37.3521939,55.7776802],[37.3524529,55.7778156],[37.3522319,55.7780272],[37.3605084,55.7830987],[37.3604851,55.7834239],[37.3594889,55.7839671],[37.3616346,55.7850581],[37.3705101,55.7880302],[37.3699897,55.7887601],[37.3680103,55.7899212],[37.3606125,55.7916811],[37.3578174,55.7925683],[37.3531093,55.7943681],[37.3486793,55.7964211],[37.3499483,55.7969932],[37.352094,55.797147],[37.3538935,55.798865],[37.3575402,55.8000128],[37.3594884,55.8012546],[37.3590548,55.8023681],[37.3582512,55.8033426],[37.3578356,55.8033099],[37.3494535,55.8064784],[37.3478479,55.8066493],[37.3427758,55.8051114],[37.3361042,55.8020658],[37.3349988,55.8010969],[37.334486,55.7996108],[37.32179,55.8007522],[37.3204547,55.8003742],[37.3195118,55.8005089],[37.3163677,55.7993964],[37.3147699,55.7992573],[37.3143061,55.7981332],[37.3079191,55.7972282]]],[[[37.3262279,55.68276],[37.3312805,55.6814171],[37.3336914,55.6804245],[37.3460859,55.6762989],[37.3489862,55.678562],[37.3542991,55.6763211],[37.3574845,55.6792432],[37.3580956,55.6790776],[37.3611,55.6820978],[37.3550715,55.6855232],[37.3566586,55.6877063],[37.3558015,55.6874558],[37.3567062,55.6893346],[37.3567538,55.6899608],[37.3572617,55.6904081],[37.357973,55.6917385],[37.3592205,55.6913796],[37.3591258,55.6909375],[37.3610831,55.6900911],[37.3596676,55.6890355],[37.3639508,55.6877694],[37.3643424,55.6882166],[37.3626871,55.6887764],[37.3633645,55.6899639],[37.3643209,55.6906915],[37.3660692,55.6901032],[37.3679036,55.6917278],[37.372858,55.6910665],[37.371502,55.6900401],[37.3748651,55.6889363],[37.3771988,55.6906146],[37.3810709,55.6926361],[37.3813341,55.6924708],[37.3828033,55.6932217],[37.3836932,55.6930726],[37.3841384,55.6938261],[37.3901959,55.6967759],[37.3936964,55.6948131],[37.3941394,55.6951592],[37.3943217,55.6963587],[37.3954737,55.6965981],[37.3966154,55.696523],[37.3961619,55.6978172],[37.395083,55.6989225],[37.3952772,55.6989981],[37.3961249,55.6982156],[37.3968641,55.6965214],[37.3975527,55.6966707],[37.3983354,55.6973719],[37.4008323,55.6979391],[37.4021617,55.6988389],[37.4083932,55.6942243],[37.4116931,55.6912861],[37.4137834,55.6881236],[37.41496,55.685267],[37.4146829,55.6839548],[37.4151603,55.6824256],[37.4142093,55.6820281],[37.414376,55.6818551],[37.4154479,55.6820433],[37.417481,55.6807762],[37.410585,55.6780483],[37.4112905,55.6774909],[37.4089253,55.6763247],[37.4059717,55.6744578],[37.4057073,55.673281],[37.4048008,55.6728286],[37.4040325,55.6710433],[37.4042452,55.6707015],[37.4059429,55.6701039],[37.4067319,55.6703729],[37.4075357,55.6697626],[37.4073381,55.6696825],[37.4130736,55.6674098],[37.4154573,55.6647647],[37.4119834,55.6636178],[37.404661,55.6619362],[37.4021647,55.6615229],[37.3998873,55.6615583],[37.3972414,55.6610404],[37.3941332,55.6609367],[37.3890614,55.6619263],[37.3866645,55.6644111],[37.3861581,55.6645757],[37.3805794,55.6645089],[37.380066,55.6644295],[37.379712,55.6640279],[37.378318,55.6598282],[37.3780033,55.6594828],[37.3769914,55.659102],[37.370952,55.6590578],[37.3697653,55.6595194],[37.3699714,55.6605437],[37.3696052,55.6610389],[37.3699988,55.6679968],[37.3690415,55.6689191],[37.3646174,55.6691244],[37.358244,55.6660449],[37.3584524,55.6625761],[37.3528876,55.6603377],[37.3502376,55.6611985],[37.3505549,55.6618095],[37.3505088,55.6624102],[37.3535824,55.6637243],[37.351702,55.6648773],[37.349778,55.6655648],[37.3480466,55.6658288],[37.3481316,55.6641931],[37.3484908,55.6629065],[37.3481067,55.6628222],[37.3476527,55.6620314],[37.3441803,55.6624606],[37.3437687,55.6623309],[37.3436045,55.6621009],[37.3438717,55.6617317],[37.3434416,55.6615663],[37.34203,55.6601291],[37.342325,55.6595461],[37.3415492,55.6588625],[37.3418702,55.6580635],[37.3409501,55.65773],[37.3410192,55.657135],[37.3414275,55.656915],[37.3415289,55.6560662],[37.3423664,55.655497],[37.3421265,55.6550268],[37.3430571,55.6540578],[37.33786,55.652824],[37.3360925,55.6518785],[37.3328449,55.6483677],[37.3308994,55.6473055],[37.3320472,55.6459378],[37.3317032,55.644527],[37.3306524,55.6422503],[37.3299897,55.6418396],[37.3302905,55.6409153],[37.3298184,55.6398738],[37.3303472,55.6393239],[37.3324398,55.6395477],[37.3344062,55.6384799],[37.3360563,55.635179],[37.3388586,55.6353942],[37.3421195,55.6337877],[37.3425517,55.6331601],[37.3437832,55.6324281],[37.3561172,55.6305762],[37.3598713,55.6297248],[37.3617974,55.6290315],[37.3638921,55.6279324],[37.3686851,55.6248944],[37.3709544,55.6227779],[37.3722889,55.620327],[37.3739831,55.6160562],[37.374229,55.6146963],[37.4417401,55.6321821],[37.4485741,55.6342436],[37.4554342,55.6372228],[37.4557187,55.6370488],[37.5016534,55.6585246],[37.5240099,55.6737058],[37.5142637,55.678286],[37.5116624,55.6797306],[37.5365712,55.6935632],[37.5592321,55.7102802],[37.5568729,55.7103426],[37.552897,55.7109726],[37.5485159,55.7122628],[37.5459418,55.713687],[37.5433307,55.7156172],[37.5418853,55.7175946],[37.5410812,55.7201251],[37.5411815,55.7220558],[37.5418635,55.7240396],[37.5430747,55.7255663],[37.5449026,55.7270557],[37.5530345,55.7299466],[37.5590625,55.7330687],[37.5636326,55.7350954],[37.5657503,55.736401],[37.5683267,55.7385525],[37.5738914,55.7447089],[37.5744493,55.7463273],[37.5744922,55.7488635],[37.5740201,55.7503369],[37.5730331,55.751472],[37.5708015,55.7527279],[37.5678832,55.7533558],[37.5640208,55.7535974],[37.5601783,55.7530784],[37.5545352,55.7514364],[37.5435502,55.7465205],[37.5403745,55.7454577],[37.5357486,55.7445821],[37.5324042,55.7443963],[37.527972,55.7446122],[37.5255687,55.7453369],[37.5236375,55.7463273],[37.5220496,55.7475834],[37.5185027,55.7525846],[37.5176723,55.7546358],[37.516299,55.7568334],[37.5145394,55.7580891],[37.5116641,55.7596587],[37.5058276,55.7617836],[37.501064,55.7643671],[37.4981458,55.7655019],[37.4897158,55.7679596],[37.4845108,55.76817],[37.4800361,55.7677128],[37.4788659,55.7673434],[37.4780555,55.7666923],[37.476388,55.7645104],[37.4761731,55.7617112],[37.4767739,55.7569059],[37.4761731,55.7522932],[37.4751432,55.749878],[37.4741561,55.7485012],[37.4727828,55.7472693],[37.4673755,55.7440325],[37.4617965,55.7418583],[37.4553163,55.7406021],[37.4525268,55.7406021],[37.4492652,55.7411336],[37.4444587,55.7426072],[37.4373777,55.7464239],[37.436691,55.7471003],[37.4363477,55.7478732],[37.4368888,55.7492185],[37.4373764,55.7496856],[37.4392216,55.7505309],[37.4530833,55.753888],[37.4576323,55.75582],[37.4634259,55.7601907],[37.4645205,55.7623834],[37.4646628,55.7632953],[37.4642718,55.7652279],[37.4629397,55.7669505],[37.4603789,55.7690757],[37.4552656,55.7741771],[37.45303,55.7756937],[37.4506431,55.7768688],[37.4488294,55.7772765],[37.4473534,55.7772534],[37.4362176,55.7744065],[37.4341209,55.7741996],[37.4288433,55.7742825],[37.4169486,55.7753278],[37.4085801,55.7757622],[37.4018275,55.7717981],[37.3982596,55.7711769],[37.3867388,55.7709266],[37.3834025,55.7721825],[37.3797521,55.7723483],[37.3789227,55.7720323],[37.3788354,55.7716773],[37.3708646,55.7710135],[37.3702608,55.7713623],[37.3702616,55.7730269],[37.3688853,55.7730383],[37.3687433,55.7724986],[37.3678722,55.7721208],[37.3665161,55.7717594],[37.3655168,55.7718963],[37.3652599,55.771728],[37.3667564,55.7709031],[37.3664095,55.7703678],[37.3665267,55.7700084],[37.3686444,55.76869],[37.3686078,55.7669409],[37.3668393,55.7657364],[37.366306,55.7646072],[37.3656124,55.7644124],[37.3657364,55.7642046],[37.367905,55.7641355],[37.3681563,55.763776],[37.367872,55.7630371],[37.368489,55.7625565],[37.3685651,55.7568756],[37.3683119,55.75013],[37.3689477,55.745982],[37.370409,55.7425274],[37.3745176,55.7343246],[37.3739824,55.7325129],[37.3741806,55.7321508],[37.3747956,55.7318736],[37.3757427,55.7318875],[37.3792684,55.7250186],[37.3792148,55.7241949],[37.3784783,55.7237525],[37.378454,55.7233384],[37.3793277,55.7229619],[37.3811235,55.7213834],[37.3843099,55.7151659],[37.3837149,55.7144475],[37.381352,55.7130943],[37.3815623,55.7126033],[37.3826351,55.7126392],[37.386661,55.7111475],[37.3897062,55.7081228],[37.3924774,55.7059193],[37.3879413,55.7043201],[37.3885622,55.7035562],[37.3882393,55.7032332],[37.3904837,55.7024365],[37.3886458,55.7007934],[37.3921625,55.6984232],[37.3898298,55.6969492],[37.3878858,55.6981045],[37.3854471,55.6969691],[37.382014,55.6985367],[37.3790342,55.6973127],[37.3795116,55.6969227],[37.3791575,55.6967504],[37.3786586,55.6971253],[37.3781937,55.6968433],[37.3776109,55.7042546],[37.3774809,55.7093972],[37.3767396,55.7106743],[37.37606,55.7107201],[37.3754669,55.7114978],[37.3718947,55.7109556],[37.3644213,55.7089047],[37.3651927,55.7080444],[37.3675067,55.7079718],[37.3675802,55.7082587],[37.3683517,55.708223],[37.3684833,55.7085399],[37.3693474,55.7084951],[37.3690857,55.7074115],[37.3682256,55.7074588],[37.3661551,55.7070035],[37.368481,55.7036899],[37.3704149,55.7041782],[37.3709402,55.7036925],[37.3687822,55.703177],[37.3686399,55.703477],[37.36774,55.7032986],[37.3679514,55.7026652],[37.369005,55.7027612],[37.3691059,55.702475],[37.3668194,55.7021291],[37.3664989,55.7030851],[37.365914,55.7029208],[37.3656043,55.7020509],[37.3646683,55.701862],[37.3655936,55.7013179],[37.365595,55.7009431],[37.364439,55.7008773],[37.3633127,55.7018251],[37.3633195,55.7007325],[37.3573203,55.7005489],[37.3574355,55.6995235],[37.355769,55.6994601],[37.3556302,55.7005218],[37.3533615,55.7004503],[37.3531138,55.7017954],[37.3541338,55.7023401],[37.353968,55.7031365],[37.3563797,55.7046023],[37.3560893,55.7047715],[37.3514621,55.7022513],[37.3518141,55.7001658],[37.347376,55.6976493],[37.3449652,55.6983969],[37.3445685,55.6969048],[37.3438154,55.6961412],[37.3429431,55.6946987],[37.3423737,55.6932191],[37.3423516,55.6925536],[37.3439443,55.6905941],[37.3437926,55.6901985],[37.3440364,55.6894355],[37.3438553,55.6892225],[37.3423024,55.6890876],[37.3424181,55.6887217],[37.3397625,55.6881671],[37.3393663,55.6877536],[37.3394208,55.6873443],[37.3385424,55.6872882],[37.3388139,55.6876395],[37.3387602,55.6886541],[37.3378599,55.6901498],[37.3387,55.6913651],[37.3386913,55.6925674],[37.3376329,55.6935156],[37.3294276,55.6857865],[37.3339095,55.6842],[37.3336066,55.6832286],[37.3348271,55.6824529],[37.3341064,55.6820478],[37.3325117,55.6829408],[37.3309701,55.6815531],[37.3268711,55.6829631],[37.3298214,55.6854426],[37.3292925,55.6856526],[37.3262279,55.68276]]],[[[37.3717466,55.8092419],[37.3729467,55.8087717],[37.3729752,55.8074547],[37.3720858,55.8033929],[37.3735617,55.8029868],[37.3738014,55.8035562],[37.3752774,55.8045172],[37.3758233,55.8043714],[37.3760573,55.8046013],[37.3754202,55.8047682],[37.376167,55.805729],[37.3785716,55.80568],[37.3791232,55.8065438],[37.3778686,55.8069855],[37.3778959,55.8076942],[37.3782805,55.8084428],[37.3786411,55.8083657],[37.3793519,55.8091719],[37.3804959,55.8090228],[37.3806199,55.8093712],[37.3849555,55.8090616],[37.3850513,55.8093072],[37.3807281,55.8096574],[37.3810808,55.8106454],[37.3796746,55.8106902],[37.3801967,55.8113191],[37.3774474,55.8126881],[37.3764306,55.8120872],[37.3738627,55.8125917],[37.3717466,55.8092419]]]]}},{"type":"Feature","bbox":[36.8031,55.31127,37.01099,55.45577],"properties":{"scope":"district","name":"Киевский","aoName":"Троицкий","unitType":"Поселение","okato":"45298555","oktmo":"45945000","type":"administrative","category":"boundary","display_name":"Киевский, Троицкий административный округ, Москва, Россия","source":"GIS-Lab / OpenStreetMap"},"geometry":{"type":"MultiPolygon","coordinates":[[[[36.8031,55.44083],[36.80319,55.4416],[36.80357,55.45162],[36.81253,55.4514],[36.82745,55.45134],[36.83337,55.45138],[36.8338,55.45164],[36.83458,55.45126],[36.83486,55.45142],[36.83499,55.45149],[36.8358,55.45112],[36.83606,55.45116],[36.84616,55.45104],[36.86029,55.45089],[36.86494,55.45064],[36.86084,55.44927],[36.85826,55.44785],[36.85829,55.44766],[36.86,55.44667],[36.86111,55.4473],[36.86228,55.44671],[36.86388,55.4472],[36.86944,55.44894],[36.87246,55.45022],[36.87498,55.45138],[36.87733,55.45314],[36.88049,55.45482],[36.88227,55.45577],[36.88332,55.45515],[36.88378,55.45548],[36.88467,55.45515],[36.8856,55.45488],[36.88633,55.45525],[36.89525,55.45047],[36.88759,55.44601],[36.88187,55.44265],[36.89124,55.43745],[36.89158,55.43778],[36.89341,55.43688],[36.8948,55.43779],[36.89634,55.43899],[36.89686,55.43929],[36.89682,55.43875],[36.89641,55.43806],[36.89592,55.43696],[36.89318,55.42854],[36.89304,55.42814],[36.89221,55.42558],[36.89207,55.42512],[36.89216,55.42501],[36.89292,55.42506],[36.89392,55.42361],[36.89386,55.42293],[36.89313,55.42243],[36.89169,55.42111],[36.89192,55.4164],[36.89207,55.41061],[36.89249,55.41023],[36.89534,55.40784],[36.89746,55.40603],[36.89729,55.40578],[36.89784,55.40532],[36.90144,55.40223],[36.9017,55.40197],[36.90166,55.40189],[36.90374,55.40025],[36.90421,55.39939],[36.90429,55.39919],[36.90438,55.39894],[36.9046,55.3985],[36.90494,55.39782],[36.905,55.39758],[36.90502,55.39747],[36.90513,55.39739],[36.90515,55.39735],[36.90528,55.39735],[36.90527,55.39714],[36.90567,55.39664],[36.90582,55.39297],[36.9057,55.39215],[36.90575,55.39106],[36.90576,55.39086],[36.90578,55.39067],[36.90587,55.38961],[36.90568,55.38946],[36.90599,55.38928],[36.90605,55.3891],[36.90609,55.38893],[36.90645,55.38846],[36.90702,55.38772],[36.90721,55.38753],[36.90804,55.38667],[36.90858,55.3861],[36.90862,55.38586],[36.90991,55.38585],[36.91236,55.38585],[36.91345,55.38469],[36.91453,55.38494],[36.91482,55.38526],[36.91541,55.38584],[36.91483,55.38598],[36.9145,55.38644],[36.9144,55.38662],[36.91439,55.38733],[36.92374,55.38575],[36.92371,55.38555],[36.92354,55.38456],[36.9233,55.38337],[36.92286,55.38167],[36.92435,55.38138],[36.92566,55.38119],[36.92681,55.38104],[36.92857,55.38084],[36.92943,55.38072],[36.93333,55.37853],[36.9369,55.3779],[36.93724,55.37784],[36.93753,55.37794],[36.93785,55.37809],[36.93802,55.37822],[36.93814,55.37826],[36.93835,55.37826],[36.93845,55.37827],[36.93876,55.37847],[36.93891,55.37847],[36.939,55.37849],[36.93909,55.37852],[36.93922,55.3787],[36.93938,55.37878],[36.93954,55.37882],[36.93975,55.3788],[36.93985,55.3788],[36.93995,55.37884],[36.94005,55.37893],[36.94014,55.37912],[36.94026,55.37923],[36.94044,55.37928],[36.94062,55.37935],[36.94076,55.37958],[36.94084,55.37962],[36.94095,55.37965],[36.94125,55.37971],[36.94148,55.37975],[36.94171,55.37978],[36.94189,55.37984],[36.942,55.37997],[36.94206,55.38017],[36.94211,55.38033],[36.94222,55.3804],[36.94246,55.38051],[36.94277,55.38055],[36.94312,55.38059],[36.94344,55.38074],[36.94368,55.3808],[36.94393,55.38085],[36.94409,55.38094],[36.94416,55.38102],[36.94444,55.38129],[36.94568,55.38138],[36.94634,55.38142],[36.94636,55.38193],[36.94629,55.38375],[36.94765,55.38402],[36.94804,55.38406],[36.94894,55.38384],[36.95046,55.38351],[36.9506,55.3834],[36.95236,55.38152],[36.95401,55.38167],[36.95664,55.38134],[36.95361,55.37977],[36.95301,55.37622],[36.95648,55.37346],[36.96372,55.3678],[36.96126,55.36417],[36.96408,55.36059],[36.96863,55.36131],[36.97372,55.36211],[36.97351,55.36032],[36.97175,55.3579],[36.97108,55.35713],[36.97032,55.3564],[36.97008,55.35485],[36.97022,55.35232],[36.97242,55.35182],[36.97407,55.3518],[36.97684,55.35091],[36.99201,55.34645],[37.00561,55.34232],[37.01099,55.34074],[37.00557,55.33704],[36.99925,55.33307],[36.99836,55.33204],[36.99499,55.3336],[36.99391,55.33285],[36.99222,55.33266],[36.99218,55.33175],[36.99196,55.33032],[36.99116,55.33031],[36.99097,55.32898],[36.99128,55.3275],[36.98971,55.32767],[36.98884,55.32656],[36.98869,55.32533],[36.99022,55.3253],[36.98846,55.32141],[36.98644,55.31559],[36.98386,55.3165],[36.98103,55.31755],[36.97769,55.31865],[36.97005,55.32162],[36.96368,55.3241],[36.96041,55.3219],[36.94473,55.32937],[36.94663,55.33067],[36.94423,55.3316],[36.94222,55.33257],[36.94062,55.33426],[36.94027,55.33427],[36.93917,55.33662],[36.93689,55.33659],[36.93619,55.33881],[36.93619,55.33905],[36.93578,55.34116],[36.93613,55.34126],[36.93549,55.34156],[36.91949,55.34931],[36.91624,55.3508],[36.91566,55.3517],[36.91614,55.35254],[36.91514,55.35263],[36.91518,55.35286],[36.91557,55.35403],[36.91224,55.35432],[36.90946,55.35449],[36.90698,55.35476],[36.90473,55.35508],[36.90294,55.3557],[36.90315,55.35641],[36.90408,55.35701],[36.90163,55.35831],[36.9014,55.35838],[36.88795,55.36488],[36.87216,55.37249],[36.85606,55.38033],[36.86293,55.38479],[36.84827,55.39208],[36.85499,55.39655],[36.86187,55.40103],[36.84558,55.40874],[36.8343,55.41399],[36.84039,55.41758],[36.84193,55.41861],[36.84209,55.4187],[36.83276,55.42037],[36.83259,55.42041],[36.8291,55.421],[36.82654,55.42143],[36.82581,55.42143],[36.82488,55.42201],[36.82466,55.42225],[36.82429,55.42265],[36.82427,55.42285],[36.82446,55.42311],[36.82455,55.42334],[36.82371,55.42349],[36.82307,55.42368],[36.82245,55.42404],[36.82161,55.42472],[36.8212,55.42523],[36.8226,55.42487],[36.8241,55.42621],[36.82525,55.42738],[36.82605,55.42816],[36.82659,55.42808],[36.82673,55.42824],[36.82725,55.42813],[36.82778,55.42805],[36.82824,55.42864],[36.82478,55.42903],[36.8243,55.42858],[36.82395,55.42867],[36.82192,55.42928],[36.81913,55.42676],[36.81678,55.42993],[36.81641,55.42992],[36.81613,55.4303],[36.81258,55.43511],[36.81136,55.4363],[36.8031,55.44083]]],[[[36.90075,55.31486],[36.90325,55.31611],[36.90394,55.31723],[36.90617,55.31675],[36.90909,55.31992],[36.90961,55.32222],[36.91012,55.32617],[36.90952,55.32705],[36.90872,55.32777],[36.90887,55.32806],[36.91055,55.33129],[36.91585,55.33033],[36.91561,55.32993],[36.9133,55.32598],[36.91604,55.32549],[36.92257,55.32451],[36.92267,55.32386],[36.91945,55.3187],[36.91903,55.31867],[36.91881,55.31865],[36.91761,55.31677],[36.91613,55.31699],[36.91347,55.31718],[36.91201,55.31675],[36.91107,55.31357],[36.91012,55.31303],[36.90789,55.31171],[36.90669,55.31127],[36.903,55.31289],[36.90128,55.31396],[36.90075,55.31486]]]]}},{"type":"Feature","bbox":[37.426586,55.7330146,37.5224216,55.7681941],"properties":{"scope":"district","name":"Филёвский Парк","aoName":"Западный","unitType":"Муниципальный округ","okato":"45268595","oktmo":"45328000","type":"administrative","category":"boundary","display_name":"район Филёвский Парк, Москва, Центральный федеральный округ, Россия","source":"OpenStreetMap / Nominatim","refreshedAt":"2026-09-17"},"geometry":{"type":"Polygon","coordinates":[[[37.426586,55.7477294],[37.428659,55.7467032],[37.4291285,55.7469767],[37.4314399,55.7457838],[37.4308635,55.7453218],[37.4319968,55.7445586],[37.4332033,55.7426361],[37.4394908,55.7397079],[37.4398821,55.7388563],[37.4396575,55.7384021],[37.4379546,55.7372586],[37.4449168,55.7348261],[37.4472514,55.7350752],[37.4474566,55.7361393],[37.4485868,55.736124],[37.4486175,55.7358929],[37.4509788,55.7365646],[37.4506336,55.7369351],[37.4527229,55.7372394],[37.4542991,55.735917],[37.4603124,55.7372605],[37.4603584,55.7375536],[37.4801615,55.7430534],[37.4892942,55.7330146],[37.4985357,55.734604],[37.5058686,55.7369085],[37.5087566,55.7385621],[37.5138365,55.7432311],[37.5156954,55.7445398],[37.5180084,55.7457675],[37.5224216,55.7472846],[37.5185027,55.7525846],[37.5176723,55.7546358],[37.516299,55.7568334],[37.5145394,55.7580891],[37.5116641,55.7596587],[37.5058276,55.7617836],[37.501064,55.7643671],[37.4981458,55.7655019],[37.4897158,55.7679596],[37.4871806,55.7681941],[37.4845108,55.76817],[37.4800361,55.7677128],[37.4788659,55.7673434],[37.4780555,55.7666923],[37.476388,55.7645104],[37.4761731,55.7617112],[37.476731,55.7559641],[37.4761731,55.7522932],[37.4751432,55.749878],[37.4741561,55.7485012],[37.4710233,55.7461099],[37.4673755,55.7440325],[37.4617965,55.7418583],[37.4553163,55.7406021],[37.4525268,55.7406021],[37.4465186,55.7418583],[37.4424846,55.7435735],[37.4373777,55.7464239],[37.436691,55.7471003],[37.4363477,55.7478732],[37.4369216,55.7492638],[37.4330442,55.7500589],[37.4314512,55.7500547],[37.4300708,55.7496577],[37.426586,55.7477294]]]}},{"type":"Feature","bbox":[36.9440969,55.4644917,36.9447472,55.4646751],"properties":{"scope":"district","name":"Новофёдоровское","aoName":"Троицкий","unitType":"Поселение","okato":"45298567","oktmo":"45954000","type":"administrative","category":"boundary","display_name":"Администрация поселение Новофёдоровское, 31, Дорожная улица, район Бекасово, Яковлевское, Москва, Центральный федеральный округ, 143340, Россия","source":"OpenStreetMap / Nominatim","refreshedAt":"2026-09-17"},"geometry":{"type":"Polygon","coordinates":[[[36.944138,55.4646751],[36.9447061,55.4644917],[36.9447472,55.4646021],[36.944138,55.4646751]]]}},{"type":"Feature","bbox":[36.93724,55.14217,37.20236,55.31559],"properties":{"scope":"district","name":"Роговское","aoName":"Троицкий","unitType":"Поселение","okato":"45298575","oktmo":"45956000","type":"administrative","category":"boundary","display_name":"Роговское, Троицкий административный округ, Москва, Россия","source":"GIS-Lab / OpenStreetMap"},"geometry":{"type":"Polygon","coordinates":[[[36.93724,55.24139],[36.93726,55.24161],[36.93755,55.24195],[36.93794,55.24225],[36.9388,55.24266],[36.93926,55.24285],[36.94105,55.24294],[36.94173,55.24343],[36.94149,55.24368],[36.94105,55.2439],[36.94104,55.244],[36.94119,55.24403],[36.94159,55.244],[36.94176,55.24409],[36.94171,55.24425],[36.94175,55.24434],[36.94299,55.24463],[36.94333,55.24478],[36.94344,55.24492],[36.94325,55.2451],[36.94292,55.24518],[36.94289,55.24526],[36.94299,55.24533],[36.94371,55.24567],[36.94346,55.24589],[36.94352,55.2464],[36.94342,55.24697],[36.94325,55.24711],[36.94276,55.24721],[36.9427,55.24729],[36.94278,55.2474],[36.94303,55.24747],[36.94378,55.24751],[36.95143,55.24565],[36.95262,55.24927],[36.94776,55.24971],[36.94783,55.25274],[36.94901,55.25458],[36.94907,55.25723],[36.95056,55.25898],[36.95365,55.25909],[36.9571,55.26076],[36.95252,55.26484],[36.95697,55.2654],[36.9615,55.26677],[36.96194,55.26735],[36.9627,55.26739],[36.96625,55.26633],[36.9678,55.26719],[36.96933,55.26721],[36.97507,55.26621],[36.98048,55.26907],[36.98133,55.26878],[36.98341,55.26814],[36.9868,55.27633],[36.99004,55.27614],[36.99963,55.27789],[37.01999,55.28188],[37.02126,55.28198],[37.02604,55.28302],[37.02599,55.28437],[37.02141,55.28443],[37.02156,55.28764],[37.02188,55.28816],[37.02161,55.28879],[37.01266,55.28989],[37.00257,55.28901],[36.99834,55.29028],[36.99774,55.29156],[36.99335,55.29104],[36.99274,55.29274],[36.99231,55.29265],[36.98381,55.29697],[36.98552,55.29795],[36.98608,55.29849],[36.98737,55.29996],[36.98553,55.30173],[36.98466,55.30183],[36.98499,55.30261],[36.98761,55.30733],[36.98839,55.30832],[36.98785,55.30918],[36.98654,55.31465],[36.98644,55.31559],[36.98845,55.31287],[36.99145,55.31067],[36.98987,55.30954],[36.99256,55.30828],[36.9936,55.30887],[36.99471,55.3082],[36.99545,55.30883],[36.99552,55.30949],[36.99558,55.31008],[36.99612,55.31008],[36.99725,55.30932],[36.99854,55.30845],[36.99723,55.30769],[36.99814,55.30554],[37.00069,55.30547],[37.00399,55.30418],[37.00425,55.30309],[37.00483,55.30262],[37.00365,55.30135],[37.00513,55.30085],[37.00523,55.30034],[37.00399,55.29915],[37.00587,55.29768],[37.01004,55.29814],[37.01125,55.29932],[37.01333,55.29862],[37.01676,55.30074],[37.02096,55.30072],[37.02096,55.30152],[37.02153,55.30183],[37.05562,55.28824],[37.1001,55.27624],[37.10877,55.27436],[37.10729,55.27252],[37.11166,55.2712],[37.11267,55.27137],[37.11506,55.27059],[37.11627,55.27095],[37.11694,55.27375],[37.11869,55.27285],[37.12064,55.27005],[37.12239,55.26967],[37.12568,55.27109],[37.12706,55.27041],[37.13049,55.27149],[37.15759,55.25442],[37.16368,55.25264],[37.15924,55.24986],[37.16193,55.24904],[37.16307,55.24915],[37.16472,55.25026],[37.16687,55.25034],[37.16395,55.24856],[37.16469,55.24829],[37.16583,55.24892],[37.16731,55.24823],[37.16492,55.24658],[37.16717,55.24651],[37.16933,55.24792],[37.16993,55.2475],[37.17131,55.24752],[37.17161,55.25001],[37.17595,55.24861],[37.17591,55.24758],[37.17709,55.24741],[37.17854,55.24438],[37.17975,55.24461],[37.18005,55.24526],[37.18133,55.24574],[37.18418,55.24474],[37.18496,55.24543],[37.20236,55.23965],[37.19984,55.23772],[37.19914,55.23736],[37.19605,55.23573],[37.19394,55.23481],[37.19223,55.23537],[37.1919,55.23549],[37.189,55.23647],[37.18725,55.23645],[37.1849,55.23689],[37.1781,55.23429],[37.17677,55.23346],[37.17585,55.23256],[37.17151,55.23135],[37.16336,55.23158],[37.16472,55.22486],[37.16604,55.21734],[37.16627,55.21616],[37.16627,55.21615],[37.16667,55.2161],[37.16959,55.21576],[37.16961,55.21496],[37.16854,55.21274],[37.16799,55.21161],[37.16667,55.21144],[37.16699,55.20867],[37.1673,55.20692],[37.16783,55.20327],[37.16859,55.19687],[37.16888,55.19464],[37.17006,55.19454],[37.17444,55.19504],[37.17418,55.19386],[37.17341,55.19301],[37.17336,55.19161],[37.17252,55.19085],[37.16909,55.18726],[37.16728,55.18542],[37.16817,55.1834],[37.16836,55.18284],[37.16764,55.18132],[37.16739,55.18063],[37.16786,55.17945],[37.16856,55.17768],[37.17005,55.17379],[37.16958,55.17242],[37.16981,55.17145],[37.17042,55.17111],[37.17049,55.17087],[37.17113,55.17037],[37.17134,55.16547],[37.16988,55.16434],[37.16894,55.1647],[37.16666,55.16538],[37.1661,55.16438],[37.16206,55.16472],[37.15718,55.16175],[37.15632,55.16476],[37.14078,55.16438],[37.14083,55.16263],[37.14208,55.15568],[37.14134,55.15567],[37.11058,55.15416],[37.11121,55.14919],[37.06439,55.14712],[37.06475,55.14428],[37.04482,55.14338],[37.04563,55.14217],[37.0441,55.14234],[37.04152,55.14285],[37.03921,55.14252],[37.03784,55.14602],[37.03257,55.1477],[37.03222,55.14812],[37.03091,55.14865],[37.02794,55.15015],[37.02743,55.15261],[37.02323,55.1556],[37.02085,55.15606],[37.01811,55.15759],[37.01523,55.16],[37.01855,55.16018],[37.01989,55.16112],[37.01982,55.1672],[37.01923,55.16895],[37.01947,55.17149],[37.01926,55.17296],[37.01824,55.17423],[37.01809,55.17727],[37.0159,55.17652],[37.01466,55.17659],[37.01422,55.1773],[37.01461,55.17767],[37.01514,55.17833],[37.01636,55.17984],[37.01939,55.18252],[37.01971,55.18295],[37.01723,55.18383],[37.01647,55.18402],[37.01573,55.18399],[37.01462,55.18376],[37.01039,55.18333],[37.00823,55.18283],[37.00753,55.18151],[37.0069,55.18072],[37.00655,55.1806],[37.00604,55.18084],[37.00332,55.18142],[37.00135,55.1815],[36.99951,55.18105],[36.99825,55.1807],[36.9979,55.1803],[36.99729,55.18011],[36.99704,55.18022],[36.99678,55.18023],[36.99636,55.18049],[36.99635,55.18091],[36.99585,55.18168],[36.99513,55.18223],[36.99355,55.1828],[36.99262,55.18288],[36.99169,55.18285],[36.99122,55.18267],[36.99072,55.18202],[36.99026,55.18169],[36.98956,55.18147],[36.9862,55.1809],[36.98526,55.1809],[36.98492,55.18098],[36.98446,55.18127],[36.98411,55.18128],[36.98383,55.18105],[36.98347,55.18072],[36.98261,55.18047],[36.98159,55.18228],[36.98144,55.1832],[36.98099,55.18473],[36.98102,55.18541],[36.98107,55.18612],[36.98063,55.18609],[36.97977,55.18625],[36.97673,55.18862],[36.97571,55.18954],[36.97521,55.19034],[36.97503,55.19105],[36.97383,55.19203],[36.97117,55.19548],[36.97031,55.1967],[36.96906,55.19847],[36.9671,55.19974],[36.96669,55.201],[36.9663,55.2025],[36.96623,55.20359],[36.96587,55.20421],[36.9663,55.20535],[36.9657,55.20582],[36.96346,55.20756],[36.96164,55.20898],[36.96277,55.2096],[36.96295,55.20996],[36.96404,55.21094],[36.9646,55.21195],[36.96303,55.21226],[36.96217,55.21237],[36.96238,55.21341],[36.96227,55.21414],[36.96009,55.21498],[36.95726,55.21661],[36.95394,55.21751],[36.95141,55.21812],[36.9489,55.21823],[36.94771,55.21817],[36.94751,55.21839],[36.94846,55.22031],[36.94698,55.22211],[36.94634,55.22244],[36.9459,55.2228],[36.94756,55.22358],[36.94812,55.22397],[36.94964,55.2247],[36.9496,55.22487],[36.94867,55.22595],[36.94806,55.22678],[36.94711,55.2278],[36.94673,55.22874],[36.94632,55.22945],[36.94583,55.23072],[36.94594,55.23138],[36.94701,55.23214],[36.94779,55.23287],[36.94803,55.23332],[36.94886,55.23431],[36.94903,55.23512],[36.94893,55.23564],[36.94949,55.23698],[36.95013,55.23826],[36.9498,55.23878],[36.94944,55.24024],[36.94678,55.2414],[36.9449,55.24141],[36.9414,55.24169],[36.93989,55.2415],[36.93724,55.24139]]]}},{"type":"Feature","bbox":[37.43956,55.60022,37.48916,55.63739],"properties":{"scope":"district","name":"\"Мосрентген\"","aoName":"Новомосковский","unitType":"Поселение","okato":"45297568","oktmo":"45953000","type":"administrative","category":"boundary","display_name":"\"Мосрентген\", Новомосковский административный округ, Москва, Россия","source":"GIS-Lab / OpenStreetMap"},"geometry":{"type":"Polygon","coordinates":[[[37.43956,55.62731],[37.44018,55.63042],[37.44059,55.63102],[37.44104,55.63126],[37.44709,55.63301],[37.45211,55.63498],[37.456,55.63688],[37.45629,55.637],[37.45659,55.63713],[37.45688,55.63724],[37.45701,55.63727],[37.45711,55.63729],[37.45732,55.63734],[37.45752,55.63736],[37.45778,55.63738],[37.45796,55.63739],[37.45815,55.63738],[37.45847,55.63734],[37.45881,55.63731],[37.45913,55.63728],[37.45945,55.63724],[37.45983,55.63721],[37.46021,55.63717],[37.46041,55.63714],[37.46061,55.63709],[37.46078,55.63706],[37.4619,55.63612],[37.46204,55.63612],[37.4621,55.63595],[37.46209,55.63595],[37.46387,55.63443],[37.46377,55.63435],[37.46377,55.63434],[37.46377,55.63433],[37.46448,55.6337],[37.46467,55.63376],[37.46597,55.63314],[37.46683,55.63237],[37.46749,55.63136],[37.46939,55.62972],[37.47373,55.626],[37.4776,55.62267],[37.48153,55.61931],[37.48545,55.61618],[37.48621,55.61559],[37.48752,55.61448],[37.48769,55.61435],[37.4889,55.61328],[37.48881,55.61303],[37.48889,55.61288],[37.48897,55.6127],[37.48902,55.61244],[37.48904,55.61224],[37.48905,55.61207],[37.48905,55.61189],[37.48906,55.61177],[37.48907,55.61172],[37.48906,55.61171],[37.48907,55.61148],[37.48902,55.61131],[37.48908,55.61122],[37.48916,55.61072],[37.48888,55.61008],[37.48883,55.60998],[37.48878,55.60984],[37.48864,55.60961],[37.48851,55.60938],[37.48843,55.60926],[37.4884,55.60922],[37.4884,55.60922],[37.48831,55.60909],[37.48814,55.60885],[37.48803,55.60869],[37.48784,55.60839],[37.48669,55.60652],[37.48462,55.6036],[37.48208,55.60022],[37.47904,55.60103],[37.47425,55.60135],[37.46777,55.60283],[37.46601,55.60327],[37.46325,55.60409],[37.46049,55.60563],[37.45967,55.60625],[37.459,55.60681],[37.45872,55.60707],[37.4586,55.60728],[37.45861,55.60736],[37.45852,55.60761],[37.45825,55.60826],[37.45818,55.60874],[37.45813,55.60928],[37.45822,55.60964],[37.46163,55.61675],[37.45799,55.61812],[37.45442,55.61945],[37.45085,55.62063],[37.44922,55.62095],[37.44735,55.62081],[37.4461,55.62063],[37.446,55.62078],[37.44514,55.62222],[37.44449,55.62276],[37.44449,55.62283],[37.44082,55.62408],[37.44053,55.6243],[37.44006,55.62544],[37.43956,55.62731]]]}},{"type":"Feature","bbox":[36.97008,55.23927,37.27687,55.40256],"properties":{"scope":"district","name":"Вороновское","aoName":"Троицкий","unitType":"Поселение","okato":"45298553","oktmo":"45943000","type":"administrative","category":"boundary","display_name":"Вороновское, Троицкий административный округ, Москва, Россия","source":"GIS-Lab / OpenStreetMap"},"geometry":{"type":"Polygon","coordinates":[[[36.97008,55.35485],[36.97032,55.3564],[36.97108,55.35713],[36.97175,55.3579],[36.97351,55.36032],[36.97491,55.36069],[36.97652,55.3629],[36.97645,55.36387],[36.97693,55.36417],[36.97604,55.36527],[36.97717,55.36619],[36.97685,55.36673],[36.97709,55.36711],[36.97619,55.36804],[36.97686,55.36869],[36.97714,55.3698],[36.97784,55.37011],[36.97769,55.37054],[36.97845,55.37075],[36.97842,55.37127],[36.9795,55.37139],[36.9801,55.37195],[36.97965,55.37247],[36.98064,55.37259],[36.98094,55.37289],[36.9806,55.37328],[36.98111,55.37337],[36.98111,55.37382],[36.97995,55.37371],[36.98031,55.37411],[36.98136,55.3745],[36.98111,55.37532],[36.98148,55.37543],[36.98249,55.3752],[36.98323,55.37538],[36.9838,55.37499],[36.98628,55.37438],[36.98774,55.37443],[36.98981,55.37522],[36.99212,55.37553],[36.99405,55.37537],[36.99786,55.37681],[36.99795,55.37835],[37.00005,55.37939],[37.00067,55.38048],[37.00207,55.38043],[37.00234,55.38103],[37.00364,55.38147],[37.00491,55.38258],[37.00612,55.38285],[37.00565,55.38378],[37.00792,55.38543],[37.0094,55.38573],[37.01246,55.38989],[37.01285,55.39153],[37.01182,55.3922],[37.01132,55.3923],[37.01032,55.39189],[37.00931,55.39339],[37.00971,55.3942],[37.00896,55.39448],[37.00817,55.3944],[37.00977,55.39681],[37.01235,55.39789],[37.01556,55.39901],[37.01851,55.3994],[37.02069,55.39907],[37.02394,55.40075],[37.02619,55.40186],[37.02714,55.4023],[37.02782,55.40183],[37.03289,55.40214],[37.03628,55.40256],[37.03649,55.4015],[37.04091,55.39988],[37.04319,55.39898],[37.04431,55.39886],[37.04577,55.39947],[37.04719,55.39936],[37.05257,55.4],[37.05451,55.39886],[37.05331,55.39865],[37.05483,55.39678],[37.05274,55.39473],[37.05607,55.39395],[37.05678,55.39254],[37.05958,55.39225],[37.06011,55.39128],[37.05863,55.38885],[37.05901,55.38725],[37.06149,55.38701],[37.06153,55.3886],[37.06562,55.39009],[37.06638,55.39114],[37.06876,55.39087],[37.07023,55.39308],[37.07156,55.39295],[37.07304,55.39209],[37.07242,55.39141],[37.07185,55.38982],[37.07342,55.38776],[37.07347,55.38693],[37.07133,55.38552],[37.07413,55.38366],[37.07418,55.38239],[37.07342,55.38201],[37.06966,55.37877],[37.07252,55.37791],[37.07304,55.37523],[37.08098,55.3734],[37.08297,55.3728],[37.08307,55.37156],[37.08611,55.37088],[37.08592,55.37242],[37.09011,55.37048],[37.0932,55.37005],[37.09705,55.37002],[37.10037,55.3694],[37.10042,55.36888],[37.09833,55.36861],[37.09819,55.3667],[37.09595,55.36613],[37.09553,55.36402],[37.09681,55.36183],[37.09833,55.36207],[37.09833,55.36607],[37.09966,55.36713],[37.1028,55.3677],[37.10304,55.36688],[37.10128,55.36497],[37.1028,55.36499],[37.10427,55.36453],[37.10437,55.36321],[37.10908,55.36324],[37.10908,55.36418],[37.1124,55.36521],[37.11459,55.36413],[37.11454,55.36559],[37.11806,55.3654],[37.11797,55.36594],[37.11906,55.36602],[37.12091,55.36783],[37.12158,55.37086],[37.12619,55.36915],[37.12966,55.36902],[37.13213,55.36821],[37.13204,55.36759],[37.13432,55.36753],[37.13632,55.36648],[37.13603,55.36564],[37.1386,55.36367],[37.13998,55.36356],[37.14426,55.36813],[37.14825,55.36648],[37.15044,55.3667],[37.15391,55.36421],[37.15495,55.36432],[37.15562,55.36543],[37.1569,55.36483],[37.15899,55.3647],[37.1618,55.36578],[37.15857,55.36853],[37.16275,55.36926],[37.16798,55.36942],[37.17088,55.36851],[37.17259,55.36851],[37.17307,55.36648],[37.17639,55.3678],[37.18567,55.36759],[37.18562,55.36967],[37.18918,55.37215],[37.19161,55.37475],[37.19679,55.37901],[37.20292,55.38215],[37.20525,55.38304],[37.20734,55.38244],[37.21353,55.3822],[37.21719,55.38409],[37.21909,55.38417],[37.22359,55.38655],[37.22465,55.38612],[37.22408,55.38529],[37.22584,55.38442],[37.22351,55.38204],[37.23102,55.37633],[37.23136,55.37608],[37.23616,55.37581],[37.23949,55.37394],[37.23606,55.37097],[37.23459,55.37124],[37.23383,55.37059],[37.23388,55.36975],[37.23126,55.36792],[37.2325,55.36716],[37.23231,55.36484],[37.23316,55.3637],[37.2324,55.36308],[37.23297,55.35924],[37.23402,55.35808],[37.23544,55.35881],[37.23996,55.36008],[37.24376,55.36146],[37.2469,55.35886],[37.25955,55.35827],[37.25999,55.35739],[37.26137,55.35739],[37.26117,55.35613],[37.26271,55.3559],[37.26332,55.35445],[37.26251,55.35414],[37.26308,55.35347],[37.26675,55.35368],[37.26722,55.35235],[37.26937,55.35261],[37.2696,55.35181],[37.26715,55.35129],[37.26839,55.34996],[37.27021,55.35017],[37.27159,55.34827],[37.2692,55.34774],[37.27018,55.34428],[37.27202,55.34296],[37.27182,55.34143],[37.27303,55.33981],[37.2733,55.33529],[37.27125,55.33445],[37.27152,55.33373],[37.27034,55.33285],[37.26876,55.3333],[37.26873,55.33233],[37.26708,55.33107],[37.26614,55.33143],[37.26493,55.33137],[37.26386,55.33197],[37.26258,55.33118],[37.26147,55.33118],[37.26049,55.33187],[37.25905,55.33101],[37.26053,55.32933],[37.25992,55.32893],[37.25908,55.32935],[37.25599,55.32745],[37.25222,55.32979],[37.25085,55.32904],[37.25525,55.32646],[37.25538,55.32319],[37.25384,55.32242],[37.25599,55.32085],[37.25095,55.31877],[37.24893,55.32061],[37.24715,55.32009],[37.24806,55.31934],[37.24604,55.31852],[37.24513,55.31896],[37.24318,55.31804],[37.24503,55.31682],[37.24449,55.31567],[37.24748,55.31313],[37.24611,55.31173],[37.24752,55.31073],[37.24634,55.31007],[37.24765,55.30936],[37.24842,55.30968],[37.2499,55.30911],[37.24927,55.3076],[37.24721,55.30721],[37.2455,55.30802],[37.24432,55.30767],[37.24103,55.30522],[37.23931,55.30524],[37.23955,55.30253],[37.23841,55.30157],[37.23669,55.30142],[37.23491,55.3023],[37.23363,55.29922],[37.23481,55.29881],[37.23565,55.29757],[37.2341,55.29644],[37.23595,55.29529],[37.23447,55.29456],[37.23575,55.29349],[37.23478,55.29309],[37.23592,55.29221],[37.23962,55.29244],[37.24258,55.29405],[37.24345,55.29405],[37.2456,55.29374],[37.24587,55.29255],[37.25017,55.29175],[37.25024,55.29378],[37.253,55.2937],[37.25313,55.29194],[37.25461,55.29198],[37.25501,55.28919],[37.25609,55.28919],[37.25649,55.28869],[37.26275,55.26644],[37.26369,55.26563],[37.26342,55.26383],[37.26248,55.26222],[37.26799,55.26088],[37.27156,55.25882],[37.2705,55.25809],[37.26788,55.25647],[37.27687,55.25158],[37.27449,55.24461],[37.2696,55.24072],[37.27016,55.24049],[37.26382,55.24014],[37.25906,55.24023],[37.25431,55.24033],[37.25127,55.24],[37.24998,55.24099],[37.24746,55.24193],[37.24649,55.2406],[37.24552,55.23927],[37.24015,55.24102],[37.23478,55.24277],[37.23553,55.24439],[37.23316,55.24558],[37.23485,55.24763],[37.23427,55.24792],[37.23272,55.24845],[37.23115,55.24911],[37.22881,55.24955],[37.22501,55.25124],[37.22298,55.25199],[37.219,55.25311],[37.21817,55.25285],[37.21738,55.25259],[37.21623,55.25223],[37.21421,55.25269],[37.21268,55.25162],[37.20977,55.2508],[37.20832,55.24953],[37.20784,55.2491],[37.20682,55.2494],[37.20594,55.24947],[37.20562,55.24896],[37.20529,55.24845],[37.20499,55.24831],[37.20474,55.24794],[37.20423,55.2479],[37.20396,55.24765],[37.20395,55.24689],[37.20338,55.24638],[37.203,55.24609],[37.20281,55.24586],[37.20246,55.24564],[37.20222,55.24559],[37.20214,55.24541],[37.20197,55.24531],[37.20181,55.24517],[37.20172,55.24504],[37.20166,55.24489],[37.20138,55.24471],[37.20118,55.24436],[37.20131,55.24413],[37.20147,55.244],[37.20177,55.24316],[37.20188,55.2431],[37.20199,55.24311],[37.20215,55.24309],[37.20232,55.2431],[37.20248,55.24316],[37.20267,55.24311],[37.20269,55.24302],[37.20262,55.24294],[37.20239,55.24294],[37.20231,55.24285],[37.20236,55.24274],[37.20254,55.2427],[37.20308,55.2428],[37.20328,55.24275],[37.20354,55.24248],[37.20345,55.2424],[37.20346,55.24234],[37.20356,55.24234],[37.20416,55.24236],[37.20426,55.24229],[37.20417,55.24194],[37.20441,55.24182],[37.20464,55.24172],[37.2048,55.24171],[37.20486,55.24163],[37.20484,55.24163],[37.20463,55.24146],[37.20236,55.23965],[37.18496,55.24543],[37.18418,55.24474],[37.18133,55.24574],[37.18005,55.24526],[37.17975,55.24461],[37.17854,55.24438],[37.17709,55.24741],[37.17591,55.24758],[37.17595,55.24861],[37.17161,55.25001],[37.17131,55.24752],[37.16993,55.2475],[37.16933,55.24792],[37.16717,55.24651],[37.16492,55.24658],[37.16731,55.24823],[37.16583,55.24892],[37.16469,55.24829],[37.16395,55.24856],[37.16687,55.25034],[37.16472,55.25026],[37.16307,55.24915],[37.16193,55.24904],[37.15924,55.24986],[37.16368,55.25264],[37.15759,55.25442],[37.13049,55.27149],[37.12706,55.27041],[37.12568,55.27109],[37.12239,55.26967],[37.12064,55.27005],[37.11869,55.27285],[37.11694,55.27375],[37.11627,55.27095],[37.11506,55.27059],[37.11267,55.27137],[37.11166,55.2712],[37.10729,55.27252],[37.10877,55.27436],[37.1001,55.27624],[37.05562,55.28824],[37.02153,55.30183],[37.02096,55.30152],[37.02096,55.30072],[37.01676,55.30074],[37.01333,55.29862],[37.01125,55.29932],[37.01004,55.29814],[37.00587,55.29768],[37.00399,55.29915],[37.00523,55.30034],[37.00513,55.30085],[37.00365,55.30135],[37.00483,55.30262],[37.00425,55.30309],[37.00399,55.30418],[37.00069,55.30547],[36.99814,55.30554],[36.99723,55.30769],[36.99854,55.30845],[36.99725,55.30932],[36.99612,55.31008],[36.99558,55.31008],[36.99552,55.30949],[36.99545,55.30883],[36.99471,55.3082],[36.9936,55.30887],[36.99256,55.30828],[36.98987,55.30954],[36.99145,55.31067],[36.98845,55.31287],[36.98644,55.31559],[36.98846,55.32141],[36.99022,55.3253],[36.98869,55.32533],[36.98884,55.32656],[36.98971,55.32767],[36.99128,55.3275],[36.99097,55.32898],[36.99116,55.33031],[36.99196,55.33032],[36.99218,55.33175],[36.99222,55.33266],[36.99391,55.33285],[36.99499,55.3336],[36.99836,55.33204],[36.99925,55.33307],[37.00557,55.33704],[37.01099,55.34074],[37.00561,55.34232],[36.99201,55.34645],[36.97684,55.35091],[36.97407,55.3518],[36.97242,55.35182],[36.97022,55.35232],[36.97008,55.35485]]]}},{"type":"Feature","bbox":[37.05274,55.36183,37.23711,55.44316],"properties":{"scope":"district","name":"Михайлово-Ярцевское","aoName":"Троицкий","unitType":"Поселение","okato":"45298564","oktmo":"45951000","type":"administrative","category":"boundary","display_name":"Михайлово-Ярцевское, Троицкий административный округ, Москва, Россия","source":"GIS-Lab / OpenStreetMap"},"geometry":{"type":"Polygon","coordinates":[[[37.05274,55.39473],[37.05483,55.39678],[37.05331,55.39865],[37.05451,55.39886],[37.05902,55.39883],[37.06127,55.39851],[37.06432,55.39897],[37.07071,55.4033],[37.07284,55.40462],[37.07283,55.40479],[37.0761,55.40696],[37.07509,55.40846],[37.0739,55.4118],[37.07381,55.41248],[37.07416,55.41271],[37.07502,55.41349],[37.07445,55.41445],[37.07373,55.41508],[37.0733,55.41566],[37.07284,55.41679],[37.07268,55.41809],[37.07298,55.41851],[37.07313,55.41906],[37.07318,55.42034],[37.07398,55.42167],[37.07491,55.42265],[37.07535,55.42311],[37.07678,55.42488],[37.07704,55.42537],[37.07724,55.42592],[37.08122,55.42567],[37.08214,55.42523],[37.08287,55.42492],[37.08362,55.42539],[37.08605,55.42599],[37.08816,55.42818],[37.09043,55.43031],[37.09427,55.4316],[37.09679,55.43148],[37.09799,55.43243],[37.09941,55.43274],[37.10025,55.43358],[37.10019,55.43477],[37.09939,55.43566],[37.09972,55.43711],[37.10403,55.43815],[37.10542,55.4382],[37.1065,55.43852],[37.1085,55.43951],[37.11139,55.4398],[37.11426,55.43884],[37.11547,55.43824],[37.11701,55.43806],[37.11952,55.4392],[37.11821,55.43988],[37.12107,55.4406],[37.12227,55.44125],[37.12441,55.44195],[37.13056,55.44157],[37.13253,55.44237],[37.13399,55.44316],[37.13574,55.43816],[37.13711,55.4396],[37.13583,55.44064],[37.1383,55.44154],[37.1414,55.44265],[37.14378,55.44113],[37.1442,55.44068],[37.14444,55.44053],[37.1467,55.43913],[37.14833,55.43812],[37.14885,55.43818],[37.14954,55.43848],[37.15009,55.43896],[37.17743,55.42482],[37.17888,55.42581],[37.18002,55.42577],[37.1807,55.42644],[37.19192,55.42438],[37.19155,55.42178],[37.18967,55.41985],[37.19192,55.41984],[37.19532,55.4177],[37.19492,55.41465],[37.20009,55.41314],[37.20181,55.41161],[37.20433,55.41136],[37.205,55.41211],[37.20574,55.41207],[37.20577,55.4134],[37.2058,55.41348],[37.20722,55.41346],[37.20719,55.41201],[37.20819,55.41184],[37.20823,55.41352],[37.21048,55.41339],[37.21018,55.4115],[37.21223,55.41064],[37.21354,55.41627],[37.21704,55.41669],[37.22174,55.41856],[37.22204,55.41802],[37.21882,55.41623],[37.22073,55.41184],[37.2245,55.41346],[37.22591,55.41362],[37.22594,55.41186],[37.22924,55.40963],[37.23038,55.40976],[37.23374,55.4082],[37.23492,55.40806],[37.23573,55.40213],[37.23711,55.4015],[37.23694,55.39966],[37.23408,55.39819],[37.23431,55.39577],[37.23314,55.39464],[37.22742,55.3925],[37.22483,55.38962],[37.22668,55.38899],[37.22625,55.38857],[37.22359,55.38655],[37.21909,55.38417],[37.21719,55.38409],[37.21353,55.3822],[37.20734,55.38244],[37.20525,55.38304],[37.20292,55.38215],[37.19679,55.37901],[37.19161,55.37475],[37.18918,55.37215],[37.18562,55.36967],[37.18567,55.36759],[37.17639,55.3678],[37.17307,55.36648],[37.17259,55.36851],[37.17088,55.36851],[37.16798,55.36942],[37.16275,55.36926],[37.15857,55.36853],[37.1618,55.36578],[37.15899,55.3647],[37.1569,55.36483],[37.15562,55.36543],[37.15495,55.36432],[37.15391,55.36421],[37.15044,55.3667],[37.14825,55.36648],[37.14426,55.36813],[37.13998,55.36356],[37.1386,55.36367],[37.13603,55.36564],[37.13632,55.36648],[37.13432,55.36753],[37.13204,55.36759],[37.13213,55.36821],[37.12966,55.36902],[37.12619,55.36915],[37.12158,55.37086],[37.12091,55.36783],[37.11906,55.36602],[37.11797,55.36594],[37.11806,55.3654],[37.11454,55.36559],[37.11459,55.36413],[37.1124,55.36521],[37.10908,55.36418],[37.10908,55.36324],[37.10437,55.36321],[37.10427,55.36453],[37.1028,55.36499],[37.10128,55.36497],[37.10304,55.36688],[37.1028,55.3677],[37.09966,55.36713],[37.09833,55.36607],[37.09833,55.36207],[37.09681,55.36183],[37.09553,55.36402],[37.09595,55.36613],[37.09819,55.3667],[37.09833,55.36861],[37.10042,55.36888],[37.10037,55.3694],[37.09705,55.37002],[37.0932,55.37005],[37.09011,55.37048],[37.08592,55.37242],[37.08611,55.37088],[37.08307,55.37156],[37.08297,55.3728],[37.08098,55.3734],[37.07304,55.37523],[37.07252,55.37791],[37.06966,55.37877],[37.07342,55.38201],[37.07418,55.38239],[37.07413,55.38366],[37.07133,55.38552],[37.07347,55.38693],[37.07342,55.38776],[37.07185,55.38982],[37.07242,55.39141],[37.07304,55.39209],[37.07156,55.39295],[37.07023,55.39308],[37.06876,55.39087],[37.06638,55.39114],[37.06562,55.39009],[37.06153,55.3886],[37.06149,55.38701],[37.05901,55.38725],[37.05863,55.38885],[37.06011,55.39128],[37.05958,55.39225],[37.05678,55.39254],[37.05607,55.39395],[37.05274,55.39473]]]}},{"type":"Feature","bbox":[37.08697,55.54391,37.30358,55.6184],"properties":{"scope":"district","name":"Марушкинское","aoName":"Новомосковский","unitType":"Поселение","okato":"45297562","oktmo":"45949000","type":"administrative","category":"boundary","display_name":"Марушкинское, Новомосковский административный округ, Москва, Россия","source":"GIS-Lab / OpenStreetMap"},"geometry":{"type":"Polygon","coordinates":[[[37.08697,55.59036],[37.09492,55.59253],[37.09139,55.59619],[37.09918,55.59606],[37.09666,55.59867],[37.09573,55.60011],[37.09873,55.60129],[37.10089,55.60201],[37.10234,55.60241],[37.10398,55.60273],[37.10814,55.60376],[37.10907,55.60373],[37.11646,55.60564],[37.11685,55.60551],[37.11775,55.60445],[37.1183,55.60337],[37.11861,55.60171],[37.11959,55.60076],[37.12149,55.59988],[37.12274,55.5995],[37.12393,55.59892],[37.12716,55.59879],[37.13045,55.5989],[37.13243,55.59919],[37.13246,55.59885],[37.13264,55.59865],[37.13287,55.59858],[37.13347,55.59799],[37.13352,55.59766],[37.13375,55.59759],[37.13396,55.59752],[37.13413,55.59732],[37.13428,55.59724],[37.13445,55.5972],[37.13448,55.59712],[37.13441,55.59686],[37.13428,55.5967],[37.13425,55.59659],[37.13431,55.59654],[37.13448,55.59653],[37.13481,55.59668],[37.13511,55.59679],[37.13523,55.59681],[37.13543,55.59666],[37.13536,55.59643],[37.13525,55.59629],[37.13549,55.59611],[37.13594,55.59611],[37.13603,55.59604],[37.13605,55.59595],[37.13601,55.59574],[37.136,55.59552],[37.13607,55.59549],[37.13625,55.59545],[37.13637,55.59539],[37.13651,55.59528],[37.13661,55.59527],[37.13672,55.59529],[37.13696,55.59537],[37.13706,55.59538],[37.13715,55.59539],[37.13727,55.59538],[37.13752,55.59541],[37.1376,55.59546],[37.13771,55.59545],[37.13778,55.59539],[37.13807,55.59519],[37.13821,55.59509],[37.1383,55.59504],[37.13849,55.59499],[37.13891,55.59482],[37.1392,55.59476],[37.13939,55.59473],[37.13975,55.59478],[37.14006,55.59482],[37.14036,55.59482],[37.14077,55.59479],[37.14093,55.59472],[37.14101,55.5946],[37.141,55.59448],[37.14115,55.59439],[37.14156,55.59435],[37.14168,55.59436],[37.14172,55.59434],[37.14175,55.59427],[37.14183,55.59419],[37.14189,55.59406],[37.14193,55.59396],[37.14213,55.59393],[37.14233,55.59396],[37.14253,55.59394],[37.14264,55.59383],[37.14269,55.59363],[37.14292,55.59365],[37.14322,55.59372],[37.14327,55.59388],[37.14331,55.59392],[37.1434,55.59392],[37.14345,55.59393],[37.14354,55.59398],[37.14366,55.59401],[37.14375,55.59397],[37.14387,55.59389],[37.14389,55.59381],[37.14389,55.59373],[37.14392,55.59366],[37.14388,55.59362],[37.14375,55.59358],[37.14371,55.59353],[37.14368,55.59343],[37.14373,55.59335],[37.14369,55.59327],[37.14387,55.59318],[37.144,55.59308],[37.1442,55.59309],[37.1443,55.59312],[37.14441,55.59313],[37.14448,55.59318],[37.14461,55.59319],[37.14484,55.59315],[37.14508,55.59313],[37.14513,55.59323],[37.14513,55.59341],[37.14498,55.59358],[37.14511,55.59364],[37.14529,55.59362],[37.1454,55.59348],[37.14569,55.59339],[37.14591,55.59349],[37.14611,55.59352],[37.14622,55.59356],[37.14638,55.59351],[37.14657,55.59343],[37.14677,55.59338],[37.14681,55.59332],[37.14672,55.59322],[37.1467,55.59317],[37.14685,55.59313],[37.14706,55.59323],[37.14716,55.59324],[37.14722,55.59317],[37.14732,55.59311],[37.14733,55.59308],[37.14712,55.59303],[37.14712,55.59298],[37.14734,55.59289],[37.14737,55.59275],[37.14749,55.59259],[37.1476,55.59251],[37.14772,55.5925],[37.14791,55.59256],[37.14805,55.5925],[37.14807,55.59229],[37.14825,55.59222],[37.14836,55.59224],[37.14856,55.59224],[37.14863,55.59218],[37.14875,55.59213],[37.14881,55.5921],[37.14883,55.59204],[37.14883,55.59194],[37.14877,55.59193],[37.14867,55.59196],[37.1486,55.59194],[37.14839,55.59183],[37.14829,55.59185],[37.14811,55.59187],[37.14799,55.59181],[37.14802,55.5917],[37.14808,55.59162],[37.14827,55.59161],[37.14841,55.59154],[37.14856,55.59151],[37.14869,55.59143],[37.14873,55.59134],[37.14868,55.59126],[37.14856,55.59126],[37.14839,55.59132],[37.14831,55.59129],[37.14828,55.59125],[37.14824,55.59116],[37.14827,55.59105],[37.1483,55.59094],[37.14829,55.59088],[37.14815,55.59079],[37.14803,55.59081],[37.14794,55.59079],[37.14799,55.59068],[37.1481,55.59057],[37.14824,55.5905],[37.14833,55.59052],[37.14849,55.59062],[37.14854,55.59062],[37.14874,55.59047],[37.14866,55.59043],[37.14853,55.5904],[37.14853,55.59035],[37.14866,55.5902],[37.14855,55.59014],[37.14859,55.59005],[37.1485,55.58994],[37.14857,55.58978],[37.14874,55.58974],[37.14885,55.58965],[37.14888,55.58959],[37.14905,55.58952],[37.14918,55.58915],[37.14923,55.58883],[37.14906,55.58863],[37.14865,55.58843],[37.14838,55.58845],[37.14799,55.58858],[37.14784,55.58855],[37.14798,55.58827],[37.14795,55.58816],[37.14799,55.58804],[37.14776,55.58799],[37.14735,55.58812],[37.14698,55.58808],[37.14692,55.58794],[37.1469,55.58772],[37.14676,55.58756],[37.1469,55.58731],[37.14713,55.58718],[37.14743,55.58701],[37.14773,55.58683],[37.14773,55.58667],[37.14765,55.58658],[37.14768,55.58633],[37.1478,55.58603],[37.14796,55.58575],[37.14834,55.58537],[37.14872,55.58518],[37.14898,55.58504],[37.14965,55.58498],[37.15037,55.58477],[37.15085,55.58474],[37.15142,55.5848],[37.15173,55.58483],[37.15192,55.58475],[37.15203,55.58458],[37.15221,55.58449],[37.15284,55.58443],[37.15297,55.58445],[37.15295,55.58449],[37.15303,55.58451],[37.15316,55.58448],[37.15326,55.58443],[37.15327,55.58437],[37.1537,55.58424],[37.15393,55.58422],[37.15406,55.58423],[37.15407,55.58427],[37.15402,55.58432],[37.15407,55.58435],[37.15414,55.58434],[37.1542,55.58431],[37.15424,55.58418],[37.15417,55.58404],[37.15423,55.58395],[37.15466,55.5839],[37.15491,55.58395],[37.15517,55.58392],[37.15528,55.58411],[37.15571,55.58414],[37.15605,55.58411],[37.15621,55.58388],[37.15667,55.584],[37.15711,55.5843],[37.15753,55.58435],[37.15763,55.58427],[37.15773,55.58415],[37.15766,55.58404],[37.15777,55.58394],[37.15803,55.58383],[37.15823,55.58386],[37.15851,55.584],[37.15849,55.58418],[37.15833,55.58449],[37.15836,55.58454],[37.15848,55.5846],[37.15864,55.58459],[37.15913,55.5844],[37.15932,55.58436],[37.15954,55.58437],[37.15969,55.58451],[37.15978,55.58455],[37.15988,55.58455],[37.16002,55.58453],[37.16028,55.58436],[37.16024,55.58426],[37.16007,55.5841],[37.16008,55.58396],[37.16037,55.58391],[37.16088,55.58391],[37.16116,55.58381],[37.16125,55.5836],[37.16141,55.58349],[37.16187,55.58344],[37.16197,55.58358],[37.16213,55.58367],[37.1622,55.58376],[37.16217,55.58389],[37.16228,55.58393],[37.16239,55.58392],[37.16249,55.58383],[37.16258,55.58378],[37.16266,55.58381],[37.16273,55.58387],[37.16285,55.58392],[37.16296,55.58393],[37.16304,55.58388],[37.16306,55.58384],[37.16302,55.58379],[37.163,55.58372],[37.16284,55.58359],[37.16296,55.58345],[37.16308,55.58347],[37.16337,55.58345],[37.16348,55.58337],[37.1636,55.58339],[37.16362,55.58343],[37.16359,55.58352],[37.16372,55.58356],[37.16395,55.58354],[37.16415,55.58354],[37.16422,55.58346],[37.16411,55.5833],[37.16426,55.58323],[37.16479,55.58315],[37.16498,55.58326],[37.16512,55.58345],[37.1653,55.58355],[37.16563,55.58352],[37.16591,55.58327],[37.16649,55.58323],[37.16715,55.58325],[37.16729,55.58332],[37.16756,55.58409],[37.16781,55.58428],[37.1682,55.58434],[37.16834,55.58431],[37.16842,55.58403],[37.16861,55.58394],[37.16917,55.58402],[37.16935,55.58418],[37.16968,55.58431],[37.16984,55.58448],[37.16993,55.58452],[37.17031,55.58453],[37.17051,55.58474],[37.17072,55.58487],[37.17095,55.58516],[37.17125,55.58529],[37.17139,55.58532],[37.17155,55.5853],[37.17171,55.58532],[37.17192,55.58539],[37.17177,55.58547],[37.17171,55.58555],[37.17194,55.58571],[37.1723,55.58586],[37.17269,55.58585],[37.17337,55.58569],[37.17363,55.58553],[37.1737,55.58543],[37.1738,55.58537],[37.17383,55.58527],[37.17393,55.58522],[37.17424,55.58514],[37.17443,55.58513],[37.17511,55.58506],[37.17534,55.58498],[37.17553,55.58491],[37.17563,55.58492],[37.17577,55.58499],[37.17614,55.58506],[37.17647,55.58512],[37.17657,55.58519],[37.17674,55.58524],[37.17678,55.58528],[37.17697,55.58532],[37.17718,55.5853],[37.17741,55.58524],[37.17774,55.5851],[37.17795,55.58508],[37.17818,55.58502],[37.17836,55.58502],[37.17846,55.585],[37.17861,55.58493],[37.17873,55.58484],[37.17881,55.58482],[37.17898,55.58484],[37.17915,55.58494],[37.17914,55.58499],[37.17915,55.58506],[37.17938,55.58517],[37.17946,55.58524],[37.17962,55.58526],[37.17975,55.58525],[37.18002,55.58524],[37.18026,55.58518],[37.18043,55.5852],[37.18052,55.58515],[37.1808,55.58505],[37.18104,55.58506],[37.18127,55.58512],[37.18147,55.58537],[37.18145,55.58544],[37.18147,55.58563],[37.18163,55.58571],[37.18183,55.58575],[37.18233,55.58583],[37.183,55.58599],[37.18336,55.586],[37.18368,55.58604],[37.18406,55.58598],[37.18437,55.58598],[37.18495,55.58608],[37.18495,55.58617],[37.18335,55.58716],[37.18325,55.58713],[37.18151,55.58821],[37.17829,55.59019],[37.17938,55.59029],[37.17995,55.59036],[37.18061,55.59124],[37.18099,55.59168],[37.17997,55.59277],[37.17942,55.59362],[37.17926,55.59371],[37.17907,55.59434],[37.179,55.59468],[37.179,55.59481],[37.17935,55.59509],[37.17946,55.5951],[37.17984,55.59505],[37.18039,55.59517],[37.181,55.59534],[37.18132,55.59542],[37.18218,55.59556],[37.1828,55.59558],[37.18306,55.59555],[37.18371,55.59542],[37.18501,55.59514],[37.18613,55.59559],[37.18599,55.59575],[37.18562,55.59613],[37.1859,55.59633],[37.187,55.59662],[37.18739,55.59672],[37.18795,55.59685],[37.188,55.59686],[37.18853,55.59702],[37.18872,55.5971],[37.18891,55.59727],[37.18921,55.59739],[37.1899,55.59777],[37.19039,55.59802],[37.19099,55.59819],[37.19144,55.59819],[37.19185,55.59818],[37.19208,55.59812],[37.19277,55.59818],[37.1929,55.59816],[37.19324,55.59812],[37.19321,55.5985],[37.19293,55.59881],[37.19246,55.59929],[37.19211,55.60006],[37.19186,55.60065],[37.19088,55.6018],[37.19098,55.60178],[37.19099,55.60178],[37.19173,55.60189],[37.19213,55.60137],[37.19495,55.60259],[37.19403,55.60313],[37.19513,55.60371],[37.19549,55.60353],[37.19798,55.60494],[37.19906,55.60433],[37.19795,55.6037],[37.19828,55.60354],[37.19983,55.6027],[37.20043,55.60309],[37.20052,55.60325],[37.20047,55.60344],[37.2002,55.60372],[37.19527,55.60695],[37.20061,55.60997],[37.20272,55.60904],[37.20389,55.60678],[37.20612,55.60674],[37.20668,55.60669],[37.20675,55.60668],[37.20721,55.6064],[37.20787,55.60584],[37.20854,55.6052],[37.21034,55.60482],[37.21231,55.60248],[37.21577,55.6019],[37.21824,55.60402],[37.21621,55.60626],[37.21447,55.60804],[37.21682,55.60905],[37.22058,55.61052],[37.21912,55.61183],[37.21899,55.61221],[37.21893,55.61242],[37.21865,55.61251],[37.21816,55.61258],[37.21803,55.61271],[37.21846,55.61411],[37.2183,55.61424],[37.21532,55.61592],[37.2143,55.61714],[37.21669,55.61801],[37.21768,55.61838],[37.21773,55.6184],[37.22398,55.61659],[37.22581,55.61505],[37.22822,55.6134],[37.23147,55.6112],[37.23641,55.60931],[37.23929,55.60815],[37.24164,55.60718],[37.24183,55.60696],[37.24266,55.60516],[37.24285,55.60474],[37.24384,55.6029],[37.24424,55.60232],[37.24428,55.60213],[37.24451,55.60192],[37.24476,55.60177],[37.24564,55.60194],[37.24185,55.59705],[37.2398,55.59594],[37.23973,55.59574],[37.23917,55.59544],[37.23905,55.59549],[37.23651,55.59405],[37.23488,55.59348],[37.23535,55.58914],[37.23537,55.58656],[37.23021,55.58532],[37.23098,55.58363],[37.24195,55.58477],[37.24393,55.58383],[37.24964,55.58254],[37.25266,55.58321],[37.25648,55.58406],[37.26012,55.58488],[37.26309,55.58554],[37.26575,55.58629],[37.26586,55.58623],[37.26621,55.58578],[37.26656,55.58587],[37.2672,55.58496],[37.2679,55.5843],[37.2634,55.58106],[37.26658,55.57862],[37.26715,55.57738],[37.26691,55.57627],[37.26615,55.57599],[37.26566,55.57589],[37.26534,55.5759],[37.26204,55.57551],[37.26182,55.57549],[37.2623,55.5751],[37.26232,55.57506],[37.26249,55.57471],[37.26255,55.5746],[37.26301,55.57439],[37.26352,55.57393],[37.26295,55.57381],[37.26276,55.57376],[37.26276,55.57362],[37.26242,55.5736],[37.25931,55.57343],[37.25884,55.5734],[37.25827,55.57336],[37.25781,55.57333],[37.25756,55.57332],[37.25621,55.57327],[37.24743,55.57115],[37.248,55.56902],[37.24811,55.56834],[37.24803,55.56778],[37.24756,55.56681],[37.2477,55.56642],[37.24832,55.56558],[37.24886,55.5652],[37.24931,55.56473],[37.24962,55.56395],[37.25012,55.56376],[37.25204,55.56437],[37.25512,55.56364],[37.25358,55.56263],[37.25455,55.5606],[37.25548,55.56001],[37.25637,55.55855],[37.25661,55.55755],[37.25999,55.557],[37.26077,55.55618],[37.26223,55.5558],[37.26312,55.55526],[37.26315,55.55524],[37.26406,55.55472],[37.26579,55.55606],[37.26686,55.55836],[37.26743,55.55888],[37.2692,55.55874],[37.27074,55.55854],[37.27098,55.55915],[37.2712,55.56004],[37.27386,55.55947],[37.27396,55.56203],[37.27468,55.56243],[37.27554,55.56256],[37.27627,55.56266],[37.27728,55.56281],[37.27814,55.56294],[37.27881,55.56304],[37.27954,55.56337],[37.28031,55.56311],[37.28058,55.56323],[37.28083,55.56307],[37.2812,55.56329],[37.28143,55.5631],[37.28193,55.56298],[37.28237,55.56336],[37.28266,55.56347],[37.28295,55.56341],[37.28315,55.56326],[37.28313,55.56315],[37.28275,55.56302],[37.28272,55.56289],[37.28292,55.56285],[37.28375,55.56305],[37.28407,55.56313],[37.28426,55.56309],[37.28474,55.56312],[37.28527,55.56287],[37.28588,55.56304],[37.28596,55.56298],[37.28638,55.5627],[37.28679,55.56254],[37.28756,55.56267],[37.28765,55.56275],[37.28782,55.56282],[37.28819,55.56285],[37.28846,55.56276],[37.28864,55.56263],[37.28867,55.56244],[37.28887,55.56212],[37.28879,55.56189],[37.28863,55.56186],[37.28852,55.56182],[37.28652,55.56145],[37.28632,55.56232],[37.28411,55.56231],[37.28354,55.56083],[37.28252,55.56053],[37.28261,55.56003],[37.28595,55.55993],[37.28743,55.56034],[37.28942,55.56051],[37.28991,55.56059],[37.29042,55.56094],[37.29091,55.56081],[37.29146,55.56048],[37.29122,55.55999],[37.2905,55.55996],[37.29033,55.55979],[37.2903,55.55943],[37.29046,55.5592],[37.29119,55.55891],[37.29082,55.55857],[37.29093,55.55832],[37.2912,55.55814],[37.29162,55.5581],[37.29194,55.55823],[37.29213,55.55841],[37.29244,55.55842],[37.29259,55.55828],[37.29302,55.5579],[37.29339,55.55777],[37.2941,55.55802],[37.2945,55.55801],[37.29504,55.55821],[37.2953,55.55872],[37.29763,55.56166],[37.30061,55.56122],[37.30304,55.55927],[37.30297,55.55867],[37.30287,55.55827],[37.30236,55.5573],[37.30358,55.55675],[37.2998,55.55575],[37.29808,55.55431],[37.29899,55.55253],[37.29612,55.55246],[37.29324,55.55235],[37.29259,55.55227],[37.28888,55.55181],[37.28834,55.55293],[37.28446,55.55353],[37.28117,55.55393],[37.28018,55.55344],[37.27921,55.55276],[37.27876,55.55221],[37.27849,55.55205],[37.27618,55.5514],[37.27363,55.5508],[37.27305,55.55054],[37.27136,55.54997],[37.27081,55.5486],[37.26776,55.54617],[37.25453,55.54677],[37.25565,55.54824],[37.25825,55.54969],[37.25585,55.55052],[37.25553,55.54957],[37.2539,55.54973],[37.25016,55.55],[37.24867,55.55],[37.24883,55.54885],[37.24909,55.54667],[37.24783,55.54487],[37.24786,55.54473],[37.24783,55.54433],[37.24629,55.54403],[37.24463,55.5441],[37.24162,55.54391],[37.24227,55.54625],[37.24238,55.54912],[37.24214,55.54983],[37.24213,55.55026],[37.24202,55.55049],[37.24187,55.55063],[37.24169,55.55085],[37.24115,55.55118],[37.23944,55.55072],[37.23876,55.55029],[37.23857,55.54909],[37.23851,55.54682],[37.23268,55.54612],[37.23236,55.54709],[37.22971,55.5477],[37.22974,55.54712],[37.22956,55.54711],[37.22824,55.54702],[37.22799,55.547],[37.22517,55.54675],[37.22274,55.54656],[37.222,55.54891],[37.22095,55.54897],[37.22091,55.54823],[37.22091,55.54809],[37.22081,55.54736],[37.22011,55.54645],[37.21577,55.54662],[37.21516,55.54667],[37.21488,55.54669],[37.21402,55.54678],[37.21379,55.5468],[37.21362,55.54681],[37.21251,55.54681],[37.2116,55.54681],[37.21153,55.54681],[37.2115,55.54679],[37.21146,55.54681],[37.21075,55.54812],[37.20906,55.54837],[37.20974,55.54947],[37.21216,55.55534],[37.21195,55.55556],[37.21303,55.55632],[37.2142,55.55732],[37.21431,55.55742],[37.21389,55.55753],[37.21421,55.55784],[37.21388,55.55791],[37.21356,55.55801],[37.21316,55.55809],[37.21291,55.55827],[37.21288,55.55843],[37.21279,55.5585],[37.21259,55.55848],[37.21228,55.55849],[37.2121,55.55855],[37.21186,55.55875],[37.21195,55.55896],[37.21147,55.55891],[37.21128,55.55896],[37.21097,55.55899],[37.21041,55.5591],[37.21018,55.5591],[37.20994,55.55915],[37.20911,55.55911],[37.20855,55.55908],[37.20794,55.55899],[37.20738,55.5589],[37.20657,55.55874],[37.20534,55.55844],[37.2051,55.55795],[37.20548,55.55761],[37.20591,55.5572],[37.20614,55.55699],[37.20618,55.55694],[37.20627,55.55685],[37.20634,55.55687],[37.2064,55.55684],[37.20675,55.55635],[37.20665,55.55633],[37.20688,55.55601],[37.20618,55.55575],[37.2048,55.55541],[37.20395,55.55518],[37.20269,55.55464],[37.20236,55.55464],[37.20204,55.55483],[37.20121,55.55522],[37.20059,55.55543],[37.20007,55.55546],[37.19959,55.55557],[37.19941,55.55574],[37.19927,55.556],[37.19907,55.55614],[37.19824,55.55608],[37.19813,55.55597],[37.19895,55.55556],[37.19938,55.55534],[37.19976,55.5551],[37.20011,55.5548],[37.20069,55.5545],[37.20088,55.55438],[37.20105,55.5542],[37.20094,55.55417],[37.20054,55.55406],[37.20046,55.55404],[37.19996,55.55391],[37.19946,55.55377],[37.19874,55.55358],[37.19816,55.55343],[37.19718,55.55415],[37.19708,55.55411],[37.19579,55.55373],[37.19487,55.55345],[37.19409,55.55324],[37.19172,55.55261],[37.19135,55.55311],[37.19048,55.55382],[37.18964,55.55442],[37.188,55.55581],[37.18653,55.55705],[37.18622,55.55717],[37.18369,55.5565],[37.18359,55.55656],[37.18324,55.55667],[37.18138,55.55636],[37.17919,55.55534],[37.17833,55.55504],[37.17768,55.5549],[37.17678,55.55448],[37.17662,55.55444],[37.17623,55.55513],[37.17629,55.5554],[37.17529,55.55622],[37.17657,55.55667],[37.17614,55.55757],[37.17593,55.55801],[37.1752,55.55899],[37.17514,55.55928],[37.1753,55.55974],[37.17629,55.56106],[37.1771,55.56232],[37.17678,55.56294],[37.17565,55.56376],[37.17634,55.56396],[37.17599,55.56445],[37.16147,55.56032],[37.1535,55.55798],[37.15327,55.55794],[37.15312,55.5579],[37.15277,55.5578],[37.14564,55.55573],[37.13749,55.55339],[37.13553,55.55278],[37.13545,55.55279],[37.13343,55.5522],[37.13244,55.55195],[37.13066,55.55145],[37.13007,55.55128],[37.12995,55.55124],[37.12925,55.55104],[37.12913,55.55101],[37.12547,55.54996],[37.12536,55.5501],[37.1251,55.55037],[37.12472,55.55086],[37.12287,55.55311],[37.11798,55.56073],[37.11664,55.56256],[37.11574,55.5639],[37.11469,55.56555],[37.11049,55.56799],[37.10862,55.5693],[37.10515,55.57158],[37.10076,55.57459],[37.0995,55.57527],[37.09649,55.5774],[37.08735,55.59036],[37.08697,55.59036]]]}},{"type":"Feature","bbox":[37.09228,55.43896,37.35286,55.56445],"properties":{"scope":"district","name":"Первомайское","aoName":"Новомосковский","unitType":"Поселение","okato":"45298572","oktmo":"45955000","type":"administrative","category":"boundary","display_name":"Первомайское, Троицкий административный округ, Москва, Россия","source":"GIS-Lab / OpenStreetMap"},"geometry":{"type":"Polygon","coordinates":[[[37.09228,55.46492],[37.09336,55.4704],[37.10652,55.46955],[37.11267,55.4689],[37.11263,55.46984],[37.12265,55.47115],[37.13193,55.47245],[37.13981,55.47341],[37.13954,55.47513],[37.13641,55.48212],[37.13952,55.48249],[37.13934,55.48284],[37.1375,55.48305],[37.13654,55.48294],[37.13385,55.48422],[37.13282,55.48423],[37.12974,55.48578],[37.12859,55.48646],[37.1271,55.48738],[37.12893,55.48842],[37.12447,55.4915],[37.12537,55.49221],[37.12437,55.49281],[37.12521,55.49376],[37.1263,55.49473],[37.12684,55.49535],[37.12456,55.49623],[37.12562,55.49722],[37.12722,55.49764],[37.12893,55.49797],[37.12971,55.49869],[37.13162,55.49846],[37.13226,55.49928],[37.13243,55.49943],[37.13361,55.49945],[37.1362,55.50002],[37.13849,55.51328],[37.13878,55.51521],[37.13655,55.51584],[37.13693,55.51314],[37.13097,55.51306],[37.13013,55.51364],[37.12903,55.51332],[37.12772,55.51316],[37.12439,55.51317],[37.1229,55.51328],[37.12226,55.51304],[37.11898,55.51298],[37.11863,55.51314],[37.1186,55.51333],[37.11859,55.51367],[37.11848,55.51552],[37.11851,55.51762],[37.1184,55.51769],[37.11758,55.51763],[37.11744,55.51819],[37.11739,55.51887],[37.11815,55.51895],[37.11962,55.5191],[37.11984,55.51912],[37.11972,55.51946],[37.11966,55.51969],[37.11959,55.51996],[37.11952,55.52022],[37.11942,55.52062],[37.11932,55.52098],[37.11919,55.52145],[37.11918,55.52148],[37.11917,55.52153],[37.1191,55.52188],[37.11903,55.5222],[37.11896,55.52255],[37.1189,55.52287],[37.11884,55.52316],[37.11878,55.52347],[37.11877,55.52353],[37.11863,55.52378],[37.11855,55.52394],[37.11845,55.52412],[37.11788,55.52516],[37.11748,55.52605],[37.11714,55.52673],[37.11695,55.52688],[37.11692,55.52724],[37.11738,55.52769],[37.11742,55.52793],[37.11649,55.52891],[37.11591,55.53],[37.11798,55.53038],[37.11937,55.53112],[37.11992,55.53141],[37.11998,55.53155],[37.1203,55.53228],[37.12038,55.53251],[37.12052,55.53293],[37.12033,55.533],[37.12088,55.53315],[37.12179,55.53424],[37.1222,55.53514],[37.12231,55.53649],[37.12247,55.53758],[37.12251,55.53837],[37.11356,55.53895],[37.11518,55.54745],[37.12485,55.54979],[37.12547,55.54996],[37.12913,55.55101],[37.12925,55.55104],[37.12995,55.55124],[37.13007,55.55128],[37.13066,55.55145],[37.13244,55.55195],[37.13343,55.5522],[37.13545,55.55279],[37.13553,55.55278],[37.13749,55.55339],[37.14564,55.55573],[37.15277,55.5578],[37.15312,55.5579],[37.15327,55.55794],[37.1535,55.55798],[37.16147,55.56032],[37.17599,55.56445],[37.17634,55.56396],[37.17565,55.56376],[37.17678,55.56294],[37.1771,55.56232],[37.17629,55.56106],[37.1753,55.55974],[37.17514,55.55928],[37.1752,55.55899],[37.17593,55.55801],[37.17614,55.55757],[37.17657,55.55667],[37.17529,55.55622],[37.17629,55.5554],[37.17623,55.55513],[37.17662,55.55444],[37.17678,55.55448],[37.17768,55.5549],[37.17833,55.55504],[37.17919,55.55534],[37.18138,55.55636],[37.18324,55.55667],[37.18359,55.55656],[37.18369,55.5565],[37.18622,55.55717],[37.18653,55.55705],[37.188,55.55581],[37.18964,55.55442],[37.19048,55.55382],[37.19135,55.55311],[37.19172,55.55261],[37.19409,55.55324],[37.19487,55.55345],[37.19579,55.55373],[37.19708,55.55411],[37.19718,55.55415],[37.19816,55.55343],[37.19874,55.55358],[37.19946,55.55377],[37.19996,55.55391],[37.20046,55.55404],[37.20054,55.55406],[37.20094,55.55417],[37.20105,55.5542],[37.20088,55.55438],[37.20069,55.5545],[37.20011,55.5548],[37.19976,55.5551],[37.19938,55.55534],[37.19895,55.55556],[37.19813,55.55597],[37.19824,55.55608],[37.19907,55.55614],[37.19927,55.556],[37.19941,55.55574],[37.19959,55.55557],[37.20007,55.55546],[37.20059,55.55543],[37.20121,55.55522],[37.20204,55.55483],[37.20236,55.55464],[37.20269,55.55464],[37.20395,55.55518],[37.2048,55.55541],[37.20618,55.55575],[37.20688,55.55601],[37.20665,55.55633],[37.20675,55.55635],[37.2064,55.55684],[37.20634,55.55687],[37.20627,55.55685],[37.20618,55.55694],[37.20614,55.55699],[37.20591,55.5572],[37.20548,55.55761],[37.2051,55.55795],[37.20534,55.55844],[37.20657,55.55874],[37.20738,55.5589],[37.20794,55.55899],[37.20855,55.55908],[37.20911,55.55911],[37.20994,55.55915],[37.21018,55.5591],[37.21041,55.5591],[37.21097,55.55899],[37.21128,55.55896],[37.21147,55.55891],[37.21195,55.55896],[37.21186,55.55875],[37.2121,55.55855],[37.21228,55.55849],[37.21259,55.55848],[37.21279,55.5585],[37.21288,55.55843],[37.21291,55.55827],[37.21316,55.55809],[37.21356,55.55801],[37.21388,55.55791],[37.21421,55.55784],[37.21389,55.55753],[37.21431,55.55742],[37.2142,55.55732],[37.21303,55.55632],[37.21195,55.55556],[37.21216,55.55534],[37.20974,55.54947],[37.20906,55.54837],[37.21075,55.54812],[37.21146,55.54681],[37.2115,55.54679],[37.21153,55.54681],[37.2116,55.54681],[37.21251,55.54681],[37.21362,55.54681],[37.21379,55.5468],[37.21402,55.54678],[37.21488,55.54669],[37.21516,55.54667],[37.21577,55.54662],[37.22011,55.54645],[37.22081,55.54736],[37.22091,55.54809],[37.22091,55.54823],[37.22095,55.54897],[37.222,55.54891],[37.22274,55.54656],[37.22517,55.54675],[37.22799,55.547],[37.22824,55.54702],[37.22956,55.54711],[37.22974,55.54712],[37.22971,55.5477],[37.23236,55.54709],[37.23268,55.54612],[37.23851,55.54682],[37.23857,55.54909],[37.23876,55.55029],[37.23944,55.55072],[37.24115,55.55118],[37.24169,55.55085],[37.24187,55.55063],[37.24202,55.55049],[37.24213,55.55026],[37.24214,55.54983],[37.24238,55.54912],[37.24227,55.54625],[37.24162,55.54391],[37.24463,55.5441],[37.24629,55.54403],[37.24783,55.54433],[37.24786,55.54473],[37.24783,55.54487],[37.24909,55.54667],[37.24883,55.54885],[37.24867,55.55],[37.25016,55.55],[37.2539,55.54973],[37.25553,55.54957],[37.25585,55.55052],[37.25825,55.54969],[37.25565,55.54824],[37.25453,55.54677],[37.26776,55.54617],[37.26921,55.54623],[37.2696,55.54508],[37.26846,55.54521],[37.26784,55.54462],[37.26884,55.54414],[37.26807,55.54378],[37.27071,55.54176],[37.27188,55.5416],[37.27293,55.54196],[37.2751,55.54255],[37.27926,55.54335],[37.28041,55.54341],[37.28114,55.54167],[37.28242,55.53865],[37.28955,55.53996],[37.2876,55.54181],[37.28637,55.54353],[37.2884,55.54409],[37.29323,55.54436],[37.29675,55.54439],[37.30293,55.54315],[37.30451,55.54245],[37.3113,55.54373],[37.31148,55.5435],[37.3115,55.54275],[37.31121,55.54265],[37.3118,55.54163],[37.31264,55.54157],[37.31366,55.53912],[37.31801,55.53943],[37.31892,55.53844],[37.32078,55.5383],[37.32166,55.53838],[37.32369,55.5386],[37.32756,55.53849],[37.32874,55.53991],[37.33064,55.53938],[37.33331,55.53964],[37.33358,55.53974],[37.33607,55.54064],[37.33839,55.54214],[37.33984,55.54313],[37.34142,55.54441],[37.34203,55.54487],[37.34235,55.54606],[37.34295,55.54655],[37.34356,55.54704],[37.34464,55.54708],[37.34689,55.54731],[37.3475,55.54737],[37.34859,55.5472],[37.34918,55.54707],[37.35053,55.54723],[37.35139,55.54733],[37.35181,55.54738],[37.35179,55.5472],[37.35208,55.54686],[37.35236,55.54646],[37.35241,55.54642],[37.35257,55.5465],[37.35286,55.54622],[37.35251,55.54604],[37.3522,55.54589],[37.35211,55.54583],[37.3519,55.5457],[37.35169,55.54552],[37.3514,55.54537],[37.35101,55.54517],[37.35067,55.54498],[37.3505,55.54489],[37.35032,55.54479],[37.34998,55.54461],[37.34957,55.54436],[37.34832,55.54318],[37.34892,55.54267],[37.34809,55.54152],[37.3461,55.54179],[37.34223,55.54117],[37.34237,55.53969],[37.34391,55.5393],[37.34513,55.5377],[37.34694,55.53751],[37.34825,55.53705],[37.34919,55.53592],[37.34721,55.53621],[37.34722,55.53531],[37.34443,55.53552],[37.34173,55.53639],[37.33945,55.53458],[37.34066,55.53396],[37.34107,55.53428],[37.34228,55.53372],[37.34285,55.5335],[37.34452,55.53294],[37.34698,55.5317],[37.34671,55.53126],[37.34786,55.53064],[37.34729,55.53018],[37.34767,55.52932],[37.34847,55.52922],[37.34896,55.52834],[37.34982,55.5284],[37.34997,55.52776],[37.34961,55.52743],[37.34925,55.52717],[37.34862,55.52677],[37.34771,55.52627],[37.34792,55.52583],[37.34744,55.52539],[37.34675,55.52529],[37.34474,55.52534],[37.34226,55.52468],[37.34066,55.52466],[37.34051,55.52328],[37.33853,55.52178],[37.33811,55.52169],[37.33764,55.52156],[37.33738,55.52177],[37.3372,55.52172],[37.33627,55.5219],[37.33508,55.52129],[37.33296,55.5215],[37.3327,55.52105],[37.33217,55.52093],[37.33141,55.52092],[37.3308,55.52133],[37.33008,55.52163],[37.32956,55.5218],[37.32898,55.52184],[37.32863,55.52175],[37.32837,55.52157],[37.32815,55.52122],[37.32818,55.52099],[37.32863,55.51972],[37.32835,55.51946],[37.32772,55.51918],[37.32755,55.5189],[37.32787,55.51787],[37.32756,55.51753],[37.32743,55.51705],[37.32762,55.51682],[37.32785,55.51671],[37.32855,55.51657],[37.32928,55.51655],[37.32973,55.5165],[37.33093,55.51624],[37.33204,55.51589],[37.33267,55.51568],[37.33279,55.51543],[37.33238,55.515],[37.33163,55.51428],[37.33131,55.51398],[37.33041,55.51373],[37.32924,55.51394],[37.32516,55.51361],[37.32471,55.51351],[37.32411,55.51302],[37.32366,55.51273],[37.32335,55.51257],[37.32246,55.51219],[37.32199,55.51224],[37.32176,55.51252],[37.32166,55.51278],[37.32188,55.51309],[37.32153,55.51321],[37.32045,55.51318],[37.3198,55.51311],[37.31913,55.5129],[37.31855,55.51258],[37.31838,55.51232],[37.31901,55.5115],[37.31901,55.51125],[37.31866,55.51061],[37.31855,55.51022],[37.31806,55.50973],[37.31791,55.51076],[37.31645,55.51091],[37.31462,55.51011],[37.31414,55.50928],[37.3139,55.50854],[37.31529,55.50846],[37.31377,55.50707],[37.31343,55.5072],[37.3133,55.50725],[37.31274,55.50699],[37.31266,55.50712],[37.31168,55.50664],[37.31177,55.50631],[37.31166,55.50632],[37.3114,55.50634],[37.31085,55.50638],[37.31021,55.50642],[37.31001,55.50644],[37.30959,55.50647],[37.30942,55.50648],[37.30882,55.50654],[37.30797,55.50661],[37.30756,55.50442],[37.30753,55.50362],[37.30752,55.50362],[37.30697,55.50361],[37.30628,55.5036],[37.30555,55.50359],[37.30487,55.50357],[37.30454,55.50358],[37.30428,55.50359],[37.30416,55.50362],[37.3041,55.50363],[37.30408,55.50363],[37.30397,55.50365],[37.30389,55.50365],[37.30387,55.50365],[37.30384,55.50366],[37.30382,55.50368],[37.30342,55.50375],[37.3021,55.50399],[37.30152,55.50408],[37.29866,55.50459],[37.29815,55.5046],[37.29699,55.50458],[37.29642,55.50475],[37.29661,55.50505],[37.29669,55.50509],[37.29625,55.50513],[37.29402,55.50528],[37.29029,55.50425],[37.28983,55.50411],[37.28991,55.50319],[37.2898,55.50273],[37.28934,55.50217],[37.2888,55.50164],[37.28883,55.50142],[37.28908,55.50113],[37.28938,55.50093],[37.28983,55.50083],[37.29033,55.50081],[37.29085,55.50085],[37.29221,55.50103],[37.29353,55.50126],[37.29438,55.50135],[37.2956,55.50143],[37.29656,55.50134],[37.29759,55.50109],[37.299,55.50028],[37.30023,55.49947],[37.3007,55.49889],[37.30062,55.49824],[37.30031,55.49786],[37.29941,55.4973],[37.2986,55.49665],[37.29781,55.49618],[37.29766,55.49593],[37.29768,55.49561],[37.29788,55.4954],[37.29831,55.4952],[37.29913,55.49495],[37.299,55.4944],[37.29862,55.49388],[37.2981,55.49342],[37.29796,55.49333],[37.2978,55.49307],[37.29751,55.4934],[37.29688,55.49438],[37.29649,55.495],[37.29628,55.49526],[37.29586,55.49558],[37.29384,55.49699],[37.28913,55.49966],[37.28787,55.50035],[37.28772,55.50047],[37.28737,55.50107],[37.28657,55.50062],[37.28567,55.501],[37.28553,55.501],[37.28473,55.50047],[37.28437,55.50023],[37.28507,55.49992],[37.28461,55.49963],[37.28421,55.49938],[37.28385,55.4992],[37.28357,55.49903],[37.28315,55.49897],[37.28287,55.49866],[37.28238,55.49836],[37.28241,55.49795],[37.28081,55.49738],[37.28042,55.49706],[37.27895,55.49636],[37.27832,55.49586],[37.27714,55.49573],[37.27534,55.49482],[37.27444,55.494],[37.27384,55.49325],[37.27237,55.49309],[37.2708,55.49231],[37.27021,55.49137],[37.26956,55.49049],[37.27052,55.49016],[37.27122,55.49015],[37.27178,55.49002],[37.27277,55.4898],[37.27384,55.48956],[37.27388,55.48959],[37.27559,55.48853],[37.27669,55.48785],[37.27721,55.48753],[37.27738,55.48738],[37.2773,55.48466],[37.27734,55.48434],[37.27733,55.48429],[37.27728,55.4842],[37.27725,55.48343],[37.27727,55.4833],[37.27727,55.48316],[37.27727,55.48303],[37.27727,55.48289],[37.27727,55.48263],[37.27727,55.48236],[37.27726,55.48222],[37.27726,55.48209],[37.27726,55.48182],[37.27726,55.48168],[37.27726,55.48155],[37.27726,55.48128],[37.27726,55.48117],[37.27725,55.48114],[37.27724,55.48101],[37.27722,55.48086],[37.27721,55.4808],[37.27719,55.48056],[37.27717,55.48041],[37.27715,55.48026],[37.27714,55.48011],[37.2771,55.47979],[37.27709,55.47975],[37.27685,55.47897],[37.27642,55.479],[37.27598,55.47903],[37.27547,55.47907],[37.2751,55.47831],[37.27435,55.47827],[37.27432,55.4784],[37.2738,55.47837],[37.27347,55.4784],[37.2734,55.47841],[37.27311,55.47816],[37.27218,55.47745],[37.27216,55.47743],[37.27179,55.47677],[37.2703,55.47656],[37.26892,55.47675],[37.26878,55.4771],[37.26876,55.47711],[37.26868,55.47712],[37.26645,55.47742],[37.26631,55.47735],[37.26613,55.47726],[37.26317,55.47614],[37.26022,55.47527],[37.26002,55.47518],[37.26065,55.47229],[37.2561,55.47113],[37.25573,55.47137],[37.25451,55.46861],[37.24696,55.46813],[37.2357,55.46705],[37.23258,55.46646],[37.23119,55.46602],[37.22894,55.46756],[37.22622,55.46676],[37.22338,55.46793],[37.22192,55.46735],[37.21984,55.46796],[37.21804,55.46671],[37.21945,55.46574],[37.21683,55.4647],[37.21569,55.46545],[37.21409,55.46521],[37.21201,55.46637],[37.21111,55.46597],[37.2085,55.46654],[37.20681,55.46729],[37.20557,55.46647],[37.20396,55.46519],[37.20624,55.46419],[37.2043,55.46277],[37.20235,55.4628],[37.20244,55.46164],[37.20347,55.46118],[37.20654,55.46041],[37.21278,55.4584],[37.21754,55.45678],[37.21951,55.45521],[37.21753,55.45437],[37.2138,55.45276],[37.2116,55.45311],[37.21047,55.45244],[37.20962,55.45281],[37.20847,55.45266],[37.20546,55.45437],[37.2017,55.45551],[37.19725,55.45451],[37.19615,55.45498],[37.19489,55.45441],[37.19321,55.45554],[37.18984,55.45477],[37.19029,55.45432],[37.18682,55.45346],[37.18981,55.45185],[37.18956,55.45062],[37.19021,55.44921],[37.18578,55.44859],[37.18297,55.44981],[37.18034,55.44886],[37.17816,55.44887],[37.17533,55.44908],[37.16981,55.44921],[37.16816,55.44923],[37.16494,55.44813],[37.15893,55.44742],[37.1575,55.44704],[37.15371,55.44683],[37.15116,55.44787],[37.15112,55.44759],[37.1506,55.44544],[37.15535,55.44469],[37.15508,55.44551],[37.16023,55.44669],[37.1603,55.44546],[37.16444,55.44537],[37.16437,55.44525],[37.16414,55.44392],[37.16204,55.44442],[37.1602,55.44329],[37.15758,55.44237],[37.15503,55.44317],[37.15386,55.44181],[37.15268,55.44045],[37.15009,55.43896],[37.1434,55.44229],[37.1418,55.44308],[37.14097,55.44347],[37.14034,55.44374],[37.13286,55.44701],[37.12026,55.45239],[37.10796,55.45769],[37.09541,55.46312],[37.09228,55.46492]]]}},{"type":"Feature","bbox":[37.1785294,55.9870264,37.2317604,56.0186013],"properties":{"scope":"district","name":"Матушкино","aoName":"Зеленоградский","unitType":"Муниципальный округ","okato":"45272562","oktmo":"45331000","type":"administrative","category":"boundary","display_name":"район Матушкино, Зеленоград, Москва, Центральный федеральный округ, 103489, Россия","source":"OpenStreetMap / Nominatim","refreshedAt":"2026-09-17"},"geometry":{"type":"Polygon","coordinates":[[[37.1785294,56.0079518],[37.179102,56.0052949],[37.1845334,56.005238],[37.1845823,56.0039624],[37.1864485,56.0038168],[37.1869765,56.0034257],[37.1862997,56.0024107],[37.1878526,56.001998],[37.1892815,56.0020438],[37.1912191,56.0028138],[37.1916946,56.0034733],[37.1949369,56.0044477],[37.1959998,56.0041272],[37.1964288,56.0035312],[37.1980861,56.0030654],[37.1989386,56.0031295],[37.1986982,56.0022767],[37.1999412,56.0025164],[37.2008717,56.0012442],[37.2007313,55.9999969],[37.1969844,55.9995359],[37.19702,55.998669],[37.1978234,55.9985239],[37.1981181,55.9973621],[37.1987842,55.9974155],[37.2006049,55.9962467],[37.2014425,55.9953148],[37.2016484,55.995406],[37.2032607,55.9934003],[37.2042942,55.993642],[37.2044103,55.9925641],[37.2050906,55.9917267],[37.2047379,55.990855],[37.2052271,55.9905597],[37.205083,55.9880461],[37.2067562,55.9875299],[37.20907,55.9878501],[37.2114213,55.9870476],[37.2124343,55.9870264],[37.2133732,55.9891827],[37.2130608,55.9899194],[37.2140395,55.9926348],[37.2139882,55.9932683],[37.2094995,56.0008249],[37.2120017,56.0012461],[37.2203071,55.9992587],[37.2203652,56.0000723],[37.2214701,55.9998856],[37.2219305,56.0000721],[37.2224386,55.9998944],[37.222368,55.9995824],[37.2258794,55.9990739],[37.2257919,55.9985671],[37.2274193,55.998152],[37.2284881,55.9993153],[37.2280244,56.0000933],[37.2272962,56.0004613],[37.2268242,56.0011512],[37.2268679,56.0015416],[37.2264913,56.0017598],[37.2260688,56.0025608],[37.2255612,56.002494],[37.2252071,56.0036986],[37.2252467,56.0044104],[37.2294164,56.0041458],[37.2317604,56.0044286],[37.2106648,56.0124305],[37.2113025,56.0129758],[37.2073752,56.0171497],[37.206904,56.0171737],[37.2038305,56.0159427],[37.2032502,56.0154857],[37.1955702,56.0186013],[37.1904747,56.013512],[37.1802538,56.0114156],[37.180105,56.0111727],[37.1817899,56.0084072],[37.1785294,56.0079518]]]}},{"type":"Feature","bbox":[37.0872002,55.5499634,37.374229,55.6644473],"properties":{"scope":"district","name":"Внуково","aoName":"Новомосковский","unitType":"Муниципальный округ","okato":"45268552","oktmo":"45317000","type":"administrative","category":"boundary","display_name":"район Внуково, Москва, Центральный федеральный округ, Россия","source":"OpenStreetMap / Nominatim","refreshedAt":"2026-09-17"},"geometry":{"type":"Polygon","coordinates":[[[37.0872002,55.5904847],[37.0964945,55.5774029],[37.110489,55.5679889],[37.1146925,55.5655511],[37.1228743,55.5531143],[37.1254702,55.5499634],[37.1961785,55.5703133],[37.2628815,55.5856481],[37.3107373,55.5979267],[37.374229,55.6146963],[37.3739831,55.6160562],[37.3722889,55.620327],[37.3709544,55.6227779],[37.3686851,55.6248944],[37.3638921,55.6279324],[37.3617974,55.6290315],[37.3598713,55.6297248],[37.3561172,55.6305762],[37.3437832,55.6324281],[37.3425517,55.6331601],[37.3421195,55.6337877],[37.3388586,55.6353942],[37.3360563,55.635179],[37.3344062,55.6384799],[37.3324398,55.6395477],[37.3303472,55.6393239],[37.3298184,55.6398738],[37.3302905,55.6409153],[37.3299897,55.6418396],[37.3306524,55.6422503],[37.3317032,55.644527],[37.3320472,55.6459378],[37.3308994,55.6473055],[37.3328449,55.6483677],[37.3360925,55.6518785],[37.33786,55.652824],[37.3430571,55.6540578],[37.3421265,55.6550268],[37.3423664,55.655497],[37.3415289,55.6560662],[37.3414275,55.656915],[37.3410192,55.657135],[37.3352422,55.6585372],[37.3320097,55.6596748],[37.3368822,55.6615442],[37.3375276,55.6625356],[37.3371845,55.6630316],[37.3364984,55.6629702],[37.3344735,55.6635373],[37.3314387,55.663877],[37.3304603,55.6638836],[37.3304952,55.6635668],[37.3285973,55.6631772],[37.3275623,55.6632246],[37.3266408,55.6634236],[37.3260423,55.6638226],[37.3259715,55.66425],[37.3254413,55.6644473],[37.3211678,55.6640305],[37.3195225,55.664281],[37.3190609,55.6627953],[37.3191526,55.6616033],[37.3208897,55.6610341],[37.3240457,55.6610045],[37.3229081,55.6508895],[37.3220643,55.6511066],[37.3115376,55.6511939],[37.3115233,55.6500832],[37.3127913,55.6498345],[37.3121033,55.6472609],[37.3112033,55.646572],[37.3056825,55.6463066],[37.2902696,55.6484902],[37.2901594,55.6519416],[37.2926244,55.6520749],[37.2925284,55.6536944],[37.2929212,55.6540814],[37.292651,55.6547243],[37.2921022,55.6545607],[37.290921,55.655349],[37.2885859,55.6548888],[37.2895877,55.6519478],[37.2900957,55.651944],[37.2902143,55.6484944],[37.2828129,55.6495367],[37.2773891,55.6494345],[37.2773583,55.649661],[37.2753863,55.6496037],[37.2753777,55.6501223],[37.2714137,55.650525],[37.2714907,55.6515065],[37.2673606,55.6506812],[37.267193,55.6503726],[37.2661825,55.6503723],[37.2656877,55.6494889],[37.2633531,55.6500426],[37.2621013,55.6500668],[37.2616017,55.6495367],[37.2573516,55.6492982],[37.2532734,55.6479914],[37.2488942,55.6456366],[37.2408203,55.6437305],[37.2412642,55.6431536],[37.241555,55.6432245],[37.2406147,55.6418635],[37.2388452,55.6420895],[37.2371924,55.6401731],[37.2351353,55.6387035],[37.2359693,55.6377932],[37.2350901,55.6373606],[37.2356754,55.6371109],[37.2363575,55.6359836],[37.2393897,55.6353258],[37.2400519,55.6341953],[37.240717,55.6341997],[37.2408375,55.6338384],[37.243271,55.6340362],[37.2438889,55.6335642],[37.2420101,55.6328397],[37.2401098,55.6325269],[37.2384595,55.6310426],[37.2350611,55.6289021],[37.2376231,55.6274725],[37.2374386,55.626491],[37.2357827,55.6248652],[37.2344001,55.6253],[37.2330629,55.625029],[37.2320197,55.6254034],[37.2292053,55.6245168],[37.2286086,55.6237836],[37.2256346,55.6232302],[37.2263374,55.6226532],[37.2293493,55.6213634],[37.2290128,55.6202011],[37.2273077,55.6196406],[37.2247907,55.6215142],[37.2221999,55.6204884],[37.2201903,55.6215801],[37.2195368,55.6213835],[37.2179988,55.6220527],[37.2177146,55.6224326],[37.2166718,55.6219493],[37.2145561,55.6227591],[37.2115913,55.6201535],[37.2112733,55.6201053],[37.2096504,55.6210009],[37.2098634,55.621227],[37.2068403,55.622902],[37.1957687,55.6209847],[37.1886489,55.6201733],[37.1854743,55.6187847],[37.1867703,55.6127264],[37.1845189,55.6124445],[37.1843974,55.6126503],[37.1822467,55.6128981],[37.1814276,55.6109121],[37.18015,55.6096255],[37.1796117,55.6097112],[37.1773901,55.6072624],[37.1747171,55.6065102],[37.1720429,55.6052282],[37.1638954,55.6055263],[37.1601568,55.6042443],[37.1517971,55.6042234],[37.147166,55.6057528],[37.1471655,55.6072195],[37.1461173,55.6093796],[37.145171,55.6091424],[37.1457541,55.6082916],[37.1446717,55.6086924],[37.1442405,55.6091571],[37.1434963,55.6086676],[37.1424864,55.6091606],[37.14019,55.6084575],[37.1403342,55.6081092],[37.1326594,55.6055784],[37.1340274,55.6040467],[37.1331439,55.6033598],[37.1345233,55.6021888],[37.1347813,55.6013166],[37.1344216,55.6006573],[37.132427,55.5991855],[37.1304496,55.5988994],[37.1239601,55.5989605],[37.1196966,55.6007624],[37.1186071,55.6017141],[37.1182958,55.6033673],[37.1177472,55.6044504],[37.1167824,55.6056143],[37.1164617,55.6056356],[37.1090685,55.6037287],[37.1081393,55.6037613],[37.1022096,55.6024867],[37.0957269,55.6001139],[37.0991405,55.5961291],[37.091995,55.5961835],[37.0917868,55.5960301],[37.0948648,55.5925064],[37.0872002,55.5904847]]]}},{"type":"Feature","bbox":[37.2094995,55.9668768,37.268302,56.0044568],"properties":{"scope":"district","name":"Савёлки","aoName":"Зеленоградский","unitType":"Муниципальный округ","okato":"45272568","oktmo":"45377000","type":"administrative","category":"boundary","display_name":"район Савёлки, Зеленоград, Москва, Центральный федеральный округ, Россия","source":"OpenStreetMap / Nominatim","refreshedAt":"2026-09-17"},"geometry":{"type":"Polygon","coordinates":[[[37.2094995,56.0008249],[37.2139882,55.9932683],[37.2140395,55.9926348],[37.2130608,55.9899194],[37.2133732,55.9891827],[37.2124343,55.9870264],[37.21336,55.9867546],[37.2163136,55.9867874],[37.2168056,55.9864366],[37.2167166,55.9860466],[37.2185605,55.9853041],[37.222719,55.9849239],[37.2239721,55.9845542],[37.2249166,55.9849319],[37.2263746,55.9839157],[37.2247778,55.9812711],[37.2250354,55.9807721],[37.2256642,55.9805281],[37.2254165,55.9802896],[37.2258554,55.9800801],[37.2260618,55.9802662],[37.2266391,55.9798883],[37.2269298,55.980088],[37.2273553,55.9798162],[37.2289297,55.9802889],[37.2301717,55.9802425],[37.2307778,55.9799001],[37.23044,55.979482],[37.2306533,55.9789095],[37.2322105,55.9790629],[37.2331768,55.9787321],[37.233266,55.9784951],[37.2342574,55.9787809],[37.2348913,55.9793524],[37.2354318,55.9793535],[37.2351475,55.9796232],[37.2358184,55.9797992],[37.2365642,55.9796589],[37.2367531,55.9790945],[37.2375574,55.9789681],[37.2377457,55.9791812],[37.2383718,55.9787869],[37.2386673,55.9789976],[37.2396081,55.9788496],[37.2397184,55.9791036],[37.2401959,55.9790556],[37.2408991,55.9794826],[37.2419796,55.9793146],[37.2425056,55.9789814],[37.2426429,55.9785516],[37.2423676,55.9782685],[37.2429947,55.9778805],[37.2435777,55.9778504],[37.2435751,55.9773794],[37.2440778,55.977189],[37.2440902,55.9769374],[37.2436962,55.9766983],[37.2464974,55.9757394],[37.25327,55.9704143],[37.2524878,55.9678978],[37.2532071,55.9678133],[37.2544831,55.968127],[37.2573362,55.9676679],[37.2600364,55.9679085],[37.2611663,55.9674515],[37.2609457,55.9672909],[37.2622617,55.9668768],[37.268302,55.9678365],[37.2681368,55.9682126],[37.2612918,55.9680732],[37.2615811,55.9699104],[37.2610555,55.9699023],[37.2614608,55.971425],[37.2631781,55.9718984],[37.263798,55.9727113],[37.2638711,55.9729044],[37.2636079,55.9730153],[37.2639197,55.9730332],[37.266438,55.9794662],[37.2654083,55.9796474],[37.2661626,55.9811435],[37.2677431,55.9819338],[37.2673546,55.9824283],[37.2651738,55.9830376],[37.2655035,55.9844898],[37.265107,55.9858838],[37.2642352,55.9869114],[37.2644583,55.9871372],[37.263946,55.9873183],[37.2630137,55.9885412],[37.2611111,55.9879385],[37.2555496,55.9872614],[37.2537923,55.9882694],[37.2573079,55.9900582],[37.2592816,55.991703],[37.2605357,55.9931529],[37.2484437,55.9978412],[37.2485038,55.9983936],[37.2474509,55.9990808],[37.2470322,56.0001369],[37.2463117,56.0008098],[37.2443672,56.0010943],[37.2434039,56.0008937],[37.2423008,56.0002817],[37.2317604,56.0044286],[37.2294164,56.0041458],[37.2252467,56.0044104],[37.2252071,56.0036986],[37.2255612,56.002494],[37.2260688,56.0025608],[37.2264913,56.0017598],[37.2268679,56.0015416],[37.2268242,56.0011512],[37.2272962,56.0004613],[37.2280244,56.0000933],[37.2284881,55.9993153],[37.2274193,55.998152],[37.2257919,55.9985671],[37.2258794,55.9990739],[37.222368,55.9995824],[37.2224386,55.9998944],[37.2219305,56.0000721],[37.2214701,55.9998856],[37.2203652,56.0000723],[37.2203071,55.9992587],[37.2120017,56.0012461],[37.2094995,56.0008249]]]}},{"type":"Feature","bbox":[37.21624,55.60177,37.34745,55.66445],"properties":{"scope":"district","name":"Внуковское","aoName":"Новомосковский","unitType":"Поселение","okato":"45297552","oktmo":"45941000","type":"administrative","category":"boundary","display_name":"Внуковское, Новомосковский административный округ, Москва, Россия","source":"GIS-Lab / OpenStreetMap"},"geometry":{"type":"MultiPolygon","coordinates":[[[[37.21624,55.62087],[37.21739,55.62169],[37.21692,55.62186],[37.21784,55.62233],[37.21798,55.6222],[37.21817,55.62197],[37.21979,55.6213],[37.22031,55.62148],[37.22238,55.62038],[37.22409,55.62109],[37.22496,55.62139],[37.22579,55.62083],[37.22702,55.61992],[37.22753,55.61954],[37.22931,55.62016],[37.22954,55.62127],[37.22852,55.62182],[37.22653,55.62255],[37.22596,55.62305],[37.22597,55.62323],[37.22876,55.62367],[37.22933,55.62441],[37.22971,55.62453],[37.23073,55.62479],[37.23207,55.62532],[37.23304,55.625],[37.23356,55.62506],[37.23448,55.62532],[37.23569,55.62486],[37.23608,55.62494],[37.23702,55.62597],[37.23746,55.6264],[37.23776,55.62678],[37.2377,55.62748],[37.2365,55.62811],[37.23525,55.62868],[37.23536,55.62872],[37.23506,55.6289],[37.23632,55.62956],[37.23846,55.63104],[37.24016,55.63255],[37.24201,55.63284],[37.24348,55.63336],[37.24389,55.63356],[37.24327,55.63404],[37.24185,55.63381],[37.24084,55.63384],[37.24072,55.6342],[37.24005,55.6342],[37.23939,55.63533],[37.23636,55.63598],[37.23513,55.63744],[37.23599,55.6378],[37.23516,55.63864],[37.23634,55.63915],[37.23814,55.64141],[37.23885,55.64209],[37.24061,55.64186],[37.24155,55.64322],[37.24126,55.64315],[37.24071,55.64369],[37.24291,55.64422],[37.24446,55.6446],[37.24558,55.64488],[37.2467,55.64515],[37.24889,55.64564],[37.25,55.64642],[37.25046,55.64667],[37.25234,55.64743],[37.25459,55.64844],[37.25735,55.6493],[37.26065,55.64962],[37.26163,55.64953],[37.26213,55.65006],[37.26335,55.65004],[37.26477,55.64981],[37.26572,55.64948],[37.26623,55.65037],[37.26719,55.65037],[37.26736,55.65068],[37.27143,55.65148],[37.27149,55.65148],[37.2715,55.65138],[37.27148,55.65114],[37.27143,55.65051],[37.27538,55.65012],[37.27539,55.64958],[37.27736,55.64964],[37.27739,55.6494],[37.28281,55.64954],[37.29027,55.64847],[37.30568,55.64631],[37.3112,55.64657],[37.31213,55.64725],[37.31259,55.64855],[37.31279,55.64983],[37.31192,55.6499],[37.31196,55.65066],[37.31148,55.65067],[37.3115,55.65119],[37.32206,55.65111],[37.32291,55.65089],[37.32405,55.661],[37.32089,55.66103],[37.31899,55.66154],[37.319,55.66223],[37.31907,55.66237],[37.31906,55.6628],[37.31914,55.66327],[37.31949,55.66419],[37.31952,55.66428],[37.32117,55.66403],[37.32476,55.66431],[37.32544,55.66445],[37.32597,55.66425],[37.32604,55.66382],[37.32648,55.66363],[37.32664,55.66342],[37.32721,55.66337],[37.32756,55.66322],[37.32765,55.66323],[37.32784,55.6632],[37.32799,55.66324],[37.32859,55.66302],[37.33052,55.66338],[37.33046,55.66388],[37.33144,55.66388],[37.33241,55.6638],[37.33274,55.66366],[37.33331,55.66356],[37.33447,55.66354],[37.33519,55.66329],[37.3365,55.66297],[37.33718,55.66303],[37.33753,55.66254],[37.33688,55.66154],[37.33537,55.66104],[37.33387,55.66054],[37.332,55.65966],[37.33326,55.65911],[37.33524,55.65854],[37.3406,55.65728],[37.34153,55.65694],[37.34146,55.657],[37.34112,55.65719],[37.34101,55.65739],[37.34098,55.65748],[37.34095,55.65773],[37.34111,55.65786],[37.34135,55.65791],[37.34187,55.65806],[37.34174,55.65864],[37.34155,55.65886],[37.34182,55.65917],[37.34218,55.65929],[37.34233,55.65955],[37.34213,55.65967],[37.34226,55.65991],[37.34215,55.66004],[37.34203,55.66013],[37.34303,55.66015],[37.34389,55.66009],[37.34409,55.66013],[37.34607,55.65971],[37.34713,55.65956],[37.34714,55.65949],[37.34702,55.65946],[37.3464,55.65913],[37.34542,55.6583],[37.34515,55.658],[37.34439,55.65743],[37.34604,55.65653],[37.34611,55.65648],[37.34603,55.65644],[37.34628,55.65629],[37.34498,55.65554],[37.34407,55.65538],[37.34346,55.65558],[37.34266,55.656],[37.34168,55.65678],[37.3414,55.65668],[37.34136,55.65661],[37.34135,55.65656],[37.34135,55.65652],[37.34136,55.65647],[37.34146,55.65639],[37.34148,55.6563],[37.3415,55.65613],[37.34153,55.65607],[37.34161,55.65601],[37.3417,55.65596],[37.34178,55.65585],[37.34187,55.65578],[37.34222,55.65561],[37.3423,55.65556],[37.34237,55.6555],[37.34238,55.65545],[37.34238,55.65541],[37.34238,55.65538],[37.34235,55.65531],[37.34222,55.65521],[37.34213,55.65512],[37.34211,55.65506],[37.34213,55.65503],[37.3422,55.65497],[37.34232,55.65489],[37.3425,55.65481],[37.34254,55.65475],[37.34257,55.65468],[37.34264,55.65459],[37.34269,55.65451],[37.34273,55.65443],[37.34278,55.65433],[37.34283,55.65419],[37.34287,55.65414],[37.34297,55.65409],[37.34306,55.65406],[37.343,55.65405],[37.34293,55.65403],[37.34051,55.65352],[37.33786,55.65282],[37.33609,55.65188],[37.335,55.65092],[37.33462,55.65037],[37.33422,55.64979],[37.33284,55.64837],[37.33112,55.64739],[37.3309,55.64731],[37.3309,55.64728],[37.33205,55.64594],[37.3317,55.64453],[37.33065,55.64225],[37.33058,55.64222],[37.3305,55.64219],[37.32986,55.64186],[37.33041,55.64086],[37.32979,55.63984],[37.33035,55.63932],[37.33154,55.63946],[37.33244,55.63955],[37.33441,55.63848],[37.33534,55.63665],[37.33533,55.63665],[37.33548,55.6361],[37.33562,55.63611],[37.33596,55.63543],[37.33606,55.63518],[37.33855,55.63549],[37.33886,55.63539],[37.34212,55.63379],[37.34255,55.63316],[37.34551,55.63389],[37.34647,55.63411],[37.34701,55.6343],[37.34739,55.63443],[37.34724,55.63429],[37.34347,55.63216],[37.34066,55.63053],[37.33999,55.63022],[37.33991,55.6302],[37.34096,55.63],[37.34398,55.6298],[37.34745,55.62745],[37.3471,55.62429],[37.34671,55.62322],[37.3385,55.62162],[37.33553,55.62057],[37.33349,55.61975],[37.33047,55.61912],[37.32686,55.61784],[37.32505,55.61763],[37.32399,55.61894],[37.32551,55.62087],[37.32361,55.62233],[37.32189,55.62159],[37.3196,55.62059],[37.31871,55.62169],[37.31821,55.62176],[37.31517,55.6206],[37.31392,55.62137],[37.31454,55.62335],[37.31249,55.62227],[37.30607,55.61895],[37.30809,55.61725],[37.30754,55.61693],[37.30756,55.61696],[37.30757,55.61701],[37.30758,55.61705],[37.30759,55.61708],[37.30763,55.61711],[37.30765,55.61713],[37.30764,55.61716],[37.30761,55.61719],[37.30757,55.6172],[37.30749,55.61722],[37.30743,55.61723],[37.3074,55.61724],[37.30734,55.61724],[37.30731,55.61724],[37.30727,55.61725],[37.30723,55.61727],[37.30715,55.61728],[37.30707,55.6173],[37.30701,55.61733],[37.30694,55.61735],[37.30683,55.61738],[37.30677,55.61742],[37.30671,55.61747],[37.30668,55.61749],[37.30661,55.61752],[37.30653,55.61755],[37.30643,55.61758],[37.30638,55.61761],[37.30632,55.61764],[37.30625,55.61767],[37.30621,55.61768],[37.30616,55.61768],[37.3061,55.6177],[37.30605,55.61773],[37.30602,55.61775],[37.30596,55.61775],[37.30589,55.61778],[37.30585,55.61781],[37.30581,55.61782],[37.30577,55.61782],[37.30571,55.61781],[37.30568,55.61781],[37.30564,55.61782],[37.30559,55.61785],[37.30556,55.61789],[37.30554,55.6179],[37.30551,55.61791],[37.30536,55.61795],[37.30532,55.61795],[37.3053,55.61795],[37.30527,55.61795],[37.30522,55.61794],[37.30521,55.61792],[37.30521,55.6179],[37.3052,55.61789],[37.30517,55.61788],[37.30515,55.61788],[37.3051,55.61789],[37.30503,55.61792],[37.30497,55.61793],[37.30493,55.61793],[37.30484,55.61791],[37.30474,55.61791],[37.30469,55.61791],[37.30456,55.6179],[37.30445,55.6179],[37.30435,55.61791],[37.30426,55.61792],[37.30419,55.61793],[37.30411,55.61793],[37.30393,55.61795],[37.30378,55.61797],[37.30363,55.61798],[37.30356,55.61798],[37.30352,55.61798],[37.30349,55.61799],[37.30345,55.61801],[37.30342,55.61804],[37.30341,55.61805],[37.30337,55.61805],[37.30331,55.61805],[37.30329,55.61806],[37.30322,55.61808],[37.30318,55.61809],[37.3031,55.6181],[37.30307,55.6181],[37.30296,55.61812],[37.30288,55.61812],[37.30279,55.61812],[37.30275,55.61812],[37.30267,55.61812],[37.30262,55.61812],[37.30253,55.61812],[37.30248,55.61812],[37.30244,55.61813],[37.30242,55.61815],[37.30239,55.61815],[37.30236,55.61814],[37.3023,55.61812],[37.30227,55.61812],[37.30223,55.61813],[37.30217,55.61815],[37.30211,55.61816],[37.30207,55.61816],[37.30204,55.61815],[37.30201,55.61815],[37.30197,55.61816],[37.30191,55.61817],[37.30187,55.61818],[37.30181,55.61818],[37.30176,55.61818],[37.30174,55.61818],[37.30173,55.61819],[37.30171,55.6182],[37.30169,55.6182],[37.30167,55.6182],[37.30161,55.61818],[37.30158,55.61818],[37.30154,55.61818],[37.3015,55.6182],[37.30148,55.61821],[37.30145,55.61821],[37.30143,55.61821],[37.3014,55.6182],[37.30137,55.6182],[37.30131,55.61821],[37.30123,55.61822],[37.30122,55.61822],[37.3012,55.61824],[37.30118,55.61825],[37.30116,55.61825],[37.30114,55.61823],[37.30114,55.61823],[37.30109,55.61823],[37.30103,55.61823],[37.30096,55.61824],[37.30087,55.61825],[37.30083,55.61825],[37.30082,55.61827],[37.30079,55.61828],[37.30075,55.6183],[37.30073,55.61832],[37.30071,55.61833],[37.30069,55.61834],[37.30065,55.61834],[37.30061,55.61833],[37.30056,55.61831],[37.30053,55.61831],[37.30049,55.61832],[37.30045,55.61833],[37.30036,55.61834],[37.30033,55.61837],[37.30031,55.61839],[37.30027,55.61839],[37.30023,55.6184],[37.30017,55.61843],[37.30011,55.61848],[37.30008,55.61852],[37.30005,55.61855],[37.30002,55.61856],[37.29998,55.61858],[37.29995,55.6186],[37.29991,55.61862],[37.29982,55.61863],[37.2997,55.61865],[37.29962,55.61865],[37.29958,55.61866],[37.29953,55.61867],[37.29948,55.61867],[37.29942,55.61867],[37.29935,55.61866],[37.29929,55.61866],[37.29925,55.61864],[37.29921,55.61863],[37.29915,55.61863],[37.29911,55.61864],[37.29908,55.61866],[37.29906,55.61866],[37.299,55.61866],[37.29897,55.61867],[37.29894,55.61871],[37.29886,55.61874],[37.29882,55.61877],[37.29877,55.6188],[37.29873,55.61881],[37.29868,55.61881],[37.29862,55.6188],[37.29855,55.61875],[37.2985,55.61871],[37.29845,55.61865],[37.29841,55.61861],[37.29836,55.61857],[37.29832,55.61856],[37.29828,55.61855],[37.29825,55.61855],[37.29809,55.61843],[37.29805,55.61837],[37.29774,55.61813],[37.2974,55.61819],[37.29726,55.61819],[37.29715,55.61818],[37.29709,55.61816],[37.29605,55.61695],[37.29525,55.61534],[37.29496,55.61524],[37.29479,55.61504],[37.29465,55.61503],[37.29425,55.61486],[37.29411,55.6147],[37.29394,55.61465],[37.2926,55.61548],[37.29191,55.61576],[37.29189,55.61574],[37.29042,55.6164],[37.29038,55.61638],[37.28972,55.61673],[37.28933,55.61668],[37.28868,55.61687],[37.28864,55.61673],[37.28817,55.6164],[37.28816,55.61654],[37.28758,55.61628],[37.28709,55.61631],[37.2838,55.61519],[37.28263,55.61536],[37.28185,55.61526],[37.28163,55.61514],[37.28143,55.61526],[37.28142,55.61526],[37.28136,55.6153],[37.28124,55.61521],[37.28045,55.61568],[37.28053,55.61578],[37.28044,55.61583],[37.28259,55.61836],[37.28242,55.61844],[37.28294,55.61913],[37.28219,55.61931],[37.28183,55.61885],[37.2814,55.61852],[37.28114,55.61813],[37.28056,55.61775],[37.28056,55.61774],[37.27998,55.61737],[37.27924,55.61639],[37.27393,55.61955],[37.27377,55.61965],[37.27286,55.61933],[37.27218,55.6191],[37.27165,55.6188],[37.26944,55.61718],[37.26897,55.61693],[37.26822,55.6166],[37.26738,55.61616],[37.26348,55.61441],[37.26314,55.61471],[37.2629,55.61509],[37.26159,55.61709],[37.26152,55.61732],[37.26153,55.61783],[37.26135,55.61784],[37.26104,55.6177],[37.25922,55.61736],[37.25911,55.61749],[37.25855,55.61736],[37.25871,55.61723],[37.25521,55.61649],[37.25409,55.61602],[37.25286,55.61542],[37.251,55.61445],[37.25014,55.61487],[37.25037,55.61494],[37.24914,55.61498],[37.24914,55.61475],[37.24889,55.61457],[37.24887,55.61447],[37.24856,55.61424],[37.25442,55.61013],[37.25041,55.60829],[37.25004,55.60679],[37.24958,55.60496],[37.24934,55.60408],[37.24922,55.60389],[37.24914,55.60376],[37.249,55.60359],[37.24844,55.60312],[37.24833,55.60304],[37.24738,55.60258],[37.24656,55.60225],[37.24564,55.60194],[37.24476,55.60177],[37.24451,55.60192],[37.24428,55.60213],[37.24424,55.60232],[37.24384,55.6029],[37.24285,55.60474],[37.24266,55.60516],[37.24183,55.60696],[37.24164,55.60718],[37.23929,55.60815],[37.23641,55.60931],[37.23147,55.6112],[37.22822,55.6134],[37.22581,55.61505],[37.22398,55.61659],[37.21773,55.6184],[37.21624,55.62087]]],[[[37.28857,55.65487],[37.29089,55.65533],[37.29208,55.65454],[37.29265,55.65471],[37.29291,55.65405],[37.29256,55.65368],[37.29259,55.65205],[37.29154,55.65187],[37.29012,55.65192],[37.28958,55.65192],[37.28857,55.65487]]]]}},{"type":"Feature","bbox":[37.1316021,55.9804371,37.2052271,56.0212238],"properties":{"scope":"district","name":"Силино","aoName":"Зеленоградский","unitType":"Муниципальный округ","okato":"45272572","oktmo":"45332000","type":"administrative","category":"boundary","display_name":"район Силино, Зеленоград, Москва, Центральный федеральный округ, Россия","source":"OpenStreetMap / Nominatim","refreshedAt":"2026-09-17"},"geometry":{"type":"Polygon","coordinates":[[[37.1316021,56.0164459],[37.1390684,56.0095945],[37.1394169,56.0097213],[37.1469766,56.0033472],[37.1511709,55.9995486],[37.1506438,55.9992264],[37.1624968,55.9889679],[37.1677194,55.9844747],[37.1732656,55.9804371],[37.177587,55.9824671],[37.178787,55.9833208],[37.1851938,55.9903377],[37.1922055,55.9916511],[37.1927059,55.9910589],[37.1938259,55.9910189],[37.1946902,55.9901292],[37.1957386,55.9899975],[37.1955354,55.9890294],[37.2000168,55.9888271],[37.2002368,55.9886971],[37.2001468,55.9884171],[37.2014168,55.9880171],[37.2026814,55.9879807],[37.2025124,55.9882299],[37.2029316,55.9885838],[37.205083,55.9880461],[37.2052271,55.9905597],[37.2047379,55.990855],[37.2050906,55.9917267],[37.2044103,55.9925641],[37.2042942,55.993642],[37.2032607,55.9934003],[37.2016484,55.995406],[37.2014425,55.9953148],[37.2006049,55.9962467],[37.1987842,55.9974155],[37.1981181,55.9973621],[37.1978234,55.9985239],[37.19702,55.998669],[37.1969844,55.9995359],[37.2007313,55.9999969],[37.2008717,56.0012442],[37.1999412,56.0025164],[37.1986982,56.0022767],[37.1989386,56.0031295],[37.1980861,56.0030654],[37.1964288,56.0035312],[37.1959998,56.0041272],[37.1949369,56.0044477],[37.1916946,56.0034733],[37.1912191,56.0028138],[37.1892815,56.0020438],[37.1878526,56.001998],[37.1862997,56.0024107],[37.1869765,56.0034257],[37.1864485,56.0038168],[37.1845823,56.0039624],[37.1845334,56.005238],[37.179102,56.0052949],[37.1785294,56.0079518],[37.1817899,56.0084072],[37.1801639,56.0113568],[37.1904747,56.013512],[37.1955702,56.0186013],[37.1889779,56.0212238],[37.1869984,56.0199938],[37.1845117,56.0200182],[37.1842124,56.0197214],[37.1852849,56.0189154],[37.1814741,56.0167156],[37.1791188,56.0160539],[37.1776116,56.0151322],[37.171253,56.0146262],[37.1677442,56.0138908],[37.1646153,56.0142329],[37.1638246,56.0135953],[37.1626554,56.0139375],[37.1617302,56.0132212],[37.1588626,56.0137002],[37.158661,56.014142],[37.1599626,56.0144412],[37.1591858,56.0153355],[37.159778,56.0158978],[37.1597544,56.0163625],[37.158256,56.0179977],[37.155052,56.017639],[37.1505203,56.0164989],[37.1500948,56.0172227],[37.1452354,56.0180924],[37.1441842,56.0176922],[37.1433486,56.0176918],[37.1387536,56.0183722],[37.138927,56.017892],[37.1360907,56.0191079],[37.1326592,56.016777],[37.1316021,56.0164459]]]}},{"type":"Feature","bbox":[37.13243,55.58315,37.21127,55.6229],"properties":{"scope":"district","name":"Кокошкино","aoName":"Новомосковский","unitType":"Поселение","okato":"45297559","oktmo":"45947000","type":"administrative","category":"boundary","display_name":"Кокошкино, Новомосковский административный округ, Москва, Россия","source":"GIS-Lab / OpenStreetMap"},"geometry":{"type":"Polygon","coordinates":[[[37.13243,55.59919],[37.13442,55.60066],[37.13478,55.60132],[37.13452,55.60219],[37.13316,55.60335],[37.13401,55.60401],[37.13266,55.60558],[37.13344,55.60577],[37.135,55.6063],[37.13552,55.60649],[37.13601,55.60666],[37.13878,55.60756],[37.14033,55.60811],[37.14019,55.60846],[37.1417,55.609],[37.14249,55.60916],[37.14295,55.60894],[37.14325,55.60879],[37.1435,55.60867],[37.1436,55.60873],[37.14392,55.60895],[37.14424,55.60916],[37.14467,55.60869],[37.14489,55.60869],[37.14513,55.60863],[37.14527,55.60835],[37.14575,55.60829],[37.14517,55.60914],[37.14612,55.60938],[37.14635,55.6091],[37.14707,55.60741],[37.1472,55.6069],[37.14715,55.6069],[37.14717,55.60567],[37.15142,55.60434],[37.1518,55.60422],[37.15523,55.60418],[37.15561,55.60416],[37.1563,55.60418],[37.15828,55.60412],[37.16016,55.60424],[37.16283,55.60522],[37.16401,55.60543],[37.17202,55.60518],[37.17472,55.60651],[37.17739,55.60726],[37.17799,55.60788],[37.17961,55.60971],[37.18015,55.60963],[37.18143,55.61091],[37.18212,55.61228],[37.18225,55.6129],[37.1844,55.61265],[37.18452,55.61244],[37.18663,55.6127],[37.18677,55.61273],[37.1863,55.61524],[37.18575,55.61713],[37.18547,55.61878],[37.18708,55.61936],[37.18865,55.62017],[37.19185,55.62041],[37.19577,55.62098],[37.19944,55.62157],[37.20289,55.62213],[37.20684,55.6229],[37.20734,55.62254],[37.20986,55.62123],[37.20965,55.621],[37.21127,55.62011],[37.20995,55.61911],[37.20747,55.61811],[37.20734,55.61821],[37.20681,55.61805],[37.20712,55.61779],[37.20177,55.61599],[37.1996,55.61468],[37.19782,55.61302],[37.19616,55.61155],[37.19605,55.61161],[37.19371,55.6105],[37.19063,55.6091],[37.19041,55.60888],[37.18964,55.60848],[37.18949,55.60834],[37.18764,55.60759],[37.1876,55.60748],[37.18629,55.60687],[37.18614,55.60696],[37.18605,55.60697],[37.18455,55.60626],[37.18317,55.60565],[37.18416,55.60497],[37.18424,55.60499],[37.18453,55.6047],[37.18541,55.6041],[37.18582,55.60421],[37.18665,55.6034],[37.1865,55.60335],[37.18608,55.6032],[37.1854,55.60296],[37.18352,55.60235],[37.18445,55.6014],[37.18619,55.60197],[37.1866,55.6017],[37.18675,55.60155],[37.18677,55.60155],[37.18722,55.60169],[37.18731,55.60162],[37.18776,55.60174],[37.1881,55.60189],[37.18818,55.60184],[37.18924,55.60211],[37.18911,55.60231],[37.18932,55.60237],[37.18949,55.60244],[37.18979,55.60254],[37.19,55.60235],[37.19012,55.60239],[37.19026,55.60225],[37.19018,55.60223],[37.19031,55.60208],[37.19059,55.60179],[37.19085,55.60184],[37.19088,55.6018],[37.19186,55.60065],[37.19211,55.60006],[37.19246,55.59929],[37.19293,55.59881],[37.19321,55.5985],[37.19324,55.59812],[37.1929,55.59816],[37.19277,55.59818],[37.19208,55.59812],[37.19185,55.59818],[37.19144,55.59819],[37.19099,55.59819],[37.19039,55.59802],[37.1899,55.59777],[37.18921,55.59739],[37.18891,55.59727],[37.18872,55.5971],[37.18853,55.59702],[37.188,55.59686],[37.18795,55.59685],[37.18739,55.59672],[37.187,55.59662],[37.1859,55.59633],[37.18562,55.59613],[37.18599,55.59575],[37.18613,55.59559],[37.18501,55.59514],[37.18371,55.59542],[37.18306,55.59555],[37.1828,55.59558],[37.18218,55.59556],[37.18132,55.59542],[37.181,55.59534],[37.18039,55.59517],[37.17984,55.59505],[37.17946,55.5951],[37.17935,55.59509],[37.179,55.59481],[37.179,55.59468],[37.17907,55.59434],[37.17926,55.59371],[37.17942,55.59362],[37.17997,55.59277],[37.18099,55.59168],[37.18061,55.59124],[37.17995,55.59036],[37.17938,55.59029],[37.17829,55.59019],[37.18151,55.58821],[37.18325,55.58713],[37.18335,55.58716],[37.18495,55.58617],[37.18495,55.58608],[37.18437,55.58598],[37.18406,55.58598],[37.18368,55.58604],[37.18336,55.586],[37.183,55.58599],[37.18233,55.58583],[37.18183,55.58575],[37.18163,55.58571],[37.18147,55.58563],[37.18145,55.58544],[37.18147,55.58537],[37.18127,55.58512],[37.18104,55.58506],[37.1808,55.58505],[37.18052,55.58515],[37.18043,55.5852],[37.18026,55.58518],[37.18002,55.58524],[37.17975,55.58525],[37.17962,55.58526],[37.17946,55.58524],[37.17938,55.58517],[37.17915,55.58506],[37.17914,55.58499],[37.17915,55.58494],[37.17898,55.58484],[37.17881,55.58482],[37.17873,55.58484],[37.17861,55.58493],[37.17846,55.585],[37.17836,55.58502],[37.17818,55.58502],[37.17795,55.58508],[37.17774,55.5851],[37.17741,55.58524],[37.17718,55.5853],[37.17697,55.58532],[37.17678,55.58528],[37.17674,55.58524],[37.17657,55.58519],[37.17647,55.58512],[37.17614,55.58506],[37.17577,55.58499],[37.17563,55.58492],[37.17553,55.58491],[37.17534,55.58498],[37.17511,55.58506],[37.17443,55.58513],[37.17424,55.58514],[37.17393,55.58522],[37.17383,55.58527],[37.1738,55.58537],[37.1737,55.58543],[37.17363,55.58553],[37.17337,55.58569],[37.17269,55.58585],[37.1723,55.58586],[37.17194,55.58571],[37.17171,55.58555],[37.17177,55.58547],[37.17192,55.58539],[37.17171,55.58532],[37.17155,55.5853],[37.17139,55.58532],[37.17125,55.58529],[37.17095,55.58516],[37.17072,55.58487],[37.17051,55.58474],[37.17031,55.58453],[37.16993,55.58452],[37.16984,55.58448],[37.16968,55.58431],[37.16935,55.58418],[37.16917,55.58402],[37.16861,55.58394],[37.16842,55.58403],[37.16834,55.58431],[37.1682,55.58434],[37.16781,55.58428],[37.16756,55.58409],[37.16729,55.58332],[37.16715,55.58325],[37.16649,55.58323],[37.16591,55.58327],[37.16563,55.58352],[37.1653,55.58355],[37.16512,55.58345],[37.16498,55.58326],[37.16479,55.58315],[37.16426,55.58323],[37.16411,55.5833],[37.16422,55.58346],[37.16415,55.58354],[37.16395,55.58354],[37.16372,55.58356],[37.16359,55.58352],[37.16362,55.58343],[37.1636,55.58339],[37.16348,55.58337],[37.16337,55.58345],[37.16308,55.58347],[37.16296,55.58345],[37.16284,55.58359],[37.163,55.58372],[37.16302,55.58379],[37.16306,55.58384],[37.16304,55.58388],[37.16296,55.58393],[37.16285,55.58392],[37.16273,55.58387],[37.16266,55.58381],[37.16258,55.58378],[37.16249,55.58383],[37.16239,55.58392],[37.16228,55.58393],[37.16217,55.58389],[37.1622,55.58376],[37.16213,55.58367],[37.16197,55.58358],[37.16187,55.58344],[37.16141,55.58349],[37.16125,55.5836],[37.16116,55.58381],[37.16088,55.58391],[37.16037,55.58391],[37.16008,55.58396],[37.16007,55.5841],[37.16024,55.58426],[37.16028,55.58436],[37.16002,55.58453],[37.15988,55.58455],[37.15978,55.58455],[37.15969,55.58451],[37.15954,55.58437],[37.15932,55.58436],[37.15913,55.5844],[37.15864,55.58459],[37.15848,55.5846],[37.15836,55.58454],[37.15833,55.58449],[37.15849,55.58418],[37.15851,55.584],[37.15823,55.58386],[37.15803,55.58383],[37.15777,55.58394],[37.15766,55.58404],[37.15773,55.58415],[37.15763,55.58427],[37.15753,55.58435],[37.15711,55.5843],[37.15667,55.584],[37.15621,55.58388],[37.15605,55.58411],[37.15571,55.58414],[37.15528,55.58411],[37.15517,55.58392],[37.15491,55.58395],[37.15466,55.5839],[37.15423,55.58395],[37.15417,55.58404],[37.15424,55.58418],[37.1542,55.58431],[37.15414,55.58434],[37.15407,55.58435],[37.15402,55.58432],[37.15407,55.58427],[37.15406,55.58423],[37.15393,55.58422],[37.1537,55.58424],[37.15327,55.58437],[37.15326,55.58443],[37.15316,55.58448],[37.15303,55.58451],[37.15295,55.58449],[37.15297,55.58445],[37.15284,55.58443],[37.15221,55.58449],[37.15203,55.58458],[37.15192,55.58475],[37.15173,55.58483],[37.15142,55.5848],[37.15085,55.58474],[37.15037,55.58477],[37.14965,55.58498],[37.14898,55.58504],[37.14872,55.58518],[37.14834,55.58537],[37.14796,55.58575],[37.1478,55.58603],[37.14768,55.58633],[37.14765,55.58658],[37.14773,55.58667],[37.14773,55.58683],[37.14743,55.58701],[37.14713,55.58718],[37.1469,55.58731],[37.14676,55.58756],[37.1469,55.58772],[37.14692,55.58794],[37.14698,55.58808],[37.14735,55.58812],[37.14776,55.58799],[37.14799,55.58804],[37.14795,55.58816],[37.14798,55.58827],[37.14784,55.58855],[37.14799,55.58858],[37.14838,55.58845],[37.14865,55.58843],[37.14906,55.58863],[37.14923,55.58883],[37.14918,55.58915],[37.14905,55.58952],[37.14888,55.58959],[37.14885,55.58965],[37.14874,55.58974],[37.14857,55.58978],[37.1485,55.58994],[37.14859,55.59005],[37.14855,55.59014],[37.14866,55.5902],[37.14853,55.59035],[37.14853,55.5904],[37.14866,55.59043],[37.14874,55.59047],[37.14854,55.59062],[37.14849,55.59062],[37.14833,55.59052],[37.14824,55.5905],[37.1481,55.59057],[37.14799,55.59068],[37.14794,55.59079],[37.14803,55.59081],[37.14815,55.59079],[37.14829,55.59088],[37.1483,55.59094],[37.14827,55.59105],[37.14824,55.59116],[37.14828,55.59125],[37.14831,55.59129],[37.14839,55.59132],[37.14856,55.59126],[37.14868,55.59126],[37.14873,55.59134],[37.14869,55.59143],[37.14856,55.59151],[37.14841,55.59154],[37.14827,55.59161],[37.14808,55.59162],[37.14802,55.5917],[37.14799,55.59181],[37.14811,55.59187],[37.14829,55.59185],[37.14839,55.59183],[37.1486,55.59194],[37.14867,55.59196],[37.14877,55.59193],[37.14883,55.59194],[37.14883,55.59204],[37.14881,55.5921],[37.14875,55.59213],[37.14863,55.59218],[37.14856,55.59224],[37.14836,55.59224],[37.14825,55.59222],[37.14807,55.59229],[37.14805,55.5925],[37.14791,55.59256],[37.14772,55.5925],[37.1476,55.59251],[37.14749,55.59259],[37.14737,55.59275],[37.14734,55.59289],[37.14712,55.59298],[37.14712,55.59303],[37.14733,55.59308],[37.14732,55.59311],[37.14722,55.59317],[37.14716,55.59324],[37.14706,55.59323],[37.14685,55.59313],[37.1467,55.59317],[37.14672,55.59322],[37.14681,55.59332],[37.14677,55.59338],[37.14657,55.59343],[37.14638,55.59351],[37.14622,55.59356],[37.14611,55.59352],[37.14591,55.59349],[37.14569,55.59339],[37.1454,55.59348],[37.14529,55.59362],[37.14511,55.59364],[37.14498,55.59358],[37.14513,55.59341],[37.14513,55.59323],[37.14508,55.59313],[37.14484,55.59315],[37.14461,55.59319],[37.14448,55.59318],[37.14441,55.59313],[37.1443,55.59312],[37.1442,55.59309],[37.144,55.59308],[37.14387,55.59318],[37.14369,55.59327],[37.14373,55.59335],[37.14368,55.59343],[37.14371,55.59353],[37.14375,55.59358],[37.14388,55.59362],[37.14392,55.59366],[37.14389,55.59373],[37.14389,55.59381],[37.14387,55.59389],[37.14375,55.59397],[37.14366,55.59401],[37.14354,55.59398],[37.14345,55.59393],[37.1434,55.59392],[37.14331,55.59392],[37.14327,55.59388],[37.14322,55.59372],[37.14292,55.59365],[37.14269,55.59363],[37.14264,55.59383],[37.14253,55.59394],[37.14233,55.59396],[37.14213,55.59393],[37.14193,55.59396],[37.14189,55.59406],[37.14183,55.59419],[37.14175,55.59427],[37.14172,55.59434],[37.14168,55.59436],[37.14156,55.59435],[37.14115,55.59439],[37.141,55.59448],[37.14101,55.5946],[37.14093,55.59472],[37.14077,55.59479],[37.14036,55.59482],[37.14006,55.59482],[37.13975,55.59478],[37.13939,55.59473],[37.1392,55.59476],[37.13891,55.59482],[37.13849,55.59499],[37.1383,55.59504],[37.13821,55.59509],[37.13807,55.59519],[37.13778,55.59539],[37.13771,55.59545],[37.1376,55.59546],[37.13752,55.59541],[37.13727,55.59538],[37.13715,55.59539],[37.13706,55.59538],[37.13696,55.59537],[37.13672,55.59529],[37.13661,55.59527],[37.13651,55.59528],[37.13637,55.59539],[37.13625,55.59545],[37.13607,55.59549],[37.136,55.59552],[37.13601,55.59574],[37.13605,55.59595],[37.13603,55.59604],[37.13594,55.59611],[37.13549,55.59611],[37.13525,55.59629],[37.13536,55.59643],[37.13543,55.59666],[37.13523,55.59681],[37.13511,55.59679],[37.13481,55.59668],[37.13448,55.59653],[37.13431,55.59654],[37.13425,55.59659],[37.13428,55.5967],[37.13441,55.59686],[37.13448,55.59712],[37.13445,55.5972],[37.13428,55.59724],[37.13413,55.59732],[37.13396,55.59752],[37.13375,55.59759],[37.13352,55.59766],[37.13347,55.59799],[37.13287,55.59858],[37.13264,55.59865],[37.13246,55.59885],[37.13243,55.59919]]]}},{"type":"Feature","bbox":[37.1440873,55.9480078,37.2207934,55.9992264],"properties":{"scope":"district","name":"Крюково","aoName":"Зеленоградский","unitType":"Муниципальный округ","okato":"45272580","oktmo":"45330000","type":"administrative","category":"boundary","display_name":"район Крюково, Зеленоград, Москва, Центральный федеральный округ, Россия","source":"OpenStreetMap / Nominatim","refreshedAt":"2026-09-17"},"geometry":{"type":"Polygon","coordinates":[[[37.1440873,55.9898821],[37.1487335,55.9769919],[37.1487736,55.9702666],[37.1463797,55.9699697],[37.1458539,55.9680705],[37.1455974,55.9660427],[37.1470119,55.9660349],[37.1483029,55.9656039],[37.1466108,55.9637194],[37.1474157,55.9633483],[37.1479416,55.9635283],[37.1492328,55.9630419],[37.149624,55.9622873],[37.1507193,55.9625258],[37.1511552,55.9618777],[37.1516231,55.9617892],[37.1530383,55.9618865],[37.1532432,55.9623197],[37.1541848,55.9624265],[37.154249,55.9619559],[37.154456,55.9619141],[37.1562874,55.9621345],[37.1564966,55.9619784],[37.1568535,55.9625578],[37.1578428,55.9623927],[37.1580829,55.9619992],[37.1594008,55.9619009],[37.1594902,55.962063],[37.1590003,55.9623492],[37.1594204,55.962495],[37.1601704,55.9620833],[37.1599927,55.9618993],[37.1603316,55.9614937],[37.1606771,55.9614777],[37.161014,55.9618615],[37.1616778,55.9614896],[37.1619941,55.9609159],[37.1619132,55.9600188],[37.1627574,55.9601202],[37.1623721,55.9595502],[37.1630573,55.9590231],[37.1633233,55.9590572],[37.1632978,55.9593981],[37.1640404,55.9594924],[37.1640371,55.9589706],[37.1660268,55.9590673],[37.1657311,55.9587446],[37.1659088,55.9585208],[37.1672961,55.9585208],[37.1671846,55.9589284],[37.1676415,55.9590573],[37.1690916,55.9588251],[37.169054,55.9593206],[37.1681123,55.9594582],[37.168944,55.9599154],[37.1686421,55.9607015],[37.1697958,55.9608465],[37.1714702,55.9606801],[37.1732938,55.9600184],[37.1738042,55.9593468],[37.1724922,55.9584742],[37.1724518,55.958096],[37.173646,55.9576605],[37.1753648,55.9575321],[37.1772214,55.9583302],[37.1776085,55.958712],[37.1785276,55.9583633],[37.1813548,55.9584409],[37.1825098,55.9587334],[37.1827162,55.9582473],[37.1844112,55.9573578],[37.183335,55.9556326],[37.1842377,55.9550727],[37.1832169,55.9542615],[37.1864035,55.9530893],[37.1875313,55.9554467],[37.1888245,55.9561139],[37.1943295,55.9550392],[37.1938648,55.9545043],[37.1952343,55.9537653],[37.1959052,55.9547182],[37.202851,55.9532172],[37.2029168,55.9517714],[37.2019145,55.9496702],[37.2015293,55.949413],[37.2021301,55.9486897],[37.203509,55.9483454],[37.2052771,55.9482538],[37.2081036,55.9491606],[37.2087124,55.9487559],[37.2084426,55.9484076],[37.2095659,55.9485207],[37.2111045,55.9480719],[37.2113333,55.9484521],[37.2122624,55.9484883],[37.21199,55.9487964],[37.2135367,55.9482854],[37.2144807,55.9488032],[37.2157605,55.9484854],[37.2165072,55.948724],[37.217026,55.9481896],[37.2177129,55.9480263],[37.2199076,55.9502304],[37.2184454,55.9514662],[37.219285,55.9530747],[37.2207934,55.9540293],[37.2185558,55.9552062],[37.2193881,55.9571182],[37.2172453,55.9579073],[37.2153356,55.9563228],[37.2138271,55.9566009],[37.2129634,55.9558351],[37.212592,55.9558441],[37.2113848,55.9564182],[37.2101783,55.9573718],[37.2093294,55.960172],[37.2072985,55.9614473],[37.2068763,55.9614407],[37.2056539,55.9628403],[37.2058114,55.9632131],[37.20928,55.9644195],[37.2115659,55.9671511],[37.2091156,55.9681923],[37.2089162,55.9686813],[37.2076749,55.9687217],[37.2083247,55.9697722],[37.1869357,55.9746627],[37.1824771,55.9761023],[37.1763412,55.978807],[37.1720758,55.9812062],[37.1677194,55.9844747],[37.1506438,55.9992264],[37.1491992,55.9983433],[37.1502483,55.9975337],[37.1499296,55.9965725],[37.1513682,55.9962133],[37.152711,55.994242],[37.1527443,55.9930578],[37.150691,55.9931332],[37.1488217,55.9921204],[37.1496616,55.991567],[37.1495825,55.9911696],[37.1478376,55.9908021],[37.1469252,55.9910209],[37.1456018,55.990116],[37.1440873,55.9898821]]]}},{"type":"Feature","bbox":[37.4461022,55.787653,37.5038208,55.8154186],"properties":{"scope":"district","name":"Щукино","aoName":"Северо-Западный","unitType":"Муниципальный округ","okato":"45283587","oktmo":"45372000","type":"administrative","category":"boundary","display_name":"район Щукино, Москва, Центральный федеральный округ, Россия","source":"OpenStreetMap / Nominatim","refreshedAt":"2026-09-17"},"geometry":{"type":"Polygon","coordinates":[[[37.4461022,55.7944941],[37.4546058,55.7944272],[37.4545483,55.7918138],[37.4652211,55.7905482],[37.4687234,55.7894869],[37.4767044,55.7884912],[37.4777763,55.7885051],[37.4787573,55.7889593],[37.4891469,55.7876667],[37.499803,55.7889469],[37.5025142,55.7906031],[37.5033816,55.7916782],[37.5038208,55.7910836],[37.5032493,55.7934544],[37.5025463,55.794866],[37.4878979,55.8121021],[37.487224,55.8132784],[37.4868576,55.815334],[37.4820105,55.8153986],[37.4797029,55.8151045],[37.4699771,55.8120376],[37.4678877,55.8116079],[37.4574808,55.8110744],[37.4549796,55.8111972],[37.4528177,55.8116766],[37.451246,55.8123375],[37.4489087,55.8140135],[37.446496,55.8100754],[37.4461367,55.8079911],[37.4464328,55.8065481],[37.447334,55.8045463],[37.4476344,55.8026167],[37.4469478,55.8001563],[37.4461022,55.7944941]]]}},{"type":"Feature","bbox":[37.15009,55.35808,37.36254,55.47555],"properties":{"scope":"district","name":"Краснопахорское","aoName":"Троицкий","unitType":"Поселение","okato":"45298561","oktmo":"45948000","type":"administrative","category":"boundary","display_name":"Краснопахорское, Троицкий административный округ, Москва, Россия","source":"GIS-Lab / OpenStreetMap"},"geometry":{"type":"Polygon","coordinates":[[[37.15009,55.43896],[37.15268,55.44045],[37.15386,55.44181],[37.15503,55.44317],[37.15758,55.44237],[37.1602,55.44329],[37.16204,55.44442],[37.16414,55.44392],[37.16437,55.44525],[37.16444,55.44537],[37.1603,55.44546],[37.16023,55.44669],[37.15508,55.44551],[37.15535,55.44469],[37.1506,55.44544],[37.15112,55.44759],[37.15116,55.44787],[37.15371,55.44683],[37.1575,55.44704],[37.15893,55.44742],[37.16494,55.44813],[37.16816,55.44923],[37.16981,55.44921],[37.17533,55.44908],[37.17816,55.44887],[37.18034,55.44886],[37.18297,55.44981],[37.18578,55.44859],[37.19021,55.44921],[37.18956,55.45062],[37.18981,55.45185],[37.18682,55.45346],[37.19029,55.45432],[37.18984,55.45477],[37.19321,55.45554],[37.19489,55.45441],[37.19615,55.45498],[37.19725,55.45451],[37.2017,55.45551],[37.20546,55.45437],[37.20847,55.45266],[37.20962,55.45281],[37.21047,55.45244],[37.2116,55.45311],[37.2138,55.45276],[37.21753,55.45437],[37.21951,55.45521],[37.21754,55.45678],[37.21278,55.4584],[37.20654,55.46041],[37.20347,55.46118],[37.20244,55.46164],[37.20235,55.4628],[37.2043,55.46277],[37.20624,55.46419],[37.20396,55.46519],[37.20557,55.46647],[37.20681,55.46729],[37.2085,55.46654],[37.21111,55.46597],[37.21201,55.46637],[37.21409,55.46521],[37.21569,55.46545],[37.21683,55.4647],[37.21945,55.46574],[37.21804,55.46671],[37.21984,55.46796],[37.22192,55.46735],[37.22338,55.46793],[37.22622,55.46676],[37.22894,55.46756],[37.23119,55.46602],[37.23258,55.46646],[37.2357,55.46705],[37.24696,55.46813],[37.25451,55.46861],[37.25573,55.47137],[37.2561,55.47113],[37.26065,55.47229],[37.26491,55.46166],[37.2665,55.46182],[37.26723,55.4618],[37.2683,55.46116],[37.2673,55.46043],[37.26638,55.46078],[37.26292,55.45821],[37.26413,55.45768],[37.26496,55.45743],[37.26537,55.45724],[37.26576,55.45729],[37.26602,55.45699],[37.26628,55.45685],[37.26672,55.45678],[37.26696,55.45661],[37.26687,55.45643],[37.26694,55.45639],[37.2672,55.45644],[37.26731,55.45641],[37.26765,55.45623],[37.26778,55.45611],[37.26817,55.45589],[37.26818,55.4557],[37.26856,55.45553],[37.2689,55.45531],[37.26893,55.45424],[37.26912,55.45413],[37.2691,55.45397],[37.2693,55.45386],[37.26932,55.45363],[37.26912,55.4535],[37.26911,55.45336],[37.26924,55.45324],[37.26956,55.45321],[37.26962,55.45301],[37.26953,55.45289],[37.26951,55.45261],[37.26942,55.4525],[37.26882,55.45238],[37.26869,55.45228],[37.26838,55.45224],[37.26816,55.452],[37.26835,55.45172],[37.26801,55.45142],[37.26809,55.45131],[37.26848,55.45014],[37.26848,55.44963],[37.26865,55.4493],[37.26911,55.44891],[37.26897,55.44832],[37.27542,55.44773],[37.27544,55.44804],[37.27629,55.44911],[37.27684,55.45031],[37.27816,55.45158],[37.27892,55.45192],[37.28174,55.45203],[37.28287,55.45177],[37.28838,55.45272],[37.28946,55.45266],[37.29037,55.45254],[37.29042,55.45263],[37.29153,55.45245],[37.29346,55.45556],[37.29381,55.45549],[37.29393,55.45566],[37.29404,55.45557],[37.29512,55.45498],[37.3018,55.45098],[37.30205,55.45087],[37.30253,55.45076],[37.30295,55.45074],[37.30512,55.4508],[37.3018,55.45575],[37.30425,55.46035],[37.30239,55.46118],[37.30515,55.46583],[37.30419,55.46638],[37.31395,55.47286],[37.31545,55.47216],[37.31755,55.47342],[37.32001,55.47501],[37.31998,55.47536],[37.31982,55.47555],[37.32556,55.47528],[37.33824,55.47451],[37.35251,55.4737],[37.35473,55.47356],[37.35435,55.47038],[37.34988,55.47041],[37.35095,55.46865],[37.34942,55.46851],[37.34761,55.46826],[37.3478,55.4674],[37.34612,55.46771],[37.34604,55.46815],[37.34553,55.46814],[37.34425,55.46815],[37.34298,55.46842],[37.34041,55.46877],[37.33982,55.467],[37.33747,55.46747],[37.33712,55.46596],[37.34013,55.46528],[37.34035,55.46452],[37.34239,55.46455],[37.34247,55.46473],[37.3429,55.46474],[37.34302,55.46472],[37.34398,55.46459],[37.34516,55.46425],[37.34653,55.46404],[37.3464,55.46389],[37.34528,55.46264],[37.34459,55.4627],[37.34417,55.46233],[37.34353,55.46254],[37.34114,55.46254],[37.33926,55.46229],[37.33947,55.4615],[37.33808,55.46103],[37.33894,55.45965],[37.33912,55.45884],[37.33859,55.45861],[37.33851,55.45782],[37.33756,55.45746],[37.33727,55.45672],[37.33673,55.45564],[37.33585,55.45497],[37.33511,55.4536],[37.33702,55.45328],[37.34488,55.45435],[37.34821,55.45481],[37.34837,55.45576],[37.34797,55.45731],[37.34957,55.45799],[37.34988,55.45886],[37.35099,55.45879],[37.35166,55.45906],[37.3534,55.45863],[37.35587,55.45849],[37.35676,55.45873],[37.35685,55.45865],[37.35846,55.45851],[37.35857,55.45808],[37.35876,55.45776],[37.35904,55.45738],[37.35933,55.45661],[37.35946,55.45633],[37.36037,55.45593],[37.3601,55.45573],[37.3602,55.45535],[37.35992,55.45528],[37.36005,55.45504],[37.36049,55.45512],[37.36084,55.45479],[37.36093,55.45472],[37.36202,55.4544],[37.36228,55.45458],[37.36254,55.45441],[37.36093,55.44438],[37.35851,55.44436],[37.35655,55.44328],[37.35726,55.44183],[37.35537,55.44179],[37.35546,55.44159],[37.35618,55.43996],[37.35712,55.43981],[37.35658,55.43821],[37.36223,55.43615],[37.3621,55.43569],[37.36129,55.4354],[37.35941,55.43474],[37.3551,55.43474],[37.35141,55.43295],[37.34932,55.43207],[37.34885,55.43287],[37.34704,55.43287],[37.34623,55.43424],[37.34488,55.4342],[37.34408,55.43527],[37.34334,55.43523],[37.34361,55.43325],[37.3426,55.43245],[37.34293,55.43096],[37.34172,55.42947],[37.34172,55.42768],[37.33688,55.4257],[37.33298,55.42326],[37.33023,55.42257],[37.32572,55.42032],[37.32545,55.41902],[37.32424,55.41879],[37.32128,55.40444],[37.32026,55.40421],[37.31752,55.4036],[37.3186,55.40097],[37.31678,55.40055],[37.31186,55.4008],[37.30421,55.40119],[37.30199,55.38626],[37.30353,55.38447],[37.30562,55.38336],[37.30293,55.38248],[37.30024,55.38023],[37.2999,55.3787],[37.30548,55.37813],[37.3077,55.37966],[37.3077,55.37889],[37.30999,55.37809],[37.31268,55.37461],[37.30992,55.37316],[37.30864,55.37328],[37.30293,55.36995],[37.30058,55.36991],[37.29849,55.37129],[37.2999,55.37213],[37.29984,55.37347],[37.29728,55.37316],[37.29661,55.37347],[37.29486,55.37247],[37.29379,55.37278],[37.29177,55.37102],[37.29076,55.3714],[37.28643,55.36894],[37.28223,55.36757],[37.27818,55.36684],[37.27424,55.36497],[37.27253,55.36438],[37.27205,55.36143],[37.27086,55.36022],[37.27162,55.35884],[37.26963,55.35889],[37.26853,55.35822],[37.26302,55.36097],[37.26097,55.3593],[37.25917,55.35908],[37.25955,55.35827],[37.2469,55.35886],[37.24376,55.36146],[37.23996,55.36008],[37.23544,55.35881],[37.23402,55.35808],[37.23297,55.35924],[37.2324,55.36308],[37.23316,55.3637],[37.23231,55.36484],[37.2325,55.36716],[37.23126,55.36792],[37.23388,55.36975],[37.23383,55.37059],[37.23459,55.37124],[37.23606,55.37097],[37.23949,55.37394],[37.23616,55.37581],[37.23136,55.37608],[37.23102,55.37633],[37.22351,55.38204],[37.22584,55.38442],[37.22408,55.38529],[37.22465,55.38612],[37.22359,55.38655],[37.22625,55.38857],[37.22668,55.38899],[37.22483,55.38962],[37.22742,55.3925],[37.23314,55.39464],[37.23431,55.39577],[37.23408,55.39819],[37.23694,55.39966],[37.23711,55.4015],[37.23573,55.40213],[37.23492,55.40806],[37.23374,55.4082],[37.23038,55.40976],[37.22924,55.40963],[37.22594,55.41186],[37.22591,55.41362],[37.2245,55.41346],[37.22073,55.41184],[37.21882,55.41623],[37.22204,55.41802],[37.22174,55.41856],[37.21704,55.41669],[37.21354,55.41627],[37.21223,55.41064],[37.21018,55.4115],[37.21048,55.41339],[37.20823,55.41352],[37.20819,55.41184],[37.20719,55.41201],[37.20722,55.41346],[37.2058,55.41348],[37.20577,55.4134],[37.20574,55.41207],[37.205,55.41211],[37.20433,55.41136],[37.20181,55.41161],[37.20009,55.41314],[37.19492,55.41465],[37.19532,55.4177],[37.19192,55.41984],[37.18967,55.41985],[37.19155,55.42178],[37.19192,55.42438],[37.1807,55.42644],[37.18002,55.42577],[37.17888,55.42581],[37.17743,55.42482],[37.15009,55.43896]]]}},{"type":"Feature","bbox":[37.6534884,55.6501701,37.7123792,55.7007415],"properties":{"scope":"district","name":"Нагатинский Затон","aoName":"Южный","unitType":"Муниципальный округ","okato":"45296573","oktmo":"45919000","type":"administrative","category":"boundary","display_name":"район Нагатинский Затон, Москва, Центральный федеральный округ, Россия","source":"OpenStreetMap / Nominatim","refreshedAt":"2026-09-17"},"geometry":{"type":"Polygon","coordinates":[[[37.6534884,55.6561824],[37.6537449,55.6544767],[37.6549799,55.6530897],[37.6605859,55.6501701],[37.6644751,55.6533749],[37.6698984,55.6562463],[37.6716027,55.6563638],[37.6723821,55.6619828],[37.6732404,55.6651055],[37.6750428,55.6676469],[37.6824243,55.6706239],[37.6874025,55.6711564],[37.6893415,55.6727019],[37.6907475,55.6732397],[37.7026565,55.6765772],[37.7047617,55.6773626],[37.71195,55.6813198],[37.7123792,55.6846586],[37.7121217,55.6884568],[37.7075727,55.6932705],[37.6947839,55.6953506],[37.6842701,55.6974223],[37.6790113,55.6981917],[37.6744855,55.6985085],[37.6729338,55.6996769],[37.6709548,55.7005007],[37.6672891,55.7007415],[37.6644865,55.680689],[37.661869,55.6693459],[37.6614042,55.6683995],[37.654416,55.659823],[37.6534884,55.6561824]]]}},{"type":"Feature","bbox":[37.1732656,55.9692435,37.2263746,55.9916558],"properties":{"scope":"district","name":"Старое Крюково","aoName":"Зеленоградский","unitType":"Муниципальный округ","okato":"45272576","oktmo":"45927000","type":"administrative","category":"boundary","display_name":"район Старое Крюково, Зеленоград, Москва, Центральный федеральный округ, Россия","source":"OpenStreetMap / Nominatim","refreshedAt":"2026-09-17"},"geometry":{"type":"Polygon","coordinates":[[[37.1732656,55.9804371],[37.1806561,55.9768417],[37.1869357,55.9746627],[37.2083247,55.9697722],[37.2085291,55.9700967],[37.2124004,55.9692435],[37.2131413,55.9701733],[37.2113032,55.9704557],[37.2117745,55.9732403],[37.2128397,55.9765963],[37.2149228,55.9760791],[37.2155578,55.9766825],[37.2170014,55.9759938],[37.2187735,55.9772412],[37.2177532,55.9777369],[37.2170506,55.9776682],[37.2189124,55.9803601],[37.2205147,55.9813061],[37.2218044,55.9816489],[37.2237548,55.9817069],[37.2247778,55.9812711],[37.2263746,55.9839157],[37.2249166,55.9849319],[37.2239721,55.9845542],[37.222719,55.9849239],[37.2185605,55.9853041],[37.2167166,55.9860466],[37.2168056,55.9864366],[37.2163136,55.9867874],[37.21336,55.9867546],[37.2107343,55.9871261],[37.20907,55.9878501],[37.2066288,55.9875411],[37.2031877,55.9885572],[37.2025605,55.988287],[37.2026814,55.9879807],[37.2014168,55.9880171],[37.2001468,55.9884171],[37.2002368,55.9886971],[37.2000168,55.9888271],[37.1996368,55.9887171],[37.1984706,55.989046],[37.1979387,55.988856],[37.1957154,55.9889794],[37.195453,55.9892851],[37.1956586,55.9900575],[37.1946902,55.9901292],[37.1938259,55.9910189],[37.1927059,55.9910589],[37.1921097,55.9916558],[37.1901487,55.9911238],[37.1893987,55.9911638],[37.1884087,55.9908138],[37.1851938,55.9903377],[37.178787,55.9833208],[37.177587,55.9824671],[37.1732656,55.9804371]]]}},{"type":"Feature","bbox":[37.23363,55.22072,37.42782,55.36894],"properties":{"scope":"district","name":"Клёновское","aoName":"Троицкий","unitType":"Поселение","okato":"45298558","oktmo":"45946000","type":"administrative","category":"boundary","display_name":"Клёновское, Троицкий административный округ, Москва, Россия","source":"GIS-Lab / OpenStreetMap"},"geometry":{"type":"Polygon","coordinates":[[[37.23363,55.29922],[37.23491,55.3023],[37.23669,55.30142],[37.23841,55.30157],[37.23955,55.30253],[37.23931,55.30524],[37.24103,55.30522],[37.24432,55.30767],[37.2455,55.30802],[37.24721,55.30721],[37.24927,55.3076],[37.2499,55.30911],[37.24842,55.30968],[37.24765,55.30936],[37.24634,55.31007],[37.24752,55.31073],[37.24611,55.31173],[37.24748,55.31313],[37.24449,55.31567],[37.24503,55.31682],[37.24318,55.31804],[37.24513,55.31896],[37.24604,55.31852],[37.24806,55.31934],[37.24715,55.32009],[37.24893,55.32061],[37.25095,55.31877],[37.25599,55.32085],[37.25384,55.32242],[37.25538,55.32319],[37.25525,55.32646],[37.25085,55.32904],[37.25222,55.32979],[37.25599,55.32745],[37.25908,55.32935],[37.25992,55.32893],[37.26053,55.32933],[37.25905,55.33101],[37.26049,55.33187],[37.26147,55.33118],[37.26258,55.33118],[37.26386,55.33197],[37.26493,55.33137],[37.26614,55.33143],[37.26708,55.33107],[37.26873,55.33233],[37.26876,55.3333],[37.27034,55.33285],[37.27152,55.33373],[37.27125,55.33445],[37.2733,55.33529],[37.27303,55.33981],[37.27182,55.34143],[37.27202,55.34296],[37.27018,55.34428],[37.2692,55.34774],[37.27159,55.34827],[37.27021,55.35017],[37.26839,55.34996],[37.26715,55.35129],[37.2696,55.35181],[37.26937,55.35261],[37.26722,55.35235],[37.26675,55.35368],[37.26308,55.35347],[37.26251,55.35414],[37.26332,55.35445],[37.26271,55.3559],[37.26117,55.35613],[37.26137,55.35739],[37.25999,55.35739],[37.25955,55.35827],[37.25917,55.35908],[37.26097,55.3593],[37.26302,55.36097],[37.26853,55.35822],[37.26963,55.35889],[37.27162,55.35884],[37.27086,55.36022],[37.27205,55.36143],[37.27253,55.36438],[37.27424,55.36497],[37.27818,55.36684],[37.28223,55.36757],[37.28643,55.36894],[37.28565,55.36671],[37.2837,55.36449],[37.28572,55.36369],[37.28518,55.36323],[37.28639,55.36288],[37.28673,55.36166],[37.28505,55.35929],[37.28726,55.35853],[37.28747,55.35761],[37.28619,55.35704],[37.28713,55.35604],[37.28713,55.35555],[37.28592,55.35547],[37.28578,55.3547],[37.28747,55.35451],[37.29137,55.35291],[37.28928,55.35142],[37.29076,55.35088],[37.29163,55.35176],[37.29332,55.35104],[37.29627,55.35409],[37.29661,55.35505],[37.29822,55.35478],[37.29856,55.35677],[37.30266,55.35658],[37.30414,55.357],[37.30811,55.35665],[37.31039,55.3583],[37.3108,55.35769],[37.31409,55.35792],[37.31362,55.35941],[37.31745,55.35834],[37.31375,55.35505],[37.31564,55.35448],[37.32424,55.35386],[37.32532,55.35321],[37.32512,55.35153],[37.32747,55.35149],[37.32834,55.35222],[37.33063,55.35276],[37.33419,55.35153],[37.33534,55.35314],[37.33769,55.35409],[37.33776,55.35555],[37.34011,55.35646],[37.33998,55.35799],[37.34119,55.35811],[37.34253,55.35738],[37.3426,55.35654],[37.34367,55.35581],[37.34542,55.35646],[37.34542,55.35707],[37.3467,55.35753],[37.3508,55.35604],[37.37749,55.36644],[37.37897,55.36586],[37.37655,55.3643],[37.37373,55.3643],[37.37003,55.3622],[37.37285,55.36074],[37.37084,55.35944],[37.3707,55.35837],[37.37292,55.35841],[37.37259,55.35551],[37.37077,55.35283],[37.37164,55.3523],[37.37433,55.35245],[37.37494,55.35149],[37.37796,55.35073],[37.38099,55.35172],[37.38375,55.35195],[37.38496,55.3513],[37.3867,55.35146],[37.3896,55.35061],[37.38576,55.34824],[37.38563,55.3466],[37.38724,55.34599],[37.39134,55.34538],[37.39289,55.34362],[37.3943,55.34308],[37.39699,55.34327],[37.39773,55.34274],[37.3978,55.34102],[37.39471,55.33922],[37.39585,55.33639],[37.39787,55.33544],[37.39793,55.33284],[37.39672,55.3318],[37.39518,55.3318],[37.39128,55.33352],[37.38899,55.33284],[37.38879,55.33176],[37.39054,55.32928],[37.38839,55.32767],[37.3896,55.32695],[37.39269,55.32783],[37.40089,55.32599],[37.41017,55.32289],[37.41118,55.32205],[37.40963,55.3204],[37.4142,55.31945],[37.41804,55.31708],[37.42389,55.31639],[37.42782,55.31473],[37.42234,55.31236],[37.42212,55.31204],[37.42213,55.31152],[37.41862,55.31157],[37.41465,55.31186],[37.40978,55.30942],[37.40698,55.31136],[37.40181,55.31298],[37.40034,55.31449],[37.39875,55.3152],[37.39669,55.31604],[37.39552,55.31494],[37.39441,55.31544],[37.38946,55.31628],[37.3846,55.31652],[37.38273,55.31679],[37.38454,55.31543],[37.38627,55.31456],[37.38633,55.31404],[37.38792,55.31217],[37.38987,55.31222],[37.38965,55.31117],[37.39044,55.3112],[37.39074,55.31036],[37.39142,55.30959],[37.39318,55.30961],[37.39365,55.30788],[37.39507,55.30807],[37.39539,55.30737],[37.39266,55.30662],[37.39143,55.30406],[37.38996,55.30254],[37.39003,55.30228],[37.3915,55.30139],[37.39251,55.29952],[37.39752,55.30133],[37.39926,55.30102],[37.39945,55.30169],[37.40271,55.30058],[37.40407,55.30049],[37.40409,55.29845],[37.40301,55.29777],[37.40286,55.29653],[37.4036,55.29614],[37.40491,55.29679],[37.40642,55.29623],[37.40701,55.2967],[37.40806,55.29619],[37.4091,55.29667],[37.41031,55.29601],[37.4109,55.29626],[37.41323,55.29359],[37.41198,55.29318],[37.41216,55.29279],[37.40857,55.29191],[37.40972,55.29017],[37.41151,55.29066],[37.41202,55.29044],[37.41442,55.2905],[37.41657,55.29092],[37.41783,55.29145],[37.41799,55.29128],[37.418,55.29107],[37.41715,55.29099],[37.41626,55.29057],[37.41663,55.29017],[37.41523,55.29003],[37.41545,55.2865],[37.41419,55.28361],[37.41283,55.28222],[37.41091,55.27874],[37.41163,55.27863],[37.41161,55.27856],[37.40956,55.27127],[37.40927,55.27026],[37.40662,55.26084],[37.40654,55.26003],[37.40651,55.25968],[37.40647,55.25921],[37.40599,55.25587],[37.40585,55.25472],[37.40577,55.25413],[37.40532,55.25058],[37.40038,55.25009],[37.39595,55.24914],[37.38512,55.24681],[37.37623,55.24476],[37.36765,55.24268],[37.36586,55.24225],[37.36313,55.24159],[37.35186,55.23863],[37.34657,55.23847],[37.33885,55.23824],[37.33441,55.23804],[37.33505,55.2375],[37.33498,55.2374],[37.33339,55.22867],[37.32681,55.22901],[37.32033,55.22864],[37.31666,55.22829],[37.31699,55.22657],[37.31782,55.22272],[37.31697,55.22072],[37.30928,55.22224],[37.30686,55.22298],[37.30378,55.22395],[37.30085,55.22453],[37.30008,55.22723],[37.29992,55.23061],[37.30433,55.23184],[37.30666,55.2317],[37.30505,55.23427],[37.305,55.23581],[37.30521,55.23818],[37.30699,55.24012],[37.30298,55.2429],[37.29446,55.24238],[37.29102,55.24859],[37.28512,55.25176],[37.28116,55.25382],[37.27562,55.25671],[37.27156,55.25882],[37.26799,55.26088],[37.26248,55.26222],[37.26342,55.26383],[37.26369,55.26563],[37.26275,55.26644],[37.25649,55.28869],[37.25609,55.28919],[37.25501,55.28919],[37.25461,55.29198],[37.25313,55.29194],[37.253,55.2937],[37.25024,55.29378],[37.25017,55.29175],[37.24587,55.29255],[37.2456,55.29374],[37.24345,55.29405],[37.24258,55.29405],[37.23962,55.29244],[37.23592,55.29221],[37.23478,55.29309],[37.23575,55.29349],[37.23447,55.29456],[37.23595,55.29529],[37.2341,55.29644],[37.23565,55.29757],[37.23481,55.29881],[37.23363,55.29922]]]}},{"type":"Feature","bbox":[37.4962542,55.8728271,37.5519785,55.9075674],"properties":{"scope":"district","name":"Дмитровский","aoName":"Северный","unitType":"Муниципальный округ","okato":"45277574","oktmo":"45339000","type":"administrative","category":"boundary","display_name":"Дмитровский район, Москва, Центральный федеральный округ, Россия","source":"OpenStreetMap / Nominatim","refreshedAt":"2026-09-17"},"geometry":{"type":"Polygon","coordinates":[[[37.4962542,55.8924795],[37.4975745,55.8912921],[37.5020458,55.8890345],[37.5060167,55.886091],[37.508936,55.8879612],[37.5116685,55.8892942],[37.5262565,55.8750967],[37.5296582,55.8728271],[37.5306414,55.8733257],[37.5308572,55.8730867],[37.5318269,55.8734195],[37.5308345,55.874506],[37.5341007,55.8753079],[37.5337411,55.8761145],[37.5462771,55.8783185],[37.5436837,55.8827811],[37.5431818,55.8849029],[37.5430448,55.8872354],[37.5507976,55.88731],[37.5509618,55.8906194],[37.5503422,55.8906296],[37.55031,55.8917186],[37.5511898,55.8918389],[37.5513014,55.8927226],[37.5516028,55.8928671],[37.5515159,55.8972765],[37.5519785,55.8977748],[37.5428854,55.9011424],[37.5411696,55.9020266],[37.5383126,55.9044282],[37.5368342,55.9071173],[37.5363206,55.9075674],[37.5279378,55.906015],[37.5244518,55.9049172],[37.4962542,55.8924795]]]}},{"type":"Feature","bbox":[37.24743,55.5383,37.40605,55.59927],"properties":{"scope":"district","name":"Филимонковское","aoName":"Новомосковский","unitType":"Поселение","okato":"45297577","oktmo":"45959000","type":"administrative","category":"boundary","display_name":"Филимонковское, Новомосковский административный округ, Москва, Россия","source":"GIS-Lab / OpenStreetMap"},"geometry":{"type":"Polygon","coordinates":[[[37.24743,55.57115],[37.25621,55.57327],[37.25756,55.57332],[37.25781,55.57333],[37.25827,55.57336],[37.25884,55.5734],[37.25931,55.57343],[37.26242,55.5736],[37.26276,55.57362],[37.26276,55.57376],[37.26295,55.57381],[37.26352,55.57393],[37.26301,55.57439],[37.26255,55.5746],[37.26249,55.57471],[37.26232,55.57506],[37.2623,55.5751],[37.26182,55.57549],[37.26204,55.57551],[37.26534,55.5759],[37.26566,55.57589],[37.26615,55.57599],[37.26691,55.57627],[37.26715,55.57738],[37.26658,55.57862],[37.2634,55.58106],[37.2679,55.5843],[37.2672,55.58496],[37.26656,55.58587],[37.26621,55.58578],[37.26586,55.58623],[37.26575,55.58629],[37.2689,55.58702],[37.26891,55.58706],[37.2706,55.5875],[37.2707,55.58758],[37.27382,55.58844],[37.27616,55.58908],[37.27752,55.58938],[37.27822,55.58961],[37.28087,55.59032],[37.28403,55.59111],[37.29307,55.59338],[37.29516,55.59393],[37.29923,55.595],[37.30342,55.5961],[37.30678,55.59698],[37.31074,55.59793],[37.31284,55.59853],[37.31376,55.59878],[37.31465,55.59903],[37.31595,55.59856],[37.31871,55.59927],[37.31986,55.5974],[37.3194,55.59636],[37.31577,55.59545],[37.3133,55.59325],[37.3088,55.59142],[37.30918,55.58956],[37.31304,55.58832],[37.31413,55.58751],[37.31978,55.58756],[37.32325,55.58416],[37.32864,55.58481],[37.32927,55.58451],[37.33209,55.58474],[37.32907,55.5876],[37.33158,55.58952],[37.33167,55.58942],[37.33143,55.58895],[37.33177,55.58871],[37.33179,55.58837],[37.33217,55.58831],[37.33299,55.58838],[37.33308,55.58824],[37.33281,55.58796],[37.33299,55.58784],[37.33425,55.58731],[37.33457,55.58745],[37.33484,55.58736],[37.33492,55.58727],[37.33466,55.58715],[37.33503,55.58686],[37.33635,55.58709],[37.33828,55.58644],[37.33938,55.58548],[37.3402,55.58381],[37.34006,55.58255],[37.33996,55.58122],[37.34165,55.58172],[37.3428,55.58215],[37.34242,55.58273],[37.34383,55.58323],[37.34272,55.58531],[37.34577,55.58615],[37.34653,55.58488],[37.34829,55.58387],[37.35,55.58464],[37.35051,55.58405],[37.35223,55.58314],[37.35343,55.58217],[37.35572,55.58313],[37.35682,55.58461],[37.35726,55.58422],[37.3581,55.58332],[37.36024,55.58211],[37.36596,55.58036],[37.37002,55.57863],[37.37152,55.57796],[37.37407,55.57733],[37.37623,55.57653],[37.37667,55.57624],[37.37444,55.57592],[37.37466,55.57534],[37.37335,55.57364],[37.37333,55.57226],[37.37226,55.57057],[37.37262,55.57021],[37.37187,55.5693],[37.36827,55.56716],[37.36907,55.56649],[37.37084,55.56709],[37.37239,55.56798],[37.37441,55.56904],[37.37554,55.56868],[37.37668,55.56831],[37.3763,55.56696],[37.37624,55.56675],[37.376,55.56552],[37.37593,55.56503],[37.37585,55.56457],[37.37738,55.56421],[37.37868,55.56401],[37.37829,55.56369],[37.37838,55.56364],[37.37698,55.56192],[37.3787,55.56177],[37.37885,55.56178],[37.37924,55.5622],[37.3817,55.5616],[37.38441,55.56093],[37.38431,55.56081],[37.38455,55.5607],[37.38478,55.5601],[37.38732,55.55931],[37.3881,55.55908],[37.38904,55.55883],[37.38907,55.55842],[37.3891,55.55837],[37.38941,55.55789],[37.38943,55.55731],[37.38942,55.55684],[37.39087,55.55672],[37.39339,55.55595],[37.39406,55.55566],[37.39275,55.55461],[37.39221,55.55364],[37.39647,55.55252],[37.39736,55.55332],[37.39923,55.55266],[37.39894,55.55207],[37.40075,55.55162],[37.39916,55.54991],[37.4003,55.54918],[37.40305,55.54885],[37.40401,55.54906],[37.40396,55.54948],[37.40505,55.54905],[37.40605,55.54669],[37.40396,55.54409],[37.40218,55.54156],[37.40151,55.54124],[37.40011,55.54028],[37.3993,55.54075],[37.39897,55.54088],[37.39763,55.54181],[37.39736,55.542],[37.39736,55.54247],[37.39755,55.5432],[37.39747,55.54414],[37.39621,55.54444],[37.39511,55.54463],[37.3935,55.54452],[37.39198,55.54413],[37.39169,55.54411],[37.39061,55.54429],[37.38984,55.54447],[37.38973,55.54508],[37.3897,55.54523],[37.38844,55.5459],[37.38725,55.54605],[37.38685,55.54561],[37.38529,55.54586],[37.3847,55.54527],[37.38302,55.54531],[37.38162,55.54573],[37.37675,55.54678],[37.37495,55.54648],[37.37102,55.54761],[37.36956,55.54801],[37.36573,55.5485],[37.36487,55.54763],[37.35786,55.54948],[37.35736,55.54925],[37.35672,55.54875],[37.35576,55.54941],[37.35408,55.55034],[37.35362,55.55048],[37.35315,55.55004],[37.35239,55.54907],[37.35213,55.54799],[37.35181,55.54738],[37.35139,55.54733],[37.35053,55.54723],[37.34918,55.54707],[37.34859,55.5472],[37.3475,55.54737],[37.34689,55.54731],[37.34464,55.54708],[37.34356,55.54704],[37.34295,55.54655],[37.34235,55.54606],[37.34203,55.54487],[37.34142,55.54441],[37.33984,55.54313],[37.33839,55.54214],[37.33607,55.54064],[37.33358,55.53974],[37.33331,55.53964],[37.33064,55.53938],[37.32874,55.53991],[37.32756,55.53849],[37.32369,55.5386],[37.32166,55.53838],[37.32078,55.5383],[37.31892,55.53844],[37.31801,55.53943],[37.31366,55.53912],[37.31264,55.54157],[37.3118,55.54163],[37.31121,55.54265],[37.3115,55.54275],[37.31148,55.5435],[37.3113,55.54373],[37.30451,55.54245],[37.30293,55.54315],[37.29675,55.54439],[37.29323,55.54436],[37.2884,55.54409],[37.28637,55.54353],[37.2876,55.54181],[37.28955,55.53996],[37.28242,55.53865],[37.28114,55.54167],[37.28041,55.54341],[37.27926,55.54335],[37.2751,55.54255],[37.27293,55.54196],[37.27188,55.5416],[37.27071,55.54176],[37.26807,55.54378],[37.26884,55.54414],[37.26784,55.54462],[37.26846,55.54521],[37.2696,55.54508],[37.26921,55.54623],[37.26776,55.54617],[37.27081,55.5486],[37.27136,55.54997],[37.27305,55.55054],[37.27363,55.5508],[37.27618,55.5514],[37.27849,55.55205],[37.27876,55.55221],[37.27921,55.55276],[37.28018,55.55344],[37.28117,55.55393],[37.28446,55.55353],[37.28834,55.55293],[37.28888,55.55181],[37.29259,55.55227],[37.29324,55.55235],[37.29612,55.55246],[37.29899,55.55253],[37.29808,55.55431],[37.2998,55.55575],[37.30358,55.55675],[37.30236,55.5573],[37.30287,55.55827],[37.30297,55.55867],[37.30304,55.55927],[37.30061,55.56122],[37.29763,55.56166],[37.2953,55.55872],[37.29504,55.55821],[37.2945,55.55801],[37.2941,55.55802],[37.29339,55.55777],[37.29302,55.5579],[37.29259,55.55828],[37.29244,55.55842],[37.29213,55.55841],[37.29194,55.55823],[37.29162,55.5581],[37.2912,55.55814],[37.29093,55.55832],[37.29082,55.55857],[37.29119,55.55891],[37.29046,55.5592],[37.2903,55.55943],[37.29033,55.55979],[37.2905,55.55996],[37.29122,55.55999],[37.29146,55.56048],[37.29091,55.56081],[37.29042,55.56094],[37.28991,55.56059],[37.28942,55.56051],[37.28743,55.56034],[37.28595,55.55993],[37.28261,55.56003],[37.28252,55.56053],[37.28354,55.56083],[37.28411,55.56231],[37.28632,55.56232],[37.28652,55.56145],[37.28852,55.56182],[37.28863,55.56186],[37.28879,55.56189],[37.28887,55.56212],[37.28867,55.56244],[37.28864,55.56263],[37.28846,55.56276],[37.28819,55.56285],[37.28782,55.56282],[37.28765,55.56275],[37.28756,55.56267],[37.28679,55.56254],[37.28638,55.5627],[37.28596,55.56298],[37.28588,55.56304],[37.28527,55.56287],[37.28474,55.56312],[37.28426,55.56309],[37.28407,55.56313],[37.28375,55.56305],[37.28292,55.56285],[37.28272,55.56289],[37.28275,55.56302],[37.28313,55.56315],[37.28315,55.56326],[37.28295,55.56341],[37.28266,55.56347],[37.28237,55.56336],[37.28193,55.56298],[37.28143,55.5631],[37.2812,55.56329],[37.28083,55.56307],[37.28058,55.56323],[37.28031,55.56311],[37.27954,55.56337],[37.27881,55.56304],[37.27814,55.56294],[37.27728,55.56281],[37.27627,55.56266],[37.27554,55.56256],[37.27468,55.56243],[37.27396,55.56203],[37.27386,55.55947],[37.2712,55.56004],[37.27098,55.55915],[37.27074,55.55854],[37.2692,55.55874],[37.26743,55.55888],[37.26686,55.55836],[37.26579,55.55606],[37.26406,55.55472],[37.26315,55.55524],[37.26312,55.55526],[37.26223,55.5558],[37.26077,55.55618],[37.25999,55.557],[37.25661,55.55755],[37.25637,55.55855],[37.25548,55.56001],[37.25455,55.5606],[37.25358,55.56263],[37.25512,55.56364],[37.25204,55.56437],[37.25012,55.56376],[37.24962,55.56395],[37.24931,55.56473],[37.24886,55.5652],[37.24832,55.56558],[37.2477,55.56642],[37.24756,55.56681],[37.24803,55.56778],[37.24811,55.56834],[37.248,55.56902],[37.24743,55.57115]]]}},{"type":"Feature","bbox":[37.2399693,55.4419996,37.4553653,55.5617234],"properties":{"scope":"district","name":"Троицк","aoName":"Троицкий","unitType":"Городской округ","okato":"45298578","oktmo":"45931000","type":"administrative","category":"boundary","display_name":"район Троицк, Москва, Центральный федеральный округ, Россия","source":"OpenStreetMap / Nominatim","refreshedAt":"2026-09-17"},"geometry":{"type":"Polygon","coordinates":[[[37.2399693,55.4992816],[37.2415934,55.4976305],[37.243444,55.49726],[37.245045,55.497401],[37.2462445,55.4972142],[37.2470823,55.4966573],[37.2469313,55.4949485],[37.2490537,55.493562],[37.2520746,55.4930149],[37.2520908,55.4926501],[37.2506493,55.492329],[37.2511795,55.4912418],[37.2523905,55.4899388],[37.2529646,55.4889273],[37.2530926,55.4866751],[37.2552048,55.486147],[37.255405,55.4848243],[37.2584001,55.4848455],[37.2584,55.4831334],[37.2547732,55.4830818],[37.2547612,55.4816433],[37.2577381,55.4816428],[37.2610226,55.4804497],[37.2597268,55.4781182],[37.2599188,55.4769778],[37.2597902,55.4751781],[37.2644245,55.4626104],[37.2655548,55.4618214],[37.2671605,55.4618227],[37.2683911,55.4612305],[37.2673037,55.4604283],[37.2664283,55.4604276],[37.2643666,55.4587669],[37.2640555,55.4581077],[37.2649639,55.4574299],[37.2667249,55.4567843],[37.266961,55.4566128],[37.2668662,55.4564264],[37.2676508,55.4562349],[37.2688959,55.4553108],[37.2691632,55.4523302],[37.2688144,55.4520999],[37.2684759,55.4501445],[37.2684786,55.4496299],[37.269106,55.4489057],[37.2687467,55.4454548],[37.2700549,55.4429616],[37.2758308,55.4427909],[37.278797,55.4431869],[37.2886577,55.4419996],[37.2887755,55.4438581],[37.2893226,55.4449606],[37.2908557,55.4509929],[37.2934637,55.4555593],[37.2942087,55.4555373],[37.3018033,55.4509768],[37.3029483,55.4507371],[37.3051173,55.4507976],[37.3070698,55.4518623],[37.3117864,55.4528613],[37.3118116,55.4566935],[37.3178622,55.4569915],[37.3256193,55.4557992],[37.3274156,55.4561994],[37.3281553,55.4552328],[37.3362513,55.4531535],[37.3515992,55.4519658],[37.3713843,55.4478643],[37.3727168,55.4499159],[37.3745434,55.4498542],[37.3757657,55.4513303],[37.3767946,55.4513286],[37.3770309,55.4518512],[37.3782832,55.4516781],[37.3786694,55.4521101],[37.3799247,55.4517876],[37.3802654,55.4520103],[37.3844749,55.4512963],[37.3865797,55.4523232],[37.3879022,55.4535718],[37.3868338,55.4540843],[37.3869164,55.4546912],[37.3864296,55.4550833],[37.3864742,55.4559248],[37.3836378,55.4570306],[37.3843227,55.4578768],[37.3852378,55.4572825],[37.3876604,55.456687],[37.3887682,55.4571004],[37.3914592,55.4600073],[37.3942065,55.4631642],[37.3924964,55.4641254],[37.3918762,55.4656569],[37.3910316,55.4666742],[37.3945731,55.4690068],[37.3994519,55.4684893],[37.4027853,55.4684995],[37.4003774,55.4669892],[37.4050761,55.4650821],[37.4076272,55.4650853],[37.4112571,55.4629321],[37.4122044,55.4656282],[37.4157164,55.4661543],[37.4196233,55.4687008],[37.4210819,55.4683775],[37.4245489,55.4698473],[37.429091,55.4694207],[37.429736,55.4717742],[37.4286862,55.4734458],[37.4262247,55.475893],[37.4271003,55.4762609],[37.4284714,55.475886],[37.4322319,55.4762306],[37.4345242,55.4768387],[37.4388297,55.4787126],[37.4391728,55.479488],[37.4446378,55.4821179],[37.4458409,55.4836494],[37.4473873,55.4871037],[37.4439682,55.4880048],[37.4444937,55.4885804],[37.4481219,55.4876497],[37.4474941,55.4882321],[37.4454505,55.4887643],[37.4453082,55.4904583],[37.4457991,55.49092],[37.448813,55.4898861],[37.4546266,55.4940783],[37.4545499,55.4945356],[37.4553653,55.4954545],[37.4550992,55.4959796],[37.4537259,55.4963686],[37.4508506,55.495615],[37.4496661,55.4959213],[37.4488851,55.4979244],[37.4482383,55.4981537],[37.4474329,55.4991604],[37.4460159,55.4997301],[37.4436936,55.5001219],[37.441177,55.5013618],[37.441213,55.5018855],[37.4408639,55.5019884],[37.4391084,55.5021163],[37.4379775,55.500746],[37.4375772,55.5005577],[37.4369315,55.5004968],[37.4348361,55.5010558],[37.4325482,55.5023808],[37.4329672,55.5032128],[37.432088,55.5040449],[37.4328167,55.5056828],[37.4292307,55.5056954],[37.4288698,55.5042819],[37.4243073,55.5041516],[37.4241482,55.5046543],[37.4215318,55.5047874],[37.4211168,55.5057532],[37.4204807,55.5064221],[37.4178199,55.5067027],[37.41561,55.5058906],[37.4151532,55.5048012],[37.4158218,55.5034585],[37.4167147,55.5023822],[37.4182221,55.5017847],[37.4178058,55.5011254],[37.4149987,55.5018865],[37.4136507,55.5019432],[37.4099209,55.5011816],[37.4082346,55.5005751],[37.4049147,55.5016587],[37.4090837,55.5047936],[37.4098453,55.50846],[37.4076211,55.5091332],[37.4064697,55.5097503],[37.4054576,55.5090196],[37.4043801,55.5096411],[37.4053129,55.5100634],[37.4065672,55.5123939],[37.4077353,55.5138947],[37.409002,55.5139111],[37.4088694,55.5127448],[37.4136498,55.5116461],[37.413669,55.5112186],[37.4146307,55.5115262],[37.4166602,55.5113861],[37.416858,55.5124072],[37.4135057,55.5123952],[37.4126044,55.5129298],[37.4117891,55.5152333],[37.4112998,55.5159525],[37.4094716,55.516108],[37.406725,55.5159428],[37.4055835,55.5164482],[37.4050513,55.5168272],[37.4053088,55.5172549],[37.4071971,55.5184405],[37.4073259,55.5188195],[37.4071113,55.5192957],[37.4041072,55.521079],[37.4032918,55.5212879],[37.401189,55.5211276],[37.3996698,55.5207049],[37.3990689,55.5203356],[37.3988055,55.5197675],[37.3973857,55.520143],[37.3968425,55.5205847],[37.3965482,55.5222898],[37.3965003,55.526576],[37.394292,55.5265723],[37.3897461,55.5284929],[37.3900358,55.5313625],[37.390652,55.5329538],[37.3921437,55.5351254],[37.3948303,55.5372376],[37.3968023,55.5383099],[37.4122417,55.5444781],[37.4071636,55.5484109],[37.4080255,55.5495705],[37.4007463,55.5516179],[37.3922076,55.5536352],[37.3927487,55.5546085],[37.3940581,55.5556634],[37.3888778,55.5571341],[37.3885022,55.5575493],[37.3890656,55.5584231],[37.3890365,55.5588264],[37.3874979,55.5591553],[37.3872699,55.558943],[37.3847603,55.5598759],[37.3845063,55.5602965],[37.3787661,55.5617234],[37.3784955,55.561167],[37.3764655,55.5614836],[37.3679583,55.5556337],[37.3675604,55.5538144],[37.3676701,55.5525386],[37.3680512,55.551567],[37.3697549,55.5511174],[37.3687282,55.5489356],[37.365726,55.5484953],[37.3648737,55.5476258],[37.3578643,55.5494846],[37.3567237,55.5487515],[37.3536216,55.5504778],[37.3523947,55.5490697],[37.3518053,55.5473838],[37.3491813,55.5470703],[37.347498,55.5473718],[37.3435601,55.5470448],[37.3423528,55.5460623],[37.3420311,55.5448712],[37.3398426,55.5431331],[37.3360651,55.5406375],[37.3333116,55.5396367],[37.330645,55.5393836],[37.3287443,55.5399131],[37.3275629,55.5384916],[37.3236869,55.5385989],[37.3207819,55.5383001],[37.3189191,55.5384435],[37.3180069,55.5394311],[37.313656,55.5391211],[37.3126424,55.5415746],[37.3117952,55.5416277],[37.3112101,55.5426504],[37.3115035,55.5427484],[37.3113041,55.5437288],[37.3045139,55.5424474],[37.2980889,55.5393236],[37.2997324,55.5301907],[37.2934971,55.5290951],[37.2840337,55.5256569],[37.2739283,55.5209317],[37.2716601,55.522177],[37.2703955,55.5190894],[37.2719509,55.5185639],[37.273414,55.5175541],[37.2729864,55.5160883],[37.2724294,55.515415],[37.2724581,55.5108751],[37.2719386,55.510213],[37.270101,55.5089849],[37.2705919,55.5085732],[37.2698584,55.5080477],[37.269847,55.5074464],[37.2705632,55.5066408],[37.2691672,55.505698],[37.2679359,55.5061743],[37.2659748,55.5051805],[37.2611978,55.5045761],[37.2556509,55.5034238],[37.2539498,55.5042583],[37.2511332,55.5029515],[37.2497086,55.5018149],[37.2484927,55.4998117],[37.2466151,55.4978099],[37.2440437,55.4978052],[37.242196,55.4981115],[37.2399693,55.4992816]]]}},{"type":"Feature","bbox":[37.4557187,55.608273,37.5204897,55.6494605],"properties":{"scope":"district","name":"Тёплый Стан","aoName":"Юго-Западный","unitType":"Муниципальный округ","okato":"45293586","oktmo":"45907000","type":"administrative","category":"boundary","display_name":"район Тёплый Стан, Москва, Центральный федеральный округ, Россия","source":"OpenStreetMap / Nominatim","refreshedAt":"2026-09-17"},"geometry":{"type":"Polygon","coordinates":[[[37.4557187,55.6370488],[37.4560027,55.636875],[37.4579587,55.637385],[37.4607823,55.6370638],[37.4644825,55.6336958],[37.4659737,55.633139],[37.466833,55.6323657],[37.4674921,55.6313616],[37.4693924,55.6297153],[37.481533,55.6193081],[37.4876936,55.6143544],[37.4888953,55.6132759],[37.4890191,55.6124443],[37.4891195,55.6107224],[37.487842,55.6083904],[37.4883331,55.608273],[37.4893164,55.6095161],[37.490601,55.6104479],[37.4999752,55.6154947],[37.5046081,55.6188216],[37.5170982,55.6296323],[37.5204897,55.6343014],[37.5149052,55.6357834],[37.4869566,55.6466385],[37.4824662,55.6494605],[37.4557187,55.6370488]]]}},{"type":"Feature","bbox":[37.2837,55.31473,37.47054,55.45441],"properties":{"scope":"district","name":"Щаповское","aoName":"Троицкий","unitType":"Поселение","okato":"45298583","oktmo":"45961000","type":"administrative","category":"boundary","display_name":"Щаповское, Троицкий административный округ, Москва, Россия","source":"GIS-Lab / OpenStreetMap"},"geometry":{"type":"Polygon","coordinates":[[[37.2837,55.36449],[37.28565,55.36671],[37.28643,55.36894],[37.29076,55.3714],[37.29177,55.37102],[37.29379,55.37278],[37.29486,55.37247],[37.29661,55.37347],[37.29728,55.37316],[37.29984,55.37347],[37.2999,55.37213],[37.29849,55.37129],[37.30058,55.36991],[37.30293,55.36995],[37.30864,55.37328],[37.30992,55.37316],[37.31268,55.37461],[37.30999,55.37809],[37.3077,55.37889],[37.3077,55.37966],[37.30548,55.37813],[37.2999,55.3787],[37.30024,55.38023],[37.30293,55.38248],[37.30562,55.38336],[37.30353,55.38447],[37.30199,55.38626],[37.30421,55.40119],[37.31186,55.4008],[37.31678,55.40055],[37.3186,55.40097],[37.31752,55.4036],[37.32026,55.40421],[37.32128,55.40444],[37.32424,55.41879],[37.32545,55.41902],[37.32572,55.42032],[37.33023,55.42257],[37.33298,55.42326],[37.33688,55.4257],[37.34172,55.42768],[37.34172,55.42947],[37.34293,55.43096],[37.3426,55.43245],[37.34361,55.43325],[37.34334,55.43523],[37.34408,55.43527],[37.34488,55.4342],[37.34623,55.43424],[37.34704,55.43287],[37.34885,55.43287],[37.34932,55.43207],[37.35141,55.43295],[37.3551,55.43474],[37.35941,55.43474],[37.36129,55.4354],[37.3621,55.43569],[37.36223,55.43615],[37.35658,55.43821],[37.35712,55.43981],[37.35618,55.43996],[37.35546,55.44159],[37.35537,55.44179],[37.35726,55.44183],[37.35655,55.44328],[37.35851,55.44436],[37.36093,55.44438],[37.36254,55.45441],[37.36384,55.45345],[37.36476,55.45362],[37.3659,55.45285],[37.36669,55.45306],[37.36863,55.4539],[37.36967,55.45419],[37.36981,55.45412],[37.37054,55.45375],[37.3706,55.45363],[37.37095,55.45318],[37.37136,55.45277],[37.37198,55.45285],[37.37668,55.45295],[37.37859,55.45313],[37.38234,55.45284],[37.38448,55.45291],[37.38658,55.45232],[37.38449,55.45115],[37.38092,55.45161],[37.37745,55.45166],[37.37712,55.45123],[37.37636,55.45112],[37.37493,55.44959],[37.37303,55.44953],[37.37212,55.44765],[37.37412,55.44552],[37.37702,55.4457],[37.37864,55.44651],[37.388,55.44667],[37.39067,55.44446],[37.39062,55.44255],[37.39518,55.44276],[37.39894,55.44581],[37.40098,55.44449],[37.39651,55.44042],[37.39637,55.44015],[37.39209,55.43761],[37.38967,55.43783],[37.38848,55.43845],[37.38715,55.43845],[37.38734,55.43465],[37.42737,55.43287],[37.42666,55.42723],[37.43074,55.42936],[37.4346,55.42688],[37.43269,55.42604],[37.43122,55.42669],[37.42799,55.42537],[37.42918,55.42437],[37.43312,55.42364],[37.4345,55.42156],[37.43431,55.41954],[37.43507,55.41954],[37.43531,55.42102],[37.43954,55.42078],[37.4402,55.41876],[37.43735,55.41538],[37.43773,55.41428],[37.43906,55.41422],[37.44035,55.41495],[37.4422,55.41411],[37.4433,55.4146],[37.44463,55.41374],[37.44857,55.41495],[37.44843,55.41533],[37.45114,55.4163],[37.45147,55.41482],[37.45409,55.41325],[37.45613,55.41229],[37.45827,55.41241],[37.45998,55.41331],[37.46348,55.41304],[37.46581,55.41298],[37.46669,55.41285],[37.46729,55.41257],[37.46781,55.41204],[37.46726,55.41094],[37.46559,55.40902],[37.46601,55.40837],[37.46896,55.40678],[37.46206,55.40487],[37.46338,55.40265],[37.46095,55.40157],[37.46131,55.39941],[37.46752,55.3997],[37.46852,55.39904],[37.4639,55.39865],[37.46399,55.39802],[37.46445,55.39719],[37.46521,55.39659],[37.46539,55.39592],[37.46805,55.3924],[37.4685,55.39197],[37.47054,55.39003],[37.46393,55.38823],[37.46705,55.38469],[37.46927,55.37982],[37.46449,55.37664],[37.4675,55.37129],[37.4666,55.37033],[37.46547,55.36919],[37.46218,55.36768],[37.46096,55.36973],[37.46003,55.37024],[37.45983,55.37056],[37.45891,55.37132],[37.45873,55.37196],[37.45835,55.37211],[37.45825,55.37249],[37.45833,55.37285],[37.4578,55.37296],[37.45681,55.37398],[37.45712,55.37462],[37.45675,55.37463],[37.45599,55.3753],[37.45594,55.37727],[37.45563,55.37724],[37.45478,55.37854],[37.45465,55.37903],[37.45426,55.37929],[37.45437,55.37964],[37.45432,55.37994],[37.4537,55.38033],[37.45257,55.38017],[37.449,55.3816],[37.44711,55.38117],[37.44549,55.3774],[37.44552,55.37597],[37.44513,55.37505],[37.44432,55.37457],[37.44358,55.37458],[37.44283,55.37448],[37.44174,55.37427],[37.44088,55.37407],[37.43988,55.37408],[37.4386,55.37459],[37.43823,55.37455],[37.4353,55.37279],[37.43512,55.37179],[37.43448,55.37079],[37.4342,55.37003],[37.43307,55.36944],[37.42933,55.3688],[37.43125,55.36764],[37.43091,55.36738],[37.43141,55.36715],[37.42995,55.3651],[37.4285,55.36509],[37.42853,55.36488],[37.42757,55.36465],[37.44309,55.35292],[37.44278,55.3529],[37.44031,55.35269],[37.44103,55.35195],[37.41993,55.35132],[37.41966,55.35062],[37.42092,55.34946],[37.42232,55.34637],[37.42286,55.34321],[37.42158,55.34255],[37.42053,55.34245],[37.41958,55.34204],[37.41729,55.34189],[37.416,55.34153],[37.41485,55.34101],[37.41425,55.34129],[37.41355,55.34081],[37.41379,55.34037],[37.41271,55.3401],[37.41087,55.3392],[37.41057,55.33934],[37.41003,55.3393],[37.41021,55.33887],[37.40913,55.33843],[37.40837,55.33787],[37.40584,55.33646],[37.40511,55.33653],[37.40521,55.33615],[37.40585,55.33501],[37.40791,55.33382],[37.41073,55.33257],[37.41429,55.33184],[37.41523,55.33117],[37.41533,55.33059],[37.42084,55.32892],[37.42291,55.32393],[37.42475,55.32249],[37.42415,55.32174],[37.4241,55.32153],[37.42469,55.32063],[37.42491,55.31722],[37.42782,55.31473],[37.42389,55.31639],[37.41804,55.31708],[37.4142,55.31945],[37.40963,55.3204],[37.41118,55.32205],[37.41017,55.32289],[37.40089,55.32599],[37.39269,55.32783],[37.3896,55.32695],[37.38839,55.32767],[37.39054,55.32928],[37.38879,55.33176],[37.38899,55.33284],[37.39128,55.33352],[37.39518,55.3318],[37.39672,55.3318],[37.39793,55.33284],[37.39787,55.33544],[37.39585,55.33639],[37.39471,55.33922],[37.3978,55.34102],[37.39773,55.34274],[37.39699,55.34327],[37.3943,55.34308],[37.39289,55.34362],[37.39134,55.34538],[37.38724,55.34599],[37.38563,55.3466],[37.38576,55.34824],[37.3896,55.35061],[37.3867,55.35146],[37.38496,55.3513],[37.38375,55.35195],[37.38099,55.35172],[37.37796,55.35073],[37.37494,55.35149],[37.37433,55.35245],[37.37164,55.3523],[37.37077,55.35283],[37.37259,55.35551],[37.37292,55.35841],[37.3707,55.35837],[37.37084,55.35944],[37.37285,55.36074],[37.37003,55.3622],[37.37373,55.3643],[37.37655,55.3643],[37.37897,55.36586],[37.37749,55.36644],[37.3508,55.35604],[37.3467,55.35753],[37.34542,55.35707],[37.34542,55.35646],[37.34367,55.35581],[37.3426,55.35654],[37.34253,55.35738],[37.34119,55.35811],[37.33998,55.35799],[37.34011,55.35646],[37.33776,55.35555],[37.33769,55.35409],[37.33534,55.35314],[37.33419,55.35153],[37.33063,55.35276],[37.32834,55.35222],[37.32747,55.35149],[37.32512,55.35153],[37.32532,55.35321],[37.32424,55.35386],[37.31564,55.35448],[37.31375,55.35505],[37.31745,55.35834],[37.31362,55.35941],[37.31409,55.35792],[37.3108,55.35769],[37.31039,55.3583],[37.30811,55.35665],[37.30414,55.357],[37.30266,55.35658],[37.29856,55.35677],[37.29822,55.35478],[37.29661,55.35505],[37.29627,55.35409],[37.29332,55.35104],[37.29163,55.35176],[37.29076,55.35088],[37.28928,55.35142],[37.29137,55.35291],[37.28747,55.35451],[37.28578,55.3547],[37.28592,55.35547],[37.28713,55.35555],[37.28713,55.35604],[37.28619,55.35704],[37.28747,55.35761],[37.28726,55.35853],[37.28505,55.35929],[37.28673,55.36166],[37.28639,55.36288],[37.28518,55.36323],[37.28572,55.36369],[37.2837,55.36449]]]}},{"type":"Feature","bbox":[37.30607,55.57624,37.45685,55.66109],"properties":{"scope":"district","name":"Московский","aoName":"Западный","unitType":"Поселение","okato":"45297565","oktmo":"45952000","type":"administrative","category":"boundary","display_name":"Московский, Новомосковский административный округ, Москва, Россия","source":"GIS-Lab / OpenStreetMap"},"geometry":{"type":"Polygon","coordinates":[[[37.30607,55.61895],[37.31249,55.62227],[37.31454,55.62335],[37.31392,55.62137],[37.31517,55.6206],[37.31821,55.62176],[37.31871,55.62169],[37.3196,55.62059],[37.32189,55.62159],[37.32361,55.62233],[37.32551,55.62087],[37.32399,55.61894],[37.32505,55.61763],[37.32686,55.61784],[37.33047,55.61912],[37.33349,55.61975],[37.33553,55.62057],[37.3385,55.62162],[37.34671,55.62322],[37.3471,55.62429],[37.34745,55.62745],[37.34398,55.6298],[37.34096,55.63],[37.33991,55.6302],[37.33999,55.63022],[37.34066,55.63053],[37.34347,55.63216],[37.34724,55.63429],[37.34739,55.63443],[37.35064,55.63624],[37.35155,55.63608],[37.35299,55.63543],[37.35528,55.63536],[37.3556,55.63524],[37.35825,55.63476],[37.3585,55.63457],[37.35836,55.63408],[37.35884,55.63378],[37.35973,55.63386],[37.36015,55.63327],[37.35983,55.63139],[37.35986,55.63138],[37.36238,55.62979],[37.36611,55.63055],[37.36791,55.62791],[37.37068,55.62538],[37.37334,55.62482],[37.3738,55.62457],[37.3764,55.62323],[37.37757,55.62394],[37.37564,55.62494],[37.37787,55.62634],[37.38707,55.63222],[37.38712,55.63226],[37.38727,55.63217],[37.38745,55.63207],[37.38757,55.63201],[37.38765,55.63196],[37.38777,55.63191],[37.38788,55.63188],[37.38801,55.63184],[37.38813,55.6318],[37.38824,55.63177],[37.38838,55.63174],[37.38846,55.63172],[37.3885,55.63171],[37.38855,55.6317],[37.3886,55.6317],[37.38855,55.63157],[37.38846,55.63133],[37.38841,55.63117],[37.38792,55.62942],[37.3877,55.6285],[37.3912,55.62811],[37.39372,55.62783],[37.39453,55.62878],[37.39465,55.62887],[37.39755,55.62872],[37.39791,55.62878],[37.39795,55.62905],[37.39801,55.62955],[37.39809,55.63007],[37.39813,55.63029],[37.3982,55.63047],[37.39826,55.63045],[37.39832,55.63043],[37.39843,55.63041],[37.39866,55.63035],[37.39873,55.63033],[37.3988,55.63029],[37.39887,55.63027],[37.39893,55.63026],[37.39903,55.63025],[37.39912,55.63024],[37.39928,55.63022],[37.3994,55.63021],[37.39946,55.63021],[37.39954,55.63021],[37.39963,55.63022],[37.39973,55.63021],[37.3998,55.63021],[37.3999,55.63022],[37.39999,55.63023],[37.40006,55.63023],[37.40014,55.63021],[37.4002,55.63022],[37.40026,55.63023],[37.40031,55.63024],[37.40037,55.63024],[37.40049,55.63025],[37.40065,55.63024],[37.40087,55.63023],[37.40094,55.63022],[37.40098,55.63023],[37.4011,55.63027],[37.40118,55.63028],[37.4013,55.63028],[37.40139,55.6303],[37.40158,55.63034],[37.40176,55.63037],[37.40184,55.63038],[37.40193,55.63038],[37.40203,55.63037],[37.40208,55.63038],[37.40219,55.63039],[37.4023,55.63041],[37.40235,55.63041],[37.40243,55.63039],[37.40251,55.63038],[37.40256,55.63038],[37.40261,55.63039],[37.40269,55.63041],[37.40278,55.63043],[37.40284,55.63045],[37.4029,55.63045],[37.40294,55.63045],[37.40299,55.63045],[37.40305,55.63045],[37.40312,55.63046],[37.40317,55.63046],[37.40321,55.63045],[37.40326,55.6304],[37.40332,55.63038],[37.40339,55.63037],[37.40348,55.63036],[37.40372,55.63035],[37.40407,55.63037],[37.40432,55.63034],[37.40448,55.63028],[37.40467,55.6302],[37.40483,55.63014],[37.40499,55.63013],[37.40517,55.63013],[37.40525,55.63013],[37.40543,55.6301],[37.40552,55.63008],[37.4056,55.63006],[37.4057,55.63002],[37.40579,55.63],[37.40597,55.63],[37.40603,55.63],[37.4061,55.62999],[37.40617,55.62997],[37.40628,55.62993],[37.40636,55.62992],[37.40646,55.62992],[37.40655,55.62991],[37.40674,55.62988],[37.4068,55.62987],[37.407,55.62989],[37.40707,55.62988],[37.40715,55.62984],[37.40722,55.62977],[37.40729,55.62974],[37.40736,55.62971],[37.40744,55.62972],[37.40755,55.62977],[37.40763,55.62979],[37.4077,55.6298],[37.40776,55.62979],[37.40787,55.62976],[37.40799,55.62972],[37.40811,55.62967],[37.40817,55.62965],[37.4083,55.62965],[37.40839,55.62967],[37.40849,55.62966],[37.40871,55.62962],[37.4088,55.62962],[37.40889,55.62961],[37.40899,55.62962],[37.40916,55.62964],[37.40937,55.62961],[37.40944,55.62958],[37.4095,55.62957],[37.40955,55.62959],[37.40956,55.62963],[37.40961,55.62965],[37.40968,55.62965],[37.40973,55.62964],[37.40977,55.62963],[37.40982,55.6296],[37.40986,55.62957],[37.40991,55.62954],[37.40997,55.62952],[37.41007,55.62949],[37.41013,55.6296],[37.4102,55.62985],[37.41085,55.63197],[37.41153,55.63387],[37.41228,55.6359],[37.41394,55.63573],[37.41477,55.63569],[37.41509,55.6357],[37.4151,55.63592],[37.41516,55.63818],[37.41517,55.63833],[37.41652,55.63825],[37.41648,55.63912],[37.41692,55.64062],[37.41739,55.64252],[37.41749,55.64491],[37.41716,55.64639],[37.41708,55.64674],[37.41705,55.64682],[37.41708,55.64735],[37.41711,55.6475],[37.41706,55.64807],[37.41549,55.64775],[37.41361,55.65116],[37.41369,55.65132],[37.41468,55.6515],[37.41461,55.65171],[37.41501,55.65179],[37.41474,55.65223],[37.41745,55.65302],[37.41641,55.6558],[37.41459,55.65567],[37.41322,55.65767],[37.41337,55.65773],[37.41508,55.6578],[37.4152,55.65779],[37.41532,55.65798],[37.4152,55.66016],[37.41881,55.66041],[37.42338,55.66075],[37.42512,55.66087],[37.4267,55.66098],[37.427,55.66097],[37.42901,55.66109],[37.4323,55.66014],[37.43265,55.66005],[37.433,55.65997],[37.43331,55.65991],[37.43365,55.65981],[37.43392,55.65972],[37.43421,55.65963],[37.43532,55.65866],[37.43655,55.6576],[37.43886,55.65563],[37.44332,55.65203],[37.44813,55.64792],[37.45248,55.6442],[37.45677,55.64053],[37.45682,55.64043],[37.45684,55.64032],[37.45685,55.64017],[37.45682,55.64005],[37.45679,55.63992],[37.45674,55.63969],[37.45664,55.63935],[37.4566,55.63922],[37.45655,55.63898],[37.45649,55.63871],[37.45642,55.63847],[37.45639,55.63831],[37.45634,55.63814],[37.45628,55.63797],[37.45623,55.63785],[37.45615,55.63769],[37.45597,55.63756],[37.45583,55.63745],[37.45562,55.63732],[37.45543,55.63722],[37.45572,55.63705],[37.456,55.63688],[37.45211,55.63498],[37.44709,55.63301],[37.44104,55.63126],[37.44059,55.63102],[37.44018,55.63042],[37.43956,55.62731],[37.44006,55.62544],[37.44053,55.6243],[37.44082,55.62408],[37.44449,55.62283],[37.44449,55.62276],[37.44514,55.62222],[37.446,55.62078],[37.4461,55.62063],[37.44591,55.61939],[37.44402,55.61892],[37.44274,55.61684],[37.44292,55.6158],[37.44168,55.61538],[37.44034,55.61475],[37.43884,55.61334],[37.43718,55.61157],[37.43694,55.61139],[37.43621,55.61095],[37.43494,55.61043],[37.43505,55.61026],[37.4341,55.60988],[37.4333,55.60938],[37.43287,55.6092],[37.41874,55.60955],[37.40851,55.60975],[37.40758,55.60826],[37.40805,55.60692],[37.40863,55.60605],[37.41232,55.60563],[37.41093,55.60424],[37.40918,55.60279],[37.4061,55.6011],[37.40294,55.59944],[37.40154,55.59865],[37.40123,55.59777],[37.40077,55.59077],[37.4009,55.58924],[37.39884,55.58765],[37.39249,55.5825],[37.39068,55.58112],[37.3871,55.58013],[37.3853,55.57956],[37.38258,55.57862],[37.38195,55.57836],[37.37944,55.5769],[37.37667,55.57624],[37.37623,55.57653],[37.37407,55.57733],[37.37152,55.57796],[37.37002,55.57863],[37.36596,55.58036],[37.36024,55.58211],[37.3581,55.58332],[37.35726,55.58422],[37.35682,55.58461],[37.35572,55.58313],[37.35343,55.58217],[37.35223,55.58314],[37.35051,55.58405],[37.35,55.58464],[37.34829,55.58387],[37.34653,55.58488],[37.34577,55.58615],[37.34272,55.58531],[37.34383,55.58323],[37.34242,55.58273],[37.3428,55.58215],[37.34165,55.58172],[37.33996,55.58122],[37.34006,55.58255],[37.3402,55.58381],[37.33938,55.58548],[37.33828,55.58644],[37.33635,55.58709],[37.33503,55.58686],[37.33466,55.58715],[37.33492,55.58727],[37.33484,55.58736],[37.33457,55.58745],[37.33425,55.58731],[37.33299,55.58784],[37.33281,55.58796],[37.33308,55.58824],[37.33299,55.58838],[37.33217,55.58831],[37.33179,55.58837],[37.33177,55.58871],[37.33143,55.58895],[37.33167,55.58942],[37.33158,55.58952],[37.32907,55.5876],[37.33209,55.58474],[37.32927,55.58451],[37.32864,55.58481],[37.32325,55.58416],[37.31978,55.58756],[37.31413,55.58751],[37.31304,55.58832],[37.30918,55.58956],[37.3088,55.59142],[37.3133,55.59325],[37.31577,55.59545],[37.3194,55.59636],[37.31986,55.5974],[37.31871,55.59927],[37.31595,55.59856],[37.31465,55.59903],[37.31375,55.5992],[37.31272,55.60014],[37.31263,55.60045],[37.31323,55.60081],[37.31303,55.60098],[37.31182,55.60126],[37.31132,55.60127],[37.31034,55.60115],[37.30997,55.60135],[37.30968,55.60119],[37.3096,55.60124],[37.31008,55.60208],[37.30989,55.60284],[37.31046,55.60335],[37.31052,55.60387],[37.30752,55.60434],[37.30738,55.60454],[37.30755,55.60466],[37.30744,55.60508],[37.30775,55.60544],[37.30706,55.6057],[37.30747,55.60586],[37.30773,55.60666],[37.30851,55.60739],[37.30828,55.60747],[37.30962,55.60859],[37.30971,55.60855],[37.30985,55.60867],[37.31139,55.60798],[37.31211,55.60853],[37.31162,55.60871],[37.31309,55.60983],[37.31323,55.60986],[37.31432,55.61037],[37.31443,55.61078],[37.31435,55.61102],[37.31428,55.61148],[37.31401,55.61158],[37.31497,55.61208],[37.31493,55.61244],[37.31491,55.61259],[37.31473,55.61269],[37.31471,55.61273],[37.31473,55.61279],[37.31481,55.61288],[37.31488,55.61291],[37.31497,55.61291],[37.3152,55.61288],[37.31531,55.61288],[37.31538,55.6129],[37.31545,55.61293],[37.31548,55.61297],[37.31546,55.61303],[37.31543,55.61308],[37.31536,55.61316],[37.31533,55.61321],[37.3153,55.61324],[37.31522,55.61326],[37.31505,55.61328],[37.31492,55.6133],[37.31481,55.61334],[37.31472,55.61339],[37.31462,55.61344],[37.31438,55.61349],[37.31427,55.61353],[37.31422,55.61358],[37.31418,55.61368],[37.31408,55.61376],[37.314,55.61381],[37.31392,55.61383],[37.31385,55.61382],[37.31374,55.61377],[37.31366,55.61373],[37.31359,55.61371],[37.31353,55.61372],[37.31347,55.61376],[37.31341,55.61382],[37.31336,55.61393],[37.31335,55.614],[37.31337,55.61408],[37.31338,55.61414],[37.31337,55.61419],[37.31329,55.61428],[37.31321,55.61432],[37.31312,55.61436],[37.31302,55.61439],[37.31291,55.61438],[37.31282,55.61439],[37.31275,55.61443],[37.31273,55.61449],[37.31278,55.61456],[37.31287,55.61462],[37.31295,55.61467],[37.31298,55.61472],[37.31297,55.61477],[37.31293,55.6148],[37.31279,55.61487],[37.31268,55.61493],[37.3126,55.61496],[37.31253,55.61497],[37.31245,55.61496],[37.31237,55.61493],[37.31228,55.61486],[37.31221,55.6148],[37.31214,55.61475],[37.31207,55.61473],[37.31199,55.61473],[37.31186,55.61476],[37.31175,55.61481],[37.31169,55.61484],[37.31162,55.61485],[37.31157,55.61483],[37.31153,55.61479],[37.31147,55.61475],[37.31135,55.61471],[37.31123,55.61468],[37.3111,55.61466],[37.31096,55.61465],[37.31086,55.61465],[37.3108,55.61467],[37.31077,55.61471],[37.31082,55.61475],[37.31094,55.6148],[37.31108,55.61482],[37.3111,55.61485],[37.31111,55.61489],[37.31107,55.61494],[37.31097,55.615],[37.31086,55.61507],[37.31082,55.61515],[37.31075,55.6152],[37.31065,55.61524],[37.31056,55.61525],[37.31042,55.61523],[37.31021,55.61522],[37.31013,55.61518],[37.31004,55.61512],[37.30997,55.6151],[37.30989,55.61511],[37.30983,55.61513],[37.30981,55.61517],[37.30986,55.61531],[37.30989,55.6154],[37.30987,55.61544],[37.30982,55.61547],[37.30973,55.6155],[37.30959,55.61553],[37.30941,55.61554],[37.30929,55.61554],[37.30909,55.61555],[37.30898,55.61556],[37.30891,55.61557],[37.3089,55.6156],[37.30894,55.61563],[37.30905,55.61566],[37.30913,55.61567],[37.30921,55.61568],[37.30926,55.61571],[37.30926,55.61574],[37.30923,55.61577],[37.30915,55.61577],[37.30911,55.6158],[37.30907,55.61594],[37.30904,55.61597],[37.30899,55.616],[37.30894,55.616],[37.30888,55.61598],[37.30869,55.61593],[37.30853,55.61592],[37.3084,55.61592],[37.30828,55.61596],[37.30813,55.61602],[37.30798,55.61611],[37.30789,55.61616],[37.30776,55.61621],[37.30728,55.6164],[37.30719,55.61657],[37.30716,55.61659],[37.30716,55.61663],[37.30717,55.61665],[37.30722,55.61668],[37.30725,55.61671],[37.30727,55.61674],[37.3073,55.61675],[37.30737,55.61679],[37.30746,55.61685],[37.3075,55.61689],[37.30754,55.61693],[37.30809,55.61725],[37.30607,55.61895]]]}},{"type":"Feature","bbox":[37.31767,55.45232,37.45537,55.55048],"properties":{"scope":"district","name":"Десёновское","aoName":"Троицкий","unitType":"Поселение","okato":"45297556","oktmo":"45944000","type":"administrative","category":"boundary","display_name":"Десёновское, Новомосковский административный округ, Москва, Россия","source":"GIS-Lab / OpenStreetMap"},"geometry":{"type":"Polygon","coordinates":[[[37.31767,55.47747],[37.31788,55.47766],[37.31849,55.47853],[37.32367,55.48638],[37.32321,55.48647],[37.32563,55.49018],[37.32591,55.4906],[37.32564,55.49066],[37.32509,55.49082],[37.32505,55.49086],[37.32504,55.49088],[37.32537,55.49127],[37.3257,55.49166],[37.32561,55.49221],[37.3256,55.49255],[37.32481,55.49265],[37.32522,55.49365],[37.32621,55.49344],[37.3275,55.49526],[37.32802,55.49585],[37.32657,55.49664],[37.32466,55.49724],[37.32263,55.4984],[37.32142,55.49879],[37.32021,55.49918],[37.32029,55.49934],[37.3204,55.49952],[37.3191,55.49983],[37.31919,55.5002],[37.31929,55.50061],[37.31931,55.50158],[37.31938,55.50217],[37.31939,55.50242],[37.31911,55.50241],[37.3185,55.5024],[37.31854,55.50296],[37.31889,55.5035],[37.31894,55.50376],[37.31896,55.50424],[37.3189,55.50453],[37.31889,55.5049],[37.319,55.50531],[37.31913,55.50574],[37.31946,55.50604],[37.32009,55.50638],[37.321,55.50666],[37.32239,55.507],[37.32262,55.50741],[37.32253,55.50799],[37.32265,55.50841],[37.32315,55.50901],[37.32326,55.50979],[37.3232,55.51003],[37.32288,55.51022],[37.32215,55.51039],[37.32176,55.51042],[37.32088,55.51033],[37.31996,55.51005],[37.31936,55.50961],[37.3188,55.50938],[37.31845,55.50932],[37.3181,55.50943],[37.31806,55.50973],[37.31855,55.51022],[37.31866,55.51061],[37.31901,55.51125],[37.31901,55.5115],[37.31838,55.51232],[37.31855,55.51258],[37.31913,55.5129],[37.3198,55.51311],[37.32045,55.51318],[37.32153,55.51321],[37.32188,55.51309],[37.32166,55.51278],[37.32176,55.51252],[37.32199,55.51224],[37.32246,55.51219],[37.32335,55.51257],[37.32366,55.51273],[37.32411,55.51302],[37.32471,55.51351],[37.32516,55.51361],[37.32924,55.51394],[37.33041,55.51373],[37.33131,55.51398],[37.33163,55.51428],[37.33238,55.515],[37.33279,55.51543],[37.33267,55.51568],[37.33204,55.51589],[37.33093,55.51624],[37.32973,55.5165],[37.32928,55.51655],[37.32855,55.51657],[37.32785,55.51671],[37.32762,55.51682],[37.32743,55.51705],[37.32756,55.51753],[37.32787,55.51787],[37.32755,55.5189],[37.32772,55.51918],[37.32835,55.51946],[37.32863,55.51972],[37.32818,55.52099],[37.32815,55.52122],[37.32837,55.52157],[37.32863,55.52175],[37.32898,55.52184],[37.32956,55.5218],[37.33008,55.52163],[37.3308,55.52133],[37.33141,55.52092],[37.33217,55.52093],[37.3327,55.52105],[37.33296,55.5215],[37.33508,55.52129],[37.33627,55.5219],[37.3372,55.52172],[37.33738,55.52177],[37.33764,55.52156],[37.33811,55.52169],[37.33853,55.52178],[37.34051,55.52328],[37.34066,55.52466],[37.34226,55.52468],[37.34474,55.52534],[37.34675,55.52529],[37.34744,55.52539],[37.34792,55.52583],[37.34771,55.52627],[37.34862,55.52677],[37.34925,55.52717],[37.34961,55.52743],[37.34997,55.52776],[37.34982,55.5284],[37.34896,55.52834],[37.34847,55.52922],[37.34767,55.52932],[37.34729,55.53018],[37.34786,55.53064],[37.34671,55.53126],[37.34698,55.5317],[37.34452,55.53294],[37.34285,55.5335],[37.34228,55.53372],[37.34107,55.53428],[37.34066,55.53396],[37.33945,55.53458],[37.34173,55.53639],[37.34443,55.53552],[37.34722,55.53531],[37.34721,55.53621],[37.34919,55.53592],[37.34825,55.53705],[37.34694,55.53751],[37.34513,55.5377],[37.34391,55.5393],[37.34237,55.53969],[37.34223,55.54117],[37.3461,55.54179],[37.34809,55.54152],[37.34892,55.54267],[37.34832,55.54318],[37.34957,55.54436],[37.34998,55.54461],[37.35032,55.54479],[37.3505,55.54489],[37.35067,55.54498],[37.35101,55.54517],[37.3514,55.54537],[37.35169,55.54552],[37.3519,55.5457],[37.35211,55.54583],[37.3522,55.54589],[37.35251,55.54604],[37.35286,55.54622],[37.35257,55.5465],[37.35241,55.54642],[37.35236,55.54646],[37.35208,55.54686],[37.35179,55.5472],[37.35181,55.54738],[37.35213,55.54799],[37.35239,55.54907],[37.35315,55.55004],[37.35362,55.55048],[37.35408,55.55034],[37.35576,55.54941],[37.35672,55.54875],[37.35736,55.54925],[37.35786,55.54948],[37.36487,55.54763],[37.36573,55.5485],[37.36956,55.54801],[37.37102,55.54761],[37.37495,55.54648],[37.37675,55.54678],[37.38162,55.54573],[37.38302,55.54531],[37.3847,55.54527],[37.38529,55.54586],[37.38685,55.54561],[37.38725,55.54605],[37.38844,55.5459],[37.3897,55.54523],[37.38973,55.54508],[37.38984,55.54447],[37.39061,55.54429],[37.39169,55.54411],[37.39198,55.54413],[37.3935,55.54452],[37.39511,55.54463],[37.39621,55.54444],[37.39747,55.54414],[37.39755,55.5432],[37.39736,55.54247],[37.39736,55.542],[37.39763,55.54181],[37.39897,55.54088],[37.3993,55.54075],[37.40011,55.54028],[37.40065,55.53975],[37.39948,55.53928],[37.39939,55.53924],[37.39881,55.53901],[37.39878,55.53904],[37.3985,55.53892],[37.39955,55.53746],[37.40143,55.53511],[37.40108,55.53485],[37.39992,55.53442],[37.39884,55.53402],[37.39677,55.53325],[37.39469,55.53249],[37.39383,55.53217],[37.39296,55.53185],[37.39257,55.53107],[37.39237,55.53064],[37.39216,55.5302],[37.39178,55.52931],[37.39368,55.52798],[37.39369,55.52795],[37.39369,55.52791],[37.39368,55.52788],[37.39295,55.52725],[37.39287,55.52717],[37.39402,55.52667],[37.39429,55.52657],[37.39449,55.52653],[37.39468,55.52648],[37.39488,55.52646],[37.39506,55.52646],[37.39523,55.52646],[37.39542,55.52647],[37.39622,55.52657],[37.3965,55.52658],[37.39654,55.52494],[37.39667,55.52334],[37.39662,55.5228],[37.39656,55.52227],[37.39676,55.52055],[37.39722,55.52013],[37.39845,55.51975],[37.39879,55.5197],[37.39894,55.5202],[37.39907,55.52034],[37.39967,55.5207],[37.40119,55.52113],[37.40243,55.5213],[37.40329,55.52129],[37.40411,55.52108],[37.40533,55.52035],[37.40631,55.51982],[37.40711,55.5193],[37.40733,55.51882],[37.4072,55.51844],[37.40595,55.5177],[37.40542,55.51734],[37.40531,55.51725],[37.40505,55.51683],[37.40558,55.51645],[37.40673,55.51594],[37.40778,55.51599],[37.40947,55.51611],[37.41048,55.51611],[37.4113,55.51595],[37.41179,55.51523],[37.41213,55.51436],[37.41248,55.51322],[37.4126,55.51293],[37.41351,55.5124],[37.41501,55.5123],[37.41686,55.51241],[37.41676,55.51224],[37.41589,55.5115],[37.41448,55.51162],[37.41383,55.51107],[37.41365,55.51165],[37.41108,55.51223],[37.4096,55.51268],[37.40823,55.51285],[37.40816,55.51285],[37.4072,55.51297],[37.40657,55.51239],[37.40635,55.51199],[37.40633,55.51196],[37.40531,55.51006],[37.40438,55.50964],[37.40546,55.50902],[37.40647,55.50975],[37.40762,55.50913],[37.40985,55.50846],[37.40908,55.50479],[37.40727,55.50352],[37.40491,55.50166],[37.40823,55.50058],[37.40992,55.50118],[37.41365,55.50194],[37.415,55.50189],[37.41585,55.5017],[37.41758,55.50115],[37.41781,55.50113],[37.41822,55.50178],[37.41812,55.50184],[37.41729,55.50215],[37.41683,55.50232],[37.41671,55.50238],[37.41652,55.50263],[37.41582,55.50346],[37.41515,55.5048],[37.41561,55.50589],[37.41782,55.5067],[37.42048,55.50642],[37.42112,55.50575],[37.42114,55.50569],[37.42153,55.50479],[37.42415,55.50465],[37.42431,55.50415],[37.42715,55.5043],[37.42887,55.50428],[37.42923,55.5057],[37.43025,55.50574],[37.43282,55.50568],[37.43243,55.50502],[37.43222,55.50448],[37.43209,55.50404],[37.43222,55.50376],[37.43275,55.50352],[37.43297,55.50321],[37.43264,55.5029],[37.43259,55.50272],[37.43254,55.50254],[37.43248,55.50236],[37.43279,55.50235],[37.43315,55.50213],[37.43474,55.50104],[37.43586,55.50079],[37.43707,55.50049],[37.43769,55.50044],[37.43798,55.50075],[37.43826,55.50128],[37.43911,55.50212],[37.43765,55.50268],[37.43729,55.50277],[37.43735,55.50307],[37.43735,55.50341],[37.43724,55.50366],[37.43726,55.50388],[37.43744,55.50406],[37.43775,55.50417],[37.43813,55.50419],[37.43899,55.50404],[37.43937,55.50382],[37.43969,55.50367],[37.44044,55.50368],[37.44119,55.50383],[37.4416,55.50389],[37.44192,55.50384],[37.44246,55.50357],[37.44334,55.50297],[37.4443,55.50245],[37.44487,55.50209],[37.44492,55.50177],[37.44504,55.50155],[37.44536,55.50142],[37.44598,55.50131],[37.44695,55.50111],[37.44773,55.50085],[37.44851,55.50049],[37.4491,55.50009],[37.44926,55.49987],[37.44952,55.49972],[37.45022,55.49962],[37.45049,55.49958],[37.45073,55.49952],[37.45085,55.49942],[37.45088,55.49919],[37.45062,55.49896],[37.44994,55.49869],[37.44925,55.49838],[37.44892,55.49817],[37.44889,55.49792],[37.44901,55.49732],[37.44922,55.49678],[37.44948,55.49613],[37.44967,55.49592],[37.45019,55.4957],[37.45085,55.49562],[37.45159,55.49571],[37.4523,55.49596],[37.45272,55.49617],[37.45318,55.49633],[37.45373,55.49637],[37.45436,55.49629],[37.45476,55.49615],[37.4551,55.49598],[37.45524,55.4957],[37.45537,55.49545],[37.45526,55.49519],[37.45474,55.4948],[37.45455,55.49454],[37.4545,55.49432],[37.45459,55.49411],[37.45463,55.49408],[37.45456,55.49405],[37.45426,55.49393],[37.45162,55.49193],[37.44966,55.49048],[37.44881,55.48989],[37.4458,55.49092],[37.44467,55.49006],[37.44475,55.48968],[37.44502,55.48942],[37.44468,55.48889],[37.44365,55.48928],[37.44323,55.48887],[37.44185,55.48771],[37.44147,55.48749],[37.44147,55.48669],[37.44145,55.48619],[37.44143,55.48584],[37.44111,55.48461],[37.44076,55.48371],[37.44018,55.48283],[37.43991,55.48243],[37.43933,55.48156],[37.4392,55.48143],[37.43901,55.48116],[37.43888,55.48085],[37.43887,55.48058],[37.43917,55.47948],[37.439,55.47936],[37.43883,55.47871],[37.43452,55.47684],[37.43223,55.47623],[37.42847,55.47589],[37.4271,55.47626],[37.42622,55.47589],[37.42869,55.47345],[37.42974,55.47177],[37.42909,55.46942],[37.42763,55.46945],[37.42455,55.46985],[37.42153,55.46861],[37.42108,55.46838],[37.41962,55.4687],[37.41572,55.46615],[37.4122,55.46563],[37.41126,55.46293],[37.40763,55.46509],[37.40508,55.46508],[37.40038,55.46699],[37.40279,55.4685],[37.39945,55.46849],[37.39457,55.46901],[37.39103,55.46667],[37.39188,55.46566],[37.3925,55.46413],[37.39421,55.46316],[37.38879,55.4571],[37.38766,55.45669],[37.38679,55.45685],[37.38503,55.45724],[37.38445,55.45798],[37.38364,55.45703],[37.38647,55.45592],[37.38643,55.45508],[37.38692,55.45469],[37.38683,55.45408],[37.3879,55.45357],[37.38658,55.45232],[37.38448,55.45291],[37.38234,55.45284],[37.37859,55.45313],[37.37668,55.45295],[37.37198,55.45285],[37.37136,55.45277],[37.37095,55.45318],[37.3706,55.45363],[37.37054,55.45375],[37.36981,55.45412],[37.36967,55.45419],[37.36863,55.4539],[37.36669,55.45306],[37.3659,55.45285],[37.36476,55.45362],[37.36384,55.45345],[37.36254,55.45441],[37.36228,55.45458],[37.36202,55.4544],[37.36093,55.45472],[37.36084,55.45479],[37.36049,55.45512],[37.36005,55.45504],[37.35992,55.45528],[37.3602,55.45535],[37.3601,55.45573],[37.36037,55.45593],[37.35946,55.45633],[37.35933,55.45661],[37.35904,55.45738],[37.35876,55.45776],[37.35857,55.45808],[37.35846,55.45851],[37.35685,55.45865],[37.35676,55.45873],[37.35587,55.45849],[37.3534,55.45863],[37.35166,55.45906],[37.35099,55.45879],[37.34988,55.45886],[37.34957,55.45799],[37.34797,55.45731],[37.34837,55.45576],[37.34821,55.45481],[37.34488,55.45435],[37.33702,55.45328],[37.33511,55.4536],[37.33585,55.45497],[37.33673,55.45564],[37.33727,55.45672],[37.33756,55.45746],[37.33851,55.45782],[37.33859,55.45861],[37.33912,55.45884],[37.33894,55.45965],[37.33808,55.46103],[37.33947,55.4615],[37.33926,55.46229],[37.34114,55.46254],[37.34353,55.46254],[37.34417,55.46233],[37.34459,55.4627],[37.34528,55.46264],[37.3464,55.46389],[37.34653,55.46404],[37.34516,55.46425],[37.34398,55.46459],[37.34302,55.46472],[37.3429,55.46474],[37.34247,55.46473],[37.34239,55.46455],[37.34035,55.46452],[37.34013,55.46528],[37.33712,55.46596],[37.33747,55.46747],[37.33982,55.467],[37.34041,55.46877],[37.34298,55.46842],[37.34425,55.46815],[37.34553,55.46814],[37.34604,55.46815],[37.34612,55.46771],[37.3478,55.4674],[37.34761,55.46826],[37.34942,55.46851],[37.35095,55.46865],[37.34988,55.47041],[37.35435,55.47038],[37.35473,55.47356],[37.35251,55.4737],[37.33824,55.47451],[37.32556,55.47528],[37.31982,55.47555],[37.32069,55.47644],[37.31791,55.47729],[37.31767,55.47747]]]}},{"type":"Feature","bbox":[37.4624926,55.8525226,37.5141946,55.8852992],"properties":{"scope":"district","name":"Ховрино","aoName":"Северный","unitType":"Муниципальный округ","okato":"45277595","oktmo":"45347000","type":"administrative","category":"boundary","display_name":"район Ховрино, Москва, Центральный федеральный округ, Россия","source":"OpenStreetMap / Nominatim","refreshedAt":"2026-09-17"},"geometry":{"type":"Polygon","coordinates":[[[37.4624926,55.882721],[37.4625313,55.8818586],[37.4636107,55.8811042],[37.4657228,55.8801361],[37.4666217,55.879423],[37.4694171,55.8765702],[37.4692079,55.8761697],[37.4791125,55.8667216],[37.4764525,55.8660554],[37.4798561,55.8628584],[37.4854466,55.8582196],[37.4891516,55.859132],[37.4968063,55.8525226],[37.5111923,55.8577385],[37.5053139,55.8620088],[37.5054236,55.86239],[37.5100355,55.8643869],[37.5141946,55.8676902],[37.473697,55.8852992],[37.4673166,55.8837927],[37.4647226,55.8834596],[37.4624926,55.882721]]]}},{"type":"Feature","bbox":[37.5116624,55.6682189,37.5555624,55.689929],"properties":{"scope":"district","name":"Ломоносовский","aoName":"Юго-Западный","unitType":"Муниципальный округ","okato":"45293574","oktmo":"45904000","type":"administrative","category":"boundary","display_name":"Ломоносовский район, Москва, Центральный федеральный округ, Россия","source":"OpenStreetMap / Nominatim","refreshedAt":"2026-09-17"},"geometry":{"type":"Polygon","coordinates":[[[37.5116624,55.6797306],[37.5142637,55.678286],[37.5291009,55.6713908],[37.5298942,55.6708507],[37.5311523,55.6690407],[37.5321874,55.6684417],[37.5337788,55.6682191],[37.5399712,55.6684857],[37.5413319,55.668772],[37.5417218,55.6708288],[37.5436965,55.6730064],[37.5445876,55.6736905],[37.5460702,55.6732317],[37.5555624,55.68213],[37.5522197,55.6840578],[37.5474686,55.6808114],[37.5386702,55.6850164],[37.5300533,55.689929],[37.5116624,55.6797306]]]}},{"type":"Feature","bbox":[37.3262279,55.6762989,37.4549618,55.7299315],"properties":{"scope":"district","name":"Можайский","aoName":"Западный","unitType":"Муниципальный округ","okato":"45268569","oktmo":"45321000","type":"administrative","category":"boundary","display_name":"Можайский район, Москва, Центральный федеральный округ, Россия","source":"OpenStreetMap / Nominatim","refreshedAt":"2026-09-17"},"geometry":{"type":"Polygon","coordinates":[[[37.3262279,55.68276],[37.3312805,55.6814171],[37.3336914,55.6804245],[37.3460859,55.6762989],[37.3489862,55.678562],[37.3542991,55.6763211],[37.3574845,55.6792432],[37.3580956,55.6790776],[37.3611,55.6820978],[37.3550715,55.6855232],[37.3566586,55.6877063],[37.3558015,55.6874558],[37.3567062,55.6893346],[37.3567538,55.6899608],[37.3572617,55.6904081],[37.357973,55.6917385],[37.3592205,55.6913796],[37.3591258,55.6909375],[37.3610831,55.6900911],[37.3596676,55.6890355],[37.3639508,55.6877694],[37.3643424,55.6882166],[37.3626871,55.6887764],[37.3633645,55.6899639],[37.3643209,55.6906915],[37.3660692,55.6901032],[37.3679036,55.6917278],[37.372858,55.6910665],[37.371502,55.6900401],[37.3748651,55.6889363],[37.3771988,55.6906146],[37.3810709,55.6926361],[37.3813341,55.6924708],[37.3828033,55.6932217],[37.3836932,55.6930726],[37.3841384,55.6938261],[37.3901959,55.6967759],[37.3936964,55.6948131],[37.3941394,55.6951592],[37.3943217,55.6963587],[37.3954737,55.6965981],[37.3966154,55.696523],[37.3961619,55.6978172],[37.395083,55.6989225],[37.3952772,55.6989981],[37.3961249,55.6982156],[37.3968641,55.6965214],[37.3972463,55.6965515],[37.3983354,55.6973719],[37.4008323,55.6979391],[37.4022826,55.6989227],[37.4056495,55.7002475],[37.4059676,55.7007091],[37.4056276,55.7015588],[37.404616,55.7020733],[37.4044611,55.7026775],[37.4119535,55.7067121],[37.4120211,55.7075676],[37.4196314,55.7046801],[37.420495,55.704552],[37.4212797,55.7080662],[37.4239495,55.7071225],[37.4305886,55.7041643],[37.4333685,55.7044946],[37.4355182,55.7057383],[37.4445111,55.7061223],[37.4478698,55.7070097],[37.4487234,55.7094928],[37.4549618,55.7091036],[37.4543739,55.7113986],[37.4476114,55.7269112],[37.4128741,55.7270669],[37.3908538,55.7299209],[37.3872543,55.7297079],[37.3819089,55.728704],[37.3797597,55.7287091],[37.3772042,55.7290798],[37.3792684,55.7250186],[37.3792148,55.7241949],[37.3784783,55.7237525],[37.378454,55.7233384],[37.3793277,55.7229619],[37.3811235,55.7213834],[37.3843099,55.7151659],[37.3837149,55.7144475],[37.381352,55.7130943],[37.3815623,55.7126033],[37.3826351,55.7126392],[37.386661,55.7111475],[37.3897062,55.7081228],[37.3924774,55.7059193],[37.3879413,55.7043201],[37.3885622,55.7035562],[37.3882393,55.7032332],[37.3904837,55.7024365],[37.3886458,55.7007934],[37.3921625,55.6984232],[37.3898298,55.6969492],[37.3878858,55.6981045],[37.3854471,55.6969691],[37.382014,55.6985367],[37.3790342,55.6973127],[37.3795116,55.6969227],[37.3791575,55.6967504],[37.3786586,55.6971253],[37.3781937,55.6968433],[37.3776109,55.7042546],[37.3774809,55.7093972],[37.3767396,55.7106743],[37.37606,55.7107201],[37.3754669,55.7114978],[37.3718947,55.7109556],[37.3644213,55.7089047],[37.3651927,55.7080444],[37.3675067,55.7079718],[37.3675802,55.7082587],[37.3683517,55.708223],[37.3684833,55.7085399],[37.3693474,55.7084951],[37.3690857,55.7074115],[37.3682256,55.7074588],[37.3661551,55.7070035],[37.368481,55.7036899],[37.3704149,55.7041782],[37.3709402,55.7036925],[37.3687822,55.703177],[37.3686399,55.703477],[37.36774,55.7032986],[37.3679514,55.7026652],[37.369005,55.7027612],[37.3691059,55.702475],[37.3668194,55.7021291],[37.3664989,55.7030851],[37.365914,55.7029208],[37.3656043,55.7020509],[37.3646683,55.701862],[37.3655936,55.7013179],[37.365595,55.7009431],[37.364439,55.7008773],[37.3633127,55.7018251],[37.3633195,55.7007325],[37.3573203,55.7005489],[37.3574355,55.6995235],[37.355769,55.6994601],[37.3556302,55.7005218],[37.3533615,55.7004503],[37.3531138,55.7017954],[37.3541338,55.7023401],[37.353968,55.7031365],[37.3563797,55.7046023],[37.3560893,55.7047715],[37.3514621,55.7022513],[37.3518141,55.7001658],[37.347376,55.6976493],[37.3449652,55.6983969],[37.3445685,55.6969048],[37.3438154,55.6961412],[37.3429431,55.6946987],[37.3423737,55.6932191],[37.3423516,55.6925536],[37.3439443,55.6905941],[37.3437926,55.6901985],[37.3440364,55.6894355],[37.3438553,55.6892225],[37.3423024,55.6890876],[37.3424181,55.6887217],[37.3397625,55.6881671],[37.3393663,55.6877536],[37.3394208,55.6873443],[37.3385424,55.6872882],[37.3388139,55.6876395],[37.3387602,55.6886541],[37.3378599,55.6901498],[37.3387,55.6913651],[37.3386913,55.6925674],[37.3376329,55.6935156],[37.3294276,55.6857865],[37.3339095,55.6842],[37.3336066,55.6832286],[37.3348271,55.6824529],[37.3341064,55.6820478],[37.3325117,55.6829408],[37.3309701,55.6815531],[37.3268711,55.6829631],[37.3298214,55.6854426],[37.3292925,55.6856526],[37.3262279,55.68276]]]}},{"type":"Feature","bbox":[37.32979,55.62323,37.38712,55.66912],"properties":{"scope":"district","name":"Ново-Переделкино","aoName":"Западный","unitType":"Муниципальный округ","okato":"45268577","oktmo":"45322000","type":"administrative","category":"boundary","display_name":"Ново-Переделкино, Западный административный округ, Москва, Россия","source":"GIS-Lab / OpenStreetMap"},"geometry":{"type":"Polygon","coordinates":[[[37.32979,55.63984],[37.33041,55.64086],[37.32986,55.64186],[37.3305,55.64219],[37.33058,55.64222],[37.33065,55.64225],[37.3317,55.64453],[37.33205,55.64594],[37.3309,55.64728],[37.3309,55.64731],[37.33112,55.64739],[37.33284,55.64837],[37.33422,55.64979],[37.33462,55.65037],[37.335,55.65092],[37.33609,55.65188],[37.33786,55.65282],[37.34051,55.65352],[37.34293,55.65403],[37.343,55.65405],[37.34306,55.65406],[37.34297,55.65409],[37.34287,55.65414],[37.34283,55.65419],[37.34278,55.65433],[37.34273,55.65443],[37.34269,55.65451],[37.34264,55.65459],[37.34257,55.65468],[37.34254,55.65475],[37.3425,55.65481],[37.34232,55.65489],[37.3422,55.65497],[37.34213,55.65503],[37.34211,55.65506],[37.34213,55.65512],[37.34222,55.65521],[37.34235,55.65531],[37.34238,55.65538],[37.34238,55.65541],[37.34238,55.65545],[37.34237,55.6555],[37.3423,55.65556],[37.34222,55.65561],[37.34187,55.65578],[37.34178,55.65585],[37.3417,55.65596],[37.34161,55.65601],[37.34153,55.65607],[37.3415,55.65613],[37.34148,55.6563],[37.34146,55.65639],[37.34136,55.65647],[37.34135,55.65652],[37.34135,55.65656],[37.34136,55.65661],[37.3414,55.65668],[37.34168,55.65678],[37.34266,55.656],[37.34346,55.65558],[37.34407,55.65538],[37.34498,55.65554],[37.34628,55.65629],[37.34603,55.65644],[37.34611,55.65648],[37.34604,55.65653],[37.34439,55.65743],[37.34515,55.658],[37.34542,55.6583],[37.3464,55.65913],[37.34702,55.65946],[37.34714,55.65949],[37.34713,55.65956],[37.34607,55.65971],[37.34409,55.66013],[37.34389,55.66009],[37.34303,55.66015],[37.34203,55.66013],[37.34224,55.66023],[37.34228,55.66027],[37.34236,55.66034],[37.34243,55.66041],[37.34251,55.6605],[37.34258,55.66058],[37.34262,55.66063],[37.34269,55.66069],[37.34275,55.66075],[37.34286,55.66084],[37.34299,55.66094],[37.34307,55.661],[37.34312,55.66105],[37.34316,55.6611],[37.34318,55.66116],[37.3432,55.66121],[37.34323,55.66127],[37.34328,55.66133],[37.34333,55.66142],[37.34336,55.66148],[37.34339,55.66152],[37.34344,55.66157],[37.34349,55.6616],[37.34353,55.66162],[37.34359,55.66164],[37.34362,55.66165],[37.34371,55.66166],[37.3438,55.66168],[37.34385,55.66171],[37.34387,55.66173],[37.34388,55.66176],[37.34386,55.6618],[37.34384,55.66182],[37.3438,55.66184],[37.34376,55.66186],[37.34371,55.66189],[37.34367,55.66196],[37.34364,55.66202],[37.34361,55.66206],[37.3436,55.6621],[37.34361,55.66214],[37.34365,55.6622],[37.34366,55.66224],[37.34369,55.66227],[37.34373,55.6623],[37.34377,55.66233],[37.34381,55.66235],[37.34385,55.66237],[37.3439,55.66239],[37.34397,55.6624],[37.34404,55.66241],[37.34411,55.66242],[37.34417,55.66244],[37.34418,55.66246],[37.34459,55.66243],[37.34765,55.66203],[37.34811,55.66282],[37.3483,55.66279],[37.34849,55.66291],[37.34823,55.66398],[37.34813,55.66419],[37.34796,55.6657],[37.34805,55.66583],[37.34978,55.66556],[37.35016,55.66543],[37.3515,55.66489],[37.3517,55.66488],[37.35229,55.6646],[37.35296,55.66417],[37.35358,55.66372],[37.35051,55.66241],[37.35051,55.66203],[37.35055,55.66181],[37.35043,55.6618],[37.35024,55.6612],[37.35159,55.66082],[37.35289,55.66034],[37.35503,55.66115],[37.35845,55.66258],[37.35824,55.66604],[37.36336,55.66866],[37.3639,55.66892],[37.36462,55.66912],[37.36904,55.66892],[37.37,55.668],[37.36994,55.66692],[37.36983,55.66672],[37.36992,55.6662],[37.3698,55.66421],[37.36961,55.66104],[37.36997,55.66054],[37.36977,55.65952],[37.36785,55.6532],[37.36821,55.653],[37.36924,55.65177],[37.37074,55.65106],[37.37607,55.65106],[37.37671,55.65099],[37.37694,55.65066],[37.37694,55.65048],[37.37673,55.65029],[37.37697,55.64958],[37.377,55.64918],[37.37636,55.6487],[37.3759,55.64869],[37.37587,55.64815],[37.37534,55.64793],[37.37454,55.64752],[37.37437,55.64736],[37.37455,55.6472],[37.37488,55.64707],[37.37485,55.64683],[37.37456,55.64653],[37.37433,55.64634],[37.37431,55.6462],[37.37433,55.64599],[37.37415,55.64564],[37.37401,55.64491],[37.37355,55.64499],[37.37305,55.64485],[37.37323,55.64438],[37.3735,55.64409],[37.3737,55.64386],[37.37449,55.64351],[37.37449,55.64292],[37.37522,55.64221],[37.37583,55.64194],[37.37578,55.64172],[37.37442,55.64093],[37.37453,55.64075],[37.37427,55.64044],[37.37431,55.64009],[37.37433,55.63967],[37.37433,55.63924],[37.37418,55.63915],[37.37403,55.63916],[37.37388,55.63911],[37.37386,55.63897],[37.374,55.63882],[37.37424,55.63865],[37.37441,55.63849],[37.37464,55.63839],[37.37481,55.63835],[37.37488,55.63827],[37.37476,55.63817],[37.37446,55.63809],[37.37445,55.638],[37.37457,55.63786],[37.37476,55.63767],[37.37494,55.63755],[37.37538,55.63786],[37.37554,55.63784],[37.3755,55.63764],[37.37537,55.63749],[37.37548,55.63731],[37.37563,55.6372],[37.3755,55.63703],[37.37534,55.63697],[37.37531,55.6368],[37.37555,55.63664],[37.37582,55.63659],[37.37609,55.63657],[37.37647,55.63644],[37.37661,55.63624],[37.37684,55.63609],[37.37712,55.63606],[37.37943,55.63371],[37.38095,55.63269],[37.38712,55.63226],[37.38707,55.63222],[37.37787,55.62634],[37.37564,55.62494],[37.37757,55.62394],[37.3764,55.62323],[37.3738,55.62457],[37.37334,55.62482],[37.37068,55.62538],[37.36791,55.62791],[37.36611,55.63055],[37.36238,55.62979],[37.35986,55.63138],[37.35983,55.63139],[37.36015,55.63327],[37.35973,55.63386],[37.35884,55.63378],[37.35836,55.63408],[37.3585,55.63457],[37.35825,55.63476],[37.3556,55.63524],[37.35528,55.63536],[37.35299,55.63543],[37.35155,55.63608],[37.35064,55.63624],[37.34739,55.63443],[37.34701,55.6343],[37.34647,55.63411],[37.34551,55.63389],[37.34255,55.63316],[37.34212,55.63379],[37.33886,55.63539],[37.33855,55.63549],[37.33606,55.63518],[37.33596,55.63543],[37.33562,55.63611],[37.33548,55.6361],[37.33533,55.63665],[37.33534,55.63665],[37.33441,55.63848],[37.33244,55.63955],[37.33154,55.63946],[37.33035,55.63932],[37.32979,55.63984]]]}},{"type":"Feature","bbox":[37.36724,55.7709266,37.4476344,55.8291697],"properties":{"scope":"district","name":"Строгино","aoName":"Северо-Западный","unitType":"Муниципальный округ","okato":"45283577","oktmo":"45370000","type":"administrative","category":"boundary","display_name":"район Строгино, Москва, Центральный федеральный округ, Россия","source":"OpenStreetMap / Nominatim","refreshedAt":"2026-09-17"},"geometry":{"type":"Polygon","coordinates":[[[37.36724,55.7903819],[37.3687664,55.7897352],[37.370601,55.7881919],[37.3706009,55.7876924],[37.3694129,55.7848449],[37.3690717,55.7827259],[37.3688853,55.7730383],[37.3702616,55.7730269],[37.3702608,55.7713623],[37.3708646,55.7710135],[37.3788354,55.7716773],[37.3789227,55.7720323],[37.3797521,55.7723483],[37.3834025,55.7721825],[37.3867388,55.7709266],[37.3982596,55.7711769],[37.4005183,55.7714337],[37.4018275,55.7717981],[37.4085801,55.7757622],[37.4061353,55.7764131],[37.4040754,55.7774751],[37.4030883,55.7790922],[37.4031312,55.7808057],[37.4040754,55.7824227],[37.4074227,55.7864527],[37.4103355,55.7914293],[37.4127153,55.792139],[37.4154066,55.7920497],[37.4179973,55.7915441],[37.4198725,55.7902653],[37.421235,55.7886843],[37.4232948,55.7872614],[37.4263311,55.7864679],[37.4295242,55.7861872],[37.4318461,55.7864849],[37.4383023,55.7880778],[37.4419935,55.7901736],[37.445553,55.7925451],[37.4461022,55.7944941],[37.4469478,55.8001563],[37.4476344,55.8026167],[37.447334,55.8045463],[37.4464328,55.8065481],[37.4438591,55.8078618],[37.44124,55.8087428],[37.4380643,55.8091769],[37.4344838,55.8088168],[37.4301679,55.8088392],[37.4268205,55.8093939],[37.4198682,55.8115161],[37.4148442,55.8150481],[37.4141033,55.8163943],[37.4140939,55.8177924],[37.4144609,55.8191356],[37.4126155,55.8212814],[37.4071223,55.8255725],[37.4026162,55.8271876],[37.398153,55.8284651],[37.393696,55.8291697],[37.3922545,55.8235137],[37.3878905,55.8097622],[37.3861685,55.8098155],[37.3857222,55.8092829],[37.3850513,55.8093072],[37.3849343,55.8090023],[37.3862501,55.8087495],[37.3859825,55.8073094],[37.3867855,55.8069524],[37.3859537,55.8051878],[37.3846538,55.8032365],[37.3818064,55.7998945],[37.3744812,55.7923635],[37.3721524,55.7916076],[37.3688535,55.7912511],[37.3678444,55.791361],[37.36724,55.7903819]]]}},{"type":"Feature","bbox":[37.3313205,55.9081959,37.4224581,55.9572896],"properties":{"scope":"district","name":"Молжаниновский","aoName":"Северный","unitType":"Муниципальный округ","okato":"45277584","oktmo":"45343000","type":"administrative","category":"boundary","display_name":"Молжаниновский район, Москва, Центральный федеральный округ, Россия","source":"OpenStreetMap / Nominatim","refreshedAt":"2026-09-17"},"geometry":{"type":"Polygon","coordinates":[[[37.3313205,55.9338701],[37.3334455,55.9335885],[37.3366865,55.9326648],[37.3398343,55.9307309],[37.3435269,55.9266406],[37.3437067,55.9241832],[37.3492233,55.9260385],[37.3497022,55.9267761],[37.3564628,55.9299543],[37.3756398,55.9217077],[37.377823,55.9211143],[37.3769657,55.9207048],[37.3717351,55.9196431],[37.3688493,55.9179563],[37.3696713,55.9175133],[37.3660258,55.9153807],[37.3658403,55.9141697],[37.3682071,55.9102257],[37.3698614,55.9081959],[37.3767952,55.9112439],[37.3783502,55.9114895],[37.3830057,55.9113592],[37.3870521,55.9117312],[37.3942619,55.9144876],[37.3957806,55.9154976],[37.398713,55.9166177],[37.3949359,55.9193292],[37.393851,55.9211355],[37.393778,55.9215602],[37.3943312,55.9226576],[37.3968464,55.9261701],[37.4084134,55.9241346],[37.4106248,55.925248],[37.4102691,55.9272063],[37.4077466,55.9290304],[37.4094272,55.9296377],[37.4101622,55.9304426],[37.4098611,55.9314065],[37.4101679,55.9319133],[37.4094668,55.9330226],[37.4076688,55.9346914],[37.4066636,55.939028],[37.4077198,55.9392932],[37.4074528,55.939854],[37.4084228,55.9411325],[37.4082011,55.9414731],[37.4085786,55.9427713],[37.4103667,55.945258],[37.415558,55.9457605],[37.4161889,55.9465422],[37.4168021,55.94674],[37.4192998,55.9466966],[37.4208886,55.9471995],[37.4211368,55.9474815],[37.4207076,55.9497164],[37.4217832,55.9502361],[37.4224581,55.9513146],[37.4210469,55.951615],[37.4198547,55.9515805],[37.4198359,55.951986],[37.4204582,55.952516],[37.4199157,55.9530314],[37.4192398,55.9532776],[37.4167889,55.9534168],[37.4167836,55.9539303],[37.4161184,55.9543974],[37.4137634,55.9545265],[37.4131224,55.9541391],[37.4134013,55.9537275],[37.4121594,55.9539063],[37.4120066,55.9537997],[37.4121667,55.9534947],[37.4113789,55.953187],[37.4108344,55.9532816],[37.4105387,55.9539984],[37.4097233,55.9542052],[37.4081473,55.9539112],[37.4074765,55.9533538],[37.4076319,55.9529377],[37.4083185,55.9530489],[37.4086411,55.9527676],[37.4081951,55.9525022],[37.4079001,55.9517063],[37.4073959,55.9513294],[37.4064732,55.9514435],[37.4051723,55.9508983],[37.3980993,55.9497269],[37.3941887,55.9485901],[37.3932094,55.9486359],[37.3920805,55.9491232],[37.3916139,55.9500301],[37.3918871,55.9507314],[37.392985,55.9512875],[37.3931781,55.9518402],[37.3927919,55.9522727],[37.3902599,55.9519903],[37.3893801,55.9523207],[37.3895625,55.9528133],[37.3892192,55.9530836],[37.3876206,55.9533299],[37.3863653,55.9528613],[37.3847345,55.9532037],[37.3833198,55.9529551],[37.3828826,55.9526653],[37.3829234,55.9522845],[37.3837103,55.9515128],[37.3835505,55.9513137],[37.3826149,55.9508864],[37.3815823,55.9507932],[37.3772022,55.9524782],[37.3752549,55.9535925],[37.3751584,55.9544109],[37.3762313,55.9554425],[37.3719719,55.9561382],[37.3594469,55.9559712],[37.358211,55.9556423],[37.3582748,55.9552815],[37.3592083,55.9547835],[37.3579229,55.954734],[37.3584023,55.954555],[37.3577073,55.954484],[37.3581766,55.9534769],[37.3579972,55.9533316],[37.3560009,55.9535438],[37.3547616,55.9517115],[37.3534926,55.9511259],[37.3521331,55.9514894],[37.3503876,55.952475],[37.348819,55.9518948],[37.3464338,55.953622],[37.3463701,55.9543194],[37.346872,55.9550128],[37.3501948,55.9569202],[37.3495832,55.9572896],[37.3472722,55.9566503],[37.3445705,55.9564052],[37.3429914,55.9564282],[37.3415703,55.9568281],[37.3410173,55.9565621],[37.3417992,55.9559792],[37.3394677,55.9548276],[37.3350259,55.9535891],[37.3364424,55.9507148],[37.3385186,55.948859],[37.3381558,55.9485636],[37.3385741,55.9480078],[37.3405276,55.9462664],[37.3416982,55.9467499],[37.3479065,55.9432289],[37.3474532,55.9429426],[37.3510086,55.9407866],[37.3503948,55.940476],[37.3540987,55.9389069],[37.3514523,55.9372244],[37.3508811,55.9374477],[37.3495479,55.9366301],[37.3432683,55.9389578],[37.3386657,55.9370648],[37.3382088,55.9363776],[37.337379,55.9364081],[37.3358152,55.9357439],[37.3364918,55.9354447],[37.33678,55.9349949],[37.3363011,55.9347823],[37.334963,55.9353847],[37.3313205,55.9338701]]]}},{"type":"Feature","bbox":[37.3320437,55.8212845,37.3961451,55.8683619],"properties":{"scope":"district","name":"Митино","aoName":"Северо-Западный","unitType":"Муниципальный округ","okato":"45283559","oktmo":"45367000","type":"administrative","category":"boundary","display_name":"район Митино, Рождествено, Москва, Центральный федеральный округ, Россия","source":"OpenStreetMap / Nominatim","refreshedAt":"2026-09-17"},"geometry":{"type":"Polygon","coordinates":[[[37.3320437,55.8459483],[37.332726,55.8457108],[37.333004,55.8452849],[37.3428857,55.84484],[37.3490019,55.8437918],[37.3487418,55.8427943],[37.3478317,55.8411673],[37.3480271,55.8409993],[37.3474647,55.8406036],[37.3406559,55.840255],[37.3403714,55.8390079],[37.3450013,55.8364662],[37.341868,55.8341905],[37.3439355,55.8330958],[37.3487294,55.8322171],[37.3481358,55.8310258],[37.3486509,55.8307152],[37.3485673,55.8290754],[37.3446985,55.82627],[37.3448235,55.826067],[37.3491006,55.8265757],[37.3497145,55.8263737],[37.3510173,55.824602],[37.3515886,55.8243916],[37.3491556,55.8222253],[37.3523121,55.8212845],[37.3546059,55.8217604],[37.3541462,55.8223551],[37.3563725,55.8226601],[37.3540129,55.8263994],[37.3563561,55.8266578],[37.3568826,55.8265268],[37.3589247,55.8228877],[37.3597784,55.8224988],[37.3622219,55.8221992],[37.3626071,55.8231668],[37.3635376,55.8243612],[37.365873,55.8264811],[37.3672813,55.8274014],[37.3689161,55.8280237],[37.3799375,55.8306661],[37.3854286,55.8306599],[37.3939187,55.829862],[37.393696,55.8291697],[37.3944388,55.829101],[37.3949988,55.8304087],[37.3960328,55.8345163],[37.3961451,55.8371039],[37.3958649,55.8383457],[37.3949023,55.8406308],[37.3925174,55.8441974],[37.3918335,55.8465012],[37.392143,55.8486128],[37.3950478,55.8543249],[37.3941128,55.8544265],[37.3934837,55.8549174],[37.3920551,55.8550098],[37.3899694,55.8541642],[37.3878468,55.8556904],[37.3871672,55.8558609],[37.3866386,55.8556939],[37.385978,55.8547694],[37.3855164,55.85451],[37.3819717,55.854568],[37.3805325,55.8536225],[37.3798725,55.8534722],[37.3789804,55.8536389],[37.3777241,55.854296],[37.3761822,55.8545066],[37.3749347,55.8551704],[37.3749541,55.855548],[37.3761554,55.8561788],[37.3762315,55.8565208],[37.3758579,55.8569941],[37.3765154,55.8581766],[37.3800303,55.8594722],[37.3799498,55.8599007],[37.3784965,55.8608482],[37.3781735,55.8619917],[37.3794864,55.8627295],[37.3797707,55.8632944],[37.3780915,55.8640298],[37.3774496,55.8647195],[37.3779834,55.8650941],[37.3781544,55.8657703],[37.3779136,55.8659535],[37.3783515,55.8660894],[37.3780191,55.8665727],[37.3783208,55.8665706],[37.3783598,55.8669249],[37.3793053,55.8669384],[37.3792167,55.8672856],[37.3794062,55.8673525],[37.3786079,55.8677386],[37.378887,55.8678539],[37.378459,55.8679423],[37.37868,55.8680117],[37.3785687,55.8681232],[37.3779439,55.8680081],[37.3774889,55.8683619],[37.3755493,55.8678235],[37.3743241,55.8677801],[37.3736186,55.8673732],[37.3737337,55.8672589],[37.3731226,55.8671531],[37.3725429,55.8672741],[37.3723143,55.8676862],[37.3715171,55.8673444],[37.3706176,55.8673116],[37.3701097,55.8673542],[37.3699235,55.8676843],[37.3693562,55.8675605],[37.3692386,55.8677947],[37.3678568,55.8675786],[37.3673514,55.868019],[37.3673366,55.8677822],[37.3668441,55.8680281],[37.3664778,55.8678222],[37.3652052,55.8678988],[37.3652388,55.8676059],[37.3649318,55.8674018],[37.3641517,55.8676309],[37.3632772,55.8673257],[37.3628158,55.8674483],[37.3628222,55.8676471],[37.3601466,55.8660568],[37.3578908,55.8642649],[37.349819,55.8637988],[37.3493919,55.8635282],[37.3478345,55.8634304],[37.3458799,55.8629437],[37.3465853,55.8622364],[37.3451935,55.8613095],[37.3427195,55.8606225],[37.3426648,55.8603524],[37.3420223,55.8602068],[37.3414536,55.8586909],[37.3406337,55.8580491],[37.3402805,55.8571824],[37.3403516,55.8567452],[37.3400704,55.8564747],[37.3402903,55.8560015],[37.3395515,55.8551761],[37.3404194,55.8529675],[37.3409418,55.8526499],[37.3405645,55.8522035],[37.3404435,55.8515384],[37.3384729,55.8500639],[37.3376436,55.8498363],[37.3375148,55.8495847],[37.3382993,55.8491437],[37.3382777,55.84896],[37.3373335,55.8487991],[37.3372779,55.848519],[37.3369193,55.8484643],[37.3371679,55.8481715],[37.3357898,55.8480288],[37.3353207,55.8476916],[37.3341284,55.8477278],[37.3339268,55.8474856],[37.3340753,55.8473547],[37.3320767,55.8462996],[37.3320437,55.8459483]]]}},{"type":"Feature","bbox":[37.3617712,55.8709576,37.4309505,55.9128443],"properties":{"scope":"district","name":"Куркино","aoName":"Северо-Западный","unitType":"Муниципальный округ","okato":"45283555","oktmo":"45366000","type":"administrative","category":"boundary","display_name":"район Куркино, Москва, Центральный федеральный округ, 125466, Россия","source":"OpenStreetMap / Nominatim","refreshedAt":"2026-09-17"},"geometry":{"type":"Polygon","coordinates":[[[37.3617712,55.9014555],[37.3618894,55.9008678],[37.3624065,55.9004113],[37.3647991,55.9000741],[37.3656928,55.8994466],[37.366019,55.8988824],[37.3676335,55.8980386],[37.3674044,55.8970732],[37.3655227,55.8966179],[37.3657149,55.8959664],[37.365493,55.8949727],[37.365638,55.8947333],[37.3672753,55.8942673],[37.3691976,55.8944739],[37.3711847,55.8950227],[37.3739835,55.8950958],[37.3749168,55.8947511],[37.3772801,55.8928216],[37.377288,55.892479],[37.3766153,55.8921191],[37.3730104,55.8912318],[37.3730295,55.8907551],[37.3734752,55.8900743],[37.3726855,55.8892582],[37.3727875,55.8885563],[37.3725592,55.8876481],[37.3744503,55.8873238],[37.3747747,55.8869266],[37.3743759,55.8864059],[37.3716851,55.8845402],[37.3711942,55.8839596],[37.3711691,55.8835482],[37.3722283,55.8826605],[37.3728638,55.8815439],[37.3753152,55.8811693],[37.3758465,55.8812893],[37.3770543,55.8809299],[37.378165,55.8801579],[37.3798326,55.8799355],[37.3805307,55.8792963],[37.3810568,55.878284],[37.3821655,55.8778687],[37.3944357,55.8772425],[37.404035,55.8759958],[37.411428,55.8709576],[37.4152248,55.8727438],[37.4205708,55.874641],[37.4309505,55.8778512],[37.4296008,55.8780165],[37.4264475,55.8774698],[37.4240955,55.8780005],[37.4237221,55.8777174],[37.4211622,55.8779213],[37.4211552,55.8783224],[37.4171635,55.8783095],[37.4155185,55.879189],[37.4143735,55.8788674],[37.4141258,55.8790939],[37.4149316,55.8793108],[37.4094205,55.8806876],[37.4093978,55.8849173],[37.4055779,55.8862348],[37.4047271,55.8868034],[37.4042239,55.8875213],[37.4040278,55.8886169],[37.4043979,55.8911809],[37.4041816,55.8920695],[37.3992913,55.9007554],[37.3984488,55.901531],[37.3974783,55.9011959],[37.3923927,55.9021208],[37.3913797,55.9024645],[37.3902275,55.9033576],[37.3899078,55.9046047],[37.3902377,55.9126489],[37.3900178,55.9128443],[37.386724,55.911657],[37.3830057,55.9113592],[37.3783502,55.9114895],[37.3767952,55.9112439],[37.3662836,55.9067026],[37.3678461,55.9053439],[37.3685896,55.9055779],[37.3706763,55.9036305],[37.369545,55.9032148],[37.3664226,55.9028134],[37.3637998,55.9021711],[37.3625073,55.9013825],[37.3617712,55.9014555]]]}},{"type":"Feature","bbox":[37.3653882,55.7448262,37.4646628,55.7773271],"properties":{"scope":"district","name":"Крылатское","aoName":"Западный","unitType":"Муниципальный округ","okato":"45268560","oktmo":"45319000","type":"administrative","category":"boundary","display_name":"район Крылатское, Москва, Центральный федеральный округ, Россия","source":"OpenStreetMap / Nominatim","refreshedAt":"2026-09-17"},"geometry":{"type":"Polygon","coordinates":[[[37.3653882,55.7718121],[37.3818603,55.7642238],[37.4220752,55.7448262],[37.4283415,55.7487894],[37.4309885,55.749964],[37.4330442,55.7500589],[37.4369216,55.7492638],[37.4392216,55.7505309],[37.4530833,55.753888],[37.4554436,55.7547815],[37.4576323,55.75582],[37.4596064,55.7571482],[37.4634259,55.7601907],[37.4645205,55.7623834],[37.4646628,55.7632953],[37.4645615,55.7643068],[37.4639901,55.7657713],[37.4552656,55.7741771],[37.45303,55.7756937],[37.4506431,55.7768688],[37.4482727,55.7773271],[37.4454867,55.7768773],[37.4362176,55.7744065],[37.4341209,55.7741996],[37.4288433,55.7742825],[37.4169486,55.7753278],[37.4085801,55.7757622],[37.4018275,55.7717981],[37.3982596,55.7711769],[37.3867388,55.7709266],[37.3834025,55.7721825],[37.3797521,55.7723483],[37.3789227,55.7720323],[37.3788354,55.7716773],[37.3708646,55.7710135],[37.3702608,55.7713623],[37.3702616,55.7730269],[37.3688853,55.7730383],[37.3687433,55.7724986],[37.3678722,55.7721208],[37.3663151,55.7717308],[37.3653882,55.7718121]]]}},{"type":"Feature","bbox":[37.3678536,55.6261802,37.4568478,55.6807762],"properties":{"scope":"district","name":"Солнцево","aoName":"Западный","unitType":"Муниципальный округ","okato":"45268588","oktmo":"45326000","type":"administrative","category":"boundary","display_name":"район Солнцево, Москва, Центральный федеральный округ, Россия","source":"OpenStreetMap / Nominatim","refreshedAt":"2026-09-17"},"geometry":{"type":"Polygon","coordinates":[[[37.3678536,55.6532045],[37.3692428,55.6517742],[37.3707423,55.6510625],[37.3766483,55.651118],[37.3769428,55.6506588],[37.3767251,55.6502903],[37.3770008,55.6491767],[37.3757463,55.6485941],[37.3758542,55.6481458],[37.3743222,55.6474378],[37.3748812,55.6470678],[37.3743319,55.6463413],[37.3740057,55.6449125],[37.3732317,55.644981],[37.3729436,55.6447348],[37.3737017,55.6438644],[37.3744949,55.6435084],[37.3744949,55.6429151],[37.3752213,55.6422086],[37.3758329,55.6419389],[37.3744185,55.6409303],[37.3743302,55.6392365],[37.3738581,55.6389749],[37.3748795,55.6382676],[37.374459,55.6380932],[37.3747594,55.6376669],[37.3749396,55.6375506],[37.3755404,55.6378413],[37.3753688,55.6374925],[37.3756263,55.6372018],[37.3753087,55.6368046],[37.3771197,55.6360633],[37.3794329,55.633707],[37.3809515,55.6326871],[37.3871166,55.6322554],[37.3886019,55.6316954],[37.3876952,55.6284972],[37.3927062,55.6279914],[37.3928439,55.6274082],[37.3939173,55.6273686],[37.3947194,55.6283988],[37.396352,55.6286026],[37.4044301,55.6284557],[37.4056081,55.6279451],[37.4058053,55.6272929],[37.4085512,55.6269422],[37.4086726,55.6262891],[37.4184916,55.6262336],[37.4417401,55.6321821],[37.4485741,55.6342436],[37.4558296,55.6374475],[37.4562827,55.6379683],[37.4568478,55.6401724],[37.4567711,55.6405261],[37.4354189,55.6586843],[37.4305568,55.6638327],[37.4180305,55.6805476],[37.417481,55.6807762],[37.410585,55.6780483],[37.4112905,55.6774909],[37.4089253,55.6763247],[37.4059717,55.6744578],[37.4057073,55.673281],[37.4048008,55.6728286],[37.4040325,55.6710433],[37.4042452,55.6707015],[37.4059429,55.6701039],[37.4067319,55.6703729],[37.4075357,55.6697626],[37.4073381,55.6696825],[37.4130736,55.6674098],[37.4154573,55.6647647],[37.4119834,55.6636178],[37.404661,55.6619362],[37.4021647,55.6615229],[37.3998873,55.6615583],[37.3972414,55.6610404],[37.3941332,55.6609367],[37.3890614,55.6619263],[37.3866645,55.6644111],[37.3861581,55.6645757],[37.380066,55.6644295],[37.379712,55.6640279],[37.378318,55.6598282],[37.3780033,55.6594828],[37.3769914,55.659102],[37.370952,55.6590578],[37.3697653,55.6595194],[37.3678536,55.6532045]]]}},{"type":"Feature","bbox":[37.36827,55.52656,37.5548,55.62095],"properties":{"scope":"district","name":"Сосенское","aoName":"Новомосковский","unitType":"Поселение","okato":"45297574","oktmo":"45958000","type":"administrative","category":"boundary","display_name":"Сосенское, Новомосковский административный округ, Москва, Россия","source":"GIS-Lab / OpenStreetMap"},"geometry":{"type":"Polygon","coordinates":[[[37.36827,55.56716],[37.37187,55.5693],[37.37262,55.57021],[37.37226,55.57057],[37.37333,55.57226],[37.37335,55.57364],[37.37466,55.57534],[37.37444,55.57592],[37.37667,55.57624],[37.37944,55.5769],[37.38195,55.57836],[37.38258,55.57862],[37.3853,55.57956],[37.3871,55.58013],[37.39068,55.58112],[37.39249,55.5825],[37.39884,55.58765],[37.4009,55.58924],[37.40077,55.59077],[37.40123,55.59777],[37.40154,55.59865],[37.40294,55.59944],[37.4061,55.6011],[37.40918,55.60279],[37.41093,55.60424],[37.41232,55.60563],[37.40863,55.60605],[37.40805,55.60692],[37.40758,55.60826],[37.40851,55.60975],[37.41874,55.60955],[37.43287,55.6092],[37.4333,55.60938],[37.4341,55.60988],[37.43505,55.61026],[37.43494,55.61043],[37.43621,55.61095],[37.43694,55.61139],[37.43718,55.61157],[37.43884,55.61334],[37.44034,55.61475],[37.44168,55.61538],[37.44292,55.6158],[37.44274,55.61684],[37.44402,55.61892],[37.44591,55.61939],[37.4461,55.62063],[37.44735,55.62081],[37.44922,55.62095],[37.45085,55.62063],[37.45442,55.61945],[37.45799,55.61812],[37.46163,55.61675],[37.45822,55.60964],[37.45813,55.60928],[37.45818,55.60874],[37.45825,55.60826],[37.45852,55.60761],[37.45861,55.60736],[37.4586,55.60728],[37.45872,55.60707],[37.459,55.60681],[37.45967,55.60625],[37.46049,55.60563],[37.46325,55.60409],[37.46601,55.60327],[37.46777,55.60283],[37.47425,55.60135],[37.47904,55.60103],[37.48208,55.60022],[37.48462,55.6036],[37.48669,55.60652],[37.48784,55.60839],[37.48833,55.60827],[37.48879,55.60816],[37.48904,55.60859],[37.48917,55.60877],[37.48931,55.60895],[37.4894,55.6091],[37.4895,55.60925],[37.48963,55.60938],[37.48974,55.60948],[37.48977,55.6095],[37.48985,55.60961],[37.48995,55.60968],[37.48997,55.60966],[37.49021,55.60985],[37.49045,55.60996],[37.4907,55.61006],[37.49095,55.61017],[37.49118,55.6101],[37.49133,55.61],[37.49136,55.60998],[37.49137,55.60998],[37.49151,55.60993],[37.49171,55.60977],[37.49192,55.60958],[37.49219,55.60935],[37.4924,55.60912],[37.49252,55.609],[37.49263,55.60889],[37.49275,55.60877],[37.49293,55.60869],[37.4931,55.60863],[37.49336,55.60862],[37.49371,55.60863],[37.49409,55.60857],[37.4941,55.60857],[37.49752,55.6056],[37.49825,55.60497],[37.50148,55.60221],[37.50154,55.60216],[37.50218,55.60161],[37.50252,55.60135],[37.50347,55.60062],[37.50655,55.59825],[37.50872,55.59717],[37.51119,55.59594],[37.51155,55.59576],[37.51188,55.5956],[37.51809,55.59365],[37.52629,55.59162],[37.52629,55.59162],[37.52631,55.59161],[37.52648,55.59148],[37.52658,55.5914],[37.5267,55.5913],[37.52686,55.59116],[37.52689,55.59114],[37.52701,55.59099],[37.52736,55.59047],[37.52741,55.59036],[37.52747,55.59019],[37.52748,55.59003],[37.52742,55.58987],[37.52724,55.58966],[37.52771,55.58955],[37.5278,55.58959],[37.5279,55.58961],[37.52814,55.58957],[37.52838,55.58951],[37.5288,55.58947],[37.52908,55.58953],[37.52925,55.58961],[37.52934,55.58968],[37.52982,55.5903],[37.53004,55.59053],[37.53016,55.59066],[37.53027,55.59069],[37.53042,55.5907],[37.53872,55.58871],[37.54727,55.58666],[37.5472,55.5866],[37.54706,55.58648],[37.54583,55.58569],[37.54568,55.58558],[37.54575,55.58553],[37.54577,55.5855],[37.54577,55.58544],[37.54576,55.58543],[37.54576,55.58542],[37.54576,55.58542],[37.54576,55.58541],[37.54575,55.58539],[37.54572,55.58535],[37.54569,55.58533],[37.54565,55.5853],[37.54562,55.58528],[37.54559,55.58527],[37.54556,55.58525],[37.54554,55.58523],[37.54553,55.58521],[37.5455,55.58519],[37.54548,55.58516],[37.54545,55.58513],[37.54544,55.5851],[37.54543,55.58509],[37.54543,55.58508],[37.54543,55.58508],[37.54543,55.58506],[37.54544,55.58505],[37.54544,55.58504],[37.54545,55.58504],[37.54546,55.58503],[37.54547,55.58502],[37.54552,55.58502],[37.54554,55.58501],[37.54554,55.58501],[37.54552,55.585],[37.54551,55.585],[37.5455,55.585],[37.54548,55.585],[37.54546,55.58499],[37.54544,55.58498],[37.54543,55.58498],[37.54542,55.58497],[37.54541,55.58495],[37.54542,55.58494],[37.54543,55.58494],[37.54544,55.58492],[37.54545,55.58491],[37.54546,55.5849],[37.54578,55.58484],[37.54582,55.58484],[37.54588,55.58484],[37.54592,55.58483],[37.54595,55.58479],[37.54597,55.58473],[37.54601,55.58469],[37.54608,55.58465],[37.54611,55.58462],[37.54614,55.58458],[37.54617,55.58452],[37.54622,55.58434],[37.54624,55.58426],[37.54624,55.58421],[37.54624,55.58413],[37.54625,55.58411],[37.54631,55.5841],[37.54645,55.58408],[37.54664,55.58406],[37.54683,55.58402],[37.54699,55.58397],[37.54712,55.58393],[37.54728,55.58389],[37.54736,55.58385],[37.54741,55.58381],[37.54746,55.58379],[37.54752,55.58377],[37.54757,55.58376],[37.54762,55.58374],[37.54764,55.5837],[37.54766,55.58364],[37.54768,55.58361],[37.54783,55.58351],[37.54799,55.58339],[37.54808,55.58335],[37.54818,55.58331],[37.54824,55.58327],[37.5483,55.58324],[37.54834,55.58323],[37.5484,55.58321],[37.54847,55.58322],[37.54854,55.58323],[37.5486,55.58324],[37.54871,55.58325],[37.54873,55.58321],[37.54873,55.58319],[37.54876,55.58318],[37.54876,55.58317],[37.54877,55.58315],[37.54877,55.58312],[37.54876,55.58308],[37.54877,55.58306],[37.54878,55.58304],[37.5488,55.58302],[37.54884,55.583],[37.54888,55.58297],[37.5489,55.58296],[37.54894,55.58294],[37.54896,55.58294],[37.54897,55.58294],[37.54899,55.58294],[37.549,55.58296],[37.54901,55.58297],[37.54904,55.58298],[37.54906,55.58299],[37.54909,55.58299],[37.5491,55.58299],[37.54912,55.58298],[37.54914,55.58297],[37.54918,55.58295],[37.54921,55.58292],[37.54923,55.5829],[37.54926,55.58287],[37.54927,55.58284],[37.54927,55.58283],[37.54928,55.58281],[37.54928,55.58278],[37.54927,55.58277],[37.54927,55.58276],[37.54925,55.58275],[37.54923,55.58273],[37.54923,55.58273],[37.54922,55.58271],[37.54923,55.58269],[37.54924,55.58268],[37.54925,55.58266],[37.54928,55.58265],[37.54933,55.58263],[37.54935,55.58262],[37.54939,55.5826],[37.54941,55.58258],[37.54943,55.58256],[37.54947,55.58251],[37.54949,55.58245],[37.54951,55.58241],[37.54953,55.58234],[37.54953,55.5823],[37.54953,55.58229],[37.54952,55.58227],[37.54951,55.58226],[37.5495,55.58225],[37.54949,55.58225],[37.54947,55.58224],[37.54945,55.58224],[37.54941,55.58224],[37.54939,55.58225],[37.54937,55.58226],[37.54933,55.58229],[37.54929,55.58232],[37.54927,55.58234],[37.54924,55.58238],[37.5492,55.58242],[37.54916,55.58246],[37.54913,55.5825],[37.54912,55.58251],[37.54911,55.58251],[37.54909,55.58252],[37.54907,55.58252],[37.54906,55.58252],[37.54903,55.58251],[37.54902,55.5825],[37.549,55.58249],[37.549,55.58248],[37.549,55.58246],[37.549,55.58245],[37.54903,55.58242],[37.54905,55.58239],[37.54909,55.58235],[37.54915,55.58229],[37.54919,55.58226],[37.54925,55.58222],[37.54929,55.58221],[37.54935,55.58218],[37.54947,55.58215],[37.54951,55.58213],[37.54952,55.58212],[37.54954,55.58211],[37.54956,55.58209],[37.54957,55.58206],[37.54959,55.58201],[37.54961,55.58196],[37.54961,55.58194],[37.54961,55.58192],[37.5496,55.58191],[37.54958,55.58188],[37.54954,55.58182],[37.54953,55.5818],[37.54952,55.58176],[37.54952,55.58174],[37.54952,55.58173],[37.54953,55.5817],[37.54958,55.58162],[37.54958,55.5816],[37.54959,55.58156],[37.54962,55.58149],[37.54963,55.58144],[37.54965,55.58142],[37.54967,55.5814],[37.54972,55.58137],[37.54978,55.58134],[37.5498,55.58133],[37.54983,55.58132],[37.54986,55.58132],[37.54987,55.58131],[37.54988,55.58131],[37.5499,55.58129],[37.54991,55.58129],[37.54993,55.58129],[37.54995,55.58128],[37.54996,55.58128],[37.54998,55.58127],[37.54999,55.58126],[37.55002,55.58123],[37.55006,55.58116],[37.55009,55.58112],[37.55013,55.58107],[37.55019,55.581],[37.55021,55.58098],[37.55022,55.58095],[37.55023,55.58094],[37.5502,55.58092],[37.55022,55.58093],[37.5502,55.58092],[37.5502,55.58091],[37.5502,55.58089],[37.55021,55.58089],[37.55023,55.58086],[37.55026,55.58083],[37.55028,55.58082],[37.55032,55.58079],[37.55034,55.58079],[37.55036,55.58078],[37.5504,55.58078],[37.55042,55.58077],[37.55044,55.58076],[37.55043,55.58073],[37.55046,55.58074],[37.55046,55.58072],[37.55046,55.58072],[37.55046,55.58071],[37.55045,55.5807],[37.55042,55.58068],[37.55042,55.58067],[37.55043,55.58066],[37.55043,55.58065],[37.55045,55.58065],[37.55047,55.58065],[37.55048,55.58064],[37.55052,55.58065],[37.55054,55.58065],[37.55057,55.58065],[37.55058,55.58066],[37.5506,55.58066],[37.55062,55.58066],[37.55064,55.58066],[37.55066,55.58065],[37.55069,55.58064],[37.5507,55.5806],[37.55083,55.5805],[37.55087,55.58048],[37.55094,55.58043],[37.55101,55.5804],[37.55114,55.58034],[37.55118,55.58032],[37.55103,55.58028],[37.54793,55.579],[37.54575,55.57836],[37.54426,55.57852],[37.54294,55.57844],[37.54248,55.57852],[37.54191,55.57855],[37.54092,55.57884],[37.54079,55.57905],[37.54107,55.57919],[37.54103,55.57923],[37.54052,55.5793],[37.53865,55.57956],[37.53685,55.57729],[37.5393,55.57672],[37.5393,55.57672],[37.53873,55.57592],[37.53995,55.57604],[37.53995,55.57604],[37.53951,55.5744],[37.53955,55.57333],[37.53955,55.57326],[37.53692,55.57315],[37.53689,55.5731],[37.53724,55.57239],[37.53891,55.57221],[37.53891,55.57221],[37.54032,55.57167],[37.54069,55.57113],[37.54368,55.57075],[37.54369,55.57075],[37.54451,55.57022],[37.54612,55.56994],[37.54695,55.57045],[37.5475,55.5704],[37.54751,55.5704],[37.54888,55.56994],[37.54789,55.56892],[37.55014,55.56832],[37.5535,55.56762],[37.55377,55.56604],[37.55345,55.56492],[37.55316,55.56406],[37.55251,55.56365],[37.55174,55.56352],[37.55059,55.5636],[37.55049,55.56332],[37.55036,55.56293],[37.55202,55.56185],[37.5548,55.56148],[37.55447,55.56026],[37.5542,55.5593],[37.55297,55.55623],[37.55237,55.55522],[37.55215,55.55487],[37.55188,55.55479],[37.55141,55.55464],[37.54947,55.55413],[37.54882,55.55263],[37.54488,55.55202],[37.53651,55.55367],[37.52919,55.55525],[37.52858,55.55486],[37.52535,55.55344],[37.52331,55.55255],[37.52161,55.55182],[37.52137,55.55172],[37.52027,55.55124],[37.51819,55.55032],[37.51798,55.55022],[37.5145,55.5485],[37.51111,55.54499],[37.50777,55.54295],[37.50751,55.54288],[37.50066,55.54131],[37.49345,55.53965],[37.49103,55.53943],[37.48877,55.53963],[37.48868,55.53968],[37.48787,55.53977],[37.4878,55.53984],[37.48774,55.53987],[37.48776,55.53997],[37.48774,55.53997],[37.48775,55.54009],[37.48748,55.54009],[37.48747,55.53991],[37.48618,55.53979],[37.48573,55.53969],[37.4851,55.53952],[37.48412,55.53926],[37.4822,55.53881],[37.48215,55.53885],[37.47762,55.53779],[37.47761,55.53779],[37.47631,55.53748],[37.47631,55.53748],[37.47629,55.53748],[37.47619,55.53745],[37.47552,55.5373],[37.47571,55.53539],[37.47571,55.53539],[37.47575,55.535],[37.47576,55.53478],[37.47516,55.53411],[37.47495,55.53349],[37.47503,55.53291],[37.47516,55.53267],[37.47535,55.53238],[37.47593,55.53186],[37.47597,55.53113],[37.47599,55.5309],[37.4761,55.52977],[37.47612,55.5296],[37.4761,55.52903],[37.47616,55.52787],[37.47625,55.52662],[37.47628,55.52656],[37.47616,55.52658],[37.47586,55.5267],[37.47395,55.52729],[37.47366,55.52749],[37.47341,55.52764],[37.47323,55.5278],[37.47306,55.52784],[37.47283,55.52792],[37.47249,55.5281],[37.47224,55.52829],[37.47196,55.52865],[37.47189,55.52883],[37.47184,55.52892],[37.47154,55.52899],[37.4713,55.52902],[37.47108,55.52897],[37.471,55.52882],[37.47093,55.52938],[37.47122,55.52934],[37.47128,55.52956],[37.4709,55.5296],[37.4709,55.52964],[37.47091,55.52971],[37.47095,55.52979],[37.47096,55.52985],[37.47092,55.53027],[37.47085,55.5307],[37.47078,55.53113],[37.47074,55.53148],[37.4707,55.53184],[37.47047,55.53296],[37.47022,55.53401],[37.47019,55.53413],[37.46947,55.53391],[37.46897,55.53384],[37.46785,55.53372],[37.46673,55.53359],[37.46522,55.53345],[37.46493,55.53343],[37.46492,55.53347],[37.46497,55.53445],[37.46497,55.53446],[37.46578,55.53448],[37.46585,55.53529],[37.46585,55.53529],[37.46591,55.53611],[37.4651,55.5361],[37.46205,55.53616],[37.46073,55.53655],[37.46046,55.53753],[37.46023,55.53752],[37.45893,55.53746],[37.45893,55.53764],[37.45851,55.53767],[37.45849,55.53765],[37.45765,55.5377],[37.45767,55.53757],[37.45722,55.53756],[37.45723,55.5376],[37.4567,55.5376],[37.45669,55.53766],[37.45619,55.53771],[37.45533,55.5378],[37.45459,55.53783],[37.45458,55.53787],[37.45379,55.53797],[37.45306,55.53801],[37.45255,55.53815],[37.45175,55.53823],[37.45134,55.53829],[37.44925,55.53845],[37.44888,55.53852],[37.44813,55.53847],[37.44784,55.53844],[37.44744,55.53842],[37.44744,55.5384],[37.44708,55.53839],[37.44683,55.53838],[37.44682,55.53843],[37.44671,55.53842],[37.44672,55.53837],[37.44665,55.53837],[37.44665,55.53836],[37.4465,55.53835],[37.44651,55.53823],[37.44556,55.53819],[37.44548,55.53815],[37.44539,55.53882],[37.44565,55.53937],[37.44578,55.5399],[37.44584,55.54183],[37.4429,55.54073],[37.44174,55.53997],[37.43852,55.54036],[37.43628,55.54108],[37.43442,55.54156],[37.42967,55.54441],[37.4287,55.54398],[37.42873,55.54379],[37.42731,55.54315],[37.42659,55.54307],[37.42594,55.54287],[37.42506,55.54257],[37.425,55.54229],[37.42421,55.54196],[37.4245,55.5413],[37.42464,55.54064],[37.42358,55.54009],[37.42053,55.53907],[37.41983,55.53892],[37.41957,55.53885],[37.41938,55.53902],[37.4189,55.53938],[37.41745,55.54052],[37.41653,55.54126],[37.41462,55.5427],[37.41363,55.54342],[37.41256,55.54417],[37.41218,55.54445],[37.41168,55.54493],[37.41149,55.54486],[37.40945,55.54405],[37.40011,55.54028],[37.40151,55.54124],[37.40218,55.54156],[37.40396,55.54409],[37.40605,55.54669],[37.40505,55.54905],[37.40396,55.54948],[37.40401,55.54906],[37.40305,55.54885],[37.4003,55.54918],[37.39916,55.54991],[37.40075,55.55162],[37.39894,55.55207],[37.39923,55.55266],[37.39736,55.55332],[37.39647,55.55252],[37.39221,55.55364],[37.39275,55.55461],[37.39406,55.55566],[37.39339,55.55595],[37.39087,55.55672],[37.38942,55.55684],[37.38943,55.55731],[37.38941,55.55789],[37.3891,55.55837],[37.38907,55.55842],[37.38904,55.55883],[37.3881,55.55908],[37.38732,55.55931],[37.38478,55.5601],[37.38455,55.5607],[37.38431,55.56081],[37.38441,55.56093],[37.3817,55.5616],[37.37924,55.5622],[37.37885,55.56178],[37.3787,55.56177],[37.37698,55.56192],[37.37838,55.56364],[37.37829,55.56369],[37.37868,55.56401],[37.37738,55.56421],[37.37585,55.56457],[37.37593,55.56503],[37.376,55.56552],[37.37624,55.56675],[37.3763,55.56696],[37.37668,55.56831],[37.37554,55.56868],[37.37441,55.56904],[37.37239,55.56798],[37.37084,55.56709],[37.36907,55.56649],[37.36827,55.56716]]]}},{"type":"Feature","bbox":[37.39178,55.48368,37.61135,55.54493],"properties":{"scope":"district","name":"Воскресенское","aoName":"Новомосковский","unitType":"Поселение","okato":"45297554","oktmo":"45942000","type":"administrative","category":"boundary","display_name":"Воскресенское, Новомосковский административный округ, Москва, Россия","source":"GIS-Lab / OpenStreetMap"},"geometry":{"type":"Polygon","coordinates":[[[37.39178,55.52931],[37.39216,55.5302],[37.39237,55.53064],[37.39257,55.53107],[37.39296,55.53185],[37.39383,55.53217],[37.39469,55.53249],[37.39677,55.53325],[37.39884,55.53402],[37.39992,55.53442],[37.40108,55.53485],[37.40143,55.53511],[37.39955,55.53746],[37.3985,55.53892],[37.39878,55.53904],[37.39881,55.53901],[37.39939,55.53924],[37.39948,55.53928],[37.40065,55.53975],[37.40011,55.54028],[37.40945,55.54405],[37.41149,55.54486],[37.41168,55.54493],[37.41218,55.54445],[37.41256,55.54417],[37.41363,55.54342],[37.41462,55.5427],[37.41653,55.54126],[37.41745,55.54052],[37.4189,55.53938],[37.41938,55.53902],[37.41957,55.53885],[37.41983,55.53892],[37.42053,55.53907],[37.42358,55.54009],[37.42464,55.54064],[37.4245,55.5413],[37.42421,55.54196],[37.425,55.54229],[37.42506,55.54257],[37.42594,55.54287],[37.42659,55.54307],[37.42731,55.54315],[37.42873,55.54379],[37.4287,55.54398],[37.42967,55.54441],[37.43442,55.54156],[37.43628,55.54108],[37.43852,55.54036],[37.44174,55.53997],[37.4429,55.54073],[37.44584,55.54183],[37.44578,55.5399],[37.44565,55.53937],[37.44539,55.53882],[37.44548,55.53815],[37.44556,55.53819],[37.44651,55.53823],[37.4465,55.53835],[37.44665,55.53836],[37.44665,55.53837],[37.44672,55.53837],[37.44671,55.53842],[37.44682,55.53843],[37.44683,55.53838],[37.44708,55.53839],[37.44744,55.5384],[37.44744,55.53842],[37.44784,55.53844],[37.44813,55.53847],[37.44888,55.53852],[37.44925,55.53845],[37.45134,55.53829],[37.45175,55.53823],[37.45255,55.53815],[37.45306,55.53801],[37.45379,55.53797],[37.45458,55.53787],[37.45459,55.53783],[37.45533,55.5378],[37.45619,55.53771],[37.45669,55.53766],[37.4567,55.5376],[37.45723,55.5376],[37.45722,55.53756],[37.45767,55.53757],[37.45765,55.5377],[37.45849,55.53765],[37.45851,55.53767],[37.45893,55.53764],[37.45893,55.53746],[37.46023,55.53752],[37.46046,55.53753],[37.46073,55.53655],[37.46205,55.53616],[37.4651,55.5361],[37.46591,55.53611],[37.46585,55.53529],[37.46585,55.53529],[37.46578,55.53448],[37.46497,55.53446],[37.46497,55.53445],[37.46492,55.53347],[37.46493,55.53343],[37.46522,55.53345],[37.46673,55.53359],[37.46785,55.53372],[37.46897,55.53384],[37.46947,55.53391],[37.47019,55.53413],[37.47022,55.53401],[37.47047,55.53296],[37.4707,55.53184],[37.47074,55.53148],[37.47078,55.53113],[37.47085,55.5307],[37.47092,55.53027],[37.47096,55.52985],[37.47095,55.52979],[37.47091,55.52971],[37.4709,55.52964],[37.4709,55.5296],[37.47128,55.52956],[37.47122,55.52934],[37.47093,55.52938],[37.471,55.52882],[37.47108,55.52897],[37.4713,55.52902],[37.47154,55.52899],[37.47184,55.52892],[37.47189,55.52883],[37.47196,55.52865],[37.47224,55.52829],[37.47249,55.5281],[37.47283,55.52792],[37.47306,55.52784],[37.47323,55.5278],[37.47341,55.52764],[37.47366,55.52749],[37.47395,55.52729],[37.47586,55.5267],[37.47616,55.52658],[37.47628,55.52656],[37.47634,55.52653],[37.47636,55.5265],[37.47635,55.52644],[37.47638,55.52642],[37.47648,55.5264],[37.47655,55.5264],[37.47661,55.52642],[37.47666,55.52643],[37.47671,55.52643],[37.47678,55.52642],[37.47684,55.5264],[37.47687,55.52638],[37.47692,55.52635],[37.47706,55.52628],[37.47716,55.52624],[37.47727,55.52622],[37.47734,55.52617],[37.47739,55.52616],[37.47749,55.52614],[37.47761,55.52614],[37.47769,55.52615],[37.47775,55.52615],[37.47782,55.52614],[37.47787,55.52613],[37.47792,55.52613],[37.47803,55.52615],[37.47817,55.52616],[37.47821,55.52617],[37.47824,55.52618],[37.47825,55.5262],[37.47825,55.52621],[37.47823,55.52624],[37.47822,55.52626],[37.47824,55.52629],[37.47828,55.52631],[37.47835,55.52635],[37.47839,55.52637],[37.47842,55.52641],[37.47846,55.52642],[37.47851,55.52644],[37.47854,55.52646],[37.47858,55.52649],[37.47861,55.52651],[37.47865,55.52651],[37.4788,55.52651],[37.47891,55.52652],[37.47895,55.52651],[37.47901,55.52649],[37.4791,55.52646],[37.47914,55.52642],[37.47916,55.5264],[37.47918,55.52636],[37.47919,55.52635],[37.47927,55.52633],[37.47935,55.52631],[37.47944,55.5263],[37.47953,55.52629],[37.47958,55.52628],[37.47969,55.52625],[37.47973,55.52624],[37.4798,55.52624],[37.4799,55.52624],[37.47997,55.52623],[37.48004,55.52622],[37.48014,55.52621],[37.48017,55.5262],[37.4802,55.52621],[37.48024,55.52622],[37.48027,55.52623],[37.4803,55.52624],[37.48035,55.52625],[37.48042,55.52624],[37.48048,55.52626],[37.48053,55.52628],[37.4806,55.5263],[37.48065,55.52633],[37.4807,55.52637],[37.48075,55.52641],[37.4808,55.52645],[37.48098,55.52651],[37.48106,55.52654],[37.48112,55.52654],[37.48118,55.52655],[37.48124,55.52657],[37.48129,55.52659],[37.4814,55.52662],[37.48147,55.52664],[37.48157,55.52669],[37.48168,55.52674],[37.48177,55.5268],[37.48185,55.52688],[37.48188,55.5269],[37.48193,55.52694],[37.48199,55.52697],[37.48204,55.52699],[37.48209,55.52699],[37.48216,55.52699],[37.48225,55.52699],[37.48237,55.52697],[37.48242,55.52697],[37.48246,55.52697],[37.48252,55.52699],[37.48261,55.52702],[37.4828,55.52709],[37.4829,55.52714],[37.48294,55.52716],[37.48296,55.52719],[37.48297,55.52722],[37.48297,55.52725],[37.48295,55.52728],[37.48293,55.52731],[37.48289,55.52735],[37.48282,55.52746],[37.48281,55.52751],[37.4828,55.52756],[37.4828,55.52762],[37.48281,55.52768],[37.48279,55.52777],[37.4828,55.52781],[37.48283,55.52794],[37.48288,55.52804],[37.48291,55.52808],[37.48299,55.52813],[37.48311,55.52822],[37.48316,55.52826],[37.48317,55.52827],[37.48316,55.52828],[37.48311,55.52833],[37.4831,55.52834],[37.48309,55.52843],[37.4831,55.52853],[37.48312,55.5286],[37.48314,55.52863],[37.48321,55.52864],[37.48331,55.52864],[37.48339,55.52864],[37.48343,55.52865],[37.4835,55.52868],[37.48366,55.52872],[37.48379,55.52876],[37.4839,55.52879],[37.48399,55.52883],[37.48408,55.52887],[37.48416,55.52891],[37.48423,55.52894],[37.48438,55.529],[37.48452,55.52904],[37.48464,55.52907],[37.48487,55.52914],[37.48495,55.52917],[37.48499,55.52919],[37.48511,55.52927],[37.48515,55.52932],[37.48522,55.52942],[37.48527,55.52949],[37.48531,55.52953],[37.48536,55.52957],[37.48548,55.52962],[37.48555,55.52964],[37.48567,55.52966],[37.48579,55.52968],[37.48594,55.5297],[37.48632,55.52977],[37.48643,55.52979],[37.48653,55.52979],[37.4866,55.5298],[37.48667,55.5298],[37.48676,55.52979],[37.48683,55.52978],[37.4869,55.52976],[37.48696,55.52974],[37.48703,55.5297],[37.48718,55.5296],[37.48722,55.52958],[37.48727,55.52959],[37.48732,55.52959],[37.48738,55.5296],[37.48744,55.52962],[37.4875,55.52964],[37.48756,55.52964],[37.48763,55.52964],[37.48769,55.52964],[37.48779,55.52962],[37.48785,55.5296],[37.48789,55.52959],[37.48794,55.52955],[37.48803,55.52949],[37.48808,55.52947],[37.48813,55.52946],[37.48818,55.52946],[37.48823,55.52946],[37.4883,55.52947],[37.48838,55.52949],[37.48863,55.52957],[37.48871,55.52961],[37.48874,55.52963],[37.48876,55.52965],[37.48876,55.52968],[37.48878,55.52972],[37.48884,55.52977],[37.48895,55.52985],[37.48904,55.5299],[37.48916,55.52996],[37.48922,55.52998],[37.48928,55.52999],[37.48936,55.53],[37.48943,55.52999],[37.48948,55.52998],[37.4895,55.52996],[37.48948,55.52993],[37.48946,55.52991],[37.48942,55.52989],[37.48938,55.52986],[37.48938,55.52982],[37.48939,55.52978],[37.48936,55.5297],[37.48937,55.52967],[37.48939,55.52965],[37.48956,55.52958],[37.48959,55.52957],[37.48964,55.52957],[37.48967,55.5296],[37.48972,55.52963],[37.48975,55.52963],[37.48983,55.52963],[37.48991,55.5296],[37.48998,55.52956],[37.49008,55.52948],[37.49018,55.52943],[37.49023,55.52938],[37.49029,55.52933],[37.49033,55.52932],[37.49043,55.52931],[37.49048,55.52932],[37.49052,55.52933],[37.49059,55.52933],[37.49069,55.52932],[37.49073,55.52931],[37.49075,55.5293],[37.49076,55.52929],[37.49075,55.52926],[37.49074,55.52924],[37.49076,55.52922],[37.49079,55.5292],[37.49086,55.52918],[37.49094,55.52917],[37.49108,55.52916],[37.49112,55.52914],[37.49122,55.5291],[37.49128,55.52907],[37.49133,55.52906],[37.49146,55.52905],[37.49167,55.52902],[37.49172,55.529],[37.49175,55.52899],[37.49178,55.52899],[37.4918,55.529],[37.49195,55.52909],[37.492,55.52912],[37.49203,55.52913],[37.49215,55.52915],[37.49223,55.52916],[37.49227,55.52916],[37.4923,55.52915],[37.49232,55.52914],[37.49232,55.52911],[37.4923,55.52906],[37.4923,55.52901],[37.49233,55.52896],[37.49234,55.52895],[37.49238,55.52894],[37.4925,55.52892],[37.49255,55.5289],[37.49257,55.52889],[37.49258,55.52887],[37.49257,55.52884],[37.49252,55.5288],[37.49251,55.52878],[37.49251,55.52876],[37.49257,55.52872],[37.49261,55.52869],[37.49265,55.52868],[37.49269,55.52868],[37.49279,55.52868],[37.4929,55.52869],[37.49295,55.52869],[37.49299,55.52867],[37.49301,55.52866],[37.49303,55.52859],[37.49304,55.52858],[37.49307,55.52856],[37.49309,55.52856],[37.49312,55.52856],[37.49317,55.52859],[37.49332,55.52865],[37.49335,55.52866],[37.49342,55.52866],[37.49351,55.52865],[37.49356,55.52864],[37.49364,55.52856],[37.49369,55.52853],[37.49373,55.52852],[37.49387,55.52848],[37.49397,55.52846],[37.49402,55.52844],[37.49405,55.52841],[37.49405,55.52839],[37.49403,55.52838],[37.49399,55.52836],[37.49395,55.52834],[37.49391,55.52829],[37.49389,55.52827],[37.4939,55.52824],[37.49393,55.52822],[37.49399,55.52818],[37.49402,55.52814],[37.49406,55.52812],[37.49409,55.52811],[37.49412,55.52811],[37.49414,55.52811],[37.49416,55.52812],[37.4942,55.52816],[37.49423,55.52817],[37.49428,55.52817],[37.49433,55.52816],[37.49438,55.52814],[37.4944,55.52811],[37.49443,55.52806],[37.49446,55.52802],[37.49458,55.52794],[37.49461,55.52791],[37.49462,55.52789],[37.49462,55.52787],[37.49461,55.52785],[37.49458,55.52783],[37.49456,55.52782],[37.49454,55.5278],[37.49455,55.52777],[37.49456,55.52773],[37.4946,55.52769],[37.49471,55.52761],[37.49475,55.52757],[37.49478,55.52754],[37.4948,55.52753],[37.49483,55.52753],[37.49485,55.52753],[37.49487,55.52755],[37.49489,55.52758],[37.49493,55.5276],[37.495,55.52761],[37.49507,55.5276],[37.49514,55.52758],[37.49533,55.52752],[37.49538,55.5275],[37.49543,55.5275],[37.49551,55.5275],[37.49563,55.5275],[37.49572,55.52748],[37.49578,55.52746],[37.49587,55.52741],[37.49597,55.52738],[37.49602,55.52738],[37.49608,55.52738],[37.49616,55.5274],[37.49622,55.5274],[37.49627,55.52739],[37.49636,55.52735],[37.49665,55.52722],[37.4967,55.52721],[37.49676,55.5272],[37.49682,55.52721],[37.49696,55.52725],[37.49712,55.5273],[37.49721,55.52732],[37.49726,55.52732],[37.49731,55.52731],[37.49735,55.52729],[37.49736,55.52726],[37.49735,55.52722],[37.49732,55.52719],[37.49731,55.52716],[37.49732,55.52714],[37.49739,55.52708],[37.49742,55.52705],[37.49747,55.52702],[37.49749,55.52701],[37.4975,55.52699],[37.4975,55.52688],[37.49751,55.52684],[37.49752,55.52683],[37.49757,55.5268],[37.49764,55.52678],[37.49772,55.52677],[37.49775,55.52676],[37.49779,55.52677],[37.4978,55.52678],[37.4978,55.52683],[37.49782,55.52687],[37.49786,55.52691],[37.49788,55.52692],[37.4979,55.52693],[37.49793,55.52693],[37.49795,55.5269],[37.49797,55.52688],[37.498,55.52687],[37.49807,55.52686],[37.49812,55.52685],[37.49816,55.52683],[37.49818,55.52683],[37.49821,55.52683],[37.49824,55.52683],[37.49827,55.52683],[37.49827,55.52685],[37.49827,55.52689],[37.49828,55.52691],[37.49832,55.52692],[37.49836,55.52692],[37.49841,55.52692],[37.49846,55.5269],[37.49852,55.52688],[37.49858,55.52685],[37.49863,55.52681],[37.49867,55.52679],[37.49872,55.52678],[37.49882,55.52677],[37.49897,55.52677],[37.49908,55.52675],[37.49912,55.52675],[37.49917,55.52675],[37.49921,55.52676],[37.49927,55.52678],[37.49933,55.52681],[37.49939,55.52684],[37.49947,55.52686],[37.49961,55.52691],[37.49976,55.52696],[37.49995,55.52703],[37.50023,55.52713],[37.50054,55.52724],[37.50094,55.52738],[37.50104,55.5274],[37.50115,55.52745],[37.5013,55.52751],[37.50146,55.52758],[37.50159,55.52761],[37.50174,55.52766],[37.50186,55.52768],[37.50192,55.52768],[37.50205,55.52767],[37.50214,55.52766],[37.5022,55.52765],[37.50227,55.52763],[37.5023,55.52761],[37.50229,55.52757],[37.50228,55.5275],[37.50227,55.52739],[37.50227,55.52737],[37.50228,55.52735],[37.50229,55.52732],[37.50231,55.52729],[37.50231,55.52725],[37.50229,55.52721],[37.50223,55.52711],[37.50222,55.52708],[37.50223,55.52705],[37.50224,55.52703],[37.50226,55.52702],[37.50228,55.52701],[37.50231,55.527],[37.50237,55.52699],[37.5024,55.52698],[37.5025,55.52695],[37.50255,55.52693],[37.50258,55.52691],[37.50259,55.5269],[37.50259,55.52688],[37.50257,55.52685],[37.50254,55.52683],[37.50252,55.52681],[37.50249,55.52679],[37.50248,55.52675],[37.50248,55.52672],[37.5025,55.52669],[37.50253,55.52668],[37.50257,55.52666],[37.5026,55.52666],[37.50264,55.52665],[37.50268,55.52666],[37.50272,55.52667],[37.50278,55.52669],[37.50288,55.52674],[37.50294,55.52677],[37.50297,55.52679],[37.50299,55.52681],[37.503,55.52684],[37.503,55.52686],[37.503,55.52688],[37.503,55.52691],[37.50302,55.52693],[37.50304,55.52694],[37.50307,55.52695],[37.50311,55.52695],[37.50315,55.52695],[37.50318,55.52695],[37.50323,55.52696],[37.50326,55.52697],[37.50329,55.52697],[37.50332,55.52696],[37.50334,55.52695],[37.50336,55.52693],[37.50337,55.52691],[37.50338,55.52689],[37.50339,55.52687],[37.50339,55.52686],[37.50341,55.52685],[37.50343,55.52685],[37.50346,55.52685],[37.50349,55.52686],[37.50352,55.52686],[37.50357,55.52688],[37.5036,55.52689],[37.50363,55.5269],[37.50365,55.5269],[37.50367,55.52689],[37.50369,55.52689],[37.5037,55.52687],[37.50371,55.52684],[37.50371,55.52682],[37.50371,55.5268],[37.50372,55.52677],[37.50374,55.52674],[37.50375,55.52673],[37.50378,55.52672],[37.5038,55.52672],[37.50383,55.52672],[37.50385,55.52673],[37.50387,55.52673],[37.50389,55.52675],[37.50391,55.52677],[37.50394,55.5268],[37.50396,55.52682],[37.504,55.52685],[37.50405,55.52686],[37.50408,55.52686],[37.50413,55.52686],[37.50424,55.52684],[37.50433,55.52681],[37.50443,55.52678],[37.50445,55.52677],[37.50447,55.52675],[37.50448,55.52674],[37.50448,55.52672],[37.50448,55.52671],[37.50447,55.52668],[37.50444,55.52663],[37.50442,55.5266],[37.50442,55.52657],[37.50442,55.52655],[37.50443,55.52653],[37.50445,55.52652],[37.50446,55.5265],[37.50447,55.52647],[37.50449,55.52642],[37.5045,55.52641],[37.50453,55.52642],[37.50477,55.52648],[37.505,55.52654],[37.50545,55.5267],[37.5056,55.52675],[37.50574,55.52677],[37.50599,55.52681],[37.50621,55.52683],[37.50634,55.52685],[37.50646,55.52688],[37.50656,55.52691],[37.50661,55.52692],[37.50675,55.52695],[37.50681,55.52697],[37.50683,55.52699],[37.50683,55.52703],[37.50683,55.52706],[37.50684,55.52709],[37.50688,55.52711],[37.50693,55.52712],[37.50699,55.52712],[37.50704,55.52711],[37.50708,55.5271],[37.5071,55.52709],[37.50711,55.52704],[37.50712,55.52701],[37.50714,55.52699],[37.50717,55.52698],[37.50721,55.52697],[37.50726,55.52696],[37.5073,55.52697],[37.50733,55.52698],[37.50734,55.52699],[37.50733,55.52701],[37.5073,55.52703],[37.50728,55.52705],[37.50729,55.52708],[37.5073,55.5271],[37.50733,55.52711],[37.50737,55.52712],[37.5074,55.52711],[37.50742,55.52709],[37.50744,55.52703],[37.50747,55.52699],[37.50753,55.52695],[37.50758,55.52692],[37.50763,55.52691],[37.50766,55.5269],[37.5077,55.5269],[37.50777,55.52691],[37.50783,55.5269],[37.50789,55.52689],[37.50793,55.52688],[37.50796,55.52689],[37.50798,55.52689],[37.508,55.5269],[37.508,55.52692],[37.50801,55.527],[37.50802,55.52703],[37.50804,55.52705],[37.50806,55.52707],[37.5081,55.52708],[37.50816,55.52709],[37.5082,55.52709],[37.50825,55.52708],[37.50838,55.52706],[37.50841,55.52704],[37.50843,55.52703],[37.50843,55.52701],[37.50843,55.527],[37.5084,55.52698],[37.5084,55.52696],[37.5084,55.52694],[37.50842,55.52693],[37.5085,55.52687],[37.50854,55.52684],[37.50856,55.52683],[37.50859,55.52684],[37.50862,55.52684],[37.50864,55.52686],[37.50868,55.5269],[37.50872,55.52692],[37.50875,55.52692],[37.50887,55.52692],[37.50894,55.52692],[37.509,55.5269],[37.50905,55.52688],[37.50911,55.52685],[37.50919,55.5268],[37.50925,55.52678],[37.50929,55.52676],[37.50935,55.52675],[37.50941,55.52675],[37.50947,55.52676],[37.50951,55.52677],[37.50955,55.52679],[37.50959,55.52682],[37.50962,55.52685],[37.50967,55.5269],[37.50971,55.52692],[37.50976,55.52694],[37.5098,55.52694],[37.50985,55.52693],[37.50993,55.52692],[37.51003,55.5269],[37.51009,55.52687],[37.51011,55.52685],[37.51011,55.52683],[37.51011,55.52681],[37.51009,55.5268],[37.51005,55.52679],[37.50996,55.52676],[37.50993,55.52674],[37.50991,55.52673],[37.50991,55.52671],[37.50991,55.52668],[37.50992,55.52666],[37.50995,55.52663],[37.50998,55.52662],[37.51002,55.5266],[37.51006,55.5266],[37.5101,55.52661],[37.5102,55.52663],[37.51024,55.52664],[37.51027,55.52663],[37.51029,55.52662],[37.51032,55.52659],[37.51039,55.52651],[37.51042,55.52649],[37.51045,55.52648],[37.51049,55.52648],[37.51055,55.52648],[37.51065,55.5265],[37.5107,55.5265],[37.51084,55.5265],[37.51096,55.52651],[37.51104,55.52651],[37.5111,55.52651],[37.51117,55.52649],[37.51127,55.52647],[37.51135,55.52646],[37.51147,55.52644],[37.51167,55.52643],[37.51183,55.52642],[37.51199,55.52639],[37.51213,55.52637],[37.51221,55.52635],[37.5123,55.52633],[37.51236,55.52632],[37.51239,55.52633],[37.51243,55.52634],[37.51247,55.52636],[37.51251,55.52638],[37.51256,55.52639],[37.51261,55.5264],[37.51268,55.5264],[37.51274,55.5264],[37.5128,55.52639],[37.51287,55.52637],[37.51294,55.52634],[37.51299,55.52633],[37.51304,55.52632],[37.5131,55.52632],[37.51314,55.52632],[37.51316,55.52634],[37.51318,55.52638],[37.5132,55.52639],[37.51323,55.5264],[37.51326,55.5264],[37.51336,55.52637],[37.51345,55.52637],[37.51348,55.52636],[37.51349,55.52634],[37.51347,55.52631],[37.51343,55.52629],[37.51343,55.52627],[37.51343,55.52625],[37.51346,55.52623],[37.5135,55.52622],[37.51355,55.52621],[37.51365,55.5262],[37.51377,55.52619],[37.51382,55.52619],[37.51386,55.52619],[37.51392,55.5262],[37.51396,55.52621],[37.51404,55.52623],[37.51409,55.52624],[37.51413,55.52625],[37.51419,55.52625],[37.51426,55.52626],[37.51429,55.52626],[37.51431,55.52625],[37.51432,55.52625],[37.51437,55.52624],[37.51439,55.52623],[37.51443,55.52622],[37.51445,55.52621],[37.51448,55.52619],[37.51448,55.52618],[37.51449,55.52618],[37.51452,55.52618],[37.51457,55.52617],[37.5146,55.52616],[37.51463,55.52616],[37.51468,55.52616],[37.5147,55.52616],[37.51473,55.52617],[37.51475,55.52618],[37.51478,55.52618],[37.5148,55.52618],[37.5148,55.52618],[37.51482,55.52618],[37.51484,55.52617],[37.51487,55.52616],[37.5149,55.52615],[37.51493,55.52614],[37.51496,55.52613],[37.515,55.52613],[37.51503,55.52613],[37.51506,55.52613],[37.51513,55.52613],[37.51522,55.52612],[37.51525,55.5261],[37.51526,55.52609],[37.51527,55.52608],[37.51527,55.52603],[37.51526,55.52601],[37.51527,55.526],[37.5153,55.52597],[37.5153,55.52596],[37.51532,55.52595],[37.51534,55.52594],[37.51541,55.52592],[37.51548,55.52589],[37.51552,55.52588],[37.51554,55.52588],[37.51557,55.52588],[37.51561,55.52588],[37.51568,55.52586],[37.51576,55.52585],[37.5158,55.52585],[37.51583,55.52585],[37.516,55.52588],[37.51607,55.52588],[37.51611,55.52588],[37.51619,55.52588],[37.51626,55.52588],[37.51629,55.52588],[37.51632,55.52587],[37.51634,55.52587],[37.51639,55.52586],[37.51644,55.52586],[37.5165,55.52586],[37.51656,55.52586],[37.51662,55.52585],[37.51665,55.52585],[37.51666,55.52584],[37.51669,55.52584],[37.51671,55.52583],[37.51672,55.52581],[37.51671,55.5258],[37.51669,55.52578],[37.51664,55.52576],[37.5166,55.52574],[37.51657,55.52573],[37.51657,55.52571],[37.51657,55.5257],[37.5166,55.52569],[37.51664,55.52568],[37.5167,55.52566],[37.51674,55.52566],[37.51676,55.52566],[37.51681,55.52568],[37.51684,55.52569],[37.51687,55.52569],[37.5169,55.52567],[37.51694,55.52566],[37.51697,55.52565],[37.51703,55.52564],[37.5171,55.52563],[37.51715,55.52561],[37.51719,55.5256],[37.51723,55.52558],[37.51724,55.52556],[37.51726,55.52554],[37.51727,55.52551],[37.51728,55.52549],[37.5173,55.52548],[37.51732,55.52547],[37.51733,55.52547],[37.51735,55.52548],[37.5174,55.5255],[37.51745,55.52551],[37.5175,55.5255],[37.51755,55.52549],[37.51765,55.52542],[37.51768,55.5254],[37.51771,55.52538],[37.51776,55.52536],[37.51779,55.52536],[37.51782,55.52535],[37.51785,55.52534],[37.51788,55.52535],[37.5179,55.52536],[37.51792,55.52538],[37.51793,55.52541],[37.51794,55.52543],[37.51796,55.52545],[37.51799,55.52546],[37.51804,55.52548],[37.51807,55.52549],[37.51808,55.5255],[37.5181,55.5255],[37.51811,55.5255],[37.51814,55.52549],[37.51821,55.52546],[37.51829,55.52542],[37.51837,55.52539],[37.51842,55.52537],[37.51844,55.52536],[37.51846,55.52536],[37.51848,55.52537],[37.51851,55.52539],[37.51853,55.52541],[37.51855,55.52543],[37.51859,55.52543],[37.51864,55.52544],[37.51867,55.52543],[37.51868,55.52541],[37.51868,55.52537],[37.51867,55.52532],[37.51867,55.5253],[37.51869,55.52527],[37.51871,55.52525],[37.51872,55.52522],[37.51873,55.52521],[37.51874,55.52521],[37.51876,55.52521],[37.51878,55.52522],[37.51881,55.52522],[37.51886,55.5252],[37.51893,55.52519],[37.51898,55.52517],[37.51904,55.52515],[37.51907,55.52514],[37.51911,55.52514],[37.51915,55.52517],[37.51918,55.52521],[37.51919,55.52524],[37.51918,55.52528],[37.51916,55.52531],[37.51916,55.52535],[37.51917,55.5254],[37.51919,55.52544],[37.51922,55.52547],[37.51925,55.52548],[37.5193,55.52549],[37.51934,55.5255],[37.51937,55.5255],[37.51939,55.52549],[37.51939,55.52548],[37.5194,55.52546],[37.51941,55.52536],[37.5194,55.5253],[37.51942,55.52524],[37.51943,55.5252],[37.51939,55.52508],[37.5194,55.52503],[37.5194,55.52499],[37.51941,55.52499],[37.51943,55.52498],[37.51945,55.52498],[37.51947,55.52496],[37.51949,55.52495],[37.51959,55.52484],[37.51964,55.52479],[37.51965,55.52476],[37.51965,55.52474],[37.51965,55.52474],[37.51965,55.5247],[37.51966,55.52467],[37.51968,55.52462],[37.51971,55.52458],[37.51975,55.52456],[37.51976,55.52454],[37.51977,55.52453],[37.51979,55.52452],[37.51988,55.52446],[37.51989,55.52445],[37.5199,55.52443],[37.51993,55.52435],[37.51993,55.52433],[37.51996,55.52429],[37.52003,55.52423],[37.52007,55.52418],[37.52009,55.52415],[37.5201,55.52413],[37.52011,55.52411],[37.52009,55.52403],[37.5201,55.524],[37.52011,55.52398],[37.52013,55.52396],[37.52017,55.52394],[37.52019,55.5239],[37.5202,55.52387],[37.52021,55.5238],[37.52011,55.52248],[37.51915,55.5225],[37.51336,55.5223],[37.51166,55.52225],[37.50734,55.52204],[37.50575,55.52227],[37.50508,55.52121],[37.50553,55.52114],[37.50853,55.52063],[37.51892,55.51831],[37.51894,55.5183],[37.51896,55.51829],[37.52397,55.5131],[37.52897,55.50791],[37.52909,55.50774],[37.5283,55.5075],[37.52878,55.50686],[37.52871,55.50643],[37.52862,55.50592],[37.52888,55.50505],[37.5292,55.50406],[37.52918,55.50387],[37.53179,55.50287],[37.53261,55.50251],[37.53285,55.50295],[37.53508,55.50215],[37.53655,55.50168],[37.53677,55.50084],[37.53672,55.5008],[37.53668,55.50069],[37.5367,55.5006],[37.53684,55.50052],[37.537,55.50046],[37.53721,55.50036],[37.53728,55.50023],[37.53718,55.50012],[37.53706,55.49998],[37.53641,55.49953],[37.53685,55.49898],[37.53654,55.49891],[37.53616,55.49866],[37.53576,55.4982],[37.53538,55.4975],[37.5353,55.49705],[37.53476,55.49606],[37.53459,55.49596],[37.53449,55.49591],[37.53434,55.49563],[37.53403,55.4951],[37.5334,55.49464],[37.53333,55.49407],[37.53327,55.49355],[37.53331,55.49293],[37.53319,55.49266],[37.5332,55.4926],[37.53359,55.49258],[37.53476,55.49253],[37.53466,55.49223],[37.5346,55.49208],[37.53455,55.49194],[37.53494,55.49192],[37.53533,55.4919],[37.53573,55.49188],[37.53608,55.49187],[37.53642,55.49185],[37.53674,55.49184],[37.53694,55.49183],[37.53727,55.49183],[37.53759,55.49184],[37.5378,55.49184],[37.53822,55.49185],[37.53865,55.49185],[37.53897,55.49171],[37.53901,55.49159],[37.53973,55.49103],[37.54012,55.49073],[37.54205,55.48947],[37.54376,55.48858],[37.54487,55.48788],[37.54566,55.48742],[37.54594,55.48713],[37.54865,55.48709],[37.54963,55.48711],[37.55034,55.48722],[37.55052,55.48736],[37.5509,55.48764],[37.55141,55.4879],[37.55153,55.48802],[37.55199,55.48827],[37.55239,55.48848],[37.5524,55.4885],[37.55436,55.48983],[37.55467,55.48996],[37.55519,55.48995],[37.55578,55.48986],[37.55685,55.48969],[37.55704,55.49046],[37.55764,55.49043],[37.5576,55.49028],[37.55871,55.49022],[37.55868,55.49038],[37.55909,55.49036],[37.55944,55.49034],[37.55948,55.49035],[37.56103,55.49029],[37.56203,55.49026],[37.56304,55.49023],[37.56325,55.49023],[37.56395,55.49017],[37.56636,55.48994],[37.56671,55.4899],[37.5667,55.48985],[37.56742,55.48979],[37.56679,55.48779],[37.56717,55.48776],[37.56718,55.48781],[37.57069,55.48747],[37.57284,55.48734],[37.575,55.48716],[37.57529,55.48936],[37.57546,55.49033],[37.57536,55.49034],[37.57538,55.49051],[37.57536,55.49054],[37.57528,55.49057],[37.57506,55.49062],[37.5742,55.49073],[37.57395,55.49076],[37.57361,55.49084],[37.57347,55.49089],[37.5734,55.49093],[37.57333,55.49097],[37.57325,55.49102],[37.57306,55.49122],[37.57331,55.49195],[37.57363,55.49195],[37.57444,55.49312],[37.57457,55.49332],[37.57527,55.4933],[37.5748,55.49408],[37.57493,55.49549],[37.57496,55.49617],[37.57491,55.49618],[37.57516,55.49736],[37.57248,55.49844],[37.57206,55.49871],[37.57173,55.49904],[37.57154,55.49937],[37.57181,55.50005],[37.57218,55.49914],[37.57306,55.49905],[37.57308,55.49899],[37.57311,55.49893],[37.57313,55.49888],[37.57316,55.49884],[37.57319,55.49879],[37.57322,55.49875],[37.57328,55.49868],[37.57332,55.49865],[37.57336,55.49861],[37.5734,55.49857],[37.57344,55.49853],[37.57349,55.49849],[37.5736,55.49842],[37.5737,55.49836],[37.57384,55.49829],[37.57404,55.49821],[37.57419,55.49815],[37.57734,55.49681],[37.57844,55.49632],[37.57853,55.49628],[37.57863,55.49625],[37.57872,55.49623],[37.57884,55.49621],[37.57895,55.4962],[37.57905,55.4962],[37.57914,55.4962],[37.5792,55.4962],[37.57927,55.49619],[37.5793,55.49619],[37.57991,55.49593],[37.58402,55.49428],[37.59134,55.49131],[37.59122,55.49241],[37.59028,55.49339],[37.5925,55.49422],[37.59367,55.49305],[37.59386,55.49301],[37.59529,55.49318],[37.597,55.49423],[37.59868,55.49502],[37.60023,55.49575],[37.6,55.49683],[37.60278,55.49811],[37.60415,55.49871],[37.6041,55.49906],[37.60255,55.50045],[37.60299,55.50104],[37.60454,55.50242],[37.59889,55.50438],[37.59665,55.50542],[37.59775,55.50613],[37.59859,55.50762],[37.59872,55.50813],[37.59781,55.50865],[37.59319,55.5115],[37.59264,55.51161],[37.59267,55.51189],[37.59183,55.51249],[37.59802,55.51471],[37.59927,55.51263],[37.60089,55.51092],[37.60381,55.51304],[37.60477,55.5125],[37.60212,55.51046],[37.6081,55.50984],[37.60893,55.50241],[37.60569,55.50235],[37.60561,55.50205],[37.6091,55.50088],[37.60968,55.49632],[37.61042,55.49324],[37.60793,55.49279],[37.60739,55.49182],[37.60962,55.49113],[37.61102,55.49141],[37.61135,55.48964],[37.60649,55.4883],[37.60614,55.48888],[37.60588,55.49078],[37.60468,55.49167],[37.60395,55.49135],[37.60352,55.4914],[37.60358,55.49048],[37.6025,55.48966],[37.60193,55.48928],[37.60123,55.48925],[37.60089,55.48905],[37.60039,55.48886],[37.59972,55.48905],[37.59714,55.48935],[37.59691,55.48933],[37.59622,55.48908],[37.59508,55.48873],[37.59116,55.49036],[37.58336,55.49358],[37.58178,55.49198],[37.5845,55.4912],[37.58321,55.49064],[37.58596,55.48905],[37.58443,55.48818],[37.58371,55.48767],[37.58401,55.48746],[37.58549,55.48725],[37.587,55.48687],[37.58703,55.48672],[37.58346,55.48629],[37.58217,55.48534],[37.58198,55.48538],[37.58137,55.48496],[37.5812,55.4846],[37.5798,55.48368],[37.57778,55.48377],[37.57779,55.48395],[37.57843,55.48605],[37.57852,55.48628],[37.57867,55.48669],[37.57463,55.487],[37.56746,55.48766],[37.56675,55.48764],[37.56629,55.48762],[37.56548,55.48742],[37.56545,55.48741],[37.56502,55.48729],[37.55811,55.48813],[37.5575,55.48815],[37.55671,55.48776],[37.55624,55.48773],[37.55479,55.48767],[37.54241,55.48462],[37.54129,55.48542],[37.54179,55.48569],[37.54169,55.48649],[37.54018,55.4879],[37.53836,55.48938],[37.53752,55.4895],[37.53707,55.48989],[37.53699,55.48997],[37.5362,55.49051],[37.53565,55.49137],[37.53561,55.49153],[37.53534,55.49164],[37.53519,55.49159],[37.53498,55.49155],[37.53496,55.49158],[37.53475,55.4916],[37.53463,55.49163],[37.53448,55.49167],[37.53436,55.49165],[37.53403,55.49158],[37.53363,55.49174],[37.53355,55.49198],[37.53308,55.49209],[37.53278,55.49241],[37.53309,55.49305],[37.53261,55.49351],[37.53259,55.49365],[37.53263,55.49392],[37.53262,55.49401],[37.53295,55.49422],[37.53286,55.49452],[37.53282,55.49468],[37.53254,55.49469],[37.53247,55.49485],[37.53281,55.49514],[37.53293,55.49533],[37.53309,55.49592],[37.53374,55.49584],[37.53399,55.49606],[37.5341,55.49618],[37.53417,55.49633],[37.53451,55.49682],[37.53472,55.49698],[37.53482,55.49724],[37.53475,55.49774],[37.53449,55.49776],[37.53421,55.49785],[37.53422,55.49815],[37.53472,55.49919],[37.53501,55.49939],[37.53515,55.49948],[37.53529,55.49958],[37.53558,55.49977],[37.53586,55.49997],[37.53567,55.50013],[37.53548,55.50028],[37.53549,55.50046],[37.5355,55.50062],[37.53551,55.50079],[37.53553,55.50096],[37.53551,55.50116],[37.53442,55.50146],[37.53284,55.50195],[37.53237,55.50209],[37.53193,55.50134],[37.53164,55.50055],[37.5314,55.50021],[37.5311,55.50014],[37.53073,55.5005],[37.527,55.50229],[37.5269,55.50245],[37.5292,55.5036],[37.52589,55.50464],[37.524,55.50598],[37.52451,55.50624],[37.52584,55.50677],[37.52676,55.50717],[37.52886,55.50787],[37.51884,55.51823],[37.50848,55.52054],[37.50488,55.52115],[37.50559,55.52228],[37.50454,55.52245],[37.50177,55.52166],[37.49992,55.52106],[37.49903,55.52075],[37.49816,55.52042],[37.49729,55.52008],[37.49639,55.51975],[37.49302,55.51892],[37.49273,55.5188],[37.49173,55.51769],[37.49155,55.51744],[37.49108,55.51707],[37.49051,55.51672],[37.4899,55.51641],[37.4871,55.51497],[37.48368,55.51322],[37.4836,55.51318],[37.48353,55.51316],[37.48342,55.51329],[37.48338,55.5133],[37.48335,55.51333],[37.48319,55.51358],[37.48328,55.5136],[37.48308,55.5138],[37.48294,55.51393],[37.48231,55.51393],[37.48085,55.51462],[37.4805,55.51463],[37.47808,55.51338],[37.47233,55.51065],[37.46884,55.50862],[37.46836,55.50823],[37.46788,55.50784],[37.46729,55.50746],[37.46696,55.50726],[37.46572,55.50654],[37.46873,55.50487],[37.46806,55.50478],[37.46749,55.50473],[37.46611,55.50446],[37.46598,55.50424],[37.46581,55.50372],[37.46557,55.50295],[37.4655,55.50264],[37.46532,55.50195],[37.46511,55.50176],[37.46448,55.50128],[37.46401,55.5007],[37.46372,55.50039],[37.46312,55.49991],[37.46269,55.49946],[37.46254,55.49928],[37.46225,55.49903],[37.46195,55.49888],[37.46138,55.49834],[37.46056,55.4977],[37.45948,55.4969],[37.45934,55.49695],[37.45881,55.49702],[37.4585,55.49701],[37.45824,55.4969],[37.45814,55.49681],[37.45801,55.49651],[37.4575,55.49579],[37.45733,55.49544],[37.45745,55.49514],[37.45735,55.49492],[37.45706,55.49435],[37.45676,55.49403],[37.4565,55.49387],[37.45615,55.49374],[37.45573,55.49367],[37.45544,55.49371],[37.45482,55.49391],[37.45463,55.49408],[37.45459,55.49411],[37.4545,55.49432],[37.45455,55.49454],[37.45474,55.4948],[37.45526,55.49519],[37.45537,55.49545],[37.45524,55.4957],[37.4551,55.49598],[37.45476,55.49615],[37.45436,55.49629],[37.45373,55.49637],[37.45318,55.49633],[37.45272,55.49617],[37.4523,55.49596],[37.45159,55.49571],[37.45085,55.49562],[37.45019,55.4957],[37.44967,55.49592],[37.44948,55.49613],[37.44922,55.49678],[37.44901,55.49732],[37.44889,55.49792],[37.44892,55.49817],[37.44925,55.49838],[37.44994,55.49869],[37.45062,55.49896],[37.45088,55.49919],[37.45085,55.49942],[37.45073,55.49952],[37.45049,55.49958],[37.45022,55.49962],[37.44952,55.49972],[37.44926,55.49987],[37.4491,55.50009],[37.44851,55.50049],[37.44773,55.50085],[37.44695,55.50111],[37.44598,55.50131],[37.44536,55.50142],[37.44504,55.50155],[37.44492,55.50177],[37.44487,55.50209],[37.4443,55.50245],[37.44334,55.50297],[37.44246,55.50357],[37.44192,55.50384],[37.4416,55.50389],[37.44119,55.50383],[37.44044,55.50368],[37.43969,55.50367],[37.43937,55.50382],[37.43899,55.50404],[37.43813,55.50419],[37.43775,55.50417],[37.43744,55.50406],[37.43726,55.50388],[37.43724,55.50366],[37.43735,55.50341],[37.43735,55.50307],[37.43729,55.50277],[37.43765,55.50268],[37.43911,55.50212],[37.43826,55.50128],[37.43798,55.50075],[37.43769,55.50044],[37.43707,55.50049],[37.43586,55.50079],[37.43474,55.50104],[37.43315,55.50213],[37.43279,55.50235],[37.43248,55.50236],[37.43254,55.50254],[37.43259,55.50272],[37.43264,55.5029],[37.43297,55.50321],[37.43275,55.50352],[37.43222,55.50376],[37.43209,55.50404],[37.43222,55.50448],[37.43243,55.50502],[37.43282,55.50568],[37.43025,55.50574],[37.42923,55.5057],[37.42887,55.50428],[37.42715,55.5043],[37.42431,55.50415],[37.42415,55.50465],[37.42153,55.50479],[37.42114,55.50569],[37.42112,55.50575],[37.42048,55.50642],[37.41782,55.5067],[37.41561,55.50589],[37.41515,55.5048],[37.41582,55.50346],[37.41652,55.50263],[37.41671,55.50238],[37.41683,55.50232],[37.41729,55.50215],[37.41812,55.50184],[37.41822,55.50178],[37.41781,55.50113],[37.41758,55.50115],[37.41585,55.5017],[37.415,55.50189],[37.41365,55.50194],[37.40992,55.50118],[37.40823,55.50058],[37.40491,55.50166],[37.40727,55.50352],[37.40908,55.50479],[37.40985,55.50846],[37.40762,55.50913],[37.40647,55.50975],[37.40546,55.50902],[37.40438,55.50964],[37.40531,55.51006],[37.40633,55.51196],[37.40635,55.51199],[37.40657,55.51239],[37.4072,55.51297],[37.40816,55.51285],[37.40823,55.51285],[37.4096,55.51268],[37.41108,55.51223],[37.41365,55.51165],[37.41383,55.51107],[37.41448,55.51162],[37.41589,55.5115],[37.41676,55.51224],[37.41686,55.51241],[37.41501,55.5123],[37.41351,55.5124],[37.4126,55.51293],[37.41248,55.51322],[37.41213,55.51436],[37.41179,55.51523],[37.4113,55.51595],[37.41048,55.51611],[37.40947,55.51611],[37.40778,55.51599],[37.40673,55.51594],[37.40558,55.51645],[37.40505,55.51683],[37.40531,55.51725],[37.40542,55.51734],[37.40595,55.5177],[37.4072,55.51844],[37.40733,55.51882],[37.40711,55.5193],[37.40631,55.51982],[37.40533,55.52035],[37.40411,55.52108],[37.40329,55.52129],[37.40243,55.5213],[37.40119,55.52113],[37.39967,55.5207],[37.39907,55.52034],[37.39894,55.5202],[37.39879,55.5197],[37.39845,55.51975],[37.39722,55.52013],[37.39676,55.52055],[37.39656,55.52227],[37.39662,55.5228],[37.39667,55.52334],[37.39654,55.52494],[37.3965,55.52658],[37.39622,55.52657],[37.39542,55.52647],[37.39523,55.52646],[37.39506,55.52646],[37.39488,55.52646],[37.39468,55.52648],[37.39449,55.52653],[37.39429,55.52657],[37.39402,55.52667],[37.39287,55.52717],[37.39295,55.52725],[37.39368,55.52788],[37.39369,55.52791],[37.39369,55.52795],[37.39368,55.52798],[37.39178,55.52931]]]}},{"type":"Feature","bbox":[37.4644625,55.8371674,37.5551837,55.8676902],"properties":{"scope":"district","name":"Головинский","aoName":"Северный","unitType":"Муниципальный округ","okato":"45277571","oktmo":"45338000","type":"administrative","category":"boundary","display_name":"Головинский район, Москва, Центральный федеральный округ, Россия","source":"OpenStreetMap / Nominatim","refreshedAt":"2026-09-17"},"geometry":{"type":"Polygon","coordinates":[[[37.4644625,55.8471182],[37.4653798,55.8462341],[37.4680678,55.8446782],[37.4688453,55.8435381],[37.4698854,55.8431779],[37.4703495,55.8427259],[37.4715156,55.8423979],[37.4722678,55.8417749],[37.4725865,55.8403538],[37.4798671,55.841335],[37.4813734,55.8393409],[37.4936103,55.8393585],[37.5048366,55.8371674],[37.5147173,55.8379453],[37.5175129,55.8408049],[37.5186961,55.8412747],[37.5207963,55.8412241],[37.5223312,55.8417218],[37.5230715,55.8409823],[37.550547,55.8468916],[37.5551837,55.8483563],[37.5470392,55.85352],[37.5141946,55.8676902],[37.5100355,55.8643869],[37.5054236,55.86239],[37.5053139,55.8620088],[37.5111923,55.8577385],[37.491954,55.8508328],[37.4868535,55.8503555],[37.4804418,55.8504918],[37.4764327,55.8501996],[37.46736,55.8481232],[37.4644625,55.8471182]]]}},{"type":"Feature","bbox":[37.3918222,55.8317418,37.4703495,55.853004],"properties":{"scope":"district","name":"Южное Тушино","aoName":"Северо-Западный","unitType":"Муниципальный округ","okato":"45283593","oktmo":"45373000","type":"administrative","category":"boundary","display_name":"район Южное Тушино, Москва, Центральный федеральный округ, Россия","source":"OpenStreetMap / Nominatim","refreshedAt":"2026-09-17"},"geometry":{"type":"Polygon","coordinates":[[[37.3918222,55.8472347],[37.3919711,55.8456134],[37.3925174,55.8441974],[37.3949023,55.8406308],[37.3958649,55.8383457],[37.3961451,55.8371039],[37.3958625,55.8336357],[37.4023296,55.8325949],[37.4054241,55.8317418],[37.4081822,55.8333403],[37.4092332,55.8329227],[37.410593,55.8327675],[37.4122878,55.8333476],[37.4139293,55.8330885],[37.415366,55.8334904],[37.4157232,55.833773],[37.4155139,55.8340848],[37.4156561,55.8343956],[37.4146655,55.8352267],[37.415026,55.8357634],[37.4166131,55.8364885],[37.4184197,55.8364579],[37.4246109,55.8375077],[37.4265569,55.8367259],[37.4275687,55.8350071],[37.4281979,55.834474],[37.4342323,55.8362296],[37.4362988,55.8365089],[37.4584099,55.8350025],[37.4594771,55.8350947],[37.4654696,55.836954],[37.4678639,55.8399047],[37.4688277,55.8408418],[37.4698384,55.8413829],[37.4703495,55.8427259],[37.4698854,55.8431779],[37.4688453,55.8435381],[37.4680678,55.8446782],[37.4653798,55.8462341],[37.4639345,55.8476856],[37.4634933,55.8481997],[37.4636035,55.8490863],[37.4628942,55.8500763],[37.4613263,55.851045],[37.4608472,55.853004],[37.4214434,55.8487437],[37.4193304,55.8489708],[37.415475,55.8500445],[37.4130327,55.8504249],[37.4033488,55.8504834],[37.3965957,55.851643],[37.3937518,55.8517851],[37.392143,55.8486128],[37.3918222,55.8472347]]]}},{"type":"Feature","bbox":[37.3937518,55.8487437,37.4608472,55.8795786],"properties":{"scope":"district","name":"Северное Тушино","aoName":"Северо-Западный","unitType":"Муниципальный округ","okato":"45283573","oktmo":"45369000","type":"administrative","category":"boundary","display_name":"район Северное Тушино, Москва, Центральный федеральный округ, Россия","source":"OpenStreetMap / Nominatim","refreshedAt":"2026-09-17"},"geometry":{"type":"Polygon","coordinates":[[[37.3937518,55.8517851],[37.3965957,55.851643],[37.4033488,55.8504834],[37.4130327,55.8504249],[37.415475,55.8500445],[37.4193304,55.8489708],[37.4214434,55.8487437],[37.4608472,55.853004],[37.4577068,55.8598374],[37.4566014,55.8608586],[37.4560826,55.8618848],[37.4559372,55.8628426],[37.455091,55.8646893],[37.4545494,55.8671416],[37.4546027,55.8684899],[37.4539735,55.870116],[37.4514503,55.8702648],[37.4426198,55.874411],[37.4387242,55.8765343],[37.4379783,55.8772161],[37.437785,55.8785645],[37.4364835,55.8795786],[37.4205708,55.874641],[37.4152248,55.8727438],[37.4123596,55.871541],[37.4068486,55.8684287],[37.4016622,55.8644698],[37.3976398,55.8599735],[37.3945561,55.8544023],[37.3950478,55.8543249],[37.3937518,55.8517851]]]}},{"type":"Feature","bbox":[37.5390605,55.6494629,37.5856332,55.68213],"properties":{"scope":"district","name":"Черёмушки","aoName":"Юго-Западный","unitType":"Муниципальный округ","okato":"45293590","oktmo":"45908000","type":"administrative","category":"boundary","display_name":"район Черёмушки, Москва, Центральный федеральный округ, Россия","source":"OpenStreetMap / Nominatim","refreshedAt":"2026-09-17"},"geometry":{"type":"Polygon","coordinates":[[[37.5390605,55.6557454],[37.5482279,55.652076],[37.5512393,55.6513217],[37.5639978,55.6494629],[37.5661697,55.651937],[37.5856332,55.6701049],[37.5629886,55.6778921],[37.5555624,55.68213],[37.546039,55.6732971],[37.5511151,55.6714614],[37.5527737,55.6714133],[37.5551274,55.6706495],[37.5390605,55.6557454]]]}},{"type":"Feature","bbox":[37.3944388,55.8065481,37.4933657,55.8427259],"properties":{"scope":"district","name":"Покровское-Стрешнево","aoName":"Северо-Западный","unitType":"Муниципальный округ","okato":"45283569","oktmo":"45368000","type":"administrative","category":"boundary","display_name":"район Покровское-Стрешнево, Москва, Центральный федеральный округ, Россия","source":"OpenStreetMap / Nominatim","refreshedAt":"2026-09-17"},"geometry":{"type":"Polygon","coordinates":[[[37.3944388,55.829101],[37.398153,55.8284651],[37.4026162,55.8271876],[37.4071223,55.8255725],[37.4126155,55.8212814],[37.4144609,55.8191356],[37.4140939,55.8177924],[37.4141033,55.8163943],[37.4148442,55.8150481],[37.4198682,55.8115161],[37.4268205,55.8093939],[37.4301679,55.8088392],[37.4344838,55.8088168],[37.4380643,55.8091769],[37.44124,55.8087428],[37.4438591,55.8078618],[37.4464328,55.8065481],[37.4461367,55.8079911],[37.446496,55.8100754],[37.4489087,55.8140135],[37.451246,55.8123375],[37.4528177,55.8116766],[37.4549796,55.8111972],[37.4574808,55.8110744],[37.4678877,55.8116079],[37.4699771,55.8120376],[37.4797029,55.8151045],[37.4820105,55.8153986],[37.4868576,55.815334],[37.4868036,55.8179345],[37.488042,55.8206297],[37.4902612,55.8227664],[37.4933657,55.8244783],[37.4910751,55.8272718],[37.4879095,55.8265308],[37.4857479,55.826506],[37.4813937,55.8270137],[37.4781004,55.8266713],[37.4744188,55.8298286],[37.4744678,55.8300036],[37.4791227,55.830748],[37.478983,55.8315541],[37.4762079,55.8342859],[37.4742235,55.8359672],[37.4721785,55.8371823],[37.4716778,55.8377855],[37.4720609,55.8393886],[37.4725865,55.8403538],[37.4725123,55.840983],[37.4722678,55.8417749],[37.4715156,55.8423979],[37.4703495,55.8427259],[37.4698384,55.8413829],[37.4688277,55.8408418],[37.4678639,55.8399047],[37.4654696,55.836954],[37.4594771,55.8350947],[37.4584099,55.8350025],[37.4362988,55.8365089],[37.4342323,55.8362296],[37.4281979,55.834474],[37.4275687,55.8350071],[37.4265569,55.8367259],[37.4261706,55.8369862],[37.4246109,55.8375077],[37.4234651,55.8374265],[37.4184197,55.8364579],[37.4170331,55.8365264],[37.415912,55.8362457],[37.415026,55.8357634],[37.4146655,55.8352267],[37.4156561,55.8343956],[37.4155139,55.8340848],[37.4157232,55.833773],[37.415366,55.8334904],[37.4139293,55.8330885],[37.4122878,55.8333476],[37.410593,55.8327675],[37.4092332,55.8329227],[37.4081822,55.8333403],[37.4054241,55.8317418],[37.4023296,55.8325949],[37.3958625,55.8336357],[37.3944388,55.829101]]]}},{"type":"Feature","bbox":[37.4030883,55.7406021,37.5219435,55.7944941],"properties":{"scope":"district","name":"Хорошёво-Мнёвники","aoName":"Северо-Западный","unitType":"Муниципальный округ","okato":"45283582","oktmo":"45371000","type":"administrative","category":"boundary","display_name":"район Хорошёво-Мнёвники, Москва, Центральный федеральный округ, Россия","source":"OpenStreetMap / Nominatim","refreshedAt":"2026-09-17"},"geometry":{"type":"Polygon","coordinates":[[[37.4030883,55.7790922],[37.4040754,55.7774751],[37.4061353,55.7764131],[37.4085801,55.7757622],[37.4169486,55.7753278],[37.4288433,55.7742825],[37.4341209,55.7741996],[37.4362176,55.7744065],[37.4454867,55.7768773],[37.4482727,55.7773271],[37.4506431,55.7768688],[37.45303,55.7756937],[37.4552656,55.7741771],[37.4639901,55.7657713],[37.4645615,55.7643068],[37.4646628,55.7632953],[37.4645205,55.7623834],[37.4634259,55.7601907],[37.4596064,55.7571482],[37.4576323,55.75582],[37.4554436,55.7547815],[37.4530833,55.753888],[37.4392216,55.7505309],[37.4373764,55.7496856],[37.4368888,55.7492185],[37.4363477,55.7478732],[37.436691,55.7471003],[37.4373777,55.7464239],[37.4444587,55.7426072],[37.4492652,55.7411336],[37.4525268,55.7406021],[37.4553163,55.7406021],[37.4591357,55.7412061],[37.4648006,55.7428971],[37.4673755,55.7440325],[37.4710233,55.7461099],[37.4741561,55.7485012],[37.4751432,55.749878],[37.4761731,55.7522932],[37.476731,55.7559641],[37.4761731,55.7617112],[37.476388,55.7645104],[37.4780555,55.7666923],[37.4794184,55.7675454],[37.4819189,55.7679769],[37.4871806,55.7681941],[37.4897158,55.7679596],[37.4920518,55.7673608],[37.4981458,55.7655019],[37.501064,55.7643671],[37.5058276,55.7617836],[37.5116641,55.7596587],[37.5139298,55.7584219],[37.5219435,55.761509],[37.5087504,55.7753858],[37.5072362,55.7774524],[37.5062347,55.78031],[37.5038208,55.7910836],[37.5033816,55.7916782],[37.5025142,55.7906031],[37.499803,55.7889469],[37.4891469,55.7876667],[37.4787573,55.7889593],[37.4777763,55.7885051],[37.4767044,55.7884912],[37.4687234,55.7894869],[37.4652211,55.7905482],[37.4545483,55.7918138],[37.4546058,55.7944272],[37.4461022,55.7944941],[37.445553,55.7925451],[37.4396537,55.7887355],[37.4383023,55.7880778],[37.4338172,55.7868377],[37.4295242,55.7861872],[37.4263311,55.7864679],[37.4232948,55.7872614],[37.421235,55.7886843],[37.4198725,55.7902653],[37.4179973,55.7915441],[37.4154066,55.7920497],[37.4127153,55.792139],[37.4103355,55.7914293],[37.4074227,55.7864527],[37.4040754,55.7824227],[37.4031312,55.7808057],[37.4030883,55.7790922]]]}},{"type":"Feature","bbox":[37.4021617,55.662011,37.4949329,55.7215376],"properties":{"scope":"district","name":"Очаково-Матвеевское","aoName":"Западный","unitType":"Муниципальный округ","okato":"45268579","oktmo":"45323000","type":"administrative","category":"boundary","display_name":"район Очаково-Матвеевское, Москва, Центральный федеральный округ, Россия","source":"OpenStreetMap / Nominatim","refreshedAt":"2026-09-17"},"geometry":{"type":"Polygon","coordinates":[[[37.4021617,55.6988389],[37.4103742,55.6926292],[37.4124023,55.6904192],[37.4138545,55.6879926],[37.41496,55.685267],[37.4146829,55.6839548],[37.4151603,55.6824256],[37.4142093,55.6820281],[37.414376,55.6818551],[37.4154479,55.6820433],[37.4180305,55.6805476],[37.4305568,55.6638327],[37.4322665,55.662011],[37.4345467,55.662394],[37.4365614,55.6628625],[37.4383471,55.6636032],[37.4393161,55.6641799],[37.4437368,55.6678842],[37.4454381,55.6688702],[37.4475933,55.669793],[37.4540703,55.6717923],[37.4588055,55.6737731],[37.4716846,55.6825539],[37.4775617,55.6859265],[37.4663185,55.6945259],[37.4679853,55.696802],[37.4695454,55.6981992],[37.4771605,55.7026248],[37.4881493,55.7073505],[37.4905934,55.7092836],[37.4929288,55.7134944],[37.4933658,55.7154944],[37.4930927,55.7178328],[37.4949329,55.720101],[37.4930028,55.7202102],[37.4924264,55.71994],[37.4924607,55.7193731],[37.4931321,55.7188817],[37.4925157,55.7180506],[37.4910151,55.718465],[37.4886947,55.7183157],[37.4884455,55.7184321],[37.4886068,55.7189646],[37.4866746,55.7192465],[37.4863479,55.7198311],[37.4846734,55.7207588],[37.4828016,55.7211397],[37.478815,55.7211039],[37.4767602,55.721529],[37.4732445,55.7199212],[37.4729495,55.7196562],[37.473058,55.7190272],[37.4721991,55.7184159],[37.471269,55.7187331],[37.4705072,55.7193792],[37.4697373,55.7193438],[37.4691966,55.7190026],[37.4692788,55.7182412],[37.4705921,55.7179731],[37.4720821,55.7169883],[37.4719087,55.7163755],[37.4705888,55.715841],[37.471539,55.7154788],[37.4714764,55.7151857],[37.4706983,55.7148058],[37.4715466,55.714124],[37.4714369,55.7138166],[37.4680216,55.7136655],[37.4679614,55.7141009],[37.468664,55.7144158],[37.4685769,55.7148195],[37.4668179,55.7156112],[37.4657184,55.7152175],[37.4636944,55.7138315],[37.4636567,55.7135378],[37.4639974,55.7133306],[37.4678703,55.7126089],[37.4680244,55.7122383],[37.4670171,55.7114232],[37.4655082,55.7115738],[37.4656514,55.7110205],[37.4640602,55.7103526],[37.4618543,55.7111672],[37.4604592,55.7109749],[37.4600778,55.7104857],[37.4592709,55.710293],[37.4580385,55.7104348],[37.4566292,55.7100529],[37.4546998,55.7099588],[37.4549618,55.7091036],[37.4487234,55.7094928],[37.4478698,55.7070097],[37.4445111,55.7061223],[37.4355182,55.7057383],[37.4333685,55.7044946],[37.4305886,55.7041643],[37.4239495,55.7071225],[37.4212797,55.7080662],[37.420495,55.704552],[37.4202886,55.7045596],[37.4120211,55.7075676],[37.4119535,55.7067121],[37.4080196,55.7044343],[37.4045563,55.7027645],[37.4043704,55.7025317],[37.4045087,55.7022335],[37.4055856,55.7016237],[37.4059284,55.7004967],[37.4040938,55.6994825],[37.4021617,55.6988389]]]}},{"type":"Feature","bbox":[37.43227,55.63705,37.50671,55.68511],"properties":{"scope":"district","name":"Тропарёво-Никулино","aoName":"Западный","unitType":"Муниципальный округ","okato":"45268592","oktmo":"45327000","type":"administrative","category":"boundary","display_name":"Тропарёво-Никулино, Западный административный округ, Москва, Россия","source":"GIS-Lab / OpenStreetMap"},"geometry":{"type":"Polygon","coordinates":[[[37.43227,55.66201],[37.43455,55.66239],[37.43656,55.66286],[37.43835,55.6636],[37.43932,55.66418],[37.44004,55.66476],[37.44065,55.66527],[37.44191,55.66635],[37.44338,55.66761],[37.44374,55.66788],[37.44437,55.6683],[37.44544,55.66887],[37.44615,55.6692],[37.44759,55.66979],[37.44832,55.67004],[37.45147,55.67097],[37.4524,55.67126],[37.45407,55.67179],[37.45667,55.67276],[37.45881,55.67377],[37.46068,55.67492],[37.46225,55.67603],[37.46406,55.67731],[37.46596,55.67862],[37.46739,55.6796],[37.46862,55.68043],[37.4703,55.68164],[37.47099,55.68209],[37.47168,55.68255],[37.47219,55.68288],[37.47314,55.68346],[37.47585,55.68497],[37.47609,55.68511],[37.47682,55.68424],[37.47667,55.68342],[37.47628,55.6827],[37.47605,55.68248],[37.47566,55.68239],[37.47494,55.68193],[37.47457,55.68154],[37.47439,55.68135],[37.47427,55.68115],[37.47397,55.68067],[37.47394,55.68051],[37.47384,55.67997],[37.47382,55.6795],[37.47378,55.67926],[37.47371,55.67887],[37.47382,55.6787],[37.4742,55.67857],[37.47456,55.67852],[37.47512,55.67853],[37.47548,55.67851],[37.47608,55.67827],[37.47615,55.67822],[37.47637,55.67822],[37.47734,55.6779],[37.47769,55.67772],[37.47806,55.67744],[37.47858,55.67681],[37.47877,55.67665],[37.47996,55.67576],[37.48057,55.67507],[37.48146,55.67402],[37.48169,55.6738],[37.48173,55.67366],[37.48173,55.67351],[37.48188,55.67318],[37.48233,55.67263],[37.48245,55.67243],[37.4825,55.67227],[37.48249,55.6721],[37.48251,55.6719],[37.48265,55.67178],[37.48311,55.67172],[37.48327,55.67159],[37.4834,55.67144],[37.48375,55.67115],[37.48381,55.67068],[37.48415,55.67051],[37.48438,55.67035],[37.48463,55.67022],[37.48511,55.67005],[37.48554,55.67005],[37.48568,55.66999],[37.48582,55.66989],[37.48602,55.6698],[37.48621,55.66977],[37.48653,55.66967],[37.48665,55.6696],[37.48684,55.66958],[37.48718,55.66967],[37.48746,55.66969],[37.48764,55.66968],[37.48803,55.66973],[37.48874,55.66965],[37.48925,55.66962],[37.48978,55.6696],[37.49009,55.66964],[37.49027,55.66969],[37.49046,55.66975],[37.49066,55.66983],[37.49098,55.66994],[37.49708,55.66885],[37.49766,55.66879],[37.49813,55.66873],[37.49843,55.66871],[37.49869,55.66856],[37.49925,55.66829],[37.49957,55.66807],[37.49985,55.66794],[37.5,55.66783],[37.50026,55.6677],[37.50036,55.66744],[37.50028,55.66726],[37.50026,55.66709],[37.50056,55.66701],[37.50084,55.6669],[37.50099,55.66681],[37.50124,55.6668],[37.50124,55.66668],[37.50151,55.66656],[37.50156,55.66646],[37.50161,55.66639],[37.50176,55.66621],[37.5018,55.66611],[37.50172,55.66604],[37.50176,55.66591],[37.50191,55.66566],[37.50229,55.66557],[37.50249,55.66549],[37.50258,55.66539],[37.50255,55.66523],[37.50249,55.66508],[37.50281,55.66501],[37.503,55.66491],[37.5033,55.66491],[37.5036,55.66478],[37.50371,55.66455],[37.50399,55.66453],[37.50425,55.66443],[37.50461,55.66445],[37.50508,55.66427],[37.50519,55.66413],[37.50526,55.66402],[37.50547,55.66392],[37.50563,55.66386],[37.50566,55.66379],[37.50566,55.66369],[37.50584,55.66359],[37.50605,55.66344],[37.50616,55.66326],[37.50636,55.66306],[37.50671,55.66293],[37.50654,55.66178],[37.50165,55.65852],[37.49561,55.65563],[37.48263,55.64954],[37.48247,55.64946],[37.4782,55.64751],[37.46372,55.6407],[37.45572,55.63705],[37.45543,55.63722],[37.45562,55.63732],[37.45583,55.63745],[37.45597,55.63756],[37.45615,55.63769],[37.45623,55.63785],[37.45628,55.63797],[37.45634,55.63814],[37.45639,55.63831],[37.45642,55.63847],[37.45649,55.63871],[37.45655,55.63898],[37.4566,55.63922],[37.45664,55.63935],[37.45674,55.63969],[37.45679,55.63992],[37.45682,55.64005],[37.45685,55.64017],[37.45684,55.64032],[37.45682,55.64043],[37.45677,55.64053],[37.45248,55.6442],[37.44813,55.64792],[37.44332,55.65203],[37.43886,55.65563],[37.43655,55.6576],[37.43532,55.65866],[37.43531,55.659],[37.43227,55.66201]]]}},{"type":"Feature","bbox":[37.4364835,55.8471182,37.4968063,55.8841651],"properties":{"scope":"district","name":"Левобережный","aoName":"Северный","unitType":"Муниципальный округ","okato":"45277583","oktmo":"45342000","type":"administrative","category":"boundary","display_name":"район Левобережный, Москва, Центральный федеральный округ, Россия","source":"OpenStreetMap / Nominatim","refreshedAt":"2026-09-17"},"geometry":{"type":"Polygon","coordinates":[[[37.4364835,55.8795786],[37.437785,55.8785645],[37.4379783,55.8772161],[37.4387242,55.8765343],[37.4426198,55.874411],[37.4514503,55.8702648],[37.4539735,55.870116],[37.4546027,55.8684899],[37.4545494,55.8671416],[37.455091,55.8646893],[37.4559372,55.8628426],[37.4560826,55.8618848],[37.4566014,55.8608586],[37.4577068,55.8598374],[37.4588211,55.8576385],[37.4601813,55.8541059],[37.4608472,55.853004],[37.4613263,55.851045],[37.4628942,55.8500763],[37.4636035,55.8490863],[37.4634933,55.8481997],[37.4644625,55.8471182],[37.46736,55.8481232],[37.4757433,55.8500854],[37.4791302,55.8504615],[37.4848464,55.8503039],[37.490924,55.8506529],[37.4924962,55.8509774],[37.4968063,55.8525226],[37.4891516,55.859132],[37.4854466,55.8582196],[37.4772038,55.8653303],[37.4764525,55.8660554],[37.4791125,55.8667216],[37.4692079,55.8761697],[37.4694171,55.8765702],[37.4666217,55.879423],[37.4657228,55.8801361],[37.4636107,55.8811042],[37.4625313,55.8818586],[37.4624926,55.882721],[37.4647226,55.8834596],[37.4628321,55.8832171],[37.4555653,55.8832034],[37.4483383,55.8827739],[37.4439641,55.8831423],[37.4424188,55.8841651],[37.4415353,55.883839],[37.441984,55.8832633],[37.4419777,55.8827631],[37.4412022,55.8812258],[37.4364835,55.8795786]]]}},{"type":"Feature","bbox":[37.4379546,55.7099588,37.4985676,55.7430534],"properties":{"scope":"district","name":"Фили-Давыдково","aoName":"Западный","unitType":"Муниципальный округ","okato":"45268597","oktmo":"45329000","type":"administrative","category":"boundary","display_name":"район Фили-Давыдково, Москва, Центральный федеральный округ, Россия","source":"OpenStreetMap / Nominatim","refreshedAt":"2026-09-17"},"geometry":{"type":"Polygon","coordinates":[[[37.4379546,55.7372586],[37.4434467,55.7342407],[37.4452009,55.7323871],[37.4543739,55.7113986],[37.4546998,55.7099588],[37.4566292,55.7100529],[37.4580385,55.7104348],[37.4592709,55.710293],[37.4600778,55.7104857],[37.4604592,55.7109749],[37.4618543,55.7111672],[37.4640602,55.7103526],[37.4656514,55.7110205],[37.4655082,55.7115738],[37.4670171,55.7114232],[37.4680244,55.7122383],[37.4678703,55.7126089],[37.4639974,55.7133306],[37.4636567,55.7135378],[37.4636944,55.7138315],[37.4657184,55.7152175],[37.4668179,55.7156112],[37.4685769,55.7148195],[37.468664,55.7144158],[37.4679614,55.7141009],[37.4680216,55.7136655],[37.4714369,55.7138166],[37.4715466,55.714124],[37.4706983,55.7148058],[37.4714764,55.7151857],[37.471539,55.7154788],[37.4705888,55.715841],[37.4719087,55.7163755],[37.4720821,55.7169883],[37.4705921,55.7179731],[37.4692788,55.7182412],[37.4691966,55.7190026],[37.4697373,55.7193438],[37.4705072,55.7193792],[37.471269,55.7187331],[37.4721991,55.7184159],[37.473058,55.7190272],[37.4729495,55.7196562],[37.4732445,55.7199212],[37.4767602,55.721529],[37.478815,55.7211039],[37.4833852,55.7210734],[37.4857418,55.720247],[37.4863479,55.7198311],[37.4866746,55.7192465],[37.4886068,55.7189646],[37.4885087,55.7183456],[37.4910151,55.718465],[37.4924487,55.7180317],[37.4931321,55.7188817],[37.4924607,55.7193731],[37.4924264,55.71994],[37.4926346,55.7201073],[37.4949329,55.720101],[37.4964921,55.721695],[37.4985676,55.7228538],[37.4801615,55.7430534],[37.4603584,55.7375536],[37.4603124,55.7372605],[37.4542991,55.735917],[37.4527229,55.7372394],[37.4506336,55.7369351],[37.4509788,55.7365646],[37.4486175,55.7358929],[37.4485868,55.736124],[37.4474566,55.7361393],[37.4472514,55.7350752],[37.4449168,55.7348261],[37.4379546,55.7372586]]]}},{"type":"Feature","bbox":[37.4824662,55.6421875,37.5551274,55.6737058],"properties":{"scope":"district","name":"Обручевский","aoName":"Юго-Западный","unitType":"Муниципальный округ","okato":"45293578","oktmo":"45905000","type":"administrative","category":"boundary","display_name":"Обручевский район, Москва, Центральный федеральный округ, Россия","source":"OpenStreetMap / Nominatim","refreshedAt":"2026-09-17"},"geometry":{"type":"Polygon","coordinates":[[[37.4824662,55.6494605],[37.4867428,55.6467312],[37.4985134,55.6421875],[37.5088282,55.6499689],[37.5132541,55.6480948],[37.5218936,55.6546422],[37.5208231,55.6551205],[37.5205872,55.6549525],[37.5200721,55.6551826],[37.5210107,55.6558513],[37.5215474,55.6558489],[37.5227797,55.6552983],[37.5253417,55.657309],[37.5356195,55.6562986],[37.5390605,55.6557454],[37.5551274,55.6706495],[37.5527737,55.6714133],[37.5511151,55.6714614],[37.5445876,55.6736905],[37.5422095,55.6715569],[37.5414851,55.6702221],[37.5413319,55.668772],[37.5409446,55.6685843],[37.5329805,55.6682454],[37.5313145,55.6689015],[37.5294441,55.6712017],[37.5240099,55.6737058],[37.5016534,55.6585246],[37.4824662,55.6494605]]]}},{"type":"Feature","bbox":[37.43887,55.43584,37.56548,55.52245],"properties":{"scope":"district","name":"Рязановское","aoName":"Новомосковский","unitType":"Поселение","okato":"45297571","oktmo":"45957000","type":"administrative","category":"boundary","display_name":"Рязановское, Новомосковский административный округ, Москва, Россия","source":"GIS-Lab / OpenStreetMap"},"geometry":{"type":"Polygon","coordinates":[[[37.43887,55.48058],[37.43888,55.48085],[37.43901,55.48116],[37.4392,55.48143],[37.43933,55.48156],[37.43991,55.48243],[37.44018,55.48283],[37.44076,55.48371],[37.44111,55.48461],[37.44143,55.48584],[37.44145,55.48619],[37.44147,55.48669],[37.44147,55.48749],[37.44185,55.48771],[37.44323,55.48887],[37.44365,55.48928],[37.44468,55.48889],[37.44502,55.48942],[37.44475,55.48968],[37.44467,55.49006],[37.4458,55.49092],[37.44881,55.48989],[37.44966,55.49048],[37.45162,55.49193],[37.45426,55.49393],[37.45456,55.49405],[37.45463,55.49408],[37.45482,55.49391],[37.45544,55.49371],[37.45573,55.49367],[37.45615,55.49374],[37.4565,55.49387],[37.45676,55.49403],[37.45706,55.49435],[37.45735,55.49492],[37.45745,55.49514],[37.45733,55.49544],[37.4575,55.49579],[37.45801,55.49651],[37.45814,55.49681],[37.45824,55.4969],[37.4585,55.49701],[37.45881,55.49702],[37.45934,55.49695],[37.45948,55.4969],[37.46056,55.4977],[37.46138,55.49834],[37.46195,55.49888],[37.46225,55.49903],[37.46254,55.49928],[37.46269,55.49946],[37.46312,55.49991],[37.46372,55.50039],[37.46401,55.5007],[37.46448,55.50128],[37.46511,55.50176],[37.46532,55.50195],[37.4655,55.50264],[37.46557,55.50295],[37.46581,55.50372],[37.46598,55.50424],[37.46611,55.50446],[37.46749,55.50473],[37.46806,55.50478],[37.46873,55.50487],[37.46572,55.50654],[37.46696,55.50726],[37.46729,55.50746],[37.46788,55.50784],[37.46836,55.50823],[37.46884,55.50862],[37.47233,55.51065],[37.47808,55.51338],[37.4805,55.51463],[37.48085,55.51462],[37.48231,55.51393],[37.48294,55.51393],[37.48308,55.5138],[37.48328,55.5136],[37.48319,55.51358],[37.48335,55.51333],[37.48338,55.5133],[37.48342,55.51329],[37.48353,55.51316],[37.4836,55.51318],[37.48368,55.51322],[37.4871,55.51497],[37.4899,55.51641],[37.49051,55.51672],[37.49108,55.51707],[37.49155,55.51744],[37.49173,55.51769],[37.49273,55.5188],[37.49302,55.51892],[37.49639,55.51975],[37.49729,55.52008],[37.49816,55.52042],[37.49903,55.52075],[37.49992,55.52106],[37.50177,55.52166],[37.50454,55.52245],[37.50559,55.52228],[37.50488,55.52115],[37.50848,55.52054],[37.51884,55.51823],[37.52886,55.50787],[37.52676,55.50717],[37.52584,55.50677],[37.52451,55.50624],[37.524,55.50598],[37.52589,55.50464],[37.5292,55.5036],[37.5269,55.50245],[37.527,55.50229],[37.53073,55.5005],[37.5311,55.50014],[37.5314,55.50021],[37.53164,55.50055],[37.53193,55.50134],[37.53237,55.50209],[37.53284,55.50195],[37.53442,55.50146],[37.53551,55.50116],[37.53553,55.50096],[37.53551,55.50079],[37.5355,55.50062],[37.53549,55.50046],[37.53548,55.50028],[37.53567,55.50013],[37.53586,55.49997],[37.53558,55.49977],[37.53529,55.49958],[37.53515,55.49948],[37.53501,55.49939],[37.53472,55.49919],[37.53422,55.49815],[37.53421,55.49785],[37.53449,55.49776],[37.53475,55.49774],[37.53482,55.49724],[37.53472,55.49698],[37.53451,55.49682],[37.53417,55.49633],[37.5341,55.49618],[37.53399,55.49606],[37.53374,55.49584],[37.53309,55.49592],[37.53293,55.49533],[37.53281,55.49514],[37.53247,55.49485],[37.53254,55.49469],[37.53282,55.49468],[37.53286,55.49452],[37.53295,55.49422],[37.53262,55.49401],[37.53263,55.49392],[37.53259,55.49365],[37.53261,55.49351],[37.53309,55.49305],[37.53278,55.49241],[37.53308,55.49209],[37.53355,55.49198],[37.53363,55.49174],[37.53403,55.49158],[37.53436,55.49165],[37.53448,55.49167],[37.53463,55.49163],[37.53475,55.4916],[37.53496,55.49158],[37.53498,55.49155],[37.53519,55.49159],[37.53534,55.49164],[37.53561,55.49153],[37.53565,55.49137],[37.5362,55.49051],[37.53699,55.48997],[37.53707,55.48989],[37.53752,55.4895],[37.53836,55.48938],[37.54018,55.4879],[37.54169,55.48649],[37.54179,55.48569],[37.54129,55.48542],[37.54241,55.48462],[37.55479,55.48767],[37.55624,55.48773],[37.55671,55.48776],[37.5575,55.48815],[37.55811,55.48813],[37.56502,55.48729],[37.56545,55.48741],[37.56548,55.48742],[37.56537,55.48674],[37.56533,55.48655],[37.56486,55.4849],[37.56486,55.48483],[37.56492,55.48483],[37.56492,55.48473],[37.56481,55.48473],[37.56468,55.48426],[37.56415,55.4827],[37.56398,55.48248],[37.56343,55.48173],[37.56329,55.48152],[37.56308,55.48067],[37.56293,55.48068],[37.56291,55.48062],[37.56306,55.48061],[37.56282,55.48014],[37.56276,55.47993],[37.56297,55.4793],[37.56239,55.47802],[37.56189,55.47569],[37.56176,55.47479],[37.56154,55.4748],[37.56146,55.47446],[37.56103,55.47447],[37.56081,55.47425],[37.56084,55.47339],[37.55789,55.47326],[37.55552,55.47314],[37.5554,55.47313],[37.5554,55.47305],[37.55541,55.47299],[37.55391,55.47294],[37.54475,55.47265],[37.54555,55.4653],[37.5456,55.46485],[37.54698,55.4646],[37.54709,55.46459],[37.54709,55.46449],[37.54705,55.46432],[37.54693,55.46433],[37.54668,55.46316],[37.54637,55.46251],[37.54591,55.46157],[37.54633,55.46162],[37.54637,55.46162],[37.54641,55.46163],[37.54649,55.46165],[37.54686,55.46173],[37.54695,55.46204],[37.54699,55.46208],[37.54707,55.4621],[37.54729,55.4621],[37.54734,55.46206],[37.54756,55.46169],[37.54757,55.46165],[37.54633,55.4602],[37.54632,55.46019],[37.54625,55.46012],[37.54615,55.45998],[37.54602,55.45984],[37.54597,55.45979],[37.54594,55.45974],[37.54592,55.45972],[37.54662,55.45975],[37.54677,55.45973],[37.54685,55.45973],[37.54691,55.45975],[37.54712,55.45976],[37.54747,55.45967],[37.54753,55.45983],[37.54786,55.45985],[37.5479,55.45857],[37.54791,55.45829],[37.54793,55.45733],[37.54794,55.45714],[37.54801,55.4569],[37.54674,55.45713],[37.54432,55.45786],[37.544,55.45763],[37.54255,55.45672],[37.54184,55.45641],[37.54105,55.45611],[37.54013,55.45579],[37.53998,55.45571],[37.53986,55.45561],[37.53975,55.45554],[37.53962,55.4555],[37.53933,55.45551],[37.53921,55.45549],[37.53839,55.45525],[37.53805,55.45516],[37.53682,55.45478],[37.53682,55.45457],[37.53682,55.45444],[37.53681,55.4543],[37.53681,55.45429],[37.53688,55.45346],[37.53666,55.45335],[37.53443,55.45342],[37.53415,55.45346],[37.53398,55.45349],[37.53326,55.4536],[37.53276,55.45368],[37.53161,55.45175],[37.53184,55.45159],[37.53161,55.45101],[37.53195,55.45096],[37.53168,55.45032],[37.53179,55.44962],[37.53164,55.44819],[37.53142,55.4479],[37.53152,55.44691],[37.53229,55.4464],[37.5337,55.44579],[37.53477,55.44495],[37.53597,55.44225],[37.53584,55.44192],[37.53667,55.43992],[37.5357,55.43981],[37.53581,55.43925],[37.53633,55.43926],[37.53635,55.43921],[37.53664,55.43922],[37.53723,55.43853],[37.53801,55.43782],[37.53839,55.43749],[37.53527,55.43628],[37.53358,55.43614],[37.52939,55.43585],[37.52533,55.43584],[37.51849,55.43597],[37.51348,55.43592],[37.51006,55.43619],[37.50854,55.43639],[37.50739,55.43669],[37.50542,55.43747],[37.50457,55.43773],[37.50384,55.43784],[37.50304,55.43789],[37.50255,55.4381],[37.5022,55.43838],[37.50116,55.43945],[37.50079,55.44023],[37.5,55.44098],[37.49949,55.44137],[37.49842,55.44175],[37.49766,55.44199],[37.49669,55.44213],[37.49512,55.44229],[37.49338,55.44239],[37.49165,55.44256],[37.49126,55.44274],[37.49039,55.44329],[37.48833,55.44445],[37.48727,55.44505],[37.4864,55.44578],[37.48591,55.44659],[37.48577,55.4469],[37.48581,55.44725],[37.48604,55.44757],[37.48642,55.44783],[37.48758,55.44807],[37.49008,55.44828],[37.49266,55.44868],[37.49546,55.44907],[37.49672,55.44937],[37.49816,55.44981],[37.49853,55.45004],[37.49865,55.4504],[37.49865,55.45065],[37.49852,55.45089],[37.4981,55.45107],[37.49697,55.45173],[37.49617,55.45236],[37.49516,55.45346],[37.49408,55.45438],[37.49293,55.45515],[37.49233,55.45569],[37.49215,55.45617],[37.49223,55.45636],[37.49253,55.45659],[37.49293,55.45677],[37.49407,55.45712],[37.49491,55.45748],[37.49625,55.4581],[37.49677,55.4585],[37.49689,55.45877],[37.49686,55.45896],[37.49672,55.45914],[37.49641,55.45932],[37.49535,55.45976],[37.49343,55.46026],[37.49263,55.46043],[37.49118,55.46069],[37.49033,55.46086],[37.48993,55.46089],[37.48952,55.46083],[37.4886,55.46032],[37.48734,55.45968],[37.48624,55.45893],[37.48551,55.45859],[37.48483,55.45827],[37.48421,55.4583],[37.48324,55.45858],[37.4823,55.45896],[37.48099,55.45937],[37.47988,55.45985],[37.47927,55.46042],[37.47921,55.46066],[37.47823,55.4606],[37.4783,55.46147],[37.47675,55.4617],[37.47541,55.46102],[37.4701,55.46227],[37.46458,55.46494],[37.45799,55.46544],[37.45799,55.46833],[37.46398,55.46868],[37.46451,55.47081],[37.45981,55.47039],[37.45685,55.47275],[37.45685,55.47275],[37.45685,55.47275],[37.45208,55.47218],[37.44724,55.47504],[37.44939,55.47996],[37.44771,55.48011],[37.44522,55.4819],[37.43917,55.47948],[37.43887,55.48058]]]}},{"type":"Feature","bbox":[37.4663185,55.6788427,37.5592321,55.7362112],"properties":{"scope":"district","name":"Раменки","aoName":"Западный","unitType":"Муниципальный округ","okato":"45268584","oktmo":"45325000","type":"administrative","category":"boundary","display_name":"район Раменки, Москва, Центральный федеральный округ, Россия","source":"OpenStreetMap / Nominatim","refreshedAt":"2026-09-17"},"geometry":{"type":"Polygon","coordinates":[[[37.4663185,55.6945259],[37.478186,55.6854037],[37.4798919,55.6835544],[37.4813805,55.6811258],[37.4822234,55.6814082],[37.4829045,55.6820809],[37.484687,55.6830932],[37.4862705,55.6821907],[37.4872279,55.6824115],[37.4899018,55.6838222],[37.4870018,55.6873662],[37.4886718,55.6886149],[37.4914377,55.6874508],[37.4944276,55.6866804],[37.4962944,55.686926],[37.4980539,55.6880291],[37.4987234,55.6881743],[37.4992298,55.6878453],[37.5009808,55.6878985],[37.5027832,55.6876324],[37.504208,55.6881646],[37.5045685,55.6878985],[37.5059295,55.6878218],[37.5071606,55.6868534],[37.5073322,55.6863357],[37.5070833,55.6848696],[37.5079159,55.6837567],[37.5089459,55.6833116],[37.5094694,55.6824454],[37.5093349,55.6819403],[37.5082893,55.6811244],[37.509029,55.6797804],[37.5101376,55.6788427],[37.5365712,55.6935632],[37.5592321,55.7102802],[37.5568729,55.7103426],[37.552897,55.7109726],[37.5485159,55.7122628],[37.5459418,55.713687],[37.5433307,55.7156172],[37.5418853,55.7175946],[37.5410812,55.7201251],[37.5411815,55.7220558],[37.5418635,55.7240396],[37.5430747,55.7255663],[37.5449026,55.7270557],[37.5477856,55.7280681],[37.5428701,55.7331394],[37.5384748,55.7362112],[37.5325933,55.7354307],[37.518486,55.7314259],[37.5061446,55.7257778],[37.4971058,55.7221283],[37.4957267,55.7209873],[37.4930927,55.7178328],[37.4933658,55.7154944],[37.4929288,55.7134944],[37.4905934,55.7092836],[37.4881493,55.7073505],[37.4771605,55.7026248],[37.4695454,55.6981992],[37.4679853,55.696802],[37.4663185,55.6945259]]]}},{"type":"Feature","bbox":[37.4716778,55.8147507,37.5216153,55.841335],"properties":{"scope":"district","name":"Войковский","aoName":"Северный","unitType":"Муниципальный округ","okato":"45277565","oktmo":"45336000","type":"administrative","category":"boundary","display_name":"Войковский район, Москва, Центральный федеральный округ, Россия","source":"OpenStreetMap / Nominatim","refreshedAt":"2026-09-17"},"geometry":{"type":"Polygon","coordinates":[[[37.4716778,55.8377855],[37.4721785,55.8371823],[37.4742235,55.8359672],[37.4762079,55.8342859],[37.478983,55.8315541],[37.4791227,55.830748],[37.4744678,55.8300036],[37.4744188,55.8298286],[37.4781004,55.8266713],[37.4813937,55.8270137],[37.4857479,55.826506],[37.4879095,55.8265308],[37.4910751,55.8272718],[37.4933657,55.8244783],[37.4902612,55.8227664],[37.488042,55.8206297],[37.4868036,55.8179345],[37.4868576,55.815334],[37.5080819,55.8147507],[37.5194971,55.8151739],[37.5194516,55.8158464],[37.5216153,55.8175996],[37.5178809,55.818626],[37.5178555,55.8189323],[37.5194937,55.8210427],[37.5194402,55.8213038],[37.5143497,55.8274517],[37.514829,55.8278346],[37.5113099,55.8299285],[37.5106989,55.8305312],[37.5077793,55.8320938],[37.5087503,55.8327417],[37.5087727,55.8331399],[37.5069229,55.8355815],[37.5048366,55.8371674],[37.4936103,55.8393585],[37.4813734,55.8393409],[37.4798671,55.841335],[37.4725865,55.8403538],[37.4720609,55.8393886],[37.4716778,55.8377855]]]}},{"type":"Feature","bbox":[37.4868576,55.7910836,37.5204392,55.815334],"properties":{"scope":"district","name":"Сокол","aoName":"Северный","unitType":"Муниципальный округ","okato":"45277589","oktmo":"45345000","type":"administrative","category":"boundary","display_name":"район Сокол, Москва, Центральный федеральный округ, Россия","source":"OpenStreetMap / Nominatim","refreshedAt":"2026-09-17"},"geometry":{"type":"Polygon","coordinates":[[[37.4868576,55.815334],[37.487224,55.8132784],[37.4878979,55.8121021],[37.5025463,55.794866],[37.5032493,55.7934544],[37.5038208,55.7910836],[37.5182853,55.7935013],[37.5188945,55.7943443],[37.5178925,55.7947612],[37.518203,55.7953047],[37.5204392,55.8037368],[37.5110095,55.8060827],[37.5146585,55.8102323],[37.5163054,55.8117296],[37.5168811,55.8119561],[37.5194971,55.8151739],[37.5080819,55.8147507],[37.4868576,55.815334]]]}},{"type":"Feature","bbox":[37.473697,55.8483563,37.5669075,55.8928174],"properties":{"scope":"district","name":"Западное Дегунино","aoName":"Северный","unitType":"Муниципальный округ","okato":"45277577","oktmo":"45340000","type":"administrative","category":"boundary","display_name":"район Западное Дегунино, Москва, Центральный федеральный округ, Россия","source":"OpenStreetMap / Nominatim","refreshedAt":"2026-09-17"},"geometry":{"type":"Polygon","coordinates":[[[37.473697,55.8852992],[37.5470392,55.85352],[37.5551837,55.8483563],[37.5576288,55.8491243],[37.5605813,55.8496059],[37.5643257,55.8497246],[37.5669075,55.8495149],[37.5640046,55.8532033],[37.5602549,55.8573525],[37.5516664,55.8617811],[37.5485229,55.8636475],[37.5314357,55.8716267],[37.526547,55.8748715],[37.5116685,55.8892942],[37.508936,55.8879612],[37.5060167,55.886091],[37.5020458,55.8890345],[37.4975745,55.8912921],[37.496035,55.8926033],[37.4948148,55.8928065],[37.4938678,55.8923808],[37.4928601,55.8909823],[37.4859353,55.8883988],[37.4848494,55.8888036],[37.4839947,55.8906501],[37.4835978,55.8906504],[37.4833469,55.8897276],[37.4823164,55.8883802],[37.4759345,55.8858645],[37.473697,55.8852992]]]}},{"type":"Feature","bbox":[37.4737147,55.6617784,37.5240099,55.6886149],"properties":{"scope":"district","name":"Проспект Вернадского","aoName":"Западный","unitType":"Муниципальный округ","okato":"45268581","oktmo":"45324000","type":"administrative","category":"boundary","display_name":"район Проспект Вернадского, Москва, Центральный федеральный округ, Россия","source":"OpenStreetMap / Nominatim","refreshedAt":"2026-09-17"},"geometry":{"type":"Polygon","coordinates":[[[37.4737147,55.6789532],[37.4742099,55.6785961],[37.4763927,55.6782501],[37.4780633,55.6774403],[37.4799594,55.6757559],[37.4816947,55.6738026],[37.4824531,55.6724251],[37.4825055,55.6718989],[37.4831072,55.6717218],[37.4837533,55.6711466],[37.4838056,55.6706786],[37.4846313,55.670218],[37.4868426,55.669581],[37.4883741,55.6697645],[37.4897756,55.6696038],[37.4909825,55.669943],[37.4925769,55.6700349],[37.498515,55.6687384],[37.5001527,55.6678551],[37.5003633,55.6674433],[37.500256,55.6670924],[37.501243,55.6668019],[37.5019082,55.6656643],[37.5024927,55.6654947],[37.5030026,55.6649139],[37.505084,55.6642725],[37.5067089,55.6629349],[37.5065428,55.6617784],[37.5240099,55.6737058],[37.5142637,55.678286],[37.5116624,55.6797306],[37.5101376,55.6788427],[37.509029,55.6797804],[37.5082893,55.6811244],[37.5093349,55.6819403],[37.5094694,55.6824454],[37.5089459,55.6833116],[37.5079159,55.6837567],[37.5070833,55.6848696],[37.5073322,55.6863357],[37.5071606,55.6868534],[37.5059295,55.6878218],[37.5045685,55.6878985],[37.504208,55.6881646],[37.5027832,55.6876324],[37.5009808,55.6878985],[37.4992298,55.6878453],[37.4987234,55.6881743],[37.4980539,55.6880291],[37.4962944,55.686926],[37.4944276,55.6866804],[37.4914377,55.6874508],[37.4886718,55.6886149],[37.4870018,55.6873662],[37.4899018,55.6838222],[37.4872279,55.6824115],[37.4862705,55.6821907],[37.484687,55.6830932],[37.4829045,55.6820809],[37.4822234,55.6814082],[37.4813805,55.6811258],[37.4794386,55.6841487],[37.4775617,55.6859265],[37.477159,55.6857133],[37.4781191,55.6837761],[37.4749405,55.681927],[37.474389,55.6813526],[37.4738352,55.6799738],[37.4737147,55.6789532]]]}},{"type":"Feature","bbox":[37.4701898,55.516684,37.5893029,55.5604076],"properties":{"scope":"district","name":"Южное Бутово","aoName":"Юго-Западный","unitType":"Муниципальный округ","okato":"45293594","oktmo":"45909000","type":"administrative","category":"boundary","display_name":"район Южное Бутово, Москва, Центральный федеральный округ, Россия","source":"OpenStreetMap / Nominatim","refreshedAt":"2026-09-17"},"geometry":{"type":"Polygon","coordinates":[[[37.4701898,55.5340521],[37.4707001,55.5318364],[37.4708997,55.5296048],[37.4712826,55.5295634],[37.4712249,55.5293376],[37.4709252,55.5293764],[37.4709829,55.5288439],[37.4712978,55.5290217],[37.4723087,55.5288203],[37.4728247,55.5281769],[37.4736029,55.5278833],[37.4741501,55.5273481],[37.477389,55.5261563],[37.4782102,55.526169],[37.4789075,55.5265167],[37.4804159,55.5262448],[37.4819903,55.5269731],[37.4827989,55.5270938],[37.4829693,55.527219],[37.4827963,55.5278148],[37.4831618,55.5282629],[37.4831153,55.5286047],[37.48495,55.5291696],[37.4854807,55.5296237],[37.4866653,55.5298007],[37.4882321,55.5294575],[37.4894306,55.5299904],[37.4893674,55.5296728],[37.4895575,55.5295794],[37.4917548,55.5289947],[37.4922671,55.5291595],[37.4926131,55.5286892],[37.494018,55.5284414],[37.4938967,55.5282436],[37.494379,55.5281373],[37.494803,55.5275321],[37.4967591,55.5271994],[37.4973117,55.5273089],[37.4977189,55.5267656],[37.4979047,55.5269294],[37.4991688,55.5267545],[37.5019197,55.5276842],[37.5022977,55.5276079],[37.5022238,55.5270756],[37.5025794,55.526914],[37.5025317,55.5266753],[37.5030695,55.5269471],[37.5037986,55.5267211],[37.5041282,55.5268588],[37.5044811,55.5267416],[37.5044957,55.5264095],[37.5069331,55.5271171],[37.5079325,55.5268832],[37.5082003,55.5270867],[37.508564,55.5268342],[37.510028,55.5268957],[37.5099214,55.5266562],[37.5104543,55.5264815],[37.5132556,55.5263957],[37.5193687,55.5254967],[37.5194014,55.524994],[37.5202022,55.5238681],[37.5201236,55.5224844],[37.5228099,55.5216342],[37.5274982,55.5211929],[37.5295791,55.5205452],[37.5326508,55.5187602],[37.5351234,55.5179618],[37.534419,55.5200753],[37.534544,55.5228191],[37.5360308,55.5253215],[37.537967,55.5269385],[37.5402961,55.5281684],[37.5426103,55.5290385],[37.5456205,55.5297666],[37.5492706,55.5300782],[37.5538239,55.5297564],[37.5564656,55.5291865],[37.55938,55.5281421],[37.5623241,55.526277],[37.5633054,55.5253118],[37.564203,55.5240451],[37.564958,55.5220146],[37.5648011,55.5206068],[37.5640992,55.5184948],[37.5647788,55.518411],[37.5653604,55.5204367],[37.5668751,55.5202911],[37.5661789,55.5170806],[37.5676921,55.516684],[37.5771272,55.5172033],[37.5803221,55.5277603],[37.58072,55.5277172],[37.5822123,55.5316397],[37.5839151,55.5371993],[37.5833174,55.5378616],[37.585445,55.5453421],[37.5881189,55.5527328],[37.5882062,55.553691],[37.5893029,55.5571995],[37.5773953,55.5491088],[37.5758594,55.549812],[37.575951,55.5518488],[37.5756773,55.5523607],[37.5738918,55.5535358],[37.5721962,55.5540248],[37.5691507,55.554268],[37.559989,55.5538065],[37.55945,55.5558189],[37.5599731,55.5570905],[37.5603714,55.5571633],[37.5604307,55.5578173],[37.5594411,55.5595399],[37.5586492,55.5604062],[37.5554162,55.5593607],[37.5542632,55.5594922],[37.5529687,55.5562265],[37.5521474,55.554869],[37.5494658,55.5541314],[37.5488225,55.5526259],[37.544878,55.55202],[37.5291881,55.5552455],[37.5144961,55.548505],[37.511115,55.544986],[37.5077676,55.5429454],[37.4934494,55.5396458],[37.4887675,55.5396281],[37.4878655,55.5397681],[37.4877481,55.5400867],[37.4874804,55.540092],[37.4874673,55.5399085],[37.4861751,55.539793],[37.4755165,55.5372951],[37.475709,55.5353874],[37.4726812,55.5349109],[37.4726176,55.5345989],[37.4701898,55.5340521]]]}},{"type":"Feature","bbox":[37.4883331,55.5818072,37.5858754,55.6494629],"properties":{"scope":"district","name":"Ясенево","aoName":"Юго-Западный","unitType":"Муниципальный округ","okato":"45293598","oktmo":"45910000","type":"administrative","category":"boundary","display_name":"район Ясенево, Москва, Центральный федеральный округ, Россия","source":"OpenStreetMap / Nominatim","refreshedAt":"2026-09-17"},"geometry":{"type":"Polygon","coordinates":[[[37.4883331,55.608273],[37.4887893,55.608164],[37.4898454,55.609611],[37.491179,55.6101003],[37.4927469,55.6087716],[37.4940975,55.6085736],[37.5021825,55.6016081],[37.5065527,55.5982494],[37.5118794,55.5955961],[37.5180898,55.5936478],[37.5262906,55.5916192],[37.5274129,55.590362],[37.5272405,55.5896631],[37.5290791,55.5895265],[37.5301569,55.5906626],[37.5304243,55.5906958],[37.5472658,55.586663],[37.5478409,55.5869943],[37.5695504,55.5818072],[37.5727265,55.5823663],[37.5736777,55.5822096],[37.5760749,55.5842567],[37.5774788,55.5863496],[37.5774765,55.5869894],[37.5770668,55.5872209],[37.5767866,55.5878666],[37.5776217,55.5892199],[37.5768643,55.5893149],[37.5771393,55.5916342],[37.578974,55.5959134],[37.5802368,55.5958133],[37.5801979,55.5968987],[37.580571,55.5977608],[37.5766634,55.5978687],[37.5764301,55.598155],[37.5767147,55.5992866],[37.5776734,55.6001699],[37.5792964,55.6010331],[37.5817703,55.6034936],[37.5815648,55.6043428],[37.5778221,55.6043664],[37.5757622,55.6062573],[37.5748996,55.606596],[37.5739863,55.6066513],[37.573616,55.60595],[37.5718677,55.6059887],[37.571299,55.6067179],[37.5698955,55.607243],[37.5697983,55.6080693],[37.5699163,55.6084693],[37.5736164,55.6083608],[37.5746859,55.6088169],[37.5755756,55.6109835],[37.5757104,55.6122829],[37.5746262,55.6132284],[37.5775274,55.6143282],[37.5780867,55.614758],[37.5759344,55.6155066],[37.5794247,55.6196914],[37.5804987,55.6193862],[37.5788852,55.6200949],[37.5775513,55.6192541],[37.574745,55.6200474],[37.5763973,55.6217558],[37.5769209,55.6219629],[37.5788428,55.6217451],[37.578308,55.622052],[37.5787148,55.6222363],[37.5799079,55.6217421],[37.5805352,55.6217889],[37.5826329,55.6232446],[37.5822192,55.6233277],[37.5816589,55.6229194],[37.5819264,55.6236362],[37.5813932,55.6240714],[37.5823542,55.6243623],[37.5820298,55.6245849],[37.5827831,55.6251651],[37.5838164,55.6269123],[37.5843505,55.6266836],[37.5846823,55.6277039],[37.5841914,55.6275846],[37.5840882,55.627995],[37.5847405,55.6279252],[37.5850272,55.628723],[37.5842215,55.6284348],[37.5841652,55.6286932],[37.5852841,55.6293994],[37.5858587,55.6311686],[37.5852426,55.6314864],[37.58382,55.6314728],[37.5772657,55.6326769],[37.577406,55.6343603],[37.579058,55.6354052],[37.5792798,55.6357807],[37.5801576,55.6355636],[37.5805944,55.635911],[37.5798446,55.6360226],[37.5811043,55.6372784],[37.5816659,55.6372003],[37.5822546,55.638467],[37.5814907,55.63896],[37.5814477,55.6394871],[37.5821553,55.6396523],[37.5816158,55.6399653],[37.5812618,55.6408951],[37.5819231,55.6409],[37.5820011,55.6412222],[37.5807067,55.6423332],[37.5792904,55.6428012],[37.5793622,55.6436152],[37.5800031,55.6438219],[37.5801147,55.644941],[37.5804124,55.6449225],[37.5803884,55.6453262],[37.5717008,55.6477612],[37.5639978,55.6494629],[37.5609288,55.6455182],[37.558895,55.6440563],[37.5494933,55.6409523],[37.5464268,55.6395565],[37.5453262,55.6387456],[37.5441098,55.6373637],[37.540383,55.6314878],[37.5400549,55.6302382],[37.5405586,55.6286422],[37.5374335,55.6278076],[37.5361686,55.6268352],[37.5323468,55.6258019],[37.5312703,55.6259386],[37.531055,55.6254828],[37.5244332,55.6236323],[37.5126525,55.6257753],[37.5046081,55.6188216],[37.5012058,55.6163152],[37.4981704,55.6144448],[37.490601,55.6104479],[37.4893164,55.6095161],[37.4883331,55.608273]]]}},{"type":"Feature","bbox":[37.4892942,55.7228538,37.5744922,55.7535974],"properties":{"scope":"district","name":"Дорогомилово","aoName":"Западный","unitType":"Муниципальный округ","okato":"45268554","oktmo":"45318000","type":"administrative","category":"boundary","display_name":"район Дорогомилово, Москва, Центральный федеральный округ, Россия","source":"OpenStreetMap / Nominatim","refreshedAt":"2026-09-17"},"geometry":{"type":"Polygon","coordinates":[[[37.4892942,55.7330146],[37.4985676,55.7228538],[37.5061446,55.7257778],[37.518486,55.7314259],[37.5313197,55.7351321],[37.5384748,55.7362112],[37.5428701,55.7331394],[37.5477856,55.7280681],[37.5530345,55.7299466],[37.5590625,55.7330687],[37.5636326,55.7350954],[37.5657503,55.736401],[37.5683267,55.7385525],[37.5738914,55.7447089],[37.5744493,55.7463273],[37.5744922,55.7488635],[37.5740201,55.7503369],[37.5730331,55.751472],[37.5708015,55.7527279],[37.5678832,55.7533558],[37.5640208,55.7535974],[37.5601783,55.7530784],[37.5545352,55.7514364],[37.5435502,55.7465205],[37.5403745,55.7454577],[37.5364877,55.7446449],[37.5324042,55.7443963],[37.527972,55.7446122],[37.5255687,55.7453369],[37.5236375,55.7463273],[37.5224216,55.7472846],[37.5180084,55.7457675],[37.5156954,55.7445398],[37.5138365,55.7432311],[37.5087566,55.7385621],[37.5058686,55.7369085],[37.4985357,55.734604],[37.4892942,55.7330146]]]}},{"type":"Feature","bbox":[37.4985134,55.6236323,37.5639978,55.657309],"properties":{"scope":"district","name":"Коньково","aoName":"Юго-Западный","unitType":"Муниципальный округ","okato":"45293566","oktmo":"45902000","type":"administrative","category":"boundary","display_name":"район Коньково, Москва, Центральный федеральный округ, Россия","source":"OpenStreetMap / Nominatim","refreshedAt":"2026-09-17"},"geometry":{"type":"Polygon","coordinates":[[[37.4985134,55.6421875],[37.5154683,55.6355763],[37.5204897,55.6343014],[37.5170982,55.6296323],[37.5126525,55.6257753],[37.5244332,55.6236323],[37.531055,55.6254828],[37.5312703,55.6259386],[37.5323468,55.6258019],[37.5361686,55.6268352],[37.5374335,55.6278076],[37.5405586,55.6286422],[37.5400549,55.6302382],[37.540383,55.6314878],[37.5441098,55.6373637],[37.5453262,55.6387456],[37.5464268,55.6395565],[37.5494933,55.6409523],[37.558895,55.6440563],[37.5609288,55.6455182],[37.5639978,55.6494629],[37.5512393,55.6513217],[37.5482279,55.652076],[37.5453146,55.653089],[37.5405056,55.6552879],[37.5384134,55.6558819],[37.5253417,55.657309],[37.5227797,55.6552983],[37.5215474,55.6558489],[37.5210107,55.6558513],[37.5200721,55.6551826],[37.5205872,55.6549525],[37.5208231,55.6551205],[37.5218936,55.6546422],[37.5132541,55.6480948],[37.5088282,55.6499689],[37.4985134,55.6421875]]]}},{"type":"Feature","bbox":[37.5038208,55.7598459,37.5550297,55.8037368],"properties":{"scope":"district","name":"Хорошёвский","aoName":"Северный","unitType":"Муниципальный округ","okato":"45277598","oktmo":"45348000","type":"administrative","category":"boundary","display_name":"Хорошёвский район, Москва, Центральный федеральный округ, Россия","source":"OpenStreetMap / Nominatim","refreshedAt":"2026-09-17"},"geometry":{"type":"Polygon","coordinates":[[[37.5038208,55.7910836],[37.5065923,55.7788953],[37.5074274,55.777151],[37.5087504,55.7753858],[37.5219435,55.761509],[37.5225622,55.7616884],[37.5242852,55.7598459],[37.532202,55.7634162],[37.5341707,55.7651495],[37.5347649,55.7661935],[37.536061,55.7661039],[37.5366332,55.7690651],[37.5371295,55.7697608],[37.5389633,55.7711286],[37.5418632,55.7724063],[37.544434,55.772989],[37.5519166,55.7734083],[37.5516903,55.774133],[37.5535896,55.7748035],[37.5550297,55.7761208],[37.551108,55.7772869],[37.5471812,55.7797111],[37.5453748,55.7809121],[37.5440863,55.7835797],[37.5432807,55.7837196],[37.5419935,55.7834599],[37.5408733,55.7849648],[37.5420151,55.7854719],[37.5500727,55.7912114],[37.5485565,55.7918955],[37.5494558,55.7925318],[37.5339181,55.7996047],[37.5305987,55.8008779],[37.5204392,55.8037368],[37.518203,55.7953047],[37.5178925,55.7947612],[37.5188944,55.7944163],[37.5182853,55.7935013],[37.5038208,55.7910836]]]}},{"type":"Feature","bbox":[37.5408733,55.7734083,37.5886333,55.7934376],"properties":{"scope":"district","name":"Беговой","aoName":"Северный","unitType":"Муниципальный округ","okato":"45277556","oktmo":"45334000","type":"administrative","category":"boundary","display_name":"район Беговой, Москва, Центральный федеральный округ, Россия","source":"OpenStreetMap / Nominatim","refreshedAt":"2026-09-17"},"geometry":{"type":"Polygon","coordinates":[[[37.5408733,55.7849648],[37.5419935,55.7834599],[37.5432807,55.7837196],[37.5440863,55.7835797],[37.5453748,55.7809121],[37.5471812,55.7797111],[37.551108,55.7772869],[37.5550297,55.7761208],[37.5535896,55.7748035],[37.5516903,55.774133],[37.5519166,55.7734083],[37.5710802,55.7754258],[37.5759936,55.775608],[37.5780999,55.7761477],[37.5810955,55.7774318],[37.5847927,55.7798664],[37.5860669,55.7827005],[37.5886333,55.7920566],[37.5865301,55.7934376],[37.5839861,55.7922209],[37.5744959,55.7916519],[37.5657422,55.7854818],[37.5494558,55.7925318],[37.5485565,55.7918955],[37.5500727,55.7912114],[37.5420151,55.7854719],[37.5408733,55.7849648]]]}},{"type":"Feature","bbox":[37.5048366,55.811897,37.5605395,55.8483563],"properties":{"scope":"district","name":"Коптево","aoName":"Северный","unitType":"Муниципальный округ","okato":"45277580","oktmo":"45341000","type":"administrative","category":"boundary","display_name":"район Коптево, Москва, Центральный федеральный округ, Россия","source":"OpenStreetMap / Nominatim","refreshedAt":"2026-09-17"},"geometry":{"type":"Polygon","coordinates":[[[37.5048366,55.8371674],[37.5069229,55.8355815],[37.5087727,55.8331399],[37.5087503,55.8327417],[37.5077793,55.8320938],[37.5106989,55.8305312],[37.5113099,55.8299285],[37.514829,55.8278346],[37.5143497,55.8274517],[37.5194402,55.8213038],[37.5194937,55.8210427],[37.5178555,55.8189323],[37.5178809,55.818626],[37.5216153,55.8175996],[37.5194516,55.8158464],[37.5194971,55.8151739],[37.5289131,55.8155891],[37.5325883,55.8154187],[37.5364835,55.8142613],[37.5407783,55.811897],[37.541113,55.8120848],[37.5379479,55.8170434],[37.5352707,55.8197317],[37.531977,55.8218499],[37.531938,55.8226145],[37.5327252,55.8246269],[37.5328284,55.825468],[37.5324463,55.8296191],[37.532027,55.831332],[37.5317779,55.8313882],[37.5342016,55.8339622],[37.5389481,55.8366543],[37.5605395,55.8448416],[37.5551837,55.8483563],[37.550547,55.8468916],[37.5230715,55.8409823],[37.5223312,55.8417218],[37.5207963,55.8412241],[37.5186961,55.8412747],[37.5175129,55.8408049],[37.5147173,55.8379453],[37.5048366,55.8371674]]]}},{"type":"Feature","bbox":[37.50508,55.48709,37.57713,55.5225],"properties":{"scope":"district","name":"Щербинка","aoName":"Новомосковский","unitType":"Городской округ","okato":"45297581","oktmo":"45932000","type":"administrative","category":"boundary","display_name":"Щербинка, Новомосковский административный округ, Москва, Россия","source":"GIS-Lab / OpenStreetMap"},"geometry":{"type":"Polygon","coordinates":[[[37.50508,55.52121],[37.50575,55.52227],[37.50734,55.52204],[37.51166,55.52225],[37.51336,55.5223],[37.51915,55.5225],[37.52011,55.52248],[37.5223,55.52185],[37.52281,55.52163],[37.5275,55.52119],[37.52958,55.52055],[37.53265,55.51876],[37.53512,55.51796],[37.53549,55.51755],[37.53617,55.51678],[37.53632,55.51633],[37.5362,55.516],[37.53661,55.51566],[37.53717,55.51546],[37.53809,55.51504],[37.53904,55.51413],[37.53899,55.51404],[37.53957,55.51368],[37.53955,55.51359],[37.53993,55.51351],[37.53915,55.51216],[37.53845,55.51213],[37.53816,55.512],[37.5371,55.51144],[37.5364,55.51117],[37.53568,55.50955],[37.53533,55.50908],[37.53505,55.50833],[37.53438,55.50835],[37.53421,55.50835],[37.53225,55.50829],[37.53029,55.50816],[37.53022,55.50759],[37.53004,55.50638],[37.52976,55.50391],[37.53259,55.50284],[37.53404,55.50579],[37.53979,55.50438],[37.54099,55.50387],[37.54177,55.50379],[37.54233,55.50456],[37.54375,55.50446],[37.54657,55.50425],[37.5467,55.50465],[37.54766,55.50456],[37.5481,55.50594],[37.55131,55.50564],[37.55257,55.50552],[37.55375,55.50921],[37.55396,55.50967],[37.55365,55.50973],[37.55313,55.50986],[37.55011,55.51065],[37.5469,55.51199],[37.54703,55.51272],[37.55083,55.51265],[37.55133,55.51264],[37.55159,55.51266],[37.55299,55.51285],[37.55479,55.5131],[37.55476,55.51317],[37.55494,55.51322],[37.55494,55.51323],[37.55505,55.51326],[37.55507,55.51324],[37.55527,55.51328],[37.5553,55.51322],[37.55615,55.51343],[37.55634,55.5135],[37.55814,55.51395],[37.55862,55.5142],[37.56064,55.51524],[37.56096,55.5152],[37.56144,55.51568],[37.56297,55.51698],[37.56409,55.51848],[37.5641,55.51849],[37.56478,55.51841],[37.56536,55.52044],[37.56688,55.52029],[37.56618,55.51708],[37.56769,55.51668],[37.57052,55.51679],[37.57429,55.51701],[37.57713,55.5172],[37.57181,55.50005],[37.57154,55.49937],[37.57173,55.49904],[37.57206,55.49871],[37.57248,55.49844],[37.57516,55.49736],[37.57491,55.49618],[37.57496,55.49617],[37.57493,55.49549],[37.5748,55.49408],[37.57527,55.4933],[37.57457,55.49332],[37.57444,55.49312],[37.57363,55.49195],[37.57331,55.49195],[37.57306,55.49122],[37.57325,55.49102],[37.57333,55.49097],[37.5734,55.49093],[37.57347,55.49089],[37.57361,55.49084],[37.57395,55.49076],[37.5742,55.49073],[37.57506,55.49062],[37.57528,55.49057],[37.57536,55.49054],[37.57538,55.49051],[37.57536,55.49034],[37.57546,55.49033],[37.57529,55.48936],[37.575,55.48716],[37.57284,55.48734],[37.57069,55.48747],[37.56718,55.48781],[37.56717,55.48776],[37.56679,55.48779],[37.56742,55.48979],[37.5667,55.48985],[37.56671,55.4899],[37.56636,55.48994],[37.56395,55.49017],[37.56325,55.49023],[37.56304,55.49023],[37.56203,55.49026],[37.56103,55.49029],[37.55948,55.49035],[37.55944,55.49034],[37.55909,55.49036],[37.55868,55.49038],[37.55871,55.49022],[37.5576,55.49028],[37.55764,55.49043],[37.55704,55.49046],[37.55685,55.48969],[37.55578,55.48986],[37.55519,55.48995],[37.55467,55.48996],[37.55436,55.48983],[37.5524,55.4885],[37.55239,55.48848],[37.55199,55.48827],[37.55153,55.48802],[37.55141,55.4879],[37.5509,55.48764],[37.55052,55.48736],[37.55034,55.48722],[37.54963,55.48711],[37.54865,55.48709],[37.54594,55.48713],[37.54566,55.48742],[37.54487,55.48788],[37.54376,55.48858],[37.54205,55.48947],[37.54012,55.49073],[37.53973,55.49103],[37.53901,55.49159],[37.53897,55.49171],[37.53865,55.49185],[37.53822,55.49185],[37.5378,55.49184],[37.53759,55.49184],[37.53727,55.49183],[37.53694,55.49183],[37.53674,55.49184],[37.53642,55.49185],[37.53608,55.49187],[37.53573,55.49188],[37.53533,55.4919],[37.53494,55.49192],[37.53455,55.49194],[37.5346,55.49208],[37.53466,55.49223],[37.53476,55.49253],[37.53359,55.49258],[37.5332,55.4926],[37.53319,55.49266],[37.53331,55.49293],[37.53327,55.49355],[37.53333,55.49407],[37.5334,55.49464],[37.53403,55.4951],[37.53434,55.49563],[37.53449,55.49591],[37.53459,55.49596],[37.53476,55.49606],[37.5353,55.49705],[37.53538,55.4975],[37.53576,55.4982],[37.53616,55.49866],[37.53654,55.49891],[37.53685,55.49898],[37.53641,55.49953],[37.53706,55.49998],[37.53718,55.50012],[37.53728,55.50023],[37.53721,55.50036],[37.537,55.50046],[37.53684,55.50052],[37.5367,55.5006],[37.53668,55.50069],[37.53672,55.5008],[37.53677,55.50084],[37.53655,55.50168],[37.53508,55.50215],[37.53285,55.50295],[37.53261,55.50251],[37.53179,55.50287],[37.52918,55.50387],[37.5292,55.50406],[37.52888,55.50505],[37.52862,55.50592],[37.52871,55.50643],[37.52878,55.50686],[37.5283,55.5075],[37.52909,55.50774],[37.52897,55.50791],[37.52397,55.5131],[37.51896,55.51829],[37.51894,55.5183],[37.51892,55.51831],[37.50853,55.52063],[37.50553,55.52114],[37.50508,55.52121]]]}},{"type":"Feature","bbox":[37.5110095,55.7854818,37.5744959,55.8156092],"properties":{"scope":"district","name":"Аэропорт","aoName":"Северный","unitType":"Муниципальный округ","okato":"45277553","oktmo":"45333000","type":"administrative","category":"boundary","display_name":"район Аэропорт, Москва, Центральный федеральный округ, Россия","source":"OpenStreetMap / Nominatim","refreshedAt":"2026-09-17"},"geometry":{"type":"Polygon","coordinates":[[[37.5110095,55.8060827],[37.5204392,55.8037368],[37.5318788,55.8004554],[37.5657422,55.7854818],[37.5744959,55.7916519],[37.5696293,55.7914098],[37.5634963,55.7937479],[37.5609781,55.795788],[37.5557198,55.8007344],[37.5484606,55.806634],[37.5494647,55.8070814],[37.5364835,55.8142613],[37.5339666,55.8151446],[37.5300985,55.8156092],[37.5194971,55.8151739],[37.5168811,55.8119561],[37.5163054,55.8117296],[37.5146585,55.8102323],[37.5110095,55.8060827]]]}},{"type":"Feature","bbox":[37.5139298,55.7443963,37.6097604,55.7755208],"properties":{"scope":"district","name":"Пресненский","aoName":"Центральный","unitType":"Муниципальный округ","okato":"45286575","oktmo":"45380000","type":"administrative","category":"boundary","display_name":"Пресненский район, Москва, Центральный федеральный округ, Россия","source":"OpenStreetMap / Nominatim","refreshedAt":"2026-09-17"},"geometry":{"type":"Polygon","coordinates":[[[37.5139298,55.7584219],[37.516299,55.7568334],[37.5176723,55.7546358],[37.5185027,55.7525846],[37.5202286,55.7500222],[37.5220496,55.7475834],[37.5236375,55.7463273],[37.5255687,55.7453369],[37.527972,55.7446122],[37.5324042,55.7443963],[37.5364877,55.7446449],[37.5403745,55.7454577],[37.5435502,55.7465205],[37.5545352,55.7514364],[37.5601783,55.7530784],[37.5640208,55.7535974],[37.5678832,55.7533558],[37.5708015,55.7527279],[37.5720599,55.7520197],[37.5739605,55.7525601],[37.5745431,55.7529513],[37.576776,55.7552186],[37.5838328,55.7552616],[37.5844558,55.7581108],[37.5892,55.7563821],[37.589539,55.7567047],[37.5994282,55.7540401],[37.6023069,55.7537905],[37.6022721,55.7535973],[37.6040621,55.7541785],[37.606006,55.7540023],[37.6065619,55.7551626],[37.6073565,55.7561042],[37.6069962,55.7562189],[37.6097604,55.7583255],[37.6092703,55.7585017],[37.6094654,55.7586145],[37.6075656,55.7600898],[37.6056714,55.7608712],[37.6062175,55.7612508],[37.6045169,55.7624977],[37.6036935,55.7626494],[37.6042189,55.7631848],[37.6006151,55.7648689],[37.5989072,55.7642837],[37.5958317,55.766371],[37.5949842,55.7664381],[37.5947449,55.7666673],[37.5967437,55.7676577],[37.595749,55.7681703],[37.5953901,55.7679702],[37.5833151,55.7752557],[37.5771105,55.7731591],[37.5762249,55.773751],[37.5752326,55.7755208],[37.5710802,55.7754258],[37.5519166,55.7734083],[37.544434,55.772989],[37.5418632,55.7724063],[37.5389633,55.7711286],[37.5371295,55.7697608],[37.5366332,55.7690651],[37.536061,55.7661039],[37.5347649,55.7661935],[37.5340363,55.7650107],[37.5318193,55.7632157],[37.5242852,55.7598459],[37.5225622,55.7616884],[37.5139298,55.7584219]]]}},{"type":"Feature","bbox":[37.5192349,55.9071173,37.580707,55.9577717],"properties":{"scope":"district","name":"Северный","aoName":"Северо-Восточный","unitType":"Муниципальный округ","okato":"45280585","oktmo":"45363000","type":"administrative","category":"boundary","display_name":"район Северный, Москва, Центральный федеральный округ, Россия","source":"OpenStreetMap / Nominatim","refreshedAt":"2026-09-17"},"geometry":{"type":"Polygon","coordinates":[[[37.5192349,55.9419381],[37.5363206,55.9075674],[37.5368342,55.9071173],[37.5559156,55.9092832],[37.5613846,55.9280589],[37.5609557,55.9322714],[37.5659213,55.933349],[37.5665274,55.9364735],[37.5695548,55.9366233],[37.5702148,55.9364521],[37.5700906,55.9409267],[37.5675405,55.9407314],[37.5666955,55.9411362],[37.5645841,55.9414007],[37.5637113,55.9450632],[37.5628076,55.9476678],[37.5624642,55.9510736],[37.5794223,55.9494679],[37.5800379,55.9520246],[37.5791196,55.9536733],[37.580707,55.9539887],[37.5784053,55.9555754],[37.5747378,55.9561865],[37.5744299,55.9577717],[37.5551537,55.951529],[37.555104,55.9535347],[37.5516576,55.953631],[37.5516206,55.9519655],[37.5518937,55.951221],[37.5485507,55.9511581],[37.5469335,55.9542957],[37.5445694,55.9539904],[37.5443065,55.9544034],[37.5423512,55.9541421],[37.5374401,55.9528431],[37.5435935,55.9428103],[37.5422783,55.9425692],[37.5383321,55.9427433],[37.5381358,55.9432877],[37.5347848,55.9429289],[37.530555,55.9435748],[37.5192349,55.9419381]]]}},{"type":"Feature","bbox":[37.5296582,55.8484763,37.5737717,55.8790806],"properties":{"scope":"district","name":"Бескудниковский","aoName":"Северный","unitType":"Муниципальный округ","okato":"45277559","oktmo":"45335000","type":"administrative","category":"boundary","display_name":"Бескудниковский район, Москва, Центральный федеральный округ, Россия","source":"OpenStreetMap / Nominatim","refreshedAt":"2026-09-17"},"geometry":{"type":"Polygon","coordinates":[[[37.5296582,55.8728271],[37.5314357,55.8716267],[37.5485229,55.8636475],[37.5516664,55.8617811],[37.5602549,55.8573525],[37.5640046,55.8532033],[37.5669075,55.8495149],[37.5737717,55.8484763],[37.5729058,55.8514198],[37.5727074,55.8547347],[37.5667709,55.8544213],[37.5666574,55.8554099],[37.5678745,55.859342],[37.56704,55.8594031],[37.5670254,55.8598155],[37.5650014,55.8598061],[37.5650044,55.8593321],[37.5638855,55.8594224],[37.563187,55.8616195],[37.5646456,55.8615733],[37.5639699,55.8629806],[37.5666391,55.8635053],[37.5581859,55.87419],[37.5576956,55.8754515],[37.5576096,55.878997],[37.5564831,55.878915],[37.5563586,55.8790806],[37.5531851,55.8785551],[37.5532816,55.8783911],[37.5466566,55.8773996],[37.5462771,55.8783185],[37.5337411,55.8761145],[37.5341007,55.8753079],[37.5308345,55.874506],[37.5318269,55.8734195],[37.5308572,55.8730867],[37.5306414,55.8733257],[37.5296582,55.8728271]]]}},{"type":"Feature","bbox":[37.5300533,55.6808114,37.5887529,55.7142058],"properties":{"scope":"district","name":"Гагаринский","aoName":"Юго-Западный","unitType":"Муниципальный округ","okato":"45293558","oktmo":"45398000","type":"administrative","category":"boundary","display_name":"Гагаринский район, Москва, Центральный федеральный округ, Россия","source":"OpenStreetMap / Nominatim","refreshedAt":"2026-09-17"},"geometry":{"type":"Polygon","coordinates":[[[37.5300533,55.689929],[37.5386702,55.6850164],[37.5474686,55.6808114],[37.5518629,55.6837491],[37.5614633,55.6916306],[37.5887529,55.7071218],[37.584227,55.7095136],[37.5776083,55.7142058],[37.574928,55.7131177],[37.5696101,55.7116173],[37.5654006,55.7107574],[37.5592321,55.7102802],[37.5365712,55.6935632],[37.5300533,55.689929]]]}},{"type":"Feature","bbox":[37.5317779,55.8048832,37.5847301,55.8497305],"properties":{"scope":"district","name":"Тимирязевский","aoName":"Северный","unitType":"Муниципальный округ","okato":"45277592","oktmo":"45346000","type":"administrative","category":"boundary","display_name":"Тимирязевский район, Москва, Центральный федеральный округ, Россия","source":"OpenStreetMap / Nominatim","refreshedAt":"2026-09-17"},"geometry":{"type":"Polygon","coordinates":[[[37.5317779,55.8313882],[37.532027,55.831332],[37.5324463,55.8296191],[37.5328284,55.825468],[37.5327252,55.8246269],[37.531938,55.8226145],[37.531977,55.8218499],[37.5352707,55.8197317],[37.5379479,55.8170434],[37.541113,55.8120848],[37.5407783,55.811897],[37.5510947,55.8062498],[37.5550939,55.8051433],[37.5591176,55.8049283],[37.5720312,55.806771],[37.5806522,55.8082874],[37.5847301,55.8086824],[37.5804261,55.8108524],[37.5793077,55.8118077],[37.5788313,55.8126214],[37.5778185,55.8166406],[37.5745532,55.8211161],[37.5740221,55.8223928],[37.5735756,55.8305841],[37.573685,55.8318439],[37.5746772,55.8336306],[37.5781537,55.8367858],[37.5787395,55.8386144],[37.5782717,55.8406254],[37.5752619,55.8442232],[37.5737717,55.8484763],[37.5675091,55.8494556],[37.5631443,55.8497275],[37.5587988,55.8493652],[37.5551837,55.8483563],[37.5605395,55.8448416],[37.5389481,55.8366543],[37.5342016,55.8339622],[37.5317779,55.8313882]]]}},{"type":"Feature","bbox":[37.5368462,55.5491088,37.6035767,55.5869943],"properties":{"scope":"district","name":"Северное Бутово","aoName":"Юго-Западный","unitType":"Муниципальный округ","okato":"45293582","oktmo":"45906000","type":"administrative","category":"boundary","display_name":"район Северное Бутово, Москва, Центральный федеральный округ, Россия","source":"OpenStreetMap / Nominatim","refreshedAt":"2026-09-17"},"geometry":{"type":"Polygon","coordinates":[[[37.5368462,55.577289],[37.5392964,55.5767203],[37.5387246,55.5759206],[37.539947,55.5760432],[37.5395031,55.5744015],[37.5395423,55.573263],[37.5369111,55.573152],[37.5372358,55.5723867],[37.5389077,55.5722054],[37.5403199,55.5716706],[37.5406863,55.5711273],[37.543679,55.5707527],[37.5445091,55.57022],[37.5461161,55.5699389],[37.5469486,55.5704487],[37.5475033,55.5703996],[37.5488783,55.5699379],[37.5478851,55.5689233],[37.5534945,55.5676245],[37.5534487,55.5649232],[37.5531575,55.5640597],[37.5525068,55.5636521],[37.5505874,55.5636035],[37.5503542,55.5629287],[37.5520122,55.561846],[37.554799,55.5614779],[37.5542632,55.5594922],[37.5554162,55.5593607],[37.5586492,55.5604062],[37.5594411,55.5595399],[37.5604307,55.5578173],[37.5603714,55.5571633],[37.5599731,55.5570905],[37.55945,55.5558189],[37.559989,55.5538065],[37.5691507,55.554268],[37.5721962,55.5540248],[37.5738918,55.5535358],[37.5756773,55.5523607],[37.575951,55.5518488],[37.5758594,55.549812],[37.5773953,55.5491088],[37.5893029,55.5571995],[37.589454,55.557683],[37.5942413,55.5608762],[37.5988327,55.5627245],[37.6009257,55.5633246],[37.6035767,55.5645916],[37.6022876,55.5663727],[37.598397,55.5666055],[37.5974676,55.5668718],[37.5975532,55.5678882],[37.5971963,55.5690831],[37.5915216,55.576076],[37.5900931,55.5768957],[37.5729399,55.5809669],[37.5738298,55.5818761],[37.5736777,55.5822096],[37.5731144,55.582384],[37.5695504,55.5818072],[37.5478409,55.5869943],[37.5456713,55.5855826],[37.5454146,55.5849398],[37.5459115,55.5848254],[37.5462463,55.5841122],[37.5472746,55.5838948],[37.5491709,55.5829504],[37.5495153,55.5822685],[37.5489921,55.5824649],[37.5495509,55.5820858],[37.5496407,55.5814151],[37.5504209,55.5806593],[37.5511787,55.5803213],[37.545742,55.5783573],[37.5419016,55.5785535],[37.540913,55.5788372],[37.5407877,55.5790545],[37.5410234,55.5792324],[37.5386505,55.5795598],[37.5368462,55.577289]]]}},{"type":"Feature","bbox":[37.5368342,55.8869508,37.5909767,55.9136561],"properties":{"scope":"district","name":"Лианозово","aoName":"Северо-Восточный","unitType":"Муниципальный округ","okato":"45280563","oktmo":"45354000","type":"administrative","category":"boundary","display_name":"район Лианозово, Москва, Центральный федеральный округ, Россия","source":"OpenStreetMap / Nominatim","refreshedAt":"2026-09-17"},"geometry":{"type":"Polygon","coordinates":[[[37.5368342,55.9071173],[37.5376117,55.9054753],[37.5386925,55.9039985],[37.5405773,55.9024308],[37.542371,55.9013678],[37.5622276,55.8940409],[37.5647478,55.892842],[37.5658968,55.8919341],[37.5667552,55.8908373],[37.5670561,55.8901632],[37.5674047,55.8873023],[37.57976,55.8872498],[37.5866695,55.8869508],[37.587266,55.9076062],[37.5875908,55.9086245],[37.5905065,55.9126129],[37.5909767,55.9136241],[37.5907353,55.9136561],[37.5898758,55.9123897],[37.5882787,55.9115972],[37.587256,55.9104216],[37.5786006,55.9114343],[37.5741491,55.9112732],[37.5368342,55.9071173]]]}},{"type":"Feature","bbox":[37.5410812,55.7102802,37.6121969,55.7503962],"properties":{"scope":"district","name":"Хамовники","aoName":"Центральный","unitType":"Муниципальный округ","okato":"45286590","oktmo":"45383000","type":"administrative","category":"boundary","display_name":"район Хамовники, Москва, Центральный федеральный округ, Россия","source":"OpenStreetMap / Nominatim","refreshedAt":"2026-09-17"},"geometry":{"type":"Polygon","coordinates":[[[37.5410812,55.7201251],[37.5418853,55.7175946],[37.5433307,55.7156172],[37.5459418,55.713687],[37.5485159,55.7122628],[37.552897,55.7109726],[37.5568729,55.7103426],[37.5592321,55.7102802],[37.5654006,55.7107574],[37.5696101,55.7116173],[37.574928,55.7131177],[37.5787512,55.7147801],[37.5820802,55.7167415],[37.5855103,55.7193431],[37.5931795,55.7262599],[37.5963041,55.7310404],[37.5980293,55.7329373],[37.6000268,55.7345861],[37.6067405,55.7380857],[37.6083235,55.7431182],[37.6101119,55.7452645],[37.6121969,55.746766],[37.610612,55.7486362],[37.604292,55.7503962],[37.6029388,55.7486045],[37.5997189,55.7488917],[37.5993398,55.7470712],[37.5957114,55.7476453],[37.5878138,55.7468074],[37.5858125,55.7463041],[37.5874302,55.7441024],[37.583799,55.7437518],[37.5830409,55.7454913],[37.5826808,55.7453485],[37.5793918,55.7458291],[37.5741284,55.745431],[37.5738914,55.7447089],[37.5683267,55.7385525],[37.5657503,55.736401],[37.5636326,55.7350954],[37.5590625,55.7330687],[37.5530345,55.7299466],[37.5449026,55.7270557],[37.5430747,55.7255663],[37.5418635,55.7240396],[37.5411815,55.7220558],[37.5410812,55.7201251]]]}},{"type":"Feature","bbox":[37.5430448,55.8544213,37.5746814,55.8977748],"properties":{"scope":"district","name":"Восточное Дегунино","aoName":"Северный","unitType":"Муниципальный округ","okato":"45277568","oktmo":"45337000","type":"administrative","category":"boundary","display_name":"район Восточное Дегунино, Москва, Центральный федеральный округ, Россия","source":"OpenStreetMap / Nominatim","refreshedAt":"2026-09-17"},"geometry":{"type":"Polygon","coordinates":[[[37.5430448,55.8872354],[37.5431818,55.8849029],[37.5436837,55.8827811],[37.5466566,55.8773996],[37.5532816,55.8783911],[37.5531851,55.8785551],[37.5563586,55.8790806],[37.5564831,55.878915],[37.5576096,55.878997],[37.5576956,55.8754515],[37.5581859,55.87419],[37.5666391,55.8635053],[37.5639699,55.8629806],[37.5646456,55.8615733],[37.563187,55.8616195],[37.5638855,55.8594224],[37.5650044,55.8593321],[37.5650014,55.8598061],[37.5670254,55.8598155],[37.56704,55.8594031],[37.5678745,55.859342],[37.5666574,55.8554099],[37.5667709,55.8544213],[37.5727074,55.8547347],[37.5745464,55.8598931],[37.5746003,55.8621169],[37.5682909,55.8775903],[37.5670561,55.8901632],[37.5658968,55.8919341],[37.5640581,55.8932732],[37.563069,55.8936976],[37.5519785,55.8977748],[37.5515159,55.8972765],[37.5516028,55.8928671],[37.5513014,55.8927226],[37.5511898,55.8918389],[37.55031,55.8917186],[37.5503422,55.8906296],[37.5509618,55.8906194],[37.5507976,55.88731],[37.5430448,55.8872354]]]}},{"type":"Feature","bbox":[37.5484606,55.7914098,37.5865301,55.8082874],"properties":{"scope":"district","name":"Савёловский","aoName":"Северный","unitType":"Муниципальный округ","okato":"45277586","oktmo":"45344000","type":"administrative","category":"boundary","display_name":"Савёловский район, Москва, Центральный федеральный округ, Россия","source":"OpenStreetMap / Nominatim","refreshedAt":"2026-09-17"},"geometry":{"type":"Polygon","coordinates":[[[37.5484606,55.806634],[37.5557198,55.8007344],[37.5632916,55.7938825],[37.5691929,55.791552],[37.5696293,55.7914098],[37.5839861,55.7922209],[37.5865301,55.7934376],[37.5848158,55.7944986],[37.5843884,55.7950829],[37.5835067,55.8010218],[37.5823396,55.8055211],[37.5806522,55.8082874],[37.5720312,55.806771],[37.5585365,55.8048939],[37.5558435,55.8050224],[37.5538361,55.8053973],[37.5513667,55.8061438],[37.5494647,55.8070814],[37.5484606,55.806634]]]}},{"type":"Feature","bbox":[37.5522197,55.6727468,37.6015422,55.7063265],"properties":{"scope":"district","name":"Академический","aoName":"Юго-Западный","unitType":"Муниципальный округ","okato":"45293554","oktmo":"45397000","type":"administrative","category":"boundary","display_name":"Академический район, Москва, Центральный федеральный округ, Россия","source":"OpenStreetMap / Nominatim","refreshedAt":"2026-09-17"},"geometry":{"type":"Polygon","coordinates":[[[37.5522197,55.6840578],[37.5629886,55.6778921],[37.5779862,55.6727468],[37.5803052,55.6748588],[37.5795097,55.6768589],[37.5860566,55.6791255],[37.5868313,55.6801283],[37.5877522,55.6807085],[37.597705,55.6898464],[37.6015422,55.6915516],[37.5961214,55.6961337],[37.5873424,55.7063265],[37.5614633,55.6916306],[37.5522197,55.6840578]]]}},{"type":"Feature","bbox":[37.5639978,55.6413716,37.6135718,55.6662338],"properties":{"scope":"district","name":"Зюзино","aoName":"Юго-Западный","unitType":"Муниципальный округ","okato":"45293562","oktmo":"45901000","type":"administrative","category":"boundary","display_name":"район Зюзино, Москва, Центральный федеральный округ, Россия","source":"OpenStreetMap / Nominatim","refreshedAt":"2026-09-17"},"geometry":{"type":"Polygon","coordinates":[[[37.5639978,55.6494629],[37.5754482,55.6467949],[37.5902236,55.6423972],[37.6056701,55.6413716],[37.6054137,55.65653],[37.6135718,55.6634793],[37.6013782,55.6647919],[37.5969265,55.6662338],[37.5946378,55.6655394],[37.5898879,55.6651839],[37.5893301,55.6652547],[37.5894981,55.6654334],[37.5888399,55.6656847],[37.5876055,55.6652319],[37.5867949,55.6656778],[37.5840842,55.6658661],[37.5816819,55.6657436],[37.5812455,55.6660253],[37.5661697,55.651937],[37.5639978,55.6494629]]]}},{"type":"Feature","bbox":[37.5674047,55.8695333,37.6075412,55.8873023],"properties":{"scope":"district","name":"Алтуфьевский","aoName":"Северо-Восточный","unitType":"Муниципальный округ","okato":"45280554","oktmo":"45350000","type":"administrative","category":"boundary","display_name":"Алтуфьевский район, Москва, Центральный федеральный округ, Россия","source":"OpenStreetMap / Nominatim","refreshedAt":"2026-09-17"},"geometry":{"type":"Polygon","coordinates":[[[37.5674047,55.8873023],[37.5674995,55.8845481],[37.5682909,55.8775903],[37.571371,55.8701818],[37.5718439,55.8702225],[37.5721838,55.8695333],[37.5814927,55.8700666],[37.5852988,55.8700079],[37.5860277,55.8724101],[37.5862778,55.874814],[37.6075412,55.8791079],[37.6036836,55.8819346],[37.6026874,55.8829336],[37.59961,55.8849703],[37.5969283,55.886354],[37.5948136,55.8869043],[37.5866771,55.887208],[37.5866695,55.8869508],[37.57976,55.8872498],[37.5674047,55.8873023]]]}},{"type":"Feature","bbox":[37.5737717,55.8176554,37.6035905,55.8484763],"properties":{"scope":"district","name":"Марфино","aoName":"Северо-Восточный","unitType":"Муниципальный округ","okato":"45280567","oktmo":"45356000","type":"administrative","category":"boundary","display_name":"район Марфино, Москва, Центральный федеральный округ, Россия","source":"OpenStreetMap / Nominatim","refreshedAt":"2026-09-17"},"geometry":{"type":"Polygon","coordinates":[[[37.5737717,55.8484763],[37.575414,55.8439302],[37.5780233,55.8410257],[37.5786726,55.8394438],[37.5787395,55.8386144],[37.5783617,55.8371429],[37.5773996,55.8359018],[37.5761106,55.8348039],[37.5804891,55.8317478],[37.585891,55.828887],[37.5890914,55.8265872],[37.602945,55.8176554],[37.6035905,55.8179876],[37.6012683,55.8295303],[37.6003285,55.8308024],[37.5952977,55.8334352],[37.5913856,55.8357694],[37.5907792,55.8364945],[37.5907996,55.835593],[37.5915559,55.8336092],[37.586035,55.8329643],[37.585961,55.8331683],[37.5804063,55.8338744],[37.5805283,55.8388417],[37.5812748,55.8388073],[37.5820902,55.8383122],[37.5858689,55.8402296],[37.5871076,55.8394864],[37.5874453,55.8395703],[37.5877533,55.8392014],[37.5884466,55.8393574],[37.5887407,55.8388777],[37.5894925,55.8389928],[37.5889103,55.8400823],[37.5869212,55.8423538],[37.5868591,55.8428334],[37.5863308,55.8435376],[37.5869979,55.8437102],[37.5871731,55.8448303],[37.5904576,55.8448556],[37.5910197,55.845389],[37.5905079,55.8457172],[37.592574,55.8463106],[37.5925979,55.8471164],[37.592823,55.8473146],[37.5773909,55.8479324],[37.5737717,55.8484763]]]}},{"type":"Feature","bbox":[37.5697983,55.6033297,37.6407213,55.6254017],"properties":{"scope":"district","name":"Чертаново Центральное","aoName":"Южный","unitType":"Муниципальный округ","okato":"45296595","oktmo":"45925000","type":"administrative","category":"boundary","display_name":"район Чертаново Центральное, Москва, Центральный федеральный округ, Россия","source":"OpenStreetMap / Nominatim","refreshedAt":"2026-09-17"},"geometry":{"type":"Polygon","coordinates":[[[37.5699163,55.6084693],[37.5698955,55.607243],[37.571299,55.6067179],[37.5718677,55.6059887],[37.573616,55.60595],[37.5739863,55.6066513],[37.5748996,55.606596],[37.5757622,55.6062573],[37.5778221,55.6043664],[37.5815303,55.604343],[37.5850525,55.6056365],[37.5891539,55.6059404],[37.5902164,55.6058882],[37.5900057,55.6049868],[37.595239,55.6047669],[37.6000991,55.603985],[37.6002896,55.6043547],[37.6059143,55.6033297],[37.6093004,55.6100728],[37.6213442,55.6079827],[37.6249496,55.6070677],[37.6332177,55.6042536],[37.6378106,55.6086128],[37.6407213,55.6105027],[37.6373721,55.6125743],[37.6348372,55.6149312],[37.6308675,55.6218782],[37.6233673,55.6210546],[37.6148946,55.6222578],[37.6141762,55.6206696],[37.6092413,55.6214157],[37.6078316,55.6214337],[37.5917909,55.6240571],[37.5898859,55.6240089],[37.5882517,55.6235033],[37.5870726,55.6242744],[37.585653,55.6239798],[37.5858366,55.6250892],[37.5838093,55.6254017],[37.5827831,55.6251651],[37.5820298,55.6245849],[37.5823542,55.6243623],[37.5813932,55.6240714],[37.5819264,55.6236362],[37.5816589,55.6229194],[37.5822192,55.6233277],[37.5826329,55.6232446],[37.5805352,55.6217889],[37.5799079,55.6217421],[37.5787148,55.6222363],[37.578308,55.622052],[37.5788428,55.6217451],[37.5769209,55.6219629],[37.5759467,55.6214226],[37.5750562,55.6205442],[37.574745,55.6200474],[37.5749918,55.6198233],[37.5769766,55.6193083],[37.5778948,55.619345],[37.5788852,55.6200949],[37.5804987,55.6193862],[37.5794247,55.6196914],[37.5759344,55.6155066],[37.5780867,55.614758],[37.5775274,55.6143282],[37.5746262,55.6132284],[37.5757104,55.6122829],[37.5755756,55.6109835],[37.5746859,55.6088169],[37.5736164,55.6083608],[37.5699163,55.6084693]]]}},{"type":"Feature","bbox":[37.571371,55.8464823,37.6351086,55.8803338],"properties":{"scope":"district","name":"Отрадное","aoName":"Северо-Восточный","unitType":"Муниципальный округ","okato":"45280574","oktmo":"45359000","type":"administrative","category":"boundary","display_name":"район Отрадное, Москва, Центральный федеральный округ, Россия","source":"OpenStreetMap / Nominatim","refreshedAt":"2026-09-17"},"geometry":{"type":"Polygon","coordinates":[[[37.571371,55.8701818],[37.574328,55.8630022],[37.5746814,55.8611375],[37.5743515,55.8592177],[37.5727074,55.8547347],[37.5729058,55.8514198],[37.5737717,55.8484763],[37.5761068,55.8480728],[37.612321,55.8464823],[37.6200915,55.8544045],[37.6203755,55.855131],[37.6203564,55.8592482],[37.6251351,55.8576909],[37.6250362,55.8573813],[37.6270714,55.8569896],[37.6307842,55.8569752],[37.6312949,55.8575467],[37.6320329,55.8572914],[37.6329008,55.8573567],[37.633054,55.8576837],[37.6328747,55.8591759],[37.6332179,55.8598928],[37.6338548,55.8606139],[37.6351086,55.8613697],[37.6337472,55.8624531],[37.6344739,55.8629493],[37.6346283,55.8633133],[37.6337489,55.8632435],[37.6327079,55.8638547],[37.6331656,55.8643548],[37.6318744,55.8653066],[37.6313667,55.8653882],[37.630892,55.8650958],[37.6303863,55.8652196],[37.6305865,55.8655877],[37.6303579,55.8657767],[37.6302846,55.8670489],[37.6291471,55.8687327],[37.6279685,55.8689826],[37.6259553,55.8703618],[37.6236301,55.8709635],[37.6218792,55.8721482],[37.6197763,55.8727212],[37.6181144,55.8742885],[37.616272,55.8750659],[37.6167019,55.8753335],[37.616675,55.8769914],[37.6159294,55.8769839],[37.6156272,55.8772062],[37.6161771,55.8774946],[37.6156226,55.8782492],[37.6162332,55.8783836],[37.6162395,55.8787096],[37.6167266,55.8788916],[37.6169723,55.8795159],[37.6169008,55.8803338],[37.6113407,55.8799927],[37.6085761,55.8795739],[37.6075412,55.8791079],[37.5862778,55.874814],[37.5860277,55.8724101],[37.5852988,55.8700079],[37.5814927,55.8700666],[37.5721838,55.8695333],[37.5718439,55.8702225],[37.571371,55.8701818]]]}},{"type":"Feature","bbox":[37.5720599,55.7437518,37.6122435,55.7581108],"properties":{"scope":"district","name":"Арбат","aoName":"Центральный","unitType":"Муниципальный округ","okato":"45286552","oktmo":"45374000","type":"administrative","category":"boundary","display_name":"район Арбат, Москва, Центральный федеральный округ, Россия","source":"OpenStreetMap / Nominatim","refreshedAt":"2026-09-17"},"geometry":{"type":"Polygon","coordinates":[[[37.5720599,55.7520197],[37.5730331,55.751472],[37.5740201,55.7503369],[37.5744922,55.7488635],[37.5744493,55.7463273],[37.5741284,55.745431],[37.5793918,55.7458291],[37.5826808,55.7453485],[37.5830409,55.7454913],[37.583799,55.7437518],[37.5874302,55.7441024],[37.5858125,55.7463041],[37.5876684,55.7467837],[37.5958163,55.7476503],[37.5993398,55.7470712],[37.5997189,55.7488917],[37.6029388,55.7486045],[37.604292,55.7503962],[37.6088812,55.7492105],[37.6122435,55.7545607],[37.6073565,55.7561042],[37.6065619,55.7551626],[37.606006,55.7540023],[37.6040621,55.7541785],[37.6022721,55.7535973],[37.6023069,55.7537905],[37.5994282,55.7540401],[37.589539,55.7567047],[37.5892,55.7563821],[37.5844558,55.7581108],[37.5838328,55.7552616],[37.576776,55.7552186],[37.5745431,55.7529513],[37.5739605,55.7525601],[37.5720599,55.7520197]]]}},{"type":"Feature","bbox":[37.5729399,55.5663727,37.6332177,55.6100728],"properties":{"scope":"district","name":"Чертаново Южное","aoName":"Южный","unitType":"Муниципальный округ","okato":"45296597","oktmo":"45926000","type":"administrative","category":"boundary","display_name":"район Чертаново Южное, Москва, Центральный федеральный округ, Россия","source":"OpenStreetMap / Nominatim","refreshedAt":"2026-09-17"},"geometry":{"type":"Polygon","coordinates":[[[37.5729399,55.5809669],[37.5900931,55.5768957],[37.5922404,55.5753999],[37.5971963,55.5690831],[37.5975532,55.5678882],[37.5974676,55.5668718],[37.598397,55.5666055],[37.6022876,55.5663727],[37.6010966,55.568416],[37.6005631,55.5707353],[37.6002004,55.5707011],[37.5985121,55.5721869],[37.5978046,55.5738788],[37.6003203,55.5753745],[37.603685,55.5752108],[37.6041802,55.574759],[37.6041629,55.5744194],[37.6055416,55.5750574],[37.6131252,55.5746309],[37.6145589,55.5861321],[37.6151579,55.5899317],[37.6157367,55.5913157],[37.6171088,55.5931892],[37.6193528,55.5949314],[37.6263526,55.5982005],[37.6283376,55.5993446],[37.6332177,55.6042536],[37.6249496,55.6070677],[37.6213442,55.6079827],[37.6093004,55.6100728],[37.6059143,55.6033297],[37.6002896,55.6043547],[37.6000991,55.603985],[37.595239,55.6047669],[37.5900057,55.6049868],[37.5902164,55.6058882],[37.5858223,55.605793],[37.5816578,55.6045404],[37.5817703,55.6034936],[37.5792964,55.6010331],[37.5776734,55.6001699],[37.5767147,55.5992866],[37.5764301,55.598155],[37.5766634,55.5978687],[37.580571,55.5977608],[37.5801979,55.5968987],[37.5802368,55.5958133],[37.578974,55.5959134],[37.5771393,55.5916342],[37.5768643,55.5893149],[37.5776217,55.5892199],[37.5767866,55.5878666],[37.5770668,55.5872209],[37.5774765,55.5869894],[37.5774788,55.5863496],[37.5760749,55.5842567],[37.5736777,55.5822096],[37.5737429,55.5816952],[37.5729399,55.5809669]]]}},{"type":"Feature","bbox":[37.5735659,55.7924632,37.613589,55.8348039],"properties":{"scope":"district","name":"Бутырский","aoName":"Северо-Восточный","unitType":"Муниципальный округ","okato":"45280561","oktmo":"45353000","type":"administrative","category":"boundary","display_name":"Бутырский район, Москва, Центральный федеральный округ, Россия","source":"OpenStreetMap / Nominatim","refreshedAt":"2026-09-17"},"geometry":{"type":"Polygon","coordinates":[[[37.5735659,55.8310887],[37.5739482,55.8227969],[37.5743079,55.821533],[37.5778185,55.8166406],[37.5788313,55.8126214],[37.5793077,55.8118077],[37.5804261,55.8108524],[37.5847301,55.8086824],[37.5806522,55.8082874],[37.5823396,55.8055211],[37.5835067,55.8010218],[37.5844248,55.7949956],[37.5848158,55.7944986],[37.5877997,55.7926366],[37.5889044,55.7924632],[37.5891896,55.7931489],[37.5920679,55.7960952],[37.596375,55.7986749],[37.596377,55.8012753],[37.5956579,55.802892],[37.5958305,55.8031686],[37.5954563,55.8053275],[37.5961226,55.8052812],[37.5997357,55.8065964],[37.6014904,55.8068297],[37.609278,55.809122],[37.613589,55.8107068],[37.5890914,55.8265872],[37.585891,55.828887],[37.5804891,55.8317478],[37.5761106,55.8348039],[37.574409,55.8333122],[37.5738693,55.8323965],[37.5735659,55.8310887]]]}},{"type":"Feature","bbox":[37.5752326,55.746766,37.6349112,55.7926366],"properties":{"scope":"district","name":"Тверской","aoName":"Центральный","unitType":"Муниципальный округ","okato":"45286585","oktmo":"45382000","type":"administrative","category":"boundary","display_name":"Тверской район, Москва, Центральный федеральный округ, Россия","source":"OpenStreetMap / Nominatim","refreshedAt":"2026-09-17"},"geometry":{"type":"Polygon","coordinates":[[[37.5752326,55.7755208],[37.5762249,55.773751],[37.5771105,55.7731591],[37.5833151,55.7752557],[37.5953901,55.7679702],[37.595749,55.7681703],[37.5967437,55.7676577],[37.5947449,55.7666673],[37.5949842,55.7664381],[37.5958317,55.766371],[37.5989072,55.7642837],[37.6006151,55.7648689],[37.6042189,55.7631848],[37.6036935,55.7626494],[37.6045169,55.7624977],[37.6062175,55.7612508],[37.6056714,55.7608712],[37.6075656,55.7600898],[37.6094654,55.7586145],[37.6092703,55.7585017],[37.6097604,55.7583255],[37.6069962,55.7562189],[37.6122435,55.7545607],[37.6111999,55.7526507],[37.6088003,55.7491855],[37.610612,55.7486362],[37.6121969,55.746766],[37.6169773,55.7481844],[37.6213552,55.7488248],[37.6283133,55.7492168],[37.6320746,55.748884],[37.6335148,55.7534187],[37.6349112,55.7539883],[37.6340854,55.7550788],[37.6316351,55.7570484],[37.6278676,55.759523],[37.6288346,55.7598288],[37.6278116,55.7599217],[37.6266878,55.760454],[37.6258162,55.7597281],[37.620909,55.7589912],[37.6214386,55.7592381],[37.6201521,55.761716],[37.6199657,55.7647054],[37.6202023,55.7651615],[37.6198963,55.7652602],[37.6214026,55.7669027],[37.6211062,55.7674231],[37.6210177,55.7733223],[37.6206914,55.773684],[37.6189362,55.7736414],[37.6185278,55.7764073],[37.617109,55.7802081],[37.6149324,55.7815912],[37.6153273,55.7822546],[37.6142305,55.7819597],[37.6046083,55.7853117],[37.6017199,55.7851689],[37.6006396,55.7878018],[37.5992958,55.7924817],[37.5958899,55.7922257],[37.5893281,55.7924067],[37.5877997,55.7926366],[37.5886333,55.7920566],[37.5860669,55.7827005],[37.5847927,55.7798664],[37.5832531,55.7787054],[37.5802536,55.7770469],[37.57746,55.7759403],[37.5752326,55.7755208]]]}},{"type":"Feature","bbox":[37.5772657,55.6206696,37.6308675,55.6453262],"properties":{"scope":"district","name":"Чертаново Северное","aoName":"Южный","unitType":"Муниципальный округ","okato":"45296593","oktmo":"45924000","type":"administrative","category":"boundary","display_name":"район Чертаново Северное, Москва, Центральный федеральный округ, Россия","source":"OpenStreetMap / Nominatim","refreshedAt":"2026-09-17"},"geometry":{"type":"Polygon","coordinates":[[[37.5772657,55.6326769],[37.58382,55.6314728],[37.5852426,55.6314864],[37.5858587,55.6311686],[37.5852841,55.6293994],[37.5841652,55.6286932],[37.5842215,55.6284348],[37.5850272,55.628723],[37.5847405,55.6279252],[37.5840882,55.627995],[37.5841914,55.6275846],[37.5846823,55.6277039],[37.5843505,55.6266836],[37.5838164,55.6269123],[37.5827831,55.6251651],[37.5838093,55.6254017],[37.5858366,55.6250892],[37.5855677,55.6240348],[37.5859612,55.6239174],[37.5870726,55.6242744],[37.5882517,55.6235033],[37.5898859,55.6240089],[37.5917909,55.6240571],[37.6078316,55.6214337],[37.6092413,55.6214157],[37.6141762,55.6206696],[37.6148946,55.6222578],[37.6233673,55.6210546],[37.6308675,55.6218782],[37.6285641,55.6262526],[37.6244246,55.6425363],[37.6197417,55.642191],[37.6197743,55.6405441],[37.5945131,55.6419632],[37.5894153,55.642579],[37.5803884,55.6453262],[37.5804124,55.6449225],[37.5801147,55.644941],[37.5800031,55.6438219],[37.5793622,55.6436152],[37.5792904,55.6428012],[37.5807067,55.6423332],[37.5820011,55.6412222],[37.5819231,55.6409],[37.5812618,55.6408951],[37.5816158,55.6399653],[37.5821553,55.6396523],[37.5814477,55.6394871],[37.5814907,55.63896],[37.5822546,55.638467],[37.5816659,55.6372003],[37.5811043,55.6372784],[37.5798446,55.6360226],[37.5805944,55.635911],[37.5801576,55.6355636],[37.5792798,55.6357807],[37.579058,55.6354052],[37.577406,55.6343603],[37.5772657,55.6326769]]]}},{"type":"Feature","bbox":[37.5776083,55.7109925,37.6263845,55.7490845],"properties":{"scope":"district","name":"Якиманка","aoName":"Центральный","unitType":"Муниципальный округ","okato":"45286596","oktmo":"45384000","type":"administrative","category":"boundary","display_name":"район Якиманка, Москва, Центральный федеральный округ, Россия","source":"OpenStreetMap / Nominatim","refreshedAt":"2026-09-17"},"geometry":{"type":"Polygon","coordinates":[[[37.5776083,55.7142058],[37.5821396,55.7109925],[37.5827864,55.7112279],[37.5839253,55.7110138],[37.585232,55.7112481],[37.585594,55.711091],[37.5883361,55.7130959],[37.5878737,55.7132951],[37.5884454,55.7137628],[37.5879384,55.7139531],[37.5889792,55.7146754],[37.5891755,55.7145791],[37.5894204,55.7147702],[37.5892373,55.7148545],[37.5905037,55.7157456],[37.5926713,55.7168706],[37.5907951,55.717873],[37.5921327,55.7188278],[37.5922285,55.7194285],[37.5927146,55.719686],[37.5929726,55.7195751],[37.5925649,55.719146],[37.5940838,55.7183252],[37.5968554,55.7201303],[37.5972368,55.7199632],[37.5974937,55.7201418],[37.5981281,55.7198467],[37.60031,55.7213012],[37.6093473,55.7195213],[37.6100957,55.7214266],[37.6143041,55.7210255],[37.6155773,55.7200829],[37.6177554,55.7202891],[37.6167463,55.7233357],[37.6150768,55.7269444],[37.6199362,55.7273112],[37.619613,55.7292455],[37.6238257,55.7295767],[37.6242604,55.7321718],[37.624539,55.7393996],[37.6250342,55.7424802],[37.624573,55.7455045],[37.624682,55.7457441],[37.6263845,55.7459815],[37.6250593,55.7490845],[37.6213552,55.7488248],[37.6169773,55.7481844],[37.6133061,55.7471667],[37.6117427,55.7464964],[37.6101119,55.7452645],[37.6083235,55.7431182],[37.6067405,55.7380857],[37.6000268,55.7345861],[37.5980293,55.7329373],[37.5963041,55.7310404],[37.5931795,55.7262599],[37.5902997,55.7235646],[37.5855103,55.7193431],[37.5820802,55.7167415],[37.5776083,55.7142058]]]}},{"type":"Feature","bbox":[37.5779862,55.6640831,37.614921,55.6915516],"properties":{"scope":"district","name":"Котловка","aoName":"Юго-Западный","unitType":"Муниципальный округ","okato":"45293570","oktmo":"45903000","type":"administrative","category":"boundary","display_name":"район Котловка, Москва, Центральный федеральный округ, Россия","source":"OpenStreetMap / Nominatim","refreshedAt":"2026-09-17"},"geometry":{"type":"Polygon","coordinates":[[[37.5779862,55.6727468],[37.5856332,55.6701049],[37.5812455,55.6660253],[37.5816819,55.6657436],[37.5857113,55.6658057],[37.5867949,55.6656778],[37.5876055,55.6652319],[37.5888399,55.6656847],[37.5894981,55.6654334],[37.5893301,55.6652547],[37.5898879,55.6651839],[37.5946378,55.6655394],[37.5969265,55.6662338],[37.6013782,55.6647919],[37.6076464,55.6640831],[37.6088349,55.6651531],[37.6106892,55.664966],[37.6108655,55.6654964],[37.6116452,55.66608],[37.6070449,55.6681891],[37.6059069,55.6690658],[37.6057896,55.6705589],[37.6066929,55.6711721],[37.6056311,55.6723005],[37.6066247,55.6728679],[37.6073783,55.6746682],[37.6085902,55.6753362],[37.6084809,55.6756786],[37.6089553,55.6763047],[37.6101849,55.6769658],[37.6112922,55.6772175],[37.6117107,55.6786056],[37.6141474,55.6803811],[37.6146941,55.6805557],[37.614921,55.6809259],[37.6145804,55.6826896],[37.6139701,55.6831716],[37.6137024,55.6844758],[37.6090242,55.6838718],[37.6076159,55.6840609],[37.6060048,55.6847503],[37.6052717,55.6854176],[37.6049491,55.6860546],[37.6052903,55.6880743],[37.6051012,55.6891501],[37.6044927,55.6897973],[37.6035132,55.6903468],[37.6037863,55.6906298],[37.6019757,55.6915367],[37.6015422,55.6915516],[37.597705,55.6898464],[37.5877522,55.6807085],[37.5868313,55.6801283],[37.5860566,55.6791255],[37.5795097,55.6768589],[37.5803052,55.6748588],[37.5779862,55.6727468]]]}},{"type":"Feature","bbox":[37.5804063,55.7969453,37.6496267,55.8592482],"properties":{"scope":"district","name":"Останкинский","aoName":"Северо-Восточный","unitType":"Муниципальный округ","okato":"45280572","oktmo":"45358000","type":"administrative","category":"boundary","display_name":"Останкинский район, Москва, Центральный федеральный округ, Россия","source":"OpenStreetMap / Nominatim","refreshedAt":"2026-09-17"},"geometry":{"type":"Polygon","coordinates":[[[37.5804063,55.8338744],[37.585961,55.8331683],[37.586035,55.8329643],[37.5915559,55.8336092],[37.5907996,55.835593],[37.5907792,55.8364945],[37.5913856,55.8357694],[37.5952977,55.8334352],[37.6003285,55.8308024],[37.6012683,55.8295303],[37.6034899,55.8186089],[37.6035905,55.8179876],[37.602945,55.8176554],[37.634957,55.7969453],[37.6372758,55.8084987],[37.6375704,55.8113805],[37.6390787,55.8181246],[37.6404897,55.8200878],[37.6496267,55.8289427],[37.6367306,55.8334752],[37.6366684,55.8338244],[37.6342529,55.8338081],[37.6342293,55.835324],[37.6330376,55.8359499],[37.6320152,55.8359499],[37.6320152,55.8382401],[37.6323708,55.8386208],[37.6343624,55.838423],[37.6366978,55.8378155],[37.6358304,55.8457449],[37.626713,55.8460765],[37.6266613,55.8515095],[37.6262976,55.8552493],[37.6250829,55.8568486],[37.6251351,55.8576909],[37.6203564,55.8592482],[37.6203755,55.855131],[37.6200915,55.8544045],[37.612321,55.8464823],[37.592823,55.8473146],[37.5925979,55.8471164],[37.592574,55.8463106],[37.5905079,55.8457172],[37.5910197,55.845389],[37.5904576,55.8448556],[37.5871731,55.8448303],[37.5869979,55.8437102],[37.5863308,55.8435376],[37.5868591,55.8428334],[37.5869212,55.8423538],[37.5889103,55.8400823],[37.5894925,55.8389928],[37.5887407,55.8388777],[37.5884466,55.8393574],[37.5877533,55.8392014],[37.5874453,55.8395703],[37.5871076,55.8394864],[37.5858689,55.8402296],[37.5820902,55.8383122],[37.5812748,55.8388073],[37.5805283,55.8388417],[37.5804063,55.8338744]]]}},{"type":"Feature","bbox":[37.5821396,55.689086,37.6288682,55.7214266],"properties":{"scope":"district","name":"Донской","aoName":"Южный","unitType":"Муниципальный округ","okato":"45296561","oktmo":"45915000","type":"administrative","category":"boundary","display_name":"Донской район, Москва, Центральный федеральный округ, Россия","source":"OpenStreetMap / Nominatim","refreshedAt":"2026-09-17"},"geometry":{"type":"Polygon","coordinates":[[[37.5821396,55.7109925],[37.5853646,55.7088144],[37.5887529,55.7071218],[37.5873424,55.7063265],[37.5961214,55.6961337],[37.6006394,55.6922084],[37.6037381,55.6905249],[37.6081155,55.6893299],[37.6125916,55.6891048],[37.6288682,55.6917492],[37.628308,55.6939962],[37.6281364,55.6998249],[37.6281364,55.7034524],[37.6285727,55.7052553],[37.6209921,55.7060521],[37.6113443,55.704309],[37.6081449,55.7076311],[37.6074897,55.7075213],[37.6064078,55.7095217],[37.6061565,55.7110689],[37.6082869,55.7167305],[37.6136171,55.7166503],[37.613656,55.7198206],[37.6155773,55.7200829],[37.6143913,55.7209991],[37.6100957,55.7214266],[37.6093473,55.7195213],[37.60031,55.7213012],[37.5981281,55.7198467],[37.5974937,55.7201418],[37.5972368,55.7199632],[37.5968554,55.7201303],[37.5940838,55.7183252],[37.5925649,55.719146],[37.5929726,55.7195751],[37.5927146,55.719686],[37.5922285,55.7194285],[37.5921327,55.7188278],[37.5907951,55.717873],[37.5926713,55.7168706],[37.5905037,55.7157456],[37.5892373,55.7148545],[37.5894204,55.7147702],[37.5891755,55.7145791],[37.5889792,55.7146754],[37.5879384,55.7139531],[37.5884454,55.7137628],[37.5878737,55.7132951],[37.5883361,55.7130959],[37.585594,55.711091],[37.585232,55.7112481],[37.5839253,55.7110138],[37.5827864,55.7112279],[37.5821396,55.7109925]]]}},{"type":"Feature","bbox":[37.5866771,55.8791079,37.6440665,55.9136241],"properties":{"scope":"district","name":"Бибирево","aoName":"Северо-Восточный","unitType":"Муниципальный округ","okato":"45280558","oktmo":"45352000","type":"administrative","category":"boundary","display_name":"район Бибирево, Москва, Центральный федеральный округ, Россия","source":"OpenStreetMap / Nominatim","refreshedAt":"2026-09-17"},"geometry":{"type":"Polygon","coordinates":[[[37.5866771,55.887208],[37.5931803,55.8870891],[37.5969283,55.886354],[37.59961,55.8849703],[37.6025517,55.8830286],[37.6036836,55.8819346],[37.6075412,55.8791079],[37.6085761,55.8795739],[37.6113407,55.8799927],[37.6169008,55.8803338],[37.6169179,55.8807801],[37.6152394,55.8811897],[37.6142216,55.883035],[37.6152643,55.8831347],[37.6160678,55.8838767],[37.61719,55.8841162],[37.618309,55.8848587],[37.6187372,55.885711],[37.6202844,55.8857211],[37.6204219,55.8859153],[37.620179,55.8862022],[37.6208936,55.8863988],[37.622062,55.8873713],[37.6231749,55.887779],[37.6227613,55.8884839],[37.6229233,55.8888487],[37.6242902,55.8890887],[37.6356092,55.8936801],[37.6440665,55.8976996],[37.6292697,55.8999289],[37.6213487,55.9015146],[37.5931529,55.9089479],[37.5905033,55.9112916],[37.5903786,55.9118398],[37.5912017,55.9135942],[37.5909767,55.9136241],[37.5905065,55.9126129],[37.5875908,55.9086245],[37.587266,55.9076062],[37.5866771,55.887208]]]}},{"type":"Feature","bbox":[37.6131252,55.5716295,37.664279,55.6105027],"properties":{"scope":"district","name":"Бирюлёво Западное","aoName":"Южный","unitType":"Муниципальный округ","okato":"45296555","oktmo":"45912000","type":"administrative","category":"boundary","display_name":"район Бирюлёво Западное, Москва, Центральный федеральный округ, Россия","source":"OpenStreetMap / Nominatim","refreshedAt":"2026-09-17"},"geometry":{"type":"Polygon","coordinates":[[[37.6131252,55.5746309],[37.6496649,55.5724788],[37.6503512,55.5722851],[37.6504911,55.5718316],[37.6507517,55.5717346],[37.6511323,55.5719649],[37.6528297,55.5719994],[37.653897,55.572285],[37.664279,55.5716295],[37.6632453,55.5738342],[37.6612884,55.5760263],[37.6606602,55.5771352],[37.6599237,55.5817318],[37.6593838,55.5833863],[37.6497826,55.6000137],[37.6482676,55.6021743],[37.6446318,55.6057885],[37.6427391,55.6089582],[37.6407213,55.6105027],[37.6387351,55.6093581],[37.6374588,55.6083022],[37.6283376,55.5993446],[37.6263526,55.5982005],[37.6193528,55.5949314],[37.6171088,55.5931892],[37.6157367,55.5913157],[37.6151579,55.5899317],[37.6131252,55.5746309]]]}},{"type":"Feature","bbox":[37.5889044,55.7825508,37.634957,55.8107068],"properties":{"scope":"district","name":"Марьина Роща","aoName":"Северо-Восточный","unitType":"Муниципальный округ","okato":"45280569","oktmo":"45357000","type":"administrative","category":"boundary","display_name":"район Марьина Роща, Москва, Центральный федеральный округ, Россия","source":"OpenStreetMap / Nominatim","refreshedAt":"2026-09-17"},"geometry":{"type":"Polygon","coordinates":[[[37.5889044,55.7924632],[37.5958899,55.7922257],[37.5992958,55.7924817],[37.6006396,55.7878018],[37.6017199,55.7851689],[37.6046083,55.7853117],[37.6123334,55.7825515],[37.6130528,55.783401],[37.6148355,55.7834787],[37.6153469,55.7826572],[37.6151361,55.7835353],[37.6168144,55.7865337],[37.6163097,55.793116],[37.6279594,55.7925078],[37.6324314,55.7918625],[37.6346377,55.7918923],[37.6344313,55.7944611],[37.634957,55.7969453],[37.613589,55.8107068],[37.609278,55.809122],[37.6014904,55.8068297],[37.5997357,55.8065964],[37.5961226,55.8052812],[37.5954563,55.8053275],[37.5958305,55.8031686],[37.5956579,55.802892],[37.596377,55.8012753],[37.596375,55.7986749],[37.5920679,55.7960952],[37.5891896,55.7931489],[37.5889044,55.7924632]]]}},{"type":"Feature","bbox":[37.6035132,55.6405441,37.6271573,55.6907301],"properties":{"scope":"district","name":"Нагорный","aoName":"Южный","unitType":"Муниципальный округ","okato":"45296575","oktmo":"45920000","type":"administrative","category":"boundary","display_name":"Нагорный район, Москва, Центральный федеральный округ, Россия","source":"OpenStreetMap / Nominatim","refreshedAt":"2026-09-17"},"geometry":{"type":"Polygon","coordinates":[[[37.6035132,55.6903468],[37.6044927,55.6897973],[37.6051742,55.6890097],[37.6052903,55.6880743],[37.6049491,55.6860546],[37.605713,55.6849572],[37.607168,55.684196],[37.6086084,55.6838867],[37.6106538,55.6839671],[37.6137024,55.6844758],[37.6139701,55.6831716],[37.6145804,55.6826896],[37.614921,55.6809259],[37.6146941,55.6805557],[37.6141474,55.6803811],[37.6117107,55.6786056],[37.6112922,55.6772175],[37.6101849,55.6769658],[37.6089553,55.6763047],[37.6084809,55.6756786],[37.6085902,55.6753362],[37.6073783,55.6746682],[37.6066247,55.6728679],[37.6056311,55.6723005],[37.6066929,55.6711721],[37.6057896,55.6705589],[37.6059069,55.6690658],[37.6070449,55.6681891],[37.6116452,55.66608],[37.6108655,55.6654964],[37.6106892,55.664966],[37.6088349,55.6651531],[37.6076464,55.6640831],[37.6135718,55.6634793],[37.6054137,55.65653],[37.6056701,55.6413716],[37.6197743,55.6405441],[37.6197417,55.642191],[37.6244246,55.6425363],[37.6221414,55.6518394],[37.6228581,55.666844],[37.6259214,55.6704746],[37.6271573,55.6726145],[37.62394,55.6818638],[37.6218603,55.6907301],[37.6147965,55.6893176],[37.6125916,55.6891048],[37.6081155,55.6893299],[37.6037381,55.6905249],[37.6035132,55.6903468]]]}},{"type":"Feature","bbox":[37.6250069,55.8408247,37.6719431,55.8653231],"properties":{"scope":"district","name":"Свиблово","aoName":"Северо-Восточный","unitType":"Муниципальный округ","okato":"45280580","oktmo":"45361000","type":"administrative","category":"boundary","display_name":"район Свиблово, Москва, Центральный федеральный округ, Россия","source":"OpenStreetMap / Nominatim","refreshedAt":"2026-09-17"},"geometry":{"type":"Polygon","coordinates":[[[37.6250362,55.8573813],[37.6255036,55.8561807],[37.6262976,55.8552493],[37.6266613,55.8515095],[37.626713,55.8460765],[37.6400949,55.8455706],[37.650557,55.8446206],[37.663447,55.8408247],[37.6714545,55.8468087],[37.6719431,55.8504254],[37.6712112,55.8504482],[37.6705854,55.8511322],[37.6641878,55.85522],[37.661901,55.8569507],[37.6610309,55.8568476],[37.6528969,55.8576241],[37.6463805,55.8612836],[37.6447417,55.8633366],[37.6422156,55.8643236],[37.6417319,55.8653231],[37.6401648,55.8650189],[37.6393078,55.8641212],[37.6338548,55.8606139],[37.6328747,55.8591759],[37.633054,55.8576837],[37.6329008,55.8573567],[37.6319754,55.8572985],[37.6315044,55.857577],[37.6307842,55.8569752],[37.6292322,55.8568848],[37.6250362,55.8573813]]]}},{"type":"Feature","bbox":[37.6061342,55.6842715,37.667811,55.729465],"properties":{"scope":"district","name":"Даниловский","aoName":"Южный","unitType":"Муниципальный округ","okato":"45296559","oktmo":"45914000","type":"administrative","category":"boundary","display_name":"Даниловский район, Москва, Центральный федеральный округ, Россия","source":"OpenStreetMap / Nominatim","refreshedAt":"2026-09-17"},"geometry":{"type":"Polygon","coordinates":[[[37.6061342,55.7109116],[37.6064078,55.7095217],[37.6074897,55.7075213],[37.6081449,55.7076311],[37.6113443,55.704309],[37.6209921,55.7060521],[37.6285727,55.7052553],[37.6281364,55.7034524],[37.628308,55.6939962],[37.6288682,55.6917492],[37.6315696,55.6866666],[37.6332004,55.6855054],[37.6361186,55.6846102],[37.6395948,55.6842715],[37.6652416,55.6862244],[37.667811,55.7052824],[37.6636775,55.718132],[37.6636755,55.7245641],[37.6631267,55.7267583],[37.6567176,55.7263724],[37.6557668,55.7276237],[37.6542108,55.7288214],[37.6522857,55.7280661],[37.645995,55.729465],[37.6449111,55.7280119],[37.6437423,55.7224038],[37.6417645,55.7222109],[37.6400073,55.7229009],[37.6364244,55.7235433],[37.6358021,55.72202],[37.6330619,55.7225646],[37.6278928,55.7213649],[37.6137723,55.7198955],[37.6136171,55.7166503],[37.6082869,55.7167305],[37.6061342,55.7109116]]]}},{"type":"Feature","bbox":[37.6123942,55.7589912,37.6448401,55.7971703],"properties":{"scope":"district","name":"Мещанский","aoName":"Центральный","unitType":"Муниципальный округ","okato":"45286570","oktmo":"45379000","type":"administrative","category":"boundary","display_name":"Мещанский район, Москва, Центральный федеральный округ, Россия","source":"OpenStreetMap / Nominatim","refreshedAt":"2026-09-17"},"geometry":{"type":"Polygon","coordinates":[[[37.6123942,55.7825647],[37.6143444,55.7819371],[37.6153273,55.7822546],[37.6149324,55.7815912],[37.6169348,55.7803721],[37.6172478,55.7799329],[37.6185278,55.7764073],[37.6189362,55.7736414],[37.6206914,55.773684],[37.6209955,55.773396],[37.6211062,55.7674231],[37.6214026,55.7669027],[37.6198963,55.7652602],[37.6202023,55.7651615],[37.6199657,55.7647054],[37.6201521,55.761716],[37.6214386,55.7592381],[37.620909,55.7589912],[37.6258162,55.7597281],[37.6266878,55.760454],[37.6283516,55.7598643],[37.6299026,55.7606883],[37.6300531,55.7608296],[37.6295151,55.7610766],[37.6301499,55.7620381],[37.6306074,55.7634126],[37.6302397,55.7634502],[37.6299117,55.762871],[37.6286781,55.7631076],[37.630858,55.7655196],[37.6314796,55.7665279],[37.6324037,55.770383],[37.6325778,55.772651],[37.637267,55.7720615],[37.6381205,55.7736233],[37.638179,55.7747855],[37.6393949,55.7771335],[37.6400067,55.7771587],[37.6412894,55.7797075],[37.6448401,55.7798433],[37.6417328,55.7881261],[37.6416643,55.7884601],[37.642222,55.7884291],[37.6420771,55.790161],[37.6414437,55.7913059],[37.6402463,55.7924514],[37.642957,55.7930115],[37.6395908,55.795105],[37.635,55.7971703],[37.6344313,55.7944611],[37.6346377,55.7918923],[37.6324314,55.7918625],[37.6279594,55.7925078],[37.6163097,55.793116],[37.6168144,55.7865337],[37.6151361,55.7835353],[37.615482,55.7826854],[37.6150231,55.7833809],[37.6146295,55.7835],[37.6130528,55.783401],[37.6123942,55.7825647]]]}},{"type":"Feature","bbox":[37.6142216,55.8613697,37.6586782,55.8857218],"properties":{"scope":"district","name":"Южное Медведково","aoName":"Северо-Восточный","unitType":"Муниципальный округ","okato":"45280594","oktmo":"45364000","type":"administrative","category":"boundary","display_name":"район Южное Медведково, Москва, Центральный федеральный округ, Россия","source":"OpenStreetMap / Nominatim","refreshedAt":"2026-09-17"},"geometry":{"type":"Polygon","coordinates":[[[37.6142216,55.883035],[37.6152394,55.8811897],[37.6169622,55.8806567],[37.6168187,55.8798871],[37.6169723,55.8795159],[37.6167266,55.8788916],[37.6162395,55.8787096],[37.6162332,55.8783836],[37.6156226,55.8782492],[37.6161771,55.8774946],[37.6156272,55.8772062],[37.6159294,55.8769839],[37.616675,55.8769914],[37.6167019,55.8753335],[37.616272,55.8750659],[37.6181144,55.8742885],[37.6197763,55.8727212],[37.6218792,55.8721482],[37.6236301,55.8709635],[37.6259553,55.8703618],[37.6279685,55.8689826],[37.6291471,55.8687327],[37.6302846,55.8670489],[37.6303579,55.8657767],[37.6305865,55.8655877],[37.6303863,55.8652196],[37.630892,55.8650958],[37.6313667,55.8653882],[37.6318744,55.8653066],[37.6331656,55.8643548],[37.6327079,55.8638547],[37.6337489,55.8632435],[37.6346283,55.8633133],[37.6344739,55.8629493],[37.6337472,55.8624531],[37.6351086,55.8613697],[37.6393078,55.8641212],[37.6399086,55.8648629],[37.6404884,55.8651667],[37.6451631,55.8654802],[37.6467923,55.8659754],[37.6476199,55.8665361],[37.6488306,55.8666706],[37.648998,55.8668413],[37.6482863,55.8672998],[37.648474,55.8677719],[37.6505345,55.8691396],[37.6512062,55.8700541],[37.6521066,55.8704915],[37.6560797,55.8713578],[37.656201,55.871879],[37.6573616,55.8721658],[37.6586625,55.8733271],[37.6584137,55.8743018],[37.6574259,55.8750189],[37.65733,55.8766105],[37.6463001,55.877343],[37.6363536,55.8784143],[37.6366131,55.8789262],[37.6417309,55.8841313],[37.6336724,55.8849413],[37.6189217,55.8857218],[37.618309,55.8848587],[37.61719,55.8841162],[37.6160678,55.8838767],[37.6152643,55.8831347],[37.6142216,55.883035]]]}},{"type":"Feature","bbox":[37.6150768,55.7202891,37.6542108,55.7492168],"properties":{"scope":"district","name":"Замоскворечье","aoName":"Центральный","unitType":"Муниципальный округ","okato":"45286560","oktmo":"45376000","type":"administrative","category":"boundary","display_name":"район Замоскворечье, Москва, Центральный федеральный округ, Россия","source":"OpenStreetMap / Nominatim","refreshedAt":"2026-09-17"},"geometry":{"type":"Polygon","coordinates":[[[37.6150768,55.7269444],[37.6167463,55.7233357],[37.6177554,55.7202891],[37.6278928,55.7213649],[37.6330619,55.7225646],[37.6358021,55.72202],[37.6364244,55.7235433],[37.6400073,55.7229009],[37.6417645,55.7222109],[37.6437423,55.7224038],[37.6449111,55.7280119],[37.645995,55.729465],[37.6522857,55.7280661],[37.6542108,55.7288214],[37.6504945,55.7312757],[37.6480175,55.7349584],[37.6448733,55.7411336],[37.6413066,55.7450064],[37.6392718,55.7465835],[37.6377065,55.747366],[37.6322928,55.7488477],[37.6298261,55.7491503],[37.6267577,55.7491836],[37.6250593,55.7490845],[37.6263845,55.7459815],[37.624682,55.7457441],[37.624573,55.7455045],[37.6250342,55.7424802],[37.624539,55.7393996],[37.6242604,55.7321718],[37.6238257,55.7295767],[37.619613,55.7292455],[37.6199362,55.7273112],[37.6150768,55.7269444]]]}},{"type":"Feature","bbox":[37.6196477,55.8766087,37.6852588,55.8978367],"properties":{"scope":"district","name":"Северное Медведково","aoName":"Северо-Восточный","unitType":"Муниципальный округ","okato":"45280583","oktmo":"45362000","type":"administrative","category":"boundary","display_name":"район Северное Медведково, Москва, Центральный федеральный округ, Россия","source":"OpenStreetMap / Nominatim","refreshedAt":"2026-09-17"},"geometry":{"type":"Polygon","coordinates":[[[37.6196477,55.885611],[37.6336724,55.8849413],[37.6417309,55.8841313],[37.6366131,55.8789262],[37.6363536,55.8784143],[37.6463001,55.877343],[37.65733,55.8766105],[37.6572049,55.8784856],[37.6574787,55.8798187],[37.6584672,55.8805993],[37.6596463,55.8811322],[37.6626594,55.8819737],[37.6650665,55.8823636],[37.6664258,55.8820256],[37.6684932,55.8819111],[37.6716995,55.8820887],[37.673728,55.8828729],[37.6730745,55.8831609],[37.6729034,55.8835444],[37.6739421,55.8838541],[37.6759326,55.883517],[37.6767325,55.8830941],[37.6782185,55.8832515],[37.6811936,55.8857423],[37.6817168,55.8864236],[37.6816601,55.8875174],[37.6819036,55.887967],[37.6846787,55.8910976],[37.6851857,55.8931005],[37.6852585,55.8951038],[37.6769548,55.8954621],[37.6731529,55.8970332],[37.6726695,55.8978367],[37.6718408,55.8977269],[37.671862,55.8972362],[37.6715638,55.8969057],[37.6691834,55.8956784],[37.6566763,55.8963845],[37.6440665,55.8976996],[37.6356092,55.8936801],[37.6242902,55.8890887],[37.6231791,55.888976],[37.6227613,55.8884839],[37.6231749,55.887779],[37.622062,55.8873713],[37.6208936,55.8863988],[37.620179,55.8862022],[37.6204219,55.8859153],[37.6202844,55.8857211],[37.6196477,55.885611]]]}},{"type":"Feature","bbox":[37.6218603,55.6506381,37.6652416,55.6917492],"properties":{"scope":"district","name":"Нагатино-Садовники","aoName":"Южный","unitType":"Муниципальный округ","okato":"45296571","oktmo":"45918000","type":"administrative","category":"boundary","display_name":"район Нагатино-Садовники, Москва, Центральный федеральный округ, Россия","source":"OpenStreetMap / Nominatim","refreshedAt":"2026-09-17"},"geometry":{"type":"Polygon","coordinates":[[[37.6218603,55.6907301],[37.62394,55.6818638],[37.6271573,55.6726145],[37.6259214,55.6704746],[37.6228581,55.666844],[37.6224611,55.6575337],[37.6242169,55.6572268],[37.624754,55.6574338],[37.6318314,55.656195],[37.6320434,55.6558577],[37.633603,55.6561781],[37.6334991,55.6564578],[37.6342589,55.65653],[37.63704,55.6549614],[37.6417715,55.6582381],[37.6417145,55.6583917],[37.6568895,55.6515434],[37.6594373,55.6506381],[37.6556925,55.6526169],[37.6545943,55.6534215],[37.6536033,55.654804],[37.6534884,55.6561824],[37.654416,55.659823],[37.6614042,55.6683995],[37.661869,55.6693459],[37.6644865,55.680689],[37.6652416,55.6862244],[37.6439292,55.6844893],[37.6395948,55.6842715],[37.6361186,55.6846102],[37.6332004,55.6855054],[37.6315696,55.6866666],[37.6288682,55.6917492],[37.6218603,55.6907301]]]}},{"type":"Feature","bbox":[37.6221414,55.6279035,37.7295739,55.6583917],"properties":{"scope":"district","name":"Москворечье-Сабурово","aoName":"Южный","unitType":"Муниципальный округ","okato":"45296569","oktmo":"45917000","type":"administrative","category":"boundary","display_name":"район Москворечье-Сабурово, Москва, Центральный федеральный округ, Россия","source":"OpenStreetMap / Nominatim","refreshedAt":"2026-09-17"},"geometry":{"type":"Polygon","coordinates":[[[37.6221414,55.6518394],[37.6250668,55.6399782],[37.627117,55.6399601],[37.6286049,55.6395913],[37.6306348,55.6397875],[37.6325215,55.6396716],[37.63613,55.6403555],[37.6377459,55.6403767],[37.6387301,55.6407058],[37.6404453,55.6405713],[37.6417705,55.6408549],[37.6412176,55.6385984],[37.6547667,55.637553],[37.6546922,55.6384152],[37.6818354,55.6365431],[37.6869546,55.6363412],[37.6870691,55.6366408],[37.687742,55.6366945],[37.6885917,55.6351112],[37.6904288,55.6340975],[37.6893926,55.6336546],[37.6893416,55.6333564],[37.6899768,55.631868],[37.689662,55.6289624],[37.6897805,55.6284648],[37.6904024,55.6280519],[37.693637,55.6279496],[37.6960923,55.6289787],[37.7044241,55.6297835],[37.7073453,55.6307468],[37.7158954,55.6312037],[37.7290994,55.6307643],[37.7295739,55.6317386],[37.7292758,55.6326732],[37.7277089,55.6334171],[37.7276769,55.6338166],[37.7272558,55.6342039],[37.7271206,55.6352984],[37.7277539,55.6352864],[37.7295024,55.6408925],[37.7132784,55.6394575],[37.6994168,55.6421218],[37.6944815,55.6432843],[37.6889454,55.6452218],[37.6780449,55.649944],[37.6745688,55.65176],[37.6725947,55.6532128],[37.6716505,55.6543508],[37.6716027,55.6563638],[37.6698984,55.6562463],[37.6644751,55.6533749],[37.6605859,55.6501701],[37.6568895,55.6515434],[37.6417145,55.6583917],[37.6417715,55.6582381],[37.63704,55.6549614],[37.6342589,55.65653],[37.6334991,55.6564578],[37.633603,55.6561781],[37.6320434,55.6558577],[37.6318314,55.656195],[37.624754,55.6574338],[37.6242169,55.6572268],[37.6224611,55.6575337],[37.6221414,55.6518394]]]}},{"type":"Feature","bbox":[37.6250668,55.6105027,37.6869546,55.6408549],"properties":{"scope":"district","name":"Царицыно","aoName":"Южный","unitType":"Муниципальный округ","okato":"45296590","oktmo":"45923000","type":"administrative","category":"boundary","display_name":"район Царицыно, Москва, Центральный федеральный округ, Россия","source":"OpenStreetMap / Nominatim","refreshedAt":"2026-09-17"},"geometry":{"type":"Polygon","coordinates":[[[37.6250668,55.6399782],[37.6288576,55.6253984],[37.6348372,55.6149312],[37.6373721,55.6125743],[37.6407213,55.6105027],[37.6444208,55.6119453],[37.6601927,55.6153409],[37.6639971,55.616359],[37.6682007,55.6178775],[37.670465,55.6192925],[37.6756685,55.6231679],[37.6840472,55.6300221],[37.6852104,55.6314621],[37.6869546,55.6363412],[37.6546922,55.6384152],[37.6547667,55.637553],[37.6412176,55.6385984],[37.6417705,55.6408549],[37.6404453,55.6405713],[37.6387301,55.6407058],[37.6377459,55.6403767],[37.63613,55.6403555],[37.6325215,55.6396716],[37.6306348,55.6397875],[37.6286049,55.6395913],[37.627117,55.6399601],[37.6250668,55.6399782]]]}},{"type":"Feature","bbox":[37.6278676,55.7507488,37.7135295,55.782047],"properties":{"scope":"district","name":"Басманный","aoName":"Центральный","unitType":"Муниципальный округ","okato":"45286555","oktmo":"45375000","type":"administrative","category":"boundary","display_name":"Басманный район, Москва, Центральный федеральный округ, Россия","source":"OpenStreetMap / Nominatim","refreshedAt":"2026-09-17"},"geometry":{"type":"Polygon","coordinates":[[[37.6278676,55.759523],[37.6316351,55.7570484],[37.6340854,55.7550788],[37.6350699,55.7538621],[37.6369656,55.7542043],[37.6378707,55.7535849],[37.6389471,55.7532362],[37.6430145,55.7526555],[37.6497432,55.7530205],[37.6526227,55.7535802],[37.6549609,55.7545281],[37.6582756,55.7547261],[37.6627984,55.754136],[37.6642911,55.7527453],[37.6662121,55.7531496],[37.668539,55.751587],[37.6705308,55.7507488],[37.6725497,55.7523878],[37.6730606,55.7534343],[37.672941,55.7540014],[37.6709121,55.7574281],[37.6703968,55.7576028],[37.6707731,55.7583782],[37.6712776,55.758803],[37.6730154,55.7593289],[37.6802155,55.7590725],[37.682588,55.7595356],[37.6841593,55.7602741],[37.6858386,55.7620447],[37.6858452,55.7639835],[37.6890397,55.7677739],[37.6921989,55.7694899],[37.6972239,55.7668218],[37.7025185,55.770029],[37.7045926,55.7707272],[37.7135295,55.7752599],[37.7109312,55.7780007],[37.7087898,55.7796227],[37.7060926,55.7807372],[37.7031812,55.7815238],[37.7012436,55.7818505],[37.6963604,55.782047],[37.6882667,55.781899],[37.6847167,55.781603],[37.684842,55.7808113],[37.6801021,55.7771195],[37.6758868,55.7783862],[37.6679933,55.7745286],[37.6644256,55.7733076],[37.6629987,55.7697322],[37.6544715,55.7695848],[37.6481557,55.7685571],[37.6446919,55.7684735],[37.6372925,55.7651344],[37.6347192,55.7625629],[37.6321256,55.7610603],[37.6312132,55.760257],[37.6278676,55.759523]]]}},{"type":"Feature","bbox":[37.6283516,55.7598288,37.6882667,55.7930115],"properties":{"scope":"district","name":"Красносельский","aoName":"Центральный","unitType":"Муниципальный округ","okato":"45286565","oktmo":"45378000","type":"administrative","category":"boundary","display_name":"Красносельский район, Москва, Центральный федеральный округ, Россия","source":"OpenStreetMap / Nominatim","refreshedAt":"2026-09-17"},"geometry":{"type":"Polygon","coordinates":[[[37.6283516,55.7598643],[37.6312132,55.760257],[37.6321256,55.7610603],[37.6347192,55.7625629],[37.6372925,55.7651344],[37.6446919,55.7684735],[37.6481557,55.7685571],[37.6544715,55.7695848],[37.6629987,55.7697322],[37.6644256,55.7733076],[37.6679933,55.7745286],[37.6758868,55.7783862],[37.6801021,55.7771195],[37.684842,55.7808113],[37.6847167,55.781603],[37.6882667,55.781899],[37.685813,55.7825747],[37.6518163,55.7890984],[37.651542,55.78936],[37.6460562,55.7909368],[37.642957,55.7930115],[37.6402463,55.7924514],[37.6414437,55.7913059],[37.6420771,55.790161],[37.642222,55.7884291],[37.6416643,55.7884601],[37.6417328,55.7881261],[37.6448401,55.7798433],[37.6412894,55.7797075],[37.6400067,55.7771587],[37.6393949,55.7771335],[37.638179,55.7747855],[37.6381205,55.7736233],[37.637267,55.7720615],[37.6325778,55.772651],[37.6324037,55.770383],[37.6314796,55.7665279],[37.630858,55.7655196],[37.6286781,55.7631076],[37.6299117,55.762871],[37.6302397,55.7634502],[37.6306074,55.7634126],[37.6301499,55.7620381],[37.6295151,55.7610766],[37.6300531,55.7608296],[37.6283516,55.7598643]]]}},{"type":"Feature","bbox":[37.6320152,55.8243936,37.6715749,55.8457449],"properties":{"scope":"district","name":"Ростокино","aoName":"Северо-Восточный","unitType":"Муниципальный округ","okato":"45280577","oktmo":"45360000","type":"administrative","category":"boundary","display_name":"район Ростокино, Москва, Центральный федеральный округ, Россия","source":"OpenStreetMap / Nominatim","refreshedAt":"2026-09-17"},"geometry":{"type":"Polygon","coordinates":[[[37.6320152,55.8359499],[37.6330376,55.8359499],[37.6342293,55.835324],[37.6342529,55.8338081],[37.6366684,55.8338244],[37.6367306,55.8334752],[37.6496267,55.8289427],[37.6542744,55.8332803],[37.6550551,55.8326147],[37.655154,55.832127],[37.6538108,55.8307758],[37.6534869,55.8301181],[37.6537391,55.8291779],[37.654399,55.8286426],[37.6653016,55.8265852],[37.6668353,55.8258965],[37.6675004,55.8249013],[37.6684543,55.824929],[37.6706941,55.8243936],[37.6715201,55.8273626],[37.6715749,55.8290255],[37.6702104,55.8387396],[37.6537062,55.8438367],[37.650557,55.8446206],[37.6405444,55.845538],[37.6358304,55.8457449],[37.6366978,55.8378155],[37.6343624,55.838423],[37.6323708,55.8386208],[37.6320152,55.8382401],[37.6320152,55.8359499]]]}},{"type":"Feature","bbox":[37.6320746,55.7258255,37.6998353,55.7547685],"properties":{"scope":"district","name":"Таганский","aoName":"Центральный","unitType":"Муниципальный округ","okato":"45286580","oktmo":"45381000","type":"administrative","category":"boundary","display_name":"Таганский район, Москва, Центральный федеральный округ, Россия","source":"OpenStreetMap / Nominatim","refreshedAt":"2026-09-17"},"geometry":{"type":"Polygon","coordinates":[[[37.6320746,55.748884],[37.6377065,55.747366],[37.6392718,55.7465835],[37.6413066,55.7450064],[37.6448733,55.7411336],[37.6480175,55.7349584],[37.6504945,55.7312757],[37.6557668,55.7276237],[37.6567176,55.7263724],[37.6631267,55.7267583],[37.6606903,55.7307034],[37.6658108,55.7316354],[37.6674635,55.7308639],[37.6705808,55.7258255],[37.6777335,55.7273551],[37.6789183,55.7282645],[37.6805828,55.7276832],[37.6804055,55.7284116],[37.6815705,55.728472],[37.6814418,55.7290399],[37.68333,55.7291456],[37.6841025,55.7295836],[37.6840596,55.7300307],[37.6858384,55.7301132],[37.6854092,55.7330418],[37.6881988,55.7317728],[37.6921577,55.7295403],[37.6937001,55.7293029],[37.6982001,55.7352348],[37.6988622,55.7364362],[37.6998353,55.7363169],[37.6970804,55.7407909],[37.6952841,55.7423198],[37.6923404,55.7438692],[37.6824447,55.7482702],[37.6710524,55.7505562],[37.668539,55.751587],[37.6662121,55.7531496],[37.6642273,55.752764],[37.6632338,55.7539232],[37.6624334,55.7542235],[37.6564048,55.7547533],[37.6544519,55.7544092],[37.6526227,55.7535802],[37.6504556,55.7531256],[37.6430145,55.7526555],[37.6389471,55.7532362],[37.6378707,55.7535849],[37.6369656,55.7542043],[37.6352868,55.7538551],[37.6349112,55.7539883],[37.6335148,55.7534187],[37.6320746,55.748884]]]}},{"type":"Feature","bbox":[37.635,55.78936,37.6706941,55.8332803],"properties":{"scope":"district","name":"Алексеевский","aoName":"Северо-Восточный","unitType":"Муниципальный округ","okato":"45280552","oktmo":"45349000","type":"administrative","category":"boundary","display_name":"Алексеевский район, Москва, Центральный федеральный округ, Россия","source":"OpenStreetMap / Nominatim","refreshedAt":"2026-09-17"},"geometry":{"type":"Polygon","coordinates":[[[37.635,55.7971703],[37.640486,55.7946125],[37.6460562,55.7909368],[37.651542,55.78936],[37.6507092,55.7909339],[37.6501162,55.7927927],[37.6504891,55.7987596],[37.65072,55.7994188],[37.6538241,55.8038637],[37.6581186,55.8083605],[37.6680768,55.819874],[37.6706941,55.8243936],[37.6684543,55.824929],[37.667374,55.8249374],[37.6668353,55.8258965],[37.6653016,55.8265852],[37.654399,55.8286426],[37.6537391,55.8291779],[37.6534869,55.8301181],[37.6538108,55.8307758],[37.655154,55.832127],[37.6550551,55.8326147],[37.6542744,55.8332803],[37.6404897,55.8200878],[37.6392953,55.8185884],[37.6388717,55.8175358],[37.6375704,55.8113805],[37.6372758,55.8084987],[37.635,55.7971703]]]}},{"type":"Feature","bbox":[37.6501162,55.7818853,37.7054964,55.8243936],"properties":{"scope":"district","name":"Сокольники","aoName":"Восточный","unitType":"Муниципальный округ","okato":"45263591","oktmo":"45315000","type":"administrative","category":"boundary","display_name":"район Сокольники, Москва, Центральный федеральный округ, Россия","source":"OpenStreetMap / Nominatim","refreshedAt":"2026-09-17"},"geometry":{"type":"Polygon","coordinates":[[[37.6501162,55.7927927],[37.6507092,55.7909339],[37.6518163,55.7890984],[37.685813,55.7825747],[37.6882667,55.781899],[37.6909985,55.7818853],[37.6993516,55.7819726],[37.6986563,55.786753],[37.6991318,55.7883665],[37.6999859,55.7893293],[37.7048892,55.7919092],[37.7054964,55.7927954],[37.705376,55.7933478],[37.704616,55.7942304],[37.699827,55.7984126],[37.6986718,55.7998797],[37.6986269,55.8008262],[37.6992306,55.802355],[37.7016941,55.8053359],[37.7018891,55.8058665],[37.7018062,55.8070202],[37.7013864,55.8076502],[37.700413,55.8082823],[37.7001493,55.8098352],[37.6988067,55.8100902],[37.6972403,55.8107891],[37.6958904,55.8107221],[37.6948191,55.8109421],[37.6947862,55.8111842],[37.6953203,55.8117121],[37.6932468,55.8106118],[37.6851663,55.8154957],[37.6853915,55.8159192],[37.6878233,55.8169134],[37.687575,55.8171194],[37.6867142,55.8168263],[37.6854385,55.816857],[37.6820449,55.8180332],[37.6794303,55.8182302],[37.6784313,55.818849],[37.6774629,55.8190546],[37.674908,55.8204947],[37.6745344,55.8212515],[37.6727419,55.8223728],[37.6719165,55.8235167],[37.6706941,55.8243936],[37.6680768,55.819874],[37.6581186,55.8083605],[37.6548995,55.8051109],[37.651284,55.8004205],[37.6504891,55.7987596],[37.6501162,55.7927927]]]}},{"type":"Feature","bbox":[37.6407213,55.5716295,37.7245037,55.6219947],"properties":{"scope":"district","name":"Бирюлёво Восточное","aoName":"Южный","unitType":"Муниципальный округ","okato":"45296553","oktmo":"45911000","type":"administrative","category":"boundary","display_name":"район Бирюлёво Восточное, Москва, Центральный федеральный округ, Россия","source":"OpenStreetMap / Nominatim","refreshedAt":"2026-09-17"},"geometry":{"type":"Polygon","coordinates":[[[37.6407213,55.6105027],[37.6427391,55.6089582],[37.6446318,55.6057885],[37.6482676,55.6021743],[37.6497826,55.6000137],[37.6593838,55.5833863],[37.6599237,55.5817318],[37.6606602,55.5771352],[37.6612884,55.5760263],[37.6632453,55.5738342],[37.664279,55.5716295],[37.6707236,55.5716683],[37.6760494,55.5720884],[37.6807341,55.5729178],[37.6851823,55.5741203],[37.6891553,55.5734796],[37.6904333,55.5729251],[37.6909246,55.5723191],[37.6917206,55.5729498],[37.6913799,55.5747848],[37.6917887,55.5764074],[37.6925643,55.5771246],[37.7159981,55.5858934],[37.7245037,55.5893131],[37.7170434,55.5957187],[37.71492,55.5967246],[37.7144662,55.5965367],[37.7125135,55.5968277],[37.710636,55.5977067],[37.70987,55.5978239],[37.7096253,55.5982408],[37.7090856,55.5980264],[37.7075069,55.5983525],[37.7049054,55.598308],[37.7034403,55.5991233],[37.7025746,55.5991531],[37.7016727,55.5998287],[37.7018008,55.6007132],[37.7002315,55.6017183],[37.7003509,55.6020303],[37.7001391,55.6021922],[37.6993599,55.6020315],[37.6963559,55.6028263],[37.6961789,55.6037104],[37.6956049,55.6038741],[37.6956907,55.6041195],[37.6934619,55.6047825],[37.6918314,55.6055919],[37.6918715,55.6062606],[37.6913258,55.6070776],[37.6905701,55.6069768],[37.6905493,55.6072246],[37.6894985,55.6072017],[37.6886674,55.6075818],[37.6874303,55.6074423],[37.6869431,55.6078826],[37.6865524,55.6077937],[37.6845546,55.6088419],[37.680531,55.610099],[37.6798849,55.6116928],[37.6778832,55.6142494],[37.678128,55.6158149],[37.6777359,55.6178977],[37.6778538,55.6182163],[37.6792301,55.6192908],[37.6797495,55.6206725],[37.6803441,55.6214551],[37.6801071,55.6216764],[37.6766706,55.6219947],[37.6756289,55.6218417],[37.6749339,55.6214793],[37.6730482,55.619692],[37.6724234,55.6195293],[37.6713878,55.6199826],[37.6682007,55.6178775],[37.6639971,55.616359],[37.6601927,55.6153409],[37.6444208,55.6119453],[37.6407213,55.6105027]]]}},{"type":"Feature","bbox":[37.6417219,55.8504254,37.6834915,55.8838541],"properties":{"scope":"district","name":"Бабушкинский","aoName":"Северо-Восточный","unitType":"Муниципальный округ","okato":"45280556","oktmo":"45351000","type":"administrative","category":"boundary","display_name":"Бабушкинский район, Москва, Центральный федеральный округ, Россия","source":"OpenStreetMap / Nominatim","refreshedAt":"2026-09-17"},"geometry":{"type":"Polygon","coordinates":[[[37.6417219,55.865312],[37.6422156,55.8643236],[37.6447417,55.8633366],[37.6463805,55.8612836],[37.6528969,55.8576241],[37.6610309,55.8568476],[37.661901,55.8569507],[37.6641878,55.85522],[37.6705854,55.8511322],[37.6712112,55.8504482],[37.6719431,55.8504254],[37.6725244,55.8535109],[37.6738512,55.8556758],[37.6760435,55.8575876],[37.6818107,55.8615421],[37.6811055,55.8619082],[37.6815801,55.8630982],[37.6834915,55.8643769],[37.6769359,55.8675767],[37.6753153,55.8679693],[37.6760464,55.8707632],[37.6806623,55.8768813],[37.6782722,55.8812364],[37.6753413,55.8831165],[37.6751109,55.8836915],[37.6739421,55.8838541],[37.6729034,55.8835444],[37.6730745,55.8831609],[37.673728,55.8828729],[37.6719404,55.8821357],[37.6684932,55.8819111],[37.6664258,55.8820256],[37.6650665,55.8823636],[37.6626594,55.8819737],[37.6588094,55.8808009],[37.6574787,55.8798187],[37.6572169,55.8786482],[37.6574259,55.8750189],[37.6584137,55.8743018],[37.6586782,55.873592],[37.6580911,55.8726804],[37.6573616,55.8721658],[37.656201,55.871879],[37.6560797,55.8713578],[37.6516027,55.8703214],[37.6505345,55.8691396],[37.648474,55.8677719],[37.6482863,55.8672998],[37.648998,55.8668413],[37.6488306,55.8666706],[37.6476199,55.8665361],[37.6467923,55.8659754],[37.6451631,55.8654802],[37.6417219,55.865312]]]}},{"type":"Feature","bbox":[37.6606903,55.6974223,37.7002664,55.7316354],"properties":{"scope":"district","name":"Южнопортовый","aoName":"Юго-Восточный","unitType":"Муниципальный округ","okato":"45290594","oktmo":"45396000","type":"administrative","category":"boundary","display_name":"Южнопортовый район, Москва, Центральный федеральный округ, Россия","source":"OpenStreetMap / Nominatim","refreshedAt":"2026-09-17"},"geometry":{"type":"Polygon","coordinates":[[[37.6606903,55.7307034],[37.6627185,55.7276605],[37.6635975,55.7252212],[37.6636775,55.718132],[37.667811,55.7052824],[37.6672891,55.7007415],[37.6709548,55.7005007],[37.6729338,55.6996769],[37.6744855,55.6985085],[37.6790113,55.6981917],[37.6842701,55.6974223],[37.6869601,55.700175],[37.6911869,55.7059617],[37.6905678,55.7063589],[37.6862771,55.7061783],[37.6816946,55.711273],[37.6790775,55.7147847],[37.7002664,55.7207102],[37.6973299,55.7219641],[37.6789183,55.7282645],[37.6777335,55.7273551],[37.6705808,55.7258255],[37.6674635,55.7308639],[37.6662402,55.7315357],[37.6644263,55.7314673],[37.6606903,55.7307034]]]}},{"type":"Feature","bbox":[37.663447,55.8383359,37.7347837,55.8859102],"properties":{"scope":"district","name":"Ярославский","aoName":"Северо-Восточный","unitType":"Муниципальный округ","okato":"45280597","oktmo":"45365000","type":"administrative","category":"boundary","display_name":"Ярославский район, Москва, Центральный федеральный округ, Россия","source":"OpenStreetMap / Nominatim","refreshedAt":"2026-09-17"},"geometry":{"type":"Polygon","coordinates":[[[37.663447,55.8408247],[37.6702104,55.8387396],[37.6721513,55.8384431],[37.6746471,55.8384076],[37.6768981,55.8390943],[37.6782686,55.8403445],[37.6784553,55.8410173],[37.6783464,55.8418159],[37.6802576,55.8424748],[37.6903183,55.8480056],[37.690215,55.8481906],[37.6922264,55.8503067],[37.6899704,55.8512231],[37.6922843,55.8529088],[37.6867679,55.8545129],[37.6867899,55.8547734],[37.6878597,55.8554916],[37.6886034,55.8552849],[37.6894096,55.8559566],[37.690243,55.8558958],[37.6907472,55.8561774],[37.6925215,55.8561333],[37.6931332,55.8557966],[37.6924303,55.8553303],[37.6947455,55.8533753],[37.6937646,55.8520726],[37.6968229,55.8481609],[37.7035867,55.8487733],[37.7056434,55.8479445],[37.7107057,55.8473926],[37.7125031,55.8475275],[37.7140751,55.8469149],[37.7171278,55.8490573],[37.7193496,55.8500088],[37.7201692,55.8505716],[37.719405,55.8514226],[37.721005,55.8522056],[37.7216393,55.8529241],[37.7180173,55.8606073],[37.7094382,55.8609111],[37.7091864,55.8629558],[37.7068126,55.8644903],[37.7079241,55.8653369],[37.7076994,55.8655185],[37.7158133,55.8701542],[37.719672,55.8736992],[37.7210651,55.8732066],[37.7218128,55.873875],[37.7242557,55.873008],[37.7265802,55.8737556],[37.7279265,55.8739005],[37.7290472,55.874647],[37.7318197,55.8749452],[37.7310769,55.875716],[37.7310102,55.8768929],[37.7328953,55.8780489],[37.7337763,55.877913],[37.7347837,55.8784053],[37.730375,55.8806067],[37.7297017,55.8810572],[37.7294495,55.8815687],[37.7292909,55.8820464],[37.7296648,55.8830907],[37.7303817,55.8840119],[37.7320995,55.8853158],[37.7315551,55.8856186],[37.7275238,55.8839511],[37.7243624,55.8838019],[37.7197072,55.8859102],[37.7145266,55.8823701],[37.6868087,55.8648392],[37.6793981,55.8599931],[37.6741872,55.8560316],[37.6725244,55.8535109],[37.6714545,55.8468087],[37.663447,55.8408247]]]}},{"type":"Feature","bbox":[37.6715218,55.6438288,37.734906,55.7235362],"properties":{"scope":"district","name":"Печатники","aoName":"Юго-Восточный","unitType":"Муниципальный округ","okato":"45290582","oktmo":"45393000","type":"administrative","category":"boundary","display_name":"район Печатники, Москва, Центральный федеральный округ, Россия","source":"OpenStreetMap / Nominatim","refreshedAt":"2026-09-17"},"geometry":{"type":"Polygon","coordinates":[[[37.6715218,55.6557793],[37.6716505,55.6543508],[37.6725947,55.6532128],[37.6745688,55.65176],[37.6780449,55.649944],[37.6889454,55.6452218],[37.6929061,55.6438288],[37.6951732,55.6458388],[37.6993295,55.6482306],[37.7221103,55.6651326],[37.7252036,55.6689559],[37.7312646,55.6795086],[37.7330161,55.6836155],[37.7344281,55.6861856],[37.734893,55.6874275],[37.7348795,55.6882069],[37.7341786,55.6905766],[37.7325765,55.6923785],[37.7316163,55.6939762],[37.7313125,55.6951225],[37.7300937,55.7012461],[37.7293204,55.709787],[37.7288973,55.7112435],[37.7263897,55.7141853],[37.7150397,55.7235362],[37.7022453,55.7197385],[37.7000288,55.7207445],[37.6790775,55.7147847],[37.6816946,55.711273],[37.6862771,55.7061783],[37.6905678,55.7063589],[37.6911722,55.7060718],[37.6869601,55.700175],[37.6842701,55.6974223],[37.6947839,55.6953506],[37.7075727,55.6932705],[37.7121217,55.6884568],[37.7123792,55.6846586],[37.71195,55.6813198],[37.7047617,55.6773626],[37.7003414,55.6758865],[37.6907475,55.6732397],[37.6893415,55.6727019],[37.6874025,55.6711564],[37.6824243,55.6706239],[37.6750428,55.6676469],[37.6732404,55.6651055],[37.6723821,55.6619828],[37.6715218,55.6557793]]]}},{"type":"Feature","bbox":[37.6702104,55.8013426,37.7459305,55.8387396],"properties":{"scope":"district","name":"Богородское","aoName":"Восточный","unitType":"Муниципальный округ","okato":"45263552","oktmo":"45301000","type":"administrative","category":"boundary","display_name":"район Богородское, Москва, Центральный федеральный округ, Россия","source":"OpenStreetMap / Nominatim","refreshedAt":"2026-09-17"},"geometry":{"type":"Polygon","coordinates":[[[37.6702104,55.8387396],[37.6715749,55.8290255],[37.6715201,55.8273626],[37.6706941,55.8243936],[37.6719165,55.8235167],[37.6727419,55.8223728],[37.6745344,55.8212515],[37.674908,55.8204947],[37.6774629,55.8190546],[37.6784313,55.818849],[37.6794303,55.8182302],[37.6820449,55.8180332],[37.6854385,55.816857],[37.6867142,55.8168263],[37.687575,55.8171194],[37.6878233,55.8169134],[37.6853915,55.8159192],[37.6851663,55.8154957],[37.6932468,55.8106118],[37.6953203,55.8117121],[37.6947862,55.8111842],[37.6948191,55.8109421],[37.6958904,55.8107221],[37.6972403,55.8107891],[37.6988067,55.8100902],[37.7000492,55.8099181],[37.7002953,55.8096015],[37.700413,55.8082823],[37.7013864,55.8076502],[37.7018062,55.8070202],[37.7018891,55.8058665],[37.7016941,55.8053359],[37.699319,55.8024908],[37.6988032,55.8013426],[37.7076755,55.803656],[37.7087511,55.8028938],[37.7116423,55.8043515],[37.7240882,55.806516],[37.729849,55.8098175],[37.7318335,55.8087783],[37.732352,55.8089993],[37.7459289,55.80903],[37.7459305,55.8103596],[37.7451291,55.8118195],[37.7428123,55.8141203],[37.7347562,55.8182222],[37.6899839,55.8335274],[37.6702104,55.8387396]]]}},{"type":"Feature","bbox":[37.6702104,55.80903,37.784858,55.8784053],"properties":{"scope":"district","name":"Метрогородок","aoName":"Восточный","unitType":"Муниципальный округ","okato":"45263581","oktmo":"45311000","type":"administrative","category":"boundary","display_name":"район Метрогородок, Москва, Центральный федеральный округ, Россия","source":"OpenStreetMap / Nominatim","refreshedAt":"2026-09-17"},"geometry":{"type":"Polygon","coordinates":[[[37.6702104,55.8387396],[37.6899839,55.8335274],[37.7347562,55.8182222],[37.7428123,55.8141203],[37.7451291,55.8118195],[37.7459305,55.8103596],[37.7459289,55.80903],[37.7465545,55.8101636],[37.7473809,55.8107265],[37.755151,55.8132445],[37.7617301,55.8159287],[37.7658834,55.8179342],[37.7832195,55.8216738],[37.7826786,55.822519],[37.784858,55.8225041],[37.7847449,55.8246153],[37.781424,55.8247617],[37.7806199,55.830523],[37.7802658,55.8314961],[37.7803292,55.8326519],[37.778869,55.8433377],[37.7777195,55.8552171],[37.7774058,55.8564419],[37.7347837,55.8784053],[37.7337763,55.877913],[37.7328953,55.8780489],[37.7310102,55.8768929],[37.7310769,55.875716],[37.7318197,55.8749452],[37.7290472,55.874647],[37.7279265,55.8739005],[37.7265802,55.8737556],[37.7242557,55.873008],[37.7218128,55.873875],[37.7210651,55.8732066],[37.719672,55.8736992],[37.7158133,55.8701542],[37.7076994,55.8655185],[37.7079241,55.8653369],[37.7068126,55.8644903],[37.7091864,55.8629558],[37.7094382,55.8609111],[37.7180173,55.8606073],[37.7216393,55.8529241],[37.721005,55.8522056],[37.719405,55.8514226],[37.7201692,55.8505716],[37.7193496,55.8500088],[37.7171278,55.8490573],[37.7140751,55.8469149],[37.7125031,55.8475275],[37.7107057,55.8473926],[37.7056434,55.8479445],[37.7035867,55.8487733],[37.6968229,55.8481609],[37.6937646,55.8520726],[37.6947455,55.8533753],[37.6924303,55.8553303],[37.6931332,55.8557966],[37.6925215,55.8561333],[37.6894096,55.8559566],[37.6886034,55.8552849],[37.6878597,55.8554916],[37.6867899,55.8547734],[37.6867679,55.8545129],[37.6922843,55.8529088],[37.6899704,55.8512231],[37.6922264,55.8503067],[37.690215,55.8481906],[37.6903183,55.8480056],[37.6802576,55.8424748],[37.6783464,55.8418159],[37.6784553,55.8410173],[37.6781648,55.8401721],[37.6773835,55.8393897],[37.6763165,55.8388216],[37.6735686,55.8383359],[37.6702104,55.8387396]]]}},{"type":"Feature","bbox":[37.6703968,55.7333629,37.7367139,55.7753027],"properties":{"scope":"district","name":"Лефортово","aoName":"Юго-Восточный","unitType":"Муниципальный округ","okato":"45290564","oktmo":"45388000","type":"administrative","category":"boundary","display_name":"район Лефортово, Москва, Центральный федеральный округ, Россия","source":"OpenStreetMap / Nominatim","refreshedAt":"2026-09-17"},"geometry":{"type":"Polygon","coordinates":[[[37.6703968,55.7576028],[37.6709121,55.7574281],[37.672941,55.7540014],[37.6730606,55.7534343],[37.6725497,55.7523878],[37.6705308,55.7507488],[37.6731061,55.7500502],[37.6806622,55.74875],[37.6832039,55.7480005],[37.689943,55.7449982],[37.6952841,55.7423198],[37.6970804,55.7407909],[37.6979194,55.7395896],[37.6965835,55.7423919],[37.7006047,55.7424387],[37.7008301,55.744126],[37.7114678,55.7432667],[37.7132166,55.7393669],[37.715262,55.7368666],[37.7177129,55.7352062],[37.721886,55.7340228],[37.7289917,55.7333629],[37.7311251,55.7367803],[37.7337375,55.7400223],[37.7359721,55.744867],[37.7367139,55.7459458],[37.7236328,55.7495155],[37.7205725,55.7511608],[37.7187188,55.7529423],[37.7177565,55.7549601],[37.7177132,55.7564833],[37.7181798,55.7580182],[37.7206319,55.7624647],[37.7207817,55.7658833],[37.7200863,55.7671338],[37.7173674,55.7701455],[37.7136135,55.7753027],[37.7045926,55.7707272],[37.7025185,55.770029],[37.6972239,55.7668218],[37.6921989,55.7694899],[37.6890397,55.7677739],[37.6858452,55.7639835],[37.6858386,55.7620447],[37.6841593,55.7602741],[37.682588,55.7595356],[37.6802155,55.7590725],[37.6730154,55.7593289],[37.6712776,55.758803],[37.6707731,55.7583782],[37.6703968,55.7576028]]]}},{"type":"Feature","bbox":[37.6712853,55.6056666,37.7303698,55.6367231],"properties":{"scope":"district","name":"Орехово-Борисово Северное","aoName":"Южный","unitType":"Муниципальный округ","okato":"45296577","oktmo":"45921000","type":"administrative","category":"boundary","display_name":"район Орехово-Борисово Северное, Москва, Центральный федеральный округ, Россия","source":"OpenStreetMap / Nominatim","refreshedAt":"2026-09-17"},"geometry":{"type":"Polygon","coordinates":[[[37.6712853,55.6200284],[37.6724234,55.6195293],[37.6730482,55.619692],[37.6750147,55.6215441],[37.6759672,55.621924],[37.6801071,55.6216764],[37.6803441,55.6214551],[37.6797495,55.6206725],[37.6792301,55.6192908],[37.6778538,55.6182163],[37.6777359,55.6178977],[37.678128,55.6158149],[37.6778832,55.6142494],[37.6798849,55.6116928],[37.680531,55.610099],[37.6845546,55.6088419],[37.6865524,55.6077937],[37.6869431,55.6078826],[37.6874303,55.6074423],[37.6886674,55.6075818],[37.6894985,55.6072017],[37.6905493,55.6072246],[37.6905701,55.6069768],[37.6918851,55.6069887],[37.6925288,55.6061766],[37.6935481,55.6057524],[37.6954673,55.6057166],[37.695809,55.6058734],[37.6955401,55.6062595],[37.697501,55.6064937],[37.6971952,55.6067909],[37.6972348,55.6072993],[37.6974777,55.6074419],[37.698014,55.6072263],[37.6991371,55.6079533],[37.699774,55.6074749],[37.7037659,55.6087209],[37.7303698,55.6130151],[37.7284,55.6170293],[37.7278346,55.6189584],[37.7276771,55.6205268],[37.727839,55.6242989],[37.7286838,55.6245985],[37.7287641,55.6257252],[37.7274859,55.6259615],[37.7273466,55.6269613],[37.7287094,55.6292318],[37.7290531,55.629573],[37.7295929,55.6295244],[37.729663,55.6305066],[37.7283728,55.630865],[37.7158954,55.6312037],[37.7095002,55.6309428],[37.7073453,55.6307468],[37.7044241,55.6297835],[37.6960923,55.6289787],[37.693637,55.6279496],[37.6904024,55.6280519],[37.6897805,55.6284648],[37.689662,55.6289624],[37.6899768,55.631868],[37.6893416,55.6333564],[37.6893926,55.6336546],[37.6904288,55.6340975],[37.6885917,55.6351112],[37.6880385,55.6362909],[37.6875565,55.6367231],[37.6870691,55.6366408],[37.6852104,55.6314621],[37.6840472,55.6300221],[37.6756685,55.6231679],[37.6712853,55.6200284]]]}},{"type":"Feature","bbox":[37.6751109,55.8615421,37.7197072,55.8951999],"properties":{"scope":"district","name":"Лосиноостровский","aoName":"Северо-Восточный","unitType":"Муниципальный округ","okato":"45280565","oktmo":"45355000","type":"administrative","category":"boundary","display_name":"Лосиноостровский район, Москва, Центральный федеральный округ, Россия","source":"OpenStreetMap / Nominatim","refreshedAt":"2026-09-17"},"geometry":{"type":"Polygon","coordinates":[[[37.6751109,55.8836915],[37.6753413,55.8831165],[37.6783985,55.8810911],[37.6806623,55.8768813],[37.6760464,55.8707632],[37.6753153,55.8679693],[37.6769359,55.8675767],[37.6834915,55.8643769],[37.6815801,55.8630982],[37.6811055,55.8619082],[37.6818107,55.8615421],[37.7145266,55.8823701],[37.7197072,55.8859102],[37.7075818,55.8917661],[37.7075862,55.8921464],[37.7071883,55.8923311],[37.7064346,55.8922584],[37.7030517,55.8934116],[37.6987201,55.894336],[37.694288,55.8948748],[37.6851245,55.8951999],[37.6852588,55.8940634],[37.6849756,55.8917584],[37.6842814,55.8905777],[37.6819036,55.887967],[37.6816601,55.8875174],[37.6817168,55.8864236],[37.6811936,55.8857423],[37.6782185,55.8832515],[37.6767325,55.8830941],[37.6751109,55.8836915]]]}},{"type":"Feature","bbox":[37.6804055,55.7197385,37.767519,55.7459458],"properties":{"scope":"district","name":"Нижегородский","aoName":"Юго-Восточный","unitType":"Муниципальный округ","okato":"45290578","oktmo":"45392000","type":"administrative","category":"boundary","display_name":"Нижегородский район, Москва, Центральный федеральный округ, Россия","source":"OpenStreetMap / Nominatim","refreshedAt":"2026-09-17"},"geometry":{"type":"Polygon","coordinates":[[[37.6804055,55.7284116],[37.6805828,55.7276832],[37.6973299,55.7219641],[37.7022453,55.7197385],[37.7150397,55.7235362],[37.7171026,55.7217364],[37.7553475,55.7285998],[37.757833,55.7293371],[37.7595533,55.7302727],[37.7612615,55.7318061],[37.7619153,55.733177],[37.767519,55.7341543],[37.7612923,55.7369941],[37.7527664,55.7382581],[37.74935,55.7391567],[37.7467226,55.7403678],[37.7430994,55.7431779],[37.7410175,55.7444517],[37.7367139,55.7459458],[37.7359721,55.744867],[37.7337375,55.7400223],[37.7311251,55.7367803],[37.7289917,55.7333629],[37.721886,55.7340228],[37.7185706,55.734876],[37.7167247,55.7357526],[37.715262,55.7368666],[37.7137585,55.7385088],[37.7114678,55.7432667],[37.7008301,55.744126],[37.7006047,55.7424387],[37.6965835,55.7423919],[37.6998353,55.7363169],[37.6988622,55.7364362],[37.6982001,55.7352348],[37.6937001,55.7293029],[37.6921577,55.7295403],[37.6881988,55.7317728],[37.6854092,55.7330418],[37.6858384,55.7301132],[37.6840596,55.7300307],[37.6841025,55.7295836],[37.68333,55.7291456],[37.6814418,55.7290399],[37.6815705,55.728472],[37.6804055,55.7284116]]]}},{"type":"Feature","bbox":[37.7196119,55.7341543,37.8087009,55.7680066],"properties":{"scope":"district","name":"Перово","aoName":"Восточный","unitType":"Муниципальный округ","okato":"45263583","oktmo":"45312000","type":"administrative","category":"boundary","display_name":"район Перово, Москва, Центральный федеральный округ, Россия","source":"OpenStreetMap / Nominatim","refreshedAt":"2026-09-17"},"geometry":{"type":"Polygon","coordinates":[[[37.7196119,55.7519793],[37.7218517,55.7503533],[37.7244463,55.7492324],[37.738416,55.7454859],[37.7401818,55.7448321],[37.7430994,55.7431779],[37.7467226,55.7403678],[37.74935,55.7391567],[37.7527664,55.7382581],[37.7612923,55.7369941],[37.767519,55.7341543],[37.7735886,55.7355061],[37.7732108,55.7366962],[37.773531,55.7375791],[37.7745391,55.7384096],[37.776676,55.7385825],[37.7782775,55.7416343],[37.7789608,55.7420944],[37.7793972,55.7429351],[37.7811623,55.7419916],[37.7830463,55.742805],[37.7832473,55.743595],[37.7826209,55.7438813],[37.7832748,55.7453248],[37.7839372,55.7453031],[37.7840401,55.7457884],[37.7878911,55.7455825],[37.7847935,55.7509158],[37.8006609,55.7538853],[37.8056358,55.7533144],[37.8087009,55.7602404],[37.8030031,55.7610814],[37.8005785,55.7608886],[37.7997561,55.7624061],[37.8013713,55.7661514],[37.8012406,55.7680066],[37.7918459,55.7661645],[37.7917387,55.7663307],[37.7786727,55.7661065],[37.7753963,55.7652759],[37.7691693,55.7631962],[37.7689366,55.76397],[37.7640493,55.7621823],[37.7547426,55.7604301],[37.7536978,55.7596111],[37.7542156,55.7587455],[37.7196119,55.7519793]]]}},{"type":"Feature","bbox":[37.6913973,55.5887973,37.7850922,55.6191478],"properties":{"scope":"district","name":"Орехово-Борисово Южное","aoName":"Южный","unitType":"Муниципальный округ","okato":"45296579","oktmo":"45922000","type":"administrative","category":"boundary","display_name":"район Орехово-Борисово Южное, Москва, Центральный федеральный округ, Россия","source":"OpenStreetMap / Nominatim","refreshedAt":"2026-09-17"},"geometry":{"type":"Polygon","coordinates":[[[37.6913973,55.6068514],[37.6919224,55.6060761],[37.6917012,55.6057362],[37.6921419,55.6053345],[37.6956907,55.6041195],[37.6956049,55.6038741],[37.6961789,55.6037104],[37.6963559,55.6028263],[37.6993599,55.6020315],[37.7001391,55.6021922],[37.7003509,55.6020303],[37.7002315,55.6017183],[37.7018008,55.6007132],[37.7016727,55.5998287],[37.7025746,55.5991531],[37.7034403,55.5991233],[37.7049054,55.598308],[37.7075069,55.5983525],[37.7090856,55.5980264],[37.7096253,55.5982408],[37.70987,55.5978239],[37.710636,55.5977067],[37.7125135,55.5968277],[37.7144662,55.5965367],[37.71492,55.5967246],[37.7170434,55.5957187],[37.7245037,55.5893131],[37.7263489,55.5900666],[37.7269732,55.5900823],[37.7304369,55.5896722],[37.7321735,55.5887973],[37.7328042,55.5891672],[37.7320406,55.5899349],[37.7320986,55.5909144],[37.7325459,55.5921338],[37.733529,55.5929779],[37.7538314,55.6015974],[37.7800723,55.6158902],[37.7850922,55.6169801],[37.7835047,55.6171475],[37.7800626,55.6188287],[37.774777,55.6191478],[37.7751049,55.6181622],[37.7739502,55.6175124],[37.7727326,55.6162861],[37.7711637,55.6157687],[37.7620678,55.6140603],[37.7605867,55.6136775],[37.7591557,55.6128481],[37.7542898,55.6117398],[37.7491059,55.6110947],[37.7463964,55.6110625],[37.7426082,55.6115153],[37.7366349,55.6114154],[37.7357911,55.6116545],[37.7313025,55.6112028],[37.7303698,55.6130151],[37.7037659,55.6087209],[37.699774,55.6074749],[37.6991371,55.6079533],[37.698014,55.6072263],[37.6974777,55.6074419],[37.6972348,55.6072993],[37.6971952,55.6067909],[37.697501,55.6064937],[37.6955401,55.6062595],[37.695809,55.6058734],[37.6954673,55.6057166],[37.6935481,55.6057524],[37.6925288,55.6061766],[37.6918851,55.6069887],[37.6913973,55.6068514]]]}},{"type":"Feature","bbox":[37.6929061,55.6394575,37.7879633,55.6688607],"properties":{"scope":"district","name":"Марьино","aoName":"Юго-Восточный","unitType":"Муниципальный округ","okato":"45290572","oktmo":"45390000","type":"administrative","category":"boundary","display_name":"район Марьино, Москва, Центральный федеральный округ, Россия","source":"OpenStreetMap / Nominatim","refreshedAt":"2026-09-17"},"geometry":{"type":"Polygon","coordinates":[[[37.6929061,55.6438288],[37.6994168,55.6421218],[37.7132784,55.6394575],[37.7295024,55.6408925],[37.7453811,55.6398994],[37.7495868,55.640626],[37.766195,55.6454457],[37.7797992,55.6487391],[37.783447,55.6485454],[37.7879633,55.6584981],[37.7822627,55.6636194],[37.7760239,55.6668776],[37.7742588,55.6672344],[37.7712169,55.6675285],[37.7706959,55.6673383],[37.767832,55.6676965],[37.7639101,55.6688607],[37.7590806,55.6675039],[37.7502351,55.6659897],[37.7429791,55.6626841],[37.7401361,55.6617988],[37.7373817,55.6601351],[37.7338773,55.6591936],[37.7273028,55.6564752],[37.7265126,55.656643],[37.7203238,55.660317],[37.7154677,55.6582403],[37.714226,55.6581882],[37.7131287,55.65852],[37.6993295,55.6482306],[37.6954644,55.6460511],[37.6929061,55.6438288]]]}},{"type":"Feature","bbox":[37.767519,55.709776,37.8426838,55.749073],"properties":{"scope":"district","name":"Вешняки","aoName":"Восточный","unitType":"Муниципальный округ","okato":"45263555","oktmo":"45302000","type":"administrative","category":"boundary","display_name":"район Вешняки, Москва, Центральный федеральный округ, Россия","source":"OpenStreetMap / Nominatim","refreshedAt":"2026-09-17"},"geometry":{"type":"Polygon","coordinates":[[[37.767519,55.7341543],[37.7758967,55.7299391],[37.8360239,55.709776],[37.8381905,55.7140094],[37.8386129,55.71552],[37.8416485,55.740493],[37.8420082,55.7472241],[37.8425433,55.7471761],[37.8426838,55.749073],[37.7818849,55.7370032],[37.7698182,55.7348072],[37.767519,55.7341543]]]}},{"type":"Feature","bbox":[37.6985766,55.7827193,37.7461937,55.8098175],"properties":{"scope":"district","name":"Преображенское","aoName":"Восточный","unitType":"Муниципальный округ","okato":"45263594","oktmo":"45316000","type":"administrative","category":"boundary","display_name":"район Преображенское, Москва, Центральный федеральный округ, Россия","source":"OpenStreetMap / Nominatim","refreshedAt":"2026-09-17"},"geometry":{"type":"Polygon","coordinates":[[[37.6985766,55.8004229],[37.6991481,55.7990758],[37.704616,55.7942304],[37.705376,55.7933478],[37.7054964,55.7927954],[37.7048892,55.7919092],[37.6999859,55.7893293],[37.6991318,55.7883665],[37.6986563,55.786753],[37.6992764,55.7827193],[37.7007925,55.7827458],[37.7008831,55.7839368],[37.7020118,55.7845808],[37.7063057,55.7830782],[37.7067911,55.7845068],[37.712054,55.7849879],[37.7118711,55.7855912],[37.7134251,55.7861301],[37.7139668,55.7858348],[37.7142283,55.7851793],[37.7176051,55.785504],[37.7168838,55.7879248],[37.7204543,55.7870024],[37.7259471,55.7879841],[37.7304005,55.7906886],[37.732586,55.7929798],[37.7346717,55.7938532],[37.735899,55.794051],[37.7445056,55.7934888],[37.7461448,55.7985306],[37.7459289,55.80903],[37.732352,55.8089993],[37.7318335,55.8087783],[37.729849,55.8098175],[37.7240882,55.806516],[37.7116423,55.8043515],[37.7087511,55.8028938],[37.7076755,55.803656],[37.6988032,55.8013426],[37.6985766,55.8004229]]]}},{"type":"Feature","bbox":[37.6992764,55.7519793,37.7542156,55.794051],"properties":{"scope":"district","name":"Соколиная Гора","aoName":"Восточный","unitType":"Муниципальный округ","okato":"45263588","oktmo":"45314000","type":"administrative","category":"boundary","display_name":"район Соколиная Гора, Москва, Центральный федеральный округ, Россия","source":"OpenStreetMap / Nominatim","refreshedAt":"2026-09-17"},"geometry":{"type":"Polygon","coordinates":[[[37.6992764,55.7827193],[37.6993516,55.7819726],[37.7018967,55.7817704],[37.7052497,55.7809935],[37.7077419,55.7801608],[37.7099197,55.7788745],[37.7136135,55.7753027],[37.7173674,55.7701455],[37.720389,55.7667332],[37.7208531,55.7654703],[37.7206319,55.7624647],[37.7181798,55.7580182],[37.7176602,55.7559645],[37.7181328,55.7538805],[37.7196119,55.7519793],[37.7542156,55.7587455],[37.7509311,55.7645231],[37.7485658,55.7659353],[37.7480395,55.7700472],[37.7453479,55.7700527],[37.7439144,55.7767189],[37.7429423,55.7877217],[37.7431132,55.7893467],[37.7445056,55.7934888],[37.735899,55.794051],[37.7346717,55.7938532],[37.732586,55.7929798],[37.7304005,55.7906886],[37.7271357,55.7885693],[37.7256289,55.7878744],[37.7204543,55.7870024],[37.7168838,55.7879248],[37.7176051,55.785504],[37.7142283,55.7851793],[37.7139668,55.7858348],[37.7134251,55.7861301],[37.7118711,55.7855912],[37.712054,55.7849879],[37.7067911,55.7845068],[37.7063057,55.7830782],[37.7020118,55.7845808],[37.7008831,55.7839368],[37.7007925,55.7827458],[37.6992764,55.7827193]]]}},{"type":"Feature","bbox":[37.7131287,55.6564752,37.8416266,55.6919342],"properties":{"scope":"district","name":"Люблино","aoName":"Юго-Восточный","unitType":"Муниципальный округ","okato":"45290568","oktmo":"45389000","type":"administrative","category":"boundary","display_name":"район Люблино, Москва, Центральный федеральный округ, Россия","source":"OpenStreetMap / Nominatim","refreshedAt":"2026-09-17"},"geometry":{"type":"Polygon","coordinates":[[[37.7131287,55.65852],[37.714226,55.6581882],[37.7154677,55.6582403],[37.7203238,55.660317],[37.7265126,55.656643],[37.7273028,55.6564752],[37.7338773,55.6591936],[37.7373817,55.6601351],[37.7401361,55.6617988],[37.7429791,55.6626841],[37.7502351,55.6659897],[37.7590806,55.6675039],[37.7639101,55.6688607],[37.767832,55.6676965],[37.7706959,55.6673383],[37.7712169,55.6675285],[37.7742588,55.6672344],[37.7760239,55.6668776],[37.7822627,55.6636194],[37.7879633,55.6584981],[37.7888756,55.6582973],[37.7941161,55.6575734],[37.8232829,55.6570959],[37.8369335,55.6571233],[37.8413901,55.6567029],[37.8416266,55.6578452],[37.840133,55.6582724],[37.8400337,55.6621072],[37.8395998,55.6640071],[37.8345286,55.67789],[37.830383,55.6772759],[37.8267167,55.6792656],[37.8259505,55.6789241],[37.8250236,55.6795105],[37.8235593,55.6787817],[37.8231628,55.6789478],[37.8219979,55.6782862],[37.8180946,55.6803695],[37.8100267,55.6759049],[37.812267,55.6747329],[37.8119607,55.6745584],[37.8098178,55.6757765],[37.8079326,55.6746361],[37.8055758,55.676229],[37.8056734,55.6767499],[37.8054127,55.6769937],[37.8044943,55.6774196],[37.8043913,55.6779374],[37.8053178,55.6802812],[37.8025289,55.6804869],[37.7983293,55.6801875],[37.7935212,55.682877],[37.7925022,55.6831211],[37.7888801,55.6812958],[37.7850256,55.683413],[37.7670435,55.6872487],[37.7646909,55.687874],[37.7641678,55.6884381],[37.7626337,55.6881278],[37.7611915,55.6887409],[37.7607241,55.68974],[37.7611207,55.6905896],[37.760854,55.6910256],[37.7604254,55.6909703],[37.7600933,55.6905231],[37.7590921,55.6904198],[37.7591187,55.6902121],[37.7556934,55.6907633],[37.754249,55.6889585],[37.7460762,55.6903991],[37.7421758,55.6900836],[37.7388492,55.6916183],[37.7330151,55.6919342],[37.7338069,55.6911177],[37.73445,55.6899564],[37.734893,55.6874275],[37.7312646,55.6795086],[37.7266008,55.671302],[37.7252036,55.6689559],[37.7221103,55.6651326],[37.7131287,55.65852]]]}},{"type":"Feature","bbox":[37.7171026,55.6889585,37.756041,55.7251013],"properties":{"scope":"district","name":"Текстильщики","aoName":"Юго-Восточный","unitType":"Муниципальный округ","okato":"45290590","oktmo":"45395000","type":"administrative","category":"boundary","display_name":"район Текстильщики, Москва, Центральный федеральный округ, Россия","source":"OpenStreetMap / Nominatim","refreshedAt":"2026-09-17"},"geometry":{"type":"Polygon","coordinates":[[[37.7171026,55.7217364],[37.7263897,55.7141853],[37.7288973,55.7112435],[37.7293204,55.709787],[37.7304911,55.6988407],[37.7316163,55.6939762],[37.7330151,55.6919342],[37.7388492,55.6916183],[37.7421758,55.6900836],[37.7460762,55.6903991],[37.754249,55.6889585],[37.7560109,55.6912199],[37.7559618,55.6916568],[37.7452325,55.7079288],[37.745303,55.7081271],[37.7478168,55.7077911],[37.7475983,55.7099278],[37.7490007,55.7103029],[37.7425849,55.7206421],[37.7423946,55.7216238],[37.7408802,55.7224304],[37.7394989,55.7242326],[37.7377984,55.7250105],[37.7356579,55.7250641],[37.7171026,55.7217364]]]}},{"type":"Feature","bbox":[37.7271206,55.6166549,37.793561,55.6487391],"properties":{"scope":"district","name":"Братеево","aoName":"Южный","unitType":"Муниципальный округ","okato":"45296557","oktmo":"45913000","type":"administrative","category":"boundary","display_name":"район Братеево, Москва, Центральный федеральный округ, Россия","source":"OpenStreetMap / Nominatim","refreshedAt":"2026-09-17"},"geometry":{"type":"Polygon","coordinates":[[[37.7271206,55.6352984],[37.7272558,55.6342039],[37.7276769,55.6338166],[37.7277089,55.6334171],[37.7292758,55.6326732],[37.7295695,55.6321151],[37.7290994,55.6307643],[37.7294205,55.6307061],[37.7330074,55.6311675],[37.7332316,55.6310882],[37.7331805,55.6308261],[37.7337929,55.6307067],[37.7353398,55.6309983],[37.7363337,55.6307034],[37.7374582,55.6312676],[37.738785,55.6314153],[37.7433933,55.6310803],[37.7452491,55.631208],[37.7457466,55.6308968],[37.7513923,55.6309637],[37.7530544,55.6279089],[37.7544885,55.6265046],[37.7566831,55.6250364],[37.7627433,55.6219431],[37.769989,55.6194],[37.7797139,55.6188993],[37.7810736,55.6184415],[37.7835047,55.6171475],[37.7869299,55.6166549],[37.7871859,55.6169067],[37.7868296,55.6171254],[37.7843611,55.6174671],[37.7838084,55.6177631],[37.7837364,55.618106],[37.793561,55.6229597],[37.7897556,55.6257517],[37.7867086,55.6302582],[37.7850349,55.6332623],[37.7838332,55.6425879],[37.7855069,55.6451066],[37.7853353,55.6473346],[37.783447,55.6485454],[37.7797992,55.6487391],[37.766195,55.6454457],[37.7495868,55.640626],[37.7453811,55.6398994],[37.7295024,55.6408925],[37.7277539,55.6352864],[37.7271206,55.6352984]]]}},{"type":"Feature","bbox":[37.7273466,55.6110625,37.7751049,55.6314312],"properties":{"scope":"district","name":"Зябликово","aoName":"Южный","unitType":"Муниципальный округ","okato":"45296565","oktmo":"45916000","type":"administrative","category":"boundary","display_name":"район Зябликово, Москва, Центральный федеральный округ, Россия","source":"OpenStreetMap / Nominatim","refreshedAt":"2026-09-17"},"geometry":{"type":"Polygon","coordinates":[[[37.7273466,55.6269613],[37.7274859,55.6259615],[37.7287641,55.6257252],[37.7286838,55.6245985],[37.727839,55.6242989],[37.7276887,55.6201857],[37.7280849,55.617933],[37.7288478,55.6159885],[37.7313025,55.6112028],[37.7357911,55.6116545],[37.7366349,55.6114154],[37.7426082,55.6115153],[37.7463964,55.6110625],[37.7491059,55.6110947],[37.7542898,55.6117398],[37.7591557,55.6128481],[37.7605867,55.6136775],[37.7620678,55.6140603],[37.7711637,55.6157687],[37.7727326,55.6162861],[37.7739502,55.6175124],[37.7751049,55.6181622],[37.774777,55.6191478],[37.7712396,55.6192011],[37.76944,55.619537],[37.7627433,55.6219431],[37.7599742,55.6232199],[37.7544885,55.6265046],[37.7528871,55.6281098],[37.7513923,55.6309637],[37.7457466,55.6308968],[37.7452491,55.631208],[37.7424401,55.6311147],[37.7403284,55.6314312],[37.7374582,55.6312676],[37.7363337,55.6307034],[37.7353398,55.6309983],[37.7337929,55.6307067],[37.7331805,55.6308261],[37.7332316,55.6310882],[37.7330074,55.6311675],[37.7290994,55.6307643],[37.729663,55.6305066],[37.7295929,55.6295244],[37.7290531,55.629573],[37.7287094,55.6292318],[37.7273466,55.6269613]]]}},{"type":"Feature","bbox":[37.7356579,55.707374,37.7991182,55.7341543],"properties":{"scope":"district","name":"Рязанский","aoName":"Юго-Восточный","unitType":"Муниципальный округ","okato":"45290586","oktmo":"45394000","type":"administrative","category":"boundary","display_name":"Рязанский район, Москва, Центральный федеральный округ, Россия","source":"OpenStreetMap / Nominatim","refreshedAt":"2026-09-17"},"geometry":{"type":"Polygon","coordinates":[[[37.7356579,55.7250641],[37.7375248,55.72506],[37.7389705,55.7246057],[37.739566,55.7241571],[37.7408802,55.7224304],[37.7423946,55.7216238],[37.7425849,55.7206421],[37.7490007,55.7103029],[37.7743975,55.7168426],[37.7806651,55.7092418],[37.7945449,55.707374],[37.7991182,55.7221056],[37.7758967,55.7299391],[37.767519,55.7341543],[37.7619153,55.733177],[37.7612615,55.7318061],[37.7602782,55.7307868],[37.7584219,55.7296068],[37.7566617,55.728905],[37.7356579,55.7250641]]]}},{"type":"Feature","bbox":[37.7429423,55.7596111,37.8055777,55.8028665],"properties":{"scope":"district","name":"Измайлово","aoName":"Восточный","unitType":"Муниципальный округ","okato":"45263570","oktmo":"45307000","type":"administrative","category":"boundary","display_name":"район Измайлово, Москва, Центральный федеральный округ, Россия","source":"OpenStreetMap / Nominatim","refreshedAt":"2026-09-17"},"geometry":{"type":"Polygon","coordinates":[[[37.7429423,55.7877217],[37.7439144,55.7767189],[37.7453479,55.7700527],[37.7480395,55.7700472],[37.7485658,55.7659353],[37.7509311,55.7645231],[37.7536978,55.7596111],[37.7547426,55.7604301],[37.7640493,55.7621823],[37.7689366,55.76397],[37.7691693,55.7631962],[37.7753963,55.7652759],[37.7786727,55.7661065],[37.7917387,55.7663307],[37.7918459,55.7661645],[37.8013254,55.7680246],[37.8002367,55.7855675],[37.7998869,55.7887345],[37.7994657,55.7896989],[37.7994548,55.7932395],[37.8055777,55.7933444],[37.8051168,55.8028665],[37.7522201,55.802238],[37.7461384,55.8013561],[37.7460435,55.7979813],[37.7432997,55.7899783],[37.7429423,55.7877217]]]}},{"type":"Feature","bbox":[37.7732108,55.7355061,37.8308194,55.7602404],"properties":{"scope":"district","name":"Новогиреево","aoName":"Восточный","unitType":"Муниципальный округ","okato":"45263576","oktmo":"45309000","type":"administrative","category":"boundary","display_name":"район Новогиреево, Москва, Центральный федеральный округ, Россия","source":"OpenStreetMap / Nominatim","refreshedAt":"2026-09-17"},"geometry":{"type":"Polygon","coordinates":[[[37.7732108,55.7366962],[37.7735886,55.7355061],[37.8280834,55.7461576],[37.827627,55.7469509],[37.8293805,55.7485119],[37.8308172,55.7493566],[37.8302505,55.7496301],[37.8237706,55.7506602],[37.8269788,55.757673],[37.8087009,55.7602404],[37.8056358,55.7533144],[37.8006609,55.7538853],[37.7847935,55.7509158],[37.7878911,55.7455825],[37.7840401,55.7457884],[37.7839372,55.7453031],[37.7832748,55.7453248],[37.7826209,55.7438813],[37.7832473,55.743595],[37.7830463,55.742805],[37.7811623,55.7419916],[37.7793972,55.7429351],[37.7789608,55.7420944],[37.7782775,55.7416343],[37.776676,55.7385825],[37.7745391,55.7384096],[37.773531,55.7375791],[37.7732108,55.7366962]]]}},{"type":"Feature","bbox":[37.7452325,55.6801875,37.8056978,55.7168426],"properties":{"scope":"district","name":"Кузьминки","aoName":"Юго-Восточный","unitType":"Муниципальный округ","okato":"45290562","oktmo":"45387000","type":"administrative","category":"boundary","display_name":"район Кузьминки, Москва, Центральный федеральный округ, Россия","source":"OpenStreetMap / Nominatim","refreshedAt":"2026-09-17"},"geometry":{"type":"Polygon","coordinates":[[[37.7452325,55.7079288],[37.7559618,55.6916568],[37.7560367,55.6912976],[37.7556934,55.6907633],[37.7591187,55.6902121],[37.7590921,55.6904198],[37.7600933,55.6905231],[37.7604254,55.6909703],[37.760854,55.6910256],[37.7611207,55.6905896],[37.7607241,55.68974],[37.7611915,55.6887409],[37.7626337,55.6881278],[37.7641678,55.6884381],[37.7646909,55.687874],[37.7670435,55.6872487],[37.7850256,55.683413],[37.7888801,55.6812958],[37.7925022,55.6831211],[37.7935212,55.682877],[37.7983293,55.6801875],[37.8025289,55.6804869],[37.8056978,55.6875887],[37.8053785,55.6876297],[37.8055047,55.687955],[37.8030919,55.6884993],[37.7985774,55.6889831],[37.7957769,55.6884727],[37.7947612,55.6879862],[37.7945234,55.6881432],[37.7937149,55.6879754],[37.7911241,55.6871052],[37.7886463,55.6879845],[37.7876734,55.6886098],[37.7872435,55.6891162],[37.7874699,55.6902683],[37.7872589,55.690481],[37.7893802,55.6903614],[37.7895141,55.6906717],[37.7945449,55.707374],[37.7806651,55.7092418],[37.7743975,55.7168426],[37.7475983,55.7099278],[37.7478168,55.7077911],[37.745303,55.7081271],[37.7452325,55.7079288]]]}},{"type":"Feature","bbox":[37.7459289,55.8013561,37.8435518,55.8564419],"properties":{"scope":"district","name":"Гольяново","aoName":"Восточный","unitType":"Муниципальный округ","okato":"45263564","oktmo":"45305000","type":"administrative","category":"boundary","display_name":"район Гольяново, Москва, Центральный федеральный округ, Россия","source":"OpenStreetMap / Nominatim","refreshedAt":"2026-09-17"},"geometry":{"type":"Polygon","coordinates":[[[37.7459289,55.80903],[37.7461384,55.8013561],[37.7539457,55.8028041],[37.776385,55.8087725],[37.7805676,55.8096152],[37.81176,55.8106461],[37.8294974,55.8129457],[37.8380146,55.8138056],[37.8414608,55.8143206],[37.8435518,55.8149722],[37.8433024,55.8152075],[37.8419914,55.8151816],[37.8391745,55.8162615],[37.8387065,55.8191064],[37.8373695,55.8224896],[37.8343899,55.8259607],[37.8300815,55.829153],[37.8301389,55.8303025],[37.8297437,55.8305581],[37.8273855,55.8305991],[37.7774058,55.8564419],[37.7777195,55.8552171],[37.778869,55.8433377],[37.7803292,55.8326519],[37.7802658,55.8314961],[37.7806199,55.830523],[37.781424,55.8247617],[37.7847449,55.8246153],[37.784858,55.8225041],[37.7826786,55.822519],[37.7832195,55.8216738],[37.7658834,55.8179342],[37.7617301,55.8159287],[37.755151,55.8132445],[37.7473809,55.8107265],[37.7465545,55.8101636],[37.7459289,55.80903]]]}},{"type":"Feature","bbox":[37.7508483,55.8021376,37.8437616,55.8149722],"properties":{"scope":"district","name":"Северное Измайлово","aoName":"Восточный","unitType":"Муниципальный округ","okato":"45263585","oktmo":"45313000","type":"administrative","category":"boundary","display_name":"район Северное Измайлово, Москва, Центральный федеральный округ, Россия","source":"OpenStreetMap / Nominatim","refreshedAt":"2026-09-17"},"geometry":{"type":"Polygon","coordinates":[[[37.7508483,55.8021699],[37.8188585,55.8030549],[37.8404123,55.803686],[37.8397912,55.8117392],[37.8437616,55.8147738],[37.8435518,55.8149722],[37.8414608,55.8143206],[37.8362224,55.8135694],[37.8294974,55.8129457],[37.81176,55.8106461],[37.7805676,55.8096152],[37.776385,55.8087725],[37.7549958,55.8030569],[37.7508483,55.8021699]]]}},{"type":"Feature","bbox":[37.783447,55.6229597,37.8413901,55.6584981],"properties":{"scope":"district","name":"Капотня","aoName":"Юго-Восточный","unitType":"Муниципальный округ","okato":"45290558","oktmo":"45386000","type":"administrative","category":"boundary","display_name":"район Капотня, Москва, Центральный федеральный округ, Россия","source":"OpenStreetMap / Nominatim","refreshedAt":"2026-09-17"},"geometry":{"type":"Polygon","coordinates":[[[37.783447,55.6485454],[37.7853353,55.6473346],[37.7855069,55.6451066],[37.7838332,55.6425879],[37.7850349,55.6332623],[37.7867086,55.6302582],[37.7897556,55.6257517],[37.793561,55.6229597],[37.7958476,55.6242264],[37.8006022,55.6274596],[37.8006474,55.6276939],[37.8074738,55.6319307],[37.8181167,55.6390925],[37.8207199,55.6394263],[37.8217579,55.6390816],[37.8235106,55.6396749],[37.8241523,55.6402352],[37.8241147,55.6405853],[37.8225401,55.6415104],[37.8248319,55.6433907],[37.8348972,55.6500593],[37.8372124,55.6526179],[37.8390998,55.6554662],[37.8411397,55.6551916],[37.8412659,55.6553475],[37.840962,55.6555593],[37.8413901,55.6567029],[37.8369335,55.6571233],[37.8232829,55.6570959],[37.7941161,55.6575734],[37.7879633,55.6584981],[37.783447,55.6485454]]]}},{"type":"Feature","bbox":[37.7871898,55.6745584,37.864792,55.7221056],"properties":{"scope":"district","name":"Выхино-Жулебино","aoName":"Юго-Восточный","unitType":"Муниципальный округ","okato":"45290554","oktmo":"45385000","type":"administrative","category":"boundary","display_name":"район Выхино-Жулебино, Москва, Центральный федеральный округ, Россия","source":"OpenStreetMap / Nominatim","refreshedAt":"2026-09-17"},"geometry":{"type":"Polygon","coordinates":[[[37.7871898,55.689512],[37.7876734,55.6886098],[37.7886463,55.6879845],[37.7911241,55.6871052],[37.7937149,55.6879754],[37.7945234,55.6881432],[37.7947612,55.6879862],[37.7957769,55.6884727],[37.7985774,55.6889831],[37.8016597,55.6887764],[37.8055047,55.687955],[37.8053785,55.6876297],[37.8056978,55.6875887],[37.805451,55.6869238],[37.8025289,55.6804869],[37.8053178,55.6802812],[37.8043913,55.6779374],[37.8044943,55.6774196],[37.8054127,55.6769937],[37.8056734,55.6767499],[37.8055758,55.676229],[37.8079326,55.6746361],[37.8098178,55.6757765],[37.8119607,55.6745584],[37.812267,55.6747329],[37.8100267,55.6759049],[37.8180946,55.6803695],[37.8219979,55.6782862],[37.8231628,55.6789478],[37.8235593,55.6787817],[37.8250236,55.6795105],[37.8259505,55.6789241],[37.8267167,55.6792656],[37.830383,55.6772759],[37.8345286,55.67789],[37.832464,55.6830379],[37.8327674,55.6840322],[37.8333804,55.6843898],[37.8346578,55.6846435],[37.8368553,55.684258],[37.8433949,55.6817314],[37.8568896,55.6757013],[37.8589569,55.6772117],[37.864792,55.6873501],[37.8647451,55.6882644],[37.8600053,55.6910309],[37.8608128,55.6917604],[37.8640933,55.6936883],[37.858739,55.6973656],[37.8561665,55.6987648],[37.858407,55.7001245],[37.8573155,55.7006976],[37.858176,55.7012543],[37.853409,55.7035402],[37.8534354,55.7037885],[37.7991182,55.7221056],[37.7895141,55.6906717],[37.7893802,55.6903614],[37.7872589,55.690481],[37.7874699,55.6902683],[37.7871898,55.689512]]]}},{"type":"Feature","bbox":[37.7900343,55.804208,37.8993365,56.0097028],"properties":{"scope":"district","name":"Восточный","aoName":"Восточный","unitType":"Муниципальный округ","okato":"45263561","oktmo":"45304000","type":"administrative","category":"boundary","display_name":"район Восточный, Москва, Центральный федеральный округ, Россия","source":"OpenStreetMap / Nominatim","refreshedAt":"2026-09-17"},"geometry":{"type":"MultiPolygon","coordinates":[[[[37.7900343,56.0029214],[37.7904761,56.0024768],[37.791633,56.0028753],[37.7921011,56.0024925],[37.7940939,56.0031557],[37.7934895,56.0037267],[37.7928913,56.0038815],[37.7900343,56.0029214]]],[[[37.7912235,56.0072852],[37.7931498,56.0055432],[37.7968376,56.0047609],[37.7973464,56.0054096],[37.7994322,56.0061526],[37.7981439,56.0074434],[37.799,56.0076888],[37.7987068,56.0079388],[37.7989004,56.008244],[37.7984641,56.0087118],[37.7979856,56.0087675],[37.7989795,56.0092752],[37.7985143,56.0097028],[37.7948968,56.0093202],[37.7953186,56.0090242],[37.792958,56.0082536],[37.7931919,56.0080413],[37.7912235,56.0072852]]],[[[37.8453271,55.8135622],[37.849809,55.8104662],[37.8488715,55.8094232],[37.8502374,55.808557],[37.8521852,55.8089604],[37.8561187,55.8066485],[37.8563695,55.8060414],[37.8606871,55.8075406],[37.8600338,55.8084267],[37.8616973,55.8086902],[37.8628232,55.8073119],[37.8632647,55.8074211],[37.8657431,55.804208],[37.8665868,55.8042107],[37.8711986,55.8063292],[37.8700807,55.8077607],[37.8735825,55.8086963],[37.8741278,55.8106937],[37.8773566,55.8114672],[37.8781481,55.8114292],[37.8796416,55.8132673],[37.8794843,55.813472],[37.8798248,55.8142046],[37.8808425,55.8143186],[37.8808318,55.8145808],[37.8830652,55.8162984],[37.8841286,55.8166608],[37.8853211,55.816662],[37.8861402,55.8161663],[37.8868742,55.8165315],[37.8892963,55.8151759],[37.8913971,55.815122],[37.8923994,55.8145736],[37.894541,55.8139399],[37.8967299,55.8139771],[37.898549,55.8143866],[37.8993002,55.8150981],[37.8993112,55.8162911],[37.8985819,55.8174804],[37.8978239,55.817922],[37.8890935,55.8194231],[37.887908,55.8207903],[37.8851643,55.8206244],[37.8842776,55.8199606],[37.8839677,55.8203394],[37.8805382,55.8195135],[37.8789454,55.8198969],[37.8783391,55.8206528],[37.8737977,55.8200036],[37.8722162,55.8225388],[37.8685139,55.8218817],[37.8687155,55.8214989],[37.8600116,55.819398],[37.8594399,55.8194823],[37.8591727,55.8199786],[37.8576463,55.8195971],[37.8581098,55.8187889],[37.8572656,55.8183396],[37.8573206,55.8179111],[37.852883,55.8167206],[37.8453271,55.8135622]]],[[[37.8684899,55.8239272],[37.8689418,55.8228697],[37.8730967,55.8237936],[37.8760016,55.8249027],[37.8756653,55.8253424],[37.8735166,55.8252341],[37.8704604,55.8242706],[37.8684899,55.8239272]]]]}},{"type":"Feature","bbox":[37.7994548,55.7876543,37.8420251,55.803686],"properties":{"scope":"district","name":"Восточное Измайлово","aoName":"Восточный","unitType":"Муниципальный округ","okato":"45263558","oktmo":"45303000","type":"administrative","category":"boundary","display_name":"район Восточное Измайлово, Москва, Центральный федеральный округ, Россия","source":"OpenStreetMap / Nominatim","refreshedAt":"2026-09-17"},"geometry":{"type":"Polygon","coordinates":[[[37.7994548,55.7932395],[37.7994657,55.7896989],[37.799932,55.7882733],[37.8129458,55.7887012],[37.8181157,55.7886247],[37.8187937,55.7888504],[37.8231829,55.788951],[37.8236005,55.7892097],[37.8235357,55.7902185],[37.8299659,55.7893253],[37.8341552,55.7876543],[37.8420251,55.7889634],[37.8404123,55.803686],[37.8290763,55.8032614],[37.8051168,55.8028665],[37.8055777,55.7933444],[37.7994548,55.7932395]]]}},{"type":"Feature","bbox":[37.7997561,55.7461576,37.8506765,55.7902185],"properties":{"scope":"district","name":"Ивановское","aoName":"Восточный","unitType":"Муниципальный округ","okato":"45263567","oktmo":"45306000","type":"administrative","category":"boundary","display_name":"район Ивановское, Москва, Центральный федеральный округ, Россия","source":"OpenStreetMap / Nominatim","refreshedAt":"2026-09-17"},"geometry":{"type":"Polygon","coordinates":[[[37.7997561,55.7624061],[37.8005785,55.7608886],[37.8032288,55.7610616],[37.8269788,55.757673],[37.8237706,55.7506602],[37.8307131,55.7494736],[37.83076,55.7492016],[37.829486,55.748588],[37.827627,55.7469509],[37.8280834,55.7461576],[37.8426838,55.749073],[37.8426552,55.7531421],[37.8432014,55.7618465],[37.8434118,55.7622006],[37.8432587,55.7624028],[37.8434979,55.7669072],[37.8444223,55.7675971],[37.845698,55.768071],[37.8459341,55.7686145],[37.8436249,55.7725573],[37.8434007,55.7747346],[37.8438087,55.7753146],[37.8450368,55.7759795],[37.8457574,55.7770065],[37.8506765,55.7785667],[37.8504731,55.7789036],[37.8500041,55.7789286],[37.8455574,55.7782083],[37.8431377,55.7792395],[37.8420251,55.7889634],[37.8341552,55.7876543],[37.8299659,55.7893253],[37.8235357,55.7902185],[37.8236005,55.7892097],[37.8231829,55.788951],[37.8187937,55.7888504],[37.8181157,55.7886247],[37.8129458,55.7887012],[37.799932,55.7882733],[37.8006694,55.7796255],[37.8013855,55.7663918],[37.7997561,55.7624061]]]}},{"type":"Feature","bbox":[37.8360239,55.6952975,37.9456503,55.7325603],"properties":{"scope":"district","name":"Косино-Ухтомский","aoName":"Восточный","unitType":"Муниципальный округ","okato":"45263573","oktmo":"45308000","type":"administrative","category":"boundary","display_name":"район Косино-Ухтомский, Москва, Центральный федеральный округ, Россия","source":"OpenStreetMap / Nominatim","refreshedAt":"2026-09-17"},"geometry":{"type":"Polygon","coordinates":[[[37.8360239,55.709776],[37.8534354,55.7037885],[37.853409,55.7035402],[37.8587815,55.7009951],[37.8595289,55.7008246],[37.8600534,55.7011368],[37.8715322,55.6952975],[37.8794724,55.7002681],[37.8811401,55.7008616],[37.8805731,55.7011496],[37.882306,55.7024609],[37.8824966,55.7023562],[37.8840147,55.7032255],[37.8869711,55.7052153],[37.8928973,55.7055062],[37.8972438,55.7062547],[37.9054419,55.7069928],[37.9192451,55.7076064],[37.9219165,55.7079613],[37.9247941,55.7111173],[37.9261146,55.7121868],[37.9262538,55.7151497],[37.9280699,55.716159],[37.9365872,55.7162384],[37.9451088,55.7208715],[37.9456503,55.7208385],[37.9445478,55.7215375],[37.9443308,55.7213269],[37.9435793,55.7214497],[37.9433354,55.721914],[37.9426104,55.7220519],[37.9422726,55.7229918],[37.9418102,55.7231702],[37.9406496,55.7245579],[37.9401397,55.7246854],[37.9376829,55.7265337],[37.9376089,55.726887],[37.9342897,55.7278764],[37.9308738,55.729755],[37.9304136,55.7298581],[37.9299636,55.7294527],[37.9285228,55.7293536],[37.9280221,55.7300032],[37.9274801,55.7302268],[37.9265295,55.730542],[37.9251996,55.7305099],[37.9235854,55.7312255],[37.9180394,55.7306219],[37.9169278,55.7283571],[37.9163955,55.72816],[37.9161753,55.7277098],[37.9154673,55.7274679],[37.9150477,55.7269838],[37.9118339,55.7257445],[37.9076519,55.7247981],[37.9077903,55.724506],[37.9055357,55.7245219],[37.9056542,55.7249094],[37.9050507,55.7250997],[37.9028954,55.7253249],[37.9024213,55.7252509],[37.9018232,55.7244186],[37.9001848,55.7243431],[37.8993298,55.7240269],[37.8993176,55.7236191],[37.8923084,55.7231871],[37.8906332,55.722309],[37.8898505,55.7237012],[37.8874435,55.7237686],[37.8854775,55.7241916],[37.8841562,55.7233962],[37.8871291,55.721653],[37.8869204,55.7202606],[37.8861232,55.7195938],[37.8824863,55.7190029],[37.8810045,55.7190992],[37.8765345,55.7204709],[37.8769962,55.7216165],[37.8761077,55.7233852],[37.8724504,55.723377],[37.8702706,55.7265861],[37.8721668,55.7277051],[37.8734123,55.7296476],[37.8715704,55.7308478],[37.8712339,55.7308386],[37.869536,55.7323862],[37.8621875,55.7325603],[37.8613031,55.7305231],[37.8476663,55.7311826],[37.8434212,55.7310324],[37.8404157,55.7304867],[37.8386129,55.71552],[37.8381905,55.7140094],[37.8360239,55.709776]]]}},{"type":"Feature","bbox":[37.8404157,55.7304867,37.8909533,55.7493396],"properties":{"scope":"district","name":"Новокосино","aoName":"Восточный","unitType":"Муниципальный округ","okato":"45263579","oktmo":"45310000","type":"administrative","category":"boundary","display_name":"район Новокосино, Москва, Центральный федеральный округ, Россия","source":"OpenStreetMap / Nominatim","refreshedAt":"2026-09-17"},"geometry":{"type":"Polygon","coordinates":[[[37.8404157,55.7304867],[37.8434212,55.7310324],[37.8476663,55.7311826],[37.8613031,55.7305231],[37.8621875,55.7325603],[37.869536,55.7323862],[37.8688922,55.7329729],[37.865471,55.7331585],[37.864238,55.7347168],[37.8667051,55.7361818],[37.8665394,55.7362964],[37.8684891,55.7372895],[37.8731611,55.7381569],[37.8780087,55.7378695],[37.8801347,55.7422928],[37.8807532,55.7425041],[37.8817499,55.742731],[37.8858291,55.7426129],[37.8900854,55.7416036],[37.8900847,55.7418706],[37.8909533,55.7421946],[37.8900278,55.7436278],[37.8882457,55.7484642],[37.8825409,55.7493396],[37.863233,55.745573],[37.8479957,55.7444999],[37.8457065,55.7448717],[37.8436779,55.745903],[37.8426549,55.7467345],[37.8425433,55.7471761],[37.8420082,55.7472241],[37.8416485,55.740493],[37.8404157,55.7304867]]]}},{"type":"Feature","bbox":[37.9061276,55.673656,37.9674277,55.7208715],"properties":{"scope":"district","name":"Некрасовка","aoName":"Юго-Восточный","unitType":"Муниципальный округ","okato":"45290574","oktmo":"45391000","type":"administrative","category":"boundary","display_name":"район Некрасовка, Москва, Центральный федеральный округ, Россия","source":"OpenStreetMap / Nominatim","refreshedAt":"2026-09-17"},"geometry":{"type":"Polygon","coordinates":[[[37.9061276,55.7062585],[37.9073625,55.7046228],[37.9094353,55.7049351],[37.9114697,55.7047888],[37.9123064,55.7034441],[37.9122367,55.7029951],[37.913525,55.7021999],[37.9134366,55.6978652],[37.9151667,55.6970473],[37.9189383,55.6994252],[37.924743,55.6970422],[37.9266095,55.6982211],[37.9398067,55.6980146],[37.939877,55.696504],[37.9358711,55.696811],[37.9282528,55.6949993],[37.927405,55.6940575],[37.9275831,55.6939798],[37.9231927,55.6892714],[37.9224346,55.6888083],[37.9186031,55.68826],[37.9177251,55.6876942],[37.9172582,55.6862674],[37.9132908,55.6833168],[37.9142673,55.6830077],[37.9137928,55.6816045],[37.9185404,55.680796],[37.9189453,55.6805191],[37.9204717,55.676143],[37.9486257,55.6755023],[37.9496509,55.6751617],[37.9633779,55.673656],[37.9637963,55.6739042],[37.9634687,55.6744245],[37.9617389,55.6751315],[37.9613556,55.6756369],[37.9618771,55.6769603],[37.9618591,55.6777142],[37.9644024,55.6798146],[37.9633796,55.680907],[37.9635879,55.6815758],[37.9630657,55.6823177],[37.9630378,55.6828163],[37.9634911,55.6833513],[37.9635462,55.6841816],[37.9637986,55.6845183],[37.9629849,55.6850358],[37.9628732,55.6856636],[37.9632055,55.6859385],[37.9647713,55.6861743],[37.9632451,55.6865588],[37.9635704,55.6870424],[37.9634548,55.6873656],[37.9611673,55.6880814],[37.9609437,55.6884701],[37.9611844,55.6890271],[37.9591458,55.6895692],[37.9578801,55.6894508],[37.9602039,55.692774],[37.9575785,55.6938492],[37.9563543,55.6927429],[37.9539295,55.692726],[37.9556123,55.6945131],[37.9508767,55.6961866],[37.9497773,55.6952421],[37.9486602,55.6950725],[37.9462308,55.6966727],[37.9450608,55.6968562],[37.9447161,55.6971238],[37.9448393,55.697767],[37.9455387,55.6980898],[37.945237,55.6991227],[37.9463598,55.6995541],[37.9466318,55.7000094],[37.9471254,55.7002776],[37.9494124,55.7000074],[37.9516989,55.7006596],[37.9533496,55.7006091],[37.9531583,55.7012281],[37.9529031,55.7013629],[37.9532962,55.7020756],[37.9542086,55.7027752],[37.9557559,55.7027316],[37.9565075,55.7022066],[37.9560377,55.7011036],[37.9570098,55.7008737],[37.9589259,55.7026134],[37.9582197,55.7029398],[37.9597448,55.7045084],[37.9579107,55.7059401],[37.9543952,55.7069382],[37.9541942,55.7066826],[37.947302,55.7085965],[37.9496668,55.7113411],[37.9530979,55.7112623],[37.964077,55.7093106],[37.9667697,55.7102269],[37.9667063,55.7104986],[37.9598592,55.7140911],[37.9606662,55.7147541],[37.9650216,55.7154398],[37.9673167,55.7160403],[37.9674277,55.716249],[37.9584742,55.7176168],[37.9555126,55.720222],[37.9498234,55.720004],[37.948041,55.7202503],[37.9474751,55.7200604],[37.9451088,55.7208715],[37.9365872,55.7162384],[37.9280699,55.716159],[37.9262538,55.7151497],[37.9261146,55.7121868],[37.9247941,55.7111173],[37.9219165,55.7079613],[37.9192451,55.7076064],[37.9070118,55.7069911],[37.9061276,55.7062585]]]}},{"type":"Feature","bbox":[36.8880788,55.705302,37.4476114,55.8126881],"properties":{"scope":"district","name":"Кунцево","aoName":"Западный","unitType":"Муниципальный округ","okato":"45268562","oktmo":"45320000","type":"administrative","category":"boundary","display_name":"район Кунцево, Москва, Центральный федеральный округ, Россия","source":"OpenStreetMap / Nominatim","refreshedAt":"2026-09-17"},"geometry":{"type":"MultiPolygon","coordinates":[[[[36.8880788,55.7344361],[36.8895754,55.7330266],[36.8924259,55.7333675],[36.8960645,55.7332726],[36.904074,55.7321513],[36.9093029,55.7320917],[36.9141952,55.7328392],[36.9177549,55.7320781],[36.9188421,55.7313956],[36.9189142,55.7310489],[36.9193905,55.7312466],[36.917579,55.7330759],[36.9177111,55.7334413],[36.9208708,55.732897],[36.9218416,55.7338858],[36.9217882,55.734142],[36.9237123,55.7368148],[36.9162379,55.7369018],[36.910926,55.7362016],[36.9107236,55.7362346],[36.9102614,55.7365133],[36.9101237,55.736857],[36.9104673,55.7385651],[36.9067721,55.7386015],[36.9063896,55.7395704],[36.904718,55.7408697],[36.9047674,55.7413271],[36.9075798,55.7414589],[36.9080318,55.7412453],[36.9094437,55.7390942],[36.9105616,55.7385928],[36.9101958,55.7368593],[36.9107647,55.7362825],[36.9162043,55.7369542],[36.9240219,55.7368892],[36.9324985,55.7421195],[36.9340787,55.7435035],[36.937655,55.7539187],[36.9393699,55.7537596],[36.9408181,55.7539135],[36.9410639,55.7543163],[36.9436315,55.7546611],[36.9438108,55.7536499],[36.94566,55.7512278],[36.948236,55.7517362],[36.9486079,55.7511871],[36.9481013,55.75077],[36.9483863,55.7504932],[36.9479688,55.7503205],[36.9484381,55.7500398],[36.9467093,55.7491353],[36.9461216,55.7491337],[36.944602,55.7482261],[36.9458608,55.747483],[36.9448014,55.7469737],[36.9453832,55.7455499],[36.9432126,55.743399],[36.9438571,55.7432325],[36.9426226,55.7420828],[36.941123,55.7423217],[36.9408813,55.7390788],[36.9396924,55.7388605],[36.9360069,55.7395585],[36.9352279,55.7371427],[36.9460306,55.7367582],[36.9468661,55.7358523],[36.9469268,55.7345358],[36.9472745,55.733889],[36.9476722,55.7317613],[36.9619978,55.7327527],[36.9629358,55.7343046],[36.9638787,55.7350955],[36.9636237,55.7354693],[36.9638402,55.7361599],[36.9719209,55.7380879],[36.9763911,55.7384217],[36.975221,55.7392183],[36.9751873,55.7396813],[36.9748891,55.7396001],[36.9748602,55.7398384],[36.9754663,55.7400903],[36.9743208,55.7411057],[36.9775837,55.7421556],[36.9806864,55.739583],[36.9813821,55.7386657],[36.9828107,55.7392104],[36.9832381,55.7387938],[36.9879983,55.739556],[36.9900524,55.739648],[36.9905671,55.7399161],[36.9891432,55.7414516],[36.9901775,55.7418442],[36.9927944,55.7414164],[36.9940932,55.7405823],[36.9925202,55.7398484],[36.9911203,55.7395993],[36.9903988,55.7397184],[36.9899225,55.7393474],[36.988109,55.7393556],[36.9839527,55.7385296],[36.9845541,55.7381884],[36.9856075,55.737032],[36.9895569,55.734738],[36.9901005,55.7350657],[36.9908798,55.7346242],[36.9923999,55.7356209],[36.9918082,55.7359216],[36.9935304,55.7374355],[36.9953439,55.73834],[37.0025452,55.7398403],[37.0056864,55.7396562],[37.005114,55.738015],[37.0031706,55.7351713],[37.0023432,55.7351307],[36.9993559,55.7383563],[36.9965947,55.7366338],[36.9960126,55.7369615],[36.995445,55.736642],[36.9949399,55.7368803],[36.9942712,55.7365282],[36.9954305,55.7359188],[36.9908558,55.7334623],[36.9935544,55.7315609],[36.9856481,55.7273289],[36.9849746,55.7273343],[36.9845128,55.7286888],[36.9839163,55.7295502],[36.9827233,55.7301786],[36.9806645,55.7321126],[36.9803566,55.7327464],[36.9807126,55.7331798],[36.9803951,55.7339977],[36.9797216,55.7347561],[36.9776723,55.7355578],[36.9738432,55.7362565],[36.9706298,55.7363649],[36.9671855,55.7360236],[36.9652517,55.7354494],[36.9632698,55.7337161],[36.9628561,55.7327789],[36.9627503,55.7312458],[36.9620864,55.7299294],[36.9633949,55.7295068],[36.9622211,55.7279574],[36.9625675,55.7277732],[36.9664447,55.7280549],[36.9679937,55.7278057],[36.9722269,55.7257848],[36.9751613,55.7250859],[36.9762966,55.7241539],[36.9773645,55.7241973],[36.977403,55.7235146],[36.9786922,55.7233737],[36.9815688,55.7225447],[36.9846475,55.7209462],[36.9852055,55.7213417],[36.9912379,55.7189466],[36.9951824,55.7188816],[36.9967025,55.7192609],[36.9980591,55.7200196],[36.9989827,55.7210491],[36.9998871,55.7229565],[37.0060733,55.7253243],[37.0067179,55.7247933],[37.0065411,55.7236815],[37.0070581,55.7232026],[37.0093235,55.7229842],[37.0083235,55.7198193],[37.0096637,55.7197005],[37.011378,55.7204515],[37.01214,55.7204247],[37.0119699,55.7202906],[37.0127999,55.7185663],[37.0116706,55.7158647],[37.0147591,55.7162173],[37.0173715,55.7156616],[37.0164191,55.7133891],[37.0152694,55.7114997],[37.0148612,55.7112238],[37.0148396,55.7107633],[37.0197019,55.7107038],[37.0229192,55.7101071],[37.0242523,55.7095857],[37.0234357,55.7090155],[37.0207248,55.7084159],[37.0206459,55.7069193],[37.0159304,55.7070567],[37.0158612,55.7066014],[37.0152353,55.7066014],[37.013521,55.7067854],[37.013521,55.7072952],[37.0094324,55.7074907],[37.0110855,55.7104036],[37.0130244,55.7103538],[37.0132216,55.7121589],[37.0119359,55.7146499],[37.0110243,55.7152286],[37.0078132,55.7147496],[37.0066907,55.7158303],[37.005058,55.715447],[37.0037995,55.7145618],[37.0042348,55.714351],[37.0033505,55.713803],[37.0029763,55.7141632],[36.9989761,55.713186],[36.9991054,55.7124847],[37.000017,55.711561],[37.0003775,55.711515],[37.0009354,55.7119328],[37.0020783,55.7119366],[37.0013258,55.7111267],[37.0033641,55.7107485],[37.0029355,55.7098747],[37.0019422,55.7095834],[37.0020443,55.7080848],[37.0002415,55.7078854],[36.9994115,55.7093074],[36.9975067,55.711059],[36.9979693,55.7113234],[36.997908,55.712477],[36.9961256,55.7120708],[36.9958807,55.7123122],[36.9940099,55.7119979],[36.9937174,55.712316],[36.9920438,55.7120899],[37.0001598,55.707391],[37.0014524,55.7070499],[37.0029219,55.7070039],[37.0023572,55.7062488],[37.003711,55.7060341],[37.0041736,55.7054131],[37.0172354,55.7053671],[37.0174123,55.7065554],[37.0200859,55.7064787],[37.0201063,55.7067931],[37.0344352,55.7066217],[37.0344063,55.7068122],[37.03376,55.7068199],[37.0337804,55.7071993],[37.0350798,55.7071189],[37.0352703,55.7075022],[37.0336647,55.7084489],[37.0333042,55.7090046],[37.0291475,55.7118178],[37.0283176,55.7115572],[37.0284574,55.7110331],[37.0275626,55.7104911],[37.026716,55.7108271],[37.0262926,55.7103176],[37.0270286,55.7099707],[37.0266438,55.7095588],[37.0246619,55.7097268],[37.0251622,55.7104992],[37.0275145,55.7123285],[37.0338403,55.7139869],[37.035394,55.7110656],[37.0367891,55.709762],[37.0379436,55.7091739],[37.0399688,55.7088433],[37.0464822,55.7090709],[37.0523028,55.7093122],[37.0545397,55.7097566],[37.0566082,55.7106862],[37.0583929,55.712052],[37.0591818,55.7134016],[37.0596484,55.7157645],[37.0596388,55.7175692],[37.0601391,55.7188833],[37.0616544,55.7203735],[37.0679025,55.7228781],[37.0788462,55.7154165],[37.0812104,55.7155937],[37.0963994,55.7155826],[37.0964024,55.7162999],[37.1041179,55.7163682],[37.1056197,55.7161339],[37.1058073,55.7157871],[37.1076764,55.7160637],[37.1076668,55.7156382],[37.1130095,55.7161027],[37.1120866,55.7170626],[37.1148678,55.7185934],[37.1167376,55.7199401],[37.1188975,55.7208232],[37.1194844,55.7200132],[37.1230623,55.7212047],[37.1211007,55.7223188],[37.1192901,55.7238615],[37.1262274,55.7269872],[37.1277753,55.7280823],[37.121588,55.7338884],[37.1220161,55.7348608],[37.1169218,55.736586],[37.1164023,55.7375041],[37.1129099,55.7377207],[37.1116255,55.7380078],[37.1120055,55.7384628],[37.1120681,55.738999],[37.1073875,55.7415743],[37.0969672,55.7437903],[37.0930163,55.7434808],[37.0924909,55.7436487],[37.0897839,55.7413193],[37.0858717,55.741638],[37.0847483,55.74016],[37.0841621,55.739168],[37.084327,55.7390383],[37.082448,55.7373766],[37.081503,55.7361524],[37.0796637,55.7357381],[37.0803827,55.7353694],[37.080015,55.7351446],[37.0794847,55.7354089],[37.0807327,55.7338018],[37.082354,55.7325818],[37.0847676,55.7320064],[37.0877789,55.730724],[37.0913412,55.7302886],[37.0943494,55.7287203],[37.0958803,55.7306109],[37.096697,55.7306011],[37.0968781,55.7309173],[37.0961019,55.7309438],[37.0962655,55.73171],[37.0999867,55.7317497],[37.1032833,55.7326267],[37.1050109,55.7324858],[37.1051824,55.7326387],[37.1026168,55.7340754],[37.1028701,55.7342177],[37.1050672,55.7339193],[37.1076652,55.7347674],[37.1102543,55.7332288],[37.1110085,55.7322845],[37.1124987,55.7332171],[37.1158835,55.7361734],[37.1194743,55.734789],[37.1206477,55.7327893],[37.1203158,55.7317722],[37.1159645,55.7287447],[37.1125706,55.7271232],[37.1112407,55.7267132],[37.1081949,55.7263805],[37.104137,55.7264495],[37.103464,55.7259539],[37.1018562,55.7259312],[37.1017724,55.7256202],[37.0969849,55.7261353],[37.0962231,55.7265165],[37.0950375,55.7282274],[37.0938007,55.7282672],[37.093231,55.727867],[37.0897205,55.7277559],[37.0888284,55.7279198],[37.0884741,55.72737],[37.0851969,55.7280204],[37.0809928,55.7280767],[37.079059,55.7284684],[37.075769,55.729851],[37.0737775,55.7301381],[37.0718966,55.7298104],[37.070237,55.7290194],[37.0697223,55.7278654],[37.069299,55.7259854],[37.0693663,55.7242733],[37.0691643,55.7234714],[37.0682754,55.7231292],[37.0680006,55.7233204],[37.0653773,55.7223701],[37.0645853,55.7231905],[37.0548139,55.7236971],[37.0520351,55.7223199],[37.048983,55.7219833],[37.0488262,55.7213876],[37.0542571,55.720357],[37.0532376,55.7187425],[37.0525396,55.7183531],[37.0471438,55.718843],[37.0450206,55.7186598],[37.0423662,55.7194069],[37.0421767,55.7191502],[37.0409758,55.7192852],[37.0409887,55.719548],[37.04219,55.7194428],[37.0427511,55.7202131],[37.0426585,55.7210281],[37.0447642,55.7208031],[37.0465689,55.7212581],[37.0473855,55.7218452],[37.0476795,55.722397],[37.0477575,55.723524],[37.0467747,55.7268231],[37.0446605,55.7281321],[37.043381,55.7285276],[37.0414517,55.7303537],[37.0401433,55.7312151],[37.038907,55.7316322],[37.0359293,55.7321848],[37.0332835,55.7318949],[37.0297623,55.7322119],[37.0272512,55.7335201],[37.0240186,55.7322579],[37.0233049,55.7331091],[37.0248364,55.7337855],[37.0267846,55.7341376],[37.0291177,55.7339643],[37.0219665,55.7349139],[37.0229166,55.7365324],[37.0242715,55.7408832],[37.0238426,55.7429299],[37.0204704,55.7454183],[37.0202347,55.7450013],[37.0163334,55.7462604],[37.0123022,55.7464554],[37.0124514,55.7466503],[37.0101808,55.7463877],[37.0099692,55.74606],[37.0087906,55.7460898],[37.0066403,55.745394],[37.0035761,55.7434173],[37.0037492,55.7433198],[37.003528,55.7429434],[37.0016663,55.7416437],[36.9992755,55.7422746],[36.9991312,55.7424398],[36.999492,55.7431492],[37.0001077,55.7429705],[36.9993958,55.7436096],[37.0006561,55.7436745],[37.0012334,55.7441836],[37.0007667,55.7443813],[37.0009544,55.7449905],[37.0015124,55.7453994],[37.0020704,55.7456512],[37.0025274,55.7453804],[37.0030084,55.745421],[37.0056927,55.7468588],[37.0081556,55.7477279],[37.0060342,55.749596],[37.0045814,55.7485672],[37.0012911,55.7483371],[36.998934,55.747671],[36.9986934,55.747866],[36.9959948,55.7473461],[36.9950134,55.7483046],[36.9926082,55.7491656],[36.9915739,55.7488271],[36.9917856,55.7486864],[36.9926467,55.7490654],[36.9951626,55.74769],[36.993349,55.7469535],[36.9926707,55.745199],[36.9922041,55.7451503],[36.9920502,55.7447089],[36.9882726,55.7449323],[36.9861771,55.7445116],[36.9850081,55.7454836],[36.9873989,55.7464665],[36.9878944,55.7470892],[36.9911174,55.7484322],[36.9899966,55.7493987],[36.989554,55.7487137],[36.9888469,55.7486136],[36.9845415,55.7502597],[36.9873075,55.7517866],[36.986711,55.7528776],[36.9869564,55.7546642],[36.9827135,55.7576446],[36.9840749,55.7581047],[36.9833966,55.7585486],[36.9836419,55.758684],[36.9787545,55.7604866],[36.9757432,55.7583754],[36.974935,55.7572142],[36.9807915,55.7559098],[36.9801621,55.7542061],[36.9776597,55.7515842],[36.9781789,55.7511847],[36.9768203,55.7512216],[36.9718338,55.7521907],[36.9722925,55.7533992],[36.9720134,55.7539217],[36.9717064,55.7524008],[36.9713387,55.7518573],[36.9710645,55.7518464],[36.9703896,55.7495426],[36.9681319,55.7495498],[36.9682773,55.7487923],[36.9669592,55.7474575],[36.9644145,55.7476768],[36.9612877,55.7492769],[36.9612733,55.7494691],[36.9590075,55.7498752],[36.9606094,55.7506549],[36.9581946,55.7512045],[36.9574345,55.751949],[36.9563714,55.7539658],[36.9570319,55.7544218],[36.9576736,55.7556788],[36.9570272,55.7572549],[36.9574009,55.7572683],[36.9569246,55.7582076],[36.9571074,55.7582455],[36.957574,55.757317],[36.95816,55.7574756],[36.9593587,55.755276],[36.9706585,55.7557498],[36.9718082,55.757945],[36.9704276,55.7584268],[36.968056,55.7600373],[36.9332186,55.7544071],[36.9329204,55.7526366],[36.931915,55.7526014],[36.9285044,55.7511747],[36.9210193,55.7465802],[36.9159827,55.7466723],[36.9080791,55.7487516],[36.9077905,55.7473194],[36.9060491,55.7469566],[36.9052217,55.7456136],[36.9047551,55.7453943],[36.9028742,55.7449123],[36.8997474,55.7453672],[36.8985833,55.7418064],[36.8971979,55.7424455],[36.8968708,55.7421693],[36.8992183,55.7410401],[36.9000553,55.7383781],[36.8999879,55.7377037],[36.9005548,55.7351641],[36.8999302,55.7351417],[36.9000938,55.7347273],[36.8998773,55.7346569],[36.8997282,55.7337604],[36.8983105,55.7332947],[36.8936164,55.7338769],[36.8904871,55.7336011],[36.8900381,55.7343595],[36.8893441,55.7340301],[36.8885414,55.7348575],[36.8880788,55.7344361]]],[[[37.290502,55.8019897],[37.2932645,55.7980647],[37.2931684,55.7963971],[37.3023539,55.7986335],[37.3029227,55.8024772],[37.3035641,55.8035588],[37.2977692,55.803354],[37.290502,55.8019897]]],[[[37.3079191,55.7972282],[37.3080428,55.7969743],[37.3091117,55.7971259],[37.3093392,55.7959742],[37.3116774,55.7963949],[37.3114403,55.7967947],[37.3118836,55.7968584],[37.3126617,55.7956909],[37.3137376,55.7959892],[37.3137882,55.7962856],[37.315274,55.7968902],[37.3155449,55.796614],[37.3152007,55.796163],[37.3162922,55.7963769],[37.3167382,55.7957912],[37.319386,55.7966376],[37.3191509,55.7972729],[37.3209466,55.7978523],[37.3240838,55.7971166],[37.3249703,55.7966009],[37.3250064,55.79643],[37.3245271,55.796288],[37.3246147,55.7966965],[37.3231509,55.7970297],[37.3213108,55.7961286],[37.3179918,55.7950271],[37.3170698,55.7950391],[37.3169585,55.7947516],[37.3143887,55.7936861],[37.3164453,55.7927791],[37.3115333,55.7925879],[37.3100592,55.7920866],[37.3112292,55.7912347],[37.3128219,55.7908116],[37.3141156,55.789835],[37.3148423,55.7887628],[37.315399,55.7884035],[37.3154144,55.7882412],[37.3145279,55.7882412],[37.3145898,55.7880644],[37.3128801,55.7877903],[37.310606,55.7844642],[37.3115518,55.7841496],[37.3118433,55.7801654],[37.3131458,55.7797513],[37.3128271,55.7863845],[37.3222352,55.7833587],[37.3283121,55.781108],[37.3270408,55.7795343],[37.3251359,55.7790494],[37.3243366,55.7786025],[37.3234666,55.7777055],[37.3240236,55.7775334],[37.3229729,55.7767335],[37.322415,55.7769447],[37.3153018,55.7746034],[37.3108516,55.7754361],[37.3098117,55.7719721],[37.309291,55.7711009],[37.3084937,55.7705913],[37.3127565,55.769081],[37.3160351,55.7691493],[37.3189369,55.7695065],[37.3207023,55.7668207],[37.3287193,55.7672931],[37.3305401,55.7678458],[37.3322475,55.767984],[37.332412,55.7682964],[37.3323383,55.7686881],[37.3321112,55.768689],[37.3319586,55.7713753],[37.3323016,55.7719341],[37.3366542,55.7711801],[37.3382839,55.7712914],[37.3395161,55.7707177],[37.3392543,55.7705988],[37.3403335,55.7704036],[37.3383438,55.7692766],[37.3398609,55.7690197],[37.3444969,55.7685981],[37.3445145,55.7697565],[37.3470671,55.7695512],[37.3477342,55.7701624],[37.3484687,55.7701745],[37.3486378,55.7707327],[37.3506306,55.7728787],[37.3524395,55.7737624],[37.35239,55.77751],[37.3521939,55.7776802],[37.3524529,55.7778156],[37.3522319,55.7780272],[37.3605084,55.7830987],[37.3604851,55.7834239],[37.3594889,55.7839671],[37.3616346,55.7850581],[37.3705101,55.7880302],[37.3699897,55.7887601],[37.3680103,55.7899212],[37.3606125,55.7916811],[37.3578174,55.7925683],[37.3531093,55.7943681],[37.3486793,55.7964211],[37.3499483,55.7969932],[37.352094,55.797147],[37.3538935,55.798865],[37.3575402,55.8000128],[37.3594884,55.8012546],[37.3590548,55.8023681],[37.3582512,55.8033426],[37.3578356,55.8033099],[37.3494535,55.8064784],[37.3478479,55.8066493],[37.3427758,55.8051114],[37.3361042,55.8020658],[37.3349988,55.8010969],[37.334486,55.7996108],[37.32179,55.8007522],[37.3204547,55.8003742],[37.3195118,55.8005089],[37.3163677,55.7993964],[37.3147699,55.7992573],[37.3143061,55.7981332],[37.3079191,55.7972282]]],[[[37.3652599,55.771728],[37.3667564,55.7709031],[37.3664095,55.7703678],[37.3665267,55.7700084],[37.3686444,55.76869],[37.3686078,55.7669409],[37.3668393,55.7657364],[37.366306,55.7646072],[37.3656124,55.7644124],[37.3657364,55.7642046],[37.367905,55.7641355],[37.3681563,55.763776],[37.367872,55.7630371],[37.368489,55.7625565],[37.3685651,55.7568756],[37.3683119,55.75013],[37.3689477,55.745982],[37.370409,55.7425274],[37.3745176,55.7343246],[37.3739824,55.7325129],[37.3741806,55.7321508],[37.3747956,55.7318736],[37.3757427,55.7318875],[37.3772042,55.7290798],[37.3797597,55.7287091],[37.3819089,55.728704],[37.3872543,55.7297079],[37.3908538,55.7299209],[37.4128741,55.7270669],[37.4476114,55.7269112],[37.445448,55.7319414],[37.444202,55.7335787],[37.4423309,55.7349656],[37.4379546,55.7372586],[37.4396575,55.7384021],[37.4398821,55.7388563],[37.4394908,55.7397079],[37.4332033,55.7426361],[37.4319968,55.7445586],[37.4308635,55.7453218],[37.4314399,55.7457838],[37.4291285,55.7469767],[37.428659,55.7467032],[37.426586,55.7477294],[37.4220752,55.7448262],[37.3818603,55.7642238],[37.3652599,55.771728]]],[[[37.3717466,55.8092419],[37.3729467,55.8087717],[37.3729752,55.8074547],[37.3720858,55.8033929],[37.3735617,55.8029868],[37.3738014,55.8035562],[37.3752774,55.8045172],[37.3758233,55.8043714],[37.3760573,55.8046013],[37.3754202,55.8047682],[37.376167,55.805729],[37.3785716,55.80568],[37.3791232,55.8065438],[37.3778686,55.8069855],[37.3778959,55.8076942],[37.3782805,55.8084428],[37.3786411,55.8083657],[37.3793519,55.8091719],[37.3804959,55.8090228],[37.3806199,55.8093712],[37.3849555,55.8090616],[37.3850513,55.8093072],[37.3807281,55.8096574],[37.3810808,55.8106454],[37.3796746,55.8106902],[37.3801967,55.8113191],[37.3774474,55.8126881],[37.3764306,55.8120872],[37.3738627,55.8125917],[37.3717466,55.8092419]]]]}}]}
