origin_id;destination_id;mode;departure_at;status;duration_seconds;duration_minutes;distance_m;provider_status;request_sha256;response_sha256;fetched_at;cache_hit
LOC-0001;LOC-0001;CAR;2026-08-17T07:00:00+03:00;OK;0;0;0;LOCAL_VALHALLA_MATRIX;3272fefa6f51c7fec57038deb7b767cff06c29401f4b8b243c14ab8bbd74b77c;3d5812abc84c11768aa73a732c85d75dbed439188f5bb3239e9b762ea31d9862;2026-09-23T00:53:28.118606+00:00;false
LOC-0001;LOC-0007;CAR;2026-08-17T07:00:00+03:00;OK;971;17;6379;LOCAL_VALHALLA_MATRIX;2fe7bb030e6994907ff522c35bf82f1d14fcefa8ba4c965cbafcd9dc2bff0954;b00cc9a5300df984f383511a160fbb0641ff65ce099e5f753ac1588417f31170;2026-09-23T00:53:28.118606+00:00;false
LOC-0001;LOC-0014;CAR;2026-08-17T07:00:00+03:00;OK;1527;26;9780;LOCAL_VALHALLA_MATRIX;b59befd0360f6fd36272d0fcb8aaf1c882db57db2aa9aeb238dd23d46e9a84cf;527400391d50ea66fb4e519f053512b3111caf51f2e7dc85b6fea44e2534488c;2026-09-23T00:53:28.118606+00:00;false
LOC-0001;LOC-0015;CAR;2026-08-17T07:00:00+03:00;OK;1250;21;8771;LOCAL_VALHALLA_MATRIX;2ee20e50742c55258c8c1af51fbdf056be50aff2f78f77eeaf08239caabc9316;2eccc947e650a95ad97c4b3cabc1b9b5c4a7af25a97aa25780d86ff9a8d36926;2026-09-23T00:53:28.118606+00:00;false
LOC-0001;LOC-0021;CAR;2026-08-17T07:00:00+03:00;OK;512;9;2760;LOCAL_VALHALLA_MATRIX;9d5efe23a8415945d8feca6527315a68556db66065b7bc91365925283bfe9b2b;34952b3bbdcfc729ab0eecd05cf0e73f80a7934cf936c5315783151085210ace;2026-09-23T00:53:28.118606+00:00;false
LOC-0001;LOC-0022;CAR;2026-08-17T07:00:00+03:00;OK;564;10;2894;LOCAL_VALHALLA_MATRIX;71fbbc9a55315f0fd3816338ce928c19c776af94716825208260717312cbc4ee;dabe513f6e04ff9e284c86f95571f8d84d24b9a37a75f842a64cb2ec9b151baa;2026-09-23T00:53:28.118606+00:00;false
LOC-0001;LOC-0026;CAR;2026-08-17T07:00:00+03:00;OK;929;16;5995;LOCAL_VALHALLA_MATRIX;b35cd0c32ef9afbd58733bbda985c9277a1a7c80d2f876697943fff4fc7bd92b;364e32c1bb0010bdf5d77dadcb0e13628519ba3afcac8b30b94e107adf3ba409;2026-09-23T00:53:28.118606+00:00;false
LOC-0001;LOC-0040;CAR;2026-08-17T07:00:00+03:00;OK;1287;22;9589;LOCAL_VALHALLA_MATRIX;57a0398ae383e7603d9aa69181c03cd0b6f5d347aff98b142887692f053723b0;b920be617778aa285a65605b19ac36f11311c5acbd9d4db448107d196ab2a4f9;2026-09-23T00:53:28.118606+00:00;false
LOC-0001;LOC-0042;CAR;2026-08-17T07:00:00+03:00;OK;1192;20;8046;LOCAL_VALHALLA_MATRIX;2663b83a9d78c438badea46a942bbcdeda79bb3a7dbcdd6f75f79c3d7cae9590;5bdab25ab99147762110ca347ec55d3761cfe88a51734de749fe02694e567e84;2026-09-23T00:53:28.118606+00:00;false
LOC-0001;LOC-0043;CAR;2026-08-17T07:00:00+03:00;OK;670;12;4008;LOCAL_VALHALLA_MATRIX;7f2dbed84242fad932eb9e88e9a3894fe1b45631fd122e2e810bd7033a589e86;17e0fef2786d6a516259210a81a6e69e66f4c8b08cdbc9d7161eb10fa728a3e5;2026-09-23T00:53:28.118606+00:00;false
LOC-0001;LOC-0046;CAR;2026-08-17T07:00:00+03:00;OK;1666;28;10309;LOCAL_VALHALLA_MATRIX;87b8b06b665a36e3139daae6c1755cb696e57866e102dbbf3188ac5fba97e543;c0ec47e53f08633fbee19a166c3118dfe7c6f4ebf7f2a967dbd3894214d73e3c;2026-09-23T00:53:28.118606+00:00;false
LOC-0001;LOC-0052;CAR;2026-08-17T07:00:00+03:00;OK;1579;27;9505;LOCAL_VALHALLA_MATRIX;97ac76ef34d93c6f888b38dc2356befb117ba4ea12f34babfcde9575efa65519;11086829a4e105f9f7cc46c696850466c494ffebee71758fc03288ced64dba67;2026-09-23T00:53:28.118606+00:00;false
LOC-0001;LOC-0055;CAR;2026-08-17T07:00:00+03:00;OK;233;4;1155;LOCAL_VALHALLA_MATRIX;052e777acd268aabcd4c5f909dc9fd14d7e2d84e61b2708549c051d25c6b7806;75f4e6d8c7913d44e45e3a95b9bc6a59d0b9a7bc25317ac9de8146376cd81ec3;2026-09-23T00:53:28.118606+00:00;false
LOC-0001;LOC-0056;CAR;2026-08-17T07:00:00+03:00;OK;229;4;1117;LOCAL_VALHALLA_MATRIX;fca082e8eeac47370e8795f45e62222e1c09fc759ffee4b6a5b85c1cbf53850e;a0fc7f9cf0666f9ffaf2fe72e93b1041493d84b2782b59554a91eb5137a6d16f;2026-09-23T00:53:28.118606+00:00;false
LOC-0001;LOC-0068;CAR;2026-08-17T07:00:00+03:00;OK;1713;29;10806;LOCAL_VALHALLA_MATRIX;004ec81f6a3dc1ad9e794393de383ccb8db49e490b664ad3bfeca8887fbc8217;c9d0631d341b88d8428748c9f7961f485bc53fb498fcd9eec9a7a31884f3b568;2026-09-23T00:53:28.118606+00:00;false
LOC-0001;LOC-0079;CAR;2026-08-17T07:00:00+03:00;OK;746;13;4267;LOCAL_VALHALLA_MATRIX;790cc99c7b85ae49fea32dc46547aa5c2e9c0d749f8aadc73f4714b03de73f94;95f8e5d8368c17dd5a543fcb673cc75ded9c5e2f084400ac2d3c6d45357ff2f8;2026-09-23T00:53:28.118606+00:00;false
LOC-0001;LOC-0084;CAR;2026-08-17T07:00:00+03:00;OK;1103;19;6474;LOCAL_VALHALLA_MATRIX;6de0c476f3c28e7f0a87e917da82811fda86aaa8d7be2461be5f2c9ce61a9d5a;e7ce11987540680ffd90bdc7a294fa0d5b192d640bdac9ad5929cd98ca5ef3f2;2026-09-23T00:53:28.118606+00:00;false
LOC-0001;LOC-0087;CAR;2026-08-17T07:00:00+03:00;OK;587;10;2979;LOCAL_VALHALLA_MATRIX;edf597764a16d813f8508fcd6e5afb42f8e15bb4fb95882f94f919696045518a;d453ab036b95557a0691a957c7c36538c4369e450b4586932a63d068ccd6e668;2026-09-23T00:53:28.118606+00:00;false
LOC-0001;LOC-0105;CAR;2026-08-17T07:00:00+03:00;OK;201;4;993;LOCAL_VALHALLA_MATRIX;54c80602c14debe4777ea33846d408dc426ab2f53c734b2ba9746d039cbdf2a2;1085c7b632a03f87cbc0b41e742077c493a7efb0a89b0babe6e1ed85a811d69f;2026-09-23T00:53:28.118606+00:00;false
LOC-0001;LOC-0108;CAR;2026-08-17T07:00:00+03:00;OK;1371;23;8501;LOCAL_VALHALLA_MATRIX;b433307677117a6c03261f15740d4332bc73d43311f852ebadc19f67371e6e11;0f4453843c9b1a69811826732c8615f37218fad5861fa1dd07a0b9ee6b649437;2026-09-23T00:53:28.118606+00:00;false
LOC-0001;LOC-0109;CAR;2026-08-17T07:00:00+03:00;OK;1012;17;6346;LOCAL_VALHALLA_MATRIX;5116f1bdf1028cf35c7d7a980802a77f7d38ac6f27d7236b5569cd83491150d2;e9b927868edc2d9f8073b4b584051d0427b3d96ae11fc248e2ae63dbcc651a5b;2026-09-23T00:53:28.118606+00:00;false
LOC-0001;LOC-0114;CAR;2026-08-17T07:00:00+03:00;OK;1052;18;6202;LOCAL_VALHALLA_MATRIX;9455312b234fbcbba35cecf3e7a4c034c7aeb28cd6ff982937d1c6524f079e91;a1b386973f233df387a1672bae3492e4b7a4dc951a79474f7659d28b0848d4ac;2026-09-23T00:53:28.118606+00:00;false
LOC-0001;LOC-0116;CAR;2026-08-17T07:00:00+03:00;OK;1367;23;8717;LOCAL_VALHALLA_MATRIX;0454abd08d7f2c16aed59926203f67af8ec5fd394bcd9a995d5bc66339ccaba9;6cac024ff97b1d4154b6fecec5ca11ee0b44e727a3708ab69537a945c92fc640;2026-09-23T00:53:28.118606+00:00;false
LOC-0001;LOC-0117;CAR;2026-08-17T07:00:00+03:00;OK;1416;24;8856;LOCAL_VALHALLA_MATRIX;d040bb186e4d1c477984ac3e1c105865e765f7a1700edffbf8c2c3eb2237d83b;523e192ac9f823001fe3940d41a74b723bd3060db345fe53716a4f11d8bdf6b5;2026-09-23T00:53:28.118606+00:00;false
LOC-0001;LOC-0119;CAR;2026-08-17T07:00:00+03:00;OK;776;13;4795;LOCAL_VALHALLA_MATRIX;a6777eb9c0fbde08045d195b8e4dddd8150e4edea66b62129fc3087e7f79aca3;b5ff6111ca4530a04c65bbe9b92a3528ff628146ad6a08f31879ff351bb99ec5;2026-09-23T00:53:28.118606+00:00;false
LOC-0001;LOC-0120;CAR;2026-08-17T07:00:00+03:00;OK;479;8;2755;LOCAL_VALHALLA_MATRIX;d5ffcc6a763308cfdedfb7d43771ac2abda7b29611fbbcb5d42e49eda1d79bef;8e365c099b17a565398b3d32b6baffc4cd649d5b199617805b88e5d34067fb31;2026-09-23T00:53:28.118606+00:00;false
LOC-0001;LOC-0121;CAR;2026-08-17T07:00:00+03:00;OK;847;15;5458;LOCAL_VALHALLA_MATRIX;8d9fcd0e3a4ee1e3215eb3501d5b7a18187343e8e3544b7150f2286ab0fb4e44;3493ea799248ac1f69f366de00aeeb65be6fc94c7875d3b283e768ab21e39252;2026-09-23T00:53:28.118606+00:00;false
LOC-0001;LOC-0127;CAR;2026-08-17T07:00:00+03:00;OK;1414;24;9726;LOCAL_VALHALLA_MATRIX;2602f5a8955358a4816dad7f5b924accc49f655c016c3472c38ecd04e2499e7f;b737f82a73789513508e8f6580590c3ce993bbc0b2f45346ba2ec35601d8c0e0;2026-09-23T00:53:28.118606+00:00;false
LOC-0001;LOC-0131;CAR;2026-08-17T07:00:00+03:00;OK;1227;21;7724;LOCAL_VALHALLA_MATRIX;77b6602c5ea5dd7808e348dd8d218957270e953ce99a5e6fed5703b878d9a8c6;25cc9243c3b891b681e663f430c4269a00c9861b2efd11ad8f5b533e0bedc0ba;2026-09-23T00:53:28.118606+00:00;false
LOC-0001;LOC-0132;CAR;2026-08-17T07:00:00+03:00;OK;1637;28;10340;LOCAL_VALHALLA_MATRIX;5d46d9f609f82b89c6738db8b93a6c03a47a96edbaebd9a71866ce8e3121ca03;46f1240f30825ab3ae03d8013a008326660a191656906d15b94f901abfab0897;2026-09-23T00:53:28.118606+00:00;false
LOC-0001;LOC-0138;CAR;2026-08-17T07:00:00+03:00;OK;1243;21;8354;LOCAL_VALHALLA_MATRIX;fce7f8206b0fac9d7a97cdc9398ba5e2cb8d974f47fcfbeda40678a9adaa3202;ad4693146cb57ebc234e29c74dd5e0dcc58e536ef7dab7df329e837449142af7;2026-09-23T00:53:28.118606+00:00;false
LOC-0001;LOC-0143;CAR;2026-08-17T07:00:00+03:00;OK;901;16;6186;LOCAL_VALHALLA_MATRIX;a3a7c639d711028661fcdde56a1eceaa1be60c9eddec552f4438c7d8f9cfa6a7;f10fa6f2a52b43fa0a752fd9d15979929af6e26360f5d468a7f1d9c17bef91c9;2026-09-23T00:53:28.118606+00:00;false
LOC-0001;LOC-0144;CAR;2026-08-17T07:00:00+03:00;OK;706;12;4136;LOCAL_VALHALLA_MATRIX;865debe8bdb436aab0fa7b4885dbf922792aaa849c794b8f87adf99537c9c9b4;9d4eb2ebe34c8450e5cc78fe9f885ba031d5a28005ed993b387c2bc4965038a1;2026-09-23T00:53:28.118606+00:00;false
LOC-0001;LOC-0146;CAR;2026-08-17T07:00:00+03:00;OK;161;3;786;LOCAL_VALHALLA_MATRIX;598b1c38652b60cae2db3eba7db548643d4d2073075b4a9a0d49367fbec981b3;2cef5f69a3e171cb5286ecd288cfe47489e622e4fb5cf2c4ece8fb8b8ee01b57;2026-09-23T00:53:28.118606+00:00;false
LOC-0001;LOC-0154;CAR;2026-08-17T07:00:00+03:00;OK;516;9;2671;LOCAL_VALHALLA_MATRIX;83fd83100ebd2099000b117fc07cf11a6625638df947e361d240769352be2242;af0cd4403d1c059d766046b38a2d261a0ec8631d1d9263d50364c0f9ecce34a3;2026-09-23T00:53:28.118606+00:00;false
LOC-0001;LOC-0188;CAR;2026-08-17T07:00:00+03:00;OK;1137;19;7138;LOCAL_VALHALLA_MATRIX;709b4b698d4f6929f467b9caa6bbe4e55c01b132d5974e888e4fa69ddb26b595;f77afb345ca8735990d64f869a7866c68ea58521747296492e6425b60f5f04c5;2026-09-23T00:53:28.118606+00:00;false
LOC-0001;LOC-0191;CAR;2026-08-17T07:00:00+03:00;OK;997;17;6503;LOCAL_VALHALLA_MATRIX;c1dd65c1af48ed7f6de4327dabb16d7b0dca883de8c785a527be9b497e29a8dd;1c6877e9f172869e087aaf0786133c499f9708c004dba9485ddc5f8b7b989a95;2026-09-23T00:53:28.118606+00:00;false
LOC-0001;LOC-0193;CAR;2026-08-17T07:00:00+03:00;OK;1985;34;13233;LOCAL_VALHALLA_MATRIX;6f085c1ea459a274da4e8a8a93a266546e8847f420fbd7b57979950812105857;0128c10ac1d8f14c25de0fcf0a87f5ebf3d0688a10bbfc1c750b8e02fb2f9137;2026-09-23T00:53:28.118606+00:00;false
LOC-0001;LOC-0194;CAR;2026-08-17T07:00:00+03:00;OK;2066;35;13507;LOCAL_VALHALLA_MATRIX;e15177fef8127b461d5f4595007f2771b68468e91de052b948f780315ad45ae5;51591ee4774a54e5c58a92ca295eca79810c0535d4e480704095b233e81670d0;2026-09-23T00:53:28.118606+00:00;false
LOC-0001;LOC-0195;CAR;2026-08-17T07:00:00+03:00;OK;506;9;3045;LOCAL_VALHALLA_MATRIX;6b48170f30db7768cfbc0e929411d407b4f0c53930df3dddafa319c0880b6c28;6401da45f2932fab2b42f1dcc63aa5b090d8631d95cb792e1ea7ed808b4e129b;2026-09-23T00:53:28.118606+00:00;false
LOC-0007;LOC-0001;CAR;2026-08-17T07:00:00+03:00;OK;855;15;5991;LOCAL_VALHALLA_MATRIX;f832c8ae7f7c68913636ca0c6e2049a33ca5c46bc65964aead81c35a07ada3d5;e42ab19142e5fa2899060773343387845d08185addc9abe55a220964393c4980;2026-09-23T00:53:28.118606+00:00;false
LOC-0007;LOC-0007;CAR;2026-08-17T07:00:00+03:00;OK;0;0;0;LOCAL_VALHALLA_MATRIX;886dc495bba823eceeedb2fd7e29b1a027db98fa21f3f84799f6930aef2e080a;3d5812abc84c11768aa73a732c85d75dbed439188f5bb3239e9b762ea31d9862;2026-09-23T00:53:28.118606+00:00;false
LOC-0007;LOC-0014;CAR;2026-08-17T07:00:00+03:00;OK;1879;32;12941;LOCAL_VALHALLA_MATRIX;9c6493fe2c5bf2494248410398473142b2d122223e286d3814b723d057b1567f;1282fedec07e4b4bba368b78511db80136ae20f9dca1ee0392793b3c9a1571a0;2026-09-23T00:53:28.118606+00:00;false
LOC-0007;LOC-0015;CAR;2026-08-17T07:00:00+03:00;OK;1603;27;11932;LOCAL_VALHALLA_MATRIX;a1bbd7f043b3dc9a1a30ecabc8c086f842a1e767d97bd88cc1ef1b497edb539a;1cbdcd952f7d55f66d4906a4916ceac373d66140a98b13bc337fc6bed33c6d75;2026-09-23T00:53:28.118606+00:00;false
LOC-0007;LOC-0021;CAR;2026-08-17T07:00:00+03:00;OK;646;11;3213;LOCAL_VALHALLA_MATRIX;f98708922f495b3769df24a4fcaf8f2e945f727703e90ac5908ca7d003eed193;ffac92932998bc993472cc7e7a7236537ae8671f6416c794b948a46d2c79762c;2026-09-23T00:53:28.118606+00:00;false
LOC-0007;LOC-0022;CAR;2026-08-17T07:00:00+03:00;OK;695;12;4936;LOCAL_VALHALLA_MATRIX;915f2c2ee45e9f2c07b983a5300d01fd0209a7893ba0def56e1e97fe662019ca;f44af988db1c49d2881b6ebb9efc698b86ca96bc49593b45f118e46ec496fab3;2026-09-23T00:53:28.118606+00:00;false
LOC-0007;LOC-0026;CAR;2026-08-17T07:00:00+03:00;OK;642;11;3786;LOCAL_VALHALLA_MATRIX;cd1913510c11e6131fa06c844838a434835f98df288e2ad3df6ba58a965e92f5;226664ac10241fba5d3b749bf4b0a2b0d88b8ab82ab2937d34ab2663be9513fa;2026-09-23T00:53:28.118606+00:00;false
LOC-0007;LOC-0040;CAR;2026-08-17T07:00:00+03:00;OK;435;8;1891;LOCAL_VALHALLA_MATRIX;ee1c557bfa39d22ee83a2eb50addf2882a6cbd8257c8540fbc92a1daef459de1;08f6f586625323fcf86728fc6fd796e23953773720d6bbf931de440dc481c99d;2026-09-23T00:53:28.118606+00:00;false
LOC-0007;LOC-0042;CAR;2026-08-17T07:00:00+03:00;OK;1544;26;11207;LOCAL_VALHALLA_MATRIX;4ae8ae8c4be1ffc8cf0fdd8ba49892ab4ca963e342bef4d0c8e922c3687f7918;79d2b873e9dd028b5a9a94389b9948e99954dc3b3e614203d5dc8f5ad792cfd0;2026-09-23T00:53:28.118606+00:00;false
LOC-0007;LOC-0043;CAR;2026-08-17T07:00:00+03:00;OK;572;10;3904;LOCAL_VALHALLA_MATRIX;5256061d539a123d5a0de47fa252c100df06a236d157215934121d7f9e09b73f;6a4aa85a2c8054fe5e19c8803574d430ae98d66bab520eeb41b19cf11f7b48f7;2026-09-23T00:53:28.118606+00:00;false
LOC-0007;LOC-0046;CAR;2026-08-17T07:00:00+03:00;OK;2055;35;13939;LOCAL_VALHALLA_MATRIX;86fc5fa106c088b66280bef40aefadf590b7211ab4867c85c39e823da4a58266;02b2552b8828ab5c52246e58828398da7cd79d2f021e08843a6b3407ddde1c4c;2026-09-23T00:53:28.118606+00:00;false
LOC-0007;LOC-0052;CAR;2026-08-17T07:00:00+03:00;OK;1968;33;13135;LOCAL_VALHALLA_MATRIX;188354f43a3be134e0baff7ffb38bed06397b1543c48150ffdcd881b8c929d88;5c13a210439f50111adb19fd06901f0352cde9a483e94d6df1ac57491120e4fe;2026-09-23T00:53:28.118606+00:00;false
LOC-0007;LOC-0055;CAR;2026-08-17T07:00:00+03:00;OK;922;16;6415;LOCAL_VALHALLA_MATRIX;f13a678ed0d56b40de188fe076d4d6659b39b9ddde2cb49221c9b21b33e65afe;bb8f836d5eb9d8cddb956f569b5ad3e50faf5de3a3e4ede77c569a9f26ed40ab;2026-09-23T00:53:28.118606+00:00;false
LOC-0007;LOC-0056;CAR;2026-08-17T07:00:00+03:00;OK;1006;17;6673;LOCAL_VALHALLA_MATRIX;288f3388d398d991cd478970f2bffaa894a9a45d4018168c34a1ee3a32242a82;a27416dc793484347a98fc6a64d89efec729d1c7a44f5dd02b697e353b7e4fc1;2026-09-23T00:53:28.118606+00:00;false
LOC-0007;LOC-0068;CAR;2026-08-17T07:00:00+03:00;OK;2103;36;14438;LOCAL_VALHALLA_MATRIX;0a7696767bd533ced5b09f328b4de614664acd28d6f9c3866f060c473f9a2666;beb7ac2a35648a257e3af0d280f39ac25ac0adcea6776da8ddc735065dd840f6;2026-09-23T00:53:28.118606+00:00;false
LOC-0007;LOC-0079;CAR;2026-08-17T07:00:00+03:00;OK;1121;19;7402;LOCAL_VALHALLA_MATRIX;8520a201a835a4bf9c8ed0250e55e4d17623d6f64a86f7776d6c7d8433d9505a;7e5ca83cdc4b699958d5519bde6cf293c59c2a09cb9553371798977a76d93f7a;2026-09-23T00:53:28.118606+00:00;false
LOC-0007;LOC-0084;CAR;2026-08-17T07:00:00+03:00;OK;984;17;5648;LOCAL_VALHALLA_MATRIX;da865b347460016d8845b6fde67d876c779cbb01bf9714315daeb86bb5c7f611;138da01b475f50b92e8f4bba4b02e5f22df45c4074b43267d93c6ce3951624d8;2026-09-23T00:53:28.118606+00:00;false
LOC-0007;LOC-0087;CAR;2026-08-17T07:00:00+03:00;OK;765;13;4828;LOCAL_VALHALLA_MATRIX;d92f49cbfb9866687900177b88968f241919ed9fffd8edf4b7cc647fe394ad6c;977fac389cab061d65ef2f57ab401dd32207b75d3ddced2a8ba7748f10d8d3e7;2026-09-23T00:53:28.118606+00:00;false
LOC-0007;LOC-0105;CAR;2026-08-17T07:00:00+03:00;OK;775;13;5288;LOCAL_VALHALLA_MATRIX;68cdf48077339df4613447a2bba376d454ed5150ee64ae5900950e8e55fd38a8;4eee061ebeecaeaeb11bdcdee2044be7813995025c10d81bd781e058b4dc6970;2026-09-23T00:53:28.118606+00:00;false
LOC-0007;LOC-0108;CAR;2026-08-17T07:00:00+03:00;OK;1675;28;11126;LOCAL_VALHALLA_MATRIX;f63342221cc0dbe6b3b79f1aec933bfcc46bdfe4d8ccc33caf9b3053ac9e3c6a;2a565af95031a642e1365d0b63641826852871acedf77cd1e74214b08f78545b;2026-09-23T00:53:28.118606+00:00;false
LOC-0007;LOC-0109;CAR;2026-08-17T07:00:00+03:00;OK;994;17;5961;LOCAL_VALHALLA_MATRIX;ab3c23a3b4d6b3bd1286a1de78fb0a68ea099c9e6516dad9b6e68fd4a431f252;a2f5777d391d27e69398d64c8a5970ad0c4af4e1a1f5175e4e4861c832df037c;2026-09-23T00:53:28.118606+00:00;false
LOC-0007;LOC-0114;CAR;2026-08-17T07:00:00+03:00;OK;1356;23;8826;LOCAL_VALHALLA_MATRIX;44c0cc556d2584d02a5577e88a07a68c8c474d5c7058ddf47da4998c80ba5403;a70e4f3f94b12f21019112f9df460be1438a61b45cdefbda177cf97ee257b69e;2026-09-23T00:53:28.118606+00:00;false
LOC-0007;LOC-0116;CAR;2026-08-17T07:00:00+03:00;OK;1672;28;11342;LOCAL_VALHALLA_MATRIX;0eeadb0edfa22380c00c4ddca5ee76eab483f42d6822cc10e11ec1e92a107d7f;f92ae88d565a40cbd7d38bc7408e60675fb5c8667be05174da53ce7309a75dd4;2026-09-23T00:53:28.118606+00:00;false
LOC-0007;LOC-0117;CAR;2026-08-17T07:00:00+03:00;OK;1721;29;11481;LOCAL_VALHALLA_MATRIX;92a595a3b31674b4833a9c16eba2c2b016081f3a3134b90a0058b269baf1a01c;540e01227e26dc026b2adb38c3b70e4cb5b5ea8ebf0f398f86a89cf3e6b13a3b;2026-09-23T00:53:28.118606+00:00;false
LOC-0007;LOC-0119;CAR;2026-08-17T07:00:00+03:00;OK;751;13;5089;LOCAL_VALHALLA_MATRIX;48ad967f4de1f99aa9e091c574f00a091192fcf15015d1959fb5a01298393284;e0dfbea35e170b0e8c39cecbfd39eb94b69c0e73224fca2315e1d51380c4b8dc;2026-09-23T00:53:28.118606+00:00;false
LOC-0007;LOC-0120;CAR;2026-08-17T07:00:00+03:00;OK;808;14;5418;LOCAL_VALHALLA_MATRIX;4031610a6aa0058ccaef7d025cf7d22a53c28aa2b30f3e6a921ab3ba1009d307;2389710571d22696a8936a783a03f709eee8eefc073ad2399301c13f4cb08dbb;2026-09-23T00:53:28.118606+00:00;false
LOC-0007;LOC-0121;CAR;2026-08-17T07:00:00+03:00;OK;761;13;4797;LOCAL_VALHALLA_MATRIX;30d5a2538c3ac501404ea507d972b1f0446c04d450a2bc9509b9c742e822adfc;7dd9bc484767f8c970d48d4662baf2a6ad2d92711a9bdafd14385cc1c1b0712d;2026-09-23T00:53:28.118606+00:00;false
LOC-0007;LOC-0127;CAR;2026-08-17T07:00:00+03:00;OK;1766;30;12887;LOCAL_VALHALLA_MATRIX;d40fa849fba0b671e9f731a5ee7423dd9b335c807bd9dd932059d1ced9f80cb4;bcd8adf15437d768ff664461b20ed427674ec558a7123cbba99d06071fa03d2e;2026-09-23T00:53:28.118606+00:00;false
LOC-0007;LOC-0131;CAR;2026-08-17T07:00:00+03:00;OK;1531;26;10348;LOCAL_VALHALLA_MATRIX;27f03b3fe7e1c0b97cd66ecd91bd945ea4eb9d8f6e8a7bbfe755b76a8bc56696;85a96e5f1f77c5e71d0f5c0135b8483662ed9c962dbfa1318a24df279e40e2ac;2026-09-23T00:53:28.118606+00:00;false
LOC-0007;LOC-0132;CAR;2026-08-17T07:00:00+03:00;OK;2026;34;13970;LOCAL_VALHALLA_MATRIX;40947e9cdcb1222b6995d7e660c3470f4552d92dfa7df882506237a51c4df342;e9de000f9d128d6aa38361037ff33785256b295aa53dab9efdd838f94da1da18;2026-09-23T00:53:28.118606+00:00;false
LOC-0007;LOC-0138;CAR;2026-08-17T07:00:00+03:00;OK;1595;27;11515;LOCAL_VALHALLA_MATRIX;dce0ab4685d7133f571a798341c88ee06a1dc7f5ef5f6b2b104994c70ae46a1a;ca2bbef33f30d36b0862d81f2841ffd9c4434fe3c9c960d2cb6e55792005db13;2026-09-23T00:53:28.118606+00:00;false
LOC-0007;LOC-0143;CAR;2026-08-17T07:00:00+03:00;OK;131;3;543;LOCAL_VALHALLA_MATRIX;f4653fcabf8ea3a68705b7bb0ec0d5743ee06439aa866867ce4158262c2600ff;af2cd40694efd10b0ef37e7791692f2f5d72fe9ddc85886f3b7de5c7eb095038;2026-09-23T00:53:28.118606+00:00;false
LOC-0007;LOC-0144;CAR;2026-08-17T07:00:00+03:00;OK;763;13;4921;LOCAL_VALHALLA_MATRIX;24d7fcb2091219a7419d6ec315023ffdeabe951a1bcc414f8093f07bc796e0a3;753d8614904e85ebcdecaff7253e95944b32625129b8fbd6d71389e2cee02680;2026-09-23T00:53:28.118606+00:00;false
LOC-0007;LOC-0146;CAR;2026-08-17T07:00:00+03:00;OK;950;16;6561;LOCAL_VALHALLA_MATRIX;23d24f3d6e31bf2a65299fe36374f5ac86a88c2b12c329e5257aa006737a9574;d435610dc902f813afbb6790fde117d84adad7ac5002cc38e98111de9c5c11bb;2026-09-23T00:53:28.118606+00:00;false
LOC-0007;LOC-0154;CAR;2026-08-17T07:00:00+03:00;OK;765;13;5006;LOCAL_VALHALLA_MATRIX;62f4ff6fc00467bae8cdd2a6e04c6e3cd5c1623b8d82e7f57d4c174279cc3c81;f41660b4a5b4d5573f1dec04bb34de028043b93c965bcbbcb8fafa83ddfc2166;2026-09-23T00:53:28.118606+00:00;false
LOC-0007;LOC-0188;CAR;2026-08-17T07:00:00+03:00;OK;1145;20;7354;LOCAL_VALHALLA_MATRIX;a3a2a59f5b771b15c2fe7a63c7f340bda4c4a5a7010086a3499c053f0ef061f8;0d86c72255e588534fe1ea9586d9b77d48d4048dd9ed2f4e43ce8d4eaee17cf2;2026-09-23T00:53:28.118606+00:00;false
LOC-0007;LOC-0191;CAR;2026-08-17T07:00:00+03:00;OK;268;5;1108;LOCAL_VALHALLA_MATRIX;e58af6d342543a3fe3a4c87cc13f4145d067832b386b0e87e005cf2e147f4090;c0a4448c68727c5a7a0c55d7b8f30a89d678869fdbaaeba617514c395b746257;2026-09-23T00:53:28.118606+00:00;false
LOC-0007;LOC-0193;CAR;2026-08-17T07:00:00+03:00;OK;2267;38;15696;LOCAL_VALHALLA_MATRIX;9e9ada7a5ac33a5f83e7eae5299ef0f8e626afb91f47b8e327f8389a298c511b;02a2c4e774a76c3b1b0909df2a2be5e62672e1721b06b9df78f2d515d7d7ffdc;2026-09-23T00:53:28.118606+00:00;false
LOC-0007;LOC-0194;CAR;2026-08-17T07:00:00+03:00;OK;2419;41;16668;LOCAL_VALHALLA_MATRIX;04c9e5c2c3a0302e09a42eaf4cb4a98a0b411786358dd25a5f9ca66d7648eb94;562c8b3df5e5c8b63c017a9447c439fdd2b1223a8894397b434aec97bd497821;2026-09-23T00:53:28.118606+00:00;false
LOC-0007;LOC-0195;CAR;2026-08-17T07:00:00+03:00;OK;657;11;4570;LOCAL_VALHALLA_MATRIX;fd34155081a503b2d9f89a18cb659054547707f7e5ac849e5405964a11a0b438;502e37e233c43c0b65f62204c521e6cfdaa4dc87a9348956ffa1b18cff0defa1;2026-09-23T00:53:28.118606+00:00;false
LOC-0014;LOC-0001;CAR;2026-08-17T07:00:00+03:00;OK;1382;24;8860;LOCAL_VALHALLA_MATRIX;3738c52c7acee99f51f6775b7015dca2537393abb8935db271e67e6944c9268f;b60e22ae64d217f4bdde7b99847d340925b45109ea1eb8716748592f4bd68c68;2026-09-23T00:53:28.118606+00:00;false
LOC-0014;LOC-0007;CAR;2026-08-17T07:00:00+03:00;OK;1866;32;12260;LOCAL_VALHALLA_MATRIX;4ca4f6bd9a4fd01bae96d0aface43e7eb3d3ff1f94aeb81f8fa10d7e7f555ce1;ea82f4a622f26df0b9d0df48ff38c113bae4b3be24a9c58a42c96d3e52cc7e5e;2026-09-23T00:53:28.118606+00:00;false
LOC-0014;LOC-0014;CAR;2026-08-17T07:00:00+03:00;OK;0;0;0;LOCAL_VALHALLA_MATRIX;913989f72f2985bf0f04c7f8e96efa4749f93da0c10ec85cfb0503800736c947;3d5812abc84c11768aa73a732c85d75dbed439188f5bb3239e9b762ea31d9862;2026-09-23T00:53:28.118606+00:00;false
LOC-0014;LOC-0015;CAR;2026-08-17T07:00:00+03:00;OK;480;8;2418;LOCAL_VALHALLA_MATRIX;108cfd820e8c7a7347b2c9ef61e49f974f64f49198df2776b7af223d1e86d23f;5377bf6f68883bb7125c76706272f9f55019abedd2ac5d534718b1b678736b50;2026-09-23T00:53:28.118606+00:00;false
LOC-0014;LOC-0021;CAR;2026-08-17T07:00:00+03:00;OK;1608;27;10200;LOCAL_VALHALLA_MATRIX;f0046ed96a68e055c6bf9af8cc45a3ae672a85aed778cea8369aa442fea606a1;a0ea75069baac127d39ccbf79709db299cdf11a394da66f81bbf6e3ad0e49adb;2026-09-23T00:53:28.118606+00:00;false
LOC-0014;LOC-0022;CAR;2026-08-17T07:00:00+03:00;OK;1451;25;8548;LOCAL_VALHALLA_MATRIX;70ed3c84ce5cd7d1649606f2109c3d76862010c4570bcf454ca1fff8b6306b32;bb52496e6a63aba1316e4cdeb7996d6f9496d86dd53421fb20df0e80c3ff4f6b;2026-09-23T00:53:28.118606+00:00;false
LOC-0014;LOC-0026;CAR;2026-08-17T07:00:00+03:00;OK;1522;26;9911;LOCAL_VALHALLA_MATRIX;b1e3bd75b21655e16a10cd8f5467abeaaeec1ab89ab7cd5e56d8673905c8a955;eee463aacf56a9c2058b17c325075b81dd5f054e3ecf94081ce9a086d6d51851;2026-09-23T00:53:28.118606+00:00;false
LOC-0014;LOC-0040;CAR;2026-08-17T07:00:00+03:00;OK;2100;35;13415;LOCAL_VALHALLA_MATRIX;03209ad4868d256f0030570bad1440d187be12ce50e65399e3fd7f8da4063e93;d5e4facf934811504b8425b3741f0f488655980382e5bd4eb6d467f16473bd0e;2026-09-23T00:53:28.118606+00:00;false
LOC-0014;LOC-0042;CAR;2026-08-17T07:00:00+03:00;OK;558;10;2669;LOCAL_VALHALLA_MATRIX;e99d1f4bcdf3943e41d1ee0089406121bedc87ee6f653261a29b1876b8fd879b;355f25e6409c0998d193f53b83132549ba337559e56b2c9c5bbe134602d5113a;2026-09-23T00:53:28.118606+00:00;false
LOC-0014;LOC-0043;CAR;2026-08-17T07:00:00+03:00;OK;1378;23;9050;LOCAL_VALHALLA_MATRIX;c74f59921bfae52437d6779f261e0b87b300901f85755f48f9389cab5fa4c154;4e681c4023f3d561739d4aa0453b16f6568bd7e442a64e54b3c377f6fdd3cbe1;2026-09-23T00:53:28.118606+00:00;false
LOC-0014;LOC-0046;CAR;2026-08-17T07:00:00+03:00;OK;999;17;5685;LOCAL_VALHALLA_MATRIX;cf2a2bab397718b0f4bffbebef6c08a3f3f4956626f89bdff18ecac8e55c76bd;f7fb777392f56a72bf705bde3defb8f62067fd264faba8cb7de91f697fcf263d;2026-09-23T00:53:28.118606+00:00;false
LOC-0014;LOC-0052;CAR;2026-08-17T07:00:00+03:00;OK;885;15;4406;LOCAL_VALHALLA_MATRIX;e69768144c4a53848c7635c393b120979307bc7ba17545a09fb946cebfa789c4;0f575de7595354f6bfe2858605c030237d9cf4848656e7a16252f4e7472c740d;2026-09-23T00:53:28.118606+00:00;false
LOC-0014;LOC-0055;CAR;2026-08-17T07:00:00+03:00;OK;1296;22;8131;LOCAL_VALHALLA_MATRIX;ff137334355fa2d4bc1373a402757064d98f07afb7d0a255e017eb888ded5c15;2c7bbd9cff685d162a58d58b723121447d0887352c09a333fc4805a876b9a68d;2026-09-23T00:53:28.118606+00:00;false
LOC-0014;LOC-0056;CAR;2026-08-17T07:00:00+03:00;OK;1350;23;8193;LOCAL_VALHALLA_MATRIX;4670be7740ac3bbf8e184cfe0b00b6c2937bf6ca3317fdadbd3bf8d36775effe;a6682dcb243f61b8afb154f41f9c02ccaa523590cf4a99b097ffe17d3fb90d94;2026-09-23T00:53:28.118606+00:00;false
LOC-0014;LOC-0068;CAR;2026-08-17T07:00:00+03:00;OK;1047;18;6182;LOCAL_VALHALLA_MATRIX;bbc1703afb3e4981ccb8c47bf1baaa8ba9dfc46ada7fbd26e800c5e114f10b89;64c681c7dd597a1864dcc0333bb84f82565180f1d4cf09bd6a4082389c837f96;2026-09-23T00:53:28.118606+00:00;false
LOC-0014;LOC-0079;CAR;2026-08-17T07:00:00+03:00;OK;1524;26;9339;LOCAL_VALHALLA_MATRIX;ca9c7bfcdeb1acee053eabab838af8b29daa5ab26a56f74a74f008507152893f;4a82ff8499eb9add562cfb3f609879b1b4b978176a7951da76fe0f5ccf9a9498;2026-09-23T00:53:28.118606+00:00;false
LOC-0014;LOC-0084;CAR;2026-08-17T07:00:00+03:00;OK;1399;24;8518;LOCAL_VALHALLA_MATRIX;e654f8e86cbd9cdf35164cc992816b6ad229da954634455ef428dfe2dd79cf82;6b03358ebaa87ef232e6b1efde3732ba774920e35642b8e8e0aa89cf5721bf0c;2026-09-23T00:53:28.118606+00:00;false
LOC-0014;LOC-0087;CAR;2026-08-17T07:00:00+03:00;OK;1583;27;9778;LOCAL_VALHALLA_MATRIX;1335bbb4b476058107c7bb42f02d189655c57eebb45654e5a4128a7f385b76be;e5f992d940c515bb8073dfb739d1561869265d3e0407dee9ef8c8f2451f061f8;2026-09-23T00:53:28.118606+00:00;false
LOC-0014;LOC-0105;CAR;2026-08-17T07:00:00+03:00;OK;1559;26;9887;LOCAL_VALHALLA_MATRIX;5682d1d8cfe4845631a4cedf9668096e68b2b1bdaed4c2f89a677c3a1d35421e;de356c95f554a786eac50b316eaeeeafafe1e831b2822424ef5f35a4ad2ee977;2026-09-23T00:53:28.118606+00:00;false
LOC-0014;LOC-0108;CAR;2026-08-17T07:00:00+03:00;OK;468;8;1798;LOCAL_VALHALLA_MATRIX;3470bb91a1c14a4c166e029dea33bfaf4bb86203223c60fa4b8eb6a5e9ddee37;ce69246cc74a88f68436246ee58b86136f7d13c88010bfab99566bad59926c40;2026-09-23T00:53:28.118606+00:00;false
LOC-0014;LOC-0109;CAR;2026-08-17T07:00:00+03:00;OK;1284;22;8006;LOCAL_VALHALLA_MATRIX;e6c903bbd93dfbf52a5c1bf3063684b2f2f2a7601910e9f7a84b7531bf3b70f5;33cd17eef1c0fb03e8d026d1df2f0bd6cd4612bef1785639861e0f2167966c96;2026-09-23T00:53:28.118606+00:00;false
LOC-0014;LOC-0114;CAR;2026-08-17T07:00:00+03:00;OK;750;13;4032;LOCAL_VALHALLA_MATRIX;cd5316c70ea8f6087b7bebe7cdbdcd039c616e0b9d9fd79e7114c9504a82bf73;d0f50fc7687ba7292561109a00611c264e03cd7a16a3a9512a2064fa28674d24;2026-09-23T00:53:28.118606+00:00;false
LOC-0014;LOC-0116;CAR;2026-08-17T07:00:00+03:00;OK;443;8;1564;LOCAL_VALHALLA_MATRIX;0a989bb9dc5bb88c66cec35992b49e03dc96b44b07980108325065f06bd4503a;09ef1f7da279e0310f4ca36d6ee799dca0652d821a7e7120ae210e980e4546df;2026-09-23T00:53:28.118606+00:00;false
LOC-0014;LOC-0117;CAR;2026-08-17T07:00:00+03:00;OK;447;8;1537;LOCAL_VALHALLA_MATRIX;eb6542b39e7ff3d30a9287530597c482b3ca6042c8feaadb56e3a50c0f4cb2a3;a83d1113d274302c5ea7d0829ab3a27ccfe64f7a4c54ae9a52eef6702d939952;2026-09-23T00:53:28.118606+00:00;false
LOC-0014;LOC-0119;CAR;2026-08-17T07:00:00+03:00;OK;1370;23;8764;LOCAL_VALHALLA_MATRIX;b39bf80fec925d6a54a4248a9edf36388c34155c5276612598e192d67ad1ee91;2caaa5e94f43740115ad1ddb6b528c62b42ed3dd12647dcd3cc5d077e569bccf;2026-09-23T00:53:28.118606+00:00;false
LOC-0014;LOC-0120;CAR;2026-08-17T07:00:00+03:00;OK;1366;23;8409;LOCAL_VALHALLA_MATRIX;2478801dbe3de9797dc0a6a178349a401fd13cb03f68e4ad4396f0c0ae0c2f63;5896a93fe9dd920066c7cbe442aeffa560536bcd73a0fef9e358db9ee10ff6b7;2026-09-23T00:53:28.118606+00:00;false
LOC-0014;LOC-0121;CAR;2026-08-17T07:00:00+03:00;OK;1417;24;9258;LOCAL_VALHALLA_MATRIX;c994231832df7b1deac061a710cc66ad21a4fe5f9cf897054d8fc0af4f9e148f;dde591a6b630412b68b5898ebc0e3915e873e546228bfb0cc148899b613065f0;2026-09-23T00:53:28.118606+00:00;false
LOC-0014;LOC-0127;CAR;2026-08-17T07:00:00+03:00;OK;373;7;1553;LOCAL_VALHALLA_MATRIX;e48f632b025f8c8866248c39bb7ecd00971e7c5f6187ec94e0171496cc8be44c;927c1c4f69ddd381ad935d47c782acb942558d00a1aedbfa17bcb7c60ef17007;2026-09-23T00:53:28.118606+00:00;false
LOC-0014;LOC-0131;CAR;2026-08-17T07:00:00+03:00;OK;831;14;4427;LOCAL_VALHALLA_MATRIX;35a9be23947223cbd9e172188145333648b0035aebe73982804d51fa8c637eda;05ec81927f09ae207aa1f5ee59b90829604edb4b9b8d56efab8fd5c287e83a89;2026-09-23T00:53:28.118606+00:00;false
LOC-0014;LOC-0132;CAR;2026-08-17T07:00:00+03:00;OK;970;17;5716;LOCAL_VALHALLA_MATRIX;7aa6728eb556608fe93ebeddd70b639a43fbbf010bcaec0b8c03ca9e0dc3983a;3f8b3b078454af070df0ca9ef6200d45b6361e6afc0d1feee77b5661185bcee5;2026-09-23T00:53:28.118606+00:00;false
LOC-0014;LOC-0138;CAR;2026-08-17T07:00:00+03:00;OK;383;7;1413;LOCAL_VALHALLA_MATRIX;0709cb565643296d2050a7a2cab7e907fca2a12474729e4f9133c0c753965791;e290210fc7f1b4c93c8e549696132587822c7427129624aaf32b6a94c47bf6ec;2026-09-23T00:53:28.118606+00:00;false
LOC-0014;LOC-0143;CAR;2026-08-17T07:00:00+03:00;OK;1795;30;12067;LOCAL_VALHALLA_MATRIX;895fce9dce8bbc1e7c5ec4a0f7111c39bccd0c0280dcbb4d0c68e977b2444eee;591b94f77e27c9d3c2a19e310b30f2c28a993604b216228489b07639cecbd7e3;2026-09-23T00:53:28.118606+00:00;false
LOC-0014;LOC-0144;CAR;2026-08-17T07:00:00+03:00;OK;1456;25;9132;LOCAL_VALHALLA_MATRIX;5b8f981bffded518d122a478646a5a73951b2c8c2836a27f041194fc1f7cb5cb;a64d9a94c6c25f62db7b1a48caef520aec49d697d57cf430ed700036a2a3ea50;2026-09-23T00:53:28.118606+00:00;false
LOC-0014;LOC-0146;CAR;2026-08-17T07:00:00+03:00;OK;1433;24;8802;LOCAL_VALHALLA_MATRIX;9f1f28012c51c5bcb88a4d60cd22ae1f80ba9bb5caf1660cd95da26fe58630af;6cf0b04148ad407a679648e9e2300da507ec261b6b348b6ada7ef5a3290d7a14;2026-09-23T00:53:28.118606+00:00;false
LOC-0014;LOC-0154;CAR;2026-08-17T07:00:00+03:00;OK;1533;26;9636;LOCAL_VALHALLA_MATRIX;31a94bf3407f405e7647276bac433a5595e12efd3dd629442003f3869a943abd;86edbf88a6c10efd473e6a60a2873d7917c1d6503b2aa5d91a6d6cbd29351b46;2026-09-23T00:53:28.118606+00:00;false
LOC-0014;LOC-0188;CAR;2026-08-17T07:00:00+03:00;OK;1089;19;6476;LOCAL_VALHALLA_MATRIX;ace1d26f8794545301874ed09408b17a6ea41c459e63e6a0b9ea9743b45beb12;db8af8836f6debaa734deff22cbad857dd8a3f4a6e1adbe687d210dbaeb4b967;2026-09-23T00:53:28.118606+00:00;false
LOC-0014;LOC-0191;CAR;2026-08-17T07:00:00+03:00;OK;1897;32;12107;LOCAL_VALHALLA_MATRIX;1bea9c427d1241847db51ef9ba4e6bbec08be38eac2909c47be690679a68a0af;e21a22b24cf56a633f69b53675491e0ed849c6c9d644e32558536746da12eaef;2026-09-23T00:53:28.118606+00:00;false
LOC-0014;LOC-0193;CAR;2026-08-17T07:00:00+03:00;OK;961;17;5574;LOCAL_VALHALLA_MATRIX;a0cc1c271290ff91a9e7dc902482377e72b9f0e62fe41e53bca6ed3fe9f271a2;c8d22b3f29d70acc4ad47dcb8d60ac90c36d09317e711a1509d4423af9e0498b;2026-09-23T00:53:28.118606+00:00;false
LOC-0014;LOC-0194;CAR;2026-08-17T07:00:00+03:00;OK;1042;18;5848;LOCAL_VALHALLA_MATRIX;801231317881fb1f0c87255d0738bed7ff194a4c6eba771bfe74300172e40120;e17d4fdf5e8adbc68e691260adfca46ecc6b9c3aa223e3295a25d2ac25eafedc;2026-09-23T00:53:28.118606+00:00;false
LOC-0014;LOC-0195;CAR;2026-08-17T07:00:00+03:00;OK;1539;26;10029;LOCAL_VALHALLA_MATRIX;e4dd9359bce4c696f246a320949d11e4e88587684fe481ca61a81c72a70f08f3;3571ec02acd535421ca1f330a5ffd69b60525754e241037490578e49ea1561cd;2026-09-23T00:53:28.118606+00:00;false
LOC-0015;LOC-0001;CAR;2026-08-17T07:00:00+03:00;OK;1267;22;8835;LOCAL_VALHALLA_MATRIX;74b4e609a29433afca44afa4a248b171b456c2725f7e38c7b425dbb42a6d7796;1a4535df8b8c93303304b7008bfe005a73c400199749241284a69a7d7832b14f;2026-09-23T00:53:28.118606+00:00;false
LOC-0015;LOC-0007;CAR;2026-08-17T07:00:00+03:00;OK;1750;30;12235;LOCAL_VALHALLA_MATRIX;1e3f754c4a8996ad7649688c3330959f09e0a8b265ba985980b48e779593f628;3f2da37adc77ee44f932ac77559ecc85fc69602d0530915f746f45d5ee7c3dc3;2026-09-23T00:53:28.118606+00:00;false
LOC-0015;LOC-0014;CAR;2026-08-17T07:00:00+03:00;OK;391;7;1405;LOCAL_VALHALLA_MATRIX;e4842bc23ab2cdb32912925b9316189b198047b1dbd25f4f614420d31ad9bb34;ad6dbb23a8cc9c42629876d4792b9f109781547c3bd16d7133e9dfdc527a7573;2026-09-23T00:53:28.118606+00:00;false
LOC-0015;LOC-0015;CAR;2026-08-17T07:00:00+03:00;OK;0;0;0;LOCAL_VALHALLA_MATRIX;8e2cf42f00539dc327d6f858aff11eb46b741220655b3208099a7a3f453910e7;3d5812abc84c11768aa73a732c85d75dbed439188f5bb3239e9b762ea31d9862;2026-09-23T00:53:28.118606+00:00;false
LOC-0015;LOC-0021;CAR;2026-08-17T07:00:00+03:00;OK;1493;25;10175;LOCAL_VALHALLA_MATRIX;f875e8a4fb204ee9843825db8df7f2a1bd147b5cdab1dbf949fe3ab102658b16;5f26d121da131c2e629a416298f44032581c47e53aeed8c43afe1d6b76a0a2e3;2026-09-23T00:53:28.118606+00:00;false
LOC-0015;LOC-0022;CAR;2026-08-17T07:00:00+03:00;OK;1336;23;8523;LOCAL_VALHALLA_MATRIX;4405f640f7d2767647373d8b76f7c2b080d9c71415d8b36cdad45c3c8059c9f6;a81fa07e828c348daf502cec54ce2f4b0b61411c3c6884d24fea01309e5e7146;2026-09-23T00:53:28.118606+00:00;false
LOC-0015;LOC-0026;CAR;2026-08-17T07:00:00+03:00;OK;1407;24;9886;LOCAL_VALHALLA_MATRIX;fe441abe36aef884590b750f021610a96a039f9482f4a1bb1373e0258641d316;4a9a94dd4175100081a342a8f0a55aad24a9dcf93ab6bc3a932b1a5e81711ab2;2026-09-23T00:53:28.118606+00:00;false
LOC-0015;LOC-0040;CAR;2026-08-17T07:00:00+03:00;OK;1985;34;13390;LOCAL_VALHALLA_MATRIX;6f583c4b0bc1b1be9a5e9e7436c2e1714e92435863c7c62259b0d5d6550e353d;875b636c73791399c7a6cb2ca31e12c6a723346e52eed23b874e09448ceeba7b;2026-09-23T00:53:28.118606+00:00;false
LOC-0015;LOC-0042;CAR;2026-08-17T07:00:00+03:00;OK;442;8;2644;LOCAL_VALHALLA_MATRIX;2c03119114a704ad0313020a544899442689bc2bd7dfc641ff1395c1762b6ffb;7fe216174474101ec0e95a017aaa356db8b827fd468946a58b1f4922b78d35cf;2026-09-23T00:53:28.118606+00:00;false
LOC-0015;LOC-0043;CAR;2026-08-17T07:00:00+03:00;OK;1262;22;9025;LOCAL_VALHALLA_MATRIX;da44e719fa81658599a853ae7ad7f18cf0c7e08c040ed15b85256aa29362ce17;fe212b4f8d3515f9823b934e45c1d4e24d6498ac5bd4c04a7938d5b0afc65c40;2026-09-23T00:53:28.118606+00:00;false
LOC-0015;LOC-0046;CAR;2026-08-17T07:00:00+03:00;OK;1012;17;6507;LOCAL_VALHALLA_MATRIX;ec951c369994d6e303df659c2e79e76bd087310dd2838c0691a4d7f26a07129b;170a43ef8ad2e19ab483235c0e2fdff52296f10b3ff8ee027e4cf083d7cdfd25;2026-09-23T00:53:28.118606+00:00;false
LOC-0015;LOC-0052;CAR;2026-08-17T07:00:00+03:00;OK;897;15;5228;LOCAL_VALHALLA_MATRIX;10f47a911b642aa855aa6c39f40e2f4198d3a5e0514e945eadd250ea7d405bc8;9e1254cd0bddba247de6836694bd4c43a7f27aff859b90311abaa6de2a2a83ff;2026-09-23T00:53:28.118606+00:00;false
LOC-0015;LOC-0055;CAR;2026-08-17T07:00:00+03:00;OK;1181;20;8106;LOCAL_VALHALLA_MATRIX;5154b052dcef214a6dbeda0954078a9b197426c47ba985cd8854657f7ee88aaf;867bcc82dd25afbefa05346d6f7f8025c6e847e012411ab59f9d9f7b96e370ee;2026-09-23T00:53:28.118606+00:00;false
LOC-0015;LOC-0056;CAR;2026-08-17T07:00:00+03:00;OK;1235;21;8168;LOCAL_VALHALLA_MATRIX;fc37b3605aadfef4ce86cc543db6257069f32a94e97da273ebe2145ba64b954a;a1a613637b2c723b8e6d876c181585223ea810985ce44607c415816bafd8cf92;2026-09-23T00:53:28.118606+00:00;false
LOC-0015;LOC-0068;CAR;2026-08-17T07:00:00+03:00;OK;1059;18;7004;LOCAL_VALHALLA_MATRIX;8644dca6fc1eca11f2b06d7ff789b6f72b0bad97b7fa7e93cc1448b3fc867aef;3340c0b9fe458036244eb5f9cec7493aebdbca2808a456d45f71916c7f3b0acd;2026-09-23T00:53:28.118606+00:00;false
LOC-0015;LOC-0079;CAR;2026-08-17T07:00:00+03:00;OK;1409;24;9314;LOCAL_VALHALLA_MATRIX;ea64db22d0040a30482af18ee9f5bd5bff9e506f93c1945021d1df06bbf8f355;0e7c7b939bd1bda17bb9281c7e273e535874272c59ac74a6e1ea8710a6f2fedc;2026-09-23T00:53:28.118606+00:00;false
LOC-0015;LOC-0084;CAR;2026-08-17T07:00:00+03:00;OK;1284;22;8493;LOCAL_VALHALLA_MATRIX;a4b133ea00441551d3997a64a42fa69ba603c4b4e2f65d96b428cc77c1121b1b;52367b5aaaa0317b2e976a95500f2e6f2b81adf8deab1f1edaa3b6b70454bd35;2026-09-23T00:53:28.118606+00:00;false
LOC-0015;LOC-0087;CAR;2026-08-17T07:00:00+03:00;OK;1468;25;9753;LOCAL_VALHALLA_MATRIX;c092d8fdceff6f3818c10a4e288d1d303405455deb07cb82ae4ea5aae8942423;302d2f819b5f4bbdbfcbcafd9e336e2ab5a8ef0ca28c8c7960327fa6b9beab1c;2026-09-23T00:53:28.118606+00:00;false
LOC-0015;LOC-0105;CAR;2026-08-17T07:00:00+03:00;OK;1444;25;9862;LOCAL_VALHALLA_MATRIX;9c21b859872d724fc3c5f5ee08adda2785a5fcc66253203c440dfa513af49cb3;d54d4002b381b2ecf73b9d47486f631c3911c6d85164e60a1b20057ae227ebca;2026-09-23T00:53:28.118606+00:00;false
LOC-0015;LOC-0108;CAR;2026-08-17T07:00:00+03:00;OK;498;9;2850;LOCAL_VALHALLA_MATRIX;00299d2c4b29952afd6e40963ee1d7c6f91dd093c4fc3963db96c1b9239de5f9;7e5b159d1ee5d9c4b7d2fc95552d1d0db123cc389f86bf63a4dbbdc8cca96997;2026-09-23T00:53:28.118606+00:00;false
LOC-0015;LOC-0109;CAR;2026-08-17T07:00:00+03:00;OK;1169;20;7981;LOCAL_VALHALLA_MATRIX;fb90cfb6ae691fe3b1c06881df3896d8de00cd5d46b6b72aca7023995df711b7;fc914627eb6c7526cc1fee0d0a7e0917a54f68ba1310a6226e3440a2188c740d;2026-09-23T00:53:28.118606+00:00;false
LOC-0015;LOC-0114;CAR;2026-08-17T07:00:00+03:00;OK;635;11;4007;LOCAL_VALHALLA_MATRIX;e6f99f8087f78eb39360086e5a2fca0d51e32914bb0044647ad48985b712b050;74a1377f85fabafe5d4ed6f8eef546e0c05d2f989ec97ceaf468c3b5d86830e8;2026-09-23T00:53:28.118606+00:00;false
LOC-0015;LOC-0116;CAR;2026-08-17T07:00:00+03:00;OK;428;8;2274;LOCAL_VALHALLA_MATRIX;ecc4d431c2374800547ca7ef7f189a33cd3fe561ee8bbe859fd2ffb50ced4fb6;96e622b9dfddcd3b7a8ade5614ab8585ce9e37d4cd37439631ef79d9de0b70f1;2026-09-23T00:53:28.118606+00:00;false
LOC-0015;LOC-0117;CAR;2026-08-17T07:00:00+03:00;OK;446;8;2407;LOCAL_VALHALLA_MATRIX;7358e9eb9a93710b5101fc7f86d30a24bb44497d843ca323715e4ec4e607504a;bebcfca55922c6a6d933a40e4af336d7cd4802a8d3c322268900f05f947b2be0;2026-09-23T00:53:28.118606+00:00;false
LOC-0015;LOC-0119;CAR;2026-08-17T07:00:00+03:00;OK;1255;21;8739;LOCAL_VALHALLA_MATRIX;9886a36dc0eeb2f0af98b9ffdb58e7e8cc27f65fa813a5b1f0ceeb9a7af8a442;5ecbeb21c0d707fb0cce265529e5478ad998458709031a93527194a82c1db6a0;2026-09-23T00:53:28.118606+00:00;false
LOC-0015;LOC-0120;CAR;2026-08-17T07:00:00+03:00;OK;1251;21;8384;LOCAL_VALHALLA_MATRIX;a9bef9a863a20bc26ad5b75f3ec9e7647756b94f12dbf4b865e724a314a6192e;1af6a958549a618a506b44921a67d97e2d98255549a07bd8b9959ca88bf54627;2026-09-23T00:53:28.118606+00:00;false
LOC-0015;LOC-0121;CAR;2026-08-17T07:00:00+03:00;OK;1302;22;9233;LOCAL_VALHALLA_MATRIX;44cfc73a1d2958589a3705b68a16173d45316fa4725da619e3528a08fd4dbe08;767b1bb49b3ad9618ed379089eb48538a2ba42b5aecf0b28fb734b163004e46e;2026-09-23T00:53:28.118606+00:00;false
LOC-0015;LOC-0127;CAR;2026-08-17T07:00:00+03:00;OK;400;7;2469;LOCAL_VALHALLA_MATRIX;823b06e4c777f6714045122bb5caa07800eb6917a9abcb9cafcd4b0907692ca7;e7282aafe4f6a6895cc181755ad3c0789a67feff345dbeeb0edc71289b7d33d8;2026-09-23T00:53:28.118606+00:00;false
LOC-0015;LOC-0131;CAR;2026-08-17T07:00:00+03:00;OK;782;14;5151;LOCAL_VALHALLA_MATRIX;99bf267c552a760a2272b3cb7dbe4caeccb338219c22be4cae8b6317ba5708d9;15f41d15815bc297c39daf130ccce0923bb8132910f1d315ff5f973860f01ef0;2026-09-23T00:53:28.118606+00:00;false
LOC-0015;LOC-0132;CAR;2026-08-17T07:00:00+03:00;OK;982;17;6538;LOCAL_VALHALLA_MATRIX;b3754a988a2fb175e0aa2dd3a0f8e9caf251cddf49ae6e15a90b4046fc2bf5ed;10a2ce04685385d21b9e127b047a3a5a72a45dd63cc98107d69585c8bc805ec4;2026-09-23T00:53:28.118606+00:00;false
LOC-0015;LOC-0138;CAR;2026-08-17T07:00:00+03:00;OK;268;5;1388;LOCAL_VALHALLA_MATRIX;5f72614e1c4b196f76271973d48c89e7c71758fe72487316abc4ab0698a43e60;fbd127a6534d8eea6e18c084ba2f6cf33c9ca5673b84f7634f483f4a823a6a07;2026-09-23T00:53:28.118606+00:00;false
LOC-0015;LOC-0143;CAR;2026-08-17T07:00:00+03:00;OK;1680;28;12042;LOCAL_VALHALLA_MATRIX;29e4120c4292f6246410f54e9584fa99823e1ee951322fe7fa03dc1a97271bda;d7d75efb8a522946c77441c51a5f5e2d825417352e9e84c2e266703d78926071;2026-09-23T00:53:28.118606+00:00;false
LOC-0015;LOC-0144;CAR;2026-08-17T07:00:00+03:00;OK;1341;23;9107;LOCAL_VALHALLA_MATRIX;9dde0837f0b8b811c91525d869ee474088eb47059e9d3e3f66f127cacefcb595;8f1e1f68b1f487903b4fa98ab8bdf3958c78f93bab29dae0e4ee24079f8a7519;2026-09-23T00:53:28.118606+00:00;false
LOC-0015;LOC-0146;CAR;2026-08-17T07:00:00+03:00;OK;1318;22;8777;LOCAL_VALHALLA_MATRIX;80351b3c920af467ad6f964c3e48727828a1f7b1c05fcc95ca39dcc353173e45;2cac313f87f8e79f8ff938854c51672691e96d1274d5c4d282c0995fa0ea6d3b;2026-09-23T00:53:28.118606+00:00;false
LOC-0015;LOC-0154;CAR;2026-08-17T07:00:00+03:00;OK;1418;24;9611;LOCAL_VALHALLA_MATRIX;b2d4fcb74f00d79c6afe9af7545c339dcc9291f18a0465846dceae7ea333c018;afbd29f63dbaf9305b1bf14a9b8bf3bc419f9f16e6f99f3356fc87cbedc4a2af;2026-09-23T00:53:28.118606+00:00;false
LOC-0015;LOC-0188;CAR;2026-08-17T07:00:00+03:00;OK;974;17;6451;LOCAL_VALHALLA_MATRIX;1405dae0803e1d0a7da761e1a73f051f16e52303f15529da12abd5814c6c666c;ba0e59be01aeafe7f7f6531b514b313c351601b8c4a421f6c725b425eb0a5ad4;2026-09-23T00:53:28.118606+00:00;false
LOC-0015;LOC-0191;CAR;2026-08-17T07:00:00+03:00;OK;1782;30;12082;LOCAL_VALHALLA_MATRIX;5348ee45f2f4938dce325ea924083b557e21b8c1933e9dde71d3b0a82c00b61c;fd90c53d8b038c90cc37acfbc5b0318a5f8fb0bee3659662b24a0c4d079073ef;2026-09-23T00:53:28.118606+00:00;false
LOC-0015;LOC-0193;CAR;2026-08-17T07:00:00+03:00;OK;1169;20;7663;LOCAL_VALHALLA_MATRIX;5e81852a998db69c8fee268b8ef49d58a29a99be7f761036a70f63e05b78031c;ba220267d9408be8bb1d1519122aacadea6151155beedc11d1440b572f9ac41e;2026-09-23T00:53:28.118606+00:00;false
LOC-0015;LOC-0194;CAR;2026-08-17T07:00:00+03:00;OK;1251;21;7937;LOCAL_VALHALLA_MATRIX;7a9fa454885dfb31562148f2f43f10223d7b3f15b6cf7816bf917306e3f6ceec;e8eb332670e1c00d27ba01780529e45adee7bd80b23b2e6a50057b45e50c3037;2026-09-23T00:53:28.118606+00:00;false
LOC-0015;LOC-0195;CAR;2026-08-17T07:00:00+03:00;OK;1424;24;10004;LOCAL_VALHALLA_MATRIX;731eafcac46abec18d9912589cf32fd9de319e8ec279997b58457092ecae57dd;9937f8f208dceb5aa5796fc6dbe02286edf5a5be189d37042e8b233dbcd8aea6;2026-09-23T00:53:28.118606+00:00;false
LOC-0021;LOC-0001;CAR;2026-08-17T07:00:00+03:00;OK;537;9;2737;LOCAL_VALHALLA_MATRIX;e68d47c3808f67192b28063157813e17be5ec5f3660c5f97a7f83b89832d2930;fca45cf5bb0f86fff7725b21c0d26823bf75bf4f8e6e0bf0e8de477d4e032fde;2026-09-23T00:53:28.118606+00:00;false
LOC-0021;LOC-0007;CAR;2026-08-17T07:00:00+03:00;OK;649;11;3980;LOCAL_VALHALLA_MATRIX;226036d2ae02d9b2ec820b45ce64115df233d8370fd3b8ac50dbb84e494ec969;dcb3aed0809f2a6e6aff94721142381ba38ba2fbebf3a5b6f7bd19ab464f148d;2026-09-23T00:53:28.118606+00:00;false
LOC-0021;LOC-0014;CAR;2026-08-17T07:00:00+03:00;OK;1784;30;11594;LOCAL_VALHALLA_MATRIX;96e18b30d096dc775655eda6cde9a56278f06602067d5859855d53b52aa59bb4;911213a03d9bf1f8504dd0e375405c8f29dda04fceba1db110f7df981781960e;2026-09-23T00:53:28.118606+00:00;false
LOC-0021;LOC-0015;CAR;2026-08-17T07:00:00+03:00;OK;1508;26;10585;LOCAL_VALHALLA_MATRIX;bcd7307ef3014efed412ac5f231a37288447dea79aec99e6c47135d79eeb417b;84c88c112c7ff89f28a1eda39f2635575151a903ba476fae7511d47bf55f12fa;2026-09-23T00:53:28.118606+00:00;false
LOC-0021;LOC-0021;CAR;2026-08-17T07:00:00+03:00;OK;0;0;0;LOCAL_VALHALLA_MATRIX;7a44076cc69c72fbbbda172a11e5c1f0102112a8fec4fe8f792a4801e24ad32d;3d5812abc84c11768aa73a732c85d75dbed439188f5bb3239e9b762ea31d9862;2026-09-23T00:53:28.118606+00:00;false
LOC-0021;LOC-0022;CAR;2026-08-17T07:00:00+03:00;OK;600;10;3589;LOCAL_VALHALLA_MATRIX;9ccd499dd4eea7d222656a6f7a598f994a1830220e93cf7fa3bd7e24db0d250c;5e2102c8578c698d046b450cb329347b91fc93002f3614230e5cd453e2373b43;2026-09-23T00:53:28.118606+00:00;false
LOC-0021;LOC-0026;CAR;2026-08-17T07:00:00+03:00;OK;585;10;3223;LOCAL_VALHALLA_MATRIX;55418eae10182e6de42cd98839b1ffa808bd9060f0085d10cc042d0a132e9cf2;cdc3a6e6fb134ac7216dacf82e20a22fa4d453b4d786ce0f453410792ea5972b;2026-09-23T00:53:28.118606+00:00;false
LOC-0021;LOC-0040;CAR;2026-08-17T07:00:00+03:00;OK;940;16;6845;LOCAL_VALHALLA_MATRIX;b1d2a4e4369fa2c1e36a7cef6a93a1f014578ce7a680461ff749108ddaeb52ab;0335f9b5fb56b4aae5c182d822de9f2250d301707936b5f4c114a7a0c41363a3;2026-09-23T00:53:28.118606+00:00;false
LOC-0021;LOC-0042;CAR;2026-08-17T07:00:00+03:00;OK;1449;25;9860;LOCAL_VALHALLA_MATRIX;60b8fbab00a27200d93612aedfaff25a4b5933a5809769c791fbcba65078e71d;74e85e9f299046c8e9d9b5f24653b0206900e38416c69a1ee77301bcd0059580;2026-09-23T00:53:28.118606+00:00;false
LOC-0021;LOC-0043;CAR;2026-08-17T07:00:00+03:00;OK;455;8;2587;LOCAL_VALHALLA_MATRIX;18a6d42a60c8ef2f6b2618b8f671ae652fa216faa99e52fb002ca8ec5b7180fd;c7999c3fa8fed6f4e1033f499f1003e28e84bbbc476afa10d97f27ffef6e7752;2026-09-23T00:53:28.118606+00:00;false
LOC-0021;LOC-0046;CAR;2026-08-17T07:00:00+03:00;OK;1960;33;12592;LOCAL_VALHALLA_MATRIX;87148c5af6c96ba04e1ca7ec38ae25b2a3236ff29e0168030ff7895c03dd48f8;3ab2dded70f51dbd6b1ca49427fa80b1f1dfcab42cf8f347ccae833823b051f5;2026-09-23T00:53:28.118606+00:00;false
LOC-0021;LOC-0052;CAR;2026-08-17T07:00:00+03:00;OK;1874;32;11788;LOCAL_VALHALLA_MATRIX;d22ecdeaf2fbbab5892587c69564651e9b097d04643133503e550c171c74f586;28bd9261ad370b4ac25d76698dbd04a296bcb246623b80fea11f89b0feadbb30;2026-09-23T00:53:28.118606+00:00;false
LOC-0021;LOC-0055;CAR;2026-08-17T07:00:00+03:00;OK;604;11;3161;LOCAL_VALHALLA_MATRIX;d9d807a238101a49eefbd5c3698535f820371b520ca7e21fdf2d2a55592f3415;387fd6ebbab138ea0dd30874589cac411398e7f7e7977024a6e89a5367f6e02d;2026-09-23T00:53:28.118606+00:00;false
LOC-0021;LOC-0056;CAR;2026-08-17T07:00:00+03:00;OK;688;12;3419;LOCAL_VALHALLA_MATRIX;944ffa06e1ce4cdce830cbb919d5c78842ad33b1abf17328d4659c4b173e4876;77d080b13cf1638fa8d9acc539f1e87e27132fdcd8898f586d2bff2a2db7871e;2026-09-23T00:53:28.118606+00:00;false
LOC-0021;LOC-0068;CAR;2026-08-17T07:00:00+03:00;OK;2007;34;13089;LOCAL_VALHALLA_MATRIX;5a9534e7cda431921445075a52e1aa6ef7768c6adedc3135e81a47b7d43b35a2;0a610d58c68f9c88d255b75f8de9abedc49c69e4e4df8625ab9983c983f7654d;2026-09-23T00:53:28.118606+00:00;false
LOC-0021;LOC-0079;CAR;2026-08-17T07:00:00+03:00;OK;1026;18;6055;LOCAL_VALHALLA_MATRIX;15ff87ad34430f77f46a51a6d5180f9eb02251f7b53d347b3b3230a975be7fae;fce5e5b047cdd8de85471db9df1ba6374ca98ca08e4d3955d2d75a8a15c4aa3d;2026-09-23T00:53:28.118606+00:00;false
LOC-0021;LOC-0084;CAR;2026-08-17T07:00:00+03:00;OK;927;16;5085;LOCAL_VALHALLA_MATRIX;64aa19717be5ea8f1cb1eb0695c0254183ce6bc61b58597ef6ed3f0f978f87e4;65ce0007f067ccc48b7a4cfeef9f375d849b46096600005ca655e12f71174d3e;2026-09-23T00:53:28.118606+00:00;false
LOC-0021;LOC-0087;CAR;2026-08-17T07:00:00+03:00;OK;670;12;3481;LOCAL_VALHALLA_MATRIX;2c41be4774c62659934507b7fc364932e0b48ff7ce09c5459e07b2bd6ace2322;d6706fc769488e8d2ae6c8431eb4340f608a3fa7eda48bd30a3230d5d7b9aca2;2026-09-23T00:53:28.118606+00:00;false
LOC-0021;LOC-0105;CAR;2026-08-17T07:00:00+03:00;OK;457;8;2034;LOCAL_VALHALLA_MATRIX;c7434fce092a18c8e60803cd0415b09448ec740c36bde6ee28e86d366c083bcb;a7270d700357f45afd11590582c35a2f612da8f54513940f08d3f89d18875777;2026-09-23T00:53:28.118606+00:00;false
LOC-0021;LOC-0108;CAR;2026-08-17T07:00:00+03:00;OK;1618;27;10563;LOCAL_VALHALLA_MATRIX;20d033654d32eb969418716a44b3e4654af083e8b16a16b1ed54072a67570769;a126315abaf86389b21b683477cb64c52841bc9731eb9216115ebf0a3757c2b8;2026-09-23T00:53:28.118606+00:00;false
LOC-0021;LOC-0109;CAR;2026-08-17T07:00:00+03:00;OK;937;16;5398;LOCAL_VALHALLA_MATRIX;29c80d0c0b8371509b46cbf5ec79c8d1d5ecce8411c66c2144ff9b0c238abd37;bcc7415b1d56c07e4d699bb9dbdc65cc15c16c5924afdb0d04daf7be65636b0d;2026-09-23T00:53:28.118606+00:00;false
LOC-0021;LOC-0114;CAR;2026-08-17T07:00:00+03:00;OK;1298;22;8263;LOCAL_VALHALLA_MATRIX;95dcd722dfc6a78fcc6f30a10710ad559ae3d72092b0e416edfef4e6913a5970;88d9ef35ed23813d558b5773b4644cc0bac1a819fe2e66a54fa060489cf42053;2026-09-23T00:53:28.118606+00:00;false
LOC-0021;LOC-0116;CAR;2026-08-17T07:00:00+03:00;OK;1614;27;10779;LOCAL_VALHALLA_MATRIX;d2fcf4668bcb12614665345dc3856a1b63910e987281f3afc541e5829f3081b5;75bcda2533f0684e48aa07792e4f6757e91dc1f7bd1e54130029d9aec0b91595;2026-09-23T00:53:28.118606+00:00;false
LOC-0021;LOC-0117;CAR;2026-08-17T07:00:00+03:00;OK;1663;28;10918;LOCAL_VALHALLA_MATRIX;b2290a2081dba0f3552c4d741277c381505170e1d28c1f8713b634777d2aeb58;aaa00726064fdc1c89bebba10d0fae68884d292a2af7f3c54e3eda4f949d1464;2026-09-23T00:53:28.118606+00:00;false
LOC-0021;LOC-0119;CAR;2026-08-17T07:00:00+03:00;OK;619;11;3385;LOCAL_VALHALLA_MATRIX;33a47442093b2c83f3f44f34976777879977f06146f3113d300cc5dc8bdbf66e;b4e3f4838657e512a523c257d0b35aa30c5da5c1945f99618d7bbfa2460815f6;2026-09-23T00:53:28.118606+00:00;false
LOC-0021;LOC-0120;CAR;2026-08-17T07:00:00+03:00;OK;713;12;4071;LOCAL_VALHALLA_MATRIX;ea57e0a8b5cf3fed228cd0b674ca2e63f4281df2a51ed2486dbc845284b97338;7ffdd98fa090702e05b72c071e02b1cd27f45edd40c0a7b42a6310f45bb75f0d;2026-09-23T00:53:28.118606+00:00;false
LOC-0021;LOC-0121;CAR;2026-08-17T07:00:00+03:00;OK;653;11;3549;LOCAL_VALHALLA_MATRIX;836b3e89293cafa22fb2adb67748f683941db9bfea3dcf9f54d3fe6897da76b8;4757223a1ab3403e9b564a6e405e5c39e51189d0703cafd28b1155a47ef154fc;2026-09-23T00:53:28.118606+00:00;false
LOC-0021;LOC-0127;CAR;2026-08-17T07:00:00+03:00;OK;1671;28;11540;LOCAL_VALHALLA_MATRIX;24a98a9a76c3353d463132dcf915a7676c8aa7c1fd45bd1e06b8a40ff8c46e27;b3c03d154c7e9efbb8abc745152eb39de8e97b8a66c9998ca16b2d0c58bed006;2026-09-23T00:53:28.118606+00:00;false
LOC-0021;LOC-0131;CAR;2026-08-17T07:00:00+03:00;OK;1473;25;9785;LOCAL_VALHALLA_MATRIX;41223072f1d5fa210bf5850be2bf99f537b85f39e14f0b45722e58d783b93226;565d05e0cb9999b79e270add91dab1b6789a12af225ac7fdd813b0583b6cca33;2026-09-23T00:53:28.118606+00:00;false
LOC-0021;LOC-0132;CAR;2026-08-17T07:00:00+03:00;OK;1931;33;12623;LOCAL_VALHALLA_MATRIX;fa1ae610a6f6791fc0fe185b0093423e9005548cb62e148c5017d7d8af53f4bd;e6e32a6ce67a0ffbee6133a2ee007b6af540d986e5d00ceb19f37887e95c1229;2026-09-23T00:53:28.118606+00:00;false
LOC-0021;LOC-0138;CAR;2026-08-17T07:00:00+03:00;OK;1500;25;10168;LOCAL_VALHALLA_MATRIX;d0bc682fb96a2cc4b07bf8a881d0e964ca2398830ed77f5dddf2e1546cb93258;4751178e5e1712a975d31a503c2eeb75a138cdc0358a1509c44adc42b9f4740b;2026-09-23T00:53:28.118606+00:00;false
LOC-0021;LOC-0143;CAR;2026-08-17T07:00:00+03:00;OK;579;10;3787;LOCAL_VALHALLA_MATRIX;608ce957b7d1f15e8eedc8056a21cc14ac364129330619275bb64fffe4cf86cf;bee9c21cda276713d256cf19e932d8edc216c3499edac7338531d4d30353d817;2026-09-23T00:53:28.118606+00:00;false
LOC-0021;LOC-0144;CAR;2026-08-17T07:00:00+03:00;OK;668;12;3574;LOCAL_VALHALLA_MATRIX;1192b9bf94d58623e2bc6d4de4da05019e22621739ea787e96df7f60cb891648;aa3df0b8af445ffe17ea377671155b3fee3cb7db5784e95cc69d56c1e149baa7;2026-09-23T00:53:28.118606+00:00;false
LOC-0021;LOC-0146;CAR;2026-08-17T07:00:00+03:00;OK;633;11;3307;LOCAL_VALHALLA_MATRIX;5bf3b1b206d0e1180556cba9d5166124507a50b73880dd6197ecc36975aef471;2aca4c7ac3c2deabd22ccdbb42ddc40658e2fdea6015de30c04c7c7bede03c97;2026-09-23T00:53:28.118606+00:00;false
LOC-0021;LOC-0154;CAR;2026-08-17T07:00:00+03:00;OK;443;8;1324;LOCAL_VALHALLA_MATRIX;5106bceb1175be44f49622dfc9ddca5d4d4baa3787ce723fdd5009e066ea1ca2;6eca8deb38bd7662786ce7d2c31451b57d24405175ed720f3c3719b363c5785e;2026-09-23T00:53:28.118606+00:00;false
LOC-0021;LOC-0188;CAR;2026-08-17T07:00:00+03:00;OK;1087;19;6791;LOCAL_VALHALLA_MATRIX;1335a857eea34df16c08481f8dbceec05969aee534305bb25eaa84c90da0a7d1;5dec45f8a00a8338d487e5d0f634b5003f5df689d4780194475733472c4c0145;2026-09-23T00:53:28.118606+00:00;false
LOC-0021;LOC-0191;CAR;2026-08-17T07:00:00+03:00;OK;675;12;4104;LOCAL_VALHALLA_MATRIX;08cc6bb18db7bf4fe1b5ca5f554fbcbbaf31a95346812407aa2120dafe78f8b7;a63236a91124b3d1ef852d48278b20730be445aa27e5a9315dfff44b0fe25657;2026-09-23T00:53:28.118606+00:00;false
LOC-0021;LOC-0193;CAR;2026-08-17T07:00:00+03:00;OK;2242;38;15047;LOCAL_VALHALLA_MATRIX;1cfde04bbdd6fddd4290e332009811da1521c38cf62aa5144526a51979da71ec;6321057efc9c6911679acbe9a49628085147fc32ddf600a70973182e8ea5fbe7;2026-09-23T00:53:28.118606+00:00;false
LOC-0021;LOC-0194;CAR;2026-08-17T07:00:00+03:00;OK;2324;39;15321;LOCAL_VALHALLA_MATRIX;e75fe7862ccea9efd2fa81375e8e2fbf53ae65100f63bc3761987a15ef4540b6;2ee10eb456cb164ee580f8f09a2153a823c8dd01c8214dadd3858c31d9b764d5;2026-09-23T00:53:28.118606+00:00;false
LOC-0021;LOC-0195;CAR;2026-08-17T07:00:00+03:00;OK;68;2;171;LOCAL_VALHALLA_MATRIX;9da24ecf18f8795abbe66f314a8b4dcdcdb6e9a58f06f08cc48b203a5c8ae8b5;8f971165e44d53cbf71b063c3bb6face479c513db90ae0b5ccdc3631ec5d98fd;2026-09-23T00:53:28.118606+00:00;false
LOC-0022;LOC-0001;CAR;2026-08-17T07:00:00+03:00;OK;341;6;2147;LOCAL_VALHALLA_MATRIX;5a29918986962e4e3365c1783595b63987ba487af7f41ce4c0e7ba18cd22ee4b;162ba4dbfd6fd28c861a90bb7e23ffa1bba81eab1c5c86a67424e17729d0923b;2026-09-23T00:53:28.118606+00:00;false
LOC-0022;LOC-0007;CAR;2026-08-17T07:00:00+03:00;OK;928;16;6405;LOCAL_VALHALLA_MATRIX;86ba75892833b702566f11232b56dc5514c8a76cd114d7445fb53d17f994817d;d005082ed2ef633d54aed8227a1ed91fed52732beaa0e85661e105599552db94;2026-09-23T00:53:28.118606+00:00;false
LOC-0022;LOC-0014;CAR;2026-08-17T07:00:00+03:00;OK;1268;22;8074;LOCAL_VALHALLA_MATRIX;bcce3b50500b4a7a7af9c5f371d1e1788ea1f2a84d9ff8c4f017a4a9bf0545af;699c9b8e4f6bab73fdb8c9b9f51aaaedf06252b0b4000110eb01e5105c9c45f7;2026-09-23T00:53:28.118606+00:00;false
LOC-0022;LOC-0015;CAR;2026-08-17T07:00:00+03:00;OK;992;17;7065;LOCAL_VALHALLA_MATRIX;005026cfffca15aead50d82ed4a2d7dd33e2cf6970b003b59ceb6e7d8b902b2a;364087a4bf7d39ee36ce9e86bba8db61704ccd6f8878498c629eac1f4839049b;2026-09-23T00:53:28.118606+00:00;false
LOC-0022;LOC-0021;CAR;2026-08-17T07:00:00+03:00;OK;500;9;2900;LOCAL_VALHALLA_MATRIX;691ba536b604aec805c6d2efd3b236880535b75653c2d2bbe020cbb6f337d4be;ef66884986c6e978bd60b7142b09baa4a3c6cc449c9e8432ccebec251f9bdc0e;2026-09-23T00:53:28.118606+00:00;false
LOC-0022;LOC-0022;CAR;2026-08-17T07:00:00+03:00;OK;0;0;0;LOCAL_VALHALLA_MATRIX;b25181b2c15d7639f6d9f6309dce445e2d1b09c2e5b44f1f6b214aa1fa567eba;3d5812abc84c11768aa73a732c85d75dbed439188f5bb3239e9b762ea31d9862;2026-09-23T00:53:28.118606+00:00;false
LOC-0022;LOC-0026;CAR;2026-08-17T07:00:00+03:00;OK;734;13;4569;LOCAL_VALHALLA_MATRIX;9a4c180a01929dc9594ed948de0afe6726d534bb5cda6a0b0a6fb54931558fcd;85a98073b3ed113ae87e41d1d6fa69220c1da68eff7cb9c1d900ec035f303cc6;2026-09-23T00:53:28.118606+00:00;false
LOC-0022;LOC-0040;CAR;2026-08-17T07:00:00+03:00;OK;1218;21;9270;LOCAL_VALHALLA_MATRIX;7b007e3405eff1f27fc53f2cc06366455378342c4ea14181937897c8344fed03;fe8b61db2545b7d7991ee70bf95e5095f30b82e074b0c021e761f1724d1305eb;2026-09-23T00:53:28.118606+00:00;false
LOC-0022;LOC-0042;CAR;2026-08-17T07:00:00+03:00;OK;933;16;6340;LOCAL_VALHALLA_MATRIX;08645751c575654dce03c5f6e39b29d468220e862e714fe4f969ddfbf7703e43;59b94ee1e7de1a70661952048e7499b74aa385bcfcb77e7685c52890ecba1522;2026-09-23T00:53:28.118606+00:00;false
LOC-0022;LOC-0043;CAR;2026-08-17T07:00:00+03:00;OK;552;10;3510;LOCAL_VALHALLA_MATRIX;814c74cf521bcc6e17804be1baa1b309cc4ed875cb27db28124b9aec91b34157;c6afb4cdfedebeebcd2b74c1cfb0254dd062ea273ea0065fde0f5bd3e1898b81;2026-09-23T00:53:28.118606+00:00;false
LOC-0022;LOC-0046;CAR;2026-08-17T07:00:00+03:00;OK;1444;25;9072;LOCAL_VALHALLA_MATRIX;61e32a0c18594ef9edab8a932ce747e05b48117df999517c0a799c1343618a02;3a3aabd31ae77fde622b50cc66fd2a920e3211881c8f9c718d14283452a934ed;2026-09-23T00:53:28.118606+00:00;false
LOC-0022;LOC-0052;CAR;2026-08-17T07:00:00+03:00;OK;1358;23;8268;LOCAL_VALHALLA_MATRIX;88ac3fcc10edcedf414056a780df1ef0fa8420bcb61ced706c2cb67efa44267a;eef0b18cd213bac500f79da9e34d57b79f87d8fdbdceb5d445d14e39fa2b14d9;2026-09-23T00:53:28.118606+00:00;false
LOC-0022;LOC-0055;CAR;2026-08-17T07:00:00+03:00;OK;401;7;2309;LOCAL_VALHALLA_MATRIX;0637f1bd0955bce530e132996216f6899661432177a67a0fbf10edacd9231e59;507babee847273c47c8fea6c84266643c8cd5f94ab91bfcb63b7fd1f4651d92f;2026-09-23T00:53:28.118606+00:00;false
LOC-0022;LOC-0056;CAR;2026-08-17T07:00:00+03:00;OK;485;9;2567;LOCAL_VALHALLA_MATRIX;28b2a10c5dac95914911afe1a9b98c0982012d44b6966f427741f53002843f2d;2541b87502d1be89d13952ac4411b0209d20e7180e7687a06bb3f615042aed84;2026-09-23T00:53:28.118606+00:00;false
LOC-0022;LOC-0068;CAR;2026-08-17T07:00:00+03:00;OK;1491;25;9569;LOCAL_VALHALLA_MATRIX;6b053ee6bc7fe66dad52bf982aeb491c7793a7ce6d370a1136fa6dcb990ca8f8;c6bf58047d56fd4d43cce952df59c8e363b7b8bdfaa5fe94bc9d64c99553e562;2026-09-23T00:53:28.118606+00:00;false
LOC-0022;LOC-0079;CAR;2026-08-17T07:00:00+03:00;OK;491;9;2527;LOCAL_VALHALLA_MATRIX;2bc56b0297e6ee44944d843e537c6fbf8fc14b88916b687985fe464cf5f9f64a;3e26fab550a26e6cce864680fadbc571c6d4cca8bbe72f140f6058d402d730ac;2026-09-23T00:53:28.118606+00:00;false
LOC-0022;LOC-0084;CAR;2026-08-17T07:00:00+03:00;OK;847;15;4734;LOCAL_VALHALLA_MATRIX;17c3ed71dbcfcd5566e535ed557680a6947c496a5b914fc1dc637427bb7a9898;b1c3ce1c4a0b0b76ef7b72adb48064487a75aac6512f1601ccf3d981a49f781b;2026-09-23T00:53:28.118606+00:00;false
LOC-0022;LOC-0087;CAR;2026-08-17T07:00:00+03:00;OK;508;9;2554;LOCAL_VALHALLA_MATRIX;bb1bef8ae3b2fedaf0cfc5f623ff324f5bf687f97bed8445c6641fe2595a0890;fdaea147386e03271c988d89e7887330a8fbe06f6f13c212eb404db583933185;2026-09-23T00:53:28.118606+00:00;false
LOC-0022;LOC-0105;CAR;2026-08-17T07:00:00+03:00;OK;451;8;2587;LOCAL_VALHALLA_MATRIX;aaa973fae8a92ac4c6f7bc09d7e56665009bceec82f03ca2ea7beb293f8fb9c4;f98cdae66bd975219429a9af77c808b5118b34af0e6b2f6eb72d635262664247;2026-09-23T00:53:28.118606+00:00;false
LOC-0022;LOC-0108;CAR;2026-08-17T07:00:00+03:00;OK;1149;20;7265;LOCAL_VALHALLA_MATRIX;17663f4fc510ade9c653f9f9786cab80842e4ea7fa8a5c48ee14fd275352e252;468b9d60daaa7dc05bdfe91f255afafce36e2bbcd0144e4188b85429eeca4391;2026-09-23T00:53:28.118606+00:00;false
LOC-0022;LOC-0109;CAR;2026-08-17T07:00:00+03:00;OK;756;13;4606;LOCAL_VALHALLA_MATRIX;01040bf40d167218b72f59d374c25aaee3067e151fb2977e59f189dcaf224026;dcea23d8e39b5f2223ca3ed9522456ee5e1e7f1f27db1ee588ac168c11fa60b7;2026-09-23T00:53:28.118606+00:00;false
LOC-0022;LOC-0114;CAR;2026-08-17T07:00:00+03:00;OK;830;14;4965;LOCAL_VALHALLA_MATRIX;080759dfc81e80d3039c2b93dce80563930f9444416f7fd74c65ec293b804246;324adcb2a15cfee91a6c144f1e9bf87aabe83d6c7638a52463454f3b257603c3;2026-09-23T00:53:28.118606+00:00;false
LOC-0022;LOC-0116;CAR;2026-08-17T07:00:00+03:00;OK;1146;20;7481;LOCAL_VALHALLA_MATRIX;ec3ac7de6d9855659fc65fd3cf2db1669afb3465127d686e967d2830680f4a33;d076725e77e1f67fb2d4bf3e94f186ef1b6690c4b71df8a696d9db470c8b5a58;2026-09-23T00:53:28.118606+00:00;false
LOC-0022;LOC-0117;CAR;2026-08-17T07:00:00+03:00;OK;1195;20;7620;LOCAL_VALHALLA_MATRIX;cd6a9a27fc4c1af7c41424559de4b4b0070ba12a15d9fff49c6ff7695e9d8e2f;89c71a01650b445474014f603917947651414f80bd98ee5e950005494c313c89;2026-09-23T00:53:28.118606+00:00;false
LOC-0022;LOC-0119;CAR;2026-08-17T07:00:00+03:00;OK;520;9;3055;LOCAL_VALHALLA_MATRIX;858037847676326f3c9b47d3f35ec457a325cc4aa1a713f7005947c3b95a1b21;37a904fceb3b7ab0835a11ed8b1e58c8f2e33cda5703a23a31a4a2de6ab2ea56;2026-09-23T00:53:28.118606+00:00;false
LOC-0022;LOC-0120;CAR;2026-08-17T07:00:00+03:00;OK;154;3;406;LOCAL_VALHALLA_MATRIX;ec8cbf2b8480060a4eacbff8db006528a0b8186c3c44b0cd83527b250992774e;81b610f15ff80a28e68d0dc1b663f5201ae6ce957747dd1233eaa58edea55de8;2026-09-23T00:53:28.118606+00:00;false
LOC-0022;LOC-0121;CAR;2026-08-17T07:00:00+03:00;OK;591;10;3718;LOCAL_VALHALLA_MATRIX;8164db404800e85acec86247204c782ee51e85d77e44bd9bdd0f5951905ef9cb;1aeeb33ea494388fe4f05113b93ae843c87a24f91ffa87a0341664cbdcd2c224;2026-09-23T00:53:28.118606+00:00;false
LOC-0022;LOC-0127;CAR;2026-08-17T07:00:00+03:00;OK;1155;20;8020;LOCAL_VALHALLA_MATRIX;20b93646628a9441507a305ca53857383320c22942a6e5aa6901313251b0cb94;edba5d8f25fca640e5169f850002b7b360ff40e962beab1c2929f540fddcfdfa;2026-09-23T00:53:28.118606+00:00;false
LOC-0022;LOC-0131;CAR;2026-08-17T07:00:00+03:00;OK;1005;17;6487;LOCAL_VALHALLA_MATRIX;9d737f3235d2eca7b241c3de5c3b6d771e7ff220a99d9bb241c0ff5356dd9f96;e3e4f616ff7b55798cf6b23227c9d9d20a22532b32e8c9eed1fec1ae6ed8363e;2026-09-23T00:53:28.118606+00:00;false
LOC-0022;LOC-0132;CAR;2026-08-17T07:00:00+03:00;OK;1415;24;9103;LOCAL_VALHALLA_MATRIX;bb9763515db98f80f5d4dfad72a28ffd90de7da28b1574aca46265c86bbe02da;c873af102f2abc69810bffe077928db34c6b3afa1b32a5a7d1eb948519e78a0a;2026-09-23T00:53:28.118606+00:00;false
LOC-0022;LOC-0138;CAR;2026-08-17T07:00:00+03:00;OK;984;17;6648;LOCAL_VALHALLA_MATRIX;259eb7caa42917cd7b324a85540c42ab6cac60e984d7b0ebdda8f1cf5be11fe3;55d233506fa1d76f6d87696fa44a60a859ab3df1db55cc62ed9f38acf38aa9be;2026-09-23T00:53:28.118606+00:00;false
LOC-0022;LOC-0143;CAR;2026-08-17T07:00:00+03:00;OK;857;15;6212;LOCAL_VALHALLA_MATRIX;fd563fc52aaf5aaec618b80120ff3574491a497c0065be5791051ee84ce953ce;a54a8f9cdcab47372b8b53d77af9bb4425dac6d37e8ee1ab4547e3ed8cf50a7f;2026-09-23T00:53:28.118606+00:00;false
LOC-0022;LOC-0144;CAR;2026-08-17T07:00:00+03:00;OK;450;8;2396;LOCAL_VALHALLA_MATRIX;96bdb0df5f21a8e8fd0effb13ed060655d71479396eca5673f6fe65a9cb3bd48;eff4fc40755e56afbfc09886ec397e744edfd3acb69b8fbdb44673fcf903c460;2026-09-23T00:53:28.118606+00:00;false
LOC-0022;LOC-0146;CAR;2026-08-17T07:00:00+03:00;OK;436;8;2717;LOCAL_VALHALLA_MATRIX;d292e8c041dafe640914290dce65ae64c40d77078b726f31b6bc7f77e631b238;25a712b38511e87d6d365a2b1f56cf64bc3c6a53dbc02e25206581813eb7f78f;2026-09-23T00:53:28.118606+00:00;false
LOC-0022;LOC-0154;CAR;2026-08-17T07:00:00+03:00;OK;425;8;2336;LOCAL_VALHALLA_MATRIX;8463d6740b4b09a85eac50b23d3d871e6368fb11db6d549d69dd5a03941a87f1;9713eea563c7d95d761af6159e990e4670166822e96725e695d392a04cbe9f9f;2026-09-23T00:53:28.118606+00:00;false
LOC-0022;LOC-0188;CAR;2026-08-17T07:00:00+03:00;OK;881;15;5398;LOCAL_VALHALLA_MATRIX;a960f32d9e1e4c17590cc3810a76eb2c3da0a66b47096c6a09d78b2b5e244603;d98a147ee3a3242032bce7a6f60f83b218f575f063b778507c140aef934bd025;2026-09-23T00:53:28.118606+00:00;false
LOC-0022;LOC-0191;CAR;2026-08-17T07:00:00+03:00;OK;953;16;6529;LOCAL_VALHALLA_MATRIX;724a3b791bf6eb7a945ccf0523763bec1bc5318d4eee73d62be9e3ceec93f516;01048c71e24ca6f7bb60132b7a83a17514fe89bf3e46b9f769dd3b80273bef61;2026-09-23T00:53:28.118606+00:00;false
LOC-0022;LOC-0193;CAR;2026-08-17T07:00:00+03:00;OK;1726;29;11527;LOCAL_VALHALLA_MATRIX;d605cb7b915787512097750e145b5f861d42fa7f21f324557fbe7d6a7e16683a;87271e0e6c25d5846744c1466dad81b855327c51f8ea69c42184f8f5bd8d944b;2026-09-23T00:53:28.118606+00:00;false
LOC-0022;LOC-0194;CAR;2026-08-17T07:00:00+03:00;OK;1808;31;11801;LOCAL_VALHALLA_MATRIX;a55765f519ac0c7d338db8d76bd2515ac01172903961a6305e2708eb16e157ff;afe5d09dfe2ca043aa4802d7d34d637a44fd5c77a468a15487f432ca960c76a1;2026-09-23T00:53:28.118606+00:00;false
LOC-0022;LOC-0195;CAR;2026-08-17T07:00:00+03:00;OK;431;8;2729;LOCAL_VALHALLA_MATRIX;9944f6e713802eb2a8e06e10ecae8e28a919401547242308845d4aed2668ac37;9f515b2b89b756c2483d6e1a83e36eb7b08e418745cc6ee7125664ff38ce2346;2026-09-23T00:53:28.118606+00:00;false
LOC-0026;LOC-0001;CAR;2026-08-17T07:00:00+03:00;OK;827;14;5082;LOCAL_VALHALLA_MATRIX;ba67415aa8be1131791c440ae085328f13fe3a2314e1f6f025d39c5848e7ffb2;3418bf89c0a06b7feb83175c68c07ef9b9f0658a2e92be4410d6de7ace51f14b;2026-09-23T00:53:28.118606+00:00;false
LOC-0026;LOC-0007;CAR;2026-08-17T07:00:00+03:00;OK;841;15;5054;LOCAL_VALHALLA_MATRIX;4272eeee83907147b8d59cbd613625cfe98b8099e8b6ff8f4b7a641354d80e95;222a19536292c0e2f50a34343ca7908b94686c56f9e7d0ce7cd7692f9ec308e6;2026-09-23T00:53:28.118606+00:00;false
LOC-0026;LOC-0014;CAR;2026-08-17T07:00:00+03:00;OK;1441;25;9178;LOCAL_VALHALLA_MATRIX;26a6b0a026a9068e4eaf207357d6a0323fe615d17cca84e482833d1fa2d91d92;78cd7caa223f68a0e5259a66b34bce311d774e3a2015c7ddf44572fac4363552;2026-09-23T00:53:28.118606+00:00;false
LOC-0026;LOC-0015;CAR;2026-08-17T07:00:00+03:00;OK;1357;23;9478;LOCAL_VALHALLA_MATRIX;fcc9ae3ad6632e72eafbc7cf46347a6c28d3ea0dff8c4a0f1084704d51d4180d;b949692d58a1222650f66cf881e5b415b46c5770f4b5e2b626b4ebde94861d79;2026-09-23T00:53:28.118606+00:00;false
LOC-0026;LOC-0021;CAR;2026-08-17T07:00:00+03:00;OK;837;14;4677;LOCAL_VALHALLA_MATRIX;07df4eb16f66e9f81a1987270c2669d32119f5901fdace396c1d90cb1b6f1bb7;98db85c80279dda5061aec6351f677fb5b70e234f03b499b601a775ed29b4bf1;2026-09-23T00:53:28.118606+00:00;false
LOC-0026;LOC-0022;CAR;2026-08-17T07:00:00+03:00;OK;682;12;3446;LOCAL_VALHALLA_MATRIX;9abdfc121db24906a3a60e7ee19aa24df66fc1c8d1cc6593f1f042ac26ff8be8;b35dff808c908b7393ee293a0436d3dbb426ec64770f9af28c71401d9fda1a52;2026-09-23T00:53:28.118606+00:00;false
LOC-0026;LOC-0026;CAR;2026-08-17T07:00:00+03:00;OK;0;0;0;LOCAL_VALHALLA_MATRIX;fc61582034af18df7763f1a33e995db4c5bbb69af57d5e2dbe185995bbf62130;3d5812abc84c11768aa73a732c85d75dbed439188f5bb3239e9b762ea31d9862;2026-09-23T00:53:28.118606+00:00;false
LOC-0026;LOC-0040;CAR;2026-08-17T07:00:00+03:00;OK;1075;18;6209;LOCAL_VALHALLA_MATRIX;18b30b35d689d0018010a804fa8a7c3eee6ad219b2bc745a7c6294daedd1adc5;7f746d658b7a5fae602a1e5bac731c49e3baad13ddb68a24e8634022a309c3d3;2026-09-23T00:53:28.118606+00:00;false
LOC-0026;LOC-0042;CAR;2026-08-17T07:00:00+03:00;OK;1446;25;9701;LOCAL_VALHALLA_MATRIX;fcb627fa03d6c6841834b9a58b80d195a529597bcc9711556b4ce52bf24bff6c;27ed875aa9bbcb090d56f42cda58ff32c576ed2d506aa44b12324ae2b71485fd;2026-09-23T00:53:28.118606+00:00;false
LOC-0026;LOC-0043;CAR;2026-08-17T07:00:00+03:00;OK;344;6;1796;LOCAL_VALHALLA_MATRIX;3b9fe9b3c0cf8e43d99f7a962708da10ac4677238b456485bfbc234ddb1ea920;62d48a75bc3b875f6c061e3cf4a4c12b93d814db915b626a7c674f8ae6725c8a;2026-09-23T00:53:28.118606+00:00;false
LOC-0026;LOC-0046;CAR;2026-08-17T07:00:00+03:00;OK;1579;27;10017;LOCAL_VALHALLA_MATRIX;a0999a37c7ccbbd6ffe98aa3279771311ad21ec75ab23462ad3abbd2ba1f7d1c;6e8a2e1ee49b6d9d690f59c38597ed4dffc80a1afb0cec3fc57638707a526c96;2026-09-23T00:53:28.118606+00:00;false
LOC-0026;LOC-0052;CAR;2026-08-17T07:00:00+03:00;OK;1503;26;9424;LOCAL_VALHALLA_MATRIX;5886760db6f6ac3dae895bbf1aacbdf490a168fe16735b0c1dcda12174a12da1;8f38ec36080b7dc28d3cf32c13613f83a5d39cdd39747018aa7322d0d40019b7;2026-09-23T00:53:28.118606+00:00;false
LOC-0026;LOC-0055;CAR;2026-08-17T07:00:00+03:00;OK;904;16;5470;LOCAL_VALHALLA_MATRIX;449a392edd860029294ea262a99869234526cd94f6fabea6dcee8c5a84246405;4b6a38728d906e143ea09b2925997b3f01c8fa150d1e59ba189a3612fce9c6c2;2026-09-23T00:53:28.118606+00:00;false
LOC-0026;LOC-0056;CAR;2026-08-17T07:00:00+03:00;OK;988;17;5728;LOCAL_VALHALLA_MATRIX;5b4815fb6007b549b75ec315a1b1f190e6f7dddd08bec64a748c5f9106e0c298;b511f7e65ab7d590bd576938fc725e96050f69836bfe1981dc9de5f15bab471e;2026-09-23T00:53:28.118606+00:00;false
LOC-0026;LOC-0068;CAR;2026-08-17T07:00:00+03:00;OK;1626;28;10514;LOCAL_VALHALLA_MATRIX;94443f15d13f75abe7ef4be422db8d3964e3de8bc34bedaa42043c3cda6945e2;5e2463f6813a86873d6ca112016348c5b77a7556e220bd54431def6431d3507d;2026-09-23T00:53:28.118606+00:00;false
LOC-0026;LOC-0079;CAR;2026-08-17T07:00:00+03:00;OK;872;15;4692;LOCAL_VALHALLA_MATRIX;204f43407d671eecfcaf57951ba1ceaee046a5adb57b8162847752f87135d7dc;930dba75b127aebf2d468b90c788306b4c700714586dc41e93d65d3e138b07db;2026-09-23T00:53:28.118606+00:00;false
LOC-0026;LOC-0084;CAR;2026-08-17T07:00:00+03:00;OK;472;8;2071;LOCAL_VALHALLA_MATRIX;247ce3f2c9f6d37d6d66a26436d00bfcf26562aa1c5b212dacf84aa049155563;b5f955a882852e882b4805fe5d1b14bb92c03ee426c9ff0fcc2205bc0324884a;2026-09-23T00:53:28.118606+00:00;false
LOC-0026;LOC-0087;CAR;2026-08-17T07:00:00+03:00;OK;537;9;2524;LOCAL_VALHALLA_MATRIX;fd8dc2a0c1a40425e62549bcd5f2df6b971217995f49d6cf1b8e920a8638cbbf;8c13839e2982780b106858a732e4a0e2116071ce3061c7d84256a2b8cc238ff6;2026-09-23T00:53:28.118606+00:00;false
LOC-0026;LOC-0105;CAR;2026-08-17T07:00:00+03:00;OK;777;13;4385;LOCAL_VALHALLA_MATRIX;adb1ba6b6a32b4bf7dc7a2dfe931c3b46d250a9960183087f5022b047f8692cb;5230a275d22964a84db5f170980babe2bbeef5d2f0a5d4e348787bc63a547d9a;2026-09-23T00:53:28.118606+00:00;false
LOC-0026;LOC-0108;CAR;2026-08-17T07:00:00+03:00;OK;1163;20;7549;LOCAL_VALHALLA_MATRIX;18da8a38448b263e90e3017f8017ed77cf130db1cd5d4aa46a5fa140d5c57354;28147adbc74257d8a9b3c759b96767e1336e0a6b91156e979d8347803f82f1e4;2026-09-23T00:53:28.118606+00:00;false
LOC-0026;LOC-0109;CAR;2026-08-17T07:00:00+03:00;OK;482;9;2384;LOCAL_VALHALLA_MATRIX;8e64c3139a839169cc62c657bf09682e97acb1f183fcd9b03d9857bf2d36f6f6;b9a66a192e59d313c7541ac9935d494e5cb33a0286c2d4c89125c4bc11ece467;2026-09-23T00:53:28.118606+00:00;false
LOC-0026;LOC-0114;CAR;2026-08-17T07:00:00+03:00;OK;843;15;5249;LOCAL_VALHALLA_MATRIX;2b192e36079b2c108e7c0df96c68f68f040c1ca52c907721b88ca9d26a324c86;3d5b9aee3e7c3ce8b206247aa8733014c4000897eed529e2ff1fb8204eca81cb;2026-09-23T00:53:28.118606+00:00;false
LOC-0026;LOC-0116;CAR;2026-08-17T07:00:00+03:00;OK;1159;20;7765;LOCAL_VALHALLA_MATRIX;517fa2aaeef6032122d28633c3ddbfdd5eb9a42547300b4ec58b71a112769198;3c3b603f476886828c60c3b48ab5e852e0c704dfd895c6596d70bd96c58a497e;2026-09-23T00:53:28.118606+00:00;false
LOC-0026;LOC-0117;CAR;2026-08-17T07:00:00+03:00;OK;1208;21;7904;LOCAL_VALHALLA_MATRIX;a03e4c9f6075eaffd9274e526b56373c4cd482eac9b74c5771f47b8b05ec993f;74a161d02ccaf30328b29cce70792e3d95a180c1ffe10c158ae2d70852c48047;2026-09-23T00:53:28.118606+00:00;false
LOC-0026;LOC-0119;CAR;2026-08-17T07:00:00+03:00;OK;337;6;1510;LOCAL_VALHALLA_MATRIX;06d56a977d6c0d9b5f71eb7614f44f690ab790ce774c2cf2af9160013931d7b3;d81d84f1cec6e816c42866056703ecae15568f0a6be4e00b4d4338558ea0bf25;2026-09-23T00:53:28.118606+00:00;false
LOC-0026;LOC-0120;CAR;2026-08-17T07:00:00+03:00;OK;557;10;3031;LOCAL_VALHALLA_MATRIX;cf68d6df038c19fcb0a9d255ea1fc80ed1801500a3e1588e14b63523a2d21bcf;7f2de260c81318b1e61cfe6a360c75338e94a851661d51e55cf18d5571acf40d;2026-09-23T00:53:28.118606+00:00;false
LOC-0026;LOC-0121;CAR;2026-08-17T07:00:00+03:00;OK;248;5;1220;LOCAL_VALHALLA_MATRIX;aa20ee1bc2f79fb453252ad578ebe555c53504966043a8dcf6d7be211d31ca0b;73e62fdb05ef12227a5808bf347285bee8cd0a39a222c66a7e64fcd97aa11d88;2026-09-23T00:53:28.118606+00:00;false
LOC-0026;LOC-0127;CAR;2026-08-17T07:00:00+03:00;OK;1328;23;9124;LOCAL_VALHALLA_MATRIX;3e161275ffd2ea73e60df441e21ae0aa1f3d25ab135802d7065d18583293b9ca;8551b041f51072e1d9d63586c7ab6a09bf24c66a0d2fe609241e5c3261aa5d43;2026-09-23T00:53:28.118606+00:00;false
LOC-0026;LOC-0131;CAR;2026-08-17T07:00:00+03:00;OK;1018;17;6771;LOCAL_VALHALLA_MATRIX;d991c1f690ffabf3f69d7f0c981ea720606ca8ac39be0a4a51f1ec77a9cc52e8;ee61cb008a04df656258975e52fd68b5646e5df4f994e54eb522bd54b260fa11;2026-09-23T00:53:28.118606+00:00;false
LOC-0026;LOC-0132;CAR;2026-08-17T07:00:00+03:00;OK;1550;26;10048;LOCAL_VALHALLA_MATRIX;732f456f72740e5ecb953f92de2497c61644cfc09425cfd836b029b7e6d2a51a;750fa449deaae3261cf2a9c962a84055d7dc0f5272ad751dd0ef32e7724e9931;2026-09-23T00:53:28.118606+00:00;false
LOC-0026;LOC-0138;CAR;2026-08-17T07:00:00+03:00;OK;1260;21;8473;LOCAL_VALHALLA_MATRIX;334fb8daac69d2151a17df2ee6a3dae8b0df30f02b721f78963c08224b4c4253;2a555212a62482ba2a9a685ced1a89c2bb60a0fb0ac91bc8ff0d22a48d5ecffd;2026-09-23T00:53:28.118606+00:00;false
LOC-0026;LOC-0143;CAR;2026-08-17T07:00:00+03:00;OK;771;13;4861;LOCAL_VALHALLA_MATRIX;5b2ce7d04a44f2958dd00a729eaf0be0f33f7483d8abfb616044554d1e6cb2e4;bdeb80c230f1fab6fb148e3ee32e9ecf3ca24cd69b435ff0557144a7204a2f28;2026-09-23T00:53:28.118606+00:00;false
LOC-0026;LOC-0144;CAR;2026-08-17T07:00:00+03:00;OK;409;7;1878;LOCAL_VALHALLA_MATRIX;a08996a254ba5ad420c6c8da610762de0b7ad8999afb340ab2c1bbb10ce2b70f;01cc51145ce9853b879b05d254bb78d4d572096b4ca1c8c2496040439175578d;2026-09-23T00:53:28.118606+00:00;false
LOC-0026;LOC-0146;CAR;2026-08-17T07:00:00+03:00;OK;922;16;5652;LOCAL_VALHALLA_MATRIX;5f5da61d5c3f6568488c7acc3349a696eb009d30d88bdf25a92fec4686722738;c68f4961b1349afed805363d12be73c8bf5c299ab4e5bb5549e40788665cc8a0;2026-09-23T00:53:28.118606+00:00;false
LOC-0026;LOC-0154;CAR;2026-08-17T07:00:00+03:00;OK;762;13;4113;LOCAL_VALHALLA_MATRIX;0d0fac480ce7ec88d41521001cdd5131c971a10a2244d857b8e32a8e03059dd2;894422c3426a219d14eb34b224f13f48b9a894d723a9ecd842ba826a4b76aa4c;2026-09-23T00:53:28.118606+00:00;false
LOC-0026;LOC-0188;CAR;2026-08-17T07:00:00+03:00;OK;632;11;3777;LOCAL_VALHALLA_MATRIX;9501467bd2ea8b5290fc15e349275b3168c2bfd0f6e6855faba00af1cfb3cfed;a9548d47cef25e32269436cb94314a9e8190b56b4ec2477a8f7847a4633c7825;2026-09-23T00:53:28.118606+00:00;false
LOC-0026;LOC-0191;CAR;2026-08-17T07:00:00+03:00;OK;873;15;4901;LOCAL_VALHALLA_MATRIX;0614d14b471ed508ca8671f8220b5adfa1e2e17570e7c2b1d2b43ba5754bbcb6;5d1a6d7e1bbe5fe722f1752ffc891a5990eafb5f1100818835d6b12c201b219e;2026-09-23T00:53:28.118606+00:00;false
LOC-0026;LOC-0193;CAR;2026-08-17T07:00:00+03:00;OK;1797;30;11859;LOCAL_VALHALLA_MATRIX;8fc0c35593d3f4051a77425e88c66b6da9e66c82c54aba0f6a85fa9d336c4cc8;d310cf5c94b46a8a9fe3cd806a9b76bd0ba15433ee9f7245eb4bfd92ae9cbfc0;2026-09-23T00:53:28.118606+00:00;false
LOC-0026;LOC-0194;CAR;2026-08-17T07:00:00+03:00;OK;1878;32;12133;LOCAL_VALHALLA_MATRIX;65858add29b8610938c38e1225e3eb7a3c4a35e8fe523a72405d54c5094592cc;60607cda41b2dbcbb431cc30bcaf020bdb736c4113e2ef8c524a23501ff4bea6;2026-09-23T00:53:28.118606+00:00;false
LOC-0026;LOC-0195;CAR;2026-08-17T07:00:00+03:00;OK;768;13;4506;LOCAL_VALHALLA_MATRIX;5536a7c3c48639844bd234d7f7de51e4881fb0d0345cc5dbcecdc4ad4dd9541f;f27d243a2a594614edbd0bc21c6ed0afd89b13f9d6b4032398c14eff5ec42293;2026-09-23T00:53:28.118606+00:00;false
LOC-0040;LOC-0001;CAR;2026-08-17T07:00:00+03:00;OK;962;17;6295;LOCAL_VALHALLA_MATRIX;67e49b63d941b5a119fccdad11a539346157fb0ac57f6826421eaf3d80e5f55b;4456704b0e6cd6d13d1e5ad7e05164d0f3d1625191eaa3e0dc139f77f485219c;2026-09-23T00:53:28.118606+00:00;false
LOC-0040;LOC-0007;CAR;2026-08-17T07:00:00+03:00;OK;407;7;1393;LOCAL_VALHALLA_MATRIX;9ddf4d3c1e58854da5eeb9390e304ced4102bc4ef788936e10eab239e628e026;6508a1c100f13802fcccc106cdc815b53c85cada5063c4e4f4304483755c892c;2026-09-23T00:53:28.118606+00:00;false
LOC-0040;LOC-0014;CAR;2026-08-17T07:00:00+03:00;OK;1986;34;13246;LOCAL_VALHALLA_MATRIX;5f4e16e00b940c8b6d8b09b8785785e57e571729a216693ad31a6aff167e2725;4592d1018bbe16c61025131d4a8fd2cfaa593fb49a909b40c0f3bfad99d69e48;2026-09-23T00:53:28.118606+00:00;false
LOC-0040;LOC-0015;CAR;2026-08-17T07:00:00+03:00;OK;1709;29;12236;LOCAL_VALHALLA_MATRIX;bd9773677be9191e46801b3a6619aafe70e70846b7c6c5bf4cf42dc95087f204;f618346a64a1f046fc9d8d078e1c8a530eb2bec76088ae5d43c99483e1670852;2026-09-23T00:53:28.118606+00:00;false
LOC-0040;LOC-0021;CAR;2026-08-17T07:00:00+03:00;OK;753;13;3517;LOCAL_VALHALLA_MATRIX;ed0c1e4abfa8eab46841c9710b582529ac61de406e2fce9acab437c741e0d9a8;44aaa0a6532d86a138e6f549737cc634c31ee7a0cc362868cb5e305be85667d7;2026-09-23T00:53:28.118606+00:00;false
LOC-0040;LOC-0022;CAR;2026-08-17T07:00:00+03:00;OK;802;14;5240;LOCAL_VALHALLA_MATRIX;9a8955b8a821f71b0a9aaf6d6eba27a95a18e2aaa21171b03762057ed3df92e2;211132694abe1791f3bfa9af58e6b3653e08b3a4d321c7fdb1679595b52f25a1;2026-09-23T00:53:28.118606+00:00;false
LOC-0040;LOC-0026;CAR;2026-08-17T07:00:00+03:00;OK;809;14;4844;LOCAL_VALHALLA_MATRIX;8d37dde5a09ad2010ff8ebbc4d52f241088d4eb976a922598b22921e43a23055;4afb7003a577912fc3f36005ef13b4a11d5073cb560ff9fd190303803647eb30;2026-09-23T00:53:28.118606+00:00;false
LOC-0040;LOC-0040;CAR;2026-08-17T07:00:00+03:00;OK;0;0;0;LOCAL_VALHALLA_MATRIX;c245caaa91f0577fde6e0b0574518692b450bea5f6f39c4f4ddd2db5eca126c7;3d5812abc84c11768aa73a732c85d75dbed439188f5bb3239e9b762ea31d9862;2026-09-23T00:53:28.118606+00:00;false
LOC-0040;LOC-0042;CAR;2026-08-17T07:00:00+03:00;OK;1651;28;11511;LOCAL_VALHALLA_MATRIX;712685675fdb2d6c03b753d2a48c69ae8e2ee42cd6ce38ef0bcf608ea1885f07;003c3bad728b1295442120d0781ca9f448500a23f2d6f3a8ad0fe05dc661ae1c;2026-09-23T00:53:28.118606+00:00;false
LOC-0040;LOC-0043;CAR;2026-08-17T07:00:00+03:00;OK;678;12;4208;LOCAL_VALHALLA_MATRIX;fde9f2e038837d4fdfb8b78790c907a5ec443e7e681fc4535707f652b8ac286a;6b4aa03004f90acebf71bcf9d79f90052eea03cabe2ab396e89b67f969c54684;2026-09-23T00:53:28.118606+00:00;false
LOC-0040;LOC-0046;CAR;2026-08-17T07:00:00+03:00;OK;2162;37;14245;LOCAL_VALHALLA_MATRIX;1f6e9820d20202ebb3c0665e2abccf5c01d3c72300ca0a1451a51afb2e8b19c7;2003bd8ba77bc33a3a259e8b8eb260de6b1d77e8f8cc082f2f2a07514be69754;2026-09-23T00:53:28.118606+00:00;false
LOC-0040;LOC-0052;CAR;2026-08-17T07:00:00+03:00;OK;2075;35;13441;LOCAL_VALHALLA_MATRIX;b9cf76db44e573a3f0392f810737b1f3a68f096fe82c50a6813107bfc9001692;6643ca3b8f26e6e78ebfcff8e95ec91d77ce63bfefb9dc44c314710ae8df749c;2026-09-23T00:53:28.118606+00:00;false
LOC-0040;LOC-0055;CAR;2026-08-17T07:00:00+03:00;OK;1028;18;6719;LOCAL_VALHALLA_MATRIX;c1c30ba92d9be215172b66fcc92164132214bf83047d9172fda268853be7aeda;8ef7e1fcb23b584359f7a0944b5086496ee88981e7527844a1cf9eb53ac68e7d;2026-09-23T00:53:28.118606+00:00;false
LOC-0040;LOC-0056;CAR;2026-08-17T07:00:00+03:00;OK;1113;19;6977;LOCAL_VALHALLA_MATRIX;21dd54448eae7a4990acfe4d3b70b79a3de7230a1e3e4652cd471534820acf3d;a31de1a407327a75fc4780144ddf10a6bca460bd16d935bccd59f72663f1fd5b;2026-09-23T00:53:28.118606+00:00;false
LOC-0040;LOC-0068;CAR;2026-08-17T07:00:00+03:00;OK;2209;37;14742;LOCAL_VALHALLA_MATRIX;8255b9bfbcaa7e69fb82275760f87ed9a10a5e4f34b399fe4590160d9f378d6d;c28897d8ba632a4ac7af3de8e9e13a0410c7042bcabca968ec57f503669e9e78;2026-09-23T00:53:28.118606+00:00;false
LOC-0040;LOC-0079;CAR;2026-08-17T07:00:00+03:00;OK;1227;21;7706;LOCAL_VALHALLA_MATRIX;a6e6134d681da5b11d805dd75277521845140b8144e8341295888e291291ffe7;372290b66cd4fe4fb9c96c5d0a4c9f7502d591e98e58b9332f6117faa106ec08;2026-09-23T00:53:28.118606+00:00;false
LOC-0040;LOC-0084;CAR;2026-08-17T07:00:00+03:00;OK;1150;20;6706;LOCAL_VALHALLA_MATRIX;0e0268072a7e2895567f54336759e2eefc2694a60ccab89fe28615956a9acac2;93a9d12d26d43127187c20cc2acca06a582e8e69cb5425ec9f5831ce3359050b;2026-09-23T00:53:28.118606+00:00;false
LOC-0040;LOC-0087;CAR;2026-08-17T07:00:00+03:00;OK;871;15;5132;LOCAL_VALHALLA_MATRIX;e0da090061137ef603e954464f67afec519560d03190f525e89e029685d60341;9cd42a9dd7a36e9a45abd622c3b746e8d13f587fbf0272e90484601ef71347e5;2026-09-23T00:53:28.118606+00:00;false
LOC-0040;LOC-0105;CAR;2026-08-17T07:00:00+03:00;OK;881;15;5592;LOCAL_VALHALLA_MATRIX;43deb8f9432ec2da1f1d1011dc11826cba7ca3cd741a36fe8c4ef15195273b25;cdc26b790b69fa7e998769bb5d997b93f3967ef7867642a8e7c96c67c36faa65;2026-09-23T00:53:28.118606+00:00;false
LOC-0040;LOC-0108;CAR;2026-08-17T07:00:00+03:00;OK;1867;32;12436;LOCAL_VALHALLA_MATRIX;c8ab11ff9faf6cec551985d1c3774f4028aee4cd1a505ebab7be8415848fd8ac;ff32999fa482808b0732b005e1ace84f9b18998f7956f6f157d8f8f732527887;2026-09-23T00:53:28.118606+00:00;false
LOC-0040;LOC-0109;CAR;2026-08-17T07:00:00+03:00;OK;1161;20;7019;LOCAL_VALHALLA_MATRIX;307bc65f1787c5af4ab18b9eb17965ccbf9e8b17e1d95a8c46093b2cec53d154;3219344df623f1124788dd0f3704bfa26cc358332a9a3c128cb979f53f0a49c0;2026-09-23T00:53:28.118606+00:00;false
LOC-0040;LOC-0114;CAR;2026-08-17T07:00:00+03:00;OK;1547;26;10136;LOCAL_VALHALLA_MATRIX;1a46add58412bd5e7953a666028bb8a5771428d794b0e8338e0c0b0ef976deb4;d066609af79e0e7dfde665451e07287fd9762c802e227bf2ad4bb0035b18de31;2026-09-23T00:53:28.118606+00:00;false
LOC-0040;LOC-0116;CAR;2026-08-17T07:00:00+03:00;OK;1863;32;12652;LOCAL_VALHALLA_MATRIX;e37a67c52156ad5f301e19d04e3c032a7cf97eea54cab6ead9c6686b57f57831;5bbe28e592aed11b875ea451283bfccb33ddab8aabd1c49cb57f5d19db498af4;2026-09-23T00:53:28.118606+00:00;false
LOC-0040;LOC-0117;CAR;2026-08-17T07:00:00+03:00;OK;1912;32;12791;LOCAL_VALHALLA_MATRIX;80492bf9d2bebd2e9058c63f0fc14f1250e43e748bcb719e57a26ca92265b442;e2bb5ab4bbf7b17869e600bdd7b3561f91d82aea2b7422a6411542256fb7a9c0;2026-09-23T00:53:28.118606+00:00;false
LOC-0040;LOC-0119;CAR;2026-08-17T07:00:00+03:00;OK;857;15;5393;LOCAL_VALHALLA_MATRIX;b9941e7d3cb4a57823a1a8c5f191a53bf89196c4ca13739ac400fc622f5773e1;456eb2a554f91be088246a04415a13b890c9fd523d21d093602f8aa0754ccd80;2026-09-23T00:53:28.118606+00:00;false
LOC-0040;LOC-0120;CAR;2026-08-17T07:00:00+03:00;OK;915;16;5722;LOCAL_VALHALLA_MATRIX;51a9303cd6b3f2d459dda36e206a6b654fe53178712aaba62ea7a76fb273d71d;4bd5c18c8ff4b5bc42a3bade49126d7f2eac6abf64977ecd66135deb908a85c9;2026-09-23T00:53:28.118606+00:00;false
LOC-0040;LOC-0121;CAR;2026-08-17T07:00:00+03:00;OK;877;15;5170;LOCAL_VALHALLA_MATRIX;d3013c9f589b9e5ee4023aee8d74511879f1b6142d6c405a4d86e50cd032fb7e;3bee355a0d9ef18fcfe7f336574ff5119caa57e6fab58bf2e5e64b9ca8d8143a;2026-09-23T00:53:28.118606+00:00;false
LOC-0040;LOC-0127;CAR;2026-08-17T07:00:00+03:00;OK;1873;32;13191;LOCAL_VALHALLA_MATRIX;4b942eece276e1b7d74d4b847de074369bb57beecec940b7cbd0c144a5ac59a1;de600f9ed76f98d3980b350766f90b02f5c16263e0594791efeb5605143cea9a;2026-09-23T00:53:28.118606+00:00;false
LOC-0040;LOC-0131;CAR;2026-08-17T07:00:00+03:00;OK;1723;29;11658;LOCAL_VALHALLA_MATRIX;e828171da940a3c9cf2168530408cdb10c785f2d821526345249d95626d5dbb3;37aa66753a9fd5b14033c86f809f707d883586a5ee2656058c30a023efb248bc;2026-09-23T00:53:28.118606+00:00;false
LOC-0040;LOC-0132;CAR;2026-08-17T07:00:00+03:00;OK;2133;36;14276;LOCAL_VALHALLA_MATRIX;d1993ef7161faf41064b92fdf14a69043fa13ed3b387a4616f235d1e6da10c72;59c97bc80d976bc5bbbc2f6e0ddcd8659191b6fb14180c8a3ca4f1b0fdd09041;2026-09-23T00:53:28.118606+00:00;false
LOC-0040;LOC-0138;CAR;2026-08-17T07:00:00+03:00;OK;1702;29;11819;LOCAL_VALHALLA_MATRIX;0aaf73176648f954aca32cd56921605cfbdbd1c10ce94e182acedbd0f1591431;d4a25924c5b584d3bf4a134e2b4cf43853e71281238bdd90145db8944150f480;2026-09-23T00:53:28.118606+00:00;false
LOC-0040;LOC-0143;CAR;2026-08-17T07:00:00+03:00;OK;311;6;1348;LOCAL_VALHALLA_MATRIX;ac0a614806758980aa3c18b6c701ea3a501a2938cd74a6ac2671aa4aad8e85b2;3290167b6408588ded86154e7e570024a2cdfb8ccbc6e1c9341ebf0af94f1442;2026-09-23T00:53:28.118606+00:00;false
LOC-0040;LOC-0144;CAR;2026-08-17T07:00:00+03:00;OK;870;15;5225;LOCAL_VALHALLA_MATRIX;708d8f8f82d35a08e45bdc4b62374992003f551997de9bd2b4b3a991f421a083;08fdc0961da00865f92cf883c048f2104aa85e6d8077cd3afc5415fe1eab0da2;2026-09-23T00:53:28.118606+00:00;false
LOC-0040;LOC-0146;CAR;2026-08-17T07:00:00+03:00;OK;1057;18;6865;LOCAL_VALHALLA_MATRIX;29e4b33750d47862008872c4ad0e608f2409c153093b08049a361746ff110134;7b9124a12bfc430fb8f5ddfb329a0f5df18b6f01b9e2c761feda4f60d22ac804;2026-09-23T00:53:28.118606+00:00;false
LOC-0040;LOC-0154;CAR;2026-08-17T07:00:00+03:00;OK;871;15;5310;LOCAL_VALHALLA_MATRIX;7b33e699a8668709bce57cc7234542ea8ff0319174b357dfbe6b00ba88cb3e5a;bc911e1a144e8b4537675896edaa5fa10e9ea45d8e13d294480921421a6aff10;2026-09-23T00:53:28.118606+00:00;false
LOC-0040;LOC-0188;CAR;2026-08-17T07:00:00+03:00;OK;1311;22;8412;LOCAL_VALHALLA_MATRIX;362c7c5b46ae26c9769a95719a08ab445d12a2f7f3d57ef2ca4f23237c9cd044;6dc53d73a7fe83fc66196b990ce2a38df440a842b787dfdd561447b073a38786;2026-09-23T00:53:28.118606+00:00;false
LOC-0040;LOC-0191;CAR;2026-08-17T07:00:00+03:00;OK;481;9;2105;LOCAL_VALHALLA_MATRIX;4859ba475e420b4f24471968382e417e46756b9669a4456ec7285c7cce7adaed;efb630b0fdc8ec8d57e88fc4c467d635c49d4b78985b52defffbe74aa5dbae8e;2026-09-23T00:53:28.118606+00:00;false
LOC-0040;LOC-0193;CAR;2026-08-17T07:00:00+03:00;OK;2444;41;16698;LOCAL_VALHALLA_MATRIX;80bb49cc8588746006b3c960cfe23d14b4134c054a6a65962df7f166e816a3d1;9e42ec8e3d427ed82d495f7164618efd5712a74ea238e960867f2c16b1642b7b;2026-09-23T00:53:28.118606+00:00;false
LOC-0040;LOC-0194;CAR;2026-08-17T07:00:00+03:00;OK;2525;43;16972;LOCAL_VALHALLA_MATRIX;45cad24f59b7b9e39ce5fc5e0206e628c7133bdd67e111500e994d8a94443f0a;8452fe072d0c39c610edd33c69022182e9f4fb44e375e6c95082c18328fbe5e5;2026-09-23T00:53:28.118606+00:00;false
LOC-0040;LOC-0195;CAR;2026-08-17T07:00:00+03:00;OK;763;13;4874;LOCAL_VALHALLA_MATRIX;7b0712a09d6bfe0af5789161934fdd03772d8072c2791e3cc40fb8305d722e4a;850b0dcacdffcfc97e467f7ef268dcc62327b07a3cdcfe039e62c4625722f0ad;2026-09-23T00:53:28.118606+00:00;false
LOC-0042;LOC-0001;CAR;2026-08-17T07:00:00+03:00;OK;1007;17;6907;LOCAL_VALHALLA_MATRIX;d96d23d33356f2e28bba93c4961de1d1d7ad960f3172eb7e546fcc4586f31b19;1ce16a3d28eaf9603644b2af2e8f4bd82213812b31edc3cb1e524bfc0ee0f3d8;2026-09-23T00:53:28.118606+00:00;false
LOC-0042;LOC-0007;CAR;2026-08-17T07:00:00+03:00;OK;1661;28;11752;LOCAL_VALHALLA_MATRIX;bb7e333c4748bc1bd22955a7c860c862aca7fea1480a1ebee02f3d3cde6bdd18;86856527b00898693b124387321221ab5e5c1cb2c6144724a5ab5f5d36e88541;2026-09-23T00:53:28.118606+00:00;false
LOC-0042;LOC-0014;CAR;2026-08-17T07:00:00+03:00;OK;585;10;2932;LOCAL_VALHALLA_MATRIX;7ce963f0b466e947f0061938df62c331b20b77c57cefe6cfacfc867e67e5bdc3;ba4c9a7626f6a958749ea1ed9992d2878d8ff7f96c74a7fb9bc000668bcf8b5d;2026-09-23T00:53:28.118606+00:00;false
LOC-0042;LOC-0015;CAR;2026-08-17T07:00:00+03:00;OK;451;8;2830;LOCAL_VALHALLA_MATRIX;019011969a4599fe9081080462dc6b664eab393721b5390aa166098c7d277eed;44550831b13e89d72df1f9ab52b3280826ec75f89d83e04cf7a74852c5e2676b;2026-09-23T00:53:28.118606+00:00;false
LOC-0042;LOC-0021;CAR;2026-08-17T07:00:00+03:00;OK;1233;21;8247;LOCAL_VALHALLA_MATRIX;369a23440f3543fc4df1c3b4f6a5469325ac1f0e95bd69add2b047068570d37a;1da100dfa03f8f48018ce6d0da87ebf8f0f3f02c0cce21d220b10bbe73c9a828;2026-09-23T00:53:28.118606+00:00;false
LOC-0042;LOC-0022;CAR;2026-08-17T07:00:00+03:00;OK;1077;18;6595;LOCAL_VALHALLA_MATRIX;5880e583056d63d65cf4a86a96df8a1008843c793d5f76746042777f1ed1305b;5148e353d1da32c97714e05bf0b6726df967ddad223d18ba10a9dbb5154248b9;2026-09-23T00:53:28.118606+00:00;false
LOC-0042;LOC-0026;CAR;2026-08-17T07:00:00+03:00;OK;1539;26;10627;LOCAL_VALHALLA_MATRIX;fa2f57c20b6ff9bf58978a2dbe8e97697b53989e75f13552b6578e0a529deb94;8a1e4fa5d677819a3e95d100614723e7675ced167b601d06954708e742d715fd;2026-09-23T00:53:28.118606+00:00;false
LOC-0042;LOC-0040;CAR;2026-08-17T07:00:00+03:00;OK;1952;33;14617;LOCAL_VALHALLA_MATRIX;cf193414a21857f7c90948e874a4b3ca33a9097c973d7dc9fc0d95de119133a9;974e720883d7e0d740bd9b007cb85476c4963fade2fcb562f51da4b8ef60b6d5;2026-09-23T00:53:28.118606+00:00;false
LOC-0042;LOC-0042;CAR;2026-08-17T07:00:00+03:00;OK;0;0;0;LOCAL_VALHALLA_MATRIX;22ed1e6bad9f0a62ebf72b3e596c16ba45411aec49c63993a610f54ab7b2ff8c;3d5812abc84c11768aa73a732c85d75dbed439188f5bb3239e9b762ea31d9862;2026-09-23T00:53:28.118606+00:00;false
LOC-0042;LOC-0043;CAR;2026-08-17T07:00:00+03:00;OK;1320;22;8951;LOCAL_VALHALLA_MATRIX;44f2d69709826987ecd07036b8c7836106e7d224aae3fefc09ba700ff70c0344;a52dae7de878ac407e672701191536273b0620fad37449b1dcae2e523c007252;2026-09-23T00:53:28.118606+00:00;false
LOC-0042;LOC-0046;CAR;2026-08-17T07:00:00+03:00;OK;1083;19;6916;LOCAL_VALHALLA_MATRIX;3671d3868a2db653b453e7626484eb6e016ea7e6d87180c3e0a04f7e021e175b;ada7933fe6cc2eac51e7ee173ac9fc9eec8ccc32fffef7973ea4d3d8d78fb36b;2026-09-23T00:53:28.118606+00:00;false
LOC-0042;LOC-0052;CAR;2026-08-17T07:00:00+03:00;OK;969;17;5637;LOCAL_VALHALLA_MATRIX;1cc42eb4a001f6e1937a226ef7db591a20d22238663537b92d3374c488c6c479;1bbe4b5d3f60fe3ad2b94df2208ee609ec7f97aa3f8c69e67f569d586e6e8ffa;2026-09-23T00:53:28.118606+00:00;false
LOC-0042;LOC-0055;CAR;2026-08-17T07:00:00+03:00;OK;921;16;6178;LOCAL_VALHALLA_MATRIX;fb26d9328753fd843bf0517c05d67bd2b9992f8cd16f0a2fc920729721e9e69e;4900a41e2f0ba9d9d1e672e529f777b3c7ec8287ada3c70b440a9942434793d7;2026-09-23T00:53:28.118606+00:00;false
LOC-0042;LOC-0056;CAR;2026-08-17T07:00:00+03:00;OK;975;17;6240;LOCAL_VALHALLA_MATRIX;8714ea8397ac7dbd8303f34b0c211cf36e17b972bfafd43c887f4371fdae0dff;1d8b8c10b32408d6c94068f321309a58465d43193a49794c700e777e7dd2ab5f;2026-09-23T00:53:28.118606+00:00;false
LOC-0042;LOC-0068;CAR;2026-08-17T07:00:00+03:00;OK;1131;19;7413;LOCAL_VALHALLA_MATRIX;7a26e942b08ccdf9aadf3f9070cfd963a60566131d7af21b9fc47a5a35c570f5;f439d32483b7b29473dd57135c003d9c9efb41cb1c3109259adc157f2d27392e;2026-09-23T00:53:28.118606+00:00;false
LOC-0042;LOC-0079;CAR;2026-08-17T07:00:00+03:00;OK;1224;21;7120;LOCAL_VALHALLA_MATRIX;775e590c76c85da183c2c09881600ff85427c5684267d5f350bd29a53f57cf69;5def888cbf251e4f99356b70f7c030811886bac7fa58691e2096b423522a3ab7;2026-09-23T00:53:28.118606+00:00;false
LOC-0042;LOC-0084;CAR;2026-08-17T07:00:00+03:00;OK;1417;24;9234;LOCAL_VALHALLA_MATRIX;5aedde93addf658da49901e722185678fee4c20d719560c5aa16db5ce465ecbf;29af9649e8cfb17e5167c0bbc4ee3f3fc5b59f8f5539e184e623e0879dc13ad5;2026-09-23T00:53:28.118606+00:00;false
LOC-0042;LOC-0087;CAR;2026-08-17T07:00:00+03:00;OK;1253;21;7990;LOCAL_VALHALLA_MATRIX;0eb210983440b20db5b26d99e61c34b9c7f1f7512cea4cdfbcafe0d3807fd341;e465905f2e8bb009e5d3f9d8bb5b8495516392ef90eba0166eb4d31012b9fb92;2026-09-23T00:53:28.118606+00:00;false
LOC-0042;LOC-0105;CAR;2026-08-17T07:00:00+03:00;OK;1185;20;7934;LOCAL_VALHALLA_MATRIX;f22440a799031854ac6ab48469779c8bc3504620521ef389d87cc66f3d158fcd;c3db28e1ad9b4a02cfc66ee8aac3e305899bd328c0fc0460047a0b6329b61a2d;2026-09-23T00:53:28.118606+00:00;false
LOC-0042;LOC-0108;CAR;2026-08-17T07:00:00+03:00;OK;570;10;3259;LOCAL_VALHALLA_MATRIX;951736f710cfd3342acfbca539157921388e4b7c7475c8f035d93fa1725a45f1;57c733ebcbdbded50f3aadfbe624bb6d6a0cf3f36854aeb17937ad603700999a;2026-09-23T00:53:28.118606+00:00;false
LOC-0042;LOC-0109;CAR;2026-08-17T07:00:00+03:00;OK;1301;22;8722;LOCAL_VALHALLA_MATRIX;366a686046af1d5dd6313c6791198015f94b69aeaa2839cd85e69841a6c8f0b5;06a2b529a9313745c9f8f1d3b9b4e008a303149a514a9a72819391ed0bd5461b;2026-09-23T00:53:28.118606+00:00;false
LOC-0042;LOC-0114;CAR;2026-08-17T07:00:00+03:00;OK;767;13;4748;LOCAL_VALHALLA_MATRIX;c3b81181e4daf515e13b4e9a0470223a1761e76c2f8f0a18cf4fd20204832d06;151a0d44f674aeb3060ea6e511a41fd596cc0141485754ad50511db731d4d488;2026-09-23T00:53:28.118606+00:00;false
LOC-0042;LOC-0116;CAR;2026-08-17T07:00:00+03:00;OK;514;9;2843;LOCAL_VALHALLA_MATRIX;1718cac68ccf403c73b0fc192dfa5cf58d36220351acb77fc9a08e4c8a78496c;6594e74e0467cbb852dc220d2a6d1ad8b5222bf33d78260dfd7fc2bed133513e;2026-09-23T00:53:28.118606+00:00;false
LOC-0042;LOC-0117;CAR;2026-08-17T07:00:00+03:00;OK;518;9;2816;LOCAL_VALHALLA_MATRIX;bd4ef62ef3f65ae46d78eec0bf5e5db63118532524e7d3fe910934c25c74a1f4;5c3348085a4ffc508d7d050aa25a09668e48cad0090c28b5489ae77c9741e057;2026-09-23T00:53:28.118606+00:00;false
LOC-0042;LOC-0119;CAR;2026-08-17T07:00:00+03:00;OK;1288;22;8496;LOCAL_VALHALLA_MATRIX;3cf644e9541c5b745caa13228ff9d1a0a1e5be20ae60c6552e349dc47a04bbd7;4488ab75d73e05b6bb195d8384de92ab7f0ee09a4be429640b1ef74e57734b0d;2026-09-23T00:53:28.118606+00:00;false
LOC-0042;LOC-0120;CAR;2026-08-17T07:00:00+03:00;OK;991;17;6456;LOCAL_VALHALLA_MATRIX;305d263e54eb8b58861a3ea8c14fcb191aa78351757b836f6474f867555de8e5;5e1667678ac1523e316d6393abbca934614bdfc19d5d353dca351fe778bdede9;2026-09-23T00:53:28.118606+00:00;false
LOC-0042;LOC-0121;CAR;2026-08-17T07:00:00+03:00;OK;1359;23;9159;LOCAL_VALHALLA_MATRIX;91fbd9d7391324ee20f4ea48038316e32442ba2ee82e58c7ce918b2c2a4fd942;9d3699044343077abc713cd5a5fa7c933425d915abbc4a7f85fc59c52837a3c3;2026-09-23T00:53:28.118606+00:00;false
LOC-0042;LOC-0127;CAR;2026-08-17T07:00:00+03:00;OK;472;8;2878;LOCAL_VALHALLA_MATRIX;db794aa11cdd20ac2da08fa825ef196761b0a1c81de905c5544ee17f57da62b9;0bd25b5a018b8d1e0a715e6e57795f1fa5cc4318c5cdf4616240e698d11e4782;2026-09-23T00:53:28.118606+00:00;false
LOC-0042;LOC-0131;CAR;2026-08-17T07:00:00+03:00;OK;915;16;5892;LOCAL_VALHALLA_MATRIX;48e5284499eba06059746d5515322473d9bf92e591de494917f2ca4932133824;e10fba92fbffac3d3e9d4d3d2aa0dc2020c86662e05dcbdd1321a45b01ab533f;2026-09-23T00:53:28.118606+00:00;false
LOC-0042;LOC-0132;CAR;2026-08-17T07:00:00+03:00;OK;1054;18;6947;LOCAL_VALHALLA_MATRIX;5c352d6402ec6e0838eaf9c87e8a0ff371382a73e8766059deccd7a5e26d0148;d52f9427ad4f4118a4e1bb8047b57f33a4c5be7c6c98468c219b6b80763462ab;2026-09-23T00:53:28.118606+00:00;false
LOC-0042;LOC-0138;CAR;2026-08-17T07:00:00+03:00;OK;301;6;1506;LOCAL_VALHALLA_MATRIX;674d3746c8b3508595bcff5e92019826b71d3914c9aaca4a21de0f702d93d68d;ca43809d342393887e2dc04bbdd9498e9aad65afa2a93f3611ff17805e26a9eb;2026-09-23T00:53:28.118606+00:00;false
LOC-0042;LOC-0143;CAR;2026-08-17T07:00:00+03:00;OK;1591;27;11559;LOCAL_VALHALLA_MATRIX;8e3225b860ea4f632b5490dcb5b5cb6168528eff067c49d55cccb0e877260e5f;ccd1992808e5732f0e8821db6d7485eb47b500151de89ff9786d48d543706478;2026-09-23T00:53:28.118606+00:00;false
LOC-0042;LOC-0144;CAR;2026-08-17T07:00:00+03:00;OK;1218;21;7837;LOCAL_VALHALLA_MATRIX;bdd04656bee256e42bfc2d9e5940398e6aaf6f3dbe2e6b84516a092f102d6537;d0cc08c4c35894422b1e9ed0837f8521c9662d12d507dc07608098988441bd14;2026-09-23T00:53:28.118606+00:00;false
LOC-0042;LOC-0146;CAR;2026-08-17T07:00:00+03:00;OK;1058;18;6849;LOCAL_VALHALLA_MATRIX;4475bedeeeb48ed2a0b33f325ec5b606f312acbf3a9a1251b297b7859ee4785d;98caf9b4ad2254d447d7b61e30cadff11707536dc9fe6fc111a4ae7ce67c1763;2026-09-23T00:53:28.118606+00:00;false
LOC-0042;LOC-0154;CAR;2026-08-17T07:00:00+03:00;OK;1158;20;7683;LOCAL_VALHALLA_MATRIX;06bb7a973ac31f12c55d83ceab94cc1e35283332f5c3ab3f401770713860cd8a;0b3413f85da11b398bf56120635a7af845d25dd0e842f560442dbb09d4b0236f;2026-09-23T00:53:28.118606+00:00;false
LOC-0042;LOC-0188;CAR;2026-08-17T07:00:00+03:00;OK;1106;19;7192;LOCAL_VALHALLA_MATRIX;5626e6be5c38f3278e1cd16d83cefe786b2bd258ff8b99e16e9c5cbfaf2f5070;a19fae83cd85d358886a617de1bce7065d2679980666b34fc0cac04b0eb4b5d8;2026-09-23T00:53:28.118606+00:00;false
LOC-0042;LOC-0191;CAR;2026-08-17T07:00:00+03:00;OK;1687;29;11876;LOCAL_VALHALLA_MATRIX;496eeeb200f513897e96523c0d3f02d1e85fea6de4630a8f9376e3853391f9c1;f0cff7038171e0fb867dcdb4ee46f8f125cb5027f45f74182b8b3b85b10fc5cd;2026-09-23T00:53:28.118606+00:00;false
LOC-0042;LOC-0193;CAR;2026-08-17T07:00:00+03:00;OK;1241;21;8072;LOCAL_VALHALLA_MATRIX;c52a35b52e1825917ef9f306d30197f1f278dbd19d5d030ceaee2f86f18354b9;7e72d628a32528852340b1258480a74881a7e01cfdf00b23744e1ef898a1aa38;2026-09-23T00:53:28.118606+00:00;false
LOC-0042;LOC-0194;CAR;2026-08-17T07:00:00+03:00;OK;1322;23;8346;LOCAL_VALHALLA_MATRIX;bdfb8523042d062c6c06b402ab277ec53d3c6e1515da276498cb1c867f77abfc;21216b916b80152f63ddc76556599f36470029157fad2cd0bc1821dcdcc47a4e;2026-09-23T00:53:28.118606+00:00;false
LOC-0042;LOC-0195;CAR;2026-08-17T07:00:00+03:00;OK;1164;20;8076;LOCAL_VALHALLA_MATRIX;271c6152cac3043dbb5ac6217b042d0a31b7179c78a2d01ade21849398157e6a;5ec05b145e81036c127a85e0e5263e66ed31d9888d6c6832e13c6938e52fd9b6;2026-09-23T00:53:28.118606+00:00;false
LOC-0043;LOC-0001;CAR;2026-08-17T07:00:00+03:00;OK;789;14;5337;LOCAL_VALHALLA_MATRIX;127e1ffd2513b324b79cf566cb193e55144ddacaf44034d9671c2612c1a3293e;b3bf0e889fa9beb1b0d36aada743c5cfd5ffc5b63803a075f679304fcde205bd;2026-09-23T00:53:28.118606+00:00;false
LOC-0043;LOC-0007;CAR;2026-08-17T07:00:00+03:00;OK;501;9;2875;LOCAL_VALHALLA_MATRIX;25ec828abeb20e3a6d358a7ad9eee58beaab97c6564596321e6f34c6da9c1ae1;c2d0d5f4b68c387d3057340e049ca02131f16630fd597a580b71c7a945383a59;2026-09-23T00:53:28.118606+00:00;false
LOC-0043;LOC-0014;CAR;2026-08-17T07:00:00+03:00;OK;1500;25;9775;LOCAL_VALHALLA_MATRIX;5e1a940c627bb773eeff3fb83548dec185c4acb9a717dcc8c151b26ee43ed7c2;c96aa35a0bcd07dd5a3a3cf1695cbdb7c7c04c594cc8c4e74d709b1e264f3cb3;2026-09-23T00:53:28.118606+00:00;false
LOC-0043;LOC-0015;CAR;2026-08-17T07:00:00+03:00;OK;1404;24;9823;LOCAL_VALHALLA_MATRIX;015314293eaf0d8898874cdb06a4fae5d2fde2a860f36c832f5928ea92276a40;16068faa26200170ffd8fa776ab3b0407b8086704ef0be8ced5d9e42c838cace;2026-09-23T00:53:28.118606+00:00;false
LOC-0043;LOC-0021;CAR;2026-08-17T07:00:00+03:00;OK;580;10;2559;LOCAL_VALHALLA_MATRIX;4c2a87875a9bf51f538d8ac171c84330493b7e00b1c3747944bf939026ec14bf;aa56d0e985faffdba618e1ce136e122627c02dd449cbc87fc212a65861b1c171;2026-09-23T00:53:28.118606+00:00;false
LOC-0043;LOC-0022;CAR;2026-08-17T07:00:00+03:00;OK;535;9;3228;LOCAL_VALHALLA_MATRIX;fbbf5c1e2359bb2cd7f5805b17516c50184a723c06da730f016e6a897d8abb72;866c302c57ec2244d587643648eb16b9efcaf5dfae8930c067529e8ec0c139f7;2026-09-23T00:53:28.118606+00:00;false
LOC-0043;LOC-0026;CAR;2026-08-17T07:00:00+03:00;OK;274;5;1512;LOCAL_VALHALLA_MATRIX;a4e3123cbd3fe573b54f8c7bf8c8a59a37e96c379e64b297be9771f226d67b21;e311b91498b68ff53676e97cfea0972daf533fe5286c60f1ed5091c512fc2335;2026-09-23T00:53:28.118606+00:00;false
LOC-0043;LOC-0040;CAR;2026-08-17T07:00:00+03:00;OK;735;13;4030;LOCAL_VALHALLA_MATRIX;e5cc4f23bdd88e103fe19f0aa2cd25034aa3f2546691c8002afc09a2c8363de4;0c8a5ef6299c5595c09c143b8f6246424ec3c8c26a5e94ffdbda9e6f48aa1af5;2026-09-23T00:53:28.118606+00:00;false
LOC-0043;LOC-0042;CAR;2026-08-17T07:00:00+03:00;OK;1346;23;9099;LOCAL_VALHALLA_MATRIX;440375062cbf3bcc8de7ffe52d2ceb6266e54d32a20d585aee77414ebf5481bf;3be37ffe141c59bad622e039d8d671ead400a662bb1967ccd047aacabbeb4086;2026-09-23T00:53:28.118606+00:00;false
LOC-0043;LOC-0043;CAR;2026-08-17T07:00:00+03:00;OK;0;0;0;LOCAL_VALHALLA_MATRIX;1e07763d0bade6c29266b4b73f0a7bbb5c479edd5c44ea830998ae0ba4fdf7e9;3d5812abc84c11768aa73a732c85d75dbed439188f5bb3239e9b762ea31d9862;2026-09-23T00:53:28.118606+00:00;false
LOC-0043;LOC-0046;CAR;2026-08-17T07:00:00+03:00;OK;1638;28;10614;LOCAL_VALHALLA_MATRIX;01e916c33ad5a710348809716b063639130ae2521ed79438098901b303ec677e;c9ae2fdb16d3247de7640b0da4159d7f765485040cdce692a8d2db1fed54f05d;2026-09-23T00:53:28.118606+00:00;false
LOC-0043;LOC-0052;CAR;2026-08-17T07:00:00+03:00;OK;1562;27;10021;LOCAL_VALHALLA_MATRIX;6fcefa6bf9fc9dd5730ca03293f6636725fafdd355bbb63cc04c211b3d181ca8;da9f78d9912eb8dfd1a3c688ffbf1dda8b6eb048cd8511dd116a518a826c9e9a;2026-09-23T00:53:28.118606+00:00;false
LOC-0043;LOC-0055;CAR;2026-08-17T07:00:00+03:00;OK;856;15;5761;LOCAL_VALHALLA_MATRIX;6733a044c9025ec2b1b2758ce98178a8ff5f657b6552a4f240fd34e7ac4427db;730697e81a03a4e5fc498f59c5e302ee3e40befeeec7277d61587a51387200be;2026-09-23T00:53:28.118606+00:00;false
LOC-0043;LOC-0056;CAR;2026-08-17T07:00:00+03:00;OK;940;16;6019;LOCAL_VALHALLA_MATRIX;7359ec39e444f08918d63c9e5372fac83eb4c7e1ce0362d2fecab6334c86ba18;dd01695b830e25dbfe40be32406306d7bee11482cba4d48e93029986781348a5;2026-09-23T00:53:28.118606+00:00;false
LOC-0043;LOC-0068;CAR;2026-08-17T07:00:00+03:00;OK;1686;29;11111;LOCAL_VALHALLA_MATRIX;0a5242029b7354ede5e9fc5767786bf8f5909464ee2301f934f321d5b8a92dfd;8e306e1a29dee800399adee73fe3239e62ba4a41e9a01123d7ed38efd5d45f3a;2026-09-23T00:53:28.118606+00:00;false
LOC-0043;LOC-0079;CAR;2026-08-17T07:00:00+03:00;OK;797;14;4516;LOCAL_VALHALLA_MATRIX;18729f3d6fa6db33e61202768c7ab935444c694a3da7ec0dd8854aa49f9d85db;e98ebd6880ad68f54abf7b915a9942c6a880f1e54c6789781158845d1ba65728;2026-09-23T00:53:28.118606+00:00;false
LOC-0043;LOC-0084;CAR;2026-08-17T07:00:00+03:00;OK;531;9;2668;LOCAL_VALHALLA_MATRIX;0623dd406036afdd3a8000aef5cd443b294d5995c746b4e31e83edf8aa3e3d4e;8c4d4b91937dd096cb41e40765f829759095e22f8340e34e3cb93b1e516c9eaf;2026-09-23T00:53:28.118606+00:00;false
LOC-0043;LOC-0087;CAR;2026-08-17T07:00:00+03:00;OK;320;6;1465;LOCAL_VALHALLA_MATRIX;52d2445bf72b6c1ad16b6cb0c8377670e4e74cd6279d6845440a19698701880a;d7873aaa4e40b29898fc3aa910f2098dee7de45e03c8d8205c1643cf31163397;2026-09-23T00:53:28.118606+00:00;false
LOC-0043;LOC-0105;CAR;2026-08-17T07:00:00+03:00;OK;709;12;4634;LOCAL_VALHALLA_MATRIX;1c248ef6584be6df27fb6b423f6db95b35af6fcba6bf2111356ada9733f6e744;64835eae0ab551b02ad9fd44dba10fd569a8c49feed4f18ca47c56f935fec946;2026-09-23T00:53:28.118606+00:00;false
LOC-0043;LOC-0108;CAR;2026-08-17T07:00:00+03:00;OK;1222;21;8146;LOCAL_VALHALLA_MATRIX;48e4442ee06b3be5a57fa40da5e613f071b0ca212fefc1b0e709c52037a02358;f68662827550b48569ba203c470eb8d405ff21d9f4e731c70fd2191b414e4649;2026-09-23T00:53:28.118606+00:00;false
LOC-0043;LOC-0109;CAR;2026-08-17T07:00:00+03:00;OK;541;10;2981;LOCAL_VALHALLA_MATRIX;ed5a4cc38d35bdb42eb1b635e1bedc353ec6e78a6f867f6a9290e81ae573dc06;43d6b22e9a496a0e78e88b81714954cf1801980052f6db5b06058de3b0b99c3b;2026-09-23T00:53:28.118606+00:00;false
LOC-0043;LOC-0114;CAR;2026-08-17T07:00:00+03:00;OK;902;16;5846;LOCAL_VALHALLA_MATRIX;4e32201f748440e3b7206eb1abf339181c9ac93a0c4dda5c7614fb585fe94e89;9b98d5fda49378eaade69724bf1d773a4ecb9af5551d6fd03b2faa728f7c9e9c;2026-09-23T00:53:28.118606+00:00;false
LOC-0043;LOC-0116;CAR;2026-08-17T07:00:00+03:00;OK;1218;21;8362;LOCAL_VALHALLA_MATRIX;f027f1d3ba395b69c7b9a1aaa47c3e7ea64b6105c643bd590214b46f95e1ef54;c2416feb017513c08fe567d10cbe824666025f11df907747c3595ffa896cb8b0;2026-09-23T00:53:28.118606+00:00;false
LOC-0043;LOC-0117;CAR;2026-08-17T07:00:00+03:00;OK;1267;22;8501;LOCAL_VALHALLA_MATRIX;557486bf16a9ae3cc7726df6107915a57fad86d89fdf749784a8b3490b05533b;8e4ab3dba5fbaa86ce8e27402479c885925f5e35e941e1f3816912cc217d5cd4;2026-09-23T00:53:28.118606+00:00;false
LOC-0043;LOC-0119;CAR;2026-08-17T07:00:00+03:00;OK;164;3;798;LOCAL_VALHALLA_MATRIX;214d8f85e5db96d27560377ae123d8bca4963ec0f9437e663812af548c25df76;8d03f24fcdbd4e3d3730f4b2b04ae88a3bd41d3f656095f9bfbb83d35f37105c;2026-09-23T00:53:28.118606+00:00;false
LOC-0043;LOC-0120;CAR;2026-08-17T07:00:00+03:00;OK;482;9;2855;LOCAL_VALHALLA_MATRIX;d19436e0989061055d7607c2ba809d9cef5b03151b171d16d7588e0e6b5637a6;33e659d6c73f4fbea052fd6f679690f95c08d6d32c82bcceeb3ed18cdc0bde3b;2026-09-23T00:53:28.118606+00:00;false
LOC-0043;LOC-0121;CAR;2026-08-17T07:00:00+03:00;OK;275;5;1652;LOCAL_VALHALLA_MATRIX;db1deddb0e82770d26bb4737601ffb9787c08a6d1404860e7e2f7965b31010bf;eacb0426d2cd62b7fcc40a7b1cd78a9e22ac10c4cb8ff3a8de698e2a2f8c9639;2026-09-23T00:53:28.118606+00:00;false
LOC-0043;LOC-0127;CAR;2026-08-17T07:00:00+03:00;OK;1387;24;9721;LOCAL_VALHALLA_MATRIX;1452a3adead1058ea5c5e2ffe5c223bbfa28c9940edbf73939c01dbad95dd3b4;7acec34c4a54ac31ece8d739c5b96b5bfd4a2b2d65464adce737d40b2fddd487;2026-09-23T00:53:28.118606+00:00;false
LOC-0043;LOC-0131;CAR;2026-08-17T07:00:00+03:00;OK;1077;18;7368;LOCAL_VALHALLA_MATRIX;a7e5e6f4c657f04562bb59f08961472748afcd1c7bf4cdb5e80b1b7522820a0f;e0a125432566c985fa97ba3544e0711f16574cd83b03d8c9c6315bc65e79dd99;2026-09-23T00:53:28.118606+00:00;false
LOC-0043;LOC-0132;CAR;2026-08-17T07:00:00+03:00;OK;1609;27;10645;LOCAL_VALHALLA_MATRIX;e3ab9c5adf57726535beec187b0c110f8ff5a3cac9df12fa9a302686f35107a8;ff7aa904af30fb471032a474998a863a7cdffcc056b142e2b571fedfd335dc57;2026-09-23T00:53:28.118606+00:00;false
LOC-0043;LOC-0138;CAR;2026-08-17T07:00:00+03:00;OK;1319;22;9070;LOCAL_VALHALLA_MATRIX;eb74f058555b920acbcada0d6283f494df552d034b8cb9ffb673c7b5fe460651;4de9740c716d5512a7f125dc29e3521c460421f45efe4fd16b9b079153eb263b;2026-09-23T00:53:28.118606+00:00;false
LOC-0043;LOC-0143;CAR;2026-08-17T07:00:00+03:00;OK;430;8;2682;LOCAL_VALHALLA_MATRIX;7e8ae78f9aee2b5451086a6100dbe30f500cddd8b803ca6ab53afbb8a5332ff9;8e0db80a41920d9ccd828d97e13ab133f9297e7229f1e76a3e252775e78cf81f;2026-09-23T00:53:28.118606+00:00;false
LOC-0043;LOC-0144;CAR;2026-08-17T07:00:00+03:00;OK;297;5;1384;LOCAL_VALHALLA_MATRIX;e96a8eaf8ac7bf11af864cd8aef77841ba07a101786f734f39b1947c2f60621d;0aea38a3d888c6304ffb016ae08192a162d4d97a93ae22340144f2e991b8699f;2026-09-23T00:53:28.118606+00:00;false
LOC-0043;LOC-0146;CAR;2026-08-17T07:00:00+03:00;OK;885;15;5907;LOCAL_VALHALLA_MATRIX;4da33e90ac61ebeea99bf08447b3077714ecbde11ac14a81894920a5f1f50737;3e93129fdfabb41d2cfbb655ebf6290d5e54fc4165a71b2f3e9c3aa6e48b0fd5;2026-09-23T00:53:28.118606+00:00;false
LOC-0043;LOC-0154;CAR;2026-08-17T07:00:00+03:00;OK;597;10;3298;LOCAL_VALHALLA_MATRIX;c207187a272fa3d0b19025c99d0b2cc28badb0c37b3eaba30f3da9a4feaa9ca8;359befcdce08ccd2ddea807dec06be359abe554dbaac10cd6c4d24db62cf7cd6;2026-09-23T00:53:28.118606+00:00;false
LOC-0043;LOC-0188;CAR;2026-08-17T07:00:00+03:00;OK;692;12;4374;LOCAL_VALHALLA_MATRIX;91df18fb8b01d6e30dab785c1a5ac534bb8d8511e5965cee9be3a731496c115f;8dd171ee43a696643a9a57c4b3d0aaab1dcfa51c131cdc9f5bb990243bbdd496;2026-09-23T00:53:28.118606+00:00;false
LOC-0043;LOC-0191;CAR;2026-08-17T07:00:00+03:00;OK;526;9;2999;LOCAL_VALHALLA_MATRIX;446e20519ddd96d39d7c86fd38729f45b8510d4f476d53f5e378f0084c8b901d;efd74905ae042bfd850fa3276cbcc13620bbcf2b8a8ed4b7920c8d473aa3ba55;2026-09-23T00:53:28.118606+00:00;false
LOC-0043;LOC-0193;CAR;2026-08-17T07:00:00+03:00;OK;1856;31;12456;LOCAL_VALHALLA_MATRIX;d5c17682c0255d3c167ba9d6e53fa064769f09a12446e85c333130a7275aaa00;f993eb30c0e83a48dd59d7d2485aff205cd9b63337796554d567d67fac11abe1;2026-09-23T00:53:28.118606+00:00;false
LOC-0043;LOC-0194;CAR;2026-08-17T07:00:00+03:00;OK;1937;33;12730;LOCAL_VALHALLA_MATRIX;8277cddabf8fffdbd4f921a01f80601eb8a54fe96c04e6f662efd86bbc449823;dd6b347365a69d4baeed1a34d8b4aafbb7d883d0efa84d04c81cb30235848705;2026-09-23T00:53:28.118606+00:00;false
LOC-0043;LOC-0195;CAR;2026-08-17T07:00:00+03:00;OK;591;10;3916;LOCAL_VALHALLA_MATRIX;c18b2b394dbfce55f1c2d7e4ef20df0ed127cd0bdcf92e6420ce2763fc37b99a;d9c6275770b88a896fe2ed9be2a05960408db359092f55c4b453bfc18b4daaa4;2026-09-23T00:53:28.118606+00:00;false
LOC-0046;LOC-0001;CAR;2026-08-17T07:00:00+03:00;OK;1641;28;11528;LOCAL_VALHALLA_MATRIX;14f317b4a5503609009c437a481ea88c82903598f6370bce5468f08efabf4dd3;98d27a8222c3fd4bd9b5545aaf729fe09e601f75cea9c7b3c7c715f05621b23b;2026-09-23T00:53:28.118606+00:00;false
LOC-0046;LOC-0007;CAR;2026-08-17T07:00:00+03:00;OK;2204;37;16258;LOCAL_VALHALLA_MATRIX;3448882670ee37d36744e18bce1c2706b20f79859eb3128264cd144e64487bf6;0baf38cd0e0864793e1854d2ad9f906a65af68dfdda759725e4292b4dd878c6b;2026-09-23T00:53:28.118606+00:00;false
LOC-0046;LOC-0014;CAR;2026-08-17T07:00:00+03:00;OK;905;16;5148;LOCAL_VALHALLA_MATRIX;cd8cf9d634241af8a284fc3a0afd199bc209e3edaf586dac90980965f6f925d7;2981dd205e962e01a5130f92dce643808adbf3e6bfcb702d5962ab07302e38bd;2026-09-23T00:53:28.118606+00:00;false
LOC-0046;LOC-0015;CAR;2026-08-17T07:00:00+03:00;OK;940;16;6297;LOCAL_VALHALLA_MATRIX;ff71fdbf793e260e0640796f57a4121b86d1b76130ccde61eea8fe41293b02ee;a1b841476f354cc1ed59584fb3d814295e00c3245016b672b9ca3ccc7bbbc4b3;2026-09-23T00:53:28.118606+00:00;false
LOC-0046;LOC-0021;CAR;2026-08-17T07:00:00+03:00;OK;1867;32;12868;LOCAL_VALHALLA_MATRIX;c2cbf7dd6b0e774c1459b6ec2ceba3829ef62a208bfaf111aea08b3f92a73ff0;5020e9b4933949f04bae50c821290e40cce2557067289a9b96ddbbaed5e4eec3;2026-09-23T00:53:28.118606+00:00;false
LOC-0046;LOC-0022;CAR;2026-08-17T07:00:00+03:00;OK;1711;29;11216;LOCAL_VALHALLA_MATRIX;d795a3a718b80bdf1e9e72e66c47381a2b762a8f0b6226d29733d6c126b75c17;7f218b9ed64a9cf72ba21d21624ea1838980b4a5656eb35d139b45034ea5d8c8;2026-09-23T00:53:28.118606+00:00;false
LOC-0046;LOC-0026;CAR;2026-08-17T07:00:00+03:00;OK;1655;28;10565;LOCAL_VALHALLA_MATRIX;3860c6a379633c3a525de74fb556a22bccb3d08e9ece24f96e75f48a194fece5;49735b891cbc725eecf32b70c039503ba8d1aa7eb0501f74cd9402ecaceac8ee;2026-09-23T00:53:28.118606+00:00;false
LOC-0046;LOC-0040;CAR;2026-08-17T07:00:00+03:00;OK;2206;37;15658;LOCAL_VALHALLA_MATRIX;b8f7997b716e7db381151863eb684e62643d70b26b2cc899a7b2d233f0d18e81;4d74eafecf31d8f9d721aa40ea621b33866911020fadd03fe2c7cdb56607015f;2026-09-23T00:53:28.118606+00:00;false
LOC-0046;LOC-0042;CAR;2026-08-17T07:00:00+03:00;OK;1017;17;6548;LOCAL_VALHALLA_MATRIX;f871a8daf747fc11d03c98797a1ed8ee33eb49cb6e5b3fcfb537c51fa44ba3aa;c1f8c43cda5a6457e79cdb9d4d881d3c74781d4ae8d96e9c7752e56c163f2c5a;2026-09-23T00:53:28.118606+00:00;false
LOC-0046;LOC-0043;CAR;2026-08-17T07:00:00+03:00;OK;1510;26;9704;LOCAL_VALHALLA_MATRIX;fa4a68dfb51f704592638ac6378e21347279015cd5f73b0b05ddfe7e06534a24;b3273a9022b8d2b8e70388bdcc423fff2b0c38aac774e60306913233c391060f;2026-09-23T00:53:28.118606+00:00;false
LOC-0046;LOC-0046;CAR;2026-08-17T07:00:00+03:00;OK;0;0;0;LOCAL_VALHALLA_MATRIX;2f8819ac34f5d7a73a6b8e2a28d7e15b5d86879d071f863ab57080a5cdffacb1;3d5812abc84c11768aa73a732c85d75dbed439188f5bb3239e9b762ea31d9862;2026-09-23T00:53:28.118606+00:00;false
LOC-0046;LOC-0052;CAR;2026-08-17T07:00:00+03:00;OK;394;7;1681;LOCAL_VALHALLA_MATRIX;ca9cfdacb6a6d691cc48e248da5fec3777ccd950844040232e71ef1a12bd073d;6a2bdf73d207471598575336cf99f4a280deea35d3ab15ae27d7cf91187cbfd7;2026-09-23T00:53:28.118606+00:00;false
LOC-0046;LOC-0055;CAR;2026-08-17T07:00:00+03:00;OK;1463;25;9167;LOCAL_VALHALLA_MATRIX;dd38246655130cf78b50da7ae6e0e4c29b7258cb4af74b5c13842578f187cd66;83b926b0017d81f4d2f95f96abb77811b13a511cea41f998a044bacd4baac29f;2026-09-23T00:53:28.118606+00:00;false
LOC-0046;LOC-0056;CAR;2026-08-17T07:00:00+03:00;OK;1517;26;9229;LOCAL_VALHALLA_MATRIX;c0a7d9f73ad1609859ad8b67163e64e47095fd94a625af92b759b11102b9b271;f6ad3da5f2b26ae9b2df7885227a041279e0bc3dd6e23439be8e793104307aea;2026-09-23T00:53:28.118606+00:00;false
LOC-0046;LOC-0068;CAR;2026-08-17T07:00:00+03:00;OK;287;5;1376;LOCAL_VALHALLA_MATRIX;e926f3ca7c36ab670613f62ca120fe07aa3682609fee61deacbdffbc4c4f3fe1;c91fa2a55c838b9531440c3d157babcee52f23737a1a2719a524f7e90c1c0550;2026-09-23T00:53:28.118606+00:00;false
LOC-0046;LOC-0079;CAR;2026-08-17T07:00:00+03:00;OK;1341;23;7935;LOCAL_VALHALLA_MATRIX;5b7172271cfeac71580995d4a54d040f7badcc018ede0e935360edb2d82d4986;4fc8fb72d0fbcec5b8ba1a77aba477e064d8c9f61b1abb137dfdbad4d723bda0;2026-09-23T00:53:28.118606+00:00;false
LOC-0046;LOC-0084;CAR;2026-08-17T07:00:00+03:00;OK;1532;26;9172;LOCAL_VALHALLA_MATRIX;c2438af08d08d544f4460789a4485169906fb7710bfbd22a303792b5acc7be46;f8ea6bb9e3176a5dafe36821132dfc567f898b6d32b83570b93b4dc39f5d1f6c;2026-09-23T00:53:28.118606+00:00;false
LOC-0046;LOC-0087;CAR;2026-08-17T07:00:00+03:00;OK;1716;29;10432;LOCAL_VALHALLA_MATRIX;2feaf2ce2c766e88fb77fcf86d51290cd3dcf86943d146b2360dc25e07ddbf0f;43b1a2f269edb5f0369438c81736b26c6b67f423016d9885f71767130c41bfdf;2026-09-23T00:53:28.118606+00:00;false
LOC-0046;LOC-0105;CAR;2026-08-17T07:00:00+03:00;OK;1819;31;12555;LOCAL_VALHALLA_MATRIX;80ba98312a483ba942ef0e5f29824b4ce73d580a3f713f951cb86391f9329957;a1028e948ebe2d8ede74f7a56d9935f284e863a803fc8481f545ab6ac07a28fc;2026-09-23T00:53:28.118606+00:00;false
LOC-0046;LOC-0108;CAR;2026-08-17T07:00:00+03:00;OK;761;13;4589;LOCAL_VALHALLA_MATRIX;1cd7473f59e8c306f1513055dc4ce7884b1deeae338a19f08513fd5843221345;4160aa4ca0f7db6fad25ca6179a52b654d6ba99bc1db94789ae8190846e7dce4;2026-09-23T00:53:28.118606+00:00;false
LOC-0046;LOC-0109;CAR;2026-08-17T07:00:00+03:00;OK;1417;24;8660;LOCAL_VALHALLA_MATRIX;c6fab2d9e5c00b8ed1a646f465ae0cb2ec20fe52c9f539f45712c2e294ed790d;f0dc5ba8f56cf1c8d9dfd6a0026d316b3e6930f490cc0a842c3fcbaca9737881;2026-09-23T00:53:28.118606+00:00;false
LOC-0046;LOC-0114;CAR;2026-08-17T07:00:00+03:00;OK;982;17;6169;LOCAL_VALHALLA_MATRIX;8cf5fe149e64b77912bf95be8fd588d39d8a570fdff3dda64e333173bb8f0695;be5bab39bbff18e61b28f30536ee0f8ec599c2e802f838603d7efa70665a7366;2026-09-23T00:53:28.118606+00:00;false
LOC-0046;LOC-0116;CAR;2026-08-17T07:00:00+03:00;OK;812;14;4903;LOCAL_VALHALLA_MATRIX;2965074bc80c3bd5faba69e3354c9ca0d449e1b34f59333619ef8d395df4fcf8;d7c4cdaf44cc7841352ec5de148d8240b6d0ed3b750215a0c0db7b282736dd9d;2026-09-23T00:53:28.118606+00:00;false
LOC-0046;LOC-0117;CAR;2026-08-17T07:00:00+03:00;OK;816;14;4876;LOCAL_VALHALLA_MATRIX;21f82644aec4138678e853a579ccaec80b9ea092d00afb9144f9b4935800331c;78ed146e2def4b51cf5f75445340ad76cbaaf71c4a915b7b194a1a86b0f7af59;2026-09-23T00:53:28.118606+00:00;false
LOC-0046;LOC-0119;CAR;2026-08-17T07:00:00+03:00;OK;1503;26;9418;LOCAL_VALHALLA_MATRIX;75be14374bcc0d9f1a478dda0f8cb411e05f4bbcd1dd3bf3af7a88a10a2e420f;c0866d7a1361e4d84f4b1432f6068cd42533d16485903ca4c24538a27f16afa4;2026-09-23T00:53:28.118606+00:00;false
LOC-0046;LOC-0120;CAR;2026-08-17T07:00:00+03:00;OK;1626;28;11077;LOCAL_VALHALLA_MATRIX;200f2911ee3ce1fb9a76853b40c1e964e2269adcba8d8c98c3c1dabf0663e84a;04368edf9acc5e342a81658735574ca4cb51164086e84b666b0bb4cc97a12fec;2026-09-23T00:53:28.118606+00:00;false
LOC-0046;LOC-0121;CAR;2026-08-17T07:00:00+03:00;OK;1550;26;9912;LOCAL_VALHALLA_MATRIX;db68eb92bdcf4b5a13bc4467735d6b3a5d268c9c08040707ac20b317e37ca0bc;db10ac04c0b6c6f4c51bd7ec545da2709205a502438a1f9af2c5fabeb346ff76;2026-09-23T00:53:28.118606+00:00;false
LOC-0046;LOC-0127;CAR;2026-08-17T07:00:00+03:00;OK;643;11;4079;LOCAL_VALHALLA_MATRIX;e87cadc66d32761fa1f67dec23bc58fdd397d42afbc545e1f7e2fe03aa194d1b;698a725a8d2ddee3fb638e91204e6749ddebb55f4e6dfe9e0182750fc86086a8;2026-09-23T00:53:28.118606+00:00;false
LOC-0046;LOC-0131;CAR;2026-08-17T07:00:00+03:00;OK;787;14;4908;LOCAL_VALHALLA_MATRIX;0bbfac2e272f0fd8e36099d8433c4291f47017d3e06591f15c5818c3b9e5a278;c948b20c1d85e60f7df3b6791c61ed32d64795cf6ccf2a3dfbeaf7edde98a840;2026-09-23T00:53:28.118606+00:00;false
LOC-0046;LOC-0132;CAR;2026-08-17T07:00:00+03:00;OK;210;4;910;LOCAL_VALHALLA_MATRIX;d17432f0afbf47b75bd6e19ffeba319e26e2cfa5cf2296229869738c01498963;23467a5cd985ec6ae4c196d11b4c264555154e877ad2177fc2c82487c7e4b977;2026-09-23T00:53:28.118606+00:00;false
LOC-0046;LOC-0138;CAR;2026-08-17T07:00:00+03:00;OK;843;15;5292;LOCAL_VALHALLA_MATRIX;4bfe26cbef184417b9cc5dd9bd0efec33f9209aad574ef63a529efd6987b7dde;071b5fdf37dcd4d7dbb110d476cb066245b0ff7ae6f343d29e650d483c2286a5;2026-09-23T00:53:28.118606+00:00;false
LOC-0046;LOC-0143;CAR;2026-08-17T07:00:00+03:00;OK;1928;33;12721;LOCAL_VALHALLA_MATRIX;1af077d78806a1973535f4ee668d00eb58dcfafe0da8df0b61e5bfbbdfe53e7a;0e788b01ba59d35c71fcc636c1065825fe297b222a3afec1db15736cf96999eb;2026-09-23T00:53:28.118606+00:00;false
LOC-0046;LOC-0144;CAR;2026-08-17T07:00:00+03:00;OK;1589;27;9786;LOCAL_VALHALLA_MATRIX;44ac09dd05e69325e4b2319cbb6c9dbbdf5e1e0f23cf4c8f575d917c588c4917;99fa3e00248e3c6e0fd1b0172667d4ac550b9806a24238ba7280ebc92a7dfc19;2026-09-23T00:53:28.118606+00:00;false
LOC-0046;LOC-0146;CAR;2026-08-17T07:00:00+03:00;OK;1600;27;9838;LOCAL_VALHALLA_MATRIX;7d6a4dd3e10bc476951f1f7ea71e5d685b9d3289dbcca1bcd37cb5844d6f9d4f;54ad8d94b3e60dc747fc6f91b7a8765e5580a27814df94a228d9769213eb249e;2026-09-23T00:53:28.118606+00:00;false
LOC-0046;LOC-0154;CAR;2026-08-17T07:00:00+03:00;OK;1792;30;12304;LOCAL_VALHALLA_MATRIX;389090af04b3804b73d013932fa12a313c3a52ffa4e2a1779c316ecb68536ba3;40cdb84ac8fed3dc89cf0023bbe88b8d63cedba40a6f0fe73318bddcc809a30c;2026-09-23T00:53:28.118606+00:00;false
LOC-0046;LOC-0188;CAR;2026-08-17T07:00:00+03:00;OK;1222;21;7130;LOCAL_VALHALLA_MATRIX;c5d24ab95f29f52fe19a6a13ab8de88bf1f72cbb69332d0c6c81040df34c6223;f65eae90cc88da64669a09b456709e5f2fc41320d7dbc8ab3c5860b76de84218;2026-09-23T00:53:28.118606+00:00;false
LOC-0046;LOC-0191;CAR;2026-08-17T07:00:00+03:00;OK;2030;34;12761;LOCAL_VALHALLA_MATRIX;b21c88395bb96938825a6f58c78d81740a1c42413a4eeca1f8abf49671b72c9b;fc2080c6f906228718bc0c67728b4ecfd3a36b0f4d7c9f36dbc9f44c2cd45e5c;2026-09-23T00:53:28.118606+00:00;false
LOC-0046;LOC-0193;CAR;2026-08-17T07:00:00+03:00;OK;500;9;2691;LOCAL_VALHALLA_MATRIX;d202d1ae0bf74b0cfcce7054b759c1ee6f23aae2f023c6331c776b516b3c45b9;b8ef9b3d6d8d800272974677c56f96e540ca2cf5491eec7766536f579ac8dbe3;2026-09-23T00:53:28.118606+00:00;false
LOC-0046;LOC-0194;CAR;2026-08-17T07:00:00+03:00;OK;632;11;3414;LOCAL_VALHALLA_MATRIX;1c8e05f3b79a78d18b2050de4ff792e7ebd7b4429872dc96213b9143e846bc42;45169f548f7e3091d86b3e8df0df34e34cc5f6ede6ae2b712bb971a3e42b994f;2026-09-23T00:53:28.118606+00:00;false
LOC-0046;LOC-0195;CAR;2026-08-17T07:00:00+03:00;OK;1799;30;12697;LOCAL_VALHALLA_MATRIX;735154817f98e7918eb215cc0e078b89d7fb75b868278e684e16007b82729b4f;75171c1c1b5c66c5a0813bdd15dccf8c583f631245e4bd1a461f7408f0488d88;2026-09-23T00:53:28.118606+00:00;false
LOC-0052;LOC-0001;CAR;2026-08-17T07:00:00+03:00;OK;1532;26;10275;LOCAL_VALHALLA_MATRIX;62586313b89a454e7fc84dd5f57e63017473142e426a1fa1617c237f12daec77;7d384bab26674ba4362298c2e879d9b3a0d38eb741df1f643cbaa541d19caf18;2026-09-23T00:53:28.118606+00:00;false
LOC-0052;LOC-0007;CAR;2026-08-17T07:00:00+03:00;OK;1988;34;13144;LOCAL_VALHALLA_MATRIX;63619aad1194488ca754fb6463b55ff91a346a03a8960931afbb82a14d32f28b;0367d04db09192af6476553b0215cc90697eb5a1829a86a95c7a01b735eacab6;2026-09-23T00:53:28.118606+00:00;false
LOC-0052;LOC-0014;CAR;2026-08-17T07:00:00+03:00;OK;795;14;3895;LOCAL_VALHALLA_MATRIX;92d241b6aac3f3ea7e775c9f7954b6d0d1824b4fd5212a6bac6849ee3af88eb8;b7c60686e834b3e065d0ea4a65c5bd1ad1a39d898be850e5c9f1cb0878520823;2026-09-23T00:53:28.118606+00:00;false
LOC-0052;LOC-0015;CAR;2026-08-17T07:00:00+03:00;OK;830;14;5044;LOCAL_VALHALLA_MATRIX;6d9dd7c738590569d93db27bcd447c87acf52c8077ab53ef4af4fb0b9d7925ff;17d81cebdd60dd9abc04294a57e8a0bddcc375846bb1608ec490a52f50db3027;2026-09-23T00:53:28.118606+00:00;false
LOC-0052;LOC-0021;CAR;2026-08-17T07:00:00+03:00;OK;1758;30;11615;LOCAL_VALHALLA_MATRIX;0b6097d8ce85b215ca3a93cdac7c2e298d47a55f663ce5a4734073ce9229ae1a;9c5b646d60024ab9aecc19511bcfb3aef42a48727902c9d7a2a46277ac9f3a27;2026-09-23T00:53:28.118606+00:00;false
LOC-0052;LOC-0022;CAR;2026-08-17T07:00:00+03:00;OK;1601;27;9963;LOCAL_VALHALLA_MATRIX;03219234bbedf41c1311893485353e6b1f817a1e3ed1b5d3ca6b79328b267940;516de02a92a3091589d8b378f532772d98acd9e666691dc5b9d75106f55a8efc;2026-09-23T00:53:28.118606+00:00;false
LOC-0052;LOC-0026;CAR;2026-08-17T07:00:00+03:00;OK;1645;28;10795;LOCAL_VALHALLA_MATRIX;4bbda4c63041b2b627bbc0552df33e9ba9ed3daa852d5dbf737f29817ca21b8e;203fab5d0ccb3a821859f2e540a1942612d53ad3628081301f1b7f68a2b60519;2026-09-23T00:53:28.118606+00:00;false
LOC-0052;LOC-0040;CAR;2026-08-17T07:00:00+03:00;OK;2045;35;14467;LOCAL_VALHALLA_MATRIX;78bc1f23f2bac7b1d136245e9e2ab687798cab45156f3aa170501779093a76da;556254793e3f4e39e24e526c17f3a21f5c168c051fd073fec08ee3d02d806507;2026-09-23T00:53:28.118606+00:00;false
LOC-0052;LOC-0042;CAR;2026-08-17T07:00:00+03:00;OK;907;16;5295;LOCAL_VALHALLA_MATRIX;f0d06e7b49d9c8d59e55988bf7b566ad4817466378031ac849bba3e18ab58466;0da35f836b754db117074f58133fe49b8a16fa7d2de4d7989b4d121cfd3898a8;2026-09-23T00:53:28.118606+00:00;false
LOC-0052;LOC-0043;CAR;2026-08-17T07:00:00+03:00;OK;1500;25;9934;LOCAL_VALHALLA_MATRIX;ae57a955b70ab47d68113eef2fe5637d0ec3296518252f582ed5e1a15234ab65;14f2faf4231d3084d995b2ce75d49bd406ca9c37ceb919ab2cc0f19722914856;2026-09-23T00:53:28.118606+00:00;false
LOC-0052;LOC-0046;CAR;2026-08-17T07:00:00+03:00;OK;451;8;1865;LOCAL_VALHALLA_MATRIX;279301d3bf7439efc5df8a4f80e210a43400b62c9a01a770505f7c70e78d68dd;3b25c9c663f4587a818817c9502f850462080364a9e3bcdc0f9b027f982a77ab;2026-09-23T00:53:28.118606+00:00;false
LOC-0052;LOC-0052;CAR;2026-08-17T07:00:00+03:00;OK;0;0;0;LOCAL_VALHALLA_MATRIX;2fb63b433784438ce580e19abf787ee9cd95983d67127191b5caa8619c3522f2;3d5812abc84c11768aa73a732c85d75dbed439188f5bb3239e9b762ea31d9862;2026-09-23T00:53:28.118606+00:00;false
LOC-0052;LOC-0055;CAR;2026-08-17T07:00:00+03:00;OK;1446;25;9546;LOCAL_VALHALLA_MATRIX;a8d13c9df65f36aa9bfcc1ef398494d4f458f26465d42992094d389c30694573;9baecaa8006ed130c0b4b08f2a5feff7037a1752de9d8792b0ba5582b7fbe94c;2026-09-23T00:53:28.118606+00:00;false
LOC-0052;LOC-0056;CAR;2026-08-17T07:00:00+03:00;OK;1500;25;9608;LOCAL_VALHALLA_MATRIX;d0973273d9141da95a3a8b42015336f7eb16c76c962199bc43b44cba065a7477;24420e57748f9ca8dc12d8fc960e7099b4ebf3113ad04d3334c970938a4b6395;2026-09-23T00:53:28.118606+00:00;false
LOC-0052;LOC-0068;CAR;2026-08-17T07:00:00+03:00;OK;498;9;2362;LOCAL_VALHALLA_MATRIX;269ece2103d651da6b85b92eb82476c8f4ff15914096665eb136d73c87b24178;a0dd1bff333a95f70bb9fd09bbbc6ec9cf1ab13f602d86c015dd375f6ee618a2;2026-09-23T00:53:28.118606+00:00;false
LOC-0052;LOC-0079;CAR;2026-08-17T07:00:00+03:00;OK;1179;20;6744;LOCAL_VALHALLA_MATRIX;f938c23ac495b7e3e2dc4aae2ef83e33674d63d57952960d335a4e773bc30c92;8cb3e630bf1720c5f67f2f0ec8385bead92ddee99283b6f72994f2f397792639;2026-09-23T00:53:28.118606+00:00;false
LOC-0052;LOC-0084;CAR;2026-08-17T07:00:00+03:00;OK;1522;26;9402;LOCAL_VALHALLA_MATRIX;f958c7818ebd45a71e889a9121fad56d685250b958f06f833f60778d03a89dfb;fa33bb8437ba47bec950d198da1ef2efffcfddf8cd8c5eea9699f37959c073ff;2026-09-23T00:53:28.118606+00:00;false
LOC-0052;LOC-0087;CAR;2026-08-17T07:00:00+03:00;OK;1706;29;10662;LOCAL_VALHALLA_MATRIX;0c1257321be2096b6123dc0bdb6b87cc80b76b76e46431adee56144252f1461a;3dcd5f5e80d89ba77557893c34b234de095d8076c40e8733ff7ae8a42691f814;2026-09-23T00:53:28.118606+00:00;false
LOC-0052;LOC-0105;CAR;2026-08-17T07:00:00+03:00;OK;1709;29;11302;LOCAL_VALHALLA_MATRIX;1e82fa838a286ccd49fd196ef1fc57c97502bdb79f94e2ff411a42cc445ae619;81ec52f8c911db2e8dba23b392803f52244636fe97428988db57aa14c998b61c;2026-09-23T00:53:28.118606+00:00;false
LOC-0052;LOC-0108;CAR;2026-08-17T07:00:00+03:00;OK;651;11;3336;LOCAL_VALHALLA_MATRIX;75c1feafe917239066d42b8c60ecf2465ca6a7245fc0e1df16849f7a1b1a237f;dd34ca7a18f9351258f2c40ad88309588b4afa3a0b79d426aa64dc75f532d9b5;2026-09-23T00:53:28.118606+00:00;false
LOC-0052;LOC-0109;CAR;2026-08-17T07:00:00+03:00;OK;1406;24;8890;LOCAL_VALHALLA_MATRIX;74381fde4befac9e75b3daa47a457f64e9b7afde7d39cfc9ffa7d3af3aa920b1;52d202c9064df7d75ae9c8f937e600d55008fe788a3f9fa24e19882edadc45c4;2026-09-23T00:53:28.118606+00:00;false
LOC-0052;LOC-0114;CAR;2026-08-17T07:00:00+03:00;OK;873;15;4916;LOCAL_VALHALLA_MATRIX;e76585536c484fcaace1c26183f116708172f4ec604fc43df41c46bc49960cfb;e1cc5a22fb96e99fd875385574c429a84e1eda6fdbeebc9c4b10bcfb15ce7f58;2026-09-23T00:53:28.118606+00:00;false
LOC-0052;LOC-0116;CAR;2026-08-17T07:00:00+03:00;OK;702;12;3650;LOCAL_VALHALLA_MATRIX;58835996625c60780c1c2f40b687217c39c6a40c37c2140218d2748fe0e5022d;71b554f1cf9db61a77da56897a88736313497b8bc95826427cd351272481adc7;2026-09-23T00:53:28.118606+00:00;false
LOC-0052;LOC-0117;CAR;2026-08-17T07:00:00+03:00;OK;706;12;3623;LOCAL_VALHALLA_MATRIX;eb4f0f529ed91b7c992ac4123541f36e1d21c2934b4fb153093be8d398f7d05b;24078161c225ce0a9a61f8eb5d6a141575c0344a2f44122a99584e01b9ff5da3;2026-09-23T00:53:28.118606+00:00;false
LOC-0052;LOC-0119;CAR;2026-08-17T07:00:00+03:00;OK;1493;25;9648;LOCAL_VALHALLA_MATRIX;11154d467c64e3c99633db2a613187e00000977791a324e023650d3e75bbada9;d2244d7f334d39bd921230a1b279fef1ee92710b193a17229b39f2fc432bd1ec;2026-09-23T00:53:28.118606+00:00;false
LOC-0052;LOC-0120;CAR;2026-08-17T07:00:00+03:00;OK;1516;26;9824;LOCAL_VALHALLA_MATRIX;be493766e529d7ac24a899f578361c6b4441cb6f0371983a64061b310e3bf08f;514a0fc7f3812c6511f7c80ef0a78a756514a7f8463fd3fe3aa38b69cf52e1b8;2026-09-23T00:53:28.118606+00:00;false
LOC-0052;LOC-0121;CAR;2026-08-17T07:00:00+03:00;OK;1539;26;10142;LOCAL_VALHALLA_MATRIX;61cfc24184ad035423cced730b330a9b18669e1c35a68f7c19c87c518f35b951;8b142926aefd1e6ca2cb89f79e402b5b9a9c1c1b735700d959eefc41a0c6697c;2026-09-23T00:53:28.118606+00:00;false
LOC-0052;LOC-0127;CAR;2026-08-17T07:00:00+03:00;OK;534;9;2826;LOCAL_VALHALLA_MATRIX;c76f1613d27e73442fe438ad0a32960b2c5e2692fa60bb7c50a941fb7e7d4703;2d4779c2ce7558d1c42b571e7d0ff986549852a8f1735db6b31c49bc14eb07c5;2026-09-23T00:53:28.118606+00:00;false
LOC-0052;LOC-0131;CAR;2026-08-17T07:00:00+03:00;OK;677;12;3655;LOCAL_VALHALLA_MATRIX;a04727c5dffb972137f644af0b11740874627fa64ad63214f1cb10e02569d03e;55692c714c0de19c00681a60c5ceb5e091b2fa8949f3338a1350a34e2dc3b0eb;2026-09-23T00:53:28.118606+00:00;false
LOC-0052;LOC-0132;CAR;2026-08-17T07:00:00+03:00;OK;422;8;1896;LOCAL_VALHALLA_MATRIX;0fa5faef6af128061224f34c79a350011c6c3aaf565916d0e88a0ba47b10296a;90bc20ba7db731d6b233192ed34024599b614d016b15a6272ff2fb8b99b29389;2026-09-23T00:53:28.118606+00:00;false
LOC-0052;LOC-0138;CAR;2026-08-17T07:00:00+03:00;OK;733;13;4039;LOCAL_VALHALLA_MATRIX;590670d013e05f978f8128b3b0a2c8bccba3849110ac3872fff42cab62e5aaab;ca1e6a5444f74d39e3d4ed3849d0c62feeaa7261133a992a7cad68b4bf6e4492;2026-09-23T00:53:28.118606+00:00;false
LOC-0052;LOC-0143;CAR;2026-08-17T07:00:00+03:00;OK;1917;32;12951;LOCAL_VALHALLA_MATRIX;8ee522238c7074ea2803a7753511f74a9eca4b47d8fc07a26a989894b27b43f1;d6a3caf1655dfc535fb71e91817174f6d52fdae66cc5f34c7e09be079bf03946;2026-09-23T00:53:28.118606+00:00;false
LOC-0052;LOC-0144;CAR;2026-08-17T07:00:00+03:00;OK;1578;27;10016;LOCAL_VALHALLA_MATRIX;f328510dbb0ab6a0a1d2b095259eb80f5d463f98f10f52cb4a8515af6953d001;e2dd96f1ec0baa9fd8c9888d52fe2bd67076f9b3ce238a60a7d733b2e8ea9ded;2026-09-23T00:53:28.118606+00:00;false
LOC-0052;LOC-0146;CAR;2026-08-17T07:00:00+03:00;OK;1583;27;10217;LOCAL_VALHALLA_MATRIX;335b9734147d315d5cd3b3cf9125392fe81349f7c38faed97e6a074408c48075;e421677961ea92db345cb2de14f9eb0201cd85c6eebcae405b11327579856b71;2026-09-23T00:53:28.118606+00:00;false
LOC-0052;LOC-0154;CAR;2026-08-17T07:00:00+03:00;OK;1683;29;11051;LOCAL_VALHALLA_MATRIX;8af8c7571b26df2ec6f11660cefe5ceb2f5667025e709c2b8d5afdec81aece43;a5f59c33851f0f44eb0bb87823e8415ada0307859e4687ab4c8db17b443f5f7d;2026-09-23T00:53:28.118606+00:00;false
LOC-0052;LOC-0188;CAR;2026-08-17T07:00:00+03:00;OK;1211;21;7360;LOCAL_VALHALLA_MATRIX;ac4aa09a2f98325f66f76fe1ed723a5307c8b16a035c13e56df7217eabf41e74;b5f078f1a663379afd9e504950c2ed9e38f952b374c2b97db5a5cea0ea8ecbdb;2026-09-23T00:53:28.118606+00:00;false
LOC-0052;LOC-0191;CAR;2026-08-17T07:00:00+03:00;OK;2020;34;12991;LOCAL_VALHALLA_MATRIX;b2923b21ff3868e92ba4bd37def3971c3516233c1b7e3ae94ac10eb3d2bcf7e5;76b09b19d7923e08c74cc969bd3d6cfdec0f0be9e60abb516eb1fc755aa765ff;2026-09-23T00:53:28.118606+00:00;false
LOC-0052;LOC-0193;CAR;2026-08-17T07:00:00+03:00;OK;822;14;4715;LOCAL_VALHALLA_MATRIX;65c0d0bca0dcfcdc453ba522fa446593f3f7b675e816df9a3ba5356a2a4212f8;6caa9dc6321404f7963540e09b7fc8a39220e9d39e2f3f55f33428b49f75866a;2026-09-23T00:53:28.118606+00:00;false
LOC-0052;LOC-0194;CAR;2026-08-17T07:00:00+03:00;OK;903;16;4989;LOCAL_VALHALLA_MATRIX;7dcdc0c07cbc2346d8392841db9183b5b7651b96da84e4f6ac8777a99cd0397a;cffdcfbf762942352753e82e5c7ca85c610cfc945c7ea570aaa29940e2c6d3b0;2026-09-23T00:53:28.118606+00:00;false
LOC-0052;LOC-0195;CAR;2026-08-17T07:00:00+03:00;OK;1689;29;11444;LOCAL_VALHALLA_MATRIX;735f3a1e1efc64043a61e9b924bf06c534ccffe19b48ac91333798d9242ff2cb;070dbb4c575f85046813ba4cd5983b16724187c9876f835e63094bfe11a90912;2026-09-23T00:53:28.118606+00:00;false
LOC-0055;LOC-0001;CAR;2026-08-17T07:00:00+03:00;OK;236;4;1350;LOCAL_VALHALLA_MATRIX;1ca8820490aa30d662593a2075e2b6ba86d4f9ba2499071f7e8b12544cffc915;a105ef0cd49f66879913fedf8a76bdb55fda12be2c2c2a0a51890a57975f1361;2026-09-23T00:53:28.118606+00:00;false
LOC-0055;LOC-0007;CAR;2026-08-17T07:00:00+03:00;OK;1025;18;6781;LOCAL_VALHALLA_MATRIX;1e914d87c80601a35c74570553847e94de5bf983abddbbf0793538fc1e3732b0;d644fda5c27c55fa2d10a30be18792b4aded9adc62008963304d991c0b0ad155;2026-09-23T00:53:28.118606+00:00;false
LOC-0055;LOC-0014;CAR;2026-08-17T07:00:00+03:00;OK;1328;23;8487;LOCAL_VALHALLA_MATRIX;92bd65fe89073acbd1e04d1c2520d6523f0528a5040090ab0802ef4941d01abc;91a9bb2c12ec020515a24df6a29b2fcfb86a661292046b0a3b3e39f64d049d75;2026-09-23T00:53:28.118606+00:00;false
LOC-0055;LOC-0015;CAR;2026-08-17T07:00:00+03:00;OK;1052;18;7478;LOCAL_VALHALLA_MATRIX;05a419dc9949fb26fd20e29d7197ca1aff013323a4653426ec823f3a62abeb25;454d24eaa3333bf2abe8c73eae9306869cfbaaf7370b2cba15d3651551544890;2026-09-23T00:53:28.118606+00:00;false
LOC-0055;LOC-0021;CAR;2026-08-17T07:00:00+03:00;OK;566;10;3162;LOCAL_VALHALLA_MATRIX;9e5c7f3901887fb879055dfedec79528da744504d140d24a8d625dc9379e63c0;5b469e730d756a1afff7f575deff197f2e237947c1a985168baf96091a7783ff;2026-09-23T00:53:28.118606+00:00;false
LOC-0055;LOC-0022;CAR;2026-08-17T07:00:00+03:00;OK;546;10;2695;LOCAL_VALHALLA_MATRIX;1703f605b1e8675a5917a44be959d5f81605b67fb77212e8146d33fb659f56ba;90d2237f81af53d751faf3c67c26717630daabd9006202a0ce510be5348ca592;2026-09-23T00:53:28.118606+00:00;false
LOC-0055;LOC-0026;CAR;2026-08-17T07:00:00+03:00;OK;983;17;6397;LOCAL_VALHALLA_MATRIX;e10b5c54829ed5c09c237981a1f7f8a4961dd6b7876e4b2e3cb5035489b8263a;fa07dc19fd0eb5ee2484e3128ff30e917ef55f62a25309372e7f6f6ce8c067ec;2026-09-23T00:53:28.118606+00:00;false
LOC-0055;LOC-0040;CAR;2026-08-17T07:00:00+03:00;OK;1341;23;9991;LOCAL_VALHALLA_MATRIX;0bf011031dcfb6c0ebf63feb9243f92c6f39d790e423ab5b21ab7a373c26a887;98b98cfa7d1a9ff63973c69c60670902489e485395089f8d75a153a3b8681d72;2026-09-23T00:53:28.118606+00:00;false
LOC-0055;LOC-0042;CAR;2026-08-17T07:00:00+03:00;OK;993;17;6753;LOCAL_VALHALLA_MATRIX;b82bac84b28fa37731c76713f759fcaf5011241a1c732171f9adb0ec52b2118e;80908dddde1d4fea6e05c3ce6b0540b3070e44db5d9cabb4cb2d1243344854c8;2026-09-23T00:53:28.118606+00:00;false
LOC-0055;LOC-0043;CAR;2026-08-17T07:00:00+03:00;OK;723;13;4410;LOCAL_VALHALLA_MATRIX;f2afa86d924b521b49d2cc0c923c53ac7965ba61fd7cbf824a8ce7ef110bd66b;34768aca8bfeb7320122b7eca3fe043194572c07fc1377e9ea32a18e2895fb4a;2026-09-23T00:53:28.118606+00:00;false
LOC-0055;LOC-0046;CAR;2026-08-17T07:00:00+03:00;OK;1471;25;9135;LOCAL_VALHALLA_MATRIX;6c5d01abbf4b0c34722354b43044fd0a5dc541dea3c8998b253ca9aeefc7cf45;e12831de041594c020fc04b0732b278d30ee0611c435e96ec45c9efb8f177f1f;2026-09-23T00:53:28.118606+00:00;false
LOC-0055;LOC-0052;CAR;2026-08-17T07:00:00+03:00;OK;1385;24;8331;LOCAL_VALHALLA_MATRIX;a901602da0edc1b5927fcb9f77e8cb061ea366d89609182eae093164c512f58c;513d5bd8aa3deef67d81c2266a9cb34b77515ab322ec1b74b1eeda0259f6272f;2026-09-23T00:53:28.118606+00:00;false
LOC-0055;LOC-0055;CAR;2026-08-17T07:00:00+03:00;OK;0;0;0;LOCAL_VALHALLA_MATRIX;d9c9db2af8ad7fefeffb856dd6dc39ba5d029ed428c9e86f664b46ea3584b0b0;3d5812abc84c11768aa73a732c85d75dbed439188f5bb3239e9b762ea31d9862;2026-09-23T00:53:28.118606+00:00;false
LOC-0055;LOC-0056;CAR;2026-08-17T07:00:00+03:00;OK;112;2;404;LOCAL_VALHALLA_MATRIX;cc5d912f7371691ec2102be1497d333263a5a99fbdfa2b835e5d46304bf23bd0;e106726f0d70cf082af2bcfc5d251abb563aada74a9b8f2aceac2be725714cf7;2026-09-23T00:53:28.118606+00:00;false
LOC-0055;LOC-0068;CAR;2026-08-17T07:00:00+03:00;OK;1519;26;9632;LOCAL_VALHALLA_MATRIX;dcde80eeff36a14f0f11669750c90fa4799b30504e0ecce749f83504cdeef7e9;255cfc810816d732f451ec3c6a576de166e90eb263c284166fe14f71396a67f9;2026-09-23T00:53:28.118606+00:00;false
LOC-0055;LOC-0079;CAR;2026-08-17T07:00:00+03:00;OK;621;11;2951;LOCAL_VALHALLA_MATRIX;baebba2e1ed6ae01fb96792b6628d32ae1d3a3351967620fc0b6ce4e772e7ffd;4deeb9eefafdb291fa6e03a83f6fdacbf7f3dbe3849869ee5604b6ae2a982c6f;2026-09-23T00:53:28.118606+00:00;false
LOC-0055;LOC-0084;CAR;2026-08-17T07:00:00+03:00;OK;1142;20;6580;LOCAL_VALHALLA_MATRIX;d1aa32d9963eb6711112f692c10ee3601c230981ea3a34c12ab8d8247a785336;941da46fc6b8f8796716439075f5c6b608945095f53465313a5816fcc287cf60;2026-09-23T00:53:28.118606+00:00;false
LOC-0055;LOC-0087;CAR;2026-08-17T07:00:00+03:00;OK;640;11;3381;LOCAL_VALHALLA_MATRIX;4e42b265dadbd736de0f1b7517593ff2d338446cbd51af3a2bac30c3b95b5e7c;43f6e22fda08e509a9d06f7f0761a33ea8fcec1eb969c4d5ed3a1fa8a1fdc851;2026-09-23T00:53:28.118606+00:00;false
LOC-0055;LOC-0105;CAR;2026-08-17T07:00:00+03:00;OK;405;7;2279;LOCAL_VALHALLA_MATRIX;e2d99dcde9fecb26a29d19dea37add573df05957904149546fc72906434f555c;5c19d6561384ac0b7bfe13f8d7498b2387d3353d9090936842dd8b6af99b6760;2026-09-23T00:53:28.118606+00:00;false
LOC-0055;LOC-0108;CAR;2026-08-17T07:00:00+03:00;OK;1177;20;7328;LOCAL_VALHALLA_MATRIX;9fd4f96edda0ae07a2c3ec193c726a6f4169b6119462810176806fa495678e66;d92f4cedf0f056aa3c391288e81ed34344a81aa9fca9dbedfe3eacd64b9b9644;2026-09-23T00:53:28.118606+00:00;false
LOC-0055;LOC-0109;CAR;2026-08-17T07:00:00+03:00;OK;964;17;5866;LOCAL_VALHALLA_MATRIX;ad9014b186969e25ae2508b93f64473bc6625ea16710a3d3ee9f4e467d9198fb;d72b7fb3650ddb00aa0ccddbef4ee1cfeec6c4bf3c73a5123626a99593b8c123;2026-09-23T00:53:28.118606+00:00;false
LOC-0055;LOC-0114;CAR;2026-08-17T07:00:00+03:00;OK;857;15;5028;LOCAL_VALHALLA_MATRIX;b8dca7337a5fa7d1b5c8ed0bb0214bde7a44ca03d745f1d6757e7510e624742e;bc16160ed259ea92c8462c2a1cccb49d2272c8cfda0a20410b8d9b53e3c7ff70;2026-09-23T00:53:28.118606+00:00;false
LOC-0055;LOC-0116;CAR;2026-08-17T07:00:00+03:00;OK;1173;20;7544;LOCAL_VALHALLA_MATRIX;b3ab1b246a27736f776b5f45edbae1f9883a071fe34f27a6603d5857025a96bf;308b4bbe442b87ebcd30876266e7a4322fb275b77071bdcc03f8cc74dd2c611e;2026-09-23T00:53:28.118606+00:00;false
LOC-0055;LOC-0117;CAR;2026-08-17T07:00:00+03:00;OK;1222;21;7683;LOCAL_VALHALLA_MATRIX;df030e537963f1549fb917420c3cd3af5ff44139374bc6a5d7c8a5bdf70e509a;176ec1f40260f5814e6da2434d2a9f702f66e058cb71eede8c7274ad0962f5b3;2026-09-23T00:53:28.118606+00:00;false
LOC-0055;LOC-0119;CAR;2026-08-17T07:00:00+03:00;OK;757;13;4596;LOCAL_VALHALLA_MATRIX;2dbc10b8b90e8dbf66c15c130883758ebb053813de668e9304ad77b829919ec4;3ff7788e833ec24046b96943ebefffe2a0b5cee7c06dee9567d6c6948ef0b7d1;2026-09-23T00:53:28.118606+00:00;false
LOC-0055;LOC-0120;CAR;2026-08-17T07:00:00+03:00;OK;461;8;2556;LOCAL_VALHALLA_MATRIX;48581ac163c3003c5609ef3d1e65819fd8001b994efd679fd660cd6eafbd4d2b;3884117f1ed97c4cb03b246065a82e9c45d54722d5b17a02928c37984719a0bf;2026-09-23T00:53:28.118606+00:00;false
LOC-0055;LOC-0121;CAR;2026-08-17T07:00:00+03:00;OK;828;14;5259;LOCAL_VALHALLA_MATRIX;020928d8b2d3980dcfe17cf4093d2216668b8b7d17e3ee3d1791fbba3fded765;782ee50a01d533819907d0958b051b579a4956502c5f29a077d22a5a5ad6c136;2026-09-23T00:53:28.118606+00:00;false
LOC-0055;LOC-0127;CAR;2026-08-17T07:00:00+03:00;OK;1215;21;8433;LOCAL_VALHALLA_MATRIX;5cfa9136b9f57484a198b59db1e2da30322046eb514214e3b2e8cb27893485dc;d24187fd11967cc4ec906792b1da632d82b6a8c0abea1fe10777e2d8b0fac8f7;2026-09-23T00:53:28.118606+00:00;false
LOC-0055;LOC-0131;CAR;2026-08-17T07:00:00+03:00;OK;1032;18;6550;LOCAL_VALHALLA_MATRIX;b61d12bf43fe6d55baa851a032fccf0bf875c7179ec0221eb573374d5ee9cac8;9ecbff4b6d912e60e5f7c4897e7192ff74ff8a9bcad656b43c01b8eb98acb934;2026-09-23T00:53:28.118606+00:00;false
LOC-0055;LOC-0132;CAR;2026-08-17T07:00:00+03:00;OK;1442;25;9166;LOCAL_VALHALLA_MATRIX;ae981c4e8ba5aafbc81202740dfa61b02c722717a947638e72d472f6526375b9;90bb84dfe6a03cd6208996a306d5e096b802689413b148354c38f8f1df98bb44;2026-09-23T00:53:28.118606+00:00;false
LOC-0055;LOC-0138;CAR;2026-08-17T07:00:00+03:00;OK;1044;18;7061;LOCAL_VALHALLA_MATRIX;de6eb4b2793c93d0ae9057df211be1e208568d5dd81cd3480cfa396feb255b6b;b98902e2a223f24096481e09482b89c37cf81544ae4a0c316d39e48e2eef2c35;2026-09-23T00:53:28.118606+00:00;false
LOC-0055;LOC-0143;CAR;2026-08-17T07:00:00+03:00;OK;954;16;6588;LOCAL_VALHALLA_MATRIX;8257a70595ea2b5b99136588cb6e2d603e363791d8a0d8ede1db818e0fddfe8a;c46a78245acd35eaad95f64d4ccb1a50a15d2ba8ddb73bde52ec092132e6bdcc;2026-09-23T00:53:28.118606+00:00;false
LOC-0055;LOC-0144;CAR;2026-08-17T07:00:00+03:00;OK;687;12;3937;LOCAL_VALHALLA_MATRIX;4fa1f50945b61546e257357701b33f190fc32a2f0eabc5a55e2bdee82ed0140b;750d8d41625ab3b3db627a7c8bcfc448cac42b898d99c6c7de694a8257d82354;2026-09-23T00:53:28.118606+00:00;false
LOC-0055;LOC-0146;CAR;2026-08-17T07:00:00+03:00;OK;194;4;635;LOCAL_VALHALLA_MATRIX;73bfd066b3965cf20ca307810870cd3f355c9f404b3954e2353e76cfd0be9e78;740268917df02a193cc3f445f29828cd23a119e4c4dd6a29f766184fb01a9046;2026-09-23T00:53:28.118606+00:00;false
LOC-0055;LOC-0154;CAR;2026-08-17T07:00:00+03:00;OK;570;10;3073;LOCAL_VALHALLA_MATRIX;f5ed5afd80606441bdbfa087cf74b2700e162ed292dd7c01cab7aeb08f643ec8;c062fd5b6000c0898c0722dacb03cf8329fdf05ec4af074712d89c60eb4295ca;2026-09-23T00:53:28.118606+00:00;false
LOC-0055;LOC-0188;CAR;2026-08-17T07:00:00+03:00;OK;1039;18;6044;LOCAL_VALHALLA_MATRIX;05d1a9d7969450381df3a80d8767d79ea6eca29cb1417927ae84a8e720831097;3587d4cfe462a43b619a24eee3a566375c95d002645cb9caacc5e8c0b4e0d809;2026-09-23T00:53:28.118606+00:00;false
LOC-0055;LOC-0191;CAR;2026-08-17T07:00:00+03:00;OK;1050;18;6905;LOCAL_VALHALLA_MATRIX;40f03c1999b9731dd241bb8e9b55ffbb53d7a270476aaa783d79cd0eb073e4d4;73707112d992edc116077792caa58b2cb588731e743643447dafa7bf87548fb7;2026-09-23T00:53:28.118606+00:00;false
LOC-0055;LOC-0193;CAR;2026-08-17T07:00:00+03:00;OK;1788;30;11591;LOCAL_VALHALLA_MATRIX;d63b9e3340c9de5f35288ffbc0315a19a55d969f1a9da2eedbcb2df845ac8537;586b5aa302bdc7c07b78883eca03bfb9a4fe72268394b5071a59a43d0cdd8920;2026-09-23T00:53:28.118606+00:00;false
LOC-0055;LOC-0194;CAR;2026-08-17T07:00:00+03:00;OK;1871;32;11868;LOCAL_VALHALLA_MATRIX;3ac378f1512340e9e7653a72fec01c3cae3daa47913ae6d87613552c3f13e804;4e397c7b1c7beb591d7f4fe093f7d70d78fd27a29337dbf2aac842554a0a257d;2026-09-23T00:53:28.118606+00:00;false
LOC-0055;LOC-0195;CAR;2026-08-17T07:00:00+03:00;OK;560;10;3447;LOCAL_VALHALLA_MATRIX;47757b884956c4fe430a2f6534e99f511e63f4e95f8cef92e3db1fe1c8453f28;a35e05573915a00e219a3a2b059486682c6b103cfc8175b4f7d130849b49dab2;2026-09-23T00:53:28.118606+00:00;false
LOC-0056;LOC-0001;CAR;2026-08-17T07:00:00+03:00;OK;320;6;1608;LOCAL_VALHALLA_MATRIX;c0a33716456521f72ddcd17e45f479b9fb18335f5b0acf056db334bb1134af36;cfabafb9949bf2078907d8583a6a934b370c912b66d6dbbf761be86c04125b8a;2026-09-23T00:53:28.118606+00:00;false
LOC-0056;LOC-0007;CAR;2026-08-17T07:00:00+03:00;OK;1109;19;7039;LOCAL_VALHALLA_MATRIX;95a33757714e2aba735e6944a3b0beb2c82d947c71a72ccd33f35caec6bcd89e;415f75667e7e52282c438c65ef9be54c1477dd501a029b7aa9ad08fee253b660;2026-09-23T00:53:28.118606+00:00;false
LOC-0056;LOC-0014;CAR;2026-08-17T07:00:00+03:00;OK;1382;24;8549;LOCAL_VALHALLA_MATRIX;4be2e7a58bfc778cba0835f3f7690d676f0364cb5e12deaa4919a50360e428ac;ba7f531289783b7d12d73998b5618736dccadcb9fa80576b5479a490c93d8f2b;2026-09-23T00:53:28.118606+00:00;false
LOC-0056;LOC-0015;CAR;2026-08-17T07:00:00+03:00;OK;1106;19;7540;LOCAL_VALHALLA_MATRIX;0fa799a6792853693d1d543d03049921ac5a5301e25e01e041c9ae6e3dba8007;4402358b6ab569d14d14d0ed332ee9718087898f2737666b72359b0c3895b3b8;2026-09-23T00:53:28.118606+00:00;false
LOC-0056;LOC-0021;CAR;2026-08-17T07:00:00+03:00;OK;650;11;3420;LOCAL_VALHALLA_MATRIX;0b08076eb7f7d0378058d77f234e54897f14f4796d5c693ed74fe441630dc0c1;f7957dc63533d333ac870132e5bc69bfc5ff90a94909c5b57bcf45b30b239971;2026-09-23T00:53:28.118606+00:00;false
LOC-0056;LOC-0022;CAR;2026-08-17T07:00:00+03:00;OK;630;11;2953;LOCAL_VALHALLA_MATRIX;6a732a383941e0ecabaf0407135f822cfe42a663a2c57d053a5ba593a08e4a2f;0a609734c7b8cbcdad7b3897bac5084cf5817908829a80f80910e10948bb6773;2026-09-23T00:53:28.118606+00:00;false
LOC-0056;LOC-0026;CAR;2026-08-17T07:00:00+03:00;OK;1067;18;6655;LOCAL_VALHALLA_MATRIX;ca6801b28d5f98447a1befd4307217670dc85f19722f79e413a031711ca5c02d;f4f1d5e548da2cd6c5a7240938095ea047d4e1eeaf1b5e00169fac9cacf15f86;2026-09-23T00:53:28.118606+00:00;false
LOC-0056;LOC-0040;CAR;2026-08-17T07:00:00+03:00;OK;1425;24;10249;LOCAL_VALHALLA_MATRIX;18d79f7b685eb2b256b8859b2897ce1b7c66509633a256280afff6c6d22e7389;811441564e62c69aa97f69d3dcf20032be81c26803822e2fcd9223be99419439;2026-09-23T00:53:28.118606+00:00;false
LOC-0056;LOC-0042;CAR;2026-08-17T07:00:00+03:00;OK;1047;18;6815;LOCAL_VALHALLA_MATRIX;a42f674b11df606cdd85bce500e2b6181e979994c0efb24909369c3d0bc90e72;a8941c56e81f9b081fc66bc240b09cc5cffcbe18210a54252d556630e7b961cd;2026-09-23T00:53:28.118606+00:00;false
LOC-0056;LOC-0043;CAR;2026-08-17T07:00:00+03:00;OK;808;14;4668;LOCAL_VALHALLA_MATRIX;7fa95d6a36e3df732e40d170e2c7864210f09de3395a85805decd46fa2c836a7;9c87cde3eb985af486eafe91e6cef6935ab612b409100f446874b0d19fdfe6b0;2026-09-23T00:53:28.118606+00:00;false
LOC-0056;LOC-0046;CAR;2026-08-17T07:00:00+03:00;OK;1525;26;9197;LOCAL_VALHALLA_MATRIX;1d9f26503a967c084c1d936bcbcb6f730a9202c205c39c2468fde082ced1561a;aad03168156e7ee17a13b5a597ca479936f952a3051b1d60750a5c3e4a65ae1f;2026-09-23T00:53:28.118606+00:00;false
LOC-0056;LOC-0052;CAR;2026-08-17T07:00:00+03:00;OK;1439;24;8393;LOCAL_VALHALLA_MATRIX;6c4d14b33f955af2239461b8dad7ba9d2d8919df5c5c9a05b1d6f7cdb2c05d78;a7653b023947a5c897b06163083a07792851b565c727da59e99ec3211a0ffa9b;2026-09-23T00:53:28.118606+00:00;false
LOC-0056;LOC-0055;CAR;2026-08-17T07:00:00+03:00;OK;147;3;468;LOCAL_VALHALLA_MATRIX;d074342cb00e56a6039eabebed6e3e9b4f7625462a295d707de5990c80be5385;9136e950813121a5f8dcb1e946aed9b48e6a7f3b913aeaf311bd97ad93288bbe;2026-09-23T00:53:28.118606+00:00;false
LOC-0056;LOC-0056;CAR;2026-08-17T07:00:00+03:00;OK;0;0;0;LOCAL_VALHALLA_MATRIX;658385cb7a83f63ecc0d71429057556173e69fbc4c4a9cfd4dca64a5977686fb;3d5812abc84c11768aa73a732c85d75dbed439188f5bb3239e9b762ea31d9862;2026-09-23T00:53:28.118606+00:00;false
LOC-0056;LOC-0068;CAR;2026-08-17T07:00:00+03:00;OK;1573;27;9694;LOCAL_VALHALLA_MATRIX;757892084f79ac8de12d603b110c6b3c331a2045987c1b1eba0d397232919975;ba2c6850bf62180b15599c7d9d8c01a4771d434e7419a584b85a2863527eb648;2026-09-23T00:53:28.118606+00:00;false
LOC-0056;LOC-0079;CAR;2026-08-17T07:00:00+03:00;OK;675;12;3013;LOCAL_VALHALLA_MATRIX;dc92b75144ffac9b5558afbea58c80de232ffb6bc36db8d796972ba7b4c5991e;d136372127d60f7b9dcf6a473af90d35862216220cbc128f473d846500315818;2026-09-23T00:53:28.118606+00:00;false
LOC-0056;LOC-0084;CAR;2026-08-17T07:00:00+03:00;OK;1196;20;6642;LOCAL_VALHALLA_MATRIX;5ced7e032a0dc7ce5fd2801401d0b8eec3de0e140ef9115caf06107254f9ca52;20649778587d3eb7358ff22b6ffdd9aa0f70aeeb2365457905df79653f89e7a7;2026-09-23T00:53:28.118606+00:00;false
LOC-0056;LOC-0087;CAR;2026-08-17T07:00:00+03:00;OK;725;13;3639;LOCAL_VALHALLA_MATRIX;fb52f863587a350a4000a33e4440fab3f1853bfbbb687d1372e2281a7d74c007;66f42dad0c5158fd7e9e81fa3f74c3e13d4f84c7e7412c5c506c95ec1e04b3b6;2026-09-23T00:53:28.118606+00:00;false
LOC-0056;LOC-0105;CAR;2026-08-17T07:00:00+03:00;OK;490;9;2537;LOCAL_VALHALLA_MATRIX;333632c9215401659f0b8cb04522056a0d0fdf9c82e255b69c377af585716e76;941ba810b35f41bd93c079e018241f4f91da1ccc154671d8f615b8e0482aa63f;2026-09-23T00:53:28.118606+00:00;false
LOC-0056;LOC-0108;CAR;2026-08-17T07:00:00+03:00;OK;1231;21;7390;LOCAL_VALHALLA_MATRIX;100f0791342d38a44c481f53dbfcf1b5c3b6fa1b018c939a03588b10a77c076f;bb3b232a21363cb9a0347474fb7b4b43d50281cde28836e9a7c292bc34ce93db;2026-09-23T00:53:28.118606+00:00;false
LOC-0056;LOC-0109;CAR;2026-08-17T07:00:00+03:00;OK;1018;17;5928;LOCAL_VALHALLA_MATRIX;1502ec22364a9c5e1809ab5f1da70543b6618f87ddf80ea1507005651a08273c;d30b26908a33faac8eced02e5690afc94b130b584d443942db8423febe474c8f;2026-09-23T00:53:28.118606+00:00;false
LOC-0056;LOC-0114;CAR;2026-08-17T07:00:00+03:00;OK;911;16;5090;LOCAL_VALHALLA_MATRIX;b947d3ced8e00a3d5975a5376ccce95983b545e73e65dab56269e2bab4edaca0;ce610f2fbe5620d707c523b007cfeaf63454a9de6d38be9a1530fe2dc262ddbb;2026-09-23T00:53:28.118606+00:00;false
LOC-0056;LOC-0116;CAR;2026-08-17T07:00:00+03:00;OK;1227;21;7606;LOCAL_VALHALLA_MATRIX;1dd741fcada680735748786aa1e33559683986159d133e30d4688a856271cace;e9e4eb5cd30cbab180b55368da415653d18936931458d65eeec48d6d64363acf;2026-09-23T00:53:28.118606+00:00;false
LOC-0056;LOC-0117;CAR;2026-08-17T07:00:00+03:00;OK;1276;22;7745;LOCAL_VALHALLA_MATRIX;425a15de1ee5842afd51cb7bc31e3381d2e5f4dc5aed285c8a530eec2f8842db;14f1dba9cdb7734bb4b4b39f2a22a673db4b0de5666ad3ddc8eb0f71d9ef1946;2026-09-23T00:53:28.118606+00:00;false
LOC-0056;LOC-0119;CAR;2026-08-17T07:00:00+03:00;OK;841;15;4854;LOCAL_VALHALLA_MATRIX;77fe7cf25308e31999a8453dead675c99950609aa46a2ff5584c5da7c3aa52d6;63f2d43e3069d114a0f1ff599d4258fe6d5cc77507f25c8f13ba912f55fdf421;2026-09-23T00:53:28.118606+00:00;false
LOC-0056;LOC-0120;CAR;2026-08-17T07:00:00+03:00;OK;545;10;2814;LOCAL_VALHALLA_MATRIX;8d4e62b7e2410e124b9ec182827c65976a1e08003869af389653a2b261f57a90;e8cc55ee9b9bcd054378f797eaf04513966b79a76e36a00dab195ecc3a5689d2;2026-09-23T00:53:28.118606+00:00;false
LOC-0056;LOC-0121;CAR;2026-08-17T07:00:00+03:00;OK;912;16;5517;LOCAL_VALHALLA_MATRIX;18fa93ee1470f597fc60e74a94f2e981044829303b517c0e037a2fc438b2741b;890e35721e3dc9b4a13e4dc3152bcb08d6339df5792ab9ae89bdd55483625c11;2026-09-23T00:53:28.118606+00:00;false
LOC-0056;LOC-0127;CAR;2026-08-17T07:00:00+03:00;OK;1269;22;8495;LOCAL_VALHALLA_MATRIX;e6835ea3800910a892df816fa2db21ec080a9c2be8ed6f0c5a104b38db27bffe;6697b872d0f8b178df9b4fdd410bc34bd7bf4a58c7dc8a6ec2f88df0b73ea088;2026-09-23T00:53:28.118606+00:00;false
LOC-0056;LOC-0131;CAR;2026-08-17T07:00:00+03:00;OK;1086;19;6612;LOCAL_VALHALLA_MATRIX;56b72a88adff871bf5eed231a49b131a78b903ca9f8c8f934d5401fa4dc882ea;37ca0b4e1ac7d05ea03607d72a0d227076d6af848cf48dec115d9aaa18acdfe8;2026-09-23T00:53:28.118606+00:00;false
LOC-0056;LOC-0132;CAR;2026-08-17T07:00:00+03:00;OK;1496;25;9228;LOCAL_VALHALLA_MATRIX;b40a7296276f86049a9e94e84bb40feb2a2353a5b04e65a6f0bd52a0c16a1686;7a3eea16cc467e622ded5db4f1409af0d9d926f28f80ba9d81eb5de47a4693b5;2026-09-23T00:53:28.118606+00:00;false
LOC-0056;LOC-0138;CAR;2026-08-17T07:00:00+03:00;OK;1098;19;7123;LOCAL_VALHALLA_MATRIX;b50825a6712c6f57da3dacec9f172e8b5706f2e65b3a8367d76532d784461500;133bb67a65ff5b7331974ab9fce67218e33a5922c849de91d055865a4b836f2a;2026-09-23T00:53:28.118606+00:00;false
LOC-0056;LOC-0143;CAR;2026-08-17T07:00:00+03:00;OK;1039;18;6846;LOCAL_VALHALLA_MATRIX;73cac37acf610f33511783f12db3b22a1aec104fa34477c3959655b631695f4b;49fc75ebcbfd9fc412fe96a138b21a03381e8f39f80b46a637f4a1fdd8268ddb;2026-09-23T00:53:28.118606+00:00;false
LOC-0056;LOC-0144;CAR;2026-08-17T07:00:00+03:00;OK;772;13;4195;LOCAL_VALHALLA_MATRIX;498b99f52b16cd9fb458a35778b0c353727a3e2153874377b5c59f845655020b;b50301af7960d4206cd7409d301d391d534520d9ca0c6b4e3d7f9227525a8c1d;2026-09-23T00:53:28.118606+00:00;false
LOC-0056;LOC-0146;CAR;2026-08-17T07:00:00+03:00;OK;284;5;1139;LOCAL_VALHALLA_MATRIX;224263f75318655f4f055f76b17c8734f0db0818455fb95811d91a7c506eb3d0;3eb346366646fa53f44db5e1848a9aabbc9ccd9b39dfb04cc03f687dfe5609cc;2026-09-23T00:53:28.118606+00:00;false
LOC-0056;LOC-0154;CAR;2026-08-17T07:00:00+03:00;OK;654;11;3331;LOCAL_VALHALLA_MATRIX;ff0b0c7a6cd09356b497d0c6a4925220b419fde94760845cbefb111d80a62081;295329486335c60312448e16d07352ad03643c7e788e2c46c724ef14f7d23526;2026-09-23T00:53:28.118606+00:00;false
LOC-0056;LOC-0188;CAR;2026-08-17T07:00:00+03:00;OK;1093;19;6106;LOCAL_VALHALLA_MATRIX;4047ab853e9c8313293c386448685ea44b2d6c89bef735be3aabba16c46d7394;136bfd635961943e5ba2d889aa35c56019d302b29988f4372e84e34353b8ef8c;2026-09-23T00:53:28.118606+00:00;false
LOC-0056;LOC-0191;CAR;2026-08-17T07:00:00+03:00;OK;1135;19;7163;LOCAL_VALHALLA_MATRIX;384427cd94d3874b8b2186fd52728eaf3b606869f60934c353323dc5362f4774;c1a0bc39db9ee6a573817a47b4aeb33e24b7d458f0de8d23380724b14347fdf1;2026-09-23T00:53:28.118606+00:00;false
LOC-0056;LOC-0193;CAR;2026-08-17T07:00:00+03:00;OK;1843;31;11656;LOCAL_VALHALLA_MATRIX;19f020a9e497b1a457a7ee1a5d10d9aec3693f0c513a7bab0d6f5f8219b9c4cd;cae26d330428d74f02946342caefefad7a2e3b0057411d7e7b711b4c5b042336;2026-09-23T00:53:28.118606+00:00;false
LOC-0056;LOC-0194;CAR;2026-08-17T07:00:00+03:00;OK;1924;33;11927;LOCAL_VALHALLA_MATRIX;274fcc608393b002a800a0d36fde70fd68b59e5928a0f9dc9d84cbe618568a9a;bef60e9d49723d8f39a84681c0fb9872f54da2024e168fdd397d2978969cd226;2026-09-23T00:53:28.118606+00:00;false
LOC-0056;LOC-0195;CAR;2026-08-17T07:00:00+03:00;OK;644;11;3705;LOCAL_VALHALLA_MATRIX;e0f2f049d89739ce722149963d1f4e7872f24fa67ef627ea14588d32a75939a8;20ebc167cc04353a6346af92a851e49ee16e152ad19b41f4d4369fc74c8f2bf2;2026-09-23T00:53:28.118606+00:00;false
LOC-0068;LOC-0001;CAR;2026-08-17T07:00:00+03:00;OK;1734;29;12212;LOCAL_VALHALLA_MATRIX;2f60e26e94e5868dcaabc80e0e44543cb547c6fdff99e6ceb9b3bf7f8dba8ad4;788ec24792702b7ebb6ce475ac6505ba414acdf9f49dc90d2bf858d83cf00fe6;2026-09-23T00:53:28.118606+00:00;false
LOC-0068;LOC-0007;CAR;2026-08-17T07:00:00+03:00;OK;2365;40;17511;LOCAL_VALHALLA_MATRIX;e7152905a8a1dec688c1eb47db625e0dfdf27620211577e281acb825c3de155b;48a4d342bfb15eb7aa1eff841ff7ebbd2eac5513f7c5f1e3f82e9dfe352e2bdd;2026-09-23T00:53:28.118606+00:00;false
LOC-0068;LOC-0014;CAR;2026-08-17T07:00:00+03:00;OK;997;17;5832;LOCAL_VALHALLA_MATRIX;ebdf13794fd6bf93ddd363c5b3e3da18f400761e37df410ee35972d62cffa168;fa00ba9f3f0559596d321384cb36647e270a00040b2d9ba784de43e6964819b4;2026-09-23T00:53:28.118606+00:00;false
LOC-0068;LOC-0015;CAR;2026-08-17T07:00:00+03:00;OK;1032;18;6981;LOCAL_VALHALLA_MATRIX;658e387bf8e2ad579f013f111f4526da4dda58b1391804886689d3ee28cc76e2;5ba42dd62a1375973209d31b5bbc10dd9362541131dd05b3a3dd52e052edb03a;2026-09-23T00:53:28.118606+00:00;false
LOC-0068;LOC-0021;CAR;2026-08-17T07:00:00+03:00;OK;1959;33;13552;LOCAL_VALHALLA_MATRIX;ad27cd49fb7f9e1ef5ee919ae79cadba62a4872d096701376369f750973b5df2;6771fecba8c66a2bf1e8dcbbc70351269c659ad094344a7c3a231d34a0ae6fe7;2026-09-23T00:53:28.118606+00:00;false
LOC-0068;LOC-0022;CAR;2026-08-17T07:00:00+03:00;OK;1803;31;11900;LOCAL_VALHALLA_MATRIX;a39fbec1a73a64f08879560347232ec03eaee68a5d2f192b2efbf6905e60e7d7;233171fbfa49f19c6e4dbc5195a6d416d7ea82fe04c3846a31953799ac13d0ca;2026-09-23T00:53:28.118606+00:00;false
LOC-0068;LOC-0026;CAR;2026-08-17T07:00:00+03:00;OK;1747;30;11250;LOCAL_VALHALLA_MATRIX;f00e2f1365d0c297d1dfbd22b15a09aed16362b73b4a6b9422c5cc4859fd31d6;7c6dd43302662aeae984e19009f795c2e7af41800fc9c8d6a9b059d0b76b6229;2026-09-23T00:53:28.118606+00:00;false
LOC-0068;LOC-0040;CAR;2026-08-17T07:00:00+03:00;OK;2368;40;16911;LOCAL_VALHALLA_MATRIX;3d8badfd7e01e4f87d472edecde293376ebbf75736f9de29ead65325409cc61b;ae36a09979d070732bc850ab32f446e60197dddca1ae56e67f6ec696ca133846;2026-09-23T00:53:28.118606+00:00;false
LOC-0068;LOC-0042;CAR;2026-08-17T07:00:00+03:00;OK;1109;19;7232;LOCAL_VALHALLA_MATRIX;2981019f8a55227d6ac1987e11542a4a0995fbf9b63878fc9758f7c4399a5590;9957a22677fb16dfc4e645caad43ed43de66c18b98837ccbc2a23ce5ea118d1a;2026-09-23T00:53:28.118606+00:00;false
LOC-0068;LOC-0043;CAR;2026-08-17T07:00:00+03:00;OK;1602;27;10388;LOCAL_VALHALLA_MATRIX;93f5b6bb9ed59f647cda4d9a37790a47c7b51a4d8a635391524696bab694b7dd;2bc7c722456e293ebd8c726fb25ee4c2dae1980c51021e9ee864a5358fa9bc1e;2026-09-23T00:53:28.118606+00:00;false
LOC-0068;LOC-0046;CAR;2026-08-17T07:00:00+03:00;OK;417;7;1523;LOCAL_VALHALLA_MATRIX;148221019f8aecd08a31ed6f6a06f03b2817b2cb7c2a0c9957eb3c78b49226a7;e8c4243d6f545bf6f781f2f56ee75c9a70d19f692b3d1f1e3fe05914ce2027c6;2026-09-23T00:53:28.118606+00:00;false
LOC-0068;LOC-0052;CAR;2026-08-17T07:00:00+03:00;OK;486;9;2365;LOCAL_VALHALLA_MATRIX;449f8fe3399845ff17682ae133dfa98e4955952d691e799228cbe3827801a8e2;961ea5c15dd05693d168bafbda69dd2b3590842728a7e7092c53f5746f0acac6;2026-09-23T00:53:28.118606+00:00;false
LOC-0068;LOC-0055;CAR;2026-08-17T07:00:00+03:00;OK;1555;26;9851;LOCAL_VALHALLA_MATRIX;8559122b8f2db9064693fb38522743130836f8c76296454f325e3735d664c26b;4cd5142e8d435b583f7ea4eaeff266b27e73a6c0fc57789bb4c60b0607fe45c1;2026-09-23T00:53:28.118606+00:00;false
LOC-0068;LOC-0056;CAR;2026-08-17T07:00:00+03:00;OK;1609;27;9913;LOCAL_VALHALLA_MATRIX;e184308fd0760776f9132080671ed4867d70905f614dcd09b5aa4c315cd2bd3b;9eaad89f4182e05e7ec95b73987b57869225c836cd51e50dc1f6704cb7465046;2026-09-23T00:53:28.118606+00:00;false
LOC-0068;LOC-0068;CAR;2026-08-17T07:00:00+03:00;OK;0;0;0;LOCAL_VALHALLA_MATRIX;a99e1b35599c03c9c8d9f049b4886c126a923b3727a53d691517e07ddfad58c9;3d5812abc84c11768aa73a732c85d75dbed439188f5bb3239e9b762ea31d9862;2026-09-23T00:53:28.118606+00:00;false
LOC-0068;LOC-0079;CAR;2026-08-17T07:00:00+03:00;OK;1433;24;8619;LOCAL_VALHALLA_MATRIX;a91c79c186ccbb92997a25559f240826512925955c674df410bb97e0361aa86e;1acff0b25d8f63fa09c912ad2bf49ad892aeedd33eb88cf249da14d4215640b0;2026-09-23T00:53:28.118606+00:00;false
LOC-0068;LOC-0084;CAR;2026-08-17T07:00:00+03:00;OK;1624;28;9857;LOCAL_VALHALLA_MATRIX;fe30a7bbe7125860c09a1921f7944a0d1e953ea1d28640f44b28c378d176b358;a3f4a3a0164e0e3cc2bbb8df15ac179183297ba3ee17a47ad9579342ed4626bc;2026-09-23T00:53:28.118606+00:00;false
LOC-0068;LOC-0087;CAR;2026-08-17T07:00:00+03:00;OK;1808;31;11116;LOCAL_VALHALLA_MATRIX;ef8dce2fdfadea6b1ef862befe3e5585f08c53e19f93f5267a39dc4e290f8c21;51444084a5a92558c2e922f311851796fb5838ff78c88cef3814dff684fbc7e4;2026-09-23T00:53:28.118606+00:00;false
LOC-0068;LOC-0105;CAR;2026-08-17T07:00:00+03:00;OK;1911;32;13239;LOCAL_VALHALLA_MATRIX;3db361e9a5d17587dc46a862904124cc7637e672140181e8b99ff3161050be14;fce34e67b825d41e2989d1fd0e27ee51db13a225b2d4fa3876cc4896acb8cc71;2026-09-23T00:53:28.118606+00:00;false
LOC-0068;LOC-0108;CAR;2026-08-17T07:00:00+03:00;OK;853;15;5273;LOCAL_VALHALLA_MATRIX;e801e973fa01a7bf6130d62b357d67f16b86683087c76b0a8af183da8a4cf324;7ced8a7b68e2aaafdae4cc51fc87fc62a99bac15a57475f4c753c9a4eb4496f9;2026-09-23T00:53:28.118606+00:00;false
LOC-0068;LOC-0109;CAR;2026-08-17T07:00:00+03:00;OK;1509;26;9345;LOCAL_VALHALLA_MATRIX;4279c1b1ec09a22910bec97410af6d1191fc3c2fc790de491ceaff7c3bfe356c;2c26db1f7d8e065cd141fb765ab64d693f8db180d15f48bb34ac78ed4a062037;2026-09-23T00:53:28.118606+00:00;false
LOC-0068;LOC-0114;CAR;2026-08-17T07:00:00+03:00;OK;1074;18;6853;LOCAL_VALHALLA_MATRIX;809a9653c1bc09d13ce64c7af271de730383cf24e3bd7a19a624fe29ffacf02d;9209ccd96824fa818d9cb4b98a10980e72e241935294863a282a38ab5a3921f7;2026-09-23T00:53:28.118606+00:00;false
LOC-0068;LOC-0116;CAR;2026-08-17T07:00:00+03:00;OK;904;16;5587;LOCAL_VALHALLA_MATRIX;4f3b081180f5c60ca1465d7eaff33314f1e60c495fddad0e5b5f74362543bd84;f29b4681f12b7b483c9204454ef8d7458358b96f9364df4e00521dcc26cdd00d;2026-09-23T00:53:28.118606+00:00;false
LOC-0068;LOC-0117;CAR;2026-08-17T07:00:00+03:00;OK;908;16;5560;LOCAL_VALHALLA_MATRIX;7c723622490a0755e1b8f896a5f2e0460f0b5a20633a2c906064c21e9a9c2bb0;e5165baa1510a49357521a10edc50931443ee6e5d7f21aaef569e892bedcb63a;2026-09-23T00:53:28.118606+00:00;false
LOC-0068;LOC-0119;CAR;2026-08-17T07:00:00+03:00;OK;1595;27;10102;LOCAL_VALHALLA_MATRIX;47530ecdceac59c2436bd1fab1b64b3ba9452192eb20b5fe05d14f6a18c25b5c;bd28ceefa2498ef1cb11addf0c12e72ff4458124e0816670eae879c287360d68;2026-09-23T00:53:28.118606+00:00;false
LOC-0068;LOC-0120;CAR;2026-08-17T07:00:00+03:00;OK;1718;29;11761;LOCAL_VALHALLA_MATRIX;5b5d22c6af01d904791b0b711bbc985767d10f3e584959f39ed2c018389d43ba;311b258b94ff6fc1c7ce77a905487888b27da7d29f9cdbb6d4ee94d4c4b56bf8;2026-09-23T00:53:28.118606+00:00;false
LOC-0068;LOC-0121;CAR;2026-08-17T07:00:00+03:00;OK;1642;28;10596;LOCAL_VALHALLA_MATRIX;bcbf327c96c6eec51c7b28573f098fd1980ae7f8b80e4ca12f027429faec8630;6e41085e04064dcdcfe3ba000378b7d4c60c17b28f2ced91ae04153cd0ea872e;2026-09-23T00:53:28.118606+00:00;false
LOC-0068;LOC-0127;CAR;2026-08-17T07:00:00+03:00;OK;736;13;4763;LOCAL_VALHALLA_MATRIX;e59dcf1191ebbcc9f4b1a63a2acd4225ba5bb6bc109062464e764f3cc8bad93c;4f862e8da18ba73e8beb4a6f32bf1857f7e5846a4b376e2bc1a769e6a144a411;2026-09-23T00:53:28.118606+00:00;false
LOC-0068;LOC-0131;CAR;2026-08-17T07:00:00+03:00;OK;879;15;5592;LOCAL_VALHALLA_MATRIX;cbcf226ea20152a1074cf13ec87a71b21233c86fbeea3b677f07abf555bf0ed7;e2cd5828e64f32340be0d378596901eea08c413d08f4bf2b7feb1cc7e0851f8f;2026-09-23T00:53:28.118606+00:00;false
LOC-0068;LOC-0132;CAR;2026-08-17T07:00:00+03:00;OK;150;3;660;LOCAL_VALHALLA_MATRIX;1ab7f202ec161b3a15a62da3dc3a7af29feb61e6a334740edbb1497e3421f725;36c08622787c477ef632e8f119f286ed9451838460169e4ae10f6cfc6a2d18c5;2026-09-23T00:53:28.118606+00:00;false
LOC-0068;LOC-0138;CAR;2026-08-17T07:00:00+03:00;OK;935;16;5976;LOCAL_VALHALLA_MATRIX;04ab4a75fd746ca079e97a98ceb2e4d51e11df2efb291788c9fb96273d08a10a;dda4c0bdff8044639201069d4024bf0d2fd8a196d4f01c15b61d16f25a91bc58;2026-09-23T00:53:28.118606+00:00;false
LOC-0068;LOC-0143;CAR;2026-08-17T07:00:00+03:00;OK;2020;34;13406;LOCAL_VALHALLA_MATRIX;6ab215d2057f1734977f63ef814e26331ca2316a738bfb8615a5a5cbeb0f3452;b1e353f9b9b486dfb4589168f2009e52c39b42f5170abc2da5edca031c516fbc;2026-09-23T00:53:28.118606+00:00;false
LOC-0068;LOC-0144;CAR;2026-08-17T07:00:00+03:00;OK;1681;29;10470;LOCAL_VALHALLA_MATRIX;5f234c9765fec19571d5bf3ab53aa61192e48621d8e9d01edc5af309c5998a8f;2ff3ed8f5998d26e6f521ae30f07d6782e82e4114953b4f7dd08220bd9f83026;2026-09-23T00:53:28.118606+00:00;false
LOC-0068;LOC-0146;CAR;2026-08-17T07:00:00+03:00;OK;1692;29;10522;LOCAL_VALHALLA_MATRIX;195f4e2abeaa73b6773a123d221de8e926067d609b9be9b674b46e6144c7c19b;6df0bbc61245546e88bbc2e60bfbe80340406be68002690dfe9c18829a900db2;2026-09-23T00:53:28.118606+00:00;false
LOC-0068;LOC-0154;CAR;2026-08-17T07:00:00+03:00;OK;1884;32;12988;LOCAL_VALHALLA_MATRIX;c0e63e47e2618c335c0b6cd37c6e9f43e6a993e74ff20e3104f5d46f93b6ad1c;cca7a6735f52189d61b70ea53932662ab274a2b3b5e6e0336cc393ddc8814816;2026-09-23T00:53:28.118606+00:00;false
LOC-0068;LOC-0188;CAR;2026-08-17T07:00:00+03:00;OK;1314;22;7816;LOCAL_VALHALLA_MATRIX;4ca18be69415ffdcd695252a85f8aee5647f15dbac202d96fd8ef595db87b3c8;a7189685c4e800c564fa8317fc7e76b095c6aae32a2b09cf9e28c942212bf908;2026-09-23T00:53:28.118606+00:00;false
LOC-0068;LOC-0191;CAR;2026-08-17T07:00:00+03:00;OK;2122;36;13446;LOCAL_VALHALLA_MATRIX;85161aaa23fd16728e787c6f71341b1a84bb18b3347e074df867ade88855ed06;a08ccb9921a1970c6fb5198eec40b2515f8ce888e1b8131c7af2d442d2eff97d;2026-09-23T00:53:28.118606+00:00;false
LOC-0068;LOC-0193;CAR;2026-08-17T07:00:00+03:00;OK;289;5;1497;LOCAL_VALHALLA_MATRIX;ea3bbb83a6e07fcd1860421e51951057498997c1820f3d5e0187bb1abaab54fe;5eab15934a79a08c6ee0ac7a3d8dbb3573499ddb145d37f130219f674efa3117;2026-09-23T00:53:28.118606+00:00;false
LOC-0068;LOC-0194;CAR;2026-08-17T07:00:00+03:00;OK;416;7;2047;LOCAL_VALHALLA_MATRIX;8795f1044559b1d74774199618fa84438b5dc5e1b48aeb3bc18184928fd920eb;44fbd30f2462f43f5253fb4f15ba3382b24712817ced77814d047c5eb055c90d;2026-09-23T00:53:28.118606+00:00;false
LOC-0068;LOC-0195;CAR;2026-08-17T07:00:00+03:00;OK;1891;32;13381;LOCAL_VALHALLA_MATRIX;8cbc05c8fd4f4ae58ea85e39d0d4e9553fb732eff1419c242ba0e4e7e5f678ea;56a13c6e5a63486f7c29123f958ce6cff403f7d17e62db44940be676034ec76e;2026-09-23T00:53:28.118606+00:00;false
LOC-0079;LOC-0001;CAR;2026-08-17T07:00:00+03:00;OK;648;11;3671;LOCAL_VALHALLA_MATRIX;1992cde8209e8445e6da71395503f5ca63d853a09f8b7e45cba9c16a5d315f0a;20507b07075a17d868b71548c11b57c900b6558589a13a715d7360fcf6eda019;2026-09-23T00:53:28.118606+00:00;false
LOC-0079;LOC-0007;CAR;2026-08-17T07:00:00+03:00;OK;1320;22;8518;LOCAL_VALHALLA_MATRIX;ac13f54e6c33ed7b2e5ad1ad18c9e1cf4a7ab43bbf0944f294b966967fae0967;e8f8d37393993613cda6a49f109519fccc16484fc3be42a3f5c23ffdc6dea2db;2026-09-23T00:53:28.118606+00:00;false
LOC-0079;LOC-0014;CAR;2026-08-17T07:00:00+03:00;OK;1241;21;6968;LOCAL_VALHALLA_MATRIX;35070458ce51ebbfc8c78f7a07120a943482de7fb2da6fa08db8adfaddd25e6d;1e718e2d7fb62fc96f51a32a0e0e736699a4c0e30ec0b076babcf51665d895e5;2026-09-23T00:53:28.118606+00:00;false
LOC-0079;LOC-0015;CAR;2026-08-17T07:00:00+03:00;OK;1092;19;6506;LOCAL_VALHALLA_MATRIX;4e17cd4b623d806a603b8005931edd650c9e7a87fc2ded63d61197202c23e8d3;a231d0cfefbb9c5270c3c8c62e3f7b0c11578a87adaf98128b53ff1cde3c9ff0;2026-09-23T00:53:28.118606+00:00;false
LOC-0079;LOC-0021;CAR;2026-08-17T07:00:00+03:00;OK;892;15;5012;LOCAL_VALHALLA_MATRIX;bd7ec6774e5735abe2df699095267b97fe8cd4fd443165d12e40f5c1b1d7ead6;ee26d5f7ecd34b64e47d80ca15fd102bbf566eb778a926c28af40aa326fe9cdc;2026-09-23T00:53:28.118606+00:00;false
LOC-0079;LOC-0022;CAR;2026-08-17T07:00:00+03:00;OK;612;11;2675;LOCAL_VALHALLA_MATRIX;9cf191887c84e0ac0a8ca9317e0da6a6cbd80ff8328aeb862d13b3afc84c1fbd;0906b9a104ecf6eed1a1920a60d0e7c2bad6b629baa1bf27c5034b3a956bbc83;2026-09-23T00:53:28.118606+00:00;false
LOC-0079;LOC-0026;CAR;2026-08-17T07:00:00+03:00;OK;1000;17;5933;LOCAL_VALHALLA_MATRIX;715eb3a129ba24038cc7e130ef1e6b78be8ab816190bc22cfff3228475aea634;2b2c3d987840b6708ab99c848229dae4faeca8f23f4502cdbc2a6e0d1ca7e461;2026-09-23T00:53:28.118606+00:00;false
LOC-0079;LOC-0040;CAR;2026-08-17T07:00:00+03:00;OK;1611;27;11383;LOCAL_VALHALLA_MATRIX;33b66cc3c5c740e0d75782e28b2890f7192a092e86a8abf742429496986cfe29;60688b2a4b63b9582e0b436346dac8468ef2ebd7423b9b9369c5a99acb8c8a1d;2026-09-23T00:53:28.118606+00:00;false
LOC-0079;LOC-0042;CAR;2026-08-17T07:00:00+03:00;OK;1034;18;5781;LOCAL_VALHALLA_MATRIX;da0486f4846dd4ae33f16cd4e04ebdb6ad87de84eb0fd5b0777907e77b760fe5;73f37779ee3a0e81913398af246391685dd9f5b0d52c0e38a677e329062236b6;2026-09-23T00:53:28.118606+00:00;false
LOC-0079;LOC-0043;CAR;2026-08-17T07:00:00+03:00;OK;793;14;4500;LOCAL_VALHALLA_MATRIX;d16ad8d46370ac5be89b41bc803b1e65e0c3bfcf7c08c7280eed1c88e09fee1d;4af4cd55d9d7c04b514da8e8a93ecb6953efa833d45db02461501ecd7aade37e;2026-09-23T00:53:28.118606+00:00;false
LOC-0079;LOC-0046;CAR;2026-08-17T07:00:00+03:00;OK;1257;21;7146;LOCAL_VALHALLA_MATRIX;31060827155c221edd9414c857272f73d8c3c9662c1e5c1b71b5ee3b8e7e2379;e10426a27e71b7cd0ba7a5c7f2e992475d0845c7614984f16096aebe8c5e3417;2026-09-23T00:53:28.118606+00:00;false
LOC-0079;LOC-0052;CAR;2026-08-17T07:00:00+03:00;OK;1171;20;6342;LOCAL_VALHALLA_MATRIX;64ec74342792cabe4c72b6b3d211def4329d04d49b5306e7134efca8da41dbd0;a2fedaec19eb642d737bead8380242ce30409f5bc4339e98aa561f7183b9dd7d;2026-09-23T00:53:28.118606+00:00;false
LOC-0079;LOC-0055;CAR;2026-08-17T07:00:00+03:00;OK;636;11;3000;LOCAL_VALHALLA_MATRIX;a931259ed05d15094b13fa8881aaad25048c1907e882703669bd7a4e5feb89ae;58a975c52a07a6398cdaec1c564b12f9c7bce04bdd3a1a089f0f2c70c59bb872;2026-09-23T00:53:28.118606+00:00;false
LOC-0079;LOC-0056;CAR;2026-08-17T07:00:00+03:00;OK;690;12;3062;LOCAL_VALHALLA_MATRIX;3a1ae9d4696d8f43d9764fe8bb8a0a34fecf1cd5a22e2e9f0abf47bb05acda52;c73ef93c75e10d0c479fd4234059934eea16db26686b8312bd5bbb125f0179e7;2026-09-23T00:53:28.118606+00:00;false
LOC-0079;LOC-0068;CAR;2026-08-17T07:00:00+03:00;OK;1304;22;7643;LOCAL_VALHALLA_MATRIX;d0da7c49d3f1b209daac828567a57a50fca0be68e9aa245fa2cfdaf063dda69d;75b98a86a6dfd68c59ed7dc4d32238ae60ede376388efdc6352d650f5ce9c8dd;2026-09-23T00:53:28.118606+00:00;false
LOC-0079;LOC-0079;CAR;2026-08-17T07:00:00+03:00;OK;0;0;0;LOCAL_VALHALLA_MATRIX;1932433717e450a893b4d2a2f9fbe2c7e2e0229c06f9df33e4c8f60e3680cb4e;3d5812abc84c11768aa73a732c85d75dbed439188f5bb3239e9b762ea31d9862;2026-09-23T00:53:28.118606+00:00;false
LOC-0079;LOC-0084;CAR;2026-08-17T07:00:00+03:00;OK;818;14;4066;LOCAL_VALHALLA_MATRIX;b099ef667384c94c3ab6f241b10190dc019c4bfda71c66baf39616eac5a4caf9;8d5223ec8d7d3b56693c16f635bed687c22b8207f7514d22dbba85fe7bea26b8;2026-09-23T00:53:28.118606+00:00;false
LOC-0079;LOC-0087;CAR;2026-08-17T07:00:00+03:00;OK;739;13;3544;LOCAL_VALHALLA_MATRIX;b7af6135a1110282c8e6aa65b3331e99b88db9500951d93069376a56738c3de9;e6e1f547e7dd88f1d226a5ce73195f1fc13555829e2b46035813aebc45a6da89;2026-09-23T00:53:28.118606+00:00;false
LOC-0079;LOC-0105;CAR;2026-08-17T07:00:00+03:00;OK;823;14;4600;LOCAL_VALHALLA_MATRIX;a24863cd4e57110e8f8604e60d6af852d0384a0c4275c1ca5074c24eee294050;d72ac0f1943449603d47073bf253f839f6fbda6941469fcd5befce505441e685;2026-09-23T00:53:28.118606+00:00;false
LOC-0079;LOC-0108;CAR;2026-08-17T07:00:00+03:00;OK;962;17;5339;LOCAL_VALHALLA_MATRIX;43d4e2a0b324f3cb1f5284f637b05461cec4896442321fc12c9b1b053e80fac6;622fe358d35d48a5810f248f10cf460899c32274ce2e3c332d8bdb784b1aa64d;2026-09-23T00:53:28.118606+00:00;false
LOC-0079;LOC-0109;CAR;2026-08-17T07:00:00+03:00;OK;639;11;3352;LOCAL_VALHALLA_MATRIX;02c8136831ad83dcaa14ee37b6603a1f6fb3bb48f075bb87cee39e632bb4279c;6eb9e3ec34ec94c9ec80c20b20dfe1bc6f083bb7ef129f4a7d16eb168d5c3983;2026-09-23T00:53:28.118606+00:00;false
LOC-0079;LOC-0114;CAR;2026-08-17T07:00:00+03:00;OK;643;11;3039;LOCAL_VALHALLA_MATRIX;78a3d5b09ada4f1fedafc6dfca77c90f22e7b8075c3d64fef8990e1cd27aa76a;157f3e3b49029de8684756175849323b545d0da368d0957878215e18afe16c69;2026-09-23T00:53:28.118606+00:00;false
LOC-0079;LOC-0116;CAR;2026-08-17T07:00:00+03:00;OK;959;16;5555;LOCAL_VALHALLA_MATRIX;6a1edc32ae0788a05fbfd88363fcb0f5d0c2643ddeecc5ce0ee9f04858834975;6e3c90adb7e43599361780d414090b46e4176a1596b1b52673002f2f40cffd89;2026-09-23T00:53:28.118606+00:00;false
LOC-0079;LOC-0117;CAR;2026-08-17T07:00:00+03:00;OK;1008;17;5694;LOCAL_VALHALLA_MATRIX;0ec4140ddfed7c1cba5e2aada4e5a7f5e5fcc13736aa78705affcd65e5e3b008;adf63eb24dc5728b428786595c1a0bdbf2b65661e61e88f25c56aaa5f0757892;2026-09-23T00:53:28.118606+00:00;false
LOC-0079;LOC-0119;CAR;2026-08-17T07:00:00+03:00;OK;760;13;4045;LOCAL_VALHALLA_MATRIX;3f683be9d5e833d071ddae7b9dfa7b63dc3efd3f274d37193eb3f5a00aa58b21;a5103b8681cab6b9e126c461ff295f88de3a899b53505fc938c53046ca65dd09;2026-09-23T00:53:28.118606+00:00;false
LOC-0079;LOC-0120;CAR;2026-08-17T07:00:00+03:00;OK;526;9;2536;LOCAL_VALHALLA_MATRIX;3d9a96ba9e254e894534f3bbaa357dfd71b9baf6efd7d019d4f6f8ebebe5f000;165694ca2e15d161e61a7b7ecd8435ab949f1e601b63e592c7ca84bfc904177f;2026-09-23T00:53:28.118606+00:00;false
LOC-0079;LOC-0121;CAR;2026-08-17T07:00:00+03:00;OK;831;14;4708;LOCAL_VALHALLA_MATRIX;1883105b4f53acac6a8f06828b20cb064b9ef3e5493ca7b91a126c7f09338e04;2b8bc70cf4b1b57738b2912e01a36852b730b5a6673b832daef0385316c28c25;2026-09-23T00:53:28.118606+00:00;false
LOC-0079;LOC-0127;CAR;2026-08-17T07:00:00+03:00;OK;1128;19;6914;LOCAL_VALHALLA_MATRIX;49022098c8bbb4e4ce3d611d6b298837137ac921a69684dada4f66cd5da125b7;e9457427730f9ef3ddb422ce16b085ba0dfc32dcc8041bfddad1c3ea05c159a5;2026-09-23T00:53:28.118606+00:00;false
LOC-0079;LOC-0131;CAR;2026-08-17T07:00:00+03:00;OK;818;14;4561;LOCAL_VALHALLA_MATRIX;fd47fbfc2ddd667cf7318e754af23037133368fba29dfc8091211f3a81cfbc76;46e4ac77f50f541915444a8e00520279305a5c79d48cdf1607d7cbff464efe5c;2026-09-23T00:53:28.118606+00:00;false
LOC-0079;LOC-0132;CAR;2026-08-17T07:00:00+03:00;OK;1228;21;7177;LOCAL_VALHALLA_MATRIX;7677516c5361de85b9842a10a57315588b5f5f4398edbd1b56c9a4347604547d;94c7310fc1751868a57a239060e080578d48786b4d58caf1852ac1d41b052894;2026-09-23T00:53:28.118606+00:00;false
LOC-0079;LOC-0138;CAR;2026-08-17T07:00:00+03:00;OK;1059;18;6263;LOCAL_VALHALLA_MATRIX;80d295227b11f7b99e383600ad6c3a714075d5a2851532b24cfe4b34d335bf06;494819b6f19b923e1d27577858b370cd1941890ba89ba6106106c66e558550a9;2026-09-23T00:53:28.118606+00:00;false
LOC-0079;LOC-0143;CAR;2026-08-17T07:00:00+03:00;OK;1250;21;8324;LOCAL_VALHALLA_MATRIX;aa4b34dd2b1d0109b3933eeddd246b7d105340e76b50eda69937be31bf3c5597;c2990c84532b3571827c39af0fddeebe89dd49759ab69552d326b1de3d4106e3;2026-09-23T00:53:28.118606+00:00;false
LOC-0079;LOC-0144;CAR;2026-08-17T07:00:00+03:00;OK;691;12;3386;LOCAL_VALHALLA_MATRIX;6a51b3a89765e79143c36628849e3f0fa748da1f71fb216217ccaf1cbff4f6e8;c79295ffc73f7b2a0ba48cf832bb27ba26271a84eac950f77354a216b738e215;2026-09-23T00:53:28.118606+00:00;false
LOC-0079;LOC-0146;CAR;2026-08-17T07:00:00+03:00;OK;743;13;4241;LOCAL_VALHALLA_MATRIX;1c993f067f872382794f3a240f35af805e679442c280da6f45e1d89e903ac093;dd4f7778732d67421ba7bd999beee25f87227e985c645f39082675793eeab4be;2026-09-23T00:53:28.118606+00:00;false
LOC-0079;LOC-0154;CAR;2026-08-17T07:00:00+03:00;OK;817;14;4448;LOCAL_VALHALLA_MATRIX;6a6bc80f586f67a54980c26665eb46bcfa3fd7ac6046a0f0313d533c531b02c0;114899df39fa6ea6d941f13518bed315e708514a48592c8b67b49e44a689216b;2026-09-23T00:53:28.118606+00:00;false
LOC-0079;LOC-0188;CAR;2026-08-17T07:00:00+03:00;OK;764;13;4144;LOCAL_VALHALLA_MATRIX;ba26c4e46e17abc8daf8e17859d0964c97b01dbf2501709562f19cadb32747a1;471722ebd4f3bf6bf1c0a6cef2ea34e69b8794dd80b7daa5e458645ea88a7f1e;2026-09-23T00:53:28.118606+00:00;false
LOC-0079;LOC-0191;CAR;2026-08-17T07:00:00+03:00;OK;1346;23;8642;LOCAL_VALHALLA_MATRIX;e166b1f1f6630e212c36e3ed2556dac1a200a26f41f02a344a475bd809bd3ab6;962145d1a7b63ca346f5895657661ace06c4b66d720f3401a15f666fc24be56a;2026-09-23T00:53:28.118606+00:00;false
LOC-0079;LOC-0193;CAR;2026-08-17T07:00:00+03:00;OK;1574;27;9601;LOCAL_VALHALLA_MATRIX;1dc5a8ba9037535149bfd9871be36e32b40acddc641d35071b894cf20da93bb9;62fd973638b540db71f9662d7e504961eaaf00ec8f7a60e1a26cf4a241cf3ee3;2026-09-23T00:53:28.118606+00:00;false
LOC-0079;LOC-0194;CAR;2026-08-17T07:00:00+03:00;OK;1656;28;9875;LOCAL_VALHALLA_MATRIX;316c142cef76f94e3676b66e76228d13a7af2e58053d9d2be9503d227348896d;56d0c70ff1c52240645ea6aecc90a6047f0070f8b1979a261a5e733bc0fc6e5b;2026-09-23T00:53:28.118606+00:00;false
LOC-0079;LOC-0195;CAR;2026-08-17T07:00:00+03:00;OK;824;14;4841;LOCAL_VALHALLA_MATRIX;c7e7d7056dfaf67f81f628f7018c009e91355f0e2aaf1afec932049105830631;ad07b80ca4e24f31a27ef0a097b6840397d9fe6baee6ae3e77405edc82665b52;2026-09-23T00:53:28.118606+00:00;false
LOC-0084;LOC-0001;CAR;2026-08-17T07:00:00+03:00;OK;1019;17;6090;LOCAL_VALHALLA_MATRIX;f2af37aacb6292aa22fbbb24989ca5d2424144f106c7a9ac983531ed9cf282ac;01c5e0496a848498238264a20c5bef4e390f20b4e8d16f17adda7cca9d39ec23;2026-09-23T00:53:28.118606+00:00;false
LOC-0084;LOC-0007;CAR;2026-08-17T07:00:00+03:00;OK;1011;17;6014;LOCAL_VALHALLA_MATRIX;8bde40175bbdc852aac61111a6eb127e22823092df041bca9f1a72b06283cdea;726b77ef57b70029f593d31f26a613e47311a5b06e02d331abefbf435f969897;2026-09-23T00:53:28.118606+00:00;false
LOC-0084;LOC-0014;CAR;2026-08-17T07:00:00+03:00;OK;1428;24;8669;LOCAL_VALHALLA_MATRIX;6766f31204a7c4e0c1def3367db520eb7cba9744f2e1324ce3d5246e49fa9fc5;ca9815fd57239d9f42dd3832279c6cea935e5cfb8303c2c6c18575731e18d031;2026-09-23T00:53:28.118606+00:00;false
LOC-0084;LOC-0015;CAR;2026-08-17T07:00:00+03:00;OK;1344;23;8969;LOCAL_VALHALLA_MATRIX;8a185924daf52fa7fc0901c6eb1260169e650256b1d9411ae5748e4f7837bb3e;4be366e3fc10d6ed7f1634b4ec8df9f77a4f77f16c05b11810804e5bfab55cfd;2026-09-23T00:53:28.118606+00:00;false
LOC-0084;LOC-0021;CAR;2026-08-17T07:00:00+03:00;OK;1090;19;5502;LOCAL_VALHALLA_MATRIX;6782db063003acb0b39c8a9cb1fc604b78879abf87b40683111bf164f13c5745;29786cd7b4e74e7bdc5225be4ea0ff55bd8cae3c5319017cd945df7e4ff8734c;2026-09-23T00:53:28.118606+00:00;false
LOC-0084;LOC-0022;CAR;2026-08-17T07:00:00+03:00;OK;874;15;4454;LOCAL_VALHALLA_MATRIX;fe7b2de40e3f264dd31533e0971e7a232800cf2eae059df986912ed9581ef3de;e74a829bb6d9008469b78921ad7854b58eea989834fdc473835b38f759dc2a6d;2026-09-23T00:53:28.118606+00:00;false
LOC-0084;LOC-0026;CAR;2026-08-17T07:00:00+03:00;OK;668;12;3665;LOCAL_VALHALLA_MATRIX;1db50377f895b88752a2444aad52f85d8277dd5ac09d71ccd65c2c932701ed3b;b2f3c6a97a9c66daffd5255d3149c8b142a13fa6966de0c03a7c1c7a69adac9c;2026-09-23T00:53:28.118606+00:00;false
LOC-0084;LOC-0040;CAR;2026-08-17T07:00:00+03:00;OK;1245;21;7169;LOCAL_VALHALLA_MATRIX;bd5f1ff7e9dc61b5add65620b03c42b884afcf8f3c045dee974317b61d84768c;233a8f30001df8451f87b6ec29e112df5d2c85a7a903c6e17fa7e5cb120bfe15;2026-09-23T00:53:28.118606+00:00;false
LOC-0084;LOC-0042;CAR;2026-08-17T07:00:00+03:00;OK;1433;24;9192;LOCAL_VALHALLA_MATRIX;6ccafb74c3082f0f07ffae5846cbc978deb54cc1091ff6c3bb4fb7952f44c631;6bd2b7d5410cf27a64cd82bf947f5c3870a04dcd22f9f47c9f0bedfa9ae743c9;2026-09-23T00:53:28.118606+00:00;false
LOC-0084;LOC-0043;CAR;2026-08-17T07:00:00+03:00;OK;523;9;2804;LOCAL_VALHALLA_MATRIX;870907d087813a312b45e76c8744277d7908340ff2237ccdb73ebe20199c4b4e;724d4ba428b095742e2ced1d7db1a645105ab5f57ff215c7551c18b287f5e144;2026-09-23T00:53:28.118606+00:00;false
LOC-0084;LOC-0046;CAR;2026-08-17T07:00:00+03:00;OK;1566;27;9508;LOCAL_VALHALLA_MATRIX;a44e7bcf0127a522f69859ca2ed82666054e9a5e3f5ff9c8395b10b872bc888d;17afdfe876edd8fb2735f73d6d41f7f2a6c5394fb47e8f67ccd66aee471d3a47;2026-09-23T00:53:28.118606+00:00;false
LOC-0084;LOC-0052;CAR;2026-08-17T07:00:00+03:00;OK;1489;25;8915;LOCAL_VALHALLA_MATRIX;451b5ec3dbff5beba038c64d92c0fea5ecee2a27444d9c13c28cd8b57a31979a;3121e7637f0526b9bcd2ec197321c61f89406e4e7ec25d39c03f08ce60d28671;2026-09-23T00:53:28.118606+00:00;false
LOC-0084;LOC-0055;CAR;2026-08-17T07:00:00+03:00;OK;1096;19;6478;LOCAL_VALHALLA_MATRIX;a081039b1d4f3a1e7b75e9f2c3581c70136d07756ca26672daface3e0216c804;ef7f1beb512ea4958b9bb492743c080064fb7b7dcd0f7b67bf70709bb9e3eda5;2026-09-23T00:53:28.118606+00:00;false
LOC-0084;LOC-0056;CAR;2026-08-17T07:00:00+03:00;OK;1180;20;6736;LOCAL_VALHALLA_MATRIX;01f4a7908504e1c653347ac5aa200b8c8586fe4e6d39cc15f3b33f7fa160a913;915f97a89821d6e7e89ac05b43d723e79e7266abb664631f81ec265bb1fc8a35;2026-09-23T00:53:28.118606+00:00;false
LOC-0084;LOC-0068;CAR;2026-08-17T07:00:00+03:00;OK;1613;27;10005;LOCAL_VALHALLA_MATRIX;5a359a99c615ba4ef65a931524358df856b57f4d3d9dac02339cb0f7ceb298fe;ed02d464bd60700b3beae2813f67af9c9bf2dce45124a358b097986f620c9d3d;2026-09-23T00:53:28.118606+00:00;false
LOC-0084;LOC-0079;CAR;2026-08-17T07:00:00+03:00;OK;844;15;4232;LOCAL_VALHALLA_MATRIX;0f335148eb6f170f57326299be0f8858e50653b4befdc7f73b6c39ef58b1cf9c;f42fdfcd07609f1be29af5487056a40be844c10ef7db27d676aa47dadd86ba31;2026-09-23T00:53:28.118606+00:00;false
LOC-0084;LOC-0084;CAR;2026-08-17T07:00:00+03:00;OK;0;0;0;LOCAL_VALHALLA_MATRIX;96a321bf5c1af8f4bca7f8772bb3f8efce9f7cddfd60e4157aeee1be63f21eb8;3d5812abc84c11768aa73a732c85d75dbed439188f5bb3239e9b762ea31d9862;2026-09-23T00:53:28.118606+00:00;false
LOC-0084;LOC-0087;CAR;2026-08-17T07:00:00+03:00;OK;729;13;3532;LOCAL_VALHALLA_MATRIX;a4376d9d6431109f31d57987b9bc7d4a4c47236705c1fb17e84d755e7f99f40a;196f34bd34fc6de0484289f9dbf53f8c167b72094e350742ff25663dfac2fc3f;2026-09-23T00:53:28.118606+00:00;false
LOC-0084;LOC-0105;CAR;2026-08-17T07:00:00+03:00;OK;969;17;5393;LOCAL_VALHALLA_MATRIX;682c19361237006e3f158b59eac1913cb35052675e538a5560e561c988bfa740;7e561ea0b48742c23b78c2d31cd330644f9165a9d16bf69fb2b211279bdc6b84;2026-09-23T00:53:28.118606+00:00;false
LOC-0084;LOC-0108;CAR;2026-08-17T07:00:00+03:00;OK;1149;20;7040;LOCAL_VALHALLA_MATRIX;fa2c153551770eb85f95c16b55f21eaab80f9aa750d3f108e7a83450bf597fe4;49e1aaa6e62eb638c25b2e38d28d50a19a53fdcdb9c1cb412c7ccc3d16a0eed0;2026-09-23T00:53:28.118606+00:00;false
LOC-0084;LOC-0109;CAR;2026-08-17T07:00:00+03:00;OK;284;5;1146;LOCAL_VALHALLA_MATRIX;b91af37fe9b71423b3c7f1e696c4aa57ce0aae4c678759e7ac18268f5ef47c56;615ffe914b9550541dcd02d512329a409bafc3571e151e603d9264058549ae08;2026-09-23T00:53:28.118606+00:00;false
LOC-0084;LOC-0114;CAR;2026-08-17T07:00:00+03:00;OK;830;14;4740;LOCAL_VALHALLA_MATRIX;da1a7449f34802e273ed61c3ef8966bf3efa9d61d0e57cdc11c891769e0a07f3;0c51410f2d2b41d514b30d4ec19059c8c739c312290a11b6d1a5ed272ed45b02;2026-09-23T00:53:28.118606+00:00;false
LOC-0084;LOC-0116;CAR;2026-08-17T07:00:00+03:00;OK;1146;20;7256;LOCAL_VALHALLA_MATRIX;dda2394f02a360661b4ae2c5f21b3ab27e1d283047868d640503b27e3c0691f5;e7a936dc95afc6c3d5e304a4d1f51c1dfbac6f4b68a610b524b586d931f55201;2026-09-23T00:53:28.118606+00:00;false
LOC-0084;LOC-0117;CAR;2026-08-17T07:00:00+03:00;OK;1195;20;7395;LOCAL_VALHALLA_MATRIX;5a37409e9034ed7f518aa081e5b3a78652c73afc2b14f9415d355c5c6981db90;e2f2f46019e868cd292c030ef05f439db9d73f55aad344e96093c572c3a01799;2026-09-23T00:53:28.118606+00:00;false
LOC-0084;LOC-0119;CAR;2026-08-17T07:00:00+03:00;OK;516;9;2518;LOCAL_VALHALLA_MATRIX;51819264b061658f36d53a520bc03f4efb8b9ae478d63590f6b8309a1d072598;fdfe19bac61e738588101a7ff92caa607330116f38ade398065fe11a4008f233;2026-09-23T00:53:28.118606+00:00;false
LOC-0084;LOC-0120;CAR;2026-08-17T07:00:00+03:00;OK;749;13;4039;LOCAL_VALHALLA_MATRIX;7afbb340250ca0c3c6fa9b59c8e6fd2140d139f8d36723d8654a4ae83259b1ce;ee3cfa54834e9bad266498ded2fee344c3564405f717202f0aaad04d3366470a;2026-09-23T00:53:28.118606+00:00;false
LOC-0084;LOC-0121;CAR;2026-08-17T07:00:00+03:00;OK;505;9;2196;LOCAL_VALHALLA_MATRIX;1912bbc598bbdbbf25cffc94b77f13a63da10547d1714fc20199aec0f0a63307;15ffa4792e6800c36774bfcb50b42629379579d93816a932bc0f121628114a39;2026-09-23T00:53:28.118606+00:00;false
LOC-0084;LOC-0127;CAR;2026-08-17T07:00:00+03:00;OK;1315;22;8615;LOCAL_VALHALLA_MATRIX;0918db2b57004b4d32378b38e498277451ce374f5a07d9447dce633a80e1153a;6ebe4d25fcf7bbe24ba28d8ee8f4166ae002f37855fd1888cf4a6640e93c5ca2;2026-09-23T00:53:28.118606+00:00;false
LOC-0084;LOC-0131;CAR;2026-08-17T07:00:00+03:00;OK;1005;17;6262;LOCAL_VALHALLA_MATRIX;2ba2824555fdc52d9b85bc5e97e608c4bdfd642881acccd43acede62e93afd02;332fff872e7e3e4a18b2af298c82bb10c7dc6a2b09270f239cd4ba0e5c999a0c;2026-09-23T00:53:28.118606+00:00;false
LOC-0084;LOC-0132;CAR;2026-08-17T07:00:00+03:00;OK;1537;26;9539;LOCAL_VALHALLA_MATRIX;34dff4070cfabf6372910fc49f8dc31d6f6efcede175fbb87ae61d7212b31d82;d3500106b35f3bde6754878e0b89d1a408a79e2cedf3e78efece77ca5313d962;2026-09-23T00:53:28.118606+00:00;false
LOC-0084;LOC-0138;CAR;2026-08-17T07:00:00+03:00;OK;1246;21;7964;LOCAL_VALHALLA_MATRIX;6de5db493907d79e83914f4b48e1cb86b44c76871980a0621edf4df0f2fc9940;bf0409ab8cfdf23edbf7c847154132e454d770d42b5b502c76ab07c8db37e7c7;2026-09-23T00:53:28.118606+00:00;false
LOC-0084;LOC-0143;CAR;2026-08-17T07:00:00+03:00;OK;941;16;5821;LOCAL_VALHALLA_MATRIX;e703096c810894b3738c4f6f88f0e7d8128fa51a2ebd775a9d8507b4b79c55a7;428e73287984fe8c487417830f138d4f289a99fc7967d4d0c883d99c9e9c452c;2026-09-23T00:53:28.118606+00:00;false
LOC-0084;LOC-0144;CAR;2026-08-17T07:00:00+03:00;OK;601;11;2886;LOCAL_VALHALLA_MATRIX;ea9557580b8db32436511030d2717469b4215f1e4ab8ca00a4236d82d91a8213;5acc7cf98268229189e2c176bdec6938ba8cc9d47b1c683e9555ded8a3ebe96a;2026-09-23T00:53:28.118606+00:00;false
LOC-0084;LOC-0146;CAR;2026-08-17T07:00:00+03:00;OK;1114;19;6660;LOCAL_VALHALLA_MATRIX;6d3a6b8d3fb3aa349056d59c4bdd5ec8641f9886375b539904ed2b0b4a8acb03;8de639f79cd54990914d89877e434f5d611ff506128eceef8b14efe4299d95f1;2026-09-23T00:53:28.118606+00:00;false
LOC-0084;LOC-0154;CAR;2026-08-17T07:00:00+03:00;OK;954;16;5121;LOCAL_VALHALLA_MATRIX;327b73170ceae219165ec3d4c8dec3af6a3f75ae90ce8702ff20411eb6aee7d2;7aa07d142730eaaf1fff4dcce041a33c4dad4d60167f8f0b03a2414a216096f2;2026-09-23T00:53:28.118606+00:00;false
LOC-0084;LOC-0188;CAR;2026-08-17T07:00:00+03:00;OK;619;11;3268;LOCAL_VALHALLA_MATRIX;08865d500c67dfb53b4fb0918b74e265aabca7d89a871b295756e1a0e266c5ff;d31d6dfc8039ba7ef9f6a7758e06fd8017d587c9455cc8aaa14a03283714824e;2026-09-23T00:53:28.118606+00:00;false
LOC-0084;LOC-0191;CAR;2026-08-17T07:00:00+03:00;OK;1043;18;5861;LOCAL_VALHALLA_MATRIX;0f6f1b7c4672bf08c3464a940a77dc01a2e3902b3ea4f184fe342b365a737d16;c790edb4b7455d69a69e6736d6b844a292a41adee3862e8b864c2bd773f8910a;2026-09-23T00:53:28.118606+00:00;false
LOC-0084;LOC-0193;CAR;2026-08-17T07:00:00+03:00;OK;1783;30;11350;LOCAL_VALHALLA_MATRIX;3c33d20b13c4d319135c7897b8aea080b98ac1a9c25f8bbe227a918d5fdcd409;6f2c00475d34fa2b8c91d1e67ee9c9d12e3d281712e72dd0f1c7a664e8ca59c9;2026-09-23T00:53:28.118606+00:00;false
LOC-0084;LOC-0194;CAR;2026-08-17T07:00:00+03:00;OK;1865;32;11624;LOCAL_VALHALLA_MATRIX;36ba4f0fa3e228a89bab24018e9217f9e12ac92c20a594d97ed92c9701ae4b9b;4b2b863b6742f2c319cc8afd60459bce7cba4f6a9eb58639648db67613ac7c7b;2026-09-23T00:53:28.118606+00:00;false
LOC-0084;LOC-0195;CAR;2026-08-17T07:00:00+03:00;OK;960;16;5514;LOCAL_VALHALLA_MATRIX;5922e935e8d48e8ab9452b038756b119aa518c4c4a16a61419836738c3d3ecf5;d5446e88a77af2f3072c3686e09b378c49300806965394fd4ee9db6e80463505;2026-09-23T00:53:28.118606+00:00;false
LOC-0087;LOC-0001;CAR;2026-08-17T07:00:00+03:00;OK;619;11;3244;LOCAL_VALHALLA_MATRIX;7bc66b94f392742a27828bd0360b3b631e0e87d85ea7695bf90d296e8d67d0f8;7179795eaec162f0abbfdfb43ca8473999d08159795b2e5865d26e04c704e37b;2026-09-23T00:53:28.118606+00:00;false
LOC-0087;LOC-0007;CAR;2026-08-17T07:00:00+03:00;OK;817;14;4340;LOCAL_VALHALLA_MATRIX;26cdf9b0138a2730ed28af0a4c537d95c8607d7d38ad55fc0f685affb1b32daa;4d73a808cca244c3c85e0c02a1f32f2ec4bac934f03bc62df909cd08ff5a38d9;2026-09-23T00:53:28.118606+00:00;false
LOC-0087;LOC-0014;CAR;2026-08-17T07:00:00+03:00;OK;1629;28;9861;LOCAL_VALHALLA_MATRIX;e0b65cf48c5c15547ae3df82794bc14fc7f87ef2de7595a934b00a792424ff4a;9e8fc5d1b971df40de7a0b8a60351bfeb87574165279dd27519c91dc9e93622f;2026-09-23T00:53:28.118606+00:00;false
LOC-0087;LOC-0015;CAR;2026-08-17T07:00:00+03:00;OK;1352;23;8852;LOCAL_VALHALLA_MATRIX;b5c8fadd6c80d12e12e50351f1e98fb59488d4b0d382c6c140f4b469b6fa6eb2;9247260165893c1e004f57d32cf3a105b029ebcc7778a1d675d2fc431e7eee78;2026-09-23T00:53:28.118606+00:00;false
LOC-0087;LOC-0021;CAR;2026-08-17T07:00:00+03:00;OK;591;10;2833;LOCAL_VALHALLA_MATRIX;488b04b364ffbaabc3607674b5173e1b6ea2c3071c649443ada0f242fbb6a4d4;b0309de59c0591084960f739b24415eff334ff7c3ceba08d50481faf0c20db6e;2026-09-23T00:53:28.118606+00:00;false
LOC-0087;LOC-0022;CAR;2026-08-17T07:00:00+03:00;OK;454;8;2199;LOCAL_VALHALLA_MATRIX;f199ab2f9e0bb6cc0679ef68d91be7d750113ecec3f8aebe387f7c2ccbb7ae05;1f614410efccebfd8af0cd282899b4ea5d34a6a8df99e2f40f82d2be95753024;2026-09-23T00:53:28.118606+00:00;false
LOC-0087;LOC-0026;CAR;2026-08-17T07:00:00+03:00;OK;589;10;2977;LOCAL_VALHALLA_MATRIX;94265a3a61e86f41aafbc542da4bfbeb8983414120408e83fc30072a2e6a51f2;2b8aea9b05c9769c353240e65da9cd55c206c4de6f0351458e58e36dc9bd9790;2026-09-23T00:53:28.118606+00:00;false
LOC-0087;LOC-0040;CAR;2026-08-17T07:00:00+03:00;OK;1051;18;5495;LOCAL_VALHALLA_MATRIX;8d2f6260caa3eebb48f95a05f04b48b910b05510c96beb7ced181ea7f49c3743;ca2046a9b5a928d0f05a1e6b20ec1e8280a178c84e258034c7b053a446d1c0a3;2026-09-23T00:53:28.118606+00:00;false
LOC-0087;LOC-0042;CAR;2026-08-17T07:00:00+03:00;OK;1294;22;8127;LOCAL_VALHALLA_MATRIX;a0d9614a3641fc65248f21a7c6f986b3a486a7742aec0df930d09161e64c6589;0c8f65d88c2236b9e340b369b4593defbaeb8a552d3e648bf04772c9408a1933;2026-09-23T00:53:28.118606+00:00;false
LOC-0087;LOC-0043;CAR;2026-08-17T07:00:00+03:00;OK;315;6;1465;LOCAL_VALHALLA_MATRIX;88b82b93e3fc895fe3907831d91a07ac9b5c08fdef1cd04535d0080d3cb4c51f;3ac940b8b835d63f43946f21fcf3faad7287115009e784cb382490baad858c63;2026-09-23T00:53:28.118606+00:00;false
LOC-0087;LOC-0046;CAR;2026-08-17T07:00:00+03:00;OK;1706;29;9942;LOCAL_VALHALLA_MATRIX;8f2bba3714ec64004b5d4679ed5a3fe20f23548c9b648154befa6b82fd9dffb4;f2d5f6b32dfc387323243b717758f29af541c9b1372644ced3b8771a57f52334;2026-09-23T00:53:28.118606+00:00;false
LOC-0087;LOC-0052;CAR;2026-08-17T07:00:00+03:00;OK;1620;27;9138;LOCAL_VALHALLA_MATRIX;beb5281f73315e48f468d95c5fdd0ad2ed008312fe0fbb7348e3ef4dea21ba57;5cf770b84898a8c57c3ce62de8a0a6b9455ca2b30b9b01d7bc114b2f21114ff8;2026-09-23T00:53:28.118606+00:00;false
LOC-0087;LOC-0055;CAR;2026-08-17T07:00:00+03:00;OK;686;12;3668;LOCAL_VALHALLA_MATRIX;d812ef58be689b1683121b72e2dae54860dbabca5e87be5e5b4a167ab6eb91d0;2e5743383536cef28c069933bb1f9c3be3f27e1cf8b6aa7fe4d82d69e65a6285;2026-09-23T00:53:28.118606+00:00;false
LOC-0087;LOC-0056;CAR;2026-08-17T07:00:00+03:00;OK;770;13;3926;LOCAL_VALHALLA_MATRIX;30c265c9e16c95a1bf42c6c790b29604a84d6bcb42b43a29d7006d94ed49a346;5c698a3c34d6ea074aede8462362ac33c1820283bac5733838d985cc43bfe7c8;2026-09-23T00:53:28.118606+00:00;false
LOC-0087;LOC-0068;CAR;2026-08-17T07:00:00+03:00;OK;1754;30;10439;LOCAL_VALHALLA_MATRIX;effca6d173d258178f206c17af96a85d12bd4ca7f3c7f397361fd10427ea5e34;895fa6fc84ef07683d40df5e0d984610cea83f6df900f4dc7268ff59c7deacee;2026-09-23T00:53:28.118606+00:00;false
LOC-0087;LOC-0079;CAR;2026-08-17T07:00:00+03:00;OK;737;13;3544;LOCAL_VALHALLA_MATRIX;daaa5c3b408f6b2db52c1b6c1a521bc8d19aeffea6b63773bfbf98142e5ef321;505e0142405208fda266b708b65303131495af5199dfacc0dfb46b80964a5037;2026-09-23T00:53:28.118606+00:00;false
LOC-0087;LOC-0084;CAR;2026-08-17T07:00:00+03:00;OK;746;13;3556;LOCAL_VALHALLA_MATRIX;ce061235b6d0962766294fe19b023dbae47f441355df7205295b529d00d86e9a;cd13e6beb64c2836bcf88732a7b90c27c910799b0da51d136fffead385f2675c;2026-09-23T00:53:28.118606+00:00;false
LOC-0087;LOC-0087;CAR;2026-08-17T07:00:00+03:00;OK;0;0;0;LOCAL_VALHALLA_MATRIX;aee9a560b5ec654084cab7f03775dd4249711e72b95f3ad1a98ca05fc6405789;3d5812abc84c11768aa73a732c85d75dbed439188f5bb3239e9b762ea31d9862;2026-09-23T00:53:28.118606+00:00;false
LOC-0087;LOC-0105;CAR;2026-08-17T07:00:00+03:00;OK;531;9;2541;LOCAL_VALHALLA_MATRIX;a0f3c48075f6417396593ecce55c96590eecf053f19ddfa3aefd2a61c458167b;bd4d2018a8587a9fa7d5dc9dafc20a7f2a7e215eaac8250f6395c1624499fe42;2026-09-23T00:53:28.118606+00:00;false
LOC-0087;LOC-0108;CAR;2026-08-17T07:00:00+03:00;OK;1437;24;9034;LOCAL_VALHALLA_MATRIX;8a8d6ddcef7502ce5189888d34824e0fa2eed6724550cf8334d5e4d73d8bc812;aeaf7e790ab9502421099629c57bf0acf7bddc2c59dc5526468638c7f59c4912;2026-09-23T00:53:28.118606+00:00;false
LOC-0087;LOC-0109;CAR;2026-08-17T07:00:00+03:00;OK;757;13;3869;LOCAL_VALHALLA_MATRIX;b74da3b7836b8314a6f3b8288b7b666c54986f7ac19a1f7ab0feb99ecdb7a416;4a86a9be27d6cb61987751b95a1b536337991c853da0c5d3c7e544931eefa439;2026-09-23T00:53:28.118606+00:00;false
LOC-0087;LOC-0114;CAR;2026-08-17T07:00:00+03:00;OK;1118;19;6734;LOCAL_VALHALLA_MATRIX;fe0f0ebf2c59d8346dd393fac5c5b553e83914a0e10e817880a9ac53a1b37f87;781a9163d8a989a71a8b989d896e50f4b4e5223c7738d365f469afaa16087106;2026-09-23T00:53:28.118606+00:00;false
LOC-0087;LOC-0116;CAR;2026-08-17T07:00:00+03:00;OK;1434;24;9250;LOCAL_VALHALLA_MATRIX;2d317e9eadf051d5fa6a46eecfa586b7902a344469317815af10751c3ee31e04;888622141f22f35adadde82be48e0b5d7d971bf933c38054fedc47c7272a4cbf;2026-09-23T00:53:28.118606+00:00;false
LOC-0087;LOC-0117;CAR;2026-08-17T07:00:00+03:00;OK;1483;25;9389;LOCAL_VALHALLA_MATRIX;b3eaa5a3a68a7e9ba943f95051dd8af0993036a78d16ad3f24f80a8c22efdae6;c063b61737eb2b32029f8b0a68691c4a0a5d55d257b1debfa3afbcf3aeee756a;2026-09-23T00:53:28.118606+00:00;false
LOC-0087;LOC-0119;CAR;2026-08-17T07:00:00+03:00;OK;356;6;1515;LOCAL_VALHALLA_MATRIX;29b639cff114daa78c6f55ba8761241870c40f09f3695893782ebb6f17aaf2de;0d748bab03a216cf0b63d7c146fb67a17c081df73011860449279c41472c7120;2026-09-23T00:53:28.118606+00:00;false
LOC-0087;LOC-0120;CAR;2026-08-17T07:00:00+03:00;OK;431;8;1883;LOCAL_VALHALLA_MATRIX;1d2aee319a5bf3a8d5382712300fb1bdff2a4f1c92071804fe839cf7efe06d2e;901ce45f23900ff57a1661051eefea1a8c6a4a0ffe5559b23171e9acfeb154b3;2026-09-23T00:53:28.118606+00:00;false
LOC-0087;LOC-0121;CAR;2026-08-17T07:00:00+03:00;OK;490;9;2540;LOCAL_VALHALLA_MATRIX;c3611b0c8a0f4e2491b12a0e238521c44538fbf4d32ec51bbb21102c5cd10602;59d29e3e0ba7c0e3b0353a2d77de8c606c3931d1799121eff7b2789f23bc6112;2026-09-23T00:53:28.118606+00:00;false
LOC-0087;LOC-0127;CAR;2026-08-17T07:00:00+03:00;OK;1516;26;9807;LOCAL_VALHALLA_MATRIX;3a3b7adaad7223177f5408682f30f1a276128606cf185469ea1ba610d62652cc;32236cae19f6554a0c678d246e4abde45c85a6fe17602bc4849d1ffe769dc4aa;2026-09-23T00:53:28.118606+00:00;false
LOC-0087;LOC-0131;CAR;2026-08-17T07:00:00+03:00;OK;1293;22;8256;LOCAL_VALHALLA_MATRIX;64c3642d4c79f0c92e56c233f96d51581cf6ea23a750536eaac99daa559836da;42ed8e5bfea4ba6b8bcac8bf011a31870ac98ed4a3fa12a01e9397e023980ff6;2026-09-23T00:53:28.118606+00:00;false
LOC-0087;LOC-0132;CAR;2026-08-17T07:00:00+03:00;OK;1677;28;9973;LOCAL_VALHALLA_MATRIX;cddedafcbfe87b96cdd90a546d8f0d9c399ff9164520147f86f44b790c9e6dcc;75a3323738f4583340114c180698b8ca0df48fa37e8fe8471592fba55377e275;2026-09-23T00:53:28.118606+00:00;false
LOC-0087;LOC-0138;CAR;2026-08-17T07:00:00+03:00;OK;1345;23;8435;LOCAL_VALHALLA_MATRIX;3615b254b318bb96397a33887417ee263fd62a803327aa10ff83f934f72140f8;0de600cc0f588b13445072e718bdb03ef07a007da8b70a4e34ce32272f64ce22;2026-09-23T00:53:28.118606+00:00;false
LOC-0087;LOC-0143;CAR;2026-08-17T07:00:00+03:00;OK;746;13;4147;LOCAL_VALHALLA_MATRIX;794b0921adc885c00b2b707b0eaa7d898560304031e0a612e3e972de31fd26a1;afbc9f88c8c7d138f65b5ce33b44d761982671f30c08330c08649d2ae37659f3;2026-09-23T00:53:28.118606+00:00;false
LOC-0087;LOC-0144;CAR;2026-08-17T07:00:00+03:00;OK;368;7;1347;LOCAL_VALHALLA_MATRIX;8e40561200f585b7a7013a14cf97075da28f37900e691b10b9b3a536b0aabd3c;c2308491d7b2a3b5e3a65d70945099754c9e569a2d816671800850e2163ed379;2026-09-23T00:53:28.118606+00:00;false
LOC-0087;LOC-0146;CAR;2026-08-17T07:00:00+03:00;OK;715;12;3814;LOCAL_VALHALLA_MATRIX;ae74b555e97e8737f3c239a44105a3af04dc134a3af45054e256a54bc3af499b;3049bd8d8b03b887eeb51b54ec73b28ed79137a0d330cda144d51c9a429af535;2026-09-23T00:53:28.118606+00:00;false
LOC-0087;LOC-0154;CAR;2026-08-17T07:00:00+03:00;OK;516;9;2269;LOCAL_VALHALLA_MATRIX;ca103ea386a932e0cab85041f740cc55960387a2aea94d81d0c86fab66c3b501;30805bc3d62be291d85766cf96aa9e1c2b1a12e45c89135312305285decf99b5;2026-09-23T00:53:28.118606+00:00;false
LOC-0087;LOC-0188;CAR;2026-08-17T07:00:00+03:00;OK;907;16;5262;LOCAL_VALHALLA_MATRIX;00d3b736f58a469afc8049707df298e929d843e7bca3039d52de8c1643c8ff74;60242f06682d8b328adccd5b1e9935660f2cfe536bff2d1691af5934856f914c;2026-09-23T00:53:28.118606+00:00;false
LOC-0087;LOC-0191;CAR;2026-08-17T07:00:00+03:00;OK;842;15;4464;LOCAL_VALHALLA_MATRIX;74dfb89c04a6491705cfabc5b2a87781990502ef582d2c3abf2e5b5adf452072;100f6ae8712f4b43ec3ac4adb56e658911fd2617d621564d27984eb47a9675af;2026-09-23T00:53:28.118606+00:00;false
LOC-0087;LOC-0193;CAR;2026-08-17T07:00:00+03:00;OK;2024;34;12401;LOCAL_VALHALLA_MATRIX;2568ed3ef1f43d08067c2e341a672574ca03b9871ff72fe9780cccf2c7888244;a27aac86d7702a5257d8db43d44c2eb5b423a501caf40170d63cd06b16367353;2026-09-23T00:53:28.118606+00:00;false
LOC-0087;LOC-0194;CAR;2026-08-17T07:00:00+03:00;OK;2106;36;12675;LOCAL_VALHALLA_MATRIX;1c940c8190ceed037395283d0e7303e9e9c97dfc1a2f3196dbab0ed229c51365;bbbbd650041323635fb9e156e87a5c0d54f962e45edf08df5b5dde1a69617b90;2026-09-23T00:53:28.118606+00:00;false
LOC-0087;LOC-0195;CAR;2026-08-17T07:00:00+03:00;OK;522;9;2662;LOCAL_VALHALLA_MATRIX;13327ee9a3a98d1c0945e4efae19fefaaffba6ea1ed88712c7248e3edc2a95cf;41200bb3858bfde9694241f680315532b32e493a74e0ad6f57488e37ade7dc5c;2026-09-23T00:53:28.118606+00:00;false
LOC-0105;LOC-0001;CAR;2026-08-17T07:00:00+03:00;OK;239;4;1186;LOCAL_VALHALLA_MATRIX;f6173d5135de194cfba8bfc4d5343ed0f2fd744976764850c278ef2dd5366653;86adedf767828016124f160ccb27f9a7e07682006f21341c0652a4c6f2dd29d2;2026-09-23T00:53:28.118606+00:00;false
LOC-0105;LOC-0007;CAR;2026-08-17T07:00:00+03:00;OK;884;15;5654;LOCAL_VALHALLA_MATRIX;0f8b8d21f454ea267fd5234bfdabd691894aebeb7024cd17539354de02ee17f5;4b020e30156e61c114011427d04a882c2d140d6735acd51071ee81100d5c3dd5;2026-09-23T00:53:28.118606+00:00;false
LOC-0105;LOC-0014;CAR;2026-08-17T07:00:00+03:00;OK;1587;27;9981;LOCAL_VALHALLA_MATRIX;01b623a4b5f7a0e6f3220c694a096f864e258ae81fdd306494d74df69e0ef3e7;f444899b66fd7e5c6ae368c3ad64c614edfb20672ff78ce08984b6f6e9758c42;2026-09-23T00:53:28.118606+00:00;false
LOC-0105;LOC-0015;CAR;2026-08-17T07:00:00+03:00;OK;1311;22;8972;LOCAL_VALHALLA_MATRIX;81e70639c5949e954867d5425800c0a75fc5cbac80caf78a4c01e4ae1a4ab72a;54d12b5f5f672ee182863266c7c69f85f3d9f8dcdf4e7b6e86fef59702dc7c7e;2026-09-23T00:53:28.118606+00:00;false
LOC-0105;LOC-0021;CAR;2026-08-17T07:00:00+03:00;OK;425;8;2035;LOCAL_VALHALLA_MATRIX;24004bbc1e5316c74691ba360ad43ee6caef3406ed07d96473540ea2859cbee7;50e60ee6954a2f2c642b1e906e9ceb3b8fd3d70607ca460ceab7bcbd81f846c4;2026-09-23T00:53:28.118606+00:00;false
LOC-0105;LOC-0022;CAR;2026-08-17T07:00:00+03:00;OK;433;8;2306;LOCAL_VALHALLA_MATRIX;5269dc2a2f1066312fd56ab75270ec4d436ba8fb1182a28cbd3482c5a0304069;8b9bd927d5564987e70271d72662847e850926249c73b33e9112934cb65d2526;2026-09-23T00:53:28.118606+00:00;false
LOC-0105;LOC-0026;CAR;2026-08-17T07:00:00+03:00;OK;842;15;5270;LOCAL_VALHALLA_MATRIX;74ad9fa80b0903ca6e0bd1db61e6d4f92f6c681ac41e155efd413d98ee4258d2;484b17328a2984a8c4c33b1f09082544f1bfc78ba2dc49fe0e69125be67ff8e9;2026-09-23T00:53:28.118606+00:00;false
LOC-0105;LOC-0040;CAR;2026-08-17T07:00:00+03:00;OK;1118;19;6809;LOCAL_VALHALLA_MATRIX;ecb5588cbc2c1c614b24ea2bac597d8e9a48892df7d2f227f6fbf357aafa9330;526ce0e569b0c01c9eb75f8c2a8fa83fb5572c0740c0ffb9499dff6459535f43;2026-09-23T00:53:28.118606+00:00;false
LOC-0105;LOC-0042;CAR;2026-08-17T07:00:00+03:00;OK;1252;21;8247;LOCAL_VALHALLA_MATRIX;7929754c41e415368fac5bcc974fcc5a3db5431c699607b5c9fa3e20e42e871c;16cd904630a2186b97930033009052a796ef0560ccd58e2ecf52a5b9c6bd7f17;2026-09-23T00:53:28.118606+00:00;false
LOC-0105;LOC-0043;CAR;2026-08-17T07:00:00+03:00;OK;582;10;3283;LOCAL_VALHALLA_MATRIX;747ae4d56c2b03f3be1d63ab4b69f27317c51699479b5fb3e57f46bdf3bc0617;cb2710d2ac806f7c53356928b0777aa7490af5e854d73e32de8c56eca41dcb15;2026-09-23T00:53:28.118606+00:00;false
LOC-0105;LOC-0046;CAR;2026-08-17T07:00:00+03:00;OK;1763;30;10979;LOCAL_VALHALLA_MATRIX;603f2faebe9c09169aba3bee02d83cf7756d6933df32acbfad93690ca0d77b6f;eafdeb3a41c91fa96f2aa4fad35fc0fdb005923a6952a6198d095ebcb24a45db;2026-09-23T00:53:28.118606+00:00;false
LOC-0105;LOC-0052;CAR;2026-08-17T07:00:00+03:00;OK;1677;28;10175;LOCAL_VALHALLA_MATRIX;987664443e922c2a4b1abb0193ead144195aa533cd9c66d1b92317a4d7231d89;d6b9b35f1cbb57b72b612c1f2cd580123a5671235ab4f407750f7be7984f66e3;2026-09-23T00:53:28.118606+00:00;false
LOC-0105;LOC-0055;CAR;2026-08-17T07:00:00+03:00;OK;405;7;2290;LOCAL_VALHALLA_MATRIX;c18adc44803015634fa6f6486bfbcaf53e6185d2471acf40fe26c5b904ae34d7;5eb47b42799ae32d480dcccc368ec16f83d169a74689382e49b3e0f6673bca7c;2026-09-23T00:53:28.118606+00:00;false
LOC-0105;LOC-0056;CAR;2026-08-17T07:00:00+03:00;OK;391;7;2087;LOCAL_VALHALLA_MATRIX;6579b2669a255f693f7ba9a5f83cbe86d746a5f2738b0952ae2b6bd7a858c386;25b4041b9c24f6075a2ca4071ceedb03a606d8eeb05ad450618f9e7ab8486e64;2026-09-23T00:53:28.118606+00:00;false
LOC-0105;LOC-0068;CAR;2026-08-17T07:00:00+03:00;OK;1811;31;11476;LOCAL_VALHALLA_MATRIX;79cbf78809e33dc96730d666cf4965b3b684eb7944be0fb8c60cd10a157523b7;aa561e4045de6882592a25940e968f8cb54efe936b7520434ff814fc7e57b4d0;2026-09-23T00:53:28.118606+00:00;false
LOC-0105;LOC-0079;CAR;2026-08-17T07:00:00+03:00;OK;807;14;4468;LOCAL_VALHALLA_MATRIX;fd545a7627c8982f089bb519e7c55e9baa0c2710651375902c52c30595e66e23;b173558b7836b6f45aff2875c9201f72c896c99c7e956ea01f14a5ccacce4ac3;2026-09-23T00:53:28.118606+00:00;false
LOC-0105;LOC-0084;CAR;2026-08-17T07:00:00+03:00;OK;1183;20;7132;LOCAL_VALHALLA_MATRIX;70d87e7a0f47e5d0b6aba4a8631b7a24a4e2699c69191e99da5aaab800a4d5ff;2a96a8ae5997efe25a33eee64fe31ef2b92b0a526bfb2af49dfd76d9f9950262;2026-09-23T00:53:28.118606+00:00;false
LOC-0105;LOC-0087;CAR;2026-08-17T07:00:00+03:00;OK;499;9;2254;LOCAL_VALHALLA_MATRIX;ab56225a11de314f7b468f9962e4dcff5c67f676f527fbdac4e84ca7a574ed04;2f71d739bc77c2c9d1a1782c42f87a8a9fe72e9e89f42238cadbeac45126e0f2;2026-09-23T00:53:28.118606+00:00;false
LOC-0105;LOC-0105;CAR;2026-08-17T07:00:00+03:00;OK;0;0;0;LOCAL_VALHALLA_MATRIX;2ef609518deebbd706dbcaf39a1d497d35100842b2c125c216e64def56396e32;3d5812abc84c11768aa73a732c85d75dbed439188f5bb3239e9b762ea31d9862;2026-09-23T00:53:28.118606+00:00;false
LOC-0105;LOC-0108;CAR;2026-08-17T07:00:00+03:00;OK;1468;25;9172;LOCAL_VALHALLA_MATRIX;ac69885183d3b05389c03888822c71f42352a436aabf132a23dcf9937ba06740;e52dbbf9079894f5273361a98867f045f49b57d366599b3a447301d1704fcde3;2026-09-23T00:53:28.118606+00:00;false
LOC-0105;LOC-0109;CAR;2026-08-17T07:00:00+03:00;OK;1072;18;6547;LOCAL_VALHALLA_MATRIX;911f4015dc62f9594b3d5195e4ec8bbdf8a8a934213e74b5acd273232e15bf39;863672522b42984b1cf1b8790f5d68110ae206d1fd2eb98166e58e159954d89c;2026-09-23T00:53:28.118606+00:00;false
LOC-0105;LOC-0114;CAR;2026-08-17T07:00:00+03:00;OK;1149;20;6872;LOCAL_VALHALLA_MATRIX;2aa60d93bed7f38ff9cfb0bf39d611c8075c529f529503233a43aa8e9331c90f;912fba624395abc28f31cbe0ac19470f8d1fcdb62feb269ff05cce5cff1b4fea;2026-09-23T00:53:28.118606+00:00;false
LOC-0105;LOC-0116;CAR;2026-08-17T07:00:00+03:00;OK;1465;25;9388;LOCAL_VALHALLA_MATRIX;9b018942ab5751eb2e03ac9f40f871781e6506584408b9d3c2da0049fa8834bb;9bad00e1a1344b6669c480eb877e8298853948e103bde539f2ab630387774176;2026-09-23T00:53:28.118606+00:00;false
LOC-0105;LOC-0117;CAR;2026-08-17T07:00:00+03:00;OK;1514;26;9527;LOCAL_VALHALLA_MATRIX;1f4ee5a0a65d830e0520ce8dd30cfd4f3d7254e2bf47fa1b3bcc9d4b314bb98a;6db22a9d18544caadbe4e7be03e545998d0f516eb93bfd96074ff0bc747ea898;2026-09-23T00:53:28.118606+00:00;false
LOC-0105;LOC-0119;CAR;2026-08-17T07:00:00+03:00;OK;623;11;3333;LOCAL_VALHALLA_MATRIX;34e25396c4e4c37a587aa108704c6c48c0455a71933686af5e21d2c0e87a96bc;bb6158ea508ab01268820e0b8a122adebef5d304a62b6408969f98a33b215b1e;2026-09-23T00:53:28.118606+00:00;false
LOC-0105;LOC-0120;CAR;2026-08-17T07:00:00+03:00;OK;552;10;2767;LOCAL_VALHALLA_MATRIX;72363413558a9b31ff14ec323eec8122824ef07b7f0f8a449f93e5f38c574271;ac50938b47c8abedec0898a3689e6cefc341420a6286eccdc50e773835296a75;2026-09-23T00:53:28.118606+00:00;false
LOC-0105;LOC-0121;CAR;2026-08-17T07:00:00+03:00;OK;757;13;4358;LOCAL_VALHALLA_MATRIX;293bfe69081d4f426aff02e63e52fd55fbd0e6212c8d8d30e9d24beb57e7209b;018bd960d2c9e615cb5106d865f01ce56862c9ea8814de5f3a0385b1d9be3f80;2026-09-23T00:53:28.118606+00:00;false
LOC-0105;LOC-0127;CAR;2026-08-17T07:00:00+03:00;OK;1474;25;9927;LOCAL_VALHALLA_MATRIX;66fae772f2dfba98b16dbd54f63602511d3bc07db4e2930e27e4843b614b30e4;cfc9849068fd8fe79533bb78acc729501850b0623436c2f238e38e46f4ed10d9;2026-09-23T00:53:28.118606+00:00;false
LOC-0105;LOC-0131;CAR;2026-08-17T07:00:00+03:00;OK;1324;23;8393;LOCAL_VALHALLA_MATRIX;2342bb21971d25dc80b1feb682d1c54469cdf54a20f36effdd431e88b017a576;cdc917de0fe7cf9ab0a4eaad79c54dc4c2151b053733af1a7a6f07377cba9430;2026-09-23T00:53:28.118606+00:00;false
LOC-0105;LOC-0132;CAR;2026-08-17T07:00:00+03:00;OK;1734;29;11010;LOCAL_VALHALLA_MATRIX;860abe12f22b3dd14952fec92a8ceed55cc95ab83ae624cad997719dd272be58;54ccda234e7952b823357765ce40391942c04c76ce407bd0d401c8e3ff9114c7;2026-09-23T00:53:28.118606+00:00;false
LOC-0105;LOC-0138;CAR;2026-08-17T07:00:00+03:00;OK;1303;22;8555;LOCAL_VALHALLA_MATRIX;40cb51e1a79b4a66719bb48be6ce567b8ec8ebd83e8891aef63af5ab6ce7c9fa;3f76bf7c6530d735149a25f815a24ea7912501eae9061a7fb8d7b8eb01e651b5;2026-09-23T00:53:28.118606+00:00;false
LOC-0105;LOC-0143;CAR;2026-08-17T07:00:00+03:00;OK;813;14;5461;LOCAL_VALHALLA_MATRIX;374571da9d1dc27266a3ab3349ba919554dfb419e7dc1b75ec8ab47358e4833c;ed6997fc496f62c7aa1c6618c4c566b16f8b14fbd4541a93f6474d10140f066b;2026-09-23T00:53:28.118606+00:00;false
LOC-0105;LOC-0144;CAR;2026-08-17T07:00:00+03:00;OK;635;11;3165;LOCAL_VALHALLA_MATRIX;21515a8faa4aa067e009432a015e33e75f6d2f77b0b5ba06598cd742c73bd0fa;e10b389be7710e1e4eab50af20a2b72d69a9183ddd414f26438d4679fa5c0a5d;2026-09-23T00:53:28.118606+00:00;false
LOC-0105;LOC-0146;CAR;2026-08-17T07:00:00+03:00;OK;323;6;1756;LOCAL_VALHALLA_MATRIX;e238e1565369ecc68bbfea768d2fdd2aff85a6bacedeae5fdcf39185c7e809a4;705041c21161fac65ea5584d7f5cfb1fc82e3b056552141fce81d2ca9990fea0;2026-09-23T00:53:28.118606+00:00;false
LOC-0105;LOC-0154;CAR;2026-08-17T07:00:00+03:00;OK;429;8;1946;LOCAL_VALHALLA_MATRIX;1cac7ef7f9c88faf1833a64223e80cc339980826d7124ea6bc481cbc48c4fced;14bba486d337c2262dc477943b929a1ee003f24b2a2f7e92b1f7995c513fa01d;2026-09-23T00:53:28.118606+00:00;false
LOC-0105;LOC-0188;CAR;2026-08-17T07:00:00+03:00;OK;1197;20;7339;LOCAL_VALHALLA_MATRIX;69f12784d378ba0d903e5fe16020ba8869a5717716bdd0971cd69af0fb5fad9e;5fe673a563a65842261082cb22c222245eff56fe9a0f8038de96f7c443272848;2026-09-23T00:53:28.118606+00:00;false
LOC-0105;LOC-0191;CAR;2026-08-17T07:00:00+03:00;OK;909;16;5778;LOCAL_VALHALLA_MATRIX;20b4fbb36bcfc081e3a2ac77c7eae16859bed810495832add05c618b5d706689;21ec5de278966d41ee1c81a83e8e3d97e575b877f7845380316cd6840528c6ae;2026-09-23T00:53:28.118606+00:00;false
LOC-0105;LOC-0193;CAR;2026-08-17T07:00:00+03:00;OK;2045;35;13434;LOCAL_VALHALLA_MATRIX;235883fa1720c6d0b4939aa654aabb2756b774f438b0cffb6daaa776cc5519c4;b6998a7eed10d412f06770c3dc78a8c0df2195142997b3e0dc2ffe97506fac9a;2026-09-23T00:53:28.118606+00:00;false
LOC-0105;LOC-0194;CAR;2026-08-17T07:00:00+03:00;OK;2127;36;13708;LOCAL_VALHALLA_MATRIX;a68ccd727fc97a9967c1debcfd7bd3fb683cae7492df92fcd53f6d524d3f41f5;acfa8ffe5e7fa1bdd122f7755123ed2bb7c1718d1ca1281b1b9bb5487c2a6194;2026-09-23T00:53:28.118606+00:00;false
LOC-0105;LOC-0195;CAR;2026-08-17T07:00:00+03:00;OK;418;7;2320;LOCAL_VALHALLA_MATRIX;74bec5e6b8349141fc12881c438146f77089c812fd2b884aee606a7f0658a97e;70b4ae22d34239203eb8a3ba0e9fec0f4471f371d0eaee676465d8f08518f214;2026-09-23T00:53:28.118606+00:00;false
LOC-0108;LOC-0001;CAR;2026-08-17T07:00:00+03:00;OK;1488;25;9996;LOCAL_VALHALLA_MATRIX;3e75b8e390135577d60455865bfcd67af8710499fd3b91f631de0879932f5742;987e8ee4c9c176c18acf44d57c6031d6688f31726d6c16f99c6379c83bcf2a17;2026-09-23T00:53:28.118606+00:00;false
LOC-0108;LOC-0007;CAR;2026-08-17T07:00:00+03:00;OK;1864;32;12502;LOCAL_VALHALLA_MATRIX;0589e3e7b60f88bbff37380279bb326aa6d16cd6fdd9570ccce3a10914048e5c;cc0ef60a91de3161158e772d8d45c01589508183892744e103f5f8e23fbfddde;2026-09-23T00:53:28.118606+00:00;false
LOC-0108;LOC-0014;CAR;2026-08-17T07:00:00+03:00;OK;491;9;2071;LOCAL_VALHALLA_MATRIX;8e4076177e48854f1eb522eee879ecfe9b3700b04c5198f62c2258fc75210725;d30d0a48adfedd71f50c8967917dc295f6f04c14aeefa5b2f40b384bf10ed1af;2026-09-23T00:53:28.118606+00:00;false
LOC-0108;LOC-0015;CAR;2026-08-17T07:00:00+03:00;OK;526;9;3220;LOCAL_VALHALLA_MATRIX;c067c8a958771e6d18a67079223ed6732a59bd922bcdc9982d5eaa793b8fbf18;fb73fb1db644321bb7e5859e7c4b6c93189c6431c25abb5b9eefb5c4fd06eae9;2026-09-23T00:53:28.118606+00:00;false
LOC-0108;LOC-0021;CAR;2026-08-17T07:00:00+03:00;OK;1714;29;11336;LOCAL_VALHALLA_MATRIX;ab1c6912160a8bfb70f1e2a57e9b3e5fdc9211f36c5856fbbed0d1bbe3c7e3cf;5c5c46b40029f150904fe5a1e5a026bd157a1691b033f776e7a88e08622f2541;2026-09-23T00:53:28.118606+00:00;false
LOC-0108;LOC-0022;CAR;2026-08-17T07:00:00+03:00;OK;1557;26;9684;LOCAL_VALHALLA_MATRIX;ed6d2035c4cf1a189b5353cb986ec4efcfd864c86557c125dbfa54c9cb1c7a96;d9b8ca2d00441f054df01fbe2b169243b4f241a222efbdd9fc3ca0e470bf3561;2026-09-23T00:53:28.118606+00:00;false
LOC-0108;LOC-0026;CAR;2026-08-17T07:00:00+03:00;OK;1521;26;10153;LOCAL_VALHALLA_MATRIX;3de5b022d42d0e83daa8de46415e8f06b1fcb2696fb83c23066fafb1c950b2d3;d0eca14b1510ad57eda4acd5d27990cb5a7f7fa15ee88252a945c64f382d1335;2026-09-23T00:53:28.118606+00:00;false
LOC-0108;LOC-0040;CAR;2026-08-17T07:00:00+03:00;OK;2099;35;13657;LOCAL_VALHALLA_MATRIX;95410d3dad7dfc3ff9e24e912f51a8fdafc4a48801830df0a25ab2c7a8f0fc7c;9118d77e0dc0cae933de84fe528108c5e7d23c104ec805a51a71cf957672a829;2026-09-23T00:53:28.118606+00:00;false
LOC-0108;LOC-0042;CAR;2026-08-17T07:00:00+03:00;OK;603;11;3471;LOCAL_VALHALLA_MATRIX;8cf2db48e294cabb9224387799f9fcc2ea57ec987b70f665daa799dffadf1bf2;5d78a88a151f09a00eab14d054af7e36af9ec5abd941d21a34a61d0397e37841;2026-09-23T00:53:28.118606+00:00;false
LOC-0108;LOC-0043;CAR;2026-08-17T07:00:00+03:00;OK;1377;23;9292;LOCAL_VALHALLA_MATRIX;458d09cda307165f26ac103f20b079f39753e115ed875d883420cdc15b778c55;0eea7b5f5940c6c7acb0e7454a389ae35ca62594624d78ef2dbcf2593bf1804c;2026-09-23T00:53:28.118606+00:00;false
LOC-0108;LOC-0046;CAR;2026-08-17T07:00:00+03:00;OK;831;14;4942;LOCAL_VALHALLA_MATRIX;b2683fbcf7d3581bff77220f5d29ad28410d8e3c56f4f42bb68bd0affbda37aa;1ba02aaaf05b99a6f3c4a240b9d324e7636623eaf549c7d4a59c9315e7a21011;2026-09-23T00:53:28.118606+00:00;false
LOC-0108;LOC-0052;CAR;2026-08-17T07:00:00+03:00;OK;717;12;3663;LOCAL_VALHALLA_MATRIX;be017a279e9c05e9f38a916fac9e350115fdf1cd467f7ffccf26273dccf104a7;548d87bd0ce7a41d50889d1900cc69cc17dea659ee731e902a19118ef3e29be6;2026-09-23T00:53:28.118606+00:00;false
LOC-0108;LOC-0055;CAR;2026-08-17T07:00:00+03:00;OK;1402;24;9267;LOCAL_VALHALLA_MATRIX;4950fcea0d77d5902c14b8b7116095a01ee9ce2efaf5f7812e2fd995475d88d0;738a2865e13f6978f83ac6057ef0e91980fa612d0ed425e56c8216ce1a077c68;2026-09-23T00:53:28.118606+00:00;false
LOC-0108;LOC-0056;CAR;2026-08-17T07:00:00+03:00;OK;1456;25;9329;LOCAL_VALHALLA_MATRIX;d4af0e3c65644bb813431f4f0d897aee0875fc4fe378f51dbff6c053048a189e;58d988fb76532549666312b439136055d38c595fa56eaca7b824a5d6901202a3;2026-09-23T00:53:28.118606+00:00;false
LOC-0108;LOC-0068;CAR;2026-08-17T07:00:00+03:00;OK;878;15;5439;LOCAL_VALHALLA_MATRIX;f84c75f22258afea82ded517bb3934bf38186622ae52825a18cde5bd02f7424c;db80b56d50fbf015d573056829a038c6f2adf9a3c87e39b55d324e90ece0862e;2026-09-23T00:53:28.118606+00:00;false
LOC-0108;LOC-0079;CAR;2026-08-17T07:00:00+03:00;OK;1523;26;9581;LOCAL_VALHALLA_MATRIX;c421b4bbe7f19eadf14f291a1d5b6b223baff90a7672dbaa8abef34bf1efae0e;893cfe1c27f567d14c54302914d3d30e591585e179d52db0c9bc609affbdcb2f;2026-09-23T00:53:28.118606+00:00;false
LOC-0108;LOC-0084;CAR;2026-08-17T07:00:00+03:00;OK;1398;24;8760;LOCAL_VALHALLA_MATRIX;0d17d8ecd47a8bf126e60a6599956ee8cf04829ca1659fe195b3f02db369daa7;11c081f3652e16c2d19c91fe21205bab6e2278888ee4fde398bb4b1d73030511;2026-09-23T00:53:28.118606+00:00;false
LOC-0108;LOC-0087;CAR;2026-08-17T07:00:00+03:00;OK;1582;27;10020;LOCAL_VALHALLA_MATRIX;fa0645c60ecea8c303daf1ec799eb02fb2efa85f485b20ff225b7b25e8103ebc;77e95f06fcc4fb4b27142151e59b2ad14b40deb6e516cba9d9cdd71892675c09;2026-09-23T00:53:28.118606+00:00;false
LOC-0108;LOC-0105;CAR;2026-08-17T07:00:00+03:00;OK;1666;28;11023;LOCAL_VALHALLA_MATRIX;99bad20a157cd3d301b988fadd2a8905e5e9d3898d4483b6f843b01c92f3fb3e;14a5de5f6ff4c36a1cfec95bde54518645288915e9f95fa8cfac361752a2833a;2026-09-23T00:53:28.118606+00:00;false
LOC-0108;LOC-0108;CAR;2026-08-17T07:00:00+03:00;OK;0;0;0;LOCAL_VALHALLA_MATRIX;d493bd64c7cad13a80bcd4ebdf2aa782c191a2bb172626656aea3238c9dace99;3d5812abc84c11768aa73a732c85d75dbed439188f5bb3239e9b762ea31d9862;2026-09-23T00:53:28.118606+00:00;false
LOC-0108;LOC-0109;CAR;2026-08-17T07:00:00+03:00;OK;1283;22;8248;LOCAL_VALHALLA_MATRIX;4dfd482a602adfe357cf29867bbecee363cdcc6843fec9ea9294cb3f9b111d91;2d5ed75166d536d0e5d32f372c0a614d7b54bb3d2d6b69452c71773fba375b32;2026-09-23T00:53:28.118606+00:00;false
LOC-0108;LOC-0114;CAR;2026-08-17T07:00:00+03:00;OK;749;13;4274;LOCAL_VALHALLA_MATRIX;0b262a1c6f06e513c49834cb412082f212f8d779879321e8b77333c3779f4924;bec6ffbab7f19f267491c65eebd079fc64ca784c814734f408bfe23e1f3f1590;2026-09-23T00:53:28.118606+00:00;false
LOC-0108;LOC-0116;CAR;2026-08-17T07:00:00+03:00;OK;231;4;741;LOCAL_VALHALLA_MATRIX;db72b4bf330b7332e4a1c5aa73373dbd63c20291472000bb27d22782ce45e073;d99dd2851dbc8077a9ded1d25ed44fa69153ef48a0467d964139408b7780b34e;2026-09-23T00:53:28.118606+00:00;false
LOC-0108;LOC-0117;CAR;2026-08-17T07:00:00+03:00;OK;235;4;714;LOCAL_VALHALLA_MATRIX;0b1dff5485a2927a751d5001f1f58b1ae7c1553acc660550de166552843e004a;15029273c9975734c93571e0f017fb251cedc77fb1cb872f9c229b2bfbb06b93;2026-09-23T00:53:28.118606+00:00;false
LOC-0108;LOC-0119;CAR;2026-08-17T07:00:00+03:00;OK;1369;23;9006;LOCAL_VALHALLA_MATRIX;6037baf641ac19d4301e7268595eba7165a3ea47c8f74c7ff09ccef1beb2220e;99eb4158dee53a989d3421abebaedd542b774a6ce8f7c72872ad3b5014ec15a6;2026-09-23T00:53:28.118606+00:00;false
LOC-0108;LOC-0120;CAR;2026-08-17T07:00:00+03:00;OK;1472;25;9545;LOCAL_VALHALLA_MATRIX;a1dbf065c6814b5e4b22bbc49cabfcbce7342605c2f6d3df00734e6477544d23;2629816f9c0c0bc3ab5974a722f07cb098c18fcef1ddc5ff4fb532c39bf09dfd;2026-09-23T00:53:28.118606+00:00;false
LOC-0108;LOC-0121;CAR;2026-08-17T07:00:00+03:00;OK;1416;24;9500;LOCAL_VALHALLA_MATRIX;996b485b63872091137e7225d3abc76e3198b42ba700026adf2db8e19a03d3e2;e27e4dafbf246efd625ad835988dc4cd4836ebb8896e4476dc800eaba9dd9eca;2026-09-23T00:53:28.118606+00:00;false
LOC-0108;LOC-0127;CAR;2026-08-17T07:00:00+03:00;OK;230;4;1002;LOCAL_VALHALLA_MATRIX;e1fabcb479a389ff9bf5f671fe4af8d9b028c99eae8da79b1100cc54ae07b9a7;aba04ae4651ea2d48bc5762faf31c9cfa388422fc6be6902b433dbd2e231ff20;2026-09-23T00:53:28.118606+00:00;false
LOC-0108;LOC-0131;CAR;2026-08-17T07:00:00+03:00;OK;663;12;3684;LOCAL_VALHALLA_MATRIX;79425b6f2b69529cc11f3534c60e396b3e4bde113c6681e0f1e0fabde815903e;af1535569de5ea517fc3b07cc29dda8c30a73303a155d31b18fe0d4ac1f071b4;2026-09-23T00:53:28.118606+00:00;false
LOC-0108;LOC-0132;CAR;2026-08-17T07:00:00+03:00;OK;802;14;4973;LOCAL_VALHALLA_MATRIX;0b3c968631e8262443f6961c40a449d070f381b92aec51ae3d05c759d12bf941;9200d35d1a24cfb3158d0764780b334701044f7529f281fea7cc110163175519;2026-09-23T00:53:28.118606+00:00;false
LOC-0108;LOC-0138;CAR;2026-08-17T07:00:00+03:00;OK;429;8;2215;LOCAL_VALHALLA_MATRIX;b20054f8207918772e9a2058cafb43daefe9b7a4c52b475418e4896e9073beb2;e2506e3ee1b3b460b3c862763e6c4fac93496f128d4e5197269a98ff19ce07b4;2026-09-23T00:53:28.118606+00:00;false
LOC-0108;LOC-0143;CAR;2026-08-17T07:00:00+03:00;OK;1794;30;12309;LOCAL_VALHALLA_MATRIX;6677da34b1caa9977cca7896596378be67adc6d03d1ab264b00e8e543bc322c7;d418a2d35ee497d9f392c13d20eefbfd721da09412644a936d47407a6d026894;2026-09-23T00:53:28.118606+00:00;false
LOC-0108;LOC-0144;CAR;2026-08-17T07:00:00+03:00;OK;1455;25;9374;LOCAL_VALHALLA_MATRIX;a4032b9ab51683bd554d915042f27a1ddbf5011c6e973d2af06964e2d1f26630;31cc2cf587095b540cc83f82c154eb404386748d3d08b20d292a40d00336ad5a;2026-09-23T00:53:28.118606+00:00;false
LOC-0108;LOC-0146;CAR;2026-08-17T07:00:00+03:00;OK;1539;26;9938;LOCAL_VALHALLA_MATRIX;a46818a32e98f6327370cccc490b5022f8f63bbb8012994c5dad32eade9677df;4b3166acef0d156d186e6af437336031a4f11df02253db7339d40d07d4477ed4;2026-09-23T00:53:28.118606+00:00;false
LOC-0108;LOC-0154;CAR;2026-08-17T07:00:00+03:00;OK;1639;28;10772;LOCAL_VALHALLA_MATRIX;86aa0ea67a3cafa44962a095e1fd3ea743f35036422b1411a13ebc9a3e560def;d154ed5f234eff90c014e8876591a84d9c538173c3c62af9a671d8af956c0e06;2026-09-23T00:53:28.118606+00:00;false
LOC-0108;LOC-0188;CAR;2026-08-17T07:00:00+03:00;OK;1088;19;6718;LOCAL_VALHALLA_MATRIX;6633bf5f48d88be78b7b24553da88ba14dc43aa937356fee9067738f5494bd6d;7872bb46e8c6b52aaf60582cc8a6a75a2975e3a8df98deaa8cc0b7f730361b31;2026-09-23T00:53:28.118606+00:00;false
LOC-0108;LOC-0191;CAR;2026-08-17T07:00:00+03:00;OK;1896;32;12349;LOCAL_VALHALLA_MATRIX;44c7a1e5dd5b745c4fb17925be7387db560bab3f77495c0a3aa992b6fe1f098d;c12294b34326b7759c5d6c6282c759f2cb219c032d63d8daf8bd9a985d4a3367;2026-09-23T00:53:28.118606+00:00;false
LOC-0108;LOC-0193;CAR;2026-08-17T07:00:00+03:00;OK;999;17;6196;LOCAL_VALHALLA_MATRIX;c57840b39bedcfcd6f1fd17f2fb77465fb4cd24f284034e49d03d76d2ad2586a;6cc0c9824bc77f2209095f3509678b746a85daa3c58dbbc45f3b1e0ae75df884;2026-09-23T00:53:28.118606+00:00;false
LOC-0108;LOC-0194;CAR;2026-08-17T07:00:00+03:00;OK;1080;18;6470;LOCAL_VALHALLA_MATRIX;8d97305de5eb8d5dbaf719ec9f19faa8679da0f15583d81bc8137769177acb88;a3b89ee09557bc520088deb72d1127d5a48eb12b87cbf02b610c3648eca6d06f;2026-09-23T00:53:28.118606+00:00;false
LOC-0108;LOC-0195;CAR;2026-08-17T07:00:00+03:00;OK;1645;28;11165;LOCAL_VALHALLA_MATRIX;3a7eb8bfc11b4a48ff05e3ff9c9d02a2cfb6283986efe556a26f459ee5d88fdb;eec8563a0bf936d7b57f0d07cf33a7bcb0e4ba3e36e124ed3d46e2a67afd71f0;2026-09-23T00:53:28.118606+00:00;false
LOC-0109;LOC-0001;CAR;2026-08-17T07:00:00+03:00;OK;906;16;5769;LOCAL_VALHALLA_MATRIX;5719339e36277f89558046587ccd29db30881d49e33e480a52822f8a3543b93e;e1a7b7a4f611199aaeefc1b1bcaa9cb36450b2e545f318ad8cf170d28c4885cb;2026-09-23T00:53:28.118606+00:00;false
LOC-0109;LOC-0007;CAR;2026-08-17T07:00:00+03:00;OK;929;16;5830;LOCAL_VALHALLA_MATRIX;addcab4d6c8e8066a799c9f755dcd5e534a10b930cf647d8f6b853272a2bc2de;fb1ecd59cbb189a32bdadda77f0d8d322690d26e55d126e83e62745c2c642b71;2026-09-23T00:53:28.118606+00:00;false
LOC-0109;LOC-0014;CAR;2026-08-17T07:00:00+03:00;OK;1248;21;7655;LOCAL_VALHALLA_MATRIX;c69f911bae55f283dfe08ee21c06d3c212de0b76a39b5dced19cc02a64c2d29a;f39256d1c01b0b9609f2e4bb7f84f77053eead0119541e6241a1f2c62db296e3;2026-09-23T00:53:28.118606+00:00;false
LOC-0109;LOC-0015;CAR;2026-08-17T07:00:00+03:00;OK;1163;20;7955;LOCAL_VALHALLA_MATRIX;cfb44728aef0c36fbd8eab9977db973b044b2321c4b7561da34872aa0550d96f;e896de95e3135e1ac3117b7bc8eab7d1333bd7ea75f4f9d2332a7809daedce2c;2026-09-23T00:53:28.118606+00:00;false
LOC-0109;LOC-0021;CAR;2026-08-17T07:00:00+03:00;OK;1007;17;5318;LOCAL_VALHALLA_MATRIX;372a50db755964db36470c0b013d2bb4e2a435455a1b43066722fed734a63ffe;02180098cd474022d1d9f4ed15b1d30b0b914bf2f00d45d0d559b073d8d8d07f;2026-09-23T00:53:28.118606+00:00;false
LOC-0109;LOC-0022;CAR;2026-08-17T07:00:00+03:00;OK;791;14;4270;LOCAL_VALHALLA_MATRIX;7a398d28d5ff730b416ce049ab6f50a835d14b890cfd730f45bfe4c937047837;f950e0e140b6001cdbacba5547f9dacd5aa842871f76f2c3d1c22d2a4ef0de4a;2026-09-23T00:53:28.118606+00:00;false
LOC-0109;LOC-0026;CAR;2026-08-17T07:00:00+03:00;OK;586;10;3481;LOCAL_VALHALLA_MATRIX;95b60997a7bbe72c4c32676511029a92e30d1b1268f3063e703cd7d2f4359926;88af1e36e63625cc668b77d1506c086e163b11c7c2cff619ca563008e00cdfdc;2026-09-23T00:53:28.118606+00:00;false
LOC-0109;LOC-0040;CAR;2026-08-17T07:00:00+03:00;OK;1163;20;6985;LOCAL_VALHALLA_MATRIX;aac2d04e1d45ea78a384a7339971a8287ee996d03f18d0a77de7db470ab90e7d;89771ae1857d69e3ea36c81a575faee02937e67b535c46cfedcd5a5ef49184ae;2026-09-23T00:53:28.118606+00:00;false
LOC-0109;LOC-0042;CAR;2026-08-17T07:00:00+03:00;OK;1252;21;8178;LOCAL_VALHALLA_MATRIX;139d6523c966b18f9f0e614cf6dc1b5c6e418c7a625b5406b44ef6e63ce9a1b3;d89e0195b4c4187ed3bb202e3e0f09f6b877aad6d58e2f359cb9236a24ce74d0;2026-09-23T00:53:28.118606+00:00;false
LOC-0109;LOC-0043;CAR;2026-08-17T07:00:00+03:00;OK;441;8;2620;LOCAL_VALHALLA_MATRIX;0d8341fb1675abc7e5deff5bc21d7bd78e4835bb7634e71b55a7ea2084b3c3f1;c5aa4ebc67c6d616901b88d55ab72317eb47f684afb90dc656c503f593ad0fbe;2026-09-23T00:53:28.118606+00:00;false
LOC-0109;LOC-0046;CAR;2026-08-17T07:00:00+03:00;OK;1386;24;8496;LOCAL_VALHALLA_MATRIX;eb5fca14f7058c3e0b7aea88583c19c8177e23fe65e51b96ca2154b360f9b97a;281adb245e96bd08d5f9f716d368b390aeca2b2e07c09f0566a8239fbe653948;2026-09-23T00:53:28.118606+00:00;false
LOC-0109;LOC-0052;CAR;2026-08-17T07:00:00+03:00;OK;1309;22;7901;LOCAL_VALHALLA_MATRIX;c7c676c5b8c671ed3e5f466a2e5bff588d4c2863287c577326dd040051d8b19c;bb1d5b39d765ed0ae25c88a5f32c5e509a7b7f277db3f970a510e38f7adc5d56;2026-09-23T00:53:28.118606+00:00;false
LOC-0109;LOC-0055;CAR;2026-08-17T07:00:00+03:00;OK;974;17;6122;LOCAL_VALHALLA_MATRIX;8b691f86f5b48b9a33f70c3e41d5f52431aff4f523b49c645970b3be9ef9482c;50f9c03c5fa268d20b9f944c9341b3efc7ab391d67910d198a60542c364f2431;2026-09-23T00:53:28.118606+00:00;false
LOC-0109;LOC-0056;CAR;2026-08-17T07:00:00+03:00;OK;1028;18;6184;LOCAL_VALHALLA_MATRIX;1e707b70c5d456ac970cffd4eb2b7358db2a844c08182e8eaba917cc06dfb307;20479086ed9c9dbd8726c025c153e3e0392f01e7b8e748b39c89b625ee690322;2026-09-23T00:53:28.118606+00:00;false
LOC-0109;LOC-0068;CAR;2026-08-17T07:00:00+03:00;OK;1433;24;8993;LOCAL_VALHALLA_MATRIX;2ad973ed34068ddbf221c573439ef4579b838709ab5c4d324677dddf5ebd5d84;548a4a35f6195881d7af540dc59f86b4380e1009abf33162c8c412e9d96feee8;2026-09-23T00:53:28.118606+00:00;false
LOC-0109;LOC-0079;CAR;2026-08-17T07:00:00+03:00;OK;658;11;3518;LOCAL_VALHALLA_MATRIX;ad6e2e856ed945099ac478f2733f42ed743f41cf63ee4be377c3ecf33b845fa0;8eff92cc1f6a8adaa98732fbad1069dc90239384e26a2e014db990bf7b74531b;2026-09-23T00:53:28.118606+00:00;false
LOC-0109;LOC-0084;CAR;2026-08-17T07:00:00+03:00;OK;283;5;1146;LOCAL_VALHALLA_MATRIX;1a6c8447edc673f850dd8c44ebe7062e36c2661ed7ea36aea6d248126b8ea4fa;b3eee3856e20d0acf432cc6e499d5469963c94093ac73c1e61ab39d889825e2f;2026-09-23T00:53:28.118606+00:00;false
LOC-0109;LOC-0087;CAR;2026-08-17T07:00:00+03:00;OK;646;11;3348;LOCAL_VALHALLA_MATRIX;10b7a8ed795ac7957ebfe0a47af894402c266956718f950efbd0df783dffdd1b;c3d54c5d72c4610dca3a17d60d658cebd978a067268427a101d968f6c7547e9e;2026-09-23T00:53:28.118606+00:00;false
LOC-0109;LOC-0105;CAR;2026-08-17T07:00:00+03:00;OK;887;15;5209;LOCAL_VALHALLA_MATRIX;c9fef67e9e85a5a8f6089da9c8b657f28d03412d03c77bde3fe9da512b3058b6;21ab795b0e7f7454f8db09b4714445d078aa4340972babd0167183848dc6e5b7;2026-09-23T00:53:28.118606+00:00;false
LOC-0109;LOC-0108;CAR;2026-08-17T07:00:00+03:00;OK;969;17;6026;LOCAL_VALHALLA_MATRIX;3a35cca7666b4decfaffd1926ea1249a3b5132b81691733ad8d559c92abb43d7;92af2577c8d99b6e37d8ea0a80a489f0cf45dbaece48631512aeda40c3e815ce;2026-09-23T00:53:28.118606+00:00;false
LOC-0109;LOC-0109;CAR;2026-08-17T07:00:00+03:00;OK;0;0;0;LOCAL_VALHALLA_MATRIX;13aabd158048672a3c52c333d9cd324a11bc75e0ef6650ba454f23bb017146fa;3d5812abc84c11768aa73a732c85d75dbed439188f5bb3239e9b762ea31d9862;2026-09-23T00:53:28.118606+00:00;false
LOC-0109;LOC-0114;CAR;2026-08-17T07:00:00+03:00;OK;650;11;3726;LOCAL_VALHALLA_MATRIX;6b665b4bded198857fadea90468d3006d441c498538927ff31694f186d5a88d1;8ab2bd9e68921027bf3bb2ad4104e221ca0f4fff2175188f75c80eac9dec3f27;2026-09-23T00:53:28.118606+00:00;false
LOC-0109;LOC-0116;CAR;2026-08-17T07:00:00+03:00;OK;965;17;6242;LOCAL_VALHALLA_MATRIX;5ae63684b2b5edf14379274bbb78316512ffc7e138b5a58428589bbc45ebb5e3;595b70acf37e5aa4e06adb7d435cf505f6747d1e362946037ce68a4070cfcf92;2026-09-23T00:53:28.118606+00:00;false
LOC-0109;LOC-0117;CAR;2026-08-17T07:00:00+03:00;OK;1014;17;6381;LOCAL_VALHALLA_MATRIX;b56f8a52bcc318a98bf575df03425dff5323a1ceb77ab1ec91ea3b46c5012168;f94475517ead1836be243a4f4d31128e946d6ac112423226bf4581b5df7bead3;2026-09-23T00:53:28.118606+00:00;false
LOC-0109;LOC-0119;CAR;2026-08-17T07:00:00+03:00;OK;433;8;2334;LOCAL_VALHALLA_MATRIX;32686f2b6221c9619851aff07af07720d37dbb590aa11983601166c5636cede0;2fc1c89bb1a98e316bc751a43b7e161673f1949462647c04ca22cd214d71efb9;2026-09-23T00:53:28.118606+00:00;false
LOC-0109;LOC-0120;CAR;2026-08-17T07:00:00+03:00;OK;667;12;3855;LOCAL_VALHALLA_MATRIX;0c1015815716e73343a61bbd8b9f27bb2a7e02eab2f259cdf4c64ede8b4dafc2;cfef344c3e5dd91795a1d55ebf9d46e1c775bf33aa2ceeed2f0a8fbfd791bc61;2026-09-23T00:53:28.118606+00:00;false
LOC-0109;LOC-0121;CAR;2026-08-17T07:00:00+03:00;OK;480;8;2828;LOCAL_VALHALLA_MATRIX;a85c5343bf9954e6bd2aa588a142d2803e4b562a154fec0453459fd968f4495d;b34f5064d6eba969f5c443e0ca191f611cdf58522c45e77c49012baa932fb7d1;2026-09-23T00:53:28.118606+00:00;false
LOC-0109;LOC-0127;CAR;2026-08-17T07:00:00+03:00;OK;1134;19;7601;LOCAL_VALHALLA_MATRIX;ec4d2cd3e5c195020dcacd1016f6744b4c6722204129c19b339f04a3d41549d9;4af612870e46f82cafca313a9c7635f6fa480d9fdc17c1efea8f6511d87072d1;2026-09-23T00:53:28.118606+00:00;false
LOC-0109;LOC-0131;CAR;2026-08-17T07:00:00+03:00;OK;825;14;5248;LOCAL_VALHALLA_MATRIX;6ab86b1e9a927258cc1fb512401a409a5832281f963824f1256bb504de328f0b;511344bbae023b00a20038d96524db781d19b1e0ca57dbf59d6f79b23b2e8d49;2026-09-23T00:53:28.118606+00:00;false
LOC-0109;LOC-0132;CAR;2026-08-17T07:00:00+03:00;OK;1356;23;8525;LOCAL_VALHALLA_MATRIX;985251db04c1ae1090ad280ed5d9be1d58c58a1c4857852a93a5b88e56eca9aa;0eb74bfb9a5e181ff37210d71bd0b583085fee6b48d2f49be5182de52b360a08;2026-09-23T00:53:28.118606+00:00;false
LOC-0109;LOC-0138;CAR;2026-08-17T07:00:00+03:00;OK;1066;18;6950;LOCAL_VALHALLA_MATRIX;6a3d255b68994afe3dbaf93ec9c4713d8d23b5a8e0f0b95ff28d3feb181cafd2;71d80123b83ebf8934a4084ddce714e793362882c681b537d22e420364e44481;2026-09-23T00:53:28.118606+00:00;false
LOC-0109;LOC-0143;CAR;2026-08-17T07:00:00+03:00;OK;858;15;5637;LOCAL_VALHALLA_MATRIX;da575b56681fe975beed5909daf7bcf5a2dbdd824f16cd8cfe6c3735cdd6c74e;6c70c675c3dc033be089832c1965cb54a72a45c6f3b5d8b7bf9dadb9cf1fffdf;2026-09-23T00:53:28.118606+00:00;false
LOC-0109;LOC-0144;CAR;2026-08-17T07:00:00+03:00;OK;519;9;2702;LOCAL_VALHALLA_MATRIX;4642f0d0b6b714928a9ded48695a81fc479f49d2a9c334366d14543f40275ea9;c07d728147c67db0d7a2d60edc9c292fa604bf177da6ad3496f086c9cb316475;2026-09-23T00:53:28.118606+00:00;false
LOC-0109;LOC-0146;CAR;2026-08-17T07:00:00+03:00;OK;1001;17;6339;LOCAL_VALHALLA_MATRIX;7e42809b90e8c460c6eff84f1a08a4a9c603091d5ab8ca05a3e8223889a8633c;faf702b055b52db1c415588688fb4f03bc56557eb0553e8bc4c0decbd2938ef3;2026-09-23T00:53:28.118606+00:00;false
LOC-0109;LOC-0154;CAR;2026-08-17T07:00:00+03:00;OK;871;15;4937;LOCAL_VALHALLA_MATRIX;8cc4e1d2c95c837de331811e4b3d97ad80da476e0e03b3b606b2edb4a0fb6257;40d1d43cd569320d3fcd35a1fce144f4e99b4badc41c61b3e4902c576a217355;2026-09-23T00:53:28.118606+00:00;false
LOC-0109;LOC-0188;CAR;2026-08-17T07:00:00+03:00;OK;439;8;2254;LOCAL_VALHALLA_MATRIX;bf234c0c828da8801aaad92fd152370778f6b7297d56f38c1d111e27180e055b;67e3d52140aef4dd05c2749345017af6b279a3495618efa7a1aa7544a51ba1cd;2026-09-23T00:53:28.118606+00:00;false
LOC-0109;LOC-0191;CAR;2026-08-17T07:00:00+03:00;OK;960;16;5677;LOCAL_VALHALLA_MATRIX;8fbbcc676b6443986ee8e54fef7071aa3abaa05db325ed21341a801e43def437;7998a47ba1f67c52ed2f35cfe45ab140dff3ef8c9a9123f93c618d0875a8593e;2026-09-23T00:53:28.118606+00:00;false
LOC-0109;LOC-0193;CAR;2026-08-17T07:00:00+03:00;OK;1603;27;10336;LOCAL_VALHALLA_MATRIX;0eb898216ceef5029af86829c03cad06fe8a291a5340ce33b1b52519bfb01685;aef66c39f12b16c975564612e65d692f443b63ff227ec126ccabe86102908730;2026-09-23T00:53:28.118606+00:00;false
LOC-0109;LOC-0194;CAR;2026-08-17T07:00:00+03:00;OK;1685;29;10610;LOCAL_VALHALLA_MATRIX;084f1dff7cbb8c139c52d721fccde85020c67f75479f5e10959f9fc5dec4afe8;b58c35de4e8c55a378948d2320e802ad9b30404192413281c3c2ac42bb6ca229;2026-09-23T00:53:28.118606+00:00;false
LOC-0109;LOC-0195;CAR;2026-08-17T07:00:00+03:00;OK;878;15;5330;LOCAL_VALHALLA_MATRIX;0688b4bde74d4a3663ad80bbb44586d40083e4882579455a09e1ba2c0041c2c2;37a09f562c8df469eb8f2cd8b3523d31b457e26a011063657dc9e92a2f1e3338;2026-09-23T00:53:28.118606+00:00;false
LOC-0114;LOC-0001;CAR;2026-08-17T07:00:00+03:00;OK;1311;22;9098;LOCAL_VALHALLA_MATRIX;cd113e05e49e7201c32d25839c7f694ab2af8fd2c4da32cb1d2fd83442f54e8a;e8cb614feaa1c69b3a348b0d9d1c7341c6c7e99c13cc2d422789a2881d4f0af4;2026-09-23T00:53:28.118606+00:00;false
LOC-0114;LOC-0007;CAR;2026-08-17T07:00:00+03:00;OK;1416;24;9381;LOCAL_VALHALLA_MATRIX;1bf6a023a95a657989c21714fb08d540c02c80beff1308e6a372256a207576f7;841a65c35e63760e8c97848922c5975d9e1d0d882fc1d6d901bd780c58337ede;2026-09-23T00:53:28.118606+00:00;false
LOC-0114;LOC-0014;CAR;2026-08-17T07:00:00+03:00;OK;789;14;4331;LOCAL_VALHALLA_MATRIX;922b36e900a6c7a462767cd5c8cdb347784e767efad45386e21bc60f74f23c16;c11d43a57c4a05261cfceee3f367892f753c5baa572971aa3c7be25713eb4962;2026-09-23T00:53:28.118606+00:00;false
LOC-0114;LOC-0015;CAR;2026-08-17T07:00:00+03:00;OK;705;12;4631;LOCAL_VALHALLA_MATRIX;8b4b63a93c8c439565986e7205c56a5718c73fd180cbb48682d12ee932291c0f;867a66c22b3cb33384ccf2310215188063e66163e35340b89a31def830e78032;2026-09-23T00:53:28.118606+00:00;false
LOC-0114;LOC-0021;CAR;2026-08-17T07:00:00+03:00;OK;1494;25;8869;LOCAL_VALHALLA_MATRIX;9980f4df00f39f5bae302020c0b9e5d431073192e16636377f5f8eb5f18c9e4e;c10eb02c179a7ce4f0e5499bc19d0cd642c4fa41d768bdfe32fb6aa7391e186d;2026-09-23T00:53:28.118606+00:00;false
LOC-0114;LOC-0022;CAR;2026-08-17T07:00:00+03:00;OK;1278;22;7821;LOCAL_VALHALLA_MATRIX;25bd3e137fa4db03bb5e3284a9ba4cb00d7aec514c4fd384fff0230e6f600d68;8ab5077a8eb55ffbb6a05bececb58c7be10fea55e2f3cb92595b5ec75689328d;2026-09-23T00:53:28.118606+00:00;false
LOC-0114;LOC-0026;CAR;2026-08-17T07:00:00+03:00;OK;1073;18;7032;LOCAL_VALHALLA_MATRIX;2171497079f6a0a1eb268ad89a7bd4207e4d1fe6aaddf320ea11511b8189ecf8;5717d1d9fd4bf7803a15b87b33d3ccfd79b9657d774eb40642c6fbbe79cbef11;2026-09-23T00:53:28.118606+00:00;false
LOC-0114;LOC-0040;CAR;2026-08-17T07:00:00+03:00;OK;1650;28;10536;LOCAL_VALHALLA_MATRIX;cc372ace62e4f8eb2fe6844c6335f70433f61644ca83e1acc5217366477dfc03;602b40cf775ad4fe19d191b179b0f8abaad2b23ac2c27edc15cf99caa164c2c4;2026-09-23T00:53:28.118606+00:00;false
LOC-0114;LOC-0042;CAR;2026-08-17T07:00:00+03:00;OK;782;14;4882;LOCAL_VALHALLA_MATRIX;c1b6d26e8b206889f3a61ccb784d0eb73a61e572f173ee313f8b06efab8afbcc;1aaa0e7d29b868e8f3db9f360e8090e98aee1b52594fde33c8c46b0ed74b46e8;2026-09-23T00:53:28.118606+00:00;false
LOC-0114;LOC-0043;CAR;2026-08-17T07:00:00+03:00;OK;928;16;6171;LOCAL_VALHALLA_MATRIX;50524bd184e7c604bcfac69db3a1ed32b380ec756276e82ecb0ee28992ec35ef;4f448f204e48ffe7a254f62822315e0faf462b969c96f88e0fb7201571831488;2026-09-23T00:53:28.118606+00:00;false
LOC-0114;LOC-0046;CAR;2026-08-17T07:00:00+03:00;OK;965;17;5856;LOCAL_VALHALLA_MATRIX;bd2734479322a2d41c12b30ba6fbb1c188a204b29305a6d24128afc5535f4eae;c24c0bb9981c0c3d7da4ccad3a6291b7999ca455895c7d452ca41a9d64c0f119;2026-09-23T00:53:28.118606+00:00;false
LOC-0114;LOC-0052;CAR;2026-08-17T07:00:00+03:00;OK;850;15;4577;LOCAL_VALHALLA_MATRIX;630365033aef45d07b7997d9ac394be378deebbf1a196da6270c8ed9e2330c74;6ce02adfffbb2c75e3a9148d0f0a0dae699d463e4e9f98aaace182f67ee2f937;2026-09-23T00:53:28.118606+00:00;false
LOC-0114;LOC-0055;CAR;2026-08-17T07:00:00+03:00;OK;1194;20;7634;LOCAL_VALHALLA_MATRIX;6634484ee36decfba104f9dc6d486c08269a031870c7e0897b3c9c6e969875dc;955259dae3df33c00101cb05663d4d143136860e1df9d30e773e156a16eae8b2;2026-09-23T00:53:28.118606+00:00;false
LOC-0114;LOC-0056;CAR;2026-08-17T07:00:00+03:00;OK;1248;21;7696;LOCAL_VALHALLA_MATRIX;767bac84ff3806f1497801ac56ffb4f9714368b7c8f0984b06acc646a95cbf3f;8265867e2ea06685bdff96b31da659b5e56ef24165da8f10d37566e5ca5d120c;2026-09-23T00:53:28.118606+00:00;false
LOC-0114;LOC-0068;CAR;2026-08-17T07:00:00+03:00;OK;1012;17;6353;LOCAL_VALHALLA_MATRIX;91ec00f127204d1e8462283a12ef8e35d0878823dfcd083b0f297db2aadb09c0;a18346320d52a2229a9aef3b5bfb651be85ea7e04288a432b8fd1d2e337e38c4;2026-09-23T00:53:28.118606+00:00;false
LOC-0114;LOC-0079;CAR;2026-08-17T07:00:00+03:00;OK;1074;18;6460;LOCAL_VALHALLA_MATRIX;a5ef413b990bdac37d58647ff2d5d0dc79fdd47d7c9e9aa8e5b78833ccaeea63;b95cf7e3335680ee5faa6b1f45870218bddce3e64ba6afd12ae547c39572c047;2026-09-23T00:53:28.118606+00:00;false
LOC-0114;LOC-0084;CAR;2026-08-17T07:00:00+03:00;OK;950;16;5639;LOCAL_VALHALLA_MATRIX;c58458240b0d5d77eaa6344141974e03ff8971193ccfcfbdea54ceabc7308dc8;c9d567f88bc3086bbfad62a5d940266b0bc22aba8e957ff3c61a1e232994130c;2026-09-23T00:53:28.118606+00:00;false
LOC-0114;LOC-0087;CAR;2026-08-17T07:00:00+03:00;OK;1133;19;6899;LOCAL_VALHALLA_MATRIX;7a2b01fd61ccdc7f8a6959bdc30e875442dad88e88839561f2aca93d3464d9ad;0c307d19d50686b8f294e1ae6a4d5edb5fc9158c16fcc586d7cc9c81a4862a63;2026-09-23T00:53:28.118606+00:00;false
LOC-0114;LOC-0105;CAR;2026-08-17T07:00:00+03:00;OK;1489;25;10125;LOCAL_VALHALLA_MATRIX;bc3cd729034474f46c1dfa98b1f86bbc6d363614b6a3a0761edd64f37190920c;c61a22e1d1767da2cc9b1f6d78664f160af77b230d2ce5ff720e5db32f27bbca;2026-09-23T00:53:28.118606+00:00;false
LOC-0114;LOC-0108;CAR;2026-08-17T07:00:00+03:00;OK;510;9;2702;LOCAL_VALHALLA_MATRIX;1eb855ceaff867b8a19244dd2073aba9abc4d2d3715ff4a89a15c5efa0522655;c657ac29b71acd0b7456dc5f8566cf7bf7ec54ce34ec0d019764fc687ff1ad97;2026-09-23T00:53:28.118606+00:00;false
LOC-0114;LOC-0109;CAR;2026-08-17T07:00:00+03:00;OK;834;14;5127;LOCAL_VALHALLA_MATRIX;2212ec676e8ffe979f6bf34e75e4b7dbe465e44b3af51f2a6b1f81384f8566e2;820ab5dcc84dbccb7275e47d73eef7f89235d4a6abee337703e3b9d732eae345;2026-09-23T00:53:28.118606+00:00;false
LOC-0114;LOC-0114;CAR;2026-08-17T07:00:00+03:00;OK;0;0;0;LOCAL_VALHALLA_MATRIX;2b5018ca98bcc9355806c1bc972d8cbb25a96cb405aac8175d7776074d8f3485;3d5812abc84c11768aa73a732c85d75dbed439188f5bb3239e9b762ea31d9862;2026-09-23T00:53:28.118606+00:00;false
LOC-0114;LOC-0116;CAR;2026-08-17T07:00:00+03:00;OK;506;9;2918;LOCAL_VALHALLA_MATRIX;57508166208b150a830962a6e955f3c485e6d02269b18b80fe7928a5e42171fe;e85361fb5513f36f6620322e6d86f7b8d589dfbbf88897d01754c91de720e32d;2026-09-23T00:53:28.118606+00:00;false
LOC-0114;LOC-0117;CAR;2026-08-17T07:00:00+03:00;OK;556;10;3057;LOCAL_VALHALLA_MATRIX;b3ad57620dd001fbec15132e3451efd6def4550ffa079f297a962f95d962b995;b091d89e4dc667f2127ae7bd61671fa61a17e23e9d9c1e53048ab4fe1e0bc827;2026-09-23T00:53:28.118606+00:00;false
LOC-0114;LOC-0119;CAR;2026-08-17T07:00:00+03:00;OK;920;16;5885;LOCAL_VALHALLA_MATRIX;1fca9d5865d7fae238d55556a9e67bb4172f494d276c312a6f5cb1d0379279c2;278389f58568549ad5f5b5faaaab61c8a95235479b36c9b2d9faeac1258dfc1c;2026-09-23T00:53:28.118606+00:00;false
LOC-0114;LOC-0120;CAR;2026-08-17T07:00:00+03:00;OK;1154;20;7406;LOCAL_VALHALLA_MATRIX;5274cfa24b7a8690e7cebaf3cd4dfdac14a4030e02e7f5f963c5b15516b8bc88;2fd52d3fd592e4b9e3577bde3b07fd8d64aa4d11bbba5919098d1217cb67fa5f;2026-09-23T00:53:28.118606+00:00;false
LOC-0114;LOC-0121;CAR;2026-08-17T07:00:00+03:00;OK;967;17;6379;LOCAL_VALHALLA_MATRIX;f65edd43308267d57848a67a84e42c2f27819c0a30e594107d877a965f886b71;45df69d56f5c3ca2b0ad57dfa6e68b48a3d899a7569370bb3bfb23c311612346;2026-09-23T00:53:28.118606+00:00;false
LOC-0114;LOC-0127;CAR;2026-08-17T07:00:00+03:00;OK;676;12;4277;LOCAL_VALHALLA_MATRIX;981f895a649c5c29ff223ea3078ae2192324b12bbac7e72f89b160dc1d391dfa;aece43fd497c8a337b7db0b3773c43a6adb4448c26c70ba57a73700cbc616a7a;2026-09-23T00:53:28.118606+00:00;false
LOC-0114;LOC-0131;CAR;2026-08-17T07:00:00+03:00;OK;366;7;1924;LOCAL_VALHALLA_MATRIX;3d7a2b7b8cee66ec4ad8bb5525939732b8cfbc578c278a4331baa685c41a695e;9802152147911dfab6674e048ced5cd1d5d6c29c947ed41decba6fc99732a56b;2026-09-23T00:53:28.118606+00:00;false
LOC-0114;LOC-0132;CAR;2026-08-17T07:00:00+03:00;OK;935;16;5887;LOCAL_VALHALLA_MATRIX;b29c6edf97e435de3e1a7d8f7c066ea5fae30f442d4b18e412214f36b4dee7a1;bd9a51856155e2916b924802626b95a65bbe3757d2987a6f2766a49366dfe87f;2026-09-23T00:53:28.118606+00:00;false
LOC-0114;LOC-0138;CAR;2026-08-17T07:00:00+03:00;OK;607;11;3626;LOCAL_VALHALLA_MATRIX;ae09ed8ff747f260ce4972c0239b5632082f38795d1217f749f8c684c04f9c1d;8e1e54200570951ca8a41a9c04eaa68ba28d3fbc7bb5f9bfffd6a2162e78303f;2026-09-23T00:53:28.118606+00:00;false
LOC-0114;LOC-0143;CAR;2026-08-17T07:00:00+03:00;OK;1345;23;9188;LOCAL_VALHALLA_MATRIX;19ea857daae8d3f8ad9c599f659dfc31430a4929b33f4b15c07f182d0862d848;f46a17ea7d2104525dd73d6200cf8f51ebfa62799aa5a0cf066211475e75e603;2026-09-23T00:53:28.118606+00:00;false
LOC-0114;LOC-0144;CAR;2026-08-17T07:00:00+03:00;OK;1006;17;6253;LOCAL_VALHALLA_MATRIX;047030c89d57dacf8aeb7afc392d0db2cc74feb998a8bf15537cd92a6a5af174;32b970bd1e94b3c7267f7068556d56e809f0747e558269d87827b38268224979;2026-09-23T00:53:28.118606+00:00;false
LOC-0114;LOC-0146;CAR;2026-08-17T07:00:00+03:00;OK;1331;23;8305;LOCAL_VALHALLA_MATRIX;70cafea4a4528913062574e4d1e1c27ccf22e01dda4f5fce1dd92c2102946c88;920c4642fedfec47002cece0e7dd9e051e32e6f329a5e7667125ca335975264c;2026-09-23T00:53:28.118606+00:00;false
LOC-0114;LOC-0154;CAR;2026-08-17T07:00:00+03:00;OK;1462;25;9874;LOCAL_VALHALLA_MATRIX;7c57624aab0e496c3cdf39a4839a0b15b9819c23e3362209967cb455e81d0085;47c42d56cb84475538a582724148e88a87925a553723c88bb906b01bc7e20b0c;2026-09-23T00:53:28.118606+00:00;false
LOC-0114;LOC-0188;CAR;2026-08-17T07:00:00+03:00;OK;639;11;3597;LOCAL_VALHALLA_MATRIX;c713472fdac77419cc909b9dc9f75301af3e483aa1f055803c29ebd571a922ba;0e5e77280dda1b2a32d95dbebcf54c453ae378c30bf1ddff178c1c8fd540009f;2026-09-23T00:53:28.118606+00:00;false
LOC-0114;LOC-0191;CAR;2026-08-17T07:00:00+03:00;OK;1448;25;9228;LOCAL_VALHALLA_MATRIX;ac1bc2fbd5dc328fef363661ccd5892ce3b0eabc9904f7b4e88e7f619356ccda;473f4d215cedd5cc428fcf1df3ce5744abf0638c1684b414bf25bc3e17a81c7d;2026-09-23T00:53:28.118606+00:00;false
LOC-0114;LOC-0193;CAR;2026-08-17T07:00:00+03:00;OK;1144;20;7012;LOCAL_VALHALLA_MATRIX;adcee743ebcb62c5675fa66f722dd36ed1f291e80b39cf6a4bc0edc4193c56d8;55726c2a8b3a22969b78c4ce7dc9ed81f6aab279038602cbcf7da56317849ff7;2026-09-23T00:53:28.118606+00:00;false
LOC-0114;LOC-0194;CAR;2026-08-17T07:00:00+03:00;OK;1226;21;7286;LOCAL_VALHALLA_MATRIX;eb13702fe2b40e98b99b0845d3944cb40625a722b18e873f3da65c705cca7fe4;79fd46fce1d651287b43c02c367f3826f8678e82a7b366797b805d6eb2ea78b3;2026-09-23T00:53:28.118606+00:00;false
LOC-0114;LOC-0195;CAR;2026-08-17T07:00:00+03:00;OK;1469;25;10267;LOCAL_VALHALLA_MATRIX;c07f32cbdf294d6b563ba0439d08046ab98571233045b0a79cb0cfc8cae40cc5;ba042546f29090f1506a2a96d1c343f28f4130f598faf3101218cd16478ff4bc;2026-09-23T00:53:28.118606+00:00;false
LOC-0116;LOC-0001;CAR;2026-08-17T07:00:00+03:00;OK;1284;22;8771;LOCAL_VALHALLA_MATRIX;4b91fdb55e4e4f5d18e5147590f03486e1575b57cdc770555331bb2608c9a7fa;f0b3f471fb1b5c74d964a3cc6f77a869bc91e5bd997b8f954fc098a3327f7cdc;2026-09-23T00:53:28.118606+00:00;false
LOC-0116;LOC-0007;CAR;2026-08-17T07:00:00+03:00;OK;1781;30;12171;LOCAL_VALHALLA_MATRIX;182ae6ec3014febf26097313e96b53cdd2561385ceb91e6fd9189884cdcfd1ce;080e865ff59e069e3026cb926eb2551e2bd07ea34057f436e13980a4fc6f617a;2026-09-23T00:53:28.118606+00:00;false
LOC-0116;LOC-0014;CAR;2026-08-17T07:00:00+03:00;OK;467;8;2029;LOCAL_VALHALLA_MATRIX;f34ccc3c7fdf794a97d0a9175b8d5b260c81d379367f93d48cee5e67a6402756;25d45293fff973a8e8865118aa8d72468537bf6d02283ba3ca89840b3a7dda6a;2026-09-23T00:53:28.118606+00:00;false
LOC-0116;LOC-0015;CAR;2026-08-17T07:00:00+03:00;OK;383;7;2329;LOCAL_VALHALLA_MATRIX;424fd61c1fffa03365121aa5551e26e602ecc1a52dbef24629579dffe09a47d8;9352808e8a57f1661939a7b653b4809302c55578a803b26b459a40a9f1f968be;2026-09-23T00:53:28.118606+00:00;false
LOC-0116;LOC-0021;CAR;2026-08-17T07:00:00+03:00;OK;1510;26;10111;LOCAL_VALHALLA_MATRIX;05107ab3a069f1c7bdbd343bc51ddbdabfe9bbc5c980a06aa53701a4c5045662;66907577c45c64355035ea28dbf7ceed7c11a669dad08cc503d09a1bec3959fa;2026-09-23T00:53:28.118606+00:00;false
LOC-0116;LOC-0022;CAR;2026-08-17T07:00:00+03:00;OK;1354;23;8459;LOCAL_VALHALLA_MATRIX;4225604871663bf0ef4e8f6e2ab127900c365bf697df26ce1bb4db076efb85ce;8927d9f365823bc40e56663c58a772fc90f84f22f8bd905fc25eb9505f359482;2026-09-23T00:53:28.118606+00:00;false
LOC-0116;LOC-0026;CAR;2026-08-17T07:00:00+03:00;OK;1438;24;9822;LOCAL_VALHALLA_MATRIX;2f7b18de3d580161f68be8625c748861f1a6635cb8147bbd35fd496160e64cbc;e359642f8096e5fc8ec897912e40c0863e695f3a9794980106ea73196e0c53a5;2026-09-23T00:53:28.118606+00:00;false
LOC-0116;LOC-0040;CAR;2026-08-17T07:00:00+03:00;OK;2015;34;13326;LOCAL_VALHALLA_MATRIX;a8f307edb0ceca4cb60bede1e285262553c973d2a85eb7e523f23685ab3a759e;979b3a6c0aea2b3cb48ada68d1a82d342089684ff44e69e5c93b0beb715e06e9;2026-09-23T00:53:28.118606+00:00;false
LOC-0116;LOC-0042;CAR;2026-08-17T07:00:00+03:00;OK;460;8;2580;LOCAL_VALHALLA_MATRIX;77a064daf0463315121536069d01e4139372f574dba0e80e484d42c141c1ab32;0cbf8f38482b3572abeb123abe7edf8daa2deb8558847c109f5cbe2855d4c233;2026-09-23T00:53:28.118606+00:00;false
LOC-0116;LOC-0043;CAR;2026-08-17T07:00:00+03:00;OK;1293;22;8961;LOCAL_VALHALLA_MATRIX;34ffa9a471f40c1f7caef16bc8ac9b1dc7edc31a685a931356bc44efc1f4bd89;5f3986076c3d8a76eea26b533b5809972a37e16af7cd0f41d5a73b552455fd94;2026-09-23T00:53:28.118606+00:00;false
LOC-0116;LOC-0046;CAR;2026-08-17T07:00:00+03:00;OK;864;15;5143;LOCAL_VALHALLA_MATRIX;24ae0daa8c841169fdbddbfb2fa5099c86a1271b52c4dbd6e3dcd4ccb105718e;b4126bbfb256787596ecd2a1e4c32da146e11fe51d4832ed3e8972e161601333;2026-09-23T00:53:28.118606+00:00;false
LOC-0116;LOC-0052;CAR;2026-08-17T07:00:00+03:00;OK;750;13;3864;LOCAL_VALHALLA_MATRIX;6f94545385e45b4e0f934210c8087372532fc479d593dedd4c02396a9d514f58;f4392b7b990862e0552fbfa411d67d0b71bf861abb1957dc82fa04b7a9389d77;2026-09-23T00:53:28.118606+00:00;false
LOC-0116;LOC-0055;CAR;2026-08-17T07:00:00+03:00;OK;1198;20;8042;LOCAL_VALHALLA_MATRIX;8f96fe49f29cbcfaca95f2a5b6665e100d6ec3514acb6175f970b1f0b4ce98e5;868cffd78591ef739da0c935f9e830483e6358b889049737d8b2007bd750d8e2;2026-09-23T00:53:28.118606+00:00;false
LOC-0116;LOC-0056;CAR;2026-08-17T07:00:00+03:00;OK;1252;21;8104;LOCAL_VALHALLA_MATRIX;fe5e51a79508db450202e82adee0ca9ba2ae1ba7e511ed2d6ad7781061133669;9b4976da01958c5f531c862a2143cdd6decd78c6f6c8c12b9c413688c7fdcb5a;2026-09-23T00:53:28.118606+00:00;false
LOC-0116;LOC-0068;CAR;2026-08-17T07:00:00+03:00;OK;911;16;5640;LOCAL_VALHALLA_MATRIX;052a52472fdddbb6dfc20c10d3308b37067330340dd42b23563ffeb71eacb96c;84c880ef2a24439123c0b9a4a0556fba192c242a7d34f91296fa45fc1fc935d4;2026-09-23T00:53:28.118606+00:00;false
LOC-0116;LOC-0079;CAR;2026-08-17T07:00:00+03:00;OK;1439;24;9250;LOCAL_VALHALLA_MATRIX;1f9d7aad88780bbad9fdc9c5763c225de4a5e7197e1f1dbf02944cfd680e2e1a;f84502aec24c8d05da7cb944227387cc9311430fad5b7a93bd5ede74412d124d;2026-09-23T00:53:28.118606+00:00;false
LOC-0116;LOC-0084;CAR;2026-08-17T07:00:00+03:00;OK;1315;22;8429;LOCAL_VALHALLA_MATRIX;fad7e5dc0a88b98cc7468b0b7df50231eda8b157eb0f8edd7d37cc6d0672bc00;65f7cb2d59e40c12248d9c14685c94dd36d8fff6878245144605e9b1e47cb3d9;2026-09-23T00:53:28.118606+00:00;false
LOC-0116;LOC-0087;CAR;2026-08-17T07:00:00+03:00;OK;1498;25;9689;LOCAL_VALHALLA_MATRIX;850b04f2d8efe6b6f3b9f6bbdbf7e110656f92fb1e1025bb81b088c86fdf7ece;7722de6843c12c577893a25bc8ff758ee61f26bc4290655eb807e65a32123601;2026-09-23T00:53:28.118606+00:00;false
LOC-0116;LOC-0105;CAR;2026-08-17T07:00:00+03:00;OK;1462;25;9798;LOCAL_VALHALLA_MATRIX;46fb8536216c97aa34a47fe91ed49bd36ad88d7e81139a3a2a874a776f439fe6;7aab94fbf04830ff7e5c336b65157ad487ef59e24ec3df3029571b17dbc68dde;2026-09-23T00:53:28.118606+00:00;false
LOC-0116;LOC-0108;CAR;2026-08-17T07:00:00+03:00;OK;234;4;741;LOCAL_VALHALLA_MATRIX;82ce92b7ef01ba495c6de413ff2a0397d0fdd7033cf66c786c25ae9b96b00760;702cc8ca45b761798c97b7b37680760f85742bb404bbca64f59175843dd1f352;2026-09-23T00:53:28.118606+00:00;false
LOC-0116;LOC-0109;CAR;2026-08-17T07:00:00+03:00;OK;1199;20;7917;LOCAL_VALHALLA_MATRIX;86ae70023bb3e29744936dca6646efa1f38f79d4b9031eedd24cfe820887211b;3d1e5bfa1f2745ca4cf9d20f857e708fc9ac0098f4b77d8857f72a7bf1a0f1b1;2026-09-23T00:53:28.118606+00:00;false
LOC-0116;LOC-0114;CAR;2026-08-17T07:00:00+03:00;OK;666;12;3943;LOCAL_VALHALLA_MATRIX;b8bc3939eb56f1e5da52eb909e04fc5c597fbe30bf5040ff2aaf38288caaf4f8;d22bea24c3b317e3a95bd76e17ec499a5f5954b3393131b385a321fd668caec2;2026-09-23T00:53:28.118606+00:00;false
LOC-0116;LOC-0116;CAR;2026-08-17T07:00:00+03:00;OK;0;0;0;LOCAL_VALHALLA_MATRIX;eb61517222484f9ea35a96f3826d3715871ec4c87b522ea9329e10d122f9bcc9;3d5812abc84c11768aa73a732c85d75dbed439188f5bb3239e9b762ea31d9862;2026-09-23T00:53:28.118606+00:00;false
LOC-0116;LOC-0117;CAR;2026-08-17T07:00:00+03:00;OK;114;2;291;LOCAL_VALHALLA_MATRIX;0ffab326b07abf50f37c9ed0c6141cb5d3d7a3ac6a5b38dad2d95644667c5598;e5aad7afda444995cd86d12d57047291860d374d2dcee68f519aa60214ab25f2;2026-09-23T00:53:28.118606+00:00;false
LOC-0116;LOC-0119;CAR;2026-08-17T07:00:00+03:00;OK;1285;22;8675;LOCAL_VALHALLA_MATRIX;3552704e23e3ea7cc73f46e165e2c7a83562c52d813a84802cbe7265b0ef6526;0a49848a5794ff14864c02a2aea4a3c9a5ce67ecd69ba2a21c099790ea2a1e99;2026-09-23T00:53:28.118606+00:00;false
LOC-0116;LOC-0120;CAR;2026-08-17T07:00:00+03:00;OK;1269;22;8320;LOCAL_VALHALLA_MATRIX;33ebeea6d074fa564a729be881287792bc8009df49cab0897055977b38996423;d8f3ca0386423152826bf134ebb42519b9d1d5e24fcbeea819ca857601795410;2026-09-23T00:53:28.118606+00:00;false
LOC-0116;LOC-0121;CAR;2026-08-17T07:00:00+03:00;OK;1332;23;9169;LOCAL_VALHALLA_MATRIX;46df0de9d147d34d04149f5a59fed121f21943c3db0c0c3aed5a5b6e53e52479;a6fbab83213900b0a0c47b09e75913e2234107e5cb13e7f0b1c50ad2eabd5611;2026-09-23T00:53:28.118606+00:00;false
LOC-0116;LOC-0127;CAR;2026-08-17T07:00:00+03:00;OK;262;5;1203;LOCAL_VALHALLA_MATRIX;0cdac6254c2c9451965a20aadd32d5f731236b6902278751e72b1af2199d8a74;3ab4ec90aa9afd36debaa8e06b6fda6174081ffe100f3caa0d61bc8904536dd5;2026-09-23T00:53:28.118606+00:00;false
LOC-0116;LOC-0131;CAR;2026-08-17T07:00:00+03:00;OK;696;12;3885;LOCAL_VALHALLA_MATRIX;0f1d89e481ac8eea0b30701fe92b0a995448c5de8cf28b335e76b04f86538085;dd58eaebbd5f5777d3f589ac204d97540385370c6d97ce990c820b347edae0e9;2026-09-23T00:53:28.118606+00:00;false
LOC-0116;LOC-0132;CAR;2026-08-17T07:00:00+03:00;OK;835;14;5174;LOCAL_VALHALLA_MATRIX;8c5d7815394a22e1ecd327b9dcd7ee79a664ac50f6ec4092ee7620ad1eea1ad6;3d49022d81f16418036e0b9bf04b62cc78eff1c42184b1ec6226418ce509989f;2026-09-23T00:53:28.118606+00:00;false
LOC-0116;LOC-0138;CAR;2026-08-17T07:00:00+03:00;OK;286;5;1324;LOCAL_VALHALLA_MATRIX;aa48e6dae599b2fdd4909f839c4e9edfb5cc72965eac4aaf3c0ebef1b01072f3;814b49e2c7a2dd57ac6ff7e74a07e0a938b802bc0938bf2a029c75cde9c3f3d7;2026-09-23T00:53:28.118606+00:00;false
LOC-0116;LOC-0143;CAR;2026-08-17T07:00:00+03:00;OK;1710;29;11978;LOCAL_VALHALLA_MATRIX;a64c81c3ef402da48e2fd04ffdce47b3a135c51d647f52a08c23c8d4e085b925;59840ccc5e677d35eab199e5a7a1051f7f90b5925ff53d7a580935a64426e459;2026-09-23T00:53:28.118606+00:00;false
LOC-0116;LOC-0144;CAR;2026-08-17T07:00:00+03:00;OK;1371;23;9043;LOCAL_VALHALLA_MATRIX;c76e5a13b18f0279f3b5ec6c81ad920c7e06e2791d574c16da0ac98aefb72f99;dbd9aa08297311b8fab8dd3a4328a4a0a0e0db6f3dfe4b22999f448c95383ea4;2026-09-23T00:53:28.118606+00:00;false
LOC-0116;LOC-0146;CAR;2026-08-17T07:00:00+03:00;OK;1335;23;8713;LOCAL_VALHALLA_MATRIX;046ebd8e5fee2808fbca11aaf072a2a1bf8408963ded99afe9ea490a04ab303a;ef2032b9fa237cd346c870b147c105ac15091369579470486c5bb95a6f68c0f6;2026-09-23T00:53:28.118606+00:00;false
LOC-0116;LOC-0154;CAR;2026-08-17T07:00:00+03:00;OK;1435;24;9547;LOCAL_VALHALLA_MATRIX;076751c54bf00d8bf5213d5fb5868e0485b426b19d1747c12fc442c2cc086e1d;6e10184cf28e82aff6b2a4d3f09dd0bff8c7d22bbee829d28b5bc23ae6cc464e;2026-09-23T00:53:28.118606+00:00;false
LOC-0116;LOC-0188;CAR;2026-08-17T07:00:00+03:00;OK;1004;17;6387;LOCAL_VALHALLA_MATRIX;a7b5560a085a8185303b25d754570552ffeb92462d831ec8ea49dcd9894e4aad;9d124e76ac536fd159b1326351cd2a260c06e226eefde3b539327535644098df;2026-09-23T00:53:28.118606+00:00;false
LOC-0116;LOC-0191;CAR;2026-08-17T07:00:00+03:00;OK;1813;31;12018;LOCAL_VALHALLA_MATRIX;d3e12713043c39e87448a1f93920eb7091d802b67d4ba3c7f7058fc413e904b7;a3218bf024053269edfa5690f33011dae5d26bf3f531cd9546e3c9d482b49b21;2026-09-23T00:53:28.118606+00:00;false
LOC-0116;LOC-0193;CAR;2026-08-17T07:00:00+03:00;OK;1031;18;6397;LOCAL_VALHALLA_MATRIX;efed5be38cef4cefafac532b874c32b4d5a2a42d99a9b02fe92e40b65b153850;dbb939de64897da95754ed420f1532884368fb8aa75c878ceecb1531cd85f384;2026-09-23T00:53:28.118606+00:00;false
LOC-0116;LOC-0194;CAR;2026-08-17T07:00:00+03:00;OK;1113;19;6671;LOCAL_VALHALLA_MATRIX;e34abc65ee68f47faf63d1c1eacebc2fb3e7e7a77e05fee7a74c5a180080f938;213a1f2caa3fe72e92d17186acaf30d062adca0d3f85bd3c71591872f3ccb2fb;2026-09-23T00:53:28.118606+00:00;false
LOC-0116;LOC-0195;CAR;2026-08-17T07:00:00+03:00;OK;1441;25;9940;LOCAL_VALHALLA_MATRIX;671f0a9027db593479e902b769e6bc2481166804e7d8728643ca54e694132c90;931ccc46a6989e6b5f819b9f0d907dfcfc5ed4c6c14a94647f566646bceb56fd;2026-09-23T00:53:28.118606+00:00;false
LOC-0117;LOC-0001;CAR;2026-08-17T07:00:00+03:00;OK;1337;23;8910;LOCAL_VALHALLA_MATRIX;2026c89bf6bbf4c4223e7eab83db2034a0f94c0a1bf3a28f0f7e274968bfbec6;9195fefbeb54b7b5543a60b2331a963c6d32040926e9d80b5ea5d398d27d1383;2026-09-23T00:53:28.118606+00:00;false
LOC-0117;LOC-0007;CAR;2026-08-17T07:00:00+03:00;OK;1848;31;12447;LOCAL_VALHALLA_MATRIX;e6d94a7239e6b9b15ba75fb1f21902759d5e31463c6debedae69d80aec2080d6;b7cadfb94792211d0f56a77c19ffa0021c69bb5be7c2c77fa64e87899b3c6465;2026-09-23T00:53:28.118606+00:00;false
LOC-0117;LOC-0014;CAR;2026-08-17T07:00:00+03:00;OK;501;9;1914;LOCAL_VALHALLA_MATRIX;68092ed40f4c409f2898fe2b1d46bb78b2646587776ce62cf35b44a5c82c662b;710db6339db62096fdb3bb0a6d157c3cac8994d0ddf49b97df2c7c2752df2a45;2026-09-23T00:53:28.118606+00:00;false
LOC-0117;LOC-0015;CAR;2026-08-17T07:00:00+03:00;OK;436;8;2468;LOCAL_VALHALLA_MATRIX;2939e4e7c84112a361de68e492cf2ef0db66172df27ee0fb3fc5ec338ed8ae5e;683f28f42cd5444c3a381a26033f424f5cc9494bd0b5d95f81b9dc9bd3537ad9;2026-09-23T00:53:28.118606+00:00;false
LOC-0117;LOC-0021;CAR;2026-08-17T07:00:00+03:00;OK;1563;27;10250;LOCAL_VALHALLA_MATRIX;f50fea12192ffcf98e6a8f012241fadafd285482cd9de3e6ecd97f31f9a62f30;91cce277d2d2abfc6324f5082e3126aa7847bd092d27ec04f41fe604aa52554e;2026-09-23T00:53:28.118606+00:00;false
LOC-0117;LOC-0022;CAR;2026-08-17T07:00:00+03:00;OK;1406;24;8598;LOCAL_VALHALLA_MATRIX;d20414b3cdaa1eb2ef12f1064de7a34071b5dd62a4cf10da67a72d6570ba2dad;3da804ff647232fcb60fa20d31be2a0bee8246eab2bc1466ba4e05f7b5a43174;2026-09-23T00:53:28.118606+00:00;false
LOC-0117;LOC-0026;CAR;2026-08-17T07:00:00+03:00;OK;1505;26;10098;LOCAL_VALHALLA_MATRIX;574bf5aa05478c3ff66e4cfdc4c2f9d301edd024d41ceeb95767dbf036cf429b;71e1b45b8f8e932b34ac0eaa203dd027e151449bf81f3bc29425f284e67a8c7b;2026-09-23T00:53:28.118606+00:00;false
LOC-0117;LOC-0040;CAR;2026-08-17T07:00:00+03:00;OK;2083;35;13602;LOCAL_VALHALLA_MATRIX;4d9e7166d98369ddea907f459865d5662482279440595581cc30e1909be6be34;f6809e7a931b5bd4bb00794de5664ef2949954180d6ff9e35d7f01f937d4516b;2026-09-23T00:53:28.118606+00:00;false
LOC-0117;LOC-0042;CAR;2026-08-17T07:00:00+03:00;OK;513;9;2719;LOCAL_VALHALLA_MATRIX;03ae12e39d4bdb4e3ddea9ce26aa5ffafe836dccfb4c3c7af11fdd203c27660e;36628d797147ec2820c48b90b8735be0714e3929fd92928087752bd6716881b3;2026-09-23T00:53:28.118606+00:00;false
LOC-0117;LOC-0043;CAR;2026-08-17T07:00:00+03:00;OK;1360;23;9237;LOCAL_VALHALLA_MATRIX;ea73e11bbd00dae188ff4dd9455d280c7102877f36357c8f5547414af102bf99;ff642a77b3e6bd50d9a1882df2993b584175b33f0727ec42798b088dd481cef2;2026-09-23T00:53:28.118606+00:00;false
LOC-0117;LOC-0046;CAR;2026-08-17T07:00:00+03:00;OK;871;15;5116;LOCAL_VALHALLA_MATRIX;a7ec1174f3dfdc120ba5cd2e578527da1aaad6889b3daae0a47e77dd21d4bd35;578ef20ad66d8a2bfe814da0e65436420da6010b52106ebe556301cf5d9f7e1d;2026-09-23T00:53:28.118606+00:00;false
LOC-0117;LOC-0052;CAR;2026-08-17T07:00:00+03:00;OK;757;13;3837;LOCAL_VALHALLA_MATRIX;558028b9839528b575611a26fee738e780c188969960b5d278c2db18600f693b;7756254a0c3a167d7a1bfcb300ecf50acfe06787e68cb92884147e65bbfb54d2;2026-09-23T00:53:28.118606+00:00;false
LOC-0117;LOC-0055;CAR;2026-08-17T07:00:00+03:00;OK;1251;21;8181;LOCAL_VALHALLA_MATRIX;c6f19b2f07be49767a7ed9b93f7394d13b3b415ecb8366dc9f66fd2fa6363186;b7b157aacb2267387dd20dcbe3b3a72a422359e403458b4aa2fd2f92142ce80c;2026-09-23T00:53:28.118606+00:00;false
LOC-0117;LOC-0056;CAR;2026-08-17T07:00:00+03:00;OK;1305;22;8243;LOCAL_VALHALLA_MATRIX;deb2ff42d8c0027d5ebc9ff5f1206b855351130cfad2c42566cfb0cacd0a3023;62d083a69f32d5cc17532341a70a5e837802e21dcfaf4919bde6cbeb0c138013;2026-09-23T00:53:28.118606+00:00;false
LOC-0117;LOC-0068;CAR;2026-08-17T07:00:00+03:00;OK;918;16;5613;LOCAL_VALHALLA_MATRIX;b37e5e63acd82c24b7b5660d4f85eb8db1528b79831d007061d01f24803c15cd;ea29d3bd9abed2b76871cc7c06ad3df35d5b3ef1744ade1972ff4f6431b1e6c9;2026-09-23T00:53:28.118606+00:00;false
LOC-0117;LOC-0079;CAR;2026-08-17T07:00:00+03:00;OK;1507;26;9526;LOCAL_VALHALLA_MATRIX;af646b6ce4d91b43db56809056e57bd5eb00dea44d8fe1df17d57b3c82e6a2a0;b38883c951e86b4c2ff51d29c04cd30a9b82ae07c7c0e7f03054775c8a5f1ed7;2026-09-23T00:53:28.118606+00:00;false
LOC-0117;LOC-0084;CAR;2026-08-17T07:00:00+03:00;OK;1382;24;8705;LOCAL_VALHALLA_MATRIX;88d39e0594ebf30613a746b36df90ae8d9baff83db12aa6dccddbded93dd867d;aaef8787220491093db448f206501ca6ae92c3f85e0c9f34eb9720f63442f109;2026-09-23T00:53:28.118606+00:00;false
LOC-0117;LOC-0087;CAR;2026-08-17T07:00:00+03:00;OK;1566;27;9965;LOCAL_VALHALLA_MATRIX;51a31d81a3fae882ba78279bf6852d51d691ca558ab1211729591969c5be3ab6;1a4242fbfb33963f8126a9464104fd04996346a25eb7e27aada112c374a718df;2026-09-23T00:53:28.118606+00:00;false
LOC-0117;LOC-0105;CAR;2026-08-17T07:00:00+03:00;OK;1515;26;9937;LOCAL_VALHALLA_MATRIX;f660fe8000cfe1706ff228343da14feccc86c59e778245fb7127f794e8d35311;c9e406a2effb378e0c33306a3897e6c6eef2402dea75993cd509927139b38695;2026-09-23T00:53:28.118606+00:00;false
LOC-0117;LOC-0108;CAR;2026-08-17T07:00:00+03:00;OK;241;5;714;LOCAL_VALHALLA_MATRIX;1bc114d9ade47bb40f41bd9c53435a23780623ebf5484052e946e5cdd1734999;c281d9886d212f6aef2f764d75cde4cf613f520c11f692f2952f41f8a9e76e38;2026-09-23T00:53:28.118606+00:00;false
LOC-0117;LOC-0109;CAR;2026-08-17T07:00:00+03:00;OK;1267;22;8193;LOCAL_VALHALLA_MATRIX;00c6cfd32a7cb4ac6906f0deb09493ca44cba0909ad2ba44a4c6dcee9db25666;486f18d476ce8f0646231b18695f7be3a1e697540c386a8f19521ee4640f85bc;2026-09-23T00:53:28.118606+00:00;false
LOC-0117;LOC-0114;CAR;2026-08-17T07:00:00+03:00;OK;733;13;4219;LOCAL_VALHALLA_MATRIX;9bc06366cca701fd493e79bbbf1fd9d92273680e494bb2202fa5831dc21acff6;c965a699c1110b5be487171d366e31401bba393318d194412b72390121666016;2026-09-23T00:53:28.118606+00:00;false
LOC-0117;LOC-0116;CAR;2026-08-17T07:00:00+03:00;OK;111;2;291;LOCAL_VALHALLA_MATRIX;ec4290d98a3d072cf9905a93fc8f6992d531ca00e5cf63e8ffac0fec3a520462;5ca270aa5a5a24f2d7d5d638a40c8cb5f1bdc5527a0468fd417bb71560d9bf22;2026-09-23T00:53:28.118606+00:00;false
LOC-0117;LOC-0117;CAR;2026-08-17T07:00:00+03:00;OK;0;0;0;LOCAL_VALHALLA_MATRIX;fbf8db115dcf15520ad18023d26ed9fe385b3f7da41e54ede652f3a9a17c492b;3d5812abc84c11768aa73a732c85d75dbed439188f5bb3239e9b762ea31d9862;2026-09-23T00:53:28.118606+00:00;false
LOC-0117;LOC-0119;CAR;2026-08-17T07:00:00+03:00;OK;1353;23;8951;LOCAL_VALHALLA_MATRIX;4afaaf09658d36cc8f41c377735741243db0681142bfd50fd916e833c8c3f832;cf4974be53847122dbfd4c43181b195d5f486770b96a7bb176396faf4929eae3;2026-09-23T00:53:28.118606+00:00;false
LOC-0117;LOC-0120;CAR;2026-08-17T07:00:00+03:00;OK;1321;23;8459;LOCAL_VALHALLA_MATRIX;40279519288c9a57bb83a1f07e94e02bbe82d984ff4a34fe4739221280dcf2ef;cd377017042549945c3c4698b47407b0a58f79d75ecb3b95587be512801c436e;2026-09-23T00:53:28.118606+00:00;false
LOC-0117;LOC-0121;CAR;2026-08-17T07:00:00+03:00;OK;1400;24;9445;LOCAL_VALHALLA_MATRIX;92d4a2474f15a698099277534450a4d608a52009a56ca1ed6ecef10846aad442;7e413515e15a3462598750b183f7baa46002db3ff19e165f8bc412ff9691b669;2026-09-23T00:53:28.118606+00:00;false
LOC-0117;LOC-0127;CAR;2026-08-17T07:00:00+03:00;OK;269;5;1176;LOCAL_VALHALLA_MATRIX;92f3da9b98c9a780372143bfefe2a7f8c85215c80cd0064c6ea92af65e92b943;16ecab8532f8ed425b8713a68d2795856709699fb89ec132e95f37b4b5e42fcc;2026-09-23T00:53:28.118606+00:00;false
LOC-0117;LOC-0131;CAR;2026-08-17T07:00:00+03:00;OK;703;12;3858;LOCAL_VALHALLA_MATRIX;f1dd906ba69cd38d1651fe746499162aadd8e2c2ef8ffb3ed22483c8163fb554;59611b61d4343df7e93ede17f3bb9d14b1bf109d156c816a2c27e0d670e89aa2;2026-09-23T00:53:28.118606+00:00;false
LOC-0117;LOC-0132;CAR;2026-08-17T07:00:00+03:00;OK;842;15;5147;LOCAL_VALHALLA_MATRIX;e1300c3acb9298cc78b2de93b43468ae8add0934ab112f90b8969ef4e15a0b3e;f527061e43aec5a4edcb6ff119f5ccb8af90e64c8281086b9fca76d54f09c960;2026-09-23T00:53:28.118606+00:00;false
LOC-0117;LOC-0138;CAR;2026-08-17T07:00:00+03:00;OK;338;6;1463;LOCAL_VALHALLA_MATRIX;398c8160c871cccd73cf3bf6edb5bbce6d4e5fc4e674d968079f949ca9528e30;f03285c7656083b78e78ba41acd6cb107368b526848f61de2db9a602934a4272;2026-09-23T00:53:28.118606+00:00;false
LOC-0117;LOC-0143;CAR;2026-08-17T07:00:00+03:00;OK;1778;30;12254;LOCAL_VALHALLA_MATRIX;a54e66cd5466f5729e0746238b137ee65962de54ef467e67a3958535177692ce;18326957d61b63bc8ba8f967e3930cb17b20366681dc89e6fbb509c59dc5883b;2026-09-23T00:53:28.118606+00:00;false
LOC-0117;LOC-0144;CAR;2026-08-17T07:00:00+03:00;OK;1439;24;9319;LOCAL_VALHALLA_MATRIX;328b538cfe069b5f4def7e41f8781b107c83912f080c41d6efb2a0c22d15cb1d;e3fdba6b1334ae16d61c1908b8f69f62e958e4e486eaa5ee318052df19af8b79;2026-09-23T00:53:28.118606+00:00;false
LOC-0117;LOC-0146;CAR;2026-08-17T07:00:00+03:00;OK;1388;24;8852;LOCAL_VALHALLA_MATRIX;8db0fccbed7406d1bc9d6501fc5e750feddad4a786d4f869e4983bc24b38dcad;fbc2c9321bb4da5f4fb9b46633b2502ab42f7376500f00bc21ee6783bb05d3f0;2026-09-23T00:53:28.118606+00:00;false
LOC-0117;LOC-0154;CAR;2026-08-17T07:00:00+03:00;OK;1488;25;9686;LOCAL_VALHALLA_MATRIX;47e5e80683b6419c157e76a78f65f3deabc018b9c667746f87a180f0a807a041;123b0f279073df98a10e8d5d27dcfe102a45c42b7998fa4df91c093b2a47ae37;2026-09-23T00:53:28.118606+00:00;false
LOC-0117;LOC-0188;CAR;2026-08-17T07:00:00+03:00;OK;1072;18;6663;LOCAL_VALHALLA_MATRIX;d2941ebe630984544c2c41b18f0037d6e0111a3768ab5fc4b4656de3def74999;abdb5ae2a506dacd91b92472439719eee1349db4914bdff6c3d282f9951dc044;2026-09-23T00:53:28.118606+00:00;false
LOC-0117;LOC-0191;CAR;2026-08-17T07:00:00+03:00;OK;1880;32;12294;LOCAL_VALHALLA_MATRIX;4518cde1358d524df1080a219184864587eee4b7706f96cc66ddcd75b2dc6843;e6085c8da312efdafc1656abb52d774a1d24f0d08c66d853212d9247c078c7d7;2026-09-23T00:53:28.118606+00:00;false
LOC-0117;LOC-0193;CAR;2026-08-17T07:00:00+03:00;OK;1039;18;6370;LOCAL_VALHALLA_MATRIX;8fef56b6656f5b7a7501455c7bb02a64a0f659fc1164ae851893227a63a0dd0c;dbf46fc64d11e16e27a0bda94a3d15d0f5e22159afdcb2b6cb6739470d4171b4;2026-09-23T00:53:28.118606+00:00;false
LOC-0117;LOC-0194;CAR;2026-08-17T07:00:00+03:00;OK;1120;19;6644;LOCAL_VALHALLA_MATRIX;f22b4c1b9a476ccd98a3ea0eb2eacf7e26df5a11f3da478aff99805d5f949aa7;9cbc216d31f14d9987051767552809de6087642330d0ef52d53e01b78642c8c4;2026-09-23T00:53:28.118606+00:00;false
LOC-0117;LOC-0195;CAR;2026-08-17T07:00:00+03:00;OK;1494;25;10079;LOCAL_VALHALLA_MATRIX;19c7536db8797c294e96f7ce99f808babe66f84e8dac47d425eda2d776bcb638;0f2d688940f505501f66d94ee1679cc77fc56301848aac552ddc777b92dcc182;2026-09-23T00:53:28.118606+00:00;false
LOC-0119;LOC-0001;CAR;2026-08-17T07:00:00+03:00;OK;718;12;4435;LOCAL_VALHALLA_MATRIX;31709a1beac4c2ea10ecd4de57a3bb3079b40bbe4b754c4c2aca870a42c86f88;bf4149c709ac3d3072ca91080a88a9a26548a246d59dd89aa66916f29090855d;2026-09-23T00:53:28.118606+00:00;false
LOC-0119;LOC-0007;CAR;2026-08-17T07:00:00+03:00;OK;658;11;3663;LOCAL_VALHALLA_MATRIX;f87dc0a95fbca070d0138542a23716f4f14cc8f1518bc6709d1b02a5a51cc7bc;9d52d6d410b6dc3c80d2843293501ade43d781de8f10e224cb32423aa2f6ada1;2026-09-23T00:53:28.118606+00:00;false
LOC-0119;LOC-0014;CAR;2026-08-17T07:00:00+03:00;OK;1486;25;9489;LOCAL_VALHALLA_MATRIX;1c405a8872982bea482d1658d55ba0f7b312e7b2a593bc71beab2b6f71aea402;24159d9bdd8e9bdd0d914e3b46170deb638253452eb5f172a359ab65d01b0e2f;2026-09-23T00:53:28.118606+00:00;false
LOC-0119;LOC-0015;CAR;2026-08-17T07:00:00+03:00;OK;1370;23;9353;LOCAL_VALHALLA_MATRIX;29f0270894746b25f78c5e506e6ee48eebb3cec6a6e45aad28470015cca94244;5981390f3e1fa1d1cc9721b86fd87bc9723a5a21b40bee1f98b6bbfd35dcff9d;2026-09-23T00:53:28.118606+00:00;false
LOC-0119;LOC-0021;CAR;2026-08-17T07:00:00+03:00;OK;737;13;3347;LOCAL_VALHALLA_MATRIX;9dc71945f521a577a0ac8653e5e00dcb07c6c2913619216e0e045633bceb151c;9c585a3274cf061e10fbcec138c569b7f83780d269592e307d4beee31c69ba59;2026-09-23T00:53:28.118606+00:00;false
LOC-0119;LOC-0022;CAR;2026-08-17T07:00:00+03:00;OK;573;10;2799;LOCAL_VALHALLA_MATRIX;95c234c3c2649bc93cfdba47caf37702914665050c29cc00d0fcad8e9285ecf4;0e7547010d810f876dee96be6d192e6e2e79c15db1608b98018d71204aecb0f5;2026-09-23T00:53:28.118606+00:00;false
LOC-0119;LOC-0026;CAR;2026-08-17T07:00:00+03:00;OK;404;7;2217;LOCAL_VALHALLA_MATRIX;c2a776c139240f7535cb0fea70862e8a6ee82df196bce47b4d769897e731db31;5e580c190cfd92788893a517cf3d6d49264e219d0d84cfb3b8a41f2a617b8979;2026-09-23T00:53:28.118606+00:00;false
LOC-0119;LOC-0040;CAR;2026-08-17T07:00:00+03:00;OK;892;15;4818;LOCAL_VALHALLA_MATRIX;5e5dd5947b42186dae9e018dcbe525c1d1332d26937b6488f8b8331fd4f43620;b7770fa658e7fc1ae3dd76a8045093639c2d0861be3d3c0743e943aeb5ac3f8e;2026-09-23T00:53:28.118606+00:00;false
LOC-0119;LOC-0042;CAR;2026-08-17T07:00:00+03:00;OK;1312;22;8628;LOCAL_VALHALLA_MATRIX;1856e131d2b61d0d075e97d92c26c5aa56667ce4ebfda18feff7097aa44f762e;0f1687b5d8ec67fa89beafdd7e42c68c834311facd51f85236a94c5c915c991d;2026-09-23T00:53:28.118606+00:00;false
LOC-0119;LOC-0043;CAR;2026-08-17T07:00:00+03:00;OK;157;3;788;LOCAL_VALHALLA_MATRIX;6e95281f37b98b19ca4e0386b857207d76775d9358d85a7663fc4eb6e08e004f;b1bec8beda2c6e36d17ce54be6faa1fa1f258d000cde0301becdf5fb9bccf6bb;2026-09-23T00:53:28.118606+00:00;false
LOC-0119;LOC-0046;CAR;2026-08-17T07:00:00+03:00;OK;1624;28;10328;LOCAL_VALHALLA_MATRIX;d62e1c8804468e47af48e0ca48e2838624fb7f53fb18e83b6327338a55d6dbc6;6659f26509d93e277b4c91ba8bc18d1869bfaccc793178fa90130a85034b6089;2026-09-23T00:53:28.118606+00:00;false
LOC-0119;LOC-0052;CAR;2026-08-17T07:00:00+03:00;OK;1548;26;9735;LOCAL_VALHALLA_MATRIX;37bf51045e8872813211cfdf4052c3250539be681247f1d1d980521d14461b14;afa76c43bfe49eace6e6aaec5e755a2206a6596010b21033a3a1b1fde985980f;2026-09-23T00:53:28.118606+00:00;false
LOC-0119;LOC-0055;CAR;2026-08-17T07:00:00+03:00;OK;795;14;4823;LOCAL_VALHALLA_MATRIX;a326082fcc80b65d22b69fecb01839ec7129c243d2a844c3fa574f777c515c33;77a2cee688ff423688e193d8db9fcd653d61797a5d1d6c1765686eacd2dcb3c2;2026-09-23T00:53:28.118606+00:00;false
LOC-0119;LOC-0056;CAR;2026-08-17T07:00:00+03:00;OK;880;15;5081;LOCAL_VALHALLA_MATRIX;a0043805184e7ad2d16b4e20a2ef5866dbd53bdd9ca10fdc908c68d9dd19fc0c;702df3c283f6b3975cc99d5736518a000433c72efb43d824c8666669fb416066;2026-09-23T00:53:28.118606+00:00;false
LOC-0119;LOC-0068;CAR;2026-08-17T07:00:00+03:00;OK;1672;28;10825;LOCAL_VALHALLA_MATRIX;08eb5fce2dfb36fd90ae27f3b598981b365ef6c39ad3f94e5193a2b17b021ea2;7f9bed89db3664d2b9242b519c0063e9861837e6c3ce17b89f0c3b07ebc5b5c0;2026-09-23T00:53:28.118606+00:00;false
LOC-0119;LOC-0079;CAR;2026-08-17T07:00:00+03:00;OK;763;13;4045;LOCAL_VALHALLA_MATRIX;b62a53cd464a8c3e7bc2ecf3f2c6fe5ba3db62294e58d0e73e9cdb420f5be3eb;727334378c3e81634548a13e3ed3464fedb53140e4747734dec49a2fe3faa6ad;2026-09-23T00:53:28.118606+00:00;false
LOC-0119;LOC-0084;CAR;2026-08-17T07:00:00+03:00;OK;517;9;2382;LOCAL_VALHALLA_MATRIX;94c40843174fd99541d81c5909e64d8d607b3c6f676ec41d47a99c4d657871fd;c5b4e25d1a3ebdd1f735c99099308e50345e06247a316091c6b34b89de199e5a;2026-09-23T00:53:28.118606+00:00;false
LOC-0119;LOC-0087;CAR;2026-08-17T07:00:00+03:00;OK;365;7;1515;LOCAL_VALHALLA_MATRIX;4822e9f0737c78bdf62afe46fb09c793030efa7531374354f20db32bbb9d3880;2a31b70271f85a78e026b37a3802b659eb90d4dba9cdea1cd013b973087b68dd;2026-09-23T00:53:28.118606+00:00;false
LOC-0119;LOC-0105;CAR;2026-08-17T07:00:00+03:00;OK;668;12;3738;LOCAL_VALHALLA_MATRIX;cafdfb4d0a6750408b875c53b33530e3f954ec6ba2167fe8c4d1d1f39cac0b94;7b87bdece500c15c1bb149ef47cb9e60536b2ee7f874634e70634fdc62b708ba;2026-09-23T00:53:28.118606+00:00;false
LOC-0119;LOC-0108;CAR;2026-08-17T07:00:00+03:00;OK;1208;21;7860;LOCAL_VALHALLA_MATRIX;6e28ba8e612baac3fcb70407ca944878fc82651ec2ebd235c0b8771c05abb6bc;e82989c1debb552b1cd38de4d60896dac40b85626e2d9c9c42e53e74a32d9fd2;2026-09-23T00:53:28.118606+00:00;false
LOC-0119;LOC-0109;CAR;2026-08-17T07:00:00+03:00;OK;527;9;2695;LOCAL_VALHALLA_MATRIX;a264f339de9fb2c006c6301aa956e0b50527ca1490a0e88ad5ab625d77b20e0b;d458acfb9fe80264298b3e05cc1f87c0888da47e7e086096311bbdca7cbf257e;2026-09-23T00:53:28.118606+00:00;false
LOC-0119;LOC-0114;CAR;2026-08-17T07:00:00+03:00;OK;888;15;5560;LOCAL_VALHALLA_MATRIX;35794e79a8930d928b4c929d4130373e01fc57387002a141b8a4cc8b2bf6d667;30cfa2de4de187db90ecaed0f38be6a9dc634894d94bca545f0c028a45858fea;2026-09-23T00:53:28.118606+00:00;false
LOC-0119;LOC-0116;CAR;2026-08-17T07:00:00+03:00;OK;1204;21;8076;LOCAL_VALHALLA_MATRIX;0819dd55c625fdfa79a3b1df3409074dde28a5dd0cf628db56521020f86cac95;cc49c26e044b7e4ddb197a0f91dae1493561985595d98e92c3fd15c6bf4db507;2026-09-23T00:53:28.118606+00:00;false
LOC-0119;LOC-0117;CAR;2026-08-17T07:00:00+03:00;OK;1253;21;8215;LOCAL_VALHALLA_MATRIX;ee10fca740c50b2d6e62f1e82d7efe6681cadcb34343202448a2ddc0b21f5f2f;0878ddb144ec605c49586a7978e6bd9184da8128189d19fad1267c6e5ea0293a;2026-09-23T00:53:28.118606+00:00;false
LOC-0119;LOC-0119;CAR;2026-08-17T07:00:00+03:00;OK;0;0;0;LOCAL_VALHALLA_MATRIX;192e0d15d0a7b56ab6fce4ec4c950e50bab45bb98d7ab55e3d5670af71271f93;3d5812abc84c11768aa73a732c85d75dbed439188f5bb3239e9b762ea31d9862;2026-09-23T00:53:28.118606+00:00;false
LOC-0119;LOC-0120;CAR;2026-08-17T07:00:00+03:00;OK;449;8;2384;LOCAL_VALHALLA_MATRIX;8177bdf1ec9541ed85a45c3ff05aed0890634c802fac14ca8c0d532e84b0c639;785d4969a4b0c19223fcd0b6deb8524e02a5d821c62bf43bb60234ce9dc40577;2026-09-23T00:53:28.118606+00:00;false
LOC-0119;LOC-0121;CAR;2026-08-17T07:00:00+03:00;OK;261;5;1366;LOCAL_VALHALLA_MATRIX;2168deee476f7f811195668c7c942e2802a2df80622a24f750549fc98861a4e3;b824eab1af66a1ce3841988da274caeffa6ed1c9ec095422151840f0a9201092;2026-09-23T00:53:28.118606+00:00;false
LOC-0119;LOC-0127;CAR;2026-08-17T07:00:00+03:00;OK;1373;23;9435;LOCAL_VALHALLA_MATRIX;86ae3ff974e3cee2d29921fba4e9ef427b0f4ceac038d272c07901d55a7e9fbb;4e73e9735bb22a96b0e035ee3231f8c3b5302cbd079732a923410d58056536ec;2026-09-23T00:53:28.118606+00:00;false
LOC-0119;LOC-0131;CAR;2026-08-17T07:00:00+03:00;OK;1064;18;7082;LOCAL_VALHALLA_MATRIX;d483ac8b04a9a3a8611dd46e4d228d02bf4a1cc2b12dc81044d0d9de8241b7af;c7096fbb2d4777d81870e8c2f57adce4b710190767f2ade805bc3bb319cbc51f;2026-09-23T00:53:28.118606+00:00;false
LOC-0119;LOC-0132;CAR;2026-08-17T07:00:00+03:00;OK;1595;27;10359;LOCAL_VALHALLA_MATRIX;a92ef4919924dac34fe88e8e26c06c5a68ee2f5f9a7b4b13341dd422fb4e3d42;0e90e62c8b4a9792b569a4ea8457c7fc2e1912d3bb5a9c8fd8ac9d9253159e81;2026-09-23T00:53:28.118606+00:00;false
LOC-0119;LOC-0138;CAR;2026-08-17T07:00:00+03:00;OK;1305;22;8784;LOCAL_VALHALLA_MATRIX;16765aa92a99ce58e65852e9cb2ac70383eaa2183f7b45adafb65909788156be;1309970a2785ba268c8933d88a949f81414878a908a79cdd3aab413355a2f15a;2026-09-23T00:53:28.118606+00:00;false
LOC-0119;LOC-0143;CAR;2026-08-17T07:00:00+03:00;OK;588;10;3470;LOCAL_VALHALLA_MATRIX;79fa9f496d86ea7b693b5c5324d887cc0574c8aa40c87f4200fbcc8b813be14c;c9bd189020daa66df8989e138d830733379570fee466e753188c72a480080d4a;2026-09-23T00:53:28.118606+00:00;false
LOC-0119;LOC-0144;CAR;2026-08-17T07:00:00+03:00;OK;247;5;874;LOCAL_VALHALLA_MATRIX;ae4550c7948a126d10770921c12c9373f3abb36d31d5eeec4d97d1a59d3d9d84;90e0e07834f5e60653021271e105f0f32e9b7c320c440fc3ef3190c94417e723;2026-09-23T00:53:28.118606+00:00;false
LOC-0119;LOC-0146;CAR;2026-08-17T07:00:00+03:00;OK;813;14;5005;LOCAL_VALHALLA_MATRIX;ac2a2b816632b251718e03ab40825ad8ed30f0b80330f9a0a59416a3e394f9b1;87475f52d5a394b16d73da71410780927d0102a015f143e8c280578b94de54a0;2026-09-23T00:53:28.118606+00:00;false
LOC-0119;LOC-0154;CAR;2026-08-17T07:00:00+03:00;OK;653;11;3466;LOCAL_VALHALLA_MATRIX;2c2c7fad83e7f9c5385c4fe43de71f05f3c12d91426fb5a25ff8abaf81946143;ad9b7f54e5f2cd4e552a7189fa44288e0456c923c45e995feb7671d0925d1a62;2026-09-23T00:53:28.118606+00:00;false
LOC-0119;LOC-0188;CAR;2026-08-17T07:00:00+03:00;OK;678;12;4088;LOCAL_VALHALLA_MATRIX;09c94baf4ce02653f8a3eef39f5385e463c904269fbd5464efc7dd0dd359224b;e8f9940d3e3bfac04dbd23a3f1bce33796fa6dd8fa63050a05127e4d7e908400;2026-09-23T00:53:28.118606+00:00;false
LOC-0119;LOC-0191;CAR;2026-08-17T07:00:00+03:00;OK;684;12;3787;LOCAL_VALHALLA_MATRIX;44583408a0702f7c35292e40786a63f89db32cb3891ccaf4eb39970406ccac97;c851bc806304ae6f407a4678159b94c409376c354ea4c4ed48178b6e487c7c58;2026-09-23T00:53:28.118606+00:00;false
LOC-0119;LOC-0193;CAR;2026-08-17T07:00:00+03:00;OK;1842;31;12170;LOCAL_VALHALLA_MATRIX;f6bdf8c09c007e122d514acacc1edef2fc02444dde528034274f16ab0230a38b;670a46d35fb8827ae8dd84105202979d62a0876dc4cd5c00a83a5d1b05f2fc22;2026-09-23T00:53:28.118606+00:00;false
LOC-0119;LOC-0194;CAR;2026-08-17T07:00:00+03:00;OK;1923;33;12444;LOCAL_VALHALLA_MATRIX;e5667748e66d08613f2f878874e2a8cabab1d0594b7d6675b921880229b01f7d;70a396db9b83cfe13cca9cb5d3475064ff2f324c186b273c2152238acca6f074;2026-09-23T00:53:28.118606+00:00;false
LOC-0119;LOC-0195;CAR;2026-08-17T07:00:00+03:00;OK;659;11;3859;LOCAL_VALHALLA_MATRIX;1504f298c005100de1d648c5c7704b40999fc70df76b2208252af98e05bb26c1;1fb44a8ac498a3676a2cc785563f2d09acd66b8d390d2bb90cd2a6a26c387b2f;2026-09-23T00:53:28.118606+00:00;false
LOC-0120;LOC-0001;CAR;2026-08-17T07:00:00+03:00;OK;417;7;2395;LOCAL_VALHALLA_MATRIX;f7f714404c7eaac3814ef7f0399c20be66cc9d51c24ac70993d82f9b2cbc39d5;342b6739d410e2de0dcba0163d54dd8965985c5f7cea93c195f63cb05d5e5e59;2026-09-23T00:53:28.118606+00:00;false
LOC-0120;LOC-0007;CAR;2026-08-17T07:00:00+03:00;OK;1034;18;6604;LOCAL_VALHALLA_MATRIX;e7204863e522eed233bf398f183f12a2d74b67b1ea4b9e3401b5c2aba979dad1;77d36df441b7054c2d81150248d9e9085fcfcd6365803a285231e29f54830065;2026-09-23T00:53:28.118606+00:00;false
LOC-0120;LOC-0014;CAR;2026-08-17T07:00:00+03:00;OK;1346;23;8322;LOCAL_VALHALLA_MATRIX;f8de1a84043e74c41661c370a8415054890c2542220c563c51a9181412f23b14;f4633a0003bad8c6918448079ce3213266a116295c12b96f7a1dcd864eb9bda7;2026-09-23T00:53:28.118606+00:00;false
LOC-0120;LOC-0015;CAR;2026-08-17T07:00:00+03:00;OK;1069;18;7313;LOCAL_VALHALLA_MATRIX;aa78b58086ceb4e30dbad8815c246de8fe908f0e2a41e6fba129faed8548e20e;d6351880a740264715f9048df94cd7929c37e20f11a7645f199d8d626bdb25e0;2026-09-23T00:53:28.118606+00:00;false
LOC-0120;LOC-0021;CAR;2026-08-17T07:00:00+03:00;OK;606;11;3099;LOCAL_VALHALLA_MATRIX;bfcfb0479350294507286eee72f3f00bd3f33360481655ef5ace958bba692f95;e50d99fe0ce6014326d09b5c09f596edac6d23bdbc1e9515cacb202b793b36ac;2026-09-23T00:53:28.118606+00:00;false
LOC-0120;LOC-0022;CAR;2026-08-17T07:00:00+03:00;OK;156;3;406;LOCAL_VALHALLA_MATRIX;b44f51cf4d80c1b5507deb0fbe288ce910f49df8046ddb2d8a9e7ac07722aa72;5161d6bd49b5966eb745f35870fe9f730fb8ffb9ae8e4edea8c9a652080e1aea;2026-09-23T00:53:28.118606+00:00;false
LOC-0120;LOC-0026;CAR;2026-08-17T07:00:00+03:00;OK;664;12;3898;LOCAL_VALHALLA_MATRIX;1d504b9d4789fadc1fcde1af7266f7a02a3b350ad03c0dcd93ff358f9c6a8df0;002b6ec2203ecaa08bb0de0687fa792d5b008e73d47cb5914ccf15bc59e324ce;2026-09-23T00:53:28.118606+00:00;false
LOC-0120;LOC-0040;CAR;2026-08-17T07:00:00+03:00;OK;1325;23;9469;LOCAL_VALHALLA_MATRIX;65d94327ba85cf5a633c5a47a1efcfa68763992b051a97599e4dbb613a27eab9;d0d59a306693148e6806cc65785efca12a2731f88b07c33aa436c398e2f5841a;2026-09-23T00:53:28.118606+00:00;false
LOC-0120;LOC-0042;CAR;2026-08-17T07:00:00+03:00;OK;1011;17;6588;LOCAL_VALHALLA_MATRIX;e766a4ccbb7c75f0f050c9970c087a4cba34c6825d7090312ba5f16537ef1cf3;70669b06ecf10f5f8fc4c142a149b69628d3411501fd6cedf7774f9a193c0da3;2026-09-23T00:53:28.118606+00:00;false
LOC-0120;LOC-0043;CAR;2026-08-17T07:00:00+03:00;OK;483;9;2839;LOCAL_VALHALLA_MATRIX;5ef02ab9cee6ad628b528521b828c6e54c1a0bab727eac80bc1f36e79012c4a1;b4abdcd2f3df5294f7981b3ed51af9739aac4447edc38ada9cafc58174a336c6;2026-09-23T00:53:28.118606+00:00;false
LOC-0120;LOC-0046;CAR;2026-08-17T07:00:00+03:00;OK;1522;26;9320;LOCAL_VALHALLA_MATRIX;2420981d2d3118596b139467ccac90bed7e635deb5e3ec2daafd482ca7d5bc35;47d70cd894fa51c90f3982559b43723bcbf28458f32864d48b2c4272fea6df95;2026-09-23T00:53:28.118606+00:00;false
LOC-0120;LOC-0052;CAR;2026-08-17T07:00:00+03:00;OK;1435;24;8516;LOCAL_VALHALLA_MATRIX;627c1d40d44e488cc50057591b0a77f4d48b97b69a66f9808acb2f6c43d287c3;2f9c19b164be9033f13c8f01d26f267697b6916023e2b7fd302aba9967719e65;2026-09-23T00:53:28.118606+00:00;false
LOC-0120;LOC-0055;CAR;2026-08-17T07:00:00+03:00;OK;494;9;2783;LOCAL_VALHALLA_MATRIX;51bcdb5df1249ff78aec3df9a3db810e42975cb430e8e1aef7541c2b3a1e174b;67d331ff1394c8f969526884d14ade2d513161c0cc5102a691a68dccc5fbc1e5;2026-09-23T00:53:28.118606+00:00;false
LOC-0120;LOC-0056;CAR;2026-08-17T07:00:00+03:00;OK;579;10;3041;LOCAL_VALHALLA_MATRIX;2b0e773a735663ab44cf3ba38d16386c3b102d14a3ecb1e1c914eb44f5d2911c;89513883ac84683de173361ef8a39ad06a220bdb51c86a4db214c3458d69ce5f;2026-09-23T00:53:28.118606+00:00;false
LOC-0120;LOC-0068;CAR;2026-08-17T07:00:00+03:00;OK;1569;27;9817;LOCAL_VALHALLA_MATRIX;5003ec42a6338cc68e74f86484cedf8f2b6aa708d6f165927da82ea46fdf1eeb;a8e615a79cd58282e84ac29b504b4a6e5f88fb2d0114d73addfdca99208555e6;2026-09-23T00:53:28.118606+00:00;false
LOC-0120;LOC-0079;CAR;2026-08-17T07:00:00+03:00;OK;522;9;2536;LOCAL_VALHALLA_MATRIX;2fee3398cbe530bc5f50addccdd31459951e4c3e8e80993f237587b848ac997c;068b233b9b207b464b9e08d1391cb0fbcf26e30b7bbfe6eba92ed3d92927480e;2026-09-23T00:53:28.118606+00:00;false
LOC-0120;LOC-0084;CAR;2026-08-17T07:00:00+03:00;OK;777;13;4063;LOCAL_VALHALLA_MATRIX;70f484cce0c2f242db6e76bd3496564fcf60a26054db990af367f71625a0fc02;3f18ef600d6691e527358664db4c1c9d144b1c312527f97189e06011401de0bd;2026-09-23T00:53:28.118606+00:00;false
LOC-0120;LOC-0087;CAR;2026-08-17T07:00:00+03:00;OK;438;8;1883;LOCAL_VALHALLA_MATRIX;7252288854f11e8d79a942277abc718de38842d07801ef70a72b994191f6401a;97cf43d3abca99578a6e590ba5a060e50725b694e76ad10f851a691bfc18de71;2026-09-23T00:53:28.118606+00:00;false
LOC-0120;LOC-0105;CAR;2026-08-17T07:00:00+03:00;OK;558;10;2786;LOCAL_VALHALLA_MATRIX;9e823e8543fa07e3bfaaad6a63607acb95b905925cee5eb1cbd953de7f90835d;bb3b2a17bfc030a34a7e869d460ea8435a9cfa4ece0c924c04bdbbc6a41b4859;2026-09-23T00:53:28.118606+00:00;false
LOC-0120;LOC-0108;CAR;2026-08-17T07:00:00+03:00;OK;1227;21;7513;LOCAL_VALHALLA_MATRIX;2d43ef200a292c69d294d60b9f040bede09e04bdd4cb0b3110f1aaf39b2921e0;21b81b01562c4970874d636ab8577886393e9a5cf7e77a0187bcd9dd958f9925;2026-09-23T00:53:28.118606+00:00;false
LOC-0120;LOC-0109;CAR;2026-08-17T07:00:00+03:00;OK;787;14;4615;LOCAL_VALHALLA_MATRIX;8acd8753e340ddf8acd55aa68665d9fb0bd01f43eba3ae462dabb330ec47a54e;e635d950029bc468b46cc979ff64f592dc6bbe20a760175d117601c174ec1d25;2026-09-23T00:53:28.118606+00:00;false
LOC-0120;LOC-0114;CAR;2026-08-17T07:00:00+03:00;OK;907;16;5213;LOCAL_VALHALLA_MATRIX;9be5b6422443fa688cccee9da0406af9a373e22d06735beb4f64252ca21c7101;e4542c5b2f4a9ba08c0653a987b1f52686a683079011ad85a862eadc38453cb3;2026-09-23T00:53:28.118606+00:00;false
LOC-0120;LOC-0116;CAR;2026-08-17T07:00:00+03:00;OK;1223;21;7729;LOCAL_VALHALLA_MATRIX;8fe63694ed993aeec01ba29b43fc324a895df3ad0ad25efcc42859354f6fb6d9;8f1f81c29259e53e705e914429a8dc310cd03d002d7a18c2dd5022276d5581a9;2026-09-23T00:53:28.118606+00:00;false
LOC-0120;LOC-0117;CAR;2026-08-17T07:00:00+03:00;OK;1272;22;7868;LOCAL_VALHALLA_MATRIX;8fc6ffb90dc1c406a4a1cce38642a37f72d40a34cb33aa1393246b396706ad52;ec4319b3b84a4129d2484af29f0681a5b449f2dc5ed78e964b5ff0d37ef1166e;2026-09-23T00:53:28.118606+00:00;false
LOC-0120;LOC-0119;CAR;2026-08-17T07:00:00+03:00;OK;450;8;2384;LOCAL_VALHALLA_MATRIX;a5962601f97970dc84a3d3192e0701a9ac2f42095b95bfa47d41c880964c1d1c;7cd17ddf50127c0496ab094a8e5beaf7a90b6034796e971ae16a42cb58f7d30f;2026-09-23T00:53:28.118606+00:00;false
LOC-0120;LOC-0120;CAR;2026-08-17T07:00:00+03:00;OK;0;0;0;LOCAL_VALHALLA_MATRIX;7d62fcd7692a68c0b653a16488ba6052a00ec3c5f117d24aaafa6080a06e9fe1;3d5812abc84c11768aa73a732c85d75dbed439188f5bb3239e9b762ea31d9862;2026-09-23T00:53:28.118606+00:00;false
LOC-0120;LOC-0121;CAR;2026-08-17T07:00:00+03:00;OK;521;9;3047;LOCAL_VALHALLA_MATRIX;6ddcbd0a336b3b7c46118b80e0baab219a62cfe70bdc620b4265d03d3bb157be;dfc7351cddae5bf7aeb58821263ea445726e933b23866c9ec6fbf8d9db5ae5c1;2026-09-23T00:53:28.118606+00:00;false
LOC-0120;LOC-0127;CAR;2026-08-17T07:00:00+03:00;OK;1232;21;8268;LOCAL_VALHALLA_MATRIX;26cd617e7d8c2b1ca2811e0c6003727981a2811acaf4236052dd256d5556e745;4760b958ba0296d83c2a4094606a8d8511a0058ad481c5cab59110507a9faf85;2026-09-23T00:53:28.118606+00:00;false
LOC-0120;LOC-0131;CAR;2026-08-17T07:00:00+03:00;OK;1083;19;6735;LOCAL_VALHALLA_MATRIX;9e69052b04f4d00e5b52a6ba37703895ef4320a4d6bad31430f8e3a732f99515;d4220aaff42d9c56e0112a45d80e2f267b90f9e30c2a9dd3fa00cfdcc62f21e1;2026-09-23T00:53:28.118606+00:00;false
LOC-0120;LOC-0132;CAR;2026-08-17T07:00:00+03:00;OK;1462;25;8965;LOCAL_VALHALLA_MATRIX;1198145b72f9c1630430e8607352927eac84e5ef4f1569a0ab6b8d29c62be982;f1766ae95b5493667f50e8a7dccd6208cb1d91c624108c5611564d29e9f55dad;2026-09-23T00:53:28.118606+00:00;false
LOC-0120;LOC-0138;CAR;2026-08-17T07:00:00+03:00;OK;1061;18;6896;LOCAL_VALHALLA_MATRIX;3b6d768637fe2f1642f638349d19308025204132596602211739582d6e96fc7b;9aa9235954bb5f41ef7a74863b7d53731f573d103ea94d031dec6754990fcfe8;2026-09-23T00:53:28.118606+00:00;false
LOC-0120;LOC-0143;CAR;2026-08-17T07:00:00+03:00;OK;964;17;6411;LOCAL_VALHALLA_MATRIX;db07d4a372a44a787cda7aec938be7e69261a5349d06f8c9de03b395b035099e;f3a5cfc4dd6d1f0df0339d8ca010c22721ab3e331176d78bc91f3b04af856b06;2026-09-23T00:53:28.118606+00:00;false
LOC-0120;LOC-0144;CAR;2026-08-17T07:00:00+03:00;OK;380;7;1725;LOCAL_VALHALLA_MATRIX;bbe6a2caa66c6250d32006867bc5a9b81622991f9635e1f90b692c1248792f7d;701c50a4a84d19a2635ac87269f3829996a097b20326d5a0aa11e22f7bf76d64;2026-09-23T00:53:28.118606+00:00;false
LOC-0120;LOC-0146;CAR;2026-08-17T07:00:00+03:00;OK;512;9;2965;LOCAL_VALHALLA_MATRIX;2a3bdd532b0a3541a6b3f17cbe8f8dc264946fd6a5d8acf0afac9bc2f7743153;b59788fce2285ae5e2f9065c6ee0c359089e5e5414becc2539d93b0f3f95dadd;2026-09-23T00:53:28.118606+00:00;false
LOC-0120;LOC-0154;CAR;2026-08-17T07:00:00+03:00;OK;531;9;2535;LOCAL_VALHALLA_MATRIX;11e5c1bc8ec7689bfab86466a27bdcdac30078778b3b66fcab38e309a73a35ca;00a8f40b362ab2d8ef779a2bd35d0abc6eecc298ecda40ef82eded9fd2115a62;2026-09-23T00:53:28.118606+00:00;false
LOC-0120;LOC-0188;CAR;2026-08-17T07:00:00+03:00;OK;912;16;5407;LOCAL_VALHALLA_MATRIX;21d79348a1e725c07f5fb1e735e0227d8f9a06f9495209b853579c6a945d7114;6cf6610af8a391ad71eea1e12acdea46889637e32f464b00dfbe265111c7f0af;2026-09-23T00:53:28.118606+00:00;false
LOC-0120;LOC-0191;CAR;2026-08-17T07:00:00+03:00;OK;1060;18;6728;LOCAL_VALHALLA_MATRIX;cf4a68d34aa7aa58099c7a20c456344f8c75c0f988f2cb6278a618a3cf7e2393;f3c1b91db518ee51ed428350f429b473eaef3d4a39802e68089240fb4239a68c;2026-09-23T00:53:28.118606+00:00;false
LOC-0120;LOC-0193;CAR;2026-08-17T07:00:00+03:00;OK;1804;31;11775;LOCAL_VALHALLA_MATRIX;e39f2dceb67b93ebfdd558fe298132b74594544f334cbb2be349bdce4bf8fff6;85031a84c3bd415242f1ba6eaf403e4f149cfb9a84fd07b7887e33bca99a662b;2026-09-23T00:53:28.118606+00:00;false
LOC-0120;LOC-0194;CAR;2026-08-17T07:00:00+03:00;OK;1885;32;12049;LOCAL_VALHALLA_MATRIX;53a24b883f410ba3f1c654507bca7a8e8217c4833c00a04a05c429bcc2c05c5d;34a03f458aa7e39d6f89ca189c45416e349fc990958752dc570f2b3f6fba1f4b;2026-09-23T00:53:28.118606+00:00;false
LOC-0120;LOC-0195;CAR;2026-08-17T07:00:00+03:00;OK;538;9;2928;LOCAL_VALHALLA_MATRIX;78dce559c423c115ffa7a539600a3b9a33d3ae5b5da2d69febf829bcb18fdd5f;67777d8160673664cd15cf6fe8e3c5f3acbb7cc0af6fe7ff27e49ce93f46f354;2026-09-23T00:53:28.118606+00:00;false
LOC-0121;LOC-0001;CAR;2026-08-17T07:00:00+03:00;OK;840;14;5556;LOCAL_VALHALLA_MATRIX;7aff3c6db79c72abe5bc8dac253853c924e8d57d69936102068b276ce1e3449e;56585374c2bfd37069ea793b8406a04c3424d6e2f487b19b2bc2f02d29d7a917;2026-09-23T00:53:28.118606+00:00;false
LOC-0121;LOC-0007;CAR;2026-08-17T07:00:00+03:00;OK;680;12;4283;LOCAL_VALHALLA_MATRIX;f3be33c01eae7f8b3d7160b24dc59fed899a5a4c183ca63176b05a8fe638939d;303164cb03737d05918ed44e1a5af42253dbdd6a9f36fc427a0dac4dc72ec7a9;2026-09-23T00:53:28.118606+00:00;false
LOC-0121;LOC-0014;CAR;2026-08-17T07:00:00+03:00;OK;1487;25;9817;LOCAL_VALHALLA_MATRIX;c0e613bd7051289f5d4185d280056efab8b8ab49991fa7abf0fa4d95ba5fe1b2;535a74110db819ee88f88ebbdbbdd6fd9b618e344ebfdd9fd62c655bd66afaa8;2026-09-23T00:53:28.118606+00:00;false
LOC-0121;LOC-0015;CAR;2026-08-17T07:00:00+03:00;OK;1403;24;10117;LOCAL_VALHALLA_MATRIX;353c46592d1f543bd9945017c6ab262effbb0359e70abf86872d380f0f78a2b2;b931bce532b0136d1d9fbdddc0444485b99ada8ac87f48915209db74e29243df;2026-09-23T00:53:28.118606+00:00;false
LOC-0121;LOC-0021;CAR;2026-08-17T07:00:00+03:00;OK;758;13;3778;LOCAL_VALHALLA_MATRIX;ca717378ddd9a73ff37c2439c52cb2fe9da82a656c56b078ce4920584f022232;1532307b80d308c7b68a721324439ed0da0722a17e47b1fb103cc5242fe71062;2026-09-23T00:53:28.118606+00:00;false
LOC-0121;LOC-0022;CAR;2026-08-17T07:00:00+03:00;OK;695;12;3920;LOCAL_VALHALLA_MATRIX;e1f66e65c07a51772a617c196a6d3e91db6fd7540546159595104e1c8bb5896b;5973f68f88f057528e9f6d5d5adf9ebb8794d0d401e676cd0c01e206adb603c7;2026-09-23T00:53:28.118606+00:00;false
LOC-0121;LOC-0026;CAR;2026-08-17T07:00:00+03:00;OK;263;5;919;LOCAL_VALHALLA_MATRIX;ff0c0f2c6f3c9b180397523896cf15ae84f98b65b29135212152d324e3c68cbe;b7aca93125955c675d53a880a0230919127dcf1df3d1223e3a2170148a0610e1;2026-09-23T00:53:28.118606+00:00;false
LOC-0121;LOC-0040;CAR;2026-08-17T07:00:00+03:00;OK;914;16;5438;LOCAL_VALHALLA_MATRIX;c9fdb2a9a1a2852de35bdcce28b023889d72a377c3443d05043213272b86c53f;0b0a6b2cda275be9404ecfef237d2303d6f563d1323371c9cd113197bb835542;2026-09-23T00:53:28.118606+00:00;false
LOC-0121;LOC-0042;CAR;2026-08-17T07:00:00+03:00;OK;1492;25;10340;LOCAL_VALHALLA_MATRIX;a1e6f7595e6bc58ddff3d3a44fac0662a932481183e38265a5f5fefc6e290d09;632ef8e04ef31b0138c452305af8deabf0de163a59808bffcec88422a43a181d;2026-09-23T00:53:28.118606+00:00;false
LOC-0121;LOC-0043;CAR;2026-08-17T07:00:00+03:00;OK;327;6;2095;LOCAL_VALHALLA_MATRIX;baae7c85fb9eab2a327331c0da9fa8d6dbdb94bf34496a48cf7e54f919595dcc;270b80f9a11426deb708f14b436ff6e5a6310758c0e8a9736135e92f5df2b4df;2026-09-23T00:53:28.118606+00:00;false
LOC-0121;LOC-0046;CAR;2026-08-17T07:00:00+03:00;OK;1626;28;10656;LOCAL_VALHALLA_MATRIX;09b3688e82b0a4a94f2f78deb3aad9177af0cedd88cf24c5a34a6205c98b20f3;efec584169e1853bc34506af8bcdf192460b1334e9f8f1da2b5b73206af1257c;2026-09-23T00:53:28.118606+00:00;false
LOC-0121;LOC-0052;CAR;2026-08-17T07:00:00+03:00;OK;1549;26;10063;LOCAL_VALHALLA_MATRIX;2579b4406493ece272489e987ad38fe6ebd79a81fea4b02db2961000b3dd8fd7;32ea4242e2876132dc11b504197afd1de916645d44ec73c8238e77e4e664ec0b;2026-09-23T00:53:28.118606+00:00;false
LOC-0121;LOC-0055;CAR;2026-08-17T07:00:00+03:00;OK;917;16;5944;LOCAL_VALHALLA_MATRIX;a16e14b2d99bbcffac1fd1774ab1cdd51ac69332d1f337aa8dfb9684f382d19e;06e8b43e976ef6698d683ac34e1ee38708230ad854647da2d60fc1239f1b7abe;2026-09-23T00:53:28.118606+00:00;false
LOC-0121;LOC-0056;CAR;2026-08-17T07:00:00+03:00;OK;1002;17;6202;LOCAL_VALHALLA_MATRIX;4deb126862cff8ba2dd479777604f6dc73af11223de1f5c85c95e8e09227d2c6;2c69b72b36e3d3bcfd0221bfaa3c26c67324b1ecd3931024e5b6017e8f39deea;2026-09-23T00:53:28.118606+00:00;false
LOC-0121;LOC-0068;CAR;2026-08-17T07:00:00+03:00;OK;1673;28;11153;LOCAL_VALHALLA_MATRIX;aeadf2ebe79c34697b77ff94f88649466936240e6a384d5ff46232a2b2f6b732;5c58f9f759705c7e9f8077ab38d4e69c7da356911263ca0f64aff3e417e12bad;2026-09-23T00:53:28.118606+00:00;false
LOC-0121;LOC-0079;CAR;2026-08-17T07:00:00+03:00;OK;885;15;5166;LOCAL_VALHALLA_MATRIX;25ed92b123c37784c3cafc2a51ad36df2910042a5a59476c7b03342e7fe7ab7c;457389425fbd72007ef511a0d69de15e49598e374cf283726e89d7349077ea25;2026-09-23T00:53:28.118606+00:00;false
LOC-0121;LOC-0084;CAR;2026-08-17T07:00:00+03:00;OK;428;8;2322;LOCAL_VALHALLA_MATRIX;154fecea844f26ac98be8871b2662d3f83df2fddfd6341e998f521a1b704fcff;b2d675b38999f3bd05a1a0772d1e86e2e06512b987db4b4bbd10ac821e87e6ff;2026-09-23T00:53:28.118606+00:00;false
LOC-0121;LOC-0087;CAR;2026-08-17T07:00:00+03:00;OK;550;10;2998;LOCAL_VALHALLA_MATRIX;e5589da3b34053d1262f6e89335b0ba3e78aa4ba56950daa53a03e862e5d8ddb;b2cf98df0b6fb615291bc6a687aee72c025407a708222913381d0b4338d158af;2026-09-23T00:53:28.118606+00:00;false
LOC-0121;LOC-0105;CAR;2026-08-17T07:00:00+03:00;OK;887;15;5853;LOCAL_VALHALLA_MATRIX;525cc80a4b973df6dc8456d00741c1976010b25b732853c6a1fdd5ddd1523e92;bf5c29c503b1c1e2fe13c39ef5cfaf3f57c1b6360d9f025c6e01e8f5e94fc062;2026-09-23T00:53:28.118606+00:00;false
LOC-0121;LOC-0108;CAR;2026-08-17T07:00:00+03:00;OK;1209;21;8188;LOCAL_VALHALLA_MATRIX;e2a152a78412ee09342e26dc811eb54d89d53e8bb2aba47816b7a7667c85c6a0;92aa7b52244e957841010bc2fa0673f9db4601839e4e1ed1ddda46b6446b113e;2026-09-23T00:53:28.118606+00:00;false
LOC-0121;LOC-0109;CAR;2026-08-17T07:00:00+03:00;OK;439;8;2635;LOCAL_VALHALLA_MATRIX;de8521d49a131ee72a0ece79ea8c7197654bf9786e732b0d2ba2e91aa8f1ea32;084cb99b2840e3ad3f9f9ce6d8d088419599fa6b7189b6d286eb35bf15f235cc;2026-09-23T00:53:28.118606+00:00;false
LOC-0121;LOC-0114;CAR;2026-08-17T07:00:00+03:00;OK;889;15;5888;LOCAL_VALHALLA_MATRIX;70b5e1f1aed383fcbd5e13cf06628ed33e477214eeccaa3f9d1db99a74423d7d;cdd7b87a77ba5abf1b69012e67cc226008270dd39b61abd39dc5459dae90850b;2026-09-23T00:53:28.118606+00:00;false
LOC-0121;LOC-0116;CAR;2026-08-17T07:00:00+03:00;OK;1205;21;8404;LOCAL_VALHALLA_MATRIX;fb3c9917712657eb4ac4c88744d8b2aa02efd0d83464aa2eae2fdb56bbbe1ab1;c7e6f8709a0129d20f1595f65cc88d56b7f8a2275438353ff53b32f22861524c;2026-09-23T00:53:28.118606+00:00;false
LOC-0121;LOC-0117;CAR;2026-08-17T07:00:00+03:00;OK;1254;21;8543;LOCAL_VALHALLA_MATRIX;517986a64f78d8e23e303be6088f14f5dea2069b3f1a9a5803326581fa419a5e;8a92088e037dbb8d43a9b219a91f151cf5851dcd15e20081e2606100832f0097;2026-09-23T00:53:28.118606+00:00;false
LOC-0121;LOC-0119;CAR;2026-08-17T07:00:00+03:00;OK;350;6;1984;LOCAL_VALHALLA_MATRIX;b5f0dbf4eac6eb2c3204fcc989add516158dacd590e510b499ab8479e57c0f21;302590516aaa4694f45fe812d85eb7369dedb7e0be8c7a37dee701c0ce85c0d6;2026-09-23T00:53:28.118606+00:00;false
LOC-0121;LOC-0120;CAR;2026-08-17T07:00:00+03:00;OK;571;10;3505;LOCAL_VALHALLA_MATRIX;77e7e920a4c2d89057ccd5858672ef13005a3306b88fbabc5f32e9bf6fcffb01;611aab895ee03fdbabb98d7e60454705d20bbfa3429e26afb125d0a985a6b43e;2026-09-23T00:53:28.118606+00:00;false
LOC-0121;LOC-0121;CAR;2026-08-17T07:00:00+03:00;OK;0;0;0;LOCAL_VALHALLA_MATRIX;1b40ec7322973f8594dc85f7ed75f8b7c670699a53e2cd32d63eb3f519d46f44;3d5812abc84c11768aa73a732c85d75dbed439188f5bb3239e9b762ea31d9862;2026-09-23T00:53:28.118606+00:00;false
LOC-0121;LOC-0127;CAR;2026-08-17T07:00:00+03:00;OK;1374;23;9763;LOCAL_VALHALLA_MATRIX;6b7cff4bb30b5b20874736c2fe5112333cea0762c053edd496f2eef300c7fe9a;1d928c637d1b072e354e9e908fb5eea27f775adffbc8599bd3cb2f9a796064d6;2026-09-23T00:53:28.118606+00:00;false
LOC-0121;LOC-0131;CAR;2026-08-17T07:00:00+03:00;OK;1065;18;7410;LOCAL_VALHALLA_MATRIX;b5cf9a21b5a036412801527716429e5feaf746bcfb44d60e34b453964591c49e;63ac87f3ad222f59ee911a90f7d1b37980cbed3046b7887231d668f6f7677623;2026-09-23T00:53:28.118606+00:00;false
LOC-0121;LOC-0132;CAR;2026-08-17T07:00:00+03:00;OK;1596;27;10687;LOCAL_VALHALLA_MATRIX;b229a597d065b24113a574221fe7d93441ba2913575b9d1abc3f27a70fef33a7;6a2b4deaaeb31fed3e167749bc65ae6221408d2e9bf8251bc95e3845adbfabad;2026-09-23T00:53:28.118606+00:00;false
LOC-0121;LOC-0138;CAR;2026-08-17T07:00:00+03:00;OK;1306;22;9112;LOCAL_VALHALLA_MATRIX;3d14a77e775396a90272a9ad442944eeb91a4d011610d4a8c00569d7a43b0ad0;fd93f39fe46d84b45dcfa47c1159daec96a6865d82e7d38893d9ba3124b6b0ba;2026-09-23T00:53:28.118606+00:00;false
LOC-0121;LOC-0143;CAR;2026-08-17T07:00:00+03:00;OK;610;11;4090;LOCAL_VALHALLA_MATRIX;498a5dfd08956ac411328b81afc05748c0e62a0a3f265acf1804535d9b503d13;0871e5243b90f5b6af161211f0cd5bce7c814b12a795813a62e6818473251ed9;2026-09-23T00:53:28.118606+00:00;false
LOC-0121;LOC-0144;CAR;2026-08-17T07:00:00+03:00;OK;423;8;2352;LOCAL_VALHALLA_MATRIX;d7ef012da66007259b6395f7bdf198b4a2c85acb2681fc760dadbe1cb0fc823e;f6adfd22ba14121af161bfe114bf32e23d23d4c82ff2f925673d5465311300b8;2026-09-23T00:53:28.118606+00:00;false
LOC-0121;LOC-0146;CAR;2026-08-17T07:00:00+03:00;OK;935;16;6126;LOCAL_VALHALLA_MATRIX;608a87bfbbb675c93f8e01bf95e650176de7fd612c77449bff8eabeebce33642;a9798a3d92be49d5c8e0ce27c6469958d4d019e430c261503511d6d40f134b85;2026-09-23T00:53:28.118606+00:00;false
LOC-0121;LOC-0154;CAR;2026-08-17T07:00:00+03:00;OK;775;13;4587;LOCAL_VALHALLA_MATRIX;fa96ca229742ae9dd99d93ff98cda1b1a491e5dfb24d6b7754d857b98c270cfb;615cbaefcbf188984b71724899547d5f67b174fd709d6e91a816bff21918e581;2026-09-23T00:53:28.118606+00:00;false
LOC-0121;LOC-0188;CAR;2026-08-17T07:00:00+03:00;OK;679;12;4416;LOCAL_VALHALLA_MATRIX;6a0960b883107a4086553db1faab1f9438ea5e5d96f5a628ee8069236f8e66e7;104d5653c9a0d8c9d80f7088261a0024bb479f61ddf9d042934ecb859551f38a;2026-09-23T00:53:28.118606+00:00;false
LOC-0121;LOC-0191;CAR;2026-08-17T07:00:00+03:00;OK;712;12;4130;LOCAL_VALHALLA_MATRIX;26cc633495eccfd3ee00cb9e2bb7130156d5e548a3c77b13c8085fe02d261506;30902ada5bcb31f857a73e4b51a37c1e80f8d2b56e776c28ade5642391fa30b0;2026-09-23T00:53:28.118606+00:00;false
LOC-0121;LOC-0193;CAR;2026-08-17T07:00:00+03:00;OK;1843;31;12498;LOCAL_VALHALLA_MATRIX;59f94e94e79862d1b8371831e6bb92f9ad3317e7e1f79b1d9bd7f2c74e0d4f75;fc9ec0b3487556111dbfda52773a2d3cdf138ae4e9f868f6452cad0859cc489a;2026-09-23T00:53:28.118606+00:00;false
LOC-0121;LOC-0194;CAR;2026-08-17T07:00:00+03:00;OK;1924;33;12772;LOCAL_VALHALLA_MATRIX;0844ee010178073e15765fdcc28740a795e89b0831a4926e55ca73b51db36148;a7db56c68d6d748532133232338a7bae58cda5efc7d9e035bd1e3ecacaa70e28;2026-09-23T00:53:28.118606+00:00;false
LOC-0121;LOC-0195;CAR;2026-08-17T07:00:00+03:00;OK;769;13;5135;LOCAL_VALHALLA_MATRIX;be995fbbaece968d28445182cc93abd2a43ee23b991d28d486762e3aeed5758a;e833b3cd5fd3f71dee954ccf460626dc2fedf3eaff546699b8f662e5b42d2a9c;2026-09-23T00:53:28.118606+00:00;false
LOC-0127;LOC-0001;CAR;2026-08-17T07:00:00+03:00;OK;1293;22;8976;LOCAL_VALHALLA_MATRIX;b3e78837f31c85e58b7f941bf1d6b0c5bb3809a2b8a4e7ed2124bd9baf25eec0;b73c348ade268bc6e9f3051c1e57bb9ce50263e51c622557c41f154c5eac0c23;2026-09-23T00:53:28.118606+00:00;false
LOC-0127;LOC-0007;CAR;2026-08-17T07:00:00+03:00;OK;1837;31;12708;LOCAL_VALHALLA_MATRIX;96515a70dec9494e332a80d0242fe841a3282aed78f671a0a494bd59bbda84e1;e3f757008d99831f259d1ff8029851b5727a5f3883f233291523fac412dff632;2026-09-23T00:53:28.118606+00:00;false
LOC-0127;LOC-0014;CAR;2026-08-17T07:00:00+03:00;OK;357;6;1385;LOCAL_VALHALLA_MATRIX;16a9a712f3fddb07180dcf1110c4d87f04242789d9a993bccd46a7de3149bb56;0e0948284ce28aa7b1bab8e3830bdb5a69627b616614674b29ee056ceb97cf4d;2026-09-23T00:53:28.118606+00:00;false
LOC-0127;LOC-0015;CAR;2026-08-17T07:00:00+03:00;OK;391;7;2534;LOCAL_VALHALLA_MATRIX;60bd852f131963aa259a4be86f46e278e0b11e959bda3a43acac12bcc0e32944;dac6c372458d48b819253f1b96b8f692600c1cfbce485b04c3e73b9963de2ef6;2026-09-23T00:53:28.118606+00:00;false
LOC-0127;LOC-0021;CAR;2026-08-17T07:00:00+03:00;OK;1519;26;10316;LOCAL_VALHALLA_MATRIX;f3334ab8c319d80258896dbdba2f25d5914ed9e0ae7da4d4192cbbca38c854df;6c27566f00af73061b4529ec0b78c9f47b4f0747a667dc9529a1c4be4d8af2f1;2026-09-23T00:53:28.118606+00:00;false
LOC-0127;LOC-0022;CAR;2026-08-17T07:00:00+03:00;OK;1362;23;8664;LOCAL_VALHALLA_MATRIX;b73e24ca56047395e0f634762b6d198005e52cae47b304d9bb66ec419d565d18;c6d24fdad1b3a70b86330c32998fbbcc94b61657fcf3773e330050de9f5406c7;2026-09-23T00:53:28.118606+00:00;false
LOC-0127;LOC-0026;CAR;2026-08-17T07:00:00+03:00;OK;1494;25;10359;LOCAL_VALHALLA_MATRIX;162b8df7cfdea8fa52a5aa23bd628b595d50220ef9fd03f829565fea4889b1b3;098fa3637b8bef53a892af50d9cd3abeffe56318f9544c9c108b8b3339cbf6f1;2026-09-23T00:53:28.118606+00:00;false
LOC-0127;LOC-0040;CAR;2026-08-17T07:00:00+03:00;OK;2071;35;13863;LOCAL_VALHALLA_MATRIX;687271835f58778d62fe222fe8031c5c9be95f08d015ab34f9da24298e189a48;dbcdd15085dd67b87c1ea7646ab6d2a4e1918f7a20ace00a4ba1b64d4aa27e7f;2026-09-23T00:53:28.118606+00:00;false
LOC-0127;LOC-0042;CAR;2026-08-17T07:00:00+03:00;OK;469;8;2785;LOCAL_VALHALLA_MATRIX;5521a26d910c7de7f41828bff2504edab19cf3e54a2c8a2a7a2da361f67a5235;4f00a9573897b0dfd29f6c227b5ce3b5da715c19ea60eab3c345fb085a5db912;2026-09-23T00:53:28.118606+00:00;false
LOC-0127;LOC-0043;CAR;2026-08-17T07:00:00+03:00;OK;1349;23;9498;LOCAL_VALHALLA_MATRIX;c10e36f01915c3eb73c05c69d1dd8704e964ef4670ecb297071ab54e6a1bf2a3;71a5ddb4b1f2211ead12a0975a91f2025dede110628c619ead87b6f77faef27f;2026-09-23T00:53:28.118606+00:00;false
LOC-0127;LOC-0046;CAR;2026-08-17T07:00:00+03:00;OK;845;15;5213;LOCAL_VALHALLA_MATRIX;e9965d13d45c916e284d264e1fec898df3adec682651a83b9f98c3a22d23d840;a2af8025b980b230543c341e8c79f74fb60421e8f749aa5899cc7cbc4a02bc3a;2026-09-23T00:53:28.118606+00:00;false
LOC-0127;LOC-0052;CAR;2026-08-17T07:00:00+03:00;OK;731;13;3934;LOCAL_VALHALLA_MATRIX;6a73103a5163d03023ecc49724f40f9e01666ae332eeca53d4669cb552fad4ef;4db8cf1b84cda68f93a39fda4bdfe1943f9984260043f6fb27517686deb65024;2026-09-23T00:53:28.118606+00:00;false
LOC-0127;LOC-0055;CAR;2026-08-17T07:00:00+03:00;OK;1207;21;8247;LOCAL_VALHALLA_MATRIX;12e91f8ec6269572ad6cd532790a121bb64b5ebfed45c2085cc601a3d096db7f;8b38571fa676156bd38635923beaadf5a3a262f019f9fa0fcc5b7adb031d5294;2026-09-23T00:53:28.118606+00:00;false
LOC-0127;LOC-0056;CAR;2026-08-17T07:00:00+03:00;OK;1261;22;8309;LOCAL_VALHALLA_MATRIX;292f65407b5cae379b7266bc1bafc0b3117348e3a97f1f718bcfe87ee7cf0471;473c14495092b6833f264f959641b8d1c2e72ce10ba43757ceb2d6e965c9fe40;2026-09-23T00:53:28.118606+00:00;false
LOC-0127;LOC-0068;CAR;2026-08-17T07:00:00+03:00;OK;892;15;5710;LOCAL_VALHALLA_MATRIX;1de0a6762f5af3a7c260b364c88e3dc9f1cfad0616c3aa5ce508a2e3da6d4fde;89a5fa6d74ab127101560e5978af406e898cfb1cb89b5e3b45b479403cd0214c;2026-09-23T00:53:28.118606+00:00;false
LOC-0127;LOC-0079;CAR;2026-08-17T07:00:00+03:00;OK;1495;25;9787;LOCAL_VALHALLA_MATRIX;c2dc76493d74e807e2410a5d043e725848886db5ed1242673e1131084f9e95af;e312df770d48321753b0dea58d2ce48f38f6b337dc356c0ce30cee85926cd3dd;2026-09-23T00:53:28.118606+00:00;false
LOC-0127;LOC-0084;CAR;2026-08-17T07:00:00+03:00;OK;1371;23;8966;LOCAL_VALHALLA_MATRIX;4923b39fce24761017ca00ad637e66dff4a9a9200eb1642b37035a96afe71871;3c8e29dae3aae2c6181400cd123402c5c2818f41e24300c9c8accde3ab2e63f3;2026-09-23T00:53:28.118606+00:00;false
LOC-0127;LOC-0087;CAR;2026-08-17T07:00:00+03:00;OK;1555;26;10226;LOCAL_VALHALLA_MATRIX;8bb4268ddbc406bd30b4a3411fdee5c8f53ac197addceb1ce48126b2d873d1e9;3fd2ab01b342d0c3979e44bf396cc8fbe8825ac726f8190efdcd9ebf935219b0;2026-09-23T00:53:28.118606+00:00;false
LOC-0127;LOC-0105;CAR;2026-08-17T07:00:00+03:00;OK;1471;25;10003;LOCAL_VALHALLA_MATRIX;b938a3dc1aaf3bca859bda9490d502530e79a9aefe7eabf0cee65ae9c34a5668;38ecd3daf653779c8d586717aac3a9274a32e5770063191da9ed23a563d89164;2026-09-23T00:53:28.118606+00:00;false
LOC-0127;LOC-0108;CAR;2026-08-17T07:00:00+03:00;OK;331;6;1556;LOCAL_VALHALLA_MATRIX;c1a61783069f082f10f45cb9383b1257dfc6c9d08ccd018e4b5e7c6372b01614;7e158064ce74c5fb083893bb168dcec61d0b3df44b509d1e63ba7f1c580e250f;2026-09-23T00:53:28.118606+00:00;false
LOC-0127;LOC-0109;CAR;2026-08-17T07:00:00+03:00;OK;1255;21;8454;LOCAL_VALHALLA_MATRIX;c619822be31ddc2793b2711edb1d609a911ae030895611f0113888d833673cf9;46869b2a7ea44594fa680a4cab235ea3ffb48e7bc750245725bff4e3bb768eb1;2026-09-23T00:53:28.118606+00:00;false
LOC-0127;LOC-0114;CAR;2026-08-17T07:00:00+03:00;OK;722;13;4480;LOCAL_VALHALLA_MATRIX;b8eb9674f313f5734d097cdd3c282b3ade2fac93ef7951ce86363871bad73787;2d6555aed419b73f434f62dab98d1fa51a6ec848cef4d15881fcd8b4f0c23600;2026-09-23T00:53:28.118606+00:00;false
LOC-0127;LOC-0116;CAR;2026-08-17T07:00:00+03:00;OK;263;5;1140;LOCAL_VALHALLA_MATRIX;a725065a663c87f737545bfce34a714d940fa321d623d361d4231d4742f00b4c;c8e8c697875658728d82c85bb929c933d5696868e45d2f14ba33f64d17b6e25f;2026-09-23T00:53:28.118606+00:00;false
LOC-0127;LOC-0117;CAR;2026-08-17T07:00:00+03:00;OK;267;5;1113;LOCAL_VALHALLA_MATRIX;37c4cb0648b17c0f22e1dc64672bd213b551ca70c73ec4c21d75f014b80da26d;5da9c219001fb310ffe474b1a9519fb28e974eea56416dbf643dda000df57e4d;2026-09-23T00:53:28.118606+00:00;false
LOC-0127;LOC-0119;CAR;2026-08-17T07:00:00+03:00;OK;1342;23;9212;LOCAL_VALHALLA_MATRIX;54e032c67eab58494490100d3e9c9cb7d6dbd1922ac5a6ffe6d3ad37c45ed595;af143c4d80f2882fabe2854b1becbde610d92621d3235964c569898c5bc626f6;2026-09-23T00:53:28.118606+00:00;false
LOC-0127;LOC-0120;CAR;2026-08-17T07:00:00+03:00;OK;1277;22;8525;LOCAL_VALHALLA_MATRIX;ea62b8e75dc73ee069fb985abf48366ae7ba7c57777f4818041b4815df554db0;51c7fa181313ca4d500287aadfbfb89a44ba4a208b9798de0cb329b650ae9dc8;2026-09-23T00:53:28.118606+00:00;false
LOC-0127;LOC-0121;CAR;2026-08-17T07:00:00+03:00;OK;1388;24;9706;LOCAL_VALHALLA_MATRIX;80d2648953d655d7cf14524c781767c9f6b84c748baa10e21c80b8ae72699b00;42aa8d280c3da431d9d8ceccfc6692963dddbe9059b004765b1fb1359d9ab10f;2026-09-23T00:53:28.118606+00:00;false
LOC-0127;LOC-0127;CAR;2026-08-17T07:00:00+03:00;OK;0;0;0;LOCAL_VALHALLA_MATRIX;67be2a085ab4b981f658f90178f85a8d2810c5daa8e84b7aa6b29e8ded6a7d2a;3d5812abc84c11768aa73a732c85d75dbed439188f5bb3239e9b762ea31d9862;2026-09-23T00:53:28.118606+00:00;false
LOC-0127;LOC-0131;CAR;2026-08-17T07:00:00+03:00;OK;676;12;3955;LOCAL_VALHALLA_MATRIX;37f1a9c830e4db82cf3e1147997408b098765fb86f39cfd55139f91be7ef2924;cfa8bed9d49fc2d518eface4881d0edb05b26a6dc5cf465205a7d1cfd379ef5d;2026-09-23T00:53:28.118606+00:00;false
LOC-0127;LOC-0132;CAR;2026-08-17T07:00:00+03:00;OK;815;14;5244;LOCAL_VALHALLA_MATRIX;1480206817c84b039656b486551feccdfb2313b734de1ae2494fd6b276407cca;5d755548ea67a31b81e8a4835bf8f31cd8284b201f8ddddde4ed31d3ffba2ee2;2026-09-23T00:53:28.118606+00:00;false
LOC-0127;LOC-0138;CAR;2026-08-17T07:00:00+03:00;OK;294;5;1529;LOCAL_VALHALLA_MATRIX;d7b2f879dfaa51f4b10854d1b9e5bddb7fba8dd6e4e1f47f784b97b4e9cf2f43;939c9dd0ec12e6587a0047a7de5c58216c448944973229bafd500e1f92b7eeb8;2026-09-23T00:53:28.118606+00:00;false
LOC-0127;LOC-0143;CAR;2026-08-17T07:00:00+03:00;OK;1766;30;12515;LOCAL_VALHALLA_MATRIX;08788165693c759a21b9c4ff5d4f65418c327d10c1217a8058c400d592068bfb;69e260ddb9508e7f8d5c8ceca36837d46d8a0acda79453a996cfff73e6e117fe;2026-09-23T00:53:28.118606+00:00;false
LOC-0127;LOC-0144;CAR;2026-08-17T07:00:00+03:00;OK;1427;24;9580;LOCAL_VALHALLA_MATRIX;944b3230e96a76f6b08e2baa443d7f6b340d989e82f2a729f1c7be4ce5586d36;fb5958652a2db3685dda7f70cac5f102eaf75ee8aa60f8c910d38d5c8e26fafa;2026-09-23T00:53:28.118606+00:00;false
LOC-0127;LOC-0146;CAR;2026-08-17T07:00:00+03:00;OK;1344;23;8918;LOCAL_VALHALLA_MATRIX;6707ad3ca91615b0e9d77a771e15170b41cfe00375376b5a6cbafce00edb36f6;28cf81724e9334933882aa4da51dd1622f1c218c4c009523fc4aa80227659261;2026-09-23T00:53:28.118606+00:00;false
LOC-0127;LOC-0154;CAR;2026-08-17T07:00:00+03:00;OK;1444;25;9752;LOCAL_VALHALLA_MATRIX;3e358d2799ead4ef505059c06e7bd50b6ea5c036aeb016a27e26a6da2a593e98;1463b76fd12457eea697c39ba4be6cbb7a1367ac5f344957ca1e26646710d729;2026-09-23T00:53:28.118606+00:00;false
LOC-0127;LOC-0188;CAR;2026-08-17T07:00:00+03:00;OK;1060;18;6924;LOCAL_VALHALLA_MATRIX;aa5f5d261e9f534e7367e54716509f027b8a4951d71ba41c5b4f77b5f463b0a6;f0648174ee9cd66269fe97659e54507436056b898d148ac262dc5a7e16eda6a8;2026-09-23T00:53:28.118606+00:00;false
LOC-0127;LOC-0191;CAR;2026-08-17T07:00:00+03:00;OK;1869;32;12555;LOCAL_VALHALLA_MATRIX;1415277a98f317e9c8232f39362a5b65bf38ade147169231effe057c6fb3c72d;9751ed1bbc708ed943fe9eef86826c0a125c7e64a5c9f31e7781d37a1bf809be;2026-09-23T00:53:28.118606+00:00;false
LOC-0127;LOC-0193;CAR;2026-08-17T07:00:00+03:00;OK;1002;17;6369;LOCAL_VALHALLA_MATRIX;992f3f74b28d85e938166e75b549b1b63e4ae6b66b92ba9d7d9d7ea35bff9c6c;5005a901896054db6ffc877e58f65d180af40e2c3fb8c7b58d422a549dc483bb;2026-09-23T00:53:28.118606+00:00;false
LOC-0127;LOC-0194;CAR;2026-08-17T07:00:00+03:00;OK;1084;19;6643;LOCAL_VALHALLA_MATRIX;104f494719b258cc1cefd41d5b480d15408babadecf665b73df1748381423c91;83d047352c229a2e03bbc9bf1d22d16b2c1657a865ec7b64d3b27e9f4302730c;2026-09-23T00:53:28.118606+00:00;false
LOC-0127;LOC-0195;CAR;2026-08-17T07:00:00+03:00;OK;1450;25;10145;LOCAL_VALHALLA_MATRIX;dec7d7ca99efbe9d645795d7e24b393654aaf7cc0adb74bcad63bc4f0d3ec0ab;7c517f0beb440fe829016eca41d703f31f177809fe287f771ac790fba8cc758f;2026-09-23T00:53:28.118606+00:00;false
LOC-0131;LOC-0001;CAR;2026-08-17T07:00:00+03:00;OK;1379;23;9331;LOCAL_VALHALLA_MATRIX;b443d746723390709d8f66d50e2b2d892eaaa6ed45e6e229367e71a53c89f371;46fe6c6e3390fd155583962f77dd0609a9fb7987c464ffbfb627468d58171649;2026-09-23T00:53:28.118606+00:00;false
LOC-0131;LOC-0007;CAR;2026-08-17T07:00:00+03:00;OK;1979;33;13301;LOCAL_VALHALLA_MATRIX;77cec72cdd067a43523feb88f3a47fe215704ebcf242c6dde529d592f498e325;98bdc93c5c93f33d3b5dfb903915792a6255f7d2c7a74bf40439c1f3550e494f;2026-09-23T00:53:28.118606+00:00;false
LOC-0131;LOC-0014;CAR;2026-08-17T07:00:00+03:00;OK;820;14;4576;LOCAL_VALHALLA_MATRIX;821ad8437f7bea6e52cd97af20391bfab428083f2eeef49bc14626ac30a49540;0f7d68b4c47d9034673735d51ffbb1b59e3076df8491521949589eea1c8755bc;2026-09-23T00:53:28.118606+00:00;false
LOC-0131;LOC-0015;CAR;2026-08-17T07:00:00+03:00;OK;772;13;4864;LOCAL_VALHALLA_MATRIX;3c53c1e7383a10d23a26644e139226e7e812b12f6270321d87d7516ae189d73d;bbae3769a36ace89f91db96a486b381e89e1363851287adf9ba92f5c191fae33;2026-09-23T00:53:28.118606+00:00;false
LOC-0131;LOC-0021;CAR;2026-08-17T07:00:00+03:00;OK;1605;27;10671;LOCAL_VALHALLA_MATRIX;ed2de42aea6cf732107e730c986300164ce7cde49b94b85e415c813016aa6d7d;cdad99eab6e23bb54e80e9552608c0507b7132d5f99b27c84cff54cef26c9165;2026-09-23T00:53:28.118606+00:00;false
LOC-0131;LOC-0022;CAR;2026-08-17T07:00:00+03:00;OK;1448;25;9019;LOCAL_VALHALLA_MATRIX;3f834d97ea275ca597f55fa3c1cc160606ecab5672a5e37d6c67f66f3183aef4;369fcb5c5265e381cec73ee6cb6698c040ad7f7f6e9af31665793e693fce2948;2026-09-23T00:53:28.118606+00:00;false
LOC-0131;LOC-0026;CAR;2026-08-17T07:00:00+03:00;OK;1636;28;10952;LOCAL_VALHALLA_MATRIX;fc2ff4d2e2dcfa73342a44078d36318d5e7b5e458b74ae3547098d409a5cc4ac;6b40eb98c0e52bfbfbe90d98d6be78a1df6a01a7923f6e971ac8b2781fd4b9e6;2026-09-23T00:53:28.118606+00:00;false
LOC-0131;LOC-0040;CAR;2026-08-17T07:00:00+03:00;OK;2214;37;14456;LOCAL_VALHALLA_MATRIX;8086fa7a18939dca9cac721691001fed7ae039f0ffb08124de1bea1da783edf3;ba75ae501e623a2a28759be9c903ac43271d8ba8097a31fc0c27c1cfbcbc576e;2026-09-23T00:53:28.118606+00:00;false
LOC-0131;LOC-0042;CAR;2026-08-17T07:00:00+03:00;OK;849;15;5115;LOCAL_VALHALLA_MATRIX;257ec26c65dddd3402f90bdf4ad10a89441e002fa213c681275eaf5d87017bff;3a172bdf325e3fa250f19b95a6e98e91cfe872806fb4f26e68d68501b773125c;2026-09-23T00:53:28.118606+00:00;false
LOC-0131;LOC-0043;CAR;2026-08-17T07:00:00+03:00;OK;1491;25;10091;LOCAL_VALHALLA_MATRIX;49e4c6e96aaa1344b9ac12d7bbd8bfcb3ac88ebdc6a8c51aed9ec8adfde4639a;a91f9f365c3dde3157ea8428c13d051daef92a5d7a6b13838e28edd9bd05c321;2026-09-23T00:53:28.118606+00:00;false
LOC-0131;LOC-0046;CAR;2026-08-17T07:00:00+03:00;OK;755;13;4380;LOCAL_VALHALLA_MATRIX;4321d377d88cdd863def69f32725f7848ac04f7cf537dcce713924498514a27b;271eb3cd326488931ddd291ed4c2dc1ce06c63aadb189d47221a24000cddf0a6;2026-09-23T00:53:28.118606+00:00;false
LOC-0131;LOC-0052;CAR;2026-08-17T07:00:00+03:00;OK;641;11;3101;LOCAL_VALHALLA_MATRIX;39b40ce479b2382ccb52cb8de7a204a20b8d20d3927844e862fbe4c78e55db36;2bfbda630f20ceed63b3cc88f190417efa8b997b9e0da9b1340f03c978e3b095;2026-09-23T00:53:28.118606+00:00;false
LOC-0131;LOC-0055;CAR;2026-08-17T07:00:00+03:00;OK;1293;22;8602;LOCAL_VALHALLA_MATRIX;c20dc362e766370f4708eaec3b46b4889d757467784c050455455ccbea84927c;d5d14f9abfc0be01a8b47e314b94f8a34dab83e02bde8ab1b3e5096e1c3ee72f;2026-09-23T00:53:28.118606+00:00;false
LOC-0131;LOC-0056;CAR;2026-08-17T07:00:00+03:00;OK;1347;23;8664;LOCAL_VALHALLA_MATRIX;17bece62379921374377707039fb152d4e76c7653ff069a59700124723493202;ace0916b0c32c0fdb0d77f520dc50c189233ed51cb8b10f6001e3e8b53c6e0dd;2026-09-23T00:53:28.118606+00:00;false
LOC-0131;LOC-0068;CAR;2026-08-17T07:00:00+03:00;OK;803;14;4877;LOCAL_VALHALLA_MATRIX;e0c993fb9c726cd4fcfb4135dcb22a0ae357ff2cc1fb00720d7282f4bad6d3a3;7e2e13f00629ea785eb6fcb5da73b029f6a68899a72f276a63227d03c0a43056;2026-09-23T00:53:28.118606+00:00;false
LOC-0131;LOC-0079;CAR;2026-08-17T07:00:00+03:00;OK;1399;24;7949;LOCAL_VALHALLA_MATRIX;4c8f1bf2b88bed0b112604d2ddfebe57bb54baee88dd50efc39fe4fa5d2f72d2;5f2e92e45e58a0840d4bdefb3be4b47aaf0b2a5e00a8b8478c7dc0a3e726a825;2026-09-23T00:53:28.118606+00:00;false
LOC-0131;LOC-0084;CAR;2026-08-17T07:00:00+03:00;OK;1513;26;9559;LOCAL_VALHALLA_MATRIX;af04e0c2d6349ccb5e895d6cb921f1e4d6144ea1574ea6e5082eb3fcf8e516e0;092b9adf71cc73f1d1b0c0771e73d0d7c6206a5b76223b88b84b4bdcd8ce11f7;2026-09-23T00:53:28.118606+00:00;false
LOC-0131;LOC-0087;CAR;2026-08-17T07:00:00+03:00;OK;1625;28;10414;LOCAL_VALHALLA_MATRIX;49466be3f4aebb4b00e2e610b6b6a97438601038131d3f83c4c13e24db8b8c89;6ca182d3ced4a1a079998f9da928a0a4de1a77fccc648bcbd8fa8f714eda3d15;2026-09-23T00:53:28.118606+00:00;false
LOC-0131;LOC-0105;CAR;2026-08-17T07:00:00+03:00;OK;1556;26;10358;LOCAL_VALHALLA_MATRIX;3901cdcfbaba8aba3ab4d0e4146700e82fd25ed34b62713019511807b13b077c;572970a1c616e660d7b25ee9e4159ee77423dcd24fab7c12b3a55a16f7ce98ca;2026-09-23T00:53:28.118606+00:00;false
LOC-0131;LOC-0108;CAR;2026-08-17T07:00:00+03:00;OK;578;10;2935;LOCAL_VALHALLA_MATRIX;a67fcfc8a4e6e24846121c68f74d1e3d7d5624e4ddff0d742fe095c08d7ffd92;94ed31f128d65da792176b1c0300ce78c5a9df5e19b126d36aa225272d1ee805;2026-09-23T00:53:28.118606+00:00;false
LOC-0131;LOC-0109;CAR;2026-08-17T07:00:00+03:00;OK;1398;24;9047;LOCAL_VALHALLA_MATRIX;e46fc7884bc4283e52cb7c51bf41c1c5fdff377cfdab178687056bfa808f738c;f86c6b428e00118dc1239b9841071d5b4de7724b679372279ae6e62b1e859db3;2026-09-23T00:53:28.118606+00:00;false
LOC-0131;LOC-0114;CAR;2026-08-17T07:00:00+03:00;OK;864;15;5073;LOCAL_VALHALLA_MATRIX;f30e1aa27fa52081138130963fb5d6df028b12f48f58ba9fcf4a1337eec400d1;6d8e1f471b5267767e6a2eca42b97321913b603a737a5354e8b4963eac839f28;2026-09-23T00:53:28.118606+00:00;false
LOC-0131;LOC-0116;CAR;2026-08-17T07:00:00+03:00;OK;574;10;3151;LOCAL_VALHALLA_MATRIX;5985097ce2f8ca7b42a1ee7a660f31c6363c17a63842675282f144c34a9e988c;6a8c22b2275fa6e2a588003698ed3718e75fea00b00fd3b0056716f509119890;2026-09-23T00:53:28.118606+00:00;false
LOC-0131;LOC-0117;CAR;2026-08-17T07:00:00+03:00;OK;623;11;3290;LOCAL_VALHALLA_MATRIX;6a0c55cab44b18541e9d0e62ebff1379bcd15b1da219e86859b2143251c317ff;76cb6606b3785399cf3faaef15f4afbf5f8b9e06870e29dfdf9460fec5a0af84;2026-09-23T00:53:28.118606+00:00;false
LOC-0131;LOC-0119;CAR;2026-08-17T07:00:00+03:00;OK;1484;25;9805;LOCAL_VALHALLA_MATRIX;28b06b053981992c45bf7dea02dd2c8050dd4ba8e529a9957124f27963df4cf5;c71be138a60df0b56aa7252a304159d4e308ed6a117b6fd9a0e0d2c291b751a1;2026-09-23T00:53:28.118606+00:00;false
LOC-0131;LOC-0120;CAR;2026-08-17T07:00:00+03:00;OK;1363;23;8880;LOCAL_VALHALLA_MATRIX;ca49e3e7d80bd3b583fb40b227e50580d13b29dca4bec749e3ca212059dbdde1;fc3c5978f32e77ecb5c51fa319d3943cea3a9b6436006932c02fea42c6683568;2026-09-23T00:53:28.118606+00:00;false
LOC-0131;LOC-0121;CAR;2026-08-17T07:00:00+03:00;OK;1531;26;10299;LOCAL_VALHALLA_MATRIX;bad0c6df4f101740e28de068dd74a936f1223a3aa7df6bbcaeab1ddf5c9b2a99;346258988573f6782cb018dc61ed9cfe720fc00c843b1ba966bb8d497cf4971e;2026-09-23T00:53:28.118606+00:00;false
LOC-0131;LOC-0127;CAR;2026-08-17T07:00:00+03:00;OK;558;10;3507;LOCAL_VALHALLA_MATRIX;5ecffcd9e221b53ce4fae14054e8b09556153eadadec76185d9ea8536b93f250;0bb3a7123ed9c0d03efabfc5a781633019917b003527e6a642da09ee0da0bbc3;2026-09-23T00:53:28.118606+00:00;false
LOC-0131;LOC-0131;CAR;2026-08-17T07:00:00+03:00;OK;0;0;0;LOCAL_VALHALLA_MATRIX;2e44cfd362e860c7d92f96408b979c8578284f37b2c962e27156c30704367345;3d5812abc84c11768aa73a732c85d75dbed439188f5bb3239e9b762ea31d9862;2026-09-23T00:53:28.118606+00:00;false
LOC-0131;LOC-0132;CAR;2026-08-17T07:00:00+03:00;OK;726;13;4411;LOCAL_VALHALLA_MATRIX;3b39ff4c7ad36a16313eab1f2138c336c40c0b84be2c88b273b3acd718fa2ad8;c512541b5f4bdb825b839a332b0ede724c9c764c53c45a7b73f85b468059234b;2026-09-23T00:53:28.118606+00:00;false
LOC-0131;LOC-0138;CAR;2026-08-17T07:00:00+03:00;OK;675;12;3859;LOCAL_VALHALLA_MATRIX;9ba0fa1e3bcab24c846123ca3083fd383a4fc86000a181a3d2c6225017bf9ac9;7780acd15eb79a74b02f97ae28533eead9cb238e01642a63be28debecfe504e7;2026-09-23T00:53:28.118606+00:00;false
LOC-0131;LOC-0143;CAR;2026-08-17T07:00:00+03:00;OK;1909;32;13108;LOCAL_VALHALLA_MATRIX;e369e4028a2fb5d1a410e5e3fa900b3abedb9019949704006defc99a79becd7e;238d0cfde0575253bdd523a46ef5bab44590ef9f8d19a398d8cae2e1c66c46da;2026-09-23T00:53:28.118606+00:00;false
LOC-0131;LOC-0144;CAR;2026-08-17T07:00:00+03:00;OK;1570;27;10173;LOCAL_VALHALLA_MATRIX;c526a124f7b44176618aebe2aa2c068493cb752397d092c9e42a8bf788aa548f;24137e7e1a200c8686a17775a310cebe36c6fb5deac2171c66614221790ca0a3;2026-09-23T00:53:28.118606+00:00;false
LOC-0131;LOC-0146;CAR;2026-08-17T07:00:00+03:00;OK;1430;24;9273;LOCAL_VALHALLA_MATRIX;74be69052b853ecffd8c2c987d5f61eb8ed420bc8146a38eedb04682c0358207;5c7d6472b640682b026502bde97e75f6ae27c863a482d153d3aae00498fa7475;2026-09-23T00:53:28.118606+00:00;false
LOC-0131;LOC-0154;CAR;2026-08-17T07:00:00+03:00;OK;1530;26;10107;LOCAL_VALHALLA_MATRIX;d17b944dfa23e1035af40ef010072e55b7a495348a63513b22aec64a41e4a2ef;98a1becc74b812387559f7a839ddf901d12ec773beaff986ed00fdadf89e7160;2026-09-23T00:53:28.118606+00:00;false
LOC-0131;LOC-0188;CAR;2026-08-17T07:00:00+03:00;OK;1203;21;7517;LOCAL_VALHALLA_MATRIX;260cf8447924fd827d635087afe9833c7f4ce9fa41b5522543d2f7ca5a1d86f1;1fa3a2665ea5622b3351442155c18dc8e8983376fe6e40d41931e55ac13650f4;2026-09-23T00:53:28.118606+00:00;false
LOC-0131;LOC-0191;CAR;2026-08-17T07:00:00+03:00;OK;2011;34;13148;LOCAL_VALHALLA_MATRIX;f60c21d8436c649428b13d74a8b4ffbd68ce8188ef34b3d3da1eebd0bab57347;a2684a6045bba759d7dcf8163099785c510ad4d1d0474df0892289e9b9694dd7;2026-09-23T00:53:28.118606+00:00;false
LOC-0131;LOC-0193;CAR;2026-08-17T07:00:00+03:00;OK;1000;17;6037;LOCAL_VALHALLA_MATRIX;6d83b5958bb1b0a75c24918ba6c643d6f20fe46c2ea166ee7ee13aa70df1a9c7;9f23e95e68c10deb256f9300b8edeb995e68fbf4bc5d5a48f0cb3e7732638ccb;2026-09-23T00:53:28.118606+00:00;false
LOC-0131;LOC-0194;CAR;2026-08-17T07:00:00+03:00;OK;1081;19;6311;LOCAL_VALHALLA_MATRIX;16fd2d3f554f0c74498bfb3cb7a2fe490b45d0f05e2a08d9f833c34597649d2f;a7b2d4abcc40b97b78a9b2854d45cf51a5c30eaefd65f4a4252d2cd1959210dd;2026-09-23T00:53:28.118606+00:00;false
LOC-0131;LOC-0195;CAR;2026-08-17T07:00:00+03:00;OK;1536;26;10500;LOCAL_VALHALLA_MATRIX;374bc261e2270f3afe9fb0c935e0e5ffb73c37e4dfc2fdf22a12c22173d0fbca;b6073aaedf87952482db356fa2da019bea6713e6878054587217d251c965df03;2026-09-23T00:53:28.118606+00:00;false
LOC-0132;LOC-0001;CAR;2026-08-17T07:00:00+03:00;OK;1657;28;11746;LOCAL_VALHALLA_MATRIX;1edb8128d7fb202113777e596e0753addde754930759696372e71558953c20a1;8c469437a2fd4f38d47bf5f1d0bc6d8937d2077898b9dc7ae75e2c8583f5ad1b;2026-09-23T00:53:28.118606+00:00;false
LOC-0132;LOC-0007;CAR;2026-08-17T07:00:00+03:00;OK;2219;37;16476;LOCAL_VALHALLA_MATRIX;9d0becc651f37c6ae4c3c35ce56210992a71eb6e099a398fff022798f1dae049;a01f826ab13226c62cc0392bdf598e1bc10c1a26220553b22a19b95c89aa2b6c;2026-09-23T00:53:28.118606+00:00;false
LOC-0132;LOC-0014;CAR;2026-08-17T07:00:00+03:00;OK;920;16;5366;LOCAL_VALHALLA_MATRIX;b135552bade82d88c01dc2af32453b0223519b65e3ebb1702a36d2c118eedc4b;0c89620da96a032046c8722e961bee5e7eb1d30adb941b1fdd19439975049b81;2026-09-23T00:53:28.118606+00:00;false
LOC-0132;LOC-0015;CAR;2026-08-17T07:00:00+03:00;OK;955;16;6515;LOCAL_VALHALLA_MATRIX;b79b76ce4aaf0a477c7ce2bdcff8321fb16f0496d3d243e2a8802091516615e7;15162f3b86042a60281891e1f647eca50c9a9c19e05ea6decc1427dfcb02ab60;2026-09-23T00:53:28.118606+00:00;false
LOC-0132;LOC-0021;CAR;2026-08-17T07:00:00+03:00;OK;1882;32;13086;LOCAL_VALHALLA_MATRIX;d2c62b1affb48ec6cb7228e35d0da43c848523614c4269caba7bbca749b8eb6d;4c4b9c00797d89dc29c80b0d3b69bef43d11f519c954b52e3b58f5cd89096024;2026-09-23T00:53:28.118606+00:00;false
LOC-0132;LOC-0022;CAR;2026-08-17T07:00:00+03:00;OK;1726;29;11434;LOCAL_VALHALLA_MATRIX;a13142eddf73a4cf47cd0df04b3bf3020da101bcf583c3e47c7a2c11b479bb51;eb0d78aa7a88d6c684c551eb51e58b7b6e3c2b8f381bb37c4cf5eabeeb690cf8;2026-09-23T00:53:28.118606+00:00;false
LOC-0132;LOC-0026;CAR;2026-08-17T07:00:00+03:00;OK;1670;28;10783;LOCAL_VALHALLA_MATRIX;2d03e2fc17769daafdd28f72ed2ad530d4e6d7f6d0eff743e9990dfaeffc56fb;bcc1100e5db65a6de2e0f168970cb98498ddc3942760c0752479ee8fab72b83d;2026-09-23T00:53:28.118606+00:00;false
LOC-0132;LOC-0040;CAR;2026-08-17T07:00:00+03:00;OK;2222;38;15876;LOCAL_VALHALLA_MATRIX;e7140f4e645e35ab290bc03f186332385473fd4a712f0f0672c06c7c96fed68c;25514713d4bdae6d17f7192e3eb08d95dadd6c6f85500e61d3d18dc274a29224;2026-09-23T00:53:28.118606+00:00;false
LOC-0132;LOC-0042;CAR;2026-08-17T07:00:00+03:00;OK;1032;18;6766;LOCAL_VALHALLA_MATRIX;6bd0ee67b531fd9cc5f92450a5735591ad5d0f1ad22e7af45f10d20f37bbeef7;a83dfd353634931db58b01c45c30760490497181727cb9fb12cfc59d770eb091;2026-09-23T00:53:28.118606+00:00;false
LOC-0132;LOC-0043;CAR;2026-08-17T07:00:00+03:00;OK;1526;26;9922;LOCAL_VALHALLA_MATRIX;e0feb9e7c06f5d738d504af6532236660846d3658ec05bfa369a283e729243b1;c7cb5fcbd9f21e0da6a1eae4e42de84024bf69d9a72f87181311d6715b9be655;2026-09-23T00:53:28.118606+00:00;false
LOC-0132;LOC-0046;CAR;2026-08-17T07:00:00+03:00;OK;349;6;1187;LOCAL_VALHALLA_MATRIX;3a81294dcbf7fc70c52618983f0d846f8b22075a229d6bc5be737f793e187e77;fdce5ab92a3319a8f232dbd86e1d56816294c0401d1686c793543db2cee963fe;2026-09-23T00:53:28.118606+00:00;false
LOC-0132;LOC-0052;CAR;2026-08-17T07:00:00+03:00;OK;409;7;1899;LOCAL_VALHALLA_MATRIX;52d1263100c48ad2d86ff32abca7e5f9a24d267d7178a33517b67bb9023b4303;7b8ff662a44d260597e49ea553758e264277de6dbb1877c7990065bd186859b2;2026-09-23T00:53:28.118606+00:00;false
LOC-0132;LOC-0055;CAR;2026-08-17T07:00:00+03:00;OK;1478;25;9385;LOCAL_VALHALLA_MATRIX;1cde7cd46b3801b5c85776e8add3310571777b6724de6095b9b96925865de886;4f06fce042387f0cec12b6c40bff886f4489bbf9cbce2244e71d81dceeb5ef57;2026-09-23T00:53:28.118606+00:00;false
LOC-0132;LOC-0056;CAR;2026-08-17T07:00:00+03:00;OK;1532;26;9447;LOCAL_VALHALLA_MATRIX;d74bb1a827fb99ce998a99ced369509c909209cc2f4c3cf37a0ddcf950552859;d293dbf40b374422c6f887e48ae5d2dfa5403eade89a0b7e4f9f214f2bbc45cb;2026-09-23T00:53:28.118606+00:00;false
LOC-0132;LOC-0068;CAR;2026-08-17T07:00:00+03:00;OK;147;3;660;LOCAL_VALHALLA_MATRIX;69ced4cc579e224f51d91af314b836f62d9962e87f559f8db8d57802f42834f3;e6b75fcf6f1fd0ddfb52b079d1f3f2017f4ed4ae5041d1162287851533d8aa5d;2026-09-23T00:53:28.118606+00:00;false
LOC-0132;LOC-0079;CAR;2026-08-17T07:00:00+03:00;OK;1356;23;8153;LOCAL_VALHALLA_MATRIX;78764389d076f7029d2154e5a028fe1d93dd0d7ce88b5a45dfeecb754d20b86f;55e01032792597cfd24040d2ba2612035742ab3b752ef169841ca2f06bad416c;2026-09-23T00:53:28.118606+00:00;false
LOC-0132;LOC-0084;CAR;2026-08-17T07:00:00+03:00;OK;1547;26;9390;LOCAL_VALHALLA_MATRIX;7f4f6e2f451e13b0e423bf2fbacca2e6269d2d2623b746d91d66ec4eb80e7bf0;a3eb61de18952567eddffa0a43bb3067dcb86f1250c41efab24edd90f4d6d435;2026-09-23T00:53:28.118606+00:00;false
LOC-0132;LOC-0087;CAR;2026-08-17T07:00:00+03:00;OK;1731;29;10650;LOCAL_VALHALLA_MATRIX;6a6760a17f3da9cc5b8b8da7cac1a88efd2c96b9baa262a9573ed1d21c4dc60c;56c906c8d94791837361ab2aacc4dfa7183f4b7414b9ebbb237e1a44f075826c;2026-09-23T00:53:28.118606+00:00;false
LOC-0132;LOC-0105;CAR;2026-08-17T07:00:00+03:00;OK;1834;31;12773;LOCAL_VALHALLA_MATRIX;42b3ee75a35ec4645def973ef928783de8943e1ce178738a517c1b97ba83813a;f3d0dd19475f33fe56d7f507c04e31bc1c18d4fa5f7a6eabe77481b4a8088b18;2026-09-23T00:53:28.118606+00:00;false
LOC-0132;LOC-0108;CAR;2026-08-17T07:00:00+03:00;OK;776;13;4807;LOCAL_VALHALLA_MATRIX;fe2d35007be00a2f5f0312c541c9dc565b306f6c3a76a0651713083f095f36dd;6020a1eb138a25e4f4f042b64d1af55a341a5166b6d508d9287d055e86b9af24;2026-09-23T00:53:28.118606+00:00;false
LOC-0132;LOC-0109;CAR;2026-08-17T07:00:00+03:00;OK;1432;24;8878;LOCAL_VALHALLA_MATRIX;bd960d48623da28086efc3d86ac49138bdb26b71572c97533686795da3d5629b;e5d95d6405b329b414dc6233e7a8bb1f44065e128c21dedc18aa8277980dda6c;2026-09-23T00:53:28.118606+00:00;false
LOC-0132;LOC-0114;CAR;2026-08-17T07:00:00+03:00;OK;997;17;6387;LOCAL_VALHALLA_MATRIX;bf302151f10a8128cb9fce6a43d9d84146de9e1f58088b51b86a55a952c60a4f;e90d9bd89e6370463b6105a0ef4228a986c2a380d5d284d124b016cd0f588d86;2026-09-23T00:53:28.118606+00:00;false
LOC-0132;LOC-0116;CAR;2026-08-17T07:00:00+03:00;OK;827;14;5121;LOCAL_VALHALLA_MATRIX;ea83d9cd991d4c9389ad70fcdbbe7eb27ed6158fdde6db4e1b9458685d69d9d0;72165e5a2af81e2d2f1ad42cf6e73f941d699005d2a06423ba2a78be5e9ebd00;2026-09-23T00:53:28.118606+00:00;false
LOC-0132;LOC-0117;CAR;2026-08-17T07:00:00+03:00;OK;831;14;5094;LOCAL_VALHALLA_MATRIX;d1129b8ad6270fd94fb9eaa1cee34e538990e71e780d764c32748c0653e5a0a3;564a1277212587a64e0c629cd92c81ab36d436705e84f2a53456de1ce7e08f8f;2026-09-23T00:53:28.118606+00:00;false
LOC-0132;LOC-0119;CAR;2026-08-17T07:00:00+03:00;OK;1518;26;9636;LOCAL_VALHALLA_MATRIX;b119d16587607cc0268d4c484af080423b1a13366fa36b28dee6a62e5a6e6702;e2927897b09ddf27eadea06434a9a159eb0397a9346819b56ef5cf92f0a1f22b;2026-09-23T00:53:28.118606+00:00;false
LOC-0132;LOC-0120;CAR;2026-08-17T07:00:00+03:00;OK;1641;28;11295;LOCAL_VALHALLA_MATRIX;c9de84d17cae210ea74afc17cec9bf143fd60d1d0a03812d28b1ff58b5a78d62;852dce28efb567e8f76bdcb1d5601d8cdd65093fc3760c66d024e4cb5f41b946;2026-09-23T00:53:28.118606+00:00;false
LOC-0132;LOC-0121;CAR;2026-08-17T07:00:00+03:00;OK;1565;27;10130;LOCAL_VALHALLA_MATRIX;ac9155f9acff9c8d6c1362faaabc17e9629a9d35ecbdec440e79cfa8f89d82ec;5e43605c80582e003d2079fd71fd533935e0587fd031a938c2ac2f5ca0cac3b1;2026-09-23T00:53:28.118606+00:00;false
LOC-0132;LOC-0127;CAR;2026-08-17T07:00:00+03:00;OK;659;11;4297;LOCAL_VALHALLA_MATRIX;d64cf77ab4c66612658e2d168d858a7ea8fdd9db36e7020b8802a7fe6e52f4cf;c348beac5ad778f6fe5a02b636eb64dd45edf251996b3eabf34b509fd22c0fef;2026-09-23T00:53:28.118606+00:00;false
LOC-0132;LOC-0131;CAR;2026-08-17T07:00:00+03:00;OK;802;14;5126;LOCAL_VALHALLA_MATRIX;b4bc392987850c8065bdde358e364fe42695c5711bf229916f6508013629220b;08851064a76f491e92cd68d9a8441413d2b5013eefc87b5b934f37af1077e0b5;2026-09-23T00:53:28.118606+00:00;false
LOC-0132;LOC-0132;CAR;2026-08-17T07:00:00+03:00;OK;0;0;0;LOCAL_VALHALLA_MATRIX;a0d88ffec4740cca3120eb03479b9d7deddfc6e9a2ae64d9f128db1f4d9e5fb1;3d5812abc84c11768aa73a732c85d75dbed439188f5bb3239e9b762ea31d9862;2026-09-23T00:53:28.118606+00:00;false
LOC-0132;LOC-0138;CAR;2026-08-17T07:00:00+03:00;OK;858;15;5510;LOCAL_VALHALLA_MATRIX;5170a9e5d94b5c3bae203310897fa35729776c9f5634c6bf38d9f2368aaf1175;f896283238ec20ff61beeab1f516086597d8ada56b39571bdaca12903959001a;2026-09-23T00:53:28.118606+00:00;false
LOC-0132;LOC-0143;CAR;2026-08-17T07:00:00+03:00;OK;1943;33;12939;LOCAL_VALHALLA_MATRIX;6d6c8f087de222ae0b23bed4c076628b1cc835262a4fa7cb97f7d2576adfbf6d;7057dd9c67e05cd8c6f6187720e9970c9d309688ecac07541f762859a83bf1c2;2026-09-23T00:53:28.118606+00:00;false
LOC-0132;LOC-0144;CAR;2026-08-17T07:00:00+03:00;OK;1604;27;10004;LOCAL_VALHALLA_MATRIX;fe8cc6079dea8c8a65f544fd08b4171c0f071ce6281c1b98d318107f0d7654c0;3f8661a2694443aceec8696f59a9b49bc5d3f20ca3875c13478da8663db0a18b;2026-09-23T00:53:28.118606+00:00;false
LOC-0132;LOC-0146;CAR;2026-08-17T07:00:00+03:00;OK;1615;27;10056;LOCAL_VALHALLA_MATRIX;491db906b1f95005a5ded5f95828e7c450e1264e52d7084093ccd55b1199a198;dd2d292aa0b1a425b899d08f2700a558e5bf4f3c9cef912cbb455090f79da5e0;2026-09-23T00:53:28.118606+00:00;false
LOC-0132;LOC-0154;CAR;2026-08-17T07:00:00+03:00;OK;1807;31;12522;LOCAL_VALHALLA_MATRIX;cf3cf2051aa380027a91f71efe2d7859404a99d634ab9879fec312085b4b10d1;ef0c47f3dcc23f63efeb3f764890da7c73cc39729cfd90a8a90044160f35b0bb;2026-09-23T00:53:28.118606+00:00;false
LOC-0132;LOC-0188;CAR;2026-08-17T07:00:00+03:00;OK;1237;21;7348;LOCAL_VALHALLA_MATRIX;829a41f63f62b15ef5d9509248b998ad7d4858d842860a40e2eb7631b2a0a9f6;ac439e11f1ede61300248292efd6cd5f24b023c1944b7d9c4d2f1918696c4910;2026-09-23T00:53:28.118606+00:00;false
LOC-0132;LOC-0191;CAR;2026-08-17T07:00:00+03:00;OK;2045;35;12979;LOCAL_VALHALLA_MATRIX;ed636ac1085927c7ef1e68ca0782ab7dfe70ce8886303bb36f15e9ab42c43e78;95791e5ee828fb89a75927cc57cf37841bc139d97cf6878f18446759f7a9cbf5;2026-09-23T00:53:28.118606+00:00;false
LOC-0132;LOC-0193;CAR;2026-08-17T07:00:00+03:00;OK;360;6;1975;LOCAL_VALHALLA_MATRIX;dee5d7d4c6900d52483955ce61ee1815ea79316420efb6cc320e78da6667e9f4;f221b36372d800167d6ab1c9fd145f1aa7b704724049eaac92bf0ed9e6b6b208;2026-09-23T00:53:28.118606+00:00;false
LOC-0132;LOC-0194;CAR;2026-08-17T07:00:00+03:00;OK;487;9;2525;LOCAL_VALHALLA_MATRIX;e0afae04180d0d35f66003a161ec1c6f4d023d6ac5b61031be307577ebf8fa6d;f4c141388e519c771272ef313d686825fbed795a828d59affa8121705bf76df1;2026-09-23T00:53:28.118606+00:00;false
LOC-0132;LOC-0195;CAR;2026-08-17T07:00:00+03:00;OK;1814;31;12915;LOCAL_VALHALLA_MATRIX;84a55c649bf9626c22ab44f50ef96fb1a79a0cc922a0f3fdd8404b269d388d76;9fb0f0d4da47408601d3ec5db88bb38ae306295cede374192e66c3d4940d0e88;2026-09-23T00:53:28.118606+00:00;false
LOC-0138;LOC-0001;CAR;2026-08-17T07:00:00+03:00;OK;1149;20;7500;LOCAL_VALHALLA_MATRIX;935074adc2d4c7043ad4467d96ff38f52fadab91e8ed25e648af465e7704fb18;18fbd63794bb2676b6226690a9d23483b880e7268a5c2392815596c55f05f210;2026-09-23T00:53:28.118606+00:00;false
LOC-0138;LOC-0007;CAR;2026-08-17T07:00:00+03:00;OK;1704;29;11594;LOCAL_VALHALLA_MATRIX;4682fe5d674cb77f6bbbdb0c313eb0decaab668b9115dc733da42dc89fbe84c3;dbd71ed3c45cee9be51d5844817449089791092663489d429df1079273c0d461;2026-09-23T00:53:28.118606+00:00;false
LOC-0138;LOC-0014;CAR;2026-08-17T07:00:00+03:00;OK;406;7;1550;LOCAL_VALHALLA_MATRIX;4a3ca47dbb1e8211e0b754ecef377a14ce52a4f33da0606e8f2247fd434eb2b2;9dce1aa01a03e6f749dc0d541b5065fc3369706cedacc7f440f948460060cb05;2026-09-23T00:53:28.118606+00:00;false
LOC-0138;LOC-0015;CAR;2026-08-17T07:00:00+03:00;OK;273;5;1448;LOCAL_VALHALLA_MATRIX;37d40a2ec5ce7c19fcf44ade1865f81c978db5cd0f971a6fd8934f14c2e08e44;eff1f92a036da0bb750179d5831bb4d5f27b19f8c8f7569e7568e07f933a0f05;2026-09-23T00:53:28.118606+00:00;false
LOC-0138;LOC-0021;CAR;2026-08-17T07:00:00+03:00;OK;1375;23;8840;LOCAL_VALHALLA_MATRIX;a17cb11769b3343b07dca86438d25b755360ee478791b4f2ee60c10c0692d908;49d71d74b44fa45639db59070957225f40441468aaa3e041195339c9187b182a;2026-09-23T00:53:28.118606+00:00;false
LOC-0138;LOC-0022;CAR;2026-08-17T07:00:00+03:00;OK;1219;21;7188;LOCAL_VALHALLA_MATRIX;824a18043c4001be8addd676f60a250fac9fbf32b478004ee5467cbdce25f873;650d60fbd663964e14dddc4cdc136a5d7337ec0b38f97df90e8598b19e29421a;2026-09-23T00:53:28.118606+00:00;false
LOC-0138;LOC-0026;CAR;2026-08-17T07:00:00+03:00;OK;1361;23;9245;LOCAL_VALHALLA_MATRIX;8bf2b38f72da6e1433d446c567d0bb6429f1b02d95d10ce38fc19284028acc5a;ac3fb508191a49238d9b00779266a2e583a3ad8d8062b52c99d14eaf77e836c6;2026-09-23T00:53:28.118606+00:00;false
LOC-0138;LOC-0040;CAR;2026-08-17T07:00:00+03:00;OK;1938;33;12749;LOCAL_VALHALLA_MATRIX;4efb0bd80f536254ec605545a8ffb99c68b523b47d5305c4cc5bc2dfa07068ef;98230329f293b0c7256fe65d17bea5d6ada29cf8f2cfc8f5798993b5e00e1709;2026-09-23T00:53:28.118606+00:00;false
LOC-0138;LOC-0042;CAR;2026-08-17T07:00:00+03:00;OK;350;6;1699;LOCAL_VALHALLA_MATRIX;0536c78c3c39fd6a2e66449db4ffe993d329b87c2baa9601e6e1b97e214816c0;f9b5a8fbde1fd5a491a1ea76b9bfdbb52e10e953b63dc91211533eb9c286183e;2026-09-23T00:53:28.118606+00:00;false
LOC-0138;LOC-0043;CAR;2026-08-17T07:00:00+03:00;OK;1216;21;8384;LOCAL_VALHALLA_MATRIX;0cfa4d62da15d92c4eea69d559819c631b659b5fda46a01fd3efd391ac28aad5;a21bc717447be5eae8c2ee4522d8acf7d2d9c2de394dada28cb12504abaf945f;2026-09-23T00:53:28.118606+00:00;false
LOC-0138;LOC-0046;CAR;2026-08-17T07:00:00+03:00;OK;905;16;5534;LOCAL_VALHALLA_MATRIX;27aaa37c4ae51335c164457f4d4bda4a63956133e00c8079ddd786346f26b5a4;4df921e1e2c9f3c6f3d0d67ec5142990d3da45968219f550afec4a3dbe98b6d8;2026-09-23T00:53:28.118606+00:00;false
LOC-0138;LOC-0052;CAR;2026-08-17T07:00:00+03:00;OK;790;14;4255;LOCAL_VALHALLA_MATRIX;7b76486a3551ff83684d56439e9ee55a239f3d4ca5a34afaf0cf5e583a3de4bd;667679caa44207dbfe11545cb7123d27c3f2492a56f470f6bb2354bc6858c11e;2026-09-23T00:53:28.118606+00:00;false
LOC-0138;LOC-0055;CAR;2026-08-17T07:00:00+03:00;OK;1063;18;6771;LOCAL_VALHALLA_MATRIX;e5eb7e0418f68449f81ae0ca8ec192cab3d7f59d21b85c2164de2c2c145d8686;1cd499c23021cf3d913d3839908e75d9d7837818fe65560deabd64468836bfe2;2026-09-23T00:53:28.118606+00:00;false
LOC-0138;LOC-0056;CAR;2026-08-17T07:00:00+03:00;OK;1117;19;6833;LOCAL_VALHALLA_MATRIX;f485616ded46fead4858f95f7a54ea46d398c8727f63b3365ccc639cc552a9fb;161b19e8de431d1887b4205217b6b4b72b01748b95f62c814f2bec4c68bdbc8f;2026-09-23T00:53:28.118606+00:00;false
LOC-0138;LOC-0068;CAR;2026-08-17T07:00:00+03:00;OK;952;16;6031;LOCAL_VALHALLA_MATRIX;845b36ec9f29598950fc28e31c9255b89c574316cca86940a269afc2a5221896;d4578516f716320400596faf6265425f95148cca3b827eeb1b606b0df6c649b8;2026-09-23T00:53:28.118606+00:00;false
LOC-0138;LOC-0079;CAR;2026-08-17T07:00:00+03:00;OK;1362;23;8673;LOCAL_VALHALLA_MATRIX;3a94b189fc31a0e86961ff7606bbfc165f107dc0ab31e9e19fcceb276adeacb5;8141284c6f6266975782a3ff4d20f704fc7340fdd796b99ee828cf1d4f89bc70;2026-09-23T00:53:28.118606+00:00;false
LOC-0138;LOC-0084;CAR;2026-08-17T07:00:00+03:00;OK;1238;21;7852;LOCAL_VALHALLA_MATRIX;f34ba6501bf3c3f513384817017a1419afce4b4d028dbdd895b1aff8d1fd60a1;8181c8bd520e24bddec28f196ffb2a117ff85120f9f6986fb4c73e11f68a1c32;2026-09-23T00:53:28.118606+00:00;false
LOC-0138;LOC-0087;CAR;2026-08-17T07:00:00+03:00;OK;1422;24;9112;LOCAL_VALHALLA_MATRIX;ca18cdec435e86c05d331ba9585e48792309bb5a43bdcb8295903e35c49d7ca5;b463949285209bdacba5a8417910f4601184986bd67022335017a8310edc1dd7;2026-09-23T00:53:28.118606+00:00;false
LOC-0138;LOC-0105;CAR;2026-08-17T07:00:00+03:00;OK;1327;23;8527;LOCAL_VALHALLA_MATRIX;68f89fffe8f68b3eff100f207f29000c1534fc4d853cb119be7bbdbf083f30b7;8a13d42219ad0b4897b3920ee074ec41538244a9ffc1a2c1906ef233fffcadac;2026-09-23T00:53:28.118606+00:00;false
LOC-0138;LOC-0108;CAR;2026-08-17T07:00:00+03:00;OK;391;7;1877;LOCAL_VALHALLA_MATRIX;488bcf2a8f91d61a179e07dd5a4b03a3986de1e698e7c28798b881d098af6958;bfa707a034153b0c1b65283d54f0e4b4ae3d03894f54e2f7fac7a5b91ee94248;2026-09-23T00:53:28.118606+00:00;false
LOC-0138;LOC-0109;CAR;2026-08-17T07:00:00+03:00;OK;1122;19;7340;LOCAL_VALHALLA_MATRIX;7b8ec71d3ecf152b9479de8f100deae766e7e03a484307fafc73959d14e644fe;e305e7619a79c559ac323db9606e5976d2a62eb1e277d33c16e54340c512d653;2026-09-23T00:53:28.118606+00:00;false
LOC-0138;LOC-0114;CAR;2026-08-17T07:00:00+03:00;OK;589;10;3366;LOCAL_VALHALLA_MATRIX;0b92a4990cb19872ffd4cf2fd2063c445ea6729b41c43657212e990d4b7a5eb8;3c98f2d281213120e24cbb5d8890d0b50611349b3efd52be4cdec0d18b758712;2026-09-23T00:53:28.118606+00:00;false
LOC-0138;LOC-0116;CAR;2026-08-17T07:00:00+03:00;OK;335;6;1461;LOCAL_VALHALLA_MATRIX;672b34c24a5301f26e73dd801bc6e2f03d145c7aa1235429ec36b75537454a23;1cd6b5faa21ffcc7b0941bf6c4e557e00d2fca308288812a44a7d49af1cdab02;2026-09-23T00:53:28.118606+00:00;false
LOC-0138;LOC-0117;CAR;2026-08-17T07:00:00+03:00;OK;339;6;1434;LOCAL_VALHALLA_MATRIX;a361418d53da9fae438ce83c9913686e96e2efe1c39d1160290b4f020200f0cc;4a24d85c27a4df9a15086d5abdbc714eb5682bb5fedb4272c95274c003773efa;2026-09-23T00:53:28.118606+00:00;false
LOC-0138;LOC-0119;CAR;2026-08-17T07:00:00+03:00;OK;1209;21;8098;LOCAL_VALHALLA_MATRIX;d4f2bda921b35d13ea1ebb9a647256edb13320962c82e2813aef794bcdda7304;34e878913293408cd3a3ff0bca98658d12ed160f30c644256d70a97d5958cd18;2026-09-23T00:53:28.118606+00:00;false
LOC-0138;LOC-0120;CAR;2026-08-17T07:00:00+03:00;OK;1134;19;7049;LOCAL_VALHALLA_MATRIX;961b9d1054f4593751f06e4d69adaa85de75546d6794107c12df027d8ba90dcd;1ac4e75a9342b11cf2252ea7aa344f8fc1a9828d4abd6ce05bdf9b61a6fecd6c;2026-09-23T00:53:28.118606+00:00;false
LOC-0138;LOC-0121;CAR;2026-08-17T07:00:00+03:00;OK;1255;21;8592;LOCAL_VALHALLA_MATRIX;83c4766fd4fac30ab0787fa5eb2ffe29a6e46a039e2a42af12916aff92ffc49f;53ce7f20ce9f431860c49e16a5cc44e8307c71849b646f6caf17119d39a1bdce;2026-09-23T00:53:28.118606+00:00;false
LOC-0138;LOC-0127;CAR;2026-08-17T07:00:00+03:00;OK;293;5;1496;LOCAL_VALHALLA_MATRIX;bb2b89dd6998b5d7c5810caa2a8586f8211075255c38de68f75a13f77e8d9021;160ff5840921e2f67af0f47f92f99f9ae4f377d32259a158863eeab902c6f1b2;2026-09-23T00:53:28.118606+00:00;false
LOC-0138;LOC-0131;CAR;2026-08-17T07:00:00+03:00;OK;736;13;4510;LOCAL_VALHALLA_MATRIX;fe1776c9405f0ab1a3a843eb9b7855d6584e9db65546f8f7c23c403daeff3153;6f4dffc5853cfc328fcdcf4c23679914b9fce88057bfa6dab32c4c289c0301ec;2026-09-23T00:53:28.118606+00:00;false
LOC-0138;LOC-0132;CAR;2026-08-17T07:00:00+03:00;OK;875;15;5565;LOCAL_VALHALLA_MATRIX;7a8d5d6ea4c00dc516e3eeed68a99731772238de010f89aa8e52c9f5edddcf5f;7169124803aa4163ec23837ba8fce9faaaf4a7f99f0c944f451f02dce3e90a53;2026-09-23T00:53:28.118606+00:00;false
LOC-0138;LOC-0138;CAR;2026-08-17T07:00:00+03:00;OK;0;0;0;LOCAL_VALHALLA_MATRIX;72926405698b80034c78e07a9b9d128cd5022f9867f4dae0fdabd246908ead09;3d5812abc84c11768aa73a732c85d75dbed439188f5bb3239e9b762ea31d9862;2026-09-23T00:53:28.118606+00:00;false
LOC-0138;LOC-0143;CAR;2026-08-17T07:00:00+03:00;OK;1633;28;11401;LOCAL_VALHALLA_MATRIX;e2b4725ea99b17898baf4b24fb16830322d53d904e28d24cbe0f8664ca7330e8;eaeec3fe9046b96e6d011847e53dbeefb731151d502163643364d8868f2cba03;2026-09-23T00:53:28.118606+00:00;false
LOC-0138;LOC-0144;CAR;2026-08-17T07:00:00+03:00;OK;1294;22;8466;LOCAL_VALHALLA_MATRIX;871bedee365a6012e1172f2d2e0eb05997458be50692fd18b027d86adef4c3eb;d7f1b51f4887dcc562ec9677cf953f941c8af8902b959def41d24311bffa0ffd;2026-09-23T00:53:28.118606+00:00;false
LOC-0138;LOC-0146;CAR;2026-08-17T07:00:00+03:00;OK;1201;21;7442;LOCAL_VALHALLA_MATRIX;f564c86f12dd3280a3c1a72d72c34d763cc9ce6dbc1839fd9fdd0c4cbcf99097;a13b6f173742ef6a522c1ac3f2943a6050f44f9e66ed9df6d470894f3c24d3bf;2026-09-23T00:53:28.118606+00:00;false
LOC-0138;LOC-0154;CAR;2026-08-17T07:00:00+03:00;OK;1300;22;8276;LOCAL_VALHALLA_MATRIX;0c4107cb4df69ef11f9003aaeb11b749bc66303f44afbbad2c253932b4b073fc;92830064d854d9d73e96cef022afc69e53e225579b57364a57bab2ad11d91005;2026-09-23T00:53:28.118606+00:00;false
LOC-0138;LOC-0188;CAR;2026-08-17T07:00:00+03:00;OK;927;16;5810;LOCAL_VALHALLA_MATRIX;d7514d889c7fe68048d7c85d361afd99149775d8af5091c4bc98cc6ef813476b;0a2a2c009c85e94fc16f63caad3f5e7edabf84714131a0f3c3051ec7ba4b5ae5;2026-09-23T00:53:28.118606+00:00;false
LOC-0138;LOC-0191;CAR;2026-08-17T07:00:00+03:00;OK;1736;29;11441;LOCAL_VALHALLA_MATRIX;04cd7fe3ecb02b51e9b24f999246ade8252d94515e57433396e4f43de02fdf65;c183131c89acbfc0e5cb34a5127279e2305d5506dbc794e669df18c9fc7ab978;2026-09-23T00:53:28.118606+00:00;false
LOC-0138;LOC-0193;CAR;2026-08-17T07:00:00+03:00;OK;1062;18;6690;LOCAL_VALHALLA_MATRIX;e9f73bea55bb605e31ae4864afdc29518f94786bcf7e35f8ed707131f8f6b966;74844bee209f4fc2ad0c24f374ef94f7d7ee5ff2e588d27164f9a7eacb12dd5a;2026-09-23T00:53:28.118606+00:00;false
LOC-0138;LOC-0194;CAR;2026-08-17T07:00:00+03:00;OK;1144;20;6964;LOCAL_VALHALLA_MATRIX;d1d2a283cf0bc26e0b56fe90f277d66f692ff47e8a6c9caa4af86b9a328ad133;e37cd171c5127d9240fc101d435dd7b8ce04da4e74cf0a322e08e80e4177f673;2026-09-23T00:53:28.118606+00:00;false
LOC-0138;LOC-0195;CAR;2026-08-17T07:00:00+03:00;OK;1307;22;8669;LOCAL_VALHALLA_MATRIX;fb9c626cddb766f82144174173f5a9df85f037fbf67c8048e4cbfc0d59725ca3;94aa973e61154a6d471672e8cba7095a07e92b4ecd64a24909b50b4b01717a2d;2026-09-23T00:53:28.118606+00:00;false
LOC-0143;LOC-0001;CAR;2026-08-17T07:00:00+03:00;OK;884;15;6382;LOCAL_VALHALLA_MATRIX;87e11f9515d530956c6bdf10dd9cc00da36cac1c4764bc88123fd99b0118f4e6;a24582c2229597892f4607514fe5ae6804a714286ea4255b8d54a48b26dc7144;2026-09-23T00:53:28.118606+00:00;false
LOC-0143;LOC-0007;CAR;2026-08-17T07:00:00+03:00;OK;148;3;677;LOCAL_VALHALLA_MATRIX;90cdfca485b32d6272cc682b9fc750dd279a7f025d72bea13e5f56a2dc63227c;79f14f2372cf66c813e433622568b009ac091918177164c37d878b768f2219de;2026-09-23T00:53:28.118606+00:00;false
LOC-0143;LOC-0014;CAR;2026-08-17T07:00:00+03:00;OK;1856;31;12404;LOCAL_VALHALLA_MATRIX;01ba519f81f0e43d69f8018af7dc5c6bc2a419b53552a2c1eafb1fca85c8b8d3;40fb7ec3ad56bf69d61704d2deb4c08ba80079a2d4f5cae7fc6fd237afdb2069;2026-09-23T00:53:28.118606+00:00;false
LOC-0143;LOC-0015;CAR;2026-08-17T07:00:00+03:00;OK;1632;28;12323;LOCAL_VALHALLA_MATRIX;dd0691af2cabfcf2b4775ab10f19ee2f2c888b68443d85a7ef1046df774d7919;f272a422578c39173d4e0b9bbd7aaed9759b092c9d112ccfa08693ff0b9f3ad2;2026-09-23T00:53:28.118606+00:00;false
LOC-0143;LOC-0021;CAR;2026-08-17T07:00:00+03:00;OK;675;12;3604;LOCAL_VALHALLA_MATRIX;a1929425b441ccd91625af2c54fa1f665321b48841c0c19f3eea94dac13f1d46;e5914b2562bbcf8d70fc653008e99d5f200c8f784a33e034099f4588b6d19f49;2026-09-23T00:53:28.118606+00:00;false
LOC-0143;LOC-0022;CAR;2026-08-17T07:00:00+03:00;OK;724;13;5327;LOCAL_VALHALLA_MATRIX;4e0e10438b0171bc504f11767a50b4856ee06ce9d06d43c091205ade7a2dd0ec;9079227685e63b809e6cd085a61698925f6f786320cd8c29b6a3cf19da83c785;2026-09-23T00:53:28.118606+00:00;false
LOC-0143;LOC-0026;CAR;2026-08-17T07:00:00+03:00;OK;544;10;3435;LOCAL_VALHALLA_MATRIX;285a4dd644a16d800ce3f543e798cc8b8d52d1228d311e1c5df626b6c78a01bc;ba62a270d4d17a0db5ecc8d5ac658c10f2e5abb99445f0ab6590e8bcd0c1db80;2026-09-23T00:53:28.118606+00:00;false
LOC-0143;LOC-0040;CAR;2026-08-17T07:00:00+03:00;OK;304;6;1348;LOCAL_VALHALLA_MATRIX;977fda0d8289c6067e9d74582918dd448e797d03b4f28c6a4d4f3196a56a1816;46e9edcafdbd988b11c84fa841424124be2cd795436ae33b0721e60952309a09;2026-09-23T00:53:28.118606+00:00;false
LOC-0143;LOC-0042;CAR;2026-08-17T07:00:00+03:00;OK;1573;27;11598;LOCAL_VALHALLA_MATRIX;b111df4d9555f6678eec3393ba1f679ecfbd392815d17a58090ec0dbf7249f88;7682c22a51f5001ddbb04fe2e6086ad83c6912ffdcf9410b09ebb781f02fcda5;2026-09-23T00:53:28.118606+00:00;false
LOC-0143;LOC-0043;CAR;2026-08-17T07:00:00+03:00;OK;430;8;2684;LOCAL_VALHALLA_MATRIX;5c6e5d0f75129e3d801b8c856194016ea5a5465ff268b7ed9261fbf42753a101;54e08af2118b3ef949bae75a69651f41f4b995d62602e103f04e3902c226546e;2026-09-23T00:53:28.118606+00:00;false
LOC-0143;LOC-0046;CAR;2026-08-17T07:00:00+03:00;OK;1994;34;13243;LOCAL_VALHALLA_MATRIX;f9425c2128004b3b4386815714b26fc6ee9f628dcd8d941b222a4103cbb0920d;4b7d5d69d2beaaf40a0294a208152857c616926740126298fa05339acdc31151;2026-09-23T00:53:28.118606+00:00;false
LOC-0143;LOC-0052;CAR;2026-08-17T07:00:00+03:00;OK;1917;32;12650;LOCAL_VALHALLA_MATRIX;53b838efb88d5f6c24ea87f9e9209317a4951c98325ef70b91e8a1fceaaf30af;04e7ea24881c1087459f002f4bd5c6e16de8b149ae825634b212ad6298e3d770;2026-09-23T00:53:28.118606+00:00;false
LOC-0143;LOC-0055;CAR;2026-08-17T07:00:00+03:00;OK;951;16;6806;LOCAL_VALHALLA_MATRIX;9c4d5d5595a1665ad5239c8c146fe58f5207d289c2c36e54ac9e1303165ea4b5;b074e887a8b12de573e8df7f8114e752ba4399f36ba85761d104e722c933b147;2026-09-23T00:53:28.118606+00:00;false
LOC-0143;LOC-0056;CAR;2026-08-17T07:00:00+03:00;OK;1035;18;7064;LOCAL_VALHALLA_MATRIX;430ec770edeeb99172117a2c844c306fbe5328746d76e8ef2cc3fc114a8302dc;ef8b7db79a6a72b4db18cfc9c72c1af5332b10852a6b88ccbf643bb34b4dd459;2026-09-23T00:53:28.118606+00:00;false
LOC-0143;LOC-0068;CAR;2026-08-17T07:00:00+03:00;OK;2041;35;13740;LOCAL_VALHALLA_MATRIX;9a6e1d893517ab08815dffe498e9924b71eac2d74e8d9bbd25b7c1bc75156414;849b62a396de8b68fd7a8358f331f427d6bfb72bdcc4d0b0f48983fa6c65a81d;2026-09-23T00:53:28.118606+00:00;false
LOC-0143;LOC-0079;CAR;2026-08-17T07:00:00+03:00;OK;1150;20;7793;LOCAL_VALHALLA_MATRIX;0bcfcb06678133cfa3c1184ba267801bf8bdc5564ba60ca429c27235dec29f58;3d4df1eb131bea9c829c8b71f0c64aa2f1094106bd3ecfbbaec37c336af52f25;2026-09-23T00:53:28.118606+00:00;false
LOC-0143;LOC-0084;CAR;2026-08-17T07:00:00+03:00;OK;886;15;5297;LOCAL_VALHALLA_MATRIX;bb3c4d32e87e2e79bb39f1c863657801c3b16ccfae2d46aacb4a562f9e05696c;6ef066b610f02b229706194b2ccb1e52aa4712719020edb552f9df3b05910932;2026-09-23T00:53:28.118606+00:00;false
LOC-0143;LOC-0087;CAR;2026-08-17T07:00:00+03:00;OK;794;14;5219;LOCAL_VALHALLA_MATRIX;ed52e078f97e8cf32b97f234207f7885fac65de30e15893161a0b31260a1c74b;df2f38275d482554372046dcc6ad7c117bbad3d731979290780b044ddd3730b1;2026-09-23T00:53:28.118606+00:00;false
LOC-0143;LOC-0105;CAR;2026-08-17T07:00:00+03:00;OK;804;14;5679;LOCAL_VALHALLA_MATRIX;7721195983d3859faf4bd428cf46f2bcae395ba0dd1a91d3db0ce68614c0a675;c62cb81c417c52bc4bec766f9762fc0e2115ad7ea3619fa737a66996ab8f61c7;2026-09-23T00:53:28.118606+00:00;false
LOC-0143;LOC-0108;CAR;2026-08-17T07:00:00+03:00;OK;1577;27;10775;LOCAL_VALHALLA_MATRIX;0a791466bd31523c7c144480ba21f2a851ca209658f00e9c37172aa148843b9a;c74ed83b4e90b22355101d361deb0029df4f03c17ad44b277cf9ab18ab247301;2026-09-23T00:53:28.118606+00:00;false
LOC-0143;LOC-0109;CAR;2026-08-17T07:00:00+03:00;OK;896;15;5610;LOCAL_VALHALLA_MATRIX;03d684070c4d7c52f84a59f5a238eb09365e22d08354580bf622f89ade99ead9;2284c54e784eb0756a52ae1a29e8f786f111873b6e513fec43a0c3b738ab2c2c;2026-09-23T00:53:28.118606+00:00;false
LOC-0143;LOC-0114;CAR;2026-08-17T07:00:00+03:00;OK;1258;21;8475;LOCAL_VALHALLA_MATRIX;69507e1ebb8c742fd5589f9401d7a2225b70963bb3cfa51d47e399cd4653ac81;6044ac3d013e300389c11ea046976291ded35d14ae3eb54a4245d964e0ccb1e0;2026-09-23T00:53:28.118606+00:00;false
LOC-0143;LOC-0116;CAR;2026-08-17T07:00:00+03:00;OK;1573;27;10991;LOCAL_VALHALLA_MATRIX;ff6356e8c7301430d5201c10f54df0810717ab2212cf90c34ce6463a4aeb5333;447a73f8870327fb23420de7de59554656c55fdf39dac839930bef78eb14b56a;2026-09-23T00:53:28.118606+00:00;false
LOC-0143;LOC-0117;CAR;2026-08-17T07:00:00+03:00;OK;1622;28;11130;LOCAL_VALHALLA_MATRIX;ba66b179f86cc2ba4908328f29d5ae657002dbc2300851a8ef1ee84e0a127145;9a385ba380c98ba2549750933dbbf761d4d29f73845cae623d3dbba6aacf9d43;2026-09-23T00:53:28.118606+00:00;false
LOC-0143;LOC-0119;CAR;2026-08-17T07:00:00+03:00;OK;595;10;3482;LOCAL_VALHALLA_MATRIX;6ea766cc51b18a6b2855544106e3665d10777374e9cc05156430e12462d874ba;9a9d605914c7df9ab396295abb5146cd1fbd684c9194352ca7c7b079fc45f7b6;2026-09-23T00:53:28.118606+00:00;false
LOC-0143;LOC-0120;CAR;2026-08-17T07:00:00+03:00;OK;838;14;5809;LOCAL_VALHALLA_MATRIX;55e69bf7c1a094a1c221f975cded21db8670a8ed27bdf78dd0f30c48a4c5d883;047508d4568887f89da6bd3a250e296943d9ff80ff8fd507a139f6d3eb750dcc;2026-09-23T00:53:28.118606+00:00;false
LOC-0143;LOC-0121;CAR;2026-08-17T07:00:00+03:00;OK;663;12;4446;LOCAL_VALHALLA_MATRIX;919511ff26a080992ac5fdba23e66e567ce734a44caa2c407a944c5e39553f3d;536cd72cdc7553f1945d80ae027c15acd946c9688a3d4a58ad2bb65fd6ed6dd5;2026-09-23T00:53:28.118606+00:00;false
LOC-0143;LOC-0127;CAR;2026-08-17T07:00:00+03:00;OK;1742;30;12350;LOCAL_VALHALLA_MATRIX;ffd301ef2afb7282fd26ae1128c1cf88b681c39c6645c7758461bccf189cc776;ce449f0ec908005586c7c2ca70b0c91e316fc356c2d7d8639e039ce0d439e299;2026-09-23T00:53:28.118606+00:00;false
LOC-0143;LOC-0131;CAR;2026-08-17T07:00:00+03:00;OK;1433;24;9997;LOCAL_VALHALLA_MATRIX;9d7935c26a96f1b38a2640ec3915418206d4267826d82cadf0a25a587eb0ed49;e2e9f14655ae23d812cfa2f07946a1db81d6d80e8629992278f0c6349c18a0e1;2026-09-23T00:53:28.118606+00:00;false
LOC-0143;LOC-0132;CAR;2026-08-17T07:00:00+03:00;OK;1964;33;13274;LOCAL_VALHALLA_MATRIX;9fbe37683b9380ab4ddc61aab82922b6e23bbd2c9187a459ab493c0d3c3b7b04;da65bbd371c0949e097de256f9c5df61e70836b6082dbe21eb3e0c19c056b482;2026-09-23T00:53:28.118606+00:00;false
LOC-0143;LOC-0138;CAR;2026-08-17T07:00:00+03:00;OK;1624;28;11906;LOCAL_VALHALLA_MATRIX;8e9cd078a7772c1e705434faa4f5d6be4b58a7ecf0351c91f8c09815ca1ed1dc;4eb1b6a5313ba0ea181ce847e2276152b5f6f519a2fce7dc9cb9cee35500e2e7;2026-09-23T00:53:28.118606+00:00;false
LOC-0143;LOC-0143;CAR;2026-08-17T07:00:00+03:00;OK;0;0;0;LOCAL_VALHALLA_MATRIX;a64b25e58604c43f904fe67d8b8b5576eb92865262bfa41c106ff67323fcf585;3d5812abc84c11768aa73a732c85d75dbed439188f5bb3239e9b762ea31d9862;2026-09-23T00:53:28.118606+00:00;false
LOC-0143;LOC-0144;CAR;2026-08-17T07:00:00+03:00;OK;792;14;5312;LOCAL_VALHALLA_MATRIX;a37abbedb3d5834fb37cb31819e2459c69b483efa3018ae1899739a56a48d369;8a990856d91b82d760dcb98e779c084451d5767d800344601357ec2681c5f091;2026-09-23T00:53:28.118606+00:00;false
LOC-0143;LOC-0146;CAR;2026-08-17T07:00:00+03:00;OK;980;17;6952;LOCAL_VALHALLA_MATRIX;2a950bbcec063996b3715bc9f02f389c3f177c8e7cd676a00cad864f9f691a67;e33e1856686844ebda8f39362bdc0cf427d4888809cadf3469a28934f6f9435f;2026-09-23T00:53:28.118606+00:00;false
LOC-0143;LOC-0154;CAR;2026-08-17T07:00:00+03:00;OK;794;14;5397;LOCAL_VALHALLA_MATRIX;8d34ea0b5ed1c9d2567b4923264bee8fa1ac933632ee5241fc9738c264d6b744;6795dac5b48dddecba482f4c8380f0b9d2889bf4aeb8dba5c522e54113d1a08a;2026-09-23T00:53:28.118606+00:00;false
LOC-0143;LOC-0188;CAR;2026-08-17T07:00:00+03:00;OK;1047;18;7003;LOCAL_VALHALLA_MATRIX;9abf940b138b335a0fc5c5a338c550ae81c27a9682fdf8946f38cd17e269b722;887fe97eb0f74b3a372fd67abdcee497ed40fabd8fcf151a6540b425842cd0a1;2026-09-23T00:53:28.118606+00:00;false
LOC-0143;LOC-0191;CAR;2026-08-17T07:00:00+03:00;OK;170;3;757;LOCAL_VALHALLA_MATRIX;3a2d9a42d53ef7e3ed0c1ca553be2f0807c72581914edded8fa76d696d1a4fee;7a0c61abc2af9b4dd9be429d33c51f81da182ddeedc99a1faa9054b5e8ceff8f;2026-09-23T00:53:28.118606+00:00;false
LOC-0143;LOC-0193;CAR;2026-08-17T07:00:00+03:00;OK;2169;37;15345;LOCAL_VALHALLA_MATRIX;eb7015e3e4bb9013bda0f3f7e142d674fc2711afb7e1a4014acdc5fcb36c4f5e;a56677f261ed01881fab098bbeac13b331815d3ff2b6027613467462320c5413;2026-09-23T00:53:28.118606+00:00;false
LOC-0143;LOC-0194;CAR;2026-08-17T07:00:00+03:00;OK;2295;39;15895;LOCAL_VALHALLA_MATRIX;bd944b5d5bc2e94381d719b9beb3134c384c9863f80c87dc3ec90671f8198541;f68d8e67f771f942ea43f48ca5c06b77daca9e95623f5b693793e8f9625d2f44;2026-09-23T00:53:28.118606+00:00;false
LOC-0143;LOC-0195;CAR;2026-08-17T07:00:00+03:00;OK;686;12;4961;LOCAL_VALHALLA_MATRIX;f00b4b4101812e5d5e034cfca037550389cd3b17bb3fc5df2f7cce512fe80ae8;310ff1da754429e534f36fbd7de0727812777d81530d4ee28b5c26728ccb03d4;2026-09-23T00:53:28.118606+00:00;false
LOC-0144;LOC-0001;CAR;2026-08-17T07:00:00+03:00;OK;642;11;3776;LOCAL_VALHALLA_MATRIX;7af8089d27e14379001b5d988cc0ed8b4ca9f85ee602bcd3babba975f2615c48;e94b7bc1d1eacbfc45163ac92024981b0146b6e2d69f30f78af6457c67d2dfae;2026-09-23T00:53:28.118606+00:00;false
LOC-0144;LOC-0007;CAR;2026-08-17T07:00:00+03:00;OK;798;14;4249;LOCAL_VALHALLA_MATRIX;ef411baa53e99e1e2c7a81e4fb38076b2240e40a0db74c3400a2f90353ce7084;c6080713247aa71f343647947cf647b00695a4552898b8f97028389ff8805649;2026-09-23T00:53:28.118606+00:00;false
LOC-0144;LOC-0014;CAR;2026-08-17T07:00:00+03:00;OK;1597;27;10017;LOCAL_VALHALLA_MATRIX;55848736b717e88c2e524c3461b6f97c7edfb830f11b81bdacece534b3df18e2;9e455d13073c68751d2237b343eeaf120ab742651a20e1731f68f74d2ec8b60a;2026-09-23T00:53:28.118606+00:00;false
LOC-0144;LOC-0015;CAR;2026-08-17T07:00:00+03:00;OK;1294;22;8694;LOCAL_VALHALLA_MATRIX;c24b4823bbfa4d869663e71f7d727077a2adfa6c9107dd049d300d8ec8714dc5;6f457f5a1b66d555924a991b9b7848356d7e2a7f3b6f398332948869d9660e22;2026-09-23T00:53:28.118606+00:00;false
LOC-0144;LOC-0021;CAR;2026-08-17T07:00:00+03:00;OK;652;11;3371;LOCAL_VALHALLA_MATRIX;b4946de3989528891b76ea6a3674410db5ac52190e2533661937909255dcafcb;b03e4cf4e82edba80d8087b5c4cd4e1b38eb8aaa52c70380d1ac8ed54a19f465;2026-09-23T00:53:28.118606+00:00;false
LOC-0144;LOC-0022;CAR;2026-08-17T07:00:00+03:00;OK;497;9;2140;LOCAL_VALHALLA_MATRIX;7e81eba1319a88ede04d7a7680713ba514e469ad48236bddfb0627abc98f1504;3d50cd5394c455250c6fc525bfb63e9b7a2bda216dad60563d2301a8ce897cfd;2026-09-23T00:53:28.118606+00:00;false
LOC-0144;LOC-0026;CAR;2026-08-17T07:00:00+03:00;OK;515;9;2745;LOCAL_VALHALLA_MATRIX;9d569a0cca254fcae46ef7a48719ab82a110b81fe8803c236cf8a0622fddf508;e08f2f29549a19b4b3bfc4ad183c9f413f37cbfaa5fc8cfbc370acc907305d63;2026-09-23T00:53:28.118606+00:00;false
LOC-0144;LOC-0040;CAR;2026-08-17T07:00:00+03:00;OK;1032;18;5404;LOCAL_VALHALLA_MATRIX;344e277a2a11c2a373fef3e200cdcc025a10e6d1cace5a41ab8d556102ba30a6;9fb1a6b2fecc111ec1a320b69c6e3f646533725fc9b21763f84cc2efe09708db;2026-09-23T00:53:28.118606+00:00;false
LOC-0144;LOC-0042;CAR;2026-08-17T07:00:00+03:00;OK;1235;21;7969;LOCAL_VALHALLA_MATRIX;fcc83a682ff4c77509439d8ab88a5ff32b20fd89fc8cb120a4111ae5eec8bfde;658fa45560c99a3b23be57de326e92848bd89d53ca1d0c274b2614718bc0a397;2026-09-23T00:53:28.118606+00:00;false
LOC-0144;LOC-0043;CAR;2026-08-17T07:00:00+03:00;OK;296;5;1374;LOCAL_VALHALLA_MATRIX;4eb8a184110cc4d72838560edf367ac43ed767f083dcb02049c4072545b9bb38;ec30bba418460a1cecab71b3daec167dd7b316c24a14d6b2a9b3eceed226809f;2026-09-23T00:53:28.118606+00:00;false
LOC-0144;LOC-0046;CAR;2026-08-17T07:00:00+03:00;OK;1656;28;9784;LOCAL_VALHALLA_MATRIX;5c71216be474d9c8d01d0c27abd214f583d37046fffee2baf60c073463616f0e;17559a37063b107daba596a7450c2eebd1a93c371f633e764745932ea50aa6fe;2026-09-23T00:53:28.118606+00:00;false
LOC-0144;LOC-0052;CAR;2026-08-17T07:00:00+03:00;OK;1570;27;8980;LOCAL_VALHALLA_MATRIX;1a991402cdbd4883e805578b91f63912559199eea204352b36d8c1f8804d2d6b;7f0738836c09c6d60d3412bfe0ea0031f71f7e49e60dc34ff2a8d5dd39f7e279;2026-09-23T00:53:28.118606+00:00;false
LOC-0144;LOC-0055;CAR;2026-08-17T07:00:00+03:00;OK;719;12;4164;LOCAL_VALHALLA_MATRIX;daa32c666d83e81f279610f411c6fcf1ce89ce2ba53a7c4caf23c4a08227be4d;f9a52727c176554f163ac583de860331cc0a1a85cadf269b2dbf5ebf34d2a88b;2026-09-23T00:53:28.118606+00:00;false
LOC-0144;LOC-0056;CAR;2026-08-17T07:00:00+03:00;OK;803;14;4422;LOCAL_VALHALLA_MATRIX;e29613834e532ec30b796aea7d91587b12c04a6e439851406985b787414ab017;f05bfdef5643b99a3075cea00b42997335de7db52d11759d98d157d3f4e99ad5;2026-09-23T00:53:28.118606+00:00;false
LOC-0144;LOC-0068;CAR;2026-08-17T07:00:00+03:00;OK;1703;29;10281;LOCAL_VALHALLA_MATRIX;ca2a77d9813e2f3fa4f30442ad5b6d29ba6c0eadc14430534e640776ae476dfd;12baaa0ae20a72a7e01a736988ff4576b113373867326a6a1dca071a9d7d23f6;2026-09-23T00:53:28.118606+00:00;false
LOC-0144;LOC-0079;CAR;2026-08-17T07:00:00+03:00;OK;687;12;3386;LOCAL_VALHALLA_MATRIX;136833ed9fcc4fdd7c62d96536a2a97714b8a58d315d247089f328c64f37bcb0;5d7064ca2b89f30a41b6309c6581bb1b5866ebd9e9cc427c559ea185ba9ded85;2026-09-23T00:53:28.118606+00:00;false
LOC-0144;LOC-0084;CAR;2026-08-17T07:00:00+03:00;OK;628;11;2910;LOCAL_VALHALLA_MATRIX;ed92ab0672d716ba10fbddb3ef993ae0d13e10a32157b40e16bb5f0e23aa7f15;5a1196f3533f7a902aa3a4c2195c020ddbd86febafd0e13e5066ea08c47b3190;2026-09-23T00:53:28.118606+00:00;false
LOC-0144;LOC-0087;CAR;2026-08-17T07:00:00+03:00;OK;384;7;1347;LOCAL_VALHALLA_MATRIX;543ef3a5d6a40faf961e352dd76cb733564aaf8a6a5ea49f5a13561c3fff49ae;8f472f953213d8c82cba01e11647aec48707d7b06b3004ec4f8b744802454d31;2026-09-23T00:53:28.118606+00:00;false
LOC-0144;LOC-0105;CAR;2026-08-17T07:00:00+03:00;OK;592;10;3079;LOCAL_VALHALLA_MATRIX;95a125b06d05c6d9d7a460a9afd7786ec3f0c882875eb1d7d8995c036067f70b;d87405dbbdc9b112cdd9c05d38c142732b56b44e1687d086dbb0f3a8564f2ee9;2026-09-23T00:53:28.118606+00:00;false
LOC-0144;LOC-0108;CAR;2026-08-17T07:00:00+03:00;OK;1319;22;8388;LOCAL_VALHALLA_MATRIX;c2594ceaa1a97cb8a47b40da946fd72cdf85989a30fdd0e49017cb75f19c72e2;a58d17451b9ca34a9e70bd36205947120d895be4dd195e26e85e5cec50b92f6c;2026-09-23T00:53:28.118606+00:00;false
LOC-0144;LOC-0109;CAR;2026-08-17T07:00:00+03:00;OK;638;11;3223;LOCAL_VALHALLA_MATRIX;0b2b93e60774d50e64f9471b059ca59f39f40a7607a4c7430fb20b1831fc9f62;60d36671282cdfe76c5ab554bd6cc8b02d6a02d063c2dc9f5cfe0c469b807fbe;2026-09-23T00:53:28.118606+00:00;false
LOC-0144;LOC-0114;CAR;2026-08-17T07:00:00+03:00;OK;999;17;6088;LOCAL_VALHALLA_MATRIX;9d1f1bdc9fbdc37d762f7c6f4834bb2474c7a4f2a79d8733e2f6f83508cb3d7a;b87c167ad44dacc33eba1b220bcb1af77c063dba3d0d37c396c45e3ca82cc60d;2026-09-23T00:53:28.118606+00:00;false
LOC-0144;LOC-0116;CAR;2026-08-17T07:00:00+03:00;OK;1315;22;8604;LOCAL_VALHALLA_MATRIX;4848a4d8796a0cbeb9a914c746641be4f14d3f576cb30a555a4510838fc2f68d;288553e55698531b713408b78f8e91f4aa7488b8d5e8a2e2862f5d84e263317c;2026-09-23T00:53:28.118606+00:00;false
LOC-0144;LOC-0117;CAR;2026-08-17T07:00:00+03:00;OK;1364;23;8743;LOCAL_VALHALLA_MATRIX;7a5b6642a5ae9a2c4d4948bbe5ff17061d06aff471c8ad3c5aa3f62d558da0f0;a352009d9d9e1a4866ede91e02f8993d26ba1e76e3ed178c3e2bd3e94cc40d55;2026-09-23T00:53:28.118606+00:00;false
LOC-0144;LOC-0119;CAR;2026-08-17T07:00:00+03:00;OK;247;5;874;LOCAL_VALHALLA_MATRIX;1b78d11acc651fab5a26c6141314433a6fd7c31ae4871136b45bb56db06a44b1;90e0e07834f5e60653021271e105f0f32e9b7c320c440fc3ef3190c94417e723;2026-09-23T00:53:28.118606+00:00;false
LOC-0144;LOC-0120;CAR;2026-08-17T07:00:00+03:00;OK;372;7;1725;LOCAL_VALHALLA_MATRIX;08dbcc13b561cf70ba2399cc0e3b088c2f5ea0447ceed3780d7818b1ce114dc0;34b4abd2b6dd82a5153f4bc088e5b45db1203419615636881136fc57606cc03d;2026-09-23T00:53:28.118606+00:00;false
LOC-0144;LOC-0121;CAR;2026-08-17T07:00:00+03:00;OK;372;7;1894;LOCAL_VALHALLA_MATRIX;4808d9b05c3d96c054b8ba2b7ae7b54a708dfe69102e8a6c4d2619c799cf6d17;9b1206047e95285e707709dbb0ac9f6685c77bbe9af48939a9a5b2cb0976fd50;2026-09-23T00:53:28.118606+00:00;false
LOC-0144;LOC-0127;CAR;2026-08-17T07:00:00+03:00;OK;1484;25;9963;LOCAL_VALHALLA_MATRIX;98b541dfa28bf6aa5699054a761d9d79a8b5d08dece466bd1356b713fb8b98bf;91e82910a8332345a5bcf1564587c13b6a09b6f2c6fe454a390338ac6dffe7cd;2026-09-23T00:53:28.118606+00:00;false
LOC-0144;LOC-0131;CAR;2026-08-17T07:00:00+03:00;OK;1175;20;7610;LOCAL_VALHALLA_MATRIX;f147f97e95a2d0207701711d604e41d4548a7dc78b3115097d464ce33f58e414;2f2e1386210e3048f66e7807046ba37ba423c0554407a6dab349fcd8d641fc01;2026-09-23T00:53:28.118606+00:00;false
LOC-0144;LOC-0132;CAR;2026-08-17T07:00:00+03:00;OK;1627;28;9815;LOCAL_VALHALLA_MATRIX;651cab73a0ce0ba933b3e3cde62dc12dbf6110b021fe9d9590fbf18f12ea9ca9;80a6ed45d327259c2dfa66540c8e64191b18b79f02dbafd93e465b844acac24a;2026-09-23T00:53:28.118606+00:00;false
LOC-0144;LOC-0138;CAR;2026-08-17T07:00:00+03:00;OK;1286;22;8277;LOCAL_VALHALLA_MATRIX;f8db13bb96158e1dddc992fb81d119d73d2c6e76016c3d1cae5febe1c04e0ce2;44411239acab74855c1b891c709afe4eab3ff8e285a567feea0a957fa5d5383c;2026-09-23T00:53:28.118606+00:00;false
LOC-0144;LOC-0143;CAR;2026-08-17T07:00:00+03:00;OK;727;13;4056;LOCAL_VALHALLA_MATRIX;421d53a20bbc2811177e3fda3692044c2cea364680a3cee454f3f9e6aaf13f1c;2524ae983b230fb6b25448a2d1d48c0f00d887a23791bb87cea396416dca5eb1;2026-09-23T00:53:28.118606+00:00;false
LOC-0144;LOC-0144;CAR;2026-08-17T07:00:00+03:00;OK;0;0;0;LOCAL_VALHALLA_MATRIX;ba75f5f4f862159029ece6a10ec95a623ff644bf0f8737d863401df3f7038f35;3d5812abc84c11768aa73a732c85d75dbed439188f5bb3239e9b762ea31d9862;2026-09-23T00:53:28.118606+00:00;false
LOC-0144;LOC-0146;CAR;2026-08-17T07:00:00+03:00;OK;737;13;4346;LOCAL_VALHALLA_MATRIX;d39affa0a9db99412147c54a090d1fd6c9325085a3f079dc4d95f24ec56b97ff;d149246ba25538abc884e71cb32b3aac3a2fe20e77f4a9f77993ea8ebd5198c4;2026-09-23T00:53:28.118606+00:00;false
LOC-0144;LOC-0154;CAR;2026-08-17T07:00:00+03:00;OK;577;10;2807;LOCAL_VALHALLA_MATRIX;3d618a62a05a7d50b08e238b4566bfcc524383864e731b277eba1b97f790e052;79e54ab593a4046c9c8b1c4601b4cd77a1d6d7c000dde69e096fbb8d914f06d9;2026-09-23T00:53:28.118606+00:00;false
LOC-0144;LOC-0188;CAR;2026-08-17T07:00:00+03:00;OK;789;14;4616;LOCAL_VALHALLA_MATRIX;a9ec959f4f5c3d58fa3af10940a808c03f0d26f2b059f9ef8557eb981df4dbb0;415c1681ffd1567f0222a87d3295dca3b67748dfb0bc9f8b362e26d8182e2ae3;2026-09-23T00:53:28.118606+00:00;false
LOC-0144;LOC-0191;CAR;2026-08-17T07:00:00+03:00;OK;890;15;4941;LOCAL_VALHALLA_MATRIX;be4f7f773b83bc947854c7c4590260eac657812516ce66b12498c1cc42329be2;30695cbe4fef6bce023885d012ae4760f4a7df68294f0daa30dc5aae886e35f3;2026-09-23T00:53:28.118606+00:00;false
LOC-0144;LOC-0193;CAR;2026-08-17T07:00:00+03:00;OK;1953;33;12698;LOCAL_VALHALLA_MATRIX;a11c2564a10cec6ad473893079b7b35be453bd07090c7534aeee5aec2c382944;ace224a4da3e740f3ec6118a8236b96c493b5b888d2f343d24b7c6581c646a2d;2026-09-23T00:53:28.118606+00:00;false
LOC-0144;LOC-0194;CAR;2026-08-17T07:00:00+03:00;OK;2035;34;12972;LOCAL_VALHALLA_MATRIX;0a3e2a434f3944c27e9d33a8f311652cd42e82cb0dd3cafe0af7b117ee379f6d;5583933a12adaa284da51396c5a06658abc4913e4566792b1919dfcfb387abe6;2026-09-23T00:53:28.118606+00:00;false
LOC-0144;LOC-0195;CAR;2026-08-17T07:00:00+03:00;OK;583;10;3200;LOCAL_VALHALLA_MATRIX;3dc10032bdce1c75df3b1bf659a8db055f8de63ec27afd7cfb601be44acc9bc0;483993945d61c5cd1df616792edac305a6c8957671f9930ee5498eb1bfe6ad48;2026-09-23T00:53:28.118606+00:00;false
LOC-0146;LOC-0001;CAR;2026-08-17T07:00:00+03:00;OK;339;6;1793;LOCAL_VALHALLA_MATRIX;a3e844d37d06eec787e098434dfdfa80b4de675628cc830d269a1ba5cd44661c;5be36b44de6471a987386205a79bdff277291b84d24beacea08093451150f415;2026-09-23T00:53:28.118606+00:00;false
LOC-0146;LOC-0007;CAR;2026-08-17T07:00:00+03:00;OK;1128;19;7224;LOCAL_VALHALLA_MATRIX;74de6c8abe18bd6c79d8605befd9a6d6bd8ec4babcc4a9fd26478b681c9d6657;51b155903ef9ea80bcc4e3db97171ce0a54429b23917a098017e33a8e6bc3ccb;2026-09-23T00:53:28.118606+00:00;false
LOC-0146;LOC-0014;CAR;2026-08-17T07:00:00+03:00;OK;1392;24;8949;LOCAL_VALHALLA_MATRIX;2f4d05826331a58bbaa78ebe6d01127fb02ee525d0400ef27c298b5a9ae14223;d966d0c99d1afa78048b366c02e0fab134437a53afb6408f43a59c4c0f5262b8;2026-09-23T00:53:28.118606+00:00;false
LOC-0146;LOC-0015;CAR;2026-08-17T07:00:00+03:00;OK;1116;19;7940;LOCAL_VALHALLA_MATRIX;9a4a9aa0d50a27ad228bd89f1f3dfde8032e2787f5f06b9ba653fd6b668bb6ba;f8c67b62d75ea112131e14fa7e92e07c0029123cd6b5ed56aa48733d3e3a53f6;2026-09-23T00:53:28.118606+00:00;false
LOC-0146;LOC-0021;CAR;2026-08-17T07:00:00+03:00;OK;669;12;3605;LOCAL_VALHALLA_MATRIX;4e567eb8913152b59994a69e1fd0da531c106f575f6d29a018f0d88465a761d0;c446f35edcdee300d47780375592f38234f3d1929409e85fdbda2eb1366eb05b;2026-09-23T00:53:28.118606+00:00;false
LOC-0146;LOC-0022;CAR;2026-08-17T07:00:00+03:00;OK;649;11;3138;LOCAL_VALHALLA_MATRIX;02d47ee3f5063e364b772740396455287a88e77ccb28d68819695ec11d52861d;0ac19dfe88af8a9448d69ce9775c6104e019bfb1bf3bbd47bf584a11ccdc8771;2026-09-23T00:53:28.118606+00:00;false
LOC-0146;LOC-0026;CAR;2026-08-17T07:00:00+03:00;OK;1086;19;6840;LOCAL_VALHALLA_MATRIX;acde6fce7c347f0b7956561f000b1594e85244d345d00b317bd5c0ed65b48dca;833f6635502dd12d86678ea4f90715d6aea5b92f2f1398e161e5e12ac820c47d;2026-09-23T00:53:28.118606+00:00;false
LOC-0146;LOC-0040;CAR;2026-08-17T07:00:00+03:00;OK;1444;25;10434;LOCAL_VALHALLA_MATRIX;b7d70f5b1ab9eb2496eec3814fb48ab945cfdd3b0fde00f7f92752cf3cc58bdf;271f1dd5550e91a4a9e1e719f6abca6592dab7dc842fb249c7f1135c69b3da27;2026-09-23T00:53:28.118606+00:00;false
LOC-0146;LOC-0042;CAR;2026-08-17T07:00:00+03:00;OK;1057;18;7215;LOCAL_VALHALLA_MATRIX;2fe872bb4e6014f6cd1a9ccc84d737c18156d06797d9c9b00a8828642a92f7ff;1b1c11144b39434bc4f63d49a120531c4bcbb7120bf4a2323491c33392b3226b;2026-09-23T00:53:28.118606+00:00;false
LOC-0146;LOC-0043;CAR;2026-08-17T07:00:00+03:00;OK;827;14;4853;LOCAL_VALHALLA_MATRIX;a15de564bab6a49934abe0c0b74ebac7f4373e5f572b1cebcbee8f0c334ec62d;1957111370c8ed396464b728f89416fb8b189913c2f6c94386044aabaf9e34ff;2026-09-23T00:53:28.118606+00:00;false
LOC-0146;LOC-0046;CAR;2026-08-17T07:00:00+03:00;OK;1535;26;9597;LOCAL_VALHALLA_MATRIX;f12f5afee3bef800ff572f96457b69260600c5b6ee8892a26cabb2adb424fd53;a3c1148428d6e65b7f256b425057b35e95d696d65aba7782b91299daca3a22d7;2026-09-23T00:53:28.118606+00:00;false
LOC-0146;LOC-0052;CAR;2026-08-17T07:00:00+03:00;OK;1449;25;8793;LOCAL_VALHALLA_MATRIX;7d615d07ee794aa93186b8c4d8a4d6b02a1feb7cb9379a82c6aceda897f13c1d;866cf27d33cef3b3862d057f10584c05ce97786d397cb0798961987823124bb2;2026-09-23T00:53:28.118606+00:00;false
LOC-0146;LOC-0055;CAR;2026-08-17T07:00:00+03:00;OK;103;2;443;LOCAL_VALHALLA_MATRIX;86859fa7cd2078ff90df1b5cc08ee120fd240a79ed2f3d3e10fea6ea9e143b51;9f3dcaed976b6de464b09b1c0ce8ea8827cc2d7d6c8ad36970110e8beb8d8d02;2026-09-23T00:53:28.118606+00:00;false
LOC-0146;LOC-0056;CAR;2026-08-17T07:00:00+03:00;OK;99;2;405;LOCAL_VALHALLA_MATRIX;9a8a7f8fae41bca2f74c9ee22a1522bbd77f6dfbfae12bab36fa02eb0c27d5e7;e98254e2d7d655288aaafeac6e60aaee90c1acea8d8d0a3ff0f66a28f1a98c77;2026-09-23T00:53:28.118606+00:00;false
LOC-0146;LOC-0068;CAR;2026-08-17T07:00:00+03:00;OK;1583;27;10094;LOCAL_VALHALLA_MATRIX;369ea3f16f16b7b9d64b5a27b6abede2ec363a79385bb3bb983a99cb05fb2337;2256830f8aebf6aed974cd8335ec7e39e032b1f9bcea542a77c2a0df11d395ac;2026-09-23T00:53:28.118606+00:00;false
LOC-0146;LOC-0079;CAR;2026-08-17T07:00:00+03:00;OK;685;12;3413;LOCAL_VALHALLA_MATRIX;20ba0608fc442e1ad95769728aa35a607366164c88fc52fca9a9c93f6f1a5c3e;a0df0b5559add7653637e83ebe1e4d1759f12fd9c9d9cc231ee6bf55790d78a0;2026-09-23T00:53:28.118606+00:00;false
LOC-0146;LOC-0084;CAR;2026-08-17T07:00:00+03:00;OK;1206;21;7042;LOCAL_VALHALLA_MATRIX;4029882ea2e0311facf1573f50ba01fb4ccb22bcf3460dd3743e7bfb25539d20;09cd01f771ba922096d9f3583f6e44b15501896334dee9ba7dc4cd3c83bc2fda;2026-09-23T00:53:28.118606+00:00;false
LOC-0146;LOC-0087;CAR;2026-08-17T07:00:00+03:00;OK;744;13;3824;LOCAL_VALHALLA_MATRIX;eb53dd386bcccaa73fceebf13954a73549be9164e83be1f35d8f9abd63f8480f;603518bd1702938edd1e420d908e6d196ac77bb45cbe55609ae607b4ed43c0cc;2026-09-23T00:53:28.118606+00:00;false
LOC-0146;LOC-0105;CAR;2026-08-17T07:00:00+03:00;OK;424;8;2152;LOCAL_VALHALLA_MATRIX;80431b39deb1e2e99d64a0a805e0ce4e6aab81f2e403efb2eba27f1957afe17f;7a0293ed64539a3058e278fb5da65227428957e46bdb2532a8fcea9d6cc9e762;2026-09-23T00:53:28.118606+00:00;false
LOC-0146;LOC-0108;CAR;2026-08-17T07:00:00+03:00;OK;1241;21;7790;LOCAL_VALHALLA_MATRIX;2030d2e0545477e5a46fd2a59f807dc2ae40d0adcbb0c84f5d5fc3d114aca70d;09fcdc172122d345c812d5aa00dd14dc2317f9766a69c84875bd9feeed9c302d;2026-09-23T00:53:28.118606+00:00;false
LOC-0146;LOC-0109;CAR;2026-08-17T07:00:00+03:00;OK;1028;18;6328;LOCAL_VALHALLA_MATRIX;bd88daae8ca28ff187af2d93645da41e7264dd6414884cc9c3d88d610dc4d0f4;6873802b7d4fe40fd722a864c6d348900e78ae64cc9ac291da97889a4e5a025d;2026-09-23T00:53:28.118606+00:00;false
LOC-0146;LOC-0114;CAR;2026-08-17T07:00:00+03:00;OK;921;16;5490;LOCAL_VALHALLA_MATRIX;7e63a46f1669671403707852f05fff1e2ddb0d14a17102a15d79ec6a005a6bb9;eeb8c77fcb9b0fc2fe8ed5054acc241284928f24b7bfd741e6fdb551ecbdd5f3;2026-09-23T00:53:28.118606+00:00;false
LOC-0146;LOC-0116;CAR;2026-08-17T07:00:00+03:00;OK;1237;21;8006;LOCAL_VALHALLA_MATRIX;deed08e608f8c887bb45bdb74c753641580a3eb162548c0f67df2337531d9337;43b47ca2f48242c7229f504567fb433cdbfce8266aa7072f9b249f3cf2269c45;2026-09-23T00:53:28.118606+00:00;false
LOC-0146;LOC-0117;CAR;2026-08-17T07:00:00+03:00;OK;1286;22;8145;LOCAL_VALHALLA_MATRIX;5ad65eb5d01cd69c7c37fe5b1c6aacbd000ded01345da41259ca4719420f63ec;8f6e7fd8e5de8c961b08d76f1ffe28307eacfa5975e30455be4804dcf536b309;2026-09-23T00:53:28.118606+00:00;false
LOC-0146;LOC-0119;CAR;2026-08-17T07:00:00+03:00;OK;861;15;5039;LOCAL_VALHALLA_MATRIX;991be1b62e2de7ad1052798fa1a3e360857eb1d0bd12ec186b8f233e291f4445;53483fc9098dd3e831cbbb20a1b7905e4b375b78d9503748ffe474c6edcc8deb;2026-09-23T00:53:28.118606+00:00;false
LOC-0146;LOC-0120;CAR;2026-08-17T07:00:00+03:00;OK;564;10;2999;LOCAL_VALHALLA_MATRIX;ac495697f3bcd0c97fb3f36c014fb38eac290f31dd976a55982ebac6942ce54b;fa999e767643ad2e56f4604927f722d404d250c970565cb0bb97dac42a48fae5;2026-09-23T00:53:28.118606+00:00;false
LOC-0146;LOC-0121;CAR;2026-08-17T07:00:00+03:00;OK;932;16;5702;LOCAL_VALHALLA_MATRIX;09ce19d0836f35b6d414c5571fccbbbc1126221feb3eb585e616298b6e501cf2;e23de1b29c4df83188dcf7d42d986b5bbcb2cebde9f03638c1b9e769b99a335f;2026-09-23T00:53:28.118606+00:00;false
LOC-0146;LOC-0127;CAR;2026-08-17T07:00:00+03:00;OK;1279;22;8895;LOCAL_VALHALLA_MATRIX;82600e3b67f263271535cfa7858900667e89b854231992d63968375a5708e9fd;11a631fe517e179c4a17d2d44d3c298efd6a8a726d95eedeba4170d576c62a65;2026-09-23T00:53:28.118606+00:00;false
LOC-0146;LOC-0131;CAR;2026-08-17T07:00:00+03:00;OK;1096;19;7012;LOCAL_VALHALLA_MATRIX;b46a32b2417a253eac0a3fc24666fb91400add6cad3d2fc8a4f06029569de262;6653af5549e1ee98b0a9554339d50962076a6d0eafb95c1265dc2dbba9e369ea;2026-09-23T00:53:28.118606+00:00;false
LOC-0146;LOC-0132;CAR;2026-08-17T07:00:00+03:00;OK;1506;26;9628;LOCAL_VALHALLA_MATRIX;032f81aa2f193768ce753c4cc78d9db9b64d26e5ea10f86ac6ac83126ff9fc3e;c51215922f2bb9eb06ac13aef763306937b405a98b92816dca27d8d6692db230;2026-09-23T00:53:28.118606+00:00;false
LOC-0146;LOC-0138;CAR;2026-08-17T07:00:00+03:00;OK;1108;19;7523;LOCAL_VALHALLA_MATRIX;3cb732d821c44d6948026195484858dcc0de7e85c98c2fcb085211cfdffc7fe7;507af1b459b8ad1ff1982d2ed59ce1358e33ac923690a3f301daadc7c445036b;2026-09-23T00:53:28.118606+00:00;false
LOC-0146;LOC-0143;CAR;2026-08-17T07:00:00+03:00;OK;1058;18;7031;LOCAL_VALHALLA_MATRIX;e891342f2b9fa5d49059b18d679c6ac1f87824302b22029c5b317cc777b33192;814a65410c0579e776252169b746f06aac1289ba54bbd9f8f2cc59f8f960e7aa;2026-09-23T00:53:28.118606+00:00;false
LOC-0146;LOC-0144;CAR;2026-08-17T07:00:00+03:00;OK;791;14;4380;LOCAL_VALHALLA_MATRIX;b6ec423c81113f9d7bfab62213939cf643911b6c6286d49987398257ae110556;4031484a7b913d0db26f8983f8fc7d1d3f54ce7399552bbf22ffe0ca7e58596d;2026-09-23T00:53:28.118606+00:00;false
LOC-0146;LOC-0146;CAR;2026-08-17T07:00:00+03:00;OK;0;0;0;LOCAL_VALHALLA_MATRIX;9007493842386e7cab3014c0cb2c53b5197fd9d628630c2fe4a1212347d31b50;3d5812abc84c11768aa73a732c85d75dbed439188f5bb3239e9b762ea31d9862;2026-09-23T00:53:28.118606+00:00;false
LOC-0146;LOC-0154;CAR;2026-08-17T07:00:00+03:00;OK;673;12;3516;LOCAL_VALHALLA_MATRIX;b709c85f987d5a80a7dd520a19ae36b93d5fad7038b727803c12aa02847f45ce;05d85192d1bf382fdad7d0208cab2de892815f3e0b2700404fca4df601b9fa43;2026-09-23T00:53:28.118606+00:00;false
LOC-0146;LOC-0188;CAR;2026-08-17T07:00:00+03:00;OK;1103;19;6506;LOCAL_VALHALLA_MATRIX;9e673325bd4e817cae5099fcc8667a5df5c0722472ccc93c456b08dfe928cd77;58c748754661ac097d3d5e2fd353cb4ae11d8ac5a1c99fc77678eb5139f434ce;2026-09-23T00:53:28.118606+00:00;false
LOC-0146;LOC-0191;CAR;2026-08-17T07:00:00+03:00;OK;1154;20;7348;LOCAL_VALHALLA_MATRIX;3bd31cf0e747bafc486ea7149eada554f03931642ad3422684973761049c672d;c7a8951e6d038ce1003487542c9292b052ae7f61c168bfe4015c34808f18c295;2026-09-23T00:53:28.118606+00:00;false
LOC-0146;LOC-0193;CAR;2026-08-17T07:00:00+03:00;OK;1852;31;12053;LOCAL_VALHALLA_MATRIX;487699419a61883fa112d3b83b662829e90b01cdc6c691ef757036e90210eba9;9c053d8ba09e3cacd039823352683ab4e66e5a2c33437721a42401f3f2c1f6b1;2026-09-23T00:53:28.118606+00:00;false
LOC-0146;LOC-0194;CAR;2026-08-17T07:00:00+03:00;OK;1935;33;12330;LOCAL_VALHALLA_MATRIX;4677fc896d7838d64be63d3ca3c4be57e47c276c75d2b570f745270b825b1982;754236dbcc053a5375f2cf346a604c82c883cadfd843ba9225471612cc6d29f4;2026-09-23T00:53:28.118606+00:00;false
LOC-0146;LOC-0195;CAR;2026-08-17T07:00:00+03:00;OK;663;12;3890;LOCAL_VALHALLA_MATRIX;906200d13801a9198b292443b94d87f7dd613fb46a658ec1a422fbc886cbaead;eaff86cc01b4e9aa6ce825539725ab5c4de499ed50909713616cb83ea5b65eb6;2026-09-23T00:53:28.118606+00:00;false
LOC-0154;LOC-0001;CAR;2026-08-17T07:00:00+03:00;OK;584;10;3228;LOCAL_VALHALLA_MATRIX;d938a7122b0848dd078416a9738466257016764ee2a698ee1b2fad81ff379b28;481f7b3835cc94b6b8f167295d85dc0e37abf8a5cb7d06cb72838b85a571cabe;2026-09-23T00:53:28.118606+00:00;false
LOC-0154;LOC-0007;CAR;2026-08-17T07:00:00+03:00;OK;744;13;4596;LOCAL_VALHALLA_MATRIX;ff45ebbe76007f041c170f8b9fe6caae437cd0a8f6dd8eacba5eb3cc832bbb10;bf67285dfbd455b1d0c41f4708cd19d5d1dfbe6d2397ea9e21fe4755cc12b47c;2026-09-23T00:53:28.118606+00:00;false
LOC-0154;LOC-0014;CAR;2026-08-17T07:00:00+03:00;OK;1885;32;12176;LOCAL_VALHALLA_MATRIX;e23944c7d50d3329e8b005d9d7627e512c296e0c3bb0d3993782de01dff2f9d7;92429c0f91d9cdb065d34024000f007dc8f758d7871a64d49925230fc4ad7752;2026-09-23T00:53:28.118606+00:00;false
LOC-0154;LOC-0015;CAR;2026-08-17T07:00:00+03:00;OK;1608;27;11167;LOCAL_VALHALLA_MATRIX;8affe487ae64c64ff97a0b5ba67b5d32be16c2b327516ed03bf1698c8dbf5b1b;c50fcd0d76af88be1bb847487ea1d7469ccd9e6e4aac7bb6d89cd9e136c5b3a6;2026-09-23T00:53:28.118606+00:00;false
LOC-0154;LOC-0021;CAR;2026-08-17T07:00:00+03:00;OK;291;5;1032;LOCAL_VALHALLA_MATRIX;3e0de135c75de0ab3227d86ed8e0526fb0d9592a18281c8cef5c5c14dd59b416;b2c49d7061ff13eb8494bb84d47cc415cfb5c4f42fed11292ca70b61c02a6812;2026-09-23T00:53:28.118606+00:00;false
LOC-0154;LOC-0022;CAR;2026-08-17T07:00:00+03:00;OK;700;12;4171;LOCAL_VALHALLA_MATRIX;1d04f79e71fe2d35d0d190bdca9927de285898f5f3800248a3927aca8aba7790;af6997a9edaf597c8b0ec2ecf91903a054d3fa43eef6a62c4e224bd62140679a;2026-09-23T00:53:28.118606+00:00;false
LOC-0154;LOC-0026;CAR;2026-08-17T07:00:00+03:00;OK;685;12;3805;LOCAL_VALHALLA_MATRIX;cf10967e48a220af5f412ea0473685e1d0832f09af11ab4881e789a78d9c44e9;f5761d4cbaecefc223a9f4d1569b07d4fd4299a14c59a3e6b9370fe509594432;2026-09-23T00:53:28.118606+00:00;false
LOC-0154;LOC-0040;CAR;2026-08-17T07:00:00+03:00;OK;1035;18;7461;LOCAL_VALHALLA_MATRIX;ca0bc3b3a1fb158e51080e2e7bd681d36dd4b4a768b7defab6e167187f76b465;ccfabe309c0c60e5a0e4493ff7f906d1817d8c6f6750f9b24b4dc1cf71bc517c;2026-09-23T00:53:28.118606+00:00;false
LOC-0154;LOC-0042;CAR;2026-08-17T07:00:00+03:00;OK;1550;26;10442;LOCAL_VALHALLA_MATRIX;1290d2e6e52b2dca1c14fadb8fa7f6e3b7660a1ce90a8298bb348dd1e4c5b76e;92cd79801d9dd4c587913e4c4084ce15aff0dbfaf88e3a396a4e9989db8a6611;2026-09-23T00:53:28.118606+00:00;false
LOC-0154;LOC-0043;CAR;2026-08-17T07:00:00+03:00;OK;555;10;3169;LOCAL_VALHALLA_MATRIX;cb5a701bc37fc209dcf6cf0d99db9c29b48f409076da607b61453f2912263e5c;cb832a0b5cb1b6e1cf1dc4aee1d9cbfe3688b8047d55585f7b652739a9e0259d;2026-09-23T00:53:28.118606+00:00;false
LOC-0154;LOC-0046;CAR;2026-08-17T07:00:00+03:00;OK;2061;35;13174;LOCAL_VALHALLA_MATRIX;344693373a406a382a740c376933965fe4f29956d3b1e57648de98f0fe0e9662;827eccc68c72191f404b9dd61734a0f6357e52ff85332d26e071450574bbaf04;2026-09-23T00:53:28.118606+00:00;false
LOC-0154;LOC-0052;CAR;2026-08-17T07:00:00+03:00;OK;1974;33;12370;LOCAL_VALHALLA_MATRIX;971da441977eeb243b9c0963c404e570011db0f1bdf238c7addf81521b56e1d3;05cc42338edf7ccc7a613beee3aa6e96e93ca5704089e8dbaaabdfcac7f02759;2026-09-23T00:53:28.118606+00:00;false
LOC-0154;LOC-0055;CAR;2026-08-17T07:00:00+03:00;OK;651;11;3652;LOCAL_VALHALLA_MATRIX;3c4b641eb8ddc8eff247821c4e61a0ac2b3876ca1a0f4ad2ebbd4b1c1748f6df;426e25ca0ab93d5519a1780c19f749777a380375dafcee25574b55cb92c9bdba;2026-09-23T00:53:28.118606+00:00;false
LOC-0154;LOC-0056;CAR;2026-08-17T07:00:00+03:00;OK;735;13;3910;LOCAL_VALHALLA_MATRIX;8f4758c38e0fb8312b488b6611ad1c4d7c73c6d7769cd17101ee3f89b91719b1;6b8df1f687886be2cb98ce04d442619b3f001eb8a4cd2e36fb307c1e12338931;2026-09-23T00:53:28.118606+00:00;false
LOC-0154;LOC-0068;CAR;2026-08-17T07:00:00+03:00;OK;2108;36;13673;LOCAL_VALHALLA_MATRIX;c04dcf0b08efc94c635fafc2e055bd415bbe711e62837c1155361b60d461dcf1;ce2ca8c772f65cb0161d3584ac3428ebf1f6994aaf66caef6968a8db2eea1e39;2026-09-23T00:53:28.118606+00:00;false
LOC-0154;LOC-0079;CAR;2026-08-17T07:00:00+03:00;OK;1126;19;6637;LOCAL_VALHALLA_MATRIX;3da3e8882c72f57fc01f4e9882a78a6a4a16f433abe9f5095e5efd3e2ee3ecb3;dbea10d26e2b0dc8fb37562986a9f486b8ef7b4a3472a5b6d4d73bd1ee234223;2026-09-23T00:53:28.118606+00:00;false
LOC-0154;LOC-0084;CAR;2026-08-17T07:00:00+03:00;OK;1027;18;5667;LOCAL_VALHALLA_MATRIX;02cf5cddb5184164edc850fe1ac2afbff7388e570a45d3ebd0c33a894423102a;daf1d8b92552774925620eb8a703cc01718c32074c146e53972154221f468b1a;2026-09-23T00:53:28.118606+00:00;false
LOC-0154;LOC-0087;CAR;2026-08-17T07:00:00+03:00;OK;770;13;4063;LOCAL_VALHALLA_MATRIX;fee26bbf916cd27ec6fc1b4b8f5e9c9ca3159b88b5aa37d723673c0923828bf3;2a706ffd318c8dadbd6f4dbfc44b2fe7c211fb06a3f816f0ec37efd0e9406d77;2026-09-23T00:53:28.118606+00:00;false
LOC-0154;LOC-0105;CAR;2026-08-17T07:00:00+03:00;OK;504;9;2525;LOCAL_VALHALLA_MATRIX;969fc222a15e179a20e67450362a37eefb00851d3b35e7fb31228141a0123a29;328a4e6afbedacc5c88a309d234c942620c69a5d73465839afdd7e3008774763;2026-09-23T00:53:28.118606+00:00;false
LOC-0154;LOC-0108;CAR;2026-08-17T07:00:00+03:00;OK;1718;29;11145;LOCAL_VALHALLA_MATRIX;c702a54af66ce382af0c71764f8dfd04b58fd41fb15a09f9ffc102333d96de96;51dc577de85f0cbe5f506ca0347f39026a855154ac65e0fb01d8bf503edddb81;2026-09-23T00:53:28.118606+00:00;false
LOC-0154;LOC-0109;CAR;2026-08-17T07:00:00+03:00;OK;1037;18;5980;LOCAL_VALHALLA_MATRIX;9e18dfbdd7e2fd0cdafc44f9880f944a79eed9ec6c6c5855f6bedd2ed74a1a63;ceb36fe4ba16149461f959828042995289604a8aa2eb52ed747e011fcfac2b00;2026-09-23T00:53:28.118606+00:00;false
LOC-0154;LOC-0114;CAR;2026-08-17T07:00:00+03:00;OK;1399;24;8845;LOCAL_VALHALLA_MATRIX;9ee26e3dbff87eb2b2ee7295594043ce1b9a68e045cad61fa6a64e31a406e8c5;fbe9785983bdbe707e0ed24f4d6cc0a3a19e3de34d73d1f21ab680cd41a40a33;2026-09-23T00:53:28.118606+00:00;false
LOC-0154;LOC-0116;CAR;2026-08-17T07:00:00+03:00;OK;1714;29;11361;LOCAL_VALHALLA_MATRIX;3d04f8437393b94616e1ce34f598807a93d148da59f07ae615fe9161529f2c74;fefe7c67d22260ea5a6ae630c1a7dd95393efb9accb50c44a4e7bddda2457402;2026-09-23T00:53:28.118606+00:00;false
LOC-0154;LOC-0117;CAR;2026-08-17T07:00:00+03:00;OK;1763;30;11500;LOCAL_VALHALLA_MATRIX;b47d8b7bb3353cd8aa203637edd2a62181b853081daca101927dae969cab8bd0;096de47f34599716a679f842cfff35af59c91c34bd128a5fa226f2ca580203bf;2026-09-23T00:53:28.118606+00:00;false
LOC-0154;LOC-0119;CAR;2026-08-17T07:00:00+03:00;OK;719;12;3967;LOCAL_VALHALLA_MATRIX;7e2823ee4f57d0808f2639c166db7a453128dd4df0991357d802dac369ea3cba;f7f8642fce681f034dfddc747d58fd5f81a043d2e9fbdbf076039a1c86d2e990;2026-09-23T00:53:28.118606+00:00;false
LOC-0154;LOC-0120;CAR;2026-08-17T07:00:00+03:00;OK;814;14;4653;LOCAL_VALHALLA_MATRIX;cbd5e592f9e98fd783eef9e79dfc95cee4bd01dfb0ce3b65bceb11cfba36bf5b;f141cbc64733dcf2b5ca485ddaf24698e0f52795e07ab446516979da476190ee;2026-09-23T00:53:28.118606+00:00;false
LOC-0154;LOC-0121;CAR;2026-08-17T07:00:00+03:00;OK;753;13;4131;LOCAL_VALHALLA_MATRIX;ed76d7bb0968f66c915823f0b96d7cfa8985e3f7b49de2c390ebae0cd07fd302;a0b8ff1fb9580175bda13c24bf5275db1cb7d765e7cefbac0f0b6647ba182565;2026-09-23T00:53:28.118606+00:00;false
LOC-0154;LOC-0127;CAR;2026-08-17T07:00:00+03:00;OK;1771;30;12122;LOCAL_VALHALLA_MATRIX;d68b80c8bf7d126f6d48d6fad2362fff9cfd2b1d055f289a464c427d3d57e2a2;976c59fb2e368b9209c8030d572011b73e20dd49fdb16554428e12be2ecebea2;2026-09-23T00:53:28.118606+00:00;false
LOC-0154;LOC-0131;CAR;2026-08-17T07:00:00+03:00;OK;1574;27;10367;LOCAL_VALHALLA_MATRIX;98937cc59165922240e1071e5a884141ea45b1ca056292d9e029374f4f0038a5;463bdf24e3f385c6621e2a1ab94363639841981e6fcfd56e530a3bb0e41dff6f;2026-09-23T00:53:28.118606+00:00;false
LOC-0154;LOC-0132;CAR;2026-08-17T07:00:00+03:00;OK;2031;34;13205;LOCAL_VALHALLA_MATRIX;de2a8bb49d245c9fb085deb219d5418128ea14d5fa866e7b0013fb249392bc1c;b9bd470e895247cb5d013f47bd8a7d47534d91e54a003af349b4d0b951691f8e;2026-09-23T00:53:28.118606+00:00;false
LOC-0154;LOC-0138;CAR;2026-08-17T07:00:00+03:00;OK;1600;27;10750;LOCAL_VALHALLA_MATRIX;2fafa4fb71b56962350cb0a9ed1062db6f14c1057d5a89f0b213002c70fadb9e;de6b52878be94673775877be76ab91ebdb813f51d55733cdfcc8fac50478a333;2026-09-23T00:53:28.118606+00:00;false
LOC-0154;LOC-0143;CAR;2026-08-17T07:00:00+03:00;OK;674;12;4403;LOCAL_VALHALLA_MATRIX;0ffdcb99900a0ac7e41fcaf7669f87fac1a4cafb311775c093d95955eeeb5fa7;a4fdb9a0251e17a3481d57a3a0619d29a0d90f17f5084c4d52b8b1a8364778de;2026-09-23T00:53:28.118606+00:00;false
LOC-0154;LOC-0144;CAR;2026-08-17T07:00:00+03:00;OK;768;13;4156;LOCAL_VALHALLA_MATRIX;81befac9dc3d4cab4478ee3bce354bb36402518f74ee7fb4b51bbbd021655463;72f58d52dfc8f40810f3bab1793ce23cb9a964e481843e9cbcb9b27abf2ef475;2026-09-23T00:53:28.118606+00:00;false
LOC-0154;LOC-0146;CAR;2026-08-17T07:00:00+03:00;OK;680;12;3798;LOCAL_VALHALLA_MATRIX;acd1f673da4d16211a4105f097fe2b799b54e986276331af067f5a0dd89618ae;07cdd922c19fb89fbe0ad6c25a1fad1a99291ee9ba8e051af4cb2e2a964a3228;2026-09-23T00:53:28.118606+00:00;false
LOC-0154;LOC-0154;CAR;2026-08-17T07:00:00+03:00;OK;0;0;0;LOCAL_VALHALLA_MATRIX;36fbf32e2c16a7eedaa49ec4b0e9bbc199086fd426090674a82e9e68cd2aa509;3d5812abc84c11768aa73a732c85d75dbed439188f5bb3239e9b762ea31d9862;2026-09-23T00:53:28.118606+00:00;false
LOC-0154;LOC-0188;CAR;2026-08-17T07:00:00+03:00;OK;1188;20;7373;LOCAL_VALHALLA_MATRIX;6da455c893ab7b2e04e22eab36d266255bddb7fa63866346a286914623968809;3c604009fdf28bb5b946121cd11a1b0576e78717e8ecedb3bb441cd588de9f28;2026-09-23T00:53:28.118606+00:00;false
LOC-0154;LOC-0191;CAR;2026-08-17T07:00:00+03:00;OK;770;13;4720;LOCAL_VALHALLA_MATRIX;2f1835e6f24585947a97bdc57354e005899e5a35e8e12c787e31ce8f2b6f28ae;37451eadf78fde64ed9c826dc5958ef3c7da33ecf4976449dbeb976322ba9833;2026-09-23T00:53:28.118606+00:00;false
LOC-0154;LOC-0193;CAR;2026-08-17T07:00:00+03:00;OK;2343;40;15629;LOCAL_VALHALLA_MATRIX;bddb3e55addabe45ed34fac1f0727f54fff05607534a45c57a02d5cd0e43c5db;d7a29539fe3dcdc34326af446c0bab408d04eb0b7d4c7cf16aa3c0599d2f8a15;2026-09-23T00:53:28.118606+00:00;false
LOC-0154;LOC-0194;CAR;2026-08-17T07:00:00+03:00;OK;2424;41;15903;LOCAL_VALHALLA_MATRIX;ffe31f7aa750a05ecc9cfa953be73419d3aa2d970bfd29cbe628451b99f1b682;9d3ae4b8cb9e005f42d5d69541b2a89046ec1ecb7f68ac7046ae2ef05cb7ec2f;2026-09-23T00:53:28.118606+00:00;false
LOC-0154;LOC-0195;CAR;2026-08-17T07:00:00+03:00;OK;222;4;861;LOCAL_VALHALLA_MATRIX;472cdf3c7dd09c356229cdd5697af29f26e09cf8af80752648e62593182f4e52;086bbf191d178ae23f7a75e8c12b47ef6aab5ddcaa863f36464c9f890f40f0aa;2026-09-23T00:53:28.118606+00:00;false
LOC-0188;LOC-0001;CAR;2026-08-17T07:00:00+03:00;OK;1036;18;6530;LOCAL_VALHALLA_MATRIX;3084a797bde3aef355ff23419ffa80c5e037f677ddaf1ce84fc732bb4b9132de;0c9222b929d278bab8da8361a6c6bde91379082b1b2fc96767f9ff3f09b18bda;2026-09-23T00:53:28.118606+00:00;false
LOC-0188;LOC-0007;CAR;2026-08-17T07:00:00+03:00;OK;1129;19;7200;LOCAL_VALHALLA_MATRIX;a18e2b5188286e134c29a10574b605dd87a258fc08486c0321f7cd3dabc6cd65;9085473f755f1f0e77c5136769d8e90e2b26b52e2c6c0f4c5993571e500968f4;2026-09-23T00:53:28.118606+00:00;false
LOC-0188;LOC-0014;CAR;2026-08-17T07:00:00+03:00;OK;1126;19;6801;LOCAL_VALHALLA_MATRIX;1b8e0bde01f401e9017cb192413bae3e5a35d68cfb049ff091acb98b51e4d240;f682682b5f447e32dad5a8760ca5baefeff892a362c9463cc7bd3f8d8784ff37;2026-09-23T00:53:28.118606+00:00;false
LOC-0188;LOC-0015;CAR;2026-08-17T07:00:00+03:00;OK;1041;18;7101;LOCAL_VALHALLA_MATRIX;c32c657dfca3db2da508b71a4d954c1afd83d2f95c7a36874cf242f183ec0522;91c21d80412516de6b7ee76ec7323555c9670827b1974495ec2dcd10cab4a7c7;2026-09-23T00:53:28.118606+00:00;false
LOC-0188;LOC-0021;CAR;2026-08-17T07:00:00+03:00;OK;1208;21;6688;LOCAL_VALHALLA_MATRIX;126f770536e2045a9bd8ab6db6a8773f4b0d85444a42856a14be27e3afbf139c;5b48abd5a24160ed919ef9569031148eb1a35c5fde17a0db87f4241a511788c6;2026-09-23T00:53:28.118606+00:00;false
LOC-0188;LOC-0022;CAR;2026-08-17T07:00:00+03:00;OK;992;17;5640;LOCAL_VALHALLA_MATRIX;ec5741bd999b27d5f395f87fbc400ac858c15563e2be0e9e08f77dfc7b86bb2c;36410372187a63fd0471027da8f28a54624a633dafded90f0b741a1bb7f1baac;2026-09-23T00:53:28.118606+00:00;false
LOC-0188;LOC-0026;CAR;2026-08-17T07:00:00+03:00;OK;786;14;4851;LOCAL_VALHALLA_MATRIX;46bf97ab247c52e3ba0d31afa5419742bf2f2e6272ce48f66092d498cd1d7ee3;9f7530e14d76e8929c56e8400b5ba32ef3322ccd239b7ade16dfb6edc959a1c4;2026-09-23T00:53:28.118606+00:00;false
LOC-0188;LOC-0040;CAR;2026-08-17T07:00:00+03:00;OK;1364;23;8355;LOCAL_VALHALLA_MATRIX;8e590aacb31fdee99cf7881938a5096ddb685c9d8863a156e57a4ecbb041acfd;aa2e21f537fa74109e016ffeb36000d52874cea6fa86edcb030a5c89bc594f16;2026-09-23T00:53:28.118606+00:00;false
LOC-0188;LOC-0042;CAR;2026-08-17T07:00:00+03:00;OK;1130;19;7324;LOCAL_VALHALLA_MATRIX;f39830bd60f72bac6b3c4208fb85fa25eaaadc4fdf1e2b03cac0a579376dd1c2;70912307d20700dc53487689050ca6036225af241f05bd4cc9e36bbf762dee4e;2026-09-23T00:53:28.118606+00:00;false
LOC-0188;LOC-0043;CAR;2026-08-17T07:00:00+03:00;OK;641;11;3990;LOCAL_VALHALLA_MATRIX;020ec99393e9c8c54ce1a47eae2c8affcd913980d74683ced91cd54eef5671e5;3c63054b9d7c8bcf66a9f627bbbdf0a1865ec0b344f2294748c4df2fbab44680;2026-09-23T00:53:28.118606+00:00;false
LOC-0188;LOC-0046;CAR;2026-08-17T07:00:00+03:00;OK;1264;22;7640;LOCAL_VALHALLA_MATRIX;1ecdc118b11d6e169f53ed5a11ddad5631571cc4fdfee377ccf725b32978a078;aa768266777ca1640e2f588b15f57afe88817551308e4ae5409ebfef976e1557;2026-09-23T00:53:28.118606+00:00;false
LOC-0188;LOC-0052;CAR;2026-08-17T07:00:00+03:00;OK;1187;20;7047;LOCAL_VALHALLA_MATRIX;332c269c809148e55629340dde8ee3ecc0e01b4d731644cb8d1cbdfe107be821;918022150749c5930461bc71a911a6c152ec543104d2143a46ffddd490c8896e;2026-09-23T00:53:28.118606+00:00;false
LOC-0188;LOC-0055;CAR;2026-08-17T07:00:00+03:00;OK;1103;19;6883;LOCAL_VALHALLA_MATRIX;f0ab7b8392184e0db78def18168d27c69101a3999ae9847da998c6645aa66982;7bc67cbacdff0bae08ac71b5fc0f3b0fbee045fd5823235722c2893a2df272fa;2026-09-23T00:53:28.118606+00:00;false
LOC-0188;LOC-0056;CAR;2026-08-17T07:00:00+03:00;OK;1158;20;6945;LOCAL_VALHALLA_MATRIX;d0637ebfce9e842ff4f83406e7171d630cdeda30634685dc6d7665d6f5e07f84;d822fbce2a42d724ffd5a68197f468ad656fbb006259bb15d0abe33037e2632f;2026-09-23T00:53:28.118606+00:00;false
LOC-0188;LOC-0068;CAR;2026-08-17T07:00:00+03:00;OK;1311;22;8137;LOCAL_VALHALLA_MATRIX;da352fbfbf8f71092e319d2afd61a2959ebd8055034d3ecee4a8fb7fdb82d551;2f5368f5b151425f76e003c21e8f86ac9561126b5d0dc752cc8616746d74fe65;2026-09-23T00:53:28.118606+00:00;false
LOC-0188;LOC-0079;CAR;2026-08-17T07:00:00+03:00;OK;788;14;4279;LOCAL_VALHALLA_MATRIX;09027f5aea291481fad41e95b5fa36064e2d384b5f8cf548989916534a5cc35e;956bc3607167630c608e8bd704e7c8ee8a54fc02bfec89001df6b2f3cfcec702;2026-09-23T00:53:28.118606+00:00;false
LOC-0188;LOC-0084;CAR;2026-08-17T07:00:00+03:00;OK;663;12;3458;LOCAL_VALHALLA_MATRIX;ce62738af7d17da5b71a15d1837525fd005fc8517271a495226c6c8ec84d33f1;f4bb98ffab4f514d4e134191bf65bdf6674a72734d2ffdc09f027d14aedda93d;2026-09-23T00:53:28.118606+00:00;false
LOC-0188;LOC-0087;CAR;2026-08-17T07:00:00+03:00;OK;847;15;4718;LOCAL_VALHALLA_MATRIX;2fd9375b8315dc22c432e685590007ab096a6b81f4db5d439f6aefcb2ed39ca0;e72533a2909a44a18d2d0f5f7a30d209dd5516c30daf005e92baa009619fb800;2026-09-23T00:53:28.118606+00:00;false
LOC-0188;LOC-0105;CAR;2026-08-17T07:00:00+03:00;OK;1087;19;6579;LOCAL_VALHALLA_MATRIX;b2a96fd80412ac47603105dc762edb6b4bd4e0cfa1b655c15ec972392dcbff89;13ccf64141af1aa93242ee4f5ff9a1973a28dff1fcc4bdce5ba77c642b9be417;2026-09-23T00:53:28.118606+00:00;false
LOC-0188;LOC-0108;CAR;2026-08-17T07:00:00+03:00;OK;847;15;5172;LOCAL_VALHALLA_MATRIX;a0da3e2ddd3a3f397dcefe1ba30b4db88c85b14eb7ddc28a0cc5888e0b3a0afe;6532010739ea74212f1e998936abfe12bb8d55a291fac5c40c7167e63db16ffc;2026-09-23T00:53:28.118606+00:00;false
LOC-0188;LOC-0109;CAR;2026-08-17T07:00:00+03:00;OK;548;10;2946;LOCAL_VALHALLA_MATRIX;eaff15b7308a9c41e4eea1800a907275df4b6b68aed15d639510a2631737780f;dba06e7fb4c0b2569ef900fc762861a69d7667be8261f93a0c4e80d50efc9fc1;2026-09-23T00:53:28.118606+00:00;false
LOC-0188;LOC-0114;CAR;2026-08-17T07:00:00+03:00;OK;528;9;2872;LOCAL_VALHALLA_MATRIX;10844b0b1a50ff10279918dde24951219ac2fd8035996f925748cc6742cc3cb6;f83f8a400095090f8b5b4674a0d75f449f80c805776422d27f50eab423ee9dc9;2026-09-23T00:53:28.118606+00:00;false
LOC-0188;LOC-0116;CAR;2026-08-17T07:00:00+03:00;OK;843;15;5388;LOCAL_VALHALLA_MATRIX;fcd4089c1bb49bba576b41160cf9f3eeceb0d3152e1b551490f6453d4c9a6f7d;83b4599500e24ba7835d5154044f832d4a5297058b7b70ee2e8dd322edb9824c;2026-09-23T00:53:28.118606+00:00;false
LOC-0188;LOC-0117;CAR;2026-08-17T07:00:00+03:00;OK;892;15;5527;LOCAL_VALHALLA_MATRIX;bcf3fb58a64fdb17c207cbe84d5f6b68af5bb5a10ebc7c5d7c73621ba24d4cd9;0198a648ccb5b5ab699dff57900b795f7eb570c9d8be114dcad4cf68232104cd;2026-09-23T00:53:28.118606+00:00;false
LOC-0188;LOC-0119;CAR;2026-08-17T07:00:00+03:00;OK;634;11;3704;LOCAL_VALHALLA_MATRIX;1360df43f4213371e2ab90dab145ffd43e924e464aaa7fef23014d2b45b974d1;74bf894f7786e3bdf215f23b15446e15cbc7065c1b03cab1349392faf584d795;2026-09-23T00:53:28.118606+00:00;false
LOC-0188;LOC-0120;CAR;2026-08-17T07:00:00+03:00;OK;868;15;5225;LOCAL_VALHALLA_MATRIX;80f1c3d60be5bf14baa5252f5815e1b259c41b2e173d3a59e3b1c9c42d1651c3;d9d2b2d85731166bbb6c6e8923c5475394a8a91be65bda7e267baf848c19d206;2026-09-23T00:53:28.118606+00:00;false
LOC-0188;LOC-0121;CAR;2026-08-17T07:00:00+03:00;OK;680;12;4198;LOCAL_VALHALLA_MATRIX;748a93db1f85339c879a4dc2623fe66f69585ef492a7a8fbe35a44aca229484e;a5d1af5ac0faf2d969548f2c5b9ba60633863793baa95e923f247eb94ae357f6;2026-09-23T00:53:28.118606+00:00;false
LOC-0188;LOC-0127;CAR;2026-08-17T07:00:00+03:00;OK;1012;17;6747;LOCAL_VALHALLA_MATRIX;6cff8052baf486c2892f833fd5406cacf75560c06429aa8c13df7223238a1c63;9da79493f681c8c32b9aa4da9cdd9c8eecbc62380d6bef98c63f78f56c239fb5;2026-09-23T00:53:28.118606+00:00;false
LOC-0188;LOC-0131;CAR;2026-08-17T07:00:00+03:00;OK;703;12;4394;LOCAL_VALHALLA_MATRIX;4f84a329ffa057ff96c2648457e678a79db4f3400125bfdddc23ef64480c324b;3b9a11f3bef94d5d98155d143c8564ab135db8e93db8150ed56b9b790eee7ff8;2026-09-23T00:53:28.118606+00:00;false
LOC-0188;LOC-0132;CAR;2026-08-17T07:00:00+03:00;OK;1234;21;7671;LOCAL_VALHALLA_MATRIX;a6e754e3923e9da70eca754a2f155e4e94a388cd5eaedd1dfc1628566c265921;eefd98734db15a3e727d28d6203efd934fb3fde709d547a3d29a9c7fda72de52;2026-09-23T00:53:28.118606+00:00;false
LOC-0188;LOC-0138;CAR;2026-08-17T07:00:00+03:00;OK;944;16;6096;LOCAL_VALHALLA_MATRIX;4d6ec26f9d019c4f5c19c3b0032c87eefa43b75ebf47f41781c6d734c0f72f64;5ee7e98cd9cf94cd00aeef47455baa962419ae910feb16cc418ef0901f636d91;2026-09-23T00:53:28.118606+00:00;false
LOC-0188;LOC-0143;CAR;2026-08-17T07:00:00+03:00;OK;1059;18;7007;LOCAL_VALHALLA_MATRIX;1adbd0bf4e698b658bc9f545a6698c4e67882a4960db6c0168c7974ca3101561;a85ed46be93811212a9dac0e3ba4a1bc29f6b4136f7770cbb9c2b61fe44c7093;2026-09-23T00:53:28.118606+00:00;false
LOC-0188;LOC-0144;CAR;2026-08-17T07:00:00+03:00;OK;720;12;4072;LOCAL_VALHALLA_MATRIX;02398808d088fef147aa56c00306e6c26aab76ff2735bbea1a02fc02a62b5d5c;3ed8a5f58ae709328745ddf2550d8fa6314ebd230637ba2047f7e2462157e10b;2026-09-23T00:53:28.118606+00:00;false
LOC-0188;LOC-0146;CAR;2026-08-17T07:00:00+03:00;OK;1131;19;7100;LOCAL_VALHALLA_MATRIX;1b41b8174e4e91d6bad1fb00c71ccc481573eae0a3a4c5d9d3115f1f3e41d22f;1cf4069556b4c0aeba927419488a1b6125d418c848b480bd7a24fd089103db69;2026-09-23T00:53:28.118606+00:00;false
LOC-0188;LOC-0154;CAR;2026-08-17T07:00:00+03:00;OK;1072;18;6307;LOCAL_VALHALLA_MATRIX;0ad3989573af95d29d09f916e6c06494467f7e2ab022b351914e377672903da1;dea5220cbb669dfc3eea8a7e8d467e36e71103c33ef4e87b6c9f070efd56b1c0;2026-09-23T00:53:28.118606+00:00;false
LOC-0188;LOC-0188;CAR;2026-08-17T07:00:00+03:00;OK;0;0;0;LOCAL_VALHALLA_MATRIX;3e037f7afba63d59baf4d79ff59e9586cbbf39c5018198d8560c32eee3de2e4c;3d5812abc84c11768aa73a732c85d75dbed439188f5bb3239e9b762ea31d9862;2026-09-23T00:53:28.118606+00:00;false
LOC-0188;LOC-0191;CAR;2026-08-17T07:00:00+03:00;OK;1161;20;7047;LOCAL_VALHALLA_MATRIX;66fc41107b48789d3194bdb04fe73b8a701b4b9821825465808635781ea5f17f;f6f0c0e2d222a8e35e9d62f177a715939c3d7184d405cec4fe42c2bd12fb4b8a;2026-09-23T00:53:28.118606+00:00;false
LOC-0188;LOC-0193;CAR;2026-08-17T07:00:00+03:00;OK;1481;25;9482;LOCAL_VALHALLA_MATRIX;21ea33971d15c26a69f522b84b2955f81663cf5a0e16cacc2def84a446df86e7;189d93bf9346480ffba2a73e6c4cf78f8df1fac026c791f662a8b11d95efb61b;2026-09-23T00:53:28.118606+00:00;false
LOC-0188;LOC-0194;CAR;2026-08-17T07:00:00+03:00;OK;1563;27;9756;LOCAL_VALHALLA_MATRIX;9987557d6ef957913d306c33819ac5c98e2edee853ed21e972641aa7d47be499;0cc7e3bbd35bb877771fb6c3d463d192f8cec3bf268fdc9ad63197036ab870c7;2026-09-23T00:53:28.118606+00:00;false
LOC-0188;LOC-0195;CAR;2026-08-17T07:00:00+03:00;OK;1078;18;6700;LOCAL_VALHALLA_MATRIX;6f5c080549d94480c03592e1551be9833571cdc1f1b46bdf0024b06993c1679c;cb5507f4c918cae1430556e722f28be2ff62273df362974fb5d627f2d9d65083;2026-09-23T00:53:28.118606+00:00;false
LOC-0191;LOC-0001;CAR;2026-08-17T07:00:00+03:00;OK;987;17;6699;LOCAL_VALHALLA_MATRIX;269d15220b1c18de0e372c826adbde422d5b6c78408456bc48d2ef2b0f6c8c0e;3093a333dfb369c9de504e844e22820766b2d1bba27d625bf31248ece5e1293f;2026-09-23T00:53:28.118606+00:00;false
LOC-0191;LOC-0007;CAR;2026-08-17T07:00:00+03:00;OK;251;5;994;LOCAL_VALHALLA_MATRIX;f7edced8bedf55d2dc8ee564fdf9afe110c8838704ebdc4f71b41426eab4c776;f4e2c07d7bdfbb3472a91fa7d46ecbdab7fa5ee89e982b3da10fa91fcfd6f90e;2026-09-23T00:53:28.118606+00:00;false
LOC-0191;LOC-0014;CAR;2026-08-17T07:00:00+03:00;OK;1888;32;12465;LOCAL_VALHALLA_MATRIX;acd05a2abc96532614222a15ad054c69e6f46e92fd261b4be904f3af754d6599;8a2b1d3b936ad2c3b7a8e944672bf9760199c7005ee9694f30f9c105f0ef930a;2026-09-23T00:53:28.118606+00:00;false
LOC-0191;LOC-0015;CAR;2026-08-17T07:00:00+03:00;OK;1735;29;12640;LOCAL_VALHALLA_MATRIX;4f69ce8150e499120e7b8c9af63e3ac8985eb04f224ebee5c88bcf6c1c8b546c;11b2c771ad93066294af7b2f55f169a861a482743cc07df8e04597bc58bd391f;2026-09-23T00:53:28.118606+00:00;false
LOC-0191;LOC-0021;CAR;2026-08-17T07:00:00+03:00;OK;778;13;3921;LOCAL_VALHALLA_MATRIX;c8efe8d98667c07ebd51f4fab20c9b58f2f91d22cc70ae02c1a3adb1e35398ed;d82a3829405f50f0ab6fcd0e69fe81b197f8643d98133779b15022c37c631e33;2026-09-23T00:53:28.118606+00:00;false
LOC-0191;LOC-0022;CAR;2026-08-17T07:00:00+03:00;OK;827;14;5644;LOCAL_VALHALLA_MATRIX;fa31e884951f1c72ec628f2d29056ed4729930761ceede6a5236986dd8628748;1fd7176c7605fdf9aa006658f9709d42701268375202f162e21ef4520daf9de5;2026-09-23T00:53:28.118606+00:00;false
LOC-0191;LOC-0026;CAR;2026-08-17T07:00:00+03:00;OK;577;10;3496;LOCAL_VALHALLA_MATRIX;fd2647aba6f04219d820b69745b0e7d79e3abd8f39a506cd6ac84be0c52c6ae3;d16c7f03a3d48a845159f140446b3551a3bb9b856aa47981f9de61ac3000de53;2026-09-23T00:53:28.118606+00:00;false
LOC-0191;LOC-0040;CAR;2026-08-17T07:00:00+03:00;OK;475;8;2105;LOCAL_VALHALLA_MATRIX;c8458eccf10787dd872ea54ca83a14857917c4730bb20224cdf968ffa9e4e959;dc981cdc8bb1d5b6c265298857778f2f079a98daa4837f6dda8b4dd8c591c575;2026-09-23T00:53:28.118606+00:00;false
LOC-0191;LOC-0042;CAR;2026-08-17T07:00:00+03:00;OK;1676;28;11915;LOCAL_VALHALLA_MATRIX;ed673bb4c83176fc891af9235d97e1f7873c5cdb62d7ed76d46ebfc31674705b;29cc5f611b30cd29b47942a016de0e925483c9a48f8cb6c8bc7b1430131b57b5;2026-09-23T00:53:28.118606+00:00;false
LOC-0191;LOC-0043;CAR;2026-08-17T07:00:00+03:00;OK;533;9;3001;LOCAL_VALHALLA_MATRIX;06804b29a4954b6a38a8913f664b0989332ce0b143a06009d0f76e46d13bde00;200592217a061db6a31985d6b65e9a1199ec9fbff63c8a0bf1a54c47f15dcae4;2026-09-23T00:53:28.118606+00:00;false
LOC-0191;LOC-0046;CAR;2026-08-17T07:00:00+03:00;OK;2102;36;14476;LOCAL_VALHALLA_MATRIX;c8a15069b151e2c7eac6f2a2349214259bc5a19b0b872071020088a33fabc03d;4fc3c432444c990d3f472df58f34668aeebc71c94dbf49de51eb7ee66f11a57d;2026-09-23T00:53:28.118606+00:00;false
LOC-0191;LOC-0052;CAR;2026-08-17T07:00:00+03:00;OK;2016;34;13672;LOCAL_VALHALLA_MATRIX;a771a7f378ec2721cbb1b5d8ca333e5e3ddd498df088f82f518e9bba2f9e16d5;a520feecb1fc5523fb5890d4a1cae4730a3a0fc4f9afe6b9d4af33d425395cfb;2026-09-23T00:53:28.118606+00:00;false
LOC-0191;LOC-0055;CAR;2026-08-17T07:00:00+03:00;OK;1054;18;7123;LOCAL_VALHALLA_MATRIX;913efdabe413ba4b658f3569e2d5ba32a7731d50c7985a575f7d25c6feaefdb2;1bf5e8beb2a38237a02b7536c76b2e5042f49c8140fd4586000148503b70143e;2026-09-23T00:53:28.118606+00:00;false
LOC-0191;LOC-0056;CAR;2026-08-17T07:00:00+03:00;OK;1138;19;7381;LOCAL_VALHALLA_MATRIX;111ab56c23a3e9e10749a61f786ff45f7f2527337709a3eeb75413662482a602;02303cd8bf5c12aed87495b29402bccd6ac463820020355e7a388bcd0c8329e3;2026-09-23T00:53:28.118606+00:00;false
LOC-0191;LOC-0068;CAR;2026-08-17T07:00:00+03:00;OK;2150;36;14973;LOCAL_VALHALLA_MATRIX;66192ef0440243b68556e82d9c17d4aea889b47b64ae0c38643118e83385ad83;6b79b5757dd2670b9d327c98aa72610ed6e9cb7df593879d263044148cc79ba4;2026-09-23T00:53:28.118606+00:00;false
LOC-0191;LOC-0079;CAR;2026-08-17T07:00:00+03:00;OK;1253;21;8110;LOCAL_VALHALLA_MATRIX;31b57385cfd7bd6dc0cf2dbbd9c6de759971f97241cb27854985a97779213856;164ffa2e6a5bdad630a256eda636151d069e47be6e128ac91ab89649c63f0467;2026-09-23T00:53:28.118606+00:00;false
LOC-0191;LOC-0084;CAR;2026-08-17T07:00:00+03:00;OK;919;16;5358;LOCAL_VALHALLA_MATRIX;46772ce3a8002344117426b712db3f36a3f514f8d239ba0bae30386d6a15d4bf;a2d4329b32ba2019c5688da5f492649207a4a5a73e45966a00b636399bde8ead;2026-09-23T00:53:28.118606+00:00;false
LOC-0191;LOC-0087;CAR;2026-08-17T07:00:00+03:00;OK;897;15;5536;LOCAL_VALHALLA_MATRIX;95bebf028105c8b43fea85602bd165737a146586e8b6387d090c72bb091f66a3;83744aaeff7ad49c4427baffb7bb97e3b8e30d72447376ee97184ecc0047d8de;2026-09-23T00:53:28.118606+00:00;false
LOC-0191;LOC-0105;CAR;2026-08-17T07:00:00+03:00;OK;907;16;5996;LOCAL_VALHALLA_MATRIX;5749b786e9d688fa6bad09b206e0978bb1280415730a9d3bbf6071219dc88eaa;757f5c094591c1a9d73f67e2a0181af894b734e68f9fa4fd49c4f04deb6cafe6;2026-09-23T00:53:28.118606+00:00;false
LOC-0191;LOC-0108;CAR;2026-08-17T07:00:00+03:00;OK;1610;27;10836;LOCAL_VALHALLA_MATRIX;2c2ad7dcc2b93a7e004972e76691be1ca57c93af04b2133208881018397453de;c1b3afcd23c7a7a278d8055c74fd12a55a3142cee7faa2370b1c609a6a3ac7af;2026-09-23T00:53:28.118606+00:00;false
LOC-0191;LOC-0109;CAR;2026-08-17T07:00:00+03:00;OK;929;16;5671;LOCAL_VALHALLA_MATRIX;f2f71fdfca6c783457bb7df60d2206deb178be48739d2ced65211b0837db2303;9b454dcfaf0eb381c79a622407a02977cac2dea0dc9f9697c3423c17d5f470d5;2026-09-23T00:53:28.118606+00:00;false
LOC-0191;LOC-0114;CAR;2026-08-17T07:00:00+03:00;OK;1290;22;8536;LOCAL_VALHALLA_MATRIX;5b864eda97195ed2459e09021279a7a8dcfe3a2680be4597f991296bf33c481e;053e2768111c01869c59ced3edfc8dce60e2b5644d5ce939414309cd86e1e729;2026-09-23T00:53:28.118606+00:00;false
LOC-0191;LOC-0116;CAR;2026-08-17T07:00:00+03:00;OK;1606;27;11052;LOCAL_VALHALLA_MATRIX;0f8a39d986260fcb937c18a54b6f83ef01c4c4b8809dda8c75536f855436fd76;62f16ded4267f3107a36dec3692911bf1c5e3f9883378a4218f62bb3c166e5ea;2026-09-23T00:53:28.118606+00:00;false
LOC-0191;LOC-0117;CAR;2026-08-17T07:00:00+03:00;OK;1655;28;11191;LOCAL_VALHALLA_MATRIX;0f8ec32cad0ebb8dde5519c4a49fa2ae738cb8c8693b5cbb5e098408ec1dbc23;b70ccaa90f9f1dada1ddf329a08d5b652f68ed8a7b8c0bd747d7e522c5244469;2026-09-23T00:53:28.118606+00:00;false
LOC-0191;LOC-0119;CAR;2026-08-17T07:00:00+03:00;OK;698;12;3799;LOCAL_VALHALLA_MATRIX;fa42be010c9fe07166aa1cb8cc9dc3d7d0a673d7c6a82ab478c4a52ac590b336;5c29fe80730b81a86696dae28d8a97ece4d3e8c0b5c4f1b13b8440eeef98a833;2026-09-23T00:53:28.118606+00:00;false
LOC-0191;LOC-0120;CAR;2026-08-17T07:00:00+03:00;OK;940;16;6126;LOCAL_VALHALLA_MATRIX;14285b0712c1da6fdbdef2d5c147b2a0089f76e31a0c6fe0f8c0361f54696bc0;1ef09051f256718b5fb22e2817ad8fea6902971790d5e48218fc5ce86789c5fa;2026-09-23T00:53:28.118606+00:00;false
LOC-0191;LOC-0121;CAR;2026-08-17T07:00:00+03:00;OK;696;12;4507;LOCAL_VALHALLA_MATRIX;1dbf83805207d8e5183fcb74bc6f89c533d8b59ad738ec2f5b061c8266a76267;0b270a947506f979c3a112c739f78f65d892a7b4ebcc70807bc931f8b224abc3;2026-09-23T00:53:28.118606+00:00;false
LOC-0191;LOC-0127;CAR;2026-08-17T07:00:00+03:00;OK;1775;30;12411;LOCAL_VALHALLA_MATRIX;30fb60d41a04819110639d104975e822e6edd93f057bc756791d2e23cf7a8805;0c3342eceb745d46af8c00cdf7a5f833fb76bc78a90f61a8f9a79fbec2fe2183;2026-09-23T00:53:28.118606+00:00;false
LOC-0191;LOC-0131;CAR;2026-08-17T07:00:00+03:00;OK;1466;25;10058;LOCAL_VALHALLA_MATRIX;6d2017f8207812832097c5b721491e460b04b7edff35d3637aaf7ae08a130502;b8c886553e856ad04e17d8774f7d843a73e7bae72c62dcd8a7bf3dd908d06bc6;2026-09-23T00:53:28.118606+00:00;false
LOC-0191;LOC-0132;CAR;2026-08-17T07:00:00+03:00;OK;2073;35;14507;LOCAL_VALHALLA_MATRIX;f854cc939b39c971cf9b1d82d0eb7f664c401a52a77a9165e77b31c975394b10;5c1ae6f786849318b1ff09e9de504f811c88e36ccdfe2c661013ec2dde55c0a3;2026-09-23T00:53:28.118606+00:00;false
LOC-0191;LOC-0138;CAR;2026-08-17T07:00:00+03:00;OK;1727;29;12223;LOCAL_VALHALLA_MATRIX;17923f50b800e5761d300c217b2e8f0fab485b8aabb4d4b7f75889bbbd347913;eb50250138996a5ea4b01b8bd1e4bbf53789c271e8d4c740c9a76d24a7641393;2026-09-23T00:53:28.118606+00:00;false
LOC-0191;LOC-0143;CAR;2026-08-17T07:00:00+03:00;OK;170;3;757;LOCAL_VALHALLA_MATRIX;620a252edd5fed9bc1ab32bc1bd90fae17590cc13d5fc9d02e83f932f84fdb2a;7a0c61abc2af9b4dd9be429d33c51f81da182ddeedc99a1faa9054b5e8ceff8f;2026-09-23T00:53:28.118606+00:00;false
LOC-0191;LOC-0144;CAR;2026-08-17T07:00:00+03:00;OK;857;15;5165;LOCAL_VALHALLA_MATRIX;98c8973869207bcfc82437db45dc3d757b0c08662d800de1f19bd603558275f4;0d7d6676d25e31e37c5ab32448797d41c8aa01b95b742ce4972f6bce4c0ca7ed;2026-09-23T00:53:28.118606+00:00;false
LOC-0191;LOC-0146;CAR;2026-08-17T07:00:00+03:00;OK;1083;19;7269;LOCAL_VALHALLA_MATRIX;5493153fdc2023a314a1220f8aa91a842b31042255296224061b9ef4671f46b7;4ce08c7b58b293eb10924731bb7a5ba376a3da9232acd375fcfe0b435db5aaac;2026-09-23T00:53:28.118606+00:00;false
LOC-0191;LOC-0154;CAR;2026-08-17T07:00:00+03:00;OK;897;15;5714;LOCAL_VALHALLA_MATRIX;8087b6f68b1a1b6acb763c3a26f81958266189e75e9324f33e9242a862cc01f2;e8afddfb5714a4a309ba2b757b7d8774306e1c59259a1cf754ba007f6b202346;2026-09-23T00:53:28.118606+00:00;false
LOC-0191;LOC-0188;CAR;2026-08-17T07:00:00+03:00;OK;1080;18;7064;LOCAL_VALHALLA_MATRIX;196f44b2e18d322a38edb62e0bb6b854570ba09d318a320b53b92b92201f3bb1;8d196c47e329431c2e2d9eee27d4f0e9060d80dd359d618522351fd88cdfb810;2026-09-23T00:53:28.118606+00:00;false
LOC-0191;LOC-0191;CAR;2026-08-17T07:00:00+03:00;OK;0;0;0;LOCAL_VALHALLA_MATRIX;d8915417dddc92fa9f357431cd4d3fe1a3ea48476f8e6d92470e04f8edfbc8da;3d5812abc84c11768aa73a732c85d75dbed439188f5bb3239e9b762ea31d9862;2026-09-23T00:53:28.118606+00:00;false
LOC-0191;LOC-0193;CAR;2026-08-17T07:00:00+03:00;OK;2145;36;14982;LOCAL_VALHALLA_MATRIX;127dbcebd4bf2dd56bb6fea03c156e7c70f2226a2863d44dd527c960632efd4f;c73143860d892133ab9f35178fa3b5ac362b969fe34070bf1817f230865a3e57;2026-09-23T00:53:28.118606+00:00;false
LOC-0191;LOC-0194;CAR;2026-08-17T07:00:00+03:00;OK;2272;38;15532;LOCAL_VALHALLA_MATRIX;4518d7623a927608c6f1cbc578e4a9b2aed4f6bea95501d8219dede795dc3896;5635e527a880f24d7825b4869fda9c6530f9fccc8272c8347c74727c711e0da5;2026-09-23T00:53:28.118606+00:00;false
LOC-0191;LOC-0195;CAR;2026-08-17T07:00:00+03:00;OK;789;14;5278;LOCAL_VALHALLA_MATRIX;3af7e038d39bcec6896b41bd874bd7b29d860db52b8c9f19fd64f6bbc1caf07d;f5f3cb335cf4f9b8e757bb835bff19df333394feb19bc6e557f4655c367733e1;2026-09-23T00:53:28.118606+00:00;false
LOC-0193;LOC-0001;CAR;2026-08-17T07:00:00+03:00;OK;1938;33;12907;LOCAL_VALHALLA_MATRIX;eed010ad203be8bedc4251003a24cc5ec521f5393bbebae8bc5dcae12e5aeef9;3c2592d1a07882544f63c30941c5e29c42fea45ab23c060fb037e89efa613092;2026-09-23T00:53:28.118606+00:00;false
LOC-0193;LOC-0007;CAR;2026-08-17T07:00:00+03:00;OK;2335;39;17329;LOCAL_VALHALLA_MATRIX;f93ab6a586708a98335fa31407deaee9c804cc6d18c4638d249f116675408ef5;b208e27878034974109af38eb4090a1e08ee40b273618428b816a3dbb730020f;2026-09-23T00:53:28.118606+00:00;false
LOC-0193;LOC-0014;CAR;2026-08-17T07:00:00+03:00;OK;1211;21;7503;LOCAL_VALHALLA_MATRIX;d32c08d7c91311b6a48d8f307685a7eb975f0724b73705cbb22936f49fbf59f3;71e7c03eb4e0da1f8b73131fd6fc0c425c7bffba02c82ca525cc7fd24d825876;2026-09-23T00:53:28.118606+00:00;false
LOC-0193;LOC-0015;CAR;2026-08-17T07:00:00+03:00;OK;1246;21;8652;LOCAL_VALHALLA_MATRIX;410553b7b6144a0c170238d52ba7b2e8acc8df13b8793efff50985171bf8f5c7;7cfaf00499e34e1add8eb998d77792e97ec5efe81bee6783c2a0d991dbbb2de1;2026-09-23T00:53:28.118606+00:00;false
LOC-0193;LOC-0021;CAR;2026-08-17T07:00:00+03:00;OK;2163;37;14247;LOCAL_VALHALLA_MATRIX;f25fb7f0b7772143ec29b2dcb8e6bade0d78ac9d0ea2fe552bcddcba6a40bc3a;28a1dc40253f4dcd6732fbcc3734d1e55ad7b190bab5154f8af0955e2c789f35;2026-09-23T00:53:28.118606+00:00;false
LOC-0193;LOC-0022;CAR;2026-08-17T07:00:00+03:00;OK;1953;33;12304;LOCAL_VALHALLA_MATRIX;a9dbd4e44fdc8165fc0b17f4528cd54a5c6d6b150c6bc468317305e94e79b7a7;2e3430d5918c59ea43c118344093c878af61c5c025d5fb2bb14dba8d671b3568;2026-09-23T00:53:28.118606+00:00;false
LOC-0193;LOC-0026;CAR;2026-08-17T07:00:00+03:00;OK;1951;33;13007;LOCAL_VALHALLA_MATRIX;2a816dbf613ec8279840b048906e81a026fa4f453fc986488f6a9b188796161c;aa5ad83fb7da79a641e36af9f21b7618871d9f641d45108b683181b65f6e2dd5;2026-09-23T00:53:28.118606+00:00;false
LOC-0193;LOC-0040;CAR;2026-08-17T07:00:00+03:00;OK;2338;39;16729;LOCAL_VALHALLA_MATRIX;697b37774f023ef13e8ba86b7259d2225a7e924a992c8946ecd547e07a7a947f;df3508dde15e30cc821094f82757e574a6b4bbe31e9c54240a6d458873598739;2026-09-23T00:53:28.118606+00:00;false
LOC-0193;LOC-0042;CAR;2026-08-17T07:00:00+03:00;OK;1323;23;8903;LOCAL_VALHALLA_MATRIX;41f20163cc2d32207e2989190ac488a5b51e419c8fd3eb899bf13665b1e26823;009b6ddf2d73938d6dd7f9259060e92dd5d842fd1415b3e3af9f9d0a0e20b246;2026-09-23T00:53:28.118606+00:00;false
LOC-0193;LOC-0043;CAR;2026-08-17T07:00:00+03:00;OK;1806;31;12146;LOCAL_VALHALLA_MATRIX;ef65785b9535582a7e27aae8dfe9bd695cd307fd222c1ddf393272e6ee42c1ba;d24d05ef493383ffb0bc505a4faf766e55612538e6ca171f3a4e1fcfc9b5080e;2026-09-23T00:53:28.118606+00:00;false
LOC-0193;LOC-0046;CAR;2026-08-17T07:00:00+03:00;OK;580;10;3185;LOCAL_VALHALLA_MATRIX;18b83f58eea17116bee9c40112048162606687c4c9df919813051b4e2c83243b;60f3b6775030798ba87f757eee880ed5f94533e6109f2a862f62ded0a0d00343;2026-09-23T00:53:28.118606+00:00;false
LOC-0193;LOC-0052;CAR;2026-08-17T07:00:00+03:00;OK;658;11;3489;LOCAL_VALHALLA_MATRIX;04fe5ca093aedb1d26aebdfb906b05436a2b7c18f547720ffe5ea52f07ad8764;2388b6b45afa05863f40d72fac2feb36037be5fcbfa1b665ab19f2acd126b610;2026-09-23T00:53:28.118606+00:00;false
LOC-0193;LOC-0055;CAR;2026-08-17T07:00:00+03:00;OK;1758;30;11609;LOCAL_VALHALLA_MATRIX;405b8bfd4cb769297a31ce5fc7a4ff51c8737519950e0c28c925c994502e4c0b;f5b4a5494f0cd2d03d7cc88c3bc9ac5149bd01bae67141d37f58e58069fdcb43;2026-09-23T00:53:28.118606+00:00;false
LOC-0193;LOC-0056;CAR;2026-08-17T07:00:00+03:00;OK;1812;31;11671;LOCAL_VALHALLA_MATRIX;db3198e331e8a125a1081cdfb1f5d1289a744f12876366f2b94f0baeaa2abbf4;cb77c6daae58e166b5cd5d5f6f1345c404ba414a01a73cd30933d4474dbcf167;2026-09-23T00:53:28.118606+00:00;false
LOC-0193;LOC-0068;CAR;2026-08-17T07:00:00+03:00;OK;254;5;1306;LOCAL_VALHALLA_MATRIX;fb6ea9d06bce15afb9b25dc679a5c05f853839247d6c281b3d7392430c747cfc;8f6ce78032cd81caef34d2372470b71e8072a89c1f3dc130f2b377e6e68b4125;2026-09-23T00:53:28.118606+00:00;false
LOC-0193;LOC-0079;CAR;2026-08-17T07:00:00+03:00;OK;1636;28;10377;LOCAL_VALHALLA_MATRIX;1328dd42eaa8c463ffb141c01d7a5faadebf7ec4bd8675331f534099a00919cf;e3e8d9b3fced2bfd220dc8d927bb27c91809ea75e99808dface833e313d07430;2026-09-23T00:53:28.118606+00:00;false
LOC-0193;LOC-0084;CAR;2026-08-17T07:00:00+03:00;OK;1828;31;11614;LOCAL_VALHALLA_MATRIX;ecca2fe5cc10fedbc7c8807450f3975a6083b35f36d4b039d420ee32ef7f89a2;5b128440e5bd40e1dfcbe5e99bbd3559f4b06221701bdf3f9e2544e33166f4a1;2026-09-23T00:53:28.118606+00:00;false
LOC-0193;LOC-0087;CAR;2026-08-17T07:00:00+03:00;OK;2011;34;12874;LOCAL_VALHALLA_MATRIX;8535056eabc4b2cf8bbf53f0c3ab448e247f968d3d6119f25473ddcfe1ff5d3f;0e4f4f6c862439889346e7f23e1f776b9635e1345afd8ddafa2f291119e1fb29;2026-09-23T00:53:28.118606+00:00;false
LOC-0193;LOC-0105;CAR;2026-08-17T07:00:00+03:00;OK;2115;36;13934;LOCAL_VALHALLA_MATRIX;9f9cb8c156857c1c0f16c9fe185aeadc20ee27ba55cd14d147021e59d67d0c39;3e771113490f4cdc418f22aa3ca28558cb2f19d840c77b9b5bfb8ddcd99630b6;2026-09-23T00:53:28.118606+00:00;false
LOC-0193;LOC-0108;CAR;2026-08-17T07:00:00+03:00;OK;1067;18;6944;LOCAL_VALHALLA_MATRIX;594c24dcefc345ed07c096b33fef44d8f5c5e6bed62e297ebbb6fd3dfe50872b;21d5a72d79720e467a83deac60e2bdfe837f2a48e78cf5f6dae3da57fdbb531f;2026-09-23T00:53:28.118606+00:00;false
LOC-0193;LOC-0109;CAR;2026-08-17T07:00:00+03:00;OK;1712;29;11102;LOCAL_VALHALLA_MATRIX;f553381b6cc294503ed915c31d28698303b9e37ebea8a866520e60c40d5b70ff;9e27af384a74032270738d931ea3b06415e42e577b2ca5b0bfdfc3900866d799;2026-09-23T00:53:28.118606+00:00;false
LOC-0193;LOC-0114;CAR;2026-08-17T07:00:00+03:00;OK;1276;22;8347;LOCAL_VALHALLA_MATRIX;24e5b5a91ea650cb38e1b011574696b69216f5e3e02254a83359cbbebe5d3a00;967e71bf38e71128dd52b6cd77fcce9d9a80a7224afc17adb8882148a2ea57ea;2026-09-23T00:53:28.118606+00:00;false
LOC-0193;LOC-0116;CAR;2026-08-17T07:00:00+03:00;OK;1118;19;7258;LOCAL_VALHALLA_MATRIX;55e0b0bc5dfc1aa79f51be2bb6eb585131f8d33d0e390f34b30c5d96947d1153;7281931ce9c0c599dec2f6d6ae18967f9943695f55512d0f7b114723cf64693f;2026-09-23T00:53:28.118606+00:00;false
LOC-0193;LOC-0117;CAR;2026-08-17T07:00:00+03:00;OK;1122;19;7231;LOCAL_VALHALLA_MATRIX;c010bf1ddf607a225189a88ca73cd650e831e4fd2f041d11ac55fb6e5a870cf4;112c71ee9a3434e592a5a84fe23d2e80b5381173d0baa5f434f50b68d97a71e5;2026-09-23T00:53:28.118606+00:00;false
LOC-0193;LOC-0119;CAR;2026-08-17T07:00:00+03:00;OK;1798;30;11860;LOCAL_VALHALLA_MATRIX;cb0cfcef79e8d12d52dd4d93ba1b007967b699f1e1abd9140dc1cd431fefd3f2;2813153f64846df82a6c5fc3edc5b0fb44eaa61d2677206371597cab880a7ab8;2026-09-23T00:53:28.118606+00:00;false
LOC-0193;LOC-0120;CAR;2026-08-17T07:00:00+03:00;OK;1868;32;12165;LOCAL_VALHALLA_MATRIX;6b6a9bdb664bd504fe2ac59892c5e29905705fd6dacf6e2a36e32f405d7bc2de;69df4a77ed680054105e3d81f15237db956ef3b64f02985e3c73bb0d3e0bad36;2026-09-23T00:53:28.118606+00:00;false
LOC-0193;LOC-0121;CAR;2026-08-17T07:00:00+03:00;OK;1845;31;12354;LOCAL_VALHALLA_MATRIX;0854417c708795632c90aca5e89ecc36dfcd41e42f920eb8ed64b37cf901ac3e;8eb6a7300068355766775066e3c7552583919c7a3b53da9bde916a19bf7d2c62;2026-09-23T00:53:28.118606+00:00;false
LOC-0193;LOC-0127;CAR;2026-08-17T07:00:00+03:00;OK;950;16;6434;LOCAL_VALHALLA_MATRIX;63d8ab095a5c148edd979c6d9629a137ab5b561ce41731b888d1b39f30eca322;14837220f8cab06762aae2deb945e40740f11378d1827f6c4efa842b391f0554;2026-09-23T00:53:28.118606+00:00;false
LOC-0193;LOC-0131;CAR;2026-08-17T07:00:00+03:00;OK;1081;19;7086;LOCAL_VALHALLA_MATRIX;d6880413124843297ebf788b62793e237e632eaeb8be8dbdb5e215c5bb9b4ddc;c10b7335c43862775aa851c6ab84858b1c77d40c9c24eff91664710bb0275d7c;2026-09-23T00:53:28.118606+00:00;false
LOC-0193;LOC-0132;CAR;2026-08-17T07:00:00+03:00;OK;322;6;1784;LOCAL_VALHALLA_MATRIX;a547c8b03029461f3d23de4ca0fd7937b8f632a1b9e2cb96369859b855e0e9a2;08f3a77c5fc19a8ea2b87fe2de5f886609c07279f83c8f01a465a53e5acb9d5b;2026-09-23T00:53:28.118606+00:00;false
LOC-0193;LOC-0138;CAR;2026-08-17T07:00:00+03:00;OK;1149;20;7647;LOCAL_VALHALLA_MATRIX;26b10b8833d0712371d7ef744699c999e36e265468b0f54a33ffb8204e5f86a6;d93bf151b7d171007fbcebe0829d919d49817b265be31203a8d0899f479e8acb;2026-09-23T00:53:28.118606+00:00;false
LOC-0193;LOC-0143;CAR;2026-08-17T07:00:00+03:00;OK;2281;39;17205;LOCAL_VALHALLA_MATRIX;6f64108055f118142e03c69ff62ae395891e448e1c9b864e57e72bce112604df;cdbc146c66f5720840380f40e3bbfed7da2a72bb850bc3ca0607b44fe56d449f;2026-09-23T00:53:28.118606+00:00;false
LOC-0193;LOC-0144;CAR;2026-08-17T07:00:00+03:00;OK;1884;32;12228;LOCAL_VALHALLA_MATRIX;35d115b767507585b2239949d49ebf753efcb9edcd3f8939fc1f8c25ff83172b;7451a598e7c01c9ef4d73d009703eb95bfa760aae82216dfb37a0c4d3d6abe4f;2026-09-23T00:53:28.118606+00:00;false
LOC-0193;LOC-0146;CAR;2026-08-17T07:00:00+03:00;OK;1896;32;12280;LOCAL_VALHALLA_MATRIX;9615babac463e839aad5b06feff24d201b88ad6fb6f57f127f51d01874fab4e4;5b5a1c8e2d931c707fcb7656dabbd0554cb787ba78cba7c2717af7cee8910435;2026-09-23T00:53:28.118606+00:00;false
LOC-0193;LOC-0154;CAR;2026-08-17T07:00:00+03:00;OK;2088;35;13683;LOCAL_VALHALLA_MATRIX;2309596ae2c8cc6cb0c091f93aac9a237462b7c4b360e895f473484e87919742;c790bfe19c7b17971dfa44b69da12846f35c2af168169560adb1e68e8aa7da97;2026-09-23T00:53:28.118606+00:00;false
LOC-0193;LOC-0188;CAR;2026-08-17T07:00:00+03:00;OK;1517;26;9572;LOCAL_VALHALLA_MATRIX;b3ba0765e028479db18b2a01480213799139d1839c424a6fb121b7e6ff13b0d5;fe2ce779e17ba82e611ab656eafed16e76eae49b4aa73d6ca5260987d2907538;2026-09-23T00:53:28.118606+00:00;false
LOC-0193;LOC-0191;CAR;2026-08-17T07:00:00+03:00;OK;2326;39;15203;LOCAL_VALHALLA_MATRIX;eddca468ae5c6dcbb4ebd244a31400a2628f4e0a616079acfe87ec97ada7393a;3e17f62e66472f94925391c48b2d01dc0f2231d288fa87a9e37a8a3d2f6c9d4b;2026-09-23T00:53:28.118606+00:00;false
LOC-0193;LOC-0193;CAR;2026-08-17T07:00:00+03:00;OK;0;0;0;LOCAL_VALHALLA_MATRIX;6c5e3ca470e742045bb4052c6a4fd7289498f7e6b6125e4dd7692f3642b4774e;3d5812abc84c11768aa73a732c85d75dbed439188f5bb3239e9b762ea31d9862;2026-09-23T00:53:28.118606+00:00;false
LOC-0193;LOC-0194;CAR;2026-08-17T07:00:00+03:00;OK;127;3;348;LOCAL_VALHALLA_MATRIX;f8b310a68b05bf757c546f2f57921ff47f71a79ac11d1eabe87abb0e022a057b;7e1d536a57542cb2a5caf79b2be19e0d7845e0924f29772fc2fd9a848bbc8be0;2026-09-23T00:53:28.118606+00:00;false
LOC-0193;LOC-0195;CAR;2026-08-17T07:00:00+03:00;OK;2095;35;14076;LOCAL_VALHALLA_MATRIX;14ec17f533d549b9918acdcd77863ead3b605c62ce9782cb09390dd9a4d92dd3;6600010047172ce50da99fb2d8d5e9e718ce9d3b54de4f1542128de9c9614aa7;2026-09-23T00:53:28.118606+00:00;false
LOC-0194;LOC-0001;CAR;2026-08-17T07:00:00+03:00;OK;2056;35;13309;LOCAL_VALHALLA_MATRIX;91ec6c855ed5f5079a584690c6af592c4d1baba539ae11ab2c25a69eba1ad383;905695eeb25ff6cd2bb964207e8e8ca3937ae108373e06086a2dae36388977ec;2026-09-23T00:53:28.118606+00:00;false
LOC-0194;LOC-0007;CAR;2026-08-17T07:00:00+03:00;OK;2453;41;17731;LOCAL_VALHALLA_MATRIX;d383c78d1c99b57559f7e752ebc7292aa5759e1d7b70f9d10cfcbf9790808788;34c9a95d9ed1a56c56fc0d29938f1a243cccfe789e3587086ea9ac1b858e7dfd;2026-09-23T00:53:28.118606+00:00;false
LOC-0194;LOC-0014;CAR;2026-08-17T07:00:00+03:00;OK;1330;23;7905;LOCAL_VALHALLA_MATRIX;cf3d7ddc200c590e99f9e41efccdffc0c23408c7f1958576b79d5981e152a7c3;e7983cb00b68f190a6bfed456a22ad2d798f1d4cde490b1ce9ecd7ab6b2bd395;2026-09-23T00:53:28.118606+00:00;false
LOC-0194;LOC-0015;CAR;2026-08-17T07:00:00+03:00;OK;1364;23;9054;LOCAL_VALHALLA_MATRIX;23533a5e60ef14d159191da661de4bc8c66ecfad163018deff7d80503053af2c;bbd751666e96837128a0fcf5a66f30d6fe2fd70492a8415c5fcda094529ac80b;2026-09-23T00:53:28.118606+00:00;false
LOC-0194;LOC-0021;CAR;2026-08-17T07:00:00+03:00;OK;2282;39;14649;LOCAL_VALHALLA_MATRIX;90590415c6a50d78f15e66ba4fe8205cef76a75045ed7b001ebbf31698ef502b;ab637a72fdca1c67236653cb75a8926902b4f314d6cf2148a806f8f0595d4617;2026-09-23T00:53:28.118606+00:00;false
LOC-0194;LOC-0022;CAR;2026-08-17T07:00:00+03:00;OK;2071;35;12706;LOCAL_VALHALLA_MATRIX;b312fe375c648136cc6f53804f1ede6fa72ea56a469dcb6358b6dfd8f2340a8b;c82a5611f033b11d9c368ee3b4d423972f8a0cffe528f21b89195b5634674fd0;2026-09-23T00:53:28.118606+00:00;false
LOC-0194;LOC-0026;CAR;2026-08-17T07:00:00+03:00;OK;2069;35;13409;LOCAL_VALHALLA_MATRIX;27830b84f7c81861cc0d34b7d10f223ff7fd607affa1d05bf7af31bee17b9f58;d657ddd00f4fb3b1efd8861b0d5cf3de76a766a48e8deb7e72f25f7a725efe76;2026-09-23T00:53:28.118606+00:00;false
LOC-0194;LOC-0040;CAR;2026-08-17T07:00:00+03:00;OK;2456;41;17131;LOCAL_VALHALLA_MATRIX;916845deb42b0de4dcc22841967855db42dfdab8cdc778ec02b9320f6e1c8613;d808a5d70e5c37991cc4c0a735ee1e92a6854742480e877d7ad7aa476b4c9d1e;2026-09-23T00:53:28.118606+00:00;false
LOC-0194;LOC-0042;CAR;2026-08-17T07:00:00+03:00;OK;1442;25;9305;LOCAL_VALHALLA_MATRIX;9bdccc44171a05f28c447b705a5f588ea1f125310518a8299fadeebfff261e4d;036bb63026320039c3755dec869237a95a29d18517950cd728ffcff004ac59fb;2026-09-23T00:53:28.118606+00:00;false
LOC-0194;LOC-0043;CAR;2026-08-17T07:00:00+03:00;OK;1924;33;12548;LOCAL_VALHALLA_MATRIX;f3362aaeef9078149dfe2da431d630898efa0ca4cd6c428a31036044817c3421;1c2577cd28f292507d75704e6a1d84e8c923817a9206b19f0bbfd0faac8943bd;2026-09-23T00:53:28.118606+00:00;false
LOC-0194;LOC-0046;CAR;2026-08-17T07:00:00+03:00;OK;698;12;3587;LOCAL_VALHALLA_MATRIX;db4ce5394edb8515da352b5f1cf2d3e0ca3966a34c8ddd86c775bf97e9551174;ce40f3dc806d1c3fbbd2304049c5e8639c426292e2815e007b701d8e67bf2dae;2026-09-23T00:53:28.118606+00:00;false
LOC-0194;LOC-0052;CAR;2026-08-17T07:00:00+03:00;OK;776;13;3891;LOCAL_VALHALLA_MATRIX;f5605f182b110490ddb904990b8edbc946acf798db85d0c13206002240e657c7;1988b51aec66bb3fc30a4473fdfb7a6da47bb753876c15a8e20890ef1ac54989;2026-09-23T00:53:28.118606+00:00;false
LOC-0194;LOC-0055;CAR;2026-08-17T07:00:00+03:00;OK;1876;32;12011;LOCAL_VALHALLA_MATRIX;2e4be6406632dfdcf0b0627d947f0697350a5cb079f2af1706cc06f7ef621d00;388ca5dca5d4ecf7fdda8234c6376f612617dc55c3509881e740e3ce14f6e8d9;2026-09-23T00:53:28.118606+00:00;false
LOC-0194;LOC-0056;CAR;2026-08-17T07:00:00+03:00;OK;1930;33;12073;LOCAL_VALHALLA_MATRIX;78eecbcbf1b67091a37fed9f2c87d6595c7d6b094b89065ae4cd19b6de411943;c8565a6e8fda7803069d2b7755134375245a8ef448a7e02e2b314056d8c00e07;2026-09-23T00:53:28.118606+00:00;false
LOC-0194;LOC-0068;CAR;2026-08-17T07:00:00+03:00;OK;372;7;1708;LOCAL_VALHALLA_MATRIX;03809edd647af85a4d3976cf99c638c1a952370fea05bc9bf1e95f7390209b98;69fe95046c2d0cd1b242b5c7bf003cf0111bd6e41fbc12a8341334a9689c88e4;2026-09-23T00:53:28.118606+00:00;false
LOC-0194;LOC-0079;CAR;2026-08-17T07:00:00+03:00;OK;1754;30;10779;LOCAL_VALHALLA_MATRIX;4ea827a19df6280be159bb40737b331a9ead7bf929a1c84f696522879720fa9b;1c31dabffca50715812f98dbd776f1e966be679672c3c4a021a94a983200e35b;2026-09-23T00:53:28.118606+00:00;false
LOC-0194;LOC-0084;CAR;2026-08-17T07:00:00+03:00;OK;1946;33;12016;LOCAL_VALHALLA_MATRIX;a3ac4274ac548c63818bbb07181ebdbbdc538674ca66d4c91c0b85280d99e639;d70f7ddbc26906b8169aad11532540e8188535abe18660176b54b79929f276d4;2026-09-23T00:53:28.118606+00:00;false
LOC-0194;LOC-0087;CAR;2026-08-17T07:00:00+03:00;OK;2130;36;13276;LOCAL_VALHALLA_MATRIX;e00f3d4c758b363bc3d2a05b36f1ec3e07bf520d38b9bc23e7dc9ce653708a1c;ec5641a906286df6f71f141c01c765b114704966a7ac42c741f334486c78670b;2026-09-23T00:53:28.118606+00:00;false
LOC-0194;LOC-0105;CAR;2026-08-17T07:00:00+03:00;OK;2233;38;14336;LOCAL_VALHALLA_MATRIX;779eb83b742db4c2830e7608d0e841e18e416213e37fc5fe9f74ebc0f56c5dbd;df26e7502347aad5aaf8c5a9cf8862990df78f2e061e3d92ec8ff6138088227e;2026-09-23T00:53:28.118606+00:00;false
LOC-0194;LOC-0108;CAR;2026-08-17T07:00:00+03:00;OK;1186;20;7346;LOCAL_VALHALLA_MATRIX;e2d11cbedd5efe225aa6c0d26440c447a461831180b67cb1c35586c5d4d09327;1fb0a3de7f88302a50c57cc07223151eed82be438b3bd650ab3da2227e83b4d6;2026-09-23T00:53:28.118606+00:00;false
LOC-0194;LOC-0109;CAR;2026-08-17T07:00:00+03:00;OK;1830;31;11504;LOCAL_VALHALLA_MATRIX;0cd694d186e9036344314aac02369add4d1748baafa8d79a7e9100f9a99a742c;486d313ceeb5882342e441d18a7d4c75e12527249da11377b7aadd117abcb2a9;2026-09-23T00:53:28.118606+00:00;false
LOC-0194;LOC-0114;CAR;2026-08-17T07:00:00+03:00;OK;1394;24;8749;LOCAL_VALHALLA_MATRIX;efc7969ed621e047e0326346cd97851dc0eaf877f758cfe5345bd636bcb9887f;34e259759ff392ff936a38e0ccafedd6d1765f8d4b70d990531d9f51dabf2f13;2026-09-23T00:53:28.118606+00:00;false
LOC-0194;LOC-0116;CAR;2026-08-17T07:00:00+03:00;OK;1236;21;7660;LOCAL_VALHALLA_MATRIX;d1ccc07d03241e18e12a92ff3e1a16a6c68d886692ae4ed46a14206007bf575c;8d8235a5765ffb15e716569fde851b2a5112e137d9d1d833fb589f07a739c39a;2026-09-23T00:53:28.118606+00:00;false
LOC-0194;LOC-0117;CAR;2026-08-17T07:00:00+03:00;OK;1240;21;7633;LOCAL_VALHALLA_MATRIX;8df2cc423208f87825c96cb7f24cbad4fd8c575128ebb5ea06444f29df6d990a;453d85b0d5dbb4846c19da5f16e61df1c4e537ab9157950641cf146c5b9cb91e;2026-09-23T00:53:28.118606+00:00;false
LOC-0194;LOC-0119;CAR;2026-08-17T07:00:00+03:00;OK;1917;32;12262;LOCAL_VALHALLA_MATRIX;e206f8d422cf5f073c030579410e8543fb6c8479acc7c6eca7a3fb7727d783b1;1dc49a10d591361769acbadb893f7151c6f6ae725d163a7392788fde4290bf5a;2026-09-23T00:53:28.118606+00:00;false
LOC-0194;LOC-0120;CAR;2026-08-17T07:00:00+03:00;OK;1986;34;12567;LOCAL_VALHALLA_MATRIX;373be55528100279e6f1264e338403ee478a606ed933b99678811fe65e687d7d;94a48aa1f6f0e24dbdca889129a06b1b594e3de506ac5108f7c8308de0a2bee3;2026-09-23T00:53:28.118606+00:00;false
LOC-0194;LOC-0121;CAR;2026-08-17T07:00:00+03:00;OK;1963;33;12756;LOCAL_VALHALLA_MATRIX;1bc3c777a9fec7a143a086022b2bbc1fcb303a08d60dfde3d79490797ad0e216;7b17206a88e3a959734de5a02df3e6b64632908b9336049a31cbabe276b96fa2;2026-09-23T00:53:28.118606+00:00;false
LOC-0194;LOC-0127;CAR;2026-08-17T07:00:00+03:00;OK;1068;18;6836;LOCAL_VALHALLA_MATRIX;eccc1081746e236f32b279fe1ffa1975d53cd8704e2c716f64b7dbc261bdf962;7c71408084ac770c4058559958fabfe98a4bc1a319ece9e9a456474cd2139fd7;2026-09-23T00:53:28.118606+00:00;false
LOC-0194;LOC-0131;CAR;2026-08-17T07:00:00+03:00;OK;1199;20;7488;LOCAL_VALHALLA_MATRIX;98397c82d04a5ab24911d0fa4971b4bb0941ae89fd44e78e0f080839688ef896;ea59e588b0c56ee6dd634ece0104d43b3bf0a9a308d4bb0ad37a748ce0e9cadf;2026-09-23T00:53:28.118606+00:00;false
LOC-0194;LOC-0132;CAR;2026-08-17T07:00:00+03:00;OK;440;8;2186;LOCAL_VALHALLA_MATRIX;ef5274f5f86ea4741041d9d8d5ec92b5f44abfe23107d85ea34c6b5b7f1bccce;c14569ff4113c7ebb34f0f1426c86394ed712915dbcce4a8aea13c28bd23fe6d;2026-09-23T00:53:28.118606+00:00;false
LOC-0194;LOC-0138;CAR;2026-08-17T07:00:00+03:00;OK;1267;22;8049;LOCAL_VALHALLA_MATRIX;9c96bff223b18648079b4b57660ade54eb792c891768bc785b000ae0f12337b6;f0d5bc67fd722ab6bd285f8698a3519e078b38c8d0895160f91cd1836e753c45;2026-09-23T00:53:28.118606+00:00;false
LOC-0194;LOC-0143;CAR;2026-08-17T07:00:00+03:00;OK;2399;40;17607;LOCAL_VALHALLA_MATRIX;2dad89f5f479915dce86e83ae4b30ed6ab6040f040d3841f76c61f9035ab9b12;ef107ac09c8aca4fe85cca228fb17d2ec4b9d60470837d3fce93791f938d5a3a;2026-09-23T00:53:28.118606+00:00;false
LOC-0194;LOC-0144;CAR;2026-08-17T07:00:00+03:00;OK;2002;34;12630;LOCAL_VALHALLA_MATRIX;4163af5a429e6b0c22d7b8b0b1005d02956c3ef1a3620394c0106861576985a6;9c861c219cd23af1a02b3e7a3184bcf5bd16b1005aacbe814aed6c5a68bbef80;2026-09-23T00:53:28.118606+00:00;false
LOC-0194;LOC-0146;CAR;2026-08-17T07:00:00+03:00;OK;2014;34;12682;LOCAL_VALHALLA_MATRIX;df234e7831984dcb78f624065957c778adca1357192b2da69380a517c374db30;d8c6721586bb0f7b5aa814022645e7b75677829c8241354064cc856e70b202a3;2026-09-23T00:53:28.118606+00:00;false
LOC-0194;LOC-0154;CAR;2026-08-17T07:00:00+03:00;OK;2207;37;14085;LOCAL_VALHALLA_MATRIX;f8a822ef7b1b474974ed0563c38bb8d9b4b91e527af8afa6a63a98992790b149;7a449dde73e5d872edf9ee7b348f93c23af5b8fff5b6558d99b6e9022498b231;2026-09-23T00:53:28.118606+00:00;false
LOC-0194;LOC-0188;CAR;2026-08-17T07:00:00+03:00;OK;1639;28;9976;LOCAL_VALHALLA_MATRIX;8346157709ebc49525cd4a52b490e538eec5bc95e89ff9c2df85516d70a26f0b;75c70f85389c755900ff19d3602de832f5b169650d48f7eba533f8d55dcc371e;2026-09-23T00:53:28.118606+00:00;false
LOC-0194;LOC-0191;CAR;2026-08-17T07:00:00+03:00;OK;2444;41;15605;LOCAL_VALHALLA_MATRIX;e1f8511d35cc47e5efb61ac24908120315754a7e2aae26a1acfaed9cd017ab0e;43fdb2f6edc77a5896bcf249da5919ac8b92701da13ebbcbcab633998f5cb3a7;2026-09-23T00:53:28.118606+00:00;false
LOC-0194;LOC-0193;CAR;2026-08-17T07:00:00+03:00;OK;126;3;348;LOCAL_VALHALLA_MATRIX;7970f03632887505100135dee37cf1471783d4510401ba7f8ae3f9e8bb45298d;09715d3b58e5dc1a1d3c446d34aaf6e22083e4e45412c78b6520ce4743165cfa;2026-09-23T00:53:28.118606+00:00;false
LOC-0194;LOC-0194;CAR;2026-08-17T07:00:00+03:00;OK;0;0;0;LOCAL_VALHALLA_MATRIX;d16f20e747103105d889fd8fb3d58e4c6c176a8ebaa9a1f476dd486e1dbe9c88;3d5812abc84c11768aa73a732c85d75dbed439188f5bb3239e9b762ea31d9862;2026-09-23T00:53:28.118606+00:00;false
LOC-0194;LOC-0195;CAR;2026-08-17T07:00:00+03:00;OK;2213;37;14478;LOCAL_VALHALLA_MATRIX;237e5e5cd109390bfa38c6eddbe718502d145cbb115dc9d877213deb8399c217;f7f7b8886dee5db876152018067e46fa4fd8633b9d800094f513957a3a5f1722;2026-09-23T00:53:28.118606+00:00;false
LOC-0195;LOC-0001;CAR;2026-08-17T07:00:00+03:00;OK;606;11;2908;LOCAL_VALHALLA_MATRIX;6e345653c7a4ecaedcc94f8467ef51e091437fe16e460a2fabb07d2c26ecfdff;7986b360461fd0412fd6f519d9ea41fc3a44c3fb2ec5dae8c0c5745adc9cd2cb;2026-09-23T00:53:28.118606+00:00;false
LOC-0195;LOC-0007;CAR;2026-08-17T07:00:00+03:00;OK;581;10;3809;LOCAL_VALHALLA_MATRIX;c725c56358627f1a65eca4e21ba97337e0a9fcf6c7e1674115dd3fe43340047f;fbfdd6f09d1182924c1e707de1241b70d23e6eb9cd0624fd52796efdb4730f98;2026-09-23T00:53:28.118606+00:00;false
LOC-0195;LOC-0014;CAR;2026-08-17T07:00:00+03:00;OK;1716;29;11423;LOCAL_VALHALLA_MATRIX;2b3733c569e76e3234cef55af3941b4cbf32efbb1fd1d0826468fcf3722ce7dc;386ea572d052956fb1da7bfcc9246b0ec469732fd6d0a0ba7d4e5974097dd214;2026-09-23T00:53:28.118606+00:00;false
LOC-0195;LOC-0015;CAR;2026-08-17T07:00:00+03:00;OK;1439;24;10414;LOCAL_VALHALLA_MATRIX;5aa931243f75b8db14389be35dbd1bd25ae624b4e949b09ea13eecee6b878802;abc9df00cc23a9c3f9d0f2b44b10911b4151aba9b97827fb142d0859bad6e0dc;2026-09-23T00:53:28.118606+00:00;false
LOC-0195;LOC-0021;CAR;2026-08-17T07:00:00+03:00;OK;68;2;171;LOCAL_VALHALLA_MATRIX;174b94beb09d5d83604506a28e95add565965fede140fbb0a8a84a3ce6b66d52;8f971165e44d53cbf71b063c3bb6face479c513db90ae0b5ccdc3631ec5d98fd;2026-09-23T00:53:28.118606+00:00;false
LOC-0195;LOC-0022;CAR;2026-08-17T07:00:00+03:00;OK;531;9;3418;LOCAL_VALHALLA_MATRIX;fbd7b1bbd8c28290edc900b4bcb2097fb26143d01780c70222b9a4e334f0be88;bde22fabe1f3f4e0779bf52a371ae69d29e478850f82659566fe59bc574a73eb;2026-09-23T00:53:28.118606+00:00;false
LOC-0195;LOC-0026;CAR;2026-08-17T07:00:00+03:00;OK;516;9;3052;LOCAL_VALHALLA_MATRIX;9229fd887c35af4fee1f1d5c02816b4b231b9f7c919089cbc0015f8886348965;6477aaaf5da5bc623f99606537a2fd8a439af533b7b84b8cddf4b6453df8bdec;2026-09-23T00:53:28.118606+00:00;false
LOC-0195;LOC-0040;CAR;2026-08-17T07:00:00+03:00;OK;871;15;6674;LOCAL_VALHALLA_MATRIX;e358c92953332c75817ecdf3c48c8954bbf2908204ffbab263f71c949609b744;888dfb2821af9eae233b1ee9d9bc859d5100d0b9b776fcff157d41798709d21a;2026-09-23T00:53:28.118606+00:00;false
LOC-0195;LOC-0042;CAR;2026-08-17T07:00:00+03:00;OK;1381;24;9689;LOCAL_VALHALLA_MATRIX;754e693b6a23b1b06be6b9cb7bba92d75817b225b896cabf409e02c30334aa3b;698788f265e03be76a28456fe5043ed6e2813b4c26596e138b5bdbee1b520c5e;2026-09-23T00:53:28.118606+00:00;false
LOC-0195;LOC-0043;CAR;2026-08-17T07:00:00+03:00;OK;386;7;2416;LOCAL_VALHALLA_MATRIX;60ca16019572030318406c93ab3390fe433d7920a640601b21c01b1dadf046ff;b3ad2fd409c407fe959a5b40226a7db8a0e30899bb653b61fb44ec02f3780c2c;2026-09-23T00:53:28.118606+00:00;false
LOC-0195;LOC-0046;CAR;2026-08-17T07:00:00+03:00;OK;1892;32;12421;LOCAL_VALHALLA_MATRIX;fe71cfb7dfc8966ff30313ab3a018f249b261b6367ebd99bb1236c6cbeec1954;c34f6dc3c452a59f956bca90531595f98537b394a6d9e453ae806121e9b3be82;2026-09-23T00:53:28.118606+00:00;false
LOC-0195;LOC-0052;CAR;2026-08-17T07:00:00+03:00;OK;1805;31;11617;LOCAL_VALHALLA_MATRIX;ce5ced376b9c7987dd928480987d0055ce38d4f13346d3ef31c41a005d01d71d;eac6b427e5c4580b0ce53a275edba24c4f33fa0e8088edee8c767c796d378560;2026-09-23T00:53:28.118606+00:00;false
LOC-0195;LOC-0055;CAR;2026-08-17T07:00:00+03:00;OK;673;12;3332;LOCAL_VALHALLA_MATRIX;7e828affd2b3178561c853f3ae8dd54a8b80b2fcf5e6dd0def08d591116ede9c;45e500e03199d907b4ca60d03401c781bc213005e90680b9bfa0f40c40776e22;2026-09-23T00:53:28.118606+00:00;false
LOC-0195;LOC-0056;CAR;2026-08-17T07:00:00+03:00;OK;757;13;3590;LOCAL_VALHALLA_MATRIX;97f2f1ac0560cf878338729505a28cdfbada9bd42ab822a2cbbdd8d6c14e0b52;4fc9f4eb23451d8ca10417f76749d9758a51ad4670541cc72af31ffdb53226db;2026-09-23T00:53:28.118606+00:00;false
LOC-0195;LOC-0068;CAR;2026-08-17T07:00:00+03:00;OK;1939;33;12918;LOCAL_VALHALLA_MATRIX;440608200a092fe065a2564de31931908d9fd92c8c69d37153e498010a2f9825;2d9d1392a718ff655b18d045ee7d996483ae4f1d6a09a4b68f2430daf738b83c;2026-09-23T00:53:28.118606+00:00;false
LOC-0195;LOC-0079;CAR;2026-08-17T07:00:00+03:00;OK;957;16;5884;LOCAL_VALHALLA_MATRIX;09a132ac29ee65cd624634d5cac16d322825446a4bae78a2df1dadd4894105d7;e296efffb280267922e5e30d50e89ad3558217f7748db9c20a45e5bc1a8eb506;2026-09-23T00:53:28.118606+00:00;false
LOC-0195;LOC-0084;CAR;2026-08-17T07:00:00+03:00;OK;858;15;4914;LOCAL_VALHALLA_MATRIX;a7f40d651ce32abd0782226455ca0c78ff7f887d12dbbdf4d9fca9c9c4c803a1;cd4ffc27b97e518e8eac331ce02893b5f582f16fde86ef41ce951d067a8594fd;2026-09-23T00:53:28.118606+00:00;false
LOC-0195;LOC-0087;CAR;2026-08-17T07:00:00+03:00;OK;601;11;3310;LOCAL_VALHALLA_MATRIX;1ea7027d1ecfea71d6ab6f3bfefa533dd4cceb46e5dacb5f65b57b4959176286;ba9562ef3bbb384f2c9d2ae3ae4848e8cb5da9c08062e2ff209c6391521e44f6;2026-09-23T00:53:28.118606+00:00;false
LOC-0195;LOC-0105;CAR;2026-08-17T07:00:00+03:00;OK;525;9;2205;LOCAL_VALHALLA_MATRIX;9bc68b99cad8c868b4f19ae57d5ab304e562f6b2eb737e27565b293af096c513;217e28d2c39ab7ad61ed574ea52e6c420073a6e2aea5a34f84c5c4d87b92eabb;2026-09-23T00:53:28.118606+00:00;false
LOC-0195;LOC-0108;CAR;2026-08-17T07:00:00+03:00;OK;1549;26;10392;LOCAL_VALHALLA_MATRIX;70378501b181b33702dc418cccbe7a5d8db5f608cac82695717c18bac6f816d7;d31a74418feecc830d0f9115a144087c6d20aeac074a02efefa856ec1e8cb79c;2026-09-23T00:53:28.118606+00:00;false
LOC-0195;LOC-0109;CAR;2026-08-17T07:00:00+03:00;OK;868;15;5227;LOCAL_VALHALLA_MATRIX;6f8ef3130e5f2b5b8b596ed6144d6584ed6622beb6c15017ed20d021aa97f533;834a89e7496242a20026f661f2ac4e3abc7868b9134d2151f4f520f4365dc68c;2026-09-23T00:53:28.118606+00:00;false
LOC-0195;LOC-0114;CAR;2026-08-17T07:00:00+03:00;OK;1230;21;8092;LOCAL_VALHALLA_MATRIX;07c5614d42a5441ccd96af385ff183643bf36e995fd3366437cc962877e32b60;43b898ee419db33ef945c902069f58bb225d9022313e59142ec59f1f583a62df;2026-09-23T00:53:28.118606+00:00;false
LOC-0195;LOC-0116;CAR;2026-08-17T07:00:00+03:00;OK;1545;26;10608;LOCAL_VALHALLA_MATRIX;eee95294a256156b6583ad2642badb810ae200a5e31bedbee8b49bed9a376e5d;fa583ee6efc26e45a32158e5c447f61586952515af43faf7b0e1a8f433b12738;2026-09-23T00:53:28.118606+00:00;false
LOC-0195;LOC-0117;CAR;2026-08-17T07:00:00+03:00;OK;1594;27;10747;LOCAL_VALHALLA_MATRIX;c0384bdfae605296431e0d2b27078575cd3158601f2a92dd8d1ab966571e780b;c7678a6cde28791aacce6a5d12d7c8e94ce3ec2a0c0c5ea930693f9e368e651a;2026-09-23T00:53:28.118606+00:00;false
LOC-0195;LOC-0119;CAR;2026-08-17T07:00:00+03:00;OK;550;10;3214;LOCAL_VALHALLA_MATRIX;b152a3bb4fe5f83ee34b281808d3dba44deb75cbf5e095f53ae9353da6eac794;2836968c4bf25159fd335f9a2b1b730150986b6bc24e2a5606d68d69e7c0e74a;2026-09-23T00:53:28.118606+00:00;false
LOC-0195;LOC-0120;CAR;2026-08-17T07:00:00+03:00;OK;645;11;3900;LOCAL_VALHALLA_MATRIX;54ef2c1d9dcb42ae9f68b55ebb5ca0a049cad1746ecfdcb8f90315b23072aee1;83edca43d20e007e22f8864858910987b2e65c3d187e7601fef84474c3801f72;2026-09-23T00:53:28.118606+00:00;false
LOC-0195;LOC-0121;CAR;2026-08-17T07:00:00+03:00;OK;584;10;3378;LOCAL_VALHALLA_MATRIX;0ea4292a541073b7869b4048266b0de6365df143d04c72e2708aa6e2ac8e34bf;77b7389b1a7fa18dbe894e53e1c5aa9e8c271106501851d08ab1091838ca973b;2026-09-23T00:53:28.118606+00:00;false
LOC-0195;LOC-0127;CAR;2026-08-17T07:00:00+03:00;OK;1602;27;11369;LOCAL_VALHALLA_MATRIX;d5dc8a66915ecd9b49ed1e9c8d5747a46f9591132c4340e785871a64a968ef10;e625ae9bf50cf9a66506ee6621b04e7548d83027055116377b0a8dcf78f2d8c3;2026-09-23T00:53:28.118606+00:00;false
LOC-0195;LOC-0131;CAR;2026-08-17T07:00:00+03:00;OK;1405;24;9614;LOCAL_VALHALLA_MATRIX;ad3c814f6fac5eeb6201a1488a40ae6bcdba743a58d991be92bc912313fa0cec;7ace68731b5810669970f5a774de93c15fafa16b9d440c4f284db66d8c9edc19;2026-09-23T00:53:28.118606+00:00;false
LOC-0195;LOC-0132;CAR;2026-08-17T07:00:00+03:00;OK;1862;32;12452;LOCAL_VALHALLA_MATRIX;6b018c7a2307d132f82209518675f9f501c76b3b89f3b0ba7ce7db1d5ffebf30;d9e3ec28d897d986b1c7c2e97b0aa7576d169beb4cd9911013e40a34f81d4956;2026-09-23T00:53:28.118606+00:00;false
LOC-0195;LOC-0138;CAR;2026-08-17T07:00:00+03:00;OK;1431;24;9997;LOCAL_VALHALLA_MATRIX;2b27c9b7d0e969b0ef22f9c80f5af7d9cd52e178c1e865c5606472a7183daede;10ad5e8f63594ec162233f6aba4fab325f06339093304a6b041f86343b9cdab5;2026-09-23T00:53:28.118606+00:00;false
LOC-0195;LOC-0143;CAR;2026-08-17T07:00:00+03:00;OK;510;9;3616;LOCAL_VALHALLA_MATRIX;e7cb7cc523bbf657eaa267d8cc90fec7272fcf64c6e04d028fcdafe8baf990e6;2cef727dd1b47c986c12402846623ab615ce536d763823d77037a69cdd11318b;2026-09-23T00:53:28.118606+00:00;false
LOC-0195;LOC-0144;CAR;2026-08-17T07:00:00+03:00;OK;599;10;3403;LOCAL_VALHALLA_MATRIX;447c44a0ef780fe06d9de9dba5b41ebb5002654707ed177f13b66ff8e0163359;f85186ddbd98abaeeefd11955ef25e6252b4a175d84f3cfb8ad9fca9e552405c;2026-09-23T00:53:28.118606+00:00;false
LOC-0195;LOC-0146;CAR;2026-08-17T07:00:00+03:00;OK;701;12;3478;LOCAL_VALHALLA_MATRIX;a38095efdcbc37ac44cc6d32da7cfbbdb918390d4d80ab9f3b9fb9cf5f8b9cd3;63f171a2dcaa0114b6297cce6f645d0296096d08114632b9f778e433d182749b;2026-09-23T00:53:28.118606+00:00;false
LOC-0195;LOC-0154;CAR;2026-08-17T07:00:00+03:00;OK;471;8;1387;LOCAL_VALHALLA_MATRIX;c219570146a7f3419378e23b87a71f08033a96dac48ebaaed040806709cbd46b;9b00a97dffa46fce56d8e5c0f3b4809dd47bb344de3f651cf133b9dec1dc9f62;2026-09-23T00:53:28.118606+00:00;false
LOC-0195;LOC-0188;CAR;2026-08-17T07:00:00+03:00;OK;1019;17;6620;LOCAL_VALHALLA_MATRIX;f76bbdf8ed65d55520da4d974b832d1ce01e3b0c2ecfa3932f4ea378af6c4c83;1d9afe49ddd5cdba70099f8ad7e03bcb5871f32f2a9ab66f4f6a0d185d4f901e;2026-09-23T00:53:28.118606+00:00;false
LOC-0195;LOC-0191;CAR;2026-08-17T07:00:00+03:00;OK;606;11;3933;LOCAL_VALHALLA_MATRIX;3e2dc50a418bbc72a6a9268b931690140531541b2ae97336b4d87f0d87d0197b;d7f6ff254f09fe8ce7371e97850ccea3f1ec3a820cf80564379c076ccfe18b65;2026-09-23T00:53:28.118606+00:00;false
LOC-0195;LOC-0193;CAR;2026-08-17T07:00:00+03:00;OK;2173;37;14876;LOCAL_VALHALLA_MATRIX;f879ce9fa66a0eb8cf64f96dfacaf247ed44bd074e87c22bbcdcce2d62a89462;eb633b3b346d0076fe8d994208405ac251438e7711331141def7f7a2a0a61695;2026-09-23T00:53:28.118606+00:00;false
LOC-0195;LOC-0194;CAR;2026-08-17T07:00:00+03:00;OK;2255;38;15150;LOCAL_VALHALLA_MATRIX;357ac6684a43bb159206b32168d4fc4f2c3e7915422a031f1d63b8f6eb33fad0;fa301b36ea36782129e2cb4b8c95abaf45e5004705b4038a804161e2ad7722a6;2026-09-23T00:53:28.118606+00:00;false
LOC-0195;LOC-0195;CAR;2026-08-17T07:00:00+03:00;OK;0;0;0;LOCAL_VALHALLA_MATRIX;734d8f461614b8d9986b4da9772cea0b2e6984cc0524f5dcfdf5dbf2df174c89;3d5812abc84c11768aa73a732c85d75dbed439188f5bb3239e9b762ea31d9862;2026-09-23T00:53:28.118606+00:00;false
