origin_id;destination_id;mode;departure_at;status;duration_seconds;duration_minutes;distance_m;provider_status;request_sha256;response_sha256;fetched_at;cache_hit
LOC-0002;LOC-0002;CAR;2026-08-17T07:00:00+03:00;OK;0;0;0;LOCAL_VALHALLA_MATRIX;7b1e45a600f49a7c198c53a9f1c6b40df1017dc4de44fd6fc53a7bc8e2111896;3d5812abc84c11768aa73a732c85d75dbed439188f5bb3239e9b762ea31d9862;2026-09-23T00:53:28.118606+00:00;false
LOC-0002;LOC-0008;CAR;2026-08-17T07:00:00+03:00;OK;1290;22;8724;LOCAL_VALHALLA_MATRIX;3e3830792c0eec9c387da60f4dcdb158266e63a065d188c69f4e67d331dfbd45;1015a26af987fabeec5f1f5ae395a1b10bd5bc52a5bf29d40401b6535feea094;2026-09-23T00:53:28.118606+00:00;false
LOC-0002;LOC-0009;CAR;2026-08-17T07:00:00+03:00;OK;2122;36;14126;LOCAL_VALHALLA_MATRIX;ea63e31eeeea4a1b8ff49e818c1e3a2ac0bd82ae79a3a34c4859de7c099fd218;4b50ef1da70ee17e01581d12f5f80a0aeac22f9c033e9d6abe47c349074e2ab4;2026-09-23T00:53:28.118606+00:00;false
LOC-0002;LOC-0010;CAR;2026-08-17T07:00:00+03:00;OK;1354;23;9101;LOCAL_VALHALLA_MATRIX;a8a1babd47a27fa140ef5b8d7a05f44bcf2fff17b36c82b0451d4223aa639e8b;39dd4ae0849a41eb5ce237e7f156e2588518fd4a85f2d4b300667e2244ab6fae;2026-09-23T00:53:28.118606+00:00;false
LOC-0002;LOC-0011;CAR;2026-08-17T07:00:00+03:00;OK;1185;20;7926;LOCAL_VALHALLA_MATRIX;162d262518b16dda1b3ed191232a02b5e80a20d5fd598bb6a1a61124f1622ba5;5e61e4cd935d75834a90fec568f3a1f54cbc30184e55d8e7de629be6ebb0787d;2026-09-23T00:53:28.118606+00:00;false
LOC-0002;LOC-0013;CAR;2026-08-17T07:00:00+03:00;OK;435;8;1835;LOCAL_VALHALLA_MATRIX;a5458c26bad336039150a8ab4554e1b75e0a56537b234d377e3ebff0055598ca;9c56edd1d48b3c00a27f6292adfcd3758fe23d521e11cafa5434fb61f38148ff;2026-09-23T00:53:28.118606+00:00;false
LOC-0002;LOC-0016;CAR;2026-08-17T07:00:00+03:00;OK;951;16;5788;LOCAL_VALHALLA_MATRIX;a2d1b68d887a336676fb78e366fbd54c98cf83da6b2498ed29e84072c36fe56d;2509382aee137b85e03aead21908eff6d20eaf4a3bdef5650e607ab9b82fb780;2026-09-23T00:53:28.118606+00:00;false
LOC-0002;LOC-0018;CAR;2026-08-17T07:00:00+03:00;OK;1739;29;11146;LOCAL_VALHALLA_MATRIX;e58c4c13b9e60e11c85de099c04c1764c692a1b5549412a023d28ca4a07a171b;432758512ace5c2c7907fc1ff70befe8fe819dcd2f7f13b1948f9d0fe7dbdbc1;2026-09-23T00:53:28.118606+00:00;false
LOC-0002;LOC-0019;CAR;2026-08-17T07:00:00+03:00;OK;1414;24;9117;LOCAL_VALHALLA_MATRIX;60d372a1afb22d49df665ee5e0c5bfcd3d0f0abb0996258e1acb662217b515a7;81a9cf11f527d92528d0ad580b98ba5f32666342940890a45334f30cba0329a8;2026-09-23T00:53:28.118606+00:00;false
LOC-0002;LOC-0020;CAR;2026-08-17T07:00:00+03:00;OK;1523;26;10274;LOCAL_VALHALLA_MATRIX;3ae25cc6ea0d87a4db1973a4ede7fb6ee0c77ba9dc7c4c7c5a28f710d1e95f8d;f44462329e3116636a09355232caf161c0ccdb58e880cf1643584503011b9c66;2026-09-23T00:53:28.118606+00:00;false
LOC-0002;LOC-0027;CAR;2026-08-17T07:00:00+03:00;OK;1585;27;10048;LOCAL_VALHALLA_MATRIX;265296a30d59c4d52222a8e53605ac9675c2aeee972ab26ee7c4c181628b322f;ab9fbf7ee8f2c50fd8eacce50401e5bf56900e6863c7adab8055bfe99c2956a3;2026-09-23T00:53:28.118606+00:00;false
LOC-0002;LOC-0028;CAR;2026-08-17T07:00:00+03:00;OK;1221;21;7231;LOCAL_VALHALLA_MATRIX;ba40d7c2c1e609ca87ca0f0265268bfc5d1745990255d089629c73c9b34f1745;860b5fcb66e0ce4e15e0d58ed2d1731fd077067cfabd8ba3c35b9b7467b60d6f;2026-09-23T00:53:28.118606+00:00;false
LOC-0002;LOC-0029;CAR;2026-08-17T07:00:00+03:00;OK;1083;19;6788;LOCAL_VALHALLA_MATRIX;8813d526b81e86c1302174c8eb48a89b4b79e843611d4078b932026c76672cbc;3752b683ec3e18df3782591934cb49116d6af1ee5b3ba4bd273d1933e64328ef;2026-09-23T00:53:28.118606+00:00;false
LOC-0002;LOC-0037;CAR;2026-08-17T07:00:00+03:00;OK;501;9;3016;LOCAL_VALHALLA_MATRIX;2e456667106d439ab23c4de08ddf3c50e707a4ef02330b659b6c2c3e00d46e1b;e8da71895ef31b038804bbf671dfeb1f03e13fdc14475477150f7c73f2e444a4;2026-09-23T00:53:28.118606+00:00;false
LOC-0002;LOC-0045;CAR;2026-08-17T07:00:00+03:00;OK;1268;22;8292;LOCAL_VALHALLA_MATRIX;27a43fb5f0333c2cc1d6181dfa165c05005368142d1f8829c4b8e4422d5e4034;8996ac2e389a22e111510e508d86bf847f7d4204a9beda462cf6b26e218a9d25;2026-09-23T00:53:28.118606+00:00;false
LOC-0002;LOC-0053;CAR;2026-08-17T07:00:00+03:00;OK;869;15;5675;LOCAL_VALHALLA_MATRIX;adeda0ff0c59c679a39b8c32edeb2cbdfeaa97d5904cbf6a40c30b1a9810d52d;94e122cc38738526f65f7c1906d523bd8e4614ce6ce5f7bcc620718b418a72bd;2026-09-23T00:53:28.118606+00:00;false
LOC-0002;LOC-0054;CAR;2026-08-17T07:00:00+03:00;OK;664;12;4090;LOCAL_VALHALLA_MATRIX;84931fe71f3cf69baf67beee87464a6f57a624e9f1c9dc5d862bac9ec3af84cb;106b6131267825f6b0e17de991d9c6238d43c1d9cace25ee710286927734b0c6;2026-09-23T00:53:28.118606+00:00;false
LOC-0002;LOC-0064;CAR;2026-08-17T07:00:00+03:00;OK;1270;22;8219;LOCAL_VALHALLA_MATRIX;3c699f66c75ad7931f7395edc2ff9cf9616b26b52c1b8a9d1a7b36bf969adf79;55bbc7ab0ff365fe8bbf2ced6c301a5c9aaf02f171a97a7cde186f5c1f846a55;2026-09-23T00:53:28.118606+00:00;false
LOC-0002;LOC-0075;CAR;2026-08-17T07:00:00+03:00;OK;1587;27;10018;LOCAL_VALHALLA_MATRIX;42bc3da8f73ceb077fa7a4747b0539020667c302d329cc1a144354a5e7cb0a13;402dface2f3bab906978fe420ec13ab2a8851bc62a5c58f43b62893b83e3da6a;2026-09-23T00:53:28.118606+00:00;false
LOC-0002;LOC-0076;CAR;2026-08-17T07:00:00+03:00;OK;875;15;5821;LOCAL_VALHALLA_MATRIX;28b6e31bd22efd06f5895e6a3a6540a9d9d3da22ee170b27187cee254366fe1c;7c31e36c5c0f86bcf384c7055459e891d3924e1499dfa9d49930fdccf5cdabc1;2026-09-23T00:53:28.118606+00:00;false
LOC-0002;LOC-0080;CAR;2026-08-17T07:00:00+03:00;OK;1451;25;9607;LOCAL_VALHALLA_MATRIX;c3cb235abdc7f07f0a288314211a628e5b1aee82787692434e02637e621af89b;fe5e5cd2a9d926821542cb7299e318e53649332bd09bdac3b4017153b41b9698;2026-09-23T00:53:28.118606+00:00;false
LOC-0002;LOC-0082;CAR;2026-08-17T07:00:00+03:00;OK;1264;22;8249;LOCAL_VALHALLA_MATRIX;0e3d291adcbe2f90b8de2f76ed5ba6d3402c25cb1df16d639d9af0661a41cfe9;10708274a751ec93f5fabfb4b1479582519333deb6e9fa07290108a6136aca17;2026-09-23T00:53:28.118606+00:00;false
LOC-0002;LOC-0085;CAR;2026-08-17T07:00:00+03:00;OK;330;6;1554;LOCAL_VALHALLA_MATRIX;dee049c1a51f04637849c56e5ab48dce265efb9717764a12cfbb823df7bc767a;0e16ee92fbc0e7af95e0aaf562bb6cd0daa613dcdbe57d9493ee9ec0c88e937c;2026-09-23T00:53:28.118606+00:00;false
LOC-0002;LOC-0086;CAR;2026-08-17T07:00:00+03:00;OK;332;6;1555;LOCAL_VALHALLA_MATRIX;c3921357c083c8780180f2f14f8efeaafdcf18be5fbfd4f82dd68390e5699b73;82e02b340cd50dd10e89ddc36c73223935120f5dcd2fd39b24fa1851919c8f5b;2026-09-23T00:53:28.118606+00:00;false
LOC-0002;LOC-0091;CAR;2026-08-17T07:00:00+03:00;OK;1251;21;8527;LOCAL_VALHALLA_MATRIX;0630014faf551fe0721c5e8c7d725e336f2513c61620ce43b334b12822d3d5b9;666329f11a49a0934a109092fbebed9bb76801f79bf3096213d19611dc645c8f;2026-09-23T00:53:28.118606+00:00;false
LOC-0002;LOC-0092;CAR;2026-08-17T07:00:00+03:00;OK;1380;23;9274;LOCAL_VALHALLA_MATRIX;3e28fd489ece3fb2dbb13e73f12332b27de6436ecceb0dbdf4e2fc8bdc657317;cc87622ce105b2b671d00bdb14cd158c326db8edec74a6ef15cee9078c7a0d93;2026-09-23T00:53:28.118606+00:00;false
LOC-0002;LOC-0094;CAR;2026-08-17T07:00:00+03:00;OK;461;8;2235;LOCAL_VALHALLA_MATRIX;c2c9390ceb0e7ca42b14049a2bc27694da1064c34803527e3a9a579d34f111e0;4d5e38e694866663b3a3dbc247aef161cb41b8774a48c927fc5b15c9609a9d69;2026-09-23T00:53:28.118606+00:00;false
LOC-0002;LOC-0095;CAR;2026-08-17T07:00:00+03:00;OK;571;10;2950;LOCAL_VALHALLA_MATRIX;19e7fbee9b9ad92fe1409bb821ec7e32c3b038393350f166e13631d839822bac;29d319c10d0bd7a631cbdbde4aed9a1acfd8e9aa0f1a06a5eeb7e01524b6da3b;2026-09-23T00:53:28.118606+00:00;false
LOC-0002;LOC-0112;CAR;2026-08-17T07:00:00+03:00;OK;1214;21;8194;LOCAL_VALHALLA_MATRIX;c53be75784299112b2aa4bf3c035fc4131f7e03590845c49fa1ef576a8958dab;0fe3d150c6ea95e97d502f4a1237764c049c7075d6f551941a71bd77897017b4;2026-09-23T00:53:28.118606+00:00;false
LOC-0002;LOC-0124;CAR;2026-08-17T07:00:00+03:00;OK;2223;38;14584;LOCAL_VALHALLA_MATRIX;45864c2a1ef4849c1610ac9fe4d63a528ee94bc19cebebd14e8cfd5119a1dcf3;4bad92199259546f207506faeab7ca9b02c7ed10c2c2c893202f76b0ef3f70d9;2026-09-23T00:53:28.118606+00:00;false
LOC-0002;LOC-0126;CAR;2026-08-17T07:00:00+03:00;OK;1174;20;7775;LOCAL_VALHALLA_MATRIX;479bc5c13ced45d78f8025386f145f5061c580a67d7a300fe9b2d41a5bd49ff1;6b1c2535e8871d40ba86c416fbcfbc83f016425fed83e5416b2ddc1d86319e20;2026-09-23T00:53:28.118606+00:00;false
LOC-0002;LOC-0128;CAR;2026-08-17T07:00:00+03:00;OK;553;10;3204;LOCAL_VALHALLA_MATRIX;4884d9965fd5bb080f5fcba07cea3922b1e57a7ebee0f6d6993fb8e296188327;bef7aa531201d134b2c90cc006df2f826ec5c9aa170d9592f6672f4425ad9291;2026-09-23T00:53:28.118606+00:00;false
LOC-0002;LOC-0134;CAR;2026-08-17T07:00:00+03:00;OK;246;5;617;LOCAL_VALHALLA_MATRIX;cac20b5c03a14dcd071a1d1a89f04b5cba667beba4d753ff8520ea9c4712fa9f;b91cbd8d550ccfebcca01492c9f6f7a17e6bec47172a41f82e9ccab5496b2d33;2026-09-23T00:53:28.118606+00:00;false
LOC-0002;LOC-0135;CAR;2026-08-17T07:00:00+03:00;OK;314;6;869;LOCAL_VALHALLA_MATRIX;3115fb2daeec303a5796cfe6ae3af5a9cedaa0e8af290d5b51f59d9421b8c115;60c1b9f9183a3bfa8cf57649beaae08ffbeabdb5f86d306e808ab28e4f128dc7;2026-09-23T00:53:28.118606+00:00;false
LOC-0002;LOC-0136;CAR;2026-08-17T07:00:00+03:00;OK;281;5;1379;LOCAL_VALHALLA_MATRIX;ef54cbc923f51e939cda84d3b31169e2226c3ffd9c45c07f614c4157d854e4f4;109df5ad97e826a7a72394947e110c08ab3beb70e5d0af112e543872fa98f2cc;2026-09-23T00:53:28.118606+00:00;false
LOC-0002;LOC-0141;CAR;2026-08-17T07:00:00+03:00;OK;1979;33;12829;LOCAL_VALHALLA_MATRIX;7d8415cd0cae5dc97b12ec2399f2df0bc96fc86e4a5669aad0db214de54f2f29;95714dfbaa11748748b3259392d632c296c173230c81faf632332e9d02c038f8;2026-09-23T00:53:28.118606+00:00;false
LOC-0002;LOC-0142;CAR;2026-08-17T07:00:00+03:00;OK;2083;35;13075;LOCAL_VALHALLA_MATRIX;65d4e74cbdf368a769db03064e1ed8e41c00ae259b7351a9a11d6b032685c75e;70c2e2d2a97086377a4feec71e9fee0454a30f13f0db5ac0dfd85658b44c678e;2026-09-23T00:53:28.118606+00:00;false
LOC-0002;LOC-0145;CAR;2026-08-17T07:00:00+03:00;OK;1465;25;10059;LOCAL_VALHALLA_MATRIX;6deefa370b936b1e7c2dfd7255b64484777be0481efb376f0512f3f2f63578a1;142b5981ae84123421c08de1c57fdaefd404a3aba66d2fb26abb9243b0ba275c;2026-09-23T00:53:28.118606+00:00;false
LOC-0002;LOC-0148;CAR;2026-08-17T07:00:00+03:00;OK;1595;27;10242;LOCAL_VALHALLA_MATRIX;2def0e26884eaabd95a197de6c935f9951922ce04d8529ba2c1e3d3d2e81db8d;96f6a39169996ccf6ff33966ef2f365a64b05eb92dbe1f163f68842f6e7efba0;2026-09-23T00:53:28.118606+00:00;false
LOC-0002;LOC-0149;CAR;2026-08-17T07:00:00+03:00;OK;1555;26;9983;LOCAL_VALHALLA_MATRIX;c9df3fca817bb9a8bec81ebd8a5243f06492c59e3bb8d10b0f39502989095f8c;87d574f542e80003990ff409f67f8f8eac8c6e6d85eef5d2aad27877c10c32c7;2026-09-23T00:53:28.118606+00:00;false
LOC-0002;LOC-0150;CAR;2026-08-17T07:00:00+03:00;OK;1526;26;9802;LOCAL_VALHALLA_MATRIX;f043abfe97b68fedccd54d56e323bfb60734f10a54b511f54dca381238eeff1c;d42912ef9220f92f6687a97b94605ad8482d8d8af67b8640b28dfaf44ee25ef4;2026-09-23T00:53:28.118606+00:00;false
LOC-0002;LOC-0151;CAR;2026-08-17T07:00:00+03:00;OK;1688;29;10643;LOCAL_VALHALLA_MATRIX;80ed57d3d53b531400da5bb1d3ad2ca6ddb476a56f66211ab2813ee89d11cc63;429ddd9493599804bdb1dec7a28852e07a81c33489e8db9e8d738b3ad46d1fb4;2026-09-23T00:53:28.118606+00:00;false
LOC-0002;LOC-0190;CAR;2026-08-17T07:00:00+03:00;OK;1081;19;6906;LOCAL_VALHALLA_MATRIX;744b403d74b35ef37f98a0b2a1e5d83064899fe20ec30bfa9164c6ce2c4a41a6;1d5a2390b0730b2cfcd1544e4051714e44d012a85f39c5f75c46935ab6818e71;2026-09-23T00:53:28.118606+00:00;false
LOC-0002;LOC-0196;CAR;2026-08-17T07:00:00+03:00;OK;1755;30;11701;LOCAL_VALHALLA_MATRIX;bfb8c41d79d8228cb30c49c05e3b9f8efcb321c44c8e9eaa28c36c8e2bb00775;47e7fca4978dd6850390610f5ea67df04820e1114269631dcce35490d2d1d22c;2026-09-23T00:53:28.118606+00:00;false
LOC-0008;LOC-0002;CAR;2026-08-17T07:00:00+03:00;OK;1098;19;7328;LOCAL_VALHALLA_MATRIX;a4c61754b3e087b40d5305163213981092475588c4fab8608f0914154d9a6a09;4ed11fa318b8a88dd4a53561d7a7c72dce76d72350c1bcc77ad7c794ce0d0bc7;2026-09-23T00:53:28.118606+00:00;false
LOC-0008;LOC-0008;CAR;2026-08-17T07:00:00+03:00;OK;0;0;0;LOCAL_VALHALLA_MATRIX;958c304e9409d582c57b66bcb70f3acef8eb209720db801c7b10d0630c46bb91;3d5812abc84c11768aa73a732c85d75dbed439188f5bb3239e9b762ea31d9862;2026-09-23T00:53:28.118606+00:00;false
LOC-0008;LOC-0009;CAR;2026-08-17T07:00:00+03:00;OK;2310;39;15735;LOCAL_VALHALLA_MATRIX;4b2969d15ac8b0acbf9b55c00bd97e6e55a6bf112191c9f37cd6583aad8975ba;e4cfcad06ad6170dc430a98ee6124f026602e66ff29f56f60b147c00c052b43a;2026-09-23T00:53:28.118606+00:00;false
LOC-0008;LOC-0010;CAR;2026-08-17T07:00:00+03:00;OK;316;6;1532;LOCAL_VALHALLA_MATRIX;d0f17dd0fe81d747b2c9ce2824ffe6b66a533088879fa23212382e1bef1d4e7a;b60f3473326ae56b4d959090a62cdc9ab7f1ec9a66b1d61179e200907c4cad8f;2026-09-23T00:53:28.118606+00:00;false
LOC-0008;LOC-0011;CAR;2026-08-17T07:00:00+03:00;OK;286;5;1416;LOCAL_VALHALLA_MATRIX;498da8bcf78f6de0bba68b16516d6f4aa11cb1060e1f52e7f0694bf3f7ba5ece;9b95193159f05508f67eac28e72b6b0c6c285eacd17bd9fd6aaf47f7de056214;2026-09-23T00:53:28.118606+00:00;false
LOC-0008;LOC-0013;CAR;2026-08-17T07:00:00+03:00;OK;1348;23;8565;LOCAL_VALHALLA_MATRIX;c2c66394f6540afad46e356e8fecfb884c908be7449345c22a559d6cfbb11af6;756305ad0ef9f404426e7bc5f6e05e516bd11c4bed70fc1eb5b3a12ee3884c66;2026-09-23T00:53:28.118606+00:00;false
LOC-0008;LOC-0016;CAR;2026-08-17T07:00:00+03:00;OK;1627;28;10957;LOCAL_VALHALLA_MATRIX;4124e641213079f0b1a61bcde93e741c332e734e6a8d2075714dec0ccda98e15;c422ba66a96ed3f7e15e8edb2305ea8c87d6b1b5e693596888e4cd5be6593d07;2026-09-23T00:53:28.118606+00:00;false
LOC-0008;LOC-0018;CAR;2026-08-17T07:00:00+03:00;OK;1142;20;6850;LOCAL_VALHALLA_MATRIX;cf3cff491a56e6f9fa0c6edbb2229946df59598017087d16294564f3e7fdea40;ee41bbaab6abd7e0708b5adadb73c8b7de74fb4c6c75147bc07ed34e2dbd363f;2026-09-23T00:53:28.118606+00:00;false
LOC-0008;LOC-0019;CAR;2026-08-17T07:00:00+03:00;OK;376;7;1548;LOCAL_VALHALLA_MATRIX;d7437f821b426ddf5415db6eacdc969e1545689236baf1ff87d24d5378f29553;d11827a4012b5bc37329bad2e87a812c56f3a9eff9a09f802a6199a9ede4dd92;2026-09-23T00:53:28.118606+00:00;false
LOC-0008;LOC-0020;CAR;2026-08-17T07:00:00+03:00;OK;568;10;3552;LOCAL_VALHALLA_MATRIX;e65fd85324ea4ef874403a8a5776d2b7f5476fba6731c960ec12ce855b2e0e47;6bf8f060b857ff9c1e40a027cc00c0adcbed3c6f600d077486675e621a118246;2026-09-23T00:53:28.118606+00:00;false
LOC-0008;LOC-0027;CAR;2026-08-17T07:00:00+03:00;OK;1078;18;6297;LOCAL_VALHALLA_MATRIX;a27b271ed8b3053599b5a1585da9d5306ee686005aac062022256c62f5979980;5627ec6743024c5535679c24e7ce1e95bf2e3f836014b49f3f051a9eebd20604;2026-09-23T00:53:28.118606+00:00;false
LOC-0008;LOC-0028;CAR;2026-08-17T07:00:00+03:00;OK;1524;26;9452;LOCAL_VALHALLA_MATRIX;b1386e6268b4595f4085b4310b9e1c1425332fcdabc351c30a1527137e29653c;b4178a89eb5600431bf3f4cb5f419758f2649d92ae5fc6c8ad93727fd740daf5;2026-09-23T00:53:28.118606+00:00;false
LOC-0008;LOC-0029;CAR;2026-08-17T07:00:00+03:00;OK;1385;24;9009;LOCAL_VALHALLA_MATRIX;c1eecee16174155919fb814f6c123f903c412f833beb05c1a929479c65843a01;b7f2622c9915914dbb4a98d992474eba7d2cc65bf16ad1d638cfdb49858803f0;2026-09-23T00:53:28.118606+00:00;false
LOC-0008;LOC-0037;CAR;2026-08-17T07:00:00+03:00;OK;910;16;5669;LOCAL_VALHALLA_MATRIX;c7d81277b1f9c916af00228d8ef29241f1f290081e2105841441d6583aa15585;d1891b8c2df569b569dbb230b67d24526d81828750edba8f0a80e77ca6213dab;2026-09-23T00:53:28.118606+00:00;false
LOC-0008;LOC-0045;CAR;2026-08-17T07:00:00+03:00;OK;1455;25;9901;LOCAL_VALHALLA_MATRIX;1e3a86f6eea601f1f3c2c79f0b6532e84392140038bfb035f207de704d65bae7;c893070ca0381c7ac2fc0fce1cda763dd818a2dd7f94b5cc36946bc1c98f1c45;2026-09-23T00:53:28.118606+00:00;false
LOC-0008;LOC-0053;CAR;2026-08-17T07:00:00+03:00;OK;1503;26;10111;LOCAL_VALHALLA_MATRIX;becee0f4cba3130afe4836f399176b662ee926b2a7d434ce949857d710c0be20;1d8fff308171668eae15b40ef5f5e0f54e3efb59b0e53f41d44c385cbd2f926f;2026-09-23T00:53:28.118606+00:00;false
LOC-0008;LOC-0054;CAR;2026-08-17T07:00:00+03:00;OK;790;14;4713;LOCAL_VALHALLA_MATRIX;0b1da7e8fa0013c710fa800ea43d7d4273fffb4dd291f6fa2230ef10947618bc;c5f6c1cda345879ddcd4a442ff58ef623735420854fd955563249f9a75a4d27e;2026-09-23T00:53:28.118606+00:00;false
LOC-0008;LOC-0064;CAR;2026-08-17T07:00:00+03:00;OK;1457;25;9828;LOCAL_VALHALLA_MATRIX;9eaf195fd5bdadfe650814a4ddc40923e18338950361a2ac75fc7ab52ff4a215;79dce7b76ef40357864fcf93440b019427cc5e9ce72e6decb9096c4b285df966;2026-09-23T00:53:28.118606+00:00;false
LOC-0008;LOC-0075;CAR;2026-08-17T07:00:00+03:00;OK;1140;19;6726;LOCAL_VALHALLA_MATRIX;38a6e5a801eb36470f3d492f0dafd781a32f3b39059231cb2e3fd33e6d96519a;b7b3ba0115e087ac2098696caf3cd85d31b71ae7325277989c23186638a71025;2026-09-23T00:53:28.118606+00:00;false
LOC-0008;LOC-0076;CAR;2026-08-17T07:00:00+03:00;OK;1550;26;10991;LOCAL_VALHALLA_MATRIX;08378f9f6e6781b12cbc7402dae7e13ff55f24d673f44e8a3dc12b331f935903;bc8133aa44021c65e72b00bd04060ee6a4d497acc5b748ee587777e7c5933cfa;2026-09-23T00:53:28.118606+00:00;false
LOC-0008;LOC-0080;CAR;2026-08-17T07:00:00+03:00;OK;942;16;5629;LOCAL_VALHALLA_MATRIX;08d5a3b51d01ef5aebb51d1e6ce2917373910e43fb3cb5469e4794f85c8c3931;410988a74929c0652f4f16228b7ac47cd68e6d56d17674b661a892a520a5fcef;2026-09-23T00:53:28.118606+00:00;false
LOC-0008;LOC-0082;CAR;2026-08-17T07:00:00+03:00;OK;1451;25;9858;LOCAL_VALHALLA_MATRIX;e5fcb36df9a6b19d271aa50241c4d70ea18be49761d7ed31e405da67094f3ba7;a71cead0b5b82661c77c751038e794715fc5cf9eec80b8e879517f20445a2e56;2026-09-23T00:53:28.118606+00:00;false
LOC-0008;LOC-0085;CAR;2026-08-17T07:00:00+03:00;OK;1217;21;8227;LOCAL_VALHALLA_MATRIX;c653e79c86480e09834d24450a7013eca084c0557e19e744e7025ed298378c0e;76c7a6ebdeed51757348232c1cacdad24bf0c656ae862242bd67b7367fa4c7ad;2026-09-23T00:53:28.118606+00:00;false
LOC-0008;LOC-0086;CAR;2026-08-17T07:00:00+03:00;OK;1219;21;8228;LOCAL_VALHALLA_MATRIX;98b7d2652d06c11fe3d9a61a49a70716c70107de0a407259f29e669a28ccfd7f;36a75b6bc9e1beb3a484dee01a330e6820b57b80f7c888accdaf455835e79652;2026-09-23T00:53:28.118606+00:00;false
LOC-0008;LOC-0091;CAR;2026-08-17T07:00:00+03:00;OK;358;6;1963;LOCAL_VALHALLA_MATRIX;51932c7ffb3cfaa1a7bb075dbc984771bb5460cfad909971a0ce59dd3314755e;de8f798ec752a075c79167ca5e3501730421fc6cfbc4debca94b64ac8cc45c91;2026-09-23T00:53:28.118606+00:00;false
LOC-0008;LOC-0092;CAR;2026-08-17T07:00:00+03:00;OK;487;9;2710;LOCAL_VALHALLA_MATRIX;764ae3b084102feaf94fdd25d6d454f652f91f9810b541c819723506a5da108a;2aef5939eb00e99a870d00a96684464acff4d1f8d58184597a7c9e1c824f1eb8;2026-09-23T00:53:28.118606+00:00;false
LOC-0008;LOC-0094;CAR;2026-08-17T07:00:00+03:00;OK;1347;23;8908;LOCAL_VALHALLA_MATRIX;a63cab5a63bf4a589254389c80a7c52c05da8482bf8e39ad1d06c26fd9b14f67;dc758f60b5366e7e727b723a6eaa69d78955728a3164edc6890c3a2b4e5189bf;2026-09-23T00:53:28.118606+00:00;false
LOC-0008;LOC-0095;CAR;2026-08-17T07:00:00+03:00;OK;1458;25;9623;LOCAL_VALHALLA_MATRIX;b6c4accbc2a2a66870b56641d6331b63592e498a1eccee4becc8172ef92915f6;06d7be779effb2b8965fa155734f31790e8d5499b8d450de00d77a0bac8e84c1;2026-09-23T00:53:28.118606+00:00;false
LOC-0008;LOC-0112;CAR;2026-08-17T07:00:00+03:00;OK;716;12;4213;LOCAL_VALHALLA_MATRIX;0236d40a001c72ae468783eadc752ca06fd1928664e545a98b6a6fbb743b54dc;4c829f7abda16280fef74d8a49aefd0fda56ff31532d364bb76ecd40409fa11f;2026-09-23T00:53:28.118606+00:00;false
LOC-0008;LOC-0124;CAR;2026-08-17T07:00:00+03:00;OK;2410;41;16193;LOCAL_VALHALLA_MATRIX;70274c2b64ab499f5d9dc5331e7a3d487ae79d66fb8c6ceb7e3f31e800f40216;7c9380a4694343242de2dc14bb9b09eca0e3d9e584be0258151ffdaeaba403f0;2026-09-23T00:53:28.118606+00:00;false
LOC-0008;LOC-0126;CAR;2026-08-17T07:00:00+03:00;OK;664;12;3795;LOCAL_VALHALLA_MATRIX;067c6e8c2f8893bb5f0b88c3172f052da25d475c3bf19f862ae9d4fc8597ee91;14ae4c45ca7316ef0cbe013ad0a5dcc08d926eac5a997193d787a86a22f34b2d;2026-09-23T00:53:28.118606+00:00;false
LOC-0008;LOC-0128;CAR;2026-08-17T07:00:00+03:00;OK;985;17;6008;LOCAL_VALHALLA_MATRIX;f08986e61d428541200defd1aa6aac99c4cf21d36cec8f578ede7cefb1faae83;856927ceee4820a290e9e83be75caf6cf7c0d3cd16c49875182894c2e7178a7d;2026-09-23T00:53:28.118606+00:00;false
LOC-0008;LOC-0134;CAR;2026-08-17T07:00:00+03:00;OK;1120;19;7470;LOCAL_VALHALLA_MATRIX;b3557e26db13e4ee0e1b34386b5c5642db81e7dc4c7a77192ca84a244bef30b9;92e2c7f115cae1e47014a7799d4008dd33ea27dfcddf5d33dba9e427f4ee1297;2026-09-23T00:53:28.118606+00:00;false
LOC-0008;LOC-0135;CAR;2026-08-17T07:00:00+03:00;OK;1219;21;8155;LOCAL_VALHALLA_MATRIX;e1fcd2cb988846d7d57b1377720e7404bf3bc9bd2ca3e404c5cf03427412dea5;26ebafc0554eb7736a20cbf5fb7ab0365957c033c5375237393b4d2703dfa278;2026-09-23T00:53:28.118606+00:00;false
LOC-0008;LOC-0136;CAR;2026-08-17T07:00:00+03:00;OK;1169;20;8053;LOCAL_VALHALLA_MATRIX;91400366f5bd2af0f210eac460540e496c2579514f48b5bb5d3fb4fa46adca92;64ca75520277648b8def459683a2d04788b838bd5bee5bb80dff32a5a46e68f3;2026-09-23T00:53:28.118606+00:00;false
LOC-0008;LOC-0141;CAR;2026-08-17T07:00:00+03:00;OK;2166;37;14438;LOCAL_VALHALLA_MATRIX;b630750a3a1e18718f678390be7599ff2b00df14efebb3a06bbd975ade9acd70;55d49070ac0c4a3060a3afdc2c80bd0799727ff15544478ff301091a8165c3c9;2026-09-23T00:53:28.118606+00:00;false
LOC-0008;LOC-0142;CAR;2026-08-17T07:00:00+03:00;OK;2270;38;14684;LOCAL_VALHALLA_MATRIX;e09bb06c5c8d15b23bd5a8e1bf82a5a02a00ef72c2e7104b7b90fa13844e8f99;dcc120542cd7ab5d415eb362b11835f58192cdf90d10092b426b50667d213e11;2026-09-23T00:53:28.118606+00:00;false
LOC-0008;LOC-0145;CAR;2026-08-17T07:00:00+03:00;OK;603;11;4167;LOCAL_VALHALLA_MATRIX;d33cffe0651af9e22e54c2fa883af46bd7d2a5b506142933c65e185ac607e923;78b38892b5189d1757e3872fa1347bb776f8a8f8a15468cd52628dbe1199732d;2026-09-23T00:53:28.118606+00:00;false
LOC-0008;LOC-0148;CAR;2026-08-17T07:00:00+03:00;OK;1069;18;6458;LOCAL_VALHALLA_MATRIX;b7c4f0388a229f4f24da45b4f0f9febdd8503645e07a103ed2e8d18583e9cec4;6749ef8a713bd0f4a4717a0965a541caa6e1f6346ee8676cbfe289edc57cf3dd;2026-09-23T00:53:28.118606+00:00;false
LOC-0008;LOC-0149;CAR;2026-08-17T07:00:00+03:00;OK;1029;18;6199;LOCAL_VALHALLA_MATRIX;30b52dad2c00f1051e96c62cae3ec381b4ac7840df383299f28c31f71ef05d6d;1b8648356778983596429a5dc4df6302132ff5697747bbd075ddf4e7863e2137;2026-09-23T00:53:28.118606+00:00;false
LOC-0008;LOC-0150;CAR;2026-08-17T07:00:00+03:00;OK;1001;17;6018;LOCAL_VALHALLA_MATRIX;8e6027d21a66890cea6b9479d9154f9c4157055f00c039e5b2adccf5067304ab;d8b205f939fa9cd10fe289bc8769afeebc8964bf120f9b4ab7e79d269ed16330;2026-09-23T00:53:28.118606+00:00;false
LOC-0008;LOC-0151;CAR;2026-08-17T07:00:00+03:00;OK;1160;20;6863;LOCAL_VALHALLA_MATRIX;63b225f53ef5a579cc606c3f46a392e85fe2e4bbaa2b99e6d1e230f5fb0c19d9;36039349f3c0ce61c630b052026ddd24f9542a0745e49859478d5264858558b4;2026-09-23T00:53:28.118606+00:00;false
LOC-0008;LOC-0190;CAR;2026-08-17T07:00:00+03:00;OK;579;10;3315;LOCAL_VALHALLA_MATRIX;b117db1e3a4fa8ec31a2ef5d9095133ed9d14cac05969412dc30f721a12c6e42;257a773201c204a924d552e428b53bf8325cb53eb6dfeac7c5bbe84d0fec4c2b;2026-09-23T00:53:28.118606+00:00;false
LOC-0008;LOC-0196;CAR;2026-08-17T07:00:00+03:00;OK;1257;21;7718;LOCAL_VALHALLA_MATRIX;02bdb1c5b86034fc60cd133185ca849d112fe178462441a7ccd28ad900d46fe1;08d7c27430cd9e8d0e989787121294b6e8d2587a49522bcd001b4a424995cbc2;2026-09-23T00:53:28.118606+00:00;false
LOC-0009;LOC-0002;CAR;2026-08-17T07:00:00+03:00;OK;1870;32;12316;LOCAL_VALHALLA_MATRIX;b0df03fd814ada6b1fef3d9c92360ccf5b1c3d22f1b37fba661f4d2575af5771;1214e3777103a82608eccd8f86794b3e88e69e51dac0de6372513ebdef5c1b63;2026-09-23T00:53:28.118606+00:00;false
LOC-0009;LOC-0008;CAR;2026-08-17T07:00:00+03:00;OK;2042;35;13898;LOCAL_VALHALLA_MATRIX;30bd583ba6010d96cf6c97385244c75b211886d58aeb4375b59faf31ba940940;a75f21ff32bd16ff029f7a24c21db64fc56db5654321ff8337c77e59fe58da6f;2026-09-23T00:53:28.118606+00:00;false
LOC-0009;LOC-0009;CAR;2026-08-17T07:00:00+03:00;OK;0;0;0;LOCAL_VALHALLA_MATRIX;375392ecf8e438e7a33f94906119607a7ed2ba3bcbe2d754fb323322d2d5c1e1;3d5812abc84c11768aa73a732c85d75dbed439188f5bb3239e9b762ea31d9862;2026-09-23T00:53:28.118606+00:00;false
LOC-0009;LOC-0010;CAR;2026-08-17T07:00:00+03:00;OK;2119;36;14449;LOCAL_VALHALLA_MATRIX;bba9ca84e0a9aaff6d7962f3448f470cb3444b43f01543418b4d11b86f8b2d39;b4ba666a917bce3ca07dd4edf71072e6f57a49da216725b143833e3f43674d6a;2026-09-23T00:53:28.118606+00:00;false
LOC-0009;LOC-0011;CAR;2026-08-17T07:00:00+03:00;OK;1810;31;12427;LOCAL_VALHALLA_MATRIX;8c5b870c244ee5c0cae775c27d782a9c5ad6e250596ca732c756fd9c20956b84;deff1ad61b4a9bedba0d4fcda1301930a42857591b567ad65252161bfce9fd89;2026-09-23T00:53:28.118606+00:00;false
LOC-0009;LOC-0013;CAR;2026-08-17T07:00:00+03:00;OK;2083;35;13513;LOCAL_VALHALLA_MATRIX;2915a6de77aa69b4f24851cacbb469fff9603878585a426478224b9ca3f268ed;d28d3e2178e328a8ee9ad301f8d68065992172dba2e9a19e401208b26f741fd7;2026-09-23T00:53:28.118606+00:00;false
LOC-0009;LOC-0016;CAR;2026-08-17T07:00:00+03:00;OK;1389;24;8513;LOCAL_VALHALLA_MATRIX;561d6110b5e51937b1e7a98933c4fa60bebde09fa10fbe9e3203291c952a4315;481e34a6007cc7b60351144b9232798714c8d19c70a4430ed81aa8c7f3c1e7a5;2026-09-23T00:53:28.118606+00:00;false
LOC-0009;LOC-0018;CAR;2026-08-17T07:00:00+03:00;OK;1226;21;7990;LOCAL_VALHALLA_MATRIX;9ba5098d49c92ca41ba492fb50f0586efaf3173f7ce32d80691a4b0a91604698;a8b38626c88194ddecda5bbd95e626e79155468db05b44626836df99e6ab8ee1;2026-09-23T00:53:28.118606+00:00;false
LOC-0009;LOC-0019;CAR;2026-08-17T07:00:00+03:00;OK;2207;37;14720;LOCAL_VALHALLA_MATRIX;e07d9e3993e5e795adf387998bfb1b5b2fb79c9831e41409d552866666fe17d7;544bc0df5ccd1980c09571708f95f95bde5f0f5b97edb7999d787795c1aacd4e;2026-09-23T00:53:28.118606+00:00;false
LOC-0009;LOC-0020;CAR;2026-08-17T07:00:00+03:00;OK;2124;36;14306;LOCAL_VALHALLA_MATRIX;cba0c1d38ab0f183d6b770719836ae30cbfc312c66ad42499459a87318cedd28;354394324ceeddce0722bdfe06ad8074b898361617c488c54a28a943459c5525;2026-09-23T00:53:28.118606+00:00;false
LOC-0009;LOC-0027;CAR;2026-08-17T07:00:00+03:00;OK;1272;22;8083;LOCAL_VALHALLA_MATRIX;8e1df076aed9ef8e80778d802e78c83586c9e2f8a01c251c6f01a6fad6dc44ae;e255f640cc6fd06ae6ed214a23978066e20d10671b07802dbb438108b0a515db;2026-09-23T00:53:28.118606+00:00;false
LOC-0009;LOC-0028;CAR;2026-08-17T07:00:00+03:00;OK;1342;23;8303;LOCAL_VALHALLA_MATRIX;a273c26dd86b6210a59b829ea060e6066f4672df3fd553b5afdb8894509165a3;d3293dd621cd4488d708ac8636fa42e4396faef0cdfaba9aeb9c2c5d710e2bb8;2026-09-23T00:53:28.118606+00:00;false
LOC-0009;LOC-0029;CAR;2026-08-17T07:00:00+03:00;OK;1238;21;7815;LOCAL_VALHALLA_MATRIX;17f2321ce0bbebfbea599cfde2f9a75e59203583e5f0fbe69e8778496041bbca;261ffa16ed5703a8e1ab01faf7f5b8177d6df600316f3f0b7ebfcd6caf79c526;2026-09-23T00:53:28.118606+00:00;false
LOC-0009;LOC-0037;CAR;2026-08-17T07:00:00+03:00;OK;1868;32;12947;LOCAL_VALHALLA_MATRIX;fe1b0dc18d752a07b6b81ee055869237381394da3383f8cdd6ba380a61dbe862;c819b932fb72e6f79bd85820757c45e19dca4a25794955fea551b016a5421bc6;2026-09-23T00:53:28.118606+00:00;false
LOC-0009;LOC-0045;CAR;2026-08-17T07:00:00+03:00;OK;944;16;5879;LOCAL_VALHALLA_MATRIX;1a50b55b27a38f71132e8ec34f18dd9bc7aa88d7797d0b3616c7b302afa4db81;df9ea9b48e5f6c43826a1325e9ef4601f74469928f1a2be37222baf7e0bcfaa3;2026-09-23T00:53:28.118606+00:00;false
LOC-0009;LOC-0053;CAR;2026-08-17T07:00:00+03:00;OK;1408;24;9090;LOCAL_VALHALLA_MATRIX;5689ffc5c636314c3a908626c8b0ae5aa3d35fd64c7c456392ec869afafdb95d;977a08137fcf0a95314c5e3c97dc3a94f49f0181b901da6404cc89c43afaabb2;2026-09-23T00:53:28.118606+00:00;false
LOC-0009;LOC-0054;CAR;2026-08-17T07:00:00+03:00;OK;1856;31;12510;LOCAL_VALHALLA_MATRIX;92525df51dbceb7943ca4d86c2d424834db3c39263adb9ca19a9507d277ef094;10d7fcd42a08d38a478215ecec2c487b9e0ee15c44efeebda6d0ebef4c2d22b9;2026-09-23T00:53:28.118606+00:00;false
LOC-0009;LOC-0064;CAR;2026-08-17T07:00:00+03:00;OK;816;14;4880;LOCAL_VALHALLA_MATRIX;916b7d36fcd5bb7a0cec421d57eb81de20948ea1000dad673b8bdbd9248d32bd;822fb95aad84b4af2958a80618194422d83785bcc3dd0bc29ef37483b494571c;2026-09-23T00:53:28.118606+00:00;false
LOC-0009;LOC-0075;CAR;2026-08-17T07:00:00+03:00;OK;1421;24;8794;LOCAL_VALHALLA_MATRIX;4ee541b883ba7e7dd7c9b95aa88db3ba2487b0c049dad0ee4b706938f08fff68;987069cec1f2fec75d4bf223df78c4edd0dc98cb20326c5a4e7becfca8eec3ac;2026-09-23T00:53:28.118606+00:00;false
LOC-0009;LOC-0076;CAR;2026-08-17T07:00:00+03:00;OK;1243;21;8046;LOCAL_VALHALLA_MATRIX;10f1a3cc63832506a1a6a1d9b36a8699ef99a4029e7a6d10bcc7c26f15a7d414;78fc1db1cdfc9f99950753ac233b7bd00f296a8cf0c14e4ee0b392ba6edd0f56;2026-09-23T00:53:28.118606+00:00;false
LOC-0009;LOC-0080;CAR;2026-08-17T07:00:00+03:00;OK;1437;24;9412;LOCAL_VALHALLA_MATRIX;5e5e93701ae6c82e0e6a65895f1a9eaf04573c973e8bc6173e0b46ffa3a95a8f;521a665a70c0d2e9963dc445f04f652180b227f52cd5b87b117476f2524f261f;2026-09-23T00:53:28.118606+00:00;false
LOC-0009;LOC-0082;CAR;2026-08-17T07:00:00+03:00;OK;841;15;5355;LOCAL_VALHALLA_MATRIX;92da0d4bfe063316c9bbc3ecfc51995bc542afa0f8901907a6755a5eaf336628;319192984aac5752948d35baba78a3d343a9755bfa4c21f8a81f6b686b481fc3;2026-09-23T00:53:28.118606+00:00;false
LOC-0009;LOC-0085;CAR;2026-08-17T07:00:00+03:00;OK;2037;34;14092;LOCAL_VALHALLA_MATRIX;a4072a909c31217c49a6fd47a5e4b0b8cc94e0e149c58e861d1602cebe40e145;0da7b97009245414715455c0de20f24c8cab5e105fddd01bd6dad870d40bb47b;2026-09-23T00:53:28.118606+00:00;false
LOC-0009;LOC-0086;CAR;2026-08-17T07:00:00+03:00;OK;2040;34;14093;LOCAL_VALHALLA_MATRIX;ef2bdac3a6203deac7da079f9b55a10332d3e07c6330fa2d25c0c3a10faf5e77;693b966179dc345dea4a0d57931ddd636c14ff80bde1752167f055789994cbcb;2026-09-23T00:53:28.118606+00:00;false
LOC-0009;LOC-0091;CAR;2026-08-17T07:00:00+03:00;OK;2007;34;13873;LOCAL_VALHALLA_MATRIX;1bf435ae67d7dfd305792198a834bab93f75c111aa4a4a466a3a8befb742578a;be44ba707624f1262091aeabe0e282b7c3e9e1a11eb760cf7f95a981e59b526a;2026-09-23T00:53:28.118606+00:00;false
LOC-0009;LOC-0092;CAR;2026-08-17T07:00:00+03:00;OK;1964;33;12763;LOCAL_VALHALLA_MATRIX;3b990bee4dc960ef08de532fe5ee27bc04590c07b5399fe842c4169cdb5e444e;50a745af69ba2fabe73395cab2a6ff2e11ec5b12226772f67ec0076637fe2bc7;2026-09-23T00:53:28.118606+00:00;false
LOC-0009;LOC-0094;CAR;2026-08-17T07:00:00+03:00;OK;2168;37;14773;LOCAL_VALHALLA_MATRIX;fc736242596745f5fda3e01c89209dfc898c9ea2e576f20c6c40790cf11dd3be;62dbab2672b8b714a50bf85936f540b932e1d97c66ead8fda0a3c8a4a5c58054;2026-09-23T00:53:28.118606+00:00;false
LOC-0009;LOC-0095;CAR;2026-08-17T07:00:00+03:00;OK;2278;38;15488;LOCAL_VALHALLA_MATRIX;81d5c4b380fe764b2839170be2642731a80ae51f3745c604b63e8fb23037fc18;22ec14cd299fbc659036e9cc90fff740f47c3c5e23780f9b9e60295d936a18c8;2026-09-23T00:53:28.118606+00:00;false
LOC-0009;LOC-0112;CAR;2026-08-17T07:00:00+03:00;OK;1683;29;10937;LOCAL_VALHALLA_MATRIX;312aea4a80fe86ad163ecc281ebc0d04a02aa917b7f88a023c38f55ee60bdd2d;79fb86e0c482b84b5177b8fd26d32ae8827b5ad6f8f28f94095a36b6c017a668;2026-09-23T00:53:28.118606+00:00;false
LOC-0009;LOC-0124;CAR;2026-08-17T07:00:00+03:00;OK;436;8;2019;LOCAL_VALHALLA_MATRIX;024aa74dc04952ac8bf4456e13e7a55b3a658d764a767f0324a999728985011c;2b365523c50b888d430701e075d678a870352e89ba98ec1d247214105caca441;2026-09-23T00:53:28.118606+00:00;false
LOC-0009;LOC-0126;CAR;2026-08-17T07:00:00+03:00;OK;1586;27;9934;LOCAL_VALHALLA_MATRIX;8059a8e9992405b08fbad9b4e1e0023a35079d14620caee019f93693f2e72e41;93d2aaf42cfe1055c55debb92de600430f7e0fee1ddab2cfe2297a1ed103daa4;2026-09-23T00:53:28.118606+00:00;false
LOC-0009;LOC-0128;CAR;2026-08-17T07:00:00+03:00;OK;1920;32;13135;LOCAL_VALHALLA_MATRIX;4c3dfbea0fd08a7e151848ddb48813dce39216b4f55782ae12c0f4880d51a8df;ffad77fd0c84b2edf33f64026c4f932259c9d7ce411470ab56e6d0c14714461c;2026-09-23T00:53:28.118606+00:00;false
LOC-0009;LOC-0134;CAR;2026-08-17T07:00:00+03:00;OK;1938;33;12471;LOCAL_VALHALLA_MATRIX;36ec3c0b9cbf8d2d59bcfe083273f3acfa8ae9e81bb4194aac963e3894014165;baac9253172327bd9e236bf6f130904ab6631bc2e3a43d3ec131752652a5ae04;2026-09-23T00:53:28.118606+00:00;false
LOC-0009;LOC-0135;CAR;2026-08-17T07:00:00+03:00;OK;1971;33;12455;LOCAL_VALHALLA_MATRIX;044c1d0b8c91182ac8955f4837d5f6912f97b1eadf374f178e4545ce10e4fffd;a16f930bcbb08afe54640b1cb31187003ad75d5dfbeb243fdb08951fdc63797a;2026-09-23T00:53:28.118606+00:00;false
LOC-0009;LOC-0136;CAR;2026-08-17T07:00:00+03:00;OK;1989;34;13917;LOCAL_VALHALLA_MATRIX;8852d66d63737ba844bc86a809ef45298b5c1ab77211f20ffb289b118ff8a3ad;397600dbdef58e93bcce6940a87a4baa045948737fb334c75af048352152a03c;2026-09-23T00:53:28.118606+00:00;false
LOC-0009;LOC-0141;CAR;2026-08-17T07:00:00+03:00;OK;630;11;3251;LOCAL_VALHALLA_MATRIX;66fdb32c2cbd531a699c8a5a6e62fe043408ddd8a0fa31f505eef8e26df7d390;f7ac5df9b7c610f46e7578526819734d6f50d4d3185473b721eaf5dd5924e438;2026-09-23T00:53:28.118606+00:00;false
LOC-0009;LOC-0142;CAR;2026-08-17T07:00:00+03:00;OK;734;13;3497;LOCAL_VALHALLA_MATRIX;772723a21da2fa6994b867f63b4641f4117aa0cb6c1158e38facce36670a80b5;269dc4d3d6944f2faf20eade7dcb8c9955b81c08320ce4bc1c47a9cfbda0aa4a;2026-09-23T00:53:28.118606+00:00;false
LOC-0009;LOC-0145;CAR;2026-08-17T07:00:00+03:00;OK;1919;32;12877;LOCAL_VALHALLA_MATRIX;979d201b792d466c6e9a1bab5a9c53eb35a7f86bca554968dd1a2e7176e86b27;a716b78ff3bc463610e81e3abe2756366f7f2ad805d21b02b622ec3d56a6bcdf;2026-09-23T00:53:28.118606+00:00;false
LOC-0009;LOC-0148;CAR;2026-08-17T07:00:00+03:00;OK;1341;23;8581;LOCAL_VALHALLA_MATRIX;6710d4134d05ff2ccaae68a1705ea34f17c8586d0d93f0cc65c1f86756af3e8b;7bffe1c9fecc4d3991e840a9df479eb5ecc1ad276eb8d94b6b9f852d23be965f;2026-09-23T00:53:28.118606+00:00;false
LOC-0009;LOC-0149;CAR;2026-08-17T07:00:00+03:00;OK;1401;24;8890;LOCAL_VALHALLA_MATRIX;41ea63da65f92ddcff92b8d91078ad57eb77bf5543df03591aa6f1c976c65ea3;527ac83d01487b88475702655c16d84c8bcd1756588ac9aa6a3006c761237a00;2026-09-23T00:53:28.118606+00:00;false
LOC-0009;LOC-0150;CAR;2026-08-17T07:00:00+03:00;OK;1328;23;8695;LOCAL_VALHALLA_MATRIX;80fab54f45cc55c859d617799b5e77adbf8204932fafc0683945d81569699c67;8ede7d931489ab92e47eb0ef09b4ab99770110ff0659ad7b0e9b845331fe1fdf;2026-09-23T00:53:28.118606+00:00;false
LOC-0009;LOC-0151;CAR;2026-08-17T07:00:00+03:00;OK;1282;22;8209;LOCAL_VALHALLA_MATRIX;9892e913307ebb562d50115d1a110db791a460775fd11ffec7031847fad5c760;5777571e46b044afc1da824b89bdfbb27ee6e9670f9abdd4cf82a117959a456d;2026-09-23T00:53:28.118606+00:00;false
LOC-0009;LOC-0190;CAR;2026-08-17T07:00:00+03:00;OK;1595;27;10939;LOCAL_VALHALLA_MATRIX;df92109e6884896477c6571056bd4a4ef12c6081144a6c8969f6e0e8435bd663;385cd9b6bce4c9ab5f1aed06a557d00bb8092cdb8b8dc49fdd5e939dc19a2e8d;2026-09-23T00:53:28.118606+00:00;false
LOC-0009;LOC-0196;CAR;2026-08-17T07:00:00+03:00;OK;1341;23;8351;LOCAL_VALHALLA_MATRIX;a6e2dd192706d29277ea3fd2414b57d3844dbd65d31ad001beac6d745afdde01;7fb6c7fa79d54e9444ef5b68541c517f8aa1d1b20a6ded945b38dbe0f61179ca;2026-09-23T00:53:28.118606+00:00;false
LOC-0010;LOC-0002;CAR;2026-08-17T07:00:00+03:00;OK;1222;21;8156;LOCAL_VALHALLA_MATRIX;d22c1372dee532057121a2e2fb7d8b4fc044672d1a0bfb1904b63bc1fe9993c2;66c9fee7963b4fca67b23c57b27059937b3f26692014b2543fee07b540031bb9;2026-09-23T00:53:28.118606+00:00;false
LOC-0010;LOC-0008;CAR;2026-08-17T07:00:00+03:00;OK;218;4;1042;LOCAL_VALHALLA_MATRIX;728d044528ec0777fc18714124afb6dfc5f41887d80c65d64bf715370c264982;d1fb56f77699ad935ac57a5ca3a458dd5dfbc721377b961c865e0fceed394f54;2026-09-23T00:53:28.118606+00:00;false
LOC-0010;LOC-0009;CAR;2026-08-17T07:00:00+03:00;OK;2430;41;16569;LOCAL_VALHALLA_MATRIX;2e1e1fb2022739990f55d6a787d0a7b2e54c7e6da3f48b83f2bc5732f0fc006c;15d802b2f6c094745868782410dba7fe631e8986580f619f58e07d86c7a92d53;2026-09-23T00:53:28.118606+00:00;false
LOC-0010;LOC-0010;CAR;2026-08-17T07:00:00+03:00;OK;0;0;0;LOCAL_VALHALLA_MATRIX;bd5d007df117e74fb82044ecf0ae475db418500535016f6ff5af82facc7160c3;3d5812abc84c11768aa73a732c85d75dbed439188f5bb3239e9b762ea31d9862;2026-09-23T00:53:28.118606+00:00;false
LOC-0010;LOC-0011;CAR;2026-08-17T07:00:00+03:00;OK;410;7;2244;LOCAL_VALHALLA_MATRIX;b78f76389d9421ba71e227223e569389bf0d4840eac41e4a38245d26f322bb30;8fcc36ff3da7ebd6b978c6a59e765b154708c3ce317ce25d2387c64fc71130a2;2026-09-23T00:53:28.118606+00:00;false
LOC-0010;LOC-0013;CAR;2026-08-17T07:00:00+03:00;OK;1472;25;9392;LOCAL_VALHALLA_MATRIX;6a412f1d0dfeff1cd60d73b7b15435370fbc714e7ec22a22499f864834393f31;8dc86abcdc57f3824a2824d1df80d4f77e8a19f4aa84489f685401a7e706f0e2;2026-09-23T00:53:28.118606+00:00;false
LOC-0010;LOC-0016;CAR;2026-08-17T07:00:00+03:00;OK;1751;30;11785;LOCAL_VALHALLA_MATRIX;c54afeee72aae6192131243e4cae161b9773aec11527ff9c050d8d8312b27c6e;567b9e0a5a17b05e977596b686937a210f28aae68157db9196dded76202be8ea;2026-09-23T00:53:28.118606+00:00;false
LOC-0010;LOC-0018;CAR;2026-08-17T07:00:00+03:00;OK;1504;26;10400;LOCAL_VALHALLA_MATRIX;ca3a466645c6ca77be502a59def526517a0d06178f052521ed37118d441af65a;25efc4d73e41e93fe90b3adcdf1b721004ca52626a9352956841e5c73672ce7f;2026-09-23T00:53:28.118606+00:00;false
LOC-0010;LOC-0019;CAR;2026-08-17T07:00:00+03:00;OK;351;6;1437;LOCAL_VALHALLA_MATRIX;5639c5e41bdff93e843ab80d51241a416c4dd61ad0d8a8af39f94a1570ee4d64;acfac86ae38713f16c1c2a75f85fe2ab4b08611f8987f31093e64030a9ecb7e0;2026-09-23T00:53:28.118606+00:00;false
LOC-0010;LOC-0020;CAR;2026-08-17T07:00:00+03:00;OK;543;10;3441;LOCAL_VALHALLA_MATRIX;7a49198189b3b30ec0db975bf3adfeba279abf2902eabe966523c12c99715852;3d3f7906481ce5094353e6ec9e5ddaa982f268c9e728dfecc2d8a8c4a5f7d024;2026-09-23T00:53:28.118606+00:00;false
LOC-0010;LOC-0027;CAR;2026-08-17T07:00:00+03:00;OK;1202;21;7125;LOCAL_VALHALLA_MATRIX;67cfb5c5a5b608a2110cad96f62e25e4f36d5298d300c5b742e4017da6572e3c;0b0d10aacaff93c1c7528a8cfa07540b55d90f68114aeb0339f9ee209de4de7d;2026-09-23T00:53:28.118606+00:00;false
LOC-0010;LOC-0028;CAR;2026-08-17T07:00:00+03:00;OK;1644;28;10286;LOCAL_VALHALLA_MATRIX;6c32514fb528b9fd59b5357c93f3d8ece6168b7bbb1fdfe20145df66f5c008aa;680f8ce06d58ac74bd96fcb4e7ecd3590934751b8e70abdcc922705c10cf60d0;2026-09-23T00:53:28.118606+00:00;false
LOC-0010;LOC-0029;CAR;2026-08-17T07:00:00+03:00;OK;1506;26;9843;LOCAL_VALHALLA_MATRIX;ad55db3a13da61b84b36bf0872be6769cbbdab3140496f5208cd2688f065ffe7;fcd956851b65431ffac8816683587ada7837d9fad3505a736cb6518caebc4eeb;2026-09-23T00:53:28.118606+00:00;false
LOC-0010;LOC-0037;CAR;2026-08-17T07:00:00+03:00;OK;1033;18;6497;LOCAL_VALHALLA_MATRIX;22fef71b0732e794bf77e67fba0962e8d44f7666ccd4452b65f198d9ac13163c;20006ee653e9c0abb1dd39841e6c0e1985a13875786c5c7a371260663d771704;2026-09-23T00:53:28.118606+00:00;false
LOC-0010;LOC-0045;CAR;2026-08-17T07:00:00+03:00;OK;1576;27;10735;LOCAL_VALHALLA_MATRIX;9cae91b59e317a0f4819e71d804d9f8cc2d67847a345ea519c8c2ec0b6e3d2c8;480d71009803557a23b91f093745b98bd79c8b85d2915c7a21ae1bb66fdf31c5;2026-09-23T00:53:28.118606+00:00;false
LOC-0010;LOC-0053;CAR;2026-08-17T07:00:00+03:00;OK;1623;28;10945;LOCAL_VALHALLA_MATRIX;271e8cc306c3b170472cc6e6dd399c46faaeef6e231f757fb380c5ec14d0ffd8;0c0b9bdb5ec7a7e6124b4f69326269065e187b7f335287d607391a4c4635c10b;2026-09-23T00:53:28.118606+00:00;false
LOC-0010;LOC-0054;CAR;2026-08-17T07:00:00+03:00;OK;913;16;5541;LOCAL_VALHALLA_MATRIX;a37e8d01590c0080e90f0562767a0a737c7ebf722519734962394f01e36d0512;c28a684260cda7554c7c0294b89365d6e50aacbb70a0502329d58ea880c7fd59;2026-09-23T00:53:28.118606+00:00;false
LOC-0010;LOC-0064;CAR;2026-08-17T07:00:00+03:00;OK;1577;27;10662;LOCAL_VALHALLA_MATRIX;03beb8f737869546c6cec61455c40a46f05d1b345aedc7868bec2115c54df408;a5214e34126651df4e71af26a9c340a328f9dda6d35ad30b59434b21f5839e46;2026-09-23T00:53:28.118606+00:00;false
LOC-0010;LOC-0075;CAR;2026-08-17T07:00:00+03:00;OK;1264;22;7554;LOCAL_VALHALLA_MATRIX;60a213285b497a63d4a329114a548d8b2cf5915946eeda7847634768c38c6330;7daabb674663f242e351efbb2b0037a074e08f79bf7f2f48c807dc50f6fc0d4f;2026-09-23T00:53:28.118606+00:00;false
LOC-0010;LOC-0076;CAR;2026-08-17T07:00:00+03:00;OK;1674;28;11819;LOCAL_VALHALLA_MATRIX;97f6178b29cb52fecdb59ec1376fb59a1807b622419bbf5a2ac40e438739f25a;abc49da043e621d2753da94751f43c45d0a392a00ddc61c5901f25051bfc74c4;2026-09-23T00:53:28.118606+00:00;false
LOC-0010;LOC-0080;CAR;2026-08-17T07:00:00+03:00;OK;1066;18;6457;LOCAL_VALHALLA_MATRIX;9537d48f42194e3b5c804fec28a7ff69ff4beadfc966940216965aa6a4e9cfd3;3d52e0d22d5092d86d4f8cc6b67a08b8deabbb92d7196a278a64d4b1a0f71bc7;2026-09-23T00:53:28.118606+00:00;false
LOC-0010;LOC-0082;CAR;2026-08-17T07:00:00+03:00;OK;1572;27;10692;LOCAL_VALHALLA_MATRIX;c6f2ae810bcfe40aaf7be0e5cb18397389192a830e1970ae4286872e908b40f3;690b8a1f699fa487f38990ac009e4d70acfe897666e8a05847aa20fa2d336b96;2026-09-23T00:53:28.118606+00:00;false
LOC-0010;LOC-0085;CAR;2026-08-17T07:00:00+03:00;OK;1341;23;9055;LOCAL_VALHALLA_MATRIX;9a806f4481ca4130ebed62a27599ab37b836e6ae30efce0cbc2a4cd72b89ce01;6c02168279cccdc3ad300bf06f8c16c7b5904d5941453c9119109e65777581a6;2026-09-23T00:53:28.118606+00:00;false
LOC-0010;LOC-0086;CAR;2026-08-17T07:00:00+03:00;OK;1343;23;9056;LOCAL_VALHALLA_MATRIX;8dca673d092c37e3161402cd3a14ef1dfca9946e91678fdaf810b251427572a1;f9217d7eeb2934dd99857f54064779ccd625ef2871789d85514801c114ec0f75;2026-09-23T00:53:28.118606+00:00;false
LOC-0010;LOC-0091;CAR;2026-08-17T07:00:00+03:00;OK;481;9;2791;LOCAL_VALHALLA_MATRIX;af4c9075b63f4af07d2090166523b8ffdc25f17504759cc840146db071a7b125;885a37188915cbed6f59e6fc99ef1eba32839b723cc1e728d1d5b3d23edc3cd4;2026-09-23T00:53:28.118606+00:00;false
LOC-0010;LOC-0092;CAR;2026-08-17T07:00:00+03:00;OK;611;11;3538;LOCAL_VALHALLA_MATRIX;17491fecb9c6d00739454e0f6e9a90381bf696e95115f71787c1188a90f69598;15bfdb0fb164b35fc9744a324d951a8cb893c55a71fdf62a79c32ec7eeed1909;2026-09-23T00:53:28.118606+00:00;false
LOC-0010;LOC-0094;CAR;2026-08-17T07:00:00+03:00;OK;1470;25;9734;LOCAL_VALHALLA_MATRIX;3f3602d81988e0c645f8c7f3794bdb180c4401b5edda3eaca00f6513d150e82e;4f1a334ce05e1656cbb3df4a241b46e0cf88a30763fa97161460391c9c0ad566;2026-09-23T00:53:28.118606+00:00;false
LOC-0010;LOC-0095;CAR;2026-08-17T07:00:00+03:00;OK;1581;27;10449;LOCAL_VALHALLA_MATRIX;cf8d47301830341eb06848c13d2a264e955514297f5ebda3ce82e31c2af20032;fef6121f57135376f357d680fae50dc234deae06647668cef8ab80de6db63089;2026-09-23T00:53:28.118606+00:00;false
LOC-0010;LOC-0112;CAR;2026-08-17T07:00:00+03:00;OK;840;14;5041;LOCAL_VALHALLA_MATRIX;59f206c362a0021d7e93a2f9d82da5d1346ce428a8ccb13f28698358fb229a70;5c85fedc5c3dc0ac6a3555cd13744e7d2094fe3739eb1b834ee16d481a357bab;2026-09-23T00:53:28.118606+00:00;false
LOC-0010;LOC-0124;CAR;2026-08-17T07:00:00+03:00;OK;2530;43;17027;LOCAL_VALHALLA_MATRIX;d79893847bce84ef047ad64edd0294e696cf469b3967c641e4cf64c916ae8dfe;f75bcba5244308eebd2bdaeb12ee76f37dddb1f802d2b43c23fe8d84579bc1f0;2026-09-23T00:53:28.118606+00:00;false
LOC-0010;LOC-0126;CAR;2026-08-17T07:00:00+03:00;OK;788;14;4623;LOCAL_VALHALLA_MATRIX;ef49aaa3828e6529427babb7bcdd1db3fcd2c8e0c0401591d577077651633cff;1eeca162513e8da22cb305acb64557d1e3c59ed32cf264c47608cf3f4866c2ef;2026-09-23T00:53:28.118606+00:00;false
LOC-0010;LOC-0128;CAR;2026-08-17T07:00:00+03:00;OK;1108;19;6836;LOCAL_VALHALLA_MATRIX;9005dd097a15b21b2453a2fe2d64708036d954f8235c8808670420b45b6a4a78;c2a24aeeacc177846adc8b069c55488dc25c46c6a07681618a26f06c6b8ad500;2026-09-23T00:53:28.118606+00:00;false
LOC-0010;LOC-0134;CAR;2026-08-17T07:00:00+03:00;OK;1244;21;8298;LOCAL_VALHALLA_MATRIX;20dd49ec99be08c6fdad357c01486ba8005acb4931ddff7051d1bd9cb47b1123;84689fb31c383b3756661d0affc4ce55216545443710898a4870f73b5aa61ec7;2026-09-23T00:53:28.118606+00:00;false
LOC-0010;LOC-0135;CAR;2026-08-17T07:00:00+03:00;OK;1343;23;8983;LOCAL_VALHALLA_MATRIX;e271f73eae51149ade8f6f72cc44623c3afb007df3320486406fa80a77dbb4a1;d7f27f1185a0b55510c04b8d8e1c403f3f0421f9218f765b774ec7434e8cb3ff;2026-09-23T00:53:28.118606+00:00;false
LOC-0010;LOC-0136;CAR;2026-08-17T07:00:00+03:00;OK;1292;22;8880;LOCAL_VALHALLA_MATRIX;e7af4c9adde8e2b01a4dc2ecce30e926057e861dd9e06844869178115d152af0;5c8780fad018abb9e4c8500e21eecac9cec09d206321e626f606fe9531d0a309;2026-09-23T00:53:28.118606+00:00;false
LOC-0010;LOC-0141;CAR;2026-08-17T07:00:00+03:00;OK;2286;39;15272;LOCAL_VALHALLA_MATRIX;e60d125051dec166ded72d9f62203a788353e1c5ca940b90dd3274430395ae24;a5715cb54f1fc0ae6ced2c19d16f99f9ed4da2a61765c400d1cb2192e8dcac3f;2026-09-23T00:53:28.118606+00:00;false
LOC-0010;LOC-0142;CAR;2026-08-17T07:00:00+03:00;OK;2390;40;15518;LOCAL_VALHALLA_MATRIX;749520af3993137c349bd06c0c6aa9f037f10bb36e266ed5ee5c2a791da29388;ecf7145eafb4bad60b640694d6fb7ef821ae8700f0b2226560d2a6e6c48a69c3;2026-09-23T00:53:28.118606+00:00;false
LOC-0010;LOC-0145;CAR;2026-08-17T07:00:00+03:00;OK;578;10;4056;LOCAL_VALHALLA_MATRIX;84119bc35c58b48cf3f05f7939c7434a1453f989d3eecbabcb8b96c4336d7bc6;c359d9245d1184889c8a24a3cfa85511b021afaef31529f26771a2ed1461a04a;2026-09-23T00:53:28.118606+00:00;false
LOC-0010;LOC-0148;CAR;2026-08-17T07:00:00+03:00;OK;1193;20;7286;LOCAL_VALHALLA_MATRIX;8e1c3aa2da3dbdd6eee5351c9d583861f1566a2710fe2ad0381088ba28528e85;6c9a25f013e53b2da6d41cee0d4bebf303ad9ed2f53980919842c80864c07aa0;2026-09-23T00:53:28.118606+00:00;false
LOC-0010;LOC-0149;CAR;2026-08-17T07:00:00+03:00;OK;1153;20;7027;LOCAL_VALHALLA_MATRIX;944c342900763541df37c6ec952e34ba5c4ddd269b3bf56db29eb9418c481e49;d317a8de2d1ee78423f6f4be653bb7f6cf72d43cfa86970dc0a6e20b13d05009;2026-09-23T00:53:28.118606+00:00;false
LOC-0010;LOC-0150;CAR;2026-08-17T07:00:00+03:00;OK;1124;19;6846;LOCAL_VALHALLA_MATRIX;cae8c9c6e00d6a9a8b42d84b6c957f723afd6e1a1626a8c490a62486dd023420;0e42ea5244370c04ed58dedb98fa127d15195cd65bd5150aeb7ceb8303b76246;2026-09-23T00:53:28.118606+00:00;false
LOC-0010;LOC-0151;CAR;2026-08-17T07:00:00+03:00;OK;1284;22;7691;LOCAL_VALHALLA_MATRIX;1b9757a8b5a0543491e08bb86ecb67802e983772a1731370e499a0d2f56145bc;641c30395ac5b2b12f2963993e2210e68db5b880af0c961c51401db88e0cf2b4;2026-09-23T00:53:28.118606+00:00;false
LOC-0010;LOC-0190;CAR;2026-08-17T07:00:00+03:00;OK;703;12;4143;LOCAL_VALHALLA_MATRIX;3826381e3f97bd4894e33fe420aabbb298f6aaca839aeb23d056708bb34a34a0;48d31ed642f6b50814ed64489b506e9b7b4bade0a5eddef318248ff811184b38;2026-09-23T00:53:28.118606+00:00;false
LOC-0010;LOC-0196;CAR;2026-08-17T07:00:00+03:00;OK;1382;24;8547;LOCAL_VALHALLA_MATRIX;3f8c9efea9fac4a7ba7de9eef75edc61ec005f8670753835573b3eee9c22431a;46dbd01be0316fd55bf399eecff69780f5415aef9601f40ad3c4b70fdd119a65;2026-09-23T00:53:28.118606+00:00;false
LOC-0011;LOC-0002;CAR;2026-08-17T07:00:00+03:00;OK;963;17;6440;LOCAL_VALHALLA_MATRIX;8e17aa812ead2cd091c55546e6fe5b327f58ce7979994c8cb7d041eb43373581;657e33d1946a3b8f468edb01aac47089e6a5337866daf34570a9d09639bfc46c;2026-09-23T00:53:28.118606+00:00;false
LOC-0011;LOC-0008;CAR;2026-08-17T07:00:00+03:00;OK;421;8;1770;LOCAL_VALHALLA_MATRIX;803dd2139cecb8a8ec590524d27d829e3cf1d240989d8f3a8013f6889f830627;1e648fa05599710e4ec22878c3d856ae8609c4dbb53a163259e0aa8a0fe9564f;2026-09-23T00:53:28.118606+00:00;false
LOC-0011;LOC-0009;CAR;2026-08-17T07:00:00+03:00;OK;2141;36;14605;LOCAL_VALHALLA_MATRIX;155d0eba4501026ad0316f9dde9c539a3bf542d6c3e40ef1fbdca88f409485a2;b01f8b9521a1b2b5ba02d234171b2dc6848a5f9cee872d82dcd011b7970aa95a;2026-09-23T00:53:28.118606+00:00;false
LOC-0011;LOC-0010;CAR;2026-08-17T07:00:00+03:00;OK;510;9;2310;LOCAL_VALHALLA_MATRIX;9e9e491290887fc2d5d31e4736196f3f7ed8edbbd5031bf56b59581b60823fbf;978df22b082ad98c6dcb6c35e5760fc79e67f077e3a1abacaf958ce92c0e7ccb;2026-09-23T00:53:28.118606+00:00;false
LOC-0011;LOC-0011;CAR;2026-08-17T07:00:00+03:00;OK;0;0;0;LOCAL_VALHALLA_MATRIX;5746dc6aea2de86a7d714372ca7b58edb0dc198ee56d6edf0b2eb2501543a4ca;3d5812abc84c11768aa73a732c85d75dbed439188f5bb3239e9b762ea31d9862;2026-09-23T00:53:28.118606+00:00;false
LOC-0011;LOC-0013;CAR;2026-08-17T07:00:00+03:00;OK;1213;21;7677;LOCAL_VALHALLA_MATRIX;7539b3d527b7287c422a9214c2fa82c37bd736d52f5794581172c63980a84b70;38db4947ae6e8190c2431d3373323efd8027a979bd278b49ad8c44d61031593f;2026-09-23T00:53:28.118606+00:00;false
LOC-0011;LOC-0016;CAR;2026-08-17T07:00:00+03:00;OK;1491;25;10070;LOCAL_VALHALLA_MATRIX;dbd12f558827c493c3dd6f8cf04e8b9048b381df4d94952b8c98ac57512557e5;60e698b7c2bda21b292e395db71ea00cabe3eb3126907687cced0e7b2c93ca5e;2026-09-23T00:53:28.118606+00:00;false
LOC-0011;LOC-0018;CAR;2026-08-17T07:00:00+03:00;OK;1167;20;7075;LOCAL_VALHALLA_MATRIX;cf7a19d0b371fcc32e9fb073665634aa89e0a6c72694a92e1366e9bc6db03558;8cdf899e17627c2b7341f710af1349f0e671fd34415dbcbf3e22feeffcbec7af;2026-09-23T00:53:28.118606+00:00;false
LOC-0011;LOC-0019;CAR;2026-08-17T07:00:00+03:00;OK;578;10;2326;LOCAL_VALHALLA_MATRIX;ab7ea7afae9ea478b427e5115a946627fda7557868a42a4f101a47bae6c34ea1;de117b5772fcc838a4bd73dcb8ae8f2738474862095758684409b7c75a5b81b2;2026-09-23T00:53:28.118606+00:00;false
LOC-0011;LOC-0020;CAR;2026-08-17T07:00:00+03:00;OK;696;12;4126;LOCAL_VALHALLA_MATRIX;ddf909d07ae6ad4bc09b5a86d947dff3dbadaa5705c57d445a6738728f33d2a4;f6be757040a3617efefe118c5a5f96ff875594935fe4a7d7edafc601e42e651d;2026-09-23T00:53:28.118606+00:00;false
LOC-0011;LOC-0027;CAR;2026-08-17T07:00:00+03:00;OK;1104;19;6522;LOCAL_VALHALLA_MATRIX;cd3d4277b1481563dc803810e8c2f421710c3431d90aa45971c960361b574d3a;486325793de37008eeec16461cda97123660f4f2b2b2caa6411a9f54358c4093;2026-09-23T00:53:28.118606+00:00;false
LOC-0011;LOC-0028;CAR;2026-08-17T07:00:00+03:00;OK;1356;23;8322;LOCAL_VALHALLA_MATRIX;f962278af332c5776cbf3fd168ed977f17ab87f14bbf103984a4758cb8678bb1;4d3fb7d86431fbb88983ac3fa930f25e5dc65d5d50b9bf4c418db6e76ab96fc8;2026-09-23T00:53:28.118606+00:00;false
LOC-0011;LOC-0029;CAR;2026-08-17T07:00:00+03:00;OK;1217;21;7879;LOCAL_VALHALLA_MATRIX;05ed4edab091145024957f0911744ce44baebb08f2d47eb0d7add71c5024782e;cbb07f709cabf805792ebed2f01a0e95ffe8d5227e174686fb22c8d5be855e44;2026-09-23T00:53:28.118606+00:00;false
LOC-0011;LOC-0037;CAR;2026-08-17T07:00:00+03:00;OK;775;13;4781;LOCAL_VALHALLA_MATRIX;c994846a90d948133ac5d9e721cb97604abf3b07ccb0190de11a8953c0229c69;62b5009d13519a23d75931467b7a2acbea3cdd867a470deb73243e1ff80dec87;2026-09-23T00:53:28.118606+00:00;false
LOC-0011;LOC-0045;CAR;2026-08-17T07:00:00+03:00;OK;1287;22;8771;LOCAL_VALHALLA_MATRIX;94d7dc4565ca7469b5fb1ba5d8538873bafb13cb46120e139c9f44fe6b9746b4;20f666b1a88c8ec91ffe805dc70f12c2929d322d32695d2c6383d087b18a5279;2026-09-23T00:53:28.118606+00:00;false
LOC-0011;LOC-0053;CAR;2026-08-17T07:00:00+03:00;OK;1335;23;8981;LOCAL_VALHALLA_MATRIX;7537e7e81ca6ee467ec840056e1b587e366f9552c7858a6c7332f36bb946c3c9;19ad0c6d269b46f9b104091bd3179c3321e891b26669b1e686ca2f7cb93cdda4;2026-09-23T00:53:28.118606+00:00;false
LOC-0011;LOC-0054;CAR;2026-08-17T07:00:00+03:00;OK;655;11;3825;LOCAL_VALHALLA_MATRIX;6cbf1cf98706a8edd7baaaf071f6b785d3f120e2e92ef7eacbbc998fd9e93c7a;16a7f5c1f1323add8d1b23ab25b2c24b5136e5a7e0b2002920bb424a2b1eff93;2026-09-23T00:53:28.118606+00:00;false
LOC-0011;LOC-0064;CAR;2026-08-17T07:00:00+03:00;OK;1289;22;8698;LOCAL_VALHALLA_MATRIX;6b4ffe0f62731b1479bd6336e13da6b9ea811cdfb950e87bb5a910a58c101d44;0830d0794d9defca8adb9907ed12f6eb82f83566d584988cbc032fae067be9bd;2026-09-23T00:53:28.118606+00:00;false
LOC-0011;LOC-0075;CAR;2026-08-17T07:00:00+03:00;OK;1166;20;6951;LOCAL_VALHALLA_MATRIX;48b5cb9bed8042edd12cde277908e7713947631221a77d551d27e4106f6145b7;fb405c780a374feed03fd07d43895a1b59daf8239030182a84e700cefc765d1b;2026-09-23T00:53:28.118606+00:00;false
LOC-0011;LOC-0076;CAR;2026-08-17T07:00:00+03:00;OK;1415;24;10103;LOCAL_VALHALLA_MATRIX;2e1fc516fccf56e92d1c74fca8e44519be185f761eb5f47282eba7620317509c;7544861ca69ac7fd2f01a6fd60a44ee1e36450831dbde4812c3a44583a176dd3;2026-09-23T00:53:28.118606+00:00;false
LOC-0011;LOC-0080;CAR;2026-08-17T07:00:00+03:00;OK;968;17;5854;LOCAL_VALHALLA_MATRIX;9e4cc893aab214be0cbae8f4d4cc2c2770aadd53be2e6d1665c49dc6384cc4c6;4de741a98b16827d53d9d1c35646d3cf4aa131c352740a49d627b384e253b3e1;2026-09-23T00:53:28.118606+00:00;false
LOC-0011;LOC-0082;CAR;2026-08-17T07:00:00+03:00;OK;1283;22;8728;LOCAL_VALHALLA_MATRIX;40723b6eba2f5f516663182637899a2ff85d1e88930618ce7b3730f0945563de;66d421c9365eb1942246f41e3c4ea3a2a0507f35c6d38a07de34a81eaa6174e6;2026-09-23T00:53:28.118606+00:00;false
LOC-0011;LOC-0085;CAR;2026-08-17T07:00:00+03:00;OK;1082;19;7340;LOCAL_VALHALLA_MATRIX;c1203d34e273f46d55eda0416cb598f92bf8af46f22b6fd9a7a4b59750f1116c;fccfe3580e25b30817a6c517072068e6693d7bf39a55e9f259f5b00bda4b5461;2026-09-23T00:53:28.118606+00:00;false
LOC-0011;LOC-0086;CAR;2026-08-17T07:00:00+03:00;OK;1085;19;7341;LOCAL_VALHALLA_MATRIX;742b42b802a75924d9b9d88a3bc5e1b0ee02585fcc22da872c5d44ce8ff99a1b;5ec66cbc177d2a64819a0aac5b4bd1812e5dd2db0860d216064716e7faad63f5;2026-09-23T00:53:28.118606+00:00;false
LOC-0011;LOC-0091;CAR;2026-08-17T07:00:00+03:00;OK;421;8;2378;LOCAL_VALHALLA_MATRIX;3b0edc7b4ace549b74d8e2780a6297809ab93a20604489d22fc59e036a112d09;59deb043ca080c5849efea71b28c99661daa66efae2e032efcea685915f3e963;2026-09-23T00:53:28.118606+00:00;false
LOC-0011;LOC-0092;CAR;2026-08-17T07:00:00+03:00;OK;550;10;3125;LOCAL_VALHALLA_MATRIX;815f6d957ef1963f71f39d5a79d3c8f619a22d93877969a04e541310c304d838;b93a37e428113f152ca514937d894839f187491be7fe0adca54f344163f0374b;2026-09-23T00:53:28.118606+00:00;false
LOC-0011;LOC-0094;CAR;2026-08-17T07:00:00+03:00;OK;1213;21;8021;LOCAL_VALHALLA_MATRIX;9664d1c9494569ff65ff8b4c9eed0db589503460694d71a4ae43b7cb82f8dc5b;a7568ef2044df71d3b832084b3105c62bb0e55eceb8e686adb0313e3448c9858;2026-09-23T00:53:28.118606+00:00;false
LOC-0011;LOC-0095;CAR;2026-08-17T07:00:00+03:00;OK;1323;23;8736;LOCAL_VALHALLA_MATRIX;abcfbad7682d0f049bbf7a86cd0e1206103764290434f544090533303323d771;ba2621b001509b6464c8e8806d62fd72ab6553577f78d4bf095a3afead21e100;2026-09-23T00:53:28.118606+00:00;false
LOC-0011;LOC-0112;CAR;2026-08-17T07:00:00+03:00;OK;729;13;4438;LOCAL_VALHALLA_MATRIX;7835965d510eac2738ccdc072e099de1a6e8794b37fd281c31d95126018e1b75;f4862e0b273c066130aa0920d4c3f39f436bd822618ce30088158c8413d3cd2b;2026-09-23T00:53:28.118606+00:00;false
LOC-0011;LOC-0124;CAR;2026-08-17T07:00:00+03:00;OK;2241;38;15063;LOCAL_VALHALLA_MATRIX;e5670d632ddd3e0d1d7fa8a402fb92453bf0366e67259301d5c19a7fe40876ac;0cb2d2296c08dd736930c5d744f0f1e9e12a973a42597df7496cc3961901834a;2026-09-23T00:53:28.118606+00:00;false
LOC-0011;LOC-0126;CAR;2026-08-17T07:00:00+03:00;OK;690;12;4020;LOCAL_VALHALLA_MATRIX;2f1ffa378fb77da58248074ae0fdcd74f19b8e8830221043013d184e518f7ee4;db09b8005c3a250c0099becace62abbad86a50eccc6e6124fd3e2e9542eb9d60;2026-09-23T00:53:28.118606+00:00;false
LOC-0011;LOC-0128;CAR;2026-08-17T07:00:00+03:00;OK;850;15;5120;LOCAL_VALHALLA_MATRIX;b90074695d707829db997cc524c6fb0f28c7032c0dc7eff8fed0e25a6c786a03;7d30ec19b1fc050fe011ba1cd1efdb90a6a5e520a920aa453957767f24f7d967;2026-09-23T00:53:28.118606+00:00;false
LOC-0011;LOC-0134;CAR;2026-08-17T07:00:00+03:00;OK;985;17;6582;LOCAL_VALHALLA_MATRIX;142353cac6cd76d47b6e3932035d6d7ffedad8438beec7d1a7d218bf5a237758;4a18fdbbe80b19ace1da4d7cbbe1be932c01bbd09e3aa3924f76eb2e9b77b4b6;2026-09-23T00:53:28.118606+00:00;false
LOC-0011;LOC-0135;CAR;2026-08-17T07:00:00+03:00;OK;1084;19;7267;LOCAL_VALHALLA_MATRIX;4f687fa821178dfa32a23174c7a6a49e61515970657fdf9622b34918009737e0;c8af0b0e48b342e105b008563759ed8bc0c5c639889d1dd000ecea6f62083186;2026-09-23T00:53:28.118606+00:00;false
LOC-0011;LOC-0136;CAR;2026-08-17T07:00:00+03:00;OK;1034;18;7165;LOCAL_VALHALLA_MATRIX;4555b81beea0f9cc489161ac4a40e77a3c80c6c1ef6444123a37fb05c124b869;11d14acc2c869960ed21575369dcd867072d081f54bde0987d7b9185fbcf3a9c;2026-09-23T00:53:28.118606+00:00;false
LOC-0011;LOC-0141;CAR;2026-08-17T07:00:00+03:00;OK;1998;34;13308;LOCAL_VALHALLA_MATRIX;0c8b9f78b8136c0fbbae88e8b28c2f10f5160853d00e1d9a281e6908c3219cff;40344205fda8a0c56b5f8c7f3e1c7db7a72ad93f801cce68fce2e7d7cd23139b;2026-09-23T00:53:28.118606+00:00;false
LOC-0011;LOC-0142;CAR;2026-08-17T07:00:00+03:00;OK;2101;36;13554;LOCAL_VALHALLA_MATRIX;0b719347b07a2e4426d50508c88e44e23f9f7dbc7eb172aba9d8f975c0d8799b;bb803b3880defdbc49af60bc40e1ffcee640d5d7a55e36da7ada98534b661cc4;2026-09-23T00:53:28.118606+00:00;false
LOC-0011;LOC-0145;CAR;2026-08-17T07:00:00+03:00;OK;637;11;3911;LOCAL_VALHALLA_MATRIX;bb31f20b9e86c21c96fcbccbfaef4c9847afb4eb62291e1eaa7fec7a32e1b005;de69e1630bafec42214f8a89e5093709f9c672943c7f5b66ffc34c4e5977d27e;2026-09-23T00:53:28.118606+00:00;false
LOC-0011;LOC-0148;CAR;2026-08-17T07:00:00+03:00;OK;1095;19;6683;LOCAL_VALHALLA_MATRIX;ba8c0442baaedc7dd7306157f754fee5a8fbc63d54b86d3c5025d409c5c2cac6;a3fa36ac0bf4304cdcd9d72fc21108273490168c92cb378c62982af0510de39c;2026-09-23T00:53:28.118606+00:00;false
LOC-0011;LOC-0149;CAR;2026-08-17T07:00:00+03:00;OK;1054;18;6424;LOCAL_VALHALLA_MATRIX;8ad64ede8da3cbd5a8aff4cff5b66fbd2bddbe4e4dcbabc420e77460e4d9b2db;c764ec90301183602bcb8f76eb70ae228223948ad53547e13a28cc488a01f24a;2026-09-23T00:53:28.118606+00:00;false
LOC-0011;LOC-0150;CAR;2026-08-17T07:00:00+03:00;OK;1026;18;6243;LOCAL_VALHALLA_MATRIX;6996573c2ee845be0c932f312dd32560c59b53d158bba7ac1ddbdfd884da95c8;e8bc93dfaebc4d0441b9ea565ee6ae489f27d6bf6dcdc95f46c3ac2cccb47110;2026-09-23T00:53:28.118606+00:00;false
LOC-0011;LOC-0151;CAR;2026-08-17T07:00:00+03:00;OK;1186;20;7088;LOCAL_VALHALLA_MATRIX;bec2be219c232a8585e403af8a3bb144c01e5d5995477901816908d2db2b9ad9;afe157d24284b7d563092e46b4db44f248316973d7160c40e5dcd6f5821667d6;2026-09-23T00:53:28.118606+00:00;false
LOC-0011;LOC-0190;CAR;2026-08-17T07:00:00+03:00;OK;657;11;4130;LOCAL_VALHALLA_MATRIX;fc7032c43cf4e2251161bf437ac1424ffa50517770318e614a8c1a85c152a181;48c447750bff64a9f207c1834c974e09c31e927c8b7d36b0efd471cb60e47d93;2026-09-23T00:53:28.118606+00:00;false
LOC-0011;LOC-0196;CAR;2026-08-17T07:00:00+03:00;OK;1270;22;7943;LOCAL_VALHALLA_MATRIX;64c05f13f61f73d4f3bf137847b10b6ad3890443927a15647009dd9707e3dbc0;4836aaf25d87356f09cbeca803847a15fce871ea6c297b57e2b4b14a4ea619b9;2026-09-23T00:53:28.118606+00:00;false
LOC-0013;LOC-0002;CAR;2026-08-17T07:00:00+03:00;OK;450;8;1783;LOCAL_VALHALLA_MATRIX;a4997fbbecc6c0c13da6196a6c364694e5f7f4d365215f5643016472ea4c261c;271bd14c3e28616cc6cf7a8baf522580c4d23ca58e83490cc9e2b2f06debb57a;2026-09-23T00:53:28.118606+00:00;false
LOC-0013;LOC-0008;CAR;2026-08-17T07:00:00+03:00;OK;1500;25;9463;LOCAL_VALHALLA_MATRIX;bcd68e2c2e8c71492b9598497299ad0b5e826e411a02104295a961403e035aa5;0f22eb04f850fbe35409d04d16562a5366eccf6e246a3a727c40df1a0571b48a;2026-09-23T00:53:28.118606+00:00;false
LOC-0013;LOC-0009;CAR;2026-08-17T07:00:00+03:00;OK;2289;39;14766;LOCAL_VALHALLA_MATRIX;6827524c37fcaa149dbff8b361fc918b3af29c793a64accb3fff6cb5d519b948;de116f635aea2ae31d79b4f6748efd2c24aa1590e7eaffc1900d44f7f5c5e8f0;2026-09-23T00:53:28.118606+00:00;false
LOC-0013;LOC-0010;CAR;2026-08-17T07:00:00+03:00;OK;1542;26;9602;LOCAL_VALHALLA_MATRIX;ce90b4749938cadc3a2b859fdb0aebc15b53f5a45fa07be22d713b75ca1c4fdc;55ef76a66f0589b98b3aa7acbda8b503b61f330a817336981e86b1807f959361;2026-09-23T00:53:28.118606+00:00;false
LOC-0013;LOC-0011;CAR;2026-08-17T07:00:00+03:00;OK;1395;24;8669;LOCAL_VALHALLA_MATRIX;17493d35d9a7b8bd035975f5ddd3e3f47215b0ad1c4a34dcfe8a95e321973b39;a9929f0ea0c001c69ef67ec513ec49aa50fb8680782342241b32e0935e62a67c;2026-09-23T00:53:28.118606+00:00;false
LOC-0013;LOC-0013;CAR;2026-08-17T07:00:00+03:00;OK;0;0;0;LOCAL_VALHALLA_MATRIX;9797b06071ce4cf52da7fcf99cd2d974d44781e8946e6c62c78b59f8e90f4535;3d5812abc84c11768aa73a732c85d75dbed439188f5bb3239e9b762ea31d9862;2026-09-23T00:53:28.118606+00:00;false
LOC-0013;LOC-0016;CAR;2026-08-17T07:00:00+03:00;OK;1160;20;6533;LOCAL_VALHALLA_MATRIX;7021d961cb5b1f0c7e143f1ac2298c6f816b0e6f958d1ebef512383ce8fb83b9;69c7b08d8996fa174e72ce08fc5acac6197fed113aae89cf8dd71e707feb949b;2026-09-23T00:53:28.118606+00:00;false
LOC-0013;LOC-0018;CAR;2026-08-17T07:00:00+03:00;OK;1908;32;11787;LOCAL_VALHALLA_MATRIX;bb9217c243fcfc80ba9a52d7b8f15c1ff5eb0ebef489fa70325651e3ef122450;81c083e97697366c4df555ff68248ed7214ca058836a1e9cefa4dc32c064a214;2026-09-23T00:53:28.118606+00:00;false
LOC-0013;LOC-0019;CAR;2026-08-17T07:00:00+03:00;OK;1625;28;9859;LOCAL_VALHALLA_MATRIX;fc50de3370421328b31bd84da6aa6e1bda99a0f210bb988a29507a6be509d037;e2b4b48cdcc8fec9a1bc058edaeb2ec417138d1c816e10f58271109f9e132c39;2026-09-23T00:53:28.118606+00:00;false
LOC-0013;LOC-0020;CAR;2026-08-17T07:00:00+03:00;OK;1734;29;11016;LOCAL_VALHALLA_MATRIX;c78d8d0cd278ba128088d7caeec0ea81e455ddc7976bd01d2fc3d5dcbae98459;b27306d57ecac7aef79d43c5976769e36a07dd5c7d9e50474dea88bf70fa5d43;2026-09-23T00:53:28.118606+00:00;false
LOC-0013;LOC-0027;CAR;2026-08-17T07:00:00+03:00;OK;1752;30;10688;LOCAL_VALHALLA_MATRIX;3226e779138f72bab14f33b84a871791386a3202558c1e00bf0d54322c0f2f98;3c1cf3e0d5fc12f9f7d0ef49cfee34c07f6aa9ff3a1b6592ce3a35650db18bc3;2026-09-23T00:53:28.118606+00:00;false
LOC-0013;LOC-0028;CAR;2026-08-17T07:00:00+03:00;OK;1388;24;7871;LOCAL_VALHALLA_MATRIX;079c7f69bf5615dc8bbc46df216af0a78655523568b5668894917f4ec1dd7f9b;2f703e0c69d62d00c07bd1e148813e6759751da06c8d24d933e296fa2df59a9d;2026-09-23T00:53:28.118606+00:00;false
LOC-0013;LOC-0029;CAR;2026-08-17T07:00:00+03:00;OK;1249;21;7428;LOCAL_VALHALLA_MATRIX;683798413d62f6834e81b4b8fefea4f7269519c29e5c99a46d53d9d271364859;d0af291c6f4977f15a209574d1fba510302f37038c8c39ed96bfaaae35eafd7f;2026-09-23T00:53:28.118606+00:00;false
LOC-0013;LOC-0037;CAR;2026-08-17T07:00:00+03:00;OK;711;12;3758;LOCAL_VALHALLA_MATRIX;484c2f361cc3917a1a34638903d12a9db24258fa203c7baa07d63bc0fed38555;98e3035fe4a5ade261275c86d524d74f71cd618cf4d990130a83140765ac7c5c;2026-09-23T00:53:28.118606+00:00;false
LOC-0013;LOC-0045;CAR;2026-08-17T07:00:00+03:00;OK;1435;24;8932;LOCAL_VALHALLA_MATRIX;a09b556197401cd120d42f65d10d2d935ace37f969f9bc01aea29894f69f2061;a874e88ae796495a4ed27b309f573e9f220fccaf9ea3f707ac91b8caa403ef4a;2026-09-23T00:53:28.118606+00:00;false
LOC-0013;LOC-0053;CAR;2026-08-17T07:00:00+03:00;OK;1078;18;6420;LOCAL_VALHALLA_MATRIX;098da95e7dbda0f6d6dc9a7f9bdcc7be3308ca602c477d86985ae9264c317c8f;457da6eb87f69053be7cb480f9fb57697d37312a15f4788757ba372871a926c4;2026-09-23T00:53:28.118606+00:00;false
LOC-0013;LOC-0054;CAR;2026-08-17T07:00:00+03:00;OK;831;14;4730;LOCAL_VALHALLA_MATRIX;84aa4746989752b2d95df9f15233f026836f2e6c797108bac202648d7abc6022;1f9b125ec4de2b1b8bc9d86b6a4838bfebea46fbf6f4413b7412c6997bcbcd52;2026-09-23T00:53:28.118606+00:00;false
LOC-0013;LOC-0064;CAR;2026-08-17T07:00:00+03:00;OK;1437;24;8859;LOCAL_VALHALLA_MATRIX;ba8611d5b108e9dd4d17057e641260987b2832ee4befa659f87b6c5072845842;b2ab06ebd19dfb394e933d8a109f856bbcd47e5d4afeaa33bab3f55f24b299eb;2026-09-23T00:53:28.118606+00:00;false
LOC-0013;LOC-0075;CAR;2026-08-17T07:00:00+03:00;OK;1753;30;10658;LOCAL_VALHALLA_MATRIX;9cc5b9b41390e27761d92a6a317d2b0fa4df697a393101d60019b0884bfc1145;e7c2f088098cac782203812b569255bf43b016913950c75f829a2bf4b8c9f769;2026-09-23T00:53:28.118606+00:00;false
LOC-0013;LOC-0076;CAR;2026-08-17T07:00:00+03:00;OK;1084;19;6566;LOCAL_VALHALLA_MATRIX;75d6527c2d725b9e3eeaa4aa5c2cb28650c58f4c3c211f04378a34c9586d8774;791130fe1acc0dafd8741d6f91c853d8986458ce1c941d79e479d38abd8c44ef;2026-09-23T00:53:28.118606+00:00;false
LOC-0013;LOC-0080;CAR;2026-08-17T07:00:00+03:00;OK;1661;28;10349;LOCAL_VALHALLA_MATRIX;989fe70ef6a40fe0b1873555ce2e6a11e1b0e649d3001d6aa54f059de1e7ac76;ecb90e387b9a22071b85cd524e9d7273f460172d3c51d25335624e0a49a76df2;2026-09-23T00:53:28.118606+00:00;false
LOC-0013;LOC-0082;CAR;2026-08-17T07:00:00+03:00;OK;1431;24;8889;LOCAL_VALHALLA_MATRIX;99dce30cd2dc28938aabee7445e2595a32350ea3e7e6ac459d9551a29da78376;1af5fb541a4d25c89b8b5f15d7f623b94177485eb9ece74ad53821e1361f0c3c;2026-09-23T00:53:28.118606+00:00;false
LOC-0013;LOC-0085;CAR;2026-08-17T07:00:00+03:00;OK;458;8;1874;LOCAL_VALHALLA_MATRIX;1ab9a7ae67d6bda3847c4ae22e8fe0176b7b4f8d1c897f71ee09399754484547;38ec99fe07d686c2c7991b536b47bea4d27ae1200fbbd68e9c96351f1679c1b1;2026-09-23T00:53:28.118606+00:00;false
LOC-0013;LOC-0086;CAR;2026-08-17T07:00:00+03:00;OK;461;8;1875;LOCAL_VALHALLA_MATRIX;10ac245a121d64f8afef363c69ddea4f954062e003609d97c76b07e30744682f;cfa03ce89dc2afafe35048cdd8487316796cc84ccbee92b1ad593d2540b5cee6;2026-09-23T00:53:28.118606+00:00;false
LOC-0013;LOC-0091;CAR;2026-08-17T07:00:00+03:00;OK;1461;25;9269;LOCAL_VALHALLA_MATRIX;78c157b10ea92031d81b09f20be43610e289f6b6d301d82a039dc179ff6d8f7b;998d7c9866433f236e92aa61cf92a12e7e62d4b7dee7096f9dc931492dd46255;2026-09-23T00:53:28.118606+00:00;false
LOC-0013;LOC-0092;CAR;2026-08-17T07:00:00+03:00;OK;1591;27;10016;LOCAL_VALHALLA_MATRIX;843d0ac0e724191d43af3550b81b4bca23fc507c4152a701218f2b0217404633;ab00bfbab05aebd7a565f812791ba1fc790b0503c5697a02ad23687f3f1ceb84;2026-09-23T00:53:28.118606+00:00;false
LOC-0013;LOC-0094;CAR;2026-08-17T07:00:00+03:00;OK;589;10;2555;LOCAL_VALHALLA_MATRIX;1bd8b3da76901b5953dd33b41b92ab3aa5214062b9ec8825b4bc69ae9e3165b8;34e73c2bf9fbae2f59f3e51eccd5407b3e14707ee8b953ea15b4bb38a841ddf8;2026-09-23T00:53:28.118606+00:00;false
LOC-0013;LOC-0095;CAR;2026-08-17T07:00:00+03:00;OK;699;12;3270;LOCAL_VALHALLA_MATRIX;f5c65e7b0eef9b14d886ce87843b6e22ec66c6d6965fa72126d76b025176ff8b;5f2bcb0a6a50b7f2a39eb251f9ca1f45ab108cb06ac45c577cb541dc7c9c6b99;2026-09-23T00:53:28.118606+00:00;false
LOC-0013;LOC-0112;CAR;2026-08-17T07:00:00+03:00;OK;1424;24;8935;LOCAL_VALHALLA_MATRIX;ed9e7c1ca939a4445629b27d8f032a8d7cae6e116694e7b87ffa754ae4deff50;48dede6a6dcdb0b0abd1e079190d558f6dcb5abfd75b7dbcc88b26c83f79cea0;2026-09-23T00:53:28.118606+00:00;false
LOC-0013;LOC-0124;CAR;2026-08-17T07:00:00+03:00;OK;2390;40;15223;LOCAL_VALHALLA_MATRIX;f9dbcc70a955256687c9c9d6d48bcb2c6928d9465eb91e7a1984833baeaacc57;b9a2d3521614d8717bf46ce44775c76d216e8ba94231d366a5dcb64ef729ae0a;2026-09-23T00:53:28.118606+00:00;false
LOC-0013;LOC-0126;CAR;2026-08-17T07:00:00+03:00;OK;1385;24;8517;LOCAL_VALHALLA_MATRIX;1f0fb79a2502c269c949a00bf75d94aabde54a69e620adffa1893e0bf870088f;ba45a0fd726a0e98939ed001c3540ef544a663e7ce76a89864d02a3552f81be2;2026-09-23T00:53:28.118606+00:00;false
LOC-0013;LOC-0128;CAR;2026-08-17T07:00:00+03:00;OK;764;13;3946;LOCAL_VALHALLA_MATRIX;6c777bdd734eecb4fedbdc91fff13d7f8a572989e3623fa184e24014cce36822;570fcb3869f31daab2471a9d3cbcbcb9fc8579f0b77e5fbfcacd824d5139b333;2026-09-23T00:53:28.118606+00:00;false
LOC-0013;LOC-0134;CAR;2026-08-17T07:00:00+03:00;OK;366;7;1249;LOCAL_VALHALLA_MATRIX;3422c214bc5956a3fc4421d03206aa43e0e8fa8cc586a3cee45c89ecf1418d09;fd041fbd70ec430c5e1f9eef6cf6b7e4a64108e09539d467ee01d87353171b4b;2026-09-23T00:53:28.118606+00:00;false
LOC-0013;LOC-0135;CAR;2026-08-17T07:00:00+03:00;OK;337;6;805;LOCAL_VALHALLA_MATRIX;5efaeeb4cf0ce38aaf8078eab735037b9912d14cc189ab85c9f3552fd5e32f87;a42a927f3bd5128f70df992981b59da751ccbd065bd4d2fbb0f5a91497d95d59;2026-09-23T00:53:28.118606+00:00;false
LOC-0013;LOC-0136;CAR;2026-08-17T07:00:00+03:00;OK;340;6;1184;LOCAL_VALHALLA_MATRIX;b332d3ed902d457929f945c37a1802f62195e09e49fb0a7bfa8ce3e06d9ff5a0;efdb9b92e36cc080bc77b5262cd53cd60e54a519cf7a648c69a4857af5337463;2026-09-23T00:53:28.118606+00:00;false
LOC-0013;LOC-0141;CAR;2026-08-17T07:00:00+03:00;OK;2146;36;13469;LOCAL_VALHALLA_MATRIX;db37e9e4121db3b2a88db88a15669a8e37c16783052dcc3dc75bca94545229de;803c8556a9b50e015f507b73ac39f2cf1ede4050e285182c3af6c352fb32c786;2026-09-23T00:53:28.118606+00:00;false
LOC-0013;LOC-0142;CAR;2026-08-17T07:00:00+03:00;OK;2249;38;13715;LOCAL_VALHALLA_MATRIX;1b8aa8ee807ed3964115f2c57bb19ac538db54514d5d3e48c2a9fe2e23e8de5c;9fdebd60e06cc2d5ad8598e7d16e0c183071d7b3c14e56ebe516f2762a9331d9;2026-09-23T00:53:28.118606+00:00;false
LOC-0013;LOC-0145;CAR;2026-08-17T07:00:00+03:00;OK;1675;28;10801;LOCAL_VALHALLA_MATRIX;8599a4ed19b93812f405f7537397766d1b2868e1c4318f48a31859726fc078db;db94473002a89483fd4878ad3afd99a18f5342ffdac269cc443f354c65dc68f7;2026-09-23T00:53:28.118606+00:00;false
LOC-0013;LOC-0148;CAR;2026-08-17T07:00:00+03:00;OK;1764;30;10878;LOCAL_VALHALLA_MATRIX;ab549c002cc9119d3e01f0a9f277f01e96ca83bcc8da2ace58014477803c755e;775e7d33333bd73016269ed4f7ba5f9ee6aa58b5b753e4f7b5362991790d8d95;2026-09-23T00:53:28.118606+00:00;false
LOC-0013;LOC-0149;CAR;2026-08-17T07:00:00+03:00;OK;1721;29;10623;LOCAL_VALHALLA_MATRIX;6b48c2d185a26a13329b0cfa0d0250b3f3416a4cd832616de26558d1c3fe3808;a1d1a7f683781426dfa05c35f9a7de90f6552319e66362853d73282592c3edb0;2026-09-23T00:53:28.118606+00:00;false
LOC-0013;LOC-0150;CAR;2026-08-17T07:00:00+03:00;OK;1693;29;10442;LOCAL_VALHALLA_MATRIX;a752bfecf542510dd15b9eeda6f7dd37088c7875712d7db5ffdfe7fa49ca0a52;02f0c9f2304eb1d59053abea6faad0b3f504235dad18fdde75f3fe88a6d3086c;2026-09-23T00:53:28.118606+00:00;false
LOC-0013;LOC-0151;CAR;2026-08-17T07:00:00+03:00;OK;1855;31;11283;LOCAL_VALHALLA_MATRIX;212f50c5b6f4ce6c7b604fd722afa5a996c51ba43dec6578d5dceefc479fe6ea;b35bb737206a3a6da54901763a2b1629a986158d3da08f7504f8c200dec13de4;2026-09-23T00:53:28.118606+00:00;false
LOC-0013;LOC-0190;CAR;2026-08-17T07:00:00+03:00;OK;1248;21;7546;LOCAL_VALHALLA_MATRIX;85d35700339f9830ba3b8ff658ad216714899578f7dcdc93c803a3eec981e076;46f52ec960e8cbaaae43d58f22b6838ee59bec33f900875c04225208c35476f4;2026-09-23T00:53:28.118606+00:00;false
LOC-0013;LOC-0196;CAR;2026-08-17T07:00:00+03:00;OK;1965;33;12443;LOCAL_VALHALLA_MATRIX;b816300ce9c5592726fb50828a86dfe465777c04cb125172fd577e1c92a13ff4;19df8d096cddf2ab9f7bd3895b9c45054c44ecc59320e2ce6b267c0a593b07a7;2026-09-23T00:53:28.118606+00:00;false
LOC-0016;LOC-0002;CAR;2026-08-17T07:00:00+03:00;OK;1000;17;6118;LOCAL_VALHALLA_MATRIX;5b322c4f4ef92bc7cbd301a5c3c07a63182ddc7234809f53da09462506dfbd9a;07afd3ed2aabda23e53bb663f4d0450abdbf82d11ca971bc5858929248eb24c1;2026-09-23T00:53:28.118606+00:00;false
LOC-0016;LOC-0008;CAR;2026-08-17T07:00:00+03:00;OK;1738;29;11584;LOCAL_VALHALLA_MATRIX;bc71a74fad79915531af93f42c77e850dc1bb6e224ea1243a289cbed1f2e957c;604c3f2670f7d2c192d66fd621d55a1dda70141ef7a155e3c08c2e6d8004a654;2026-09-23T00:53:28.118606+00:00;false
LOC-0016;LOC-0009;CAR;2026-08-17T07:00:00+03:00;OK;1852;31;11719;LOCAL_VALHALLA_MATRIX;451aa5054fedc9b063d5de0e8b9ea7bcee24d7fbccbb108ed16329ad3097b603;f358988612c1922374c020a922f70bc007f610c35904a8e1c69843b9f60e7513;2026-09-23T00:53:28.118606+00:00;false
LOC-0016;LOC-0010;CAR;2026-08-17T07:00:00+03:00;OK;1776;30;11700;LOCAL_VALHALLA_MATRIX;5b668b58f54a0710da728c7e255fe459fc064413fd2eb7d3b3c08316bb1b2077;b4a364ffc0aa0aac00e32691724e430dbb22ec053f13946dbdd77247f491a392;2026-09-23T00:53:28.118606+00:00;false
LOC-0016;LOC-0011;CAR;2026-08-17T07:00:00+03:00;OK;1634;28;10784;LOCAL_VALHALLA_MATRIX;b3283c54fe2b21bab5979dae8ef4a7ebdd8207b720e1fcb18b86fa50d680fce1;6c94a8d39ecf6c4f82e65bbbfe22da8f231bc05433ebe513198948fcc3a5a359;2026-09-23T00:53:28.118606+00:00;false
LOC-0016;LOC-0013;CAR;2026-08-17T07:00:00+03:00;OK;1165;20;6439;LOCAL_VALHALLA_MATRIX;53605566121104c570f4c21f86f49d2b0d22ce3351b34dead4d25a073fdd4421;a979c1ec86787e0556344d1face675b08c3a3190dc1fb5f7433a0bfbd1a9a68d;2026-09-23T00:53:28.118606+00:00;false
LOC-0016;LOC-0016;CAR;2026-08-17T07:00:00+03:00;OK;0;0;0;LOCAL_VALHALLA_MATRIX;7733409ca7cddc1a0ab04eb8db7d062a040617a726bddab204f20ab18dcea3fb;3d5812abc84c11768aa73a732c85d75dbed439188f5bb3239e9b762ea31d9862;2026-09-23T00:53:28.118606+00:00;false
LOC-0016;LOC-0018;CAR;2026-08-17T07:00:00+03:00;OK;1393;24;8422;LOCAL_VALHALLA_MATRIX;97891d02fe89ac4e5da7e0d3a39d59763642be0373449ac798666402cf712cea;4d1b191c287bab2f151685e9fb20688ef213f4b1ee2177ee36a827fd1c83b2b8;2026-09-23T00:53:28.118606+00:00;false
LOC-0016;LOC-0019;CAR;2026-08-17T07:00:00+03:00;OK;1863;32;11979;LOCAL_VALHALLA_MATRIX;f200a266a2938b66f5666dddea81d1beb2d827eb9174bc17b82a2c7aba39753c;abc4b5c8a0fb9176815d9d38d01a12d39ff23078d1c609337c13c46334ecd157;2026-09-23T00:53:28.118606+00:00;false
LOC-0016;LOC-0020;CAR;2026-08-17T07:00:00+03:00;OK;1974;33;13134;LOCAL_VALHALLA_MATRIX;928b2268a4d9414fb4a15052f011023d4162b10b81cb6de8fe875e1aa0df2478;749c5eef5d381a51d4e6c2a8ac861e9513109be4daa5366bb3db6b46d4c6cea3;2026-09-23T00:53:28.118606+00:00;false
LOC-0016;LOC-0027;CAR;2026-08-17T07:00:00+03:00;OK;1146;20;6521;LOCAL_VALHALLA_MATRIX;b6ac4a84d234381e2a8fc303fe4b240002bc10179ecc3e0c8fe395a56d8fa17a;1c198f87a68cb1c61225618589d36701134d26a0cddee04a01a633cf4a58b23f;2026-09-23T00:53:28.118606+00:00;false
LOC-0016;LOC-0028;CAR;2026-08-17T07:00:00+03:00;OK;1281;22;7209;LOCAL_VALHALLA_MATRIX;1d26577612abad354776493997e83d52eed08e6804dbb4dd4aa76391d851fed0;5034450c4d552313eaef3c8d11a717f26058435e47cd5d13e1f67693a59e3381;2026-09-23T00:53:28.118606+00:00;false
LOC-0016;LOC-0029;CAR;2026-08-17T07:00:00+03:00;OK;1177;20;6721;LOCAL_VALHALLA_MATRIX;a0ab9a2e3e7602c28f04f580a1dcc9e4f532180af3038becce5adb59aa59b4b4;c6f7ede938e225a9947e7c7354bdb11cfc062e91b5c49ce186975d5cff7c7321;2026-09-23T00:53:28.118606+00:00;false
LOC-0016;LOC-0037;CAR;2026-08-17T07:00:00+03:00;OK;950;16;5873;LOCAL_VALHALLA_MATRIX;3550f61d823dc4fbf93b15254526f0d409af3074abf37070a762649744a6e5ae;5afc73459d1d90ec5fd9213a97fba469d0a23e88555297d3b95b57bd00289715;2026-09-23T00:53:28.118606+00:00;false
LOC-0016;LOC-0045;CAR;2026-08-17T07:00:00+03:00;OK;927;16;5234;LOCAL_VALHALLA_MATRIX;22a1c841c035ac98ef91e4539c1e20e84c9dd7b59b844c0c243fcddda2a43235;6e1a68e50040f75ce250dc4e5fcfff7210286e6f9bfd4e6b442acdcb3695dc83;2026-09-23T00:53:28.118606+00:00;false
LOC-0016;LOC-0053;CAR;2026-08-17T07:00:00+03:00;OK;441;8;1783;LOCAL_VALHALLA_MATRIX;02987f3902e1fd0476ed7f96afdf019fa96658ec29a86228e763d3888fcdd23f;4713b02d834882635327e7fd38e29ee0ef2cd329ff8ed71730d446e99fff7c1d;2026-09-23T00:53:28.118606+00:00;false
LOC-0016;LOC-0054;CAR;2026-08-17T07:00:00+03:00;OK;1081;19;6878;LOCAL_VALHALLA_MATRIX;6113a93c9591c9befdb4d10d044df925bbcc1eae76739eabda252ed3e0361304;d2ca4fcdfdb5e35ead42467618c9826dbf9cf5505d3f7cf0ed1735d4cb76b1b3;2026-09-23T00:53:28.118606+00:00;false
LOC-0016;LOC-0064;CAR;2026-08-17T07:00:00+03:00;OK;1000;17;5812;LOCAL_VALHALLA_MATRIX;77d26139b3a9a0165c5480f23bf0e3987ddc53e28fa63f65170b2617c6ad7558;1188d2792fa7b25f83a0d923b89817e198cde0ddc590a780a024c9a341ad5b74;2026-09-23T00:53:28.118606+00:00;false
LOC-0016;LOC-0075;CAR;2026-08-17T07:00:00+03:00;OK;1342;23;7841;LOCAL_VALHALLA_MATRIX;774358668b82d105d8ef7fe543cc8df6f2640664216685ac29f15f02c59111c8;d86bc0b8fc1a5e8cfcf0dcf1d00603762262b6be7ef8365f096ada2aa8f3dc6e;2026-09-23T00:53:28.118606+00:00;false
LOC-0016;LOC-0076;CAR;2026-08-17T07:00:00+03:00;OK;380;7;1161;LOCAL_VALHALLA_MATRIX;12ea2613f3e6798d01e18be83d67b897faf72af1e77c09d4d82b58aeb605c34f;9003d1fff8738007e1c0197ae181176917fe0ecaf9c45d71f8c749fe6b8f46bf;2026-09-23T00:53:28.118606+00:00;false
LOC-0016;LOC-0080;CAR;2026-08-17T07:00:00+03:00;OK;1402;24;8434;LOCAL_VALHALLA_MATRIX;7a291c7ee951b15bf6b895d3cc09ec3abf27c918427a05835eb50e9ea86d7948;05fa5653f4572b8746ec3d46729f2543b9cbb98ec222ec5b8d550e8c10b87bc6;2026-09-23T00:53:28.118606+00:00;false
LOC-0016;LOC-0082;CAR;2026-08-17T07:00:00+03:00;OK;994;17;5842;LOCAL_VALHALLA_MATRIX;8e73431ab8be79f7e084a00ced9f9c6be7688e1b59eb69a609c5d086c1048b0f;2a824ec59a379dab7100bb48de2eb83ecd3e0f009b1d49b4a8ae295dff1542c9;2026-09-23T00:53:28.118606+00:00;false
LOC-0016;LOC-0085;CAR;2026-08-17T07:00:00+03:00;OK;1119;19;7018;LOCAL_VALHALLA_MATRIX;39d6b75ac328b8d0afa5bed9cfc091780ddab0ef32c8d2feb431beec4f5d004f;90b651cc9b79daaac788de7ce7a1ccdb1c383695139d198983bf5e02a80d40ce;2026-09-23T00:53:28.118606+00:00;false
LOC-0016;LOC-0086;CAR;2026-08-17T07:00:00+03:00;OK;1121;19;7019;LOCAL_VALHALLA_MATRIX;067fa401c3f7ca3e65742c349658f4ef9d2edbf06090ba60304647466692bbdd;2e79443a61735bb9deeaee57490607759e39f8da3919d4ab5fbad49024b45f1e;2026-09-23T00:53:28.118606+00:00;false
LOC-0016;LOC-0091;CAR;2026-08-17T07:00:00+03:00;OK;1699;29;11387;LOCAL_VALHALLA_MATRIX;f9e003d971d97d56fad2cc731f5dc8ad3a73f4a34d16763caccc09d634aeaeb9;bcad60236527af77db5889c896ce23abd70d5956dfb5bf61f5f33b6c34f39838;2026-09-23T00:53:28.118606+00:00;false
LOC-0016;LOC-0092;CAR;2026-08-17T07:00:00+03:00;OK;1828;31;12134;LOCAL_VALHALLA_MATRIX;cd1b6ad7cb09ec600c5acaa8ec07eded9506600b0ab68615743658d82a4197ba;b76a12559aad0bdb0821b8a9ced6b99c43d2e1a93009b047dbede6a93cc9c215;2026-09-23T00:53:28.118606+00:00;false
LOC-0016;LOC-0094;CAR;2026-08-17T07:00:00+03:00;OK;1250;21;7699;LOCAL_VALHALLA_MATRIX;6dba94d3fa4f321b4475061c5501392402812918cf2347744a7b52f2349abf6e;6669999facd94f6f993e837ae6596551bcec203afb71f97896bdb3605bab12e2;2026-09-23T00:53:28.118606+00:00;false
LOC-0016;LOC-0095;CAR;2026-08-17T07:00:00+03:00;OK;1360;23;8414;LOCAL_VALHALLA_MATRIX;3c0627f225f592ced4962d74e97242a61b543059cb09c714bd78abccf7ab9f0b;480deefcbb88349a285fdf994428c182d8ec78e9df467034524df30b6cbb58eb;2026-09-23T00:53:28.118606+00:00;false
LOC-0016;LOC-0112;CAR;2026-08-17T07:00:00+03:00;OK;1662;28;11054;LOCAL_VALHALLA_MATRIX;04eac98baf501cfb875ca28791b0063579be0560f070d5ed7af02640ba69ae18;177c571f9d6bcd033368616e1569f76085a7533f93b44c60f1e185780e3df7f3;2026-09-23T00:53:28.118606+00:00;false
LOC-0016;LOC-0124;CAR;2026-08-17T07:00:00+03:00;OK;1877;32;11861;LOCAL_VALHALLA_MATRIX;64a463d7ca5ab6fa963ff155e8d3bf10dd0d5a8379463dddf44fafda55d098b3;97d36a50b63fea21726cce4d9f1ab94e66855dcd398be9d12610e706ce5c7719;2026-09-23T00:53:28.118606+00:00;false
LOC-0016;LOC-0126;CAR;2026-08-17T07:00:00+03:00;OK;1458;25;8325;LOCAL_VALHALLA_MATRIX;de8599a8a647e61f0abe8ed9ca39a1156c3a912ba61bbe942ff5372cf4e09f0e;bab95693fed58d9d6887c9c347037d4c84f23ed133c1223dd1afc7cf42100136;2026-09-23T00:53:28.118606+00:00;false
LOC-0016;LOC-0128;CAR;2026-08-17T07:00:00+03:00;OK;1002;17;6061;LOCAL_VALHALLA_MATRIX;fa026bf905f6c6ae6e2d6b0efea3b433c464aece7075d7b0f4a258e1c9b5f321;67034ed19912cbdd9a8e1cce8ac37021a1e2c50de28ae4a26edaf46524edd49d;2026-09-23T00:53:28.118606+00:00;false
LOC-0016;LOC-0134;CAR;2026-08-17T07:00:00+03:00;OK;1022;18;6260;LOCAL_VALHALLA_MATRIX;f727da841185fba313974853406c45d14843345895fd816862f1ea24e635cf41;86614b3fc8c218136aea458c3feb8244f6dc23fdae05cf3ee5c98750ee5ff190;2026-09-23T00:53:28.118606+00:00;false
LOC-0016;LOC-0135;CAR;2026-08-17T07:00:00+03:00;OK;1127;19;6047;LOCAL_VALHALLA_MATRIX;a1a2918d1d0f3c59b0100e37706c9fa3219f6fc6bd239cbe66eb0da447ebf5e0;a4e8f2246149ea5b9bc51a4a09b7b2337034198bc4508579384e38ef4d6ddd93;2026-09-23T00:53:28.118606+00:00;false
LOC-0016;LOC-0136;CAR;2026-08-17T07:00:00+03:00;OK;1070;18;6843;LOCAL_VALHALLA_MATRIX;d25d124d31b05a062a69be12d48d9ad8a4ba45f7e84562b4392d7df17234e52c;65cc601a678bcdd0e331fb660d75961dc4193e2db36f8d9ef7f41c7ec0139c1d;2026-09-23T00:53:28.118606+00:00;false
LOC-0016;LOC-0141;CAR;2026-08-17T07:00:00+03:00;OK;1633;28;10106;LOCAL_VALHALLA_MATRIX;655c17f98a9f5d8daccbcd928aba5b02c15382db7a7a8e0b73a4816b6d0456ec;811280425dda1f7b10de0ae0414881a46c3b595aab35c2b5993e2f4dbbfc199d;2026-09-23T00:53:28.118606+00:00;false
LOC-0016;LOC-0142;CAR;2026-08-17T07:00:00+03:00;OK;1737;29;10352;LOCAL_VALHALLA_MATRIX;9bc24e8df9922d21bec3c0950d214a41e70a0cdc088168bab4067a1b193c0ccd;8ffe70d3524630d3045ecf37adfb17806b09e47c5174f8fbe545f0f496b8b4f7;2026-09-23T00:53:28.118606+00:00;false
LOC-0016;LOC-0145;CAR;2026-08-17T07:00:00+03:00;OK;1791;30;11316;LOCAL_VALHALLA_MATRIX;b53aa488c46451db8661bf7d60444cd270ece8c3628b91e939fc95fbff92f991;da4d6dd74166dc335d6e1991e65267080acc83889d07e1dd14165265541080b0;2026-09-23T00:53:28.118606+00:00;false
LOC-0016;LOC-0148;CAR;2026-08-17T07:00:00+03:00;OK;1271;22;7573;LOCAL_VALHALLA_MATRIX;8e276c6d58f4fbac9575a9754c583b9dec1be3376cc4319deca11a01c18ad1a7;67bbb89cddfb68a7704fbbf7f28625961297a61ea353289bb0eb9899c4f2f84b;2026-09-23T00:53:28.118606+00:00;false
LOC-0016;LOC-0149;CAR;2026-08-17T07:00:00+03:00;OK;1230;21;7314;LOCAL_VALHALLA_MATRIX;295436a9444002b37d52a3033464955bfde37ee6a5afd56049f9923ad3a774ab;65be12c530e95e486ddc1779f6edc6dd04ae8d84a441bb75716b5bcb77cff4d6;2026-09-23T00:53:28.118606+00:00;false
LOC-0016;LOC-0150;CAR;2026-08-17T07:00:00+03:00;OK;1202;21;7133;LOCAL_VALHALLA_MATRIX;5cb52c20c57fd9a170f50344c15ac131dbe225b8fa518b8e3e8f303b4aa1323d;148c8063f2b34355bb05e8d5bb434247889ad700a2e59b03f2869c808b8cf178;2026-09-23T00:53:28.118606+00:00;false
LOC-0016;LOC-0151;CAR;2026-08-17T07:00:00+03:00;OK;1362;23;7978;LOCAL_VALHALLA_MATRIX;523ba4401e424e75b8dc3077a06df922089bf3083f4c59604782ced84a5d007b;ba5afbfafc9c57fc6fcfeede7ebd83eb68ab29b9a9ac37cc5eab670584643240;2026-09-23T00:53:28.118606+00:00;false
LOC-0016;LOC-0190;CAR;2026-08-17T07:00:00+03:00;OK;1466;25;9330;LOCAL_VALHALLA_MATRIX;eedb46a1c0004a28b977493fc17e4e1a7338163cfd99b0edd4c53a0d2555a3b0;228d38b30cc522739c139339f7b5c9d05f0737f641321824411eeb42f00aad15;2026-09-23T00:53:28.118606+00:00;false
LOC-0016;LOC-0196;CAR;2026-08-17T07:00:00+03:00;OK;1725;29;10893;LOCAL_VALHALLA_MATRIX;b7d669b7533702bdec653b60a936fdcd5b62638841217413dcbe86618fea6689;2be8e8eed716152482f3c33f3d5a3b69953fef237b041b7e8e973a2499e5f888;2026-09-23T00:53:28.118606+00:00;false
LOC-0018;LOC-0002;CAR;2026-08-17T07:00:00+03:00;OK;1565;27;9624;LOCAL_VALHALLA_MATRIX;9290c242bfb5dd45d37604a8f5e072f2acee82123036c8ae24c8f17799421d7e;43a71d0b7e7448d804a24e43ab085101bd2331f9d9aff98397b63c4b04eaafbe;2026-09-23T00:53:28.118606+00:00;false
LOC-0018;LOC-0008;CAR;2026-08-17T07:00:00+03:00;OK;1380;23;8905;LOCAL_VALHALLA_MATRIX;9326c30dfeb596677bd626ad9153fba4f1b3fe8a23d1a4d48a914e8ef9e2f1e8;37f470895d34f236beeed3f13d526fceb4dec43b4d1d4f10037a87a5c85ec566;2026-09-23T00:53:28.118606+00:00;false
LOC-0018;LOC-0009;CAR;2026-08-17T07:00:00+03:00;OK;1483;25;9050;LOCAL_VALHALLA_MATRIX;f80ccc4e613a419794dfb89a5ad8fbd31acc15d9c124ad47ef56903c6dcdcb52;b5dbd7596eff8309bb36a9810a25589ad00c5de3f838603b71ad31fbb96a8b89;2026-09-23T00:53:28.118606+00:00;false
LOC-0018;LOC-0010;CAR;2026-08-17T07:00:00+03:00;OK;1270;22;8130;LOCAL_VALHALLA_MATRIX;d975e35105a4d9189e892457f0549098eb3034891f8355a37695d262643e1376;31b959ebd381831e17b4e613cf49c9f3ca095bd04225789b77df8d706efec770;2026-09-23T00:53:28.118606+00:00;false
LOC-0018;LOC-0011;CAR;2026-08-17T07:00:00+03:00;OK;1171;20;7063;LOCAL_VALHALLA_MATRIX;4b6aeea3ff906052a24eccbe8575e349a1287b0dae2931d2cddcacbb4afb4d09;736e22109592c33f8f9f4b1339f6bf65c248d06fdf33991617fe07118b163cc9;2026-09-23T00:53:28.118606+00:00;false
LOC-0018;LOC-0013;CAR;2026-08-17T07:00:00+03:00;OK;1703;29;10157;LOCAL_VALHALLA_MATRIX;eb2e687e59db6caba55305ea15d0c4f6d977d689ecc3ca9d0ac7a2ba4028db8e;b694ae73914ee22b2767048ef965c841918ddd97367eb8a6f4b1d09e6da66fcd;2026-09-23T00:53:28.118606+00:00;false
LOC-0018;LOC-0016;CAR;2026-08-17T07:00:00+03:00;OK;1428;24;9069;LOCAL_VALHALLA_MATRIX;09df1f65a8371e154dae3678f7a198595b10e2a40020c6c6427186604f9c744a;a27ffd83865ea249242f744e5bb1030e7fbe21ce9234521f702e41e881243042;2026-09-23T00:53:28.118606+00:00;false
LOC-0018;LOC-0018;CAR;2026-08-17T07:00:00+03:00;OK;0;0;0;LOCAL_VALHALLA_MATRIX;0916a7b77b45aa33164afe2f225c68e2cdf397f52b1ec2a3bbb7eb3d09eebfa1;3d5812abc84c11768aa73a732c85d75dbed439188f5bb3239e9b762ea31d9862;2026-09-23T00:53:28.118606+00:00;false
LOC-0018;LOC-0019;CAR;2026-08-17T07:00:00+03:00;OK;1403;24;9061;LOCAL_VALHALLA_MATRIX;7e59411ce97310a735a6f49731f0e56278b0d6cbbcbeebedc12d5fbc12021160;7a9b6e98c54478596d484e4b0f2ef0ad6370d55cfa2e13d6736327b4c0896093;2026-09-23T00:53:28.118606+00:00;false
LOC-0018;LOC-0020;CAR;2026-08-17T07:00:00+03:00;OK;1100;19;7262;LOCAL_VALHALLA_MATRIX;96437269b56283b31f6a9a6e6babbdce0265f79a38486b7e7ffd254afc5ab07f;d34f7321e989bf2bb1d55f54861632c81ee5a49ac79dbcc640ecbb46ce392f6e;2026-09-23T00:53:28.118606+00:00;false
LOC-0018;LOC-0027;CAR;2026-08-17T07:00:00+03:00;OK;624;11;3263;LOCAL_VALHALLA_MATRIX;caaac00496cad85bf28ca72852c205b5e1cb96680de01f622a0cc2c310192444;1586295010324cb306d29f29928e74fea00bd579bba0c0b0dd004ce52642320b;2026-09-23T00:53:28.118606+00:00;false
LOC-0018;LOC-0028;CAR;2026-08-17T07:00:00+03:00;OK;1517;26;8741;LOCAL_VALHALLA_MATRIX;da69d7f60d6841e70a87dd33650415168305be65e556b9d33b7df04e497b6d66;44320d67348d2b81f77ec6e7849f08756ead996ed8565af0f3ecfadbfcfa02d7;2026-09-23T00:53:28.118606+00:00;false
LOC-0018;LOC-0029;CAR;2026-08-17T07:00:00+03:00;OK;1378;23;8297;LOCAL_VALHALLA_MATRIX;391a122ad0f4637614e507f37160e27b5fe7afd24e5107e094e51653f2e85eb9;5f96d27384ac2a24365a3365b6852c8b49c27b35e3049d865ca638df2450fd65;2026-09-23T00:53:28.118606+00:00;false
LOC-0018;LOC-0037;CAR;2026-08-17T07:00:00+03:00;OK;1399;24;8534;LOCAL_VALHALLA_MATRIX;834a8a25929a54f4b6289ece990ad75317ec2958ab650e41d9dddc5ae7356e48;5b42801964c756ba1a6519fec018480c0ad3a64bf3b888af0770bec4631fad87;2026-09-23T00:53:28.118606+00:00;false
LOC-0018;LOC-0045;CAR;2026-08-17T07:00:00+03:00;OK;727;13;4552;LOCAL_VALHALLA_MATRIX;b4a5ef02241ec7b38e7f29c90d77eaed7c401cf93bc87ba1ea0960247d732bd1;0a722ee09f0f01371a07f96956a01b85f3fba8bcb666c5143bf4ef78fee8c92d;2026-09-23T00:53:28.118606+00:00;false
LOC-0018;LOC-0053;CAR;2026-08-17T07:00:00+03:00;OK;1196;20;8049;LOCAL_VALHALLA_MATRIX;3473ac0b44689795bdd41dffd6418599356881b6b6d88d69172544d01426f0eb;462ee712855d65ce337c8f6cdfdd9473acda42260bbe678e5818f7fc2760058a;2026-09-23T00:53:28.118606+00:00;false
LOC-0018;LOC-0054;CAR;2026-08-17T07:00:00+03:00;OK;1279;22;7578;LOCAL_VALHALLA_MATRIX;3b6ab59c9c933ae06b9a55fe17309aa13d873cf5d237cd5f003f84c8b6ad0024;ff1e292ac177c56adb6c506218735ca3c53e83efdd95218e08fff8dc0f0f0465;2026-09-23T00:53:28.118606+00:00;false
LOC-0018;LOC-0064;CAR;2026-08-17T07:00:00+03:00;OK;1030;18;6497;LOCAL_VALHALLA_MATRIX;bf0df95ba3ebc4c41e78c47e9b31396e450940adb8e8432350d59cdd4a2ccc97;7e366e9d0511ad6c086dd95f3033993e02a5f51d639915f91d63397a734c468a;2026-09-23T00:53:28.118606+00:00;false
LOC-0018;LOC-0075;CAR;2026-08-17T07:00:00+03:00;OK;420;7;1771;LOCAL_VALHALLA_MATRIX;c6e81204d80c16932c83e6536c95dea80b48e7b0e076a3c88cc5764e41874398;907b92cddc6e3a685606bf46f71aadd12a8b80ac101d14afab695bbcce3e734c;2026-09-23T00:53:28.118606+00:00;false
LOC-0018;LOC-0076;CAR;2026-08-17T07:00:00+03:00;OK;1369;23;9060;LOCAL_VALHALLA_MATRIX;16b00e5124602e568a1dda08eb5f4260ac44d6350812c479cfd0cdb775eda9dc;b5803c7967ef9c1fdbc01e25155ee8ae3aa9afddf97dde19d4380072f7a96c18;2026-09-23T00:53:28.118606+00:00;false
LOC-0018;LOC-0080;CAR;2026-08-17T07:00:00+03:00;OK;350;6;1744;LOCAL_VALHALLA_MATRIX;e90e67b0f9ba59fd1df06b98923f26e02d8365d309d00881c54f120d85d9aec1;7541b0cc3a530ac6266cfcffbaf3ee9e3ff3f2174ad6d41d1e41a4608e952311;2026-09-23T00:53:28.118606+00:00;false
LOC-0018;LOC-0082;CAR;2026-08-17T07:00:00+03:00;OK;1023;18;6527;LOCAL_VALHALLA_MATRIX;28838bbd046447a0c00638b4ce21e05aaa8ec676de326c2a3a990ddca4788e52;770fb98db74063c1915596dc299ada02c92461c793df41455b7e6c7f7d58213b;2026-09-23T00:53:28.118606+00:00;false
LOC-0018;LOC-0085;CAR;2026-08-17T07:00:00+03:00;OK;1706;29;11093;LOCAL_VALHALLA_MATRIX;8e2ef83d38cb2b50f676bee702a7ae4499bcbcb459e4ca7fb723a88325d74a90;d229bddd4bcb041d7cff2021881baea4bcdd2831d359ba97d08f6952f5362a9e;2026-09-23T00:53:28.118606+00:00;false
LOC-0018;LOC-0086;CAR;2026-08-17T07:00:00+03:00;OK;1708;29;11094;LOCAL_VALHALLA_MATRIX;91f2a7c44ec139da483ccf7e1ebf0c2704c51ba03e94a10696b5eeae1d84606d;a1df9f94e7d07fa071312113bcda7298163538ed1092abc87fc78f2a66d106c6;2026-09-23T00:53:28.118606+00:00;false
LOC-0018;LOC-0091;CAR;2026-08-17T07:00:00+03:00;OK;1005;17;6563;LOCAL_VALHALLA_MATRIX;a4a41f13216f531eee98a48da407338b688961baabe256dfbb92d36cd3c74df1;b5f7b77770f901f37b7e9fb0e17ca51944d680c04d2ce8b7979e780a745b8b3c;2026-09-23T00:53:28.118606+00:00;false
LOC-0018;LOC-0092;CAR;2026-08-17T07:00:00+03:00;OK;998;17;6343;LOCAL_VALHALLA_MATRIX;604a5b95658e88a3ad44e512144b94547103bcf4d9ff41f4cf38105436e73ac7;a4996223f3cc8094c924bfa405db26c1521c5b9dd8d08da2d7f02425b24a442d;2026-09-23T00:53:28.118606+00:00;false
LOC-0018;LOC-0094;CAR;2026-08-17T07:00:00+03:00;OK;1836;31;11774;LOCAL_VALHALLA_MATRIX;20af3d78e764b33b938d4d81f8520fb4da4da2e1322415b477caee4ced3dc130;38bd058fa56c636e8ea893b703b6c97938786887a57bcdfc11a566a762470a8f;2026-09-23T00:53:28.118606+00:00;false
LOC-0018;LOC-0095;CAR;2026-08-17T07:00:00+03:00;OK;1947;33;12489;LOCAL_VALHALLA_MATRIX;6e30f76f7baa9acf69bc2ea398f1bb0ee1e8cffebc302e856dc822e7917193e1;8e18b120143860266dd4daa0bf5ea5089bc249f062f495c09db23de53b41b64b;2026-09-23T00:53:28.118606+00:00;false
LOC-0018;LOC-0112;CAR;2026-08-17T07:00:00+03:00;OK;677;12;3885;LOCAL_VALHALLA_MATRIX;5812c29a0697d7d25abb6e9b111f0ced7770c8e9fbad5d17e2623f9118e12a63;194b89c922cd97b125b97259f3e3ef304250d48931b85e866d6a2e024ee297da;2026-09-23T00:53:28.118606+00:00;false
LOC-0018;LOC-0124;CAR;2026-08-17T07:00:00+03:00;OK;1360;23;8385;LOCAL_VALHALLA_MATRIX;3c9eea8f0cff4c5921b493bee2d9787d051e731e82bd01367e0afdc1fba4b1dc;b60ee0bde363e1d4dd1f430a01daafda440b0118023f728b9e410a6d18215283;2026-09-23T00:53:28.118606+00:00;false
LOC-0018;LOC-0126;CAR;2026-08-17T07:00:00+03:00;OK;605;11;3368;LOCAL_VALHALLA_MATRIX;bf6b2b4f0aadeb03ea3f315986db708552ac63c3145ec8c6febde9dba773c3ca;e02bdce4287ee0f1ee5d94dbc5ad678720586f69c30352512a4742f09f6ed5bb;2026-09-23T00:53:28.118606+00:00;false
LOC-0018;LOC-0128;CAR;2026-08-17T07:00:00+03:00;OK;1473;25;8872;LOCAL_VALHALLA_MATRIX;3248fd9dd5ca7cf11d1e7c7714e9ab4dbaf5cf9a1d7fbebecd5aaede8bf212b0;dc9fadf6a08c9f67b3e018b4908b7693120398250d84950d6759cfe0ac947e27;2026-09-23T00:53:28.118606+00:00;false
LOC-0018;LOC-0134;CAR;2026-08-17T07:00:00+03:00;OK;1632;28;9779;LOCAL_VALHALLA_MATRIX;50b0b75d6fe521bddcdc82013beaf67612d5af4b9ee912dd951501bcfb1f147d;3050b92d3761ed49cbd2ffdee21ade28a2e3dcb1c6c94e1e82bfc190af123b7a;2026-09-23T00:53:28.118606+00:00;false
LOC-0018;LOC-0135;CAR;2026-08-17T07:00:00+03:00;OK;1665;28;9763;LOCAL_VALHALLA_MATRIX;293d3e3e7f7b06c4ff5a499878549be69450eeca9e9fba9b64a0c373e595c813;b80f97d12bf794bd6a889e914d1ed8d834f54116df4f44d5db919e6940deba37;2026-09-23T00:53:28.118606+00:00;false
LOC-0018;LOC-0136;CAR;2026-08-17T07:00:00+03:00;OK;1657;28;10918;LOCAL_VALHALLA_MATRIX;a38fc4ac1106ce9d610a27387d3d88353dfcc3e714f7eb5c7ed7f66fc03125b1;da3fd8f0f0f917a6be6247a4439998e43342ada564c236b040b738f76591473d;2026-09-23T00:53:28.118606+00:00;false
LOC-0018;LOC-0141;CAR;2026-08-17T07:00:00+03:00;OK;1116;19;6630;LOCAL_VALHALLA_MATRIX;9c29fcf07c87ed9866c6aa79dc9016c813ecb355676e6c2f0d3d547c7ac1f76a;5de5586a7b10af472639c34c02903495b373f67feeb8833e35baef2de2cb2c2f;2026-09-23T00:53:28.118606+00:00;false
LOC-0018;LOC-0142;CAR;2026-08-17T07:00:00+03:00;OK;1118;19;6348;LOCAL_VALHALLA_MATRIX;a35cea728a1ecfe43236edfe292765af2dd655c4e0089c7c1427370507e48e9d;195c6e1a2cc61be1413f86874ccdb20fc3f02f1e3c9d04dcaafd1dccb4fa34ac;2026-09-23T00:53:28.118606+00:00;false
LOC-0018;LOC-0145;CAR;2026-08-17T07:00:00+03:00;OK;892;15;5833;LOCAL_VALHALLA_MATRIX;77aed3b8bb198afea7d14c9890d6c59cfffe3baab6a2e302fa1133abf7dfee3c;d394931f3c3be2b24eafe8b57c20c85ee21b123764fb68fbaf0c3b210bac1ff2;2026-09-23T00:53:28.118606+00:00;false
LOC-0018;LOC-0148;CAR;2026-08-17T07:00:00+03:00;OK;340;6;1558;LOCAL_VALHALLA_MATRIX;413859f6a849bd2edabf1f07ae8fbcc5f22bae975e995cc78d275cf5fe0947f3;60a6bca0d1e27be4669a4ff3d2bbfb1edc278fafc3e40253493c865f6b07c79d;2026-09-23T00:53:28.118606+00:00;false
LOC-0018;LOC-0149;CAR;2026-08-17T07:00:00+03:00;OK;401;7;1867;LOCAL_VALHALLA_MATRIX;118b17863d4741f5339e9ffe60da6e9e5a6779f2a5d769c53936249bd23d8924;daebdfc66943cdd9104920f4faee843a9c54af2e7465e13e98af2fefeed2a460;2026-09-23T00:53:28.118606+00:00;false
LOC-0018;LOC-0150;CAR;2026-08-17T07:00:00+03:00;OK;431;8;2058;LOCAL_VALHALLA_MATRIX;0912f2b336cf0606fe9f51145a45118fc2ec68e520830266f4782a0dd8491b9b;b464cf27344f9268bb2d7fc58fa330685ba848559a12be0f3a32dd9bdc6c4c35;2026-09-23T00:53:28.118606+00:00;false
LOC-0018;LOC-0151;CAR;2026-08-17T07:00:00+03:00;OK;281;5;1186;LOCAL_VALHALLA_MATRIX;601fa196f7342e65c779ba1fd06f1ea86a1e5dafc3dd1db43c57e8213a9d778c;d89544f020a429aa8601b7fafb85eef66d8ea6286f946de234aa7d7be29d6468;2026-09-23T00:53:28.118606+00:00;false
LOC-0018;LOC-0190;CAR;2026-08-17T07:00:00+03:00;OK;955;16;5575;LOCAL_VALHALLA_MATRIX;e883d44ceaec2d8aace1d3034f50232ec63e8f5cf650ed7d400c919ca9cfe583;a36fda86254e6bd3b2af0f730d49e65a583646dbc39c91e0f9e28d99c4312615;2026-09-23T00:53:28.118606+00:00;false
LOC-0018;LOC-0196;CAR;2026-08-17T07:00:00+03:00;OK;615;11;3289;LOCAL_VALHALLA_MATRIX;3bd4485e236401609332992e0291c563cf7d6f27e48ac9c738027ef2666795e4;15e902295e2c558be3a596de625b495d7067d3b2e8410f9a56f3e116e9fbf517;2026-09-23T00:53:28.118606+00:00;false
LOC-0019;LOC-0002;CAR;2026-08-17T07:00:00+03:00;OK;1287;22;8479;LOCAL_VALHALLA_MATRIX;80b6c7524b1d96e07d3bf947b94b3a8beb8480a6095e8791d197a55e536f1378;281a18812ce0809f45b5cd4e8a73a201073f80559640093dd95633daec8f7e36;2026-09-23T00:53:28.118606+00:00;false
LOC-0019;LOC-0008;CAR;2026-08-17T07:00:00+03:00;OK;319;6;1640;LOCAL_VALHALLA_MATRIX;3151d5ccda6d1951e49de2da00499de9e992cbea8c3821e71da560f660c97866;9a1fc5ab0760b619472aa094b5aa0c75de569d06e42048acb949f0c3dab8f00b;2026-09-23T00:53:28.118606+00:00;false
LOC-0019;LOC-0009;CAR;2026-08-17T07:00:00+03:00;OK;2492;42;16887;LOCAL_VALHALLA_MATRIX;3a2199bbfccb384d2ea88a663d26921d57708fa700a5c919858122f7a476e0fb;9880227b3112320942c922ecae5c1ebfb97a78fc6b84a4f12cfbea984453f8a9;2026-09-23T00:53:28.118606+00:00;false
LOC-0019;LOC-0010;CAR;2026-08-17T07:00:00+03:00;OK;182;4;810;LOCAL_VALHALLA_MATRIX;49671b2b3127831e0f55d5e4db0a447720743f79fd9e8d35a3f30c91ffccc754;d2f2d90d39e0b41bbe3dbe3d5e7ccf68a96de09cca43c0588d6ab193c531df08;2026-09-23T00:53:28.118606+00:00;false
LOC-0019;LOC-0011;CAR;2026-08-17T07:00:00+03:00;OK;468;8;2568;LOCAL_VALHALLA_MATRIX;94ddd1719556495c25ac5df90856f75575f7c02d0e9ede262eeafd80f455b43a;8e5725450c1fe49470ed6404d9888d13ca3417ef7f67da8c9bf5bf644803ea60;2026-09-23T00:53:28.118606+00:00;false
LOC-0019;LOC-0013;CAR;2026-08-17T07:00:00+03:00;OK;1538;26;9716;LOCAL_VALHALLA_MATRIX;a0c7e347129f2772bbd1a7b077294b6acb81b2e2519a6859911adc4e38c7fa7f;928a443318c9c14d5bd03991326d3b55279237f64a6a9756d550059e92c2de4b;2026-09-23T00:53:28.118606+00:00;false
LOC-0019;LOC-0016;CAR;2026-08-17T07:00:00+03:00;OK;1817;31;12109;LOCAL_VALHALLA_MATRIX;0f8de67e401854856f20f935c648881dfbcf2d89e2a750a4b0be331a4f667ea0;617227a664d9ef3bd3312eab0779c436555649adce73cd017be380c69ccfa3ae;2026-09-23T00:53:28.118606+00:00;false
LOC-0019;LOC-0018;CAR;2026-08-17T07:00:00+03:00;OK;1295;22;9057;LOCAL_VALHALLA_MATRIX;48ca6ac014c515f1640e51944dc6d47cb881ef2afc26921bc2f210a0823e86aa;2d00f31177259777761c52b45e161d18d0b40286465c3696bc3bca5abc6b326b;2026-09-23T00:53:28.118606+00:00;false
LOC-0019;LOC-0019;CAR;2026-08-17T07:00:00+03:00;OK;0;0;0;LOCAL_VALHALLA_MATRIX;f72082b1fb7a5d1c6bdaa4cb91fb5dbdee57920b0ab7753f52d79504d7f25de0;3d5812abc84c11768aa73a732c85d75dbed439188f5bb3239e9b762ea31d9862;2026-09-23T00:53:28.118606+00:00;false
LOC-0019;LOC-0020;CAR;2026-08-17T07:00:00+03:00;OK;335;6;2098;LOCAL_VALHALLA_MATRIX;df0ea12ec964461bc05e0fadff89fd7d6de2ba35ad7029819c70be6afedff277;4ca616a85616215cdde021a151f06fb3714982fad720f046debe1d047d62faf6;2026-09-23T00:53:28.118606+00:00;false
LOC-0019;LOC-0027;CAR;2026-08-17T07:00:00+03:00;OK;1225;21;8164;LOCAL_VALHALLA_MATRIX;c8a8f00a719fad1e95fd89cabf825d1aa4e2b63af1b9c8a19b4ffa4d42b07b17;a2667b90d3a6dcbd80033870a1566dd116d3051aad74858e24469b20c441cfbd;2026-09-23T00:53:28.118606+00:00;false
LOC-0019;LOC-0028;CAR;2026-08-17T07:00:00+03:00;OK;1706;29;10602;LOCAL_VALHALLA_MATRIX;49cf8de9556ea51d84ac45d65e37c9e49a532238fa40098ea7d91901111a6479;23604ec4b455480ee66bbef44321238acc2bf7daacbad2466b4c3b8e252b79e4;2026-09-23T00:53:28.118606+00:00;false
LOC-0019;LOC-0029;CAR;2026-08-17T07:00:00+03:00;OK;1568;27;10161;LOCAL_VALHALLA_MATRIX;cdb47d17337d92bcf162fa4b7c6030a51644c2bdb7ec1fd7b5c62609f3efc73b;cc9ab2c2bd6c1015346d2d1f8fab8f7dbbc4eef381dec6cf6ba7236e22efd422;2026-09-23T00:53:28.118606+00:00;false
LOC-0019;LOC-0037;CAR;2026-08-17T07:00:00+03:00;OK;1099;19;6821;LOCAL_VALHALLA_MATRIX;3f3fe176211edd6adabeb4ddbead0a70de765378c37d736ebec5060aa8c4c42f;d161749eb3a56f88a9000bb329b32c704bfa4d601a65b94bac663f4547932d07;2026-09-23T00:53:28.118606+00:00;false
LOC-0019;LOC-0045;CAR;2026-08-17T07:00:00+03:00;OK;1489;25;10240;LOCAL_VALHALLA_MATRIX;1f640170b48f5234853acff44b006d0f1f6aa8e24e57ee4954a00857f5d1323d;87444ee64b8c9a93c89966328f726071aaa1a2c802f21391bc9a40719d0e3f81;2026-09-23T00:53:28.118606+00:00;false
LOC-0019;LOC-0053;CAR;2026-08-17T07:00:00+03:00;OK;1685;29;11263;LOCAL_VALHALLA_MATRIX;9785a8ebd191ea86f6c78e2a3b1555a898095e365d2a645c8c32f5fdc851f005;c412cb0413eedb41acbd6fc13213320434a09ec61dfc50b3ee96823f11f9a31c;2026-09-23T00:53:28.118606+00:00;false
LOC-0019;LOC-0054;CAR;2026-08-17T07:00:00+03:00;OK;979;17;5865;LOCAL_VALHALLA_MATRIX;5422bea89a8ffb3af734341b4c525bbd5f1d387fd96e9ee1d16220ada06008c4;f78afc60e25867719ef7a9a59d4ea01b57010e75cd75e6017e79e2e6a7529cff;2026-09-23T00:53:28.118606+00:00;false
LOC-0019;LOC-0064;CAR;2026-08-17T07:00:00+03:00;OK;1640;28;10980;LOCAL_VALHALLA_MATRIX;9c2104f9c781eb1524cf393ceebaf7d21eb82356451781d5503dfc7c0e3326f6;c319f4050cbe0c7c5fa583b831f6836de26dea1b1af28df6eecf2127c0198e76;2026-09-23T00:53:28.118606+00:00;false
LOC-0019;LOC-0075;CAR;2026-08-17T07:00:00+03:00;OK;1292;22;8593;LOCAL_VALHALLA_MATRIX;7e591c105c83c79714463f1f5de18449859ed88d4afd498598be5915a3c00332;26b2ea00bb6e8a3cc694560fe2b9751002c38c6b333de334a726da7a7ea76723;2026-09-23T00:53:28.118606+00:00;false
LOC-0019;LOC-0076;CAR;2026-08-17T07:00:00+03:00;OK;1741;30;12142;LOCAL_VALHALLA_MATRIX;ebc6658d0e6d8ce91975ddc94feddd5077ad8921251d94ad4423d7ff3b1c2292;196624983d0a5977512f3a63a02bbb8930c93cb6242f7301fefcc724b0d0f859;2026-09-23T00:53:28.118606+00:00;false
LOC-0019;LOC-0080;CAR;2026-08-17T07:00:00+03:00;OK;1094;19;7496;LOCAL_VALHALLA_MATRIX;9a7edf548b6bb66eb7e041dbb9ed5b4266f626fd4c87e5b11ee1b73bd54197d2;75ccde860d317552220cc1009cfe9a81962c236676c99b22c3e005cda86263e0;2026-09-23T00:53:28.118606+00:00;false
LOC-0019;LOC-0082;CAR;2026-08-17T07:00:00+03:00;OK;1634;28;11010;LOCAL_VALHALLA_MATRIX;63f99b5ecf2116d3ddb95db8c677f4585ec53ce3a97837b7991a9d20701c0c06;3038945338180b70f9ff2a80965fde431d7e2dc7b429a1c8a15c054ea6d1a684;2026-09-23T00:53:28.118606+00:00;false
LOC-0019;LOC-0085;CAR;2026-08-17T07:00:00+03:00;OK;1407;24;9379;LOCAL_VALHALLA_MATRIX;af54f956837756cdd681cfc299133ae699f880faa5f6d6b257f482a7f187fa35;25fa4b1624f6dc87a610d2571492c2505ff8131a8cdf28e53aa58383ad6390cb;2026-09-23T00:53:28.118606+00:00;false
LOC-0019;LOC-0086;CAR;2026-08-17T07:00:00+03:00;OK;1409;24;9380;LOCAL_VALHALLA_MATRIX;c9f4e8f0b45295ae46b84cdd7aa26129d69ab34ceaf2029ef864bd28a0fedc0d;f524f5e63473d2eb7a54dcc570f97b435dcedffc8447557938c70c3c6eb428a6;2026-09-23T00:53:28.118606+00:00;false
LOC-0019;LOC-0091;CAR;2026-08-17T07:00:00+03:00;OK;403;7;2196;LOCAL_VALHALLA_MATRIX;3888079d13aa6354acf5e53722af006134745901acd105b804cb7b2c7c1609e4;69eed1ab5acface03534f5c16134d3fdd719106d8af031a9032e05df91fefaef;2026-09-23T00:53:28.118606+00:00;false
LOC-0019;LOC-0092;CAR;2026-08-17T07:00:00+03:00;OK;435;8;2697;LOCAL_VALHALLA_MATRIX;98c0b5e3634dd081f3d902d0f8dbc44ab26e5f7b1c93389e37c9333cdd5f054c;28b899118bcb9c858543f5c7b313b20d8f7e13d83730454dd25b01f16c926926;2026-09-23T00:53:28.118606+00:00;false
LOC-0019;LOC-0094;CAR;2026-08-17T07:00:00+03:00;OK;1537;26;10060;LOCAL_VALHALLA_MATRIX;28e1c073131a9caeabea99ad7174cb809ae212ad23142c6a49352956b65eff39;5f258c7cccc25462317b3630e6f0c2a1a9afdac2c4bc7ab6d815ad5aa83fbf4c;2026-09-23T00:53:28.118606+00:00;false
LOC-0019;LOC-0095;CAR;2026-08-17T07:00:00+03:00;OK;1647;28;10775;LOCAL_VALHALLA_MATRIX;bb4af9a62f04adef17f5d76dc866c7e6d07bf35fdc617df76b0c18bf5361017f;063521c54a52b5a17a57bb3007cc49eb6b0d6ea95ff20c21859798cef175f4a5;2026-09-23T00:53:28.118606+00:00;false
LOC-0019;LOC-0112;CAR;2026-08-17T07:00:00+03:00;OK;770;13;5275;LOCAL_VALHALLA_MATRIX;e2b510007480f1997dbe6442f3e2d90622d610a9782ff4b23fdbf42c02bb4574;2aa65b0a3b3b00cbfed42fabb3d8d55948e5f963eea3172b157566e9fcdbc6c8;2026-09-23T00:53:28.118606+00:00;false
LOC-0019;LOC-0124;CAR;2026-08-17T07:00:00+03:00;OK;2422;41;16461;LOCAL_VALHALLA_MATRIX;8daffa32cb34fb9c2948738d290b4683e114d9f2d16afded2dd94057b7228cfb;4e8c7bf95b3504753abbadb116cf331535baa44ebaa5c3f5b61d11d182b4e0d4;2026-09-23T00:53:28.118606+00:00;false
LOC-0019;LOC-0126;CAR;2026-08-17T07:00:00+03:00;OK;854;15;4947;LOCAL_VALHALLA_MATRIX;d8b69150e7ad701f7b31a2ec7973876efd07d3c08bf73870ca4ce45f31e410fc;26b05bf5e16b15a3fe4149045fdeac2c9e75688ad937227df73720d894b3063c;2026-09-23T00:53:28.118606+00:00;false
LOC-0019;LOC-0128;CAR;2026-08-17T07:00:00+03:00;OK;1174;20;7160;LOCAL_VALHALLA_MATRIX;6e18ae5080fbba8d91b354cd40de2271ad0e2af424ed2f8f877fe250e5c4118b;9b5b8ea0f1d5e91ce7d8230a82f35a4b2e4945e2cc13749e125ed4e69ff9d978;2026-09-23T00:53:28.118606+00:00;false
LOC-0019;LOC-0134;CAR;2026-08-17T07:00:00+03:00;OK;1309;22;8621;LOCAL_VALHALLA_MATRIX;84593780020145d2e2ece01ee112af48d06dc82dbb93e3a3ceebd64df50dda82;6b530f282cd24308cca701a77c5c0478cd6782152c7b334ed68e1c302c5cad73;2026-09-23T00:53:28.118606+00:00;false
LOC-0019;LOC-0135;CAR;2026-08-17T07:00:00+03:00;OK;1408;24;9306;LOCAL_VALHALLA_MATRIX;14b2aa1b05a6fd862a4c492861fb853485d2c2fc10adf76a84a82ff101d2dfc8;74e1db5188fb101d1de2de70eba308f7e1ce82c1db65f79d724021cd43c77f06;2026-09-23T00:53:28.118606+00:00;false
LOC-0019;LOC-0136;CAR;2026-08-17T07:00:00+03:00;OK;1358;23;9204;LOCAL_VALHALLA_MATRIX;81d61f73be136603b7d7b24e14e4cac937fd5ea2683b5735e3cc09f00273ae69;a39f8de8dc66638464d87c882f3529c709d9f75381312dd26356b031057f1dd6;2026-09-23T00:53:28.118606+00:00;false
LOC-0019;LOC-0141;CAR;2026-08-17T07:00:00+03:00;OK;2179;37;14707;LOCAL_VALHALLA_MATRIX;46b35fb6548ac6f8a1b3fe8f4d72b327cb7c480450eba7c6a2050e4fec2b05bc;3217ad3838c82c47015a8f9416c75ec5077c102cf918d44dc268fbc9868304de;2026-09-23T00:53:28.118606+00:00;false
LOC-0019;LOC-0142;CAR;2026-08-17T07:00:00+03:00;OK;2283;39;14953;LOCAL_VALHALLA_MATRIX;4ce02ea13cc6e63ac8906ad8a4bd93361d4e9e4d0557f0affcc22825eeab1a8b;1526f4a630a41e571254356cf92290321345246270ff413e7b160a17ab09bb56;2026-09-23T00:53:28.118606+00:00;false
LOC-0019;LOC-0145;CAR;2026-08-17T07:00:00+03:00;OK;371;7;2713;LOCAL_VALHALLA_MATRIX;cb3dfef5edf785c968e1a2eef7537aa2401e3f78bf767dbaa70da33333391af9;659ad878138ad08de996fc4912352f0772a998e8c93d09985a2db3bb33398917;2026-09-23T00:53:28.118606+00:00;false
LOC-0019;LOC-0148;CAR;2026-08-17T07:00:00+03:00;OK;1221;21;8325;LOCAL_VALHALLA_MATRIX;7233ba765662d707ff68e80102d004a3e4bc731ce89fcb30087006677c7615e3;52cee324bd49544bcbb51040d03d3b39ca3c19caef6ac3c122584a5e28ddf02c;2026-09-23T00:53:28.118606+00:00;false
LOC-0019;LOC-0149;CAR;2026-08-17T07:00:00+03:00;OK;1181;20;8066;LOCAL_VALHALLA_MATRIX;709ff399f70bb2093b859b65c70b1994dfafc0a6f30ccc8c1a8463dee31b3e85;8adb91fa94d3303592aca8fca3b30f3cb27759e4660c9e477710d122786e993d;2026-09-23T00:53:28.118606+00:00;false
LOC-0019;LOC-0150;CAR;2026-08-17T07:00:00+03:00;OK;1152;20;7885;LOCAL_VALHALLA_MATRIX;184ae1058fa61a47a54f6424c1f1af7bc4ec73c10a0eae990a985a3467c38724;5c20f0fd6dc36cf85148255ffa16c1e84ac9477f84069ade7acea2e1d158dda2;2026-09-23T00:53:28.118606+00:00;false
LOC-0019;LOC-0151;CAR;2026-08-17T07:00:00+03:00;OK;1344;23;9263;LOCAL_VALHALLA_MATRIX;c49f60606f12a156c5a92bf60c10fc2b7b90fa5d122dd4087a1a0d4a52268f7b;e07932051a59ff08bec43d64c6eebc51ec80a78a55326679517c0526b036e3b0;2026-09-23T00:53:28.118606+00:00;false
LOC-0019;LOC-0190;CAR;2026-08-17T07:00:00+03:00;OK;769;13;4467;LOCAL_VALHALLA_MATRIX;3ade49f22cb114e691635a2fc865a30f28554f075b1bbedf8473ec2f26858386;702f8ef7c58f1029835d65794036deebb9930bde832f7f2889825db925f52828;2026-09-23T00:53:28.118606+00:00;false
LOC-0019;LOC-0196;CAR;2026-08-17T07:00:00+03:00;OK;1358;23;9178;LOCAL_VALHALLA_MATRIX;f85766ca3bbfd44dcd8c9f4a2cee18079b1b0335d71ab0bc925143567f2c3480;1197f998134f07ee63c425534b148c95e4511443e2428410ea97240e81b75820;2026-09-23T00:53:28.118606+00:00;false
LOC-0020;LOC-0002;CAR;2026-08-17T07:00:00+03:00;OK;1544;26;9582;LOCAL_VALHALLA_MATRIX;83af62215fb0f85831baf2318fe1e2b5b7a4efa202c1e0a72db5ceab60c5fcdf;988c16c9160b1944e5f05177130bd9409836d2410624058ba6522346a1c0e843;2026-09-23T00:53:28.118606+00:00;false
LOC-0020;LOC-0008;CAR;2026-08-17T07:00:00+03:00;OK;675;12;3456;LOCAL_VALHALLA_MATRIX;77d861cac8f7f5400760580cb253ac71ae3778f4ecb1eb03a63faea6fd74ba7c;14b89e21e249f1cfd63d9995e6310c68e2f48838527bcb2029ba7baa142be0f6;2026-09-23T00:53:28.118606+00:00;false
LOC-0020;LOC-0009;CAR;2026-08-17T07:00:00+03:00;OK;2360;40;15495;LOCAL_VALHALLA_MATRIX;50f70535e11d0d46ea52598515e53d2976f66f8834a599b0fc3c3a384bdcdfc2;cbabafbfd34e7763f50d3e0b0e915addb930286a75a4a45324a417eecfa6e1a9;2026-09-23T00:53:28.118606+00:00;false
LOC-0020;LOC-0010;CAR;2026-08-17T07:00:00+03:00;OK;538;9;2626;LOCAL_VALHALLA_MATRIX;980d0e0ea7c0eb6b45e1dce57f1939a3b03762c499af0680b8caf6aa48108bf8;a040f76ceba7bf9de7e07b3752016146bafd3984a03b3f2c530c12df121eb934;2026-09-23T00:53:28.118606+00:00;false
LOC-0020;LOC-0011;CAR;2026-08-17T07:00:00+03:00;OK;725;13;3671;LOCAL_VALHALLA_MATRIX;874ddee6cac79d144d475c5480b18564af53a6f2ea2641d5546685f1a3570f0a;54be9db3658b41fca81dde9ec4943c6193167f88721248ff6aec09edf09f3004;2026-09-23T00:53:28.118606+00:00;false
LOC-0020;LOC-0013;CAR;2026-08-17T07:00:00+03:00;OK;1790;30;11682;LOCAL_VALHALLA_MATRIX;dcf4f5f721ad9f1d4861ce9661b04163e5662a320bdeabe4b602e82ad02dd398;2d690faa6acbf4215799a94ebcfc4e6dbb087c7763516661344571a30a843b5e;2026-09-23T00:53:28.118606+00:00;false
LOC-0020;LOC-0016;CAR;2026-08-17T07:00:00+03:00;OK;1825;31;11418;LOCAL_VALHALLA_MATRIX;c1e316414c2f3b4af7ebc6083b8e63a7b78ecc7a3eada25f3f0c2b1fa2813217;9f33cf503d96065ddb80e966e4b7f51f74a78ec0ecedb4406a49c1d3cb2819c9;2026-09-23T00:53:28.118606+00:00;false
LOC-0020;LOC-0018;CAR;2026-08-17T07:00:00+03:00;OK;1103;19;7275;LOCAL_VALHALLA_MATRIX;d74b0916e9469b66b8cf5011f9d8473045a2209a6401d4c2131fd5d5bf14efde;714ecb004a7cf628504e5877af5665c7e8f0d4197a5173f4721f96a807a5963e;2026-09-23T00:53:28.118606+00:00;false
LOC-0020;LOC-0019;CAR;2026-08-17T07:00:00+03:00;OK;625;11;2661;LOCAL_VALHALLA_MATRIX;6511093cf8258226593c5b05fcbc43e1ab42f40aacec971a32312f98a5763f2d;c45dc3571b849f04759054055567003ed09356ad40b3819ed6c3cb2a69498abb;2026-09-23T00:53:28.118606+00:00;false
LOC-0020;LOC-0020;CAR;2026-08-17T07:00:00+03:00;OK;0;0;0;LOCAL_VALHALLA_MATRIX;c297fd99ed67ea1e0a561d9643aade5b2966389433a77934e97b92a4dc14c860;3d5812abc84c11768aa73a732c85d75dbed439188f5bb3239e9b762ea31d9862;2026-09-23T00:53:28.118606+00:00;false
LOC-0020;LOC-0027;CAR;2026-08-17T07:00:00+03:00;OK;1033;18;6382;LOCAL_VALHALLA_MATRIX;3d2ef39b69b91830e040a2e0a2ab37855fc7dede21442435761d35322637c6bf;57afac2a915b4cfbf8e183e448c73b9e0bfbbe3723b926a5eefe9f258094c59e;2026-09-23T00:53:28.118606+00:00;false
LOC-0020;LOC-0028;CAR;2026-08-17T07:00:00+03:00;OK;1762;30;10605;LOCAL_VALHALLA_MATRIX;8e8fa90934ea9602892662216c9e46536353cb83eb7905b6be59174a5376faf9;a8d912e2cb18a60a6fa8bab8a8400eb5fdff72429a07f39dc8e19983b3b8272d;2026-09-23T00:53:28.118606+00:00;false
LOC-0020;LOC-0029;CAR;2026-08-17T07:00:00+03:00;OK;1623;28;10162;LOCAL_VALHALLA_MATRIX;9738fdb98396a781ac023f791b19a47d28bd5ad6ce545cbcf2253b45b1e457f9;8387a0c55cf8f822d0391dc6ddc675405fb80e057ff27bad81b62d9d73567578;2026-09-23T00:53:28.118606+00:00;false
LOC-0020;LOC-0037;CAR;2026-08-17T07:00:00+03:00;OK;1356;23;7924;LOCAL_VALHALLA_MATRIX;1737724e091e189036fd08be2899420c1a75802f3992b54d4b0adb6e7dcc4cc4;da231178bcff1efa8b18e36be505b7f75df50a716f046aa03916fd57b916653d;2026-09-23T00:53:28.118606+00:00;false
LOC-0020;LOC-0045;CAR;2026-08-17T07:00:00+03:00;OK;1296;22;8458;LOCAL_VALHALLA_MATRIX;3fe2acd9260cdfabba2b9278af9f214d3e27db2e2a521f7b16aec1e7854b49ba;816c6470d5e60db72c9c6b74d18c4d10b9da92c384e367da6287fb513c4b46bd;2026-09-23T00:53:28.118606+00:00;false
LOC-0020;LOC-0053;CAR;2026-08-17T07:00:00+03:00;OK;1598;27;10397;LOCAL_VALHALLA_MATRIX;6388b73dfe07d5ac79fa954c8f2e7b71fbce35cade779012788d71e27eb56f18;3d81c0b85413258d1280f455fbe84fcf2d80088725437516a8ee801f45c4cfe8;2026-09-23T00:53:28.118606+00:00;false
LOC-0020;LOC-0054;CAR;2026-08-17T07:00:00+03:00;OK;1236;21;6968;LOCAL_VALHALLA_MATRIX;64fd7a77d22dc080b3cd224dd1fc8ee9a51222ff4d78f72856ed714dfb206b96;f706b48754a76ea08773643e7476941df40d619838e682891866b6067c799d5e;2026-09-23T00:53:28.118606+00:00;false
LOC-0020;LOC-0064;CAR;2026-08-17T07:00:00+03:00;OK;1548;26;10049;LOCAL_VALHALLA_MATRIX;4b4ed9a796a5eed82556d023b17f64b59f7011a6562d40693a3ecbc0d0eef883;b1c6617d4a51487c7e9a3bbc122beae54816a3d3b90c187f019342720673815f;2026-09-23T00:53:28.118606+00:00;false
LOC-0020;LOC-0075;CAR;2026-08-17T07:00:00+03:00;OK;1099;19;6811;LOCAL_VALHALLA_MATRIX;3cead7bad5102adfab9c1b25a913e7a74c81ff27ca1d9de1c63bd03416fd7e88;2bd7ab51cf40a50c7fbb6d90c363e8da0a617636ee2f3c7d088564e5cf9aa728;2026-09-23T00:53:28.118606+00:00;false
LOC-0020;LOC-0076;CAR;2026-08-17T07:00:00+03:00;OK;1766;30;11409;LOCAL_VALHALLA_MATRIX;4f8ba17977382b153a2d07dc88312e1d00cdac012fb9aa4c45fca826e3e38ae0;9af33458af32e56f2b5dee2c0311e02b081aaabddff04d85852382802cf33d27;2026-09-23T00:53:28.118606+00:00;false
LOC-0020;LOC-0080;CAR;2026-08-17T07:00:00+03:00;OK;901;16;5714;LOCAL_VALHALLA_MATRIX;788b0e1ad875e43081e3025db5160c1d361acb1d6183d18ed6a14a84657c5ef4;d0c8b0872f316b6e0dda7d7d6cafc2c44064f401cb070e0c2f232346b550572b;2026-09-23T00:53:28.118606+00:00;false
LOC-0020;LOC-0082;CAR;2026-08-17T07:00:00+03:00;OK;1541;26;10079;LOCAL_VALHALLA_MATRIX;2b6246e1b61947e41739222a48317d0c1d705bbc10baee42c1262addf4d0d774;0b3417c87a297c130fb98d8f6e553f60f492007c23af2367554f7d00bcb7e721;2026-09-23T00:53:28.118606+00:00;false
LOC-0020;LOC-0085;CAR;2026-08-17T07:00:00+03:00;OK;1660;28;11347;LOCAL_VALHALLA_MATRIX;341d66ce5a4c87b5ac355787f22a31d2d3dc6abd0e65a3e2fcb519b384ef85ae;49bb27a0d4726926f2f8389997742b7bb8dcc83f57874d184fe48714cdc49523;2026-09-23T00:53:28.118606+00:00;false
LOC-0020;LOC-0086;CAR;2026-08-17T07:00:00+03:00;OK;1662;28;11348;LOCAL_VALHALLA_MATRIX;dd8793f2eb42613a982b95de607b3f278fcb9230d00c136610a69a6018dc04b6;52d4505fb11355847223173c67b59d44777afe8db8e5c3ff09cea26726906cb7;2026-09-23T00:53:28.118606+00:00;false
LOC-0020;LOC-0091;CAR;2026-08-17T07:00:00+03:00;OK;452;8;1970;LOCAL_VALHALLA_MATRIX;a8d134f06e81aa457b78347806650ad71d3f268011f3c863c1735bb8cb816f71;4647a6e490dcab61e649e3c7294654c7b56b0937b74a018b5d25a1d73ef33ce2;2026-09-23T00:53:28.118606+00:00;false
LOC-0020;LOC-0092;CAR;2026-08-17T07:00:00+03:00;OK;437;8;1750;LOCAL_VALHALLA_MATRIX;c88208330204c5edccaaf9ad35f912956f8d6c626c6076f144911e8cb95a4981;a02a1dd8aee97560fbe7bf65268f7e9a24f980bcb0a2877bf2b22d972abff56d;2026-09-23T00:53:28.118606+00:00;false
LOC-0020;LOC-0094;CAR;2026-08-17T07:00:00+03:00;OK;1790;30;12028;LOCAL_VALHALLA_MATRIX;7e69d783f7396e56a230d7e37bb537d4e6966973f59e1068cead7231ce903ef4;4e677cfa96bfe8e55a7d0109b171139473e665d8d13e9b0c8ac2da197f916c95;2026-09-23T00:53:28.118606+00:00;false
LOC-0020;LOC-0095;CAR;2026-08-17T07:00:00+03:00;OK;1901;32;12743;LOCAL_VALHALLA_MATRIX;56d9dd92ea8772bd2fafe790e24d15138f03c6987c6ccd0caaac27b122e97a75;59afb4f01a2b9e9be86476725f490e06fe4db35e53e279309bbf7618a67b1d57;2026-09-23T00:53:28.118606+00:00;false
LOC-0020;LOC-0112;CAR;2026-08-17T07:00:00+03:00;OK;578;10;3493;LOCAL_VALHALLA_MATRIX;f74ab58ea71add238a32f2a58f5dc1d7298bde89fc925231bf917a725f3be97e;5d2a929b8f48a106163e170020a23b77752ce3f50c269ae3ee45d6a4bf883786;2026-09-23T00:53:28.118606+00:00;false
LOC-0020;LOC-0124;CAR;2026-08-17T07:00:00+03:00;OK;2230;38;14679;LOCAL_VALHALLA_MATRIX;06e43d8c1c263a941884459c065c896d6ea9065e3d93cd77a24523cf5acea3ae;6bf59f71ffd54b3a3393b8c1981302309d07b89acdf36ec4f1ceda67ee0a60a4;2026-09-23T00:53:28.118606+00:00;false
LOC-0020;LOC-0126;CAR;2026-08-17T07:00:00+03:00;OK;847;15;5233;LOCAL_VALHALLA_MATRIX;87891206bbd2d2b25432fb834dd2d62364ddd174a41d17be5f350c7f758c2a84;731462fd1ab9bbee33bb3988ae73d5a0ce90a750a11e38bb87cd09b7741a3293;2026-09-23T00:53:28.118606+00:00;false
LOC-0020;LOC-0128;CAR;2026-08-17T07:00:00+03:00;OK;1431;24;8263;LOCAL_VALHALLA_MATRIX;14ccba77bf0e7ff0627045f2b130a2617e26746be340e91f40c11e8208c31445;a7f74071dbaadc60025be5aa1da00d2ea93a2a19d416963c10e1ec95f08c3148;2026-09-23T00:53:28.118606+00:00;false
LOC-0020;LOC-0134;CAR;2026-08-17T07:00:00+03:00;OK;1561;27;10587;LOCAL_VALHALLA_MATRIX;4f8899d2891f197c06e9702ca6bb0a9e59b4ff917ad30bb73404bfbc3e4d63c3;7e88cc60fc42b385e6e2058cd1d4e4e3455d7a77b2b4596e0edf81115d8a4d98;2026-09-23T00:53:28.118606+00:00;false
LOC-0020;LOC-0135;CAR;2026-08-17T07:00:00+03:00;OK;1660;28;11272;LOCAL_VALHALLA_MATRIX;3ebbec5a13249a0087e5e1c2f2d9970c879dafe7e557606ed5c73a036acdb13d;8322ec4bb125059710ffb69318a47986f27cefd7ec029e6d765c411c8f479040;2026-09-23T00:53:28.118606+00:00;false
LOC-0020;LOC-0136;CAR;2026-08-17T07:00:00+03:00;OK;1610;27;11170;LOCAL_VALHALLA_MATRIX;e0fbefd77b61c2045dd17833e11c8749a308caee5ef85e5aef40ae564a78d65b;20a547a3f67d03601d7f1b6aba3049926dfe0e9222041cb2d1306004300bcbdb;2026-09-23T00:53:28.118606+00:00;false
LOC-0020;LOC-0141;CAR;2026-08-17T07:00:00+03:00;OK;1986;34;12925;LOCAL_VALHALLA_MATRIX;6d125794c0ad510b1ede5d594dafb6814ad7c630648b6cd42e45b834ed3502bd;a37e81ca54e9fa5f49da4c0010983ae661ec366adcacc1c59c529ef767b682ff;2026-09-23T00:53:28.118606+00:00;false
LOC-0020;LOC-0142;CAR;2026-08-17T07:00:00+03:00;OK;2090;35;13171;LOCAL_VALHALLA_MATRIX;820a9941a35c3c173e8fd8f196356d9164f8d6839954f80416ec67e8178e7515;dca68adad9adaa208fed70a698258b3f247d85a61a1f8934e729a3b9a36486d4;2026-09-23T00:53:28.118606+00:00;false
LOC-0020;LOC-0145;CAR;2026-08-17T07:00:00+03:00;OK;178;3;931;LOCAL_VALHALLA_MATRIX;3e634c6d07e5ad40d3b67c7a698e9831e4e9f9fbea972627e15480d7a74855c3;1fbef43068e414a2c79098fc80e0eacdcc15d172e257d7331807a4b4836edbb9;2026-09-23T00:53:28.118606+00:00;false
LOC-0020;LOC-0148;CAR;2026-08-17T07:00:00+03:00;OK;1029;18;6543;LOCAL_VALHALLA_MATRIX;4e35bac4a26d4b1a02d8d67746d024f155d831450115e0881879a0251be2d47c;ebc6c31403dceb89ff3779c84ff810944df77a933171ee18cf1ffc855d28b07b;2026-09-23T00:53:28.118606+00:00;false
LOC-0020;LOC-0149;CAR;2026-08-17T07:00:00+03:00;OK;988;17;6284;LOCAL_VALHALLA_MATRIX;e3eab7546fb944a7b1420d37596f13a35bc8ff068f467f260a29cef7f4978c6b;8ed42f85d78357a2b1532ac14b6b1d2e756b587d49e8ecc7af4cab48990985e4;2026-09-23T00:53:28.118606+00:00;false
LOC-0020;LOC-0150;CAR;2026-08-17T07:00:00+03:00;OK;960;16;6103;LOCAL_VALHALLA_MATRIX;b7c53c55dcd8253da0d8ec83f59f82c30286e140d7c0c08a0f98aab837657630;c2402e647ada04083a835a40dec00d3e58376780d234d86313e168abce387225;2026-09-23T00:53:28.118606+00:00;false
LOC-0020;LOC-0151;CAR;2026-08-17T07:00:00+03:00;OK;1151;20;7481;LOCAL_VALHALLA_MATRIX;42a7bb1b2da2e951621a18f6568e3333a5d7ef565185d4dd2206ac678b46b7ee;8d00d810b565d35376b44d0defa71eb8e4de68425e14b10f5b98a78524e8a0b8;2026-09-23T00:53:28.118606+00:00;false
LOC-0020;LOC-0190;CAR;2026-08-17T07:00:00+03:00;OK;1026;18;5570;LOCAL_VALHALLA_MATRIX;fa3fc7a927695bb87e377d81a033bc57b3ade9f16c9aefed6da619b5a82c6dd6;cfc2908b6cc882d83156e237cf6617d613520fd73ba1346937ff7ae787e91388;2026-09-23T00:53:28.118606+00:00;false
LOC-0020;LOC-0196;CAR;2026-08-17T07:00:00+03:00;OK;1165;20;7396;LOCAL_VALHALLA_MATRIX;14ec7a85a701285cac868ebb47ef8d34b371c47d933ed97491662536cb913555;3a1979ea947f58b09ac4a3668c0af6ea33534ea023a2d17bca48efab649c6ea2;2026-09-23T00:53:28.118606+00:00;false
LOC-0027;LOC-0002;CAR;2026-08-17T07:00:00+03:00;OK;1289;22;8114;LOCAL_VALHALLA_MATRIX;6f4abf274e89a30c4352a980a3dcf2503954ef2398221692703f28cc2239e13b;2b510645b2db45a1c50138f9cd3337e0b39f300aaddbdc3ac8ffa5d05104e2c4;2026-09-23T00:53:28.118606+00:00;false
LOC-0027;LOC-0008;CAR;2026-08-17T07:00:00+03:00;OK;1461;25;9696;LOCAL_VALHALLA_MATRIX;72f02431a0456ca4e6be4c0bec95681923318921edfefe2f2bdc3ca73028bd09;4ff22853fc8a1357340ccbfa46cab9e87009aa91f1f994b8c74f6676d3f15f87;2026-09-23T00:53:28.118606+00:00;false
LOC-0027;LOC-0009;CAR;2026-08-17T07:00:00+03:00;OK;1499;25;9662;LOCAL_VALHALLA_MATRIX;a46cf8b3c8292d54b2f8c560bac2a3cb0edb61ab0e03b0efc07d6b975eb122d2;db156647142f8ff4d9175b62328d558250ec7bd0e6be71fa895794227c3e4b01;2026-09-23T00:53:28.118606+00:00;false
LOC-0027;LOC-0010;CAR;2026-08-17T07:00:00+03:00;OK;1537;26;10247;LOCAL_VALHALLA_MATRIX;28506c9222d9844f3185367acda757656321e457c105aab42c8f926ccce27435;110582de9f7bda6391f61c8e41f65c202d1225705bde19ce6b9ccabb1018e11c;2026-09-23T00:53:28.118606+00:00;false
LOC-0027;LOC-0011;CAR;2026-08-17T07:00:00+03:00;OK;1229;21;8225;LOCAL_VALHALLA_MATRIX;3081fc746424f089897b0d59bf5f1c2527d96f45aee61402ca2564fc90e94c36;f6e8c6c254a8c54ae3a55615e96a6277def9c1ba3982467c40ee2aac414ab77a;2026-09-23T00:53:28.118606+00:00;false
LOC-0027;LOC-0013;CAR;2026-08-17T07:00:00+03:00;OK;1427;24;8645;LOCAL_VALHALLA_MATRIX;acda389f958172c883a2f18a220425ddacea2b7d4e996a3ce776b63386ded8a8;898eb7edd838a4069af781e19b2cba4745a1098670062f6156b4456fd1631267;2026-09-23T00:53:28.118606+00:00;false
LOC-0027;LOC-0016;CAR;2026-08-17T07:00:00+03:00;OK;966;17;5587;LOCAL_VALHALLA_MATRIX;acb6c85593d58865bf117e67ae9882b54b6bdcff57ac2551ea8199bd8010b642;6914c19799c9e39fcb131bee8bba7b4255e0f38a404e7554c532473d58d1f0a4;2026-09-23T00:53:28.118606+00:00;false
LOC-0027;LOC-0018;CAR;2026-08-17T07:00:00+03:00;OK;978;17;5971;LOCAL_VALHALLA_MATRIX;1c88c695078289572f20c665998abb060ff37b9e51c25406f9f533edb3efd7ec;ffb71d2068efd22afd3f14dc622c500cd20a135cd03681a831220dd5f451b322;2026-09-23T00:53:28.118606+00:00;false
LOC-0027;LOC-0019;CAR;2026-08-17T07:00:00+03:00;OK;1625;28;10518;LOCAL_VALHALLA_MATRIX;96ea3f036c490816e3c61e992b70a3f7c761711179f1342c8d3cfe3811c3313e;c12bd93c1f9a1a794bd7793ef3897075339254ab5cf5a09e83ce420af246ca50;2026-09-23T00:53:28.118606+00:00;false
LOC-0027;LOC-0020;CAR;2026-08-17T07:00:00+03:00;OK;1418;24;9313;LOCAL_VALHALLA_MATRIX;f2213998b182a5c6604e72780bca736175d31fc7aa965cf636e4711acc22b08b;6b125c1cf511de099ad6ae6e8008e5539ebb5b5c18ac2db5339be111575f4c40;2026-09-23T00:53:28.118606+00:00;false
LOC-0027;LOC-0027;CAR;2026-08-17T07:00:00+03:00;OK;0;0;0;LOCAL_VALHALLA_MATRIX;94e1b4edcdf82fff1dd59c20bb4cb9e4151a9747ee85d457a658c7b0dde9743a;3d5812abc84c11768aa73a732c85d75dbed439188f5bb3239e9b762ea31d9862;2026-09-23T00:53:28.118606+00:00;false
LOC-0027;LOC-0028;CAR;2026-08-17T07:00:00+03:00;OK;1240;21;7229;LOCAL_VALHALLA_MATRIX;64414ff74454a1535df5487886ef6976ac03d6d85debedf1330060261fc8bf6e;edd0fc42d69549535d4a408e8863045bbbf46d7ce7fdb80ce0cdb2b23868e6e5;2026-09-23T00:53:28.118606+00:00;false
LOC-0027;LOC-0029;CAR;2026-08-17T07:00:00+03:00;OK;1101;19;6786;LOCAL_VALHALLA_MATRIX;42fd244e56ad716e8a5bb011e36ce82e57be3f2aaffd12a9e6f1fd1c3a3fc076;7603738d6ea5a2b0066f725249f72e3ab9e58e132009a495fd6fc376ec96b9bc;2026-09-23T00:53:28.118606+00:00;false
LOC-0027;LOC-0037;CAR;2026-08-17T07:00:00+03:00;OK;1314;22;8812;LOCAL_VALHALLA_MATRIX;96534533e1507f6393ffbd57c49a98934f01e656937e8f6e93a47267171b78ca;eb10009cd72b87fcbf45ce268bfbecbc08ae8c92f7813983bab63955f21413a4;2026-09-23T00:53:28.118606+00:00;false
LOC-0027;LOC-0045;CAR;2026-08-17T07:00:00+03:00;OK;435;8;2627;LOCAL_VALHALLA_MATRIX;4ca6fb1ca86443700b2b3036cb3f9bb52930d2c12d170bdbcb66009022439b55;03a44961ba174bb944f5c79126db02cef0b1ce0c65608aa15cd1585c7fb37f81;2026-09-23T00:53:28.118606+00:00;false
LOC-0027;LOC-0053;CAR;2026-08-17T07:00:00+03:00;OK;734;13;4567;LOCAL_VALHALLA_MATRIX;63f932aef6f9a64d8ae78d08d287b15d2502bb7f2f61c0a142afe8f38efb490e;dd62060ac629bd728c2c298ba0a58a771953ef507231d38290dea85488c85b88;2026-09-23T00:53:28.118606+00:00;false
LOC-0027;LOC-0054;CAR;2026-08-17T07:00:00+03:00;OK;1274;22;8308;LOCAL_VALHALLA_MATRIX;9742797c2c8d7b500499ae8136f33f102f922dd964ae89e0f456d254860f513a;a6b38db13646ec684b3d53ea146406aa7514a9a41e14311a63f026050e9a6234;2026-09-23T00:53:28.118606+00:00;false
LOC-0027;LOC-0064;CAR;2026-08-17T07:00:00+03:00;OK;686;12;4218;LOCAL_VALHALLA_MATRIX;49addb6465ab2eae61b98970f34385fa7ff78c92925f347193f3293bd4cc4290;660a93c0e8ed7fc820a68eee1105f9c2266a7b115b7b4c2d2874a9278190f84e;2026-09-23T00:53:28.118606+00:00;false
LOC-0027;LOC-0075;CAR;2026-08-17T07:00:00+03:00;OK;759;13;4410;LOCAL_VALHALLA_MATRIX;8c76997a3ccf7537efba84921f7ff257c296e66b7a2decc2399b03d3a1c816f7;a8afe5b35a48eee27d8dde624b1a233a070cfb0fbf021b79c3c54d6a38c5a4a0;2026-09-23T00:53:28.118606+00:00;false
LOC-0027;LOC-0076;CAR;2026-08-17T07:00:00+03:00;OK;907;16;5578;LOCAL_VALHALLA_MATRIX;9a6238cf288511d977a8986f76c4f384aa92fa151d8b4214e0f5bc1a74e8abd1;3e5386a5c94bf4cec12ce3fd93e4a95ace0007a044d069afba1ee98fa1353e3d;2026-09-23T00:53:28.118606+00:00;false
LOC-0027;LOC-0080;CAR;2026-08-17T07:00:00+03:00;OK;819;14;5003;LOCAL_VALHALLA_MATRIX;fcb8a18a3bcf9418380b6ea8a05887f89a013d4407c831970a5a6f0c56607b67;143643f4ebafae18e91f7709d99ea05732004b67028420245e8f50595201eb90;2026-09-23T00:53:28.118606+00:00;false
LOC-0027;LOC-0082;CAR;2026-08-17T07:00:00+03:00;OK;679;12;4248;LOCAL_VALHALLA_MATRIX;6d4071c597f5b1fc85c56a7772d55b5ba710f6f7a102c7ab73d9fe00fc9e0b57;eed3ce7206050ff61becdfdcf447b0a837f5a79224b356510816a5427bb6c57b;2026-09-23T00:53:28.118606+00:00;false
LOC-0027;LOC-0085;CAR;2026-08-17T07:00:00+03:00;OK;1483;25;9956;LOCAL_VALHALLA_MATRIX;d7705e6ef83a9b0153985ea17d9c2c28c0c5ab4fb8810c825cf49e0ac741570f;af49c0e72918f1750b8cfbcf920e5cabd991dc13d003f8c0bb07ae46205b4ba0;2026-09-23T00:53:28.118606+00:00;false
LOC-0027;LOC-0086;CAR;2026-08-17T07:00:00+03:00;OK;1486;25;9957;LOCAL_VALHALLA_MATRIX;4b98110a84cfa5755521dfe9529156215da96fa96ef30aedfb4afad16c804479;74d7ac94d66581ec1b4b47cad2204ed05c651a4628e5b24621590af63effcfe0;2026-09-23T00:53:28.118606+00:00;false
LOC-0027;LOC-0091;CAR;2026-08-17T07:00:00+03:00;OK;1330;23;8614;LOCAL_VALHALLA_MATRIX;ca9befe3bf2ed5f4694cad14546139ddad322dc8bc17079536f3c2866519f095;bab0574b6a5b7526d942173c22921bc378275aba07bc79c145469307efcc5b8a;2026-09-23T00:53:28.118606+00:00;false
LOC-0027;LOC-0092;CAR;2026-08-17T07:00:00+03:00;OK;1255;21;7770;LOCAL_VALHALLA_MATRIX;9dbeb552969fd5469de569b4a2abd17c2687a2630c9149a8870fe422530e8f21;4baea2f76b0b5b372c3cfab3ac6ee2a82baded24366d0df6f449717bfa7be292;2026-09-23T00:53:28.118606+00:00;false
LOC-0027;LOC-0094;CAR;2026-08-17T07:00:00+03:00;OK;1614;27;10637;LOCAL_VALHALLA_MATRIX;34f77bf127880a5e82a0d04b167f0829e29aec9550e81e24561daa9631bfe9d9;2f26c8d3905a5b4a006d89a1f0ff32c663cf2e2f237ebb16c8339bdca36b5cf8;2026-09-23T00:53:28.118606+00:00;false
LOC-0027;LOC-0095;CAR;2026-08-17T07:00:00+03:00;OK;1724;29;11352;LOCAL_VALHALLA_MATRIX;aeba5d50cfdfdb3a0c02aa00bef1f750705e34fff266d1abcae3446313beb0bf;7a88df14c764a50e61508c079ba7acff223d415e09723b510c5df7a5edfa081e;2026-09-23T00:53:28.118606+00:00;false
LOC-0027;LOC-0112;CAR;2026-08-17T07:00:00+03:00;OK;974;17;5944;LOCAL_VALHALLA_MATRIX;5622fd529414eb54c738388ad5b618235c7a4a476836dc3bc8dd64003b919419;7cb01e10b2c1fdbd9fa4f207fb6fcb5642bfdc8dbd2388b5524592b644e21bc4;2026-09-23T00:53:28.118606+00:00;false
LOC-0027;LOC-0124;CAR;2026-08-17T07:00:00+03:00;OK;1461;25;9410;LOCAL_VALHALLA_MATRIX;7027feb5045aecfe93eb6290acd0d5d9ca4350b8011c7d204e83f42ac1f5af06;0e5d38be963d183b844f0a9e708b29f064349f0247edeae0ed7557c81a749c1c;2026-09-23T00:53:28.118606+00:00;false
LOC-0027;LOC-0126;CAR;2026-08-17T07:00:00+03:00;OK;854;15;5137;LOCAL_VALHALLA_MATRIX;76d4584a9d209ee2e5ec7cf0f553128a54de84a3d7ac3401876c4d775e9ddbae;6d8c0a9ea145065be0302edadc375c5b406f8b2b3cadcea86cf59f7b1b93a3aa;2026-09-23T00:53:28.118606+00:00;false
LOC-0027;LOC-0128;CAR;2026-08-17T07:00:00+03:00;OK;1367;23;9000;LOCAL_VALHALLA_MATRIX;05ef2386bebc141d8a87bc8887ccd0ca3834c4d9dd518ddfec54c91570b8a12e;7f22dd5064ab6c6b6322ea8cfb36b7935327f587f88a2bb83d0e8cc764e257d4;2026-09-23T00:53:28.118606+00:00;false
LOC-0027;LOC-0134;CAR;2026-08-17T07:00:00+03:00;OK;1356;23;8269;LOCAL_VALHALLA_MATRIX;6601cc2586c58c36154005c078b79de15ff5f0862bbcbbd8c8ea76d05181e1bc;da7077abbdb5120860d504f8a85be338c283077691218f8d0f2a4b76829f3fbe;2026-09-23T00:53:28.118606+00:00;false
LOC-0027;LOC-0135;CAR;2026-08-17T07:00:00+03:00;OK;1389;24;8253;LOCAL_VALHALLA_MATRIX;0373d863cd1d40f0c0b5377b56a036dbb6df0b9468a8ba0f8e2030fc986a03dd;4adf0cf25688d7945c2aeb957244a85cfb460f73cd0bc69699501b6f691ca6e7;2026-09-23T00:53:28.118606+00:00;false
LOC-0027;LOC-0136;CAR;2026-08-17T07:00:00+03:00;OK;1402;24;9115;LOCAL_VALHALLA_MATRIX;a3befccd7a8d13188464f929a9b6ea79d29a4265454457aae753362059bd3a3c;77f71af99787a422613b5fbefdfef8abdaaa9c3d510d8493d85c33c5bd719931;2026-09-23T00:53:28.118606+00:00;false
LOC-0027;LOC-0141;CAR;2026-08-17T07:00:00+03:00;OK;1218;21;7655;LOCAL_VALHALLA_MATRIX;5ad3cedeb69220bd782819cbb4f4baf60865f9af732acdc2845f9f77d442c551;b28532331b4f6edcd667a384e2fcd93e7f8c23d25750f70a7e0f852528454c41;2026-09-23T00:53:28.118606+00:00;false
LOC-0027;LOC-0142;CAR;2026-08-17T07:00:00+03:00;OK;1321;23;7901;LOCAL_VALHALLA_MATRIX;6f2e35145bc5c785c69fd8599656c326f20074e566c017e6c8807b9295c5d4e5;01e30d4f03a23805e2398b7995d23a376f266c84b5b991adbd218a49381abf1a;2026-09-23T00:53:28.118606+00:00;false
LOC-0027;LOC-0145;CAR;2026-08-17T07:00:00+03:00;OK;1210;21;7884;LOCAL_VALHALLA_MATRIX;0ee81ebadbb7a931d5ca43c49e0c04d2aa7a7dceb3d051ed631b34b1f99f80f6;b881c82b888c311638713add0468c275694d84e5c35b0fee3376f38d3c9c4be2;2026-09-23T00:53:28.118606+00:00;false
LOC-0027;LOC-0148;CAR;2026-08-17T07:00:00+03:00;OK;688;12;4142;LOCAL_VALHALLA_MATRIX;320a06710ddbe348f7c2ddf59c99264cf6f88863587963e2c195daf5eb0a9fb8;38bc03978a95fbc2991e1f781c148eca44ede620879db706760fee3434fbc6b4;2026-09-23T00:53:28.118606+00:00;false
LOC-0027;LOC-0149;CAR;2026-08-17T07:00:00+03:00;OK;647;11;3883;LOCAL_VALHALLA_MATRIX;607396cf17fb669eacfd80b7cf400724b3b65e89e4417dcb59af520da8a3b6a2;3ad496bffe7f0fa47048edac2689cd27ccb2193a0fa6e50de42a5a704bbeef36;2026-09-23T00:53:28.118606+00:00;false
LOC-0027;LOC-0150;CAR;2026-08-17T07:00:00+03:00;OK;619;11;3702;LOCAL_VALHALLA_MATRIX;b2dd086d32c1ace5eb5e694c63a08f843ab0a2a3c3cb0f1e48e5cabdfc2addf6;470267c739bcb6ac8cb4dc55bf9a4ce4e7f6450d5835be771c12ec6a9f75a35d;2026-09-23T00:53:28.118606+00:00;false
LOC-0027;LOC-0151;CAR;2026-08-17T07:00:00+03:00;OK;779;13;4547;LOCAL_VALHALLA_MATRIX;be1af3f0bce9bde60ba9f96cb381af43e539fcd95d90527c66151c33ac33cc41;c37ce982484bc74262fff68ffbbc3e173b6117b559bccb9fe6ad9864e41dc3bb;2026-09-23T00:53:28.118606+00:00;false
LOC-0027;LOC-0190;CAR;2026-08-17T07:00:00+03:00;OK;1013;17;6737;LOCAL_VALHALLA_MATRIX;b093c00679b05de1abe1e02e233d63acb85a3c0a4433e2d8dd06f7643aa43375;6e63535edff67305d8deff736e68baad491d7b9f46b8fbd66e7d28cc4dce3519;2026-09-23T00:53:28.118606+00:00;false
LOC-0027;LOC-0196;CAR;2026-08-17T07:00:00+03:00;OK;1310;22;8442;LOCAL_VALHALLA_MATRIX;66ccdc4f7d6835836ddd5d02b0e419699ee80984a8bf1c853aa9eb56d909538a;e4716097aa6e4a5a2fbd1d121c85ec884a7413b3e60c6a7cd3818f32ee3ea192;2026-09-23T00:53:28.118606+00:00;false
LOC-0028;LOC-0002;CAR;2026-08-17T07:00:00+03:00;OK;1192;20;7412;LOCAL_VALHALLA_MATRIX;3bff9da9323446514e4dd6e359bdb9834f91e550e7ed4dbd7a455445b7273dbe;d9c69156f5040b28c69a703f1c94f339f8e38ee245094ea95617df2183217373;2026-09-23T00:53:28.118606+00:00;false
LOC-0028;LOC-0008;CAR;2026-08-17T07:00:00+03:00;OK;1577;27;10171;LOCAL_VALHALLA_MATRIX;5567219b203983e0f8c3ad2baeee6b88b7b2b990c55cb4bf0c8f8eaeca7a1951;f86cb786fc0eb5e67e38b1cbc9ca1cd1ac22b84ee01f88dd213656315f844ccf;2026-09-23T00:53:28.118606+00:00;false
LOC-0028;LOC-0009;CAR;2026-08-17T07:00:00+03:00;OK;1626;28;10084;LOCAL_VALHALLA_MATRIX;6cd44ebc31add1cd35180bfe2a13e564d50e3de404904186af05ae56f38c18eb;0507d53e80e7a009cf24e5d94b663e5a33dac078fb004f44db89a20c1e195b7a;2026-09-23T00:53:28.118606+00:00;false
LOC-0028;LOC-0010;CAR;2026-08-17T07:00:00+03:00;OK;1653;28;10722;LOCAL_VALHALLA_MATRIX;44101ea4321c760d3926f455ca8d3d2cd1628ddbcd45a49e88465dbb5078d455;9590851db323ffd95b5ea4e1d0ab6da18d0a97ea8d54c93404907f16bd0eac6f;2026-09-23T00:53:28.118606+00:00;false
LOC-0028;LOC-0011;CAR;2026-08-17T07:00:00+03:00;OK;1345;23;8700;LOCAL_VALHALLA_MATRIX;0bf32ab648569d4bb2c6d55bcb38ac15a9997c1e68324e4b1a457b1ab7dac344;aff49263bba02617588bdae579d1c0f4d21c9dc318b1968d420fcc995bcb50ac;2026-09-23T00:53:28.118606+00:00;false
LOC-0028;LOC-0013;CAR;2026-08-17T07:00:00+03:00;OK;1330;23;7943;LOCAL_VALHALLA_MATRIX;7e70f8751709ea92a1659e317e81d671fb766905056c97547cbd654be0f36c03;1263e346cac1c6801426acaa7252ca8542e1ff24509f48f6268cfd7a2f963452;2026-09-23T00:53:28.118606+00:00;false
LOC-0028;LOC-0016;CAR;2026-08-17T07:00:00+03:00;OK;1173;20;6569;LOCAL_VALHALLA_MATRIX;73790dcdf4dd08103e506ba261d6ee5af5505f8917f87f37ec93bba4e18f00db;2d772637aff4ba9b6459e27973278f477dc90962e42b6dca1659929d4ee074af;2026-09-23T00:53:28.118606+00:00;false
LOC-0028;LOC-0018;CAR;2026-08-17T07:00:00+03:00;OK;1364;23;8192;LOCAL_VALHALLA_MATRIX;b95f1a16df82cf2e3cd9680007da194ef122aa5570b4a15b927ecedba89101f1;1892f5e5147787a7b1858b98aaac05a9b8e2cc2f080167e028a6db9b76789bf4;2026-09-23T00:53:28.118606+00:00;false
LOC-0028;LOC-0019;CAR;2026-08-17T07:00:00+03:00;OK;1741;30;10993;LOCAL_VALHALLA_MATRIX;0126da453307d56271ad8d6a794e06327293f03fb4e18143ba82faaef6dc86c4;cc094d6526f425c3224ba34d32db15fa90dd3be2f64bc7757973c4ac7c58851c;2026-09-23T00:53:28.118606+00:00;false
LOC-0028;LOC-0020;CAR;2026-08-17T07:00:00+03:00;OK;1819;31;11891;LOCAL_VALHALLA_MATRIX;3bd24a9f16822ddbfa63fd79090b9808e2df55a3dc87a7173c4089e90ecf3db4;d4cfe405513356e4a406507a2cde9e90ae539851e0a7242a256f1bbd950c3f22;2026-09-23T00:53:28.118606+00:00;false
LOC-0028;LOC-0027;CAR;2026-08-17T07:00:00+03:00;OK;1211;21;7095;LOCAL_VALHALLA_MATRIX;28e4202c72f68c11b189d5b3ff9959887b50329570197e7ddce612b88541c7b5;ef3dcad9458a10ac1a79d85ccb7604e43d0622d1719d4e9b6fde6de4f54e4c4e;2026-09-23T00:53:28.118606+00:00;false
LOC-0028;LOC-0028;CAR;2026-08-17T07:00:00+03:00;OK;0;0;0;LOCAL_VALHALLA_MATRIX;e677739edd55d72b0ae3632f6c7688d674fb76fc2ecdee077cbce83c75263515;3d5812abc84c11768aa73a732c85d75dbed439188f5bb3239e9b762ea31d9862;2026-09-23T00:53:28.118606+00:00;false
LOC-0028;LOC-0029;CAR;2026-08-17T07:00:00+03:00;OK;159;3;509;LOCAL_VALHALLA_MATRIX;b589310a11a1e2213932a563a98dab1c59749b692bb64d1f24abb01d8bc7ed46;3667538bfcfce59dbdca13d0c7226118d25189705af9c6c01ed1b9f1b631e408;2026-09-23T00:53:28.118606+00:00;false
LOC-0028;LOC-0037;CAR;2026-08-17T07:00:00+03:00;OK;1236;21;7666;LOCAL_VALHALLA_MATRIX;9ca732723aabe4982636f30759b1df95d1015f09a93033e7453342a23166364d;13360c8b23b88d76d2b7be58825e5c4100ec4d577fb5da23003ed453283f1019;2026-09-23T00:53:28.118606+00:00;false
LOC-0028;LOC-0045;CAR;2026-08-17T07:00:00+03:00;OK;894;15;5339;LOCAL_VALHALLA_MATRIX;b5a70660947e01d4034b2c4098d53413ee63c0103c81b5fb3b12ad9855a51c6f;feb2acbea9feed1fb23d3056877c9fbc8245d90c9a5eedf48ef79763d5d928da;2026-09-23T00:53:28.118606+00:00;false
LOC-0028;LOC-0053;CAR;2026-08-17T07:00:00+03:00;OK;941;16;5549;LOCAL_VALHALLA_MATRIX;43cd64b23d2527b151c31cdb2e1bc727261293a9426e3558b3eb83ab3d5ec4fb;4f2f8eb61cee2fe1807f688c09e95d31d5788d18e8097411258e4440ba2d2269;2026-09-23T00:53:28.118606+00:00;false
LOC-0028;LOC-0054;CAR;2026-08-17T07:00:00+03:00;OK;1177;20;7218;LOCAL_VALHALLA_MATRIX;938bb665853115d8b26a44d0f6d6dc226afb742f1588b01ce6fa4d16a8968739;05af860e9dd5b463bfd1b08075a871b66437ea1a4a8dfd795a1f224dd6e39d60;2026-09-23T00:53:28.118606+00:00;false
LOC-0028;LOC-0064;CAR;2026-08-17T07:00:00+03:00;OK;895;15;5266;LOCAL_VALHALLA_MATRIX;c76b5124688441192aa0f101e41a8a4b53167ba23c419b34c64fafa210dc8327;b949b2192ed1f71072582512daa03d92f8defa8a6debaa1baf7424d187eaa1aa;2026-09-23T00:53:28.118606+00:00;false
LOC-0028;LOC-0075;CAR;2026-08-17T07:00:00+03:00;OK;1213;21;7062;LOCAL_VALHALLA_MATRIX;8ad7050be262f36c964e87ffb44f4d9f6e15e807cdeb7d1fc51d7ad6739b2522;61ecc1f3e926c22edaf6cf64bb19b86a34b3970f65a4018cf7bb24f2d40d0b9e;2026-09-23T00:53:28.118606+00:00;false
LOC-0028;LOC-0076;CAR;2026-08-17T07:00:00+03:00;OK;946;16;5312;LOCAL_VALHALLA_MATRIX;aa987ebb31f2923512b9336b1c257a6905f4a621a63b23d44257d0e2582fbb77;23f68b40ac0dd06a69812a5aefe1b8411955ed89bd5ac6b7a6045a3622a89989;2026-09-23T00:53:28.118606+00:00;false
LOC-0028;LOC-0080;CAR;2026-08-17T07:00:00+03:00;OK;1237;21;7477;LOCAL_VALHALLA_MATRIX;cf26ab572ef3eb2f5e45bb41397ffa487daaae7c36edd8656be47f13ec562a79;d51a2c98d90ccaddf091b2b1fe1129c1b5641d9c5adb23ad2f23827f37a3267d;2026-09-23T00:53:28.118606+00:00;false
LOC-0028;LOC-0082;CAR;2026-08-17T07:00:00+03:00;OK;663;12;3116;LOCAL_VALHALLA_MATRIX;31f5ef7d8530912e99ab38e3d953de89c03304843e7f8084594c06fe6880a3f3;34a31ead1cff479b9a1f1b41815ed31d0e065d54d8e49461e3cfa7095800c926;2026-09-23T00:53:28.118606+00:00;false
LOC-0028;LOC-0085;CAR;2026-08-17T07:00:00+03:00;OK;1354;23;8588;LOCAL_VALHALLA_MATRIX;65e2177b876094854a1bd100251a413a3c45feb9b4e19ff826903616f97c2d2a;3975dd2d5ff105a61f80277f943856af6c29520f4027ac918fd08e01dbc02a8c;2026-09-23T00:53:28.118606+00:00;false
LOC-0028;LOC-0086;CAR;2026-08-17T07:00:00+03:00;OK;1356;23;8589;LOCAL_VALHALLA_MATRIX;8579d15b3ba4a6d671e493fa7467d52090453c3b40ca9874cfa925ec2a007f06;1140d56ba7bf4173aff443b183decee56aa612d87ece8e6fea1fa0112eaf98c4;2026-09-23T00:53:28.118606+00:00;false
LOC-0028;LOC-0091;CAR;2026-08-17T07:00:00+03:00;OK;1542;26;10146;LOCAL_VALHALLA_MATRIX;085add1cb6f97a7831d94e82064fe5294f9f92a3be36367a338712f86f2840a2;8d65b3ebc327e4332a8e924d884133490dbe792e79ac5544637f0c76af1325d5;2026-09-23T00:53:28.118606+00:00;false
LOC-0028;LOC-0092;CAR;2026-08-17T07:00:00+03:00;OK;1671;28;10893;LOCAL_VALHALLA_MATRIX;937b500ba76c3381092af1b71eed8bf8a706e52e11ee41a612b5798a01aabe15;1ac5ed48451872019794e358a8f5858591552643091737f4e2e94b8c5be34d27;2026-09-23T00:53:28.118606+00:00;false
LOC-0028;LOC-0094;CAR;2026-08-17T07:00:00+03:00;OK;1484;25;9269;LOCAL_VALHALLA_MATRIX;9c3d40243809b7d5dae01c82b180f64816166d3aeb34f79da334fa030ebcf339;53d9910ce0f656964b3945210ac441539f94910c36eed734d87de28baaaa2c50;2026-09-23T00:53:28.118606+00:00;false
LOC-0028;LOC-0095;CAR;2026-08-17T07:00:00+03:00;OK;1593;27;9982;LOCAL_VALHALLA_MATRIX;ae011c822900181e345b70f50696e014b5e8096c03d6696b803991e83890780a;7b89614794f6b85fcfd574964881e07bb866d21675779855e13d28c89d62e9dd;2026-09-23T00:53:28.118606+00:00;false
LOC-0028;LOC-0112;CAR;2026-08-17T07:00:00+03:00;OK;1330;23;7982;LOCAL_VALHALLA_MATRIX;f3ae89839f319b40f1e544094723b87c2d3bebeba773844c155b9cb29274906d;e69e4bdcb7131abc5840ebde7f098ee91b69f672feb61e75cc4d4ca24a717a13;2026-09-23T00:53:28.118606+00:00;false
LOC-0028;LOC-0124;CAR;2026-08-17T07:00:00+03:00;OK;1678;28;10446;LOCAL_VALHALLA_MATRIX;95ac61021c95a3f6a48e204652d1b86fa822910573e881caeb6ee9d998d06733;076bbeedf5fa0278f82bffcc508a2f51f7be2ed25fa11cfa1c58551700cbb3ad;2026-09-23T00:53:28.118606+00:00;false
LOC-0028;LOC-0126;CAR;2026-08-17T07:00:00+03:00;OK;1121;19;6207;LOCAL_VALHALLA_MATRIX;da887eb833df08e56eb30246e1544f6a8124049fc0fcf63ab32b41e590d60998;3acddea4a6cdf30a31996365e544110af1830792bada3174ae5165cd3db4b18a;2026-09-23T00:53:28.118606+00:00;false
LOC-0028;LOC-0128;CAR;2026-08-17T07:00:00+03:00;OK;1174;20;6915;LOCAL_VALHALLA_MATRIX;75f8c039589a027aee3b3677411c862378cef03b0430f06af07ebded315ee2e1;7621b12f0614d09043141ef21769070bf157bc99f232c564effee215e7b9e9b1;2026-09-23T00:53:28.118606+00:00;false
LOC-0028;LOC-0134;CAR;2026-08-17T07:00:00+03:00;OK;1259;21;7567;LOCAL_VALHALLA_MATRIX;756affd3ecc6a7c29d4e8ed35f5082c92467dd592b65eb810eda900820533e84;b81cbb6efa5fe60b8512a1bf8ae3e150377a1373bbac5d45884b280a15f62b91;2026-09-23T00:53:28.118606+00:00;false
LOC-0028;LOC-0135;CAR;2026-08-17T07:00:00+03:00;OK;1292;22;7551;LOCAL_VALHALLA_MATRIX;81a53a97bdbb3bbe8a2e71c9a81e46e86802391c9b323810a9e3fa2995c5dd53;7d3e8085386a25c086755aca1ddb57080a3510d90701d156af21069117c0cfab;2026-09-23T00:53:28.118606+00:00;false
LOC-0028;LOC-0136;CAR;2026-08-17T07:00:00+03:00;OK;1305;22;8413;LOCAL_VALHALLA_MATRIX;35b8d19f21aef7b63554f352fe8b849fe0d7c5c036448bee82be27bb0345c7af;20605620ed05932c002fdf5b2fc254fc4154e727246893697b06a24f2c2d6522;2026-09-23T00:53:28.118606+00:00;false
LOC-0028;LOC-0141;CAR;2026-08-17T07:00:00+03:00;OK;1604;27;9876;LOCAL_VALHALLA_MATRIX;7d6857dd6488188dc40688531d79f84c01e115e6c29584e572fec4a684c5ad91;07df88525c11efc34968ed1ec8ec45e4ad7f7d50a7bfc290d795c03192b101f2;2026-09-23T00:53:28.118606+00:00;false
LOC-0028;LOC-0142;CAR;2026-08-17T07:00:00+03:00;OK;1708;29;10122;LOCAL_VALHALLA_MATRIX;e1fbd221a4b15ee7d9d8f34e57ff6ca43f8017df4a1b3780b31c618ea53ad323;98eff320980bcd947f6d711f692e01e52ab671e238680c8ed6bd2627598a9009;2026-09-23T00:53:28.118606+00:00;false
LOC-0028;LOC-0145;CAR;2026-08-17T07:00:00+03:00;OK;1569;27;9922;LOCAL_VALHALLA_MATRIX;abaf9f160460fd4fe72ee3ccb28bbcae29e350ae03ed31043b049c9e77823e2f;6415424dc0bf6580b186176ee6c64e043efd73a788756176a8744bd1d38ff073;2026-09-23T00:53:28.118606+00:00;false
LOC-0028;LOC-0148;CAR;2026-08-17T07:00:00+03:00;OK;1221;21;7286;LOCAL_VALHALLA_MATRIX;be47dd3f826efed3a829a2e15f54a90b16a206ac261a4bdfda6ed0db880f56c2;c0ad747c1900a5c0ebd9ee98f844508ae5c9212572a33a9cfb42bc3b4e29779f;2026-09-23T00:53:28.118606+00:00;false
LOC-0028;LOC-0149;CAR;2026-08-17T07:00:00+03:00;OK;1180;20;7027;LOCAL_VALHALLA_MATRIX;83606a8fd3a0e69ec9b1d890a87eca49b34734563978e8ede32f8cf30d46b70f;f4c85a0d33ea45b1bdff99f6ed1c7c8b15023dadb0f36df74bc4913e0b134288;2026-09-23T00:53:28.118606+00:00;false
LOC-0028;LOC-0150;CAR;2026-08-17T07:00:00+03:00;OK;1152;20;6846;LOCAL_VALHALLA_MATRIX;c0726cc2d926f533a3813097bbc2e21f8b2a977cd6c98ae5e0eb237830a8d927;a77ee4e0797c124b5d56378e4929d7ffab8a60a271eefd51e461b82c2cdc4b7a;2026-09-23T00:53:28.118606+00:00;false
LOC-0028;LOC-0151;CAR;2026-08-17T07:00:00+03:00;OK;1312;22;7691;LOCAL_VALHALLA_MATRIX;6f85085f1845ee882801222d5bfb055877370a3b5fd727236e37f83f7ca2644d;503b3ee48f247a37947230f6b2107f94e3117a581259f5445f2c8704262c3484;2026-09-23T00:53:28.118606+00:00;false
LOC-0028;LOC-0190;CAR;2026-08-17T07:00:00+03:00;OK;1129;19;7212;LOCAL_VALHALLA_MATRIX;2a873b2d95ae1b434004525da05641591fcb5ec411e045357b275f9b02152c40;fa2c73889cad720d9211941308666d259b9e7d1729c05b0da19557d912095186;2026-09-23T00:53:28.118606+00:00;false
LOC-0028;LOC-0196;CAR;2026-08-17T07:00:00+03:00;OK;1696;29;10663;LOCAL_VALHALLA_MATRIX;6c42e642e723f5dcdb766f6471062f4e1e872ff22cc7e73e1e25edd2b78b3c87;5fc25d728a28f8f9b11335672cd92e974b7119087085edb7dea4a12d5e5e29f3;2026-09-23T00:53:28.118606+00:00;false
LOC-0029;LOC-0002;CAR;2026-08-17T07:00:00+03:00;OK;1100;19;6838;LOCAL_VALHALLA_MATRIX;84f942502676c1619c9e7d53da50ac114c5ee10253c54438d49ab232b04f6510;7a86790fc209369404fb122f510db1da8d5737904a21a4b97e4bcee63b503beb;2026-09-23T00:53:28.118606+00:00;false
LOC-0029;LOC-0008;CAR;2026-08-17T07:00:00+03:00;OK;1486;25;9597;LOCAL_VALHALLA_MATRIX;49ed88a22565464a0c49f6d1853d2006aa79674693493143dde04a15a5b4c9bf;93c5863b475c7854c1195a04a3b90f3ea348efc637e2852a50d41719671c39b8;2026-09-23T00:53:28.118606+00:00;false
LOC-0029;LOC-0009;CAR;2026-08-17T07:00:00+03:00;OK;1569;27;9955;LOCAL_VALHALLA_MATRIX;c4b2e6d176642a0271aef8063e4da5dbe1fd6b745c55a759c301283f1d7f54f3;2661a4391b7557fc18ea95e0f437475c84f8614ade304577e99694bc5aedeef8;2026-09-23T00:53:28.118606+00:00;false
LOC-0029;LOC-0010;CAR;2026-08-17T07:00:00+03:00;OK;1562;27;10148;LOCAL_VALHALLA_MATRIX;9d9a2373d4f007daa2479efd78d2103ee2a47fd8dbfa8f74f09a3b477f368a78;8fcf6b8ca9990ac53132ff82d00bc1c55d2729593de5e01a3ab5ae9ec29d8d1f;2026-09-23T00:53:28.118606+00:00;false
LOC-0029;LOC-0011;CAR;2026-08-17T07:00:00+03:00;OK;1254;21;8126;LOCAL_VALHALLA_MATRIX;8abe89d2a4761bf3ad7247b1e6f778395ca60927b78eab898818a22bf853ea93;62de300544ea3d427d61f6367ef30c6a37344705df50d0bb31f5599e2c6e43a2;2026-09-23T00:53:28.118606+00:00;false
LOC-0029;LOC-0013;CAR;2026-08-17T07:00:00+03:00;OK;1239;21;7369;LOCAL_VALHALLA_MATRIX;9304b1c96ab5065ced7b1a304d703943e449234d7afea26f46a2480f074b7b0a;ddb6d2bae590b2fe57d02e331422619420d3f9c92d96580e9b248def155a7ac4;2026-09-23T00:53:28.118606+00:00;false
LOC-0029;LOC-0016;CAR;2026-08-17T07:00:00+03:00;OK;1082;19;5995;LOCAL_VALHALLA_MATRIX;377f0b617ba3f744c18638abf260a0fd2c830e16f8c13b98df1523331e9a178f;a7c3ea9a76bf32c5e39506f35da856c23a436356de2ad2481b671993a2e9d056;2026-09-23T00:53:28.118606+00:00;false
LOC-0029;LOC-0018;CAR;2026-08-17T07:00:00+03:00;OK;1273;22;7618;LOCAL_VALHALLA_MATRIX;2e228b23aefba50288cc22a537dbad70ca2b4660f46560c1a1de1afa1f91c16d;37ba428116e97000428c0a6ffb8d0fce1aa123835ab198b3e32bff3f699cd001;2026-09-23T00:53:28.118606+00:00;false
LOC-0029;LOC-0019;CAR;2026-08-17T07:00:00+03:00;OK;1650;28;10419;LOCAL_VALHALLA_MATRIX;3113eec10f7ee63b82f983cd802c0cee70f949d8ccfb36a81879129c3ff20350;53095216fc5b829c8e9ec91671435a57fc8c1b886b1d853a05148eefc8738848;2026-09-23T00:53:28.118606+00:00;false
LOC-0029;LOC-0020;CAR;2026-08-17T07:00:00+03:00;OK;1726;29;11320;LOCAL_VALHALLA_MATRIX;58230001c4668ac113c9b4637021b6a419f510b64b6ecd463eca13a0e5c94027;2c385eae34fbeed0a773de79d2a8fe013c25f500522c74436fc17aae915550c7;2026-09-23T00:53:28.118606+00:00;false
LOC-0029;LOC-0027;CAR;2026-08-17T07:00:00+03:00;OK;1120;19;6521;LOCAL_VALHALLA_MATRIX;030df18678f89a92e8f0701b6cf46bab38c3af79970d767dae42b012e6a57e10;0d63f23daaffc49244d41346fe464e42702f2646e53c5385988fa5ff39f02360;2026-09-23T00:53:28.118606+00:00;false
LOC-0029;LOC-0028;CAR;2026-08-17T07:00:00+03:00;OK;173;3;509;LOCAL_VALHALLA_MATRIX;a2d83c4f0575b6c495952a0c31855f4d9c09912ce3cffb0219ce93268db53be4;18e759ccf516ac67efcf499402c4deba6245848fd0fade8a318bac8c7af677d7;2026-09-23T00:53:28.118606+00:00;false
LOC-0029;LOC-0029;CAR;2026-08-17T07:00:00+03:00;OK;0;0;0;LOCAL_VALHALLA_MATRIX;85bf55e7809669001ff2df9e0e3455ed4bbeceb032cfd58f0c0fc2c6a145e13b;3d5812abc84c11768aa73a732c85d75dbed439188f5bb3239e9b762ea31d9862;2026-09-23T00:53:28.118606+00:00;false
LOC-0029;LOC-0037;CAR;2026-08-17T07:00:00+03:00;OK;1144;20;7092;LOCAL_VALHALLA_MATRIX;c20ac4f5d6d38a3f0ed17e6a34a901cf8e7ec6c7bcb6d5cac00fc4ae26abb033;9c9c35ce34461e91bc55aef935d8a21dbac6d4bbb23a565bb24779b444e1dcab;2026-09-23T00:53:28.118606+00:00;false
LOC-0029;LOC-0045;CAR;2026-08-17T07:00:00+03:00;OK;803;14;4765;LOCAL_VALHALLA_MATRIX;fa213b942749328bf84bd259383556faf01d965af61922e68124b30d0decd450;3f335c85d4c4609ed74e9aa16ac4ec25ef8d9ef5b5b21ae73978d43b15436a1b;2026-09-23T00:53:28.118606+00:00;false
LOC-0029;LOC-0053;CAR;2026-08-17T07:00:00+03:00;OK;850;15;4975;LOCAL_VALHALLA_MATRIX;d23624b6d077647c8f0b8110280a37ea8caed1c2f695966308eb430207342a53;7d9725d622b03785755436cd6a0f0bccb35a621ee3d03f37a676919034445a17;2026-09-23T00:53:28.118606+00:00;false
LOC-0029;LOC-0054;CAR;2026-08-17T07:00:00+03:00;OK;1086;19;6644;LOCAL_VALHALLA_MATRIX;ae91ab06902a4409c99d572ad72e21ee5a03afb1584256cc500e9f6ca7d95b4c;f56ebc806a927ac05957fe54139138ed9ccad9ada48dc2a8eb359bdba783f74f;2026-09-23T00:53:28.118606+00:00;false
LOC-0029;LOC-0064;CAR;2026-08-17T07:00:00+03:00;OK;804;14;4692;LOCAL_VALHALLA_MATRIX;5b979d68247a98b70739ea5a2290daae7f8cff863a6c046ebe9f7b5156e51b68;4643e76a24384c5f5ac494f0e0cc3178baa3bbff34e2ef3d52b9c888852e5d45;2026-09-23T00:53:28.118606+00:00;false
LOC-0029;LOC-0075;CAR;2026-08-17T07:00:00+03:00;OK;1122;19;6488;LOCAL_VALHALLA_MATRIX;6bfccccebe8fe1ccdbf50790f0c0a885966df52c0f7bd25ea7b122a5b8cc4946;3fe77b4c1ce1bc49bfb2d8cde6498b6750c69677c5c3f08b4fc237a3fff28484;2026-09-23T00:53:28.118606+00:00;false
LOC-0029;LOC-0076;CAR;2026-08-17T07:00:00+03:00;OK;889;15;5183;LOCAL_VALHALLA_MATRIX;933d1b545c4a76a66d55097c794b710f4cfde76d9cc86a96b1cb7c87270574a1;d91c1997395766310bf12ff8e8f5cbe9c6a025a82c7b39c319c08890622e2cf0;2026-09-23T00:53:28.118606+00:00;false
LOC-0029;LOC-0080;CAR;2026-08-17T07:00:00+03:00;OK;1146;20;6903;LOCAL_VALHALLA_MATRIX;d02913572a6d6fa5f4219bf7f3964da278fdece0cf45d773fe7063a10f65df56;8c327c525ceeea5258a9dd8c10a28910513bbd4dbebd5513495c9067d62ed1c1;2026-09-23T00:53:28.118606+00:00;false
LOC-0029;LOC-0082;CAR;2026-08-17T07:00:00+03:00;OK;606;11;2987;LOCAL_VALHALLA_MATRIX;31d71f32a96489de3799288fba152d7f04dfbb716771b4b60d4063e3ac767c17;a4147a1f4ee62413489f47fd92d6138a70fc1963792836a2cb567f5e813ddaeb;2026-09-23T00:53:28.118606+00:00;false
LOC-0029;LOC-0085;CAR;2026-08-17T07:00:00+03:00;OK;1262;22;8014;LOCAL_VALHALLA_MATRIX;63528526ea4aec4ab24d52fdd0e37b50f2d6bd0eb8680e70ded8ef34b42ae27b;e4025f2a95b084fae5ea0395d6d832710dcea8a9dfdb5fbf78c377b476018525;2026-09-23T00:53:28.118606+00:00;false
LOC-0029;LOC-0086;CAR;2026-08-17T07:00:00+03:00;OK;1265;22;8015;LOCAL_VALHALLA_MATRIX;df09e2cf19908c5d4a91528d153beb38200bdeb706bcb44ace19b4ae593fb5e4;62db25a181942143e14ef1c30d61a7779c776f5da6fdc699d01f09afee5d6982;2026-09-23T00:53:28.118606+00:00;false
LOC-0029;LOC-0091;CAR;2026-08-17T07:00:00+03:00;OK;1451;25;9572;LOCAL_VALHALLA_MATRIX;80c8b204db7a7ff3e65a1a7e3f2cef4790600059b70e7d4205a33ff57e9b35b2;d6f0e4a9b5cfc313698a1456f220ff32d4aa8282364e64b181be80cc95f39d10;2026-09-23T00:53:28.118606+00:00;false
LOC-0029;LOC-0092;CAR;2026-08-17T07:00:00+03:00;OK;1580;27;10319;LOCAL_VALHALLA_MATRIX;47cddfd0f254f1392d5a2365ce7d94f7b839f0ab56e83ca4db2fcbbce96e1bc0;5cb154bb0c1e97a468290b7deaf8b395af4478769210480449bf19a0178de2fd;2026-09-23T00:53:28.118606+00:00;false
LOC-0029;LOC-0094;CAR;2026-08-17T07:00:00+03:00;OK;1393;24;8695;LOCAL_VALHALLA_MATRIX;b3e993f1d7171e03c4ee173588ac854f28d06ae744b5f3777d56675d72f56a37;dbb9d66bf2251d54db46074e74c86877a18f811b095ed51d5fea8ef4c0afd14c;2026-09-23T00:53:28.118606+00:00;false
LOC-0029;LOC-0095;CAR;2026-08-17T07:00:00+03:00;OK;1502;26;9408;LOCAL_VALHALLA_MATRIX;40e7a3c834667025845bc763b86a03682c003ee9da49d996c585b3d8f956ba73;5653d535e471db80f3878b23e90bfa0e26a9376d86de448dda24a8c663dc3b21;2026-09-23T00:53:28.118606+00:00;false
LOC-0029;LOC-0112;CAR;2026-08-17T07:00:00+03:00;OK;1239;21;7408;LOCAL_VALHALLA_MATRIX;a911aee030f180f6b261bc13787122b53a20a384863a322dfa3fc608e5fecb5d;657162933b98b058b5dc85530a5e399c2b00a175545a74f0b896e44a0f0c25fd;2026-09-23T00:53:28.118606+00:00;false
LOC-0029;LOC-0124;CAR;2026-08-17T07:00:00+03:00;OK;1621;28;10317;LOCAL_VALHALLA_MATRIX;cf761bed27e43833be729bbc31241589ddb69916c952f9567fe246065d9f61b5;ad38aa3af5d81add4d4f863ce26ce4f4d3fbc577ab12ce663df986b86dde6cfb;2026-09-23T00:53:28.118606+00:00;false
LOC-0029;LOC-0126;CAR;2026-08-17T07:00:00+03:00;OK;1030;18;5633;LOCAL_VALHALLA_MATRIX;dc8caf87855c337ab0a9cd4ab51c12ae077195a55c673adbbbb48deec560dc31;2df7e6c3dddca8283930accb4e977f268b4433ccd03036a45e5dd781cd0ba2b1;2026-09-23T00:53:28.118606+00:00;false
LOC-0029;LOC-0128;CAR;2026-08-17T07:00:00+03:00;OK;1083;19;6341;LOCAL_VALHALLA_MATRIX;6b2abd3ce2285b26f09bfcb9e9c898debe255bc4b6c40e343cc18a783740b97d;51af70173b777de63be2882c53d6cd491dd988680f318ef5e450eddcdbc4dfcb;2026-09-23T00:53:28.118606+00:00;false
LOC-0029;LOC-0134;CAR;2026-08-17T07:00:00+03:00;OK;1168;20;6993;LOCAL_VALHALLA_MATRIX;57dc009f9125df50598b2ba02f2040d61bfdc891490ebc958548cac8a75d1687;8a3e6a01878aa2027b6b9a051b14c874440168ec1fc82bf756479c9c31a4b6dc;2026-09-23T00:53:28.118606+00:00;false
LOC-0029;LOC-0135;CAR;2026-08-17T07:00:00+03:00;OK;1201;21;6977;LOCAL_VALHALLA_MATRIX;2022555795aff416c2af8a76e23e2f5974a03d2f70baf96a56bc0a686fc049c7;e4f2fe18ab078f56993d59c3a039ed2cbbbdec39c00a4a0bc97a059063fd69a9;2026-09-23T00:53:28.118606+00:00;false
LOC-0029;LOC-0136;CAR;2026-08-17T07:00:00+03:00;OK;1214;21;7839;LOCAL_VALHALLA_MATRIX;b22213f426b09011942e64a0598728ff228aaef3a2c22ec709343d4ef3570e67;e7a3d8b25526eedb8ae8d45fdd2cf6365c9954033eb4ce66b54c9bc95efce72c;2026-09-23T00:53:28.118606+00:00;false
LOC-0029;LOC-0141;CAR;2026-08-17T07:00:00+03:00;OK;1513;26;9302;LOCAL_VALHALLA_MATRIX;2eed35f4cfc1fda05fe94f2382435291899f40b45bcd97fd134946d2e01b7a22;d08320bde5852c55741a7e1e340e41f3e413e5aeb0066106aa405d8b0191eb3b;2026-09-23T00:53:28.118606+00:00;false
LOC-0029;LOC-0142;CAR;2026-08-17T07:00:00+03:00;OK;1617;27;9548;LOCAL_VALHALLA_MATRIX;9a7a2ecdcfeb4e913efaeb63eeaaa26b4d8245d7e0d71fdecef50b49ce1bc65f;2caeb06e9c5873d7e18af75c4c70fbe2034ea0222cd46857dc05f3d8c11a8072;2026-09-23T00:53:28.118606+00:00;false
LOC-0029;LOC-0145;CAR;2026-08-17T07:00:00+03:00;OK;1475;25;9348;LOCAL_VALHALLA_MATRIX;c63e2265c87f688bbbed4be4a3539fa8aabf9998a09cdd15ea1fedd3232e9730;69b3ae1d83cc9238e9ff747f6de2623b1b33480d0f3b0decca96a0cd7875eab6;2026-09-23T00:53:28.118606+00:00;false
LOC-0029;LOC-0148;CAR;2026-08-17T07:00:00+03:00;OK;1130;19;6712;LOCAL_VALHALLA_MATRIX;0f2986841767e5e5c10c36cfa693586558887a0e47fcd3ffd40d2b1776f5b513;c8a966fdf5024b8ef5c4f3d5bf69933d2b9ea79b77a22e1ab032e1406303f9f0;2026-09-23T00:53:28.118606+00:00;false
LOC-0029;LOC-0149;CAR;2026-08-17T07:00:00+03:00;OK;1089;19;6453;LOCAL_VALHALLA_MATRIX;3f67c7ca87526062ca80550abb0c939ffb3fc097bfcf4525093cf368a39d8816;7880dc784a49031d98d07b6d99d4fb461966b5a4f85973eee8c6c476365ddec1;2026-09-23T00:53:28.118606+00:00;false
LOC-0029;LOC-0150;CAR;2026-08-17T07:00:00+03:00;OK;1061;18;6272;LOCAL_VALHALLA_MATRIX;7aa8f192bfd6443189bea76f9770487c35fb4cfb65f47c65f8386029edba5aab;96fff720173f5e1d348fa99476a83fec780e8f6af7f8fc663795f4e60a1f109a;2026-09-23T00:53:28.118606+00:00;false
LOC-0029;LOC-0151;CAR;2026-08-17T07:00:00+03:00;OK;1221;21;7117;LOCAL_VALHALLA_MATRIX;debb4d0bbb6d6e1a3213d1ab4c6fbccf23f2dbcb22dbb3e8de220323be22ff71;029e949ce6255091fdd47dd92fc074ae278350f342ff7a22755b9d0b31c2fb7d;2026-09-23T00:53:28.118606+00:00;false
LOC-0029;LOC-0190;CAR;2026-08-17T07:00:00+03:00;OK;1038;18;6638;LOCAL_VALHALLA_MATRIX;c8b35a4f536c9ded0a46e3fc86e6bdda4157fa6b31c4c143ad54597e3a79363d;fd93a138646c2e2a2f0bc7d74d0620a1e480233fa7dcf37e2f673f7a5f00ea38;2026-09-23T00:53:28.118606+00:00;false
LOC-0029;LOC-0196;CAR;2026-08-17T07:00:00+03:00;OK;1605;27;10089;LOCAL_VALHALLA_MATRIX;9542f310463616abf641abb10c47a0adc0802210c3b9e95cd491f59cb119af7d;baf13d53d3cc8dec6e2330c70aa11efab421a221083374fa6e56eb579061acca;2026-09-23T00:53:28.118606+00:00;false
LOC-0037;LOC-0002;CAR;2026-08-17T07:00:00+03:00;OK;467;8;2735;LOCAL_VALHALLA_MATRIX;3e2e49cbbc0ed99a240c48cd9d579f34860229df75f1bdc266a9e54b1522bc1e;7947a60d936b106ba6e0c0fd9eba236171c13d962642e8641bda7fdaefe551ee;2026-09-23T00:53:28.118606+00:00;false
LOC-0037;LOC-0008;CAR;2026-08-17T07:00:00+03:00;OK;966;17;5794;LOCAL_VALHALLA_MATRIX;3383f96bab27868d99e5a70837eb65d774f739955157176e50b350ccda6ef65e;6b0614173a9318e8c13879389ba5bd49ad71957c14c6ffe69ffb8f410d26482a;2026-09-23T00:53:28.118606+00:00;false
LOC-0037;LOC-0009;CAR;2026-08-17T07:00:00+03:00;OK;2234;38;14841;LOCAL_VALHALLA_MATRIX;f0ec6f084d3661c53bf5341131331a11f1edbe495791fd9606875255257e53b3;365b959f23911699dc9f6a666a2fc56cbb34a8ca113cf6cfdec6b2f47b7088ba;2026-09-23T00:53:28.118606+00:00;false
LOC-0037;LOC-0010;CAR;2026-08-17T07:00:00+03:00;OK;1004;17;5910;LOCAL_VALHALLA_MATRIX;f1591d2aa2c9d5c083a056b9c4ec3b0e200c31de08f4c7b10f5ff99fe1a222ab;b875b80484e3123ff8a127afe110f43f05b677befc9facd3a00ecff870203aa2;2026-09-23T00:53:28.118606+00:00;false
LOC-0037;LOC-0011;CAR;2026-08-17T07:00:00+03:00;OK;860;15;4996;LOCAL_VALHALLA_MATRIX;20cdaefba1e82ea0e399ec8cbf2a82795c405c19746e61235e78cf790ea2e3b1;c51d422e4ed3866326eb51f09c67cb6f813e0f1c057087f0c32ec326aed41312;2026-09-23T00:53:28.118606+00:00;false
LOC-0037;LOC-0013;CAR;2026-08-17T07:00:00+03:00;OK;717;12;3972;LOCAL_VALHALLA_MATRIX;d6e6391b9a668e7128b11ee7626a0d56de17c4685cb534116b80ed58fd6dd7d9;908d6a1b92fafaf718e49c6c242266dd5689fa140b99509a702b3793d1964046;2026-09-23T00:53:28.118606+00:00;false
LOC-0037;LOC-0016;CAR;2026-08-17T07:00:00+03:00;OK;995;17;6365;LOCAL_VALHALLA_MATRIX;f16e1f304331b3ccd6ab51169e3889314c34c540c50cc0af57b224b2e53f65de;c071269b0327fd0e8cf6f88899ba26d10654184a79dbe52f44f3b2adf025c5b6;2026-09-23T00:53:28.118606+00:00;false
LOC-0037;LOC-0018;CAR;2026-08-17T07:00:00+03:00;OK;1328;23;7901;LOCAL_VALHALLA_MATRIX;937e310af05e829e51eda9548707cf6304db36e8bc71155b93725937dd676ddd;99d95ec314a554c26ebced7fceebc5d64df702eba9c988d19f05b6b248a4e1d5;2026-09-23T00:53:28.118606+00:00;false
LOC-0037;LOC-0019;CAR;2026-08-17T07:00:00+03:00;OK;1091;19;6189;LOCAL_VALHALLA_MATRIX;5bf8f69088130eac94ca41a25854579fe0606edc868c946ae03c7575fca5a3b6;a3363aa2ed2270cc9dc08d808df617d1b094f01474bd01bdfca194376196f693;2026-09-23T00:53:28.118606+00:00;false
LOC-0037;LOC-0020;CAR;2026-08-17T07:00:00+03:00;OK;1202;21;7345;LOCAL_VALHALLA_MATRIX;aad556a5bce0dcb521193cfc03f2fb64a4efc943efb7d9c0d8259f0cfafd043b;ffbbf5ebce56b9430326fadb00027fbcff444facaac02608a9fb8d01a4527b2c;2026-09-23T00:53:28.118606+00:00;false
LOC-0037;LOC-0027;CAR;2026-08-17T07:00:00+03:00;OK;1264;22;7348;LOCAL_VALHALLA_MATRIX;d02a80b66dbf56082b3e005e58a8ea06abd072305bc0b25c93e4f41668819bf3;6204a15cbd0c2fa798b490a5751683373701b99772dc3d64162910021153f36e;2026-09-23T00:53:28.118606+00:00;false
LOC-0037;LOC-0028;CAR;2026-08-17T07:00:00+03:00;OK;1393;24;8607;LOCAL_VALHALLA_MATRIX;f397369898dda0ae152f46fc85bcc4d89894ba71f03a2e246404eb9b02682ec8;1048d96d22b9101474afa31ca6c5e490a29c2cf87d7a8007a31984d3eb768038;2026-09-23T00:53:28.118606+00:00;false
LOC-0037;LOC-0029;CAR;2026-08-17T07:00:00+03:00;OK;1254;21;8165;LOCAL_VALHALLA_MATRIX;202a5c87be01595427dc711e0233a0bd1c19cb9362028ccb4ae55bad31ad31d5;912ab734a37b0baaecc63291483a829e6c5c9e2b4ca89713a5b44689e959bfdc;2026-09-23T00:53:28.118606+00:00;false
LOC-0037;LOC-0037;CAR;2026-08-17T07:00:00+03:00;OK;0;0;0;LOCAL_VALHALLA_MATRIX;84252d3b291d6bb3b0e7a007e3e455335b6b15ea429e6c070d297af641b0b5d1;3d5812abc84c11768aa73a732c85d75dbed439188f5bb3239e9b762ea31d9862;2026-09-23T00:53:28.118606+00:00;false
LOC-0037;LOC-0045;CAR;2026-08-17T07:00:00+03:00;OK;1380;23;9007;LOCAL_VALHALLA_MATRIX;41617ceb4352c0dd4b543c779a2a12b8336cf20a06bac88b169eb7c7862c8b23;8e2097401085e0edf5bc7cd5abeaf74ddb714e3cd8fbf8f1add312e959984843;2026-09-23T00:53:28.118606+00:00;false
LOC-0037;LOC-0053;CAR;2026-08-17T07:00:00+03:00;OK;913;16;6252;LOCAL_VALHALLA_MATRIX;a40da3014fe5da0d01975216ea33ee67d3cfc1bb5c91e97b05344b68dfb72476;2bd5b7f58867d6dfee997018b08bafc333044ab57515b5fadc594de4ffd2a983;2026-09-23T00:53:28.118606+00:00;false
LOC-0037;LOC-0054;CAR;2026-08-17T07:00:00+03:00;OK;339;6;1402;LOCAL_VALHALLA_MATRIX;47306f71029d7b0d2c08879db93dbc459efb9aa01980c7c55614344c6eaf63b4;f894699c1e43268965b58697fa6573e4441b8fb9530757828c539b4b6ec2fca4;2026-09-23T00:53:28.118606+00:00;false
LOC-0037;LOC-0064;CAR;2026-08-17T07:00:00+03:00;OK;1382;24;8934;LOCAL_VALHALLA_MATRIX;effd555ad82ee9e047eace6c2d77bd86454211c153da8cd3e5255d2442280f0d;be9569f8590b7f71b6ffb89e87cff5faa6ee5f70a94f46a832c74254e4d832b3;2026-09-23T00:53:28.118606+00:00;false
LOC-0037;LOC-0075;CAR;2026-08-17T07:00:00+03:00;OK;1326;23;7777;LOCAL_VALHALLA_MATRIX;6f14ca914f5f0a296f0380476f212dc33053e21a237999faa570db757187f463;2d0169ca9ba74413f57259c470ddaa72d1dca2325975237a39d6e4fc5a896d7b;2026-09-23T00:53:28.118606+00:00;false
LOC-0037;LOC-0076;CAR;2026-08-17T07:00:00+03:00;OK;919;16;6398;LOCAL_VALHALLA_MATRIX;5064911d2c1c028cffda0fd680ac283a5956aaae590099e51463b78f8d79a7c3;020f38374743df8c1d28e61a5ae693f81d7206246abf1e3f2440b684686dd82d;2026-09-23T00:53:28.118606+00:00;false
LOC-0037;LOC-0080;CAR;2026-08-17T07:00:00+03:00;OK;1128;19;6680;LOCAL_VALHALLA_MATRIX;2fbbf30fca751c45c6404ba3e90af2faa17ed853336a4b3babbf6d6e66db200e;0e995f043b10ad332a927e3923cd94b2a9b2284355040104f6a46b462ea3f3af;2026-09-23T00:53:28.118606+00:00;false
LOC-0037;LOC-0082;CAR;2026-08-17T07:00:00+03:00;OK;1376;23;8964;LOCAL_VALHALLA_MATRIX;eb0fa4aae27315c0147429e6a53149fdcb619d67ab3803d49720f8aa974f9ab1;7b7982a642b6e9388b388842f4f98236ab257f161aba6f083c7cdd858140f956;2026-09-23T00:53:28.118606+00:00;false
LOC-0037;LOC-0085;CAR;2026-08-17T07:00:00+03:00;OK;586;10;3635;LOCAL_VALHALLA_MATRIX;9b2e7a7eb13cb3f6cdc59c70ec439ff878aa4c7157134498c987c362bbc42a10;a257611c8983cc54b248f590fb8b7a3572bd96fe44f254b3750e3a3c70c1eee6;2026-09-23T00:53:28.118606+00:00;false
LOC-0037;LOC-0086;CAR;2026-08-17T07:00:00+03:00;OK;588;10;3636;LOCAL_VALHALLA_MATRIX;30962c24549113467e618c7addd20736e81c180bf2905f45f875708fa83168ee;abf35886e0543dfc00a4f1ee14a86364b5f83aab10c19e1ed3d781e8e522c933;2026-09-23T00:53:28.118606+00:00;false
LOC-0037;LOC-0091;CAR;2026-08-17T07:00:00+03:00;OK;927;16;5597;LOCAL_VALHALLA_MATRIX;b500b3909264b338e77a28af707612a7d27e4c76dc78a5d89b91363da28c3a05;ac625b1a287d8630ff628e80fb635a620d023573ca199da89db310c8fe701792;2026-09-23T00:53:28.118606+00:00;false
LOC-0037;LOC-0092;CAR;2026-08-17T07:00:00+03:00;OK;1056;18;6344;LOCAL_VALHALLA_MATRIX;c85ece2123f02c74c8f58b13f7c47fe055a18db320f84c865d7fe5b12308ec20;e813dc44493a5ef8da154ef4000eb197cefcf5c87fa109fe5df3f3c5cf4e58f0;2026-09-23T00:53:28.118606+00:00;false
LOC-0037;LOC-0094;CAR;2026-08-17T07:00:00+03:00;OK;716;12;4316;LOCAL_VALHALLA_MATRIX;f5cc01d62b3a990b490e11c493f54e914801def1c86f3f500c34880db6d002c5;c4fe4d00940b51e9f845e6462bfba449b4112e4f938c86a313e77f2a1c79a682;2026-09-23T00:53:28.118606+00:00;false
LOC-0037;LOC-0095;CAR;2026-08-17T07:00:00+03:00;OK;827;14;5031;LOCAL_VALHALLA_MATRIX;60ead40e820a1eda11a32da25873a6c385c1f1ad6a6ec118e70d3f6f1a213ce4;ca59a4deddcd28b0a9aecbb945ef3818bbf28cc6fe4d10f4599c1b4a62c69486;2026-09-23T00:53:28.118606+00:00;false
LOC-0037;LOC-0112;CAR;2026-08-17T07:00:00+03:00;OK;889;15;5264;LOCAL_VALHALLA_MATRIX;7d3529724091b9dbde349bb96915f4c2af6f87af80c8e226668a31af740d77c2;ae7ded4f187cb5143841e072b5a455cd79440ba38caee41c43071eb9b0b49538;2026-09-23T00:53:28.118606+00:00;false
LOC-0037;LOC-0124;CAR;2026-08-17T07:00:00+03:00;OK;2335;39;15299;LOCAL_VALHALLA_MATRIX;7d5fdf47edf45f3e3f9b0d62ffb241cb4c5fd8a7332fb542cf49e807c34a6c95;415fee538718318d6d5dc13056ee2511f702018200ae7f81cfee21bfd5da740a;2026-09-23T00:53:28.118606+00:00;false
LOC-0037;LOC-0126;CAR;2026-08-17T07:00:00+03:00;OK;850;15;4846;LOCAL_VALHALLA_MATRIX;b8c58dc107dd22a48e1b0872d07b56f8d4a20ca826c980c83f9cc23bd083a034;ea4027392c91c7042eddddb699010337e74aebde9fd0044d546b2be44f38478b;2026-09-23T00:53:28.118606+00:00;false
LOC-0037;LOC-0128;CAR;2026-08-17T07:00:00+03:00;OK;262;5;767;LOCAL_VALHALLA_MATRIX;0f0dd331151734c9a879dfc1430494f76d2694a5d8d1f92112d07473c057d03e;66e00e1a7f9f52b3167ba3d04eb69ebe74de4224b2e7c156c4bbe2d7ad86b874;2026-09-23T00:53:28.118606+00:00;false
LOC-0037;LOC-0134;CAR;2026-08-17T07:00:00+03:00;OK;489;9;2877;LOCAL_VALHALLA_MATRIX;ee67ea3e79681400bac2a3f277d26ca7e020b0c053195d7ceaed159c49482814;70172e73017fd0d3e4143ed8ba18f7e4972e3912dc25525d33706f8d38da3e8b;2026-09-23T00:53:28.118606+00:00;false
LOC-0037;LOC-0135;CAR;2026-08-17T07:00:00+03:00;OK;588;10;3562;LOCAL_VALHALLA_MATRIX;32690f7e9b1721a9f3b0dc36fa7bb57a571cb90424f451cc0eb79ff131dab110;8b452a683022b801e6fff58c93e64e822a1a7cffc219930be5edd77b2c73d57d;2026-09-23T00:53:28.118606+00:00;false
LOC-0037;LOC-0136;CAR;2026-08-17T07:00:00+03:00;OK;537;9;3460;LOCAL_VALHALLA_MATRIX;2532b870a15c9a17ab03d02be4154a1d3a008c431a95fa8fca04c21bff44fcb3;1e4eb3028e8f13abc1384f29f52850ff8446d0336d31f98b3bc183025acee5f8;2026-09-23T00:53:28.118606+00:00;false
LOC-0037;LOC-0141;CAR;2026-08-17T07:00:00+03:00;OK;2091;35;13544;LOCAL_VALHALLA_MATRIX;e096e091be0e097cc61070a22ad3aa3ba7b70c0aac1549631467ab508cccfe2b;0e510d54dc186673cc8051b35403730a9f27e6cd50648a369851dd6b8a460e82;2026-09-23T00:53:28.118606+00:00;false
LOC-0037;LOC-0142;CAR;2026-08-17T07:00:00+03:00;OK;2195;37;13790;LOCAL_VALHALLA_MATRIX;740cee9c59ed7aa9f0c4bab06f1cca42bd5238658f6780addbf8d2d95e77b3bf;d489f8d774cf528d8eac4c63acd72aed3d92e8cd9f1e5818f4ec21792ab30dda;2026-09-23T00:53:28.118606+00:00;false
LOC-0037;LOC-0145;CAR;2026-08-17T07:00:00+03:00;OK;1143;20;7130;LOCAL_VALHALLA_MATRIX;878d6970e60559687f7500f4b0b8b9e20eeb738a5bf0e89ca3aa7e89d0631a8d;55edd06fcda6820bc0f66f332f49e67ec56fa3f78f684146e68f04fbd2a865db;2026-09-23T00:53:28.118606+00:00;false
LOC-0037;LOC-0148;CAR;2026-08-17T07:00:00+03:00;OK;1255;21;7509;LOCAL_VALHALLA_MATRIX;f977d7f5ce3b2369191d6b63bd531f5a16e5c78a10024314d49497d18c467fd4;e78982943dd279cb512b568a832c734f8d8e24537d25881b3a3b364747afa4fc;2026-09-23T00:53:28.118606+00:00;false
LOC-0037;LOC-0149;CAR;2026-08-17T07:00:00+03:00;OK;1214;21;7250;LOCAL_VALHALLA_MATRIX;98706d66bcd746e63970508e084623f1c0da8e10b01cf289e155ba0470c19ef3;a9706b38073e108d339cb16e1a46a06f8f1f3d9c258c4e6b71fdc4aa6615d1ee;2026-09-23T00:53:28.118606+00:00;false
LOC-0037;LOC-0150;CAR;2026-08-17T07:00:00+03:00;OK;1186;20;7069;LOCAL_VALHALLA_MATRIX;5b25145612b2f05433a54449e1048dd988234c1f403221ba9762044d4c1000ac;b171aff6ab7afead21537010a1ee0ebabcb8e4d32a339d6700d37a1dde432aa0;2026-09-23T00:53:28.118606+00:00;false
LOC-0037;LOC-0151;CAR;2026-08-17T07:00:00+03:00;OK;1346;23;7914;LOCAL_VALHALLA_MATRIX;cd182b527e94afdb0b27c294013399f70cd7a6f7c8466baed944171958d8372a;97fb9b6a8fb5f7b41f9fffae8701ffefa100e70682ed05d19504fa665e79610f;2026-09-23T00:53:28.118606+00:00;false
LOC-0037;LOC-0190;CAR;2026-08-17T07:00:00+03:00;OK;765;13;4366;LOCAL_VALHALLA_MATRIX;fb42f5bdcf53bd9784561ee18dfa357bb7f8ea44f18e1c6420fbbb99626e10a7;28a922dc40b394a567e948b1c42c64fe42a61c040362a63e4242742b0014a505;2026-09-23T00:53:28.118606+00:00;false
LOC-0037;LOC-0196;CAR;2026-08-17T07:00:00+03:00;OK;1430;24;8769;LOCAL_VALHALLA_MATRIX;72dae03f34ffc10404a70171c0e9f686e695da708ee1b5fc0e2045730c9423ce;2364b1ac4757843b01d5083636e08bfa11a7466a9f3a49b20d3e4c0e192ca6d8;2026-09-23T00:53:28.118606+00:00;false
LOC-0045;LOC-0002;CAR;2026-08-17T07:00:00+03:00;OK;1276;22;8166;LOCAL_VALHALLA_MATRIX;18cad24120f7bb8ba6cbb98e06dbe922aa026c4cd17db717706a35d64ef8d870;0ee32a3065b753796709b38777c16f00d52de5f954a4aa52dd633810990cf9b4;2026-09-23T00:53:28.118606+00:00;false
LOC-0045;LOC-0008;CAR;2026-08-17T07:00:00+03:00;OK;1448;25;9748;LOCAL_VALHALLA_MATRIX;653367384d9c6e7a661fdf1f2dc50ffb5ecc7e2783acac3cd08ee2b8869b4f1c;c8815a6b8ae9eb342653090daabd5707adfc761846964a02afd7bad1a9ee9d8f;2026-09-23T00:53:28.118606+00:00;false
LOC-0045;LOC-0009;CAR;2026-08-17T07:00:00+03:00;OK;1292;22;8170;LOCAL_VALHALLA_MATRIX;a8689a2e99048dbd183bcd9fb8fe0b562278308d357e29add22027b501586b31;10830a2341762bb648faa0801bbbe316a09e3d637e05aca90c4136a491f7d061;2026-09-23T00:53:28.118606+00:00;false
LOC-0045;LOC-0010;CAR;2026-08-17T07:00:00+03:00;OK;1524;26;10299;LOCAL_VALHALLA_MATRIX;9398e2b7128c8085a58d507014a7c76f4b5080525aa716dcecdf2d36e8ffa4d0;846184ec2fbee175813da339af165f6f59f488a9fdb1cfc8bc44cc3ef8a34f64;2026-09-23T00:53:28.118606+00:00;false
LOC-0045;LOC-0011;CAR;2026-08-17T07:00:00+03:00;OK;1216;21;8277;LOCAL_VALHALLA_MATRIX;d2c574931201c6d65adc330c9ce17ac3c4b8f3c45414e993537c1e54c056753f;980e3502b67e0e06217b40b123cfaf996ef0d0b7747103857b6ea55f53991cbc;2026-09-23T00:53:28.118606+00:00;false
LOC-0045;LOC-0013;CAR;2026-08-17T07:00:00+03:00;OK;1414;24;8697;LOCAL_VALHALLA_MATRIX;223325b2d2ca4559c4fc28305685cfbb836044458922e5ffa4db4cae4b54ea69;cf7bf7130d400706cb8cf736b11f227438cdac1105d630182a6ce51b25c1fcd4;2026-09-23T00:53:28.118606+00:00;false
LOC-0045;LOC-0016;CAR;2026-08-17T07:00:00+03:00;OK;1015;17;5817;LOCAL_VALHALLA_MATRIX;1ae747d5967b76efdfe88e154351909b51d43658ad854f322818a13e0c7e055d;3815080fb758364404cb3523db6de6e9f0dc2e950f05e8850847a5278641862d;2026-09-23T00:53:28.118606+00:00;false
LOC-0045;LOC-0018;CAR;2026-08-17T07:00:00+03:00;OK;713;12;4405;LOCAL_VALHALLA_MATRIX;381948fa0dc163c7e2033af881756b0f8e518d53b043d3b1cced770483d68748;67b5b5ef9e654cd42ba1d355136c51c2fd0e55fb670ffb62602faa36717b1066;2026-09-23T00:53:28.118606+00:00;false
LOC-0045;LOC-0019;CAR;2026-08-17T07:00:00+03:00;OK;1613;27;10570;LOCAL_VALHALLA_MATRIX;f69d7918f6b0d35e51c0a973d9b1e81f9354229576cc142bbd5013b884f0115f;a1121de5762d88525323b3e12d9edde310e82a7b231caab5f04c3ceb5738da59;2026-09-23T00:53:28.118606+00:00;false
LOC-0045;LOC-0020;CAR;2026-08-17T07:00:00+03:00;OK;1409;24;9341;LOCAL_VALHALLA_MATRIX;67226b0ae33345db7b5bdc22432ad00bcf02d120dc9cdc7fb29807e243d7dd44;cdf9cbf36a462e9b3f028422763c0ab68382ba6aaf9f4573605b6230e87a8df3;2026-09-23T00:53:28.118606+00:00;false
LOC-0045;LOC-0027;CAR;2026-08-17T07:00:00+03:00;OK;554;10;3118;LOCAL_VALHALLA_MATRIX;8c7b972f6bc4f42dc2fc810a8604b9584bbb1521998887dea46872375eae3c1e;2e991da93f9c0f3fd61cff7bec96356284144c1d7f01900a727b3f2c909a13f0;2026-09-23T00:53:28.118606+00:00;false
LOC-0045;LOC-0028;CAR;2026-08-17T07:00:00+03:00;OK;1065;18;5902;LOCAL_VALHALLA_MATRIX;8719c4efd1fdbb9f32a658c6458722e7c2ca76e965d79f32f36bacac0d7dca32;56f718616e0c1926b3f3160ec3c731d8d5f1f09906acecb38e7b8e188d521c73;2026-09-23T00:53:28.118606+00:00;false
LOC-0045;LOC-0029;CAR;2026-08-17T07:00:00+03:00;OK;960;16;5414;LOCAL_VALHALLA_MATRIX;f5d58b74f213f5fe5747f9f5b52e577278e9a3d23e73e5efbd87d3ed21245005;a6ddad9972f84b6b8162555e8c0a65c61987074d0b0460597bda9629ef704831;2026-09-23T00:53:28.118606+00:00;false
LOC-0045;LOC-0037;CAR;2026-08-17T07:00:00+03:00;OK;1363;23;9042;LOCAL_VALHALLA_MATRIX;de6acf79d30c6a2c30e031d3524ae79e1bd2fe32cff7970afc9cc1a1fe0efd28;79d45fa61a0d015f05ff58bf66ccea116a1779c4980375b1a50be79bb1be731d;2026-09-23T00:53:28.118606+00:00;false
LOC-0045;LOC-0045;CAR;2026-08-17T07:00:00+03:00;OK;0;0;0;LOCAL_VALHALLA_MATRIX;98e8dc9438e0c2f3aa5a4dc13dc6d7116eeb1c2d88a5bb058ae20a4f2b4b8bc6;3d5812abc84c11768aa73a732c85d75dbed439188f5bb3239e9b762ea31d9862;2026-09-23T00:53:28.118606+00:00;false
LOC-0045;LOC-0053;CAR;2026-08-17T07:00:00+03:00;OK;783;14;4797;LOCAL_VALHALLA_MATRIX;f19e46aa4030bca7149ed6191512423b558047616544a0bd3e5ba6f6bb18e967;e59cf04ba2daa02fbf659373ea56973caf0514974fd21a6e735a8be324ffe1d4;2026-09-23T00:53:28.118606+00:00;false
LOC-0045;LOC-0054;CAR;2026-08-17T07:00:00+03:00;OK;1262;22;8360;LOCAL_VALHALLA_MATRIX;985cce6b004bf20ac5857d2e4701465f51a69e069b68390446b4cb903c2e184d;a64ec513ccd86f98ec196eff4dfea727f3f348bff23585ebd0d6a0af6b02b92f;2026-09-23T00:53:28.118606+00:00;false
LOC-0045;LOC-0064;CAR;2026-08-17T07:00:00+03:00;OK;479;8;2726;LOCAL_VALHALLA_MATRIX;a2997795d92d0e0b62981c1008d0a59c670e46dcf7aec3ca468ced2964aed89e;9ce049c469e7106a3c9c77f599c60ba29425aaef22dd3bd4996b05f32d52071e;2026-09-23T00:53:28.118606+00:00;false
LOC-0045;LOC-0075;CAR;2026-08-17T07:00:00+03:00;OK;750;13;4438;LOCAL_VALHALLA_MATRIX;6250106f03f1b8484513b33c954ff7e1abcdbc142b7b214101e459e70038eb72;74e607e0c133b9d531381bbeff678bd59ee8cdb2a3751bef41ad97eec53ab1c6;2026-09-23T00:53:28.118606+00:00;false
LOC-0045;LOC-0076;CAR;2026-08-17T07:00:00+03:00;OK;956;16;5808;LOCAL_VALHALLA_MATRIX;0da6022878557b9756806e193bc17c6ec4aad92b02946125e444c463d70f430e;a7a89db536628033e549216746ca234170cf54351ce9648bcd3c3e9a42abfc8a;2026-09-23T00:53:28.118606+00:00;false
LOC-0045;LOC-0080;CAR;2026-08-17T07:00:00+03:00;OK;810;14;5031;LOCAL_VALHALLA_MATRIX;88223f0fd9f057febf7bb8ca49c014f1dd2070f3acc555d6d5bbdeff19898e60;f5803d1671056e747de0ffef6188d75000bbc91b167597ad45d33d47839b7828;2026-09-23T00:53:28.118606+00:00;false
LOC-0045;LOC-0082;CAR;2026-08-17T07:00:00+03:00;OK;472;8;2756;LOCAL_VALHALLA_MATRIX;7bcf3bf080a8cd5a7f7c9fd51a5d837f5a309d9e477c62fb3555d8bcda41683c;e2f0535899caf685156b0a0e29673716a65075b6e1a37c49a2c7d116bb9d858e;2026-09-23T00:53:28.118606+00:00;false
LOC-0045;LOC-0085;CAR;2026-08-17T07:00:00+03:00;OK;1438;24;9342;LOCAL_VALHALLA_MATRIX;7d0de3ca1a83a83c9dd47cedbbc79a625bf39a32c3856497ddc84ae40db1948d;74bd5eb8f733dbe95c61f563e0e34bb6af99a33df5d00d90d2705c9b6f85df02;2026-09-23T00:53:28.118606+00:00;false
LOC-0045;LOC-0086;CAR;2026-08-17T07:00:00+03:00;OK;1440;24;9343;LOCAL_VALHALLA_MATRIX;380573b6f5f23c459800c64c09be5bdb5a1776e49fbb10cc13c8feee962bc7bb;5d19615d4ce102451ac6fee47144fe5caf126cb007acdcde5bcc87faf061bf9f;2026-09-23T00:53:28.118606+00:00;false
LOC-0045;LOC-0091;CAR;2026-08-17T07:00:00+03:00;OK;1321;23;8642;LOCAL_VALHALLA_MATRIX;4e72beceea1d3670e357933a14df34f2efbef3039eaf8275b0ca3d2f1c1edb52;03ebcb98101e9e04814fbd36593f28ad00100ba0dd8d62a2c92fce583f8cc8c0;2026-09-23T00:53:28.118606+00:00;false
LOC-0045;LOC-0092;CAR;2026-08-17T07:00:00+03:00;OK;1246;21;7798;LOCAL_VALHALLA_MATRIX;d522917f29ef3f2bf87f8b61afbd2d2083ad3515532f6eaf033d259941bd630b;3e7b69deb90ab65f75c6038e79111ea897ba65ead3bd1cc1bfcab40b8e3d7f8b;2026-09-23T00:53:28.118606+00:00;false
LOC-0045;LOC-0094;CAR;2026-08-17T07:00:00+03:00;OK;1663;28;10867;LOCAL_VALHALLA_MATRIX;facbe62422b8f0c599be7cafca17824d624b7e4da25d44a101dcd916f8490382;10e2418e591b3025ffb272bfc5abb89b81e6712c22a217ae61d806912464d49a;2026-09-23T00:53:28.118606+00:00;false
LOC-0045;LOC-0095;CAR;2026-08-17T07:00:00+03:00;OK;1773;30;11582;LOCAL_VALHALLA_MATRIX;8efc36dd0401b216071d72d36abbfdcf822e9618d8a34e1e1018938bd8a2aabe;c7e2a34a4acad48236822b65c66af8c158e158e55c083f56716b0c4062df6e72;2026-09-23T00:53:28.118606+00:00;false
LOC-0045;LOC-0112;CAR;2026-08-17T07:00:00+03:00;OK;966;17;5972;LOCAL_VALHALLA_MATRIX;b006de32329efbbea205975323c9e564f6fd2722c17d1285f0953fc748f274b5;1cb7758c2358c5cc2dc821e6bcab9daf2f1fd5560a53ee4636c79f6fded6390a;2026-09-23T00:53:28.118606+00:00;false
LOC-0045;LOC-0124;CAR;2026-08-17T07:00:00+03:00;OK;1344;23;8532;LOCAL_VALHALLA_MATRIX;337708969b3f132185f0a90b4566ed43691592a6c9236d66310abfe0cc0c5aad;b94ec512d443c139dd2fd6c023eaedc7f2a14eb3021e5801d25a22c4a844bc30;2026-09-23T00:53:28.118606+00:00;false
LOC-0045;LOC-0126;CAR;2026-08-17T07:00:00+03:00;OK;845;15;5165;LOCAL_VALHALLA_MATRIX;208c282c4ee405adc11378aa4aba1e19ac09ada56838a82f2cef96ae4dae5136;e8685ad0b274fcfd1ce1ed8499d818024532be0495eb8c72a39496ceace7a796;2026-09-23T00:53:28.118606+00:00;false
LOC-0045;LOC-0128;CAR;2026-08-17T07:00:00+03:00;OK;1259;21;7669;LOCAL_VALHALLA_MATRIX;a9e7c0caa61d03e329c5983a39373cc0f275473fe7b49feee699456e289461dc;977bdf4281bfd8d6433d4c2e2a862d79506517bebfd0f44b7f57cbd256b126ff;2026-09-23T00:53:28.118606+00:00;false
LOC-0045;LOC-0134;CAR;2026-08-17T07:00:00+03:00;OK;1344;23;8321;LOCAL_VALHALLA_MATRIX;2483cd85a0b5a8f09c822e013e0a967a21c5d79abff6084618ac1b4b0ea5bf5c;7bc56c6e7a73a0ae287b5b933ce01dd84216ddb3fb659dc23dffbe1985b64407;2026-09-23T00:53:28.118606+00:00;false
LOC-0045;LOC-0135;CAR;2026-08-17T07:00:00+03:00;OK;1376;23;8305;LOCAL_VALHALLA_MATRIX;3f49d79368d5103a7919b730b4e78f752a0af209fb3cc14c48ea5944f045506a;884bcec736d291e6e26c141dc2c1a70c4c738ed307dc4438c36e753a04b88d3d;2026-09-23T00:53:28.118606+00:00;false
LOC-0045;LOC-0136;CAR;2026-08-17T07:00:00+03:00;OK;1389;24;9167;LOCAL_VALHALLA_MATRIX;3a9dd3e93f9d45e73e146da1cc7bc9cc83e756b603e4b3a1ae459dcfc77c982f;278b273eae424b10038005abe5980bd11a6c89082b9d399d477efbafe53bea64;2026-09-23T00:53:28.118606+00:00;false
LOC-0045;LOC-0141;CAR;2026-08-17T07:00:00+03:00;OK;1068;18;6430;LOCAL_VALHALLA_MATRIX;931e67bd1a615d21934ffd405dad3874c71e50509617eda4a11db8a37c70023c;429241bc5c60ee31aff761abb4e3d59db55bbcbda936cea9f49d200a79faabea;2026-09-23T00:53:28.118606+00:00;false
LOC-0045;LOC-0142;CAR;2026-08-17T07:00:00+03:00;OK;1171;20;6676;LOCAL_VALHALLA_MATRIX;b0df1d672f5e9b12fd124cbe4062650c46fac0df9b5d6e542e4c81dbc0c5905c;013e2d193d4a6b16b2d731330f2a82e381ddba0a065cec0e7ea4c524e38099e2;2026-09-23T00:53:28.118606+00:00;false
LOC-0045;LOC-0145;CAR;2026-08-17T07:00:00+03:00;OK;1201;21;7912;LOCAL_VALHALLA_MATRIX;c90c75d5646cf882c67cbe25cae4f636032146278170401b547bb5ed81bf79e6;6b2843f70a5c1a23f4a410cf86e74f0f65868c22098edfe93c23227e8fd2999d;2026-09-23T00:53:28.118606+00:00;false
LOC-0045;LOC-0148;CAR;2026-08-17T07:00:00+03:00;OK;679;12;4170;LOCAL_VALHALLA_MATRIX;7d8af90d158a59865bdb72c4df54f42f2ebdf9c8870cf273dfe2b0843b305250;2447b448bb09e265bace32c9adede20262017309e553d7b51dade2e2ae62f9b5;2026-09-23T00:53:28.118606+00:00;false
LOC-0045;LOC-0149;CAR;2026-08-17T07:00:00+03:00;OK;639;11;3911;LOCAL_VALHALLA_MATRIX;da2ffc9b41e57ceb5fbecb8aff9d1ff464043799bbfc216d82b5bbed9f8fd6b0;7771536959c5b45426989fe191ce0931b726b2369cbc62dd46b18616b4bcb86e;2026-09-23T00:53:28.118606+00:00;false
LOC-0045;LOC-0150;CAR;2026-08-17T07:00:00+03:00;OK;610;11;3730;LOCAL_VALHALLA_MATRIX;58d17b3640d92e787003cad61624d72179822e0fb25ce31c42d69ebb50b9793d;ead5770b6c133107d10b3bf2a56932c1b2c3d22aebbe15e3004dafdf7b045ac0;2026-09-23T00:53:28.118606+00:00;false
LOC-0045;LOC-0151;CAR;2026-08-17T07:00:00+03:00;OK;770;13;4575;LOCAL_VALHALLA_MATRIX;0b164230bb33dc1284816078c43f4d1c8882cbbee31c5643f7b1d3d4c4160c7b;ccbd5d2feb8994f50b251c113ca0b90104b9e1b4e6deb1c2dc4bb0f88b61badd;2026-09-23T00:53:28.118606+00:00;false
LOC-0045;LOC-0190;CAR;2026-08-17T07:00:00+03:00;OK;1000;17;6789;LOCAL_VALHALLA_MATRIX;fd7195e4661832b0aa0f4e2195b7b2cce06474395b5f7602a3b80cfae4b4dab4;716ab64034e5c44fed845ce2d3eb009019c5a7be01fb84ae10838f7a894e0bf1;2026-09-23T00:53:28.118606+00:00;false
LOC-0045;LOC-0196;CAR;2026-08-17T07:00:00+03:00;OK;1068;18;6476;LOCAL_VALHALLA_MATRIX;f1a589713328c0aa8cc88ff64dc08650b622fc9cb949b538178d4d49da20e1bd;c4c9225a39fa3ac04b6cc7459279b8fa9007e4f198fbf1437b49106aae03754e;2026-09-23T00:53:28.118606+00:00;false
LOC-0053;LOC-0002;CAR;2026-08-17T07:00:00+03:00;OK;872;15;5889;LOCAL_VALHALLA_MATRIX;9231a74e6ae59a19ef4182ab30f0f23bf3a77bbc8f1d6856339289d4c122e6d8;deee18af504386fe9b29537940b83f19da3de736e1ad97c05d950fa5a0f187c0;2026-09-23T00:53:28.118606+00:00;false
LOC-0053;LOC-0008;CAR;2026-08-17T07:00:00+03:00;OK;1610;27;11355;LOCAL_VALHALLA_MATRIX;e3a18f0537652e77fbdaf262af4f1f2c18e1f165da581fe64bee22db3b7217a8;cf0eb0bc88e2994230b816d49441e5e4212b7970fc6b8297535e43935dcceb53;2026-09-23T00:53:28.118606+00:00;false
LOC-0053;LOC-0009;CAR;2026-08-17T07:00:00+03:00;OK;1689;29;10894;LOCAL_VALHALLA_MATRIX;ab749fc4bc02a82b30b5d35fe27e234e50a078a160f31fded9f35eaca42a37e8;957ee3052171eebedefa375ebff5687107051da3480ad6dc18d99809c29f5bdf;2026-09-23T00:53:28.118606+00:00;false
LOC-0053;LOC-0010;CAR;2026-08-17T07:00:00+03:00;OK;1649;28;11471;LOCAL_VALHALLA_MATRIX;3f61af493cbb6cfc7034ea3d4c794df8d212cd83ed638c9b66fcb62f78e70ef0;fbdf11a093e171686497b698edd45564d920ccf8c64de776724b4a959875c9df;2026-09-23T00:53:28.118606+00:00;false
LOC-0053;LOC-0011;CAR;2026-08-17T07:00:00+03:00;OK;1505;26;10557;LOCAL_VALHALLA_MATRIX;a26525dc083d7bc6e7e0d326e9c04d5d0f01c26995c777486ffebab294e5da4e;7f9f511ececb4c8b59cf44b4d995dbfac07a72fa11f12b16e88e4c0854707224;2026-09-23T00:53:28.118606+00:00;false
LOC-0053;LOC-0013;CAR;2026-08-17T07:00:00+03:00;OK;1037;18;6210;LOCAL_VALHALLA_MATRIX;b872a18c40057884e9f42880f573540da59f4cc893da0775a7a56911150cf3af;c6730d1f135693dac9973ea083685c516c05f7ae3abf418d440315e7df11e49c;2026-09-23T00:53:28.118606+00:00;false
LOC-0053;LOC-0016;CAR;2026-08-17T07:00:00+03:00;OK;461;8;1736;LOCAL_VALHALLA_MATRIX;c249b50418772a3e70372b28bc1b26b5d9b8d3ca9a5c8cbbbf4318ba5bcd5176;ce4648bcd664eea3ce2a5110ce6fa9ce46a233f12f02db7ba15443658a36c53f;2026-09-23T00:53:28.118606+00:00;false
LOC-0053;LOC-0018;CAR;2026-08-17T07:00:00+03:00;OK;1229;21;7597;LOCAL_VALHALLA_MATRIX;b72ea5f082a5396998c8bd74f70011ff5701b4b4a035ab617c0a856f91bc4ee3;984b7524752e8d239526111936f227fa5e9afe5c7b5fd2202375c91bb163c6b1;2026-09-23T00:53:28.118606+00:00;false
LOC-0053;LOC-0019;CAR;2026-08-17T07:00:00+03:00;OK;1735;29;11750;LOCAL_VALHALLA_MATRIX;fee96cad8aa0ee7bde9936ef63522f86fbf87406cc019c8b3d866479ccdece74;2c1d2e01f52086eeb8e8bb8df0f875bda1498c469847197b5effc755b1dd2397;2026-09-23T00:53:28.118606+00:00;false
LOC-0053;LOC-0020;CAR;2026-08-17T07:00:00+03:00;OK;1846;31;12905;LOCAL_VALHALLA_MATRIX;833c314e9f4b5a1337cff5e081b7bfed4162fe0d9a7c4ea14684c89fa0daa968;5dd40127f9a7f2dac48eff11f05639dc7ad6cf6103ee98a153509f4e1d310eb0;2026-09-23T00:53:28.118606+00:00;false
LOC-0053;LOC-0027;CAR;2026-08-17T07:00:00+03:00;OK;982;17;5696;LOCAL_VALHALLA_MATRIX;a93c12e504b310ba31f8bbed9285ee41abc1c21e2b5d233e270fb074e233d024;1b04470084049afc32cc2fcd60c7219e915e193b5e7a0b1d07e249a78eaf4eb3;2026-09-23T00:53:28.118606+00:00;false
LOC-0053;LOC-0028;CAR;2026-08-17T07:00:00+03:00;OK;1303;22;7451;LOCAL_VALHALLA_MATRIX;1dc81d5d61735218cef1aaaa2e30cfad577ca1af58e0eaedd94ddaa34e30893e;1408b5de21861c2eca014f44a26add33506bb6b735d8c73c84f3286bb7119e00;2026-09-23T00:53:28.118606+00:00;false
LOC-0053;LOC-0029;CAR;2026-08-17T07:00:00+03:00;OK;1236;21;7385;LOCAL_VALHALLA_MATRIX;220c32db3b2baca55831b44828182139409e9ca39dd4c7931ef9a550f660493b;839cb4d2abe7b9a31141374fe1f40e44f1cbb8476486035723021844863fcba8;2026-09-23T00:53:28.118606+00:00;false
LOC-0053;LOC-0037;CAR;2026-08-17T07:00:00+03:00;OK;822;14;5644;LOCAL_VALHALLA_MATRIX;2b09d6f90f8883878056b5769696027dac3b612bb23d5210085902a4cc173c5d;cc77ddf093b2a874c87c056e7c5850086f7403ef512f8b1cc509cf5e51076cd8;2026-09-23T00:53:28.118606+00:00;false
LOC-0053;LOC-0045;CAR;2026-08-17T07:00:00+03:00;OK;763;13;4409;LOCAL_VALHALLA_MATRIX;d2aa7a50682257f121c281835a8aa9ca8a8b8765fb86ebef4a662a798ee67c52;bb35c32e903fb5373175ec0f88f6fbb4ce6071ddc3d0fbc1e48d3e5a198880be;2026-09-23T00:53:28.118606+00:00;false
LOC-0053;LOC-0053;CAR;2026-08-17T07:00:00+03:00;OK;0;0;0;LOCAL_VALHALLA_MATRIX;e69b84ab6a1a92c14d3de876be853a55c237c880975b591be8f80e86cf452164;3d5812abc84c11768aa73a732c85d75dbed439188f5bb3239e9b762ea31d9862;2026-09-23T00:53:28.118606+00:00;false
LOC-0053;LOC-0054;CAR;2026-08-17T07:00:00+03:00;OK;953;16;6649;LOCAL_VALHALLA_MATRIX;8472803ee25b5241a074f95d018f2ad5e324f9d2743e1d726812825de63454a5;587f32b46a546b1aaa3a47f327029ff2d60f27eac23412b405439e6d7afb0cba;2026-09-23T00:53:28.118606+00:00;false
LOC-0053;LOC-0064;CAR;2026-08-17T07:00:00+03:00;OK;836;14;4987;LOCAL_VALHALLA_MATRIX;4baa429cc575addc353b06d38cb2801b18951af07d44db2aa10e75e4fe02acfc;23c4968ff4d058f7f8c8e6a57ae9ff05d9ca1687003993439e09a91f443be7ce;2026-09-23T00:53:28.118606+00:00;false
LOC-0053;LOC-0075;CAR;2026-08-17T07:00:00+03:00;OK;1178;20;7016;LOCAL_VALHALLA_MATRIX;f7aa9288ac7446a5a07ef2d10af6324b6ab30afdcd7627b4cf2a23a9ba343e9a;9a2c61ce0208ce85a18015546a450410494acd633f6ffd4fb7c4c221598acd06;2026-09-23T00:53:28.118606+00:00;false
LOC-0053;LOC-0076;CAR;2026-08-17T07:00:00+03:00;OK;402;7;1727;LOCAL_VALHALLA_MATRIX;2ea25c1fc58186c4c1266c44bd426b736cffb5622f4c33dfa402f6c91a99fda9;55b4d4de789cc7c942cbabf10de99d0b58d32a414d3c46789939f4bac47cfeac;2026-09-23T00:53:28.118606+00:00;false
LOC-0053;LOC-0080;CAR;2026-08-17T07:00:00+03:00;OK;1238;21;7609;LOCAL_VALHALLA_MATRIX;83cfd03d9330eeef4a84789b8a25c702aaa5eb8a54c2a5ae44fa2a6e6007606d;5caeedecfaef3584f4c03c793f88ec3ce36fe9c22baeb86a7884abcb1f15e51f;2026-09-23T00:53:28.118606+00:00;false
LOC-0053;LOC-0082;CAR;2026-08-17T07:00:00+03:00;OK;830;14;5017;LOCAL_VALHALLA_MATRIX;9747e711acffb5f68e5d7ec9c59a367bb4eea6829416a8cdf1a1223c613ebacc;cc6f0c6c247555776b50bca8e8f9aac17ce3c8f9d7030bab8d921f7e41ca459f;2026-09-23T00:53:28.118606+00:00;false
LOC-0053;LOC-0085;CAR;2026-08-17T07:00:00+03:00;OK;991;17;6789;LOCAL_VALHALLA_MATRIX;6e2eeb0488453bc38974e75b4cb88248cb521eac643cba7fe720e088e7658f42;eb6f06355b54ffed8718f59c26f79600abf56310bcd5b598e3dc1d28c7ae7f8f;2026-09-23T00:53:28.118606+00:00;false
LOC-0053;LOC-0086;CAR;2026-08-17T07:00:00+03:00;OK;994;17;6790;LOCAL_VALHALLA_MATRIX;3a85f38c164a2a109e93588fb2c26c78f4892650e1353b85497391ed48aa518a;e822e81465df0e7d04dd80dd4b9757a7e602c1588942e3a618d5cf4e08385080;2026-09-23T00:53:28.118606+00:00;false
LOC-0053;LOC-0091;CAR;2026-08-17T07:00:00+03:00;OK;1571;27;11158;LOCAL_VALHALLA_MATRIX;db72ec59eb746ba5fbbe103be3a45a99a5a07b7e48e2c82c6013153e17d0461d;7c717953839e886e83af371593cab311fe49bed251384e95235cb867e2090772;2026-09-23T00:53:28.118606+00:00;false
LOC-0053;LOC-0092;CAR;2026-08-17T07:00:00+03:00;OK;1701;29;11905;LOCAL_VALHALLA_MATRIX;6089b262700d5059833f6c7932f939af7517a7dffe63ec21851c31df2608bb8a;62bfc385fb25c01558a3a309399a5c73d4b60498e40630f7f662f15ec8adf401;2026-09-23T00:53:28.118606+00:00;false
LOC-0053;LOC-0094;CAR;2026-08-17T07:00:00+03:00;OK;1122;19;7470;LOCAL_VALHALLA_MATRIX;223a156cf2cdc58035218721adc2cfdbfd63919fbd2b0020eb4f4be2b3a7b07b;4c90176e7f88c2cd8a29df7a1c3d15da53158fcfd23d5df7178f07293fe56c7e;2026-09-23T00:53:28.118606+00:00;false
LOC-0053;LOC-0095;CAR;2026-08-17T07:00:00+03:00;OK;1232;21;8185;LOCAL_VALHALLA_MATRIX;15b527bb73ac82297ac482f15cdf358bafc73eeafe326e5392e06e5f4585f42f;cba3bc7984102aadff708cd59e4d5e8fa368eb48f9d7e1ae2b221eda973ebe17;2026-09-23T00:53:28.118606+00:00;false
LOC-0053;LOC-0112;CAR;2026-08-17T07:00:00+03:00;OK;1394;24;8550;LOCAL_VALHALLA_MATRIX;26e094960abf03005bccf53a4910396ed44ddd19123a5a4267df4af95052be98;9fa6c9c881264226a4960f5da85baaf67f15537ecca343944a56bf1e421b588b;2026-09-23T00:53:28.118606+00:00;false
LOC-0053;LOC-0124;CAR;2026-08-17T07:00:00+03:00;OK;1713;29;11036;LOCAL_VALHALLA_MATRIX;81a52fa93b24c6d3eb25dbbd23ec7582ba0bb82b496a5e9be4f9f661024ca98a;28d8f50bb3fbd833e0013d7b827020abbac8742104ae187264df8a2b4598b4d6;2026-09-23T00:53:28.118606+00:00;false
LOC-0053;LOC-0126;CAR;2026-08-17T07:00:00+03:00;OK;1294;22;7500;LOCAL_VALHALLA_MATRIX;26e0d0e63390664a6aa6b20bcf11c765b36a8652033fb593d5ade628fccfbb09;b88988d606070595d639daf879c76d87380786ab5c89162c98f7afd9ad2d276d;2026-09-23T00:53:28.118606+00:00;false
LOC-0053;LOC-0128;CAR;2026-08-17T07:00:00+03:00;OK;874;15;5832;LOCAL_VALHALLA_MATRIX;6e755fb3749657c2f75840d5d12581dcf6e2180f7d1368e93e55c79565ca9fb7;b387b8f677f63e254d55801213627832324a80d719be74fca463277a6279d90c;2026-09-23T00:53:28.118606+00:00;false
LOC-0053;LOC-0134;CAR;2026-08-17T07:00:00+03:00;OK;894;15;6031;LOCAL_VALHALLA_MATRIX;3ca7fac125f1d0e1503e2e9ec4a9e406cee9f4e2f6c580769fe096afb9ccaa54;7432cbb7a9f531f2f46548d62142a6cb1efc6e6e50dc141d7a4f5bfcd909146e;2026-09-23T00:53:28.118606+00:00;false
LOC-0053;LOC-0135;CAR;2026-08-17T07:00:00+03:00;OK;999;17;5818;LOCAL_VALHALLA_MATRIX;a82a37d08427e76da214a56bab7118dd1bbf154b596b508fd6883cbd0335f08f;2efc81c7cfafe25109a23614199195bafd85a10c87ffdb7d02910c6af4eaf3ad;2026-09-23T00:53:28.118606+00:00;false
LOC-0053;LOC-0136;CAR;2026-08-17T07:00:00+03:00;OK;943;16;6614;LOCAL_VALHALLA_MATRIX;1eb52cf118dbf2aded7309ca1f2420384e6aa737625360638b64a64e5375e1f8;dcb173b6c7c029a41e880020045509a7fff53729d43e226438f9d2aae8a544dc;2026-09-23T00:53:28.118606+00:00;false
LOC-0053;LOC-0141;CAR;2026-08-17T07:00:00+03:00;OK;1469;25;9281;LOCAL_VALHALLA_MATRIX;c2a86eb295c4ed4c31b12de85db7dc26eb41c6beb1a5b38600a375ae93ee08d3;7aff82e661e08e45e534b5aaa2b7728a4c70eb2708f87224fd2c2daa096ea95b;2026-09-23T00:53:28.118606+00:00;false
LOC-0053;LOC-0142;CAR;2026-08-17T07:00:00+03:00;OK;1573;27;9527;LOCAL_VALHALLA_MATRIX;41b6c193d6e1bbcde63ba04eea0d298391659b997f918168ff1335a7cf517022;9cbea67e89d508ecf983acc1c520d56feb065ce06f2a4022d1ba0d12c2e1b100;2026-09-23T00:53:28.118606+00:00;false
LOC-0053;LOC-0145;CAR;2026-08-17T07:00:00+03:00;OK;1627;28;10490;LOCAL_VALHALLA_MATRIX;35c614b01bd57ecde2b4ce6fb908e8f0e103b47ffc078b8adfc8bfd97f6863b2;567a7dfba7e866cc0a83c7faed0c2b86d2c4fed1e157c9f07ab05c7307586971;2026-09-23T00:53:28.118606+00:00;false
LOC-0053;LOC-0148;CAR;2026-08-17T07:00:00+03:00;OK;1107;19;6748;LOCAL_VALHALLA_MATRIX;9c571fbaf713e2022d413ff84172a4d4ba8643c1ed88246a97b29197d4daf1df;bebac566f8d983030e38bd2ede6eea0eaa84d1666736d689f7901a23545adba2;2026-09-23T00:53:28.118606+00:00;false
LOC-0053;LOC-0149;CAR;2026-08-17T07:00:00+03:00;OK;1067;18;6489;LOCAL_VALHALLA_MATRIX;0de1d4069d4ff56054215329f44a3014134e3b46443534dfe86d914cb4e4939c;8108081d11dfb08ecce4b1faf18f75f28fa0d20d97d31428d5a87b59f58e0845;2026-09-23T00:53:28.118606+00:00;false
LOC-0053;LOC-0150;CAR;2026-08-17T07:00:00+03:00;OK;1038;18;6308;LOCAL_VALHALLA_MATRIX;0ff24b91a858c3b625af477266feb4ea782b6f7be8899ce1001593369993b5e3;67ea0b3c35689686a129d3a114866780005c8577f1012f740f218535365cad26;2026-09-23T00:53:28.118606+00:00;false
LOC-0053;LOC-0151;CAR;2026-08-17T07:00:00+03:00;OK;1198;20;7153;LOCAL_VALHALLA_MATRIX;cb22198c85cbf23d2e13e7cad58e2dd97c1da39e15677e470dd9a39b83157c4e;5afca00e9f50e3473111812c302732f3a81f538c1dd2e37e1620f58fd9b600fc;2026-09-23T00:53:28.118606+00:00;false
LOC-0053;LOC-0190;CAR;2026-08-17T07:00:00+03:00;OK;1303;22;8505;LOCAL_VALHALLA_MATRIX;24e67ce582b8329555bb88db73a0e6f33820eee007dfa52ad0b238e83a76b0fe;2f76d7ec03b785c005fb081236cac668a011fc3a16195c9e566038e047184165;2026-09-23T00:53:28.118606+00:00;false
LOC-0053;LOC-0196;CAR;2026-08-17T07:00:00+03:00;OK;1561;27;10068;LOCAL_VALHALLA_MATRIX;0f9e4ff754d3a10711fd7fb4253b1ae746a7dc465b5c53f842b9da92f730f31e;fe69d9c78974ca254bb2262f370b1c7beeca58c8be5fae32ac93b64c5eeb7342;2026-09-23T00:53:28.118606+00:00;false
LOC-0054;LOC-0002;CAR;2026-08-17T07:00:00+03:00;OK;600;10;3751;LOCAL_VALHALLA_MATRIX;09b7b446bd288c77300ead8d9c0e735ce8b05473a4813918b5369717bf6545a8;9b4b8496d1e9040cb8702e06f7c2d8e6370a776f2d42e45f06aada53d8bf06b8;2026-09-23T00:53:28.118606+00:00;false
LOC-0054;LOC-0008;CAR;2026-08-17T07:00:00+03:00;OK;913;16;5496;LOCAL_VALHALLA_MATRIX;6e33354a181955d0b307ba8caa04174f969285e6c67d875917aab62867f3a4b4;992f5e1317a85da47fe868cfa20211fd3133f322fabf2ae64ff8ccaa883c21a0;2026-09-23T00:53:28.118606+00:00;false
LOC-0054;LOC-0009;CAR;2026-08-17T07:00:00+03:00;OK;2182;37;14543;LOCAL_VALHALLA_MATRIX;206e388bdb855d5f05e6085624f0d1d818b23ea7e93956136c682ab3e78e8535;c8918b694282c8dceb896cb0abbfc2de26a10336b6019585194a020de96fd97a;2026-09-23T00:53:28.118606+00:00;false
LOC-0054;LOC-0010;CAR;2026-08-17T07:00:00+03:00;OK;952;16;5612;LOCAL_VALHALLA_MATRIX;d8d6823b31ff0c0e6c29af5ee5e5601684ff5ebc0cbdde63dc6d8dbfb743d38b;6bd1785f6dfae7492fd887d0febd2870fcb563492562d078640009b52b50f556;2026-09-23T00:53:28.118606+00:00;false
LOC-0054;LOC-0011;CAR;2026-08-17T07:00:00+03:00;OK;808;14;4698;LOCAL_VALHALLA_MATRIX;0b27bf2f2b2cc64eb64aab8a7af4d3d8e98f11c60a3a5aecc0dad9f9e13790ca;69b2bffa7bd5413a1509d5022c48a10ce3cf435d0ac94586cfd4df3409bc3b5d;2026-09-23T00:53:28.118606+00:00;false
LOC-0054;LOC-0013;CAR;2026-08-17T07:00:00+03:00;OK;824;14;4630;LOCAL_VALHALLA_MATRIX;9d993bd7ba906a4211faa993ffc74f6c32c0a32a3a93bb64ce8a6c07766fbb35;582c1a1a1c01332b85545246fc1dbfa92d395fbdcddfc7d687ee5a84fa6901e6;2026-09-23T00:53:28.118606+00:00;false
LOC-0054;LOC-0016;CAR;2026-08-17T07:00:00+03:00;OK;1128;19;7381;LOCAL_VALHALLA_MATRIX;373d108344851927f91e9f180db80bf47f4405091a63478d7caabfdd2d0cb670;d2abf580e6ad3e90811ee403fd6b367edf4fc9795b7b84e56e3d2493b9a5e389;2026-09-23T00:53:28.118606+00:00;false
LOC-0054;LOC-0018;CAR;2026-08-17T07:00:00+03:00;OK;1275;22;7603;LOCAL_VALHALLA_MATRIX;80f69e9cca459848391939965ce533a2feaaeed4fe7a07c3aa2667dc7c2b8c8f;7bcfa9744b9eb0eddb25bca46ebcfba7c1b48f44200763b053d77a57877b0d1f;2026-09-23T00:53:28.118606+00:00;false
LOC-0054;LOC-0019;CAR;2026-08-17T07:00:00+03:00;OK;1038;18;5891;LOCAL_VALHALLA_MATRIX;9e6c5893629158d97571053ed1d25774a094ffccc6f122627fc42eb377c74f46;5cbfcd96fcde42972b751cb5e422723cb39e46a17d9cca50af8dfd8ee2e9ac65;2026-09-23T00:53:28.118606+00:00;false
LOC-0054;LOC-0020;CAR;2026-08-17T07:00:00+03:00;OK;1149;20;7047;LOCAL_VALHALLA_MATRIX;d19d12101a992dc415d4eaa8045ec01db6290646eab93de3f03a321a5e53f645;70ad0d366640a862e1c98e9f7e2e9b8ae85ecbee4888985d73145a595e83011e;2026-09-23T00:53:28.118606+00:00;false
LOC-0054;LOC-0027;CAR;2026-08-17T07:00:00+03:00;OK;1212;21;7050;LOCAL_VALHALLA_MATRIX;847514d12fe8f060cd5b8d9aee5ce0e2dade5cf53e2e91615d91720e37aa57ae;75ba214e4f8e350288de0da5b34c38c83c3c50d3bb22c1e663b9af0ea036d92f;2026-09-23T00:53:28.118606+00:00;false
LOC-0054;LOC-0028;CAR;2026-08-17T07:00:00+03:00;OK;1340;23;7997;LOCAL_VALHALLA_MATRIX;8cb0d2b9ba32a364e5b81e0432e100c6f2ba758e349301a50859491952fb7ade;6d84eb2ea0df52ac9344a380893f27a064ed3f5a8c9cb8632d1a4e439afb615e;2026-09-23T00:53:28.118606+00:00;false
LOC-0054;LOC-0029;CAR;2026-08-17T07:00:00+03:00;OK;1201;21;7554;LOCAL_VALHALLA_MATRIX;cd1511c8020fc35ff17e458bfcd5fb614484ed31da12120ef154e1eb6353717a;66d7d2efc637dceedb986166d22beaa70b67ee8e7906330a330c955d909af62b;2026-09-23T00:53:28.118606+00:00;false
LOC-0054;LOC-0037;CAR;2026-08-17T07:00:00+03:00;OK;412;7;2092;LOCAL_VALHALLA_MATRIX;06a1c302db7ed0672c0fe91391fed629357ddfd1649c99a9e18ac7564183702b;19bec716a3a6ed05080f31d3f28c2c18412e00147d2597bb1fe6a0882f7f1946;2026-09-23T00:53:28.118606+00:00;false
LOC-0054;LOC-0045;CAR;2026-08-17T07:00:00+03:00;OK;1328;23;8709;LOCAL_VALHALLA_MATRIX;12acbbe924c7e215569d4951e937000a0307a49fe691a127b5589583d3092e8e;fd94aadbdab97ac9088a607c7bc0060903461b2e99e21268be8020432f3f90a6;2026-09-23T00:53:28.118606+00:00;false
LOC-0054;LOC-0053;CAR;2026-08-17T07:00:00+03:00;OK;1046;18;7268;LOCAL_VALHALLA_MATRIX;3bf17412934fe69d0daf110048277c7336dc844348083ea982c37eb655210daa;630ba544ef6280867e418f0a0c49dad4bddcec349675a509dd54e41d87b8a0b5;2026-09-23T00:53:28.118606+00:00;false
LOC-0054;LOC-0054;CAR;2026-08-17T07:00:00+03:00;OK;0;0;0;LOCAL_VALHALLA_MATRIX;5ab98287e3b988c4badd6c2d44f403433a2f9adb536d086ad9d1b965fbde4f65;3d5812abc84c11768aa73a732c85d75dbed439188f5bb3239e9b762ea31d9862;2026-09-23T00:53:28.118606+00:00;false
LOC-0054;LOC-0064;CAR;2026-08-17T07:00:00+03:00;OK;1330;23;8636;LOCAL_VALHALLA_MATRIX;c72fee0c9ebebe60aec64bff46183ae4dc642b199aa55641da2687595e42fbd7;5e4c382d94b080fa891013cf0b68c873dd26c74397432b2479e251e12b9c3881;2026-09-23T00:53:28.118606+00:00;false
LOC-0054;LOC-0075;CAR;2026-08-17T07:00:00+03:00;OK;1273;22;7479;LOCAL_VALHALLA_MATRIX;221f17ee7b3f4861be949d609a4e1abfc812fa873092fac35593da95c3c2134c;59b0098e77888e4d3da4831981ffa1874099bc3be9fb1aec957a408af695eae7;2026-09-23T00:53:28.118606+00:00;false
LOC-0054;LOC-0076;CAR;2026-08-17T07:00:00+03:00;OK;1053;18;7414;LOCAL_VALHALLA_MATRIX;05fd78dbfc49962bf5bd7e6df190d28fcb0b81aba5c1cfe67a75cb0145e0aac1;123931e74e85829e75a828ff4bf3d48ece7a90638c785cd98b22aa3d0ba35a3d;2026-09-23T00:53:28.118606+00:00;false
LOC-0054;LOC-0080;CAR;2026-08-17T07:00:00+03:00;OK;1075;18;6382;LOCAL_VALHALLA_MATRIX;d19a82f0f980ee758f7bbcd3a55155a3c6ca329f145af23b530d8416d5182728;4e43a4b3562992662549a7122513fb047ddce9a6b7392cebd956cdadc948501e;2026-09-23T00:53:28.118606+00:00;false
LOC-0054;LOC-0082;CAR;2026-08-17T07:00:00+03:00;OK;1324;23;8666;LOCAL_VALHALLA_MATRIX;23dc7c2a294b99c845eecdb84da5e0dad3275a6984b2966c701201d6ff5d237e;e1cb50ba9a7297c7f8a9a4e0a8eac96b5eafa2cecb844c7536f55bcdc0a97e2a;2026-09-23T00:53:28.118606+00:00;false
LOC-0054;LOC-0085;CAR;2026-08-17T07:00:00+03:00;OK;720;12;4651;LOCAL_VALHALLA_MATRIX;6d45bcc23608f10860f345416f7a21b233d01fee195e3a9f293ac15bfc300267;ecf3c9fe9295ed31f81884c87dad4d98e9a5ccb4ed39fd7c355c89952b2d88ac;2026-09-23T00:53:28.118606+00:00;false
LOC-0054;LOC-0086;CAR;2026-08-17T07:00:00+03:00;OK;722;13;4652;LOCAL_VALHALLA_MATRIX;a98ee3075df035139d06a7c0803aa54cb951752302297d160e50fb2eb2f8457e;65e99efd4f73747b49a94d36103c0f7bdf293cf65b6c01aa7f3171cd57399a53;2026-09-23T00:53:28.118606+00:00;false
LOC-0054;LOC-0091;CAR;2026-08-17T07:00:00+03:00;OK;874;15;5299;LOCAL_VALHALLA_MATRIX;16188d17e5fa6f5fb082fd546608912dc17860abb9583d433a9fca6907fc9ba7;c4d0f06e803d2e6e8887dbf9de3e5605671004a369e88d882c3b4350f01941fd;2026-09-23T00:53:28.118606+00:00;false
LOC-0054;LOC-0092;CAR;2026-08-17T07:00:00+03:00;OK;1003;17;6046;LOCAL_VALHALLA_MATRIX;2582a8c4a07fb8bbf0c657073f81cd713964f00ae46575d03e06e59e06c05fab;5f4a529f3502b8d7ccdc4edd0aab23a1c19548f1c075cd01077ea5f1d0299b44;2026-09-23T00:53:28.118606+00:00;false
LOC-0054;LOC-0094;CAR;2026-08-17T07:00:00+03:00;OK;850;15;5332;LOCAL_VALHALLA_MATRIX;64657fed1d1264e4d634244bbfdce02333b4bc18437f3026726b9f9c59f3b8df;a2e93ed1964f639566ae72e00985e58b0ec6be9613215742e2d15e22eb682532;2026-09-23T00:53:28.118606+00:00;false
LOC-0054;LOC-0095;CAR;2026-08-17T07:00:00+03:00;OK;960;16;6047;LOCAL_VALHALLA_MATRIX;1eb4c57a77ebbbcf9ec7d45148f3284c976173bdb3de71d061f4189a331a6e0e;bc29302b4fa8d19ed43f3879fdc66dee21070ade15b40ccd4132a97250db8c50;2026-09-23T00:53:28.118606+00:00;false
LOC-0054;LOC-0112;CAR;2026-08-17T07:00:00+03:00;OK;837;14;4966;LOCAL_VALHALLA_MATRIX;ce0c62813bccdc59a55f691213863ede336e92b5eb96396aafe6d62a256a1f89;4c95769a0b404eab6c4c08459e3c9a981a577d64878393b3201dc923009b8680;2026-09-23T00:53:28.118606+00:00;false
LOC-0054;LOC-0124;CAR;2026-08-17T07:00:00+03:00;OK;2282;39;15001;LOCAL_VALHALLA_MATRIX;509d8bb0ecdfdbad52f8443a3d60eace12a9fa41f39c822c9d9c2a166baa176e;a7446152339e726dbe683fe93daa4ada092d8157cf6724614442521da134ec62;2026-09-23T00:53:28.118606+00:00;false
LOC-0054;LOC-0126;CAR;2026-08-17T07:00:00+03:00;OK;797;14;4548;LOCAL_VALHALLA_MATRIX;bef01874a46b30df41c221fdf7e723dc233cc218fb2e7538987a78faaf9544d5;34216e7024ca9b0e23a3a74b21e7f04b6ab285d7e880a6b07390618f69c37965;2026-09-23T00:53:28.118606+00:00;false
LOC-0054;LOC-0128;CAR;2026-08-17T07:00:00+03:00;OK;363;7;1673;LOCAL_VALHALLA_MATRIX;ef34aca35fba2be582a562cefc1f23436ef52a89b74c2dece5052037af8c65b2;6838d37cd695729fbaf6d621e56e420799f40faee278a6ee39705ae0117c3dbe;2026-09-23T00:53:28.118606+00:00;false
LOC-0054;LOC-0134;CAR;2026-08-17T07:00:00+03:00;OK;622;11;3893;LOCAL_VALHALLA_MATRIX;aca202a3d62ca6f923a0fd037a110d5a26575230a1f8b088326278c3a238a761;67ffa4f4941d5a5682547c68cc473d4821402c5edb869344588ccf8cad2f14f9;2026-09-23T00:53:28.118606+00:00;false
LOC-0054;LOC-0135;CAR;2026-08-17T07:00:00+03:00;OK;721;13;4578;LOCAL_VALHALLA_MATRIX;f002e47c945b22278e245dc43c407dd649600488932b00ce64888bf6cef7df7d;317d4377d0dd9f09b8881613fd934326523076ae79583be9faace3bc9f757215;2026-09-23T00:53:28.118606+00:00;false
LOC-0054;LOC-0136;CAR;2026-08-17T07:00:00+03:00;OK;671;12;4476;LOCAL_VALHALLA_MATRIX;3be544d16cc882f34331e470c6f6bf1ada09986cdccd6a4e83dce56c2098d15b;c5cd35840ed4bf9323c449968ac4b882eaf1ac2c88049e963495c6ac601deefc;2026-09-23T00:53:28.118606+00:00;false
LOC-0054;LOC-0141;CAR;2026-08-17T07:00:00+03:00;OK;2038;34;13246;LOCAL_VALHALLA_MATRIX;14904af05c239b4062960476f4c0c10931d9838a8302c2d77988fc9a9743e7aa;9f89ad6fd1b75f86ff25b3662840a063f048b3a2adeb969e20c595cf32ebe46c;2026-09-23T00:53:28.118606+00:00;false
LOC-0054;LOC-0142;CAR;2026-08-17T07:00:00+03:00;OK;2142;36;13492;LOCAL_VALHALLA_MATRIX;5aec4f59392a953068f520c559c0cddadddf62ad4143de6f33159a96cdb8ba35;34e1428bd7045b7916dd5279ce20c4858557f7a48347b860fce48853022e38b9;2026-09-23T00:53:28.118606+00:00;false
LOC-0054;LOC-0145;CAR;2026-08-17T07:00:00+03:00;OK;1091;19;6832;LOCAL_VALHALLA_MATRIX;31db016302d07416f52a39c3e953dd4a30ff9b901132436e36ada9230f559a9f;579e2d715902ffdee68b709df0b63b5a409324da8b77786dc0793551d6ed52ef;2026-09-23T00:53:28.118606+00:00;false
LOC-0054;LOC-0148;CAR;2026-08-17T07:00:00+03:00;OK;1203;21;7211;LOCAL_VALHALLA_MATRIX;3ae70ef176311a95652d307767758ccfa416ebf9f9762490de70f2e324794567;b9a64586dcadef49b8f25784a83713eb090810b2aa792fb4fb8836bdbf034c67;2026-09-23T00:53:28.118606+00:00;false
LOC-0054;LOC-0149;CAR;2026-08-17T07:00:00+03:00;OK;1162;20;6952;LOCAL_VALHALLA_MATRIX;69e3efbc0ca84d744fa984b5c727410aee8698ac277f68a9b368720e17762e83;6a0fda66289933634a895cf29be41871e470d1cdd92f747f31345795f1c398ab;2026-09-23T00:53:28.118606+00:00;false
LOC-0054;LOC-0150;CAR;2026-08-17T07:00:00+03:00;OK;1134;19;6771;LOCAL_VALHALLA_MATRIX;3e42c5c13b992de823b569e2f1d291e06596bb547419570e0d470bdb91bcc1da;98a000a6b81779fcb42b96f6b7b346b65f36a4d3b8a4e25d6640599ff74498d3;2026-09-23T00:53:28.118606+00:00;false
LOC-0054;LOC-0151;CAR;2026-08-17T07:00:00+03:00;OK;1293;22;7616;LOCAL_VALHALLA_MATRIX;78270e68c60d2a8de4a8d3e95929d6f9b58331cc714d02d170322cf8d64b116c;8345747296f8cfb044cfa8cbe14e4ee39e0508ba73641cb0e227331220d65d4f;2026-09-23T00:53:28.118606+00:00;false
LOC-0054;LOC-0190;CAR;2026-08-17T07:00:00+03:00;OK;712;12;4068;LOCAL_VALHALLA_MATRIX;a9e65d39250f6685bd280df511eab2be07d220d02e4ba5c8bea220e1c6ca25d2;3b3931f05394bf8ed49c1d1d7bce056540ed87524f9b6b7c56a435053803a79f;2026-09-23T00:53:28.118606+00:00;false
LOC-0054;LOC-0196;CAR;2026-08-17T07:00:00+03:00;OK;1379;23;8472;LOCAL_VALHALLA_MATRIX;003c8d25a891c7d4a072846945b87405b03bc64c2d34afe16fcb555c09f24d37;cf384bcad3e2571d28e74bb3c4617dfd86e1cbc1631f39136ee1ccf8ec8f88fc;2026-09-23T00:53:28.118606+00:00;false
LOC-0064;LOC-0002;CAR;2026-08-17T07:00:00+03:00;OK;1574;27;10009;LOCAL_VALHALLA_MATRIX;85ef65a833dea2fa0b0f5132f4f74f79ac4a88721479a1b28630db1fb57afedc;1fbab4535bc8311f6d190c3d7cf5a3b7eaf21db36b338b045f8a4e5b97cf7f9b;2026-09-23T00:53:28.118606+00:00;false
LOC-0064;LOC-0008;CAR;2026-08-17T07:00:00+03:00;OK;1746;30;11591;LOCAL_VALHALLA_MATRIX;cdf3437a144b60a3a9c2b9038095cb1972ae76593020a2c400925b46942eeef0;afccbfe1dffa92d38e446e3252b188b237812efc5909f604b6bf1775d2b99bac;2026-09-23T00:53:28.118606+00:00;false
LOC-0064;LOC-0009;CAR;2026-08-17T07:00:00+03:00;OK;1031;18;6302;LOCAL_VALHALLA_MATRIX;62fe4194c42dbadf6fb9be50faf7bd9f250bcdc3e2901f6d9b6e57d9d29be4f4;76c45b56ab43446d59c5dcc23bcd282d63444df3a04b96143123726169b421d8;2026-09-23T00:53:28.118606+00:00;false
LOC-0064;LOC-0010;CAR;2026-08-17T07:00:00+03:00;OK;1823;31;12142;LOCAL_VALHALLA_MATRIX;101b60f08930379a641026f73eecae43329b309cd7886b343bd14f3ae2a7aab7;72f344b77a464ad8a8c5b0e113bf5f05680920b258c220718b918232285beeba;2026-09-23T00:53:28.118606+00:00;false
LOC-0064;LOC-0011;CAR;2026-08-17T07:00:00+03:00;OK;1514;26;10120;LOCAL_VALHALLA_MATRIX;1332f1bc61b00a0b084ffb587e1ed01dcc5c9d8c7e813d7e360033450fcacf80;abd0d51db83c55339b4d01ef3d1026d7adcdac122cf86f9cad26adafd7a1611e;2026-09-23T00:53:28.118606+00:00;false
LOC-0064;LOC-0013;CAR;2026-08-17T07:00:00+03:00;OK;1786;30;11149;LOCAL_VALHALLA_MATRIX;0862f841a31a6b9540abd1425598c0ba38629383c942861afdbbae593de58f70;d23c7000aeb5d16c091d315136988d1b801284759f72d1572c31c4eac90eadd1;2026-09-23T00:53:28.118606+00:00;false
LOC-0064;LOC-0016;CAR;2026-08-17T07:00:00+03:00;OK;1092;19;6149;LOCAL_VALHALLA_MATRIX;35a56cdc8840f9186563b3b2532a32d5b6fb1609ed8d9b11534d249781208a02;b40fe6aac321c83cc1ca6b2834268ffc462b3b9b785bf17a3d7858d1f90d7fe4;2026-09-23T00:53:28.118606+00:00;false
LOC-0064;LOC-0018;CAR;2026-08-17T07:00:00+03:00;OK;1150;20;7551;LOCAL_VALHALLA_MATRIX;4b751d9de17b03f953050587e7963ce2634c1483648394b7547f753339cadef5;e44db77adf70555a714ffa17d586866036c6def287899ecbe2064c7b79d0f12d;2026-09-23T00:53:28.118606+00:00;false
LOC-0064;LOC-0019;CAR;2026-08-17T07:00:00+03:00;OK;1911;32;12413;LOCAL_VALHALLA_MATRIX;27520862c311511269e9ee71dc781e5c5311c87ed85b5274dae6da24ce2b96a9;b2a96a59e30d54de4c12f882935833672c032f21f9ff2e49aa4d2d7ba702c194;2026-09-23T00:53:28.118606+00:00;false
LOC-0064;LOC-0020;CAR;2026-08-17T07:00:00+03:00;OK;1829;31;12000;LOCAL_VALHALLA_MATRIX;f6e0160ec48cfe61c1a74d8d2d12bb139ab06dc6fe79ff053978f0dda8d89536;413761d9ef556a14b83cfe269b5bad9ea4de224f39fa419e05a1ddab8eb72a10;2026-09-23T00:53:28.118606+00:00;false
LOC-0064;LOC-0027;CAR;2026-08-17T07:00:00+03:00;OK;976;17;5776;LOCAL_VALHALLA_MATRIX;c8df625b6f4fa07fd5c05b4cc9e9c8054d18dda6378adbd695f2bc75fc73bd53;386aa09f02c8e8d027b8331fb16b75445be3df2b38eeec0978c2267370220921;2026-09-23T00:53:28.118606+00:00;false
LOC-0064;LOC-0028;CAR;2026-08-17T07:00:00+03:00;OK;1045;18;5939;LOCAL_VALHALLA_MATRIX;78af3ca34c9c96936e49cedea84753a799e60c6f64b3184130ef8c235eabbc0f;92f36719a8e7527a28b2df831164809e1aad54dea330dd2da9483018a088b625;2026-09-23T00:53:28.118606+00:00;false
LOC-0064;LOC-0029;CAR;2026-08-17T07:00:00+03:00;OK;941;16;5451;LOCAL_VALHALLA_MATRIX;7d4603c854704b458b7dccf0e3c3572efd842ccc711886c5a9371d3f8e2e4fcb;cfdcd2a18853c1fd9c8f0eaff87afa72dd4941faa2138b3325af91c2a5558bce;2026-09-23T00:53:28.118606+00:00;false
LOC-0064;LOC-0037;CAR;2026-08-17T07:00:00+03:00;OK;1572;27;10585;LOCAL_VALHALLA_MATRIX;100789d0adc63082c628e3b5c536413ca24a7de83a5834037dbdaf1ca394452d;e799160fb2b9167bf4bf4a9a2bb828cdd77e2442d530209a866e64b97689bfc7;2026-09-23T00:53:28.118606+00:00;false
LOC-0064;LOC-0045;CAR;2026-08-17T07:00:00+03:00;OK;757;13;4522;LOCAL_VALHALLA_MATRIX;abe47b481947cc80b2d41d48bc384e3f4114262dd4a7f96fd76cc53691eaa6b5;54f709438b83f8d424dcb6133aac6fd2c25cf25f598a6a5f7d32ed517d2778c8;2026-09-23T00:53:28.118606+00:00;false
LOC-0064;LOC-0053;CAR;2026-08-17T07:00:00+03:00;OK;1185;20;7458;LOCAL_VALHALLA_MATRIX;3ce03f2748225a83525813402163556659b162545cd02a6e539f27f2218cb81c;c3a8708189101f0fffaef0fd031352f8003a7b277539ba7755945e07b6c9cd0c;2026-09-23T00:53:28.118606+00:00;false
LOC-0064;LOC-0054;CAR;2026-08-17T07:00:00+03:00;OK;1560;26;10203;LOCAL_VALHALLA_MATRIX;bc7094cf066e5e2bb74cfa5e2cda61b2e14d4d697a2fddcd3d791c38f0f19929;b76f51a6c664b416474f3d46114accca8d910d6a0a12a569d6b5565cf6cd0bbe;2026-09-23T00:53:28.118606+00:00;false
LOC-0064;LOC-0064;CAR;2026-08-17T07:00:00+03:00;OK;0;0;0;LOCAL_VALHALLA_MATRIX;923f850f5bf32f6e7ebc0d6c47b97d188ae604158b54cd71ea55dd8de85ebe9e;3d5812abc84c11768aa73a732c85d75dbed439188f5bb3239e9b762ea31d9862;2026-09-23T00:53:28.118606+00:00;false
LOC-0064;LOC-0075;CAR;2026-08-17T07:00:00+03:00;OK;1171;20;7096;LOCAL_VALHALLA_MATRIX;661d44989a4f5e616f188f643b225fa59d6de7a3fb1b136eda54ab54e21e2d01;6876ba6a8d399dbb957ce3b4b53c0dcf5cd3b3d7e01515b32d5528f951ba5cb4;2026-09-23T00:53:28.118606+00:00;false
LOC-0064;LOC-0076;CAR;2026-08-17T07:00:00+03:00;OK;946;16;5682;LOCAL_VALHALLA_MATRIX;61d54d38db1d5f16d100cdee7f94f2887ec7bdabd0b79a7498b803267c96b1ea;eb1d640f22b0921c7aab578a73785faab59869ee33cee8bf8d2d831aea885649;2026-09-23T00:53:28.118606+00:00;false
LOC-0064;LOC-0080;CAR;2026-08-17T07:00:00+03:00;OK;1231;21;7689;LOCAL_VALHALLA_MATRIX;1fce058660767db4a95ff727c12dda408118d726bd5a6e7254c6cf9aeb575a88;128aeb05746470fb19be6f5c86c58564a343a0c159a7e99604fc0fabe3ef2920;2026-09-23T00:53:28.118606+00:00;false
LOC-0064;LOC-0082;CAR;2026-08-17T07:00:00+03:00;OK;544;10;2991;LOCAL_VALHALLA_MATRIX;af4309c7325fb830aa99ec71737346470e551d7ef22df78edc8952788ffa8083;d82ab14874f3828f908f3871f8d57c2070135d0b8db4d78860f2d73cd35da880;2026-09-23T00:53:28.118606+00:00;false
LOC-0064;LOC-0085;CAR;2026-08-17T07:00:00+03:00;OK;1741;30;11728;LOCAL_VALHALLA_MATRIX;60cf88f9152f2c0db110a51362ae401814110ce0e8cb761cbbc3cd88106f473e;4ff79c5200bb29af731aeefdf7febb5a5e19921fc6c1af07504e19e0d06168f7;2026-09-23T00:53:28.118606+00:00;false
LOC-0064;LOC-0086;CAR;2026-08-17T07:00:00+03:00;OK;1743;30;11729;LOCAL_VALHALLA_MATRIX;4aa5ef4ec371d3291dbfa5bef51623749a0ea283901cd61b287423564ff350ba;53e49014bcfbe7eed1eb55435c0abc2fe1588630804a10e6e6ed8086079f7977;2026-09-23T00:53:28.118606+00:00;false
LOC-0064;LOC-0091;CAR;2026-08-17T07:00:00+03:00;OK;1711;29;11566;LOCAL_VALHALLA_MATRIX;c3ff13f357d5ed69ac3d9ea75397862fd480b5700a351f2ef57f1e2d8348226e;66c9b78fe4d0f8c916d7da74e2a1c98bc826bb2aa615347dca6bfbbbbefc2bea;2026-09-23T00:53:28.118606+00:00;false
LOC-0064;LOC-0092;CAR;2026-08-17T07:00:00+03:00;OK;1841;31;12313;LOCAL_VALHALLA_MATRIX;a7951c4f179aeb4e4550325fb800952b2b9c34ed9e236cef3ed3ad88386ab15c;a077024be361d20b63efe0fc1b5181c978dcb20958084f952a8a91453894eaf9;2026-09-23T00:53:28.118606+00:00;false
LOC-0064;LOC-0094;CAR;2026-08-17T07:00:00+03:00;OK;1871;32;12409;LOCAL_VALHALLA_MATRIX;8b9928376eb109db452ee2abb05ea45872e12e03394d384685b3fde78cdb9d08;7cc100571bb0d895d3aa48c3d7dc381b5c02c9278777f56795abc18feaefe40f;2026-09-23T00:53:28.118606+00:00;false
LOC-0064;LOC-0095;CAR;2026-08-17T07:00:00+03:00;OK;1981;34;13124;LOCAL_VALHALLA_MATRIX;3bcdfdd643c2acc442123428d79303f50c01712e0b2a34de496b128593d0139b;1a22a7fffacdfea00e4525fdcad15bc814b13ba53b0bf5ad4b40e562d448b427;2026-09-23T00:53:28.118606+00:00;false
LOC-0064;LOC-0112;CAR;2026-08-17T07:00:00+03:00;OK;1387;24;8630;LOCAL_VALHALLA_MATRIX;aeec3d342ebb8edcb410e0decdc560430024918d7ede6fa74ccb18c64cf7860d;4e932ab9fb7e9ea5433b64c6a58e225d5446ce259f640911c2aff25cd8188931;2026-09-23T00:53:28.118606+00:00;false
LOC-0064;LOC-0124;CAR;2026-08-17T07:00:00+03:00;OK;1083;19;6664;LOCAL_VALHALLA_MATRIX;bb8f3b489b3a4fa6839bba2978ab20abf24bed6c6df1c0f89c8bf861297b165f;c2170fc584719bd188ec64b52db692d4f8559a023619fa0c8ed65fd69772a16f;2026-09-23T00:53:28.118606+00:00;false
LOC-0064;LOC-0126;CAR;2026-08-17T07:00:00+03:00;OK;1290;22;7627;LOCAL_VALHALLA_MATRIX;b5f01de92de1484953e0c6f5d325e4964da5a28cc8b6f4950e1120d89ae5cf8e;15809fb2b24abb157208cabd6def6f1ff05fd7d074a3ceb7848add4749bb6596;2026-09-23T00:53:28.118606+00:00;false
LOC-0064;LOC-0128;CAR;2026-08-17T07:00:00+03:00;OK;1557;26;9512;LOCAL_VALHALLA_MATRIX;00754983516923b9750b0d15f7e78d08981010b502c20036f0939e8b2a5539f8;f11fe033bad79a748008e48531d9dc77ebf38f5c0d13b81d31a8173c81464080;2026-09-23T00:53:28.118606+00:00;false
LOC-0064;LOC-0134;CAR;2026-08-17T07:00:00+03:00;OK;1642;28;10164;LOCAL_VALHALLA_MATRIX;3d9a46ac08cb82f790ed58261bf6468c1071ffcd6b107c9c92106d17a70cccf1;dddc992c3feca733191a4b011b5b6eedafd0dd934097548a7def38e07fab3ca2;2026-09-23T00:53:28.118606+00:00;false
LOC-0064;LOC-0135;CAR;2026-08-17T07:00:00+03:00;OK;1675;28;10148;LOCAL_VALHALLA_MATRIX;a8f5903aee93e1ac8957ce4765a9d8469bf777c890de1dd2719bb9b8bd2de7e8;39b21f9ee1acbc5c05a4a6b3d0d18acd95685897dd0862af86653161af798ac4;2026-09-23T00:53:28.118606+00:00;false
LOC-0064;LOC-0136;CAR;2026-08-17T07:00:00+03:00;OK;1692;29;11553;LOCAL_VALHALLA_MATRIX;f97d358041fb91ab548ab9803609eb548d3e3018a2d064a0a0a8c8f10785b5f0;eb515af38a206aa7d85543cd2995f2f5cdca3d95ca00defed95a778b1c4f1f77;2026-09-23T00:53:28.118606+00:00;false
LOC-0064;LOC-0141;CAR;2026-08-17T07:00:00+03:00;OK;1091;19;6449;LOCAL_VALHALLA_MATRIX;495aaf2a7e46aac37f943a852629e17af0c96a9696ad2ce4638feecabf8ccd41;b7811150d51b06efe09a0c36ab80931cce6412d961eeec5184a9ce2301d27f5d;2026-09-23T00:53:28.118606+00:00;false
LOC-0064;LOC-0142;CAR;2026-08-17T07:00:00+03:00;OK;1242;21;7249;LOCAL_VALHALLA_MATRIX;eca2a09266ecd552cb65a57fe3365b1dfd6f435f35edd46e0e8ea5459ce10963;7c7f21c4cde70c59956014c320b19bed004c18a6102da8398dcc1afb9fda0952;2026-09-23T00:53:28.118606+00:00;false
LOC-0064;LOC-0145;CAR;2026-08-17T07:00:00+03:00;OK;1620;27;10570;LOCAL_VALHALLA_MATRIX;5ec5e715822d159c08ce08799c8dbbd3cddd23882bd2fdb7b9942a6e5899cf0f;dfa648f449259224a68790da309c4f3ce056dcab67a8cf7b2accd08cf4ad3150;2026-09-23T00:53:28.118606+00:00;false
LOC-0064;LOC-0148;CAR;2026-08-17T07:00:00+03:00;OK;1101;19;6828;LOCAL_VALHALLA_MATRIX;c2c67dc7b3678841ce2482c803606793b4e90232d8ddab1aeec651846afeec62;cbed7f9b61b589f4c96c5c9552d4950b4a4849f24856681d64d46ad484d11bac;2026-09-23T00:53:28.118606+00:00;false
LOC-0064;LOC-0149;CAR;2026-08-17T07:00:00+03:00;OK;1060;18;6569;LOCAL_VALHALLA_MATRIX;173e39909e67b9e5d0800baf92ff282c5161d02df8edab21d84dea12b5444a23;ba1ffe4e621894403f524a53d1484b411aba4d7e4bfab7bb7fd2a5781ef1834c;2026-09-23T00:53:28.118606+00:00;false
LOC-0064;LOC-0150;CAR;2026-08-17T07:00:00+03:00;OK;1032;18;6388;LOCAL_VALHALLA_MATRIX;2f853893dc2218dd9ae65b009f8a072c76a4c40bd63f83835109775069ef27a7;c54b9cfb2838502f37121902d5580de0b375d3477ae05bb00643e99506900158;2026-09-23T00:53:28.118606+00:00;false
LOC-0064;LOC-0151;CAR;2026-08-17T07:00:00+03:00;OK;1191;20;7233;LOCAL_VALHALLA_MATRIX;3f6bb8bbdabbcfac67801b28263d72e0e850071f0b2fdc2b5a5c300d02911559;f23e6dd7e394db9d223debaf6b8c1ed7cb4d191a4d040f8468bbe7a9c406034f;2026-09-23T00:53:28.118606+00:00;false
LOC-0064;LOC-0190;CAR;2026-08-17T07:00:00+03:00;OK;1298;22;8632;LOCAL_VALHALLA_MATRIX;66cbb0281e84bf116f27f0229c19f4f078638bfff8eb09e2d69a68cd875a6737;c2b40c9652a78a9c9adaa85dc727b3cf1132dda9bfd2f3fdb50146914065d8fe;2026-09-23T00:53:28.118606+00:00;false
LOC-0064;LOC-0196;CAR;2026-08-17T07:00:00+03:00;OK;1345;23;8739;LOCAL_VALHALLA_MATRIX;0574d2b90390fabb0d60066c25a05f95e12c9ae135e3aae3de81a1360b4ad732;70742a1647105a128306e11f07678dd746491af28407abd0029c29b6237959d2;2026-09-23T00:53:28.118606+00:00;false
LOC-0075;LOC-0002;CAR;2026-08-17T07:00:00+03:00;OK;1471;25;8963;LOCAL_VALHALLA_MATRIX;3df61d3f5eb3bc8139fbc76000818594803e74b55d03004632ebcfe6f507537b;92cc9828d3de18ee06030b388c5370616e27360b0ad277615d2c792cb86d924a;2026-09-23T00:53:28.118606+00:00;false
LOC-0075;LOC-0008;CAR;2026-08-17T07:00:00+03:00;OK;1162;20;6875;LOCAL_VALHALLA_MATRIX;93784bcbf492c8a782c635c95a60129350a6997d218c70cc7dc2c39f7b0dfb6f;d96b6a1a97bc0a20860895f36b1ac6c207621f82092557eb0bce274f10e20b3b;2026-09-23T00:53:28.118606+00:00;false
LOC-0075;LOC-0009;CAR;2026-08-17T07:00:00+03:00;OK;1600;27;9342;LOCAL_VALHALLA_MATRIX;61acaaa317b7cdd6d5a9c45cb7450f9b611f1cb6538519709a57cb04f1e15789;c525b3d09779f1cc3d1af0b2f1d8450cc845824735e95fc12ae4b98f724d9f8a;2026-09-23T00:53:28.118606+00:00;false
LOC-0075;LOC-0010;CAR;2026-08-17T07:00:00+03:00;OK;1146;20;6785;LOCAL_VALHALLA_MATRIX;8cc02ab554b39f2e2a63a701f988d6c9b071b1f6544652dfb1362adb7dd6d1fb;00e8b94e922a869f1c96934105b20b075fc5513d3ad660fd857d220cb4bf00c3;2026-09-23T00:53:28.118606+00:00;false
LOC-0075;LOC-0011;CAR;2026-08-17T07:00:00+03:00;OK;1077;18;6402;LOCAL_VALHALLA_MATRIX;cf4a24b48c8c987089a6bd1903dda86a05efe32b329dbd7f76f4c1a091951ca3;fad13cac5c94b64d184c1915446ec3ad894b58b0542880aa0f90ef2f6aa1aaca;2026-09-23T00:53:28.118606+00:00;false
LOC-0075;LOC-0013;CAR;2026-08-17T07:00:00+03:00;OK;1609;27;9497;LOCAL_VALHALLA_MATRIX;3169f9b359390c0d2d122b578b57e117a000514385dfc87b66348136e8828907;c97beb2231992757826c9725359fc7e0845949002a07cfdbc3702ff449ec699e;2026-09-23T00:53:28.118606+00:00;false
LOC-0075;LOC-0016;CAR;2026-08-17T07:00:00+03:00;OK;1318;22;7473;LOCAL_VALHALLA_MATRIX;7d45157e4899f1f4286712852be74a48161ce38afb1c5f2d92b2c96afa21927c;62649fc8f84a698dfdbfc3732a7d04b9936eb2f9a097115a4398f71ee5316b9a;2026-09-23T00:53:28.118606+00:00;false
LOC-0075;LOC-0018;CAR;2026-08-17T07:00:00+03:00;OK;406;7;1675;LOCAL_VALHALLA_MATRIX;177da066cb80a9a2e048939317bbf0c80e0e924d1ab1a5f182f016681f1a1782;a3fd2f5b879a4e9e8024575183282eb6ee8e3572693a31aa6091888ca60f6ff9;2026-09-23T00:53:28.118606+00:00;false
LOC-0075;LOC-0019;CAR;2026-08-17T07:00:00+03:00;OK;1384;24;8682;LOCAL_VALHALLA_MATRIX;f3d5e31f0b41baed3f4cf6d9669000339160e0903eb9b2fa91d6a2886a3c725c;94cf3f7ab40fe82e2d16af32dd6abc76a8786deda3fd6a4e5f11b3eb16e41d58;2026-09-23T00:53:28.118606+00:00;false
LOC-0075;LOC-0020;CAR;2026-08-17T07:00:00+03:00;OK;1081;19;6883;LOCAL_VALHALLA_MATRIX;415d25fe8bee29e7967f80d62f0dbb548b0ca31c50860793b4453f5be60d28f8;d990d440a12fb5a0968424b5d1f92621eabbf2f95c994a4bef76529ec63b5cf0;2026-09-23T00:53:28.118606+00:00;false
LOC-0075;LOC-0027;CAR;2026-08-17T07:00:00+03:00;OK;426;8;2064;LOCAL_VALHALLA_MATRIX;ee0415fdac790293fb224e22a52e20c0433a2f0aa18084d42bf7dd7e15b3d744;52ed165151129f0bb09198c70e526557c97ea1322d425ac74aaf7393ebd7e59d;2026-09-23T00:53:28.118606+00:00;false
LOC-0075;LOC-0028;CAR;2026-08-17T07:00:00+03:00;OK;1423;24;8079;LOCAL_VALHALLA_MATRIX;3f6e873fa119dc31abebcedce79d6b99e91e98d4058f7c8724c661a2b8ba3ccc;43dae4a87e3c8c125c768f075ce1231400aefa1057137b604d082b26563bd137;2026-09-23T00:53:28.118606+00:00;false
LOC-0075;LOC-0029;CAR;2026-08-17T07:00:00+03:00;OK;1284;22;7636;LOCAL_VALHALLA_MATRIX;a4a59b8d80b5ff7f3f48ef4ad174df1d534495fcaa194aa34e4a3c22e5b962b5;f4c151ecabe570ebdf066da42a96f5054d18a28f42e46e4d1be73e7a05402f2a;2026-09-23T00:53:28.118606+00:00;false
LOC-0075;LOC-0037;CAR;2026-08-17T07:00:00+03:00;OK;1305;22;7873;LOCAL_VALHALLA_MATRIX;68425bbf1e3166c2265aaea8b43267429ca906de0af5d86f51fd85beb5b5dc9b;b6da7fb4834135924985b8ac97ac5b9466de4b348bba84306f78448402ef1e34;2026-09-23T00:53:28.118606+00:00;false
LOC-0075;LOC-0045;CAR;2026-08-17T07:00:00+03:00;OK;787;14;4513;LOCAL_VALHALLA_MATRIX;191b9a4a96c6b3c433981348e7cefdacdb67db781bec9b704bef533952c2a3a4;0f9e5830d21a35e487fc767e8b7976ec4b7c5ed52a2d2ce126e45e7fddaba44b;2026-09-23T00:53:28.118606+00:00;false
LOC-0075;LOC-0053;CAR;2026-08-17T07:00:00+03:00;OK;1086;19;6453;LOCAL_VALHALLA_MATRIX;eb5bc03c9ebc454eca9e189b43d2a9aedf54cc0089680663a4bf92e78fc050ee;7860bdafe657e2dbe0a034f7f01797e82cb9109f10e9f90d6877239a526f9333;2026-09-23T00:53:28.118606+00:00;false
LOC-0075;LOC-0054;CAR;2026-08-17T07:00:00+03:00;OK;1184;20;6917;LOCAL_VALHALLA_MATRIX;e4378bcff06006f5e92ec682cc129564b9af58393a70f90575afb4b29fa39792;74fe46c743bd39b1300cfbb806b73c665b673fb55e9a4f24ed0ea39088c87327;2026-09-23T00:53:28.118606+00:00;false
LOC-0075;LOC-0064;CAR;2026-08-17T07:00:00+03:00;OK;1038;18;6104;LOCAL_VALHALLA_MATRIX;8e8d2872c4f91b1551f70b4c314b4048437973fe3d6888e97543ec56e4740851;c5b1e74b348a635cf488c2c5d00e54d3cf3368046fe6ac1005936a1d321b8d63;2026-09-23T00:53:28.118606+00:00;false
LOC-0075;LOC-0075;CAR;2026-08-17T07:00:00+03:00;OK;0;0;0;LOCAL_VALHALLA_MATRIX;249e20699e9ece38bd64daf091e067d476d4f29bfdae024472229759ddfdeef5;3d5812abc84c11768aa73a732c85d75dbed439188f5bb3239e9b762ea31d9862;2026-09-23T00:53:28.118606+00:00;false
LOC-0075;LOC-0076;CAR;2026-08-17T07:00:00+03:00;OK;1259;21;7464;LOCAL_VALHALLA_MATRIX;554dbe34004ce2630c2787487143df4019fe9cf326ba9448e5abba70158edc97;68d9aec9eb66cee2b91412c814c327a6ca3b794df009863eec1483661c83fce9;2026-09-23T00:53:28.118606+00:00;false
LOC-0075;LOC-0080;CAR;2026-08-17T07:00:00+03:00;OK;217;4;752;LOCAL_VALHALLA_MATRIX;93b8457ed4f14d55c5b214f213304b932089c34e0c5e855fc67dd81fb9203dd0;767cb4e876f737908602d3544b06e3e7f47f9dd06892bb42fbbc6dadf3cb18ef;2026-09-23T00:53:28.118606+00:00;false
LOC-0075;LOC-0082;CAR;2026-08-17T07:00:00+03:00;OK;1031;18;6134;LOCAL_VALHALLA_MATRIX;091e9bbe10a6fdc152c57edf1e26de288a6db76bf640c7a3a12db90bfa31c60f;03838a9050b1313705f84c79a8b77e85cd3636dc4527a3eb20a31a9e4160b32a;2026-09-23T00:53:28.118606+00:00;false
LOC-0075;LOC-0085;CAR;2026-08-17T07:00:00+03:00;OK;1621;28;10408;LOCAL_VALHALLA_MATRIX;b05f7f636f7ffd826354925fda55783cd0e5346c1bb4b07c9d4621c66be520fe;0f441e0fd4500c48c0427132202c8a19ccb075964277d68c99b0b05b2c2391b9;2026-09-23T00:53:28.118606+00:00;false
LOC-0075;LOC-0086;CAR;2026-08-17T07:00:00+03:00;OK;1623;28;10409;LOCAL_VALHALLA_MATRIX;72e52dabd5deeb6d1562127493542baea765455a34a611c59b6c6dffce5809d2;47cf2582ba7a898d9de6f5e171814873d0a34a52d050e6d8227dd8ad90b01270;2026-09-23T00:53:28.118606+00:00;false
LOC-0075;LOC-0091;CAR;2026-08-17T07:00:00+03:00;OK;993;17;6184;LOCAL_VALHALLA_MATRIX;96e14d202cd42a000b37aae36895bc047585e785b51be8035c6f09de574763bf;255d9c9ed07843985dc4cd8af02275b67d782bfbc6201599efc485f258726863;2026-09-23T00:53:28.118606+00:00;false
LOC-0075;LOC-0092;CAR;2026-08-17T07:00:00+03:00;OK;918;16;5340;LOCAL_VALHALLA_MATRIX;c8dd14c1c586ce36b64e1f80c7ef024ecda4111c59b108496e718b90792d6890;fac4dc5b935d1f9eacaf8427a370ad53c5ab3faa6eee86f72375d31b6f3ab83f;2026-09-23T00:53:28.118606+00:00;false
LOC-0075;LOC-0094;CAR;2026-08-17T07:00:00+03:00;OK;1742;30;11114;LOCAL_VALHALLA_MATRIX;81cd148c6317aac5ac9a17de4ec5c9a3b2054b5661d76b5c66865e97ff3b4614;95b456420a972b993386a53b9e4df47662fd38a7673382b295b812ab71079b7f;2026-09-23T00:53:28.118606+00:00;false
LOC-0075;LOC-0095;CAR;2026-08-17T07:00:00+03:00;OK;1853;31;11829;LOCAL_VALHALLA_MATRIX;23e5df5129d975637b2e6762875a6a6223741401d40654c6f91e64d5e0445447;18d7d2cea3e6f29d42f6cfc2604d535ace5dc49852f24560260cb45128efe256;2026-09-23T00:53:28.118606+00:00;false
LOC-0075;LOC-0112;CAR;2026-08-17T07:00:00+03:00;OK;637;11;3514;LOCAL_VALHALLA_MATRIX;dd36ee6531f4bbc33ac31e13e74277b2009dd14ab8b4a99980895119a4a90192;ec8d575fb3d089f68b87e0b018c2bf5c2e3f4d4f36cdf64f6c38855ea39d0a1f;2026-09-23T00:53:28.118606+00:00;false
LOC-0075;LOC-0124;CAR;2026-08-17T07:00:00+03:00;OK;1477;25;8677;LOCAL_VALHALLA_MATRIX;789596e276392f6df20cc9066935c1e7962a0c1241bd8bc572f3a50d3145484d;395001d697e174c445a4bc61f07b869088234b3996accaa5c03ded307fc05a07;2026-09-23T00:53:28.118606+00:00;false
LOC-0075;LOC-0126;CAR;2026-08-17T07:00:00+03:00;OK;510;9;2707;LOCAL_VALHALLA_MATRIX;6c9a47b3cd6d0d9bf6ac201395fc6eb0228e55c900a2733cd2ebc58e1abb8c77;9d7abec247527d3ce49f5be9d04aedf0271d8bf197e2c47fafb11cc263e9a226;2026-09-23T00:53:28.118606+00:00;false
LOC-0075;LOC-0128;CAR;2026-08-17T07:00:00+03:00;OK;1380;23;8212;LOCAL_VALHALLA_MATRIX;47d13935659a05a72558b88df6a34b79191569e4e6c516c394036a99d1d081f8;76d57e12addbae893218cb441f1cd18a725d3ed6b9607a180977a7d39a6b138c;2026-09-23T00:53:28.118606+00:00;false
LOC-0075;LOC-0134;CAR;2026-08-17T07:00:00+03:00;OK;1538;26;9119;LOCAL_VALHALLA_MATRIX;faa663b6c00eb63e094fef232f39b73f217db72c0a2b452cfa7b92caa25fee46;d0e950c7398fa65b051138325db0ec2242a6f041b5bce011a8cfe607c66aa11d;2026-09-23T00:53:28.118606+00:00;false
LOC-0075;LOC-0135;CAR;2026-08-17T07:00:00+03:00;OK;1571;27;9103;LOCAL_VALHALLA_MATRIX;1fe6de47cc80c665f58f2bfc4dd00e81bb69387e19b59fb9a77a759472f436ce;c18cb2df905f0755f4c67dbe4903d0a6b500ddfbc9903519731469fe2bec1278;2026-09-23T00:53:28.118606+00:00;false
LOC-0075;LOC-0136;CAR;2026-08-17T07:00:00+03:00;OK;1572;27;10233;LOCAL_VALHALLA_MATRIX;a0b5080f52506d0b85a3710661b91a4bc612f86d6cd244bdff0fcab31b018689;7110ff35bf1de1245b318e2ff32c31e3c35d16eeee0e830464776afac67f98b4;2026-09-23T00:53:28.118606+00:00;false
LOC-0075;LOC-0141;CAR;2026-08-17T07:00:00+03:00;OK;1233;21;6922;LOCAL_VALHALLA_MATRIX;5fcbb8682483fe7c57ff19b1c245bfd84ec22916beb26861f2e2016f299a5d02;ca3f9f211c80cd8478af8a967d325a10471eaf14f5094075c45d309d5e33a587;2026-09-23T00:53:28.118606+00:00;false
LOC-0075;LOC-0142;CAR;2026-08-17T07:00:00+03:00;OK;1337;23;7168;LOCAL_VALHALLA_MATRIX;4d08b357ae0d6a35c8027967b9556b9e60a2ee34fc1e3df4d1490d054babc040;cf0459263ce20745f5ba0f9ed4e513860e054ff59606bf39e64a15a16277360b;2026-09-23T00:53:28.118606+00:00;false
LOC-0075;LOC-0145;CAR;2026-08-17T07:00:00+03:00;OK;873;15;5454;LOCAL_VALHALLA_MATRIX;659f59b44ec1d0ae4a1061b18c24fe1dff2082750d9802daf59bb09b02969471;b8d1f6678c99dee21b21c57fa714a60dfd2b462659c7599b7c8131aa5f8ac2ac;2026-09-23T00:53:28.118606+00:00;false
LOC-0075;LOC-0148;CAR;2026-08-17T07:00:00+03:00;OK;79;2;213;LOCAL_VALHALLA_MATRIX;607804b92e2cc35a03b0cee0dad853c63c913d440e63c0d10291fb4521a447c3;b648a4251d4a9d17363668f3ee19f94bf0e8e15e97e3c76b09c1c9cb9ec6ff78;2026-09-23T00:53:28.118606+00:00;false
LOC-0075;LOC-0149;CAR;2026-08-17T07:00:00+03:00;OK;203;4;668;LOCAL_VALHALLA_MATRIX;755f39c7fa438501400bd3596e71e1971ba1f4ca7bb96f3e5953eb4abb56f724;4a61d96db1088ce40a3c8b9c14883ebff3c600901d6a4c0dbafb6406b968a0e6;2026-09-23T00:53:28.118606+00:00;false
LOC-0075;LOC-0150;CAR;2026-08-17T07:00:00+03:00;OK;233;4;859;LOCAL_VALHALLA_MATRIX;185e544c10e6860f653dc72ebf33e0f8edc9100a7a38878e3ebdc3fe0bfff85b;c40f89106bf830d74d7cb6daa384c97b095233d6bb228a5dda99371ac847fb7b;2026-09-23T00:53:28.118606+00:00;false
LOC-0075;LOC-0151;CAR;2026-08-17T07:00:00+03:00;OK;227;4;764;LOCAL_VALHALLA_MATRIX;d28d314751a67d4ccfec3e637ff8768efda63c24a6c7af7a90468714926c97ac;597e2b5f9487cd094d6144e661dec76aad0bac6e4938453d0c58d4f3f88458a4;2026-09-23T00:53:28.118606+00:00;false
LOC-0075;LOC-0190;CAR;2026-08-17T07:00:00+03:00;OK;861;15;4914;LOCAL_VALHALLA_MATRIX;b064177c7af8b96d7684a5a6a2821a695e17287a373231e7f31a152c133239b5;27866daa6aadfa0c8c8e2412c54b2590bce061e015d1a033d7e54e436bdca73e;2026-09-23T00:53:28.118606+00:00;false
LOC-0075;LOC-0196;CAR;2026-08-17T07:00:00+03:00;OK;750;13;4030;LOCAL_VALHALLA_MATRIX;1203725776d1bbcd8b1cb25aa99447470e8cd412604ab20a91faf82c5b03c771;d9fba573929b4a69c45b68eae99e4229668e0a8bac19a87a99d0e24196b632b5;2026-09-23T00:53:28.118606+00:00;false
LOC-0076;LOC-0002;CAR;2026-08-17T07:00:00+03:00;OK;995;17;6339;LOCAL_VALHALLA_MATRIX;fe77757ea0b770ee570b837586342c60e9f00c1c197b4c6bc4317ca89471eba7;141345ddc6dd080cfb7254b083f0b57cc12cd2c24d8de1ee2868f09253ab4acb;2026-09-23T00:53:28.118606+00:00;false
LOC-0076;LOC-0008;CAR;2026-08-17T07:00:00+03:00;OK;1836;31;12274;LOCAL_VALHALLA_MATRIX;18b2fb3862e657ed91a070dfbde0fb7731785bc2f86542a1134779690eb1539f;311cc2494e03914b3a69494d364a893ee5a4f990ca2b1104bf213319966cb048;2026-09-23T00:53:28.118606+00:00;false
LOC-0076;LOC-0009;CAR;2026-08-17T07:00:00+03:00;OK;1774;30;11704;LOCAL_VALHALLA_MATRIX;db5d66f2ed3790fc996a7e3a9407851716048b3dee286e19152d5266c230f940;24e9d8019cee8e62c59d423a4eec1e4452d0a881f6482225d0282a6482db5b20;2026-09-23T00:53:28.118606+00:00;false
LOC-0076;LOC-0010;CAR;2026-08-17T07:00:00+03:00;OK;1772;30;11921;LOCAL_VALHALLA_MATRIX;a664a229bf0936740e378bf760c5cef7b2bed1fc8e92182470e2695cfe9b407c;66a84da4fa4a3bfc3188dd12d71c8eaa6b62d7e7070d9e5d0589edd74c08864e;2026-09-23T00:53:28.118606+00:00;false
LOC-0076;LOC-0011;CAR;2026-08-17T07:00:00+03:00;OK;1604;27;10803;LOCAL_VALHALLA_MATRIX;b712ff92d0fd4d974d80eb7a5c48334724a773385658707d2f1481d001ccbc6e;5c44ffc3a786a5cd2cf2220fb447f03f403c76dcea46b668c25df2c1859ee881;2026-09-23T00:53:28.118606+00:00;false
LOC-0076;LOC-0013;CAR;2026-08-17T07:00:00+03:00;OK;1160;20;6660;LOCAL_VALHALLA_MATRIX;9f29b37f0a0eb16ab3beb4791712d76ee6d85363853f96f5db56c6faf90065ea;ff514482a28ed44a8f460fe7c64b2bb6616b91c0b57b5cd44aa82ae6d387d81e;2026-09-23T00:53:28.118606+00:00;false
LOC-0076;LOC-0016;CAR;2026-08-17T07:00:00+03:00;OK;367;7;1155;LOCAL_VALHALLA_MATRIX;9deac6b8064592c50c343f3f5ef48a707e30eb2384483035a419d6d61787edaa;db18d08accd15a7684ea6d344df6374479f9adc91c8a185b2b98bb3c25dfb17f;2026-09-23T00:53:28.118606+00:00;false
LOC-0076;LOC-0018;CAR;2026-08-17T07:00:00+03:00;OK;1315;22;8407;LOCAL_VALHALLA_MATRIX;87de3f7aec9434f64bf6f086dc7493720a80069bf27c14a6584941a204c4804f;c0828c244f96f4cfdbb697a6dbf30e209d56393addcf47cbd0e7f7a035c24712;2026-09-23T00:53:28.118606+00:00;false
LOC-0076;LOC-0019;CAR;2026-08-17T07:00:00+03:00;OK;1859;31;12200;LOCAL_VALHALLA_MATRIX;dd79755afc6dcc1b7390eb9a2ad85c3769796245d85babc678b80d765389d89e;4d7f86db50055e3003297ab86f802f26ed0304e7a6aeccce22cc7fd156736d0e;2026-09-23T00:53:28.118606+00:00;false
LOC-0076;LOC-0020;CAR;2026-08-17T07:00:00+03:00;OK;1921;33;12730;LOCAL_VALHALLA_MATRIX;ff6c11b61920977db0b9f163f67946fdd12ab4d4201c08aae32f89571c6a6629;79c8059e401ee1df8a984326ae7643418117a9e821cf5c12050ea587cae52c6d;2026-09-23T00:53:28.118606+00:00;false
LOC-0076;LOC-0027;CAR;2026-08-17T07:00:00+03:00;OK;1068;18;6506;LOCAL_VALHALLA_MATRIX;7932cc4084927066c12b3b882de8845236b181bc3d1a722ae97cd74baca62060;94cf467dc039c82ae084e6adba6e1a87ccdf71497d33805d167f4918dd223ee4;2026-09-23T00:53:28.118606+00:00;false
LOC-0076;LOC-0028;CAR;2026-08-17T07:00:00+03:00;OK;1114;19;6456;LOCAL_VALHALLA_MATRIX;7f64673943372144745e1a3b22acbd9af729f50b1c1b84263efe469ecf4d1542;a67612d61e682724b0ef2cc7c9ff27d98f8fec9f0db2cedbe26924aed30dc2b0;2026-09-23T00:53:28.118606+00:00;false
LOC-0076;LOC-0029;CAR;2026-08-17T07:00:00+03:00;OK;1010;17;5968;LOCAL_VALHALLA_MATRIX;9781335d0345ecb53b967b37285f2447b3c3879895fbfc965e64b4e3b0dac7ea;dce07781e7ece8ae2de3ed695e58ff4f14d51de69da8ab248edf3417042d335f;2026-09-23T00:53:28.118606+00:00;false
LOC-0076;LOC-0037;CAR;2026-08-17T07:00:00+03:00;OK;945;16;6094;LOCAL_VALHALLA_MATRIX;a37a2c1c96f01cc01748d3659960abf4e5cd28179d945ea35f0485ba7360bfbf;5452302346c60dca01c7d06ae68ac5d811d81f295fc1e04a90dfaf5b4d733ae2;2026-09-23T00:53:28.118606+00:00;false
LOC-0076;LOC-0045;CAR;2026-08-17T07:00:00+03:00;OK;848;15;5219;LOCAL_VALHALLA_MATRIX;900b7d1f6d4e0e83b5ce224a87f1480a9b0eefd184f754f2951f84c069b3bfea;986eedf389f3b91dda4be5173801ca76208e204e34b0fed94c79dc81823af2bb;2026-09-23T00:53:28.118606+00:00;false
LOC-0076;LOC-0053;CAR;2026-08-17T07:00:00+03:00;OK;362;7;1768;LOCAL_VALHALLA_MATRIX;bfd07261eed426e9dbae2a12c39a43cec01615e71cc5862a91ee721cf85a604d;988cd6a4c400145b587e78402f968a70bab296704b2fceca7fd6e29e6bdb9a7b;2026-09-23T00:53:28.118606+00:00;false
LOC-0076;LOC-0054;CAR;2026-08-17T07:00:00+03:00;OK;1076;18;7099;LOCAL_VALHALLA_MATRIX;3023db28fd39a85291421125919084f214a1254363944846775827218cb8d9fe;169f56cfc5179f12357c526018363f7e756a3b96fabab3abe64b831d286bedc6;2026-09-23T00:53:28.118606+00:00;false
LOC-0076;LOC-0064;CAR;2026-08-17T07:00:00+03:00;OK;922;16;5797;LOCAL_VALHALLA_MATRIX;97435244f722d0a5ccc56b32a50af00176fef8c88f6136c2238d37bbfae7b61c;7606909e6cf30cdbbb9b9ab84bbf2ccd8577650c9ca2faa1ff9264fa227e66fb;2026-09-23T00:53:28.118606+00:00;false
LOC-0076;LOC-0075;CAR;2026-08-17T07:00:00+03:00;OK;1263;22;7826;LOCAL_VALHALLA_MATRIX;6add36661de1b9837efddddd14543d27b557432bc132ecf23370e217a51a997a;f2e7cd23339824f2fb0389881891bb1cfbeab603e625ae8f46a76350950bb17f;2026-09-23T00:53:28.118606+00:00;false
LOC-0076;LOC-0076;CAR;2026-08-17T07:00:00+03:00;OK;0;0;0;LOCAL_VALHALLA_MATRIX;a7e0a70eee06bb9debf8e114126b4dd1ae4139d0bfcd3cf4e1c4b52494bb90f0;3d5812abc84c11768aa73a732c85d75dbed439188f5bb3239e9b762ea31d9862;2026-09-23T00:53:28.118606+00:00;false
LOC-0076;LOC-0080;CAR;2026-08-17T07:00:00+03:00;OK;1323;23;8419;LOCAL_VALHALLA_MATRIX;cebe8248d54912f12f13a7c2d5a71cc9a369084bc732f4baa78d3043a7cea37f;b8eaa63ac6d0f4abbb895fc1ecbbed4fde201959be49e4fae04d0ef0c97ed3a3;2026-09-23T00:53:28.118606+00:00;false
LOC-0076;LOC-0082;CAR;2026-08-17T07:00:00+03:00;OK;916;16;5827;LOCAL_VALHALLA_MATRIX;7ca54e8e4086de00ac146ad4ba0968b40e349f15bd56517e53cc1fd6a1a2d6b5;2cf3af556670f3db2e4778536ffc8cc3a016db657b06f61e5748ed3c1e58f873;2026-09-23T00:53:28.118606+00:00;false
LOC-0076;LOC-0085;CAR;2026-08-17T07:00:00+03:00;OK;1115;19;7239;LOCAL_VALHALLA_MATRIX;1192b9bcba3a3a844677e2b86fbdcb03a920c514c2dfbc637a257a5f312d392e;e093232a43f61cd931caafbf562f16dfc07733c8347995680f7e0d68e467f00f;2026-09-23T00:53:28.118606+00:00;false
LOC-0076;LOC-0086;CAR;2026-08-17T07:00:00+03:00;OK;1117;19;7240;LOCAL_VALHALLA_MATRIX;ac46f83908bf4f2208414536f46e441b3d05d54abf5d5d579517a8e81d00fa31;1da6540d37753a3b253af18baace4f8940fde7a90377cc35aca47211d8fcacef;2026-09-23T00:53:28.118606+00:00;false
LOC-0076;LOC-0091;CAR;2026-08-17T07:00:00+03:00;OK;1801;31;12249;LOCAL_VALHALLA_MATRIX;5b338e46d8c3d59b4721d256b076d774bb6122259e09aa6712ffd18460198a81;b1d4165247794c0858fe9ca57137a8e8187582229242b9f62218e7a51dfbf4d7;2026-09-23T00:53:28.118606+00:00;false
LOC-0076;LOC-0092;CAR;2026-08-17T07:00:00+03:00;OK;1824;31;12355;LOCAL_VALHALLA_MATRIX;2715d8fe21abb64c431be9dfa50b1b958df4c7959b4aa8a356802e45dbb65979;786e986916a67655e17164fd823c7ffce7a6ea4a098d7e98b1b96f9aaea3473b;2026-09-23T00:53:28.118606+00:00;false
LOC-0076;LOC-0094;CAR;2026-08-17T07:00:00+03:00;OK;1245;21;7920;LOCAL_VALHALLA_MATRIX;5b32f281466db45fc6b9d2999b25af9e543948c81b559bd192b886cf5252a367;94c849450f0f7fd3fa468aea77b654d3ea7b4c52a65a7084a54780e518c25559;2026-09-23T00:53:28.118606+00:00;false
LOC-0076;LOC-0095;CAR;2026-08-17T07:00:00+03:00;OK;1356;23;8635;LOCAL_VALHALLA_MATRIX;d3d54aa0aa2833607a66549dca428da3c77a2d04ec25a687577b6cd64ae8c319;eb5d596a018b54eee61fc41dc5cb4eb0cfd89b27f09b608c2b43c0ea5554df9d;2026-09-23T00:53:28.118606+00:00;false
LOC-0076;LOC-0112;CAR;2026-08-17T07:00:00+03:00;OK;1479;25;9361;LOCAL_VALHALLA_MATRIX;321cd8e0383d2e46d47628c31e0abce078f7094179036df3a069913929ba5687;d3b21d97b3ebd8eec22f79388f0d75af62dafb3732ea34d9ef0bce1fc42519cb;2026-09-23T00:53:28.118606+00:00;false
LOC-0076;LOC-0124;CAR;2026-08-17T07:00:00+03:00;OK;1798;30;11846;LOCAL_VALHALLA_MATRIX;a86e5fe576cbdd3aaf48f33565eebfe96432ca6ba0caf78ad4ca97466f27e40e;0c8f2172c592e092023705ba1c7753e16294a64c534733a3f800281f36cbfe31;2026-09-23T00:53:28.118606+00:00;false
LOC-0076;LOC-0126;CAR;2026-08-17T07:00:00+03:00;OK;1380;23;8310;LOCAL_VALHALLA_MATRIX;eff07784393d592fb27ab20eee7435add1540484f9464469198acc5febb265d9;7001ec6c98803890573e2b9770d52f38917d1702ffa71f450d54a328a0241327;2026-09-23T00:53:28.118606+00:00;false
LOC-0076;LOC-0128;CAR;2026-08-17T07:00:00+03:00;OK;998;17;6282;LOCAL_VALHALLA_MATRIX;76231b006eb3e8a8b7b50528342361a67b4048c40a13ac86d91529620e3556e9;21f39031cc62a21e6756b490b6a35dc804a77750bf7ecf819cf27ac5da395b61;2026-09-23T00:53:28.118606+00:00;false
LOC-0076;LOC-0134;CAR;2026-08-17T07:00:00+03:00;OK;1018;17;6481;LOCAL_VALHALLA_MATRIX;dc39873dc866a365dc6c898f3569403c2d06f8bfa1a510eaff02c7d6300aeb15;3532dd41a4184fe680cb14c7ad1aec8ad9b00650ea43f21d87ed4e868c31138d;2026-09-23T00:53:28.118606+00:00;false
LOC-0076;LOC-0135;CAR;2026-08-17T07:00:00+03:00;OK;1123;19;6268;LOCAL_VALHALLA_MATRIX;ce8b8bb53a50e2d38e4ae972b33050c10db27183195470eeb9f4110ee2add94a;36fc1dbc1efdc64f8cc45c6191f5a5546b08b1c6cc928ad4523a30747fda3a99;2026-09-23T00:53:28.118606+00:00;false
LOC-0076;LOC-0136;CAR;2026-08-17T07:00:00+03:00;OK;1066;18;7064;LOCAL_VALHALLA_MATRIX;546293b6b87eaef4ff04407805536c2b963d33ffcbb10d12290f2944f3ce56a6;9a8c71806b5e42990785fc561aad5eaab86e69d5dc1b0a247f8062833fd536f3;2026-09-23T00:53:28.118606+00:00;false
LOC-0076;LOC-0141;CAR;2026-08-17T07:00:00+03:00;OK;1555;26;10091;LOCAL_VALHALLA_MATRIX;97c3c0813989e7738cfc98d31353f501e91b5f6a54875876f54c5fe5236ae39a;78ea5fe0b6dd3e070558aca7810dc3ddae19ed2a239cf853d846fbf97e329976;2026-09-23T00:53:28.118606+00:00;false
LOC-0076;LOC-0142;CAR;2026-08-17T07:00:00+03:00;OK;1658;28;10337;LOCAL_VALHALLA_MATRIX;212e8979e10db8d098ec057621175a39a01d245e9b0bccf594f9fb9462a6ddaa;1185e18e2bf2385598af8f55a47375fa98d5ce56138eb44cfb17c1ab66fe5ba4;2026-09-23T00:53:28.118606+00:00;false
LOC-0076;LOC-0145;CAR;2026-08-17T07:00:00+03:00;OK;1712;29;11301;LOCAL_VALHALLA_MATRIX;54a7f6aabacff8fcbef989015aa2529b02e321cbe398c5b0e9aad6b46b1cc8ef;8d78a15405cdb3a1e63ffe1d5a3e5f15188f43234fdeefe9bf0e71c797a7c00c;2026-09-23T00:53:28.118606+00:00;false
LOC-0076;LOC-0148;CAR;2026-08-17T07:00:00+03:00;OK;1193;20;7558;LOCAL_VALHALLA_MATRIX;26a5a7941262c6ddd2eddf4b6e9a71fa79d126d707e5e719ed8410522a20589c;9290b199e8f6d53f440e97dc08fd73853d848373d746e31dce14fe4bb228228d;2026-09-23T00:53:28.118606+00:00;false
LOC-0076;LOC-0149;CAR;2026-08-17T07:00:00+03:00;OK;1152;20;7299;LOCAL_VALHALLA_MATRIX;06a8bb2e60d11f6a7ae55b09f9ec15f454eda50dff74fe047005ec9b2a864ec3;764ddd68128a3ee3d3fd70d07376ae396d6553cf56c592cf1560e5bf325369bd;2026-09-23T00:53:28.118606+00:00;false
LOC-0076;LOC-0150;CAR;2026-08-17T07:00:00+03:00;OK;1124;19;7118;LOCAL_VALHALLA_MATRIX;dae44fe14685c395713cfca9f8cfecc71fef0dc6ef5cb21eacdab789629a8f6e;df7dc7cb9b1496a6f8ffb0fdb930ec778a4a95e8dd24b581347ab5a18f8d6142;2026-09-23T00:53:28.118606+00:00;false
LOC-0076;LOC-0151;CAR;2026-08-17T07:00:00+03:00;OK;1283;22;7963;LOCAL_VALHALLA_MATRIX;9f15d1072731d1ded1b0b267d0502f768facd57322aec584db9c611532b4f57f;ae629a5bb951e52b357ff7a306a1c6d05a6a2b25924e7a861bc40424f4c3209a;2026-09-23T00:53:28.118606+00:00;false
LOC-0076;LOC-0190;CAR;2026-08-17T07:00:00+03:00;OK;1388;24;9315;LOCAL_VALHALLA_MATRIX;782591f0e024fdfd0e93bc7cd3a92f4f63b83db61ac43257730a23f8e4fff054;5a525cfa1dc846a0729b2437cec873d78d28a0bd889546891fede0219997814e;2026-09-23T00:53:28.118606+00:00;false
LOC-0076;LOC-0196;CAR;2026-08-17T07:00:00+03:00;OK;1647;28;10878;LOCAL_VALHALLA_MATRIX;763239d507f3bd07c340f5282aff686ae5c833404168bfec7eee558e4eeee9c4;bcea928b5e89f8e1f83a17c83c377c93c7317a4349db534a7ecc9f620202d55a;2026-09-23T00:53:28.118606+00:00;false
LOC-0080;LOC-0002;CAR;2026-08-17T07:00:00+03:00;OK;1425;24;8615;LOCAL_VALHALLA_MATRIX;678b9c3a0e9ac17574b9a622daca59d6f8d336cc379019ad098013e9e8c9b861;3b038d804d76bc273523f54d1f99ae4cce163b5b8bedb1061469c5407e4310fb;2026-09-23T00:53:28.118606+00:00;false
LOC-0080;LOC-0008;CAR;2026-08-17T07:00:00+03:00;OK;1116;19;6526;LOCAL_VALHALLA_MATRIX;11eb6dcad5aa2c8c427c7420f15082a2a4fa30c798541b0772f98bc1fe8259d2;104166b139ea0c22c64e3ed6cdec7428b8ff136a91caa9cb49f98ca5f6f23d65;2026-09-23T00:53:28.118606+00:00;false
LOC-0080;LOC-0009;CAR;2026-08-17T07:00:00+03:00;OK;1532;26;9451;LOCAL_VALHALLA_MATRIX;2cc85090a6b2e4b0b2fe96c4e58aa2ddb88e7ba5740ba3778a35d9376f096a53;d72dab6246f1dcea934185b25e3129b5745da7e5bab1e3e27595cbc54acc373d;2026-09-23T00:53:28.118606+00:00;false
LOC-0080;LOC-0010;CAR;2026-08-17T07:00:00+03:00;OK;1100;19;6436;LOCAL_VALHALLA_MATRIX;f756b9c6c95c265f1a98e124ee15c7eec01f7cb01c337368b8ecff76cba9e48b;10bb1e1969f954489478abac686d3e69344293933bd6b8cef3bc96da3c74a05a;2026-09-23T00:53:28.118606+00:00;false
LOC-0080;LOC-0011;CAR;2026-08-17T07:00:00+03:00;OK;1031;18;6053;LOCAL_VALHALLA_MATRIX;2299b48e320a3018c86c15879f2ed5a09c331fba72fb9e233d83e4a6b979e3a8;4f1034ccb72583cebd77388b87b1e3742e2b8e7b9ef36b1330aad0b0ac96720a;2026-09-23T00:53:28.118606+00:00;false
LOC-0080;LOC-0013;CAR;2026-08-17T07:00:00+03:00;OK;1563;27;9148;LOCAL_VALHALLA_MATRIX;b78d57934afe1c5d7f77da514ecac97cdf11cbaaa4617ca5c86b131c8fb54958;d7f3a1d2ab44fccc6cbfebed277ff5cfca86bb12dc29fcbbc6fa184f175fdb70;2026-09-23T00:53:28.118606+00:00;false
LOC-0080;LOC-0016;CAR;2026-08-17T07:00:00+03:00;OK;1477;25;9470;LOCAL_VALHALLA_MATRIX;8425e0b4b7c72fdea041c476656234c474da4bba1ade3af9cf1f5a705c2a7be4;071f61de825ee213db6f7a7c935eaf7dbdfba92f7c8b0187c20386964ec27ebe;2026-09-23T00:53:28.118606+00:00;false
LOC-0080;LOC-0018;CAR;2026-08-17T07:00:00+03:00;OK;282;5;1381;LOCAL_VALHALLA_MATRIX;026de41a213d7909755cede3a048e44a2e558bfdd04abae04ddaa2b07c8c8ea3;149716bf40e2dcfbc56ccdfe27bf7a0d4b5de6a9c9011de2ee6702bc52994781;2026-09-23T00:53:28.118606+00:00;false
LOC-0080;LOC-0019;CAR;2026-08-17T07:00:00+03:00;OK;1338;23;8333;LOCAL_VALHALLA_MATRIX;2b645dbcc40392d5bccf45965ceb1f639fbcce4b58a35a45c9f039262e4bc53b;b4a70d4837821476986a0f6c7587416ec45bb31a5a9b8679ae672b1df8a4366a;2026-09-23T00:53:28.118606+00:00;false
LOC-0080;LOC-0020;CAR;2026-08-17T07:00:00+03:00;OK;1035;18;6534;LOCAL_VALHALLA_MATRIX;b8fb5ed4066fb8dfaf942b9620dd7a1b790acb0ccbf5a0c5ec0c3c0be2cba785;cf28e9971dda94217908949b289af5ae364c1bf9dcca026cbfaf2ce6b8e69e86;2026-09-23T00:53:28.118606+00:00;false
LOC-0080;LOC-0027;CAR;2026-08-17T07:00:00+03:00;OK;531;9;2874;LOCAL_VALHALLA_MATRIX;adf6fd233a6e8056c8c87059b3d4c89655f418d57dd99a03ac63c253d5f06083;b879e45f0dd568a13c004ca1ab1911d6ff3b679305dc93c53bd103d121eb00e9;2026-09-23T00:53:28.118606+00:00;false
LOC-0080;LOC-0028;CAR;2026-08-17T07:00:00+03:00;OK;1376;23;7730;LOCAL_VALHALLA_MATRIX;3f6e11c3ade36c1e5152a5a355399f6815e507199971288adddf002b9597be46;771e6b66b32e86f64e4088d814003e95ee3b1f45194c2224492f3fd310a58b9b;2026-09-23T00:53:28.118606+00:00;false
LOC-0080;LOC-0029;CAR;2026-08-17T07:00:00+03:00;OK;1237;21;7287;LOCAL_VALHALLA_MATRIX;954e6f16fa6f7996fde19035abde29a12b7d18ec9285a62c85a6419f62ecad58;8e177a41e997b51e1675ff446ebdffe5370a7439a6c9ffe97e2b1b02288fb1a2;2026-09-23T00:53:28.118606+00:00;false
LOC-0080;LOC-0037;CAR;2026-08-17T07:00:00+03:00;OK;1258;21;7524;LOCAL_VALHALLA_MATRIX;ed5bbc911435ae67e1b134dd7d4461958db401d5fd43bb14e58a46c3a0d88daa;d410b10d8fc8cd9f4f7de97dae70f6c51b2c586070fef1305bba1602ceb4f4f0;2026-09-23T00:53:28.118606+00:00;false
LOC-0080;LOC-0045;CAR;2026-08-17T07:00:00+03:00;OK;776;13;4953;LOCAL_VALHALLA_MATRIX;c327df955fff0ab35fd67c53ea5471f8cc2b1afc7f98588c815e7ea5d0afc2e1;eac632adeed6bfc375c93a066709d1ba2602b89ec50901dafcfcdce2256323e1;2026-09-23T00:53:28.118606+00:00;false
LOC-0080;LOC-0053;CAR;2026-08-17T07:00:00+03:00;OK;1245;21;8450;LOCAL_VALHALLA_MATRIX;4388ca7c3f6cc22c8b9112bb33cef409aba74647ad62688a9f20f8e1e73ca970;20bcd53bbb8e9d1cedd2a715f65de1149c75d8987086d1ed67e6873bc000e9c6;2026-09-23T00:53:28.118606+00:00;false
LOC-0080;LOC-0054;CAR;2026-08-17T07:00:00+03:00;OK;1138;19;6568;LOCAL_VALHALLA_MATRIX;4ef3a6a17c00b88912395dc8b1bf4fa680160a6536cf02b135b6e611a299c134;d5b38514595a3a300bb3a5b0e11108aa3eae7369f3755f0e204f5aa404002cb1;2026-09-23T00:53:28.118606+00:00;false
LOC-0080;LOC-0064;CAR;2026-08-17T07:00:00+03:00;OK;1079;18;6898;LOCAL_VALHALLA_MATRIX;f27a00ea86a41f531efc9bec31d6e28ede307add1ea1d50ff9e283c0fbfccd34;3824f740d88efe36c3fc2094c3f8a032f6fdbcddeda102a743309b7516c499df;2026-09-23T00:53:28.118606+00:00;false
LOC-0080;LOC-0075;CAR;2026-08-17T07:00:00+03:00;OK;252;5;701;LOCAL_VALHALLA_MATRIX;4245ed2324ddf9c04f06be0d3550434a3ad1a9c91aa5ab2b7d6edcf839f2e018;b615bf534ef088f6f0210647738f568c5989002fed66749310fd59934ce9dc3e;2026-09-23T00:53:28.118606+00:00;false
LOC-0080;LOC-0076;CAR;2026-08-17T07:00:00+03:00;OK;1418;24;9461;LOCAL_VALHALLA_MATRIX;8d4feaeb42f9669bbdc5f3ac7f366dc233353762ef21e01f1f13a824a8a45fcb;b639697b535b6711d4df4b19f46c9d589fe26a5ac289dd0056532b582e15191e;2026-09-23T00:53:28.118606+00:00;false
LOC-0080;LOC-0080;CAR;2026-08-17T07:00:00+03:00;OK;0;0;0;LOCAL_VALHALLA_MATRIX;feec9a063d4a522eb03ad639c3b771e07f5bc7392f3c0fd8b4e4813bc2b9d8b5;3d5812abc84c11768aa73a732c85d75dbed439188f5bb3239e9b762ea31d9862;2026-09-23T00:53:28.118606+00:00;false
LOC-0080;LOC-0082;CAR;2026-08-17T07:00:00+03:00;OK;1073;18;6928;LOCAL_VALHALLA_MATRIX;8f25cde45d7dcd57fdca5ff18fe881b30b4762e42b7aa1158f2ad1728c17a7c2;5031614d02a31d485f0ce090f6f7dba6bbae1d90bbc2aa288c6c7f79309dcb51;2026-09-23T00:53:28.118606+00:00;false
LOC-0080;LOC-0085;CAR;2026-08-17T07:00:00+03:00;OK;1566;27;10084;LOCAL_VALHALLA_MATRIX;480be78705a90d199fe5c8f506f0c5ce6f29e408043bff79c0ba2cf0ef30cdf2;1008a12f99cb7bfed4dcc433ea5efef788a6386522d6f61b8453ed88011faddb;2026-09-23T00:53:28.118606+00:00;false
LOC-0080;LOC-0086;CAR;2026-08-17T07:00:00+03:00;OK;1568;27;10085;LOCAL_VALHALLA_MATRIX;609a207357be06b5fbe7c2870a2f90ee6345c6bfd4854a55d2b6c50fc5486cdf;e82ac72f11d45cefd3575f00dd36ea206cfbb1387a83eb65f32e31222ac8ed18;2026-09-23T00:53:28.118606+00:00;false
LOC-0080;LOC-0091;CAR;2026-08-17T07:00:00+03:00;OK;947;16;5835;LOCAL_VALHALLA_MATRIX;92d96ae9a1bb64b350dffbd4756f8bd4342e46d6198812099037158eaefcfabb;aa7fc65dd050d8b05bd5213351fff53d98e2ce0fe6dd70e9130c3c45820e12d4;2026-09-23T00:53:28.118606+00:00;false
LOC-0080;LOC-0092;CAR;2026-08-17T07:00:00+03:00;OK;871;15;4991;LOCAL_VALHALLA_MATRIX;39583a6c8d7e9e76d8a8a55012ad6afcd51bd9cc605be638efc701d74a12be2b;fc15215191dcc46eebe49df24ce6472c88e8407dea2b8f5fc064b6a031432e2d;2026-09-23T00:53:28.118606+00:00;false
LOC-0080;LOC-0094;CAR;2026-08-17T07:00:00+03:00;OK;1696;29;10765;LOCAL_VALHALLA_MATRIX;224eec2f6794fbc48c3652c2cb3cfa5920eda6911927c9709f4123651d301247;d70435e6564920bca200e1580d15ab0cecaebe891774078ff17c0b6a3a405ffd;2026-09-23T00:53:28.118606+00:00;false
LOC-0080;LOC-0095;CAR;2026-08-17T07:00:00+03:00;OK;1807;31;11480;LOCAL_VALHALLA_MATRIX;d69e153bbcb4e450627d0bee576f49af5afb0fbd778444fde2fa25089f241eb4;c839411cfd7b1ceb91be395121b3d041a3c7b95b8173f28b0e271dac629e2e06;2026-09-23T00:53:28.118606+00:00;false
LOC-0080;LOC-0112;CAR;2026-08-17T07:00:00+03:00;OK;591;10;3165;LOCAL_VALHALLA_MATRIX;ecd3f19500e16ee2d8983ee03b3cb5d9867ce8f3b2f4e71a6e291bd5c25b7586;e2ebbba35cdb1ba780897481e1da0cb4be579961903b9f49bcbd25832d0094c7;2026-09-23T00:53:28.118606+00:00;false
LOC-0080;LOC-0124;CAR;2026-08-17T07:00:00+03:00;OK;1409;24;8786;LOCAL_VALHALLA_MATRIX;9ae3be74912830f77754297bdc44eb04d57a30aa31e2ba2ed83b3d02573c7ecd;23db8f5684b27cd9273ef7388cc34a6b2e6601ee5f62c3ac465bcced92f93b0e;2026-09-23T00:53:28.118606+00:00;false
LOC-0080;LOC-0126;CAR;2026-08-17T07:00:00+03:00;OK;464;8;2358;LOCAL_VALHALLA_MATRIX;922c73002e706fe41e8a1c4e74bc6b55fb46e4c88e24f625a9010af23e394336;0f2259458448cf2460eeb8ca9fcc877354c0ef16a4be97105ba775cf3eef222e;2026-09-23T00:53:28.118606+00:00;false
LOC-0080;LOC-0128;CAR;2026-08-17T07:00:00+03:00;OK;1333;23;7863;LOCAL_VALHALLA_MATRIX;4c8f785ba0eb02e186c0dd2e827f22a2ed9b1374dafa45f7ab2719e0957dc13a;40b9ea021054305261c3f96391f6ee11681717d602071ea888c8ed39958f272b;2026-09-23T00:53:28.118606+00:00;false
LOC-0080;LOC-0134;CAR;2026-08-17T07:00:00+03:00;OK;1492;25;8770;LOCAL_VALHALLA_MATRIX;abb73927d2ef3ce97227c3fc5f775288fabd45e86f59eba4b8bbd920eaec164a;2f7190301fdffa59dcf69b968a36c8935f94b3c595368808bbbe6f613427dcc4;2026-09-23T00:53:28.118606+00:00;false
LOC-0080;LOC-0135;CAR;2026-08-17T07:00:00+03:00;OK;1525;26;8754;LOCAL_VALHALLA_MATRIX;5b5e6024fb3c4b361c573eab74b1186e7d70aba24a899420497328887c67c011;2f0f728b673025d29948d0ab41e5c555b1e52693f426fbc28719d965e66894ef;2026-09-23T00:53:28.118606+00:00;false
LOC-0080;LOC-0136;CAR;2026-08-17T07:00:00+03:00;OK;1517;26;9909;LOCAL_VALHALLA_MATRIX;991ace7431121144d6b46b454b00823a28b467f1e90e0c2d8b827ad6a7444794;56575329ed98add34bca8cb54f5567611611385dc05311f798b618f06baa8f32;2026-09-23T00:53:28.118606+00:00;false
LOC-0080;LOC-0141;CAR;2026-08-17T07:00:00+03:00;OK;1165;20;7031;LOCAL_VALHALLA_MATRIX;fd43a93b0954e56c4fd3b984881459e4b81a6445a28b88ae65e904b4ae310737;25465a6a50cb8d3c6df9916226676864b25ac4426e68a6e0f3781d2b5ed0c81b;2026-09-23T00:53:28.118606+00:00;false
LOC-0080;LOC-0142;CAR;2026-08-17T07:00:00+03:00;OK;1128;19;6515;LOCAL_VALHALLA_MATRIX;0e07f71b1f0741096dca164b69e768a57d39619253c6df34353156160fa9d191;56da81a249642f0690b690fa89facd41efaa73a139669b2283dee3d8aa2f4705;2026-09-23T00:53:28.118606+00:00;false
LOC-0080;LOC-0145;CAR;2026-08-17T07:00:00+03:00;OK;826;14;5105;LOCAL_VALHALLA_MATRIX;4715502b6e85b4d0c114c4abcd8943c16afeed847031d343fbc788869ec2a2c2;2af8d37a9b9998af1d2ef8b28383cff7439e078c76abb191bb2659b155fbaf1b;2026-09-23T00:53:28.118606+00:00;false
LOC-0080;LOC-0148;CAR;2026-08-17T07:00:00+03:00;OK;297;5;816;LOCAL_VALHALLA_MATRIX;f3452a23f0ea769b7a778f5f324a3d02985bba993902d7352908892dc51d6a7e;7f4715d1585f62a591a8b6b1978718164ac015e0553c921b42fe077779220b68;2026-09-23T00:53:28.118606+00:00;false
LOC-0080;LOC-0149;CAR;2026-08-17T07:00:00+03:00;OK;326;6;1045;LOCAL_VALHALLA_MATRIX;946b5a45b0bda7dc9f5836b279ce693b7e910726a635504c65e3a45411d63b3c;ea522d0826d186e47bfe1a68a67a4dcfca2b9895b0e23c57ee720c85c6a48cb7;2026-09-23T00:53:28.118606+00:00;false
LOC-0080;LOC-0150;CAR;2026-08-17T07:00:00+03:00;OK;351;6;1218;LOCAL_VALHALLA_MATRIX;482ded38d256022a48b0cd53956812a328567c0f8463e5f4b0ae1071117856d1;ec6a3746e973497816e510c8c47adb40bac07c57abc7ceb37e9c04592ae3a304;2026-09-23T00:53:28.118606+00:00;false
LOC-0080;LOC-0151;CAR;2026-08-17T07:00:00+03:00;OK;293;5;1368;LOCAL_VALHALLA_MATRIX;f88a17a865d99f4fa6a8d55e6881af1df45e39c445b7b473dd6a9709ac5f465c;087863236135f41c766512053701e4ad21d0862d23d0ce8a99a7d441a11f9fa5;2026-09-23T00:53:28.118606+00:00;false
LOC-0080;LOC-0190;CAR;2026-08-17T07:00:00+03:00;OK;815;14;4565;LOCAL_VALHALLA_MATRIX;7c9497ccedc05d5dd0e473a150edbd0f32149fe3f976d10a0e5204a28ffcc7f2;e9eb39545bb921fdffd5788ba93168346b23b9038e626a62719b936550d8d116;2026-09-23T00:53:28.118606+00:00;false
LOC-0080;LOC-0196;CAR;2026-08-17T07:00:00+03:00;OK;625;11;3456;LOCAL_VALHALLA_MATRIX;42b436a5a0c5d21106c97303c7c3c27072690b4f002faeb031a19ef51244ffd8;640f92f774fd69c419a12c6b2555d486a7b34a5072897e507b8aa9c10cf934dd;2026-09-23T00:53:28.118606+00:00;false
LOC-0082;LOC-0002;CAR;2026-08-17T07:00:00+03:00;OK;1532;26;9544;LOCAL_VALHALLA_MATRIX;647c9e4eb7dfdcf143808e7696571ff6ee7f1334782ec1df8638ebee7291f846;2639d3d559d438318f1ce63a86ed4da154ba322aba40e89d1393fdb88a1c882b;2026-09-23T00:53:28.118606+00:00;false
LOC-0082;LOC-0008;CAR;2026-08-17T07:00:00+03:00;OK;1704;29;11126;LOCAL_VALHALLA_MATRIX;b906891ebfc1cfa25f3499b6d8f52c15e922c80a150830ecd86b0611fa4a6d16;4dc6b29eca930791fec57e298a519692d5c3f8e92382818698f209b8201cabf3;2026-09-23T00:53:28.118606+00:00;false
LOC-0082;LOC-0009;CAR;2026-08-17T07:00:00+03:00;OK;1195;20;7358;LOCAL_VALHALLA_MATRIX;e77f1db67639b62675266779d756627f4447f779146dad11baf876d8a0aebd2a;847c6e8a4aa6dcccf5b3d6948c6ce70cf6cbd0c1a9c0d5afe687631d725c6e34;2026-09-23T00:53:28.118606+00:00;false
LOC-0082;LOC-0010;CAR;2026-08-17T07:00:00+03:00;OK;1781;30;11677;LOCAL_VALHALLA_MATRIX;b101c3b2dfada7f9b3175ff009c372643cdf0e4b97e420dc71f94236e8145523;9248275591ec38a6845d5d71b721065e68fe27e4bfc6a1aab678fc0a800ce841;2026-09-23T00:53:28.118606+00:00;false
LOC-0082;LOC-0011;CAR;2026-08-17T07:00:00+03:00;OK;1472;25;9655;LOCAL_VALHALLA_MATRIX;5ebb2119d7a4974ef3fdab0f532d99c60c4e71617c4d72a61202656fedfa26b6;bd8d341dcd8d37b5c5c58109800ef756c68b131ba63e5bbb0712f2fb3a48dbd6;2026-09-23T00:53:28.118606+00:00;false
LOC-0082;LOC-0013;CAR;2026-08-17T07:00:00+03:00;OK;1671;28;10075;LOCAL_VALHALLA_MATRIX;9f11a95866e129fa8cc2b3321f2a875a2af3269bf45b26e5c542d2c8bc24fe6f;8fca7d2b72cae5f0a2f9b2878aedb1808e065f3040cc662167eb498bd36104fb;2026-09-23T00:53:28.118606+00:00;false
LOC-0082;LOC-0016;CAR;2026-08-17T07:00:00+03:00;OK;1256;21;7205;LOCAL_VALHALLA_MATRIX;6b9678a86cdd90146ad94fc936a8a10ce568f8568922f7d6b3dad522f9a94372;5bb4644e9a7d0e431f83868131b01502420a49eee54aa4e70db319c22e754fd4;2026-09-23T00:53:28.118606+00:00;false
LOC-0082;LOC-0018;CAR;2026-08-17T07:00:00+03:00;OK;993;17;6347;LOCAL_VALHALLA_MATRIX;71c98e77f4fbcc3a3c4f80b83ed06b7f46bc949124d92b76fa603c867c605870;30924a32e0f089422d6b088cf77d2a0b04df7c14e79ee9d00ba8954563ffb590;2026-09-23T00:53:28.118606+00:00;false
LOC-0082;LOC-0019;CAR;2026-08-17T07:00:00+03:00;OK;1869;32;11948;LOCAL_VALHALLA_MATRIX;ac692dc42a05f2c76d6b707cbdee6ed8e0b6510bbad0d2ea657abae6408d860a;eca85773795b3bcf0b0adf79e0148d654229cd4b7d31e4bd1e878e38bf29b45a;2026-09-23T00:53:28.118606+00:00;false
LOC-0082;LOC-0020;CAR;2026-08-17T07:00:00+03:00;OK;1789;30;11534;LOCAL_VALHALLA_MATRIX;77a524d1336adb004ee7623f38019bdb4701ce095dbae4956ad68f26e95458f1;c050a461f06ace3ac0dba587a26d2bbb11643256b86b8171056d34c7bd8836c0;2026-09-23T00:53:28.118606+00:00;false
LOC-0082;LOC-0027;CAR;2026-08-17T07:00:00+03:00;OK;934;16;5311;LOCAL_VALHALLA_MATRIX;363ecb3241c46132163fe3418f92f03a3441b89aade6babd3cf0f97693df3c94;80a09ad3b9f38f1d71d91dee40e0905646aff8180c121617e2eacc69a8a8abdd;2026-09-23T00:53:28.118606+00:00;false
LOC-0082;LOC-0028;CAR;2026-08-17T07:00:00+03:00;OK;711;12;3444;LOCAL_VALHALLA_MATRIX;7cb2f2cfad97c860b2f69bd65aa493153eab4b3e6bd3272cfdfda70463dfeaee;ab0c97a0e3ca1bb66137774710fcea5af058f8adb34b1940075517f1418618c5;2026-09-23T00:53:28.118606+00:00;false
LOC-0082;LOC-0029;CAR;2026-08-17T07:00:00+03:00;OK;607;11;2956;LOCAL_VALHALLA_MATRIX;fb67065d7350b40f8ebffb9736d5d2955773b9c06203c99b23162deab973852f;80dfe8946fa77ed53ae2e229baf37a6bc728180a608f09f486c8912b92b20347;2026-09-23T00:53:28.118606+00:00;false
LOC-0082;LOC-0037;CAR;2026-08-17T07:00:00+03:00;OK;1638;28;10694;LOCAL_VALHALLA_MATRIX;4e62ca8ffc0490363535a96fda57f28e3c6deb65e950314003d8ea9de21cf562;6ab9fcd47f40d1b3d2c07d437067ca47257236db4821867a958671869b353384;2026-09-23T00:53:28.118606+00:00;false
LOC-0082;LOC-0045;CAR;2026-08-17T07:00:00+03:00;OK;565;10;3428;LOCAL_VALHALLA_MATRIX;fe547b9cdf4f445de6128cf81e255c03d850b5a621ff96193ae0c257d71067ec;a56adac1a095170b77060dc514ed760e92122b90e96eec7af4b4d566c5d8de32;2026-09-23T00:53:28.118606+00:00;false
LOC-0082;LOC-0053;CAR;2026-08-17T07:00:00+03:00;OK;1143;20;6993;LOCAL_VALHALLA_MATRIX;a37df0bfc72e3a37569ab0109854822b5c091c498af01089af992b0065d15335;96b8a298a90fe763f209c32b0534e238de18c7693779fb20e67c3d1b6f67f099;2026-09-23T00:53:28.118606+00:00;false
LOC-0082;LOC-0054;CAR;2026-08-17T07:00:00+03:00;OK;1518;26;9738;LOCAL_VALHALLA_MATRIX;b98d570b542689b10bdec36cff0971f63360e2c7fa41f347e658d7179a5f7cb7;7393cbdd8194f5229e468311b5e5632640bd332713413a3c9d81a30e56b62bd7;2026-09-23T00:53:28.118606+00:00;false
LOC-0082;LOC-0064;CAR;2026-08-17T07:00:00+03:00;OK;342;6;1451;LOCAL_VALHALLA_MATRIX;3a0267a99940fbcb7461407379c9ccbbf60a9c0cfc57aec3795ad73960ed57be;6c4aabe2c84ae4ae95246c6b3bcced47f274b261e08f532d60f183511d4b30ae;2026-09-23T00:53:28.118606+00:00;false
LOC-0082;LOC-0075;CAR;2026-08-17T07:00:00+03:00;OK;1130;19;6631;LOCAL_VALHALLA_MATRIX;dc502a605d221f52bc74c5f1cc1c7667d11eefba4b5742f7b506c6d54eea73db;f9f118f910679c8a5eb169f91916e8a40e123c66711a1d42673125392aeaff10;2026-09-23T00:53:28.118606+00:00;false
LOC-0082;LOC-0076;CAR;2026-08-17T07:00:00+03:00;OK;1110;19;6738;LOCAL_VALHALLA_MATRIX;f5f0917caa6df55a5c59c4fa357f2e5e0244098619918d32fc715598a95e28c5;c59a9b5f6681d3a12b12ebde46bec8985c61d16ee30ed3ccec33bcb2c6ad6b38;2026-09-23T00:53:28.118606+00:00;false
LOC-0082;LOC-0080;CAR;2026-08-17T07:00:00+03:00;OK;1190;20;7224;LOCAL_VALHALLA_MATRIX;d2504385de62577385c9ea4eb569e21c5df0742890495ba2bb3239e5b8528456;41238aa773b72fc4ece9749b98254aea5ed1d3a4fe6518d55de75d68a8b9cafb;2026-09-23T00:53:28.118606+00:00;false
LOC-0082;LOC-0082;CAR;2026-08-17T07:00:00+03:00;OK;0;0;0;LOCAL_VALHALLA_MATRIX;92b80c507268a1dcee4eacfad58172240a89c64f868d771b2e246ec8a15cbd19;3d5812abc84c11768aa73a732c85d75dbed439188f5bb3239e9b762ea31d9862;2026-09-23T00:53:28.118606+00:00;false
LOC-0082;LOC-0085;CAR;2026-08-17T07:00:00+03:00;OK;1958;33;12909;LOCAL_VALHALLA_MATRIX;b473dc00125d3da4e0ee9a88d75a82f2151a01e53cabfe14e30eee78f6dc8f02;235a9858310352892033bd6819845121921b26b7e50b1185820ae67b797e6590;2026-09-23T00:53:28.118606+00:00;false
LOC-0082;LOC-0086;CAR;2026-08-17T07:00:00+03:00;OK;1961;33;12910;LOCAL_VALHALLA_MATRIX;a62a2c8e8c46630cc57a453235f8af868a8984feb1eeb8a28fe267179b8930a3;e86b85210d62d604a463b006af715cde57efc5a1e57f3c9bff03fd28dad05dc8;2026-09-23T00:53:28.118606+00:00;false
LOC-0082;LOC-0091;CAR;2026-08-17T07:00:00+03:00;OK;1670;28;11101;LOCAL_VALHALLA_MATRIX;86cc09466a6c8ef19bd33a94fc9f616ef0aa76b6cf02fca10433144df306585a;cf65daaee6a82b63343adae22dce62a7f3c744adb2b0a512fabc5af74b79b267;2026-09-23T00:53:28.118606+00:00;false
LOC-0082;LOC-0092;CAR;2026-08-17T07:00:00+03:00;OK;1799;30;11848;LOCAL_VALHALLA_MATRIX;a4e06a80ebc07436d2eb582d04e35c33c7ff7e3a33530fd8e2ecb07c2edb9d21;139a54263605cca88decf51c9b1d03e1110ee9ee6c20c52206c04fcdd3f3393f;2026-09-23T00:53:28.118606+00:00;false
LOC-0082;LOC-0094;CAR;2026-08-17T07:00:00+03:00;OK;2089;35;13589;LOCAL_VALHALLA_MATRIX;6d9df8487b33c3d5248ca9287f434b53918a4fbf6eb6ba7ee7a3084da2241612;74503479924bba3451da3f86c7f9642c0216ae839ec46d69219f77f4e4905a2a;2026-09-23T00:53:28.118606+00:00;false
LOC-0082;LOC-0095;CAR;2026-08-17T07:00:00+03:00;OK;2198;37;14301;LOCAL_VALHALLA_MATRIX;871fa15d263ac158a588091952a08b5932d35c5e1acf2d1df43e5a8b93214cb9;3190149c6ba168a83630d4839745309fa8444227a455b93b084c24115ddfdbf9;2026-09-23T00:53:28.118606+00:00;false
LOC-0082;LOC-0112;CAR;2026-08-17T07:00:00+03:00;OK;1345;23;8165;LOCAL_VALHALLA_MATRIX;038f2ed584b9d4d2228514f5df28dce6646f18ffbf1cb8044e4b7ee52c91db35;4f5a608a5d416e8673642fa6f7fb26d19170e3e1302c9ded793d03ac3206c242;2026-09-23T00:53:28.118606+00:00;false
LOC-0082;LOC-0124;CAR;2026-08-17T07:00:00+03:00;OK;1246;21;7720;LOCAL_VALHALLA_MATRIX;d88467bf46867e59466a9729b59c450dab4021071d677c548b1a0b89a976698e;eb93762679a75e57f8f5221ba99ef25229aa4bc74a40e9a7b4259d8314bef016;2026-09-23T00:53:28.118606+00:00;false
LOC-0082;LOC-0126;CAR;2026-08-17T07:00:00+03:00;OK;1248;21;7162;LOCAL_VALHALLA_MATRIX;56b0497c8754e463a5cc7389e67fe400b6e6acbe4d383048816d2475c0163011;169fbeb1f5ca8da7e13dba5a1f69e7774991f9f6fd9ad10a62de78e68b0e2fd1;2026-09-23T00:53:28.118606+00:00;false
LOC-0082;LOC-0128;CAR;2026-08-17T07:00:00+03:00;OK;1515;26;9047;LOCAL_VALHALLA_MATRIX;77706d33ccb93eaa91dea6ac08a19dc9ca1cbce56133ba5ab02781ffd0f39f10;20477a86ebcbee1435b97559cae6b699c06f79beaa98225c3b14ca1125d65f89;2026-09-23T00:53:28.118606+00:00;false
LOC-0082;LOC-0134;CAR;2026-08-17T07:00:00+03:00;OK;1600;27;9699;LOCAL_VALHALLA_MATRIX;64817552f5af288795d246740eab9f48b16e2516cf7fc2e338d3ef5ae19d6131;6333f9b2018e979a7e5729caa314db93140d2a816a6688767708019f98ea2e06;2026-09-23T00:53:28.118606+00:00;false
LOC-0082;LOC-0135;CAR;2026-08-17T07:00:00+03:00;OK;1633;28;9683;LOCAL_VALHALLA_MATRIX;1c83f4d6c411af4ffbac7615799f674e224035457e0d96e8cafa0d89853ba6a8;e03a09a3fec719f1cd40b4ba3d8222f9c847c6b04fb0deb68551703abb26a312;2026-09-23T00:53:28.118606+00:00;false
LOC-0082;LOC-0136;CAR;2026-08-17T07:00:00+03:00;OK;1910;32;12734;LOCAL_VALHALLA_MATRIX;cac0bfe468a0612f057b05cd8a835ad11ceca750dc1cd8fd1bd9508e6c25f0ba;23fffda2b8a87bf613224078bc2b24f176b16765ef04ea01efdd95cc7edbdd3f;2026-09-23T00:53:28.118606+00:00;false
LOC-0082;LOC-0141;CAR;2026-08-17T07:00:00+03:00;OK;1255;21;7505;LOCAL_VALHALLA_MATRIX;82f28e727ec1fb423a25ff2a714d8413c7ea555890184930da9f02cb76c04a63;58260bd168da5388b7bc472beaaf5a364d71329e58e5c71419517abbe179edbf;2026-09-23T00:53:28.118606+00:00;false
LOC-0082;LOC-0142;CAR;2026-08-17T07:00:00+03:00;OK;1406;24;8305;LOCAL_VALHALLA_MATRIX;37dfc6e6c98c02636db118252ef06b02a855111943eb04620bee40bdea445aba;2d52f749a493a4ab292247b5114ff6062639eedb8f26023eaa64a333ec4905ba;2026-09-23T00:53:28.118606+00:00;false
LOC-0082;LOC-0145;CAR;2026-08-17T07:00:00+03:00;OK;1581;27;10105;LOCAL_VALHALLA_MATRIX;6f4127348ecb7d852015aaed3aa7aae3baee73025bfc97ad73c8db62123c0d11;a581c752fd1d9820950e4a0217847039d2a3848cb4d41e682efb6ad8d560f92d;2026-09-23T00:53:28.118606+00:00;false
LOC-0082;LOC-0148;CAR;2026-08-17T07:00:00+03:00;OK;1059;18;6363;LOCAL_VALHALLA_MATRIX;a7b7cac3c4c828ab47c8ef4fdba037e3821b71d8c750d9a9d738a61f050f1d7b;7b3e9cc7e5b4c9183100cd9e71acd92140ccb0e5ceba12d15fe3cdf04e5be39c;2026-09-23T00:53:28.118606+00:00;false
LOC-0082;LOC-0149;CAR;2026-08-17T07:00:00+03:00;OK;1018;17;6104;LOCAL_VALHALLA_MATRIX;316e2ba37ddabbc4c0d65a4c815105a9021569f517bd46f3e516ec7e23402f45;83357560d18ad4cfe82859518581dfc02c6230ae048edbfa312ddfbd6a316895;2026-09-23T00:53:28.118606+00:00;false
LOC-0082;LOC-0150;CAR;2026-08-17T07:00:00+03:00;OK;990;17;5923;LOCAL_VALHALLA_MATRIX;dfef716149d3112d0a5927e34f6856a9ae9290ab35a538ba72d91a5b6daf6b34;6c80b53835d7504690a4d556afc839f202d128c6392f4986e4f7fd2c2a2ed3a0;2026-09-23T00:53:28.118606+00:00;false
LOC-0082;LOC-0151;CAR;2026-08-17T07:00:00+03:00;OK;1048;18;6566;LOCAL_VALHALLA_MATRIX;543585b4f56790bcdd055409424cd4f6fb51eae5aa1353a4da6a86f5005e0242;4f239c9262b484e11fb95a676ddcada380d1645c26843899bf606c00a8de7730;2026-09-23T00:53:28.118606+00:00;false
LOC-0082;LOC-0190;CAR;2026-08-17T07:00:00+03:00;OK;1257;21;8167;LOCAL_VALHALLA_MATRIX;8247f1f46ff411fac0b1f4f25a5a09f91e0415609249beba415b939818bd66e5;36261e870958593632e6256a02dda19fa46ba27b91a3988a80579a9a392ecdf3;2026-09-23T00:53:28.118606+00:00;false
LOC-0082;LOC-0196;CAR;2026-08-17T07:00:00+03:00;OK;1508;26;9795;LOCAL_VALHALLA_MATRIX;7b31f4e36706534125bda91949460081dc67f3363575c70b914f916cfb410c74;4d5178fe37436a9b1807b010f70c1e7ea1cd7201507614364a1667be132f970d;2026-09-23T00:53:28.118606+00:00;false
LOC-0085;LOC-0002;CAR;2026-08-17T07:00:00+03:00;OK;337;6;1492;LOCAL_VALHALLA_MATRIX;7599bdeea984dbaa0f15590ee13471b80a05e301c7a44c2278dbe095057762ee;04b11a24edbeeec251157226b7038ef206401926618936b56a6fec07f56e9c05;2026-09-23T00:53:28.118606+00:00;false
LOC-0085;LOC-0008;CAR;2026-08-17T07:00:00+03:00;OK;1423;24;9579;LOCAL_VALHALLA_MATRIX;15f45cb62326f0b29dee503a1d4566b36cfada7fe6c6fea4b14b2797e3bf8958;d3f5860312dc3a94b259aef420a64ade0e89944460c91aa4ede5cc7347e69294;2026-09-23T00:53:28.118606+00:00;false
LOC-0085;LOC-0009;CAR;2026-08-17T07:00:00+03:00;OK;2298;39;15240;LOCAL_VALHALLA_MATRIX;2e38a2ff794668b920d425f45f43946adac020b719ae688a30b74840c7be28b4;992608cd2539543df659461fa08a1cb3c4421135087b4326645c3683622e7caa;2026-09-23T00:53:28.118606+00:00;false
LOC-0085;LOC-0010;CAR;2026-08-17T07:00:00+03:00;OK;1465;25;9718;LOCAL_VALHALLA_MATRIX;621b7a46057f865e30f28fc4ca3de85d070f050e0fba0373bdaab2ec9060fbcf;82e6edb9a14e3a5a7c9b2ffd10a084c2bf0041f7d60af6669d4a41f32c5eb8ab;2026-09-23T00:53:28.118606+00:00;false
LOC-0085;LOC-0011;CAR;2026-08-17T07:00:00+03:00;OK;1318;22;8785;LOCAL_VALHALLA_MATRIX;5f18784522c234139b8e6a195e00e2dea8dc2b0b3dcfb83f5bf8418720584959;2ca96bb07a6d6eeabd34d321f11c26776c67dc8500ee54a72ba056c0fa805a3b;2026-09-23T00:53:28.118606+00:00;false
LOC-0085;LOC-0013;CAR;2026-08-17T07:00:00+03:00;OK;472;8;1812;LOCAL_VALHALLA_MATRIX;0b942703c9ae3ef90a7a0891418564e771a281fdce7a1c99ff53812e6c2118bf;d958fed12469ee7a00a25ba2fb5271afc6dcea398dd574cd33d8966f3829a845;2026-09-23T00:53:28.118606+00:00;false
LOC-0085;LOC-0016;CAR;2026-08-17T07:00:00+03:00;OK;1077;18;6646;LOCAL_VALHALLA_MATRIX;76a6f1373d9c235586fa5f5f90236a656cad14b7d0d54d2d2fc209bb2bcd2c1e;fd2a1b1f29bafe9ccb45eb49672654c3a4df1920d025215e77323689e96f56f6;2026-09-23T00:53:28.118606+00:00;false
LOC-0085;LOC-0018;CAR;2026-08-17T07:00:00+03:00;OK;1784;30;11686;LOCAL_VALHALLA_MATRIX;415912920320d65a81a90cbb05a15cc23e00ce2cf1c9170ecca27f496f287abc;37e066d88abb7fc7937f80925839f710c768e8d76e858084b9710be75c68c84a;2026-09-23T00:53:28.118606+00:00;false
LOC-0085;LOC-0019;CAR;2026-08-17T07:00:00+03:00;OK;1548;26;9975;LOCAL_VALHALLA_MATRIX;edaeb8d0ce39c429750eaa7df9a6f4fe3ceab915c01845a843c6acebe29d2fe5;427bbf9a254119f938ff06f81f3dbc04b70df5cf92f6f02010830ad1795ed821;2026-09-23T00:53:28.118606+00:00;false
LOC-0085;LOC-0020;CAR;2026-08-17T07:00:00+03:00;OK;1657;28;11132;LOCAL_VALHALLA_MATRIX;16904259bc7428c662c8f97dd3192f479a36171a2847c2910bc97e047bf0d459;f3943ed37d5597c088347e24ed2da11456da0722f7d9bd8c8d9d84f864faf46d;2026-09-23T00:53:28.118606+00:00;false
LOC-0085;LOC-0027;CAR;2026-08-17T07:00:00+03:00;OK;1761;30;11162;LOCAL_VALHALLA_MATRIX;f43cd31eff936c1214fcb39a22e67da3fa4e94c42941b18ce844f449dc28be2b;1e74106c35ec254a64f615225ff877e7daf1b25accc7c8b4a3431effe4e43e7c;2026-09-23T00:53:28.118606+00:00;false
LOC-0085;LOC-0028;CAR;2026-08-17T07:00:00+03:00;OK;1397;24;8344;LOCAL_VALHALLA_MATRIX;97153aaa1edc034c46da9446f5dad7607ccfec917e917dcb46b687749d2d8c03;8cae9740b52b30c9dda82f56b199e0df0285c9f3d7ab300f6a19001e593fa4ba;2026-09-23T00:53:28.118606+00:00;false
LOC-0085;LOC-0029;CAR;2026-08-17T07:00:00+03:00;OK;1258;21;7902;LOCAL_VALHALLA_MATRIX;531c688576bbc3a47566b11a4405dd3fc76de5656deda3b085f2e7c84b96a792;647e8838e2921260540d9fdb395d1f809ca41f9e69216979de8a0482bb5b3e50;2026-09-23T00:53:28.118606+00:00;false
LOC-0085;LOC-0037;CAR;2026-08-17T07:00:00+03:00;OK;635;11;3874;LOCAL_VALHALLA_MATRIX;07379752ad194b4ea79f2321d6b8a397e77b352ce44669fc03918290e25967d9;1f2261f86a31762dee8dee51938281ac8c654b1e218d9dee4f44811fc729abce;2026-09-23T00:53:28.118606+00:00;false
LOC-0085;LOC-0045;CAR;2026-08-17T07:00:00+03:00;OK;1443;25;9406;LOCAL_VALHALLA_MATRIX;8742c660f63f581a639a35d8f17143412b3bc5c9cf55c17c9b18d77070b64156;a66a47463b4caf22067be1a50c73ce7b235e3480c8ec8768f50d8319f00715a5;2026-09-23T00:53:28.118606+00:00;false
LOC-0085;LOC-0053;CAR;2026-08-17T07:00:00+03:00;OK;995;17;6533;LOCAL_VALHALLA_MATRIX;03723ae8c3b5542a63435158dab1b32f180986d1ba3f4a1820cdf9776d0c8027;3cc954c63e570c53810b1be3ad15aba991ff36811ce4fd4906be1c08249e222e;2026-09-23T00:53:28.118606+00:00;false
LOC-0085;LOC-0054;CAR;2026-08-17T07:00:00+03:00;OK;766;13;4879;LOCAL_VALHALLA_MATRIX;af8c6b4d8c8be2e401760c694365e1f12569b60293eede812d0050b5454bc68c;ba04913d116c65226f4318a43e957ba244494c45574e797ee859cb35288463e7;2026-09-23T00:53:28.118606+00:00;false
LOC-0085;LOC-0064;CAR;2026-08-17T07:00:00+03:00;OK;1445;25;9333;LOCAL_VALHALLA_MATRIX;8b95a47b82e6dd8c9169021dbabcaa88e1d08631f6ac8ea9d60c08812a81d0f6;70366f553a2796a8dbf2ccc1d05fb6dfd42bd366ef09b6ec9c83490e7a869bf9;2026-09-23T00:53:28.118606+00:00;false
LOC-0085;LOC-0075;CAR;2026-08-17T07:00:00+03:00;OK;1762;30;11132;LOCAL_VALHALLA_MATRIX;4b03e7d35255ed2af97a31834d3cce1feaf8a650dacf632ee20fa7ab69e8f171;fb81dab9fa7c0b21d0406670d58cfd9cbb10f8d06fa9d897e4cf09f2bb99ac27;2026-09-23T00:53:28.118606+00:00;false
LOC-0085;LOC-0076;CAR;2026-08-17T07:00:00+03:00;OK;1001;17;6679;LOCAL_VALHALLA_MATRIX;38511ebc0820c6fc81a5a97e44bea93d341d9f5d3f1687f34350c9d842630c3f;22887676314d9696ab858c443d9b78874baf3ba7013fac98cb2ea9dc4806680b;2026-09-23T00:53:28.118606+00:00;false
LOC-0085;LOC-0080;CAR;2026-08-17T07:00:00+03:00;OK;1585;27;10465;LOCAL_VALHALLA_MATRIX;fcdbd4a15690c5ce6140de0fa07132bd5ccaf72744bf54dc91f9c5c046442b26;26c670d11c10ab48686d658770d36459da6de12b382e240928afcd6e700c1f62;2026-09-23T00:53:28.118606+00:00;false
LOC-0085;LOC-0082;CAR;2026-08-17T07:00:00+03:00;OK;1439;24;9363;LOCAL_VALHALLA_MATRIX;b2628d352c12227d92bc988b0bc0b8843462268f8e29c4f0c371c069bc1448b4;70832f8a8da484b6c967f9884152163ac79cc9354662a7b3f254b2f1516246d0;2026-09-23T00:53:28.118606+00:00;false
LOC-0085;LOC-0085;CAR;2026-08-17T07:00:00+03:00;OK;0;0;0;LOCAL_VALHALLA_MATRIX;6971fb1f6270d50e7f4af9058fdeefad504659115cbfce035a647313961e938d;3d5812abc84c11768aa73a732c85d75dbed439188f5bb3239e9b762ea31d9862;2026-09-23T00:53:28.118606+00:00;false
LOC-0085;LOC-0086;CAR;2026-08-17T07:00:00+03:00;OK;174;3;419;LOCAL_VALHALLA_MATRIX;1e3590173402cb4a906f80e446de895e0542d63851389f54665f1d7448f60509;023f1ccd1589f900c4a71f807d2f66cd5bc2b2db863294b83666e4fdcd9ac707;2026-09-23T00:53:28.118606+00:00;false
LOC-0085;LOC-0091;CAR;2026-08-17T07:00:00+03:00;OK;1385;24;9385;LOCAL_VALHALLA_MATRIX;85a2f345cc66655bd19b7acec0c738b496175c3e6283d8fc5f7c08fdea67703a;58a846bf82e77257f37987f997d6d6d340eb9f4f18fd6e968be46f074b3f5252;2026-09-23T00:53:28.118606+00:00;false
LOC-0085;LOC-0092;CAR;2026-08-17T07:00:00+03:00;OK;1514;26;10132;LOCAL_VALHALLA_MATRIX;9105fb92aa782097a95ec591273471e255883475e947955d16d688de5755b040;1cfdb524f9f3c359b5abe60dbd38c23b78ef95e1735af42b94b01b6c12b4703b;2026-09-23T00:53:28.118606+00:00;false
LOC-0085;LOC-0094;CAR;2026-08-17T07:00:00+03:00;OK;282;5;1053;LOCAL_VALHALLA_MATRIX;6a79c2ef091f0e2e708b0edaa90f59f5d396f0c1e7f4c557f530100e76497498;2d74fcddc495c5f4335fd9614901eeb791a33977f40bc7f5b586f36d5ccdd078;2026-09-23T00:53:28.118606+00:00;false
LOC-0085;LOC-0095;CAR;2026-08-17T07:00:00+03:00;OK;393;7;1768;LOCAL_VALHALLA_MATRIX;3842523c1d0007b9c9f05c2460d70373a3acd137eaed83099fbc9163dc5efee5;7e7668cdb117ae1e62abc4d0dda039aebd0fa32e67efa6be83d2dedd8e869cbc;2026-09-23T00:53:28.118606+00:00;false
LOC-0085;LOC-0112;CAR;2026-08-17T07:00:00+03:00;OK;1347;23;9051;LOCAL_VALHALLA_MATRIX;8228904079dcc87d91053e40604047c6743f412318d9cb10eef9e65492dac68e;3c350217bba8a6dc3ff7a0489fc314511e407ff98b966a769255f0f6d936af04;2026-09-23T00:53:28.118606+00:00;false
LOC-0085;LOC-0124;CAR;2026-08-17T07:00:00+03:00;OK;2399;40;15697;LOCAL_VALHALLA_MATRIX;5a18b9f71874fe107d6980867554dba6780eeabebe05f4b64be88eda31711c5f;2fdeb899636c579e0312cf8f2f92ba2c8e857a257e3cc00a4f67bbc9c14a2da6;2026-09-23T00:53:28.118606+00:00;false
LOC-0085;LOC-0126;CAR;2026-08-17T07:00:00+03:00;OK;1308;22;8632;LOCAL_VALHALLA_MATRIX;9f65f548cba823fe6395c0489d910276ed8499da0821fceb9a991335a34ec92b;4373e1292b3c2e8dafdec0d4438d468792c791b0e5141f5fe5038326fdedaba3;2026-09-23T00:53:28.118606+00:00;false
LOC-0085;LOC-0128;CAR;2026-08-17T07:00:00+03:00;OK;687;12;4062;LOCAL_VALHALLA_MATRIX;219155355d9bac3c0469786dca5c696ef916f3c1ea387f29e0e84bc306f8c666;13403f946e04c73ac4bfe25ed9956678e5b305c7a1aaec3dcd2c87b9faf1f4ec;2026-09-23T00:53:28.118606+00:00;false
LOC-0085;LOC-0134;CAR;2026-08-17T07:00:00+03:00;OK;253;5;958;LOCAL_VALHALLA_MATRIX;7c100fe30a8652b24d2693528ccb09be5087fae896939b6570788cb31432aeb5;5afed9b668db3b6550f50d8ed735ca4011f9c65ee8e5c207d7eea2475e767d11;2026-09-23T00:53:28.118606+00:00;false
LOC-0085;LOC-0135;CAR;2026-08-17T07:00:00+03:00;OK;347;6;1490;LOCAL_VALHALLA_MATRIX;ac2ecc847a9330105de234520e2c62c0a4a535d270dd0353860ae9c0e91b33fa;42de620fbc80c6c61b2428fbdcc2b6a0d688ccbb7fea04fba63ed1a6dd64ca8b;2026-09-23T00:53:28.118606+00:00;false
LOC-0085;LOC-0136;CAR;2026-08-17T07:00:00+03:00;OK;276;5;1578;LOCAL_VALHALLA_MATRIX;e1e3676630e6d91eb67dc2d3ccad70027cc041f6eefcb66bdcb8aef3256d8fa8;fe362ce94939f7c93b3aa06254bff696874c24c7fce002e4fb15d9317845c408;2026-09-23T00:53:28.118606+00:00;false
LOC-0085;LOC-0141;CAR;2026-08-17T07:00:00+03:00;OK;2154;36;13943;LOCAL_VALHALLA_MATRIX;b509bdead481d7e463d40692d04022af2f8327f11e2747bbb810085ad701a742;6c2a56c25a884d814f8b445526337b188c3d5ce0e45eacecd9ff3366d8768c2c;2026-09-23T00:53:28.118606+00:00;false
LOC-0085;LOC-0142;CAR;2026-08-17T07:00:00+03:00;OK;2258;38;14189;LOCAL_VALHALLA_MATRIX;71447cab4665b0d944c3662088da187b566d2b9e22627467c6347950da32df7e;88f66acc7e0388ed10f4588674303cb884c6b0d05263d4fff2afde7603fe45f0;2026-09-23T00:53:28.118606+00:00;false
LOC-0085;LOC-0145;CAR;2026-08-17T07:00:00+03:00;OK;1598;27;10917;LOCAL_VALHALLA_MATRIX;e6d07a187da98792a62c8c277183c7a4b93c8a4a5882f48c53fafe615b289f46;601f6df54b7c931db1a64803b4760de2140ee4629c036b30a1609f0f6f3f7b93;2026-09-23T00:53:28.118606+00:00;false
LOC-0085;LOC-0148;CAR;2026-08-17T07:00:00+03:00;OK;1773;30;11352;LOCAL_VALHALLA_MATRIX;137780cc641b6000ec7f3f22513f7b2bd3a91b241d7e76cc1fdae877978efcb9;66c82a84ca2588e14701d9fc7982f17ae9b87f7aebf0050927435edd6da04334;2026-09-23T00:53:28.118606+00:00;false
LOC-0085;LOC-0149;CAR;2026-08-17T07:00:00+03:00;OK;1730;29;11097;LOCAL_VALHALLA_MATRIX;f4531e3b53a3dfc01c965ecd5c6a3c7354ed4a3eb8c37d61522a217395dbc615;75b3247b998ae9f2cf6883c47b785ec1fee5497d9590b5baa9ee49aa6312afba;2026-09-23T00:53:28.118606+00:00;false
LOC-0085;LOC-0150;CAR;2026-08-17T07:00:00+03:00;OK;1702;29;10916;LOCAL_VALHALLA_MATRIX;ba081b23e09971a98f89e5f1e813402a89cda43bf3f43303d22de0b4a8853b5a;54b191d7551243807db1c8b873d8db5f0a68150aba363f6bb0a0beb77d58fc6f;2026-09-23T00:53:28.118606+00:00;false
LOC-0085;LOC-0151;CAR;2026-08-17T07:00:00+03:00;OK;1863;32;11757;LOCAL_VALHALLA_MATRIX;d14683f2923f256ac1dbbb2b287922c46dd3b011d7810ac9947d780a994c4ec1;43d7084593493244cfa22b29cf3eca3e273e15076d8e7bea494757ccc5e2aa81;2026-09-23T00:53:28.118606+00:00;false
LOC-0085;LOC-0190;CAR;2026-08-17T07:00:00+03:00;OK;1256;21;8020;LOCAL_VALHALLA_MATRIX;52e00fd5dc642db89b9c29767c10ee6a2929bae915f3e3b3fac906ef23e8eef2;dee1527284606f79c1e307ab1b271f7d5a6a01523f78b6fad730bf901dac8a3f;2026-09-23T00:53:28.118606+00:00;false
LOC-0085;LOC-0196;CAR;2026-08-17T07:00:00+03:00;OK;1889;32;12559;LOCAL_VALHALLA_MATRIX;327ce47e29fb1916c9616950dee5d5a0ed07ed7bcfa6008e571698e1a303bf23;1ec7d1f91042dfda68759dff22e040db821ad65f0857af5879c96e33d5e60700;2026-09-23T00:53:28.118606+00:00;false
LOC-0086;LOC-0002;CAR;2026-08-17T07:00:00+03:00;OK;327;6;1556;LOCAL_VALHALLA_MATRIX;222723c9d4093d9c9e528aed7f72dbe5d85ba1fffe59fdff5b214907b101d5e1;0615f55355d51a465b601b8c2062b1564e16e154479834fb6f593d5d4fddc70a;2026-09-23T00:53:28.118606+00:00;false
LOC-0086;LOC-0008;CAR;2026-08-17T07:00:00+03:00;OK;1413;24;9643;LOCAL_VALHALLA_MATRIX;74d33d10a93a8b1979cd43606a16578f186f14511153f5d02ff5ee3a71af0fa4;d0ba6fcefb6c04dd9934e92d7e5717fe0f5a3b2658b62963e6d50d8abeb3d881;2026-09-23T00:53:28.118606+00:00;false
LOC-0086;LOC-0009;CAR;2026-08-17T07:00:00+03:00;OK;2288;39;15304;LOCAL_VALHALLA_MATRIX;b00940959f3c2715f318a58bd90dc073c47fb62ac6a1d8ff81e27803c192a7a2;d7440c0d13f709608ef3c27c46e48a04e33e7d89df6fb4fbf5d63e1a1f539388;2026-09-23T00:53:28.118606+00:00;false
LOC-0086;LOC-0010;CAR;2026-08-17T07:00:00+03:00;OK;1455;25;9782;LOCAL_VALHALLA_MATRIX;9524013ccd4602bd113b364f6321a25ace535337fb93e816e47e5d0342ff8bfa;bb3e603278a698dcd0fcb82e8756d854652b19b9f16c57b06535c22b4671ce58;2026-09-23T00:53:28.118606+00:00;false
LOC-0086;LOC-0011;CAR;2026-08-17T07:00:00+03:00;OK;1308;22;8849;LOCAL_VALHALLA_MATRIX;19193c2710b0cb377c058a8133a317bd305e6a29f49d0ebced26d13b88445035;a0758ac4b10028d15997cda0f997789a8649b04144d3573dfd9666321f1b6b0e;2026-09-23T00:53:28.118606+00:00;false
LOC-0086;LOC-0013;CAR;2026-08-17T07:00:00+03:00;OK;463;8;1876;LOCAL_VALHALLA_MATRIX;a9e634e968d4e7530ac5630207b4dead7d3880e7c61f51a107d2fab08ece5746;1679e3d95416139cac575a1b1910c82b9481b16c747f66ed4c2b2ede7875a021;2026-09-23T00:53:28.118606+00:00;false
LOC-0086;LOC-0016;CAR;2026-08-17T07:00:00+03:00;OK;1067;18;6710;LOCAL_VALHALLA_MATRIX;e6d27706b1cdaf55722fd6d5879864b28a9531c1648ecfba3a49f6fa13f61c83;118ef52b8a2563070c78c2d3998322a6b077b18adf2769a133da85b97e6db9af;2026-09-23T00:53:28.118606+00:00;false
LOC-0086;LOC-0018;CAR;2026-08-17T07:00:00+03:00;OK;1775;30;11750;LOCAL_VALHALLA_MATRIX;7cbdca6c88bbd4a1963c78135e3067d6506b7a6a5278dae26a13c5a374a4731f;0c219285c129558f77b53e7a7a9b5adb887f5c8c3d744db4f38917bad1ec0534;2026-09-23T00:53:28.118606+00:00;false
LOC-0086;LOC-0019;CAR;2026-08-17T07:00:00+03:00;OK;1538;26;10039;LOCAL_VALHALLA_MATRIX;80f7ba383ca7e96ac2e81f0de477fad25154a7e25d589b81ba264c2dc7501c08;996320a8eaad75c79c28fb2e18b9fc06deceb75e4e20cb33e37b6b483036c8c1;2026-09-23T00:53:28.118606+00:00;false
LOC-0086;LOC-0020;CAR;2026-08-17T07:00:00+03:00;OK;1647;28;11196;LOCAL_VALHALLA_MATRIX;62ecc304760501b5082daa299d9f5eceb52d61503fcdfa0e788187b83f04f466;d78db4dafb4ea47b468e941896e04a16c114c22aa95187969a672956435a9589;2026-09-23T00:53:28.118606+00:00;false
LOC-0086;LOC-0027;CAR;2026-08-17T07:00:00+03:00;OK;1751;30;11226;LOCAL_VALHALLA_MATRIX;95f07dd2e2b857f05e53c2dc3f0b0f0f9a416bd7150bcdf3c26dd23bf0c41ea6;c51f73f32f8f3166b7cebd62dff730021e9e5b2ca6b81656adf38834ccebc85c;2026-09-23T00:53:28.118606+00:00;false
LOC-0086;LOC-0028;CAR;2026-08-17T07:00:00+03:00;OK;1387;24;8408;LOCAL_VALHALLA_MATRIX;3c6ef9fa6ccc670217dfe5de02fa73abebbafae47f8641e06fd7297e0c583615;ec52a4936173ed7d6f5abd24e72e3fc9d22d1cf7a33c0e40c73fac5600b8ee05;2026-09-23T00:53:28.118606+00:00;false
LOC-0086;LOC-0029;CAR;2026-08-17T07:00:00+03:00;OK;1248;21;7966;LOCAL_VALHALLA_MATRIX;2736b050949c1d4ba9632908f4c5ca655e1964f5fb0f8fa3372a17546a7408ff;2260f44208521f0cbfe56a84202bf060b673e83bcc218e3c9953b9164f8f7ed0;2026-09-23T00:53:28.118606+00:00;false
LOC-0086;LOC-0037;CAR;2026-08-17T07:00:00+03:00;OK;625;11;3938;LOCAL_VALHALLA_MATRIX;726b4153feac9c8bb8c403dc711af1af3eb33761bbcb23071769c655e817a1e8;6ef85880e1046607e9db5340d7961f1a71e5c87c045ce0706cb03c2de1e44262;2026-09-23T00:53:28.118606+00:00;false
LOC-0086;LOC-0045;CAR;2026-08-17T07:00:00+03:00;OK;1434;24;9470;LOCAL_VALHALLA_MATRIX;d7a77b27125df7bb4a2536ed5fc70d8e18079826e865ca68b5dcd8d42b17fdc3;d1064f3fff7aee13960d886eafd33ce693fc349e23f44c4f1e5b65870e63a04d;2026-09-23T00:53:28.118606+00:00;false
LOC-0086;LOC-0053;CAR;2026-08-17T07:00:00+03:00;OK;985;17;6597;LOCAL_VALHALLA_MATRIX;7c31cc45b39b10e0cb94c1a020d25277b0983964e8382cf11e70a5e3b147e7ab;d801b188ea5354709831a976cc7fbfbdbc493a761bce0a4ae7b6c6011c4c629f;2026-09-23T00:53:28.118606+00:00;false
LOC-0086;LOC-0054;CAR;2026-08-17T07:00:00+03:00;OK;756;13;4943;LOCAL_VALHALLA_MATRIX;281890e355216d1128eead8a4a10d1a9d38955044569fc7cd8160fadff5c0432;faf2f6efea5ddbcc44b71328f17820fa3d32a0f19758a72f0422ab73500bc6ec;2026-09-23T00:53:28.118606+00:00;false
LOC-0086;LOC-0064;CAR;2026-08-17T07:00:00+03:00;OK;1436;24;9397;LOCAL_VALHALLA_MATRIX;9b3bca12f794b7a93636394afc1988d4615933f537a46f379f8179fac09ce64f;28be7c1b64fcc8aa894107a9e91b064acce44331ea5290af4e3ead2e02c88dc0;2026-09-23T00:53:28.118606+00:00;false
LOC-0086;LOC-0075;CAR;2026-08-17T07:00:00+03:00;OK;1752;30;11196;LOCAL_VALHALLA_MATRIX;b528a2dbbed707cde1ecb2c5b99b7aa5e788a5f32907a8b4db626bf7b8bd6245;cf0807a55b787e7ea4784531f23eab4d175a8ba50e0ece56f4baa3cd3929f855;2026-09-23T00:53:28.118606+00:00;false
LOC-0086;LOC-0076;CAR;2026-08-17T07:00:00+03:00;OK;992;17;6743;LOCAL_VALHALLA_MATRIX;44eb460cf5e824e36f11bca5b41adf8e1e1f4736b40c523ddd96a9b0d963e9c5;9b497aed358c4e6299e404bf0e588d43b3518b52537c094c607a2be54f5419b7;2026-09-23T00:53:28.118606+00:00;false
LOC-0086;LOC-0080;CAR;2026-08-17T07:00:00+03:00;OK;1575;27;10529;LOCAL_VALHALLA_MATRIX;ac4643b3b6d185154e3b23a022833730d93e525de818bb8535444b9df0af513d;7533856b6fff500a0b37cbe237396e467dbdabdbeb209b1bc5bd5f4bd464d82e;2026-09-23T00:53:28.118606+00:00;false
LOC-0086;LOC-0082;CAR;2026-08-17T07:00:00+03:00;OK;1430;24;9427;LOCAL_VALHALLA_MATRIX;4973fff57bfba2d86211b5958c0a4ed5911fb65228835a15957b80914b8ef795;d3be939f2f8f810f9b90974e5a63e19ec3249d2bdd47dd8ce3945dce0bbde893;2026-09-23T00:53:28.118606+00:00;false
LOC-0086;LOC-0085;CAR;2026-08-17T07:00:00+03:00;OK;171;3;419;LOCAL_VALHALLA_MATRIX;2372e2e78fc4a9073d734ca3de7330c5033f5084e0e14895a910a2a208d64d03;ff5f820d2f2ce11ffc0b56d378bafc9959ed20eab4ce0b5d3802256ad1ffeff2;2026-09-23T00:53:28.118606+00:00;false
LOC-0086;LOC-0086;CAR;2026-08-17T07:00:00+03:00;OK;0;0;0;LOCAL_VALHALLA_MATRIX;e2b6a5e1f4bb73caf68521532147a9408acd1bd4f395a1bf2d22a9ac69e9b5ee;3d5812abc84c11768aa73a732c85d75dbed439188f5bb3239e9b762ea31d9862;2026-09-23T00:53:28.118606+00:00;false
LOC-0086;LOC-0091;CAR;2026-08-17T07:00:00+03:00;OK;1375;23;9449;LOCAL_VALHALLA_MATRIX;ae8c3240d8640cb28b6b5d1aa6adbaaa727e0d6c251e468e20248063c74e317c;84a9acda09b06472d0f23f2d0ef40ca0afc392d9ddb67c93d5ee38476e7bbd18;2026-09-23T00:53:28.118606+00:00;false
LOC-0086;LOC-0092;CAR;2026-08-17T07:00:00+03:00;OK;1504;26;10196;LOCAL_VALHALLA_MATRIX;74a01aab26d49c15347a582918f3b03a8a7f57da6930fad7742535fe2d8f37fd;852fd75f9588768209a94b671a8ef7298012f3002f67d7f4d3035a26dd85616f;2026-09-23T00:53:28.118606+00:00;false
LOC-0086;LOC-0094;CAR;2026-08-17T07:00:00+03:00;OK;268;5;844;LOCAL_VALHALLA_MATRIX;561fb9e0a4ec2d043e8cc91ac36db6ac77668a9b871330000f9ff2e78b9b5547;28dd9e1bb5fddc5f7bf5cebfa6be01d117bdae722bc1187de4b5dae2bb7273f8;2026-09-23T00:53:28.118606+00:00;false
LOC-0086;LOC-0095;CAR;2026-08-17T07:00:00+03:00;OK;379;7;1559;LOCAL_VALHALLA_MATRIX;ac4f69d9cceff6ea0272fe421861d633e69ce597c408b2005bbb7f01117e2504;73a70f72c44c67535d62455573a4707b60f07a6a8ce53c0de25d6cc828ae7361;2026-09-23T00:53:28.118606+00:00;false
LOC-0086;LOC-0112;CAR;2026-08-17T07:00:00+03:00;OK;1337;23;9115;LOCAL_VALHALLA_MATRIX;a77512c313bbd1a1e8e5c44581aca1adcec42c1015a0fbc3848a966a7083ebf3;124371ce940f48899ca5b3ea4ce5e43399db581c365a30ca0fe583dd657e7da8;2026-09-23T00:53:28.118606+00:00;false
LOC-0086;LOC-0124;CAR;2026-08-17T07:00:00+03:00;OK;2389;40;15761;LOCAL_VALHALLA_MATRIX;d209a6ecc2544ddc8d787ad9c28ee89994359f5adcc871730905dcd40bfd7fb7;6ecc26fa774b4e16e11b6873d2eabf52f4232eaa7ddf8a8885a4f951ef2958ea;2026-09-23T00:53:28.118606+00:00;false
LOC-0086;LOC-0126;CAR;2026-08-17T07:00:00+03:00;OK;1298;22;8696;LOCAL_VALHALLA_MATRIX;73f7a14760add1553fe9778fddda48f035a3ce862b3be7a735fdb5469fe70673;4bc9244e87ec16d78f4d5e6d2e22aff411017a7c6bbb594e71d2cfc209e39f45;2026-09-23T00:53:28.118606+00:00;false
LOC-0086;LOC-0128;CAR;2026-08-17T07:00:00+03:00;OK;677;12;4126;LOCAL_VALHALLA_MATRIX;6903c05ced2f55d33e50fb7a0e0536a65103ff61bb100350e6552046bcdff209;1888629ce83b564d0b76bc636b7196bf5dfca7137c67150180f5b66d8904459a;2026-09-23T00:53:28.118606+00:00;false
LOC-0086;LOC-0134;CAR;2026-08-17T07:00:00+03:00;OK;243;5;1022;LOCAL_VALHALLA_MATRIX;ec9e3490d1fc185f460774626b87c27971a5b0490a32371f16d89d6d14df62f4;32ca562b488c8b47ed922c2c0f89eeed01569a983456952318ef529b418efe5d;2026-09-23T00:53:28.118606+00:00;false
LOC-0086;LOC-0135;CAR;2026-08-17T07:00:00+03:00;OK;337;6;1554;LOCAL_VALHALLA_MATRIX;957911625724bc96354184723bc3bcd547a75b4705823193c77fdcf72b868940;b87c7d25ec63d0e5e5e766479287f87e38625ec998a1c972a3b15d775ac80ef0;2026-09-23T00:53:28.118606+00:00;false
LOC-0086;LOC-0136;CAR;2026-08-17T07:00:00+03:00;OK;287;5;1452;LOCAL_VALHALLA_MATRIX;56fd43418cbf5ceb39cdf2d79d9fb3df52ebcb7378e6a7aba3d72e4008c2696e;e51c5ad91243c2535047f2b6748a9b4a840ec4f9a10190d055aaf67e0e3c6527;2026-09-23T00:53:28.118606+00:00;false
LOC-0086;LOC-0141;CAR;2026-08-17T07:00:00+03:00;OK;2144;36;14007;LOCAL_VALHALLA_MATRIX;c6471ecf9f0943d0110cd37a7e62192c5418399baaa7380747f53d6c8d77c14c;abd1c82b6ac64f68d39450ddef93e55abdee1d067a761af34b2a0422ca569394;2026-09-23T00:53:28.118606+00:00;false
LOC-0086;LOC-0142;CAR;2026-08-17T07:00:00+03:00;OK;2248;38;14253;LOCAL_VALHALLA_MATRIX;79740c02e046f9ec7a1fdf3320a15241fc1aaa720033f237044627ec0eaa243f;6b30fe36cb593e4a49325dea08c56ec1cc7e0dbbf1d5860e35ffd74dfa706320;2026-09-23T00:53:28.118606+00:00;false
LOC-0086;LOC-0145;CAR;2026-08-17T07:00:00+03:00;OK;1589;27;10981;LOCAL_VALHALLA_MATRIX;4bdfb820a0bfe7063c2c560bef26e4e2af00df33f2d6dbee79370db9c20d698b;e26842cf7e66e87164d7a02f6b0650408ee9b3f9da2c2550e5c436bfdb8d4ea8;2026-09-23T00:53:28.118606+00:00;false
LOC-0086;LOC-0148;CAR;2026-08-17T07:00:00+03:00;OK;1763;30;11416;LOCAL_VALHALLA_MATRIX;f800a50b672fae9b9da8d5530247f858579a421f42765f63180b7c5f96715c9e;98733680f25c092921c41c89db1a2e5307a0f4ca808c246e40da11915245625f;2026-09-23T00:53:28.118606+00:00;false
LOC-0086;LOC-0149;CAR;2026-08-17T07:00:00+03:00;OK;1720;29;11161;LOCAL_VALHALLA_MATRIX;f36032958999889b097343131519d8aca3e2ded1afe9160d7bf36746ef1a57b1;bfe32228774e4a20f6f0cd166afb3109d100f5ace03da42ead17c887a98be366;2026-09-23T00:53:28.118606+00:00;false
LOC-0086;LOC-0150;CAR;2026-08-17T07:00:00+03:00;OK;1692;29;10980;LOCAL_VALHALLA_MATRIX;8ae514b53f653c4297483e0997572806c938cc30a62f265a28480240dad6bb0f;b0bb3f7a04634d545de6d2061b8427019a9f1970d85daa79bba1792b9d6c7973;2026-09-23T00:53:28.118606+00:00;false
LOC-0086;LOC-0151;CAR;2026-08-17T07:00:00+03:00;OK;1854;31;11821;LOCAL_VALHALLA_MATRIX;69cf2648f2e384d5cc37b7da8e0600123144685b857740287e84373c654bc6b5;a2ef980c7bb8164ceef5da80e76b801ec1249b77b3ea5bcf1644de34dbdac488;2026-09-23T00:53:28.118606+00:00;false
LOC-0086;LOC-0190;CAR;2026-08-17T07:00:00+03:00;OK;1247;21;8084;LOCAL_VALHALLA_MATRIX;d2038681f21270a063919f24ce943e03e470cf796021f13420ee4df60907ecfd;714b90c02b1e33b872d722646caec4e7c9fce851189a55f1d5949186a05c99f6;2026-09-23T00:53:28.118606+00:00;false
LOC-0086;LOC-0196;CAR;2026-08-17T07:00:00+03:00;OK;1879;32;12623;LOCAL_VALHALLA_MATRIX;505beb555edbe0240403cd513a41be1ea1752649264792bc3d8dd7d37875aefa;fb0768219aea5b16a8aded595aa67187c80af632d385afa74837afffaa34f6cc;2026-09-23T00:53:28.118606+00:00;false
LOC-0091;LOC-0002;CAR;2026-08-17T07:00:00+03:00;OK;1147;20;7739;LOCAL_VALHALLA_MATRIX;9d063b283675e71c29cb3f6b83dd925d2e7d6d8af040685e9289938318219190;31470ffb17f4f50a97e17415fd896a1b887ade4e7ed81131f3136e8aca2cd8ea;2026-09-23T00:53:28.118606+00:00;false
LOC-0091;LOC-0008;CAR;2026-08-17T07:00:00+03:00;OK;430;8;2468;LOCAL_VALHALLA_MATRIX;42966046d3e28d0c68de15a9b53e855220df26483119e26fd352e0ad46122da2;018afa4a166c6a1fd5ba0ec6c3bb895d44dbf31cca6be0378d10615c929c1257;2026-09-23T00:53:28.118606+00:00;false
LOC-0091;LOC-0009;CAR;2026-08-17T07:00:00+03:00;OK;2351;40;16146;LOCAL_VALHALLA_MATRIX;6c2e362780030b6eaeceff5c84dca2fb26ba0b1f85ed44a2c069536f935c558b;0f43d9dc392ec7544c82a8977b2be576b35bd7ffeb7c59b3b4e91d76384f13b9;2026-09-23T00:53:28.118606+00:00;false
LOC-0091;LOC-0010;CAR;2026-08-17T07:00:00+03:00;OK;320;6;1693;LOCAL_VALHALLA_MATRIX;7e128a582a16fe2ba8368cf0302038703862bbb87c369a0b88c27da8eb375071;989ea4d185344c5f8fd1752d6f66f371afcdfafab292419c153b73227062fa01;2026-09-23T00:53:28.118606+00:00;false
LOC-0091;LOC-0011;CAR;2026-08-17T07:00:00+03:00;OK;328;6;1827;LOCAL_VALHALLA_MATRIX;e90b0ccb088b50311dedc50135b5e4044778f50233e6ce8052ac808a05408a6f;ad7519d07c4967bf9071679779b2fd4a66322eb00753c22ed14223bf52b67a91;2026-09-23T00:53:28.118606+00:00;false
LOC-0091;LOC-0013;CAR;2026-08-17T07:00:00+03:00;OK;1397;24;8975;LOCAL_VALHALLA_MATRIX;23f2461d5ae6dd9fa8aa0a6ceea14e540a832b91aae0871e71d0101764f48e25;c9db936a5fd5bf0727f68caaac88c45d904043e6ffbc56adc0b30e2e1174e5e4;2026-09-23T00:53:28.118606+00:00;false
LOC-0091;LOC-0016;CAR;2026-08-17T07:00:00+03:00;OK;1677;28;11368;LOCAL_VALHALLA_MATRIX;6991891837175d78121b355855c97de193858d63aa8f0213849765a00a54a926;9032fba619a8425b80490f468ba0ae50ca301bbe8e5b6c06dbbdfb6a0d04d7d3;2026-09-23T00:53:28.118606+00:00;false
LOC-0091;LOC-0018;CAR;2026-08-17T07:00:00+03:00;OK;1178;20;7691;LOCAL_VALHALLA_MATRIX;1bba3a05cbbe6c168599250259420e8884c303afcc76a45384655581157ebc16;155d1468a6ba2d4eb35555047af6bf7a5084f9c96a73e7a56fd51c893a5abefc;2026-09-23T00:53:28.118606+00:00;false
LOC-0091;LOC-0019;CAR;2026-08-17T07:00:00+03:00;OK;533;9;2550;LOCAL_VALHALLA_MATRIX;5760b2d74c16b764aa20b98680487abcc6548fd5ff1ae3567439d03b17051027;1a00af4fc3f72756132e83f6287c9ee06b04b949b4cab3271f9fd9fe7ec2b9b4;2026-09-23T00:53:28.118606+00:00;false
LOC-0091;LOC-0020;CAR;2026-08-17T07:00:00+03:00;OK;484;9;2824;LOCAL_VALHALLA_MATRIX;7e3dd4d12693e4153239237619fe03864298f90b3c6084dc58eeded5af6a9c5d;5aa9ca67bc6cb96590b172791d01b4f1a4c2d55b724e33b0e13102f1e2eaab8e;2026-09-23T00:53:28.118606+00:00;false
LOC-0091;LOC-0027;CAR;2026-08-17T07:00:00+03:00;OK;1148;20;7100;LOCAL_VALHALLA_MATRIX;8f5b01477c0d9f27d3344d665a74cd30b201c622535e3aa8d632c03f773b1d0f;a50ae92a9008f080f97c114514bf1d2a728aa6698e5b4109618bab3abcc0093d;2026-09-23T00:53:28.118606+00:00;false
LOC-0091;LOC-0028;CAR;2026-08-17T07:00:00+03:00;OK;1566;27;9863;LOCAL_VALHALLA_MATRIX;0cb523d72ffe4d997ec40145e6a632a9f46837bd14e12bcfe67dc69d64968a8f;50cb6a89a1820aad8b6637afa093b903f5bddc3019fef89659217b00b126858f;2026-09-23T00:53:28.118606+00:00;false
LOC-0091;LOC-0029;CAR;2026-08-17T07:00:00+03:00;OK;1427;24;9420;LOCAL_VALHALLA_MATRIX;339dfb35083c8a21fab95c05e2255c866b45b24c07b781a8f10a8c371bffec5f;2cf4474fb49446df6ed8908f9fdd8b4f8cfcccc4a7735ab75dd563b90c92567c;2026-09-23T00:53:28.118606+00:00;false
LOC-0091;LOC-0037;CAR;2026-08-17T07:00:00+03:00;OK;959;16;6080;LOCAL_VALHALLA_MATRIX;308b02020e2b4e0e9a375ed1a1989b4233ad9aebb9df93b4bd5fa710dee970e9;043a056999cbb8ce7e7615e458334c46749be297c9d7d04e87df39b65ec644bf;2026-09-23T00:53:28.118606+00:00;false
LOC-0091;LOC-0045;CAR;2026-08-17T07:00:00+03:00;OK;1411;24;9176;LOCAL_VALHALLA_MATRIX;b86908c79a4e83772a0340731470c2f30ac8a56e08945a0dc3899c88c2d756b8;cfa8cef50e69caacc0bee41c7eee705b72a276b8ad63ead106e5aeb2a43d104a;2026-09-23T00:53:28.118606+00:00;false
LOC-0091;LOC-0053;CAR;2026-08-17T07:00:00+03:00;OK;1545;26;10522;LOCAL_VALHALLA_MATRIX;5cf6fcd27a2b2e77f125cd06e106534a4093c2f006cd9e0435ab2e39feec6d9f;ccd71aacc89170d2b791c47880ba928d9fc7be905e259c92143e6be50b14d6ef;2026-09-23T00:53:28.118606+00:00;false
LOC-0091;LOC-0054;CAR;2026-08-17T07:00:00+03:00;OK;839;14;5124;LOCAL_VALHALLA_MATRIX;87d66d858b97d06d71e6fce0ff62101a5b759397b70e70a66e143aaeb8f61582;c8b1d3785235163ef5f490fec45330c0bb80f9325d943625ab485170b47d3f41;2026-09-23T00:53:28.118606+00:00;false
LOC-0091;LOC-0064;CAR;2026-08-17T07:00:00+03:00;OK;1499;25;10239;LOCAL_VALHALLA_MATRIX;e01b91d4c42ba6b97c3dd38e35087b3520f0c8fb214cd0a9ef6cf456a8f8451b;506cb951bf3bb0d28d3729ac034fe475a9006b1ae246a130a4c2118b9031e39b;2026-09-23T00:53:28.118606+00:00;false
LOC-0091;LOC-0075;CAR;2026-08-17T07:00:00+03:00;OK;1214;21;7529;LOCAL_VALHALLA_MATRIX;8f15965f889e8cc968a3df87ac3da36c79681468b0110b72422fea5449f83824;f1d3fd19130f44012e3d16340012b839b16336a7fcaff3e8b1986138fae0671d;2026-09-23T00:53:28.118606+00:00;false
LOC-0091;LOC-0076;CAR;2026-08-17T07:00:00+03:00;OK;1600;27;11402;LOCAL_VALHALLA_MATRIX;4af9245867d188ea3455faad2d4bb670e250854685cb1b8d0e11ff41a6930657;69db0492689dbdfd3b9dd4a25ff68524c1f1582a523468011cb6a40b62c21771;2026-09-23T00:53:28.118606+00:00;false
LOC-0091;LOC-0080;CAR;2026-08-17T07:00:00+03:00;OK;1016;17;6432;LOCAL_VALHALLA_MATRIX;69a691a6003e5cd9ce5449f044e5688336cd5f06875ebc0a52c58d8e7a52ad5d;8f71ff71ef84ec7de13fa43cff41c60a6ee17930d14395c8fc5625c4aef5806d;2026-09-23T00:53:28.118606+00:00;false
LOC-0091;LOC-0082;CAR;2026-08-17T07:00:00+03:00;OK;1493;25;10269;LOCAL_VALHALLA_MATRIX;6d145a27fd467c75bea009581e7c48afef22e2cb4cc7a704f53bff0c9c9fec93;17739bc44a130c6d24bb3e6948bbe4c919347af6b638e58f16f950c967dd151e;2026-09-23T00:53:28.118606+00:00;false
LOC-0091;LOC-0085;CAR;2026-08-17T07:00:00+03:00;OK;1266;22;8638;LOCAL_VALHALLA_MATRIX;3546e21408b13cf7cfa17323623c3b9f95778f783075119b8120f8c2c85d5344;ea57faae4582affd4be11b45945db37dae596de51117cfdbd98f08b56804a7ce;2026-09-23T00:53:28.118606+00:00;false
LOC-0091;LOC-0086;CAR;2026-08-17T07:00:00+03:00;OK;1268;22;8639;LOCAL_VALHALLA_MATRIX;10104cfb02e5d6e1545a3897a370488fafc6cb152e93677512ace91ebcd906d4;fc23562344d47afb2568f2cc5728d9b0468ea9b2572c674a9faf5cc30cb4a944;2026-09-23T00:53:28.118606+00:00;false
LOC-0091;LOC-0091;CAR;2026-08-17T07:00:00+03:00;OK;0;0;0;LOCAL_VALHALLA_MATRIX;7002bd6f017af1db17d3a3fd47ec643d97f6d7f2197e4bae26b1636ca07ff345;3d5812abc84c11768aa73a732c85d75dbed439188f5bb3239e9b762ea31d9862;2026-09-23T00:53:28.118606+00:00;false
LOC-0091;LOC-0092;CAR;2026-08-17T07:00:00+03:00;OK;339;6;1823;LOCAL_VALHALLA_MATRIX;3a0f40cd92d1d9939da90148be8fccc794d5597ed72dc5b4efcd5c0e08e9fbd1;81f7173614e2f6a03445c325a76c5e7b0ad9fb909c5d759db31ef97d65afd819;2026-09-23T00:53:28.118606+00:00;false
LOC-0091;LOC-0094;CAR;2026-08-17T07:00:00+03:00;OK;1397;24;9319;LOCAL_VALHALLA_MATRIX;00aba816c6a0804943f31e339fab17285730c2670438761cd2d7be141f58643a;d612943bbef09634420944b6eaf57e61ad08651fa675481530c8796516581d54;2026-09-23T00:53:28.118606+00:00;false
LOC-0091;LOC-0095;CAR;2026-08-17T07:00:00+03:00;OK;1507;26;10034;LOCAL_VALHALLA_MATRIX;35b107921f24e6377d24b968be83070294a7ccbc2ef9fdc4b5b9aa2ea023e08e;cfb13e062d8db22b8c927d0e55c2a60eba386a25affb29ff172e9d82107121b6;2026-09-23T00:53:28.118606+00:00;false
LOC-0091;LOC-0112;CAR;2026-08-17T07:00:00+03:00;OK;693;12;4211;LOCAL_VALHALLA_MATRIX;d115f1266d626d8ba4ceb37f98066652cbd892fb01f4182690e1c93ce80ad89d;7f4ab28b70b28acd7f04052549ce9000a90b6fe4054ac00f87efe8dd70b6223c;2026-09-23T00:53:28.118606+00:00;false
LOC-0091;LOC-0124;CAR;2026-08-17T07:00:00+03:00;OK;2452;41;16604;LOCAL_VALHALLA_MATRIX;d5c1876e8ba89a822fb70b605a33af96c7dfdc0132e626938400efd96919e862;c6db73fb48d9fca92c164d747df125674510d1f676a9e44fe53197f007a4ee2c;2026-09-23T00:53:28.118606+00:00;false
LOC-0091;LOC-0126;CAR;2026-08-17T07:00:00+03:00;OK;714;12;4206;LOCAL_VALHALLA_MATRIX;08fca46748b93a2cfa1478e57af3813144a06593ebb467639fe6b18b498ceb97;6de9c54d18c2b6b0ebd8625f0b73c43cf3c2fbf9e99101036a925b844b70133f;2026-09-23T00:53:28.118606+00:00;false
LOC-0091;LOC-0128;CAR;2026-08-17T07:00:00+03:00;OK;1034;18;6419;LOCAL_VALHALLA_MATRIX;089cb2ef1859046d19efd659f305c12248774604cf0eb152b5aa9bcb8b7389fd;e0ddb6accc3c9e8e0dcc2843e56206484bdf25b4e1d8e6cf692a6d41eb4bf0cb;2026-09-23T00:53:28.118606+00:00;false
LOC-0091;LOC-0134;CAR;2026-08-17T07:00:00+03:00;OK;1169;20;7881;LOCAL_VALHALLA_MATRIX;7f9b6e5ad4085dad2ce421f69575b90e2f4b23f16796fd0a2b76ad832593c8ed;9121218755b6de015448b1cbb1abea08780abfa3ddf0300eba2aae08d3476d85;2026-09-23T00:53:28.118606+00:00;false
LOC-0091;LOC-0135;CAR;2026-08-17T07:00:00+03:00;OK;1268;22;8566;LOCAL_VALHALLA_MATRIX;0d92903c8573df6bb64181ac9124f8d9e53bb3ca763a00691de5e0f36b9800e8;a7d6daf00b2eeea78c6f2c0552e5c136eb5676a9f6939b21c07adc9b1a529987;2026-09-23T00:53:28.118606+00:00;false
LOC-0091;LOC-0136;CAR;2026-08-17T07:00:00+03:00;OK;1217;21;8463;LOCAL_VALHALLA_MATRIX;51787068a0220d35bdb528f23e65af2465b080b6d52670fb8e489d1dd3a6e3f9;89394c57e1fd9f12bad93196249fc5f1bba15a3cfb8a28b8eff6fd48bfbedae5;2026-09-23T00:53:28.118606+00:00;false
LOC-0091;LOC-0141;CAR;2026-08-17T07:00:00+03:00;OK;2208;37;14849;LOCAL_VALHALLA_MATRIX;e15c2bba84b016a5e648e914dca5a27e4e9eb261d8d865fa2837585a310df22d;02575ff86594279fef3bbb52319777c65c7d9a53497de4756fd2b8cd2ef25a50;2026-09-23T00:53:28.118606+00:00;false
LOC-0091;LOC-0142;CAR;2026-08-17T07:00:00+03:00;OK;2312;39;15095;LOCAL_VALHALLA_MATRIX;89bd6f1ee927b3a0ce132312c637532414bae120d6dfa554f222dfd657ea9d86;e06cc4959a52462224e7c2deaf00506332092a6fd65e80012faf2c48008bf2b8;2026-09-23T00:53:28.118606+00:00;false
LOC-0091;LOC-0145;CAR;2026-08-17T07:00:00+03:00;OK;426;8;2609;LOCAL_VALHALLA_MATRIX;fd0cbdba00e6edaf62e348cdcb4ef22997c46c7cf6d25e1d60de907f3df48259;18f70ddaef3e885e45ce623529f2f9d0e0bd0a1ee00f4af58639968cdcf69cd9;2026-09-23T00:53:28.118606+00:00;false
LOC-0091;LOC-0148;CAR;2026-08-17T07:00:00+03:00;OK;1144;20;7261;LOCAL_VALHALLA_MATRIX;80d6b52765696dc3d3a0484e60f382e5dbb0203a9d0ba645230e0ac6c999a0f1;d79b829207237d74a6017815f42a71a44efd1cd98d6dd7ec6a513593dd974109;2026-09-23T00:53:28.118606+00:00;false
LOC-0091;LOC-0149;CAR;2026-08-17T07:00:00+03:00;OK;1103;19;7002;LOCAL_VALHALLA_MATRIX;4e775ad1a4b15fb49a7013d3c29d890987e307f3d96bd6a75ca748ad4a81ba3d;4e57d4efafe6191a96aca756ed1425bd35170a073fa0a1cb7801a965d3e8c7b0;2026-09-23T00:53:28.118606+00:00;false
LOC-0091;LOC-0150;CAR;2026-08-17T07:00:00+03:00;OK;1075;18;6821;LOCAL_VALHALLA_MATRIX;fea658e239178d093175a6011cacd104e26a7526d862d6ef94746a1a1c8ce793;0b75bbfa1efcc8bc12f27155c3e00431c9bb16aec7779fc7c8657f5134ef2c5f;2026-09-23T00:53:28.118606+00:00;false
LOC-0091;LOC-0151;CAR;2026-08-17T07:00:00+03:00;OK;1234;21;7666;LOCAL_VALHALLA_MATRIX;a8c782cab4446c87444a5678d291ef4369ef7e3d3e1cf6f953b3c8a621084de0;ee4251f8c7c3be70e499d5c4664b0d93b7797391f7f028da73de87d265ebd563;2026-09-23T00:53:28.118606+00:00;false
LOC-0091;LOC-0190;CAR;2026-08-17T07:00:00+03:00;OK;628;11;3726;LOCAL_VALHALLA_MATRIX;406f9a0a31bd97c8272f33b593a94bc848e40b5d5e005b757cd25ae7be85e87e;d77cd65f37db6d36f8be33c3acddf94dc317b73538722552da2274e8e5bed994;2026-09-23T00:53:28.118606+00:00;false
LOC-0091;LOC-0196;CAR;2026-08-17T07:00:00+03:00;OK;1240;21;7812;LOCAL_VALHALLA_MATRIX;8bfccd8a55aa8a242f9506ccb9438657fed7c7aac100454bbd879b8a267139f1;3c145eabd98f8c58dd9ce2bcb351d195c754c3ff826ee760ee329638db4da9df;2026-09-23T00:53:28.118606+00:00;false
LOC-0092;LOC-0002;CAR;2026-08-17T07:00:00+03:00;OK;1275;22;8310;LOCAL_VALHALLA_MATRIX;fa8f0b15408482cc02aa3d977f4b4c3f42dd126c6cc72e7c8af35eb93fd4c86c;6ce82eb0e557afb96e2980001e2377a78b5fe7bfdd06e248c42f507be164b334;2026-09-23T00:53:28.118606+00:00;false
LOC-0092;LOC-0008;CAR;2026-08-17T07:00:00+03:00;OK;603;11;3442;LOCAL_VALHALLA_MATRIX;de6063e8fa4beb4853be5e2b8047ee6fe9ec64665808511cd9b698964010db7b;42387605397a8c01fb910ea5bb5d7eb62c7fab16d26de0ac6aa503818e2b7640;2026-09-23T00:53:28.118606+00:00;false
LOC-0092;LOC-0009;CAR;2026-08-17T07:00:00+03:00;OK;2279;38;14646;LOCAL_VALHALLA_MATRIX;191b0751a009a4bbfb59fdaff05eef1c2fb59f4ed971a5f1f16f0a82e7a057db;0846d80a1fddd4bd0387fa0b9eedc66a7d412dc1681b11b5ac47584886fd3077;2026-09-23T00:53:28.118606+00:00;false
LOC-0092;LOC-0010;CAR;2026-08-17T07:00:00+03:00;OK;494;9;2667;LOCAL_VALHALLA_MATRIX;a941ad0996196e1f6474e9d81f50905b51e15a3629ded5b979115d224cebfd64;e30d748a5a1846fff142f18a5c1546628f8abe480b46347bc1ef772cd8e05357;2026-09-23T00:53:28.118606+00:00;false
LOC-0092;LOC-0011;CAR;2026-08-17T07:00:00+03:00;OK;501;9;2801;LOCAL_VALHALLA_MATRIX;939581cc73d838796c6e2c677b115338ed65861b9799780e70ced6c80e2b24fe;e9eeea14a4310188c2f7485231f0d184d99d772b2d35bd2cbe399c96bcc6615c;2026-09-23T00:53:28.118606+00:00;false
LOC-0092;LOC-0013;CAR;2026-08-17T07:00:00+03:00;OK;1526;26;9547;LOCAL_VALHALLA_MATRIX;ef747b0247ccb19b6aed4585bf620adfa37506b71dd7753fa516460a75f189c0;487300100fd23f4fee6bf9bcc300473c0a823ccaeace6cf457dce832eb0a44eb;2026-09-23T00:53:28.118606+00:00;false
LOC-0092;LOC-0016;CAR;2026-08-17T07:00:00+03:00;OK;1805;31;11940;LOCAL_VALHALLA_MATRIX;8a30a687b5aa577756b92061ac8fc3a18cac810114d56d0cbd98c29a4ecd04cd;f03ad32fc74b500c4c4d94057cfb2d3c14d7a6ef57c09fd5b45443ee9e771f7d;2026-09-23T00:53:28.118606+00:00;false
LOC-0092;LOC-0018;CAR;2026-08-17T07:00:00+03:00;OK;1060;18;6724;LOCAL_VALHALLA_MATRIX;ff02e7d05ee42168951c61280f20630b20985f041adc13c7b0b30194f2cfa472;ed57b2f45eb319c56a7d587bbab13053743ab696d407e8caee2daec39b0f19d8;2026-09-23T00:53:28.118606+00:00;false
LOC-0092;LOC-0019;CAR;2026-08-17T07:00:00+03:00;OK;621;11;3305;LOCAL_VALHALLA_MATRIX;84d3755fbae9369416e234dd1e7c7cd6798a0a4a8a22691b57bbebe4c12e2d2d;b511fa2af185531a0e8cd3fcb63ba3f6205bb89b6798bda2dc6292da40634b4e;2026-09-23T00:53:28.118606+00:00;false
LOC-0092;LOC-0020;CAR;2026-08-17T07:00:00+03:00;OK;358;6;1857;LOCAL_VALHALLA_MATRIX;2da5bccbd718563aea46e7d52d07f123fbdb91bb345d1b06fee2fcda9d392b9d;d6d5ea6dcde1469490edb70d19937c93a1d6c5e32f80d9bc231305da52504e81;2026-09-23T00:53:28.118606+00:00;false
LOC-0092;LOC-0027;CAR;2026-08-17T07:00:00+03:00;OK;951;16;5533;LOCAL_VALHALLA_MATRIX;457bc76f7eb074824f3445063780645e8d7b3117e8f4c596ff89ed61667603cd;5e7e98579a42002d616f02bcf0e06160a3a82c9290350e944abf0c6673c2a0e3;2026-09-23T00:53:28.118606+00:00;false
LOC-0092;LOC-0028;CAR;2026-08-17T07:00:00+03:00;OK;1740;29;10837;LOCAL_VALHALLA_MATRIX;8832e0812895916ac0f41f06ffce61bea51a782cfac31809b48ed30a14fed83d;4b72c19ac15b8b14ab933495eca0259bc27456a11521cd8e5fe66aaddc562ff8;2026-09-23T00:53:28.118606+00:00;false
LOC-0092;LOC-0029;CAR;2026-08-17T07:00:00+03:00;OK;1601;27;10394;LOCAL_VALHALLA_MATRIX;9b1c36ad5e488f7617d1419cc72fbece234896f86e1d88e32fb4ec3cf104ac97;510009415b9311473bae13dfccc83be0d8144573e50d06ab41439c0cf6944e0a;2026-09-23T00:53:28.118606+00:00;false
LOC-0092;LOC-0037;CAR;2026-08-17T07:00:00+03:00;OK;1087;19;6652;LOCAL_VALHALLA_MATRIX;7fce8994a47f19d7b4ec92316febc828e680060bdc5e543c93ec476d41aaa713;d38aa961fbbb4465a103b1137cfddf24a27fe1107521ba23639820f862cf91e0;2026-09-23T00:53:28.118606+00:00;false
LOC-0092;LOC-0045;CAR;2026-08-17T07:00:00+03:00;OK;1215;21;7609;LOCAL_VALHALLA_MATRIX;0e57bf82385b706e3ca30dbd64febe34b02e157df422917ceb3cff373a7882eb;e4e308163bea0837541ff74d602534864b0dec82ab6076da33925f3154218324;2026-09-23T00:53:28.118606+00:00;false
LOC-0092;LOC-0053;CAR;2026-08-17T07:00:00+03:00;OK;1515;26;9549;LOCAL_VALHALLA_MATRIX;3cf77589e64ecb8268c44af714a47696fcf113e7361309a87f37b7d01700013d;46acdc451ab5645ace993c0c93b2c97de7c8fea1e18590732e7b73180e79f4dd;2026-09-23T00:53:28.118606+00:00;false
LOC-0092;LOC-0054;CAR;2026-08-17T07:00:00+03:00;OK;967;17;5696;LOCAL_VALHALLA_MATRIX;639dd81cfc121bd8891fe60966058bb54a1c6a2eb92ae01a7a2fde0b0544a643;412458ccfd809129ab523da858dbc00de95ed6581745202222eb1302ea677501;2026-09-23T00:53:28.118606+00:00;false
LOC-0092;LOC-0064;CAR;2026-08-17T07:00:00+03:00;OK;1466;25;9200;LOCAL_VALHALLA_MATRIX;6999d97ad4a8860d282883c8b4bb998241703d62654a7155d7670fa8d185b2c8;d35a17a3bc4d8f909b143927f56b8ea07829623f2c006ff7d27c6e54f862ea02;2026-09-23T00:53:28.118606+00:00;false
LOC-0092;LOC-0075;CAR;2026-08-17T07:00:00+03:00;OK;1018;17;5962;LOCAL_VALHALLA_MATRIX;89fdf8b914ec0683025de8365fbf213e721d46132d3cb1d8a8fd1302739cee0b;96d3517a4f719b9bd05ab32dbd6c563eb392d6900ab635c3504f736176918294;2026-09-23T00:53:28.118606+00:00;false
LOC-0092;LOC-0076;CAR;2026-08-17T07:00:00+03:00;OK;1729;29;11973;LOCAL_VALHALLA_MATRIX;f9a3081bb5aeb3827b7c9dbf54d2d4109e633b45400e24ddf69fb7c3caec5924;ea1a8a4974bbec61febb94e0b33b0c265c8bc662b77e70a1bdea3ab8ddfe13a7;2026-09-23T00:53:28.118606+00:00;false
LOC-0092;LOC-0080;CAR;2026-08-17T07:00:00+03:00;OK;820;14;4865;LOCAL_VALHALLA_MATRIX;e95eca561f718bc7f823f427f9e29370b23df2f3f7c1df28c1b35baf87e6ff01;fd6d23e9acc6ebb8850b5c7096679d5d837a5cb1c8281d03d3046c87650bb400;2026-09-23T00:53:28.118606+00:00;false
LOC-0092;LOC-0082;CAR;2026-08-17T07:00:00+03:00;OK;1459;25;9230;LOCAL_VALHALLA_MATRIX;2ec50f567cd20317ff1bf718bfc176eb45b39196bd4f00249b2cae4128cbbb12;dbceef5d2124693eb5bd52f0f157523f221e687dc1b2ed85d5ef3eb377c21ebb;2026-09-23T00:53:28.118606+00:00;false
LOC-0092;LOC-0085;CAR;2026-08-17T07:00:00+03:00;OK;1395;24;9210;LOCAL_VALHALLA_MATRIX;5be016221decd117a5288a2089d063e70ebbf4c8b7718e82b14ec3d4d8b0005c;537fd25fd84ad60e8934256606d30661388d31f4f207022a07cdadcb556f3a0e;2026-09-23T00:53:28.118606+00:00;false
LOC-0092;LOC-0086;CAR;2026-08-17T07:00:00+03:00;OK;1397;24;9211;LOCAL_VALHALLA_MATRIX;368e419bdf4b00a4c847d407ab81d6cfa9c9bb205b95861903331ca8285e5ddc;d8541e1794415d2eee17a7ba0c66c83f1a575b7f9514ef27821e5da462202059;2026-09-23T00:53:28.118606+00:00;false
LOC-0092;LOC-0091;CAR;2026-08-17T07:00:00+03:00;OK;228;4;1100;LOCAL_VALHALLA_MATRIX;dfedf1530119b0f770529a90155d0375824e475b6dac3e454929a618f690d33f;92c14684e0547463f0e11cd4b9dddcb30e49c03ba84fc2e6b1626922f85c81f2;2026-09-23T00:53:28.118606+00:00;false
LOC-0092;LOC-0092;CAR;2026-08-17T07:00:00+03:00;OK;0;0;0;LOCAL_VALHALLA_MATRIX;be7090b8cac03b8ba661495f009a37b743e627af279cceec7769faf076e51ff3;3d5812abc84c11768aa73a732c85d75dbed439188f5bb3239e9b762ea31d9862;2026-09-23T00:53:28.118606+00:00;false
LOC-0092;LOC-0094;CAR;2026-08-17T07:00:00+03:00;OK;1525;26;9891;LOCAL_VALHALLA_MATRIX;34d5a150aa8c74ff2abeea4c79b27f3f7a1d7131bf1012a0acf2110b5d388d7c;88d3070184b8078b62fad985c773e9f4bf05c91c63571e5d71003ac51180e03f;2026-09-23T00:53:28.118606+00:00;false
LOC-0092;LOC-0095;CAR;2026-08-17T07:00:00+03:00;OK;1635;28;10606;LOCAL_VALHALLA_MATRIX;9a6bafe20f70ee589f47113f765b110f95d7d404646d19fe4839ad89d6d37982;96e324476a3459b192c796a9b6c8c9ca104bf3a8cb55eb83779b397504aa5336;2026-09-23T00:53:28.118606+00:00;false
LOC-0092;LOC-0112;CAR;2026-08-17T07:00:00+03:00;OK;496;9;2644;LOCAL_VALHALLA_MATRIX;5312a98863a3d14584be26c2d82b16b21e346604ddf7dd984a4de681f4152d6e;269821ac0c8cd3a822f2a5a5eb8d317d3eca2eaa836385d91050fe2a82c32a83;2026-09-23T00:53:28.118606+00:00;false
LOC-0092;LOC-0124;CAR;2026-08-17T07:00:00+03:00;OK;2187;37;14128;LOCAL_VALHALLA_MATRIX;1d6430a2833552a490a58fc78ef43349bbadb120ec5f146781d434f3c828ae1f;b5635a3c35123ca1736c96b7b6d8c4f423335d59426ab86b3b8056657539b8a0;2026-09-23T00:53:28.118606+00:00;false
LOC-0092;LOC-0126;CAR;2026-08-17T07:00:00+03:00;OK;766;13;4384;LOCAL_VALHALLA_MATRIX;dd75a645867cea3747a4daacece1c36d98d82150585dcdfda3eba1c44a8c82d8;1e88523ac112e74e583c954bdadfa7db5eb044c65b82103f0f2ee10798cd9f21;2026-09-23T00:53:28.118606+00:00;false
LOC-0092;LOC-0128;CAR;2026-08-17T07:00:00+03:00;OK;1162;20;6991;LOCAL_VALHALLA_MATRIX;b5f1e5d1f98e668b4d3955680947d5b8fc512008298f54adea6040b418b5e83e;e7661d182e4ecb0ce55a4b57a9f7057e5f37c264edce14338c276b63baf999a2;2026-09-23T00:53:28.118606+00:00;false
LOC-0092;LOC-0134;CAR;2026-08-17T07:00:00+03:00;OK;1297;22;8452;LOCAL_VALHALLA_MATRIX;12613222d42f7bff1d479f65c71c636777949b1e637cc31094c3d2a681ae1bc5;3412ea31db6f528676c559ef324e185b990750585c0cbc8b49a7318e6c10c420;2026-09-23T00:53:28.118606+00:00;false
LOC-0092;LOC-0135;CAR;2026-08-17T07:00:00+03:00;OK;1396;24;9137;LOCAL_VALHALLA_MATRIX;3cf1597e52daf69bc763c6a2c2363af64e2958c4cfdd2799b3d5452303bdef94;a7b539e21da639cd5e0f55bcacf32b7b7557e78161806211c6f310ebb8eb61dc;2026-09-23T00:53:28.118606+00:00;false
LOC-0092;LOC-0136;CAR;2026-08-17T07:00:00+03:00;OK;1346;23;9035;LOCAL_VALHALLA_MATRIX;9cae2526cc93affce4ddd78ebd903eab5c938b2d470bbe68acd51afe73bb5da1;bbe3b2d08642d028c110c0fbdcdbc0c9503aaf2b9f2859148241ae7830bfe69f;2026-09-23T00:53:28.118606+00:00;false
LOC-0092;LOC-0141;CAR;2026-08-17T07:00:00+03:00;OK;1943;33;12374;LOCAL_VALHALLA_MATRIX;fcd76f30735891646ebf62e7ef668aba03e889db731bf0a6a0a9a00f679f08ef;984a1125d9ac970d7a1bf3bfd8c5c5f90f3e629b8d93ce5e7ecec4a66e627271;2026-09-23T00:53:28.118606+00:00;false
LOC-0092;LOC-0142;CAR;2026-08-17T07:00:00+03:00;OK;1865;32;11219;LOCAL_VALHALLA_MATRIX;272c918f01fcf0275e79bab118cf7e0aaf948a435622cc97fac94634579aea56;66471a7f7cb23cdf7197b4a94ab3469ce48173c976376f3675cfa25639827bec;2026-09-23T00:53:28.118606+00:00;false
LOC-0092;LOC-0145;CAR;2026-08-17T07:00:00+03:00;OK;299;5;1642;LOCAL_VALHALLA_MATRIX;6cc5d64edad26925545528aa7a483abbf083fdbf5a80713ff93aa4623df6207d;2f9c53e0d47346429a458b01143497eff69dbe24ac4f12390fd884b6c6e66b18;2026-09-23T00:53:28.118606+00:00;false
LOC-0092;LOC-0148;CAR;2026-08-17T07:00:00+03:00;OK;947;16;5694;LOCAL_VALHALLA_MATRIX;989c762fa90d2a2eb6871bd4a2afb5b6d82fcab1a8095fd85fb2b963ab87afab;08a656ef42de8f404e89c41aad6c20effd303f9eacc13b1930571602cd79ad9f;2026-09-23T00:53:28.118606+00:00;false
LOC-0092;LOC-0149;CAR;2026-08-17T07:00:00+03:00;OK;907;16;5435;LOCAL_VALHALLA_MATRIX;6028b2921b9c51b74219a4a3be9a84fab21e0f22e585cfc6e49401ef6421ae88;67ab01ab5329977805dd3faf36c95c3aa47c04bcf3c5b819a8cf0f315cc8c6eb;2026-09-23T00:53:28.118606+00:00;false
LOC-0092;LOC-0150;CAR;2026-08-17T07:00:00+03:00;OK;878;15;5254;LOCAL_VALHALLA_MATRIX;1bbc5456fabb02e43c4392ea3eb96a667f045a001aec2d5dd22c6f3544c82a88;4aa4f8d56e440f9d4acae83104cedb47775bba0deb74520671c93eb6e4d07269;2026-09-23T00:53:28.118606+00:00;false
LOC-0092;LOC-0151;CAR;2026-08-17T07:00:00+03:00;OK;1038;18;6099;LOCAL_VALHALLA_MATRIX;228961625f9dc77362fd60a041c277aaf60aff7d198fbc095c2bfc6ba24102a8;bdfaa4e103f8c24fbbca0fdda5b51efa3422b071d3675f762fb022879fef9c20;2026-09-23T00:53:28.118606+00:00;false
LOC-0092;LOC-0190;CAR;2026-08-17T07:00:00+03:00;OK;757;13;4298;LOCAL_VALHALLA_MATRIX;c2a69282a53388edc7a0db5d669cb0382573bf6fc75312b08b99418a5e5efd1d;6c5e361b8714e44492e10058ff780fddbacafddfc22ad21ac78cbf75f77d4496;2026-09-23T00:53:28.118606+00:00;false
LOC-0092;LOC-0196;CAR;2026-08-17T07:00:00+03:00;OK;1122;19;6845;LOCAL_VALHALLA_MATRIX;7a4ddefee2c2cda9a934e7888f01e62126068c8d88bf71ff676d500e8b9a9ffa;81aaa2395208f52576b328b59c09e9c08f23f769e99f9c9cfdcc7e59b67d31ed;2026-09-23T00:53:28.118606+00:00;false
LOC-0094;LOC-0002;CAR;2026-08-17T07:00:00+03:00;OK;465;8;2236;LOCAL_VALHALLA_MATRIX;5d9c5d77ab4cfc49da724819a6b8e192dfa8cbbaa81a63c89f3ec0e04d19d356;ae31663b6858bdd3afb3ba25dfcbe908a8eec05772c54435dc0a63abe8bfdcd1;2026-09-23T00:53:28.118606+00:00;false
LOC-0094;LOC-0008;CAR;2026-08-17T07:00:00+03:00;OK;1551;26;10324;LOCAL_VALHALLA_MATRIX;c50c691fcaef1950629f58ee1f8f2278105c2b98824a944048c85951eacef09a;978c5e081bcefc1de756313bf7fa31db3dd34e5f463fb9cc6ad2c7eb3548b665;2026-09-23T00:53:28.118606+00:00;false
LOC-0094;LOC-0009;CAR;2026-08-17T07:00:00+03:00;OK;2425;41;15984;LOCAL_VALHALLA_MATRIX;462547795a340a18da1eb00904cbee1a56a7a860c10806bbe755a0eb6cc199ca;f3c94bbff821cfe24c5db6625c8a1eb080614a46a16f335db7985bb9f36dcd2b;2026-09-23T00:53:28.118606+00:00;false
LOC-0094;LOC-0010;CAR;2026-08-17T07:00:00+03:00;OK;1593;27;10463;LOCAL_VALHALLA_MATRIX;6e5b0983607888a7c4e9ee8100f303ca4ddb36edb2ecaeb275a56bd59c016e1e;d5b5ce77c1be929e744591b9117bac074e5b6c8a71e0ab5fc4dd0fd0dbc87cb4;2026-09-23T00:53:28.118606+00:00;false
LOC-0094;LOC-0011;CAR;2026-08-17T07:00:00+03:00;OK;1446;25;9530;LOCAL_VALHALLA_MATRIX;75fab0a609b7b0f7156d588894e1c582661a65308fcf9225861c8db060eb1c87;c13042d2b6cd05932577026c71e5b6f847db427bf61f06b3556927e0a1a95026;2026-09-23T00:53:28.118606+00:00;false
LOC-0094;LOC-0013;CAR;2026-08-17T07:00:00+03:00;OK;600;10;2556;LOCAL_VALHALLA_MATRIX;559404b66e0131b196a9a7dc98597a3d087d7ef7e262667b4bffeec397cd9248;b2a1192221092cc614bfbe620b149ea3177932524d043c17d077f9de71633857;2026-09-23T00:53:28.118606+00:00;false
LOC-0094;LOC-0016;CAR;2026-08-17T07:00:00+03:00;OK;1205;21;7390;LOCAL_VALHALLA_MATRIX;20aae0762ed95948c7c4033ed3e4683d5fbf24931ac9d6822d90b74afee17f98;9ff0b407faacc2632f6b9f09f90568389a3a9ed8996221e8bfac4b27e28a9e32;2026-09-23T00:53:28.118606+00:00;false
LOC-0094;LOC-0018;CAR;2026-08-17T07:00:00+03:00;OK;1912;32;12431;LOCAL_VALHALLA_MATRIX;e89a636b46a774303e5da67f061515b49f6fc0f110717e410e339a76b25518cf;0bf514256123e7a75b63ed08e987c336d5a8d0a5e0e50fce59b22d47a97a4679;2026-09-23T00:53:28.118606+00:00;false
LOC-0094;LOC-0019;CAR;2026-08-17T07:00:00+03:00;OK;1676;28;10720;LOCAL_VALHALLA_MATRIX;5f5507867b87a7731d8023a82da40238a17439697111d0821a61a7a5f06d7b13;6314cfeebb656069e51add3136145369e8a3ccc2c89fbb5f51ec9b63c65a9ed2;2026-09-23T00:53:28.118606+00:00;false
LOC-0094;LOC-0020;CAR;2026-08-17T07:00:00+03:00;OK;1785;30;11877;LOCAL_VALHALLA_MATRIX;eef789e940e8debc310cfbe6e43be70287d82f93f7c94634e4725a21d19cd25c;7193945e22c4560e22d36efbc8385fcfffa722e3f98dce2eddd3e0435ee88622;2026-09-23T00:53:28.118606+00:00;false
LOC-0094;LOC-0027;CAR;2026-08-17T07:00:00+03:00;OK;1888;32;11906;LOCAL_VALHALLA_MATRIX;efaa753eb3aa6c1c0b06b6a33b7144241c00c808c177af0dcaab2672c6b71546;a1ce2c9acadf26da3bdf7897a0599c63055086b0cc636ffe0fcfee234e1595ff;2026-09-23T00:53:28.118606+00:00;false
LOC-0094;LOC-0028;CAR;2026-08-17T07:00:00+03:00;OK;1524;26;9089;LOCAL_VALHALLA_MATRIX;b21f379115f3f2057d4e74710ce6766a89448cf6fb04a4875ccdd6fe9863e136;d114683e3602b216deb64a858bb07e91477e9e740472646932b721d2df3a6cf2;2026-09-23T00:53:28.118606+00:00;false
LOC-0094;LOC-0029;CAR;2026-08-17T07:00:00+03:00;OK;1386;24;8646;LOCAL_VALHALLA_MATRIX;e2d10bd56c703453cee324a9ba95365f4a085b4eef69dc1778c9a82ca52483fa;5f9278c4d1e7da8aece30075e48c71a69e657b684ec9fac0c1245a986b654b82;2026-09-23T00:53:28.118606+00:00;false
LOC-0094;LOC-0037;CAR;2026-08-17T07:00:00+03:00;OK;762;13;4618;LOCAL_VALHALLA_MATRIX;b2411dbd514f0e53225d138f790b33e3e0ba32610e9630f9111bfe3acb013e6c;dc0b6b8933d338a7f0234dafb330f98a1029fe1e1107829a6158549e6f909249;2026-09-23T00:53:28.118606+00:00;false
LOC-0094;LOC-0045;CAR;2026-08-17T07:00:00+03:00;OK;1571;27;10150;LOCAL_VALHALLA_MATRIX;89e3fae47a444e491da7cf980d9ab93379a13eb97b3d45ed66bce9cb137076d3;75ba1ed7e51aeb7fde5b0a43e75218f5183a54ae4300d92d6f9de2190bf81aea;2026-09-23T00:53:28.118606+00:00;false
LOC-0094;LOC-0053;CAR;2026-08-17T07:00:00+03:00;OK;1123;19;7277;LOCAL_VALHALLA_MATRIX;14cbb6bc21d3eb21e499ca882f46cd13edb7a25c04e582fe4da8b435d984c513;cd80240b58dd66da2369c267a742b263b5071367fe78c829372c76a91f48cd45;2026-09-23T00:53:28.118606+00:00;false
LOC-0094;LOC-0054;CAR;2026-08-17T07:00:00+03:00;OK;893;15;5623;LOCAL_VALHALLA_MATRIX;05697384267b70b1bf622fdb94bbcb0107ad705974cfcad488f18d11586b68bd;12a845cbcf461061a21a5279ab72477f70608c9aa6efeeab71fd6961bfb90888;2026-09-23T00:53:28.118606+00:00;false
LOC-0094;LOC-0064;CAR;2026-08-17T07:00:00+03:00;OK;1573;27;10077;LOCAL_VALHALLA_MATRIX;2cd5c4c276ec18ad7c7ac62d1a2196d5c3848d2c897be88e0b93ad57b1ce5a3f;ee911c5d0092f8f3d2978cb61551cc07f3e3fd4aba05e9f988cb5320f75d0bc1;2026-09-23T00:53:28.118606+00:00;false
LOC-0094;LOC-0075;CAR;2026-08-17T07:00:00+03:00;OK;1889;32;11876;LOCAL_VALHALLA_MATRIX;69bd66e06de0c7e91bccc0f48e3e5a8ef6b2df8b64e5285fc18785634b69c84c;df2a3d2e3897321c77556178b49af9523b72253af05da99d5e930d63e86d450e;2026-09-23T00:53:28.118606+00:00;false
LOC-0094;LOC-0076;CAR;2026-08-17T07:00:00+03:00;OK;1129;19;7423;LOCAL_VALHALLA_MATRIX;eebaa2421d4a939035a490f15703db811aa16f44e28194495f18051d238a56ef;7027dc0db0941b0c49c268224f74db259dcdf7b5ecb91a757ef59be49d12ae07;2026-09-23T00:53:28.118606+00:00;false
LOC-0094;LOC-0080;CAR;2026-08-17T07:00:00+03:00;OK;1712;29;11210;LOCAL_VALHALLA_MATRIX;5ac51f298a496d96bacea376c4a02c142f52d6641b49d7df2e09baaaadeb9fe1;f875f354f6bafbf07cb7fac77a8ee49369b85d15b5c2747b84765487f120ccbf;2026-09-23T00:53:28.118606+00:00;false
LOC-0094;LOC-0082;CAR;2026-08-17T07:00:00+03:00;OK;1567;27;10107;LOCAL_VALHALLA_MATRIX;8ea29eef847dd434a4c897a57b8b5575a16fc4b368f2494a77c0d8532c31150c;af46a11c7ba609b033e7f93d716ec368d09613d2f29000888b72bb096c223073;2026-09-23T00:53:28.118606+00:00;false
LOC-0094;LOC-0085;CAR;2026-08-17T07:00:00+03:00;OK;269;5;981;LOCAL_VALHALLA_MATRIX;c1370f706aac064d1c88295eca5f916f75811d3032b4178550bdddfbc00ad50f;f51c2379fcb9e96301ad6db1c42f4d9f355b5d0bf816b5681236a52c7aabeaac;2026-09-23T00:53:28.118606+00:00;false
LOC-0094;LOC-0086;CAR;2026-08-17T07:00:00+03:00;OK;271;5;844;LOCAL_VALHALLA_MATRIX;5b0d30e8bb9b6fd189f46736b8399d8c928f8150285a22c81fb73d4c03a1ed8e;0e50df0a6245a1ff65c1377d8bb33636a27947ddac630e083380a439df0abd3e;2026-09-23T00:53:28.118606+00:00;false
LOC-0094;LOC-0091;CAR;2026-08-17T07:00:00+03:00;OK;1512;26;10130;LOCAL_VALHALLA_MATRIX;93711ed264c7343be9c92d558d34c2d65236f14164ccb9dd11cbe80c62509fe5;a3fcb70e275fba4d00bf693fb2aebf378b08eb0f6f30dd22234c98093c6179fd;2026-09-23T00:53:28.118606+00:00;false
LOC-0094;LOC-0092;CAR;2026-08-17T07:00:00+03:00;OK;1642;28;10877;LOCAL_VALHALLA_MATRIX;f85199c6c5416e2f8b0244d7a65253abc1e0a01d6c7b6ce8eeec9a5c34a4a54b;e8a9c790720ad2f313a3ac32a1d74b8f9f6be7893e82d413a2a41e0f8e917087;2026-09-23T00:53:28.118606+00:00;false
LOC-0094;LOC-0094;CAR;2026-08-17T07:00:00+03:00;OK;0;0;0;LOCAL_VALHALLA_MATRIX;cd7b09a3e430fccdf0e972723dafa2068766f6fd9152bfdc88e365cf6dce596e;3d5812abc84c11768aa73a732c85d75dbed439188f5bb3239e9b762ea31d9862;2026-09-23T00:53:28.118606+00:00;false
LOC-0094;LOC-0095;CAR;2026-08-17T07:00:00+03:00;OK;375;7;1156;LOCAL_VALHALLA_MATRIX;a524592152065971b712156e4b9cebb1d640edbbfe0c6d2924b8216dee15d6be;531c535c56a11113daabac5101c2b020305e8cd0bff3d8d9b0bf179c66d0c95e;2026-09-23T00:53:28.118606+00:00;false
LOC-0094;LOC-0112;CAR;2026-08-17T07:00:00+03:00;OK;1475;25;9796;LOCAL_VALHALLA_MATRIX;8ead2915058ecc462a4316f55048d3a5453fe08f379c501c51ccfb8e16749283;821ddc70e45e2b27e3cf2158e12bbc3fdd721969c8c59345248e2a9acab0afff;2026-09-23T00:53:28.118606+00:00;false
LOC-0094;LOC-0124;CAR;2026-08-17T07:00:00+03:00;OK;2526;43;16441;LOCAL_VALHALLA_MATRIX;89554d9e91bad06a318671c10035b121252af4adb0bd8ebd5af8c3d716efb0d1;05cfb531eb0eb3e258a161059b9fb21babc1a1788fc285b27109feee3c5ea08c;2026-09-23T00:53:28.118606+00:00;false
LOC-0094;LOC-0126;CAR;2026-08-17T07:00:00+03:00;OK;1435;24;9377;LOCAL_VALHALLA_MATRIX;bea21de6f16e1d972ce5f3f5085b8772c65801326b87d971dd8d6f54d7fc08b8;a2c16313858e5175d59b72e680e90c8add91d8d0ccf8c984a39f8970a7a8c056;2026-09-23T00:53:28.118606+00:00;false
LOC-0094;LOC-0128;CAR;2026-08-17T07:00:00+03:00;OK;815;14;4806;LOCAL_VALHALLA_MATRIX;e56ec883aa27fbe75e567864debe8930b2bae79803020a031c5b1172e9f4f542;740ec14c8c3c764f01b821bb39d95d93e57d773ef413d43aff289fafe61ce7f1;2026-09-23T00:53:28.118606+00:00;false
LOC-0094;LOC-0134;CAR;2026-08-17T07:00:00+03:00;OK;381;7;1702;LOCAL_VALHALLA_MATRIX;b7edb9db101ee83665fac45bbd3469e156a753e35acc4e533dab18d38151da91;82ef637f980b75900479af87c04283ae5713690d6a01288d481a44fa12b213d5;2026-09-23T00:53:28.118606+00:00;false
LOC-0094;LOC-0135;CAR;2026-08-17T07:00:00+03:00;OK;475;8;2234;LOCAL_VALHALLA_MATRIX;5b975858b3d31baae2b2ddd94fc66b8090ef3df490e2617d052ee2d2e5f86c3d;f415e89c2175d8108998edd7ccf7d8b9055591854e0fba30bacbb868e0d7fc7c;2026-09-23T00:53:28.118606+00:00;false
LOC-0094;LOC-0136;CAR;2026-08-17T07:00:00+03:00;OK;438;8;2325;LOCAL_VALHALLA_MATRIX;4be0fca6af37bcf649983567d9619284d94d7ebf38cc9d48914adba3e032a89a;6c3747568a82e600af3cb5a15c3e202a0152e26908d1c7435ff36e5b318ae39b;2026-09-23T00:53:28.118606+00:00;false
LOC-0094;LOC-0141;CAR;2026-08-17T07:00:00+03:00;OK;2281;39;14687;LOCAL_VALHALLA_MATRIX;9d67ca210e6f8eb96c90acc0b885190012e3ad3dd085cbc656171b16b90f5e89;7255011b7f7ad358b4b2c9dc4b23bd5041c3da70ca8fae5a1b11a1aec41cea95;2026-09-23T00:53:28.118606+00:00;false
LOC-0094;LOC-0142;CAR;2026-08-17T07:00:00+03:00;OK;2385;40;14933;LOCAL_VALHALLA_MATRIX;c2893ffb287fa3cc9cd84ce93a70ad2f15db166f2519069a7e8cc58b338b19dc;80f2ee8a4ce882a746ecfebe4b33aa57770d953c0975b8c7121ff8235073ba44;2026-09-23T00:53:28.118606+00:00;false
LOC-0094;LOC-0145;CAR;2026-08-17T07:00:00+03:00;OK;1726;29;11662;LOCAL_VALHALLA_MATRIX;af25020a8bda922099e06d3c8a75babd4d652b1eadd5374175e2d97a3d8a1eb2;9058b9848ab6f74c4eaac803bfae98b542f8b90272e977d9df0b434a2e4e1fd6;2026-09-23T00:53:28.118606+00:00;false
LOC-0094;LOC-0148;CAR;2026-08-17T07:00:00+03:00;OK;1900;32;12096;LOCAL_VALHALLA_MATRIX;94b9c142d3c1872c4ef1813429b360b3bce57d68d443c8e6ae189b0cbad7935d;e93b58a713f950968e3e467d605ec01fe52a6707c5bff070a317d8ff999147fe;2026-09-23T00:53:28.118606+00:00;false
LOC-0094;LOC-0149;CAR;2026-08-17T07:00:00+03:00;OK;1857;31;11841;LOCAL_VALHALLA_MATRIX;538f3877f2c7ccd9d866d3f1f8b4b64fd745af26e80bc3f1a83b5cefc31fe0af;a410c418dace04d870de93e91b78058f4e9f74b2a549c2817fcbbcc033fef955;2026-09-23T00:53:28.118606+00:00;false
LOC-0094;LOC-0150;CAR;2026-08-17T07:00:00+03:00;OK;1829;31;11660;LOCAL_VALHALLA_MATRIX;bf290f41e742f6953b7d14e725bdf76758bb8f0cec559d2559d235d3d2c27372;1c85c9c1c4536519a763ea6ae12ef99b92969d590a8806f43c52773dc83fd22d;2026-09-23T00:53:28.118606+00:00;false
LOC-0094;LOC-0151;CAR;2026-08-17T07:00:00+03:00;OK;1990;34;12501;LOCAL_VALHALLA_MATRIX;546d61bfd18fab1868441d6909bd9be1392345208ce803bbb071adb7e704d424;2b81bdb255242b883057bda57ff54635a8e134e686473063edec860ece53849b;2026-09-23T00:53:28.118606+00:00;false
LOC-0094;LOC-0190;CAR;2026-08-17T07:00:00+03:00;OK;1350;23;8899;LOCAL_VALHALLA_MATRIX;26eaa6eb0e6db543cc25b5ad32be108bf29ecb72dac452dde66470f94f1e657f;98821ff13ef9881ea9968becbf5b5d0f72284ccc0e401bf10964c33548ba2b00;2026-09-23T00:53:28.118606+00:00;false
LOC-0094;LOC-0196;CAR;2026-08-17T07:00:00+03:00;OK;2016;34;13304;LOCAL_VALHALLA_MATRIX;d8bb07e4e952b1d5e68dc8c901662b9845d4f80932df42994855b71dd137925f;84afd7cf853b7938cd4da08b3817e1c7df854794c6113f702c038dbbe19fdb1f;2026-09-23T00:53:28.118606+00:00;false
LOC-0095;LOC-0002;CAR;2026-08-17T07:00:00+03:00;OK;572;10;2951;LOCAL_VALHALLA_MATRIX;792f731d3555db05a7118d5863e89d1f4543558aab4a3afee9718fa740889cd3;56962d114cd7bf30aba6363c96e53ef9078b8e6831ad5d4867c24daacd92c04e;2026-09-23T00:53:28.118606+00:00;false
LOC-0095;LOC-0008;CAR;2026-08-17T07:00:00+03:00;OK;1657;28;11040;LOCAL_VALHALLA_MATRIX;d06cb671a87e138c955fbdeeb436cbb7f73c90e23e1a74ddf6f7fdc923c1c15f;d436dde632daadd034c06d41eb9e68cdfbfdad5b1090fdc5178433ba9d953fd3;2026-09-23T00:53:28.118606+00:00;false
LOC-0095;LOC-0009;CAR;2026-08-17T07:00:00+03:00;OK;2532;43;16699;LOCAL_VALHALLA_MATRIX;6bd2fd0ede1878a4bf385fb55326fdd2555c97f9192178fbb285d20fb78585ab;ed2ef5154bad2e6ea18d2d2558e2265cc6383c9a2256cc050fa31abe930b919c;2026-09-23T00:53:28.118606+00:00;false
LOC-0095;LOC-0010;CAR;2026-08-17T07:00:00+03:00;OK;1699;29;11179;LOCAL_VALHALLA_MATRIX;114bdd661279458da03e0027680d9d997292993987dc1e2dc5506f5f4eaf565c;162db16b75a463fef2134980f16beaec75af27de9f5e3b73cc05ceb16e66333f;2026-09-23T00:53:28.118606+00:00;false
LOC-0095;LOC-0011;CAR;2026-08-17T07:00:00+03:00;OK;1552;26;10246;LOCAL_VALHALLA_MATRIX;2c7cf30014b47d817fc21cf1f1a2b679f42c5d5cc7ffd52bd779fb3b44756293;521197d5b33616ff141f818a9bcce09a63e1271e9d91ff65c85dd2612e50e68e;2026-09-23T00:53:28.118606+00:00;false
LOC-0095;LOC-0013;CAR;2026-08-17T07:00:00+03:00;OK;707;12;3271;LOCAL_VALHALLA_MATRIX;965fbb5a38d10118f723fa52c5902e3242f6e7a6e40be7a9b008de983048e7f1;927f0a645443d3e10de3e7b1e0bebb71441c9a28e8c4b799f8153b126e0f03bd;2026-09-23T00:53:28.118606+00:00;false
LOC-0095;LOC-0016;CAR;2026-08-17T07:00:00+03:00;OK;1312;22;8105;LOCAL_VALHALLA_MATRIX;0ba3d237e59f1ac25374c6eee657c5006f40357cd83182f499e69ed424872eb3;42d23012d70c6988b13145271b82c31d0662888c2396d53e03af98c3606a3f48;2026-09-23T00:53:28.118606+00:00;false
LOC-0095;LOC-0018;CAR;2026-08-17T07:00:00+03:00;OK;2018;34;13146;LOCAL_VALHALLA_MATRIX;b83452ace68bb942e696669b58f2c76d46aa6fc0a0f0d02bd137d69a54636f14;cfb6025d0b462c6a30123f62d64b0be16b318263d8373e34a676c712aa275dcc;2026-09-23T00:53:28.118606+00:00;false
LOC-0095;LOC-0019;CAR;2026-08-17T07:00:00+03:00;OK;1782;30;11436;LOCAL_VALHALLA_MATRIX;9c5a494fb1554994e89e75f553d65224cf6ec2fc981e45600e02c875ca112fa7;92855df3753d4b6248643304118eaf7ecb79b26c76b8c0d0a68bd7a28b5646b1;2026-09-23T00:53:28.118606+00:00;false
LOC-0095;LOC-0020;CAR;2026-08-17T07:00:00+03:00;OK;1891;32;12593;LOCAL_VALHALLA_MATRIX;15470fc64f704022229db5b64785214ab1fafa5f3c53cd852853e9e946b94b53;763a01a8cd2373ef969be26c9f90606e0ec4c2dbbec8aef028c9d99f256b446d;2026-09-23T00:53:28.118606+00:00;false
LOC-0095;LOC-0027;CAR;2026-08-17T07:00:00+03:00;OK;1995;34;12621;LOCAL_VALHALLA_MATRIX;ca96e3d537cfc15100ef0984fe40141b9d6623c45169c6f52fdd85caeb0fa8d5;f6ebf3c588a22d81c5223f0b282a1056a9425ad92922dff60cfc4bb327a53d78;2026-09-23T00:53:28.118606+00:00;false
LOC-0095;LOC-0028;CAR;2026-08-17T07:00:00+03:00;OK;1631;28;9804;LOCAL_VALHALLA_MATRIX;c245c94625846431e73847012028e8a4650d40da7d37610559dfe1e278d8f583;94fd4dfb66c611404eebe1851a6c1af758be0ff2138147bd23f1cc0fde6312a9;2026-09-23T00:53:28.118606+00:00;false
LOC-0095;LOC-0029;CAR;2026-08-17T07:00:00+03:00;OK;1493;25;9361;LOCAL_VALHALLA_MATRIX;aebc2d280d8a00a640fad88c3a2a937d8879361094b39b754699b178e854a041;719a75ba315760f3074d0327eb37b705185348dcb321f61b1cf0c4da96590e7e;2026-09-23T00:53:28.118606+00:00;false
LOC-0095;LOC-0037;CAR;2026-08-17T07:00:00+03:00;OK;870;15;5333;LOCAL_VALHALLA_MATRIX;4da4a4c4fa20a31bb1011d112d56911e78addf5e620503a382c8713bf340fc12;c4e1b2cd649cb66691165b6c84fa1ffb6ceb2ffb2ddb0b46180a539fb1291197;2026-09-23T00:53:28.118606+00:00;false
LOC-0095;LOC-0045;CAR;2026-08-17T07:00:00+03:00;OK;1678;28;10865;LOCAL_VALHALLA_MATRIX;e13be223af5249215572c3e5cf3ae0f9a9f9607646b01c08f19254af84b370e1;45bdde1c718fae5cb93953d8730d2cdaf874cfe0be4c22a26ad72a52cc72b1e6;2026-09-23T00:53:28.118606+00:00;false
LOC-0095;LOC-0053;CAR;2026-08-17T07:00:00+03:00;OK;1230;21;7992;LOCAL_VALHALLA_MATRIX;363bb40f0298778b756f1da1e73953b785ec63bfb17032f37228ff6a1637d7d9;31165a1835918ed3c4fb08bf2950b0569382e0a96812baa36ebcfa4cb25cb1db;2026-09-23T00:53:28.118606+00:00;false
LOC-0095;LOC-0054;CAR;2026-08-17T07:00:00+03:00;OK;1001;17;6338;LOCAL_VALHALLA_MATRIX;a33f1f2ccfcc9540ebf27d4d0069528f12f5c567fae112f1814c91b70c306f7e;9734ef1f5b8da58bcc7727cc1836f4bae1e6f8e2cb66ea1b752185ab7688fd6b;2026-09-23T00:53:28.118606+00:00;false
LOC-0095;LOC-0064;CAR;2026-08-17T07:00:00+03:00;OK;1680;28;10792;LOCAL_VALHALLA_MATRIX;ec1501da266b49d8f6c001dd26027096c825c718f007077aba161aada0cdcca1;6001f636a686d26c7e115f648fd7e459ee51a61462a36692ebac98bfedb62776;2026-09-23T00:53:28.118606+00:00;false
LOC-0095;LOC-0075;CAR;2026-08-17T07:00:00+03:00;OK;1996;34;12591;LOCAL_VALHALLA_MATRIX;f240914c852b0352c91d940bee9c8889c030135e1c3479b3cdb3bead4635c2cd;279726237ab9a89c818e1e67aab98348e18b7c51c4647874f28da1cc14952a21;2026-09-23T00:53:28.118606+00:00;false
LOC-0095;LOC-0076;CAR;2026-08-17T07:00:00+03:00;OK;1236;21;8138;LOCAL_VALHALLA_MATRIX;adfef8b1a4a24f073af5e36e311becbbed75aea9ba841b34add9a09364c48e4e;75e4c5c2b87446657744cdaf30b35fd9a60dd710c5abc8320f0d53407c3896b7;2026-09-23T00:53:28.118606+00:00;false
LOC-0095;LOC-0080;CAR;2026-08-17T07:00:00+03:00;OK;1819;31;11926;LOCAL_VALHALLA_MATRIX;1dd90c13fe6af23209a52af37aa5bc8439abd64cbd392464466e9fa927d94928;c5c8452fad0a5010a7a89c498585d40307ff358c5ed9d408d6e932e83385fa8d;2026-09-23T00:53:28.118606+00:00;false
LOC-0095;LOC-0082;CAR;2026-08-17T07:00:00+03:00;OK;1674;28;10822;LOCAL_VALHALLA_MATRIX;73ef97be0893b3a5d18c56cd5729913eb2100ec07ab308eef9cddaf55c261d91;e05a529d32e8ecfc155287808a8eb5f443d5f9bd1bb0a3829a9ea1d22162d027;2026-09-23T00:53:28.118606+00:00;false
LOC-0095;LOC-0085;CAR;2026-08-17T07:00:00+03:00;OK;376;7;1696;LOCAL_VALHALLA_MATRIX;a310b20c204f10b8b41f2d1a48ccb971edbdfeb83aa1114bbfef971d8173f8b3;c93f7bc39260136a125b0764367c1cc1b66024f57d0d240006666ec94a8f5f6f;2026-09-23T00:53:28.118606+00:00;false
LOC-0095;LOC-0086;CAR;2026-08-17T07:00:00+03:00;OK;378;7;1559;LOCAL_VALHALLA_MATRIX;e9c817895d9d2a6fb5b075e3905278fede30f40b7124e3af752d43d89cb5709e;ec4d3ec2e084cd19e142ed1a5a324faef48c1bcbe5819b2dc1844350d4db7e96;2026-09-23T00:53:28.118606+00:00;false
LOC-0095;LOC-0091;CAR;2026-08-17T07:00:00+03:00;OK;1619;27;10846;LOCAL_VALHALLA_MATRIX;35181a5465210b668efe5cc384a7e5254d0fbd25934fb12acf75a788fb025b4e;86613e1831123f60010c1ce9d60593d073d0114507870b96263f346e0d074eec;2026-09-23T00:53:28.118606+00:00;false
LOC-0095;LOC-0092;CAR;2026-08-17T07:00:00+03:00;OK;1748;30;11593;LOCAL_VALHALLA_MATRIX;15cdddf346f1ad322e27fb00d6872e4c19974e1e874a742edac418c74cf31ad7;35797899a50fe03a8d8b62420c0e438f4bcc7ac789754f244d381d6af4f6d47f;2026-09-23T00:53:28.118606+00:00;false
LOC-0095;LOC-0094;CAR;2026-08-17T07:00:00+03:00;OK;379;7;1365;LOCAL_VALHALLA_MATRIX;fe11fdf550f3b8c8f078a876c7f23046cbf3eb4dc878e5f5f9d1eacfca9291b4;0e5be283fdbd0e609ede0f536529946bbc0f55dc8eb855aef3ba7c59a836e7e4;2026-09-23T00:53:28.118606+00:00;false
LOC-0095;LOC-0095;CAR;2026-08-17T07:00:00+03:00;OK;0;0;0;LOCAL_VALHALLA_MATRIX;f5374c3e58fa688187e78238ecf1c6b5e71d439bff1b4d90106bfe83926f94b5;3d5812abc84c11768aa73a732c85d75dbed439188f5bb3239e9b762ea31d9862;2026-09-23T00:53:28.118606+00:00;false
LOC-0095;LOC-0112;CAR;2026-08-17T07:00:00+03:00;OK;1581;27;10512;LOCAL_VALHALLA_MATRIX;45b1dbf545e8f0cc6fda24bb1af8d518987c84bedd6bce2825cdf5545c48a7f3;ee4997c3fec16d943d7d3005f5215f1ad739f122b124c8e77ccb0d62ce06609c;2026-09-23T00:53:28.118606+00:00;false
LOC-0095;LOC-0124;CAR;2026-08-17T07:00:00+03:00;OK;2633;44;17156;LOCAL_VALHALLA_MATRIX;f009e15446c6ee2991f84342f55a3dc2f154a892165dedacda556585dd139f2c;453afe06bf3745baae304b94aed3b072720af85d274d8ccc03a63b5c61600a3d;2026-09-23T00:53:28.118606+00:00;false
LOC-0095;LOC-0126;CAR;2026-08-17T07:00:00+03:00;OK;1542;26;10093;LOCAL_VALHALLA_MATRIX;2ce322d8b57df8459be6e4f3186a436ce8db8c1d45a0f16363eaa0516afbb77f;301e2f2bca12e597c6a7c0524510c7e7a185127de821b7c2a6fcb0b24b815392;2026-09-23T00:53:28.118606+00:00;false
LOC-0095;LOC-0128;CAR;2026-08-17T07:00:00+03:00;OK;922;16;5521;LOCAL_VALHALLA_MATRIX;6e3d5b145cc249a1c54b4a0cad0c0179371f6f874dc576d175df87fab858d370;65b91bd8bfc1bbd117dabb9cf467e9354fb060ea5d69449b19c81682ef1deb3d;2026-09-23T00:53:28.118606+00:00;false
LOC-0095;LOC-0134;CAR;2026-08-17T07:00:00+03:00;OK;488;9;2417;LOCAL_VALHALLA_MATRIX;91c91297205e8a690113992b0faef20fe2661dc29aefe082c76a72693283fb1b;04dc1fbed9eb76d579a1c469c82b0bc91ffbfd69a77689c76ad2184de4064499;2026-09-23T00:53:28.118606+00:00;false
LOC-0095;LOC-0135;CAR;2026-08-17T07:00:00+03:00;OK;582;10;2949;LOCAL_VALHALLA_MATRIX;abd1a9d72eb5d3659c3a094693e954cabcf5cced9233040db7749b58f615f2b5;4bbe6393c93bb5d52071bb2efb1f103d56f8af0d4a14efce4e92714e3ca59d81;2026-09-23T00:53:28.118606+00:00;false
LOC-0095;LOC-0136;CAR;2026-08-17T07:00:00+03:00;OK;546;10;3040;LOCAL_VALHALLA_MATRIX;d8cbe3587235a3b1002d635255bdac3f495e1418d1d858b17b187f61b11a3a8f;fbf6928bead9974a5736dc5bcc2a10a0bf26cc57badabe4496e462c042a34f75;2026-09-23T00:53:28.118606+00:00;false
LOC-0095;LOC-0141;CAR;2026-08-17T07:00:00+03:00;OK;2389;40;15402;LOCAL_VALHALLA_MATRIX;9af083f1990e1b74388f0ce24776a45dd5b448e7095025d3b406d4a908cd237b;92b8b1de57aa78a2a4691087a13fc29983a7225be0b85e24254dd3bde9d39e1c;2026-09-23T00:53:28.118606+00:00;false
LOC-0095;LOC-0142;CAR;2026-08-17T07:00:00+03:00;OK;2492;42;15648;LOCAL_VALHALLA_MATRIX;a00efb0c1575041759a272771ffd3a65f9711fa1c904a1dcce57d98baaf603e8;340640386df54af06053ff1e0321e5211429cd5234d819764f30af141808e2ba;2026-09-23T00:53:28.118606+00:00;false
LOC-0095;LOC-0145;CAR;2026-08-17T07:00:00+03:00;OK;1833;31;12378;LOCAL_VALHALLA_MATRIX;fffc7f90d60cc5e36ab0fd607a4a315705f45b6069354a8ac6701e8b5bc85eb9;526a8928cb63dc7be0bf2995144d4897e09e14d9ee4a4b273d1df3fa71e58633;2026-09-23T00:53:28.118606+00:00;false
LOC-0095;LOC-0148;CAR;2026-08-17T07:00:00+03:00;OK;2007;34;12811;LOCAL_VALHALLA_MATRIX;39aeab57e1111144c6af747f24f1f269a4feebaf313a24ebcb06c56ffdbb0dcb;8c34ad38d5702e417964df76361520d01cf4fd5c0c8cbbcfd3b2b2ca6273d7de;2026-09-23T00:53:28.118606+00:00;false
LOC-0095;LOC-0149;CAR;2026-08-17T07:00:00+03:00;OK;1964;33;12556;LOCAL_VALHALLA_MATRIX;88f36bd7917d02fd05b18e68b8fe25160e67d41d97c58b2a8df47b20a3218258;b8b49354a9abda2150a4d05abb06f83f5512aef2327af07c43845d14640a8088;2026-09-23T00:53:28.118606+00:00;false
LOC-0095;LOC-0150;CAR;2026-08-17T07:00:00+03:00;OK;1936;33;12375;LOCAL_VALHALLA_MATRIX;da72bd77785bda5f3fa102b832372c0bdc60e4179e18e541bed3121f2d066b01;d33f5b6e20346346ca740e2e7bc8935b9b48c0599ac809b5616f0e3c91351400;2026-09-23T00:53:28.118606+00:00;false
LOC-0095;LOC-0151;CAR;2026-08-17T07:00:00+03:00;OK;2098;35;13216;LOCAL_VALHALLA_MATRIX;63795792a04713f74fab8e51b5d80d5c1281fdf00a5748815a3b07066d9505d4;833867474de937f2d5a5789a18fa7f32fc1462204c408bbe9170f53e247cf465;2026-09-23T00:53:28.118606+00:00;false
LOC-0095;LOC-0190;CAR;2026-08-17T07:00:00+03:00;OK;1490;25;9476;LOCAL_VALHALLA_MATRIX;251fd6f2b0be0ce7dac395c5b1c02b1bc7f29872233ec30cc402934888041d52;2bf379aa1d884e9305030d545751e7f4e3f4a006fc44d81ea2b4d62b9eb21db0;2026-09-23T00:53:28.118606+00:00;false
LOC-0095;LOC-0196;CAR;2026-08-17T07:00:00+03:00;OK;2123;36;14020;LOCAL_VALHALLA_MATRIX;332d4f0c9a73128c2dbb3ee79c661b991f835857da26ee1befca507e0f29360b;57dccbacb2ac332c09d24fea62a818756cae2b9c5e07e77d985e84db30e239ae;2026-09-23T00:53:28.118606+00:00;false
LOC-0112;LOC-0002;CAR;2026-08-17T07:00:00+03:00;OK;1369;23;8353;LOCAL_VALHALLA_MATRIX;e5656930f4c552f817c8efedee70fbd27caf70ee07a6e66b7b02ae1f9c0d6f08;744ead52a325b77ad9d9cadc58b84ec4182c0f18b655adea762cbf920e4dd837;2026-09-23T00:53:28.118606+00:00;false
LOC-0112;LOC-0008;CAR;2026-08-17T07:00:00+03:00;OK;1014;17;5830;LOCAL_VALHALLA_MATRIX;6d3785270a9a8848b0a38ab3ea9a09f69d710e02beaaaa1352fbb5939c566703;658ef5a7d053e5c7ede3b5155881c156b8f758d21b6addb3d0108544cad56953;2026-09-23T00:53:28.118606+00:00;false
LOC-0112;LOC-0009;CAR;2026-08-17T07:00:00+03:00;OK;1921;33;12356;LOCAL_VALHALLA_MATRIX;55b3e77ec61da34a173ce491b209c454bce64a3e27ba7abf555eeb43a179ef72;7560b2c10e67abd8f602d61081b4802e1f636ed2500156d40b16ee9574917e3b;2026-09-23T00:53:28.118606+00:00;false
LOC-0112;LOC-0010;CAR;2026-08-17T07:00:00+03:00;OK;931;16;5217;LOCAL_VALHALLA_MATRIX;2b3d3033826656907b41795ccce0a19eb03f6685f0ede93a00b5e3d83d1ebd98;a2ab145664d3d6a704407b6d66e980f743fe75513c519dd0ab1a73502e9cfce6;2026-09-23T00:53:28.118606+00:00;false
LOC-0112;LOC-0011;CAR;2026-08-17T07:00:00+03:00;OK;975;17;5791;LOCAL_VALHALLA_MATRIX;152a5ad0e4cc6d3c76813361c406afa249a28b9171fb20d61d73e5a2f600a9e4;7afa8d53e5dd59e1eff100ee04c1df508c1e6021d580341eb796ad61868ae3e8;2026-09-23T00:53:28.118606+00:00;false
LOC-0112;LOC-0013;CAR;2026-08-17T07:00:00+03:00;OK;1506;26;8884;LOCAL_VALHALLA_MATRIX;f7dcaeebb968803639e270dbabb75c7a488b9437de7376460c85ae5034aa8e83;92df8ec1365e1fbe1fee62be858117b4903b0b2980e9e1cbb019657f557c362f;2026-09-23T00:53:28.118606+00:00;false
LOC-0112;LOC-0016;CAR;2026-08-17T07:00:00+03:00;OK;1388;24;8281;LOCAL_VALHALLA_MATRIX;910461e886da4a3e6da5985da61d719fd200dc18ed05ab2da59cdc6a05b13847;8572e133b749beae630349df6247ef718addad7f32555efd8ad0b6598dfff81d;2026-09-23T00:53:28.118606+00:00;false
LOC-0112;LOC-0018;CAR;2026-08-17T07:00:00+03:00;OK;662;12;3798;LOCAL_VALHALLA_MATRIX;f76a363bcc041170d375f231877611cc0c5cb41d9bb8e2bacc5f13ed3d0b2898;473abcdc528e342f9bccad53bd49ce8757a0b13cff1d1a59681c90ec567f24e6;2026-09-23T00:53:28.118606+00:00;false
LOC-0112;LOC-0019;CAR;2026-08-17T07:00:00+03:00;OK;1169;20;7114;LOCAL_VALHALLA_MATRIX;73a20d0e58a4344d242c7c0b505a3f6b24de010dadba846bca26e1327887992e;3c625d5f49ee1331a18e875f180647d1cb448f847ca804393209f578bb0690fa;2026-09-23T00:53:28.118606+00:00;false
LOC-0112;LOC-0020;CAR;2026-08-17T07:00:00+03:00;OK;866;15;5315;LOCAL_VALHALLA_MATRIX;5296e638fb63f41b02be9d16357cd0b1bde8221a2b0c7ced3b97a8c58d12c283;f8ae3437fe030503645a6f84642084dbd1c6f179bf8d81871a4568f95494e1fb;2026-09-23T00:53:28.118606+00:00;false
LOC-0112;LOC-0027;CAR;2026-08-17T07:00:00+03:00;OK;594;10;3245;LOCAL_VALHALLA_MATRIX;be71dabf615f230e8603b8d6688ddb06de0d67a02e9510f303bad00f9210eaba;6d3576b96d831b336326cee5f1e02c4c82d2bce42a1555e7abaaa1ce89b721b4;2026-09-23T00:53:28.118606+00:00;false
LOC-0112;LOC-0028;CAR;2026-08-17T07:00:00+03:00;OK;1320;22;7468;LOCAL_VALHALLA_MATRIX;a505718b676d3976936723ec5ff1cbaa611d9532291105d414f72c8c4bfb89e2;9cdb24820eaa8d8968f260a03d765cb2ceb5b5c87c128cb4749b52e2b6dfa01c;2026-09-23T00:53:28.118606+00:00;false
LOC-0112;LOC-0029;CAR;2026-08-17T07:00:00+03:00;OK;1181;20;7025;LOCAL_VALHALLA_MATRIX;8dea96b2193bc147e8b4d671459a38c5a4108732c23522d19a6a14ef7043fc7b;da781fd3556bf39fa78a0bbf40891fc65b0b2319a5c1f7a367eba308b1cacc93;2026-09-23T00:53:28.118606+00:00;false
LOC-0112;LOC-0037;CAR;2026-08-17T07:00:00+03:00;OK;1145;20;6828;LOCAL_VALHALLA_MATRIX;338fad9672e054b39b5990f00871a4d5965815560cb4056a104af30dfb9e8937;c2dcd56c3a97c7376974956fedf104d782f7ceed20e1ce69858a9ec1f6ea1296;2026-09-23T00:53:28.118606+00:00;false
LOC-0112;LOC-0045;CAR;2026-08-17T07:00:00+03:00;OK;857;15;5321;LOCAL_VALHALLA_MATRIX;742e8fb88b063c6eea894074991aafd3baa820cbe9d8538ce48038336e2a8061;e7dbe06b0a4bb92c207947198c9f69add8d8d2e76742289532b2f7a4470c82cb;2026-09-23T00:53:28.118606+00:00;false
LOC-0112;LOC-0053;CAR;2026-08-17T07:00:00+03:00;OK;1157;20;7261;LOCAL_VALHALLA_MATRIX;a66ad57ccf555b641b1462a208aeb7dfd3b0750c4d6b75894895ad9360197478;928c1a822688c7237cd48f3a9bd6babdf7b4f20a133899a45a8caa44f6c701b7;2026-09-23T00:53:28.118606+00:00;false
LOC-0112;LOC-0054;CAR;2026-08-17T07:00:00+03:00;OK;1024;18;5872;LOCAL_VALHALLA_MATRIX;98a4f654405f8fc31dd1845314bb36980ea0808d7dc8cd860e3f75709dc0118d;1e1784ddf35329e6b167c5762ae02f0b9d78d501075dd4e49b03e52929c739c1;2026-09-23T00:53:28.118606+00:00;false
LOC-0112;LOC-0064;CAR;2026-08-17T07:00:00+03:00;OK;1108;19;6912;LOCAL_VALHALLA_MATRIX;e49a99c890a859f4d76a4303e9779377ae3a4901b7e87abefbac7fa19f2e116a;2039b86a9ccb6ac6ce59b36556fb56a84f064e6ccab8ce3dcee2d7a5181911b3;2026-09-23T00:53:28.118606+00:00;false
LOC-0112;LOC-0075;CAR;2026-08-17T07:00:00+03:00;OK;660;11;3674;LOCAL_VALHALLA_MATRIX;73bac1172ae7d727bffa82f99cd9dd91f4fcfcd71ab1f1656a3c6464637dbeb8;e4032332511330f7c1bf32aafb6e175f4f2435e8d1d2f1904f0417b054df1a13;2026-09-23T00:53:28.118606+00:00;false
LOC-0112;LOC-0076;CAR;2026-08-17T07:00:00+03:00;OK;1329;23;8272;LOCAL_VALHALLA_MATRIX;f17923e845bef272bd59762241034c0d6a8bf132555d07a72d7c1c166bce9873;412166ed0243244ca9f6937a0c3d246baae5aabd8308136e862d1ef6a90d207e;2026-09-23T00:53:28.118606+00:00;false
LOC-0112;LOC-0080;CAR;2026-08-17T07:00:00+03:00;OK;462;8;2577;LOCAL_VALHALLA_MATRIX;b00eb9afd7a897be1dd9011ea25fe684964a79185ed1fbb5aa5c1c648687ede7;1f7090bd0c08c7b860738fd95846f8a980ca9f5f9b4e9c866081b7b3ef51f9c6;2026-09-23T00:53:28.118606+00:00;false
LOC-0112;LOC-0082;CAR;2026-08-17T07:00:00+03:00;OK;1101;19;6942;LOCAL_VALHALLA_MATRIX;49bd3a46cef8e7b54a77918479b619892f3176378fe4931ffd19ea33ef084d0e;d344f70f309fb5dc7ba4bb22433af87c2a62845669b2978d33eb574b52dbbcac;2026-09-23T00:53:28.118606+00:00;false
LOC-0112;LOC-0085;CAR;2026-08-17T07:00:00+03:00;OK;1510;26;9820;LOCAL_VALHALLA_MATRIX;80844f561a37b894a45d60183d8878c4055d8c25ea8b8667699e354285b6515a;829391291a8e0ad40f338564c1f3080f20f2285ef5740face648051e5e605807;2026-09-23T00:53:28.118606+00:00;false
LOC-0112;LOC-0086;CAR;2026-08-17T07:00:00+03:00;OK;1512;26;9821;LOCAL_VALHALLA_MATRIX;4329cfc8df2d88474195cc8300d9b6ffbd63ce06761979a27bfad17031aabbcf;23c100d3c9d07f956143aaa89bc4b2639065fbdc4b6cd4e39e2847edae501b20;2026-09-23T00:53:28.118606+00:00;false
LOC-0112;LOC-0091;CAR;2026-08-17T07:00:00+03:00;OK;778;13;4616;LOCAL_VALHALLA_MATRIX;81b815179a58ec9e06fc9574558446681aaa0581a8e06bcbf1312175b6808e13;c2bd91c94ab1cdf7d133efcd384d848c524a379e74b63aa5470520317ddc206a;2026-09-23T00:53:28.118606+00:00;false
LOC-0112;LOC-0092;CAR;2026-08-17T07:00:00+03:00;OK;703;12;3772;LOCAL_VALHALLA_MATRIX;8cc620f0b8ec84b840f8704c5caddc457f30826a90634a5c11560c4dd45d052c;fb25c76c1e0c5463de6b40f2322c12e85f6634f74ae4dd5cb94116e390dc20cb;2026-09-23T00:53:28.118606+00:00;false
LOC-0112;LOC-0094;CAR;2026-08-17T07:00:00+03:00;OK;1640;28;10501;LOCAL_VALHALLA_MATRIX;8c65615553443bcda34472c673a834fd93325c47ea17df9ed14b56f225f16ab5;5193444f951d77eb26e4f9d2603dc3f1d08c1b97934d5ed2321ad76854d96b89;2026-09-23T00:53:28.118606+00:00;false
LOC-0112;LOC-0095;CAR;2026-08-17T07:00:00+03:00;OK;1750;30;11216;LOCAL_VALHALLA_MATRIX;48efd80b22883933665c037fd1f68f8300ba4bc910807822cb0f2d7ce6a6a341;35b39d418894256a33f3dd566cfe1e6fc5dbe680cb30920f5d800a8dea36f442;2026-09-23T00:53:28.118606+00:00;false
LOC-0112;LOC-0112;CAR;2026-08-17T07:00:00+03:00;OK;0;0;0;LOCAL_VALHALLA_MATRIX;93459498d9de3be5e7615a513454ae915823942fb8ff9ccab5af9a7de07cf1bf;3d5812abc84c11768aa73a732c85d75dbed439188f5bb3239e9b762ea31d9862;2026-09-23T00:53:28.118606+00:00;false
LOC-0112;LOC-0124;CAR;2026-08-17T07:00:00+03:00;OK;1884;32;12104;LOCAL_VALHALLA_MATRIX;5e441af80b8275b2b9db686119c9dfc6fcb419ce726ae463889d1f61948e742a;c96a94aeb8cc6ac4fded24c34a7faaa3934d760b582591ee4af24af4b4424759;2026-09-23T00:53:28.118606+00:00;false
LOC-0112;LOC-0126;CAR;2026-08-17T07:00:00+03:00;OK;408;7;2096;LOCAL_VALHALLA_MATRIX;900d61b0fc1d56b858ebe45ff50cdea0a8c6ca4f8a8686cddc5035af93f3b726;2616a927c9e1d2a914d2bd91052b18050a0e431877ced406a41c02274babaf85;2026-09-23T00:53:28.118606+00:00;false
LOC-0112;LOC-0128;CAR;2026-08-17T07:00:00+03:00;OK;1220;21;7167;LOCAL_VALHALLA_MATRIX;6e46df4999529391f4013968268eab465be2782ceebddd0bec06b242d8ac3716;f6daf25e1cc5f1eb2d8deb15b8e3ada7c2cbf61949ecbcbf1d21f550646613a4;2026-09-23T00:53:28.118606+00:00;false
LOC-0112;LOC-0134;CAR;2026-08-17T07:00:00+03:00;OK;1355;23;8630;LOCAL_VALHALLA_MATRIX;d6f503799392b40781b1540c6cc4300979b07d870d9301e0a2cfd15054240718;f53d023e34340488937949085fc2887c1dd19f61749e3fe2d3e8555dadca27fb;2026-09-23T00:53:28.118606+00:00;false
LOC-0112;LOC-0135;CAR;2026-08-17T07:00:00+03:00;OK;1470;25;8492;LOCAL_VALHALLA_MATRIX;baf48a6fbae2ac8bc2e5ce655223f6f16b2317643dc4fda81c9ba32e5e7cedee;8dc84501bcdd20b8c8a6175efbcc4ce8bf41e4649a482c1f15ebcbe7aa8261c0;2026-09-23T00:53:28.118606+00:00;false
LOC-0112;LOC-0136;CAR;2026-08-17T07:00:00+03:00;OK;1461;25;9645;LOCAL_VALHALLA_MATRIX;6311862b0cf9dc14cd54c2e6b120fb38beb7f552ec4d1ba8576c32a8ef527f89;c6b67ed749effed6a04eec87fb5f60ebb3023790b04f2f5a22482e00f8d177f8;2026-09-23T00:53:28.118606+00:00;false
LOC-0112;LOC-0141;CAR;2026-08-17T07:00:00+03:00;OK;1640;28;10349;LOCAL_VALHALLA_MATRIX;fadf3028945a071f3459891f023699c6bed3b262e144ed2d3e9259b840f17e17;2bc60b68150e553c7f4d6884b4f78e052a57e8d6d15f1248a6b72c461c487efc;2026-09-23T00:53:28.118606+00:00;false
LOC-0112;LOC-0142;CAR;2026-08-17T07:00:00+03:00;OK;1508;26;8932;LOCAL_VALHALLA_MATRIX;c9fa440071b20775e72fc04bbc946d8458bf7df10c1d2d5a1516dd7b07c75798;cd79d448868ddd5425573cb37494a82ffa30d0f16a43c8e4f54625334432c190;2026-09-23T00:53:28.118606+00:00;false
LOC-0112;LOC-0145;CAR;2026-08-17T07:00:00+03:00;OK;658;11;3886;LOCAL_VALHALLA_MATRIX;89f1e1d43d5eef77cbdb624b15c6f98ab02487a3b7cc38cb9849bb862061abc9;d57b4be68bcf7474349e9131f353bc780475bce311c87bafcaabaf828f582005;2026-09-23T00:53:28.118606+00:00;false
LOC-0112;LOC-0148;CAR;2026-08-17T07:00:00+03:00;OK;589;10;3406;LOCAL_VALHALLA_MATRIX;a8d3c02fc3b6deb94d60f7a1e21b277db5846e85a7eae4f53c379a64cc04ee91;bd9d5fa4352df42261f0fa0cdeb4e8c57b00dd96c8664d7097435891d8990323;2026-09-23T00:53:28.118606+00:00;false
LOC-0112;LOC-0149;CAR;2026-08-17T07:00:00+03:00;OK;549;10;3147;LOCAL_VALHALLA_MATRIX;f8864c0fdb8d311775a6fb16a36054a9ca45a1f2557b96967eaedc461b4a5e6d;2781a276c847dc328eec9d3839c4da7594e9cf5d4cb5a3dd700c865c83e0c841;2026-09-23T00:53:28.118606+00:00;false
LOC-0112;LOC-0150;CAR;2026-08-17T07:00:00+03:00;OK;520;9;2966;LOCAL_VALHALLA_MATRIX;c4ab7f55ac10922e3da6412620f4e26bd193904f988b9737e69c2e32df8bf72d;66d2ba6c383a2af8ed699a45a927157d695683f025d2ce97c7e4582273e44633;2026-09-23T00:53:28.118606+00:00;false
LOC-0112;LOC-0151;CAR;2026-08-17T07:00:00+03:00;OK;680;12;3811;LOCAL_VALHALLA_MATRIX;8165cbf2adfc3fe6e542c691550c38aacbd5b514508eb49a122e2dc38ebc8b6b;18794002272d3910180f9dc38bbd25ea1d4cfdde32e6e7a3de3ca13c13fc260f;2026-09-23T00:53:28.118606+00:00;false
LOC-0112;LOC-0190;CAR;2026-08-17T07:00:00+03:00;OK;759;13;4303;LOCAL_VALHALLA_MATRIX;01abf6999479eb1cab45ce1134f904f70a2e68dca3c1626fe6a70d699c082118;18ca260d00c9dcc9b5ce0cb621850318e7b4890be20e4ce7918e8fdeb01e28ff;2026-09-23T00:53:28.118606+00:00;false
LOC-0112;LOC-0196;CAR;2026-08-17T07:00:00+03:00;OK;924;16;5198;LOCAL_VALHALLA_MATRIX;afc65b18f326a86ac0926100323ec7f81994b303b2509cd0c7742faf1af85369;587ce614ff563bbf781901c5edd93d93626f49223386cfde5e103d559a35a5d2;2026-09-23T00:53:28.118606+00:00;false
LOC-0124;LOC-0002;CAR;2026-08-17T07:00:00+03:00;OK;1993;34;13044;LOCAL_VALHALLA_MATRIX;91003551a33a0741cd85cfbeb646ad6874a69d15835dba3a0b24fe2e5f589b7d;4973a369dc6c847ffb0d992b39bda5fd2ef8a3abfdd0ba7c621923b9aded425c;2026-09-23T00:53:28.118606+00:00;false
LOC-0124;LOC-0008;CAR;2026-08-17T07:00:00+03:00;OK;2165;37;14626;LOCAL_VALHALLA_MATRIX;093ee91659dbbbcf292aee9601fc0aa5c48cfcf8abae930bb66a4dd8f32050e3;eaa2f37d17a199428713f39b02849ba085481e56baf864c129e0b18ddcb74359;2026-09-23T00:53:28.118606+00:00;false
LOC-0124;LOC-0009;CAR;2026-08-17T07:00:00+03:00;OK;311;6;1245;LOCAL_VALHALLA_MATRIX;1c1f954476772c82580483179097ebd86010860371a3e76ce44cfe2a4505f426;80c201b9c0adf9dfcac0b010cee31326b55387d36d15820ed066c4aef6d3cccc;2026-09-23T00:53:28.118606+00:00;false
LOC-0124;LOC-0010;CAR;2026-08-17T07:00:00+03:00;OK;2241;38;15177;LOCAL_VALHALLA_MATRIX;8ecf7f0b8d73bc0098262508c4ee37abb70c1b4fa0e0a2b28e1d1a80e43d8ab9;68d26b75d02065ac07bb19caa2e114a8c81125cc858d7dfeb5d2e6271631fe80;2026-09-23T00:53:28.118606+00:00;false
LOC-0124;LOC-0011;CAR;2026-08-17T07:00:00+03:00;OK;1933;33;13155;LOCAL_VALHALLA_MATRIX;16f63e6502caeb7585ba1c4cb75991464153a65425e1ffdb417adcc9a7a518d7;9368823ac85d0c3f5042a2eadf59e7453820aedf3f6ce3c47dcd721a03150724;2026-09-23T00:53:28.118606+00:00;false
LOC-0124;LOC-0013;CAR;2026-08-17T07:00:00+03:00;OK;2206;37;14241;LOCAL_VALHALLA_MATRIX;be89ea959843a1c07b39896e256958ab44aec9d5193008d8f8f711ee9820b879;fd80a4d22050baae4aae583ea1058f3430360918ebf789daf0d79f2375e5f744;2026-09-23T00:53:28.118606+00:00;false
LOC-0124;LOC-0016;CAR;2026-08-17T07:00:00+03:00;OK;1512;26;9241;LOCAL_VALHALLA_MATRIX;9cf293cc51bfe79ec86933473e4933177c261676c59c3ea35db4c4cb75c17078;914c957edb8b296fe8cd8d09343e8dec312d0bd63deb78f5d88e8eaa7a4a34b9;2026-09-23T00:53:28.118606+00:00;false
LOC-0124;LOC-0018;CAR;2026-08-17T07:00:00+03:00;OK;1207;21;7723;LOCAL_VALHALLA_MATRIX;aa206675ef98b5b1d3d27c10adea7bf7b5c8b4896c80e6051c5487ccf2a7bc7c;e07382f1020da0b89c833623d67719ed866d08aac6cbfc84a170b6ec44b13b94;2026-09-23T00:53:28.118606+00:00;false
LOC-0124;LOC-0019;CAR;2026-08-17T07:00:00+03:00;OK;2330;39;15448;LOCAL_VALHALLA_MATRIX;11c83028fecf9a2f7ee8d059c45cdce6f71a5a763275b9167a2340f03e3ecdcc;2ea458cf46b7373b59b6795139e1fbd64c6698b1e1a06c0e0a0c9d6cb538705a;2026-09-23T00:53:28.118606+00:00;false
LOC-0124;LOC-0020;CAR;2026-08-17T07:00:00+03:00;OK;2263;38;15228;LOCAL_VALHALLA_MATRIX;f95520c63df1877690d937e124f15d8098d817509b55383d960f4d74d6adad49;7ad0cb3fb5a1341a17f612501599a21ecbd6a9d9908a0ed0fd283cf09fa9572a;2026-09-23T00:53:28.118606+00:00;false
LOC-0124;LOC-0027;CAR;2026-08-17T07:00:00+03:00;OK;1410;24;9003;LOCAL_VALHALLA_MATRIX;330adc13ce5ce8bd66433388b572a15b8c49378ad5f1c8c0e5f0995e4cf2e1fe;dce626cebac8660f552c98a38ab1179054b986eaee2d8ec30f9cd3cc0a546cba;2026-09-23T00:53:28.118606+00:00;false
LOC-0124;LOC-0028;CAR;2026-08-17T07:00:00+03:00;OK;1465;25;9031;LOCAL_VALHALLA_MATRIX;6c7666646df3bed00e175cc941918214e76ebfa0d4a2a4e0b4a025c78c440e45;ae83ce81bf204170e4dc81fadc920991d7fd4adc1d1c47d1640e80bef96058c3;2026-09-23T00:53:28.118606+00:00;false
LOC-0124;LOC-0029;CAR;2026-08-17T07:00:00+03:00;OK;1361;23;8543;LOCAL_VALHALLA_MATRIX;c5ee5fcfa45af884b6117bb99bac209bc718f0c6031f59235fe38dd80d8d18e0;c2391b45d0f34652d12acc57dea79aa41c5ae34774bac0d43ed1d102dd4bbb1b;2026-09-23T00:53:28.118606+00:00;false
LOC-0124;LOC-0037;CAR;2026-08-17T07:00:00+03:00;OK;1991;34;13675;LOCAL_VALHALLA_MATRIX;fb3aed2ced9fbe2f68dbbf667c8f49577c8f0207336db73766eea3e89a4c63ed;6cc31facbb20620d9521a55e54407ff10657656d3539c70016317d3e1b3fc04f;2026-09-23T00:53:28.118606+00:00;false
LOC-0124;LOC-0045;CAR;2026-08-17T07:00:00+03:00;OK;1067;18;6607;LOCAL_VALHALLA_MATRIX;05ced9cc0549d499741a8e7cc46528511e6a80ae0c3ab7acc53260a34dc9af53;aa2590af6c21447c83384d936d52cdf087df73fb96187fee9d461f7150e698f5;2026-09-23T00:53:28.118606+00:00;false
LOC-0124;LOC-0053;CAR;2026-08-17T07:00:00+03:00;OK;1584;27;10605;LOCAL_VALHALLA_MATRIX;91547d38c5d0146127876891d136878e2f766db8bc575be35b94e705351230a7;6db29338d4b26c1da6d6578478afd3b0ed1bca0c4d4b6c4f64b2c667b026a4f6;2026-09-23T00:53:28.118606+00:00;false
LOC-0124;LOC-0054;CAR;2026-08-17T07:00:00+03:00;OK;1979;33;13238;LOCAL_VALHALLA_MATRIX;2646a9cdb628a919845e5171d75ae570fa30251bc573e75a74e184d1151b19f5;06d31e9fa3cd74e238aaaa3faa27274bc11990ce85d6bf1cdd9e320376436539;2026-09-23T00:53:28.118606+00:00;false
LOC-0124;LOC-0064;CAR;2026-08-17T07:00:00+03:00;OK;939;16;5608;LOCAL_VALHALLA_MATRIX;0c2f7132e81a2d1fdb7db9acbe52229217f8cbcf2b6f0e0a1b1e0f6866cbb443;eb73a662f43a2b3b1747a0f19a11ac06c40378ee1e923ee069071938d721fbeb;2026-09-23T00:53:28.118606+00:00;false
LOC-0124;LOC-0075;CAR;2026-08-17T07:00:00+03:00;OK;1402;24;8527;LOCAL_VALHALLA_MATRIX;908e91a430f2a9bc924aa347727362895a6db1b625eb23724bbb3e59cd50fc70;cb28090a71354e0a42d2724a916433a3c9ffe68562aff902b1d5ecca3c579744;2026-09-23T00:53:28.118606+00:00;false
LOC-0124;LOC-0076;CAR;2026-08-17T07:00:00+03:00;OK;1366;23;8774;LOCAL_VALHALLA_MATRIX;d23e64846749da20f0c7598c88097aba934ff3b874bff9314a35c4230c994085;53f8114ef27271158252b8cda13f1d3e145a2b19ae7f844a710a6aff46dee652;2026-09-23T00:53:28.118606+00:00;false
LOC-0124;LOC-0080;CAR;2026-08-17T07:00:00+03:00;OK;1418;24;9145;LOCAL_VALHALLA_MATRIX;2f67b0720a99600872d61711a900a62627371194e7b3cafee013949a088b9fe9;5207e772992d4411add230fb1905e2bcdf4594af8928c5975da7d8380f47b019;2026-09-23T00:53:28.118606+00:00;false
LOC-0124;LOC-0082;CAR;2026-08-17T07:00:00+03:00;OK;963;17;6083;LOCAL_VALHALLA_MATRIX;d31ce957bbef425274d761da79819059a8feb15f4e9437e4268bb2a631df3844;6dfaa8f85fce13eaf9a12d34d264baef9347658ce1b85a261846b9b103bc53c3;2026-09-23T00:53:28.118606+00:00;false
LOC-0124;LOC-0085;CAR;2026-08-17T07:00:00+03:00;OK;2160;36;14820;LOCAL_VALHALLA_MATRIX;fec5a545a575b4a5c2d9fc8f4e871c865f965f6d6508979e824ae38c7d3729a8;bf2d13645d78d4e6879cc64d7581c8340cc994a000b53c16c2c61704c8022ea9;2026-09-23T00:53:28.118606+00:00;false
LOC-0124;LOC-0086;CAR;2026-08-17T07:00:00+03:00;OK;2163;37;14821;LOCAL_VALHALLA_MATRIX;27aa221311d0e5d8c6c58107c0d3c97a7717ce1d4c4597b7912c9a1ae495ab40;1c63efd547422d2bb05d8ee7e6b2d3a61bce40483bb89f93a374d0dd26744ab8;2026-09-23T00:53:28.118606+00:00;false
LOC-0124;LOC-0091;CAR;2026-08-17T07:00:00+03:00;OK;2073;35;13964;LOCAL_VALHALLA_MATRIX;29dbe823af9b787c60c5ddf24c451295d21904df8f771aabb9a847c5fc2c6c22;9cf5dd4b153a38a7ad1ce9ebeae14123177103b4c2732eec24cd32907835f545;2026-09-23T00:53:28.118606+00:00;false
LOC-0124;LOC-0092;CAR;2026-08-17T07:00:00+03:00;OK;2102;36;13685;LOCAL_VALHALLA_MATRIX;1707621cf7a2dbcf8daf527eda6d701c5a613afa330241d4f92b24554178049a;660b57dd398da10c429bc652575ad3a7a4ee47b3f58af70d265dee8c206e428b;2026-09-23T00:53:28.118606+00:00;false
LOC-0124;LOC-0094;CAR;2026-08-17T07:00:00+03:00;OK;2291;39;15501;LOCAL_VALHALLA_MATRIX;282e29dec1f8d4537990e8eb06c61f8d023d7acb2b1ef3a67e74f451bc36cfbb;e0e593d6b0c573329adc8aea8d78d282cb5d65071494b4cbc084d8564b4c2ca1;2026-09-23T00:53:28.118606+00:00;false
LOC-0124;LOC-0095;CAR;2026-08-17T07:00:00+03:00;OK;2401;41;16216;LOCAL_VALHALLA_MATRIX;ffacda297cff4042cca2364030f8f83a57f0877881c41e2854f1cc1307efacd9;94dbfab15892aebd8b95460ba6841d1df4dcb26a87dd31c3344a924d4db3867b;2026-09-23T00:53:28.118606+00:00;false
LOC-0124;LOC-0112;CAR;2026-08-17T07:00:00+03:00;OK;1821;31;11857;LOCAL_VALHALLA_MATRIX;98c2104a92050e97eb194f7f159c44e98ae89f41382aa532b00917da66055ef2;d84d4d4fa6ee752f106470a80d929633f55422f616dd33bbed8247553caab5b0;2026-09-23T00:53:28.118606+00:00;false
LOC-0124;LOC-0124;CAR;2026-08-17T07:00:00+03:00;OK;0;0;0;LOCAL_VALHALLA_MATRIX;77aae6fdb181eddfe83c413e9dc32c719154951e6cf5a6f7816303c0e3579f16;3d5812abc84c11768aa73a732c85d75dbed439188f5bb3239e9b762ea31d9862;2026-09-23T00:53:28.118606+00:00;false
LOC-0124;LOC-0126;CAR;2026-08-17T07:00:00+03:00;OK;1700;29;11050;LOCAL_VALHALLA_MATRIX;50a680fc5429a72cac9edb985fabc4b50773ccbff849db4ddb13efb24a2c13dc;520bc7148585e5523796982ca86d0c4b9a4b77a2688813475577c5510d424a54;2026-09-23T00:53:28.118606+00:00;false
LOC-0124;LOC-0128;CAR;2026-08-17T07:00:00+03:00;OK;2043;35;13863;LOCAL_VALHALLA_MATRIX;370cd1179859ca60735103a7769b0578dbca69c4f5a68263e069d2c9853cefa7;f09e403b0845b9907e54b1c72362caf3b032454ea4a6543b14dbba21129bef81;2026-09-23T00:53:28.118606+00:00;false
LOC-0124;LOC-0134;CAR;2026-08-17T07:00:00+03:00;OK;2061;35;13199;LOCAL_VALHALLA_MATRIX;b958e11c68da2e94efa2027d55806601eeeaa3908b05580237280c84f0d05ee1;05853a9b6b0cbaa4f6088fb757ad35b710ad3f453357582ddd42bbab0e223d88;2026-09-23T00:53:28.118606+00:00;false
LOC-0124;LOC-0135;CAR;2026-08-17T07:00:00+03:00;OK;2094;35;13183;LOCAL_VALHALLA_MATRIX;67504a8ca1ac4a616f5b161e59c7b984bdb9f9dbead0d27134268eacf80f332a;577ea4a558656802bc1d400980b7e28f15a356aa2437e24f973154bac4ae812c;2026-09-23T00:53:28.118606+00:00;false
LOC-0124;LOC-0136;CAR;2026-08-17T07:00:00+03:00;OK;2112;36;14645;LOCAL_VALHALLA_MATRIX;a7059fb8488d4ff6db1a0cf73c11ebb6619b9e0c0e6854a361f93382793ced2c;b56b843a01d35613b4e3e3935419076b63173ef5a60fec5b6b596d1a0e31ff27;2026-09-23T00:53:28.118606+00:00;false
LOC-0124;LOC-0141;CAR;2026-08-17T07:00:00+03:00;OK;560;10;2775;LOCAL_VALHALLA_MATRIX;8e31f0fd1e2ddbc9a1634802b2b68a81161f71b635aca1d4b23824cb7e93ae57;f79bbf8026ac661150cfaaa41cac3c9b61f223e28a22bc1501f6bbe1256de813;2026-09-23T00:53:28.118606+00:00;false
LOC-0124;LOC-0142;CAR;2026-08-17T07:00:00+03:00;OK;663;12;3021;LOCAL_VALHALLA_MATRIX;1dd46755672b886d045e1b0b5e722e13d9eb910303a6e76a9bd530343a3d132c;34298b766ee88dd9af19b8f24353e3e78dbbe4f76f140fb8295adb8272614d40;2026-09-23T00:53:28.118606+00:00;false
LOC-0124;LOC-0145;CAR;2026-08-17T07:00:00+03:00;OK;1960;33;13234;LOCAL_VALHALLA_MATRIX;3cc44446b6b538e12d1dbabf3b5de417b53cbe9e2b1430b4eac5f092af5c14f5;54616ed516bd884d05c124a171edfa46863b2d9a82f3d8a62d39f1166e7a88ac;2026-09-23T00:53:28.118606+00:00;false
LOC-0124;LOC-0148;CAR;2026-08-17T07:00:00+03:00;OK;1322;23;8314;LOCAL_VALHALLA_MATRIX;545c6fab86005281d4ec8df3aa6927b8aad532a45018fe5ae229e8c9e9332e53;6f8742fc752dc672ea38cf526ed19776156a87f0adce47bc0b116369b5ce6996;2026-09-23T00:53:28.118606+00:00;false
LOC-0124;LOC-0149;CAR;2026-08-17T07:00:00+03:00;OK;1382;24;8623;LOCAL_VALHALLA_MATRIX;e0391b7392401a5f8f02db4d6e2c1a88ba2fce0e94fdbbb467acea2d86fc0058;a129262a6b4c18e3ba3ee08d2baae211615e8884d9cd07bdcc56ea34b5af036f;2026-09-23T00:53:28.118606+00:00;false
LOC-0124;LOC-0150;CAR;2026-08-17T07:00:00+03:00;OK;1466;25;9615;LOCAL_VALHALLA_MATRIX;38e261ca318315def772e2c4be1fcaff5fbbdcb5504f14237bbfa03dfa1c5689;63f8f4042cd72a48ff1baa84a0faa351e0f4384dc7a48665ea409c34b3590927;2026-09-23T00:53:28.118606+00:00;false
LOC-0124;LOC-0151;CAR;2026-08-17T07:00:00+03:00;OK;1263;22;7942;LOCAL_VALHALLA_MATRIX;72fdfe7a96d5e77c447c9f85c5ed95bbb89454fc420e0be7faebe115b49036a3;a0c4723fc8d5cd79bdb9ea8f3ca0d41e7456387b19c98ee2fabfba06523bb9dd;2026-09-23T00:53:28.118606+00:00;false
LOC-0124;LOC-0190;CAR;2026-08-17T07:00:00+03:00;OK;1717;29;11667;LOCAL_VALHALLA_MATRIX;cfe438b91ee6849afe56d671c2a3a4df290654cf27782fa3b43045fc36f281f8;93cd89fdb2612c6e46fb1ccfcafb763e92b23b246eed9cf7597f8cefc0cfc41f;2026-09-23T00:53:28.118606+00:00;false
LOC-0124;LOC-0196;CAR;2026-08-17T07:00:00+03:00;OK;1357;23;8428;LOCAL_VALHALLA_MATRIX;a40915ab58333f2377af1c13d9b5e5bfdb1ecfa18701625121565bd13b3ebcbe;5f1d77f8db92f4e4fcd9af6eef578329c7a9e0db76925b504bccd2c6fcc7affe;2026-09-23T00:53:28.118606+00:00;false
LOC-0126;LOC-0002;CAR;2026-08-17T07:00:00+03:00;OK;1174;20;7130;LOCAL_VALHALLA_MATRIX;9689f38ea16f4460263a72915f71604a9e4dcce9125e0f07598d220e6f0e550c;42ae659bd70167e6c821907270510b285286952d1216b97988244e8f72b7b0c1;2026-09-23T00:53:28.118606+00:00;false
LOC-0126;LOC-0008;CAR;2026-08-17T07:00:00+03:00;OK;876;15;5079;LOCAL_VALHALLA_MATRIX;c63fee566e72da26a2bd1ed8eefd833c681485d92401b389c93dd5c7dab35705;d74e1be5c72207a046c8fe180d22dbd7db8f4ee412285326f9d56d6315190d04;2026-09-23T00:53:28.118606+00:00;false
LOC-0126;LOC-0009;CAR;2026-08-17T07:00:00+03:00;OK;1848;31;11846;LOCAL_VALHALLA_MATRIX;6f5a3e381a0c53de3d2c4bc2a1a3b0b1da7ff881d34e8b3efd374cb30e8024b2;cb1d5f42e0cd2d48a990ab964f71413f645148a33b9eb4257656b0db15078b9e;2026-09-23T00:53:28.118606+00:00;false
LOC-0126;LOC-0010;CAR;2026-08-17T07:00:00+03:00;OK;892;15;5144;LOCAL_VALHALLA_MATRIX;5467fb0fb800fa4a534937391fc83da2d34330ddb6a1265a3b48b3fe604b4f7f;a22a532503c6675db117b61c95f4df83118485af90f6d8c4918ac01eb99282e8;2026-09-23T00:53:28.118606+00:00;false
LOC-0126;LOC-0011;CAR;2026-08-17T07:00:00+03:00;OK;790;14;4606;LOCAL_VALHALLA_MATRIX;5cc17072f672fcddec900965dc16c85d797d01c93d9e3d1e80cbc2b11ffa60b1;380a59cbb30959bff6b413f21c35bf66d41ae1b13dfbfa260110f3f97ff46b1c;2026-09-23T00:53:28.118606+00:00;false
LOC-0126;LOC-0013;CAR;2026-08-17T07:00:00+03:00;OK;1312;22;7661;LOCAL_VALHALLA_MATRIX;8abfd45b43fa88bcb62c4451338aefa58e0ce29000c74893cdc70ae5068219b2;746e35817893108f1826db30d38b12f4f7e82b129e5257e85c9e46fb2e1e6e58;2026-09-23T00:53:28.118606+00:00;false
LOC-0126;LOC-0016;CAR;2026-08-17T07:00:00+03:00;OK;1316;22;7772;LOCAL_VALHALLA_MATRIX;e00d21973557a099bdcce78af95dff87964b989cae45adc2acf6410ff7879ab6;c7da093cecfdd8ac7b1718fcf2d0dcb7725f7f29110e7f8759c899e0016176b1;2026-09-23T00:53:28.118606+00:00;false
LOC-0126;LOC-0018;CAR;2026-08-17T07:00:00+03:00;OK;584;10;3289;LOCAL_VALHALLA_MATRIX;c1b96044cbdcb3d8a9aa17b061525c3f292394246f6a9f478bc0138bffe6d939;339e1bfe73b40dcb5f9716ed6f122c82d34edb61cc82820cfd500db34237e1c8;2026-09-23T00:53:28.118606+00:00;false
LOC-0126;LOC-0019;CAR;2026-08-17T07:00:00+03:00;OK;1000;17;5474;LOCAL_VALHALLA_MATRIX;441cdc96be1f4c991b7c6d0f8a86bec24198cc45d7508fc22fc18ef7a3015783;1a50071dedd77fa3be86c3dd06f74713d374747bda4c788603721df90d77a12b;2026-09-23T00:53:28.118606+00:00;false
LOC-0126;LOC-0020;CAR;2026-08-17T07:00:00+03:00;OK;932;16;5942;LOCAL_VALHALLA_MATRIX;174f138ea6af580b6f721786bc876333cff99ccd01f2921b2cc5735ac50acb10;7808a58587a599208ae670822380534ee55929060eef70a09b1a6df33634503b;2026-09-23T00:53:28.118606+00:00;false
LOC-0126;LOC-0027;CAR;2026-08-17T07:00:00+03:00;OK;521;9;2736;LOCAL_VALHALLA_MATRIX;df16d353c5a743abcb4f4e7d05fe16a4c32a22f1b7c14002b1ddbba92fc8fd61;be358035224183ebd4301791376d4904f0c6bc8c9210af83f9e02681d8b119a8;2026-09-23T00:53:28.118606+00:00;false
LOC-0126;LOC-0028;CAR;2026-08-17T07:00:00+03:00;OK;1125;19;6245;LOCAL_VALHALLA_MATRIX;e7ad89d128e8ead3ed9673eadfe660204450876f1ed58414cae6720236d6299a;77a910a5ccd28d5a6f821eae6c0474887b71d2b6f287b50d02d80140ee1e1445;2026-09-23T00:53:28.118606+00:00;false
LOC-0126;LOC-0029;CAR;2026-08-17T07:00:00+03:00;OK;986;17;5802;LOCAL_VALHALLA_MATRIX;7e221f8da76ec0cc33c57c9fad9100a044c9ad2c66ca17abf4d78212cc3c7ca6;36ff6e3a983038d446ecedb368bae551d383e31b2091d2eea389a92188275871;2026-09-23T00:53:28.118606+00:00;false
LOC-0126;LOC-0037;CAR;2026-08-17T07:00:00+03:00;OK;1018;17;6077;LOCAL_VALHALLA_MATRIX;ec7920188480b3e3850ae8489911a2406781373ce7c97fc8c7daec5278e76e66;fe6925e9245fe74e5ebcaed49e270fb599b81a058704ffdd42366cda084a916b;2026-09-23T00:53:28.118606+00:00;false
LOC-0126;LOC-0045;CAR;2026-08-17T07:00:00+03:00;OK;785;14;4812;LOCAL_VALHALLA_MATRIX;e7c0fb2c2b63ab61b228f40a453f5d6dead8aa358b207dec81e8cf4abefa125f;e2e4d93cfd7ac4e0b05feeecc5711ab40c555b2d199db33d5d292968d55e8d01;2026-09-23T00:53:28.118606+00:00;false
LOC-0126;LOC-0053;CAR;2026-08-17T07:00:00+03:00;OK;1084;19;6752;LOCAL_VALHALLA_MATRIX;22ff113fb014840c1655e1e20bc383560285f4517385862b438089767593a251;c042fc3adc9a44440a5963246fe056a56191df6e14cfaf9a69debf780f48b1b9;2026-09-23T00:53:28.118606+00:00;false
LOC-0126;LOC-0054;CAR;2026-08-17T07:00:00+03:00;OK;898;15;5121;LOCAL_VALHALLA_MATRIX;7a9b37d3928f1f17d777f8861fa295ec463d73d98112fefb8883da355cc03b1c;3e055da54c41c208be94286f32b85ddbbe00d72f24442bc1844f1ee13b9aae55;2026-09-23T00:53:28.118606+00:00;false
LOC-0126;LOC-0064;CAR;2026-08-17T07:00:00+03:00;OK;1058;18;6621;LOCAL_VALHALLA_MATRIX;ee38a4e10f93eaf5c4eac7080bf48b32b17a8fdd7e6a5c29c62333089908dffc;85db5a661476f5ca4af6c6b50d650506952f1007461e7f5f5ff2a8c39afc67fd;2026-09-23T00:53:28.118606+00:00;false
LOC-0126;LOC-0075;CAR;2026-08-17T07:00:00+03:00;OK;583;10;3165;LOCAL_VALHALLA_MATRIX;f7253a7fbfcbb841145da52ab429d580a296ef81db6e20df1f40a5691aef31ea;48b83e888fb424254bd953ec8f5cba62996dba1edc927703aac3a97e45c33340;2026-09-23T00:53:28.118606+00:00;false
LOC-0126;LOC-0076;CAR;2026-08-17T07:00:00+03:00;OK;1257;21;7763;LOCAL_VALHALLA_MATRIX;db34053d5201991dc5d5e74245d57953e8d57c460b86eef71244c096b045b39b;04010abb6735c0ea0a67e2b30dc2f90a3dc84d7f1a67828debe15010f39ca9a7;2026-09-23T00:53:28.118606+00:00;false
LOC-0126;LOC-0080;CAR;2026-08-17T07:00:00+03:00;OK;385;7;2068;LOCAL_VALHALLA_MATRIX;52ad66e3743b1376cda1f6a999e5074cd368b490597e29efa3e4198aa5d77621;33b1426b74321d2bb531e3a32908820b1887eed38064e4f95b7a1d9e53c13d1c;2026-09-23T00:53:28.118606+00:00;false
LOC-0126;LOC-0082;CAR;2026-08-17T07:00:00+03:00;OK;1052;18;6651;LOCAL_VALHALLA_MATRIX;9bf44796a2df396dbac3c8654c5cf519976135c093a112b1e56e79d4714fc766;29e33561a749cf1003de4d70444440c08df123c7ae419c0dff733e23b6aa7324;2026-09-23T00:53:28.118606+00:00;false
LOC-0126;LOC-0085;CAR;2026-08-17T07:00:00+03:00;OK;1326;23;8635;LOCAL_VALHALLA_MATRIX;1c6a1e3816ee21a493ca9b4480a7b743b20f2eb46251cf9e6e850db4f43f8d25;cc37cb37c762fb1ef88f59e4e9374cf9632780e56e8683bbaf7fc844f9222b6f;2026-09-23T00:53:28.118606+00:00;false
LOC-0126;LOC-0086;CAR;2026-08-17T07:00:00+03:00;OK;1328;23;8636;LOCAL_VALHALLA_MATRIX;975323a4210c70141d5d4760eb215ddbb13134c1cfef1f8b0745a162ab775acd;a1c1bfe2fc71ee0bb4266a315a6759f8b5d6d0eda2ad6f6c8aa55f014ce3242c;2026-09-23T00:53:28.118606+00:00;false
LOC-0126;LOC-0091;CAR;2026-08-17T07:00:00+03:00;OK;844;15;5243;LOCAL_VALHALLA_MATRIX;93d8c0490edc667011714d72cd0dc57cc49c44d8d87acc306cb9c1ac60ef5c81;3255dbb583d806f932213834a1abba4730672fdcdd25efef05fbd15072f9e4f3;2026-09-23T00:53:28.118606+00:00;false
LOC-0126;LOC-0092;CAR;2026-08-17T07:00:00+03:00;OK;769;13;4399;LOCAL_VALHALLA_MATRIX;07af6058ebd5e62b7e695da7cda5675bcaf1ab3b5fbf1a27fc844bdcea72d71c;905e1d3c41485f95aa7283f5cc4866159e46d95b3cb6bdafe590ecf6f3fabbfd;2026-09-23T00:53:28.118606+00:00;false
LOC-0126;LOC-0094;CAR;2026-08-17T07:00:00+03:00;OK;1456;25;9316;LOCAL_VALHALLA_MATRIX;6116595c3d995b34b6f6c9e64e8857fe83f67a5d39db3e4bb3047e5963623797;8562ac261d5b4c191180afe477684709b0f0bfa00f56d165770493cfe41a1df5;2026-09-23T00:53:28.118606+00:00;false
LOC-0126;LOC-0095;CAR;2026-08-17T07:00:00+03:00;OK;1566;27;10031;LOCAL_VALHALLA_MATRIX;29fe06f4810a765cdd5d2043c8103fcb590c3aebddc91535329d74857c937e38;992c00d95953d6ccd2019c9b49afc63df0a1aa8ed64a1aa808aaee0d8b0fa575;2026-09-23T00:53:28.118606+00:00;false
LOC-0126;LOC-0112;CAR;2026-08-17T07:00:00+03:00;OK;418;7;2102;LOCAL_VALHALLA_MATRIX;10c070c189923992cff6e21a4b9844a511d4ea710bc68ae3c978444bfa2c3f98;676e26304cdddb56b7c599ecc61d12e7581502ff10fa8e0e1221608b5af5198e;2026-09-23T00:53:28.118606+00:00;false
LOC-0126;LOC-0124;CAR;2026-08-17T07:00:00+03:00;OK;1811;31;11595;LOCAL_VALHALLA_MATRIX;223fcdb97401a5507b65541b25cbfed875a545a3efc146a0f09c190a3d21d5a8;08022c9e2d1afcc2a30490a81891cf580bfa0c7f061e1877d163cdc2c70da927;2026-09-23T00:53:28.118606+00:00;false
LOC-0126;LOC-0126;CAR;2026-08-17T07:00:00+03:00;OK;0;0;0;LOCAL_VALHALLA_MATRIX;e143ad86f33562ebc645987f2d117f794ae96004d9c73c9ec30bf105b2e938b9;3d5812abc84c11768aa73a732c85d75dbed439188f5bb3239e9b762ea31d9862;2026-09-23T00:53:28.118606+00:00;false
LOC-0126;LOC-0128;CAR;2026-08-17T07:00:00+03:00;OK;1093;19;6416;LOCAL_VALHALLA_MATRIX;0b9f36cbbc896054c5dfd7e690f66ee1550a3551eb03dc11b66b0376e2151031;7283256867fa5d3d7b46609132a23bc0d22afaaebf03380d3b81fada78cef2db;2026-09-23T00:53:28.118606+00:00;false
LOC-0126;LOC-0134;CAR;2026-08-17T07:00:00+03:00;OK;1242;21;7285;LOCAL_VALHALLA_MATRIX;677093de1a5fd5eb662b4c65e95e28c4009a919b27b4accd34c5248d281eae1c;c46aa878e1f66f6a8c81a67a7280e5759bd130b7f6c22922b60a4b8efe7db065;2026-09-23T00:53:28.118606+00:00;false
LOC-0126;LOC-0135;CAR;2026-08-17T07:00:00+03:00;OK;1275;22;7269;LOCAL_VALHALLA_MATRIX;a90e0b1e976975b9dbfb2a95c4168fee1eb76156f149f7389147b3b24d83ba45;8694d81c549b151f9bb371f8e8cbb5eaac9788c76e9592978de2d899e7305052;2026-09-23T00:53:28.118606+00:00;false
LOC-0126;LOC-0136;CAR;2026-08-17T07:00:00+03:00;OK;1277;22;8460;LOCAL_VALHALLA_MATRIX;f6445736268cae6d52ca8edf813117a93ceaa6a4f5264ae172eb19f192d9281d;0a75221f5889db8fb7810bece7210495a3e4900f2b55e669b4c2ad7cda704f7a;2026-09-23T00:53:28.118606+00:00;false
LOC-0126;LOC-0141;CAR;2026-08-17T07:00:00+03:00;OK;1468;25;8939;LOCAL_VALHALLA_MATRIX;be59cf56cc8a9f6e952da754e049ea2cd9390a2be12c8817bdd2d7bb8b1bcd45;67f0a903ab04628a89e6a8cf6b736e8b7d97e7afd16753ea68de9d357d70f9d5;2026-09-23T00:53:28.118606+00:00;false
LOC-0126;LOC-0142;CAR;2026-08-17T07:00:00+03:00;OK;1431;24;8423;LOCAL_VALHALLA_MATRIX;14a9bb6994bd4d9ebedd7730e157831d62472e2e3a0d1e0c918ffb1ee58b44da;13eda4bbac14479da5b02a93d69afd10adc72a7e0cba3105850daf02e3f2a980;2026-09-23T00:53:28.118606+00:00;false
LOC-0126;LOC-0145;CAR;2026-08-17T07:00:00+03:00;OK;723;13;4513;LOCAL_VALHALLA_MATRIX;bb14c58a63c18e5fbbbf7c4e22ed092c4a4a4f975720b5129b722bf138fc3212;00abf4a40e61813745be3f4f302764030d3143acf2473a608025226a5453efdf;2026-09-23T00:53:28.118606+00:00;false
LOC-0126;LOC-0148;CAR;2026-08-17T07:00:00+03:00;OK;512;9;2897;LOCAL_VALHALLA_MATRIX;8cddb097c593e0fca70051ea459d975c953183a88b29543ba2fbe829e7bb0c94;fcc77098d7ef55dffb017518c23d201c7f9fd984135c70c5a1e0ca3cee6785b0;2026-09-23T00:53:28.118606+00:00;false
LOC-0126;LOC-0149;CAR;2026-08-17T07:00:00+03:00;OK;471;8;2638;LOCAL_VALHALLA_MATRIX;ff877a8d4bdb23afe33adda7cb53b66162070c74dabd621902a2e9d1842264ab;975f769bbd22b949fa661ed534ab087b92ee645f0e6b11a349ae0eedbefbf9b8;2026-09-23T00:53:28.118606+00:00;false
LOC-0126;LOC-0150;CAR;2026-08-17T07:00:00+03:00;OK;443;8;2457;LOCAL_VALHALLA_MATRIX;8c988cf0507865ab0d115833b8221ec5e2c108254cd896fa971ee5cd065100b3;328ab0c45421b92ec5e1c443f3abe1de65fcea21944101a7c6c02c408f9876c6;2026-09-23T00:53:28.118606+00:00;false
LOC-0126;LOC-0151;CAR;2026-08-17T07:00:00+03:00;OK;603;11;3302;LOCAL_VALHALLA_MATRIX;68b45ca44f5f418590d17f60b5e63356e5f5a02e784b87139651ef5ec9f22607;fc0711eb7786d2d9cab2cd19b351c3f4e97fcc72595f09d1afc592cff50a556d;2026-09-23T00:53:28.118606+00:00;false
LOC-0126;LOC-0190;CAR;2026-08-17T07:00:00+03:00;OK;575;10;3118;LOCAL_VALHALLA_MATRIX;4529ef52b81888d0ed52bdfa87b71a0d31a2f6fa1b1efea7602f51d9e086fe66;c97dfb043d73e1142a3277b344eff3f47834846f23f546508b4d18812cef4970;2026-09-23T00:53:28.118606+00:00;false
LOC-0126;LOC-0196;CAR;2026-08-17T07:00:00+03:00;OK;928;16;5364;LOCAL_VALHALLA_MATRIX;48b202fb3c13c74a1751e2f219fd6d4595a959f660a56f0cb0bdca0fea57faff;a7fe48cf8b2e7974ef6f03cfa61b9aab8555455785b3df384f7ba0abfd9b8254;2026-09-23T00:53:28.118606+00:00;false
LOC-0128;LOC-0002;CAR;2026-08-17T07:00:00+03:00;OK;527;9;2993;LOCAL_VALHALLA_MATRIX;0e3d4241ad7deeecf0774bcc6ee889d2a01a38d838df4a55e78cde705a9beaa9;72f6a7198a95228dd53b39c70a27535ee663aeeb65b24a69f3254f14e66a2596;2026-09-23T00:53:28.118606+00:00;false
LOC-0128;LOC-0008;CAR;2026-08-17T07:00:00+03:00;OK;1047;18;6161;LOCAL_VALHALLA_MATRIX;0f429793ca357cd365a98c1b746d3ebb95c8dfe7d4fae1e715ae136925fe91aa;121b61c673216e9fede0cb72b140f7e24d62647c3f8b5cd84308747265014788;2026-09-23T00:53:28.118606+00:00;false
LOC-0128;LOC-0009;CAR;2026-08-17T07:00:00+03:00;OK;2108;36;13771;LOCAL_VALHALLA_MATRIX;8a54ed95784f23c3a16eaf939adb6e5ad5e506e0b2218a2dea3df6f71cdf6c62;d83b8e09520c98c14a6c4beba46629b28d63b6f6a0410c4cab1d85d73181eb61;2026-09-23T00:53:28.118606+00:00;false
LOC-0128;LOC-0010;CAR;2026-08-17T07:00:00+03:00;OK;1085;19;6277;LOCAL_VALHALLA_MATRIX;56d2d35790859ddd9d55b5a334cd4189d26432d1c1a561c5f714b30edb743576;f0285a68531ea1e688c684a6dd3fbf081a29f1c631819de86dfcbc85500dab8d;2026-09-23T00:53:28.118606+00:00;false
LOC-0128;LOC-0011;CAR;2026-08-17T07:00:00+03:00;OK;942;16;5363;LOCAL_VALHALLA_MATRIX;b7bcf4d491aae1da90b5e1e81c8bb1255eddbf44f48b425a115ec5a58c706605;50fe70f7a4abaa834652f9922154ae325e1fbcf4abfaccf9aae3d21cddf57fbf;2026-09-23T00:53:28.118606+00:00;false
LOC-0128;LOC-0013;CAR;2026-08-17T07:00:00+03:00;OK;777;13;4230;LOCAL_VALHALLA_MATRIX;bafbff7464e28ddca099c27e06ab4c3158f65611652caa84a278879df941f3d8;850edd24932728454d8134a7219466b18e6b7a34c6e5462d5e2fec80f8cbcf84;2026-09-23T00:53:28.118606+00:00;false
LOC-0128;LOC-0016;CAR;2026-08-17T07:00:00+03:00;OK;1055;18;6623;LOCAL_VALHALLA_MATRIX;4ec38d7810c70874e6e70c31f053cbc8c866fc6407a178894f0c419d9244840f;56c11e5a7e2e2785339a9afb70c3c8725e0b14c52120c6eaab6332992428e0ce;2026-09-23T00:53:28.118606+00:00;false
LOC-0128;LOC-0018;CAR;2026-08-17T07:00:00+03:00;OK;1409;24;8268;LOCAL_VALHALLA_MATRIX;d8e399bd639627c6c41de8b9de3f81ddb351eac3f6b034015eefb904117c3e22;ab472493b503d48afde5893383c2ccd48ce5bacd0b67ce8c7e65e6f64657e737;2026-09-23T00:53:28.118606+00:00;false
LOC-0128;LOC-0019;CAR;2026-08-17T07:00:00+03:00;OK;1172;20;6556;LOCAL_VALHALLA_MATRIX;6dcee493e79a7a6e4a0125539d65ed028d7920c00ea2c1bfcfe63703bff45225;b52b2bc95ae7b7a2d101196b89d41b8256c39057b448f1a162a1d79af313351c;2026-09-23T00:53:28.118606+00:00;false
LOC-0128;LOC-0020;CAR;2026-08-17T07:00:00+03:00;OK;1283;22;7712;LOCAL_VALHALLA_MATRIX;42eb0df8d9d441907e3926630d73029cf6c9657065ce7ad2bdfc82bd980afb40;13743e9f34840e63ea149483f54711345ac4b3e978a67be70f150ec5c7936f3c;2026-09-23T00:53:28.118606+00:00;false
LOC-0128;LOC-0027;CAR;2026-08-17T07:00:00+03:00;OK;1345;23;7715;LOCAL_VALHALLA_MATRIX;d57d1aae25c66a9f0333c886e590909506e7fc68199ee00e8603d877f0b1ebde;fbdc6779e52630f3bf7ad66fbb050be9206dfa7da88d4501053eb73a27f6dba9;2026-09-23T00:53:28.118606+00:00;false
LOC-0128;LOC-0028;CAR;2026-08-17T07:00:00+03:00;OK;1325;23;7698;LOCAL_VALHALLA_MATRIX;e6bb43253cda03ff6204da7d93919343e01fbaf51d77761227b2485b1206b8a1;57779be45c7915490188822767e4af78438d1b5a57dea4727e56a2bb3abc2589;2026-09-23T00:53:28.118606+00:00;false
LOC-0128;LOC-0029;CAR;2026-08-17T07:00:00+03:00;OK;1186;20;7255;LOCAL_VALHALLA_MATRIX;9a071fc79510644600e979e97111c60a38e3103eeb741d9747e63298a947feb2;31d82652ac4f63038724e182c97dd8b8503417ef54a2e33f9922e786b279ca83;2026-09-23T00:53:28.118606+00:00;false
LOC-0128;LOC-0037;CAR;2026-08-17T07:00:00+03:00;OK;268;5;767;LOCAL_VALHALLA_MATRIX;0fcdb0b7b31773f81305ce20d61e624923cfa1c0bd39bd696fcfaf8d763d70ea;a3b19f0189192acb1a7ab75b17a2e6d0e4202b727f520d60f4f9c52a42d58cfe;2026-09-23T00:53:28.118606+00:00;false
LOC-0128;LOC-0045;CAR;2026-08-17T07:00:00+03:00;OK;1253;21;7937;LOCAL_VALHALLA_MATRIX;2e123efee6545b5e9277eab3b86126c201e95997c739a34fa51884c34c3e07fe;b4f9c84de58bfc85b12eba25d1ddbc6dec3de786d209f85a2910fa78df586f22;2026-09-23T00:53:28.118606+00:00;false
LOC-0128;LOC-0053;CAR;2026-08-17T07:00:00+03:00;OK;973;17;6510;LOCAL_VALHALLA_MATRIX;ac5d8c2612d44029dcd8666d8558ee2045206d09e6c50511eae5eea8f64fb58b;238a8947819139a20f8a122a049e3e463dfacd6d1d328f46c91a4ad084e2afa8;2026-09-23T00:53:28.118606+00:00;false
LOC-0128;LOC-0054;CAR;2026-08-17T07:00:00+03:00;OK;366;7;1717;LOCAL_VALHALLA_MATRIX;ae42cdbcf7147a702cd41158015a829b89e82e1dc169bafb842575e56717b168;c92cc8c46a5fd9f73e908bd1c18cf49cff4b08a5dfe7d6b8bad1d61558642411;2026-09-23T00:53:28.118606+00:00;false
LOC-0128;LOC-0064;CAR;2026-08-17T07:00:00+03:00;OK;1255;21;7864;LOCAL_VALHALLA_MATRIX;625b2f6b07b620f59a0ed83020422430366004493fe0bb295ef0c3a7e7563f90;de1031863b182b0b19621c69b6e376f8e9f8cd80f099657dc719a2fd61f75fb5;2026-09-23T00:53:28.118606+00:00;false
LOC-0128;LOC-0075;CAR;2026-08-17T07:00:00+03:00;OK;1407;24;8144;LOCAL_VALHALLA_MATRIX;dd6898828bd54b2430f3d13c7e3fdde0aed6c87da6e03f665aa7f7b48a58aa3f;0ae744c8b78ab8fa1a83cf0f352d054a66ea692f0a69216333d375321780faa9;2026-09-23T00:53:28.118606+00:00;false
LOC-0128;LOC-0076;CAR;2026-08-17T07:00:00+03:00;OK;979;17;6656;LOCAL_VALHALLA_MATRIX;d0eb688d4c47bd5b368eac896fce1af33beb8b684add874dd5f3f1f17eced65c;7ec16e62ef1f9b70395aa866a760641c1f2ba21f9b448ac792aee018fcf55a53;2026-09-23T00:53:28.118606+00:00;false
LOC-0128;LOC-0080;CAR;2026-08-17T07:00:00+03:00;OK;1209;21;7047;LOCAL_VALHALLA_MATRIX;c703dec4ce4847f1b697e2b62c463e48058c20a85a5f85a8576f3c9b1c966ce1;5cc583bfab55882ec321c15510977625205cf548d54da05fb42a73bc20f8cceb;2026-09-23T00:53:28.118606+00:00;false
LOC-0128;LOC-0082;CAR;2026-08-17T07:00:00+03:00;OK;1249;21;7894;LOCAL_VALHALLA_MATRIX;6056b69b8e7b8e272b11391064049895e512187387734047f9cbc7ee6d63e594;8d4b4a794e42bd602e9d7db65209eaddf9077357ee3b1d121c34658ac2d7addc;2026-09-23T00:53:28.118606+00:00;false
LOC-0128;LOC-0085;CAR;2026-08-17T07:00:00+03:00;OK;646;11;3893;LOCAL_VALHALLA_MATRIX;1227f2da5f06fd4f3933a2574350c7b5b25213993ee23af96094557603ea0c10;13576daf42658d552d131b604d9a0ff400958c7a3af56e65647715310ad5bb21;2026-09-23T00:53:28.118606+00:00;false
LOC-0128;LOC-0086;CAR;2026-08-17T07:00:00+03:00;OK;648;11;3894;LOCAL_VALHALLA_MATRIX;4dcf31093d351bf72b5f36fc367bfd9738ad539ddad32604a9f36f55c36a5cdf;3a334965c94d3ad630f23cd653732f987be004c3c69aed3d1c8380f049806f5f;2026-09-23T00:53:28.118606+00:00;false
LOC-0128;LOC-0091;CAR;2026-08-17T07:00:00+03:00;OK;1008;17;5964;LOCAL_VALHALLA_MATRIX;1e2d611236f89f68a615c6d3b31d99820101a8e7e076f30a57e8c58221cbcfe8;a180ffd8a09ef508f9a58d63810b2c3387a8b8bef660fa1161f3cc83f3b90330;2026-09-23T00:53:28.118606+00:00;false
LOC-0128;LOC-0092;CAR;2026-08-17T07:00:00+03:00;OK;1137;19;6711;LOCAL_VALHALLA_MATRIX;84483353ccec1ed9d13d23e130d90a3878a1297912e34cd41fd4a3c69499962c;ae877f6642b6bc071568ed5b02f3152fdc46a3072da147f76759b25a55994334;2026-09-23T00:53:28.118606+00:00;false
LOC-0128;LOC-0094;CAR;2026-08-17T07:00:00+03:00;OK;777;13;4574;LOCAL_VALHALLA_MATRIX;ac7085c691865e0002d408995c875425d63b6fb7930aed512f5082ad0b8a5370;4c66880515fb80a4dca422331d90e7c203f10108866583056041203f08d955f7;2026-09-23T00:53:28.118606+00:00;false
LOC-0128;LOC-0095;CAR;2026-08-17T07:00:00+03:00;OK;887;15;5289;LOCAL_VALHALLA_MATRIX;71f16836978a45f146f0bed03ecafee632840dd0f0ca97fb22b95034ff3401ac;62e782ca88451fbfec0643fb2cf694b3b6e2761ae405ee803978e2ff3b4275b4;2026-09-23T00:53:28.118606+00:00;false
LOC-0128;LOC-0112;CAR;2026-08-17T07:00:00+03:00;OK;971;17;5631;LOCAL_VALHALLA_MATRIX;2c11a1e827c3bdf29a53e1741c15d4fd2a1e4499f3fd6dfe79e6ed12892b3976;e334c1f476b98b368c8cee143f0b02b3e78dfa4a7a40c46b46759b0f34d145cd;2026-09-23T00:53:28.118606+00:00;false
LOC-0128;LOC-0124;CAR;2026-08-17T07:00:00+03:00;OK;2208;37;14229;LOCAL_VALHALLA_MATRIX;fd51d921040be3740cbeffd916d3925a20616ff330c81c847086d50cc5ba5bbc;fd3a82e40f03705b0775106483062183294bd9e011e427e1e6c27c2d4fba8502;2026-09-23T00:53:28.118606+00:00;false
LOC-0128;LOC-0126;CAR;2026-08-17T07:00:00+03:00;OK;931;16;5213;LOCAL_VALHALLA_MATRIX;ba922fcff201bcce959c113e70aa48a7c6550fc7c04c98790bf20b0ee114461b;cff0526d088db17b7b793796e056f8b629d1a72998b66a00250677487a091a33;2026-09-23T00:53:28.118606+00:00;false
LOC-0128;LOC-0128;CAR;2026-08-17T07:00:00+03:00;OK;0;0;0;LOCAL_VALHALLA_MATRIX;e04e1e30efb762a6c9cbff2ee13966d0718e85a9415ef29700596fa01484694d;3d5812abc84c11768aa73a732c85d75dbed439188f5bb3239e9b762ea31d9862;2026-09-23T00:53:28.118606+00:00;false
LOC-0128;LOC-0134;CAR;2026-08-17T07:00:00+03:00;OK;549;10;3135;LOCAL_VALHALLA_MATRIX;a09e7404a3e27953356da22ed78289e0034835c84dd503b45ba4935058bc2086;d990a37d08ee36a9461a67b8f724f4b8957132c1c56e601947d83235ce455c77;2026-09-23T00:53:28.118606+00:00;false
LOC-0128;LOC-0135;CAR;2026-08-17T07:00:00+03:00;OK;648;11;3820;LOCAL_VALHALLA_MATRIX;4299dc231ca4a90420ec0254286159157bc7faf702d69f67b390b5b70d53d2a4;dcff62d3709123f782671c5a4779a9a5fd650f8796a9525279a0c95946e90eae;2026-09-23T00:53:28.118606+00:00;false
LOC-0128;LOC-0136;CAR;2026-08-17T07:00:00+03:00;OK;597;10;3718;LOCAL_VALHALLA_MATRIX;e77d487add0dd11bd1727ced91a692e2d46f581442ddff997feb5f32724b3300;4f50858524fb7a6e24e5fe5d0a47d3b286cbf29a31b6104ebeefd390afbb694a;2026-09-23T00:53:28.118606+00:00;false
LOC-0128;LOC-0141;CAR;2026-08-17T07:00:00+03:00;OK;1964;33;12474;LOCAL_VALHALLA_MATRIX;9f66e8c7ba49b2cad2d2e84e97c87c1a8a0d7f123a0358e67fd6b54ddf000792;97c0c2d25106477d72e2189961fb9563eb9fc8f1d909b604881d89d10898171e;2026-09-23T00:53:28.118606+00:00;false
LOC-0128;LOC-0142;CAR;2026-08-17T07:00:00+03:00;OK;2068;35;12720;LOCAL_VALHALLA_MATRIX;6a66ec30031434743da093eddae837408c9b60cb631fa7f02bb143b53a64b6f1;27b94da2526c72532554f871ea74ee68d2c291a3cf8022b0b400c70d173ba6bb;2026-09-23T00:53:28.118606+00:00;false
LOC-0128;LOC-0145;CAR;2026-08-17T07:00:00+03:00;OK;1225;21;7497;LOCAL_VALHALLA_MATRIX;17e8132295741d3cf4091cc8b95deea63883d365c8e16b7d4ef5cc49399b11cb;814d733d1dba5a5c7639e3cfb3af57a49db0d2242bbb723887fba1a7eb935668;2026-09-23T00:53:28.118606+00:00;false
LOC-0128;LOC-0148;CAR;2026-08-17T07:00:00+03:00;OK;1336;23;7876;LOCAL_VALHALLA_MATRIX;9f05dde610dc124016e76393321cef83344bdc7ff8efb30120f64302b420f3e6;169e6a89075dfee4128ce751814bc9381304886c1a81b07234b53ec97938cc8c;2026-09-23T00:53:28.118606+00:00;false
LOC-0128;LOC-0149;CAR;2026-08-17T07:00:00+03:00;OK;1296;22;7617;LOCAL_VALHALLA_MATRIX;e4d7ebabc68002dc57f30928768757687e954c6344adb7cdfc0ad317e81a7749;9024cf6d51e7ac1c63deb824cfe1f5ee9c619495f13c6b8a70c3772574477bb7;2026-09-23T00:53:28.118606+00:00;false
LOC-0128;LOC-0150;CAR;2026-08-17T07:00:00+03:00;OK;1267;22;7436;LOCAL_VALHALLA_MATRIX;d0fc0ad325da43b2e17b4be1419faa87cea599b7347b603ba6ad76fd8de5903f;0f12ab89e6670e0fa1ad29d6d64130cca3995b9137b53c792f68f46384275f54;2026-09-23T00:53:28.118606+00:00;false
LOC-0128;LOC-0151;CAR;2026-08-17T07:00:00+03:00;OK;1427;24;8281;LOCAL_VALHALLA_MATRIX;f4955e9c34a64c8d9749e950cdf3865dae5d726f074c388ac4e72e175d0342c3;59ea9bc1831224cc24b77da3172ee7c7791ba9e46487663fd856a86699b97a0e;2026-09-23T00:53:28.118606+00:00;false
LOC-0128;LOC-0190;CAR;2026-08-17T07:00:00+03:00;OK;846;15;4733;LOCAL_VALHALLA_MATRIX;0e801dcd70161badc578f2e95d30ca558ecd21244ee7eb02b377b315c820fdba;d6b5cb4255e98269d7036810a386c5234d187af5164752884cc2b9098924eda8;2026-09-23T00:53:28.118606+00:00;false
LOC-0128;LOC-0196;CAR;2026-08-17T07:00:00+03:00;OK;1512;26;9139;LOCAL_VALHALLA_MATRIX;79620bf72984ee6e79493ad31223faeb0847563bf4a0975daa6642ac0348400e;a28774e0b9a71835eeabc940c37745a8991dcfc4cc764cb64a81779312cd9a03;2026-09-23T00:53:28.118606+00:00;false
LOC-0134;LOC-0002;CAR;2026-08-17T07:00:00+03:00;OK;218;4;824;LOCAL_VALHALLA_MATRIX;8f1f4e5a44c6ec17a64eecceca063e84b64bfb8ec0d2d0982f918bbeb03bab70;73e4bb5937e246cbc995848f4913529cf63bf22dd2616a9a1465a1874246a375;2026-09-23T00:53:28.118606+00:00;false
LOC-0134;LOC-0008;CAR;2026-08-17T07:00:00+03:00;OK;1305;22;8914;LOCAL_VALHALLA_MATRIX;3e92f48dd855d879b7d54205d666ab540c460b8e34ead65a61354ae516c5c168;3016471f80fd1f4bf13e2f2bb0a51c3a84844198f4bfcc5667e3757ea768e26a;2026-09-23T00:53:28.118606+00:00;false
LOC-0134;LOC-0009;CAR;2026-08-17T07:00:00+03:00;OK;2179;37;14572;LOCAL_VALHALLA_MATRIX;fdf8cdfe0fd9dcb0cfb4d8b8725563ce73636a79583ccfab8079185d28cad558;db6cb0f2b081826b4cad413fb2d7a17ccc3219ada9ccb56eff112a81f3e237e1;2026-09-23T00:53:28.118606+00:00;false
LOC-0134;LOC-0010;CAR;2026-08-17T07:00:00+03:00;OK;1346;23;9050;LOCAL_VALHALLA_MATRIX;d67cb940c6c7615a404dcb53674bdada153fe101dbf871ec6a824ff51c1cedd3;6b9127f090d712b1a2386ea34df421d14e7c573c94542c7009db0899acacb521;2026-09-23T00:53:28.118606+00:00;false
LOC-0134;LOC-0011;CAR;2026-08-17T07:00:00+03:00;OK;1200;20;8116;LOCAL_VALHALLA_MATRIX;fa105feb6cc9ac7043613590e1b1feef261479d5275defdd3ec7a04e0e769f5a;f36be6c60fb3f765ed57aa38e3add0f9f0d07f5a4592dfb6b0d27d296c225c4d;2026-09-23T00:53:28.118606+00:00;false
LOC-0134;LOC-0013;CAR;2026-08-17T07:00:00+03:00;OK;412;7;1435;LOCAL_VALHALLA_MATRIX;9698010375795c3d9549d8a71b370a243b6860617f4c4d06c99588ead8b6147c;cc98d1230c54a6c5da59df068a5fa7fe49407a1fb4d2a20fbc4b54bdfc491930;2026-09-23T00:53:28.118606+00:00;false
LOC-0134;LOC-0016;CAR;2026-08-17T07:00:00+03:00;OK;959;16;5978;LOCAL_VALHALLA_MATRIX;c3768ba29602864677bf6588e933b18378272f47872e5011e0ec5c4932006957;95c102a5ab16badadc34977e5b45fc0b451df5d984ca82c65bd1ed8e44f05806;2026-09-23T00:53:28.118606+00:00;false
LOC-0134;LOC-0018;CAR;2026-08-17T07:00:00+03:00;OK;1666;28;11018;LOCAL_VALHALLA_MATRIX;0fb31ce9d15f758fb247f6bccd1e75f74e7f3105e36de849b48f9cb7688ce57a;c84067e6ef5237f9b39a29d5c09300054f4dcfe83c172931c8d50d3079226c3d;2026-09-23T00:53:28.118606+00:00;false
LOC-0134;LOC-0019;CAR;2026-08-17T07:00:00+03:00;OK;1429;24;9307;LOCAL_VALHALLA_MATRIX;a99ba8283bd12ce98e6ceba2904eef44b023ffd56ac9d1aa2bf59d8c9aeed721;74505505e08f29b75fe7616cfceb2696ed761717bc76d6d58074c0b7cd2d6878;2026-09-23T00:53:28.118606+00:00;false
LOC-0134;LOC-0020;CAR;2026-08-17T07:00:00+03:00;OK;1538;26;10464;LOCAL_VALHALLA_MATRIX;c663f607c2f647482a475eecee638ecfa4fd4e6fc40d57b708a30fb662d3e066;25739cd2cce0edec4fae6b945b761b03e8c6d705f52ed4bde627ad9932ec65cd;2026-09-23T00:53:28.118606+00:00;false
LOC-0134;LOC-0027;CAR;2026-08-17T07:00:00+03:00;OK;1642;28;10494;LOCAL_VALHALLA_MATRIX;fb75b7e12ac0ba36193fa3c5520921374459fb09f16168b36516471243252127;801e4052a4ea8925ad828fc733e17c7efb5f575d2eea54c8885b02f4a738a8f1;2026-09-23T00:53:28.118606+00:00;false
LOC-0134;LOC-0028;CAR;2026-08-17T07:00:00+03:00;OK;1278;22;7677;LOCAL_VALHALLA_MATRIX;15ffb506d102d7c6e26d4d3d27b6b7492a760add2aa5c9a1633cfb77b1519056;c1816f932cfdffb2db2b9bbc39c7ce4e4f5381eaa2ea0dbaad8f9ccc0f37d0c4;2026-09-23T00:53:28.118606+00:00;false
LOC-0134;LOC-0029;CAR;2026-08-17T07:00:00+03:00;OK;1139;19;7234;LOCAL_VALHALLA_MATRIX;ae7a792840741ca9620583f355655340580fd11e085231dac56151e7b57da747;d238a47ed70db6aec1407d7ac70e5b6249212932ad354e41438ad6282c83a463;2026-09-23T00:53:28.118606+00:00;false
LOC-0134;LOC-0037;CAR;2026-08-17T07:00:00+03:00;OK;516;9;3206;LOCAL_VALHALLA_MATRIX;bbc2914f1b1198f997f9265ec2c94ef911d20048db01dd4c2a3078c634982ec2;e1e6bd9c38f4bbee274b2f562a2838c9144858d2f2b2a0cbd77f7d8ba2a1a41f;2026-09-23T00:53:28.118606+00:00;false
LOC-0134;LOC-0045;CAR;2026-08-17T07:00:00+03:00;OK;1325;23;8738;LOCAL_VALHALLA_MATRIX;990096a5ee10d058d7b0eccc0f0b242aafb4fa4d1b16b25bde850f321291c1df;90cb13f625a9ccccfb13df209827c2299114c216bfd0c44601b04583797a7bff;2026-09-23T00:53:28.118606+00:00;false
LOC-0134;LOC-0053;CAR;2026-08-17T07:00:00+03:00;OK;876;15;5865;LOCAL_VALHALLA_MATRIX;bdfd1ff688551fcd7ed677623fc8a9fb787260302de585bb6aa01f056e93b7d4;256567c33ea581175da457b9e66b0f9dc3800197d86b427df367ab181ca4b508;2026-09-23T00:53:28.118606+00:00;false
LOC-0134;LOC-0054;CAR;2026-08-17T07:00:00+03:00;OK;647;11;4211;LOCAL_VALHALLA_MATRIX;9853e96c3347c2749c88320a4f98f06d2270d014879f9fd3015a4f8974e09bdc;d885b1efa52fc76c5ffa42d7045e81103e3025a809a8132206bc9a02262a2869;2026-09-23T00:53:28.118606+00:00;false
LOC-0134;LOC-0064;CAR;2026-08-17T07:00:00+03:00;OK;1327;23;8665;LOCAL_VALHALLA_MATRIX;ae86016cec1f35bbf970fd042546e1cfafb49d2fd81c2e8cb1a496d678941508;4edbee8e669dcb36ab4da6931bed8f9599579da5062aad203b85c27d27f28128;2026-09-23T00:53:28.118606+00:00;false
LOC-0134;LOC-0075;CAR;2026-08-17T07:00:00+03:00;OK;1644;28;10464;LOCAL_VALHALLA_MATRIX;39e8f9ceb7098d291ae63b693728383998d5e2dd58dd85dc43fbf4e41ac02a65;18f7ecec0dab07f6e990527176f3dc9097adb115ba3da1afafb27f9ffa7fcbf3;2026-09-23T00:53:28.118606+00:00;false
LOC-0134;LOC-0076;CAR;2026-08-17T07:00:00+03:00;OK;883;15;6011;LOCAL_VALHALLA_MATRIX;609262b02a5d55e59400a02f9c022b5090845bca3614275759b2e838254ca362;6f1be11998803509016055150a35cc27e1137d221bc859f8f0704bb733a070e7;2026-09-23T00:53:28.118606+00:00;false
LOC-0134;LOC-0080;CAR;2026-08-17T07:00:00+03:00;OK;1466;25;9797;LOCAL_VALHALLA_MATRIX;c2eed15b6a04b66f85d998173f7d71609ba05777a66db885826efbfd9a2317dd;bf0c6e793a960528e330fac084b4f67c2f8951ff3b71f2dd415c5f0991fa519c;2026-09-23T00:53:28.118606+00:00;false
LOC-0134;LOC-0082;CAR;2026-08-17T07:00:00+03:00;OK;1321;23;8695;LOCAL_VALHALLA_MATRIX;e54398505e102a0968614fe0c1959f45c665a954eab0f288fd73bddfd8ab0178;0767681d0d6954fa9064efd36a94a075cc1bb3d44bee581b87f0b881a75d1085;2026-09-23T00:53:28.118606+00:00;false
LOC-0134;LOC-0085;CAR;2026-08-17T07:00:00+03:00;OK;285;5;1186;LOCAL_VALHALLA_MATRIX;f97899dc59854dbf706e62afda0f0fb1846a8c6b41f76e73faf623838c736f99;062ac35619f30e6e40153eec60b1b01d3dd466106009c4fbfff401dd6d32711b;2026-09-23T00:53:28.118606+00:00;false
LOC-0134;LOC-0086;CAR;2026-08-17T07:00:00+03:00;OK;287;5;1187;LOCAL_VALHALLA_MATRIX;decd2627f4e283ca6101cb7214d43647d43f09f65ebc105247973c2b6b1434c8;163cddf86f8f89f31d02c433f9b9a3a9ba562ef53c7741929614df9e7f3dc0a2;2026-09-23T00:53:28.118606+00:00;false
LOC-0134;LOC-0091;CAR;2026-08-17T07:00:00+03:00;OK;1266;22;8717;LOCAL_VALHALLA_MATRIX;917214ec052e132272c13206b1ae69b41cda04a45743b79c982d60ebd4cb90d5;cbb8798c09ae0cb06a50e3968068ece94064a1d0abaf7f31f366304a4a6af5d6;2026-09-23T00:53:28.118606+00:00;false
LOC-0134;LOC-0092;CAR;2026-08-17T07:00:00+03:00;OK;1396;24;9464;LOCAL_VALHALLA_MATRIX;a0a17c37a014597428366c852a8f33c136e896c24781662adb5f335d5dc93820;749e21528e2a8ad98bf87585f0d7eb30e48fc2ef43331b9b47360f1da44666d2;2026-09-23T00:53:28.118606+00:00;false
LOC-0134;LOC-0094;CAR;2026-08-17T07:00:00+03:00;OK;415;7;1867;LOCAL_VALHALLA_MATRIX;844756058ea190f2ca7d61a6ff5506e30f316eec68e6940509178efd45817973;27646ee6afcb5ea2cb3fff21b691f319fece12484918a053e8466eed1b0c227a;2026-09-23T00:53:28.118606+00:00;false
LOC-0134;LOC-0095;CAR;2026-08-17T07:00:00+03:00;OK;526;9;2582;LOCAL_VALHALLA_MATRIX;3c87b41cd2583a683c45770a458e9df05aed7f965b83cd8ae081b005bf202dcc;ba249aa4b83ccfec1ff53808c319358b34a1aa712a5cece2abfd3fce389a0292;2026-09-23T00:53:28.118606+00:00;false
LOC-0134;LOC-0112;CAR;2026-08-17T07:00:00+03:00;OK;1229;21;8384;LOCAL_VALHALLA_MATRIX;24571cc235cc537e22a001ca32b0aadc120a8c56244ea7df499538c959080f95;f00eff6b758d9ad0619d1231391b10b9151fad829b05267b4ba5e19d0f47c510;2026-09-23T00:53:28.118606+00:00;false
LOC-0134;LOC-0124;CAR;2026-08-17T07:00:00+03:00;OK;2280;38;15030;LOCAL_VALHALLA_MATRIX;b905eaf29ca3dbf77e943fa4911a461de992c6b92577c677d1939bc3e70d3716;bfe17f1b24374fac9d2014289358b52e4a8cdd28adf29b4144c75c7ebf1607ee;2026-09-23T00:53:28.118606+00:00;false
LOC-0134;LOC-0126;CAR;2026-08-17T07:00:00+03:00;OK;1189;20;7965;LOCAL_VALHALLA_MATRIX;4eb46cf2f8f5049ec8a66294742b859697a6f0ba7358340b1bc3728d33b40567;5a6f9529907cd93900673c8d5ef1b290d6f2c9ec0abb4b5a803264a4d27e6ea8;2026-09-23T00:53:28.118606+00:00;false
LOC-0134;LOC-0128;CAR;2026-08-17T07:00:00+03:00;OK;569;10;3394;LOCAL_VALHALLA_MATRIX;895626c5bb1b1d91af6505c2872e7e0f9ac619fc3aa5f3d7d24f41e3fc201670;07fcee330e67685c0595f8fe516394c22e2ec8e98fd0bdeb45dd08be3284ea0a;2026-09-23T00:53:28.118606+00:00;false
LOC-0134;LOC-0134;CAR;2026-08-17T07:00:00+03:00;OK;0;0;0;LOCAL_VALHALLA_MATRIX;9707026a31da40b0fcee6b8e9714c7cfcdbb4d7ee2cc83bf6424ddfd29542222;3d5812abc84c11768aa73a732c85d75dbed439188f5bb3239e9b762ea31d9862;2026-09-23T00:53:28.118606+00:00;false
LOC-0134;LOC-0135;CAR;2026-08-17T07:00:00+03:00;OK;286;5;1113;LOCAL_VALHALLA_MATRIX;61c11b0968707d5f730da8acb6f8bff95a37262ecfc97c90ae4fc481133580e0;11919d3818baa07c52dfa2386bee0b144829551458703ab71e0dc8aa3c565d6b;2026-09-23T00:53:28.118606+00:00;false
LOC-0134;LOC-0136;CAR;2026-08-17T07:00:00+03:00;OK;236;4;1011;LOCAL_VALHALLA_MATRIX;a571c8d9a65ba993bd0246dafe2510a2c0b14af23b63b84f928836d427ccf1db;25248ed46cc06006b9ed56c4a392b33499e3cb8d146d71b56cf51f5465f2d97a;2026-09-23T00:53:28.118606+00:00;false
LOC-0134;LOC-0141;CAR;2026-08-17T07:00:00+03:00;OK;2036;34;13275;LOCAL_VALHALLA_MATRIX;60cc54da8337fe5f16ee95e02797f9cffc64b53446a9e41d3057d1c0f4b41b9c;d6ebff68053f5f028e892cf47cdea6c9003f284b5f6c6150c3dc289aa005ed79;2026-09-23T00:53:28.118606+00:00;false
LOC-0134;LOC-0142;CAR;2026-08-17T07:00:00+03:00;OK;2139;36;13521;LOCAL_VALHALLA_MATRIX;63da1349b04431330136bc010ab61b4aad912423dcfd033c2cf9d0f1a6bcf04c;507b85687e433dcf93ad7ec808daadda5180e3ae265898f1ba5204c7851e32bb;2026-09-23T00:53:28.118606+00:00;false
LOC-0134;LOC-0145;CAR;2026-08-17T07:00:00+03:00;OK;1480;25;10249;LOCAL_VALHALLA_MATRIX;5c5dec0235fc567823364553efb97cd1c8d28121e126a09d5f47009506a201b3;d08d1dcff1c4438499e4d38ba3ae891b469daaf2abd97acb9cb26ea51496cf64;2026-09-23T00:53:28.118606+00:00;false
LOC-0134;LOC-0148;CAR;2026-08-17T07:00:00+03:00;OK;1652;28;10688;LOCAL_VALHALLA_MATRIX;8b8270578fca4e388d17bd930dcd67482cdcf414acbd5d1fad5ecc672f9e13b2;8d77273abfd6faae867843d1c368ccbf744f727e4724d0afb09bae0b47f73410;2026-09-23T00:53:28.118606+00:00;false
LOC-0134;LOC-0149;CAR;2026-08-17T07:00:00+03:00;OK;1611;27;10429;LOCAL_VALHALLA_MATRIX;da110f46dfa863830d4ec5d8e7f27264262bbde1b56ffbde93442a4330eb3fb5;7b15d1a25579ef6423c6738f82bef9c24dac1e33a19a93916bb0301453f5bd43;2026-09-23T00:53:28.118606+00:00;false
LOC-0134;LOC-0150;CAR;2026-08-17T07:00:00+03:00;OK;1583;27;10248;LOCAL_VALHALLA_MATRIX;294c57f97f2262e3b8e81030f6df9a4deab99aecd23414019e2e863cbf6de0a8;8852d26f438523fe03447b8c8166b2dfb8230923717f4afa9f11cd3e180c0399;2026-09-23T00:53:28.118606+00:00;false
LOC-0134;LOC-0151;CAR;2026-08-17T07:00:00+03:00;OK;1745;30;11089;LOCAL_VALHALLA_MATRIX;9fe309a81fba0e4c2d9b20a0321adc6fa219de4593c1ac39ef6b642fd2a4472c;1efa487b92b33ccd08859cf92f6a1a5fd13c52c597398fe640d1b048f851d383;2026-09-23T00:53:28.118606+00:00;false
LOC-0134;LOC-0190;CAR;2026-08-17T07:00:00+03:00;OK;1138;19;7352;LOCAL_VALHALLA_MATRIX;2f38edabe1b4c8c2d3ceb9f25cf3a6b444b63f8dd05f3a0f0e6b66d943fd6e71;6222d67384c5188c937ee22445b9befb7a4e09c1cfc320ce3cd672df2f61f24f;2026-09-23T00:53:28.118606+00:00;false
LOC-0134;LOC-0196;CAR;2026-08-17T07:00:00+03:00;OK;1770;30;11891;LOCAL_VALHALLA_MATRIX;81c1a79995d71df7be7a1094cc5c6ccf2c14f48bb217fd9810fe55d7ed92b0e8;867503d51a70d12e6cabae1f420b936a872d8ee9505ad121129de3e3c8049006;2026-09-23T00:53:28.118606+00:00;false
LOC-0135;LOC-0002;CAR;2026-08-17T07:00:00+03:00;OK;257;5;961;LOCAL_VALHALLA_MATRIX;ada5735bdfb0fa887ee21d4088939b6a62092ac011eab9207a2508176fc3edc0;3ff3a156533692e6c617bc7384f7ebd7a66e1605239908ba3f27a28fb205f7d5;2026-09-23T00:53:28.118606+00:00;false
LOC-0135;LOC-0008;CAR;2026-08-17T07:00:00+03:00;OK;1344;23;9051;LOCAL_VALHALLA_MATRIX;bdff6a0a0f640dece606b024aa3bed782c37d457d5dc87095caf0029c2017cd8;a5638357da53737e21547e36833ab4b293a7673a36952b89d5767929a3985379;2026-09-23T00:53:28.118606+00:00;false
LOC-0135;LOC-0009;CAR;2026-08-17T07:00:00+03:00;OK;2229;38;14265;LOCAL_VALHALLA_MATRIX;fd0c0ad3a1cee7ea0b0fb8f1d7f175c15c3ba96da0de11772f2873c1b3cffa08;05c7aff1b91b0a16b482ee2d51983862b5d6f89f77ed47743fba0adbc4d445e3;2026-09-23T00:53:28.118606+00:00;false
LOC-0135;LOC-0010;CAR;2026-08-17T07:00:00+03:00;OK;1385;24;9187;LOCAL_VALHALLA_MATRIX;6985bc6798bc91015a59656c547807f9af2fc9c445e837aba63cd3d1ca8ca48a;deec47e496bbac49be345e1c201e90fdc3cd42df4ac28538322c0c1959ec4c27;2026-09-23T00:53:28.118606+00:00;false
LOC-0135;LOC-0011;CAR;2026-08-17T07:00:00+03:00;OK;1238;21;8253;LOCAL_VALHALLA_MATRIX;464503249502395268d60775280f8a09bcc518d0edf1681f210ded2ab32b0ca4;08411b0fef434bce78f02104fcd3c95146fbf406000b1febb545b3f6dc8e89de;2026-09-23T00:53:28.118606+00:00;false
LOC-0135;LOC-0013;CAR;2026-08-17T07:00:00+03:00;OK;328;6;786;LOCAL_VALHALLA_MATRIX;404076d10efb3c65dace92446dde2f3b8b1874a21fd7ecd939df93585b35f8ce;820ae35015806b3573518c013490ce02b9996639d47287ee0684ca1d5385a747;2026-09-23T00:53:28.118606+00:00;false
LOC-0135;LOC-0016;CAR;2026-08-17T07:00:00+03:00;OK;997;17;6115;LOCAL_VALHALLA_MATRIX;7801180d7ea092bfb07f148f7d0e49737c9bfed9739e9285f07267de2b4fef36;d2b4be8d91767e1c4100830aa9ce82ac42669e09677926869321a2d18f3e7828;2026-09-23T00:53:28.118606+00:00;false
LOC-0135;LOC-0018;CAR;2026-08-17T07:00:00+03:00;OK;1704;29;11155;LOCAL_VALHALLA_MATRIX;4ff70a5ef1ccbb03c91ee1d169d00512977b08453e3ab7dd3ca49f6fd39adc93;379e37744894354edad4ecef4b04cbdb440546d4440506a74ede5bcf87b69a25;2026-09-23T00:53:28.118606+00:00;false
LOC-0135;LOC-0019;CAR;2026-08-17T07:00:00+03:00;OK;1468;25;9444;LOCAL_VALHALLA_MATRIX;06a8d903071682f2adc19c57362e876eb0cf735e69ae9c9829f0be1b76d36153;37294a47d8486bbaac16c3a62ed9f6a80785eefe9472344759c7ab787dc0101f;2026-09-23T00:53:28.118606+00:00;false
LOC-0135;LOC-0020;CAR;2026-08-17T07:00:00+03:00;OK;1577;27;10601;LOCAL_VALHALLA_MATRIX;dbb9c022647c4cdcd4d920a0b9bf939caef9c398fec3788ba0befa27b12474a2;9b711ffd5e196f5aef3bfe3b666161cdba9c1f3194a3ebeb4b770f84de858160;2026-09-23T00:53:28.118606+00:00;false
LOC-0135;LOC-0027;CAR;2026-08-17T07:00:00+03:00;OK;1692;29;10187;LOCAL_VALHALLA_MATRIX;b047956ab6a6367ce64cf6eb5ead982aa3a75ff3aa3d46723d4348b01851149a;c946eb0489656dc1521ac3feb35b8e52fecf067ee59dffa54867af6df99d5165;2026-09-23T00:53:28.118606+00:00;false
LOC-0135;LOC-0028;CAR;2026-08-17T07:00:00+03:00;OK;1328;23;7370;LOCAL_VALHALLA_MATRIX;88338acabd82a76817534fb53d60181462a8fa6088b65564f5dc63c9b0c0e50f;501b03a188f1eeddb7ba7f01115e905e71d9b8c4be82b220ce91393d4647048e;2026-09-23T00:53:28.118606+00:00;false
LOC-0135;LOC-0029;CAR;2026-08-17T07:00:00+03:00;OK;1189;20;6927;LOCAL_VALHALLA_MATRIX;4b13775e80e2f77a77b134c39748872b53069fa28aaf452b223dcf9a07749faa;1c0c2be3d99e632f485564c2a3dee4d1febb0034f3dfea6058544f4444d35da5;2026-09-23T00:53:28.118606+00:00;false
LOC-0135;LOC-0037;CAR;2026-08-17T07:00:00+03:00;OK;555;10;3343;LOCAL_VALHALLA_MATRIX;a270973b3aaa91006141220ecfcc7800676d0e47b17461573c7673eb053e18d8;96e03c6235ae343d874e1ab437733cb95c5edcac364d337029220c134aecbc85;2026-09-23T00:53:28.118606+00:00;false
LOC-0135;LOC-0045;CAR;2026-08-17T07:00:00+03:00;OK;1375;23;8431;LOCAL_VALHALLA_MATRIX;66867418b8bcba3386cd7099f612b9f593179acedfb2bd1a2fad8004accff0e2;44dd76579058e017aea127a1bbde91a1313618fe0a83433959a1c399605e0e87;2026-09-23T00:53:28.118606+00:00;false
LOC-0135;LOC-0053;CAR;2026-08-17T07:00:00+03:00;OK;915;16;6002;LOCAL_VALHALLA_MATRIX;35d877839d4ac0f902ebf4db5441c3b0fa0b621ce6ad4b5ebf3a710167cdc627;1112b45d647bc5494ee04e0cce420e4cf7bd16d77703e9cffdade735d6767a13;2026-09-23T00:53:28.118606+00:00;false
LOC-0135;LOC-0054;CAR;2026-08-17T07:00:00+03:00;OK;686;12;4348;LOCAL_VALHALLA_MATRIX;c281971480f7767702b08d6403076b451706bae824bce31e2bae81edf9c4ed22;06125d01289db4ebcb965d56435151ab27df8f35c1963d8f035df46134c1cf99;2026-09-23T00:53:28.118606+00:00;false
LOC-0135;LOC-0064;CAR;2026-08-17T07:00:00+03:00;OK;1377;23;8358;LOCAL_VALHALLA_MATRIX;8ac3acf133a6bbbd7b33449336dc346a2d95032b5df2b752a4344e60af330bb5;fb1f82f1ff4d320b4fb3d42b0a45ce0bc93af91cbb3117c7c589a92996161ddc;2026-09-23T00:53:28.118606+00:00;false
LOC-0135;LOC-0075;CAR;2026-08-17T07:00:00+03:00;OK;1694;29;10157;LOCAL_VALHALLA_MATRIX;77b80cfa67d5b6abbaf52e0eb8f7b91dc02eeee8e86f3120a1121746772dd288;d9ca6e3d20465d32b800b78ac870f74369c0b549813b11e811a5a4518791e724;2026-09-23T00:53:28.118606+00:00;false
LOC-0135;LOC-0076;CAR;2026-08-17T07:00:00+03:00;OK;921;16;6148;LOCAL_VALHALLA_MATRIX;468b1f2e6e619588b9e9a0ee3c96d93af24937e115ef9025a3c9aee7ebd4e83c;6ddb4fba09bf9b7ec5561b67d29b8c83aaaca214987084b4c549f89afece9369;2026-09-23T00:53:28.118606+00:00;false
LOC-0135;LOC-0080;CAR;2026-08-17T07:00:00+03:00;OK;1505;26;9934;LOCAL_VALHALLA_MATRIX;750878776d45798f4fadb855b768fff988d5ff09da7477091104f8e7e6a6bdd5;d05662057c06122459ceb068492bc0016ee5079d9c74f0074c68d20ed67ca023;2026-09-23T00:53:28.118606+00:00;false
LOC-0135;LOC-0082;CAR;2026-08-17T07:00:00+03:00;OK;1371;23;8388;LOCAL_VALHALLA_MATRIX;fc8ecf71dc786f108c80414b951ed4ddec32d4388119e57008d8009e372b869d;f0d69b295ce44e0195a4cb80529581bbf186bbca7e6af74b5e750c8b9d773608;2026-09-23T00:53:28.118606+00:00;false
LOC-0135;LOC-0085;CAR;2026-08-17T07:00:00+03:00;OK;266;5;1052;LOCAL_VALHALLA_MATRIX;2d60d16094e214a618814a0db0a453898a13d6eac06821cce0d1f879b5d9b7e4;0338aaeccd330e5fd8da22773ef83b2185548ba4f2c5c7bd327d856271527825;2026-09-23T00:53:28.118606+00:00;false
LOC-0135;LOC-0086;CAR;2026-08-17T07:00:00+03:00;OK;268;5;1053;LOCAL_VALHALLA_MATRIX;a45b573b1b376c5f0bd3afd0e46cbb6846a6b37b32abca043ed4b2851beb5ed4;2bda5338741c82dc3e0fe95bce46cbb9118c861ebdb997d7f70f001bdd262507;2026-09-23T00:53:28.118606+00:00;false
LOC-0135;LOC-0091;CAR;2026-08-17T07:00:00+03:00;OK;1305;22;8854;LOCAL_VALHALLA_MATRIX;f1c609f11f18e9babae5a5a8f01ad22777c42d7a5260db70813879f362e922fe;388a32439d16fb3b28c04e455c2253af0ec54edad5ef68c0a9157c3930b742fe;2026-09-23T00:53:28.118606+00:00;false
LOC-0135;LOC-0092;CAR;2026-08-17T07:00:00+03:00;OK;1434;24;9601;LOCAL_VALHALLA_MATRIX;796fa35ac562523ffdb65cd433ed3850ad148bd7cf0d695102e4fd935bbcaf85;cbe237e4d810cc4aad6c3e6a80caeae6862d46e648cc4b69c7ae554b38c74e09;2026-09-23T00:53:28.118606+00:00;false
LOC-0135;LOC-0094;CAR;2026-08-17T07:00:00+03:00;OK;396;7;1733;LOCAL_VALHALLA_MATRIX;badc0e16aed26311bd8a57a48438df7eb15b92d23d35a89d53303299d2236cc2;3bba1efea29bc8e1e3d38490e788117ecf9e0000c85d6193059848ea8a6edee6;2026-09-23T00:53:28.118606+00:00;false
LOC-0135;LOC-0095;CAR;2026-08-17T07:00:00+03:00;OK;507;9;2448;LOCAL_VALHALLA_MATRIX;c891ac3d849d65764723a0eb922e97685172c79edad3d531dfce4ac3c5649452;25a7534c42acd3b88adafbc882b83b4b0c71a96ce78ca1415bfc1172ef0ba642;2026-09-23T00:53:28.118606+00:00;false
LOC-0135;LOC-0112;CAR;2026-08-17T07:00:00+03:00;OK;1267;22;8521;LOCAL_VALHALLA_MATRIX;b2d4609f6846e7072b0a724e5f7a71449bf2c021a53810013863a85fdb88bf96;491ce0aac81b8ec5a0c45662b7c98566ae2a68a2c11f9339daf30825705e9dc9;2026-09-23T00:53:28.118606+00:00;false
LOC-0135;LOC-0124;CAR;2026-08-17T07:00:00+03:00;OK;2330;39;14723;LOCAL_VALHALLA_MATRIX;e77df3d6abb49857fb9854ffd8645b2bbca313b819accd48fbee8e42ef75e4b8;5c8070b1bbed8afb0bc8f97efc22e696ff2f67d32000e135fe532ef58ed91986;2026-09-23T00:53:28.118606+00:00;false
LOC-0135;LOC-0126;CAR;2026-08-17T07:00:00+03:00;OK;1228;21;8102;LOCAL_VALHALLA_MATRIX;682062db03a9acd24fdfd23c7f118afaa72514c10e18304dec42471d38634630;837bcbcf6f712f88b6c2bbc02fcc58b516d67df893409b68a792d6cd98c20089;2026-09-23T00:53:28.118606+00:00;false
LOC-0135;LOC-0128;CAR;2026-08-17T07:00:00+03:00;OK;607;11;3531;LOCAL_VALHALLA_MATRIX;3b49eb8f53034e9c0103dd6078ebb40206a3db38816e331a9691821615687a5d;5ff9d4eaefb86e0c8498c2778143bdfec646698d9d50d057f28f31b3264ba300;2026-09-23T00:53:28.118606+00:00;false
LOC-0135;LOC-0134;CAR;2026-08-17T07:00:00+03:00;OK;173;3;427;LOCAL_VALHALLA_MATRIX;2fc1fef3dea5b57f8899ec8fff4cb37513b6d8b1378cd45c4e8cab3979991979;0cce9d2577798188ee686c54e0574a50f5ac70c3430314cfc68c4a753b25847c;2026-09-23T00:53:28.118606+00:00;false
LOC-0135;LOC-0135;CAR;2026-08-17T07:00:00+03:00;OK;0;0;0;LOCAL_VALHALLA_MATRIX;419035048a56f9a3e927cf44d8d85d19e20360e3f4763cc71700f3295e441837;3d5812abc84c11768aa73a732c85d75dbed439188f5bb3239e9b762ea31d9862;2026-09-23T00:53:28.118606+00:00;false
LOC-0135;LOC-0136;CAR;2026-08-17T07:00:00+03:00;OK;224;4;877;LOCAL_VALHALLA_MATRIX;b262a28f722d35afa14929f853936c6e1f104634b6a7e81ddcd4823e49ad9085;2306fec740d79a0b07a8e6bdb878708227732b5882f704e9c31d1251c103a46b;2026-09-23T00:53:28.118606+00:00;false
LOC-0135;LOC-0141;CAR;2026-08-17T07:00:00+03:00;OK;2086;35;12968;LOCAL_VALHALLA_MATRIX;908bef5b05cf5a65cfd6998ec1082effa014743bc22f13200adae3967560f821;ee3797873060ab329e2dda527466ef9e60130c16031875182a3382b5853a2215;2026-09-23T00:53:28.118606+00:00;false
LOC-0135;LOC-0142;CAR;2026-08-17T07:00:00+03:00;OK;2190;37;13214;LOCAL_VALHALLA_MATRIX;07cfa5344ec12334d61db378d8135e3098d8a1230f2ad3441f3691d4bb791b56;42c5ff6c9324a0d179524f8260a244c6353537d56f818a145bbbf6d2ea11b3ea;2026-09-23T00:53:28.118606+00:00;false
LOC-0135;LOC-0145;CAR;2026-08-17T07:00:00+03:00;OK;1519;26;10386;LOCAL_VALHALLA_MATRIX;721b788b53f7b49a414bc87230ec2e8456227652738526e91d92508373a01cba;c5e55b9917c126cb43297f20ca02b1488eeb3cd16c2b9ac63bb8a39c97d134ef;2026-09-23T00:53:28.118606+00:00;false
LOC-0135;LOC-0148;CAR;2026-08-17T07:00:00+03:00;OK;1702;29;10381;LOCAL_VALHALLA_MATRIX;eb0ed6e352300d61ece8f1eee2ff5fe0dc62582b2d29c6e178df942c31f71ac8;ef6d2c3e06f13582b3506dfea8557e021fd63557a10b91a168a8da6d6f4e7bcb;2026-09-23T00:53:28.118606+00:00;false
LOC-0135;LOC-0149;CAR;2026-08-17T07:00:00+03:00;OK;1661;28;10122;LOCAL_VALHALLA_MATRIX;c52c38f39fcd0930b3d5f32550aab7baca9fcde99e43c29f78100e6cc9a2f7a8;08cd308c48b21c7314efe5736e4588ff7fe0d10ad982663d6a1b6de2ff6e2455;2026-09-23T00:53:28.118606+00:00;false
LOC-0135;LOC-0150;CAR;2026-08-17T07:00:00+03:00;OK;1633;28;9941;LOCAL_VALHALLA_MATRIX;cfa9a72ccc9b542c8db459adaafeaef3a604b0e90a6dce2e38add1dcf74ca75e;3a3f0d37b2f53715764615f4c6221795b91e1e4b71bbaee0834ff387ff1d178a;2026-09-23T00:53:28.118606+00:00;false
LOC-0135;LOC-0151;CAR;2026-08-17T07:00:00+03:00;OK;1795;30;10782;LOCAL_VALHALLA_MATRIX;d63f2dfaf811759b71a9c99ed6cec7734e59ac604eae8eb6a1b068b8ea4c3d8b;e9c3e12d34e1a065be68591cba41a7fdb30cbf8d18c8af084152a0a231a45233;2026-09-23T00:53:28.118606+00:00;false
LOC-0135;LOC-0190;CAR;2026-08-17T07:00:00+03:00;OK;1188;20;7045;LOCAL_VALHALLA_MATRIX;43979042991b95a88b7c65d27d5bc9630ae57ac919b13e09691b4f0842df496a;723c615d1605c16ab7cf72f271ddf8db3fdbf324ad2853bf729040645254a233;2026-09-23T00:53:28.118606+00:00;false
LOC-0135;LOC-0196;CAR;2026-08-17T07:00:00+03:00;OK;1809;31;12028;LOCAL_VALHALLA_MATRIX;e6c6f23925190d01377025054a6246310725ee93e3418247dbddaeb3e0aa1a0c;2c7cb02306f1990fd5d2770888e13efdfeaee9f1e647ff4bd8d4c9410e4f5139;2026-09-23T00:53:28.118606+00:00;false
LOC-0136;LOC-0002;CAR;2026-08-17T07:00:00+03:00;OK;254;5;1180;LOCAL_VALHALLA_MATRIX;a88b7ff766cee8a462c1c4156789b85fe4e2ca4fd4695ec7a75f649e2852a293;0eee062537c07d5dda0b23ef1259ecdf815455c1a53c716ef14933731e9d135c;2026-09-23T00:53:28.118606+00:00;false
LOC-0136;LOC-0008;CAR;2026-08-17T07:00:00+03:00;OK;1340;23;9268;LOCAL_VALHALLA_MATRIX;56d1e798b569d44703f34e3ef6c3782c976674f88c38aff566e5db5d3d5652b9;f2408c9a58fd24f7841ecd368d2483170092a3ee3c538a46bb15e677b06d0f9c;2026-09-23T00:53:28.118606+00:00;false
LOC-0136;LOC-0009;CAR;2026-08-17T07:00:00+03:00;OK;2215;37;14928;LOCAL_VALHALLA_MATRIX;78b0d46d6961118098f722abaec4dfbed7e4366f5fcf6bdfd0988d05d3eacbf5;afefae01e4feb3bf1e906cf5593173ef16707bfad2cd895674b83f1cf8975f05;2026-09-23T00:53:28.118606+00:00;false
LOC-0136;LOC-0010;CAR;2026-08-17T07:00:00+03:00;OK;1382;24;9406;LOCAL_VALHALLA_MATRIX;751f424037eecf237ab31a922f9af50cfd5aa9c65753ca63f6fed14786b126d1;028875f526cf1e2bdfbd0e070c0050c126e405045ed17e62d6a82b8daef5726d;2026-09-23T00:53:28.118606+00:00;false
LOC-0136;LOC-0011;CAR;2026-08-17T07:00:00+03:00;OK;1235;21;8473;LOCAL_VALHALLA_MATRIX;0a65b70e3176ccdd946b214d6f74ceabadc6f0ad455d3077d4e2f6f8134d40b4;7b2a6e165ded2b1860753620f2497479bb795446d94135104e3afd3f2f87ce23;2026-09-23T00:53:28.118606+00:00;false
LOC-0136;LOC-0013;CAR;2026-08-17T07:00:00+03:00;OK;318;6;985;LOCAL_VALHALLA_MATRIX;9bebc900df2b591ccb73256f17ca9db23f4ec6e2eece0252b705adb3f074d33a;347ad6c271dfb3ded49d26f13a63575b6a9f625afbd8d2e375d244410a3d052b;2026-09-23T00:53:28.118606+00:00;false
LOC-0136;LOC-0016;CAR;2026-08-17T07:00:00+03:00;OK;994;17;6334;LOCAL_VALHALLA_MATRIX;7c35cb00c3b6f0a2984fe521ff36df3254b69fea17a06e77f038b80a313ad518;9474747b68ba0f95d20de054efd23844de80810245bdd98304d16fad155583d4;2026-09-23T00:53:28.118606+00:00;false
LOC-0136;LOC-0018;CAR;2026-08-17T07:00:00+03:00;OK;1701;29;11374;LOCAL_VALHALLA_MATRIX;90b50447071b07b670ad2e2fba676288b4e9b96bf23feb9e8cf8388ff13123f3;98ebd392413b4ada27c9e1b8040ec21b5365dc8e4476e61e6b931a79d364204d;2026-09-23T00:53:28.118606+00:00;false
LOC-0136;LOC-0019;CAR;2026-08-17T07:00:00+03:00;OK;1465;25;9663;LOCAL_VALHALLA_MATRIX;9b258d0df07f2c61aa5645c28264d2b50df93b4db2b3d063e19d4c342fc00963;053eac8e516c9c16701c4f00df2cae5c8fe0454554fa97ad649c87da82974a53;2026-09-23T00:53:28.118606+00:00;false
LOC-0136;LOC-0020;CAR;2026-08-17T07:00:00+03:00;OK;1574;27;10820;LOCAL_VALHALLA_MATRIX;7fbfe833646b0850c780a66028aa88e023c1db3a1a38ac523e315b3ed91394a7;8778c723eaddab5bd9c124f8624d2f0857c3f010482c88059acd50d41a60ef7d;2026-09-23T00:53:28.118606+00:00;false
LOC-0136;LOC-0027;CAR;2026-08-17T07:00:00+03:00;OK;1678;28;10850;LOCAL_VALHALLA_MATRIX;60f59de512a2ac621c44e990e39e343f520f2b9dbf3f4dde9d6452eb57657367;7c4b78bf36fe7e53e082cafb24fb7387dca0d87b356c461f3a68f3f1bba1602b;2026-09-23T00:53:28.118606+00:00;false
LOC-0136;LOC-0028;CAR;2026-08-17T07:00:00+03:00;OK;1314;22;8033;LOCAL_VALHALLA_MATRIX;a069f280692c9662cf6899bc081e3f990b5fda13f7436840317b45bdb83e9493;9429fbcea294a10fcf7ebcad3ade0684a69275b2406292adf5f7a9ee02f147d4;2026-09-23T00:53:28.118606+00:00;false
LOC-0136;LOC-0029;CAR;2026-08-17T07:00:00+03:00;OK;1175;20;7590;LOCAL_VALHALLA_MATRIX;2dae1191d51fdd96d53b653cb06c49d7dc41f53ee7fbd4dc15d2800f661e5630;6f74c29e0e6a3d344b89543b1be29d58f6ec23e750e87b94af5b5834c9adbd8f;2026-09-23T00:53:28.118606+00:00;false
LOC-0136;LOC-0037;CAR;2026-08-17T07:00:00+03:00;OK;552;10;3562;LOCAL_VALHALLA_MATRIX;4ffb561cf8f26f411ef0276af4a1ea2c837660b02f6553bdd8531863eec9806c;17ef65ff8f2b06be5b7f97fa704964ae30550e6ab3dfbfc244f1bff2c39bc79d;2026-09-23T00:53:28.118606+00:00;false
LOC-0136;LOC-0045;CAR;2026-08-17T07:00:00+03:00;OK;1360;23;9094;LOCAL_VALHALLA_MATRIX;552f90ab0c7c74322ec2df750ad1194663116c27d0aad29bdf3922412104dfce;0f04d9203a0a28d957d554454b5f589546b26c86d0b856991b104f3f2104f143;2026-09-23T00:53:28.118606+00:00;false
LOC-0136;LOC-0053;CAR;2026-08-17T07:00:00+03:00;OK;912;16;6221;LOCAL_VALHALLA_MATRIX;b47e17f4159c2f50d164f6886c970930feb2d7bb70afc37d437753792766acaa;8c745b9e2ac5070e3b0c9ada9f78c5fefd6705a296182cf263101600625983b8;2026-09-23T00:53:28.118606+00:00;false
LOC-0136;LOC-0054;CAR;2026-08-17T07:00:00+03:00;OK;683;12;4567;LOCAL_VALHALLA_MATRIX;811c9c18f85a7b1082b3dae189314842febf6bda55b691bf560e9a199ff94e90;85a72a337f3d8d65c04ad2d4ac059e91f0d154bd73a3ed99b444886b2ce64f80;2026-09-23T00:53:28.118606+00:00;false
LOC-0136;LOC-0064;CAR;2026-08-17T07:00:00+03:00;OK;1362;23;9021;LOCAL_VALHALLA_MATRIX;53c860d85bcf16052b2fad6993efae2769236814ad3dacc270c37ca289c23676;bf16647e0cfab7acc846813dda36cf65309bb656ef847893c269da4b4cf9165b;2026-09-23T00:53:28.118606+00:00;false
LOC-0136;LOC-0075;CAR;2026-08-17T07:00:00+03:00;OK;1679;28;10820;LOCAL_VALHALLA_MATRIX;ae1b906ba7eeb3bf0ece912ec18a692b4f47ae1d7d386ecdffb6df86fe523b88;08b1637d468bdfe1648d5c771e47899521b2a76ea17a00570df9f6085f7a962f;2026-09-23T00:53:28.118606+00:00;false
LOC-0136;LOC-0076;CAR;2026-08-17T07:00:00+03:00;OK;918;16;6367;LOCAL_VALHALLA_MATRIX;591528ec904fe15031f971ed8bd2c77eb90ed58aab1f10bc8cf0345b737c8c87;14dd86c35d101f35dcf131c546db34629a66514d676fe7ff0b31e816dfb2c62c;2026-09-23T00:53:28.118606+00:00;false
LOC-0136;LOC-0080;CAR;2026-08-17T07:00:00+03:00;OK;1502;26;10153;LOCAL_VALHALLA_MATRIX;7879878a94ff185dd769a8d0f5f78129942eff7a64ebc50f089fa543200252e8;b311074a58e24a4c96b80f590af6731126a9e771e31cd794bffe379f3ffd2e44;2026-09-23T00:53:28.118606+00:00;false
LOC-0136;LOC-0082;CAR;2026-08-17T07:00:00+03:00;OK;1356;23;9051;LOCAL_VALHALLA_MATRIX;4551c3df8a029008b220270ce403727f001b1db3374cbf4b742a17f2e28638f8;23a9e899f653d4dd01a67f3299b06096c8aabcced1b8f0082017363ef19bcf89;2026-09-23T00:53:28.118606+00:00;false
LOC-0136;LOC-0085;CAR;2026-08-17T07:00:00+03:00;OK;266;5;1419;LOCAL_VALHALLA_MATRIX;ecf5e47f6371b008c2925a91d7ecdad983ad51486c709167c55399eb06ec60dd;7f9aba51a9f6a84b49f04551781244d25365fd38af6e935173da323c1557439a;2026-09-23T00:53:28.118606+00:00;false
LOC-0136;LOC-0086;CAR;2026-08-17T07:00:00+03:00;OK;265;5;1272;LOCAL_VALHALLA_MATRIX;5d25b816958ae90bcf1d839cf6c3ed82153c3adc756eba3cbf7d588d6dc5479c;11509eb15a3cca76f25836b03cf5614e4df774e77c8a12ec1e34cfbc007dd508;2026-09-23T00:53:28.118606+00:00;false
LOC-0136;LOC-0091;CAR;2026-08-17T07:00:00+03:00;OK;1302;22;9073;LOCAL_VALHALLA_MATRIX;40b5db839194dc883d03ef6a66b9e963458967a46af5b8ef3e980d8db8915135;f900841619da395abeba8378f83b17f68deb86ee861c22b6ad5524222209850e;2026-09-23T00:53:28.118606+00:00;false
LOC-0136;LOC-0092;CAR;2026-08-17T07:00:00+03:00;OK;1431;24;9820;LOCAL_VALHALLA_MATRIX;fca4e069599d9492512697fb0c301408f741c8c578dbea399d32a1ec8ae57e60;3f53e30cfd02e68389ef44a5c86dfc02c69f8d29315c66798f23dc270c30f854;2026-09-23T00:53:28.118606+00:00;false
LOC-0136;LOC-0094;CAR;2026-08-17T07:00:00+03:00;OK;393;7;1952;LOCAL_VALHALLA_MATRIX;374c26bfbafaf85608dbf5b52e3027a089098df54704a609a341ec7873f81b00;1cf4e28af67b54ce414a7149e1aa8e475032e4d520801a6a1a7ec4d87b50c52f;2026-09-23T00:53:28.118606+00:00;false
LOC-0136;LOC-0095;CAR;2026-08-17T07:00:00+03:00;OK;503;9;2667;LOCAL_VALHALLA_MATRIX;ac79d1b4d397b8f6d6708fb116d147f5b2defcd44ed0cac8408353d1ad2d711f;17a65e52155e07bd355ebb053c983d458ee33ac67fdf428193c3e2384f5f1fd2;2026-09-23T00:53:28.118606+00:00;false
LOC-0136;LOC-0112;CAR;2026-08-17T07:00:00+03:00;OK;1264;22;8740;LOCAL_VALHALLA_MATRIX;b02d5669ec692b8dcf12e3055ba47c9112e28947ba2176ff4afe15d43dd66b2a;9da45614d0e16957ede35714aa96e88ed8206bfc94ec942ed67df213cd522ed3;2026-09-23T00:53:28.118606+00:00;false
LOC-0136;LOC-0124;CAR;2026-08-17T07:00:00+03:00;OK;2315;39;15386;LOCAL_VALHALLA_MATRIX;6f67d445b5c5a1eae7cc1ba730cf8bf008ef754e706c3ccd875646f5a29b66b0;de817a6a6815d425c7fcf82d09822f6b3bd3aad4d0e8ba181b00d2012f9ba32f;2026-09-23T00:53:28.118606+00:00;false
LOC-0136;LOC-0126;CAR;2026-08-17T07:00:00+03:00;OK;1225;21;8321;LOCAL_VALHALLA_MATRIX;88ec2b6ad7c5546af8e4335e36e1371d8e9d93d39763031fc3d58f87f27fd578;ebe4fef08a7ddbf78d8ba012339e4e79fb17feb35c8ca0b293ba59b5c09041d7;2026-09-23T00:53:28.118606+00:00;false
LOC-0136;LOC-0128;CAR;2026-08-17T07:00:00+03:00;OK;604;11;3750;LOCAL_VALHALLA_MATRIX;23ac98f94f3433e5275abea869a1495b0d39b4e2cbfffa81853e92e6d16c4ea8;8f769c83a2af25303a7150b4ab8c5dde7ead18de45ce252b37fea701216f0a15;2026-09-23T00:53:28.118606+00:00;false
LOC-0136;LOC-0134;CAR;2026-08-17T07:00:00+03:00;OK;170;3;646;LOCAL_VALHALLA_MATRIX;882424fb69c5a7cd59efb2cbff5908b2b6106ff2122513f36d00d17f421d48c7;886a11f52dc4d00d4fed1a868472c3794af2c69b6a246070cdf4a081c2a546fc;2026-09-23T00:53:28.118606+00:00;false
LOC-0136;LOC-0135;CAR;2026-08-17T07:00:00+03:00;OK;185;4;663;LOCAL_VALHALLA_MATRIX;2323dc8a4f674cf71f882757d9b600667dac9d8c7d8decae45d74ec484f82cc7;481c2d247a6122e957a68b2f7af09aa41c95eba933498684ac014159c330dc99;2026-09-23T00:53:28.118606+00:00;false
LOC-0136;LOC-0136;CAR;2026-08-17T07:00:00+03:00;OK;0;0;0;LOCAL_VALHALLA_MATRIX;7385780bd761222be59af629b98bd832c0f888b640eb635b87ad98280f4943b6;3d5812abc84c11768aa73a732c85d75dbed439188f5bb3239e9b762ea31d9862;2026-09-23T00:53:28.118606+00:00;false
LOC-0136;LOC-0141;CAR;2026-08-17T07:00:00+03:00;OK;2071;35;13631;LOCAL_VALHALLA_MATRIX;5dab6ef7df1f074eb91bae87ee62a87c57a1aae662d9f63710b887240c747ccf;c860a122f64afd54695cd24b86f5bc2e13cfffda1b4b9b09b02856ec81fde7e2;2026-09-23T00:53:28.118606+00:00;false
LOC-0136;LOC-0142;CAR;2026-08-17T07:00:00+03:00;OK;2175;37;13877;LOCAL_VALHALLA_MATRIX;7faac08d03c5aef53c6eef8457eb598bc147259356bc940ade4809f9c6e6d7b1;23a6cc9599c8ee1ed5dc3eaa9f819c96a8a2564dc703e3fa7de50402416cc459;2026-09-23T00:53:28.118606+00:00;false
LOC-0136;LOC-0145;CAR;2026-08-17T07:00:00+03:00;OK;1515;26;10605;LOCAL_VALHALLA_MATRIX;119c955e2eea4767c7847a4c41f26d8b3d34e78a67f738381291f611303f0259;31d84efa7929c79ed5e95de3a30608211db736e15d3a717cfe498065dd69fc90;2026-09-23T00:53:28.118606+00:00;false
LOC-0136;LOC-0148;CAR;2026-08-17T07:00:00+03:00;OK;1690;29;11040;LOCAL_VALHALLA_MATRIX;1aa1879c151205c3dbf19db06a2bd0ebdaf086f3c8379d45a2f578d9c66a68dd;cd07940ded133dffc0b0937425a8d7bbdc308c90f786940735079cc76e01c5b3;2026-09-23T00:53:28.118606+00:00;false
LOC-0136;LOC-0149;CAR;2026-08-17T07:00:00+03:00;OK;1647;28;10785;LOCAL_VALHALLA_MATRIX;7c2c8a9df8d8ba52a9bd2cd3e75f638b4594aae2dbc3be8ae575364abc728986;aa98f9aec8ad5cf14fe4dde73daff8fe56602c8a42d05f34aa5a6d7dfd042884;2026-09-23T00:53:28.118606+00:00;false
LOC-0136;LOC-0150;CAR;2026-08-17T07:00:00+03:00;OK;1619;27;10604;LOCAL_VALHALLA_MATRIX;fb1f78d46215140da1fa5e58b411ad832f613c3222c98564f1c392fe2b9c26b6;df953c55da18f2d26f6b2d60b24bddb32a1b4d7feebb9265f2299779e94e2c5a;2026-09-23T00:53:28.118606+00:00;false
LOC-0136;LOC-0151;CAR;2026-08-17T07:00:00+03:00;OK;1780;30;11445;LOCAL_VALHALLA_MATRIX;ddf38bc4e003a21d62de6e6da5ee6ef56941284d2be6090a2331a169efe7c5fa;2bbce3754965a247297fd1a857dd2373b593b36ac900205300a197923ef86c57;2026-09-23T00:53:28.118606+00:00;false
LOC-0136;LOC-0190;CAR;2026-08-17T07:00:00+03:00;OK;1173;20;7708;LOCAL_VALHALLA_MATRIX;6b139ac655b37469913311a42301fac5a059897ba4a8112e0debb541be18ded1;105609b069539d41969b46fef22d2cf1edb020444534f0b335fc0d988e7055bd;2026-09-23T00:53:28.118606+00:00;false
LOC-0136;LOC-0196;CAR;2026-08-17T07:00:00+03:00;OK;1806;31;12247;LOCAL_VALHALLA_MATRIX;9756d677fa74721005368628507b2ac93225002c10ba10fa8ddb18de88ccf0b6;9f4e588f05d489da914648e9406c2ea2f2fefbde5e5b6a4f41e249b684e7e7c9;2026-09-23T00:53:28.118606+00:00;false
LOC-0141;LOC-0002;CAR;2026-08-17T07:00:00+03:00;OK;2061;35;13479;LOCAL_VALHALLA_MATRIX;b1cc69d69c75e6928be14ff4dffed37dec76bbf1e97a84442f7845e311225ff6;b271f093b223958ad80668724a4bef2d7a68f0c3c1d54e8ee48f564a21bc63eb;2026-09-23T00:53:28.118606+00:00;false
LOC-0141;LOC-0008;CAR;2026-08-17T07:00:00+03:00;OK;2233;38;15061;LOCAL_VALHALLA_MATRIX;0d8440820529181c10d32d09aecf3048d6e2fa53c5dd3757d82b1a01f76204f0;00646f3a4fdf4d33e9fccb1107f1ff1834039743034ff0143fa8cca2407b1135;2026-09-23T00:53:28.118606+00:00;false
LOC-0141;LOC-0009;CAR;2026-08-17T07:00:00+03:00;OK;681;12;3356;LOCAL_VALHALLA_MATRIX;1de2a68f6182c68e08ba563004c0ff61b79baa59e43536c6ac4232b66a060167;07b1f950c59a70a44ff821c0f5dc57e6af77612f9e900132ff9915ad919c589e;2026-09-23T00:53:28.118606+00:00;false
LOC-0141;LOC-0010;CAR;2026-08-17T07:00:00+03:00;OK;2310;39;15612;LOCAL_VALHALLA_MATRIX;8dca530a61246178c380da5a266d8cc428e7f0d0b0241f8f53b02d44fb0b5c12;4e6d6405ac15a2fd89cb13bd07eafc6b7311af359f08febd089b035842db81b9;2026-09-23T00:53:28.118606+00:00;false
LOC-0141;LOC-0011;CAR;2026-08-17T07:00:00+03:00;OK;2001;34;13590;LOCAL_VALHALLA_MATRIX;4bd3ad064861d7be3dbf16e95f0f297a46f536d0da3673a4c6dfec0c83820861;fba05a9610f1848b24fda93931d63d45c49f03b4688d39380398b325572d9124;2026-09-23T00:53:28.118606+00:00;false
LOC-0141;LOC-0013;CAR;2026-08-17T07:00:00+03:00;OK;2260;38;14456;LOCAL_VALHALLA_MATRIX;92fc8ea0eb62eae0a3786d562203813cf2e2ced2e4a66cfd9ee46615248e0002;0b028b96c1cd4bd6b0559b2755aac103314b3d58fb3d30d6563ca2e2bccd2294;2026-09-23T00:53:28.118606+00:00;false
LOC-0141;LOC-0016;CAR;2026-08-17T07:00:00+03:00;OK;1697;29;10665;LOCAL_VALHALLA_MATRIX;5416e45a66edf4bcf3cdeed94f4d84f1fbdfd4e59e9cd22303a5b66098b9a0da;34840210b116fd9218bc06a89f1b57a1137d07f7c3c6c1197700a680eb2316fd;2026-09-23T00:53:28.118606+00:00;false
LOC-0141;LOC-0018;CAR;2026-08-17T07:00:00+03:00;OK;1088;19;6763;LOCAL_VALHALLA_MATRIX;2ff75e4d5cf3e74b02b8fff1a3038ef2bccc72bab8bec08f4aae612c1f284c55;f165c1a71f9b66ab729bad48d88f583363fa1b68dff8ffecebe88a2c21c7c2a5;2026-09-23T00:53:28.118606+00:00;false
LOC-0141;LOC-0019;CAR;2026-08-17T07:00:00+03:00;OK;2398;40;15883;LOCAL_VALHALLA_MATRIX;4e948c90a8b746e55cac83db8bc4afde1dfbcb64cd929fa96b9160d5784e1b2e;8443df0f4be0fca1f2e5f49b6c82ef377bf86bb119b5928ee2a51704261b69be;2026-09-23T00:53:28.118606+00:00;false
LOC-0141;LOC-0020;CAR;2026-08-17T07:00:00+03:00;OK;2144;36;14268;LOCAL_VALHALLA_MATRIX;61a0618639cdcf47f0b4958e8e270bb11c5a2ff4c51f0312f91601daa30b9001;350b263f337726b1d3e37827bc0c5b21524ff8a2e5c2d0adda8f8599be33f8aa;2026-09-23T00:53:28.118606+00:00;false
LOC-0141;LOC-0027;CAR;2026-08-17T07:00:00+03:00;OK;1291;22;8043;LOCAL_VALHALLA_MATRIX;9ebad6511c44eab49f9fcf432f4b1c30015f03a53aea75b4a8ab3de2d3d1b6d7;728f8a2d895cbe72cea9c5099fb0f3d50a78f0b2cc3efa5513a8341f911aaca1;2026-09-23T00:53:28.118606+00:00;false
LOC-0141;LOC-0028;CAR;2026-08-17T07:00:00+03:00;OK;1650;28;10135;LOCAL_VALHALLA_MATRIX;c31f02a49e45f07ec2cb0225c2dade53f3186978c6b413f45aa19271fb0fb7f0;706e600ca291f760746e3a168061addb0acaaf1a750b18d991dcb62d6414c409;2026-09-23T00:53:28.118606+00:00;false
LOC-0141;LOC-0029;CAR;2026-08-17T07:00:00+03:00;OK;1546;26;9647;LOCAL_VALHALLA_MATRIX;6d33448425b0e3c1eb41b907def602fb077534b467481a420a70aaf48b3f8f79;a8f5630c3ed6090cde665c2c6ae3ee32af6aeff2d912079f6aa8525e34a5c74b;2026-09-23T00:53:28.118606+00:00;false
LOC-0141;LOC-0037;CAR;2026-08-17T07:00:00+03:00;OK;2045;35;13890;LOCAL_VALHALLA_MATRIX;09c51d17b586cf9a4b816bb86ce42a5c5643fb7ad0f0f9defa6c6be3196cd8fe;8561e72873c28f8653e5b2bc7028f206c1d9628c20fbe895bfa204bc9d276690;2026-09-23T00:53:28.118606+00:00;false
LOC-0141;LOC-0045;CAR;2026-08-17T07:00:00+03:00;OK;1373;23;8988;LOCAL_VALHALLA_MATRIX;dbec2bdaa9ecfbf24f993d581a96f7d65f99888371fe4de1b89be0e5c1c8167e;948e5eaefc173239673643a87714040350b7ccc64b0eeec214d922ff35d1fbed;2026-09-23T00:53:28.118606+00:00;false
LOC-0141;LOC-0053;CAR;2026-08-17T07:00:00+03:00;OK;1465;25;9645;LOCAL_VALHALLA_MATRIX;9c1bc76c2ffa847bf2b6f703c734bdd45f613d600168d52d87c361f56899c1f5;c79a93cf5df96cf1b58795a3dac406734db3a042e9ff53d7ef2df41aebdccb10;2026-09-23T00:53:28.118606+00:00;false
LOC-0141;LOC-0054;CAR;2026-08-17T07:00:00+03:00;OK;2047;35;13673;LOCAL_VALHALLA_MATRIX;319afaeeef094ff90b68e43c4b65e4c9a636ef2448f0801486f319d1cb6d2e9e;5653f9108d8022280cca2c107614622da5d238cb39e3aa0688bd1d842a919336;2026-09-23T00:53:28.118606+00:00;false
LOC-0141;LOC-0064;CAR;2026-08-17T07:00:00+03:00;OK;1124;19;6712;LOCAL_VALHALLA_MATRIX;1a66fbc6d5ab8ecd7f4d5a9a7da381a11774c6206f1adeed51783e59c5676bf0;9cf8703a71d8e46c40e2c685895fd5e9beb2c10113a1e6ad7bc9d45f764c7039;2026-09-23T00:53:28.118606+00:00;false
LOC-0141;LOC-0075;CAR;2026-08-17T07:00:00+03:00;OK;1283;22;7567;LOCAL_VALHALLA_MATRIX;ac13a86381905884e80a37356f21ad60c8b1934a38a5a0ab7207e9594da6fe0e;92d5676b15494a173548ac265a8eab27ea5de149828d5e80c3e8769fa8193817;2026-09-23T00:53:28.118606+00:00;false
LOC-0141;LOC-0076;CAR;2026-08-17T07:00:00+03:00;OK;1638;28;10656;LOCAL_VALHALLA_MATRIX;01062d116524ac100070c51927f61dc290a4e89f77b7563f554a821c000cc247;86f5be071045e73807839e5070dfe9a0161878642247c196c9d3a01083d51c61;2026-09-23T00:53:28.118606+00:00;false
LOC-0141;LOC-0080;CAR;2026-08-17T07:00:00+03:00;OK;1162;20;7126;LOCAL_VALHALLA_MATRIX;cf4b84ee54ba1c6055511589e98042b303578cd52b337dc1d0e64a5ce16f2917;4a6ff845d925831a4c0d99afaeace7ce3c18bec31779e81d1e0cb64d3db50c1d;2026-09-23T00:53:28.118606+00:00;false
LOC-0141;LOC-0082;CAR;2026-08-17T07:00:00+03:00;OK;1148;20;7187;LOCAL_VALHALLA_MATRIX;9d10876f20b63147e8f1a511f3850472c6c0e29baa9a4d0e4d4fddcdccd80f61;3846a924ea5e68e047be27050ae31f2935645763f993f891fd620e9b17f789b9;2026-09-23T00:53:28.118606+00:00;false
LOC-0141;LOC-0085;CAR;2026-08-17T07:00:00+03:00;OK;2214;37;15034;LOCAL_VALHALLA_MATRIX;f04fa8e820ea44a8d585e0afb89061017eabe32a64611b76a705e1d193da7c4b;61fed3bb0178f33e9e64d5ddd92435354ecdce56de992481c996228627d4c7ec;2026-09-23T00:53:28.118606+00:00;false
LOC-0141;LOC-0086;CAR;2026-08-17T07:00:00+03:00;OK;2217;37;15035;LOCAL_VALHALLA_MATRIX;8df74838bbf2671007f61d95ac7e613e3a239acc7bd46362ca6ab44d38f94d87;3c57d7fc9d58f162834875af678a2ccef65d02e28fc7bf2f47d1d29f246b2657;2026-09-23T00:53:28.118606+00:00;false
LOC-0141;LOC-0091;CAR;2026-08-17T07:00:00+03:00;OK;1953;33;13004;LOCAL_VALHALLA_MATRIX;484fb7457c3eabc921f4acd9af50e61e5a48e538b689fb4386256955a91305ce;0cd1f66f7ab06cb123598486facfd5a387bbe66ddb3817df646bf8fe2667da7a;2026-09-23T00:53:28.118606+00:00;false
LOC-0141;LOC-0092;CAR;2026-08-17T07:00:00+03:00;OK;1981;34;12725;LOCAL_VALHALLA_MATRIX;1eb528fb9c835697c70e8f19d7cbf73961f07bb404fde71df4b446ff6aec084b;5f2d9d635e4cdc5d2cc0760f3bcd7518abceb5a5d2aca024e185e37f6b0c86c2;2026-09-23T00:53:28.118606+00:00;false
LOC-0141;LOC-0094;CAR;2026-08-17T07:00:00+03:00;OK;2345;40;15715;LOCAL_VALHALLA_MATRIX;5407a0bc260072fd3e08e1f8d4f1d02696c6962e7da9db81a8d582e43f23660f;2903cf610792a5526a856341d02520ead8f2699d4aa2804e11cde6903f65ef6a;2026-09-23T00:53:28.118606+00:00;false
LOC-0141;LOC-0095;CAR;2026-08-17T07:00:00+03:00;OK;2455;41;16430;LOCAL_VALHALLA_MATRIX;558cd3b77078104eaa7b30939fe17b968b943c0af6e133e5227d764a700ab697;58bcb4a8c36a7e3fc11e80d41153d9b4411a727681511cc4b4884061daa964bc;2026-09-23T00:53:28.118606+00:00;false
LOC-0141;LOC-0112;CAR;2026-08-17T07:00:00+03:00;OK;1702;29;10899;LOCAL_VALHALLA_MATRIX;a389e2f72886c6b94693582416b2cd1dbc439ca038063293ccb2fce4b6c2c0b6;46b317dbedc7ac4683bcad5c81769081fafe27b37abd3b99d34b87b12c51cbf9;2026-09-23T00:53:28.118606+00:00;false
LOC-0141;LOC-0124;CAR;2026-08-17T07:00:00+03:00;OK;559;10;2691;LOCAL_VALHALLA_MATRIX;6427a54a16def56a4b63e4f3cf9f4ce4e5d74d3adeb0e4e76da9dba9e5412c85;b61a30f0642629758b311392ae614aae2320480d1930f96b44fe7eebe3ae9d9b;2026-09-23T00:53:28.118606+00:00;false
LOC-0141;LOC-0126;CAR;2026-08-17T07:00:00+03:00;OK;1581;27;10091;LOCAL_VALHALLA_MATRIX;5c8b4302e4b0834e9c83cff72b4b5b148ebee33d9447341cec3d3708fa0815ee;26a2d6236d4fa6327963a62f5455db5e9489447ede6a1074de41a192dcf11ec1;2026-09-23T00:53:28.118606+00:00;false
LOC-0141;LOC-0128;CAR;2026-08-17T07:00:00+03:00;OK;2098;35;14078;LOCAL_VALHALLA_MATRIX;9c25de811723303df3889e81dcd76c440183eb6bfcd803ee23034c25169bc93e;acaa5c28cced00607dc78b0a8ae6f6ee2bec3b1f99e1418bb0ce4dcc0b9b4d81;2026-09-23T00:53:28.118606+00:00;false
LOC-0141;LOC-0134;CAR;2026-08-17T07:00:00+03:00;OK;2117;36;14277;LOCAL_VALHALLA_MATRIX;61b19f6c32b16099c89b2754703fe1020195f6a780da08c84d3748e7564f3dba;84069c84d8be1b9d0060d16e1c6d64c24c65b0e5cc2aaa85f387537bd9e0dc98;2026-09-23T00:53:28.118606+00:00;false
LOC-0141;LOC-0135;CAR;2026-08-17T07:00:00+03:00;OK;2162;37;13618;LOCAL_VALHALLA_MATRIX;309e9277dbea94443f4aeb1dc8688c4f23e753590f51b1e04bac52b4aff405f5;78479a9823b145507157034d7f74897baf07bb262b8de161161f867647df7268;2026-09-23T00:53:28.118606+00:00;false
LOC-0141;LOC-0136;CAR;2026-08-17T07:00:00+03:00;OK;2166;37;14860;LOCAL_VALHALLA_MATRIX;6f991427b6fc413d89ea05d13d44bb3d27ede83eaa7ef7413040d57285cf2ac9;df5f133015e4e58f85ab7159c5d34078be6fe8691ac280bd263283016020defe;2026-09-23T00:53:28.118606+00:00;false
LOC-0141;LOC-0141;CAR;2026-08-17T07:00:00+03:00;OK;0;0;0;LOCAL_VALHALLA_MATRIX;bb24c3b3d063b54c5c4eb3a0925d1a7cebc8e152e77d6a0e77a6b34c82881727;3d5812abc84c11768aa73a732c85d75dbed439188f5bb3239e9b762ea31d9862;2026-09-23T00:53:28.118606+00:00;false
LOC-0141;LOC-0142;CAR;2026-08-17T07:00:00+03:00;OK;390;7;1126;LOCAL_VALHALLA_MATRIX;745e9b09756deac0e1f8e218f4944bd8cb1e727609cccbebb7efac39370782d5;4a19e75a7cf747fee399f916084560c90e6f7fddeb773dd4cad53d1b3b38988f;2026-09-23T00:53:28.118606+00:00;false
LOC-0141;LOC-0145;CAR;2026-08-17T07:00:00+03:00;OK;1936;33;12839;LOCAL_VALHALLA_MATRIX;9d23613e4950e36f1e6e0adf69072092ac9f68dd46bf80485e8bb7da81599d46;d0055b29445d484f6ef7d688d0fa9f725684f06372ae3d4d9bc6b78d75531d1a;2026-09-23T00:53:28.118606+00:00;false
LOC-0141;LOC-0148;CAR;2026-08-17T07:00:00+03:00;OK;1203;21;7354;LOCAL_VALHALLA_MATRIX;c45846833551de179ab16f00b59d24dfbd60d27d7e4dee6b00c5da7d95321726;4cf99b8a4c102c5931f9e6c751b2a73b13404f788b8f5ed6ab535c24c4ac3370;2026-09-23T00:53:28.118606+00:00;false
LOC-0141;LOC-0149;CAR;2026-08-17T07:00:00+03:00;OK;1263;22;7663;LOCAL_VALHALLA_MATRIX;8cd1e2b4f49ae5553d0560772250a050a4fbc9c26495cd35c1315d5efa300292;8bbe6577a4e55451debca69eb7770ee998b0a98c6b13c2c24e1ac5386360bb20;2026-09-23T00:53:28.118606+00:00;false
LOC-0141;LOC-0150;CAR;2026-08-17T07:00:00+03:00;OK;1347;23;8655;LOCAL_VALHALLA_MATRIX;30822ea606244f5cebed17d2d493246cb4232a4d0369cf0f235c3b6b0f7fd826;5c79645c03cd5525c80ce9beaadfa7eb745bd180df05fa8e74ddab676b79cc66;2026-09-23T00:53:28.118606+00:00;false
LOC-0141;LOC-0151;CAR;2026-08-17T07:00:00+03:00;OK;1144;20;6982;LOCAL_VALHALLA_MATRIX;cdbabc16f63fd1de6b2d699f203b4a638ad6ba6c281b35b2dbd7a78028cd2002;30e96a7a3ad4911d4751f4f12cd8b45cb1cfce602a6e8e9cb50e632c52c50662;2026-09-23T00:53:28.118606+00:00;false
LOC-0141;LOC-0190;CAR;2026-08-17T07:00:00+03:00;OK;1786;30;12102;LOCAL_VALHALLA_MATRIX;dbd443e1b715bdb75d31b6c3202bdc89dcf8dd7b160ea3cd2af7d65efab9bbef;bac9d2b39252639cb389a7a09969adac54d85535ff4005b82d25e114395fc738;2026-09-23T00:53:28.118606+00:00;false
LOC-0141;LOC-0196;CAR;2026-08-17T07:00:00+03:00;OK;1049;18;6144;LOCAL_VALHALLA_MATRIX;1f0d6e6be4ff597caf36df1d38db9b8b2ecec74524daac99295743542ee163f5;d4ac7213c0cd67e096633e44263bc6644f86ef530f84ab4c69678bb999dcc92f;2026-09-23T00:53:28.118606+00:00;false
LOC-0142;LOC-0002;CAR;2026-08-17T07:00:00+03:00;OK;2045;35;12897;LOCAL_VALHALLA_MATRIX;043a8a780af05a53c049b230abfafda442bb33dc3342088ce20f42752ff721df;634fb6c44a858c3a639e146fdbbf0599bd6df52ee6c99153d476fcc8555c53b6;2026-09-23T00:53:28.118606+00:00;false
LOC-0142;LOC-0008;CAR;2026-08-17T07:00:00+03:00;OK;2217;37;14479;LOCAL_VALHALLA_MATRIX;05959c9ab58891bccf80b3fce2ef5694205487ee04bc13adc37c26f59484e3ed;2d2dc8dbf9e8ba45739491e35e55d7cf21978fe77d642ea64b81069cb36b0cba;2026-09-23T00:53:28.118606+00:00;false
LOC-0142;LOC-0009;CAR;2026-08-17T07:00:00+03:00;OK;856;15;4056;LOCAL_VALHALLA_MATRIX;ca4f5df6e62c5aef76c64d9ad6fe8cc945bed4e912067bcbfe57bdc7a96afd07;7bd130324a6f19829276583a9551f0fed67b1e146ecf5d569b185cbf090c3d77;2026-09-23T00:53:28.118606+00:00;false
LOC-0142;LOC-0010;CAR;2026-08-17T07:00:00+03:00;OK;2293;39;15030;LOCAL_VALHALLA_MATRIX;ce6244d8496b63082d886063a17eff65398508c27205dfb1e4f25fc86d601bc5;2fea096571d26c4e64ada9590093e13372fdd19723255a9c475919092505d7db;2026-09-23T00:53:28.118606+00:00;false
LOC-0142;LOC-0011;CAR;2026-08-17T07:00:00+03:00;OK;1985;34;13008;LOCAL_VALHALLA_MATRIX;cfa3988e109f62c6cf366acea6faff3fe5fddae090e83b25f2bfc6afe03c7827;c603ff2fb45c5f079fc6f7f1998378b82b7d6ad93f48bd71844a49068a7c6ed5;2026-09-23T00:53:28.118606+00:00;false
LOC-0142;LOC-0013;CAR;2026-08-17T07:00:00+03:00;OK;2244;38;13874;LOCAL_VALHALLA_MATRIX;15fbad83b3db6fe3250c894013f9cca5de08ddd57066e08a4efd1df85e335539;01ed8099d850d81626b0d5fbe78a3ed02a5c260653fe187382e1ed845c45cd23;2026-09-23T00:53:28.118606+00:00;false
LOC-0142;LOC-0016;CAR;2026-08-17T07:00:00+03:00;OK;1681;29;10083;LOCAL_VALHALLA_MATRIX;68e3a90e7a62471620860d93dc4818edd438f21cab4c444190e66fe5dc954edf;4f8df31029c63a71e4c1a93ceab7034e5b28acd416290f11b48e030a849026d3;2026-09-23T00:53:28.118606+00:00;false
LOC-0142;LOC-0018;CAR;2026-08-17T07:00:00+03:00;OK;1072;18;6181;LOCAL_VALHALLA_MATRIX;84758ab9a61964dcb756e759ab8aba432c5709d5955acbdbdbcf2065c015bb85;95f45408cb57bd29db864ef54476a43ab339418d4810cc557679f4dcd3a5956f;2026-09-23T00:53:28.118606+00:00;false
LOC-0142;LOC-0019;CAR;2026-08-17T07:00:00+03:00;OK;2382;40;15301;LOCAL_VALHALLA_MATRIX;dc9f746ffdb8986bc796ea207f394ea40845dc16b17ad42c24a65525fc6a01e1;bc60a17187eed91479a6f2f2c8338000d6e997d8c938246e346f19c5a7937d58;2026-09-23T00:53:28.118606+00:00;false
LOC-0142;LOC-0020;CAR;2026-08-17T07:00:00+03:00;OK;2127;36;13686;LOCAL_VALHALLA_MATRIX;b79abcd7562e83d7ea1326d2768fd98267f2fbbc128dcbd73b06231952a27124;93706b2f44058d276cc735e704134c4aa9d962472cae1446d3ecdfde2df4e4ac;2026-09-23T00:53:28.118606+00:00;false
LOC-0142;LOC-0027;CAR;2026-08-17T07:00:00+03:00;OK;1274;22;7461;LOCAL_VALHALLA_MATRIX;73b9a1e65603ccc06f78038d2c25f3124045758deb6aa4bf8291bd139b634b22;9fb58ef074ecacf11b3fb4af1c4b566ea0c486dbb170b675d73cb91ff12b3ece;2026-09-23T00:53:28.118606+00:00;false
LOC-0142;LOC-0028;CAR;2026-08-17T07:00:00+03:00;OK;1825;31;10835;LOCAL_VALHALLA_MATRIX;013630375ac20d88834e2de589028bb5ac568b862604207f546cce294739501d;d7dc3f562344b210a044cdbc54c95b5d992e24e6454a48d179ce47c427e5a253;2026-09-23T00:53:28.118606+00:00;false
LOC-0142;LOC-0029;CAR;2026-08-17T07:00:00+03:00;OK;1857;31;11569;LOCAL_VALHALLA_MATRIX;561bf17490c8ae687183e2ca950c61804d7e98744beb39c29b11e7164c934cec;dca09ccd96da90f63250544caff712390721228041db9714eff1e45616040f55;2026-09-23T00:53:28.118606+00:00;false
LOC-0142;LOC-0037;CAR;2026-08-17T07:00:00+03:00;OK;2029;34;13308;LOCAL_VALHALLA_MATRIX;a2f255593d5c85cf6956a600ff41828f6f6d53899932cd5c90e7766211f21ed4;676db74c3df9ba24d7d27880ca2baefea38900fa527db4ed08128de9151c677c;2026-09-23T00:53:28.118606+00:00;false
LOC-0142;LOC-0045;CAR;2026-08-17T07:00:00+03:00;OK;1357;23;8406;LOCAL_VALHALLA_MATRIX;9d959458cf5db5326fb39e156fead31a4c462e20dd20fd681e110475b370d2e6;020f8c5721c9a4c7381122080e37e8a5150fe6c2a805abfdde47afd0b0007f14;2026-09-23T00:53:28.118606+00:00;false
LOC-0142;LOC-0053;CAR;2026-08-17T07:00:00+03:00;OK;1449;25;9063;LOCAL_VALHALLA_MATRIX;8586daa250bf31bec250b816b6318ac687483785e9eb8be2c10015fc0eebac0a;6cb743a0f15f628471eb1f0661749a536999103d54915bdc1c5045f3c853104e;2026-09-23T00:53:28.118606+00:00;false
LOC-0142;LOC-0054;CAR;2026-08-17T07:00:00+03:00;OK;2031;34;13091;LOCAL_VALHALLA_MATRIX;9ab443d8c1e3fcc8bc9d977087f69a49c366d623a068f1d1658ae9cab1b084ed;834c44dfb63f3ebf033160ad42b99530b249c776db6bc0c2586a1afd7cf062fa;2026-09-23T00:53:28.118606+00:00;false
LOC-0142;LOC-0064;CAR;2026-08-17T07:00:00+03:00;OK;1299;22;7412;LOCAL_VALHALLA_MATRIX;d3ce5e644bcb8dd7b497e7a3208961cd66d3edc3c986b593bc7de0fb3f95963d;4026135bf4629852d477b36eebdf762a5149242643408fe814bd103d00b2665a;2026-09-23T00:53:28.118606+00:00;false
LOC-0142;LOC-0075;CAR;2026-08-17T07:00:00+03:00;OK;1267;22;6985;LOCAL_VALHALLA_MATRIX;a1fe4c2aae1408d13687fdf1fcdd80aa31697a3e86fe6c6dcb263af06b917c88;9ca638dbe9e1e8a938f341c4af1419d6c38b332669ae2c313a04d6b315826ac8;2026-09-23T00:53:28.118606+00:00;false
LOC-0142;LOC-0076;CAR;2026-08-17T07:00:00+03:00;OK;1622;28;10074;LOCAL_VALHALLA_MATRIX;7b5f01d88be2c92cec0cc1ce3c5156205b582a3772e4b1d32b7e3a6508934b44;12a379a8f6ff1f83aa758b651e13ecb048c49c1acd13440d7fe67715b9e95df4;2026-09-23T00:53:28.118606+00:00;false
LOC-0142;LOC-0080;CAR;2026-08-17T07:00:00+03:00;OK;1282;22;7603;LOCAL_VALHALLA_MATRIX;80d2785c8467f14e3ae8682b26bd04489aee89a6ecf0aa52a87305180799e788;c736f1695cfef2ea56fb0c5dacf5a7cd647fdaa5b8c18fa905654401f72e5450;2026-09-23T00:53:28.118606+00:00;false
LOC-0142;LOC-0082;CAR;2026-08-17T07:00:00+03:00;OK;1324;23;7887;LOCAL_VALHALLA_MATRIX;b45d12d421c140e0ecf29ab3aa756793a90cf12cadbd378d4c11da6ba7c171d2;4423c41d29f1c5880a6932a1990a3920800ab96ea9617004ef9369049d8a0d34;2026-09-23T00:53:28.118606+00:00;false
LOC-0142;LOC-0085;CAR;2026-08-17T07:00:00+03:00;OK;2198;37;14452;LOCAL_VALHALLA_MATRIX;09d9b9550b5e61338621b48ef9f851bad7a87543f6934f4e246769112636f90c;4657f424cedebd0d76630b4289e22110d055953d96a3f81fb39d8b3132411847;2026-09-23T00:53:28.118606+00:00;false
LOC-0142;LOC-0086;CAR;2026-08-17T07:00:00+03:00;OK;2200;37;14453;LOCAL_VALHALLA_MATRIX;010e16a9f2dba99ff41204fe72a21489dbfc953bfa6d521b1e75745e144acddb;c87864c6238deb9e3cd96c9ff1fe47fb1356b43710748f8b56b4b701f37b50b9;2026-09-23T00:53:28.118606+00:00;false
LOC-0142;LOC-0091;CAR;2026-08-17T07:00:00+03:00;OK;2039;34;12987;LOCAL_VALHALLA_MATRIX;a86e94b2298fee9295a0bbc3945c96ba0c9c34bf2ed527158bebe7c505eef5d9;2b3f2ee1bbef594beaa5b26da0411fc51d7fba4079c2a0a86215890527c0853d;2026-09-23T00:53:28.118606+00:00;false
LOC-0142;LOC-0092;CAR;2026-08-17T07:00:00+03:00;OK;1964;33;12143;LOCAL_VALHALLA_MATRIX;d05e0bb5b4a2b4e29deda7cd55f2e0621efab4df12cedef795c6b4d5dbebaf0f;26bb957da2ebcd9d7836e8d624fb275cdb91479fcee94fc6f17fce4cdd614880;2026-09-23T00:53:28.118606+00:00;false
LOC-0142;LOC-0094;CAR;2026-08-17T07:00:00+03:00;OK;2329;39;15133;LOCAL_VALHALLA_MATRIX;6c4b167d309ec9a7f88c45d0e762d1e8588c9a5442b1ff623cf1a3f991484020;8fab92167dcbc6f2ec7c9d606024726e9ddc5b0b54185fde9cfe027952aacb96;2026-09-23T00:53:28.118606+00:00;false
LOC-0142;LOC-0095;CAR;2026-08-17T07:00:00+03:00;OK;2439;41;15848;LOCAL_VALHALLA_MATRIX;07c07e4549867d9d0b42e7803282b3398a65732157213508289a6f25bc1bc60c;d245036cbfafb4b108898766d8bb5693968c9971bd5c7b40e6da9f05ccc6eebd;2026-09-23T00:53:28.118606+00:00;false
LOC-0142;LOC-0112;CAR;2026-08-17T07:00:00+03:00;OK;1686;29;10317;LOCAL_VALHALLA_MATRIX;220027300c2adc615ddfa716ad79af10ae01fa98ac16ebae65db0fa527dbb23d;e6d1c191b7684e815cd72145dabd209d0739dfcb18d532fce720bd526dbf7311;2026-09-23T00:53:28.118606+00:00;false
LOC-0142;LOC-0124;CAR;2026-08-17T07:00:00+03:00;OK;734;13;3391;LOCAL_VALHALLA_MATRIX;a4c3d684d7d4b3f8163cbc64f0ca0f70a05fddb0b81605635808e9530e5e2917;53deeb2a7d727cc61de917d148025ed208bf83cfdb85f5773544c7d2577a49b1;2026-09-23T00:53:28.118606+00:00;false
LOC-0142;LOC-0126;CAR;2026-08-17T07:00:00+03:00;OK;1565;27;9510;LOCAL_VALHALLA_MATRIX;88bcbefd6f325f4c1942ea8fad86d11925a3eacf3ac061f7b54e33589263f6e2;85520e2c47a9a3975c6bf9b965dc8e5a4decfea303f7adf189c0af87324d0e69;2026-09-23T00:53:28.118606+00:00;false
LOC-0142;LOC-0128;CAR;2026-08-17T07:00:00+03:00;OK;2081;35;13496;LOCAL_VALHALLA_MATRIX;2dadb6dc206ac818413e086ade4208dcfbd46a752fe9fab7b2db98c14bb4f7d2;f12d76a7b9e1fa65623de10b567d2624eb73d1f522b39199c267c92e4fdc748c;2026-09-23T00:53:28.118606+00:00;false
LOC-0142;LOC-0134;CAR;2026-08-17T07:00:00+03:00;OK;2101;36;13695;LOCAL_VALHALLA_MATRIX;dfe23084f38db8da2135f61ff367e743db26115c21380773a97386b1f8b83732;6d9c8744b545a1e1bbd3c9798a061c72727c823112a30b61f777107aa41d31d6;2026-09-23T00:53:28.118606+00:00;false
LOC-0142;LOC-0135;CAR;2026-08-17T07:00:00+03:00;OK;2145;36;13036;LOCAL_VALHALLA_MATRIX;0d280108f5386792677a18b9eac6c4241c3d084a149c955e23166ce09546f509;1c4caa2a98584a49cb494c416857bf5fe8663056e2f95a114e6156887a4a4851;2026-09-23T00:53:28.118606+00:00;false
LOC-0142;LOC-0136;CAR;2026-08-17T07:00:00+03:00;OK;2150;36;14278;LOCAL_VALHALLA_MATRIX;173ef12cc2a9a2d5f3756978f97c855afa2362f3ed89ffbab4de12c234fa5fc2;337537cddd98f3446825294d5e2d7239102392bb005bb0d405377cc77330b272;2026-09-23T00:53:28.118606+00:00;false
LOC-0142;LOC-0141;CAR;2026-08-17T07:00:00+03:00;OK;384;7;1100;LOCAL_VALHALLA_MATRIX;881703511454e97df4325718a8de1e9c512169eb1c7ec9b385c21495feebcc50;845521614ac877e2653647a6a8ad92451607a7cc850c9b49d7a8e7a53622ecf5;2026-09-23T00:53:28.118606+00:00;false
LOC-0142;LOC-0142;CAR;2026-08-17T07:00:00+03:00;OK;0;0;0;LOCAL_VALHALLA_MATRIX;780fff541d6bb4757066b125ebd1f9445010d180191c93cf54f256fbcda259d2;3d5812abc84c11768aa73a732c85d75dbed439188f5bb3239e9b762ea31d9862;2026-09-23T00:53:28.118606+00:00;false
LOC-0142;LOC-0145;CAR;2026-08-17T07:00:00+03:00;OK;1919;32;12257;LOCAL_VALHALLA_MATRIX;6f539c7f7f7b272d284981c2bba0eb49078c5c47d30a7c6dbec3021bdc4c9117;558da91cc0f58036616ace4afa507d2c60e3d1578e271a4ff174170df53be7ab;2026-09-23T00:53:28.118606+00:00;false
LOC-0142;LOC-0148;CAR;2026-08-17T07:00:00+03:00;OK;1187;20;6772;LOCAL_VALHALLA_MATRIX;6d094bc19e5b3c7217a3210911845966498084c2f92f5c38ae04a899cc2fab89;351edb165f6a1814894b393bdfb00b42fce2c5e8b2c2d35f1b9905c7332d9c14;2026-09-23T00:53:28.118606+00:00;false
LOC-0142;LOC-0149;CAR;2026-08-17T07:00:00+03:00;OK;1247;21;7081;LOCAL_VALHALLA_MATRIX;b1f0ce2e3614d72eb8199cc6258cf098fb47c720ddd131a2d6b67266009acbd5;e12c7474e03d1541f93973360c86134e8979b16f451cedac82c6b6e7eb064dd7;2026-09-23T00:53:28.118606+00:00;false
LOC-0142;LOC-0150;CAR;2026-08-17T07:00:00+03:00;OK;1331;23;8074;LOCAL_VALHALLA_MATRIX;ba2be4dc667754649b3ebfcf83f6e2e924bbc0c88eecf51550be0a1de1bdc975;745affe3fe8826315d79211c90a6db918a0340fad1b51cf387ae41b3943220d9;2026-09-23T00:53:28.118606+00:00;false
LOC-0142;LOC-0151;CAR;2026-08-17T07:00:00+03:00;OK;1128;19;6400;LOCAL_VALHALLA_MATRIX;70507c245e84f2cbfb9a1415005aec8662ce5ffaa00e8fbdcfdff2e4a9c19a42;41e5a250b08779f00e1b2600608a50f4aa6d1a8996375859fa864f3ffaf38879;2026-09-23T00:53:28.118606+00:00;false
LOC-0142;LOC-0190;CAR;2026-08-17T07:00:00+03:00;OK;1769;30;11520;LOCAL_VALHALLA_MATRIX;05d8ddb573a53be360f811acd2efb075a401a573c0f721a19fd636267de9bdd3;e79fd243f8a7ea3775daa6d6b22016c36cd01fe1007b90f5ed662f8284003994;2026-09-23T00:53:28.118606+00:00;false
LOC-0142;LOC-0196;CAR;2026-08-17T07:00:00+03:00;OK;1097;19;6115;LOCAL_VALHALLA_MATRIX;57248a7239ec67357f9c5e598e2b34ee756bd3d7b8ff6419ef6804b033de7342;27382f18c084981fbecae80f9a8117171dc0749f732b3d71f0a562201672a067;2026-09-23T00:53:28.118606+00:00;false
LOC-0145;LOC-0002;CAR;2026-08-17T07:00:00+03:00;OK;1391;24;9474;LOCAL_VALHALLA_MATRIX;57258781da18069cc12e047b6a61a5e52dd24dd6a65c8c3c8513320ef3d83bbc;0d0c50bbbac1379defbac5c3599cf40ef02a01b40767d311977cd0a5ae89cd7a;2026-09-23T00:53:28.118606+00:00;false
LOC-0145;LOC-0008;CAR;2026-08-17T07:00:00+03:00;OK;609;11;4020;LOCAL_VALHALLA_MATRIX;4e0f93e230b872f33ca67fe30081f03c27b68668f7581553909f7544cdd779c3;87669d0716ed3136773998f027e90b80fe2620f5d779bb56ae3370989d548199;2026-09-23T00:53:28.118606+00:00;false
LOC-0145;LOC-0009;CAR;2026-08-17T07:00:00+03:00;OK;2238;38;14754;LOCAL_VALHALLA_MATRIX;45bf844960a14b674fd3f29994321792f52596275132f4d5a758e45e4e6c7cff;f1055ca54f7ed9a07bce3071efe5bd8b1c3313bed61a91e4e8bbf3e77669e98c;2026-09-23T00:53:28.118606+00:00;false
LOC-0145;LOC-0010;CAR;2026-08-17T07:00:00+03:00;OK;472;8;3190;LOCAL_VALHALLA_MATRIX;c20e8b55ca87955c4fbb38650e958b0b8738fd088a3baaf82353edcda2794047;ea67e264f07781cf71acf4e5879707a1ce4adf25b02b16f89971b94c085ffb3b;2026-09-23T00:53:28.118606+00:00;false
LOC-0145;LOC-0011;CAR;2026-08-17T07:00:00+03:00;OK;572;10;3563;LOCAL_VALHALLA_MATRIX;7aebf83685a465c19bdb08142a989f185e3a15c87c188d5cb281bf5b14399bd7;00ce607ee5ce1dcc4fd3b5b30668972e973e6d73208c4eb6ae85ce28bc007435;2026-09-23T00:53:28.118606+00:00;false
LOC-0145;LOC-0013;CAR;2026-08-17T07:00:00+03:00;OK;1668;28;10941;LOCAL_VALHALLA_MATRIX;9363e7bc68d06cf97b621be7e0a306a7bba1dedd627fcb50f5de5bd252ada909;310f5eede3cac1edd8a3d87cad94df1c5b6bb535b76a6e474bcb984d3e922210;2026-09-23T00:53:28.118606+00:00;false
LOC-0145;LOC-0016;CAR;2026-08-17T07:00:00+03:00;OK;1704;29;10677;LOCAL_VALHALLA_MATRIX;e705063fa12fa30aa6088c7d7b5c7b6859ff63bb641208c943e11b28b7a5682a;454b12daf1e8fda53646f390f4f64262cecb6069141482c347b72705921f72c8;2026-09-23T00:53:28.118606+00:00;false
LOC-0145;LOC-0018;CAR;2026-08-17T07:00:00+03:00;OK;949;16;6232;LOCAL_VALHALLA_MATRIX;282f224de27cec97091f05639941c4403851f274ff047ff6dea85970aa51c7a8;db14e96a212a9c4592152c811b3001f7a7525c02fda691210c072f7fc9ab8e9e;2026-09-23T00:53:28.118606+00:00;false
LOC-0145;LOC-0019;CAR;2026-08-17T07:00:00+03:00;OK;559;10;3225;LOCAL_VALHALLA_MATRIX;58a470ec49c40bca46348410893edda88b7f413eb15deb374934c7ee44265c82;46d722255caabfed6d4f1f331a5384f76342bacd90fbd52f926ed3518819dfdf;2026-09-23T00:53:28.118606+00:00;false
LOC-0145;LOC-0020;CAR;2026-08-17T07:00:00+03:00;OK;267;5;1645;LOCAL_VALHALLA_MATRIX;0aa328dd5e98d3fa7674f5c766b269a3eba78602dfde790a335ae2c3bc3c963a;e2fcc50e8302a0dc0cffd41719d91498d3f25bac491762d8318baf5d810c9201;2026-09-23T00:53:28.118606+00:00;false
LOC-0145;LOC-0027;CAR;2026-08-17T07:00:00+03:00;OK;911;16;5641;LOCAL_VALHALLA_MATRIX;63388d6cb3f8f4066a4cf7b51b0529866aa9b2fbf0cd12755c47c524f944d1c7;be9dca1ca910b1fc8fd7586f6e448aeb358bcba10562b29ab493df7378cc72b0;2026-09-23T00:53:28.118606+00:00;false
LOC-0145;LOC-0028;CAR;2026-08-17T07:00:00+03:00;OK;1640;28;9864;LOCAL_VALHALLA_MATRIX;51dcd008337f85edf3aa1c4b4f695d89d0177c377084d993f50ee3c32bf92f7d;f926959dd1ec529b2e6ee42e99b1f03959aa664de47604fa31351165ebd42514;2026-09-23T00:53:28.118606+00:00;false
LOC-0145;LOC-0029;CAR;2026-08-17T07:00:00+03:00;OK;1493;25;9318;LOCAL_VALHALLA_MATRIX;e8cee4607c8a7f67610781b046db360e5c1807bc355004788f9cb40f65bce08f;c7942cd28f3290650dbe7a6dd4125e8c72e7e095b05c10727dcda7fb82d29cbb;2026-09-23T00:53:28.118606+00:00;false
LOC-0145;LOC-0037;CAR;2026-08-17T07:00:00+03:00;OK;1203;21;7816;LOCAL_VALHALLA_MATRIX;367f35c7d3063032e243a7a5e6ca0c9baaa54087dcb835c02b6e5041b986a89f;80d46ef5e9a71b94c885c9e08497391aace3746d1be8497c5cc65a7e2e452802;2026-09-23T00:53:28.118606+00:00;false
LOC-0145;LOC-0045;CAR;2026-08-17T07:00:00+03:00;OK;1175;20;7717;LOCAL_VALHALLA_MATRIX;b0119d361cf5ef49e087fd81207bef978405201f7f78625586fcb54e69e3e1af;f89a268427f3730573d1a80246bdcd32650cde7b876948108a600fe7312d0f37;2026-09-23T00:53:28.118606+00:00;false
LOC-0145;LOC-0053;CAR;2026-08-17T07:00:00+03:00;OK;1474;25;9657;LOCAL_VALHALLA_MATRIX;632b5909cf3ec43fbadc6c0885d12389cdb4b8f682ff7932294375fe9e2744b5;83c4da5ffca3636c1ade0dbe8ea168c14d7d5e36c63d50b4f0bd9f6e9ceb5b55;2026-09-23T00:53:28.118606+00:00;false
LOC-0145;LOC-0054;CAR;2026-08-17T07:00:00+03:00;OK;1083;19;6860;LOCAL_VALHALLA_MATRIX;a8dc66d7ffd2a509b19f913ff02c343373552c05ed1f2e9ad127af8e73187fbb;20eeafd251b85f0ccb8a0426c16188a94602935d0ebce24f2c0eeba5530127aa;2026-09-23T00:53:28.118606+00:00;false
LOC-0145;LOC-0064;CAR;2026-08-17T07:00:00+03:00;OK;1426;24;9308;LOCAL_VALHALLA_MATRIX;b6e17c9fb3cbfda35952bfdb64c1b59c3c5ae4016f84d61d04a05e2315155394;77d9fce70d1aca9b744b49093e747eec30deaf9f588cb350de5f3486af8114e2;2026-09-23T00:53:28.118606+00:00;false
LOC-0145;LOC-0075;CAR;2026-08-17T07:00:00+03:00;OK;978;17;6070;LOCAL_VALHALLA_MATRIX;998c9862d7ab15da8b4b830ddb35c0f6a90da52a8c0c3ba21d98960317c6ca91;b317470dc75ac4384b7b65771828ef75e6a6cf8255757c191634a144e642392b;2026-09-23T00:53:28.118606+00:00;false
LOC-0145;LOC-0076;CAR;2026-08-17T07:00:00+03:00;OK;1644;28;10668;LOCAL_VALHALLA_MATRIX;368327f7953ed49ad68af90b832f3bf970ed9e630588f6e85a3ed2d303571a20;1bfc5828c8a2e5348d8d95168a470a74e185cda15f4f9f218214603fc0b27c7d;2026-09-23T00:53:28.118606+00:00;false
LOC-0145;LOC-0080;CAR;2026-08-17T07:00:00+03:00;OK;780;13;4973;LOCAL_VALHALLA_MATRIX;96278ccdd8b1174fe8dd9fead4462d239b64ddbf1baf9199a8e290f0bd28aa13;096963c3cb49b9ba2ba1c44d185e3d540de3e4bee0581b126da7601468813ad5;2026-09-23T00:53:28.118606+00:00;false
LOC-0145;LOC-0082;CAR;2026-08-17T07:00:00+03:00;OK;1419;24;9338;LOCAL_VALHALLA_MATRIX;354640a4dabfbca0c111ceb844d949d5869e5dc92bc788d9b95a984fc627ba98;8dac312d19f198980da539651da7fb5d19f1dd12188ede578c6734dc9e129605;2026-09-23T00:53:28.118606+00:00;false
LOC-0145;LOC-0085;CAR;2026-08-17T07:00:00+03:00;OK;1537;26;10604;LOCAL_VALHALLA_MATRIX;3a3d5a246dd11e1703a261afa7b0538a9c3ec8d5f2c111555285e081773cf835;8bfc1c346287202679c4cdfadba89f24064246f2176de67804a253e18bccb0ba;2026-09-23T00:53:28.118606+00:00;false
LOC-0145;LOC-0086;CAR;2026-08-17T07:00:00+03:00;OK;1539;26;10605;LOCAL_VALHALLA_MATRIX;ccbe83803d855adb61a5b4697a1bfa0f7a048db7b3926180291d44ddd6a53992;5af54ff22be25af4b2b4b7d977f2a5f9a4d42b00b6b3d649b72d209860b3da13;2026-09-23T00:53:28.118606+00:00;false
LOC-0145;LOC-0091;CAR;2026-08-17T07:00:00+03:00;OK;299;5;1862;LOCAL_VALHALLA_MATRIX;8872d9da9bd47929a391d0c731a4573810ff6acbabc27dad738bca650ec8bee4;dfff7e151ad944078ab70e90b8672f6333a3e3ccb35b4dc2b31d8d69d5c0c2e4;2026-09-23T00:53:28.118606+00:00;false
LOC-0145;LOC-0092;CAR;2026-08-17T07:00:00+03:00;OK;284;5;1642;LOCAL_VALHALLA_MATRIX;26dcb886a60d371f77d7077190bd23563c86b84793262ceb52c4e397d46dfc95;dc86dca04937b05b95c988f56cea0fc0f0a95e1cde621884f85da50ccf5fd936;2026-09-23T00:53:28.118606+00:00;false
LOC-0145;LOC-0094;CAR;2026-08-17T07:00:00+03:00;OK;1667;28;11285;LOCAL_VALHALLA_MATRIX;2dba31dfb46855342cb57ceb86250a6e02ce2b611063c0cb2fd239d80bb2b097;90f8370857f817e6bec69d6a9e6d39fd5de390028e67dfed14ad78d15a0d6070;2026-09-23T00:53:28.118606+00:00;false
LOC-0145;LOC-0095;CAR;2026-08-17T07:00:00+03:00;OK;1778;30;12000;LOCAL_VALHALLA_MATRIX;0851e242c46c498119d388e3464ae3d104ed01c5e00b2ccff27160e50ec94c82;795893b9ac6f203fcbd814b9c4d7eca316f55815247ed09c612e39109ae3be5c;2026-09-23T00:53:28.118606+00:00;false
LOC-0145;LOC-0112;CAR;2026-08-17T07:00:00+03:00;OK;456;8;2752;LOCAL_VALHALLA_MATRIX;a5688c700b797f1883047710bda106cabb91830a4f235267d55d02e10f842675;d47346f535b753a352b09a1fdf65095a4bed9cba93306c28fb51b5357160e6cb;2026-09-23T00:53:28.118606+00:00;false
LOC-0145;LOC-0124;CAR;2026-08-17T07:00:00+03:00;OK;2076;35;13636;LOCAL_VALHALLA_MATRIX;28d587343218175a80306b22a62acb2b61d6eb160fef86874137a5b703af40a0;257f69b737bf0555811b33ad9ba636b7f287c2595b8d292b0c2ddf8aea2ae1b1;2026-09-23T00:53:28.118606+00:00;false
LOC-0145;LOC-0126;CAR;2026-08-17T07:00:00+03:00;OK;726;13;4492;LOCAL_VALHALLA_MATRIX;62b5fa20c597f69872e20147fefd79b4b734859eaf6f8c25508a4e8019860dc0;b1b5d35f81a5ccc499c761230aa6b116b614c22ae86107a6b26a38adec82551e;2026-09-23T00:53:28.118606+00:00;false
LOC-0145;LOC-0128;CAR;2026-08-17T07:00:00+03:00;OK;1278;22;8155;LOCAL_VALHALLA_MATRIX;8e7e081661b81993af902a71317dd929c2b447d102c7476f08fe7fb2c12ce556;e29e13d5d3fc54fdcf89a3931714e96b61c9bfb29a7124c8896e5a3d8e3a692e;2026-09-23T00:53:28.118606+00:00;false
LOC-0145;LOC-0134;CAR;2026-08-17T07:00:00+03:00;OK;1413;24;9616;LOCAL_VALHALLA_MATRIX;bfc9ceaa9e52031ddd851d4d6941c20b72e878c079abd97a1f8f0ba07d2065bf;1464739ed8fe689dd21367d526347eb5e3f40074528fa680417556d4fcd49089;2026-09-23T00:53:28.118606+00:00;false
LOC-0145;LOC-0135;CAR;2026-08-17T07:00:00+03:00;OK;1538;26;10531;LOCAL_VALHALLA_MATRIX;a6bbe8ef423153fa6ca01fbc8a3ebe824b0fd721578da5ea3bc01bae7b8ed512;df2b4faebfb80990edbc4aee3bd6f2213ec4b244c0db6702fc0cd60a3cdfbdb3;2026-09-23T00:53:28.118606+00:00;false
LOC-0145;LOC-0136;CAR;2026-08-17T07:00:00+03:00;OK;1488;25;10429;LOCAL_VALHALLA_MATRIX;ce126263bf7f0c3ee8314726c50d957a15a75b778d812f1efe842e6d2fadf7c3;9cd0e9e4b3f10a86d0010a15e10874c565571f99ae07a539972348ac9a5a0760;2026-09-23T00:53:28.118606+00:00;false
LOC-0145;LOC-0141;CAR;2026-08-17T07:00:00+03:00;OK;1833;31;11882;LOCAL_VALHALLA_MATRIX;daf955503aa0e4551327f0a1b961c90aed26db788a1ab6b5eb4442df39d127fe;e250b69c12cd54358bee2d28ffee40d152fd0311dece4ca39722da9c12dc5d4a;2026-09-23T00:53:28.118606+00:00;false
LOC-0145;LOC-0142;CAR;2026-08-17T07:00:00+03:00;OK;1825;31;11327;LOCAL_VALHALLA_MATRIX;3c649996663c99f3d8d77106a676b4268b579ad05a53cee5299c57be462d4bdd;27da324e8df1c05aba417b6162ee7b7771a081204432282f733ad4a68ce96708;2026-09-23T00:53:28.118606+00:00;false
LOC-0145;LOC-0145;CAR;2026-08-17T07:00:00+03:00;OK;0;0;0;LOCAL_VALHALLA_MATRIX;bea4e777c130b68f74a85b9722efb27155f3f099b5b24e17a75cc3c835611d25;3d5812abc84c11768aa73a732c85d75dbed439188f5bb3239e9b762ea31d9862;2026-09-23T00:53:28.118606+00:00;false
LOC-0145;LOC-0148;CAR;2026-08-17T07:00:00+03:00;OK;907;16;5802;LOCAL_VALHALLA_MATRIX;15a3d4a3e3de0218bdd0aa64cc772645c0b984574c7ebb9aee79321e0b4e934c;7d8e3ef2d65aa0b1645603693aeba8945a562309b177850df2c85736d4744f04;2026-09-23T00:53:28.118606+00:00;false
LOC-0145;LOC-0149;CAR;2026-08-17T07:00:00+03:00;OK;866;15;5543;LOCAL_VALHALLA_MATRIX;48c8e23ef593c4438214dc63c607567a8894fc08efc1cfe58cd1f4c8e54a13f5;280af487df337f6ef69fab9d24ae40dd16d1e911cc689925de96ad628ac10d44;2026-09-23T00:53:28.118606+00:00;false
LOC-0145;LOC-0150;CAR;2026-08-17T07:00:00+03:00;OK;838;14;5362;LOCAL_VALHALLA_MATRIX;e0692c2a934e96b1b171c2238d1ff2c281fc626395a0474d1f7d1c76435843a3;933516df850fd51744c2f0c444925fc06b4d951c3e134ad35d70c79e3ed34dbd;2026-09-23T00:53:28.118606+00:00;false
LOC-0145;LOC-0151;CAR;2026-08-17T07:00:00+03:00;OK;998;17;6207;LOCAL_VALHALLA_MATRIX;71b731c07297c95da7dde542ffa4faafb7d46c992d2a82e823b1380ec1411fcc;ab70b5b10a34de566ad82d942e1df2d00eb9af1c5f7482d608db0d51ac93c66f;2026-09-23T00:53:28.118606+00:00;false
LOC-0145;LOC-0190;CAR;2026-08-17T07:00:00+03:00;OK;873;15;5462;LOCAL_VALHALLA_MATRIX;698bf512653b13d48e940fd8e8230c6360d05d0938ba9da2a94b4c1637ba1a62;8158c427f024061d29647aa405f76919cb88df8a7094e786cbd3ca985c6a1174;2026-09-23T00:53:28.118606+00:00;false
LOC-0145;LOC-0196;CAR;2026-08-17T07:00:00+03:00;OK;1011;17;6353;LOCAL_VALHALLA_MATRIX;3bc8a72294fc94be8b190ad7df7a3561722e3a3576c9ecf8444301c4185bf855;652fe66a0c9537735185cd10d97ae4adbb841e1fce9c8e0ce9efea83e1519096;2026-09-23T00:53:28.118606+00:00;false
LOC-0148;LOC-0002;CAR;2026-08-17T07:00:00+03:00;OK;1531;26;9407;LOCAL_VALHALLA_MATRIX;12da0b3f0881d7cac85d07153a0849b235a2a6fed547b6f48f0fe2ace703e13f;3d5f69d69b292b574fa329e39bbd80b767799e3fd3baca82d2634b873b5e64a8;2026-09-23T00:53:28.118606+00:00;false
LOC-0148;LOC-0008;CAR;2026-08-17T07:00:00+03:00;OK;1222;21;7319;LOCAL_VALHALLA_MATRIX;fb6f88c28f3fea4dbf248d67aa3220ade159abd9ecf632c5d1c27e06445663aa;b2b4137672cbbae0147678dbd9b4b58223a81cf12f4d7829d335f1f22b0aa5df;2026-09-23T00:53:28.118606+00:00;false
LOC-0148;LOC-0009;CAR;2026-08-17T07:00:00+03:00;OK;1520;26;9129;LOCAL_VALHALLA_MATRIX;7382752a9d174bdfffc7a04aa804ea45312f9e01e0bb3210a051ce7408c7f743;5970f4b40467ebef965886927b741f5e9eaa9eee24417fd57517fd2ea26e9480;2026-09-23T00:53:28.118606+00:00;false
LOC-0148;LOC-0010;CAR;2026-08-17T07:00:00+03:00;OK;1206;21;7229;LOCAL_VALHALLA_MATRIX;8415aa0d0a556e338b5d416cfe6051b8792acec5892fe87c961540276238e0bd;048dc4f64fa6528a50ab24a74f83afacc77a41413ab76d3e502a41ecbaa1c5fc;2026-09-23T00:53:28.118606+00:00;false
LOC-0148;LOC-0011;CAR;2026-08-17T07:00:00+03:00;OK;1137;19;6846;LOCAL_VALHALLA_MATRIX;0242fb99263f1f729d8133e904e6a067950ae576285bcf292163b405c5cfcdd9;191c2b459bfa49fbc1df89ba26f2db36def1217c3d9fd9e993e0dd1dcb44433c;2026-09-23T00:53:28.118606+00:00;false
LOC-0148;LOC-0013;CAR;2026-08-17T07:00:00+03:00;OK;1653;28;9863;LOCAL_VALHALLA_MATRIX;602bb78a336a1ddd0db8d768679ee0a471e1965d865cc3709ff1573ff7cb2c76;9e08d49e1799ac7f830db5fad8491cbc12621f9d816e0f3a6ebd995e9e3a2b79;2026-09-23T00:53:28.118606+00:00;false
LOC-0148;LOC-0016;CAR;2026-08-17T07:00:00+03:00;OK;1238;21;7260;LOCAL_VALHALLA_MATRIX;2e05e922f61fea3911a24cfbd5dc08160f531cb6d6c7bc5925a2ae2a2a0ebad4;66578d311c358920247884686ba3d5045ef764cf5a55c568eb0ba8ebb83697cb;2026-09-23T00:53:28.118606+00:00;false
LOC-0148;LOC-0018;CAR;2026-08-17T07:00:00+03:00;OK;326;6;1462;LOCAL_VALHALLA_MATRIX;98bfe6f4c9c27a6a63215c1d68aa9fae7df3a7ea9259dbcf3842abfab1ffec0f;c81561a2f3cf50c3dd3c7f0bebb8e3e98f5d9215eaf55d9da8f26db11e029cd9;2026-09-23T00:53:28.118606+00:00;false
LOC-0148;LOC-0019;CAR;2026-08-17T07:00:00+03:00;OK;1444;25;9126;LOCAL_VALHALLA_MATRIX;881e9ac805243cc3639c7e4dda01a8698be4c0b33ce92d25c41d6455458fb798;ace639be02f53d0978c5f673a4651d6d3c72925f79f30e45b9110b1523b5dedd;2026-09-23T00:53:28.118606+00:00;false
LOC-0148;LOC-0020;CAR;2026-08-17T07:00:00+03:00;OK;1141;20;7327;LOCAL_VALHALLA_MATRIX;be59e282f97e6586378460275a55c88934af7f11321591b22228a4c143484855;66cd5843c546d31b94e3a2a308aee5125a0fdf3209380c08908cfbbe150d48bd;2026-09-23T00:53:28.118606+00:00;false
LOC-0148;LOC-0027;CAR;2026-08-17T07:00:00+03:00;OK;347;6;1851;LOCAL_VALHALLA_MATRIX;fdfdc09e26def91031c1300476de5330a56c55cc08a3a417dd9fe14bc9f4d783;fdf6e9dde5a7fae6f2a6d0424c5050592ac0fd782da2cc5e62629c5e6c0f5f74;2026-09-23T00:53:28.118606+00:00;false
LOC-0148;LOC-0028;CAR;2026-08-17T07:00:00+03:00;OK;1512;26;8902;LOCAL_VALHALLA_MATRIX;88775f9322648d7f0b80289b5d00ec756b5dc011858ccc9a2d1d5bb93be70f19;30df7704e44bcdc7152e293b07bf8b2d1fb1ae0eb138d40f8b36ef2237944862;2026-09-23T00:53:28.118606+00:00;false
LOC-0148;LOC-0029;CAR;2026-08-17T07:00:00+03:00;OK;1373;23;8459;LOCAL_VALHALLA_MATRIX;9b5f5446cb5c9e5175c40bf3521dd67837f3db2117c1c9b606ea70b06daf8108;747a217ee0f6829ae258d32dc499a58c074a9bcae1d3cec5db182c4c03646124;2026-09-23T00:53:28.118606+00:00;false
LOC-0148;LOC-0037;CAR;2026-08-17T07:00:00+03:00;OK;1365;23;8317;LOCAL_VALHALLA_MATRIX;d9b6d5a84eb29331db0d9fc452037352903a97cb9cdabee3fe52d0be72ffef16;714f8f29e6839e06864e2275f5e4d06f42eabc4bbc46af13e3b14587360650a5;2026-09-23T00:53:28.118606+00:00;false
LOC-0148;LOC-0045;CAR;2026-08-17T07:00:00+03:00;OK;707;12;4300;LOCAL_VALHALLA_MATRIX;d998874feeece7ec62021332fec0b6cb16d89a1db54cb6d7545e4dea21c7cadd;bab89ca633b3ac7fbe33d49bfbda48593181d20dc373888feb238e931c650e1f;2026-09-23T00:53:28.118606+00:00;false
LOC-0148;LOC-0053;CAR;2026-08-17T07:00:00+03:00;OK;1006;17;6240;LOCAL_VALHALLA_MATRIX;6cfbadd68f01a6ff755558a10cfc31cc19d3f556f482cb7b1b3eb18f1cf964c7;edcb750c5346456bec6975303bdcea05c1d4dd9cfb55a525680b265426ea4fe6;2026-09-23T00:53:28.118606+00:00;false
LOC-0148;LOC-0054;CAR;2026-08-17T07:00:00+03:00;OK;1245;21;7361;LOCAL_VALHALLA_MATRIX;9c3a098d787ccb7c0f1576726ece1b09c984aee205bf754a79449cc717ecd3f6;7789093c61fef4741ae2cb1c52164db7d375e3657c76f1ab355d7dde29da1318;2026-09-23T00:53:28.118606+00:00;false
LOC-0148;LOC-0064;CAR;2026-08-17T07:00:00+03:00;OK;958;16;5891;LOCAL_VALHALLA_MATRIX;a37acb75f824d75cc4001b583009cc4db8aa4a0a55cb9557fab2316b8ae147ee;713e294dcbc021a95b044ace4699c2b37f284a1b66b1ed012bba49c6a14e5fce;2026-09-23T00:53:28.118606+00:00;false
LOC-0148;LOC-0075;CAR;2026-08-17T07:00:00+03:00;OK;79;2;213;LOCAL_VALHALLA_MATRIX;d2af793f01a8eb115e1d3e5021c78085283d622cda7c1f07621b9362ea09bcff;b648a4251d4a9d17363668f3ee19f94bf0e8e15e97e3c76b09c1c9cb9ec6ff78;2026-09-23T00:53:28.118606+00:00;false
LOC-0148;LOC-0076;CAR;2026-08-17T07:00:00+03:00;OK;1179;20;7251;LOCAL_VALHALLA_MATRIX;1e7e8ffccedf80745386966b3b464c850ce938c2d77e0f39a9304f2ae75c8ce6;d423fbbd04eb4fa7da93a5db01b0855ef9e25859f9ecabc0a6328d480e499022;2026-09-23T00:53:28.118606+00:00;false
LOC-0148;LOC-0080;CAR;2026-08-17T07:00:00+03:00;OK;262;5;1118;LOCAL_VALHALLA_MATRIX;5901151704584b6e6aded6180bc14847137f921a41b27f912c13dfaecdccaade;19f8656fafc4bdbee8705fa7f5b5e15e14091e084e0426995b5b37a6493c552d;2026-09-23T00:53:28.118606+00:00;false
LOC-0148;LOC-0082;CAR;2026-08-17T07:00:00+03:00;OK;951;16;5921;LOCAL_VALHALLA_MATRIX;84e22fbfcea13e37f435e7e4c1be9d3cc1aaec8ee7dc4c1e6387623ecd9a6eca;6ea7adf0e38240e1e557dbb07b7bdd788d5f660c88f6fc71fb44b422853661e8;2026-09-23T00:53:28.118606+00:00;false
LOC-0148;LOC-0085;CAR;2026-08-17T07:00:00+03:00;OK;1672;28;10876;LOCAL_VALHALLA_MATRIX;a9618adaba3749e3e81edbb78896f23422615c785473890dd691cd985da37824;862d217b484c6d815099a106604e0b839b82f669b58f6327596da74fbbb7ad7d;2026-09-23T00:53:28.118606+00:00;false
LOC-0148;LOC-0086;CAR;2026-08-17T07:00:00+03:00;OK;1674;28;10877;LOCAL_VALHALLA_MATRIX;9c497407bbb32538ecbef591a50bb3501936efeaa99164be6c10e45879c187d7;5ac74bac271f8f9b526db2c6c671be0a94b2e40ad69c526c40042aaee506ce5f;2026-09-23T00:53:28.118606+00:00;false
LOC-0148;LOC-0091;CAR;2026-08-17T07:00:00+03:00;OK;1053;18;6628;LOCAL_VALHALLA_MATRIX;f21f0f7207c0cce079e0194aac0b772de4205cf3c8d79c9d58c3ddd15d02c249;7a3a4797298f571b575d9c80de6707cca7d51e17bda0191765aaad1ece518f9d;2026-09-23T00:53:28.118606+00:00;false
LOC-0148;LOC-0092;CAR;2026-08-17T07:00:00+03:00;OK;978;17;5784;LOCAL_VALHALLA_MATRIX;4830ceeb43bae5630d8dfd587ad70c806074ef768de54d7fd07c94311f8a1d34;4b3c6a6df2feca2f8d78388dfcd753055d6b2996165458ece86a10754faad4c1;2026-09-23T00:53:28.118606+00:00;false
LOC-0148;LOC-0094;CAR;2026-08-17T07:00:00+03:00;OK;1787;30;11480;LOCAL_VALHALLA_MATRIX;d66e320d2cc2a3b1ea7a410d9a5a3574b15bb7279c70b8adaa5905887f8a3f9f;5ad118033bd7b5302170f7f683a37215ae887f4f15bf8e6596c51916cbdd173c;2026-09-23T00:53:28.118606+00:00;false
LOC-0148;LOC-0095;CAR;2026-08-17T07:00:00+03:00;OK;1897;32;12195;LOCAL_VALHALLA_MATRIX;011f1f7ec0c6b47ff669c26aa08bd4086058bdb27399c59ef72d1a7fd2daf4f7;2e5836bf82f3ec77ddc117823af54f6125bdbbb6e766b0f3a218d4ac21e4e0f2;2026-09-23T00:53:28.118606+00:00;false
LOC-0148;LOC-0112;CAR;2026-08-17T07:00:00+03:00;OK;697;12;3958;LOCAL_VALHALLA_MATRIX;0dd2368b10ba62d784aff09a5dc2e540a6fa2d59f8b4fa1ff573641d6ea1449f;16dcef4be0565a3929ce341d4e59ab4f0718b801f1d01dc3c66f1d9258096728;2026-09-23T00:53:28.118606+00:00;false
LOC-0148;LOC-0124;CAR;2026-08-17T07:00:00+03:00;OK;1397;24;8464;LOCAL_VALHALLA_MATRIX;f39470d971b99d0abe95cfe53ff6149607f45222e9a6a98c9c1d1ed9bbf5fcc9;e7daedbebe925bb229b2e47c237e9b9f8fdd3a6bf835b951bc9b5ae83c2be430;2026-09-23T00:53:28.118606+00:00;false
LOC-0148;LOC-0126;CAR;2026-08-17T07:00:00+03:00;OK;571;10;3151;LOCAL_VALHALLA_MATRIX;3180fed54f22a3b967189c2fcb3e8baee345f4f8fc373f80ee8f9b6e7f2261e2;6c88d8aac67de87b06b34b63894fa8d0cbad8aa5cb6713a6df66b995713a45d7;2026-09-23T00:53:28.118606+00:00;false
LOC-0148;LOC-0128;CAR;2026-08-17T07:00:00+03:00;OK;1439;24;8655;LOCAL_VALHALLA_MATRIX;83b02071ceee8d155ff2613e21187166268bc23f75ac433ce2b63f5f0c649571;012ee891a8468e1c004581fb159a139a3c8b278b85f8fc21d3501850e094c7a2;2026-09-23T00:53:28.118606+00:00;false
LOC-0148;LOC-0134;CAR;2026-08-17T07:00:00+03:00;OK;1598;27;9562;LOCAL_VALHALLA_MATRIX;d91ff9dea7e00befc5033d168b723f52ea2de34f68f77b99ee2c6ce88b481d4c;796b4231adaef09d581a2912aa0e97007316a91d4e6ace732122c229d6157110;2026-09-23T00:53:28.118606+00:00;false
LOC-0148;LOC-0135;CAR;2026-08-17T07:00:00+03:00;OK;1631;28;9546;LOCAL_VALHALLA_MATRIX;8e0356ef191d5256be461ad5e803b9d6e6dd622e6315f3c49dde412c947c6f18;08d55eaa506c243689eb9f39cb3c447be59faf1d2c92a7359b5173f69a483d63;2026-09-23T00:53:28.118606+00:00;false
LOC-0148;LOC-0136;CAR;2026-08-17T07:00:00+03:00;OK;1624;28;10701;LOCAL_VALHALLA_MATRIX;ac769973551d37bb9b8112a0227884443fdf7e4766677391079678de0c369908;c97981dd8aca46eb92afd1dcc248d41b366ce2540f6de0de2621e17dbc46e689;2026-09-23T00:53:28.118606+00:00;false
LOC-0148;LOC-0141;CAR;2026-08-17T07:00:00+03:00;OK;1153;20;6709;LOCAL_VALHALLA_MATRIX;d624b877262e84f13773288aad3e130942e302b3a3adb24851925c377a2594d9;acd11e831f7ac29610b7038d0866cffc801cc89f56d847e49599e6dbe529a4a1;2026-09-23T00:53:28.118606+00:00;false
LOC-0148;LOC-0142;CAR;2026-08-17T07:00:00+03:00;OK;1257;21;6955;LOCAL_VALHALLA_MATRIX;ea11aeb624069171f7492046f5cf1c9d43453ebc2b918c9c1a6bbb788f80dbfa;c0092837ae9c1741686c42ae8a637388536131116e366d9f98f64153e58bf42a;2026-09-23T00:53:28.118606+00:00;false
LOC-0148;LOC-0145;CAR;2026-08-17T07:00:00+03:00;OK;933;16;5898;LOCAL_VALHALLA_MATRIX;fad2d7cc1a3e48093abd909a4447260d7574cc509b4a761d4b36094d0b485fad;1ac54c3804446aecef2620503e300c037ef368243b79f69389152f74f3c4aa44;2026-09-23T00:53:28.118606+00:00;false
LOC-0148;LOC-0148;CAR;2026-08-17T07:00:00+03:00;OK;0;0;0;LOCAL_VALHALLA_MATRIX;200a4740187c11bac06d3671f18ef99758a5c7c1206f1bc818e38be1a77ed61e;3d5812abc84c11768aa73a732c85d75dbed439188f5bb3239e9b762ea31d9862;2026-09-23T00:53:28.118606+00:00;false
LOC-0148;LOC-0149;CAR;2026-08-17T07:00:00+03:00;OK;123;3;455;LOCAL_VALHALLA_MATRIX;144e06e6e163d0831bc11ce46feaf4c142443376714d82aac9797478dfc559f0;c0b2c108c8e248c2908a84e55ff8e6ed51e920ffefe8fbfa781654f5b3c0c112;2026-09-23T00:53:28.118606+00:00;false
LOC-0148;LOC-0150;CAR;2026-08-17T07:00:00+03:00;OK;153;3;646;LOCAL_VALHALLA_MATRIX;91bb56dc2ba790e6623f05266cb7af0e2922b963e29aed35885b3449f17264de;f11e94bc995e8a431f4c458f1cd8704e6fca70e69db502f70df7749dcc86bad6;2026-09-23T00:53:28.118606+00:00;false
LOC-0148;LOC-0151;CAR;2026-08-17T07:00:00+03:00;OK;147;3;551;LOCAL_VALHALLA_MATRIX;39f88ae8f8ba6e7dfd48130bd4d2a898c1429d8326d0321f50e4ed19f6c18216;36d1d220533767e7c6b85b46d108cdd2629730bb16e3aa01a471b33a45c64e89;2026-09-23T00:53:28.118606+00:00;false
LOC-0148;LOC-0190;CAR;2026-08-17T07:00:00+03:00;OK;921;16;5358;LOCAL_VALHALLA_MATRIX;05f9b568caf032cb9d30e962b505c25426ba8ffa605fd9e6d75023076c6865a5;db8cca797d744b54dc9698932b2ac5e337a06f15808b3d41d978b5f3e91e8f22;2026-09-23T00:53:28.118606+00:00;false
LOC-0148;LOC-0196;CAR;2026-08-17T07:00:00+03:00;OK;753;13;4275;LOCAL_VALHALLA_MATRIX;c633e725d709eb0d90b575e9d692448ed9842c790c769287641522a5e83b0dea;febada8661b05ab91f707dbcdc8a5eac828169fbd442b13f27183a60ff526455;2026-09-23T00:53:28.118606+00:00;false
LOC-0149;LOC-0002;CAR;2026-08-17T07:00:00+03:00;OK;1473;25;8837;LOCAL_VALHALLA_MATRIX;34d9eabe05fb78d5e6840d2798a8278161ac94ffbe655eb21f7e2d7013864787;36952f8a2cf144e5c85b8fe8642091b6059dd13467cad9229ef5b748f41e174c;2026-09-23T00:53:28.118606+00:00;false
LOC-0149;LOC-0008;CAR;2026-08-17T07:00:00+03:00;OK;1165;20;6750;LOCAL_VALHALLA_MATRIX;1ce64ec43fd42b77ca6da383e0aaf0d9a6422d519450bba0f70f97c3d0555d3c;efdd76ab5f79148709198d4160046519305e6be77b9af675eb32a0d1825e35f2;2026-09-23T00:53:28.118606+00:00;false
LOC-0149;LOC-0009;CAR;2026-08-17T07:00:00+03:00;OK;1581;27;9438;LOCAL_VALHALLA_MATRIX;192b7bd3ba39a9ecd3aee0929544571a67ddf2f9347e578b627ae046cc7b24bc;49832e5bcd7829e076098e4f857ac23c2ef0dc682172f9d4be1d29ab5c69fa33;2026-09-23T00:53:28.118606+00:00;false
LOC-0149;LOC-0010;CAR;2026-08-17T07:00:00+03:00;OK;1142;20;6660;LOCAL_VALHALLA_MATRIX;1814b2834965501424e296846a8c65a447787570a8ecb4aa57100e870de86aad;db2189f78ba23beb8c12b3ff115e8a8bdbee81af1d802fa8c9a85357f5aa1b0a;2026-09-23T00:53:28.118606+00:00;false
LOC-0149;LOC-0011;CAR;2026-08-17T07:00:00+03:00;OK;1079;18;6277;LOCAL_VALHALLA_MATRIX;eaaeabc9eb6fd7bad76e691da40919e6009e4dbe8d0feb21830f8927cdb14990;6c7f13c6ff7a58b34a345daa0c5fe703322e9afd16ab70aafe9cb13240361130;2026-09-23T00:53:28.118606+00:00;false
LOC-0149;LOC-0013;CAR;2026-08-17T07:00:00+03:00;OK;1611;27;9370;LOCAL_VALHALLA_MATRIX;337cf980a2d7eb8526e831b579ae25a5a85bdecd4c51bd0f81cfb782bda28b70;c7dd6e23f395e5930e7d692919e57dec965b57ec121eda49696b42dcf4f8c533;2026-09-23T00:53:28.118606+00:00;false
LOC-0149;LOC-0016;CAR;2026-08-17T07:00:00+03:00;OK;1198;20;7001;LOCAL_VALHALLA_MATRIX;30e1295481929b4d4f5a6ddba88cd943eab96e997878665d87478601f6829d6a;80eaddce821e32078ef63779face66612461da9297672518d455d2fc32134d92;2026-09-23T00:53:28.118606+00:00;false
LOC-0149;LOC-0018;CAR;2026-08-17T07:00:00+03:00;OK;387;7;1771;LOCAL_VALHALLA_MATRIX;c72a7aab943403540938c74a69f1e9cca53ceba4da974d7d7fa0fc4a663f520c;2c221c8641211cf8696f753fce97a608d8afe490425dc9f3efebef58fdac5b7b;2026-09-23T00:53:28.118606+00:00;false
LOC-0149;LOC-0019;CAR;2026-08-17T07:00:00+03:00;OK;1380;23;8557;LOCAL_VALHALLA_MATRIX;0cdd0b44e89c9b7b1a855795f967a8b0600f58aace3e8ea4d5be774d166a5c19;3b22f86657a8d23197e9acbbb8d754d662ebe6693e0fe9e054e2799313a463c2;2026-09-23T00:53:28.118606+00:00;false
LOC-0149;LOC-0020;CAR;2026-08-17T07:00:00+03:00;OK;1077;18;6758;LOCAL_VALHALLA_MATRIX;e16af95ef2c1b946b95d66ec0a75a49e7e9df29a75e0c1b979f9d6d271f58d51;a427eeeef61457f52392883b7f958f3310ce798ffa62c184d34a9a19d92114dc;2026-09-23T00:53:28.118606+00:00;false
LOC-0149;LOC-0027;CAR;2026-08-17T07:00:00+03:00;OK;307;6;1592;LOCAL_VALHALLA_MATRIX;516ab15162985ee97aeb7194a2dad9982eefafb36afc8386fce9ce53ee25e9fd;24a5b2c02ce8eda3038f7ebfc1031db5edf82172cb9788f25fb23e7f271fd206;2026-09-23T00:53:28.118606+00:00;false
LOC-0149;LOC-0028;CAR;2026-08-17T07:00:00+03:00;OK;1472;25;8643;LOCAL_VALHALLA_MATRIX;8cba4856bd5d409a039e1c3d28c72e4b2870cdb851ef88b080dc9baca774c532;6e59f351bd97738c3a6dfeb86497d5720eaa6679cc4a99a8116af1db329daa7d;2026-09-23T00:53:28.118606+00:00;false
LOC-0149;LOC-0029;CAR;2026-08-17T07:00:00+03:00;OK;1333;23;8200;LOCAL_VALHALLA_MATRIX;8e4b475b2d6cbdd4d371c9122d4366ad354b06e2c363c0cea25b7115297646f8;59031338d9c5d56777e8cc04eabc1ffcf9e6efb0f0dc35413610facacf83596b;2026-09-23T00:53:28.118606+00:00;false
LOC-0149;LOC-0037;CAR;2026-08-17T07:00:00+03:00;OK;1307;22;7748;LOCAL_VALHALLA_MATRIX;ca43a750bcdcd287f46482b632d4d6cc5d0d231001c8808b258d6f2bc9c556c3;32a785e8f631f39404520925c978ecd7f1713a43ed12b25826355697fc9f023a;2026-09-23T00:53:28.118606+00:00;false
LOC-0149;LOC-0045;CAR;2026-08-17T07:00:00+03:00;OK;667;12;4041;LOCAL_VALHALLA_MATRIX;13213791926e53c30e8986f0913bfb4abc674604202e038d0cb91f1c0105f64c;910c013e168759e6eadc944b1fe1e83910517089dbae50577726cd2a9e230062;2026-09-23T00:53:28.118606+00:00;false
LOC-0149;LOC-0053;CAR;2026-08-17T07:00:00+03:00;OK;967;17;5981;LOCAL_VALHALLA_MATRIX;4168abfd0a72fd824739859d4f70d6cbb00c3c40b3a409c2b04342233661e9e1;26153ab27e20b1c8898fbf5c1b501ce7ed227a9ed5bb0928a4bd12fd897c1c22;2026-09-23T00:53:28.118606+00:00;false
LOC-0149;LOC-0054;CAR;2026-08-17T07:00:00+03:00;OK;1187;20;6792;LOCAL_VALHALLA_MATRIX;1ec3d738326bc230382e48d2e1eb597880a98a57a7e5423a801b4bab7eea8d74;6c0a35e4307d6b5889922946457908ef44fc910b6d792c495aa0e5e941472617;2026-09-23T00:53:28.118606+00:00;false
LOC-0149;LOC-0064;CAR;2026-08-17T07:00:00+03:00;OK;918;16;5632;LOCAL_VALHALLA_MATRIX;ff652b23aae8f0ed4d12558f864e3fec731f09dd4a188b619789d7b74b25af7c;667a979049d78c33feb4d014ee48638e3f9664d7a6ad22f15ae7736c87ab71fe;2026-09-23T00:53:28.118606+00:00;false
LOC-0149;LOC-0075;CAR;2026-08-17T07:00:00+03:00;OK;188;4;723;LOCAL_VALHALLA_MATRIX;992349b84418b6946d8c5670bbf6ae00a660fada8183a2d697a008ebbf5454a6;709a1cc2745153659a620f3736fb021b9dfb1af4edc5aca4a392450e9fd9fbbf;2026-09-23T00:53:28.118606+00:00;false
LOC-0149;LOC-0076;CAR;2026-08-17T07:00:00+03:00;OK;1139;19;6992;LOCAL_VALHALLA_MATRIX;e4ca326a40f4dc903098adebe43c79313c73e61162c590bfe5170b85b8f9df84;834a2d477e00730ddcdcf37947165d33c27990012bc50cf3ee55848a3f7491a1;2026-09-23T00:53:28.118606+00:00;false
LOC-0149;LOC-0080;CAR;2026-08-17T07:00:00+03:00;OK;274;5;1161;LOCAL_VALHALLA_MATRIX;22ca876fbdc9d5ba0fb71085553b6bb0752f3d91e61c44e146ba85c4e86d5ac5;1319767dcc30626033f3efcf4720962a50171ad81e21bf525e8b999deccbc9d2;2026-09-23T00:53:28.118606+00:00;false
LOC-0149;LOC-0082;CAR;2026-08-17T07:00:00+03:00;OK;912;16;5662;LOCAL_VALHALLA_MATRIX;ba10a3e0fe206bae950e9b56d32509f4cc03bb47d307fd2dd6fab9008249c8cf;98f948f77d75073e54f0b052893f4149afce898041b75c4fadd1b54233bc9c22;2026-09-23T00:53:28.118606+00:00;false
LOC-0149;LOC-0085;CAR;2026-08-17T07:00:00+03:00;OK;1614;27;10306;LOCAL_VALHALLA_MATRIX;fbed4c3f5b8408032e38c44e870411f825d14e451ec4acebc453cc0eb86ea425;8ac5bfe819276aa73db0871e7bf94eb19352e12177be796c7b86b7664c720d3b;2026-09-23T00:53:28.118606+00:00;false
LOC-0149;LOC-0086;CAR;2026-08-17T07:00:00+03:00;OK;1617;27;10307;LOCAL_VALHALLA_MATRIX;64950f7164a198d2269fbb1d622163f15fc3c96ad3e36e4b3cd93e256ba09e92;3494a4881c8da07b97bda549787d1fa76496214fa749799eb6270a0ccb741b92;2026-09-23T00:53:28.118606+00:00;false
LOC-0149;LOC-0091;CAR;2026-08-17T07:00:00+03:00;OK;989;17;6059;LOCAL_VALHALLA_MATRIX;48e6695767afb3bdeb14ddae38c53b2f8c1f2c94cc934e9766c16c05018cc19a;f46302cbb925a723ae3fee58194deaf9e1f0737a7a6c789c82e28cd471f46265;2026-09-23T00:53:28.118606+00:00;false
LOC-0149;LOC-0092;CAR;2026-08-17T07:00:00+03:00;OK;914;16;5215;LOCAL_VALHALLA_MATRIX;883fa7287c4602a69c6281be9aa6a1c5a68bc657c1cd71f8d2b01e7480e63ad5;7555d83fa93dafa300ffcdb200942c80fa76106a96552b3238dcf5528b2d6e86;2026-09-23T00:53:28.118606+00:00;false
LOC-0149;LOC-0094;CAR;2026-08-17T07:00:00+03:00;OK;1745;30;10987;LOCAL_VALHALLA_MATRIX;6513b56255c47981053481daf90f35dccb2f211a06d00c53b2bee57f3964404a;6c5c9084d9b7d28848d4dc032be1b41efdbcb9e5763747d8ef8eb0c5c6dec0ee;2026-09-23T00:53:28.118606+00:00;false
LOC-0149;LOC-0095;CAR;2026-08-17T07:00:00+03:00;OK;1855;31;11702;LOCAL_VALHALLA_MATRIX;5eb859c44b9240bda5c0ef0b103958b159c23317e605ded778327224001928ea;551a9efd63d5c7014bbe7a707595e984861abee6fb65fce0652961bc49ccc530;2026-09-23T00:53:28.118606+00:00;false
LOC-0149;LOC-0112;CAR;2026-08-17T07:00:00+03:00;OK;634;11;3389;LOCAL_VALHALLA_MATRIX;d6436a4f18df7dcc0f935ff5716227570d4ebe22557702ef1ebb3584efc99902;462ca1d33f136af806dec9628de558e7541106be8bf9ff91f6e7bde652170b21;2026-09-23T00:53:28.118606+00:00;false
LOC-0149;LOC-0124;CAR;2026-08-17T07:00:00+03:00;OK;1458;25;8773;LOCAL_VALHALLA_MATRIX;39ffd0e8af4f384e61f08bb9185a9ca3ef70e94a605a92030520fe5309e0b345;b051defbea781f5a8bb7810a393f03cb14f3b40dd3f35830d44bfcf7547a4082;2026-09-23T00:53:28.118606+00:00;false
LOC-0149;LOC-0126;CAR;2026-08-17T07:00:00+03:00;OK;513;9;2582;LOCAL_VALHALLA_MATRIX;998f900196c07bc740d0cee378dcd15332eea0419c3a9b3114814bc4504622d6;0d893830ec5b78210f059a761f946b125bfc795de88fda1b55efba138f387841;2026-09-23T00:53:28.118606+00:00;false
LOC-0149;LOC-0128;CAR;2026-08-17T07:00:00+03:00;OK;1382;24;8087;LOCAL_VALHALLA_MATRIX;766eaeb67a77cf39383d64b3c00bc1b724c19089ff35f9933290280a8a240687;a6000b12b4bbb47196b1d037b382954d95416362fc2aeeb35bad05cb5a9b200c;2026-09-23T00:53:28.118606+00:00;false
LOC-0149;LOC-0134;CAR;2026-08-17T07:00:00+03:00;OK;1541;26;8992;LOCAL_VALHALLA_MATRIX;75818a40a5f7ecffaad01e5cd52b0f7b96f32ddb47132762f29dbf53acaed530;ee4898d87f8ea1866c59ef5218a7d92cfd3d935789ac6ff6a55cce2f4abd2e86;2026-09-23T00:53:28.118606+00:00;false
LOC-0149;LOC-0135;CAR;2026-08-17T07:00:00+03:00;OK;1574;27;8976;LOCAL_VALHALLA_MATRIX;c97c53f61aa39f5378a9e2f0df10664140ebb37e1c9fe4e46f88de809b3465f7;cd1c4c525765d868388b3df5b007e6525a7ae431ebda94c0ff52377cf4bbd669;2026-09-23T00:53:28.118606+00:00;false
LOC-0149;LOC-0136;CAR;2026-08-17T07:00:00+03:00;OK;1566;27;10131;LOCAL_VALHALLA_MATRIX;683ecca5f193555fa3e2e5f3f78a5e97a09368a166b976182ede6f3673355847;ebbd265040f7002a1c2e28bf30734ad1e82843f3c8b314704fbcbc15209fc9ba;2026-09-23T00:53:28.118606+00:00;false
LOC-0149;LOC-0141;CAR;2026-08-17T07:00:00+03:00;OK;1215;21;7018;LOCAL_VALHALLA_MATRIX;fc8844cea957817ad035166c3eb540b65b64bc48c5f8a22b8361446f095fcdc0;76ba6e6ab606090e889faf50919fa81262b084f66ffe1f5c3dc1395360e9107b;2026-09-23T00:53:28.118606+00:00;false
LOC-0149;LOC-0142;CAR;2026-08-17T07:00:00+03:00;OK;1318;22;7264;LOCAL_VALHALLA_MATRIX;894bb347f296d5f3c0beec347fa24f84649ee9ff89fa22ca36017d4290dce93a;a855f34cc37b374e3811e318def1a53ac74d87365245f4c92c1653b936001f9f;2026-09-23T00:53:28.118606+00:00;false
LOC-0149;LOC-0145;CAR;2026-08-17T07:00:00+03:00;OK;869;15;5329;LOCAL_VALHALLA_MATRIX;6a041b47a12553d3f6af2515e45bd7905b94034738761b319e0448fa5157db42;7152fd70a3dc9a2530ee5e34369920a72b2f66d9ceb59aaea4e39280af6f36a0;2026-09-23T00:53:28.118606+00:00;false
LOC-0149;LOC-0148;CAR;2026-08-17T07:00:00+03:00;OK;118;2;455;LOCAL_VALHALLA_MATRIX;7c51eb024c3089eaf594cdada2601cb0afb093ee37aa03c4e10332ad65da4a2e;cdb5849db33f151240ca917694ac2ae41ec255355d174bde31f7cdbb6fc35777;2026-09-23T00:53:28.118606+00:00;false
LOC-0149;LOC-0149;CAR;2026-08-17T07:00:00+03:00;OK;0;0;0;LOCAL_VALHALLA_MATRIX;07f856c5a05ef2ed7b5b63dda4477126394412d4c3efe6f5616d71a949bec58d;3d5812abc84c11768aa73a732c85d75dbed439188f5bb3239e9b762ea31d9862;2026-09-23T00:53:28.118606+00:00;false
LOC-0149;LOC-0150;CAR;2026-08-17T07:00:00+03:00;OK;172;3;447;LOCAL_VALHALLA_MATRIX;83d4f564e5f5ae6b3bd95457ab149a9547756c2eee6df73b3a2fb728dfca5f44;7e29a06247e5770ac9a714e360d8e0516b7c88ae9cb6e4f5d1e1771d273c186d;2026-09-23T00:53:28.118606+00:00;false
LOC-0149;LOC-0151;CAR;2026-08-17T07:00:00+03:00;OK;208;4;860;LOCAL_VALHALLA_MATRIX;119dd04fc5f5b5377d75c9c17afe3b92e541560cd9da2da6195e55f65ffca106;92a4fb0d94508dd5f72cd4ef3682cd93d48bbe9bd719d3dc15919ef4e2a9fd2a;2026-09-23T00:53:28.118606+00:00;false
LOC-0149;LOC-0190;CAR;2026-08-17T07:00:00+03:00;OK;864;15;4789;LOCAL_VALHALLA_MATRIX;97cd73231aca541cd14da8ee0818a3a02da67c87fa6c754b7d69f6036968c924;5b40879a2d0249ff8b9a2d76c2d10c57f9bb1033a69451b50802a28171f3e28a;2026-09-23T00:53:28.118606+00:00;false
LOC-0149;LOC-0196;CAR;2026-08-17T07:00:00+03:00;OK;814;14;4584;LOCAL_VALHALLA_MATRIX;79a0cd53601ea373282f984f4184e13926fdb0491fe1968a26159271993143dd;0788f0ce36d15c2f5910006d177a289bf807ca53c4b01646bc914d586ec45f4f;2026-09-23T00:53:28.118606+00:00;false
LOC-0150;LOC-0002;CAR;2026-08-17T07:00:00+03:00;OK;1456;25;8757;LOCAL_VALHALLA_MATRIX;4776eb0a99bc62139ccdb8bcc9e20ccadd4782af30b895d96aec4704e0fa993e;b7b36579e91e992f885a8bc60907aaf12ae1ffdb1d7e6c21f5418587a686c5e6;2026-09-23T00:53:28.118606+00:00;false
LOC-0150;LOC-0008;CAR;2026-08-17T07:00:00+03:00;OK;1148;20;6670;LOCAL_VALHALLA_MATRIX;537305cf13639bcf087eface22f9b10533acfa714c0a15b5252136b8ef009c59;960edfe466fab7c872d43335551e00aa2ea41d3434a9cc216c87597bc94c5776;2026-09-23T00:53:28.118606+00:00;false
LOC-0150;LOC-0009;CAR;2026-08-17T07:00:00+03:00;OK;1578;27;9615;LOCAL_VALHALLA_MATRIX;a3584c737bce5266fe7b35669e20b909035b14e6f06feaf5fc5084dee781785d;a7e09dd46f11ff5ff6a8db570410dae26d8fcad8b59dd008c4e24bec483c1c0b;2026-09-23T00:53:28.118606+00:00;false
LOC-0150;LOC-0010;CAR;2026-08-17T07:00:00+03:00;OK;1131;19;6580;LOCAL_VALHALLA_MATRIX;bfdf4449459c0ffd5c86b2409acedfb4b76344f1d6e7b62d8d2f241e47531368;12ac34f2c0fb7bef80d2bc1adf298ab7d27ff62bea29a735cc7cd42ee7d34046;2026-09-23T00:53:28.118606+00:00;false
LOC-0150;LOC-0011;CAR;2026-08-17T07:00:00+03:00;OK;1062;18;6197;LOCAL_VALHALLA_MATRIX;7a00eca3606828005be7d99035a61423c4a48fce37efd12357993cdbd5db494d;477f4f6f51681cb3721237f2ad153316259b0f70e46143ebccf58cfa13b8f9a2;2026-09-23T00:53:28.118606+00:00;false
LOC-0150;LOC-0013;CAR;2026-08-17T07:00:00+03:00;OK;1594;27;9291;LOCAL_VALHALLA_MATRIX;9bf558830e22b3ea02ef9787b94733f125b2996b5c53510657cc704dcdd85cf7;1b72869c67a5d45047f04c5a852411a3d7f32ed855dd73ec0cfbd4ae6043aa5b;2026-09-23T00:53:28.118606+00:00;false
LOC-0150;LOC-0016;CAR;2026-08-17T07:00:00+03:00;OK;1170;20;6820;LOCAL_VALHALLA_MATRIX;71a2abdb4c4906b78af889b621fa157caa9525118c9c97175604aeea0d3d242b;910457dd7423252eb4ab26be2f39e9b59236f3d30ffd3d9c79acf919c057471f;2026-09-23T00:53:28.118606+00:00;false
LOC-0150;LOC-0018;CAR;2026-08-17T07:00:00+03:00;OK;417;7;1962;LOCAL_VALHALLA_MATRIX;6f1bd517e4ac81cd1af8e2a26c332105605144bb3cc6bac42f06c649365f7446;70d1b1a2a5f5967c3583febc254cf5b1fab04139cccc8b5ce581b0574174cf17;2026-09-23T00:53:28.118606+00:00;false
LOC-0150;LOC-0019;CAR;2026-08-17T07:00:00+03:00;OK;1369;23;8477;LOCAL_VALHALLA_MATRIX;f600d3ce06ca93f9e900365e339b8948be3dccbb7facb659c1e28a959bcceb72;4faa652a692c88f3477f4b129b47e47190a3eff2fb77b0083dc67230e9415fc6;2026-09-23T00:53:28.118606+00:00;false
LOC-0150;LOC-0020;CAR;2026-08-17T07:00:00+03:00;OK;1066;18;6678;LOCAL_VALHALLA_MATRIX;091bc0012382353032b29c7f5107a61c111f007794072e7774672121957bcaa1;6ec4dd7bd94a63f763ffa0436b0fd83c4944e617329a7902369c20c99538d79e;2026-09-23T00:53:28.118606+00:00;false
LOC-0150;LOC-0027;CAR;2026-08-17T07:00:00+03:00;OK;278;5;1411;LOCAL_VALHALLA_MATRIX;661504d884fdac9d6faaa02cd373ac3b97f3d6a43210f3d46f614592c74da79c;85254db5d8f19d91f4334044b44ab0fa5eec538037a96a0ae83f42ddd026db6c;2026-09-23T00:53:28.118606+00:00;false
LOC-0150;LOC-0028;CAR;2026-08-17T07:00:00+03:00;OK;1443;25;8462;LOCAL_VALHALLA_MATRIX;2c89c1f535452b74230fedb25d66f6487cc14d1f9016839a6d583ceb87af3bcf;114759b333791310f67b11cb5c672de13d5088e0101afb5cd5ff6642f9aa8b70;2026-09-23T00:53:28.118606+00:00;false
LOC-0150;LOC-0029;CAR;2026-08-17T07:00:00+03:00;OK;1304;22;8019;LOCAL_VALHALLA_MATRIX;067e0ed62bc0dbdbb1abfe5e2b5d078f09790cbd1e0bb7e55ffa32ab1e89b082;32803974b3e85a8a300ffdad27f7e8523c1b53cf54d3568663bff4c0491e06cc;2026-09-23T00:53:28.118606+00:00;false
LOC-0150;LOC-0037;CAR;2026-08-17T07:00:00+03:00;OK;1290;22;7668;LOCAL_VALHALLA_MATRIX;360961c54006ade8816acfd8b9cc6e9aafee3b469e222606f98f2bacce2367fa;56b47dd86e0badbc7268133a551d437ccf35eb94af2bae0bbfa91185c5ecd115;2026-09-23T00:53:28.118606+00:00;false
LOC-0150;LOC-0045;CAR;2026-08-17T07:00:00+03:00;OK;638;11;3860;LOCAL_VALHALLA_MATRIX;b053ae53f3a652ff6fe338d3437b443d2b3b7bdd16aab102c572563f9377d9af;8caff35ff6f9f4c666bfa320e66d2aa8dff0bd38883b1cf90c31ab119c8fcebf;2026-09-23T00:53:28.118606+00:00;false
LOC-0150;LOC-0053;CAR;2026-08-17T07:00:00+03:00;OK;938;16;5800;LOCAL_VALHALLA_MATRIX;91764b6389d74d6042b1a529f15f3809892627aa6309cfa970d907ce53dac20c;95894dbf77b4d53002d0c93cb79abcf95a207151c3d2df8ae117ccd97a081e4b;2026-09-23T00:53:28.118606+00:00;false
LOC-0150;LOC-0054;CAR;2026-08-17T07:00:00+03:00;OK;1170;20;6712;LOCAL_VALHALLA_MATRIX;8590b2955aa1ff5df75a3def3e1078228ea303507a2e2325b6045453f65cc68a;d3e929e82164f2ce060de04315600cce3964a2833bffc264067a90b4b04010a0;2026-09-23T00:53:28.118606+00:00;false
LOC-0150;LOC-0064;CAR;2026-08-17T07:00:00+03:00;OK;890;15;5451;LOCAL_VALHALLA_MATRIX;678af2496ba0b89d45c7cc582a564bcb091ec2407409ac9fed1d812ba892b447;33e1c490e05fb97f0e9c0a74356ac90ec7493a06279e623e413880c7bf210c49;2026-09-23T00:53:28.118606+00:00;false
LOC-0150;LOC-0075;CAR;2026-08-17T07:00:00+03:00;OK;218;4;914;LOCAL_VALHALLA_MATRIX;64e6994bf9e364708772a3ea6270a649a1f116aa8cec2d0c5710691bfaa41560;6eeec35db1a45019d3202ef78a6e4fb56cc324caa15cd38e40005a1ec8385c0d;2026-09-23T00:53:28.118606+00:00;false
LOC-0150;LOC-0076;CAR;2026-08-17T07:00:00+03:00;OK;1110;19;6811;LOCAL_VALHALLA_MATRIX;0e6db00ac13fbe276764059f9f1a47fcff83343304e52ea3677a0a9aab48e084;bc7bf968759756c501df05721ee02197eac382fbe2d7bbe2e08abd3a5ab8cc9f;2026-09-23T00:53:28.118606+00:00;false
LOC-0150;LOC-0080;CAR;2026-08-17T07:00:00+03:00;OK;304;6;1352;LOCAL_VALHALLA_MATRIX;fd36f049cb56c2d1bd4d01857b2e97e4743474288493f083aee34dfa1a150efd;7bccda03a768abc4b941233b47e67f83b373c51fbce7055009a9bd0bb938fc82;2026-09-23T00:53:28.118606+00:00;false
LOC-0150;LOC-0082;CAR;2026-08-17T07:00:00+03:00;OK;883;15;5481;LOCAL_VALHALLA_MATRIX;fc435f50d2ba3328a302a7f170d4468ea009d38ec5e3d1de43ac88768b6cf00d;0394f33b29bdc4d621ccf52cbdff8afdde5a2a0a24c1cdddeb5af019a4614e44;2026-09-23T00:53:28.118606+00:00;false
LOC-0150;LOC-0085;CAR;2026-08-17T07:00:00+03:00;OK;1597;27;10227;LOCAL_VALHALLA_MATRIX;a0732dea6604585ebe53ab5653e5eec12d6c75537ef8591c39648c9a6648a3f9;fe9de3b262d29938aa57d65fe01bdfafd0743e27ed4785126ca1363374b5cd46;2026-09-23T00:53:28.118606+00:00;false
LOC-0150;LOC-0086;CAR;2026-08-17T07:00:00+03:00;OK;1600;27;10228;LOCAL_VALHALLA_MATRIX;f8f174420f4de58de993c0c732fd3fc75c60ee827d91fda69fb9815d3a823ee5;3cb0a2750c9882a80ecf7672ecb744ceb8bc3619cfec3baf66dc9167a1a600ea;2026-09-23T00:53:28.118606+00:00;false
LOC-0150;LOC-0091;CAR;2026-08-17T07:00:00+03:00;OK;978;17;5979;LOCAL_VALHALLA_MATRIX;6482417e807858ab4f7297e4f9ec7faf876330833d478d941e71ab2f4bb04a6d;7b293c9ccd73fc8d7712d32b84e4ceae2fdb7bc5ecafdc92f4b2478f27d4233b;2026-09-23T00:53:28.118606+00:00;false
LOC-0150;LOC-0092;CAR;2026-08-17T07:00:00+03:00;OK;903;16;5135;LOCAL_VALHALLA_MATRIX;f3ab08f7afe06836132c7722d12173c943af1843f56eabf94450b52867ac958d;1380e050fb1cfcc84d370762531031e016328fe738a8dbab2ae95a8fa3864d57;2026-09-23T00:53:28.118606+00:00;false
LOC-0150;LOC-0094;CAR;2026-08-17T07:00:00+03:00;OK;1728;29;10908;LOCAL_VALHALLA_MATRIX;86da007d0c24780fb552e31620b1b951d4a310b1ab2609480ae51dbb8c065ad6;188c8e105b35c18a3203e4d2441d5a46d8e221841b1957d697a1be91f253326e;2026-09-23T00:53:28.118606+00:00;false
LOC-0150;LOC-0095;CAR;2026-08-17T07:00:00+03:00;OK;1838;31;11623;LOCAL_VALHALLA_MATRIX;a5aace545d957ad4bacdc51d989c2fdbb89f16f9bc741141d72815e0dbce579e;7c51ed59ac5a0d2d9ed657309cabb718a8dcc61a75a54b0be31f56f877e07d9d;2026-09-23T00:53:28.118606+00:00;false
LOC-0150;LOC-0112;CAR;2026-08-17T07:00:00+03:00;OK;622;11;3309;LOCAL_VALHALLA_MATRIX;f71e79c6030fcf04b533bb4c4d823ef2f5159c5a56f1eb72ee1ecc4d8d42841e;902fb13bb50acbee73ef7b6029341b8945fd363df7e5b3f047f5203f52a27111;2026-09-23T00:53:28.118606+00:00;false
LOC-0150;LOC-0124;CAR;2026-08-17T07:00:00+03:00;OK;1456;25;8950;LOCAL_VALHALLA_MATRIX;5836e77c62fdd357c734e744126532b2a8eb01e138650424aabb97c6231bb6ee;be70e6093bb44fbc642618203cccb82a718ffd50aa3d5d665b51eac9cd565e9c;2026-09-23T00:53:28.118606+00:00;false
LOC-0150;LOC-0126;CAR;2026-08-17T07:00:00+03:00;OK;496;9;2502;LOCAL_VALHALLA_MATRIX;635e2b4fe5853ac7a1dc3a760b1f263b792f1ef559c0034f4a63a4225d7f608a;6a70b6692a94d4fca6c172f8f2180803e885ea8561ee05ba1ac94af64998ca40;2026-09-23T00:53:28.118606+00:00;false
LOC-0150;LOC-0128;CAR;2026-08-17T07:00:00+03:00;OK;1365;23;8007;LOCAL_VALHALLA_MATRIX;285d11818fe2ddf902f1af38dfe20bd5f375e5ee999f2666273c181debcf2211;386dfe2240604717f9aa38f29260bed799a214e2d70716fb9db1b31d003c3643;2026-09-23T00:53:28.118606+00:00;false
LOC-0150;LOC-0134;CAR;2026-08-17T07:00:00+03:00;OK;1523;26;8912;LOCAL_VALHALLA_MATRIX;acae60745160bcb942bfb3adfb1803e60e5e3707cb8487bf743d6de4bbf977d7;fe4c39e4d3808c7f3ac98f3d3bbc3f8e38303d0b50283e770a47bf5ed6d0d6eb;2026-09-23T00:53:28.118606+00:00;false
LOC-0150;LOC-0135;CAR;2026-08-17T07:00:00+03:00;OK;1556;26;8896;LOCAL_VALHALLA_MATRIX;8884fa1fbdfda74ef48e5cf04c99af29b51632f151ea5e8137b125575b4f3e8f;3d514411c8a2552072f2c74f603f4eabea25f99f915324169d874422ba2963a4;2026-09-23T00:53:28.118606+00:00;false
LOC-0150;LOC-0136;CAR;2026-08-17T07:00:00+03:00;OK;1549;26;10052;LOCAL_VALHALLA_MATRIX;f5df8eaed282b284993d3d60a3b1dc3b060980cb44fafc52c0b874a866ad18dd;318ed31be46077994267d3600baf7db459d03c101580bc5c67b0e434993cab1c;2026-09-23T00:53:28.118606+00:00;false
LOC-0150;LOC-0141;CAR;2026-08-17T07:00:00+03:00;OK;1212;21;7195;LOCAL_VALHALLA_MATRIX;d024ded50430fe9d6675efcf107de077ebbbba2722e835a3abfecce8eea5cc6d;1216566a0d40775d1e37df2f97d78c1edbab213e0717d585c38c0b9b37a22dcf;2026-09-23T00:53:28.118606+00:00;false
LOC-0150;LOC-0142;CAR;2026-08-17T07:00:00+03:00;OK;1316;22;7441;LOCAL_VALHALLA_MATRIX;6cf23e9ca56805f0fe0677c0458f88bc84d7979a31c9d2dc4f61a1615a69db37;0828f6c4d7f45c0272d7ea936f5144fcdc09d87a3d4d46d605f7987e3db264c4;2026-09-23T00:53:28.118606+00:00;false
LOC-0150;LOC-0145;CAR;2026-08-17T07:00:00+03:00;OK;858;15;5249;LOCAL_VALHALLA_MATRIX;7839f7d8a4d5fcac188c4ad7b81f189cd33160ea3d40a52910dc5b087168aadb;c7ced0344d45f9ed28edff0ea5a895022856762cd5e85dd18af2165b3a129b3b;2026-09-23T00:53:28.118606+00:00;false
LOC-0150;LOC-0148;CAR;2026-08-17T07:00:00+03:00;OK;147;3;646;LOCAL_VALHALLA_MATRIX;d53703e78b6aee2e6ccdfb970490cb13cd6a55a10d9ce046992ecba9e1078d56;75fccdfaad55dd8f62ea536328b31d1eb7c1fdcee42f2c19a73c4058f8795f6d;2026-09-23T00:53:28.118606+00:00;false
LOC-0150;LOC-0149;CAR;2026-08-17T07:00:00+03:00;OK;107;2;387;LOCAL_VALHALLA_MATRIX;ac4d65ca43a58719875fc40ba7d12d2d7fcd0a2a03247d1a31a8c8bba7f9315a;eb6bbeb7d273ce358fc93eedaf061ef5f6d3470cfbf466d22c821ba3d7ad585e;2026-09-23T00:53:28.118606+00:00;false
LOC-0150;LOC-0150;CAR;2026-08-17T07:00:00+03:00;OK;0;0;0;LOCAL_VALHALLA_MATRIX;55413d119c0eba366dde3cf5710ad44f3d4d6412c7c6318f2aa137a03dbe7aba;3d5812abc84c11768aa73a732c85d75dbed439188f5bb3239e9b762ea31d9862;2026-09-23T00:53:28.118606+00:00;false
LOC-0150;LOC-0151;CAR;2026-08-17T07:00:00+03:00;OK;238;4;1051;LOCAL_VALHALLA_MATRIX;1af4d8ba6c3c231fc9fa606dc942898e466a932ebabac0d899099c4c848dd31d;420bc4d0f594c98665f0bbf49a5358baf40c02f922d28907d2eddddeaf6849c6;2026-09-23T00:53:28.118606+00:00;false
LOC-0150;LOC-0190;CAR;2026-08-17T07:00:00+03:00;OK;847;15;4709;LOCAL_VALHALLA_MATRIX;9a6f27d2d29d58491c6d91803ee8032f81e419637aa0f838db84907c6cdb4709;84878aa6537c0ddcd4d756c277ffc92685283944179c0e9e2cc163c90bb59e11;2026-09-23T00:53:28.118606+00:00;false
LOC-0150;LOC-0196;CAR;2026-08-17T07:00:00+03:00;OK;844;15;4775;LOCAL_VALHALLA_MATRIX;c1d818b0734c429d2862351d3275dab4eabe95279651f26f7e0c228bd2c42665;183ae517a3ba1f76fbb7e7988359d5ba90f388ba296e46f8164743afba1476e2;2026-09-23T00:53:28.118606+00:00;false
LOC-0151;LOC-0002;CAR;2026-08-17T07:00:00+03:00;OK;1626;28;9887;LOCAL_VALHALLA_MATRIX;36119200b92ac3688999f623731e70148e5e8b2b301ff29b2bc6b1e8ee32bb61;f2a7a4a88700161e015012ca42638686f6713fd44cd3f6a52858532f08917029;2026-09-23T00:53:28.118606+00:00;false
LOC-0151;LOC-0008;CAR;2026-08-17T07:00:00+03:00;OK;1318;22;7799;LOCAL_VALHALLA_MATRIX;c5626fbe7296f3b32172c43b319252ed45b3b40466d6cce9566a07aa447b73c2;53b04c1d245747d9961afa92743bc1934c238df683f82622f87ef61bd32d6ff9;2026-09-23T00:53:28.118606+00:00;false
LOC-0151;LOC-0009;CAR;2026-08-17T07:00:00+03:00;OK;1463;25;8757;LOCAL_VALHALLA_MATRIX;bab69c3afd7f0a6ce88d81e21828289a71c4154cdc11c59444cb7c69960c6612;8643233ac174d2c2008e5865bf694486345bcb7ea865fb60be5c81a97ffe1681;2026-09-23T00:53:28.118606+00:00;false
LOC-0151;LOC-0010;CAR;2026-08-17T07:00:00+03:00;OK;1401;24;8898;LOCAL_VALHALLA_MATRIX;34dcbb8d23168ebb4daf9d86d2428ee664ceba4ac96d1fc4dcebf27a6ecf7a3b;b7286e1a3cd4e457dadcc7a15c79e673422423f6b98629728b64431537646ca0;2026-09-23T00:53:28.118606+00:00;false
LOC-0151;LOC-0011;CAR;2026-08-17T07:00:00+03:00;OK;1232;21;7326;LOCAL_VALHALLA_MATRIX;5f80ee7369dc12a868d9a9decc41bdcc408fc69d40e540dc46daaf4ec889f1e9;b321a2caeec372024a231d6fd05fd6af146cbc3bbffe146c1a5d5d89a33b669c;2026-09-23T00:53:28.118606+00:00;false
LOC-0151;LOC-0013;CAR;2026-08-17T07:00:00+03:00;OK;1748;30;10343;LOCAL_VALHALLA_MATRIX;674be1ea55b302e63a9e29221530aba69b8195eb4b29119a9de1e74e6dbc8aed;73de3f7c2f69855045dd770dfb51828ef1d5fc12e4b845b4b6e9c86732db9d00;2026-09-23T00:53:28.118606+00:00;false
LOC-0151;LOC-0016;CAR;2026-08-17T07:00:00+03:00;OK;1333;23;7740;LOCAL_VALHALLA_MATRIX;be377c19205a46b0e9f1f4cb81663458da38008ad3f47745b6d52fa3a3e7b754;3f408f7762ef3788a22f0eab02b080f6bac34d289034153570d577f1da2dd71c;2026-09-23T00:53:28.118606+00:00;false
LOC-0151;LOC-0018;CAR;2026-08-17T07:00:00+03:00;OK;270;5;1090;LOCAL_VALHALLA_MATRIX;21f794f092c39e45eb877e4b356ea80cb6e100b37f6d74f4dd2d9003244ec6b5;9e4ac8d003574d901ba782d2de01d47e15f1461b47156c6372e5c65859bfda31;2026-09-23T00:53:28.118606+00:00;false
LOC-0151;LOC-0019;CAR;2026-08-17T07:00:00+03:00;OK;1534;26;9829;LOCAL_VALHALLA_MATRIX;b4b2470f1d9b52e0c58cf8d5ee263f93f36dccd0fdc2fc57b613ca196f5ab9e7;981e2fadf0e62db1df99e9d7022482475f389ca3474688e0a6aa94161bd5057e;2026-09-23T00:53:28.118606+00:00;false
LOC-0151;LOC-0020;CAR;2026-08-17T07:00:00+03:00;OK;1231;21;8030;LOCAL_VALHALLA_MATRIX;a5ae88666290c589b6cc0286f47829cd52d4aa9d50404ab28bf0b9fc87fc876c;8f04f092d5a57ae5a6ec5ff27c68ca725ebedaa700e282e36a47ca84621cf97a;2026-09-23T00:53:28.118606+00:00;false
LOC-0151;LOC-0027;CAR;2026-08-17T07:00:00+03:00;OK;442;8;2331;LOCAL_VALHALLA_MATRIX;ecd76db51357e12606b6ba2e45ba79e4b0b111f7acece9db19265dd0affe4d8a;9b8e4c15dc48ad668e6d6f567bc17833ca909babda7fb4168179cb982734f02d;2026-09-23T00:53:28.118606+00:00;false
LOC-0151;LOC-0028;CAR;2026-08-17T07:00:00+03:00;OK;1607;27;9382;LOCAL_VALHALLA_MATRIX;4c1cb7a6284d0770d00beaa55988e2426a56583c2000eb792749c7bfa76baed2;21efd5408b881ba1e51f63f9a66af43a9c5866cae84b7b3de1115ff8e78024ca;2026-09-23T00:53:28.118606+00:00;false
LOC-0151;LOC-0029;CAR;2026-08-17T07:00:00+03:00;OK;1468;25;8939;LOCAL_VALHALLA_MATRIX;c03b2883681765d3f174902551949428f6d274f62348310fe0a25134169ffde0;67f0a903ab04628a89e6a8cf6b736e8b7d97e7afd16753ea68de9d357d70f9d5;2026-09-23T00:53:28.118606+00:00;false
LOC-0151;LOC-0037;CAR;2026-08-17T07:00:00+03:00;OK;1460;25;8797;LOCAL_VALHALLA_MATRIX;c295e561edca7165093af27bba7dc98c1f5b566ddae201ffe1ba571a046ee742;72c2dab52e40d9d49bd03c4bbcc7aea742aac641e2e33d9dadc32b3e3d401b34;2026-09-23T00:53:28.118606+00:00;false
LOC-0151;LOC-0045;CAR;2026-08-17T07:00:00+03:00;OK;708;12;4259;LOCAL_VALHALLA_MATRIX;48bb9fcd5b5973e526511e88fc31adabd2d7be497e62761470f8d40bbce1bcc2;6752d6fafe37859e64ff799ef45719b5f245f3c2b2f69b9ce440a395be3a269b;2026-09-23T00:53:28.118606+00:00;false
LOC-0151;LOC-0053;CAR;2026-08-17T07:00:00+03:00;OK;1102;19;6720;LOCAL_VALHALLA_MATRIX;4109c954aca5911b781f1cba5270ab80d8232b157c90d6c9f8bf6563c58ae53f;8755c78ecd8faaf1810fbf25de555232fb8478a7bc122f321862f78504fa2077;2026-09-23T00:53:28.118606+00:00;false
LOC-0151;LOC-0054;CAR;2026-08-17T07:00:00+03:00;OK;1340;23;7841;LOCAL_VALHALLA_MATRIX;e8442d7fd47a27adf44a39c9ce5555f07966b83919d462e3eadf57df74e481da;9717f1e39b7bb42e427e90ca0cdcf8301d352346b44a879414f1941af9929425;2026-09-23T00:53:28.118606+00:00;false
LOC-0151;LOC-0064;CAR;2026-08-17T07:00:00+03:00;OK;1011;17;6204;LOCAL_VALHALLA_MATRIX;5e07491a853b28e0643db5d99a30250fa39ea5c0aec237bc0dca41628591a87f;3a61b44711d9dce1b68fa11d6795dbfd3aecc8adfc5b93ffbd60973d80d0ad0b;2026-09-23T00:53:28.118606+00:00;false
LOC-0151;LOC-0075;CAR;2026-08-17T07:00:00+03:00;OK;238;4;839;LOCAL_VALHALLA_MATRIX;25d0c6a865576b7ed27cad3cd04a0fbebf980252f91a108bc14e3b5d112a3fdb;48ad2cf7899c0d43e515a74bcd391efc6248b1ae1c464711c3badb3f15241cce;2026-09-23T00:53:28.118606+00:00;false
LOC-0151;LOC-0076;CAR;2026-08-17T07:00:00+03:00;OK;1274;22;7731;LOCAL_VALHALLA_MATRIX;be65e5107139cc43b8661a3d79994638a3477e5617c0f7b276d1f2774d3563e2;a48602f054f1f346dc7bb2a6bda0b14338c61ecd2e6768968faf785967ee7978;2026-09-23T00:53:28.118606+00:00;false
LOC-0151;LOC-0080;CAR;2026-08-17T07:00:00+03:00;OK;357;6;1598;LOCAL_VALHALLA_MATRIX;a8cfec9e643578b364b723f2b140e71f17c6974242120c255173fb2547d5a00f;8054c132b2f6281d8cd6fba7579980629f98e3e4ce9b393207df3a1bc7e124aa;2026-09-23T00:53:28.118606+00:00;false
LOC-0151;LOC-0082;CAR;2026-08-17T07:00:00+03:00;OK;1004;17;6234;LOCAL_VALHALLA_MATRIX;1166ec2b09328cfde92d24d723a891d89867fb711a1fbec19c9326ccb151fc16;641c6b2671650f8ca3616278e702c4aab619b962aeb474c1761f167f347fdbc5;2026-09-23T00:53:28.118606+00:00;false
LOC-0151;LOC-0085;CAR;2026-08-17T07:00:00+03:00;OK;1767;30;11356;LOCAL_VALHALLA_MATRIX;9dbec436f472b8e703b7b54e9ea1b6a36a9761d25873132fab50bfc4c97ce0ee;76faf5d2a60c839a72a157f66550a24e852893e469faaf3b536073b650f8ce54;2026-09-23T00:53:28.118606+00:00;false
LOC-0151;LOC-0086;CAR;2026-08-17T07:00:00+03:00;OK;1770;30;11357;LOCAL_VALHALLA_MATRIX;46793a8112ea95dc1d62ba1824ed0e8e2f6373fbc34f2f82000354ee10685c65;ee7fa7d78cc45bdee97bb82a9f476f480075433f0fc2beed1e04a67dda293a4a;2026-09-23T00:53:28.118606+00:00;false
LOC-0151;LOC-0091;CAR;2026-08-17T07:00:00+03:00;OK;1135;19;7331;LOCAL_VALHALLA_MATRIX;985e8e1b8dbad96c15579d89647b0433b7830294b379493d02e0bd77b085e254;05fd8419371dc0fc23540482a2a8004e6c224d9f318b269675cf79e306335c36;2026-09-23T00:53:28.118606+00:00;false
LOC-0151;LOC-0092;CAR;2026-08-17T07:00:00+03:00;OK;1073;18;6264;LOCAL_VALHALLA_MATRIX;9888f5ba8a568dacf4687e5589f772ffc2b49bb2cf22a12401c13dfa01687fd5;d504d8eb3575f443d28395e3ce56ce7a50ec554c625602369cc852655e867a69;2026-09-23T00:53:28.118606+00:00;false
LOC-0151;LOC-0094;CAR;2026-08-17T07:00:00+03:00;OK;1882;32;11960;LOCAL_VALHALLA_MATRIX;694379b83cb770987d3b20b638e26c6bd0e89df53c1c1a2566bff6c8f2d9250a;7378daff65caba37ed0271c16eb57a33163d3f55dd6cecb77310884d07cc00ac;2026-09-23T00:53:28.118606+00:00;false
LOC-0151;LOC-0095;CAR;2026-08-17T07:00:00+03:00;OK;1992;34;12675;LOCAL_VALHALLA_MATRIX;264fd3eb1196153fd5ec484968b22edbd56a9e509d3247c64fbeff3e7f01197e;2ae91740533f29ce47f955edc58ff1f714adc76fae92fad9188cb7ee8d41e357;2026-09-23T00:53:28.118606+00:00;false
LOC-0151;LOC-0112;CAR;2026-08-17T07:00:00+03:00;OK;793;14;4438;LOCAL_VALHALLA_MATRIX;8dc176c93ca7d4066ca75b0200eea1194d126e30549d74358eac4911b25de875;6fe984745ced87ea983f7412aaaa8736f029d4434d73f3b8bec3f4b9fa00ec3a;2026-09-23T00:53:28.118606+00:00;false
LOC-0151;LOC-0124;CAR;2026-08-17T07:00:00+03:00;OK;1341;23;8092;LOCAL_VALHALLA_MATRIX;a3c2638b3a243e095beeec738da7b20d5b0f5f159d5585f485afa8f50caa43af;00211ce220d9d8276f1690046ca49c73dbce6266866e57749405cb480f58fd38;2026-09-23T00:53:28.118606+00:00;false
LOC-0151;LOC-0126;CAR;2026-08-17T07:00:00+03:00;OK;666;12;3631;LOCAL_VALHALLA_MATRIX;1fa048de25ff16928975a72838bf33b7b8d036861295601c7e2c9590d5da0d41;723f126921df8a676981e843f6d99226a16c716421dd23d45c81bdbae8f30211;2026-09-23T00:53:28.118606+00:00;false
LOC-0151;LOC-0128;CAR;2026-08-17T07:00:00+03:00;OK;1534;26;9135;LOCAL_VALHALLA_MATRIX;e71fae819e774181888b08d1a16f0f994f49cd72f02223709218361b94866fe1;8a69460d35dcad5eef9772632413440eb355311f5a5d7b50f1c5330f657d233e;2026-09-23T00:53:28.118606+00:00;false
LOC-0151;LOC-0134;CAR;2026-08-17T07:00:00+03:00;OK;1694;29;10042;LOCAL_VALHALLA_MATRIX;c371c1c51e9f991e0a231edf3402a2b556be1172b13f237db4a95fc95ab899a9;238ebeee9110382562ed935bd830fbf580d84c5dd54bbdc7efdbe748cbb946c4;2026-09-23T00:53:28.118606+00:00;false
LOC-0151;LOC-0135;CAR;2026-08-17T07:00:00+03:00;OK;1711;29;9949;LOCAL_VALHALLA_MATRIX;10ac17ec5a985f172302289a1865ca3431dbabf8f004562f8d0a1c424d22fdda;51af27d3f44441ae2046c23a0cca7ce5689e3050a6c72cb662d72f21ee58e682;2026-09-23T00:53:28.118606+00:00;false
LOC-0151;LOC-0136;CAR;2026-08-17T07:00:00+03:00;OK;1703;29;11104;LOCAL_VALHALLA_MATRIX;a2b7b7017b4580d4d0a9719d6b6dddebc39bd07b030ecf6ce648f4043cfc6242;a47c3cc69805251903b1e216f905ad60f749c62de28531dc9acd8f0566d59cf5;2026-09-23T00:53:28.118606+00:00;false
LOC-0151;LOC-0141;CAR;2026-08-17T07:00:00+03:00;OK;1097;19;6337;LOCAL_VALHALLA_MATRIX;6f3c1bfb93f879c3cb93fcf6ffd9f3a60a62aa8a2ab09da65b232a238a1b61b1;bc8926e6ee82be88eeb8573521510f9774d39fad6031e20381588dde0b8750ca;2026-09-23T00:53:28.118606+00:00;false
LOC-0151;LOC-0142;CAR;2026-08-17T07:00:00+03:00;OK;1201;21;6583;LOCAL_VALHALLA_MATRIX;ce42f78e092fb731e10728193de4a962c28cdbc111966e4e639db145b7aac911;f6ff875d7091eb6d1e2f1a33580e0a0207174b967576856494941165315f2509;2026-09-23T00:53:28.118606+00:00;false
LOC-0151;LOC-0145;CAR;2026-08-17T07:00:00+03:00;OK;1022;18;6601;LOCAL_VALHALLA_MATRIX;33266c0a5f381fd42309244a1f679044e63358db0b97c2f43682fa42ab02ad1f;b6481421833dfab313db0a54d937fb27fb7df550c0145c3ca77c52177e09c1a8;2026-09-23T00:53:28.118606+00:00;false
LOC-0151;LOC-0148;CAR;2026-08-17T07:00:00+03:00;OK;158;3;626;LOCAL_VALHALLA_MATRIX;4ee61056497c7db9bdfca4450a560eb2ce0355bc729305bc5a6b96f76b0a77db;2b65729c586c24b0848dc7e3f58b073d570654a1653a3a241ec53e8083e719c2;2026-09-23T00:53:28.118606+00:00;false
LOC-0151;LOC-0149;CAR;2026-08-17T07:00:00+03:00;OK;218;4;935;LOCAL_VALHALLA_MATRIX;f342dbfdabe82edc3eb80c87a44dc5578335d55d4630541934549cbae103e939;49a54c36bb433ea27a5e60a916ceab8fa5ef95fb83a684233134041bc46954bc;2026-09-23T00:53:28.118606+00:00;false
LOC-0151;LOC-0150;CAR;2026-08-17T07:00:00+03:00;OK;249;5;1126;LOCAL_VALHALLA_MATRIX;4ed61101702529ad2f1af1daf3ab264a568265adee091683ec1ec492aff06d10;768748716573586b9208e919bcfdff4db22a8259286ec0434f3764e6db817677;2026-09-23T00:53:28.118606+00:00;false
LOC-0151;LOC-0151;CAR;2026-08-17T07:00:00+03:00;OK;0;0;0;LOCAL_VALHALLA_MATRIX;87040b9fdbdf89ff680309f77a61884ba60c83bca9d22ad830a93db8f0284f95;3d5812abc84c11768aa73a732c85d75dbed439188f5bb3239e9b762ea31d9862;2026-09-23T00:53:28.118606+00:00;false
LOC-0151;LOC-0190;CAR;2026-08-17T07:00:00+03:00;OK;1017;17;5838;LOCAL_VALHALLA_MATRIX;27df62734104e69913dfb905ea2089ff77af1a2cff3372b6225c88dcb4bb910d;5a1d28644b256204cbd610827062775d64ec5ebd56d92df3088d48ec26ee77ff;2026-09-23T00:53:28.118606+00:00;false
LOC-0151;LOC-0196;CAR;2026-08-17T07:00:00+03:00;OK;745;13;4057;LOCAL_VALHALLA_MATRIX;33f64e184a8f4913b9b1a261a66c7257baafa4c4c31923dea6d30332e8744163;e78b2f981fca75e3537b9a95d70291704b5854053453ea63bf13723b5e46624c;2026-09-23T00:53:28.118606+00:00;false
LOC-0190;LOC-0002;CAR;2026-08-17T07:00:00+03:00;OK;844;15;5651;LOCAL_VALHALLA_MATRIX;627c4222c7ccfd787056e90572b93d14bc097e5377c6655505724845a56ab630;08bd5c5cc0cbd92bf6dd77d922035a8d996b29ca8f73aefe7ecc2a28fc24f16b;2026-09-23T00:53:28.118606+00:00;false
LOC-0190;LOC-0008;CAR;2026-08-17T07:00:00+03:00;OK;514;9;2994;LOCAL_VALHALLA_MATRIX;78210878abb648b91dbe73ff3cd66c2e5c403056fe733c055edde90269a1e437;b0ee6f8e763890859d4fae7c1c5cc03b16c227fe410cb5c99308e8a24362ff73;2026-09-23T00:53:28.118606+00:00;false
LOC-0190;LOC-0009;CAR;2026-08-17T07:00:00+03:00;OK;2189;37;14844;LOCAL_VALHALLA_MATRIX;7e9a001e50302167a90a4251f11d68c7976b560ecd0bdbff22f9c189e0ecc4b3;3747354bca8e59f31ff6e5fbda727752b1353071a397ddc562c1fd9927d44f9c;2026-09-23T00:53:28.118606+00:00;false
LOC-0190;LOC-0010;CAR;2026-08-17T07:00:00+03:00;OK;552;10;3110;LOCAL_VALHALLA_MATRIX;57537ed3c8e301b9e681abd5445e6ce2e2e9f9097591cad837307cdb8e9f125c;101799273826b72bea16804760c8eeb1c656bd859026282948083f9ff2448a00;2026-09-23T00:53:28.118606+00:00;false
LOC-0190;LOC-0011;CAR;2026-08-17T07:00:00+03:00;OK;419;7;2353;LOCAL_VALHALLA_MATRIX;b37e6187f1898f3a05a2b70bd76af6ad33b881dabf8bdd5f5ac73880e438809d;04ca03ec53b5a6dc927f209a517d2b68fc2c674cb611ba10fc808f64c2a0b07d;2026-09-23T00:53:28.118606+00:00;false
LOC-0190;LOC-0013;CAR;2026-08-17T07:00:00+03:00;OK;1094;19;6888;LOCAL_VALHALLA_MATRIX;d5496cbffbbb64de01413ef688ce6afb7440ddbc362941a74c78ecab17f5bc72;ff2a83e9e776dadd4977b3ca9191da448d1747d9b51716c4fef8166ff9b37cba;2026-09-23T00:53:28.118606+00:00;false
LOC-0190;LOC-0016;CAR;2026-08-17T07:00:00+03:00;OK;1372;23;9281;LOCAL_VALHALLA_MATRIX;9752fa96229f22633f55eb8dea889cb95b01a8f83486b09432a3daf493b03945;a31bee4ddc16f60e5b4032968c7d26e497a3592f155f4017966ef4c78f853eaa;2026-09-23T00:53:28.118606+00:00;false
LOC-0190;LOC-0018;CAR;2026-08-17T07:00:00+03:00;OK;845;15;4949;LOCAL_VALHALLA_MATRIX;c376f49674d3b62b21a2adfad0f6aeb844eaec43197339bf3ae52fdc030ba581;3bae624114d1faddfa29c27f176d05a08c2d5c0ffdcd8c3bd27aed21e78dc630;2026-09-23T00:53:28.118606+00:00;false
LOC-0190;LOC-0019;CAR;2026-08-17T07:00:00+03:00;OK;638;11;3389;LOCAL_VALHALLA_MATRIX;a2734e9a2fc2bdd7ae669001fb166f8bd4b2463c0a9ceca1c29569f89abfba34;3535c94b010f33dbcc89f04f9203a6c2462b3c475826fa3ae8e315cd381df4f5;2026-09-23T00:53:28.118606+00:00;false
LOC-0190;LOC-0020;CAR;2026-08-17T07:00:00+03:00;OK;750;13;4545;LOCAL_VALHALLA_MATRIX;df1b5b20b909f0c1186694be76e391c5ca123bcabc267619638137e8a0a34a0b;1892bb416c207064d045aa704ab4bad13f53055d3925b4b5ded4f2845df76513;2026-09-23T00:53:28.118606+00:00;false
LOC-0190;LOC-0027;CAR;2026-08-17T07:00:00+03:00;OK;781;14;4396;LOCAL_VALHALLA_MATRIX;43c74eb924b62df850d7ea90fc32f72f180d5ab8422430136b330d7d126d8a72;f512f8a456d97c5c6f7491c696cd883ab177d3d09b2da430f8575599d76868d3;2026-09-23T00:53:28.118606+00:00;false
LOC-0190;LOC-0028;CAR;2026-08-17T07:00:00+03:00;OK;1404;24;8561;LOCAL_VALHALLA_MATRIX;333dac50398b4088d29ce3e691385abfb6a36589368b4ab2ce2fe64d8097014a;89f80e2088b91d9175db210971d9c7dbce6babb45a4b920edc5db8e8a6e00a66;2026-09-23T00:53:28.118606+00:00;false
LOC-0190;LOC-0029;CAR;2026-08-17T07:00:00+03:00;OK;1265;22;8118;LOCAL_VALHALLA_MATRIX;f443daa0e45a28712a90e908cf4c1a90a8cce9934d408a32ef0540cfd168e539;0dbde6f5438acd7fc76e9b617b61f74bc5e717de3485d8211e10d5a924d7a25e;2026-09-23T00:53:28.118606+00:00;false
LOC-0190;LOC-0037;CAR;2026-08-17T07:00:00+03:00;OK;656;11;3992;LOCAL_VALHALLA_MATRIX;8d7caa05853b5878c8bc014d52b50c0bd77e807cac6a624848c075b6932cbdd7;cf85c4a347c0c5269bb1f42452055955d8633b3c7e90fe18ad5d909b30f58387;2026-09-23T00:53:28.118606+00:00;false
LOC-0190;LOC-0045;CAR;2026-08-17T07:00:00+03:00;OK;1045;18;6472;LOCAL_VALHALLA_MATRIX;3c279a0fb5cb2e377b72a4e7751fe2f53215fc91d11f86596ff429df1088e021;79fe58331f5caa34c37b92eaf68749ce2d99a3e5190cfd84c6a43137276e1224;2026-09-23T00:53:28.118606+00:00;false
LOC-0190;LOC-0053;CAR;2026-08-17T07:00:00+03:00;OK;1290;22;9168;LOCAL_VALHALLA_MATRIX;2484d4746d705e8d177b55ac27c818b105969da726259b4a286844415d40054f;d1c085498a992e24be3cebd552184edbc16899abbfe8e71c01e2262ef02d49a9;2026-09-23T00:53:28.118606+00:00;false
LOC-0190;LOC-0054;CAR;2026-08-17T07:00:00+03:00;OK;536;9;3036;LOCAL_VALHALLA_MATRIX;2416ba90cc8ad1ea6c2422115197d2dc4741363ab2415d7dc8b30ee75f8ddf37;13cbb95aadd7b1a1ef7018534454a4c6eceb151f12b5cc74eee1aec56df38b54;2026-09-23T00:53:28.118606+00:00;false
LOC-0190;LOC-0064;CAR;2026-08-17T07:00:00+03:00;OK;1337;23;8937;LOCAL_VALHALLA_MATRIX;5c23e75a73a1f9cfa2912267901a7d1549b3f6180b7144f1831a012d5b5cde8e;52e65a83fa3e861dd26a161490cf60fa3303d9b0ebf2f0a78196adeda670e023;2026-09-23T00:53:28.118606+00:00;false
LOC-0190;LOC-0075;CAR;2026-08-17T07:00:00+03:00;OK;843;15;4825;LOCAL_VALHALLA_MATRIX;74a7c6b88070fc3c52fe5ca301d69b90a9e8b8846408c2e87f8d71e30f196fe5;65d6dabc14e20fdce2f92110aec4a694855276a53f165a5b46a41f28c07392ce;2026-09-23T00:53:28.118606+00:00;false
LOC-0190;LOC-0076;CAR;2026-08-17T07:00:00+03:00;OK;1297;22;9314;LOCAL_VALHALLA_MATRIX;f772b0b41bce726872525c0ead23ccd0aefae2be26481d21e79311095f7a3997;a2e78745e191cbadc803df28b378caa568dea2c473dec04830d6a860e81a4d51;2026-09-23T00:53:28.118606+00:00;false
LOC-0190;LOC-0080;CAR;2026-08-17T07:00:00+03:00;OK;645;11;3728;LOCAL_VALHALLA_MATRIX;e0a853f16f59181c71aef45a57b56d2e26e08748f4feb6249e80c986c402f7ff;07bbf41f3cdc85229c486ce087e1d0316958e0b81cca92ec68d78f84b1b0fc53;2026-09-23T00:53:28.118606+00:00;false
LOC-0190;LOC-0082;CAR;2026-08-17T07:00:00+03:00;OK;1331;23;8967;LOCAL_VALHALLA_MATRIX;e7c176e9a461a0545cfec1329080da8f834b8054cacec246b2a125f4cea61eb6;f68415122aa9be721910e4d34270ea6f6f08de2dd56a4c663e83fd10cf886590;2026-09-23T00:53:28.118606+00:00;false
LOC-0190;LOC-0085;CAR;2026-08-17T07:00:00+03:00;OK;963;17;6551;LOCAL_VALHALLA_MATRIX;b5555e5124f5fcc7a5eafb270c87e52003b78c973a7fcd40834d346564b96b2d;26d78c1cb4609f941b52d59b778aa40c7bd62a042d2f7c9843b1979cc6605e53;2026-09-23T00:53:28.118606+00:00;false
LOC-0190;LOC-0086;CAR;2026-08-17T07:00:00+03:00;OK;966;17;6552;LOCAL_VALHALLA_MATRIX;f78e1095828dbe2e6d682610673ea884239c77280003f8e997f2b812847d7ce0;ca9a6f4626c5cdb9043ee89f718aa85eaf316d62f15501b560b5d473b05414c8;2026-09-23T00:53:28.118606+00:00;false
LOC-0190;LOC-0091;CAR;2026-08-17T07:00:00+03:00;OK;475;8;2797;LOCAL_VALHALLA_MATRIX;8127c059ecb1d1d5d0859417a54e89584c10761673e488010012c099acb655cf;739468156ed1e826ef351de7fe72b6beac0292b4d7e946830b63edba9b1b1cd5;2026-09-23T00:53:28.118606+00:00;false
LOC-0190;LOC-0092;CAR;2026-08-17T07:00:00+03:00;OK;604;11;3544;LOCAL_VALHALLA_MATRIX;52e41cf5ba8131890c3eb0719d38d5ff83a8badcfc788f8d193f8314dccb0f52;2d52349a3e4dee0012fc90a52f0ca71daaf7aa98cb987f90ed060dda2f31c846;2026-09-23T00:53:28.118606+00:00;false
LOC-0190;LOC-0094;CAR;2026-08-17T07:00:00+03:00;OK;1094;19;7232;LOCAL_VALHALLA_MATRIX;6344a6221d3e15c5115eb44871ad8421968214923562c54596276a7526ea0458;8441011b22202beea3d4c8c5beda506408c47220c0a6c47e50c9edf39e6ca3e7;2026-09-23T00:53:28.118606+00:00;false
LOC-0190;LOC-0095;CAR;2026-08-17T07:00:00+03:00;OK;1204;21;7947;LOCAL_VALHALLA_MATRIX;eee6f4ea7805f2f2c6409c61836917441acfd023376dc8addb815961f372b5a3;f1d74f2f2b886d65965d8b7ffc76f163b24edcb97e49b72b6ee5f41f4cc3cda1;2026-09-23T00:53:28.118606+00:00;false
LOC-0190;LOC-0112;CAR;2026-08-17T07:00:00+03:00;OK;440;8;2464;LOCAL_VALHALLA_MATRIX;1cfb67650e70f714dcd42fc4aeb1c3aa25b68f6d5b66c49db0f6e66f27f9e51a;ce79a79e1bafc40b0d7c4f3f912ea8fdd9378940212d5dc09ccd3b70357603b8;2026-09-23T00:53:28.118606+00:00;false
LOC-0190;LOC-0124;CAR;2026-08-17T07:00:00+03:00;OK;1972;33;12353;LOCAL_VALHALLA_MATRIX;edfeef55a0ca4e090f30020db0633df4e64d5dfd5081978ec7e5a582bff92888;20b24cf349c6dbed567ef8751fab8c4247536dacbd8afbb9c80991ebd1cf6d93;2026-09-23T00:53:28.118606+00:00;false
LOC-0190;LOC-0126;CAR;2026-08-17T07:00:00+03:00;OK;367;7;1894;LOCAL_VALHALLA_MATRIX;d464605f524e1b9d28b1948ed66c5484b18c36a572831b013f04fe36b66e2db5;39a5b4d522cffa66f59217eaeefc8e1993d8b3dec183fa1720794f13fea32943;2026-09-23T00:53:28.118606+00:00;false
LOC-0190;LOC-0128;CAR;2026-08-17T07:00:00+03:00;OK;731;13;4331;LOCAL_VALHALLA_MATRIX;7b0c29e0aead14d338ca1fe993a61e0de7995f1de8a72d9be425b3859ef497a0;c0d626f26caccd5b6efd2892e16c51573624ca2dc6095990def7c413052236aa;2026-09-23T00:53:28.118606+00:00;false
LOC-0190;LOC-0134;CAR;2026-08-17T07:00:00+03:00;OK;866;15;5793;LOCAL_VALHALLA_MATRIX;db30abebf25886fa677a07363060f6b963d225208dba39322bfc3b4964d1cb98;a462d8d46d2f0a17272545a4d895547e6b1df838ed47a2634637a85d38120dea;2026-09-23T00:53:28.118606+00:00;false
LOC-0190;LOC-0135;CAR;2026-08-17T07:00:00+03:00;OK;965;17;6478;LOCAL_VALHALLA_MATRIX;c9ade632df52332fa760af479f66938dba5e5cd51b3349907ab64b5cc8de4763;291532dbc70519511c2f83b39c7797a7d94e3715cba93133784dd5e66a7818bc;2026-09-23T00:53:28.118606+00:00;false
LOC-0190;LOC-0136;CAR;2026-08-17T07:00:00+03:00;OK;915;16;6376;LOCAL_VALHALLA_MATRIX;19d7ad4c0df7330a5c04a9f4e7a71bf640ee8b321967a34155c1b0918f2e6d66;614220df0b7ec30ee70f01671a9d640f7181977d1870cf02382d51e8ed5354af;2026-09-23T00:53:28.118606+00:00;false
LOC-0190;LOC-0141;CAR;2026-08-17T07:00:00+03:00;OK;1679;28;10282;LOCAL_VALHALLA_MATRIX;83c71427117a16bed7034dd6fc367def0ca314173dbdff45f572a1f0419d6f4e;669bb10b5e275bcd7d3a3e1136d8a945720cd692eb66064d157f72d16a154363;2026-09-23T00:53:28.118606+00:00;false
LOC-0190;LOC-0142;CAR;2026-08-17T07:00:00+03:00;OK;1690;29;10082;LOCAL_VALHALLA_MATRIX;c12b30d96f2de21d10a26a2084e991a2cb3b16d679dc797fe362c9c92350130c;c9fa5433ed05fd36c6d83ffab02ffa8f7237866e5e7785727c2d38538e310547;2026-09-23T00:53:28.118606+00:00;false
LOC-0190;LOC-0145;CAR;2026-08-17T07:00:00+03:00;OK;691;12;4330;LOCAL_VALHALLA_MATRIX;eb1976a0274af427c98154bef54727c58b7dcffea6b949668d1e28193ac081c0;59520efab6a6987470410427e8412974751ff3dab0f6f20ebada4edf3281a51d;2026-09-23T00:53:28.118606+00:00;false
LOC-0190;LOC-0148;CAR;2026-08-17T07:00:00+03:00;OK;772;13;4557;LOCAL_VALHALLA_MATRIX;d05e616bb62c0e268f132df722aac50eabee2aa14b3fba19b0e6107513fc1b7e;560303de979299ad09c5f3b45454584ecd89f005a04f623ef266cdd7e17cba98;2026-09-23T00:53:28.118606+00:00;false
LOC-0190;LOC-0149;CAR;2026-08-17T07:00:00+03:00;OK;732;13;4298;LOCAL_VALHALLA_MATRIX;f3a6f40a229b2f37af7835d4bc1eb7398cb9eb9c6fad9a6acd6e8cb7d281d34c;3e9a4b9f1815fa364cc0d670fa41a0ddd1ac532687beec5f8fcce5274207583a;2026-09-23T00:53:28.118606+00:00;false
LOC-0190;LOC-0150;CAR;2026-08-17T07:00:00+03:00;OK;703;12;4117;LOCAL_VALHALLA_MATRIX;b18127c143b4d174c42c08e3645b0db7d93072a7e5da29619e1de19801890728;4dd9bea177a30f61d8404120303368d18152a959fc99cefc7908c4cd4b95c5d2;2026-09-23T00:53:28.118606+00:00;false
LOC-0190;LOC-0151;CAR;2026-08-17T07:00:00+03:00;OK;863;15;4962;LOCAL_VALHALLA_MATRIX;3ed6f2ffa9190fc5dece74253f9bf48106b356d3b81fc1c358d6ea375ba6c6fd;1cd04c4a249aa02af0eae1d2ebd723da5556d2a16db68aac41092ee3e908541f;2026-09-23T00:53:28.118606+00:00;false
LOC-0190;LOC-0190;CAR;2026-08-17T07:00:00+03:00;OK;0;0;0;LOCAL_VALHALLA_MATRIX;3d9cbf9cb7f863097f2c2bc743aeed2cf8f8322b03a5b7ca3e422c056f6d1f90;3d5812abc84c11768aa73a732c85d75dbed439188f5bb3239e9b762ea31d9862;2026-09-23T00:53:28.118606+00:00;false
LOC-0190;LOC-0196;CAR;2026-08-17T07:00:00+03:00;OK;981;17;5969;LOCAL_VALHALLA_MATRIX;3abdce90d57950258008cfe1adf9c323cd5f73fa089d7cdac09f84ab615d304e;a41ac871b9987d7b917ac16a01d3233ecea9e8a957fae96f08bbdfbaa1b95619;2026-09-23T00:53:28.118606+00:00;false
LOC-0196;LOC-0002;CAR;2026-08-17T07:00:00+03:00;OK;1672;28;11025;LOCAL_VALHALLA_MATRIX;5543d4fbee963cdeffd1f1331e1704ac2b3a883641077b2017dc01c51641e5b4;9ffcec9cd1f5b08494ae294dc4f7c8b1abe8965d6f0d6f2a25817cdfbced3788;2026-09-23T00:53:28.118606+00:00;false
LOC-0196;LOC-0008;CAR;2026-08-17T07:00:00+03:00;OK;1354;23;8368;LOCAL_VALHALLA_MATRIX;592f9746aaf392916ce91ba2e820947eeeeb6c557bf1514dc73a7d1c3042d0f0;57732dc0258484b2d4b25bd6beda8a79ac610c4941b4b0d7de2818203404cbe0;2026-09-23T00:53:28.118606+00:00;false
LOC-0196;LOC-0009;CAR;2026-08-17T07:00:00+03:00;OK;1657;28;10354;LOCAL_VALHALLA_MATRIX;2fb5c2a902d53e796469467c887b1c26a4e02ce2dd2ebe8490083904bef3431e;5e04e34e0273ea0d7986c588c274f72813cf1913f97aa78c94c03bb273563eba;2026-09-23T00:53:28.118606+00:00;false
LOC-0196;LOC-0010;CAR;2026-08-17T07:00:00+03:00;OK;1343;23;8424;LOCAL_VALHALLA_MATRIX;8faf338bf8b9af1d1585d69b4fb5ee0be8ec2cb21ed46e2cf407306bd34bae7a;9cf69fcfb670387d2d2163f855b65d03893a035c29ea12217a074c16a82c01df;2026-09-23T00:53:28.118606+00:00;false
LOC-0196;LOC-0011;CAR;2026-08-17T07:00:00+03:00;OK;1259;21;7727;LOCAL_VALHALLA_MATRIX;9633bb1882c4fbb213956e804b847b6d89968299d7e7451fc97f62b86683eb77;168b05c126a861e225884f72a6409b01e0969d23041c90b6f9831e4da831326f;2026-09-23T00:53:28.118606+00:00;false
LOC-0196;LOC-0013;CAR;2026-08-17T07:00:00+03:00;OK;1922;33;12261;LOCAL_VALHALLA_MATRIX;024ac1e929ab51b3baa0e11e0ce3059a3fead629bb23a788609d52c96607ca3e;3b74bb1f9ee3dd2f7cf656f31cb8b107112fb8e0c83b7577f9a604d35462d96a;2026-09-23T00:53:28.118606+00:00;false
LOC-0196;LOC-0016;CAR;2026-08-17T07:00:00+03:00;OK;1611;27;10292;LOCAL_VALHALLA_MATRIX;05d6aac21e09d0570bc8721aa1042a8b487d07520d6b6d8b342aaf619c946f2c;96def14cdac8f476733fe326ee94efc435b743d4ead11a4fc52fb7967b6e39d8;2026-09-23T00:53:28.118606+00:00;false
LOC-0196;LOC-0018;CAR;2026-08-17T07:00:00+03:00;OK;665;12;3643;LOCAL_VALHALLA_MATRIX;de6d86082f3f746778c749fb2e7cd9cd55d794568148abc7430fb2ae9fcfa25b;f71696431e88ee4c556fa90533a4cdfefd12ce801900dfcb9d12fce0b8b6ed70;2026-09-23T00:53:28.118606+00:00;false
LOC-0196;LOC-0019;CAR;2026-08-17T07:00:00+03:00;OK;1476;25;9355;LOCAL_VALHALLA_MATRIX;56f58f6aa108c6387857e8ec494b5f26be98ff65c02468f2eaef5b30f795aff6;abdb5cb7c2871bb0b9bbe38db6ffd8e0c3bdbaf1847b66218b73b4a3593d31a9;2026-09-23T00:53:28.118606+00:00;false
LOC-0196;LOC-0020;CAR;2026-08-17T07:00:00+03:00;OK;1173;20;7556;LOCAL_VALHALLA_MATRIX;817282b96302ec6bd71cc2c14bcfe33a2a426517857ca228c3cdad7e23f4f450;c79025bae86fe03162271756fd050b68ecaf8861df196c478066d3e35b64e177;2026-09-23T00:53:28.118606+00:00;false
LOC-0196;LOC-0027;CAR;2026-08-17T07:00:00+03:00;OK;1091;19;6688;LOCAL_VALHALLA_MATRIX;a3d7c7af127391fb23796c5fe2c68502f0864377173bd9379ed809dbbebfa109;ebe0ee3ec1bcb83b5789567fd6f91fe95c575ab42d7e5eb7bc5ffef5e3a2a0b4;2026-09-23T00:53:28.118606+00:00;false
LOC-0196;LOC-0028;CAR;2026-08-17T07:00:00+03:00;OK;1962;33;12774;LOCAL_VALHALLA_MATRIX;66ef329c98297363c7207e6e3df89f55bbad0d37e0ad92973f1d64eae48ebe94;606a7e26a8bf6f8d165e25f5ef79d1838c63e966cf9848339876a4550ff78655;2026-09-23T00:53:28.118606+00:00;false
LOC-0196;LOC-0029;CAR;2026-08-17T07:00:00+03:00;OK;1787;30;11778;LOCAL_VALHALLA_MATRIX;197e15ed4479ebaea8cdb350518d8b46e09ce2c72f11c9c73b32962a2c535d62;bd739dbde7d26adfd2207776ce1b4b97930480456abf7ba70eae5d8ffd5ba4ef;2026-09-23T00:53:28.118606+00:00;false
LOC-0196;LOC-0037;CAR;2026-08-17T07:00:00+03:00;OK;1484;25;9365;LOCAL_VALHALLA_MATRIX;03758a94103a6882cd866a338a5d02a555dd3ad2d152aafa168a559cfd34f0c2;be98f7718309be56e109fe9ccdc5daa49df16940a17641b10edd09cd81edeaaf;2026-09-23T00:53:28.118606+00:00;false
LOC-0196;LOC-0045;CAR;2026-08-17T07:00:00+03:00;OK;1007;17;6300;LOCAL_VALHALLA_MATRIX;3515fd863230c79a3010ea73f6b615291660ad74bb5cbe04d8db7ca4248406ae;0a3124d7761d39d1c39cfcbcdf67c4ee11843ad92d831cbc1eba8aad915c28f3;2026-09-23T00:53:28.118606+00:00;false
LOC-0196;LOC-0053;CAR;2026-08-17T07:00:00+03:00;OK;1379;23;9272;LOCAL_VALHALLA_MATRIX;d836489c6c0faaa2f5bff708e34302562af5c3aaa85a2c03a196fd52062c36cd;3f9d0f87cb0c206aaf18d8a6b7dbf80c8e1614cfd2437085bfb87302781d0e0a;2026-09-23T00:53:28.118606+00:00;false
LOC-0196;LOC-0054;CAR;2026-08-17T07:00:00+03:00;OK;1364;23;8410;LOCAL_VALHALLA_MATRIX;82fd4bf68100c8d4066be286919cffb4a136772d019124bd27d22266ace3d043;5dc94fcda3c9601e19365370b7d6d76227c2fa2d715542e5ed984f8808c9fc84;2026-09-23T00:53:28.118606+00:00;false
LOC-0196;LOC-0064;CAR;2026-08-17T07:00:00+03:00;OK;1420;24;9313;LOCAL_VALHALLA_MATRIX;97504c44c52b8887460292f53d0ca5d2244c8b1eec5ed8abfcb693ecb977a588;e4355bc00fc0085e53622b73ab050ec191e12faacbe4743e2ca1baf3790bda63;2026-09-23T00:53:28.118606+00:00;false
LOC-0196;LOC-0075;CAR;2026-08-17T07:00:00+03:00;OK;797;14;4330;LOCAL_VALHALLA_MATRIX;fe2d6de88dbb5f725cce0fda63172ca23e303e73b765a1a738e95f1e50eb08e2;56041cf186cd613cc771bfc6a3ba9652a9a54217a8a1fbaf6286877264bdf59f;2026-09-23T00:53:28.118606+00:00;false
LOC-0196;LOC-0076;CAR;2026-08-17T07:00:00+03:00;OK;1552;26;10283;LOCAL_VALHALLA_MATRIX;c88f2fab0c7ff2eb1d3cba1a3c968a1cef195f7f81ef03f57892b2674cb2a018;6e6587aff73579b2c072de9f95de7fa15b9440b23fff07efbdbedba2b8977fbd;2026-09-23T00:53:28.118606+00:00;false
LOC-0196;LOC-0080;CAR;2026-08-17T07:00:00+03:00;OK;677;12;3746;LOCAL_VALHALLA_MATRIX;782ec91187d69391c6c2208b5b52283ef8929f7aa49a95fdf850b1dddaec3b7b;91758d7fdfd6d084ad21031001fb0e772cc77267a81a52f1c8cda408b3ac98d4;2026-09-23T00:53:28.118606+00:00;false
LOC-0196;LOC-0082;CAR;2026-08-17T07:00:00+03:00;OK;1461;25;9826;LOCAL_VALHALLA_MATRIX;2bdbfaff1f964e1e2b4084032b9aede10df68361bb47f53c85a4e6eecd337ef0;4a0dca3d4360bcbf5c2ae498f33838e06a44f045cda6afbf87677633ab614c98;2026-09-23T00:53:28.118606+00:00;false
LOC-0196;LOC-0085;CAR;2026-08-17T07:00:00+03:00;OK;1791;30;11924;LOCAL_VALHALLA_MATRIX;34a001a7580b7f46686769c92a4c6c48a333f46211339844e9ff78f73a0a8263;52ff09ac3a7c29854fa4fb473ca470e60f394d2554cf40b26787b3e7a4dff525;2026-09-23T00:53:28.118606+00:00;false
LOC-0196;LOC-0086;CAR;2026-08-17T07:00:00+03:00;OK;1793;30;11925;LOCAL_VALHALLA_MATRIX;7bae57b933eb271dc34e5119055e1c598d5a59ec43e12c104fe8ed52c43b3473;ce068e56af72702e113d4a27a5e5115fce0e12c3c8db04654e012c14ef64be7e;2026-09-23T00:53:28.118606+00:00;false
LOC-0196;LOC-0091;CAR;2026-08-17T07:00:00+03:00;OK;1078;18;6857;LOCAL_VALHALLA_MATRIX;0c68fd36bba238ab5dab9368c4265de6f122a92985e27a3b2fa6f69cc6045587;971435fe024ad69d58fc57f9d6c50b1b70438ea107237d6458752bf7058a3d91;2026-09-23T00:53:28.118606+00:00;false
LOC-0196;LOC-0092;CAR;2026-08-17T07:00:00+03:00;OK;1071;18;6637;LOCAL_VALHALLA_MATRIX;f436dfdf746b214a3a5c2a444bba14ed0da4851c3687a62cf381bb49f3a586aa;8ad7a78ceb86d60bd00d42a6ce5c42f78a85b6a6d3ad525f96d89c56cff79bee;2026-09-23T00:53:28.118606+00:00;false
LOC-0196;LOC-0094;CAR;2026-08-17T07:00:00+03:00;OK;1921;33;12605;LOCAL_VALHALLA_MATRIX;4026ba4f447a8fde03b9805e4650a1a09ea7b50640e6b5e36f753696fbfae1f9;fd18eaf42a08e7f3214b6200705d2cda56672b6c0816b01929e83ab398dd7024;2026-09-23T00:53:28.118606+00:00;false
LOC-0196;LOC-0095;CAR;2026-08-17T07:00:00+03:00;OK;2031;34;13320;LOCAL_VALHALLA_MATRIX;cdd028fb17f36b3746a73da90caef352c6876f79496d5a9cb1b0628c3d966cee;fcdaa30eda6a44880799eb375e58854388b487866172a3eba6b7f1ec475848c2;2026-09-23T00:53:28.118606+00:00;false
LOC-0196;LOC-0112;CAR;2026-08-17T07:00:00+03:00;OK;715;12;4075;LOCAL_VALHALLA_MATRIX;02a81bd4f47d0ac10466afe979281170da87ed96c02fa565bd7d3a5f5b425e6f;9e1ae91e440f492e5a865bb69211c9d8c92971c2d7a20577517b58c5054beef1;2026-09-23T00:53:28.118606+00:00;false
LOC-0196;LOC-0124;CAR;2026-08-17T07:00:00+03:00;OK;1524;26;9485;LOCAL_VALHALLA_MATRIX;a5ad529129417ba9e935f09c27b4159e0326c5cd18f1fef3dc95e2205a4283fd;f7dd639c45f8e8a4de9cab399a414ecb56111ae6d9298eeb4db4503dd8f3d90e;2026-09-23T00:53:28.118606+00:00;false
LOC-0196;LOC-0126;CAR;2026-08-17T07:00:00+03:00;OK;932;16;5370;LOCAL_VALHALLA_MATRIX;c2fe174470d587551d74ac47059decde9b572b7e8268105e27a14a585917f5a6;8439b19b43efe6d69652e89361c4688592952c58181a587680e2b0f13d527cb9;2026-09-23T00:53:28.118606+00:00;false
LOC-0196;LOC-0128;CAR;2026-08-17T07:00:00+03:00;OK;1558;26;9704;LOCAL_VALHALLA_MATRIX;e8afaf816fb1db3ddb48dc8824b924b97218033e4dd09a56c7c591606e04891e;85fd89f0a1ac0426b607f6dc01b13655be44bb3f0a0dfc4208cf80841b1e0de0;2026-09-23T00:53:28.118606+00:00;false
LOC-0196;LOC-0134;CAR;2026-08-17T07:00:00+03:00;OK;1694;29;11167;LOCAL_VALHALLA_MATRIX;a9090ef9b3cc06792deddfdc4a7749a2067fa147c93b244884e67668c96ebf67;73fb4f9bbe759cc9dee0081d408244ae0c31319953450e51cfb7438ad032b758;2026-09-23T00:53:28.118606+00:00;false
LOC-0196;LOC-0135;CAR;2026-08-17T07:00:00+03:00;OK;1793;30;11852;LOCAL_VALHALLA_MATRIX;d7fb9e478608a2acf63b01efd611753ee2727efed75bb1d7a124924f6b28e8a6;0ad5d8451f2efdbea145dc37737fa20a8b5a4985fc087e721cc6a15d7513dcc5;2026-09-23T00:53:28.118606+00:00;false
LOC-0196;LOC-0136;CAR;2026-08-17T07:00:00+03:00;OK;1742;30;11749;LOCAL_VALHALLA_MATRIX;4abaae07e28c7b95e7195e48c10301e0be7a5cbc5e94763d0a3642c308da7db7;bd402e45621cfc3c55b18671e5473dab4dfb3c358015a948a883965ffc1a6374;2026-09-23T00:53:28.118606+00:00;false
LOC-0196;LOC-0141;CAR;2026-08-17T07:00:00+03:00;OK;1085;19;6395;LOCAL_VALHALLA_MATRIX;b20e2c0ff446c51758c7c7f8b6197dedea00f905fbb540e3e35bd218009a5d58;0b6c642057d066fe343fd3814febfe973208b579407e0a52f675fd6105ccdb0d;2026-09-23T00:53:28.118606+00:00;false
LOC-0196;LOC-0142;CAR;2026-08-17T07:00:00+03:00;OK;1097;19;6196;LOCAL_VALHALLA_MATRIX;8f415a45cd0a0846e255197645f56da5bba08377764f95fb3d8509447c9c1353;a7080b249132b3135d1deaa5e6a35e1a851f2c4f071b48fff2798d5391978eb3;2026-09-23T00:53:28.118606+00:00;false
LOC-0196;LOC-0145;CAR;2026-08-17T07:00:00+03:00;OK;965;17;6127;LOCAL_VALHALLA_MATRIX;3490ca29b6d351d75e6c9c46e4ce9e6b2f80a21430c50410604d481704e382b5;40f4a9bd96ff1d2186a1fb85f8d3f9a47675663f5bc0912725075b1135a6c71d;2026-09-23T00:53:28.118606+00:00;false
LOC-0196;LOC-0148;CAR;2026-08-17T07:00:00+03:00;OK;773;13;4221;LOCAL_VALHALLA_MATRIX;0bd4ed3678b22ad9fb57352101de7da8f890e41b4b196ced943474d5eae952ec;4cf54f176bc922046ad7cc1242ad02f85a02381bd712382d0c437b7014a7eb44;2026-09-23T00:53:28.118606+00:00;false
LOC-0196;LOC-0149;CAR;2026-08-17T07:00:00+03:00;OK;799;14;4325;LOCAL_VALHALLA_MATRIX;be410be6706a0084808a7f0157f588806790dc9c802bca7e8da23ec6e8f5f4ab;eb8064245f47ea458919ca0a8f0d30372d351daa6668fc5ec8cff1ee87b02b64;2026-09-23T00:53:28.118606+00:00;false
LOC-0196;LOC-0150;CAR;2026-08-17T07:00:00+03:00;OK;877;15;5117;LOCAL_VALHALLA_MATRIX;dc234176485437f10f8ac837dff17eeffeabf5acc82df569c79c34d35d4b53d4;772fe7ae705e8bc2126e0f50bc8861725bbff1cb386e1324b6f2381581ca3f4e;2026-09-23T00:53:28.118606+00:00;false
LOC-0196;LOC-0151;CAR;2026-08-17T07:00:00+03:00;OK;714;12;3849;LOCAL_VALHALLA_MATRIX;35e5479329325d9cc34c9e8a1ba8d458e5fb12d5c93f2a2e3bcd300c55d8b60d;c2072b7c9c62ea3ab3c64e1c7a9f3bb4fa46a7cac38c65d582b2c739a64988bd;2026-09-23T00:53:28.118606+00:00;false
LOC-0196;LOC-0190;CAR;2026-08-17T07:00:00+03:00;OK;1225;21;7360;LOCAL_VALHALLA_MATRIX;7c30ccb0816304930f8a9554bc80af734fe06be24bccb1050347f0249b103d13;bbaabf9fca4a524a0c390b29375cc8f88dd3ea650c6bc8133e941d5e54ea59a7;2026-09-23T00:53:28.118606+00:00;false
LOC-0196;LOC-0196;CAR;2026-08-17T07:00:00+03:00;OK;0;0;0;LOCAL_VALHALLA_MATRIX;40ab155a725193b1f7cefefdd7b02972b47b0cc98f41517b6edc381d1c900068;3d5812abc84c11768aa73a732c85d75dbed439188f5bb3239e9b762ea31d9862;2026-09-23T00:53:28.118606+00:00;false
